tl,hanzi
kiú,九
káu,九
pat,八
peh,八
pueh,八
li̍k,力
la̍t,力
si̍p,十
tsa̍p,十
sam,三
sann,三
siōng,上
siāng,上
tsiūnn,上
tsiōnn,上
hā,下
ē,下
tshian,千
tshing,千
û,于
î,于
u,于
i,于
tāi,大
tuā,大
lú,女
lí,女
tsú,子
tsí,子
sió,小
siáu,小
san,山
suann,山
kong,工
kang,工
kí,己
tiong,中
tiòng,中
tìng,中
ngóo,五
gōo,五
luē,內
lāi,內
kong,公
kang,公
lio̍k,六
la̍k,六
hun,分
pun,分
sing,升
tsin,升
ngóo,午
gōo,午
huán,反
píng,反
páinn,反
puínn,反
thian,天
thinn,天
hong,方
hng,方
gua̍t,月
gue̍h,月
ge̍h,月
bo̍k,木
ba̍k,木
môo,毛
mn̂g,毛
tsuí,水
suí,水
gâ,牙
gê,牙
sè,世
sì,世
tāi,代
tē,代
kong,功
kang,功
ka,加
ke,加
puàn,半
puànn,半
khó,可
khónn,可
khuá,可
sù,四
sì,四
iong,央
iang,央
ng,央
pîng,平
pênn,平
pînn,平
bī,未
buē,未
bē,未
pún,本
pńg,本
tsìng,正
tsiànn,正
bió,母
bóo,母
bú,母
bó,母
gio̍k,玉
gi̍k,玉
sing,生
tshenn,生
tshinn,生
senn,生
sinn,生
iōng,用
īng,用
pi̍k,白
pe̍h,白
phî,皮
phuê,皮
phê,皮
bo̍k,目
ba̍k,目
tsio̍h,石
si̍k,石
sian,先
sing,先
kong,光
kng,光
kuinn,光
tsuân,全
tsn̂g,全
tsuînn,全
kiōng,共
kāng,共
ha̍p,合
ha̍h,合
tông,同
tâng,同
bîng,名
miâ,名
hiòng,向
hiàng,向
ǹg,向
tē,地
tuē,地
hó,好
hónn,好
hònn,好
siú,守
tsiú,守
an,安
uann,安
huân,帆
phâng,帆
nî,年
liân,年
sîng,成
tsiânn,成
siânn,成
iú,有
ū,有
sú,死
sí,死
nóo,老
ló,老
lóo,老
láu,老
lāu,老
ní,耳
hīnn,耳
hī,耳
jio̍k,肉
lio̍k,肉
gio̍k,肉
hi̍k,肉
ngāi,艾
gāi,艾
hiānn,艾
hiat,血
hueh,血
huih,血
i,衣
ui,衣
se,西
sai,西
tshuàn,串
tshǹg,串
tshuìnn,串
sin,伸
tshun,伸
hô,何
hôo,何
uâ,何
hu̍t,佛
pu̍t,佛
tsok,作
tsoh,作
tuē,兌
tuī,兌
pia̍t,別
pa̍t,別
piat,別
lī,利
lāi,利
hàu,孝
hà,孝
sū,序
sī,序
tī,弟
tē,弟
jím,忍
lím,忍
gím,忍
lún,忍
ngóo,我
guá,我
liú,扭
ngiú,扭
niú,扭
láu,扭
hû,扶
phôo,扶
tsiat,折
tsi̍h,折
hān,旱
huānn,旱
uānn,旱
tîm,沉
tiâm,沉
su,私
sai,私
si,私
kan,肝
kuann,肝
kiàn,見
kìnn,見
pīng,並
phīng,並
sū,事
tāi,事
kap,佮
kah,佮
sú,使
sù,使
sái,使
sài,使
lióng,兩
liáng,兩
niú,兩
nn̄g,兩
nōo,兩
tshoo,初
tshe,初
tshue,初
kuàn,券
kǹg,券
kuìnn,券
kuàn,卷
kuán,卷
kǹg,卷
kńg,卷
kuìnn,卷
kuínn,卷
hoo,呼
khoo,呼
bīng,命
miā,命
hô,和
hôo,和
hō,和
hōo,和
huê,和
hê,和
kî,奇
ki,奇
khia,奇
kha,奇
sìng,姓
sènn,姓
sìnn,姓
kuan,官
kuann,官
tīng,定
tiānn,定
kenn,庚
kinn,庚
king,庚
óng,往
íng,往
sìng,性
sènn,性
sìnn,性
kuài,怪
kuè,怪
pông,房
pâng,房
sîng,承
sîn,承
phau,拋
pha,拋
phik,拍
phah,拍
tsio,招
tsiau,招
hòng,放
pàng,放
tong,東
tang,東
lîm,林
nâ,林
kó,果
kóo,果
kué,果
ké,果
phàu,泡
phò,泡
tsù,注
tù,注
bu̍t,物
mi̍h,物
mn̍gh,物
ti,知
tsai,知
hua,花
hue,花
piáu,表
pió,表
tiông,長
tióng,長
tiâng,長
tiáng,長
tn̂g,長
tiúnn,長
tiónn,長
bûn,門
mn̂g,門
muî,門
ú,雨
í,雨
hōo,雨
tshing,青
tshenn,青
tshinn,青
piān,便
piân,便
pân,便
tsiân,前
tsîng,前
tsâinn,前
suî,垂
suê,垂
siânn,城
sîng,城
hong,封
pang,封
thāi,待
tāi,待
su,思
sù,思
si,思
hūn,恨
hīn,恨
tsí,指
kí,指
sing,星
tshenn,星
tshinn,星
kuái,枴
kuáinn,枴
jiám,染
liám,染
giám,染
ní,染
to̍k,毒
thāu,毒
tsuânn,泉
tsuân,泉
liû,流
lâu,流
siong,相
siang,相
siòng,相
siàng,相
siunn,相
sionn,相
siùnn,相
siònn,相
bî,眉
bâi,眉
khàn,看
khuànn,看
khan,看
hông,紅
âng,紅
thai,胎
the,胎
kè,計
kì,計
lông,郎
nn̂g,郎
tiông,重
tiōng,重
tîng,重
tāng,重
hān,限
ān,限
biān,面
bīn,面
hui,飛
pue,飛
pe,飛
si̍t,食
tsia̍h,食
ti̍t,值
ta̍t,值
tòng,凍
tàng,凍
uân,員
guân,員
înn,員
hā,夏
hē,夏
kiong,宮
king,宮
ka,家
ke,家
tsha,差
tshe,差
su,師
sai,師
un,恩
in,恩
su,書
si,書
tsu,書
thô,桃
tô,桃
khong,框
khing,框
àn,案
uànn,案
khì,氣
khuì,氣
liû,留
lâu,留
phò,破
phòo,破
phuà,破
khuat,缺
khueh,缺
kheh,缺
khih,缺
bông,茫
bâng,茫
tshó,草
tshóo,草
tsháu,草
tsūn,陣
tīn,陣
tû,除
tî,除
má,馬
bé,馬
khiân,乾
kan,乾
kuann,乾
ká,假
kà,假
ké,假
kè,假
phian,偏
phinn,偏
tōng,動
tāng,動
tshiòng,唱
tshiàng,唱
tshiùnn,唱
tshiònn,唱
tshiò,唱
tông,堂
tn̂g,堂
hū,婦
pū,婦
tài,帶
tuà,帶
tit,得
tik,得
tsiông,從
tshiong,從
tsîng,從
tsn̂g,從
tsîng,情
tsiânn,情
tsia̍t,捷
tsia̍p,捷
kuà,掛
khuà,掛
tsiap,接
tsih,接
thui,推
tshui,推
the,推
kàu,教
kà,教
bōng,望
bāng,望
liông,涼
liâng,涼
niû,涼
niôo,涼
tshián,淺
khín,淺
thiam,添
thinn,添
tshing,清
tshinn,清
sóng,爽
sńg,爽
bíng,猛
mé,猛
soo,疏
sòo,疏
se,疏
sue,疏
a̍p,盒
a̍h,盒
gán,眼
gíng,眼
tsiong,章
tsiang,章
tsiunn,章
tsionn,章
tsat,紮
tsah,紮
thuat,脫
thuah,脫
pī,被
phuē,被
phē,被
huàn,販
phuànn,販
thong,通
thang,通
liân,連
nî,連
im,陰
iam,陰
suat,雪
seh,雪
hôo,壺
ôo,壺
lóo,惱
ló,惱
náu,惱
tsióng,掌
tsiáng,掌
tsiúnn,掌
tsiónn,掌
tshap,插
tshah,插
kám,敢
kánn,敢
sán,散
sàn,散
suánn,散
suànn,散
tòng,棟
tàng,棟
khuán,款
khuánn,款
huat,發
puh,發
tshong,窗
thang,窗
tông,童
tâng,童
tíng,等
tán,等
kiat,結
kat,結
tsua̍t,絕
tse̍h,絕
tiòng,脹
tiàng,脹
tiùnn,脹
tiònn,脹
sīn,腎
siān,腎
kiok,菊
kak,菊
mái,買
bé,買
bué,買
thiap,貼
tah,貼
liông,量
liōng,量
liâng,量
liāng,量
niû,量
niôo,量
niū,量
niōo,量
khai,開
khui,開
kan,間
king,間
kainn,間
kàn,間
iông,陽
iâng,陽
iûnn,陽
iônn,陽
hiông,雄
hîng,雄
luān,亂
lān,亂
thuân,傳
tuān,傳
thn̂g,傳
thuînn,傳
siong,傷
siang,傷
siunn,傷
sionn,傷
sè,勢
sì,勢
sióng,想
siáng,想
siūnn,想
siōnn,想
sún,損
sńg,損
suínn,損
suè,歲
huè,歲
hè,歲
tsian,煎
tsuann,煎
tsiàu,照
tsiò,照
tsiat,節
tsat,節
tseh,節
tsueh,節
king,經
kenn,經
kinn,經
tàu,罩
tà,罩
tsuē,罪
tsē,罪
lo̍k,落
lo̍h,落
tsong,裝
tsng,裝
kái,解
ké,解
kué,解
ūn,運
piàn,遍
phiàn,遍
kò,過
kòo,過
kuè,過
kè,過
siōng,像
tshiāng,像
tshiūnn,像
tshiōnn,像
bōng,夢
bāng,夢
si̍t,實
tsa̍t,實
ko,歌
koo,歌
kua,歌
buán,滿
muá,滿
tiòng,漲
tiàng,漲
tiùnn,漲
tiònn,漲
hō,禍
hōo,禍
ē,禍
tsióng,種
tsiòng,種
tsíng,種
tsìng,種
suàn,算
sǹg,算
suìnn,算
kuán,管
kńg,管
kuínn,管
tsing,精
tsiann,精
tsinn,精
bóng,網
bāng,網
kài,蓋
kuà,蓋
gú,語
gí,語
suat,說
suè,說
sueh,說
seh,說
uán,遠
hn̄g,遠
huīnn,遠
líng,領
niá,領
kóng,廣
kńg,廣
kuínn,廣
sòo,數
siàu,數
piau,標
phiau,標
pio,標
jia̍t,熱
lia̍t,熱
gia̍t,熱
jua̍h,熱
lua̍h,熱
kiông,窮
kîng,窮
khîng,窮
pian,編
pinn,編
mā,罵
mē,罵
khò,課
khòo,課
khuè,課
khè,課
khì,課
tshíng,請
tshiánn,請
sióng,賞
siáng,賞
siúnn,賞
siónn,賞
māi,賣
bē,賣
buē,賣
ióng,養
iáng,養
iúnn,養
iónn,養
hu,麩
phoo,麩
ha̍k,學
o̍h,學
tsho,操
tshò,操
tshoo,操
tshòo,操
tshau,操
tam,擔
tann,擔
tànn,擔
môo,磨
buâ,磨
bō,磨
tshin,親
tshenn,親
tshinn,親
tsīng,靜
tsēnn,靜
tsīnn,靜
liông,龍
lîng,龍
îng,營
iânn,營
tsiok,燭
tsik,燭
tsóng,總
tsáng,總
sing,聲
siann,聲
tám,膽
tánn,膽
káng,講
kóng,講
siā,謝
tsiā,謝
huân,還
hîng,還
hâinn,還
song,霜
sng,霜
thut,黜
thuh,黜
tsai,齋
tse,齋
tuàn,斷
tuān,斷
tn̄g,斷
tuīnn,斷
thiông,蟲
thâng,蟲
tsuán,轉
tńg,轉
tuínn,轉
pian,鞭
pinn,鞭
song,鬆
sang,鬆
lán,懶
nuā,懶
liâm,簾
lî,簾
nî,簾
kián,繭
kíng,繭
sû,辭
sî,辭
pian,邊
pinn,邊
kuan,關
kuainn,關
kuinn,關
khǹg,勸
khuìnn,勸
khuàn,勸
thia̍p,疊
tha̍h,疊
lông,籠
lóng,籠
lâng,籠
láng,籠
thing,聽
thiann,聽
thìng,聽
tho̍k,讀
tha̍k,讀
piàn,變
pìnn,變
hián,顯
hiánn,顯
thé,體
thué,體
tiōng,丈
tiāng,丈
tn̄g,丈
tiūnn,丈
tiōnn,丈
kiú,久
kú,久
khió,口
khóo,口
kháu,口
si̍k,夕
sia̍h,夕
sū,巳
tsī,巳
kiong,弓
king,弓
tsíng,井
tsénn,井
tsínn,井
kim,今
kin,今
khóng,孔
kháng,孔
siàu,少
siáu,少
tsió,少
tshik,尺
tshioh,尺
siú,手
tshiú,手
tsi,支
ki,支
tóo,斗
tió,斗
táu,斗
hué,火
hé,火
hónn,火
phiàn,片
phìnn,片
giû,牛
gû,牛
khiu,丘
khu,丘
piánn,丙
píng,丙
hua̍t,乏
ha̍t,乏
hing,兄
hiann,兄
tong,冬
tang,冬
pak,北
pok,北
khiò,叩
khòo,叩
khàu,叩
sú,史
sái,史
su,司
sai,司
si,司
guā,外
guē,外
khá,巧
khiáu,巧
kháu,巧
tàn,旦
tuànn,旦
bua̍t,末
bua̍h,末
kua,瓜
kue,瓜
uá,瓦
hiā,瓦
huā,瓦
kah,甲
kap,甲
hua̍t,伐
hua̍h,伐
kok,各
koh,各
hiō,后
hōo,后
āu,后
thi̍k,宅
the̍h,宅
sik,式
sit,式
bông,忙
bâng,忙
kong,扛
kng,扛
khiok,曲
khik,曲
hān,汗
kuānn,汗
pik,百
pah,百
peh,百
tik,竹
tiok,竹
iông,羊
iâng,羊
iûnn,羊
iônn,羊
sia̍t,舌
tsi̍h,舌
hîng,行
hâng,行
hīng,行
kiânn,行
pik,伯
phik,伯
peh,伯
phuān,伴
phuānn,伴
luán,卵
nn̄g,卵
nuī,卵
huī,吠
puī,吠
hun,吩
huan,吩
hâm,含
kâm,含
tsháu,吵
tshá,吵
tshui,吹
tshue,吹
tshe,吹
lū,呂
lī,呂
hong,坊
hng,坊
tsō,坐
tsōo,坐
tsē,坐
khing,坑
khenn,坑
khinn,坑
tshông,床
tshn̂g,床
lōng,弄
lāng,弄
i̍k,役
ia̍h,役
phi,批
phue,批
phe,批
pá,把
pé,把
king,更
kenn,更
kinn,更
kìng,更
kan,杆
kuainn,杆
kuann,杆
kuinn,杆
tiōng,杖
tiāng,杖
thn̄g,杖
sa,沙
se,沙
sua,沙
tsò,灶
tsòo,灶
tsàu,灶
lô,牢
lôo,牢
tiâu,牢
thut,禿
thuh,禿
ū,芋
ōo,芋
bông,芒
bâng,芒
tshik,赤
tshiah,赤
tsóo,走
tsió,走
tsáu,走
ki,車
ku,車
tshia,車
king,京
kiann,京
sū,侍
sī,侍
sāi,侍
kiong,供
kiòng,供
king,供
kìng,供
kū,具
khū,具
tò,到
tòo,到
tàu,到
tok,卓
toh,卓
siok,叔
tsik,叔
sin,呻
tshan,呻
thán,坦
thánn,坦
pîng,坪
phîng,坪
pênn,坪
pînn,坪
phiânn,坪
nāi,奈
tā,奈
siōng,尚
siāng,尚
siūnn,尚
siōnn,尚
ku,居
ki,居
giâm,岩
gâm,岩
huānn,岸
gān,岸
pi̍k,帛
pe̍h,帛
phāu,抱
phō,抱
tí,抵
té,抵
ap,押
ah,押
kū,拒
kī,拒
pua̍t,拔
pua̍h,拔
pue̍h,拔
pui̍h,拔
hú,斧
póo,斧
bîng,明
miâ,明
hun,昏
hng,昏
huinn,昏
ī,易
īnn,易
i̍k,易
ia̍h,易
siông,松
tshîng,松
tsîng,松
ki,枝
tsi,枝
tsing,爭
tsenn,爭
tsinn,爭
tsōng,狀
tsn̄g,狀
kóo,狗
kió,狗
káu,狗
guán,玩
uán,玩
sū,祀
tshāi,祀
sāi,祀
khong,空
khòng,空
khang,空
khàng,空
huî,肥
puî,肥
kian,肩
king,肩
hû,芙
phû,芙
san,芟
sing,芟
kài,芥
kè,芥
kuà,芥
hong,芳
phang,芳
gâ,芽
gê,芽
gîng,迎
ngiâ,迎
giâ,迎
a,阿
o,阿
oo,阿
hôo,侯
hiô,侯
hâu,侯
tshiok,促
tshik,促
ngôo,俄
gô,俄
siat,削
siah,削
hōo,厚
hiō,厚
kāu,厚
ngáu,咬
kā,咬
iâu,姚
iô,姚
kiong,姜
khiong,姜
kiang,姜
khiang,姜
khiunn,姜
kiunn,姜
khionn,姜
kionn,姜
ti̍t,姪
khik,客
kheh,客
sú,屎
sí,屎
sái,屎
pîn,屏
pîng,屏
hiō,後
hōo,後
āu,後
hāu,後
hóng,恍
huánn,恍
pínn,扁
pián,扁
tshî,持
tî,持
thiau,挑
thiáu,挑
thio,挑
iòng,映
iàng,映
ìng,映
kà,架
kè,架
ka,枷
kê,枷
pìng,柄
pènn,柄
pìnn,柄
pik,柏
peh,柏
thiāu,柱
tsū,柱
tuān,段
tuānn,段
iûnn,洋
iônn,洋
iông,洋
iâng,洋
tin,津
tsin,津
hông,洪
âng,洪
hua̍t,活
ua̍h,活
sing,牲
senn,牲
sinn,牲
tin,珍
tsin,珍
kài,界
kè,界
kuè,界
i̍k,疫
ia̍h,疫
khim,矜
king,矜
sa,砂
se,砂
sua,砂
gián,研
gíng,研
ngái,研
nguí,研
biáu,秒
bió,秒
tshuan,穿
tshng,穿
tshuinn,穿
kong,缸
kng,缸
hôo,胡
ôo,胡
thai,苔
thî,苔
tî,苔
jio̍k,若
lio̍k,若
gio̍k,若
thú,苧
thí,苧
tē,苧
tuē,苧
mâu,茅
hm̂,茅
gio̍k,虐
gia̍k,虐
gi̍k,虐
hiong,香
hiang,香
hiunn,香
hionn,香
tshong,倉
tshng,倉
í,倚
uá,倚
tsià,借
tsioh,借
tshìng,凊
tshìn,凊
thik,剔
thak,剔
pok,剝
pak,剝
siàu,哨
sàu,哨
tông,唐
tn̂g,唐
liông,娘
liâng,娘
niû,娘
niôo,娘
tîng,庭
tiânn,庭
sik,息
sit,息
hué,悔
huí,悔
siàn,扇
sìnn,扇
kuân,拳
kûn,拳
ai,挨
e,挨
ue,挨
tsín,振
tsin,振
tsìn,振
tín,振
thíng,挺
thánn,挺
lú,旅
lí,旅
àn,晏
uànn,晏
lóng,朗
láng,朗
li̍k,栗
la̍t,栗
tsu,株
tu,株
hi̍k,核
hu̍t,核
kik,格
keh,格
tông,桐
tâng,桐
thâng,桐
song,桑
sng,桑
un,殷
in,殷
hû,浮
phû,浮
io̍k,浴
i̍k,浴
tôo,涂
thôo,涂
hong,烘
hang,烘
hia̍p,狹
e̍h,狹
ue̍h,狹
thiok,畜
thik,畜
pīng,病
pēnn,病
pīnn,病
ik,益
iah,益
biân,眠
bîn,眠
ng,秧
iang,秧
iong,秧
tshiàu,笑
siàu,笑
tshiò,笑
sa,紗
se,紗
hóng,紡
pháng,紡
sik,索
soh,索
ong,翁
ang,翁
hiong,胸
hing,胸
tshuì,脆
tshè,脆
bi̍k,脈
me̍h,脈
tsik,脊
tsiah,脊
tsit,脊
pan,般
puann,般
hong,荒
hng,荒
huinn,荒
ló,荖
lóo,荖
láu,荖
hian,軒
ian,軒
sàng,送
sòng,送
tsik,隻
tsiah,隻
tòo,鬥
tiò,鬥
tàu,鬥
kiān,健
kiānn,健
būn,問
mn̄g,問
muī,問
á,啞
é,啞
hi̍k,域
ki,基
siù,宿
siok,宿
kì,寄
kià,寄
bi̍t,密
ba̍t,密
kong,崗
kang,崗
phing,崩
ping,崩
pang,崩
tiòng,帳
tiàng,帳
tiùnn,帳
tiònn,帳
khong,康
khng,康
tiong,張
tiang,張
tiunn,張
tionn,張
sik,惜
sioh,惜
sò,掃
sòo,掃
sàu,掃
lio̍k,掠
lia̍h,掠
siâ,斜
tshiâ,斜
tsám,斬
tsánn,斬
buán,晚
mńg,晚
muí,晚
tiù,晝
tàu,晝
muî,梅
muê,梅
m̂,梅
buê,梅
muâi,梅
kíng,梗
kénn,梗
kínn,梗
lê,梨
lâi,梨
the,梯
thui,梯
hâm,涵
âm,涵
lîm,淋
lâm,淋
tām,淡
tānn,淡
khian,牽
khan,牽
sut,率
lu̍t,率
tsiòng,眾
tsìng,眾
phiàu,票
phiò,票
ti̍k,笛
ta̍t,笛
li̍p,笠
le̍h,笠
lue̍h,笠
phok,粕
phoh,粕
puàn,絆
puànn,絆
puat,缽
puah,缽
tāi,舵
tō,舵
tuā,舵
tsong,莊
tsng,莊
tsù,蛀
tsiù,蛀
siâ,蛇
tsuâ,蛇
tāi,袋
tē,袋
hí,許
hú,許
khóo,許
hònn,貨
huè,貨
hè,貨
kuàn,貫
kǹg,貫
kuìnn,貫
luán,軟
nńg,軟
nuí,軟
thòo,透
thiò,透
thàu,透
tio̍k,逐
ta̍k,逐
kok,郭
kueh,郭
keh,郭
too,都
to,都
tiàu,釣
tiò,釣
tshai,釵
the,釵
thue,釵
tîn,陳
tân,陳
lio̍k,陸
la̍k,陸
tshiok,雀
tshik,雀
gû,魚
gî,魚
hî,魚
hû,魚
niáu,鳥
tsiáu,鳥
mâ,麻
bâ,麻
muâ,麻
hù,傅
pòo,傅
pōng,傍
pn̄g,傍
sàn,傘
suànn,傘
sīng,剩
sīn,剩
kat,割
kuah,割
hat,喝
huah,喝
song,喪
sòng,喪
sng,喪
tan,單
tuann,單
tiông,場
tshiâng,場
tiûnn,場
tiônn,場
sè,婿
sài,婿
muî,媒
muê,媒
hm̂,媒
m̂,媒
muâi,媒
hù,富
pù,富
hân,寒
kuânn,寒
sîm,尋
siâm,尋
hok,幅
pak,幅
kí,幾
kuí,幾
phîng,彭
phênn,彭
phînn,彭
tō,惰
tōo,惰
tuānn,惰
kán,揀
kíng,揀
biâu,描
biô,描
ok,握
ak,握
tsîng,晴
tsênn,晴
tsînn,晴
tsing,晶
tsinn,晶
tsing,曾
tsîng,曾
tsan,曾
mî,棉
biân,棉
pîng,棚
pênn,棚
pînn,棚
phiânn,棚
kuan,棺
kuann,棺
tsiau,椒
tsio,椒
tsân,殘
tsuânn,殘
tshân,殘
khok,殼
khak,殼
khat,渴
khuah,渴
ióng,湧
íng,湧
thong,湯
thng,湯
se,犀
sai,犀
pâ,琶
pê,琶
tōo,痘
tiō,痘
tāu,痘
thòng,痛
thàng,痛
gīng,硬
ngē,硬
ngī,硬
thîng,程
tîng,程
thiânn,程
khong,筐
khing,筐
tap,答
tah,答
siok,粟
tshik,粟
tsong,粧
tsng,粧
káu,絞
ká,絞
khiong,腔
khiang,腔
khiunn,腔
khionn,腔
uán,腕
uánn,腕
su,舒
si,舒
po,菠
poo,菠
pue,菠
pe,菠
tio̍k,著
tù,著
tio̍h,著
to̍h,著
hu,虛
hi,虛
lia̍t,裂
li̍h,裂
siōng,象
siāng,象
tshiūnn,象
tshiōnn,象
thú,貯
thí,貯
té,貯
tué,貯
tshiau,超
thiau,超
hiong,鄉
hiang,鄉
hiunn,鄉
hionn,鄉
hân,閒
îng,閒
âinn,閒
ngá,雅
ngé,雅
huān,飯
pn̄g,飯
puīnn,飯
hông,黃
n̂g,黃
uînn,黃
uân,園
hn̂g,園
huînn,園
înn,圓
uân,圓
tôo,塗
thôo,塗
tông,塘
tn̂g,塘
kà,嫁
kè,嫁
iâu,搖
iô,搖
puan,搬
puann,搬
tap,搭
tah,搭
tshióng,搶
tshiáng,搶
tshiúnn,搶
tshiónn,搶
iông,楊
iâng,楊
iûnn,楊
iônn,楊
hong,楓
png,楓
puinn,楓
liān,楝
līng,楝
îng,楹
lông,榔
nn̂g,榔
iông,溶
iûnn,溶
iônn,溶
sat,煞
suah,煞
tong,當
tòng,當
tng,當
tǹg,當
tang,當
tàng,當
tsán,盞
tsuánn,盞
tīng,碇
tiānn,碇
lo̍k,碌
li̍k,碌
kián,筧
kíng,筧
sū,署
sī,署
sìng,聖
siànn,聖
ló,腦
lóo,腦
nóo,腦
náu,腦
io,腰
iau,腰
kiān,腱
kiàn,腱
kiok,腳
kioh,腳
tiông,腸
tshiâng,腸
tn̂g,腸
hok,腹
pak,腹
kiū,舅
kū,舅
kat,葛
kuah,葛
tóng,董
táng,董
hong,蜂
phang,蜂
khuí,詭
kuí,詭
sîng,誠
tsiânn,誠
tsi̍k,賊
tsha̍t,賊
tsa̍t,賊
tsik,跡
tsiah,跡
kàu,較
kà,較
pua̍t,鈸
pua̍h,鈸
khiâm,鉗
khînn,鉗
kik,隔
keh,隔
lîng,零
lân,零
ū,預
ī,預
tùn,頓
tǹg,頓
tuìnn,頓
páu,飽
pá,飽
tíng,鼎
tiánn,鼎
sú,鼠
sí,鼠
tshú,鼠
tshí,鼠
óo,嘔
ió,嘔
áu,嘔
tik,摘
tiah,摘
iông,榕
tshîng,榕
tsîng,榕
siông,榕
póng,榜
pńg,榜
thap,榻
thah,榻
tik,滴
tih,滴
gû,漁
gî,漁
hî,漁
hû,漁
phiàu,漂
phiau,漂
phiò,漂
lōo,漏
liō,漏
lāu,漏
iông,熔
iûnn,熔
iônn,熔
gi̍k,獄
ga̍k,獄
má,瑪
bé,瑪
kam,監
kàm,監
kann,監
suī,睡
tsuē,睡
tsē,睡
tia̍p,碟
ti̍h,碟
tuan,端
tuann,端
lio̍k,綠
li̍k,綠
mî,綿
biân,綿
hú,腐
hū,腐
ú,與
í,與
ū,與
ī,與
thiok,蓄
hak,蓄
sē,誓
sè,誓
tsuā,誓
khing,輕
khin,輕
suan,酸
sng,酸
suinn,酸
pok,駁
poh,駁
kà,價
kè,價
lē,厲
lī,厲
bi̍k,墨
ba̍k,墨
hûn,墳
phûn,墳
khuan,寬
khuann,寬
tû,廚
tôo,廚
tân,彈
tān,彈
tuânn,彈
tuānn,彈
iánn,影
íng,影
ting,徵
tsing,徵
tin,徵
liân,憐
lîn,憐
sat,撒
suah,撒
puat,撥
puah,撥
pō,暴
pōo,暴
po̍k,暴
liông,樑
liâng,樑
niû,樑
niôo,樑
tsiong,樟
tsiang,樟
tsiunn,樟
tsionn,樟
iōng,樣
iāng,樣
iūnn,樣
iōnn,樣
io,歐
oo,歐
au,歐
tsiong,漿
tsiang,漿
tsiunn,漿
tsionn,漿
phuat,潑
phuah,潑
phuan,潘
phuann,潘
sio̍k,熟
si̍k,熟
tshong,瘡
tshng,瘡
puân,盤
phuân,盤
puânn,盤
má,碼
bé,碼
suî,箠
tshuê,箠
tshê,箠
tsiàn,箭
tsìnn,箭
siong,箱
siang,箱
siunn,箱
sionn,箱
huān,範
pān,範
phian,篇
phinn,篇
hôo,糊
kôo,糊
tship,緝
soo,蔬
se,蔬
sue,蔬
hôo,蝴
ôo,蝴
tia̍p,蝶
ia̍h,蝶
suî,誰
tsuî,誰
tsìng,諍
tsènn,諍
tsìnn,諍
ta̍p,踏
ta̍h,踏
thik,踢
that,踢
lióng,輛
liōng,輛
liáng,輛
liāng,輛
tīng,鄭
tēnn,鄭
tīnn,鄭
hâi,鞋
ê,鞋
uê,鞋
an,鞍
uann,鞍
hâi,頦
huâi,頦
û,餘
î,餘
sú,駛
sái,駛
pik,壁
piah,壁
tân,壇
tuânn,壇
pîng,憑
pîn,憑
li̍k,曆
la̍h,曆
phok,樸
phoh,樸
tshiū,樹
sū,樹
sī,樹
kám,橄
kan,橄
kann,橄
kiâu,橋
kiô,橋
ki,機
kui,機
hîng,橫
huâinn,橫
huînn,橫
to̍k,濁
tso̍k,濁
ta̍k,濁
jiân,燃
liân,燃
giân,燃
hiânn,燃
iàn,燕
ìnn,燕
to̍k,獨
ta̍k,獨
tsuan,磚
tsng,磚
tsuinn,磚
tshong,艙
tshng,艙
tsiau,蕉
tsio,蕉
tōng,蕩
tn̄g,蕩
siau,蕭
sio,蕭
nāi,賴
lāi,賴
luā,賴
tsi̍p,輯
tship,輯
síng,醒
tshénn,醒
tshínn,醒
kong,鋼
kòng,鋼
kǹg,鋼
lio̍k,錄
li̍k,錄
lo̍k,錄
tīng,錠
tiānn,錠
tsiân,錢
tsînn,錢
sik,錫
siah,錫
tshok,錯
tshò,錯
tshòo,錯
thiô,頭
thôo,頭
thâu,頭
iunn,鴦
ionn,鴦
iong,鴦
iang,鴦
kui,龜
ku,龜
ap,壓
ah,壓
ing,嬰
enn,嬰
inn,嬰
líng,嶺
niá,嶺
tóng,懂
táng,懂
ing,應
ìng,應
ìn,應
tài,戴
tè,戴
tì,戴
tân,檀
tuânn,檀
tsiok,爵
tsik,爵
khuân,環
huân,環
tōng,盪
tn̄g,盪
tsiau,礁
ta,礁
hông,篷
phâng,篷
pông,篷
bia̍t,篾
bi̍h,篾
hùn,糞
pùn,糞
khong,糠
khng,糠
hông,縫
hōng,縫
pâng,縫
phāng,縫
siok,縮
sok,縮
tsik,績
tseh,績
è,翳
ì,翳
i̍k,翼
si̍t,翼
lông,膿
lâng,膿
po̍k,薄
po̍h,薄
tsû,薯
tsî,薯
lôo,螺
lê,螺
sik,蟋
sih,蟋
bóng,蟒
báng,蟒
sài,賽
sè,賽
iau,邀
io,邀
biâu,錨
bâ,錨
tsiong,鍾
tsing,鍾
hâ,霞
hê,霞
sian,鮮
sián,鮮
tshinn,鮮
kap,鴿
kah,鴿
tsông,叢
tsâng,叢
sím,嬸
tsím,嬸
lia̍p,獵
la̍h,獵
sik,穡
sit,穡
khiàu,竅
khiò,竅
tsê,臍
tsâi,臍
kiū,舊
kū,舊
tsik,藉
tsiah,藉
tsià,藉
lâm,藍
nâ,藍
hok,覆
phak,覆
hong,豐
phong,豐
phang,豐
gi̍k,額
gia̍h,額
hia̍h,額
khî,騎
khiâ,騎
ngôo,鵝
gô,鵝
giâ,鵝
lông,嚨
nâ,嚨
thióng,寵
thíng,寵
pho̍k,曝
pha̍k,曝
khîng,瓊
khiông,瓊
liâm,簷
iâm,簷
tsînn,簷
sîng,繩
tsîn,繩
king,羹
kenn,羹
kinn,羹
lia̍p,臘
la̍h,臘
tîn,藤
tîng,藤
io̍k,藥
ia̍k,藥
io̍h,藥
phuan,藩
huan,藩
hāi,蟹
hē,蟹
huē,蟹
gí,蟻
hiā,蟻
kiāu,轎
kiō,轎
tsiàu,醮
tsiò,醮
tshun,鶉
tun,鶉
hiân,懸
kuân,懸
kuâinn,懸
lân,攔
nuâ,攔
ióng,癢
iáng,癢
tsiūnn,癢
tsiōnn,癢
nâ,籃
lâm,籃
jû,蠕
lû,蠕
lùn,蠕
tshiok,觸
tshik,觸
îng,贏
iânn,贏
lâu,鐃
nâ,鐃
mī,麵
biān,麵
lân,欄
nuâ,欄
lān,爛
nuā,爛
tiân,纏
tînn,纏
la̍p,蠟
la̍h,蠟
bua̍t,襪
bue̍h,襪
be̍h,襪
tsong,贓
tsng,贓
thih,鐵
thiat,鐵
ho̍k,鶴
ho̍h,鶴
than,攤
thuann,攤
huan,歡
huann,歡
jiông,瓤
liông,瓤
giông,瓤
nn̂g,瓤
ti̍k,糴
tia̍h,糴
lông,聾
lâng,聾
tsōng,臟
tsn̄g,臟
su,鬚
tshiu,鬚
piat,鱉
pih,鱉
ing,纓
enn,纓
iann,纓
king,驚
kiann,驚
kenn,驚
kinn,驚
i̍k,驛
ia̍h,驛
tshuí,髓
tshué,髓
tshé,髓
lîn,鱗
lân,鱗
tshâm,蠶
thâm,蠶
tshân,蠶
jiōng,讓
liōng,讓
giōng,讓
niū,讓
niōo,讓
kiám,鹼
kinn,鹼
thing,廳
thiann,廳
lô,籮
lôo,籮
luâ,籮
thiàu,糶
thiò,糶
kuan,觀
kuàn,觀
io̍k,鑰
ia̍k,鑰
io̍h,鑰
lám,纜
lām,纜
tsuàn,鑽
tsǹg,鑽
tsuìnn,鑽
tsho̍k,鑿
tsha̍k,鑿
tsong,妝
tsng,妝
lám,欖
ná,欖
sū,似
sāi,似
koo,溝
kio,溝
kau,溝
muî,莓
m̂,莓
hik,嚇
heh,嚇
hiannh,嚇
sí,始
tshiat,掣
tshuah,掣
tông,筒
tâng,筒
phuân,磐
puânn,磐
sik,嗇
siah,嗇
ua̍t,閱
ia̍t,閱
si̍k,蝕
si̍h,蝕
i̍k,劃
hi̍k,劃
ue̍h,劃
ui̍h,劃
it,一
it,乙
ting,丁
tshit,七
liáu,了
jī,二
lī,二
gī,二
jîn,人
lîn,人
gîn,人
ji̍p,入
li̍p,入
gi̍p,入
to,刀
too,刀
tiau,刁
thiau,刁
pok,卜
poh,卜
iū,又
kò,个
kòo,个
uân,丸
io,么
iau,么
khit,乞
iá,也
bông,亡
huân,凡
tsha,叉
tshe,叉
thóo,土
thôo,土
sū,士
tshùn,寸
kin,巾
kun,巾
kan,干
tsâi,才
put,不
thiú,丑
tan,丹
tsi,之
ú,予
û,予
í,予
î,予
jîn,仁
lîn,仁
gîn,仁
tsik,仄
tseh,仄
phok,仆
phak,仆
siû,仇
kiû,仇
ín,允
ún,允
jióng,冗
lióng,冗
gióng,冗
līng,冗
liōng,冗
hiong,凶
tshiat,切
tshè,切
koo,勾
kio,勾
kau,勾
huà,化
huè,化
phit,匹
ik,厄
eh,厄
iú,友
jîm,壬
lîm,壬
gîm,壬
thài,太
hu,夫
jia̍p,廿
lia̍p,廿
gia̍p,廿
ín,引
sim,心
hōo,戶
bûn,文
kin,斤
kun,斤
ji̍t,日
li̍t,日
gi̍t,日
khiàm,欠
tsí,止
pí,比
sī,氏
jiáu,爪
niáu,爪
giáu,爪
hū,父
ông,王
tsú,主
hoo,乎
sū,仕
hù,付
sian,仙
līng,令
í,以
tshik,冊
tsheh,冊
tshut,出
khan,刊
pau,包
siap,卌
siak,卌
tsiàm,占
tsiam,占
báu,卯
khì,去
khù,去
kóo,古
kù,句
tsí,只
kiàu,叫
kiò,叫
ting,叮
tâi,台
thai,台
siû,囚
sit,失
lôo,奴
tshī,市
pòo,布
iù,幼
bōo,戊
pài,扒
pat,扒
tánn,打
bîn,民
tsip,汁
tsiap,汁
tsap,汁
huān,犯
kam,甘
iû,由
sin,申
sī,示
hia̍t,穴
li̍p,立
kau,交
hāi,亥
i̍k,亦
kiānn,件
jīm,任
līm,任
jîm,任
lîm,任
Gīm,任
Gîm,任
hūn,份
hóng,仿
i,伊
hiu,休
tiāu,兆
tsài,再
ping,冰
tán,刐
táinn,刐
hîng,刑
lia̍t,列
tshiōng,匠
tshiāng,匠
tshiūnn,匠
tshiōnn,匠
ìn,印
kiat,吉
tiàu,吊
thóo,吐
thòo,吐
kián,囝
kiánn,囝
kánn,囝
kín,囝
kán,囝
huê,回
hê,回
sìn,囟
in,因
tsāi,在
tsùn,圳
to,多
too,多
kan,奸
jû,如
lû,如
jî,如
hui,妃
tsū,字
jū,字
jī,字
lī,字
gī,字
tsûn,存
tshûn,存
sī,寺
tsiam,尖
tsiu,州
tsong,庄
tsng,庄
sut,戌
khòo,扣
khiò,扣
khàu,扣
siu,收
tsó,早
tsóo,早
tsá,早
tsu,朱
tshù,次
tshú,此
kang,江
tî,池
bí,米
khó,考
khónn,考
sîn,臣
tsū,自
sik,色
kóo,估
thú,佇
thí,佇
tī,佇
tū,佇
pòo,佈
uī,位
khik,克
bián,免
ping,兵
líng,冷
phuàn,判
phuànn,判
tsōo,助
kiap,劫
kun,君
thun,吞
gîm,吟
ún,吮
tshńg,吮
khip,吸
hóo,吼
hió,吼
háu,吼
ik,呃
eh,呃
phái,呆
pháinn,呆
kò,告
kòo,告
tún,囤
khòng,囥
khǹg,囥
ngôo,囮
buê,囮
khám,坎
kiap,夾
ngeh,夾
ngueh,夾
gueh,夾
kueh,夾
iau,妖
kīm,妗
biāu,妙
sòng,宋
sàng,宋
uân,完
bí,尾
bué,尾
bé,尾
jiāu,尿
liāu,尿
giāu,尿
jiō,尿
liō,尿
giō,尿
kio̍k,局
ki̍k,局
phì,屁
phuì,屁
sûn,巡
hîng,形
kī,忌
khī,忌
tsì,志
bông,忘
bōng,忘
khuài,快
khuìnn,快
khuànn,快
khuàinn,快
pān,扮
tshé,扯
tsāu,找
huâ,找
ki,技
kī,技
tshau,抄
ik,抑
jiáu,抓
liáu,抓
giáu,抓
jiàu,抓
liàu,抓
giàu,抓
niàu,抓
tôo,投
tiô,投
tâu,投
kái,改
ké,改
kué,改
kong,攻
lí,李
hīng,杏
tsâi,材
tshun,村
tshuan,村
tshng,村
tshuinn,村
tsiok,杓
tsiak,杓
piau,杓
phiau,杓
sia̍h,杓
sok,束
pōo,步
muí,每
kiû,求
thài,汰
ak,沃
tshiong,沖
tsai,災
kông,狂
lâm,男
ting,疔
í,矣
ì,矣
hē,系
hán,罕
tōo,肚
tóo,肚
kak,角
giân,言
gân,言
tōo,豆
tiō,豆
tāu,豆
tsiok,足
sin,身
sin,辛
sîn,辰
siâ,邪
iú,酉
lí,里
hông,防
kuai,乖
lâi,來
lē,例
lī,例
thòo,兔
kî,其
tián,典
tsè,制
tsì,制
tshì,刺
tshik,刺
tshiah,刺
khik,刻
tsut,卒
kuà,卦
tshú,取
tshí,取
siū,受
bī,味
tsiù,咒
khiu,坵
khu,坵
iā,夜
phàu,奅
muē,妹
bē,妹
muāi,妹
māi,妹
muī,妹
tshe,妻
tshue,妻
tshiap,妾
bóo,姆
ḿ,姆
tsí,姊
tsé,姊
koo,姑
kuì,季
koo,孤
kài,屆
khut,屈
siū,岫
phà,帕
phè,帕
thiap,帖
hīng,幸
té,底
tué,底
tiàm,店
hú,府
iân,延
tshiân,延
tiong,忠
liām,念
hòo,戽
sóo,所
sé,所
pîng,抨
phi,披
buat,抹
buah,抹
thiu,抽
khu,抾
bín,抿
tú,拄
tsú,拄
thik,拆
thiah,拆
liam,拈
liâm,拈
ni,拈
kuái,拐
kiâm,拑
khiâm,拑
khînn,拑
tho,拖
thoo,拖
thua,拖
áu,拗
piān,拚
piànn,拚
ōng,旺
ho̍k,服
huì,杮
phuè,杮
phè,杮
pue,杯
pán,板
hong,枋
pang,枋
bú,武
hô,河
hôo,河
iû,油
tī,治
iân,沿
siû,泅
tut,泏
tsuat,泏
huat,法
pho,波
phoo,波
tshui,炊
tshue,炊
tshe,炊
iām,炎
tsháu,炒
tshá,炒
pâ,爬
pê,爬
pó,爸
póo,爸
pán,版
bông,盲
bîng,盲
ti̍t,直
siā,社
kiù,糾
kiú,糾
khiong,羌
kiong,羌
kiunn,羌
kionn,羌
tsiá,者
kóo,股
tsi,肢
ki,肢
khíng,肯
huì,肺
phài,肺
hì,肺
hóo,虎
kiû,虯
khiû,虯
kīn,近
kūn,近
kim,金
hui,非
tîng,亭
tân,亭
tshim,侵
sio̍k,俗
pó,保
póo,保
sìn,信
kuàn,冠
kuan,冠
thè,剃
thì,剃
thih,剃
khik,剋
ióng,勇
lâm,南
khiok,卻
khiak,卻
lî,厘
ko̍k,咯
lo̍k,咯
ai,哀
phín,品
gap,哈
ha,哈
tsòo,奏
tsiò,奏
tsàu,奏
khiat,契
siat,契
khè,契
khuè,契
i̍k,奕
î,姨
hâi,孩
sik,室
sit,室
si,屍
hāng,巷
tè,帝
tōo,度
to̍k,度
lu̍t,律
kip,急
uàn,怨
pài,拜
sik,拭
tshit,拭
àn,按
tsìng,政
kòo,故
si,施
sì,施
tshun,春
sī,是
hiau,枵
iau,枵
kam,柑
iū,柚
tsa,查
tse,查
tshâ,查
khī,柿
uai,歪
sián,洒
sá,洒
sè,洒
sián,洗
sé,洗
sué,洗
khó,洘
tōng,洞
siat,洩
sia̍p,洩
tsiu,洲
phài,派
thàn,炭
thuànn,炭
pâu,炮
phàu,炮
pû,炰
tsà,炸
uî,為
uī,為
uì,畏
pa,疤
kài,疥
kè,疥
kuè,疥
kuì,癸
kai,皆
phûn,盆
síng,省
sénn,省
tshiu,秋
kho,科
khoo,科
khe,科
iok,約
iak,約
ioh,約
bí,美
nāi,耐
uī,胃
puē,背
puè,背
phi,胚
phue,胚
phe,胚
tì,致
khóo,苦
ka,茄
kâ,茄
kiô,茄
hông,虹
khīng,虹
sam,衫
sann,衫
tìng,訂
hū,負
hù,赴
kun,軍
pik,迫
suan,閂
tshuànn,閂
hâng,降
kàng,降
kik,革
im,音
ia̍p,頁
ia̍h,頁
hong,風
siu,修
kò,個
kòo,個
kuan,倌
kuann,倌
puē,倍
pē,倍
tó,倒
tò,倒
tóo,倒
tòo,倒
tshiàn,倩
tshìng,倩
tshiànn,倩
kiam,兼
uan,冤
tsún,准
huí,匪
tshòo,厝
tshok,厝
tshù,厝
ko,哥
koo,哥
kíng,哽
kénn,哽
kínn,哽
ai,唉
bâi,埋
poo,埔
tîng,埕
tiânn,埕
thò,套
thòo,套
sun,孫
sng,孫
suinn,孫
hāi,害
iông,容
siā,射
i̍k,射
tián,展
thián,展
ban,屘
tó,島
tóo,島
si̍k,席
sia̍h,席
tsō,座
tsōo,座
khòo,庫
jio̍k,弱
lio̍k,弱
gio̍k,弱
tôo,徒
thí,恥
kiong,恭
siat,挈
thuat,挩
thuah,挩
juê,挼
lê,挼
jê,挼
bán,挽
hia̍p,挾
gia̍p,挾
nge̍h,挾
ngue̍h,挾
gue̍h,挾
hông,捀
phâng,捀
thóng,捅
khún,捆
lua̍t,捋
lua̍h,捋
sau,捎
sa,捎
liap,捏
lia̍p,捏
kap,敆
hāu,效
liāu,料
sî,時
tīm,朕
tshâi,柴
tshâ,柴
suan,栓
tshuan,栓
sng,栓
tshng,栓
suinn,栓
tshuinn,栓
hāu,校
kàu,校
kióng,栱
kin,根
kun,根
tsai,栽
tok,桌
toh,桌
kiat,桔
soo,梳
se,梳
sue,梳
hái,海
tsìm,浸
siau,消
lia̍t,烈
le̍h,烈
oo,烏
tia,爹
lông,狼
tsu,珠
pan,班
ku,痀
tsìng,症
tsin,真
hiân,眩
hîn,眩
tiam,砧
tsim,砧
tsóo,祖
tsiok,祝
sîn,神
sû,祠
tsoo,租
tshìng,秤
pîng,秤
tshìn,秤
tsām,站
hún,粉
la̍p,納
sûn,純
tsí,紙
tsuá,紙
kip,級
sòo,素
kóo,罟
koo,罟
pā,耙
pē,耙
pê,耙
lîng,能
kui,胿
kuai,胿
hiù,臭
tshiù,臭
tshàu,臭
tsī,舐
tsīnn,舐
tsn̄g,舐
tshâ,茶
tê,茶
Jím,荏
Lím,荏
Gím,荏
lám,荏
sue,衰
thó,討
thóo,討
kì,記
pà,豹
tsâi,財
khí,起
bê,迷
pìng,迸
piàng,迸
tui,追
thuè,退
thè,退
tô,逃
tôo,逃
gi̍k,逆
phuè,配
phè,配
tsiú,酒
tìng,釘
ting,釘
tan,釘
tsim,針
tsiam,針
tsam,針
siám,閃
iān,院
īnn,院
ki,飢
kut,骨
ko,高
koo,高
kuí,鬼
tsò,做
tsuè,做
thîng,停
thoo,偷
thio,偷
thau,偷
tau,兜
tsián,剪
hù,副
li̍k,勒
bū,務
pâu,匏
pû,匏
sî,匙
pián,匾
khu,區
khi,區
tsham,參
sim,參
som,參
sam,參
liām,唸
kok,國
pi,埤
pî,埤
kian,堅
tui,堆
tóo,堵
kòo,夠
kiò,夠
kàu,夠
pô,婆
pôo,婆
hun,婚
în,寅
tsiong,將
tsiòng,將
tsiang,將
tsiàng,將
tsuan,專
thè,屜
thuah,屜
kiông,強
kiōng,強
kióng,強
kiâng,強
kiāng,強
kiáng,強
sú,徙
sí,徙
suá,徙
khong,悾
so,挲
hóng,捧
phóng,捧
kuán,捲
kńg,捲
kuínn,捲
lia̍p,捻
liām,捻
hian,掀
tiāu,掉
pâi,排
ku̍t,掘
tshái,採
thàm,探
tham,探
iám,掩
kiù,救
pāi,敗
tso̍k,族
poo,晡
kìng,桱
kènn,桱
kìnn,桱
thóng,桶
tháng,桶
kán,桿
kuáinn,桿
kuínn,桿
kuánn,桿
tiâu,條
liâu,條
sok,欶
suh,欶
sat,殺
tô,淘
tôo,淘
luī,淚
lē,淚
tshim,深
iam,淹
im,淹
lê,犁
luê,犁
tshai,猜
hiān,現
hiàn,現
kiû,球
lí,理
pîn,瓶
pân,瓶
tinn,甜
tiâm,甜
sán,產
tī,痔
hûn,痕
sīng,盛
siānn,盛
bí,眯
bî,眯
kuàn,眷
tsè,祭
hû,符
pūn,笨
tē,第
tuē,第
lia̍p,粒
tshoo,粗
thiu,紬
tiû,紬
sè,細
suè,細
kàm,紺
khàm,紺
hiân,絃
tsóo,組
tsoo,組
tûn,脣
hú,脯
póo,脯
tsiong,舂
tsing,舂
suân,船
tsûn,船
kiap,莢
ngeh,莢
ngueh,莢
gueh,莢
kueh,莢
bo̍k,莫
bo̍h,莫
ham,蚶
tshi,蛆
tshu,蛆
tsu,蛆
tsi,蛆
su̍t,術
kui,規
kuat,訣
siat,設
tham,貪
sià,赦
tôo,途
sē,逝
tsuā,逝
thíng,逞
tsō,造
tsōo,造
pōo,部
iá,野
tshuàn,釧
tshuan,釧
pì,閉
puê,陪
hām,陷
tíng,頂
lo̍k,鹿
bi̍k,麥
be̍h,麥
tshong,創
tshòng,創
lô,勞
lō,勞
lôo,勞
lōo,勞
phok,博
thê,啼
thî,啼
siān,善
ok,喔
tshuán,喘
huī,喙
tshuì,喙
uî,圍
kham,堪
pò,報
pòo,報
tsun,尊
tsiū,就
mōo,帽
bō,帽
sûn,循
ok,惡
òo,惡
tsuí,捶
tuí,捶
tuî,捶
hong,揈
jiû,揉
liû,揉
giû,揉
thê,提
huān,換
uānn,換
tu̍t,揬
tu̍h,揬
khi,敧
thóo,敨
thió,敨
tháu,敨
kíng,景
thè,替
thuè,替
tiâu,朝
tiau,朝
kî,期
ki,期
kî,棋
tsong,棕
tsang,棕
tsó,棗
í,椅
khi,欺
phú,殕
thán,毯
thám,毯
kiám,減
tōo,渡
káng,港
ôo,湖
hôo,湖
lám,湳
làm,湳
puē,焙
pē,焙
bû,無
tsú,煮
tsí,煮
pâi,牌
hôo,猴
hiô,猴
kâu,猴
khîm,琴
huan,番
huā,畫
uā,畫
uē,畫
uī,畫
siau,痟
suan,痠
sng,痠
suinn,痠
tsì,痣
kì,痣
sa,痧
sua,痧
se,痧
tuán,短
té,短
kho̍k,硞
hiān,硯
hīnn,硯
suè,稅
sè,稅
pit,筆
kiáu,筊
kin,筋
kun,筋
sún,筍
tshè,粞
tshuè,粞
king,絚
ân,絚
jiông,絨
liông,絨
giông,絨
si,絲
hip,翕
pî,脾
phî,脾
koo,菇
tshài,菜
kai,街
ke,街
kue,街
tshâi,裁
bia̍t,覕
bih,覕
sòo,訴
tsù,註
lī,詈
lé,詈
lué,詈
phîng,評
sû,詞
kuì,貴
pián,貶
huì,費
bōo,貿
biō,貿
bāu,貿
ua̍t,越
pháu,跑
ku,跔
tsìn,進
soo,酥
tūn,鈍
tun,鈍
liú,鈕
jūn,閏
lūn,閏
tuī,隊
gān,雁
tsi̍p,集
hûn,雲
ûn,雲
în,雲
jīm,韌
līm,韌
gīm,韌
jūn,韌
lūn,韌
hāng,項
sūn,順
ím,飲
sú,黍
sí,黍
sé,黍
sué,黍
tshui,催
tsè,債
sán,剷
tshán,剷
thuánn,剷
khoo,剾
khio,剾
khau,剾
tsâu,剿
bōo,募
huē,匯
sà,嗄
thap,塌
thap,塔
thah,塔
thióng,塚
tiân,填
thiân,填
ùn,塭
má,媽
só,嫂
sóo,嫂
hiâm,嫌
kàn,幹
jiá,惹
liá,惹
giá,惹
tshiû,愁
tshiô,愁
jú,愈
lú,愈
ì,意
ài,愛
kám,感
tíng,戥
tsiû,揫
tshiû,揫
tsìn,搢
tsìnn,搢
siàn,搧
ùn,搵
kìng,敬
sin,新
àm,暗
huē,會
kuè,會
iâ,椰
lâm,楠
huàn,楦
hùn,楦
gia̍p,業
hiat,歇
hat,歇
hioh,歇
huí,毀
tsún,準
liu,溜
ik,溢
khe,溪
khue,溪
bia̍t,滅
ku̍t,滑
ian,煙
ia̍p,煠
sa̍h,煠
huân,煩
iâ,爺
su,獅
sai,獅
thâm,痰
bâ,痲
muâ,痲
ái,矮
é,矮
ué,矮
tshuì,碎
pi,碑
uán,碗
uánn,碗
pōng,碰
phòng,碰
kìm,禁
pāi,稗
phē,稗
phuē,稗
pín,稟
khut,窟
kuàn,絹
kìn,絹
kûn,群
gī,義
phìng,聘
lô,腡
lôo,腡
lê,腡
tsióng,腫
tsíng,腫
bān,萬
pha,葩
tsòng,葬
tè,蒂
tì,蒂
hō,號
hōo,號
lî,蜊
lâ,蜊
pôo,裒
piô,裒
kiû,裘
hiû,裘
kûn,裙
póo,補
lí,裡
sì,試
tshì,試
si,詩
huā,話
uā,話
uē,話
kai,該
khue,詼
khe,詼
tiâu,趒
tiô,趒
kin,跟
kun,跟
khau,跤
kha,跤
kuī,跪
lōo,路
thiàu,跳
tsài,載
tsáinn,載
tsái,載
tsāi,載
lông,農
pik,逼
gū,遇
gī,遇
iû,遊
at,遏
tō,道
tōo,道
lîng,鈴
sing,鉎
sian,鉎
san,鉎
iân,鉛
koo,鉤
kio,鉤
kau,鉤
tshiòng,銃
tshìng,銃
tsa̍p,閘
tsa̍h,閘
luî,雷
pa̍k,雹
pha̍uh,雹
bông,雺
tiān,電
hia,靴
sū,飼
tshī,飼
khun,髡
kóo,鼓
sòo,嗽
siò,嗽
sàu,嗽
thàn,嘆
tôo,圖
thuân,團
kíng,境
tiām,墊
bōo,墓
bōng,墓
siū,壽
tua̍t,奪
kuá,寡
kuánn,寡
tsē,寨
tuì,對
bōo,幕
bo̍k,幕
ìm,廕
tshám,慘
bān,慢
siak,摔
sak,摔
tshui,摧
bôo,摸
bo̍k,摸
bong,摸
boo,摸
tsiap,摺
tsih,摺
tsham,摻
phiat,撇
khau,敲
uat,斡
kî,旗
bîng,暝
mê,暝
mî,暝
thiòng,暢
thiàng,暢
sún,榫
thuî,槌
tshiong,槍
tshiang,槍
tshiunn,槍
tshionn,槍
kòng,槓
kǹg,槓
sìm,滲
siàm,滲
lóo,滷
kún,滾
tshik,漆
tshat,漆
ián,演
oo,漚
òo,漚
io,漚
iò,漚
au,漚
àu,漚
hàn,漢
hia̍p,熁
hiap,熁
hannh,熁
sik,熄
sit,熄
hiông,熊
hîm,熊
gî,疑
tsīn,盡
thàn,碳
thuànn,碳
hok,福
khoo,箍
po̍h,箔
tī,箸
tū,箸
tsòng,粽
tsàng,粽
kó,粿
kóo,粿
kué,粿
ké,粿
tuat,綴
tuè,綴
tè,綴
tshái,綵
liú,綹
kín,緊
hua̍t,罰
thuí,腿
hâi,膎
kê,膎
kuê,膎
ko,膏
koo,膏
bú,舞
suàn,蒜
sǹg,蒜
si̍k,蓆
tshio̍h,蓆
bi̍t,蜜
ki,裾
ku,裾
jīn,認
līn,認
gīn,認
iú,誘
kài,誡
gōo,誤
sia,賒
kuánn,趕
thè,踅
sua̍t,踅
se̍h,踅
lua̍t,辣
lua̍h,辣
phí,鄙
kàu,酵
kànn,酵
kà,酵
kau,鉸
ka,鉸
gîn,銀
gûn,銀
tông,銅
tâng,銅
khàu,銬
koh,閣
kok,閣
khik,隙
khiah,隙
píng,餅
piánn,餅
jī,餌
lī,餌
gī,餌
hûn,魂
hōng,鳳
pī,鼻
phīnn,鼻
phī,鼻
tsê,齊
tsuê,齊
ik,億
khiām,儉
kiàm,劍
liâu,嘹
pho̍k,噗
tuī,墜
kiau,嬌
sím,審
siá,寫
liâu,寮
tsîng,層
tsân,層
huan,幡
biāu,廟
biō,廟
tshióng,廠
tshiáng,廠
tshiúnn,廠
tshiónn,廠
huè,廢
huì,廢
tik,德
iu,憂
sîm,撏
jîm,撏
lîm,撏
gîm,撏
thing,撐
the,撐
thenn,撐
lián,撚
tōng,撞
pòo,播
pò,播
tsiām,暫
tsióng,槳
tsiáng,槳
tsiúnn,槳
tsiónn,槳
tsô,槽
tsôo,槽
lo̍k,樂
ga̍k,樂
ngāu,樂
lôo,樓
liô,樓
lâu,樓
bôo,模
jūn,潤
lūn,潤
thâm,潭
ut,熨
gô,熬
ngôo,熬
ngâu,熬
tsióng,獎
tsiáng,獎
liû,瘤
phong,磅
pōng,磅
khap,磕
kha̍p,磕
kó,稿
iâu,窯
iô,窯
jio̍k,箬
lio̍k,箬
gio̍k,箬
ha̍h,箬
tsiàn,糋
tsìnn,糋
sàn,線
suànn,線
iân,緣
uān,緩
liān,練
pā,罷
hu,膚
bo̍k,膜
mo̍oh,膜
kau,膠
ka,膠
phòo,舖
tsià,蔗
tshong,蔥
tshang,蔥
ìm,蔭
hâ,蝦
hê,蝦
sik,蝨
sat,蝨
tshiong,衝
po,褒
poo,褒
puè,褙
pè,褙
tiâu,調
tiāu,調
tâm,談
lūn,論
tsu,豬
tsi,豬
ti,豬
tu,豬
sù,賜
puê,賠
pê,賠
hiân,賢
tsiān,賤
tsit,質
tóo,賭
lián,輦
puè,輩
lûn,輪
tsia,遮
jia,遮
lia,遮
tshian,遷
lîn,鄰
iam,醃
am,醃
tsuì,醉
tshòo,醋
siau,銷
phoo,鋪
tîng,霆
tân,霆
khò,靠
khòo,靠
gō,餓
ngōo,餓
nāu,鬧
lāu,鬧
phik,魄
lóo,魯
tshí,齒
khí,齒
gîng,凝
khì,器
iòng,壅
ìng,壅
hiàn,憲
lún,懍
tsiàn,戰
luî,擂
ti̍k,擇
to̍h,擇
khîm,擒
kì,據
kù,據
tsíng,整
khuat,橛
kua̍t,橛
kue̍h,橛
phun,歕
pûn,歕
kik,激
ting,燈
tun,燉
tūn,燉
siau,燒
sio,燒
tōng,燙
thǹg,燙
oo,甌
io,甌
au,甌
kâ,瘸
khuê,瘸
khê,瘸
buân,瞞
muâ,瞞
tsik,積
ko,篙
tshuàn,篡
sai,篩
thai,篩
ko,糕
koo,糕
tông,糖
thn̂g,糖
po̍k,縛
pa̍k,縛
hiān,縣
kuān,縣
kuāinn,縣
kuīnn,縣
hing,興
hìng,興
hin,興
hìn,興
luí,蕊
thùn,褪
thǹg,褪
thí,褫
khòo,褲
hiok,謔
gio̍h,謔
giok,謔
biâu,貓
niau,貓
bâ,貓
phiân,蹁
pian,蹁
phîn,蹁
tê,蹄
tuê,蹄
su,輸
piān,辦
pān,辦
suán,選
kì,鋸
kù,鋸
piáu,錶
pió,錶
iam,閹
suî,隨
hiám,險
tiau,雕
siàu,鞘
siù,鞘
hám,頷
hâm,頷
ām,頷
hām,餡
ānn,餡
kuán,館
kuè,髻
kè,髻
ap,鴨
ah,鴨
pang,幫
png,幫
hì,戲
phik,擘
peh,擘
tshat,擦
tòng,檔
sip,澀
siap,澀
sip,溼
sò,燥
sòo,燥
tshiông,牆
tshiâng,牆
tshiônn,牆
gâm,癌
tîng,瞪
tìng,瞪
tènn,瞪
tìnn,瞪
siân,禪
siān,禪
suī,穗
bî,糜
muê,糜
bê,糜
muâi,糜
mâi,糜
ping,繃
penn,繃
pinn,繃
liân,聯
lîm,臨
liâm,臨
ho,薅
hoo,薅
khau,薅
kiong,薑
kiang,薑
kiunn,薑
kionn,薑
liâm,薟
hiam,薟
khok,觳
tián,輾
liàn,輾
thuî,錘
suî,錘
liān,鍊
ko,鍋
ue,鍋
e,鍋
khiat,鍥
keh,鍥
kueh,鍥
khuat,闊
khuah,闊
ún,隱
liâm,黏
tiám,點
luí,壘
khòng,壙
tsho̍k,戳
thok,戳
pái,擺
kuī,櫃
kui,歸
lī,濾
lū,濾
sià,瀉
phi̍k,甓
phia̍h,甓
òng,甕
àng,甕
phik,癖
phiah,癖
phia̍h,癖
lé,禮
siau,簫
liông,糧
liâng,糧
niû,糧
niôo,糧
tsit,織
siù,繡
khiàu,翹
huan,翻
tsit,職
hun,薰
phiâu,薸
phiô,薸
siân,蟬
giâu,蟯
jiâu,蟯
liâu,蟯
giô,蟯
sîm,蟳
tsîm,蟳
khu,軀
su,軀
i,醫
tsiòng,醬
tsiàng,醬
tsiùnn,醬
tsiònn,醬
só,鎖
sóo,鎖
tìn,鎮
siang,雙
sang,雙
song,雙
tsa̍p,雜
ke,雞
kue,雞
lî,離
lī,離
tê,題
tuê,題
gân,顏
iông,颺
iâng,颺
tshiûnn,颺
tshiônn,颺
iānn,颺
liū,餾
liû,餾
tsong,鬃
tsang,鬃
tsik,鯽
tsit,鯽
phan,攀
lóng,攏
láng,攏
lóo,櫓
tû,櫥
lāi,瀨
nāi,瀨
luā,瀨
gāi,礙
ún,穩
pò,簸
pòo,簸
puà,簸
tshiam,簽
phōo,簿
po̍k,簿
kiáu,繳
gē,藝
guē,藝
tshing,蟶
than,蟶
tsìng,證
tsìn,證
sik,識
sit,識
phóo,譜
kìng,鏡
kiànn,鏡
phiau,鏢
piau,鏢
pio,鏢
lān,難
lân,難
bū,霧
ūn,韻
guān,願
luī,類
phiàn,騙
hôo,鬍
kiok,麴
khiok,麴
khak,麴
giâm,嚴
jiáng,嚷
lióng,嚷
giáng,嚷
pó,寶
póo,寶
tsiân,瀳
tshînn,瀳
lôo,爐
hiàn,獻
tshat,礤
tshuah,礤
khòng,礦
huân,礬
bóng,蠓
báng,蠓
piān,辮
pīnn,辮
tsiong,鐘
tsing,鐘
phiau,飄
jiâu,饒
liâu,饒
giâu,饒
su,鰓
sai,鰓
tshi,鰓
hâm,鹹
kiâm,鹹
tóng,黨
táng,黨
tshut,齣
huan,嚾
uang,嚾
liap,攝
tsiam,櫼
tsinn,櫼
kuàn,灌
lân,蘭
piān,辯
lōo,露
pà,霸
hióng,響
hiáng,響
kòo,顧
lô,囉
lông,囊
uan,彎
tsuan,攢
tsuàn,攢
tsōng,欉
tsâng,欉
kuân,權
khuân,權
than,灘
thuann,灘
sián,癬
sio̍k,贖
tsù,鑄
liân,鰱
bân,鰻
muâ,鰻
piáu,鰾
piō,鰾
kiáu,攪
tshiam,籤
giām,驗
kuè,鱖
kè,鱖
lám,攬
kuàn,罐
tshàm,讖
lîng,靈
hāu,鱟
ing,鷹
iâm,鹽
iām,鹽
uan,灣
phàn,襻
tshâm,鑱
lî,驢
lû,驢
khiu,鬮
khau,鬮
lô,鑼
lôo,鑼
lôo,鱸
gōng,戇
ut,鬱
pa̍k,贌
tòng,㨂
tàng,㨂
siam,䀐
khiap,㾀
gâu,𠢕
uáinn,𨂿
līn,𡳞
lān,𡳞
phín,𥰔
uán,䘼
ńg,䘼
uínn,䘼
bái,䆀
siānn,𣛮
tòo,𪐞
kheh,𤲍
khueh,𤲍
lîng,𦊓
thē,䖳
tāi,𩸙
khat,𣁳
tsānn,㨻
gàn,
siāng,
sing,腥
tshenn,腥
tshinn,腥
tshènn,腥
tshìnn,腥
ian,嫣
thok,託
pik,湢
pih,湢
phàu,麭
tōng,宕
thōng,宕
kau,郊
hám,喊
hán,喊
hmh,摁
sui,嗺
tùn,噸
tshok,簇
lau,蹓
tshuan,川
í,已
ûn,云
în,云
hōo,互
kài,介
guân,元
bu̍t,勿
ki̍p,及
iáu,夭
iau,夭
tūn,屯
tûn,屯
tun,屯
pa,巴
huàn,幻
tiàu,弔
ua̍t,曰
tái,歹
ngâu,爻
gâu,爻
khián,犬
tshiánn,且
á,仔
tsú,仔
tha,他
thann,他
tô,他
tôo,他
tiōng,仗
tiāng,仗
tshian,仟
tshiong,充
tshong,匆
līng,另
tiàu,召
phuat,叭
iū,右
īn,孕
nî,尼
lî,尼
tsó,左
tsóo,左
kī,巨
kū,巨
hông,弘
pit,必
phok,扑
thik,斥
tsat,札
íng,永
hiân,玄
tiân,田
tshân,田
mâu,矛
bâu,矛
sí,矢
hô,禾
hôo,禾
tiu,丟
ki,乩
gióng,仰
tiōng,仲
ngóo,仵
khì,企
ngóo,伍
ho̍k,伏
hué,伙
hé,伙
hiong,兇
lua̍t,劣
luat,劣
guî,危
tshùn,吋
lī,吏
ke,圭
kui,圭
î,夷
bōng,妄
ú,宇
í,宇
tshún,忖
tsí,旨
sûn,旬
hiok,旭
phok,朴
phoh,朴
hiú,朽
u,汙
ù,汙
hue,灰
he,灰
ú,羽
í,羽
jî,而
lî,而
gî,而
li̍k,肋
ki,肌
tsì,至
kiū,臼
khū,臼
tsiu,舟
hing,亨
lîng,伶
tiān,佃
tān,但
nā,但
niā,但
tsū,住
tsò,佐
tsòo,佐
iū,佑
iá,冶
san,刪
lóo,努
tsik,即
līn,吝
hónn,否
phí,否
ngôo,吳
gôo,吳
bún,吻
ngôo,吾
thîng,呈
tîng,呈
khùn,困
sap,圾
tsí,址
kin,均
kun,均
tsòng,壯
giân,妍
gian,妍
tòo,妒
kī,妓
ki,妓
thò,妥
hông,妨
tsu,孜
hông,宏
hi,希
pì,庇
tîng,廷
hóng,彷
ngóo,忤
gōo,忤
kài,戒
ik,扼
i̍k,扼
khòng,抗
sam,杉
tōo,杜
kí,杞
kuat,決
khì,汽
sím,沈
tūn,沌
bo̍k,沐
bu̍t,沒
phài,沛
kiù,灸
kù,灸
bóo,牡
hú,甫
tíng,町
ting,町
siù,秀
kiù,究
hong,肓
bông,肓
siàu,肖
tiú,肘
kong,肛
io̍k,育
liông,良
liâng,良
tsiok,芍
tsiak,芍
kiong,芎
kok,谷
tí,豸
tsāi,豸
thuā,豸
puè,貝
sìn,迅
ip,邑
pang,邦
guán,阮
uán,阮
ńg,阮
uínn,阮
jú,乳
lú,乳
jí,乳
hiáng,享
hióng,享
puē,佩
liâu,佬
ka,佳
pìng,併
i,依
jî,兒
lî,兒
gî,兒
hâm,函
kuat,刮
suat,刷
pi,卑
hia̍p,協
tsiu,周
hai,咍
kiū,咎
hù,咐
ka,咖
kòo,固
pho,坡
phoo,坡
khun,坤
khó,坷
khónn,坷
hōng,奉
phun,奔
nî,妮
thán,妲
tat,妲
tsiá,姐
sū,姒
sāi,姒
uí,委
bīng,孟
tsong,宗
tiū,宙
uán,宛
gî,宜
kong,岡
ga̍k,岳
tia̍t,帙
tshiú,帚
tsiú,帚
hiân,弦
hôo,弧
pí,彼
hut,彿
tsing,征
hut,忽
hún,忿
phà,怕
phànn,怕
pòo,怖
î,怡
khiap,怯
hi̍k,或
lē,戾
bóo,拇
bú,拇
bó,拇
thok,拓
khu,拘
khi,拘
tsuat,拙
u,於
i,於
û,於
î,於
gông,昂
khun,昆
sing,昇
hō,昊
hōo,昊
tshiong,昌
tshiang,昌
sik,昔
pîng,朋
hâng,杭
hông,杭
kia̍t,杰
tshú,杵
tshí,杵
thú,杵
pâ,杷
pê,杷
óng,枉
sik,析
tsím,枕
him,欣
kî,歧
ta̍p,沓
huì,沸
hóng,況
siat,泄
po̍k,泊
phik,泊
pì,泌
hông,泓
huàn,泛
khip,泣
nî,泥
iong,泱
iang,泱
īng,泳
bo̍k,牧
a̍p,狎
hôo,狐
muî,玫
tik,的
píng,秉
kiong,穹
tiok,竺
ngâu,肴
ngōo,臥
gō,臥
sià,舍
siá,舍
tsi,芝
khiàm,芡
hun,芬
pa,芭
tsí,芷
khîn,芹
khûn,芹
sat,虱
sik,虱
huán,返
tí,邸
tshái,采
tsóo,阻
tô,陀
tôo,陀
hū,附
hù,附
liōng,亮
liāng,亮
bú,侮
hē,係
tsùn,俊
tshiàu,俏
lī,俐
hu,俘
lí,俚
jû,俞
lû,俞
kiap,俠
mōo,冒
tsik,則
kìng,勁
kīng,勁
pu̍t,勃
bián,勉
puān,叛
tsí,咫
ian,咽
iat,咽
hîng,型
kóo,垢
kió,垢
káu,垢
huân,垣
uân,垣
kan,姦
in,姻
ian,姻
tshí,姼
tsu,姿
ui,威
ua,娃
suan,宣
iū,宥
huān,宦
ok,屋
suè,帥
suì,帥
sut,帥
iu,幽
kiàn,建
gān,彥
giān,彥
tsím,怎
tsuánn,怎
lōo,怒
nōo,怒
sûn,恂
sun,恂
hîng,恆
khue,恢
kuat,括
tsín,拯
kióng,拱
kíng,拱
phìng,拼
ping,拼
phing,拼
si̍p,拾
tsa̍p,拾
kì,既
muī,昧
tso̍k,昨
tsiau,昭
io̍k,昱
koo,枯
kóo,枸
bóo,某
bió,某
jiû,柔
liû,柔
giû,柔
kiū,柩
kán,柬
kho,柯
khoo,柯
kua,柯
liú,柳
tshik,柵
sa,柵
iong,殃
iang,殃
lo̍k,洛
hiān,炫
hiân,炫
píng,炳
káu,狡
lîng,玲
po,玻
poo,玻
san,珊
sīm,甚
bàng,甭
hông,皇
îng,盈
phàn,盼
tún,盾
tshè,砌
khám,砍
kî,祈
tsí,祉
ú,禹
í,禹
tu̍t,突
kan,竿
kuann,竿
kí,紀
tiū,紂
iâ,耶
phuàn,胖
phuân,胖
phàng,胖
kap,胛
kah,胛
pau,胞
sam,舢
uán,苑
jiám,苒
liám,苒
giám,苒
lîng,苓
biâu,苗
kho,苛
khoo,苛
o,苛
pau,苞
kóo,苟
kió,苟
ing,英
tong,苳
tang,苳
bōo,茂
biō,茂
huān,范
bua̍t,茉
ba̍k,茉
bua̍h,茉
iàu,要
iau,要
hù,訃
tsing,貞
khuí,軌
kuí,軌
ka,迦
kia,迦
khia,迦
ti̍k,迪
tia̍t,迭
su̍t,述
hiok,郁
siû,酋
lōo,陋
liō,陋
bi̍k,陌
uí,韋
uî,韋
kiú,韭
kú,韭
siú,首
sîng,乘
sīng,乘
hú,俯
ku,俱
ki,俱
pâi,俳
hōng,俸
lióng,倆
hīng,倖
hōo,候
hiō,候
hāu,候
tshiong,倡
tshiòng,倡
tshiang,倡
tshiàng,倡
kuān,倦
lûn,倫
ui,倭
e,倭
bîng,冥
tiau,凋
lîng,凌
phóo,剖
phió,剖
kong,剛
khing,卿
guân,原
tiat,哲
thiat,哲
so,唆
soo,唆
sō,唆
ai,埃
lua̍t,埒
lua̍h,埒
phing,娉
phìng,娉
gû,娛
gî,娛
gōo,娛
ngōo,娛
ná,娜
kuan,娟
ngôo,娥
bián,娩
buán,娩
tsáinn,宰
tsái,宰
iàn,宴
siau,宵
kio̍k,屐
ki̍k,屐
kia̍h,屐
siat,屑
sap,屑
sut,屑
hong,峰
tsùn,峻
kiap,峽
sû,徐
tshî,徐
kìng,徑
khióng,恐
sù,恕
ua̍t,悅
ia̍t,悅
puē,悖
ngōo,悟
gōo,悟
ná,拿
tshò,挫
tshòo,挫
tshiok,捉
kuan,捐
pōo,捕
póo,捕
pông,旁
tsìn,晉
sok,朔
kia̍t,桀
kuì,桂
guî,桅
uî,桅
sûn,殉
sû,殊
ióng,氧
thài,泰
tsiat,浙
phóo,浦
hō,浩
hōo,浩
lōng,浪
sia̍p,涉
lo̍k,烙
ti̍k,特
lî,狸
puē,狽
puē,珮
puè,珮
liû,琉
puān,畔
pún,畚
pùn,畚
pūn,畚
bóo,畝
bió,畝
phî,疲
kam,疳
thán,疸
tán,疸
tsín,疹
tsi̍t,疾
tsi̍k,疾
kí,矩
kú,矩
phàu,砲
iū,祐
pì,祕
tsōo,祚
tsà,祚
pì,秘
tsîn,秦
tia̍t,秩
te,秪
ti,秪
tsu̍t,秫
tsik,窄
iáu,窈
pa,笆
bûn,紋
liú,紐
hun,紛
ko,羔
koo,羔
tshì,翅
kî,耆
king,耕
ûn,耘
ian,胭
î,胰
kong,胱
tsi,脂
hia̍p,脅
pán,舨
hông,航
hâng,航
kau,茭
ka,茭
kha,茭
ho̍k,茯
tsu,茱
in,茵
jiông,茸
liông,茸
giông,茸
sûn,荀
hīng,荇
king,荊
tsiàn,荐
lē,荔
nāi,荔
khiân,虔
bûn,蚊
pāng,蚌
ín,蚓
kong,蚣
kang,蚣
tsó,蚤
tsóo,蚤
tsáu,蚤
la̍p,衲
thiong,衷
sìn,訊
hùn,訓
khí,豈
kòng,貢
kiong,躬
jio̍k,辱
lio̍k,辱
gio̍k,辱
huê,迴
kūn,郡
tsiok,酌
pē,陛
pè,陛
hia̍p,陝
siám,陝
sing,陞
uí,偉
kai,偕
tshik,側
tsing,偵
ngóo,偶
gió,偶
guī,偽
hông,凰
khàm,勘
kham,勘
li̍k,匿
siû,售
siū,售
uî,唯
î,唯
siong,商
siang,商
khé,啟
pi,啡
hui,啡
lûn,圇
khuân,圈
khuan,圈
pōo,埠
tsip,執
puê,培
tshia,奢
tshiong,娼
tshiang,娼
uán,婉
piáu,婊
pī,婢
tsi̍k,寂
tsi̍p,寂
tsi̍t,寂
tôo,屠
tsông,崇
tshui,崔
gâi,崖
lûn,崙
lūn,崙
tsâu,巢
uî,帷
siông,常
siâng,常
am,庵
iông,庸
huī,彗
tshái,彩
piu,彪
pin,彬
pâi,徘
gū,御
gī,御
sik,悉
sit,悉
iu,悠
iû,悠
huān,患
tshe,悽
tshinn,悽
tshi,悽
bóng,惘
uî,惟
î,惟
tshik,戚
siá,捨
tuat,掇
tuah,掇
siū,授
khòng,控
bín,敏
sū,敘
sī,敘
pē,敝
pè,敝
sîn,晨
tsô,曹
tsôo,曹
bān,曼
liông,梁
liâng,梁
niû,梁
niôo,梁
hiau,梟
ngôo,梧
gôo,梧
so,梭
soo,梭
hāi,械
huān,梵
khì,棄
io̍k,欲
hô,毫
hôo,毫
siân,涎
iân,涎
gâi,涯
i̍k,液
kî,淇
siok,淑
tshe,淒
tsīng,淨
lûn,淪
îm,淫
huâi,淮
ian,淵
hūn,混
phing,烹
tshiong,猖
tshiang,猖
pit,畢
lio̍k,略
lio̍h,略
ī,異
īnn,異
tshû,疵
khue,盔
tsu,硃
liû,硫
siông,祥
siâng,祥
thiau,祧
î,移
thiáu,窕
kìng,竟
sing,笙
luí,累
luī,累
sin,紳
siāu,紹
tsiau,紹
tsiong,終
thóng,統
siu,羞
si̍p,習
lîng,聆
liâu,聊
tûn,唇
phau,脬
pha,脬
tōo,脰
tiō,脰
tāu,脰
hiân,舷
tōo,荳
tiō,荳
tāu,荳
hô,荷
hō,荷
So,莎
Soo,莎
Sa,莎
king,莖
hiān,莧
hīng,莧
bóng,莽
tshú,處
tshù,處
tshí,處
tshì,處
tān,蛋
ka,袈
pâu,袍
phàu,袍
siū,袖
siù,袖
bi̍k,覓
siōng,訟
hóng,訪
tûn,豚
thûn,豚
pîn,貧
tsik,責
tsí,趾
siau,逍
sok,速
hông,逢
pâng,逢
lîng,陵
tô,陶
tôo,陶
khing,頃
khíng,頃
khuí,傀
kui,傀
kia̍t,傑
pī,備
khái,凱
sìng,勝
sing,勝
thò,唾
thòo,唾
lat,喇
hôo,喉
hiô,喉
âu,喉
huàn,喚
hí,喜
suan,喧
kiâu,喬
jū,喻
lū,喻
jī,喻
pó,堡
póo,堡
thê,堤
giâu,堯
tiān,奠
tîng,婷
bī,媚
kua,媧
o,媧
ua,媧
bī,寐
gū,寓
gī,寓
lâm,嵐
tshè,廁
siong,廂
siang,廂
siunn,廂
lông,廊
ho̍k,復
hok,復
hiū,復
pi,悲
būn,悶
hi̍k,惑
huī,惠
hông,惶
hiânn,惶
tshik,惻
jû,愉
lû,愉
jî,愉
go̍k,愕
khài,慨
kik,戟
iông,揚
iâng,揚
kiat,揭
khiat,揭
hui,揮
uân,援
uān,援
tun,敦
pin,斌
huí,斐
pan,斑
su,斯
phóo,普
tì,智
sú,暑
sí,暑
kùn,棍
pāng,棒
tông,棠
tsān,棧
tsàn,棧
sim,森
som,森
sam,森
tshe,棲
se,棲
si̍t,植
phòng,椪
khim,欽
si̍k,殖
si̍t,殖
jû,渝
lû,渝
jî,渝
tsa,渣
tse,渣
tshik,測
iû,游
biáu,渺
hûn,渾
hūn,渾
siong,湘
siang,湘
khài,溉
tsu,滋
tsiau,焦
iām,焰
iām,焱
iānn,焱
jiân,然
liân,然
giân,然
sing,猩
iû,猶
tok,琢
kî,琦
kî,琪
lîm,琳
pî,琵
sing,甥
phí,痞
lī,痢
ting,登
hō,皓
hōo,皓
tō,盜
tōo,盜
siau,硝
hi,稀
kán,稈
kuáinn,稈
kuínn,稈
kuánn,稈
khún,窘
tshik,策
tsú,紫
tsí,紫
lo̍k,絡
hiàn,絢
kip,給
sù,絮
sì,絮
kàng,絳
kòng,絳
siông,翔
siâng,翔
siok,肅
i̍k,腋
hú,腑
sùn,舜
tshì,莿
tsing,菁
tshenn,菁
tshinn,菁
tshiong,菖
tshiang,菖
phôo,菩
huâ,華
hua,華
lîng,菱
hui,菲
huí,菲
tô,萄
lâi,萊
phîng,萍
pîng,萍
phiô,萍
uí,萎
ua,蛙
tsu,蛛
tu,蛛
kau,蛟
kap,蛤
ho̍k,袱
sī,視
tsín,診
tsà,詐
tsiàu,詔
tiau,貂
jī,貳
lī,貳
gī,貳
tāi,貸
hō,賀
hōo,賀
pua̍t,跋
pua̍h,跋
tia̍t,跌
kī,距
kū,距
ti̍k,軸
tio̍k,軸
koo,辜
tāi,逮
tsiu,週
i̍t,逸
i̍k,逸
ia̍t,逸
iû,郵
tshau,鈔
kun,鈞
kin,鈞
bín,閔
liông,隆
hông,隍
kai,階
kòo,雇
bûn,雯
han,頇
su,須
si,須
hik,黑
tsí,黹
ngōo,傲
gō,傲
khing,傾
khîn,勤
khûn,勤
oo,嗚
sū,嗣
sû,嗣
so,嗦
sòo,塑
sok,塑
sài,塞
sik,塞
ò,奧
òo,奧
sik,媳
sit,媳
tshu,嵯
liâm,廉
bî,微
bín,愍
bián,愍
gû,愚
gî,愚
khuì,愧
lik,慄
tsû,慈
hong,慌
ùn,慍
sīn,慎
phok,搏
tsim,斟
hā,暇
hē,暇
ūn,暈
n̄g,暈
uīnn,暈
hui,暉
luán,暖
tshuê,棰
tshê,棰
tshóo,楚
bî,楣
bâi,楣
khia̍t,楬
ki̍k,極
khái,楷
khài,概
jû,榆
lû,榆
jî,榆
jiû,榆
liû,榆
him,歆
tiān,殿
kiàn,毽
guân,源
un,溫
sòo,溯
sok,溯
li̍k,溺
tshong,滄
tian,滇
tsú,滓
tsáinn,滓
tsái,滓
liān,煉
hông,煌
muî,煤
buê,煤
huàn,煥
iông,煬
iâng,煬
iāng,煬
tia̍p,牒
ku̍t,猾
uí,瑋
hâ,瑕
ló,瑙
lóo,瑙
ôo,瑚
hôo,瑚
ing,瑛
jû,瑜
lû,瑜
jî,瑜
suī,瑞
sik,瑟
puì,痱
tshi,痴
pì,痹
pì,痺
bîng,盟
tsing,睛
tok,督
bo̍k,睦
tsiap,睫
tsiah,睫
tóo,睹
phîng,硼
tuì,碓
to̍k,碡
ta̍k,碡
kî,祺
lo̍k,祿
khîm,禽
tī,稚
lîng,稜
tiû,稠
sut,窣
ûn,筠
liông,粱
liâng,粱
páng,綁
tì,置
suān,羨
siān,羨
sù,肆
thíng,艇
hio̍h,葉
ia̍p,葉
pôo,葡
phû,葡
hôo,葫
kuî,葵
thuè,蛻
sio̍k,蜀
gôo,蜈
ngôo,蜈
sû,蜍
sî,蜍
tsî,蜍
tsû,蜍
gê,衙
kiap,裌
lí,裏
è,裔
ì,裔
jū,裕
lū,裕
jī,裕
sa,裟
se,裟
sûn,詢
gē,詣
tshuan,詮
khiat,詰
siông,詳
siâng,詳
tsiam,詹
khua,誇
bi̍k,貉
ho̍k,貉
lōo,賂
hué,賄
tsu,資
ká,賈
kóo,賈
phik,辟
tūn,遁
suī,遂
ta̍t,達
uî,違
siû,酬
tô,鉈
ài,隘
tī,雉
thī,雉
tsīng,靖
pà,靶
pé,靶
guân,頑
pan,頒
sik,飾
tî,馳
sûn,馴
khiu,鳩
kiâu,僑
po̍k,僕
liâu,僚
tsing,僧
tsiàm,僭
tshiàm,僭
ka,嘉
tîn,塵
sio̍k,塾
hónn,夥
hué,夥
hé,夥
phiâu,嫖
tik,嫡
siông,嫦
hu,孵
bo̍k,寞
tshat,察
tshím,寢
liâu,寥
lîng,寧
lú,屢
lí,屢
tsám,嶄
pè,幣
liāu,廖
pè,弊
pē,弊
tsiong,彰
tsiang,彰
thiat,徹
thài,態
kuàn,慣
kian,慳
khóng,慷
tsia̍t,截
thiat,撤
kì,暨
tsin,榛
tsà,榨
îng,榮
liû,榴
kòo,構
kiò,構
huâi,槐
khiàm,歉
khiám,歉
hōo,滬
tī,滯
hóo,滸
lo̍k,漉
bo̍k,漠
bôo,漠
bān,漫
tsiong,漳
tsiang,漳
tsiām,漸
thiat,澈
siàn,煽
hun,熏
khò,犒
khòo,犒
só,瑣
sóo,瑣
kuì,瑰
hong,瘋
iông,瘍
iâng,瘍
phik,碧
si̍k,碩
si̍t,碩
tsû,磁
tsing,禎
tshing,稱
tshìng,稱
o,窩
iân,筵
tsian,箋
tsing,箏
ki,箕
tshuì,粹
suì,粹
tsong,綜
tsòng,綜
tiû,綢
uî,維
î,維
kong,綱
lûn,綸
kuan,綸
khí,綺
tshiok,綽
lîng,綾
sū,緒
sī,緒
tshuì,翠
tsū,聚
tsī,聚
bûn,聞
tiāu,肇
pông,膀
liám,膁
kik,膈
keh,膈
tâi,臺
bông,蒙
pôo,蒲
tsing,蒸
tsin,蒸
tshong,蒼
ho,蒿
hoo,蒿
o,蒿
iông,蓉
sue,蓑
sui,蓑
ti,蜘
kî,蜞
khî,蜞
bíng,蜢
bīng,蜢
piáu,裱
kó,裹
kóo,裹
tsè,製
tsì,製
kuà,褂
tsì,誌
bû,誣
siōng,誦
hô,豪
hôo,豪
māu,貌
bāu,貌
tsín,賑
pin,賓
tiō,趙
buán,輓
hū,輔
hú,輔
iâu,遙
sùn,遜
tē,遞
khián,遣
khok,酷
bîng,銘
bân,閩
tsè,際
tsiòng,障
tsiàng,障
su,需
iòng,鞅
iàng,鞅
ióng,鞅
iáng,鞅
phó,頗
phóo,頗
thai,颱
kàu,餃
kiáu,餃
hiòng,餉
hiàng,餉
tôo,骰
tiô,骰
tâu,骰
khue,魁
thok,魠
thoh,魠
thuh,魠
bîng,鳴
kiong,僵
kiang,僵
khiong,僵
phik,僻
phiah,僻
gî,儀
ki̍k,劇
kio̍k,劇
kia̍k,劇
phik,劈
liû,劉
lâu,劉
lo,嘮
siàu,嘯
hi,嘻
tsing,增
tun,墩
tuī,墮
hi,嬉
lí,履
bōo,慕
huī,慧
lī,慮
lū,慮
uì,慰
khìng,慶
tshik,慼
tsheh,慼
tshueh,慼
io̍k,慾
tān,憚
giâu,憢
hún,憤
hùn,憤
bín,憫
lio̍k,戮
môo,摩
tsì,摯
bôo,摹
bōo,摹
tsún,撙
hú,撫
bú,撫
tsuat,撮
tshuat,撮
tsuān,撰
ti̍k,敵
hu,敷
bōo,暮
li̍k,暱
li̍t,暱
liân,槤
lián,槤
tshu,樞
thàn,歎
gē,毅
gī,毅
kiat,潔
tsiâm,潛
ló,潦
nóo,潦
tiâu,潮
tiô,潮
tshan,潺
tîng,澄
phîng,澎
phênn,澎
phînn,澎
thong,熥
thang,熥
liâu,獠
îng,瑩
lî,璃
lê,璃
un,瘟
sóo,瘦
sió,瘦
khak,確
luí,磊
tsho,磋
tshoo,磋
tsik,稷
tō,稻
tōo,稻
kok,穀
kak,穀
tsim,箴
tsû,糍
tsî,糍
tuān,緞
thè,締
tè,締
huī,緯
tì,緻
kiat,羯
phian,翩
tshik,膝
sik,膝
thong,蓪
hông,蓬
liân,蓮
bia̍t,蔑
bān,蔓
uì,蔚
tshài,蔡
tshuà,蔡
pè,蔽
uē,衛
hok,複
ho̍k,複
tān,誕
tàn,誕
huí,誹
gī,誼
liōng,諒
liāng,諒
tsu,諸
sū,豎
hù,賦
tshù,趣
tshì,趣
tsiān,踐
tshi̍k,踔
tshái,踩
hui,輝
ngôo,遨
gô,遨
sik,適
tso,遭
tsoo,遭
tīng,鄧
sûn,醇
hān,銲
huānn,銲
juē,銳
luē,銳
lū,鋁
lī,鋁
hong,鋒
thû,鋤
thî,鋤
tî,鋤
tû,鋤
lōng,閬
lông,閬
tsìn,震
kióng,鞏
khiat,頡
kiat,頡
tsù,駐
kà,駕
tô,駝
tôo,駝
huat,髮
hong,魴
hang,魴
thìm,鴆
thim,鴆
a,鴉
lê,黎
jû,儒
lû,儒
jî,儒
tsín,儘
tsīn,儘
tse,劑
tsè,劑
hun,勳
juē,叡
luē,叡
huân,圜
uân,圜
khún,墾
hùn,奮
tō,導
tōo,導
ik,憶
it,憶
hām,憾
ò,懊
òo,懊
àu,懊
ióng,擁
siān,擅
hiáu,曉
tsiâu,樵
huâ,樺
huā,樺
li̍k,歷
tsó,澡
tsóo,澡
ti̍k,澤
ò,澳
òo,澳
lông,濃
iām,燄
phok,璞
phiâu,瓢
phiô,瓢
lio̍k,磟
la̍k,磟
gū,禦
gī,禦
soo,穌
tiàu,窵
kui,窺
khui,窺
tiok,築
tio̍k,築
tok,篤
tsòo,縐
tsiò,縐
tshiù,縐
hān,翰
jī,膩
lī,膩
gī,膩
huan,蕃
huân,蕃
iông,融
hiông,融
bîng,螟
îng,螢
hîng,衡
jio̍k,褥
lio̍k,褥
gio̍k,褥
pit,觱
tia̍p,諜
tè,諦
hâi,諧
jū,諭
lū,諭
jī,諭
am,諳
lo̍k,諾
bôo,謀
biô,謀
uī,謂
ū,豫
ī,豫
ióng,踴
hok,輻
piān,辨
tî,遲
tsun,遵
uî,遺
liâu,遼
tsui,錐
kím,錦
gím,錦
iâm,閻
giâm,閻
suī,隧
sap,霎
kíng,頸
tuê,頹
pîn,頻
tshan,餐
tsiàn,餞
tsián,餞
lo̍k,駱
lo̍h,駱
hâi,骸
páu,鮑
pâu,鮑
pau,鮑
pāu,鮑
koo,鮕
uan,鴛
tshi,鴟
koo,鴣
bi̍k,默
siông,償
sióng,償
luí,儡
lé,儡
iu,優
tû,儲
tî,儲
lē,勵
hô,壕
hôo,壕
sū,嶼
sī,嶼
ga̍k,嶽
bí,彌
bî,彌
mí,彌
mî,彌
khún,懇
nōo,懦
kik,擊
khîng,擎
king,擎
gí,擬
liám,斂
pē,斃
ài,曖
kuè,檜
kiám,檢
kiong,殭
kiang,殭
khiong,殭
liām,殮
tsian,氈
tsinn,氈
tsè,濟
tsé,濟
tô,濤
tôo,濤
pin,濱
tshàn,燦
liâu,療
liāu,療
lô,癆
sùn,瞬
liáu,瞭
liâu,瞭
tông,瞳
kiáu,矯
hông,磺
n̂g,磺
uînn,磺
siáu,篠
tshò,糙
tshòo,糙
tso,糟
tsoo,糟
tsau,糟
lî,縭
tshiòng,縱
tshiong,縱
tshióng,縱
huân,繁
biû,繆
biū,繆
tshong,聰
tshang,聰
ik,臆
liám,臉
kí,舉
kú,舉
tsô,艚
tsôo,艚
kan,艱
lōo,蕗
luí,蕾
bî,薇
kuè,薈
uè,薈
huē,薈
hē,薈
ì,薏
tshiông,薔
tshiâng,薔
tshiûnn,薔
tshiônn,薔
sin,薪
khui,虧
tshiong,螿
tshiang,螿
tsiunn,螿
tsionn,螿
sut,蟀
ti̍t,蟄
ti̍p,蟄
ti̍k,蟄
siong,襄
siang,襄
thîng,謄
hóng,謊
hong,謊
bē,謎
bī,謎
pòng,謗
khiam,謙
iâu,謠
tām,賺
tsiām,賺
kòo,購
kiò,購
káng,購
tō,蹈
tōo,蹈
tsho,蹉
tshoo,蹉
hê,蹊
hat,轄
ha̍t,轄
pī,避
māi,邁
tshiú,醜
tōo,鍍
tsa̍t,鍘
tsa̍h,鍘
kiān,鍵
tsim,鍼
tsiam,鍼
phàn,闆
pán,闆
sui,雖
kiok,鞠
tsùn,駿
kau,鮫
ka,鮫
hông,鴻
tāi,黛
hiòng,嚮
hiàng,嚮
jiáu,擾
liáu,擾
giáu,擾
pin,檳
lîng,檸
líng,檸
suân,璿
tsiam,瞻
tshóo,礎
uè,穢
è,穢
tshuàn,竄
kán,簡
tsim,簪
tsiam,簪
tsam,簪
thâm,罈
sat,薩
tsōng,藏
tsông,藏
biáu,藐
biū,謬
oo,謳
io,謳
kín,謹
tsuè,贅
tsik,蹟
tsong,蹤
tso,蹧
tsau,蹧
lo̍k,轆
tia̍t,轍
lî,釐
iông,鎔
iâng,鎔
iûnn,鎔
iônn,鎔
khap,闔
ha̍p,闔
khuat,闕
tshuàng,闖
tshiu,鞦
bián,鮸
sa,鯊
sua,鯊
kuan,鵑
huāi,壞
lóng,壟
li̍k,壢
tîng,懲
huâi,懷
khòng,曠
lôo,瀘
lū,瀘
hān,瀚
siau,瀟
po̍k,爆
to̍k,牘
to̍k,犢
siù,獸
that,獺
thuah,獺
kiong,疆
kiang,疆
tshi,癡
bông,矇
tó,禱
tóo,禱
hi̍k,穫
huē,繪
lô,羅
lôo,羅
ngóo,藕
gió,藕
ngāu,藕
siâm,蟾
sîng,蠅
sîn,蠅
iat,蠍
giat,蠍
khim,襟
hua,譁
ki,譏
tâm,譚
thâm,譚
tsīng,贈
tsàn,贊
tsun,蹲
tû,躇
tî,躇
tso̍k,鏃
tshiong,鏘
tshiang,鏘
tian,顛
buân,饅
bân,饅
sióng,鯗
siáng,鯗
siúnn,鯗
siónn,鯗
tshiong,鯧
tshiang,鯧
tshiunn,鯧
tshionn,鯧
liâm,鯰
ian,鵪
phîng,鵬
tiau,鵰
kî,麒
lê,麗
lē,麗
pâng,龐
bâng,龐
ing,嚶
inn,嚶
enn,嚶
song,孀
gia̍t,孽
tshàm,懺
lông,櫳
lân,瀾
tōo,竇
tiō,竇
kīng,競
tiû,籌
tsi̍k,籍
kè,繼
iāu,耀
lām,艦
ái,藹
lôo,蘆
soo,蘇
pîn,蘋
môo,蘑
lâm,襤
kak,覺
kíng,警
kìng,警
phì,譬
i̍k,譯
gī,議
that,躂
lé,醴
sik,釋
siù,鏽
liâu,鐐
tshián,闡
hing,馨
hiong,馨
hiann,馨
thîng,騰
so,騷
soo,騷
jiû,鰇
liû,鰇
giû,鰇
lîng,齡
hiau,囂
sio̍k,屬
tsiok,屬
khū,懼
kī,懼
kū,懼
hê,攜
ing,櫻
hi,犧
lông,礱
lâng,礱
tîn,籐
tîng,籐
sio̍k,續
lám,覽
khiàn,譴
khián,譴
hōo,護
ū,譽
ī,譽
tsīn,贐
sīn,贐
tiû,躊
io̍k,躍
ia̍k,躍
ing,轟
hong,轟
luî,鐳
pi̍t,闢
pi̍k,闢
phik,霹
phiau,飆
hióng,饗
hiáng,饗
khu,驅
khi,驅
môo,魔
ing,鶯
siā,麝
ám,黯
ì,懿
sá,灑
ún,癮
ín,癮
si̍p,襲
kàm,鑑
hiau,驍
kiau,驕
suat,鱈
tsià,鷓
oo,鷗
io,鷗
thi,麶
kham,龕
tshiap,竊
tshiat,竊
siān,鱔
tshuānn,鱔
jiâu,鱙
liâu,鱙
giâu,鱙
si,鷥
lîn,麟
tsiok,囑
pà,壩
pè,壩
jiōng,釀
liōng,釀
jiāng,釀
him,鑫
li̍k,靂
tshian,韆
pìn,鬢
lōo,鷺
lî,籬
bân,蠻
tsàn,讚
kuân,顴
kuàn,顴
kho̍k,鱷
go̍k,鱷
lôo,鸕
iām,豔
ing,鸚
luân,鸞
io̍k,籲
jū,籲
lū,籲
lóo,硓
kap,䘥
kah,䘥
iam,𧌄
am,𧌄
gān,諺
tsai,哉
tsi,梔
ki,梔
tō,悼
tōo,悼
suân,旋
siōng,頌
luân,戀
luān,戀
tsiâu,憔
tsuī,悴
tsiàn,薦
ùn,蘊
tsuè,最
iû,尤
tshu,趨
tshi,趨
siông,嘗
siâng,嘗
tshòo,措
kuī,饋
u,污
ù,污
hē,繫
tuàn,鍛
thuàn,鍛
pí,妣
lîm,霖
luân,鑾
bī,魅
muī,魅
tsiàm,佔
ong,汪
ang,汪
kio̍k,侷
ai,哎
ián,衍
ka,耞
kénn,耞
kínn,耞
hûn,焚
soo,搜
sio,搜
tsin,甄
huí,翡
huē,潰
huì,潰
khuì,潰
ài,噯
tsu,諮
līn,遴
lîn,遴
tô,鴕
hân,韓
tâi,檯
pìn,殯
pin,殯
lô,邏
lō,邏
sīng,晟
sîng,晟
kik,墼
kat,墼
thok,托
thuh,托
lué,餒
kiu,勼
hông,㑂
thú,㑏
hîng,㑞
māu,㑤
tsi̍t,㑵
ba̍t,㑻
iong,㒕
tok,㓸
kong,㓻
ap,㔩
ián,㕣
áu,㕭
hú,㕮
hong,㕼
tsiu,㖄
tshàn,㛑
bám,㛧
am,㛺
thuí,㞂
ku,㞐
kong,㟵
hong,㠦
hān,㢃
bî,㣲
tok,㧻
ba̍t,㨸
ku,㪺
hu,㭪
bî,㵟
ap,㷈
ia̍p,㷈
thui,㷟
hong,㸼
thu,㻬
iong,㻾
kong,㽘
ian,㾓
kông,㾠
thuí,㾽
ku,䀠
hong,䀱
au,䁱
hông,䂫
hông,䃔
iong,䄃
hông,䆖
hông,䉺
bîng,䊅
kiān,䊕
tsiū,䊘
hîng,䊺
hóng,䌙
hòng,䌙
tok,䐁
tsit,䐈
ióng,䑆
tsha,䑡
gôo,䓊
bâu,䓮
hù,䔰
bî,䕳
bîng,䖟
khut,䖦
bí,䖹
ióng,䖹
tiông,䗅
ian,䗡
kián,䙭
kong,䚗
hīng,䛭
tshau,䜈
bāi,䜕
hông,䜶
ku,䝻
ián,䞁
iàn,䞁
thong,䞶
ak,䠎
hù,䣱
hù,䣴
am,䤃
bîng,䥰
at,䦪
hong,䦭
tsiu,䨂
tshán,䩆
àm,䬓
bí,䭧
hông,䭰
at,䯉
hîng,䯒
at,䰲
kong,䰸
iong,䱀
bí,䱊
iân,䳒
bîng,䳟
hu,䴸
thong,䵯
hû,䵾
khó,丂
bān,万
ki,丌
kì,丌
kî,丌
bián,丏
kài,丐
kat,丐
phi,丕
sîng,丞
lióng,両
iú,丣
lióng,两
khún,丨
kiu,丩
kik,丮
hong,丰
kài,丰
kuàn,丱
sán,丳
tshiok,丵
tsíng,丼
tom,丼
phuat,丿
hut,乀
lia̍t,乀
tshē,乂
gāi,乂
ngāi,乂
nái,乃
kiú,乆
tsik,乇
tik,乇
tsà,乍
tsā,乍
piàng,乓
tsiat,乜
mih,乜
luān,乱
tsiá,乸
kan,乹
khiân,乹
thai,乿
tî,乿
tī,乿
kuat,亅
tsing,争
tshiok,亍
ki,亓
kì,亓
kî,亓
huân,亘
kìng,亙
khìng,亙
sia,些
kik,亟
khì,亟
khòng,亢
khong,亢
tsin,亲
po̍k,亳
tsian,亶
tán,亶
thán,亶
tian,亶
bí,亹
bûn,亹
tsi̍p,亼
ji̍p,亼
si̍p,什
li̍k,仂
ting,仃
hù,仅
pat,仈
tsióng,仉
ping,仌
jîng,仍
hian,仚
thok,仛
hông,仜
tsuân,仝
tông,仝
jīm,仞
gut,仡
git,仡
gu̍t,仡
tsiok,仢
huán,仮
tshiàu,仯
biáu,仯
khiâm,仱
pí,仳
pî,仳
gua̍t,仴
kài,价
iáu,仸
hong,仹
tsiong,伀
phài,伂
tiàu,伄
tún,伅
bún,伆
i̍k,伇
sím,伈
khòng,伉
kong,伉
khip,伋
kip,伋
ài,伌
kî,伎
kī,伎
tsiòng,众
thīn,伨
hiân,伭
lôo,伮
ní,伱
ní,伲
siat,伳
hik,伵
hiù,伵
su,伺
sū,伺
phing,伻
ka,伽
kiâ,伽
phi,伾
huì,佀
tsing,佂
māi,佅
khu,佉
tshú,佌
sú,佌
te,低
iong,佒
ióng,佒
iòng,佒
pūn,体
thé,体
pit,佖
pi̍t,佖
thò,佗
thō,佗
tô,佗
siâ,佘
û,余
tôo,余
sû,余
i̍k,佚
tia̍t,佚
khòo,佝
kòo,佝
līn,佞
tong,佟
jínn,你
jú,你
ní,你
kū,佢
ho̍k,佫
hâng,佭
iông,佯
pik,佰
pah,佰
huat,佱
bíng,佲
jī,佴
nāi,佴
kiat,佶
hîng,佷
hua̍t,佸
kuat,佸
khuí,佹
kui,佹
kuí,佹
tshuan,佺
tsuân,佺
iâu,佻
thiau,佻
tiáu,佻
tiâu,佻
káu,佼
tshù,佽
i̍k,佾
hîng,侀
sin,侁
thok,侂
to̍k,侂
khán,侃
tsit,侄
ti̍t,侄
kai,侅
tshí,侈
khua,侉
khu,侉
kong,侊
im,侌
bi,侎
mi,侎
tsu,侏
huì,侐
iū,侑
an,侒
lu̍t,侓
bôo,侔
jî,侕
lûn,侖
thong,侗
thóng,侗
tong,侗
tông,侗
tshà,侘
thi̍k,侘
thà,侘
sùn,侚
tsiu,侜
jû,侞
khún,侰
tsin,侲
tsìn,侲
tshò,侳
tso,侳
lū,侶
thíng,侹
sīm,侺
thuat,侻
lâm,侽
hau,侾
thuí,俀
gú,俁
kiû,俅
kòng,俇
kông,俇
khok,俈
gōo,俉
ip,俋
hú,俌
liông,俍
liōng,俍
tsóo,俎
ióng,俑
thòng,俑
hūn,俒
kìng,俓
hián,俔
sàm,俕
phué,俖
puē,俖
hi,俙
bián,俛
hú,俛
kî,俟
sū,俟
ki,俥
ku,俥
hō,俰
hāu,俲
tsián,俴
piáu,俵
tshiok,俶
thik,俶
siok,俶
huí,俷
iam,俺
iàm,俺
pī,俻
tsiok,俼
io̍k,俼
him,俽
phi,俾
pi,俾
pī,俾
tshîng,倀
tiông,倀
kiū,倃
hâu,倄
tsut,倅
uán,倇
lâi,倈
lāi,倈
thián,倎
siok,倏
bûn,們
būn,們
tâm,倓
tām,倓
ku̍t,倔
suî,倕
pîng,倗
thóng,倘
khi,倛
thik,倜
tiû,倜
kàn,倝
kīng,倞
kiōng,倞
liōng,倞
hui,倠
tsia̍p,倢
tsia̍t,倢
tsiap,倢
hóng,倣
khong,倥
khóng,倥
khòng,倥
tsong,倧
kù,倨
kì,倨
gê,倪
guê,倪
tok,倬
huá,倮
kó,倮
siông,倯
lîng,倰
līng,倰
hún,倱
hūn,倱
tòng,倲
tsù,倳
ing,偀
tsian,偂
tsián,偂
ián,偃
luān,偄
tsióng,偅
tshún,偆
khì,偈
kiat,偈
kia̍t,偈
píng,偋
pīng,偋
jiá,偌
tê,偍
ue,偎
gān,偐
hong,偑
thóng,偒
ak,偓
go̍k,偔
tshé,偖
tshiá,偖
síng,偗
tshap,偛
puē,偝
ia̍p,偞
hông,偟
iáu,偠
tiám,偡
tshiàu,偢
tshiù,偢
iam,偣
iû,偤
tshi,偨
hū,偩
pik,偪
tī,偫
biān,偭
tship,偮
siat,偰
tshai,偲
su,偲
tuan,偳
tsím,偺
tí,傂
sòo,傃
hat,傄
jióng,傇
jiông,傇
lik,傈
lo̍k,傉
káng,傋
bé,傌
mā,傌
tian,傎
hó,傐
hê,傒
khiàm,傔
khiām,傔
kak,傕
khak,傕
tshing,傖
tshong,傖
tsong,傖
thiok,傗
hāu,傚
ióng,傛
iông,傛
iâu,傜
thap,傝
so,傞
áng,傟
ka,傢
tsham,傪
luí,傫
luī,傫
tshiong,傭
iông,傭
tso,傮
tsóng,傯
pîng,傰
tsiông,傱
sióng,傱
tshiok,傶
tshok,傶
tshióng,傸
thè,傺
sá,傻
hàn,傼
tsiong,傽
ian,傿
iàn,傿
siat,僁
lôo,僂
lú,僂
phiau,僄
phiàu,僄
kín,僅
kīn,僅
lián,僆
liān,僆
lio̍k,僇
bān,僈
tshiam,僉
sian,僊
thàm,僋
tsuān,僎
siàn,僎
tsun,僎
khún,僒
tuê,僓
tsún,僔
hi,僖
lô,僗
lō,僗
kong,僙
khi,僛
tshan,僝
huan,僠
phuan,僠
han,僠
tshuàn,僢
tshún,僢
tshiàm,僣
thiat,僣
siān,僤
tān,僤
giâu,僥
hiau,僥
iâu,僥
kiau,僥
tsiū,僦
hún,僨
hùn,僨
phun,僨
hán,僩
kuat,僪
oo,僫
òo,僫
ok,僫
tsiau,僬
tông,僮
lín,僯
lîn,僯
po̍k,僰
hōo,僱
kòo,僱
bín,僶
ia̍p,僷
kìm,僸
tshiáu,僺
hong,僼
tshiu,僽
tsoo,僽
ài,僾
sì,僿
lông,儂
siân,儃
siān,儃
tong,儅
tòng,儅
kíng,儆
huân,儇
kuè,儈
tshóo,儊
tshù,儊
tam,儋
hiau,儌
kiáu,儌
pìn,儐
gam,儑
tâi,儓
tiû,儔
tse,儕
tshâi,儕
lâm,儖
gí,儗
bîng,儚
bú,儛
lia̍p,儠
lū,儢
khòng,儣
pò,儤
io̍k,儥
phiau,儦
tshin,儭
tshìn,儭
li̍k,儮
lóng,儱
tshâm,儳
jiông,儴
siong,儴
siok,儵
huī,儶
lē,儷
lî,儷
lô,儸
tsán,儹
lô,儺
thóng,儻
giám,儼
luí,儽
jîn,儿
gut,兀
gu̍t,兀
tuê,兊
thòo,兎
sū,兕
ián,兗
tóng,党
sin,兟
king,兢
bông,兦
hê,兮
tshiàu,关
kì,兾
kì,冀
king,冂
kíng,冂
phànn,冇
jiám,冉
híng,冋
tshik,册
king,冏
kíng,冏
mōo,冐
tiū,冑
koo,冓
kóo,冓
kòo,冓
hu,冔
hú,冔
bián,冕
bi̍k,冖
îm,冘
iû,冘
bî,冞
thióng,冢
hù,冨
bi̍k,冪
ping,冫
hōo,冱
tshiong,冲
kuat,决
hóng,况
hòng,况
bín,冺
lia̍t,冽
bián,凂
muí,凂
tshe,凄
kòo,凅
tsīng,凈
liông,凉
kiám,减
kî,凒
lik,凓
tsuê,凗
khím,凚
kìm,凚
lím,凜
kí,几
huàn,凢
huân,凢
ku,凥
tshú,処
tshù,処
hong,凮
hóng,凮
tìng,凳
khám,凵
tu̍t,凸
au,凹
hâm,凾
jīm,刃
jīm,刄
tshong,刅
ngāi,刈
khan,刋
tshún,刌
bún,刎
huâ,划
kò,划
guân,刓
kuat,刔
gua̍t,刖
hut,刜
bín,刡
lîng,刢
līng,刢
tsiong,刣
kiap,刦
kiap,刧
pâu,刨
tshong,刱
tshòng,刱
ke,刲
kuì,刲
khua,刳
koo,刳
tò,刴
jī,刵
tò,剁
kíng,剄
tshò,剉
la̍t,剌
tshat,剎
tshòng,剏
tshok,剒
lê,剓
lē,剓
lì,剓
huì,剕
tshán,剗
tsù,剚
uan,剜
uán,剜
kí,剞
kî,剞
tuat,剟
tsuat,剟
king,剠
iám,剡
siám,剡
iam,剦
hi̍k,剨
tōo,剫
to̍k,剫
tuan,剬
ok,剭
kuánn,剮
gâi,剴
kai,剴
kài,剴
khái,剴
tsuan,剸
tsuán,剸
hôo,剻
phíng,剻
phiau,剽
phiáu,剽
phiàu,剽
kuat,劀
tsiàu,劁
tsiâu,劁
khuat,劂
tsîng,劊
kuè,劊
kuè,劌
uè,劌
hok,劐
kiàm,劒
gē,劓
gī,劓
pī,劓
pi̍t,劓
tsit,劕
tshâm,劖
siám,劖
môo,劘
bî,劘
khuàn,劝
hia̍p,劦
khu,劬
kû,劬
siāu,劭
lô,劳
hāu,効
khong,劻
khiat,劼
kiat,劼
hik,劾
khik,劾
hāi,劾
khik,勀
bín,勄
thik,勅
lông,勆
king,勍
bián,勔
bín,勔
hiok,勖
hiok,勗
hun,勛
lio̍k,勠
tsik,勣
kióng,勥
kiông,勥
tshau,勦
tsâu,勦
īnn,勩
kiok,勪
hia̍p,勰
māi,勱
lū,勴
jiông,勷
pau,勹
tsiok,勺
ûn,勻
pāu,勽
kài,匃
kat,匃
kài,匄
hiong,匈
kiok,匊
iâu,匋
tô,匋
tō,匋
khap,匌
pôo,匍
ap,匎
po̍k,匐
tap,匒
huà,匕
pí,匕
ló,匘
hé,匚
hong,匚
tsat,匝
khòng,匟
khong,匡
ong,匡
a̍p,匣
kiap,匧
jú,匬
khuí,匭
kuí,匭
tan,匰
kuī,匱
uī,匱
liâm,匲
suàn,匴
ián,匽
iàn,匽
sa̍p,卅
huī,卉
huì,卉
huí,卉
bān,卐
tsi̍p,卙
piān,卞
ke,卟
tsa̍h,卡
tsa̍p,卡
iú,卣
iû,卣
ngōo,卧
gō,卧
tsiat,卩
gióng,卬
gông,卬
tsi,卮
siāu,卲
khioh,却
khiok,却
sià,卸
sut,卹
gut,卼
tsik,卽
gān,厂
hàn,厂
gān,厈
ngá,厊
tsí,厎
tí,厎
tsik,厏
tsà,厏
gâi,厓
tsit,厔
bâng,厖
pâng,厖
sià,厙
tsui,厜
huì,厞
tshè,厠
khuat,厥
hā,厦
kì,厩
kiù,厩
ngôo,厫
khuí,厬
kuí,厬
iam,厭
iàm,厭
iám,厴
king,厷
jiú,厹
kiû,厹
khu,厺
khú,厺
khù,厺
sam,叁
tsham,叅
song,双
jio̍k,叒
tuat,叕
hâ,叚
ká,叚
sóo,叟
tho,叨
thik,叱
kiû,叴
phó,叵
hia̍p,叶
hô,号
li̍k,叻
thiáu,叼
hong,叿
hông,叿
be,吀
bí,吀
me,吀
mi,吀
khik,吃
gut,吃
khit,吃
iau,吆
tshà,吒
tshia,吒
tshìm,吢
tshìm,吣
phóo,吥
pa,吧
tûn,吨
ngôo,吪
gô,吪
gín,听
thìng,听
hông,吭
khóng,吭
khòng,吭
hông,吰
tsi,吱
khì,吱
gôo,吴
ngôo,吴
lu̍t,吶
kuat,吷
tsiong,吽
im,吽
gâ,呀
kun,呁
kiàu,呌
phún,呠
bún,呡
nî,呢
iu,呦
tí,呧
tsiù,呪
thiam,呫
thiap,呫
hì,呬
lîng,呬
tsí,呰
tsú,呰
koo,呱
ua,呱
oo,呱
hoo,呴
hu,呴
hú,呴
lôo,呶
lau,呶
lâu,呶
nâu,呶
a̍p,呷
hap,呷
phi,呸
hiau,呺
hô,呺
hō,呺
tàn,呾
kha,呿
khiap,呿
khu,呿
tsóo,咀
hâm,咁
khiám,咁
tsat,咂
tho,咃
tu̍t,咄
pâu,咆
pit,咇
hut,咈
iong,咉
hô,咊
tsik,咋
tsà,咋
īng,咏
tship,咠
ip,咠
jî,咡
jī,咡
go̍k,咢
tshà,咤
tòo,咤
hì,咥
lia̍t,咧
tsu,咨
bí,咩
be,咪
bí,咪
me,咪
mi,咪
khiat,咭
kiat,咭
tiù,咮
tsu,咮
tsa,咱
tshiàu,咲
khik,咳
hâi,咳
khài,咳
tô,咷
hâm,咸
àn,咹
at,咹
huan,咺
suan,咺
hiu,咻
khua,咼
ko,咼
ló,咾
sím,哂
sín,哂
hóng,哄
hōng,哄
hong,哅
tshí,哆
tshiá,哆
to,哆
ua,哇
iok,哊
io̍k,哊
tiā,哋
hióng,响
gīn,哏
gûn,哏
nî,哖
lōng,哢
bâng,哤
ngôo,哦
gô,哦
hik,哧
lí,哩
lī,哩
lô,哪
ná,哪
tshiok,哫
tsiok,哫
khok,哭
hau,哮
hiān,哯
pu̍t,哱
tia̍t,哳
lông,哴
pat,哵
be,哶
bí,哶
me,哶
mi,哶
pōo,哺
hān,哻
khó,哿
gān,唁
kok,唂
puè,唄
hâm,唅
hām,唅
ap,唈
ip,唈
iân,唌
siân,唌
uán,唍
uân,唍
hi,唏
hí,唏
ngôo,唔
phi,唗
tshim,唚
tsim,唚
tsik,唧
hóng,唪
pāng,唪
gîm,唫
kìm,唫
hā,唬
hau,唬
hô,唬
suat,唰
ua,唲
jî,唲
lē,唳
khiòng,唴
am,唵
tsià,唶
io̍k,唷
lâi,唻
tshiap,唼
tsat,唼
hut,唿
gâi,啀
tsiu,啁
tiau,啁
to,啁
khíng,啃
sip,啃
tok,啄
tok,啅
hìng,啈
lâm,啉
tshai,啋
khong,啌
kong,啌
hing,啍
kok,啍
tun,啍
ngōo,啎
tshuì,啐
tsuè,啐
suì,啐
tsut,啐
tshiap,啑
tsiap,啑
khé,啔
tô,啕
tám,啖
tām,啖
tám,啗
tām,啗
tshuat,啜
tuat,啜
hâm,啣
tshì,啻
gâm,啽
tshiu,啾
tsiu,啾
khik,喀
gû,喁
ui,喂
uì,喂
lâm,喃
io̍k,喅
tiat,喆
khiat,喆
tsiat,喆
kai,喈
tia̍p,喋
tsiok,喌
tsiu,喌
tshâ,喍
ua,喎
jiá,喏
im,喑
iau,喓
huí,喟
uí,喟
tshap,喢
hú,喣
hông,喤
tòo,喥
to̍k,喥
gâm,喦
giâm,喦
liōng,喨
khik,喫
giat,喫
gia̍t,喫
khè,喫
gān,喭
phùn,喯
iok,喲
tsa,喳
sò,喿
hak,嗀
hok,嗃
hiù,嗅
tshiong,嗆
iong,嗈
sòo,嗉
hóng,嗊
hòng,嗊
ik,嗌
ak,嗌
sòo,嗍
sok,嗍
má,嗎
mā,嗎
tsha,嗏
hāi,嗐
a̍p,嗑
khap,嗑
tap,嗒
thap,嗒
sóng,嗓
tsin,嗔
thiân,嗔
jio̍k,嗕
hâm,嗛
khiám,嗛
sī,嗜
kik,嗝
tsia,嗟
ong,嗡
ua̍t,嗢
tshi,嗤
pit,嗶
ngôo,嗷
gô,嗷
liân,嗹
tsia,嗻
bo̍k,嗼
sóo,嗾
sòo,嗾
tso̍k,嗾
thám,嗿
tsat,嘁
kiau,嘄
tsô,嘈
gâi,嘊
phiàu,嘌
lôo,嘍
khiat,嘎
kóo,嘏
hau,嘐
kau,嘐
lô,嘐
hoo,嘑
hà,嘑
huī,嘒
kok,嘓
tsik,嘖
hua,嘩
mái,嘪
tsuè,嘬
ki,嘰
tau,嘲
tsuí,嘴
hiau,嘵
su,嘶
hô,嘷
thiok,嘼
than,嘽
bi̍k,嘿
bo̍k,嘿
sùn,噀
òo,噁
ok,噁
tsún,噂
huan,噃
huân,噃
tshám,噆
tsám,噆
tshiok,噈
hám,噉
kám,噉
tám,噉
tsing,噌
tsiàu,噍
tsiāu,噍
it,噎
hip,噏
khì,噐
hu,噓
khuat,噘
khîm,噙
giám,噞
giām,噞
ìng,噟
hiok,噢
tòo,噣
tiù,噣
tok,噣
kìm,噤
lông,噥
uè,噦
go̍k,噩
tshò,噪
sò,噪
sē,噬
khiàu,噭
kiàu,噭
iong,噰
kio̍k,噱
kuè,噲
gú,噳
phùn,噴
ta̍p,嚃
thap,嚃
guā,嚄
hi̍k,嚄
jû,嚅
hau,嚆
hì,嚊
pī,嚊
tsê,嚌
kai,嚌
tsai,嚌
hô,嚎
thì,嚏
iu,嚘
giat,嚙
gûn,嚚
bi̍k,嚜
bī,嚜
iàn,嚥
iat,嚥
li̍k,嚦
lôo,嚧
tshìn,嚫
pîn,嚬
phí,嚭
tò,嚲
khok,嚳
tshâm,嚵
thâm,嚵
tsiok,嚼
tsuán,囀
liap,囁
tshap,囃
thián,囅
gē,囈
tsàn,囋
tsat,囋
giat,囓
uî,囗
huê,囘
in,囙
lia̍p,囡
tshong,囪
hut,囫
huê,囬
guân,园
khún,囷
khûn,囷
lîng,囹
kok,国
iū,囿
huān,圂
hūn,圂
phóo,圃
gú,圄
hâm,圅
gú,圉
tshing,圊
ip,圔
tôo,圗
i̍k,圛
luân,圝
at,圠
thíng,圢
kuài,圣
hóo,圮
kí,圮
kî,圻
liap,圼
bu̍t,圽
khiat,圿
tí,坁
pán,坂
i̍k,坄
gîm,坅
khím,坅
kím,坅
hún,坆
hûn,坆
thūn,坉
hun,坋
hún,坋
hún,坌
tam,坍
phue,坏
phi,坏
pī,坒
làm,坔
phuán,坢
puān,坢
tông,坣
kham,坩
tiam,坫
tiàm,坫
lê,坭
nî,坭
phue,坯
phi,坯
king,坰
kíng,坰
iong,坱
óng,坱
hu̍t,坲
au,坳
áu,坳
lio̍k,坴
tsí,坻
tî,坻
tshik,坼
thik,坼
hua̍t,垈
kì,垍
hik,垎
kai,垓
ian,垔
in,垔
tiāu,垗
tó,垛
khuí,垝
kuí,垝
iông,垟
gûn,垠
tia̍t,垤
ti̍t,垤
an,垵
hiān,垷
uân,垸
pang,垹
pà,垻
gìn,垽
gīn,垽
īn,垽
hān,垾
king,埂
hông,埄
kak,埆
khak,埆
ióng,埇
lông,埌
lōng,埌
kuan,埍
kuàn,埍
iân,埏
iá,埜
óo,埡
kuán,埢
uán,埦
kū,埧
tāi,埭
tē,埭
iám,埯
tshài,埰
khám,埳
si̍t,埴
tì,埴
to,埵
gē,埶
i̍k,埸
tun,埻
sò,埽
lê,埿
nî,埿
khut,堀
ku̍t,堀
khò,堁
khun,堃
kín,堇
kīn,堇
kong,堈
ok,堊
pîng,堋
ian,堙
in,堙
pik,堛
ko,堝
tia̍p,堞
hōo,堠
kai,堦
ke,堦
juán,堧
luān,堧
at,堨
kìng,堩
khìng,堩
jû,堬
hông,堭
ián,堰
iàn,堰
tsik,堲
bî,堳
tô,堶
tō,堶
am,堷
kì,塈
tsik,塉
khuài,塊
îng,塋
khái,塏
sî,塒
bi̍k,塓
àng,塕
òng,塕
thióng,塜
oo,塢
óo,塢
hun,塤
iâm,塩
liù,塯
liû,塯
lông,塱
lōng,塱
hông,塳
tsām,塹
môo,塺
muî,塺
bo̍k,塻
lóo,塿
tî,墀
bān,墁
tshik,墄
sū,墅
tē,墆
tsiong,墇
tsiòng,墇
khàm,墈
iông,墉
tshám,墋
tsik,墌
kīn,墐
khiân,墘
khau,墝
khàu,墝
hu,墟
siān,墠
phok,墣
tuê,墤
huan,墦
huân,墦
phuan,墦
tshīng,墭
thâm,墰
ting,墱
tshiông,墻
ha̍k,壆
lám,壈
hun,壎
hok,壑
ái,壒
khài,壒
tó,壔
lôo,壚
thâm,壜
uí,壝
uī,壝
lióng,壠
lóng,壠
jióng,壤
hôo,壷
ôo,壷
it,壹
ôo,壼
tsun,壿
tsí,夂
sue,夂
kàng,夅
hông,夆
lîng,夌
hok,复
tshò,夎
tsō,夎
kuî,夔
uan,夗
uán,夗
báu,夘
siok,夙
kòo,够
bōng,夣
în,夤
kuái,夬
kuat,夬
háng,夯
khóng,夯
kó,夰
tho,夲
khua,夸
khu,夸
iam,奄
iám,奄
khiat,奊
kuî,奊
ke,奎
kui,奎
huàn,奐
khai,奒
tshí,奓
sia,奓
tsōng,奘
hê,奚
ke,奞
kui,奞
ngōo,奡
îng,奣
liâm,奩
un,奫
sik,奭
pī,奰
nái,奶
tòo,奼
thà,奼
tsiok,妁
jīm,妊
tsíng,妌
hâi,妎
kài,妎
pa,妑
kuat,妜
liú,妞
la̍p,妠
hong,妦
guán,妧
tòo,妬
thiu,妯
tio̍k,妯
tiû,妯
nái,妳
hú,姁
hua̍t,姂
tsing,姃
phuàn,姅
puàn,姅
tsí,姉
san,姍
sat,姍
sian,姍
tshu,姕
tshû,姕
phing,姘
jîm,姙
jīm,姙
tōng,姛
tu,姝
khiat,姞
kiat,姞
hāu,姣
káu,姣
kòo,姤
bóo,姥
tsín,姬
ki,姬
hiàm,姭
hîng,姮
khua,姱
ap,姶
iū,姷
giân,姸
gian,姸
tòo,姹
sian,姺
sin,姺
guí,姽
khuí,姽
siong,娀
hián,娊
tshiok,娋
lí,娌
so,娑
bí,娓
tshiok,娕
tshiok,娖
tîng,娗
híng,娙
hîng,娙
sin,娠
tē,娣
bú,娬
hi,娭
tsoo,娵
tshù,娶
tshū,娶
khi,娸
tshuat,娺
lo̍k,娽
lô,婁
hui,婓
huî,婓
tsia̍t,婕
tsiap,婕
kuàn,婘
kuân,婘
híng,婞
hīng,婞
ian,婣
in,婣
tshiok,婥
tsīng,婧
tshìng,婧
gān,婩
lâm,婪
îm,婬
tōng,婸
iau,婹
bo̍k,婺
bū,婺
tshiok,婼
luán,媆
jūn,媆
lūn,媆
hûn,媈
tsian,媊
tsiân,媊
biâu,媌
mâu,媌
hū,媍
tsiá,媎
hông,媓
ing,媖
uân,媛
uān,媛
tê,媞
siat,媟
thò,媠
mōo,媢
jiám,媣
jiām,媣
uī,媦
thoo,媮
guī,媯
tshu,媰
iâu,媱
pì,媲
pî,媲
īn,媵
tshi,媸
bí,媺
phuân,媻
puân,媻
áu,媼
ún,媼
ùn,媼
ut,媼
koo,媾
kòo,媾
khuì,媿
guân,嫄
bîng,嫇
ing,嫈
tsi̍k,嫉
liáu,嫋
hiâu,嫐
liáu,嫐
óo,嫗
bān,嫚
tsiong,嫜
lî,嫠
kui,嫢
kuí,嫢
tsuan,嫥
luán,嫩
jūn,嫩
lūn,嫩
lô,嫪
lō,嫪
bi̍k,嫫
bôo,嫫
hōo,嫭
hōo,嫮
phiat,嫳
piat,嫳
koo,嫴
bú,嫵
hân,嫺
hân,嫻
liáu,嫽
liâu,嫽
huè,嬇
huì,嬇
uì,嬇
jiáu,嬈
jiâu,嬈
siân,嬋
huān,嬔
phì,嬖
pì,嬖
siân,嬗
tshiông,嬙
khîng,嬛
hiau,嬝
niáu,嬝
lîng,嬣
bó,嬤
ti̍k,嬥
thiáu,嬥
tiâu,嬥
pîn,嬪
pīn,嬪
nái,嬭
iàm,嬮
liáu,嬲
siáu,嬲
îng,嬴
lán,嬾
iàn,嬿
jióng,孃
jiông,孃
liông,孃
siam,孅
lê,孋
luân,孌
tsiok,孎
sio̍k,孎
khiat,孑
tsu,孖
hu,孚
puē,孛
pu̍t,孛
lôo,孥
uāi,孬
sio̍k,孰
tshan,孱
tsu,孳
luán,孺
jû,孺
nâi,孻
luan,孿
luân,孿
biân,宀
thú,宁
thò,它
thō,它
tô,它
khuí,宄
kuí,宄
bi̍t,宓
ho̍k,宓
hông,宖
sîng,宬
sîn,宸
bi̍t,宻
tshái,寀
tsia̍t,寁
tsám,寁
uan,寃
khòo,寇
khak,寉
kián,寋
lîng,寍
píng,寎
pìng,寎
si̍t,寔
tsìm,寖
lîng,寗
tì,寘
kú,寠
kù,寠
lú,寠
gōo,寤
ngōo,寤
guî,寪
uí,寪
huân,寰
gē,寱
hu,尃
khik,尅
uì,尉
ut,尉
sū,尌
jínn,尒
jú,尒
ní,尒
jínn,尔
jú,尔
ní,尔
ke,尗
liâu,尞
sián,尟
ong,尢
ong,尣
liāu,尥
bâng,尨
ong,尩
ong,尫
kài,尬
tsióng,尰
kiam,尲
si,尸
ún,尹
ín,尹
khau,尻
kho,尻
pi,屄
kài,届
tiáu,屌
hì,屓
píng,屛
pîng,屛
pîn,屛
huì,屝
sú,屣
siat,屧
kù,屨
kiok,屩
kio̍k,屩
liâu,屪
hì,屭
tsó,屮
gi̍k,屰
li̍k,屴
gia̍t,屵
git,屹
gut,屹
kí,屺
gut,屼
gua̍t,岄
bu̍t,岉
tsiat,岊
gi̍p,岋
gi̍p,岌
kip,岌
khian,岍
guân,岏
kî,岐
gîm,岑
khîm,岑
tsha,岔
tsik,岝
thi̍k,岝
kū,岠
khó,岢
kóo,岣
kū,岣
li̍p,岦
tiâu,岧
tsóo,岨
hu̍t,岪
kap,岬
lîng,岭
tāi,岱
hōo,岵
phik,岶
bîn,岷
bā,峇
khap,峇
sûn,峋
tia̍t,峌
kai,峐
tông,峒
khiong,峕
guî,峗
huân,峘
sī,峙
ngôo,峨
gô,峨
ngôo,峩
gô,峩
io̍k,峪
kok,峪
siáu,峭
khun,峮
hong,峯
lô,峱
hián,峴
tôo,峹
kīng,峺
gôo,峿
khong,崆
huā,崋
ku,崌
lâi,崍
khi,崎
kî,崎
khun,崑
tshuì,崒
tsuì,崒
tsu̍t,崒
gâi,崕
lûn,崘
lūn,崘
lîng,崚
ku̍t,崛
kok,崞
gîm,崟
khím,崟
hâm,崡
tsing,崢
ngâu,崤
pî,崥
iam,崦
siông,崧
tshuì,崪
tsik,崱
hông,崲
ui,崴
ue,崴
iông,崵
tōng,崵
hong,崶
tsáinn,崽
go̍k,崿
kham,嵁
lu̍t,嵂
ke,嵆
khe,嵆
ke,嵇
khe,嵇
sīng,嵊
bî,嵋
kham,嵌
khàm,嵌
khiâm,嵌
gû,嵎
tsong,嵏
gâm,嵓
giâm,嵓
tôo,嵞
hê,嵠
ong,嵡
óng,嵡
îng,嵤
óo,嵨
siong,嵩
tsu,嵫
guî,嵬
tshi,嵳
tshu,嵳
tsia,嵳
sióng,嵷
liâu,嵺
khong,嵻
sán,嵼
tsham,嵾
tíng,嵿
lú,嶁
tsiòng,嶂
tshâm,嶃
khu,嶇
si̍p,嶍
tsîng,嶒
po,嶓
pò,嶓
khim,嶔
tsiau,嶕
lîn,嶙
liâu,嶚
liâu,嶛
tìng,嶝
tō,嶞
tsun,嶟
kiâu,嶠
khuat,嶡
giâu,嶢
giâu,嶤
i̍k,嶧
gî,嶬
gia̍t,嶭
hiám,嶮
hāi,嶰
hê,嶲
gi̍k,嶷
gî,嶷
îng,嶸
tsia̍t,嶻
tsia̍t,巀
tsai,巀
tsat,巀
hê,巂
îng,巆
hi,巇
tshâm,巉
siám,巉
kui,巋
guî,巍
thiáu,巐
tsuan,巑
luân,巒
tian,巔
gâm,巖
giâm,巖
gâm,巗
giâm,巗
gián,巘
giân,巘
hiàn,巘
tshuan,巛
king,巠
lia̍p,巤
kióng,巩
bû,巫
tsi,巵
kín,巹
sùn,巽
hun,帉
phànn,帊
lôo,帑
thóng,帑
bua̍t,帓
phi,帔
phī,帔
liâm,帘
i̍k,帟
gé,帠
ping,帡
píng,帡
khap,帢
kuàn,帣
jû,帤
suè,帨
tuè,帨
tsin,帪
tsìn,帪
kûn,帬
pang,帮
uan,帵
uán,帵
kî,帺
bi̍k,幂
uî,幃
ak,幄
pang,幇
kong,幊
phuân,幋
hóng,幌
tho,幍
bi̍k,幎
bîng,幎
tîng,幐
bān,幔
kok,幗
tsik,幘
bōo,幙
bo̍k,幙
tshián,幝
tshì,幟
tsì,幟
hoo,幠
bû,幠
tông,幢
bi̍k,幦
tshiau,幧
tshiam,幨
hún,幩
hûn,幩
bóng,幪
bông,幪
tó,幬
bia̍t,幭
tû,幮
hián,幰
lân,幱
khian,幵
kian,幵
pìng,并
pìng,幷
iám,广
phí,庀
pí,庀
môo,庅
khîm,庈
tún,庉
tûn,庉
khuí,庋
gâ,庌
gā,庌
pài,庍
kài,庎
pâu,庖
biāu,庙
tshù,庛
tshû,庛
siông,庠
tsik,庢
thiau,庣
tiâu,庣
sī,庤
tī,庤
hiu,庥
hau,庨
khuí,庪
bâng,庬
pâng,庬
píng,庰
pìng,庰
lâi,庲
pi,庳
pî,庳
pī,庳
sù,庶
thò,庹
tô,庹
gū,庽
jú,庾
kì,廄
a̍p,廅
liû,廇
hā,廈
soo,廋
sóo,廋
tí,廌
kiù,廏
kì,廐
kīn,廑
ngôo,廒
gô,廒
khok,廓
tiân,廛
su,廝
him,廞
bú,廡
bû,廡
kuè,廥
tshiông,廧
kài,廨
lím,廩
lû,廬
sián,廯
iong,廱
ín,廴
huê,廻
ji̍h,廾
kióng,廾
piān,弁
īnn,异
kí,异
hún,弅
hûn,弅
iám,弇
iàm,弇
lâm,弇
i̍k,弈
i̍k,弋
it,弌
jī,弍
sam,弎
sì,弒
hut,弗
sí,弛
pà,弝
tho,弢
hù,弣
tí,弤
tsiau,弨
lóo,弩
lōo,弩
bí,弭
kuan,弮
kuàn,弮
sau,弰
kiōng,弶
ping,弸
phing,弸
kióng,强
kiông,强
pi̍t,弼
kòo,彀
khoo,彄
kiong,彊
kióng,彊
kiông,彊
kiōng,彊
hok,彍
kī,彐
kui,归
kuī,归
lo̍k,彔
thuàn,彖
luī,彙
tông,彤
hiok,彧
tiau,彫
phiau,彯
tshik,彳
tsiok,彴
tsiong,彸
te,彽
tsoo,徂
óng,徃
sûn,徇
hún,很
iông,徉
huê,徊
khi,徛
kì,徛
siông,徜
tsiu,徟
lâi,徠
lāi,徠
kiān,徤
piàn,徧
hông,徨
pòng,徬
iâu,徭
hê,徯
huē,徻
uè,徻
hiau,徼
khiàu,徼
kiàu,徼
hui,徽
liōng,徿
lóng,徿
siong,忀
thiau,忉
to,忉
khún,忐
thám,忐
thik,忑
thik,忒
hu,忓
kan,忓
gut,忔
thài,忕
he,忚
thiám,忝
bîn,忞
tshiong,忡
hì,忥
guán,忨
tshong,忩
tsiong,忪
piān,忭
tshì,忮
tsì,忮
khì,忮
kī,忮
tsí,忯
sî,忯
sī,忯
sîm,忱
tun,忳
tûn,忳
tūn,忳
hûn,忶
lik,忸
liok,忸
liú,忸
hiam,忺
him,忺
him,忻
hian,忻
khóng,忼
hù,怀
kū,怇
tshiau,怊
phi,怌
phí,怌
tsà,怍
tso̍k,怍
iòng,怏
khòo,怐
kòo,怐
lâu,怓
nâu,怓
tsing,怔
thiap,怗
hōo,怙
tshoo,怚
tsu,怚
tàn,怛
tat,怛
thán,怛
lîng,怜
iû,怞
iū,怞
tāi,怠
thiat,怢
tu̍t,怢
hú,怤
hù,怤
phing,怦
nî,怩
huì,怫
pit,怭
pi̍t,怭
iu,怮
tshong,怱
hóng,怳
thut,怵
tshí,恀
jím,恁
jîm,恁
sī,恃
ló,恅
khong,恇
hia̍p,恊
luân,恋
luān,恋
thiau,恌
tiâu,恌
guî,恑
kuí,恑
hîng,恒
se,恓
hāu,恔
káu,恔
hoo,恗
khua,恗
iōng,恙
huī,恚
huê,恛
kài,恝
khiat,恝
hiong,恟
kuài,恠
līn,恡
tsù,恣
sut,恤
liok,恧
lok,恧
khak,恪
khok,恪
thong,恫
tōng,恫
thiâm,恬
khap,恰
phing,恲
bông,恾
ióng,恿
kuan,悁
kuàn,悁
uan,悁
khún,悃
tshiáu,悄
thôo,悇
tôo,悇
kài,悈
tiat,悊
līn,悋
tē,悌
hán,悍
hān,悍
hō,悎
thik,悐
ip,悒
hi,悕
buân,悗
tshióng,悚
sióng,悚
sóng,悚
tshuan,悛
tsùn,悛
thíng,悜
khue,悝
lí,悝
gōo,悞
ngōo,悞
tshong,悤
lín,您
tsong,悰
huí,悱
tiòng,悵
lē,悷
kuì,悸
kuán,悹
kuàn,悹
kuán,悺
kuàn,悺
híng,悻
sik,惁
khám,惂
khun,惃
lik,惄
tiû,惆
sûn,惇
tun,惇
kó,惈
tiam,惉
liông,惊
uán,惋
uan,惌
kim,惍
kī,惎
lâm,惏
khuân,惓
kuân,惓
kuān,惓
tâm,惔
thik,惕
hut,惕
tōng,惕
hut,惖
liap,惗
tuat,惙
hut,惚
hun,惛
thóng,惝
só,惢
tiān,惦
khū,惧
tîng,惩
hún,惲
khún,惲
tshuí,惴
tia̍p,惵
tshiong,惷
khîng,惸
sing,惺
pián,惼
hun,惽
tshiáu,愀
tshiu,愀
tshiû,愀
khian,愆
pik,愊
suan,愋
pik,愎
pi̍k,愎
hok,愎
bián,愐
biān,愐
hat,愒
khài,愒
khè,愒
khiat,愒
siong,愓
im,愔
kha,愘
khā,愘
khak,愙
khok,愙
kiap,愜
juán,愞
tshong,愡
khak,愨
sòo,愫
hóng,愰
kut,愲
khū,愳
tshiong,愴
tshòng,愴
hia̍p,愶
khái,愷
sùn,愻
hì,愾
khài,愾
guān,愿
hūn,慁
ióng,慂
tho,慆
un,慇
hiok,慉
thiok,慉
hiâm,慊
khiám,慊
khiap,慊
bíng,慏
tso,慒
phiau,慓
bōo,慔
bo̍k,慔
tshâm,慙
tshâm,慚
lik,慝
thik,慝
tsiong,慞
tōng,慟
khak,慤
tshò,慥
kiû,慦
au,慪
tshióng,慫
sóng,慫
kín,慬
thuân,慱
buân,慲
si̍p,慴
iông,慵
tsip,慹
lôo,慺
lú,慺
tshik,慽
liâu,憀
tsiong,憃
khè,憇
pāi,憊
phiat,憋
piat,憋
kiau,憍
tsing,憎
huē,憒
kuì,憒
huī,憓
gīn,憖
gûn,憖
gīn,憗
gûn,憗
hi,憘
hí,憘
hì,憘
hi,憙
hí,憙
hì,憙
tuì,憝
tūn,憝
siok,憟
khuat,憠
kuat,憠
lô,憥
lō,憥
lō,憦
tshiong,憧
ham,憨
khè,憩
hān,憪
kíng,憬
liáu,憭
liâu,憭
hoo,憮
bú,憮
bû,憮
hu,憮
tshám,憯
kuat,憰
khiat,憰
thám,憳
sîng,憴
phik,憵
tshoo,憷
tshiam,憸
siam,憸
lông,憹
tām,憺
kíng,憼
tshong,憽
hiau,憿
kuè,懀
uè,懀
kuàn,懁
khûn,懃
kù,懅
kû,懅
tshò,懆
hāi,懈
bōo,懋
i̍k,懌
iam,懕
thì,懘
bōng,懜
tuī,懟
tse,懠
tsê,懠
buán,懣
būn,懣
tiû,懤
tiū,懤
lîng,懧
ióng,懩
tsì,懫
thì,懫
tì,懫
khòng,懭
kóng,懭
iu,懮
iú,懮
hu,懯
liú,懰
liû,懰
kì,懻
huan,懽
kuàn,懽
liap,懾
lán,戁
thóng,戃
ha̍k,戄
kio̍k,戄
ko,戈
ua̍t,戉
sù,戍
jiông,戎
tsian,戔
tsân,戔
tshiông,戕
tōng,戙
khiat,戛
tsit,戠
sì,戠
kham,戡
tship,戢
kuî,戣
tshong,戧
tsián,戩
ián,戭
ín,戭
iú,戭
hoo,戱
hì,戱
sì,戺
sū,戺
tiām,扂
king,扃
kíng,扃
hōo,扈
hui,扉
iám,扊
tsat,扎
li̍k,扐
jîng,扔
tsiok,扚
tik,扚
hán,扞
hān,扞
tsha,扠
sì,扡
sū,扡
tho,扡
git,扢
gut,扢
hut,扢
kut,扢
gut,扤
gu̍t,扤
tshian,扦
tshap,扱
kip,扱
khiâm,扲
khîm,扲
phan,扳
oo,扵
hó,扷
khám,扻
tùn,扽
ún,抁
piān,抃
bún,抆
būn,抆
gua̍t,抈
kuat,抉
tám,抌
ún,抎
la̍p,抐
thú,抒
phoo,抔
pôo,抔
tóo,抖
píng,抦
pìng,抦
tsí,抧
pòo,抪
thai,抬
tshé,抯
tshiánn,抯
tsa,抯
iong,抰
ióng,抰
sik,抶
thik,抶
tsat,抸
bī,抺
hut,拂
pi̍t,拂
khiat,担
thán,担
lia̍p,拉
la̍p,拉
liap,拉
la,拉
hú,拊
phuan,拌
puàn,拌
puān,拌
lîng,拎
ná,拏
hun,拫
khiat,拮
jím,拰
khióng,拲
tshuan,拴
tshuân,拴
tsûn,拵
suán,拶
khó,拷
hia̍p,拹
huā,挂
kuà,挂
tsik,挃
tó,挅
tó,挆
tsín,挋
kik,挌
kàu,挍
tông,挏
tōng,挏
jû,挐
ná,挐
tsa,挓
uat,挖
lô,挪
ná,挪
pu̍t,挬
kíng,挭
tîng,挰
lōng,挵
kiok,挶
pang,挷
ip,挹
iân,挻
sian,挻
káu,捁
kiáu,捁
gōo,捂
ngôo,捂
ngōo,捂
khùn,捃
kiû,捄
pâu,捊
phau,捊
pat,捌
hán,捍
hān,捍
tshik,捒
sok,捒
iâ,捓
kak,捔
uân,捖
uān,捖
pōo,捗
tsùn,捘
uan,捥
khiâm,捦
khîm,捦
lē,捩
bún,捫
bûn,捫
bú,捬
hú,捬
hù,捬
pâi,捭
kù,据
gâi,捱
thián,捵
phun,捹
lat,捺
juê,捼
lô,捼
uí,捼
sut,捽
kuán,捾
uán,捾
uat,捾
tiam,掂
lûn,掄
tshìng,掅
kong,掆
phoo,掊
phóo,掊
puê,掊
am,掊
tsí,掋
hūn,掍
kún,掍
tho,掏
tô,掏
khap,掐
khi̍p,掐
khian,掔
lîng,掕
i̍k,掖
tsìng,掙
tshing,掙
gé,掜
gí,掜
liap,掜
hi̍k,掝
iám,掞
siām,掞
tīng,掟
ping,掤
tsoo,掫
kiok,掬
khìng,掯
bíng,掹
phìng,掽
iān,掾
tsing,揁
tsian,揃
tsián,揃
iâu,揄
iû,揄
jû,揄
gian,揅
khuí,揆
kuí,揆
kuî,揆
lám,揇
su,揌
suan,揎
gé,揑
gí,揑
liap,揑
lia̍p,揑
sí,揓
tsim,揕
thìm,揕
tim,揕
tship,揖
ip,揖
sûn,揗
sūn,揗
iám,揜
ám,揞
su,揟
at,揠
khik,揢
tshuí,揣
tsiat,揤
tè,揥
thè,揥
la̍t,揦
la̍t,揧
khai,揩
khài,揩
tsiû,揪
khíng,揯
tshiòng,揰
tiōng,揰
siau,揱
siok,揱
sok,揱
sia̍p,揲
tia̍p,揲
siat,揳
khiân,揵
kián,揵
kiān,揵
iâ,揶
koo,搆
kòo,搆
khak,搉
tshiu,搊
tsoo,搊
thí,搋
tián,搌
sun,搎
thiok,搐
jióng,搑
pông,搒
tsho,搓
jiáu,搔
so,搔
khap,搕
tó,搗
tsi,搘
lōo,搙
la̍k,搙
kiam,搛
liâm,搛
khiú,搝
sok,搠
sóng,搡
bia̍t,搣
ik,搤
tuî,搥
li̍k,搦
jio̍k,搦
tap,搨
thap,搨
kia̍t,搩
tông,搪
lik,搮
tho,搯
tô,搯
hut,搰
khut,搰
khian,搴
tian,搷
tiân,搷
kik,搹
hê,携
tshâ,搽
óo,摀
kòng,摃
sat,摋
sán,摌
khiu,摎
tshiong,摐
tshong,摐
kik,摑
kok,摑
pìng,摒
hông,摓
lián,摙
lî,摛
kuàn,摜
kik,摝
lo̍k,摝
lô,摞
lō,摞
lôo,摟
phi,摠
pî,摠
tsóng,摠
khài,摡
tshióng,摤
thóng,摥
kui,摫
tsik,摭
tsià,摭
tsām,摲
khu,摳
thu,摴
tshiok,摵
sik,摵
thuân,摶
khing,摼
phiau,摽
piáu,摽
khuat,撅
lô,撈
lō,撈
tun,撉
hán,撊
hān,撊
juân,撋
juê,撋
láu,撓
su,撕
hui,撝
uî,撝
kiáu,撟
kiāu,撟
kik,撠
tham,撢
thâm,撢
tân,撣
tān,撣
tshé,撦
tshiá,撦
tsiâu,撨
liān,撩
liáu,撩
liâu,撩
hiau,撬
khiau,撬
thó,撱
thò,撱
phok,撲
that,撻
hám,撼
kik,撽
khiau,撽
tshua,撾
ko,撾
kiám,撿
liám,撿
kán,擀
lông,擃
lóo,擄
tshiok,擉
tsiok,擉
sio̍k,擉
tóng,擋
tòng,擋
huān,擐
suan,擐
khuài,擓
hê,擕
kat,擖
phik,擗
pi̍t,擗
tse,擠
tsé,擠
tsè,擠
tso̍k,擢
tó,擣
híng,擤
síng,擤
lâm,擥
jú,擩
jû,擩
iám,擪
iap,擪
huā,擭
hōo,擭
hok,擭
tsik,擮
tsia̍t,擮
pìn,擯
lîng,擰
kok,擱
ti̍k,擲
khok,擴
khiat,擷
lia̍p,擸
sóo,擻
lóo,擼
lio̍k,擽
tik,擿
ti̍k,擿
thik,擿
luī,攂
tshat,攃
sat,攃
thu,攄
lián,攆
hok,攉
la̍t,攋
nāi,攋
lôo,攎
khian,攐
khiân,攑
ing,攖
jióng,攘
jiông,攘
jiōng,攘
tshâm,攙
tshuàn,攛
ló,攞
luân,攣
luān,攣
tóng,攩
khiok,攫
khok,攫
lóng,攮
khuì,攰
khi,攲
khó,攷
iu,攸
iû,攸
pan,攽
pin,攽
tiam,敁
khòo,敂
bín,敃
bîn,敃
bí,敉
gú,敔
thik,敕
ngôo,敖
ngōo,敖
gô,敖
gō,敖
tshióng,敞
tuat,敠
iām,敥
kik,敫
khái,敱
liâu,敹
óo,敺
áu,敺
khu,敺
hiàn,敻
khîng,敻
i̍k,斁
tòo,斁
to̍k,斁
ha̍k,斆
ha̍k,斈
pan,斒
lân,斕
ha̍k,斛
ká,斝
jú,斞
thóo,斢
tshiong,斨
tshiok,斫
tsiok,斫
tshiok,斮
tok,斲
kín,斳
kīn,斳
tok,斵
tshiok,斶
tsiok,斸
iû,斿
kî,旂
tsian,旃
môo,旄
phài,旆
liû,旈
hóng,旊
tsing,旌
sing,旌
nî,旎
tiāu,旐
liû,旒
sau,旓
siau,旓
tshì,旘
tsì,旘
huan,旛
kuè,旝
bû,无
kì,无
bû,旡
kì,旡
kì,旣
kiū,旧
hia̍p,旪
hán,旰
bûn,旻
ngóo,旿
tsik,昃
pán,昄
hóng,昉
hun,昐
khím,昑
hut,昒
him,昕
iông,昜
píng,昞
hiân,昡
phut,昢
tsín,昣
lîng,昤
hú,昫
hun,昬
tia̍t,昳
báu,昴
lik,昵
li̍k,昵
tshióng,昶
tshiáng,昶
píng,昺
tiâu,晁
tiāu,晁
hóng,晃
hóng,晄
kóng,晄
suan,晅
kiáu,晈
tsit,晊
tsìn,晋
hiòng,晌
sióng,晌
kai,晐
sà,晒
tsùn,晙
hiān,晛
hián,晛
hi,晞
tsè,晢
tsiat,晢
tsè,晣
gōo,晤
ngōo,晤
uán,晥
huè,晦
tsuì,晬
sik,晰
khuí,晷
kuí,晷
tsíng,晸
ám,晻
iám,晻
uán,晼
liōng,晾
suan,暄
bín,暋
bîn,暋
ke,暌
hat,暍
iòng,暎
tóo,暏
uí,暐
tsîng,暒
sik,暘
iông,暘
kiáu,暞
hō,暠
kó,暠
óng,暡
bún,暪
bo̍k,暯
huī,暳
hàn,暵
liâu,暸
siām,暹
thun,暾
iap,曄
thâm,曇
tông,曈
i̍k,曎
hióng,曏
hiòng,曏
kiáu,曒
kìng,曔
sū,曙
bông,曚
hun,曛
iāu,曜
ian,曣
hi,曦
lông,曨
lóng,曩
luân,曫
lē,曬
sà,曬
thóng,曭
hut,曶
at,曷
hat,曷
tshám,朁
tsiâm,朁
khiat,朅
hûn,朌
huí,朏
phut,朏
khu,朐
kû,朐
thiáu,朓
suan,朘
tsuê,朘
bîng,朙
ki,朞
kî,朞
bōng,朢
tông,朣
liâu,朥
lô,朥
bông,朦
lông,朧
su̍t,朮
tsu̍t,朮
jîn,朲
pat,朳
tó,朶
kiû,朹
kiū,朹
ki,机
kí,机
kiû,朻
ting,朾
tshù,朿
tsha,杈
tshai,杈
huân,杋
gut,杌
thok,杔
tē,杕
bîng,杗
bông,杗
i̍k,杙
tî,杝
kang,杠
kong,杠
lâi,来
lāi,来
biáu,杪
guán,杬
guân,杬
hó,杲
kó,杲
biáu,杳
hiam,杴
tshun,杶
thun,杶
sû,杸
liú,杻
thú,杼
kiap,极
kiat,极
ke,枅
pî,枇
gông,枊
hûn,枌
hu,枎
hû,枎
lâm,枏
hōo,枑
gâ,枒
tóo,枓
juē,枘
muî,枚
pîng,枰
phîng,枰
sí,枲
tsí,枳
hu,枹
hû,枹
ia̍p,枼
khī,枾
phí,柀
pí,柀
tô,柁
tî,柂
lîng,柃
ní,柅
sû,柌
hu,柎
hū,柎
tshik,柒
tshit,柒
tsià,柘
tòo,柘
a̍p,柙
sin,柛
kū,柜
kuī,柜
thok,柝
tsik,柞
tsi̍k,柞
tso̍k,柞
jiám,柟
lâm,柟
te,柢
tí,柢
tsa,柤
koo,柧
pua̍t,柭
puē,柭
lu̍t,柮
tu̍t,柮
nāi,柰
tsiok,柷
kuái,柺
bóo,栂
bôo,栂
lím,标
íng,栐
sún,栒
khè,栔
tshe,栖
se,栖
tīm,栚
lē,栛
kuat,栝
thiam,栝
thiám,栝
khan,栞
ping,栟
pìng,栟
hú,栩
tshiàn,栫
tsun,栫
tsûn,栫
jî,栭
iú,栯
iū,栯
hua̍t,栰
khó,栲
kó,栲
ló,栳
tsian,栴
lē,栵
lia̍t,栵
sik,栻
thik,栻
ho̍k,栿
hîng,桁
hông,桁
kong,桄
kuàn,桊
koo,桍
tsik,桎
tsit,桎
kiông,桏
huân,桓
so,桫
sa,桬
pue,桮
thing,桯
pu̍t,桲
hôo,桴
hu,桴
kak,桷
lông,桹
tshik,桼
tship,桼
tshiok,梀
sok,梀
kiû,梂
thíng,梃
pang,梆
tôo,梌
khok,梏
pē,梐
tsú,梓
puè,梖
kú,梖
hiān,梘
kián,梘
huān,梙
buán,梚
kiap,梜
lū,梠
khuán,梡
sau,梢
hun,梤
bōng,梦
lî,梩
tōo,梪
tshím,梫
kiok,梮
khún,梱
thuat,梲
tsuat,梲
iân,梴
lê,棃
pìng,棅
tshong,棇
ki,棊
kî,棊
tshái,棌
siâm,棎
huí,棐
pâi,棑
pue,棓
puê,棓
kuat,棔
tshîng,棖
tiông,棖
kik,棘
lia̍t,棙
khún,棞
kong,棡
bóng,棢
tē,棣
tī,棣
tāi,棣
tshiok,棤
sik,棤
huân,棥
thing,棦
thîng,棦
khè,棨
hi̍k,棫
kuan,棬
jím,棯
liām,棯
lîng,棱
thuat,棳
tsuat,棳
lāi,棶
tsoo,棷
tsoo,棸
tsāu,棹
hun,棻
hun,棼
uán,椀
kok,椁
tsiap,椄
tiû,椆
kiok,椈
tsuī,椊
tsu̍t,椊
liông,椋
khong,椌
thuî,椎
tsui,椎
tuî,椎
ku,椐
pi,椑
ti,椓
tok,椓
tsu,椔
tīng,椗
ue,椳
tuān,椴
ká,椴
hâm,椷
tsim,椹
thuân,椽
tshun,椿
thun,椿
tsa,楂
pian,楄
piân,楄
pik,楅
kó,楇
su,楈
sú,楈
jio̍k,楉
la̍t,楋
hui,楎
hûn,楎
su,楒
siat,楔
tsik,楖
kiān,楗
bo̍k,楘
bōo,楙
hōo,楛
hôo,楜
ôo,楜
lîng,楞
tîng,楟
iû,楢
tshong,楤
huàn,楥
uân,楥
ing,楧
tsing,楨
piân,楩
piān,楩
ia̍p,楪
tship,楫
tóo,楮
tsú,楮
tún,楯
tè,楴
thè,楴
tsiat,楶
tshiu,楸
jiú,楺
jiû,楺
ká,榎
bi̍t,榓
kok,榖
tsiàn,榗
tsìn,榗
kà,榢
kia̍t,榤
hóng,榥
kàn,榦
huí,榧
mā,榪
siā,榭
sî,榯
tsi,榰
sue,榱
kak,榷
khak,榷
khap,榼
kut,榾
khi,榿
kó,槁
sun,槂
phuân,槃
puân,槃
tho,槄
kik,槅
sûn,槆
lōo,槈
sok,槊
tsa,槎
khiám,槏
tok,槕
tsin,槙
tian,槙
si̍p,槢
ki,槣
kì,槣
huī,槥
tsām,槧
kok,槨
khài,槩
hû,槫
tshiok,槭
sik,槭
sam,槮
sim,槮
iú,槱
ha̍k,槲
hōo,槴
huān,槵
giat,槷
gē,槸
kui,槻
bān,槾
kín,槿
kīn,槿
tik,樀
tsiong,樁
tsong,樁
tshiong,樅
lî,樆
huân,樊
luí,樏
lóo,樐
bi̍t,樒
tshau,樔
sok,樕
thu,樗
lo̍k,樚
khiu,樛
tsià,樜
tsa,樝
buân,樠
bûn,樠
oo,樢
se,樨
ti̍k,樲
jī,樲
tshông,樷
kuī,樻
tsun,樽
ua̍t,樾
tsiàn,樿
siān,樿
hua̍t,橃
bôo,橅
bú,橆
bû,橆
khiau,橇
jiâu,橈
lāu,橈
lín,橉
līn,橉
liû,橊
thok,橐
liâu,橑
ló,橑
tuê,橔
tun,橔
tîng,橕
bîng,橗
kiat,橘
kiok,橘
tshîng,橙
tìng,橙
tîng,橙
siau,橚
siok,橚
khuat,橜
kuat,橜
tâm,橝
thâm,橝
huī,橞
siōng,橡
thó,橢
thò,橢
tông,橦
tsing,橧
ian,橪
jián,橪
kan,橺
kán,橺
kiong,橿
lím,檁
hi̍k,檄
tshing,檉
kiok,檋
ik,檍
khîm,檎
iân,檐
liâm,檐
tàm,檐
luî,檑
hong,檒
hē,檕
ke,檕
suī,檖
phik,檗
tshua,檛
ká,檟
kîng,檠
tshiông,檣
gí,檥
tshat,檫
bông,檬
tó,檮
tô,檮
hōo,檴
hok,檴
hô,檺
kó,檺
lām,檻
ìn,檼
juán,檽
lōo,檽
khíng,檾
iám,檿
iàm,檿
bi̍t,櫁
tsāu,櫂
tse,櫅
tsê,櫅
phó,櫇
pô,櫇
tìng,櫈
biân,櫋
iu,櫌
hóng,櫎
tshian,櫏
luí,櫑
luî,櫑
huī,櫘
lû,櫚
tsiat,櫛
to̍k,櫝
iân,櫞
li̍k,櫟
lo̍k,櫟
tsiok,櫡
tū,櫡
tsu,櫧
lôo,櫨
li̍k,櫪
tshàn,櫬
tshìn,櫬
kuàn,櫬
soo,櫯
gia̍t,櫱
kú,櫸
lîng,櫺
siong,欀
phok,欂
po̍k,欂
tsham,欃
tshâm,欃
liap,欇
kû,欋
lô,欏
tsuàn,欑
luân,欒
tòng,欓
khok,欔
pà,欛
lîng,欞
hu,欨
khài,欬
in,欭
khuat,欮
kuat,欮
khiat,欯
hâm,欱
ha̍p,欱
khuán,欵
hi,欷
khi,欹
hut,欻
tshí,欼
hám,欿
kham,欿
khám,欿
tham,欿
kham,歁
khám,歁
tshuan,歂
tshap,歃
jû,歈
hiau,歊
oo,歍
hoo,歑
hu,歔
hi,歖
hí,歖
hut,歘
hip,歙
hâm,歛
tshiok,歜
tsiok,歜
tshuat,歠
tsióng,歱
bún,歾
bu̍t,歾
bu̍t,歿
iáu,殀
tsoo,殂
tsín,殄
thián,殄
tāi,殆
piáu,殍
īnn,殔
būn,殙
hun,殙
kik,殛
un,殟
ut,殟
kīn,殣
siong,殤
huē,殨
tshián,殫
tan,殫
to̍k,殰
tshiam,殲
siam,殲
bu̍t,殳
sû,殳
ngâu,殽
khak,毃
khau,毃
khok,毃
kik,毄
hē,毄
óo,毆
áu,毆
khu,毆
bôo,毋
bú,毋
bû,毋
ai,毐
ái,毐
tsiá,毑
io̍k,毓
pì,毖
pî,毗
pî,毘
tshâm,毚
tsian,毡
bo̍k,毣
thuè,毤
thò,毤
jī,毦
jiông,毧
sián,毨
kiû,毬
puê,毰
kiok,毱
tshuì,毳
su,毸
jû,毹
jû,毺
thò,毻
at,毼
thap,毾
sam,毿
lî,氂
tông,氃
jiông,氄
tshióng,氅
póng,氆
tsian,氊
lóo,氌
lô,氌
kû,氍
te,氐
tí,氐
bîn,氓
khì,气
khit,气
hun,氛
iông,氜
in,氤
un,氳
ping,氷
li̍k,氻
li̍k,氼
jio̍k,氼
huàn,氾
khuí,氿
thing,汀
phat,汃
pin,汃
thún,汆
tshiok,汋
tsiok,汋
huân,汍
uân,汍
huàn,汎
tāi,汏
that,汏
si̍k,汐
bóng,汒
bông,汒
siû,汓
git,汔
sàn,汕
sìn,汛
kí,汜
sū,汜
jú,汝
lú,汝
hóng,汞
hōng,汞
khian,汧
bi̍k,汨
ua̍t,汨
it,汨
ku̍t,汨
juē,汭
khip,汲
piān,汳
piān,汴
bûn,汶
būn,汶
hun,汾
hûn,汾
tshìm,沁
sìm,沁
sim,沁
kî,沂
ûn,沄
guân,沅
guán,沅
khòng,沆
ián,沇
hōo,沍
tshiat,沏
bián,沔
bi̍t,沕
bu̍t,沕
tsí,沚
phuàn,沜
uí,沝
bua̍t,沫
huè,沫
muī,沬
su̍t,沭
tsian,沮
tsóo,沮
tsu,沮
thok,沰
tô,沱
tô,沲
sī,沶
tî,沶
tsiáu,沼
koo,沽
kóo,沽
thiam,沾
tiam,沾
tiap,沾
kíng,泂
koo,泃
kù,泃
i̍k,泆
tia̍t,泆
phun,泍
pūn,泍
lik,泐
hám,泔
kam,泔
báu,泖
sù,泗
pîng,泙
phîng,泙
tshé,泚
tshú,泚
tî,泜
sòo,泝
thú,泞
lîng,泠
kiok,泦
sing,泩
lē,泪
luī,泪
hiân,泫
hiat,泬
hu,泭
phuàn,泮
bín,泯
tsé,泲
tūn,泵
i̍k,洂
huê,洄
guî,洈
tsiàn,洊
tsûn,洊
lē,洌
lia̍t,洌
kì,洎
jî,洏
ho̍k,洑
tsí,洔
sû,洙
tsu,洙
hông,洚
kàng,洚
bí,洣
uí,洧
hik,洫
hok,洫
siok,洬
khong,洭
iâu,洮
tho,洮
tô,洮
kiat,洯
jī,洱
jínn,洱
jû,洳
phîng,洴
sûn,洵
hiong,洶
kong,洸
huân,洹
uân,洹
bîng,洺
ua,洼
ke,洼
hia̍p,洽
ua,洿
oo,洿
tsùn,浚
phing,浜
bâng,浝
tshiok,浞
hi,浠
pu̍t,浡
thóo,浢
tōo,浢
uán,浣
uān,浣
ip,浥
ngôo,浯
lī,浰
hông,浲
tsiap,浹
hia̍p,浹
kiap,浹
tshiong,浺
bián,浼
muí,浼
sui,浽
liap,涅
hān,涆
king,涇
jím,涊
lián,涊
ióng,涌
sik,涑
kun,涒
thun,涒
un,涒
kuan,涓
gîm,涔
thè,涕
lē,涖
lī,涖
suat,涗
suè,涗
sū,涘
hôo,涪
hû,涪
híng,涬
suán,涮
suat,涮
uán,涴
thò,涶
tong,涷
hok,涸
khok,涸
ku,涺
hun,涽
tok,涿
tiān,淀
tik,淂
tsu,淄
sik,淅
ngâu,淆
khut,淈
hám,淊
tshiòng,淌
tshiok,淖
lāu,淖
tsāu,淖
tsong,淙
phing,淜
huî,淝
siông,淞
thián,淟
pì,淠
hik,淢
hi̍k,淢
lo̍k,淥
khàm,淦
lîng,淩
tsut,淬
io̍k,淯
liám,淰
sím,淰
sûn,淳
lāi,淶
biáu,淼
pì,渒
jiû,渘
huàn,渙
tsú,渚
luán,渜
luān,渜
tîng,渟
kû,渠
huàn,渢
hong,渢
hông,渢
pu̍t,渤
ak,渥
ko,渦
tè,渧
ue,渨
sia̍t,渫
tia̍p,渫
uī,渭
ko,渮
iam,渰
iám,渰
tshìng,渹
hông,渹
bí,渼
pài,湃
phài,湃
bî,湄
liān,湅
khip,湆
tiâm,湉
tiân,湉
tsòo,湊
uí,湋
uî,湋
tshuan,湍
thuan,湍
bián,湎
biān,湎
bín,湎
hue,湏
su,湑
sú,湑
tship,湒
phùn,湓
phûn,湓
tsian,湔
tsiàn,湔
tsiân,湔
tsim,湛
sîm,湛
tam,湛
tām,湛
si̍t,湜
kai,湝
tsing,湞
hông,湟
thàn,湠
bín,湣
hun,湣
tu̍t,湥
sing,湦
tòng,湩
tông,湩
tshiu,湫
iû,湭
ian,湮
in,湮
hik,湱
uân,湲
pān,湴
liap,湼
kui,溈
uî,溈
liâm,溓
iáu,溔
khap,溘
ua,溛
bîng,溟
tsha,溠
tsà,溠
sî,溡
lūn,溣
phóo,溥
bî,溦
lik,溧
óo,溩
si,溮
su,溮
kî,溰
tsin,溱
soo,溲
sóo,溲
hûn,溳
ûn,溳
hiù,溴
hūn,溷
jio̍k,溽
thiok,滀
tû,滁
pông,滂
óng,滃
hi̍k,滆
kik,滆
hō,滈
kok,滈
hóng,滉
ti̍k,滌
îng,滎
tho,滔
tîng,滕
kàu,滘
huâi,滙
siu,滫
pit,滭
piu,滮
hoo,滹
iu,滺
iû,滺
sán,滻
khìng,漀
tsâu,漅
tsè,漈
lú,漊
lî,漓
tsô,漕
tûn,漘
thuân,漙
liân,漣
lám,漤
ua,漥
lâi,漦
lî,漦
hông,漨
suân,漩
tsù,漬
bóng,漭
luí,漯
phing,漰
sū,漵
khok,漷
kok,漷
ian,漹
liâu,漻
tsuê,漼
iōng,漾
tshông,潀
íng,潁
siù,潃
sòo,潄
phiat,潎
piat,潎
khiat,潏
kiat,潏
thóng,潒
tóng,潒
bú,潕
tsi̍p,潗
tsiâm,潜
hip,潝
lōo,潞
sik,潟
sùn,潠
hóng,潢
hông,潢
bín,潣
than,潬
sîm,潯
sáu,潲
pit,潷
san,潸
tông,潼
lîn,潾
tîng,澂
hiau,澆
jiâu,澆
kiau,澆
liâu,澆
lô,澇
lō,澇
kám,澉
su,澌
sū,澍
tsù,澍
hûn,澐
ûn,澐
liù,澑
liû,澑
hāng,澒
hóng,澒
hōng,澒
hok,澓
ho̍k,澓
kàn,澗
gû,澞
lím,澟
bín,澠
sîng,澠
tong,澢
uán,澣
hāi,澥
lé,澧
sē,澨
ha̍k,澩
lîng,澪
tsu,澬
iong,澭
kuè,澮
siân,澶
bān,澷
tâm,澹
tām,澹
phik,澼
liâm,濂
hûn,濆
sik,濇
tship,濈
uè,濊
tshóo,濋
tíng,濎
thìng,濎
lé,濔
sip,濕
bi̍k,濗
líng,濘
lîng,濘
līng,濘
îng,濙
îng,濚
bông,濛
tsīn,濜
pì,濞
pī,濞
hô,濠
jû,濡
su,濡
īn,濥
hōo,濩
hok,濩
tshìng,濪
lām,濫
tsùn,濬
phok,濮
po̍k,濮
tso̍k,濯
khuat,濶
tsiān,濺
lo̍k,濼
lē,濿
iōng,瀁
îng,瀅
to̍k,瀆
sím,瀋
phiau,瀌
tiân,瀍
liû,瀏
pho̍k,瀑
pō,瀑
pin,瀕
pîn,瀕
îng,瀛
iông,瀜
li̍k,瀝
îng,瀠
tshuí,瀡
hāi,瀣
tsu,瀦
liông,瀧
lông,瀧
lâm,瀮
îng,瀯
bí,瀰
bî,瀰
liám,瀲
hùn,瀵
i̍k,瀷
tsiam,瀸
siam,瀸
iāu,瀹
io̍k,瀹
tshâm,瀺
jiông,瀼
huân,瀿
tshiok,灂
hong,灃
liap,灄
kû,灈
iong,灉
tsiâm,灊
sîm,灊
huat,灋
iām,灎
tsàn,灒
luân,灓
iām,灔
kiáu,灚
hō,灝
pà,灞
lám,灠
lām,灠
lóng,灢
luân,灤
iām,灧
kám,灨
iām,灩
hông,灴
lîng,灵
hiok,灹
tō,灺
tsiok,灼
khì,炁
liâu,炓
khòng,炕
him,炘
tsik,炙
tsià,炙
tsiau,炤
tsiàu,炤
kū,炬
kíng,炯
tâi,炱
thai,炱
thong,炵
tông,炵
tsù,炷
tiám,点
iông,烊
hau,烋
hiu,烋
bia̍t,烕
hia̍p,烚
tsiok,烛
suan,烜
huí,烜
tsing,烝
pok,烞
ian,烟
in,烟
khó,烤
hôo,烰
kíng,烱
kīng,烴
uân,烷
lóng,烺
lōng,烺
hong,烽
hok,焀
hi,焁
siok,焂
hun,焄
khò,焅
ian,焉
iàn,焉
iân,焉
tsùn,焌
hūn,焜
khun,焜
sûn,焞
thui,焞
thun,焞
sik,焟
tshuì,焠
juat,焫
him,焮
hìm,焮
tshiok,焯
tsiok,焯
tok,焯
i̍k,焲
kong,焵
kòng,焵
sîm,煁
tsióng,煄
hui,煇
hun,煇
sing,煋
tsiáu,煍
pik,煏
uí,煒
luán,煖
huan,煖
suan,煖
luán,煗
io̍k,煜
jiú,煣
hú,煦
ue,煨
tshiu,煪
tsiu,煪
iû,煪
khò,煰
kò,煰
ôo,煳
tông,煻
tsháu,煼
hóng,熀
liap,熀
un,熅
hok,熇
khiam,熑
liâm,熑
îng,熒
óo,熓
kòng,熕
hi,熙
pit,熚
phiau,熛
ip,熠
sip,熠
si̍p,熠
liâu,熮
liú,熮
liû,熮
hàn,熯
au,熰
kíng,熲
tsiam,熸
hi,熹
hi,熺
hip,熻
tshì,熾
tshian,燀
siān,燀
iap,燁
tsiâm,燂
thâm,燂
tsiau,燋
liâu,燎
liāu,燎
lîn,燐
huan,燔
huân,燔
tsiâm,燖
sîm,燖
hué,燘
hiok,燠
suī,燧
huí,燬
siat,燮
lâm,燷
khó,燺
hun,燻
tsīn,燼
sīn,燼
tiû,燽
tô,燽
tō,燽
tô,燾
tō,燾
iāu,燿
lám,爁
lām,爁
jua̍t,爇
jia̍t,爇
siat,爇
lia̍p,爉
hùn,爋
lik,爍
lo̍k,爍
siok,爍
iâm,爓
iām,爓
io̍k,爚
tsiok,爝
thiông,爞
kuàn,爟
tshuàn,爨
uân,爰
uān,爰
jínn,爾
jú,爾
ní,爾
tsiông,爿
tshông,牀
ko,牁
tsong,牂
phuàn,牉
tsian,牋
tshong,牎
jū,牏
tsù,牏
tù,牏
póng,牓
pông,牓
iú,牗
thing,牚
thìng,牚
pín,牝
pīn,牝
bôo,牟
jīm,牣
môo,牦
káng,牨
tsiàn,牮
kóo,牯
tí,牴
kuàn,牶
tshuan,牷
tsuân,牷
jū,牸
bâng,牻
king,牼
khing,牼
ngôo,牾
ngōo,牾
khok,牿
kiáu,牿
lê,犂
khi,犄
kong,犅
ti̍k,犆
phun,犇
sûn,犉
kian,犍
kiān,犍
hong,犎
hì,犔
lo̍k,犖
kài,犗
môo,犘
lî,犛
tông,犝
siû,犨
tshâi,犲
gān,犴
hân,犴
git,犵
khiat,犵
khòng,犺
hóo,犼
ún,狁
liú,狃
ti̍k,狄
phi,狉
kik,狊
khik,狊
huì,狒
iū,狖
huat,狘
ua̍t,狘
tshù,狙
tsu,狙
gûn,狠
hún,狠
kiat,狤
jiông,狨
siú,狩
siù,狩
ló,狫
pè,狴
pē,狴
pí,狴
bâng,狵
hi,狶
hí,狶
kuàn,狷
gûn,狺
suan,狻
tsùn,狻
hau,猇
ngâu,猇
tî,猇
gê,猊
phiau,猋
tsik,猎
tshiok,猎
iam,猒
iàm,猒
kó,猓
hê,猗
tsing,猙
tsut,猝
hôo,猢
ôo,猢
ue,猥
uân,猨
biâu,猫
iân,猭
hiàn,献
khiat,猰
jiû,猱
lô,猱
hiat,猲
ka,猳
iû,猷
iâu,猺
sun,猻
uân,猿
mā,獁
gâi,獃
kìng,獍
bi̍k,獏
bôo,獏
tsiong,獐
tshâm,獑
ngôo,獒
gô,獒
khuat,獗
kuè,獗
pè,獘
pē,獘
lîn,獜
khiat,獝
tông,獞
hiau,獢
kiau,獢
hiau,獥
kuàn,獧
kuè,獪
hiám,獫
hāi,獬
sián,獮
hun,獯
lîng,獰
hi̍k,獲
lōo,獳
jû,獳
kóng,獷
lôo,獹
bî,獼
huan,獾
hiám,玁
khok,玃
biāu,玅
lôo,玈
ting,玎
tik,玓
tshuan,玔
kan,玕
kiú,玖
khí,玘
kí,玘
kong,玜
hu,玞
bûn,玟
bîn,玟
kài,玠
pāng,玤
kuat,玦
kak,玨
tāi,玳
gâm,玵
tiam,玷
tiàm,玷
tshé,玼
tshû,玼
phik,珀
kho,珂
tsóo,珇
ka,珈
bîn,珉
pit,珌
kàu,珓
kióng,珙
hú,珝
lo̍k,珞
sûn,珣
jī,珥
jínn,珥
hiòng,珦
iâu,珧
hâng,珩
hîng,珩
ke,珪
kui,珪
tshiong,珫
ngôo,珴
gô,珴
tîng,珵
tē,珶
bú,珷
gôo,珸
puè,珼
thíng,珽
hâm,琀
kuan,琄
hiân,琄
lông,琅
siù,琇
hu,琈
iâ,琊
tsán,琖
ku,琚
thim,琛
thián,琠
tián,琠
tsing,琤
hóo,琥
khun,琨
póng,琫
uán,琬
tsong,琮
kuan,琯
kuán,琯
iám,琰
tiau,琱
puē,琲
huat,琺
hûn,琿
mōo,瑁
puē,瑁
suan,瑄
thê,瑅
tsim,瑊
hâm,瑊
juán,瑌
luān,瑌
huàn,瑍
thuân,瑑
iông,瑒
uān,瑗
hông,瑝
liû,瑠
iông,瑢
iâu,瑤
óo,瑦
liû,瑬
lông,瑯
tsin,瑱
thiàn,瑱
tiân,瑱
tshiong,瑲
tshong,瑲
tsho,瑳
su,瑹
tshiong,瑽
kín,瑾
kīn,瑾
hê,瑿
tsuê,璀
tshong,璁
kî,璂
íng,璄
kíng,璄
tsó,璅
kiû,璆
suân,璇
ngôo,璈
gô,璈
lián,璉
buân,璊
bûn,璊
tsiong,璋
lōo,璐
tōng,璗
lîn,璘
hîng,璜
hông,璜
íng,璟
kíng,璟
huan,璠
huân,璠
tsin,璡
tsìn,璡
liû,璢
ki,璣
kíng,璥
kìng,璥
phik,璧
tshàn,璨
kû,璩
tsó,璪
tong,璫
sik,璱
suī,璲
būn,璺
hùn,璺
sú,璽
juán,瓀
li̍k,瓅
liông,瓏
lông,瓏
lôo,瓐
lān,瓓
ing,瓔
siong,瓖
kuàn,瓘
tsàn,瓚
huân,瓛
hiàn,瓛
tia̍t,瓞
pâu,瓟
hôo,瓠
pān,瓣
hóng,瓬
òng,瓮
hôo,瓳
lîng,瓴
tsû,瓷
tshi,瓻
thi,瓻
tóng,瓽
tōng,瓽
phóo,瓿
tshiù,甃
gia̍t,甈
khè,甈
lóo,甊
tik,甋
bîng,甍
bōng,甍
phìng,甏
tsing,甑
tsīng,甑
bú,甒
tam,甔
ing,甖
gián,甗
hiàn,甗
sin,甡
juî,甤
soo,甦
suè,甩
ióng,甬
lîng,甯
līng,甯
līn,甯
hut,甶
sìng,甸
tiân,甸
tiān,甸
iû,甹
phing,甹
huā,画
khián,甽
tsu,甾
bîng,甿
bông,甿
bóo,畆
ûn,畇
huàn,畈
king,畊
tiân,畋
khián,畎
hok,畐
kiong,畕
hok,畗
tsín,畛
bóo,畞
tsik,畟
tshik,畟
tsí,畤
sī,畤
hê,畦
ke,畦
lio̍k,畧
siâ,畬
tsùn,畯
liû,畱
huā,畵
tuat,畷
tsuat,畷
tsuè,畷
kî,畸
uán,畹
khiong,畺
kiong,畺
thuán,畽
thong,畽
luí,畾
luî,畾
ki,畿
kî,畿
liû,疁
thong,疃
lîn,疄
līn,疄
tiû,疇
phit,疋
lik,疒
nái,疓
phí,疕
pí,疕
kong,疘
git,疙
kì,疙
kiù,疚
hā,疜
sàn,疝
thìm,疢
thìn,疢
iû,疣
kî,疧
gâ,疨
pì,疪
khā,疴
siat,疶
hua̍t,疺
tsi,疻
tsí,疻
tông,疼
tsu,疽
huì,疿
siam,痁
tiàm,痁
ka,痂
kâ,痂
tsà,痄
tshuan,痊
thong,痌
tông,痌
kai,痎
iū,痏
uí,痏
huê,痐
sí,痑
than,痑
ióng,痒
iông,痒
siông,痒
huè,痗
muī,痗
hau,痚
hu,痡
hú,痡
tsô,痤
tua̍t,痥
phing,痭
kuán,痯
lîm,痳
kuì,痵
am,痷
bîn,痻
hun,痻
kòo,痼
juê,痿
ue,痿
ui,痿
sin,瘁
tsuī,瘁
tsióng,瘇
khè,瘈
jú,瘉
jû,瘉
hâu,瘊
la̍t,瘌
tôo,瘏
jú,瘐
jû,瘐
hûn,瘒
thuán,瘓
khòo,瘔
hâ,瘕
im,瘖
so,瘙
khuat,瘚
sik,瘜
kuan,瘝
tsi̍k,瘠
pan,瘢
hué,瘣
huê,瘣
tshà,瘥
tsho,瘥
gio̍k,瘧
tian,瘨
tap,瘩
tso̍k,瘯
luí,瘰
tshiòng,瘲
thiu,瘳
tsiòng,瘴
tsè,瘵
tshài,瘵
sok,瘶
lōo,瘺
lōo,瘻
lú,瘻
bo̍k,瘼
hông,癀
liông,癃
tsiau,癄
tsiâu,癄
liû,癅
hân,癇
huè,癈
tan,癉
tàn,癉
thán,癉
tò,癉
ìm,癊
kuè,癐
ui,癐
luî,癗
lē,癘
tshú,癙
sú,癙
tsé,癠
tsê,癠
tsiat,癤
ting,癥
li̍k,癧
hok,癨
nāi,癩
ing,癭
kû,癯
iong,癰
than,癱
tian,癲
luân,癵
phuat,癹
kiâ,癿
tsó,皁
tsō,皁
tsó,皂
tsō,皂
kui,皈
kuī,皈
hô,皋
hō,皋
ko,皋
kiáu,皎
ko,皐
uán,皖
sik,皙
gâi,皚
khái,皚
biáu,皛
kíng,皛
hó,皜
kó,皜
hō,皞
hō,皡
pho,皤
pô,皤
kiáu,皦
li̍k,皪
phiáu,皫
tsiok,皭
phàu,皰
tshiok,皵
sik,皵
kóo,皷
kun,皸
tshiù,皺
tsòo,皺
tsa,皻
tsián,皽
tān,皽
bíng,皿
pue,盃
thiông,盅
a̍p,盇
hô,盉
uán,盌
a̍p,盍
iòng,盎
tō,盗
hó,盙
lo̍k,盝
kuán,盥
kuàn,盥
am,盦
ap,盦
lôo,盧
tsiu,盩
tiū,盩
am,盫
ap,盫
kóo,盬
lē,盭
tìng,盯
tîng,盯
guán,盶
tún,盹
him,盺
gé,盻
hē,盻
hong,盽
bîng,眀
sī,眂
bián,眄
biān,眄
phan,眅
phán,眅
hóng,眆
biáu,眇
tam,眈
mōo,眊
tsing,眐
tsìng,眐
áu,眑
tsín,眕
hòng,眖
muī,眛
thú,眝
tsin,眞
uan,眢
hik,眣
thik,眣
tia̍t,眣
tshu,眥
tshú,眥
tshû,眥
tshu,眦
tshú,眦
tshû,眦
tshiáu,眧
tshiap,眨
píng,眪
hê,眭
kuì,眭
hiàn,眴
tshi,眵
khong,眶
bôo,眸
tsiap,眹
thiáu,眺
thiàu,眺
bi̍k,眽
bî,睂
uán,睅
uān,睅
hān,睅
uán,睆
uān,睆
tē,睇
tshò,睉
kuàn,睊
hián,睍
hiān,睍
hi,睎
khùn,睏
siám,睒
lîng,睖
kîng,睘
gâi,睚
tsing,睜
tsīng,睜
lāi,睞
nāi,睞
suì,睟
kuàn,睠
kuân,睠
tshu,睢
sui,睢
tsu,睢
tsui,睢
phì,睥
hun,睧
gé,睨
i̍k,睪
tshái,睬
hâ,睱
hā,睱
ká,睱
hôo,睺
thê,睼
ke,睽
juē,睿
bōo,瞀
bo̍k,瞀
hua̍t,瞂
tshiu,瞅
tsóo,瞅
iû,瞅
óng,瞈
tsin,瞋
thiân,瞋
khap,瞌
sóo,瞍
hat,瞎
suân,瞏
kîng,瞏
khîng,瞏
bîng,瞑
biân,瞑
hùn,瞓
tsiòng,瞕
oo,瞘
bo̍k,瞙
sùn,瞚
lî,瞝
phiau,瞟
thing,瞠
tông,瞠
bīng,瞢
pè,瞥
phiat,瞥
piat,瞥
tsiâu,瞧
phok,瞨
hān,瞯
khàm,瞰
hiat,瞲
hit,瞲
khiat,瞲
huē,瞶
kuì,瞶
ài,瞹
tsing,瞺
kóo,瞽
tsiàu,瞾
kù,瞿
kû,瞿
tshiu,矁
líng,矃
hun,矄
khòng,矌
khok,矍
kio̍k,矍
lôo,矑
lê,矖
lî,矖
tshiok,矗
thóng,矘
khàm,矙
tsiok,矚
hut,矞
u̍t,矞
hôo,矦
hōo,矦
sín,矧
gíng,矨
tsô,矬
tsing,矰
hōo,矱
tìng,矴
hān,矸
kan,矸
gut,矹
gut,矻
kang,矼
khong,矼
khòng,矼
kong,矼
lē,砅
phing,砅
hu,砆
bîn,砇
khing,砊
khong,砊
khòng,砊
kài,砎
gā,砑
phi,砒
pi,砒
gîm,砛
tsu,砠
khó,砢
tô,砣
tsí,砥
tí,砥
tsē,砦
tsú,砫
li̍p,砬
pián,砭
lóo,砮
lôo,砮
phing,砰
lîng,砱
puat,砵
tsat,砸
gap,硆
khap,硆
khia̍t,硈
lio̍k,硉
lu̍t,硉
lo̍k,硌
hān,硍
khùn,硍
hîng,硎
tông,硐
king,硜
khing,硜
lông,硠
hia̍p,硤
tshia,硨
thiat,硩
ngóo,硪
ngôo,硪
gô,硪
bông,硭
khak,确
tok,硺
tuī,硾
khong,硿
ki,碁
kî,碁
pho,碆
tiau,碉
gāi,碍
tshiok,碏
sik,碏
gîm,碒
khím,碒
bú,碔
khi,碕
kî,碕
lún,碖
lûn,碖
juán,碝
luān,碝
gâm,碞
giâm,碞
kia̍t,碣
pian,碥
khik,碦
ue,碨
tsim,碪
tiam,碪
thuàn,碫
tōng,碭
ló,碯
khak,碻
kong,碽
lián,碾
tián,碾
tông,磄
ku̍t,磆
pi,磇
khuí,磈
uí,磈
sóng,磉
tiân,磌
khe,磎
liâm,磏
uī,磑
kia̍t,磔
tshâm,磛
tshè,磜
ngôo,磝
gô,磝
pîng,磞
phing,磞
lóo,磠
khàm,磡
tshióng,磢
tshám,磣
tsik,磧
tsuê,磪
khìng,磬
tshiok,磭
gín,磭
ki,磯
kû,磲
tsing,磳
ting,磴
tìng,磴
lîng,磷
lîn,磷
līn,磷
tiām,磹
phuân,磻
pòo,磻
tsa̍p,磼
khau,磽
te,磾
hi̍k,礉
khau,礉
khàu,礉
luí,礌
luī,礌
ha̍k,礐
kiong,礓
po̍k,礡
ióng,礢
bi̍k,礣
bia̍t,礣
hiân,礥
luí,礧
luî,礧
luī,礧
lē,礪
li̍k,礫
song,礵
kuàn,礶
lé,礼
jîng,礽
io̍k,礿
kî,祁
kài,祄
hian,祅
iau,祅
pang,祊
ping,祊
tuat,祋
tài,祋
si̍k,祏
tia̍t,祑
ti̍t,祑
hù,祔
hū,祔
tsi,祗
kî,祗
bia̍t,祙
hōo,祜
tshâi,祡
lú,祣
hia̍p,祫
tshim,祲
sīn,祳
kai,祴
thô,祹
tô,祹
kuàn,祼
tó,禂
hui,禈
khiat,禊
in,禋
iông,禓
siong,禓
tê,禔
thê,禔
muî,禖
tē,禘
thè,禘
tsiok,禚
tsin,禛
îng,禜
īng,禜
su,禠
mā,禡
hi,禧
ki,禨
tām,禫
kuè,禬
bí,禰
jínn,禰
lé,禰
ní,禰
lē,禲
jiông,禳
io̍k,禴
tsàn,禶
jiú,禸
kiû,禸
gû,禺
lî,离
tshâ,秅
tòo,秅
kán,秆
gē,秇
sian,秈
liân,秊
thiông,种
huè,秏
hònn,秏
king,秔
pí,秕
tsi,秖
khòo,秙
nî,秜
li̍k,秝
phi,秠
bua̍t,秣
buē,秣
kú,秬
tsí,秭
tsik,秷
khiat,秸
hú,秿
lông,稂
hu,稃
khún,稇
king,稉
tê,稊
tôo,稌
tshiáu,稍
sáu,稍
sàu,稍
lún,稐
lio̍k,稑
jím,稔
sím,稔
tsûn,稕
ki,稘
thik,稙
si̍t,稙
khò,稞
pian,稨
luán,稬
lō,稬
khiat,稭
liâm,稴
kà,稼
ke,稽
khe,稽
khé,稽
kóo,稾
kó,稾
jiông,穁
tsè,穄
khong,穅
bo̍k,穆
sam,穇
bûn,穈
kì,穊
lio̍k,穋
íng,穎
tiông,穜
tông,穜
suī,穟
jiông,穠
lông,穠
lōo,穤
tsè,穧
tshìng,穪
kóng,穬
lú,穭
lū,穭
phiau,穮
jióng,穰
jiông,穰
tshiok,穱
tsiok,穱
lî,穲
uat,穵
si̍k,穸
tsīng,穽
iáu,穾
iàu,穾
tun,窀
tshiap,窃
biân,窅
biáu,窅
iáu,窅
piàn,窆
ua,窊
tu̍t,窋
kàu,窌
iâu,窑
khau,窑
tsik,窒
tshong,窓
biáu,窔
kàu,窖
hau,窙
tám,窞
kho,窠
hi̍k,窢
im,窨
ìm,窨
ua,窪
jû,窬
tau,窬
iâu,窰
khau,窰
tiāu,窱
liāu,窲
tsâu,窲
ua,窳
jú,窳
jû,窳
tian,窴
tiân,窴
kú,窶
kù,窶
lú,窶
tshong,窻
khuán,窾
liông,窿
thing,竀
tshuì,竁
kiông,竆
lóng,竉
hông,竑
kî,竒
liông,竜
pìng,竝
tsùn,竣
tshióng,竦
sióng,竦
sóng,竦
tsīng,竫
kia̍t,竭
tsing,竲
hua,竵
li̍k,竻
ke,笄
khip,笈
ki̍p,笈
tsó,笊
hut,笏
kong,笐
pì,笓
tshiam,笘
lia̍p,笝
thai,笞
thi,笞
koo,笟
tshiánn,笡
bín,笢
pau,笣
tiâu,笤
su,笥
tàn,笪
tsí,笫
lîng,笭
tsik,笮
tsà,笮
hut,笰
kóo,笱
huân,笲
ka,笳
khó,笴
kó,笴
phó,笸
kiông,笻
kuì,筀
iâu,筄
sián,筅
kuat,筈
tshuan,筌
jú,筎
jû,筎
hua̍t,筏
tiok,筑
ke,筓
hîng,筕
pâ,筢
liông,筤
lông,筤
kú,筥
kuán,筦
ióng,筩
tông,筩
suàn,筭
sē,筮
siáu,筱
soo,筲
sau,筲
tshik,筴
kiap,筴
lâi,箂
pi,箄
pì,箆
kò,箇
tî,箎
tsing,箐
tsia̍t,箑
tsiú,箒
lîm,箖
khún,箘
ho̍k,箙
koo,箛
khong,箜
khiâm,箝
uán,箢
pian,箯
tsing,箵
síng,箵
hôo,箶
ôo,箶
si,箷
siau,箾
hông,篁
thuàn,篆
hông,篊
kiap,篋
hôo,篌
uân,篔
hûn,篔
a̍k,篗
hok,篗
khok,篗
o̍k,篗
tsoo,篘
huí,篚
koo,篝
kám,篢
lik,篥
tshiok,篧
tû,篨
tî,篪
lî,篱
huī,篲
pit,篳
ti̍k,篴
tio̍k,篴
tsuān,篹
tsè,簀
tsik,簀
khòo,簆
tshiù,簉
tsòo,簉
khuí,簋
kuí,簋
sok,簌
lóo,簍
lôo,簍
tsi̍k,簎
tshik,簎
lo̍k,簏
sue,簑
soo,簑
phok,簙
bi̍k,簚
tōng,簜
liâu,簝
tan,簞
tiām,簟
hú,簠
kuī,簣
kiau,簥
ting,簦
hông,簧
sún,簨
kàn,簳
kū,簴
lōo,簵
tong,簹
sài,簺
khó,簻
tiū,籀
tâi,籉
ti̍k,籊
huân,籓
sóo,籔
khok,籗
lio̍k,籙
lôo,籚
tsian,籛
tsián,籛
thok,籜
îng,籝
nāi,籟
lân,籣
io̍k,籥
kù,籧
kû,籧
pian,籩
tuān,籪
îng,籯
o̍k,籰
khok,籱
sin,籸
jú,籹
lú,籹
tsú,籽
pí,粃
sa,粆
kū,粔
liâm,粘
hông,粠
kiòng,粠
tsu,粢
tsiok,粥
lîn,粦
līn,粦
khiok,粬
kiok,粬
liông,粮
hiān,粯
tshàn,粲
king,粳
ua̍t,粵
lo̍k,粶
kî,粸
pāi,粺
tsiong,粻
tiong,粻
lîng,粼
lîn,粼
līn,粼
sám,糂
jiú,糅
jiû,糅
hôo,糇
thuân,糐
hu,糐
pāi,糒
pī,糒
siu,糔
siú,糔
hiù,糗
sám,糝
kiōng,糡
sàn,糤
tshì,糦
hi,糦
kiōng,糨
huân,糫
lō,糯
thuân,糰
tuân,糰
lē,糲
lān,糷
bi̍k,糸
kiú,糺
sûn,紃
kàn,紆
git,紇
hu̍t,紇
huân,紈
uân,紈
jîn,紉
būn,紊
thóo,紏
hu,紑
hû,紑
su,紓
phi,紕
pî,紕
pī,紕
ín,紖
hông,紘
hîng,紘
ûn,紜
jîm,紝
tám,紞
khim,紟
kim,紟
kiú,紤
thiat,紩
tia̍t,紩
tshé,紪
hut,紱
siat,紲
thú,紵
hut,紼
tô,紽
tsín,紾
tāi,紿
thai,紿
thut,絀
si,絁
kíng,絅
tông,絅
khu,絇
jîm,絍
siat,絏
kuà,絓
bi̍k,絔
khòng,絖
tho,絛
hiat,絜
hia̍t,絜
khiat,絜
kiat,絜
ping,絣
phing,絣
pī,絥
thong,絧
in,絪
luí,絫
kuàn,絭
tia̍t,絰
thi,絺
bián,絻
būn,絻
kiû,絿
soo,綀
thóng,綂
sau,綃
siau,綃
uān,綄
tshim,綅
tsìm,綅
kīng,綆
tê,綈
hông,綋
khik,綌
hut,綍
juî,綏
sui,綏
khún,綑
iân,綖
hōng,綘
kàng,綘
thim,綝
lē,綟
liông,綡
khuán,綣
kuán,綣
ki,綦
kî,綦
ki,綨
kî,綨
tsing,綪
tshing,綪
siū,綬
khé,綮
tô,綯
kuán,綰
uán,綰
kó,綶
tshàn,綻
tìng,綻
thán,綻
tiān,綻
tshe,緀
tam,緂
thám,緂
hûn,緄
khún,緄
kún,緄
tsoo,緅
sik,緆
tsu,緇
lióng,緉
hui,緋
juê,緌
juî,緌
hi̍k,緎
siong,緗
hâm,緘
khiâm,緘
kiam,緘
kik,緙
khik,緙
biân,緡
bín,緡
bîn,緡
hun,緡
báu,緢
biâu,緢
su,緦
tshiu,緧
siú,緧
hîng,緪
king,緪
tshong,緫
bián,緬
biān,緬
kau,緱
kâu,緱
biáu,緲
piân,緶
ūn,緷
hâ,縀
îng,縈
tsìn,縉
tuī,縋
pang,縍
póng,縍
pòng,縍
kut,縎
kiam,縑
tshuàn,縓
guân,縓
un,縕
ùn,縕
ha̍h,縖
sue,縗
tho,縚
ûn,縜
tsin,縝
tsín,縝
kó,縞
jio̍k,縟
hok,縠
kok,縠
tsáinn,縡
thîng,縢
tshài,縩
piat,縪
pit,縪
ián,縯
ín,縯
sú,縰
luî,縲
kuàn,縳
thuàn,縳
thuân,縳
tuān,縳
khian,縴
bān,縵
tsip,縶
lú,縷
phiau,縹
bî,縻
suàn,縼
suân,縼
suì,繀
lu̍t,繂
soo,繅
iâu,繇
iû,繇
kióng,繈
jiân,繎
suè,繐
huī,繐
tsing,繒
tsīng,繒
tsuat,繓
kīng,繕
siān,繕
sán,繖
sàn,繖
u̍t,繘
huan,繙
liâu,繚
tsun,繜
tsún,繜
jiáu,繞
jiâu,繞
tshián,繟
siân,繟
huì,繢
kuī,繢
huā,繣
uā,繣
kiong,繮
huān,繯
hiân,繯
so,繰
tsó,繰
kài,繲
pik,繴
phik,繴
tân,繵
tān,繵
ik,繶
suī,繸
i̍k,繹
su,繻
khián,繾
hun,纁
tshuàn,纂
bi̍k,纆
luī,纇
khiat,纈
khòng,纊
luî,纍
lôo,纑
tshâi,纔
san,纔
jiông,纕
siong,纕
tshiam,纖
siam,纖
tsàn,纘
lí,纚
lî,纚
sá,纚
tō,纛
to̍k,纛
hóo,缶
hiú,缶
hóo,缻
hāng,缿
kong,罁
îng,罃
khìng,罄
hà,罅
khè,罊
iong,罋
òng,罋
ing,罌
luî,罍
bóng,网
bóng,罔
hôo,罘
hu,罘
koo,罛
tsia,罝
tsu,罝
mâu,罞
kong,罡
khuà,罣
kián,罥
hu,罦
lîm,罧
sim,罧
iám,罨
lám,罱
su,罳
liú,罶
lî,罹
lô,罹
uì,罻
kè,罽
tsing,罾
tông,罿
bi̍k,羃
phî,羆
ki,羇
ki,羈
luân,羉
bí,羋
that,羍
iú,羑
hûn,羒
pa,羓
iōng,羕
kóo,羖
hiòng,羗
khiong,羗
kiong,羗
lîng,羚
thú,羜
te,羝
suān,羡
iân,羡
jiông,羢
kûn,羣
khong,羫
khiâm,羬
jû,羭
king,羮
guân,羱
hi,羲
huân,羳
tsian,羴
hún,羵
hûn,羵
tsian,羶
liám,羷
juê,羸
tshán,羼
sán,羼
kòng,羾
gē,羿
thiong,翀
thiông,翀
hông,翃
tshí,翄
kî,翄
phún,翉
i̍k,翊
i̍k,翌
pho,翍
lîng,翎
liâu,翏
liù,翏
kú,翑
kô,翗
siau,翛
siok,翛
ti̍k,翟
tshiap,翣
sap,翣
siat,翣
tsú,翥
tsián,翦
tshì,翨
guán,翫
hui,翬
hik,翮
kik,翮
ha̍k,翯
ngôo,翱
gô,翱
phiau,翲
phún,翸
uè,翽
huì,翽
huân,翾
tô,翿
mōo,耄
kóo,耇
kóo,耈
tia̍t,耋
sá,耍
juán,耎
luán,耎
jî,耏
nāi,耏
tuan,耑
tsuan,耑
juê,耒
juē,耒
luī,耒
tsú,耔
tshau,耖
hònn,耗
kū,耟
tsōo,耡
thû,耡
lún,耣
lûn,耣
tsi̍k,耤
tsià,耤
ngóo,耦
lōo,耨
káng,耩
lôo,耬
iu,耰
git,耴
tiap,耴
tíng,耵
tap,耷
tam,耽
hông,耾
kíng,耿
tam,聃
gia̍t,聐
gut,聐
kuat,聒
hi̍k,聝
kok,聝
tîng,聤
tshong,聦
ke,聧
ngôo,聱
ngōo,聱
gô,聱
tshióng,聳
huài,聵
huè,聵
uè,聵
tsiap,聶
liap,聶
tia̍p,聶
lîng,聹
tsik,聻
ní,聻
u̍t,聿
sù,肂
īnn,肄
khíng,肎
ik,肐
jīm,肕
uan,肙
iông,肜
hong,肪
tun,肫
iû,肬
lu̍t,肭
jiân,肰
king,肱
bún,肳
kî,肵
hut,肷
kiám,肷
hik,肸
tia̍t,胅
pua̍t,胈
koo,胍
khut,胐
tsi,胑
pîng,胓
tsù,胔
tsín,胗
hiân,胘
tsōo,胙
tso̍k,胙
sing,胜
tsi,胝
te,胝
bóo,胟
khu,胠
īn,胤
iong,胦
lóo,胬
pâng,胮
khua,胯
khòo,胯
kai,胲
kik,胳
kok,胳
tōng,胴
tshi,胵
hâu,胶
hiong,胷
jî,胹
at,胺
hîng,胻
hīng,胻
piân,胼
tsù,胾
thiau,脁
tshuì,脃
hia̍p,脇
bi̍k,脉
pu̍t,脖
bín,脗
bún,脗
kuán,脘
kiok,脚
hīng,脛
kīng,脛
hing,脝
tshò,脞
thíng,脡
muî,脢
sīn,脤
siu,脩
him,脪
hùn,脪
tshuì,脺
suî,脽
lûn,腀
piân,腁
suî,腄
thián,腆
tsing,腈
gê,腉
nâi,腉
sik,腊
am,腌
iam,腌
ip,腌
jím,腍
ku,腒
huî,腓
muî,腜
juán,腝
luán,腝
lūn,腝
gû,腢
am,腤
lám,腩
hun,腪
go̍k,腭
su,腮
thún,腯
tún,腯
tūn,腯
tu̍t,腯
jû,腴
tuān,腶
sàn,腺
lú,膂
ut,膃
sòo,膆
phok,膊
liâu,膋
lô,膋
pî,膍
lú,膐
hi̍k,膕
kok,膕
tsuâi,膗
phiau,膘
kióng,膙
thong,膛
lu̍t,膟
lián,膦
phîng,膨
liâu,膫
lô,膫
tshuì,膬
hiáu,膮
hiâu,膮
huan,膰
huân,膰
tsit,膱
tsiau,膲
siān,膳
hoo,膴
bú,膴
tsuī,膵
hiong,膷
ing,膺
thán,膻
tshua,膼
kuè,膾
liâm,臁
pì,臂
iong,臃
kio̍k,臄
tshiok,臅
tsiok,臅
tsián,臇
kat,臈
tsho,臊
so,臊
kóo,臌
tshuì,臎
pîn,臏
pīn,臏
hun,臐
jû,臑
hián,臔
phiau,臕
piau,臕
hìng,臖
ian,臙
lôo,臚
lú,臚
lû,臚
hok,臛
ló,臝
kû,臞
luán,臠
luân,臠
lê,臡
tsam,臢
tsong,臧
tsông,臧
tsōng,臧
giat,臬
gia̍t,臬
giat,臲
tsin,臻
hām,臽
khám,臽
ióng,臾
jû,臾
kuī,臾
tshap,臿
iáu,舀
kú,舁
tsī,舓
kuán,舘
tshuàn,舛
tshún,舛
to,舠
hông,舡
pa,舥
hong,舫
hóng,舫
lîng,舲
ti̍k,舳
tio̍k,舳
tsik,舴
tik,舴
pi̍k,舶
khó,舸
ko,舸
kap,舺
phông,舽
pông,舽
sàu,艄
bíng,艋
liām,艌
ku,艍
hông,艎
siú,艏
phian,艑
pián,艑
tia̍p,艓
pòng,艕
tsha,艖
ik,艗
soo,艘
so,艘
lôo,艛
tài,艜
iāu,艞
tông,艟
tong,艡
tshiông,艢
lóo,艣
gí,艤
tship,艥
hōo,艧
hok,艧
bông,艨
tsê,艩
lóo,艪
lôo,艫
song,艭
kùn,艮
hut,艴
pu̍t,艴
iām,艶
iām,艷
tshó,艸
li̍k,艻
tíng,艼
kau,艽
khiu,艽
kiû,艽
jîng,艿
hông,芃
phông,芃
huân,芄
uân,芄
tshian,芊
tshiàn,芊
thóo,芏
hōo,芐
khí,芑
kí,芑
huí,芔
huì,芔
pì,芘
thun,芚
tûn,芚
gut,芞
khit,芞
jîn,芢
hôo,芣
khu,芤
sū,芧
ki̍p,芨
khîm,芩
guân,芫
juē,芮
sim,芯
kī,芰
bu̍t,芴
kuat,芵
ûn,芸
iau,芺
thin,芺
tsoo,芻
môo,芼
mōo,芼
huì,芾
hut,苐
tiâu,苕
khíng,苘
li̍p,苙
bua̍t,苜
bia̍t,苜
bo̍k,苜
bîn,苠
kū,苣
phi,苤
ní,苨
pa,苩
pha,苩
siam,苫
thiam,苫
siû,苬
tsà,苲
tso̍k,苲
tshu,苴
tsu,苴
liap,苶
phîng,苹
hû,苻
koo,苽
bi̍t,苾
pit,苾
pi̍t,苾
hut,茀
pi̍t,茀
tsuat,茁
báu,茆
pua̍t,茇
tshâ,茈
tshú,茈
tshû,茈
kóo,茍
kik,茖
kok,茖
bîng,茗
bíng,茗
jiông,茙
kùn,茛
tshiàn,茜
tshí,茞
hiu,茠
lia̍t,茢
gôo,茣
ngôo,茣
tshik,茦
tshì,茦
tsu,茨
tsû,茨
kóo,茩
sî,茬
jû,茰
tsu,茲
kong,茳
huê,茴
hua̍t,茷
huī,茷
jû,茹
lû,茹
jî,茹
jú,茹
lú,茹
jí,茹
tshiong,茺
tông,茼
huân,荁
tshuan,荃
tsuân,荃
kai,荄
tap,荅
tshún,荈
jî,荋
kiâu,荍
tî,荎
tia̍t,荎
tê,荑
phing,荓
tōo,荰
jím,荵
pu̍t,荸
pōo,荹
ti̍k,荻
tshâ,荼
tôo,荼
lông,莀
li̍k,莅
pôo,莆
hú,莆
bu̍t,莈
lī,莉
tua̍t,莌
thok,莌
kiû,莍
kú,莒
hīng,莕
sin,莘
kún,莙
iân,莚
tîng,莛
thiau,莜
tshò,莝
uán,莞
uân,莞
hâm,莟
hām,莟
iú,莠
siù,莠
sau,莦
siau,莦
lông,莨
hôo,莩
hu,莩
piáu,莩
ngôo,莪
gô,莪
lâm,莮
bóng,莾
uán,菀
uan,菀
ut,菀
tik,菂
tong,菄
kuan,菅
kan,菅
tsoo,菆
lio̍k,菉
bī,菋
khún,菌
tsai,菑
tsu,菑
kó,菓
ho̍k,菔
po̍k,菔
tiû,菗
siông,菘
thòo,菟
hâm,菡
pāu,菢
kuán,菤
sik,菥
su,菥
tông,菪
tōng,菪
koo,菰
am,菴
bóng,菵
hông,菶
póng,菶
tshu,菹
tsia,菹
tsu,菹
lím,菻
lîm,菻
thám,菼
siok,菽
kî,萁
ki,萁
tsuī,萃
tshun,萅
tshún,萅
pi̍k,萆
pè,萆
pi,萆
tiông,萇
tshe,萋
bîng,萌
tám,萏
uân,萑
tsui,萑
tshiu,萩
sam,萩
kho,萪
jû,萮
suan,萱
jû,萸
jî,萸
pián,萹
go̍k,萼
kiong,葁
pó,葆
hok,葍
lu̍t,葎
phûn,葐
hong,葑
hông,葒
hông,葓
siong,葙
sîm,葚
tám,葚
khap,葜
sim,葠
kài,葢
khap,葢
tsiân,葥
tsiān,葥
uí,葦
ue,葨
ka,葭
tuān,葮
io̍k,葯
tshong,葱
ui,葳
tîng,葶
hun,葷
sí,葸
tship,葺
iau,葽
iàu,葽
hua,蒍
uí,蒍
soo,蒐
sî,蒔
sī,蒔
li̍k,蒞
lī,蒞
kú,蒟
pông,蒡
tû,蒢
tiám,蒧
tshiàn,蒨
sûn,蒪
khuái,蒯
khuài,蒯
kuái,蒯
pôo,蒱
la̍p,蒳
kiam,蒹
tsi̍k,蒺
jio̍k,蒻
bê,蒾
sun,蓀
tsin,蓁
bîng,蓂
lông,蓈
ong,蓊
si,蓍
ló,蓏
jio̍k,蓐
hian,蓒
puē,蓓
pi,蓖
thiau,蓧
tiâu,蓧
mōo,蓩
bū,蓩
tio̍k,蓫
tshiong,蓯
tsóng,蓯
sú,蓰
kín,蓳
tshui,蓷
tsip,蓺
gē,蓺
liáu,蓼
lio̍k,蓼
ló,蓼
pit,蓽
siok,蓿
pōo,蔀
lô,蔂
kióng,蔃
kiông,蔃
lîng,蔆
khài,蔇
kì,蔇
kún,蔉
hán,蔊
ti̍k,蔋
sok,蔌
siat,蔎
siong,蔏
po̍k,蔔
tài,蔕
tè,蔕
sam,蔘
lôo,蔞
tshok,蔟
tsòo,蔟
tsiúnn,蔣
tsiónn,蔣
tsióng,蔣
tsiáng,蔣
bi̍t,蔤
liáu,蔦
niáu,蔦
ian,蔫
kok,蔮
tîn,蔯
môo,蔴
bâ,蔴
mâ,蔴
khòo,蔻
lê,蔾
tâm,蕁
thián,蕆
sîm,蕈
sín,蕈
luí,蕋
kiâu,蕎
kiau,蕎
hua,蕐
kan,蕑
hûn,蕓
iû,蕕
kû,蕖
giâu,蕘
jiâu,蕘
huī,蕙
go̍k,蕚
tshuat,蕝
tsuē,蕝
tshuat,蕞
tsuē,蕞
hûn,蕡
kuī,蕢
sùn,蕣
juê,蕤
sui,蕤
khuat,蕨
bû,蕪
tóng,蕫
tông,蕫
si,蕬
sik,蕮
hâ,蕸
ka,蕸
iong,蕹
tship,蕺
kik,蕺
hāng,蕻
un,薀
hiok,薁
ài,薆
uè,薉
kè,薊
hiong,薌
guān,薍
luān,薍
lîng,薐
kho,薖
ta̍t,薘
thè,薙
pī,薛
siat,薛
phik,薜
tám,薝
huân,薠
tíng,薡
kái,薢
hāi,薤
khó,薧
kó,薧
ing,薨
uán,薳
uì,薳
lîng,薴
bâi,薶
jû,薷
tâi,薹
tsé,薺
tsin,薽
tsí,薾
ní,薾
gí,薿
kó,藁
tshông,藂
kî,藄
su,藇
sū,藇
thiàu,藋
tsīn,藎
khiat,藒
lû,藘
gē,藙
sio̍k,藚
siá,藛
lê,藜
luá,藞
luí,藟
môo,藦
piáu,藨
sóo,藪
tuê,藬
kiông,藭
li̍k,藶
tsu,藷
līn,藺
tsó,藻
nāi,藾
hok,藿
thok,蘀
kî,蘄
hîng,蘅
tuê,蘈
bông,蘉
gia̍t,蘖
jiông,蘘
sián,蘚
liám,蘝
liâm,蘝
liám,蘞
liâm,蘞
tshiông,蘠
ing,蘡
liông,蘢
lóng,蘢
lông,蘢
uí,蘤
pô,蘤
kù,蘧
kû,蘧
iâu,蘨
iû,蘨
huân,蘩
bî,蘪
luí,蘲
luî,蘲
guī,蘶
tsàm,蘸
huâi,蘹
lî,蘺
bî,蘼
luí,蘽
lô,蘿
luí,虆
luî,虆
hoo,虍
tuê,虒
hau,虓
hoo,虖
ho̍k,虙
hū,虙
lóo,虜
gû,虞
khik,虢
pō,虣
tsiàn,虥
tsiàn,虦
hik,虩
khik,虩
sik,虩
huí,虫
thiông,虫
khiû,虬
kiu,虬
kiû,虬
ting,虰
ioh,虳
tô,虵
huí,虺
khuí,虺
kik,虼
pa,蚆
pha,蚆
tshik,蚇
juē,蚋
pî,蚍
ua̍t,蚎
kî,蚑
tshâm,蚕
thián,蚕
guân,蚖
kuat,蚗
kî,蚚
tshì,蚝
kài,蚧
hû,蚨
tshi,蚩
tóo,蚪
khiu,蚯
iû,蚰
tsik,蚱
tsā,蚱
tî,蚳
hô,蚵
li̍k,蚸
hū,蚹
jiám,蚺
tsat,蚻
phî,蚽
phó,蚾
pò,蚾
hiân,蚿
píng,蛃
koo,蛄
tsiam,蛅
thiat,蛈
tia̍t,蛈
lîng,蛉
koo,蛌
khiok,蛐
bôo,蛑
kik,蛒
tshì,蛓
tshù,蛓
huê,蛔
huê,蛕
iông,蛘
khuat,蛞
kuat,蛞
khiat,蛣
kiat,蛣
khiông,蛩
kiông,蛩
kiông,蛬
tsit,蛭
tia̍t,蛭
bân,蛮
hing,蛵
kiû,蛷
sau,蛸
siau,蛸
ióng,蛹
kiap,蛺
ngôo,蛾
gô,蛾
sīn,蜃
hú,蜅
hián,蜆
tsiat,蜇
suat,蜇
hôo,蜉
liông,蜋
lông,蜋
pē,蜌
kuan,蜎
iân,蜎
iú,蜏
kiap,蜐
tān,蜑
tîng,蜒
iân,蜓
thíng,蜓
tiān,蜔
hui,蜚
huí,蜚
kî,蜝
iok,蜟
khûn,蜠
tshiok,蜡
khiong,蜣
sik,蜥
suat,蜥
lē,蜧
tsiat,蜨
tia̍p,蜨
tiâu,蜩
khun,蜫
hi̍k,蜮
huí,蜰
huî,蜰
uí,蜲
i̍k,蜴
sik,蜴
kuân,蜷
juē,蜹
gê,蜺
tsing,蜻
tshing,蜻
kó,蜾
uan,蜿
uán,蜿
tòng,蝀
tuat,蝃
tè,蝃
kho,蝌
tsik,蝍
giat,蝎
hat,蝎
biân,蝒
jû,蝓
hông,蝗
ián,蝘
pián,蝙
jiû,蝚
ui,蝛
huân,蝝
iân,蝝
uī,蝟
hok,蝠
juán,蝡
jún,蝡
iû,蝣
tsiu,蝤
tsiû,蝤
iû,蝤
bôo,蝥
mâu,蝥
thong,蝪
tōng,蝪
tsu,蝫
tè,蝭
tê,蝭
hok,蝮
uân,蝯
bîng,蝱
bông,蝱
ua,蝸
un,蝹
lâm,蝻
thuè,螁
bông,螂
liông,螂
lông,螂
pông,螃
su,螄
hê,螇
guân,螈
ong,螉
liâm,螊
tsîn,螓
tông,螗
gí,螘
tòo,螙
má,螞
ti̍k,螣
tîng,螣
tshong,螥
sik,螫
tsô,螬
lî,螭
tài,螮
tè,螮
ngôo,螯
gô,螯
lo̍k,螰
tsik,螲
tông,螳
phiau,螵
lôo,螻
khím,螼
tsiong,螽
în,螾
bûn,蟁
bôo,蟆
bo̍k,蟆
bôo,蟇
bo̍k,蟇
kok,蟈
liú,蟉
liû,蟉
mâu,蟊
pi,蟌
tshuì,蟕
ti̍k,蟘
phîng,蟛
kiáu,蟜
phiat,蟞
piat,蟞
liâu,蟟
huân,蟠
hí,蟢
ki,蟣
kí,蟣
hông,蟥
huì,蟦
lô,蟧
khuat,蟨
kuat,蟨
huī,蟪
îm,蟫
sîm,蟫
tham,蟫
bû,蟱
siān,蟺
kè,蟿
khè,蟿
hióng,蠁
ló,蠃
lô,蠃
khîm,蠄
tshài,蠆
māi,蠆
tsi̍k,蠈
huân,蠉
tsiok,蠋
sio̍k,蠋
tsê,蠐
îng,蠑
hô,蠔
hōo,蠖
tsia̍t,蠘
pin,蠙
bia̍t,蠛
huân,蠜
bi̍t,蠠
lé,蠡
lê,蠡
lô,蠡
tshún,蠢
lē,蠣
tòo,蠧
tsû,蠩
lông,蠪
hong,蠭
iat,蠮
kóo,蠱
kuan,蠲
hê,蠵
tòo,蠹
tsia̍t,蠽
tsiok,蠾
sio̍k,蠾
hong,衁
lok,衂
phue,衃
jio̍k,衄
lok,衄
hùn,衅
tsiòng,衆
jī,衈
khik,衉
bia̍t,衊
hik,衋
khán,衎
khàn,衎
hiân,衒
hiān,衒
tông,衕
hāng,衖
hôo,衚
ôo,衚
uē,衞
kû,衢
tshà,衩
hu,衭
hû,衭
kún,衮
hun,衯
kiap,衱
kip,衱
lik,衵
li̍k,衵
ji̍t,衵
kuí,衼
jím,衽
khim,衾
khim,衿
kim,衿
kun,袀
uân,袁
māi,袂
líng,袊
áu,袎
iàu,袎
siāu,袑
thán,袒
tsín,袗
phànn,袙
pua̍t,袚
hut,袚
tí,袛
kún,袞
phuàn,袢
bōo,袤
thok,袥
hiân,袨
hiān,袨
khu,袪
khuà,袴
khòo,袴
jím,袵
khap,袷
kiap,袷
khiat,袺
kiat,袺
jî,袻
kok,袼
jû,袽
tsu,袾
in,裀
khùn,裉
niáu,裊
tuán,裋
sū,裋
khún,裍
tîng,裎
thíng,裎
thîng,裎
ip,裛
tshiam,裧
thám,裧
pi,裨
pî,裨
lîng,裬
tshiong,裮
tiû,裯
to,裯
tû,裯
tuat,裰
siông,裳
puê,裴
pâi,裴
hui,裶
lōo,裸
iám,裺
tok,裻
thik,裼
tè,褅
thè,褅
sī,褆
hē,褉
pián,褊
khun,褌
kun,褌
hat,褐
uān,褑
pó,褓
jû,褕
thuàn,褖
ián,褗
uî,褘
thú,褚
tsú,褚
koo,褠
tap,褡
huâi,褢
nāi,褦
kíng,褧
niáu,褭
tsià,褯
khian,褰
kián,褰
huâi,褱
liân,褳
lî,褵
si̍p,褶
lú,褸
gē,褹
siat,褻
tshian,褼
kióng,襁
iū,襃
pok,襆
tshuat,襊
kik,襋
puat,襏
jiâu,襓
to̍k,襗
tsing,襘
huē,襘
kuè,襘
suī,襚
lông,襛
tshiam,襜
liâm,襜
tshiam,襝
liâm,襝
phik,襞
tong,襠
sio̍k,襡
siān,襢
thán,襢
pī,襣
jû,襦
sio̍k,襩
to̍k,襩
sik,襫
khiat,襭
phok,襮
tshàn,襯
tshìn,襯
liông,襱
lông,襱
tshiam,襳
siam,襳
lân,襴
tsiap,襵
liap,襵
tài,襶
kián,襺
hà,襾
huān,覂
hōng,覂
sím,覃
thâm,覃
pà,覇
hi̍k,覈
hu̍t,覈
ki,覊
kuan,覌
kuàn,覌
kak,覐
bi̍k,覔
su,覗
tiam,覘
bi̍k,覛
thiàu,覜
tsì,覟
hi̍k,覡
jû,覦
lám,覧
tóo,覩
khái,覬
kì,覬
bîng,覭
kòo,覯
kīn,覲
lô,覶
tshù,覷
hán,覸
kàn,覸
lô,覼
to̍k,覿
kun,觔
tshiok,觕
tshoo,觕
khuat,觖
kuat,觖
koo,觚
tsui,觜
tí,觝
huá,觟
hāi,觟
kik,觡
king,觥
kong,觥
kái,觧
kiû,觩
sok,觫
khi,觭
kî,觭
tánn,觰
sin,觲
siong,觴
king,觵
kong,觵
tì,觶
kuat,觼
hê,觿
kiû,訄
kiû,訅
kiàu,訆
ing,訇
hông,訌
kong,訌
hú,訏
khiat,訐
si,訑
jīm,訒
san,訕
sàn,訕
siàn,訕
gut,訖
ngôo,訛
gô,訛
gā,訝
sín,訠
him,訢
hi,訢
lu̍t,訥
iû,訧
tsí,訨
hiong,訩
tshau,訬
sut,訹
tsìng,証
tshú,訾
tshû,訾
tshú,訿
tshû,訿
tshiam,詀
tiam,詀
tsām,詀
kóo,詁
tia̍t,詄
tí,詆
lōo,詉
lâu,詉
tsiù,詋
khàm,詌
kū,詎
áu,詏
iàu,詏
thô,詑
tô,詑
î,詒
tâi,詒
thài,詒
phî,詖
pì,詖
híng,詗
khut,詘
thut,詘
tsóo,詛
thú,詝
īng,詠
hú,詡
hóng,詤
hau,詨
kau,詨
hún,詪
khún,詪
kún,詪
tshà,詫
thà,詫
hōo,詬
kòo,詬
sin,詵
tshiû,詶
tsiù,詶
siû,詶
tông,詷
bi,詺
gi̍k,詻
go̍k,詻
gan,詽
hian,詽
kuà,詿
thiáu,誂
tshí,誃
luí,誄
tu,誅
khong,誆
khòng,誆
kòng,誆
tshì,誎
lóng,誏
lōng,誏
ngôo,誐
kòng,誑
hi,誒
puē,誖
pu̍t,誖
siàu,誚
khò,誥
phoo,誧
huè,誨
kīng,誩
tsia̍t,誱
suì,誶
tsuī,誶
tsu̍t,誶
bóng,誷
gûn,誾
tun,諄
tsùn,諄
uí,諉
tsik,諎
tshòo,諎
tsoo,諏
khian,諐
tok,諑
tshián,諓
tsian,諓
tsián,諓
hô,諕
sím,諗
jû,諛
jū,諛
su,諝
sú,諝
phian,諞
pián,諞
sī,諟
suan,諠
gùn,諢
hūn,諢
go̍k,諤
tsiòng,諥
kàn,諫
khé,諬
tsuan,諯
huì,諱
in,諲
hâm,諴
lâm,諵
sîm,諶
hóng,諷
suan,諼
tship,諿
iat,謁
tshau,謅
tsháu,謅
tsoo,謅
siàn,謆
kián,謇
pâu,謈
phok,謈
ko,謌
bi̍k,謐
tshong,謒
siok,謖
ik,謚
hau,謞
tho,謟
khìng,謦
lî,謧
bôo,謨
siong,謪
tik,謫
tsián,謭
tsa,謯
lôo,謱
tsham,謲
kùn,謴
ngôo,謷
ngōo,謷
gô,謷
gō,謷
tsip,謺
hoo,謼
kiōng,謽
bān,謾
hàm,譀
tshián,譂
hiok,譃
hu,譃
hi,譆
tshia,譇
tuī,譈
lau,譊
gô,譌
ìng,譍
khiat,譎
tsún,譐
kiáu,譑
pòo,譒
pò,譒
huī,譓
tsuān,譔
bôo,譕
bû,譕
tshìm,譖
tsiàm,譖
tsìm,譖
tsiâu,譙
tshò,譟
sò,譟
tsiam,譫
huí,譭
tsing,譮
huē,譮
hāi,譮
tsiu,譸
tiû,譸
hô,譹
gí,譺
tsián,譾
huī,譿
luí,讄
iàn,讌
go̍k,讍
siû,讎
tshâm,讒
lân,讕
hi̍k,讗
liap,讘
huan,讙
gē,讛
tóng,讜
gia̍t,讞
hiàn,讞
to̍k,讟
tshian,谸
hâ,谺
hâm,谽
hê,谿
khe,谿
hê,豀
khe,豀
hat,豁
kong,豇
sī,豉
lé,豊
ting,豋
uan,豌
iām,豓
sí,豕
thiok,豖
tiok,豖
hue,豗
i̍k,豛
gian,豜
kian,豜
pa,豝
ik,豟
huān,豢
khún,豤
kù,豦
kū,豦
hi,豨
hí,豨
ka,豭
un,豱
pin,豳
tsong,豵
hûn,豶
hì,豷
tshâi,豺
kan,豻
lu̍t,豽
lu̍t,貀
iú,貁
hiu,貅
huân,貆
hok,貈
bi̍k,貊
lî,貍
pí,貏
thuan,貒
thuàn,貒
pî,貔
bi̍k,貘
khu,貙
thik,貣
tsit,貭
sè,貰
pì,貱
tsu,貲
phián,貵
sìng,貹
hóng,貺
hòng,貺
huì,賁
hûn,賁
phun,賁
pì,賁
jīm,賃
kai,賅
ing,賏
pin,賔
kiû,賕
tsiu,賙
nāi,賚
thim,賝
king,賡
tām,賧
tiòng,賬
khîng,賯
tshún,賰
ún,賱
hōng,賵
tshòng,賶
tse,賷
īn,賸
sīng,賸
hù,賻
hū,賻
tsik,賾
uí,贀
tshím,贂
tsì,贄
gān,贋
siām,贍
hiân,贒
pī,贔
to̍k,贕
gān,贗
kòng,贛
hik,赥
lán,赧
tông,赨
hik,赫
tsing,赬
tshing,赬
tsiá,赭
hâ,赮
kiú,赳
kiū,赳
kán,赶
kuat,赽
tsín,趁
thìn,趁
tsín,趂
thìn,趂
tshu,趄
tsoo,趄
jip,趇
tshu,趋
tî,趍
kuat,趏
i̍k,趐
tsu,趑
lia̍t,趔
so,趖
hi̍k,趘
gím,趛
kìm,趛
kiām,趝
liām,趝
tshîng,趟
tshiōng,趟
tok,趠
uí,趡
hông,趪
kong,趪
kiâu,趫
iāu,趭
sò,趮
thik,趯
io̍k,趯
tsán,趲
tsàn,趲
pâ,趴
tsiok,趵
khòo,趶
gut,趷
kuat,趹
hu,趺
khian,趼
kián,趼
khip,趿
gua̍t,跀
pâ,跁
pā,跁
khì,跂
kî,跂
thok,跅
lián,跈
thián,跈
koo,跍
tô,跎
ka,跏
tshú,跐
kà,跒
tsū,跓
liam,跕
thiap,跕
tiap,跕
tsik,跖
hu,跗
hū,跗
tsóo,跙
san,跚
phó,跛
tài,跢
to,跢
sián,跣
tu,跦
tû,跦
tshuan,跧
khua,跨
khuà,跨
khòo,跨
kiông,跫
khuí,跬
siat,跬
tú,跬
tia̍t,跮
kiap,跲
kip,跲
tshái,跴
tó,跺
kio̍k,跼
kī,跽
tôo,跿
tshiok,踀
siau,踃
pōo,踄
po̍k,踄
tsun,踆
tsùn,踆
liông,踉
lông,踉
ióng,踊
ki,踑
kî,踑
ui,踒
tsik,踖
kiok,踘
lìng,踜
huá,踝
khuà,踝
ku,踞
kù,踞
tî,踟
kuân,踡
puê,踣
po̍k,踣
tsut,踤
tshiap,踥
khi,踦
kî,踦
ti̍k,踧
siok,踧
jû,踰
to̍k,踱
tshún,踳
tsióng,踵
tê,踶
tē,踶
tóo,踷
tshím,踸
thuàn,踹
kiān,踺
thóng,踼
hú,踽
kú,踽
pik,踾
pi̍k,踾
tsiok,踿
tia̍p,蹀
jiú,蹂
jiû,蹂
jio̍k,蹃
lo̍k,蹃
tsa,蹅
kián,蹇
ta̍p,蹋
thap,蹋
tshiong,蹌
tian,蹎
tsik,蹐
pit,蹕
tsiong,蹖
tsong,蹖
liâu,蹘
tshiok,蹙
siok,蹜
sú,蹝
tsik,蹠
tshiong,蹡
tik,蹢
ti̍k,蹢
buân,蹣
jián,蹨
jiân,蹨
phiat,蹩
piat,蹩
kiok,蹫
ting,蹬
tīng,蹬
tsīng,蹭
tshian,蹮
huân,蹯
tsiong,蹱
tshiok,蹴
tshiok,蹵
khuat,蹶
khuè,蹶
kuè,蹶
khiau,蹺
khiau,蹻
kiáu,蹻
kiok,蹻
pok,蹼
sò,躁
phik,躄
tsiok,躅
to̍k,躅
tún,躉
tse,躋
tsè,躋
lia̍p,躐
ti̍k,躑
li̍k,躒
tsì,躓
tiân,躔
tiān,躔
tû,躕
uē,躗
liông,躘
tshian,躚
sian,躚
lân,躝
liap,躡
tsuan,躦
tsàn,躦
sú,躧
khok,躩
līn,躪
tó,躱
tó,躲
kiong,躳
lông,躴
lō,躶
ái,躷
thóng,躺
khong,躿
lú,軁
lò,軂
thò,軃
tsit,軄
gio̍k,軉
at,軋
ut,軋
gua̍t,軏
tē,軑
huān,軓
jīm,軔
tûn,軘
ik,軛
lik,軛
la̍p,軜
kî,軝
kû,軥
tí,軧
tsín,軫
koo,軲
jióng,軵
ik,軶
tsí,軹
iâu,軺
kho,軻
i̍k,軼
ia̍t,軼
tia̍t,軼
sik,軾
pîn,軿
jî,輀
khiok,輂
lōo,輅
tshuan,輇
tsiu,輈
tsì,輊
tì,輊
huān,輐
uān,輐
khûn,輑
tiap,輒
tsiu,輖
gê,輗
lîng,輘
tsiàn,輚
tsu,輜
bóng,輞
tuat,輟
hó,輠
tshiàn,輤
kún,輥
kuán,輨
liông,輬
juán,輭
luán,輭
jiú,輮
jiû,輮
tsòo,輳
tun,輴
at,輵
kat,輵
iû,輶
hok,輹
kok,轂
uân,轅
kau,轇
tsâu,轈
tsiàn,轏
phok,轐
po̍k,轐
huan,轓
lîn,轔
kat,轕
khám,轗
huân,轘
lām,轞
pì,轡
li̍k,轢
li̍k,轣
lôo,轤
lua̍t,辢
la̍t,辢
pān,辧
tshiok,辵
tshian,迁
git,迄
gut,迄
kò,过
gîng,迊
ōng,迋
thô,迌
tun,迍
hâng,迒
hông,迒
gā,迓
gōo,迕
ngóo,迕
huan,还
gān,这
siâu,迢
tiâu,迢
híng,迥
kíng,迥
tāi,迨
tsik,迮
tsok,迮
tô,迯
tsik,迹
nái,迺
sûn,迿
tsùn,迿
kuat,适
pâng,逄
hōo,逅
pôo,逋
iû,逌
kiû,逑
tuē,逓
kìng,逕
ti̍k,逖
tōo,逗
tsé,這
gān,這
kóng,逛
kòng,逛
tsùn,逡
phun,逩
phùn,逩
kuat,逫
tuat,逫
kuán,逭
lio̍k,逯
kuî,逵
ui,逶
jû,逾
tông,逿
tōng,逿
hâ,遐
hô,遐
hông,遑
iû,遒
kòo,遘
liû,遛
ta̍p,遝
thap,遢
thik,遫
sok,遬
tūn,遯
tài,遰
tē,遰
lôo,遱
jiáu,遶
jiâu,遶
u̍t,遹
gōo,遻
go̍k,遻
kù,遽
hāi,邂
tsian,邅
jínn,邇
biáu,邈
lia̍p,邋
lí,邐
kī,邔
iong,邕
hân,邘
bông,邙
giông,邛
kiông,邛
pin,邠
hong,邡
hóng,邡
hîng,邢
lô,那
ná,那
guân,邧
tshuan,邨
tshun,邨
ham,邯
hân,邯
thai,邰
khiu,邱
pì,邲
pi̍t,邲
phi,邳
píng,邴
pìng,邴
siāu,邵
puē,邶
ke,邽
kui,邽
tsu,邾
tu,邾
ha̍p,郃
khik,郄
tsit,郅
huân,郇
sûn,郇
hōo,郈
iân,郔
sîng,郕
hi,郗
thi,郗
ngôo,郚
hu,郛
khò,郜
khok,郜
hi̍k,郝
sik,郝
hok,郝
kiap,郟
íng,郢
thíng,郢
pu̍t,郣
khik,郤
tshe,郪
pì,郫
tâm,郯
pîn,郱
lâi,郲
gê,郳
thim,郴
ián,郾
bî,郿
jio̍k,鄀
go̍k,鄂
jû,鄃
su,鄃
kuàn,鄄
ūn,鄆
hôo,鄇
sik,鄎
jio̍k,鄏
tsìn,鄑
tsoo,鄒
oo,鄔
óo,鄔
ûn,鄖
hō,鄗
khau,鄗
iông,鄘
hu,鄜
lo̍k,鄜
liáu,鄝
gûn,鄞
tsuan,鄟
hōo,鄠
ian,鄢
tsiong,鄣
tsiòng,鄣
bân,鄤
sîm,鄩
tsing,鄫
uî,鄬
bōo,鄮
phuân,鄱
tan,鄲
bông,鄳
gia̍p,鄴
tshò,鄵
kuè,鄶
hong,鄷
tsoo,鄹
iu,鄾
lîng,酃
hê,酅
tsàn,酇
li̍k,酈
lê,酈
tíng,酊
tiū,酎
môo,酕
tam,酖
thìm,酖
tôo,酘
tô,酡
tshòo,酢
niàu,酢
tso̍k,酢
ham,酣
koo,酤
bíng,酩
lo̍k,酪
tîng,酲
īn,酳
tôo,酴
muî,酶
luī,酹
pôo,酺
lio̍k,醁
tô,醄
phue,醅
tsán,醆
tuat,醊
thé,醍
thê,醍
ôo,醐
tham,醓
thám,醓
ùn,醞
īng,醟
tsà,醡
hái,醢
phiáu,醥
tshám,醦
sam,醦
lî,醨
lô,醪
phok,醭
po̍k,醭
he,醯
thâm,醰
puat,醱
lông,醲
kio̍k,醵
jú,醹
jû,醹
hun,醺
bî,醾
bî,醿
hùn,釁
tsiàu,釂
tsiok,釂
su,釃
bî,釄
giâm,釅
piān,釆
iū,釉
to,釖
tsiau,釗
hú,釜
tsip,釞
sam,釤
sàm,釤
khóo,釦
khòo,釦
hua,釫
huâ,釫
hān,釬
kong,釭
tē,釱
i̍k,釴
iâ,釾
kun,釿
pa,鈀
hong,鈁
kian,鈃
thóo,鈄
gua̍t,鈅
iân,鈆
hu,鈇
la̍p,鈉
ngôo,鈋
koo,鈎
khiâm,鈐
khip,鈒
sap,鈒
pî,鈚
bián,鈣
lik,鈪
sū,鈶
kóo,鈷
phi,鈹
gio̍k,鈺
tiân,鈿
tiān,鈿
kap,鉀
thiat,鉄
kū,鉅
khiâm,鉆
tiam,鉆
hiân,鉉
tsiau,鉊
pâu,鉋
phāu,鉋
tsoo,鉏
tsóo,鉏
thû,鉏
po̍k,鉑
tsù,鉒
kóng,鉚
ua̍t,鉞
kiap,鉣
tsing,鉦
bóng,鉧
hîng,鉶
píng,鉼
kun,銁
luī,銇
tsūn,銌
tsik,銍
tsit,銍
khiong,銎
sián,銑
tshuan,銓
suān,銓
thiat,銕
sû,銖
tsu,銖
khuá,銙
tiāu,銚
siam,銛
thiám,銛
hâm,銜
kun,銞
kiû,銶
siù,銹
tsho,銼
tshò,銼
muî,鋂
lông,鋃
kiám,鋄
tsú,鋅
ûn,鋆
ak,鋈
ok,鋈
sok,鋉
io̍k,鋊
thíng,鋌
pu̍t,鋍
kiap,鋏
tshuan,鋑
tsùn,鋑
tsì,鋕
ngôo,鋘
gú,鋙
tshuàn,鋛
luat,鋝
tshím,鋟
iâ,鋣
kiok,鋦
hiān,鋧
bông,鋩
khò,鋯
tô,鋾
kó,錁
kuán,錈
thap,錔
hûn,錕
khun,錕
tsu,錙
tsing,錚
phun,錛
liap,錜
sûn,錞
tuī,錞
kî,錡
tuat,錣
ki,錤
kî,錤
kuán,錧
tiau,錭
to,錭
tô,錭
kòo,錮
hiam,鍁
kai,鍇
ing,鍈
sî,鍉
tê,鍉
go̍k,鍔
gû,鍝
hông,鍠
ue,鍡
tshap,鍤
hong,鍧
bôo,鍪
mâu,鍪
tshiau,鍫
tshiâu,鍫
tshiau,鍬
tshiâu,鍬
hôo,鍭
thoo,鍮
huân,鍰
tia̍p,鍱
pông,鎊
hat,鎋
liâm,鎌
sik,鎍
liû,鎏
lōo,鎒
tshiong,鎗
li̍k,鎘
sok,鎙
thuî,鎚
tsui,鎚
phok,鎛
pi,鎞
pî,鎞
kong,鎠
tsu,鎡
îng,鎣
hong,鎤
hóng,鎤
khái,鎧
sat,鎩
soo,鎪
so,鎪
hō,鎬
kó,鎬
ik,鎰
gia̍t,鎳
suân,鏇
suān,鏇
liân,鏈
ngōo,鏊
gō,鏊
bo̍k,鏌
liû,鏐
tik,鏑
lo̍k,鏕
phiau,鏖
khian,鏗
tshik,鏚
tông,鏜
thong,鏜
buán,鏝
iông,鏞
sán,鏟
lôo,鏤
lô,鏤
tshiong,鏦
tshong,鏦
tsām,鏨
lōo,鏴
hua,鏵
po̍k,鏷
kióng,鏹
phuat,鏺
sàn,鏾
kuī,鐀
hîng,鐄
hông,鐄
suī,鐆
huan,鐇
thóng,鐋
kuat,鐍
tsiau,鐎
tsun,鐏
tun,鐓
sîm,鐔
tshiám,鐕
ki,鐖
ting,鐙
tìng,鐙
kán,鐧
suī,鐩
liâm,鐮
sò,鐰
tshiam,鐱
khiām,鐱
sio̍k,鐲
to̍k,鐲
huân,鐶
to̍k,鐸
thong,鐺
tong,鐺
kù,鐻
hōo,鑊
jû,鑐
su,鑐
kàm,鑒
tsit,鑕
kóng,鑛
lia̍p,鑞
siok,鑠
lik,鑠
liok,鑠
lū,鑢
phiau,鑣
lôo,鑪
lān,鑭
phok,鑮
po̍k,鑮
tsiam,鑯
siong,鑲
tshuan,鑴
hê,鑴
kuàn,鑵
liap,鑷
khok,钁
liáu,镽
liâu,镽
iâm,閆
hān,閈
khong,閌
khòng,閌
hông,閎
hân,閑
gâ,閕
phing,閛
khó,閜
pì,閟
gāi,閡
hāi,閡
khai,閡
khái,閡
ha̍p,閤
khap,閤
hua̍t,閥
tshiok,閦
hāng,閧
ke,閨
kui,閨
lû,閭
tshiong,閶
bûn,閺
būn,閺
at,閼
hun,閽
hi̍k,閾
bûn,閿
būn,閿
hāng,闀
am,闇
àm,闇
uî,闈
ian,闉
in,闉
khuat,闋
lân,闌
too,闍
siâ,闍
thiân,闐
giat,闑
gia̍t,闑
thap,闒
khai,闓
khái,闓
kui,闚
hám,闞
khàm,闞
hip,闟
khip,闟
huē,闠
tòng,闣
huân,闤
that,闥
hū,阜
hū,阝
lik,阞
tshian,阡
tshí,阤
tóo,阧
ik,阨
lik,阨
ài,阨
huán,阪
pán,阪
khing,阬
ún,阭
tsí,阯
tsīng,阱
iông,阳
im,阴
khù,阹
tsòo,阼
tiàm,阽
tô,陁
phi,陂
tó,陊
jîng,陑
jî,陑
kai,陔
tshiáu,陗
hîng,陘
king,陘
kìng,陘
thik,陟
tóo,陡
tsoo,陬
khî,陭
suî,陲
pî,陴
ian,陻
in,陻
tsú,陼
jîng,陾
jî,陾
thê,隄
gû,隅
ue,隈
giat,隉
suî,隋
tō,隋
ám,隌
im,隌
khiám,隒
uân,隕
ún,隕
oo,隖
óo,隖
guí,隗
uî,隗
tuê,隤
hiok,隩
jîng,隭
tse,隮
tsè,隮
sip,隰
lóng,隴
īnn,隶
lē,隷
lē,隸
tsui,隹
ho̍k,隺
tsún,隼
lân,难
lān,难
kòo,雊
tsùn,雋
tshuan,雋
tsuān,雋
tshu,雌
iong,雍
tshu,雎
tsu,雎
lo̍k,雒
siû,雔
hān,雗
ok,雘
kuàn,雚
tshu,雛
iong,雝
hun,雰
hong,雱
phong,雱
kam,雸
bo̍k,霂
siau,霄
siàu,霄
ap,霅
io̍k,霅
sap,霅
phài,霈
muî,霉
tshe,霋
hok,霍
hui,霏
tiam,霑
gê,霓
ing,霙
lîng,霛
lîng,霝
bi̍k,霡
bi̍k,霢
liù,霤
pin,霦
uì,霨
khok,霩
kok,霩
îm,霪
sip,霫
si̍p,霫
tìng,霯
sàn,霰
tship,霵
hí,霼
hì,霼
tsè,霽
bâi,霾
ái,靄
tāi,靆
ái,靉
pìng,靐
tshing,靑
tshing,靘
tshìng,靘
tsīng,靚
tiān,靛
bí,靡
biān,靣
thián,靦
huè,靧
iám,靨
iap,靨
ting,靪
tsha,靫
tik,靮
khùn,靳
kìn,靳
ín,靷
kip,靸
bua̍t,靺
thán,靼
puàn,靽
áu,靿
iàu,靿
hông,鞃
pâu,鞄
phok,鞄
in,鞇
khap,鞈
kiap,鞈
buán,鞔
buân,鞔
kīng,鞕
kuan,鞙
hiân,鞙
khòng,鞚
ta̍p,鞜
tsióng,鞝
píng,鞞
kok,鞟
jiú,鞣
jiû,鞣
pang,鞤
hat,鞨
kiok,鞫
kian,鞬
kiān,鞬
tê,鞮
thap,鞳
phuân,鞶
puân,鞶
ūn,鞸
kok,鞹
khiau,鞽
kiâu,鞽
hia,鞾
ki,鞿
kiong,韁
tshiàm,韂
that,韃
bia̍t,韈
tsian,韉
muī,韎
kiap,韐
tiòng,韔
tiōng,韔
ūn,韗
siat,韘
uí,韙
pāi,韛
tho,韜
koo,韝
un,韞
ùn,韞
uí,韡
to̍k,韣
kiú,韮
hāi,韰
siam,韱
siau,韶
siâu,韶
hong,韸
hong,韼
uân,頄
kiû,頄
kuî,頄
tsik,頉
hiok,頊
khuí,頍
khún,頎
kî,頎
hông,頏
khòng,頏
phuàn,頖
hat,頜
khap,頜
at,頞
gi̍k,頟
kòo,頠
guí,頠
hú,頫
thiàu,頫
huè,頮
hiap,頰
kiap,頰
thíng,頲
tshing,頳
íng,頴
hâm,顄
khò,顆
hiông,顒
iông,顒
tshuan,顓
tsuan,顓
hián,顕
khái,顗
khí,顗
gí,顗
gē,顡
gī,顡
buân,顢
tshik,顣
tshiok,顣
hō,顥
tsiâu,顦
tsian,顫
tsiàn,顫
pîn,顰
lôo,顱
jiap,顳
piu,颩
hû,颫
hâ,颬
tsiam,颭
pâu,颮
phiau,颮
sap,颯
hut,颰
lia̍t,颲
kuat,颳
kū,颶
su,颸
iâu,颻
soo,颼
hông,颿
liû,飀
liâu,飂
liû,飂
huan,飜
tshan,飡
tìng,飣
thok,飥
tsian,飦
kan,飦
tûn,飩
tūn,飩
jím,飪
thik,飭
sū,飴
pit,飶
pi̍t,飶
ngāi,餀
jím,餁
thiám,餂
tiâm,餂
kiap,餄
tsû,餈
pu̍t,餑
pôo,餔
pōo,餔
tsùn,餕
tōo,餖
sok,餗
ngâu,餚
hûn,餛
khun,餛
kó,餜
tuat,餟
tsuè,餟
tâm,餤
tsiong,餦
lué,餧
uí,餧
luán,餪
ūn,餫
hôo,餬
ôo,餬
hông,餭
thiat,餮
sióng,餯
hôo,餱
hô,餱
ái,餲
tshing,餳
king,餳
sing,餳
thông,餳
tông,餳
hun,餴
uì,餵
ko,餻
hì,餼
kuī,餽
iap,饁
siu,饈
kīn,饉
sán,饊
tsuān,饌
tshì,饎
hi,饎
it,饐
ki,饑
iong,饔
tho,饕
uè,饖
tsian,饘
hun,饙
iàm,饜
môo,饝
tshâm,饞
siong,饟
kuî,馗
hi̍k,馘
hûn,馚
ní,馜
phut,馞
pu̍t,馞
hui,馡
huí,馡
tsian,馢
hok,馥
un,馧
hûn,馩
gū,馭
hông,馮
pâng,馮
pîn,馮
pông,馮
tik,馰
tô,馱
lo̍k,馲
thok,馲
tsù,馵
ji̍t,馹
ki̍p,馺
sap,馺
tsip,馽
kuat,駃
kíng,駉
kū,駏
lôo,駑
khu,駒
phi,駓
tsóo,駔
tsóng,駔
tâi,駘
thai,駘
thāi,駘
hū,駙
pī,駜
pit,駜
sù,駟
liû,駠
mā,駡
piân,駢
tiāu,駣
jiông,駥
siong,駥
sin,駪
jínn,駬
hái,駭
pak,駮
in,駰
liû,駵
tshim,駸
bâng,駹
hān,駻
tôo,駼
hiân,駽
thuè,駾
phìng,騁
sin,騂
gái,騃
lio̍k,騄
tsui,騅
sià,騇
piân,騈
lâi,騋
khò,騍
kî,騏
giām,騐
hui,騑
iáu,騕
bū,騖
tshong,騘
thê,騠
hâ,騢
kuî,騤
kua,騧
ua,騧
hian,騫
khian,騫
tsing,騬
sīng,騬
tsik,騭
thik,騭
liû,騮
tshó,騲
guân,騵
tsoo,騶
tsōo,騶
siàn,騸
tsì,騺
song,騻
lô,騾
bi̍k,驀
ngôo,驁
ngōo,驁
gô,驁
gō,驁
tsham,驂
phiàu,驃
tshong,驄
i̍k,驆
lu̍t,驈
u̍t,驈
huâ,驊
siok,驌
lîn,驎
līn,驎
tun,驐
tô,驒
thâm,驔
thiat,驖
lô,驘
tsian,驙
thok,驝
tsōo,驟
siong,驤
kì,驥
song,驦
sóng,驦
huan,驩
lê,驪
uí,骫
hān,骭
kàn,骭
khóng,骯
phī,骳
pī,骳
tsù,骴
koo,骷
khua,骻
khuà,骻
kik,骼
kok,骼
thuí,骽
kíng,骾
kīng,骾
piân,骿
pī,髀
khò,髁
khā,髂
phok,髆
tsho,髊
lôo,髏
to̍k,髑
tsòng,髒
pìn,髕
pīn,髕
khuan,髖
lôo,髗
khiáu,髜
phiau,髟
piu,髟
khun,髠
hóng,髣
hiu,髤
jiám,髥
môo,髦
tē,髦
tám,髧
siâu,髫
tiâu,髫
tsu,髭
jiám,髯
phī,髲
pī,髲
bôo,髳
môo,髳
mâu,髳
huì,髴
hut,髴
jî,髵
hiu,髹
kuat,髺
hông,髼
tshua,髽
sau,髾
sa,髿
thè,鬀
thè,鬄
pîng,鬅
tsing,鬇
kuân,鬈
tsián,鬋
tó,鬌
kî,鬐
tsin,鬒
hông,鬔
sam,鬖
sàm,鬖
bân,鬘
tsing,鬙
huân,鬟
lîng,鬡
lia̍p,鬣
jiông,鬤
tòo,鬦
hāng,鬨
hik,鬩
gé,鬩
tòo,鬪
hám,鬫
hàm,鬫
tòo,鬬
thiòng,鬯
kik,鬲
li̍k,鬲
hú,鬴
sîm,鬵
tsháu,鬻
tsiok,鬻
io̍k,鬻
tiau,鬻
bī,鬽
muī,鬽
siau,魈
hi̍k,魊
tuê,魋
bóng,魍
lióng,魎
guī,魏
lî,魑
phiau,魒
ki,魕
kî,魕
tshiú,魗
iám,魘
iap,魘
tsik,魙
tsiām,魙
to,魛
jîn,魜
kiat,魝
kong,魟
sa,魦
tûn,魨
bua̍t,魩
kài,魪
pán,魬
la̍p,魶
iû,魷
hô,魺
khu,魼
ham,魽
tô,鮀
siû,鮂
pit,鮅
tshú,鮆
bua̍t,鮇
iû,鮋
liam,鮎
tsing,鮏
thai,鮐
hū,鮒
tsà,鮓
tsā,鮓
jî,鮞
guî,鮠
thiâu,鮡
tông,鮦
uí,鮪
koo,鮬
hâi,鮭
kui,鮭
huê,鮰
ló,鮱
sau,鮹
lué,鮾
kún,鯀
kíng,鯁
kīng,鯁
gôo,鯃
ngôo,鯃
phoo,鯆
uán,鯇
hān,鯇
iû,鯈
lí,鯉
sa,鯋
khò,鯌
tsu,鯔
tshing,鯖
kuì,鯚
tiau,鯛
kòo,鯝
lāi,鯠
gé,鯢
khun,鯤
king,鯨
lîng,鯪
tsoo,鯫
tê,鯷
hôo,鯸
tsing,鯹
tshì,鯻
la̍t,鯻
tsong,鯼
uán,鰀
uān,鰀
tsi̍k,鰂
tshun,鰆
thap,鰈
tia̍p,鰈
hông,鰉
ián,鰋
tshiu,鰌
iû,鰌
tshiu,鰍
iû,鰍
go̍k,鰐
ho̍k,鰒
kám,鰔
hâ,鰕
kiam,鰜
kó,鰝
liû,鰡
má,鰢
sî,鰣
kuan,鰥
tsu,鰦
thap,鰨
iâu,鰩
iông,鰫
kî,鰭
ngôo,鰲
gô,鰲
li̍k,鰳
bín,鰵
tiâu,鰷
kian,鰹
tsiu,鰽
siû,鰽
thuân,鱄
tsuan,鱄
iông,鱅
tsiong,鱆
u̍t,鱊
puat,鱍
kiáu,鱎
hông,鱑
tsún,鱒
sîm,鱘
hùn,鱝
kuè,鱠
tsi̍k,鱡
tsian,鱣
siān,鱣
kám,鱤
sîng,鱦
lé,鱧
siông,鱨
tsé,鱭
sū,鱮
hōo,鱯
lē,鱱
lia̍p,鱲
tsim,鱵
lē,鱺
pa,鲃
liâm,鲇
so,鳋
hû,鳧
li̍k,鳨
pok,鳪
tiau,鳭
kan,鳱
si,鳲
iân,鳶
hun,鳻
gian,鳽
kian,鳽
oo,鳿
gio̍k,鳿
kiat,鴂
kik,鴃
kuat,鴃
kiat,鴃
phit,鴄
pó,鴇
gān,鴈
lîng,鴒
li̍p,鴗
pián,鴘
kû,鴝
hiau,鴞
tàn,鴠
u̍t,鴥
hoo,鴮
oo,鴮
kuat,鴰
gāi,鴱
àn,鴳
khiat,鴶
lia̍t,鴷
jû,鴽
jīm,鵀
kau,鵁
hiu,鵂
tsiu,鵃
tôo,鵌
io̍k,鵒
pu̍t,鵓
kik,鵙
kuat,鵙
thok,鵚
thê,鵜
ngôo,鵞
go̍k,鵠
bú,鵡
kak,鵤
phik,鵯
pi,鵯
tshiok,鵲
kiok,鵴
uan,鵷
tsui,鵻
tuat,鵽
khun,鵾
kî,鶀
gi̍k,鶂
gê,鶂
gi̍k,鶃
gê,鶃
tsing,鶄
tshing,鶄
lâi,鶆
king,鶊
ku,鶋
tshik,鶒
tshiu,鶖
thê,鶗
hôo,鶘
ôo,鶘
go̍k,鶚
kai,鶛
ián,鶠
hat,鶡
uân,鶢
ôo,鶦
thuàn,鶨
bo̍k,鶩
bū,鶩
kik,鶪
tshiong,鶬
tshong,鶬
hian,鶱
khian,鶱
tshu,鶵
liû,鶹
tsik,鶺
kut,鶻
ku̍t,鶻
kiam,鶼
tsû,鶿
tsû,鷀
ik,鷁
iâu,鷂
iāu,鷂
àn,鷃
ke,鷄
khòo,鷇
tuê,鷈
the,鷈
tuê,鷉
gi̍k,鷊
muî,鷍
tian,鷏
tiân,鷏
sîn,鷐
ngôo,鷔
ngōo,鷔
iáu,鷕
uí,鷕
tsì,鷙
liù,鷚
pit,鷝
song,鷞
sóng,鷞
tso̍k,鷟
tsiau,鷦
tshióng,鷩
piat,鷩
siok,鷫
kiau,鷮
kiâu,鷮
liâu,鷯
tsiū,鷲
hân,鷳
hân,鷴
lu̍t,鷸
u̍t,鷸
ak,鷽
phik,鷿
sio̍k,鸀
lô,鸁
lō,鸁
gî,鸃
tik,鸅
tsian,鸇
ok,鸌
ing,鸎
ti̍k,鸐
ga̍k,鸑
luí,鸓
kuàn,鸛
lê,鸝
lóo,鹵
tsho,鹺
kiam,鹻
kiám,鹻
iu,麀
kí,麂
phiau,麃
tshoo,麄
pâu,麅
tsóo,麆
tsōo,麆
khún,麇
kûn,麇
bî,麋
khun,麋
gú,麌
sîn,麎
lîn,麐
līn,麐
gê,麑
lo̍k,麓
kiū,麔
khun,麕
khún,麕
kûn,麕
king,麖
hiong,麘
ka,麚
bê,麛
tsiong,麞
lîng,麢
tshoo,麤
bi̍k,麦
hik,麧
biān,麪
khiok,麯
kiok,麯
bôo,麰
hu,麱
móo,麼
môo,麼
hui,麾
uî,麾
hûn,黂
kong,黆
thóo,黈
hông,黌
lê,黐
lî,黐
thi,黐
i̍k,黓
khiâm,黔
khiâm,黚
iú,黝
hat,黠
king,黥
iat,黦
ut,黦
lê,黧
iám,黭
sîm,黮
tám,黮
tsín,黰
tshám,黲
bî,黴
hui,黴
iám,黶
to̍k,黷
hún,黺
hut,黻
hú,黼
bín,黽
bín,黾
guân,黿
ua,鼃
ngôo,鼇
gô,鼇
ngôo,鼉
bi̍k,鼏
nāi,鼐
kóo,鼔
tong,鼕
tông,鼕
hûn,鼖
tô,鼗
ian,鼘
pî,鼙
ko,鼛
thong,鼞
hun,鼢
hún,鼢
tsiong,鼨
tông,鼨
sing,鼪
si̍k,鼫
iū,鼬
ngôo,鼯
tsing,鼱
hun,鼲
hûn,鼲
tu̍t,鼵
hê,鼷
khiám,鼸
ián,鼹
khiàu,鼼
kiú,鼼
kiû,鼽
hán,鼾
hân,鼾
hān,鼾
khòo,齁
ku,齁
hiù,齅
òng,齆
tsa,齇
lông,齈
lóng,齉
tsu,齍
tse,齎
tshín,齓
huà,齓
tshín,齔
huà,齔
hik,齕
gâ,齖
gûn,齗
hāi,齘
pâu,齙
sè,齛
tsu,齜
tshi,齝
tsóo,齟
tsú,齟
tiau,齠
gûn,齦
khún,齦
giat,齧
ngáu,齩
tshiok,齪
tshok,齪
ngôo,齬
gú,齬
gé,齯
tshiok,齱
tsoo,齱
kú,齲
gún,齳
khún,齳
gián,齴
gû,齵
go̍k,齶
ak,齷
ok,齷
ik,齸
tshóo,齼
ap,齾
lióng,龓
lóng,龓
lông,龓
kiong,龔
kióng,龔
biáu,龘
ta̍p,龘
io̍k,龠
tshui,龡
tshuì,龡
hô,龢
hâi,龤
io̍k,龥
jū,龥
khak,嗀
bâng,𠈵
ia̍p,𠉪
thok,𠊴
tsip,𠌷
tsi̍p,𠍱
kián,𠎾
kián,𠏯
kián,𠐻
tīng,𠕆
tsit,𠘖
kong,𠜛
tsha,𠞊
hông,𠰈
ióng,𠹍
ián,𠻤
si̍t,𡁃
tsip,𡁉
hu,𡃧
bî,𡄣
iong,𡄸
at,𡇼
bi̍k,𡠜
tsi̍p,𡧯
ku,𡨢
iâu,𡰐
at,𡴭
gōng,𡵙
bi̍k,𡻟
thong,𢂓
hông,𢂔
thong,𢄟
thok,𢅍
hōng,𢇫
at,𢉥
ian,𢏮
tsiù,𢓟
tsiòng,𢕔
a̍p,𢘉
ài,𢟰
thóng,𢡂
hān,𢩆
hông,𢪋
hōng,𢪋
bu̍t,𢪱
iong,𢫕
tsiú,𢫧
kong,𢱫
iāu,𢲷
háng,𢴦
thong,𢴳
bân,𢺳
kú,𣁄
hóng,𣄙
hóng,𣆖
thok,𣔳
ài,𣩄
ài,𣩱
khut,𣮈
kòng,𣹟
hû,𣻜
iām,𤄝
tshuā,𤆬
ia̍p,𤑷
tsiòng,𤕭
hâng,𤝷
iong,𤢐
kong,𤭛
hóng,𤰟
tshik,𤰠
tshàu,𤰬
thiâu,𤶃
hān,𤿧
thuat,𤿫
áu,𥑑
àu,𥑑
hông,𥔀
au,𥕥
hu,𥞂
hú,𥠵
hông,𥮕
kong,𥮕
hong,𥿪
kong,𦊫
kòng,𦏺
hông,𦐌
hû,𦑉
hóng,𦕷
iāu,𦡱
hîng,𦣍
hong,𦪪
kong,𦱌
tsiu,𦵩
hû,𦽏
kòng,𧆐
ióng,𧍛
ián,𧍢
hu,𧏺
bi̍k,𧐎
hông,𧗝
ióng,𧗴
thok,𧘐
thóng,𧙥
bân,𧜞
iong,𧝸
bi̍k,𧠨
kong,𧢸
tsiu,𧧔
kián,𧬯
kián,𧮈
iong,𧲱
tsiú,𧳜
thuàn,𧳩
hóng,𧵦
hòng,𧵦
liâu,𧽽
thong,𨀜
ku,𨁺
iâu,𨍳
tsit,𨑨
thit,𨑨
ián,𨒄
hông,𨹁
tsháu,𩈎
áu,𩈏
a̍p,𩉾
iong,𩍓
hong,𩐠
hong,𩒼
hông,𩒼
bám,𩛎
tsip,𩡳
tsiu,𩭓
hú,𩳐
thok,𩽆
hâng,𩾱
thok,𪌂
hông,𪏙
bâ,𪐎
ài,𪕭
at,𪖐
tshi,𪗪
thóo,兔
î,頤
ûn,昀
în,昀
puē,姵
ú,瑀
í,瑀
ûn,妘
în,妘
û,伃
î,伃
pin,玢
û,玗
î,玗
hông,鋐
hîng,鋐
bûn,彣
gua̍t,玥
hiân,玹
hiān,玹
suân,琁
sin,燊
hông,浤
hîng,浤
tshiap,緁
kūn,珺
î,貽
him,妡
ūn,韵
ú,楀
í,楀
tsing,媜
thê,緹
suan,媗
huan,媗
khé,啓
tsīng,瀞
hông,竤
hîng,竤
i,漪
hō,澔
hōo,澔
ho,呵
hoo,呵
o,呵
siù,綉
ì,嬑
tsú,芓
tsí,芓
suan,煊
huan,煊
i,㛄
ài,鑀
io̍k,堉
tîng,榳
jiû,瑈
liû,瑈
giû,瑈
khái,暟
i,禕
tshat,嚓
an,銨
lîng,鑏
tshiong,錩
tshiang,錩
bí,媄
gî,萓
hông,汯
hîng,汯
su,赼
bûn,妏
būn,妏
uî,媁
i,銥
tsùn,儁
sín,頣
û,妤
î,妤
guân,蒝
huân,釩
àn,桉
lûn,菕
suân,嫙
í,苡
gê,婗
guê,婗
à,亞
a,亞
gān,彦
giān,彦
hō,晧
hōo,晧
jiû,媃
liû,媃
giû,媃
tsùn,寯
hông,峵
hîng,峵
Un,温
N̂g,黄
Uînn,黄
Thôo,凃
Pâng,龎
Bâng,龎
Tôo,𡍼
Thôo,𡍼
Kóng,鄺
Khòng,鄺
Ko,髙
Giâm,𨶒
Iâm,𨶒
Gân,顔
Thú,禇
Thí,禇
Sián,冼
Peh,栢
Su,胥
Si,胥
Hong,酆
Liâm,亷
Kuan,関
Lîng,𡩋
Līng,𡩋
Līn,𡩋
Bīng,𡩋
Tsín,姫
Tsám,昝
Û,盂
Huan,禤
Báu,邜
Liú,栁
Kuan,闗
Liú,桞
Kí,杞
Tn̂g,唐
Tông,唐
Kóo,芶
Kió,芶
Bo̍k,𬓽
Bâ,茒
Tsô,曺
Tsôo,曺
Tsau,邹
Tsoo,邹
Tse,邹
Tsio,邹
Khuat,灍
Tsiu,周
King,荆
Lôo,芦
Bông,䝉
Hòng,况
Khòo,冦
Muâ,麻
Mâu,麻
La̍p,菈
Tô,籴
Hiok,旮
Lo̍h,𨿅
Tìng,隥
Ūn,貟
Tuā,亣
Liû,鎦
Iam,隂
Khiau,嘺
Tsn̂g,㒰
Tsuînn,㒰
Kài,盖
Puê,裵
Ông,仼
Līng,𠍐
Bān,蔄
Kì,紀
Kat,噶
Tê,遆
Lîng,𪧟
Līng,𪧟
Līn,𪧟
Bīng,𪧟
Sian,佡
Kong,冮
Iû,㳺
Huân,䌓
Kak,𠔌
Ó,婀
Tsan,曽
Lâu,楼
Tshat,𣾰
Tó,朵
Tóo,朵
Í,扆
Ko,呙
Koo,呙
Suè,𡻕
Huè,𡻕
Hè,𡻕
Iûnn,𦍋
Iônn,𦍋
Kiok,閰
Iûnn,𣓾
Iônn,𣓾
Too,嘟
Gí,礒
La,啦
Hîng,横
Huâinn,横
Huînn,横
Ti̍k,廸
Hua,花
Sè,笹
Sì,笹
Thong,樋
Kî,􀀻
Mōo,冒
Tshó,鎻
Iu,优
Suan,禢
À,婭
Ti,猪
Tu,猪
Tsu,猪
à,亜
a,亜
Tó,嶋
Tóo,嶋
Sip,澁
Siap,澁
Pin,濵
Huân,丸
Bông,𫎇
Lâu,刘
Pau,包
Pâu,包
Khian,𨐋
Sio,䔥
Siau,䔥
Tsū,袓
Tsī,袓
Tsia,袓
Ò,啊
Ái,欸
Pâng,溤
Bo̍k,鄚
Tap,褟
O,錒
I,黟
Hai,嗨
Puè,鋇
Ài,璦
Lóo,嚕
Tóo,帾
La̍p,翋
Hiō,銗
Hōo,銗
Sióng,駷
Jî,児
Lî,児
Gî,児
Piat,别
Ti̍k,沢
Nái,廼
Kió,玽
Góo,玽
Nái,㧱
Luân,栾
Tsûn,舩
Suân,舩
Muî,珻
Jū,喩
Lū,喩
Jī,喩
Khuann,寛
Muî,楳
M̂,楳
Sàn,綫
Khiau,鄥
Huà,𠤎
Huè,𠤎
Khí,起
Kìng,敬
Bāng,夢
Nâ,𦾐
Pí,匂
Tsô,𫡼
Tsôo,𫡼
bōo,𪷂
Hm̂,𦮦
Sū,竪
Sī,竪
Hōng,鳯
Ò,奥
Khing,𡖖
Suan,𧝁
Tāi,𨓻
Tshe,𥘉
Tshue,𥘉
It,釔
Kuàn,𣬂
Pin,宾
Sún,鎨
hong,淓
lîng,琌
tsia̍t,蓵
tsia̍p,蓵
tshian,汘
jiû,騥
liû,騥
giû,騥
iông,諹
iâng,諹
suàn,渲
huā,嬅
sin,珅
u,淤
i,淤
ù,淤
ì,淤
ú,偊
í,偊
ú,萭
í,萭
tsû,嬨
ú,祤
hú,祤
tiok,茿
i,旖
í,旖
sîng,洆
ka,䕒
kî,祇
tsi,祇
san,姗
un,煾
kûn,宭
tsìn,瑨
bí,鎂
û,輿
î,輿
ū,輿
ī,輿
uí,芛
kun,㚬
kin,㚬
ûn,荺
ún,荺
sîng,珹
thài,鈦
ún,玧
hō,淏
hōo,淏
ē,玴
kè,玴
lîng,駖
hîng,鈜
hiân,妶
uî,濰
î,濰
jiû,葇
liû,葇
ài,嬡
lī,琍
tiân,沺
sim,鈊
tshìm,鈊
tsia̍p,崨
hâu,洨
gâu,洨
tong,噹
tang,噹
pîng,玶
àn,妟
iū,峟
i,稦
uî,鍏
uí,鍏
hi,琋
î,珆
giâu,垚
kak,珏
kia̍t,滐
iông,嫆
ap,鞥
lîng,姈
tsí,淽
bîn,琝
hi,莃
ka,泇
tông,瑭
bîng,姳
siok,婌
tsùn,葰
sui,葰
û,璵
î,璵
tshái,婇
ì,鐿
tshuan,駩
khîm,琹
uí,椲
hui,椲
ûn,秐
bûn,芠
puè,浿
phài,浿
giān,嵃
tsìng,幀
tông,橖
guân,榞
tsiong,蟑
tsiang,蟑
tsiunn,蟑
tsionn,蟑
kín,菫
tsîm,梣
jû,蕍
jî,蕍
tông,浵
suân,暶
suan,萲
kun,桾
kun,頵
un,頵
khí,婍
káu,搞
khau,搞
lē,欐
íng,浧
sîng,鋮
bûn,旼
bîn,旼
tsin,瑧
gio̍k,砡
tshiok,琡
tsiok,琡
lîng,秢
suan,昍
huan,昍
sik,晹
i̍k,晹
io̍k,錥
ka,鎵
uî,蓶
î,蓶
tin,珎
suan,愃
huan,愃
huán,愃
gē,萟
tsin,籈
suan,鍹
suan,箮
huan,箮
liōng,湸
liāng,湸
tsông,孮
tián,榐
i̍k,湙
û,雩
î,雩
li̍t,瑮
li̍k,瑮
lîng,皊
tông,溏
iú,銪
tîng,筳
io̍k,棛
lîng,詅
hong,汸
phong,汸
sîng,荿
lī,娳
ti̍t,豑
pó,宝
póo,宝
kiâu,礄
bîn,瑉
sik,晳
ú,㝢
í,㝢
tài,蹛
sîng,塍
tsuân,瑔
sian,苮
suī,蔧
tîng,漛
sīn,鋠
i̍t,浂
hiù,珛
hiok,珛
lē,沴
tián,沴
sîng,娍
sīng,娍
tîn,樄
tsòng,錝
tsông,錝
jû,隃
lû,隃
jî,隃
pîng,錋
tshuán,烇
kiâu,鐈
tsông,誴
u,瘀
i,瘀
ù,瘀
ì,瘀
î,彞
iok,㤢
iau,幺
bóo,厶
su,厶
piān,諚
tsîm,㞥
tsiong,妐
û,籅
î,籅
jû,桇
lû,桇
jî,桇
tó,綞
tóo,綞
sut,珬
tông,砼
huân,橎
hu,䓵
