hanzi,tl,frequency,poj
頭,thâu,34601,thâu
大,tuā,30086,tōa
水,tsuí,18181,chúi
年,nî,16886,nî
日,ji̍t,14244,ji̍t
工,kang,12379,kang
跤,kha,10537,kha
風,hong,9297,hong
字,jī,9159,jī
發,huat,9126,hoat
影,iánn,9036,iáⁿ
厝,tshù,8959,chhù
小,sió,8653,sió
分,hun,8581,hun
音,im,8544,im
花,hue,7690,hoe
加,ka,7091,ka
點,tiám,7036,tiám
電,tiān,6698,tiān
名,miâ,6546,miâ
度,tōo,6182,tō͘
濟,tsē,6126,chē
比,pí,5713,pí
月,gue̍h,5651,goe̍h
邊,pinn,5350,piⁿ
魚,hî,5259,hî
草,tsháu,4667,chháu
細,sè,4559,sè
長,tn̂g,4422,tn̂g
正,tsìng,4364,chèng
底,té,4318,té
田,tshân,4120,chhân
樹,tshiū,4070,chhiū
和,hô,3885,hô
詩,si,3665,si
角,kak,3575,kak
形,hîng,3419,hêng
句,kù,3378,kù
燒,sio,3369,sio
望,bōng,3218,bōng
紙,tsuá,3134,chóa
詞,sû,2871,sû
數,sòo,2832,sò͘
球,kiû,2784,kiû
光,kng,2761,kng
懸,kuân,2753,koân
差,tsha,2740,chha
雨,hōo,2449,hō͘
班,pan,2292,pan
熱,jia̍t,2275,jia̍t
鼓,kóo,2258,kó͘
批,phue,1936,phoe
圓,înn,1855,îⁿ
除,tî,1812,tî
商,siong,1750,siong
短,té,1674,té
堅,kian,1553,kian
根,kin,1550,kin
少,tsió,1505,chió
減,kiám,1370,kiám
星,tshenn,1288,chheⁿ
飛,pue,1258,poe
街,ke,1223,ke
厚,kāu,1200,kāu
刻,khik,1154,khek
雲,hûn,1098,hûn
節,tsat,1067,chat
粗,tshoo,1050,chho͘
闊,khuah,1014,khoah
鹽,iâm,950,iâm
所在,sóo-tsāi,902,só͘-chāi
板,pán,900,pán
曲,khik,878,khek
鹿,lo̍k,800,lo̍k
冰,ping,750,peng
積,tsik,750,chek
腰,io,750,io
霧,bū,750,bū
姓,sènn,682,sèⁿ
了後,liáu-āu,584,liáu-āu
朋友,pîng-iú,574,pêng-iú
揀,kíng,550,kéng
栽,tsai,550,chai
滾,kún,550,kún
酸,sng,550,sng
象,tshiūnn,531,chhiūⁿ
搶,tshiúnn,500,chhiúⁿ
胃,uī,450,ūi
雪,seh,450,seh
老師,lāu-su,394,lāu-su
歕,pûn,350,pûn
犁,lê,350,lê
生活,sing-ua̍h,350,seng-oa̍h
肺,hì,350,hì
輪,lián,350,lián
時間,sî-kan,336,sî-kan
學校,ha̍k-hāu,302,ha̍k-hāu
扇,sìnn,300,sìⁿ
翼,si̍t,300,si̍t
雺,bông,300,bông
講話,kóng-uē,296,kóng-ōe
日頭,ji̍t-thâu,284,ji̍t-thâu
社會,siā-huē,272,siā-hōe
白話字,pe̍h-uē-jī,262,pe̍h-ōe-jī
醋,tshòo,250,chhò͘
乘,sîng,228,sêng
文化,bûn-huà,215,bûn-hòa
道理,tō-lí,212,tō-lí
大聲,tuā-siann,210,tōa-siaⁿ
運動,ūn-tōng,210,ūn-tōng
性命,sènn-miā,209,sèⁿ-miā
撇,phiat,200,phiat
穎,ínn,200,íⁿ
感謝,kám-siā,190,kám-siā
天頂,thinn-tíng,188,thiⁿ-téng
問題,būn-tê,185,būn-tê
月娘,gue̍h-niû,185,goe̍h-niû
多謝,to-siā,172,to-siā
自然,tsū-jiân,162,chū-jiân
注意,tsù-ì,151,chù-ì
兜,tau,150,tau
著,tù,150,tù
環境,khuân-kíng,145,khoân-kéng
以前,í-tsîng,138,í-chêng
聲音,siann-im,134,siaⁿ-im
合,kap,133,kap
結果,kiat-kó,126,kiat-kó
家庭,ka-tîng,125,ka-têng
進前,tsìn-tsîng,123,chìn-chêng
媽祖,má-tsóo,101,má-chó͘
設計,siat-kè,101,siat-kè
馬祖,má-tsóo,101,má-chó͘
作穡,tsoh-sit,100,choh-sit
便所,piān-sóo,100,piān-só͘
停車場,thîng-tshia-tiûnn,100,thêng-chhia-tiûⁿ
傳統,thuân-thóng,100,thoân-thóng
公園,kong-hn̂g,100,kong-hn̂g
參詳,tsham-siông,100,chham-siông
唌,siânn,100,siâⁿ
基督教,ki-tok-kàu,100,ki-tok-kàu
客人,kheh-lâng,100,kheh-lâng
工場,kang-tiûnn,100,kang-tiûⁿ
弦,hiân,100,hiân
性地,sìng-tē,100,sèng-tē
慣勢,kuàn-sì,100,koàn-sì
接受,tsiap-siū,100,chiap-siū
政治,tsìng-tī,100,chèng-tī
教育,kàu-io̍k,100,kàu-io̍k
新聞,sin-bûn,100,sin-bûn
智識,tì-sik,100,tì-sek
東南亞,tang-lâm-a,100,tang-lâm-a
樹仔,tshiū-á,100,chhiū-á
民主,bîn-tsú,100,bîn-chú
法律,huat-lu̍t,100,hoat-lu̍t
現象,hiān-siōng,100,hiān-siōng
症頭,tsìng-thâu,100,chèng-thâu
科技,kho-ki,100,kho-ki
秒,bió,100,bió
稈,kuáinn,100,koáiⁿ
紅燈,âng-ting,100,âng-teng
經驗,king-giām,100,keng-giām
網路,bāng-lōo,100,bāng-lō͘
膋,lâ,100,lâ
英語,ing-gí,100,eng-gí
葉仔,hio̍h-á,100,hio̍h-á
討論,thó-lūn,100,thó-lūn
語言,gí-giân,100,gí-giân
諞,pián,100,pián
速度,sok-tōo,100,sok-tō͘
遊戲,iû-hì,100,iû-hì
野球,iá-kiû,100,iá-kiû
銀行,gîn-hâng,100,gîn-hâng
音樂,im-ga̍k,100,im-ga̍k
鬧熱,lāu-jia̍t,100,lāu-jia̍t
鰓,tshi,100,chhi
點鐘,tiám-tsing,100,tiám-cheng
匾,pián,50,pián
弧,hôo,50,hô͘
砷,sin,50,sin
磁,tsû,50,chû
礬,huân,50,hoân
笙,sing,50,seng
箏,tsing,50,cheng
芟,sing,50,seng
莖,king,50,keng
虹,khīng,50,khēng
蛹,ióng,50,ióng
鈔,tshau,50,chhau
鉻,kok,50,kok
霾,bâi,50,bâi
鰭,kî,50,kî
尾仔,bué-á,30,bóe-á
bàng-gà,bàng-gà,25,bàng-gà
gì-tà,gì-tà,25,gì-tà
gí仔,gí-á,25,gí-á
góo-lòo,góo-lòo,25,gó͘-lò͘
hi̍t-á,hi̍t-á,25,hi̍t-á
há-ti,há-ti,25,há-ti
ió-gà,ió-gà,25,ió-gà
iú-lih,iú-lih,25,iú-lih
mài-kuh,mài-kuh,25,mài-kuh
mè-sù,mè-sù,25,mè-sù
mí-lih,mí-lih,25,mí-lih
mòo-tà,mòo-tà,25,mò͘-tà
phi̋n-phóng,phi̋n-phóng,25,phĭn-phóng
sa̋n-sín,sa̋n-sín,25,săn-sín
sàng-sòo,sàng-sòo,25,sàng-sò͘
àu-tsirh,àu-tsirh,25,àu-chirh
àu-tsuh,àu-tsuh,25,àu-chuh
七律,tshit-lu̍t,25,chhit-lu̍t
七言,tshit-giân,25,chhit-giân
三拍,sam-phik,25,sam-phek
三拍,sann-phik,25,saⁿ-phek
三絃,sam-hiân,25,sam-hiân
上殕,tshiūnn-phú,25,chhiūⁿ-phú
上游,siōng-iû,25,siōng-iû
上籃,tsiūnn-nâ,25,chiūⁿ-nâ
下游,hā-iû,25,hā-iû
丙酮,piánn-tông,25,piáⁿ-tông
並聯,pīng-liân,25,pēng-liân
中子,tiong-tsú,25,tiong-chú
中板,tiong-pán,25,tiong-pán
中游,tiong-iû,25,tiong-iû
中笙,tiong-sing,25,tiong-seng
中胡,tiong-ôo,25,tiong-ô͘
中藥,tiong-io̍h,25,tiong-io̍h
中醫,tiong-i,25,tiong-i
中鋒,tiong-hong,25,tiong-hong
串聯,tshuàn-liân,25,chhoàn-liân
主旨,tsú-tsí,25,chú-chí
主機,tsú-ki,25,chú-ki
主語,tsú-gí,25,chú-gí
主音,tsú-im,25,chú-im
乘式,sîng-sik,25,sêng-sek
乘數,sîng-sòo,25,sêng-sò͘
乘法,sîng-huat,25,sêng-hoat
乘積,sîng-tsik,25,sêng-chek
乘號,sîng-hō,25,sêng-hō
乙醇,it-sûn,25,it-sûn
二絃,jī-hiân,25,jī-hiân
二胡,jī-ôo,25,jī-ô͘
互生,hōo-sing,25,hō͘-seng
互補,hōo-póo,25,hō͘-pó͘
互質,hōo-tsit,25,hō͘-chit
互逆,hōo-gi̍k,25,hō͘-ge̍k
五官,ngóo-kuan,25,ngó͘-koan
五律,ngóo-lu̍t,25,ngó͘-lu̍t
五經,ngóo-king,25,ngó͘-keng
五言,ngóo-giân,25,ngó͘-giân
亞運,a-ūn,25,a-ūn
交尾,kau-bué,25,kau-bóe
交配,kau-phuè,25,kau-phòe
京戲,kiann-hì,25,kiaⁿ-hì
亳米,hô-bí,25,hô-bí
人物,jîn-bu̍t,25,jîn-bu̍t
人稱,jîn-tshing,25,jîn-chheng
人聲,lâng-siann,25,lâng-siaⁿ
人際,jîn-tsè,25,jîn-chè
仝勻,kāng-ûn,25,kāng-ûn
仝沿,kāng-iân,25,kāng-iân
仝輩,kāng-puè,25,kāng-pòe
代入,tāi-ji̍p,25,tāi-ji̍p
代數,tāi-sòo,25,tāi-sò͘
仰角,gióng-kak,25,gióng-kak
估算,kóo-sǹg,25,kó͘-sǹg
伴奏,phuānn-tsàu,25,phōaⁿ-chàu
佃戶,tiān-hōo,25,tiān-hō͘
佈田,pòo-tshân,25,pò͘-chhân
位值,uī-ta̍t,25,ūi-ta̍t
位數,uī-sòo,25,ūi-sò͘
低沉,kē-tîm,25,kē-tîm
低碳,kē-thuànn,25,kē-thòaⁿ
低笙,kē-sing,25,kē-seng
作家,tsok-ka,25,chok-ka
作曲,tsok-khik,25,chok-khek
作畫,tsok-uē,25,chok-ōe
作詞,tsok-sû,25,chok-sû
併步,pìng-pōo,25,pèng-pō͘
來洗,lâi-sé,25,lâi-sé
例字,lē-jī,25,lē-jī
侵蝕,tshim-si̍t,25,chhim-si̍t
俗名,sio̍k-miâ,25,sio̍k-miâ
俗語,sio̍k-gí,25,sio̍k-gí
保溫,pó-un,25,pó-un
保育,pó-io̍k,25,pó-io̍k
修辭,siu-sû,25,siu-sû
修飾,siu-sik,25,siu-sek
倉儲,tshng-tû,25,chhng-tû
個位,kò-uī,25,kò-ūi
個性,kò-sìng,25,kò-sèng
個數,kò-sòo,25,kò-sò͘
倍式,puē-sik,25,pōe-sek
倍數,puē-sòo,25,pōe-sò͘
倍率,puē-lu̍t,25,pōe-lu̍t
倒拋,tò-pha,25,tò-pha
倒敘,tò-sū,25,tò-sū
倒照,tò-tsiò,25,tò-chiò
倭寇,o-khòo,25,o-khò͘
倭番,ue-huan,25,oe-hoan
值班,ti̍t-pan,25,ti̍t-pan
偏折,phian-tsiat,25,phian-chiat
偏轉,phian-tsuán,25,phian-choán
做數,tsò-sòo,25,chò-sò͘
做文,tsò-bûn,25,chò-bûn
停頓,thîng-tùn,25,thêng-tùn
健美,kiān-bí,25,kiān-bí
側芽,tshik-gê,25,chhek-gê
側踢,tshik-that,25,chhek-that
偷渡,thau-tōo,25,thau-tō͘
偽造,guī-tsō,25,gūi-chō
備份,pī-hūn,25,pī-hūn
傳唱,thuân-tshiùnn,25,thoân-chhiùⁿ
傳導,thuân-tō,25,thoân-tō
傳染,thuân-jiám,25,thoân-jiám
傳球,thuân-kiû,25,thoân-kiû
傳真,thuân-tsin,25,thoân-chin
傳種,thn̂g-tsíng,25,thn̂g-chéng
傳粉,thuân-hún,25,thoân-hún
傳記,tuān-kì,25,toān-kì
傷口,siong-kháu,25,siong-kháu
傷風,siong-hong,25,siong-hong
儀器,gî-khì,25,gî-khì
億位,ik-uī,25,ek-ūi
優點,iu-tiám,25,iu-tiám
兆位,tiāu-uī,25,tiāu-ūi
先民,sian-bîn,25,sian-bîn
光圈,kng-khuan,25,kng-khoan
光學,kong-ha̍k,25,kong-ha̍k
光度,kng-tōo,25,kng-tō͘
光星,kng-tshenn,25,kng-chheⁿ
光束,kng-sok,25,kng-sok
光源,kng-guân,25,kng-goân
光碟,kong-tia̍p,25,kong-tia̍p
光能,kng-lîng,25,kng-lêng
入聲,ji̍p-siann,25,ji̍p-siaⁿ
內心,lāi-sim,25,lāi-sim
內海,lāi-hái,25,lāi-hái
內臟,lāi-tsōng,25,lāi-chōng
內角,lāi-kak,25,lāi-kak
內陸,lāi-lio̍k,25,lāi-lio̍k
全文,tsuân-bûn,25,choân-bûn
全音,tsuân-im,25,choân-im
兩拍,nn̄g-phik,25,nn̄g-phek
八音,pat-im,25,pat-im
公丈,kong-tn̄g,25,kong-tn̄g
公兩,kong-niú,25,kong-niú
公勺,kong-sia̍h,25,kong-sia̍h
公合,kong-kap,25,kong-kap
公告,kong-kò,25,kong-kò
公噸,kong-tùn,25,kong-tùn
公寸,kong-tshùn,25,kong-chhùn
公差,kong-tsha,25,kong-chha
公廳,kong-thiann,25,kong-thiaⁿ
公式,kong-sik,25,kong-sek
公引,kong-ín,25,kong-ín
公撮,kong-tshok,25,kong-chhok
公擔,kong-tànn,25,kong-tàⁿ
公斗,kong-táu,25,kong-táu
公毫,kong-hô,25,kong-hô
公畝,kong-bóo,25,kong-bó͘
公石,kong-tsio̍h,25,kong-chio̍h
公秉,kong-píng,25,kong-péng
公絲,kong-si,25,kong-si
公花,kang-hue,25,kang-hoe
公衡,kong-hîng,25,kong-hêng
公錢,kong-tsînn,25,kong-chîⁿ
公頃,kong-khíng,25,kong-khéng
六書,lio̍k-su,25,lio̍k-su
典故,tián-kòo,25,tián-kò͘
冊名,tsheh-miâ,25,chheh-miâ
冊櫥,tsheh-tû,25,chheh-tû
冒號,mōo-hō,25,mō͘-hō
冬季,tang-kuì,25,tang-kùi
冰晶,ping-tsing,25,peng-cheng
冰雕,ping-tiau,25,peng-tiau
冷鋒,líng-hong,25,léng-hong
凍塗,tòng-thôo,25,tòng-thô͘
刀板,to-pán,25,to-pán
刀痕,to-hûn,25,to-hûn
刀路,to-lōo,25,to-lō͘
刀鋩,to-mê,25,to-mê
分子,hun-tsú,25,hun-chú
分擔,hun-tam,25,hun-tam
分數,hun-sòo,25,hun-sò͘
分號,hun-hō,25,hun-hō
分解,hun-kái,25,hun-kái
分說,hun-suat,25,hun-soat
分貝,hun-puè,25,hun-pòe
分速,hun-sok,25,hun-sok
分針,hun-tsiam,25,hun-chiam
列式,lia̍t-sik,25,lia̍t-sek
刻度,khik-tōo,25,khek-tō͘
前後,tsîng-āu,25,chêng-āu
前蛹,tsiân-ióng,25,chiân-ióng
前踢,tsîng-that,25,chêng-that
前項,tsîng-hāng,25,chêng-hāng
剪紙,tsián-tsuá,25,chián-chóa
剪裁,tsián-tshâi,25,chián-chhâi
剪輯,tsián-tsi̍p,25,chián-chi̍p
割讓,kuah-niū,25,koah-niū
創作,tshòng-tsok,25,chhòng-chok
創意,tshòng-ì,25,chhòng-ì
剾仔,khau-á,25,khau-á
剾刀,khau-to,25,khau-to
功夫,kang-hu,25,kang-hu
加侖,ka-lûn,25,ka-lûn
加成,ka-siânn,25,ka-siâⁿ
加數,ka-sòo,25,ka-sò͘
加法,ka-huat,25,ka-hoat
加減,ka-kiám,25,ka-kiám
加號,ka-hō,25,ka-hō
劣弧,lua̍t-hôo,25,loa̍t-hô͘
助燃,tsōo-jiân,25,chō͘-jiân
助詞,tsōo-sû,25,chō͘-sû
動態,tōng-thài,25,tōng-thài
動畫,tōng-uē,25,tōng-ōe
勞力,lóo-la̍t,25,ló͘-la̍t
勞力,lô-li̍k,25,lô-le̍k
募款,bōo-khuán,25,bō͘-khoán
勾拳,kau-kûn,25,kau-kûn
包皮,pau-phuê,25,pau-phôe
北帶,pak-tài,25,pak-tài
北管,pak-kuán,25,pak-koán
匯款,huē-khuán,25,hōe-khoán
匯率,huē-lu̍t,25,hōe-lu̍t
十位,tsa̍p-uī,25,cha̍p-ūi
千位,tshing-uī,25,chheng-ūi
升冪,sing-bi̍k,25,seng-be̍k
半徑,puànn-kìng,25,pòaⁿ-kèng
半音,puànn-im,25,pòaⁿ-im
協商,hia̍p-siong,25,hia̍p-siong
南拳,lâm-kûn,25,lâm-kûn
南海,lâm-hái,25,lâm-hái
南胡,lâm-ôo,25,lâm-ô͘
南韓,lâm-hân,25,lâm-hân
卵子,luán-tsú,25,loán-chú
卵巢,nn̄g-tsâu,25,nn̄g-châu
卵生,luán-sing,25,loán-seng
厘米,lî-bí,25,lî-bí
厚度,kāu-tōo,25,kāu-tō͘
厚薄,kāu-po̍h,25,kāu-po̍h
原價,guân-kè,25,goân-kè
原句,guân-kù,25,goân-kù
原著,guân-tù,25,goân-tù
原點,guân-tiám,25,goân-tiám
去聲,khì-siann,25,khì-siaⁿ
反比,huán-pí,25,hoán-pí
反白,huán-pe̍h,25,hoán-pe̍h
取景,tshú-kíng,25,chhú-kéng
受力,siū-li̍k,25,siū-le̍k
受熱,siū-jia̍t,25,siū-jia̍t
口琴,kháu-khîm,25,kháu-khîm
古文,kóo-bûn,25,kó͘-bûn
古箏,kóo-tsing,25,kó͘-cheng
古詩,kóo-si,25,kó͘-si
句型,kù-hîng,25,kù-hêng
句尾,kù-bué,25,kù-bóe
句式,kù-sik,25,kù-sek
叨撚,lo-lián,25,lo-lián
叨食,lo-tsia̍h,25,lo-chia̍h
叫聲,kiò-siann,25,kiò-siaⁿ
召鏡,tiàu-kiànn,25,tiàu-kiàⁿ
司儀,su-gî,25,su-gî
合唱,ha̍p-tshiùnn,25,ha̍p-chhiùⁿ
合奏,ha̍p-tsàu,25,ha̍p-chàu
合成,ha̍p-sîng,25,ha̍p-sêng
合數,ha̍p-sòo,25,ha̍p-sò͘
合球,ha̍p-kiû,25,ha̍p-kiû
合金,ha̍p-kim,25,ha̍p-kim
吊杯,tiàu-pue,25,tiàu-poe
吊槔,tiàu-oo,25,tiàu-o͘
吊車,tiàu-tshia,25,tiàu-chhia
名字,miâ-jī,25,miâ-jī
名產,bîng-sán,25,bêng-sán
名言,bîng-giân,25,bêng-giân
吳沙,ngôo-sua,25,ngô͘-soa
吸力,khip-li̍k,25,khip-le̍k
吹奏,tshue-tsàu,25,chhoe-chàu
周界,tsiu-kài,25,chiu-kài
周角,tsiu-kak,25,chiu-kak
周長,tsiu-tn̂g,25,chiu-tn̂g
味覺,bī-kak,25,bī-kak
命令,bīng-līng,25,bēng-lēng
和弦,hô-hiân,25,hô-hiân
和齊,hô-tsê,25,hô-chê
唐詩,tông-si,25,tông-si
售價,siū-kè,25,siū-kè
唱名,tshiùnn-miâ,25,chhiùⁿ-miâ
唱奏,tshiùnn-tsàu,25,chhiùⁿ-chàu
唱片,tshiùnn-phìnn,25,chhiùⁿ-phìⁿ
唸唱,liām-tshiùnn,25,liām-chhiùⁿ
唸謠,liām-iâu,25,liām-iâu
商店,siong-tiàm,25,siong-tiàm
商港,siong-káng,25,siong-káng
啟示,khé-sī,25,khé-sī
喇叭,lá-pah,25,lá-pah
喙空,tshuì-khang,25,chhùi-khang
喙罨,tshuì-am,25,chhùi-am
喪葬,song-tsòng,25,song-chòng
單位,tan-uī,25,tan-ūi
單價,tan-kè,25,tan-kè
單數,tan-sòo,25,tan-sò͘
單槓,tan-kǹg,25,tan-kǹg
噪音,tshò-im,25,chhò-im
四拍,sù-phik,25,sù-phek
四書,sù-su,25,sù-su
四極,sù-ki̍k,25,sù-ke̍k
四肢,sù-ki,25,sù-ki
囝孫,kiánn-sun,25,kiáⁿ-sun
因數,in-sòo,25,in-sò͘
固態,kòo-thài,25,kò͘-thài
國文,kok-bûn,25,kok-bûn
國樂,kok-ga̍k,25,kok-ga̍k
國道,kok-tō,25,kok-tō
圍剿,uî-tsâu,25,ûi-châu
圓周,înn-tsiu,25,îⁿ-chiu
圓尺,înn-tshioh,25,îⁿ-chhioh
圓弧,înn-hôo,25,îⁿ-hô͘
圓形,înn-hîng,25,îⁿ-hêng
圓柱,înn-thiāu,25,îⁿ-thiāu
圓規,înn-kui,25,îⁿ-kui
圓錐,înn-tsui,25,îⁿ-chui
圖例,tôo-lē,25,tô͘-lē
圖形,tôo-hîng,25,tô͘-hêng
圖示,tôo-sī,25,tô͘-sī
圖表,tôo-pió,25,tô͘-pió
圖鑑,tôo-kàm,25,tô͘-kàm
土名,thóo-miâ,25,thó͘-miâ
土產,thóo-sán,25,thó͘-sán
圭表,kui-pió,25,kui-pió
地勢,tē-sè,25,tē-sè
地形,tē-hîng,25,tē-hêng
地球,tē-kiû,25,tē-kiû
地磁,tē-tsû,25,tē-chû
地表,tē-piáu,25,tē-piáu
地質,tē-tsit,25,tē-chit
均衡,kin-hîng,25,kin-hêng
坑谷,khenn-kok,25,kheⁿ-kok
坡度,pho-tōo,25,pho-tō͘
埤仔,pi-á,25,pi-á
基隆,ke-lâng,25,ke-lâng
堅冰,kian-ping,25,kian-peng
堆肥,tui-puî,25,tui-pûi
報酬,pò-siû,25,pò-siû
塊根,khuài-kin,25,khoài-kin
塗壤,thôo-jióng,25,thô͘-jióng
塗條,thôo-tiâu,25,thô͘-tiâu
塗球,thôo-kiû,25,thô͘-kiû
墨色,ba̍k-sik,25,ba̍k-sek
夏季,hā-kuì,25,hā-kùi
外人,guā-lâng,25,gōa-lâng
外形,guā-hîng,25,gōa-hêng
外心,guā-sim,25,gōa-sim
外戚,guā-tshik,25,gōa-chhek
外銷,guā-siau,25,gōa-siau
大員,tāi-uân,25,tāi-oân
大地,tāi-tē,25,tāi-tē
大寒,tāi-hân,25,tāi-hân
大數,tuā-sòo,25,tōa-sò͘
大於,tuā-î,25,tōa-î
大氣,tāi-khì,25,tāi-khì
大箍,tuā-khoo,25,tōa-kho͘
大篆,tuā-thuàn,25,tōa-thoàn
大腸,tuā-tn̂g,25,tōa-tn̂g
大調,tuā-tiāu,25,tōa-tiāu
大鑼,tuā-lô,25,tōa-lô
大雪,tāi-suat,25,tāi-soat
大麻,tuā-muâ,25,tōa-môa
天敵,thian-ti̍k,25,thian-te̍k
天災,thian-tsai,25,thian-chai
太陽,thài-iông,25,thài-iông
奇數,khia-sòo,25,khia-sò͘
奈米,nāi-bí,25,nāi-bí
奧運,ò-ūn,25,ò-ūn
好聽,hó-thiann,25,hó-thiaⁿ
妝娗,tsng-thānn,25,chng-thāⁿ
始邊,sí-pinn,25,sí-piⁿ
姓名,sènn-miâ,25,sèⁿ-miâ
子房,tsú-pâng,25,chú-pâng
子數,tsú-sòo,25,chú-sò͘
子葉,tsú-hio̍h,25,chú-hio̍h
字例,jī-lē,25,jī-lē
字劃,jī-ue̍h,25,jī-oe̍h
字帖,jī-thiap,25,jī-thiap
字爿,jī-pîng,25,jī-pêng
字硩,jī-teh,25,jī-teh
字詞,jī-sû,25,jī-sû
字部,jī-pōo,25,jī-pō͘
字音,jī-im,25,jī-im
孝道,hàu-tō,25,hàu-tō
孢子,pau-tsí,25,pau-chí
季風,kuì-hong,25,kùi-hong
學唱,o̍h-tshiùnn,25,o̍h-chhiùⁿ
學期,ha̍k-kî,25,ha̍k-kî
守備,siú-pī,25,siú-pī
宋詞,sòng-sû,25,sòng-sû
宗祠,tsong-sû,25,chong-sû
定做,tiānn-tsò,25,tiāⁿ-chò
定價,tīng-kè,25,tēng-kè
定星,tīng-tshenn,25,tēng-chheⁿ
客運,kheh-ūn,25,kheh-ūn
宣紙,suan-tsuá,25,soan-chóa
宣言,suan-giân,25,soan-giân
宴席,iân-sia̍h,25,iân-sia̍h
家訓,ka-hùn,25,ka-hùn
家鄉,ka-hiong,25,ka-hiong
容器,iông-khì,25,iông-khì
容積,iông-tsik,25,iông-chek
寄託,kià-thok,25,kià-thok
密碼,bi̍t-bé,25,bi̍t-bé
密集,bi̍t-tsi̍p,25,bi̍t-chi̍p
寒假,hân-ká,25,hân-ká
寒冬,kuânn-tang,25,kôaⁿ-tang
寒帶,hân-tài,25,hân-tài
寒露,hân-lōo,25,hân-lō͘
實木,si̍t-bo̍k,25,si̍t-bo̍k
實驗,si̍t-giām,25,si̍t-giām
審題,sím-tê,25,sím-tê
寫作,siá-tsok,25,siá-chok
寫景,siá-kíng,25,siá-kéng
射筒,siā-tâng,25,siā-tâng
射箭,siā-tsìnn,25,siā-chìⁿ
射線,siā-suànn,25,siā-sòaⁿ
射門,siā-mn̂g,25,siā-mn̂g
對分,tuì-pun,25,tùi-pun
對句,tuì-kù,25,tùi-kù
對比,tuì-pí,25,tùi-pí
對流,tuì-liû,25,tùi-liû
對焦,tuì-tsiau,25,tùi-chiau
對生,tuì-sing,25,tùi-seng
對白,tuì-pe̍h,25,tùi-pe̍h
對邊,tuì-pinn,25,tùi-piⁿ
導線,tō-suànn,25,tō-sòaⁿ
導言,tō-giân,25,tō-giân
導讀,tō-tho̍k,25,tō-tho̍k
導體,tō-thé,25,tō-thé
小吹,sió-tshue,25,sió-chhoe
小寒,siáu-hân,25,siáu-hân
小於,sió-î,25,sió-î
小時,sió-sî,25,sió-sî
小月,sió-gue̍h,25,sió-goe̍h
小節,sió-tsiat,25,sió-chiat
小篆,sió-thuàn,25,sió-thoàn
小鑼,sió-lô,25,sió-lô
小雪,siáu-suat,25,siáu-soat
尖角,tsiam-kak,25,chiam-kak
尪仔,ang-á,25,ang-á
尪姨,ang-î,25,ang-î
就業,tsiū-gia̍p,25,chiū-gia̍p
尾局,bué-kio̍k,25,bóe-kio̍k
尾溜,bué-liu,25,bóe-liu
尾羽,bué-ú,25,bóe-ú
尾翼,bué-si̍t,25,bóe-si̍t
尾聲,bué-siann,25,bóe-siaⁿ
尾針,bué-tsiam,25,bóe-chiam
尾鰭,bué-kî,25,bóe-kî
尿道,jiō-tō,25,jiō-tō
屈尺,khut-tshioh,25,khut-chhioh
展演,tián-ián,25,tián-ián
屬名,sio̍k-miâ,25,sio̍k-miâ
山川,san-tshuan,25,san-chhoan
山球,suann-kiû,25,soaⁿ-kiû
山羊,suann-iûnn,25,soaⁿ-iûⁿ
岬灣,kap-uan,25,kap-oan
崎坡,kiā-pho,25,kiā-pho
崎度,kiā-tōo,25,kiā-tō͘
崑曲,khun-khik,25,khun-khek
工蜂,kang-phang,25,kang-phang
工蟻,kang-hiā,25,kang-hiā
差異,tsha-ī,25,chha-ī
布景,pòo-kíng,25,pò͘-kéng
師傅,sai-hū,25,sai-hū
平刀,pênn-to,25,pêⁿ-to
平分,pênn-pun,25,pêⁿ-pun
平原,pîng-guân,25,pêng-goân
平地,pênn-tē,25,pêⁿ-tē
平聲,piânn-siann,25,piâⁿ-siaⁿ
平行,pîng-hîng,25,pêng-hêng
平角,pênn-kak,25,pêⁿ-kak
平長,pênn-tn̂g,25,pêⁿ-tn̂g
平闊,pênn-khuah,25,pêⁿ-khoah
平面,pênn-bīn,25,pêⁿ-bīn
幹部,kàn-pōo,25,kàn-pō͘
幼瓷,iù-huî,25,iù-hûi
幼蟲,iù-thâng,25,iù-thâng
幼鹽,iù-iâm,25,iù-iâm
序奏,sū-tsàu,25,sū-chàu
序數,sū-sòo,25,sū-sò͘
底盤,té-puânn,25,té-pôaⁿ
底角,té-kak,25,té-kak
底邊,té-pinn,25,té-piⁿ
底面,té-bīn,25,té-bīn
店頭,tiàm-thâu,25,tiàm-thâu
度針,tōo-tsiam,25,tō͘-chiam
廟寺,biō-sī,25,biō-sī
廟會,biō-huē,25,biō-hōe
延延,iân-tshiân,25,iân-chhiân
弄獅,lāng-sai,25,lāng-sai
弄花,lāng-hue,25,lāng-hoe
弄龍,lāng-lîng,25,lāng-lêng
弓仔,king-á,25,keng-á
弓形,king-hîng,25,keng-hêng
引號,ín-hō,25,ín-hō
引電,ín-tiān,25,ín-tiān
弦樂,hiân-ga̍k,25,hiân-ga̍k
弧線,hôo-suànn,25,hô͘-sòaⁿ
弧長,hôo-tn̂g,25,hô͘-tn̂g
強拍,kiông-phik,25,kiông-phek
強酸,kiông-sng,25,kiông-sng
強鹼,kiông-kinn,25,kiông-kiⁿ
彈劾,tân-hi̍k,25,tân-he̍k
彈奏,tuânn-tsàu,25,tôaⁿ-chàu
形狀,hîng-tsōng,25,hêng-chōng
形符,hîng-hû,25,hêng-hû
形聲,hîng-siann,25,hêng-siaⁿ
形變,hîng-piàn,25,hêng-piàn
彩度,tshái-tōo,25,chhái-tō͘
彩筆,tshái-pit,25,chhái-pit
彩繪,tshái-huē,25,chhái-hōe
彩色,tshái-sik,25,chhái-sek
彩霞,tshái-hâ,25,chhái-hâ
律仔,lu̍t-á,25,lu̍t-á
律動,lu̍t-tōng,25,lu̍t-tōng
律詩,lu̍t-si,25,lu̍t-si
後記,hiō-kì,25,hiō-kì
後跤,āu-kha,25,āu-kha
後踢,āu-that,25,āu-that
後項,āu-hāng,25,āu-hāng
後齻,āu-tsan,25,āu-chan
得分,tit-hun,25,tit-hun
徙栽,suá-tsai,25,sóa-chai
徛名,khiā-miâ,25,khiā-miâ
徛鵝,khiā-gô,25,khiā-gô
心仔,sim-á,25,sim-á
心得,sim-tik,25,sim-tek
心算,sim-sǹg,25,sim-sǹg
快板,khuài-pán,25,khoài-pán
快門,khuài-mn̂g,25,khoài-mn̂g
急救,kip-kiù,25,kip-kiù
性別,sìng-pia̍t,25,sèng-pia̍t
恆星,hîng-tshenn,25,hêng-chheⁿ
情節,tsîng-tsiat,25,chêng-chiat
意符,ì-hû,25,ì-hû
感受,kám-siū,25,kám-siū
感官,kám-kuan,25,kám-koan
感染,kám-jiám,25,kám-jiám
慢板,bān-pán,25,bān-pán
慶典,khìng-tián,25,khèng-tián
懸位,kuân-uī,25,koân-ūi
懸問,hiân-būn,25,hiân-būn
懸山,kuân-suann,25,koân-soaⁿ
懸度,kuân-tōo,25,koân-tō͘
懸音,kuân-im,25,koân-im
成績,sîng-tsik,25,sêng-chek
成藥,sîng-io̍h,25,sêng-io̍h
成蝶,sîng-tia̍p,25,sêng-tia̍p
成蟲,sîng-thâng,25,sêng-thâng
成語,sîng-gí,25,sêng-gí
戒律,kài-lu̍t,25,kài-lu̍t
截面,tsia̍t-bīn,25,chia̍t-bīn
戰祭,tsiàn-tsè,25,chiàn-chè
戲台,hì-tâi,25,hì-tâi
戲曲,hì-khik,25,hì-khek
扇形,sìnn-hîng,25,sìⁿ-hêng
手球,tshiú-kiû,25,chhiú-kiû
扣球,khàu-kiû,25,khàu-kiû
扮仙,pān-sian,25,pān-sian
扮演,pān-ián,25,pān-ián
承球,sîn-kiû,25,sîn-kiû
投影,tâu-iánn,25,tâu-iáⁿ
投籃,tâu-nâ,25,tâu-nâ
投資,tâu-tsu,25,tâu-chu
抗力,khòng-li̍k,25,khòng-le̍k
抗體,khòng-thé,25,khòng-thé
折扣,tsiat-khàu,25,chiat-khàu
抱拳,phō-kûn,25,phō-kûn
押韻,ah-ūn,25,ah-ūn
拋球,phau-kiû,25,phau-kiû
拍板,phik-pán,25,phek-pán
拍種,phah-tsíng,25,phah-chéng
拍莓,phah-m̂,25,phah-m̂
拍號,phik-hō,25,phek-hō
拍鼓,phah-kóo,25,phah-kó͘
拐騙,kuái-phiàn,25,koái-phiàn
拓印,thok-ìn,25,thok-ìn
拓展,thok-tián,25,thok-tián
拔封,pue̍h-hong,25,poe̍h-hong
拗射,áu-siā,25,áu-siā
括號,kuat-hō,25,koat-hō
拼貼,phing-tah,25,pheng-tah
拼音,phing-im,25,pheng-im
指事,tsí-sū,25,chí-sū
指法,tsí-huat,25,chí-hoat
指針,tsí-tsiam,25,chí-chiam
挑選,thiau-suán,25,thiau-soán
挫傷,tshò-siong,25,chhò-siong
振動,tsín-tōng,25,chín-tōng
振幅,tsín-hok,25,chín-hok
挽搣,bán-me,25,bán-me
挽水,bán-tsuí,25,bán-chúi
挽脈,bán-me̍h,25,bán-me̍h
捏成,lia̍p-sîng,25,lia̍p-sêng
捙拚,tshia-piànn,25,chhia-piàⁿ
捲軸,kńg-ti̍k,25,kńg-te̍k
捷徑,tsia̍t-kìng,25,chia̍t-kèng
掃墓,sàu-bōng,25,sàu-bōng
掃描,sàu-biâu,25,sàu-biâu
排比,pâi-pí,25,pâi-pí
排隊,pâi-tuī,25,pâi-tūi
掠痧,lia̍h-sua,25,lia̍h-soa
掠齊,lia̍h-tsê,25,lia̍h-chê
探查,thàm-tsa,25,thàm-cha
掣流,tshuah-lâu,25,chhoah-lâu
接球,tsiap-kiû,25,chiap-kiû
接納,tsiap-la̍p,25,chiap-la̍p
控球,khòng-kiû,25,khòng-kiû
推力,thui-li̍k,25,thui-le̍k
措施,tshòo-si,25,chhò͘-si
插座,tshah-tsō,25,chhah-chō
插敘,tshah-sū,25,chhah-sū
插枝,tshah-ki,25,chhah-ki
插畫,tshah-uē,25,chhah-ōe
揚琴,iâng-khîm,25,iâng-khîm
換氣,uānn-khuì,25,ōaⁿ-khùi
換算,uānn-sǹg,25,ōaⁿ-sǹg
揣食,tshuē-tsia̍h,25,chhōe-chia̍h
搬徙,puann-suá,25,poaⁿ-sóa
搬運,puann-ūn,25,poaⁿ-ūn
搭球,tah-kiû,25,tah-kiû
搶剝,tshiúnn-pak,25,chhiúⁿ-pak
搶孤,tshiúnn-koo,25,chhiúⁿ-ko͘
摘述,tiah-su̍t,25,tiah-su̍t
摹寫,bôo-siá,25,bô͘-siá
摺法,tsih-huat,25,chih-hoat
摺被,tsih-phuē,25,chih-phōe
撇橫,phiat-huâinn,25,phiat-hoâiⁿ
撚錢,lián-tsînn,25,lián-chîⁿ
撰寫,tsuān-siá,25,choān-siá
操作,tshau-tsok,25,chhau-chok
擴分,khok-hun,25,khok-hun
擴寫,khok-siá,25,khok-siá
擺動,pái-tōng,25,pái-tōng
擺長,pái-tn̂g,25,pái-tn̂g
收入,siu-ji̍p,25,siu-ji̍p
改寫,kái-siá,25,kái-siá
改編,kái-pian,25,kái-pian
放卵,pàng-nn̄g,25,pàng-nn̄g
放大,hòng-tuā,25,hòng-tōa
救援,kiù-uān,25,kiù-oān
救濟,kiù-tsè,25,kiù-chè
敘事,sū-sū,25,sū-sū
敘寫,sū-siá,25,sū-siá
敘述,sū-su̍t,25,sū-su̍t
教室,kàu-sik,25,kàu-sek
教師,kàu-su,25,kàu-su
散熱,sàn-jia̍t,25,sàn-jia̍t
敬語,kìng-gí,25,kèng-gí
整數,tsíng-sòo,25,chéng-sò͘
整除,tsíng-tî,25,chéng-tî
數單,siàu-tuann,25,siàu-toaⁿ
數量,sòo-liōng,25,sò͘-liōng
文句,bûn-kù,25,bûn-kù
文意,bûn-ì,25,bûn-ì
文物,bûn-bu̍t,25,bûn-bu̍t
文讀,bûn-tho̍k,25,bûn-tho̍k
文面,bûn-bīn,25,bûn-bīn
文音,bûn-im,25,bûn-im
文體,bûn-thé,25,bûn-thé
斜角,tshua̍h-kak,25,chhoa̍h-kak
斜鉤,tshiâ-kau,25,chhiâ-kau
斧足,hú-tsiok,25,hú-chiok
新曆,sin-li̍k,25,sin-le̍k
新詩,sin-si,25,sin-si
斷路,tn̄g-lōo,25,tn̄g-lō͘
方位,hong-uī,25,hong-ūi
施力,si-li̍k,25,si-le̍k
施琅,si-lông,25,si-lông
旁白,pông-pe̍h,25,pông-pe̍h
旋律,suân-lu̍t,25,soân-lu̍t
旋藤,suan-tîn,25,soan-tîn
族譜,tso̍k-phóo,25,cho̍k-phó͘
日晷,ji̍t-kuí,25,ji̍t-kúi
日記,ji̍t-kì,25,ji̍t-kì
日誌,ji̍t-tsì,25,ji̍t-chì
日鬚,ji̍t-tshiu,25,ji̍t-chhiu
昆蟲,khun-thiông,25,khun-thiông
明喻,bîng-jū,25,bêng-jū
明礬,bîng-huân,25,bêng-hoân
星光,tshenn-kng,25,chheⁿ-kng
星宿,sing-siù,25,seng-siù
星空,sing-khong,25,seng-khong
星等,tshenn-tíng,25,chheⁿ-téng
春節,tshun-tseh,25,chhun-cheh
春聯,tshun-liân,25,chhun-liân
時刻,sî-khik,25,sî-khek
時數,sî-sòo,25,sî-sò͘
時速,sî-sok,25,sî-sok
時針,sî-tsiam,25,sî-chiam
普渡,póo-tōo,25,pó͘-tō͘
暖化,luán-huà,25,loán-hòa
暖鋒,luán-hong,25,loán-hong
暗唸,àm-liām,25,àm-liām
暗喻,àm-jū,25,àm-jū
曆日,la̍h-ji̍t,25,la̍h-ji̍t
曆法,li̍k-huat,25,le̍k-hoat
曲式,khik-sik,25,khek-sek
曲流,khiok-lâu,25,khiok-lâu
曲目,khik-bo̍k,25,khek-bo̍k
曲線,khiok-suànn,25,khiok-sòaⁿ
曲調,khik-tiāu,25,khek-tiāu
曲譜,khik-phóo,25,khek-phó͘
曲風,khik-hong,25,khek-hong
書櫥,tsu-tû,25,chu-tû
書法,su-huat,25,su-hoat
書聖,su-sìng,25,su-sèng
書評,su-phîng,25,su-phêng
會意,huē-ì,25,hōe-ì
月事,gu̍eh-sū,25,goe̍h-sū
月形,gue̍h-hîng,25,goe̍h-hêng
月球,gue̍h-kiû,25,goe̍h-kiû
月琴,gue̍h-khîm,25,goe̍h-khîm
月相,gue̍h-siòng,25,goe̍h-siòng
月經,gu̍eh-king,25,goe̍h-keng
服飾,ho̍k-sik,25,ho̍k-sek
朝露,tiau-lōo,25,tiau-lō͘
木匠,ba̍k-tshiūnn,25,ba̍k-chhiūⁿ
木琴,bo̍k-khîm,25,bo̍k-khîm
木管,bo̍k-kuán,25,bo̍k-koán
本壘,pún-luí,25,pún-lúi
本葉,pún-hio̍h,25,pún-hio̍h
材質,tsâi-tsit,25,châi-chit
東經,tang-king,25,tang-keng
板嘹,pán-liâu,25,pán-liâu
枝葉,ki-hio̍h,25,ki-hio̍h
架構,kà-kòo,25,kà-kò͘
染布,ní-pòo,25,ní-pò͘
柔道,jiû-tō,25,jiû-tō
柝仔,kho̍k-á,25,kho̍k-á
查讀,tshâ-tha̍k,25,chhâ-tha̍k
柱懸,thiāu-kuân,25,thiāu-koân
柱薯,thiāu-tsî,25,thiāu-chî
柳琴,liú-khîm,25,liú-khîm
校園,hāu-hn̂g,25,hāu-hn̂g
校隊,hāu-tuī,25,hāu-tūi
根部,kin-pōo,25,kin-pō͘
格言,kik-giân,25,kek-giân
栽水,tsai-tsuí,25,chai-chúi
桌布,toh-pòo,25,toh-pò͘
桌球,toh-kiû,25,toh-kiû
梁柱,niû-thiāu,25,niû-thiāu
梆笛,pang-ti̍k,25,pang-te̍k
條約,tiâu-iok,25,tiâu-iok
梯形,thui-hîng,25,thui-hêng
械鬥,hāi-tàu,25,hāi-tàu
棄嬰,khì-ing,25,khì-eng
棋藝,kî-gē,25,kî-gē
棒球,pāng-kiû,25,pāng-kiû
棕色,tsang-sik,25,chang-sek
棧房,tsàn-pâng,25,chàn-pâng
棧間,tsàn-king,25,chàn-keng
極地,ki̍k-tē,25,ke̍k-tē
楷書,khái-su,25,khái-su
楷模,khái-bôo,25,khái-bô͘
概數,khài-sòo,25,khài-sò͘
槓桿,kǹg-kuáinn,25,kǹg-koáiⁿ
樂器,ga̍k-khì,25,ga̍k-khì
樂團,ga̍k-thuân,25,ga̍k-thoân
樂曲,ga̍k-khik,25,ga̍k-khek
樂段,ga̍k-tuānn,25,ga̍k-tōaⁿ
樂章,ga̍k-tsiong,25,ga̍k-chiong
樂音,ga̍k-im,25,ga̍k-im
橫式,huâinn-sik,25,hoâiⁿ-sek
橫箍,huâinn-khoo,25,hoâiⁿ-kho͘
欠血,khiàm-hueh,25,khiàm-hoeh
欣賞,him-sióng,25,him-sióng
歇寒,hioh-kuânn,25,hioh-kôaⁿ
歇熱,hioh-jua̍h,25,hioh-joa̍h
歌謠,kua-iâu,25,koa-iâu
歐盟,au-bîng,25,au-bêng
歕空,pûn-khang,25,pûn-khang
歡唱,huan-tshiùnn,25,hoan-chhiùⁿ
止血,tsí-hueh,25,chí-hoeh
正廳,tsiànn-thian,25,chiàⁿ-thian
正拳,tsiànn-kûn,25,chiàⁿ-kûn
正文,tsiànn-bûn,25,chiàⁿ-bûn
正極,tsiànn-ki̍k,25,chiàⁿ-ke̍k
正楷,tsiànn-khái,25,chiàⁿ-khái
正比,tsìng-pí,25,chèng-pí
武術,bú-su̍t,25,bú-su̍t
歹菌,pháinn-khún,25,pháiⁿ-khún
殕色,phú-sik,25,phú-sek
段落,tuānn-lo̍h,25,tōaⁿ-lo̍h
毒品,to̍k-phín,25,to̍k-phín
比值,pí-ta̍t,25,pí-ta̍t
比率,pí-lu̍t,25,pí-lu̍t
比重,pí-tāng,25,pí-tāng
毛重,môo-tāng,25,mô͘-tāng
毫升,hô-tsin,25,hô-chin
毽子,kiàn-tsí,25,kiàn-chí
毽球,kiàn-kiû,25,kiàn-kiû
民歌,bîn-kua,25,bîn-koa
民謠,bîn-iâu,25,bîn-iâu
民變,bîn-piàn,25,bîn-piàn
氣團,khì-thuân,25,khì-thoân
氣壓,khì-ap,25,khì-ap
氣室,khì-sik,25,khì-sek
氣態,khì-thài,25,khì-thài
氣流,khì-liû,25,khì-liû
氣溫,khì-un,25,khì-un
氣空,khì-khang,25,khì-khang
氣門,khì-mn̂g,25,khì-mn̂g
氣體,khì-thé,25,khì-thé
氧化,ióng-huà,25,ióng-hòa
水份,tsuí-hūn,25,chúi-hūn
水位,tsuí-uī,25,chúi-ūi
水力,tsuí-li̍k,25,chúi-le̍k
水印,tsuí-ìn,25,chúi-ìn
水圳,tsuí-tsùn,25,chúi-chùn
水塔,tsuí-thah,25,chúi-thah
水墨,tsuí-ba̍k,25,chúi-ba̍k
水壓,tsuí-ap,25,chúi-ap
水庫,tsuí-khòo,25,chúi-khò͘
水彩,tsuí-tshái,25,chúi-chhái
水氣,tsuí-khì,25,chúi-khì
水流,tsuí-liû,25,chúi-liû
水溫,tsuí-un,25,chúi-un
水煙,tsuí-ian,25,chúi-ian
水珠,tsuí-tsu,25,chúi-chu
水疱,tsuí-phā,25,chúi-phā
水蛆,tsuí-tshi,25,chúi-chhi
水質,tsuí-tsit,25,chúi-chit
水跡,tsuí-jiah,25,chúi-jiah
水量,tsuí-liōng,25,chúi-liōng
水韭,tsuí-kú,25,chúi-kú
永夜,íng-iā,25,éng-iā
永晝,íng-tiù,25,éng-tiù
池仔,tî-á,25,tî-á
決賽,kuat-sài,25,koat-sài
汽油,khì-iû,25,khì-iû
汽艇,khì-thíng,25,khì-théng
沖浴,tshiâng-i̍k,25,chhiâng-e̍k
沖積,tshiong-tsik,25,chhiong-chek
沙池,sua-tî,25,soa-tî
沙線,sua-suànn,25,soa-sòaⁿ
沙鈴,sua-lîng,25,soa-lêng
沙雕,sua-tiau,25,soa-tiau
河床,hô-tshn̂g,25,hô-chhn̂g
河流,hô-liû,25,hô-liû
河谷,hô-kok,25,hô-kok
河道,hô-tō,25,hô-tō
油彩,iû-tshái,25,iû-chhái
油畫,iû-uē,25,iû-ōe
油脂,iû-tsi,25,iû-chi
油跡,iû-jiah,25,iû-jiah
泄尿,tshuā-jiō,25,chhōa-jiō
法治,huat-tī,25,hoat-tī
法規,huat-kui,25,hoat-kui
注釋,tsù-sik,25,chù-sek
洗喙,sé-tshuì,25,sé-chhùi
洘流,khó-lâu,25,khó-lâu
活塞,ua̍h-that,25,oa̍h-that
活栓,ua̍h-sng,25,oa̍h-sng
活鈕,ua̍h-liú,25,oa̍h-liú
流感,liû-kám,25,liû-kám
浮力,phû-li̍k,25,phû-le̍k
浮崙,phû-lūn,25,phû-lūn
浮嶼,phû-sū,25,phû-sū
浮洲,phû-tsiu,25,phû-chiu
浮雕,phû-tiau,25,phû-tiau
海禁,hái-kìm,25,hái-kìm
海蝕,hái-si̍t,25,hái-si̍t
海運,hái-ūn,25,hái-ūn
海鼻,hái-phīnn,25,hái-phīⁿ
消蝕,siau-si̍t,25,siau-si̍t
液態,i̍k-thài,25,e̍k-thài
液體,i̍k-thé,25,e̍k-thé
淘汰,tô-thài,25,tô-thài
淨山,tsīng-suann,25,chēng-soaⁿ
淨重,tsīng-tāng,25,chēng-tāng
清朝,tshing-tiâu,25,chheng-tiâu
清礬,tshing-huân,25,chheng-hoân
減數,kiám-sòo,25,kiám-sò͘
減法,kiám-huat,25,kiám-hoat
減號,kiám-hō,25,kiám-hō
渡船,tōo-tsûn,25,tō͘-chûn
渡鳥,tōo-tsiáu,25,tō͘-chiáu
測試,tshik-tshì,25,chhek-chhì
港喙,káng-tshuì,25,káng-chhùi
港路,káng-lōo,25,káng-lō͘
游泳,iû-íng,25,iû-éng
湠卵,thuànn-nn̄g,25,thòaⁿ-nn̄g
湠種,thuànn-tsíng,25,thòaⁿ-chéng
湳地,làm-tē,25,làm-tē
溪尾,khe-bué,25,khe-bóe
溪谷,khe-kok,25,khe-kok
溪頭,khe-thâu,25,khe-thâu
溫度,un-tōo,25,un-tō͘
溶劑,iông-tse,25,iông-che
溶液,iông-i̍k,25,iông-e̍k
溶質,iông-tsit,25,iông-chit
溼地,sip-tē,25,sip-tē
溼度,sip-tōo,25,sip-tō͘
滑石,ku̍t-tsio̍h,25,ku̍t-chio̍h
滑車,ku̍t-tshia,25,ku̍t-chhia
滑音,ku̍t-im,25,ku̍t-im
滑鼠,ku̍t-tshí,25,ku̍t-chhí
滴管,tih-kńg,25,tih-kńg
漁業,hî-gia̍p,25,hî-gia̍p
漏壺,lāu-ôo,25,lāu-ô͘
演出,ián-tshut,25,ián-chhut
演戲,ián-hì,25,ián-hì
演說,ián-suat,25,ián-soat
漚肥,au-puî,25,au-pûi
潭仔,thâm-á,25,thâm-á
激問,kik-būn,25,kek-būn
瀏覽,liû-lám,25,liû-lám
瀾垂,nuā-sê,25,nōa-sê
火號,hué-hō,25,hóe-hō
火鼠,hué-tshí,25,hóe-chhí
炊卵,tshue-nn̄g,25,chhoe-nn̄g
炭筆,thuànn-pit,25,thòaⁿ-pit
烏仁,oo-jîn,25,o͘-jîn
烏鶖,oo-tshiu,25,o͘-chhiu
焐冰,ù-ping,25,ù-peng
煏鼓,piak-kóo,25,piak-kó͘
熱冬,jua̍h-tang,25,joa̍h-tang
熱舞,jia̍t-bú,25,jia̍t-bú
燃料,jiân-liāu,25,jiân-liāu
燃點,jiân-tiám,25,jiân-tiám
燈絲,ting-si,25,teng-si
燒杯,sio-pue,25,sio-poe
父姓,hū-sènn,25,hū-sèⁿ
版畫,pán-uē,25,pán-ōe
牌位,pâi-uī,25,pâi-ūi
牛頓,gû-tùn,25,gû-tùn
特徵,ti̍k-ting,25,te̍k-teng
特性,ti̍k-sìng,25,te̍k-sèng
特產,ti̍k-sán,25,te̍k-sán
特質,ti̍k-tsit,25,te̍k-chit
特長,ti̍k-tióng,25,te̍k-tióng
獻敬,hiàn-kìng,25,hiàn-kèng
玄學,hiân-ha̍k,25,hiân-ha̍k
珠螺,tsu-lê,25,chu-lê
班刊,pan-khan,25,pan-khan
班會,pan-huē,25,pan-hōe
班級,pan-kip,25,pan-kip
球埕,kiû-tiânn,25,kiû-tiâⁿ
球場,kiû-tiûnn,25,kiû-tiûⁿ
球心,kiû-sim,25,kiû-sim
球桮,kiû-pue,25,kiû-poe
球賽,kiû-sài,25,kiû-sài
球面,kiû-bīn,25,kiû-bīn
球體,kiû-thé,25,kiû-thé
理財,lí-tsâi,25,lí-châi
瓷仔,huî-á,25,hûi-á
生卵,senn-nn̄g,25,seⁿ-nn̄g
生湠,senn-thuànn,25,seⁿ-thòaⁿ
生物,sing-bu̍t,25,seng-bu̍t
生菇,senn-koo,25,seⁿ-ko͘
生鉎,senn-sian,25,seⁿ-sian
生長,sing-tióng,25,seng-tióng
產值,sán-ta̍t,25,sán-ta̍t
產業,sán-gia̍p,25,sán-gia̍p
產道,sán-tō,25,sán-tō
產量,sán-liōng,25,sán-liōng
田園,tshân-hn̂g,25,chhân-hn̂g
田徑,tiân-kìng,25,tiân-kèng
番薯,han-tsî,25,han-chî
畫作,uē-tsok,25,ōe-chok
畫像,uē-siōng,25,ōe-siōng
畫刀,uē-to,25,ōe-to
畫圖,uē-tôo,25,ōe-tô͘
畫家,uē-ka,25,ōe-ka
畫展,uē-tián,25,ōe-tián
畫布,uē-pòo,25,ōe-pò͘
畫廊,uē-lông,25,ōe-lông
畫本,uē-pún,25,ōe-pún
畫枋,uē-pang,25,ōe-pang
畫架,uē-kè,25,ōe-kè
畫筆,uē-pit,25,ōe-pit
畫紙,uē-tsuá,25,ōe-chóa
畫者,uē-tsiá,25,ōe-chiá
畫記,uē-kì,25,ōe-kì
畫面,uē-bīn,25,ōe-bīn
畫風,uē-hong,25,ōe-hong
當值,tong-ti̍t,25,tong-ti̍t
疊句,tha̍h-kù,25,tha̍h-kù
疊字,tha̍h-jī,25,tha̍h-jī
疏忽,soo-hut,25,so͘-hut
疏散,soo-sàn,25,so͘-sàn
疏開,soo-khai,25,so͘-khai
疑惑,gî-hi̍k,25,gî-he̍k
疫苗,i̍k-biâu,25,e̍k-biâu
病句,pēnn-kù,25,pēⁿ-kù
病囝,pēnn-kiánn,25,pēⁿ-kiáⁿ
病疼,pēnn-thiànn,25,pēⁿ-thiàⁿ
病菌,pēnn-khún,25,pēⁿ-khún
痕跡,hûn-jiah,25,hûn-jiah
癖性,phiah-sìng,25,phiah-sèng
登陸,ting-lio̍k,25,teng-lio̍k
發育,huat-io̍k,25,hoat-io̍k
發酵,huat-kànn,25,hoat-kàⁿ
發電,huat-tiān,25,hoat-tiān
發音,huat-im,25,hoat-im
白字,pe̍h-jī,25,pe̍h-jī
白火,pe̍h-hué,25,pe̍h-hóe
白蟻,pe̍h-hiā,25,pe̍h-hiā
白露,pe̍h-lōo,25,pe̍h-lō͘
百位,pah-uī,25,pah-ūi
皮戲,phuê-hì,25,phôe-hì
盆地,phûn-tē,25,phûn-tē
盜壘,tō-luí,25,tō-lúi
盜版,tō-pán,25,tō-pán
監察,kàm-tshat,25,kàm-chhat
目版,ba̍k-pán,25,ba̍k-pán
直射,ti̍t-siā,25,ti̍t-siā
直式,ti̍t-sik,25,ti̍t-sek
直徑,ti̍t-kìng,25,ti̍t-kèng
直拳,ti̍t-kûn,25,ti̍t-kûn
直照,ti̍t-tsiò,25,ti̍t-chiò
直線,ti̍t-suànn,25,ti̍t-sòaⁿ
直角,ti̍t-kak,25,ti̍t-kak
相乘,siong-sîng,25,siong-sêng
相交,siong-kau,25,siong-kau
相加,siong-ka,25,siong-ka
相反,siong-huán,25,siong-hoán
相吸,sio-khip,25,sio-khip
相差,siong-tsha,25,siong-chha
相斥,sio-thik,25,sio-thek
相鄰,siong-lîn,25,siong-lîn
相除,siong-tî,25,siong-tî
省道,síng-tō,25,séng-tō
真書,tsin-su,25,chin-su
眼界,gán-kài,25,gán-kài
眾數,tsiòng-sòo,25,chiòng-sò͘
睏眠,khùn-bîn,25,khùn-bîn
短句,té-kù,25,té-kù
短文,té-bûn,25,té-bûn
短篇,té-phinn,25,té-phiⁿ
短語,té-gí,25,té-gí
短路,té-lōo,25,té-lō͘
短針,té-tsiam,25,té-chiam
矮奴,é-lôo,25,é-lô͘
矮寇,é-khòo,25,é-khò͘
石墨,tsio̍h-ba̍k,25,chio̍h-ba̍k
石油,tsio̍h-iû,25,chio̍h-iû
石膏,tsio̍h-ko,25,chio̍h-ko
石英,tsio̍h-ing,25,chio̍h-eng
砂糖,sua-thn̂g,25,soa-thn̂g
砒素,phi-sòo,25,phi-sò͘
硩印,teh-ìn,25,teh-ìn
硩枝,teh-ki,25,teh-ki
硬度,ngē-tōo,25,ngē-tō͘
硬碟,ngē-tia̍p,25,ngē-tia̍p
硯台,hīnn-tâi,25,hīⁿ-tâi
硼酸,pîng-sng,25,pêng-sng
碑文,pi-bûn,25,pi-bûn
碗箸,uánn-tī,25,óaⁿ-tī
碳化,thuànn-huà,25,thòaⁿ-hòa
磁力,tsû-li̍k,25,chû-le̍k
磁場,tsû-tiûnn,25,chû-tiûⁿ
磁性,tsû-sìng,25,chû-sèng
磁極,tsû-ki̍k,25,chû-ke̍k
磅針,pōng-tsiam,25,pōng-chiam
社區,siā-khu,25,siā-khu
祕結,pì-kiat,25,pì-kiat
祖廟,tsóo-biō,25,chó͘-biō
祖籍,tsóo-tsi̍k,25,chó͘-che̍k
祖靈,tsóo-lîng,25,chó͘-lêng
祭品,tsè-phín,25,chè-phín
祭拜,tsè-pài,25,chè-pài
祭祀,tsè-sū,25,chè-sū
禁令,kìm-līng,25,kìm-lēng
禮俗,lé-sio̍k,25,lé-sio̍k
秋分,tshiu-hun,25,chhiu-hun
科舉,kho-kí,25,kho-kí
秒速,bió-sok,25,bió-sok
秒針,bió-tsiam,25,bió-chiam
租界,tsoo-kài,25,cho͘-kài
稅金,suè-kim,25,sòe-kim
積窒,tsik-that,25,chek-that
空喙,khang-tshuì,25,khang-chhùi
立冬,li̍p-tang,25,li̍p-tang
立意,li̍p-ì,25,li̍p-ì
立法,li̍p-huat,25,li̍p-hoat
立秋,li̍p-tshiu,25,li̍p-chhiu
立體,li̍p-thé,25,li̍p-thé
童詩,tông-si,25,tông-si
童話,tông-uē,25,tông-ōe
童謠,tông-iâu,25,tông-iâu
符值,hû-ta̍t,25,hû-ta̍t
筆劃,pit-ue̍h,25,pit-oe̍h
筆尖,pit-tsiam,25,pit-chiam
筆尾,pit-bué,25,pit-bóe
筆法,pit-huat,25,pit-hoat
筆洗,pit-sé,25,pit-sé
筆順,pit-sūn,25,pit-sūn
等式,tíng-sik,25,téng-sek
等於,tíng-î,25,téng-î
等號,tíng-hō,25,téng-hō
筋帶,kin-tuà,25,kin-tòa
筵席,iàn-si̍k,25,iàn-se̍k
箏形,tsing-hîng,25,cheng-hêng
算法,sǹg-huat,25,sǹg-hoat
管樂,kuán-ga̍k,25,koán-ga̍k
管路,kóng-lōo,25,kóng-lō͘
管道,kuán-tō,25,koán-tō
箴言,tsim-giân,25,chim-giân
節慶,tsiat-khìng,25,chiat-khèng
節日,tseh-ji̍t,25,cheh-ji̍t
篆書,thuàn-su,25,thoàn-su
篇幅,phian-hok,25,phian-hok
米食,bí-si̍t,25,bí-si̍t
粉筆,hún-pit,25,hún-pit
粗澀,tshoo-siap,25,chho͘-siap
粗鹽,tshoo-iâm,25,chho͘-iâm
精差,tsing-tsha,25,cheng-chha
精讀,tsing-tho̍k,25,cheng-tho̍k
糝啉,sám-lim,25,sám-lim
糾筋,kiù-kin,25,kiù-kin
約分,iok-hun,25,iok-hun
紋理,bûn-lí,25,bûn-lí
紋路,bûn-lōo,25,bûn-lō͘
納稅,la̍p-suè,25,la̍p-sòe
紙本,tsuá-pún,25,chóa-pún
紙枋,tsuá-pang,25,chóa-pang
紙條,tsuá-tiâu,25,chóa-tiâu
紙片,tsuá-phìnn,25,chóa-phìⁿ
紙牌,tsuá-pâi,25,chóa-pâi
紙硩,tsuá-teh,25,chóa-teh
紙票,tsuá-phiò,25,chóa-phiò
級進,kip-tsìn,25,kip-chìn
累加,luí-ka,25,lúi-ka
終邊,tsiong-pinn,25,chiong-piⁿ
絃仔,hiân-á,25,hiân-á
組曲,tsoo-khik,25,cho͘-khek
結冰,kiat-ping,25,kiat-peng
結盟,kiat-bîng,25,kiat-bêng
結社,kiat-siā,25,kiat-siā
結莓,kiat-m̂,25,kiat-m̂
結霜,kiat-sng,25,kiat-sng
絕句,tsua̍t-kù,25,choa̍t-kù
絕種,tse̍h-tsíng,25,che̍h-chéng
絕緣,tsua̍t-iân,25,choa̍t-iân
絲綢,si-tiû,25,si-tiû
綠肥,li̍k-puî,25,le̍k-pûi
網球,bāng-kiû,25,bāng-kiû
緊慢,kín-bān,25,kín-bān
線圈,suànn-khuan,25,sòaⁿ-khoan
線尾,suànn-bué,25,sòaⁿ-bóe
線條,suànn-tiâu,25,sòaⁿ-tiâu
線蜷,suànn-khûn,25,sòaⁿ-khûn
線間,suànn-kan,25,sòaⁿ-kan
縛跤,pa̍k-kha,25,pa̍k-kha
縣長,kuān-tiúnn,25,koān-tiúⁿ
縮圖,sok-tôo,25,sok-tô͘
縮寫,sok-siá,25,sok-siá
縱軸,tshiong-ti̍k,25,chhiong-te̍k
繁衍,huân-ián,25,hoân-ián
繪本,huē-pún,25,hōe-pún
罰球,hua̍t-kiû,25,hoa̍t-kiû
羅經,lô-kenn,25,lô-keⁿ
羅針,lô-tsiam,25,lô-chiam
義賣,gī-bē,25,gī-bē
羽化,ú-huà,25,ú-hòa
羽毛,ú-môo,25,ú-mô͘
習性,si̍p-sìng,25,si̍p-sèng
老化,nóo-huà,25,nó͘-hòa
老大,lāu-tuā,25,lāu-tōa
耆老,kî-ló,25,kî-ló
耐力,nāi-li̍k,25,nāi-le̍k
耳鏡,hīnn-kiànn,25,hīⁿ-kiàⁿ
耶穌,iâ-soo,25,iâ-so͘
耽字,tânn-jī,25,tâⁿ-jī
聖火,sìng-hué,25,sèng-hóe
聯對,liân-tuì,25,liân-tùi
聲符,siann-hû,25,siaⁿ-hû
聲部,siann-pōo,25,siaⁿ-pō͘
聽覺,thiann-kak,25,thiaⁿ-kak
肉色,bah-sik,25,bah-sek
肌力,ki-li̍k,25,ki-le̍k
肌群,ki-kûn,25,ki-kûn
肝炎,kuann-iām,25,koaⁿ-iām
肝癌,kuann-gâm,25,koaⁿ-gâm
肢體,ki-thé,25,ki-thé
肥料,puî-liāu,25,pûi-liāu
育幼,io̍k-iù,25,io̍k-iù
肺泡,hì-phàu,25,hì-phàu
肺癌,hì-gâm,25,hì-gâm
肺臟,hì-tsōng,25,hì-chōng
胃酸,uī-sng,25,ūi-sng
背冊,puē-tsheh,25,pōe-chheh
背鰭,puē-kî,25,pōe-kî
胎生,thai-sing,25,thai-seng
胎盤,thai-puânn,25,thai-pôaⁿ
胚珠,phue-tsu,25,phoe-chu
胚盤,phue-puânn,25,phoe-pôaⁿ
胚胎,phue-thai,25,phoe-thai
胸腺,hing-suànn,25,heng-sòaⁿ
胸部,hing-pōo,25,heng-pō͘
能源,lîng-guân,25,lêng-goân
能量,lîng-liōng,25,lêng-liōng
脂肪,tsi-hong,25,chi-hong
脫輪,thu̍t-lûn,25,thu̍t-lûn
腳數,kioh-siàu,25,kioh-siàu
腹足,hok-tsiok,25,hok-chiok
腹面,pak-bīn,25,pak-bīn
膀胱,phông-kong,25,phông-kong
膜空,mo̍oh-khang,25,mo̍͘h-khang
膨椅,phòng-í,25,phòng-í
膨疱,phòng-phā,25,phòng-phā
膨鼠,phòng-tshí,25,phòng-chhí
膩瓤,jī-nn̂g,25,jī-nn̂g
臀鰭,tûn-kî,25,tûn-kî
臍帶,tsâi-tuà,25,châi-tòa
自轉,tsū-tsuán,25,chū-choán
臭殕,tshàu-phú,25,chhàu-phú
臭氧,tshàu-ióng,25,chhàu-ióng
臺員,tâi-uân,25,tâi-oân
臺地,tâi-tē,25,tâi-tē
臺斤,tâi-kin,25,tâi-kin
臺灣,tâi-uân,25,tâi-oân
舊街,kū-ke,25,kū-ke
舞蹈,bú-tō,25,bú-tō
航運,hâng-ūn,25,hâng-ūn
色光,sik-kng,25,sek-kng
色料,sik-liāu,25,sek-liāu
色環,sik-khuân,25,sek-khoân
色紙,sik-tsuá,25,sek-chóa
色調,sik-tiāu,25,sek-tiāu
色階,sik-kai,25,sek-kai
色點,sik-tiám,25,sek-tiám
花心,hue-sim,25,hoe-sim
花指,hue-tsáinn,25,hoe-cháiⁿ
花柱,hue-tsū,25,hoe-chū
花瓶,hue-pân,25,hoe-pân
花磚,hue-tsng,25,hoe-chng
花粉,hue-hún,25,hoe-hún
花絲,hue-si,25,hoe-si
花萼,hue-go̍k,25,hoe-go̍k
花藥,hue-io̍h,25,hoe-io̍h
花蜜,hue-bi̍t,25,hoe-bi̍t
花鬚,hue-tshiu,25,hoe-chhiu
英里,ing-lí,25,eng-lí
茶罐,tê-kuàn,25,tê-koàn
茶鈷,tê-kóo,25,tê-kó͘
草埔,tsháu-poo,25,chháu-po͘
草字,tshó-jī,25,chhó-jī
草書,tshó-su,25,chhó-su
草本,tsháu-bo̍k,25,chháu-bo̍k
荒島,hong-tó,25,hong-tó
菌種,khún-tsíng,25,khún-chéng
菌絲,khún-si,25,khún-si
菜蟲,tshài-thâng,25,chhài-thâng
萬位,bān-uī,25,bān-ūi
落名,lo̍h-miâ,25,lo̍h-miâ
落實,lo̍k-si̍t,25,lo̍k-si̍t
落肥,lo̍h-puî,25,lo̍h-pûi
葉序,hio̍h-sī,25,hio̍h-sī
葉脈,hio̍h-me̍h,25,hio̍h-me̍h
葉身,hio̍h-sin,25,hio̍h-sin
葉面,hio̍h-bīn,25,hio̍h-bīn
蒸氣,tsing-khì,25,cheng-khì
蒸發,tsing-huat,25,cheng-hoat
薰吹,hun-tshue,25,hun-chhoe
藥方,io̍h-hng,25,io̍h-hng
蘭嶼,lân-sū,25,lân-sū
處方,tshú-hng,25,chhú-hng
處暑,tshù-sú,25,chhù-sú
虛構,hi-kòo,25,hi-kò͘
虛步,hi-pōo,25,hi-pō͘
虹膜,hông-mo̍oh,25,hông-mo̍͘h
虼蚤,ka-tsáu,25,ka-cháu
蛀齒,tsiù-khí,25,chiù-khí
蛆蟲,tshi-thâng,25,chhi-thâng
蜂岫,phang-siū,25,phang-siū
蜂蝦,phang-hê,25,phang-hê
蝕水,si̍t-tsuí,25,si̍t-chúi
蟲豸,thâng-thuā,25,thâng-thōa
蠟質,la̍h-tsit,25,la̍h-chit
血管,hueh-kńg,25,hoeh-kńg
行位,kiânn-uī,25,kiâⁿ-ūi
行書,hîng-su,25,hêng-su
行板,hîng-pán,25,hêng-pán
行步,kiânn-pōo,25,kiâⁿ-pō͘
行經,kiânn-king,25,kiâⁿ-keng
補角,póo-kak,25,pó͘-kak
裝飾,tsong-sik,25,chong-sek
褪殼,thǹg-khak,25,thǹg-khak
褪皮,thǹg-phuê,25,thǹg-phôe
西經,se-king,25,se-keng
西醫,se-i,25,se-i
覓食,bā-tsia̍h,25,bā-chia̍h
視力,sī-li̍k,25,sī-le̍k
視覺,sī-kak,25,sī-kak
視訊,sī-sìn,25,sī-sìn
視野,sī-iá,25,sī-iá
觀星,kuan-tshenn,25,koan-chheⁿ
觀測,kuan-tshik,25,koan-chhek
觀眾,kuan-tsiòng,25,koan-chiòng
角1,kak-it,25,kak-it
角柱,kak-thiāu,25,kak-thiāu
角球,kak-kiû,25,kak-kiû
角錐,kak-tsui,25,kak-chui
角齒,kak-khí,25,kak-khí
解嚴,kái-giâm,25,kái-giâm
解題,kái-tê,25,kái-tê
觱仔,pi-á,25,pi-á
觸覺,tshiok-kak,25,chhiok-kak
觸角,tshiok-kak,25,chhiok-kak
訂做,tīng-tsò,25,tēng-chò
訂定,tīng-tīng,25,tēng-tēng
計時,kè-sî,25,kè-sî
計算,kè-sǹg,25,kè-sǹg
訊息,sìn-sit,25,sìn-sit
記人,kì-lâng,25,kì-lâng
記敘,kì-sū,25,kì-sū
記數,kì-siàu,25,kì-siàu
訪談,hóng-tâm,25,hóng-tâm
設備,siat-pī,25,siat-pī
設問,siat-būn,25,siat-būn
診療,tsín-liâu,25,chín-liâu
註解,tsù-kái,25,chù-kái
評量,phîng-liông,25,phêng-liông
詞句,sû-kù,25,sû-kù
詞彙,sû-luī,25,sû-lūi
詞性,sû-sìng,25,sû-sèng
詞意,sû-ì,25,sû-ì
詞牌,sû-pâi,25,sû-pâi
詞義,sû-gī,25,sû-gī
試管,tshì-kuán,25,chhì-koán
試紙,tshì-tsuá,25,chhì-chóa
詩作,si-tsok,25,si-chok
詩句,si-kù,25,si-kù
詩歌,si-kua,25,si-koa
詩詞,si-sû,25,si-sû
詩選,si-suán,25,si-soán
話縫,uē-phāng,25,ōe-phāng
話蝨,uē-sat,25,ōe-sat
話語,uē-gí,25,ōe-gí
話骨,uē-kut,25,ōe-kut
詳寫,siông-siá,25,siông-siá
誇飾,khua-sik,25,khoa-sek
認字,jīn-jī,25,jīn-jī
語句,gí-kù,25,gí-kù
語境,gí-kíng,25,gí-kéng
語意,gí-ì,25,gí-ì
語調,gí-tiāu,25,gí-tiāu
語譯,gí-i̍k,25,gí-e̍k
誦讀,siōng-tho̍k,25,siōng-tho̍k
說服,suè-ho̍k,25,sòe-ho̍k
說話,sueh-uē,25,soeh-ōe
課室,khò-sik,25,khò-sek
課文,khò-bûn,25,khò-bûn
調式,tiāu-sik,25,tiāu-sek
調性,tiāu-sìng,25,tiāu-sèng
調號,tiāu-hō,25,tiāu-hō
請拳,tshiánn-kûn,25,chhiáⁿ-kûn
請求,tshíng-kiû,25,chhéng-kiû
請願,tshíng-guān,25,chhéng-goān
論據,lūn-kì,25,lūn-kì
論點,lūn-tiám,25,lūn-tiám
諧音,hâi-im,25,hâi-im
謝神,siā-sîn,25,siā-sîn
譀鏡,hàm-kiànn,25,hàm-kiàⁿ
譯者,i̍k-tsiá,25,e̍k-chiá
議會,gī-huē,25,gī-hōe
讀音,tha̍k-im,25,tha̍k-im
讀音,tho̍k-im,25,tho̍k-im
象形,siōng-hîng,25,siōng-hêng
象限,siōng-hān,25,siōng-hān
豪雨,hô-ú,25,hô-ú
負極,hū-ki̍k,25,hū-ke̍k
貢獻,kòng-hiàn,25,kòng-hiàn
貧血,pîn-hiat,25,pîn-hiat
貨幣,huè-pè,25,hòe-pè
貴族,kuì-tso̍k,25,kùi-cho̍k
賣價,bē-kè,25,bē-kè
質數,tsit-sòo,25,chit-sò͘
走壘,tsáu-luí,25,cháu-lúi
起癮,khí-giàn,25,khí-giàn
起酵,khí-kànn,25,khí-kàⁿ
起音,khí-im,25,khí-im
趖莖,sô-king,25,sô-keng
趨壘,tshu-luí,25,chhu-lúi
跤印,kha-ìn,25,kha-ìn
跤尾,kha-bué,25,kha-bóe
跤扒,kha-pê,25,kha-pê
跤球,kha-kiû,25,kha-kiû
跤盤,kha-puânn,25,kha-pôaⁿ
跤跡,kha-jiah,25,kha-jiah
跤馬,kha-bé,25,kha-bé
跳懸,thiàu-kuân,25,thiàu-koân
跳水,thiàu-tsuí,25,thiàu-chúi
跳箱,thiàu-siunn,25,thiàu-siuⁿ
跳進,thiàu-tsìn,25,thiàu-chìn
跳音,thiàu-im,25,thiàu-im
跳馬,thiàu-bé,25,thiàu-bé
踢球,that-kiû,25,that-kiû
車蛆,tshia-tshi,25,chhia-chhi
車轆,tshia-lak,25,chhia-lak
車齒,tshia-khí,25,chhia-khí
軸心,ti̍k-sim,25,te̍k-sim
軸根,ti̍k-kin,25,te̍k-kin
輪仔,lián-á,25,lián-á
輪生,lûn-sing,25,lûn-seng
輻射,hok-siā,25,hok-siā
轉化,tsuán-huà,25,choán-hòa
轉注,tsuán-tsù,25,choán-chù
農業,lông-gia̍p,25,lông-gia̍p
農耕,lông-king,25,lông-keng
近視,kīn-sī,25,kīn-sī
近路,kīn-lōo,25,kīn-lō͘
退化,thè-huà,25,thè-hòa
退流,thè-lâu,25,thè-lâu
途徑,tôo-kìng,25,tô͘-kèng
逗點,tōo-tiám,25,tō͘-tiám
通分,thong-hun,25,thong-hun
通勤,thong-khîn,25,thong-khîn
通婚,thong-hun,25,thong-hun
通書,thong-su,25,thong-su
通訊,thong-sìn,25,thong-sìn
通電,thong-tiān,25,thong-tiān
通鼓,thong-kóo,25,thong-kó͘
速率,sok-lu̍t,25,sok-lu̍t
造句,tsō-kù,25,chō-kù
造型,tsō-hîng,25,chō-hêng
造字,tsō-jī,25,chō-jī
造紙,tsō-tsuá,25,chō-chóa
造船,tsō-tsûn,25,chō-chûn
造詞,tsō-sû,25,chō-sû
連加,liân-ka,25,liân-ka
連比,liân-pí,25,liân-pí
連減,liân-kiám,25,liân-kiám
進位,tsìn-uī,25,chìn-ūi
進攻,tsìn-kong,25,chìn-kong
進貨,tsìn-huè,25,chìn-hòe
遊記,iû-kì,25,iû-kì
運球,ūn-kiû,25,ūn-kiû
過渡,kuè-tōo,25,kòe-tō͘
過電,kuè-tiān,25,kòe-tiān
道家,tō-ka,25,tō-ka
違例,uî-lē,25,ûi-lē
選材,suán-tsâi,25,soán-châi
選舉,suán-kí,25,soán-kí
邊白,pinn-pe̍h,25,piⁿ-pe̍h
邊長,pinn-tn̂g,25,piⁿ-tn̂g
郊商,kau-siong,25,kau-siong
部首,pōo-siú,25,pō͘-siú
郵政,iû-tsìng,25,iû-chèng
郵購,iû-kòo,25,iû-kò͘
鄭經,tēnn-king,25,tēⁿ-keng
鄰長,lîn-tiúnn,25,lîn-tiúⁿ
配偶,phuè-ngóo,25,phòe-ngó͘
配給,phuè-kip,25,phòe-kip
配色,phuè-sik,25,phòe-sek
配角,phuè-kak,25,phòe-kak
配送,phuè-sàng,25,phòe-sàng
配音,phuè-im,25,phòe-im
酒桌,tsiú-toh,25,chiú-toh
酒癮,tsiú-giàn,25,chiú-giàn
酒精,tsiú-tsing,25,chiú-cheng
酸性,sng-sìng,25,sng-sèng
酸雨,sng-hōo,25,sng-hō͘
釋文,sik-bûn,25,sek-bûn
里長,lí-tiúnn,25,lí-tiúⁿ
重力,tiōng-li̍k,25,tiōng-le̍k
重唱,tiông-tshiùnn,25,tiông-chhiùⁿ
重奏,tîng-tsàu,25,têng-chàu
重心,tāng-sim,25,tāng-sim
重量,tāng-liōng,25,tāng-liōng
重音,tāng-im,25,tāng-im
野狗,iá-káu,25,iá-káu
量詞,liōng-sû,25,liōng-sû
金屬,kim-sio̍k,25,kim-sio̍k
針灸,tsiam-kù,25,chiam-kù
針筆,tsiam-pit,25,chiam-pit
針筒,tsiam-tâng,25,chiam-tâng
釣餌,tiò-jī,25,tiò-jī
鈍角,tūn-kak,25,tūn-kak
鈔仔,tshau-á,25,chhau-á
鉛球,iân-kiû,25,iân-kiû
銀票,gîn-phiò,25,gîn-phiò
銀色,gîn-sik,25,gîn-sek
銅管,tâng-kuán,25,tâng-koán
銅線,tâng-suànn,25,tâng-sòaⁿ
鋒面,hong-bīn,25,hong-bīn
錐體,tsui-thé,25,chui-thé
錢仔,tsînn-á,25,chîⁿ-á
錢鼓,tsînn-kóo,25,chîⁿ-kó͘
鏡座,kiànn-tsō,25,kiàⁿ-chō
鏡臂,kiànn-pì,25,kiàⁿ-pì
鐘擺,tsing-pái,25,cheng-pái
鐵路,thih-lōo,25,thih-lō͘
鐵鉼,thih-phiánn,25,thih-phiáⁿ
鑼仔,lô-á,25,lô-á
長度,tn̂g-tōo,25,tn̂g-tō͘
長石,tn̂g-tsio̍h,25,tn̂g-chio̍h
長篇,tn̂g-phinn,25,tn̂g-phiⁿ
長邊,tn̂g-pinn,25,tn̂g-piⁿ
長針,tn̂g-tsiam,25,tn̂g-chiam
門路,mn̂g-lōo,25,mn̂g-lō͘
開仔,khui-á,25,khui-á
開墾,khai-khún,25,khai-khún
開展,khai-tián,25,khai-tián
開球,khui-kiû,25,khui-kiû
開荒,khui-hng,25,khui-hng
開銷,khai-siau,25,khai-siau
閏年,jūn-nî,25,jūn-nî
閬音,làng-im,25,làng-im
闊度,khuah-tōo,25,khoah-tō͘
闊邊,khuah-pinn,25,khoah-piⁿ
關節,kuan-tsat,25,koan-chat
阮琴,guán-khîm,25,goán-khîm
防守,hông-siú,25,hông-siú
防腐,hông-hú,25,hông-hú
防蟲,hông-thâng,25,hông-thâng
防鉎,hông-sian,25,hông-sian
阻礙,tsóo-gāi,25,chó͘-gāi
降冪,kàng-bi̍k,25,kàng-be̍k
除數,tî-sòo,25,tî-sò͘
除法,tî-huat,25,tî-hoat
除號,tî-hō,25,tî-hō
陰道,im-tō,25,im-tō
陵寢,lîng-tshím,25,lêng-chhím
陶器,tô-khì,25,tô-khì
陸運,lio̍k-ūn,25,lio̍k-ūn
陽曆,iông-li̍k,25,iông-le̍k
隊友,tuī-iú,25,tūi-iú
隱喻,ún-jū,25,ún-jū
隱私,ún-su,25,ún-su
隸書,lē-su,25,lē-su
雄流,hiông-lâu,25,hiông-lâu
雙數,siang-sòo,25,siang-sò͘
雙清,siang-tshing,25,siang-chheng
雨林,ú-lîm,25,ú-lîm
雲層,hûn-tsân,25,hûn-chân
雲端,hûn-tuan,25,hûn-toan
雲量,hûn-liōng,25,hûn-liōng
雷射,luî-siā,25,lûi-siā
雷達,luî-ta̍t,25,lûi-ta̍t
雺霧,bông-bū,25,bông-bū
電力,tiān-li̍k,25,tiān-le̍k
電器,tiān-khì,25,tiān-khì
電流,tiān-liû,25,tiān-liû
電球,tiān-kiû,25,tiān-kiû
電線,tiān-suànn,25,tiān-sòaⁿ
電路,tiān-lōo,25,tiān-lō͘
電量,tiān-liōng,25,tiān-liōng
電金,tiān-kim,25,tiān-kim
電鍍,tiān-tōo,25,tiān-tō͘
震央,tsìn-iong,25,chìn-iong
震度,tsìn-tōo,25,chìn-tō͘
震源,tsìn-guân,25,chìn-goân
面布,bīn-pòo,25,bīn-pò͘
革胡,kik-ôo,25,kek-ô͘
音叉,im-tshe,25,im-chhe
音名,im-miâ,25,im-miâ
音感,im-kám,25,im-kám
音懸,im-kuân,25,im-koân
音效,im-hāu,25,im-hāu
音程,im-tîng,25,im-têng
音空,im-khang,25,im-khang
音符,im-hû,25,im-hû
音色,im-sik,25,im-sek
音量,im-liōng,25,im-liōng
音階,im-kai,25,im-kai
音響,im-hióng,25,im-hióng
韻律,ūn-lu̍t,25,ūn-lu̍t
韻跤,ūn-kha,25,ūn-kha
頂底,tíng-té,25,téng-té
頂芽,tíng-gê,25,téng-gê
頂角,tíng-kak,25,téng-kak
頂點,tíng-tiám,25,téng-tiám
順敘,sūn-sū,25,sūn-sū
預覽,ī-lám,25,ī-lám
頓號,tùn-hō,25,tùn-hō
頓蹬,tùn-tenn,25,tùn-teⁿ
領貨,niá-huè,25,niá-hòe
頭對,thâu-tuì,25,thâu-tùi
頭殼,thâu-khak,25,thâu-khak
頭部,thâu-pōo,25,thâu-pō͘
頷垂,ām-sê,25,ām-sê
頷珠,ām-tsu,25,ām-chu
題緣,tê-iân,25,tê-iân
類句,luī-kù,25,lūi-kù
類字,luī-jī,25,lūi-jī
風力,hong-li̍k,25,hong-le̍k
風化,hong-huà,25,hong-hòa
風琴,hong-khîm,25,hong-khîm
風笛,hong-ti̍k,25,hong-te̍k
風能,hong-lîng,25,hong-lêng
風速,hong-sok,25,hong-sok
風邪,hong-siâ,25,hong-siâ
飛盤,hui-puânn,25,hui-pôaⁿ
食療,si̍t-liâu,25,si̍t-liâu
食道,si̍t-tō,25,si̍t-tō
養份,ióng-hūn,25,ióng-hūn
餘數,î-sòo,25,î-sò͘
馬勢,bé-sè,25,bé-sè
駐水,tū-tsuí,25,tū-chúi
驗算,giām-sǹg,25,giām-sǹg
骨折,kut-tsi̍h,25,kut-chi̍h
體力,thé-la̍t,25,thé-la̍t
體溫,thé-un,25,thé-un
體積,thé-tsik,25,thé-chek
體能,thé-lîng,25,thé-lêng
高胡,ko-ôo,25,ko-ô͘
鬚根,tshiu-kin,25,chhiu-kin
鬥句,tàu-kù,25,tàu-kù
魚擛,hî-ia̍t,25,hî-ia̍t
魚栽,hî-tsai,25,hî-chai
魚蝦,hî-hê,25,hî-hê
魚鰓,hî-tshi,25,hî-chhi
鳥類,tsiáu-luī,25,chiáu-lūi
鹼性,kinn-sìng,25,kiⁿ-sèng
鹽水,iâm-tsuí,25,iâm-chúi
鹿皮,lo̍k-phuê,25,lo̍k-phôe
鹿茸,lo̍k-jiông,25,lo̍k-jiông
黃疸,n̂g-thán,25,n̂g-thán
點著,tiám-to̍h,25,tiám-to̍h
鼻覺,phīnn-kak,25,phīⁿ-kak
齊頭,tsê-thâu,25,chê-thâu
齒模,khí-bôo,25,khí-bô͘
齒輪,khí-lûn,25,khí-lûn
山,peh-suann,25,peh-soaⁿ
𠕇度,tīng-tōo,25,tēng-tō͘
𠢕人,gâu-lâng,25,gâu-lâng
𡳞核,lān-hu̍t,25,lān-hu̍t
𡳞脬,lān-pha,25,lān-pha
𥰔仔,phín-á,25,phín-á
𩛩肥,kauh-puî,25,kauh-pûi
卵清,nn̄g-tshing,20,nn̄g-chheng
水尾,tsuí-bué,20,chúi-bóe
琵琶,pî-pê,20,pî-pê
a小調,a-sió-tiāu,16,a-sió-tiāu
ba-sóng管,ba-sóng-kuán,16,ba-sóng-koán
bai-óo-lín,bai-óo-lín,16,bai-ó͘-lín
bî-tá-bín,bî-tá-bín,16,bî-tá-bín
ga-sóo-lín,ga-sóo-lín,16,ga-só͘-lín
goo-lú-huh,goo-lú-huh,16,go͘-lú-huh
gu-lá-muh,gu-lá-muh,16,gu-lá-muh
gí仔組,gí-á-tsoo,16,gí-á-cho͘
ha̋n-tóo-luh,ha̋n-tóo-luh,16,hăn-tó͘-luh
hoo-lú-bóng,hoo-lú-bóng,16,ho͘-lú-bóng
hőng-mú-láng,hőng-mú-láng,16,hŏng-mú-láng
mooh-tah船,mooh-tah-tsûn,16,mo͘h-tah-chûn
oo-lín-gióo,oo-lín-gióo,16,o͘-lín-gió͘
pha-siàn-tooh,pha-siàn-tooh,16,pha-siàn-to͘h
pha̋-siàn-tòo,pha̋-siàn-tòo,16,phă-siàn-tò͘
phi-á-nooh,phi-á-nooh,16,phi-á-no͘h
si-á-geh,si-á-geh,16,si-á-geh
the-ní-suh,the-ní-suh,16,the-ní-suh
thoo-má-tooh,thoo-má-tooh,16,tho͘-má-to͘h
ua-lú-tsuh,ua-lú-tsuh,16,oa-lú-chuh
一位數,tsi̍t-uī-sòo,16,chi̍t-ūi-sò͘
一年仔,it-nî-á,16,it-nî-á
一年級,it-nî-kip,16,it-nî-kip
一等星,it-tíng-tshenn,16,it-téng-chheⁿ
一胎化,it-thai-huà,16,it-thai-hòa
一貫道,it-kuàn-tō,16,it-koàn-tō
七巧板,tshit-khá-pán,16,chhit-khá-pán
七月半,tshit-gue̍h-puànn,16,chhit-goe̍h-pòaⁿ
七角柱,tshit-kak-thiāu,16,chhit-kak-thiāu
七邊形,tshit-pinn-hîng,16,chhit-piⁿ-hêng
三位數,sann-uī-sòo,16,saⁿ-ūi-sò͘
三八拍,sam-pat-phik,16,sam-pat-phek
三原色,sann-guân-sik,16,saⁿ-goân-sek
三合院,sann-ha̍p-īnn,16,saⁿ-ha̍p-īⁿ
三和絃,sann-hô-hiân,16,saⁿ-hô-hiân
三四拍,sam-sù-phik,16,sam-sù-phek
三年仔,sann-nî-á,16,saⁿ-nî-á
三年級,sann-nî-kip,16,saⁿ-nî-kip
三斑蠓,sam-pan-báng,16,sam-pan-báng
三稜鏡,sann-lîng-kiànn,16,saⁿ-lêng-kiàⁿ
三等星,sam-tíng-tshenn,16,sam-téng-chheⁿ
三角尺,sann-kak-tshioh,16,saⁿ-kak-chhioh
三角柱,sann-kak-thiāu,16,saⁿ-kak-thiāu
三角洲,sann-kak-tsiu,16,saⁿ-kak-chiu
三角琴,sann-kak-khîm,16,saⁿ-kak-khîm
三角肌,sann-kak-ki,16,saⁿ-kak-ki
三部曲,sann-pōo-khik,16,saⁿ-pō͘-khek
上下文,siōng-hā-bûn,16,siōng-hā-bûn
上元暝,siōng-guân-mê,16,siōng-goân-mê
上勾拳,siōng-kau-kûn,16,siōng-kau-kûn
上店窗,tshiūnn-tiàm-thang,16,chhiūⁿ-tiàm-thang
下四管,ē-sì-kuán,16,ē-sì-koán
下弦月,hā-hiân-gue̍h,16,hā-hiân-goe̍h
不定根,put-tīng-kin,16,put-tēng-kin
並列句,pīng-lia̍t-kù,16,pēng-lia̍t-kù
中位數,tiong-uī-sòo,16,tiong-ūi-sò͘
中子數,tiong-tsú-sòo,16,tiong-chú-sò͘
中年期,tiong-liân-kî,16,tiong-liân-kî
中心點,tiong-sim-tiám,16,tiong-sim-tiám
中慢板,tiong-bān-pán,16,tiong-bān-pán
中提琴,tiong-thê-khîm,16,tiong-thê-khîm
中氣層,tiong-khì-tsân,16,tiong-khì-chân
中生代,tiong-sing-tāi,16,tiong-seng-tāi
中秋節,tiong-tshiu-tseh,16,tiong-chhiu-cheh
中耳炎,tiong-hīnn-iām,16,tiong-hīⁿ-iām
主人房,tsú-lâng-pâng,16,chú-lâng-pâng
主機枋,tsú-ki-pang,16,chú-ki-pang
乘法表,sîng-huat-pió,16,sêng-hoat-pió
九龍杯,kiú-liông-pue,16,kiú-liông-poe
二二拍,jī-jī-phik,16,jī-jī-phek
二位數,jī-uī-sòo,16,jī-ūi-sò͘
二分法,jī-hun-huat,16,jī-hun-hoat
二名法,jī-bîng-huat,16,jī-bêng-hoat
二四拍,jī-sù-phik,16,jī-sù-phek
二等星,jī-tíng-tshenn,16,jī-téng-chheⁿ
二重唱,jī-tiông-tshiùnn,16,jī-tiông-chhiùⁿ
五線譜,gōo-suànn-phóo,16,gō͘-sòaⁿ-phó͘
五角柱,gōo-kak-thiāu,16,gō͘-kak-thiāu
五角錐,gōo-kak-tsui,16,gō͘-kak-chui
五車二,ngóo-ki-jī,16,ngó͘-ki-jī
五邊形,gōo-pinn-hîng,16,gō͘-piⁿ-hêng
五重奏,ngóo-tîng-tsàu,16,ngó͘-têng-chàu
亞麻布,a-muâ-pòo,16,a-môa-pò͘
交叉步,kau-tshe-pōo,16,kau-chhe-pō͘
人造虹,jîn-tsō-khīng,16,jîn-chō-khēng
人造雨,jîn-tsō-hōo,16,jîn-chō-hō͘
人馬座,jîn-má-tsō,16,jîn-má-chō
仙女座,sian-lí-tsō,16,sian-lí-chō
仰角度,gióng-kak-tōo,16,gióng-kak-tō͘
伐木業,hua̍t-bo̍k-gia̍p,16,hoa̍t-bo̍k-gia̍p
休止符,hiu-tsí-hû,16,hiu-chí-hû
伯勞仔,pit-lô-á,16,pit-lô-á
佈稻仔,pòo-tiū-á,16,pò͘-tiū-á
位值表,uī-ta̍t-pió,16,ūi-ta̍t-pió
低音管,kē-im-kuán,16,kē-im-koán
作曲家,tsok-khik-ka,16,chok-khek-ka
便藥仔,piān-io̍h-á,16,piān-io̍h-á
俗語話,sio̍k-gí-uē,16,sio̍k-gí-ōe
保齡球,pó-lîng-kiû,16,pó-lêng-kiû
修辭法,siu-sû-huat,16,siu-sû-hoat
修飾性,siu-sik-sìng,16,siu-sek-sèng
個位數,kò-uī-sòo,16,kò-ūi-sò͘
倍數表,puē-sòo-pió,16,pōe-sò͘-pió
倍革胡,puē-kik-ôo,16,pōe-kek-ô͘
倒反句,tò-píng-kù,16,tò-péng-kù
倒吊蓮,tò-tiàu-liân,16,tò-tiàu-liân
倒徛騰,tò-khiā-thîng,16,tò-khiā-thêng
倒敘法,tò-sū-huat,16,tò-sū-hoat
假分數,ké-hun-sòo,16,ké-hun-sò͘
假設句,ká-siat-kù,16,ká-siat-kù
健身房,kiān-sin-pâng,16,kiān-sin-pâng
側併步,tshik-pìng-pōo,16,chhek-pèng-pō͘
側勾拳,tshik-kau-kûn,16,chhek-kau-kûn
傀儡戲,ka-lé-hì,16,ka-lé-hì
傳教士,thuân-kàu-sū,16,thoân-kàu-sū
傳染病,thuân-jiám-pēnn,16,thoân-jiám-pēⁿ
傳電性,tshuân-tiān-sìng,16,chhoân-tiān-sèng
光影戲,kng-iánn-hì,16,kng-iáⁿ-hì
光碟機,kong-tia̍p-ki,16,kong-tia̍p-ki
免疫力,bián-i̍k-li̍k,16,bián-e̍k-le̍k
兒童期,jî-tông-kî,16,jî-tông-kî
兒童節,jî-tông-tseh,16,jî-tông-cheh
入侵種,ji̍p-tshim-tsíng,16,ji̍p-chhim-chéng
入射角,ji̍p-siā-kak,16,ji̍p-siā-kak
內分泌,lāi-hun-pì,16,lāi-hun-pì
內切圓,lāi-tshiat-înn,16,lāi-chhiat-îⁿ
內場景,lāi-tiûnn-kíng,16,lāi-tiûⁿ-kéng
內服藥,luē-ho̍k-io̍h,16,lōe-ho̍k-io̍h
內角和,lāi-kak-hô,16,lāi-kak-hô
內錯角,lāi-tshok-kak,16,lāi-chhok-kak
全壘打,tsuân-luí-tánn,16,choân-lúi-táⁿ
全球性,tsuân-kiû-sìng,16,choân-kiû-sèng
全部量,tsuân-pōo-liōng,16,choân-pō͘-liōng
全音符,tsuân-im-hû,16,choân-im-hû
兩棲類,lióng-tshe-luī,16,lióng-chhe-lūi
八堡圳,pat-pó-tsùn,16,pat-pó-chùn
八月節,peh-gue̍h-tseh,16,peh-goe̍h-cheh
八角柱,peh-kak-thiāu,16,peh-kak-thiāu
八角錐,peh-kak-tsui,16,peh-kak-chui
八邊形,peh-pinn-hîng,16,peh-piⁿ-hêng
八音團,pat-im-thuân,16,pat-im-thoân
公佈欄,kong-pòo-nuâ,16,kong-pò͘-nôa
公倍數,kong-puē-sòo,16,kong-pōe-sò͘
公切線,kong-tshiat-suànn,16,kong-chhiat-sòaⁿ
公因數,kong-in-sòo,16,kong-in-sò͘
公學校,kong-ha̍k-hāu,16,kong-ha̍k-hāu
公聽會,kong-thiann-huē,16,kong-thiaⁿ-hōe
六等星,lio̍k-tíng-tshenn,16,lio̍k-téng-chheⁿ
六角柱,la̍k-kak-thiāu,16,la̍k-kak-thiāu
六角錐,la̍k-kak-tsui,16,la̍k-kak-chui
六邊形,la̍k-pinn-hîng,16,la̍k-piⁿ-hêng
冬尾天,tang-bué-thinn,16,tang-bóe-thiⁿ
冷氣團,líng-khì-thuân,16,léng-khì-thoân
冷空氣,líng-khong-khì,16,léng-khong-khì
冷色系,líng-sik-hē,16,léng-sek-hē
出生率,tshut-sing-lu̍t,16,chhut-seng-lu̍t
分公升,hun-kong-tsin,16,hun-kong-chin
分數倍,hun-sòo-puē,16,hun-sò͘-pōe
分肺管,hun-hì-kńg,16,hun-hì-kńg
分貝器,hun-puè-khì,16,hun-pòe-khì
分貝計,hun-puè-kè,16,hun-pòe-kè
分配律,hun-phuè-lu̍t,16,hun-phòe-lu̍t
切分音,tshiat-hun-im,16,chhiat-hun-im
切結書,tshiat-kiat-su,16,chhiat-kiat-su
列舉法,lia̍t-kí-huat,16,lia̍t-kí-hoat
列表法,lia̍t-pió-huat,16,lia̍t-pió-hoat
判別式,phuànn-pia̍t-sik,16,phòaⁿ-pia̍t-sek
刪節號,san-tsiat-hō,16,san-chiat-hō
刺查某,tshià-tsa-bóo,16,chhià-cha-bó͘
創作者,tshòng-tsok-tsiá,16,chhòng-chok-chiá
加工業,ka-kang-gia̍p,16,ka-kang-gia̍p
助燃性,tsōo-jiân-sìng,16,chō͘-jiân-sèng
助燃物,tsōo-jiân-bu̍t,16,chō͘-jiân-bu̍t
動態感,tōng-thài-kám,16,tōng-thài-kám
動滑輪,tōng-ku̍t-lûn,16,tōng-ku̍t-lûn
動物園,tōng-bu̍t-hn̂g,16,tōng-bu̍t-hn̂g
化學家,huà-ha̍k-ka,16,hòa-ha̍k-ka
北半球,pak-puànn-kiû,16,pak-pòaⁿ-kiû
北極圈,pak-ki̍k-khuan,16,pak-ke̍k-khoan
北極星,pak-ki̍k-tshenn,16,pak-ke̍k-chheⁿ
北河三,pak-hô-sann,16,pak-hô-saⁿ
北河二,pak-hô-jī,16,pak-hô-jī
北管樂,pak-kuán-ga̍k,16,pak-koán-ga̍k
區公所,khu-kong-sóo,16,khu-kong-só͘
十億位,tsa̍p-ik-uī,16,cha̍p-ek-ūi
十分位,tsa̍p-hun-uī,16,cha̍p-hun-ūi
十萬位,tsa̍p-bān-uī,16,cha̍p-bān-ūi
十角柱,tsa̍p-kak-thiāu,16,cha̍p-kak-thiāu
千億位,tshing-ik-uī,16,chheng-ek-ūi
千分位,tshian-hun-uī,16,chhian-hun-ūi
千萬位,tshing-bān-uī,16,chheng-bān-ūi
半立體,puànn-li̍p-thé,16,pòaⁿ-li̍p-thé
半草楷,puànn-tshó-khái,16,pòaⁿ-chhó-khái
半行走,puànn-kiânn-tsáu,16,pòaⁿ-kiâⁿ-cháu
協奏曲,hia̍p-tsàu-khik,16,hia̍p-chàu-khek
南北管,lâm-pak-kuán,16,lâm-pak-koán
南半球,lâm-puànn-kiû,16,lâm-pòaⁿ-kiû
南極圈,lâm-ki̍k-khuan,16,lâm-ke̍k-khoan
南河三,lâm-hô-sann,16,lâm-hô-saⁿ
南管樂,lâm-kuán-ga̍k,16,lâm-koán-ga̍k
博愛座,phok-ài-tsō,16,phok-ài-chō
博物館,phok-bu̍t-kuán,16,phok-bu̍t-koán
印刷術,ìn-suat-su̍t,16,ìn-soat-su̍t
印表機,ìn-pió-ki,16,ìn-pió-ki
卵胎生,luán-thai-sing,16,loán-thai-seng
厚水期,kāu-tsuí-kî,16,kāu-chúi-kî
原因法,guân-in-huat,16,goân-in-hoat
原子筆,guân-tsú-pit,16,goân-chú-pit
去倒走,khì-tò-tsáu,16,khì-tò-cháu
參考體,tsham-khó-thé,16,chham-khó-thé
反光枋,huán-kng-pang,16,hoán-kng-pang
反光鏡,huán-kng-kiànn,16,hoán-kng-kiàⁿ
反射光,huán-siā-kng,16,hoán-siā-kng
反經石,huán-king-tsio̍h,16,hoán-keng-chio̍h
反義詞,huán-gī-sû,16,hoán-gī-sû
反霸凌,huán-pà-lîng,16,hoán-pà-lêng
取消鍵,tshú-siau-kiān,16,chhú-siau-kiān
取消齒,tshú-siau-khí,16,chhú-siau-khí
受精卵,siū-tsing-luán,16,siū-cheng-loán
口服藥,kháu-ho̍k-io̍h,16,kháu-ho̍k-io̍h
口蹄疫,kháu-tê-i̍k,16,kháu-tê-e̍k
口風琴,kháu-hong-khîm,16,kháu-hong-khîm
古典舞,kóo-tián-bú,16,kó͘-tián-bú
古典詩,kóo-tián-si,16,kó͘-tián-si
古文明,kóo-bûn-bîng,16,kó͘-bûn-bêng
古蘭經,kóo-lân-king,16,kó͘-lân-keng
可燃物,khó-jiân-bu̍t,16,khó-jiân-bu̍t
司法院,su-huat-īnn,16,su-hoat-īⁿ
合唱團,ha̍p-tshiùnn-thuânn,16,ha̍p-chhiùⁿ-thôaⁿ
合唱曲,ha̍p-tshiùnn-khik,16,ha̍p-chhiùⁿ-khek
合奏曲,ha̍p-tsàu-khik,16,ha̍p-chàu-khek
合體字,ha̍p-thé-jī,16,ha̍p-thé-jī
吊䘥仔,tiàu-kah-á,16,tiàu-kah-á
吊鬼仔,tiàu-kuí-á,16,tiàu-kúi-á
同位角,tông-uī-kak,16,tông-ūi-kak
同樂會,tông-lo̍k-huē,16,tông-lo̍k-hōe
同類詞,tông-luī-sû,16,tông-lūi-sû
吸水紙,khip-tsuí-tsuá,16,khip-chúi-chóa
呼應法,hoo-ìng-huat,16,ho͘-èng-hoat
和目鏡,hô-ba̍k-kiànn,16,hô-ba̍k-kiàⁿ
咸豐草,hâm-hong-tsháu,16,hâm-hong-chháu
哭調仔,khàu-tiāu-á,16,khàu-tiāu-á
商調式,siong-tiāu-sik,16,siong-tiāu-sek
問候語,būn-hāu-gí,16,būn-hāu-gí
喇叭喙,lá-pah-tshuì,16,lá-pah-chhùi
喙空癌,tshuì-khang-gâm,16,chhùi-khang-gâm
喙食物,tshuì-tsia̍h-mi̍h,16,chhùi-chia̍h-mi̍h
喙齒根,tshuì-khí-kin,16,chhùi-khí-kin
單簧管,tan-hông-kuán,16,tan-hông-koán
器樂曲,khì-ga̍k-khik,16,khì-ga̍k-khek
四位數,sì-uī-sòo,16,sì-ūi-sò͘
四四拍,sù-sù-phik,16,sù-sù-phek
四字詞,sì-jī-sû,16,sì-jī-sû
四弦琴,sì-hiân-khîm,16,sì-hiân-khîm
四等星,sì-tíng-tshenn,16,sì-téng-chheⁿ
四角柱,sì-kak-thiāu,16,sì-kak-thiāu
四角錐,sì-kak-tsui,16,sì-kak-chui
四重奏,sù-tîng-tsàu,16,sù-têng-chàu
因果句,in-kó-kù,16,in-kó-kù
囡仔兄,gín-á-hiann,16,gín-á-hiaⁿ
囡仔冊,gín-á-tsheh,16,gín-á-chheh
囡仔古,gín-á-kóo,16,gín-á-kó͘
囡仔姊,gín-á-tsí,16,gín-á-chí
囡仔戲,gín-á-hì,16,gín-á-hì
囡仔書,gín-á-tsu,16,gín-á-chu
囡仔歌,gín-á-kua,16,gín-á-koa
囡仔魚,gín-á-hî,16,gín-á-hî
囡仔齣,gín-á-tshut,16,gín-á-chhut
固定點,kòo-tīng-tiám,16,kò͘-tēng-tiám
國姓爺,kok-sìng-iâ,16,kok-sèng-iâ
國慶日,kok-khìng-ji̍t,16,kok-khèng-ji̍t
國際化,kok-tsè-huà,16,kok-chè-hòa
圓周率,înn-tsiu-lu̍t,16,îⁿ-chiu-lu̍t
圓周長,înn-tsiu-tn̂g,16,îⁿ-chiu-tn̂g
圓形圖,înn-hîng-tôo,16,îⁿ-hêng-tô͘
圓扇形,înn-sìnn-hîng,16,îⁿ-sìⁿ-hêng
圓柱體,înn-thiāu-thé,16,îⁿ-thiāu-thé
圓栱門,uân-kong-mn̂g,16,oân-kong-mn̂g
圓滑線,înn-ku̍t-suànn,16,îⁿ-ku̍t-sòaⁿ
圓箍仔,înn-khoo-á,16,îⁿ-kho͘-á
圓舞曲,înn-bú-khik,16,îⁿ-bú-khek
圓面積,înn-bīn-tsik,16,îⁿ-bīn-chek
圓鼓吹,înn-kóo-tshue,16,îⁿ-kó͘-chhoe
土風舞,thóo-hong-bú,16,thó͘-hong-bú
地下水,tē-hā-tsuí,16,tē-hā-chúi
地下莖,tē-hā-king,16,tē-hā-keng
地動帶,tē-tāng-tài,16,tē-tāng-tài
地平面,tē-pîng-bīn,16,tē-pêng-bīn
地球儀,tē-kiû-gî,16,tē-kiû-gî
地表水,tē-piáu-tsuí,16,tē-piáu-chúi
坪仔田,pênn-á-tshân,16,pêⁿ-á-chhân
培養皿,puê-ióng-bíng,16,pôe-ióng-béng
基準量,ki-tsún-liōng,16,ki-chún-liōng
塗觱哹,thôo-pi-pu,16,thô͘-pi-pu
壯丁團,tsòng-ting-thuân,16,chòng-teng-thoân
壯年期,tsòng-liân-kî,16,chòng-liân-kî
外來語,guā-lâi-gí,16,gōa-lâi-gí
外接圓,guā-tsiap-înn,16,gōa-chiap-îⁿ
多位數,to-uī-sòo,16,to-ūi-sò͘
多元化,to-guân-huà,16,to-goân-hòa
多樣性,to-iūnn-sìng,16,to-iūⁿ-sèng
多邊形,to-pinn-hîng,16,to-piⁿ-hêng
多音字,to-im-jī,16,to-im-jī
多項式,to-hāng-sik,16,to-hāng-sek
夜行性,iā-hîng-sìng,16,iā-hêng-sèng
大gí仔,tuā-gí-á,16,tōa-gí-á
大人齒,tuā-lâng-khí,16,tōa-lâng-khí
大前鋒,tuā-tsiân-hong,16,tōa-chiân-hong
大口家,tuā-kháu-ke,16,tōa-kháu-ke
大口灶,tuā-kháu-tsàu,16,tōa-kháu-chàu
大坌坑,tuā-pūn-khenn,16,tōa-pūn-kheⁿ
大家口,tuā-ke-kháu,16,tōa-ke-kháu
大家庭,tuā-ka-tîng,16,tōa-ka-têng
大提琴,tuā-thê-khîm,16,tōa-thê-khîm
大朝年,tuā-tiâu-nî,16,tōa-tiâu-nî
大氣層,tāi-khì-tsân,16,tāi-khì-chân
大水蟻,tuā-tsuí-hiā,16,tōa-chúi-hiā
大洋洲,tāi-iûnn-tsiu,16,tāi-iûⁿ-chiu
大犬座,tāi-khián-tsō,16,tāi-khián-chō
大獵祭,tuā-la̍h-tsè,16,tōa-la̍h-chè
大紅花,tuā-âng-hue,16,tōa-âng-hoe
大肚仔,tuā-tōo-á,16,tōa-tō͘-á
大腸癌,tuā-tn̂g-gâm,16,tōa-tn̂g-gâm
大自然,tāi-tsū-jiân,16,tāi-chū-jiân
大賣場,tuā-bē-tiûnn,16,tōa-bē-tiûⁿ
大車齒,tuā-tshia-khí,16,tōa-chhia-khí
大鍵琴,tuā-kiān-khîm,16,tōa-kiān-khîm
大阮琴,tuā-guán-khîm,16,tōa-goán-khîm
大陸島,tāi-lio̍k-tó,16,tāi-lio̍k-tó
大齒輪,tuā-khí-lûn,16,tōa-khí-lûn
天兔座,thinn-thòo-tsō,16,thiⁿ-thò͘-chō
天文台,thian-bûn-tâi,16,thian-bûn-tâi
天氣圖,thinn-khì-tôo,16,thiⁿ-khì-tô͘
天津四,thian-tin-sì,16,thian-tin-sì
天然氣,thian-jiân-khì,16,thian-jiân-khì
天狼星,thian-lông-tshenn,16,thian-lông-chheⁿ
天琴座,thian-khîm-tsō,16,thian-khîm-chō
天竺葵,thian-tiok-khuê,16,thian-tiok-khôe
天蠍座,thian-giat-tsō,16,thian-giat-chō
天鵝座,thinn-gô-tsō,16,thiⁿ-gô-chō
天鷹座,thian-ing-tsō,16,thian-eng-chō
太極拳,thài-ki̍k-kûn,16,thài-ke̍k-kûn
太空人,thài-khong-jîn,16,thài-khong-jîn
太空船,thài-khong-tsûn,16,thài-khong-chûn
太陽能,thài-iông-lîng,16,thài-iông-lêng
夾注號,kiap-tsù-hō,16,kiap-chù-hō
女低音,lí-kē-im,16,lí-kē-im
女高音,lí-ko-im,16,lí-ko-im
好朋友,hó-pîng-iú,16,hó-pêng-iú
子午針,tsú-ngóo-tsiam,16,chú-ngó͘-chiam
子宮頭,tsú-kiong-thâu,16,chú-kiong-thâu
字劃數,jī-ue̍h-sòo,16,jī-oe̍h-sò͘
字條仔,jī-tiâu-á,16,jī-tiâu-á
孢子囊,pau-tsí-lông,16,pau-chí-lông
守門員,siú-mn̂g-uân,16,siú-mn̂g-oân
完全數,uân-tsuân-sòo,16,oân-choân-sò͘
完美數,uân-bí-sòo,16,oân-bí-sò͘
宗親會,tsong-tshin-huē,16,chong-chhin-hōe
定位枋,tīng-uī-pang,16,tēng-ūi-pang
定滑輪,tīng-ku̍t-lûn,16,tēng-ku̍t-lûn
定音鼓,tīng-im-kóo,16,tēng-im-kó͘
客家人,kheh-ka-lâng,16,kheh-ka-lâng
室內樂,sik-lāi-ga̍k,16,sek-lāi-ga̍k
室女座,sik-lú-tsō,16,sek-lú-chō
室宿一,sik-siù-it,16,sek-siù-it
室宿二,sik-siù-jī,16,sek-siù-jī
宮廷舞,kiong-tîng-bú,16,kiong-têng-bú
宮調式,kiong-tiāu-sik,16,kiong-tiāu-sek
密密生,ba̍t-ba̍t-senn,16,ba̍t-ba̍t-seⁿ
寒人,kuânn--lâng,16,kôaⁿ--lâng
寒著,kuânn--tio̍h,16,kôaⁿ--tio̍h
實驗室,si̍t-giām-sik,16,si̍t-giām-sek
實驗組,si̍t-giām-tsoo,16,si̍t-giām-cho͘
專業化,tsuan-gia̍p-huà,16,choan-gia̍p-hòa
對半分,tuì-puànn-pun,16,tùi-pòaⁿ-pun
對反詞,tuì-huán-sû,16,tùi-hoán-sû
對應角,tuì-ìng-kak,16,tùi-èng-kak
對應邊,tuì-ìng-pinn,16,tùi-èng-piⁿ
對應點,tuì-ìng-tiám,16,tùi-èng-tiám
對拗剪,tuì-áu-tsián,16,tùi-áu-chián
對比色,tuì-pí-sik,16,tùi-pí-sek
對照組,tuì-tsiàu-tsoo,16,tùi-chiàu-cho͘
對照表,tuì-tsiàu-pió,16,tùi-chiàu-pió
對稱角,tuì-tshìng-kak,16,tùi-chhèng-kak
對稱邊,tuì-tshìng-pinn,16,tùi-chhèng-piⁿ
對稱點,tuì-tshìng-tiám,16,tùi-chhèng-tiám
對角線,tuì-kak-suànn,16,tùi-kak-sòaⁿ
對頂角,tuì-tíng-kak,16,tùi-téng-kak
小作家,sió-tsok-ka,16,sió-chok-ka
小前鋒,sió-tsiân-hong,16,sió-chiân-hong
小喇叭,sió-lá-pah,16,sió-lá-pah
小學校,sió-ha̍k-hāu,16,sió-ha̍k-hāu
小快板,sió-khuài-pán,16,sió-khoài-pán
小提琴,sió-thê-khîm,16,sió-thê-khîm
小數倍,sió-sòo-puē,16,sió-sò͘-pōe
小數點,sió-sòo-tiám,16,sió-sò͘-tiám
小朋友,sió-pîng-iú,16,sió-pêng-iú
小犬座,siáu-khián-tsō,16,siáu-khián-chō
小白菜,sió-pe̍h-tshài,16,sió-pe̍h-chhài
小節線,sió-tsiat-suànn,16,sió-chiat-sòaⁿ
小行板,sió-hîng-pán,16,sió-hêng-pán
小雨燕,sió-ú-iàn,16,sió-ú-iàn
少囝化,tsió-kiánn-huà,16,chió-kiáⁿ-hòa
少子化,siáu-tsú-huà,16,siáu-chú-hòa
尖仔尾,tsiam-á-bué,16,chiam-á-bóe
尪仔仁,ang-á-jîn,16,ang-á-jîn
尪仔冊,ang-á-tsheh,16,ang-á-chheh
尪仔頭,ang-á-thâu,16,ang-á-thâu
屈尺角,khut-tshioh-kak,16,khut-chhioh-kak
山坡地,suann-pho-tē,16,soaⁿ-pho-tē
山櫻花,suann-ing-hue,16,soaⁿ-eng-hoe
山水畫,san-suí-uē,16,san-súi-ōe
山烏鶖,suann-oo-tshiu,16,soaⁿ-o͘-chhiu
山瑞香,suann-suī-hiong,16,soaⁿ-sūi-hiong
山藥薯,suann-io̍h-tsî,16,soaⁿ-io̍h-chî
工作列,kang-tsok-lia̍t,16,kang-chok-lia̍t
工務局,kang-bū-kio̍k,16,kang-bū-kio̍k
工商業,kang-siong-gia̍p,16,kang-siong-gia̍p
工業區,kang-gia̍p-khu,16,kang-gia̍p-khu
工藝品,kang-gē-phín,16,kang-gē-phín
巨蟹座,kī-hāi-tsō,16,kī-hāi-chō
市公所,tshī-kong-sóo,16,chhī-kong-só͘
市政府,tshī-tsìng-hú,16,chhī-chèng-hú
市議會,tshī-gī-huē,16,chhī-gī-hōe
帶分數,tài-hun-sòo,16,tài-hun-sò͘
帶原者,tài-guân-tsiá,16,tài-goân-chiá
帶小數,tài-sió-sòo,16,tài-sió-sò͘
幌振動,hàinn-tín-tāng,16,hàiⁿ-tín-tāng
干擾素,kan-jiáu-sòo,16,kan-jiáu-sò͘
平均數,pîng-kin-sòo,16,pêng-kin-sò͘
平常年,pîng-siông-nî,16,pêng-siông-nî
平方根,pîng-hong-kin,16,pêng-hong-kin
平行線,pîng-hîng-suànn,16,pêng-hêng-sòaⁿ
平行脈,pîng-hîng-me̍h,16,pêng-hêng-me̍h
平衡感,pîng-hîng-kám,16,pêng-hêng-kám
平衡木,pîng-hîng-bo̍k,16,pêng-hêng-bo̍k
平飛球,pênn-pue-kiû,16,pêⁿ-poe-kiû
幼兒期,iù-jî-kî,16,iù-jî-kî
幼葉仔,iù-hio̍h-á,16,iù-hio̍h-á
幾點半,kuí-tiám-puànn,16,kúi-tiám-pòaⁿ
底邊長,té-pinn-tn̂g,16,té-piⁿ-tn̂g
底面積,té-bīn-tsik,16,té-bīn-chek
弓仔秤,king-á-tshìn,16,keng-á-chhìn
弓箭步,king-tsìnn-pōo,16,keng-chìⁿ-pō͘
弦切角,hiân-tshiat-kak,16,hiân-chhiat-kak
弦樂器,hiân-ga̍k-khì,16,hiân-ga̍k-khì
弦樂團,hiân-ga̍k-thuân,16,hiân-ga̍k-thoân
弱起拍,jio̍k-khí-phik,16,jio̍k-khí-phek
彈鋼琴,tuânn-kǹg-khîm,16,tôaⁿ-kǹg-khîm
形聲字,hîng-siann-jī,16,hêng-siaⁿ-jī
彩色筆,tshái-sik-pit,16,chhái-sek-pit
徛直線,khiā-ti̍t-suànn,16,khiā-ti̍t-sòaⁿ
御夫座,gū-hu-tsō,16,gū-hu-chō
微生物,bî-sing-bu̍t,16,bî-seng-bu̍t
微生菌,bî-sing-khún,16,bî-seng-khún
徵調式,tí-tiāu-sik,16,tí-tiāu-sek
心宿二,sim-siok-jī,16,sim-siok-jī
心智圖,sim-tì-tôo,16,sim-tì-tô͘
心絞疼,sim-ká-thiànn,16,sim-ká-thiàⁿ
心臟病,sim-tsōng-pēnn,16,sim-chōng-pēⁿ
志工隊,tsì-kang-tuī,16,chì-kang-tūi
快速鍵,khuài-sok-kiān,16,khoài-sok-kiān
快速齒,khuài-sok-khí,16,khoài-sok-khí
性侵害,sìng-tshim-hāi,16,sèng-chhim-hāi
性命力,sènn-miā-li̍k,16,sèⁿ-miā-le̍k
性教育,sìng-kàu-io̍k,16,sèng-kàu-io̍k
性霸凌,sìng-pà-lîng,16,sèng-pà-lêng
性騷擾,sìng-so-jiáu,16,sèng-so-jiáu
恆春城,hîng-tshun-siânn,16,hêng-chhun-siâⁿ
想像力,sióng-siōng-li̍k,16,sióng-siōng-le̍k
愛滋病,ài-tsu-pēnn,16,ài-chu-pēⁿ
感嘆號,kám-thàn-hō,16,kám-thàn-hō
感想法,kám-sióng-huat,16,kám-sióng-hoat
感著,kám--tio̍h,16,kám--tio̍h
慢性病,bān-sìng-pēnn,16,bān-sèng-pēⁿ
慣用跤,kuàn-iōng-kha,16,koàn-iōng-kha
懸度角,kuân-tōo-kak,16,koân-tō͘-kak
懸發球,kuân-huat-kiû,16,koân-hoat-kiû
懸閣強,kuân-koh-kiông,16,koân-koh-kiông
懸飛球,kuân-pue-kiû,16,koân-poe-kiû
成年期,sîng-liân-kî,16,sêng-liân-kî
成年禮,sîng-liân-lé,16,sêng-liân-lé
成正比,sîng-tsìng-pí,16,sêng-chèng-pí
戒嚴令,kài-giâm-līng,16,kài-giâm-lēng
戲尪仔,hì-ang-á,16,hì-ang-á
手工包,tshiú-kang-pau,16,chhiú-kang-pau
手工業,tshiú-kang-gia̍p,16,chhiú-kang-gia̍p
手搖鈴,tshiú-iô-lîng,16,chhiú-iô-lêng
手風琴,tshiú-hong-khîm,16,chhiú-hong-khîm
打耳祭,tá-ní-tsè,16,tá-ní-chè
托體能,thuh-thé-lîng,16,thuh-thé-lêng
投影片,tâu-iánn-phìnn,16,tâu-iáⁿ-phìⁿ
投票率,tâu-phiò-lu̍t,16,tâu-phiò-lu̍t
抗力臂,khòng-li̍k-pì,16,khòng-le̍k-pì
抗力點,khòng-li̍k-tiám,16,khòng-le̍k-tiám
折仔戲,tsiat-á-hì,16,chiat-á-hì
折線圖,tsiat-suànn-tôo,16,chiat-sòaⁿ-tô͘
抽象畫,thiu-siōng-uē,16,thiu-siōng-ōe
抾字紙,khioh-jī-tsuá,16,khioh-jī-chóa
拋物線,phau-bu̍t-suànn,16,phau-bu̍t-sòaⁿ
拍喙鼓,phah-tshuì-kóo,16,phah-chhùi-kó͘
拍噗仔,phah-pho̍k-á,16,phah-pho̍k-á
拍官司,phah-kuann-si,16,phah-koaⁿ-si
拍拍器,phah-phik-khì,16,phah-phek-khì
拍風雷,phah-hong-luî,16,phah-hong-lûi
拼貼法,phing-tah-huat,16,pheng-tah-hoat
拼貼畫,phing-tah-uē,16,pheng-tah-ōe
指北極,tsí-pak-ki̍k,16,chí-pak-ke̍k
指北針,tsí-pak-tsiam,16,chí-pak-chiam
指南極,tsí-lâm-ki̍k,16,chí-lâm-ke̍k
指南針,tsí-lâm-tsiam,16,chí-lâm-chiam
指揮家,tsí-hui-ka,16,chí-hui-ka
指揮法,tsí-hui-huat,16,chí-hui-hoat
指數律,tsí-sòo-lu̍t,16,chí-sò͘-lu̍t
指示劑,tsí-sī-tse,16,chí-sī-che
指示藥,tsí-sī-io̍h,16,chí-sī-io̍h
挺水性,thíng-tsuí-sìng,16,théng-chúi-sèng
捋仔田,lua̍h-á-tshân,16,loa̍h-á-chhân
捙畚斗,tshia-pùn-táu,16,chhia-pùn-táu
排水溝,pâi-tsuí-kau,16,pâi-chúi-kau
掖種祭,iā-tsíng-tsè,16,iā-chéng-chè
掠篙泅,lia̍h-ko-siû,16,lia̍h-ko-siû
探墓厝,thàm-bōng-tshù,16,thàm-bōng-chhù
接力賽,tsiap-li̍k-sài,16,chiap-le̍k-sài
接物鏡,tsiap-bu̍t-kiànn,16,chiap-bu̍t-kiàⁿ
接目鏡,tsiap-bo̍k-kiànn,16,chiap-bo̍k-kiàⁿ
接觸力,tsiap-tshiok-li̍k,16,chiap-chhiok-le̍k
接觸面,tsiap-tshiok-bīn,16,chiap-chhiok-bīn
控制鈕,khòng-tsè-liú,16,khòng-chè-liú
插敘法,tshah-sū-huat,16,chhah-sū-hoat
插畫家,tshah-uē-ka,16,chhah-ōe-ka
揣對象,tshuē-tuì-siōng,16,chhōe-tùi-siōng
搖頭丸,iô-thâu-uân,16,iô-thâu-oân
摩擦力,môo-tshat-li̍k,16,mô͘-chhat-le̍k
撇頓點,phiat-tùn-tiám,16,phiat-tùn-tiám
擊樂器,kik-ga̍k-khì,16,kek-ga̍k-khì
擬人化,gí-jîn-huà,16,gí-jîn-hòa
擬人法,gí-jîn-huat,16,gí-jîn-hoat
收納袋,siu-la̍p-tē,16,siu-la̍p-tē
放大圖,hòng-tuā-tôo,16,hòng-tōa-tô͘
放水燈,pàng-tsuí-ting,16,pàng-chúi-teng
敏捷度,bín-tsia̍t-tōo,16,bín-chia̍t-tō͘
敏捷性,bín-tsia̍t-sìng,16,bín-chia̍t-sèng
敘述句,sū-su̍t-kù,16,sū-su̍t-kù
教師節,kàu-su-tseh,16,kàu-su-cheh
散文集,suànn-bûn-tsi̍p,16,sòaⁿ-bûn-chi̍p
整十倍,tsíng-tsa̍p-puē,16,chéng-cha̍p-pōe
整數倍,tsíng-sòo-puē,16,chéng-sò͘-pōe
整百倍,tsíng-pah-puē,16,chéng-pah-pōe
數字線,sòo-jī-suànn,16,sò͘-jī-sòaⁿ
文言文,bûn-giân-bûn,16,bûn-giân-bûn
斜對角,tshua̍h-tuì-kak,16,chhoa̍h-tùi-kak
斜糕形,tshiâ-ko-hîng,16,chhiâ-ko-hêng
新住民,sin-tsū-bîn,16,sin-chū-bîn
新朋友,sin-pîng-iú,16,sin-pêng-iú
新港文,sin-káng-bûn,16,sin-káng-bûn
新移民,sin-î-bîn,16,sin-î-bîn
新𥰔仔,sin-phín-á,16,sin-phín-á
方位盤,hong-uī-puânn,16,hong-ūi-pôaⁿ
方位角,hong-uī-kak,16,hong-ūi-kak
方向性,hong-hiòng-sìng,16,hong-hiòng-sèng
方向盤,hong-hiòng-puânn,16,hong-hiòng-pôaⁿ
方解石,hong-kái-tsio̍h,16,hong-kái-chio̍h
施力臂,si-li̍k-pì,16,si-le̍k-pì
施力點,si-li̍k-tiám,16,si-le̍k-tiám
旋轉角,suân-tsuán-kak,16,soân-choán-kak
日本海,ji̍t-pún-hái,16,ji̍t-pún-hái
日頭光,ji̍t-thâu-kng,16,ji̍t-thâu-kng
星期制,sing-kî-tsè,16,seng-kî-chè
時計果,sî-kè-kó,16,sî-kè-kó
景氣䆀,kíng-khì-bái,16,kéng-khì-bái
暈染法,ūn-jiám-huat,16,ūn-jiám-hoat
暖氣團,luán-khì-thuân,16,loán-khì-thoân
暖空氣,luán-khong-khì,16,loán-khong-khì
暖色系,luán-sik-hē,16,loán-sek-hē
暖色調,luán-sik-tiāu,16,loán-sek-tiāu
曲棍球,khiok-kùn-kiû,16,khiok-kùn-kiû
書名號,su-bîng-hō,16,su-bêng-hō
曹公圳,tsô-kong-tsùn,16,chô-kong-chùn
月偏蝕,gue̍h-phian-sit,16,goe̍h-phian-sit
月全蝕,gue̍h-tsuân-sit,16,goe̍h-choân-sit
有理化,iú-lí-huà,16,iú-lí-hòa
有雄卵,ū-hîng-nn̄g,16,ū-hêng-nn̄g
服務業,ho̍k-bū-gia̍p,16,ho̍k-bū-gia̍p
木刻版,bo̍k-khik-pán,16,bo̍k-khek-pán
木心枋,bo̍k-sim-pang,16,bo̍k-sim-pang
木本莖,bo̍k-pún-king,16,bo̍k-pún-keng
未知數,bī-ti-sòo,16,bī-ti-sò͘
末啟詞,bua̍t-khé-sû,16,boa̍t-khé-sû
東半球,tang-puànn-kiû,16,tang-pòaⁿ-kiû
枋仔畫,pang-á-uē,16,pang-á-ōe
果子類,kué-tsí-luī,16,kóe-chí-lūi
染印法,ní-ìn-huat,16,ní-ìn-hoat
柔軟度,jiû-nńg-tōo,16,jiû-nńg-tō͘
柝仔板,kho̍k-á-pán,16,kho̍k-á-pán
查字典,tshâ-jī-tián,16,chhâ-jī-tián
查音表,tshâ-im-pió,16,chhâ-im-pió
柱仔形,thiāu-á-hîng,16,thiāu-á-hêng
柱仔頭,thiāu-á-thâu,16,thiāu-á-thâu
根莖類,kin-king-luī,16,kin-keng-lūi
格仔枋,keh-á-pang,16,keh-á-pang
條件句,tiâu-kiānn-kù,16,tiâu-kiāⁿ-kù
棲息地,tshe-sik-tē,16,chhe-sek-tē
植物欉,si̍t-bu̍t-tsâng,16,si̍t-bu̍t-châng
樂府詩,ga̍k-hú-si,16,ga̍k-hú-si
欣賞曲,him-sióng-khik,16,him-sióng-khek
欶水紙,suh-tsuí-tsuá,16,suh-chúi-chóa
歕喙仔,pûn-tshuì-á,16,pûn-chhùi-á
歡送詞,huan-sàng-sû,16,hoan-sàng-sû
殼仔絃,khak-á-hiân,16,khak-á-hiân
比例尺,pí-lē-tshioh,16,pí-lē-chhioh
比率圖,pí-lu̍t-tôo,16,pí-lu̍t-tô͘
比較量,pí-kàu-liōng,16,pí-kàu-liōng
毫公升,hô-kong-tsin,16,hô-kong-chin
民族舞,bîn-tso̍k-bú,16,bîn-cho̍k-bú
氟化物,hut-huà-bu̍t,16,hut-hòa-bu̍t
氣溫計,khì-un-kè,16,khì-un-kè
氣生根,khì-sing-kin,16,khì-seng-kin
氣象局,khì-siōng-kio̍k,16,khì-siōng-kio̍k
水墨畫,tsuí-ba̍k-uē,16,chúi-ba̍k-ōe
水墨紙,tsuí-ba̍k-tsuá,16,chúi-ba̍k-chóa
水彩畫,tsuí-tshái-uē,16,chúi-chhái-ōe
水彩筆,tsuí-tshái-pit,16,chúi-chhái-pit
水果類,tsuí-kó-luī,16,chúi-kó-lūi
水溶液,tsuí-iông-i̍k,16,chúi-iông-e̍k
水燈節,tsuí-ting-tseh,16,chúi-teng-cheh
水蜈蚣,tsuí-giâ-kang,16,chúi-giâ-kang
水資源,tsuí-tsu-guân,16,chúi-chu-goân
水雞泅,tsuí-ke-siû,16,chúi-ke-siû
沈葆楨,sím-pó-tsing,16,sím-pó-cheng
沉水性,tîm-tsuí-sìng,16,tîm-chúi-sèng
沖沖滾,tshiâng-tshiâng-kún,16,chhiâng-chhiâng-kún
油脂類,iû-tsi-luī,16,iû-chi-lūi
法國號,huat-kok-hō,16,hoat-kok-hō
泡棉膠,phàu-mî-ka,16,phàu-mî-ka
注射筒,tsù-siā-tâng,16,chù-siā-tâng
注意力,tsù-ì-li̍k,16,chù-ì-le̍k
洗衫粉,sé-sann-hún,16,sé-saⁿ-hún
流浪狗,liû-lōng-káu,16,liû-lōng-káu
流線型,liû-suànn-hîng,16,liû-sòaⁿ-hêng
浮葉性,phû-hio̍h-sìng,16,phû-hio̍h-sèng
海蝕崁,hái-si̍t-khàm,16,hái-si̍t-khàm
海蝕洞,hái-si̍t-tōng,16,hái-si̍t-tōng
消水溝,siau-tsuí-kau,16,siau-chúi-kau
消費者,siau-huì-tsiá,16,siau-hùi-chiá
消防局,siau-hông-kio̍k,16,siau-hông-kio̍k
消防栓,siau-hông-sng,16,siau-hông-sng
添加物,thiam-ka-bu̍t,16,thiam-ka-bu̍t
清真寺,tshing-tsin-sī,16,chheng-chin-sī
渲染法,suàn-jiám-huat,16,soàn-jiám-hoat
湳仔地,làm-á-tē,16,làm-á-tē
溶去,iûnn--khì,16,iûⁿ--khì
溶氧量,iûnn-ióng-liōng,16,iûⁿ-ióng-liōng
溶解量,iông-kái-liōng,16,iông-kái-liōng
滯留鋒,tī-liû-hong,16,tī-liû-hong
滾藥水,kún-io̍h-tsuí,16,kún-io̍h-chúi
演化論,ián-huà-lūn,16,ián-hòa-lūn
演奏曲,ián-tsàu-khik,16,ián-chàu-khek
漚去,àu--khì,16,àu--khì
漢文化,hàn-bûn-huà,16,hàn-bûn-hòa
潑水節,phuah-tsuí-tseh,16,phoah-chúi-cheh
澹水地,tâm-tsuí-tē,16,tâm-chúi-tē
激骨話,kik-kut-uē,16,kek-kut-ōe
濟歲人,tsē-huè-lâng,16,chē-hòe-lâng
濫色紙,lām-sik-tsuá,16,lām-sek-chóa
火山島,hué-suann-tó,16,hóe-soaⁿ-tó
火燒雲,hué-sio-hûn,16,hóe-sio-hûn
火車路,hué-tshia-lōo,16,hóe-chhia-lō͘
烏焦蛇,oo-ta-tsuâ,16,o͘-ta-chôa
烏笛仔,oo-ta̍t-á,16,o͘-ta̍t-á
烏跤病,oo-kha-pēnn,16,o͘-kha-pēⁿ
烏雉雞,oo-thī-ke,16,o͘-thī-ke
烏𪐞紅,oo-tòo-âng,16,o͘-tò͘-âng
無人島,bû-jîn-tó,16,bû-jîn-tó
無線電,bô-suànn-tiān,16,bô-sòaⁿ-tiān
無退位,bô-thè-uī,16,bô-thè-ūi
無進位,bô-tsìn-uī,16,bô-chìn-ūi
焦水期,ta-tsuí-kî,16,ta-chúi-kî
焦涸涸,ta-khok-khok,16,ta-khok-khok
焦燥劑,ta-sò-tse,16,ta-sò-che
焦電池,ta-tiān-tî,16,ta-tiān-tî
熔去,iûnn--khì,16,iûⁿ--khì
熱人,jua̍h--lâng,16,joa̍h--lâng
熱傳導,jia̍t-thuân-tō,16,jia̍t-thoân-tō
熱對流,jia̍t-tuì-liû,16,jia̍t-tùi-liû
燃素說,jiân-sòo-suat,16,jiân-sò͘-soat
燈仔花,ting-á-hue,16,teng-á-hoe
燒空氣,sio-khong-khì,16,sio-khong-khì
營養份,îng-ióng-hūn,16,êng-ióng-hūn
營養素,îng-ióng-sòo,16,êng-ióng-sò͘
父親節,hū-tshin-tseh,16,hū-chhin-cheh
牙周病,gê-tsiu-pēnn,16,gê-chiu-pēⁿ
牙菌斑,gê-khún-pan,16,gê-khún-pan
牛郎星,gû-nn̂g-tshenn,16,gû-nn̂g-chheⁿ
牧夫座,bo̍k-hu-tsō,16,bo̍k-hu-chō
狗齒仔,káu-khí-á,16,káu-khí-á
獅仔座,sai-á-tsō,16,sai-á-chō
獵戶座,la̍h-hōo-tsō,16,la̍h-hō͘-chō
玻片夾,po-phìnn-ngeh,16,po-phìⁿ-ngeh
玻璃紙,po-lê-tsuá,16,po-lê-chóa
現代化,hiān-tāi-huà,16,hiān-tāi-hòa
現代舞,hiān-tāi-bú,16,hiān-tāi-bú
現代詩,hiān-tāi-si,16,hiān-tāi-si
瑠公圳,liû-kong-tsùn,16,liû-kong-chùn
甚快板,sīm-khuài-pán,16,sīm-khoài-pán
生刀草,tshenn-to-tsháu,16,chheⁿ-to-chháu
生理期,sing-lí-kî,16,seng-lí-kî
生產線,sing-sán-suànn,16,seng-sán-sòaⁿ
生產者,sing-sán-tsiá,16,seng-sán-chiá
甲狀腺,kah-tsōng-suànn,16,kah-chōng-sòaⁿ
男中音,lâm-tiong-im,16,lâm-tiong-im
男低音,lâm-kē-im,16,lâm-kē-im
留言枋,lâu-giân-pang,16,lâu-giân-pang
畜牧業,thiok-bo̍k-gia̍p,16,thiok-bo̍k-gia̍p
畢宿五,pit-siù-gōo,16,pit-siù-gō͘
畫圖紙,uē-tôo-tsuá,16,ōe-tô͘-chóa
疑問句,gî-būn-kù,16,gî-būn-kù
病原體,pēnn-guân-thé,16,pēⁿ-goân-thé
病媒蠓,pēnn-muî-báng,16,pēⁿ-mûi-báng
登革熱,ting-kik-jia̍t,16,teng-kek-jia̍t
發電機,huat-tiān-ki,16,hoat-tiān-ki
發電量,huat-tiān-liōng,16,hoat-tiān-liōng
白糊仔,pe̍h-kôo-á,16,pe̍h-kô͘-á
白羊座,pe̍h-iûnn-tsō,16,pe̍h-iûⁿ-chō
白話文,pe̍h-uē-bûn,16,pe̍h-ōe-bûn
白話詩,pe̍h-uē-si,16,pe̍h-ōe-si
白黏膠,pe̍h-liâm-ka,16,pe̍h-liâm-ka
百位數,pah-uī-sòo,16,pah-ūi-sò͘
百億位,pah-ik-uī,16,pah-ek-ūi
百分位,pah-hun-uī,16,pah-hun-ūi
百分比,pah-hun-pí,16,pah-hun-pí
百家姓,pik-ka-sènn,16,pek-ka-sèⁿ
百數表,pah-sòo-pió,16,pah-sò͘-pió
百萬位,pah-bān-uī,16,pah-bān-ūi
皮猴戲,phuê-kâu-hì,16,phôe-kâu-hì
皮脂腺,phuê-tsi-suànn,16,phôe-chi-sòaⁿ
皮膚色,phuê-hu-sik,16,phôe-hu-sek
監察院,kàm-tshat-īnn,16,kàm-chhat-īⁿ
監護人,kàm-hōo-jîn,16,kàm-hō͘-jîn
目版畫,ba̍k-pán-uē,16,ba̍k-pán-ōe
直排輪,ti̍t-pâi-lûn,16,ti̍t-pâi-lûn
直角柱,ti̍t-kak-thiāu,16,ti̍t-kak-thiāu
直轄市,ti̍t-hat-tshī,16,ti̍t-hat-chhī
相交叉,sio-kau-tshe,16,sio-kau-chhe
相倚邊,sio-uá-pinn,16,sio-óa-piⁿ
相拍電,sio-phah-tiān,16,sio-phah-tiān
相閃球,sio-siám-kiû,16,sio-siám-kiû
省水器,síng-tsuí-khì,16,séng-chúi-khì
眉形月,bî-hîng-gue̍h,16,bî-hêng-goe̍h
真分數,tsin-hun-sòo,16,chin-hun-sò͘
真珠枋,tsin-tsu-pang,16,chin-chu-pang
短文集,té-bûn-tsi̍p,16,té-bûn-chi̍p
短除法,té-tî-huat,16,té-tî-hoat
短𥰔仔,té-phín-á,16,té-phín-á
矮靈祭,é-lîng-tsè,16,é-lêng-chè
石灰水,tsio̍h-hue-tsuí,16,chio̍h-hoe-chúi
石版畫,tsi̍oh-pán-uē,16,chio̍h-pán-ōe
硩年錢,teh-nî-tsînn,16,teh-nî-chîⁿ
磁力線,tsû-li̍k-suànn,16,chû-le̍k-sòaⁿ
礦物質,khòng-bu̍t-tsit,16,khòng-bu̍t-chit
社交舞,siā-kau-bú,16,siā-kau-bú
祈使句,kî-sú-kù,16,kî-sú-kù
祖靈祭,tsóo-lîng-tsè,16,chó͘-lêng-chè
祝福語,tsiok-hok-gí,16,chiok-hok-gí
神主牌,sîn-tsú-pâi,16,sîn-chú-pâi
禮拜制,lé-pài-tsè,16,lé-pài-chè
禮拜堂,lé-pài-tn̂g,16,lé-pài-tn̂g
禽流感,khîm-liû-kám,16,khîm-liû-kám
科學家,kho-ha̍k-ka,16,kho-ha̍k-ka
種小名,tsíng-sió-miâ,16,chéng-sió-miâ
空手道,khang-tshiú-tō,16,khang-chhiú-tō
空氣柱,khong-khì-thiāu,16,khong-khì-thiāu
空白鍵,khàng-pe̍h-kiān,16,khàng-pe̍h-kiān
空白齒,khàng-pe̍h-khí,16,khàng-pe̍h-khí
空間感,khong-kan-kám,16,khong-kan-kám
穿線器,tshng-suànn-khì,16,chhng-sòaⁿ-khì
立法院,li̍p-huat-īnn,16,li̍p-hoat-īⁿ
竹篙舞,tik-ko-bú,16,tek-ko-bú
竹籐藝,tik-tîn-gē,16,tek-tîn-gē
笛仔聲,ta̍t-á-siann,16,ta̍t-á-siaⁿ
等壓線,tíng-ap-suànn,16,téng-ap-sòaⁿ
答喙鼓,tap-tshuì-kóo,16,tap-chhùi-kó͘
管樂器,kuán-ga̍k-khì,16,koán-ga̍k-khì
管樂團,kuán-ga̍k-thuân,16,koán-ga̍k-thoân
管樂隊,kuán-ga̍k-tuī,16,koán-ga̍k-tūi
管絃樂,kuán-hiân-ga̍k,16,koán-hiân-ga̍k
管風琴,kuán-hong-khîm,16,koán-hong-khîm
節奏感,tsiat-tsàu-kám,16,chiat-chàu-kám
粉蠟筆,hún-la̍h-pit,16,hún-la̍h-pit
粗瓷器,tshoo-huî-khì,16,chho͘-hûi-khì
糞埽場,pùn-sò-tiûnn,16,pùn-sò-tiûⁿ
紅目墘,âng-ba̍k-kînn,16,âng-ba̍k-kîⁿ
紅目症,âng-ba̍k-tsìng,16,âng-ba̍k-chèng
紅紫色,âng-tsí-sik,16,âng-chí-sek
紅銅線,âng-tâng-suànn,16,âng-tâng-sòaⁿ
純女聲,sûn-lí-siann,16,sûn-lí-siaⁿ
純小數,sûn-sió-sòo,16,sûn-sió-sò͘
純樂器,sûn-ga̍k-khì,16,sûn-ga̍k-khì
純男聲,sûn-lâm-siann,16,sûn-lâm-siaⁿ
紗仔衫,se-á-sann,16,se-á-saⁿ
紙尪仔,tsuá-ang-á,16,chóa-ang-á
紙黏塗,tsuá-liâm-thôo,16,chóa-liâm-thô͘
索仔步,soh-á-pōo,16,soh-á-pō͘
紫外線,tsí-guā-suànn,16,chí-gōa-sòaⁿ
細gí仔,sè-gí-á,16,sè-gí-á
細車齒,sè-tshia-khí,16,sè-chhia-khí
細齒輪,sè-khí-lûn,16,sè-khí-lûn
紲接寫,suà-tsiap-siá,16,sòa-chiap-siá
終止線,tsiong-tsí-suànn,16,chiong-chí-sòaⁿ
結合律,kiat-ha̍p-lu̍t,16,kiat-ha̍p-lu̍t
結合線,kiat-ha̍p-suànn,16,kiat-ha̍p-sòaⁿ
結核病,kiat-hu̍t-pēnn,16,kiat-hu̍t-pēⁿ
結構圖,kiat-kòo-tôo,16,kiat-kò͘-tô͘
結膜炎,kiat-mo̍oh-iām,16,kiat-mo̍͘h-iām
絕對值,tsua̍t-tuì-ta̍t,16,choa̍t-tùi-ta̍t
絕緣體,tsua̍t-iân-thé,16,choa̍t-iân-thé
統計圖,thóng-kè-tôo,16,thóng-kè-tô͘
統計表,thóng-kè-pió,16,thóng-kè-pió
經倒,kenn--tó,16,keⁿ--tó
綠島鄉,li̍k-tó-hiong,16,le̍k-tó-hiong
綠建築,li̍k-kiàn-tio̍k,16,le̍k-kiàn-tio̍k
維生素,uî-sing-sòo,16,ûi-seng-sò͘
維管束,uî-kńg-sok,16,ûi-kńg-sok
網狀脈,bāng-tsōng-me̍h,16,bāng-chōng-me̍h
線段圖,suànn-tuānn-tôo,16,sòaⁿ-tōaⁿ-tô͘
線逝圖,suànn-tsuā-tôo,16,sòaⁿ-chōa-tô͘
縣政府,kuān-tsìng-hú,16,koān-chèng-hú
縣議會,kuān-gī-huē,16,koān-gī-hōe
縮小圖,sok-sió-tôo,16,sok-sió-tô͘
總督府,tsóng-tok-hú,16,chóng-tok-hú
織女星,tsit-lí-tshenn,16,chit-lí-chheⁿ
罰球區,hua̍t-kiû-khu,16,hoa̍t-kiû-khu
美術館,bí-su̍t-kuán,16,bí-su̍t-koán
羽調式,ú-tiāu-sik,16,ú-tiāu-sek
習寫字,si̍p-siá-jī,16,si̍p-siá-jī
考試院,khó-tshì-īnn,16,khó-chhì-īⁿ
耳空吱,hīnn-khang-ki,16,hīⁿ-khang-ki
耶誕節,iâ-tàn-tseh,16,iâ-tàn-cheh
聯合國,liân-ha̍p-kok,16,liân-ha̍p-kok
聽故事,thiann-kòo-sū,16,thiaⁿ-kò͘-sū
肉粽節,bah-tsàng-tseh,16,bah-chàng-cheh
肌耐力,ki-nāi-li̍k,16,ki-nāi-le̍k
肝包油,kuann-pau-iû,16,koaⁿ-pau-iû
肝硬化,kuann-ngē-huà,16,koaⁿ-ngē-hòa
肺活量,hì-ua̍h-liōng,16,hì-oa̍h-liōng
胃腸炎,uī-tn̂g-iām,16,ūi-tn̂g-iām
背風面,puē-hong-bīn,16,pōe-hong-bīn
胎兒期,thai-jî-kî,16,thai-jî-kî
胎生栽,thai-sing-tsai,16,thai-seng-chai
胎生苗,thai-sing-biâu,16,thai-seng-biâu
胰島素,î-tó-sòo,16,î-tó-sò͘
脫氧劑,thuat-ióng-tse,16,thoat-ióng-che
腐蝕性,hú-si̍t-sìng,16,hú-si̍t-sèng
腦中風,náu-tiòng-hong,16,náu-tiòng-hong
腰子病,io-tsí-pēnn,16,io-chí-pēⁿ
腸病毒,tn̂g-pēnn-to̍k,16,tn̂g-pēⁿ-to̍k
膨尾鼠,phòng-bué-tshí,16,phòng-bóe-chhí
膨紗衫,phòng-se-sann,16,phòng-se-saⁿ
自然段,tsū-jiân-tuānn,16,chū-jiân-tōaⁿ
自然界,tsū-jiân-kài,16,chū-jiân-kài
自由球,tsū-iû-kiû,16,chū-iû-kiû
自輪車,tsū-lián-tshia,16,chū-lián-chhia
自轉車,tsū-tsuán-tshia,16,chū-choán-chhia
臭去,tshàu--khì,16,chhàu--khì
臭柿仔,tshàu-khī-á,16,chhàu-khī-á
臺灣島,tâi-uân-tó,16,tâi-oân-tó
色鉛筆,sik-iân-pit,16,sek-iân-pit
芭蕾舞,pa-lê-bú,16,pa-lê-bú
花菜類,hue-tshài-luī,16,hoe-chhài-lūi
花蓮溪,hua-liân-khe,16,hoa-liân-khe
英仙座,ing-sian-tsō,16,eng-sian-chō
英國管,ing-kok-kuán,16,eng-kok-koán
茭白筍,kha-pe̍h-sún,16,kha-pe̍h-sún
草本莖,tsháu-pún-king,16,chháu-pún-keng
荷蘭人,hô-lân-lâng,16,hô-lân-lâng
菜蔬類,tshài-se-luī,16,chhài-se-lūi
華氏,huâ--sī,16,hôa--sī
萬分位,bān-hun-uī,16,bān-hun-ūi
落地掃,lo̍h-tē-sàu,16,lo̍h-tē-sàu
落山風,lo̍h-suann-hong,16,lo̍h-soaⁿ-hong
葉仔形,hio̍h-á-hîng,16,hio̍h-á-hêng
葉仔柄,hio̍h-á-pènn,16,hio̍h-á-pèⁿ
葉仔邊,hio̍h-á-pinn,16,hio̍h-á-piⁿ
葉菜類,hio̍h-tshài-luī,16,hio̍h-chhài-lūi
葵扇形,khuê-sìnn-hîng,16,khôe-sìⁿ-hêng
蒸氣機,tsing-khì-ki,16,cheng-khì-ki
蔬菜類,soo-tshài-luī,16,so͘-chhài-lūi
薄鹽酸,po̍h-iâm-sng,16,po̍h-iâm-sng
藏書票,tsông-su-phiò,16,chông-su-phiò
號頭聲,hō-thâu-siann,16,hō-thâu-siaⁿ
虹吸瓶,hông-khip-pân,16,hông-khip-pân
蛤仔泅,kap-á-siû,16,kap-á-siû
蜂仔炮,phang-á-phàu,16,phang-á-phàu
蠓仔薰,báng-á-hun,16,báng-á-hun
蠓仔香,báng-á-hiunn,16,báng-á-hiuⁿ
行政院,hîng-tsìng-īnn,16,hêng-chèng-īⁿ
街路圖,ke-lōo-tôo,16,ke-lō͘-tô͘
表演者,piáu-ián-tsiá,16,piáu-ián-chiá
表面積,piáu-bīn-tsik,16,piáu-bīn-chek
衫仔弓,sann-á-king,16,saⁿ-á-keng
衫仔架,sann-á-kè,16,saⁿ-á-kè
衫架仔,sann-kè-á,16,saⁿ-kè-á
被乘數,pī-sîng-sòo,16,pī-sêng-sò͘
被加數,pī-ka-sòo,16,pī-ka-sò͘
被減數,pī-kiám-sòo,16,pī-kiám-sò͘
被除數,pī-tî-sòo,16,pī-tî-sò͘
裝飾音,tsong-sik-im,16,chong-sek-im
製造業,tsè-tsō-gia̍p,16,chè-chō-gia̍p
西半球,sai-puànn-kiû,16,sai-pòaⁿ-kiû
西卡紙,se-khah-tsuá,16,se-khah-chóa
西螺溪,sai-lê-khe,16,sai-lê-khe
覆水泅,phak-tsuí-siû,16,phak-chúi-siû
規律性,kui-lu̍t-sìng,16,kui-lu̍t-sèng
視星等,sī-tshenn-tíng,16,sī-chheⁿ-téng
觀光業,kuan-kong-gia̍p,16,koan-kong-gia̍p
觀察力,kuan-tshat-li̍k,16,koan-chhat-le̍k
角調式,kak-tiāu-sik,16,kak-tiāu-sek
解嚴令,kái-giâm-līng,16,kái-giâm-lēng
解析度,kái-sik-tōo,16,kái-sek-tō͘
計時器,kè-sî-khì,16,kè-sî-khì
計算式,kè-sǹg-sik,16,kè-sǹg-sek
記敘文,kì-sū-bûn,16,kì-sū-bûn
設問法,siat-būn-huat,16,siat-būn-hoat
設計圖,siat-kè-tôo,16,siat-kè-tô͘
設計師,siat-kè-su,16,siat-kè-su
設計感,siat-kè-kám,16,siat-kè-kám
設計者,siat-kè-tsiá,16,siat-kè-chiá
註解號,tsù-kái-hō,16,chù-kái-hō
認讀字,jīn-tha̍k-jī,16,jīn-tha̍k-jī
語言列,gí-giân-lia̍t,16,gí-giân-lia̍t
語體文,gí-thé-bûn,16,gí-thé-bûn
調節輪,tiâu-tsiat-lûn,16,tiâu-chiat-lûn
議論文,gī-lūn-bûn,16,gī-lūn-bûn
變奏曲,piàn-tsàu-khik,16,piàn-chàu-khek
豬肝色,ti-kuann-sik,16,ti-koaⁿ-sek
賊仔星,tsha̍t-á-tshenn,16,chha̍t-á-chheⁿ
質因數,tsit-in-sòo,16,chit-in-sò͘
赤尾鮐,tshiah-bué-tai,16,chhiah-bóe-tai
赤崁樓,tshiah-khàm-lâu,16,chhiah-khàm-lâu
走相掠,tsáu-sio-lia̍h,16,cháu-sio-lia̍h
走相逐,tsáu-sio-jiok,16,cháu-sio-jiok
超距力,tshiau-kī-li̍k,16,chhiau-kī-le̍k
超連結,tshiau-liân-kiat,16,chhiau-liân-kiat
跙流籠,tshū-liû-lông,16,chhū-liû-lông
跤踏車,kha-ta̍h-tshia,16,kha-ta̍h-chhia
跳索仔,thiàu-soh-á,16,thiàu-soh-á
踢踏舞,that-ta̍h-bú,16,that-ta̍h-bú
身份證,sin-hūn-tsìng,16,sin-hūn-chèng
身軀身,sin-khu-sin,16,sin-khu-sin
車齒組,tshia-khí-tsoo,16,chhia-khí-cho͘
軸半徑,ti̍k-puànn-kìng,16,te̍k-pòaⁿ-kèng
載物臺,tsài-bu̍t-tâi,16,chài-bu̍t-tâi
輪半徑,lián-puànn-kìng,16,lián-pòaⁿ-kèng
轉大人,tńg-tuā-lâng,16,tńg-tōa-lâng
轉折句,tsuán-tsiat-kù,16,choán-chiat-kù
轉折號,tsuán-tsiat-hō,16,choán-chiat-hō
轉踅盤,tńg-se̍h-puânn,16,tńg-se̍h-pôaⁿ
農作物,lông-tsok-bu̍t,16,lông-chok-bu̍t
農民曆,lông-bîn-li̍k,16,lông-bîn-le̍k
退片鈕,thè-phìnn-liú,16,thè-phìⁿ-liú
透大風,thàu-tuā-hong,16,thàu-tōa-hong
透視法,thàu-sī-huat,16,thàu-sī-hoat
造字法,tsō-jī-huat,16,chō-jī-hoat
連接號,liân-tsiap-hō,16,liân-chiap-hō
連接詞,liân-tsiap-sû,16,liân-chiap-sû
連紲音,liân-suà-im,16,liân-sòa-im
連結線,liân-kiat-suànn,16,liân-kiat-sòaⁿ
連貫句,liân-kuàn-kù,16,liân-koàn-kù
連通管,liân-thong-kóng,16,liân-thong-kóng
進行曲,tsìn-hîng-khik,16,chìn-hêng-khek
運動埕,ūn-tōng-tiânn,16,ūn-tōng-tiâⁿ
運動場,ūn-tōng-tiûnn,16,ūn-tōng-tiûⁿ
運動會,ūn-tōng-huē,16,ūn-tōng-hōe
運動量,ūn-tōng-liōng,16,ūn-tōng-liōng
運筆法,ūn-pit-huat,16,ūn-pit-hoat
過境鳥,kuè-kíng-tsiáu,16,kòe-kéng-chiáu
過年錢,kuè-nî-tsînn,16,kòe-nî-chîⁿ
過敏原,kuè-bín-guân,16,kòe-bín-goân
過渡句,kuè-tōo-kù,16,kòe-tō͘-kù
過渡段,kuè-tōo-tuānn,16,kòe-tō͘-tōaⁿ
選擇句,suán-ti̍k-kù,16,soán-te̍k-kù
部份量,pōo-hūn-liōng,16,pō͘-hūn-liōng
都市化,too-tshī-huà,16,to͘-chhī-hòa
鄉公所,hiong-kong-sóo,16,hiong-kong-só͘
鄭克塽,tēnn-khik-sóng,16,tēⁿ-khek-sóng
鄭成功,tēnn-sîng-kong,16,tēⁿ-sêng-kong
酒精燈,tsiú-tsing-ting,16,chiú-cheng-teng
酸鹼度,sng-kinn-tōo,16,sng-kiⁿ-tō͘
酸鹼性,sng-kinn-sìng,16,sng-kiⁿ-sèng
醫生館,i-sing-kuán,16,i-seng-koán
重耽字,tîng-tânn-jī,16,têng-tâⁿ-jī
重號名,tîng-hō-miâ,16,têng-hō-miâ
金剛石,kim-kong-tsio̍h,16,kim-kong-chio̍h
金屬片,kim-sio̍k-phìnn,16,kim-sio̍k-phìⁿ
金牛座,kim-gû-tsō,16,kim-gû-chō
金翼仔,kim-si̍t-á,16,kim-si̍t-á
金門島,kim-mn̂g-tó,16,kim-mn̂g-tó
鋰電池,lí-tiān-tî,16,lí-tiān-tî
鋼琴曲,kǹg-khîm-khik,16,kǹg-khîm-khek
錢筒仔,tsînn-tâng-á,16,chîⁿ-tâng-á
錯別字,tshò-pia̍t-jī,16,chhò-pia̍t-jī
鎮公所,tìn-kong-sóo,16,tìn-kong-só͘
鐵生鉎,thih-senn-sian,16,thih-seⁿ-sian
鐵製品,thih-tsè-phín,16,thih-chè-phín
長方形,tiông-hong-hîng,16,tiông-hong-hêng
長方體,tn̂g-hong-thé,16,tn̂g-hong-thé
長株形,tn̂g-tu-hîng,16,tn̂g-tu-hêng
長篙形,tn̂g-ko-hîng,16,tn̂g-ko-hêng
長頓點,tn̂g-tùn-tiám,16,tn̂g-tùn-tiám
長𥰔仔,tn̂g-phín-á,16,tn̂g-phín-á
閃避球,siám-pī-kiû,16,siám-pī-kiû
開合跳,khui-ha̍p-thiàu,16,khui-ha̍p-thiàu
開臊節,khui-tsho-tseh,16,khui-chho-cheh
間隔號,kàn-keh-hō,16,kàn-keh-hō
閬隔數,làng-keh-sòo,16,làng-keh-sò͘
關係圖,kuan-hē-tôo,16,koan-hē-tô͘
關鍵句,kuan-kiān-kù,16,koan-kiān-kù
防曝膏,hông-pha̍k-ko,16,hông-pha̍k-ko
防腐劑,hông-hú-tse,16,hông-hú-che
防風颱,hông-hong-thai,16,hông-hong-thai
降半音,kàng-puànn-im,16,kàng-pòaⁿ-im
陳情書,tîn-tsîng-su,16,tîn-chêng-su
雄黃酒,hiông-hông-tsiú,16,hiông-hông-chiú
集散地,tsi̍p-sàn-tē,16,chi̍p-sàn-tē
雕刻品,tiau-khik-phín,16,tiau-khek-phín
雙字詞,siang-jī-sû,16,siang-jī-sû
雨層雲,hōo-tsân-hûn,16,hō͘-chân-hûn
雨量器,hōo-liōng-khì,16,hō͘-liōng-khì
雪文粉,sap-bûn-hún,16,sap-bûn-hún
零星錢,lân-san-tsînn,16,lân-san-chîⁿ
雷射光,luî-siā-kng,16,lûi-siā-kng
電火布,tiān-hué-pòo,16,tiān-hóe-pò͘
電球仔,tiān-kiû-á,16,tiān-kiû-á
電磁波,tiān-tsû-pho,16,tiān-chû-pho
電著,tiān--tio̍h,16,tiān--tio̍h
電解質,tiān-kái-tsit,16,tiān-kái-chit
青年期,tshing-liân-kî,16,chheng-liân-kî
青年節,tshing-liân-tseh,16,chheng-liân-cheh
青春期,tshing-tshun-kî,16,chheng-chhun-kî
青竹絲,tshenn-tik-si,16,chheⁿ-tek-si
青翼仔,tshenn-si̍t-á,16,chheⁿ-si̍t-á
青苔類,tshenn-thî-luī,16,chheⁿ-thî-lūi
青黴素,tshenn-bî-sòo,16,chheⁿ-bî-sò͘
青黴菌,tshenn-bî-khún,16,chheⁿ-bî-khún
音樂家,im-ga̍k-ka,16,im-ga̍k-ka
音樂廳,im-ga̍k-thiann,16,im-ga̍k-thiaⁿ
音樂會,im-ga̍k-huē,16,im-ga̍k-hōe
音樂聲,im-ga̍k-siann,16,im-ga̍k-siaⁿ
音符頭,im-hû-thâu,16,im-hû-thâu
頂下文,tíng-ē-bûn,16,téng-ē-bûn
頂四管,tíng-sì-kuán,16,téng-sì-koán
頂弦月,tíng-hiân-gue̍h,16,téng-hiân-goe̍h
順敘法,sūn-sū-huat,16,sūn-sū-hoat
領事館,líng-sū-kuán,16,léng-sū-koán
頭前齒,thâu-tsîng-khí,16,thâu-chêng-khí
頷胿腺,ām-kui-suànn,16,ām-kui-sòaⁿ
頷頸珠,ām-kún-tsu,16,ām-kún-chu
顯微鏡,hián-bî-kiànn,16,hián-bî-kiàⁿ
風力計,hong-li̍k-kè,16,hong-le̍k-kè
風吹形,hong-tshue-hîng,16,hong-chhoe-hêng
風景畫,hong-kíng-uē,16,hong-kéng-ōe
風颱眼,hong-thai-gán,16,hong-thai-gán
飛馬座,hui-má-tsō,16,hui-má-chō
香港跤,hiong-káng-kha,16,hiong-káng-kha
馬拉松,ma-lá-sóng,16,ma-lá-sóng
驚嘆號,king-thàn-hō,16,keng-thàn-hō
骨疼熱,kut-thiànn-jia̍t,16,kut-thiàⁿ-jia̍t
骨骼肌,kut-keh-ki,16,kut-keh-ki
體適能,thé-sik-lîng,16,thé-sek-lêng
高科技,ko-kho-ki,16,ko-kho-ki
高纖維,ko-tshiam-uî,16,ko-chhiam-ûi
高血壓,ko-hueh-ap,16,ko-hoeh-ap
高齡化,ko-lîng-huà,16,ko-lêng-hòa
鬼針草,kuí-tsiam-tsháu,16,kúi-chiam-chháu
魔方陣,môo-hong-tīn,16,mô͘-hong-tīn
魚尾叉,hî-bué-tshe,16,hî-bóe-chhe
魚腹翼,hî-pak-si̍t,16,hî-pak-si̍t
鵝鑾鼻,gô-luân-phīnn,16,gô-loân-phīⁿ
麻芳斜,muâ-phang-tshua̍h,16,môa-phang-chhoa̍h
麻芳範,muâ-phang-huān,16,môa-phang-hoān
黃酸雨,n̂g-sng-hōo,16,n̂g-sng-hō͘
鼓吹樂,kóo-tshue-ga̍k,16,kó͘-chhoe-ga̍k
齒岸炎,khí-huānn-iām,16,khí-hōaⁿ-iām
齒輪組,khí-lûn-tsoo,16,khí-lûn-cho͘
齒頭仔,khí-thâu-á,16,khí-thâu-á
龜山島,ku-suann-tó,16,ku-soaⁿ-tó
𥰔仔空,phín-á-khang,16,phín-á-khang
𥰔仔聲,phín-á-siann,16,phín-á-siaⁿ
𥰔仔膜,phín-á-mo̍oh,16,phín-á-mo̍͘h
𥰔仔音,phín-á-im,16,phín-á-im
漢字,hàn-jī,15,hàn-jī
A型流感,a-hîng-liû-kám,12,a-hêng-liû-kám
A型肝炎,a-hîng-kuann-iām,12,a-hêng-koaⁿ-iām
phe-ní-sí-lín,phe-ní-sí-lín,12,phe-ní-sí-lín
pho-lé-lóng膠,pho-lé-lóng-ka,12,pho-lé-lóng-ka
一位小數,tsi̍t-uī-sió-sòo,12,chi̍t-ūi-sió-sò͘
一年的,it-nî--ê,12,it-nî--ê
一氧化碳,it-ióng-huà-thuànn,12,it-ióng-hòa-thòaⁿ
七星龜仔,tshit-tshenn-ku-á,12,chhit-chheⁿ-ku-á
三年的,sann-nî--ê,12,saⁿ-nî--ê
三部合唱,sann-pōo-ha̍p-tshiùnn,12,saⁿ-pō͘-ha̍p-chhiùⁿ
上短下長,siōng-té-hā-tn̂g,12,siōng-té-hā-tn̂g
上長下短,siōng-tn̂g-hā-té,12,siōng-tn̂g-hā-té
不良導體,put-liông-tō-thé,12,put-liông-tō-thé
世界公民,sè-kài-kong-bîn,12,sè-kài-kong-bîn
世界文化,sè-kài-bûn-huà,12,sè-kài-bûn-hòa
並列關係,pīng-lia̍t-kuan-hē,12,pēng-lia̍t-koan-hē
中和反應,tiong-hô-huán-ìng,12,tiong-hô-hoán-èng
中央政府,tiong-iong-tsìng-hú,12,tiong-iong-chèng-hú
中度風颱,tiong-tōo-hong-thai,12,tiong-tō͘-hong-thai
中性溶液,tiong-sìng-iông-i̍k,12,tiong-sèng-iông-e̍k
中日戰爭,tiong-ji̍t-tsiàn-tsing,12,tiong-ji̍t-chiàn-cheng
中沙群島,tiong-sua-kûn-tó,12,tiong-soa-kûn-tó
中華文化,tiong-huâ-bûn-huà,12,tiong-hôa-bûn-hòa
中音笛仔,tiong-im-ta̍t-á,12,tiong-im-ta̍t-á
乘法估算,sîng-huat-kóo-sǹg,12,sêng-hoat-kó͘-sǹg
乘法算式,sîng-huat-sǹg-sik,12,sêng-hoat-sǹg-sek
乘除互逆,sîng-tî-hōo-gi̍k,12,sêng-tî-hō͘-ge̍k
乘除混合,sîng-tî-hūn-ha̍p,12,sêng-tî-hūn-ha̍p
九九乘法,kiú-kiú-sîng-huat,12,kiú-kiú-sêng-hoat
二分音符,jī-hun-im-hû,12,jī-hun-im-hû
二次函數,jī-tshù-hâm-sòo,12,jī-chhù-hâm-sò͘
二氧化氮,jī-ióng-huà-tām,12,jī-ióng-hòa-tām
二氧化硫,jī-ióng-huà-liû,12,jī-ióng-hòa-liû
二部合唱,jī-pōo-ha̍p-tshiùnn,12,jī-pō͘-ha̍p-chhiùⁿ
二部合奏,jī-pōo-ha̍p-tsàu,12,jī-pō͘-ha̍p-chàu
二部輪唱,jī-pōo-lûn-tshiùnn,12,jī-pō͘-lûn-chhiùⁿ
互相平行,hōo-siong-pîng-hîng,12,hō͘-siong-pêng-hêng
五大地形,gōo-tuā-tē-hîng,12,gō͘-tōa-tē-hêng
五聲音階,gōo-siann-im-kai,12,gō͘-siaⁿ-im-kai
亞洲大陸,a-tsiu-tāi-lio̍k,12,a-chiu-tāi-lio̍k
交通運輸,kau-thong-ūn-su,12,kau-thong-ūn-su
人力運輸,jîn-li̍k-ūn-su,12,jîn-le̍k-ūn-su
人口密度,jîn-kháu-bi̍t-tōo,12,jîn-kháu-bi̍t-tō͘
人口政策,jîn-kháu-tsìng-tshik,12,jîn-kháu-chèng-chhek
人口普查,jîn-kháu-phóo-tsa,12,jîn-kháu-phó͘-cha
人口老化,jîn-kháu-nóo-huà,12,jîn-kháu-nó͘-hòa
人口調查,jîn-kháu-tiâu-tsa,12,jîn-kháu-tiâu-cha
人工湠種,jîn-kang-thuànn-tsíng,12,jîn-kang-thòaⁿ-chéng
人情世事,jîn-tsîng-sè-sū,12,jîn-chêng-sè-sū
人物角色,jîn-bu̍t-kak-sik,12,jîn-bu̍t-kak-sek
人聲合唱,lâng-siann-ha̍p-tshiùnn,12,lâng-siaⁿ-ha̍p-chhiùⁿ
人造纖維,jîn-tsō-tshiam-uî,12,jîn-chō-chhiam-ûi
人際關係,jîn-tsè-kuan-hē,12,jîn-chè-koan-hē
人面蜘蛛,jîn-bīn-ti-tu,12,jîn-bīn-ti-tu
伊斯蘭教,i-su-lân-kàu,12,i-su-lân-kàu
休閒運動,hiu-hân-ūn-tōng,12,hiu-hân-ūn-tōng
位值換算,uī-ta̍t-uānn-sǹg,12,ūi-ta̍t-ōaⁿ-sǹg
低手發球,kē-tshiú-huat-kiû,12,kē-chhiú-hoat-kiû
低碳食物,kē-thuànn-si̍t-bu̍t,12,kē-thòaⁿ-si̍t-bu̍t
低碳飲食,kē-thuànn-ím-si̍t,12,kē-thòaⁿ-ím-si̍t
低音喇叭,kē-im-lá-pah,12,kē-im-lá-pah
低音提琴,kē-im-thê-khîm,12,kē-im-thê-khîm
低音笛仔,kē-im-ta̍t-á,12,kē-im-ta̍t-á
作業系統,tsok-gia̍p-hē-thóng,12,chok-gia̍p-hē-thóng
依法行政,i-huat-hîng-tsìng,12,i-hoat-hêng-chèng
侵蝕作用,tshim-si̍t-tsok-iōng,12,chhim-si̍t-chok-iōng
侵蝕風化,tshim-si̍t-hong-huà,12,chhim-si̍t-hong-hòa
保甲制度,pó-kah-tsè-tōo,12,pó-kah-chè-tō͘
保育計畫,pó-io̍k-kè-uē,12,pó-io̍k-kè-ōe
個人隱私,kò-jîn-ún-su,12,kò-jîn-ún-su
個位數字,kò-uī-sòo-jī,12,kò-ūi-sò͘-jī
倫理道德,lûn-lí-tō-tik,12,lûn-lí-tō-tek
停留記號,thîng-liû-kì-hō,12,thêng-liû-kì-hō
傳導現象,thuân-tō-hiān-siōng,12,thoân-tō-hiān-siōng
傳熱速度,thuân-jia̍t-sok-tōo,12,thoân-jia̍t-sok-tō͘
傳統技藝,thuân-thóng-ki-gē,12,thoân-thóng-ki-gē
傳統文化,thuân-thóng-bûn-huà,12,thoân-thóng-bûn-hòa
傳統歌謠,thuân-thóng-kua-iâu,12,thoân-thóng-koa-iâu
傳統產業,thuân-thóng-sán-gia̍p,12,thoân-thóng-sán-gia̍p
傳統社會,thuân-thóng-siā-huē,12,thoân-thóng-siā-hōe
傳統祭典,thuân-thóng-tsè-tián,12,thoân-thóng-chè-tián
傳統節慶,thuân-thóng-tsiat-khìng,12,thoân-thóng-chiat-khèng
傳統詩歌,thuân-thóng-si-kua,12,thoân-thóng-si-koa
傳輸速率,thuân-su-sok-lu̍t,12,thoân-su-sok-lu̍t
儒家思想,jû-ka-su-sióng,12,jû-ka-su-sióng
光合作用,kong-ha̍p-tsok-iōng,12,kong-ha̍p-chok-iōng
光線色散,kng-suànn-sik-suànn,12,kng-sòaⁿ-sek-sòaⁿ
免疫系統,bián-i̍k-hē-thóng,12,bián-e̍k-hē-thóng
兒童文學,jî-tông-bûn-ha̍k,12,jî-tông-bûn-ha̍k
內容綱要,luē-iông-kong-iàu,12,lōe-iông-kong-iàu
內溫動物,lāi-un-tōng-bu̍t,12,lāi-un-tōng-bu̍t
全休止符,tsuân-hiu-tsí-hû,12,choân-hiu-chí-hû
全等圓形,tsuân-tíng-înn-hîng,12,choân-téng-îⁿ-hêng
全等圖形,tsuân-tíng-tôo-hîng,12,choân-téng-tô͘-hêng
全等梯形,tsuân-tíng-thui-hîng,12,choân-téng-thui-hêng
兩位小數,nn̄g-uī-sió-sòo,12,nn̄g-ūi-sió-sò͘
八分音符,peh-hun-im-hû,12,peh-hun-im-hû
八部合音,peh-pōo-ha̍p-im,12,peh-pō͘-ha̍p-im
公共事務,kong-kiōng-sū-bū,12,kong-kiōng-sū-bū
公共場所,kong-kiōng-tiûnn-sóo,12,kong-kiōng-tiûⁿ-só͘
公共建設,kong-kiōng-kiàn-siat,12,kong-kiōng-kiàn-siat
公共藝術,kong-kiōng-gē-su̍t,12,kong-kiōng-gē-su̍t
公共設施,kong-kiōng-siat-si,12,kong-kiōng-siat-si
公共資源,kong-kiōng-tsu-guân,12,kong-kiōng-chu-goân
公制單位,kong-tsè-tan-uī,12,kong-chè-tan-ūi
公平貿易,kong-pênn-bōo-i̍k,12,kong-pêⁿ-bō͘-e̍k
公民行動,kong-bîn-hîng-tōng,12,kong-bîn-hêng-tōng
共同創作,kiōng-tông-tshòng-tsok,12,kiōng-tông-chhòng-chok
具象主義,kū-siōng-tsú-gī,12,kū-siōng-chú-gī
再生資源,tsài-sing-tsu-guân,12,chài-seng-chu-goân
凹版印刷,nah-pán-ìn-suat,12,nah-pán-ìn-soat
分工合作,hun-kang-ha̍p-tsok,12,hun-kang-ha̍p-chok
分數四則,hun-sòo-sì-tsik,12,hun-sò͘-sì-chek
分數除法,hun-sòo-tî-huat,12,hun-sò͘-tî-hoat
切換視窗,tshiat-uānn-sī-thang,12,chhiat-ōaⁿ-sī-thang
刻板印象,khik-pán-ìn-siōng,12,khek-pán-ìn-siōng
前後文意,tsîng-āu-bûn-ì,12,chêng-āu-bûn-ì
力度記號,li̍k-tōo-kì-hō,12,le̍k-tō͘-kì-hō
加法估算,ka-huat-kóo-sǹg,12,ka-hoat-kó͘-sǹg
加法算式,ka-huat-sǹg-sik,12,ka-hoat-sǹg-sek
加法計算,ka-huat-kè-sǹg,12,ka-hoat-kè-sǹg
加減乘除,ka-kiám-sîng-tî,12,ka-kiám-sêng-tî
加減估算,ka-kiám-kóo-sǹg,12,ka-kiám-kó͘-sǹg
動力來源,tōng-li̍k-lâi-guân,12,tōng-le̍k-lâi-goân
化學物質,huà-ha̍k-bu̍t-tsit,12,hòa-ha̍k-bu̍t-chit
北回歸線,pak-huê-kui-suànn,12,pak-hôe-kui-sòaⁿ
北斗七星,pak-táu-tshit-tshenn,12,pak-táu-chhit-chheⁿ
北極震盪,pak-ki̍k-tsìn-tōng,12,pak-ke̍k-chìn-tōng
北管合奏,pak-kuán-ha̍p-tsàu,12,pak-koán-ha̍p-chàu
北管陣頭,pak-kuán-tīn-thâu,12,pak-koán-tīn-thâu
北管音樂,pak-kuán-im-ga̍k,12,pak-koán-im-ga̍k
十位數字,tsa̍p-uī-sòo-jī,12,cha̍p-ūi-sò͘-jī
十八骰子,si̍p-pat-tâu-á,12,si̍p-pat-tâu-á
十大建設,tsa̍p-tuā-kiàn-siat,12,cha̍p-tōa-kiàn-siat
十字花科,si̍p-jī-hue-kho,12,si̍p-jī-hoe-kho
十萬分位,tsa̍p-bān-hun-uī,12,cha̍p-bān-hun-ūi
千位數字,tshing-uī-sòo-jī,12,chheng-ūi-sò͘-jī
升懸半音,sing-kuân-puànn-im,12,seng-koân-pòaⁿ-im
升降記號,sing-kàng-kì-hō,12,seng-kàng-kì-hō
卑南文化,pi-lâm-bûn-huà,12,pi-lâm-bûn-hòa
卑南遺址,pi-lâm-uî-tsí,12,pi-lâm-ûi-chí
協調能力,hia̍p-tiâu-lîng-li̍k,12,hia̍p-tiâu-lêng-le̍k
南回歸線,lâm-huê-kui-suànn,12,lâm-hôe-kui-sòaⁿ
南極板塊,lâm-ki̍k-pán-khuài,12,lâm-ke̍k-pán-khoài
南沙群島,lâm-sua-kûn-tó,12,lâm-soa-kûn-tó
南管音樂,lâm-kuán-im-ga̍k,12,lâm-koán-im-ga̍k
印度數字,ìn-tōo-sòo-jī,12,ìn-tō͘-sò͘-jī
印澳板塊,ìn-ò-pán-khuài,12,ìn-ò-pán-khoài
印象主義,ìn-siōng-tsú-gī,12,ìn-siōng-chú-gī
卵生動物,luán-sing-tōng-bu̍t,12,loán-seng-tōng-bu̍t
原住民族,guân-tsū-bîn-tso̍k,12,goân-chū-bîn-cho̍k
原漢衝突,guân-hàn-tshiong-tu̍t,12,goân-hàn-chhiong-tu̍t
原生生物,guân-sing-sing-bu̍t,12,goân-seng-seng-bu̍t
參考書目,tsham-khó-su-bo̍k,12,chham-khó-su-bo̍k
反共文學,huán-kiōng-bûn-ha̍k,12,hoán-kiōng-bûn-ha̍k
反始記號,huán-sí-kì-hō,12,hoán-sí-kì-hō
反式脂肪,huán-sik-tsi-hong,12,hoán-sek-chi-hong
反應時間,huán-ìng-sî-kan,12,hoán-èng-sî-kan
反手發球,huán-tshiú-huat-kiû,12,hoán-chhiú-hoat-kiû
反桮拍球,huán-pue-phah-kiû,12,hoán-poe-phah-kiû
反清復明,huán-tshing-ho̍k-bîng,12,hoán-chheng-ho̍k-bêng
古典主義,kóo-tián-tsú-gī,12,kó͘-tián-chú-gī
古典文學,kóo-tián-bûn-ha̍k,12,kó͘-tián-bûn-ha̍k
古典音樂,kóo-tián-im-ga̍k,12,kó͘-tián-im-ga̍k
古早科技,kóo-tsá-kho-ki,12,kó͘-chá-kho-ki
台江內海,tâi-kang-lāi-hái,12,tâi-kang-lāi-hái
史前文化,sú-tsiân-bûn-huà,12,sú-chiân-bûn-hòa
史前時代,sú-tsiân-sî-tāi,12,sú-chiân-sî-tāi
史前時期,sú-tsiân-sî-kî,12,sú-chiân-sî-kî
合奏樂器,ha̍p-tsàu-ga̍k-khì,12,ha̍p-chàu-ga̍k-khì
同心協力,tông-sim-hia̍p-li̍k,12,tông-sim-hia̍p-le̍k
同極相斥,tông-ki̍k-sio-thik,12,tông-ke̍k-sio-thek
名勝古蹟,bîng-sìng-kóo-tsik,12,bêng-sèng-kó͘-chek
名言佳句,bîng-giân-ka-kù,12,bêng-giân-ka-kù
周長公式,tsiu-tn̂g-kong-sik,12,chiu-tn̂g-kong-sek
味覺摹寫,bī-kak-bôo-siá,12,bī-kak-bô͘-siá
呼吸系統,hoo-khip-hē-thóng,12,ho͘-khip-hē-thóng
品德故事,phín-tik-kòo-sū,12,phín-tek-kò͘-sū
啟蒙教材,khé-bông-kàu-tsâi,12,khé-bông-kàu-châi
喙空黏膜,tshuì-khang-liâm-mo̍oh,12,chhùi-khang-liâm-mo̍͘h
喙齒結石,tshuì-khí-kiat-tsio̍h,12,chhùi-khí-kiat-chio̍h
單位分數,tan-uī-hun-sòo,12,tan-ūi-hun-sò͘
單位換算,tan-uī-uānn-sǹg,12,tan-ūi-ōaⁿ-sǹg
單位比較,tan-uī-pí-kàu,12,tan-ūi-pí-kàu
單極mòo-tah,tuann-ki̍k-mòo-tah,12,toaⁿ-ke̍k-mò͘-tah
單親家庭,tan-tshin-ka-tîng,12,tan-chhin-ka-têng
嗅覺摹寫,hiù-kak-bôo-siá,12,hiù-kak-bô͘-siá
嘉南大圳,ka-lâm-tuā-tsùn,12,ka-lâm-tōa-chùn
嘉南平原,ka-lâm-pîng-guân,12,ka-lâm-pêng-goân
嘛會使講,mā-ē-sái-kóng,12,mā-ē-sái-kóng
噗版印刷,phok-pán-ìn-suat,12,phok-pán-ìn-soat
四个線間,sì-ê-suànn-kan,12,sì-ê-sòaⁿ-kan
四位小數,sì-uī-sió-sòo,12,sì-ūi-sió-sò͘
四分位數,sì-hun-uī-sòo,12,sì-hun-ūi-sò͘
四分音符,sì-hun-im-hû,12,sì-hun-im-hû
四則運算,sì-tsik-ūn-suàn,12,sì-chek-ūn-soàn
四字語詞,sì-jī-gí-sû,12,sì-jī-gí-sû
四捨五入,sì-siá-gōo-ji̍p,12,sì-siá-gō͘-ji̍p
四跤仔泅,sì-kha-á-siû,12,sì-kha-á-siû
因數分解,in-sòo-hun-kái,12,in-sò͘-hun-kái
固定唱名,kòo-tīng-tshiùnn-miâ,12,kò͘-tēng-chhiùⁿ-miâ
國定古蹟,kok-tīng-kóo-tsik,12,kok-tēng-kó͘-chek
國家公園,kok-ka-kong-hn̂g,12,kok-ka-kong-hn̂g
國家語言,kok-ka-gí-giân,12,kok-ka-gí-giân
國民教育,kok-bîn-kàu-io̍k,12,kok-bîn-kàu-io̍k
國語家庭,kok-gí-ka-tîng,12,kok-gí-ka-têng
國際公約,kok-tsè-kong-iok,12,kok-chè-kong-iok
國際組織,kok-tsè-tsoo-tsit,12,kok-chè-cho͘-chit
國際舞台,kok-tsè-bú-tâi,12,kok-chè-bú-tâi
國際貿易,kok-tsè-bōo-i̍k,12,kok-chè-bō͘-e̍k
圓形周長,înn-hîng-tsiu-tn̂g,12,îⁿ-hêng-chiu-tn̂g
圓形面積,înn-hîng-bīn-tsik,12,îⁿ-hêng-bīn-chek
圓箍仔柱,înn-khoo-á-thiāu,12,îⁿ-kho͘-á-thiāu
土地改革,thóo-tē-kái-kik,12,thó͘-tē-kái-kek
土地運用,thóo-tē-ūn-iōng,12,thó͘-tē-ūn-iōng
土地開發,thóo-tē-khai-huat,12,thó͘-tē-khai-hoat
地動規模,tē-tāng-kui-bôo,12,tē-tāng-kui-bô͘
地層塌窩,tē-tsân-lap-o,12,tē-chân-lap-o
地形景觀,tē-hîng-kíng-kuan,12,tē-hêng-kéng-koan
地熱發電,tē-jia̍t-huat-tiān,12,tē-jia̍t-hoat-tiān
地球引力,tē-kiû-ín-li̍k,12,tē-kiû-ín-le̍k
地球暖化,tē-kiû-luán-huà,12,tē-kiû-loán-hòa
地球自轉,tē-kiû-tsū-tsuán,12,tē-kiû-chū-choán
地理位置,tē-lí-uī-tì,12,tē-lí-ūi-tì
地理景觀,tē-lí-kíng-kuan,12,tē-lí-kéng-koan
地理環境,tē-lí-khuân-kíng,12,tē-lí-khoân-kéng
地盤夯懸,tē-puânn-giâ-kuân,12,tē-pôaⁿ-giâ-koân
均衡飲食,kin-hîng-ím-si̍t,12,kin-hêng-ím-si̍t
垂直傳染,suî-ti̍t-thuân-jiám,12,sûi-ti̍t-thoân-jiám
埃及花蠓,ai-ki̍p-hue-báng,12,ai-ki̍p-hoe-báng
埔里盆地,poo-lí-phûn-tē,12,po͘-lí-phûn-tē
基督宗教,ki-tok-tsong-kàu,12,ki-tok-chong-kàu
塑膠橐仔,sok-ka-lok-á,12,sok-ka-lok-á
塑膠袋仔,sok-ka-tē-á,12,sok-ka-tē-á
塑膠製品,sok-ka-tsè-phín,12,sok-ka-chè-phín
塑膠貨幣,sok-ka-huè-pè,12,sok-ka-hòe-pè
塗壤液化,thôo-jióng-i̍k-huà,12,thô͘-jióng-e̍k-hòa
塗壤鹽化,thôo-jióng-iâm-huà,12,thô͘-jióng-iâm-hòa
外溫動物,guā-un-tōng-bu̍t,12,gōa-un-tōng-bu̍t
多位小數,to-uī-sió-sòo,12,to-ūi-sió-sò͘
大地景觀,tāi-tē-kíng-kuan,12,tāi-tē-kéng-koan
大氣壓力,tāi-khì-ap-li̍k,12,tāi-khì-ap-le̍k
大波斯菊,tuā-pho-su-kiok,12,tōa-pho-su-kiok
大狗齒仔,tuā-káu-khí-á,12,tōa-káu-khí-á
大王椰子,tāi-ông-iâ-tsí,12,tāi-ông-iâ-chí
大約等於,tāi-iok-tíng-î,12,tāi-iok-téng-î
大肚魚仔,tuā-tōo-hî-á,12,tōa-tō͘-hî-á
大腸桿菌,tuā-tn̂g-kuáinn-khún,12,tōa-tn̂g-koáiⁿ-khún
大都會區,tuā-too-huē-khu,12,tōa-to͘-hōe-khu
大霸尖山,tāi-pà-tsiam-suann,12,tāi-pà-chiam-soaⁿ
天文學家,thian-bûn-ha̍k-ka,12,thian-bûn-ha̍k-ka
天氣現象,thinn-khì-hiān-siōng,12,thiⁿ-khì-hiān-siōng
天氣觀測,thinn-khì-kuan-tshik,12,thiⁿ-khì-koan-chhek
天氣變化,thinn-khì-piàn-huà,12,thiⁿ-khì-piàn-hòa
天氣預報,thinn-khì-ī-pò,12,thiⁿ-khì-ī-pò
天然漁港,thian-jiân-hî-káng,12,thian-jiân-hî-káng
太平天國,tài-pîng-thian-kok,12,tài-pêng-thian-kok
太陽能枋,thài-iông-lîng-pang,12,thài-iông-lêng-pang
太陽電池,thài-iông-tiān-tî,12,thài-iông-tiān-tî
婚喪喜慶,hun-song-hí-khìng,12,hun-song-hí-khèng
子宮內膜,tsú-kiong-lāi-mo̍oh,12,chú-kiong-lāi-mo̍͘h
孢子囊群,pau-tsí-lông-kûn,12,pau-chí-lông-kûn
季風氣候,kuì-hong-khì-hāu,12,kùi-hong-khì-hāu
孵出來,pū--tshut-lâi,12,pū--chhut-lâi
學習資源,ha̍k-si̍p-tsu-guân,12,ha̍k-si̍p-chu-goân
孽譎仔話,gia̍t-khiat-á-uē,12,gia̍t-khiat-á-ōe
安非他命,an-hui-tha-bīng,12,an-hui-tha-bēng
完全小節,uân-tsuân-sió-tsat,12,oân-choân-sió-chat
完全變態,uân-tsuân-piàn-thài,12,oân-choân-piàn-thài
宗教信仰,tsong-kàu-sìn-gióng,12,chong-kàu-sìn-gióng
宗教慶典,tsong-kàu-khìng-tián,12,chong-kàu-khèng-tián
宗教舞蹈,tsong-kàu-bú-tō,12,chong-kàu-bú-tō
官方語言,kuann-hong-gí-giân,12,koaⁿ-hong-gí-giân
定期存款,tīng-kî-tsûn-khuán,12,tēng-kî-chûn-khoán
定點投籃,tīng-tiám-tâu-nâ,12,tēng-tiám-tâu-nâ
宜蘭平原,gî-lân-pîng-guân,12,gî-lân-pêng-goân
客家歌仔,kheh-ka-kua-á,12,kheh-ka-koa-á
家庭倫理,ka-tîng-lûn-lí,12,ka-têng-lûn-lí
家庭型態,ka-tîng-hîng-thài,12,ka-têng-hêng-thài
家庭計畫,ka-tîng-kè-uē,12,ka-têng-kè-ōe
家扶中心,ka-hû-tiong-sim,12,ka-hû-tiong-sim
家族聚居,ka-tso̍k-tsū-ki,12,ka-cho̍k-chū-ki
寓言故事,gū-giân-kòo-sū,12,gū-giân-kò͘-sū
專賣制度,tsuan-bē-tsè-tōo,12,choan-bē-chè-tō͘
對中掠齊,tuì-tiong-lia̍h-tsê,12,tùi-tiong-lia̍h-chê
對應頂點,tuì-ìng-tíng-tiám,12,tùi-èng-téng-tiám
對流作用,tuì-liû-tsok-iōng,12,tùi-liû-chok-iōng
對話練習,tuì-uē-liān-si̍p,12,tùi-ōe-liān-si̍p
小數位數,sió-sòo-uī-sòo,12,sió-sò͘-ūi-sò͘
小數四則,sió-sòo-sì-tsik,12,sió-sò͘-sì-chek
小數除法,sió-sòo-tî-huat,12,sió-sò͘-tî-hoat
小蘇打水,sió-soo-tánn-tsuí,12,sió-so͘-táⁿ-chúi
小調歌曲,sió-tiāu-kua-khik,12,sió-tiāu-koa-khek
尖喙夾仔,tsiam-tshuì-ngeh-á,12,chiam-chhùi-ngeh-á
就地取材,tsiū-tē-tshú-tsâi,12,chiū-tē-chhú-châi
就業機會,tsiū-gia̍p-ki-huē,12,chiū-gia̍p-ki-hōe
尺規作圖,tshioh-kui-tsok-tôo,12,chhioh-kui-chok-tô͘
屈尺角柱,khut-tshioh-kak-thiāu,12,khut-chhioh-kak-thiāu
屏東平原,pîn-tong-pîng-guân,12,pîn-tong-pêng-goân
屯田政策,tûn-tiân-tsìng-tshik,12,tûn-tiân-chèng-chhek
山崙地形,suann-lūn-tē-hîng,12,soaⁿ-lūn-tē-hêng
工作人口,kang-tsok-jîn-kháu,12,kang-chok-jîn-kháu
工業革命,kang-gia̍p-kik-bīng,12,kang-gia̍p-kek-bēng
左狹右闊,tsó-e̍h-iū-khuah,12,chó-e̍h-iū-khoah
左闊右狹,tsó-khuah-iū-e̍h,12,chó-khoah-iū-e̍h
市場需求,tshī-tiûnn-su-kiû,12,chhī-tiûⁿ-su-kiû
希臘正教,hi-lia̍p-tsìng-kàu,12,hi-lia̍p-chèng-kàu
希臘神話,hi-lia̍p-sîn-uē,12,hi-lia̍p-sîn-ōe
平均氣溫,pîng-kin-khì-un,12,pêng-kin-khì-un
平均溫度,pîng-kin-un-tōo,12,pêng-kin-un-tō͘
平均速率,pîng-kin-sok-lu̍t,12,pêng-kin-sok-lu̍t
平方公分,pîng-hong-kong-hun,12,pêng-hong-kong-hun
平方公寸,pîng-hong-kong-tshùn,12,pêng-hong-kong-chhùn
平方公里,pîng-hong-kong-lí,12,pêng-hong-kong-lí
平方厘米,pîng-hong-lî-bí,12,pêng-hong-lî-bí
平方毫米,pîng-hong-hô-bí,12,pêng-hong-hô-bí
平板電腦,pênn-pán-tiān-náu,12,pêⁿ-pán-tiān-náu
平版印刷,pênn-pán-ìn-suat,12,pêⁿ-pán-ìn-soat
平行現象,pîng-hîng-hiān-siōng,12,pêng-hêng-hiān-siōng
平面圖形,pênn-bīn-tôo-hîng,12,pêⁿ-bīn-tô͘-hêng
幼年人口,iù-liân-jîn-kháu,12,iù-liân-jîn-kháu
幼調節輪,iù-tiâu-tsiat-lûn,12,iù-tiâu-chiat-lûn
幾何圖形,kí-hô-tôo-hîng,12,kí-hô-tô͘-hêng
幾分之幾,kuí-hun-tsi-kuí,12,kúi-hun-chi-kúi
幾點幾分,kuí-tiám-kuí-hun,12,kúi-tiám-kúi-hun
弧形島嶼,hôo-hîng-tó-sū,12,hô͘-hêng-tó-sū
彈性限度,tân-sìng-hān-tōo,12,tân-sèng-hān-tō͘
循環小數,sûn-khuân-sió-sòo,12,sûn-khoân-sió-sò͘
心肺功能,sim-hì-kong-lîng,12,sim-hì-kong-lêng
心肺耐力,sim-hì-nāi-li̍k,12,sim-hì-nāi-le̍k
心肺適能,sim-hì-sik-lîng,12,sim-hì-sek-lêng
快速道路,khuài-sok-tō-lōo,12,khoài-sok-tō-lō͘
急性肝炎,kip-sìng-kuann-iām,12,kip-sèng-koaⁿ-iām
性hoo-lú-bóng,sìng-hoo-lú-bóng,12,sèng-ho͘-lú-bóng
性別偏見,sìng-pia̍t-phian-kiàn,12,sèng-pia̍t-phian-kiàn
性別平等,sìng-pia̍t-pîng-tíng,12,sèng-pia̍t-pêng-téng
性別歧視,sìng-pia̍t-kî-sī,12,sèng-pia̍t-kî-sī
性命禮俗,sènn-miā-lé-sio̍k,12,sèⁿ-miā-lé-sio̍k
恆春半島,hîng-tshun-puànn-tó,12,hêng-chhun-pòaⁿ-tó
恆溫動物,hîng-un-tōng-bu̍t,12,hêng-un-tōng-bu̍t
恐龍化石,khióng-liông-huà-tsio̍h,12,khióng-liông-hòa-chio̍h
意義段落,ì-gī-tuānn-lo̍h,12,ì-gī-tōaⁿ-lo̍h
感化教育,kám-huà-kàu-io̍k,12,kám-hòa-kàu-io̍k
慈善團體,tsû-siān-thuân-thé,12,chû-siān-thoân-thé
慈善機構,tsû-siān-ki-kòo,12,chû-siān-ki-kò͘
應變變因,ìng-piàn-piàn-in,12,èng-piàn-piàn-in
懸手傳球,kuân-tshiú-thuân-kiû,12,koân-chhiú-thoân-kiû
懸手托球,kuân-tshiú-thuh-kiû,12,koân-chhiú-thuh-kiû
懸浮微粒,hiân-hû-bî-lia̍p,12,hiân-hû-bî-lia̍p
懸音木琴,kuân-im-bo̍k-khîm,12,koân-im-bo̍k-khîm
懸音笛仔,kuân-im-ta̍t-á,12,koân-im-ta̍t-á
懸音譜號,kuân-im-phóo-hō,12,koân-im-phó͘-hō
成語典故,sîng-gí-tián-kòo,12,sêng-gí-tián-kò͘
成長環境,sîng-tióng-khuân-kíng,12,sêng-tióng-khoân-kéng
戒嚴時期,kài-giâm-sî-kî,12,kài-giâm-sî-kî
戰後初期,tsiàn-āu-tshoo-kî,12,chiàn-āu-chho͘-kî
戰後臺灣,tsiàn-āu-tâi-uân,12,chiàn-āu-tâi-oân
戶口名簿,hōo-kháu-miâ-phōo,12,hō͘-kháu-miâ-phō͘
戶口普查,hōo-kháu-phóo-tsa,12,hō͘-kháu-phó͘-cha
扇形周長,sìnn-hîng-tsiu-tn̂g,12,sìⁿ-hêng-chiu-tn̂g
扇形弧長,sìnn-hîng-hôo-tn̂g,12,sìⁿ-hêng-hô͘-tn̂g
扇形面積,sìnn-hîng-bīn-tsik,12,sìⁿ-hêng-bīn-chek
手曲關節,tshiú-khiau-kuan-tsat,12,chhiú-khiau-koan-chat
扮公伙仔,pān-kong-hué-á,12,pān-kong-hóe-á
抗日運動,khòng-ji̍t-ūn-tōng,12,khòng-ji̍t-ūn-tōng
折衷家庭,tsiat-thiong-ka-tîng,12,chiat-thiong-ka-têng
拍獵掠魚,phah-la̍h-lia̍h-hî,12,phah-la̍h-lia̍h-hî
拍鑼拍鼓,phah-lô-phah-kóo,12,phah-lô-phah-kó͘
拗射現象,áu-siā-hiān-siōng,12,áu-siā-hiān-siōng
指事符號,tsí-sū-hû-hō,12,chí-sū-hû-hō
挨絃樂器,e-hiân-ga̍k-khì,12,e-hiân-ga̍k-khì
捲螺仔風,kńg-lê-á-hong,12,kńg-lê-á-hong
捷運系統,tsia̍t-ūn-hē-thóng,12,chia̍t-ūn-hē-thóng
掠蟲網仔,lia̍h-thâng-bāng-á,12,lia̍h-thâng-bāng-á
控制變因,khòng-tsè-piàn-in,12,khòng-chè-piàn-in
搖擺鐘仔,iô-pái-tsing-á,12,iô-pái-cheng-á
操縱變因,tshau-tsiòng-piàn-in,12,chhau-chiòng-piàn-in
政府單位,tsìng-hú-tan-uī,12,chèng-hú-tan-ūi
政府機構,tsìng-hú-ki-kòo,12,chèng-hú-ki-kò͘
政黨輪替,tsìng-tóng-lûn-thè,12,chèng-tóng-lûn-thè
敘寫方式,sū-siá-hong-sik,12,sū-siá-hong-sek
教育程度,kàu-io̍k-thîng-tōo,12,kàu-io̍k-thêng-tō͘
數位觀星,sòo-uī-kuan-tshenn,12,sò͘-ūi-koan-chheⁿ
文化產業,bûn-huà-sán-gia̍p,12,bûn-hòa-sán-gia̍p
文化融合,bûn-huà-iông-ha̍p,12,bûn-hòa-iông-ha̍p
文化遺產,bûn-huà-uî-sán,12,bûn-hòa-ûi-sán
文史協會,bûn-sú-hia̍p-huē,12,bûn-sú-hia̍p-hōe
文字編輯,bûn-jī-pian-tsi̍p,12,bûn-jī-pian-chi̍p
文學體裁,bûn-ha̍k-thé-tshâi,12,bûn-ha̍k-thé-chhâi
文藝復興,bûn-gē-ho̍k-hing,12,bûn-gē-ho̍k-heng
斜對角線,tshua̍h-tuì-kak-suànn,12,chhoa̍h-tùi-kak-sòaⁿ
新型流感,sin-hîng-liû-kám,12,sin-hêng-liû-kám
新式教育,sin-sik-kàu-io̍k,12,sin-sek-kàu-io̍k
新陳代謝,sin-tîn-tāi-siā,12,sin-tîn-tāi-siā
族群械鬥,tso̍k-kûn-hāi-tàu,12,cho̍k-kûn-hāi-tàu
日夜變化,ji̍t-iā-piàn-huà,12,ji̍t-iā-piàn-hòa
日本腦炎,ji̍t-pún-náu-iām,12,ji̍t-pún-náu-iām
日治時代,ji̍t-tī-sî-tāi,12,ji̍t-tī-sî-tāi
明鄭時期,bîng-tēnn-sî-kî,12,bêng-tēⁿ-sî-kî
時間換算,sî-kan-uānn-sǹg,12,sî-kan-ōaⁿ-sǹg
最簡分數,tsuè-kán-hun-sòo,12,chòe-kán-hun-sò͘
月經週期,gue̍h-king-tsiu-kî,12,goe̍h-keng-chiu-kî
有效日期,iú-hāu-ji̍t-kî,12,iú-hāu-ji̍t-kî
有機堆肥,iú-ki-tui-puî,12,iú-ki-tui-pûi
有機農業,iú-ki-lông-gia̍p,12,iú-ki-lông-gia̍p
有氧舞蹈,iú-ióng-bú-tō,12,iú-ióng-bú-tō
有氧運動,iú-ióng-ūn-tōng,12,iú-ióng-ūn-tōng
有氧適能,iú-ióng-sik-lîng,12,iú-ióng-sek-lêng
服裝儀容,ho̍k-tsong-gî-iông,12,ho̍k-chong-gî-iông
木刻板畫,bo̍k-khik-pán-uē,12,bo̍k-khek-pán-ōe
木刻版畫,bo̍k-khik-pán-uē,12,bo̍k-khek-pán-ōe
木管樂器,bo̍k-kuán-ga̍k-khì,12,bo̍k-koán-ga̍k-khì
木雕神像,bo̍k-tiau-sîn-siōng,12,bo̍k-tiau-sîn-siōng
本位記號,pún-uī-kì-hō,12,pún-ūi-kì-hō
本土語言,pún-thóo-gí-giân,12,pún-thó͘-gí-giân
東亞地區,tang-a-tē-khu,12,tang-a-tē-khu
東亞島弧,tang-a-tó-hôo,12,tang-a-tó-hô͘
東北季風,tang-pak-kuì-hong,12,tang-pak-kùi-hong
東沙群島,tang-sua-kûn-tó,12,tang-soa-kûn-tó
林口臺地,nâ-kháu-tâi-tē,12,nâ-kháu-tâi-tē
校園安全,hāu-hn̂g-an-tsuân,12,hāu-hn̂g-an-choân
校園霸凌,hāu-hn̂g-pà-lîng,12,hāu-hn̂g-pà-lêng
植物學家,si̍t-bu̍t-ha̍k-ka,12,si̍t-bu̍t-ha̍k-ka
槓桿原理,kǹg-kuáinn-guân-lí,12,kǹg-koáiⁿ-goân-lí
次女高音,tshù-lú-ko-im,12,chhù-lú-ko-im
歐亞板塊,au-a-pán-khuài,12,au-a-pán-khoài
歐洲聯盟,au-tsiu-liân-bîng,12,au-chiu-liân-bêng
歕管樂器,pûn-kuán-ga̍k-khì,12,pûn-koán-ga̍k-khì
正三角形,tsiànn-sann-kak-hîng,12,chiàⁿ-saⁿ-kak-hêng
正五邊形,tsiànn-gōo-pinn-hîng,12,chiàⁿ-gō͘-piⁿ-hêng
正六邊形,tsiànn-la̍k-pinn-hîng,12,chiàⁿ-la̍k-piⁿ-hêng
正四角形,tsiànn-sì-kak-hîng,12,chiàⁿ-sì-kak-hêng
正四角柱,tsiànn-sì-kak-thiāu,12,chiàⁿ-sì-kak-thiāu
正多邊形,tsiànn-to-pinn-hîng,12,chiàⁿ-to-piⁿ-hêng
正桮拍球,tsiànn-pue-phah-kiû,12,chiàⁿ-poe-phah-kiû
正比關係,tsìng-pí-kuan-hē,12,chèng-pí-koan-hē
正身護龍,tsiànn-sin-hōo-lîng,12,chiàⁿ-sin-hō͘-lêng
歷史故事,li̍k-sú-kòo-sū,12,le̍k-sú-kò͘-sū
殖民文化,si̍t-bîn-bûn-huà,12,si̍t-bîn-bûn-hòa
殖民統治,si̍t-bîn-thóng-tī,12,si̍t-bîn-thóng-tī
殖民經濟,si̍t-bîn-king-tsè,12,si̍t-bîn-keng-chè
段落大意,tuānn-lo̍h-tāi-ì,12,tōaⁿ-lo̍h-tāi-ì
段落意義,tuānn-lo̍h-ì-gī,12,tōaⁿ-lo̍h-ì-gī
毛細現象,môo-sè-hiān-siōng,12,mô͘-sè-hiān-siōng
民主國家,bîn-tsú-kok-ka,12,bîn-chú-kok-ka
民主政治,bîn-tsú-tsìng-tī,12,bîn-chú-chèng-tī
民主社會,bîn-tsú-siā-huē,12,bîn-chú-siā-hōe
民俗技藝,bîn-sio̍k-ki-gē,12,bîn-sio̍k-ki-gē
民俗文物,bîn-sio̍k-bûn-bu̍t,12,bîn-sio̍k-bûn-bu̍t
民俗藝品,bîn-sio̍k-gē-phín,12,bîn-sio̍k-gē-phín
民俗藝陣,bîn-siok-gē-tīn,12,bîn-siok-gē-tīn
民意代表,bîn-ì-tāi-piáu,12,bîn-ì-tāi-piáu
民意機關,bîn-ì-ki-kuan,12,bîn-ì-ki-koan
民族舞蹈,bîn-tso̍k-bú-tō,12,bîn-cho̍k-bú-tō
民生用水,bîn-sing-iōng-tsuí,12,bîn-seng-iōng-chúi
民間信仰,bîn-kan-sìn-gióng,12,bîn-kan-sìn-gióng
民間團體,bîn-kan-thuân-thé,12,bîn-kan-thoân-thé
民間歌謠,bîn-kan-kua-iâu,12,bîn-kan-koa-iâu
民間組織,bîn-kan-tsoo-tsit,12,bîn-kan-cho͘-chit
民間說唱,bîn-kan-suat-tshiùnn,12,bîn-kan-soat-chhiùⁿ
氣候型態,khì-hāu-hîng-thài,12,khì-hāu-hêng-thài
氣候變遷,khì-hāu-piàn-tshian,12,khì-hāu-piàn-chhian
氣象報告,khì-siōng-pò-kò,12,khì-siōng-pò-kò
氣象專家,khì-siōng-tsuan-ka,12,khì-siōng-choan-ka
氣象衛星,khì-siōng-uē-tshenn,12,khì-siōng-ōe-chheⁿ
氣象觀測,khì-siōng-kuan-tshik,12,khì-siōng-koan-chhek
氣象預報,khì-siōng-ī-pò,12,khì-siōng-ī-pò
氣體中毒,khì-thé-tiòng-to̍k,12,khì-thé-tiòng-to̍k
氫氧離子,khing-ióng-lî-tsú,12,kheng-ióng-lî-chú
水上救生,tsuí-siōng-kiù-sing,12,chúi-siōng-kiù-seng
水中自救,tsuí-tiong-tsū-kiù,12,chúi-tiong-chū-kiù
水利工程,tsuí-lī-kang-tîng,12,chúi-lī-kang-têng
水力發電,tsuí-li̍k-huat-tiān,12,chúi-le̍k-hoat-tiān
水生動物,tsuí-sing-tōng-bu̍t,12,chúi-seng-tōng-bu̍t
水生植物,tsuí-sing-si̍t-bu̍t,12,chúi-seng-si̍t-bu̍t
水生生物,tsuí-sing-sing-bu̍t,12,chúi-seng-seng-bu̍t
水紅仔色,tsuí-âng-á-sik,12,chúi-âng-á-sek
水銀電池,tsuí-gîn-tiān-tî,12,chúi-gîn-tiān-tî
永續環境,íng-sio̍k-khuân-kíng,12,éng-sio̍k-khoân-kéng
永續經營,íng-sio̍k-king-îng,12,éng-sio̍k-keng-êng
求偶行為,kiû-ngóo-hîng-uî,12,kiû-ngó͘-hêng-ûi
沖積平原,tshiâng-tsik-pîng-guân,12,chhiâng-chek-pêng-goân
沙埔排球,sua-poo-pâi-kiû,12,soa-po͘-pâi-kiû
河川流量,hô-tshuan-liû-liōng,12,hô-chhoan-liû-liōng
治臺政策,tī-tâi-tsìng-tshik,12,tī-tâi-chèng-chhek
泉郊會館,tsuân-kau-huē-kuán,12,choân-kau-hōe-koán
注音符號,tsù-im-hû-hō,12,chù-im-hû-hō
注音輸入,tsù-im-su-ji̍p,12,chù-im-su-ji̍p
注預防射,tsù-ī-hông-siā,12,chù-ī-hông-siā
流行文化,liû-hîng-bûn-huà,12,liû-hêng-bûn-hòa
海口,hái-kháu,12,hái-kháu
海底溫泉,hái-té-un-tsuânn,12,hái-té-un-chôaⁿ
海底火山,hái-té-hué-suann,12,hái-té-hóe-soaⁿ
海拔懸度,hái-pua̍t-kuân-tōo,12,hái-poa̍t-koân-tō͘
海洋資源,hái-iûnn-tsu-guân,12,hái-iûⁿ-chu-goân
海蝕平台,hái-si̍t-pênn-tâi,12,hái-si̍t-pêⁿ-tâi
消化器官,siau-huà-khì-kuan,12,siau-hòa-khì-koan
消費行為,siau-huì-hîng-uî,12,siau-hùi-hêng-ûi
混合計算,hūn-ha̍p-kè-sǹg,12,hūn-ha̍p-kè-sǹg
清朝時期,tshing-tiâu-sî-kî,12,chheng-tiâu-sî-kî
清水斷崖,tshing-tsuí-tuān-gâi,12,chheng-chúi-toān-gâi
清法戰爭,tshing-huat-tsiàn-tsing,12,chheng-hoat-chiàn-cheng
減法估算,kiám-huat-kóo-sǹg,12,kiám-hoat-kó͘-sǹg
減法算式,kiám-huat-sǹg-sik,12,kiám-hoat-sǹg-sek
減法計算,kiám-huat-kè-sǹg,12,kiám-hoat-kè-sǹg
渡海來臺,tōo-hái-lâi-tâi,12,tō͘-hái-lâi-tâi
渡臺禁令,tōo-tâi-kìm-līng,12,tō͘-tâi-kìm-lēng
溫室氣體,un-sik-khì-thé,12,un-sek-khì-thé
溶解現象,iông-kái-hiān-siōng,12,iông-kái-hiān-siōng
漢番界碑,hàn-huan-kài-pi,12,hàn-hoan-kài-pi
澎湖群島,phînn-ôo-kûn-tó,12,phîⁿ-ô͘-kûn-tó
濫糝開墾,lām-sám-khai-khún,12,lām-sám-khai-khún
濫色效果,lām-sik-hāu-kó,12,lām-sek-hāu-kó
火力發電,hué-li̍k-huat-tiān,12,hóe-le̍k-hoat-tiān
無線電波,bô-suànn-tiān-pho,12,bô-sòaⁿ-tiān-pho
熱帶氣候,jia̍t-tài-khì-hāu,12,jia̍t-tài-khì-hāu
熱帶雨林,jia̍t-tài-ú-lîm,12,jia̍t-tài-ú-lîm
燈籃仔花,ting-nâ-á-hue,12,teng-nâ-á-hoe
營養繁殖,îng-ióng-huân-si̍t,12,êng-ióng-hoân-si̍t
物流中心,bu̍t-liû-tiong-sim,12,bu̍t-liû-tiong-sim
特色產業,ti̍k-sik-sán-gia̍p,12,te̍k-sek-sán-gia̍p
狗齒仔組,káu-khí-á-tsoo,12,káu-khí-á-cho͘
玻片樣本,po-phìnn-iūnn-pún,12,po-phìⁿ-iūⁿ-pún
玻璃棍仔,po-lê-kùn-á,12,po-lê-kùn-á
班級公約,pan-kip-kong-iok,12,pan-kip-kong-iok
班級幹部,pan-kip-kàn-pōo,12,pan-kip-kàn-pō͘
班級自治,pan-kip-tsū-tī,12,pan-kip-chū-tī
球類運動,kiû-luī-ūn-tōng,12,kiû-lūi-ūn-tōng
瓷仔藝家,huî-á-gē-ka,12,hûi-á-gē-ka
生態保育,sing-thài-pó-io̍k,12,seng-thài-pó-io̍k
生態環境,sing-thài-khuân-kíng,12,seng-thài-khoân-kéng
生態資源,sing-thài-tsu-guân,12,seng-thài-chu-goân
生殖器官,sing-si̍t-khì-kuan,12,seng-si̍t-khì-koan
生殖系統,sing-si̍t-hē-thóng,12,seng-si̍t-hē-thóng
生活公約,sing-ua̍h-kong-iok,12,seng-oa̍h-kong-iok
生活器物,sing-ua̍h-khì-bu̍t,12,seng-oa̍h-khì-bu̍t
生活方式,sing-ua̍h-hong-sik,12,seng-oa̍h-hong-sek
生物科技,sing-bu̍t-kho-ki,12,seng-bu̍t-kho-ki
生物資源,sing-bu̍t-tsu-guân,12,seng-bu̍t-chu-goân
生長激素,sing-tióng-kik-sòo,12,seng-tióng-kek-sò͘
產地履歷,sán-tē-lí-li̍k,12,sán-tē-lí-le̍k
產業類別,sán-gia̍p-luī-pia̍t,12,sán-gia̍p-lūi-pia̍t
用字遣詞,iōng-jī-khián-sû,12,iōng-jī-khián-sû
田水雞泅,tshân-tsuí-ke-siû,12,chhân-chúi-ke-siû
留言字條,liû-giân-jī-tiâu,12,liû-giân-jī-tiâu
畢業典禮,pit-gia̍p-tián-lé,12,pit-gia̍p-tián-lé
畫面寸尺,uē-bīn-tshùn-tshioh,12,ōe-bīn-chhùn-chhioh
異味怪味,ī-bī-kuài-bī,12,ī-bī-koài-bī
異國文化,ī-kok-bûn-huà,12,ī-kok-bûn-hòa
異極相吸,ī-ki̍k-sio-khip,12,ī-ke̍k-sio-khip
發揮創意,huat-hui-tshòng-ì,12,hoat-hui-chhòng-ì
百位數字,pah-uī-sòo-jī,12,pah-ūi-sò͘-jī
百科全書,pah-kho-tsuân-su,12,pah-kho-choân-su
直式乘法,ti̍t-sik-sîng-huat,12,ti̍t-sek-sêng-hoat
直式加法,ti̍t-sik-ka-huat,12,ti̍t-sek-ka-hoat
直式減法,ti̍t-sik-kiám-huat,12,ti̍t-sek-kiám-hoat
直式計算,ti̍t-sik-kè-sǹg,12,ti̍t-sek-kè-sǹg
直式除法,ti̍t-sik-tî-huat,12,ti̍t-sek-tî-hoat
直接比較,ti̍t-tsiap-pí-kàu,12,ti̍t-chiap-pí-kàu
直觀比較,ti̍t-kuan-pí-kàu,12,ti̍t-koan-pí-kàu
省略符號,síng-lio̍k-hû-hō,12,séng-lio̍k-hû-hō
看圖講話,khuànn-tôo-kóng-uē,12,khòaⁿ-tô͘-kóng-ōe
真珠版畫,tsin-tsu-pán-uē,12,chin-chu-pán-ōe
眩車藥仔,hîn-tshia-io̍h-á,12,hîn-chhia-io̍h-á
石器時期,tsio̍h-khì-sî-kî,12,chio̍h-khì-sî-kî
石蕊試紙,tsio̍h-luí-tshì-tsuá,12,chio̍h-lúi-chhì-chóa
碳鋅電池,thuànn-sin-tiān-tî,12,thòaⁿ-sin-tiān-tî
磁力強弱,tsû-li̍k-kiông-jio̍k,12,chû-le̍k-kiông-jio̍k
磁力現象,tsû-li̍k-hiān-siōng,12,chû-le̍k-hiān-siōng
磁浮列車,tsû-hû-lia̍t-tshia,12,chû-hû-lia̍t-chhia
社區營造,siā-khu-îng-tsō,12,siā-khu-êng-chō
社會救助,siā-huē-kiù-tsōo,12,siā-hōe-kiù-chō͘
社會服務,siā-huē-ho̍k-bū,12,siā-hōe-ho̍k-bū
社會福利,siā-huē-hok-lī,12,siā-hōe-hok-lī
社會秩序,siā-huē-tia̍t-sū,12,siā-hōe-tia̍t-sū
社會組織,siā-huē-tsoo-tsit,12,siā-hōe-cho͘-chit
社會行為,siā-huē-hîng-uî,12,siā-hōe-hêng-ûi
社會規範,siā-huē-kui-huān,12,siā-hōe-kui-hoān
社會變遷,siā-huē-piàn-tshian,12,siā-hōe-piàn-chhian
社會責任,siā-huē-tsik-jīm,12,siā-hōe-chek-jīm
社會運動,siā-huē-ūn-tōng,12,siā-hōe-ūn-tōng
社會階級,siā-huē-kai-kip,12,siā-hōe-kai-kip
祖先崇拜,tsóo-sian-tsông-pài,12,chó͘-sian-chông-pài
神主牌仔,sîn-tsú-pâi-á,12,sîn-chú-pâi-á
神怪故事,sîn-kuài-kòo-sū,12,sîn-koài-kò͘-sū
福爾摩沙,hō-lú-môo-sa,12,hō-lú-mô͘-sa
科技產業,kho-ki-sán-gia̍p,12,kho-ki-sán-gia̍p
科舉考試,kho-kí-khó-tshì,12,kho-kí-khó-chhì
移墾社會,î-khún-siā-huē,12,î-khún-siā-hōe
移民文化,î-bîn-bûn-huà,12,î-bîn-bûn-hòa
種樹綠化,tsìng-tshiū-li̍k-huà,12,chèng-chhiū-le̍k-hòa
空氣流動,khong-khì-liû-tōng,12,khong-khì-liû-tōng
立方公分,li̍p-hong-kong-hun,12,li̍p-hong-kong-hun
立方公寸,li̍p-hong-kong-tshùn,12,li̍p-hong-kong-chhùn
立方公尺,li̍p-hong-kong-tshioh,12,li̍p-hong-kong-chhioh
立法機關,li̍p-huat-ki-kuan,12,li̍p-hoat-ki-koan
立體作品,li̍p-thé-tsok-phín,12,li̍p-thé-chok-phín
立體形體,li̍p-thé-hîng-thé,12,li̍p-thé-hêng-thé
立體結構,li̍p-thé-kiat-kòo,12,li̍p-thé-kiat-kò͘
第一人稱,tē-it-jîn-tshing,12,tē-it-jîn-chheng
第三人稱,tē-sann-jîn-tshing,12,tē-saⁿ-jîn-chheng
第二人稱,tē-jī-jîn-tshing,12,tē-jī-jîn-chheng
第二性徵,tē-jī-sìng-ting,12,tē-jī-sèng-teng
等值分數,tíng-ta̍t-hun-sòo,12,téng-ta̍t-hun-sò͘
等差中項,tíng-tsha-tiong-hāng,12,téng-chha-tiong-hāng
等差數列,tíng-tsha-sòo-lia̍t,12,téng-chha-sò͘-lia̍t
等差級數,tíng-tsha-kip-sòo,12,téng-chha-kip-sò͘
等比中項,tíng-pí-tiong-hāng,12,téng-pí-tiong-hāng
等量公理,tíng-liōng-kong-lí,12,téng-liōng-kong-lí
管弦樂器,kuán-hiân-ga̍k-khì,12,koán-hiân-ga̍k-khì
管弦樂團,kuán-hiân-ga̍k-thuân,12,koán-hiân-ga̍k-thoân
管絃樂團,kuán-hiân-ga̍k-thuân,12,koán-hiân-ga̍k-thoân
節能減碳,tsiat-lîng-kiám-thuànn,12,chiat-lêng-kiám-thòaⁿ
簡化問題,kán-huà-būn-tê,12,kán-hòa-būn-tê
簡化計算,kán-huà-kè-sǹg,12,kán-hòa-kè-sǹg
粗瓷仔塗,tshoo-huî-á-thôo,12,chho͘-hûi-á-thô͘
粗調節輪,tshoo-tiâu-tsiat-lûn,12,chho͘-tiâu-chiat-lûn
精緻農業,tsing-tì-lông-gia̍p,12,cheng-tì-lông-gia̍p
糞埽分類,pùn-sò-hun-luī,12,pùn-sò-hun-lūi
糞埽減量,pùn-sò-kiám-liōng,12,pùn-sò-kiám-liōng
紅柑仔色,âng-kam-á-sik,12,âng-kam-á-sek
紅茄仔色,âng-kiô-á-sik,12,âng-kiô-á-sek
紙片拼貼,tsuá-phìnn-phing-tah,12,chóa-phìⁿ-pheng-tah
細狗齒仔,sè-káu-khí-á,12,sè-káu-khí-á
細粒mòo-tah,sè-lia̍p-mòo-tah,12,sè-lia̍p-mò͘-tah
結尾敬語,kiat-bué-kìng-gí,12,kiat-bóe-kèng-gí
結核桿菌,kiat-hi̍k-kuáinn-khún,12,kiat-he̍k-koáiⁿ-khún
絞螺仔風,ká-lê-á-hong,12,ká-lê-á-hong
統一發票,thóng-it-huat-phiò,12,thóng-it-hoat-phiò
經濟發展,king-tsè-huat-tián,12,keng-chè-hoat-tián
綠能產業,li̍k-lîng-sán-gia̍p,12,le̍k-lêng-sán-gia̍p
綠色建築,li̍k-sik-kiàn-tio̍k,12,le̍k-sek-kiàn-tio̍k
綠色消費,li̍k-sik-siau-huì,12,le̍k-sek-siau-hùi
綠色能源,li̍k-sik-lîng-guân,12,le̍k-sek-lêng-goân
網版印刷,bāng-pán-ìn-suat,12,bāng-pán-ìn-soat
網狀葉脈,bāng-tsōng-hio̍h-me̍h,12,bāng-chōng-hio̍h-me̍h
網路購物,bāng-lōo-kòo-bu̍t,12,bāng-lō͘-kò͘-bu̍t
網路霸凌,bāng-lōo-pà-lîng,12,bāng-lō͘-pà-lêng
網際網路,bāng-tsè-bāng-lōo,12,bāng-chè-bāng-lō͘
緊急聯絡,kín-kip-liân-lo̍k,12,kín-kip-liân-lo̍k
總字劃數,tsóng-jī-ue̍h-sòo,12,chóng-jī-oe̍h-sò͘
總統直選,tsóng-thóng-ti̍t-suán,12,chóng-thóng-ti̍t-soán
美洲板塊,bí-tsiu-pán-khuài,12,bí-chiu-pán-khoài
義務教育,gī-bū-kàu-io̍k,12,gī-bū-kàu-io̍k
老人年金,lāu-lâng-nî-kim,12,lāu-lâng-nî-kim
耆老老大,kî-ló-lāu-tuā,12,kî-ló-lāu-tōa
耐力運動,nāi-li̍k-ūn-tōng,12,nāi-le̍k-ūn-tōng
耐熱材質,nāi-jia̍t-tsâi-tsit,12,nāi-jia̍t-châi-chit
耳空鬼仔,hīnn-khang-kuí-á,12,hīⁿ-khang-kúi-á
肉食動物,jio̍k-si̍t-tōng-bu̍t,12,jio̍k-si̍t-tōng-bu̍t
肢體霸凌,ki-thé-pà-lîng,12,ki-thé-pà-lêng
胎生動物,thai-sing-tōng-bu̍t,12,thai-seng-tōng-bu̍t
胸腺激素,hing-suànn-kik-sòo,12,heng-sòaⁿ-kek-sò͘
能源危機,lîng-guân-guî-ki,12,lêng-goân-gûi-ki
腐蝕作用,hú-si̍t-tsok-iōng,12,hú-si̍t-chok-iōng
臨時動議,lîm-sî-tōng-gī,12,lîm-sî-tōng-gī
自動駕駛,tsū-tōng-kà-sú,12,chū-tōng-kà-sú
自我價值,tsū-ngóo-kè-ta̍t,12,chū-ngó͘-kè-ta̍t
自治組織,tsū-tī-tsoo-tsit,12,chū-tī-cho͘-chit
自然保育,tsū-jiân-pó-io̍k,12,chū-jiân-pó-io̍k
自然崇拜,tsū-jiân-tsông-pài,12,chū-jiân-chông-pài
自然文學,tsū-jiân-bûn-ha̍k,12,chū-jiân-bûn-ha̍k
自然景觀,tsū-jiân-kíng-kuan,12,chū-jiân-kéng-koan
自然環境,tsū-jiân-khuân-kíng,12,chū-jiân-khoân-kéng
自然生態,tsū-jiân-sing-thài,12,chū-jiân-seng-thài
自然神明,tsū-jiân-sîn-bîng,12,chū-jiân-sîn-bêng
自然科學,tsū-jiân-kho-ha̍k,12,chū-jiân-kho-ha̍k
自然資源,tsū-jiân-tsu-guân,12,chū-jiân-chu-goân
自由貿易,tsū-iû-bōo-i̍k,12,chū-iû-bō͘-e̍k
自由軟體,tsū-iû-nńg-thé,12,chū-iû-nńg-thé
臺中盆地,tâi-tiong-phûn-tē,12,tâi-tiong-phûn-tē
臺北盆地,tâi-pak-phûn-tē,12,tâi-pak-phûn-tē
臺灣本島,tâi-uân-pún-tó,12,tâi-oân-pún-tó
臺灣歌仔,tâi-uân-kua-á,12,tâi-oân-koa-á
臺灣民報,tâi-uân-bîn-pò,12,tâi-oân-bîn-pò
臺灣海峽,tâi-uân-hái-kiap,12,tâi-oân-hái-kiap
臺灣議會,tâi-uân-gī-huē,12,tâi-oân-gī-hōe
色散現象,sik-suànn-hiān-siōng,12,sek-sòaⁿ-hiān-siōng
花綵列島,hua-tshái-lia̍t-tó,12,hoa-chhái-lia̍t-tó
苗栗事件,biâu-li̍k-sū-kiānn,12,biâu-le̍k-sū-kiāⁿ
草食動物,tsháu-si̍t-tōng-bu̍t,12,chháu-si̍t-tōng-bu̍t
荷蘭時期,hô-lân-sî-kî,12,hô-lân-sî-kî
荷西時代,hô-se-sî-tāi,12,hô-se-sî-tāi
荷西時期,hô-se-sî-kî,12,hô-se-sî-kî
萬有引力,bān-iú-ín-li̍k,12,bān-iú-ín-le̍k
落地生根,lo̍h-tē-sing-kin,12,lo̍h-tē-seng-kin
蓮葉效應,liân-hio̍h-hāu-ìng,12,liân-hio̍h-hāu-èng
蕨類植物,kueh-luī-si̍t-bu̍t,12,koeh-lūi-si̍t-bu̍t
藍色公路,nâ-sik-kong-lōo,12,nâ-sek-kong-lō͘
藝術創作,gē-su̍t-tshòng-tsok,12,gē-su̍t-chhòng-chok
蘇州𥰔仔,soo-tsiu-phín-á,12,so͘-chiu-phín-á
虎克定律,hóo-khik-tīng-lu̍t,12,hó͘-khek-tēng-lu̍t
虹吸現象,hông-khip-hiān-siōng,12,hông-khip-hiān-siōng
螢光色水,îng-kng-sik-tsuí,12,êng-kng-sek-chúi
血管硬化,hueh-kńg-ngē-huà,12,hoeh-kńg-ngē-hòa
血緣關係,hiat-iân-kuan-hē,12,hiat-iân-koan-hē
行政機關,hîng-tsìng-ki-kuan,12,hêng-chèng-ki-koan
行進樂隊,hîng-tsìn-ga̍k-tuī,12,hêng-chìn-ga̍k-tūi
表演藝術,piáu-ián-gē-su̍t,12,piáu-ián-gē-su̍t
表達感情,piáu-ta̍t-kám-tsîng,12,piáu-ta̍t-kám-chêng
裝置藝術,tsong-tì-gē-su̍t,12,chong-tì-gē-su̍t
複合圖形,ho̍k-ha̍p-tôo-hîng,12,ho̍k-ha̍p-tô͘-hêng
複合形體,ho̍k-ha̍p-hîng-thé,12,ho̍k-ha̍p-hêng-thé
西南季風,sai-lâm-kuì-hong,12,sai-lâm-kùi-hong
西太平洋,se-thài-pîng-iûnn,12,se-thài-pêng-iûⁿ
西沙群島,sai-sua-kûn-tó,12,sai-soa-kûn-tó
西部平原,se-pōo-pîng-guân,12,se-pō͘-pêng-goân
西部走廊,se-pōo-tsáu-lông,12,se-pō͘-cháu-lông
覆地弓身,phak-tē-king-sin,12,phak-tē-keng-sin
視力檢查,sī-li̍k-kiám-tsa,12,sī-le̍k-kiám-cha
視覺藝術,sī-kak-gē-su̍t,12,sī-kak-gē-su̍t
觀測天氣,kuan-tshik-thinn-khì,12,koan-chhek-thiⁿ-khì
角柱底面,kak-thiāu-té-bīn,12,kak-thiāu-té-bīn
角結膜炎,kak-kiat-mo̍oh-iām,12,kak-kiat-mo̍͘h-iām
言語霸凌,giân-gí-pà-lîng,12,giân-gí-pà-lêng
言論自由,giân-lūn-tsū-iû,12,giân-lūn-chū-iû
語句擴寫,gí-kù-khok-siá,12,gí-kù-khok-siá
語文常識,gí-bûn-siông-sik,12,gí-bûn-siông-sek
語文能力,gí-bûn-lîng-li̍k,12,gí-bûn-lêng-le̍k
語言表達,gí-giân-piáu-ta̍t,12,gí-giân-piáu-ta̍t
課文大意,khò-bûn-tāi-ì,12,khò-bûn-tāi-ì
變溫動物,piàn-un-tōng-bu̍t,12,piàn-un-tōng-bu̍t
貧富差距,pîn-hù-tsha-kī,12,pîn-hù-chha-kī
貿易協定,bōo-i̍k-hia̍p-tīng,12,bō͘-e̍k-hia̍p-tēng
資料篋仔,tsu-liāu-kheh-á,12,chu-liāu-kheh-á
資源開發,tsu-guân-khai-huat,12,chu-goân-khai-hoat
資訊產業,tsu-sìn-sán-gia̍p,12,chu-sìn-sán-gia̍p
資訊科技,tsu-sìn-kho-ki,12,chu-sìn-kho-ki
蹛的環境,tuà-ê-khuân-kíng,12,tòa-ê-khoân-kéng
身心健康,sin-sim-kiān-khong,12,sin-sim-kiān-khong
身體機能,sin-thé-ki-lîng,12,sin-thé-ki-lêng
軍事防禦,kun-sū-hông-gū,12,kun-sū-hông-gū
農業社會,lông-gia̍p-siā-huē,12,lông-gia̍p-siā-hōe
農漁牧業,lông-hî-bo̍k-gia̍p,12,lông-hî-bo̍k-gia̍p
退位減法,thè-uī-kiám-huat,12,thè-ūi-kiám-hoat
通訊設施,thong-sìn-siat-si,12,thong-sìn-siat-si
通貨膨脹,thong-huè-phòng-tiòng,12,thong-hòe-phòng-tiòng
速度記號,sok-tōo-kì-hō,12,sok-tō͘-kì-hō
造字方法,tsō-jī-hong-huat,12,chō-jī-hong-hoat
連續記號,liân-sio̍k-kì-hō,12,liân-sio̍k-kì-hō
進位加法,tsìn-uī-ka-huat,12,chìn-ūi-ka-hoat
遊戲器材,iû-hì-khì-tsâi,12,iû-hì-khì-châi
遊戲軟體,iû-hì-nńg-thé,12,iû-hì-nńg-thé
運動傷害,ūn-tōng-siong-hāi,12,ūn-tōng-siong-hāi
運動習慣,ūn-tōng-si̍p-kuàn,12,ūn-tōng-si̍p-koàn
運動表現,ūn-tōng-piáu-hiān,12,ūn-tōng-piáu-hiān
運輸設施,ūn-su-siat-si,12,ūn-su-siat-si
過度開發,kuè-tōo-khai-huat,12,kòe-tō͘-khai-hoat
違章建築,uî-tsiong-kiàn-tio̍k,12,ûi-chiong-kiàn-tio̍k
遞移關係,tē-î-kuan-hē,12,tē-î-koan-hē
遠距教學,uán-kī-kàu-ha̍k,12,oán-kī-kàu-ha̍k
都市計畫,too-tshī-kè-uē,12,to͘-chhī-kè-ōe
鄉土文學,hiong-thóo-bûn-ha̍k,12,hiong-thó͘-bûn-ha̍k
酸性溶液,sng-sìng-iông-i̍k,12,sng-sèng-iông-e̍k
酸鹼中和,sng-kinn-tiong-hô,12,sng-kiⁿ-tiong-hô
醫療資源,i-liâu-tsu-guân,12,i-liâu-chu-goân
里民大會,lí-bîn-tāi-huē,12,lí-bîn-tāi-hōe
重複記號,tiông-ho̍k-kì-hō,12,tiông-ho̍k-kì-hō
重量單位,tāng-liōng-tan-uī,12,tāng-liōng-tan-ūi
野生動物,iá-sing-tōng-bu̍t,12,iá-seng-tōng-bu̍t
金言玉語,kim-giân-gio̍k-gí,12,kim-giân-gio̍k-gí
鈕仔電池,liú-á-tiān-tî,12,liú-á-tiān-tî
銅管樂器,tâng-kuán-ga̍k-khì,12,tâng-koán-ga̍k-khì
鎳氫電池,gia̍t-khing-tiān-tî,12,gia̍t-kheng-tiān-tî
鐵人三項,thih-lâng-sann-hāng,12,thih-lâng-saⁿ-hāng
鐵枝仔路,thih-ki-á-lōo,12,thih-ki-á-lō͘
長度單位,tn̂g-tōo-tan-uī,12,tn̂g-tō͘-tan-ūi
長濱文化,tiông-pin-bûn-huà,12,tiông-pin-bûn-hòa
開合跳步,khui-ha̍p-thiàu-pōo,12,khui-ha̍p-thiàu-pō͘
開放港口,khai-hòng-káng-kháu,12,khai-hòng-káng-kháu
開漳聖王,khai-tsiang-sìng-ông,12,khai-chiang-sèng-ông
開發土地,khai-huat-thóo-tē,12,khai-hoat-thó͘-tē
開花植物,khui-hue-si̍t-bu̍t,12,khui-hoe-si̍t-bu̍t
間接比較,kàn-tsiap-pí-kàu,12,kàn-chiap-pí-kàu
閱讀心得,ua̍t-tho̍k-sim-tik,12,oa̍t-tho̍k-sim-tek
關鍵字詞,kuan-kiān-jī-sû,12,koan-kiān-jī-sû
防毒軟體,hông-to̍k-nńg-thé,12,hông-to̍k-nńg-thé
防疫措施,hông-i̍k-tshòo-si,12,hông-e̍k-chhò͘-si
降低半音,kàng-kē-puàn-im,12,kàng-kē-poàn-im
除法估算,tî-huat-kóo-sǹg,12,tî-hoat-kó͘-sǹg
除法算式,tî-huat-sǹg-sik,12,tî-hoat-sǹg-sek
隔代家庭,keh-tāi-ka-tîng,12,keh-tāi-ka-têng
雄性激素,hiông-sìng-kik-sòo,12,hiông-sèng-kek-sò͘
集會遊行,tsi̍p-huē-iû-hîng,12,chi̍p-hōe-iû-hêng
雌性激素,tshu-sìng-kik-sòo,12,chhu-sèng-kek-sò͘
雜食動物,tsa̍p-si̍t-tōng-bu̍t,12,cha̍p-si̍t-tōng-bu̍t
雲門舞集,hûn-bûn-bú-tsi̍p,12,hûn-bûn-bú-chi̍p
電子地圖,tiān-tsú-tē-tôo,12,tiān-chú-tē-tô͘
電子媒體,tiān-tsú-muî-thé,12,tiān-chú-mûi-thé
電子支付,tiān-tsú-tsi-hù,12,tiān-chú-chi-hù
電子發票,tiān-tsú-huat-phiò,12,tiān-chú-hoat-phiò
電源開關,tiān-guân-khai-kuan,12,tiān-goân-khai-koan
電火泡仔,tiān-hué-pho̍k-á,12,tiān-hóe-pho̍k-á
電火球仔,tiān-hué-kiû-á,12,tiān-hóe-kiû-á
電磁作用,tiān-tsû-tsok-iōng,12,tiān-chû-chok-iōng
電視購物,tiān-sī-kòo-bu̍t,12,tiān-sī-kò͘-bu̍t
霧社事件,bū-siā-sū-kiānn,12,bū-siā-sū-kiāⁿ
青壯年期,tshing-tsòng-liân-kî,12,chheng-chòng-liân-kî
青少年期,tshing-siàu-liân-kî,12,chheng-siàu-liân-kî
青跤仔鷸,tshenn-kha-á-u̍t,12,chheⁿ-kha-á-u̍t
非接觸力,hui-tsiap-tshiok-li̍k,12,hui-chiap-chhiok-le̍k
非洲板塊,hui-tsiu-pán-khuài,12,hui-chiu-pán-khoài
面積公式,bīn-tsik-kong-sik,12,bīn-chek-kong-sek
面積單位,bīn-tsik-tan-uī,12,bīn-chek-tan-ūi
音樂世家,im-ga̍k-sè-ka,12,im-ga̍k-sè-ka
音樂創作,im-ga̍k-tshòng-tsok,12,im-ga̍k-chhòng-chok
音樂天份,im-ga̍k-thian-hūn,12,im-ga̍k-thian-hūn
音樂記號,im-ga̍k-kì-hō,12,im-ga̍k-kì-hō
音符名稱,im-hû-miâ-tshing,12,im-hû-miâ-chheng
音符符號,im-hû-hû-hō,12,im-hû-hû-hō
音色真厚,im-sik-tsin-kāu,12,im-sek-chin-kāu
順手發球,sūn-tshiú-huat-kiû,12,sūn-chhiú-hoat-kiû
風俗民情,hong-sio̍k-bîn-tsîng,12,hong-sio̍k-bîn-chêng
風俗習慣,hong-sio̍k-si̍p-kuàn,12,hong-sio̍k-si̍p-koàn
風力發電,hong-li̍k-huat-tiān,12,hong-le̍k-hoat-tiān
風化作用,hong-huà-tsok-iōng,12,hong-hòa-chok-iōng
飲食均衡,ím-si̍t-kin-hîng,12,ím-si̍t-kin-hêng
飲食文化,ím-si̍t-bûn-huà,12,ím-si̍t-bûn-hòa
飲食習慣,ím-si̍t-si̍p-kuàn,12,ím-si̍t-si̍p-koàn
飽和脂肪,pá-hô-tsi-hong,12,pá-hô-chi-hong
首調唱名,siú-tiāu-tshiùnn-miâ,12,siú-tiāu-chhiùⁿ-miâ
馬偕牧師,má-kai-bo̍k-su,12,má-kai-bo̍k-su
馬祖列島,má-tsóo-lia̍t-tó,12,má-chó͘-lia̍t-tó
馬關條約,má-kuan-tiâu-iok,12,má-koan-tiâu-iok
高速鐵路,ko-sok-thih-lōo,12,ko-sok-thih-lō͘
鳥鼠仔色,niáu-tshí-á-sik,12,niáu-chhí-á-sek
鹼性電池,kinn-sìng-tiān-tî,12,kiⁿ-sèng-tiān-tî
原住民,guân-tsū-bîn,11,goân-chū-bîn
清水,tshing-tsuí,11,chheng-chúi
紅霞,âng-hê,11,âng-hê
苧仔,tē-á,11,tē-á
銅鑼,tâng-lô,11,tâng-lô
a小調音階,a-sió-tiāu-im-kai,10,a-sió-tiāu-im-kai
一日生活圈,tsi̍t-ji̍t-sing-ua̍h-khuan,10,chi̍t-ji̍t-seng-oa̍h-khoan
三聲部合唱,sann-siann-pōo-ha̍p-tshiùnn,10,saⁿ-siaⁿ-pō͘-ha̍p-chhiùⁿ
三角形,sann-kak-hîng,10,saⁿ-kak-hêng
三角形矸仔,sann-kak-hîng-kan-á,10,saⁿ-kak-hêng-kan-á
上大公因數,siōng-tuā-kong-in-sòo,10,siōng-tōa-kong-in-sò͘
上細公倍數,siōng-sè-kong-puē-sòo,10,siōng-sè-kong-pōe-sò͘
上課,siōng-khò,10,siōng-khò
下底,ē-té,10,ē-té
下淡水溪,ē-tām-tsuí-khe,10,ē-tām-chúi-khe
世界展望會,sè-kài-tián-bōng-huē,10,sè-kài-tián-bōng-hōe
中央氣象局,tiong-iong-khì-siōng-kio̍k,10,tiong-iong-khì-siōng-kio̍k
中性水溶液,tiong-sìng-tsuí-iông-i̍k,10,tiong-sèng-chúi-iông-e̍k
中秋,tiong-tshiu,10,tiong-chhiu
主題,tsú-tê,10,chú-tê
主題情境法,tsú-tê-tsîng-kíng-huat,10,chú-tê-chêng-kéng-hoat
乘法分配律,sîng-huat-hun-phuè-lu̍t,10,sêng-hoat-hun-phòe-lu̍t
九九乘法表,kiú-kiú-sîng-huat-pió,10,kiú-kiú-sêng-hoat-pió
九二一地動,kiú-jī-it-tē-tāng,10,kiú-jī-it-tē-tāng
九層塔,káu-tsàn-thah,10,káu-chàn-thah
九龍公道杯,kiú-liông-kong-tō-pue,10,kiú-liông-kong-tō-poe
二二八事件,jī-jī-pat-sū-kiānn,10,jī-jī-pat-sū-kiāⁿ
二位數減法,jī-uī-sòo-kiám-huat,10,jī-ūi-sò͘-kiám-hoat
二分休止符,jī-hun-hiu-tsí-hû,10,jī-hun-hiu-chí-hû
二十四節氣,jī-tsa̍p-sì-tseh-khuì,10,jī-cha̍p-sì-cheh-khùi
亞洲,a-tsiu,10,a-chiu
交流,kau-liû,10,kau-liû
交通,kau-thong,10,kau-thong
交通運輸網,kau-thong-ūn-su-bāng,10,kau-thong-ūn-su-bāng
人口,jîn-kháu,10,jîn-kháu
人類,jîn-luī,10,jîn-lūi
仰角觀測器,gióng-kak-kuan-tshik-khì,10,gióng-kak-koan-chhek-khì
低氣壓中心,kē-khì-ap-tiong-sim,10,kē-khì-ap-tiong-sim
作品,tsok-phín,10,chok-phín
作者,tsok-tsiá,10,chok-chiá
保生大帝,pó-sing-tāi-tè,10,pó-seng-tāi-tè
保育類動物,pó-io̍k-luī-tōng-bu̍t,10,pó-io̍k-lūi-tōng-bu̍t
保育類生物,pó-io̍k-luī-sing-bu̍t,10,pó-io̍k-lūi-seng-bu̍t
信仰,sìn-gióng,10,sìn-gióng
信用卡,sìn-iōng-khah,10,sìn-iōng-khah
倉庫,tshng-khòo,10,chhng-khò͘
個人答喙鼓,kò-jîn-tap-tshuì-kóo,10,kò-jîn-tap-chhùi-kó͘
偏見,phian-kiàn,10,phian-kiàn
健康,kiān-khong,10,kiān-khong
傳承,thuân-sîng,10,thoân-sêng
傳統農漁業,thuân-thóng-lông-hî-gia̍p,10,thoân-thóng-lông-hî-gia̍p
光線,kng-suànn,10,kng-sòaⁿ
兒童合唱團,jî-tông-ha̍p-tshiùnn-thuân,10,jî-tông-ha̍p-chhiùⁿ-thoân
全程馬拉松,tsuân-tîng-ma-lá-sóng,10,choân-têng-ma-lá-sóng
全穀根莖類,tsuân-kok-kin-king-luī,10,choân-kok-kin-keng-lūi
全等三角形,tsuân-tíng-sann-kak-hîng,10,choân-téng-saⁿ-kak-hêng
全等多邊形,tsuân-tíng-to-pinn-hîng,10,choân-téng-to-piⁿ-hêng
兩位純小數,nn̄g-uī-sûn-sió-sòo,10,nn̄g-ūi-sûn-sió-sò͘
八分休止符,peh-hun-hiu-tsí-hû,10,peh-hun-hiu-chí-hû
八卦山,pat-kuà-suann,10,pat-kòa-soaⁿ
公分,kong-hun,10,kong-hun
公尺,kong-tshioh,10,kong-chhioh
公斤,kong-kin,10,kong-kin
公路,kong-lōo,10,kong-lō͘
公里,kong-lí,10,kong-lí
六十進位法,la̍k-tsa̍p-tsìn-uī-huat,10,la̍k-cha̍p-chìn-ūi-hoat
六大類食物,la̍k-tuā-luī-si̍t-bu̍t,10,la̍k-tōa-lūi-si̍t-bu̍t
共同質因數,kiōng-tông-tsit-in-sòo,10,kiōng-tông-chit-in-sò͘
冬天,tang-thinn,10,tang-thiⁿ
冬季六邊形,tang-kuì-la̍k-pinn-hîng,10,tang-kùi-la̍k-piⁿ-hêng
冬季大三角,tang-kuì-tuā-sann-kak,10,tang-kùi-tōa-saⁿ-kak
冬節,tang-tseh,10,tang-cheh
冰角,ping-kak,10,peng-kak
出業,tshut-gia̍p,10,chhut-gia̍p
出版,tshut-pán,10,chhut-pán
出草,tshut-tsháu,10,chhut-chháu
切換使用者,tshiat-uānn-sú-iōng-tsiá,10,chhiat-ōaⁿ-sú-iōng-chiá
副熱帶氣候,hù-jia̍t-tài-khì-hāu,10,hù-jia̍t-tài-khì-hāu
力量,li̍k-liōng,10,le̍k-liōng
加工出口區,ka-kang-tshut-kháu-khu,10,ka-kang-chhut-kháu-khu
勇健,ióng-kiānn,10,ióng-kiāⁿ
動物,tōng-bu̍t,10,tōng-bu̍t
動詞,tōng-sû,10,tōng-sû
勞動基準法,lô-tōng-ki-tsún-huat,10,lô-tōng-ki-chún-hoat
勞工,lô-kang,10,lô-kang
化學,huà-ha̍k,10,hòa-ha̍k
十三行文化,tsa̍p-sann-hâng-bûn-huà,10,cha̍p-saⁿ-hâng-bûn-hòa
十三行遺址,tsa̍p-sann-hâng-uî-tsí,10,cha̍p-saⁿ-hâng-ûi-chí
十二段變奏,tsa̍p-jī-tuānn-piàn-tsàu,10,cha̍p-jī-tōaⁿ-piàn-chàu
十八仔,si̍p-pat-á,10,si̍p-pat-á
十六分音符,tsa̍p-la̍k-hun-im-hû,10,cha̍p-la̍k-hun-im-hû
十字交乘法,si̍p-jī-kau-sîng-huat,10,si̍p-jī-kau-sêng-hoat
千里鏡,tshian-lí-kiànn,10,chhian-lí-kiàⁿ
半包圍結構,puànn-pau-uî-kiat-kòo,10,pòaⁿ-pau-ûi-kiat-kò͘
卵仁,nn̄g-jîn,10,nn̄g-jîn
卵白質,nn̄g-pe̍h-tsit,10,nn̄g-pe̍h-chit
原住民文化,guân-tsū-bîn-bûn-huà,10,goân-chū-bîn-bûn-hòa
原因,guân-in,10,goân-in
參考,tsham-khó,10,chham-khó
反應,huán-ìng,10,hoán-èng
可再生資源,khó-tsài-sing-tsu-guân,10,khó-chài-seng-chu-goân
司法,su-huat,10,su-hoat
合併段意法,ha̍p-pìng-tuānn-ì-huat,10,ha̍p-pèng-tōaⁿ-ì-hoat
名姓,miâ-sènn,10,miâ-sèⁿ
向倒爿掠齊,hiòng-tò-pîng-lia̍h-tsê,10,hiòng-tò-pêng-lia̍h-chê
向正爿掠齊,hiòng-tsiànn-pîng-lia̍h-tsê,10,hiòng-chiàⁿ-pêng-lia̍h-chê
和平紀念日,hô-pîng-kì-liām-ji̍t,10,hô-pêng-kì-liām-ji̍t
唐山過臺灣,tn̂g-suann-kuè-tâi-uân,10,tn̂g-soaⁿ-kòe-tâi-oân
商業,siong-gia̍p,10,siong-gia̍p
噍吧哖事件,ta-pa-nî-sū-kiānn,10,ta-pa-nî-sū-kiāⁿ
四分休止符,sì-hun-hiu-tsí-hû,10,sì-hun-hiu-chí-hû
四大古文明,sì-tuā-kóo-bûn-bîng,10,sì-tōa-kó͘-bûn-bêng
四拍指揮法,sù-phik-tsí-hui-huat,10,sù-phek-chí-hui-hoat
四捨五入法,sì-siá-gōo-ji̍p-huat,10,sì-siá-gō͘-ji̍p-hoat
四格尪仔圖,sì-keh-ang-á-tôo,10,sì-keh-ang-á-tô͘
四秀仔,sì-siù-á,10,sì-siù-á
因端,in-tuann,10,in-toaⁿ
國家音樂廳,kok-ka-im-ga̍k-thiann,10,kok-ka-im-ga̍k-thiaⁿ
國語傳習所,kok-gí-thuân-si̍p-sóo,10,kok-gí-thoân-si̍p-só͘
國際,kok-tsè,10,kok-chè
國際競爭力,kok-tsè-kīng-tsing-li̍k,10,kok-chè-kēng-cheng-le̍k
國際管樂節,kok-tsè-kuán-ga̍k-tseh,10,kok-chè-koán-ga̍k-cheh
圓山仔文化,înn-suann-á-bûn-huà,10,îⁿ-soaⁿ-á-bûn-hòa
圓山仔遺址,înn-suann-á-uî-tsí,10,îⁿ-soaⁿ-á-ûi-chí
圓形百分圖,înn-hîng-pah-hun-tôo,10,îⁿ-hêng-pah-hun-tô͘
圓扇形面積,înn-sìnn-hîng-bīn-tsik,10,îⁿ-sìⁿ-hêng-bīn-chek
團體,thuân-thé,10,thoân-thé
地址,tē-tsí,10,tē-chí
地平線,tē-pîng-suànn,10,tē-pêng-sòaⁿ
地面天氣圖,tē-bīn-thinn-khì-tôo,10,tē-bīn-thiⁿ-khì-tô͘
地點,tē-tiám,10,tē-tiám
埃及太陽曆,ai-ki̍p-thài-iông-li̍k,10,ai-ki̍p-thài-iông-le̍k
城市,siânn-tshī,10,siâⁿ-chhī
執行,tsip-hîng,10,chip-hêng
培墓,puē-bōng,10,pōe-bōng
基金會,ki-kim-huē,10,ki-kim-hōe
堅凍,kian-tàng,10,kian-tàng
報告,pò-kò,10,pò-kò
塗炭,thôo-thuànn,10,thô͘-thòaⁿ
墨盤,ba̍k-puânn,10,ba̍k-pôaⁿ
夏季大三角,hā-kuì-tuā-sann-kak,10,hā-kùi-tōa-saⁿ-kak
多元,to-guân,10,to-goân
大坌坑文化,tuā-pùn-khenn-bûn-huà,10,tōa-pùn-kheⁿ-bûn-hòa
大王椰子樹,tāi-ông-iâ-tsí-tshiū,10,tāi-ông-iâ-chí-chhiū
大甲,tāi-kah,10,tāi-kah
大航海時代,tuā-hâng-hái-sî-tāi,10,tōa-hâng-hái-sî-tāi
大西洋,tāi-se-iûnn,10,tāi-se-iûⁿ
大陸冷氣團,tāi-lio̍k-líng-khì-thuân,10,tāi-lio̍k-léng-khì-thoân
天文學,thian-bûn-ha̍k,10,thian-bûn-ha̍k
天狗熱,thian-káu-jia̍t,10,thian-káu-jia̍t
太平洋,thài-pîng-iûnn,10,thài-pêng-iûⁿ
太平洋地區,thài-pîng-iûnn-tē-khu,10,thài-pêng-iûⁿ-tē-khu
太平洋板塊,thài-pîng-iûnn-pán-khuài,10,thài-pêng-iûⁿ-pán-khoài
太空,thài-khong,10,thài-khong
太陽能發電,thài-iông-lîng-huat-tiān,10,thài-iông-lêng-hoat-tiān
太陽能電枋,thài-iông-lîng-tiān-pang,10,thài-iông-lêng-tiān-pang
失覺察,sit-kak-tshat,10,sit-kak-chhat
好額人,hó-gia̍h-lâng,10,hó-gia̍h-lâng
媒體,muî-thé,10,mûi-thé
孔明車,khóng-bîng-tshia,10,khóng-bêng-chhia
安全帽,an-tsuân-bō,10,an-choân-bō
宗教,tsong-kàu,10,chong-kàu
室內管樂團,sik-lāi-kuán-ga̍k-thuân,10,sek-lāi-koán-ga̍k-thoân
家扶基金會,ka-hû-ki-kim-huē,10,ka-hû-ki-kim-hōe
寄話,kià-uē,10,kià-ōe
寒天,kuânn-thinn,10,kôaⁿ-thiⁿ
寫法,siá-huat,10,siá-hoat
對應,tuì-ìng,10,tùi-èng
對稱中心線,tuì-tshìng-tiong-sim-suànn,10,tùi-chhèng-tiong-sim-sòaⁿ
對聯,tuì-liân,10,tùi-liân
尖角三角形,tsiam-kak-sann-kak-hîng,10,chiam-kak-saⁿ-kak-hêng
山崙,suann-lūn,10,soaⁿ-lūn
山嶺,suann-niá,10,soaⁿ-niá
崩山,pang-suann,10,pang-soaⁿ
工商業社會,kang-siong-gia̍p-siā-huē,10,kang-siong-gia̍p-siā-hōe
工廠,kang-tshiúnn,10,kang-chhiúⁿ
工業,kang-gia̍p,10,kang-gia̍p
工藝,kang-gē,10,kang-gē
巴洛克音樂,pa-lo̍k-khik-im-ga̍k,10,pa-lo̍k-khek-im-ga̍k
市民代表會,tshī-bîn-tāi-piáu-huē,10,chhī-bîn-tāi-piáu-hōe
市長,tshī-tiúnn,10,chhī-tiúⁿ
布袋戲尪仔,pòo-tē-hì-ang-á,10,pò͘-tē-hì-ang-á
干欄式房屋,kan-nuâ-sik-pâng-ok,10,kan-nôa-sek-pâng-ok
平埔族,pênn-poo-tso̍k,10,pêⁿ-po͘-cho̍k
平臺式鋼琴,pênn-tâi-sik-kǹg-khîm,10,pêⁿ-tâi-sek-kǹg-khîm
平行四邊形,pîng-hîng-sì-pinn-hîng,10,pêng-hêng-sì-piⁿ-hêng
度晬,tōo-tsè,10,tō͘-chè
弦樂四重奏,hiân-ga̍k-sù-tîng-tsàu,10,hiân-ga̍k-sù-têng-chàu
強力電磁鐵,kiông-li̍k-tiān-tsû-thih,10,kiông-le̍k-tiān-chû-thih
形容詞,hîng-iông-sû,10,hêng-iông-sû
形態,hîng-thài,10,hêng-thài
形體,hîng-thé,10,hêng-thé
心理,sim-lí,10,sim-lí
心血管疾病,sim-hueh-kńg-tsi̍t-pēnn,10,sim-hoeh-kńg-chi̍t-pēⁿ
心血管病變,sim-hueh-kńg-pēnn-piàn,10,sim-hoeh-kńg-pēⁿ-piàn
心跳,sim-thiàu,10,sim-thiàu
感冒,kám-mōo,10,kám-mō͘
憲法,hiàn-huat,10,hiàn-hoat
成本,sîng-pún,10,sêng-pún
戶政事務所,hōo-tsìng-sū-bū-sóo,10,hō͘-chèng-sū-bū-só͘
所費,sóo-huì,10,só͘-hùi
手巾仔,tshiú-kin-á,10,chhiú-kin-á
手蹄仔,tshiú-tê-á,10,chhiú-tê-á
手電,tshiú-tiān,10,chhiú-tiān
抗生素,khòng-sing-sòo,10,khòng-seng-sò͘
抽象,thiu-siōng,10,thiu-siōng
拍拍,phah-phik,10,phah-phek
拜拜,pài-pài,10,pài-pài
指指,kí-tsáinn,10,kí-cháiⁿ
指示符號,tsí-sī--hû-hō,10,chí-sī--hû-hō
挺水性植物,thíng-tsuí-sìng-si̍t-bu̍t,10,théng-chúi-sèng-si̍t-bu̍t
捷運,tsia̍t-ūn,10,chia̍t-ūn
排球,pâi-kiû,10,pâi-kiû
搬戲,puann-hì,10,poaⁿ-hì
摘要,tiah-iàu,10,tiah-iàu
教堂,kàu-tn̂g,10,kàu-tn̂g
數字,sòo-jī,10,sò͘-jī
文史工作室,bûn-sú-kang-tsok-sik,10,bûn-sú-kang-chok-sek
文字,bûn-jī,10,bûn-jī
文學,bûn-ha̍k,10,bûn-ha̍k
新石器文化,sin-tsio̍h-khì-bûn-huà,10,sin-chio̍h-khì-bûn-hòa
新石器時代,sin-tsio̍h-khì-sî-tāi,10,sin-chio̍h-khì-sî-tāi
新石器時期,sin-tsio̍h-khì-sî-kî,10,sin-chio̍h-khì-sî-kî
方向,hong-hiòng,10,hong-hiòng
日頭懸度角,ji̍t-thâu-kuân-tōo-kak,10,ji̍t-thâu-koân-tō͘-kak
日頭觀測器,ji̍t-thâu-kuan-tshik-khì,10,ji̍t-thâu-koan-chhek-khì
春季大三角,tshun-kuì-tuā-sann-kak,10,chhun-kùi-tōa-saⁿ-kak
時行,sî-kiânn,10,sî-kiâⁿ
普及,phóo-ki̍p,10,phó͘-ki̍p
暑假,sú-ká,10,sú-ká
暗光鳥,àm-kong-tsiáu,10,àm-kong-chiáu
最簡整數比,tsuè-kán-tsíng-sòo-pí,10,chòe-kán-chéng-sò͘-pí
月相的變化,gue̍h-siòng-ê-piàn-huà,10,goe̍h-siòng-ê-piàn-hòa
有機農產品,iú-ki-lông-sán-phín,10,iú-ki-lông-sán-phín
本領,pún-líng,10,pún-léng
朱一貴事件,tsu-it-kuì-sū-kiānn,10,chu-it-kùi-sū-kiāⁿ
林爽文事件,lîm-sóng-bûn-sū-kiānn,10,lîm-sóng-bûn-sū-kiāⁿ
柑仔蜜,kam-á-bi̍t,10,kam-á-bi̍t
格式,keh-sik,10,keh-sek
梯形四角柱,thui-hîng-sì-kak-thiāu,10,thui-hêng-sì-kak-thiāu
棺柴,kuann-tshâ,10,koaⁿ-chhâ
植物,si̍t-bu̍t,10,si̍t-bu̍t
檨仔,suāinn-á,10,soāiⁿ-á
次中音笛仔,tshù-tiong-im-ta̍t-á,10,chhù-tiong-im-ta̍t-á
歌仔,kua-á,10,koa-á
歌仔戲,kua-á-hì,10,koa-á-hì
歌曲,kua-khik,10,koa-khek
歌聲,kua-siann,10,koa-siaⁿ
歌詞,kua-sû,10,koa-sû
歐洲,au-tsiu,10,au-chiu
歡迎,huan-gîng,10,hoan-gêng
正十二邊形,tsiànn-tsa̍p-jī-pinn-hîng,10,chiàⁿ-cha̍p-jī-piⁿ-hêng
正比例關係,tsìng-pí-lē-kuan-hē,10,chèng-pí-lē-koan-hē
死亡,sí-bông,10,sí-bông
殖民,si̍t-bîn,10,si̍t-bîn
每分公尺數,muí-hun-kong-tshioh-sòo,10,múi-hun-kong-chhioh-sò͘
每秒公尺數,muí-bió-kong-tshioh-sòo,10,múi-bió-kong-chhioh-sò͘
比例,pí-lē,10,pí-lē
比較,pí-kàu,10,pí-kàu
民俗,bîn-sio̍k,10,bîn-sio̍k
氟氯碳化物,hut-lio̍k-thuànn-huà-bu̍t,10,hut-lio̍k-thòaⁿ-hòa-bu̍t
氣口,khuì-kháu,10,khùi-kháu
氣味,khì-bī,10,khì-bī
氣象,khì-siōng,10,khì-siōng
水道水,tsuí-tō-tsuí,10,chúi-tō-chúi
沉水性植物,tîm-tsuí-sìng-si̍t-bu̍t,10,tîm-chúi-sèng-si̍t-bu̍t
泅水,siû-tsuí,10,siû-chúi
流行,liû-hîng,10,liû-hêng
流行性感冒,liû-hîng-sìng-kám-mōo,10,liû-hêng-sèng-kám-mō͘
浮葉性植物,phû-hio̍h-sìng-si̍t-bu̍t,10,phû-hio̍h-sèng-si̍t-bu̍t
海沙埔,hái-sua-poo,10,hái-soa-po͘
消化,siau-huà,10,siau-hòa
液化石油氣,i̍k-huà-tsio̍h-iû-khì,10,e̍k-hòa-chio̍h-iû-khì
淡水,tām-tsuí,10,tām-chúi
港口,káng-kháu,10,káng-kháu
港埠型都市,káng-poo-hîng-too-tshī,10,káng-po͘-hêng-to͘-chhī
漁港,hî-káng,10,hî-káng
漏壺計時器,lāu-ôo-kè-sî-khì,10,lāu-ô͘-kè-sî-khì
演員,ián-uân,10,ián-oân
演奏,ián-tsàu,10,ián-chàu
演講,ián-káng,10,ián-káng
漢藥,hàn-io̍h,10,hàn-io̍h
濁水溪,lô-tsuí-khe,10,lô-chúi-khe
濟人答喙鼓,tsē-lâng-tap-tshuì-kóo,10,chē-lâng-tap-chhùi-kó͘
火燒島,hué-sio-tó,10,hóe-sio-tó
無國界醫生,bû-kok-kài-i-sing,10,bû-kok-kài-i-seng
無完全小節,bô-uân-tsuân-sió-tsat,10,bô-oân-choân-sió-chat
無完全燒化,bô-uân-tsuân-sio-huà,10,bô-oân-choân-sio-hòa
無完全變態,bô-uân-tsuân-piàn-thài,10,bô-oân-choân-piàn-thài
無扇葉電風,bû-sìnn-hio̍h-tiān-hong,10,bû-sìⁿ-hio̍h-tiān-hong
煮食,tsú-tsia̍h,10,chú-chia̍h
熱天,jua̍h-thinn,10,joa̍h-thiⁿ
熱帶氣候區,jia̍t-tài-khì-hāu-khu,10,jia̍t-tài-khì-hāu-khu
牡丹社事件,bóo-tan-siā-sū-kiānn,10,bó͘-tan-siā-sū-kiāⁿ
現代化建設,hiān-tāi-huà-kiàn-siat,10,hiān-tāi-hòa-kiàn-siat
球箠,kiû-tshuê,10,kiû-chhôe
瑞士,suī-sū,10,sūi-sū
瓷仔纖維網,huî-á-tshiam-uî-bāng,10,hûi-á-chhiam-ûi-bāng
生物多樣性,sing-bu̍t-to-iūnn-sìng,10,seng-bu̍t-to-iūⁿ-sèng
生質能發電,sing-tsit-lîng-huat-tiān,10,seng-chit-lêng-hoat-tiān
畢氏定理,pit--sī-tīng-lí,10,pit--sī-tēng-lí
番人公學校,huan-jîn-kong-ha̍k-hāu,10,hoan-jîn-kong-ha̍k-hāu
番麥,huan-be̍h,10,hoan-be̍h
發光二極體,huat-kng-jī-ki̍k-thé,10,hoat-kng-jī-ke̍k-thé
發炎,huat-iām,10,hoat-iām
白頭鵠仔,pe̍h-thâu-khok-á,10,pe̍h-thâu-khok-á
百分位數字,pah-hun-uī-sòo-jī,10,pah-hun-ūi-sò͘-jī
百合花,pik-ha̍p-hue,10,pek-ha̍p-hoe
皇民化運動,hông-bîn-huà-ūn-tōng,10,hông-bîn-hòa-ūn-tōng
直轄市政府,ti̍t-hat-tshī-tsìng-hú,10,ti̍t-hat-chhī-chèng-hú
直轄市議會,ti̍t-hat-tshī-gī-huē,10,ti̍t-hat-chhī-gī-hōe
相片,siòng-phìnn,10,siòng-phìⁿ
碼頭,bé-thâu,10,bé-thâu
神經,sîn-king,10,sîn-keng
秋季四邊形,tshiu-kuì-sì-pinn-hîng,10,chhiu-kùi-sì-piⁿ-hêng
科學,kho-ha̍k,10,kho-ha̍k
空心塑膠枋,khang-sim-sok-ka-pang,10,khang-sim-sok-ka-pang
空氣,khong-khì,10,khong-khì
空氣發射器,khong-khì-huat-siā-khì,10,khong-khì-hoat-siā-khì
第一人稱法,tē-it-jîn-tshing-huat,10,tē-it-jîn-chheng-hoat
第一小提琴,tē-it-sió-thê-khîm,10,tē-it-sió-thê-khîm
第三人稱法,tē-sann-jîn-tshing-huat,10,tē-saⁿ-jîn-chheng-hoat
第二人稱法,tē-jī-jîn-tshing-huat,10,tē-jī-jîn-chheng-hoat
第二小提琴,tē-jī-sió-thê-khîm,10,tē-jī-sió-thê-khîm
等腰三角形,tíng-io-sann-kak-hîng,10,téng-io-saⁿ-kak-hêng
等邊三角形,tíng-pinn-sann-kak-hîng,10,téng-piⁿ-saⁿ-kak-hêng
籃球,nâ-kiû,10,nâ-kiû
粉紅仔色,hún-âng-á-sik,10,hún-âng-á-sek
粒積,lia̍p-tsik,10,lia̍p-chek
紅頭嶼,âng-thâu-sū,10,âng-thâu-sū
素食,sòo-si̍t,10,sò͘-si̍t
紡織,pháng-tsit,10,pháng-chit
細懸浮微粒,sè-hiân-hû-bî-lia̍p,10,sè-hiân-hû-bî-lia̍p
細聲,sè-siann,10,sè-siaⁿ
細菌,sè-khún,10,sè-khún
結論,kiat-lūn,10,kiat-lūn
網路攝影機,bāng-lōo-liap-iánn-ki,10,bāng-lō͘-liap-iáⁿ-ki
緊急安置所,kín-kip-an-tì-sóo,10,kín-kip-an-tì-só͘
羅馬字,lô-má-jī,10,lô-má-jī
義務,gī-bū,10,gī-bū
習慣,si̍p-kuàn,10,si̍p-koàn
翻譯,huan-i̍k,10,hoan-e̍k
考試,khó-tshì,10,khó-chhì
聖經,sìng-king,10,sèng-keng
聖誕節,sìng-tàn-tseh,10,sèng-tàn-cheh
聲調,siann-tiāu,10,siaⁿ-tiāu
聲音三要素,siann-im-sann-iàu-sòo,10,siaⁿ-im-saⁿ-iàu-sò͘
肚臍,tōo-tsâi,10,tō͘-châi
肺炎,hì-iām,10,hì-iām
腰尺,io-tshioh,10,io-chhioh
自然保留區,tsū-jiân-pó-liû-khu,10,chū-jiân-pó-liû-khu
自然過渡法,tsū-jiân-kuè-tōo-huat,10,chū-jiân-kòe-tō͘-hoat
臺北赤蛤仔,tâi-pak-tshiah-kap-á,10,tâi-pak-chhiah-kap-á
臺南孔子廟,tâi-lâm-khóng-tsú-biō,10,tâi-lâm-khóng-chú-biō
臺灣三大圳,tâi-uân-sann-tuā-tsùn,10,tâi-oân-saⁿ-tōa-chùn
臺灣原住民,tâi-uân-guân-tsū-bîn,10,tâi-oân-goân-chū-bîn
臺灣民主國,tâi-uân-bîn-tsú-kok,10,tâi-oân-bîn-chú-kok
臺灣總督府,tâi-uân-tsóng-tok-hú,10,tâi-oân-chóng-tok-hú
舊石器時代,kū-tsio̍h-khì-sî-tāi,10,kū-chio̍h-khì-sî-tāi
舊石器時期,kū-tsio̍h-khì-sî-kî,10,kū-chio̍h-khì-sî-kî
舞台,bú-tâi,10,bú-tâi
航空,hâng-khong,10,hâng-khong
艋舺,báng-kah,10,báng-kah
草蓆,tsháu-tshio̍h,10,chháu-chhio̍h
莫氏𠕇度,bo̍h--sī-tīng-tōo,10,bo̍h--sī-tēng-tō͘
華語,huâ-gí,10,hôa-gí
藍地黃虎旗,nâ-tē-n̂g-hóo-kî,10,nâ-tē-n̂g-hó͘-kî
藝術,gē-su̍t,10,gē-su̍t
行政,hîng-tsìng,10,hêng-chèng
街仔路,ke-á-lōo,10,ke-á-lō͘
表演,piáu-ián,10,piáu-ián
表現,piáu-hiān,10,piáu-hiān
表達,piáu-ta̍t,10,piáu-ta̍t
表面,piáu-bīn,10,piáu-bīn
衫弓仔,sann-king-á,10,saⁿ-keng-á
被扶養人口,pī-hû-ióng-jîn-kháu,10,pī-hû-ióng-jîn-kháu
複式顯微鏡,ho̍k-sik-hián-bî-kiànn,10,ho̍k-sek-hián-bî-kiàⁿ
西來庵事件,se-lâi-am-sū-kiānn,10,se-lâi-am-sū-kiāⁿ
觀光導覽圖,kuan-kong-tō-lám-tôo,10,koan-kong-tō-lám-tô͘
觀察,kuan-tshat,10,koan-chhat
角度,kak-tōo,10,kak-tō͘
角色,kak-sik,10,kak-sek
解說,kái-sueh,10,kái-soeh
討食,thó-tsia̍h,10,thó-chia̍h
訓練,hùn-liān,10,hùn-liān
記者,kì-tsiá,10,kì-chiá
記載,kì-tsài,10,kì-chài
設定,siat-tīng,10,siat-tēng
診所,tsín-sóo,10,chín-só͘
話屎,uē-sái,10,ōe-sái
語文,gí-bûn,10,gí-bûn
語音,gí-im,10,gí-im
譬喻,phì-jū,10,phì-jū
議員,gī-uân,10,gī-oân
議論,gī-lūn,10,gī-lūn
豆魚肉卵類,tāu-hî-bah-nn̄g-luī,10,tāu-hî-bah-nn̄g-lūi
責任,tsik-jīm,10,chek-jīm
資源,tsu-guân,10,chu-goân
資源回收桶,tsu-guân-huê-siu-tháng,10,chu-goân-hôe-siu-tháng
資訊電子業,tsu-sìn-tiān-tsú-gia̍p,10,chu-sìn-tiān-chú-gia̍p
質因數分解,tsit-in-sòo-hun-kái,10,chit-in-sò͘-hun-kái
軟體,nńg-thé,10,nńg-thé
辭典,sû-tián,10,sû-tián
農藥,lông-io̍h,10,lông-io̍h
逆時針方向,gi̍k-sî-tsiam-hong-hiòng,10,ge̍k-sî-chiam-hong-hiòng
通知,thong-ti,10,thong-ti
連續乘除法,liân-sio̍k-sîng-tî-huat,10,liân-sio̍k-sêng-tî-hoat
連續加減法,liân-sio̍k-ka-kiám-huat,10,liân-sio̍k-ka-kiám-hoat
連通管原理,liân-thong-kóng-guân-lí,10,liân-thong-kóng-goân-lí
連通管現象,liân-thong-kóng-hiān-siōng,10,liân-thong-kóng-hiān-siōng
進口,tsìn-kháu,10,chìn-kháu
郭懷一事件,kueh-huâi-it-sū-kiānn,10,koeh-hoâi-it-sū-kiāⁿ
郵局,iû-kio̍k,10,iû-kio̍k
都市,too-tshī,10,to͘-chhī
都會,too-huē,10,to͘-hōe
鄉民代表會,hiong-bîn-tāi-piáu-huē,10,hiong-bîn-tāi-piáu-hōe
鄭氏時代,tēnn--sī-sî-tāi,10,tēⁿ--sī-sî-tāi
鄭氏王朝,tēnn--sī-ông-tiâu,10,tēⁿ--sī-ông-tiâu
酸性水溶液,sng-sìng-tsuí-iông-i̍k,10,sng-sèng-chúi-iông-e̍k
酸鹼指示劑,sng-kinn-tsí-sī-tse,10,sng-kiⁿ-chí-sī-che
野百合學運,iá-pik-ha̍p-ha̍k-ūn,10,iá-pek-ha̍p-ha̍k-ūn
金屬器時代,kim-sio̍k-khì-sî-tāi,10,kim-sio̍k-khì-sî-tāi
金屬器時期,kim-sio̍k-khì-sî-kî,10,kim-sio̍k-khì-sî-kî
金廣福公館,kim-kóng-hok-kong-kuán,10,kim-kóng-hok-kong-koán
金門,kim-mn̂g,10,kim-mn̂g
釣魚台列嶼,tiò-hî-tâi-lia̍t-sū,10,tiò-hî-tâi-lia̍t-sū
鈍角三角形,tūn-kak-sann-kak-hîng,10,tūn-kak-saⁿ-kak-hêng
銀角仔,gîn-kak-á,10,gîn-kak-á
鋰離子電池,lí-lî-tsú-tiān-tî,10,lí-lî-chú-tiān-tî
鐵枝路,thih-ki-lōo,10,thih-ki-lō͘
鐵馬,thih-bé,10,thih-bé
開國紀念日,khai-kok-kì-liām-ji̍t,10,khai-kok-kì-liām-ji̍t
開放性肺癆,khai-hòng-sìng-hì-lô,10,khai-hòng-sèng-hì-lô
阿拉伯板塊,a-la-pik-pán-khuài,10,a-la-pek-pán-khoài
阿里山山脈,a-lí-san-suann-me̍h,10,a-lí-san-soaⁿ-me̍h
階級,kai-kip,10,kai-kip
雞卵糕,ke-nn̄g-ko,10,ke-nn̄g-ko
雞籠,ke-lâng,10,ke-lâng
雨水,hōo-tsuí,10,hō͘-chúi
電子化世界,tiān-tsú-huà-sè-kài,10,tiān-chú-hòa-sè-kài
電池,tiān-tî,10,tiān-tî
電腦,tiān-náu,10,tiān-náu
電風,tiān-hong,10,tiān-hong
露水,lōo-tsuí,10,lō͘-chúi
青壯年人口,tshing-tsòng-liân-jîn-kháu,10,chheng-chòng-liân-jîn-kháu
青苔,tshenn-thî,10,chheⁿ-thî
青菜,tshenn-tshài,10,chheⁿ-chhài
非洲,hui-tsiu,10,hui-chiu
面巾,bīn-kin,10,bīn-kin
順時針方向,sūn-sî-tsiam-hong-hiòng,10,sūn-sî-chiam-hong-hiòng
風吹,hong-tshue,10,hong-chhoe
食品添加物,si̍t-phín-thiam-ka-bu̍t,10,si̍t-phín-thiam-ka-bu̍t
食物,si̍t-bu̍t,10,si̍t-bu̍t
食頭路,tsia̍h-thâu-lōo,10,chia̍h-thâu-lō͘
飯匙銃,pn̄g-sî-tshìng,10,pn̄g-sî-chhèng
體格,thé-keh,10,thé-keh
高氣壓中心,ko-khì-ap-tiong-sim,10,ko-khì-ap-tiong-sim
高科技產業,ko-kho-ki-sán-gia̍p,10,ko-kho-ki-sán-gia̍p
高音譜記號,ko-im-phóo-kì-hō,10,ko-im-phó͘-kì-hō
高齡化社會,ko-lîng-huà-siā-huē,10,ko-lêng-hòa-siā-hōe
鹼性水溶液,kinn-sìng-tsuí-iông-i̍k,10,kiⁿ-sèng-chúi-iông-e̍k
鹿耳門水路,lo̍k-ní-mn̂g-tsuí-lōo,10,lo̍k-ní-mn̂g-chúi-lō͘
麻糍,muâ-tsî,10,môa-chî
𥰔仔類樂器,phín-á-luī-ga̍k-khì,10,phín-á-lūi-ga̍k-khì
羽毛球,ú-môo-kiû,9,ú-mô͘-kiû
評論,phîng-lūn,9,phêng-lūn
耕者有其田,king--tsiá-iú-kî-tiân,8,keng--chiá-iú-kî-tiân
貝氏洗喙法,puè--sī-sé-tshuì-huat,8,pòe--sī-sé-chhùi-hoat
畢業,pit-gia̍p,5,pit-gia̍p
錄音,lo̍k-im,5,lo̍k-im
中元,tiong-guân,3,tiong-goân
主席,tsú-si̍k,2,chú-se̍k
勒索,li̍k-sik,2,le̍k-sek
國語,kok-gí,2,kok-gí
平埔,pênn-poo,2,pêⁿ-po͘
注音,tsù-im,2,chù-im
湳仔,làm-á,2,làm-á
䘥仔,kah-á,1,kah-á
三貂角,sam-tiau-kak,1,sam-tiau-kak
上元,siōng-guân,1,siōng-goân
下課,hā-khò,1,hā-khò
世紀,sè-kí,1,sè-kí
中性,tiong-sìng,1,tiong-sèng
九份仔,káu-hūn-á,1,káu-hūn-á
五日節,gōo-ji̍t-tseh,1,gō͘-ji̍t-cheh
五月節,gōo-gue̍h-tseh,1,gō͘-goe̍h-cheh
亡魂,bông-hûn,1,bông-hûn
人文,jîn-bûn,1,jîn-bûn
代名詞,tāi-bîng-sû,1,tāi-bêng-sû
低音,kē-im,1,kē-im
作文,tsok-bûn,1,chok-bûn
例句,lē-kù,1,lē-kù
俗諺,sio̍k-gān,1,sio̍k-gān
倫理,lûn-lí,1,lûn-lí
做戲,tsò-hì,1,chò-hì
儒家,jû-ka,1,jû-ka
元宵,guân-siau,1,goân-siau
公克,kong-khik,1,kong-khek
公升,kong-tsin,1,kong-chin
公厘,kong-lî,1,kong-lî
公廨,kong-kài,1,kong-kài
公益,kong-ik,1,kong-ek
冷凍,líng-tòng,1,léng-tòng
分析,hun-sik,1,hun-sek
分鐘,hun-tsing,1,hun-cheng
副詞,hù-sû,1,hù-sû
加話,ke-uē,1,ke-ōe
動作,tōng-tsok,1,tōng-chok
動力,tōng-li̍k,1,tōng-le̍k
化石,huà-tsio̍h,1,hòa-chio̍h
區別,khu-pia̍t,1,khu-pia̍t
卑南溪,pi-lâm-khe,1,pi-lâm-khe
南管,lâm-kuán,1,lâm-koán
博覽會,phok-lám-huē,1,phok-lám-hōe
卡片,khah-phìnn,1,khah-phìⁿ
印刷,ìn-suat,1,ìn-soat
印度洋,ìn-tōo-iûnn,1,ìn-tō͘-iûⁿ
原文,guân-bûn,1,goân-bûn
反射,huán-siā,1,hoán-siā
口白,kháu-pe̍h,1,kháu-pe̍h
口語,kháu-gí,1,kháu-gí
句點,kù-tiám,1,kù-tiám
台詞,tâi-sû,1,tâi-sû
司公鈃,sai-kong-giang,1,sai-kong-giang
吸引,khip-ín,1,khip-ín
商量,siong-liông,1,siong-liông
四季,sù-kuì,1,sù-kùi
固體,kòo-thé,1,kò͘-thé
國中,kok-tiong,1,kok-tiong
土星,thóo-tshenn,1,thó͘-chheⁿ
場地,tiûnn-tē,1,tiûⁿ-tē
塗肉,thôo-bah,1,thô͘-bah
塭仔,ùn-á,1,ùn-á
墨硯,ba̍k-hīnn,1,ba̍k-hīⁿ
夏至,hē-tsì,1,hē-chì
大暑,tāi-sú,1,tāi-sú
大甲溪,tāi-kah-khe,1,tāi-kah-khe
天星,thinn-tshenn,1,thiⁿ-chheⁿ
婚姻,hun-in,1,hun-in
子宮,tsú-kiong,1,chú-kiong
字典,jī-tián,1,jī-tián
字形,jī-hîng,1,jī-hêng
字義,jī-gī,1,jī-gī
字體,jī-thé,1,jī-thé
學仔,o̍h-á,1,o̍h-á
學名,ha̍k-miâ,1,ha̍k-miâ
學堂,o̍h-tn̂g,1,o̍h-tn̂g
宇宙,ú-tiū,1,ú-tiū
富貴角,hù-kuì-kak,1,hù-kùi-kak
寒流,hân-liû,1,hân-liû
寓言,gū-giân,1,gū-giân
實踐,si̍t-tsiān,1,si̍t-chiān
寫字,siá-jī,1,siá-jī
專長,tsuan-tióng,1,choan-tióng
對話,tuì-uē,1,tùi-ōe
小數,sió-sòo,1,sió-sò͘
小暑,siáu-sú,1,siáu-sú
小滿,siáu-buán,1,siáu-boán
山脈,suann-me̍h,1,soaⁿ-me̍h
島嶼,tó-sū,1,tó-sū
崇拜,tsông-pài,1,chông-pài
崙仔,lūn-á,1,lūn-á
差別,tsha-pia̍t,1,chha-pia̍t
巴士海峽,pa-sū-hái-kiap,1,pa-sū-hái-kiap
干樂,kan-lo̍k,1,kan-lo̍k
平仄,piânn-tseh,1,piâⁿ-cheh
平均,pîng-kin,1,pêng-kin
平洋,pênn-iûnn,1,pêⁿ-iûⁿ
平衡,pîng-hîng,1,pêng-hêng
康熙,khong-hi,1,khong-hi
引用,ín-iōng,1,ín-iōng
復原,ho̍k-guân,1,ho̍k-goân
性格,sìng-keh,1,sèng-keh
意義,ì-gī,1,ì-gī
意譯,ì-i̍k,1,ì-e̍k
戒嚴,kài-giâm,1,kài-giâm
手電仔,tshiú-tiān-á,1,chhiú-tiān-á
批信,phue-sìn,1,phoe-sìn
排列,pâi-lia̍t,1,pâi-lia̍t
採購,tshái-kòo,1,chhái-kò͘
提案,thê-àn,1,thê-àn
支出,tsi-tshut,1,chi-chhut
收成,siu-sîng,1,siu-sêng
敗市,pāi-tshī,1,pāi-chhī
散文,suànn-bûn,1,sòaⁿ-bûn
族群,tso̍k-kûn,1,cho̍k-kûn
春分,tshun-hun,1,chhun-hun
暗號,àm-hō,1,àm-hō
曲盤,khik-puânn,1,khek-pôaⁿ
書寫,su-siá,1,su-siá
書面語,su-bīn-gí,1,su-bīn-gí
曾文溪,tsan-bûn-khe,1,chan-bûn-khe
會社,huē-siā,1,hōe-siā
會議,huē-gī,1,hōe-gī
朗讀,lóng-tho̍k,1,lóng-tho̍k
木星,bo̍k-tshenn,1,bo̍k-chheⁿ
本島,pún-tó,1,pún-tó
東海,tang-hái,1,tang-hái
柴油,tshâ-iû,1,chhâ-iû
森林,sim-lîm,1,sim-lîm
構造,kòo-tsō,1,kò͘-chō
樹枝,tshiū-ki,1,chhiū-ki
歌詩,kua-si,1,koa-si
殖民地,si̍t-bîn-tē,1,si̍t-bîn-tē
比喻,pí-jū,1,pí-jū
比論,pí-lūn,1,pí-lūn
氣候,khì-hāu,1,khì-hāu
水壺,tsuí-ôo,1,chúi-ô͘
水星,tsuí-tshenn,1,chúi-chheⁿ
水晶,tsuí-tsinn,1,chúi-chiⁿ
水路,tsuí-lōo,1,chúi-lō͘
水頭,tsuí-thâu,1,chúi-thâu
沙漠,sua-bo̍k,1,soa-bo̍k
洞簫,tōng-siau,1,tōng-siau
海洋,hái-iûnn,1,hái-iûⁿ
海角,hái-kak,1,hái-kak
消費,siau-huì,1,siau-hùi
淡水河,tām-tsuí-hô,1,tām-chúi-hô
溪口,khe-kháu,1,khe-kháu
滬尾,hōo-bué,1,hō͘-bóe
漢人,hàn-jîn,1,hàn-jîn
漢學仔,hàn-o̍h-á,1,hàn-o̍h-á
漢文,hàn-bûn,1,hàn-bûn
漢醫,hàn-i,1,hàn-i
火星,hué-tshenn,1,hóe-chheⁿ
火炭,hué-thuànn,1,hóe-thòaⁿ
烏色,oo-sik,1,o͘-sek
牌匾,pâi-pián,1,pâi-pián
理念,lí-liām,1,lí-liām
瑞穗,suī-suī,1,sūi-sūi
生態,sing-thài,1,seng-thài
田佃,tshân-tiān,1,chhân-tiān
疑問,gî-būn,1,gî-būn
病毒,pēnn-to̍k,1,pēⁿ-to̍k
發揮,huat-hui,1,hoat-hui
發燒,huat-sio,1,hoat-sio
發癀,huat-hông,1,hoat-hông
白色恐怖,pe̍h-sik-khióng-pòo,1,pe̍h-sek-khióng-pò͘
皮膚,phuê-hu,1,phôe-hu
石獅,tsio̍h-sai,1,chio̍h-sai
硫磺,liû-hông,1,liû-hông
磅子,pōng-tsí,1,pōng-chí
礦物,khòng-bu̍t,1,khòng-bu̍t
神社,sîn-siā,1,sîn-siā
移民,î-bîn,1,î-bîn
種作,tsìng-tsoh,1,chèng-choh
稱呼,tshing-hoo,1,chheng-ho͘
空地,khàng-tē,1,khàng-tē
立夏,li̍p-hē,1,li̍p-hē
立春,li̍p-tshun,1,li̍p-chhun
符號,hû-hō,1,hû-hō
節奏,tsiat-tsàu,1,chiat-chàu
紅包,âng-pau,1,âng-pau
索引,sik-ín,1,sek-ín
細胞,sè-pau,1,sè-pau
組織,tsoo-tsit,1,cho͘-chit
結婚,kiat-hun,1,kiat-hun
結構,kiat-kòo,1,kiat-kò͘
統治,thóng-tī,1,thóng-tī
經度,king-tōo,1,keng-tō͘
經線,king-suànn,1,keng-sòaⁿ
緣故,iân-kòo,1,iân-kò͘
美感,bí-kám,1,bí-kám
美洲,bí-tsiu,1,bí-chiu
耳機,hīnn-ki,1,hīⁿ-ki
聯想,liân-sióng,1,liân-sióng
聲帶,siann-tuà,1,siaⁿ-tòa
胸坎,hing-khám,1,heng-khám
能力,lîng-li̍k,1,lêng-le̍k
脫離,thuat-lī,1,thoat-lī
脾氣,phî-khì,1,phî-khì
腐敗,hú-pāi,1,hú-pāi
花矸,hue-kan,1,hoe-kan
花蕊,hue-luí,1,hoe-lúi
英文,ing-bûn,1,eng-bûn
草稿,tshó-kó,1,chhó-kó
菜蔬,tshài-se,1,chhài-se
葡萄牙,phû-tô-gâ,1,phû-tô-gâ
葵扇,khuê-sìnn,1,khôe-sìⁿ
藝術家,gē-su̍t-ka,1,gē-su̍t-ka
藥單,io̍h-tuann,1,io̍h-toaⁿ
街仔,ke-á,1,ke-á
規範,kui-huān,1,kui-hoān
言詞,giân-sû,1,giân-sû
言語,giân-gí,1,giân-gí
詐騙,tsà-phiàn,1,chà-phiàn
詩人,si-jîn,1,si-jîn
語氣,gí-khì,1,gí-khì
語氣詞,gí-khì-sû,1,gí-khì-sû
語詞,gí-sû,1,gí-sû
諺語,gān-gí,1,gān-gí
講演,káng-ián,1,káng-ián
讀者,tho̍k-tsiá,1,tho̍k-chiá
貨櫃,huè-kuī,1,hòe-kūi
貿易,bōo-i̍k,1,bō͘-e̍k
資訊,tsu-sìn,1,chu-sìn
走廊,tsáu-lông,1,cháu-lông
走標,tsáu-pio,1,cháu-pio
路徑,lōo-kìng,1,lō͘-kèng
身材,sin-tsâi,1,sin-châi
車心,tshia-sim,1,chhia-sim
軸,ti̍k,1,te̍k
輸入,su-ji̍p,1,su-ji̍p
通路,thong-lōo,1,thong-lō͘
運輸,ūn-su,1,ūn-su
道教,tō-kàu,1,tō-kàu
部落,pōo-lo̍k,1,pō͘-lo̍k
鄉里,hiunn-lí,1,hiuⁿ-lí
酒開仔,tsiú-khui-á,1,chiú-khui-á
野柳,iá-liú,1,iá-liú
金星,kim-tshenn,1,kim-chheⁿ
鋼琴,kǹg-khîm,1,kǹg-khîm
關稅,kuan-suè,1,koan-sòe
陣頭,tīn-thâu,1,tīn-thâu
雄骨,hiông-kut,1,hiông-kut
靈感,lîng-kám,1,lêng-kám
面積,bīn-tsik,1,bīn-chek
音譯,im-i̍k,1,im-e̍k
骰仔,tâu-á,1,tâu-á
體操,thé-tshau,1,thé-chhau
高屏溪,ko-pîn-khe,1,ko-pîn-khe
高手,ko-tshiú,1,ko-chhiú
高速公路,ko-sok-kong-lōo,1,ko-sok-kong-lō͘
魚塭,hî-ùn,1,hî-ùn
魚鱗,hî-lân,1,hî-lân
齒岸,khí-huānn,1,khí-hōaⁿ
朔,sok,0,sok
