hanzi,tl
一【替】,tsi̍t
一,it
一刀兩斷,it-to-lióng-tuān
一下,tsi̍t-ē
一月日,tsi̍t gue̍h-ji̍t/tsi̍t ge̍h-li̍t
一日到暗,tsi̍t-ji̍t-kàu-àm/tsi̍t-li̍t-kàu-àm
一世人,tsi̍t-sì-lâng
一半,tsi̍t-puànn
一半个仔,tsi̍t-puànn-ê-á
一半日仔,tsi̍t-puànn-ji̍t-á/tsi̍t-puànn-li̍t-á
一四界,tsi̍t-sì-kè/tsi̍t-sì-kuè
一旦,it-tàn
一生,it-sing
一目𥍉仔,tsi̍t-ba̍k-nih-á
一甲子,tsi̍t kah-tsí
一百空一,tsi̍t-pah khòng-it
一來,it--lâi
一定,it-tīng
一直,it-ti̍t
一律,it-lu̍t
一致,it-tì
一面,tsi̍t-bīn
一垺屎,tsi̍t-pû-sái
一屑仔,tsi̍t-sut-á
一家伙仔,tsi̍t-ke-hué-á/tsi̍t-ke-hé-á
一般,it-puann
一粒一,it-lia̍p-it
一睏仔,tsi̍t-khùn-á
一概,it-khài
一路,tsi̍t-lōo
一寡,--tsi̍t-kuá
一寡仔,tsi̍t-kuá-á
一對時,tsi̍t tuì-sî
一霎仔久,tsi̍t-tiap-á-kú
一點仔,tsi̍t-tiám-á
一礐屎,tsi̍t-ha̍k-sái
一觸久仔,tsi̍t-tak-kú-á
乙,it
丁,ting
七,tshit
九,【白】káu
九,【文】kiú
了,liáu
二,jī/lī
人,jîn/lîn
人【替】,lâng
入,ji̍p/li̍p
八,【文】pat
八,【白】peh/pueh
刀,to
刁,tiau
力,【白】la̍t
力,【文】li̍k
十,【白】tsa̍p
十,【文】si̍p
卜【替】,poh
卜,pok
又,iū
十一哥,tsa̍p-it-ko
了了,liáu-liáu
了了,--liáu-liáu
人人,lâng-lâng
十二分,tsa̍p-jī-hun/tsa̍p-lī-hun
十二生相,tsa̍p-jī senn-siùnn/tsa̍p-lī sinn-siùnn
十二指腸,si̍p-jī-tsí-tn̂g/si̍p-lī-tsí-tn̂g
二九暝,Jī-káu-mê/Lī-káu-mî
十八骰仔,si̍p-pat-tâu-á
十八變,tsa̍p-peh-piàn/tsa̍p-pueh-piàn
七夕,tshit-sia̍h
了工,liáu-kang
人工,lâng-kang
人才,lâng-tsâi
入土,ji̍p-thóo/li̍p-thóo
刁工,thiau-kang
人中,jîn-tiong/lîn-tiong
七孔,tshit-khóng
九孔,káu-kháng
二手,jī-tshiú/lī-tshiú
入木,ji̍p-bo̍k/li̍p-bo̍k
八仙,pat-sian
刀仔,to-á
八仙桌,pat-sian-toh
八仙綵,pat-sian-tshái
刁古董,tiau-kóo-tóng
了本,liáu-pún
人民,jîn-bîn/lîn-bîn
人生,jîn-sing/lîn-sing
刀石,to-tsio̍h
十全,tsa̍p-tsn̂g
十全,si̍p-tsuân
八字,peh-jī/pueh-lī
七字仔,tshit-jī-á/tshit-lī-á
十字架,si̍p-jī-kè/si̍p-lī-kè
八字跤,pat-jī-kha/pat-lī-kha
十字路,si̍p-jī-lōo/si̍p-lī-lōo
七早八早,tshit-tsá-peh-tsá/tshit-tsá-pueh-tsá
入耳,ji̍p-ní/li̍p-ní
刀肉,to-bah
七老八老,tshit-lāu-peh-lāu/tshit-lāu-pueh-lāu
了尾仔囝,liáu-bué-á-kiánn/liáu-bé-á-kiánn
二步七仔,--jī-pōo-tshit-á/--lī-pōo-tshit-á
八角,peh-kak/pueh-kak
十足,tsa̍p-tsiok
九芎仔,kiú-kiong-á
人事,jîn-sū/lîn-sū
八卦,pat-kuà
卜卦,pok-kuà
二房,jī-pâng/lī-pâng
人物,jîn-bu̍t/lîn-bu̍t
十花五色,tsa̍p-hue-gōo-sik
入門,ji̍p-mn̂g/li̍p-mn̂g
人客,lâng-kheh
了後,liáu-āu
七星,tshit-tshenn/tshit-tshinn
二指,jī-tsáinn/lī-tsáinn
刁持,tiau-tî
刁故意,tiau-kòo-ì
刀柄,to-pènn/to-pìnn
八珍,pat-tin
人面,lâng-bīn
人倫,jîn-lûn/lîn-lûn
人員,jîn-uân/lîn-uân
入厝,ji̍p-tshù/li̍p-tshù
七娘媽,Tshit-niû-má
七娘媽生,Tshit-niû-má-senn/Tshit-niû-má-sinn
人家,jîn-ke/lîn-ke
人家厝仔,jîn-ke-tshù-á/lîn-ke-tshù-á
八家將,pat-ka-tsiòng
人格,jîn-keh/lîn-keh
人氣,jîn-khì/lîn-khì
刀砧,to-tiam
人馬,jîn-má/lîn-má
入院,ji̍p-īnn/li̍p-īnn
人參,jîn-sim/lîn-sim
人情,jîn-tsîng/lîn-tsîng
人情世事,jîn-tsîng-sè-sū/lîn-tsîng-sè-sū
入教,ji̍p-kàu/li̍p-kàu
人望,jîn-bōng/lîn-bōng
人造,jîn-tsō/lîn-tsō
刀喙,to-tshuì
入場,ji̍p-tiûnn/li̍p-tiûnn
了然,liáu-jiân/liáu-liân
力量,li̍k-liōng
刁意故,thiau-ì-kòo
七爺,Tshit-iâ
刀銎,to-khing
又閣,iū-koh
人影,lâng-iánn
九層塔,káu-tsàn-thah
人範,lâng-pān
人緣,lâng-iân
入學,ji̍p-o̍h/li̍p-o̍h
入選,ji̍p-suán/li̍p-suán
了錢,liáu-tsînn
人頭,lâng-thâu
力頭,la̍t-thâu
入殮,ji̍p-liām/li̍p-liām
入聲,ji̍p-siann/li̍p-siann
刁難,thiau-lân
人權,jîn-khuân/lîn-khuân
丈,【白】tn̄g
三,【文】sam
三,【白】sann
上,【白】tsiūnn
上,【白】tshiūnn
上,【文】siōng
下,【白】ē
下,【文】hā
下,【白】hē
低【替】,kē
个,ê
丸,uân
久,【白】kú
么,io
乞,khit
也,iā
亡,bông
凡,huân
凡,huān
千,【文】tshian
千,【白】tshing
叉,tshe
口,【白】kháu
土,thóo
士,sū
大【替】,ta
大,【文】tāi
大,【白】tuā
女,【白】lí/lú
女,【文】lú
子,【白】tsí
子,【文】tsú
子【替】,jí/lí
寸,tshùn
小,【文】siáu
小,【白】sió
山,【文】san
山,【白】suann
工,【白】kang
工,【文】kong
己,【文】kí
巳,【白】tsī
巾,kin/kun
干,kan
弓,【白】king
才,tsâi
才【替】,tsiah
才,tshâi
下𦜆,ē-ham
丈人,tiūnn-lâng
三八,sam-pat
土人,thóo-lâng
大人,tāi-jîn/tāi-lîn
大人,tuā-lâng
大力,tuā-la̍t
小人,siáu-jîn/siáu-lîn
川七,tshuan-tshit
工人,kang-lâng
丈人公,tiūnn-lâng-kong
三七仔,sam-tshit-á
丈人爸,tiūnn-lâng-pâ
三八氣,sam-pat-khuì
丈人媽,tiūnn-lâng-má
上久,siōng-kú
上山,tsiūnn-suann
下山,hā-san
久久,kú-kú
大下,tuā-ē
小口,sió-kháu
小工,sió-kang
才子,tsâi-tsú
大丈夫,tāi-tiōng-hu
干干仔,kan-kan-á
三山國王,Sam-san-kok-ông
千千萬萬,tshian-tshian-bān-bān
上山頭,tsiūnn-suann-thâu
丈公,tiūnn-kong
上元,Siōng-guân
下元,Hā-guân
下勻,ē-ûn
大不了,tāi-put-liáu
三不五時,sam-put-gōo-sî
土公仔,thóo-kong-á
小丑仔,siáu-thiú-á
土公仔性,thóo-kong-á-sìng
上元暝,Siōng-guân-mê/Siōng-guân-mî
上午,siōng-ngóo
上天,siōng-thian
上手,tsiūnn-tshiú
上水,tshiūnn-tsuí
下午,hā-ngóo
下手,hē-tshiú
下手,ē-tshiú
下水,hā-suí
土木,thóo-bo̍k
大方,tāi-hong
大日,tuā-ji̍t/tuā-li̍t
大月,tuā-gue̍h/tuā-ge̍h
寸尺,tshùn-tshioh
小心,sió-sim
小月,sió-gue̍h/sió-ge̍h
小木,sió-ba̍k
工夫,kang-hu
三太子,Sam-thài-tsú
上尺工,siāng-tshe-kong
三心兩意,sam-sim-lióng-ì
大心氣,tuā-sim-khuì
千斤秤,tshian-kin-tshìn/tshian-kun-tshìn
三文魚,sam-bûn-hî/sam-bûn-hû
下水湯,hā-suí-thng
大爿,tuā-pîng
丸仔,uân-á
大兄,tuā-hiann
工仔,kang-á
巾仔,kin-á/kun-á
弓仔,king-á
大主大意,tuā-tsú-tuā-ì
大代誌,tuā tāi-tsì
上加,siōng-ke
上北,tsiūnn-pak
下司,ē-si
土包仔,thóo-pau-á
小可仔,sió-khuá-á
大四界,tuā-sì-kè/tuā-sì-kuè
上卌袂攝,tsiūnn-siap-bē-liap/tsiūnn-siap-buē-liap
下半暝,ē-puànn-mê/ē-puànn-mî
上市,tsiūnn-tshī
下本,hē-pún
大本,tuā-pún
小旦,sió-tuànn
上目,tsiūnn-ba̍k
口白,kháu-pe̍h
大目,tuā-ba̍k
小生,sió-sing
小玉仔,sió-gio̍k-á
小白菜,sió-pe̍h-tshài
大甲蓆,Tāi-kah-tshio̍h
上任,tsiūnn-jīm/tsiūnn-līm
久仰,kiú-gióng
干休,kan-hiu
大名,tuā-miâ
大囝,tuā-kiánn
小名,sió-miâ
小囝,sió-kiánn
大同仔,tāi-tông-á
上好,siōng hó
也好,iā hó
土地,thóo-tē/thóo-tuē
土地公,Thóo-tī-kong
下早仔,e-tsái-á
大耳,tuā-hīnn/tuā-hī
大舌,tuā-tsi̍h
大伯,tuā-peh
大位,tuā-uī
工作,kang-tsok
山伯英台,San-phik-Ing-tâi
大妗,tuā-kīm
山尾溜,suann-bué-liu/suann-bé-liu
子弟,tsú-tē
小弟,sió-tī
子弟戲,tsú-tē-hì
三更,sann-kenn/sann-kinn
三更半暝,sann-kenn-puànn-mê/sann-kinn-puànn-mî
口灶,kháu-tsàu
小肚,sió-tōo
大肚胿,tuā-tōo-kui
三角,sann-kak
久見,kiú-kiàn
山谷,suann-kok
川芎,tshuan-kiong
川貝,tshuan-puè
干貝,kan-puè
千里眼,Tshian-lí-gán
三角窗,sann-kak-thang
三角褲,sann-kak-khòo
千里鏡,tshian-lí-kiànn
久來,kú--lâi
口供,kháu-king
大使,tāi-sài
小事,sió-sū
小使,siáu-sú
工事,kang-sū
女兒,lú-jî/lú-lî
小叔,sió-tsik
小管仔,sió-kńg-á
小兒科,sió-jî-kho/sió-lî-kho
小兒麻痺,sió-jî-bâ-pì/sió-lî-bâ-pì
山坪,suann-phiânn
丈姆,tiūnn-ḿ
大姆,tuā-ḿ
大姊,tuā-tsí
大姑,tuā-koo
小妹,sió-muē/sió-bē
小姐,sió-tsiá
小姑,sió-koo
丈姆婆,tiūnn-ḿ-pô
下底,ē-té/ē-tué
大官,ta-kuann
大官虎,tuā-kuann-hóo
土性,thóo-sìng
下性命,hē-sènn-miā/hē-sìnn-miā
大房,tuā-pâng
大拖,tuā-thua
下昏,e-hng
山東白仔,suann-tang-pe̍h-á
下昏暗,e-hng-àm
乞的,khit--ê
土直,thóo-ti̍t
三肢手,sann-ki-tshiú
久長,kú-tn̂g
千金,tshian-kim
三長兩短,sann-tn̂g-nn̄g-té
上青苔,tshiūnn-tshenn-thî/tshiūnn-tshinn-thî
久長病,kú-tn̂g-pēnn/kú-tn̂g-pīnn
千金譜,Tshian-kim-phóo
大便,tāi-piān
大前年,tuā-tsûn--nî
大姨,tuā-î
上帝,Siōng-tè
上帝公,Siōng-tè-kong
三思,sàm-su
大後日,tuā-āu--ji̍t/tuā-āu--li̍t
大後年,tuā-āu--nî
山後鳥,suann-āu-tsiáu
也是,iā sī
才是,tsiah-sī
大昨日,tuā-tso̍h--ji̍t/tuā-tso̍h--li̍t
大某,tuā-bóo
山洞,suann-tōng
三牲,sam-sing
三界公,Sam-kài-kong
三界娘仔,sam-kài-niû-á
山珍海味,san-tin-hái-bī
山苳蒿,suann-tang-o
低音,kē-im
乞食,khit-tsia̍h
口面,kháu-bīn
口音,kháu-im
乞食命,khit-tsia̍h-miā
大面神,tuā-bīn-sîn
乞食琴,khit-tsia̍h-khîm
乞食頭,khit-tsia̍h-thâu
土匪,thóo-huí
大厝,tuā-tshù
大哥,tuā-ko
低厝仔,kē-tshù-á
大娘姑,tuā-niû-koo
口座,kháu-tsō
土師,thóo-sai
大孫,tuā-sun
大家,ta-ke
子宮,tsú-kiong
山崁,suann-khàm
大家口,tuā-ke-kháu
大家官,ta-ke-kuann
子時,tsú-sî
上桌,tsiūnn-toh
口氣,kháu-khì
大氣,tāi-khì
大氣,tuā-khuì
大氣喘,tuā-khuì-tshuán
干涉,kan-sia̍p
低級,kē-kip
大陣,tuā tīn
小鬼仔殼,siáu-kuí-á-khak
三除四扣,sann-tû-sì-khàu
上崎,tsiūnn-kiā
山崙,suann-lūn
才情,tsâi-tsîng
三教,sam-kàu
下晝,ē-tàu
下晡,ē-poo
小票,sió-phiò
三絃,sam-hiân
大細,tuā-sè/tuā-suè
大細心,tuā-sè-sim/tuā-suè-sim
大細目,tuā-sè-ba̍k/tuā-suè-ba̍k
山頂,suann-tíng
工場,kang-tiûnn
大富,tuā-pù
大寒,tuā-kuânn
大富大貴,tuā-hù-tuā-kuì
大摒掃,tuā-piànn-sàu
上殕,tshiūnn-phú
下港,ē-káng
大港,tuā-káng
大湧,tuā-íng
干焦,kan-na
下痟,hā-siau
口琴,kháu-khîm
工程,kang-tîng
工程師,kang-tîng-su
上等,siōng-tíng
大筒,tuā-tâng
小等,sió-tán
土菝仔,thóo-pua̍t-á
上訴,siōng-sòo
大量,tāi-liōng
弓開,king--khui
凡勢,huān-sè
山勢,suann-sè
土想,thóo-siūnn
下暗,e-àm
工會,kang-huē
工業,kang-gia̍p
才會,tsiah ē
山溝,suann-kau
山盟海誓,san-bîng-hái-sè
下落,hē-lo̍h
千萬,tshian-bān
大腸,tuā-tn̂g
大舅,tuā-kū
小腸,sió-tn̂g
山腰,suann-io
大腹肚,tuā-pak-tóo
口試,kháu-tshì
下跤,ē-kha
土話,thóo-uē
大話,tuā-uē
山貉,suann-hô
山賊,suann-tsha̍t
山跤,suann-kha
下跤手人,ē-kha-tshiú-lâng
大跤胴,tuā-kha-tâng
三跤馬,sann-kha-bé
三跤貓,sann-kha-niau
低路,kē-lōo
大路,tuā-lōo
小路,sió-lōo
大道公,Tāi-tō-kong
三頓,sann tǹg
山雺,suann-bông
大鼓,tuā-kóo
大壽,tuā-siū
大漢,tuā-hàn
大箍,tuā-khoo
大箍呆,tuā-khoo-tai
上緊,siōng kín
大腿,tuā-thuí
大腿骨,tuā-thuí-kut
上蓋,siōng-kài
小說,sió-suat
大銀,tuā-gîn/tuā-gûn
小銀,sió-gîn/sió-gûn
亡魂,bông-hûn
大餅,tuā-piánn
三層,sam-tsân
工寮,kang-liâu
工廠,kang-tshiúnn
三層肉,sam-tsân-bah
大廣絃,tuā-kóng-hiân
小數,sió-sòo
干樂,kan-lo̍k
大熱,tuā-jua̍h/tuā-lua̍h
大範,tuā-pān
山線,suann-suànn
三線路,sam-suànn-lōo
上課,siōng-khò
工課,khang-khuè
才調,tsâi-tiāu
大賣,tuā-bē/tuā-buē
小賣,sió-bē/sió-buē
山豬,suann-ti/suann-tu
下輩,ē-puè
三輪車,sann-lián-tshia
下頦,ē-hâi
大學,tāi-ha̍k
小學,sió-ha̍k
弓蕉,king-tsio
弓蕉油,king-tsio-iû
山貓,suann-niau
口頭,kháu-thâu
山頭,suann-thâu
工頭,kang-thâu
上頭仔,siōng-thâu-á
大頭拇,tuā-thâu-bú
大頷胿,tuā-ām-kui
大頭菜,tuā-thâu-tshài
大戲,tuā-hì
山嶺,suann-niá
土檨仔,thóo-suāinn-á
上濟,siōng tsē/siōng tsuē
上聲,sióng-siann
大聲,tuā-siann
大膽,tuā-tánn
大聲話,tuā-siann-uē
下擺,ē-pái
小嬸,sió-tsím
土雞仔,thóo-ke-á/thóo-kue-á
下顎,ē-kok
工藝,kang-gē
下願,hē-guān
大龐,tuā-phiāng
大麵,tuā-mī
大欉,tuā-tsâng
大廳,tuā-thiann
不,put
丑,thiú
中,【白】tìng
中,【文】tiong
中,【文】tiòng
丹,tan
之,tsi
予,hōo
五,【白】gōo
五,【文】ngóo
井,【白】tsénn/tsínn
仁,jîn/lîn
仄,tseh
仆,phak
仇,siû
今【替】,tann
允,ín/ún
內,【白】lāi
內,【文】luē
公,【白】kang
公,【文】kong
六,【白】la̍k
六,【文】lio̍k
冇【替】,phànn
冗,līng
冗,liōng
凶,hiong
分,【文】hun
分,【白】pun
切,tshiat
勻【替】,ûn
勼,kiu
勾,kau
內䘥仔,lāi-kah-á
中人,tiong-lâng
允人,ín--lâng/ún--lâng
不才,put-tsâi
內山,lāi-suann
內才,lāi-tsâi
分寸,hun-tshùn
不三不四,put-sam-put-sù
不仁,put-jîn/put-lîn
中元,Tiong-guân
五仁,ngóo-jîn/ngóo-lîn
仁丹,jîn-tan/lîn-tan
內公,lāi-kong
公元,kong-guân
公分,kong-pun
公分,kong-hun
勻勻仔,ûn-ûn-á
勻勻仔火,ûn-ûn-á-hué/ûn-ûn-á-hé
五分仔車,gōo-hun-á-tshia
不中用,put-tiòng-iōng
五分車,gōo-hun-tshia
不止,put-tsí
中心,tiong-sim
井水,tsénn-tsuí/tsínn-tsuí
內心,luē-sim
公文,kong-bûn
公斤,kong-kin/kong-kun
冇手,phànn-tshiú
切手,tshiat-tshiú
勼手,kiu-tshiú
勼水,kiu-tsuí
勾引,kau-ín
六月天,la̍k-gue̍h-thinn/la̍k-ge̍h-thinn
不止仔,put-tsí-á
六月冬,la̍k-gue̍h-tang/la̍k-ge̍h-tang
五日節,Gōo-ji̍t-tseh/Gōo-li̍t-tsueh
五月節,Gōo-gue̍h-tseh/Gōo-ge̍h-tsueh
丑仔,thiú-á
今仔,tann-á
今仔日,kin-á-ji̍t/kin-á-li̍t
勻仔是,ûn-á-sī
中古,tiong-kóo
內外,lāi-guā
五加皮,ngóo-ka-pî
內奶,lāi-ling/lāi-ni
公平,kong-pênn/kong-pînn
公母,kang-bó
公民,kong-bîn
中用,tiòng-iōng
中立,tiong-li̍p
丹田,tan-tiân
公用,kong-iōng
冇石仔,phànn-tsio̍h-á
予伊,hōo i
介在,kài-tsāi
公共,kong-kiōng
六合,lio̍k-ha̍p
今年,kin-nî
內地,lāi-tē/lāi-tuē
凶年,hiong-nî
中旬,tiong-sûn
冗早,liōng-tsá
不死鬼,put-sú-kuí
內行,lāi-hâng
內行的,lāi-hâng--ê
不而過,put-jî-kò/put-lî-kò
不但,put-tān
分伻,pun-phenn
分別,hun-pia̍t
不孝,put-hàu
不求人,put-kiû-jîn/put-kiû-lîn
公里,kong-lí
分身,hun-sin
公事,kong-sū
中和,tiong-hô
內底,lāi-té/lāi-tué
公所,kong-sóo
不服,put-ho̍k
分明,hun-bîng
不法,put-huat
六法全書,Lio̍k-huat-tsuân-su
公的,kang--ê
分的,pun--ê
五金,ngóo-kim
五金行,ngóo-kim-hâng
中指,tiong-tsáinn
內政,luē-tsìng
五柳居,ngóo-liú-ki/ngóo-liú-ku
中毒,tiòng-to̍k
丹毒,tan-to̍k
冇炭,phànn-thuànn
分派,hun-phài
中秋,Tiong-tshiu
內科,lāi-kho
中秋節,Tiong-tshiu-tseh/Tiong-tshiu-tsueh
中秋餅,Tiong-tshiu-piánn
中計,tiòng-kè
內衫,lāi-sann
中風,tiòng-hong
五香,ngóo-hiang
元首,guân-siú
內面,lāi-bīn
允准,ín-tsún/ún-tsún
內套,lāi-thò
元宵,Guân-siau
內孫,lāi-sun
內容,luē-iông
公家,kong-ka
公家,kong-ke
不時,put-sî
六書,lio̍k-su
元氣,guân-khì
六畜,lio̍k-thiok
元神,guân-sîn
中脊,tiong-tsit
分配,hun-phuè/hun-phè
不動產,put-tōng-sán
公婆,kong-pô
五彩,ngóo-tshái
分張,pun-tiunn
不得了,put-tik-liáu
不得已,put-tik-í
內情,luē-tsîng
中晝,tiong-tàu
中晝時,tiong-tàu-sî
中晝飯,tiong-tàu-pn̄g
中晝頓,tiong-tàu-tǹg
公眾,kong-tsiòng
介紹,kài-siāu
中途,tiong-tôo
內部,luē-pōo
冗剩,liōng-siōng
內場,lāi-tiûnn
公寓,kong-gū
分散,hun-suànn
不敢當,put-kám-tong
分發,hun-huat
中等,tiong-tíng
勾結,kau-kiat
不答不七,put-tap-put-tshit
五筋膎,gōo-kin-kê/gōo-kun-kuê
公費,kong-huì
中間,tiong-kan
公開,kong-khai
公開,kong-khui
分開,hun-khui
中傷,tiòng-siong
內傷,lāi-siong
公債,kong-tsè
公園,kong-hn̂g
內媽,lāi-má
公媽,kong-má
中意,tìng-ì
仁愛,jîn-ài/lîn-ài
仁慈,jîn-tsû/lîn-tsû
凶煞,hiong-suah
不義,put-gī
仁義,jîn-gī/lîn-gī
內裡,lāi-lí
勼跤,kiu-kha
五路,ngóo-lōo
公路,kong-lōo
公道,kong-tō
不滿,put-buán
五福,ngóo-hok
不管時,put-kuán-sî
內閣,luē-koh
冇數,phànn-siàu
分數,hun-sòo
五穀,ngóo-kok
中學,tiong-ha̍k
公學校,kong-ha̍k-hāu
公親,kong-tshin
分錢,pun-tsînn
公館,kong-kuán
冇蟳,phànn-tsîm
中醫,tiong-i
分類,hun-luī
分鐘,hun-tsing
分攤,hun-thuann
五臟,ngóo-tsōng
化【替】,hua
化,huà
匹,phit
升,【白】tsin
升,【文】sing
午,【白】gōo
午,【文】ngóo
厄,eh
友,iú
反,【文】huán
反,【白】píng
壬,jîm/lîm
天,【文】thian
天,【白】thinn
太,thài
夫,hu
少,【白】tsió
尺【替】,tshe
尺,【白】tshioh
廿,jia̍p/lia̍p
引,ín
心,sim
戶,hōo
手,【白】tshiú
支,【白】ki
文,bûn
斗,【白】táu
斤,kin/kun
方,【白】hng
方,【文】hong
日,ji̍t/li̍t
月,【文】gua̍t
月,【白】gue̍h/ge̍h
木,【白】ba̍k
木,【文】bo̍k
欠,khiàm
止,tsí
歹【替】,pháinn
毋【替】,m̄
比,pí
毛,【白】mn̂g
毛,【文】môo
氏,sī
水,【白】tsuí
水,【文】suí
歹𤆬頭,pháinn-tshuā-thâu
手䘼,tshiú-ńg
廿一,jia̍p-it/lia̍p-it
夫人,hu-jîn/hu-lîn
歹人,pháinn-lâng
天九牌,thian-kiú-pâi
天下,thian-hā
天才,thian-tsâi
少女,siàu-lí/siàu-lú
戶口,hōo-kháu
手下,tshiú-hā
手工,tshiú-kang
日子,ji̍t-tsí/li̍t-tsí
木工,ba̍k-kang
毋才,m̄-tsiah
水土,tsuí-thóo
孔子公,Khóng-tsú-kong
手巾仔,tshiú-kin-á/tshiú-kun-á
戶口名,hōo-kháu-miâ
月下老人,gua̍t-hā-nóo-jîn/gua̍t-hā-nóo-lîn
戶口抄本,hōo-kháu-tshau-pún
天井,thinn-tsénn/thinn-tsínn
天公,Thinn-kong
月中,gue̍h-tiong/ge̍h-tiong
月內,gue̍h-lāi/ge̍h-lāi
水井,tsuí-tsénn/tsuí-tsínn
天公生,Thinn-kong-senn/Thinn-kong-sinn
月內房,gue̍h-lāi-pâng/ge̍h-lāi-pâng
天公金,Thinn-kong-kim
月內風,gue̍h-lāi-hong/ge̍h-lāi-hong
天公祖,Thinn-kong-tsóo
反天,huán-thinn
天文,thian-bûn
太太,thài-thài
文化,bûn-huà
月日,gue̍h-ji̍t/ge̍h-li̍t
歹天,pháinn-thinn
歹心,pháinn-sim
歹手爪,pháinn-tshiú-jiáu/pháinn-tshiú-niáu
文文仔笑,bûn-bûn-á-tshiò
天反地亂,thinn-huán-tē-luān/thinn-huán-tuē-luān
木心枋,bo̍k-sim-pang
日月蚶,ji̍t-gua̍t-ham/li̍t-gua̍t-ham
日月蟶,ji̍t-gua̍t-than/li̍t-gua̍t-than
反爿,píng-pîng
心火,sim-hué/sim-hé
手爪,tshiú-jiáu/tshiú-niáu
水牛,tsuí-gû
斗仔,táu-á
歹代,pháinn-tāi
水仙,tsuí-sian
支出,tsi-tshut
月半,gue̍h-puànn/ge̍h-puànn
月外日,gue̍h-guā-ji̍t/ge̍h-guā-li̍t
反正,huán-tsìng
太平,thài-pîng
文市,bûn-tshī
文旦,bûn-tàn
水母,tsuí-bó
反目,huán-bo̍k
手目,tshiú-ba̍k
木瓜,bo̍k-kue
欠用,khiàm-īng
毋甘,m̄-kam
水田,tsuí-tshân
太白星,Thài-pi̍k-tshenn/Thài-pi̍k-tshinn
太白粉,thài-pe̍h-hún
太白酒,thài-pe̍h-tsiú
毋甘嫌,m̄-kam hiâm
反白睚,píng-pe̍h-kâinn
毋甘願,m̄ kam-guān
天光,thinn-kng
文件,bûn-kiānn
月光暝,gue̍h-kng-mê/ge̍h-kng-mî
日光燈,ji̍t-kong-ting/li̍t-kong-ting
手印,tshiú-ìn
方向,hong-hiòng
木匠,ba̍k-tshiūnn
歹囝,pháinn-kiánn
天地,thinn-tē/thinn-tuē
少年,siàu-liân
文字,bûn-jī/bûn-lī
方式,hong-sik
欠安,khiàm-an
毋好,m̄ hó
水圳,tsuí-tsùn
歹年冬,pháinn-nî-tang
少年家,siàu-liân-ke
毋好勢,m̄ hó-sè
手曲,tshiú-khiau
歹死,pháinn-sí
毋成,m̄-tsiânn
毋成人,m̄-tsiânn-lâng
手扞仔,tshiú-huānn-á
毋成囝,m̄-tsiânn-kiánn
毋成物,m̄-tsiânn-mi̍h/m̄-tsiânn-mn̍gh
毋成猴,m̄-tsiânn-kâu
毋成樣,m̄-tsiânn-iūnn
天色,thinn-sik
心血,sim-hiat
心行,sim-hīng
月色,gue̍h-sik/ge̍h-sik
木耳,bo̍k-ní
欠血,khiàm-hueh/khiàm-huih
止血,tsí-hueh/tsí-huih
毋但,m̄-nā
毋免,m̄-bián
夫君,hu-kun
手尾,tshiú-bué/tshiú-bé
月尾,gue̍h-bué/ge̍h-bé
手尾力,tshiú-bué-la̍t/tshiú-bé-la̍t
毛尾仔,mn̂g-bué-á/mn̂g-bé-á
手尾錢,tshiú-bué-tsînn/tshiú-bé-tsînn
歹扭搦,pháinn-liú-la̍k
反抗,huán-khòng
夭折,iáu-tsiat
木材,bo̍k-tsâi
反肚,píng-tōo
心肝,sim-kuann
手肚,tshiú-tóo
水災,tsuí-tsai
心狂火著,sim-kông-hué-to̍h/sim-kông-hé-to̍h
心肝仔囝,sim-kuann-á-kiánn
反肚痧,píng-tōo-sua
心肝窟仔,sim-kuann-khut-á
歹育飼,pháinn-io-tshī
心肝頭,sim-kuann-thâu
化身,huà-sin
反車,píng-tshia
天良,thian-liông
文言,bûn-giân
文身,bûn-sin
方言,hong-giân
水車,tsuí-tshia
水芋仔,tsuí-ōo-á
心事,sim-sū
比並,pí-phīng
反來反去,píng-lâi-píng-khì
月來香,gue̍h-lâi-hiong/ge̍h-lâi-hiong
月初,gue̍h-tshe/ge̍h-tshue
歹命,pháinn-miā
毛呼,môo-honn
歹命人,pháinn-miā-lâng
太妹,thài-muē
夫妻,hu-tshe
手底,tshiú-té/tshiú-tué
文官,bûn-kuann
歹性地,pháinn-sìng-tē/pháinn-sìng-tuē
毋拄好,m̄-tú-hó
文明,bûn-bîng
水果,tsuí-kó
孔明車,khóng-bîng-tshia
方法,hong-huat
比武,pí-bú
歹物,pháinn-mi̍h/pháinn-mn̍gh
水疱,tsuí-phā
天狗熱,thian-káu-jia̍t/thian-káu-lia̍t
友的,iú--ê
太空,thài-khong
歹空,pháinn-khang
毋知,m̄ tsai
毋知人,m̄-tsai-lâng
毋知死,m̄-tsai-sí
毋知影,m̄ tsai-iánn
手股,tshiú-kóo
木蝨,ba̍k-sat
水門,tsuí-mn̂g
方便,hong-piān
太保,thài-pó
歹剃頭,pháinn-thì-thâu
日後,ji̍t-āu/li̍t-āu
手指,tshiú-tsí
支持,tsi-tshî
毋挃,m̄-ti̍h
毋是,m̄ sī
水拹仔,tsuí-hia̍p-á
毋是勢,m̄-sī-sè
手指頭仔,tshiú-tsíng-thâu-á
止枵,tsí-iau
手段,tshiú-tuānn
水泉,tsuí-tsuânn
反省,huán-síng
月眉,gue̍h-bâi/ge̍h-bâi
歹看,pháinn-khuànn
歹看相,pháinn-khuànn-siùnn
反背,huán-puē
水紅仔色,tsuí-âng-á-sik
巴郎,pa-lang
手面,tshiú-bīn
方面,hong-bīn
歹食,pháinn-tsia̍h
手風琴,tshiú-hong-khîm
月俸,gue̍h-hōng/ge̍h-hōng
毋值,m̄-ta̍t
毋准,m̄-tsún
反倒轉,huán-tò-tńg
月娘,gue̍h-niû/ge̍h-niû
木屐,ba̍k-kia̍h
水庫,tsuí-khòo
反悔,huán-hué
天庭,thian-tîng
午時,gōo-sî
及時,ki̍p-sî
天時,thian-sî
日時,ji̍t--sî/li̍t--sî
毋捌,m̄ bat
午時水,gōo-sî-tsuí
日時仔,ji̍t--sî-á/li̍t--sî-á
及格,ki̍p-keh
反桌,píng-toh
文書,bûn-su
月桃,ge̍h-thô
天氣,thinn-khì
水氣,tsuí-khì
反症,huán-tsìng
止疼,tsí-thiànn
毛病,môo-pēnn/môo-pīnn
水珠,tsuí-tsu
歹症頭,pháinn-tsìng-thâu
天秤,thian-pîng
心神,sim-sîn
少缺,tsió-khueh/tsió-kheh
手耙,tshiú-pē
欠缺,khiàm-khueh/khiàm-kheh
引起,ín-khí
記持,kì-tî
手骨,tshiú-kut
天堂,thian-tông
夫婦,hu-hū
反常,huán-siông
日常,ji̍t-siông/li̍t-siông
心情,sim-tsîng
毋情願,m̄-tsîng-guān
手液,tshiú-sio̍h
水梨仔,tsuí-lâi-á
心爽,sim-sóng
天理,thian-lí
心理,sim-lí
手痕,tshiú-hûn
水產,tsuí-sán
支票,tsi-phiò
文章,bûn-tsiunn
反船,píng-tsûn
手術,tshiú-su̍t
毋通,m̄-thang
水貨,tsuí-huè/tsuí-hè
天頂,thinn-tíng
孔雀,khóng-tshiok
木魚,bo̍k-hî/bo̍k-hû
木麻黃,bo̍k-muâ-hông
歹喙,pháinn-tshuì
歹喙斗,pháinn-tshuì-táu
止喙焦,tsí tshuì-ta
比喻,pí-jū/pí-lū
心悶,sim-būn
支援,tsi-uān
毋敢,m̄ kánn
水晶,tsuí-tsinn
日期,ji̍t-kî/li̍t-kî
木棉,bo̍k-mî
引渡,ín-tōo
歹款,pháinn-khuán
毛毯,môo-thán
天然,thian-jiân/thian-liân
月琴,gue̍h-khîm/ge̍h-khîm
天窗,thinn-thang
歹睏,pháinn-khùn
巴結,pa-kiat
手筆,tshiú-pit
月給,gue̍h-kip/ge̍h-kip
水筆仔,tsuí-pit-á
手碗,tshiú-uánn
手碗骨,tshiú-uánn-kut
毋著,m̄-tio̍h
文雅,bûn-ngá
手勢,tshiú-sè
欠債,khiàm-tsè
歹勢,pháinn-sè
天意,thinn-ì
心意,sim-ì
歹意,pháinn-ì
月暗暝,gue̍h-àm-mê/ge̍h-àm-mî
斗概,táu-kài
水準,tsuí-tsún
水溝,tsuí-kau
太極拳,thài-ki̍k-kûn
水源頭,tsuí-guân-thâu
少爺,siàu-iâ
月經,gue̍h-king/ge̍h-king
反腹,píng-pak
心腸,sim-tn̂g
心腹,sim-pak
歹腹肚,pháinn-pak-tóo
歹話,pháinn-uē
毛跤,mn̂g-kha
手路,tshiú-lōo
歹路,pháinn-lōo
歹運,pháinn-ūn
毋過,m̄-koh
比較,pí-kàu
水道,tsuí-tō
水道水,tsuí-tō-tsuí
手路菜,tshiú-lōo-tshài
水道頭,tsuí-tō-thâu
手銃,tshiú-tshìng
水閘,tsuí-tsa̍h
水電,tsuí-tiān
手電仔,tshiú-tiān-á
反僥,huán-hiau
止嗽,tsí-sàu
夭壽,iáu-siū
夭壽仔,iáu-siū-á
夭壽短命,iáu-siū-té-miā
反對,huán-tuì
手摺簿仔,tshiú-tsih-phōo-á
太監,thài-kàm
毋管,m̄-kuán
毛管,mn̂g-kńg/môo-kńg
水管,tsuí-kóng
水蜜桃,tsuí-bi̍t-thô
引誘,ín-iú
日誌,ji̍t-tsì/li̍t-tsì
心酸,sim-sng
水銀,tsuí-gîn/tsuí-gûn
歹銅舊錫,pháinn-tâng-kū-siah
引魂,ín-hûn
月餅,gue̍h-piánn/ge̍h-piánn
水餃,tsuí-kiáu
少數,tsió-sòo
欠數,khiàm-siàu
水槽,tsuí-tsô
手數料,tshiú-sòo-liāu
手模,tshiú-bôo
手盤,tshiú-puânn
化緣,huà-iân
比論,pí-lūn
心適,sim-sik
化學,huà-ha̍k
文學,bûn-ha̍k
手擋,tshiú-tòng
文憑,bûn-pîng
天橋,thian-kiô
心機,sim-ki
戶橂,hōo-tīng
手橐仔,tshiú-lok-á
手機仔,tshiú-ki-á
水燈,tsuí-ting
歹積德,pháinn-tsik-tik
手錶仔,tshiú-pió-á
心頭,sim-thâu
戶頭,hōo-thâu
手頭,tshiú-thâu
日頭,ji̍t-thâu/li̍t-thâu
月頭,gue̍h-thâu/ge̍h-thâu
水頭,tsuí-thâu
日頭花,ji̍t-thâu-hue/li̍t-thâu-hue
允頭路,ín-thâu-lōo/ún-thâu-lōo
水鴨,tsuí-ah
水龍,tsuí-lîng
水龜,tsuí-ku
水龍車,tsuí-lîng-tshia
水鴛鴦,tsuí-uan-iunn
反應,huán-ìng
手環,tshiú-khuân
天篷,thian-pông
水蕹菜,tsuí-ìng-tshài
歹聲嗽,pháinn-siann-sàu
水螺,tsuí-lê
歹講,pháinn-kóng
比賽,pí-sài
水觳仔,tsuí-khok-á
反輾轉,píng-liàn-tńg
水櫃,tsuí-kuī
歹癖,pháinn-phiah
水薸,tsuí-phiô
水薰吹,tsuí-hun-tshue/tsuí-hun-tshe
水雞,tsuí-ke/tsuí-kue
水雞泅,tsuí-ke-siû/tsuí-kue-siû
水獺,tsuí-thuah
手藝,tshiú-gē
文藝,bûn-gē
毛蟹,môo-hē
心願,sim-guān
毋願,m̄-guān
文獻,bûn-hiàn
戶籍,hōo-tsi̍k
手續,tshiú-sio̍k
手囊,tshiú-lông
心臟,sim-tsōng
斗籠,táu-láng
歹聽,pháinn-thiann
心臟病,sim-tsōng-pēnn/sim-tsōng-pīnn
化驗,huà-giām
毋驚,m̄ kiann
心驚膽嚇,sim-kiann-tánn-hiannh
火,【白】hué/hé
爪,jiáu/niáu
父,hū
爿【替】,pîng
片,【白】phìnn
牙,【文】gâ
牙,【白】gê
牛,【白】gû
王,ông
牛𡳞脬檨,gû-lān-pha-suāinn
火大,hué-tuā/hé-tuā
火山,hué-suann/hé-suann
爪仔,jiáu-á/niáu-á
父兄,hū-hing
牛仔囝,gû-á-kiánn
牛仔褲,gû-á-khòo
父母,hū-bió
牛奶,gû-ling/gû-ni
牛母,gû-bó
牛奶色,gû-ling-sik/gû-ni-sik
牛奶喙仔,gû-ling-tshuì-á/gû-ni-tshuì-á
牛奶糖,gû-ling-thn̂g/gû-ni-thn̂g
火石仔,hué-tsio̍h-á/hé-tsio̍h-á
王后,ông-hiō
火舌,hué-tsi̍h/hé-tsi̍h
父老,hū-ló
火夾,hué-ngeh/hé-ngeh
牛杙仔,gû-khi̍t-á
火災,hué-tsai/hé-tsai
牛牢,gû-tiâu
牛肚,gû-tōo
火車,hué-tshia/hé-tshia
牛角,gû-kak
牛角花,gû-kak-hue
火車站,hué-tshia-tsām/hé-tshia-tsām
火車路,hué-tshia-lōo/hé-tshia-lōo
火金蛄,hué-kim-koo/hé-kim-koo
火屎,hué-sái/hé-sái
牛屎色,gû-sái-sik
牛屎鳥仔,gû-sái-tsiáu-á
牛屎龜,gû-sái-ku
火星,hué-tshenn/hé-tshinn
火炭,hué-thuànn/hé-thuànn
牛郎,Gû-nn̂g
王哥柳哥,Ông--ko-Liú--ko
火氣,hué-khì/hé-khì
火烌,hué-hu/hé-hu
牛索,gû-soh
牛捽仔,gû-sut-á
王梨,ông-lâi
牛陵,gû-niā
牛喙罨,gû-tshuì-am
牛犅,gû-káng
王爺,ông-iâ
王爺債,ông-iâ-tsè
王祿仔,ông-lo̍k-á
牛腩,gû-lám
火鉗,hué-khînn/hé-khînn
牛頓草,gû-tùn-tsháu
火鼠,hué-tshí/hué-tshú
火種,hué-tsíng/hé-tsíng
火管,hué-kńg/hé-kńg
火箸,hué-tī/hé-tū
牛種仔,gû-tsíng-á
火腿,hué-thuí/hé-thuí
牛鼻圈,gû-phīnn-khian
牙槽,gê-tsô
牙槽骨,gê-tsô-kut
火熥,hué-thang/hé-thang
火箭,hué-tsìnn/hé-tsìnn
牛擔,gû-tann
火燒,hué-sio/hé-sio
火燒山,hué-sio-suann/hé-sio-suann
火燒厝,hué-sio-tshù/hé-sio-tshù
火燒埔,hué-sio-poo/hé-sio-poo
牛螕,gû-pi
牛頭,gû-thâu
火鍋,hué-ko/hé-ko
火薰,hué-hun/hé-hun
火雞,hué-ke/hé-kue
火雞母,hué-ke-bó/hé-kue-bó
世,【文】sè
世,【白】sì
丙,【白】piánn
主,tsú
丼【替】,tôm
乍【替】,tsànn
乎,--honnh
乏,【白】ha̍t
仔【替】,á
仕,sū
付,hù
仙,sian
仙【替】,sián
仝【替】,kāng
代,【文】tāi
代,【白】tē
代【替】,tāi
令,līng
以,í
兄,【白】hiann
冊,tsheh
主人,tsú-lâng
仙人,sian-jîn/sian-lîn
仙女,sian-lí/sian-lú
仙丹,sian-tan
充公,tshiong-kong
充分,tshiong-hun
以及,í-ki̍p
世代,sè-tāi
冊包,tsheh-pau
主任,tsú-jīm/tsú-līm
代先,tāi-sing
充血,tshiong-hiat
兄弟,hiann-tī
兄弟姊妹,hiann-tī-tsí-muē/hiann-tī-tsí-bē
主見,tsú-kiàn
主角,tsú-kak
充足,tshiong-tsiok
世事,sè-sū
仙姑,sian-koo
冊店,tsheh-tiàm
冊房,tsheh-pâng
仙拚仙,sian-piànn-sian
仝爸各母,kāng-pē-koh-bú
代表,tāi-piáu
兄長,hing-tióng
世俗,sè-sio̍k
以前,í-tsîng
世俗人,sè-sio̍k-lâng
以後,í-āu
主持,tsú-tshî
冊架仔,tsheh-kè-á
仙洞,sian-tōng
世界,sè-kài
世紀,sè-kí
主要,tsú-iàu
兄哥,hiann-ko
主席,tsú-si̍k
仙桃,sian-thô
代書,tāi-su
仙草,sian-tsháu
主動,tsú-tōng
主婚,tsú-hun
主婦,tsú-hū
主張,tsú-tiunn
世情,sè-tsîng
代理,tāi-lí
代替,tāi-thè/tāi-thuè
仝款,kāng-khuán
代筆,tāi-pit
世間,sè-kan
世間人,sè-kan-lâng
兄嫂,hiann-só
主意,tsú-ì
主義,tsú-gī
且慢,tshiánn-bān
充滿,tshiong-buán
主管,tsú-kuán
代誌,tāi-tsì
主辦,tsú-pān
代辦,tāi-pān
冊櫥,tsheh-tû
主顧,tsú-kòo
主權,tsú-khuân
冬,【白】tang
凹【替】,nah
出,tshut
刊,khan
功,【文】kong
加【替】,ka
加,【文】ka
加,【白】ke
包,pau
北,【白】pak
半,【文】puàn
半,【白】puànn
卌,siap
占,tsiàm
卡【替】,khah
卡【替】,kha̍h
卯【替】,báu
卯,báu
卯【替】,mauh
去,khì
古,kóo
句,kù
叨【替】,lo
叩,【白】khàu
只,tsí
只【替】,tsí
叫,kiò
叮,ting
叮【替】,tìng
可,【文】khó
台,tâi
囚,siû
四,【白】sì
四,【文】sù
外,【白】guā
央,【文】iang
半䖙倒,puànn-the-tó
出丁,tshut-ting
出入,tshut-ji̍p/tshut-li̍p
出力,tshut-la̍t
外人,guā-lâng
去了了,khì-liáu-liáu
出口,tshut-kháu
出土,tshut-thóo
出山,tshut-suann
加工,ke-kang
半子,puàn-tsú
半工,puànn-kang
外口,guā-kháu
半小死,puànn-sió-sí
央三託四,iang-sann-thok-sì
司公,sai-kong
外公,guā-kong
半中站,puànn-tiong-tsām
司公鈃,sai-kong-giang
司公壇,sai-kong-tuânn
冬天,tang-thinn
出手,tshut-tshiú
出水,tshut-tsuí
半日,puànn-ji̍t/puànn-li̍t
另日,līng-ji̍t/līng-li̍t
可比,khó-pí
四方,sì-hng
半月日,puànn gue̍h-ji̍t/puànn ge̍h-li̍t
叫毋敢,kiò-m̄-kánn
半天筍,puàn-thian-sún
北爿,pak-pîng
卡片,khah-phìnn
四爿,sì-pîng
四片仔,sì-phìnn-á
出世,tshut-sì
包仔,pau-á
半仙,puàn-sian
古冊,kóo-tsheh
半世人,puànn-sì-lâng
出外,tshut-guā
另外,līng-guā
外外,guā-guā
可可仔,khoo-khóo-ah
四句聯,sì-kù-liân
司奶,sai-nai
四正,sì-tsiànn
冬瓜,tang-kue
冬瓜茶,tang-kue-tê
半生熟,puànn-tshenn-si̍k/puànn-tshinn-si̍k
外交,guā-kau
出名,tshut-miâ
出帆,tshut-phâng
只好,tsí-hó
古早,kóo-tsá
卯死矣,báu--sí--ah
出色,tshut-sik
外行,guā-hâng
四色牌,sù-sik-pâi
外位,guā-uī
冬尾,tang-bué/tang-bé
出巡,tshut-sûn
四序,sù-sī
四秀仔,sì-siù-á
出身,tshut-sin
加車,ka-tshia
半身,puànn-sin
卡車,khah-tshia
出來,tshut-lâi
北京,Pak-kiann
四季,sù-kuì
可怕,khó-phà
古板,kóo-pán
司法,su-huat
加油站,ka-iû-tsām
出版,tshut-pán
四物仔,sù-bu̍t-á
半空中,puànn-khong-tiong
四肢,sù-ki
出門,tshut-mn̂g
叫門,kiò-mn̂g
半信半疑,puàn-sìn-puàn-gî
叫客,kiò-kheh
只是,tsí-sī
叫是,kiò-sī
四界,sì-kè/sì-kuè
四界趖,sì-kè-sô/sì-kuè-sô
外科,guā-kho
叫苦,kiò-khóo
只要,tsí-iàu
外衫,guā-sann
叩首,khiò-siú
四面,sì-bīn
外面,guā-bīn
出風頭,tshut-hong-thâu
加倍,ka-puē
外套,guā-thò
出家,tshut-ke
出差,tshut-tshai
出師,tshut-sai
出席,tshut-si̍k
外孫,guā-sun
外家,guā-ke
功效,kong-hāu
古書,kóo-tsu
出氣,tshut-khuì
四海,sù-hái
出珠,tshut-tsu
四破,sì-phuà
出租,tshut-tsoo
四神湯,sù-sîn-thng
可能,khó-lîng
出酒,tshut-tsiú
出馬,tshut-má
四配,sù-phuè/sù-phè
叫做,kiò-tsò/kiò-tsuè
外國,guā-kok
出張,tshut-tiunn
加強,ka-kiông
四常,sù-siông
可惜,khó-sioh
半晡,puànn-poo
半桶屎,puànn-tháng-sái
半桶師仔,puànn-tháng-sai-á
加添,ka-thiam
四淋垂,sì-lâm-suî
出現,tshut-hiān
出產,tshut-sán
外痔,guā-tī
出脫,tshut-thuat
四通八達,sù-thong-pat-ta̍t
北部,pak-pōo
半陰陽仔,puànn-iam-iûnn-á
出喙,tshut-tshuì
功勞,kong-lô
卯喙,mauh-tshuì
出場,tshut-tiûnn
包圍,pau-uî
外場,guā-tiûnn
可惡,khó-ònn
可惱,khó-náu
四散,sì-suànn
加減,ke-kiám
出港,tshut-káng
外甥,guē-sing
冬菜,tang-tshài
叫菜,kiò-tshài
包袱巾,pau-ho̍k-kin/pau-ho̍k-kun
包袱仔,pau-ho̍k-á
包飯,pau-pn̄g
召集,tiàu-tsi̍p
出勤,tshut-khîn/tshut-khûn
去傷解鬱,khì-siong-kái-ut
出嫁,tshut-kè
外媽,guā-má
古意,kóo-ì
可愛,khó-ài
古意人,kóo-ì-lâng
出業,tshut-gia̍p
北極,pak-ki̍k
半節,puànn-tsat
冬節圓,tang-tseh-înn/tang-tsueh-înn
凹落去,nah--lo̍h-khì
古董,kóo-tóng
包裝,pau-tsong
加話,ke-uē
四跤仔,sì-kha-á
四跤仔泅,sì-kha-á-siû
四跤杜定,sì-kha-tōo-tīng
出路,tshut-lōo
出運,tshut-ūn
半路,puànn-lōo
外路仔,guā-lōo-á
半路師,puànn-lōo-sai
包飼的,pau-tshī--ê
半暝,puànn-mê/puànn-mî
可疑,khó-gî
北管,pak-kuán
半精白,puànn-tsiann-pe̍h
包種茶,pau-tsióng-tê
四箍圍仔,sì-khoo-uî-á
四箍輾轉,sì-khoo-liàn-tńg
加網魚,ka-bāng-hî/ka-bāng-hû
包裹,pau-kó
包領,pau-niá
凹鼻,nah-phīnn
出價,tshut-kè
半價,puànn-kè
司儀,su-gî
功德,kong-tik
可憐,khó-liân
可憐代,khó-liân-tāi
半樓仔,puànn-lâu-á
功課,kong-khò
出賣,tshut-bē/tshut-buē
可靠,khó-khò
加擔,ka-tann
司機,su-ki
半燒冷,puànn-sio-líng
包辦,pau-pān
古錐,kóo-tsui
出頭,tshut-thâu
包餡,pau-ānn
叩頭,khàu-thâu
外頭,guā-thâu
出頭天,tshut-thâu-thinn
出聲,tshut-siann
出膿,tshut-lâng
加薦仔,ka-tsì-á/ka-tsù-á
叩謝,khàu-siā
加講話,ke-kóng-uē
出癖,tshut-phia̍h
包穡頭,pau-sit-thâu
古蹟,kóo-tsik
加轆仔,ka-lak-á
包穩,pau-ún
四邊,sì-pinn
召鏡,tiàu-kiànn
加鵻,ka-tsui
包贏,pau-iânn
句讀,kù-tāu
外觀,guā-kuan
包贌,pau-pa̍k
夯【替】,giâ
失,sit
奴,lôo
奶【替】,ling/ni
奶【替】,nai
巧,【白】khá
巧,【白】khiáu
市,tshī
布,pòo
平,【白】pênn/pînn
平,【白】piânn
平,【文】pîng
幼,iù
戊,bōo
扒【替】,pe
扒,pê
打,tánn
旦,【白】tuànn
未,【文】bī
未,【白】buē/bē
本,【文】pún
正,【白】tsiànn
正,【文】tsìng
母,【文】bió
母,【白】bó
母,【文】bú
民,bîn
汁,tsiap
本人,pún-lâng
失人禮,sit-lâng-lé
奴才,lôo-tsâi
尻川,kha-tshng
本土,pún-thóo
尻川䫌,kha-tshng-phué
未亡人,bī-bông-jîn/bī-bông-lîn
尻川口,kha-tshng-kháu
尻川斗,kha-tshng-táu
尻川後,kha-tshng-āu
尻川骨,kha-tshng-kut
尻川溝,kha-tshng-kau
市內,tshī-lāi
平仄,piânn-tseh
平分,pênn-pun/pînn-pun
失手,sit-tshiú
打扎,tánn-tsah
正手,tsiànn-tshiú
正月,tsiann--gue̍h/tsiann--ge̍h
民心,bîn-sim
正手爿,tsiànn-tshiú-pîng
正月正時,tsiann-gue̍h-tsiann-sî/tsiann-ge̍h-tsiann-sî
正爿,tsiànn-pîng
民主,bîn-tsú
母仔囝,bú-á-kiánn
左右,tsó-iū
奶母,ling-bú/ni-bú
市民,tshī-bîn
平平,pênn-pênn/pînn-pînn
末末,bua̍h-bua̍h
正本,tsiànn-pún
布市仔,pòo-tshī-á
奶母車,ling-bú-tshia/ni-bú-tshia
布目,pòo-ba̍k
本份,pún-hūn
幼囝,iù-kiánn
母囝椅,bú-kiánn-í
平地,pênn-tē/pînn-tuē
平安,pîng-an
本地,pún-tē/pún-tuē
正式,tsìng-sik
失收,sit-siu
本成,pún-tsiânn
未免,bī-bián
平均,pîng-kin/pîng-kun
母妗,bú-kīm
失志,sit-tsì
打扮,tánn-pān
幼秀,iù-siù
失言,sit-giân
布身,pòo-sin
本身,pún-sin
正身,tsiànn-sin
母身,bó-sin
失事,sit-sū
未來,bī-lâi
本事,pún-sū
本來,pún-lâi
民事,bîn-sū
失味,sit-bī
本命錢,pún-miā-tsînn
尼姑,nî-koo/lî-koo
尼姑庵,nî-koo-am/lî-koo-am
本底,pún-té/pún-tué
奶帕仔,ling-phè-á/ni-phè-á
本性,pún-sìng
失明,sit-bîng
母的,bó--ê
市長,tshī-tiúnn
正門,tsiànn-mn̂g
母金,bó-kim
失信,sit-sìn
民俗,bîn-sio̍k
夯枷,giâ-kê
正派,tsìng-phài
失約,sit-iok
失重,sit-tāng
必要,pit-iàu
正面,tsiànn-bīn
正音,tsiànn-im
平埔,pênn-poo/pînn-poo
平埔番,Pênn-poo-huan/Pînn-poo-huan
市容,tshī-iông
布料,pòo-liāu
母校,bú-hāu
失眠,sit-bîn
失神,sit-sîn
尻脊,kha-tsiah
市草,tshī-tsháu
尻脊後,kha-tsiah-āu
尻脊骿,kha-tsiah-phiann
幼骨,iù-kut
打馬膠,tá-má-ka
打馬膠路,tá-má-ka-lōo
失常,sit-siông
平常,pîng-siông
平常時,pîng-siông-sî
失敗,sit-pāi
打探,tánn-thàm
失望,sit-bōng
打桶,tánn-tháng
民族,bîn-tso̍k
民眾,bîn-tsiòng
正統,tsìng-thóng
布袋,pòo-tē
布袋戲,pòo-tē-hì
幼貨,iù-huè/iù-hè
正途,tsìng-tôo
失陪,sit-puê
奶喙仔,ling-tshuì-á/ni-tshuì-á
市場,tshī-tiûnn
布景,pòo-kíng
打揲,tánn-tia̍p
未曾,buē-tsîng/bē-tsîng
未曾未,buē-tsîng-buē/bē-tsîng-bē
正港,tsiànn-káng
必然,pit-jiân/pit-liân
平等,pîng-tíng
本等,pún-tíng
正著時,tsiànn-tio̍h-sî
民間,bîn-kan
平順,pîng-sūn
扒飯,pe-pn̄g
本意,pún-ì
民意,bîn-ì
失敬,sit-kìng
失業,sit-gia̍p
正當,tsìng-tong
正當時,tsiànn-tong-sî
幼稚園,iù-tī-hn̂g
佈置,pòo-tì
正經,tsìng-king
正義,tsìng-gī
母舅,bú-kū
母舅公,bú-kū-kong
幼路,iù-lōo
正路,tsiànn-lōo
失電,sit-tiān
正頓,tsiànn-tǹg
失算,sit-sǹg
失誤,sit-gōo
永遠,íng-uán
本領,pún-líng
市價,tshī-kè
失德,sit-tik
布鞋,pòo-ê/pòo-uê
幼齒,iù-khí
布機,pòo-kui
母親,bú-tshin
平靜,pîng-tsīng
本錢,pún-tsînn
母錢,bú-tsînn
奶頭,ling-thâu/ni-thâu
布頭,pòo-thâu
布頭布尾,pòo-thâu-pòo-bué/pòo-thâu-pòo-bé
扒龍船,pê-lîng-tsûn
打擊,tánn-kik
民營化,bîn-îng-huà
奶癌,ling-gâm/ni-gâm
布篷,pòo-phâng
失聲,sit-siann
幼聲,iù-siann
民謠,bîn-iâu
打擾,tánn-jiáu/tánn-liáu
失禮,sit-lé
失蹤,sit-tsong
扒癢,pê-tsiūnn
失覺察,sit-kak-tshat
幼麵麵,iù-mī-mī
失戀,sit-luân
母體,bú-thé
失體面,sit-thé-bīn
犯,huān
玉,【白】gi̍k
玉,【文】gio̍k
瓜,【白】kue
瓦,【白】hiā
甘,kam
生,【白】tshenn/tshinn
生,【白】senn/sinn
生,【文】sing
用,【白】īng
用,【文】iōng
田【替】,tshân
由,iû
甲,【白】kah
甲【替】,kah
申,sin
白,【白】pe̍h
白,【文】pi̍k
皮,【文】phî
皮,【白】phuê/phê
目,【白】ba̍k
目,【文】bo̍k
石,【白】tsio̍h
石,【文】si̍k
示,sī
穴,hia̍t
立,li̍p
目𥍉仔,ba̍k-nih-á
犯人,huān-lâng
瓜子,kue-tsí
甲子,kah-tsí
石工,tsio̍h-kang
白仁,pe̍h-jîn/pe̍h-lîn
白內障,pe̍h-lāi-tsiàng
甘心,kam-sim
生日,senn-ji̍t/sinn-li̍t
用心,iōng-sim
白木耳,pe̍h-bo̍k-ní
玉仔,gi̍k-á
瓜仔,kue-á
生仔,senn-á/sinn-á
石仔,tsio̍h-á
瓜仔哖,kue-á-nî
用功,iōng-kong
白包,pe̍h-pau
皮包仔,phuê-pau-á/phê-pau-á
白白,pe̍h-pe̍h
皮皮,phî-phî
生份,senn-hūn/sinn-hūn
生份人,senn-hūn-lâng/sinn-hūn-lâng
生囝,senn-kiánn/sinn-kiánn
由在,iû-tsāi
生囡仔,senn gín-á/sinn gín-á
生存,sing-tsûn
田庄,tshân-tsng
目地,ba̍k-tē/ba̍k-tuē
生成,senn-sîng/sinn-sîng
生死,senn-sí/sinn-sí
白肉,pe̍h-bah
白色,pe̍h-sik
目色,ba̍k-sik
石灰,tsio̍h-hue
生冷,tshenn-líng/tshinn-líng
田佃,tshân-tiān
生卵,senn-nn̄g/sinn-nn̄g
石坎,tsio̍h-khám
立志,li̍p-tsì
白汫無味,pe̍h-tsiánn-bô-bī
生狂,tshenn-kông/tshinn-kông
由來,iû-lâi
田岸,tshân-huānn
白帖仔,pe̍h-thiap-á
田岸路,tshân-huānn-lōo
石枋,tsio̍h-pang
瓦杮仔,hiā-phuè-á/hiā-phè-á
犯法,huān-huat
目油,ba̍k-iû
石油,tsio̍h-iû
目狗針,ba̍k-káu-tsiam
目的,bo̍k-ti̍k
目空,ba̍k-khang
生長,sing-tióng
目前,bo̍k-tsiân
田契,tshân-khè/tshân-khuè
目屎,ba̍k-sái
目屎膏,ba̍k-sái-ko
白柚,pe̍h-iū
石柱,tsio̍h-thiāu
石洞,tsio̍h-tōng
生活,sing-ua̍h
生相,senn-siùnn/sinn-siùnn
玉皇大帝,Gio̍k-hông-tāi-tè
目眉,ba̍k-bâi
矛盾,mâu-tún
白食,pe̍h-tsia̍h
白韭菜,pe̍h-kú-tshài
申冤,sin-uan
瓦厝,hiā-tshù
生時日月,senn-sî-ji̍t-gue̍h/sinn-sî-li̍t-ge̍h
立案,li̍p-àn
田租,tshân-tsoo
甘草,kam-tshó
甲馬,kah-bé
目針,ba̍k-tsiam
生做,senn-tsò/sinn-tsuè
白帶,pe̍h-tài
皮帶,phuê-tuà/phê-tuà
白帶魚,pe̍h-tuà-hî/pe̍h-tuà-hû
甘甜,kam-tinn
生理,sing-lí
生產,sing-sán
生疏,tshenn-soo/tshinn-soo
生理人,sing-lí-lâng
生理場,sing-lí-tiûnn
生粒仔,senn-lia̍p-á/sinn-lia̍p-á
白翎鷥,pe̍h-līng-si
石舂臼,tsio̍h-tsing-khū
皮蛋,phî-tàn
目蚶,ba̍k-ham
用途,iōng-tôo
白麻,pe̍h-muâ
白麻油,pe̍h-muâ-iû
白喉,pe̍h-âu
立場,li̍p-tiûnn
白斑,pe̍h-pan
石敢當,tsio̍h-kám-tong
生湠,senn-thuànn/sinn-thuànn
石牌,tsio̍h-pâi
皮猴戲,phuê-kâu-hì/phê-kâu-hì
生番,tshenn-huan/tshinn-huan
生菇,senn-koo/sinn-koo
生菜,tshenn-tshài/tshinn-tshài
白菜,pe̍h-tshài
犯著,huān-tio̍h
申訴,sin-sòo
田蛤仔,tshân-kap-á
白飯,pe̍h-pn̄g
田園,tshân-hn̂g
用意,iōng-ì
白煠,pe̍h-sa̍h
石獅,tsio̍h-sai
目睭,ba̍k-tsiu
目睭仁,ba̍k-tsiu-jîn/ba̍k-tsiu-lîn
目睫毛,ba̍k-tsiah-mn̂g
目睭毛,ba̍k-tsiu-mn̂g
目睭皮,ba̍k-tsiu-phuê/ba̍k-tsiu-phê
石碑,tsio̍h-pi
石碖,tsio̍h-lún
犯罪,huān-tsuē
生腸,senn-tn̂g/sinn-tn̂g
白腹仔,pe̍h-pak-á
生話,senn-uē/sinn-uē
白話,pe̍h-uē
白賊,pe̍h-tsha̍t
白賊七仔,pe̍h-tsha̍t-tshit--á
白賊話,pe̍h-tsha̍t-uē
白跤蹄,pe̍h-kha-tê
生路,senn-lōo/sinn-lōo
生鉎,senn-sian/sinn-sian
田僑仔,tshân-kiâu-á
石榴,sia̍h-liû
白滾水,pe̍h-kún-tsuí
目箍,ba̍k-khoo
石膏,tsio̍h-ko
目標,bo̍k-piau
瓦窯,hiā-iô
皮箱,phuê-siunn/phê-siunn
石碾,tsio̍h-lián
甲箬笠,kah-ha̍h-le̍h
皮膚,phuê-hu/phê-hu
甘蔗,kam-tsià
甘蔗粕,kam-tsià-phoh
白蔥蔥,pe̍h-tshang-tshang
申請,sin-tshíng
白醋,pe̍h-tshòo
皮鞋,phuê-ê/phê-uê
石磨,tsio̍h-bō
白糖,pe̍h-thn̂g
白糖蔥,pe̍h-thn̂g-tshang
目錄,bo̍k-lo̍k
目頭,ba̍k-thâu
石頭仔,tsio̍h-thâu-á
白頭鵠仔,pe̍h-thâu-khok-á
田嬰,tshân-enn/tshân-inn
生檨仔,senn-suāinn-á/sinn-suāinn-á
田螺,tshân-lê
白講,pe̍h-kóng
生鍋,senn-ue/sinn-e
白癜,pe̍h-tiō
白蟻,pe̍h-hiā
目鏡,ba̍k-kiànn
石鏨,tsio̍h-tsām
目鏡仁,ba̍k-kiànn-jîn/ba̍k-kiànn-lîn
甘願,kam-guān
白鯧,pe̍h-tshiunn
玉蘭花,gio̍k-lân-hue
生鐵,senn-thih/sinn-thih
白鐵仔,pe̍h-thih-á
白鶴,pe̍h-ho̍h
生癬,senn sián/sinn sián
白癬,pe̍h-sián
生驚,tshenn-kiann/tshinn-kiann
立體,li̍p-thé
白鑠鑠,pe̍h-siak-siak
交【替】,ka
交,kau
交【替】,kiau
亥,hāi
亦,i̍k
件,kiānn
任,jīm/līm
份,hūn
仿,hóng
伊,i
伐,【白】hua̍h
休,hiu
伨【替】,thīn
兆,tiāu
先,【文】sian
先,【白】sing
光,【白】kng
光,【文】kong
全,【文】tsuân
交代,kau-tài
仿仔雞,hóng-á-ke/hóng-á-kue
先生,sian-sinn
先生娘,sian-sinn-niû
先生媽,sian-sinn-má
兇狂,hiong-kông
交往,kau-óng
交易,kau-i̍k
交易,ka-ia̍h
光明,kong-bîng
先知,sian-ti
交流,kau-liû
伙食,hué-si̍t/hé-si̍t
光面,kng-bīn
休息,hiu-sik
交涉,kau-sia̍p
交情,kau-tsîng
交接,kau-tsiap
交通,kau-thong
交陪,kau-puê
交割,kau-kuah
光復,kong-ho̍k
交插,kau-tshap
交換,kau-uānn
光景,kong-kíng
交替,kau-thè/kau-thuè
交椅,kau-í
全然,tsuân-jiân/tsuân-liân
交結,kau-kiat
先進,sian-tsìn
份量,hūn-liōng
企業,khì-gia̍p
交落,ka-la̍uh
光榮,kong-îng
交際,kau-tsè
先輩,sian-puè
休學,hiu-ha̍k
交懍恂,ka-lún-sún
光頭,kng-thâu
份額,hūn-gia̍h
交關,kau-kuan
先覺,sian-kak
共,kā
共,【白】kāng
共,【文】kiōng
再,tsài
冰,ping
刐,táinn
刑,hîng
划【替】,kò
列,lia̍t
匠,tshiūnn
印,ìn
合,【白】ha̍h
合,【文】ha̍p
合,【文】kap
吉,kiat
吊,tiàu
同,【文】tông
名,【文】bîng
名,【白】miâ
吐,thóo
吐,thòo
向【替】,ànn
向【替】,hiànn
向,【文】hiòng
向,【白】ǹg
囝,kiánn
回,huê/hê
囟,sìn
因,in
在,tsāi
各人,kok-lâng
合力,ha̍p-li̍k
在人,tsāi-lâng
再三,tsài-sann
吐大氣,thóo-tuā-khuì
吊大筒,tiàu tuā-tâng
吉凶,kiat-hiong
吉日,kiat-ji̍t/kiat-li̍t
同心,tông-sim
回心轉意,huê-sim-tsuán-ì/hê-sim-tsuán-ì
名片,bîng-phìnn
印仔,ìn-á
名冊,miâ-tsheh
囡仔,gín-á
在世,tsāi-sè
囡仔人,gín-á-lâng
囡仔工,gín-á-kang
囡仔兄,gín-á-hiann
囡仔囝,gín-á-kiánn
囡仔疕,gín-á-phí
囡仔性,gín-á-sìng
囡仔栽,gín-á-tsai
囡仔款,gín-á-khuán
囡仔歌,gín-á-kua
囡仔嬰,gín-á-enn/gín-á-inn
合用,ha̍h-īng
吐目,thóo-ba̍k
在生,tsāi-senn/tsāi-sinn
吉兆,kiat-tiāu
吐吐,thóo-thóo
向向,hiànn-hiànn
同年,tâng-nî
名字,miâ-jī/miâ-lī
在地,tsāi-tē/tsāi-tuē
在地人,tsāi-tē-lâng/tsāi-tuē-lâng
吊死,tiàu--sí
印色,ìn-sik
吐舌,thóo-tsi̍h
吐血,thòo-hueh/thòo-huih
吐肉箭,thóo-bah-tsìnn
各位,kok-uī
名利,bîng-lī
同志,tông-tsì
回批,huê-phue/hê-phue
冰角,ping-kak
列車,lia̍t-tshia
吊車,tiàu-tshia
吊車尾,tiàu-tshia-bué/tiàu-tshia-bé
刑事,hîng-sū
合併,ha̍p-pìng
同事,tông-sū
在來米,tsāi-lâi-bí
印刷,ìn-suat
囝兒,kiánn-jî/kiánn-lî
同姒仔,tâng-sāi-á
同居,tông-ki/tông-ku
冰枝,ping-ki
因果,in-kó
合法,ha̍p-huat
再版,tsài-pán
合股,ha̍p-kóo
同門,tâng-mn̂g
向前,hiòng-tsiân
合奏,ha̍p-tsàu
在室女,tsāi-sik-lí/tsāi-sik-lú
危急,guî-kip
因為,in-uī
合約,ha̍p-iok
同胞,tông-pau
合倚,ha̍p-uá
合家,ha̍p-ka
囝孫,kiánn-sun
在座,tsāi-tsō
同時,tông-sî
向時,hiàng-sî
合格,ha̍p-keh
吐氣,thóo-khuì
吊鬼仔,tiàu-kuí-á
合唱,ha̍p-tshiùnn
印堂,ìn-tông
同情,tông-tsîng
名望,bîng-bōng
向望,ǹg-bāng
共產,kiōng-sán
合理,ha̍p-lí
名產,bîng-sán
吉祥,kiat-siông
划船,kò-tsûn
吊脰,tiàu-tāu
在野,tsāi-iá
合喙,ha̍p-tshuì
向善,hiòng-siān
名單,miâ-tuann
囝婿,kiánn-sài
合掌,ha̍p tsióng
吉普,jì-puh
吊猴,tiàu-kâu
同窗,tông-tshong
回答,huê-tap/hê-tap
印象,ìn-siōng
吊傷,tiàu-siong
同意,tông-ì
同感,tông-kám
再會,tsài-huē
向腰,ànn-io
吐腸頭,thóo-tn̂g-thâu
吊鼎,tiàu-tiánn
吊槔,tiàu-oo
各種,kok-tsióng
合算,ha̍p-sǹg
因端,in-tuann
刑罰,hîng-hua̍t
吊膏,tiàu-ko
各馝,kok-pih
回魂,huê-hûn/hê-hûn
同齊,tâng-tsê
吐憐涎,thòo-liân-siân
各樣,koh-iūnn
冰箱,ping-siunn
同學,tông-ha̍k
危機,guî-ki
吊橋,tiàu-kiô
冰糖,ping-thn̂g
合辦,ha̍p-pān
危險,guî-hiám
吊頷,tiàu-ām
回頭,huê-thâu/hê-thâu
吊癀,tiàu-hông
吐穗,thòo-suī
名聲,miâ-siann
在職,tsāi-tsit
回覆,huê-hok/hê-hok
合軀,ha̍h-su
名額,miâ-gia̍h
在額,tsāi-gia̍h
名簿,miâ-phōo
吊籃,tiàu-nâ
在欉黃,tsāi-tsâng-n̂g
印鑑,ìn-kàm
地,【文】tē/tuē
圳,tsùn
多,to
奸,kan
好,【白】hó
好,【文】hònn
如,jû/lû
妃,hui
字,jī/lī
存,tsûn
宅,【白】the̍h
守,【白】tsiú
守,【文】siú
安,【文】an
寺,sī
尖,tsiam
州,tsiu
帆,【文】huân
帆,【白】phâng
年,【文】liân
年,【白】nî
庄,tsng
地下,tē-hā/tuē-hā
安土,an-thóo
年久月深,nî-kú-gue̍h-tshim/nî-kú-ge̍h-tshim
地下道,tē-hā-tō/tuē-hā-tō
地支,tē-tsi/tuē-tsi
地方,tē-hng/tuē-hng
好天,hó-thinn
好心,hó-sim
好歹,hó-pháinn
存心,tsûn-sim
安心,an-sim
如夫人,jû-hu-jîn/lû-hu-lîn
字爿,jī-pîng/lī-pîng
地牛翻身,tē-gû-huan-sin/tuē-gû-huan-sin
地主,tē-tsú/tuē-tsú
好兄弟,hó-hiann-tī
年冬,nî-tang
奸巧,kan-khiáu
字母,jī-bú/lī-bú
帆布,phâng-pòo
地皮,tē-phuê/tuē-phê
安份,an-hūn
好囝,hó-kiánn
存在,tsûn-tsāi
安宅,an-the̍h
好好人,hó-hó-lâng
好年冬,hó-nî-tang
好死,hó-sí
如此,jû-tshú/lû-tshú
存死,tshûn-sí
如此如此,jû-tshú-jû-tshú/lû-tshú-lû-tshú
奸臣,kan-sîn
好色,hònn-sik
地位,tē-uī/tuē-uī
地址,tē-tsí/tuē-tsí
年尾,nî-bué/nî-bé
年尾囡仔,nî-bué gín-á/nî-bé gín-á
地形,tē-hîng/tuē-hîng
安床,an-tshn̂g
地步,tē-pōo/tuē-pōo
好育飼,hó-io-tshī
安身,an-sin
多事,to-sū
如來佛祖,Jû-lâi-pu̍t-tsóo/Lû-lâi-pu̍t-tsóo
好佳哉,hó-ka-tsài
字典,jī-tián/lī-tián
好奇,hònn-kî
年底,nî-té/nî-tué
好性地,hó-sìng-tē/hó-sìng-tuē
好空,hó-khang
守空房,tsiú khang-pâng
好客,hònn-kheh
年度,nî-tōo
存後步,tshûn-āu-pōo
地界,tē-kài/tuē-kài
好看,hó-khuànn
安胎,an-thai
年紀,nî-kí
年限,nî-hān
安家,an-ka
安眠,an-bîn
地租,tē-tsoo/tuē-tsoo
好笑神,hó-tshiò-sîn
字紙,jī-tsuá/lī-tsuá
字紙籠,jī-tsuá-láng/lī-tsuá-láng
好酒,hó-tsiú
年兜,nî-tau
地動,tē-tāng/tuē-tāng
地基,tē-ki/tuē-ki
地基主,Tē-ki-tsú/Tuē-ki-tsú
好彩頭,hó-tshái-thâu
多情,to-tsîng
安排,an-pâi
地理,tē-lí/tuē-lí
字眼,jī-gán/lī-gán
地理師,tē-lí-su/tuē-lí-su
奸細,kan-sè/kan-suè
帆船,phâng-tsûn
存貨,tsûn-huè/tsûn-hè
好喙,hó-tshuì
好喙斗,hó-tshuì-táu
尖喙夾仔,tsiam-tshuì-ngeh-á
尖喙掘仔,tsiam-tshuì-ku̍t-á
安插,an-tshah
地毯,tē-thán/tuē-thán
好款,hó-khuán
存款,tsûn-khuán
好量,hó-liōng
奸雄,kan-hiông
好勢,hó-sè
好意,hó-ì
安搭,an-tah
圳溝,tsùn-kau
年歲,nî-huè/nî-hè
守節,siú-tsiat
年節,nî-tseh/nî-tsueh
字號,jī-hō/lī-hō
安葬,an-tsòng
地號名,tē-hō-miâ/tuē-hō-miâ
奸詭,kan-kuí
好話,hó-uē
庄跤,tsng-kha
尖跤幼手,tsiam-kha-iù-tshiú
好運,hó-ūn
字運,jī-ūn/lī-ūn
字劃,jī-ue̍h/lī-ue̍h
守寡,tsiú-kuá
安寧,an-lîng
守暝,tsiú-mê/tsiú-mî
好漢,hó-hàn
地獄,tē-ga̍k/tuē-ga̍k
好鼻獅,hó-phīnn-sai
地價,tē-kè/tuē-kè
好價,hó-kè
安慰,an-uì
地盤,tē-puânn/tuē-puânn
存範,tshûn-pān
安養,an-ióng
字據,jī-kì/lī-kù
奸險,kan-hiám
安靜,an-tsīng
地頭,tē-thâu/tuē-thâu
年頭,nî-thâu
庄頭,tsng-thâu
好膽,hó-tánn
多謝,to-siā
地點,tē-tiám/tuē-tiám
好禮,hó-lé
好額,hó-gia̍h
好額人,hó-gia̍h-lâng
安穩,an-ún
年關,nî-kuan
安靈,an-lîng
尖鑽,tsiam-tsǹg
戌,sut
成,【白】tsiânn
成,【白】siânn
成,【文】sîng
托【替】,thuh
扛,【白】kng
扞【替】,huānn
扣【替】,khau
扣,khàu
扦【替】,tshuann
收,siu
早,tsá
曲,khiau
曲,【白】khik
有,【文】iú
有,【白】ū
朱,tsu
次,tshù
此,tshú
死,【白】sí
死,【文】sú
有一日,ū-tsi̍t-ji̍t/ū-tsi̍t-li̍t
有一無兩,ū-tsi̍t-bô-nn̄g
成人,tsiânn-lâng
成人,sîng-jîn/sîng-lîn
收入,siu-ji̍p/siu-li̍p
有力,ū-la̍t
死人,sí-lâng
死人面,sí-lâng-bīn
死人款,sí-lâng-khuán
有人緣,ū-lâng-iân
收山,siu-suann
收工,siu-kang
死亡,sí-bông
收心,siu-sim
收水,siu-tsuí
早日,tsá-ji̍t/tsá-li̍t
死心,sí-sim
成月日,tsiânn gue̍h-ji̍t/tsiânn ge̍h-li̍t
成功,sîng-kong
收冬,siu-tang
早冬,tsá-tang
曲去,khiau--khì
成本,sîng-pún
成立,sîng-li̍p
死目,sí-ba̍k
成全,sîng-tsuân
有名,ū-miâ
死刑,sí-hîng
死囡仔,sí-gín-á
死囡仔䖙,sí-gín-á-the
死囡仔脯,sí-gín-á-póo
成年,sîng-liân
早年,tsá-nî
收成,siu-sîng
死肉,sí-bah
有耳無喙,ū-hīnn-bô-tshuì/ū-hī-bô-tshuì
死坐活食,sí-tsē-ua̍h-tsia̍h
收尾,siu-bué/siu-bé
有孝,iú-hàu
收束,siu-sok
有身,ū-sin
托兒所,thok-jî-sóo/thok-lî-sóo
有底,ū-té/ū-tué
死忠,sí-tiong
死性,sí-sìng
扣押,khàu-ah
死板,sí-pán
收泔,siu-ám
成物,tsiânn-mi̍h/tsiânn-mn̍gh
有的無的,ū--ê-bô--ê
有空無榫,ū-khang-bô-sún
早前,tsá-tsîng
收拾,siu-si̍p
死泉,sí-tsuânn
死活,sí-ua̍h
朱紅,tsu-âng
有限,iú-hān
有要緊,ū iàu-kín
收音機,siu-im-ki
成家,sîng-ka
扞家,huānn-ke
早起時仔,tsá-khí-sî-á
有時仔,ū-sî-á
有時有陣,ū-sî-ū-tsūn
有時陣,ū-sî-tsūn
早晏,tsá-uànn
扣留,khàu-liû
收留,siu-liû
曲痀,khiau-ku
死症,sí-tsìng
收租,siu-tsoo
有神,ū-sîn
早起,tsá-khí
早起頓,tsá-khí-tǹg
扣除,khàu-tû
成做,tsiânn-tsò/tsiânn-tsuè
有夠,ū-kàu
有情,ū-tsîng
成敗,sîng-pāi
早產,tsá-sán
有通,ū-thong
收喙,siu-tshuì
收場,siu-tiûnn
成就,sîng-tsiū
有款,ū-khuán
早睏,tsá-khùn
死結,sí-kat
死絕,sí-tse̍h
有量,ū-liōng
有閒,ū-îng
收集,siu-tsi̍p
有雄,ū-hîng
早暗,tsá-àm
死會,sí-huē/sí-hē
有歲,ū-huè/ū-hè
有當時仔,ū-tang-sî-á
死窟仔水,sí-khut-á-tsuí
死罪,sí-tsuē
有聖,ū-siànn
曲跤,khiau-kha
收跤洗手,siu-kha-sé-tshiú/siu-kha-sué-tshiú
死路,sí-lōo
有路用,ū-lōo-īng
死路旁,sí-lōo-pông
早頓,tsá-tǹg
扞鼎灶,huānn-tiánn-tsàu
託夢,thok-bāng
樸實,phoh-si̍t
早慢,tsá-bān
死趖,sí-sô
有影,ū-iánn
扞數,huānn-siàu
收數,siu-siàu
扞盤,huānn-puânn
收盤,siu-puânn
曲盤,khik-puânn
死諍,sí-tsènn/sí-tsìnn
死豬仔價,sí-ti-á-kè/sí-tu-á-kè
收擔,siu-tànn
收據,siu-kì/siu-kù
有擋頭,ū-tòng-thâu
有膭,ū-kuī
成親,sîng-tshin
死賴人,sí-luā--lâng
死錢,sí-tsînn
有錢人,ū-tsînn-lâng
扞頭,huānn-thâu
有頭有尾,ū-thâu-ū-bué/ū-thâu-ū-bé
有應公,Iú-ìng-kong
收縮,siu-sok
成績,sîng-tsik
早齋,tsá-tsai
收藏,siu-tsông
有額,ū-gia̍h
扛轎,kng-kiō
收瀾,siu-nuā
收驚,siu-kiann
汗,【白】kuānn
江,kang
池,tî
百,【白】pah
竹,【白】tik
米,bí
羊,【白】iûnn
老,【文】láu
老,【白】lāu
考,khó
耳,【白】hīnn/hī
耳,【文】ní
聿【替】,u̍t
肉【替】,bah
肉,【文】jio̍k/lio̍k
臣,sîn
自,tsū
舌,【白】tsi̍h
色,sik
艾,【白】hiānn
艾,【文】ngāi
血,【文】hiat
血,【白】hueh/huih
行,hâng
行,hīng
行,【白】kiânn
米𧉟,bí-tâi
竹䈄,tik-ham
百二,pah-jī/pah-lī
老人,lāu-lâng
老人目,lāu-lâng-ba̍k
老人斑,lāu-lâng-pan
老大,láu-tuā
自己,tsū-kí
老大人,lāu-tuā-lâng
老大公,lāu-tuā-kong
肉丸仔,bah-uân-á
老公仔,lāu-kong-á
老不修,lāu-put-siu
百日,pah-ji̍t/pah-li̍t
米斗,bí-táu
羊毛,iûnn-mn̂g
至少,tsì-tsió
色水,sik-tsuí
百日紅,pah-ji̍t-âng/pah-li̍t-âng
羊毛衫,iûnn-mn̂g-sann
百日嗽,pah-ji̍t-sàu/pah-li̍t-sàu
竹仔,tik-á
羊仔,iûnn-á
老兄,lāu-hiann
而且,jî-tshiánn/lî-tshiánn
耳仔,hīnn-á/hī-á
羊仔目,iûnn-á-ba̍k
竹仔枝,tik-á-ki
米仔麩,bí-á-hu
老去,lāu--khì
肉包,bah-pau
米奶,bí-ling/bí-ni
羊母,iûnn-bó
老本,lāu-pún
老母,lāu-bú
耳扒仔,hīnn-pê-á/hī-pê-á
竹目,tik-ba̍k
老生,lāu-sing
耳目,ní-bo̍k
肉皮,bah-phuê/bah-phê
自由,tsū-iû
自立,tsū-li̍p
自在,tsū-tsāi
竹扦,tik-tshuann
老早,láu-tsá
米色,bí-sik
肉色,bah-sik
血色,hueh-sik/huih-sik
百百空,pah-pah-khang
自作自受,tsū-tsok-tsū-siū
自作孽,tsū-tsok-gia̍t
自我,tsū-ngóo
行李,hîng-lí
老步定,lāu-pōo-tiānn
百步蛇,pah-pōo-tsuâ
自私,tsū-su
肉豆,bah-tāu
老芋仔,lāu-ōo-á
羊角豆仔,iûnn-kak-tāu-á
自來水,tsū-lâi-tsuí
考卷,khó-kǹg
老命,lāu-miā
百姓,peh-sènn/peh-sìnn
老姑婆,lāu-koo-pô
米店,bí-tiàm
考官,khó-kuann
自底,tsū-té/tsū-tué
肉拊,bah-hú
竹披仔,tik-phi-á
老板,láu-pán
老爸,lāu-pē
老的,lāu--ê
耳空,hīnn-khang/hī-khang
色盲,sik-bông
耳空重,hīnn-khang-tāng/hī-khang-tāng
耳空鬼仔,hīnn-khang-kuí-á/hī-khang-kuí-á
耳空輕,hīnn-khang-khin/hī-khang-khin
米芳,bí-phang
老阿伯,lāu-a-peh
老阿婆,lāu-a-pô
自信,tsū-sìn
血型,hueh-hîng/huih-hîng
耳屎,hīnn-sái/hī-sái
行後尾門,kiânn-āu-bué-mn̂g/kiânn-āu-bé-mn̂g
行春,kiânn-tshun
行為,hîng-uî
行軍,hîng-kun
行郊,hâng-kau
自首,tsū-siú
自修,tsū-siu
老倒勼,lāu-tò-kiu
老師,lāu-su
肉桂,jio̍k-kuì/lio̍k-kuì
血氣,hueh-khì/huih-khì
行氣,kiânn-khì
耳珠,hīnn-tsu/hī-tsu
羊眩,iûnn-hîn
肉砧,bah-tiam
米粉,bí-hún
老神在在,lāu-sîn-tsāi-tsāi
米粉炒,bí-hún-tshá
竹耙,tik-pê
色素,sik-sòo
米酒,bí-tsiú
肉骨,bah-kut
米酒頭仔,bí-tsiú-thâu-á
肉乾,bah-kuann
自動,tsū-tōng
行動,hîng-tōng
灰匙仔,hue-sî-á
自動車,tsū-tōng-tshia
老婆仔,lāu-pô-á
老娼頭,lāu-tshang-thâu
自強,tsū-kiông
色彩,sik-tshái
老康健,lāu-khong-kiān
行徙,kiânn-suá
行情,hâng-tsîng
肉脯,bah-póo
行船,kiânn-tsûn
血蚶,hueh-ham/huih-ham
肉豉仔,bah-sīnn-á
百貨,pah-huè/pah-hè
百貨公司,pah-huè kong-si/pah-hè kong-si
行透透,kiânn-thàu-thàu
肉魚仔,bah-hî-á/bah-hû-á
自尊心,tsū-tsun-sim
竹棑,tik-pâi
行棋,kiânn-kî
江湖,kang-ôo
羊犅,iûnn-káng
老牌,láu-pâi
老猴,lāu-kâu
自然,tsū-jiân/tsū-liân
老牌子,lāu-pâi-tsú
老番顛,lāu-huan-tian
老硞硞,lāu-khok-khok
行短路,kiânn-té-lōo
竹筅,tik-tshíng
竹筍,tik-sún
竹筒,tik-tâng
米粟,bí-tshik
米絞,bí-ká
肉絲,bah-si
血筋,hueh-kin/huih-kun
自費,tsū-huì
米間,bí-king
肉酥,bah-soo
肉圓,bah-uân
肉感,bah-kám
自新,tsū-sin
老歲仔,lāu-huè-á/lāu-hè-á
行經,kiânn-king
百萬,pah-bān
竹葉,tik-hio̍h
考試,khó-tshì
竹跤,tik-kha
肉跤仔,bah-kha-á
血路,hueh-lōo/huih-lōo
行路,kiânn-lōo
行運,kiânn-ūn
行路工,kiânn-lōo-kang
耳鉤,hīnn-kau/hī-kau
老實,láu-si̍t
考察,khó-tshat
竹箍,tik-khoo
竹管,tik-kóng
肉粽,bah-tsàng
血管,hueh-kńg/huih-kńg
肉粽角,bah-tsàng-kak
肉粽節,Bah-tsàng-tseh/Bah-tsàng-tsueh
竹蓆,tik-tshio̍h
肉餅,bah-piánn
米價,bí-kè
考慮,khó-lī/khó-lū
百樣,pah-iūnn
米漿,bí-tsiunn
米潘,bí-phun
肉瘤,bah-liû
灰窯,hue-iô
竹箬,tik-ha̍h
老練,láu-liān
色緻,sik-tī
竹膜,tik-mo̍oh
行踏,kiânn-ta̍h
竹篙,tik-ko
米篩,bí-thai
米糕,bí-ko
米糕𣻸,bí-ko-siûnn
竹篙叉,tik-ko-tshe
米篩目,bí-thai-ba̍k
米糕糜,bí-ko-muê/bí-ko-bê
至親,tsì-tshin
自頭,tsū-thâu
米龜,bí-ku
血壓,hueh-ap/huih-ap
耳環,hīnn-khuân/hī-khuân
米糠,bí-khng
竹篾仔,tik-bi̍h-á
自謙,tsū-khiam
米甕,bí-àng
行禮,kiânn-lé
耳甕仔,hīnn-àng-á/hī-àng-á
米糧,bí-niû
米蟲,bí-thâng
自轉車,tsū-tsuán-tshia
行醫,hîng-i
竹雞仔,tik-ke-á/tik-kue-á
肉雞仔,bah-ke-á/bah-kue-á
肉鯽仔,bah-tsit-á
肉羹,bah-kenn/bah-kinn
竹蟶,tik-than
耳鏡,hīnn-kiànn/hī-kiànn
老顛倒,lāu-thian-tho̍h
米攕,bí-tshiám
米籃,bí-nâ
自覺,tsū-kak
考驗,khó-giām
米籮,bí-luâ
米粩,bí-láu
百襇裙,pah-kíng-kûn
衣,【文】i
衣,【白】ui
西,【白】sai
西,【文】se
西刀舌,sai-to-tsi̍h
西天,se-thian
西方,se-hong
西爿,sai-pîng
西北,sai-pak
西北雨,sai-pak-hōo
西瓜,si-kue
西式,se-sik
西門町,Se-mn̂g-ting
西洋,Se-iûnn
西洋人,Se-iûnn-lâng
西秦王爺,Se-tsîn-ông-iâ
西照日,sai-tsiò-ji̍t/sai-tsiò-li̍t
西裝,se-tsong
西醫,se-i
西藥,se-io̍h
西藥房,se-io̍h-pâng
串,【白】tshǹg
串,【文】tshuàn
伯,【白】peh
估,kóo
伴,【白】phuānn
伸,【白】tshun
伸,【文】sin
伻【替】,phenn
佇,tī
佈,pòo
位,uī
何,【文】hô
佗【替】,tó
佗【替】,toh
佛,【文】Hu̍t
佛,【白】Pu̍t
作,【白】tsoh
作,【文】tsok
你【替】,lí
克,khik
兌,【文】tuē
兌,【白】tuī
免,bián
兵,ping
冷,líng
佗一个,tó tsi̍t ê
何乜苦,hô-mí-khóo
伯公,peh-kong
伸勻,tshun-ûn
伸勼,tshun-kiu
伴手,phuānn-tshiú
伸手,tshun-tshiú
佃戶,tiān-hōo
住戶,tsū-hōo
作文,tsok-bûn
佛手瓜,hu̍t-tshiú-kue
串仔,tshǹg-á
佛仔,pu̍t-á
兵仔,ping-á
何必,hô-pit
作用,tsok-iōng
作田,tsoh-tshân
作田人,tsoh-tshân-lâng
佛寺,hu̍t-sī
佗位,tó-uī
冷吱吱,líng-ki-ki
住址,tsū-tsí
作弄,tsok-lōng
作怪,tsok-kuài
住所,tsū-sóo
克服,khik-ho̍k
何況,hô-hóng
作法,tsok-huat
作物,tsok-bu̍t
古物商,kóo-bu̍t-siong
作者,tsok-tsiá
佛門,hu̍t-mn̂g
伸長手,tshun-tn̂g-tshiú
伶俐,líng-lī
佇咧,tī-leh
作品,tsok-phín
伴奏,phuānn-tsàu
但是,tān-sī
作為,tsok-uî
何苦,hô-khóo
作家,tsok-ka
冷氣,líng-khì
佛祖,Pu̍t-tsóo
伴娶,phuānn-tshuā
佛堂,hu̍t-tn̂g
佛教,Hu̍t-kàu
串通,tshuàn-thong
伯勞仔,pit-lô-á
兌換,tuī-uānn
免稅,bián-suè/bián-sè
免費,bián-huì
作亂,tsok-luān
伴嫁,phuānn-kè
作業,tsok-gia̍p
位置,uī-tì
伸跤,tshun-kha
佛像,hu̍t-siōng
作弊,tsok-pè
估價,kóo-kè
免數想,bián siàu-siūnn
作戰,tsok-tsiàn
冷靜,líng-tsīng
免錢飯,bián-tsînn-pn̄g
克虧,khik-khui
串講,tshuàn-kóng
作穡,tsoh-sit
作穡人,tsoh-sit-lâng
作孽,tsok-gia̍t
佛龕,pu̍t-kham
免驚,bián-kiann
刜【替】,phut
刣【替】,thâi
判,phuànn
別,【白】pa̍t
別,【文】pia̍t
利,【白】lāi
助,tsōo
劫,kiap
卵,【白】nn̄g
君,kun
吞,thun
吟,gîm
吠,【白】puī
含,【白】kâm
含,【白】kânn
吭【替】,khngh
吭【替】,khōng
吮,tshńg
吱【替】,ki
吵,【白】tshá
吶【替】,nā
吸,khip
吹,【白】tshue/tshe
吼,háu
別人,pa̍t-lâng
努力,lóo-li̍k
別个,pa̍t-ê
君子,kun-tsú
卵仁,nn̄g-jîn/nn̄g-lîn
別日,pa̍t-ji̍t/pa̍t-li̍t
別日仔,pa̍t-ji̍t-á/pa̍t-li̍t-á
君王,kun-ông
卵包,nn̄g-pau
利用,lī-iōng
吸石,khip-tsio̍h
刣死,thâi--sí
別位,pa̍t-uī
吞忍,thun-lún
吵抐,tshá-lā
判決,phuànn-kuat
吩咐,huan-hù
判官,phuànn-kuann
吹狗螺,tshue-káu-lê/tshe-káu-lê
利便,lī-piān
吹風,tshue-hong/tshe-hong
吹風機,tshue-hong-ki/tshe-hong-ki
含冤,hâm-uan
吵家抐宅,tshá-ke-lā-the̍h
吵家抐計,tshá-ke-lā-kè
利息,lī-sik
即時,tsik-sî
利益,lī-ik
利純,lī-sûn
助教,tsōo-kàu
含梢,hâm-sau
卵清,nn̄g-tshing
助產士,tsōo-sán-sū
別莊,pia̍t-tsong
別款,pa̍t-khuán
別項,pa̍t-hāng
別搭,pa̍t-tah
判罪,phuànn-tsuē
吭跤翹,khōng-kha-khiàu
劫數,kiap-sòo
吵鬧,tshá-nāu
刣頭,thâi-thâu
判斷,phuànn-tuàn
刣雞教猴,thâi-ke-kà-kâu/thâi-kue-kà-kâu
呃,eh
呆,tai
告,kò
囤,tún
囥,khǹg
囫【替】,hut
囮,buê
坉【替】,thūn
坎,khám
坐,【白】tsē
坐【替】,tshē
坑,【白】khenn/khinn
夾,ngeh
坎仔,khám-á
夾仔,ngeh-á
坉平,thūn-pênn/thūn-pînn
告示,kò-sī
坐向,tsē-hiòng
坐位,tsē-uī
坎坎坷坷,khám-khám-khia̍t-khia̍t
囥步,khǹg-pōo
呂洞賓,Lī Tōng-pin/Lū Tōng-pin
困苦,khùn-khóo
坑崁,khenn-khàm/khinn-khàm
坐桌,tsē-toh
坎站,khám-tsām
坐清,tsē-tshing
告訴,kò-sòo
坉塗,thūn-thôo
囥歲,khǹg-huè/khǹg-hè
坑溝,khenn-kau/khinn-kau
坐監,tsē-kann
坐數,tshē-siàu
坐禪,tsē-siân
困難,khùn-lân
妖,iau
妗,kīm
妙,miāu
妝,【白】tsng
孝,【文】hàu
宋,Sòng
完,uân
尪【替】,ang
尾,bué/bé
尿,jiō/liō
局,kio̍k
屁,phuì
巡,sûn
尾二指,bué-jī-tsáinn/bé-lī-tsáinn
妓女,ki-lí/ki-lú
孝女,hàu-lí/hàu-lú
孝子,hàu-tsú
完工,uân-kang
孝心,hàu-sim
尾手,bué-tshiú/bé-tshiú
尿斗,jiō-táu/liō-táu
尾牙,bué-gê/bé-gê
妗仔,kīm-á
尪仔,ang-á
尾仔,bué-á/bé-á
尪仔冊,ang-á-tsheh
尾仔囝,bué-á-kiánn/bé-á-kiánn
尪仔物,ang-á-mi̍h/ang-á-mn̍gh
尪仔面,ang-á-bīn
尪仔標,ang-á-phiau
尪仔頭,ang-á-thâu
完全,uân-tsuân
完成,uân-sîng
宋米仔,sòng-bí-á
宋江陣,Sòng-kang-tīn
孝呆,hàu-tai
孝杖,hà-thn̄g
孝男,hàu-lâm
孝孤,hàu-koo
尿帕仔,jiō-phè-á/liō-phè-á
妖怪,iau-kuài
尪姨,ang-î
尾後,bué-āu/bé-āu
尾指,bué-tsáinn/bé-tsáinn
巡查,sûn-tsa
尪架桌,ang-kè-toh
宋盼的,sòng-phàn--ê
尿苴仔,jiō-tsū-á/liō-tsū-á
尿苴仔𩛩,jiō-tsū-á-kauh/liō-tsū-á-kauh
孝衫,hà-sann
局面,kio̍k-bīn
妨害,hông-hāi
尾胴骨,bué-tâng-kut/bé-tâng-kut
妗婆,kīm-pô
完婚,uân-hun
尿桶,jiō-tháng/liō-tháng
尿桸,jiō-hia/liō-hia
希望,hi-bāng
屁窒仔,phuì-that-á
妖術,iau-su̍t
尿壺,jiō-ôo/liō-ôo
完結,uân-kiat
完結篇,uân-kiat-phinn
尾脽,bué-tsui/bé-tsui
巡視,sûn-sī
局勢,kio̍k-sè
孝敬,hàu-kìng
尾溜,bué-liu/bé-liu
妥當,thò-tòng
妖道,iau-tō
尿道,jiō-tō/liō-tō
妖精,iau-tsiann
妖嬌,iau-kiau
尾蝶,bué-ia̍h/bé-ia̍h
尾幫車,bué-pang-tshia/bé-pang-tshia
尾聲,bué-siann/bé-siann
妨礙,hông-gāi
妖孽,iau-gia̍t
床,【白】tshn̂g
床,【白】sn̂g
序,【文】sū
弄,【白】lāng
弟,【文】tē
弟,【白】tī
形,hîng
忌,khī
忍,【文】jím/lím
忍,【白】lún
志,tsì
忘,bōng
快,khuài
我,【白】guá
我,【文】ngóo
扭,【文】ngiú
扭,【白】láu
扮,pān
扯,tshé
扱【替】,khi̍p
扲【替】,gīm
扳【替】,pian
扴【替】,ke̍h
扶,【文】hû
扶,【白】phôo
扷【替】,ió
扶𡳞脬,phôo-lān-pha
床巾,tshn̂g-kin/tshn̂g-kun
序大,sī-tuā
弟子,tē-tsú
序大人,sī-tuā-lâng
忌日,kī-ji̍t/kī-li̍t
扮仙,pān-sian
床母,Tshn̂g-bú
扭尻川,ngiú kha-tshng
形式,hîng-sik
庇佑,pì-iū
扶助,hû-tsōo
忌床,khī-tshn̂g
快車,khuài-tshia
扴味,ke̍h-bī
形狀,hîng-tsōng
弄狗相咬,lōng-káu-sio-kā
扶持,hû-tshî
快活,khuìnn-ua̍h
忍耐,jím-nāi/lím-nāi
弄風,lāng-hong
形容,hîng-iông
扶挺,phôo-thánn
忍氣,lún-khì
志氣,tsì-khì
扮笑面,pān-tshiò-bīn
忤逆,ngóo-gi̍k
弟婦仔,tē-hū-á
扭掠,liú-lia̍h
序細,sī-sè/sī-suè
忌喙,khī-tshuì
弄喙花,lāng-tshuì-hue
扶插,hû-tshah
形勢,hîng-sè
扭搦,liú-la̍k
弄新娘,lāng-sin-niû
弄獅,lāng-sai
扳過來,pian--kuè-lâi/pian--kè-lâi
形影,hîng-iánn
扶養,hû-ióng
弄龍,lāng-lîng
志願,tsì-guān
弄鐃,lāng-lâu
批,【白】phue
找,tsāu
技,ki
抄,tshau
抉【替】,kuat
把,【白】pé
抌【替】,tìm
抐【替】,lā
抑,ia̍h
抓,jiàu/liàu
抔【替】,put
投,tâu
折,【文】tsiat
折,【白】tsi̍h
改,kái
攻,kong
旱,【文】hān
旱,【白】huānn
旱,【白】uānn
更,【白】kenn/kinn
杆,【白】kuainn
杆,【白】kuann
李,lí
杏,hīng
材,tsâi
村,tshun
杓,sia̍h
杙【替】,khi̍t
技工,ki-kang
杏仁,hīng-jîn/hīng-lîn
杏仁茶,hīng-jîn-tê/hīng-lîn-tê
杉仔,sam-á
李仔,lí-á
杓仔,sia̍h-á
杙仔,khi̍t-á
杉仔柴,sam-á-tshâ
李仔鹹,lí-á-kiâm
杜伯仔,tōo-peh-á
改良,kái-liông
杜定,tōo-tīng
批信,phue-sìn
抑是,ia̍h-sī
投胎,tâu-thai
投降,tâu-hâng
改革,kái-kik
批准,phue-tsún
技師,ki-su
材料,tsâi-liāu
批紙,phue-tsuá
抓耙仔,jiàu-pê-á/liàu-pê-á
杜蚓仔,tōo-kún-á
改酒,kái-tsiú
批桶,phue-tháng
投票,tâu-phiò
改途,kái-tôo
把握,pá-ak
改換,kái-uānn
批殼,phue-khak
杜猴,tōo-kâu
批筒,phue-tâng
批評,phue-phîng
改裝,kái-tsong
投資,tâu-tsu
改運,kái-ūn
抄寫,tshau-siá
投標,tâu-pio
投稿,tâu-kó
投靠,tâu-khò
投機,tâu-ki
找錢,tsāu-tsînn
把戲,pá-hì
攻擊,kong-kik
折舊,tsiat-kū
改薰,kái-hun
杜鵑,tōo-kuan
抗議,khòng-gī
批囊,phue-lông
抄襲,tshau-si̍p
改變,kái-piàn
束,sok
步,pōo
每,muí
求,kiû
汫【替】,tsiánn
汰,thài
汰【替】,thuā
沃,ak
沉,【文】tîm
沐【替】,bak
沕【替】,bi̍t
沖【替】,tshiâng
沖,tshiong
沙,【白】sua
灶,【白】tsàu
每日,muí-ji̍t/muí-li̍t
決心,kuat-sim
汽水,khì-tsuí
沃水,ak-tsuí
沐手,bak-tshiú
沐水,bak tsuí
沖水,tshiâng-tsuí
沖犯,tshiong-huān
每年,muí-nî
沒收,bu̍t-siu
沙沙,sua-sua
沐沐泅,bo̍k-bo̍k-siû
沖沖滾,tshiâng-tshiâng-kún
沉底,tîm-té/tîm-tué
沙拉油,sa-lá-iû
沃肥,ak-puî
沃花,ak-hue
沃雨,ak-hōo
沙挑,sua-thio
汰衫,thuā-sann
沉重,tîm-tāng
沙埔,sua-poo
沙屑,sua-sap
求神問佛,kiû-sîn-mn̄g-pu̍t
沙茶,sa-te
沙崙,sua-lūn
求情,kiû-tsîng
束結,sok-kiat
沙微,sa-bui
束腰,sok-io
灶跤,tsàu-kha
沙漠,sua-bo̍k
步數,pōo-sòo
沙線,sua-suànn
步輦,pōo-lián
沃澹,ak-tâm
束縛,sok-pa̍k
灶頭,tsàu-thâu
沙龍巴斯,sa-long-pa-suh
災,tsai
災【替】,tse
牢,【白】tiâu
狂,kông
男,lâm
疔,ting
疕【替】,phí
皂【替】,tsō
矣,--ah
私,【文】su
系,hē
罕,hán
肚,tóo
肚,tōo
肝,【文】kan
肝,【白】kuann
育【替】,io
肝𦟪,kuann-liân
男女,lâm-lí/lâm-lú
男子,lâm-tsú
私下,su-hā
男子漢,lâm-tsú-hàn
牡丹,bóo-tan
災厄,tsai-eh
私心,su-sim
疔仔,ting-á
災民,tsai-bîn
私立,su-li̍p
私交,su-kau
育囝,io-kiánn
育囡仔,io gín-á
育囡仔歌,io-gín-á-kua
罕行,hán-kiânn
私利,su-lī
罕見,hán-kiàn
私事,su-sū
私奇,sai-khia
肝炎,kuann-iām
災害,tsai-hāi
秀氣,siù-khì
秀梳仔,siù-se-á/siù-sue-á
肚胿仔,tōo-kuai-á
罕得,hán-tit
私情,su-tsîng
系統,hē-thóng
私通,su-thong
肚脹,tóo-tiòng
肚腸,tōo-tn̂g
育飼,io-tshī
災禍,tsai-hō
肚綰,tóo-kuānn
禿頭,thut-thâu
肚臍,tōo-tsâi
禿額,thuh-hia̍h
災難,tsai-lān
芋,【白】ōo
見,【文】kiàn
見,【白】kìnn
角,kak
言,giân
豆,tāu
赤,【白】tshiah
走,【白】tsáu
足,tsiok
身【替】,sian
身,sin
車,【白】tshia
辛,sin
辰,sîn
那【替】,ná
邪,siâ
酉,iú
里,lí
阮【替】,guán
防,hông
走山,tsáu-suann
良心,liông-sim
車心,tshia-sim
車手,tshia-tshiú
赤牛,tshiah-gû
芋仔,ōo-á
豆仔,tāu-á
身世,sin-sè
車仔,tshia-á
車仔針,tshia-á-tsiam
車仔線,tshia-á-suànn
豆仔薯,tāu-á-tsî/tāu-á-tsû
見本,kiàn-pún
豆奶,tāu-ling/tāu-ni
豆皮,tāu-phuê/tāu-phê
赤目,tshiah-ba̍k
芋冰,ōo-ping
防守,hông-siú
角色,kak-sik
赤肉,tshiah-bah
走色,tsáu-sik
走江湖,tsáu-kang-ôo
身材,sin-tsâi
豆沙,tāu-se
走私,tsáu-su
豆乳,tāu-jú/tāu-lú
走味,tsáu-bī
身命,sin-miā
見怪,kiàn-kuài
豆油,tāu-iû
豆油膏,tāu-iû-ko
芋泥,ōo-nî
走狗,tsáu-káu
防空壕,hông-khong-hô
豆花,tāu-hue
身屍,sin-si
車後斗,tshia-āu-táu
走相掠,tsáu-sio-lia̍h
走相逐,tsáu-sio-jiok/tsáu-sio-lip
赤砂,tshiah-sua
見若,kiàn-nā
辛苦,sin-khóo
見面,kìnn-bīn
走音,tsáu-im
走桌的,tsáu-toh--ê
見笑,kiàn-siàu
車站,tshia-tsām
見笑代,kiàn-siàu-tāi
見笑草,kiàn-siàu-tsháu
走袂開跤,tsáu-bē-khui-kha/tsáu-buē-khui-kha
走袂離,tsáu-bē-lī/tsáu-buē-lī
走閃,tsáu-siám
走馬燈,tsáu-bé-ting
豆乾,tāu-kuann
豆乾糋,tāu-kuann-tsìnn
走唱,tsáu-tshiùnn
車票,tshia-phiò
見習,kiàn-si̍p
豆粕,tāu-phoh
芋莖,ōo-huâinn
豆莢,tāu-ngeh
豆豉,tāu-sīnn
走赦馬,tsáu-sià-bé
防備,hông-pī
辛勞,sin-lô
車單,tshia-tuann
車掌,tshia-tsióng
走揣,tsáu-tshuē/tsáu-tshē
芋稈,ōo-kuáinn
豆菜,tāu-tshài
豆菜底的,tāu-tshài-té--ê/tāu-tshài-tué--ê
走街仔仙,tsáu-ke-á-sian/tsáu-kue-á-sian
言詞,giân-sû
角勢,kak-sì
走傱,tsáu-tsông
芋圓,ōo-înn
見解,kiàn-kái
赤跤,tshiah-kha
赤跤仙仔,tshiah-kha-sian-á
走路,tsáu-lōo
走跳,tsáu-thiàu
角鼓,kak-kóo
車鼓戲,tshia-kóo-hì
芋粿,ōo-kué/ōo-ké
豆箍,tāu-khoo
走精,tsáu-tsing
芋粿曲,ōo-kué-khiau/ōo-ké-khiau
豆腐,tāu-hū
防腐劑,hông-hú-tse
豆腐鯊,tāu-hū-sua
言語,giân-gí/giân-gú
豆酺,tāu-pôo
豆餅,tāu-piánn
身價,sin-kè
言論,giân-lūn
車輪,tshia-lián
角齒,kak-khí
車擋,tshia-tòng
車錢,tshia-tsînn
角頭,kak-thâu
豆頭,tāu-thâu
豆餡,tāu-ānn
車頭,tshia-thâu
車幫,tshia-pang
見擺,kiàn-pái
身軀,sin-khu
身軀邊,sin-khu-pinn
豆醬,tāu-tsiùnn
豆醬湯,tāu-tsiùnn-thng
豆簽,tāu-tshiam
豆藤,tāu-tîn
赤鯮,tshiah-tsang
身懸,sin-kuân
豆鹹,tāu-kiâm
身體,sin-thé
並,【文】pīng
並,【白】phīng
乖,kuai
事,【文】sū
佬【替】,láu
佮,【白】kah
佮,【文】kap
佯【替】,tènn/tìnn
使,【白】sái
使,【文】sú
來,lâi
例,lē
供,【白】king
供【替】,kìng
佳人,ka-jîn/ka-lîn
佯毋知,tènn-m̄-tsai/tìnn-m̄-tsai
事主,sū-tsú
佬仔,láu-á
來世,lâi-sè
來去,lâi-khì
例外,lē-guā
乖巧,kuai-khá
佯生,tènn-tshenn/tìnn-tshinn
使用人,sú-iōng-lâng
使目尾,sái-ba̍k-bué/sái-ba̍k-bé
使目箭,sái-ba̍k-tsìnn
事件,sū-kiānn
乳名,jú-miâ/lú-miâ
使弄,sái-lōng
來來去去,lâi-lâi-khì-khì
享受,hiáng-siū
來往,lâi-óng
使性地,sái-sìng-tē/sái-sìng-tuē
佩服,puē-ho̍k
佳哉,ka-tsài
事後,sū-āu
來洗,lâi-sé
佳音,ka-im
侍候,sū-hāu
依倚,i-uá
事務,sū-bū
事務所,sū-bū-sóo
事理,sū-lí
佮喙,kah-tshuì
佳期,ka-kî
佯痟,tènn-siáu/tìnn-siáu
佮意,kah-ì
事業,sū-gia̍p
來路,lâi-lōo
亞鉛,a-iân
亞鉛鉼,a-iân-phiánn
亞鉛線,a-iân-suànn
事實,sū-si̍t
享福,hiáng-hok
來賓,lâi-pin
來歷,lâi-li̍k
依賴,i-nāi
京戲,kiann-hì
佯顛佯戇,tènn-tian-tènn-gōng/tìnn-tian-tìnn-gōng
供體,king-thé
佯戇,tènn-gōng/tìnn-gōng
侗戇,tòng-gōng
兔,thòo
兩,【文】lióng
兩,【白】niú
兩,【白】nn̄g
其,kî
具,【白】khū
典,tián
初,【白】tshe/tshue
初,【文】tshoo
刮【替】,kueh/kuih
刮【替】,khe
到【替】,kàu
制,tsè
券,【白】kǹg
券,【文】kuàn
刺,tshì
刺,tshiah
刻,khik
剁【替】,tok
匼【替】,khap
卒,tsut
卦,kuà
卷,kńg
卷,【文】kuàn
卸【替】,sià
叔,【白】tsik
取,tshú
受,siū
刺䲅,tshì-kui
初一,tshe-it/tshue-it
初一,tshoo-it
協力,hia̍p-li̍k
其中,kî-tiong
到今,kàu-tann
到分,kàu-hun
叔公,tsik-kong
刺毛蟲,tshì-môo-thâng
兩爿,nn̄g-pîng
兔仔,thòo-á
其他,kî-thann
刺仔,tshì-á
卒仔,tsut-á
兔仔尾,thòo-á-bué/thòo-á-bé
卸世眾,sià-sì-tsìng
刺瓜仔,tshì-kue-á
兩光,lióng-kong
協同,hia̍p-tông
刻印仔,khik-ìn-á
到地,kàu-tè
刺字,tshiah-jī/tshiah-lī
刺竹,tshì-tik
刺竹筍,tshì-tik-sún
到位,kàu-uī
叔伯兄弟,tsik-peh-hiann-tī
叔伯姊妹,tsik-peh-tsí-muē/tsik-peh-tsí-bē
叔伯的,tsik-peh--ê
協助,hia̍p-tsōo
初步,tshoo-pōo
初見面,tshoo-kìnn-bīn
初初,tshoo-tshoo
到底,tàu-té/tàu-tué
制定,tsè-tīng
卷宗,kuàn-tsong
制服,tsè-ho̍k
刺波,tshì-pho
刺花,tshiah-hue
制度,tsè-tōo
刺查某,tshiah-tsa-bóo
刺疫,tshiah-ia̍h
協約,hia̍p-iok
受苦,siū-khóo
卸面皮,sià-bīn-phuê/sià-bīn-phê
叔孫,tsik-sun
受害,siū-hāi
到時,kàu-sî
受氣,siū-khì
取消,tshú-siau
卸祖公,sià-tsóo-kong
到站,kàu-tsām
初級,tshoo-kip
刺耙耙,tshiah-pê-pê
受袂起,siū-bē-khí/siū-buē-khí
刺探,tshì-thàm
卸貨,sià-huè/sià-hè
卸責任,sià-tsik-jīm/sià-tsik-līm
卸貨底,sià-huè-té/sià-hè-tué
到期,kàu-kî
受債,siū-tsè
協會,hia̍p-huē
受當袂起,siū-tong-bē-khí/siū-tong-buē-khí
受罪,siū-tsuē
其實,kî-si̍t
刺酸,tshiah-sng
卑鄙,pi-phí
取締,tshú-tè
協調,hia̍p-tiau
卑賤,pi-tsiān
刺激,tshì-kik
刺膨紗,tshiah-phòng-se
協辦,hia̍p-pān
典禮,tián-lé
刺繡,tshiah-siù
協議,hia̍p-gī
具體,kū-thé
刺鑿,tshì-tsha̍k
呢【替】,--nih
呢【替】,--neh
味,bī
呸【替】,phuì
呻,【白】tshan
呼,【文】hoo
呼,【白】khoo
命,【文】bīng
命,【白】miā
呾【替】,tànn
咂【替】,tsa̍p
和【替】,hām
和,【文】hô
咒,tsiù
囷【替】,khûn
坩【替】,khann
坪,【白】pênn/pînn
坯【替】,phue/phe
命令,bīng-līng
坩仔,khann-á
和平,hô-pîng
坦白,thán-pi̍k
周全,tsiu-tsuân
周至,tsiu-tsì
呸血,phuì-hueh/phuì-huih
周到,tsiu-tò
咂咂叫,tsa̍p-tsa̍p-kiò
咇咇掣,phi̍h-phi̍h-tshuah
呿呿嗽,khuh-khuh-sàu
和尚,huê-siūnn
固定,kòo-tīng
坦直,thán-ti̍t
呵咾,o-ló
呸面,phuì-bīn
呼音,hoo-im
坦倒,thán-tó
咖哩,ka-lí
咖哩嗹囉,ka-lí-liân-lô
命案,miā-àn
和氣,hô-khì
味素,bī-sòo
味素粉,bī-sòo-hún
咖啡,ka-pi
咖啡色,ka-pi-sik
固執,kòo-tsip
周密,tsiu-bi̍t
坦徛,thán-khiā
呼蛋,khoo-tuann
周圍,tsiu-uî
坦敧,thán-khi
坦敧身,thán-khi-sin
和順,hô-sūn
呸痰,phuì-thâm
和睦,hô-bo̍k
和解,hô-kái
命運,miā-ūn
咒誓,tsiù-tsuā
呼噎仔,khoo-uh-á
呼噓仔,khoo-si-á
咒罵,tsiù-mē/tsiù-mā
坦橫,thán-huâinn/thán-huînn
呼觱仔,khoo-pi-á
坦覆,thán-phak
命題,bīng-tê/bīng-tuê
呸瀾,phuì-nuā
咒讖,tsiù-tshàm
呼籲,hoo-io̍k
坱【替】,ing
坵,khu
夜,iā
奅,phānn
奇,【文】kî
奇,【白】khia
妹,muē/bē
妻,tshe
妾,tshiap
姆,ḿ
姊,tsé
姊,tsí
姑,koo
姓,【白】sènn/sìnn
姓,【文】sìng
姑丈,koo-tiūnn
姑不而將,koo-put-jî-tsiong/koo-put-lî-tsiong
姊夫,tsí-hu
姆仔,ḿ--á
姊仔,tsí--á
夜市,iā-tshī
奇巧,kî-khá
姐母,Tsiá-bó
委任,uí-jīm/uí-līm
垃圾,lah-sap
垃圾鬼,lah-sap-kuí
垃圾話,lah-sap-uē
奇妙,kî-miāu
姊妹,tsí-muē/tsí-bē
姊妹仔伴,tsí-muē-á-phuānn/tsí-bē-á-phuānn
奇怪,kî-kuài
姑表,koo-piáu
姑姨,koo-î
委員,uí-uân
坱埃,ing-ia
姑娘,koo-niû
奉茶,hōng-tê
奉送,hōng-sàng
委託,uí-thok
夜婆,iā-pô
姆婆,ḿ-pô
姑婆,koo-pô
姑情,koo-tsiânn
妹婿,muē-sài/bē-sài
夜景,iā-kíng
姑換嫂,koo-uānn-só
夜間部,iā-kan-pōo
夜勤,iā-khîn/iā-khûn
姑爺,koo-iâ
妻舅,tshe-kū
奇數,khia-sòo
奇蹟,kî-tsik
垃儳,lâ-sâm
季,kuì
孤,koo
官,【文】kuan
官,【白】kuann
定,【白】tiānn
定,【文】tīng
屆,kài
屈,khut
岫,siū
岸,【白】huānn
帕,phè
帖,thiap
幸,hīng
底,té/tué
底【替】,tī
店,tiàm
孤𣮈,koo-khu̍t
孤𣮈絕種,koo-khu̍t-tse̍h-tsíng
孤毛絕種,koo-moo-tse̍h-tsíng
底片,té-phìnn/tué-phìnn
帕仔,phè-á
帖仔,thiap-á
底代,tī-tāi
店主,tiàm-tsú
店仔,tiàm-á
官司,kuann-si
定去,tiānn--khì
孤囝,koo-kiánn
宗旨,tsong-tsí
底系,té-hē/tué-hē
孤兒,koo-jî/koo-lî
定定,tiānn-tiānn
定性,tīng-sìng
定金,tiānn-kim
店面,tiàm-bīn
官員,kuann-uân
店員,tiàm-uân
底時,tī-sî
定案,tīng-àn
宗祠,tsong-sû
定做,tiānn-tsò/tiānn-tsuè
宗教,tsong-kàu
底細,té-sè/tué-suè
孤單,koo-tuann
官場,kuann-tiûnn
定期,tīng-kî
宛然,uán-jiân/uán-liân
定著,tiānn-tio̍h
底當時,tī-tang-sî
季節,kuì-tseh/kuì-tsueh
定罪,tīng-tsuē
底蒂,té-tì/tué-tì
店號,tiàm-hō
官話,kuann-uē
幸運,hīng-ūn
官僚,kuann-liâu
幸福,hīng-hok
定銀,tiānn-gîn/tiānn-gûn
定價,tīng-kè
孤獨,koo-ta̍k
孤獨,koo-to̍k
宗親,tsong-tshin
店頭,tiàm-thâu
店頭家,tiàm-thâu-ke
官職,kuann-tsit
庚,【白】kenn/kinn
庚,【文】king
府,hú
延,tshiân
彼【替】,he
彼【替】,hit
往,【白】íng
往,【文】óng
忝【替】,thiám
忠,tiong
念,liām
怙【替】,kōo
性,【文】sìng
怪,【文】kuài
怪,【白】kuè
戽,hòo
彼一日,hit-tsi̍t-ji̍t/hit-tsi̍t-li̍t
怪人,kuài--lâng
怪人,kuài-lâng
彼个,hit ê
往日,óng-ji̍t/óng-li̍t
怪手,kuài-tshiú
戽斗,hòo-táu
戽水,hòo-tsuí
戽斗的,hòo-táu--ê
彼爿,hit pîng
往生,óng-sing
往回的,óng-huê--ê/óng-hê--ê
往年,óng-nî
性地,sìng-tē/sìng-tuē
戽杓,hòo-sia̍h
怪事,kuài-sū
念咒,liām-tsiù
性命,sènn-miā/sìnn-miā
延延,iân-tshiân
往往,íng-íng
怐怐,khòo-khòo
怦怦喘,phēnn-phēnn-tshuán
忠直,tiong-ti̍t
忠厚,tiong-hōo
府城,Hú-siânn
彼時,hit-sî
往時,íng-sî
性格,sìng-keh
念珠,liām-tsu
彼站,hit-tsām
彼陣,hit-tsūn
往復,óng-ho̍k
彼款,hit khuán
忽然,hut-jiân/hut-liân
彼搭,hit-tah
念經,liām-king
彼號,hit-lō
彼跡,hit-jiah/hit-liah
往過,íng-kuè/íng-kè
性質,sìng-tsit
延遲,iân-tî
彼頭,hit-thâu
忝頭,thiám-thâu
彼擺,hit pái
往擺,íng-pái
性癖,sìng-phiah
怪癖,kuài-phiah
房,【白】pâng
房,【文】pông
所,sóo
承,【白】sîn
承,【文】sîng
抨,phiann
披,phi
抱,【白】phō
抹,buah
押,【白】ah
抽,thiu
抾,khioh
抿,bín
拂【替】,hut
拄,tú
拆,thiah
拈,liam
拈,ni
拊【替】,hú
拋,【白】pha
拋,【文】phau
拌【替】,puānn
拍,【白】phah
拍,【文】phik
拎【替】,lîng
拐,kuái
拐【替】,kuāinn
拑,khînn
拔,【白】pua̍h
拔,【白】pue̍h
拖,thua
拗,áu
拚,piànn
招,【文】tsiau
招,【白】tsio
放,【文】hòng
放,【白】pàng
旺,ōng
拄䢢,tú-tshiāng
抹刀,buah-to
放刁,pàng-tiau
拄才,tú-tsiah
放工,pàng-kang
放冗,pàng-līng
承水,sîn-tsuí
抾水,khioh-tsuí
拍手,phah-tshiú
拍歹,phah-pháinn
放手,pàng-tshiú
拆日仔,thiah-ji̍t-á/thiah-li̍t-á
拍毋見,phah-m̄-kìnn
拍手銃,phah-tshiú-tshìng
放水燈,pàng-tsuí-ting
放火,pàng-hué/pàng-hé
所以,sóo-í
披仔,phi-á
抿仔,bín-á
拄仔好,tú-á-hó
拍尻川,phah-kha-tshng
拍石,phah-tsio̍h
招生,tsio-sing
拚生死,piànn-senn-sí/piànn-sinn-sí
拍石師,phah-tsio̍h-sai
拚生理,piànn-sing-lí
拈田嬰,liam-tshân-enn/liam-tshân-inn
拍生驚,phah-tshenn-kiann/phah-tshinn-kiann
拍交落,phah-ka-la̍uh
所在,sóo-tsāi
抾囡仔,khioh-gín-á
抾囝母,khioh-kiánn-bú
招囝婿,tsio-kiánn-sài
拄好,tú-hó
拆字,thiah-jī/thiah-lī
抾字紙的,khioh-jī-tsuá--ê/khioh-lī-tsuá--ê
拍字機,phah-jī-ki/phah-lī-ki
所有,sóo-iú
所有,sóo-ū
拆扦,thiah-tshuann
拚血,piànn-hiat
放血,pàng-hueh/pàng-huih
放卵,pàng-nn̄g
拍呃,phah-eh
放屁,pàng-phuì
放屁豆,pàng-phuì-tāu
拐弄,kuái-lōng
抵抗,tí-khòng
拍折,phah-tsiat
拖沙,thua-sua
拘束,khu-sok
拑牢牢,khînn-tiâu-tiâu
拖身拖命,thua-sin-thua-miā
拋捙輪,pha-tshia-lin
承受,sîng-siū
拖命,thua-miā
拚命,piànn-miā
招呼,tsio-hoo
放帖仔,pàng-thiap-á
拍官司,phah-kuann-si
拚性命,piànn-sènn-miā/piànn-sìnn-miā
抵押,tí-ah
拍拍,phah-phik
拍拚,phah-piànn
放放,hòng-hòng
拋拋走,pha-pha-tsáu
拍抐涼,phah-lā-liâng
抱的,phō--ê
拆股,thiah-kóo
抽長,thiu-tn̂g
拍金仔,phah kim-á
拋近路,pha-kīn-lōo/pha-kūn-lōo
拚俗,piànn-sio̍k
拍咳啾,phah-kha-tshiùnn
拍咯雞,phah-ko̍k-ke
房屋,pâng-ok
抾客,khioh-kheh
放屎,pàng-sái
拖屎連,thua-sái-liân
押後,ah-āu
抾恨,khioh-hīn/khioh-hūn
招待,tsiau-thāi
抾拾,khioh-si̍p
拍某菜,phah-bóo-tshài
放毒,pàng-to̍k
拍派,phah-phài
抾紅點仔,khioh-âng-tiám-á
披衫,phi-sann
放重利,pàng tāng-lāi
抹面,buah-bīn
拈香,liam-hiunn
拆食落腹,thiah-tsia̍h-lo̍h-pak
放風聲,pàng-hong-siann
拑家,khînn-ke
拍拳,phah-kûn
拍拳頭,phah kûn-thâu
抾捔,khioh-ka̍k
放捒,pàng-sak
抾柴,khioh-tshâ
抽疼,thiu-thiànn
拘留,khu-liû
拆破,thiah-phuà
拍破,phah-phuà
抹粉,buah-hún
放粉鳥,pàng-hún-tsiáu
拗紙,áu-tsuá
招翁,tsio-ang
放臭屁,pàng-tshàu-phuì
拋荒,pha-hng
押送,ah-sàng
抽退,thiu-thè
放送,hòng-sàng
抾骨,khioh-kut
拉圇仔燒,lâ-lûn-á-sio
所得,sóo-tik
所得稅,sóo-tik-suè/sóo-tik-sè
拔桶,pua̍h-tháng
拄欲,tú beh/tú bueh
放棄,hòng-khì
拍球,phah-kiû
拆票,thiah-phiò
放符仔,pàng-hû-á
拖累,thua-luī
拍通關,phah-thong-kuan
拋魚,pha-hî/pha-hû
拍麻雀,phah-muâ-tshiok
拍喙鼓,phah-tshuì-kóo
拆單,thiah-tuann
拆散,thiah-suànn
拖棚,thua-pênn/thua-pînn
拍殕仔光,phah-phú-á-kng
招牌,tsiau-pâi
拍無去,phah-bô--khì
抽稅,thiu-suè/thiu-sè
抾稅,khioh-suè/khioh-sè
拍結,phah-kat
拒絕,kī-tsua̍t/kū-tsua̍t
拍結毬,phah-kat-kiû
抾著,khioh-tio̍h
拄著,tú-tio̍h
所費,sóo-huì
房間,pâng-king
拆開,thiah-khui
拚勢,piànn-sè
招募,tsio-bōo
放債,pàng-tsè
拄搪,tú-tn̄g
拍損,phah-sńg
招會仔,tsio-huē-á/tsio-hē-á
放煙火,pàng-ian-hué/pàng-ian-hé
拍滂泅,phah-phōng-siû
拋碇,pha-tiānn
放肆,hòng-sù
拗裒,áu-pôo
放裒,pàng-pôo
放榜,hòng-pńg
拚暝工,piànn-mê-kang/piànn-mî-kang
抱歉,phō-khiàm
放盡磅,pàng-tsīn-pōng
拍種,phah-tsíng
拍算,phah-sǹg
拍算盤,phah-sǹg-puânn
拆腿,thiah-thuí
拋網,pha bāng
承認,sîng-jīn/sîng-līn
招認,tsiau-jīn/tsiau-līn
招魂,tsiau-hûn
拍噗仔,phah-pho̍k-á
放寬,hòng-khuan
拄數,tú-siàu
放數,pàng-siàu
招標,tsio-pio
拍賣,phah-bē/phah-buē
抽豬母稅,thiu-ti-bó-suè/thiu-tu-bó-sè
抹壁,buah-piah
承擔,sîng-tam
拖磨,thua-buâ
放蕩,hòng-tōng
拍醒,phah-tshénn/phah-tshínn
拚輸贏,piànn-su-iânn
抾錢,khioh-tsînn
房頭,pâng-thâu
抽頭,thiu-thâu
斧頭,póo-thâu
斧頭櫼仔,póo-thâu-tsinn-á
放聲,pàng-siann
拋輾斗,pha-liàn-táu
拍斷,phah-tn̄g
拍獵,phah-la̍h
拍翸,phah-phún
抵額,tí-gia̍h
放鬆,pàng-sang
拆藥仔,thiah-io̍h-á
押韻,ah-ūn
拐騙,kuái-phiàn
拋麒麟,pha-kî-lîn
拌蠓仔,puānn báng-á
拍觸衰,phah-tshik-sue
拍鐵,phah-thih
拍鐵仔師,phah-thih-á-sai
拍鐵仔褲,phah-thih-á-khòo
拗彎,áu-uan
抽籤,thiu-tshiam
拍鱗,phah-lân
抹鹽,buah iâm
拗蠻,áu-bân
抽鬮,thiu-khau
拈鬮,liam-khau
拗鬱,áu-ut
抾襇,khioh-kíng
抽躼,thiu-lò
昏【替】,hūn
服,ho̍k
杮,phuè/phè
杯,pue
東,【白】tang
東,【文】tong
板,pán
枇【替】,pî
枋,pang
林,【文】lîm
林,【白】nâ
果,【文】kó
枝,【白】ki
果子,kué-tsí/ké-tsí
果子猫,kué-tsí-bâ/ké-tsí-bâ
果子園,kué-tsí-hn̂g/ké-tsí-hn̂g
朋友,pîng-iú
東爿,tang-pîng
杯仔,pue-á
板仔,pán-á
枋仔,pang-á
明仔日,bîn-á-ji̍t/bîn-á-li̍t
枝仔冰,ki-á-ping
明仔早起,bîn-á-tsá-khí
明仔暗,bîn-á-àm
明仔載,bîn-á-tsài
昏去,hūn--khì
明白,bîng-pi̍k
明年,mê-nî
枉死,óng-sí
東西南北,tang-sai-lâm-pak
林投,nâ-tâu
林投姊仔,Nâ-tâu-tsí--á
服侍,ho̍k-sāi
明呼,bîng-hoo
枉屈,óng-khut
明明,bîng-bîng
枇杷,pî-pê
明知,bîng-tsai
明星,bîng-tshenn/bîng-tshinn
東洋,Tang-iûnn
東風,tang-hong
昏倒,hūn--tó
東倒西歪,tang-tó-sai-uai
東海,Tang-hái
松茸,siông-jiông/siông-liông
昏迷,hūn-bê
服務,ho̍k-bū
枋堵,pang-tóo
服從,ho̍k-tsiông
松梧,siông-ngôo
明理,bîng-lí
果然,kó-jiân/kó-liân
東筊,tong kiáu
林菝仔,ná-pua̍t-á
枉費,óng-huì
易經,I̍k-king
服裝,ho̍k-tsong
板膋,pán-lâ
板嘹,pán-liâu
枋模,pang-bôo
松膠,siông-ka
枕頭囊,tsím-thâu-lông
明瞭,bîng-liâu
明講,bîng-kóng
明顯,bîng-hián
武,bú
沓【替】,ta̍uh
沫【替】,phue̍h/phe̍h
沬【替】,bī
河,hô
油,iû
治,tī
沾【替】,tsam
沿,iân
泅,siû
泏【替】,tsuh
泏【替】,tsuah
泏,tsuat
泔【替】,ám
法,huat
法力,huat-li̍k
油水,iû-tsuí
泅水,siû-tsuí
法令,huat-līng
武市,bú-tshī
武生,bú-sing
治安,tī-an
油車,iû-tshia
油車間,iû-tshia-king
法官,huat-kuann
油抽,iû-thiu
沓沓仔,ta̍uh-ta̍uh-á
沓沓滴滴,ta̍p-ta̍p-tih-tih
油肭肭,iû-leh-leh
油垢,iû-káu
法度,huat-tōo
法律,huat-lu̍t
治枵,tī-iau
油洗洗,iû-sé-sé/iû-sué-sué
油炸粿,iû-tsia̍h-kué/iû-tsia̍h-ké
法師,huat-su
沿海,iân-hái
治病,tī-pēnn/tī-pīnn
油紙,iû-tsuá
法術,huat-su̍t
油魚,iû-hî/iû-hû
法場,huat-tiûnn
油筒仔,iû-tâng-á
油菜,iû-tshài
油飯,iû-pn̄g
河溪,hô-khe/hô-khue
油滓,iû-tái
欣羨,him-siān
治罪,tī-tsuē
沿路,iân-lōo
沓滴,ta̍p-tih
油漏仔,iû-lāu-á
油蔥,iû-tshang
油蔥粿,iû-tshang-kué/iû-tshang-ké
欣賞,him-sióng
武器,bú-khì
治療,tī-liâu
泔糜仔,ám-muê-á/ám-bê-á
油臊,iû-tsho
法醫,huat-i
武藝,bú-gē
疱【替】,phā
泡,【文】phàu
泡【替】,pho
泡,【白】phò
波,pho
注,【文】tsù
注,【白】tù
炊,tshue/tshe
炎,iām
炒,tshá
炕【替】,khòng
爬,pê
爭,【白】tsenn/tsinn
爸,pâ
爸,pē
版,pán
物,【文】bu̍t
物,【白】mi̍h/mn̍gh
狀,【白】tsn̄g
狗,【白】káu
狗𩸶仔,káu-gām-á
狀元,tsiōng-guân
狗公,káu-kang
狗公腰,káu-kang-io
注文,tsù-bûn
炊斗,tshue-táu/tshe-táu
狗牙,káu-gê
狗仔,káu-á
爸母,pē-bú
狗母,káu-bó
狗母魚,káu-bó-hî/káu-bó-hû
狗母鍋,káu-bó-ue/káu-bó-e
注目,tsù-bo̍k
物件,mi̍h-kiānn/mn̍gh-kiānn
炕肉,khòng-bah
爸老囝幼,pē-lāu-kiánn-iù
炕肉飯,khòng-bah-pn̄g
炊床,tshue-sn̂g/tshe-sn̂g
狗岫,káu-siū
狗空,káu-khang
注音,tsù-im
物食,mi̍h-tsia̍h/mn̍gh-tsia̍h
注射,tsù-siā
牧師,bo̍k-su
狐狸,hôo-lî
狐狸精,hôo-lî-tsiann
泡茶,phàu tê
物配,mi̍h-phuè/mn̍gh-phè
物理,bu̍t-lí
牧場,bo̍k-tiûnn
炕菜頭,khòng-tshài-thâu
注意,tsù-ì
炊粿,tshue kué/tshe ké
物價,bu̍t-kè
炕窯,khòng-iô
狗蝨,káu-sat
爭論,tsing-lūn
狗蟻,káu-hiā
狗蟻碟仔,káu-hiā-ti̍h-á
泡麵,phàu-mī
的【替】,--ê
的【替】,ê
盲,bông
直,ti̍t
知,【白】tsai
知,【文】ti
矸【替】,kan
社,siā
祀,【白】tshāi
空,【白】khang
空【替】,khòng
知己,ti-kí
空手,khang-tshiú
矸仔,kan-á
空地,khàng-tē/khàng-tuē
知死,tsai-sí
知位,tsai-uī
知足,ti-tsiok
空房,khang-pâng
直直,ti̍t-ti̍t
知苦,tsai-khóo
空厝間,khang-tshù-king
直接,ti̍t-tsiap
直透,ti̍t-thàu
空喙,khang-tshuì
空喙哺舌,khang-tshuì-pōo-tsi̍h
空殼,khang-khak
空殼支票,khang-khak-tsi-phiò
空間,khong-kan
社會,siā-huē
直溜溜,ti̍t-liu-liu
盲腸,môo-tn̂g
空腹,khang-pak
盲腸炎,môo-tn̂g-iām
直腸直肚,ti̍t-tn̂g-ti̍t-tōo
空榫,khang-sún
玫瑰花,muî-kuì-hue
知輕重,tsai-khin-tāng
知影,tsai-iánn
的確,tik-khak
社頭,siā-thâu
空頭,khang-thâu
空縫,khang-phāng
空襲,khong-si̍p
糾,kiù
罔【替】,bóng
羌,kiunn
者,tsiá
股,kóo
肢,ki
肥,【白】puî
肯,khíng
肺,hì
芟,【白】sing
芡【替】,khiàn
花,【文】hua
花,【白】hue
芳,【白】phang
芳水,phang-tsuí
羌仔,kiunn-á
花仔布,hue-á-pòo
股本,kóo-pún
肨奶,hàng-ling/hàng-ni
花旦,hue-tuànn
芳瓜,phang-kue
罔行,bóng kiânn
肥肉,puî-bah
罔育,bóng io
花身仔,hue-sin-á
花坩,hue-khann
芳味,phang-bī
肯定,khíng-tīng
股東,kóo-tong
花枝,hue-ki
肺炎,hì-iām
花矸,hue-kan
芡芳,khiàn-phang
花花仔,hue-hue--á
罔度,bóng tōo
肩胛,king-kah
肩胛頭,king-kah-thâu
芥末,kài-bua̍h
花莓,hue-m̂
芳料,phang-liāu
花栽,hue-tsai
芳粉,phang-hún
花草,hue-tsháu
花袂牢枝,hue-bē-tiâu-ki/hue-buē-tiâu-ki
糾帶,kiù-tuà
花瓶,hue-pân
股票,kóo-phiò
芫荽,iân-sui
肥軟,puî-nńg
糾筋,kiù-kin/kiù-kun
芥菜,kuà-tshài
花菜,hue-tshài
罔飼,bóng tshī
芡滷,khiàn-lóo
肺管,hì-kńg
花箍,hue-khoo
花磚,hue-tsng
花蕊,hue-luí
花巴哩貓,hue-pa-li-niau
肩頭,king-thâu
肺癆,hì-lô
花環,hue-khuân
花鮡,hue-thiâu
芥藍仔,kè-nâ-á
花轎,hue-kiō
花籃,hue-nâ
花欉,hue-tsâng
芽,【白】gê
虎,hóo
虯,khiû
表,【文】piáu
表,【白】pió
軋【替】,kauh
迎,【白】ngiâ
近,kīn/kūn
迒【替】,hānn
金,kim
長,【文】tióng
長,【白】tiúnn
長,【白】tn̂g
門,【文】bûn
門,【白】mn̂g
阿,【白】a
雨,【白】hōo
雨,【文】ú
青,【白】tshenn/tshinn
青,【文】tshing
長䘼,tn̂g-ńg
金山,kim-suann
長工,tn̂g-kang
門口,mn̂g-kháu
阿丈,a-tiūnn
表小弟,piáu-sió-tī
表小妹,piáu-sió-muē/piáu-sió-bē
阿公,a-kong
阿不倒仔,a-put-tó-á
虯毛,khiû-mn̂g
金斗,kim-táu
門戶,mn̂g-hōo
門斗,mn̂g-táu
阻止,tsóo-tsí
雨水,hōo-tsuí
雨毛仔,hōo-mn̂g-á
金斗甕仔,kim-táu-àng-á
表兄,piáu-hiann
金仔,kim-á
阿兄,a-hiann
表兄弟,piáu-hiann-tī
金仔店,kim-á-tiàm
門市,mn̂g-tshī
阿母,a-bú
長尻川,tn̂g-kha-tshng
虎皮,hóo-phuê/hóo-phê
表示,piáu-sī
金瓜,kim-kue
虱目魚,sat-ba̍k-hî/sat-ba̍k-hû
金囝,kim-kiánn
青年,tshing-liân
長年菜,tn̂g-nî-tshài
金色,kim-sik
長老,tiúnn-ló
青色,tshenn-sik/tshinn-sik
青竹絲,tshenn-tik-si/tshinn-tik-si
阿西,a-se
雨衣,hōo-i
阿伯,a-peh
金含,kim-kâm
阿妗,a-kīm
長尾星,tn̂g-bué-tshenn/tn̂g-bé-tshinn
阿沙不魯,a-sa-puh-luh
長男,tióng-lâm
金言,kim-giân
金身,kim-sin
阿里不達,a-lí-put-ta̍t
近來,kīn-lâi/kūn-lâi
雨來天,hōo-lâi-thinn
阿叔,a-tsik
阿叔仔,a-tsik-á
長命,tn̂g-miā
表姊,piáu-tsí
阿姆,a-ḿ
阿姊,a-tsí
阿姑,a-koo
虎姑婆,Hóo-koo-pô
阿爸,a-pah
表的,piáu--ê
青盲,tshenn-mê/tshinn-mî
青盲牛,tshenn-mê-gû/tshinn-mî-gû
阿舍,a-sià
阿舍囝,a-sià-kiánn
虯虯,khiû-khiû
金金,kim-kim
金金看,kim-kim-khuànn
阿姨,a-î
青恂恂,tshenn-sún-sún/tshinn-sún-sún
青春,tshing-tshun
青紅燈,tshenn-âng-ting/tshinn-âng-ting
青苔,tshenn-thî/tshinn-thî
長衫,tn̂g-sann
門閂,mn̂g-tshuànn
雨衫,hōo-sann
表面,piáu-bīn
門風,mn̂g-hong
青面獠牙,tshenn-bīn-liâu-gê/tshinn-bīn-liâu-gê
金香燭,kim-hiunn-tsik
近倚,kīn-uá/kūn-uá
金剛石,kim-kong-tsio̍h
阿娘,a-niâ
金庫,kim-khòo
門扇,mn̂g-sìnn
阿桑,a-sáng
長株形,tn̂g-tu-hîng
金桔仔,kim-kiat-á
阿爹,a-tia
阿祖,a-tsóo
迎神,ngiâ-sîn
金粉,kim-hún
門神,mn̂g-sîn
金紙,kim-tsuá
青耆,tshenn-kî/tshinn-kî
金紙店,kim-tsuá-tiàm
青草仔店,tshenn-tsháu-á-tiàm/tshinn-tsháu-á-tiàm
青草仔茶,tshenn-tsháu-á-tê/tshinn-tsháu-á-tê
虎豹母,hóo-pà-bú
金針,kim-tsiam
虎骨酒,hóo-kut-tsiú
金針菇,kim-tsiam-koo
阿啄仔,a-tok-á
金婚,kim-hun
阿婆,a-pô
表情,piáu-tsîng
迎接,gîng-tsiap
金條,kim-tiâu
表現,piáu-hiān
門圈,mn̂g-khian
門票,mn̂g-phiò
長途,tn̂g-tôo
金魚,kim-hî/kim-hû
雨傘,hōo-suànn
雨傘節,hōo-suànn-tsat
金棗,kim-tsó
長短,tn̂g-té
長短跤話,tn̂g-té-kha-uē
青菜,tshenn-tshài/tshinn-tshài
近視,kīn-sī/kūn-sī
門診,mn̂g-tsín
長進,tióng-tsìn
阿媽,a-má
阿嫂,a-só
迎新棄舊,ngiâ-sin-khì-kū
長歲壽,tn̂g-huè-siū/tn̂g-hè-siū
金滑,kim-ku̍t
阿舅,a-kū
門跤口,mn̂g-kha-kháu
門路,mn̂g-lōo
金鼎,kim-tiánn
長壽,tn̂g-siū
雨幔,hōo-mua
金榜,kim-pńg
表演,piáu-ián
金箔,kim-po̍h
青翠,tshenn-tshuì/tshinn-tshuì
虎鼻師,hóo-phīnn-sai
虯儉,khiû-khiām
近廟欺神,kīn-biō-khi-sîn/kūn-biō-khi-sîn
青磅白磅,tshenn-pōng-pe̍h-pōng/tshinn-pōng-pe̍h-pōng
金線蓮,kim-suànn-liân
長輩,tióng-puè
迎鬧熱,ngiâ-lāu-jia̍t/ngiâ-lāu-lia̍t
阻擋,tsóo-tòng
迎燈,ngiâ-ting
表親,piáu-tshin
近親,kīn-tshin/kūn-tshin
雨霎仔,hōo-sap-á
虎頭夾仔,hóo-thâu-ngeh-á
虎頭柑,hóo-thâu-kam
長頷鹿,tn̂g-ām-lo̍k
虎頭蜂,hóo-thâu-phang
金龜,kim-ku
金龜綠,kim-ku-li̍k
阿彌陀佛,Oo-mí-tôo-hu̍t
金鍊仔,kim-liān-á
阿嬸,a-tsím
阻礙,tsóo-gāi
門簾,mn̂g-lî
金蠅,kim-sîn
金爐,kim-lôo
虎鬚,hóo-tshiu
長躼埽,tn̂g-lò-sò
非,hui
非法,hui-huat
亭,tîng
侵,tshim
侹【替】,thiānn
便,【文】piān
促,【白】tshik
亭仔,tîng-á
亭仔跤,tîng-á-kha
侵犯,tshim-huān
便衣,piān-i
便宜,pân-gî
便所,piān-sóo
便服,piān-ho̍k
便便,piān-piān
便看,piān-khuànn
便衫,piān-sann
侮辱,bú-jio̍k/bú-lio̍k
便媒人,piān-muê-lâng
便菜,piān-tshài
便菜飯,piān-tshài-pn̄g
便飯,piān-pn̄g
促歲壽,tshik-huè-siū/tshik-hè-siū
便當,piān-tong
便當篋仔,piān-tong-kheh-á
便藥仔,piān-io̍h-á
俏【替】,tshio
俗,sio̍k
保,pó
信,sìn
冠,kuan
剃,thì
剉【替】,tshò
削,【白】siah
剋,khik
前,【文】tsiân
前,【白】tsîng
勇,ióng
南,lâm
卻,khiok
厘,lî
前人囝,tsîng-lâng-kiánn
信心,sìn-sim
前日,tsîng-ji̍t/tsîng-li̍t
南爿,lâm-pîng
前世,tsîng-sì
保正,pó-tsiànn
信用,sìn-iōng
保生大帝,Pó-sing-tāi-tè
信仰,sìn-gióng
信任,sìn-jīm/sìn-līm
俗名,sio̍k-miâ
前因後果,tsiân-in-hiō-kó
保存,pó-tsûn
保守,pó-siú
前年,tsûn--nî
保庇,pó-pì
前身,tsiân-sin
俗物,sio̍k-mi̍h/sio̍k-mn̍gh
前金,tsiân-kim
削削叫,siah-siah-kiò
前後,tsîng-āu
卻是,khiok-sī
前某,tsîng-bóo
南洋,Lâm-iûnn
前科,tsiân-kho
保重,pó-tiōng
冠軍,kuan-kun
保家,pó-ke
信徒,sìn-tôo
剉柴,tshò-tshâ
勇氣,ióng-khì
保留,pó-liû
前翁,tsîng-ang
勇健,ióng-kiānn
勉強,bián-kióng
俗貨,sio̍k-huè/sio̍k-hè
前途,tsiân-tôo
勇敢,ióng-kám
南極,lâm-ki̍k
保溫杯,pó-un-pue
信號,sìn-hō
南路鷹,lâm-lōo-ing
保管,pó-kuán
南管,lâm-kuán
俗語,sio̍k-gí/sio̍k-gú
俗語話,sio̍k-gí-uē/sio̍k-gú-uē
俗價,sio̍k-kè
保衛,pó-uē
俗賣,sio̍k-bē/sio̍k-buē
前輩,tsiân-puè
保養場,pó-ióng-tiûnn
信篤,sìn-táu
保險,pó-hiám
冒險,mōo-hiám
剃頭,thì-thâu
剃頭刀,thì-thâu-to
剃頭店,thì-thâu-tiàm
勉勵,bián-lē
前謝,tsîng-siā
前擴,tsîng-khok
保證,pó-tsìng
保證人,pó-tsìng-jîn/pó-tsìng-lîn
保鏢,pó-pio
保護,pó-hōo
前驛,tsîng-ia̍h
厚,【白】kāu
咧【替】,--leh
咧【替】,teh
咩【替】,meh
咬,【白】kā
咯,ko̍k
咯【替】,kha̍k
咱【替】,lán
咻【替】,hiu
哀,ai
品,phín
哈,ha
哎【替】,--aih
垂,【文】suî
厚子,kāu tsí
厚工,kāu-kang
厚行,kāu-hīng
咯血,kha̍k-hueh/kha̍k-huih
品行,phín-hīng
厚尿,kāu-jiō/kāu-liō
哀求,ai-kiû
厚沙屑,kāu-sua-sap
厚性地,kāu-sìng-tē/kāu-sìng-tuē
品明,phín-bîng
哀爸叫母,ai-pē-kiò-bú
垂肩,suê-king
咻咻叫,hiu-hiu-kiò
厚屎,kāu-sái
厚屎尿,kāu-sái-jiō/kāu-sái-liō
哀怨,ai-uàn
厚重,kāu-tāng
厚面皮,kāu-bīn-phuê/kāu-bīn-phê
哈唏,hah-hì
厚紙坯,kāu-tsuá-phue/kāu-tsuá-phe
厚酒,kāu tsiú
咧欲,teh-beh/teh-bueh
咬喙,kā-tshuì
哈啾,hah-tshiùnn
咬喙齒根,kā-tshuì-khí-kin/kā-tshuì-khí-kun
哎喲喂,ai-iō-uê
咯痰,kha̍k-thâm
厚話,kāu-uē
厚話屎,kāu-uē-sái
咳嗽,ka-sàu
品質,phín-tsit
厚薄,kāu-po̍h
厚禮數,kāu-lé-sòo
厚薰,kāu-hun
厚譴損,kāu-khiàn-sńg
城,【白】siânn
城,【文】sîng
奏,tsàu
契,khè/khuè
奒【替】,hai
奕【替】,ī
姦【替】,kàn
姨,î
姨丈,î-tiūnn
契兄,khè-hiann/khuè-hiann
姨仔,î-á
姪仔,ti̍t-á
姼仔,tshit-á
姼仔詼,tshit-á-khue
城市,siânn-tshī
契母,khè-bú/khuè-bú
契囝,khè-kiánn/khuè-kiánn
姿色,tsu-sik
契爸,khè-pē/khuè-pē
姨表,î-piáu
威風,ui-hong
威脅,ui-hia̍p
姨婆,î-pô
姦情,kan-tsîng
城隍,Sîng-hông
城隍廟,Sîng-hông-biō
姿勢,tsu-sè
姦撟,kàn-kiāu
奏樂,tsàu-ga̍k
姻緣,in-iân
威嚴,ui-giâm
孩,hâi
客,【白】kheh
室,sik
封,【文】hong
封,【白】pang
屍,si
屎,【白】sái
峇【替】,bā
巷,hāng
帝,tè
度,tōo
客人,Kheh-lâng
度小月,tōo-sió-gue̍h/tōo-sió-ge̍h
客戶,kheh-hōo
巷仔,hāng-á
宣佈,suan-pòo
建立,kiàn-li̍p
封肉,hong-bah
屎尾,sái-bué/sái-bé
屎尿,sái-jiō/sái-liō
建材行,kiàn-tsâi-hâng
宣言,suan-giân
幽幽仔疼,iu-iu-á-thiànn
客氣,kheh-khì
封釘,hong-ting
度針,tōo-tsiam
屎桶,sái-tháng
屎桮齒,sái-pue-khí
封條,hong-tiâu
建設,kiàn-siat
客鳥,kheh-tsiáu
封喙,hong-tshuì
度晬,tōo-tsè
客棧,kheh-tsàn
度量,tōo-liōng
幽雅,iu-ngá
宣傳,suan-thuân
峇微,bâ-bui
建置,kiàn-tì
客話,Kheh-uē
客運,kheh-ūn
宣戰,suan-tsiàn
建築,kiàn-tio̍k
屎礐仔,sái-ha̍k-á
屎礐仔蟲,sái-ha̍k-á-thâng
建議,kiàn-gī
客廳,kheh-thiann
待,【文】thāi
律,lu̍t
後,【白】āu
思,【文】su
急,kip
怨,uàn
恨,【文】hūn
恬【替】,tiām
扁,【白】pínn
拜,pài
括【替】,kuah
拭,tshit
拜一,pài-it
後山,āu-suann
拜公媽,pài kong-má
後手,āu-tshiú
後斗,āu-táu
後日,āu--ji̍t/āu--li̍t
後日,āu-ji̍t/āu-li̍t
後月日,āu gue̍h-ji̍t/āu ge̍h-li̍t
後代,āu-tāi
拭仔,tshit-á
後世人,āu-sì-lâng
恬去,tiām--khì
後出世,āu-tshut-sì
後母,āu-bú
拭尻川,tshit-kha-tshng
後母面,āu-bú-bīn
後生,hāu-senn/hāu-sinn
後年,āu-nî
拜年,pài-nî
思考,su-khó
拜佛,pài-pu̍t
後坐,āu-tsē
後尾,āu-bué/āu-bé
怨妒,uàn-tòo
後尾門,āu-bué-mn̂g/āu-bé-mn̂g
後步,āu-pōo
扁豆,pínn-tāu
後來,āu--lâi
後叔,āu-tsik
後岫,āu-siū
思念,su-liām
急性,kip-sìng
後爸,āu-pē
怨恨,uàn-hūn
恬恬,tiām-tiām
拜拜,pài-pài
後某,āu-bóo
後面,āu-bīn
扁食,pián-si̍t
後個月,āu kò gue̍h/āu kò ge̍h
拜候,pài-hāu
律師,lu̍t-su
後悔,hiō-hué
急症,kip-tsìng
拜託,pài-thok
拜堂,pài-tn̂g
拜訪,pài-hóng
扁魚,pínn-hî/pínn-hû
後場,āu-tiûnn
恢復,khue-ho̍k
後鈕,āu-liú
後嗣,hiō-sū
思想,su-sióng
後跤,āu-kha
待遇,thāi-gū
怨嘆,uàn-thàn
思慕,su-bōo
怨慼,uàn-tsheh/uàn-tshueh
怎樣,tsuánn-iūnn
後輩,hiō-puè
後壁,āu-piah
扁擔,pún-tann
恬靜,tiām-tsīng
後頭,āu-thâu
後頭厝,āu-thâu-tshù
後擴,āu-khok
後擺,āu-pái
急難,kip-lān
後驛,āu-ia̍h
後齻,āu-tsan
拹【替】,hia̍p
挂【替】,kuì
挃【替】,ti̍h
指【替】,tsáinn
指,【文】tsí
指,【白】kí
按,àn
挌【替】,keh
挑,【白】thio
挓【替】,thà
挔【替】,hiannh
挕【替】,hìnn
挖【替】,óo/ué
政,tsìng
故,kòo
施,si
星,【白】tshenn/tshinn
星,【文】sing
春,tshun
是,sī
曷【替】,a̍h
拹水,hia̍p-tsuí
春天,tshun-thinn
昨日,tso̍h--ji̍t/tso̍h--li̍t
挑手爿,thio-tshiú-pîng
挖心肝,óo-sim-kuann/ué-sim-kuann
挓火,thà-hué/thà-hé
春牛圖,tshun-gû-tôo
春仔花,tshun-á-hue
指甲,tsíng-kah
指示,tsí-sī
指甲扦,tsíng-kah-tshuann
指甲花,tsíng-kah-hue
政見,tsìng-kiàn
故事,kòo-sū
曷使,a̍h-sái
按呢,án-ne/án-ni
政府,tsìng-hú
昨昏,tsa-hng
政治,tsìng-tī
挖空,óo-khang/ué-khang
是非,sī-hui
挑俍,thiau-lāng
政客,tsìng-kheh
按怎,án-tsuánn
按怎樣,án-tsuánn-iūnn
指指,kí-tsáinn
施政,si-tsìng
是按怎,sī-án-tsuánn
指指揬揬,kí-kí-tu̍h-tu̍h
春風,tshun-hong
指紋,tsí-bûn
挂紙,kuì-tsuá
按脈,àn-me̍h
春假,tshun-ká
星宿,sing-siù
施捨,si-siá
指教,tsí-kàu
挕掉,hìnn-tiāu
指揮,tsí-hui
既然,kì-jiân/kì-liân
政策,tsìng-tshik
曷著,a̍h-tio̍h
故鄉,kòo-hiong
春飯,tshun-pn̄g
挖塗,óo-thôo/ué-thôo
昨暗,tsa-àm
按照,àn-tsiàu
春節,tshun-tseh/tshun-tsueh
指腹為婚,tsí pak uî hun
昨暝,tsa-mê/tsa-mî
按算,àn-sǹg
故障,kòo-tsiong
指導,tsí-tō
挑戰,thiáu-tsiàn
挑選,thiau-suán
指頭仔,tsíng-thâu-á
指頭拇公,tsíng-thâu-bú-kong
春聯,tshun-liân
指點,tsí-tiám
按額,àn-gia̍h
政黨,tsìng-tóng
政權,tsìng-khuân
枴,【文】kuái
枵,iau
架,【白】kè
架【替】,khuè/khè
枷,【白】kê
柄,【白】pènn/pìnn
某【替】,bóo
柑,kam
染,【文】jiám/liám
染,【白】ní
柙【替】,kah
柚,iū
查,tshâ
柯【替】,kua
柱,【白】thiāu
柿,khī
某人,bóo-lâng
柳丁,liú-ting
某乜人,bóo-mí-lâng
柳丁汁,liú-ting-tsiap
某大姊,bóo-tuā-tsí
枴仔,kuái-á
架仔,kè-á
柑仔,kam-á
柚仔,iū-á
柱仔,thiāu-á
柿仔,khī-á
柑仔色,kam-á-sik
柱仔跤,thiāu-á-kha
柑仔蜜,kam-á-bi̍t
染布,ní-pòo
某囝,bóo-kiánn
染色,ní-sik
枸杞,kóo-kí
查某,tsa-bóo
查某𡢃,tsa-bóo-kán
查某人,tsa-bóo-lâng
查某囝,tsa-bóo-kiánn
查某囡仔,tsa-bóo gín-á
查某雨,tsa-bóo-hōo
查某孫,tsa-bóo-sun
查某祖,tsa-bóo-tsóo
查某間,tsa-bóo-king
查某體,tsa-bóo-thé/tsa-bóo-thué
查埔,tsa-poo
查埔人,tsa-poo-lâng
查埔囝,tsa-poo-kiánn
查埔囡仔,tsa-poo gín-á
查埔祖,tsa-poo-tsóo
染料,ní-liāu
枵鬼,iau-kuí
架跤,khuè kha/khè kha
柔道,jiû-tō/liû-tō
枵飽吵,iau-pá-tshá
柿粿,khī-kué/khī-ké
柿餅,khī-piánn
查數,tshâ-siàu
枵饞,iau-sâi
歪,uai
段,【白】tuānn
毒,【文】to̍k
毒,【白】thāu
泉,【文】tsuân
泉,【白】tsuânn
洋,【白】iûnn
洒,sè
洗,sé/sué
洘,khó
洞,tōng
津,【白】tin
洩,sia̍p
洲,tsiu
毒手,to̍k-tshiú
泉水,tsuânn-tsuí
洩水,sia̍p-tsuí
洗石仔,sé-tsio̍h-á/sué-tsio̍h-á
洘旱,khó-huānn
洗汰,sé-thuā/sué-thuā
洗身軀,sé-sin-khu/sué-sin-khu
洗身軀間,sé-sin-khu-king/sué-sin-khu-king
洞房,tōng-pông
洋服,iûnn-ho̍k
洗門風,sé-mn̂g-hong/sué-mn̂g-hong
洘流,khó-lâu
毒計,to̍k-kè
洗衫,sé-sann/sué-sann
洗衫店,sé-sann-tiàm/sué-sann-tiàm
洗衫枋,sé-sann-pang/sué-sann-pang
洗面,sé-bīn/sué-bīn
歪哥,uai-ko
洗浴,sé-i̍k/sué-i̍k
洘秫秫,khó-tsu̍t-tsu̍t
歪斜,uai-tshua̍h
歪喙,uai-tshuì
洗喙,sé-tshuì/sué-tshuì
津貼,tin-thiap
泉源,tsuân-guân
洋裝,iûnn-tsong
歪膏揤斜,uai-ko-tshi̍h-tshua̍h
洋樓,iûnn-lâu
洋蔥,iûnn-tshang
洘頭糜,khó-thâu-muê/khó-thâu-bê
洗盪,sé-tn̄g/sué-tn̄g
洞簫,tōng-siau
毒藥,to̍k-io̍h
活,【白】ua̍h
派,phài
流,【白】lâu
流,【文】liû
炤【替】,tshiō
炭,thuànn
炮,phàu
炰,pû
炱【替】,te
炸,tsà
炸【替】,tsuànn
為,uî
為,uī
活水,ua̍h-tsuí
流水,lâu-tsuí
炮仔,phàu-á
炮台,phàu-tâi
派出所,phài-tshut-sóo
流目屎,lâu ba̍k-sái
流血,lâu-hueh/lâu-huih
流行,liû-hîng
狡怪,káu-kuài
炸油,tsuànn-iû
炭空,thuànn-khang
炭屎,thuànn-sái
流凊汗,lâu-tshìn-kuānn
流浪,liû-lōng
活動,ua̍h-tāng
活欲,ua̍h-beh/ua̍h-bueh
流產,liû-sán
流湯,lâu-thng
活結,ua̍h-kat
活會,ua̍h-huē/ua̍h-hē
玲瑯鼓,lin-long-kóo
活路,ua̍h-lōo
活跳跳,ua̍h-thiàu-thiàu
流鼻,lâu-phīnn
流鼻水,lâu phīnn-tsuí
炸彈,tsà-tuânn
活潑,hua̍t-phuat
炭窯,thuànn-iô
流糍,lâu-tsî
流豬哥瀾,lâu-ti-ko-nuā/lâu-tu-ko-nuā
活錢,ua̍h-tsînn
派頭,phài-thâu
炸藥,tsà-io̍h
為難,uî-lân
流瀾,lâu-nuā
炭礦,thuànn-khòng
牲醴,sing-lé
畏,uì
疤,pa
疥,kè/kuè
疧【替】,khî
癸,kuí
皆,kai
盆,phûn
相,【白】sann
相,【白】sio
相,【文】siong
相,【文】siòng
相,【白】siùnn
盹【替】,tuh
相𫝛,sio-siāng
相干,siong-kan
相公,siòng-kong
相欠債,sio-khiàm-tsè
相片,siòng-phìnn
相仝,sio-kāng
盼仔,phàn-á
相出路,sio-tshut-lōo
相交插,sio-kau-tshap
相好,siong-hó
甚至,sīm-tsì
相刣,sio-thâi
相告,sio-kò
相見,sio-kìnn
相佮,sann-kap
相卸代,sio-sià-tāi
相命,siòng-miā
相命仙,siòng-miā-sian
相拄,sio-tú
相拍,sio-phah
相招,sio-tsio
相拍電,sio-phah-tiān
相拍雞仔,sio-phah-ke-á/sio-phah-kue-á
相爭,sio-tsenn/sio-tsinn
相信,siong-sìn
相剋,sio-khik
相姦,sio-kàn
皇帝,hông-tè
皇帝豆,hông-tè-tāu
相思仔,siunn-si-á
相約,sio-iok
界限,kài-hān
相倚,sio-uá
相借問,sio-tsioh-mn̄g
相唚,sio-tsim
皇宮,hông-kiong
相挨相𤲍,sio-e-sio-kheh/sann-ue-sann-khueh
相捌,sio-bat
相迵,sio-thàng
相送,sio-sàng
相閃身,sio-siám-sin
相閃車,sio-siám-tshia
相偃,sio-ián
珍惜,tin-sioh
相舂,sio-tsing
相連紲,sio-liân-suà
畏寒,uì-kuânn
相尋,sio-siâm
相換,sio-uānn
相愛,siong-ài
相會,siong-huē
相楗,sio-kīng
珊瑚,suan-ôo
相當,siong-tong
盆跤骨,phûn-kha-kut
玻璃,po-lê
畏熱,uì-jua̍h/uì-lua̍h
盹瞌睡,tuh-ka-tsuē
相罵,sio-mē/sio-mā
相褒歌,sio-po-kua
相請,sio-tshiánn
相諍,sio-tsènn/sio-tsìnn
相激,sio-kik
相瞞,sio-muâ
相親,siòng-tshin
相輸,sio-su
相隨,siong-suî
盹龜,tuh-ku
相簿,siòng-phōo
相辭,sio-sî
珍寶,tin-pó
相嚷,sio-jiáng/sio-lióng
相觸,sio-tak
相攬,sio-lám
相讓,sio-niū
省,síng
眉,【白】bâi
眉,【文】bî
看,【文】khàn
看,【白】khuànn
砂,【白】sua
砉【替】,huah
研,【白】gíng
秋,tshiu
科,kho
秒,【白】bió
穿【替】,tshīng
穿,【白】tshng
省力,síng-la̍t
看人無,khuànn-lâng-bô
省工,síng-kang
看日,khuànn-ji̍t/khuànn-li̍t
看出出,khuànn-tshut-tshut
省立,síng-li̍p
砂石,sua-tsio̍h
科目,kho-bo̍k
砂石仔車,sua-tsio̍h-á-tshia
看有,khuànn-ū
看有起,khuànn-ū-khí
祈求,kî-kiû
研究,gián-kiù
看見,khuànn-kìnn
省事,síng-sū
看命仙,khuànn-miā-sian
科長,kho-tiúnn
看重,khuànn-tiōng
看風水,khuànn-hong-suí
秋凊,tshiu-tshìn
科員,kho-uân
看病,khuànn-pēnn/khuànn-pīnn
看破,khuànn-phuà
看衰,khuànn-sue
看袂起,khuànn-bē-khí/khuànn-buē-khí
看現現,khuànn-hiān-hiān
研缽,gíng-puah
看覓,khuànn-māi
穿插,tshīng-tshah
看款,khuànn-khuán
看無,khuànn-bô
突然,tu̍t-jiân/tu̍t-liân
看無起,khuànn-bô-khí
看會起,khuànn-ē-khí
研槌,gíng-thuî
看輕,khuànn-khin
研槽,gíng-tsô
看樣,khuànn-iūnn
科學,kho-ha̍k
省錢,síng-tsînn
看頭,khuànn-thâu
砒霜,phi-sng
看醫生,khuànn-i-sing
祈禱,kî-tó
秒鐘,bió-tsing
看護婦,khàn-hōo-hū
看顧,khuànn-kòo
約,iok
紅,【白】âng
紅,【文】hông
缸,【白】kng
美,bí
耍【替】,sńg
耎【替】,luán
耐,nāi
胃,uī
背,puē
胎,【文】thai
胎,【白】the
胘【替】,kiān
胚,phue/phe
致,tì
美人,bí-jîn/bí-lîn
胃口,uī-kháu
胃下垂,uī-hā-suî
耐心,nāi-sim
胛心肉,kah-sim-bah
紅毛塗,âng-mn̂g-thôo
紅牙,âng-gê
背冊,puē-tsheh
紅包,âng-pau
胃出血,uī-tshut-hueh/uī-tshut-huih
紅目,âng-ba̍k
耐用,nāi-iōng
紅目墘,âng-ba̍k-kînn
紅目鰱,âng-ba̍k-liân
紅色,âng-sik
紅肉李,âng-bah-lí
紅尾冬,âng-bué-tang/âng-bé-tang
紅豆仔,âng-tāu-á
致身命,tì-sin-miā
致使,tì-sú
紅帖仔,âng-thiap-á
耐性,nāi-sìng
紅柿,âng-khī
背約,puē-iok
紅面,âng-bīn
紅面鴨,âng-bīn-ah
美容,bí-iông
胃病,uī-pēnn/uī-pīnn
致病,tì-pēnn/tì-pīnn
胎神,thai-sîn
紅茶,âng-tê
紅記記,âng-kì-kì
紅酒,âng-tsiú
紅莧菜,âng-hīng-tshài
美術,bí-su̍t
背景,puē-kíng
紅棗,âng-tsó
胡椒,hôo-tsio
紅絳絳,âng-kòng-kòng
紅菜,âng-tshài
紅菜頭,âng-tshài-thâu
紅塗,âng-thôo
致意,tì-ì
約會,iok-huē
紅綵,âng-tshái
紅膏赤蠘,âng-ko-tshiah-tshi̍h
美德,bí-tik
胃潰瘍,uī-khuì-iông
致蔭,tì-ìm
紅蔥仔頭,âng-tshang-á-thâu
紅燒,âng-sio
耶穌,Iâ-soo
紅魽,âng-kam
紅龜,âng-ku
紅龜粿,âng-ku-kué/âng-ku-ké
紅嬰仔,âng-enn-á/âng-inn-á
胃癌,uī-gâm
紅糟,âng-tsau
紅蟳,âng-tsîm
胡蠅,hôo-sîn
紅藥水,âng-io̍h-tsuí
胡蠅拍仔,hôo-sîn-phah-á
胡蠅虎,hôo-sîn-hóo
胡蠅屎痣,hôo-sîn-sái-kì
胡蠅紙,hôo-sîn-tsuá
胡蠅黐,hôo-sîn-thi
美麗,bí-lē
紅露酒,âng-lōo-tsiú
紅鰱魚,âng-liân-hî/âng-liân-hû
美觀,bí-kuan
苛【替】,khô
若,【白】ná
若,【白】nā
苦,khóo
苴【替】,tsū
茂【替】,ōm
茄,kiô
虹,khīng
苦力,ku-lí
苦工,khóo-kang
苦心,khóo-sim
苦毛仔,khóo-mn̂g-á
苧仔,tē-á/tuē-á
茄仔色,kiô-á-sik
茅仔草,hm̂-á-tsháu
苦旦,khóo-tuànn
苦瓜,khóo-kue
苦甘,khóo-kam
若有若無,ná ū ná bô
若是,nā-sī
苦毒,khóo-to̍k
苦苦,khóo-khóo
茄苳,ka-tang
茄茉菜,ka-bua̍h-tshài
苦海,khóo-hái
茉草,bua̍h-tsháu
舢舨仔,sam-pán-á
苦茶油,khóo-tê-iû
虼蚤,ka-tsáu
苦情,khóo-tsîng
茉莉花,ba̍k-nī-hue
若無,nā-bô
英雄,ing-hiông
苦楝仔,khóo-līng-á
若準,nā-tsún
若像,ná-tshiūnn
苳蒿,tang-o
若親像,ná-tshin-tshiūnn
苛頭,khô-thâu
苦勸,khóo-khǹg
虼蚻,ka-tsua̍h
衫,sann
訂,tīng
計,【文】kè
負,hū
赴,hù
軍,kun
迫,pik
郎,【文】lông
重,【白】tāng
重,【白】tîng
重,【文】tiông
重,【文】tiōng
閂,tshuànn
降,hâng
降,kàng
限,【白】ān
限,【文】hān
重大,tiōng-tāi
重手,tāng-tshiú
重手頭,tāng-tshiú-thâu
衫仔弓,sann-á-king
衫仔裾,sann-á-ki/sann-á-ku
衫仔褲,sann-á-khòo
衫仔櫥,sann-á-tû
郊外,kau-guā
重句,tîng-kù
郎君,lông-kun
重利,tāng-lāi
重巡,tîng-sûn
軍事,kun-sū
限制,hān-tsè
軍法,kun-huat
迫近,pik-kīn/pik-kūn
重穿,tiōng-tshīng
重要,tiōng-iàu
重重疊疊,tîng-tîng-tha̍h-tha̍h
訃音,hù-im
重食,tiōng-tsia̍h
重倍,tîng-puē
迫倚,pik-uá
重病,tāng-pēnn/tāng-pīnn
重眠,tiōng-bîn
重耽,tîng-tânn
訂婚,tīng-hun
計智,kè-tì
重敧爿,tāng-khi-pîng
計畫,kè-uē
計程車,kè-thîng-tshia
計策,kè-tshik
重視,tiōng-sī
軍隊,kun-tuī
重陽節,Tiông-iông-tseh/Tiông-iông-tsueh
負債,hū-tsè
重傷,tāng-siong
重新,tiông-sin
降落,kàng-lo̍h
計較,kè-kàu
軌道,kuí-tō
計算,kè-sǹg
要緊,iàu-kín
要領,iàu-líng
限數,ān-siàu
負擔,hū-tam
重擔,tāng-tànn
計謀,kè-bôo
重錢,tiōng-tsînn
重頭輕,tāng-thâu-khin
重聲,tāng-siann
降臨,kàng-lîm
要點,iàu-tiám
軍艦,kun-lām
重鹹,tāng-kiâm
面,【文】biān
面,【白】bīn
革,kik
音,im
頁,ia̍h
風,hong
飛,【文】hui
飛,【白】pue/pe
食,【白】tsia̍h
食,【文】si̍t
香,【白】hiunn
食人,tsia̍h--lâng
食力,tsia̍h-la̍t
面子,bīn-tsú
面巾,bīn-kin/bīn-kun
面水,bīn-tsuí
風水,hong-suí
風火,hong-hué/hong-hé
香火,hiunn-hué/hiunn-hé
風火頭,hong-hué-thâu/hong-hé-thâu
食外口,tsia̍h-guā-kháu
面布,bīn-pòo
食奶,tsia̍h-ling/tsia̍h-ni
食市,tsia̍h-tshī
面皮,bīn-phuê/bīn-phê
食名,tsia̍h-miâ
面色,bīn-sik
食老,tsia̍h-lāu
食色,tsia̍h-sik
飛行機,hue-lîng-ki
風吹,hong-tshue/hong-tshe
風吹輪,hong-tshue-lián/hong-tshe-lián
風尾,hong-bué/hong-bé
面形,bīn-hîng
風車,hong-tshia
風邪,hong-siâ
食命,tsia̍h-miā
面油,bīn-iû
香油,hiang-iû
風波,hong-pho
食物,si̍t-bu̍t
風雨,hong-ú
食便領現,tsia̍h-piān-niá-hiān
面前,bīn-tsîng
風俗,hong-sio̍k
食品,si̍t-phín
風度,hong-tōo
風流,hong-liû
面盆,bīn-phûn
食穿,tsia̍h-tshīng
食苦,tsia̍h-khóo
食食,tsia̍h-si̍t
風飛沙,hong-pue-sua
食倯,tsia̍h-sông
面容,bīn-iông
食家己,tsia̍h-ka-kī
食桌,tsia̍h-toh
香案,hiunn-uànn
風氣,hong-khì
飛烏,pue-oo
香烌,hiunn-hu
食祖,tsia̍h-tsóo
風神,hong-sîn
食秤頭,tsia̍h-tshìn-thâu
食堂,si̍t-tn̂g
面桶,bīn-tháng
食晝,tsia̍h-tàu
食清領便,tsia̍h-tshing-niá-piān
飛船,pue-tsûn
香袋仔,hiunn-tē-á
食軟驚硬,tsia̍h-nńg-kiann-ngē/tsia̍h-nńg-kiann-ngī
面頂,bīn-tíng
飛鳥,pue-tsiáu
風喙口,hong-tshuì-kháu
風湧,hong-íng
香港跤,hiong-káng-kha
風琴,hong-khîm
風筒,hong-tâng
香菇,hiunn-koo
香菇肉糜,hiunn-koo-bah-muê/hiunn-koo-bah-bê
韭菜,kú-tshài
食菜,tsia̍h-tshài
韭菜花,kú-tshài-hue
風評,hong-phîng
食飯桌,tsia̍h-pn̄g-toh
食飯廳,tsia̍h-pn̄g-thiann
風勢,hong-sè
面會,biān-huē
食暗,tsia̍h-àm
香煙,hiunn-ian
食補,tsia̍h-póo
食補,si̍t-póo
風鼓,hong-kóo
飛鼠,pue-tshí/pue-tshú
食福,tsia̍h-hok
面貌,bīn-māu
風颱,hong-thai
首領,siú-líng
風颱尾,hong-thai-bué/hong-thai-bé
風颱雨,hong-thai-hōo
飛彈,hui-tuânn
面憂面結,bīn-iu-bīn-kat
食漿,tsia̍h-tsiunn
面模仔,bīn-bôo-á
面熟,bīn-si̍k
風蔥,hong-tshang
音調,im-tiāu
食褒,tsia̍h-po
風調雨順,hong-tiâu-ú-sūn
食醋,tsia̍h-tshòo
面積,bīn-tsik
食膨餅,tsia̍h-phòng-piánn
食錢,tsia̍h-tsînn
食錢官,tsia̍h-tsînn-kuann
風頭,hong-thâu
面頭前,bīn-thâu-tsîng
食頭路,tsia̍h-thâu-lōo
風溼,hong-sip
風聲,hong-siann
食臊,tsia̍h-tsho
風聲嗙影,hong-siann-pòng-iánn
食虧,tsia̍h-khui
風霜,hong-song
風櫃,hong-kuī
食薰,tsia̍h-hun
香爐,hiunn-lôo
風騷,hong-so
風灌,hong-kuàn
修,siu
俺【替】,án
倉,【白】tshng
個,kò
倌,kuann
倍,puē
修正,siu-tsìng
修行,siu-hīng
修改,siu-kái
修面,siu-bīn
倉庫,tshng-khòo
修理,siu-lí
修補,siu-póo
俱樂部,khū-lo̍k-pōo
修養,siu-ióng
修整,siu-tsíng
倒,tó
倒,tò
倖【替】,sīng
倚,【白】uá
借,【白】tsioh
倩,tshiànn
倯【替】,sông
值,【白】ta̍t
值,【文】ti̍t
兼,kiam
冤,uan
准,tsún
凊,【白】tshìn
凍,【白】tàng
凍,【文】tòng
剔,【白】thak
剝,【白】pak
借人,tsioh--lâng
冤仇,uan-siû
冤仇人,uan-siû-lâng
倒反,tò-píng
倒手,tò-tshiú
凊心,tshìn-sim
倒手爿,tò-tshiú-pîng
倒爿,tò-pîng
倒去,tò--khì
借用,tsioh-iōng
剝皮,pak-phuê/pak-phê
兼任,kiam-jīm/kiam-līm
倒吊,tò-tiàu
倒向,tò-hiànn
倚年,uá-nî
凊汗,tshìn-kuānn
凍舌,tàng-tsi̍h
倒店,tó-tiàm
冤屈,uan-khut
冤枉,uan-óng
凌治,lîng-tī
倩的,tshiànn--ê
倚近,uá-kīn/uá-kūn
倒面,tò-bīn
冤家,uan-ke
冤家量債,uan-ke-niû-tsè
值班,ti̍t-pan
候脈,hāu-me̍h
倒退,tò-thè
借問,tsioh-mn̄g
冥婚,bîng-hun
值得,ta̍t-tit
凊彩,tshìn-tshái
倚晝,uá-tàu
倫理,lûn-lí
凍喙齒,tàng-tshuì-khí
倒貼,tò-thiap
凊飯,tshìn-pn̄g
倒剾,tò-khau
倒會仔,tó-huē-á/tó-hē-á
候補,hāu-póo
借過,tsioh-kuè/tsioh-kè
倒摔向,tò-siàng-hiànn
冤魂,uan-hûn
倒彈,tò-tuānn
倒數,tó-siàu
倒踏,tò-ta̍h
倚靠,uá-khò
倚壁,uá-piah
倒擔,tó-tànn
凌遲,lîng-tî
候選人,hāu-suán-jîn/hāu-suán-lîn
借錢,tsioh tsînn
值錢,ta̍t-tsînn
倒頭,tò-thâu
倒頭行,tò-thâu-kiânn
倒頭栽,tò-thâu-tsai
凊糜,tshìn-muê/tshìn-bê
凍霜,tàng-sng
兼職,kiam-tsit
倒覆,tò-phak
倒轉,tò-tńg
借蹛,tsioh-tuà
凍露水,tàng-lōo-tsuí
兼顧,kiam-kòo
勍【替】,khiang
匪,huí
厝,tshù
員,【文】uân
哥,ko
哩【替】,--lih
哩【替】,mai
哪【替】,ná
哭【替】,khàu
哹【替】,pu
哺【替】,pōo
哼【替】,hainn
哼【替】,--hngh
哽,kénn
唅【替】,--hannh
唉,haih
唔【替】,onn
唚【替】,tsim
唐山,Tn̂g-suann
原子筆,guân-tsú-pit
厝內,tshù-lāi
哪毋,ná m̄
勍仔,khiang-á
厝主,tshù-tsú
原本,guân-pún
哪未,ná buē/ná bē
厝瓦,tshù-hiā
原在,guân-tsāi
厝地,tshù-tē/tshù-tuē
厝宅,tshù-the̍h
原早,guân-tsá
原位,guân-uī
原告,guân-kò
原形,guân-hîng
厝角鳥仔,tshù-kak-tsiáu-á
厝角頭,tshù-kak-thâu
哭呻,khàu-tshan
原底,guân-té/guân-tué
哭爸,khàu-pē
哭爸哭母,khàu-pē-khàu-bú
原則,guân-tsik
厝契,tshù-khè/tshù-khuè
哭枵,khàu-iau
哥哥,ko--koh
哼哼叫,hainn-hainn-kiò
唔唔睏,onn-onn-khùn
哩哩囉囉,li-li-lo-lo
原料,guân-liāu
原理,guân-lí
厝頂,tshù-tíng
唚喙,tsim-tshuì
厝稅,tshù-suè/tshù-sè
哪著,ná-tio̍h
哽著,kénn-tio̍h
哪會,ná ē
厝跤,tshù-kha
哭路頭,khàu-lōo-thâu
原價,guân-kè
哭調仔,khàu-tiāu-á
原諒,guân-liōng
原頭,guân-thâu
厝頭家,tshù-thâu-ke
厝邊,tshù-pinn
厝邊頭尾,tshù-pinn-thâu-bué/tshù-pinn-thâu-bé
匪類,huí-luī
唷【替】,--ioh
垺【替】,pû
埋,bâi
埋【替】,tâi
埔,poo
埕,tiânn
夏,【文】hā
套,thò
娘,【白】niâ
娘,【白】niû
娘𡢃,niû-kán
埕斗,tiânn-táu
娘仔,niû-á
娘仔絲,niû-á-si
娘仔葉,niû-á-hio̍h
娘仔樹,niû-á-tshiū
夏令營,hā-līng-iânn
娘仔繭,niû-á-kián
埔姜,poo-kiunn
娘娘,niû-niû
套話,thò-uē
娘嬭,niû-lé
孫,sun
宮,【白】king
宮,【文】kiong
害,hāi
家,【文】ka
家,【白】ke
容,iông
射,siā
屑【替】,sut
展,tián
展【替】,thián
屘,ban
島,tó/tóo
崁【替】,khàm
差,【文】tsha
差,【白】tshe
師,【白】sai
師,【文】su
席,si̍k
座,tsō
庫,khòo
害了了,hāi-liáu-liáu
宮女,kiong-lí/kiong-lú
家己,ka-kī
家己人,ka-kī-lâng
容允,iông-ín/iông-ún
差不多,tsha-put-to
師父,su-hū
孫仔,sun-á
屘仔,ban-á
師仔,sai-á
師兄,su-hiann
害去,hāi--khì
師母,su-bió
家甲,ke-kah
家伙,ke-hué/ke-hé
屘囝,ban-kiánn
家私,ke-si
家事,ka-sū
宵夜,siau-iā
師姑,su-koo
庫房,khòo-pâng
家長,ka-tiúnn
家門,ka-mn̂g
展威,tián-ui
家後,ke-āu
展風神,tián-hong-sîn
家婆,ke-pô
家教,ka-kàu
差教,tshe-kà
崁頂,khàm-tíng
師傅,sai-hū
孫婿,sun-sài
展開,thián-khui
宴會,iàn-huē
崁跤,khàm-kha
師資,su-tsu
崁蓋,khàm-kuà
容貌,iông-māu
庫銀,khòo-gîn/khòo-gûn
宮廟,king-biō
射箭,siā-tsìnn
師範的,su-huān--ê
差錯,tsha-tshò
庫錢,khòo-tsînn
崁頭崁面,khàm-thâu-khàm-bīn
展翼,thián-si̍t
害蟲,hāi-thâng
差額,tsha-gia̍h
家譜,ka-phóo
展寶,tián-pó
展覽,tián-lám
弱,jio̍k/lio̍k
徒,tôo
恁【替】,lín
恥,thí
恩,【白】in/un
恩,【文】un
恭,kiong
扇,【白】sìnn
拳,【白】kûn
挈,khe̍h
挐【替】,jû/lû
挨,【白】e
挩,thuah
挨米,e-bí
徒弟,tôo-tē
恐怖,khióng-pòo
挩枋,thuah-pang
恁爸,lín-pē
挩門,thuah-mn̂g
扇面,sìnn-bīn
恁娘,lín-niâ
恥笑,thí-tshiò
恩情,un-tsîng
挨推,e-the
挨絃仔,e hiân-á
恭喜,kiong-hí
挩窗,thuah-thang
恩愛,un-ài
挨粿,e-kué/e-ké
挐氅氅,jû-tsháng-tsháng/lû-tsháng-tsháng
拳頭,kûn-thâu
拳頭拇,kûn-thâu-bú
拳頭師,kûn-thâu-sai
恐驚,khióng-kiann
挵【替】,lòng
挺,【白】thánn
挼,juê/lê
挽,bán
挾,gia̍p
挾,nge̍h
捀,phâng
捅,thóng
捆,khún
捋,lua̍h
捋【替】,luah
捌【替】,bat
捎,sa
捏,lia̍p
捏【替】,tēnn/tīnn
捒【替】,sak
捗【替】,pôo
捘【替】,tsūn
捙【替】,tshia
揤【替】,tshi̍h
敆,kap
效,hāu
料,liāu
旅,【白】lí/lú
時,sî
晃【替】,huánn
效力,hāu-li̍k
捀斗,phâng-táu
捀水,phâng-tsuí
捋仔,lua̍h-á
時代,sî-tāi
車布邊,tshia pòo-pinn
挽回,bán-huê/bán-hê
捌字,bat-jī/bat-lī
旅行,lí-hîng/lú-hîng
時行,sî-kiânn
敆作,kap-tsoh
捒走,sak-tsáu
時辰,sî-sîn
捙拚,tshia-piànn
旅社,lí-siā/lú-siā
挽花,bán hue
挵門,lòng mn̂g
旅客,lí-kheh/lú-kheh
挽面,bán-bīn
時候,sî-hāu
時時,sî-sî
時時刻刻,sî-sî-khik-khik
捙畚斗,tshia-pùn-táu
挵破,lòng-phuà
挽脈,bán-me̍h
挽茶,bán tê
挽草,bán tsháu
捀茶,phâng-tê
時陣,sî-tsūn
捒做堆,sak-tsò-tui/sak-tsuè-tui
振動,tín-tāng
時常,sî-siông
挽救,bán-kiù
挵球,lòng-kiû
效率,hāu-lu̍t
敆痕,kap-hûn
料理,liāu-lí
捌貨,bat-huè/bat-hè
敆逝,kap-tsuā
挽喙齒,bán tshuì-khí
旅費,lí-huì/lú-huì
捙跋反,tshia-pua̍h-píng
時間,sî-kan
時勢,sî-sè
捌想,bat-siūnn
料想,liāu-sióng
料想袂到,liāu-sióng-bē-kàu/liāu-sióng-buē-kàu
時運,sî-ūn
揤電鈴,tshi̍h tiān-lîng
挵鼓,lòng kóo
挹墓粿,ip-bōng-kué/ip-bōo-ké
鍤箕,tshiah-ki
料算,liāu-sǹg
時價,sî-kè
捙盤,tshia-puânn
時機,sî-ki
捆縛,khún-pa̍k
捎錢,sa-tsînn
捅頭,thóng-thâu
旅館,lí-kuán/lú-kuán
捋頭毛,lua̍h thâu-mn̂g
敆縫,kap-phāng
捙輾斗,tshia-liàn-táu
敆藥仔,kap-io̍h-á
挵鐘,lòng tsing
時鐘,sî-tsing
捏麵尪仔,lia̍p-mī-ang-á
晏,【白】uànn
晟【替】,tshiânn
書,【白】tsu
書,【文】su
朕,tīm
柴,tshâ
栓,sng
校,hāu
栱,kông
核,【白】hu̍t
根,kin/kun
格,【白】keh
栽,tsai
桃,【文】thô
框,【白】khing
框,【文】khong
案,【文】àn
桌,toh
柴㷮,tshâ-tsau
柴刀,tshâ-to
栗子,la̍t-tsí
校工,hāu-kang
校友,hāu-iú
栓仔,sng-á
格仔,keh-á
桃仔,thô-á
桌仔,toh-á
根本,kin-pún/kun-pún
桌布,toh-pòo
案件,àn-kiānn
桂竹,kuì-tik
桂竹筍,kuì-tik-sún
柴杙,tshâ-khi̍t
桑材,sng-tsâi
根底,kin-té/kun-tué
案底,àn-té/àn-tué
書房,tsu-pâng
桐油,tâng-iû
校舍,hāu-sià
桂花,kuì-hue
桃花,thô-hue
柴門,tshâ-mn̂g
校長,hāu-tiúnn
書架仔,tsu-kè-á
柴屐,tshâ-kia̍h
桌崁,toh-khàm
柴柴,tshâ-tshâ
柴梳,tshâ-se/tshâ-sue
柴砧,tshâ-tiam
柴耙,tshâ-pê
柴草,tshâ-tsháu
核能,hi̍k-lîng
晏起來,uànn khí--lâi
栽培,tsai-puê
桌屜,toh-thuah
桌帷,toh-uî
案情,àn-tsîng
柴桶,tshâ-tháng
桌頂,toh-tíng
柴魚,tshâ-hî/tshâ-hû
根節,kin-tsat/kun-tsat
桌裙,toh-kûn
桌跤,toh-kha
校對,kàu-tuì
柴寮,tshâ-liâu
晟養,tshiânn-ióng
根據,kin-kì/kun-kù
柴頭,tshâ-thâu
桌頭,toh-thâu
柴頭尪仔,tshâ-thâu-ang-á
柴鍥,tshâ-keh/tshâ-kueh
桌櫃,toh-kuī
書櫥,tsu-tû
桔,kiat
梳,se/sue
欱【替】,hap
氣,【文】khì
氣,【白】khuì
浡【替】,phū
浮,【白】phû
海,hái
浸,tsìm
氣力,khuì-la̍t
氣口,khuì-kháu
浪子,lōng-tsú
海口,hái-kháu
海口腔,hái-kháu-khiunn
浮冇,phû-phànn
海水浴場,hái-tsuí i̍k-tiûnn
桔仔,kiat-á
桔仔汁,kiat-á-tsiap
桔仔餅,kiat-á-piánn
浮石,phû-tsio̍h
海瓜子,hái-kue-tsí
浮沉,phû-tîm
海沙埔,hái-sua-poo
氣身惱命,khì-sin-lóo-miā
氣味,khì-bī
海味,hái-bī
海和尚,hái-huê-siūnn
海岸,hái-huānn
海底,hái-té/hái-tué
氣怫怫,khì-phut-phut
氣氛,khì-hun
海狗,hái-káu
浸柿,tsìm-khī
海洋,hái-iûnn
海虼蚻,hái-ka-tsua̍h
海面,hái-bīn
海風,hái-hong
海埔,hái-poo
海島,hái-tó
海峽,hái-kiap
海海,hái-hái
海翁,hái-ang
海豹,hái-pà
浮動,phû-tāng
海參,hái-sim
泰國菝仔,Thài-kok-pua̍t-á
浮崙,phû-lūn
海帶,hái-tuà
浴桶,i̍k-tháng
海產,hái-sán
海產糜,hái-sán-muê/hái-sán-bê
海蛇,hái-tsuâ
海棠,hái-tông
海湧,hái-íng
海菜,hái-tshài
氣象,khì-siōng
浪費,lōng-huì
海量,hái-liōng
浴間仔,i̍k-king-á
氣概,khì-khài
海賊,hái-tsha̍t
氣運,khì-ūn
海墘,hái-kînn
海漲,hái-tiòng
海綿,hái-mî
氣數,khì-sòo
海線,hái-suànn
海豬,hái-ti/hái-tu
氣魄,khì-phik
浪蕩,lōng-tōng
梳頭,se-thâu/sue-thâu
海龍王,Hái-lîng-ông
氣壓,khì-ap
海獺,hái-thuah
海鰻,hái-muâ
海鱺仔,hái-lē-á
消,siau
烈,lia̍t
烌【替】,hu
烏,oo
烘,【白】hang
爹,tia
狹,【白】e̍h/ue̍h
烏𪐞紅,oo-tòo-âng
烏㽎㽎,oo-sìm-sìm
烏人,oo-lâng
烏仁,oo-jîn/oo-lîn
烏仁目鏡,oo-jîn-ba̍k-kiànn/oo-lîn-ba̍k-kiànn
消化,siau-huà
消水,siau-tsuí
烏手,oo-tshiú
烏毛,oo-moo
烏心石,oo-sim-tsio̍h
烏心肝,oo-sim-kuann
烏天暗地,oo-thinn-àm-tē/oo-thinn-àm-tuē
烘火,hang-hué/hang-hé
消失,siau-sit
烏市,oo-tshī
烏白,oo-pe̍h
烏白來,oo-pe̍h-lâi
烏名單,oo-miâ-tuann
烏有,oo-iú
烏色,oo-sik
烘肉,hang-bah
特色,ti̍k-sik
烏耳鰻,oo-hīnn-muâ/oo-hī-muâ
烏西,oo-se
特別,ti̍k-pia̍t
消災解厄,siau-tsai-kái-eh
烏豆,oo-tāu
消防隊,siau-hông-tuī
消定,siau-tiānn
烏枋,oo-pang
烏枋拭仔,oo-pang-tshit-á
烏油,oo-iû
烏狗,oo-káu
烏狗兄,oo-káu-hiann
烏金,oo-kim
烏青,oo-tshenn/oo-tshinn
烏青凝血,oo-tshenn gîng-hueh/oo-tshinn gîng-huih
消毒,siau-to̍k
消風,siau-hong
烏面抐桮,oo-bīn-lā-pue
消息,siau-sit
特效藥,ti̍k-hāu-io̍h
烏格仔,oo-keh-á
特殊,ti̍k-sû
烏真珠,oo-tsin-tsu
消除,siau-tû
烏骨雞,oo-kut-ke/oo-kut-kue
烏梅仔酒,oo-muê-á-tsiú/oo-m̂-á-tsiú
烏甜仔菜,oo-tinn-á-tshài
烏笛仔,oo-ta̍t-á
烏陰,oo-im
烏陰天,oo-im-thinn
烏魚,oo-hî/oo-hû
烏魚子,oo-hî-tsí/oo-hû-tsí
烏麻油,oo-muâ-iû
烏魚鰾,oo-hî-piō/oo-hû-piō
烏喙筆仔,oo-tshuì-pit-á
烏斑,oo-pan
烏棗,oo-tsó
狸猫,lî-bâ
烏焦瘦,oo-ta-sán
烏痣,oo-kì
消費,siau-huì
消費者,siau-huì-tsiá
烏雲,oo-hûn
烏塗,oo-thôo
烏暗,oo-àm
烏暗眩,oo-àm-hîn
消極,siau-ki̍k
消滅,siau-bia̍t
烏煙,oo-ian
烏滓血,oo-lái-hueh/oo-lái-huih
烏煙黗,oo-ian-thûn
烏道,oo-tō
烏漚,oo-áu
烏漉肚,oo-lok-tōo
烏趖趖,oo-sô-sô
消遣,siau-khián
烏墨,oo-ba̍k
烏影,oo-iánn
烏璇石,oo-suān-tsio̍h
消瘦落肉,siau-sán-lo̍h-bah
烏蝛,oo-bui
烏醋,oo-tshòo
烏鴉,oo-a
烏魯木齊,oo-lóo-bo̍k-tsè
烏鴉喙,oo-a-tshuì
烏糖,oo-thn̂g
烏糖粿,oo-thn̂g-kué/oo-thn̂g-ké
烏貓,oo-niau
烏貓姊仔,oo-niau-tsí--á
烏頭仔車,oo-thâu-á-tshia
烏龜,oo-ku
烏龜,oo-kui
烏龍仔,oo-liông-á
烏龍茶,oo-liông-tê
烏甕串,oo-àng-tshǹg
烏鯧,oo-tshiunn
烘爐,hang-lôo
烏鶖,oo-tshiu
特權,ti̍k-khuân
狼,lông
珠,tsu
班,pan
留,【白】lâu
留,【文】liû
畜,【白】thik
泄【替】,tshuā
疶【替】,tshuah
疼【替】,thiànn
痀,ku
病,【白】pēnn/pīnn
症,tsìng
病人,pēnn-lâng/pīnn-lâng
畚斗,pùn-táu
珠仔,tsu-á
畜生,thik-senn/thik-sinn
泄尿,tshuā-jiō/tshuā-liō
病床,pēnn-tshn̂g/pīnn-tshn̂g
班長,pan-tiúnn
疶屎,tshuah-sái
疼某菜,thiànn-bóo-tshài
狼毒,lông-to̍k
病相思,pēnn-siunn-si/pīnn-siunn-si
狼狽,lông-puē
病疼,pēnn-thiànn/pīnn-thiànn
病院,pēnn-īnn/pīnn-īnn
疼惜,thiànn-sioh
病情,pēnn-tsîng/pīnn-tsîng
珠淚,tsu-luī
疲勞,phî-lô
疼痛,thiànn-thàng
畚箕,pùn-ki
疳瘡,kam-tshng
珠蔥,tsu-tshang
疳積,kam-tsik
症頭,tsìng-thâu
珠螺,tsu-lê
珠螺膎,tsu-lê-kê/tsu-lê-kuê
珠寶,tsu-pó
留戀,liû-luân
病體,pēnn-thé/pīnn-thé
盍【替】,khah
真,tsin
眠,【白】bîn
眩,hîn
砧,tiam
破,【文】phò
破,【白】phuà
祖,tsóo
眠一下,bîn--tsi̍t-ē
祖公,tsóo-kong
真心,tsin-sim
祕方,pì-hng
破少年,phuà-siàu-liân
真正,tsin-tsiànn
破布子,phuà-pòo-tsí
砧皮鞋,tiam-phuê-ê/tiam-phê-uê
眠床,bîn-tshn̂g
眠床枋,bîn-tshn̂g-pang
眩車,hîn-tshia
真拄好,tsin-tú-hó
破空,phuà-khang
破相,phuà-siùnn
祖厝,tsóo-tshù
破柴,phuà tshâ
破格,phuà-keh
祕書,pì-su
破格喙,phuà-keh-tshuì
真珠,tsin-tsu
破病,phuà-pēnn/phuà-pīnn
眨眨𥍉,tsha̍p-tsha̍p-nih
真情,tsin-tsîng
真理,tsin-lí
破產,phò-sán
眩船,hîn-tsûn
祕結,pì-kiat
破費,phò-huì
破開,phuà--khui
破傷風,phò-siong-hong
祖傳祕方,tsóo-thuân pì-hng
祖媽,tsóo-má
破腹,phuà-pak
真誠,tsin-tsiânn
眠夢,bîn-bāng
真實,tsin-si̍t
祖廟,tsóo-biō
破膽,phuà-tánn
破雞筅,phuà-ke-tshíng/phuà-kue-tshíng
破壞,phò-huāi
祝,tsiok
神,sîn
祠,sû
租,tsoo
秤,tshìn
秧,【白】ng
站,tsām
笑,【白】tshiò
粉,hún
納,la̍p
秤仔,tshìn-á
秧仔,ng-á
秮仔,tai-á
秤仔花,tshìn-á-hue
神主牌仔,sîn-tsú-pâi-á
神去,sîn--khì
秫米,tsu̍t-bí
秫米飯,tsu̍t-bí-pn̄g
神位,sîn-uī
粉肝,hún-kuann
笑咍咍,tshiò-hai-hai
神明,sîn-bîng
站長,tsām-tiúnn
笑面虎,tshiò-bīn-hóo
租厝,tsoo-tshù
笑容,tshiò-iông
神桌,sîn-toh
神神,sîn-sîn
笑桮,tshiò-pue
粉條,hún-tiâu
秧船,ng-tsûn
粉鳥,hún-tsiáu
納稅,la̍p-suè/la̍p-sè
粉筆,hún-pit
祝賀,tsiok-hō
粉圓,hún-înn
神經,sîn-king
站節,tsām-tsat
粉腸,hún-tshiâng
粉腸仔,hún-tn̂g-á
笑話,tshiò-uē
笑詼,tshiò-khue/tshiò-khe
神像,sîn-siōng
祝福,tsiok-hok
粉粿,hún-kué/hún-ké
紋銀,bûn-gîn/bûn-gûn
神魂,sîn-hûn
粉餅,hún-piánn
笑談,tshiàu-tâm
秤頭,tshìn-thâu
笑頭笑面,tshiò-thâu-tshiò-bīn
秤錘,tshìn-thuî
粉蟯,hún-giô
神轎,sîn-kiō
純,sûn
紗,【白】se
紙,tsuá
級,kip
素,sòo
紡,【白】pháng
索,【白】soh
缺,【白】khih
缺,【文】khuat
缺,【白】khueh/kheh
罟,koo
翁,【白】ang
耙,pê
耙,pē
胮【替】,hàng
胸,【白】hing
紗仔,se-á
索仔,soh-á
罟仔,koo-á
耙仔,pê-á
紗仔衫,se-á-sann
胳下空,koh-ē-khang
胸坎,hing-khám
胸坎骨,hing-khám-kut
紡車,pháng-tshia
缺角,khih-kak
紙坯,tsuá-phue/tsuá-phe
紙枋,tsuá-pang
純金,sûn-kim
翁某,ang-bóo
耙柫,pê-put
素面,sòo-bīn
素食,sòo-si̍t
紙厝,tsuá-tshù
紙扇,tsuá-sìnn
紡紗,pháng-se
胭脂,ian-tsi
胸掛骨,hing-kuà-kut
紙條,tsuá-tiâu
紙票,tsuá-phiò
紙袋仔,tsuá-tē-á
缺喙,khih-tshuì
翁婿,ang-sài
純然,sûn-jiân/sûn-liân
紙牌,tsuá-pâi
紗窗,se-thang
紙篋仔,tsuá-kheh-á
素質,sòo-tsit
紙橐仔,tsuá-lok-á
紙燈,tsuá-ting
紙錢,tsuá-tsînn
缺點,khuat-tiám
能,lîng
胿,kui
脆,【白】tshè
脈,【白】me̍h
臭,tshàu
舀【替】,iúnn
舐,tsīnn
茈【替】,tsínn
茫,【白】bâng
茫,【文】bông
茶,tê
草,【白】tsháu
草,【文】tshó
臭人,tshàu-lâng
草人,tsháu-lâng
臭丸,tshàu-uân
茶山,tê-suann
舀水,iúnn-tsuí
茶心,tê-sim
茶心茶,tê-sim-tê
茶心粕,tê-sim-phoh
臭火焦,tshàu-hué-ta/tshàu-hé-ta
臭火燒,tshàu-hué-sio/tshàu-hé-sio
臭火薰,tshàu-hué-hun/tshàu-hé-hun
草仔,tsháu-á
茶仔油,tê-á-iû
臭奶呆,tshàu-ling-tai/tshàu-ni-tai
茭白筍,kha-pe̍h-sún
草地,tsháu-tē/tsháu-tuē
草地人,tsháu-tē-lâng/tsháu-tuē-lâng
臭老,tshàu-lāu
茶米,tê-bí
臭汗酸,tshàu-kuānn-sng
臭耳甕仔,tshàu-hīnn-àng-á/tshàu-hī-àng-á
臭耳聾,tshàu-hīnn-lâng/tshàu-hī-lâng
臭屁,tshàu-phuì
臭屁仙,tshàu-phuì-sian
臭尿薟,tshàu-jiō-hiam/tshàu-liō-hiam
臭豆腐,tshàu-tāu-hū
茶店仔,tê-tiàm-á
茶杯,tê-pue
臭油,tshàu-iû
茶油,tê-iû
臭油垢,tshàu-iû-káu
航空,hâng-khong
舀肥,iúnn-puî
臭腥仔,tshàu-tshenn-á
脆柿,tshè-khī
臭柿仔,tshàu-khī-á
茯苓糕,ho̍k-lîng-ko
臭面,tshàu-bīn
臭風,tshàu-hong
草厝仔,tsháu-tshù-á
草埔,tsháu-poo
草索仔,tsháu-soh-á
茭荖仔,ka-ló-á
草窒仔,tshó-that-á
茶莊,tê-tsng
草魚,tsháu-hî/tsháu-hû
臭喙角,tshàu-tshuì-kak
臭殕,tshàu-phú
臭焦,tshàu-ta
草猴,tsháu-kâu
草絪,tsháu-in
草菇,tsháu-koo
茶園,tê-hn̂g
臭塗味,tshàu-thôo-bī
臭溝仔,tshàu-kau-á
茶滓,tê-tái
臭煬,tshàu-iāng
臭腥,tshàu-tshènn/tshàu-tshìnn
臭腥公,tshàu-tshenn-kong/tshàu-tshinn-kong
茶葉,tê-hio̍h
臭跤液,tshàu-kha-sio̍h
茶鈷,tê-kóo
茶箍,tê-khoo
草蓆,tsháu-tshio̍h
草蜢公,tsháu-meh-kong
草蜢仔,tsháu-meh-á
臭酸,tshàu-sng
臭彈,tshàu-tuānn
草寮仔,tsháu-liâu-á
茶盤,tê-puânn
草蔬,tsháu-se
草蝦,tsháu-hê
臭賤,tshàu-tsiān
草鞋,tsháu-ê/tsháu-uê
草橄欖,tshó-kan-ná
茶甌,tê-au
臭頭,tshàu-thâu
茶館,tê-kuán
臭頭雞仔,tshàu-thâu-ke-á/tshàu-thâu-kue-á
臭臊,tshàu-tsho
茈薑,tsínn-kiunn
臭薟薟,tshàu-hiam-hiam
草鍥仔,tsháu-keh-á/tsháu-kueh-á
臭羶,tshàu-hiàn
草藥,tsháu-io̍h
臭藥丸仔,tshàu-io̍h-uân-á
草霸王,tsháu-pà-ông
茶欉,tê-tsâng
茶罐,tê-kuàn
荏,lám
荒,【白】hng
衰,sue
袂【替】,bē/buē
衰䆀,sue-bái
袂䆀,bē-bái/buē-bái
袂歹,bē pháinn/buē pháinn
袂用得,bē-īng-tit/buē-īng-tit
袂合,bē ha̍h/buē ha̍h
袂收山,bē-siu-suann/buē-siu-suann
衰尾,sue-bué/sue-bé
衰尾道人,sue-bué-tō-jîn/sue-bé-tō-lîn
荏身,lám-sin
袂見笑,bē-kiàn-siàu/buē-kiàn-siàu
袂使,bē-sái/buē-sái
袂使得,bē-sái-tit/buē-sái-tit
袂和,bē-hô/buē-hô
荔枝,nāi-tsi
袂直,bē-ti̍t/buē-ti̍t
袂按算,bē àn-sǹg/buē àn-sǹg
袂赴,bē-hù/buē-hù
袂食袂睏,bē-tsia̍h-bē-khùn/buē-tsia̍h-buē-khùn
荒埔,hng-poo
袂記得,bē-kì-tit/buē-kì-tit
袂得通,bē-tit-thang/buē-tit-thang
袂得過,bē-tit kuè/buē-tit kè
袂堪得,bē-kham-tit/buē-kham-tit
袂當,bē-tàng/buē-tàng
衰運,sue-ūn
荒廢,hong-huì
衰潲,sue-siâu
袂曉,bē-hiáu/buē-hiáu
袂輸,bē-su/buē-su
袂輸講,bē-su-kóng/buē-su-kóng
袂講得,bē-kóng-tit/buē-kóng-tit
袂伸捙,bē-tshun-tshia/buē-tshun-tshia
荏懶,lám-nuā
荖藤,láu-tîn
討,thó
記,kì
豹,pà
財,tsâi
起,khí
迵【替】,thàng
迷,bê
迸,piàng
追,tui
退,thè
送,【白】sàng
逃,tô
逆,gi̍k
起𪁎,khí-tshio
財力,tsâi-li̍k
討人情,thó-jîn-tsîng/thó-lîn-tsîng
貢丸,kòng-uân
逃亡,tô-bông
逆子,gi̍k-tsú
送上山,sàng-tsiūnn-suann
財子壽,tsâi-tsú-siū
起手,khí-tshiú
起毛,khí-moo
逆天,gi̍k-thinn
起毛䆀,khí-moo bái
送日仔,sàng-ji̍t-á/sàng-li̍t-á
起毛婸,khí-moo giang
起火,khí-hué/khí-hé
退火,thè-hué/thè-hé
財主,tsâi-tsú
追加,tui-ka
逃犯,tô-huān
討皮疼,thó-phuê-thiànn/thó-phê-thiànn
退伍,thè-ngóo
退休,thè-hiu
起因,khí-in
退冰,thè-ping
豈有此理,khí-iú-tshú-lí
起色,khí-sik
起行,khí-kiânn
退色,thè-sik
逃兵,tô-ping
起床,khí-tshn̂g
追求,tui-kiû
退步,thè-pōo
起狂,khí-kông
追究,tui-kiù
逃走,tô-tsáu
起事,khí-sū
起來,khí-lâi
討命,thó-miā
逃命,tô-miā
起呸面,khí-phuì-bīn
退定,thè-tiānn
送定,sàng-tiānn
記性,kì-sìng
起性地,khí-sìng-tē/khí-sìng-tuē
財物,tsâi-bu̍t
記者,kì-tsiá
退股,thè-kóo
訕削,suān-siah
迷信,bê-sìn
討契兄,thó-khè-hiann/thó-khuè-hiann
退後,thè-āu
財政,tsâi-tsìng
討食,thó-tsia̍h
起風,khí-hong
起凊瘼,khí-tshìn-mo̍oh
起厝,khí-tshù
起家,khí-ke
討海,thó-hái
討海人,thó-hái-lâng
財神,tsâi-sîn
送神,sàng-sîn
財神爺,tsâi-sîn-iâ
退酒,thè-tsiú
退婚,thè-hun
財產,tsâi-sán
起無空,khí-bô-khang
起痟,khí-siáu
起程,khí-thîng
起童,khí-tâng
退童,thè-tâng
起訴,khí-sòo
討趁,thó-thàn
起雄,khí-hiông
討債,thó-tsè
迷亂,bê-luān
討債囝,thó-tsè-kiánn
送嫁,sàng-kè
財源,tsâi-guân
起碇,khí-tiānn
起落,khí-lo̍h
記號,kì-hō
起跤動手,khí-kha-tāng-tshiú
迵過,thàng--kuè/thàng--kè
起鼓,khí-kóo
討厭,thó-ià
財團,tsâi-thuân
追認,tui-jīn/tui-līn
起價,khí-kè
討數,thó-siàu
記數,kì-siàu
訕潲,suān-siâu
退熱,thè-jia̍t/thè-lia̍t
起碼,khí-má
討論,thó-lūn
退學,thè-ha̍k
記憶,kì-ik
討錢,thó-tsînn
起頭,khí-thâu
退癀,thè-hông
逃避,tô-pī
送禮,sàng-lé
起雞母皮,khí-ke-bó-phuê/khí-kue-bó-phê
起藥蛆,khí-io̍h-tshi/khí-io̍h-tshu
財寶,tsâi-pó
貢獻,kòng-hiàn
迷戀,bê-luân
配,phuè/phè
酒,tsiú
釘,tìng
針,tsiam
閃,siám
院,īnn
陣,【文】tsūn
陣,【白】tīn
除,【白】tî/tû
除,【文】tû
隻,【白】tsiah
飢,ki
馬,【白】bé
馬,【文】má
骨,kut
高,ko
鬥,【白】tàu
鬼,kuí
馬力,bé-la̍t
骨力,kut-la̍t
馬上,má-siōng
高女,ko-lí/ko-lú
高中,ko-tiong
高手,ko-tshiú
酒仙,tsiú-sian
釘仔,ting-á
馬仔,bé-á
鬼仔,kuí-á
釘仔鉗,ting-á-khînn
鬥句,tàu-kù
酒母,tsiú-bú
配合,phuè-ha̍p/phè-ha̍p
除名,tû-miâ
骨肉,kut-jio̍k/kut-lio̍k
高血壓,ko-hueh-ap/ko-huih-ap
馬西馬西,má-se-má-se
針灸,tsiam-kù
配角,phuè-kak/phè-kak
針車,tsiam-tshia
高見,ko-kiàn
高尚,ko-sióng
釘孤枝,tìng-koo-ki
馬拉松,ma-lá-sóng
酒杯,tsiú-pue
高明,ko-bîng
酒矸,tsiú-kan
針空,tsiam-khang
鬥空,tàu-khang
酒矸窒仔,tsiú-kan-that-á
鬥股,tàu-kóo
陣雨,tsūn-hōo
鬼門,kuí-mn̂g
鬼門關,kuí-mn̂g-kuan
除非,tû-hui
鬼剃頭,kuí-thì-thâu
針指,tsiam-tsáinn
鬥相共,tàu-sann-kāng
閃風,siám-hong
馬面,bé-bīn
配料,phuè-liāu/phè-liāu
釘根,tìng-kin/tìng-kun
骨格,kut-keh
骨氣,kut-khì
骨烌,kut-hu
陣疼,tsūn-thiànn
鬼神,kuí-sîn
高級,ko-kip
飢荒,ki-hng
酒配,tsiú-phuè/tsiú-phè
鬥陣,tàu-tīn
馬馬虎虎,má-má-hu-hu
鬥做伙,tàu-tsò-hué/tàu-tsuè-hé
酒瓶,tsiú-pân
鬥無閒,tàu-bô-îng
配給,phuè-kip/phè-kip
閃著,siám-tio̍h
高貴,ko-kuì
閃開,siám--khui
酒開仔,tsiú-khui-á
針黹,tsiam-tsí
酒窟仔,tsiú-khut-á
高粱酒,kau-liâng-tsiú
鬥跤手,tàu-kha-tshiú
馬鈴薯,má-lîng-tsî/má-lîng-tsû
鬥夥計,tàu-hué-kì/tàu-hé-kì
鬥榫頭,tàu-sún-thâu
酒漏仔,tsiú-lāu-á
鬼精,kuí-tsiann
馬褂,bé-kuà
針鼻,tsiam-phīnn
酒樓,tsiú-lâu
高潮,ko-tiau
酒醉,tsiú-tsuì
骨輪,kut-lûn
馬鞍,bé-uann
馬齒豆,bé-khí-tāu
鬥鬧熱,tàu-lāu-jia̍t/tàu-lāu-lia̍t
酒甌,tsiú-au
配頭,phuè-thâu/phè-thâu
陣頭,tīn-thâu
馬頭,bé-thâu
骨頭烌,kut-thâu-hu
鬼頭鬼腦,kuí-thâu-kuí-náu
馬戲,bé-hì
鬥幫贊,tàu-pang-tsān
酒糟,tsiú-tsau
閃避,siám-pī
馬鮫,bé-ka
釘點,tìng-tiám
酒甕,tsiú-àng
酒癖,tsiú-phiah
馬薺,bé-tsî
馬鞭,bé-pinn
閃爍,siám-sih
高麗,ko-lê
高麗參,ko-lê-sim
高麗菜,ko-lê-tshài
高麗菜穎仔,ko-lê-tshài-ínn-á
乾,【白】kuann
乾,【文】kan
乾,khiân
偃【替】,ián
假,【文】ká
假,【白】ké
偌【替】,guā
偏,【文】phian
偏,【白】phinn
做,tsò/tsuè
停,thîng
偝【替】,āinn/iāng
偷,thau
兜,tau
剪,tsián
副,hù
假𠢕,ké-gâu
做人,tsò--lâng/tsuè--lâng
做人,tsò-lâng/tsuè-lâng
做人情,tsò-jîn-tsîng/tsuè-lîn-tsîng
偉大,uí-tāi
做工,tsò-kang/tsuè-kang
偝巾,āinn-kin/iāng-kun
做大水,tsò-tuā-tsuí/tsuè-tuā-tsuí
偷工減料,thau-kang-kiám-liāu
偏心,phian-sim
做歹,tsò-pháinn/tsuè-pháinn
停手,thîng-tshiú
停止,thîng-tsí
副手,hù-tshiú
做月內,tsò-gue̍h-lāi/tsuè-ge̍h-lāi
做牙,tsò-gê/tsuè-gê
假仙,ké-sian
乾仔孫,kan-á-sun
假仙假觸,ké-sian-ké-tak
假包,ké-pâu
做司公,tsò-sai-kong/tsuè-sai-kong
做功德,tsò-kong-tik/tsuè-kong-tik
剪布,tsián-pòo
副本,hù-pún
做生日,tsò-senn-ji̍t/tsuè-sinn-li̍t
偷生的,thau-senn--ê/thau-sinn--ê
做生理,tsò-sing-lí/tsuè-sing-lí
做伙,tsò-hué/tsuè-hé
健丟,kiān-tiu
健全,kiān-tsuân
偏名,phian-miâ
假好衰,ké-hó-sue
假死,ké-sí
做旬,tsò-sûn/tsuè-sûn
假死假活,ké-sí-ké-ua̍h
做色,tsò-sik/tsuè-sik
做忌,tsò-kī/tsuè-kī
假使,ká-sú
偷來暗去,thau-lâi-àm-khì
做店面,tsò tiàm-bīn/tsuè tiàm-bīn
偷拈,thau ni
做法,tsò-huat/tsuè-huat
偷咬雞仔,thau-kā-ke-á/thau-kā-kue-á
做客,tsò-kheh/tsuè-kheh
偷看,thau khuànn
偷食,thau tsia̍h
偷食步,thau-tsia̍h-pōo
做風颱,tsò-hong-thai/tsuè-hong-thai
偃倒,ián-tó
做臭人,tsò-tshàu-lâng/tsuè-tshàu-lâng
做陣,tsò-tīn/tsuè-tīn
做鬼,tsò-kuí/tsuè-kuí
假鬼假怪,ké-kuí-ké-kuài
偏偏,phian-phian
偏偏仔,phian-phian-á
健康,kiān-khong
偷掠,thau-lia̍h
做莊,tsò-tsong/tsuè-tsong
假喙齒,ké-tshuì-khí
偷提,thau-the̍h
偷揜,thau-iap
假無意,ké-bô-ì
假痟,ké-siáu
做痢,tsò-lī
停睏,thîng-khùn
副業,hù-gia̍p
停跤,thîng-kha
停電,thîng-tiān
偌爾,guā-nī
剪綹仔,tsián-liú-á
假銀票,ké-gîn-phiò/ké-gûn-phiò
偏僻,phian-phiah
假影,ké-iánn
做瘦氣,tsò-sán-khuì/tsuè-sán-khuì
做親情,tsò-tshin-tsiânn/tsuè-tshin-tsiânn
偏頭,phinn-thâu
做頭,tsò-thâu/tsuè-thâu
做戲,tsò-hì/tsuè-hì
偌濟,guā-tsē/guā-tsuē
做醮,tsò-tsiò/tsuè-tsiò
做議量,tsò-gī-niū/tsuè-gī-niū
做譴損,tsò-khiàn-sńg/tsuè-khiàn-sńg
偷聽,thau thiann
勒,li̍k
動,【白】tāng
動,【文】tōng
務,bū
匏,pû
匙,sî
匾,pián
區,khu
參,tsham
唌【替】,siânn
唬【替】,hóo
唱,【文】tshiàng
唱,【白】tshiùnn
唸,liām
啄【替】,tok
啉【替】,lim
啊【替】,--ah
問,【白】mn̄g
啖【替】,tam
唯一,uî-it
唌人,siânn--lâng
唬人,hóo--lâng
動土,tāng-thóo
動工,tāng-kang
啞口,é-káu
區公所,khu-kong-sóo
動手,tāng-tshiú
啉水,lim tsuí
匏仔,pû-á
參仔,sim-á
參加,tsham-ka
啟示,khé-sī
商行,siong-hâng
參考冊,tsham-khó-tsheh
動作,tōng-tsok
區別,khu-pia̍t
商店,siong-tiàm
動物,tōng-bu̍t
商品,siong-phín
動員,tōng-uân
商展,siong-tián
唬秤頭,hóo-tshìn-thâu
參茸,sim-jiông/sim-liông
啉茶,lim tê
啉酒,lim tsiú
區域,khu-hi̍k
匏桸,pû-hia
動產,tōng-sán
商船,siong-tsûn
商場,siong-tiûnn
啉湯,lim thng
啟發,khé-huat
商量,siong-liông
動搖,tōng-iâu
商業,siong-gia̍p
參詳,tsham-siông
動箸,tāng-tī/tāng-tū
啄鼻仔,tok-phīnn-á
商標,siong-phiau
動機,tōng-ki
動靜,tōng-tsīng
啄龜,tok-ku
啖糝,tām-sám
唱聲,tshiàng-siann
勘驗,kham-giām
啥【替】,siánn
啦【替】,--lah
圇【替】,lun
國,kok
埠,【俗】poo
埤,pi
培【替】,puē
堂,【白】tn̂g
堂,【文】tông
堅,kian
堆,tui
堵,tóo
夠,kàu
娶【替】,tshuā
啥人,siánn-lâng
夠工,kàu-kang
國中,kok-tiong
國內,kok-lāi
堅巴,kian-pa
夠水,kàu-tsuí
基本,ki-pún
夠本,kàu-pún
國立,kok-li̍p
夠用,kàu-īng
基地,ki-tē/ki-tuē
執行,tsip-hîng
堅疕,kian-phí
國防,kok-hông
堅固,kian-kòo
堅定,kian-tīng
國法,kok-huat
執法,tsip-huat
啥物,siánn-mih
堂的,tông--ê
堆肥,tui-puî
基金,ki-kim
堅持,kian-tshî
娶某,tshuā-bóo
堅凍,kian-tàng
圈套,khuan-thò
夠氣,kàu-khuì
堅乾,kian-kuann
堂堂,tông-tông
夠夠,kàu-kàu
啥貨,siánn-huè/siánn-hè
啥款,siánn-khuán
奢華,tshia-hua
娶新娘,tshuā-sin-niû
娶新婦,tshuā-sin-pū
執照,tsip-tsiàu
基督,Ki-tok
基督教,Ki-tok-kàu
培墓,puē-bōng/puē-bōo
國歌,kok-kua
國語,kok-gí/kok-gú
國際,kok-tsè
啥潲,siánn-siâu
培養,puê-ióng
埠頭,poo-thâu
基礎,ki-tshóo
夠額,kàu-gia̍h
奢颺,tshia-iānn
國寶,kok-pó
國籍,kok-tsi̍k
婆,pô
婚,hun
婦,【文】hū
寄,【白】kià
寅,în
密,【白】ba̍t
將,tsiong
將,tsiòng
專,tsuan
婦人人,hū-jîn-lâng/hū-lîn-lâng
婦女,hū-lí/hū-lú
將才,tsiòng-tsâi
專工,tsuan-kang
專心,tsuan-sim
婆仔,pô-á
寄付,kià-hù
寄生仔,kià-senn-á/kià-sinn-á
寄生蟲,kià-senn-thâng/kià-sinn-thâng
婊囝,piáu-kiánn
密告,bi̍t-kò
寄批,kià-phue
將來,tsiong-lâi
婆姐,Pô-tsiá
將近,tsiong-kīn/tsiong-kūn
專門,tsuan-bûn
寄金簿仔,kià-kim-phōo-á
宿怨,siok-uàn
婚約,hun-iok
將軍,tsiong-kun
寄託,kià-thok
密婆,bi̍t-pô
密密,ba̍t-ba̍t
密喌喌,ba̍t-tsiuh-tsiuh
婊間,piáu-king
寄話,kià-uē
寂寞,tsi̍k-bo̍k
密實,ba̍t-tsa̍t
婊頭,piáu-thâu
婚禮,hun-lé
寄藥包,kià-io̍h-pau
專權,tsuan-khuân
屜,thuah
崎【替】,kiā
崩,【白】pang
帶,【文】tài
帶,【白】tuà
張,【白】tiunn
張【替】,tng
強,kiông
得,【文】tik
得,【白】tit
得人疼,tit-lâng-thiànn
得人惜,tit-lâng-sioh
崩山,pang-suann
帶手,tuà-tshiú
屜仔,thuah-á
崎仔,kiā-á
崙仔,lūn-á
得失,tik-sit
常在,tshiâng-tsāi
張老,tiunn-lāu
彩色,tshái-sik
強壯,kiông-tsòng
帶孝,tuà-hà
帶身命,tài-sin-miā
張身勢,tiunn-sin-sè
強制,kiông-tsè
帶念,tài-liām
強押,kiông ah
崇拜,tsông-pài
張持,tiunn-tî
帶桃花,tài-thô-hue
帶病,tài-pēnn/tài-pīnn
帶衰,tài-sue
康健,khong-kiān
常常,siông-siông
強強,kiōng-kiōng
張掇,tiunn-tuah
強欲,kiōng-beh/kiōng-bueh
張鳥鼠,tng niáu-tshí/tng niáu-tshú
強盜,kiông-tō
強硬,kiông-ngē/kiông-ngī
張等,tng-tán
得勢,tit-sè
得意,tik-ì
強搶,kiông-tshiúnn
強摃,kiông-kòng
得罪,tik-tsuē
帶領,tuà-niá
帶膭,tuà-kuī
彩頭,tshái-thâu
強辯,kiông-piān
徙,suá
徛【替】,khiā
從,【白】tsîng
從,【文】tsiông
悾,khong
情,【文】tsîng
惜,【白】sioh
惝【替】,tshíng
戛【替】,khiat
挲,so
捥【替】,ńg
捧,phóng
情人,tsîng-jîn/tsîng-lîn
戛火,khiat-hué/khiat-hé
惜皮,sioh-phuê/sioh-phê
徛名,khiā-miâ
惜囝,sioh-kiánn
徙位,suá-uī
情形,tsîng-hîng
自來,tsū-lâi
從到今,tsîng-kàu-tann
惜命命,sioh-miā-miā
徛泅,khiā-siû
患者,huān-tsiá
徛屏,khiā-pîn
捨施,siá-sì
徛眉,khiā-bâi
情面,tsîng-bīn
惜面皮,sioh bīn-phuê/sioh bīn-phê
徛家,khiā-ke
徙栽,suá-tsai
挲草,so-tsháu
徛起,khiā-khí
悾悾,khong-khong
情理,tsîng-lí
徛票,khiā-phiò
情報,tsîng-pò
徛黃,khiā-n̂g
情勢,tsîng-sè
挲圓,so-înn
挲圓仔湯,so-înn-á-thng
情意,tsîng-ì
悾歁,khong-khám
情義,tsîng-gī
徙跤,suá-kha
徛壽,khiā-siū
悽慘,tshi-tshám
悽慘落魄,tshi-tshám-lo̍k-phik
惜福,sik-hok
徛算,khiā-sǹg
徛算講,khiā-sǹg-kóng
情緒,tsîng-sū
徛衛兵,khiā-uē-ping
徙鋪,suá-phoo
徛燈篙,khiā-ting-ko
徛頭,khiā-thâu
悾闇,khong-am
徛鵝,khiā-gô
悾顛,khong-tian
情願,tsîng-guān
徛靈,khiā-lîng
挲鹽,so-iâm
捲,kńg
捷,【文】tsia̍p
捻【替】,liàm
捻,liām
捽【替】,sut
捾【替】,kuānn
掀,hian
掂【替】,tìm
掃,【白】sàu
掉,tiāu
排,pâi
掖【替】,iā
掘,ku̍t
掛,【文】kuà
掛,【白】khuà
掜【替】,tau
掠,【白】lia̍h
採,tshái
探,thàm
接,【文】tsiap
接,【白】tsih
控【替】,khàng
推,【白】the
推,【文】thui
掩【替】,am
掩,iám
掩【替】,ng
掩【替】,om
掮【替】,khainn
救,kiù
敗,pāi
教,【白】kà
教,【文】kàu
接力,tsih-la̍t
救人,kiù-lâng
捾水,kuānn-tsuí
掛心,khuà-sim
接手,tsiap-tshiú
捲心白,kńg-sim-pe̍h
救火,kiù-hué/kiù-hé
捽仔,sut-á
掘仔,ku̍t-á
教冊,kà-tsheh
救世主,kiù-sè-tsú
掠包,lia̍h-pau
排斥,pâi-thik
敗市,pāi-tshī
採用,tshái-iōng
教示,kà-sī
捽目尾,sut-ba̍k-bué/sut-ba̍k-bé
掠交替,lia̍h-kau-thè/lia̍h-kau-thuè
排列,pâi-lia̍t
掛名,kuà-miâ
推行,thui-hîng
救兵,kiù-ping
救助,kiù-tsōo
掠沙筋,lia̍h-sua-kin/lia̍h-sua-kun
掠狂,lia̍h-kông
教育,kàu-io̍k
敏豆,bín-tāu
接受,tsiap-siū
掠兔仔,lia̍h-thòo-á
掠坦橫,lia̍h-thán-huâinn/lia̍h-thán-huînn
掃帚,sàu-tshiú
教官,kàu-kuann
掃帚星,sàu-tshiú-tshenn/sàu-tshiú-tshinn
接枝,tsiap-ki
掠直,lia̍h-ti̍t
掠長補短,lia̍h-tn̂g-póo-té
掩咯雞,ng-ko̍k-ke/ng-ko̍k-kue
接待,tsiap-thāi
救星,kiù-tshenn/kiù-tshinn
教員,kàu-uân
掩崁,am-khàm
敗害,pāi-hāi
敗家,pāi-ke
教師,kàu-su
掃梳,sàu-se/sàu-sue
掃梳笒仔,sàu-se-gím-á/sàu-sue-giám-á
接納,tsiap-la̍p
掖秧仔,iā ng-á
教訓,kàu-hùn
接骨,tsiap-kut
排骨酥,pâi-kut-soo
掠做,lia̍h-tsò/lia̍h-tsuè
教務,kàu-bū
捷捷,tsia̍p-tsia̍p
接接,tsih-tsiap
敏捷,bín-tsia̍t
教授,kàu-siū
掩掩揜揜,ng-ng-iap-iap
捾桶仔,kuānn-tháng-á
排球,pâi-kiû
探訪,thàm-hóng
接喙,tsiap-tshuì
救援,kiù-uān
推測,thui-tshik
掛牌,kuà-pâi
掠猴,lia̍h-kâu
掠無頭摠,lia̍h-bô-thâu-tsáng
掠痧,lia̍h-sua
掠筋,lia̍h-kin/lia̍h-kun
敗腎,pāi-sīn
推進,thui-tsìn
排隊,pâi-tuī
掃塗跤,sàu thôo-kha
掛意,khuà-ì
掠準,lia̍h-tsún
排解,pâi-kái
接跤,tsiap-kha
捷運,tsia̍t-ūn
接載,tsih-tsài
掃墓,sàu-bōng/sàu-bōo
探墓厝,thàm-bōng-tshù/thàm-bōo-tshù
掠漏,lia̍h-lāu
掖種,iā-tsíng
敗價,pāi-kè
推廣,thui-kóng
掛慮,khuà-lī/khuà-lū
推撨,tshui-tshiâu
推論,thui-lūn
推銷,thui-siau
教學,kàu-ha̍k
掠篙泅,lia̍h-ko-siû
探親,thàm-tshin
探頭,thàm-thâu
掠龍,lia̍h-lîng
掠龜走鱉,lia̍h-ku-tsáu-pih
掠龍的,lia̍h-lîng--ê
捲螺仔風,kńg-lê-á-hong
捲螺仔旋,kńg-lê-á-tsn̄g
採購,tshái-kòo
捲薰,kńg-hun
掛礙,khuà-gāi
推辭,the-sî
接觸,tsiap-tshiok
接續,tsiap-sio̍k
救護,kiù-hōo
敗露,pāi-lōo
救護車,kiù-hōo-tshia
探聽,thàm-thiann
斜,【白】tshiâ
斜【替】,tshua̍h
旋【替】,tsn̄g
旋【替】,suan
族,tso̍k
晝,【白】tàu
晡,poo
望,【白】bāng
望,【文】bōng
桮【替】,pue
桱,kènn/kìnn
桶,tháng
桷【替】,kak
桸【替】,hia
桿,kuáinn
梅,【白】muê/m̂
桱仔,kènn-á/kìnn-á
桶仔,tháng-á
桷仔,kak-á
梅仔,muê-á/m̂-á
梅仔餅,muê-á-piánn/m̂-á-piánn
斜目,tshiâ-ba̍k
斜角,tshua̍h-kak
梅花,muî-hue
桶柑,tháng-kam
梁柱,niû-thiāu
梅毒,muî-to̍k
桶捾,tháng-kuānn
桶筍,tháng-sún
斜視,siâ-sī
桶箍,tháng-khoo
桶蓋,tháng-kuà
桶盤,tháng-puânn
族親,tso̍k-tshin
旋藤,suan-tîn
族譜,tso̍k-phóo
條,liâu
條,tiâu
梢【替】,sau
梨,【白】lâi
梯,【白】thui
欲【替】,beh/bueh
欶,suh
欸【替】,--eh
殺,sat
液【替】,sio̍h
涼,【文】liâng
欶水,suh tsuí
殺手,sat-tshiú
涼水,liâng-tsuí
梨仔,lâi-á
棄世,khì-sè
欶奶,suh ling/suh ni
殺生,sat-sing
條件,tiâu-kiānn
欲死欲活,beh-sí-beh-ua̍h/bueh-sí-bueh-ua̍h
欲呢,beh-nî/bueh-nî
條直,tiâu-ti̍t
欲知,beh-tsai/bueh-tsai
涵空,âm-khang
涼亭,liâng-tîng
條約,tiâu-iok
涼風,liâng-hong
殺害,sat-hāi
梧桐,ngôo-tông
殺氣,sat-khì
梢梢,sau-sau
涼傘,niû-suànn
條款,tiâu-khuán
梟雄,hiau-hiông
涼勢,liâng-sè
棄嫌,khì-hiâm
欲暗仔,beh-àm-á/bueh-àm-á
涵溝,âm-kau
欶管,suh-kóng
梢聲,sau-siann
棄權,khì-khuân
淋,【白】lâm
淘,tô
淚,luī
深,tshim
淹,im
淺,【文】tshián
添,【文】thiam
添,【白】thinn
清,【文】tshing
烰【替】,phû
添丁,thiam-ting
淑女,siok-lí/siok-lú
淮山,huâi-san
淹大水,im-tuā-tsuí
深井,tshim-tsénn/tshim-tsínn
淋水,lâm-tsuí
淡水,Tām-tsuí
淹水,im-tsuí
清心,tshing-sim
清水,tshing-tsuí
清火,tshing-hué/tshing-hé
清白,tshing-pi̍k
深交,tshim-kau
混合,hūn-ha̍p
淹死,im--sí
淺色,tshián-sik
深坑,tshim-khenn/tshim-khinn
清秀,tshing-siù
淺見,tshián-kiàn
深刻,tshim-khik
深夜,tshim-iā
淺拖仔,tshián-thua-á
添油香,thiam-iû-hiunn
清芳,tshing-phang
淋雨,lâm-hōo
深度,tshim-tōo
清幽,tshing-iu
淨香,tsīng-hiunn
清氣,tshing-khì
清氣相,tshing-khì-siùnn
淺眠,tshián-bîn
清茶,tshing-tê
清酒,tshing-tsiú
深淺,tshim-tshián
清淨,tshing-tsīng
深造,tshim-tsō
淪陷,lûn-hām
清單,tshing-tuann
清寒,tshing-hân
添粧,thiam-tsng
清閒,tshing-îng
添飯,thinn-pn̄g
淫亂,îm-luān
混亂,hūn-luān
淺想,tshián-siūnn
清廉,tshing-liâm
添話,thinn-uē
添福壽,thiam-hok-siū
清數,tshing-siàu
清潔,tshing-kiat
清糜,tshing-muê/tshing-bê
淡薄仔,tām-po̍h-á
焐【替】,ù
爽,【文】sóng
牽,【白】khan
圈【替】,khian
犁,lê
猛,【文】bíng
猛,【白】mé
猜,tshai
現,hiàn
現,hiān
球,kiû
牽亡,khan-bông
牽公,khan-kong
牽手,khan-tshiú
牽牛,khan-gû
猛火,mé-hué/mé-hé
圈仔,khian-á
現世,hiān-sì
現代,hiān-tāi
犁田,lê-tshân
牽成,khan-sîng
現此時,hiān-tshú-sî
牽尪姨,khan-ang-î
爽快,sóng-khuài
牽車,khan-tshia
牽抾,khan-khioh
牽拖,khan-thua
現拄現,hiān-tú-hiān
牽的,khan--ê
現金,hiān-kim
現流仔,hiān-lâu-á
牽師仔,khan sai-á
牽挽,khan-bán
牽核仔,khan-ha̍t-á
牽粉,khan-hún
牽罟,khan-koo
現胸,hiàn-hing
猛將,bíng-tsiòng
球桮,kiû-pue
現現,hiān-hiān
牽連,khan-liân
現場,hiān-tiûnn
球場,kiû-tiûnn
牽猴仔,khan-kâu-á
牽絲,khan-si
現象,hiān-siōng
球間,kiû-king
猜想,tshai-sióng
現實,hiān-si̍t
猜疑,tshai-gî
球箠,kiû-tshuê/kiû-tshê
牽線,khan-suànn
牽豬哥,khan-ti-ko/khan-tu-ko
球鞋,kiû-ê/kiû-uê
猛醒,mé-tshénn/mé-tshínn
球賽,kiû-sài
猛獸,bíng-siù
牽羹,khan-kenn/khan-kinn
牽羅經,khan-lô-kenn/khan-lô-kinn
牽藤,khan-tîn
理,lí
瓶,pân
瓷【替】,huî
甜,tinn
產,sán
疏,【白】se
疏,【文】sòo
痔,tī
痕,hûn
盒,【白】a̍h
盒,【文】a̍p
盛,sīng
眯,bî
眵【替】,tshuh
眷,kuàn
眼,【文】gán
眼力,gán-li̍k
眾人,tsìng-lâng
瓷仔,huî-á
略仔,lio̍h-á
盒仔,a̍p-á
瓷仔店,huî-á-tiàm
盒仔餅,a̍p-á-piánn
甜瓜,tinn-kue
眵目,tshuh-ba̍k
眼光,gán-kong
產地,sán-tē/sán-tuē
甜豆,tinn-tāu
甜言蜜語,tinn-giân-bi̍t-gí/tinn-giân-bi̍t-gú
理事,lí-sū
異性,ī-sìng
疏忽,soo-hut
眼前,gán-tsiân
眼科,gán-kho
硃砂痣,tsu-se-kì
眼神,gán-sîn
甜粅粅,tinn-but-but
甜茶,tinn-tê
理財,lí-tsâi
產婆,sán-pô
產婦,sán-hū
眵眵,tshuh-tshuh
略略仔,lio̍h-lio̍h-á
甜湯,tinn-thng
疏開,soo-khai
產業,sán-gia̍p
理解,lí-kái
痕跡,hûn-jiah/hûn-liah
甜路,tinn-lōo
甜粿,tinn-kué/tinn-ké
甜蜜,tinn-bi̍t
疏遠,soo-uán
痔瘡,tī-tshng
理論,lí-lūn
疏櫳,se-lang
眷屬,kuàn-sio̍k
票,【白】phiò
祭,tsè
窒【替】,that
章,【文】tsiong
章,【白】tsiunn
笠,【白】le̍h
符,hû
笨,pūn
第,tē/tuē
笱【替】,kô
第一,tē-it/tuē-it
祭文,tsè-bûn
窒仔,that-á
笠仔,le̍h-á
符仔,hû-á
祧仔內,thiāu-á-lāi
移民,î-bîn
符合,hû-ha̍p
符咒,hû-tsiù
祭孤,tsè-koo
祭祀,tsè-sū
窒倒街,that-tó-ke/that-tó-kue
祭祖,tsè-tsóo
移動,î-tōng
窒喙空,that-tshuì-khang
竟然,kìng-jiân/kìng-liân
章程,tsiong-thîng
符號,hû-hō
硫磺,liû-hông
祭獻,tsè-hiàn
粒,lia̍p
粕,【白】phoh
粗,tshoo
紩【替】,thīnn
紬,thiu
紮,【白】tsah
紮,【文】tsat
細,sè/suè
紲【替】,suà
紺,khóng
絃,hiân
組,tsoo
絆,【白】puànn
缽,【白】puah
羞【替】,tshiu
統一,thóng-it
粗人,tshoo-lâng
粗工,tshoo-kang
紳士,sin-sū
紹介,siāu-kài
紲手,suà-tshiú
粒仔,lia̍p-á
絃仔,hiân-á
粗布,tshoo-pòo
紮布,tsah-pòo
粗用,tshoo-īng
細囝,sè-kiánn/suè-kiánn
組合,tsoo-ha̍p
紺色,khóng-sik
細位,sè-uī/suè-uī
終身,tsiong-sin
細叔,sè-tsik/suè-tsik
粗坯,tshoo-phue/tshoo-phe
紲拍,suà-phah
粗俗,tshoo-sio̍k
粗勇,tshoo-ióng
粗俗物仔,tshoo-sio̍k-mih-á
粗俗貨,tshoo-sio̍k-huè/tshoo-sio̍k-hè
細姨,sè-î/suè-î
粗穿,tshoo-tshīng
粗重,tshoo-tāng
紩衫,thīnn-sann
統計,thóng-kè
粗紙,tshoo-tsuá
粗桶,tshoo-tháng
粗瓷,tshoo-huî
粕粕,phoh-phoh
細粒子,sè-lia̍p-tsí/suè-lia̍p-tsí
紲喙,suà-tshuì
紲喙尾,suà-tshuì-bué/suà-tshuì-bé
細菌,sè-khún/suè-khún
粗菜便飯,tshoo-tshài piān-pn̄g
紲落去,suà--lo̍h-khì
粗飽,tshoo-pá
習慣,si̍p-kuàn
細漢,sè-hàn/suè-hàn
粗魯,tshoo-lóo
粒積,lia̍p-tsik
累積,luí-tsik
細膩,sè-jī/suè-lī
紹興酒,siāu-hing-tsiú
紮錢,tsah tsînn
組頭,tsoo-thâu
粗糠,tshoo-khng
細聲,sè-siann/suè-siann
組織,tsoo-tsit
脣,tûn
脫,【文】thuat
脫【替】,thu̍t
脯,póo
舂,tsing
船,tsûn
莊,【白】tsng
舵公,tāi-kong
脫手,thuat-tshiú
耞仔,kénn-á/kínn-á
船主,tsûn-tsú
船仔,tsûn-á
荷包,hâ-pau
舂米,tsing-bí
舂臼,tsing-khū
船尾,tsûn-bué/tsûn-bé
脫走,thuat-tsáu
脫身,thuat-sin
船員,tsûn-uân
脯脯,póo-póo
聊聊仔,liâu-liâu-á
船期,tsûn-kî
脫種,thuat-tsíng
船廠,tsûn-tshiúnn
脫箠,thut-tshuê/thut-tshê
脫線,thuat-suànn
脫輪,thu̍t-lûn
船艙,tsûn-tshng
船頭,tsûn-thâu
脫離,thuat-lī
莊嚴,tsong-giâm
荷蘭豆,huê-liân-tāu
莢,ngeh
莫,bo̍k
莫【替】,mài
蚵【替】,ô
蚶,ham
蛀,【白】tsiù
蛆,tshi/tshu
蛇,【白】tsuâ
處方,tshú-hng
蚵仔,ô-á
蚶仔,ham-á
蚵仔煎,ô-á-tsian
蚵仔麵線,ô-á-mī-suànn
蛇瓜,tsuâ-kue
處份,tshú-hūn
莫怪,bo̍k-kuài
莫非,bo̍k-hui
蚵炱,ô-te
處理,tshú-lí
莧菜,hīng-tshài
處置,tshú-tì
處罰,tshú-hua̍t
蛀鼻,tsiù-phīnn
蛀齒,tsiù-khí
蛀龜仔,tsiù-ku-á
莫講,mài-kóng
蛀蟲,tsiù-thâng
術【替】,su̍t
術,su̍t
袋,【白】tē
袚【替】,phua̍h
被,【文】pī
被,【白】phuē/phē
規,kui
覓【替】,bā
覓【替】,māi
訣,kuat
設,siat
豉【替】,sīnn
規个,kui-ê
規千萬,kui-tshing-bān
規心,kui-sim
規爿,kui-pîng
袋仔,tē-á
規世人,kui-sì-lâng
許可,hí-khó/hú-khó
設立,siat-li̍p
規年迵天,kui-nî-thàng-thinn
歸尾,kui-bué/kui-bé
設局,siat-kio̍k
規身軀,kui-sin-khu
規定,kui-tīng
規則,kui-tsik
規律,kui-lu̍t
設施,siat-si
設計,siat-kè
規面,kui bīn
規氣,kui-khì
規矩,kui-kí/kui-kú
規陣,kui-tīn
訪問,hóng-būn
規堆,kui-tui
設備,siat-pī
被單,phuē-tuann/phē-tuann
設想,siat-sióng
規腹火,kui-pak-hué/kui-pak-hé
規路,kui-lōo
豉膎,sīnn-kê/sīnn-kuê
規模,kui-bôo
設緣投,siat-iân-tâu
鴟鴞,bā-hio̍h
袚鍊,phua̍h-liān
被囊,phuē-lông/phē-lông
豉鹽,sīnn-iâm
貨,【白】huè/hè
販,【文】huàn
販,【白】phuànn
貪,tham
貫,【白】kǹg
赦,sià
趼【替】,lan
跂【替】,kué/ké
軟,【白】nńg
透,【白】thàu
逐,【白】jiok/lip
逐,【白】ta̍k
途,tôo
這【替】,tse
這【替】,tsit
通,【白】thang
通,【文】thong
逝,tsuā
逞,thíng
造,tsō
連,【文】liân
軟𩛩𩛩,nńg-kauh-kauh
軟㽎㽎,nńg-sìm-sìm
逐个,ta̍k ê
透中晝,thàu-tiong-tàu
貪心,tham-sim
軟心,nńg-sim
透日,thàu-ji̍t/thàu-li̍t
逐日,ta̍k-ji̍t/ta̍k-li̍t
造化,tsō-huà
造反,tsō-huán
透心涼,thàu-sim-liâng
貨主,huè-tsú/hè-tsú
販仔,huàn-á
透世人,thàu-sì-lâng
這世人,tsit-sì-lâng
販仔白,huàn-á-pe̍h
通用,thong-iōng
責任,tsik-jīm/tsik-līm
通光,thang-kng
連回,liân-huê
透年,thàu-nî
逐年,ta̍k-nî
透早,thàu-tsá
貧血,pîn-hiat
貨色,huè-sik/hè-sik
赦免,sià-bián
貨尾,huè-bué/hè-bé
透尾,thàu-bué/thàu-bé
通批,thong-phue
軟汫,nńg-tsiánn
貨底,huè-té/hè-tué
貪官汙吏,tham-kuann-ù-lī
通知,thong-ti
透雨,thàu-hōo
通姦,thong-kan
速度,sok-tōo
透流,thàu-lâu
貪食,tham-tsia̍h
透風,thàu-hong
通風,thang-hong
販厝,huàn-tshù
逐家,ta̍k-ke
軟弱,luán-jio̍k/luán-lio̍k
通書,thong-su
這站,tsit-tsām
貨草,huè-tsháu/hè-tsháu
軟荍荍,nńg-siô-siô
貪財,tham-tsâi
貫針,kǹg-tsiam
軟骨,nńg-kut
這陣,tsit-tsūn
這馬,tsit-má
通常,thong-siông
軟晡,nńg-poo
連累,liân-luī
連紲,liân-suà
貨船,huè-tsûn/hè-tsûn
販貨,phuànn-huè/phuànn-hè
責備,tsik-pī
通報,thong-pò
貧惰,pîn-tuānn
貧惰骨,pîn-tuānn-kut
軟絲仔,nńg-si-á
軟塗深掘,nńg-thôo-tshim-ku̍t
這搭,tsit-tah
透暗,thàu-àm
逐暗,ta̍k-àm
赦罪,sià-tsuē
跂跤,kué kha/ké kha
軟跤,nńg-kha
造話,tsō-uē
軟跤蝦,nńg-kha-hê
貧道,pîn-tō
這過,tsit-kuè/tsit-kè
通過,thong-kuè/thong-kè
造路,tsō-lōo
通鼓,thong-kóo
透暝,thàu-mê/thàu-mî
造福,tsō-hok
軟膏膏,nńg-kô-kô
逍遙,siau-iâu
貨樣,huè-iūnn/hè-iūnn
通緝,thong-tsi̍p
販賣,huàn-bē/huàn-buē
貨頭,huè-thâu/hè-thâu
連環,liân-khuân
這聲,tsit-siann
這點仔,tsit-tiám-á
逐擺,ta̍k-pái
連鞭,liâm-mi
軟轎,nńg-kiō
通譯,thong-i̍k
連續,liân-sio̍k
貪戀,tham-luân
部,pōo
部【替】,phō
都,【白】to
野,iá
釣,【白】tiò
釧,tshuan
閉,pì
陪,puê
陰,【文】im
陵【替】,niā
陷,hām
雪,【白】seh
雪,【文】suat
頂,tíng
頂𦜆,tíng-ham
部下,pōo-hā
頂下,tíng-ē
陳三五娘,Tân-sann-Gōo-niû
部份,pōo-hūn
頂勻,tíng-ûn
野心,iá-sim
雪文,sap-bûn
頂手,tíng-tshiú
頂日,tíng-ji̍t/tíng-li̍t
頂月,tíng-gue̍h/tíng-ge̍h
頂月日,tíng gue̍h-ji̍t/tíng ge̍h-li̍t
頂日仔,tíng-ji̍t-á/tíng-li̍t-á
雪文粉,sap-bûn-hún
頂世人,tíng-sì-lâng
雪仔柑,seh-á-kam
頂冬,tíng-tang
頂司,tíng-si
頂半身,tíng-puànn-sin
頂半暝,tíng-puànn-mê/tíng-puànn-mî
都市,too-tshī
野生,iá-sing
都合,too-ha̍p
陰地,im-tē/im-tuē
部位,pōo-uī
陪伴,puê-phuānn
陷坑,hām-khenn/hām-khinn
野味,iá-bī
野性,iá-sìng
頂肱骨,tíng-kong-kut
部長,pōo-tiúnn
閉思,pì-sù
頂面,tíng-bīn
陷害,hām-hāi
陷眠,hām-bîn
頂真,tíng-tsin
野馬,iá-bé
陳情,tîn-tsîng
陰桮,im-pue
頂晡,tíng-poo
野球,iá-kiû
粟鳥仔,tshik-tsiáu-á
釣魚翁,tiò-hî-ang/tiò-hû-ang
雀斑,tshiok-pan
頂替,tíng-thè/tíng-thuè
頂港,tíng-káng
陰間,im-kan
陰陽,im-iông
部落,pōo-lo̍k
頂落,tíng-lo̍h
頂腹蓋,tíng-pak-kuà
頂過,tíng-kuè/tíng-kè
釣鉤,tiò-kau
陪綴,puê-tuè/puê-tè
釣餌,tiò-jī/tiò-lī
陰魂,im-hûn
陰德,im-tik
頂層,tíng-tsàn
頂輩,tíng-puè
陰鴆,im-thim
陰曆,im-li̍k
陸橋,lio̍k-kiô
陰謀,im-bôo/im-biô
頂頭,tíng-thâu
頂幫,tíng-pang
頂擺,tíng-pái
野雞仔車,iá-ke-á-tshia/iá-kue-á-tshia
野獸,iá-siù
頂懸,tíng-kuân
野蠻,iá-bân
魚,【白】hî/hû
鳥,【白】tsiáu
鹿,lo̍k
麥,be̍h
麻,bâ
麻,【白】muâ
魚丸,hî-uân/hû-uân
魚子,hî-tsí/hû-tsí
麥片,be̍h-phìnn
鳥仔,tsiáu-á
鹿仔,lo̍k-á
麥仔,be̍h-á
魚仔市,hî-á-tshī/hû-á-tshī
鳥仔岫,tsiáu-á-siū
麥仔茶,be̍h-á-tê
麥仔酒,be̍h-á-tsiú
鳥仔踏,tsiáu-á-ta̍h
麻布,muâ-pòo
魚池,hî-tî/hû-tî
麻竹,muâ-tik
麻竹筍,muâ-tik-sún
魚肝油,hî-kuann-iû/hû-kuann-iû
鹿角,lo̍k-kak
魚刺,hî-tshì/hû-tshì
魚拊,hî-hú/hû-hú
麻油,muâ-iû
麻油酒,muâ-iû-tsiú
麻虱目,muâ-sat-ba̍k
麥芽膏,be̍h-gê-ko
麥芽糖,be̍h-gê-thn̂g
麻衫,muâ-sann
麻射,bâ-siā
魚栽,hî-tsai/hû-tsai
魚翅,hî-tshì/hû-tshì
麻索,muâ-soh
鹿茸,lo̍k-jiông/lo̍k-liông
鳥梨仔,tsiáu-lâi-á
魚脯,hî-póo/hû-póo
麻袋,muâ-tē
麻雀,muâ-tshiok
麻雀子仔,muâ-tshiok-jí-á/muâ-tshiok-lí-á
魚釣仔,hî-tiò-á/hû-tiò-á
魚塭,hî-ùn/hû-ùn
麻痺,bâ-pì
鳥銃,tsiáu-tshìng
鳥鼠,niáu-tshí/niáu-tshú
鳥鼠仔冤,niáu-tshí-á-uan/niáu-tshú-á-uan
鳥鼠仔症,niáu-tshí-á-tsìng/niáu-tshú-á-tsìng
鳥鼠張,niáu-tshí-tng/niáu-tshú-tng
鳥鼠擗仔,niáu-tshí-phia̍k-á/niáu-tshú-phia̍k-á
鳥鼠觸仔,niáu-tshí-tak-á/niáu-tshú-tak-á
魚網,hî-bāng/hû-bāng
魚餌,hî-jī/hû-lī
麻糍,muâ-tsî
麻醉,bâ-tsuì
鳥擗仔,tsiáu-phia̍k-á
魚頭,hî-thâu/hû-thâu
魚臊,hî-tsho/hû-tsho
魚鮮,hî-tshinn/hû-tshinn
魚藤,hî-tîn/hû-tîn
麻藥,bâ-io̍h
魚鰓,hî-tshi/hû-tshi
魚鰾,hî-piō/hû-piō
魚鱗,hî-lân/hû-lân
魚鱗𤺅仔,hî-lân-tshè-á/hû-lân-tshè-á
麻粩,muâ-láu
傍,【白】pn̄g
傘,【白】suànn
傑出,kia̍t-tshut
備查,pī-tsa
傀儡,ka-lé
傀儡戲,ka-lé-hì
割,【白】kuah
創,tshong
創,tshòng
勞,lô
博,phok
啼,thî
喀【替】,khe̍nnh
喂【替】,--eh
喂【替】,--ueh
喃【替】,nauh
善,siān
喈【替】,kainn
喊【替】,hiàm
喋【替】,thi̍h
喌【替】,tsû
喓【替】,iaunn
喔,--ooh
喘,tshuán
喙,tshuì
喝,【白】huah
喢【替】,sannh
喙䫌,tshuì-phué
勞力,lóo-la̍t
勞力,lô-li̍k
勞工,lô-kang
博士,phok-sū
喙口,tshuì-kháu
喙下斗,tshuì-ē-táu
喘大氣,tshuán-tuā-khuì
勞心,lô-sim
喙斗,tshuì-táu
喙水,tshuì-suí
割包,kuah-pau
喇叭,lá-pah
喙白,tshuì-pe̍h
割肉,kuah-bah
喙舌,tshuì-tsi̍h
勝利,sìng-lī
喙尾,tshuì-bué/tshuì-bé
善男信女,siān-lâm-sìn-lí/siān-lâm-sìn-lú
善良,siān-liông
喙角,tshuì-kak
喜帖,hí-thiap
創治,tshòng-tī
博物,phok-bu̍t
博物館,phok-bu̍t-kuán
創空,tshòng-khang
喙空,tshuì-khang
喙花,tshuì-hue
割金,kuah-kim
喝咻,huah-hiu
喝玲瑯,huah-lin-long
割香,kuah-hiunn
啼哭,thî-khàu
喝拳,huah-kûn
喘氣,tshuán-khuì
割耙,kuah-pē
喙臭,tshuì-tshàu
喜酒,hí-tsiú
勞動,lô-tōng
喙脣,tshuì-tûn
喙脣皮,tshuì-tûn-phuê/tshuì-tûn-phê
割貨,kuah-huè/kuah-hè
創造,tshòng-tsō
喝魚仔,huah-hî-á/huah-hû-á
割喉,kuah-âu
啼啼哭哭,thî-thî-khàu-khàu
創景,tshòng-kíng
喙殘,tshuì-tsuânn
喙焦,tshuì-ta
博愛,phok-ài
創業,tshòng-gia̍p
喉滇,âu-tīnn
勞煩,lô-huân
喀痰,khe̍nnh thâm
喙罨,tshuì-am
喙箍,tshuì-khoo
割價,kuah-kè
喜劇,hí-kio̍k
喑噁,ìnn-ònn
割稻仔,kuah-tiū-á
割稻仔尾,kuah-tiū-á-bué/kuah-tiū-á-bé
喙齒,tshuì-khí
喙齒根,tshuì-khí-kin/tshuì-khí-kun
創辦,tshòng-pān
創舉,tshòng-kí/tshòng-kú
喉韻,âu-ūn
喙瀾,tshuì-nuā
喉鐘,âu-tsing
喙鬚,tshuì-tshiu
喨【替】,liang
單,【白】tuann
圍,uî
堪,kham
報,pò
場,【白】tiûnn
壺,【文】hôo
壺,【白】ôo
圍巾,uî-kin/uî-kun
單元,tan-guân
報仇,pò-siû
喨仔,liang-á
喪失,sòng-sit
場合,tiûnn-ha̍p
單位,tan-uī
報告,pò-kò
單身,tuann-sin
喪事,song-sū
報到,pò-tò
場所,tiûnn-sóo
場面,tiûnn-bīn
報冤,pò-uan
報恩,pò-un
單純,tan-sûn
報紙,pò-tsuá
報馬仔,pò-bé-á
單逝,tuann-tsuā
報復,pò-ho̍k
圍棋,uî-kî
報答,pò-tap
單跤手,tuann-kha-tshiú
報數,pò-siàu
報銷,pò-siau
單獨,tan-to̍k
報頭,pò-thâu
圍牆,uî-tshiûnn
圍軀裙,uî-su-kûn
圍爐,uî-lôo
媌【替】,bâ
媠【替】,suí
富,【白】pù
寒,【白】kuânn
寒【替】,gân
尊,tsun
尋,【白】siâm
就,tsiū
就【替】,tō
媒人,muê-lâng/hm̂-lâng
寒人,kuânn--lâng
媒人公,muê-lâng-kong/hm̂-lâng-kong
媒人婆,muê-lâng-pô/hm̂-lâng-pô
媒人喙,muê-lâng-tshuì/hm̂-lâng-tshuì
媒人禮,muê-lâng-lé/hm̂-lâng-lé
富戶,hù-hōo
寒天,kuânn-thinn
媌仔,bâ-á
媠色,suí-sik
尊長,tsun-tióng
就近,tsiū-kīn/tsiū-kūn
就是,tō sī
就按呢,tsiū-án-ne
寒流,hân-liû
寒衫,kuânn-sann
尊重,tsun-tiōng
媠氣,suí-khuì
富強,hù-kiông
寒著,kuânn--tio̍h
富貴,hù-kuì
尊貴,tsun-kuì
尊敬,tsun-kìng
富裕,hù-jū/hù-lū
尊稱,tsun-tshing
寒熱,kuânn-jua̍h/kuânn-lua̍h
寒熱仔,kuânn-jia̍t-á/kuânn-lia̍t-á
媠噹噹,suí-tang-tang
尊嚴,tsun-giâm
帽,bō
幅,【白】pak
幾,【白】kuí
循,sūn
幾工,kuí kang
帽仔,bō-á
悲哀,pi-ai
幾若,kuí-nā
幾若工,kuí-nā kang
復原,ho̍k-guân
復習,ho̍k-si̍p
悶悶,būn-būn
悲傷,pi-siong
悲慘,pi-tshám
悲劇,pi-kio̍k
復興,ho̍k-hing
循環,sûn-khuân
復職,ho̍k-tsit
悲觀,pi-kuan
惡,ok
惱,【文】lóo
愖【替】,sīm
愣【替】,gāng
捶,tuî
掌,【文】tsióng
掌,【白】tsiúnn
掔【替】,khian
掣,【白】tshuah
掰【替】,pué
揀,【白】kíng
揈,hong
揉,jiû/liû
擗【替】,phia̍k
揌【替】,sai
揍【替】,bok
描,【白】biô
提,thê
提【替】,the̍h
插,【白】tshah
插,【文】tshap
插一跤,tshap-tsi̍t-kha
惡人,ok-lâng
插手,tshap-tshiú
捶心肝,tuî-sim-kuann
掰手面,pué-tshiú-bīn
插代誌,tshap tāi-tsì
提出,thê-tshut
提名,thê-miâ
提防,thê-hông
提供,thê-kiong
惡性,ok-sìng
提拔,thê-pua̍t
插枝,tshah-ki
插花,tshah-hue
插花仔,tshah-hue-á
惡毒,ok-to̍k
掣流,tshuah-lâu
揀食,kíng-tsia̍h
提案,thê-àn
惱氣,lóo-khì
插班,tshah-pan
插胳,tshah-koh
揀茶,kíng-tê
提起,thê-khí
惡馬,ok-bé
插喙,tshap-tshuì
插喙插舌,tshap-tshuì-tshap-tsi̍h
惡報,ok-pò
掌握,tsióng-ak
插牌,tshap-pâi
揀菜,kíng-tshài
掰開,pué-khui
插話,tshah-uē
描寫,biô-siá
插潲,tshap-siâu
惡確確,ok-khia̍k-khia̍k
提親,thê-tshin
提醒,thê-tshénn/thê-tshínn
提頭,thê-thâu
插頭,tshah-thâu
插雜,tshap-tsa̍p
提議,thê-gī
惡霸,ok-pà
掌權,tsióng-khuân
換,uānn
揜【替】,iap
握,【白】ak
揣【替】,tshuē/tshē
揬,tu̍h
揲【替】,tia̍p
揹【替】,phāinn
摒【替】,piànn
敢,【文】kám
敢,【白】kánn
散,【文】sán
散,【文】sàn
散,【白】suánn
散,【白】suànn
敧,khi
敨,tháu
景,kíng
散工,suànn-kang
散工,suánn-kang
散凶,sàn-hiong
散凶人,sàn-hiong-lâng
敨中氣,tháu tiong-khuì
換手,uānn-tshiú
握手,ak-tshiú
散文,suànn-bûn
斯文,su-bûn
敢毋是,kám m̄ sī
散仙,suànn-sian
摒本,piànn-pún
敢有,kám ū
敢死,kánn-sí
景色,kíng-sik
援助,uān-tsōo
揜尾狗,iap-bué-káu/iap-bé-káu
散形,suànn-hîng
散赤,sàn-tshiah
換帖的,uānn-thiap--ê
換紅,uānn-âng
敢若,kánn-ná
散食人,sàn-tsia̍h-lâng
敨氣,tháu-khuì
景氣,kíng-khì
散陣,suànn-tīn
散鬼,sàn-kuí
斑馬,pan-bé
斑馬線,pan-má-suànn
換做,uānn-tsò/uānn-tsuè
摒掃,piànn-sàu
散票,suánn-phiò
敢通,kám thang
普通,phóo-thong
摒貨底,piànn-huè-té/piànn-hè-tué
普普仔,phóo-phóo-á
普渡,phóo-tōo
敨開,tháu--khui
散會,sàn-huē
換準,uānn-tsún
斑節蝦,pan-tsat-hê
普遍,phóo-phiàn
智慧,tì-huī
景緻,kíng-tì
散賣,suánn-bē/suánn-buē
換鋪,uānn-phoo
散學,suànn-o̍h
揣頭路,tshuē thâu-lōo/tshē thâu-lōo
敢講,kám-kóng
斑鴿,pan-kah
智識,tì-sik
晾【替】,nê
替,thè/thuè
朝,tiâu
期,kî
棉,【白】mî
棋,kî
棕,tsang
棗,tsó
棚,【白】pênn/pînn
棟,【文】tòng
椅,í
棋子,kî-jí/kî-lí
替手,thè-tshiú/thuè-tshiú
棺木,kuan-bo̍k
朝代,tiâu-tāi
棉仔,mî-á
棍仔,kùn-á
棗仔,tsó-á
椅仔,í-á
棑仔頭,pâi-á-thâu
替身,thè-sin/thuè-sin
最後,tsuè-āu
期待,kî-thāi
椅苴,í-tsū
期限,kî-hān
棺柴,kuann-tshâ
椅桌,í-toh
棉紗,mî-se
暑假,sú-ká
椅條,í-liâu
棒球,pāng-kiû
替換,thè-uānn/thuè-uānn
棕筅仔,tsang-tshíng-á
期間,kî-kan
棉裘,mî-hiû
椅墊仔,í-tiām-á
棕蓑,tsang-sui
棋盤,kî-puânn
椅頭仔,í-thâu-á
棉襀,mî-tsioh
棉襀被,mî-tsioh-phuē/mî-tsioh-phē
椅轎,í-kiō
棕鑢仔,tsang-lù-á
椏【替】,ue
欺,khi
款,【文】khuán
款,【白】khuánn
殕,phú
殼,【白】khak
毯,thán
減,kiám
渡,tōo
渧【替】,tè
渡口,tōo-kháu
毯仔,thán-á
殼仔絃,khak-á-hiân
殕色,phú-sik
殘忍,tsân-jím/tsân-lím
減法,kiám-huat
植物,si̍t-bu̍t
款待,khuán-thāi
椪柑,phòng-kam
減省,kiám-síng
欺負,khi-hū
渡船,tōo-tsûn
殕殕,phú-phú
殘酷,tsân-khok
欺瞞,khi-muâ
渡頭,tōo-thâu
款勸,khuán-khǹg
港,káng
渴,【白】khuah
湖,ôo
湠【替】,thuànn
湧,【白】íng
湯,【白】thng
湳,làm
湳田,làm-tshân
湯匙仔,thng-sî-á
湯匙仔菜,thng-sî-á-tshài
測量,tshik-liông
湠開,thuànn--khui
港路,káng-lōo
港墘,káng-kînn
湠種,thuànn-tsíng
湯頭,thng-thâu
測驗,tshik-giām
焙,puē
焠【替】,tshuh
無【替】,bô
無,bû
焦【替】,ta
煮,tsú
牌,pâi
牚【替】,thènn
犅【替】,káng
猌【替】,gīn
猴,kâu
猶【替】,iáu
無一定,bô-it-tīng
無了時,bô-liáu-sî
無人緣,bô-lâng-iân
牌子,pâi-tsú
猴山仔,kâu-san--á
無大無細,bô-tuā-bô-sè/bô-tuā-bô-suè
無下落,bô-hē-lo̍h
無心肝,bô-sim-kuann
無心情,bô-sim-tsîng
無天理,bô thinn-lí
無毋著,bô m̄-tio̍h
猶毋過,iáu-m̄-koh
犀牛,sai-gû
無仝,bô kāng
牌仔,pâi-á
無代無誌,bô-tāi-bô-tsì
無去,bô--khì
無去,bô khì
無半步,bô-puànn-pōo
無可奈何,bû-khó-nāi-hô
無半絲,bô-puànn-si
無半項,bô-puànn-hāng
無半撇,bô-puànn-phiat
猶未,iáu-buē/iáu-bē
無打緊,--bô-tánn-kín
猴囡仔,kâu-gín-á
猶有,iáu-ū
無尾巷,bô-bué-hāng/bô-bé-hāng
無步,bô-pōo
無良心,bô-liông-sim
無事使,bô-sū-sái
無依無倚,bô-i-bô-uá
滋味,tsu-bī
無奈,bô-nāi
無奈何,bô-ta-uâ
無定著,bô-tiānn-tio̍h
無拄好,bô-tú-hó
無所謂,bû-sóo-uī
無法伊,bô-huat--i
無法度,bô-huat-tōo
無法無天,bû-huat-bû-thian
無空,bô-khang
無的確,bô-tik-khak
然後,jiân-āu/liân-āu
猶是,iáu-sī
無某無猴,bô-bóo-bô-kâu
焦洗,ta-sé/ta-sué
無相干,bô-siong-kan
無限,bû-hān
無要無緊,bô-iàu-bô-kín
無要緊,bô iàu-kín
煮食,tsú-tsia̍h
煮食裙仔,tsú-tsia̍h-kûn-á
猶原,iu-guân
無差,bô-tsha
焦料,ta-liāu
無氣,bô-khuì
無眠,bô-bîn
無神,bô-sîn
焙茶,puē-tê
無偌久,bô-guā-kú
無夠月,bô-kàu-gue̍h/bô-kàu-ge̍h
無啥物,bô-siánn-mih
無夠重,bô-kàu-tāng
無啥貨,bô-siánn-huè/bô-siánn-hè
無彩,bô-tshái
無彩工,bô-tshái-kang
無張持,bô-tiunn-tî
無情,bô-tsîng
無望,bô-bāng
焦涸涸,ta-khok-khok
無細膩,bô-sè-jī/bô-suè-lī
無通,bô-thong
無辜,bû-koo
無量,bô-liōng
無閒,bô-îng
無傳,bô-thn̂g
無愛,bô ài
無意中,bô-ì-tiong
無意無思,bô-ì-bô-sù
牌照,pâi-tsiàu
無路,bô-lōo
無路用,bô-lōo-īng
無路來,bô-lōo-lâi
無較縒,bô-khah-tsua̍h
無暝無日,bô-mê-bô-ji̍t/bô-mî-bô-li̍t
無疑,bô-gî
無疑悟,bô-gî-ngōo
無精差,bô-tsing-tsha
牚腿,thènn-thuí/thìnn-thuí
猶閣,iáu-koh
猶閣咧,iáu-koh teh
猴齊天,Kâu Tsê-thian
無影,bô-iánn
無影無跡,bô-iánn-bô-tsiah
無線電,bô-suànn-tiān
無論,bô-lūn
無銷,bô-siau
滋養,tsu-ióng
無錯,bô-tshò
牚頭,thènn-thâu
無頭神,bô-thâu-sîn
猴戲,kâu-hì
焦燥,ta-sò
無膽,bô-tánn
無聲無說,bô-siann-bô-sueh/bô-siann-bô-seh
無講無呾,bô-kóng-bô-tànn
無禮,bô-lé
焦鬆,ta-sang
無礙著,bô-gāi-tio̍h
牚懸,thènn-kuân
無議量,bô-gī-niū
無鹹無纖,bô-kiâm-bô-siam
無攬無拈,bô-lám-bô-ne
琴,khîm
番,huan
畫,uē
痚【替】,he
痟,siáu
痠,sng
痣,kì
痧,sua
發,【文】huat
發,【白】puh
痟人,siáu-lâng
痡心,pôo-sim
番仔,huan-á
番仔火,huan-á-hué/huan-á-hé
番仔油,huan-á-iû
番仔幔,huan-á-mua
番仔樓,huan-á-lâu
番仔薑,huan-á-kiunn
發出,huat-tshut
發生,huat-sing
發行,huat-hîng
發作,huat-tsok
畫巡,uē-sûn
畫尪仔,uē-ang-á
發狂,huat-kông
發角,huat-kak
痚呴,he-ku
痚呴嗽,he-ku-sàu
發性地,huat-sìng-tē/huat-sìng-tuē
痠抽疼,sng-thiu-thiànn
發明,huat-bîng
痟狗,siáu-káu
發炎,huat-iām
痟狗症,siáu-káu-tsìng
痟狗湧,siáu-káu-íng
番社,huan-siā
痟的,siáu--ê
發芽,puh-gê
發表,huat-piáu
痛苦,thòng-khóo
發展,huat-tián
痠疼,sng-thiànn
發粉,huat-hún
登記,ting-kì
發起,huat-khí
發動,huat-tōng
番婆,huan-pô
發現,huat-hiān
畫符仔,uē-hû-á
痟貪,siáu-tham
痠軟,sng-nńg
番麥,huan-be̍h
發喙齒,huat tshuì-khí
發揚,huat-iông
發揮,huat-hui
琵琶,pî-pê
痟痟,siáu-siáu
番黍,huan-sé/huan-sué
發落,hua̍t-lo̍h
番號,huan-hō
痟話,siáu uē
發達,huat-ta̍t
發粿,huat-kué/huat-ké
發酵,huat-kànn
發燒,huat-sio
發穎,huat-ínn
畫糖尪仔,uē-thn̂g-ang-á
番鴨,huan-ah
發癀,huat-hông
番薯,han-tsî/han-tsû
番薑仔,huan-kiunn-á
番薯粉,han-tsî-hún/han-tsû-hún
番薯箍,han-tsî-khoo/han-tsû-khoo
番薯簽,han-tsî-tshiam/han-tsû-tshiam
番顛,huan-tian
發願,huat-guān
發覺,huat-kak
睏【替】,khùn
短【替】,té
短,tuán
硞,kho̍k
硩【替】,teh
硬,【白】ngē/ngī
硯,hīnn
稅,suè/sè
窗,【文】tshong
窗,【白】thang
童,【白】tâng
童,【文】tông
短䘼,té-ńg
窗仔,thang-á
窗仔門,thang-á-mn̂g
窗仔框,thang-á-khing
童乩,tâng-ki
程序,thîng-sū
短命,té-miā
睏坦敧,khùn thán-khi
稀奇,hi-kî
硩定,teh-tiānn
睏房,khùn-pâng
硬押,ngē-ah/ngī-ah
硬拄硬,ngē-tú-ngē/ngī-tú-ngī
硩枝,teh-ki
稅金,suè-kim/sè-kim
程度,thîng-tōo
硩扁,teh-pínn
睏衫,khùn-sann
稅厝,suè-tshù/sè-tshù
硬氣,ngē-khì/ngī-khì
睏眠,khùn-bîn
硬迸迸,ngē-piàng-piàng/ngī-piàng-piàng
硬骨,ngē-kut/ngī-kut
硬掙,ngē-tsiānn/ngī-tsiānn
睏晝,khùn-tàu
短期,té-kî
硞著,kho̍k-tio̍h
稀微,hi-bî
短歲壽,té-huè-siū/té-hè-siū
硩落去,teh--lo̍h-khì
短路,té-lōo
短銃,té-tshìng
硩嗽,teh-sàu
硬篤,ngē-táu/ngī-táu
睏褲,khùn-khòo
短褲,té-khòo
睏醒,khùn-tshénn/khùn-tshínn
童謠,tông-iâu
硩驚,teh-kiann
筅【替】,tshíng
筆,pit
等,【白】tán
等,【文】tíng
筊,kiáu
筋,kin/kun
筍,sún
筐,【白】khing
筒,【白】tâng
粞,tshè/tshuè
粟,【白】tshik
粧,【白】tsng
結,【白】kat
結,【文】kiat
絕,【白】tse̍h
絕,【文】tsua̍t
絚,ân
絞,【白】ká
絨,jiông/liông
絲,si
等一下,tán--tsi̍t-ē
結子,kiat-tsí
筅仔,tshíng-á
筊仙,kiáu-sian
筍仔,sún-á
筐仔,khing-á
粟仔,tshik-á
絨仔布,jiông-á-pòo/liông-á-pòo
筒仔米糕,tâng-á-bí-ko
絲仔襪,si-á-bue̍h
筊本,kiáu-pún
絕交,tsua̍t-kau
結冰,kiat-ping
結合,kiat-ha̍p
絞肉,ká-bah
結局,kiat-kio̍k
結束,kiat-sok
筊岫,kiáu-siū
等於,tíng-î
筊東,kiáu-tong
結果,kiat-kó
粟青,tshik-tshenn/tshik-tshinn
等咧,tán--leh
等待,tán-thāi
結怨,kiat-uàn
結拜,kiat-pài
粟倉,tshik-tshng
等候,tán-hāu
結冤,kiat-uan
答案,tap-àn
結案,kiat-àn
絕氣,tsua̍t-khuì
筊鬼,kiáu-kuí
筋骨,kin-kut/kun-kut
筍乾,sún-kuann
絕情,tsua̍t-tsîng
絕望,tsua̍t-bōng
結趼,kiat-lan
答喙鼓,tap-tshuì-kóo
筋絡,kin-le/kun-le
筍絲,sún-si
紫菜,tsí-tshài
筊間,kiáu-king
筋節,kin-tsat/kun-tsat
筆跡,pit-tsik
筊跤,kiáu-kha
等路,tán-lōo
絕路,tsua̍t-lōo
結實,kiat-si̍t
絕對,tsua̍t-tuì
結算,kiat-sǹg
絕種,tse̍h-tsíng
結綵,kat-tshái
結數,kiat-siàu
結論,kiat-lūn
急燒仔,kip-sio-á
結親,kiat-tshin
答應,tah-ìng
紫檀,tsí-tuânn
結穗,kiat-suī
答謝,tap-siā
翕,hip
翕【替】,hip
脹,【文】tiòng
脹,【白】tiùnn
脾,pî
腎,【文】sīn
腔,【白】khiunn
舒【替】,tshu
菇,koo
脾土,pî-thóo
腔口,khiunn-kháu
菁仔,tshenn-á/tshinn-á
菁仔欉,tshenn-á-tsâng/tshinn-á-tsâng
翕死,hip--sí
脹肚,tiùnn-tōo
菅芒,kuann-bâng
翕豆菜,hip tāu-tshài
翕相,hip-siòng
翕相機,hip-siòng-ki
翕相館,hip-siòng-kuán
脾胃,pî-uī
莿桐,tshì-tông
脹氣,tiùnn-khì
脾氣,phî-khì
脹胿,tiùnn-kui
菅草,kuann-tsháu
舒被,tshu-phuē/tshu-phē
菅蓁,kuann-tsin
翕熱,hip-jua̍h/hip-lua̍h
翕甌,hip-au
肅靜,siok-tsīng
脹膿,tiùnn-lâng
腌臢,a-tsa
菊,【文】kiok
菜,tshài
萎【替】,ui
菜刀,tshài-to
菜子,tshài-tsí
菜子油,tshài-tsí-iû
菜心,tshài-sim
菝仔,pua̍t-á
菝仔票,pa̍t-á-phiò
菜包,tshài-pau
菜市仔,tshài-tshī-á
菜瓜,tshài-kue
菜瓜布,tshài-kue-pòo
菜瓜摖,tshài-kue-tshè
菜瓜蒲,tshài-kue-pôo
菜尾,tshài-bué/tshài-bé
菜豆,tshài-tāu
菱角,lîng-kak
菜姑,tshài-koo
菜底,tshài-té/tshài-tué
菜店,tshài-tiàm
菜店查某,tshài-tiàm-tsa-bóo
菜油,tshài-iû
菊花,kiok-hue
菜花,tshài-hue
菜架仔,tshài-kè-á
菜桌,tshài-toh
菜配,tshài-phuè/tshài-phè
菜堂,tshài-tn̂g
菜脯,tshài-póo
菜脯米,tshài-póo-bí
菜脯簽,tshài-póo-tshiam
菜鳥仔,tshài-tsiáu-á
菜單,tshài-tuann
菩提樹,phôo-thê-tshiū
菜湯,tshài-thng
菜園,tshài-hn̂g
菜粽,tshài-tsàng
菖蒲,tshiong-pôo
菜蔬,tshài-se
菜燕,tshài-iàn
菜頭,tshài-thâu
菜館,tshài-kuán
菜頭粿,tshài-thâu-kué/tshài-thâu-ké
菜鴨,tshài-ah
菠薐仔,pue-lîng-á/pe-lîng-á
菜擴,tshài-khok
菩薩,phôo-sat
菜蟳,tshài-tsîm
菜櫥,tshài-tû
菜礤,tshài-tshuah
菜籃,tshài-nâ
著,【白】tio̍h
著,to̍h
虛,【白】hi
街,ke/kue
裁,tshâi
裂【替】,liah
裂,【白】li̍h
覕,bih
訴,sòo
裁刀,tshâi-to
視力,sī-li̍k
著水蛆,tio̍h-tsuí-tshi/tio̍h-tsuí-tshu
著火,to̍h-hué/to̍h-hé
虛火,hi-hué/hi-hé
蛤仔,kap-á
街仔,ke-á/kue-á
街仔路,ke-á-lōo/kue-á-lōo
街市,ke-tshī/kue-tshī
著生驚,tio̍h-tshenn-kiann/tio̍h-tshinn-kiann
裁決,tshâi-kuat
著災,tio̍h-tse
診所,tsín-sóo
訴狀,sòo-tsn̄g
覕雨,bih-hōo
著咳嗾,tio̍h-ka-tsa̍k
著急,tio̍h-kip
覕相揣,bih-sio-tshuē/bih-sio-tshē
虛弱,hi-jio̍k/hi-lio̍k
著時,tio̍h-sî
著病,tio̍h-pēnn/tio̍h-pīnn
覕喙,bih-tshuì
著寒熱仔,tio̍h kuânn-jia̍t-á/tio̍h kuânn-lia̍t-á
著猴,tio̍h-kâu
著痧,tio̍h-sua
虛華,hi-hua
裂開,li̍h--khui
著傷,tio̍h-siong
著賊偷,tio̍h-tsha̍t-thau
著銃,tio̍h-tshìng
診察,tsín-tshat
著頭,tio̍h-thâu
街頭,ke-thâu/kue-thâu
蛟龍,kau-liông
裁縫,tshâi-hông
裁縫店,tshâi-hông-tiàm
診斷,tsín-tuàn
著蟲,tio̍h-thâng
著驚,tio̍h-kiann
註,tsù
詈,lé/lué
評,phîng
詞,sû
象,【白】tshiūnn
貯,【白】té/tué
貴,kuì
貶,pián
買,【白】bé/bué
買,【文】mái
貺【替】,hīng
費,huì
貼,【白】tah
貼,【文】thiap
貿,bāu
趁【替】,thàn
越,ua̍t
貴人,kuì-jîn/kuì-lîn
貼人食,thiap-lâng-tsia̍h
貿工,bāu-kang
貼心,tah-sim
註冊,tsù-tsheh
買主,bé-tsú/bué-tsú
貼本,thiap-pún
費用,huì-iōng
超生,tshiau-sing
註生娘娘,Tsù-senn-niû-niû/Tsù-sinn-niû-niû
註好好,tsù-hó-hó
註死,tsù-sí
買收,bé-siu/bué-siu
趁早,thàn-tsá
評判,phîng-phuànn
趁私奇,thàn-sai-khia
買命,bé-miā/bué-miā
註定,tsù-tiānn
貼底,tah-té/tah-tué
貴庚,kuì-kenn/kuì-kinn
註明,tsù-bîng
貿易,bōo-i̍k
超度,tshiau-tōo
趁流水,thàn-lâu-tsuí
貴重,kuì-tiōng
趁食,thàn-tsia̍h
趁食人,thàn-tsia̍h-lâng
趁食查某,thàn-tsia̍h-tsa-bóo
趁食間,thàn-tsia̍h-king
貴氣,kuì-khì
費氣,huì-khì
費氣費觸,huì-khì-huì-tak
費神,huì-sîn
超級,tshiau-kip
貴參參,kuì-som-som
象桮,siūnn-pue
買票,bé-phiò/bué-phiò
象棋,tshiūnn-kî
詐欺,tsà-khi
貸款,tāi-khuán
貼貼,tah-tah
貯飯,té-pn̄g/tué-pn̄g
註解,tsù-kái
超過,tshiau-kuè/tshiau-kè
貴賓,kuì-pin
評論,phîng-lūn
買賣,bé-bē/bué-buē
註銷,tsù-siau
趁燒,thàn sio
趁錢,thàn-tsînn
貿頭,bāu-thâu
越頭,ua̍t-thâu
跋【替】,pua̍h
跍【替】,khû
跑,pháu
跔,ku
跙【替】,tshū
跛【替】,pái
進,tsìn
跙一倒,tshū tsi̍t tó
進口,tsìn-kháu
鄉土,hiong-thóo
進化,tsìn-huà
郵件,iû-kiānn
進行,tsìn-hîng
郵局,iû-kio̍k
鄉村,hiong-tshun
進步,tsìn-pōo
鄉里,hiunn-lí
鄉長,hiong-tiúnn
郵便局,iû-piān-kio̍k
進前,tsìn-tsîng
郵政,iû-tsìng
辜負,koo-hū
進香,tsìn-hiunn
跋倒,pua̍h-tó
跙倒,tshū-tó
郵差,iû-tshai
進退,tsìn-thè
跑馬,pháu-bé
跋桮,pua̍h-pue
郵票,iû-phiò
跋牌仔,pua̍h-pâi-á
跋筊,pua̍h-kiáu
郵筒,iû-tâng
跛跤,pái-kha
鄉親,hiong-tshin
鄉鎮,hiong-tìn
酥,soo
量,【文】liông
量,【文】liōng
量,【白】niû
量,【白】niū
鈃【替】,giang
鈍,【俗】tun
鈍,【俗】tùn
鈍,tūn
鈕,liú
開,【文】khai
開,【白】khui
閏,jūn/lūn
閒,【白】îng
間,【文】kan
間,【白】king
陽,【文】iông
隊,tuī
鈍刀,tūn-to
開刀,khui-to
閒人,îng-lâng
開口,khai-kháu
閒工,îng-kang
閏月,jūn-gue̍h/lūn-ge̍h
量仔,niū-á
鈃仔,giang-á
鈕仔,liú-á
鈗仔,ńg-á
間仔,king-á
閒仙仙,îng-sian-sian
鈕仔空,liú-á-khang
閒仔話,îng-á-uē
開市,khui-tshī
開正,khui-tsiann
開用,khai-īng
隊伍,tuī-ngóo
開車,khui-tshia
量其約,liōng-kî-iok
開拆,khui-thiah
開放,khai-hòng
開花,khui-hue
隊長,tuī-tiúnn
開查某,khai-tsa-bóo
開面,khui-bīn
隊員,tuī-uân
開桌,khui-toh
開破,khui-phuà
開基,khai-ki
開基祖,khai-ki-tsóo
開張,khai-tiong
開喙,khui-tshuì
開單,khui-tuann
開發,khai-huat
開脾,khui-pî
開開,khui--khui
開開,khui-khui
閒間,îng-king
鈕鈕仔,liú liú-á
開會,khui-huē
開業,khai-gia̍p
酥腰,soo-io
開跤褲,khui-kha-khòo
開路,khui-lōo
開幕,khai-bōo
開裾,khui-ki/khui-ku
開價,khui-kè
開盤,khui-puânn
開銷,khai-siau
開墾,khai-khún
開學,khai-ha̍k
陽曆,iông-li̍k
開錢,khai-tsînn
閒錢,îng-tsînn
開臊,khui-tsho
開講,khai-káng
開闊,khui-khuah
開竅,khui-khiàu
開藥仔,khui-io̍h-á
開關,khai-kuan
雁,gān
雄,【白】hîng
雄,【文】hiông
集,tsi̍p
雲,hûn
韌,jūn/lūn
項,hāng
順,sūn
飫【替】,uì
飯,【白】pn̄g
飲,ím
黃,【白】n̂g
黍,sé/sué
飯丸,pn̄g-uân
集中,tsi̍p-tiong
順手,sūn-tshiú
順月,sūn-gue̍h/sūn-ge̍h
飯斗,pn̄g-táu
黃牛,n̂g-gû
黍仔,sé-á/sué-á
飯包,pn̄g-pau
項目,hāng-bo̍k
集合,tsi̍p-ha̍p
黃色,n̂g-sik
順利,sūn-lī
雲尪,hûn-ang
順序,sūn-sī
飯杓,pn̄g-sia̍h
飯疕,pn̄g-phí
黃豆,n̂g-tāu
飯坩,pn̄g-khann
飯店,pn̄g-tiàm
黃昏,hông-hun
黃昏市仔,hông-hun-tshī-á
黃金,n̂g-kim
階段,kai-tuānn
黃泉,hông-tsuân
順風,sūn-hong
順風耳,Sūn-hong-ní
雅氣,ngá-khì
黃疸,n̂g-thán
階級,kai-kip
黃酒,n̂g-tsiú
飯匙,pn̄g-sî
飯匙骨,pn̄g-sî-kut
飯匙銃,pn̄g-sî-tshìng
順從,sūn-tsiông
飯桶,pn̄g-tháng
順眼,sūn-gán
飯盒仔,pn̄g-a̍h-á
順紲,sūn-suà
黃連,n̂g-nî
黃魚,n̂g-hî/n̂g-hû
飫喙,uì-tshuì
飯湯,pn̄g-thng
飯菜,pn̄g-tshài
雅量,ngá-liōng
雄雄,hiông-hiông
雄黃,hiông-hông
雄黃酒,hiông-hông-tsiú
順勢,sūn-sè
飯碗,pn̄g-uánn
順路,sūn-lōo
飯頓,pn̄g-tǹg
集團,tsi̍p-thuân
黃酸,n̂g-sng
飯篋仔,pn̄g-kheh-á
黃錦錦,n̂g-gìm-gìm
飯篱,pn̄g-lē/pn̄g-luē
頇顢,hân-bān
亂,【文】luān
催,tshui
傱【替】,tsông
傳,【白】thn̂g
傳,【文】thuân
債,tsè
傷,【文】siong
傷,【白】siunn
剷,thuánn
剺【替】,le̍h
剺【替】,lì
剾,khau
剿,tsâu
募,bōo
勢,【文】sè
勢,【白】sì
勥【替】,khiàng
匯,huē
嗄,sà
剾刀,khau-to
勢力,sè-li̍k
剾刀花,khau-to-hue
傷口,siong-kháu
傷心,siong-sim
傷天害理,siong-thian-hāi-lí
亂世,luān-sè
債主,tsè-tsú
剾仔,khau-á
傷本,siong-pún
催生,tshui-sing
剾皮,khau phuê/khau phê
剺肚,le̍h tōo
亂使,luān-sú
亂來,luān-lâi
債券,tsè-kǹg
剾削,khau-siah
傳後嗣,thn̂g-hiō-sū
傳染,thuân-jiám/thuân-liám
剾洗,khau-sé/khau-sué
傷重,siong-tiōng
剾風,khau-hong
勢面,sè-bīn
傷風敗俗,siong-hong-pāi-sio̍k
傷害,siong-hāi
募捐,bōo-kuan
剺破,lì-phuà
剷草,thuánn tsháu
債務,tsè-bū
勤務,khîn-bū/khûn-bū
傳授,thuân-siū
傷痕,siong-hûn
傳票,thuân-phiò
匯票,huē-phiò
募集,bōo-tsi̍p
傷腦筋,siong-náu-kin/siong-náu-kun
傷跡,siong-jiah/siong-liah
勥跤,khiàng-kha
傳種,thn̂g-tsíng
勤儉,khîn-khiām/khûn-khiām
亂彈,lān-thân
亂操操,luān-tshau-tshau
傱錢,tsông-tsînn
勢頭,sè-thâu
亂講,luān-kóng
亂鐘仔,luān-tsing-á
債權,tsè-khuân
嗙【替】,phngh
嗚【替】,onn
園,【白】hn̂g
圓,【白】înn
塊【替】,tè
塌,thap
塔,thah
塗,【白】thôo
塚,thióng
塞【替】,sat
填,thiām
塭,ùn
塚山,thióng-suann
塗水,thôo-tsuí
塗水師,thôo-tsuí-sai
圓仔,înn-á
塭仔,ùn-á
圓仔花,înn-á-hue
塚仔埔,thióng-á-poo
圓仔湯,înn-á-thng
圓仔粞,înn-á-tshè/înn-á-tshuè
塌本,thap-pún
填本,thiām-pún
塗色,thôo-sik
塗尪仔,thôo-ang-á
塗沙,thôo-sua
塗豆,thôo-tāu
塗豆仁,thôo-tāu-jîn/thôo-tāu-lîn
塗豆油,thôo-tāu-iû
塗豆糖,thôo-tāu-thn̂g
嗚呼,oo-hoo
塌底,lap-té/lap-tué
塌空,thap-khang
塗虱,thôo-sat
塗炭,thôo-thuànn
塗墼,thôo-kat
塗墼厝,thôo-kat-tshù
塗捀,thôo-phâng
圓栱門,uân-kong-mn̂g
填海,thiām-hái
塗粉,thôo-hún
圓圓,înn-înn
塌落,lap--lo̍h
塌跤,thap-kha
塗跤,thôo-kha
圓滿,uân-buán
圓箍仔,înn-khoo-á
嗤舞嗤呲,tshi-bú-tshi̍h-tshū
塗魠,thôo-thoh
塞鼻,sat-phīnn
塑膠,sok-ka
塑膠桶,sok-ka-tháng
塑膠袋仔,sok-ka-tē-á
塌錢,thap-tsînn
塗龍,thôo-liông
圓環,înn-khuân
塗礱,thôo-lâng
媽,má
嫁,【白】kè
嫂,só
嫌,hiâm
幌【替】,hàinn
嫁查某囝,kè tsa-bóo-kiánn
媽祖,Má-tsóo
嫁翁,kè-ang
嫁娶,kè-tshuā
嫁粧,kè-tsng
媽媽,má-mah
嫌疑,hiâm-gî
幌頭仔,hàinn-thâu-á
幌韆鞦,hàinn-tshian-tshiu
幹,kàn
想,【文】sióng
想,【白】siūnn
惹,jiá/liá
愁,tshiû
愈,jú/lú
意,ì
愛,ài
感,kám
戥,tíng
揫,tshiû
愛人仔,ài-jîn-á/ài-lîn-á
感化,kám-huà
感心,kám-sim
戥仔,tíng-á
惹代誌,jiá-tāi-tsì/liá-tāi-tsì
意外,ì-guā
意向,ì-hiòng
意志,ì-tsì
意見,ì-kiàn
幹事,kàn-sū
惹事,jiá-sū/liá-sū
想東想西,siūnn-tang-siūnn-sai
想空想縫,siūnn-khang-siūnn-phāng
感冒,kám-mōo
意思,ì-sù
感染,kám-jiám/kám-liám
慎重,sīn-tiōng
愛哭,ài-khàu
感恩,kám-un
意氣,ì-khì
感動,kám-tōng
愛情,ài-tsîng
感情,kám-tsîng
慈善,tsû-siān
愛媠,ài-suí
慈悲,tsû-pi
愛睏,ài-khùn
愛睏藥仔,ài-khùn-io̍h-á
感著,kám--tio̍h
意愛,ì-ài
感想,kám-sióng
慈愛,tsû-ài
微微仔,bî-bî-á
慄慄掣,la̍k-la̍k-tshuah
意義,ì-gī
愛嬌,ài-kiau
感激,kám-kik
感應,kám-ìng
感謝,kám-siā
意願,ì-guān
感覺,kám-kak
意麵,ì-mī
損,【白】sńg
損,【文】sún
搐【替】,tiuh
搖,【白】iô
搙【替】,jio̍k/lio̍k
搜【替】,tshiau
搝【替】,khiú
搟【替】,hián
搢,tsìnn
搣【替】,me/mi
搤【替】,iah
浞【替】,tshio̍k
搦【替】,la̍k
搧【替】,sàm
搧,siàn
搩【替】,kiat
搪【替】,tn̄g
搬,【白】puann
搭,【白】tah
搵,ùn
搶,【白】tshiúnn
摃【替】,kòng
敬,kìng
斟【替】,thîn
新,sin
新人,sin-lâng
搧大耳,siàn-tuā-hīnn/siàn-tuā-hī
搝大索,khiú-tuā-soh
搖手,iô-tshiú
搵水,ùn tsuí
損失,sún-sit
新正,sin-tsiann
新年,sin-nî
搶劫,tshiúnn-kiap
搖尾,iô bué/iô bé
搵豆油,ùn tāu-iû
搜身軀,tshiau sin-khu
新奇,sin-kî
搶孤,tshiúnn-koo
搭油,tah iû
搤空,iah-khang
搦屎搦尿,la̍k-sái-la̍k-jiō/la̍k-sái-la̍k-liō
新春,sin-tshun
搭架,tah-kè
敬重,kìng-tiōng
新郎,sin-lông
搢風,tsìnn-hong
搧風,siàn-hong
搬厝,puann-tshù
新娘,sin-niû
新娘房,sin-niû-pâng
損害,sún-hāi
損神,sńg-sîn
斟茶,thîn tê
敬酒,kìng-tsiú
斟酌,tsim-tsiok
斟酒,thîn tsiú
搢做前,tsìnn-tsò-tsîng/tsìnn-tsuè-tsîng
新婚,sin-hun
新婦,sin-pū
新婦仔,sin-pū-á
搬徙,puann-suá
搖笱,iô-kô
搧喙䫌,siàn-tshuì-phué
新款,sin-khuán
搪著,tn̄g-tio̍h
新進,sin-tsìn
損傷,sún-siong
搝搝搦搦,khiú-khiú-la̍k-la̍k
搬話,puann-uē
搬運,puann-ūn
搭鉤仔,tah-kau-á
搖鼓瑯,iô-kóo-long
摃槌仔,kòng-thuî-á
新聞,sin-bûn
搬請,puann-tshiánn
新曆,sin-li̍k
新興,sin-hing
損蕩,sńg-tn̄g
搖頭,iô-thâu
搶頭香,tshiúnn-thâu-hiunn
搶頭標,tshiúnn-thâu-pio
摃龜,kòng-ku
搭嚇,tah-hiannh
搬戲,puann-hì
新鮮,sin-sian
新點點,sin-tiám-tiám
搖櫓,iô-lóo
搖籃,iô-nâ
摃鐘,kòng-tsing
搦權,la̍k-khuân
暗,àm
會【替】,ē
會,huē
椰,iâ
楓,【白】png
楔【替】,seh
楗【替】,kīng
楞【替】,gông
楠,lâm
楦,hùn
業,gia̍p
椰子,iâ-tsí
暗中,àm-tiong
楔手縫,seh-tshiú-phāng
會仔,huē-á/hē-á
楓仔,png-á
楠仔,lâm-á
楬仔,at-á
楓仔樹,png-á-tshiū
暗示,àm-sī
會用得,ē-īng-tit
暗光鳥,àm-kong-tsiáu
會合,huē-ha̍p
會同,huē-tông
暗色,àm-sik
暗行,àm-hīng
暗步,àm-pōo
會使,ē-sái
會使得,ē-sái-tit
會社,huē-siā
楔空,seh-khang
楔後手,seh-āu-tshiú
會計,kuè-kè
暗崁,àm-khàm
暗時,àm-sî
楊桃,iûnn-tô
暗班,àm-pan
暗眠摸,àm-bîn-bong
會做得,ē-tsò-tit/ē-tsuè-tit
業務,gia̍p-bū
業務員,gia̍p-bū-uân
會得,ē-tit
會得通,ē-tit-thang
暗殺,àm-sat
暗淡,àm-tām
暗訪,àm-hóng
暗袋仔,àm-tē-á
會場,huē-tiûnn
會堪得,ē-kham-tit
暗間仔,àm-king-á
暗飯,àm-pn̄g
業債,gia̍p-tsè
會當,ē-tàng
暗號,àm-hō
暗路,àm-lōo
暗頓,àm-tǹg
暗暝,àm-mê/àm-mî
暗漠漠,àm-bo̍k-bo̍k
暗趖趖,àm-sô-sô
暗毿,àm-sàm
暗毿病,àm-sàm-pēnn/àm-sàm-pīnn
暗學仔,àm-o̍h-á
會曉,ē-hiáu
會頭,huē-thâu/hē-thâu
會館,huē-kuán
暗頭仔,àm-thâu-á
楔縫,seh-phāng
會議,huē-gī
歁【替】,khám
歇,hioh
歲,【白】huè/hè
歲,【文】suè
毀,huí
準,tsún
溜,liu
溝,【白】kau
溡【替】,tshî
溢,ik
溪,khe/khue
歇工,hioh-kang
概尺,kài-tshioh
楹仔,ênn-á
溝仔,kau-á
溪仔,khe-á/khue-á
溪仔墘,khe-á-kînn/khue-á-kînn
歇冬,hioh-tang
溢奶,ik-ling/ik-ni
溢刺酸,ik-tshiah-sng
準拄好,tsún-tú-hó
溫柔,un-jiû/un-liû
溫泉,un-tsuânn
溪哥仔,khe-ko-á/khue-ko-á
溪埔,khe-poo/khue-poo
準時,tsún-sî
準做,tsún-tsò/tsún-tsuè
歇晝,hioh-tàu
溫習,un-si̍p
準備,tsún-pī
歇喘,hioh-tshuán
歇寒,hioh-kuânn
歇睏,hioh-khùn
歇暗,hioh-àm
溫暖,un-luán
歁歁,khám-khám
溪溝,khe-kau/khue-kau
歁話,khám-uē
溫馴,un-sûn
歲壽,huè-siū/hè-siū
歇暝,hioh-mê/hioh-mî
極端,ki̍k-tuan
準算,tsún-sǹg
歇熱,hioh-jua̍h/hioh-lua̍h
概論,kài-lūn
歲頭,huè-thâu/hè-thâu
歁頭歁面,khám-thâu-khám-bīn
流籠,liû-lông
溫罐,un-kuàn
溶,【白】iûnn
滅,bia̍t
滇【替】,tīnn
滑,ku̍t
滒【替】,kō
滓【替】,tái
煎,【文】tsian
煎,【白】tsuann
煏【替】,piak
煙,ian
煞,【白】suah
煞【替】,sannh
煠,sa̍h
煡【替】,khi̍t
滅亡,bia̍t-bông
煞心,sannh-sim
煙火,ian-hué/ian-hé
煙仔魚,ian-á-hî/ian-á-hû
煞去,suah--khì
煞尾,suah-bué/suah-bé
煏油,piak-iû
煏空,piak-khang
滑倒,ku̍t--tó
煏桌,piak-toh
煞神,suah-sîn
煎茶,tsuann tê
煎匙,tsian-sî
煙筒,ian-tâng
煞著,suah--tio̍h
滑溜溜,ku̍t-liu-liu
煙腸,ian-tshiâng
煞鼓,suah-kóo
煙黗,ian-thûn
煞戲,suah-hì
煎藥仔,tsuann io̍h-á
照,【文】tsiàu
照,【白】tsiò
煨【替】,ue
煩,huân
爺,iâ
獅,sai
獅仔鼻,sai-á-phīnn
照步來,tsiàu-pōo-lâi
照呼照行,tsiàu-hoo-tsiàu-kiânn
照起工,tsiàu-khí-kang
照常,tsiàu-siông
煩惱,huân-ló
照實,tsiàu-si̍t
照辦,tsiàu-pān
照講,tsiàu-kóng
照鏡,tsiò-kiànn
照顧,tsiàu-kòo
當,【白】tng
當,【白】tǹg
痰,thâm
痲,muâ
盞,【白】tsuánn
睨【替】,gîn
矮,é/ué
矮人,é-lâng/ué-lâng
痱仔,puì-á
痱仔粉,puì-á-hún
當地,tong-tē/tong-tuē
當年,tong-nî
當事人,tong-sū-jîn/tong-sū-lîn
當初,tong-tshoo
當店,tǹg-tiàm
矮肥,é-puî/ué-puî
當咧,tng-teh
硼砂,phîng-se
當面,tng-bīn
當值,tong-ti̍t
痴哥,tshi-ko
痴哥神,tshi-ko-sîn
當時,tang-sî
當時,tong-sî
痴迷,tshi-bê
當做,tòng-tsò/tòng-tsuè
痴情,tshi-tsîng
當票,tǹg-phiò
當場,tong-tiûnn
痰壺,thâm-ôo
當然,tong-jiân/tong-liân
督學,tok-ha̍k
當選,tòng-suán
當頭白日,tng-thâu-pe̍h-ji̍t/tng-thâu-pe̍h-li̍t
當頭對面,tng-thâu-tuì-bīn
當歸,tong-kui
痰瀾,thâm-nuā
痰罐,thâm-kuàn
碇,【白】tiānn
碌,【白】li̍k
碎,tshuì
碑,pi
碗,uánn
碰,pōng
禁,kìm
稗,phē/phuē
稜【替】,līng
稟,pín
窟,khut
碗公,uánn-kong
碗斗,uánn-táu
禁止,kìm-tsí
稗仔,phē-á/phuē-á
窟仔,khut-á
稟告,pín-kò
禁忌,kìm-khī
窞肚,thām-tóo
禁氣,kìm-khuì
碰釘,phòng-ting
禁屠,kìm-tôo
禁喙,kìm-tshuì
碌硞馬,lo̍k-kho̍k-bé
碗箸,uánn-tī/uánn-tū
碗粿,uánn-kué/uánn-ké
碗盤,uánn-puânn
碎糊糊,tshuì-kôo-kôo
碰壁,pōng-piah
碗糕,uánn-ko
碗頭仔,uánn-thâu-á
禽獸,khîm-siù
筧,【白】kíng
筧【替】,khiò
節,【白】tsat
節,【白】tseh/tsueh
節,【文】tsiat
絹,kìn
經,【白】kenn/kinn
經,【文】king
罨【替】,am
罩,【白】tà
罩,【文】tàu
罪,【文】tsuē
群,kûn
義,gī
節力,tsat-la̍t
罪人,tsuē-jîn/tsuē-lîn
義子,gī-tsú
節日,tseh-ji̍t/tsueh-li̍t
節目,tsiat-bo̍k
節育,tsiat-io̍k
節制,tsiat-tsè
節省,tsiat-síng
節約,tsiat-iok
罩衫,tà-sann
節氣,tseh-khuì/tsueh-khuì
義氣,gī-khì
節脈,tsat-me̍h
經商,king-siong
義務,gī-bū
經理,king-lí
義理,gī-lí
綁票,páng-phiò
罪惡,tsuē-ok
經期,king-kî
經絲,kenn-si/kinn-si
經費,king-huì
罪業,tsuē-gia̍p
經跤經手,kenn-kha-kenn-tshiú/kinn-kha-kinn-tshiú
經過,king-kuè/king-kè
罪過,tsuē-kò
罪過,tsē-kuà
罩雺,tà-bông
節儉,tsiat-khiām
經線,kenn-suànn/kinn-suànn
經歷,king-li̍k
經濟,king-tsè
經營,king-îng
罩霧,tà-bū
經驗,king-giām
聖,【白】siànn
聘,phìng
腡,lê
腦,【白】náu
腫,tsíng
腰,【白】io
腸,【白】tn̂g
腹,【白】pak
舅,【白】kū
萬,bān
落,lak
落,làu
落【替】,loh
落,【白】lo̍h
落,【文】lo̍k
落䈄,làu-ham
萬一,bān-it
腦力,náu-li̍k
落人的喙,lo̍h-lâng-ê-tshuì
腰子,io-tsí
腱子肉,kiàn-tsí-bah
落山風,lo̍h-suann-hong
腰子病,io-tsí-pēnn/io-tsí-pīnn
落下頦,làu-ē-hâi
腹內,pak-lāi
舅公,kū-kong
落勾,làu-kau
腰內肉,io-lāi-bah
萬不得已,bān-put-tik-í
腰尺,io-tshioh
落手,lo̍h-tshiú
落水,lo̍h-tsuí
腸仔,tn̂g-á
舅仔,kū-á
萬世,bān-sè
萬代,bān-tāi
腸仔𣻸,tn̂g-á-siûnn
腸仔炎,tn̂g-á-iām
舅仔探房,kū-á-thàm-pâng
萵仔菜,ue-á-tshài/e-á-tshài
腸仔熱,tn̂g-á-jia̍t/tn̂g-á-lia̍t
落去,lo̍h-khì
聖母,sìng-bó
落本,lo̍h-pún
萬全,bān-tsuân
落伍,lo̍k-ngóo
落吐症,làu-thòo-tsìng
萬年筆,bān-liân-pit
聖旨,sìng-tsí
落成,lo̍k-sîng
落色,lak-sik
落尾,lo̍h-bué/lo̍h-bé
落尾手,lo̍h-bué-tshiú/lo̍h-bé-tshiú
落杓,làu-sia̍h
腸肚,tn̂g-tōo
腹肚,pak-tóo
腹肚尾,pak-tóo-bué/pak-tóo-bé
腹肚枵,pak-tóo-iau
落車,lo̍h-tshia
萬事,bān-sū
落來,lo̍h-lâi
萬幸,bān-hīng
聖拄聖,siànn-tú-siànn
萬物,bān-bu̍t
落注,lo̍h-tù
落空逝,làu-khang-tsuā
落肥,lo̍h-puî
聘金,phìng-kim
落雨,lo̍h-hōo
落雨天,lo̍h-hōo-thinn
落南,lo̍h-lâm
落屎,làu-sái
落屎星,làu-sái-tshenn/làu-sái-tshinn
落屎馬,làu-sái-bé
落後日,loh-āu--ji̍t/loh-āu--li̍t
落後年,loh-āu--nî
落昨日,loh-tso̍h--ji̍t/loh-tso̍h--li̍t
落胎,làu-the
落風,làu-hong
聘書,phìng-su
落氣,làu-khuì
落眠,lo̍h-bîn
萬能,bān-lîng
萬般,bān-puann
腰脊骨,io-tsiah-kut
落衰,lo̍h-sue
腰骨,io-kut
腰帶,io-tuà
落崎,lo̍h-kiā
腰桶,io-tháng
落第,lo̍k-tē
落船,lo̍h-tsûn
落軟,lo̍h-nńg
腦貧血,náu-pîn-hiat
落雪,lo̍h-seh
落喉,lo̍h-âu
落湳,lo̍h-làm
萬無一失,bān-bû-it-sit
腦筋,náu-kin/náu-kun
落跑,làu-phâu
萬項,bān-hāng
落塗,lo̍h-thôo
聖經,sìng-king
萬萬,bān-bān
落落,làu-làu
落葬,lo̍h-tsòng
落跤氣,lo̍h-kha-khì
落價,lo̍h-kè
腳數,kioh-siàu
腦膜炎,náu-mo̍oh-iām
聘請,phìng-tshiánn
落魄,lo̍k-phik
落褲,làu-khòo
落選,lo̍k-suán
腫頷,tsíng-ām
腥臊,tshenn-tshau/tshe-tshau
落臉,lak-lián
落翼仔,làu-si̍t-á
落霜,lo̍h-sng
聘禮,phìng-lé
落難,lo̍h-lān
腦髓,náu-tshué/náu-tshé
葉【替】,hio̍h
葩,pha
葬,tsòng
蒂,tì
號,hō
葉仔,hio̍h-á
號名,hō-miâ
董事,táng-sū
葵扇,khuê-sìnn
號做,hō-tsò/hō-tsuè
瓜笠仔,kue-le̍h-á
葡萄,phû-tô
葡萄酒,phû-tô-tsiú
號碼,hō-bé
葫蘆,hôo-lôo
蜂,【白】phang
裒,pôo
裘,hiû
裙,kûn
補,póo
裝,【白】tsng
裝,【文】tsong
裡,lí
裡,--lí
解,【文】kái
試,tshì
詩,si
解厄,kái-eh
解心悶,kái-sim-būn
蛾仔,ia̍h-á
蜊仔,lâ-á
裘仔,hiû-á
補充,póo-tshiong
補冬,póo-tang
補血,póo-hueh/póo-huih
補助,póo-tsōo
解決,kái-kuat
蜂岫,phang-siū
衙門,gê-mn̂g
解毒,kái-to̍k
試看,tshì-khuànn
試看覓,tshì khuànn-māi
解約,kái-iok
詭計,kuí-kè
補破網,póo-phuà-bāng
蜈蚣,giâ-kang
解酒,kái-tsiú
解除,kái-tû
試探,tshì-thàm
補添,póo-thiam
補紩,póo-thīnn
補習,póo-si̍p
解脫,kái-thuat
補喙齒,póo tshuì-khí
解圍,kái-uî
解悶,kái-būn
解散,kái-sàn
裝痟的,tsng-siáu--ê
解答,kái-tap
補貼,póo-thiap
解愁,kái-tshiû
裌裘,kiap-hiû
詬詬唸,kāu-kāu-liām
補運,póo-ūn
補運錢,póo-ūn-tsînn
補鼎,póo-tiánn
詩歌,si-kua
蜂蜜,phang-bi̍t
蜈蜞,ngôo-khî
蜈蜞釘,ngôo-khî-ting
解說,kái-sueh/kái-seh
裝潢,tsong-hông
補藥,póo-io̍h
解釋,kái-sik
試鹹汫,tshì kiâm-tsiánn
試驗,tshì-giām
話,uē
該,kai
詼,khue
誠,【白】tsiânn
賊,【白】tsha̍t
趒,tiô
跟,kin/kun
跡,【俗】jiah/liah
跤,kha
跩【替】,tsuāinn
跪,kuī
跤刀,kha-to
誇口,khua-kháu
跤手,kha-tshiú
跤斗,kha-táu
跤爪,kha-jiáu/kha-niáu
賊仔,tsha̍t-á
跤仔,kha-á
賊仔市,tsha̍t-á-tshī
賊仔貨,tsha̍t-á-huè/tsha̍t-á-hè
話母,uē-bó
資本,tsu-pún
跤目,kha-ba̍k
跤尖手幼,kha-tsiam-tshiú-iù
該死,kai-sí
跤曲,kha-khiau
話尾,uē-bué/uē-bé
跤尾,kha-bué/kha-bé
跤尾飯,kha-bué-pn̄g/kha-bé-pn̄g
跤步,kha-pōo
跤肚,kha-tóo
跤肚骨,kha-tóo-kut
跤來手來,kha-lâi-tshiú-lâi
跤帛,kha-pe̍h
跤底,kha-té/kha-tué
話蝨,uē-sat
畫虎𡳞,uē-hóo-lān
話屎,uē-sái
跪拜,kuī-pài
跤後肚,kha-āu-tóo
跤後蹬,kha-āu-tenn
跤指頭仔,kha-tsíng-thâu-á
話柄,uē-pènn/uē-pìnn
跤枷,kha-kê
資料,tsu-liāu
資格,tsu-keh
跤胴骨,kha-tâng-kut
話骨,uē-kut
跤骨,kha-kut
跤兜,kha-tau
詳情,siông-tsîng
跤桶,kha-tháng
跤梢,kha-sau
跤液,kha-sio̍h
跤梢間仔,kha-sau-king-á
跤球,kha-kiû
資產,tsu-sán
詳細,siông-sè
賊船,tsha̍t-tsûn
該然,kai-jiân/kai-liân
跤筋,kha-kin/kha-kun
誠意,sîng-ì
該當,kai-tong
跤跡,kha-jiah/kha-liah
趒跤頓蹄,tiô-kha-tǹg-tê
誠實,tsiânn-si̍t
誠實,sîng-si̍t
跟綴,kin-tuè/kun-tè
跤腿,kha-thuí
跤鼻臁,kha-phīnn-liâm
跤數,kha-siàu
跤模,kha-bôo
跤模手印,kha-bôo-tshiú-ìn
跤盤,kha-puânn
跤踏仔,kha-ta̍h-á
跤踏車,kha-ta̍h-tshia
跤擋,kha-tòng
跤蹄,kha-tê
跟隨,kin-suî/kun-suî
話頭,uē-thâu
賊頭,tsha̍t-thâu
跤頭趺,kha-thâu-u
誠懇,sîng-khún
話縫,uē-phāng
跤縫,kha-phāng
路,lōo
跳,thiàu
較【替】,kah
較,【白】khah
載,tsài
載,tsáinn
農,lông
逼,pik
遇,gū
遊,iû
運,【文】ūn
遍,【文】piàn
過,【文】kò
過,【白】kuè/kè
遏,at
遐【替】,hia/hiâ
遐【替】,hiah
道,tō
道士,tō-sū
較大面,khah-tuā-bīn
過分,kuè-hun/kè-hun
跳水,thiàu-tsuí
過心,kuè-sim/kè-sim
過戶,kuè-hōo/kè-hōo
過手,kuè-tshiú/kè-tshiú
過日,kuè-ji̍t/kè-li̍t
過水,kuè-tsuí/kè-tsuí
道友,tō-iú
違反,uî-huán
遏手把,at-tshiú-pà
過火,kuè-hué/kè-hé
較加,khah-ke
過去,kuè-khì/kè-khì
跳加冠,thiàu-ka-kuan
農民,lông-bîn
過失,kuè-sit/kè-sit
農民曆,lông-bîn-li̍k
路用,lōo-īng
運用,ūn-iōng
過目,kuè-ba̍k/kè-ba̍k
過名,kuè-miâ/kè-miâ
跳年,thiàu-nî
過年,kuè-nî/kè-nî
較早,khah-tsá
道行,tō-hīng
農作物,lông-tsok-bu̍t
較快,khah khuài
農村,lông-tshun
路沖,lōo-tshiong
較車,kà-tshia
過身,kuè-sin/kè-sin
農具,lông-kū
運命,ūn-miā
過往,kuè-óng/kè-óng
過房,kuè-pâng/kè-pâng
運河,ūn-hô
遏泔,at-ám
遐的,hia--ê
過門,kuè-mn̂g/kè-mn̂g
過度,kuè-tōo/kè-tōo
過後,kuè-āu/kè-āu
違背,uî-puē
過面,kuè-bīn/kè-bīn
過時,kuè-sî/kè-sî
路旁屍,lōo-pông-si
運氣,ūn-khì
過氣,kuè-khuì/kè-khuì
跳索仔,thiàu-soh-á
運送,ūn-sàng
跳針,thiàu-tsiam
較停仔,khah-thîng-á
運動,ūn-tōng
運動埕,ūn-tōng-tiânn
運動會,ūn-tōng-huē
道教,Tō-kàu
道理,tō-lí
路祭,lōo-tsè
路途,lōo-tôo
跳逝,thiàu-tsuā
運途,ūn-tôo
過喙,kuè-tshuì/kè-tshuì
農場,lông-tiûnn
過渡,kuè-tōo/kè-tōo
跳港,thiàu-káng
路程,lōo-tîng
跳童,thiàu-tâng
遇著,gū-tio̍h
路費,lōo-huì
過意,kuè-ì/kè-ì
農業,lông-gia̍p
道義,tō-gī
道路,tō-lōo
遐爾,hiah-nī
遐爾仔,hiah-nī-á
跳舞,thiàu-bú
道德,tō-tik
過數,kuè-siàu/kè-siàu
過磅,kuè-pōng/kè-pōng
過橋,kuè-kiô
路燈,lōo-ting
較輸,khah-su
運輸,ūn-su
路頭,lōo-thâu
過頭,kuè-thâu/kè-thâu
較講,khah-kóng
過謙,kòo-khiam
運轉,ūn-tsuán
運轉手,ūn-tsuán-tshiú
路邊,lōo-pinn
路邊擔仔,lōo-pinn-tànn-á
過爐,kuè-lôo/kè-lôo
遊覽車,iû-lám-tshia
過癮,kuè-giàn/kè-giàn
逼籤詩,pik-tshiam-si
鈴,lîng
鈷【替】,kóo
鉎,sian
鉗,【白】khînn
鉛,iân
鉤,kau
銃,tshìng
閘,tsa̍h
鉛子,iân-tsí
銃子,tshìng-tsí
銃手,tshìng-tshiú
閘日,tsa̍h ji̍t/tsa̍h li̍t
鈴仔,lîng-á
鉗仔,khînn-á
鉤仔,kau-á
閘光,tsa̍h kng
鉤耳,kau-hīnn/kau-hī
閘車,tsa̍h tshia
銃空,tshìng-khang
閘屏,tsa̍h-pîn
閘風,tsa̍h hong
鉛桶,iân-tháng
銃殺,tshìng-sat
鉛筆,iân-pit
鉛筆絞仔,iân-pit-ká-á
鉛筆剾,iân-pit-khau
閘路,tsa̍h-lōo
鉛鉼,iân-phiánn
鉛線,iân-suànn
隔,【白】keh
雷,luî
雹,pha̍uh
雺,bông
電,tiān
靴,hia
頓,【白】tǹg
飼,tshī
飽,【白】pá
髡,khun
電力,tiān-li̍k
電子,tiān-tsú
雷公,luî-kong
飽仁,pá-jîn/pá-lîn
雷公性,luî-kong-sìng
隔日,keh-ji̍t/keh-li̍t
頓手,tùn-tshiú
飽水,pá-tsuí
電火,tiān-hué/tiān-hé
電火布,tiān-hué-pòo/tiān-hé-pòo
電火泡仔,tiān-hué-pho̍k-á/tiān-hé-pho̍k-á
電火柱,tiān-hué-thiāu/tiān-hé-thiāu
電火球仔,tiān-hué-kiû-á/tiān-hé-kiû-á
飼奶,tshī-ling/tshī-ni
電光,tiān-kong
頓印,tǹg-ìn
電冰箱,tiān-ping-siunn
隔年,keh-nî
電池,tiān-tî
飽呃,pá-eh
電車,tiān-tshia
飽足,pá-tsiok
電信,tiān-sìn
電信局,tiān-sìn-kio̍k
零星,lân-san
零星錢,lân-san-tsînn
飼查某,tshī-tsa-bóo
隔界,keh-kài
電風,tiān-hong
飼料,tshī-liāu
電氣,tiān-khì
飽眠,pá-bîn
電梯,tiān-thui
預備,ī-pī/ū-pī
電報,tiān-pò
頓椅頓桌,tǹg-í-tǹg-toh
飽脹,pá-tiùnn
電視,tiān-sī
隔開,keh--khui
隔間,keh-king
電塗,tiān-thôo
飽滇,pá-tīnn
隔腹,keh-pak
電腦,tiān-náu
電話,tiān-uē
電鈴,tiān-lîng
隔暝,keh-mê/keh-mî
電影,tiān-iánn
電影戲園,tiān-iánn-hì-hn̂g
電線,tiān-suànn
隔壁,keh-piah
飽膭,pá-kuī
電錶,tiān-pió
電頭毛,tiān-thâu-mn̂g
電頭鬃店,tiān-thâu-tsang-tiàm
頓龜,tǹg-ku
飽穗,pá-suī
電鍋,tiān-ko
隔轉工,keh-tńg-kang
隔轉日,keh-tńg-ji̍t/keh-tńg-li̍t
隔轉年,keh-tńg-nî
雉雞,thī-ke/thī-kue
雺霧,bông-bū
電爐,tiān-lôo
電罐,tiān-kuàn
鼎,【白】tiánn
鼓,kóo
鼠,【白】tshí/tshú
鼓井,kóo-tsénn/kóo-tsínn
鼎仔,tiánn-á
鼓仔燈,kóo-á-ting
鼓吹,kóo-tshue/kóo-tshe
鼓吹,kóo-tshui
鼓吹花,kóo-tshue-hue/kóo-tshe-hue
鼎疕,tiánn-phí
鼎崁,tiánn-khàm
鼎摖,tiánn-tshè
鼓槌,kóo-thuî
鼎蓋,tiánn-kuà
鼓勵,kóo-lē
鼎邊趖,tiánn-pinn-sô
鼠麴草,tshí-khak-tsháu/tshú-khak-tsháu
鼠麴粿,tshí-khak-kué/tshú-khak-ké
像,【白】tshiūnn
像,【文】siōng
僥【替】,hiau
僫【替】,oh
劃,【白】ue̍h/ui̍h
厭【替】,ià
嗽,sàu
嗾【替】,tsa̍k
呲【替】,tshū
嘆,thàn
嘔,【白】áu
嘖【替】,--tsheh
嘛【替】,mā
嘛【替】,--mah
厭𤺪,ià-siān
僥心,hiau-sim
嘔心血,áu-sim-hiat
嘔血,áu-hueh/áu-huih
僭位,tsiàm-uī
嘛是,mā sī
嘔紅,áu-hông
僥倖,hiau-hīng
僥倖錢,hiau-hīng-tsînn
厭氣,iàn-khì
僫做,oh tsò/oh tsuè
嘛欲,mā beh/mā bueh
嘓魚,kho̍k-hî/kho̍k-hû
嗾著,tsa̍k-tio̍h
僭話,tsiàm-uē
嘛嘛吼,mà-mà-háu
嘈嘈滴,tsha̍uh-tsha̍uh-tih
嘐潲,hau-siâu
嘐潲話,hau-siâu-uē
嘉獎,ka-tsióng
僫講,oh kóng
嘉鱲,ka-la̍h
圖,tôo
團,thuân
境,kíng
墊,tiām
墓,bōng/bōo
墘【替】,kînn
壽,siū
夢,【白】bāng
夢,【文】bōng
奪,tua̍t
墓仔埔,bōng-á-poo
墓地,bōng-tē/bōo-tuē
壽衣,siū-i
壽命,siū-miā
壽板,siū-pán
壽金,siū-kim
嫖客,phiâu-kheh
境界,kíng-kài
夥計,hué-kì/hé-kì
墓埕,bōng-tiânn/bōo-tiânn
嫦娥,Siông-ngôo
圖書,tôo-su
圖書館,tôo-su-kuán
墓牌,bōng-pâi/bōo-pâi
團結,thuân-kiat
團圓,thuân-înn
墓龜,bōng-ku/bōo-ku
壽龜,siū-ku
墓壙,bōng-khòng
孵【替】,pū
寡,kuá
實,【白】tsa̍t
實,【文】si̍t
寨,tsē
對,tuì
對【替】,uì
幔【替】,mua
幕,bōo
廕,ìm
實力,si̍t-li̍k
對分,tuì-pun
對不住,tuì-put-tsū
對反,tuì-huán
對手,tuì-tshiú
寧可,lîng-khó
對半,tuì-puànn
對立,tuì-li̍p
實在,si̍t-tsāi
實地,si̍t-tē/si̍t-tuē
對年,tuì-nî
實行,si̍t-hîng
孵卵,pū-nn̄g
對抗,tuì-khòng
對沖,tuì-tshiong
孵岫,pū-siū
對拄,tuì-tú
對拗,tuì-áu
寢室,tshím-sik
對待,tuì-thāi
實施,si̍t-si
對指,tuì-tsí
對看,tuì-khuànn
對面,tuì-bīn
對時,tuì-sî
寡婦,kuá-hū
實情,si̍t-tsîng
實現,si̍t-hiān
實習,si̍t-si̍p
對喙,tuì-tshuì
對換,tuì-uānn
對答,tuì-tap
對策,tuì-tshik
對象,tuì-siōng
對照,tuì-tsiàu
實腹,tsa̍t-pak
實話,si̍t-uē
實際,si̍t-tsè
實鼻,tsa̍t-phīnn
實價,si̍t-kè
對數,tuì-siàu
對調,tuì-tiàu
實踐,si̍t-tsiān
對頭,tuì-thâu
孵膿,pū-lâng
對襟仔,tuì-khim-á
對襟仔衫,tuì-khim-á-sann
實櫼,tsa̍t-tsinn
實驗,si̍t-giām
慒【替】,tso
慘,tshám
慢,bān
摔,siak
摔【替】,siàng
摖【替】,tshè/tshuè
摘,【白】tiah
摠【替】,tsáng
摧,tshui
慒心,tso-sim
慢火,bān-hué/bān-hé
慢且,bān-tshiánn
慢且是,bān-tshiánn-sī
慢冬,bān-tang
慢行,bān-kiânn
慢車,bān-tshia
慢性,bān-sìng
態度,thāi-tōo
摔倒,siak--tó
摔桶,siak-tháng
慷慨,khóng-khài
摔粟,siak-tshik
慣勢,kuàn-sì
慢慢仔,bān-bān-á
慢慢仔是,bān-bān-á-sī
摠頭,tsáng-thâu
摳【替】,kha̍unnh
摵【替】,tshi̍k
摸,bong/boo
摺,tsih
摻【替】,tshàm
摻,tsham
撇,phiat
敱【替】,kháinn
敲【替】,khà
敲,khau
斡,uat
旗,kî
暝,mê/mî
暢,thiòng
榕,【白】tshîng
榫,sún
暝工,mê-kang/mî-kang
暝日,mê-ji̍t/mî-li̍t
榕仔,tshîng-á
摵仔麵,tshi̍k-á-mī
暝尾,mê-bué/mî-bé
暝車,mê-tshia/mî-tshia
榮幸,îng-hīng
敲油,khà-iû
榫空,sún-khang
敲門,khà-mn̂g
摺衫,tsih-sann
摸飛,moo-hui
暝時,mê--sî/mî--sî
摺紙,tsih-tsuá
撤退,thiat-thè
旗魚,kî-hî/kî-hû
摸無路,bong-bô-lōo
榨菜,tsà-tshài
敲電話,khà tiān-uē
榫頭,sún-thâu
槌,thuî
槍,tshiunn
槓,kǹg
歌,【文】ko
歌,【白】kua
滯【替】,tù
滲,siàm
滴,【白】tih
滷,lóo
滾,kún
滿,【文】buán
滿,【白】muá
歌手,kua-tshiú
滾水,kún-tsuí
滿月,muá-gue̍h/muá-ge̍h
滾水罐,kún-tsuí-kuàn
槌仔,thuî-á
槓仔,kǹg-á
歌仔,kua-á
歌仔戲,kua-á-hì
滿四界,muá-sì-kè/muá-sì-kuè
歌曲,kua-khik
滷肉,lóo-bah
滷肉飯,lóo-bah-pn̄g
滷卵,lóo-nn̄g
滲尿,siàm-jiō/siàm-liō
滿足,buán-tsiok
滲屎,siàm-sái
滲屎尿,siàm-sái-jiō/siàm-sái-liō
滿面,muá-bīn
滾笑,kún-tshiò
漁港,hî-káng/hû-káng
滾絞,kún-ká
滿意,muá-ì
滿腹,muá-pak
槌槌,thuî-thuî
滯滯,tù-tù
滿滿,buán-buán
滿滿是,muá-muá-sī
歌舞團,kua-bú-thuân
榴槤,liû-liân
歌謠,kua-iâu
滷麵,lóo-mī
漂,phiau
漆,tshat
漉【替】,lo̍k
漏,【白】lāu
演,ián
漖【替】,kà
漚,au
漚,àu
漢,hàn
漩【替】,suān
漲,【文】tiòng
漲,【白】tiùnn
熁,hannh
熄,sit
漢文,hàn-bûn
漂白,phiò-pe̍h
漂白粉,phiò-pe̍h-hún
漢字,hàn-jī/hàn-lī
漚色,àu-sik
漩尿,suān-jiō/suān-liō
演奏,ián-tsàu
漚客,àu-kheh
漚屎面,àu-sái-bīn
漏洩,lāu-sia̍p
演員,ián-uân
漢草,hàn-tsháu
煽動,siàn-tōng
漩桶,suān-tháng
演習,ián-si̍p
漚貨,àu huè/àu hè
漉喙,lo̍k-tshuì
漏稅,lāu-suè/lāu-sè
演義,ián-gī
漸漸,tsiām-tsiām
漉糊糜,lo̍k-kôo-muê/lo̍k-kôo-bê
演戲,ián-hì
演講,ián-káng
漢醫,hàn-i
漢藥,hàn-io̍h
漢藥店,hàn-io̍h-tiàm
漲懸價,tiùnn-kuân-kè
漚鹹菜,au-kiâm-tshài
演變,ián-piàn
漚鬱熱,àu-ut-jua̍h/àu-ut-lua̍h
熊,hîm
熔,【白】iûnn
熗【替】,tshìng
疑,gî
疑心,gî-sim
疑神疑鬼,gî-sîn-gî-kuí
疑問,gî-būn
瑪瑙,bé-ló
爾爾,niā-niā
熊膽,hîm-tánn
盡,tsīn
監,【白】kann
碭【替】,thn̄g
碳,thuànn
禍,【白】ē
禍,【文】hō
福,hok
盡力,tsīn-li̍k
碩士,si̍k-sū
碟仔,ti̍h-á
監囚,kann-siû
福利,hok-lī
福杉,hok-sam
監牢,kann-lô
盡忠,tsīn-tiong
福相,hok-siòng
福氣,hok-khì
福眼,hok-gíng
盡量,tsīn-liōng
監督,kàm-tok
監禁,kam-kìm
監獄,kann-ga̍k
盡磅,tsīn-pōng
種,【白】tsíng
種,【白】tsìng
種,【文】tsióng
箅【替】,pín
箍,khoo
箔,po̍h
算,【白】sǹg
算,【文】suàn
管,【白】kńg
管【替】,kóng
管,【文】kuán
箸,tī/tū
粽,tsàng
精,【白】tsiann
精,【文】tsing
精,【白】tsinn
粿,kué/ké
綠,【白】li̍k
精力,tsing-li̍k
種子,tsíng-tsí
箅仔,pín-á
粿仔,kué-á/ké-á
綢仔,tiû-á
箍半,khoo-puànn
端正,tuan-tsìng
精光,tsing-kong
粿印,kué-ìn/ké-ìn
綜合,tsong-ha̍p
精肉,tsiann-bah
綠竹,li̍k-tik
綠色,li̍k-sik
綠竹筍,li̍k-tik-sún
種作,tsìng-tsoh
綠豆仔,li̍k-tāu-á
綠豆鬼,li̍k-tāu-kuí
稱呼,tshing-hoo
算命,sǹg-miā
算法,sǹg-huat
管待,kuán-thāi
管待伊,kuán-thāi--i
精牲,tsing-senn/tsing-sinn
管家,kuán-ke
精差,tsing-tsha
管家婆,kuán-ke-pô
種珠,tsìng-tsu
精神,tsing-sîn
算袂和,sǹg-bē-hô/sǹg-buē-hô
算做,sǹg-tsò/sǹg-tsuè
管區的,kuán-khu--ê
精密,tsing-bi̍t
管理,kuán-lí
精通,tsing-thong
算無盤,sǹg-bô-puânn
箍絡,khoo-lo̍h
粿粞,kué-tshè/ké-tshuè
粿葉,kué-hio̍h/ké-hio̍h
種種,tsióng-tsióng
粿粽,kué-tsàng/ké-tsàng
算數,sǹg-siàu
管數,kuán-siàu
算盤,sǹg-puânn
粽箬,tsàng-ha̍h
管轄,kuán-hat
算額,sǹg-gia̍h
種類,tsióng-luī
管顧,kuán-kòo
箸籠,tī-lāng/tū-lāng
網,【白】bāng
網,【文】bóng
綴,tuè/tè
綵,tshái
綹,liú
綿,【白】mî
緊,kín
罰,hua̍t
腿,thuí
綴人走,tuè-lâng-tsáu/tè-lâng-tsáu
緊手,kín-tshiú
腐化,hú-huà
網仔,bāng-á
綿仔紙,mî-á-tsuá
綿死綿爛,mî-sí-mî-nuā
緊行,kín kiânn
膁肚,liám-tóo
緊事寬辦,kín-sū-khuann-pān
緊性,kín-sìng
罰金,hua̍t-kim
綴前綴後,tuè-tsîng-tuè-āu/tè-tsîng-tè-āu
維持,î-tshî
腿庫,thuí-khòo
膀胱,phông-kong
緊張,kín-tiunn
罰徛,hua̍t-khiā
罰單,hua̍t-tuann
罰款,hua̍t-khuán
綴會仔,tuè-huē-á/tè-hē-á
綴路,tuè-lōo/tè-lōo
緊慢,kín-bān
綾羅綢緞,lîng-lô-tiû-tuān
綴轎後的,tuè-kiō-āu--ê/tè-kiō-āu--ê
綿爛,mî-nuā
膎,kê/kuê
膏,ko
舞,bú
蒜,suàn
蓄,【白】hak
蓆,tshio̍h
蓋,【白】kah
蓋,【文】kài
蓋,【白】kuà
舞女,bú-lí/bú-lú
蒜仔,suàn-á
蒜仔花,suàn-á-hue
舞台,bú-tâi
膏肓,koo-bông
蓄厝,hak-tshù
蒜茸,suàn-jiông/suàn-liông
蓋被,kah-phuē/kah-phē
蓄嫁粧,hak-kè-tsng
膏膏纏,ko-ko-tînn
蒜頭,suàn-thâu
膏藥,koo-io̍h
舞廳,bú-thiann
蜜,bi̍t
蜷【替】,khûn
蝕,【白】si̍h
蜜月,bi̍t-gua̍t
蝕日,sit-ji̍t/sit-li̍t
蝕月,sit-gue̍h/sit-ge̍h
蝕本,si̍h-pún
蝕重,si̍h-tāng
蜘蛛,ti-tu
蜘蛛網,ti-tu-bāng
裾,ki/ku
認,jīn/līn
誓,【白】tsuā
誓,【俗】sè
誘,iú
語,【白】gí/gú
語,【文】gú
誡,kài
誤,gōo
說,【文】suat
說,【文】suè
說,【白】sueh/seh
賒,sia
趕,kuánn
趖【替】,sô
趕工,kuánn-kang
誓不兩立,sè-put-lióng-li̍p
賒欠,sia-khiàm
認份,jīn-hūn/līn-hūn
認同,jīn-tông/līn-tông
說多謝,sueh-to-siā/seh-to-siā
賑災,tsín-tsai
語言,gí-giân/gú-giân
認定,jīn-tīng/līn-tīng
說明,suat-bîng
語法,gí-huat/gú-huat
說客,suè-kheh
認真,jīn-tsin/līn-tsin
製造,tsè-tsō
誤會,gōo-huē
認罪,jīn-tsuē/līn-tsuē
誦經,siōng-king
誤解,gōo-kái
認路,jīn-lōo/līn-lōo
趕路,kuánn-lōo
趕緊,kuánn-kín
賒數,sia-siàu
誣賴,bû-luā
認輸,jīn-su/līn-su
認錯,jīn-tshò/līn-tshò
說謝,sueh-siā/seh-siā
踅,se̍h
輕,【白】khin
辣,lua̍h
遛【替】,liù
遠,【白】hn̄g
遠,【文】uán
鄙,phí
酵,kànn
酸,【白】sng
酺【替】,pôo
鉸,ka
鉼【替】,pín
鉼【替】,phiánn
銀,gîn/gûn
鉸刀,ka-to
鉸刀爿,ka-to-pîng
輕手,khin-tshiú
遛手,liù-tshiú
輕可,khin-khó
酵母,kànn-bó
遛皮,liù-phuê/liù-phê
酸甘甜,sng-kam-tinn
酷刑,khok-hîng
銀色,gîn-sik/gûn-sik
銀行,gîn-hâng/gûn-hâng
輔助,hú-tsōo
遛疕仔,liù-phí-á
遠足,uán-tsiok
銀角仔,gîn-kak-á/gûn-kak-á
輕便,khin-piān
踅玲瑯,se̍h-lin-long
輕重,khin-tāng
踅神,se̍h-sîn
輕秤,khin-tshìn
銀紙,gîn-tsuá/gûn-tsuá
鉼針,pín-tsiam
鉸剪,ka-tsián
銀票,gîn-phiò/gûn-phiò
酸筍,sng-sún
踅街,se̍h-ke/se̍h-kue
輕視,khin-sī
輕銀,khin-gîn/khin-gûn
踅踅唸,se̍h-se̍h-liām
輔導,hú-tō
遠親,uán-tshin
輓聯,buán-liân
輕薄,khin-po̍h
輕聲細說,khin-siann-sè-sueh/khin-siann-suè-seh
踅螺梯,se̍h-lê-thui
踅輾轉,se̍h-liàn-tńg
輕鬆,khin-sang
銅,tâng
銎【替】,khing
銬,khàu
閣,koh
閣【替】,koh
隙,khiah
閣再,koh-tsài
閣較,koh-khah
銅管仔,tâng-kóng-á
銅線,tâng-suànn
銅錢,tâng-tsînn
頕【替】,tàm
領,【文】líng
領,【白】niá
餅,piánn
餌,jī/lī
魂,hûn
鳳,hōng
頕低,tàm-kē
領土,líng-thóo
骰仔,tâu-á
餅幼仔,piánn-iù-á
領受,niá-siū
餅店,piánn-tiàm
駁岸,poh-huānn
頕垂,tàm-suê
鳳凰,hōng-hông
鳳凰木,hōng-hông-bo̍k
領帶,niá-tuà
領教,líng-kàu
頗略仔,phó-lio̍k-á
領袖,líng-siù
魂魄,hûn-phik
頕頭,tàm-thâu
骱邊,kái-pinn
鼻,phīnn
齊,tsê/tsuê
齊【替】,tsiâu
齊勻,tsiâu-ûn
鼻水,phīnn-tsuí
鼻仔,phīnn-á
鼻目喙,phīnn-ba̍k-tshuì
齊全,tsê-tsuân
鼻空,phīnn-khang
鼻空風,phīnn-khang-hong
鼻芳,phīnn-phang
鼻屎,phīnn-sái
鼻屎膏,phīnn-sái-ko
鼻音,phīnn-im
齊備,tsê-pī
鼻頭,phīnn-thâu
齊頭,tsê-thâu
鼻龍,phīnn-liông
鼻翼,phīnn-si̍t
價,【白】kè
億,ik
儉,khiām
劇,【俗】kio̍k
劌【替】,kuì
劍,kiàm
劍竹,kiàm-tik
價值,kè-ta̍t
厲害,lī-hāi
劇場,kio̍k-tiûnn
劍筍,kiàm-sún
儉腸凹肚,khiām-tn̂g-neh-tōo
儉儉仔用,khiām-khiām-á īng
價數,kè-siàu
價錢,kè-tsînn
僻靜,phiah-tsīng
儉錢,khiām-tsînn
嘹,liâu
嘿【替】,--heh
噓【替】,si
噗【替】,pok
噗【替】,phok
噗,pho̍k
噴【替】,phùn
墜,tuī
墟【替】,hi
墨,【白】ba̍k
墨斗,ba̍k-táu
墨水,ba̍k-tsuí
噴水池,phùn-tsuí-tî
墜仔,tuī-á
增加,tsing-ka
墨汁,ba̍k-tsiap
噓尿,si-jiō/si-liō
嘹拍,liâu-phik
噴射機,phùn-siā-ki
墜落,tuī-lo̍h
墨賊仔,ba̍k-tsa̍t-á
墜跤氣,tuī-kha-khì
噴漆,phùn-tshat
嘻嘻嘩嘩,hi-hi-huā-huā
墨盤,ba̍k-puânn
噴點,phùn-tiám
噗薰,pok-hun
墜繩,tuī-tsîn
嬈【替】,hiâu
嬌,kiau
審,sím
寫,siá
寮,liâu
層【替】,tsàn
層,tsân
屧【替】,siap
幡,huan
廟,biō
廠,tshiúnn
廢,huì
廣,【文】kóng
彈,【白】tuânn
彈,【白】tuānn
影,【白】iánn
德,tik
廚子,tôo-tsí
廟公,biō-kong
廢止,huì-tsí
屧手縫,siap-tshiú-phāng
影片,iánn-phìnn
寮仔,liâu-á
幡仔,huan-á
廟仔,biō-á
影目,iánn-ba̍k
影印,iánn-ìn
寫字,siá-jī/siá-lī
廟寺,biō-sī
徵收,ting-siu
審判,sím-phuànn
廣告,kóng-kò
廚房,tû-pâng
廢物,huì-bu̍t
嬈花,hiâu-hue
審查,sím-tsa
寬限,khuan-hān
廟埕,biō-tiânn
審問,sím-mn̄g
彈琴,tuânn-khîm
屧貼,siap-thiap
廢話,huì-uē
幢幡,tông-huan
寬寬仔,khuann-khuann-á
寬寬仔是,khuann-khuann-á-sī
廣播劇,kóng-pòo-kio̍k
影戲,iánn-hì
影響,íng-hióng
慼【替】,tsheh/tshueh
憂,iu
戮【替】,lak
撆【替】,pih
撈【替】,hôo
撋【替】,nuá
撏,jîm/lîm
撐,the
撒,【白】suah
撓【替】,ngiáu
撚,lián
撞,tōng
撟【替】,kiāu
撠【替】,giah
慼心,tsheh-sim/tshueh-sim
撆手䘼,pih-tshiú-ńg
撒豆油,suah tāu-iû
撠刺,giah tshì
撚匼笑,lián-khap-tshiò
戮空,lak-khang
撞突,tōng-tu̍t
撒胡椒,suah hôo-tsio
撞破,tōng-phuà
慶祝,khìng-tsiok
慰問,uì-būn
撞球,tōng-kiû
撆紮,pih-tsah
撐船,the-tsûn
慰勞,uì-lō
憂悶,iu-būn
憤慨,hùn-khài
憂結結,iu-kat-kat
撞著,tōng-tio̍h
慶賀,khìng-hō
憂愁,iu-tshiû
撙節,tsún-tsat
憢疑,giâu-gî
撚骰仔,lián-tâu-á
憐憫,liân-bín
撐篙,the-ko
撆褲跤,pih-khòo-kha
憂頭苦面,iu-thâu-khóo-bīn
憂頭結面,iu-thâu-kat-bīn
撚寶,lián-pó
撒鹽,suah iâm
戮鑽,lak-tsǹg
撚鑽,lián-tsǹg
撥,【白】puah
撨【替】,tshiâu
撩【替】,liâu
撩【替】,liô
撫【替】,hu
撬【替】,kiāu
播,pòo
撮【替】,tshok
數,【白】siàu
數,【文】sòo
暫,tsiām
槳,tsiúnn
槽,tsô
樂,ga̍k
樂,lo̍k
敵人,ti̍k-jîn/ti̍k-lîn
撥工,puah-kang
敵手,ti̍k-tshiú
暴牙,pok-gê
暫且,tsiām-tshiánn
槳仔,tsiúnn-á
佈田,pòo-tshân
數目,siàu-ba̍k
佈田管,pòo-tshân-kóng
數字,sòo-jī/sòo-lī
數念,siàu-liām
數房,siàu-pâng
撩油,liô-iû
暫度,tsiām-tōo
播音,pòo-im
暫時,tsiām-sî
撨時鐘,tshiâu sî-tsing
播送,pòo-sàng
數單,siàu-tuann
撥開,puah--khui
數量,sòo-liōng
樂隊,ga̍k-tuī
樂園,lo̍k-hn̂g
數想,siàu-siūnn
撨摵,tshiâu-tshi̍k
樂暢,lo̍k-thiòng
佈稻仔,pòo-tiū-á
撥駕,puah-kà
撫養,bú-ióng
數學,sòo-ha̍k
暴穎,pok-ínn
槽頭,tsô-thâu
數櫃,siàu-kuī
數額,siàu-gia̍h
數簿,siàu-phōo
暴露,po̍k-lōo
樂觀,lo̍k-kuan
樓,lâu
標,【文】piau
標,【白】pio
樟,【白】tsiunn
樠【替】,miâ
模,bôo
樣,【白】iūnn
漿,【白】tsiunn
潑,【白】phuah
潘,【白】phun
潘水,phun-tsuí
樓仔,lâu-á
樟仔,tsiunn-á
樓仔厝,lâu-á-tshù
標本,piau-pún
樓尾頂,lâu-bué-tíng/lâu-bé-tíng
漿泔,tsiunn-ám
潘泔,phun-ám
潑雨,phuah-hōo
漿洗,tsiunn-sé/tsiunn-sué
標致,phiau-tì
漿衫,tsiunn-sann
潘桶,phun-tháng
樓梯,lâu-thui
樓頂,lâu-tíng
標會仔,pio-huē-á/pio-hē-á
標準,piau-tsún
樟腦,tsiunn-ló
樓跤,lâu-kha
模樣,bôo-iūnn
模範,bôo-huān
標頭,phiau-thâu
標頭,pio-thâu
潤,jūn/lūn
潭,thâm
潲【替】,siâu
澍【替】,tshū
濆【替】,bùn
熟,【白】si̍k
熥【替】,thn̄g
熨,ut
熬,gô
熟手,si̍k-tshiú
熨斗,ut-táu
潭仔,thâm-á
熟似,si̍k-sāi
熟似人,si̍k-sāi-lâng
熨金,ut-kim
潮流,tiâu-liû
潦草,ló-tshó
澄清,tîng-tshing
澎湖菜瓜,Phênn-ôo tshài-kue/Phînn-ôo tshài-kue
潤餅𩛩,jūn-piánn-kauh/lūn-piánn-kauh
熟鐵,si̍k-thih
熱,【文】jia̍t/lia̍t
熱,【白】jua̍h/lua̍h
獎,tsióng
瘡,【白】tshng
瘤,liû
瘦【替】,sán
皺【替】,jiâu/liâu
盤,【白】puânn
熱人,jua̍h--lâng/lua̍h--lâng
熱天,jua̍h-thinn/lua̍h-thinn
熱心,jia̍t-sim/lia̍t-sim
盤仔,puânn-á
盤古,Phuân-kóo
璇石,suān-tsio̍h
瘦田,sán tshân
瘦肉,sán-bah
盤車,puânn-tshia
瘦卑巴,sán-pi-pa
瘦抽,sán-thiu
獎狀,tsióng-tsn̄g
獎金,tsióng-kim
熱毒,jia̍t-to̍k/lia̍t-to̍k
瘟疫,un-i̍k
熱帶,jia̍t-tài/lia̍t-tài
皺痕,jiâu-hûn/liâu-hûn
盤喙錦,puânn-tshuì-gím
瘦猴,sán-kâu
璇筆,suān-pit
熱著,jua̍h--tio̍h/lua̍h--tio̍h
盤話,puânn-uē
熱嗽,jia̍t-sàu/lia̍t-sàu
盤撋,puânn-nuá
盤數,puânn-siàu
獎勵,tsióng-lē
皺襞襞,jiâu-phé-phé/liâu-phé-phé
瞌【替】,kheh/khueh
磅,pōng
磕,kha̍p
稻【替】,tiū
稿,kó
窮,【白】kîng
窮,【文】kiông
窮,【白】khîng
窯,iô
箠,【白】tshuê/tshê
箬,ha̍h
箭,【白】tsìnn
箱,【白】siunn
磅子,pōng-tsí
窮分,khîng-hun
磅仔,pōng-á
箠仔,tshuê-á/tshê-á
箱仔,siunn-á
磅皮,pōng-phuê/pōng-phê
磅米芳,pōng-bí-phang
確定,khak-tīng
磅空,pōng-khang
磅重,pōng-tāng
稻埕,tiū-tiânn
稻草,tiū-tsháu
稻草人,tiū-tsháu-lâng
磕袂著,kha̍p-bē-tio̍h/kha̍p-buē-tio̍h
磕著,kha̍p-tio̍h
確實,khak-si̍t
磅錶,pōng-pió
碼頭,bé-thâu
磕頭,kha̍p-thâu
稻穗,tiū-suī
箱籠,siunn-láng
篇,【白】phinn
篋【替】,kheh
糊,【白】kôo
糋,tsìnn
線,suànn
緟【替】,thōng
緣,iân
編,【文】pian
緩,uān
練,liān
罵,【文】mā
罵,【白】mē/mā
糊人,kôo--lâng
篋仔,kheh-á
糊仔,kôo-á
練字,liān-jī/liān-lī
編曲,pian-khik
緣投,iân-tâu
緣故,iân-kòo
線香,suànn-hiunn
線索,suànn-soh
練習,liān-si̍p
範圍,huān-uî
寸棗,tshùn-tsó
練痟話,liān-siáu-uē
範勢,pān-sè
糊塗,hôo-tôo
線路,suànn-lōo
糊瘰瘰,hôo-luì-luì
編輯,pian-tsi̍p
線頭,suànn-thâu
罷,pā
膚,hu
膜,mo̍oh
膠,ka
膣【替】,tsi
舖,phòo
蓬【替】,phōng
罷工,pā-kang
蓮子,liân-tsí
蓬心,pōng-sim
罷市,pā-tshī
膣屄,tsi-bai
蓮花,liân-hue
蓮花金,liân-hue-kim
蓪草,thong-tshó
蓬萊米,hông-lâi-bí
蓮蕉花,liân-tsiau-hue
蓬鬆,phōng-song
蓮藕,liân-ngāu
蓮霧,lián-bū
蔗,tsià
蔥,tshang
蔫【替】,lian
蔭,ìm
蔭【替】,ńg
蝝【替】,iân
蝦,hê
蝨,sat
蝦仁,hê-jîn/hê-lîn
蔥仔,tshang-á
蝦仔,hê-á
蝨母,sat-bó
蝦米,hê-bí
蔭身,ìm-sin
蝦卑,hê-pi
蝦蛄,hê-koo
蝦蛄擗仔,hê-koo-phia̍k-á
蔭豉仔,ìm-sīnn-á
蝦猴,hê-kâu
蝦膎,hê-kê/hê-kuê
蔗箬,tsià-ha̍h
蝨篦,sat-pìn
蔥頭,tshang-thâu
蝒蟲,bīn-thâng
衝【替】,tshìng
衝,tshiong
褒,po
褙,puè
誰,【白】tsuî
課,【文】khò
調,tiâu
調,tiāu
談,tâm
課文,khò-bûn
蝶仔,ia̍h-á
課本,khò-pún
衛生,uē-sing
衛生紙,uē-sing-tsuá
談判,tâm-phuànn
衛星,uē-tshenn/uē-tshinn
調查,tiâu-tsa
衝突,tshiong-tu̍t
調停,tiâu-thîng
衝動,tshiong-tōng
調動,tiàu-tōng
課程,khò-tîng
褒嗦,po-so
衝碰,tshóng-pōng
調解,tiâu-kái
褒歌,po-kua
褒獎,po-tsióng
蝴蝶,ôo-tia̍p
談論,tâm-lūn
調養,tiâu-ióng
調整,tiâu-tsíng
誹謗,huí-pòng
複雜,ho̍k-tsa̍p
請,【白】tshiánn
請,【文】tshíng
諍,【白】tsènn/tsìnn
論,lūn
豬,ti/tu
賜,sù
賞,【白】siúnn
賠,puê/pê
賢,hiân
賣,【白】bē/buē
賣,【文】māi
賤,tsiān
質,tsit
賭,tóo
踏,【白】ta̍h
踢,【白】that
請人客,tshiánn-lâng-kheh
豬公,ti-kang/tu-kang
豬公,ti-kong/tu-kong
論文,lūn-bûn
豬心,ti-sim/tu-sim
賞月,siúnn-gue̍h/siúnn-ge̍h
踏斗,ta̍h-táu
豬仔,ti-á/tu-á
豬仔囝,ti-á-kiánn/tu-á-kiánn
豬母,ti-bó/tu-bó
豬母奶仔,ti-bó-ling-á/tu-bó-ni-á
豬母菜,ti-bó-tshài/tu-bó-tshài
請示,tshíng-sī
請安,tshíng-an
豬肉,ti-bah/tu-bah
豬舌,ti-tsi̍h/tu-tsi̍h
豬血,ti-hueh/tu-huih
請坐,tshiánn-tsē
請求,tshíng-kiû
豬灶,ti-tsàu/tu-tsàu
豬牢,ti-tiâu/tu-tiâu
豬肚,ti-tōo/tu-tōo
豬肝,ti-kuann/tu-kuann
豬肝色,ti-kuann-sik/tu-kuann-sik
賣身,bē-sin/buē-sin
請命,tshíng-bīng
賣命,bē-miā/buē-miā
趣味,tshù-bī
請帖,tshiánn-thiap
踏枋,ta̍h-pang
豬油,ti-iû/tu-iû
豬油粕仔,ti-iû-phoh-á/tu-iû-phoh-á
賞狀,siúnn-tsn̄g
豬狗精牲,ti-káu-tsing-senn/tu-káu-tsing-sinn
豬肺,ti-hì/tu-hì
賞金,siúnn-kim
豬胚仔,ti-phue-á/tu-phe-á
豬哥,ti-ko/tu-ko
豬哥牙,ti-ko-gê/tu-ko-gê
豬哥神,ti-ko-sîn/tu-ko-sîn
踏差,ta̍h-tsha
請桌,tshiánn-toh
賭氣,tóo-khì
豬砧,ti-tiam/tu-tiam
請神,tshiánn-sîn
請假,tshíng-ká
請問,tshiánn-mn̄g
質問,tsit-mn̄g
賭強,tóo-kiông
請教,tshíng-kàu
踢被,that phuē/that phē
諍喙,tsènn-tshuì/tsìnn-tshuì
踏硬,ta̍h-ngē/ta̍h-ngī
豬菜,ti-tshài/tu-tshài
質量,tsit-liōng
踢毽子,that-kiàn-tsí
請罪,tshíng-tsuē
豬腸仔,ti-tn̂g-á/tu-tn̂g-á
諒解,liōng-kái
質詢,tsit-sûn
豬跤,ti-kha/tu-kha
豬跤箍,ti-kha-khoo/tu-kha-khoo
踏話頭,ta̍h-uē-thâu
豬跤麵線,ti-kha-mī-suànn/tu-kha-mī-suànn
賞罰,siúnn-hua̍t
賢慧,hiân-huē
豬槽,ti-tsô/tu-tsô
賞賜,siúnn-sù
豬鋪,ti-phoo/tu-phoo
賞錢,siúnn-tsînn
賠錢,puê-tsînn/pê-tsînn
豬頭爿,ti-thâu-pîng/tu-thâu-pîng
豬頭皮,ti-thâu-phuê/tu-thâu-phê
豬頭肥,ti-thâu-puî/tu-thâu-puî
賠償,puê-siông/pê-siông
賤蟲,tsiān-thâng
踏蹺,ta̍h-khiau
踮【替】,tiàm
輦,lián
輩,puè
輪【替】,lián
輪,lûn
遨【替】,gô
遮【替】,tsia
遮【替】,tsiah
遮,jia/lia
遷,tshian
鄰,lîn
醃,am
醉,tsuì
醋,tshòo
遮日,jia-ji̍t/lia-li̍t
輪仔,lián-á
醃瓜,am-kue
適合,sik-ha̍p
遷居,tshian-ki/tshian-ku
遮的,tsia--ê
遮雨,jia-hōo/lia-hōo
醃缸,am-kng
遮風,jia-hong/lia-hong
輪值,lûn-ti̍t
輪框,lián-khing
輪班,lûn-pan
輪迴,lûn-huê
遷徙,tshian-suá
醋桶,tshòo-tháng
踩街,tshái-ke/tshái-kue
適當,sik-tòng
遭遇,tso-gū
遮閘,jia-tsa̍h/lia-tsa̍h
遮爾,tsiah-nī
遮爾仔,tsiah-nī-á
遮瞞,jia-muâ/lia-muâ
輦轎仔,lián-kiō-á
輪鬮,lûn-khau
銷,siau
鋏【替】,giap
鋩【替】,mê
鋪,phoo
閬【替】,làng
閬工,làng-kang
閬月,làng-gue̍h/làng-ge̍h
鋩角,mê-kak
鋪面蟶,phoo-bīn than
銷售,siau-siū
鋪排,phoo-pâi
鋪排話,phoo-pâi-uē
鋪棉裘,phoo-mî-hiû
銷路,siau-lōo
鋤頭,tî-thâu/tû-thâu
閬縫,làng-phāng
霆,tân
靠,khò
靠【替】,khuà
鞋,【白】ê/uê
鞍,【白】uann
鞏【替】,khōng
養,【文】ióng
養,【白】iúnn
餓,gō
駐【替】,tū
駛,【白】sái
靠山,khò-suann
養女,ióng-lí/ióng-lú
養子,ióng-tsú
霆水螺,tân-tsuí-lê
養母,iúnn-bú
餓死,gō--sí
駐死,tū--sí
養老,ióng-ló
養育,ióng-io̍k
駛車,sái-tshia
靠岸,khò-huānn
鞋抿仔,ê-bín-á/uê-bín-á
鞋拔仔,ê-pue̍h-á/uê-pue̍h-á
鞋油,ê-iû/uê-iû
養爸,iúnn-pē
養的,ióng--ê
靠俗,khò-sio̍k
鞋苴,ê-tsū/uê-tsū
養神,ióng-sîn
鞋帶,ê-tuà/uê-tuà
駛船,sái-tsûn
靠著,khò-tio̍h
靠勢,khò-sè
養飼,ióng-tshī
霆雷公,tân-luî-kong
駕駛,kà-sú
鬧,nāu
魄,phik
魯,lóo
麩,【文】hu
麩,【白】phoo
齒,khí
齒𣻸,khí-siûnn
鴉片,a-phiàn
鴉片仙,a-phiàn-sian
魩仔魚,but-á-hî/but-á-hû
鬧台,nāu-tâi
齒包,khí-pau
齒岸,khí-huānn
鬧房,nāu-pâng
齒抿仔,khí-bín-á
齒杯,khí-pue
齒科,khí-kho
齒粉,khí-hún
魬魚,puánn-hî/puánn-hû
魟魚,hang-hî/hang-hû
齒膏,khí-ko
鬧熱,lāu-jia̍t/lāu-lia̍t
齒縫,khí-phāng
齒觳仔,khí-khok-á
齒戳仔,khí-thok-á
鬧廳,nāu-thiann
儑【替】,gām
凝,gîng
器,khì
噪人耳,tshò-lâng-hīnn/tshò-lâng-hī
凝心,gîng-sim
凝血,gîng-hueh/gîng-huih
器具,khì-kū
器官,khì-kuan
器重,khì-tiōng
儑面,gām-bīn
噤喙,khiūnn-tshuì
噭噭叫,kiàu-kiàu-kiò
儑頭儑面,gām-thâu-gām-bīn
噯【替】,aih
壁,【白】piah
壅,ìng
壇,【白】tuânn
學,【文】ha̍k
學,【白】o̍h
學人,o̍h--lâng
學力,ha̍k-li̍k
學士,ha̍k-sū
學工夫,o̍h kang-hu
噯仔,ài-á
學仔,o̍h-á
學仔仙,o̍h-á-sian
壅田,ìng tshân
學生,ha̍k-sing
學位,ha̍k-uī
壁空,piah-khang
壅肥,ìng puî
學校,ha̍k-hāu
奮鬥,hùn-tàu
學問,ha̍k-būn
壁堵,piah-tóo
學堂,o̍h-tn̂g
學理,ha̍k-lí
學習,ha̍k-si̍p
學術,ha̍k-su̍t
學期,ha̍k-kî
學費,ha̍k-huì
學業,ha̍k-gia̍p
學話,o̍h-uē
學寮,ha̍k-liâu
噷噷,hm̍h-hm̍h
壁櫥,piah-tû
憑,【白】pîn
憲,hiàn
懍,lún
戰,tsiàn
撼【替】,hám
擂,luî
擇,ti̍k
擉【替】,tia̍k
擋【替】,tòng
操,【白】tshau
操,【文】tsho
擒,khîm
擔,【文】tam
擔,【白】tann
擔,【白】tànn
據,kì/kù
擛【替】,ia̍t
整,tsíng
擔工,tann-kang
操心,tshau-sim
擔水,tann-tsuí
擛手,ia̍t-tshiú
擔仔麵,tànn-á-mī
擔任,tam-jīm/tam-līm
據在,kì-tsāi/kù-tsāi
憲兵,hiàn-ping
操作,tshau-tsok
戰車,tsiàn-tshia
憑良心,pîn-liông-sim
憲法,hiàn-huat
戰爭,tsiàn-tsing
擔肥,tann-puî
擔保,tam-pó
擋咧,tòng--leh
擔屎,tann-sái
擛風,ia̍t-hong
戰鬥,tsiàn-tàu
整理,tsíng-lí
擂缽,luî-puah
戰術,tsiàn-su̍t
操勞,tshau-lô
懍場,lún-tiûnn
戰場,tsiàn-tiûnn
懊惱,àu-náu
戰亂,tsiàn-luān
憑準,pîn-tsún
操煩,tshau-huân
擔當,tam-tng
整頓,tsíng-tùn
擂鼓,luî kóo
懊嘟嘟,àu-tū-tū
擂槌,luî-thuî
擉算盤,tia̍k sǹg-puânn
整齊,tsíng-tsê
擔憂,tam-iu
操練,tshau-liān
憑據,pîn-kì/pîn-kù
擔輸贏,tam-su-iânn
擋頭,tòng-thâu
擔頭,tànn-thâu
擁護,ióng-hōo
樹,【白】tshiū
橋,【白】kiô
橐【替】,lok
橐【替】,lop
橛,kue̍h
樹子,tshiū-tsí
曆日,la̍h-ji̍t/la̍h-li̍t
樹木,tshiū-ba̍k
樹仔,tshiū-á
橐仔,lok-á
樹奶,tshiū-ling/tshiū-ni
樹奶糖,tshiū-ling-thn̂g/tshiū-ni-thn̂g
樹尾,tshiū-bué/tshiū-bé
樹豆,tshiū-tāu
樹身,tshiū-sin
樹林,tshiū-nâ
樹枝,tshiū-ki
樹根,tshiū-kin/tshiū-kun
樹栽,tshiū-tsai
機密,ki-bi̍t
機械,ki-hāi
橐袋仔,lak-tē-á
橋頂,kiô-tíng
機場,ki-tiûnn
樹椏,tshiū-ue
樹絡,tshiū-le
機會,ki-huē
橋跤,kiô-kha
橋墩,kiô-tun
樹蔭,tshiū-ńg
機器,ki-khì
機器桶,ki-khì-tháng
樹頭,tshiū-thâu
橋頭,kiô-thâu
樹薯,tshiū-tsî/tshiū-tsû
機關,ki-kuan
機關銃,ki-kuan-tshìng
橄欖,kan-ná
橫,【白】huâinn/huînn
歕,pûn
澹【替】,tâm
激,kik
濁【替】,lô
激力,kik-la̍t
激五仁,kik-ngóo-jîn/kik-ngóo-lîn
激心,kik-sim
歕火,pûn-hué/pûn-hé
歷史,li̍k-sú
激外外,kik-guā-guā
橫扴,huâinn-ke̍h/huînn-ke̍h
激怐怐,kik-khòo-khòo
橫直,huâinn-ti̍t/huînn-ti̍t
激空,kik-khang
激屎,kik-sái
激派頭,kik-phài-thâu
歕風,pûn-hong
激面腔,kik-bīn-tshiunn
激氣,kik-khì
激氣,kik-khuì
激烈,kik-lia̍t
橫財,huâinn-tsâi/huînn-tsâi
橫逆,hîng-gi̍k
激酒,kik-tsiú
激骨,kik-kut
激腦,kik-ló
澹漉漉,tâm-lok-lok
澹糊糊,tâm-kôo-kôo
歕觱仔,pûn pi-á
歕雞胿,pûn-ke-kui/pûn-kue-kui
歕雞胿仔,pûn ke-kui-á/pûn kue-kui-á
橫霸霸,huâinn-pà-pà/huînn-pà-pà
燃,【白】hiânn
燈,ting
燉,tūn
燒,sio
燕,【白】ìnn
燖【替】,tīm
燙,thǹg
燜【替】,būn
甌,au
甍【替】,bòng
燈心,ting-sim
燒水,sio-tsuí
燃火,hiânn-hué/hiânn-hé
燈火,ting-hué/ting-hé
燕仔,ìnn-á
甌仔,au-á
獨立,to̍k-li̍p
燒肉,sio-bah
獨身,to̍k-sin
燒金,sio-kim
燒香,sio-hiunn
燈座,ting-tsō
燃柴,hiânn-tshâ
燒烙,sio-lō
燒酒,sio-tsiú
燒酒螺,sio-tsiú-lê
燒酒雞,sio-tsiú-ke/sio-tsiú-kue
燈猜,ting-tshai
燒著,sio-tio̍h
獨裁,to̍k-tshâi
燜飯,būn-pn̄g
燈塔,ting-thah
燒滾滾,sio-kún-kún
燕窩,iàn-o
燒熱,sio-jua̍h/sio-lua̍h
獨獨,to̍k-to̍k
燖鍋,tīm-ue/tīm-e
瘸,khuê/khê
瞞,muâ
磚,【白】tsng
磨,【文】bō
磨,【白】buâ
積,tsik
穎【替】,ínn
瘸手,khuê-tshiú/khê-tshiú
瞞天過海,muâ-thinn-kuè-hái/muâ-thinn-kè-hái
磚仔,tsng-á
磨坩,buâ-khann
磟碡,la̍k-ta̍k
瘸跤,khuê-kha/khê-kha
磨粿,bō-kué/bō-ké
積德,tsik-tik
瞞騙,muâ-phiàn
篙,ko
篡,tshuàn
篦【替】,pìn
篩,thai
糕,ko
糖,thn̂g
縋【替】,luī
縖【替】,hâ
縛,pa̍k
縣,kuān
糖丹,thn̂g-tan
篩斗,thai-táu
糖水,thn̂g-tsuí
篩仔,thai-á
糕仔,ko-á
糕仔餅,ko-á-piánn
糖仔餅,thn̂g-á-piánn
糕仔頭,ko-á-thâu
縣立,kuān-li̍p
糖甘蜜甜,thn̂g-kam-bi̍t-tinn
糖含仔,thn̂g-kâm-á
糖尿病,thn̂g-jiō-pēnn/thn̂g-liō-pīnn
縣長,kuān-tiúnn
糖粉,thn̂g-hún
窸倏,sī-suā
窸窣叫,si̍h-su̍t-kiò
縖裙,hâ kûn
縛跤,pa̍k-kha
縛粽,pa̍k tsàng
糖膏,thn̂g-ko
糖廠,thn̂g-tshiúnn
糖蔥,thn̂g-tshang
窸窸窣窣,si-si-su̍t-su̍t
糖霜,thn̂g-sng
糖廍,thn̂g-phōo
膨【替】,phòng
膭【替】,kuī
興,hing
興,hìng
蕊,luí
膭水,kuī-tsuí
膨皮,phòng-phuê/phòng-phê
膨床,phòng-tshn̂g
膨肚短命,phòng-tōo-té-miā
興旺,hing-ōng
膨疱,phòng-phā
膨風,phòng-hong
膨風龜,phòng-hong-ku
膨粉,phòng-hún
膨紗,phòng-se
膨紗衫,phòng-se-sann
興衰,hing-sue
興酒,hìng tsiú
膨椅,phòng-í
膨獅獅,phòng-sai-sai
膨鼠,phòng-tshí/phòng-tshú
膨餅,phòng-piánn
興趣,hìng-tshù
翱翱輾,kō-kō-liàn
興頭,hìng-thâu
膩瓤,jī-nn̂g/lī-nn̂g
蝹【替】,un
褪,thǹg
褫,thí
褲,khòo
褪皮,thǹg-phuê/thǹg-phê
褪赤跤,thǹg-tshiah-kha
褪衫,thǹg-sann
褲帶,khòo-tuà
褲袋仔,khòo-tē-á
褪殼,thǹg-khak
褫開,thí--khui
褪腹裼,thǹg-pak-theh
褲跤,khòo-kha
褪齒,thǹg-khí
褪褲,thǹg-khòo
褪褲𡳞,thǹg-khòo-lān
蕨貓,kueh-niau
褲頭,khòo-thâu
親,【文】tshin
諞【替】,pián
諾【替】,--hioh
謔,gio̍h
貓,niau
賰【替】,tshun
賴,【白】luā
蹁,phîn
蹄,tê/tuê
親人,tshin-lâng
親切,tshin-tshiat
親友,tshin-iú
親手,tshin-tshiú
觱仔,pi-á
貓仔,niau-á
諞仙仔,pián-sian-á
親生,tshin-senn/tshin-sinn
親目,tshin-ba̍k
親身,tshin-sin
親事,tshin-sū
貓兒竹,bâ-jî-tik/bâ-lî-tik
親姆,tshenn-ḿ/tshinn-ḿ
親姆婆,tshenn-ḿ-pô/tshinn-ḿ-pô
賰的,tshun--ê
親近,tshin-kīn/tshin-kūn
貓咪,niau-bî
貓面,niau-bīn
親家,tshin-ke
親家公,tshin-ke-kong
謀財害命,bôo-tsâi-hāi-bīng
親骨肉,tshin-kut-jio̍k/tshin-kut-lio̍k
親堂,tshin-tông
親密,tshin-bi̍t
親情,tshin-tsiânn
親戚,tshin-tshik
親情五十,tshin-tsiânn-gōo-tsa̍p
親族,tshin-tso̍k
親喙,tshin-tshuì
親愛,tshin-ài
親像,tshin-tshiūnn
貓貓,niau-niau
賰錢,tshun-tsînn
貓頭鳥,niau-thâu-tsiáu
貓霧仔光,bâ-bū-á-kng
貓霧光,bâ-bū-kng
躽【替】,nuà
輸,su
辦,pān
選,suán
遹【替】,u̍t
遺【替】,i
醒,【白】tshénn/tshínn
鋸,kì/kù
鋼,【白】kǹg
錄,【俗】lo̍k
輸入,su-ji̍p/su-li̍p
辦公,pān-kong
扮公伙仔,pān-kong-hué-á/pān-kong-hé-á
選手,suán-tshiú
鋸仔,kì-á/kù-á
輸出,su-tshut
遵守,tsun-siú
輸血,su-hueh/su-huih
遺言,uî-giân
遵命,tsun-bīng
辦法,pān-huat
輸面,su-bīn
錄音,lo̍k-im
錄音機,lo̍k-im-ki
醒悟,síng-ngōo
辦桌,pān-toh
遺書,uî-su
辦理,pān-lí
遺產,uî-sán
選票,suán-phiò
辦貨,pān-huè/pān-hè
鋼琴,kǹg-khîm
鋼筆,kǹg-pit
鋸齒,kì-khí/kù-khí
選擇,suán-ti̍k
遺憾,uî-hām
選舉,suán-kí/suán-kú
輸贏,su-iânn
鋼鐵,kǹg-thih
鋸鑢仔,kì-lē-á/kù-luē-á
遺囑,uî-tsiok
錚【替】,tshānn
錢,【白】tsînn
錫,【白】siah
錶,pió
閹,iam
隨,suî
險,hiám
雕,tiau
靜,【白】tsēnn
靜,【文】tsīng
錯手,tshò-tshiú
錶仔,pió-á
隨在,suî-tsāi
隨在你,suî-tsāi--lí
閻君,Giâm-kun
靜坐,tsīng-tsō
隨身,suî-sin
雕刻,tiau-khik
隨便,suî-piān
隨後,suî-āu
隨時,suî-sî
錢根,tsînn-kin/tsînn-kun
錢桌仔,tsînn-toh-á
錢財,tsînn-tsâi
錢鬼,tsînn-kuí
錢莊,tsînn-tsng
錦蛇,gím-tsuâ
錢袋仔,tsînn-tē-á
錢筒仔,tsînn-tâng-á
錢項,tsînn-hāng
錯亂,tshò-luān
隨意,suî-ì
錢鼠,tsînn-tshí/tsînn-tshú
錯誤,tshò-gōo
隨緣,suî-iân
靜養,tsīng-ióng
隨機應變,suî-ki-ìng-piàn
險險,hiám-hiám
錢櫃,tsînn-kuī
閹雞,iam-ke/iam-kue
閻羅王,Giâm-lô-ông
錢關,tsînn-kuan
錢鰻,tsînn-muâ
鞘,siù
頭,【白】thâu
頷,ām
餡,ānn
館,kuán
髻,kuè/kè
頭七,thâu-tshit
頭人,thâu-lâng
頷巾,ām-kin/ām-kun
頭上仔,thâu-tsiūnn-á
頭手,thâu-tshiú
頭毛,thâu-mn̂g
頭水,thâu-tsuí
骿支骨,phiann-ki-kut
頭毛菜,thâu-mn̂g-tshài
頭毛鋏仔,thâu-mn̂g-giap-á
頭牙,thâu-gê
頭仔,thâu--á
髻仔鬃,kuè-á-tsang/kè-á-tsang
頭目,thâu-ba̍k
頭目鳥,thâu-ba̍k-tsiáu
頭先,thâu-sing
頭名,thâu-miâ
頭旬,thâu-sûn
頭尾,thâu-bué/thâu-bé
頭到,thâu-kàu
頭帛,thâu-pe̍h
頭拄仔,thâu-tú-á
頭前,thâu-tsîng
頷垂,ām-sê
頭胎,thâu-the
頭面,thâu-bīn
頭家,thâu-ke
頭家娘,thâu-ke-niû
頭疼,thâu-thiànn
頭眩目暗,thâu-hîn-ba̍k-àm
頷胿,ām-kui
頭起先,thâu-khí-sing
頭陣,thâu-tīn
骿條骨,phiann-liâu-kut
頭殼,thâu-khak
頭殼碗,thâu-khak-uánn
頭殼額仔,thâu-khak-hia̍h-á
頭殼髓,thâu-khak-tshué/thâu-khak-tshé
頭腦,thâu-náu/thâu-nóo
頷腮,ām-tshi
頭路,thâu-lōo
頷領,ām-niá
餡餅,ānn-piánn
駱駝,lo̍k-tô
頭麩,thâu-phoo
骿條,phiann-liâu
頷頸,ām-kún
頭摠,thâu-tsáng
頭擺,thâu-pái
頭額,thâu-hia̍h
頭鬃,thâu-tsang
頭鬃尾,thâu-tsang-bué/thâu-tsang-bé
頭鬃箍仔,thâu-tsang-khoo-á
鴨,ah
黗【替】,thûn
龍,【白】lîng
龍,【文】liông
龜,【白】ku
龜毛,ku-moo
鴨仔,ah-á
鴨仔囝,ah-á-kiánn
鴨仔癉,ah-á-tan
鴨母,ah-bó
鴨母喙,ah-bó-tshuì
鴨母蹄,ah-bó-tê
鴨卵,ah-nn̄g
鴨咪仔,ah-bî-á
龜祟,ku-sui
龍脈,liông-me̍h
龍骨,liông-kut
龍眼,lîng-gíng
龍眼乾,lîng-gíng-kuann
龍船,lîng-tsûn
鮑魚,pau-hî/pau-hû
鴨掌,ah-tsiúnn
龜殼,ku-khak
龜殼花,ku-khak-hue
鴨雄仔,ah-hîng-á
龜跤,ku-kha
龜精,ku-tsiann
龍鳳,liông-hōng
龍蝦,lîng-hê
鴛鴦,uan-iunn
鴨鵤,ah-kak
鴨羶,ah-hiàn
龜蠅,ku-sîn
鴨鯗,ah-siúnn
鮕鮘,koo-tai
嚇【替】,hánn
嚇,【白】heh
嚓【替】,tshia̍k
優先,iu-sian
優秀,iu-siù
優待,iu-thāi
優美,iu-bí
嚓嚓趒,tshia̍k-tshia̍k-tiô
優點,iu-tiám
嚇驚,heh-kiann
壓,【白】ah
嶺,【白】niá
幫,pang
幫【替】,png
應,【白】ìn
戲,hì
戴,【白】tì
擘,peh
擠【替】,tsik
擢【替】,tioh
擤【替】,tshìng
擦,tshat
擠𤶃仔,tsik thiāu-á
壓力,ap-li̍k
應公仔,ìng-kong-á
戲文,hì-bûn
嬰仔,enn-á/inn--á
應付,ìng-hù
嬰母仔,ìnn-bó-á
應用,ìng-iōng
幫忙,pang-bâng
戲曲,hì-khik
擢舌根,tioh-tsi̍h-kin/tioh-tsi̍h-kun
幫助,pang-tsōo
戲弄,hì-lāng
懇求,khún-kiû
壓味,ah-bī
擘金,peh-kim
壓迫,ap-pik
應效,ìng-hāu
戲班,hì-pan
戲院,hì-īnn
應喙,ìn-tshuì
應喙應舌,ìn-tshuì-ìn-tsi̍h
戲棚,hì-pênn/hì-pînn
擘開,peh-khui
戲園,hì-hn̂g
彌補,mí-póo
應話,ìn-uē
應該,ing-kai
應該然,ing-kai-jiân/ing-kai-liân
應酬,ìng-siû
擤鼻,tshìng-phīnn
戲劇,hì-kio̍k
懂嚇,táng-hiannh
應聲,ìn-siann
幫贊,pang-tsān
戲齣,hì-tshut
壓霸,ah-pà
應驗,ìng-giām
檀,【白】tuânn
檔,tóng
檠【替】,kiânn
檨【替】,suāinn
檨仔,suāinn-á
檨仔青,suāinn-á-tshenn/suāinn-á-tshinn
檢定,kiám-tīng
檢采,kiám-tshái
殭屍,khiong-si
曖昧,ài-māi
檢查,kiám-tsa
檔案,tóng-àn
檢討,kiám-thó
檢察官,kiám-tshat-kuann
檢舉,kiám-kí/kiám-kú
檢點,kiám-tiám
檢驗,kiám-giām
澀,siap
溼,sip
濟【替】,tsē/tsuē
濫【替】,lām
營,【白】iânn
營,【文】îng
燥,sò
燭,【白】tsik
燭,【文】tsiok
牆,tshiûnn
濟少,tsē-tsió/tsuē-tsió
燥水,sò-tsuí
牆仔,tshiûnn-á
燭台,tsik-tâi
濫使,lām-sú
牆圍,tshiûnn-uî
營業,îng-gia̍p
濟話,tsē-uē/tsuē-uē
營養,îng-ióng
澩澩,ha̍unnh-ha̍unnh
溼溼,sip-sip
濟濟,tsē-tsē/tsuē-tsuē
濫糝,lām-sám
燦爛,tshàn-lān
環,【白】khuân
癀【替】,hông
癉【替】,tan
癌,gâm
盪,【白】tn̄g
瞪,tènn/tìnn
瞭【替】,lió
礁,【白】ta
禪,siân
瞪力,tènn-la̍t/tìnn-la̍t
磺水,hông-tsuí
磺火,hông-hué/hông-hé
瞪屎,tènn-sái/tìnn-sái
環境,khuân-kíng
療養,liâu-ióng
穗,suī
篷,【白】phâng
篾,【白】bi̍h
糜,muâi/bê
糝【替】,sám
糞,【白】pùn
糠,【白】khng
縫,【白】pâng
縫,【白】phāng
縮,【白】sok
總,【文】tsóng
糠𧉟,khng-tâi
糞口,pùn-kháu
糞口蟲,pùn-kháu-thâng
篾仔,bi̍h-á
總共,tsóng-kiōng
糙米,tshò-bí
總是,tsóng--sī
縫衫,pâng-sann
總計,tsóng-kè
糝粉,sám-hún
縮茶心,sok-tê-sim
總務,tsóng-bū
糞埽,pùn-sò
糞堆,pùn-tui
糞埽市場,pùn-sò-tshī-tiûnn
糞埽車,pùn-sò-tshia
糞埽桶,pùn-sò-tháng
糞埽籠,pùn-sò-láng
縫紩,pâng-thīnn
總統,tsóng-thóng
總裁,tsóng-tshâi
總貿,tsóng-bāu
糜飯,muê-pn̄g/bê-pn̄g
總經理,tsóng-king-lí
總算,tsóng sǹg
總管,tsóng-kuán
篾蓆,bi̍h-tshio̍h
總數,tsóng-siàu
總舖師,tsóng-phòo-sai
總鋪,tsóng-phoo
糜糜卯卯,mi-mi-mauh-mauh
總講,tsóng kóng
總額,tsóng-gia̍h
繃,penn/pinn
罾【替】,tsan
翼,【白】si̍t
聯,liân
聲,【白】siann
聲,【文】sing
聳【替】,tshàng
膽,【文】tám
膽,【白】tánn
膿,【白】lâng
臆【替】,ioh
臊【替】,tsho
臨,lîm
臨【替】,lím
薄,【白】po̍h
薅,khau
罾仔,tsan-á
臆出出,ioh-tshut-tshut
聯合,liân-ha̍p
舉行,kí-hîng/kú-hîng
聰明,tshong-bîng
聲明,sing-bîng
薄板,po̍h-pán
薄板仔,po̍h-pán-á
翼股,si̍t-kóo
臨急,lîm-kip
艱苦,kan-khóo
艱苦人,kan-khóo-lâng
艱苦罪過,kan-khóo-tsē-kuà
聲音,siann-im
臨時,lîm-sî
薅草,khau tsháu
舉荐,kí-tsiàn/kú-tsiàn
舉動,kí-tōng/kú-tōng
薄情,po̍k-tsîng
聲望,sing-bōng
臨終,lîm-tsiong
薄荷,po̍k-hô
罾魚,tsan-hî/tsan-hû
聯絡,liân-lo̍k
臊菜,tsho-tshài
蕹菜,ìng-tshài
膽量,tám-liōng
聲勢,siann-sè
聳勢,sáng-sè
聲嗽,siann-sàu
聯對,liân-tuì
聲說,siann-sueh/siann-seh
聲調,siann-tiāu
臨機應變,lîm-ki-ìng-piàn
蕗蕎,lōo-giō
薁蕘,ò-giô
膽頭,tánn-thâu
臨檢,lîm-kiám
薄縭絲,po̍h-li-si
膽膽,tám-tám
臨臨仔,lím-lím--á
聲聲句句,siann-siann-kù-kù
艱難,kan-lân
聳鬚,tshàng-tshiu
薑,kiunn
薟,hiam
薯,【白】tsî/tsû
螺,【白】lê
薏仁,ì-jîn/ì-lîn
薪水,sin-suí
虧心,khui-sim
虧欠,khui-khiàm
螺仔,lê-á
薑母,kiunn-bó
薑母鴨,kiunn-bó-ah
虧空,khui-khong
薟椒仔,hiam-tsio-á
薑絲,kiunn-si
螺絲,lôo-si
螺絲釘,lôo-si-ting
螺絲絞,lôo-si-ká
虧損,khui-sńg
螿蜍,tsiunn-tsî
薟薑仔,hiam-kiunn-á
蟋蟀仔,sih-sut-á
觳,khok
講,【文】káng
講,【白】kóng
謝,【文】siā
趨【替】,tshu
講大聲話,kóng tuā-siann-uē
觳仔,khok-á
觳仔炱,khok-á-te
講古,kóng-kóo
謄本,thîng-pún
講白賊,kóng-pe̍h-tsha̍t
講好,kóng-hó
講究,káng-kiù
謠言,iâu-giân
謙卑,khiam-pi
講和,kóng-hô
講明,kóng-bîng
謝金,siā-kim
賺食,tsuán-tsia̍h
講師,káng-su
講破,kóng-phuà
講笑,kóng-tshiò
謝神,siā-sîn
講笑詼,kóng-tshiò-khue/kóng-tshiò-khe
講起,kóng-khí
講堂,káng-tn̂g
講情,kóng-tsîng
謎猜,bī-tshai
講習,káng-si̍p
謝絕,siā-tsua̍t
謙虛,khiam-hi
謝罪,siā-tsuē
講話,kóng-uē
蹌跤雞,tshiáng-kha-ke/tshiáng-kha-kue
講嘐潲話,kóng hau-siâu-uē
講演,káng-ián
蹌箍螺,tshiáng-khoo-lê
講價,kóng-kè
講親情,kóng-tshin-tsiânn
謝禮,siā-lé
蹊蹺,khi-khiau
謝願,siā-guān
輾,liàn
避,pī
還,【白】hîng
還,【文】huân
還【替】,huān
錘,thuî
鍊,liān
鍋,ko
鍋【替】,ue/e
鍤【替】,tshiah
鍥,keh/kueh
鍊仔,liān-á
鍋仔,ue-á/e-á
鍥仔,keh-á/kueh-á
避免,pī-bián
還俗,huân-sio̍k
還數,hîng siàu
邀請,iau-tshiánn
還錢,hîng tsînn
輾轉,liàn-tńg
鍾,【白】tsing
闊,khuah
隱,ún
霜,【白】sng
霜,【文】song
隱弓蕉,ún-king-tsio
隱居,ún-ki/ún-ku
霜風,sng-hong
隱痀,ún-ku
闊莽莽,khuah-bóng-bóng
霜雪,sng-seh
闊喙,khuah-tshuì
雖然,sui-jiân/sui-liân
闊腹,khuah-pak
闊閬閬,khuah-lòng-lòng
隱瞞,ún-muâ
鮮,【白】tshinn
鮮沢,tshinn-tshioh
黏,liâm
黜,【白】thuh
甪【替】,lut
黜,【文】thut
點,tiám
鼾【替】,kônn
鼾【替】,huânn
齋,【文】tsai
點心,tiám-sim
點心擔,tiám-sim-tànn
黜仔,thuh-á
點穴,tiám-hia̍t
點名,tiám-miâ
黜破,thuh-phuà
點破,tiám-phuà
黜臭,thuh-tshàu
點眼,tiám-gán
點痣,tiám-kì
黏塗,liâm-thôo
黜塗機,thuh-thôo-ki
鼢鼠,bùn-tshí/bùn-tshú
黏膠,liâm-ka
點醒,tiám-tshénn/tiám-tshínn
鵁鴒,ka-līng
鼾鼾叫,huânn-huânn-kiò
點鐘,tiám-tsing
黏黐黐,liâm-thi-thi
嚙【替】,gè
壘【替】,luí
壘,luí
壙,khòng
嬸,【白】tsím
戳,thok
擲【替】,tàn
擸【替】,bā
擺,pái
擽【替】,ngiau
攄【替】,lu
斷,【白】tn̄g
斷,【文】tuàn
斷,【文】tuān
擲㧒捔,tàn-hiat-ka̍k
攄仔,lu-á
檫仔,tshat-á
斷奶,tn̄g-ling/tn̄g-ni
擽呧,ngiau-ti
斷根,tn̄g-kin/tn̄g-kun
斷氣,tn̄g-khuì
嬸婆,tsím-pô
斷掌,tn̄g-tsiúnn
斷絕,tuān-tsua̍t
擾亂,jiáu-luān/liáu-luān
攄塗機,lu-thôo-ki
斷腦筋,tn̄g-náu-kin/tn̄g-náu-kun
斷路,tn̄g-lōo
斷種,tn̄g-tsíng
擴頭,khok-thâu
攄頭毛,lu-thâu-mn̂g
擴擴,khok-khok
櫃,kuī
歸,kui
濺【替】,tsuānn
濾,lī
瀉,sià
爁【替】,nah
濺水,tsuānn tsuí
爁日,nah-ji̍t/nah-li̍t
檳榔,pin-nn̂g
檸檬,lê-bóng
瀉藥仔,sià-io̍h-á
甓,phia̍h
甕,àng
癖,phiah
癖,phia̍h
癗【替】,luî
礐【替】,ha̍k
禮,lé
穡,【白】sit
穢人,uè--lâng/è--lâng
甕仔,àng-á
甕肚,àng-tōo
癖性,phiah-sìng
禮服,lé-ho̍k
禮物,lé-bu̍t
禮拜,lé-pài
禮拜日,lé-pài-ji̍t/lé-pài-li̍t
禮拜堂,lé-pài-tn̂g
穢涗,uè-suè/è-sè
禮堂,lé-tn̂g
禮貌,lé-māu
禮儀,lé-gî
禮數,lé-sòo
穡頭,sit-thâu
簫,siau
糧,niû
繏【替】,sǹg
繐【替】,sui
織,tsit
繚【替】,liāu
繡,siù
翸【替】,phún
翹,khiàu
翻,huan
職,tsit
臍,【白】tsâi
舊,【白】kū
薰,hun
薸,phiô
織女,Tsit-lí/Tsit-lú
舊年,kū-nî
舊式,kū-sik
職位,tsit-uī
薰吹,hun-tshue/hun-tshe
翻身,huan-sin
繡房,siù-pâng
翻版,huan-pán
繡花,siù-hue
薰屎,hun-sái
翻厝,huan-tshù
職員,tsit-uân
翻案,huan-àn
繚索,liāu-soh
糧草,niû-tsháu
翻草,huan-tsháu
職務,tsit-bū
繡球,siù-kiû
繡球花,siù-kiû-hue
薰喙仔,hun-tshuì-á
簡單,kán-tan
翻新,huan-sin
職業,tsit-gia̍p
繏腰,sǹg io
舊數,kū-siàu
舊曆,kū-li̍k
翻頭,huan-thâu
薰頭,hun-thâu
翻點,huan-tiám
翹翹,khiàu-khiàu
繏嚨喉,sǹg nâ-âu
翻譯,huan-i̍k
職權,tsit-khuân
藃【替】,hiauh
藍,【白】nâ
藏【替】,tshàng
蟬,siân
蟯,giô
蟯【替】,ngia̍uh
蟲,【白】thâng
蟲,【文】thiông
蟳,tsîm
覆,【白】phak
藏水沬,tshàng-tsuí-bī
蟬仔,siân-á
蟯仔,giô-á
蟳仔,tsîm-á
藍色,nâ-sik
蟯桮,giô-pue
蟲豸,thâng-thuā
覆菜,phak-tshài
藐視,biáu-sī
蟧蜈,lâ-giâ
蟧蜈車,lâ-giâ-tshia
蟳管,tsîm-kóng
藃藃,hiauh-hiauh
蟮蟲仔,siān-thâng-á
蟯蟯趖,ngia̍uh-ngia̍uh-sô
藃蟶,hiauh-than
謼【替】,hooh
蹔【替】,tsàm
蹛【替】,tuà
軀,su
軁【替】,nǹg
軁【替】,nng
轉,【文】tsuán
轉【替】,tsuān
轉,【白】tńg
轉大人,tńg-tuā-lâng
轉世,tsuán-sè
轉去,tńg--khì
轉外家,tńg guā-ke
豐年,hong-nî
豐收,hong-siu
豐沛,phong-phài
轉來,tńg--lâi
軁狗空仔,nǹg-káu-khang-á
轉後頭,tńg āu-thâu
轉骨,tńg-kut
轉喙,tńg-tshuì
豐富,hong-hù
謹慎,kín-sīn
蹔跤步,tsàm-kha-pōo
轉斡,tńg-uat
轉踅,tńg-se̍h
轉輪,tńg-lûn
轉學,tsuán-ha̍k
軁錢空,nǹg-tsînn-khang
轉聲,tńg-siann
轉臍,tńg-tsâi
蹧躂,tsau-that
轉彎,tńg-uan
轉彎踅角,tńg-uan-se̍h-kak
轉變,tsuán-piàn
軁鑽,nǹg-tsǹg
醫,i
醬,tsiùnn
鎖,só
鎮,tìn
闔【替】,kha̍h
雙,siang
雜,tsa̍p
雞,ke/kue
離,lī
雞𧉟,ke-tâi/kue-tâi
雙叉路,siang-tshe-lōo
雞公,ke-kang/kue-kang
雙手,siang-tshiú
雙方,siang-hong
離手,lī-tshiú
雞毛筅,ke-mn̂g-tshíng/kue-mn̂g-tshíng
雙爿,siang-pîng
雞仔,ke-á/kue-á
雞仔目,ke-á-ba̍k/kue-á-ba̍k
雞仔囝,ke-á-kiánn/kue-á-kiánn
雞母,ke-bó/kue-bó
雞母皮,ke-bó-phuê/kue-bó-phê
雞母蟲,ke-bó-thâng/kue-bó-thâng
醫生,i-sing
醬瓜仔,tsiùnn-kue-á
雙生仔,siang-senn-á/siang-sinn-á
醫生館,i-sing-kuán
鎮地,tìn-tè
鎮位,tìn-uī
雞卵,ke-nn̄g/kue-nn̄g
離別,lī-pia̍t
雞卵卷,ke-nn̄g-kńg/kue-nn̄g-kńg
雞卵糕,ke-nn̄g-ko/kue-nn̄g-ko
雞尾脽,ke-bué-tsui/kue-bé-tsui
雞牢,ke-tiâu/kue-tiâu
雞鵤仔車,ke-kak-á-tshia/kue-kak-á-tshia
雞卷,ke-kńg/kue-kńg
醫治,i-tī
鎖門,só mn̂g
雞屎運,ke-sái-ūn/kue-sái-ūn
雞胘,ke-kiān/kue-kiān
雙重,siang-tîng
雙面,siang-bīn
雙面刀鬼,siang-bīn-to-kuí
雜差仔工,tsa̍p-tshe-á-kang
醬料,tsiùnn-liāu
雞桃仔,ke-thô-á/kue-thô-á
雞胸,ke-hing/kue-hing
雞胿,ke-kui/kue-kui
雞胿仔,ke-kui-á/kue-kui-á
雞酒,ke-tsiú/kue-tsiú
鎖匙,só-sî
雜唸,tsa̍p-liām
離婚,lī-hun
雜細,tsa̍p-sè
醫術,i-su̍t
雜貨,tsa̍p-huè/tsa̍p-hè
雜插,tsa̍p-tshap
雙棚鬥,siang-pênn-tàu/siang-pînn-tàu
雞筅,ke-tshíng/kue-tshíng
醬菜,tsiùnn-tshài
離開,lī-khui
雞僆仔,ke-nuā-á/kue-nuā-á
雞榆,ke-jiû/kue-liû
鎮煞,tìn-suah
雞罩,ke-tà/kue-tà
雞腹內,ke-pak-lāi/kue-pak-lāi
雞跤爪,ke-kha-jiáu/kue-kha-niáu
鎮路,tìn-lōo
雞摸,ke-bong/kue-bong
雜種仔,tsa̍p-tsíng-á
雜種仔囝,tsa̍p-tsíng-á-kiánn
雜誌,tsa̍p-tsì
雞箠,ke-tshuê/kue-tshê
離緣,lī-iân
醫學,i-ha̍k
鎮靜劑,tìn-tsīng-tse
鎖頭,só-thâu
雙頭,siang-thâu
雞髻,ke-kuè/kue-kè
鎮壓,tìn-ap
雞翼,ke-si̍t/kue-si̍t
離離,lī-lī
離離落落,li-li-lak-lak
雞鵤,ke-kak/kue-kak
離譜,lī-phóo
醬鹹,tsiùnn-kiâm
雞籠,ke-lam/kue-lam
鞭,【文】pian
鞭,【白】pinn
題,tê/tuê
額,【白】gia̍h
額,【白】hia̍h
顏,gân
颺,tshiûnn
颺,iānn
餾,liū
騎,【白】khiâ
鬃,tsang
鬆,【白】sang
鬆,【文】song
題目,tê-bo̍k/tuê-bo̍k
颺風,tshiûnn-hong
颺粟,tshiûnn-tshik
餾粿,liū-kué/liū-ké
題緣,tê-iân/tuê-iân
額頭,hia̍h-thâu
颺颺飛,iānn-iānn-pue
鯽,tsit
鵝,【白】gô/giâ
鵤【替】,kak
鯽仔魚,tsit-á-hî/tsit-á-hû
鮸魚,bián-hî/bián-hû
鯉魚,lí-hî/lí-hû
鯊魚,sua-hî/sua-hû
鯊魚煙,sua-hî-ian/sua-hû-ian
嚨喉,nâ-âu
嚨喉空,nâ-âu-khang
嚨喉蒂仔,nâ-âu-tì-á
懶,【文】lán
攀,phan
攏,láng
攏,lóng
曝,【白】pha̍k
櫓,lóo
櫥,tû
曝日,pha̍k-ji̍t/pha̍k-li̍t
懵仙,bòng-sian
櫥仔,tû-á
曠床,khòng-tshn̂g
懷念,huâi-liām
懶屍,lán-si
攏是,lóng sī
懷胎,huâi-thai
寵倖,thíng-sīng
曝乾,pha̍k-kuann
曝粟,pha̍k tshik
懷疑,huâi-gî
攏褲,láng khòo
懵懂,bóng-tóng
攏總,lóng-tsóng
懶懶,lán-lán
攏權,láng-khuân
曝鹽,pha̍k iâm
瀨,luā
爍【替】,sih
瓣【替】,bān
礙,gāi
礙目,gāi-ba̍k
瓊花,khîng-hue
爆炸,po̍k-tsà
礙虐,gāi-gio̍h
礙著,gāi-tio̍h
爍爁,sih-nah
獸醫,siù-i
穩,ún
簸,puà
簽,tshiam
簾,【白】lî
簾,【文】liâm
簿,phōo
繩,【白】tsîn
繭,【文】kián
繭,【白】kíng
繳,kiáu
羶【替】,hiàn
羹,【白】kenn/kinn
穩心仔,ún-sim-á
簽仔,tshiam-á
簿仔,phōo-á
簿仔紙,phōo-á-tsuá
簽名,tshiam-miâ
簽字,tshiam-jī/tshiam-lī
臘肉,la̍h-bah
穩定,ún-tīng
簽約,tshiam iok
穩當,ún-tàng
羅經,lô-kenn/lô-kinn
羅漢跤仔,lô-hàn-kha-á
簸箕,puà-ki
簸箕甲,puà-ki-kah
簾簷,nî-tsînn
簾簷跤,nî-tsînn-kha
穩觸觸,ún-tak-tak
藝,gē
藤,【白】tîn
藥,【白】io̍h
蟶,than
藥丸,io̍h-uân
藥丹,io̍h-tan
藥方,io̍h-hng
藥水,io̍h-tsuí
藥片,io̍h-phìnn
藥仔,io̍h-á
蠍仔,giat-á
藥包,io̍h-pau
藝旦,gē-tuànn
藥局,io̍h-kio̍k
藥材,io̍h-tsâi
藥房,io̍h-pâng
藥洗,io̍h-sé/io̍h-sué
藥粉,io̍h-hún
藥茶,io̍h-tê
藥草,io̍h-tsháu
藥酒,io̍h-tsiú
藥粕,io̍h-phoh
藝術,gē-su̍t
藥單,io̍h-tuann
藥渣,io̍h-tse
藥鈷仔,io̍h-kóo-á
藥膏,io̍h-ko
藥劑,io̍h-tse
藥劑師,io̍h-tsè-su
藥頭仔,io̍h-thâu-á
藥櫥,io̍h-tû
譀【替】,hàm
證,tsìng
識,sik
譜,phóo
蹺【替】,khiau
轎,【白】kiō
辭,【白】sî
辭,【文】sû
邊,【文】pian
邊,【白】pinn
證人,tsìng-jîn/tsìng-lîn
邊仔,pinn--á
譀古,hàm-kóo
贊同,tsàn-tông
贊成,tsàn-sîng
贊助,tsàn-tsōo
辭別,sî-pia̍t
轎車,kiau-tshia
證券,tsìng-kuàn
辭典,sû-tián
譀呱呱,hàm-kuā-kuā
證明,tsìng-bîng
證書,tsìng-su
譀浡,hàm-phu̍h
贈送,tsīng-sàng
譀話,hàm-uē
證據,tsìng-kì/tsìng-kù
辭頭路,sî thâu-lōo
贊聲,tsàn-siann
辭職,sî-tsit
譀譀,hàm-hàm
譀鏡,hàm-kiànn
鏡,kiànn
鏢,pio
鏨【替】,tsām
關,【白】kuainn/kuinn
關,【文】kuan
難,lān
霧,bū
關刀,kuan-to
關心,kuan-sim
鏨仔,tsām-á
鏡台,kiànn-tâi
難免,lân-bián
關門,kuainn-mn̂g/kuinn-mn̂g
關係,kuan-hē
關帝爺,Kuan-tè-iâ
鏡框,kiànn-khing
難得,lân-tit
關稅,kuan-suè/kuan-sè
關童,kuan-tâng
霧嗄嗄,bū-sà-sà
關節,kuan-tsat
關節炎,kuan-tsat-iām
關落陰,kuan-lo̍h-im
鏡箱仔,kiànn-siunn-á
鏡頭,kiànn-thâu
鏨頭,tsām-thâu
霧霧,bū-bū
韻,ūn
願,guān
類,luī
騙,phiàn
鬍,hôo
騙囡仔,phiàn-gín-á
騙局,phiàn-kio̍k
顛倒,tian-tò
顛倒,thian-tho̍h
騙鬼,phiàn-kuí
願望,guān-bōng
騙術,phiàn-su̍t
願意,guān-ì
饅頭,bán-thô
鯪鯉,lâ-lí
鬍鬚,hôo-tshiu
麴,khak
齁【替】,honn
龐【替】,phiāng
鯰魚,liâm-hî/liâm-hû
麒麟,kî-lîn
勸,【白】khǹg
勸,【文】khuàn
嚴,giâm
嚷,jiáng/lióng
寶,pó
孽子,gia̍t-tsú
寶貝,pó-puè
勸和,khǹg-hô
嚴重,giâm-tiōng
嚴格,giâm-keh
寶惜,pó-sioh
勸善,khuàn-siān
嚴肅,giâm-siok
寶貴,pó-kuì
勸解,khuàn-kái
寶劍,pó-kiàm
孽潲,gia̍t-siâu
孽譎仔話,gia̍t-khiat-á-uē
懸,【白】kuân
攔【替】,ânn
攕【替】,tshiám
櫳【替】,lang
瀳,tshînn
瀾【替】,nuā
爐,lôo
獻,hiàn
癢,【白】tsiūnn
懸低,kuân-kē
懸山,kuân suann
爐丹,lôo-tan
攕仔,tshiám-á
櫳仔,lông-á
爐主,lôo-tsú
櫳仔內,lông-á-lāi
瀾垂,nuā-sê
懸度,kuân-tōo
獻計,hiàn kè
獻敬,hiàn-kìng
懸價,kuân kè
攕擔,tshiam-tann
礤,tshuah
礦,khòng
礪【替】,lè
礬,huân
籃,【白】nâ
籃仔,nâ-á
礤冰,tshuah-ping
蘆竹,lôo-tik
礦物,khòng-bu̍t
競爭,kīng-tsing
礦泉水,khòng-tsuânn-tsuí
籃球,nâ-kiû
籍貫,tsi̍k-kuàn
籌備,tiû-pī
蘆筍,lôo-sún
蘆黍,lôo-sé/lôo-sué
礦業,khòng-gia̍p
籃層,nâ-tsân
蘆薈,lôo-huē
礤簽,tshuah-tshiam
蘆藤,lôo-tîn
繼續,kè-sio̍k
蠓,báng
觸【替】,tak
贏,【白】iânn
躄【替】,phih
辮,pīnn
蠓仔,báng-á
蠘仔,tshi̍h-á
蠓仔水,báng-á-tsuí
蠓仔香,báng-á-hiunn
觸犯,tshiok-huān
觸舌,tak-tsi̍h
警告,kíng-kò
警戒,kíng-kài
蘋果,phông-kó
蘋果檨,phông-kó-suāinn
議長,gī-tiúnn
譬相,phì-siùnn
贏面,iânn-bīn
議員,gī-uân
覺悟,kak-ngōo
議案,gī-àn
蠓捽仔,báng-sut-á
警報,kíng-pò
譬喻,phì-jū/phì-lū
議場,gī-tiûnn
蘑菇,môo-koo
議會,gī-huē
蠓罩,báng-tà
警察,kíng-tshat
警察局,kíng-tshat-kio̍k
議論,gī-lūn
譬論講,phì-lūn-kóng
覺醒,kak-tshénn/kak-tshínn
蠓蟲,báng-thâng
鐘,tsing
釋迦,sik-khia
飄,phiau
饒,jiâu/liâu
鰓,tshi
饒命,jiâu-miā/liâu-miā
饒赦,jiâu-sià/liâu-sià
鰇魚,jiû-hî/liû-hû
鰇魚羹,jiû-hî-kenn/liû-hû-kinn
飄撇,phiau-phiat
鰗鰡,hôo-liu
鹹,kiâm
麵,【白】mī
黨,tóng
齣,tshut
麵包,mī-pau
鹹卵,kiâm-nn̄g
鹹汫,kiâm-tsiánn
麵炙,mī-tsià
黨派,tóng-phài
麵桃,mī-thô
麵粉,mī-hún
麵茶,mī-tê
鹹淡,kiâm-tānn
鹹焗雞,kiâm-ko̍k-ke/kiâm-ko̍k-kue
鹹魚,kiâm-hî/kiâm-hû
麵猴,mī-kâu
鹹菜,kiâm-tshài
鹹酥雞,kiâm-soo-ke/kiâm-soo-kue
鹹圓仔,kiâm-înn-á
麵摵仔,mī-tshi̍k-á
鹹粿,kiâm-kué/kiâm-ké
鹹酸甜,kiâm-sng-tinn
麵線,mī-suànn
麵線糊,mī-suànn-kôo
麵擔仔,mī-tànn-á
鹹篤篤,kiâm-tok-tok
麵頭,mī-thâu
齣頭,tshut-thâu
麵龜,mī-ku
鹹糜,kiâm-muê/kiâm-bê
麵麶,mī-thi
鹹鰱魚,kiâm-liân-hî/kiâm-liân-hû
嚾,uang
攑【替】,gia̍h
攝,liap
櫼,tsinn
欄,【白】nuâ
灇【替】,tsâng
灌,kuàn
爛,【白】nuā
癩𰣻,thái-ko
癩𰣻鬼,thái-ko-kuí
癩𰣻爛癆,thái-ko-nuā-lô
攑手,gia̍h-tshiú
灌水,kuàn-tsuí
欄杆,lân-kan
櫻花,ing-hue
攝屎,liap-sái
犧牲,hi-sing
灌風,kuàn hong
囂俳,hiau-pai
櫻桃,ing-thô
爛塗,nuā-thôo
爛塗糜,nuā-thôo-muê/nuā-thôo-bê
灌腸,kuàn-tshiâng
灌腸,kuàn tn̂g
攑箸,gia̍h tī/gia̍h tū
爛糊糊,nuā-kôo-kôo
攑頭,gia̍h-thâu
攑懸,gia̍h-kuân
爛癬,nuā-sián
攝襇,liap-kíng
纏,【白】tînn
蘭,lân
蠟,【白】la̍h
襪,【白】bue̍h
襪仔,bue̍h-á
纏身,tînn-sin
蘭花,lân-hue
蠟紙,la̍h-tsuá
籐條,tîn-tiâu
蠟條,la̍h-tiâu
蠟筆,la̍h-pit
纏跤絆手,tînn-kha-puànn-tshiú
纏綴,tînn-tuè/tînn-tè
纏線,tînn suànn
蠟燭,la̍h-tsik
辯,piān
鐵,【白】thih
露,lōo
霸,pà
鐵人,thih-lâng
護士,hōo-sū
辯士,piān-sū
鐵工,thih-kang
露水,lōo-tsuí
霸王,pà-ông
鐵牛仔,thih-gû-á
霸占,pà-tsiàm
鐵甲,thih-kah
護身符,hōo-sin-hû
鐵枋,thih-pang
鐵枝,thih-ki
鐵枝路,thih-ki-lōo
護法,hōo-huat
鐵釘,thih-ting
鐵馬,thih-bé
鐵釘仔,thih-ting-á
鐵骨仔生,thih-kut-á-senn/thih-kut-á-sinn
鐵桶,thih-tháng
護理,hōo-lí
譴責,khián-tsik
護照,hōo-tsiàu
辯解,piān-kái
鐵鉎,thih-sian
鐵槌,thih-thuî
辯論,piān-lūn
鐵齒,thih-khí
鐵齒銅牙槽,thih-khí tâng-gê-tsô
護龍,hōo-lîng
露營,lōo-iânn
露螺,lōo-lê
鐵櫃,thih-kuī
躊躇,tiû-tû
辯護,piān-hōo
辯護士,piān-hōo-sū
響,hiáng
顧,kòo
鬖【替】,sàm
鶴,【白】ho̍h
顧人怨,kòo-lâng-uàn
顧三頓,kòo-sann-tǹg
鬖毛鬼,sàm-mn̂g-kuí
鰮仔魚,un-á-hî/un-á-hû
顧門,kòo-mn̂g
響亮,hiáng-liāng
顧客,kòo-kheh
顧厝,kòo-tshù
顧家,kòo-ke
魔神仔,môo-sîn-á
魔鬼,môo-kuí
顧問,kòo-būn
魔術,môo-su̍t
響應,hiáng-ìng
齧【替】,khè/khuè
麝香,siā-hiunn
囉【替】,lō
囉,--looh
囊【替】,long
囊,lông
彎,uan
攢,tshuân
攤,【白】thuann
欉,tsâng
權,khuân
權力,khuân-li̍k
彎曲,uan-khiau
權利,khuân-lī
彎來斡去,uan-lâi-uat-khì
歡迎,huan-gîng
權威,khuân-ui
權限,khuân-hān
歡送,huan-sàng
攤販,thuann-huàn
歡喜,huann-hí
囉嗦,lo-so
歡頭喜面,huann-thâu-hí-bīn
歡歡喜喜,huann-huann-hí-hí
彎彎斡斡,uan-uan-uat-uat
灘,thuann
瓤,【白】nn̂g
疊,【白】tha̍h
疊,【文】thia̍p
癬,sián
癮【替】,giàn
籗【替】,khah
籠【替】,lam
籠【替】,lang
籠,【白】láng
籠,【白】lâng
籠【替】,lāng
籠,【文】lông
糴,【白】tia̍h
聽,【白】thiann
聽,【文】thìng
讀,【白】tha̍k
讀,【文】tho̍k
籗仔,khah-á
籠仔,láng-á
讀冊,tha̍k-tsheh
讀冊人,tha̍k-tsheh-lâng
癮仙哥,giàn-sian-ko
讀死冊,tha̍k-sí-tsheh
糴米,tia̍h-bí
籠床,lâng-sn̂g
讀者,tho̍k-tsiá
聽香,thiann-hiunn
聽候,thìng-hāu
聽喙,thiann-tshuì
聽著,thiann-tio̍h
癮頭,giàn-thâu
聽講,thiann-kóng
贖,sio̍k
鑄,tsù
顫【替】,tsùn
鬚,【白】tshiu
贖身,sio̍k-sin
鑑定,kàm-tīng
驕傲,kiau-ngōo
鰱,liân
鰻,muâ
鰾,piō
鱉,【白】pih
齪【替】,tsak
鰱魚,liân-hî/liân-hû
鱈魚,suat-hî/suat-hû
齪嘈,tsak-tsō
鷓鴣菜,tsià-koo-tshài
攪,kiáu
癰【替】,ing
籤,tshiam
癰仔,ing-á
攪吵,kiáu-tshá
攪絞,kiáu-ká
籤筒,tshiam-tâng
戀愛,luân-ài
籤詩,tshiam-si
攪擾,kiáu-jiáu/kiáu-liáu
纓纏,inn-tînn
變,【文】piàn
變,【白】pìnn
躘【替】,liòng
鑢【替】,lù
顯,【文】hián
顯,【白】hiánn
驗,giām
驚,【白】kiann
驛,【白】ia̍h
髓,【白】tshué/tshé
體,【文】thé
驚人,kiann--lâng
驚人,kiann-lâng
體力,thé-la̍t
變化,piàn-huà
變心,piàn-sim
鑢仔,lù-á
顯目,hiánn-ba̍k
驚生份,kiann-senn-hūn/kiann-sinn-hūn
驚死,kiann--sí
驚死,kiann-sí
驚死人,kiann-sí-lâng
變色,piàn-sik
驗血,giām-hueh/giām-huih
變更,piàn-king
變步,piàn-pōo
體育,thé-io̍k
驚見笑,kiann-kiàn-siàu
變卦,piàn-kuà
變空,pìnn-khang
驗屍,giām-si
驚某,kiann bóo
變面,pìnn-bīn
體面,thé-bīn
體格,thé-keh
變鬼,pìnn-kuí
變鬼變怪,pìnn-kuí-pìnn-kuài
體統,thé-thóng
躘被,liòng phuē/liòng phē
變通,piàn-thong
驚惶,kiann-hiânn
變款,piàn-khuán
變猴弄,pìnn-kâu-lāng
體貼,thé-thiap
驗傷,giām siong
體會,thé-huē
顯聖,hián-sìng
體諒,thé-liōng
體操,thé-tshau
顯頭,hiánn-thâu
變竅,piàn-khiàu
體驗,thé-giām
鱖,kuè/kè
鱗,【白】lân
鱙仔魚,jiâu-á-hî/liâu-á-hû
鱔魚,siān-hî/siān-hû
鱖魚,kuè-hî/kè-hû
攬,lám
罐,kuàn
讓,【白】niū
讖,tshàm
靈,lîng
靈丹,lîng-tan
讓手,niū-tshiú
罐仔,kuàn-á
箅仔骨,pín-á-kut
讓位,niū-uī
靈位,lîng-uī
讓步,niū-pōo
蠶豆,tshân-tāu
靈芝,lîng-tsi
靈厝,lîng-tshù
靈通,lîng-thong
讓渡,jiōng-tōo/liōng-tōo
靈感,lîng-kám
靈聖,lîng-siànn
靈魂,lîng-hûn
罐頭,kuàn-thâu
韆鞦,tshian-tshiu
靈驗,lîng-giām
鱟,hāu
鷹,ing
鹼,【白】kinn
鹽,iâm
齆【替】,àng
齴【替】,giàng
鱟𣁳仔,hāu-khat-á
齴牙,giàng-gê
鹼仔粿,kinn-á-kué/kinn-á-ké
鬢角,pìn-kak
鹽花仔,iâm-hue-á
鹽埕,iâm-tiânn
鱟桸,hāu-hia
鬢跤,pìn-kha
鹼粽,kinn-tsàng
鹽酸,iâm-sng
齆鼻,àng-phīnn
齆鼻聲,àng-phīnn-siann
齆聲,àng-siann
鹽甕仔,iâm-àng-á
鬢繐,pìn-sui
鬢邊,pìn-pinn
齷齪,ak-tsak
廳,【白】thiann
灣,uan
糶,【白】thiò
糶米,thiò-bí
籬笆,lî-pa
廳堂,thiann-tn̂g
廳頭,thiann-thâu
襻,phàn
跕【替】,liam
躡【替】,neh/nih
鑱,tshîm
饞【替】,sâi
鑱仔,tshîm-á
蠻皮,bân-phuê/bân-phê
蠻皮癬,bân-phuê-sián/bân-phê-sián
觀光,kuan-kong
觀念,kuan-liām
觀前顧後,kuan-tsîng-kòo-āu
觀音,Kuan-im
饞食,sâi-tsia̍h
觀音竹,kuan-im-tik
躡跤尾,neh-kha-bué/nih-kha-bé
觀察,kuan-tshat
讚【替】,tsán
驢,lî/lû
鬮,khau
驢仔,lî-á/lû-á
鑼,lô
鑽,【白】tsǹg
鱸,lôo
鑽仔,tsǹg-á
鑽耳,tsǹg hīnn/tsǹg hī
鑽空,tsǹg-khang
鱷魚,kho̍k-hî/kho̍k-hû
鱸魚,lôo-hî/lôo-hû
鑼鼓,lô-kóo
鸕鶿,lôo-tsî
鱸鰻,lôo-muâ
戇,gōng
鑿,【白】tsha̍k
戇人,gōng-lâng
戇大呆,gōng-tuā-tai
鑿仔,tsha̍k-á
鑿目,tsha̍k-ba̍k
戇呆,gōng-tai
戇的,gōng--ê
戇直,gōng-ti̍t
鸚哥,ing-ko
鸚哥鼻,ing-ko-phīnn
戇神,gōng-sîn
戇猴,gōng-kâu
戇想,gōng-siūnn
戇話,gōng-uē
戇錢,gōng-tsînn
戇頭戇面,gōng-thâu-gōng-bīn
戇膽,gōng-tánn
戇戇,gōng-gōng
鑿鑿,tsha̍k-tsha̍k
鬱,ut
鬱卒,ut-tsut
鬱傷,ut-siong
鬱歲,ut-huè/ut-hè
廍【替】,phōo
揻【替】,ui
砛【替】,gîm
砛仔,gîm-á
砛簷,gîm-tsînn
硓𥑮石,lóo-kóo-tsio̍h
粩【替】,láu
襇【替】,kíng
贌,pa̍k
贌田,pa̍k-tshân
蹽【替】,liâu
蹽溪仔,liâu khe-á/liâu khue-á
蹽落去,liâu--lo̍h-khì
躼【替】,lò
躼跤,lò-kha
躼跤仔,lò-kha-á
㧎【替】,khê
㧣【替】,tu
㨂,tàng
㨨【替】,liû
𠯗【替】,tsi̍p
𠯗一下,tsi̍p--tsi̍t-ē
㤉【替】,gê
㤉潲,gê-siâu
䀐,siam
㾀,khiap
㾀勢,khiap-sì
㾀勢命,khiap-sì-miā
㧻【替】,tok
𧉟【替】,tâi
䘥仔,kah-á
𢯾【替】,mooh
𢯾壁鬼,mooh-piah-kuí
𠞩【替】,tsuî
𠞭【替】,liô
𠢕,gâu
𠢕人,gâu-lâng
𠢕早,gâu-tsá
𠢕吮食,gâu-tshńg-tsia̍h
𠢕開,gâu khai
㔂【替】,lân
㔂甘蔗,lân kam-tsià
𢲸【替】,lōo
𨂿,uáinn
𨂿著,uáinn-tio̍h
䫌【替】,phué
𢼌【替】,pa
𣮈頭山,khu̍t-thâu-suann
𩑾【替】,tshih
𡳞,lān
𡳞𦉎,lān-sui
𡳞核,lān-hu̍t
𡳞神,lān-sîn
𡳞脬,lān-pha
𡳞鳥,lān-tsiáu
𡳞蔓,lān-muā
𩵱【替】,ngóo
𩵱仔,ngóo-á
𪁎【替】,tshio
𪁎哥,tshio-ko
𪁎趒,tshio-tiô
𪁎雞,tshio-ke/tshio-kue
𩛩【替】,kauh
𩛩肥,kauh-puî
𥐵【替】,phiat
𥐵仔,phiat-á
𡢃【替】,kán
𥰔,phín
𥰔仔,phín-á
𥴊【替】,kám
𥴊仔,kám-á
𥴊仔店,kám-á-tiàm
𥴊壺,kám-ôo
䖙【替】,the
䖙椅,the-í
𤆬【替】,tshuā
𤆬路,tshuā-lōo
𤆬路雞,tshuā-lōo-ke/tshuā-lōo-kue
𤆬頭,tshuā-thâu
䘼,ńg
䆀,bái
䆀才,bái-tsâi
䆀手,bái-tshiú
䆀味,bái bī
䆀指,bái-tsáinn
䆀猴,bái-kâu
𨑨迌,tshit-thô
𨑨迌人,tshit-thô-lâng
𨑨迌囡仔,tshit-thô-gín-á
𨑨迌物,tshit-thô-mi̍h/tshit-thô-mn̍gh
𨑨迌物仔,tshit-thô-mih-á
𨑨迌查某,tshit-thô-tsa-bóo
𥍉【替】,liap
𥍉【替】,nih
𥍉𥍉看,nih-nih-khuànn
𥍉目,nih-ba̍k
𤉙【替】,kûn
㨑【替】,tsang
𣛮,siānn
𣛮籃,siānn-nâ
𤶃【替】,thiāu
𤶃仔,thiāu-á
𧮙【替】,tshoh
𪐞,tòo
𪐞紙,tòo-tsuá
𤲍,kheh/khueh
𤲍燒,kheh-sio/khueh-sio
𦊓,lîng
㴘【替】,bāu
㴘麵,bāu mī
䖳,thē
𩸙,tāi
𩸙仔,tāi-á
㧒【替】,hiat
䠡【替】,tshê
𩚨【替】,khiū
𩚨嗲嗲,khiū-teh-teh
㧌【替】,mau
𣁳,khat
𣁳仔,khat-á
㨻,tsānn
㨻魚,tsānn hî/tsānn hû
𧿳𧿳跳,phu̍t-phu̍t-thiàu
𧌄蜅蠐,am-poo-tsê
必【替】,pit
必叉,pit-tshe
必痕,pit-hûn
必開,pit--khui
䢢拄䢢,tshiāng-tú-tshiāng
㴙㴙落,tsha̍p-tsha̍p-lo̍h
㴙㴙滴,tsha̍p-tsha̍p-tih
𪜶【替】,in
𠕇【替】,tīng
𠕇硞硞,tīng-khok-khok
𠕇篤,tīng-tauh
𤺪【替】,siān
𧿬【替】,thún
𧿬踏,thún-ta̍h
𢪱【替】,bu̍t
𣻸【替】,siûnn
㽎【替】,sìm
𦜆【替】,ham
寢【替】,tshím
𨂾【替】,làm
𫝏,gàn
𫝏水,gàn-tsuí
𫝏鋼,gàn-kǹg
𫝺【替】,hiù
𫞼【替】,tshāi
𫝻【替】,huê
𫟂【替】,hân
霧水,bū-tsuí
𫝛,siāng
𫝛人,siāng-lâng
𫝛勻,siāng-ûn
𫝛年,siāng-nî
𫝛時,siāng-sî
𫝛途,siāng-tôo
𫝛款,siāng-khuán
𬦰【替】,peh
𬦰山,peh-suann
𬦰樓梯,peh lâu-thui
𬦰懸𬦰低,peh-kuân-peh-kē
黃梔仔花,n̂g-ki-á-hue
塌【替】,lap
娘囝,niû-kiánn
揜貼,iap-thiap
腥,tshènn/tshìnn
撇步,phiat-pōo
跤【替】,kha
嫣,ian
中央,tiong-ng
託,thok
奶【替】,ne
物仔,mih-á
袂翻捙,bē-huan-tshia/buē-huan-tshia
坦笑,thán-tshiò
水沖,tsuí-tshiâng
肥朒朒,puî-tsut-tsut
一口灶,tsi̍t kháu tsàu
一大拖,tsi̍t-tuā-thua
大伯仔,tuā-peh-á
大端,tāi-tuan
小食,sió-tsia̍h
山空,suann-khang
山球,suann-kiû
山腹,suann-pak
五四三,gōo-sì-sann
內山斗底,lāi-suann-táu-té/lāi-suann-táu-tué
內籬仔,lāi-lî-á
公道人,kong-tō-lâng
勼跤勼手,kiu-kha-kiu-tshiú
反起反倒,huán-khí-huán-tó
心內話,sim-lāi-uē
手形,tshiú-hîng
手捗,tshiú-pôo
手梳攑懸,tshiú-se-gia̍h-kuân
月內人,gue̍h-lāi-lâng/ge̍h-lāi-lâng
毋是款,m̄-sī-khuán
水崩山,tsuí-pang-suann
水跤,tsuí-kha
火引,hué-ín/hé-ín
王見王,ông-kiàn-ông
冬筍,tang-sún
枷車藤,kha-tshia-tîn
半中央,puànn-tiong-ng
半晝,puànn-tàu
外才,guā-tsâi
布棚,pòo-pênn/pòo-pînn
平階,pênn-kai/pînn-kai
必巡,pit-sûn
本居地,pún-ki-tē/pún-ku-tuē
白墨,pe̍h-ba̍k
交仗,kau-tiōng
伨頭,thīn-thâu
先的,sian--ê
好得,hó-tit
字姓,jī-sènn/lī-sìnn
竹管仔飯,tik-kóng-á-pn̄g
考試單,khó-tshì-tuann
自本,tsū-pún
卵殼,nn̄g-khak
含血霧天,kâm-hueh-bū-thinn/kâm-huih-bū-thinn
扳仔,pán-á
抑無,iah-bô/ah-bô
汫水,tsiánn-tsuí
沙耙,sua-pê
牢鼎,tiâu-tiánn
芒種雨,bông-tsíng-hōo
事事項項,sū-sū-hāng-hāng
佮股,kap-kóo
奉待,hōng-thāi
孤查某囝,koo-tsa-bóo-kiánn
定親,tīng-tshin
抾丁錢,khioh-ting-tsînn
拊仔,hú-á
拍火車,phah-hué-tshia/phah-hé-tshia
明品,bîng-phín
肥底,puî-té/puî-tué
芥辣,kài-lua̍h
門栱,mn̂g-kông
門擋仔,mn̂g-tòng-á
雨撇仔,hōo-phiat-á
前世人,tsîng-sì-lâng
厚操煩,kāu-tshau-huân
巷仔口,hāng-á-kháu
後過,āu-kuè/āu-kè
怨天怨地,uàn-thinn-uàn-tē/uàn-thinn-uàn-tuē
拜六,pài-la̍k
拜請,pài-tshiánn
按呢生,án-ne-senn/án-ní-sinn
挕捒,hìnn-sak
活魚栽,hua̍t-hî-tsai/hua̍t-hû-tsai
活賣,ua̍h-bē
相𤆬,sio-tshuā
相罵本,sio-mē-pún
胃慒慒,uī tso-tso
重本,tāng-pún
食好料,tsia̍h hó-liāu
個外月,kò-guā-gue̍h/kò-guā-ge̍h
倒退攄,tò-thè-lu
厝邊兜,tshù-pinn-tau
厝邊隔壁,tshù-pinn-keh-piah
原性,guân-sìng
捀場,phâng-tiûnn
捎無摠,sa-bô-tsáng
海坪,hái-phiânn
烏點,oo-tiám
疼心,thiànn-sim
疼命命,thiànn-miā-miā
納數,la̍p-siàu
紙敬,tsuá-kìng
臭香,tshàu-hiunn
草仔粿,tsháu-á-kué/tsháu-á-ké
袂赴市,bē-hù-tshī/buē-hù-tshī
袂得,bē-tit/buē-tit
起帆,khí-phâng
起磅,khí-pōng
起戇,khí-gōng
高長,kau-tshiâng
鬥榫,tàu-sún
唸謠,liām-iâu
啉酒醉,lim-tsiú-tsuì
帶身人,tài-sin-lâng
徛台,khiā-tâi
捽繩,sut-tsîn
接神,tsih-sîn
晚冬,mńg-tang
涼的,liâng--ê
淋碭,lâm-thn̄g
淘井,tô-tsénn/tô-tsínn
深山林內,tshim-suann-nâ-lāi
淺緣,tshián-iân
猛掠,mé-lia̍h
終其尾,tsiong-kî-bué/tsiong-kî-bé
透抽,thàu-thiu
通人知,thong-lâng-tsai
鹿角龜,lo̍k-kak-ku
喝起喝倒,huah-khí-huah-tó
媠面,suí-bīn
尊存,tsun-tshûn
掣一趒,tshuah tsi̍t tiô
插濫,tshap-lām
棧間,tsàn-king
欹空,khia-khang
湢,pih
無天良,bô-thian-liông
無捨施,bô-siá-sì
無盤,bô-puânn
猫仔,bâ-á
琴子,khîm-jí
番薯稜,han-tsî-lîng
發財仔車,huat-tsâi-á-tshia
發輦,huat-lián
睏一醒,khùn-tsi̍t-tshénn/khùn-tsi̍t-tshínn
睏中晝,khùn-tiong-tàu
短站,té-tsām
短褲節仔,té-khòo-tsat-á
硩年錢,teh-nî-tsînn
窗仔簾,thang-á-lî
筊場,kiáu-tiûnn
筍龜,sún-ku
菜販仔,tshài-huàn-á
開仔,khui-á
開聲,khui-siann
閒身,îng-sin
黃酸雨,n̂g-sng-hōo
剾痧,khau-sua
塗州,thôo-tsiu
塗沙粉,thôo-sua-hún
塗豆麩,thôo-tāu-hu
塗質,thôo-tsit
塗糜,thôo-muê/thôo-bê
搝票,khiú-phiò
搶市,tshiúnn-tshī
新正年頭,sin-tsiann-nî-thâu
會失禮,huē-sit-lé/hē-sit-lé
會記得,ē-kì--tit
煙暈,ian-n̄g
煞尾仔囝,suah-bué-á-kiánn/suah-bé-á-kiánn
照電光,tsiò-tiān-kong
禁薰,kìm-hun
萬事通,bān-sū-thong
落人,làu-lâng
落台,lo̍h-tâi
賊仔車,tsha̍t-á-tshia
跤尾紙,kha-bué-tsuá/kha-bé-tsuá
跤後曲,kha-āu-khiau
跤捗,kha-pôo
跤麻手痺,kha-bâ-tshiú-pì
路尾,lōo-bué/lōo-bé
過路人,kuè-lōo-lâng/kè-lōo-lâng
過暝,kuè-mê/kè-mî
電火線,tiān-hué-suànn/tiān-hé-suànn
電光片,tiān-kong-phìnn
電眼,tiān-gán
靴管,hia-kóng
鼎筅,tiánn-tshíng
嘔酸水,áu-sng-tsuí
實䈄,tsa̍t-ham
實頭,tsa̍t-thâu
對相,tuì-siòng
對頭親,tuì-thâu-tshin
歌詩,kua-si
滾耍笑,kún-sńg-tshiò
滾絞疼,kún-ká-thiànn
漚肥,au-puî
漚屎,àu-sái
漢學仔先,hàn-o̍h-á-sian
算會和,sǹg-ē-hô
管仔粿,kóng-á-kué/kóng-á-ké
粿模,kué-bôo/ké-bôo
綠豆膨,li̍k-tāu-phòng
網仔門,bāng-á-mn̂g
網紗油,bāng-se-iû
認命,jīn-miā/līn-miā
踅頭,se̍h-thâu
銅管仔車,tâng-kóng-á-tshia
影跡,iánn-tsiah
撐渡,the-tōo
樂跎,lo̍k-tô
樓栱,lâu-kông
磅針,pōng-tsiam
箭竹仔筍,tsìnn-tik-á-sún
蔭瓜仔,ìm-kue-á
蝦笱,hê-kô
衛生箸,uē-sing-tī/uē-sing-tū
調羹仔,thâu-king-á
豬血粿,ti-hueh-kué/tu-huih-ké
餒志,lué-tsì
擔仔,tànn-á
擔罪,tann-tsuē
澹水地,tâm-tsuí-tē/tâm-tsuí-tuē
糖粿,thn̂g-kué/thn̂g-ké
貓貓相,niau-niau-siòng
頭轉客,thâu-tńg-kheh
麭,pháng
䆀空,bái-khang
嚇嚇叫,heh-heh-kiò
戲台,hì-tâi
糞埽市仔,pùn-sò-tshī-á
總講一句,tsóng-kóng--tsi̍t-kù
總攬,tsóng-lám
趨冰,tshu-ping
繞境,jiàu-kíng/liàu-kíng
舊漚舊臭,kū-àu-kū-tshàu
雜菜麵,tsa̍p-tshài-mī
離跤手,lī-kha-tshiú
懶性,nuā-sìng
曠闊,khòng-khuah
羹飯,kenn-pn̄g/kinn-pn̄g
藥水布,io̍h-tsuí-pòo
顛倒反,tian-tò-píng
觸纏,tak-tînn
鰇魚鬚,jiû-hî-tshiu/liû-hû-tshiu
鹹水,kiâm-tsuí
鹹水魚,kiâm-tsuí-hî/kiâm-tsuí-hû
鹹光餅,kiâm-kong-piánn
鹹梅,kiâm-muê/kiâm-m̂
鹹膎,kiâm-kê/kiâm-kuê
攑頭香,gia̍h-thâu-hiunn
譴損,khiàn-sńg
聽筒,thiann-tâng
罐頭開仔,kuàn-thâu-khui-á
戇工,gōng-kang
鬱拗,ut-áu
鬱熱,ut-jua̍h/ut-lua̍h
𤺪雨,siān-hōo
𫝏錢,gàn-tsînn
酒甜,tsiú-tinn
菜鹹,tshài-kiâm
羹麵,kenn-mī/kinn-mī
山崎,suann-kiā
一疕仔,tsi̍t-phí-á
一必一中,it-pit-it-tiòng
七月半,Tshit-gue̍h-puànn/Tshit-ge̍h-puànn
七晏八晏,tshit-uànn-peh-uànn/tshit-uànn-pueh-uànn
人額,lâng-gia̍h
人懸漢大,lâng-kuân-hàn-tuā
入心,ji̍p-sim/li̍p-sim
刀鋩,to-mê/to-mî
力草,la̍t-tsháu
三角六肩,sann-kak-la̍k-king
上尾,siōng-bué/siōng-bé
上教,tsiūnn-kà
上無,siōng-bô
下晝頓,ē-tàu-tǹg
久年,kú-nî
大人大種,tuā-lâng-tuā-tsíng
大水柴,tuā-tsuí-tshâ
大出,tuā-tshut
大出手,tuā-tshut-tshiú
大目孔,tuā-ba̍k-khóng
大百,tuā-pah
大灶,tuā-tsàu
大身大命,tuā-sin-tuā-miā
大注,tuā-tù
大肥,tuā-puî
大張的,tuā-tiunn--ê
大細腎,tuā-sè-siān
大漢囝,tuā-hàn-kiánn
大翻頭,tuā-huan-thâu
大嚨喉空,tuā-nâ-âu-khang
砂馬仔,sua-bé-á
中中仔,tiong-tiong--á
中範,tiong-pān
五子直,gōo-jí-ti̍t/gōo-lí-ti̍t
仁仁仁,jîn-jîn-jîn/lîn-lîn-lîn
冇粟,phànn-tshik
反口供,huán-kháu-king
反形,huán-hîng
反種,huán-tsíng
反變,píng-pìnn
天公地道,thinn-kong-tē-tō/thinn-kong-tuē-tō
天公伯仔,Thinn-kong-peh--á
天平,thian-pîng
天狗食日,thian-káu-tsia̍h-ji̍t/thian-káu-tsia̍h-li̍t
少年人,siàu-liân-lâng
少歲,tsió-huè/tsió-hè
引𤆬,ín-tshuā
心狂火熱,sim-kông-hué-jia̍t/sim-kông-hé-lia̍t
心花開,sim-hue-khui
心慒慒,sim tso-tso
手爪賤,tshiú-jiáu-tsiān/tshiú-niáu-tsiān
手股頭,tshiú-kóo-thâu
手後曲,tshiú-āu-khiau
手面趁食,tshiú-bīn-thàn-tsia̍h
手賤,tshiú-tsiān
手蹄仔,tshiú-tê-á/tshiú-tuê-á
手縫櫳,tshiú-phāng lang
月圍箍,gue̍h uî-khoo/ge̍h uî-khoo
歹日,pháinn-ji̍t/phái-li̍t
歹吉兆,pháinn-kiat-tiāu
歹物仔,pháinn-mih-á
歹看面,pháinn-khuànn-bīn/phái-khuànn-bīn
歹面,pháinn-bīn/phái-bīn
歹面相看,pháinn-bīn-sio-khuànn/phái-bīn-sio-khuànn
歹紡,pháinn-pháng/phái-pháng
歹價,pháinn-kè/phái-kè
毋成囡仔,m̄-tsiânn-gín-á
水尺,tsuí-tshioh
水泱,tsuí-iann
水租,tsuí-tsoo
水脈,tsuí-me̍h
水碓,tsuí-tuì
水窟仔,tsuí-khut-á
水鉎,tsuí-sian
水濺仔,tsuí-tsuānn-á
火母,hué-bó/hé-bú
火車母,hué-tshia-bó/hé-tshia-bú
火車頭,hué-tshia-thâu/hé-tshia-thâu
火金星,hué-kim-tshenn/hé-kim-tshinn
火烌性,hué-hu-sìng/hé-hu-sìng
火珠仔,hué-tsu-á/hé-tsu-á
牛角𨂿仔,gû-kak-uainnh-á
牛貫,gû-kǹg
牛聲馬喉,gû-siann-bé-âu
王梨酥,ông-lâi-soo
主顧客,tsú-kòo-kheh
仝心,kāng-sim
仝沿,kāng-iân
冊局,tsheh-kio̍k
冊疊仔,tsheh-thiap-á
冬粉,tang-hún
出擢,tshut-tioh
半丁,puànn-ting
半奸忠,puànn-kan-tiong
半老老,puànn-ló-lāu
半遂,puàn-suī
去倒,khì-tò
可取,khó-tshú
司公仔象桮,sai-kong-á-siūnn-pue
外埠頭,guā-poo-thâu
央倩,iang-tshiànn/iong-tshiànn
央教,iang-kah/iong-kah
布幼仔,pòo-iù-á
布攄仔,pòo-lu-á
平洋,pênn-iûnn/pînn-iûnn
正範,tsiànn-pān
生本,senn-pún/sinn-pún
生真,tshenn-tsin/tshinn-tsin
生張,senn-tiunn/sinn-tiunn
生頭凊面,tshenn-thâu-tshìn-bīn/tshinn-thâu-tshìn-bīn
白目,pe̍h-ba̍k
白虎湯,pe̍h-hóo-thng
白菜滷,pe̍h-tshài-lóo
白話字,Pe̍h-uē-jī/Pe̍h-uē-lī
目孔,ba̍k-khóng
目空赤,ba̍k-khang-tshiah
目睭遮,ba̍k-tsiu-jia/ba̍k-tsiu-lia
石花,tsio̍h-hue
石降,tsio̍h-kàng
石磨仔心,tsio̍h-bō-á-sim
交落身,ka-la̍uh-sin
交落枕,ka-la̍uh-tsím
交繃,kau-penn/kau-pinn
交纏,kau-tînn
冰礤,ping-tshuah
合該,ha̍p-kai
囡仔頭王,gín-á-thâu-ông
在室的,tsāi-sik--ê
在膽,tsāi-tánn
在欉的,tsāi-tsâng--ê
地陷,tē-hām/tuē-hām
好日,hó-ji̍t/hó-li̍t
好代,hó-tāi
好玄,hònn-hiân
好份,hó-hūn
好死毋死,hó-sí-m̄-sí
好看頭,hó-khuànn-thâu
好唯是,hó-bî-sī
字勻,jī-ûn/lī-ûn
安太歲,an Thài-suè
成格,tshiânn-kik
收煞,siu-suah
有路無厝,ū-lōo-bô-tshù
有賰,ū-tshun
死殗殗,sí-giān-giān
死鹹,sí-kiâm
死體,sí-thé
百百款,pah-pah-khuán
百面,pah-bīn
竹田嬰,tik-tshân-enn/tik-tshân-inn
竹模,tik-bôo
竹篙厝,tik-ko-tshù
竹雞仔車,tik-ke-á-tshia/tik-kue-á-tshia
老孤𣮈,lāu-koo-khu̍t
肉幼仔,bah-iù-á
肉糋,bah-tsìnn
肉繭仔,bah-kián-á
自早,tsū-tsá
自作自專,tsū-tsok-tsū-tsuan
自家用的,tsū-ka-iōng--ê
血崩山,hueh-pang-suann/huih-pang-suann
行去,kiânn--khì
行袂開跤,kiânn-bē-khui-kha/kiânn-buē-khui-kha
行船人,kiânn-tsûn-lâng
行跤花,kiânn-kha-hue
伸捙,tshun-tshia
低路師,kē-lōo-sai
占贏,tsiàm-iânn
佗落,tó-lo̍h/tá-lo̍h
佛手柑,hu̍t-tshiú-kam
冷嗽,líng-sàu
卵白質,nn̄g-pe̍h-tsit
呔會,thài ē
囤貨,tún-huè/tún-hè
囥話,khǹg-uē
坉錢,thūn-tsînn
坐毋著,tshē-m̄-tio̍h
坐底,tshē-té/tshē-tué
妝娗,tsng-thānn
孝尾囝,hà-bué-kiánn/hà-bé-kiánn
孝男面,hàu-lâm-bīn
尾來,bué--lâi/bé--lâi
尿滓,jiō-tái/liō-tái
忘恩背義,bōng-un-puē-gī
李仔攕,lí-á-tshiám
汫水魚,tsiánn-tsuí-hî/tsiánn-tsuí-hû
牢腹,tiâu-pak
罕罕仔,hán-hán--á
育𤆬,io-tshuā
見效,kiàn-hāu
角蜂,kak-phang
豆仔魚,tāu-á-hî/tāu-á-hû
赤焱焱,tshiah-iānn-iānn
走水,tsáu-tsuí
街路,ke-lōo/kue-lōo
走無路,tsáu-bô-lōo
走腹,tsáu-pak
走標,tsáu-pio
走學,tsáu-o̍h
走縒,tsáu-tsua̍h
辛苦病疼,sin-khóo-pēnn-thiànn/sin-khóo-pīnn-thiànn
車斗,tshia-táu
車母,tshia-bú/tshia-bó
車前草,ki-tsiân-tsháu/ku-tsiân-tsháu
車路,tshia-lōo
到手芳,tò-tshiú-phang
到尾,kàu-bué/kàu-bé
卸世卸眾,sià-sì-sià-tsìng
呼請,hoo-tshiánn
咇噗跳,phi̍h-pho̍k-thiàu
和齊,hô-tsê/hô-tsuê
孤佬,koo-láu
孤鳥,koo-tsiáu
孤跤手,koo-kha-tshiú
宕,thōng
定貨,tiānn-huè/tiānn-hè
彼當陣,hit-tang-tsūn
往診,óng-tsín
抹烏,buah-oo
抽懸,thiu-kuân
抾肉幼仔,khioh-bah-iù-á
拄咧,tú-teh
拆白講,thiah-pe̍h-kóng
拍火,phah-hué/phah-hé
拍速,phah-sok
拍鳥帽,phah-tsiáu-bō
放目,pàng-ba̍k
放伴,pàng-phuānn
放紙虎,pàng-tsuá-hóo
放送頭,hòng-sàng-thâu
放銃,pàng-tshìng
果子栽,kué-tsí-tsai/ké-tsí-tsai
武車,bú-tshia
炊粉,tshue-hún/tshe-hún
狀元粿,tsiōng-guân-kué/tsiōng-guân-ké
狗鯊,káu-sua
直目,ti̍t-ba̍k
空思夢想,khong-su-bōng-sióng
空殼厝,khang-khak-tshù
股仔囝,kóo-á-kiánn
花眉,hue-bî
花飛,hue-hui
花條馬,hue-tiâu-bé
花蛤仔,hue-kap-á
金光黨,kim-kong-tóng
金金相,kim-kim-siòng
金絲猴,kim-si-kâu
金鑠鑠,kim-siak-siak
長志,tsiáng-tsì
長篙形,tn̂g-ko-hîng
門口埕,mn̂g-kháu-tiânn
文光尺,bûn-kong-tshioh
門後臼,mn̂g-āu-khū
𤆬領,tshuā-niá
𨑨迌印仔,tshit-thô-ìn-á/thit-thô-ìn-á
侵門踏戶,tshim-mn̂g-ta̍h-hōo
俗麭,sio̍k-pháng
保領,pó-niá
南北二路,lâm-pak-jī-lōo/lâm-pak-lī-lōo
咬舌,kā-tsi̍h
咱人,lán-lâng
品並,phín-phīng
客滿,kheh-buán
封頭壁,hong-thâu-piah
屎面,sái-bīn
巷仔內的,hāng-á-lāi--ê
後壁山,āu-piah-suann
後謝,āu-siā
硩墓紙,teh-bōng-tsuá
指甲眉,tsíng-kah-bâi
指模,tsí-bôo
挑花刺繡,thio-hue-tshiah-siù
是講,sī-kóng
枵飢失頓,iau-ki-sit-tǹg
枵過飢,iau-kuè-ki
枵燥,iau-sò
柝仔頭,kho̍k-á-thâu
查某囝日,tsa-bóo-kiánn-ji̍t/tsa-bóo-kiánn-li̍t
柿霜,khī-sng
流汗流洘,lâu-kuānn-lâu-khó
為非糝做,uî-hui-sám-tsò
相伨,sio-thīn
相揣,sio-tshuē
看口,khuànn-kháu
看命,khuànn-miā
看破跤手,khuànn-phuà-kha-tshiú
看袂上目,khuànn-bē-tsiūnn-ba̍k/khuànn-buē-tsiūnn-ba̍k
突顯,tu̍t-hián
紀年,khí-nî
紅霞,âng-hê
美國仙丹,Bí-kok-sian-tan
美國時間,Bí-kok-sî-kan
美國塗豆,Bí-kok-thôo-tāu
背骨,puē-kut
苦瓜封,khóo-kue-hong
苦花,khóo-hue
苦齣,khóo-tshut
迫促,pik-tshik/pik-tshiok
郊,kau
限時批,hān-sî-phue/hān-sî-phe
面冊,Bīn-tsheh
面腔,bīn-tshiunn
面漚面臭,bīn-àu-bīn-tshàu
面模,bīn-bôo
風雷,hong-luî
食人夠夠,tsia̍h-lâng-kàu-kàu
食老出癖,tsia̍h-lāu-tshut-phia̍h
食重鹹,tsia̍h-tāng-kiâm
食風,tsia̍h-hong
食茶,tsia̍h-tê
食罪,tsia̍h-tsuē
食認,tsia̍h-jīn/tsia̍h-līn
食銅食鐵,tsia̍h-tâng-tsia̍h-thih
食餐廳,tsia̍h-tshan-thiann
食聲,tsia̍h-siann
香櫞瓜,hiunn-înn-kue
倒吊子,tò-tiàu-tsí
倒拗,tò-áu
倒頭槌,tò-thâu-thuî
倒轉去,tò-tńg--khì
倚意,uá-ì
倚蹛,uá-tuà
凌勒,lîng-lik
厝尾頂,tshù-bué-tíng/tshù-bé-tíng
厝場,tshù-tiûnn
原全,guân-tsuân
哪通,ná-thang
哽胿,kénn-kui/kínn-kui
套頭話,thò-thâu-uē
師仔工,sai-á-kang
挨磨,e-bō/ue-bō
挩鍊仔,thuah-liān-á
挽瓜揫藤,bán-kue-tshiû-tîn
挽筋,bán-kin/bán-kun
捙倒,tshia-tó
料小,liāu-siáu
時計果,sî-kè-kó
柴目,tshâ-ba̍k
柴箍,tshâ-khoo
梳妝打扮,se-tsng-tánn-pān/sue-tsng-tánn-pān
氣掣掣,khì-tshuah-tshuah
氣暢忍,khì-thiòng-lún
消敨,siau-tháu
烏子仔菜,oo-tsí-á-tshài
烏白切,oo-pe̍h-tshiat
烏尾冬,oo-bué-tang/oo-bé-tang
烏面賊,oo-bīn-tsha̍t
烏鉎,oo-sian
珠仔龜,tsu-á-ku
病母,pēnn-bó/pīnn-bú
病囝,pēnn-kiánn/pīnn-kiánn
眩車丹,hîn-tshia-tan
破功,phò-kong
破豆,phò-tāu
破鼎,phuà-tiánn
祖公仔產,tsóo-kong-á-sán
笑微微,tshiò-bi-bi
笑詼齣,tshiò-khue-tshut/tshiò-khe-tshut
納錢,la̍p-tsînn
罟寮,koo-liâu
臭油餲,tshàu-iû-ai
茫茫渺渺,bông-bông-biáu-biáu
茶米茶,tê-bí-tê
茶洗,tê-sé/tê-sué
茶籗,tê-khah
草仔子,tsháu-á-tsí
草地倯,tsháu-tē-sông/tsháu-tuē-sông
草囷,tsháu-khûn
草笠仔,tsháu-le̍h-á/tsháu-lue̍h-á
荏身命,lám-sin-miā
袂拄好,bē-tú-hó/buē-tú-hó
袂做得,bē-tsò--tit/buē-tsuè--tit
袂博假博,bē-phok-ké-phok/buē-phok-ké-phok
袂磕得,bē-kha̍p--tit/buē-kha̍p--tit　
袂曉衰,bē-hiáu-sue/buē-hiáu-sue
記認,kì-jīn/kì-līn
貢糖,kòng-thn̂g
起豹飆,khí-pà-pio
起酒痟,khí-tsiú-siáu
起蛟龍,khí-kau-lîng
迵海,thàng-hái
退流,thè-lâu
退時,thè-sî
酒矸仔嫂,tsiú-kan-á-só
馬花糋,bé-hue-tsìnn
鬥搭,tàu-tah
鬼頭刀,kuí-thâu-to
㨂甲,tàng-kah
偌久,guā-kú
做水,tsò-tsuí/tsuè-tsuí
做囮,tsò-buê/tsuè-buê
做竅,tsò-khiò/tsuè-khiò
剪仔龜,tsián-á-ku
剪絨仔花,tsián-jiông-á-hue/tsián-liông-á-hue
剪蟲,tsián-thâng
參仔氣,sim-á-khuì
國校,kok-hāu
夠月,kàu-gue̍h/kàu-ge̍h
宿題,siok-tê/siok-tuê
寄罪,kià-tsuē
寄跤,kià-kha
密密是,ba̍t-ba̍t-sī
徙岫,suá-siū
徛秋,khiā-tshiu
徛家厝,khiā-ke-tshù
惜花連盆,sioh hue liân phûn
捾定,kuānn-tiānn
推捒,the-sak
敗馬,pāi-bé
梅仔茶,muê-á-tê
欲晝仔,beh-tàu-á/bueh-tàu-á
涵空龜,âm-khang-ku
涼腔,liâng-khiang
深目,tshim-ba̍k
深緣,tshim-iân
清彩,tshing-tshái
清飯,tshing-pn̄g
爽歪歪,sóng-uainn-uainn
牽龜落湳,khan-ku-lo̍h-làm
窒車,that-tshia
笨跤笨手,pūn-kha-pūn-tshiú
粗殘,tshoo-tshân
紲落來,suà--lo̍h-lâi
規工,kui-kang
規家伙仔,kui-ke-hué-á/kui-ke-hé-á
規碗捀,kui-uánn-phâng
規嚾規黨,kui-uang-kui-tóng
設使,siat-sú
豚母,thûn-bú/thûn-bó
軟市,nńg-tshī
透底,thàu-té/thàu-tué
透濫,thàu-lām
逐工,ta̍k-kang
頂下歲,tíng-ē-huè/tíng-ē-hè
魚酥,hî-soo/hû-soo
鳥隻,tsiáu-tsiah
鳥鼠仔色,niáu-tshí-á-sik/niáu-tshú-á-sik
鳥鼠仔糖,niáu-tshí-á-thn̂g/niáu-tshú-á-thn̂g　
備辦,pī-pān
博士博,phok-sū-phok
喊,hán
喋詳,thi̍h-siông
喙笑目笑,tshuì-tshiò-ba̍k-tshiò
喙桮,tshuì-pue
喙齒縫,tshuì-khí-phāng
報戶口,pò-hōo-kháu
報鳥鼠仔冤,pò-niáu-tshí-á-uan/pò-niáu-tshú-á-uan
寒酸,hân-suan
惡人無膽,ok-lâng bô-tánn
惡質,ok-tsit
提囡仔,the̍h-gín-á
敢是,kám-sī
敢是,kánn-sī
敨放,tháu-pàng
斑芝,pan-tsi
智覺,tì-kak
棉仔枝,mî-á-ki
欺貧重富,khi-pîn-tiōng-hù
殘殘,tshân-tshân
湠根,thuànn-kin/thuànn-kun
湳仔地,làm-á-tē
湳塗,làm-thôo
無才,bô-tsâi
無品,bô-phín
番薯仔囝,han-tsî-á-kiánn/han-tsû-á-kiánn
痛疼,thàng-thiànn
痟狗病,siáu-káu-pēnn/siáu-káu-pīnn
發爐,huat-lôo
睏尾,khùn-bué/khùn-bé
睏癖,khùn-phiah
硩注,teh-tù
硩番薯,teh han-tsî/teh han-tsû
硬拗,ngē-áu/ngī-áu
硬插,ngē-tshah/ngī-tshah
筅黗,tshíng-thûn
粟埕,tshik-tiânn
粟種,tshik-tsíng
翕汗,hip-kuānn
菜市仔名,tshài-tshī-á-miâ
菜宅,tshài-the̍h
菜砧,tshài-tiam
菜蟲,tshài-thâng
著獎,tio̍h-tsióng/tio̍h-tsiáng
著觸,tio̍h-tak
覕鬚,bih-tshiu
詞彙,sû-luī
買手,bé-tshiú/bué-tshiú
貿貨底,bāu-huè-té/bāu-hè-tué
跋感情,pua̍h-kám-tsîng
跙流籠,tshū-liû-lông
鈍目,tūn-ba̍k
閒煩,îng-huân
韌命,jūn-miā/lūn-miā
順行,sūn-kiânn
黃目子,n̂g-ba̍k-tsí
催油,tshui-iû
剾刀蔫,khau-to-lian
塗石流,thôo-tsio̍h-lâu
塗肉,thôo-bah
媽祖婆,Má-tsóo-pô
幌頭,hàinn-thâu
想欲,siūnn-beh/siūnn-bueh
搝後跤,khiú-āu-kha
搭胸坎,tah-hing-khám
搵料,ùn-liāu
摁,hmh
摃球,kòng-kiû
摃鼓,kòng-kóo
暗安,àm-an
暗唸,àm-liām
暗會,àm-huē
會毋著,huē-m̄-tio̍h/hē-m̄-tio̍h
會得過,ē-tit-kuè/ē-tit-kè
會跤,huē-kha
極加,ki̍k-ke
歇涼,hioh-liâng
歇睏日,hioh-khùn-ji̍t/hioh-khùn-li̍t
歇睏時仔,hioh-khùn-sî-á
準拄煞,tsún-tú-suah
溜旋,liu-suan
煎粿,tsian-kué/tsian-ké
煙筒管,ian-tâng-kóng
煞煞去,suah-suah--khì
矮仔冬瓜,é-á-tang-kue/ué-á-tang-kue
矮鼓,é-kóo/ué-kóo
矮頓,é-tǹg/ué-tǹg
碎鹽鹽,tshuì-iâm-iâm
禁尿,kìm-jiō/kìm-liō
腰痠背疼,io-sng-puē-thiànn
腹腸,pak-tn̂g
萬丈深坑,bān-tn̄g-tshim-khenn/bān-tn̄g-tshim-khinn
萬不幸,bān-put-hīng
落山,lo̍h-suann
落貨,lo̍h-huè/lo̍h-hè
落漆,lak-tshat
便若,piān-nā
香芳,hiunn-phang
倚山食山,uá-suann-tsia̍h-suann
哭賴,khàu-luā
恩情人,un-tsîng-lâng
挨挨陣陣,e-e-tīn-tīn/ue-ue-tīn-tīn
浮浪貢,phû-lōng-kòng
蒂頭,tì-thâu
號頭,hō-thâu
蜂蝦,phang-hê
話仙,uē-sian
詼諧,khue-hâi
詼諧,khue-hâi/khe-hâi
跤胴,kha-tâng
路草,lōo-tsháu
跳踢,thiàu-thah/thiàu-that
過鹹水的,kuè-kiâm-tsuí--ê/kè-kiâm-tsuí--ê
閘雨棚,tsa̍h-hōo-pênn/tsa̍h-hōo-pînn
隔工,keh-kang
電子批,tiān-tsú-phue
電頭毛店,tiān-thâu-mn̂g-tiàm
頓蹬,tùn-tenn/tùn-tinn
飽漿,pá-tsiunn
𠞭花,liô-hue
嗺,sui
墓紙,bōng-tsuá
寢頭,tshím-thâu
對同,tuì-tâng
對重,tuì-tiōng
對頭風,tuì-thâu-hong
對頭誤,tuì-thâu-gōo
摔大眠,siàng-tuā-bîn
斡角,uat-kak
歌仔冊,kua-á-tsheh
歌仔先,kua-á-sian
滸苔,hóo-thî
漚古,àu-kóo
漚步,àu-pōo
漚屎步,àu-sái-pōo
漚戲拖棚,àu-hì-thua-pênn/àu-hì-thua-pînn
漳泉濫,Tsiang-Tsuân-lām
粿路,kué-lōo/ké-lōo
粿酺,kué-pôo/ké-pôo
綿精,mî-tsinn
緊氣,kín-khuì
緊縒慢,kín-tsua̍h-bān
蓋蠟,kài-la̍h
認捌,jīn-bat/līn-bat
趖跤趖手,sô-kha-sô-tshiú
輕便車,khing-piān-tshia
噗仔聲,pho̍k-á-siann
墜腸,tuī-tiông
撨徙,tshiâu-suá/tshâu-suá
佈田花,pòo-tshân-hue
步頻,pōo-pîn
槺榔,khong-lông
稽考,khe-khó
練仙,liān-sian
蓮花頭,liân-hue-thâu
蔥仔餅,tshang-á-piánn
蝦卷,hê-kńg
蝦蛄頭,hê-koo-thâu
諒情,liōng-tsîng
論真,lūn-tsin
豬母癲,ti-bó-tian/tu-bú-tian
豬屠,ti-tôo/tu-tôo
閬雨縫,làng hōo-phāng
閬港,làng-káng
靠傷,khò-siong
駐水,tū-tsuí
鬧猜猜,nāu-tshai-tshai
噪耳,tshò-hīnn/tshò-hī
噸,tòng
樹奶束仔,tshiū-ling-sok-á/tshiū-ni-sok-á
樹梅,tshiū-m̂
激骨話,kik-kut-uē
燃水,hiânn-tsuí
燈仔花,ting-á-hue
燒烘烘,sio-hōng-hōng
燒唿唿,sio-hut-hut
燖補,tīm-póo
磚仔窯,tsng-á-iô
糖仔,thn̂g-á
縛跤縛手,pa̍k-kha-pa̍k-tshiú
聬儱,áng-láng
褪毛,thǹg-mn̂g
親疊親,tshin-tha̍h-tshin
賴賴趖,luā-luā-sô
鋸屑烌,kì-sut-hu/kù-sut-hu
錢貫,tsînn-kǹg
踮沬,tiàm-bī
擇,to̍h
無底代,bô-tī-tāi
霎霎仔雨,sap-sap-á-hōo
頭兄,thâu-hiann
頭較大身,thâu-khah-tuā-sin
頭旗,thâu-kî
頭篩仔,thâu-thai-á
頷頸珠,ām-kún-tsu
鴨雄仔聲,ah-hîng-á-siann
龜龜鱉鱉,ku-ku-pih-pih
䆀豆仔,bái-tāu-á
䆀氣,bái-khuì
戲籠,hì-láng
戴小鬼仔殼,tì siáu-kuí-á-khak
簇,tshok
總的,tsóng--ê
臨時臨曜,lîm-sî-lîm-iāu
蹓,lau
隱痀橋,ún-ku-kiô
鮢鱖,tsu-kuè/tsu-kè
點拄,tiám-tuh
擺撥,pái-puah
舊底,kū-té/kū-tué
舊症頭,kū-tsìng-thâu
薰觳仔,hun-khok-á
藏鏡人,Tsông-kiànn-jîn/Tsông-kiànn-lîn
蟳膏,tsîm-ko
蹛院,tuà-īnn
轉錢空,tńg-tsînn-khang
雙糕潤,siang-ko-jūn/siang-ko-lūn
雜貨仔店,tsa̍p-huè-á-tiàm/tsa̍p-hè-á-tiàm
離經,lī-king
緣金,iân-kim
懵膽,bòng-tánn
藥頭,io̍h-thâu
鏨頭短命,tsām-thâu-té-miā
麒麟鹿,kî-lîn-lo̍k
懸頂,kuân-tíng
蠓仔薰,báng-á-hun
鹹酸苦汫,kiâm-sng-khóo-tsiánn
攑香綴拜,gia̍h-hiunn-tuè-pài/gia̍h-hiunn-tè-pài
攑旗軍仔,gia̍h-kî-kun-á
灇水,tsâng-tsuí
爛𤶃仔,nuā-thiāu-á
癩𰣻病,thái-ko-pēnn/thái-ko-pīnn
癩𰣻蛾仔,thái-ko-ia̍h-á
雞豚仔,ke-thûn-á/kue-thûn-á
鐵釘挽,thih-ting-bán
鐵掃帚,thih-sàu-tshiú
鐵鉼,thih-phiánn
鐵撬,thih-kiāu
鐵鍤,thih-tshiah
顧暝,kòo-mê/kòo-mî
儼硬,giám-ngē/giám-ngī
籠面,láng-bīn
聽好,thìng-hó
變工藝,pìnn-kang-gē
變弄,pìnn-lāng
變相,piàn-siòng
變啥魍,pìnn-siánn-báng
變無魍,pìnn-bô-báng
鑢卡,lù-khah
豔色,iām-sik
鷹仔目,ing-á-ba̍k
鹽桑仔,iâm-sng-á
鹽酸仔,iâm-sng-á
鑽水沬,tsǹg-tsuí-bī
戇目,gōng-ba̍k
𣻸塌塌,siûnn-lap-lap
食飯會,tsia̍h-pn̄g-huē
金言玉語,kim-giân-gio̍k-gí/kim-giân-gio̍k-gú
好食睏,hó-tsia̍h-khùn
隨人食,suî-lâng-tsia̍h
渡鳥,tōo-tsiáu
喙䫌肉,tshuì-phué-bah
大趁錢,tuā-thàn-tsînn
狗肉數,káu-bah-siàu
落空車,làu-khang-tshia
做肉餅,tsò-bah-piánn/tsuè-bah-piánn
無局,bô-kio̍k
水浸粿,tsuí-tsìm-kué/tsuí-tsìm-ké
天公仔囝,thinn-kong-á-kiánn
一時仔,tsi̍t-sî-á
入去,ji̍p-khì/li̍p-khì
入來,ji̍p-lâi/li̍p-lâi
大水,tuā-tsuí
大的,tuā--ê
細的,sè--ê/suè--ê
山內,suann-lāi
心內,sim-lāi
毋就,m̄-tō
以早,í-tsá
出在,tshut-tsāi
巧神,khiáu-sîn
目尾,ba̍k-bué/ba̍k-bé
好好仔,hó-hó-á
好命,hó-miā
有時,ū-sî
官廳,kuann-thiann
拄拄,tú-tú
爸仔囝,pē-á-kiánn
相𤆬走,sio-tshuā-tsáu
食飽,tsia̍h-pá
厝裡,tshù--lí/tshù--nih
翁仔某,ang-á-bóo
做伴,tsò-phuānn/tsuè-phuānn
偷偷仔,thau-thau-á
唸歌,liām-kua
堅心,kian-sim
通人,thong-lâng
逐項,ta̍k hāng
無夠,bô-kàu
著愛,tio̍h-ài
想講,siūnn-kóng
膽肝,tám-kuann
雞卵面,ke-nn̄g-bīn
雞卵清,ke-nn̄g-tshing
面肉,bīn-bah
活,【文】hua̍t
甭,bàng
苧,【白】tē/tuē
稈,kuáinn
稜,lîng
縒【替】,tsua̍h
觸,【白】tshik
騰,thîng
㧣風,tu-hong
𤶃仔子,thiāu-á-tsí
袂爽,bē-sóng/buē-sóng
一下仔,tsi̍t-ē-á
八月半,Peh-gue̍h-puànn/Pueh-ge̍h-puànn
下日,ē-ji̍t/ē-li̍t
小使仔,siáu-sú-á
大細聲,tuā-sè-siann/tuā-suè-siann
大墓公,tuā-bōng-kong/tuā-bōo-kong
中站,tiong-tsām
月底,gue̍h-té/ge̍h-tué
水洘,tsuí-khó
歹鬼𤆬頭,pháinn-kuí-tshuā-thâu
歹過,pháinn-kuè/phái-kè
夭壽骨,iáu-siū-kut
出人前,tshut-lâng-tsîng
另工,līng-kang
出破,tshut-phuà
外務,guā-bū
叫電話,kiò tiān-uē
半精肥,puànn-tsiann-puî
巧氣,khiáu-khì
目花,ba̍k-hue
生猴,tshenn-kâu/tshinn-kâu
仿仔,hóng-á
交定,kau-tiānn
字目,jī-ba̍k/lī-ba̍k
伸輪,tshun-lûn
別工,pa̍t-kang
呔,thài
扴話,ke̍h-uē
走斜,tsáu-tshua̍h
坦斜,thán-tshua̍h
姑不將,koo-put-tsiong
怪奇,kuài-kî
拄仔,tú-á
放尿,pàng-jiō/pàng-liō
抾金,khioh-kim
花貓貓,hue-niau-niau
花彔彔,hue-lok-lok
花哩囉,hue-li-lo
後日仔,āu-ji̍t-á/āu-li̍t-á
後改,āu-kái
家私頭仔,ke-si-thâu-á
挐絞絞,jû-ká-ká/lû-ká-ká
料身,liāu-sin
烏白講,oo-pe̍h-kóng
缺欠,khueh-khiàm/kheh-khiàm
紙條仔,tsuá-tiâu-á
臭礬,tshàu-huân
滇流,tīnn-lâu
細漢的,sè-hàn--ê/suè-hàn--ê
船桮,tsûn-pue
庄跤人,tsng-kha-lâng
貫耳,kǹg-hīnn/kǹg-hī
頂回,tíng-huê
頂改,tíng-kái
喜事,hí-sū
散食,sàn-tsia̍h
猴死囡仔,kâu-sí-gín-á
塗牛翻身,thôo-gû-huan-sin
塌縫,thap-phāng
痲仔,muâ-á
幔被仔,mua-phuē-á/mua-phē-á
廟口,biō-kháu
講耍笑,kóng-sńg-tshiò
霜仔枝,sng-á-ki
擲捒,tàn-sak
轉成,tńg-tsiânn
襟胸,khim-hing
騙痟的,phiàn-siáu--ê
譬論,phì-lūn
顧更,kòo-kenn/kòo-kinn
大食,tuā-tsia̍h
巷仔頭,hāng-á-thâu
後回,āu-huê
會赴市,ē-hù-tshī
會和,ē-hô
米血,bí-hueh/bí-huih
唏嚇叫,hì-heh-kiò
漚翕,àu-hip
干仔,kan-á
牛犅𨂿,gû-káng-uainnh
出腳,tshut-kioh
偷走學,thau-tsáu-o̍h
倒勼,tò-kiu
拔骨,pue̍h-kut/pui̍h-kut
品捧,phín-phóng
祖公仔屎,tsóo-kong-á-sái
飽流,pá-lâu
鈍跤鈍手,tūn-kha-tūn-tshiú
結嚾結黨,kiat-uang-kiat-tóng
準若,tsún-nā
準講,tsún-kóng
著等,tio̍h-tíng
脆命,tshè-miā
萬不二,bān-put-jī/bān-put-lī
鹹水貨,kiâm-tsuí-huè/kiâm-tsuí-hè
對面風,tuì-bīn-hong
緊跤緊手,kín-kha-kín-tshiú
窮真,khîng-tsin/kîng-tsin
鬧熱滾滾,lāu-jia̍t-kún-kún/lāu-lia̍t-kún-kún
大紅花,tuā-âng-hue
頷珠,ām-tsu
通好,thang-hó
變無撚,piàn-bô-lián
桑椹,sng-suî
有局,ū-kio̍k
鹹草,kiâm-tsháu
中盤,tiong-puânn
水筧,tsuí-kíng
失氣,sit-khuì
母仔,bú--á
交葛,kau-kat
石距,tsio̍h-kī/tsio̍h-kū
利劍劍,lāi-kiàm-kiàm
狗母鮻,káu-bó-so
素色,sòo-sik
相放伴,sio-pàng-phuānn
骨目,kut-ba̍k
骨節,kut-tsat
術仔,su̍t-á
規半晡,kui-puànn-poo
規晡,kui-poo
當初時,tong-tshe-sî/tong-tshue-sî
斯當時,su-tong-sî
無閒𩑾𩑾,bô-îng-tshih-tshih
裂獅獅,li̍h-sai-sai
歇假,hioh-ká
袚巾,phua̍h-kin/phua̍h-kun
雞災,ke-tse/kue-tse
乞龜,khit-ku
拗痕,áu-hûn
滾躘,kún-liòng
朗讀,lóng-tho̍k
端的,tuan-tiah
稻稿,tiū-kó
頭幫車,thâu-pang-tshia
蜂仔炮,phang-á-phàu
線頂,suànn-tíng
為著,uī-tio̍h
大姊頭仔,tuā-tsí-thâu-á
轉來去,tńg--lâi-khì
奶齒,ling-khí/ni-khí
拍莓,phah-m̂
消蝕,siau-si̍h
這號,tsit-lō
搜揣,tshiau-tshuē/tshiau-tshē
經布,kenn-pòo/kinn-pòo
雖罔,sui-bóng
合仔趁,ha̍p-á-thàn
孫新婦,sun-sin-pū
末趁,bua̍t-thàn
大妗喙,tuā-kīm-tshuì
著囝甘,tio̍h-kiánn-kam
輪火鬮,lûn-hué-khau/lûn-hé-khau
平棒,pênn-pāng/pînn-pāng
四伨,sì-thīn
擋恬,tòng-tiām
死無人,sí-bô-lâng
躼跤蠓,lò-kha-báng
銃藥,tshìng-io̍h
過冬鳥,kuè-tang-tsiáu/kè-tang-tsiáu
細姑仔,sè-koo-á/suè-koo-á
新娘花,sin-niû-hue
傍官靠勢,pn̄g-kuann-khò-sè/pn̄g-kuann-khò-sì
掩來扯去,am-lâi-tshé-khì
採花蜂,tshái-hue-phang
捲螺仔水,kńg-lê-á-tsuí
徛馬勢,khiā-bé-sè/khiā-bé-sì
做木的,tsò-ba̍k--ê/tsuè-ba̍k--ê
起番,khí-huan
放外外,pàng-guā-guā
加圇,ka-nn̂g
上童,tsiūnn-tâng
娘仔豆,niû-á-tāu
塑膠橐仔,sok-ka-lok-á
珠仔釘,tsu-á-ting
平正,pênn-tsiànn/pînn-tsiànn
相接,sio-tsiap
號令,hō-līng
光焱焱,kng-iānn-iānn
光爍爍,kng-sih-sih
暗摸摸,àm-bong-bong
才閣,tsiah-koh
出代誌,tshut-tāi-tsì
險險仔,hiám-hiám-á
險仔,hiám-á
絞螺仔風,ká-lê-á-hong
出外人,tshut-guā-lâng
塗窯,thôo-iô
錢水,tsînn-tsuí
菜股,tshài-kóo
假做,ké-tsò/ké-tsuè
牛奶粉,gû-ling-hún/gû-ni-hún
單仔,tuann-á
上陸,tsiūnn-lio̍k
掠枵,lia̍h-iau
止飢,tsí-ki
成樣,tsiânn-iūnn
痴哥草,tshi-ko-tsháu
勇壯,ióng-tsòng
摒盪,piànn-tn̄g
老長壽,lāu-tiông-siū
流擺,lâu-pái
龜仔,ku-á
敗欉,pāi-tsâng
健欉,kiānn-tsâng
跤尾錢,kha-bué-tsînn/kha-bé-tsînn
香跤,hiunn-kha
放雨白,pàng-hōo-pe̍h
尻川後話,kha-tshng-āu-uē
圓棍棍,înn-kùn-kùn
芳貢貢,phang-kòng-kòng
圓輾輾,înn-liàn-liàn
業命,gia̍p-miā
巷路,hāng-lōo
三不等,sam-put-tíng
女中,lí-tiong/lú-tiong
目神,ba̍k-sîn
孤毛,koo-moo/koo-môo
孔明燈,khóng-bîng-ting
相疼痛,sio-thiànn-thàng
有範,ū-pān
花仔和尚,hue-á-huê-siūnn
喙焦喉渴,tshuì-ta-âu-khuah
食死死,tsia̍h-sí-sí
蔥仔珠,tshang-á-tsu
出來去,tshut-lâi-khì
嚨喉管,nâ-âu-kńg
在室男,tsāi-sik-lâm
大水蟻,tuā-tsuí-hiā
受教,siū-kàu
心肝穎仔,sim-kuann-ínn-á
爍爍顫,sih-sih-tsùn
破糊糊,phuà-kôo-kôo
水蛆,tsuí-tshi/tsuí-tshu
牌匾,pâi-pián
七爺八爺,Tshit-iâ Peh-iâ/Tshit-iâ Pueh-iâ
跳懸,thiàu-kuân
茶湯,tê-thng
烏水溝,Oo-tsuí-kau
新劇,sin-kio̍k
媽孫仔,má-sun-á
芳雪文,phang-sap-bûn
龍銀,liông-gîn/lîng-gûn
內角,lāi-kak
激頭腦,kik-thâu-náu
佛祖生,Pu̍t-tsóo-senn/Pu̍t-tsóo-sinn
雨傘樹,hōo-suànn-tshiū
望冬,bāng-tang
鼓箸,kóo-tī/kóo-tū
三時有陣,sam-sî-iú-tsūn
孤棚,koo-pênn/koo-pînn
上腳,tsiūnn-kioh
牽教,khan-kà
犒軍,khò-kun
九降風,káu-kàng-hong
國姓爺,Kok-sìng-iâ
觸鈕仔,tak-liú-á
變撚,piàn-lián
制煞,tsè-suah
辟邪,phik-siâ
百歲年老,pah-huè-nî-lāu/pah-hè-nî-lāu
規山坪,kui-suann-phiânn
講通和,kóng-thong-hô
貫捾,kǹg-kuānn
光炎炎,kng-iām-iām
光映映,kng-iànn-iànn
熱翕翕,jua̍h-hip-hip/lua̍h-hip-hip
好狗運,hó-káu-ūn
魚漿,hî-tsiunn/hû-tsiunn
合味,ha̍h-bī
無命,bô-miā
無價,bô-kè
青苔仔,tshenn-tî-á/tshinn-tî-á
頭喙,thâu-tshuì
暗報,àm-pò
燒燙燙,sio-thǹg-thǹg
相疊,sio-tha̍h
消磨,siau-môo
楓仔葉,png-á-hio̍h
烏寒,oo-kuânn
鰻仔栽,muâ-á-tsai
洛神花,lo̍k-sîn-hue
硞硞,kho̍k-kho̍k
出日,tshut-ji̍t
冰櫥,ping-tû
運搬,ūn-puann
盤山過嶺,puânn-suann-kuè-niá/puânn-suann-kè-niá
磚仔角,tsng-á-kak
僭權,tsiàm-khuân
七里香,tshit-lí-hiong
對千,tuì-tshian
千拄千,tshian-tú-tshian
青蘢蘢,tshenn-lìng-lìng/tshinn-lìng-lìng
臭腥龜仔,tshàu-tshènn-ku-á/tshàu-tshìnn-ku-á
相袚,sio-phua̍h
山尖,suann-tsiam
歹囝症,pháinn-kiánn-tsìng
毛繐,mn̂g-sui
正中晝,tsiànn-tiong-tàu
生理虎,sing-lí-hóo
白死殺,pe̍h-sí-sat
奸臣仔笑,kan-sîn-á-tshiò
坐罪,tsē-tsuē
拆箬,thiah-ha̍h
芹菜珠,khîn-tshài-tsu/khûn-tshài-tsu
苦無,khóo-bô
風幔,hong-mua
㾀屎,khiap-sái
倒匼,tò-khap
借字,tsioh-jī/tsioh-lī
烏汁汁,oo-tsiap-tsiap
烏麻仔,oo-muâ-á
眠眠,bîn-bîn
臭老羶,tshàu-lāu-hiàn
肚臍空,tōo-tsâi-khang
綴手,tuè-tshiú/tè-tshiú
理路,lí-lōo
蓮蕉,liân-tsiau
激皮皮,kik-phî-phî
激槌槌,kik-thuî-thuî
霜仔,sng-á
萬年久遠,bān-nî-kiú-uán
欲死,beh-sí/bueh-sí
海水倒激,hái-tsuí tò-kik
好料的,hó-liāu--ê
虛荏,hi-lám
勇跤,ióng-kha
韌布布,jūn-pòo-pòo/lūn-pòo-pòo
徛騰騰,khiā-thîng-thîng
徛叉仔,khiā-tshe-á
苦湯,khóo-thng
起去,khí-khì
釉,iu
爸仔,pâ--á
小盤,sió-puânn
死好,sí-hó
跋歹筊,pua̍h-pháinn-kiáu
剪筊,tsián-kiáu
整筊,tsíng-kiáu
親戽戽,tshin-hòo-hòo
有親,ū-tshin
食清,tsia̍h-tshing
跕跤,liam-kha
好枝骨,hó-ki-kut
烏昏,oo-hng
服藥,ho̍k-io̍h
掠中和,lia̍h-tiong-hô
纘袂牢,tsàn-bē-tiâu/tsàn-buē-tiâu
雞喙變鴨喙,ke-tshuì piàn ah-tshuì/kue-tshuì piàn ah-tshuì
抱心,phō-sim
心適興,sim-sik-hìng
割引,kuah-ín
大圓,tuā-înn
大晡日,tuā-poo-ji̍t/tuā-poo-li̍t
笑色,tshiò-sik
半身不隨,puàn-sin-put-suî
半仿仔,puànn-hóng-á
淺現,tshián-hiān
爛蜞,nuā-khî
軟蜞,nńg-khî
過家,kuè-ke/kè-ke
老風騷,lāu-hong-so
理家,lí-ke
白直,pe̍h-ti̍t
乒乓,phi̋n-phóng
皮皮仔,phuê-phuê-á/phê-phê-á
稻草囷,tiū-tsháu-khûn
貓神,niau-sîn
喙凊,tshuì-tshìn
笑粉,tshiò-hún
相換工,sio-uānn-kang
慢手,bān-tshiú
拍雄,phah-hîng
邊頭,pinn--thâu
土符仔,thóo-hû-á
素料,sòo-liāu
目彩,ba̍k-tshái
輕兩想,khin-niú-siúnn
掂篤,tìm-táu
現仔,hiān-á
做鬧熱,tsò-lāu-jia̍t/tsuè-lāu-lia̍t
便貨,piān-huè/piān-hè
現貨,hiān-huè/hiān-hè
三不服,sam-put-ho̍k
起底,khí-té/khí-tué
窞倕,thām-thuī
時景,sî-kíng
粗幼,tshoo-iù
偷走厝,thau-tsáu-tshù
款勢,khuán-sè/khuán-sì
挐頭,jû-thâu/lû-thâu
退悔,thè-hué
帕尾,phè-bué/phè-bé
圇痀,lun-ku
是年是節,sī-nî-sī-tseh/sī-nî-sī-tsueh
紅筋,âng-kin/âng-kun
錦痀,gìm-ku
雞毛管仔,ke-mn̂g-kóng-á/kue-mn̂g-kóng-á
搭粒,tah-lia̍p
無時無陣,bô-sî-bô-tsūn
閹雞行,iam-ke-kiânn/iam-kue-kiânn
漚搭,àu-tah
鐵衫,thih-sann
攢辦,tshuân-pān
攘【替】,jiāng/giāng
閬站,làng-tsām
璇石喙,suān-tsio̍h-tshuì
冷底,líng-té/líng-tué
熱底,jia̍t-té/lia̍t-tué
鼻刀,phīnn-to
照原,tsiàu-guân
嗤噌,tshi̍h-tshn̍gh
摘名摘姓,tiah-miâ-tiah-sènn/tiah-miâ-tiah-sìnn
慢分,bān-hun
嶄然,tsám-jiân/tsám-liân
過通關,kuè-thong-kuan/kè-thong-kuan
詼仙,khue-sian
超磅,tshiau-pōng
著吊,tio̍h-tiàu
目降鬚聳,ba̍k-kàng-tshiu-tshàng
近兜,kīn-tau/kūn-tau
強徒,kiông-tôo
致心,tì-sim
路長,lōo-tn̂g
內家,lāi-ke
體剔,thé-thak/thué-thak
數佻,siàu-tiáu
無底,bô-té/bô-tué
爸公業,pē-kong-gia̍p
曷有一个,a̍h-ū-tsi̍t-ê
無掛,bô-khuà/bô-khà
定當,tīng-tòng
現交關,hiān-kau-kuan
漏仔,lāu-á
饒裕,jiâu-jū/liâu-lū
食路,tsia̍h-lōo
鼻趖,phīnn-sô
線屎,suànn-sái
拚汗,piànn-kuānn
厚味,kāu-bī
無因無端,bô-in-bô-tuann
下日仔,ē-ji̍t-á/ē-li̍t-á
卜面,poh-bīn
相借喙,sio-tsioh-tshuì
整本,tsíng-pún
辯話骨,piān-uē-kut
輕蠓蠓,khin-báng-báng
抾骨頭,khioh-kut-thâu
抾風水,khioh-hong-suí
押尾,ah-bué/ah-bé
押尾手,ah-bué-tshiú/ah-bé-tshiú
慢鈍,bān-tūn
慢死趖,bān-sí-sô
絞群絞黨,ká-kûn-ká-tóng
𫞼諍王,tshāi-tsènn-ông/tshāi-tsìnn-ông
弄家散宅,lōng-ke-suànn-the̍h
死訣,sí-kuat
結果擲捒,kiat-kó-tàn-sak
懊嘟面,àu-tū-bīn
花嗄嗄,hue-sà-sà
憶著,it-tio̍h
抾起跤,khioh-khí-kha
起跤,khí-kha
重篤篤,tāng-tauh-tauh
恐喝,khióng-hat
苦楝舅,khóo-līng-kū
苦衷,khóo-thiong
過風,kuè-hong/kè-hong
討衰,thó-sue
做得來,tsò-tit-lâi/tsuè-tit-lâi
押尾後,ah-bué-āu/ah-bé-āu
做前,tsò-tsîng/tsuè-tsîng
壓落底,ah-lo̍h-té/ah-lo̍h-tué
天跤下,thinn-kha-ē
趕狂,kuánn-kông
懸踏,kuân-ta̍h
門喙,mn̂g-tshuì
貓徙岫,niau-suá-siū
歹星,pháinn-tshenn/pháinn-tshinn
公族仔,kong-tso̍k-á
懸低坎,kuân-kē-khám
卵蛋,nn̄g-tuann
省本,síng-pún
探,tham
坦橫生,thán-huâinn-senn/thán-huînn-sinn
出眾,tshut-tsìng
大箍把,tuā-khoo-pé
愛睏神,ài-khùn-sîn
喝救人,huah-kiù-lâng
石鼓,tsio̍h-kóo
掰會,pué-huē/pé-hē
𢯾鼻,mooh-phīnn
食鹼,tsia̍h-kinn
不三時,put-sam-sî
卸衰,sià-sue
呔討,thài-thó
臭奶羶,tshàu-ling-hiàn/tshàu-ni-hiàn
厝蓋,tshù-kuà
一下手,tsi̍t-ē-tshiú
一半擺仔,tsi̍t-puànn-pái-á
起致,khí-tì
起造,khí-tsō
叨錢,lo tsînn
素常,sòo-siông
平素時,pîng-sòo-sî
相向,sio-hiòng
當當,tng-tong/tng-tang
厝內人,tshù-lāi-lâng
掩揜,ng-iap
翁仔姐,ang-á-tsiá
好禮仔,hó-lé-á
恬喌喌,tiām-tsiuh-tsiuh
喝聲,huah-siann
會仔錢,huē-á-tsînn/hē-á-tsînn
內裾,lāi-ki/lāi-ku
涼冷,liâng-líng
軟床,nńg-tshn̂g
燈膋,ting-lâ
樹箍,tshiū-khoo
字條仔,jī-tiâu-á/lī-tiâu-á
空身,khang-sin
公廳,kong-thiann
麵粉粿仔,mī-hún-kué-á/mī-hún-ké-á
邊仔角,pinn-á-kak
無時定,bô-sî-tiānn
得定,tik-tiānn
臭尿破味,tshàu-jiō-phuà-bī/tshàu-liō-phuà-bī
大通,tuā-thong
兄妹仔,hiann-muē-á
干證,kan-tsìng
根頭,kin-thâu/kun-thâu
平埔族,Pênn-poo-tso̍k/Pînn-poo-tso̍k
齊透,tsiâu-thàu
透機,thàu-ki
偷走,thau-tsáu
時世,sî-sè
天年,thinn-nî
拚硬仔,piànn-ngē-á/piànn-ngī-á
推軟仔,thui-nńg-á
實捅捅,tsa̍t-thóng-thóng
實實,tsa̍t-tsa̍t
走徙,tsáu-suá
姐弟仔,tsiá-tē-á
水鏡,tsuí-kiànn
顫悶,tsùn-būn
注心,tsù-sim
大色貨,tuā-sik-huè/tuā-sik-hè
案桌,àn-toh
花血,hue-hiat
會見眾,ē-kìnn-tsìng
袂見眾,bē-kìnn-tsìng/buē-kìnn-tsìng
老頹,lāu-thē/lāu-thuē
攔孤爿,ânn-koo-pîng
省事事省,síng-sū-sū-síng
新嫣,sin-ian
惜略,sioh-lio̍h
四壯,sì-tsàng
著味,tio̍h-bī
手肚仁,tshiú-tóo-jîn/tshiú-tóo-lîn
夯硬篙,giâ-ngē-ko/giâ-ngī-ko
對扴,tuì-ke̍h
酸雨,sng-hōo
無底止,bô-tí-tsí
囡仔伴,gín-á-phuānn
合該然,ha̍p-kai-jiân/ha̍p-kai-liân
好頭喙,hó-thâu-tshuì
牽磕,khan-kha̍p
牽闔,khan-kha̍h
筋肉,kin-bah/kun-bah
斧頭銎,póo-thâu-khing
相倚傍,sio-uá-pn̄g
草踏,tsháu-ta̍h
青筋,tshenn-kin/tshinn-kun
精英,tsing-ing
話關,uē-kuan
暗殕,àm-phú
肉燥,bah-sò
梨仔瓜,lâi-á-kue
焦蔫,ta-lian
幼工,iù-kang
跤肚仁,kha-tóo-jîn/kha-tóo-lîn
氣絲仔,khuì-si-á
枯焦,koo-ta
古早味,kóo-tsá-bī
媽祖生,Má-tsóo-senn/Má-tsóo-sinn
補眠,póo-bîn
新娘桌,sin-niû-toh
酸甘,sng-kam
酸微,sng-bui
銅仙,tâng-sián
有法度,ū-huat-tōo
案內,àn-nāi
無定,bô-tiānn
現時,hiān-sî
屈勢,khut-sè
破爿,phuà-pîng
臺票,Tâi-phiò
顛倒頭,tian-tò-thâu
吊䘥仔,tiàu-kah-á
著力,tio̍h-la̍t
欲死盪幌,beh-sí-tōng-hàinn/bueh-sí-tōng-hàinn
棺柴枋,kuann-tshâ-pang
落名,lo̍h-miâ
麻穎,muâ-ínn
擘腹,peh-pak
平波波,pênn-pho-pho/pînn-pho-pho
壁角,piah-kak
跋臭,pua̍h-tshàu
半病仔,puàn-pēnn-á/puàn-pīnn-á
紲話,suà-uē
肉燥飯,bah-sò-pn̄g
小局,sió-kio̍k
話仁,uē-jîn/uē-lîn
贊喙,tsàn-tshuì
畏羞人,uì-siáu-jîn/uì-siáu-lîn
食老本,tsia̍h-lāu-pún
沙肺,sua-hì
布底,pòo-té/pòo-tué
臭生荒,tshàu-tshenn-hng/tshàu-tshinn-hng
煞工,suah-kang
落工,lo̍h-kang
理氣,lí-khì
起挐,khí-jû/khí-lû
絞營,ká-iânn
硬鼻,ngē-phīnn/ngī-phīnn
粗本,tshoo-pún
薄本,po̍h-pún
無輸贏,bô-su-iânn
無臭無潲,bô-tshàu-bô-siâu
捙蛆,tshia-tshi
無時閒,bô-sî-îng
喝價,huah-kè
油耳,iû-hīnn/iû-hī
粗糠耳,tshoo-khng-hīnn/tshoo-khng-hī
定規,tīng-kui
纘【替】,tsàn
一步取,tsi̍t-pōo-tshú
外埕,guā-tiânn
事尾,sū-bué/sū-bé
無事無白,bô-sū-bô-pe̍h
相拄頭,sio-tú-thâu
水帕,tsuí-phè
搧腹肚邊,siàn-pak-tóo-pinn
犀牛照角,sai-gû-tsiò-kak
敆爐,kap-lôo
結市,kiat-tshī
見真,kìnn-tsin
掠跤掠手,lia̍h-kha-lia̍h-tshiú
茈鳥仔,tsínn-tsiáu-á
射筒,siā-tâng
拖帆,thua-phâng
押名,ah-miâ
居財,ki-tsâi/ku-tsâi
咒死絕誓,tsiù-sí-tse̍h-tsuā
皂烏漆白,tsō-oo-tshat-pe̍h
利頭,lī-thâu
血角,hueh-kak/huih-kak
血凍,hueh-tàng/huih-tàng
考水披,khó-tsuí-phi
大日虎,tuā-ji̍t-hóo/tuā-li̍t-hóo
面馬,bīn-bé
過晝,kuè-tàu/kè-tàu
你兄我弟,lí-hiann-guá-tī
硬喙,ngē-tshuì/ngī-tshuì
冊桌仔,tsheh-toh-á
插車,tshah-tshia
夯石碾,giâ-tsio̍h-lián
半挨推,puànn-e-the/puànn-ue-the
火燒心,hué-sio-sim/hé-sio-sim
粗跤重蹄,tshoo-kha-tāng-tê/tshoo-kha-tāng-tuê
寄聲,kià-siann
唱注,tshiàng-tù
做唯是,tsò-bî-sī/tsuè-bî-sī
起慼,khí-tsheh/khí-tshueh
分分仔,hun-hun-á
韌鼻,jūn-phīnn/lūn-phīnn
起基,khí-ki
錢額,tsînn-gia̍h
堅血,kian-hueh/kian-huih
凊面,tshìn-bīn
大厝起,tuā-tshù-khí
倒頭生,tò-thâu-senn/tò-thâu-sinn
死毋坐認,sí-m̄-tshē-jīn/sí-m̄-tshē-līn
拍撋,phah-nuá
推排,thui-pâi
送山,sàng-suann
藥餅,io̍h-piánn
泅水箍仔,siû-tsuí-khoo-á
捙桶倒,tshia-tháng-tò
掛骨,kuà-kut
捽後炮,sut-āu-phàu
厚事路,kāu-sū-lōo
顧山,kòo-suann
粗絲,tshoo-si
恬才,tiām-tsâi
斷站,tn̄g-tsām
對路,tuì-lōo
晟持,tshiânn-tî
轉氣,tńg-khuì
緊跤,kín-kha
蓬蓬坱,phōng-phōng-ing
海波,hái-pho
人群狗黨,lâng-kûn-káu-tóng
飯匙鵝,pn̄g-sî-gô
微微,bui-bui
後的,hāu--ê
鋏仔,giap-á
大木,tuā-ba̍k
虎咬豬,hóo-kā-ti/hóo-kā-tu
相挨推,sio-e-the
瀾鬚,nuā-tshiu
注血,tsù-hueh/tsù-huih
好才,hó-tsâi
換喙,uānn-tshuì
無沓無屑,bô-tap-bô-sap
明其知,bîng-ki-tsai
鑠奅,siak-phānn
一般的,it-puann-ti̍k
幼麵,iù-mī
雨遮,hōo-jia/hōo-lia
目藥水,ba̍k-io̍h-tsuí
塌窩,lap-o
孤行獨市,koo-hâng-to̍k-tshī
弄花,lāng-hue
落妝,lo̍h-tsng
慷交,khóng-kau
欹,khia
姑姨舅妗,koo-î-kū-kīm
刺夯夯,tshì-giâ-giâ
上算,tsiūnn-sǹg
日鬚,ji̍t-tshiu/li̍t-tshiu
日頭光,ji̍t-thâu-kng/li̍t-thâu-kng
囡仔古,gín-á-kóo
風颱天,hong-thai-thinn
粗耙耙,tshoo-pê-pê
後半世人,āu-puànn-sì-lâng
下心神,hē-sim-sîn
棺柴本,kuann-tshâ-pún
有路來,ū-lōo-lâi
揣食,tshuē-tsia̍h/tshē-tsia̍h
三兩下手,sann-nn̄g-ē-tshiú
流血流滴,lâu-hueh-lâu-tih/lâu-huih-lâu-tih
耳空吼,hīnn-khang-háu/hī-khang-háu
所擺,sóo-pái
懦懦,nōo-nōo
肌膚,ki-hu
逞性,thíng-sìng
下半身,ē-puànn-sin
散掖掖,suànn-iā-iā
符仔水,hû-á-tsuí
這氣,tsit-khuì
海豬仔泅,hái-ti-á-siû/hái-tu-á-siû
堅風,kian-hong
拍層,phah-tsân
起貨,khí-huè/khí-hè
欲哭欲𥍉,beh-khàu-beh-nih/bueh-khàu-bueh-nih
無分無會,bô-hun-bô-huē/bô-hun-bô-hē
平鼎仔,pênn-tiánn-á/pînn-tiánn-á
昆蟲,khun-thiông
馬鈴薯片,má-lîng-tsî-phìnn/má-lîng-tsû-phìnn
貫串,kuàn-tshuàn
暗作期,àm-tsoh-kî
使喙,sái-tshuì
擔帶,tam-tài
敲虎𡳞,khà-hóo-lān
噱噱叫,kia̍k-kia̍k-kiò
崩駁,pang-poh
摘抄,tiah-tshau
生凊風,tshenn-tshìn-hong/tshinn-tshìn-hong
清菜,tshing-tshài
手門,tshiú-mn̂g
支理,tsi-lí
做體藝,tsò-thé-gē/tsuè-thé-guē
畫山畫水,uē-san-uē-suí
有紲,ū-suà
執硬,tsip-ngē/tsip-ngī
成款,tsiânn-khuán
上範,tsiūnn-pān
幼茈,iù-tsínn
囡仔耍,gín-á-sńg
滑溜,ku̍t-liū
滑溜,ku̍t-liu
冇心,phànn-sim
衰頹,sue-tuê
米管,bí-kńg
歲聲,huè-siann/hè-siann
銅鼎仔,tâng-tiánn-á
甲是,kah-sī
對摵,tuì-tshi̍k
喙扁,tshuì-pínn
比手畫刀,pí-tshiú-uē-to
過電,kuè-tiān/kè-tiān
要意,iàu-ì
翻轉年,huan-tńg-nî
魚魚肉肉,hî-hî-bah-bah/hû-hû-bah-bah
見天,khiàn-thian
家口,ke-kháu
尪婆,ang-pô
講仙古,kóng-sian-kóo
總根頭,tsóng-kin-thâu/tsóng-kun-thâu
長尾山娘,tn̂g-bué-suann-niû/tn̂g-bé-suann-niû
疼風,thiànn-hong
玻璃清,po-lê-tshing
老相,lāu-siùnn
浮頭,phû-thâu
中聽,tìng-thiann
緩期,uān-kî
做兵,tsò-ping/tsuè-ping
大細漢,tuā-sè-hàn/tuā-suè-hàn
爛朽朽,nuā-hiú-hiú
算講,sǹg-kóng
勻聊仔,ûn-liâu-á
襤襤褸褸,lâm-lâm-luì-luì
舊厝,kū-tshù
掠車,lia̍h-tshia
囡仔話,gín-á-uē
發見,huat-kiàn
白肉底,pe̍h-bah-té/pe̍h-bah-tué
烏肉底,oo-bah-té/oo-bah-tué
同窗會,tông-tshong-huē
紲攤,suà-thuann
炭工,thuànn-kang
事,【白】tāi
蜊,lâ
賞,【文】sióng
總,【白】tsáng
乜【替】,mí
刁【替】,thiau
力【替】,lí
丈,【文】tiōng
丈,【白】tiūnn
三,【文】sàm
上,【文】sióng
上【替】,siāng
下【替】,e
久,【文】kiú
口【替】,káu
口,【文】khió
夕,【白】sia̍h
夕,【文】si̍k
川【替】,tshng
川,tshuan
工【替】,khang
己,【白】kī
已,í
巳,【文】sū
弓,【文】kiong
不【替】,puh
云,ûn
互,hōo
井,【文】tsíng
仇,kiû
今,【文】kim
今,【白】kin
介,kài
元,guân
分,hūn
切,tshè
勿,bu̍t
及,ki̍p
夭,iáu
孔,【白】kháng
孔,【文】khóng
少,【文】siáu
少,siàu
尺,【文】tshik
屯,tūn
巴,pa
幻,huàn
弔,tiàu
手,【文】siú
扎【替】,tsah
支,【文】tsi
斗,【文】tóo
方,【白】png
曰,ua̍t
歹,tái
毛【替】,moo
火,【文】hónn
爻,ngâu
片,【文】phiàn
牛,【文】giû
犬,khián
且,tshiánn
丘,【文】khiu
丘,【白】khu
丙,【文】píng
乏,【文】hua̍t
仔,tsú
他,thann
仗,tiōng
仟,tshian
代,【文】tài
兄,【文】hing
充,tshiong
冬,【文】tong
凹【替】,neh
功,【白】kang
包,【俗】pâu
匆,tshong
北,【文】pok
占,tsiam
另,līng
叩,【文】khiò
召,tiàu
叭,pah
可,【白】khuá
可【替】,khóo
史,【白】sái
史,【文】sú
右,iū
司,【白】sai
司,【白】si
司,【文】su
外,【文】guē
央,【文】iong
央,【白】ng
孕,īn
尻【替】,kha
尼,nî/lî
左,tsó
巧,【文】kháu
巨,kī/kū
弘,hông
必,pit
扑,phok
打,tá
斥,thik
旦,【文】tàn
末,【白】bua̍h
末,【文】bua̍t
本,【白】pńg
札,tsat
正,【白】tsiann
永,íng
玄,hiân
瓜,【文】kua
瓦,【文】uá
田,tiân
甲,【文】kap
皮,【白】pî
矛,mâu
矛,môo
矢,sí
石,【白】sia̍h
禾,hô
丟,tiu
乩,ki
仰,gióng
仰,【俗】ióng
仲,tiōng
仵,ngóo
任,jîm/lîm
企,khì
伍,ngóo
伏,ho̍k
伐,【文】hua̍t
伙,hué/hé
兇,hiong
先,【白】sin
全,【白】tsn̂g
劣,lua̍t
危,guî
危,【俗】uî
各,【白】koh
各,【文】kok
合,【白】kah
吉【替】,jì
吋,tshùn
同,【白】tâng
后,【白】āu
后,【文】hiō
后,【文】hōo
吏,lī
向【替】,hiàng
囡【替】,gín
圭,kui
地,【白】tè
地,【文】tī
夷,î
妄,bōng
存,tshûn
宅,【文】thi̍k
宇,ú
安,【白】uann
式,【文】sik
式,【白】sit
忖,tshún
忙,【白】bâng
忙,【文】bông
扛,【文】kong
旨,tsí
早,tsái
旬,sûn
旭,hiok
曲,【文】khiok
朴,phoh
朽,hiú
汗,【文】hān
汙,u
汙,【俗】ù
灰,hue
百,【白】peh
百,【文】pik
竹,【文】tiok
羊,【文】iông
羽,ú
老,【文】ló
老,【文】nóo
而,jî/lî
肉,【白】hi̍k
肋,li̍k
肌,ki
至,tsì
臼,khū
舌,【文】sia̍t
舟,tsiu
行,【文】hîng
行【替】,lîng
西,【俗】si
亨,hing
伯,【文】pik
伯【替】,pit
伯,【文】phik
伴,【文】phuān
伶,líng
似,【白】sāi
佃,tiān
但,tān
但,nā
住,tsū
佐,tsò
佑,iū
何,【白】uâ
冶,iá
刪,san
努,lóo
即,tsik
卵,【文】luán
吝,līn
吠,【文】huī
否,hónn
否,phí
吩,【白】huan
吩,【文】hun
含,【文】hâm
吳,ngôo
吵,【文】tsháu
吹,【文】tshui
吻,bún
吾,ngôo
呂,【白】lī/lū
呂,【文】lū
呈,thîng
困,khùn
圾,sap
址,tsí
均,kin/kun
坊,【白】hng
坊,【文】hong
坐,【文】tsō
坑,【文】khing
壯,tsòng
妍,gián
妒,tòo
妓,ki
妥,thò
妨,hông
孜,tsu
孝,【白】hà
宏,hông
希,hi
庇,pì
床,【文】tshông
序【替】,sī
序,【白】sī
廷,tîng
弄,【文】lōng
彷,hóng
役,【文】i̍k
忌,kī
忤,ngóo
快,khuìnn
戒,kài
扭,【文】liú
批,【文】phi
扼,i̍k
把,【文】pá
把【替】,pà
抗,khòng
折,tsik
更,【文】king
更,kìng
杆,【文】kan
杉,sam
杖,【文】tiōng
杖,【白】thn̄g
杜,tōo
杞,kí
決,kuat
汽,khì
沈,sím
沌,tūn
沐,bo̍k
沒,bu̍t
沙,【文】sa
沙,【白】se
沛,phài
沢【替】,tshioh
灶,【文】tsò
灸,kù
牡,bóo
牢,【文】lô
甫,hú
町,ting
禿,【白】thuh
禿,【文】thut
秀,siù
私,【白】sai
私,【白】si
究,kiù
肓,bông
肖,siàu
肘,tiú
肛,kong
育,io̍k
良,liông
芋,【文】ū
芍,tsiok
芎,kiong
芒,【白】bâng
芒,【文】bông
谷,kok
豸,thuā
貝,puè
赤,【文】tshik
走,【文】tsóo
車,【文】ki/ku
迅,sìn
邑,ip
邦,pang
阮,ńg
乳,jú/lú
亞,a
享,hiáng
享,hióng
京,【白】kiann
京,【文】king
佩,【俗】phuè
佩,puē
佬,ló
佳,ka
併,pìng
使,【白】sài
使,【文】sù
侍,【白】sāi
侍,【文】sū
侗【替】,tòng
供,【文】kiong
依,i
兒,jî/lî
具,【文】kū
函,hâm
刮,kuat
到,【白】tàu
到,【文】tò
刷,suat
卑,pi
卓,【白】toh
卓,【文】tok
協,ha̍h
協,hia̍p
卷,【白】kǹg
叔,【文】siok
呢【替】,ne
呢【替】,nî
呧【替】,ti
周,tsiu
呱【替】,kuā
呴【替】,ku
呵【替】,o
呻,【文】sin
呼【替】,honn
呿【替】,khuh
和,hō
和,【白】huê
咍,hai
咎,kiū
咐,hù
咖,ka
固,kòo
坡,pho
坤,khun
坦,【文】thán
坪,【白】phiânn
坪,【文】phîng
坷,khia̍t
垃【替】,lâ
垃【替】,lah
奈,【文】nāi
奈,【白】ta
奉,hōng
奔,phun
妮,nî
妲,thán
始,【白】sí
姐,tsiá
姒,sāi
委,uí
孟,bīng
宗,tsong
宙,tiū
宛,uán
宜,gî
尚,【俗】sióng
尚,【文】siōng
尚,【白】siūnn
屄【替】,bai
居,【白】ki/ku
居,【文】ku
岡,kong
岩,【白】gâm
岩,【文】giâm
岳,ga̍k
岸,【文】gān
帙,tia̍t
帚,tshiú
帛,【白】pe̍h
帛,【文】pi̍k
延,iân
弦,hiân
弧,hôo
彼,pí
彿,hut
征,tsing
忽,hut
忿,hún
怏【替】,ǹg
怐【替】,khòo
怕,phà
怖,pòo
怡,î
怦【替】,phēnn
性,【白】sènn/sìnn
怫【替】,phut
怯,khiap
或,hi̍k
戾,lē
抱,【文】phāu
抱,【俗】pō
抵,【白】té
抵,【文】tí
押,【文】ap
拇,bú
拈【替】,ne
拉【替】,la
拉【替】,lá
拒,【白】kī/kū
拒,【文】kū
拓,thok
拔,【文】pua̍t
拘,khu
拙,tsuat
斧,【文】hú
斧,【白】póo
於,î
昂,gông
昆,khun
昇,sing
昊,hō
昌,tshiong
明,【白】bîn
明,【文】bîng
明,【白】mê
明,【白】miâ
昏,【白】hng
昏,【文】hun
易,ī
易,【白】ia̍h
易,【文】i̍k
昔,sik
朋,pîng
杭,hâng
杰,kia̍t
杵,thú
杷,pê
松,【白】tshîng
松,【文】siông
松【替】,sóng
枉,óng
析,sik
枕,tsím
果,【白】kué/ké
枝,【文】tsi
欣,him
歧,kî
沓,ta̍p
沸,huì
況,hóng
泄,siat
泊,po̍k
泊,phik
泌,pì
泓,hông
泛,huàn
泛,huān
泡【替】,pho̍k
泣,khip
泥,nî
泱,iong
泳,íng
炙【替】,tsià
爭,【文】tsing
爸【替】,pah
牧,bo̍k
物,【白】mih
狀,【文】tsiōng
狀,【文】tsōng
狎,a̍p
狐,hôo
狗,【文】kóo
玩,【文】guán
玩,【白】uán
玫,muî
的,tik
的,ti̍k
盲【替】,mê/mî
盲,môo
祀,【白】sāi
祀,【文】sū
秉,píng
穹,kiong
空,【文】khong
空,【白】khàng
空,【文】khòng
竺,tiok
羌,kiong
肥,【文】huî
肨【替】,hàng
肩,【文】kian
肩,【白】king
肴,ngâu
臥,ngōo
舍,sià
芙,【文】hû
芙,【白】phû
芝,tsi
芟,【文】san
芡,khiàm
芥,【文】kài
芥,【白】kè
芥,【白】kuà
芫【替】,iân
芬,hun
芭,pa
芳,【文】hong
芷,tsí
芹,khîn/khûn
芽,【文】gâ
虎,hu
虱,sat
迌【替】,thô
迎,【白】giâ
迎,【文】gîng
返,huán
邸,tí
采,tshái
長,【文】tsióng
長,【文】tiông
阻,tsóo
阿,【文】o
阿,oo
陀,tôo
附,hū
亮,liāng
亮,liōng
侮,bú
侯,【白】hâu
侯,【文】hôo
便,【白】pân
係,hē
促,【文】tshiok
俄,【白】gô
俄,【文】ngôo
俊,tsùn
俍【替】,lāng
俏,tshiàu
俐,lī
俘,hu
俚,lí
俞,jû/lû
俠,kiap
冒,mōo
則,tsik
削,【文】siat
前【替】,tsûn
勁,kìng
勁,kīng
勃,pu̍t
勉,bián
厚,【文】hōo
叛,puān
咪【替】,bî
咫,tsí
咬,【文】ngáu
咯,lo̍k
咳【替】,ka
咳【替】,kha
咽,ian
咾【替】,ló
哈,hah
哉【替】,tsài
垂【替】,sê
垂,【白】suê
型,hîng
垢,káu
垣,uân
姚,【文】iâu
姚,【白】iô
姜,【文】kiong
姜,【文】khiong
姜,【白】khiunn
姜,【白】kiunn
姦,kan
姪,【文】tsit
姪,【白】ti̍t
姻,in
姼,tshit
姿,tsu
威,ui
娃,ua
客,【文】khik
宣,suan
宥,iū
宦,huān
屋,ok
屎,【文】sú
屏,【白】pîn
屏,【文】pîng
峇【替】,bâ
帥,suì
帥,suè
幽,iu
度,to̍k
建,kiàn
彥,gān
彥,giān
待,【白】tāi
後,【白】hāu
後,【文】hiō
後,【文】hōo
怎,tsuánn
怒,nōo
思,【白】si
思,sù
恂,sún
恆,hîng
恍,【文】hóng
恍,【白】huánn
恢,【俗】hue
恢,khue
恨,【白】hīn/hūn
扁,【文】pián
扁【替】,pún
括,kuat
拯,tsín
拱,kióng
拼,phing
拾,si̍p
持,【文】tshî
持,【白】tî
指【替】,tsíng
按【替】,án
挑,【文】thiau
挑,thiáu
既,kì
星,【白】san
映,【白】ìng
映,【文】iòng
昧,māi
昨,tsa
昨,tso̍h
昭,tsiau
昱,io̍k
枯,koo
枴,【白】kuáinn
架,【文】kà
枷,【文】ka
枸,kóo
柄,【文】pìng
柏,【白】peh
柏,【文】pik
某,bóo
柔,jiû/liû
查,【俗】tsa
查【替】,tsa
柩,kiū
柫【替】,put
柬,kán
柯,kho
柱,【文】tsū
柳,liú
柵,tshik
柵,【俗】sa
殃,iong
段,【文】tuān
洋,【文】iông
洛,lo̍k
津,【文】tsin
洪,【白】âng
洪,【文】hông
炫,hiān
炳,píng
炸【替】,tsia̍h
牲,【白】senn/sinn
牲,【文】sing
狡,káu
玲,lîng
玲【替】,lin
玻,po
珊,suan
珍,【白】tsin
珍,【文】tin
甚,sīm
界,【文】kài
界,【白】kè/kuè
疫,【白】ia̍h
疫,【文】i̍k
皇,hông
盈,îng
相,【白】siunn
盼,phàn
盾,tún
矜,【白】king
矜,【文】khim
砂,【文】se
砌,kih
砍,khám
砒【替】,phi
研,【文】gián
祈,kî
祉,tsí
禹,ú
秒,【文】biáu
穿,【文】tshuan
突,tu̍t
竿,kuann
紀,kí
紂,tiū
缸,【文】kong
耶,iâ
背,puè
胖,phàng
胛,kah
胞,pau
胡,【文】hôo
胡,【白】ôo
舢,sam
苑,uán
苒,jiâm/liâm
苓,lîng
苔,【文】thai
苔,【白】thî
苗,biâu
苛,kho
苞,pau
苟,kóo
若,【文】jio̍k/lio̍k
苦【替】,ku
苧,【文】thú
英,ing
苳,tang
莓,【白】m̂
茂,bōo
范,huān
茄,ka
茅,【白】hm̂
茅,【文】mâu
茉,ba̍k
茉,bua̍h
虐,【白】gi̍k
虐,【白】gio̍h
虐,【文】gio̍k
虼【替】,ka
要,iau
要,iàu
訃,hù
計,【白】kì
貞,tsing
軌,kuí
迦,khia
迪,ti̍k
迭,tia̍t
述,su̍t
郁,hiok
郎,lang
郎,【白】nn̂g
酋,siû
陋,lōo
陌,bi̍k
韋,uî
韭,kú
飛【替】,hue
首,siú
香,【文】hiang
香,【文】hiong
乘,sîng
乘,sīng
俯,hú
俱,khū
俳【替】,pai
俳,pâi
俸,hōng
倆,lióng
倉,【文】tshong
倒【替】,tho̍h
倖,hīng
候,hāu
倚,【文】í
借,【文】tsià
倡,tshiong
倡,tshiòng
倦,kuān
倫,lûn
倭,e
冥,bîng
凊,【文】tshìng
凋,tiau
凌,lîng
剔,【文】thik
剖,phóo
剛,kong
剝,【文】pok
卿,khing
原,guân
員,【白】înn
哥【替】,koh
哨,【白】sàu
哨,【文】siàu
哩【替】,li
哩【替】,lí
哲,tiat
唆,so
唆,sō
唏【替】,hì
唐,【文】tông
唐,【白】tn̂g
埃,ai
埃【替】,ia
埆【替】,kak
埒,lua̍h
夏,【白】hē
娉,phing
娘,【文】liông
娛,gû
娛,ngôo
娜,ná
娟,kuan
娥,ngôo
娩,bián
宰,tsáinn
宴,iàn
宵,siau
屐,kia̍h
屑,sap
峰,hong
峻,tsùn
峽,kiap
差,tshai
庭,【白】tiânn
庭,【文】tîng
徐,tshî
徑,kìng
恐,khióng
恕,sù
息,【文】sik
息,【白】sit
悅,ua̍t
悅,ia̍t
悔,【文】hué
悔,【白】huí
悖,puē
悟,ngōo
扇,【文】siàn
拳,【文】kuân
拿,ná
挨,【文】ai
挫,tshò
振,【文】tsín
振,【白】tín
挹【替】,ip
挺,【文】thíng
捉,tshiok
捏,liap
捐,kuan
捔【替】,ka̍k
捕,póo
旁,pông
旅,【文】lú
晉,tsìn
晏,【文】àn
朔,sok
朗,【白】láng
朗,【文】lóng
栓,tshng
栗,【白】la̍t
栗,【文】li̍k
校,kàu
株,【文】tsu
株,【白】tu
栱,kóng
核,【白】ha̍t
核,【文】hi̍k
格,【文】kik
桀,kia̍t
桂,kuì
桃,【白】tô
桅,uî
案,【白】uànn
桐,【白】tâng
桐,【文】tông
桑,【白】sng
桑,【文】song
桑【替】,sáng
殉,sûn
殊,sû
殷,【白】in
殷,【文】ûn
氧,ióng
泰,thài
浙,tsiat
浡【替】,phu̍h
浦,phóo
浩,hō
浪,lōng
浮,【文】hû
浴,【白】i̍k
浴,【文】io̍k
涂,【文】tôo
涂,【白】thôo
涉,sia̍p
涗【替】,suè/sè
烏【替】,u
烘,【文】hong
烙【替】,lō
烙,lo̍k
特,ti̍k
狸,lî
狹,【文】hia̍p
狽,puē
珮,puè
琉,liû
畔,puān
畚,pùn
畚,pūn
畜,【文】thiok
畝,bóo
疲,phî
疳,kam
疸,thán
疹,tsín
疾,tsi̍k
疾,tsi̍t
病,【文】pīng
益,【白】iah
益,【文】ik
眠,【文】biân
眨【替】,tsha̍p
矩,kí/kú
砲,phàu
祐,iū
祕,pì
祚,tsà
祟【替】,sui
秘,pì
秤,pîng
秦,tsîn
秧,【文】iang
秧,【文】iong
秩,tia̍t
秪,te
秫,tsu̍t
秮【替】,tai
窄,tsik
窈,iáu
笆,pa
笑,【文】tshiàu
笑,【文】siàu
笒【替】,gím/giám
粅【替】,but
紋,bûn
紐,liú
紗,【文】sa
紛,hun
紡,【文】hóng
索,【文】sik
羓【替】,pa
羔,ko
翁,【文】ong
翅,tshì
耆,kî
耕,king
耘,ûn
耽【替】,tânn
胭,ian
胰,î
胱,kong
胳【替】,koh
胸,【文】hiong
脂,tsi
脅,hia̍p
脆,【文】tshuì
脈,【文】bi̍k
脊,【白】tsiah
脊,【文】tsik
脊,【白】tsit
舨,pán
航,hâng
般,【文】pan
般,【白】puann
茭,ka
茭,kha
茯,ho̍k
茱,tsu
茵,in
茸,jiông/liông
荀,sûn
荇,hīng
荊,king
荍【替】,siô
荐,tsiàn
荒,【文】hong
荔,nāi
荖,【白】láu
荖,【文】ló
虔,khiân
蚊,bûn
蚌,pāng
蚓,kún
蚣,kang
蚤,tsáu
衲,la̍p
衷,thiong
訊,sìn
訓,hùn
訕【替】,suān
豈,khí
貢,kòng
躬,kiong
軒,【文】hian
軒,【白】ian
辱,jio̍k/lio̍k
迴,huê
送,【文】sòng
郡,kūn
酌,tsiok
釘,ting
陛,pè
陝,siám
陞,sing
隻,【文】tsik
馬【替】,ma
高,kau
鬥,【文】tòo
倏【替】,suā
偉,uí
偕,kai
健,【文】kiān
健,【白】kiānn
側,tshik
偵,tsing
偶,ngóo
偽,guī
凰,hông
勘,kham
勘,khàm
匿,li̍k
參,sim
參,som
售,siū
唯,uî
唱,【文】tshiòng
商,siong
問,【文】būn
啖【替】,tām
啞,【文】á
啞,【白】é
啟,khé
啡,pi
圇,lûn
圈,khuan
域,【文】i̍k
埠,pōo
執,tsip
培,puê
基,【白】ke
基,【文】ki
埽【替】,sò
奢,tshia
娼【替】,tshang
娼,tshiong
婉,uán
婊,piáu
婢,pī
婦,【白】pū
宿,【文】siok
宿,siù
宿,【白】sok
寂,tsi̍k
寂,【俗】siok
寄,【文】kì
密,【文】bi̍t
屠,tôo
崇,tsông
崔,tshui
崖,gâi
崗,【白】kang
崗,【文】kong
崙,lūn
崩,【文】ping
巢,tsâu
帳,【文】tiòng
帳,【白】tiùnn
帷,uî
常,【俗】tshiâng
常,siông
庵,am
康,【白】khng
康,【文】khong
庸,iông
張,【文】tiong
強,【俗】kióng
強,kiōng
彗,huī
彩,tshái
彪,piu
彬,pin
徘,pâi
從,【文】tshiong
御,gū
悉,sik
悠,iu
患,huān
悽,tshi
情,【白】tsiânn
惘,bóng
惜,【文】sik
惟,uî
惟,î
戚,tshik
捨,siá
捷,【白】tsia̍t
掃,【文】sò
掇【替】,tuah
掇,tua̍h
授,siū
掙【替】,tsiānn
掠,【文】lio̍k
控,khòng
推,【文】tshui
敏,bín
敘,sū
敝,pē
敝,pè
斜,【文】siâ
斬,【文】tsám
斬,【白】tsánn
晚,【文】buán
晚,【白】mńg
晝,【文】tiù
晨,sîn
曹,tsô
曼,bān
梁,niû
梅,【文】muî
梗,【白】kénn
梗,【文】kíng
梟,hiau
梧,ngôo
梨,【文】lê
梭,so
梯,【文】the
械,hāi
梵,huān
棄,khì
欲,io̍k
毫,hô
毫,hôo
毬【替】,kiû
涎,siân
涯,gâi
液,i̍k
涵,【白】âm
涵,【文】hâm
涸【替】,khok
涼,【白】niû
淇,kî
淋,【文】lîm
淑,siok
淒,tshe
淡,【文】tām
淡,【白】tānn
淨,tsīng
淪,lûn
淫,îm
淮,huâi
淵,ian
混,hūn
淺,【白】khín
清,【白】tshinn
烹,phing
焗【替】,ko̍k
爽,【白】sńg
牽,【文】khian
猊【替】,jî/lî
猖,tshiong
率,【白】lu̍t
率,【文】sut
畢,pit
略,lio̍h
略,lio̍k
異,ī
疏,【文】soo
疵,tshû
盔,khue
盛,siānn
眼,【白】gíng
眾,【白】tsìng
眾,【文】tsiòng
硃,tsu
硫,liû
祥,siông
祧,thiāu
票,【文】phiàu
移,î
窕,thiáu
竟,kìng
笙,sing
笛,【白】ta̍t
笛,【文】ti̍k
笠,【文】li̍p
粕,【文】phok
紮,【文】tsap
累,luí
累,luī
紳,sin
紹,siāu
終,tsiong
絆,【文】puàn
統,thóng
缽,【文】puat
羞,siu
翎【替】,līng
習,si̍p
聆,lîng
聊,liâu
唇,sûn
唇,tûn
脫,【白】thuah
脬,pha
脰,tāu
舵,【文】tāi
舵,【文】tō
舵,【白】tuā
舷,hiân
荳,tōo
荷【替】,hâ
荷,hô
荷【替】,huê
荽【替】,sui
莉【替】,nī
莊,【文】tsong
莎,sa
莎,so
莖,king
莖【替】,huâinn
莧,hīng
莽,bóng
處,tshú
處,tshù
蛀,【文】tsù
蛄【替】,koo
蛇,【文】siâ
蛋,tàn
蛋【替】,tuann
袈,ka
袋,【文】tāi
袍,phâu
袖,siù
覓,bi̍k
訟,siōng
訪,hóng
許,【文】hí/hú
許,【白】khóo
豚,thûn
貧,pîn
貨,【文】hò/hònn
貫,【文】kuàn
責,tsik
趺【替】,u
趾,tsí
軟,【文】luán
逍,siau
透,【文】thò
逐,【文】tio̍k
速,sok
逢,hông
連,liâm
連,【白】nî
郭,【文】kok
郭,【白】kueh
都,【文】too
釣,【文】tiàu
釵,【文】tshai
釵,【白】the
陰,【白】iam
陳,【白】tân
陳,【文】tîn
陵,lîng
陶,tô
陸,【文】lio̍k
陸,【文】lo̍k
陸,【白】la̍k
雀,【白】tshik
雀,【文】tshiok
雪【替】,sap
頃,khing
頃,khíng
魚,【文】gû
鳥,【文】niáu
麻,【文】mâ
傀【替】,ka
傀,khuí
傅,【文】hū
傅,【白】pòo
傍,【文】pōng
傑,kia̍t
傘,【文】sàn
備,pī
凱,khái
剩,【白】sīn
剩,【文】sīng
剩,siōng
割,【文】kat
勝,sing
勝,sìng
勞【替】,lóo
勞,lō
唾,thò
啾【替】,tshiùnn
喂【替】,uê
喇,lá
喉,âu
喌【替】,tsiuh
喑【替】,ìnn
喚,huàn
喜,hí
喝,【文】hat
喧,suan
喪,【白】sng
喪,【文】song
喬,kiâu
單,【文】tan
喲【替】,iō
喳【替】,tshā
喻,jū/lū
圍,【俗】û
堡,pó
堤,thê
堯,giâu
場,【文】tshiâng
奠,tiān
婷,tîng
婸【替】,giang
婿,【白】sài
婿,【文】sè
媒,【白】muê/hm̂
媒,【文】muî
媚,bī
媧,o
富,【文】hù
寐,bī
寒,【文】hân
寓,gū
寓,【俗】ú
尋,【文】sîm
嵐,lâm
幅,【文】hok
幾,【文】kí
廁,tshè
廂,siunn
廊,lông
彭,【白】phênn/phînn
彭,【文】phîng
復,ho̍k
循,sûn
悲,pi
悶,būn
惑,hi̍k
惠,huī
惡,ònn
惰,【文】tō
惰,【白】tuānn
惱,【文】ló
惱,【白】náu
惶,hiânn
惻,tshik
愉,jû/lû
愕,go̍k
慨,khài
戟,kik
掌,【文】tsiáng
揀,【文】kán
描,【文】biâu
揚,iông
握,【俗】ap
握,【文】ok
揭,kiat
揭,khiat
揮,hui
援,uān
敦,tun
斌,pin
斐,hui
斐,huí
斑,pan
斯,su
斯【替】,suh
晬【替】,tsè
普,phóo
普【替】,puh
晴,【白】tsênn
晴,【文】tsîng
晶,【文】tsing
晶,【白】tsinn
智,tì
暑,sú
曾,【白】tsan
曾,【文】tsing
曾,tsîng
朝,tiau
期,ki
棉,【文】biân
棍,kùn
棑【替】,pâi
棒,pāng
棚,【文】pîng
棠,tông
棧,tsàn
森,sim
棲,tshe
棺,【文】kuan
棺,【白】kuann
植,【俗】ti̍t
植,si̍t
椒,【文】tsiau
椒,【白】tsio
椪,phòng
欽,khim
殖,si̍k
殖,si̍t
殘,【文】tsân
殘,【白】tsuânn
殘,【白】tshân
殼,【文】khok
渝,jû/lû
渝,û
渣,tse
測,tshik
渴,【文】khat
游,iû
渺,biáu
渾,hûn
湘,siong
湧,【文】ióng
湯,【文】thong
溉,kài
滋,tsu
焦,tsiau
焰,iām
焱,iānn
然,jiân/liân
犀,【白】sai
犀,【文】se
猩,sing
猫【替】,bâ
猶,iû
琢,tok
琦,kî
琪,kî
琳,lîm
琵,pî
琶,【文】pâ
琶,【白】pê
甥,sing
番,han
痘,【白】tāu
痘,【文】tōo
痛,【白】thàng
痛,【文】thòng
痞,phí
痟【替】,siau
痡【替】,pôo
痢,lī
登,ting
發【替】,hua̍t
皓,hō
皓,hōo
盜,tō
硝,siau
硞【替】,khok
硬,【文】gīng
稀,hi
程,【文】tîng
程,【白】thiânn
程,【文】thîng
窘,khún
筐,【文】khong
答,【白】tah
答,【文】tap
策,tshik
粟,【文】siok
粧,【文】tsong
紫,tsí
絞,【文】káu
絡【替】,lo̍h
絡,lo̍k
絡【替】,le
絢,sûn
給,kip
絪【替】,in
絮,sù
絳,kòng
翔,siông
肅,siok
脽【替】,tsui
脾,phî
腋,i̍k
腌【替】,a
腎,【白】siān
腑,hú
腔,【文】khiong
腔【替】,tshiunn
腕,【文】uán
腕,【白】uánn
舒,【白】soo
舒,【文】su
舜,sùn
莿,tshì
菁,tshenn/tshinn
菅【替】,kuann
菊,【白】kak
菖,tshiong
菝【替】,pua̍t
菝【替】,pa̍t
菠,【文】po
菠,【白】pue/pe
菩,phôo
華,hua
華,huâ
菱,lîng
菲,hui
菲,huí
萄,tô
萊,lâi
萍,phîng
萎,uí
著,【文】tio̍k
著,tù
虛,【文】hu
蛙,ua
蛛,tu
蛟,kau
蛤,kap
袱,ho̍k
裂,【文】lia̍t
視,sī
診,tsín
詐,tsà
詔,tsiàu
象,【俗】sióng
象,【俗】siòng
象,【文】siōng
象【替】,siūnn
貂,tiau
貯,【文】thú
貳,jī/lī
貸,tāi
貿,bōo
賀,hō
超,【文】tshiau
超,【白】thiau
跋,pua̍t
跌,tia̍t
跑【替】,phâu
距,kī/kū
軸,ti̍k
辜,koo
逮,tāi
週,tsiu
逸,i̍t
逸,i̍k
逸,iat
郵,iû
鄉,【文】hiong
鄉,【白】hiunn
鈔,tshau
鈗【替】,ńg
鈞,kun
閒,【文】hân
間,【文】kàn
閔,bín
陽,【白】iûnn
隆,liông
隍,hông
階,kai
雅,【文】ngá
雅,【白】ngé
雇,kòo
雯,bûn
頇,hân
須,su
飯,【文】huān
黃,【文】hông
黑,hik
黹,tsí
亂,【白】lān
傲,ngōo
傳,tuān
傾,khing
僆【替】,nuā
勤,khîn/khûn
嗙【替】,pòng
嗚,oo
嗝【替】,keh
嗣,【俗】sû
嗣,sū
嗤【替】,tshi
嗦,so
嗲【替】,te
嗲【替】,teh
園,【文】uân
圓,【文】uân
塑,sok
塗,【文】tôo
塘,【白】tn̂g
塘,【文】tông
塞,sài
奧,ò
媳,sik
媽,ma
媽【替】,mah
嫁,【文】kà
嵯,tshu
廉,liâm
微,bî
微【替】,bui
愍,bián
愚,gû
愧,khuì
慄【替】,la̍k
慄,lik
慈,tsû
慌,hong
慍,ùn
慎,sīn
搏,phok
搖,【文】iâu
搬,【文】puan
搭,【文】tap
搶,【文】tshióng
斟,tsim
暇,hā
暈,ūn
暉,hui
暖,luán
會,kuè
棰,tshuê/tshê
楊,【白】tshiûnn
楊,【文】iông
楊,【白】iûnn
楓,【文】hong
楚,tshó
楝,【文】liān
楝,【白】līng
楣,bâi
楬,at
極,ki̍k
楷,khái
楹,【白】ênn
楹,【文】îng
概,kài
概,khài
榆,jiû/liû
榔,【文】lông
榔,【白】nn̂g
歆,him
殿,tiān
毽,kiàn
源,guân
溫,un
溯,sòo
溶,【文】iông
溺,li̍k
滂【替】,phōng
滄,tshong
滇,tian
滓,tsáinn
滓【替】,lái
煉,liān
煌,hông
煞,【文】sat
煤,muê
煥,huàn
煬,iāng
煬,iông
牒,tia̍p
猾,ku̍t
瑋,uí
瑕,hâ
瑙,ló
瑚,ôo
瑛,ing
瑜,û
瑜,jû/lû
瑞,suī
瑟,sit
瑟,sik
瑯【替】,long
當,【白】tang
當,【白】tàng
當,【文】tong
當,【文】tòng
痱,puì
痴,tshi
痹,pì
痺,pì
盞,【文】tsán
盟,bîng
睚【替】,kâinn
睛,tsing
督,tok
睦,bo̍k
睫,tsiah
睭【替】,tsiu
睹,tóo
硼,phîng
碇,【文】tīng
碌,【文】lo̍k
碓,tuì
碖【替】,lún
碡,ta̍k
碰,phòng
祺,kî
祿,lo̍k
禽,khîm
稚,tī
稠,tiû
窞【替】,thām
窣,su̍t
筠,ûn
筧,【文】kián
粱,liâng
綁,páng
罪,【白】tsē
置,tì
署,【文】sú
署,【白】sū
羨,siān
聖,【文】sìng
肆,sù
腥,tshenn/tshinn
腦,【文】ló
腩【替】,lám
腮【替】,tshi
腰,【文】iau
腱,【白】kiàn
腱,【文】kiān
腳,【白】kioh
腳,【文】kiok
腸,【俗】tshiân
腸,【文】tshiâng
腸,【文】tiông
腹,【文】hok
舅,【文】kiū
艇,thíng
萵【替】,ue/e
落【替】,la̍uh
葉,ia̍p
葛,【文】kat
葛,【白】kuah
葡,phû
董,【白】táng
董,【文】tóng
葫,hôo
葵,kuî
葵【替】,khuê
號【替】,lō
蛻,thuì
蛾【替】,ia̍h
蜀,sio̍k
蜂,【文】hong
蜅【替】,poo
蜈【替】,giâ
蜈,gôo
蜈,ngôo
蜍,tsî
衙,gê
裌,kiap
裏,lí
裔,è
裔,ì
裕,jū/lū
裟,se
解,【白】ké
詢,sûn
詣,gē
詬【替】,kāu
詭,【文】khuí
詭,【白】kuí
詮,tshuan
詰,khiat
詳,siông
詹,tsiam
誇,khua
誠,【文】sîng
貉,hô
賂,lōo
賄,hué
資,tsu
賈,ká
賈,kóo
賊,【白】tsa̍t
賊,【文】tsi̍k
跡,【文】tsik
較,【白】kà
較,【文】kàu
辟,phik
遁,tūn
遂,suī
運,【白】īn
遍,【白】phiàn
過,【文】kòo
過,【白】kuà
過,koh
達,ta̍t
違,uî
酬,siû
鈸,【白】pua̍h
鈸,【文】pua̍t
鉈,tô
鉗,【文】khiâm
隔,【文】kik
隘,ài
雉,thī
零,【白】lân
零,【文】lîng
靖,tsīng
靶,pé
預,【白】ī/ū
預,【文】ū
頑,guân
頒,pan
頓,【文】tùn
飽,【文】páu
飾,sik
馳,tî
馴,sûn
鳩,khiu
鼎,【文】tíng
鼠,【文】tshú
僑,kiâu
僕,po̍k
僚,liâu
僧,sing
僧,tsing
僭,tsiàm
厭【替】,iàn
嗹【替】,liân
嘈【替】,tsō
嘈【替】,tsha̍uh
嘉,ka
嘐【替】,hau
嘓【替】,go̍k
嘓【替】,ko̍k
嘔,【文】óo
嘛【替】,mà
嘟【替】,tū
塵,tîn
塾,sio̍k
墓,bōo
夥,hué/hé
嫖,phiâu
嫡,tik
嫦,siông
孵,hu
寞,bo̍k
察,tshat
寢,tshím
寢,【俗】khím
寥,liâu
寧,lîng
屢,lí
嶄,tsám
幣,pè
廖,liāu
弊,pè
弊,【俗】piah
彰,tsiong
徹,thiat
態,thài
態,thāi
慣,kuàn
慳,kian
慷,khóng
截,tsia̍t
摘,【文】tik
摸【替】,moo
撤,thiat
暨,kì
榕,【文】iông
榛,tsin
榜,【文】póng
榜,【白】pńg
榨,tsà
榮,îng
榴,liû
榻,【白】thah
榻,【文】thap
構,kòo
槐,huâi
槔【替】,oo
歉,【俗】khiam
歉,khiàm
滬,hōo
滯,tī
滴,【文】tik
滸,hóo
漁,【文】gû
漁,【白】hî/hû
漂,【文】phiàu
漂,【白】phiò
漉,lok
漏,【文】lōo
漚【替】,áu
漠,bo̍k
漫,bān
漳,tsiang
漸,tsiām
澈,thiat
煽,siàn
熇【替】,ho
熏,hun
熔,【文】iông
爾【替】,nī
爾【替】,niā
犒,khò
獄,【白】ga̍k
獄,【文】gi̍k
瑣,só
瑪,【白】bé
瑪,【文】má
瑰,kuì
瘋,hong
瘍,iông
監,【文】kam
監,【文】kàm
睡,【白】tsuē
睡,【文】suī
碟,【文】tia̍p
碟,【白】ti̍h
碧,phik
碩,【俗】sik
碩,si̍k
磁,tsû
禎,tsing
種,【文】tsiòng
稱,tshing
窩,o
端,【文】tuan
端,【白】tuann
筵,iân
箋,tsian
箏,tsing
箕,ki
粹,tshuì
綜,tsong
綠,【文】lio̍k
綢,tiû
維,î
綰【替】,kuānn
綱,kong
綴,tuat
綸,lûn
綸,kuan
綺,khí
綽,tshiok
綾,lîng
綿,【文】biân
緒,sū
翠,tshuì
聚,tsū
聞,bûn
肇,tiāu
腐,【文】hú
腐,【白】hū
膀,phông
膁,liám
膈,keh
膋【替】,lâ
膏【替】,kô
膏,【俗】koo
臺,tâi
與,【文】ú
蒙,bông
蒲,pôo
蒸,tsing
蒼,tshong
蒿,o
蓄,【文】thiok
蓉,iông
蓑,sui
蜘,ti
蜞,khî
蜢,meh
蝕,【俗】sit
裱,piáu
裹,kó
裼【替】,theh
製,tsè
褂,kuà
誌,tsì
誓,【文】sē
誣,bû
誦,siōng
豪,hô
貌,māu
賑,tsín
賓,pin
趙,tiō
輓,buán
輔,hú
輔,【俗】phóo
輕,【文】khing
遙,iâu
遜,sùn
遞,tē
遣,khián
酷,khok
酸,【文】suan
銘,bîng
閩,bân
際,tsè
障,tsiàng
障,【俗】tsiong
障,tsiòng
需,su
鞅,ióng
頗,phó
颱,thai
餃,kiáu
餉,hiòng
馝【替】,pih
駁,【白】poh
駁,【文】pok
骰,tâu
骱【替】,kái
魁,khue
魠,thoh
鳴,bîng
僵,khiong
價,【文】kà
僻,phiah
儀,gî
劇,ki̍k
劈,phik
劉,lâu
厲,【文】lē
厲,【白】lī
嘩【替】,huā
嘮,lo
嘯,siàu
嘻,hi
噁【替】,ònn
噎【替】,uh
增,tsing
墨,【文】bi̍k
墩,tun
墮,tuī
墳,【文】hûn
墳,【白】phûn
嬉,hi
寬,【文】khuan
寬,【白】khuann
履,lí
幢【替】,tông
廚,【白】tôo
廚,【文】tû
廣,【白】kńg
彈,【文】tân
彈,【文】tān
彈,thân
影,【文】íng
徵,【白】tin
徵,【文】ting
慕,bōo
慧,huī
慧,huē
慮,lī/lū
慰,uì
慶,khìng
慼,tshik
慾,io̍k
憐,【文】liân
憐,【白】lîn
憚,tān
憢,giâu
憤,hùn
憫,bín
戮,lio̍k
摩,môo
摯,tsì
摹,bôo
摹,bōo
撒,【文】sat
撙,tsún
撥,【文】puat
撫,【俗】bú
撫,hú
撮,tsuat
撰,tsuān
敵,ti̍k
敷,hu
暮,bōo
暱,li̍t
暱,li̍k
暴,【文】pō
暴,【白】pok
暴,【白】po̍k
槤,liân
樂,ngāu
樑,【文】liông
樑,【白】niû
標,【文】phiau
樞,tshu
樟,【文】tsiong
樣,【文】iōng
歎,thàn
歐,【白】au
歐,【文】io
毅,gē
毅,gī
毿【替】,sàm
漿,【文】tsiong
潑,【文】phuat
潔,kiat
潘,【文】phuan
潘,【白】phuann
潛,tsiâm
潦,ló
潮,tiâu
潮,【俗】tiau
潺,tshan
澄,tîng
澎,phênn
熟,【文】sio̍k
熥,thang
獠,liâu
瑩,îng
璃,lê
璃,lî
璇【替】,suān
瘟,un
瘡,【文】tshong
瘦,sóo
盤,【文】puân
盤,【文】phuân
瞌【替】,ka
確,khak
確【替】,khia̍k
碼,【白】bé
碼,【文】má
碾【替】,lián
磊,luí
磋,tsho
稷,tsik
稻,tō
穀,kok
箠,【文】suî
箭,【文】tsiàn
箱,【文】siong
箴,tsim
範,【文】huān
範,【白】pān
篇,【文】phian
糊,【文】hôo
糍,tsî
緝,【白】tsi̍p
緝,【文】tship
緞,tuān
締,tè
編,【白】pinn
緯,uī
緻,tì
緻,tī
羯,kiat
翩,phian
膝,tshik
膝,sit
蓪,thong
蓬,hông
蓬【替】,pōng
蓮【替】,lián
蓮,liân
蔑,bia̍t
蔓,bān
蔓【替】,muā
蔚,uì
蔡,tshuà
蔬,【白】se
蔬,【文】soo
蔽,pè
蝒【替】,bīn
蝛【替】,bui
蝴,【文】hôo
蝴,【白】ôo
蝶,【白】ia̍h
蝶,【文】tia̍p
衛,uē
衝【替】,tshóng
複,ho̍k
褙,pè
誕,tàn
誕,tān
誰,【文】suî
課,【白】khuè
誹,huí
誼,gî
誼,gī
調,tiau
調,tiàu
諍,【文】tsìng
諒,liōng
諸,tsu
豍【替】,pi
豎,sū
賦,hù
趣,tshù
踏,【文】ta̍p
踐,tsiān
踔,tshi̍k
踢,【文】thik
踩,tshái
輛,【文】lióng
輛,【白】liōng
輝,hui
輪【替】,lin
遨,ngôo
適,sik
遭,tso
鄧,tīng
鄭,【白】tēnn
鄭,【文】tīng
醇,sûn
銲,huānn
銳,juē/luē
鋁,lú
鋁,lū
鋒,hong
鋤,tî/tû
閬,lòng
閱,【白】ia̍t
霆,tîng
震,tsìn
鞋,【文】hâi
鞍,【文】an
鞏,kióng
頡,khiat
頦,【文】hâi
頦,【白】huâi
餘,【文】û
駐,tsù
駕,kà
駛,【文】sú
駝,tô
髮,huat
魩【替】,but
魬【替】,puánn
魯【替】,luh
魴,hang
鴆,thim
鴉,a
黎,lê
儒,jû/lû
儘,tsín
儘,tsīn
劑,【俗】tse
劑,tsè
勳,hun
叡,juē/luē
噤【替】,khiūnn
噪【替】,tshò
噭【替】,kiàu
噷【替】,hm̍h
噹【替】,tang
圜,huân
墾,khún
壁,【文】pik
壇,【文】tân
奮,hùn
導,tō
徼【替】,khiò
憑,【文】pîng
憶,ik
憾,hām
懊,àu
擁,ióng
擅,siān
操,tshò
曆,【白】la̍h
曆,【文】li̍k
曉,hiáu
樵,tsiâu
樸,【文】phok
樹,【文】sū
樺,huâ
樺,huā
橂【替】,tīng
橄,【文】kám
橄,【文】kan
橄,【白】kann
橋,【文】kiâu
橐【替】,lak
機,【文】ki
機,【白】kui
橫,【文】hîng
歷,li̍k
澡,tsó
澤,ti̍k
澳,ò
澳,ù
濁,【白】ta̍k
濁,【文】to̍k
濃,lông
燃,【文】jiân/liân
燄,iām
燕,【文】iàn
獨,【白】ta̍k
獨,【文】to̍k
璞,phok
瓢,phiô
瘰【替】,luì
瘼【替】,mo̍oh
磚,【文】tsuan
磟,la̍k
磨,【文】môo
禦,gū
穌,soo
窵,tiàu
窸【替】,si
窸【替】,sī
窸【替】,si̍h
窺,khui
築,tio̍k
篤【替】,táu
篤【替】,tauh
篤,tok
縐,tsò
翰,hān
翱【替】,kō
膩,jī/lī
艙,【白】tshng
艙,【文】tshong
蕃,huan
蕉,【文】tsiau
蕉,【白】tsio
蕎【替】,giō
蕘【替】,giô
蕨【替】,kueh
蕩,【白】tn̄g
蕩,【文】tōng
蕭,【文】siau
蕭,【白】sio
融,hiông
融,iông
螕【替】,pi
螟,bîng
螢,îng
螢,hîng
衡,hîng
褥,jio̍k/lio̍k
褥,lio̍k
親,【白】tshenn/tshinn
觱,pi
諜,tia̍p
諦,tè
諧,hâi
諭,jū/lū
諳,am
諾,lo̍k
謀,bôo
謂,uī
謔,giok
豫,ū
貓,bâ
賴,【文】nāi
踴,ióng
輯,【文】tsi̍p
輯,【白】tship
輻,hok
辨,piān
遲,tî
遵,tsun
遺,uî
遼,liâu
醒,【文】síng
鋼,【文】kong
錄,【文】lio̍k
錄,【白】li̍k
錐,tsui
錠,【白】tiānn
錠,【文】tīng
錢,【文】tsiân
錢,【俗】tshiân
錦,【俗】gím
錦,kím
錦【替】,gìm
錫,【文】sik
錯,【白】tshò
錯,【文】tshok
閻,giâm
隧,suī
霎,sap
霎【替】,tiap
頭,【文】thiô
頭,【文】thôo
頸【替】,kún
頸,kíng
頹,tuê
頻,pîn
餐,tshan
餞,tsiàn
駱,lo̍k
骸,hâi
骿【替】,phiann
魽【替】,kam
鮑,【俗】pau
鮑,pāu
鮕,koo
鴒【替】,līng
鴛,uan
鴞【替】,hio̍h
鴟,tshi
鴟【替】,lāi
鴣,koo
鴦,【文】iong
鴦,【白】iunn
默,bi̍k
龍,【白】gîng
龍【替】,long
龜,【文】kui
償,【俗】sióng
償,siông
儡,lé
優,iu
儲,tû
勵,lē
嚇,【白】hiannh
壓,【文】ap
壕,hô
嬭【替】,lé
嬰,【白】enn/inn
嬰,【文】ing
嬰【替】,ìnn
嶺,【文】líng
嶼,sū
嶽,ga̍k
彌,【俗】mí
彌,nî
懂,【白】táng
懂,【文】tóng
懇,khún
應,【文】ing
應,【文】ìng
懦,nōo
戴,【文】tài
戴,【白】tè
擊,kik
擎,khîng
擎,king
擬,gí
斂,liám
斃,pē
曖,ài
檀,【文】tân
檜,kuè
檢,kiám
殭,khiong
殮,liām
氈,tsinn
澩【替】,ha̍unnh
濟,tsè
濤,tô
濤,tôo
濱,pin
燦,tshàn
爵,【白】tsik
爵,【文】tsiok
環,【文】huân
療,liâu
癆,lô
盪,【文】tōng
瞬,sùn
瞭,liáu
瞭,liâu
瞳,tông
矯,kiáu
磺,hông
礁,【文】tsiau
禪,siān
篠,siāu
篠,siáu
篱【替】,lē/luē
篷,【白】pông
篷,【文】hông
篾,【文】bia̍t
糙,tshò
糜【替】,mi
糞,【文】hùn
糟,tsau
糠,【文】khong
縫,【文】hông
縭,lî
縮,【文】siok
縱,tshiong
縱,tshióng
縱,tshiòng
績,【白】tseh
績,【文】tsik
繁,huân
繆,biū
翳,【文】è
翳,【白】ì
翼,【文】i̍k
聰,tshong
聳【替】,sáng
膿,【文】lông
臁【替】,liâm
臆,ik
臉,liám
臉,lián
臊【替】,tshau
舉,kí/kú
艚,tsô
艱,kan
蕗,lōo
蕹【替】,ìng
蕾,luí
薁【替】,ò
薄,【文】po̍k
薇,bî
薈,huē
薏,ì
薐【替】,lîng
薔,tshiûnn
薦【替】,tsì
薪,sin
薯,【文】tsû
虧,khui
螺,【文】lôo
螿,tsiunn
蟀,sut
蟄,ti̍t
蟋,【白】sih
蟋,【文】sik
蟒,【白】báng
蟒,【文】bóng
襀【替】,tsioh
襄,siong
謄,thîng
謊,hóng
謊,hong
謎,bī
謗,pòng
謙,khiam
謝,【白】tsiā
謠,iâu
賺,tsuán
購,【俗】káng
購,kòo
賽,【文】sài
賽,【白】sè
蹈,tō
蹉,tsho
蹊,khi
蹌【替】,tshiáng
輾,tián
轄,hat
邀,【文】iau
邀,【白】io
邁,māi
醜,tshiú
錨,【白】bâ
錨,【文】biâu
鍍,tōo
鍘,tsa̍h
鍵,kiān
鍼,tsiam
鍾,【文】tsiong
闆,pán
闇【替】,am
雖,sui
霞,【文】hâ
鞠,kiok
駿,tsùn
鮡【替】,thiâu
鮫,ka
鮮,【文】sian
鮮,【俗】sián
鴻,hông
鴿,【白】kah
鴿,【文】kap
鵁【替】,ka
黛,tāi
鼢【替】,bùn
齋,【白】tse
叢,【文】tsông
嚮,hiòng
嬸,【文】sím
擴【替】,khok
擾,jiáu/liáu
檫【替】,tshat
檬【替】,bóng
檳,pin
檸,lê
獵,【白】la̍h
獵,【文】lia̍p
璿,suân
癜【替】,tiō
瞻,tsiam
礎,tshóo
穡,【文】sik
穢,uè/è
竄,tshuàn
竅,【文】khiàu
竅,【白】khiò
簡,kán
簪,tsiam
罈,thâm
臍,【文】tsê
舊,【文】kiū
薩,sat
薺【替】,tsî
藉,【白】tsiah
藉,【文】tsik
藉,【俗】tsioh
藍,【文】lâm
藏,tsông
藏,tsōng
藐,biáu
蟧【替】,lâ
蟮【替】,siān
蟯,jiâu/liâu
覆,【文】hok
謬,biū
謳,oo
謹,kín
豐,【文】hong
豐,【白】phong
贅,tsuè
蹟,tsik
蹤,tsong
蹧,tsau
軀,khu
轆【替】,lak
轆,lo̍k
轍,tia̍t
釐,lî
鎔,iûnn
闔,ha̍p
闕,khuat
闖,tshuàng
離【替】,li
鞦,tshiu
鞭【替】,mi
額,【文】gi̍k
顎【替】,kok
餾,liû
騎,【文】khî
魍【替】,báng
鮸,bián
鯉【替】,lí
鯊,sua
鵑,kuan
鵝,【文】ngôo
鵠【替】,khok
儳【替】,sâm
嚨,【文】lông
嚨,【白】nâ
壞,huāi
壟,lóng
壢,li̍k
寵,【白】thíng
寵,【文】thióng
懲,tîng
懵【替】,bóng
懵【替】,bòng
懶,【白】nuā
懷,huâi
曝,【文】pho̍k
曠,khòng
瀘,lū
瀚,hān
瀟,siau
爆,po̍k
牘,to̍k
犢,to̍k
獸,siù
獺,thuah
瓊,【白】khîng
瓊,【文】khiông
疆,kiong
癡,tshi
矇,bông
禱,tó
穫,hi̍k
簷,【白】tsînn
簷,【文】liâm
簾,【白】nî
簿,【俗】pho̍k
繩,【文】sîng
繪,huē
羅,lô
羹,【文】king
臘,【白】la̍h
臘,【文】lia̍p
藕,ngāu
藤,【文】tîng
藥,【文】io̍k
藩,【文】huan
藩,【白】phuan
蟹,【文】hāi
蟹,【白】hē
蟻,【文】gí
蟻,【白】hiā
蟾,siâm
蠅,sîn
蠍,giat
襞【替】,phé
襟,khim
譁,huā
譎【替】,khiat
譏,ki
譚,tâm
贈,tsīng
贊,tsàn
贊【替】,tsān
蹬【替】,tenn
蹲,tsun
躇,tû
轎,【俗】kiau
轎,【文】kiāu
醮,【文】tsiàu
醮,【白】tsiò
鏃,tso̍k
鏘,tshiong
難,lân
顛【替】,thian
顛,tian
饅,【俗】bán
饅,bân
鯗,siúnn
鯧,tshiunn
鯪【替】,lâ
鯮【替】,tsang
鯰,liâm
鵪,ian
鵬,pîng
鵬,phîng
鵰,tiau
鵻【替】,tsui
鶉,【文】tshun
鶉,【白】tun
麒,kî
麗,lê
麗,lē
龐,pâng
嚶,inn
孀,song
孽,gia̍t
懸,【文】hiân
懺,tshàm
攔,【文】lân
攔,【白】nuâ
攕【替】,tshiam
櫳,lông
瀾,lân
癢,【文】ióng
竇,tōo
競,kīng
籃,【文】lâm
籌,tiû
籍,tsi̍k
繼,kè
耀,iāu
艦,【俗】kàm
艦,lām
藹,ái
蘆,lôo
蘇,soo
蘋,phông
蘑,môo
蠐【替】,tsê
蠕,【文】jû/lû
蠕,【白】lùn
蠘【替】,tshi̍h
襤,lâm
覺,kak
觸,【文】tshiok
警,kíng
譬,phì
譯,i̍k
議,gī
贏,【文】îng
躂,that
醴,lé
釋,sik
鏽,siù
鐃,【文】lâu
鐃,【白】nâ
鐐,liâu
闡,tshián
顢【替】,bān
馨,hiong
馨,hing
騷,so
鰇,jiû/liû
鰗【替】,hôo
鶖【替】,tshiu
鶿【替】,tsî
麵,【文】biān
齡,lîng
囂,hiau
屬,tsiok
屬,sio̍k
懼,kū
攜,hê
櫻,ing
欄,【文】lân
爛,【文】lān
犧,hi
癩【替】,thái
礱,lâng
籐,tîn
續,sio̍k
纏,【文】tiân
蘭【替】,liân
蠟,【文】la̍p
襪,【文】bua̍t
覽,lám
譴,khián
譴【替】,khiàn
護,hōo
譽,ū
贐,tsīn
贓,【白】tsng
贓,【文】tsong
躊,tiû
躍,io̍k
轟,hong
鐳,luî
鐵,【文】thiat
闢,pi̍k
露,【俗】lo̍k
霹,phik
響,hióng
飆,phiau
饗,hiáng
驅,khu
魔,môo
鰡【替】,liu
鰮【替】,un
鶯,ing
鶴,【文】ho̍k
麝,siā
黯,ám
囉【替】,lo
囉【替】,lô
懿,ì
攤,【文】than
歡,【文】huan
歡,【白】huann
灑,sá
灘,than
瓤,【文】jiông/liông
癮,ín
籠,【文】lóng
糴,【文】ti̍k
聽,【文】thing
聾,【白】lâng
聾,【文】lông
臟,【白】tsn̄g
臟,【文】tsōng
襲,si̍p
讀,【白】tāu
讀,【文】tōo
鑑,kàm
驍,hiau
驕,kiau
鬚,【文】su
鱈,suat
鱉,【文】piat
鷓,tsià
鷗,oo
麶,thi
龕,kham
戀,【俗】luân
竊,tshiat
竊,tshiap
纓,【白】enn
纓,【白】iann
纓,【文】ing
纓【替】,inn
纖【替】,siam
臢【替】,tsa
鑠【替】,siak
鑢【替】,lē/luē
驚,【白】kenn
驚,【文】king
驛,【文】i̍k
髓,【文】tshuí
體,【白】thái
鱔,siān
鱗,【文】lîn
鱙,jiâu/liâu
鷥,si
麟,lîn
黐【替】,thi
囑,tsiok
壩,pà
壩,pè
蠶,【文】tshâm
蠶,【白】thâm
讓,【文】jiōng/liōng
釀,jiōng/liōng
鑫,him
靂,li̍k
韆,tshian
鬢,pìn
鷺,lōo
鹼,【文】kiám
齷【替】,ak
廳,【文】thing
欖,【白】ná
灣,uân
籬,lî
籮,【文】lô
籮,【白】luâ
糶,【文】thiàu
蠻,bân
觀,【文】kuan
觀,【白】kuàn
鑰,【白】io̍h
鑰,【文】io̍k
齻【替】,tsan
讚,tsàn
鱲【替】,la̍h
纜,【文】lám
纜,【白】lām
蚻【替】,tsua̍h
鑽,【文】tsuàn
顴,kuàn
鱷,kho̍k
鸕,lôo
豔,iām
鑿,【文】tsho̍k
鸚,ing
鱺【替】,lē
鸞,luân
籲,io̍k
硓,lóo
鮘【替】,tai
䘥,kah
𣮈【替】,khu̍t
𦉎【替】,sui
𥑮【替】,kóo
𨑨【替】,tshit
㷮【替】,tsau
䈄【替】,ham
𦟪【替】,liân
𤺅【替】,tshè
𧿳【替】,phu̍t
𧌄,am
䢢【替】,tshiāng
㴙【替】,tsha̍p
䲅【替】,kui
𩸶【替】,gām
𰣻【替】,ko
諺,gān
焦【替】,na
哖【替】,nî
胿,kuai
哉,tsai
蓋,【文】kap
梔,ki
林【替】,ná
鬧,lāu
跡,【白】tsiah
猶,iu
妝,【文】tsong
成,【白】tshiânn
悼,tō
旋,suân
頌,siōng
戀,luān
欖,【文】lám
憔,tsiâu
悴,tsuī
薦,tsiàn
蘊,ùn
最,tsuè
尤,iû
似,【文】sū
趨,tshu
溝,【文】koo
嘗,siông
維,uî
措,tshòo
饋,kuī
污,u
莓,【文】muî
綜,tsòng
嚇,【文】hik
繫,hē
鍛,tuàn
始,【文】sú
掣,【文】tshiat
霞,【白】hê
妣,pí
圇,n̂g
筒,【文】tông
霖,lîm
鑾,luân
域,【白】hi̍k
磐,【文】phuân
磐,【白】puânn
坦,【白】thánn
紀,【俗】kì
扭,【文】niú
離,lî
嗇,【文】sik
嗇,【白】siah
魅,bī
與,【白】í
餘,【白】î
可【替】,khoo
佔,tsiàm
吧【替】,pa
汪,ong
附,hù
咇【替】,phi̍h
侷,kio̍k
哎,ai
衍,ián
娛,gôo
探,thàn
脫【替】,thut
耞,kénn/kínn
喪,sòng
焚,hûn
菁,tsing
搜,soo
撇,phiat
甄,tsin
翡,huí
潰,khuì
閱,【文】ua̍t
噯,ài
樸,【白】phoh
諮,tsu
遴,lîn
鴕,tô
鴟【替】,bā
韓,hân
檯,tâi
殯,pin
邏,lô
蠶,tshân
蝕,【文】si̍k
棟,【白】tàng
沉,【白】tiâm
晟,sīng
施,sì
叢,【白】tsâng
絢,hiàn
役,【白】ia̍h
長,【文】tshiâng
墼,kat
托,thok
餒,lué
楚,tshóo
胴【替】,tâng
劃,【文】i̍k
假,【文】kà
假,【白】kè
仔【替】,ah
柝,kho̍k
殗,giān
利,【文】lī
枷,【文】kha
苔,【白】tî
𨂿,uainnh
栱【替】,kong
儱,láng
儼,giám
啞,【文】à
魟,hang
溜【替】,liū
見【替】,khiàn
𠢕囥歲,gâu khǹg-huè/gâu khǹg-hè
𡳞神氣,lān-sîn-khuì
𡳞鳥頭,lān-tsiáu-thâu
𩵱仔魚,ngóo-á-hî
𪁎雞鵤,tshio-ke-kak/tshio-kue-kak
𡢃婢,kán-pī
𤆬頭的,tshuā-thâu--ê
䆀火,bái-hué/bái-hé
𦊓仔,lîng-á
𩸙魚,tāi-hî/tāi-hû
𣁳仔車,khat-á-tshia
㴙㴙唸,tsha̍p-tsha̍p-liām
𤺪𤺪,siān-siān
𤺪頭,siān-thâu
𣻸捋捋,siûnn-luah-luah
𫝏喙齒,gàn-tshuì-khí
𬦰崎,peh-kiā
一心,it-sim
一目𥍉,tsi̍t-ba̍k-nih
一個月,tsi̍t kò gue̍h/tsi̍t kò ge̍h
一晡,tsi̍t-poo
一絲仔,tsi̍t-si-á
一齊,
十八仔,si̍p-pat-á
人手,
八毛,
九月重陽,Káu--gue̍h Tiông-iông/Káu--ge̍h Tiông-iông
七扣八除,
九芎仔柴,kiú-kiong-á-tshâ
九芎仔樹,kiú-kiong-á-tshiū
七洋八洋,
十胡仔牌,
八敗,
人款,
刁意,
卜聖卦,
七竅,
三八雨,sam-pat-hōo
口口聲聲,
三六仔,sam-lio̍k-á
上少,
下斗,ē-táu
大夫,
大手面,tuā-tshiú-bīn
子仔,tsí-á
下世人,
大拇頭,tuā-bú-thâu
下回,ē-huê
土名,
土地公生,
大收,
上色,
大百的,
小吹,
山坑,
子弟班,
子弟團,
下改,ē-kái
大旱,
大肚胿仔,
千足,
大豆,tuā-tāu
大捙拚,tuā-tshia-piànn
三角間,sann-kak-king
小叔仔,sió-tsik-á
大拇公,tuā-bú-kong
大拇翁,tuā-bú-ong
下昏頓,e-hng-tǹg
下沿,ē-iân
大母四界,
山剌,suann-lua̍h
大俗賣,
山珍,
下風,
下個月,
山狸仔,
久病,
上起碼,
小鬼,
下晝飯,
小略仔,
大粒番薑,
大割,tuā-kuah
糋棗仔,tsìnn-tsó-á
大筒仔,
大筒射,
上落,tsiūnn-lo̍h
山藥薯,suann-io̍h-tsî/suann-io̍h-tsû
小路仔,sió-lōo-á
上墓,tshiūnn-bōng/tshiūnn-bōo
上慢,siōng bān
上蒼,
山蒜頭,
下層,ē-tsàn
三層仔,sam-tsân-á
三層仔肉,sam-tsân-á-bah
大賣價,
下頭,ē-thâu
下頷,ē-ām
大頭狗母,tuā-thâu-káu-bó
大頭蔥,tuā-thâu-tshang
大鯊,tuā-sua
不八不七,put-pat-put-tshit
勻勻仔是,ûn-ûn-á-sī
勻仔,ûn-á
冇石,phànn-tsio̍h
五花十色,
中南部,tiong-lâm-pōo
分食的,
元宵暝,Guân-siau-mê/Guân-siau-mî
中脊楹,tiong-tsit-ênn/tiong-tsit-înn
分熟的,
分錢的,
不顛不戒,
孔子,
手巾,
文才,
太子爺,
太公,thài-kong
少少,
日日,
歹天年,
戶主,
日仔,
水仙花,
歹代誌,pháinn tāi-tsì
月仔錢,gue̍h-á-tsînn/ge̍h-á-tsînn
歹冬,
歹去,pháinn--khì
日本,
反白仁,píng-pe̍h-jîn/píng-pe̍h-lîn
反白目,
手尖,
反色,
手尾字,
心肝蒂,sim-kuann-tì
文定,
水抽仔,tsuí-thiu-á
水油,
水泥,
歹物件,
天狗食月,
毋知死活,
毋知輕重,
戶長,
水流,
毋值著,
升起,
歹做,
日婆,
天欲光,thinn-beh-kng/thinn-bueh-kng
水滇,tsuí-tīnn
水蛇腰,
心軟,
木麻,
木麻樹仔,
夫婿,
毋敢當,
反亂,
月圓門,
天暗,
水溝仔,
水源地,
水閘仔,
水閘門,
手電,
日暝,
毛管空,
水管路,
心槽,sim-tsô
水槽仔,
化學肥,
手擋仔,
日頭公,ji̍t-thâu-kong/li̍t-thâu-kong
水龍頭,
欠點,khiàm-tiám
歹蟲,
歹聽話,
牛杙,
牛屎鶺仔,
火拭仔,hué-tshit-á/hé-tshit-á
牛喙箍,
王祿仔仙,
牛蒡,
火擦,
片鴻,
牛繚索,
牛繏棕,
仝位,
包工程,
半山腰,
鼓井水,kóo-tsénn tsuí/kóo-tsínn tsuí
叫天叫地,
包心白仔,
北斗星,pak-táu-tshenn/pak-táu-tshinn
包心菜,pau-sim-tshài
尖仔米,
四句聯仔,
叫交替,
加志,
去矣,
四周圍,
四季豆,
半肥瘦,puànn-puî-sán
四界揣,
占風頭,
半個月,
叫哭,
外家厝,guā-ke-tshù
四破魚,
半桶師,
半陰陽,puànn-iam-iûnn
加喙加舌,
四圍,
半新舊,
外號,
四跤蛇,
四跤魚,sì-kha-hî/sì-kha-hû
叫慘,
半橛,
包輸,
半舊落仔,
加轆,
尻川空,kha-tshng-khang
尻川頭,kha-tshng-thâu
正月時,
正月時仔,
布市,
幼母仔,
未必然,
打石師,
本年,
本地人,pún-tē-lâng/pún-tuē-lâng
未免得,
布尾,
正房,
母姨,
布施,
失約定,
市郊,
失面子,sit-bīn-tsú
巧骨,khiáu-kut
本國,
民望,
失策,
失勢,
正剾,
未過心,
正實,
幼膩,
正戲,
幼糠,iù-khng
市鎮,
目𥍉仔久,
犯人欹,huān-lâng-khia
玄天上帝,
皮包,
石匠,
玉米,gio̍k-bí
石兵仔,tsio̍h-ping-á
甲尾,
目赤,
甘言蜜語,
瓦杮,hiā-phuè/hiā-phè
白枋,
生後生,
生津止渴,
目紅,
白茶,
白骨鱙,
瓜魚,
白魚,pe̍h-hî/pe̍h-hû
田溝,
白節仔,
白腹,
目墘,ba̍k-kînn
甘樹子,
石磨仔,
皮戲,
白聯,
田雞,
生藥,
目識,
目鏡蛇,
兇兇狂狂,
全步數,
光采,
份會仔,hūn-huē-á/hūn-hē-á
合口味,ha̍h-kháu-bī
吊大筒射,
冰水,ping-tsuí
各心,koh-sim
在手,tsāi-tshiú
囡仔姊,
囡仔鬼,
吐奶,
在先,tsāi-sian
合同,
各色,
列位,
因何,
吐呃,
合身,
吊角,
在來,
名刺,
名姓,
同宗的,
冰枕,ping-tsím
同的,
同門的,
回南,
向後,
因致,
合做伙,
在朝,
回話,
各路,
多少,
好代誌,hó tāi-tsì
好冬,
好字運,hó-jī-ūn/hó-lī-ūn
好收,
好收成,
年老,nî-lāu
好扭搦,hó liú-la̍k
地府,
好物件,
好空的,
守信,
安怎,
年柑,nî-kam
守約,
奸計,
好食,hó-tsia̍h
好消息,hó siau-sit
好記持,
尖掘仔,
好報,hó-pò
好報應,hó pò-ìng
字畫,
好睏,
奸詐,
地勢,
地頭蛇,
好講,
地鐵,
有一工,
朴子,
有毋著,
扦仔,
有打緊,
有囡仔,
死囡仔災,
死囡仔胎,
有矣,
有所謂,
扣東扣西,
有品,
有重,
早時,tsá-sî
早起時,tsá-khí-sî
有敢若無,
有夠重,
收單,
收棺,
收稅金,
有較縒,
有銷,
有機肥,
有錢,ū-tsînn
有頭尾,
有禮貌,ū-lé-māu
有禮數,ū-lé-sòo
有靈聖,
肉丸,bah-uân
行山,kiânn-suann
老古板,
百姓公,
老指,ló-tsáinn
肉食,bah-si̍t
行倒轉,
米酒頭,
灰匙,
老娼,
竹圍,
竹棑仔,
米粞,
米絞仔,
自訴,
老歲仔目,lāu-huè-á-ba̍k/lāu-hè-á-ba̍k
考試官,
老實話,
血燕,
血親,
行翻頭,
米籮仔,
西施舌,
西藥店,
伯仔,
佛桌,
兵馬,
免想,
佃農,
免錢,
兵糧,
刣人埔,
含仔糖,kâm-á-thn̂g
吵家鬧宅,
吳真人,
別種,
吸鐵,
呃刺酸,eh-tshiah-sng
坐墊,
妓女戶,
孝呆的,
尾局,
宋盼,
完租,
尿袋,jiō-tē/liō-tē
完稅,
尿裙仔,jiō-kûn-á/liō-kûn-á
扶𡳞,
扲手,gīm-tshiú
快班車,
形款,
抄本,
抓扒仔,
杉行,
李哪吒,
批橐仔,phue-lok-á/phe-lok-á
抄錄,tshau-li̍k
決志,
決明,kuat-bîng
沙崙仔,
汰喙,
求學,
沙篩,
男人,
育囝歌,
罕罕,
男兒,
私奇錢,
肝花,
私偏,su-phian
禿頂,
秀箠仔,siù-tshuê-á/siù-tshê-á
赤仁仔塗,
走手,
足月,
赤牛仔,
芋仔冰,ōo-á-ping
那卡西,na-gá-sih
角瓜,kak-kue
豆芽,
見笑花,
走袂過手,
走馬,
走馬喉,
豆菜芽,
芋圓頭,
走過手,
車鼓,tshia-kóo
足濟,
身軀頂,
芋羹,
芋顱仔頭,
芋顱頭,
事前,
佯悾佯痟,
佯悾佯戇,
亞鉛桶,
依靠,
佯顛佯痟,
初中,
刺瓜,
叔伯仔,
兩步七仔,--nn̄g-pōo-tshit-á
兩抵償,
制限,
協音,
卸面子,sià-bīn-tsú
叔孫仔,tsik-sun-á
到處,
刺龍,
呼呃仔,
咖哩嗹,
咖哩囉,
命途,
咒詈,
味噌湯,
坳,
夜工,
姑不二三將,
姑母,
夜市仔,
奉侍,
姊妹淘,
姆的,
夜班,
帔,
店口,
孤爿,
岳父,
官吏,kuann-lī
彼工,
彼日,
往回,
彼位,
戽桸,
征露丸,
放人,
拍手指,
拍手噗仔,
拍手蹄,
拍手環,
拍火石,
拖仔,
放冬,
抾囝,
拆字數,
拍呃仔,
拖尾星,
拖身命,
拗屈,
拄拄仔好,tú-tú-á-hó
拄拄好,tú-tú-hó
拍袚鍊,
拗直,
放空車,
放空載,
拔虎鬚,
抾紅點,
放捒人,
房租,
拉圇燒,lâ-lûn-sio
拋船,
拍散,
放筋絡,
拍開,
拍鼓,
拚價數,
拍噎仔,
放燄火,
拍錯桱,
拆藥,
拗彎曲,
明仔後日,
松柏仔,
林菝,ná-pua̍t
枕頭套,
枕頭袋,
油條,
油渣,iû-tse
欣慕,
治權,
炒米粉,
泡茶心,
泡茶米,
炕塗窯,
狗蟻碗,
花仔菜,hue-á-tshài
芳油,
花盆,
花面,
肺病,
肥桸,
芫荽仔,
花斑馬,hue-pan-bé
花間,
門人,
金斗公,kim-táu-kong
金仔山,
金仔粉,
門市部,
門生,
雨白,hōo-pe̍h
長年飯,
金含仔,
雨來,
青果,
金柑,kim-kam
金柑仔,kim-kam-á
門徒,bûn-tôo
金袚鍊,
青草茶,
阿莎力,
金魚目,
青番薑仔,
長頭鹿仔,
門聯,
金櫃,
雨鬚,
便條紙,piān-tiâu-tsuá
便當盒仔,piān-tong-a̍p-á
前一工,
前一日,
前工,
俗仔貨,
保佑,
俗物仔,
前門,
南洋鯽仔,
前面,
前站,
勇將,ióng-tsiòng
信教,
信魚,
前幾工,
前齒,tsîng-khí
剃頭仔店,
品好,
厚茉菜,
厚紙枋,
厚脣,
厚脣仔,
姦夫,
城隍爺,
客人仔,
峇文,
屎尿布,sái-jiō-pòo/sái-liō-pòo
客店,kheh-tiàm
客家話,
屎桶仔,
度會過,
帝爺公,
怎仔樣,
拜正,
後坐肉,
後尾門仔,
後門,
扁扁,
後座肉,
急病,
後站,
後退,
後齻齒,āu-tsan-khí
急燒,
挕㧒捔,
挖塗機,
星仔,
挂紙錢,kuì-tsuá-tsînn
指頭仔痕,tsíng-thâu-á-hûn
硞仔,kho̍k-á
染病,
查驗,
洗口,
歪路,
活人,
為啥物,
玲瑯仔,lin-long-á
活跳,ua̍h-thiàu
玲瓏,
流瀾垂,
相欠數,sio-khiàm-siàu
相交換,
相同,siong-tông
界址,
相坐,
相命的,
相抵,
皇帝魚,
盼望,
相棄嫌,
相紲,sio-suà
相像,
相對頭,
相撞,
玻璃菜,po-lê-tshài
相親像,
疥癬,
看人無點,
看上目,
看無目地,
突然間,
看開,
穿裙的,
看親情,
紅仁塗,
紅朱朱,
紅肉內李,
致到,tì-kàu
紅帕帕,
美容院,
胡椒粉,
紅鳳菜,âng-hōng-tshài
紅蔥頭,âng-tshang-thâu
紅龜仔粿,
紅蟳仔,
紅轎,
茄色,
苦命人,
舢舨,
茅草,
衫弓仔,sann-king-á
衫仔架,sann-á-kè
衫仔裾尾,
重尻川,
重舌,
衫架仔,sann-kè-á
貞節,
訃聞,
重閣,
貞潔,
衫褲,
食巾仔,
香火袋,
風火著,
飛行場,
飛行機埕,
風呂,
風抽,
面框,bīn-khing
香案桌,hiunn-àn-toh
食素,
食酒,
食教,
風喙,
食暗飯,
食暗頓,
面憂面虯,
飛機,
風翱,
風灌口,
食露水,
修削,
俺娘喂,
修喙鬚,
倒手扞,
倒手拐仔,
倒手雞仔,
冤枉錢,
倚股,
冤家勞債,
倒栽,tò-tsai
倫常,
倚賴,
原由,
厝佃,
哪使,
唆使,
哭苦,
哺食,
哭冤枉,
哼哼呻,
哪愛,
哭齣,khàu-tshut
套口供,
夏天,
娘仔觳,niû-á-khok
夏季,
娘繭,
展𠢕,
宮公,king-kong
家內事,
崁仔頂,
崁仔跤,
差押,
展勥,
家廟,ka-biō
恩主公,
挈批的,
挩枋仔,
挨塗礱,
捌代誌,bat-tāi-tsì
時到,
挹肥,
捒倒,
挽搣,
捋頭鬃,
捋鹽,
柴人,
桑仔葉,
桑仔樹,sng-á-tshiū
晟囝,
桑材仔,sng-tsâi-á
柴肝,
桂花魚,
書架,tsu-kè
晏起,
桌罩,
柴鍥仔,
浮水蓮花,
氣豆,
海波浪,
浮洲,
浮浪貢的,
海草魚,
浴間,
海塭,
浮嶼,
浪蕩囝,
烏仔魚,
烏沁沁,
烏格,
消納,
烏鬼仔菜,oo-kuí-á-tshài
烏蝛仔,
烘燒,
狹櫼櫼,e̍h-tsinn-tsinn/ue̍h-tsinn-tsinn
疼囝,
病況,
疶屎星,tshuah-sái-tshenn/tshuah-sái-tshinn
留級,liû-kip
糞埽堆,
祖公屎,tsóo-kong-sái
祖公產,tsóo-kong-sán
真的,
破家,
神主牌,
秫米腸,
神明桌,
秤花,
笑咪咪,
秤重,
笑面,tshiò-bīn
笊籬,tsuánn-lî
紙字,tsuá-jī/tsuá-lī
紡車仔,pháng-tshia-á
翁婆,
紙盒仔,
耽誤,tam-gōo
胸槽,
臭耳,
茶行,
茶米粕,
臭耳膿,
臭尿破,
臭尿羶,
草決明,
草坪,tsháu-pênn/tsháu-pînn
茶店,
茶杯仔,
茶室,
茶郊,
脆氣,tshè-khuì
草索,tsháu-soh
臭液味,
茶粕,
草場,tsháu-tiûnn
草棚,
茶渣,
臭菇,tshàu-koo
臭腥母,
臭跤液味,
茶甌仔,
草藥仔,
袂收尾,
袂收煞,
袂和盤,bē-hô-puânn/buē-hô-puânn
袂怪得,
衰旺,sue-ōng
袂要緊,
衰潲運,sue-siâu-ūn
送上山頭,sàng-tsiūnn-suann-thâu
起水,
起毛摺,
起毛管,khí-mn̂g-kńg/khí-môo-kńg
財本,
討交替,
豈有,
記持䆀,
訕洗,
退時行,thè-sî-kiânn
逃閃,
起殺,
送葬,sàng-tsòng
起嗽,
起橫,
退親,
高長大漢,ko-tshiâng tuā-hàn
釘毒,
鬥相賽,
骨疼熱,
馬釘,
酒菜,tsiú-tshài
高粱,
高粱的,
鬥贏,
配藥,
酒麴,
酒罐仔,tsiú-kuàn-á
做七,
做水災,
做主,
做代誌,
偷生,
偷做手,thau-tsò-tshiú/thau-tsuè-tshiú
假的,
偏門,
偷咬雞,thau-kā-ke/thau-kā-kue
假若,
偏音,
假面具,
做烏手的,
做買賣,
剪鈕仔,
偏號,
假錢,
偌濟工,
參一跤,
唱名,
參考書,
動跤動手,
啖糝仔,tām-sám-á
匾額,
國一,
堅痡,kian-pôo
基模,
國曆,
婆姐母,
寄金,
寄喙,kià-tshuì
娼寮,
娼頭,
強劫,
得利,
張嫁粧,
強逼,
戛仔頭,khiat-á-thâu
惜面底皮,
徙厝,
惜寶,
捲心白菜,
排仙,
救主,
教囝,
敏豆仔,
捲枝仔,kńg-ki-á
掠姦,
推屎蟲,
敗洩,
掩風,
掃梳荏仔,sàu-se-lám-á/sàu-sue-lám-á
推荐,
捷捷落,
捾桶,
掠痧筋,
掖粟種,
掛軸,kuà-ti̍k
掛膭,
捻頭,
桸仔,
望江南,
斜眼,
望遠鏡,bōng-uán-kiànn
斬稻仔尾,tsánn-tiū-á-bué/tsánn-tiū-á-bé
晚輩,
涼亭仔,
欲倚,
深眠,
深想,
牽仔粿,
現在,hiān-tsāi
球埕,
猜測,
牽猴,
理髮,
第二工,
笛仔,ta̍t-á
符仔籙,
祭孤魯,
移徙,î-suá
笨傖,
章牌,
祭墓,tsè-bōng/tsè-bōo
符籙,
粗牙,tshoo-gê
組仔頭,
細目,
細百,
細叔仔,
粗面,
細食,sè-tsia̍h/suè-tsia̍h
粗氣,
細粒石頭,
粗貨,
粗跤粗手,tshoo-kha-tshoo-tshiú
細漢叔仔,
細嬸仔,
船肚,
聊聊仔是,liâu-liâu-á-sī
荷蘭水,
規大堆,kui-tuā-tui
規日,kui-ji̍t/kui-li̍t
被仔,
豉目,
覓頭路,bā thâu-lōo
豚,
貧,
逐下昏,
貧戶,
販仔間,
這改,
通知單,
連相紲,liân-sio-suà
貧家,
貧惰仙,
貪睏,
逐暝,
貨範,
這擺,
頂月的,
釣仔,
頂世,
頂年,
陰府,im-hú
頂沿,tíng-iân
釣竿,
頂個月,
頂級,
陷落,
釣話,
魚仔,
魚市,
麻米粩仔,
麻油雞,muâ-iû-ke/muâ-iû-kue
魚乾,hî-kuann/hû-kuann
麻黃仔,
鳥鼠罩,
鳥鼠籠,
魚罾,
魚鱗刺,
喊名,
喉空,âu-khang
善信,
割草鍥仔,
喝爽,
喙甜舌滑,
善終,
喀喀嗽,khe̍nnh-khe̍nnh-sàu
善報,siān-pò
喙琴,
喝暢,
喉管滇,
喜齣,
圍身裙,
場面話,
報冤仇,pò-uan-siû
單單,
媠䆀,
寒天衫,
媌母,
富貴花,
就學,
媌頭,
悶悶仔,
插事,
提紅包,the̍h-âng-pau
插條,
散赤人,
斑芝棉,
斑芝樹,
摒挕捒,piànn-hìnn-sak
換喙齒,uānn tshuì-khí
散場,
換頭路,
散戲,
最,
棑仔,
欽佩,
渡船頭,tōo-tsûn-thâu
湯飯,
無小心,bô-sió-sim
無心腸,
無名,
無老實,
牌位,
無注意,bô-tsù-ì
無空榫,
無信用,
無按怎,bô-án-tsuánn
無面,
無面子,bô-bīn-tsú
煮食師傅,
無站節,
無記持,
無啥,
無夠力,
無情緒,
無桮,bô-pue
無理,bû-lí
無話講茭荖,bô uē kóng ka-ló
焦瘦,
無錢人,
無錢飯,
無禮貌,bô-lé-māu
無禮數,bô-lé-sòo
無額,
無關係,bô-kuan-hē
煮麵,
無鹹無汫,
無變步,
發火,
發牙,
番仔番薯,
痚呴注,
痚呴病,
番剌仔,
登革熱,
畫痕,
畫逝,
發齒,
琴鐘仔,khîm-tsing-á
短工,té-kang
硩印仔,
硬尾仔,
短途,
絕囝絕孫,tse̍h kiánn tse̍h sun
絨仔,
絲仔,
絲仔布,
絞米,
結定,
結拜的,
絕嗣,tsua̍t-sû
結頭菜,
絲襪仔,
菌,
萍,
菊仔花,
菜市,
菜垞,
菜飯,tshài-pn̄g
菜跤,tshài-kha
菌種,
菠薐,pue-lîng/pe-lîng
菠薐仔菜,pue-lîng-á-tshài/pe-lîng-á-tshài
蛤,
裁布,
裂扦,
著猴損,
裁縫車,
貿工事,
貿工程,
貿工課,
賀正,
詞典,
買命錢,
貴重物,
貿穡頭,
鄉,
鄉社,
進頭香,
鄉鎮市,
鄉鎮長,
開工,
開支,
閒仔錢,
開使,
量其約仔,liōng-kî-iok-á
開查某的,
量約仔,
陽傘,
冗剩錢,
順事,sūn-sū
順服,
黃金斗甕,
黃金甕仔,
飯前,
飯後,
飯桌仔,
飯桸,
亂使來,
傳香煙,thn̂g-hiunn-ian
債挩,tsè-thuah
催陣,
剾喙鬚,
亂亂,
傷礙,
塗米沙,
圓房,
塗蚓,
塗礱間,
嫂仔,
媽姨,má-î
媳婦,
惹厄,
愛吼,
感服,
惹是非,
愛展,ài-tián
想袂到,
微微仔笑,bî-bî-á tshiò
揫墓,tshiû-bōng/tshiû-bōo
愛諍,
摃丸,
摃手,
摃手蹄,
搖尻川花,
摃電話,kòng tiān-uē
搖鼓,iô-kóo
搧緣投,siàn-iân-tâu
搬舖,
損斷,
椰子樹,
暗車,
會和盤,ē-hô-puânn
暗計,
會通,ē-thong
會齊,huē-tsê/huē-tsuê
暗墨墨,àm-ba̍k-ba̍k
楓樹,
暗穡,
暗鷺,
歁大呆,
歁呆,
溪墘,
溫龜,
煞氣,
煞喙焦,
爺舍囝,
照品照引,
照起工來,
矮古,
當做講,
碌硞馬仔,lo̍k-kho̍k-bé-á
碎溶溶,
節仔,
義囝,
腦欠血,
腦充血,
落市,
落目,
落任,
落耳,lo̍h-hīnn
萬姓公,bān-sènn-kong/bān-sìnn-kong
落後,
聖魚,
萬善公,bān-siān-kong
落棺,
萬歲爺,
腫跤胴,
葛薯,kuah-tsî/kuah-tsû
葫蘆匏仔,
葫蘆瓢,
蜈蚣車仔,
試覓,tshì-māi
裝貨,
解憂愁,
試鹹淡,tshì kiâm-tānn
跤枋,
趒跤頓地,
誠實講,
誇獎,
跤踏,
跤踏枋,
跤頭碗,kha-thâu-uánn
誠濟,
跤臁,kha-liâm
跤鐐,
過年飯,
較有面,
過定,kuè-tiānn/kè-tiānn
過眠,
過袂得去,
過溝菜,
路裡,
過路線,
較緊,
道謝,
鈴喨仔,
鈴鐺仔,
電火觳仔,
飼囝,
飽朱,
頓泔,
零星的,lân-san--ê
電球,
電球仔,
隔間肉,
鼓椅仔,
鴣黃,koo-n̂g
鼓電話,kóo tiān-uē
嘛好,
嘔紅吐血,
嘈嘈唸,tsha̍uh-tsha̍uh-liām
壽麵,siū-mī
實在話,
對角,
對訊,
對問,
寢開始,tshím-khai-sí
實鼻聲,
對質,
對聯,
摖仔,
慢性病,
摔後炮,
暝時仔,
摸脈,bong-me̍h
槐豆,
滾蛟龍,
漱口,
漢草好,
漚翕熱,àu-hip-jua̍h/àu-hip-lua̍h
漲價,
漉糊仔糜,
熁燒,hannh-sio
熇熱,ho-jua̍h/ho-lua̍h
瘋顛,
窩,
管仔,
綠豆,
管事,
算命仙,
腿庫肉,thuí-khòo-bah
綵轎,
蓆仔,tshio̍h-á
膏豆油,
蜜甜,
蜜蜂,
趕暝工,
鉸布,
遛扦,
遠近,
銀單,
辣椒,
遛精仔,
踅遠路,
雌,
銅人,tâng-lâng
閣再來,
銅鏡鰺,
齊心,tsê-sim/tsuê-sim
儉用,
劍竹仔,
劍竹仔筍,
儉省,
墨硯,
影印本,
廟祝,biō-tsiok
撚十八仔,
撓沙筋,
撈話頭,
數戶,
佈田管仔,
數珠,
槽頭肉,
樟腦丸,tsiunn-ló-uân
熟番,
潤餅,jūn-piánn/lūn-piánn
熟藥,
熱天衫,
瘦疕疕,sán-phí-phí
熱衫,
盤捙,
稻仔,
穀倉,
編制外的,
範聲,pān-siann
蝦姑頭,
蔭屍,
蝦蛄仔,
蔭豉,
蔭豉仔肉,
參藥引,
蔗廍,
蝻蛇,lâm-tsuâ
褒囉嗦,po-lô-so/po-lo-so
賣方,
諸位,
豬肝𦟪,
豬肝連,
請客,
輪箍,
閬空,
銷假,
養分,
鞋抿,
靠碼頭,
魬仔,
魬仔魚,
魟仔魚,hang-á-hî/hang-á-hû
齒豆,
齒抿,khí-bín
鬧新娘房,
鬧鐘仔,nāu-tsing-á
學校長,
憑靠,
樹奶拭仔,tshiū-ling-tshit-á/tshiū-ni-tshit-á
樹錦,
樹欉,
激屎龜,
橫痃,huâinn-hiân
激笑面,
激悾激戇,
澹溼,
獨力,
燒水袋,sio-tsuí-tē
燒水罐,sio-tsuí-kuàn
燒肉粽,
獨身仔,to̍k-sin-á
燈油,ting-iû
燈虎,
燒紙錢,
燒酒仙,
獨唱,
燙著,
燒銀紙,
燒龜,
燈謎,
燒罐,sio-kuàn
磨仔,
瞠目,
磨坩仔,
積怨,
瞞崁,muâ-khàm
糕餅,
糖膽,
膨尾鼠,phòng-bué-tshí/phòng-bé-tshú
興敗,hing-pāi
褪孝,
螟蛉,
褲橐袋仔,
諞仙,
親生母,
親生囝,
親生的,
親的,
親娘,
親家媽,
貓頭鷹,niau-thâu-ing
扮公家伙仔,pān-kong-ke-hué-á/pān-kong-ke-hé-á
選日,
扮家伙仔,pān-ke-hué-á/pān-ke-hé-á
遵循,
鋸鑢,
錢空,
錢架仔,
錢筒,tsînn-tâng
錢橐仔,
錢囊仔,
頭一回,
頷仔頸,ām-á-kún
頭生,
頭批,
頭改,
頭前門,
頷垂仔,
頭風,
骿條肉,
頭殼疼,
頭等,
頭擴,thâu-khok
龍骨車,liông-kut-tshia
嬰,
戲法,
嬰纏,
壓霸的人,
溼一下,
牆圍仔,
磺,
糝胡椒,
篾扇,
臨水夫人,
臨時的,
聯彩,
薄薰,
薪火,
虧本,
薟薑,
觳仔餅,khok-á-piánn
賺著,
蹌跤引,
蹌跤枷,tshiáng-kha-kê
講嘐潲,kóng-hau-siâu
講親事,
講戇話,kóng-gōng-uē
還債,
還魂,
霜仔角,sng-á-kak
闊喙仔,
隱遁,
鮮臊,
點心擔仔,
點火,
鼢地鼠,
點菜,
黏黐,
擲挕捒,tàn-hìnn-sak
燻肉,
歸氣,
瀉腹,
礐仔蟲,ha̍k-á-thâng
禮金,
禮拜一,
穡路,
翻流,huan-lâu
薰喙,
薰節仔,
翻箍,
舊標頭,
藏沬,tshàng-bī
蟧蜈車仔,
轉色,
轉車,
轉後頭厝,
轉數,
雞爪,
雞爪仔,
醬瓜,tsiùnn-kue
雙生仔囝,
雜色牌,tsa̍p-sik-pâi
雞油,ke-iû/kue-iû
雜差仔,tsa̍p-tshe-á
雜貨仔,tsa̍p-huè-á/tsa̍p-hè-á
槌摃鐵,
醫館,
額數,
額聲,
鮸仔,
鯽仔,
鯽魚,
嚨喉鐘仔,nâ-âu-tsing-á
懶屍骨,
歹消息,pháinn siau-sit
攏無,
穩的,
羅漢跤,
穩輸,
穩贏,
藥丸仔,
藥店,
藥粉仔,
鏡仁,
關公,
顛倒是,
鯰仔,
嚶嚶睏,
懸低爿,
櫳仔飯,
瀾垂仔,
獻紙,hiàn-tsuá
懸階,
蠓仔窗,
觸喙,tak-tshuì
警察仔,
釋迦牟尼佛,
鹹李仔,
鹹掛澀,
鹹閣澀,kiâm-koh-siap
鹹澀,kiâm-siap
屬下,
爛田,
纏腳布,
鐵耙,
鐵馬仔,
鐵喙,
護廊,
鰮,
飆車,
囉哩囉嗦,
權算,
彎彎曲曲,
癮兄哥,
癮先生,
癮酒,
鰱仔,
鰻魚,
變天,piàn-thinn
體念,thé-liām
變空變榫,pìnn-khang-pìnn-sún
變種,
蠶仔絲,
蠶仔葉,
鱟杓,
觀音佛祖,
觀音媽,
戇仔,
鑿空,
蹽水,
蹽溪,
總舖,tsóng-phòo
暗挲挲,àm-so-so
大母四公界,
鎖管,só-kńg
正月正頭,
空心,
赤尾鮐,
無聊無賴,bô-liâu-bô-lē
照品照行,tsiàu-phín-tsiàu-kiânn
纏跤纏手,tînn-kha-tînn-tshiú
搭椅搭桌,tah-í-tah-toh
摔椅摔桌,
鞋仔,
排仔骨,pâi-á-kut
磕未著,kha̍p-buē-tio̍h/kha̍p-bē-tio̍h
懶屍骨,
倒轉來,tò-tńg--lâi
喙瀾水,tshuì-nuā-tsuí
胛心,
出箠,tshut-tshuê/tshut-tshê
粉腸,hún-tn̂g
魚鰡,hî-liu/hû-liu
月大,
月小,
蛤仔泅,kap-á-siû
碣仔,khiat-á/khat-á
一戶,
大段,tāi-tuān
山空仔,
蒜茸枝,
索仔股,
索仔條,
半上路下,puànn-tsiūnn-lōo-ē
半中途,puànn-tiong-tôo
本居,pún-ki/pún-ku
本籍,pún-tsi̍k
伨重,
考試紙,
含血噴天,kâm-hueh-phùn-thinn/kâm-huih-phùn-thinn
十扳仔,
死扳仔,
活扳仔,
沙耙仔,sua-pê-á
夾鼎,kiap-tiánn
夾鍋,kiap-ue/kiap-e
逐項代誌,
擦仔,tshat-á
石拭仔,tsio̍h-tshit-á
消防車,
消防組車,
明呼明唱,bîng-hoo bîng-tshiàng
雨捽仔,hōo-sut-á
雨抿仔,
禮拜六,
擲掉,tàn-tiāu
輕本,
一個外月,
一月外日,
捎無頭摠,
捎無摠頭,
香奠,
會赴,ē-hù
落帆,
高長四壯,ko-tshiâng sì-tsàng
穿榫,tshīng-sún
彈繩,
接尪,tsih-ang
送尪,
穩仔冬,ún-á-tang
穩冬,
十月冬,
下冬,ē-tang
冰的,ping--ê
燒的,
敆釉,kap-iu
清井,tshing-tsénn/tshing-tsínn
繁華都市,
終歸尾,
戰甲蟲,
獨角龜仔,
獨角金龜,
驚一趒,
棧房,
無捨無施,bô-siá-bô-sì
發財仔,
起輦,
過年錢,
窗簾仔,
窗仔門簾,
筊窟,kiáu khut
跋筊場,
賣菜的,
無閒人,
塗粉仔,
塗沙粉仔,
爛溝仔糜,
塗糊糜,
新年頭,
年尾兜,
舊年尾,
坐不是,tshē-put-sī/tsē-put-sī
會不是,huē-put-sī
煞尾的,
實頭實腦,tsa̍t-thâu-tsa̍t-náu
親家門風,
門風相對,
做正經,
車輪粿,tshia-lián-kué/tshia-lián-ké
紅豆餅,âng-tāu-piánn
糕仔印,
蔭瓜,
褒囉唆,
湳仔,
湳地,
貓貓看,niau-niau-khuànn
頭倒客,
跙冰,tshū-ping
懶相,nuā siùnn 
白布條,
鰇魚絲,
鹹梅仔,
梅仔干,
建古,kiàn-kóo
徼兆,khiò-tiāu
漚熱,àu-jua̍h/àu-lua̍h
齷齪熱,ak-tsak-jua̍h/ak-tsak-lua̍h
麵線雨,
菜母,
鹹淘,kiâm-tuâ
臭肉鰮,
空間,khang-king
一大片,tsi̍t-tuā-phìnn
準準準,
人份,
三角肩,sann-kak-king
上頭,
下晝飯,
大母人大母種,tuā-bú-lâng-tuā-bú-tsíng
大錢,
大張,
大身命,tuā-sin-miā
大注錢,
同門的,
大細仙,
大聲野喉,tuā-siann-iá-âu
跤仙,
白扇仔,
山尾仔,
白跤擛仔,
山馬仔,
中範仔,
中範仔,
反供,huán-king
翻口供,huan-kháu-king
反相,
正種,
直理直路,
少年的,
濟歲,
心狂燥熱,sim-kông-sò-jia̍t/sim-kông-sò-lia̍t
手蹄賤,
歹手癖,
手後彎,
手後蹬,
手縫疏,tshiú-phāng se
月戴笠,gue̍h tì-le̍h
歹彩頭,pháinn-tshái-thâu
歹頭彩,pháinn-thâu-tshái
好吉兆,hó-kiat-tiāu
好頭彩,hó-thâu-tshái
黃酸囡仔,
水秤,suí-tshìn
水平尺,
水窟,tsuí khut
水垢,tsuí-káu
水濺,
機關車,
牛角𨂿,gû-kak-uainnh
水牛,suí-gû
水牛犅,tsuí-gû-káng
山牛犅,suann-gû-káng
牛鼻環,gû-phīnn-khuân
牛鼻圈仔,gû-phīnn-khian-á
牛聲馬吼,
牛聲馬叫,
冬瓜酥,
𫝛心,siāng-sim
仝勻,kāng-ûn
仝輩,kāng-puè
頂下沿,
書店,tsu-tiàm
書局,
苴枋,
東粉,
軟母仔,
破病丁,
病猴,
往回,
司公象桮結相黏,sai-kong-siūnn-pue kat sio-liâm
童乩桌頭,tâng-ki-toh-thâu
褲帶結相黏,khòo-tuà kat sio-liâm
外庄頭,guā-tsng-thâu
本埠,pún-poo
央叫,
布尾,
拖布,
布拖仔,
假範,ké-pān
尾帖藥,
拍拚藥,
目赤,
目紅,
目睭掩,ba̍k-tsiu-iám
走胎,tsáu-thai
冰絞,ping-ká
囡仔王,
囡仔頭,
有膽,
有膽量,
現挽的,
在欉黃的,
在欉紅的,
隱的,
歹事,pháinn-sū
歹份,
歹看頭,
間格,king-keh
造作,tsō-tsok
羅漢跤,
死翹翹,
百百種,
竹部,tik-phō
店頭厝,
肉屑,bah-sut
零星肉,lân-san-bah
繭仔,kián-á
肉卷,bah-kńg
網紗卷,bāng-se-kńg
計程仔,
叫客的,
營業車,
行船客,
佗落仔,
香櫞,hiunn-înn
凊嗽,tshìn-sàu
盍會,khah ē
孝尾,hà-bué/hà-bé
孝尾仔,
孝尾仔囝,
李仔糖,
鳥梨仔攕,
鳥梨仔糖,
久久仔,
見功效,kìnn-kong-hāu
閃無路,
鬥走,tàu-tsáu
走書,tsáu-tsu
身苦病疼,
車箱仔,
五根草,
卸世上,sià-sì-tsiūnn
噗噗跳,
咇噗惝,
噗噗惝,
孤孀,koo-sng
孤雞仔,koo-ke-á/koo-kue-á
彼當陣仔,hit-tang-tsūn-á
向陣仔,hiàng-tsūn-á
現主時,
抾肥肉,
抾便的,
講較白咧,
拍鳥帽仔,phah-tsiáu-bō-á
開銃,
果子栽仔,
載貨車,
拍速車,
文車,
幼米粉,
竹筒粿,
痟貓,siáu-niau
癡思夢想,
烏白想,
空厝,
花蛤,
金閃閃,kim-siám-siám
金爍爍,kim-sih-sih
門埕,
前埕,
頭前埕,
後埕,
後壁埕,
後尾埕,
丁蘭尺,
門下臼,mn̂g-ē-khū
門下栿,mn̂g-ē-ho̍k/mn̂g-ē-pha̍k
便印仔,
入門踏戶,
品寶,phín-pó
滿員,buán-uân
歹面腔,pháinn bīn-tshiunn
外行的,
外行人,
硩紙,teh-tsuá
挂墓紙,kuì-bōng-tsuá
做針黹,
失頓枵飢,
枵了過飢,
竭仔頭,kia̍t-á-thâu
竭仔哥,kia̍t-á-ko
柿霜粉,khī-song-hún
流汗糝滴,lâu-kuānn-sám-tih
汗流汁滴,kuānn-lâu-tsiap-tih
為非作歹,uî-hui-tsok-tái
相揣坐,sio-tshuē-tsē/sio-tshē-tsē
發財樹,
苦倚,
石頭倚,
齊頭倚,
慘齣,
限時的,
普通批,
平信,pîng-sìn
人面冊,
香瓜仔,hiunn-kue-á
正拗,
師傅工,
時鐘瓜,sî-tsing-kue
滷熟肉,lóo-sio̍k-bah
花點龜仔,
病底,
眩車藥仔,
笑吻吻,tshiò-bún-bún
爆笑劇,
bí-lí-kue,
thoo-khé-soh,
笑bui-bui,
笑bun-bun,
草子,
庄跤倯,
內山倯,
臺北倯,
市內倯,
草垺,tsháu-pû
草堆,
虛身荏底,hi-sin-lám-té/hi-sin-lám-tué
勇身命,
袂曉通衰,
袂曉見笑,
袂見袂笑,
毋知見笑,
起跤lōng,
起豹風,khí-pà-hong
起酒狂,
滾蛟躘,
大海漲,
水退,tsuí-thè/tsuí-thuè
酒女,
酒家女,
馬蹄糋,
飛烏虎,
做旱,tsò-uānn/tsuè-uānn
做sa-khú-lah,
鉸刀蟲,
鉸刀龜仔,
剪絨,
剪絨花,
剪蟲仔,
剪蚻,tsián-tsua̍h
冊龜仔,
寄居,
寄蹛,
寄徛,
小定,
小聘,
跋馬,pua̍h-bé
跋落馬,pua̍h-lo̍h-bé
日欲晝,
踮空龜,tiàm-khang-ku
鼓井水雞,kóo-tsénn tsuí-ke/kóo-tsínn tsuí-kue
井底鮕鮘,tsénn-té koo-tai/tsínn-tué koo-tai
涼腔仔話,
白米飯,
跤手慢鈍,kha-tshiú bān-tūn
跤手扭掠,kha-tshiú liú-lia̍h
閣來,
規家口仔,
一箍人,
石女,
鈍市,tūn-tshī
利市,lī-tshī
摻濫,tsham-lām
頂下歲仔,
殕的,
雙仁潤,
博土,phok-thóo
入戶口,
入家甲,
毒心,ta̍k-sim
墮胎,tuī-thai
殘殘脆脆,
無塊通,
有塊,ū-tè
大埕,
灰埕,
宅仔,
窮貨底,
賣主,
閒煩惱,
耐命,nāi-miā
寬行,khuann-kiânn
黃目樹,n̂g-ba̍k-tshiū
媽祖娘,
扶後跤,phôo-āu-kha
頓胸坎,
越唸,ua̍t-liām
暗記,àm-kì
會當過,
袂當過,
會仔跤,huē-á-kha
上班日,
上班時間,
準煞,tsún-suah
煞了代,suah-liáu-tāi
懸大,
忍尿,lún-jiō/lún-liō
萬底深坑,
無底深坑,
疊貨,thia̍p-huè/thia̍p-hè
落殼,lak-khak
凡若,huān-nā
挨挨𤲍𤲍,e-e-kheh-kheh/ue-ue-khueh-khueh
蒂頭仔,
死痠,
雨閘,hōo-tsa̍h
雨棚,hōo-pênn/hōo-pînn
翻轉工,
翻轉日,
電批,
電腦批,
頭毛店,
頓蹄,
飽米,
剺花,le̍h-hue
墓錢,
古仔紙,
寢頭仔,tshím-thâu-á
拄開始,tú-khai-sí
致重,
相耽誤,sann-tānn-gōo/sio-tānn-gōo
睏大豬,
歌仔簿,kua-á-phōo
君子步,
歹戲拖棚,
綿綿精精,mî-mî-tsinn-tsinn
慢氣,bān-khuì
輕便,khing-piān
大𡳞脬,tuā-lān-pha
滿山紅,muá-suann-âng
報春花,pò-tshun-hue
無張無持,bô-tiunn-bô-tî
究勘,kiù-khàm
冇談,phànn-tâm
蓮苞頭,liân-pôo-thâu
蝦繭,hê-kián
究真,kiù-tsin
窮實,khîng-si̍t
羊頭眩,
閬雨站,
閬蹘,làng-liâu
溜閃,
辟走,phiah-tsáu
浸水,
激水,
樹奶索仔,
樹奶箍仔,
孽仔話,gia̍t-á-uē
孽畜仔話,gia̍t-thiok-á-uē
燃茶,
燈籃仔花,ting-nâ-á-hue
發毛,
賴賴行,
鋸屑,
沬水,bī-tsuí
藏水,
藏頭沬,tshàng-thâu-bī
鑽沬,tsǹg-bī
抾菜,khioh tshài
練先,
歌仔仙,
毛毛仔雨,
下跤手,
媒人錢較貴聘金禮,
加冠禮較濟戲金銀,
面頂百,
頭面頂百,
雄骨,hiông-kut
鴨公聲,ah-kang-siann
䆀豆,
粉豆,
歹氣,
臨時臨陣,lîm-sî-lîm-tsūn
圓栱橋,uân-kong-kiô
鮢鱖魚,
舊症,
久年病,
薰篋仔,
蟳仁,
蟳仔卵,
雙糕粿,
雙糕（仔）,
鹹酸苦澀,
相趁相喊,sio-thàn-sio-hán
鐵釘夾,thih-ting-ngeh
變啥物魍,
變啥空,
變啥空頭,
變啥齣頭,
變無路,piàn-bô-lōo/pìnn-bô-lōo
變無空,piàn-bô-khang/pìnn-bô-khang
變魍,pìnn-báng
豔麗,iām-lē
菜鴿目,tshài-kap-ba̍k
鹽酸仔草,
醡母草,tsà-bú-tsháu
醡漿草,tsà-tsiunn-tsháu
山鹽酸,
𣻸肭肭,siûnn-leh-leh
足心願,
稱意,
分食,pun-tsia̍h
分開食,pun-khui-tsia̍h
分家伙,pun-ke-hué/pun-ke-hé
拆火灶,thiah-hué-tsàu/thiah-hé-tsàu
拆火鼎,thiah-hué-tiánn/thiah-hé-tiánn
做肉砧,
無藝,bô-gē
無俗,bô-sio̍h
山裡,suann--lí
心肝內,
目箭,
㾀命,khiap-miā
官府,
拄拄仔,tú-tú-á
拄遷,
頭先仔,thâu-sing-á
相伴,
鬥伴,
暗靜,àm-tsīnn
唸歌仔,
存意,
立意,
主心定,
無夠額,bô-kàu-gia̍h
未到,
鴨卵面,ah-nn̄g-bīn
狗聲乞食調,
蓆草,tshio̍h-tsháu
割店,kuah-tiàm
艱苦過,kan-khóo-kuè/kan-khóo-kè
僫過,oh-kuè/oh-kè
歹過日,pháinn kuè-ji̍t/pháinn kè-li̍t
規半工,kui-puànn-kang
規晡久,kui-poo-kú
頂遍,tíng-piàn
頂見,tíng-kiàn
後遍,āu-piàn
後見,āu-kiàn
彼當時,hit-tong-sî
塌缺,thap-khueh/thap-kheh
水漲,tsuí-tiòng
𢯾被仔,mooh-phuē-á/mooh-phē-á
罩被仔,tà-phuē-á/tà-phē-á
番幔,huan-mua
求龜,kiû-ku
鱸鰻婆,lôo-muâ-pô
百姓公仔,peh-sènn-kong-á
萬善堂,bān-siān-tông
同歸所,tông-kui-sóo
大眾爺,tāi-tsiòng-iâ
這个,tsit ê
這款,tsit khuán
正齒,tsiànn-khí
這樣,tsit iūnn
結莓,kiat-m̂
彼種,hit tsióng
彼樣,hit iūnn
便條仔,piān-tiâu-á
織布,tsit pòo
姪新婦,ti̍t-sin-pū
孫嫂,sun-só
珠仔針,tsu-á-tsiam
趁大錢,thàn-tuā-tsînn
屎桮喙,sái-pue-tshuì
攔孤人,ânn-koo-lâng
躼跤的,lò-kha--ê
矮仔財,é-á-tsâi
矮仔猴,é-á-kâu
矮仔,é-á
矮仔鼓,é-á-kóo
矮鼓丁,é-kóo-ting
在地鳥,tsāi-tē-tsiáu/tsāi-tuē-tsiáu
小姑仔,sió-koo-á
細姑,sè-koo/suè-koo
新娘草,sin-niû-tsháu
纏花,tînn-hue
傍官勢,pn̄g-kuann-sè/pn̄g-kuann-sì
傍官氣,pn̄g-kuann-khuì
臭焦補無熟。,Tshàu-ta póo bô si̍k.
捲螺仔,kńg-lê-á
絞螺仔水,ká-lê-á-tsuí
屈馬勢,khut-bé-sè
木師,ba̍k-sai
木匠師,ba̍k-tshiūnn-sai
放放放,pàng-hòng-hòng
娘仔蝦,niû-á-hê
珠釘,tsu-ting
號召,hō-tiàu
出事,tshut-sū
出外客,tshut-guā-kheh
奶粉,ling-hún/ni-hún
單據,tuann-kì/tuann-kù
單頭,tuann-thâu
起山,khí-suann
有一个款,ū tsi̍t ê khuán
咸豐草,hâm-hong-tsháu
同治草,tông-tī-tsháu
冇管仔草,phànn-kóng-á-tsháu
蔫蔫,lian-lian
犒將,khò-tsiòng
賞兵,siúnn-ping
圓捙捙,înn-tshia-tshia
圓輪輪,înn-lin-lin
芳衝衝,phang-tshìng-tshìng
勞碌命,lô-lo̍k-miā
業相,gia̍p-siòng
業神,gia̍p-sîn
巷路仔,hāng-lōo-á
通巷,thong-hāng
巷管仔,hāng-kóng-á
命底好,miā-té-hó/miā-tué-hó
媠命,suí-miā
清閒命,tshing-îng-miā
有板,ū-pán
和尚仔,huê-siūnn-á
喉焦喙渴,âu-ta-tshuì-khuah
喉焦舌渴,âu-ta-tsi̍h-khuah
入來去,ji̍p-lâi-khì/li̍p-lâi-khì
啄鼻仔花,tok-phīnn-á-hue
吊籃仔花,tiàu-nâ-á-hue
舞台劇,bú-tâi-kio̍k
芳茶箍,phang-tê-khoo
龍仔銀,liông-á-gîn/liông-á-gûn
浴佛日,Io̍k-hu̍t-ji̍t/Io̍k-hu̍t-li̍t
浴佛節,Io̍k-hu̍t-tseh/Io̍k-hu̍t-tsueh
望冬搐仔,bāng-tang-tiuh-á
激頭殼,kik-thâu-khak
拚頭殼,piànn-thâu-khak
鬥鈕仔,tàu-liú-á
硩煞,teh-suah
做仙,tsò-sian/tsuè-sian
做神,tsò-sîn/tsuè-sîn
別世,pia̍t-sè
仙逝,sian-sē
生長命短,senn-tn̂g-miā-té/sinn-tn̂g-miā-tué
執死訣,tsip-sí-kuat
套好,thò-hó
講通套,kóng-thong-thò
通謀,thong-bôo
套謀,thò-bôo
光龐龐,kng-phiāng-phiāng
暗眠摸山貓,àm-bîn-bong-suann-niau
熱篤篤,jua̍h-ta̍k-ta̍k/lua̍h-ta̍k-ta̍k
狗屎運,káu-sái-ūn
掣起來,tshuah--khí-lâi
健在,kiān-tsāi
有價,ū-kè
丁口,ting-kháu
人丁,jîn-ting/lîn-ting
家眷,ka-kuàn
新聞紙,sin-bûn-tsuá
日報,ji̍t-pò/li̍t-pò
早報,tsá-pò
出日頭,tshut-ji̍t-thâu
出大日,tshut-tuā-ji̍t
加陰寒,ka-iam-kuânn
燒熇,sio-ho
鰻線,muâ-suànn
鰻栽,muâ-tsai
鰻魚栽,muâ-hî-tsai/muâ-hû-tsai
山茄,suann-kiô
洛神,lo̍k-sîn
盤山過水,puânn-suann-kuè-tsuí/puânn-suann-kè-tsuí
磚杮仔,tsng-phuè-á/tsng-phè-á
越權,ua̍t-khuân
山頂尾溜,suann-tíng-bué-liu/suann-tíng-bé-liu
淋病,lîm-pēnn/lîm-pīnn
梅瘡,muî-tshng
八腳,pat-kiok
生瘡,senn-tshng/sinn-tshng
垃圾病,lah-sap-pēnn/lah-sap-pīnn
日中晝,ji̍t-tiong-tàu/li̍t-tiong-tàu
日晝晝,ji̍t-tàu-tàu/li̍t-tàu-tàu
中晝心,tiong-tàu-sim
奸商,kan-siong
白死死,pe̍h-sí-sí
白死白死,pe̍h-sí-pe̍h-sí
奸笑,kan-tshiò
拍殕光,phah-phú-kng
芹菜珠仔,khîn-tshài-tsu-á/khûn-tshài-tsu-á
苦袂得,khóo-bē-tit/khóo-buē-tit
恨袂得,hīn-bē-tit/hūn-buē-tit
雪幔,suat-mua
借條,tsioh-tiâu
欠據,khiàm-kì/khiàm-kù
借據,tsioh-kì/tsioh-kù
借單,tsioh-tuann
烏嘛嘛,oo-mà-mà
烏貓貓,oo-niau-niau
烏鬼鬼,oo-kuí-kuí
烏麻,oo-muâ
半醒半睏,puànn-tshénn-puànn-khùn/puànn-tshínn-puànn-khùn
老人羶,lāu-lâng-hiàn
臭老人羶,tshàu-lāu-lâng-hiàn
隨手,suî-tshiú
萬年久長,bān-nî-kú-tn̂g
久久長長,kú-kú-tn̂g-tn̂g
霜仔攕,sng-á-tshiám
圓棍,înn-kùn
圓翱翱,înn-kō-kō
脆屑屑,tshè-sap-sap
騰身,thîng-sin
叉仔,tshe-á
苦果,khóo-kó
甜頭,tinn-thâu
細細雨落久，塗也會澹。,"Sè-sè hōo lo̍h-kú, thôo iā ē tâm."
霎霎仔雨落久，塗嘛會澹。,"Sap-sap-á-hōo lo̍h-kú, thôo mā ē tâm."
喙較密過菜籃。,Tshuì khah ba̍t-kuè tshài-nâ.
喙較密過米篩目枋。,Tshuì khah ba̍t-kuè bí-thai-ba̍k pang.
眾人喙僫掩。,Tsìng-lâng tshuì oh am.
做粿袂掩得人喙。,Tsò kué bē-am-tit lâng tshuì.
做粿袂掩人的喙。,Tsò kué bē am lâng ê tshuì.
當當時,tng-tong-sî
這當陣,tsit-tang-tsūn
山可移，性不可改。,"San khó î, sìng put-khó kái."
白翎鷥飛到胭脂巷，也是白。,"Pe̍h-līng-si pue kàu ian-tsi-hāng, iā sī pe̍h."
范謝將軍,Huān Siā tsiong-kun
大爺二爺,Tuā-iâ Jī-iâ
矮躼伯仔,é-lò-peh--á
外角,guā-kak
欖仁樹,lám-jîn-tshiū/lám-lîn-tshiū
欖仁,lám-jîn/lám-lîn
大葉欖仁樹,tuā-hio̍h-lám-jîn-tshiū/tuā-hio̍h-lám-lîn-tshiū
細葉欖仁樹,sè-hio̍h-lám-jîn-tshiū/suè-hio̍h-lám-lîn-tshiū
休假,hiu-ká
遠遠刣雞鵤，近近相穢目。,"Hn̄g-hn̄g thâi ke-kak, kīn-kīn sio-uè ba̍k."
人兩輪，錢四輪。,"Lâng nn̄g lián, tsînn sì lián."
龍身借狗腹出世。,Lîng sin tsioh káu pak tshut-sì.
人重妝，佛重扛。,"Lâng tiōng tsng, pu̍t tiōng kng."
利刀切豆腐――雙面光。,Lāi to tshiat tāu-hū――siang-bīn kng.
生囝簡單，飼囝困難。,"Senn-kiánn kán-tan, tshī kiánn khùn-lân."
生囝容易，教囝難。,"Senn-kiánn iông-ī, kà kiánn lân."
忍啊忍，忍著一个金石盾。,"Lún--ah lún, lún-tio̍h tsi̍t ê kim tsio̍h-tún."
大海毋驚大水。,Tuā-hái m̄ kiann tuā-tsuí.
冤枉觀音媽偷食鹹膎。,Uan-óng Kuan-im-má thau tsia̍h kiâm-kê.
擔籠較興藝旦。,Tann láng khah hìng gē-tuànn.
親家較興親姆。,Tshin-ke khah hìng tshenn-ḿ.
戇人有戇福。,Gōng-lâng ū gōng hok.
大目新娘揣無灶。,Tuā-ba̍k sin-niû tshuē-bô tsàu.
大目新娘，有看見鼎，無看見灶。,"Tuā-ba̍k sin-niû, ū khuànn-kìnn tiánn, bô khuànn-kìnn tsàu."
甘蔗無雙頭甜，月娘無逐日圓。,"Kam-tsià bô siang-thâu tinn, gue̍h-niû bô ta̍k-ji̍t înn."
錢四跤，人兩跤，仙逐嘛逐袂著。,"Tsînn sì kha, lâng nn̄g kha, sian jiok mā jiok bē tio̍h."
差咧天佮地。,Tsha leh thinn kah tē.
天差咧地。,Thinn tsha leh tē.
八百現，毋值六百便。,"Peh-pah hiān, m̄-ta̍t la̍k-pah piān."
一喙雙頭出。,Tsi̍t tshuì siang-thâu tshut.
十个囡仔十樣生。,Tsa̍p ê gín-á tsa̍p iūnn senn.
有人食臊，有人食菜；有人祈禱，有人拜拜。,"Ū lâng tsia̍h-tsho, ū lâng tsia̍h-tshài; ū lâng kî-tó, ū lâng pài-pài."
心肝較大過牛肺。,Sim-kuann khah tuā kuè gû-hì.
心肝較大過王莽。,Sim-kuann khah tuā kuè Ông Bóng.
十喙，九貓。,"Tsa̍p tshuì, káu niau."
無毛雞假大格，無米留人客，無食假拍呃。,"Bô môo ke ké tuā-keh, bô bí lâu lâng-kheh, bô tsia̍h ké phah-eh."
春雺，日頭公；夏雺，水底摸。,"Tshun bông, ji̍t-thâu-kong; hā bông, tsuí-té bong."
春雺若毋開，著該幔棕蓑。,"Tshun bông nā m̄ khui, tio̍h kai mua tsang-sui."
雺開，曝死鬼；雺無開，穿棕蓑。,"Bông khui, pha̍k-sí kuí; bông bô khui, tshīng tsang-sui."
飲水思源頭，食果子拜樹頭。,"Ím tsuí su guân-thâu, tsia̍h kué-tsí pài tshiū-thâu."
歪哥錢世眾了，僥倖錢跋輸筊，快活錢快開銷，不義錢居袂牢。,"Uai-ko tsînn sì-tsìng liáu, hiau-hīng tsînn pua̍h-su kiáu, khuìnn-ua̍h tsînn khuài khai-siau, put-gī tsînn ki bē tiâu."
跋筊錢，袂過暝。,"Pua̍h-kiáu tsînn, bē kuè-mê."
跋筊錢袂做得家伙。,Pua̍h-kiáu tsînn bē-tsò-tit ke-hué.
收瀾收焦焦，明年生𡳞脬。,"Siu-nuā siu-ta-ta, mê-nî senn lān-pha."
三年水流東，三年水流西。,"Sann nî tsuí lâu tang, sann nî tsuí lâu sai."
有時星光，有時月光。,"Ū-sî tshenn kng, ū-sî gue̍h kng."
起厝好厝邊，作田好田墘。,"Khí-tshù hó tshù-pinn, tsoh-tshân hó tshân-kînn."
六月芥菜假有心，菜籃仔捾水予哥啉。,"La̍k-gue̍h kuà-tshài ké ū-sim, tshài-nâ-á kuānn tsuí hōo ko lim."
無心假有心，菜籃擔水予人啉。,"Bô-sim ké ū-sim, tshài-nâ tann tsuí hōo lâng lim."
世間若無戇，路邊哪有有應公。,"Sè-kan nā bô gōng, lōo-pinn ná ū Iú-ìng-kong."
不孝怨爸母，欠錢怨債主，股票跋輸怨政府。,"Put-hàu uàn pē-bú, khiàm tsînn uàn tsè-tsú, kóo-phiò pua̍h-su uàn tsìng-hú."
青盲雞啄著蟲。,Tshenn-mê ke tok-tio̍h thâng.
趕人生，趕人死，趕人食飯無情理。,"Kuánn lâng senn, kuánn lâng sí, kuánn lâng tsia̍h-pn̄g bô tsîng-lí."
緊行，無好步；緊走，無好路；緊揣，無好頭路。,"Kín kiânn, bô hó pōo; kín tsáu, bô hó lōo; kín tshuē, bô hó thâu-lōo."
緊事，三分輸。,"Kín sū, sann hun su."
緊炊，無好粿。,"Kín tshue, bô hó kué."
倖豬夯灶，倖囝不孝，倖查某囝，袂落人家教。,"Sīng ti giâ tsàu, sīng kiánn put-hàu, sīng tsa-bóo-kiánn, bē lo̍h lâng ka-kàu."
恩主公食燒酒，看袂出。,"Un-tsú-kong tsia̍h sio-tsiú, khuànn bē tshut."
烏矸仔貯豆油，無地看。,"Oo kan-á té tāu-iû, bô-tè khuànn."
尪顯，弟子落臉。,"Ang hián, tē-tsú lak-lián."
跋筊郎君買賣賊。,Pua̍h-kiáu lông-kun bé-bē tsha̍t.
熟似騙厝內。,Si̍k-sāi phiàn tshù-lāi.
烏狗偷食，白狗食罪。,"Oo káu thau tsia̍h, pe̍h káu tsia̍h-tsuē."
惡馬惡人騎，胭脂馬拄著關老爺。,"Ok bé ok lâng khiâ, ian-tsi-bé tú-tio̍h Kuan-ló-iâ."
錢欲大百，人就無肉。,"Tsînn beh tuā-pah, lâng tō bô bah."
錢大百，人落肉。,"Tsînn tuā-pah, lâng lo̍h-bah."
無行袂出名。,Bô kiânn bē tshut-miâ.
講蛇就紲，草索丈外。,"Kóng tsuâ tō suà, tsháu-soh tn̄g guā."
荏荏馬嘛有一步踢。,Lám-lám bé mā ū tsi̍t pōo that.
講話掛骨。,Kóng-uē kuà-kut.
三人仝一心，烏塗變成金。,"Sann lâng kāng tsi̍t sim, oo-thôo piàn-sîng kim."
三兄弟股一條瓊麻索。,Sann hiann-tī kóo tsi̍t tiâu khîng-muâ-soh.
目睭帶斗概，看著逐項愛。,"Ba̍k-tsiu tuà táu-kài, khuànn-tio̍h ta̍k hāng ài."
目睭掛斗概，看會著的攏欲愛。,"Ba̍k-tsiu kuà táu-kài, khuànn ē tio̍h--ê lóng beh ài."
捷見官袂畏，捷食酒袂醉。,"Tsia̍p kìnn kuann bē uì, tsia̍p tsia̍h-tsiú bē tsuì."
好好柴刣到曲。,Hó-hó tshâ thâi kàu khiau.
七腳戲，報萬兵。,"Tshit kioh hì, pò bān ping."
三分病，嗙死症。,"Sann hun pēnn, pòng sí-tsìng."
狗綴屁走，人綴勢走。,"Káu tuè phuì tsáu, lâng tuè sè tsáu."
目睭看無目睫毛。,Ba̍k-tsiu khuànn bô ba̍k-tsiah-mn̂g.
千變萬化，毋值得造化。,"Tshian-piàn-bān-huà, m̄ ta̍t-tit tsō-huà."
人𠢕毋值天做對頭。,Lâng gâu m̄-ta̍t thinn tsò tuì-thâu.
百般武藝，毋值鋤頭落地。,"Pah-puann bú-gē, m̄-ta̍t tî-thâu lo̍h-tē."
生理錢三十年，流汗錢萬萬年。,"Sing-lí tsînn sann-tsa̍p nî, lâu-kuānn tsînn bān-bān nî."
兄弟是兄弟，隨人顧家己。,"Hiann-tī sī hiann-tī, suî lâng kòo ka-kī."
先顧腹肚，才顧佛祖。,"Sing kòo pak-tóo, tsiah kòo Pu̍t-tsóo."
命運天註定。,Miā-ūn thinn tsù-tiānn.
未上三寸水，就欲扒龍船。,"Buē tsiūnn sann tshùn tsuí, tō beh pê-lîng-tsûn."
講話中人聽，較好大細聲。,"Kóng-uē tìng lâng thiann, khah hó tuā-sè-siann."
好話一句若璇石，歹話一句若毒藥。,"Hó-uē tsi̍t kù ná suān-tsio̍h, pháinn-uē tsi̍t kù ná to̍k-io̍h."
講甲你捌，喙鬚好拍結；講甲你會，頭毛喙鬚白。,"Kóng kah lí bat, tshuì-tshiu hó phah-kat; kóng kah lí ē, thâu-mn̂g tshuì-tshiu pe̍h."
別人的桌頂，夾肉飼大家。,"Pa̍t-lâng ê toh-tíng, ngeh bah tshī ta-ke."
用別人的𡳞鳥做火夾。,Iōng pa̍t-lâng ê lān-tsiáu tsò hué-ngeh.
一好佮一䆀，無兩好相排。,"Tsi̍t hó kah tsi̍t bái, bô nn̄g hó sio-pâi."
有一好無兩好，有新婦無牛母。,"Ū tsi̍t hó bô nn̄g hó, ū sin-pū bô gû-bó."
一年換二四个頭家，轉來食尾牙赴赴。,"Tsi̍t nî uānn jī-sì ê thâu-ke, tńg-lâi tsia̍h bué-gê hù-hù."
九月颱，無人知；九月颱，慘歪歪。,"Káu-gue̍h thai, bô lâng tsai; káu-gue̍h thai, tshám uai-uai."
九月颱，無人知，九月南風隨雨來。,"Káu-gue̍h thai, bô lâng tsai; káu-gue̍h lâm-hong suî hōo lâi."
母舅公，較大三界公。,"Bú-kū-kong, khah tuā Sam-kài-kong."
第一天公，第二母舅公。,"Tē-it Thinn-kong, tē-jī bú-kū-kong."
一百句，五十雙。,"Tsi̍t-pah kù, gōo-tsa̍p siang."
一个錢，一點血。,"Tsi̍t ê tsînn, tsi̍t tiám hueh."
一个錢看做𥴊壺仔大。,Tsi̍t ê tsînn khuànn-tsò kám-ôo-á tuā.
入港隨灣，入鄉隨俗。,"Ji̍p káng suî uan, ji̍p hiong suî sio̍k."
豆油分伊搵，連碟仔煞提去。,"Tāu-iû pun i ùn, liân ti̍h-á suah the̍h--khì."
贏馬閣想欲贏馬奴。,Iânn bé koh siūnn-beh iânn bé-lôo.
甘蔗隨目齧。,Kam-tsià suî ba̍k khè.
鳥鼠趖竹篙，一目過一目。,"Niáu-tshí sô tik-ko, tsi̍t ba̍k kuè tsi̍t ba̍k."
鵁鴒占便空。,Ka-līng tsiàm piān khang.
龍虎交戰，魚鱉受災。,"Lîng-hóo kau-tsiàn, hî-pih siū-tsai."
火燒厝，燒過間。,"Hué-sio-tshù, sio kuè king."
有平埔媽，無唐山媽。,"Ū pênn-poo má, bô Tn̂g-suann má."
有平埔媽，無平埔公；有唐山公，無唐山媽。,"Ū pênn-poo má, bô pênn-poo kong; ū Tn̂g-suann kong, bô Tn̂g-suann má."
濟囝餓死爸，濟新婦磨死大家。,"Tsē kiánn gō-sí pē, tsē sin-pū buâ-sí ta-ke."
濟囝濟擘腹，濟新婦濟推捒。,"Tsē kiánn tsē peh-pak, tsē sin-pū tsē the-sak."
掠雞寄山貓。,Lia̍h ke kià suann-niau.
塗牛入海――一去不回。,Thôo-gû ji̍p hái―― it khì put huê.
好種只要一粒。,Hó tsíng tsí-iàu tsi̍t lia̍p.
家欲齊，置雙犁；家欲破，置雙妻。,"Ka beh tsê, tì siang lê; ka beh phuà, tì siang tshe."
目睭生佇頭殼頂。,Ba̍k-tsiu senn tī thâu-khak-tíng.
拍人喝救人，做賊的喝掠賊。,"Phah lâng huah-kiù-lâng, tsò tsha̍t--ê huah lia̍h tsha̍t."
賊較惡人。,Tsha̍t khah ok lâng.
加減趁，袂散；加減抾，就免借。,"Ke-kiám thàn, bē sàn; ke-kiám khioh, tō bián tsioh."
俗物無好貨，好貨毋賣俗。,"Sio̍k-mi̍h bô hó huè, hó huè m̄ bē sio̍k."
貪俗買狗鯊。,Tham sio̍k bé káu-sua.
陰鴆狗，咬人袂吼。,"Im-thim káu, kā lâng bē háu."
會咬人的狗袂吠，會吠的狗袂咬人。,"Ē kā--lâng ê káu bē puī, ē puī ê káu bē kā--lâng."
四兩人講半斤話。,Sì niú lâng kóng puànn kin uē.
關帝爺面前弄大刀。,Kuan-tè-iâ bīn-tsîng lāng tuā-to.
牛屎龜，牚石枋。,"Gû-sái-ku, thènn tsio̍h-pang."
田嬰扶石柱。,Tshân-enn phôo tsio̍h-thiāu.
鴨母拖秤錘。,Ah-bó thua tshìn-thuî.
剃頭刀剉大樹。,Thì-thâu-to tshò tuā tshiū.
食著藥，青草一葉；食毋著藥，廳邊睏草蓆。,"Tsia̍h tio̍h io̍h, tshenn-tsháu tsi̍t hio̍h; tsia̍h m̄-tio̍h io̍h, thiann-pinn khùn tsháu-tshio̍h."
食家己的米，講別人的話。,"Tsia̍h ka-kī ê bí, kóng pa̍t-lâng ê uē."
食曹操米，講劉備話。,"Tsia̍h Tsô Tshò bí, kóng Lâu Pī uē."
枵鬼假細膩，愛食假客氣。,"Iau-kuí ké sè-jī, ài tsia̍h ké kheh-khì."
乞食假細膩，奸臣假義氣。,"Khit-tsia̍h ké sè-jī, kan-sîn ké gī-khì."
海龍王辭水――假細膩。,Hái-lîng-ông sî tsuí―― ké sè-jī.
聽毋見，失一片；聽入見，腹肚滇。,"Thiann m̄ kìnn, sit tsi̍t phìnn; thiann ji̍p kìnn, pak-tóo tīnn."
烏仔魚搢水――毋認輸。,Oo-á-hî tsìnn tsuí―― m̄ jīn-su.
翁欠某債，某欠翁債。,"Ang khiàm bóo tsè, bóo khiàm ang tsè."
無冤無家，不成夫妻。,"Bô uan bô ke, put-sîng hu-tshe."
前世無相欠債，這世袂做夫妻。,"Tsîng-sè bô sio-khiàm-tsè, tsit sè bē tsò hu-tshe."
做媒人貼聘金。,Tsò muê-lâng thiap phìng-kim.
生理無夠精，媒人貼聘金。,"Sing-lí bô-kàu tsing, muê-lâng thiap phìng-kim."
愛花連枝愛，疼查某囝著疼囝婿。,"Ài hue liân ki ài,  thiànn tsa-bóo-kiánn tio̍h thiànn kiánn-sài."
刣魚刣到鰓，做事做透機。,"Thâi hî thâi kàu tshi, tsò sū tsò thàu-ki."
鳥鼠空變成圓栱門。,Niáu-tshí-khang piàn-sîng uân-kong-mn̂g.
光人毋知，暗的也知。,"Kng--lâng m̄ tsai, àm--ê iā tsai."
敢做，敢擔當。,"Kánn tsò, kánn tam-tng."
有一就有兩，有兩就有三，無三不成禮。,"Ū it tō ū nn̄g, ū nn̄g tō ū sann, bû sam put sîng lé."
無日毋知晝，無鬚毋知老，無死毋知臭。,"Bô ji̍t m̄ tsai tàu, bô tshiu m̄ tsai lāu, bô sí m̄ tsai tshàu."
無代無誌，掠一尾蟲擽尻川。,"Bô-tāi-bô-tsì, lia̍h tsi̍t bué thâng ngiau kha-tshng."
搬石頭硩家己跤盤。,Puann tsio̍h-thâu teh ka-kī kha-puânn.
坐毋坐，欲惹禍。,"Tsē m̄ tsē, beh jiá ē."
無魚撈蝦，無蝦撈田螺。,"Bô hî hôo hê, bô hê hôo tshân-lê."
有，揀選；無，不管。,"Ū, kíng-suán; bô, put-kuán."
無禁無忌，食百二；無見無古，食甲做公兼做祖。,"Bô-kìm-bô-khī, tsia̍h pah-jī; bô-kiàn-bô-kóo, tsia̍h kah tsò kong kiam tsò tsóo."
老旦跋落戲棚跤。,Lāu-tuànn pua̍h-lo̍h hì-pênn-kha.
瘦甲賰一支骨。,Sán kah tshun tsi̍t ki kut.
瘦閣薄板。,Sán koh po̍h-pán.
瘦枝落葉。,Sán-ki-lo̍h-hio̍h.
六月賣火籠。,La̍k--gue̍h bē hué-lang.
火過，才炰芋。,"Hué kuè, tsiah pû ōo."
毋捌看過馬，嘛捌看過馬蹄。,"M̄-bat khuànn-kuè bé, mā bat khuànn-kuè bé-tê."
飼鳥鼠，咬布袋，頇顢先生教落第。,"Tshī niáu-tshí, kā pòo-tē, hân-bān sian-sinn kà lo̍k-tē."
有跪才有飽穗。,Ū kuī tsiah ū pá-suī.
無跪，袂出穗。,"Bô kuī, bē tshut suī."
無下種，無收成。,"Bô hē-tsíng, bô siu-sîng."
水牛過溪──厚屎尿。,Tsuí-gû kuè-khe──kāu-sái-jiō.
盡人事，聽天命。,"Tsīn jîn-sū, thìng thian-bīng."
千好萬好，毋值咱厝好。,"Tshian hó bān hó, m̄-ta̍t lán tshù hó."
五百錢豬仔──捾一支喙。,Gōo-pah tsînn ti-á──kuānn tsi̍t ki tshuì.
便所內彈gì-tà──臭彈。,Piān-sóo-lāi tuânn gì-tà──tshàu-tuānn.
乞食講仙話。,Khit-tsia̍h kóng sian uē.
賣花講花芳，賣酒講酒紅。,"Bē hue kóng hue phang, bē tsiú kóng tsiú âng."
家己擔膎呵咾芳。,Ka-kī tann kê o-ló phang.
死蛇活尾溜──死趖。,Sí tsuâ ua̍h bué-liu──sí-sô.
食飯坩中央。,Tsia̍h pn̄g-khann tiong-ng.
跤焦手焦，毋免入灶跤。,"Kha ta tshiú ta, m̄-bián ji̍p tsàu-kha."
腹內無膏。,Pak-lāi bô ko.
橋過，枴仔挕捒。,"Kiô kuè, kuái-á hìnn-sak."
草地親家坐大位――人戇禮袂戇。,Tsháu-tē tshin-ke tsē tuā-uī――lâng gōng lé bē gōng.
草地母舅坐大位――人俗禮不俗。,Tsháu-tē bú-kū tsē tuā-uī――lâng sio̍k lé put sio̍k.
東港無魚，西港拋。,"Tang-káng bô hî, Sai-káng pha."
有時星光，有時月明。,"Ū-sî tshenn-kng, ū-sî gue̍h-bîng."
仝船仝條命。,Kāng tsûn kāng tiâu miā.
瘦人𠢕食飯，瘦田𠢕欶水。,"Sán-lâng gâu tsia̍h-pn̄g, sán tshân gâu suh tsuí."
牛鼻毋拎，拎牛尾。,"Gû-phīnn m̄ lîng, lîng gû-bué."
賣瓷食缺，編蓆睏椅。,"Bē huî tsia̍h khih, pian tshio̍h khùn í."
賣西瓜的食歪臍瓜仔。,Bē si-kue--ê tsia̍h uai-tsâi-kue-á.
好看，毋好食。,"Hó-khuànn, m̄ hó-tsia̍h."
金瓜臭腹內。,Kim-kue tshàu pak-lāi.
做粿無包餡。,Tsò kué bô pau-ānn.
大箍菜頭蓬心。,Tuā-khoo tshài-thâu pōng-sim.
大箍人好看頭。,Tuā-khoo-lâng hó-khuànn-thâu.
遠看白波波，近看就無膏。,"Hn̄g khuànn pe̍h-pho-pho, kīn khuànn tō bô ko."
一个一斤，一个十六兩。,"Tsi̍t ê tsi̍t kin, tsi̍t ê tsa̍p-la̍k niú."
七仔笑八仔。,Tshit--á tshiò peh--á.
烏鴉笑烏豬。,Oo-a tshiò oo ti.
閹雞趁鳳飛――綴人袂著。,Iam-ke thàn hōng pue――tuè lâng bē tio̍h.
人佇世間無偌久，袂曉有孝豬狗牛。,"Lâng tī sè-kan bô-guā-kú, bē-hiáu iú-hàu ti káu gû."
囝兒有孝才有取，不孝較輸豬狗牛。,"Kiánn-jî iú-hàu tsiah ū tshú, put-hàu khah su ti káu gû."
菅蓁袂做得枴仔。,Kuann-tsin bē-tsò-tit kuái-á.
漚柴袂做得公媽龕。,Àu-tshâ bē-tsò-tit kong-má-kham.
虎頭燕頷。,Hóo thâu iàn ām.
虎頭鳥鼠尾。,Hóo thâu niáu-tshí bué.
一欉菜，一百个拜。,"Tsi̍t tsâng tshài, tsi̍t-pah ê pài."
千算萬算，毋值得天一劃。,"Tshian sǹg bān sǹg, m̄ ta̍t-tit thinn tsi̍t ue̍h."
有的毋講，無的品捧。,"Ū--ê m̄ kóng, bô--ê phín-phóng."
好酒沉甕底，好戲佇戲尾。,"Hó-tsiú tîm àng-té, hó hì tī hì-bué."
總數,tsóng-sòo
跋路筊,pua̍h-lōo-kiáu
鬥尪公仔寶,tàu ang-kong-á-pó
開筊間,khui kiáu-king
親熱,tshin-jia̍t/tshin-lia̍t
昏昏,hng-hng
嘟嘟,tū-tū
取中範,tshú-tiong-pān
掠中欄,lia̍h-tiong-nuâ
接載袂牢,tsih-tsài bē tiâu/tsih-tsài buē tiâu
擋袂牢,tòng bē tiâu/tòng buē tiâu
袂接力,bē tsih-la̍t/buē tsih-la̍t
無話通講,bô uē thang kóng
死喙,sí-tshuì
死鴨仔硬喙桮,sí ah-á ngē tshuì-pue/sí ah-á ngī tshuì-pe
瀳風,tshînn-hong
血攻心,hueh-kong-sim/huih-kong-sim
血抱心,hueh-phō-sim/huih-phō-sim
心惝,sim-tshíng
抱心爿,phō-sim-pîng
徛心,khiā-sim
徛心爿,khiā-sim-pîng
打折,tánn-tsiat
吊懸價,tiàu-kuân-kè
細圓,sè-înn/suè-înn
半身不遂,puàn-sin-put-suī
歹鬼母𤆬頭,pháinn-kuí-bú tshuā-thâu
落定,lo̍h-tiānn
土生仔,thóo-senn-á/thóo-sinn-á
土生囝,thóo-senn-kiánn/thóo-sinn-kiánn
仿的,hóng--ê
假包的,ké-pâu--ê
柴蜞,tshâ-khî
烏蟲,oo-thâng
水蜞,tsuí-khî
草蜞,tsháu-khî
過厝,kuè-tshù/kè-tshù
過宅,kuè-the̍h/kè-the̍h
老風流,lāu-hong-liû
生門,senn-mn̂g/sinn-mn̂g
龜毛神,ku-moo-sîn
貓毛,niau-moo
實膜,tsa̍t-mo̍oh
母形,bú-hîng
查某形,tsa-bóo-hîng
解姑體,kái-koo-thé
白phau-phau,pe̍h-phau-phau
符令,hû-līng
符仔路,hû-á-lōo
葉仔路,hio̍h-á-lōo
素菜,sòo-tshài
齋糧,tsai-niû
齋菜,tsai-tshài
偷走書,thau-tsáu-tsu
細胚的,sè-phue--ê/suè-phe--ê
大尾的,tuā-bué--ê/tuā-bé--ê
過水貨,kuè-tsuí-huè/kuè-tsuí-hè
款製,khuán-tsè
使性搦地,sái-sìng-la̍k-tē/sái-sìng-la̍k-tuē
使派,sái-phài
使癖,sái-phiah
想退悔,siūnn-thè-hué
攬尾,lám-bué/lám-bé
懍膽,lún-tánn
懍懾,lún-neh
懾膽,liap-tánn
年節時仔,nî-tseh-sî-á/nî-tsueh-sî-á
年仔節仔,nî-á-tseh-á/nî-á-tsueh-á
年冬月節,nî-tang-gue̍h-tseh/nî-tang-ge̍h-tsueh
大年大節,tuā-nî tuā-tseh/tuā-nî tuā-tsueh
過年過節,kuè-nî-kuè-tseh/kè-nî-kè-tsueh
是年八節,sī-nî-peh-tseh/sī-nî-pueh-tsueh
痀背,ku-puè
鵝管仔,gô-kóng-á/giâ-kóng-á
無時陣,bô-sî-tsūn
漚腳,àu-kioh
歹料,pháinn-liāu
歹狗,pháinn-káu
䆀料,bái-liāu
䆀搭,bái-tah
好喙水,hó-tshuì-suí
嶄然仔,tsám-jiân-á/tsám-liân-á
㤉目,gê-ba̍k
遠兜,hn̄g-tau
舂乓,tsing-piàng
致心致命,tì-sim-tì-miā
致心致血,tì-sim-tì-hueh/tì-sim-tì-huih
剔斥,thak-thik
祖業,tsóo-gia̍p
盍有,khah ū
線尾,suànn-bué/suànn-bé
拚凊汗,piànn-tshìn-kuānn
無味無素,bô-bī-bô-sòo
無因端,bô-in-tuann
無因致端,bô-in-tì-tuann
無事無故,bô-sū-bô-kòo
相叫喙,sann-kiò-tshuì
相掰會,sio-pué-huē
掠話屎,lia̍h-uē-sái
掠話蝨,lia̍h-uē-sat
掠話骨,lia̍h-uē-kut
吮話縫,tshńg-uē-phāng
狐群狗黨,hôo-kûn-káu-tóng
絞群,ká-kûn
硬牙的,ngē-gê--ê/ngī-gê--ê
徛諍王,khiā-tsènn-ông/khiā-tsìnn-ông
厚口舌的,kāu-kháu-sia̍t--ê
結果擲掉,kiat-kó-tàn-tiāu
素素,sòo-sòo
苦楝仔舅,khóo-līng-á-kū
木欒仔,bo̍k-luân-á
壓落性,ah-lo̍h-sìng
教乖,kà-kuai
缺限,khuat-hān
怪潲,kuài-siâu
緊狂,kín-kông
懸踏仔,kuân-ta̍h-á
懸屐,kuân-kia̍h
懸屐仔,kuân-kia̍h-á
懸踏鞋,kuân-ta̍h-ê
懸踏仔鞋,kuân-ta̍h-á-ê
門跤兜,mn̂g-kha-tau
門頭,mn̂g-thâu
戶橂跤,hōo-tīng-kha
帶驛馬,tài-ia̍h-bé
貓仔相,niau-á-siàng
公族,kong-tso̍k
宗族,tsong-tso̍k
仝房頭,kāng-pâng-thâu
討鹽生,thó-iâm-senn/thó-iâm-sinn
艱苦生,kan-khóo-senn/kan-khóo-sinn
安產,an-sán
幼枝骨,iù-ki-kut
壓煞,ah-suah
臭奶仔羶,tshàu-ling-á-hiàn/tshiàu-ni-á-hiàn
厝頂蓋,tshù-tíng-kuà
平常時仔,pîng-siông-sî-á
貧寒,pîn-hân
對向,tuì-hiòng
相對向,sio-tuì-hiòng
排有生相,pâi-ū-senn-siùnn/pâi-ū-sinn-siùnn
遮崁,jia-khàm/lia-khàm
下幫,ē-pang
後幫,āu-pang
做聲,tsò-siann/tsuè-siann
激恬恬,kik-tiām-tiām
萬不一,bān-put-it
字條,jī-tiâu/lī-tiâu
家私頭,ke-si-thâu
麵粉粿,mī-hún-kué/mī-hún-ké
無一時定,bô-tsi̍t-sî-tiānn
無得無定,bô-tik-bô-tiānn
臭尿破羶,tshàu-jiō-phuà-hiàn/tshàu-liō-phuà-hiàn
大通路,tuā-thong-lōo
學識,ha̍k-sik
平埔族群,Pênn-poo Tso̍k-kûn/Pînn-poo Tso̍k-kûn
平埔原住民,Pênn-poo Guân-tsū-bîn/Pînn-poo Guân-tsū-bîn
食軟仔,tsia̍h-nńg-á
抾軟仔,khioh-nńg-á
櫳櫳,lang-lang
縛縛,pa̍k-pa̍k
注神,tsù-sîn
分心,hun-sim
大宗,tuā-tsong
袂看口,bē-khuànn-kháu/buē-khuànn-kháu
倒頹,tò-thē/tò-thuē
老倒頹,lāu-tò-thē/lāu-tò-thuē
著滋味,tio̍h-tsu-bī
手肚肉,tshiú-tóo-bah
攑硬篙,gia̍h-ngē-ko/gia̍h-ngī-ko
袂看口得,bē-khuànn-kháu-tit/buē-khuànn-kháu-tit
相倚靠,sio-uá-khò
相傍倚,sio-pn̄g-uá
血脈,hueh-me̍h/huih-me̍h
靜脈,tsīng-me̍h
黃瓜仔,n̂g-kue-á
青瓜仔,tshenn-kue-á/tshinn-kue-á
幼路工,iù-lōo-kang
幼穡,iù-sit
幼工課,iù-khang-khuè/iù-khang-khè
粗工課,tshoo-khang-khuè/tshoo-khang-khè
跤肚肉,kha-tóo-bah
跤肚腱,kha-tóo-kiān
跤後肚仁,kha-āu-tóo-jîn/kha-āu-tóo-lîn
跤後肚肉,kha-āu-tóo-bah
命絲仔,miā-si-á
媽祖生日,Má-tsóo senn-ji̍t/Má-tsóo sinn-li̍t
媽祖婆生日,Má-tsóo-pô senn-ji̍t/Má-tsóo-pô sinn-li̍t
主桌,tsú-toh
銅鐳,tâng-lui
勼退,kiu-thè
勼去,kiu--khì
有辦法,ū pān-huat
有步,ū-pōo
有步數,ū pōo-sòo
有才調,ū tsâi-tiāu
無辦法,bô pān-huat
無才調,bô tsâi-tiāu
新臺票,Sin-tâi-phiò
臺幣,Tâi-pè
新臺幣,Sin-tâi-pè
平坦坦,pênn-thánn-thánn/pînn-thánn-thánn
平溜溜,pênn-liu-liu/pînn-liu-liu
一字平,it-jī-pênn/it-jī-pînn
挲烏面,so-oo-bīn
半病,puàn-pēnn/puàn-pīnn
拄千,tú-tshian
纏跤布,tînn-kha-pòo
冊揹仔,tsheh-phāinn-á
紅皮菜,âng-phuê-tshài/âng-phê-tshài
黃瓜,n̂g-kue
放尿搜沙袂做堆。,Pàng-jiō tshiau sua bē tsò-tui.
做惡做毒，騎馬碌硞。,"Tsò ok tsò to̍k, khiâ-bé lo̍k-kho̍k."
捏驚死，放驚飛。,"Tēnn kiann sí, pàng kiann pue."
人衰，滿面全豆花。,"Lâng sue, muá-bīn tsuân tāu-hue."
別人的桌頂夾肉飼大家。,Pa̍t-lâng ê toh-tíng ngeh bah tshī ta-ke.
公家錢開袂疼。,Kong-ke-tsînn khai bē thiànn.
食老囡仔性。,Tsia̍h-lāu gín-á-sìng.
老人像囡仔。,Lāu-lâng tshiūnn gín-á.
老人像細囝。,Lāu-lâng tshiūnn sè-kiánn.
七十歲欶奶喙仔。,Tshit-tsa̍p huè suh ling-tshuì-á.
老人囡仔相。,Lāu-lâng gín-á-siùnn.
九頓米糕無上算，一頓冷糜抾去囥。,"Káu tǹg bí-ko bô tsiūnn-sǹg, tsi̍t tǹg líng muâi khioh-khì khǹg."
九頓米糕毋上算，一頓凊糜抾起來餾。,"Káu tǹg bí-ko m̄ tsiūnn-sǹg, tsi̍t tǹg tshìn-muâi khioh khí-lâi liū."
做甲流汗，嫌甲流瀾。,"Tsò kah lâu-kuānn, hiâm kah lâu-nuā."
盡心唱，嫌無聲。,"Tsīn sim tshiùnn, hiâm bô siann."
肉欲予你食，骨毋予你齧。,"Bah beh hōo lí tsia̍h, kut m̄ hōo lí khè."
食你的肉，無齧你的骨。,"Tsia̍h lí ê bah, bô khè lí ê kut."
肉予人食，骨毋通予人齧。,"Bah hōo lâng tsia̍h, kut m̄-thang hōo lâng khè."
肉予人食，骨毋成予人齧。,"Bah hōo lâng tsia̍h, kut m̄-tsiânn hōo lâng khè."
豬屎籃仔也提出來品並。,Ti-sái nâ-á iā the̍h tshut-lâi phín-phīng.
豬屎籃仔趁人結綵。,Ti-sái nâ-á thàn lâng kat-tshái.
豬屎籃仔也捾出來品寶。,Ti-sái nâ-á iā kuānn tshut-lâi phín-pó.
到彼時，攑彼旗。,"Kàu hit-sî, gia̍h hit kî."
魚食流水，人食喙水。,"Hî tsia̍h lâu-tsuí, lâng tsia̍h tshuì-suí."
馬四跤嘛會著觸。,Bé sì-kha mā ē tio̍h-tak.
割人的稻仔尾。,Kuah lâng ê tiū-á-bué.
跋筊師傅，無褲通穿。,"Pua̍h-kiáu sai-hū, bô khòo thang tshīng."
半暝報贏筊，天光輸了了。,"Puànn-mê pò iânn kiáu, thinn-kng su-liáu-liáu."
跋筊錢，袂得做家伙。,"Pua̍h-kiáu tsînn, bē-tit tsò ke-hué."
一更散，二更富，三更起大厝，四更五更走袂赴。,"Tsi̍t kenn sàn, jī kenn pù, sann kenn khí tuā-tshù, sì kenn gōo kenn tsáu bē hù."
無心假有心，捾籃仔假燒金。,"Bô-sim ké ū-sim, kuānn nâ-á ké sio-kim."
捾籃仔假做客。,Kuānn nâ-á ké tsò-kheh.
食甜，憶著鹹。,"Tsia̍h tinn, it-tio̍h kiâm."
徙岫雞母生無卵。,Suá siū ke-bó senn bô nn̄g.
欲死牽拖鬼。,Beh sí khan-thua kuí.
袂生，牽拖媒人。,"Bē senn, khan-thua muê-lâng."
袂生，帶罵媒人。,"Bē senn, tài mē muê-lâng."
袂生，牽拖洗落雨水。,"Bē senn, khan-thua sé-lo̍h hōo-tsuí."
褲袋仔空空。,Khòo-tē-á khang-khang.
褲袋仔四角。,Khòo-tē-á sì-kak.
橐袋仔袋磅子。,Lak-tē-á tē pōng-tsí.
褲底袋磅子。,Khòo-té tē pōng-tsí.
一時風，駛一時帆。,"Tsi̍t-sî hong, sái tsi̍t-sî phâng."
一時風，攑一時旗。,"Tsi̍t-sî hong, gia̍h tsi̍t-sî kî."
一時風，一時船。,"Tsi̍t-sî hong, tsi̍t-sî tsûn."
半路認親情。,Puànn-lōo jīn tshin-tsiânn.
魚鰍循便空。,Hî tshiu sûn piān khang.
鰗鰡循便空。,Hôo-liu sûn piān khang.
鵁鴒抾便空。,Ka-līng khioh piān khang.
鵁鴒趁便空。,Ka-līng thàn piān khang.
小齣,sió-tshut
話仔仁,uē-á-jîn/uē-á-lîn
目睭花,ba̍k-tsiu-hue
畏羞禮,uì-siáu-lé
布質,pòo-tsit
放拋荒,pàng-pha-hng
起工,khí-kang
係項,hē-hāng
撒體,sāi-thái
張張掣掣,tiunn-tiunn-tshuah-tshuah
小本,sió-pún
轉起轉倒,tńg-khí-tńg-tó
無輸雙,bô-su-siang
平報盆,pênn-pò-phûn/pînn-pò-phûn
無臭潲,bô-tshàu-siâu
無時恬,bô-sî-tiām
唱價,tshiàng-kè
添價,thinn-kè
疊價,tha̍h-kè
焦耳,ta-hīnn/ta-hī
澹耳,tâm-hīnn/tâm-hī
長本,tn̂g-pún
短本,té-pún
內埕,lāi-tiânn
花膏膏,hue-kô-kô
重huàinn-huàinn,tāng-huàinn-huàinn
重huainnh-huainnh,tāng-huainnh-huainnh
重hinnh-hinnh,tāng-hinnh-hinnh
重hi̍nnh-hi̍nnh,tāng-hi̍nnh-hi̍nnh
重innh-innh,tāng-innh-innh
重thuī-thuī,tāng-thuī-thuī
輕bóng-bóng,khin-bóng-bóng
事屎,sū-sái
無緣無故,bô-iân-bô-kòo
無端無故,bô-tuann-bô-kòo
無底無代,bô-tī-bô-tāi
相食向,sann-tsia̍h-ànn
相食穿,sann-tsia̍h-tshīng
峇嗄,bā-sà
峇sngh-sngh,bā-sngh-sngh
對繩,tuì-tsîn
對範,tuì-pān
相拄搪,sio-tú-tn̄g
搪頭,tn̄g-thâu
相搪頭,sio-tn̄g-thâu
生水,senn-tsuí/sinn-tsuí
胎膜,thai-mo̍oh
羊膜,iûnn-mo̍oh
搶火燒,tshiúnn-hué-sio/tshiúnn-hé-sio
摃大客,kòng-tuā-kheh
摃銀牛,kòng-gîn-gû/kòng-gûn-gû
摃錢,kòng-tsînn
大祥,tāi-siông
見真張,kìnn-tsin-tiunn
新鳥,sin-tsiáu
生牛仔,tshenn-gû-á/tshinn-gû-á
生跤數,tshenn-kha-siàu/tshinn-kha-siàu
新跤數,sin-kha-siàu
新腳數,sin-kioh-siàu
拍摔,phah-siak
注射筒,tsù-siā-tâng
針筒,tsiam-tâng
三延四延,sann-tshiân-sì-tshiân
署名,sú-miâ
帶財,tài-tsâi
牢財,tiâu-tsâi
落財,làu-tsâi
起誓,khí-sè
生言造語,senn-giân-tsō-gí/sinn-giân-tsō-gú
抹烏漆白,buah-oo-tshat-pe̍h
冷身,líng-sin
血滓,hueh-tái/huih-tái
披水披,phi-tsuí-phi
批水批,phue-tsuí-phue
批水披,phue-tsuí-phi
面捗,bīn-pôo
林投竹刺,nâ-tâu-tik-tshì
硬牙,ngē-gê/ngī-gê
成群絞黨,sîng-kûn-ká-tóng
規嚾規括,kui-uang-kui-kuah
內務,lāi-bū
寫字桌,siá-jī-toh/siá-lī-toh
擋車,tòng-tshia
拋車,pha-tshia
生手,tshenn-tshiú/tshinn-tshiú
起猌,khí-gīn
起猌神,khí-gīn-sîn
勼勼凹凹,kiu-kiu-neh-neh
了捷,liáu-tsia̍t
斬截,tsám-tse̍h/tsám-tsue̍h
蔥脆,tshang-tshè
脆皮,tshè-phuê/tshè-phê
錢聲,tsînn-siann
凊頭凊面,tshìn-thâu-tshìn-bīn
三合院,sann-ha̍p-īnn
大厝護龍,tuā-tshù hōo-lîng
正身護龍,tsiànn-sin hōo-lîng
倒踏蓮花,tò-ta̍h liân-hue
坐斗,tsē-táu
排比,pâi-pí
送出山,sàng-tshut-suann
起跤踉,khí-kha-lōng
𬦰起跤,peh-khí-kha
起踉,khí-lōng
花囉囉,hue-lo-lo
洗骨,sé-kut/sué-kut
討衰潲,thó-sue-siâu
做頭前,tsò-thâu-tsîng/tsuè-thâu-tsîng
游泳箍仔,iû-íng-khoo-á
游泳箍,iû-íng-khoo
泅水箍,siû-tsuí-khoo
拍死人雨,phah-sí-lâng hōo
好風日,hó-hong-ji̍t/hó-hong-li̍t
激角,kik-kak
三角六尖,sann-kak-la̍k-tsiam
稽洗,khe-sé/khe-sué
使暗箭,sái-àm-tsìnn
使暗步,sái-àm-pōo
使暗毒,sái-àm-to̍k
光明正大,kong-bîng-tsìng-tāi
明氣,bîng-khì
涼爽,liâng-sóng
厚事屎,kāu-sū-sái
粗笨,tshoo-pūn
大才,tāi-tsâi
恬實,tiām-tsa̍t
斷節,tn̄g-tsat
折站,tsi̍h-tsām
紲接,suà-tsiap
緊窸倏,kín-sī-suā
慢吞吞,bān-thun-thun
坱蓬蓬,ing-phōng-phōng
溫瓶,un-pân
滿流,muá-lâu
南流,lâm-lâu
向流,hiànn-lâu
拍電話,phah tiān-uē
擼電話,lóo tiān-uē
稻稿草,tiū-kó-tsháu
金鉤蝦,kim-kau-hê
鬧熱𩑾𩑾,lāu-jia̍t-tshih-tshih/lāu-lia̍t-tshih-tshih
鬧熱𩑾插,lāu-jia̍t-tshih-tshah/lāu-lia̍t-tshih-tshah
蕭條,siau-tiâu
俗,sio̍h
旋鰡,suan-liu
嚨喉珠仔,nâ-âu-tsu-á
嚨喉鐘,nâ-âu-tsing
相挨相推,sio-e-sio-the
注血射,tsù-hueh-siā/tsù-huih-siā
有才,iú-tsâi
柱薯,thiāu-tsî/thiāu-tsû
換食,uānn-tsia̍h
換肚,uānn-tōo
反喙,huán-tshuì
無沓屑,bô-tap-sap
無兩無想,bô-niú-bô-siúnn
無兩想,bô-niú-siúnn
明其知影,bîng-ki-tsai-iánn
phih-pheh叫,phih-pheh-kiò
麵乾,mī-kuann
大麵乾,tuā-mī-kuann
雨棚仔,hōo-pênn-á/hōo-pînn-á
窗仔掩,thang-á-iám
雨篷,hōo-phâng
雨閘仔,hōo-tsa̍h-á
赴流水,hù-lâu-tsuí
孤門獨市,koo-mn̂g-to̍k-tshī
孤占,koo-tsiàm
透透,thàu-thàu
澈透,thiat-thò
牛腸馬肚,gû-tn̂g-bé-tōo
貓仔食,niau-á-tsia̍h
畫妝,uē-tsng
活骨,ua̍h-kut
無時停,bô-sî-thîng
無時得定,bô-sî-tik-tiānn
三親六認,sann-tshin-la̍k-jīn/sann-tshin-la̍k-līn
歹衝衝,pháinn-tshìng-tshìng
歹鬼鬼,pháinn-kuí-kuí
貫耳仔,kǹg-hīnn-á/kǹg-hī-á
恬卒卒,tiām-tsut-tsut
恬tsih-tsih,tiām-tsih-tsih
恬tshinn-tshinn,tiām-tshinn-tshinn
粗煏煏,tshoo-piak-piak
粗柏柏,tshoo-peh-peh
下半世人,ē-puànn-sì-lâng
頂半世人,tíng-puànn-sì-lâng
前半世人,tsîng-puànn-sì-lâng
落工夫,lo̍h-kang-hu
費心神,huì-sim-sîn
落苦心,lo̍h-khóo-sim
覓食,bā-tsia̍h
兩三輾手,nn̄g-sann-liàn-tshiú
兩三輾轉,nn̄g-sann-liàn-tńg
耳空霆,hīnn-khang-tân/hī-khang-tân
耳空lō,hīnn-khang-lō/hī-khang-lō
耳空彈,hīnn-khang-tuānn/hī-khang-tuānn
逞強,thíng-kiông
任性,jīm-sìng/līm-sìng
使性,sái-sìng
執癖,tsip-phiah
下身,ē-sin
蝶仔泅,ia̍h-á-siû
蝶式,tia̍p-sik
尾蝶仔泅,bué-ia̍h-á-siû/bé-ia̍h-á-siû
收堅,siu-kian
上潤,tshiūnn-lùn
欲哭欲啼,beh-khàu-beh-thî/bueh-khàu-bueh-thî
淺仔鼎,tshián-á-tiánn
番鼎仔,huan-tiánn-á
專貫,tsuan-kuàn
潛伏期,tsiâm-ho̍k-kî
隱作期,ún-tsoh-kî
擔領,tam-niá
坐擔,tsē-tànn
食擔,tsia̍h-tànn
崩岸,pang-huānn
燒氣,sio-khì
燒風,sio-hong
菜料,tshài-liāu
清齋,tshing-tsai
素齋,sòo-tsai
虎口,hóo-kháu
虎口門,hóo-kháu-mn̂g
虎口喙,hóo-kháu-tshuì
畫龍畫鳳,uē-liông-uē-hōng
膨大海,phòng-tāi-hái
紲氣,suà-khuì
執訣,tsip-kuat
掠死訣,lia̍h-sí-kuat
知轉頭,tsai-tńg-thâu
毋成款,m̄-tsiânn-khuán
囡仔物,gín-á-mi̍h/gín-á-mn̍gh
滑溜𣻸,ku̍t-liu-siûnn
發彩,huat-tshái
發水,huat-tsuí
衰敗,sue-pāi
落坐,lo̍h-tshē
歲數,huè-sòo/hè-sòo
銅鼎,tâng-tiánn
生鍋仔,senn-ue-á/sinn-e-á
銅鍋,tâng-ue/tâng-e
銅鍋仔,tâng-ue-á/tâng-e-á
甲若,kah-nā
若甲,nā-kah
挲圓捏扁,so-înn tēnn-pínn
扁喙,pínn-tshuì
有藝,ū-gē
做對頭,tsò-tuì-thâu/tsuè-tuì-thâu
烏lu-lu,oo-lu-lu
烏khâm-khâm,oo-khâm-khâm
比跤比手,pí-kha-pí-tshiú
比跤畫手,pí-kha-uē-tshiú
通電,thong-tiān
魚肉肉,hî-hi̍k-bah
向頭,ànn-thâu
散散,suànn-suànn
兢心,kin-sim
相推,sio-the
講bàng-gà,kóng-bàng-gà
總源頭,tsóng-guân-thâu
五摠頭,ngóo-tsáng-thâu
菜頭摠,tshài-thâu-tsáng
鹹菜絪,kiâm-tshài-in
山娘仔,suann-niû-á
長尾陣仔,tn̂g-bué-tīn-á/tn̂g-bé-tīn-á
長尾竹,tn̂g-bué-tik/tn̂g-bé-tik
風疼,hong-thiànn
老款,lāu-khuán
尾梢,bué-sau/bé-sau
尾景,bué-kíng/bé-kíng
幔巾,mua-kin/mua-kun
肩胛幔,king-kah-mua
責罵,tsik-mē/tsik-mā
日光,ji̍t-kng/li̍t-kng
日花,ji̍t-hue/li̍t-hue
金爁爁,kim-nà-nà
光閃閃,kng-siám-siám
朽爛,hiú-nuā
緊迸迸,kín-piàng-piàng
趕迸迸,kuánn-piàng-piàng
破鬖,phuà-sàm
使話拄,sái-uē-tú
拄喙,tú-tshuì
笨tshia-tshia,pūn-tshia-tshia
半上路站,puànn-tsiūnn-lōo-tsām
新厝,sin-tshù
豬油粕,ti-iû-phoh/tu-iû-phoh
豬母奶,ti-bó-ling/tu-bó-ni
𡳞核仔子,lān-hu̍t-á-tsí
小解,siáu-kái
田庄人,tshân-tsng-lâng
食著藥，青草一葉；食毋著藥，像捾水沃石。,"Tsia̍h tio̍h io̍h, tshenn-tsháu tsi̍t hio̍h; tsia̍h m̄-tio̍h io̍h, tshiūnn kuānn tsuí ak tsio̍h."
礦工,khòng-kang
炭礦夫,thuànn-khòng-hu
軁鑽，毋值拄搪。,"Nǹg-tsǹg, m̄-ta̍t tú-tn̄g."
尖鑽，毋值拄搪。,"Tsiam-tsǹg, m̄-ta̍t tú-tn̄g."
千算，毋值拄搪。,"Tshian sǹg, m̄-ta̍t tú-tn̄g."
一頭擔雞，雙頭啼。,"Tsi̍t thâu tann ke, siang-thâu thî."
欲哭無目屎，艱苦無人知。,"Beh khàu bô ba̍k-sái, kan-khóo bô lâng tsai."
退勤,thè-khîn/thuè-khûn
娘仔欉,niû-á-tsâng
觸意,tshik-ì
順趁,sūn-thàn
冒犯,mōo-huān
人品,jîn-phín/lîn-phín
九泉,kiú-tsuân
入場券,ji̍p-tiûnn-kuàn/li̍p-tiûnn-kuàn
入港,ji̍p-káng/li̍p-káng
工友,kang-iú
下毒,hē-to̍k
山泉水,suann-tsuânn-tsuí
小時,sió-sî
土產,thóo-sán
小產,siáu-sán
下等,hā-tíng
凡間,huān-kan
大飯店,tuā-pn̄g-tiàm
大嫂,tuā-só
上學,tsiūnn-o̍h
山藥,suann-io̍h
仇人,siû-jîn/siû-lîn
內行人,lāi-hâng-lâng
不孝子,put-hàu-tsú
亢旱,khòng-hān
不肖子,put-siàu-tsú
凶徒,hiong-tôo
公務員,kong-bū-uân
內痔,lāi-tī
凶惡,hiong-ok
中興,tiong-hing
中選,tiòng-suán
中藥店,tiong-io̍h-tiàm
五臟六腑,ngóo-tsōng-lio̍k-hú
心甘情願,sim-kam-tsîng-guān
文武場,bûn-bú-tiûnn
水桶,tsuí-tháng
手掌,tshiú-tsiúnn
止渴,tsí-khuah
水塔,tsuí-thah
水路,tsuí-lōo
引薦,ín-tsiàn
手續費,tshiú-sio̍k-huì
世人,sè-jîn/sè-lîn
加法,ka-huat
出芽,tshut-gê
可恨,khó-hūn
出神,tshut-sîn
包管,pau-kuán
市外,tshī-guā
本名,pún-miâ
正名,tsìng-bîng
在下,tsāi-hā
私生子,su-sing-tsú
肚量,tōo-liōng
長子,tióng-tsú
長房,tiúnn-pâng
後世,āu-sì
後進,āu-tsìn
後裔,hōo-è
活期,ua̍h-kî
珍重,tin-tiōng
胎衣,thai-ui
重陽,Tiông-iông
限額,hān-gia̍h
倒運,tó-ūn
匪徒,huí-tôo
恩人,un-jîn/un-lîn
浴池,i̍k-tî
破土,phuà-thóo
偏私,phian-su
假意,ké-ì
接縫,tsiap-phāng
推斷,thui-tuàn
善人,siān-jîn/siān-lîn
陽間,iông-kan
閒話,îng-uē
惹禍,jiá-hō/liá-hō
端莊,tuan-tsong
領巾,niá-kin/niá-kun
獨占,to̍k-tsiàm
獨奏,to̍k-tsàu
醒目,tshénn-ba̍k/tshínn-ba̍k
配種,phuè-tsíng/phè-tsíng
馬耳東風,má-ní-tong-hong
中獎,tiòng-tsióng
窮究,khîng-kiù
可以,khó-í
如果,jû-kó/lû-kó
因此,in-tshú
公司,kong-si
問題,būn-tê/būn-tuê
使用,sú-iōng
不過,put-kò
開始,khai-sí
已經,í-king
必須,pit-su
報導,pò-tō
指出,tsí-tshut
產品,sán-phín
如何,jû-hô/lû-hô
需要,su-iàu
認為,jīn-uî/līn-uî
大陸,tāi-lio̍k
包括,pau-kuat
非常,hui-siông
功能,kong-lîng
攝影,liap-iánn
業者,gia̍p-tsiá
成為,sîng-uî
任何,jīm-hô/līm-hô
成長,sîng-tióng
要求,iau-kiû
容易,iông-ī
國家,kok-ka
個人,kò-jîn/kò-lîn
股市,kóo-tshī
決定,kuat-tīng
地區,tē-khu/tuē-khu
推出,thui-tshut
能力,lîng-li̍k
了解,liáu-kái
產生,sán-sing
加上,ka-siōng
進入,tsìn-ji̍p/tsìn-li̍p
技術,ki-su̍t
情況,tsîng-hóng
資訊,tsu-sìn
廠商,tshiúnn-siong
原因,guân-in
最近,tsuè-kīn/tsuè-kūn
效果,hāu-kó
造成,tsō-sîng
音樂,im-ga̍k
不斷,put-tuān
傳統,thuân-thóng
顯示,hián-sī
資金,tsu-kim
相關,siong-kuan
網路,bāng-lōo
尤其,iû-kî
女性,lú-sìng/lí-sìng
過程,kuè-tîng/kè-tîng
中國,Tiong-kok
軟體,nńg-thé
警方,kíng-hong
透過,thàu-kuè/thàu-kè
強調,kiông-tiāu
人士,jîn-sū/lîn-sū
狀況,tsōng-hóng
專業,tsuan-gia̍p
程式,tîng-sik
並且,pīng-tshiánn
需求,su-kiû
演出,ián-tshut
兩岸,lióng-huānn
員工,uân-kang
因素,in-sòo
安全,an-tsuân
加入,ka-ji̍p/ka-li̍p
改善,kái-siān
合作,ha̍p-tsok
此外,tshú-guā
系列,hē-lia̍t
球員,kiû-uân
一切,it-tshè
減少,kiám-tsió
網站,bāng-tsām
創作,tshòng-tsok
吸引,khip-ín
長期,tn̂g-kî
控制,khòng-tsè
醫師,i-su
觀眾,kuan-tsiòng
呈現,thîng-hiān
購買,kòo-bé/kòo-bué
訓練,hùn-liān
積極,tsik-ki̍k
導演,tō-ián
家庭,ka-tîng
清楚,tshing-tshó
針對,tsiam-tuì
提升,thê-sing
所謂,sóo-uī
媒體,muî-thé
提高,thê-ko
筆者,pit-tsiá
不可,put-khó
有關,iú-kuan
負責,hū-tsik
風險,hong-hiám
製作,tsè-tsok
附近,hù-kīn/hù-kūn
金融,kim-iông
品牌,phín-pâi
面對,bīn-tuì
訊息,sìn-sit
多少,to-siáu
分析,hun-sik
規畫,kui-uē
利率,lī-lu̍t
舉辦,kí-pān/kú-pān
專家,tsuan-ka
球隊,kiû-tuī
共同,kiōng-tông
股價,kóo-kè
降低,kàng-kē
參與,tsham-ú
不再,put-tsài
或者,hi̍k-tsiá
不管,put-kuán
主題,tsú-tê/tsú-tuê
感受,kám-siū
表達,piáu-ta̍t
策略,tshik-lio̍k
終於,tsiong-î
預算,ī-suàn/ū-suàn
快速,khuài-sok
科技,kho-ki
達到,ta̍t-kàu
民國,Bîn-kok
再度,tsài-tōo
形成,hîng-sîng
角度,kak-tōo
指數,tsí-sòo
原來,guân-lâi
多數,to-sòo
房地產,pâng-tē-sán/pâng-tuē-sán
畫面,uē-bīn
正常,tsìng-siông
相對,siong-tuì
推動,thui-tōng
擔心,tam-sim
汽車,khì-tshia
人類,jîn-luī/lîn-luī
理想,lí-sióng
女人,lú-jîn/lú-lîn
工具,kang-kū
立委,li̍p-uí
風格,hong-keh
機構,ki-kòo
類似,luī-sū
正是,tsiànn-sī
正確,tsìng-khak
狀態,tsōng-thài
資源,tsu-guân
趨勢,tshu-sè
立法院,Li̍p-huat-īnn
模式,bôo-sik
整體,tsíng-thé
不足,put-tsiok
關鍵,kuan-kiān
保持,pó-tshî
帶來,tuà-lâi
公尺,kong-tshioh
亞洲,A-tsiu
重點,tiōng-tiám
投入,tâu-ji̍p/tâu-li̍p
從事,tsiông-sū
設定,siat-tīng
業績,gia̍p-tsik
不論,put-lūn
金額,kim-gia̍h
財務,tsâi-bū
等等,tíng-tíng
前往,tsiân-óng
題材,tê-tsâi/tuê-tsâi
全部,tsuân-pōo
面臨,biān-lîm
參考,tsham-khó
期貨,kî-huè/kî-hè
之間,tsi-kan
營運,îng-ūn
比例,pí-lē
完整,uân-tsíng
男性,lâm-sìng
結構,kiat-kòo
硬碟,ngē-tia̍p/ngī-tia̍p
網際網路,bāng-tsè-bāng-lōo
餐廳,tshan-thiann
擴大,khok-tāi
有效,ū-hāu
展現,tián-hiān
成員,sîng-uân
陸續,lio̍k-sio̍k
強烈,kiông-lia̍t
情感,tsîng-kám
藝術家,gē-su̍t-ka
變成,piàn-sîng
大眾,tāi-tsiòng
如今,jû-kim/lû-kim
形象,hîng-siōng
差異,tsha-ī
溝通,koo-thong
才能,tsâi-lîng
中央,tiong-iong
全球,tsuân-kiû
看法,khuànn-huat
團體,thuân-thé
對方,tuì-hong
不如,put-jû/put-lû
個性,kò-sìng
董事長,táng-sū-tiúnn
大約,tāi-iok
小組,sió-tsoo
來自,lâi-tsū
想像,sióng-siōng
遊客,iû-kheh
首先,siú-sian
引進,ín-tsìn
以往,í-óng
時期,sî-kî
財富,tsâi-hù
國外,kok-guā
辦公室,pān-kong-sik
優勢,iu-sè
人口,jîn-kháu/lîn-kháu
外資,guā-tsu
促銷,tshiok-siau
旅遊,lí-iû/lú-iû
教練,kàu-liān
學者,ha̍k-tsiá
估計,kóo-kè
院長,īnn-tiúnn
意識,ì-sik
藥物,io̍h-bu̍t
投手,tâu-tshiú
接近,tsiap-kīn/tsiap-kūn
採取,tshái-tshú
興建,hing-kiàn
以免,í-bián
扮演,pān-ián
良好,liông-hó
居民,ki-bîn/ku-bîn
空氣,khong-khì
突破,tu̍t-phuà
售價,siū-kè
紀錄,kì-lo̍k
造型,tsō-hîng
報名,pò-miâ
營收,îng-siu
安裝,an-tsong
快樂,khuài-lo̍k
不只,put-tsí
休閒,hiu-hân
行業,hâng-gia̍p
創意,tshòng-ì
運作,ūn-tsok
樂團,ga̍k-thuân
屬於,sio̍k-î
外界,guā-kài
任務,jīm-bū/līm-bū
年代,nî-tāi
業界,gia̍p-kài
黨團,tóng-thuân
技巧,ki-khá
型態,hîng-thài
紛紛,hun-hun
球迷,kiû-bê
想法,siūnn-huat
人體,jîn-thé/lîn-thé
食用,si̍t-iōng
設置,siat-tì
連線,liân-suànn
評估,phîng-kóo
預測,ī-tshik/ū-tshik
領導,líng-tō
調降,tiâu-kàng
大師,tāi-su
大概,tāi-khài
心態,sim-thài
手法,tshiú-huat
全面,tsuân-bīn
深入,tshim-ji̍p/tshim-li̍p
理由,lí-iû
焦點,tsiau-tiám
螢幕,îng-bōo
年齡,nî-lîng
具備,kū-pī
保障,pó-tsiong
架構,kà-kòo
透露,thàu-lōo
魅力,bī-li̍k
之外,tsi-guā
只有,tsí-ū
依據,i-kì/i-kù
參觀,tsham-kuan
這種,tsit tsióng
會員,huē-uân
競選,kīng-suán
西元,se-guân
爭議,tsing-gī
研發,gián-huat
浪漫,lōng-bān
海軍,hái-kun
配備,phuè-pī/phè-pī
唱片,tshiùnn-phìnn
推薦,thui-tsiàn
腸病毒,tn̂g-pēnn-to̍k/tn̂g-pīnn-to̍k
寫真集,siá-tsin-tsi̍p
體重,thé-tāng
升級,sing-kip
引發,ín-huat
以為,í-uî
出生,tshut-senn/tshut-sinn
社區,siā-khu
特質,ti̍k-tsit
達成,ta̍t-sîng
包含,pau-hâm
車款,tshia-khuán
供應,kiong-ìng
爭取,tsing-tshú
族群,tso̍k-kûn
通訊,thong-sìn
慢慢,bān-bān
潛力,tsiâm-li̍k
一向,it-hiòng
召開,tiàu-khui
成熟,sîng-si̍k
行銷,hîng-siau
預定,ī-tīng/ū-tīng
譬如,phì-jû/phì-lû
互動,hōo-tōng
心靈,sim-lîng
失去,sit-khì
性能,sìng-lîng
促進,tshiok-tsìn
指標,tsí-piau
英文,Ing-bûn
素描,sòo-biô
措施,tshòo-si
異常,ī-siông
過敏,kuè-bín/kè-bín
預防,ī-hông/ū-hông
領域,líng-hi̍k
主機板,tsú-ki-pán
外銷,guā-siau
交友,kau-iú
利潤,lī-jūn/lī-lūn
信託,sìn-thok
科系,kho-hē
海外,hái-guā
整合,tsíng-ha̍p
歹徒,pháinn-tôo
早期,tsá-kî
行程,hîng-tîng
究竟,kiù-kìng
金錢,kim-tsînn
密切,bi̍t-tshiat
描述,biâu-su̍t
概念,kài-liām
話題,uē-tê/uē-tuê
衝擊,tshiong-kik
加速,ka-sok
好好,hó-hó
彷彿,hóng-hut
東南亞,Tang-lâm-a
記錄,kì-lo̍k
象徵,siōng-ting
進一步,tsìn-tsi̍t-pōo
熱門,jia̍t-mn̂g/lia̍t-mn̂g
機率,ki-lu̍t
親自,tshin-tsū
錄音帶,lo̍k-im-tuà
環保,khuân-pó
吸收,khip-siu
身上,sin--siōng
取代,tshú-tāi
初期,tshoo-kî
音響,im-hióng
偵辦,tsing-pān
帶動,tài-tōng
畢業,pit-gia̍p
組成,tsoo-sîng
飲食,ím-si̍t
當代,tong-tāi
裝置,tsong-tì
管道,kuán-tō
分享,hun-hióng
反映,huán-ìng
成果,sîng-kó
身份,sin-hūn
空軍,khong-kun
指定,tsí-tīng
展出,tián-tshut
規格,kui-keh
畫家,uē-ka
奧運,Ò-ūn
網友,bāng-iú
領先,líng-sian
層次,tsân-tshù
播出,pòo-tshut
大型,tuā-hîng
臺商,Tâi-siong
迅速,sìn-sok
版本,pán-pún
美好,bí-hó
核心,hi̍k-sim
特效,ti̍k-hāu
連結,liân-kiat
質疑,tsit-gî
上升,siōng-sing
上師,siōng-su
介入,kài-ji̍p/kài-li̍p
元件,guân-kiānn
付出,hù-tshut
行政,hîng-tsìng
來源,lâi-guân
時刻,sî-khik
探討,thàm-thó
互相,hōo-siong
反彈,huán-tuânn
方案,hong-àn
生態,sing-thài
全力,tsuân-li̍k
完美,uân-bí
抗生素,khòng-sing-sòo
定位,tīng-uī
為何,uī-hô
家屬,ka-sio̍k
病患,pēnn-huān/pīnn-huān
景觀,kíng-kuan
森林,sim-lîm
結婚,kiat-hun
障礙,tsiòng-gāi
議題,gī-tê/gī-tuê
不良,put-liông
比率,pí-lu̍t
出任,tshut-jīm/tshut-līm
平衡,pîng-hîng
因應,in-ìng
防止,hông-tsí
忽略,hut-lio̍k
國民,kok-bîn
實質,si̍t-tsit
認知,jīn-ti/līn-ti
績效,tsik-hāu
類型,luī-hîng
化妝,huà-tsong
水彩,tsuí-tshái
出去,tshut-khì
出發,tshut-huat
車輛,tshia-lióng
依照,i-tsiàu
取得,tshú-tit
要道,iàu-tō
家族,ka-tso̍k
特性,ti̍k-sìng
排名,pâi-miâ
現今,hiān-kim
幅度,hok-tōo
晶片,tsing-phìnn
幹部,kàn-pōo
落實,lo̍k-si̍t
澈底,thiat-té/thiat-tué
歌劇,kua-kio̍k
數據,sòo-kì/sòo-kù
確保,khak-pó
器材,khì-tsâi
機種,ki-tsióng
競爭力,kīng-tsing-li̍k
人選,jîn-suán/lîn-suán
下降,hā-kàng
主委,tsú-uí
金屬,kim-sio̍k
盈餘,îng-û
看出,khuànn-tshut
原先,guân-sian
高層,ko-tsân
國王,kok-ông
理念,lí-liām
畢竟,pit-kìng
細胞,sè-pau/suè-pau
就業,tsiū-gia̍p
超越,tshiau-ua̍t
證實,tsìng-si̍t
關於,kuan-î
人力,jîn-li̍k/lîn-li̍k
上下,siōng-hā
上班,siōng-pan
大樓,tuā-lâu
中文,Tiong-bûn
平交道,pîng-kau-tō
企圖,khì-tôo
明確,bîng-khak
重複,tiông-ho̍k
球團,kiû-thuân
部門,pōo-mn̂g
硬體,ngē-thé/ngī-thé
當中,tang-tiong
標示,piau-sī
熱烈,jia̍t-lia̍t/lia̍t-lia̍t
縣府,kuān-hú
錄取,lo̍k-tshú
寵物,thióng-bu̍t
不利,put-lī
不幸,put-hīng
他人,thann-jîn/thann-lîn
共識,kiōng-sik
決議,kuat-gī
性別,sìng-pia̍t
服飾,ho̍k-sik
物質,bu̍t-tsit
客語,Kheh-gí/Kheh-gú
持有,tshî-iú
軍方,kun-hong
展示,tián-sī
案例,àn-lē
記憶體,kì-ik-thé
密碼,bi̍t-bé
專案,tsuan-àn
教科文,kàu-kho-bûn
現任,hiān-jīm/hiān-līm
眾多,tsiòng-to
提昇,thê-sing
經建會,king-kiàn-huē
層面,tsân-bīn
主導,tsú-tō
平時,pîng-sî
回應,huê-ìng/hê-ìng
好處,hó-tshù
血液,hueh-i̍k/huih-i̍k
抗爭,khòng-tsing
事物,sū-bu̍t
協商,hia̍p-siong
定義,tīng-gī
訂單,tīng-tuann
衰退,sue-thè
排除,pâi-tû
惡化,ok-huà
路線,lōo-suànn
對話,tuì-uē
演唱,ián-tshiùnn
醫療,i-liâu
體系,thé-hē
中部,tiong-pōo
外匯,guā-huē
困擾,khùn-jiáu/khùn-liáu
材質,tsâi-tsit
服用,ho̍k-iōng
炒作,tshá-tsok
皇后,hông-hiō
美食,bí-si̍t
背後,puē-āu
英語,Ing-gí/Ing-gú
原住民,guân-tsū-bîn
高音,ko-im
國會,kok-huē
專用,tsuan-iōng
強化,kiông-huà
期望,kî-bōng
減肥,kiám-puî
傳說,thuân-suat
跳票,thiàu-phiò
構想,kòo-sióng
廣泛,kóng-huàn
模組,bôo-tsoo
閱讀,ua̍t-tho̍k
轉換,tsuán-uānn
競賽,kīng-sài
大會,tāi-huē
女子,lú-tsú/lí-tsú
公佈,kong-pòo
水質,tsuí-tsit
外表,guā-piáu
回饋,huê-kuī/hê-kuī
如同,jû-tông/lû-tông
決策,kuat-tshik
車主,tshia-tsú
物品,bu̍t-phín
保養,pó-ióng
指令,tsí-līng
首長,siú-tiúnn
效益,hāu-ik
效應,hāu-ìng
特定,ti̍k-tīng
追蹤,tui-tsong
眷村,kuàn-tshun
細節,sè-tsiat/suè-tsiat
報酬,pò-siû
視覺,sī-kak
飲料,ím-liāu
維護,uî-hōo
樂器,ga̍k-khì
頻頻,pîn-pîn
講義,káng-gī
贈與,tsīng-ú
邊緣,pian-iân
大盤,tuā-puânn
主流,tsú-liû
冷戰,líng-tsiàn
紀念,kì-liām
娛樂,gôo-lo̍k
差別,tsha-pia̍t
差距,tsha-kī/tsha-kū
動力,tōng-li̍k
從此,tsiông-tshú
產能,sán-lîng
場地,tiûnn-tē/tiûnn-tuē
訴求,sòo-kiû
節奏,tsiat-tsàu
經銷,king-siau
農會,lông-huē
輕易,khin-ī
儀式,gî-sik
確認,khak-jīn/khak-līn
歡樂,huan-lo̍k
公頃,kong-khíng
以上,í-siōng
在野黨,tsāi-iá-tóng
成份,sîng-hūn
成交,sîng-kau
車型,tshia-hîng
券商,kuàn-siong
受傷,siū-siong
法人,huat-jîn/huat-lîn
前衛,tsiân-uē
約診,iok-tsín
美金,Bí-kim
家具,ka-kū
氣候,khì-hāu
貨幣,huè-pè/hè-pè
單曲,tuann-khik
傳達,thuân-ta̍t
管制,kuán-tsè
精英,tsing-ing
網球,bāng-kiû
播放,pòo-hòng
賣場,bē-tiûnn/buē-tiûnn
選購,suán-kòo
癌症,gâm-tsìng
鎖定,só-tīng
觀點,kuan-tiám
一再,it-tsài
分紅,pun-âng
比重,pí-tāng
牛肉,gû-bah
主機,tsú-ki
出貨,tshut-huè/tshut-hè
必需,pit-su
名稱,miâ-tshing
行庫,hâng-khòo
助益,tsōo-ik
其次,kî-tshù
典型,tián-hîng
延伸,iân-sin
飛行,hui-hîng
個別,kò-pia̍t
校園,hāu-hn̂g
素材,sòo-tsâi
婚姻,hun-in
專輯,tsuan-tsi̍p
規範,kui-huān
部隊,pōo-tuī
朝野,tiâu-iá
進度,tsìn-tōo
開店,khui-tiàm
溫和,un-hô
溫度,un-tōo
滑鼠,ku̍t-tshí/ku̍t-tshú
營造,îng-tsō
聯盟,liân-bîng
變動,piàn-tōng
不得,put-tik
文宣,bûn-suan
主力,tsú-li̍k
代價,tāi-kè
出血,tshut-hueh/tshut-huih
地面,tē-bīn/tuē-bīn
安定,an-tīng
行使,hîng-sú
否認,hónn-jīn/hónn-līn
告知,kò-ti
私人,su-jîn/su-lîn
延長,iân-tn̂g
承諾,sîng-lo̍k
近日,kīn-ji̍t/kūn-li̍t
近期,kīn-kî/kūn-kî
附設,hù-siat
南部,lâm-pōo
持股,tshî-kóo
施工,si-kang
突出,tu̍t-tshut
郊遊,kau-iû
重心,tiōng-sim
風景,hong-kíng
修憲,siu-hiàn
原始,guân-sí
時數,sî-sòo
氣質,khì-tsit
能量,lîng-liōng
航線,hâng-suànn
動畫,tōng-uē
排氣,pâi-khì
敘述,sū-su̍t
產量,sán-liōng
通路,thong-lōo
連接,liân-tsiap
麻煩,mâ-huân
單一,tan-it
復甦,ho̍k-soo
等級,tíng-kip
園區,hn̂g-khu
違規,uî-kui
預料,ī-liāu/ū-liāu
劃撥,ue̍h-puah
團員,thuân-uân
舞蹈,bú-tō
縣市,kuān-tshī
選戰,suán-tsiàn
優良,iu-liông
屬性,sio̍k-sìng
顯著,hián-tù
大自然,tāi-tsū-jiân/tāi-tsū-liân
刊登,khan-ting
外型,guā-hîng
生物,sing-bu̍t
生涯,sing-gâi
用來,iōng-lâi
安打,an-tánn
住宅,tsū-the̍h
改進,kái-tsìn
威力,ui-li̍k
庫存,khòo-tsûn
國產,kok-sán
強大,kiông-tāi
理性,lí-sìng
評審,phîng-sím
進駐,tsìn-tsù
農藥,lông-io̍h
預賽,ī-sài/ū-sài
團隊,thuân-tuī
認養,jīn-ióng/līn-ióng
履歷表,lí-li̍k-pió
談話,tâm-uē
學員,ha̍k-uân
據點,kì-tiám/kù-tiám
整個,tsíng-kò
總部,tsóng-pōo
櫃台,kuī-tâi
權益,khuân-ik
一片,it-phiàn
人間,jîn-kan/lîn-kan
口味,kháu-bī
比如,pí-jû/pí-lû
出國,tshut-kok
半導體,puànn-tō-thé
古老,kóo-ló
巨蛋,kī-tàn/kū-tàn
市面,tshī-bīn
回升,huê-sing/hê-sing
存取,tsûn-tshú
折扣,tsiat-khàu
身邊,sin-pinn
車廠,tshia-tshiúnn
法案,huat-àn
青光眼,tshenn-kong-gán/tshinn-kong-gán
建造,kiàn-tsō
指責,tsí-tsik
負面,hū-bīn
飛安,hui-an
員警,uân-kíng
核武,hi̍k-bú
氣勢,khì-sè
神壇,sîn-tuânn
祕密,pì-bi̍t
納入,la̍p-ji̍p/la̍p-li̍p
強力,kiông-li̍k
票房,phiò-pâng
描繪,biâu-huē
港口,káng-kháu
登錄,ting-lo̍k
塑造,sok-tsō
當局,tong-kio̍k
試辦,tshì-pān
資深,tsu-tshim
圖像,tôo-siōng
遠離,uán-lī
增添,tsing-thiam
數位,sòo-uī
暴力,pō-li̍k
樂章,ga̍k-tsiong
熱情,jia̍t-tsîng/lia̍t-tsîng
熱量,jia̍t-liōng/lia̍t-liōng
優惠,iu-huī
擺脫,pái-thuat
爆發,po̍k-huat
魔法,môo-huat
一貫,it-kuàn
人數,jîn-sòo/lîn-sòo
上場,tsiūnn-tiûnn
大批,tuā-phue/tuā-phe
不孕,put-īn
不安,put-an
不宜,put-gî
介面,kài-bīn
支付,tsi-hù
王子,ông-tsú
主演,tsú-ián
以來,í-lâi
半年,puànn-nî
石頭,tsio̍h-thâu
回憶,huê-ik/hê-ik
多媒體,to-muî-thé
年級,nî-kip
兩性,lióng-sìng
周邊,tsiu-pinn
往來,óng-lâi
忽視,hut-sī
性愛,sìng-ài
拓展,thok-tián
拆除,thiah-tû
放大,hòng-tuā
注重,tsù-tiōng
肢體,ki-thé
股權,kóo-khuân
近年,kīn-nî/kūn-nî
革命,kik-bīng
風味,hong-bī
風潮,hong-tiâu
展望,tián-bōng
時段,sî-tuānn
配樂,phuè-ga̍k/phè-ga̍k
商機,siong-ki
國軍,kok-kun
從來,tsiông-lâi
敏感,bín-kám
眼壓,gán-ap
被害人,pī-hāi-jîn/pī-hāi-lîn
部屬,pōo-sio̍k
陰影,im-iánn
創新,tshòng-sin
提早,thê-tsá
華人,Huâ-jîn/Huâ-lîn
華文,Huâ-bûn
傳輸,thuân-su
過濾,kuè-lī/kè-lī
圖形,tôo-hîng
精彩,tsing-tshái
認證,jīn-tsìng/līn-tsìng
模擬,bôo-gí
賣出,bē-tshut/buē-tshut
適用,sik-iōng
戰機,tsiàn-ki
機師,ki-su
觀賞,kuan-sióng
一時,tsi̍t-sî
下面,ē-bīn
下載,hā-tsài
不解,put-kái
公克,kong-khik
公噸,kong-tùn
收益,siu-ik
自從,tsū-tsiông
位元,uī-guân
局部,kio̍k-pōo
更加,kìng-ka
更新,king-sin
東方,tang-hong
法院,huat-īnn
宣導,suan-tō
珍貴,tin-kuì
風貌,hong-māu
涉嫌,sia̍p-hiâm
特徵,ti̍k-ting
高峰,ko-hong
動態,tōng-thài
情歌,tsîng-kua
登陸,ting-lio̍k
發佈,huat-pòo
集體,tsi̍p-thé
傳送,thuân-sàng
經由,king-iû
裝備,tsong-pī
電機,tiān-ki
零件,lîng-kiānn
構成,kòo-sîng
說服,suè-ho̍k
廣播,kóng-pòo
誕生,tàn-sing
選民,suán-bîn
幫派,pang-phài
檢方,kiám-hong
轉移,tsuán-î
額度,gia̍h-tōo
聽說,thiann-sueh/thiann-seh
變數,piàn-sòo
體制,thé-tsè
分手,hun-tshiú
分泌,hun-pì
代號,tāi-hō
功力,kong-li̍k
民調,bîn-tiāu
甲板,kah-pán
地球,tē-kiû/tuē-kiû
有意,iú-ì
有線,iú-suànn
困境,khùn-kíng
快門,khuài-mn̂g
攻勢,kong-sè
和諧,hô-hâi
固然,kòo-jiân/kòo-liân
底部,té-pōo/tué-pōo
延續,iân-sio̍k
法則,huat-tsik
便利,piān-lī
保齡球,pó-lîng-kiû
星座,sing-tsō
相容,sio-iông
看來,khuànn--lâi
面試,biān-tshì
音效,im-hāu
風情,hong-tsîng
核准,hi̍k-tsún
淘汰,tô-thài
淨化,tsīng-huà
被告,pī-kò
連任,liân-jīm/liân-līm
減輕,kiám-khin
無力,bô-la̍t
評分,phîng-hun
進出,tsìn-tshut
傳遞,thuân-tē
歲月,suè-gua̍t
實用,si̍t-iōng
監視,kàm-sī
算是,sǹg-sī
緊急,kín-kip
廣大,kóng-tāi
獎項,tsióng-hāng
論壇,lūn-tuânn
適應,sik-ìng
戰力,tsiàn-li̍k
優異,iu-ī
薪資,sin-tsu
人身,jîn-sin/lîn-sin
人潮,jîn-tiâu/lîn-tiâu
大選,tāi-suán
女士,lú-sū/lí-sū
子女,tsú-lú/tsú-lí
今後,kim-āu
公賣局,Kong-bē-kio̍k/Kong-buē-kio̍k
方針,hong-tsiam
水墨,tsuí-ba̍k
外在,guā-tsāi
市區,tshī-khu
平面,pênn-bīn/pînn-bīn
本質,pún-tsit
民選,bîn-suán
合成,ha̍p-sîng
作風,tsok-hong
形態,hîng-thài
役男,i̍k-lâm
改編,kái-pian
車商,tshia-siong
車體,tshia-thé
事項,sū-hāng
念頭,liām-thâu
放牧,pàng-bo̍k
制憲,tsè-hiàn
芭蕾,pa-lê
研判,gián-phuànn
夏日,hā-ji̍t/hā-li̍t
桌球,toh-kiû
留意,liû-ì
財經,tsâi-king
配置,phuè-tì/phè-tì
除了,tû-liáu
停留,thîng-liû
區分,khu-hun
國小,kok-sió
基層,ki-tsân
強勢,kiông-sè
授權,siū-khuân
移送,î-sàng
景象,kíng-siōng
殘障,tsân-tsiòng
發言,huat-giân
發票,huat-phiò
象牙,tshiūnn-gê
開拓,khai-thok
匯市,huē-tshī
嫌犯,hiâm-huān
照明,tsiò-bîng
碎片,tshuì-phìnn
經貿,king-bōo
農委會,lông-uí-huē
漢聲,hàn-sing
劇情,kio̍k-tsîng
模型,bôo-hîng
線條,suànn-tiâu
機車,ki-tshia
親屬,tshin-sio̍k
優雅,iu-ngá
縮小,sok-sió
臨床,lîm-tshn̂g
雙人,siang-lâng
關懷,kuan-huâi
體質,thé-tsit
觀測,kuan-tshik
一日,tsi̍t-ji̍t/tsi̍t-li̍t
人性,jîn-sìng/lîn-sìng
入股,ji̍p-kóo/li̍p-kóo
不便,put-piān
切換,tshiat-uānn
心得,sim-tik
水平,tsuí-pîng
代工,tāi-kang
出面,tshut-bīn
出院,tshut-īnn
用地,iōng-tē/iōng-tuē
立院,li̍p-īnn
任意,jīm-ì/līm-ì
冰山,ping-suann
有機,iú-ki
老太太,lāu-thài-thài
行列,hâng-lia̍t
行星,hîng-tshenn/hîng-tshinn
占用,tsiàm-iōng
佈滿,pòo-muá
改造,kái-tsō
男士,lâm-sū
供給,kiong-kip
弦樂,hiân-ga̍k
波動,pho-tōng
法規,huat-kui
社團,siā-thuân
股利,kóo-lī
長久,tn̂g-kú
促使,tshiok-sú
宣稱,suan-tshing
拜會,pài-huē
流失,liû-sit
流星,liû-tshenn/liû-tshinn
流通,liû-thong
活力,ua̍h-li̍k
看待,khuànn-thāi
秋冬,tshiu-tang
美化,bí-huà
美妙,bí-miāu
家電,ka-tiān
師生,su-sing
時差,sî-tsha
書評,su-phîng
浴場,i̍k-tiûnn
秩序,tia̍t-sū
脆弱,tshuì-jio̍k
記載,kì-tsài
酒精,tsiú-tsing
高雅,ko-ngá
動人,tōng-jîn/tōng-lîn
婦產科,hū-sán-kho
專機,tsuan-ki
教室,kàu-sik
教導,kàu-tō
敗血症,pāi-hueh-tsìng/pāi-huih-tsìng
涵蓋,hâm-kài
現況,hiān-hóng
異物,ī-bu̍t
統治,thóng-tī
船長,tsûn-tiúnn
貨櫃,huè-kuī/hè-kuī
釣魚,tiò-hî/tiò-hû
就職,tsiū-tsit
棉花,mî-hue
稅賦,suè-hù/sè-hù
視野,sī-iá
路面,lōo-bīn
漁船,hî-tsûn/hû-tsûn
漁網,hî-bāng/hû-bāng
維修,uî-siu
增進,tsing-tsìn
憤怒,hùn-nōo
激勵,kik-lē
聯想,liân-sióng
擴張,khok-tiong
藝文,gē-bûn
贈品,tsīng-phín
難忘,lân-bōng
類別,luī-pia̍t
顯現,hián-hiān
人際,jîn-tsè/lîn-tsè
下班,hā-pan
干擾,kan-jiáu/kan-liáu
不該,put-kai
不變,put-piàn
分局,hun-kio̍k
分離,hun-lī
戶外,hōo-guā
主因,tsú-in
刊物,khan-bu̍t
用戶,iōng-hōo
石板,tsio̍h-pán
示威,sī-ui
光線,kng-suànn
先發,sian-huat
回收,huê-siu/hê-siu
回顧,huê-kòo/hê-kòo
地檢署,Tē-kiám-sú/Tuē-kiám-sú
好笑,hó-tshiò
曲線,khiok-suànn
西部,se-pōo
忍受,jím-siū/lím-siū
改組,kái-tsoo
車身,tshia-sin
典雅,tián-ngá
知名度,ti-miâ-tōo
勇士,ióng-sū
宣示,suan-sī
宣告,suan-kò
美感,bí-kám
哲學,tiat-ha̍k
捐款,kuan-khuán
特區,ti̍k-khu
留學,liû-ha̍k
真愛,tsin-ài
神祕,sîn-pì
純粹,sûn-tshuì
院士,īnn-sū
假日,ká-ji̍t/ká-li̍t
假設,ká-siat
國產車,kok-sán-tshia
堅強,kian-kiông
基因,ki-in
探索,thàm-soh
探測,thàm-tshik
採訪,tshái-hóng
啟明,khé-bîng
深深,tshim-tshim
球季,kiû-kuì
都會,too-huē
陳列,tîn-lia̍t
圍標,uî-pio
惡意,ok-ì
游泳,iû-íng
無形,bû-hîng
無線,bô-suànn
發育,huat-io̍k
童年,tông-liân
華裔,Huâ-è
郵購,iû-kòo
間諜,kàn-tia̍p
傾向,khing-hiòng
業餘,gia̍p-û
概況,kài-hóng
路段,lōo-tuānn
運行,ūn-hîng
電器,tiān-khì
零售,lîng-siū
鼓舞,kóo-bú
對比,tuì-pí
質感,tsit-kám
壁畫,piah-uē
機能,ki-lîng
融合,iông-ha̍p
頭獎,thâu-tsióng
檢索,kiám-sik
繁榮,huân-îng
擴充,khok-tshiong
釋放,sik-hòng
靈活,lîng-ua̍h
下旬,hā-sûn
士氣,sū-khì
天線,thian-suànn
引用,ín-iōng
心中,sim-tiong
加盟,ka-bîng
古代,kóo-tāi
外商,guā-siong
外勞,guā-lô
平日,pîng-ji̍t/pîng-li̍t
用品,iōng-phín
示範,sī-huān
交叉,kau-tshe
地產,tē-sán/tuē-sán
守備,siú-pī
寺院,sī-īnn
收容,siu-iông
收錄,siu-lo̍k
有利,iú-lī
自身,tsū-sin
局長,kio̍k-tiúnn
扭曲,niú-khiok
改建,kái-kiàn
車禍,tshia-hō
版畫,pán-uē
金牌,kim-pâi
屍體,si-thé
後果,hiō-kó
後者,hiō-tsiá
流程,liû-tîng
衍生,ián-sing
訂做,tīng-tsò/tīng-tsuè
重量,tāng-liōng
病房,pēnn-pâng/pīnn-pâng
神父,sîn-hū
虔誠,khiân-sîng
高溫,ko-un
問卷,būn-kuàn
專櫃,tsuan-kuī
得票率,tik-phiò-lu̍t
情結,tsîng-kat
清查,tshing-tsa
清理,tshing-lí
現成,hiān-sîng
造勢,tsō-sè
頂尖,tíng-tsiam
創下,tshòng-hā
勞基法,lô-ki-huat
敦煌,Tun-hông
普及,phóo-ki̍p
棉被,mî-phuē
無數,bû-sòo
結盟,kiat-bîng
隊友,tuī-iú
傳播,thuân-pòo
匯率,huē-lu̍t
會長,huē-tiúnn
會期,huē-kî
精華,tsing-huâ
製品,tsè-phín
輕快,khin-khuài
影視,iánn-sī
課題,khò-tê/khò-tuê
調度,tiàu-tōo
震盪,tsìn-tōng
學院,ha̍k-īnn
戰績,tsiàn-tsik
融資,iông-tsu
諮商,tsu-siong
諮詢,tsu-sûn
頻率,pîn-lu̍t
頻繁,pîn-huân
療程,liâu-tîng
總理,tsóng-lí
舉例,kí-lē/kú-lē
購併,kòo-pìng
簡稱,kán-tshing
攀岩,phan-giâm
藝人,gē-jîn/gē-lîn
藥師,io̍h-su
關切,kuan-tshiat
聽眾,thiann-tsiòng
入主,ji̍p-tsú/li̍p-tsú
刀具,to-kū
公告,kong-kò
幻想,huàn-sióng
手中,tshiú-tiong
手冊,tshiú-tsheh
日劇,Ji̍t-kio̍k/Li̍t-kio̍k
出爐,tshut-lôo
平台,pênn-tâi/pînn-tâi
打壓,tánn-ap
生動,sing-tōng
石化,tsio̍h-huà
光碟,kong-tia̍p
列印,lia̍t-ìn
同仁,tông-jîn/tông-lîn
名詞,miâ-sû
地板,tē-pán/tuē-pán
字樣,jī-iūnn/lī-iūnn
宇宙,ú-tiū
成效,sîng-hāu
有心,ū-sim
自治,tsū-tī
含量,hâm-liōng
完善,uân-siān
技能,ki-lîng
投注,tâu-tsù
身心,sin-sim
來電,lâi-tiān
底價,té-kè/tué-kè
承辦,sîng-pān
服役,ho̍k-i̍k
物種,bu̍t-tsióng
花粉,hue-hún
保育,pó-io̍k
派系,phài-hē
疫情,i̍k-tsîng
美軍,Bí-kun
降價,kàng-kè
音色,im-sik
校方,hāu-hong
海龜,hái-ku
特價,ti̍k-kè
神奇,sîn-kî
祝壽,tsiok-siū
追查,tui-tsa
陣容,tīn-iông
殺人,sat-jîn/sat-lîn
清新,tshing-sin
貪汙,tham-u
透明,thàu-bîng
博覽會,phok-lám-huē
報價,pò-kè
幾何,kí-hô
智力,tì-li̍k
焚化爐,hûn-huà-lôo
無尾熊,bô-bué-hîm/bô-bé-hîm
發光,huat-kng
稅制,suè-tsè/sè-tsè
進攻,tsìn-kong
暗房,àm-pâng
當前,tong-tsiân
農林,lông-lîm
圖案,tôo-àn
監控,kàm-khòng
精品,tsing-phín
豪華,hô-huâ
寫作,siá-tsok
廠房,tshiúnn-pâng
撰寫,tsuān-siá
樂曲,ga̍k-khik
範例,huān-lē
衛浴,uē-i̍k
遭受,tso-siū
劑量,tsè-liōng
憑證,pîn-tsìng
整治,tsíng-tī
選出,suán-tshut
頻道,pîn-tō
頻寬,pîn-khuan
聯招,liân-tsiau
擴展,khok-tián
繳稅,kiáu-suè/kiáu-sè
關注,kuan-tsù
一連串,it-liân-tshuàn
大地,tāi-tē/tāi-tuē
大多數,tuā-to-sòo
大門,tuā-mn̂g
不等,put-tíng
不實,put-si̍t
之中,tsi-tiong
仇恨,siû-hūn/siû-hīn
公車,kong-tshia
心性,sim-sìng
木星,Bo̍k-tshenn/Bo̍k-tshinn
水面,tsuí-bīn
出廠,tshut-tshiúnn
功夫,kang-hu
古典,kóo-tián
幼兒,iù-jî/iù-lî
必定,pit-tīng
民航,bîn-hâng
白人,pe̍h-lâng
名牌,miâ-pâi
回歸,huê-kui/hê-kui
收聽,siu-thiann
肉體,bah-thé
批判,phue-phuànn
村民,tshun-bîn
汽油,khì-iû
車牌,tshia-pâi
併發症,pìng-huat-tsìng
東區,tang-khu
東部,tang-pōo
武士,bú-sū
油畫,iû-uē
空戰,khong-tsiàn
空難,khong-lān
金星,Kim-tshenn/Kim-tshinn
前景,tsiân-kíng
南方,lâm-hong
客觀,kheh-kuan
後座,āu-tsō
政局,tsìng-kio̍k
毒品,to̍k-phín
皇上,hông-siōng
面膜,bīn-mo̍oh
時空,sî-khong
時報,sî-pò
海邊,hái-pinn
神通,sîn-thong
神聖,sîn-sìng
起初,khí-tshoo
退稅,thè-suè/thè-sè
閃電,siám-tiān
停車,thîng-tshia
偵測,tsing-tshik
剪輯,tsián-tsi̍p
區運,khu-ūn
國界,kok-kài
密度,bi̍t-tōo
密集,bi̍t-tsi̍p
專人,tsuan-jîn/tsuan-lîn
專注,tsuan-tsù
情節,tsîng-tsiat
排水,pâi-tsuí
排出,pâi-tshut
教堂,kàu-tn̂g
清真寺,tshing-tsin-sī
淨利,tsīng-lī
產銷,sán-siau
移交,î-kau
粒子,lia̍p-tsú
連動,liân-tōng
連署,liân-sú
連鎖,liân-só
殘骸,tsân-hâi
答覆,tap-hok
視訊,sī-sìn
週邊,tsiu-pinn
開設,khai-siat
傳奇,thuân-kî
傳記,tuān-kì
會勘,huē-kham
極力,ki̍k-li̍k
經典,king-tián
群體,kûn-thé
補償,póo-siông
過來,kuè--lâi
對應,tuì-ìng
網際,bāng-tsè
聚會,tsū-huē
領錢,niá-tsînn
增長,tsing-tióng
影迷,iánn-bê
暴動,pō-tōng
熱潮,jia̍t-tiâu/lia̍t-tiâu
噪音,tshò-im
學歷,ha̍k-li̍k
操控,tshau-khòng
錄製,lo̍k-tsè
頭等艙,thâu-tíng-tshng
應邀,ìng-iau
縮短,sok-té
績優股,tsik-iu-kóo
糧食,niû-si̍t
轉化,tsuán-huà
轉播,tsuán-pòo
簽證,tshiam-tsìng
關機,kuainn-ki/kuinn-ki
礦石,khòng-tsio̍h
警員,kíng-uân
警廣,Kíng-kóng
釋出,sik-tshut
驅動,khu-tōng
體能,thé-lîng
一邊,tsi̍t-pinn
上台,tsiūnn-tâi
士兵,sū-ping
大海,tuā-hái
小提琴,sió-thê-khîm
不可思議,put-khó-su-gī
內在,luē-tsāi
內涵,luē-hâm
公投,kong-tâu
公關,kong-kuan
分子,hun-tsú
分佈,hun-pòo
分解,hun-kái
分辨,hun-piān
化解,huà-kái
友善,iú-siān
反射,huán-siā
天體,thian-thé
心智,sim-tì
日產,Ji̍t-sán/Li̍t-sán
月份,gue̍h-hūn/ge̍h-hūn
水位,tsuí-uī
主治,tsú-tī
可見,khó-kiàn
臺海,Tâi-hái
外來,guā-lâi
外殼,guā-khak
外債,guā-tsè
平凡,pîng-huân
平方,pîng-hong
平穩,pîng-ún
全體,tsuân-thé
同業,tông-gia̍p
地圖,tē-tôo/tuē-tôo
多角化,to-kak-huà
存活,tsûn-ua̍h
安詳,an-siông
年初,nî-tshe/nî-tshue
扣抵,khàu-tí
扣掉,khàu-tiāu
此時,tshú-sî
死因,sí-in
汙染,u-jiám/u-liám
考核,khó-hi̍k
肉品,bah-phín
技藝,ki-gē
車殼,tshia-khak
巡禮,sûn-lé
來回,lâi-huê/lâi-hê
坪數,pênn-sòo/pînn-sòo
忠實,tiong-si̍t
抽出,thiu-tshut
拖吊,thua-tiàu
放心,hòng-sim
注入,tsù-ji̍p/tsù-li̍p
河川,hô-tshuan
油脂,iû-tsi
肺癌,hì-gâm
表彰,piáu-tsiong
金曲,kim-khik
型錄,hîng-lo̍k
契約,khè-iok/khuè-iok
建商,kiàn-siong
春夏,tshun-hā
紅利,âng-lī
軍人,kun-jîn/kun-lîn
面紙,bīn-tsuá
容積率,iông-tsik-lu̍t
效能,hāu-lîng
書法,su-huat
病變,pēnn-piàn/pīnn-piàn
退出,thè-tshut
退燒,thè-sio
陣營,tīn-iânn
除權,tû-khuân
停火,thîng-hué/thîng-hé
偶像,ngóo-siōng
副理,hù-lí
堅決,kian-kuat
專利,tsuan-lī
專題,tsuan-tê/tsuan-tuê
專欄,tsuan-nuâ
強權,kiông-khuân
情境,tsîng-kíng
接收,tsiap-siu
推展,thui-tián
教材,kàu-tsâi
族人,tso̍k-jîn/tso̍k-lîn
現有,hiān-iú
設法,siat-huat
連帶,liân-tài
連續劇,liân-sio̍k-kio̍k
釣友,tiò-iú
勞保,lô-pó
就醫,tsiū-i
悲情,pi-tsîng
提示,thê-sī
無比,bû-pí
評價,phîng-kè
買進,bé-tsìn/bué-tsìn
階層,kai-tsân
群眾,kûn-tsiòng
聖火,sìng-hué/sìng-hé
聖誕,sìng-tàn
電源,tiān-guân
對不起,tuì-put-khí
旗下,kî-hā
監工,kàm-kang
管弦,kuán-hiân
精選,tsing-suán
誘惑,iú-hi̍k
儀器,gî-khì
價差,kè-tsha
審核,sím-hi̍k
履歷,lí-li̍k
廢棄物,huì-khì-bu̍t
適量,sik-liōng
鄰近,lîn-kīn/lîn-kūn
學分,ha̍k-hun
機身,ki-sin
燃料,jiân-liāu/liân-liāu
辦案,pān-àn
優質,iu-tsit
壓縮,ap-sok
瞬間,sùn-kan
隱私,ún-su
轉載,tsuán-tsài
櫥窗,tû-thang
簽訂,tshiam-tīng
關卡,kuan-khah
韻律,ūn-lu̍t
嚴謹,giâm-kín
歡呼,huan-hoo
邏輯,lô-tsi̍p
讚美,tsàn-bí
一流,it-liû
入侵,ji̍p-tshim/li̍p-tshim
三通,sam-thong
大將,tāi-tsiòng
山區,suann-khu
中生代,tiong-sing-tāi
中年,tiong-liân
中音,tiong-im
公主,kong-tsú
公營,kong-îng
切片,tshiat-phìnn
太平洋,Thài-pîng-iûnn
心力,sim-li̍k
文建會,Bûn-kiàn-huē
毛利率,môo-lī-lu̍t
水份,tsuí-hūn
外用,guā-iōng
外形,guā-hîng
外流,guā-lâu
巧合,khá-ha̍p
平原,pîng-guân
民法,bîn-huat
民政局,bîn-tsìng-kio̍k
民營,bîn-îng
申報,sin-pò
皮件,phuê-kiānn/phê-kiānn
企管,khì-kuán
光芒,kong-bông
全委會,tsuân-uí-huē
再見,tsài-kiàn
收視,siu-sī
百分之百,pah-hun-tsi-pah
老化,nóo-huà
自殺,tsū-sat
佛珠,hu̍t-tsu
免疫,bián-i̍k
抗體,khòng-thé
更改,king-kái
肝癌,kuann-gâm
身為,sin-uî
車庫,tshia-khòo
車廂,tshia-siunn
巡迴,sûn-huê
享有,hiáng-iú
使命,sú-bīng
受刑人,siū-hîng-jîn/siū-hîng-lîn
奇幻,kî-huàn
季軍,kuì-kun
定存,tīng-tsûn
定時,tīng-sî
拓寬,thok-khuan
抽象,thiu-siōng
玫瑰,muî-kuì
空中,khong-tiong
肥料,puî-liāu
花樣,hue-iūnn
長官,tióng-kuann
長度,tn̂g-tōo
門號,mn̂g-hō
阻力,tsóo-li̍k
信奉,sìn-hōng
信賴,sìn-nāi
侵入,tshim-ji̍p/tshim-li̍p
故意,kòo-ì
施行,si-hîng
流入,lâu-ji̍p/lâu-li̍p
疫苗,i̍k-biâu
紅燈,âng-ting
風暴,hong-pō
套裝,thò-tsong
家家戶戶,ke-ke-hōo-hōo
校區,hāu-khu
核發,hi̍k-huat
海內外,hái-lāi-guā
海協會,Hái-hia̍p-huē
特派員,ti̍k-phài-uân
病例,pēnn-lē/pīnn-lē
純淨,sûn-tsīng
財稅,tsâi-suè/tsâi-sè
起身,khí-sin
迷宮,bê-kiong
院會,īnn-huē
高階,ko-kai
高檔,ko-tóng
停損,thîng-sún
培育,puê-io̍k
專長,tsuan-tióng
接任,tsiap-jīm/tsiap-līm
接管,tsiap-kuán
救災,kiù-tsai
旋律,suân-lu̍t
牽涉,khan-sia̍p
理智,lí-tì
異動,ī-tōng
異議,ī-gī
累計,luí-kè
設廠,siat-tshiúnn
通行,thong-hîng
造林,tsō-lîm
部會,pōo-huē
野狼,iá-lông
陳皮,tîn-phî
陸軍,lio̍k-kun
備份,pī-hūn
創立,tshòng-li̍p
報案,pò-àn
散發,sàn-huat
畫廊,uē-lông
發音,huat-im
發射,huat-siā
稅務,suè-bū/sè-bū
賀卡,hō-khah
量產,liōng-sán
開朗,khai-lóng
傳聞,thuân-bûn
傳藝中心,Thuân-gē Tiong-sim
傾銷,khing-siau
極度,ki̍k-tōo
賄選,hué-suán
電動,tiān-tōng
預告,ī-kò/ū-kò
頒獎,pan-tsióng
夢幻,bōng-huàn
榮耀,îng-iāu
疑惑,gî-hi̍k
種田,tsìng-tshân
聞名,bûn-bîng
製成,tsè-sîng
銅鑼,tâng-lô
層級,tsân-kip
影壇,iánn-tuânn
數值,sòo-ti̍t
熱線,jia̍t-suànn/lia̍t-suànn
編列,pian-lia̍t
請辭,tshíng-sî
學年度,ha̍k-nî-tōo
戰役,tsiàn-i̍k
戰艦,tsiàn-lām
機型,ki-hîng
融券,iông-kuàn
親子,tshin-tsú
辨識,piān-sik
鴕鳥,tô-tsiáu
償還,siông-huân
檔期,tóng-kî
檢測,kiám-tshik
禪師,siân-su
擴建,khok-kiàn
禮品,lé-phín
簡化,kán-huà
簡報,kán-pò
職籃,tsit-nâ
藍圖,nâ-tôo
騎士,khî-sū
穩健,ún-kiān
顛覆,tian-hok
寶石,pó-tsio̍h
繼承,kè-sîng
警政,kíng-tsìng
黨籍,tóng-tsi̍k
驚喜,kiann-hí
體委會,Thé-uí-huē
觀看,kuan-khuànn
不知不覺,put-ti-put-kak
中正,tiong-tsìng
公務,kong-bū
分裂,hun-lia̍t
引述,ín-su̍t
文物,bûn-bu̍t
日記,ji̍t-kì/li̍t-kì
主體,tsú-thé
加油,ka-iû
去除,khì-tû
古厝,kóo-tshù
奶水,ling-tsuí/ni-tsuí
打造,tánn-tsō
民代,bîn-tāi
民航局,bîn-hâng-kio̍k
白痴,pe̍h-tshi
皮椅,phuê-í/phê-í
目光,ba̍k-kng
立法,li̍p-huat
交響曲,kau-hióng-khik
任職,jīm-tsit/līm-tsit
再生,tsài-sing
刑警,hîng-kíng
同行,tông-hâng
名義,bîng-gī
守法,siú-huat
年薪,nî-sin
成品,sîng-phín
收費,siu-huì
次要,tshù-iàu
自願,tsū-guān
佛典,Hu̍t-tián
何時,hô-sî
災區,tsai-khu
災情,tsai-tsîng
車況,tshia-hóng
車隊,tshia-tuī
事宜,sū-gî
事蹟,sū-tsik
亞太,A-thài
亞運,A-ūn
受限,siū-hān
呼叫,hoo-kiò
官方,kuann-hong
店長,tiàm-tiúnn
所長,sóo-tiúnn
放假,pàng-ká
武力,bú-li̍k
法門,huat-mn̂g
空調,khong-tiâu
糾紛,kiù-hun
侷限,kio̍k-hān
客家,kheh-ka
柔軟,jiû-nńg/liû-nńg
查詢,tshâ-sûn
段落,tuānn-lo̍h
毒性,to̍k-sìng
為主,uî-tsú
相差,siong-tsha
研討,gián-thó
秋天,tshiu-thinn
美商,Bí-siong
美景,bí-kíng
致詞,tì-sû
重播,tîng-pòo
重整,tiông-tsíng
音量,im-liōng
首頁,siú-ia̍h
修訂,siu-tīng
捕手,póo-tshiú
格式,keh-sik
格調,keh-tiāu
海上,hái-siōng
海域,hái-hi̍k
海報,hái-pò
海關,hái-kuan
浮現,phû-hiān
浮游,phû-iû
特點,ti̍k-tiám
班級,pan-kip
缺失,khuat-sit
迷人,bê-lâng
酒吧,tsiú-pa
針頭,tsiam-thâu
馬路,bé-lōo
骨頭,kut-thâu
高速,ko-sok
高樓,ko-lâu
鬥爭,tàu-tsing
假期,kà-kî
偏見,phian-kiàn
國發會,Kok-huat-huē
國稅局,Kok-suè-kio̍k/Kok-sè-kio̍k
常識,siông-sik
排卵,pâi-luán
教職,kàu-tsit
清除,tshing-tû
現身,hiàn-sin
產房,sán-pâng
祥和,siông-hô
移轉,î-tsuán
處境,tshú-kíng
造就,tsō-tsiū
景點,kíng-tiám
款式,khuán-sik
發包,huat-pau
虛擬,hi-gí
評比,phîng-pí
進展,tsìn-tián
開播,khai-pòo
間接,kàn-tsiap
傳球,thuân-kiû
感性,kám-sìng
損益,sún-ik
毀滅,huí-bia̍t
禁區,kìm-khu
跳脫,thiàu-thuat
農曆,lông-li̍k
違法,uî-huat
隔離,keh-lī
摘要,tiah-iàu
構造,kòo-tsō
歌迷,kua-bê
歌舞,kua-bú
歌壇,kua-tuânn
種族,tsíng-tso̍k
精心,tsing-sim
精確,tsing-khak
維生素,uî-sing-sòo
聚集,tsū-tsi̍p
與會,ú-huē
舞池,bú-tî
領隊,líng-tuī
劇本,kio̍k-pún
廣電,kóng-tiān
廠牌,tshiúnn-pâi
暴君,pō-kun
複賽,ho̍k-sài
談起,tâm-khí
鄭重,tīng-tiōng
魄力,phik-li̍k
整修,tsíng-siu
選用,suán-iōng
選項,suán-hāng
頭盔,thâu-khue
餐點,tshan-tiám
擬定,gí-tīng
檢視,kiám-sī
營建,îng-kiàn
聲援,siann-uān
聯軍,liân-kun
邀集,iau-tsi̍p
點選,tiám-suán
翻唱,huan-tshiùnn
釋憲,sik-hiàn
黨部,tóng-pōo
人命,lâng-miā
入口,ji̍p-kháu/li̍p-kháu
入圍,ji̍p-uî/li̍p-uî
上櫃,tsiūnn-kuī
口服,kháu-ho̍k
夕陽,si̍k-iông
女神,lú-sîn/lí-sîn
山水,san-suí
工商,kang-siong
才女,tsâi-lú/tsâi-lí
公署,kong-sú
分工,hun-kang
分店,hun-tiàm
升旗,sing-kî
主教,tsú-kàu
以外,í-guā
出動,tshut-tōng
出擊,tshut-kik
古堡,kóo-pó
任期,jīm-kî/līm-kî
全民,tsuân-bîn
共鳴,kiōng-bîng
列舉,lia̍t-kí/lia̍t-kú
印證,ìn-tsìng
各地,kok-tē/kok-tuē
合計,ha̍p-kè
回郵,huê-iû/hê-iû
回想,huê-sióng/hê-sióng
在場,tsāi-tiûnn
守護,siú-hōo
死海,sí-hái
羊肉,iûnn-bah
自律,tsū-lu̍t
自排,tsū-pâi
兵役,ping-i̍k
冷淡,líng-tām
判定,phuànn-tīng
改用,kái-iōng
改選,kái-suán
更生,king-sing
事故,sū-kòo
享用,hiáng-iōng
依附,i-hù
兩棲,lióng-tshe
受託人,siū-thok-jîn/siū-thok-lîn
受訓,siū-hùn
坦然,thán-jiân/thán-liân
奔波,phun-pho
定居,tīng-ki/tīng-ku
延後,iân-āu
往事,óng-sū
怪物,kuài-bu̍t
性感,sìng-kám
承攬,sîng-lám
枕頭,tsím-thâu
歧視,kî-sī
法治,huat-tī
油煙,iû-ian
直徑,ti̍t-kìng
直覺,ti̍t-kak
社長,siā-tiúnn
空姐,khong-tsiá
空虛,khang-hi
初選,tshoo-suán
保安,pó-an
保健,pó-kiān
封閉,hong-pì
度過,tōo-kuè
建材,kiàn-tsâi
拯救,tsín-kiù
春暉,tshun-hui
架設,kà-siat
相比,sio-pí
背影,puē-iánn
重建,tiông-kiàn
重疊,tîng-tha̍h
飛舞,hui-bú
原油,guân-iû
時光,sî-kong
時裝,sî-tsong
柴油,tshâ-iû
真相,tsin-siòng
祕訣,pì-kuat
紡織,pháng-tsit
能源,lîng-guân
航運,hâng-ūn
逃生,tô-sing
追溯,tui-sòo
骨骼,kut-keh
做出,tsò-tshut/tsuè-tshut
參選,tsham-suán
國安局,Kok-an-kio̍k
堆積,tui-tsik
執政,tsip-tsìng
宿舍,sok-sià
彩妝,tshái-tsong
控訴,khòng-sòo
接替,tsiap-thè/tsiap-thuè
採集,tshái-tsi̍p
啟事,khé-sū
清運,tshing-ūn
深色,tshim-sik
理所當然,lí-sóo-tong-jiân/lí-sóo-tong-liân
盛會,sīng-huē
細部,sè-pōo/suè-pōo
莫名其妙,bo̍k-bîng-kî-miāu
訪客,hóng-kheh
貨物,huè-bu̍t/hè-bu̍t
透支,thàu-tsi
野外,iá-guā
報稅,pò-suè/pò-sè
媒介,muî-kài
復仇,ho̍k-siû
期刊,kî-khan
游牧,iû-bo̍k
無效,bô-hāu
無聊,bô-liâu
發電,huat-tiān
稅收,suè-siu/sè-siu
菁英,tsing-ing
華僑,Huâ-kiâu
街舞,ke-bú
貴族,kuì-tso̍k
開辦,khai-pān
飲用,ím-iōng
傳出,thuân-tshut
匯入,huē-ji̍p/huē-li̍p
匯出,huē-tshut
感慨,kám-khài
敬意,kìng-ì
會談,huē-tâm
源頭,guân-thâu
準則,tsún-tsik
準確,tsún-khak
經文,king-bûn
義診,gī-tsín
腦部,náu-pōo
詩人,si-jîn/si-lîn
路標,lōo-piau
跳遠,thiàu-hn̄g
農地,lông-tē/lông-tuē
雷射,luî-siā
寧靜,lîng-tsīng
對付,tuì-hù
演說,ián-suat
演練,ián-liān
甄試,tsin-tshì
網址,bāng-tsí
製片,tsè-phìnn
語音,gí-im/gú-im
語調,gí-tiāu/gú-tiāu
劇烈,ki̍k-lia̍t
劇團,kio̍k-thuân
寬恕,khuan-sù
徵召,ting-tiàu
徵詢,ting-sûn
徵選,ting-suán
模仿,bôo-hóng
獎學金,tsióng-ha̍k-kim
編織,pian-tsit
調製,tiâu-tsè
輪流,lûn-liû
導覽,tō-lám
機房,ki-pâng
應對,ìng-tuì
營利,îng-lī
聲稱,sing-tshing
襄理,siong-lí
瀉藥,sià-io̍h
醫護,i-hōo
鏡片,kiànn-phìnn
關聯,kuan-liân
議程,gī-tîng
護盤,hōo-puânn
鐵路,thih-lōo
人質,jîn-tsit/lîn-tsit
下鄉,hā-hiong
凡事,huân-sū
子民,tsú-bîn
小學生,sió-ha̍k-sing
小鎮,sió-tìn
山地,suann-tē/suann-tuē
才華,tsâi-huâ
不明,put-bîng
中式,tiong-sik
中校,tiong-hāu
元素,guân-sòo
內銷,lāi-siau
公安,kong-an
公信力,kong-sìn-li̍k
公會,kong-huē
切除,tshiat-tû
天生,thian-sing
天真,thian-tsin
心愛,sim-ài
支應,tsi-ìng
日出,ji̍t-tshut/li̍t-tshut
日程,ji̍t-tîng/li̍t-tîng
比照,pí-tsiàu
比對,pí-tuì
出團,tshut-thuân
包袱,pau-ho̍k
北區,pak-khu
司令,su-līng
市政,tshī-tsìng
平和,pîng-hô
民歌,bîn-kua
田野,tiân-iá
白宮,Pi̍k-kiong
任命,jīm-bīng/līm-bīng
光源,kng-guân
先天,sian-thian
全身,tsuân-sin
全國,tsuân-kok
共通,kiōng-thong
多樣,to-iūnn
安置,an-tì
收支,siu-tsi
收看,siu-khuànn
次長,tshù-tiúnn
老鳥,lāu-tsiáu
自責,tsū-tsik
自稱,tsū-tshing
血緣,hiat-iân
私密,su-bi̍t
良性,liông-sìng
車號,tshia-hō
巡邏,sûn-lô
防水,hông-tsuí
事先,sū-sian
佳作,ka-tsok
函數,hâm-sòo
刻板,khik-pán
奇美,Kî-bí
底盤,té-puânn/tué-puânn
拉丁,La-ting
旺盛,ōng-sīng
武裝,bú-tsong
法文,Huat-bûn
油桐花,iû-tâng-hue
物資,bu̍t-tsu
物體,bu̍t-thé
直升機,ti̍t-sing-ki
社交,siā-kau
糾正,kiù-tsìng
附加,hù-ka
信件,sìn-kiānn
信息,sìn-sit
信眾,sìn-tsiòng
勇者,ióng-tsiá
客機,kheh-ki
指南,tsí-lâm
指派,tsí-phài
流感,liû-kám
洗淨,sé-tsīng/sué-tsīng
研習,gián-si̍p
約談,iok-tâm
美女,bí-lú/bí-lí
美方,Bí-hong
英商,Ing-siong
要素,iàu-sòo
訂定,tīng-tīng
軍火,kun-hué
軍官,kun-kuann
食材,si̍t-tsâi
食療,si̍t-liâu
個案,kò-àn
原文,guân-bûn
家鄉,ka-hiong
席次,si̍k-tshù
振興,tsín-hing
效忠,hāu-tiong
旁聽,pông-thiann
泰山,Thài-san
海拔,hái-pua̍t
特有,ti̍k-iú
純真,sûn-tsin
起源,khí-guân
逃脫,tô-thuat
骨質,kut-tsit
高齡,ko-lîng
務實,bū-si̍t
參展,tsham-tián
商家,siong-ka
商圈,siong-khuan
國內外,kok-lāi-guā
國府,Kok-hú
培訓,puê-hùn
寄望,kià-bāng
專科,tsuan-kho
常用,siông-iōng
掃描,sàu-biâu
推舉,thui-kí/thui-kú
理工,lí-kang
理化,lí-huà
現狀,hiān-tsōng
盛大,sīng-tāi
票券,phiò-kǹg
處女,tshú-lú/tshú-lí
被迫,pī-pik
訪查,hóng-tsa
這時,tsit-sî
連長,liân-tiúnn
速率,sok-lu̍t
部編本,Pōo-pian-pún
陸委會,Lio̍k-uí-huē
陷阱,hām-tsénn/hām-tsínn
備註,pī-tsù
報表,pò-pió
插畫,tshah-uē
散戶,suánn-hōo
景物,kíng-bu̍t
欺騙,khi-phiàn
殘留,tsân-liû
渡假,tōo-ká
減免,kiám-bián
無能,bû-lîng
發放,huat-hòng
短線,té-suànn
稅額,suè-gia̍h/sè-gia̍h
著作,tù-tsok
視線,sī-suànn
超音波,tshiau-im-pho
開動,khai-tōng
傳真,thuân-tsin
傷亡,siong-bông
愛人,ài-jîn/ài-lîn
搶案,tshiúnn-àn
敬佩,kìng-puē
照射,tsiò-siā
當今,tong-kim
碑文,pi-bûn
路況,lōo-hóng
電纜,tiān-lám
預先,ī-sian/ū-sian
預報,ī-pò/ū-pò
圖片,tôo-phìnn
圖表,tôo-pió
夢境,bāng-kíng
弊案,pè-àn
構圖,kòo-tôo
歌聲,kua-siann
演技,ián-ki
福音,hok-im
福壽螺,hok-siū-lê
精美,tsing-bí
語氣,gí-khì/gú-khì
誘因,iú-in
賓館,pin-kuán
銀幕,gîn-bōo/gûn-bōo
鼻炎,phīnn-iām
寫真,siá-tsin
廟會,biō-huē
影音,iánn-im
影帶,iánn-tuà
標記,piau-kì
熱愛,jia̍t-ài/lia̍t-ài
締造,tè-tsō
編譯館,pian-i̍k-kuán
膚質,hu-tsit
調派,tiàu-phài
輝煌,hui-hông
養樂多,Ióng-lo̍k-to
學名,ha̍k-miâ
學年,ha̍k-nî
學界,ha̍k-kài
學科,ha̍k-kho
戰神,tsiàn-sîn
戰略,tsiàn-lio̍k
機長,ki-tiúnn
機動,ki-tōng
機緣,ki-iân
濃度,lông-tōo
激情,kik-tsîng
獨自,to̍k-tsū
縣民,kuān-bîn
踴躍,ióng-io̍k
辨認,piān-jīn/piān-līn
鋼釘,kǹg-ting
餐飲,tshan-ím
矯正,kiáu-tsìng
謝意,siā-ì
斷電,tn̄g-tiān
檯面,tâi-bīn
轉型,tsuán-hîng
雞排,ke-pâi/kue-pâi
簽到,tshiam-tò
簽署,tshiam-sú
繳納,kiáu-la̍p
艦隊,lām-tuī
轟動,hong-tōng
變形,piàn-hîng
顯露,hián-lōo
體溫,thé-un
人心,jîn-sim/lîn-sim
人文,jîn-bûn/lîn-bûn
人次,jîn-tshù/lîn-tshù
人為,jîn-uî/lîn-uî
人壽,jîn-siū/lîn-siū
土星,Thóo-tshenn/Thóo-tshinn
土風舞,thóo-hong-bú
大雨,tuā-hōo
大戰,tāi-tsiàn
小型,sió-hîng
山坡地,suann-pho-tē/suann-pho-tuē
不比,put-pí
不肖,put-siàu
中型,tiong-hîng
中研院,Tiong-gián-īnn
中樞,tiong-tshu
內幕,luē-bōo
公益,kong-ik
升遷,sing-tshian
反駁,huán-pok
天使,thinn-sài
少將,siàu-tsiòng
心思,sim-su
戶名,hōo-miâ
支配,tsi-phuè/tsi-phè
文山,Bûn-san
文具,bûn-kū
文案,bûn-àn
日月潭,Ji̍t-gua̍t-thâm/Li̍t-gua̍t-thâm
月台,gua̍t-tâi
木雕,bo̍k-tiau
毛利,môo-lī
火力,hué-li̍k/hé-li̍k
主宰,tsú-tsáinn
付費,hù-huì
仙境,sian-kíng
充實,tshiong-si̍t
包容,pau-iông
北方,pak-hong
半數,puànn-sòo
古都,kóo-too
史學,sú-ha̍k
台斤,tâi-kin/tâi-kun
外力,guā-li̍k
失調,sit-tiâu
弘法,hông-huat
本能,pún-lîng
生效,sing-hāu
用語,iōng-gí/iōng-gú
田地,tshân-tē/tshân-tuē
交談,kau-tâm
先民,sian-bîn
全新,tsuân-sin
冰淇淋,ping-kî-lîm
同伴,tông-phuānn
合輯,ha̍p-tsi̍p
回流,huê-liû/hê-liû
回響,huê-hióng/hê-hióng
地下室,tē-hā-sik/tuē-hā-sik
地表,tē-piáu/tuē-piáu
收回,siu-huê/siu-hê
死者,sí-tsiá
考生,khó-sing
肉質,bah-tsit
自保,tsū-pó
自傳,tsū-tuān
自認,tsū-jīn/tsū-līn
行車,hîng-tshia
兵力,ping-li̍k
冷漠,líng-bo̍k
刪除,san-tû
卵巢,nn̄g-tsâu
呈報,thîng-pò
志工,tsì-kang
投保,tâu-pó
投影,tâu-iánn
投籃,tâu-nâ
改制,kái-tsè
男裝,lâm-tsong
走訪,tsáu-hóng
身影,sin-iánn
車門,tshia-mn̂g
邪惡,siâ-ok
防範,hông-huān
受害者,siū-hāi-tsiá
周轉,tsiu-tsuán
夜色,iā-sik
姓名,sènn-miâ/sìnn-miâ
定速,tīng-sok
定額,tīng-gia̍h
延誤,iân-gōo
征服,tsing-ho̍k
性情,sìng-tsîng
房市,pâng-tshī
承接,sîng-tsiap
抽脂,thiu-tsi
抽獎,thiu-tsióng
放款,hòng-khuán
放開,pàng--khui
河流,hô-liû
波浪,pho-lōng
法辦,huat-pān
法警,huat-kíng
沿途,iân-tôo
爭執,tsing-tsip
版圖,pán-tôo
直銷,ti̍t-siau
直選,ti̍t-suán
股長,kóo-tiúnn
表決,piáu-kuat
金主,kim-tsú
附帶,hù-tài
信箱,sìn-siunn
侵略,tshim-lio̍k
保全,pó-tsuân
保密,pó-bi̍t
保費,pó-huì
促成,tshiok-sîng
俘虜,hu-lóo
品種,phín-tsíng
型式,hîng-sik
城堡,siânn-pó
姿態,tsu-thài
建物,kiàn-bu̍t
施展,si-tián
查出,tshâ-tshut
流向,lâu-hiòng
流動,liû-tōng
派駐,phài-tsù
英吋,ing-tshùn
英鎊,Ing-pōng
軍力,kun-li̍k
限量,hān-liōng
音符,im-hû
音質,im-tsit
風向,hong-hiòng
風行,hong-hîng
風采,hong-tshái
食譜,si̍t-phóo
原版,guân-pán
家扶中心,Ka-hû Tiong-sim
宮殿,kiong-tiān
弱點,jio̍k-tiám/lio̍k-tiám
益處,ik-tshù
粉紅,hún-âng
紗布,se-pòo
草莓,tsháu-m̂
訊號,sìn-hō
退化,thè-huà
酒會,tsiú-huē
配方,phuè-hng/phè-hng
配件,phuè-kiānn/phè-kiānn
配額,phuè-gia̍h/phè-gia̍h
閃光燈,siám-kong-ting
馬車,bé-tshia
鬼月,kuí-gue̍h/kuí-ge̍h
偽造,guī-tsō
假象,ké-siōng
偵探,tsing-thàm
偏遠,phian-uán
參見,tsham-kiàn
參照,tsham-tsiàu
參賽,tsham-sài
唱歌,tshiùnn-kua
問政,būn-tsìng
國庫,kok-khòo
執意,tsip-ì
密室,bi̍t-sik
專訪,tsuan-hóng
強迫,kiông-pik
情愛,tsîng-ài
接掌,tsiap-tsióng
排版,pâi-pán
清代,Tshing-tāi
清算,tshing-suàn
猛禽,bíng-khîm
第三者,tē-sann-tsiá/tuē-sann-tsiá
統合,thóng-ha̍p
終結,tsiong-kiat
通告,thong-kò
通車,thong-tshia
野牛,iá-gû
備用,pī-iōng
單調,tan-tiāu
痛恨,thòng-hūn
登機,ting-ki
善心,siān-sim
善意,siān-ì
肅貪,siok-tham
菜鳥,tshài-tsiáu
評選,phîng-suán
評鑑,phîng-kàm
貼紙,tah-tsuá
費率,huì-lu̍t
超市,tshiau-tshī
週期,tsiu-kî
進軍,tsìn-kun
匯款,huē-khuán
微波,bî-pho
搶奪,tshiúnn-tua̍t
新陳代謝,sin-tîn-tāi-siā
楷模,khái-bôo
源自,guân-tsū
罪犯,tsuē-huān
罪嫌,tsuē-hiâm
義賣,gī-bē/gī-buē
群島,kûn-tó/kûn-tóo
聘約,phìng-iok
補足,póo-tsiok
補救,póo-kiù
試射,tshì-siā
誠心,sîng-sim
運算,ūn-suàn
遊行,iû-hîng
遊說,iû-suè
遊輪,iû-lûn
過量,kuè-liōng/kè-liōng
過關,kuè-kuan/kè-kuan
預言,ī-giân/ū-giân
僑胞,kiâu-pau
實務,si̍t-bū
實體,si̍t-thé
對白,tuì-pe̍h
慣例,kuàn-lē
漁民,hî-bîn/hû-bîn
管教,kuán-kà
精油,tsing-iû
綜藝,tsong-gē
網頁,bāng-ia̍h
輔選,hú-suán
領標,niá-pio
寫實,siá-si̍t
履行,lí-hîng
影本,iánn-pún
暫停,tsiām-thîng
標誌,piau-tsì
標題,piau-tê/piau-tuê
獎助金,tsióng-tsōo-kim
編制,pian-tsè
編號,pian-hō
複利,ho̍k-lī
質地,tsit-tē/tsit-tuē
戰士,tsiàn-sū
戰國,tsiàn-kok
獨一無二,to̍k-it-bû-jī/to̍k-it-bû-lī
輻射,hok-siā
輸送,su-sàng
辦事處,pān-sū-tshù
選區,suán-khu
選情,suán-tsîng
優越,iu-ua̍t
優選,iu-suán
檢調,kiám-tiāu
溼疹,sip-tsín
環島,khuân-tó/khuân-tóo
環球,khuân-kiû
斷交,tuān-kau
歸屬,kui-sio̍k
轉向,tsuán-hiòng
醫界,i-kài
鎮長,tìn-tiúnn
類股,luī-kóo
嚴密,giâm-bi̍t
寶藏,pó-tsōng
贖回,sio̍k-huê/sio̍k-hê
變換,piàn-uānn
觀望,kuan-bōng
力學,li̍k-ha̍k
上車,tsiūnn-tshia
上校,siōng-hāu
口譯,kháu-i̍k
大火,tuā-hué/tuā-hé
大本營,tuā-pún-iânn
大同,tāi-tông
大局,tāi-kio̍k
大事,tāi-sū
大理石,tāi-lí-tsio̍h
女將,lú-tsiòng
女裝,lú-tsong/lí-tsong
小兒,siáu-jî/siáu-lî
工地,kang-tē/kang-tuē
不平,put-pîng
中油,Tiong-iû
公正,kong-tsìng
公式,kong-sik
分行,hun-hâng
分機,hun-ki
天命,thian-bīng
引言,ín-giân
心聲,sim-siann
文革,bûn-kik
文筆,bûn-pit
日間,ji̍t-kan/li̍t-kan
月刊,gue̍h-khan/ge̍h-khan
月光,gue̍h-kng/ge̍h-kng
水手,tsuí-siú
水源,tsuí-guân
王妃,ông-hui
王國,ông-kok
主觀,tsú-kuan
代言人,tāi-giân-jîn/tāi-giân-lîn
代碼,tāi-bé
代謝,tāi-siā
出獄,tshut-ga̍k
加班,ka-pan
包商,pau-siong
外圍,guā-uî
失效,sit-hāu
平民,pîng-bîn
平行,pîng-hîng
平坦,pênn-thánn/pînn-thánn
幼稚,iù-tī
生平,sing-pîng
生根,senn-kin/sinn-kin
交織,kau-tsit
兇手,hiong-siú
先鋒,sian-hong
列出,lia̍t-tshut
刑法,hîng-huat
印花,ìn-hue
各行各業,kok-hâng-kok-gia̍p
地帶,tē-tài/tuē-tài
地下鐵,tē-hā-thih/tuē-hā-thih
如意,jû-ì/lû-ì
年終,nî-tsiong
年會,nî-huē
年資,nî-tsu
有史以來,iú-sú í-lâi
百科,pah-kho
自主,tsū-tsú
色情,sik-tsîng
行蹤,hîng-tsong
西岸,se-huānn
西進,se-tsìn
西歐,Se-au
伴唱,phuānn-tshiùnn
佛經,hu̍t-king
伸出,tshun-tshut
冷凍,líng-tòng
助攻,tsōo-kong
助陣,tsōo-tīn
助理,tsōo-lí
否定,hónn-tīng
壯觀,tsòng-kuan
戒嚴,kài-giâm
投射,tâu-siā
改正,kái-tsìng
更年期,king-liân-kî
步入,pōo-ji̍p/pōo-li̍p
求婚,kiû-hun
私校,su-hāu
車位,tshia-uī
車迷,tshia-bê
車價,tshia-kè
防衛,hông-uē
防禦,hông-gū
依法,i-huat
典範,tián-huān
協定,hia̍p-tīng
取景,tshú-kíng
呼聲,hoo-siann
命理,miā-lí
夜總會,iā-tsóng-huē
定律,tīng-lu̍t
忠誠,tiong-sîng
所有權,sóo-iú-khuân
拍戲,phah-hì
昇華,sing-huâ
東北,tang-pak
東亞,Tang-a
林業,lîm-gia̍p
武林,bú-lîm
武俠,bú-kiap
法庭,huat-tîng
法務,huat-bū
肺部,hì-pōo
芭蕉,pa-tsio
花車,hue-tshia
表揚,piáu-iông
表層,piáu-tsân
附屬,hù-sio̍k
非凡,hui-huân
信念,sìn-liām
南北,lâm-pak
度數,tōo-sòo
建言,kiàn-giân
待命,thāi-bīng
後衛,hōo-uē
急救,kip-kiù
施壓,si-ap
染色體,ní-sik-thé
查扣,tshâ-khàu
查封,tshâ-hong
流竄,liû-tshuàn
流露,liû-lōo
省略,síng-lio̍k
相逢,siong-hông
紀元,kì-guân
美編,bí-pian
美學,bí-ha̍k
虐待,gi̍k-thāi
要件,iàu-kiānn
郊區,kau-khu
面談,biān-tâm
革新,kik-sin
風扇,hong-sìnn
修復,siu-ho̍k
修護,siu-hōo
凍結,tòng-kiat
哲理,tiat-lí
宮廷,kiong-tîng
容積,iông-tsik
師長,su-tiúnn
弱者,jio̍k-tsiá/lio̍k-tsiá
弱勢,jio̍k-sè/lio̍k-sè
旅途,lí-tôo/lú-tôo
書面,su-bīn
核子,hi̍k-tsú
氣溫,khì-un
消基會,Siau-ki-huē
海基會,Hái-ki-huē
病菌,pēnn-khún/pīnn-khún
炮彈,phàu-tuânn
祖先,tsóo-sian
祖國,tsóo-kok
租車,tsoo-tshia
紛擾,hun-jiáu/hun-liáu
缺陷,khuat-hām
起點,khí-tiám
送醫,sàng-i
逆境,gi̍k-kíng
迷惑,bê-hi̍k
追隨,tui-suî
配股,phuè-kóo/phè-kóo
陣地,tīn-tē/tīn-tuē
骨折,kut-tsi̍h
高職,ko-tsit
高鐵,ko-thih
假定,ká-tīng
假想,ká-sióng
健身,kiān-sin
偏差,phian-tsha
剪裁,tsián-tshâi
區段,khu-tuānn
商用,siong-iōng
國宅,kok-the̍h
國科會,Kok-kho-huē
專攻,tsuan-kong
屠殺,tôo-sat
情景,tsîng-kíng
情網,tsîng-bāng
情懷,tsîng-huâi
控管,khòng-kuán
救治,kiù-tī
教改,kàu-kái
教法,kà-huat
教科書,kàu-kho-su
教條,kàu-tiâu
教會,kàu-huē
欲望,io̍k-bōng
深遠,tshim-uán
票價,phiò-kè
組長,tsoo-tiúnn
船隻,tsûn-tsiah
連繫,liân-hē
造形,tsō-hîng
傑作,kia̍t-tsok
單打,tan-tánn
報警,pò-kíng
就任,tsiū-jīm/tsiū-līm
插座,tshah-tsō
散步,sàn-pōo
無味,bô-bī
無聲,bô-siann
發車,huat-tshia
稅率,suè-lu̍t/sè-lu̍t
筆錄,pit-lo̍k
紫外線,tsí-guā-suànn
絲絨,si-jiông/si-liông
善惡,siān-ok
菜色,tshài-sik
裁判,tshâi-phuànn
評語,phîng-gí/phîng-gú
診療,tsín-liâu
週刊,tsiu-khan
開戶,khui-hōo
開創,khai-tshòng
隆重,liông-tiōng
傳言,thuân-giân
傳來,thuân-lâi
傳承,thuân-sîng
微妙,bî-miāu
意料,ì-liāu
想起,siūnn-khí
愛心,ài-sim
新知,sin-ti
署長,sú-tiúnn
聘任,phìng-jīm/phìng-līm
補正,póo-tsìng
解體,kái-thé
詩詞,si-sû
路口,lōo-kháu
遊學,iû-ha̍k
違約,uî-iok
過份,kuè-hūn/kè-hūn
電波,tiān-pho
電壓,tiān-ap
圖樣,tôo-iūnn
境內,kíng-lāi
對外,tuì-guā
幕僚,bōo-liâu
撤離,thiat-lī
歌詞,kua-sû
漁村,hî-tshun/hû-tshun
精進,tsing-tsìn
精誠,tsing-sîng
網域,bāng-hi̍k
語文,gí-bûn/gú-bûn
輕輕鬆鬆,khin-khin-sang-sang
遠東,Uán-tong
遠景,uán-kíng
閣員,koh-uân
駁回,pok-huê/pok-hê
寬頻,khuan-pîn
寫照,siá-tsiàu
廢水,huì-tsuí
廢除,huì-tû
慾望,io̍k-bōng
暴民,pō-bîn
樂壇,ga̍k-tuânn
潛能,tsiâm-lîng
獎品,tsióng-phín
確立,khak-li̍p
編排,pian-pâi
編譯,pian-i̍k
複合,ho̍k-ha̍p
複習,ho̍k-si̍p
課長,khò-tiúnn
賣掉,bē-tiāu/buē-tiāu
銷量,siau-liōng
養生,ióng-sing
壁紙,piah-tsuá
戰火,tsiàn-hué/tsiàn-hé
戰備,tsiàn-pī
操守,tshau-siú
機制,ki-tsè
歷代,li̍k-tāi
燈光,ting-kng
獨家,to̍k-ka
親和力,tshin-hô-li̍k
遺蹟,uî-tsik
頭皮,thâu-phuê/thâu-phê
應當,ing-tong
檔名,tóng-miâ
薪傳,sin-thuân
講述,káng-su̍t
講授,káng-siū
賽程,sài-tîng
韓戰,Hân-tsiàn
職責,tsit-tsik
轉入,tsuán-ji̍p/tsuán-li̍p
轉任,tsuán-jīm/tsuán-līm
轉進,tsuán-tsìn
藥效,io̍h-hāu
證件,tsìng-kiānn
證照,tsìng-tsiàu
關連,kuan-liân
騙人,phiàn--lâng
寶座,pó-tsō
警覺,kíng-kak
黨員,tóng-uân
黨務,tóng-bū
鐵道,thih-tō
變遷,piàn-tshian
驗證,giām-tsìng
觀感,kuan-kám
一模一樣,it-bôo-it-iūnn
了不起,liáu-put-khí
人種,jîn-tsióng/lîn-tsióng
入獄,ji̍p-ga̍k/li̍p-ga̍k
下場,hā-tiûnn
上路,tsiūnn-lōo
大手筆,tuā-tshiú-pit
大獎,tuā-tsióng
女方,lú-hong/lí-hong
工讀生,kang-tho̍k-sing
不准,put-tsún
不盡,put-tsīn
中性,tiong-sìng
中區,tiong-khu
中期,tiong-kî
中鋒,tiong-hong
內陸,lāi-lio̍k
公墓,kong-bōng
公認,kong-jīn/kong-līn
公德心,kong-tik-sim
分居,hun-ki/hun-ku
升學,sing-ha̍k
友邦,iú-pang
友情,iú-tsîng
反制,huán-tsè
天份,thian-hūn
天后,thian-hiō
天性,thian-sìng
天鵝,thian-gô
太極,thài-ki̍k
少校,siàu-hāu
心動,sim-tōng
手動,tshiú-tōng
手稿,tshiú-kó
日文,Ji̍t-bûn/Li̍t-bûn
日式,Ji̍t-sik/Li̍t-sik
水池,tsuí-tî
火藥,hué-io̍h/hé-io̍h
牛舌餅,gû-tsi̍h-piánn
王朝,ông-tiâu
主唱,tsú-tshiùnn
主講,tsú-káng
以下,í-hā
包皮,pau-phuê/pau-phê
北美,Pak-bí
占地,tsiàm-tē/tsiàm-tuē
古怪,kóo-kuài
召喚,tiàu-huàn
叮嚀,ting-lîng
外文,guā-bûn
外向,guā-hiòng
外地,guā-tē/guā-tuē
左派,tsó-phài
佈局,pòo-kio̍k
幼教,iù-kàu
必修,pit-siu
打動,tánn-tōng
未婚,bī-hun
正視,tsìng-sī
民生,bîn-sing
犯錯,huān-tshò
瓜果,kua-kó
瓦解,uá-kái
生育,sing-io̍k
用具,iōng-kū
白米,pe̍h-bí
白雲,pe̍h-hûn
光滑,kng-ku̍t
全職,tsuân-tsit
共存,kiōng-tsûn
共有,kiōng-iú
冰河,ping-hô
同僚,tông-liâu
各界,kok-kài
名勝,bîng-sìng
名醫,bîng-i
回國,huê-kok/hê-kok
回程,huê-tîng/hê-tîng
地利,tē-lī/tuē-lī
地段,tē-tuānn/tuē-tuānn
地質,tē-tsit/tuē-tsit
多元,to-guân
好人,hó-lâng
好聽,hó-thiann
字體,jī-thé/lī-thé
存檔,tsûn-tóng
守則,siú-tsik
年份,nî-hūn
收割,siu-kuah
收發,siu-huat
有形,iú-hîng
有緣,ū-iân
江山,kang-san
江南,Kang-lâm
百分比,pah-hun-pí
百般,pah-puann
自卑,tsū-pi
血統,hiat-thóng
西餐,se-tshan
佛法,Hu̍t-huat
冷水,líng-tsuí
冷門,líng-mn̂g
冷清,líng-tshing
利尿,lī-jiō/lī-liō
助力,tsōo-li̍k
助手,tsōo-tshiú
助選,tsōo-suán
告白,kò-pe̍h
告別,kò-pia̍t
吟唱,gîm-tshiùnn
妥協,thò-hia̍p
攻打,kong-tánn
步調,pōo-tiāu
沙畫,sua-uē
汪洋,ong-iông
沖銷,tshiong-siau
男方,lâm-hong
育幼院,io̍k-iù-īnn
言行,giân-hîng
走廊,tsáu-lông
車頂,tshia-tíng
車窗,tshia-thang
車道,tshia-tō
車燈,tshia-ting
里民,lí-bîn
來函,lâi-hâm
典藏,tián-tsông
刺殺,tshì-sat
制式,tsè-sik
受困,siū-khùn
受理,siū-lí
呼應,hoo-ìng
奉勸,hōng-khǹg
奇異,kî-ī
孤立,koo-li̍p
官兵,kuann-ping
延期,iân-kî
怪異,kuài-ī
招考,tsio-khó
拍片,phah-phìnn
拖延,thua-iân
放學,pàng-o̍h
東歐,Tang-au
果汁,kó-tsiap
林木,lîm-bo̍k
河床,hô-tshn̂g
波長,pho-tn̂g
沿岸,iân-huānn
炎熱,iām-jua̍h/iām-lua̍h
爭奪,tsing-tua̍t
版面,pán-bīn
版權,pán-khuân
直線,ti̍t-suànn
社員,siā-uân
社論,siā-lūn
空大,khong-tāi
空白,khàng-pe̍h
空服,khong-ho̍k
空運,khong-ūn
股份,kóo-hūn
初試,tshoo-tshì
初稿,tshoo-kó
表格,pió-keh
近代,kīn-tāi/kūn-tāi
金幣,kim-pè
長城,Tn̂g-siânn
雨鞋,hōo-ê/hōo-uê
青山,tshing-san
南區,lâm-khu
威嚇,ui-hik
宣判,suan-phuànn
宣揚,suan-iông
封建,hong-kiàn
帝國,tè-kok
思維,su-uî
拜票,pài-phiò
按時,àn-sî
指引,tsí-ín
指控,tsí-khòng
政戰,tsìng-tsiàn
柔美,jiû-bí/liû-bí
流傳,liû-thuân
流會,liû-huē
流線,liû-suànn
洗髮精,sé-huat-tsing/sué-huat-tsing
相符,siong-hû
祈福,kî-hok
約束,iok-sok
美式,Bí-sik
美規,Bí-kui
英才,ing-tsâi
英里,ing-lí
訂貨,tīng-huè/tīng-hè
軍團,kun-thuân
迫害,pik-hāi
限度,hān-tōo
限電,hān-tiān
首相,siú-siòng
借款,tsioh-khuán
個體,kò-thé
原子,guân-tsú
原有,guân-iú
原作,guân-tsok
原著,guân-tù
原廠,guân-tshiúnn
原點,guân-tiám
套房,thò-pâng
家用,ka-iōng
家扶,ka-hû
家產,ka-sán
家境,ka-kíng
時速,sî-sok
書寫,su-siá
桌巾,toh-kin/toh-kun
烏龍,oo-liông
特技,ti̍k-ki
特務,ti̍k-bū
特產,ti̍k-sán
特種,ti̍k-tsióng
破碎,phò-tshuì
純益,sûn-ik
航行,hâng-hîng
航班,hâng-pan
草案,tshó-àn
起飛,khí-pue/khí-pe
逃難,tô-lān
追思,tui-su
配音,phuè-im/phè-im
配套,phuè-thò/phè-thò
配送,phuè-sàng/phè-sàng
院校,īnn-hāu
骨髓,kut-tshué/kut-tshé
高等,ko-tíng
剪綵,tsián-tshái
動用,tōng-iōng
動脈,tōng-me̍h
參訪,tsham-hóng
唱出,tshiùnn-tshut
國土,kok-thóo
國有,kok-iú
國旗,kok-kî
國賠,kok-puê/kok-pê
專制,tsuan-tsè
專線,tsuan-suànn
彩券,tshái-kuàn
情治,tsîng-tī
情誼,tsîng-gî
控告,khòng-kò
探望,thàm-bōng
接見,tsiap-kiàn
接送,tsiap-sàng
掃除,sàu-tû
掛號,kuà-hō
推算,thui-sǹg
排行,pâi-hâng
排練,pâi-liān
救命,kiù-miā
教具,kàu-kū
條例,tiâu-lē
淡化,tām-huà
清涼,tshing-liâng
清爽,tshing-sóng
清醒,tshing-tshénn/tshing-tshínn
異鄉,ī-hiong
祭典,tsè-tián
祭拜,tsè-pài
脫衣舞,thuat-i-bú
莫名,bo̍k-bîng
處長,tshù-tiúnn
規章,kui-tsiong
訪談,hóng-tâm
貨車,huè-tshia/hè-tshia
貨運,huè-ūn/hè-ūn
閉幕,pì-bōo
陸地,lio̍k-tē/lio̍k-tuē
勞改,lô-kái
圍觀,uî-kuan
報刊,pò-khan
報考,pò-khó
復健,ho̍k-kiān
惡夢,ok-bāng
散佈,sàn-pòo
港都,káng-too
渡過,tōo-kuè
減弱,kiám-jio̍k/kiám-lio̍k
減稅,kiám-suè/kiám-sè
無心,bô-sim
童話,tông-uē
策畫,tshik-uē
筆友,pit-iú
筆記,pit-kì
結晶,kiat-tsinn
絕食,tsua̍t-si̍t
視察,sī-tshat
評量,phîng-liông
跑車,pháu-tshia
週年,tsiu-nî
進修,tsìn-siu
郵資,iû-tsu
開展,khai-tián
開除,khai-tû
開採,khai-tshái
開戰,khai-tsiàn
開機,khui-ki
亂象,luān-siōng
傷者,siong-tsiá
園地,uân-tē/uân-tuē
圓形,înn-hîng
感念,kám-liām
感嘆,kám-thàn
愛國,ài-kok
愛惜,ài-sioh
愛護,ài-hōo
新生,sin-sing
會務,huē-bū
毽子,kiàn-tsí
滄桑,tshong-song
照護,tsiàu-hōo
禁令,kìm-līng
罪名,tsuē-miâ
腦海,náu-hái
解放,kái-hòng
試車,tshì-tshia
試飛,tshì-pue/tshì-pe
試題,tshì-tê/tshì-tuê
話語,uē-gí/uē-gú
資政,tsu-tsìng
運費,ūn-huì
運鈔車,ūn-tshau-tshia
運勢,ūn-sè
道場,tō-tiûnn
逼近,pik-kīn/pik-kūn
違建,uî-kiàn
鉛管,iân-kóng
電訊,tiān-sìn
電極,tiān-ki̍k
頒發,pan-huat
僑生,kiâu-sing
嘉惠,ka-huī
圖示,tôo-sī
對岸,tuì-huānn
幕後,bōo-āu
構思,kòo-su
歌星,kua-tshenn/kua-tshinn
演化,ián-huà
滿漢全席,buán-hàn-tsuân-si̍k
漫遊,bān-iû
漁場,hî-tiûnn/hû-tiûnn
精良,tsing-liông
綠化,li̍k-huà
綿羊,mî-iûnn
綿延,biân-iân
翡翠,huí-tshuì
舞男,bú-lâm
製藥,tsè-io̍h
輕型,khin-hîng
遙遠,iâu-uán
銅牌,tâng-pâi
銅像,tâng-siōng
審理,sím-lí
影星,iánn-tshenn/iánn-tshinn
影展,iánn-tián
憂傷,iu-siong
樂手,ga̍k-tshiú
樂迷,ga̍k-bê
熱切,jia̍t-tshiat/lia̍t-tshiat
熱戀,jia̍t-luân/lia̍t-luân
獎助,tsióng-tsōo
篇幅,phian-hok
練球,liān-kiû
衛教,uē-kàu
論述,lūn-su̍t
論戰,lūn-tsiàn
質料,tsit-liāu
遷入,tshian-ji̍p/tshian-li̍p
鄰長,lîn-tiúnn
養份,ióng-hūn
駕照,kà-tsiàu
學區,ha̍k-khu
導航,tō-hâng
導遊,tō-iû
憲政,hiàn-tsìng
整型,tsíng-hîng
整建,tsíng-kiàn
機票,ki-phiò
濃縮,lông-sok
激動,kik-tōng
縣政,kuān-tsìng
遴選,lîn-suán
選罷法,suán-pā-huat
遲到,tî-tò
遺傳,uî-thuân
遺體,uî-thé
雕塑,tiau-sok
雕像,tiau-siōng
靜電,tsīng-tiān
靜態,tsīng-thài
餐會,tshan-huē
優勝,iu-sìng
應變,ìng-piàn
擬訂,gí-tīng
檢疫,kiám-i̍k
檢警,kiám-kíng
溼地,sip-tē/sip-tuē
營隊,iânn-tuī
總隊,tsóng-tuī
繁華,huân-huâ
聯手,liân-tshiú
聯考,liân-khó
聯隊,liân-tuī
聯誼,liân-gî
鍛鍊,tuàn-liān
黏膜,liâm-mo̍oh
點播,tiám-pòo
點點滴滴,tiám-tiám-tih-tih
歸納,kui-la̍p
禮遇,lé-gū
簡介,kán-kài
簡體字,kán-thé-jī/kán-thé-lī
醫藥,i-io̍h
鎮民,tìn-bîn
雜草,tsa̍p-tsháu
雙層,siang-tsân
雞精,ke-tsing/kue-tsing
騎車,khiâ-tshia
騎馬,khiâ-bé
藝壇,gē-tuânn
藥品,io̍h-phín
邊界,pian-kài
競標,kīng-pio
籌辦,tiû-pān
籃板,nâ-pán
議事,gī-sū
警匪,kíng-huí
黨旗,tóng-kî
贓物,tsong-bu̍t
聽力,thiann-li̍k
變革,piàn-kik
變態,piàn-thài
驗收,giām-siu
體內,thé-lāi
體型,thé-hîng
體積,thé-tsik
體檢,thé-kiám
讚揚,tsàn-iông
人世,jîn-sè/lîn-sè
人群,jîn-kûn/lîn-kûn
入伍,ji̍p-ngóo/li̍p-ngóo
三軍,sam-kun
下令,hā-līng
下台,hā-tâi
下課,hā-khò
上岸,tsiūnn-huānn
上將,siōng-tsiòng
上網,tsiūnn-bāng
亡國,bông-kok
千辛萬苦,tshian-sin-bān-khóo
口號,kháu-hō
大王,tāi-ông
大衣,tuā-i
大西洋,Tāi-se-iûnn
大炮,tuā-phàu
大專,tāi-tsuan
大麻,tuā-muâ
大牌,tuā-pâi
大筆,tuā-pit
大綱,tāi-kong
大體,tāi-thé
山羊,suann-iûnn
山莊,san-tsong
山路,suann-lōo
山歌,san-ko
工資,kang-tsu
中止,tiong-tsí
中選會,Tiong-suán-huē
中藥,tiong-io̍h
互助,hōo-tsōo
互惠,hōo-huī
五星級,gōo-tshenn-kip/gōo-tshinn-kip
內戰,lāi-tsiàn
公報,kong-pò
公演,kong-ián
公爵,kong-tsiok
公職,kong-tsit
分化,hun-huà
分支,hun-tsi
分貝,hun-puè
分級,hun-kip
分區,hun-khu
分割,hun-kuah
分隊,hun-tuī
分擔,hun-tam
切開,tshiat-khui
切斷,tshiat-tn̄g
化石,huà-tsio̍h
升等,sing-tíng
反感,huán-kám
反轉,huán-tsuán
天平,thian-pîng
天災,thian-tsai
天際,thian-tsè
天價,thian-kè
太子,thài-tsú
幻滅,huàn-bia̍t
引領,ín-líng
心跳,sim-thiàu
心境,sim-kíng
戶政,hōo-tsìng
戶數,hōo-sòo
手排,tshiú-pâi
手語,tshiú-gí/tshiú-gú
手銬,tshiú-khàu
支流,tsi-liû
文人,bûn-jîn/bûn-lîn
文教,bûn-kàu
方位,hong-uī
日夜,ji̍t-iā/li̍t-iā
日語,Ji̍t-gí/Li̍t-gú
月租費,gue̍h-tsoo-huì/ge̍h-tsoo-huì
水利,tsuí-lī
水域,tsuí-hi̍k
水費,tsuí-huì
片商,phìnn-siong
牛車,gû-tshia
牛排,gû-pâi
王牌,ông-pâi
主將,tsú-tsiòng
主菜,tsú-tshài
主編,tsú-pian
付款,hù-khuán
代名詞,tāi-bîng-sû
代步,tāi-pōo
代勞,tāi-lô
代銷,tāi-siau
出刊,tshut-khan
出品,tshut-phín
出風口,tshut-hong-kháu
出海,tshut-hái
加護,ka-hōo
功用,kong-iōng
功臣,kong-sîn
功利,kong-lī
包涵,pau-hâm
北二高,Pak-jī-ko/Pak-lī-ko
北美洲,Pak-bí-tsiu
北美館,Pak-bí-kuán
半徑,puànn-kìng
司長,su-tiúnn
台長,tâi-tiúnn
台詞,tâi-sû
外移,guā-î
外部,guā-pōo
外貌,guā-māu
失意,sit-ì
奶茶,ling-tê/ni-tê
平手,pênn-tshiú/pînn-tshiú
平直,pênn-ti̍t/pînn-ti̍t
本業,pún-gia̍p
本體,pún-thé
未知,bī-ti
正宗,tsiànn-tsong
母語,bú-gí/bú-gú
永久,íng-kiú
永續,íng-sio̍k
犯規,huān-kui
生力軍,sing-li̍k-kun
生計,sing-kè
申辦,sin-pān
白金,pe̍h-kim
交付,kau-hù
交保,kau-pó
交會,kau-huē
交響樂,kau-hióng-ga̍k
休館,hiu-kuán
份子,hūn-tsú
光彩,kong-tshái
全程,tsuân-tîng
共犯,kiōng-huān
再造,tsài-tsō
刑期,hîng-kî
危害,guî-hāi
同樂,tông-lo̍k
名號,miâ-hō
回報,huê-pò/hê-pò
地名,tē-miâ/tuē-miâ
地雷,tē-luî/tuē-luî
好用,hó-īng
好事,hó-sū
字幕,jī-bōo/lī-bōo
存戶,tsûn-hōo
守衛,siú-uē
有志,iú-tsì
次序,tshù-sū
死去,sí--khì
死角,sí-kak
羽毛,ú-môo
老兵,lāu-ping
考場,khó-tiûnn
考證,khó-tsìng
耳機,hīnn-ki
血跡,hueh-jiah/huih-liah
西南,se-lâm
估算,kóo-sǹg
免疫力,bián-i̍k-li̍k
即刻,tsik-khik
否決,hónn-kuat
吧台,pa-tâi
壯大,tsòng-tāi
妙方,miāu-hng
完備,uân-pī
局限,kio̍k-hān
床頭,tshn̂g-thâu
快感,khuài-kám
戒備,kài-pī
抗藥性,khòng-io̍h-sìng
折磨,tsiat-buâ
投案,tâu-àn
更正,king-tsìng
決標,kuat-pio
決賽,kuat-sài
秀麗,siù-lē
系所,hē-sóo
肝病,kuann-pēnn/kuann-pīnn
良知,liông-ti
見識,kiàn-sik
見證,kiàn-tsìng
身段,sin-tuānn
車行,tshia-hâng
車種,tshia-tsióng
巡航,sûn-hâng
邦交,pang-kau
里長,lí-tiúnn
防治,hông-tī
防空,hông-khong
防疫,hông-i̍k
防盜,hông-tō
亞軍,a-kun
刻薄,khik-po̍k
制裁,tsè-tshâi
協理,hia̍p-lí
卸任,sià-jīm/sià-līm
受難,siū-lān
周刊,tsiu-khan
奔走,phun-tsáu
定論,tīng-lūn
屈服,khut-ho̍k
岩石,gâm-tsio̍h
底薪,té-sin/tué-sin
怪罪,kuài-tsuē
承包,sîng-pau
抵制,tí-tsè
林務局,Lîm-bū-kio̍k
武術,bú-su̍t
法會,huat-huē
油漆,iû-tshat
沿線,iân-suànn
盲點,bông-tiám
社教,siā-kàu
空位,khang-uī
芹菜,khîn-tshài/khûn-tshài
花花公子,hua-hua-kong-tsú
初學者,tshoo-ha̍k-tsiá
表明,piáu-bîng
金字塔,kim-jī-thah/kim-lī-thah
長年,tn̂g-nî
長褲,tn̂g-khòo
阻隔,tsóo-keh
青天,tshing-thian
信義,sìn-gī
侵害,tshim-hāi
保固,pó-kòo
前任,tsîng-jīm/tsîng-līm
前言,tsiân-giân
前鋒,tsiân-hong
厚度,kāu-tōo
叛亂,puān-luān
哀傷,ai-siong
威權,ui-khuân
室內,sik-lāi
室溫,sik-un
客房,kheh-pâng
客源,kheh-guân
封殺,hong-sat
封鎖,hong-só
建構,kiàn-kòo
急診,kip-tsín
怨言,uàn-giân
政壇,tsìng-tuânn
流汗,lâu-kuānn
流動性,liû-tōng-sìng
流轉,liû-tsuán
洗牌,sé-pâi/sué-pâi
洗禮,sé-lé/sué-lé
界定,kài-tīng
界線,kài-suànn
盆栽,phûn-tsai
研讀,gián-tho̍k
紅豆,âng-tāu
美洲,Bí-tsiu
美籍,Bí-tsi̍k
致辭,tì-sû
苦悶,khóo-būn
訂戶,tīng-hōo
軍用,kun-iōng
軍備,kun-pī
迫切,pik-tshiat
重現,tiông-hiān
重劃區,tiông-ue̍h-khu
風塵,hong-tîn
首席,siú-si̍k
首都,siú-too
冥想,bîng-sióng
原味,guân-bī
原動力,guân-tōng-li̍k
原意,guân-ì
唐詩,Tông-si
家園,ka-hn̂g
座談,tsō-tâm
旁觀,pông-kuan
校慶,hāu-khìng
核定,hi̍k-tīng
氣流,khì-liû
消防,siau-hông
涉案,sia̍p-àn
特約,ti̍k-iok
病毒,pēnn-to̍k/pīnn-to̍k
病理,pēnn-lí/pīnn-lí
病態,pēnn-thài/pīnn-thài
病歷,pēnn-li̍k/pīnn-li̍k
真空,tsin-khong
破滅,phò-bia̍t
破解,phò-kái
神話,sîn-uē
租金,tsoo-kim
索引,sik-ín
純潔,sûn-kiat
紙盒,tsuá-a̍p
缺席,khuat-si̍k
航站,hâng-tsām
茶包,tê-pau
衰弱,sue-jio̍k/sue-lio̍k
起先,khí-sing
起步,khí-pōo
送交,sàng-kau
退票,thè-phiò
退場,thè-tiûnn
追捕,tui-póo
追殺,tui-sat
追趕,tui-kuánn
酒家,tsiú-ka
配發,phuè-huat/phè-huat
配對,phuè-tuì/phè-tuì
馬桶,bé-tháng
高壓,ko-ap
假釋,ká-sik
健保,kiān-pó
偵查,tsing-tsa
副總,hù-tsóng
區長,khu-tiúnn
區間,khu-kan
參數,tsham-sòo
問答,būn-tap
國度,kok-tōo
國營,kok-îng
基準,ki-tsún
執業,tsip-gia̍p
專才,tsuan-tsâi
崩盤,pang-puânn
強求,kiông-kiû
強弱,kiông-jio̍k/kiông-lio̍k
情緣,tsîng-iân
排放,pâi-hòng
排班,pâi-pan
排演,pâi-ián
救贖,kiù-sio̍k
教養,kàu-ióng
教職員,kàu-tsit-uân
梵文,Huān-bûn
毫米,hô-bí
毫克,hô-khik
液體,i̍k-thé
清洗,tshing-sé/tshing-sué
清掃,tshing-sàu
淵源,ian-guân
深沉,tshim-tîm
球友,kiû-iú
球技,kiû-ki
球類,kiû-luī
產物,sán-bu̍t
眾生,tsiòng-sing
被動,pī-tōng
規費,kui-huì
貫穿,kuàn-tshuan
通勤,thong-khîn/thong-khûn
通盤,thong-puânn
連日,liân-ji̍t/liân-li̍t
連連,liân-liân
造船,tsō-tsûn
野餐,iá-tshan
鳥類,tsiáu-luī
創刊,tshòng-khan
勝地,sìng-tē/sìng-tuē
勝算,sìng-suàn
喜宴,hí-iàn
喪生,sòng-sing
單字,tan-jī/tan-lī
報社,pò-siā
報業,pò-gia̍p
寒冷,hân-líng
寒假,hân-ká
復工,ho̍k-kang
惡魔,ok-môo
掌管,tsióng-kuán
掌聲,tsióng-siann
提煉,thê-liān
智商,tì-siong
殖民,si̍t-bîn
港區,káng-khu
減產,kiám-sán
滋潤,tsu-jūn/tsu-lūn
無非,bû-hui
無常,bû-siông
無邊,bû-pian
畫筆,uē-pit
發財,huat-tsâi
發送,huat-sàng
發源地,huat-guân-tē/huat-guân-tuē
稅源,suè-guân/sè-guân
童軍,tông-kun
筆法,pit-huat
結石,kiat-tsio̍h
華府,Huâ-hú
虛構,hi-kòo
越戰,Ua̍t-tsiàn
超人,tshiau-jîn/tshiau-lîn
超速,tshiau-sok
跑道,pháu-tō
鄉民,hiong-bîn
開庭,khui-tîng
開票,khui-phiò
開標,khui-pio
開課,khui-khò
陽春,iông-tshun
雅房,ngá-pâng
雄心,hiông-sim
亂七八糟,luān-tshi-pa-tsau
傳神,thuân-sîn
傷勢,siong-sè
募款,bōo-khuán
奧妙,ò-miāu
意念,ì-liām
意涵,ì-hâm
意圖,ì-tôo
意境,ì-kíng
感官,kám-kuan
感傷,kám-siong
感觸,kám-tshiok
新型,sin-hîng
新舊,sin-kū
會商,huē-siong
業主,gia̍p-tsú
溪水,khe-tsuí/khue-tsuí
溪流,khe-lâu/khue-lâu
煙霧,ian-bū
照樣,tsiàu-iūnn
當紅,tng-âng
禁用,kìm-iōng
聖戰,sìng-tsiàn
落幕,lo̍h-bōo
補強,póo-kiông
裝甲,tsong-kah
解嚴,kái-giâm
解讀,kái-tho̍k
試用,tshì-iōng
詩意,si-ì
資歷,tsu-li̍k
遊民,iû-bîn
遊覽,iû-lám
違憲,uî-hiàn
雷達,luî-ta̍t
電聯車,tiān-liân-tshia
預約,ī-iok/ū-iok
預訂,ī-tīng/ū-tīng
預留,ī-liû/ū-liû
預產期,ī-sán-kî/ū-sán-kî
預設,ī-siat/ū-siat
預警,ī-kíng/ū-kíng
團長,thuân-tiúnn
境地,kíng-tē/kíng-tuē
壽險,siū-hiám
實例,si̍t-lē
對談,tuì-tâm
弊端,pè-tuan
截止,tsia̍t-tsí
撤銷,thiat-siau
榮譽,îng-ū
漁會,hî-huē/hû-huē
滷味,lóo-bī
監聽,kàm-thiann
管線,kóng-suànn
精裝,tsing-tsong
舞步,bú-pōo
舞團,bú-thuân
趕往,kuánn-óng
輕柔,khin-jiû/khin-liû
輕傷,khin-siong
遙控,iâu-khòng
銀器,gîn-khì/gûn-khì
銅管,tâng-kóng
增資,tsing-tsu
審定,sím-tīng
審議,sím-gī
廢棄,huì-khì
廢標,huì-pio
影集,iánn-tsi̍p
徵文,ting-bûn
慶典,khìng-tián
撥付,puah-hù
敵意,ti̍k-ì
暴亂,pō-luān
標點,piau-tiám
歐式,Au-sik
歐盟,Au-bîng
熱誠,jia̍t-sîng/lia̍t-sîng
編舞,pian-bú
編劇,pian-kio̍k
線材,suànn-tsâi
罷免,pā-bián
請願,tshíng-guān
課堂,khò-tn̂g
課業,khò-gia̍p
論點,lūn-tiám
踏入,ta̍p-ji̍p/ta̍h-li̍p
輪椅,lûn-í
養成,ióng-sîng
奮戰,hùn-tsiàn
學長,ha̍k-tiúnn
學說,ha̍k-suat
戰況,tsiàn-hóng
戰區,tsiàn-khu
操盤,tshau-puânn
整數,tsíng-sòo
樹葉,tshiū-hio̍h
機電,ki-tiān
歷來,li̍k-lâi
歷練,li̍k-liān
燈罩,ting-tà
積分,tsik-hun
積水,tsik-tsuí
辨別,piān-pia̍t
辦事,pān-sū
選定,suán-tīng
錯失,tshò-sit
錯覺,tshò-kak
館長,kuán-tiúnn
壓制,ap-tsè
溼度,sip-tōo
療法,liâu-huat
縮影,sok-iánn
總督,tsóng-tok
總價,tsóng-kè
總體,tsóng-thé
聲浪,siann-lōng
聯邦,liân-pang
聯招會,Liân-tsiau-huē
聯席會,liân-si̍k-huē
講解,káng-kái
避難,pī-lān
鮮花,tshinn-hue
殯儀館,pin-gî-kuán
禮盒,lé-a̍p
簡便,kán-piān
簡章,kán-tsiong
豐年祭,hong-nî-tsè
轉送,tsuán-sàng
轉運站,tsuán-ūn-tsām
雙打,siang-tánn
雙向,siang-hiòng
雙門,siang-mn̂g
證交所,Tsìng-kau-sóo
關愛,kuan-ài
難題,lân-tê/lân-tuê
警力,kíng-li̍k
警官,kíng-kuann
警長,kíng-tiúnn
警衛,kíng-uē
黨職,tóng-tsit
轟炸,hong-tsà
霹靂,phik-li̍k
顧慮,kòo-lī/kòo-lū
權勢,khuân-sè
聽友,thiann-iú
聽見,thiann--kìnn
聽話,thiann-uē
戀情,luân-tsîng
罐裝,kuàn-tsng
靈骨塔,lîng-kut-thah
靈敏,lîng-bín
鷹架,ing-kè
一大堆,tsi̍t-tuā-tui
一心一意,it-sim-it-ì
一夜情,tsi̍t-iā-tsîng
一體,it-thé
了結,liáu-kiat
二手貨,jī-tshiú-huè/lī-tshiú-hè
二氧化碳,jī-ióng-huà-thuànn
人事局,Jîn-sū-kio̍k/Lîn-sū-kio̍k
人和,jîn-hô/lîn-hô
人道,jîn-tō/lîn-tō
入會,ji̍p-huē/li̍p-huē
入境,ji̍p-kíng/li̍p-kíng
三國,Sam-kok
三溫暖,sam-un-luán
下垂,hā-suî
千古,tshian-kóo
口才,kháu-tsâi
士官,sū-kuann
大戶,tuā-hōo
大略,tāi-lio̍k
大寫,tuā-siá
大賣場,tuā-bē-tiûnn/tuā-buē-tiûnn
女王,lú-ông
小便,siáu-piān
小島,sió-tó
山坡,suann-pho
山脈,suann-me̍h
工研院,Kang-gián-īnn
工商界,kang-siong-kài
工期,kang-kî
才藝,tsâi-gē
中西,tiong-se
中南美,Tiong-lâm-bí
中南海,Tiong-lâm-hái
中美,Tiong-bí
中原,tiong-guân
互信,hōo-sìn
互補,hōo-póo
五官,ngóo-kuan
元老,guân-ló
內分泌,lāi-hun-pì
內勤,lāi-khîn/lāi-khûn
內褲,lāi-khòo
六輕,La̍k-khin
公子,kong-tsú
公立,kong-li̍p
公有,kong-iú
公私,kong-su
公約,kong-iok
公厘,kong-lî
公然,kong-jiân/kong-liân
公轉,kong-tsuán
分歧,hun-kî
分校,hun-hāu
分組,hun-tsoo
化工,huà-kang
反攻,huán-kong
反問,huán-mn̄g
天王,thian-ông
天涯,thian-gâi
天賦,thian-hù
引入,ín-ji̍p/ín-li̍p
心目中,sim-bo̍k-tiong
心胸,sim-hing
手心,tshiú-sim
手套,tshiú-thò
手錶,tshiú-pió
文法,bûn-huat
文壇,bûn-tuânn
日商,Ji̍t-siong/Li̍t-siong
比數,pí-sòo
毛筆,môo-pit
水床,tsuí-tshn̂g
水鳥,tsuí-tsiáu
水量,tsuí-liōng
水溫,tsuí-un
水壓,tsuí-ap
火光,hué-kng/hé-kng
火警,hué-kíng/hé-kíng
片廠,phìnn-tshiúnn
牛油,gû-iû
世上,sè-siōng
世家,sè-ka
主食,tsú-si̍t
主播,tsú-pòo
充電,tshiong-tiān
出庭,tshut-tîng
出境,tshut-kíng
刊載,khan-tsài
加分,ka-hun
功率,kong-lu̍t
北半球,Pak-puànn-kiû
北歐,Pak-au
占有率,tsiàm-iú-lu̍t
占領,tsiàm-niá
可貴,khó-kuì
古今,kóo-kim
古物,kóo-bu̍t
史料,sú-liāu
臺胞,Tâi-pau
臺鐵,Tâi-thih
句點,kù-tiám
四輪,sì-lián
囚犯,siû-huān
外包,guā-pau
外海,guā-hái
外野,guā-iá
外傷,guā-siong
外籍,guā-tsi̍k
失真,sit-tsin
失落,sit-lo̍h
奴隸,lôo-lē
孕育,īn-io̍k
平反,pîng-huán
本文,pún-bûn
本金,pún-kim
本票,pún-phiò
本壘,pún-luí
民怨,bîn-uàn
犯案,huān-àn
玉山,Gio̍k-san
生化,sing-huà
用法,iōng-huat
交貨,kau-huè/kau-hè
交戰,kau-tsiàn
任內,jīm-lāi/līm-lāi
光臨,kong-lîm
兇惡,hiong-ok
全文,tsuân-bûn
全能,tsuân-lîng
共和,kiōng-hô
冰涼,ping-liâng
列席,lia̍t-si̍k
同性,tông-sìng
各國,kok-kok
名次,miâ-tshù
名條,miâ-tiâu
名譽,bîng-ū
合資,ha̍p-tsu
因緣,in-iân
回教,Huê-kàu/Hê-kàu
地層,tē-tsân/tuē-tsân
地標,tē-piau/tuē-piau
好感,hó-kám
如來,Jû-lâi/Lû-lâi
字型,jī-hîng/lī-hîng
尖刀,tsiam-to
年金,nî-kim
年費,nî-huì
年鑑,nî-kàm
成因,sîng-in
收件,siu-kiānn
收押,siu-ah
死傷,sí-siong
汗水,kuānn-tsuí
百年,pah-nî
肉類,bah-luī
自用,tsū-iōng
自助,tsū-tsōo
自衛,tsū-uē
血癌,hueh-gâm/huih-gâm
行文,hîng-bûn
行事曆,hîng-sū-li̍k
行員,hâng-uân
西區,se-khu
串聯,tshuàn-liân
佛學,Hu̍t-ha̍k
伸長,tshun-tn̂g
免不了,bián-put-liáu
免除,bián-tû
判刑,phuànn-hîng
利害,lī-hāi
劫機,kiap-ki
吳郭魚,ngôo-kueh-hî/ngôo-kueh-hû
告辭,kò-sî
含意,hâm-ì
壯麗,tsòng-lē
宏觀,hông-kuan
序幕,sū-bōo
床鋪,tshn̂g-phoo
忍者,jím-tsiá/lím-tsiá
戒心,kài-sim
抗衡,khòng-hîng
投球,tâu-kiû
改寫,kái-siá
攻讀,kong-tho̍k
村長,tshun-tiúnn
求職,kiû-tsit
決戰,kuat-tsiàn
私底下,su-té-hā/su-tué-hā
走漏,tsáu-lāu
車展,tshia-tián
防火,hông-hué/hông-hé
防毒,hông-to̍k
防護,hông-hōo
兩難,lióng-lân
受益,siū-ik
受騙,siū-phiàn
味覺,bī-kak
周詳,tsiu-siông
夜間,iā-kan
奉獻,hōng-hiàn
奈何,nāi-hô
委屈,uí-khut
季刊,kuì-khan
定點,tīng-tiám
岸邊,huānn-pinn
底線,té-suànn/tué-suànn
延燒,iân-sio
怪怪,kuài-kuài
所致,sóo-tì
抽換,thiu-uānn
抽驗,thiu-giām
拖吊車,thua-tiàu-tshia
放任,hòng-jīm/hòng-līm
放空,pàng-khang
放射,hòng-siā
明朗,bîng-lóng
明智,bîng-tì
東岸,tang-huānn
武功,bú-kong
武將,bú-tsiòng
法定,huat-tīng
法網,huat-bāng
法寶,huat-pó
油性,iû-sìng
油門,iû-mn̂g
油價,iû-kè
油罐車,iû-kuàn-tshia
直系,ti̍t-hē
直播,ti̍t-pòo
知音,ti-im
社教館,Siā-kàu-kuán
空前,khong-tsiân
空隙,khang-khiah
花店,hue-tiàm
花茶,hue-tê
花園,hue-hn̂g
表白,piáu-pi̍k
表態,piáu-thài
迎戰,gîng-tsiàn
金黃,kim-n̂g
長桌,tn̂g-toh
長裙,tn̂g-kûn
長線,tn̂g-suànn
附錄,hù-lo̍k
青草,tshenn-tsháu/tshinn-tsháu
信物,sìn-bu̍t
保戶,pó-hōo
保送,pó-sàng
保單,pó-tuann
保額,pó-gia̍h
俗諺,sio̍k-gān
前程,tsiân-tîng
前線,tsiân-suànn
南亞,Lâm-a
南海,Lâm-hái
品管,phín-kuán
宣誓,suan-sè
宣讀,suan-tho̍k
室外,sik-guā
客串,kheh-tshuàn
帝王,tè-ông
建照,kiàn-tsiàu
後台,āu-tâi
後勤,āu-khîn/āu-khûn
按下,àn-hā
指認,tsí-jīn/tsí-līn
政界,tsìng-kài
政務,tsìng-bū
故宮,Kòo-kiong
柔情,jiû-tsîng/liû-tsîng
架勢,kè-sè
查明,tshâ-bîng
查證,tshâ-tsìng
毒害,to̍k-hāi
毒素,to̍k-sòo
流動率,liû-tōng-lu̍t
流域,liû-hi̍k
流速,liû-sok
流量,liû-liōng
流標,liû-pio
活性,ua̍h-sìng
為止,uî-tsí
皇室,hông-sik
相配,siong-phuè/siong-phè
相通,siong-thong
相連,sio-liân
相傳,siong-thuân
相隔,siong-keh
相貌,siòng-māu
相識,siong-sik
突發,tu̍t-huat
突變,tu̍t-piàn
紅十字會,Âng-si̍p-jī-huē/Âng-si̍p-lī-huē
紅外線,âng-guā-suànn
紅牌,âng-pâi
紅塵,hông-tîn
紀律,kì-lu̍t
約定,iok-tīng
美工,bí-kang
美色,bí-sik
美夢,bí-bāng
美滿,bí-buán
耶誕,Iâ-tàn
胃藥,uī-io̍h
致謝,tì-siā
苦難,khóo-lān
英尺,ing-tshioh
訂製,tīng-tsè
軍階,kun-kai
重生,tiông-sing
重來,tîng-lâi
重型,tāng-hîng
限定,hān-tiānn
限期,hān-kî
面目,bīn-bo̍k
風力,hong-li̍k
風風雨雨,hong-hong-ú-ú
風華,hong-huâ
風雲,hong-hûn
風範,hong-huān
倍數,puē-sòo
倚重,í-tiōng
倒會,tó-huē
個展,kò-tián
修法,siu-huat
修剪,siu-tsián
修習,siu-si̍p
修練,siu-liān
修辭,siu-sû
剝削,pak-siah
原木,guân-bo̍k
原狀,guân-tsōng
原型,guân-hîng
原訂,guân-tīng
原創,guân-tshòng
原裝,guân-tsong
埋伏,bâi-ho̍k
埋怨,bâi-uàn
家務,ka-bū
家禽,ka-khîm
宴請,iàn-tshiánn
宵禁,siau-kìm
射門,siā-mn̂g
射程,siā-tîng
島嶼,tó-sū/tóo-sū
恐龍,khióng-liông
恩怨,un-uàn
捐助,kuan-tsōo
效法,hāu-huat
旁觀者,pông-kuan-tsiá
時日,sî-ji̍t/sî-li̍t
書刊,su-khan
書展,su-tián
校正,kàu-tsìng
根基,kin-ki/kun-ki
根源,kin-guân/kun-guân
桌面,toh-bīn
氣功,khì-kong
氣色,khì-sik
氣派,khì-phài
氣體,khì-thé
氧化,ióng-huà
海水,hái-tsuí
海馬,hái-bé
海運,hái-ūn
海灣,hái-uan
浮雕,phû-tiau
特使,ti̍k-sài
特例,ti̍k-lē
特首,ti̍k-siú
病史,pēnn-sú/pīnn-sú
破除,phò-tû
祖產,tsóo-sán
神態,sîn-thài
租約,tsoo-iok
祕笈,pì-ki̍p
笑聲,tshiò-siann
紋理,bûn-lí
紋路,bûn-lōo
素養,sòo-ióng
紛亂,hun-luān
紛雜,hun-tsa̍p
缺憾,khuat-hām
能耐,lîng-nāi
航程,hâng-tîng
航權,hâng-khuân
茶藝館,tê-gē-kuán
託付,thok-hù
起草,khí-tshó
起駕,khí-kà
迷失,bê-sit
迷思,bê-su
退還,thè-hîng
迴避,huê-pī
追擊,tui-kik
酒店,tsiú-tiàm
配色,phuè-sik/phè-sik
閃光,siám-kng
院區,īnn-khu
骨架,kut-kè
高地,ko-tē/ko-tuē
高架,ko-kè
停工,thîng-kang
停刊,thîng-khan
停靠,thîng-khò
做為,tsò-uî/tsuè-uî
偵察,tsing-tshat
偏重,phian-tiōng
副刊,hù-khan
動亂,tōng-luān
商務,siong-bū
商隊,siong-tuī
唱法,tshiùnn-huat
唱盤,tshiùnn-puânn
問話,mn̄g-uē
國手,kok-tshiú
國文,kok-bûn
國父,Kok-hū
國片,kok-phìnn
國安會,Kok-an-huē
國情,kok-tsîng
國道,kok-tō
堅信,kian-sìn
執筆,tsip-pit
執勤,tsip-khîn/tsip-khûn
宿命,siok-bīng
專任,tsuan-jīm/tsuan-līm
專政,tsuan-tsìng
專員,tsuan-uân
專書,tsuan-su
專精,tsuan-tsing
專職,tsuan-tsit
將士,tsiòng-sū
常務,siông-bū
帶狀,tài-tsōng
強姦,kiông-kan
強度,kiông-tōo
彩繪,tshái-huē
得票,tik-phiò
探究,thàm-kiù
接班,tsiap-pan
接單,tsiap-tuann
掩護,iám-hōo
掃黃,sàu-n̂g
推案,thui-àn
推翻,thui-huan
授課,siū-khò
採納,tshái-la̍p
救濟,kiù-tsè
教廷,Kàu-tîng
教宗,Kàu-tsong
敗壞,pāi-huāi
敘事,sū-sū
晚安,buán-an
梯次,the-tshù
條文,tiâu-bûn
淡薄,tām-po̍h
淒涼,tshe-liâng
深情,tshim-tsîng
深層,tshim-tsân
牽引,khan-ín
理監事,lí-kàm-sū
異國,ī-kok
疏散,soo-sàn
眾神,tsiòng-sîn
票據,phiò-kì/phiò-kù
票選,phiò-suán
祭品,tsè-phín
移居,î-ku
移師,î-su
第二春,tē-jī-tshun/tuē-lī-tshun
第四台,tē-sì-tâi/tuē-sì-tâi
符碼,hû-má
粗淺,tshoo-tshián
組件,tsoo-kiānn
組別,tsoo-pia̍t
終年,tsiong-nî
終點,tsiong-tiám
脫水,thuat-tsuí
貨款,huè-khuán/hè-khuán
通信,thong-sìn
通俗,thong-sio̍k
通航,thong-hâng
通關,thong-kuan
連貫,liân-kuàn
透天,thàu-thinn
透視,thàu-sī
野台戲,iá-tâi-hì
野花,iá-hue
陳設,tîn-siat
陰暗,im-àm
章節,tsiong-tsiat
魚群,hî-kûn/hû-kûn
魚類,hî-luī/hû-luī
創始,tshòng-sí
勞委會,Lô-uí-huē
勞苦,lô-khóo
勞資,lô-tsu
勝訴,sìng-sòo
喜氣,hí-khì
圍捕,uî-póo
圍堵,uî-tóo
復古,ho̍k-kóo
復發,ho̍k-huat
提報,thê-pò
景況,kíng-hóng
景致,kíng-tì
暑期,sú-kî
智能,tì-lîng
港灣,káng-uan
渡海,tōo-hái
湖面,ôo-bīn
無妨,bû-hông
無知,bû-ti
無緣,bô-iân
猩猩,sing-sing
畫法,uē-huat
畫展,uē-tián
畫像,uē-siōng
畫圖,uē-tôo
畫質,uē-tsit
發函,huat-hâm
發病,huat-pēnn/huat-pīnn
發聲,huat-siann
盜版,tō-pán
硬化,ngē-huà/ngī-huà
窗外,thang-guā
等到,tán-kàu
筆試,pit-tshì
結交,kiat-kau
結業,kiat-gia̍p
結緣,kiat-iân
紫色,tsí-sik
裁示,tshâi-sī
裁定,tshâi-tīng
裁員,tshâi-uân
評定,phîng-tīng
詐領,tsà-niá
超凡,tshiau-huân
超收,tshiau-siu
超然,tshiau-jiân/tshiau-liân
進用,tsìn-iōng
進貨,tsìn-huè/tsìn-hè
進階,tsìn-kai
鄉愁,hiong-tshiû
開門,khui-mn̂g
開端,khai-tuan
雅緻,ngá-tì
雄偉,hiông-uí
集會,tsi̍p-huē
集權,tsi̍p-khuân
飲用水,ím-iōng-tsuí
飲品,ím-phín
黃絲帶,n̂g-si-tuà
亂源,luān-guân
亂碼,luān-bé
傳回,thuân-huê/thuân-hê
傳單,thuân-tuann
傳媒,thuân-muî
傳話,thuân-uē
催眠,tshui-bîn
傷寒,siong-hân
匯集,huē-tsi̍p
園遊會,uân-iû-huē
園藝,uân-gē
塑身,sok-sin
微弱,bî-jio̍k/bî-lio̍k
意象,ì-siōng
搜救,soo-kiù
搶救,tshiúnn-kiù
新任,sin-jīm/sin-līm
新式,sin-sik
新增,sin-tsing
會報,huē-pò
溪頭,Khe-thâu/Khue-thâu
煎餅,tsian-piánn
煩心,huân-sim
當日,tong-ji̍t/tong-li̍t
盟友,bîng-iú
節稅,tsiat-suè/tsiat-sè
義工,gī-kang
聖嬰,Sìng-ing
落入,lo̍h-ji̍p/lo̍h-li̍p
落下,lo̍h-hā
號外,hō-guā
補校,póo-hāu
補給,póo-kip
補選,póo-suán
補繳,póo-kiáu
解析,kái-sik
解套,kái-thò
解救,kái-kiù
解碼,kái-má
詳盡,siông-tsīn
詩句,si-kù
詩作,si-tsok
話劇,uē-kio̍k
路上,lōo-siōng
路徑,lōo-kìng
跳動,thiàu-tōng
跳棋,thiàu-kî
跳樓,thiàu-lâu
載入,tsài-ji̍p/tsài-li̍p
載客,tsài-kheh
運量,ūn-liōng
遊樂,iû-lo̍k
過剩,kuè-sīng
遍佈,piàn-pòo
鉛球,iân-kiû
電阻,tiān-tsóo
電流,tiān-liû
電路,tiān-lōo
電磁,tiān-tsû
預知,ī-ti/ū-ti
頒佈,pan-pòo
飽滿,pá-muá
嘉賓,ka-pin
團費,thuân-huì
圖騰,tôo-thîng
夢見,bāng-kìnn
實況,si̍t-hóng
實戰,si̍t-tsiàn
對焦,tuì-tsiau
對準,tuì-tsún
彰顯,tsiong-hián
慘烈,tshám-lia̍t
截稿,tsia̍t-kó
榮民,îng-bîn
演進,ián-tsìn
演藝,ián-gē
漢人,Hàn-jîn/Hàn-lîn
漫談,bān-tâm
漁業,hî-gia̍p/hû-gia̍p
疑點,gî-tiám
疑難,gî-lân
盡頭,tsīn-thâu
監理,kàm-lí
精子,tsing-tsú
精巧,tsing-khá
綠卡,li̍k-khah
罰球,hua̍t-kiû
腐敗,hú-pāi
腐爛,hú-nuā
臺電,Tâi-tiān
舞曲,bú-khik
舞動,bú-tōng
舞會,bú-huē
製法,tsè-huat
製播,tsè-pòo
認領,jīn-niá/līn-niá
說唱,suat-tshiùnn
遠見,uán-kiàn
酵素,kànn-sòo
銀樓,gîn-lâu/gûn-lâu
銅環,tâng-khuân
閣樓,koh-lâu
領軍,niá-kun
劇院,kio̍k-īnn
噴射,phùn-siā
噴墨,phùn-ba̍k
增生,tsing-sing
寬容,khuan-iông
審視,sím-sī
寫生,siá-sing
廢氣,huì-khì
廣義,kóng-gī
廠長,tshiúnn-tiúnn
彈奏,tuânn-tsàu
徵求,ting-kiû
慧眼,huī-gán
摩西,Môo-se
撥款,puah-khuán
撫慰,hú-uì
敵對,ti̍k-tuì
樣式,iūnn-sik
標明,piau-bîng
樓層,lâu-tsàn
樂界,ga̍k-kài
樂音,ga̍k-im
潰瘍,khuì-iông
熟練,si̍k-liān
熱火,jia̍t-hué/lia̍t-hué
熱度,jia̍t-tōo/lia̍t-tōo
熱舞,jia̍t-bú/lia̍t-bú
獎牌,tsióng-pâi
稿費,kó-huì
緣份,iân-hūn
衛兵,uē-ping
調和,tiâu-hô
調配,tiâu-phuè/tiâu-phè
調理,tiâu-lí
調頻,tiâu-pîn
論調,lūn-tiāu
賞花,siúnn-hue
賞畫,siúnn-uē
踏出,ta̍h-tshut
鋪路,phoo-lōo
震動,tsìn-tōng
駐軍,tsù-kun
黎明,lê-bîng
儒家,Jû-ka/Lû-ka
學府,ha̍k-hú
學會,ha̍k-huē
導師,tō-su
戰事,tsiàn-sū
橫向,huâinn-hiòng/huînn-hiòng
機油,ki-iû
燈具,ting-kū
磨練,buâ-liān
親和,tshin-hô
親筆,tshin-pit
親善,tshin-siān
謀取,bôo-tshú
謀殺,bôo-sat
遵照,tsun-tsiàu
選務,suán-bū
選單,suán-tuann
鋼牙,kǹg-gê
鋼筋,kǹg-kin/kǹg-kun
鋼絲,kǹg-si
錄用,lo̍k-iōng
錄影,lo̍k-iánn
錦標,kím-piau
隨機,suî-ki
靜音,tsīng-im
頭頂,thâu-tíng
應急,ìng-kip
應徵,ìng-ting
擊退,kik-thè
燭光,tsik-kng
環節,khuân-tsiat
總結,tsóng-kiat
聯播,liân-pòo
膽識,tám-sik
舉出,kí-tshut/kú-tshut
講求,káng-kiû
講座,káng-tsō
邀約,iau-iok
鞠躬,kiok-kiong
斷定,tuàn-tīng
斷訊,tn̄g-sìn
斷頭,tn̄g-thâu
歸類,kui-luī
職災,tsit-tsai
職缺,tsit-khueh/tsit-kheh
職能,tsit-lîng
職訓,tsit-hùn
藍調,nâ-tiāu
轉手,tsuán-tshiú
轉折,tsuán-tsiat
轉接,tsuán-tsiap
轉速,tńg-sok
鎮靜,tìn-tsīng
離奇,lî-kî
離散,lî-sàn
離職,lî-tsit
雜音,tsa̍p-im
雜質,tsa̍p-tsit
雙腿,siang-thuí
雙親,siang-tshin
雙贏,siang-iânn
雞肉,ke-bah/kue-bah
題庫,tê-khòo/tuê-khòo
鬆軟,sang-nńg
穩重,ún-tiōng
繳款,kiáu-khuán
繳費,kiáu-huì
藝品,gē-phín
藥廠,io̍h-tshiúnn
關照,kuan-tsiàu
難民,lān-bîn
難關,lân-kuan
韻味,ūn-bī
顛峰,tian-hong
嚴峻,giâm-tsùn
寶典,pó-tián
寶島,pó-tó/pó-tóo
獻身,hiàn-sin
競技,kīng-ki
籌募,tiû-bōo
籃框,nâ-khing
警局,kíng-kio̍k
警車,kíng-tshia
警界,kíng-kài
警消,kíng-siau
譯者,i̍k-tsiá
贏球,iânn-kiû
飄揚,phiau-iông
黨工,tóng-kang
黨政,tóng-tsìng
黨章,tóng-tsiong
欄位,nuâ-uī
灌注,kuàn-tsù
護航,hōo-hâng
護膚,hōo-hu
護欄,hōo-lân
鐵門,thih-mn̂g
鐵質,thih-tsit
霸權,pà-khuân
魔力,môo-li̍k
讀物,tho̍k-bu̍t
鑑賞,kàm-sióng
竊盜,tshiap-tō
變異,piàn-ī
變速,piàn-sok
變質,piàn-tsit
顯出,hián-tshut
顯微鏡,hián-bî-kiànn
體悟,thé-ngōo
靈巧,lîng-khá
鹼性,kinn-sìng
鹽份,iâm-hūn
鹽水,iâm-tsuí
觀想,kuan-sióng
觀照,kuan-tsiàu
觀摩,kuan-môo
口語,kháu-gí/kháu-gú
大部份,tuā-pōo-hūn
工錢,kang-tsînn
天邊,thinn-pinn
水底,tsuí-té
水缸,tsuí-kng
他鄉,thann-hiong
全家,tsuân-ke
冷風,líng-hong
冷盤,líng-puânn
含笑,hâm-tshiàu
吟詩,gîm-si
稀罕,hi-hán
忍心,jím-sim/lím-sim
和好,hô-hó
河邊,hô-pinn
油菜花,iû-tshài-hue
花燈,hue-ting
初戀,tshoo-luân
拼音,phing-im
相思,siunn-si
軍師,kun-su
音樂聲,im-ga̍k-siann
員外,uân-guē
純情,sûn-tsîng
胸前,hing-tsîng
乾杯,kan-pue
做官,tsò-kuann
動詞,tōng-sû
情份,tsîng-hūn
惜別,sioh-pia̍t
探戈,thàn-gòo
殖民者,si̍t-bîn-tsiá
等號,tíng-hō
華語,Huâ-gí/Huâ-gú
傳教,thuân-kàu
傳道,thuân-tō
傷風,siong-hong
微波爐,bî-pho-lôo
電台,tiān-tâi
夢中,bāng-tiong
盡心,tsīn-sim
福利社,hok-lī-siā
語義,gí-gī/gú-gī
獎券,tsióng-kuàn
戰後,tsiàn-āu
親情,tshin-tsîng
閻王,Giâm-ông
羅馬字,Lô-má-jī/Lô-má-lī
讀書,tha̍k-tsu
變做,piàn-tsò/piàn-tsuè
掃地,sàu-tè
內野,lāi-iá
滿壘,muá-luí
全壘打,tsuân-luí-tánn
界外球,kài-guā-kiû
短打,tuán-tánn
做對,tsò-tuì/tsuè-tuì
天燈,thinn-ting
離家出走,lī-ka-tshut-tsáu
壓倒,ah-tó
透澈,thàu-thiat
鴨肉,ah-bah
暗想,àm-siūnn
紅血球,âng-hueh-kiû/âng-huih-kiû
安全帶,an-tsuân-tuà
案由,àn-iû
後期,āu-kî
文武,bûn-bú
文科,bûn-kho
門生,bûn-sing
開紅盤,khui-âng-puânn
文才,bûn-tsâi
封關,hong-kuan
物證,bu̍t-tsìng
物產,bu̍t-sán
樂譜,ga̍k-phóo
眼界,gán-kài
額外,gia̍h-guā
研究所,gián-kiù-sóo
玉環,gi̍k-khuân
誤差,gōo-tsha
牛頭馬面,gû-thâu bé-bīn
自然人,tsū-jiân-jîn/tsū-liân-lîn
外號,guā-hō
外行人,guā-hâng-lâng
外國人,guā-kok-lâng
月考,gue̍h-khó/ge̍h-khó
月球,gue̍h-kiû/ge̍h-kiû
月票,gue̍h-phiò/ge̍h-phiò
月薪,gue̍h-sin/ge̍h-sin
下流,hā-liû
下凡,hā-huān
含糊,hâm-hôo
罕有,hán-iú
寒帶,hân-tài
限時,hān-sî
行號,hâng-hō
校刊,hāu-khan
校規,hāu-kui
現代人,hiān-tāi-lâng
血親,hiat-tshin
還願,hîng-guān
還債,hîng-tsè
複審,ho̍k-sím
荒郊,hong-kau
放生,pàng-senn/pàng-sinn
放射線,hòng-siā-suànn
防災,hông-tsai
護衛,hōo-uē
夢想,bāng-sióng
富足,hù-tsiok
副作用,hù-tsok-iōng
父親,hū-tshin
花言巧語,hua-giân-khá-gí/hua-giân-khá-gú
花天酒地,hua-thian-tsiú-tē/hua-thian-tsiú-tuē
發條,huat-tiâu
發火,huat-hué/huat-hé
發表會,huat-piáu-huē
回診,huê-tsín
會考,huē-khó
血清,hueh-tshing/huih-tshing
血絲,hueh-si/huih-si
血水,hueh-tsuí/huih-tsuí
血球,hueh-kiû/huih-kiû
以內,í-lāi
預感,ī-kám/ū-kám
央請,iang-tshiánn
影像,iánn-siōng
音標,im-piau
音韻,im-ūn
營養師,îng-ióng-su
約定俗成,iok-tīng-sio̍k-sîng
勇猛,ióng-bíng
養病,ióng-pēnn/ióng-pīnn
有求必應,iú-kiû-pit-ìng
誘拐,iú-kuái
遊樂園,iû-lo̍k-hn̂g
遊樂區,iû-lo̍k-khu
游泳池,iû-íng-tî
人情味,jîn-tsîng-bī/lîn-tsîng-bī
改過自新,kái-kò-tsū-sin
解禁,kái-kìm
監護,kàm-hōo
監察,kàm-tshat
講台,káng-tâi
講評,káng-phîng
降溫,kàng-un
教案,kàu-àn
教派,kàu-phài
交界,kau-kài
機器人,ki-khì-lâng
基金會,ki-kim-huē
記過,kì-kò
旗杆,kî-kuann
寄賣,kià-bē/kià-buē
寄居,kià-ki/kià-ku
見義勇為,kiàn-gī-ióng-uî
健美,kiān-bí
斤兩,kin-niú/kun-niú
驚天動地,kiann-thinn-tāng-tē/kiann-thinn-tāng-tuē
救難,kiù-lān
告密,kò-bi̍t
告發,kò-huat
告別式,kò-pia̍t-sik
公權,kong-khuân
公證,kong-tsìng
講理,kóng-lí
講法,kóng-huat
瓜葛,kua-kat
歌廳,kua-thiann
掛念,khuà-liām
管區,kuán-khu
肝臟,kuann-tsōng
決算,kuat-suàn
過期,kuè-kî/kè-kî
過境,kuè-kíng/kè-kíng
過慮,kuè-lī/kè-lū
開支,khai-tsi
看護,khàn-hōo
氣管,khì-kńg
牽制,khian-tsè
曲調,khik-tiāu
輕聲,khin-siann
輕信,khin-sìn
輕敵,khing-ti̍k
科學家,kho-ha̍k-ka
課稅,khò-suè/khò-sè
礦物質,khòng-bu̍t-tsit
快餐,khuài-tshan
寬裕,khuan-jū/khuan-lū
內視鏡,lāi-sī-kiànn
難產,lân-sán
難事,lân-sū
老百姓,láu-peh-sènn/láu-peh-sìnn
老伴,lāu-phuānn
老狐狸,lāu-hôo-lî
禮儀社,lé-gî-siā
年表,nî-pió
求才,kiû-tsâi
裂痕,li̍h-hûn
領海,líng-hái
領事,líng-sū
兩全,lióng-tsuân
留名,lâu-miâ
求生,kiû-sing
流連,liû-liân
流質,liû-tsit
樂天知命,lo̍k-thian-ti-bīng
農產品,lông-sán-phín
農舍,lông-sià
內臟,luē-tsōng
弄權,lōng-khuân
門聯,mn̂g-liân
問路,mn̄g-lōo
門牌,mn̂g-pâi
門縫,mn̂g-phāng
門窗,mn̂g-thang
毛料,môo-liāu
滿面春風,muá-bīn-tshun-hong
迎新,ngiâ-sin
領班,niá-pan
把守,pé-siú
排水管,pâi-tsuí-kóng
板金,pán-kim
白血球,pe̍h-hueh-kiû/pe̍h-huih-kiû
病源,pēnn-guân/pīnn-guân
病根,pēnn-kin/pīnn-kun
病症,pēnn-tsìng/pīnn-tsìng
病蟲害,pēnn-thâng-hāi/pīnn-thâng-hāi
被害,pī-hāi
壁爐,piah-lôo
標籤,piau-tshiam
標語,piau-gí/piau-gú
屏風,pîn-hong
兵營,ping-iânn
平輩,pênn-puè/pînn-puè
隔熱,keh-jia̍t/keh-lia̍t
扁鑽,pínn-tsǹg
筆勢,pit-sè
畢業生,pit-gia̍p-sing
飯廳,pn̄g-thiann
報廢,pò-huì
報應,pò-ìng
報喪,pò-song
薄利,po̍h-lī
布尺,pòo-tshioh
半島,puàn-tó/puàn-tóo
半票,puànn-phiò
半途,puànn-tôo
本年度,pún-nî-tōo
片段,phiàn-tuān
三番兩次,sam-huan-lióng-tshù
送行,sàng-hîng
送別,sàng-pia̍t
西曆,se-li̍k
死水,sí-tsuí
時間表,sî-kan-pió
邪說,siâ-suat
先人,sian-jîn/sian-lîn
聲韻,siann-ūn
城門,siânn-mn̂g
少奶奶,siáu-nái-nái
少棒,siàu-pāng
心算,sim-suàn
心電圖,sim-tiān-tôo
心導管,sim-tō-kńg
聖賢,sìng-hiân
聖人,sìng-jîn/sìng-lîn
小費,sió-huì
小數點,sió-sòo-tiám
縮寫,sok-siá
十全十美,si̍p-tsuân-si̍p-bí
食言,si̍t-giân
收養,siu-ióng
算術,sǹg-su̍t
喪家,song-ka
疏通,soo-thong
搜查,soo-tsa
數詞,sòo-sû
死神,sí-sîn
師範,su-huān
師徒,su-tôo
使用權,sú-iōng-khuân
使用者,sú-iōng-tsiá
砂糖,sua-thn̂g
衰微,sue-bî
成見,sîng-kiàn
成語,sîng-gí/sîng-gú
代課,tāi-khò
膽寒,tám-hân
單行道,tan-hîng-tō
重音,tāng-im
重罪,tāng-tsuē
膽汁,tánn-tsiap
地域,tē-hi̍k/tuē-hi̍k
地契,tē-khè/tuē-khuè
調職,tiàu-tsit
吊帶,tiàu-tuà
調節,tiâu-tsiat
朝廷,tiâu-tîng
朝政,tiâu-tsìng
德行,tik-hīng
沉迷,tîm-bê
珍藏,tin-tsông
陳年,tîn-nî
毒氣,to̍k-khì
東山再起,tong-san-tsài-khí
當地人,tong-tē-lâng/tong-tuē-lâng
同盟,tông-bîng
同意書,tông-ì-su
大驚小怪,tuā-kiann-sió-kuài
大小姐,tuā-sió-tsiá
大腦,tuā-náu
大腸鏡,tuā-tn̂g-kiànn
頓悟,tùn-ngōo
胎兒,thai-jî/thai-lî
胎教,thai-kàu
胎生,thai-sing
胎位,thai-uī
探監,thàm-kann
添壽,thiam-siū
天機,thian-ki
聽課,thiann-khò
鐵窗,thih-thang
抽血,thiu-hueh/thiu-huih
讀音,tho̍k-im
讀本,tho̍k-pún
傳家寶,thuân-ka-pó
傳令,thuân-līng
在外,tsāi-guā
在內,tsāi-lāi
在位,tsāi-uī
指正,tsí-tsìng
前例,tsiân-lē
正牌,tsiànn-pâi
接應,tsiap-ìng
照會,tsiàu-huē
照例,tsiàu-lē
指名,tsí-miâ
爭權奪利,tsing-khuân-tua̍t-lī
爭辯,tsing-piān
整容,tsíng-iông
箭頭,tsìnn-thâu
罪惡感,tsuē-ok-kám
石英,tsio̍h-ing
將心比心,tsiong-sim-pí-sim
酒量,tsiú-liōng
酒令,tsiú-līng
子音,tsú-im
轉達,tsuán-ta̍t
全票,tsuân-phiò
絕版,tsua̍t-pán
水陸,tsuí-lio̍k
母音,bú-im
輔音,hú-im
元音,guân-im
插圖,tshah-tôo
插曲,tshah-khik
插播,tshah-pòo
採收,tshái-siu
參差,tsham-tshi
參政,tsham-tsìng
草堆,tsháu-tui
臭名,tshàu-miâ
生薑,tshenn-kiunn/tshinn-kiunn
優待票,iu-thāi-phiò
千言萬語,tshian-giân-bān-gí/tshian-giân-bān-gú
唱票,tshiàng-phiò
草稿,tshó-kó
初版,tshoo-pán
初等,tshoo-tíng
初診,tshoo-tsín
推理,thui-lí
有理,ū-lí
活命,ua̍h-miā
遠洋,uán-iûnn
遠視,uán-sī
畫架,uē-kè/uī-kè
畫稿,uē-kó/uī-kó
胃腸,uī-tn̂g
隱藏,ún-tsông
遠征,uán-tsing
委派,uí-phài
委員會,uí-uân-huē
慰問金,uì-būn-kim
違抗,uî-khòng
遺址,uî-tsí
違約金,uî-iok-kim
違禁品,uî-kìm-phín
溫室效應,un-sik hāu-ìng
破財,phò-tsâi
白銀,pe̍h-gîn/pe̍h-gûn
標價,piau-kè
保險費,pó-hiám-huì
保險金,pó-hiám-kim
保養品,pó-ióng-phín
寶地,pó-tē/pó-tuē
報名費,pò-miâ-huì
薄命,po̍k-bīng
補助費,póo-tsōo-huì
補助金,póo-tsōo-kim
步道,pōo-tō
搬遷,puan-tshian
飛航,hui-hâng
賠罪,puê-tsuē/pê-tsuē
不忠,put-tiong
派遣,phài-khián
派別,phài-pia̍t
派兵,phài-ping
派員,phài-uân
漂流,phiau-liû
聘用,phìng-iōng
片頭,phìnn-thâu
鼻血,phīnn-hueh/phīnn-huih
票源,phiò-guân
票箱,phiò-siunn
票數,phiò-sòo
破案,phò-àn
普選,phóo-suán
普查,phóo-tsa
譜曲,phóo-khik
葡萄乾,phû-tô-kuann
保證金,pó-tsìng-kim
幹細胞,kàn-sè-pau/kàn-suè-pau
梳妝,se-tsng/sue-tsng
立春,li̍p-tshun
雨水,ú-suí
驚蟄,kenn-ti̍t
春分,tshun-hun
清明,tshing-bîng/tshinn-miâ
穀雨,kok-ú
立夏,li̍p-hē
小滿,sió-buán
芒種,bông-tsíng
夏至,hē-tsì
小暑,siáu-sú
大暑,tāi-sú
立秋,li̍p-tshiu
處暑,tshù-sú
白露,pe̍h-lōo
秋分,tshiu-hun
寒露,hân-lōo
霜降,sng-kàng
立冬,li̍p-tang
小雪,siáu-suat
大雪,tāi-suat
冬節,tang-tseh/tang-tsueh
小寒,siáu-hân
大寒,tāi-hân
a-lú-mih,a-lú-mih
a-móo-ní-á,a-móo-ní-á
a-ní-khih,a-ní-khih
a-sír-phí-lín,a-sír-phí-lín
á-geh,á-geh
a̋i-sat-tsuh,a̋i-sat-tsuh
a̋i-sīr-khu-lìn-mù,a̋i-sīr-khu-lìn-mù
àn-nāi,àn-nāi
a̍t-sá-lih,a̍t-sá-lih
àu-tsuh,àu-tsuh
bá-luh,bá-luh
bá-suh,bá-suh
bá-tah,bá-tah
bai-óo-lín,bai-óo-lín
ba̋i-khín,ba̋i-khín
bak-kuh,bak-kuh
bàn-bà,bàn-bà
bàng-gà,bàng-gà
ba̍t-té-lih,ba̍t-té-lih
bat-tah,bat-tah
bi-tá-bín,bi-tá-bín
bì-lù,bì-lù
biat-tooh,biat-tooh
bo̍k-sìn-gù,bo̍k-sìn-gù
bòo-lù,bòo-lù
bòo-tòo,bòo-tòo
bu-là-jià,bu-là-jià
e-pú-lóng,e-pú-lóng
ga-sóo-lín,ga-sóo-lín
gá-lah,gá-lah
gá-suh,gá-suh
gì-tà,gì-tà
giāng,giāng
gōo-bōo,gōo-bōo
goo-lú-huh,goo-lú-huh
ha-móo-ní-khah,ha-móo-ní-khah
há-muh,há-muh
ha̋i-khé-khá-kuh,ha̋i-khé-khá-kuh
hài-ià,hài-ià
hái-kat-lá,hái-kat-lá
ha̋n-tóo-luh,ha̋n-tóo-luh
ha̋ng-góo,ha̋ng-góo
hi-nóo-khih,hi-nóo-khih
hoo-lú-bóng,hoo-lú-bóng
hoo-té-luh,hoo-té-luh
hú-looh,hú-looh
iá-mih,iá-mih
ia̋n-jín,ia̋n-jín
iő-káng,iő-káng
ió-bih,ió-bih
iú-lih,iú-lih
ji-lú-bah,ji-lú-bah
jiak-kuh,jiak-kuh
jiàn-bà,jiàn-bà
jió-toh,jió-toh
kha-báng,kha-báng
kha-lá-óo-khe,kha-lá-óo-khe
kha-mé-lah,kha-mé-lah
kha-tá-lok-guh,kha-tá-lok-guh
kha-tián,kha-tián
khà-sàng,khà-sàng
khà-tsiàng,khà-tsiàng
kha̋n-jióo,kha̋n-jióo
kha̋ng-páng,kha̋ng-páng
khe-tsiap-puh,khe-tsiap-puh
khi-móo-tsih,khi-móo-tsih
khí-looh,khí-looh
khiā-hang,khiā-hang
khit-teh,khit-teh
khiű-khé,khiű-khé
khok-puh,khok-puh
khōng-ku-lí,khōng-ku-lí
khòng-buh,khòng-buh
khoo-lé-lah,khoo-lé-lah
khoo-mí-sióng,khoo-mí-sióng
khòo-tòo,khòo-tòo
khu-lá-tsih,khu-lá-tsih
khu-lì-mù,khu-lì-mù
la-jí-ooh,la-jí-ooh
la-kiat-tooh,la-kiat-tooh
la-mú-neh,la-mú-neh
la̋i-jiòo-bù,la̋i-jiòo-bù
la̋i-lìn-gù,la̋i-lìn-gù
lài-tah,lài-tah
lê-bóng,lê-bóng
lè-sìr,lè-sìr
li-á-khah,li-á-khah
lia̋n-táng,lia̋n-táng
li̋n-jín,li̋n-jín
lìn-gòo,lìn-gòo
loo-lài-bà,loo-lài-bà
lòo-suh,lòo-suh
lóo-lí-á,lóo-lí-á
ma-lá-lí-á,ma-lá-lí-á
ma-lá-sóng,ma-lá-sóng
ma-sà-tsì,ma-sà-tsì
mài-kù,mài-kù
me-lí-á,me-lí-á
me-lóng,me-lóng
mè-sì,mè-sì
mi-sín,mi-sín
mí-sooh,mí-sooh
mòo-tà,mòo-tà
na̋i-lóng,na̋i-lóng
ne-kut-tái,ne-kut-tái
nè-tsiàng,nè-tsiàng
nőo-sín,nőo-sín
nóo-lih,nóo-lih
oo-bá-sáng,oo-bá-sáng
oo-jí-sáng,oo-jí-sáng
oo-lián,oo-lián
oo-lín-gióo,oo-lín-gióo
oo-nè-sàng,oo-nè-sàng
oo-tóo-bái,oo-tóo-bái
òo-bà,òo-bà
pha-tsìn-kòo,pha-tsìn-kòo
pha̋-siàn-tòo,pha̋-siàn-tòo
pháng,pháng
phàng-kù,phàng-kù
phi-á-nooh,phi-á-nooh
phiàn-tsih,phiàn-tsih
phi̋n-phóng,phi̋n-phóng
phòng-phù,phòng-phù
phu-lóo-phé-lá,phu-lóo-phé-lá
pu-lù-sù,pu-lù-sù
sa-khá-lí-bah,sa-khá-lí-bah
sa-khú-lah,sa-khú-lah
sa-sí-mih,sa-sí-mih
sa̋-bì-sù,sa̋-bì-sù
sài-sù,sài-sù
sak-khuh,sak-khuh
sa̋m-phú-luh,sa̋m-phú-luh
sàn-bah,sàn-bah
se-bí-looh,se-bí-looh
sè-hù,sè-hù
si-á-geh,si-á-geh
sia-sín,sia-sín
siat-tooh,siat-tooh
siat-tsuh,siat-tsuh
sio̍k-pháng,sio̍k-pháng
si̍p-pán-ná,si̍p-pán-ná
sir-bé-lí-lái,sir-bé-lí-lái
sir-tián-lè-sù,sir-tián-lè-sù
sòo-sù,sòo-sù
su-khù-tà,su-khù-tà
su-lit-pah,su-lit-pah
su-tó-lip-puh,su-tó-lip-puh
sú-sih,sú-sih
tha-khú-áng,tha-khú-áng
tha-khú-sih,tha-khú-sih
tha-thá-mih,tha-thá-mih
thài-ià,thài-ià
thài-lù,thài-lù
thak-khooh,thak-khooh
thàn-gòo,thàn-gòo
thàng-sù,thàng-sù
that-bí,that-bí
the-ní-suh,the-ní-suh
thia̋n-pú-lah,thia̋n-pú-lah
thoo-lá-khuh,thoo-lá-khuh
thoo-má-tooh,thoo-má-tooh
tòo-sàng,tòo-sàng
tshia̋n-pá-lah,tshia̋n-pá-lah
tsiok-kih,tsiok-kih
tsioo-kóo-lè-tòo,tsioo-kóo-lè-tòo
tsit-puh,tsit-puh
u-lóng,u-lóng
ua-khá-móo-tooh,ua-khá-móo-tooh
ua-lù-tsuh,ua-lù-tsuh
ua-sá-bih,ua-sá-bih
ua̋i-siat-tsuh,ua̋i-siat-tsuh
ùn-tsiàng,ùn-tsiàng
九份二山,Káu-hūn-jī-suann
八卦山,Pat-kuà-suann
七星山,Tshit-tshenn-suann/Tshit-tshinn-suann
八通關大山,Pat-thong-kuan-tuā-suann
大屯山,Tuā-tūn-suann
大肚山,Tuā-tōo-suann
大武山,Tāi-bú-suann
大雪山,Tuā-suat-suann
大霸尖山,Tuā-pà-tsiam-suann
小觀音山,Sió-kuan-im-suann
丹大山,Tan-tuā-suann
中央山脈,Tiong-iong Suann-me̍h
中央尖山,Tiong-iong-tsiam-suann
五指山,Ngóo-tsí-suann
木瓜山,Bo̍k-kue-suann
巴陵,Pa-lîng
太魯閣大山,Thāi-lóo-kooh-tuā-suann
火炎山,Hué-iām-suann
北合歡山,Pak-ha̍p-huan-suann
半屏山,Puànn-pîng-suann
北插天山,Pak-tshah-thian-suann
玉山,Gio̍k-san
向天湖山,Hiòng-thian-ôo-suann
竹仔山,Tik-á-suann
秀姑巒山,Siù-koo-luân-suann
角板山,Kak-pán-suann
卑南主山,Pi-lâm-tsú-suann
奇萊主山北峰,Kî-lâi-tsú-suann-pak-hong
拉拉山,Lá-lá-san
阿里山,A-lí-san
虎頭山,Hóo-thâu-suann
南仁山,Lâm-jîn-suann
南湖大山,Lâm-ôo-tuā-suann
紅葉山,Âng-hio̍h-suann
紅頭山,Âng-thâu-suann
柴山,Tshâ-suann
祝山,Tsiok-suann
紗帽山,Se-bō-suann
草山,Tsháu-suann
基隆山,Ke-lâng-suann
雪山,Suat-suann
陽明山,Iûnn-bîng-suann
獅頭山,Sai-thâu-suann
壽山,Siū-san
旗尾山,Kî-bué-suann
龜山島山,Ku-suann-tó-suann
廬山,Lôo-san
關山,Kuan-san
關仔嶺,Kuan-á-niá
觀音山,Kuan-im-suann
二二八公園,Jī-jī-pat Kong-hn̂g
大安森林公園,Tāi-an Sim-lîm Kong-hn̂g
大稻埕偶戲館,Tuā-tiū-tiânn Ngóo-hì-kuán
天文臺,Thian-bûn-tâi
天文館,Thian-bûn-kuán
木柵動物園,Ba̍k-sa Tōng-bu̍t-hn̂g
臺北二二八紀念館,Tâi-pak Jī-jī-pat Kì-liām-kuán
臺北市立天文科學教育館,Tâi-pak Tshī-li̍p Thian-bûn Kho-ha̍k Kàu-io̍k-kuán
臺北市兒童交通博物館,Tâi-pak-tshī Jî-tông Kau-thong Phok-bu̍t-kuán
臺北故事館,Tâi-pak Kòo-sū-kuán
臺北海洋館,Tâi-pak Hái-iûnn-kuán
臺北探索館,Tâi-pak Thàm-soh-kuán
臺北當代藝術館,Tâi-pak Tong-tāi Gē-su̍t-kuán
北投溫泉博物館,Pak-tâu Un-tsuânn Phok-bu̍t-kuán
臺灣民俗北投文物館,Tâi-uân Bîn-sio̍k Pak-tâu Bûn-bu̍t-kuán
臺灣林業陳列館,Tâi-uân Lîm-gia̍p Tîn-lia̍t-kuán
自來水博物館,Tsū-lâi-tsuí Phok-bu̍t-kuán
佛光緣臺北美術館,Hu̍t-kong-iân Tâi-pak Bí-su̍t-kuán
李石樵美術館,Lí Tsio̍h-tsiâu Bí-su̍t-kuán
育樂園,Io̍k-lo̍k-hn̂g
林安泰古厝民俗文物館,Lîm An-thài Kóo-tshù Bîn-sio̍k Bûn-bu̍t-kuán
林語堂紀念館,Lîm Gú-tông Kì-liām-kuán
玩石家博石館,Guán-si̍k-ka Phok-si̍k-kuán
故宮博物院,Kòo-kiong Phok-bu̍t-īnn
科學博物館,Kho-ha̍k Phok-bu̍t-kuán
美術館,Bí-su̍t-kuán
海洋生物館,Hái-iûnn Sing-bu̍t-kuán
海關博物館,Hái-kuan Phok-bu̍t-kuán
琉園水晶博物館,Liû-uân Tsuí-tsinn Phok-bu̍t-kuán
草山行館,Tsháu-suann Hîng-kuán
國父史蹟紀念館,Kok-hū Sú-tsik Kì-liām-kuán
國立臺灣科學教育院,Kok-li̍p Tâi-uân Kho-ha̍k Kàu-io̍k-īnn
國立臺灣博物館,Kok-li̍p Tâi-uân Phok-bu̍t-kuán
國立臺灣藝術教育館,Kok-li̍p Tâi-uân Gē-su̍t Kàu-io̍k-kuán
國軍歷史文物館,Kok-kun Li̍k-sú Bûn-bu̍t-kuán
張大千紀念館,Tiunn-tāi-tshian Kì-liām-kuán
袖珍博物館,Siù-tin Phok-bu̍t-kuán
郭元益糕餅博物館,Kueh Guân-ik Ko-piánn Phok-bu̍t-kuán
凱達格蘭文化館,Ke-ta-ga-lán Bûn-huà-kuán
郵政博物館,Iû-tsìng Phok-bu̍t-kuán
順益臺灣原住民博物館,Sūn-ik Tâi-uân Guân-tsū-bîn Phok-bu̍t-kuán
新公園,Sin-kong-hn̂g
楊英風美術館,Iûnn Ing-hong Bí-su̍t-kuán
鳳甲文化館,Hōng-kah Bûn-huà-kuán
樹火紀念紙博物館,Sū-hué Kì-liām-tsuá Phok-bu̍t-kuán
歷史博物館,Li̍k-sú Phok-bu̍t-kuán
錢穆紀念館,Tsînn-bo̍k Kì-liām-kuán
總統府衙,Tsóng-thóng-hú-gê
鴻禧美術館,Hông-hi Bí-su̍t-kuán
西部幹線,Se-pōo-kàn-suànn
山線,Suann-suànn
臺北,Tâi-pak
萬華,Bān-huâ
板橋,Pang-kiô
樹林,Tshiū-nâ
山佳,Suann-kha
鶯歌,Ing-ko
桃園,Thô-hn̂g
內壢,Lāi-li̍k
中壢,Tiong-li̍k
埔心,Poo-sim
楊梅,Iûnn-muî
富岡,Hù-kong
湖口,Ôo-kháu
新豐,Sin-hong
竹北,Tik-pak
新竹,Sin-tik
香山,Hiong-san
崎頂,Kiā-tíng
竹南,Tik-lâm
造橋,Tsō-kiô
豐富,Hong-hù
苗栗,Biâu-li̍k
南勢,Lâm-sì
銅鑼,Tâng-lô
三義,Sam-gī
泰安,Thài-an
后里,Āu-lí
豐原,Hong-guân
潭子,Thâm-tsú
臺中,Tâi-tiong
大慶,Tāi-khìng
烏日,Oo-ji̍t
成功,Sîng-kong
彰化,Tsiang-huà
花壇,Hue-tuânn
員林,Uân-lîm
永靖,Íng-tsīng
社頭,Siā-thâu
田中,Tiân-tiong
二水,Jī-tsuí
林內,Nâ-lāi
石榴,Sia̍h-liû-pan
斗六,Táu-la̍k
斗南,Táu-lâm
石龜,Tsio̍h-ku
大林,Tuā-nâ
民雄,Bîn-hiông
嘉義,Ka-gī
水上,Tsuí-siōng
南靖,Lâm-tsīng
後壁,Āu-piah
新營,Sin-iânn
柳營,Liú-iânn
林鳳營,Lîm-hōng-iânn
隆田,Liông-tiân
拔林,Pa̍t-á-nâ
善化,Siān-huà
新市,Sin-tshī
永康,Íng-khong
臺南,Tâi-lâm
保安,Pó-an
中洲,Tiong-tsiu
大湖,Tuā-ôo
路竹,Lōo-tik
岡山,Kong-san
橋頭,Kiô-á-thâu
楠梓,Lâm-tsú
左營,Tsó-iânn
高雄,Ko-hiông
海線,Hái-suànn
談文,Tâm-bûn
大山,Tuā-suann
後龍,Āu-lâng
龍港,Lîng-káng
白沙屯,Pe̍h-sua-tun
新埔,Sin-poo
通霄,Thong-siau
苑裡,Uán-lí
日南,Ji̍t-lâm
大甲,Tāi-kah
臺中港,Tâi-tiong-káng
清水,Tshing-tsuí
沙鹿,Sua-lak
龍井,Liông-tsínn
大肚,Tuā-tōo
追分,Tui-hun
屏東線,Pîn-tong-suànn
鳳山,Hōng-suann
後庄,Āu-tsng
九曲堂,Kiú-khiok-tông
六塊厝,La̍k-tè-tshù
屏東,Pîn-tong
歸來,Kui-lâi
麟洛,Lîn-lo̍k
西勢,Sai-sì
竹田,Tik-tshân
潮州,Tiô-tsiu
崁頂,Khàm-tíng
南州,Lâm-tsiu
鎮安,Tìn-an
林邊,Nâ-á-pinn
佳冬,Ka-tang
東海,Tang-hái
枋寮,Pang-liâu
東部幹線,Tang-pōo-kàn-suànn
四城,Sì-siânn
林榮新光,Lîm-îng Sin-kong
豐田,Hong-tiân
七堵,Tshit-tóo
八堵,Peh-tóo
基隆,Ke-lâng
暖暖,Luán-luán
四腳亭,Sì-kha-tîng
瑞芳,Suī-hong
猴硐,Kâu-tōng-á
三貂嶺,Sam-tiau-niá
牡丹,Bóo-tan
雙溪,Siang-khe
貢寮,Kòng-liâu
福隆,Hok-liông
石城,Tsio̍h-siânn
大里,Tāi-lí
大溪,Tāi-khe
龜山,Ku-suann
外澳,Guā-ò
頭城,Thâu-siânn
頂埔,Tíng-poo
礁溪,Ta-khe
宜蘭,Gî-lân
二結,Jī-kiat
中里,Tiong-lí
羅東,Lô-tong
冬山,Tang-suann
新馬,Sin-má
蘇澳新站,Soo-ò-sin-tsām
蘇澳,Soo-ò
永樂,Íng-lo̍k
東澳,Tang-ò
南澳,Lâm-ò
武塔,Bú-thah
漢本,Hàn-pún
和平,Hô-pîng
和仁,Hô-jîn
崇德,Tsông-tik
新城,Sin-siânn
景美,Kíng-bí
北埔,Pak-poo
花蓮,Hua-liân
吉安,Kiat-an
志學,Tsì-ha̍k
平和,Pîng-hô
壽豐,Siū-hong
南平,Lâm-pîng
鳳林,Hōng-lîm
萬榮,Bān-îng
光復,Kong-ho̍k
大富,Tāi-hô
富源,Hù-guân
瑞穗,Tsuí-bué
三民,Sam-bîn
玉里,Gio̍k-lí
東里,Tang-lí
東竹,Tang-tik
富里,Hù-lí
池上,Tî-siōng
海端,Hái-tuan
關山,Kuan-san
瑞和,Suī-hô
瑞源,Suī-guân
鹿野,Lo̍k-iá
山里,San-lí
臺東,Tâi-tang
南迴鐵路,Lâm-huê-thih-lōo
加祿,Ka-lo̍k
內獅,Lāi-sai
枋山,Pang-suann
大武,Tāi-bú
瀧溪,Liông-khe
金崙,Kim-lun
太麻里,Thài-mâ-lí
知本,Ti-pún
康樂,Khong-lo̍k
平溪線,Pîng-khe-suànn
大華,Tāi-huâ
十分,Tsa̍p-hūn
望古,Bōng-kóo
嶺腳,Niá-kha
平溪,Pîng-khe
菁桐,Tshinn-tông
內灣線,Lāi-uan-suànn
竹中,Tik-tiong
上員,Siōng-guân
竹東,Tik-tang
橫山,Huâinn-suann
九讚頭,Káu-tsàn-thâu
合興,Ha̍p-hing
榮華,Îng-huâ
內灣,Lāi-uan
集集線,Tsi̍p-tsi̍p-suànn
源泉,Guân-tsuânn
濁水,Lô-tsuí
龍泉,Lîng-tsuânn
集集,Tsi̍p-tsi̍p
水里,Tsuí-lí
車埕,Tshia-tiânn
北門,Pak-mn̂g
竹崎,Tik-kiā
木屐寮,Ba̍k-kia̍h-liâu
樟腦寮,Tsiunn-nóo-liâu
獨立山,To̍k-li̍p-suann
梨園寮,Lê-hn̂g-liâu
交力坪,Ka-li̍k-pênn
水社寮,Tsuí-siā-liâu
奮起湖,Pùn-ki-ôo
多林,To-lîm
十字路,Si̍p-jī-lōo
對高岳,Tuì-ko-ga̍k
二萬坪,Jī-bān-pênn
神木,Sîn-bo̍k
阿里山,A-lí-san
沼平,Tsau-pîng
臺北市,Tâi-pak-tshī
松山區,Siông-san-khu
信義區,Sìn-gī-khu
大安區,Tāi-an-khu
中山區,Tiong-san-khu
中正區,Tiong-tsìng-khu
大同區,Tāi-tông-khu
萬華區,Bān-huâ-khu
文山區,Bûn-san-khu
南港區,Lâm-káng-khu
內湖區,Lāi-ôo-khu
士林區,Sū-lîm-khu
北投區,Pak-tâu-khu
高雄市,Ko-hiông-tshī
鹽埕區,Iâm-tiânn-khu
鼓山區,Kóo-san-khu
左營區,Tsó-iânn-khu
楠梓區,Lâm-tsú-khu
三民區,Sam-bîn-khu
新興區,Sin-hing-khu
前金區,Tsiân-kim-khu
苓雅區,Lîng-ngá-khu
前鎮區,Tsiân-tìn-khu
旗津區,Kî-tin-khu
小港區,Sió-káng-khu
新北市,Sin-pak-tshī
板橋區,Pang-kiô-khu
三重區,Sam-tiông-khu
中和區,Tiong-hô-khu
永和區,Íng-hô-khu
新莊區,Sin-tsng-khu
新店區,Sin-tiàm-khu
樹林區,Tshiū-nâ-khu
鶯歌區,Ing-ko-khu
三峽區,Sam-kiap-khu
淡水區,Tām-tsuí-khu
汐止區,Si̍k-tsí-khu
瑞芳區,Suī-hong-khu
土城區,Thôo-siânn-khu
蘆洲區,Lôo-tsiu-khu
五股區,Gōo-kóo-khu
泰山區,Thài-san-khu
林口區,Nâ-kháu-khu
深坑區,Tshim-khinn-khu
石碇區,Tsio̍h-tīng-khu
坪林區,Pînn-nâ-khu
三芝區,Sam-tsi-khu
石門區,Tsio̍h-mn̂g-khu
八里區,Pat-lí-khu
平溪區,Pîng-khue-khu
雙溪區,Siang-khe-khu
貢寮區,Kòng-liâu-khu
金山區,Kim-san-khu
萬里區,Bān-lí-khu
烏來區,U-lai-khu
宜蘭縣,Gî-lân-kuān
宜蘭市,Gî-lân-tshī
羅東鎮,Lô-tong-tìn
蘇澳鎮,Soo-ò-tìn
頭城鎮,Thâu-siânn-tìn
礁溪鄉,Ta-khe-hiong
壯圍鄉,Tsòng-uî-hiong
員山鄉,Înn-suann-hiong
冬山鄉,Tang-suann-hiong
五結鄉,Gōo-kiat-hiong
三星鄉,Sam-sing-hiong
大同鄉,Tāi-tông-hiong
南澳鄉,Lâm-ò-hiong
桃園市,Thô-hn̂g-tshī
桃園區,Thô-hn̂g-khu
中壢區,Tiong-li̍k-khu
大溪區,Tāi-khe-khu
楊梅區,Iûnn-muî-khu
蘆竹區,Lôo-tik-khu
大園區,Tuā-hn̂g-khu
龜山區,Ku-suann-khu
八德區,Pat-tik-khu
龍潭區,Liông-thâm-khu
平鎮區,Pîng-tìn-khu
新屋區,Sin-ok-khu
觀音區,Kuan-im-khu
復興區,Ho̍k-hing-khu
新竹縣,Sin-tik-kuān
竹北市,Tik-pak-tshī
竹東鎮,Tik-tang-tìn
新埔鎮,Sin-poo-tìn
關西鎮,Kuan-se-tìn
湖口鄉,Ôo-kháu-hiong
新豐鄉,Sin-hong-hiong
芎林鄉,Kiong-nâ-hiong
橫山鄉,Huâinn-suann-hiong
北埔鄉,Pak-poo-hiong
寶山鄉,Pó-san-hiong
峨眉鄉,Ngôo-bî-hiong
尖石鄉,Tsiam-tsio̍h-hiong
五峰鄉,Ngóo-hong-hiong
苗栗縣,Biâu-li̍k-kuān
苗栗市,Biâu-li̍k-tshī
苑裡鎮,Uán-lí-tìn
通霄鎮,Thong-siau-tìn
竹南鎮,Tik-lâm-tìn
頭份鎮,Thâu-hūn-tìn
後龍鎮,Āu-lâng-tìn
卓蘭鎮,Toh-lân-tìn
大湖鄉,Tuā-ôo-hiong
公館鄉,Kong-kuán-hiong
銅鑼鄉,Tâng-lô-hiong
南庄鄉,Lâm-tsng-hiong
頭屋鄉,Thâu-ok-hiong
三義鄉,Sam-gī-hiong
西湖鄉,Se-ôo-hiong
造橋鄉,Tsō-kiô-hiong
三灣鄉,Sam-uan-hiong
獅潭鄉,Sai-thâm-hiong
泰安鄉,Thài-an-hiong
豐原區,Hong-guân-khu
東勢區,Tang-sì-khu
大甲區,Tāi-kah-khu
清水區,Tshing-tsuí-khu
沙鹿區,Sua-lak-khu
梧棲區,Gôo-tshe-khu
后里區,Āu-lí-khu
神岡區,Sin-kóng-khu
潭子區,Thâm-tsú-khu
大雅區,Tāi-ngé-khu
新社區,Sin-siā-khu
石岡區,Tsio̍h-kng-khu
外埔區,Guā-poo-khu
大安區,Tāi-an-khu
烏日區,Oo-ji̍t-khu
大肚區,Tuā-tōo-khu
龍井區,Liông-tsínn-khu
霧峰區,Bū-hong-khu
太平區,Thài-pîng-khu
大里區,Tāi-lí-khu
和平區,Hô-pîng-khu
彰化縣,Tsiong-huà-kuān
彰化市,Tsiong-huà-tshī
鹿港鎮,Lo̍k-káng-tìn
和美鎮,Hô-bí-tìn
線西鄉,Suànn-sai-hiong
伸港鄉,Sin-káng-hiong
福興鄉,Hok-hing-hiong
秀水鄉,Siù-tsuí-hiong
花壇鄉,Hue-tuânn-hiong
芬園鄉,Hun-hn̂g-hiong
員林市,Uân-lîm-tshī
溪湖鎮,Khe-ôo-tìn
田中鎮,Tiân-tiong-tìn
大村鄉,Tāi-tshuan-hiong
埔鹽鄉,Poo-iâm-hiong
埔心鄉,Poo-sim-hiong
永靖鄉,Íng-tsīng-hiong
社頭鄉,Siā-thâu-hiong
二水鄉,Jī-tsuí-hiong
北斗鎮,Pak-táu-tìn
二林鎮,Jī-lîm-tìn
田尾鄉,Tshân-bué-hiong
埤頭鄉,Pi-thâu-hiong
芳苑鄉,Hong-uán-hiong
大城鄉,Tuā-siânn-hiong
竹塘鄉,Tik-tn̂g-hiong
溪州鄉,Khe-tsiu-hiong
南投縣,Lâm-tâu-kuān
南投市,Lâm-tâu-tshī
埔里鎮,Poo-lí-tìn
草屯鎮,Tsháu-tùn-tìn
竹山鎮,Tik-san-tìn
集集鎮,Tsi̍p-tsi̍p-tìn
名間鄉,Bîng-kan-hiong
鹿谷鄉,Lo̍k-kok-hiong
中寮鄉,Tiong-liâu-hiong
魚池鄉,Hî-tî-hiong
國姓鄉,Kok-sìng-hiong
水里鄉,Tsuí-lí-hiong
信義鄉,Sìn-gī-hiong
仁愛鄉,Jîn-ài-hiong
雲林縣,Hûn-lîm-kuān
斗六市,Táu-la̍k-tshī
斗南鎮,Táu-lâm-tìn
虎尾鎮,Hóo-bué-tìn
西螺鎮,Sai-lê-tìn
土庫鎮,Thôo-khòo-tìn
北港鎮,Pak-káng-tìn
古坑鄉,Kóo-khenn-hiong
大埤鄉,Tuā-pi-hiong
莿桐鄉,Tshì-tông-hiong
林內鄉,Nâ-lāi-hiong
二崙鄉,Jī-lūn-hiong
崙背鄉,Lūn-puè-hiong
麥寮鄉,Be̍h-liâu-hiong
東勢鄉,Tang-sì-hiong
褒忠鄉,Po-tiong-hiong
臺西鄉,Tâi-se-hiong
元長鄉,Guân-tsióng-hiong
四湖鄉,Sì-ôo-hiong
口湖鄉,Kháu-ôo-hiong
水林鄉,Tsuí-nâ-hiong
嘉義縣,Ka-gī-kuān
太保市,Thài-pó-tshī
朴子市,Phoh-tsú-tshī
布袋鎮,Pòo-tē-tìn
大林鎮,Tuā-nâ-tìn
民雄鄉,Bîn-hiông-hiong
溪口鄉,Khe-kháu-hiong
新港鄉,Sin-káng-hiong
六腳鄉,La̍k-kha-hiong
東石鄉,Tang-tsio̍h-hiong
義竹鄉,Gī-tik-hiong
鹿草鄉,Lo̍k-tsháu-hiong
水上鄉,Tsuí-siāng-hiong
中埔鄉,Tiong-poo-hiong
竹崎鄉,Tik-kiā-hiong
梅山鄉,Muî-san-hiong
番路鄉,Huan-lōo-hiong
大埔鄉,Tuā-poo-hiong
阿里山鄉,A-lí-san-hiong
新營區,Sin-iânn-khu
鹽水區,Kiâm-tsuí-khu
白河區,Pe̍h-hô-khu
柳營區,Liú-iânn-khu
後壁區,Āu-piah-khu
東山區,Tong-san-khu
麻豆區,Muâ-tāu-khu
下營區,Ē-iânn-khu
六甲區,La̍k-kah-khu
官田區,Kuann-tiān-khu
大內區,Tuā-lāi-khu
佳里區,Ka-lí-khu
學甲區,Ha̍k-kah-khu
西港區,Sai-káng-khu
七股區,Tshit-kóo-khu
將軍區,Tsiong-kun-khu
北門區,Pak-mn̂g-khu
新化區,Sin-huà-khu
善化區,Siān-huà-khu
新市區,Sin-tshī-khu
安定區,An-tīng-khu
山上區,San-siōng-khu
玉井區,Gio̍k-tsénn-khu
楠西區,Lâm-se-khu
南化區,Lâm-huà-khu
左鎮區,Tsó-tìn-khu
仁德區,Jîn-tik-khu
歸仁區,Kui-jîn-khu
關廟區,Kuan-biō-khu
龍崎區,Liông-kiā-khu
永康區,Íng-khong-khu
鳳山區,Hōng-suann-khu
林園區,Lîm-hn̂g-khu
大寮區,Tuā-liâu-khu
大樹區,Tuā-tshiū-khu
大社區,Tuā-siā-khu
仁武區,Jîn-bú-khu
鳥松區,Tsiáu-tshîng-khu
岡山區,Kong-san-khu
橋頭區,Kiô-thâu-khu
燕巢區,Iàn-tsâu-khu
田寮區,Tshân-liâu-khu
阿蓮區,A-lian-khu
路竹區,Lōo-tik-khu
湖內區,Ôo-lāi-khu
茄萣區,Ka-tiānn-khu
永安區,Íng-an-khu
彌陀區,Mî-tô-khu
梓官區,Tsú-kuann-khu
旗山區,Kî-san-khu
美濃區,Bi-long-khu
六龜區,La̍k-ku-khu
甲仙區,Kah-sian-khu
杉林區,Sam-nâ-khu
內門區,Lāi-bûn-khu
茂林區,Bōo-lîm-khu
桃源區,Thô-guân-khu
那瑪夏區,Na-má-siah-khu
屏東縣,Pîn-tong-kuān
屏東市,Pîn-tong-tshī
潮州鎮,Tiô-tsiu-tìn
東港鎮,Tang-káng-tìn
恆春鎮,Hîng-tshun-tìn
萬丹鄉,Bān-tan-hiong
長治鄉,Tióng-tī-hiong
麟洛鄉,Lîn-lo̍k-hiong
九如鄉,Kiú-jû-hiong
里港鄉,Lí-káng-hiong
鹽埔鄉,Iâm-poo-hiong
高樹鄉,Ko-tshiū-hiong
萬巒鄉,Bān-bân-hiong
內埔鄉,Lāi-poo-hiong
竹田鄉,Tik-tshân-hiong
新埤鄉,Sin-pi-hiong
枋寮鄉,Pang-liâu-hiong
新園鄉,Sin-hn̂g-hiong
崁頂鄉,Khàm-tíng-hiong
林邊鄉,Nâ-pinn-hiong
南州鄉,Lâm-tsiu-hiong
佳冬鄉,Ka-tang-hiong
琉球鄉,Liû-khiû-hiong
車城鄉,Tshâ-siânn-hiong
滿州鄉,Buán-tsiu-hiong
枋山鄉,Pang-suann-hiong
三地門鄉,Sam-tē-mn̂g-hiong
霧臺鄉,Bū-tâi-hiong
瑪家鄉,Má-ka-hiong
泰武鄉,Thài-bú-hiong
來義鄉,Lâi-gī-hiong
春日鄉,Tshun-ji̍t-hiong
獅子鄉,Sai-á-hiong
牡丹鄉,Bóo-tan-hiong
臺東縣,Tâi-tang-kuān
臺東市,Tâi-tang-tshī
成功鎮,Sîng-kong-tìn
關山鎮,Kuan-san-tìn
卑南鄉,Pi-lâm-hiong
鹿野鄉,Lo̍k-iá-hiong
池上鄉,Tî-siōng-hiong
東河鄉,Tong-hô-hiong
長濱鄉,Tiông-pin-hiong
太麻里鄉,Thài-mâ-lí-hiong
大武鄉,Tāi-bú-hiong
綠島鄉,Li̍k-tó-hiong
海端鄉,Hái-tuan-hiong
延平鄉,Iân-pîng-hiong
金峰鄉,Kim-hong-hiong
達仁鄉,Ta̍t-jîn-hiong
蘭嶼鄉,Lân-sū-hiong
花蓮縣,Hua-liân-kuān
花蓮市,Hua-liân-tshī
鳳林鎮,Hōng-lîm-tìn
玉里鎮,Gio̍k-lí-tìn
新城鄉,Sin-siânn-hiong
吉安鄉,Kiat-an-hiong
壽豐鄉,Siū-hong-hiong
光復鄉,Kong-ho̍k-hiong
豐濱鄉,Hong-pin-hiong
瑞穗鄉,Suī-suī-hiong
富里鄉,Hù-lí-hiong
秀林鄉,Siù-lîm-hiong
萬榮鄉,Bān-îng-hiong
卓溪鄉,Toh-khe-hiong
澎湖縣,Phînn-ôo-kuān
馬公市,Má-king-tshī
湖西鄉,Ôo-sai-hiong
白沙鄉,Pe̍h-sua-hiong
西嶼鄉,Sai-sū-hiong
望安鄉,Bāng-uann-hiong
七美鄉,Tshit-bí-hiong
基隆市,Ke-lâng-tshī
中正區,Tiong-tsìng-khu
七堵區,Tshit-tóo-khu
暖暖區,Luán-luán-khu
仁愛區,Jîn-ài-khu
中山區,Tiong-san-khu
安樂區,An-lo̍k-khu
信義區,Sìn-gī-khu
新竹市,Sin-tik-tshī
東區,Tang-khu
北區,Pak-khu
香山區,Hiong-san-khu
臺中市,Tâi-tiong-tshī
中區,Tiong-khu
東區,Tang-khu
南區,Lâm-khu
西區,Sai-khu
北區,Pak-khu
西屯區,Sai-tūn-khu
南屯區,Lâm-tūn-khu
北屯區,Pak-tūn-khu
嘉義市,Ka-gī-tshī
東區,Tang-khu
西區,Sai-khu
臺南市,Tâi-lâm-tshī
東區,Tang-khu
南區,Lâm-khu
北區,Pak-khu
中西區,Tiong-se-khu
安南區,An-lâm-khu
安平區,An-pîng-khu
金門縣,Kim-mn̂g-kuān
金城鎮,Kim-siânn-tìn
金沙鎮,Kim-sua-tìn
金湖鎮,Kim-ôo-tìn
金寧鄉,Kim-lîng-hiong
烈嶼鄉,Lia̍t-sū-hiong
烏坵鄉,Oo-khiu-hiong
連江縣,Liân-kang-kuān
南竿鄉,Lâm-kan-hiong
北竿鄉,Pak-kan-hiong
莒光鄉,Kí-kong-hiong
東引鄉,Tang-ín-hiong
東沙,Tang-sua
南沙,Lâm-sua
釣魚台,Tiò-hî-tâi
中山國中,Tiong-san Kok-tiong
南京復興,Lâm-kiann Ho̍k-hing
忠孝復興,Tiong-hàu Ho̍k-hing
大安,Tāi-an
科技大樓,Kho-ki Tuā-lâu
六張犁,La̍k-tiunn-lê
麟光,Lîn-kong
辛亥,Sin-hāi
萬芳醫院,Bān-hong Pēnn-īnn/Bān-hong Pīnn-īnn
萬芳社區,Bān-hong Siā-khu
木柵,Ba̍k-sa
動物園,Tōng-bu̍t-hn̂g
紅樹林,Âng-tshiū-nâ
竹圍,Tik-uî-á
關渡,Kan-tāu
忠義,Tiong-gī
復興崗,Ho̍k-hing-kong
北投,Pak-tâu
奇岩,Kî-giâm
唭哩岸,Ki-lí-gān
石牌,Tsio̍h-pâi-á
明德,Bîng-tik
芝山,Tsi-san
士林,Sū-lîm
劍潭,Kiàm-thâm
圓山,Înn-suann-á
民權西路,Bîn-kuân-se-lōo
雙連,Siang-liân
中山,Tiong-san
臺北車站,Tâi-pak Tshia-tsām
臺大醫院,Tâi-tāi Pēnn-īnn/Tâi-tāi Pīnn-īnn
中正紀念堂,Tiong-tsìng Kì-liām-tn̂g
古亭,Kóo-tîng
臺電大樓,Tâi-tiān Tuā-lâu
公館,Kong-kuán
萬隆,Bān-liông
景美,Kíng-bué/Kíng-bé
大坪林,Tuā-pînn-nâ
七張,Tshit-tiunn
新店區公所,Sin-tiàm Khu-kong-sóo
新店,Sin-tiàm
頂溪,Tíng-khe/Tíng-khue
永安市場,Íng-an Tshī-tiûnn
景安,Kíng-an
南勢角,Lâm-sì-kak
昆陽,Khun-iông
後山埤,Āu-suann-pi
永春,Íng-tshun
市政府,Tshī-tsìng-hú
國父紀念館,Kok-hū Kì-liām-kuán
忠孝敦化,Tiong-hàu Tun-huà
善導寺,Siān-tō-sī
西門,Se-mn̂g
龍山寺,Liông-san-sī
江子翠,Káng-á-tshuì
新埔,Sin-poo
板橋,Pang-kiô
府中,Hú-tiong
亞東醫院,A-tang Pēnn-īnn/A-tang Pīnn-īnn
海山,Hái-san
土城,Thôo-siânn
永寧,Íng-lîng
小南門,Sió-lâm-mn̂g
新北投,Sin-pak-tâu
小碧潭,Sió-phik-thâm
西子灣,Se-á-uân
鹽埕埔,Iâm-tiânn-poo
市議會,Tshī-gī-huē
信義國小,Sìn-gī Kok-sió
文化中心,Bûn-huà Tiong-sim
五塊厝,Gōo-tè-tshù
技擊館,Ki-kik-kuán
衛武營,Uē-bú-iânn
鳳山西站（市議會）,Hōng-suann-sai-tsām (Tshī-gī-huē)
鳳山,Hōng-suann
大東,Tāi-tang
鳳山國中,Hōng-suann Kok-tiong
大寮,Tuā-liâu
小港,Sió-káng
高雄國際機場,Ko-hiông Kok-tsè Ki-tiûnn
草衙,Tsháu-gê
前鎮高中,Tsiân-tìn Ko-tiong
凱旋,Khái-suân
獅甲,Sai-kah
三多商圈,Sam-to Siong-khuan
中央公園,Tiong-iong Kong-hn̂g
美麗島,Bí-lē-tó
高雄車站,Ko-hiông Tshia-tsām
後驛,Āu-ia̍h
凹子底,Lap-á-té
巨蛋,Kī-tàn/Kū-tàn
生態園區,Sing-thài Hn̂g-khu
左營,Tsó-iânn
世運,Sè-ūn
油廠國小,Iû-tshiúnn Kok-sió
楠梓科技園區,Lâm-á-khenn Kho-ki Hn̂g-khu
後勁,Āu-ngē
都會公園,Too-huē Kong-hn̂g
青埔,Tshenn-poo
橋頭糖廠,Kiô-thâu Thn̂g-tshiúnn
橋頭火車站,Kiô-thâu Hué-tshia-tsām
岡山高醫,Kong-san Ko-i
大直,Tāi-ti̍t
劍南路,Kiàm-lâm-lōo
西湖,Se-ôo
港墘,Káng-kînn
文德,Bûn-tik
內湖,Lāi-ôo
大湖公園,Tuā-ôo Kong-hn̂g
葫洲,Ôo-tsiu
東湖,Tang-ôo
南港軟體園區,Lâm-káng Nńg-thé Hn̂g-khu
南港,Lâm-káng
南港展覽館,Lâm-káng Tián-lám-kuán
松山機場,Siông-san Ki-tiûnn
輔大,Hú-tāi
新莊,Sin-tsng
頭前庄,Thâu-tsîng-tsng
先嗇宮,Sian-sik-kiong
三重,Sann-tîng-poo
菜寮,Tshài-liâu
臺北橋,Tâi-pak-kiô
大橋頭,Tuā-kiô-thâu
中山國小,Tiong-san Kok-sió
行天宮,Hîng-thian-kiong
松江南京,Siông-kang Lâm-kiann
忠孝新生,Tiong-hàu Sin-sing
東門,Tang-mn̂g
蘆洲,Lôo-tsiu
三民高中,Sam-bîn Ko-tiong
徐匯中學,Tshî-huē Tiong-ha̍k
三和國中,Sam-hô Kok-tiong
三重國小,Sam-tiông Kok-sió
淡水,Tām-tsuí
基隆港,Ke-lâng-káng
臺中港,Tâi-tiong-káng
高雄港,Ko-hiông-káng
蘇澳港,Soo-ò-káng
花蓮港,Hua-liân-káng
蘭陽溪,Lân-iâng-khe
羅東溪,Lô-tong-khe
宜蘭河,Gî-lân-hô
大礁溪,Tuā-ta-khe
小礁溪,Sió-ta-khe
淡水河,Tām-tsuí-hô
三峽河,Sam-kiap-hô
大漢溪,Tāi-hàn-khe
新店溪,Sin-tiàm-khe
基隆河,Ke-lâng-hô
北勢溪,Pak-sì-khe
景美溪,Kíng-bé-khe
鳳山溪,Hōng-suann-khe
頭前溪,Thâu-tsîng-khe
油羅溪,Iû-lô-khe
上坪溪,Siōng-pîng-khe
中港溪,Tiong-káng-khe
後龍溪,Āu-lâng-khe
老田寮溪,Lāu-tshân-liâu-khe
大安溪,Tāi-an-khe
景山溪,Kíng-suann-khe
大甲溪,Tāi-kah-khe
烏溪,Oo-khe
貓羅溪,Bâu-lô-khe
眉溪,Bâi-khe
北港溪,Pak-káng-khe
大里溪,Tāi-lí-khe
旱溪,Hān-khe
頭汴坑溪,Thâu-pān-khenn-khe
濁水溪,Lô-tsuí-khe
清水溪,Tshing-tsuí-khe
陳有蘭溪,Tân-iú-lân-khe
東埔蚋溪,Tong-poo-la̍k-khe
朴子溪,Phoh-tsú-khe
八掌溪,Pat-tsiáng-khe
急水溪,Kip-tsuí-khe
曾文溪,Tsan-bûn-khe
後堀溪,Āu-khut-khe
官田溪,Kuann-tiān-khe
鹽水溪,Kiâm-tsuí-khe
二仁溪,Jī-jîn-khe
阿公店溪,A-kong-tiàm-khe
高屏溪,Ko-pîn-khe
旗山溪,Kî-san-khe
美濃溪,Bi-long-khe
荖濃溪,Lāu-lông-khe
濁口溪,Lô-kháu-khe
隘寮溪,Ài-liâu-khe
武洛溪,Bú-lok-khe
東港溪,Tang-káng-khe
四重溪,Sì-tîng-khe
卑南溪,Pi-lâm-khe
鹿野溪,Lo̍k-iá-khe
鹿寮溪,Lo̍k-liâu-khe
秀姑巒溪,Siù-koo-luân-khe
紅葉溪,Âng-hio̍h-khe
富源溪,Hù-guân-khe
豐坪溪,Hong-pênn-khe
樂樂溪,Lo̍k-lo̍k-khe
花蓮溪,Hua-liân-khe
木瓜溪,Bo̍k-kue-khe
壽豐溪,Siū-hong-khe
萬里溪,Bān-lí-khe
光復溪,Kong-ho̍k-khe
馬太鞍溪,Má-tāi-an-khe
和平溪,Hô-pîng-khe
十八王公廟,Tsa̍p-peh-ông-kong-biō
三山國王廟,Sam-san-kok-ông-biō
大仙寺,Tāi-sian-sī
大興宮,Tāi-hin-kiong
仁和宮,Jîn-hô-kiong
五福宮,Ngóo-hok-kiong
孔子廟,Khóng-tsú-biō
水仙宮,Tsuí-sian-kiong
天后宮,Thian-hiō-kiong
文武廟,Bûn-bú-biō
仙公廟,Sian-kong-biō
代天府,Tāi-thian-hú
北極殿,Pak-ki̍k-tiān
行天宮,Hîng-thian-kiong
佛光山,Hu̍t-kong-san
沙東宮,Sua-tong-kiong
奉天宮,Hōng-thian-kiong
定光佛廟,Tīng-kong-hu̍t-biō
武聖廟,Bú-sìng-biō
祀典武廟,Sū-tián-bú-biō
青山國王廟,Tshing-san-kok-ông-biō
長和宮,Tiông-hô-kiong
保安宮,Pó-an-kiong
南瑤宮,Lâm-iâu-kiong
指南宮,Tsí-lâm-kiong
昭應宮,Tsiau-ìng-kiong
恩主公廟,Un-tsú-kong-biō
祖師廟,Tsóo-su-biō
清水巖,Tshing-tsuí-giâm
都城隍廟,Too-sîng-hông-biō
惠濟宮,Huī-tsè-kiong
景福宮,Kíng-hok-kiong
朝天宮,Tiâu-thian-kiong
開元寺,Khai-guân-sī
開化寺,Khai-huà-sī
集應廟,Tsi̍p-ìng-biō
媽祖宮,Má-tsóo-king
媽祖廟,Má-tsóo-biō
慈天宮,Tsû-thian-kiong
慈濟宮,Tsû-tsè-kiong
義民廟,Gī-bîn-biō
萬和宮,Bān-hô-kiong
福佑宮,Hok-iū-kiong
碧霞宮,Phik-hâ-kiong
德化堂,Tik-huà-tn̂g
廣福宮,Kóng-hok-kiong
慶安宮,Khìng-an-kiong
褒忠亭,Po-tiong-tîng
鄧公廟,Tīng-kong-biō
鄭氏家廟,Tēnn--sī Ka-biō
龍山寺,Liông-san-sī
總趕宮,Tsóng-á-king
齋明寺,Tsai-bîng-sī
鎮瀾宮,Tìn-lân-kiong
懷忠祠,Huâi-tiong-sī
關渡宮,Kan-tāu-king
觀音寺,Kuan-im-sī
二八水,Jī-pat-tsuí
二竹圍,Jī-tik-uî
八里坌,Pat-lí-hun
九芎林,Kiú-kiong-nâ
七股寮,Tshit-kóo-liâu
八芝蘭,Pat-tsi-lân
二崙仔,Jī-lūn-á
九塊厝,Káu-tè-tshù
八塊厝,Peh-tè-tshù
三叉河,Sam-tshe-hô
山仔頂,Suann-á-tíng
山仔跤,Suann-á-kha
大目降,Tuā-ba̍k-kàng
大安,Tāi-an
大庄,Tuā-tsng
山地門,Suann-tē-mn̂g
大里杙,Tāi-lí-khi̍t
三角店,Sann-kak-tiàm
三角湧,Sann-kak-íng
大佳臘,Tuā-ka-la̍h
大坵園,Tuā-khu-hn̂g
下林仔,Ē-nâ-á
大社,Tuā-siā
三重埔,Sann-tîng-poo
大埔心,Tuā-poo-sim
大埔林,Tuā-poo-nâ
下埤頭,Ē-pi-thâu
大嵙崁,Tuā-khoo-khàm
大嵙陷,Tuā-khoo-hām
大湖,Tuā-ôo
大湖口,Tuā-ôo-kháu
大隘,Tuā-ài
大樹跤,Tuā-tshiū-kha
大龍泵,Tuā-lông-pōng
大嶼,Tuā-sū
大壩仔,Tuā-pà-á
五叉水路,Gōo-tshe-tsuí-lōo
五股坑,Gōo-kóo-khenn/Gōo-kóo-khinn
五城堡,Gōo-siânn-pó
內埔,Lāi-poo
公埔,Kong-poo
六根莊,La̍k-kin-tsng
元掌,Guân-tsióng
五間厝,Gōo-king-tshù
六跤佃莊,La̍k-kha-tiān-tsng
六龜里社,La̍k-ku-lí-siā
斗六門,Táu-la̍k-mn̂g
木瓜村,Bo̍k-kue-tshuan
水尾,Tsuí-bué/Tsuí-bé
水返腳,Tsuí-tńg-kha
月津港,Gua̍t-tin-káng
月眉,Gue̍h-bâi/Ge̍h-bâi
水堀頭,Tsuí-khut-thâu
水裡坑,Tsuí-lí-khenn
水燦林,Tsuí-tshàn-nâ
巴壟衛,Pa-lóng-ué
火山巖,Hué-suann-giâm
牛罵頭,Gû-mâ-thâu
火燒島,Hué-sio-tó
他里霧,Ta-lí-bū
冬瓜山,Tang-kue-suann
加走灣,Ka-tsáu-uan
北門嶼,Pak-mn̂g-sū
臺南府,Tâi-lâm-hú
凹浪,Āu-lâng
四湖,Sì-ôo
半路竹,Puànn-lōo-tik
半路店,Puànn-lōo-tiàm
半線,Puànn-suànn
民壯圍,Bîn-tsòng-uî
打狗,Tá-káu
打馬武窟,Tánn-má-bú-khut
布袋喙,Pòo-tē-tshuì
平湖,Pînn-ôo
打貓,Tánn-niau
田中央,Tshân-tiong-ng
目加溜,Ba̍k-ka-liu
石硿仔,Tsio̍h-kńg-á
石觀音,Tsio̍h-kuan-im
吉野,Kiat-iá
尖山,Tsiam-suann
安平鎮,An-pîng-tìn
朴仔跤,Phoh-á-kha
竹塹,Tik-tshàm
竹頭崎,Tik-thâu-kiā
老懂,Lōo-tóng
西港仔,Sai-káng-á
吧哩嘓,Pa-lí-kok
吞霄,Thun-siau
沙轆,Sua-lak
牡丹坑,Bóo-tan-khenn
牡丹社,Bóo-tan-siā
豆仔埔,Tāu-á-poo
角板山,Kak-pán-suann
赤崁,Tshiah-khàm
𥴊仔賴,Kám-á-luā
來社,Lâi-siā
卑南,Pi-lâm
和尚洲,Huê-siūnn-tsiu
坪林尾,Pînn-nâ-bé
奇武卒,Kî-bú-tsut
店仔口,Tiàm-á-kháu
官佃,Kuann-tiān
承天府,Sîng-thian-hú
林仔邊,Nâ-á-pinn
林杞埔,Lîm-kí-poo
東勢角,Tang-sì-kak
東勢厝,Tang-sì-tshù
枋橋頭,Pang-kiô-thâu
武士林,Bú-sū-nâ
武溜灣,Bú-liu-uan
直加弄,Ti̍t-ka-lòng
羌仔寮,Kiunn-á-liâu
芝蘭三堡,Tsi-lân-sam-pó
阿公店,A-kong-tiàm
金包里,Kim-pau-lí
阿里港,A-lí-káng
阿里壟,A-lí-lóng
阿里關,A-lí-kuan
金崙,Kim-lun
阿猴,A-kâu
阿罩霧,A-tà-bū
阿嗹社,A-lian-siā
南莊,Lâm-tsng
前溝尾,Tsîng-kau-bué
哈馬星,Há-má-sing
哆囉滿,To-lô-buán
後壁厝,Āu-piah-tshù
後壟,Āu-lâng
查畝營,Tsa-bóo-iânn
洄瀾,Huê-liân
玲珞社,Lîn-lo̍k-siā
竿(菅)蓁林,Kuann-tsin-nâ
紅毛田,Âng-môo-tshân
紅毛港,Âng-mn̂g-káng
紅瓦厝仔,Âng-hiā-tshù-á
紅頭嶼,Âng-thâu-sū
苓仔寮、能雅寮,Lîng-á-liâu
茄拔,Ka-pua̍t
茄苳萣仔,Ka-tang-tiānn-á
茄苳跤,Ka-tang-kha
茄苳跤,Ka-tang-kha
風櫃,Hong-kuī
埔姜崙,Poo-kiunn-lūn
埔姜頭,Poo-kiunn-thâu
崁仔跤,Khàm-á-kha
桃仔園,Thô-á-hn̂g
柴城,Tshâ-siânn
海口,Hái-kháu
海墘營,Hái-kînn-iânn
畚箕港,Pùn-ki-káng
新廣,Sin-kóng
草山,Tsháu-suann
臭水,Tshàu-tsuí
臭水庄,Tshàu-tsuí-tsng
草鞋墩,Tsháu-ê-tun
蚊蟀,Báng-sut
馬大安,Má-tāi-an
馬里勿,Má-lí-bu̍t
高樹跤,Ko-tshiū-kha
乾溪,Ta-khe
唭哩岸,Kì-lí-gān
國姓埔,Kok-sìng-poo
將軍莊,Tsiong-kun-tsng
崩山,Pang-suann
庵古坑,Am-kóo-khenn
梅仔坑,Muê-á-khenn
犁頭店,Lê-thâu-tiàm
笨港,Pùn-káng
鹿仔草庄,Lo̍k-á-tsháu-tsng
鹿仔港,Lo̍k-á-káng
麻里折口,Bâ-lí-tsik-kháu
鳥松跤,Tsiáu-tshîng-kha
麻荖漏,Muâ-láu-lāu
鹿麻產,Lo̍k-muâ-sán
麻園寮,Muâ-hn̂g-liâu
鹿寮,Lo̍k-liâu
梘尾,Kíng-bué/Kíng-bé
傀儡關,Ka-lé-kuan
勞里散,Lô-lí-sán
圍仔內,Uî-á-lāi
富貴角,Hù-kuì-kak
嵌頭屋,Khàm-thâu-ok
援巢右,Uān-tsâu-iū
湳仔,Làm-á
港仔喙,Káng-á-tshuì
猴樹港,Kâu-tshiū-káng
番仔田,Huan-á-tshân
番仔挖,Huan-á-uat
番仔莊,Huan-á-tsng
番仔路,Huan-á-lōo
莿桐巷,Tshì-tông-hāng
蛤仔難,Kap-á-lān
象鼻湖,Tshiūnn-phīnn-ôo
噍吧哖,Ta-pa-nî
圓山仔,Înn-suann-á
塗庫莊,Thôo-khòo-tsng
媽宮,Má-king
媽祖田,Má-tsóo-tshân
搭里霧,Tā-lí-buh
新厝仔,Sin-tshù-á
新厝莊,Sin-tshù-tsng
新埤頭,Sin-pi-thâu
新港,Sin-káng
新港,Sin-káng
新港,Sin-káng
楠仔坑,Lâm-á-khenn
楊梅壢,Iûnn-muî-li̍k
溪州,Khe-tsiu
瑯嶠,Lông-kiau
罩蘭,Tà-lân
萬里橋,Bān-lí-kiô
葫蘆墩,Hôo-lôo-tun
衙門口,Gê-mn̂g-kháu
隘寮下,Ài-liâu-ē
旗後,Kî-āu
槓仔寮,Không-á-liâu
滬尾,Hōo-bué/Hōo-bé
漳和,Tsiang-hô
瑪鋉,Má-sok
網鞍,Bāng-uann
艋舺,Báng-kah
銅鑼灣,Tâng-lô-uan
潭仔墘,Thâm-á-kînn
澗仔壢,Kán-á-li̍k
諸羅山,Tsu-lô-san
噶瑪蘭,Kat-má-lán
橋仔頭,Kiô-á-thâu
樹杞林,Tshiū-kí-nâ
樹林口,Tshiū-nâ-kháu
璞石閣,Phok-si̍k-koh
興化廍,Hing-huà-phōo
蕃薯寮,Han-tsî-liâu/Han-tsû-liâu
蕭壟,Siau-lang
貓公,Bâ-kang
貓里,Bâ-lí
錫口,Sik-kháu
頭圍,Thâu-uî
龍目井,Lîng-ba̍k-tsínn
龜崙社,Ku-lun-siā
彌陀港,Bî-lô-káng
彌濃,Bî-long
螺陽,Lê-iâng
螺絲港,Lôo-si-káng
薰園,Hun-hn̂g
雙溪口,Siang-khe-kháu
雞籠,Ke-lâng/Kue-lâng
鯉魚尾,Lí-hî-bué/Lí-hî-bé
羅漢內門,Lô-hàn-lāi-bûn
關帝廟,Kuan-tè-biō
關帝廟街,Kuan-tè-biō-ke
寶斗,Pó-táu
寶桑莊,Pó-song-tsng
蘆竹厝,Lôo-tik-tshù
鹹埔,Kiâm-poo
鹹菜甕,Kiâm-tshài-àng
鶯歌石,Ing-ko-tsio̍h
靈潭陂,Lîng-thâm-pi
鷺洲,Lōo-tsiu
鹽埕埔,Iâm-tiânn-poo
灣里街,Uan-lí-ke/Uan-lí-kue
蠻蠻,Bân-bân
丁,Ting
九,Káu
人,Jîn/Lîn
刁,Tiau
卜,Poh
上官,Siōng-kuan
仇,Kiû
仇,Siû
元,Guân
公羊,Kong-iông
公孫,Kong-sun
孔,Khóng
尤,Iû
尹,Ún
巴,Pa
戈,Ko
戶,Hōo
文,Bûn
方,Png
毛,Môo
水,Tsuí
牛,Gû
王,Ông
丘,Khu
令狐,Lîng-hôo
包,Pau
古,Kóo
史,Sú
右,Iū
司,Su
司馬,Su-má
左,Tsó
玉,Gio̍k
甘,Kam
田,Tiân
申,Sin
白,Pe̍h
皮,Phuê/Phê
石,Tsio̍h
任,Jîm/Līm
伍,Ngóo
伏,Ho̍k
匡,Khong
吉,Kiat
安,An
年,Liân
成,Tshiânn
朱,Tsu
江,Kang
池,Tî
牟,Bôo
米,Bí
羊,Iûnn
何,Hô
佘,Siâ
余,Û
佟,Tông
冷,Líng
吳,Ngôo
呂,Lī/Lū
宋,Sòng
巫,Bû
李,Lí
杜,Tōo
步,Pōo
汪,Ong
沈,Sím
沙,Sua
狄,Ti̍k
谷,Kok
貝,Puè
辛,Sin
辰,Sîn
阮,Ńg
卓,Toh
周,Tsiu
孟,Bīng
季,Kuì
尚,Siōng
岳,Ga̍k
房,Pâng
服,Ho̍k
杭,Hâng
林,Lîm
果,Kó
東方,Tong-hong
武,Bú
狐,Hôo
竺,Tiok
花,Hua
虎,Hóo
邱,Khu
邵,Siō
金,Kim
侯,Hâu
俞,Jû/Lû
南,Lâm
南宮,Lâm-kiong
城,Siânn
姚,Iâu
姜,Khiong
宣,Suan
宦,Huān
封,Hong
施,Si
查,Tsa
柯,Kua
柳,Liú
段,Tuān
洪,Âng
皇,Hông
皇甫,Hông-hú
紀,Kí
紅,Hông
胡,Ôo
苗,Biâu
苻,Hû
范,Huān
范姜,Huān-Kiong
計,Kè
風,Hong
倪,Gê
凌,Lîng
原,Guân
唐,Tn̂g
夏,Hē
奚,Hê
姬,Ki
夏侯,Hā-hôo
孫,Sun
展,Tián
徐,Tshî
晁,Tiâu
晉,Tsìn
晏,Àn
柴,Tshâ
桂,Kuì
桑,Song
殷,Un
海,Hái
涂,Thôo
烏,Oo
祝,Tsiok
秦,Tsîn
翁,Ang
耿,Kíng
荀,Sûn
袁,Uân
郝,Hok
馬,Má
高,Ko
區,Oo
商,Siong
國,Kok
婁,Lôo
寇,Khòo
尉遲,Ut-tî
屠,Tôo
崔,Tshui
常,Siông
康,Khng
庾,Jú/Lú
張,Tiunn
張李,Tiunn-Lí
張許,Tiunn-Khóo
張廖,Tiunn-Liāu
張簡,Tiunn-Kán
戚,Tshik
扈,Hōo
曹,Tsô
梁,Niû
梅,Muî
畢,Pit
盛,Sīng
章,Tsiunn
符,Hû
莊,Tsng
莫,Bo̍h
許,Khóo
逢,Hông
連,Liân
郭,Kueh/Keh
陳,Tân
陶,Tô
陸,Lio̍k
陳廖,Tân-Liāu
魚,Hî
鹿,Lo̍k
麥,Be̍h
傅,Pòo
喬,Kiâu
彭,Phênn/Phînn
智,Tì
曾,Tsan
游,Iû
湯,Thng
焦,Ta
程,Thiânn
童,Tâng
華,Huà
費,Huì
賀,Hō
辜,Koo
閔,Bín
陽,Iûnn
項,Hāng
馮,Pâng
黃,N̂g
楊,Iûnn
楚,Tshóo
溫,Un
萬,Bān
葉,Ia̍p
葛,Kat
董,Táng
虞,Gû
詹,Tsiam
路,Lōo
鄒,Tsau
鄔,Oo
雷,Luî
靳,Kìn
廖,Liāu
熊,Hîm
甄,Tsin
端木,Tuan-bo̍k
翟,Ti̍k
聞,Bûn
臧,Tsong
裴,Puê
褚,Thú
趙,Tiō
劉,Lâu
厲,Lē
慕容,Bōo-iông
樂,Ga̍k
樊,Huân
樓,Lâu
歐,Au
潘,Phuann
歐陽,Au-iông
練,Liān
蔡,Tshuà
蔣,Tsiúnn
衛,Uē
諸葛,Tsu-kat
鄧,Tīng
鄭,Tēnn/Tīnn
魯,Lóo
黎,Lê
燕,Ian
盧,Lôo
穆,Bo̍k
蕭,Siau
賴,Luā
遲,Tî
錢,Tsînn
閻,Giâm
霍,Hok
駱,Lo̍h
鮑,Pāu
龍,Lîng
嶽,Ga̍k
應,Ing
戴,Tè
薄,Po̍k
薛,Sih
謝,Tsiā
鍾,Tsing
韓,Hân
瞿,Khû
簡,Kán
聶,Lia̍p
藍,Nâ
豐,Hong
闕,Khuat
顏,Gân
魏,Guī
羅,Lô
譚,Thâm
關,Kuan
龐,Pâng
嚴,Giâm
竇,Tōo
藺,Līn
蘇,Soo
釋,Sik
鐘,Tsing
饒,Jiâu/Liâu
酆,Hong
鐵,Thih
顧,Kòo
龔,Kíng
一人一家代，公媽隨人祀。,"Tsi̍t lâng tsi̍t ke tāi, kong-má suî-lâng tshāi."
一人看出一家，新婦看出大家。,"Tsi̍t lâng khuànn-tshut tsi̍t ke, sin-pū khuànn-tshut ta-ke."
一人煩惱一樣，無人煩惱親像。,"Tsi̍t lâng huân-ló tsi̍t iūnn, bô lâng huân-ló tshin-tshiūnn."
一丈差九尺。,Tsi̍t tn̄g tsha káu tshioh.
一千賒毋值八百現。,Tsi̍t-tshing sia m̄-ta̍t peh-pah hiān.
一分錢，一分貨。,"Tsi̍t hun tsînn, tsi̍t hun huè."
一个錢拍二十四个結。,Tsi̍t ê tsînn phah jī-tsa̍p-sì ê kat.
一斗較贏九石。,Tsi̍t táu khah iânn káu tsio̍h.
一日走拋拋，一暝點燈膋。,"Tsi̍t ji̍t tsáu-pha-pha, tsi̍t mê tiám ting-lâ."
一日剃頭，三日緣投。,"Tsi̍t ji̍t thì-thâu, sann ji̍t iân-tâu."
一日討海，三日曝網。,"Tsi̍t ji̍t thó-hái, sann ji̍t pha̍k bāng."
一日徙栽，三日徛黃。,"Tsi̍t ji̍t suá-tsai, sann ji̍t khiā-n̂g."
一代親，二代表，三代毋捌了了。,"It tāi tshin, jī tāi piáu, sann tāi m̄ bat liáu-liáu."
一句話三角六尖。,Tsi̍t kù uē sann kak la̍k tsiam.
一年換二十四个頭家。,Tsi̍t nî uānn jī-tsa̍p-sì ê thâu-ke.
一耳空入，一耳空出。,"Tsi̍t hīnn-khang ji̍p, tsi̍t hīnn-khang tshut."
一步棋，一步著。,"Tsi̍t pōo kî, tsi̍t pōo tio̍h."
一枝草，一點露。,"Tsi̍t ki tsháu, tsi̍t tiám lōo."
一某無人知，兩某相卸代。,"Tsi̍t bóo bô lâng tsai, nn̄g bóo sio-sià-tāi."
一面抹壁雙面光。,Tsi̍t bīn buah-piah siang bīn kng.
一兼二顧，摸蜊仔兼洗褲。,"It kiam jī kòo, bong lâ-á kiam sé khòo."
一隻牛剝雙領皮。,Tsi̍t tsiah gû pak siang niá phuê.
一隻蝨母嗙甲水牛大。,Tsi̍t tsiah sat-bó pòng kah tsuí-gû tuā.
一粒田螺煮九碗公湯。,Tsi̍t lia̍p tshân-lê tsú káu uánn-kong thng.
一粒米，百粒汗。,"Tsi̍t lia̍p bí, pah lia̍p kuānn."
一喙掛雙舌。,Tsi̍t tshuì kuà siang tsi̍h.
一鄉一俗。,Tsi̍t hiong tsi̍t sio̍k.
一遍賊，百世賊。,"Tsi̍t piàn tsha̍t, pah sì tsha̍t."
一暝全頭路，天光無半步。,"Tsi̍t mê tsuân thâu-lōo, thinn-kng bô-puànn-pōo."
一樣米飼百樣人。,Tsi̍t iūnn bí tshī pah iūnn lâng.
一錢，二緣，三媠，四少年。,"It tshiân, jī iân, sann suí, sì siàu-liân."
一个人一款命。,Tsi̍t ê lâng tsi̍t khuán miā.
一个囡仔較鬧熱三个大人。,Tsi̍t ê gín-á khah lāu-jia̍t sann ê tuā-lâng.
一个某較好三个天公祖。,Tsi̍t ê bóo khah hó sann ê Thinn-kong-tsóo.
七月半鴨仔，毋知死活。,"Tshit-gue̍h-puànn ah-á, m̄ tsai sí-ua̍h."
七坐八爬九發牙。,Tshit tsē peh pê káu huat-gê.
七仔較興八仔。,Tshit--á khah hìng peh--á.
九月颱，無人知。,"Káu-gue̍h thai, bô lâng tsai."
了錢生理無人做，刣頭生理有人做。,"Liáu-tsînn sing-lí bô lâng tsò, thâi-thâu sing-lí ū lâng tsò."
人心肝，牛腹肚。,"Lâng sim-kuann, gû pak-tóo."
人未到，聲先到。,"Lâng buē kàu, siann sing kàu."
人兩跤，錢四跤。,"Lâng nn̄g kha, tsînn sì kha."
人的喙，掩袂密。,"Lâng ê tshuì, am bē ba̍t."
人咧做，天咧看。,"Lâng teh tsò, thinn teh khuànn."
人若衰，種匏仔生菜瓜。,"Lâng nā sue, tsìng pû-á senn tshài-kue."
人情世事陪到到，無鼎閣無灶。,"Jîn-tsîng-sè-sū puê kàu-kàu, bô tiánn koh bô tsàu."
人情留一線，日後好相看。,"Jîn-tsîng lâu tsi̍t suànn, ji̍t-āu hó sio-khuànn."
人牽毋行，鬼牽溜溜行。,"Lâng khan m̄ kiânn, kuí khan liù-liù-kiânn."
人無照天理，天無照甲子。,"Lâng bô tsiàu thinn-lí, thinn bô tsiàu kah-tsí."
人飼人，一支骨；天飼人，肥朒朒。,"Lâng tshī lâng, tsi̍t ki kut; thinn tshī lâng, puî-tsut-tsut."
人濟話就濟，三色人講五色話。,"Lâng tsē uē tō tsē, sam sik lâng kóng ngóo sik uē."
入人門，順人意。,"Ji̍p lâng mn̂g, sūn lâng ì."
入虎口，無死也烏漚。,"Ji̍p hóo kháu, bô sí iā oo-áu."
十二月食菜頭，六月才轉嗽。,"Tsa̍p-jī--gue̍h tsia̍h tshài-thâu, la̍k--gue̍h tsiah tńg-sàu."
十二生相變透透。,Tsa̍p-jī senn-siùnn pìnn-thàu-thàu.
十囝十新婦，賰一个老寡婦。,"Tsa̍p kiánn tsa̍p sin-pū, tshun tsi̍t ê lāu kuá-hū."
十指伸出，無平長。,"Tsa̍p tsáinn tshun-tshut, bô pênn tn̂g."
十喙九尻川。,Tsa̍p tshuì káu kha-tshng.
三人共五目，日後無長短跤話。,"Sann lâng kāng gōo ba̍k, ji̍t-āu bô tn̂g-té-kha-uē."
三分人，七分妝。,"Sann hun lâng, tshit hun tsng."
三日無餾，𬦰上樹。,"Sann ji̍t bô liū, peh-tsiūnn tshiū."
三代粒積，一代窮空。,"Sann tāi lia̍p-tsik, tsi̍t tāi khîng-khong."
三年一閏，好歹照輪。,"Sann nî tsi̍t jūn, hó-pháinn tsiàu lûn."
三百六十行，行行出狀元。,"Sann-pah la̍k-tsa̍p hâng, hâng-hâng tshut tsiōng-guân."
三跤步一坎店。,Sann kha-pōo tsi̍t khám tiàm.
三講，四毋著。,"Sann kóng, sì m̄-tio̍h."
上山看山勢，入門看人意。,"Tsiūnn-suann khuànn suann-sì, ji̍p-mn̂g khuànn lâng ì."
上踏枋，上眠床，無洗跤睏中央。,"Tsiūnn ta̍h-pang, tsiūnn bîn-tshn̂g, bô sé kha khùn tiong-ng."
上轎才欲放尿。,Tsiūnn kiō tsiah beh pàng-jiō.
久長病，無孝子。,"Kú-tn̂g pēnn, bô hàu-tsú."
也著箠，也著糜。,"Iā tio̍h tshuê, iā tio̍h muê."
乞食也有三年好運。,Khit-tsia̍h iā ū sann nî hó-ūn.
乞食下大願。,Khit-tsia̍h hē tuā guān.
乞食身，皇帝喙。,"Khit-tsia̍h sin, hông-tè tshuì."
乞食趕廟公。,Khit-tsia̍h kuánn biō-kong.
千金買厝，萬金買厝邊。,"Tshian-kim bé tshù, bān kim bé tshù-pinn."
千途萬途，毋值得翻田塗。,"Tshian tôo bān tôo, m̄ ta̍t-tit huan tshân thôo."
千算萬算，毋值天一劃。,"Tshian sǹg bān sǹg, m̄-ta̍t thinn tsi̍t ue̍h."
大人生日食肉，囡仔生日食拍。,"Tuā-lâng senn-ji̍t tsia̍h bah, gín-á senn-ji̍t tsia̍h phah."
大人愛趁錢，囡仔愛過年。,"Tuā-lâng ài thàn-tsînn, gín-á ài kuè-nî."
大人儉一喙，囡仔食甲飫。,"Tuā-lâng khiām tsi̍t tshuì, gín-á tsia̍h kah uì."
大甲溪放草魚──有準無。,Tāi-kah-khe pàng tsháu-hî──ū tsún bô.
大目新娘無看見灶。,Tuā-ba̍k sin-niû bô khuànn-kìnn tsàu.
大舌閣興喋。,Tuā-tsi̍h koh hìng thi̍h.
大狗盤牆，細狗看樣。,"Tuā káu puânn tshiûnn, sè káu khuànn-iūnn."
大紅花毋知䆀，圓仔花䆀毋知。,"Tuā-âng-hue m̄ tsai bái, înn-á-hue bái m̄ tsai."
大格雞慢啼。,Tuā-keh ke bān thî.
大細目，懸低耳。,"Tuā-sè-ba̍k, kuân-kē-hīnn."
大碗閣滿墘。,Tuā uánn koh buán kînn.
大腸告小腸。,Tuā-tn̂g kò sió-tn̂g.
大鼎未滾，細鼎沖沖滾。,"Tuā tiánn buē kún, sè tiánn tshiâng-tshiâng-kún."
弓蕉吐囝為囝死。,King-tsio thòo kiánn uī kiánn sí.
互相落氣，求進步。,"Hōo-siong làu-khuì, kiû tsìn-pōo."
五肢指頭仔伸出來無平長。,Gōo ki tsíng-thâu-á tshun--tshut-lâi bô pênn tn̂g.
內神通外鬼。,Lāi sîn thong guā kuí.
六月芥菜假有心。,La̍k-gue̍h kuà-tshài ké ū-sim.
公親變事主。,Kong-tshin piàn sū-tsú.
分袂平，拍甲二九暝。,"Pun bē pênn, phah kah Jī-káu-mê."
天公疼戇人。,Thinn-kong thiànn gōng-lâng.
天頂天公，地下母舅公。,"Thinn-tíng Thinn-kong, tē-ē bú-kū-kong."
少年若無一擺戇，路邊哪有有應公。,"Siàu-liân nā bô tsi̍t pái gōng, lōo-pinn ná ū Iú-ìng-kong."
少年袂曉想，食老毋成樣。,"Siàu-liân bē-hiáu siūnn, tsia̍h-lāu m̄-tsiânn-iūnn."
心歹無人知，喙歹上厲害。,"Sim pháinn bô lâng tsai, tshuì pháinn siōng lī-hāi."
手曲，屈入無屈出。,"Tshiú-khiau, khut-ji̍p bô khut-tshut."
手抱孩兒，才知爸母時。,"Tshiú phō hâi-jî, tsiah tsai pē-bú sî."
日頭赤焱焱，隨人顧性命。,"Ji̍t-thâu tshiah-iānn-iānn, suî-lâng kòo sènn-miā."
欠錢怨債主，不孝怨爸母。,"Khiàm tsînn uàn tsè-tsú, put-hàu uàn pē-bú."
歹瓜厚子，歹人厚言語。,"Pháinn kue kāu tsí, pháinn-lâng kāu giân-gí."
歹竹出好筍，好竹出痀崙。,"Pháinn tik tshut hó sún, hó tik tshut ku-lún."
歹竹出好筍。,Pháinn tik tshut hó sún.
歹船拄著好港路。,Pháinn tsûn tú-tio̍h hó káng-lōo.
毛呼龜粿粽，紅包在你送。,"Môo-honn ku kué tsàng, âng-pau tsāi lí sàng."
牛就是牛，牽到北京也是牛。,"Gû tō sī gû, khan kàu Pak-kiann iā sī gû."
牛牢內觸牛母。,Gû-tiâu-lāi tak gû-bó.
王梨頭，西瓜尾。,"Ông-lâi thâu, si-kue bué."
仙人拍鼓有時錯，跤步踏差啥人無？,"Sian-jîn phah kóo iú sî tshò, kha-pōo ta̍h-tsha siánn-lâng bô?"
仙拚仙，害死猴齊天。,"Sian piànn sian, hāi-sí Kâu Tsê-thian."
兄弟若仝心，烏塗變成金。,"Hiann-tī nā kāng sim, oo-thôo piàn-sîng kim."
加減趁，較袂散。,"Ke-kiám thàn, khah bē sàn."
臺灣錢，淹跤目。,"Tâi-uân tsînn, im kha-ba̍k."
外甥食母舅，親像食豆腐。,"Guē-sing tsia̍h bú-kū, tshin-tshiūnn tsia̍h tāu-hū."
幼秀跤，好命底。,"Iù-siù kha, hó-miā té."
未曾學行先學飛，未曾掖種想挽瓜。,"Buē-tsîng o̍h kiânn sing o̍h pue, buē-tsîng iā-tsíng siūnn bán kue."
未食五日節粽，破裘毋甘放。,"Buē tsia̍h Gōo-ji̍t-tseh tsàng, phuà hiû m̄ kam pàng."
甘蔗無雙頭甜。,Kam-tsià bô siang-thâu tinn.
甘願做牛，毋驚無犁通拖。,"Kam-guān tsò gû, m̄ kiann bô lê thang thua."
生囝師仔，飼囝師傅。,"Senn-kiánn sai-á, tshī kiánn sai-hū."
生狂狗食無屎。,Tshenn-kông káu tsia̍h bô sái.
生的且一邊，養的恩情較大天。,"Senn--ê tshiánn tsi̍t pinn, iúnn--ê un-tsîng khah tuā thinn."
生食都無夠，哪有通曝乾。,"Tshenn tsia̍h to bô-kàu, ná ū thang pha̍k-kuann."
生雞卵的無，放雞屎的有。,"Senn ke-nn̄g--ê bô, pàng ke-sái--ê ū."
用別人的拳頭拇舂石獅。,Iōng pa̍t-lâng ê kûn-thâu-bú tsing tsio̍h-sai.
田螺含水過冬。,Tshân-lê kâm tsuí kuè tang.
白白布染甲烏。,Pe̍h-pe̍h pòo ní kah oo.
皮皮食甲流糍。,Phî-phî tsia̍h kah lâu-tsî.
目睭花花，匏仔看做菜瓜。,"Ba̍k-tsiu hue-hue, pû-á khuànn-tsò tshài-kue."
目睭金金人傷重。,Ba̍k-tsiu kim-kim lâng siong-tiōng.
目睭看佇粿，跤踏著火。,"Ba̍k-tsiu khuànn tī kué, kha ta̍h-tio̍h hué."
目睭看懸，無看低。,"Ba̍k-tsiu khuànn-kuân, bô khuànn-kē."
目睭掛斗概，看人物就愛。,"Ba̍k-tsiu kuà táu-kài, khuànn lâng mi̍h tō ài."
共天公借膽。,Kā Thinn-kong tsioh tánn.
囡仔人尻川三斗火。,Gín-á-lâng kha-tshng sann táu hué.
囝婿是半子。,Kiánn-sài sī puàn-tsú.
在生一粒豆，較贏死了拜豬頭。,"Tsāi-senn tsi̍t lia̍p tāu, khah iânn sí-liáu pài ti-thâu."
好也一句，歹也一句。,"Hó iā tsi̍t kù, pháinn iā tsi̍t kù."
好心予雷唚。,Hó-sim hōo luî tsim.
好歹在心內，喙脣皮相款待。,"Hó-pháinn tsāi sim-lāi, tshuì-tûn-phuê sio khuán-thāi."
好田地不如好子弟。,Hó tshân-tē put-jû hó tsú-tē.
好囝毋免濟，濟囝餓死爸。,"Hó-kiánn m̄-bián tsē, tsē kiánn gō-sí pē."
好好鱟刣甲屎那流。,Hó-hó hāu thâi kah sái ná lâu.
好酒沉甕底。,Hó-tsiú tîm àng-té.
好額毋值著會食，好命毋值著勇健。,"Hó-gia̍h m̄-ta̍t-tio̍h ē tsia̍h, hó-miā m̄-ta̍t-tio̍h ióng-kiānn."
收瀾收予焦，予你生一个有𡳞脬。,"Siu-nuā siu hōo ta, hōo lí senn tsi̍t ê ū lān-pha."
收瀾收離離，明年招小弟。,"Siu-nuā siu-lī-lī, mê-nî tsio sió-tī."
有一好，無兩好。,"Ū tsi̍t hó, bô nn̄g hó."
有囝有囝命，無囝天註定。,"Ū kiánn ū kiánn miā, bô kiánn thinn tsù-tiānn."
有狀元學生，無狀元先生。,"Ū tsiōng-guân ha̍k-sing, bô tsiōng-guân sian-sinn."
有食閣有掠。,Ū tsia̍h koh ū lia̍h.
有唐山公，無唐山媽。,"Ū Tn̂g-suann kong, bô Tn̂g-suann má."
有喙講甲無瀾。,Ū tshuì kóng kah bô nuā.
有量就有福。,Ū-liōng tō ū hok.
有樣看樣，無樣家己想。,"Ū iūnn khuànn-iūnn, bô iūnn ka-kī siūnn."
有燒香有保庇，有食藥有行氣。,"Ū sio-hiunn ū pó-pì, ū tsia̍h io̍h ū kiânn-khì."
死目毋願瞌。,Sí ba̍k m̄ guān kheh.
死皇帝毋值得活乞食。,Sí hông-tè m̄-ta̍t-tit ua̍h khit-tsia̍h.
死蛇活尾溜。,Sí tsuâ ua̍h bué-liu.
死道友，無死貧道。,"Sí tō-iú, bô sí pîn-tō."
老人毋講古，少年毋捌寶。,"Lāu-lâng m̄ kóng-kóo, siàu-liân m̄ bat pó."
老的老步定，少年的較懂嚇。,"Lāu--ê lāu-pōo-tiānn, siàu-liân--ê khah táng-hiannh."
耳仔生兩葉，家己看袂著。,"Hīnn-á senn nn̄g hio̍h, ka-kī khuànn bē tio̍h."
行船走馬三分命。,Kiânn-tsûn tsáu-bé sann hun miā.
西北雨，落袂過車路。,"Sai-pak-hōo, lo̍h bē kuè tshia-lōo."
西瓜倚大爿。,Si-kue uá tuā pîng.
囡仔人有耳無喙。,Gín-á-lâng ū-hīnn-bô-tshuì.
別人的囝死袂了。,Pa̍t-lâng ê kiánn sí bē liáu.
坐予正，得人疼。,"Tsē hōo tsiànn, tit lâng thiànn."
忍氣求財，激氣相刣。,"Lún-khì kiû tsâi, kik-khì sio-thâi."
見笑轉受氣。,Kiàn-siàu tńg siū-khì.
尪姨順話尾，假童害眾人。,"Ang-î sūn uē-bué, ké tâng hāi tsìng-lâng."
刣雞教猴。,Thâi ke kà kâu.
呵咾甲會觸舌。,O-ló kah ē tak-tsi̍h.
和尚頭掠蝨母。,Huê-siūnn thâu lia̍h sat-bó.
拍人喝救人。,Phah lâng huah-kiù-lâng.
拍虎掠賊也著親兄弟。,Phah hóo lia̍h tsha̍t iā tio̍h tshin hiann-tī.
拍斷手骨顛倒勇。,Phah-tn̄g tshiú-kut tian-tò ióng.
放屁安狗心。,Pàng-phuì an káu sim.
杯底毋通飼金魚。,Pue-té m̄-thang tshī kim-hî.
爸母疼囝長流水，囝疼爸母樹尾風。,"Pē-bú thiànn kiánn tn̂g lâu-tsuí, kiánn thiànn pē-bú tshiū-bué hong."
狗無嫌主人散。,Káu bô hiâm tsú-lâng sàn.
罔趁較袂散。,Bóng thàn khah bē sàn.
花無百日紅，人無千日好。,"Hue bô pah ji̍t âng, lâng bô tshian ji̍t hó."
近山剉無柴，近溪擔無水。,"Kīn suann tshò bô tshâ, kīn khe tann bô tsuí."
近水知魚性，近山識鳥音。,"Kīn suí ti gû sìng, kīn san sik niáu im."
近廟欺神。,Kīn biō khi sîn.
涼傘雖破，骨格原在。,"Niû-suànn sui phuà, kut-keh guân-tsāi."
青盲貓咬著死鳥鼠。,Tshenn-mê niau kā-tio̍h sí niáu-tshí.
俗物食破家。,Sio̍k-mi̍h tsia̍h phuà ke.
俗物無好貨。,Sio̍k-mi̍h bô hó huè.
勇勇馬縛佇將軍柱。,Ióng-ióng bé pa̍k tī tsiong-kun-thiāu.
會咬人的狗袂吠。,Ē kā--lâng ê káu bē puī.
怨生無怨死。,Uàn senn bô uàn sí.
恬恬食三碗公半。,Tiām-tiām tsia̍h sann uánn-kong puànn.
春天後母面，欲變一時間。,"Tshun-thinn āu-bú-bīn, beh piàn tsi̍t-sî-kan."
春雺曝死鬼，夏雺做大水。,"Tshun bông pha̍k-sí kuí, hā bông tsò-tuā-tsuí."
是毋是，罵家己。,"Sī m̄ sī, mē ka-kī."
某大姊，坐金交椅。,"Bóo-tuā-tsí, tsē kim kau-í."
查埔也著疼，查某也著晟。,"Tsa-poo iā tio̍h thiànn, tsa-bóo iā tio̍h tshiânn."
查埔囝得田園，查某囝得嫁粧。,"Tsa-poo-kiánn tit tshân-hn̂g, tsa-bóo-kiánn tit kè-tsng."
歪喙雞食好米。,Uai-tshuì ke tsia̍h hó bí.
相分食有賰，相搶食無份。,"Sio-pun tsia̍h ū tshun, sio-tshiúnn tsia̍h bô hūn."
相命無褒，食水都無。,"Siòng-miā bô po, tsia̍h tsuí to bô."
相罵無揀喙，相拍無揀位。,"Sio-mē bô kíng tshuì, sio-phah bô kíng uī."
看人食肉，毋通看人相拍。,"Khuànn lâng tsia̍h bah, m̄-thang khuànn lâng sio-phah."
紅媠，烏大範。,"Âng suí, oo tuā-pān."
胡蠅舞屎桮。,Hôo-sîn bú sái-pue.
食人一口，報人一斗。,"Tsia̍h lâng tsi̍t kháu, pò lâng tsi̍t táu."
食人一斤，也著還人四兩。,"Tsia̍h lâng tsi̍t kin, iā tio̍h hîng lâng sì niú."
食人頭鍾酒，講人頭句話。,"Tsia̍h lâng thâu tsing tsiú, kóng lâng thâu kù uē."
食好鬥相報。,Tsia̍h hó tàu sio-pò.
食米毋知米價。,Tsia̍h bí m̄ tsai bí kè.
食果子拜樹頭；食米飯拜田頭。,Tsia̍h kué-tsí pài tshiū-thâu; tsia̍h bí-pn̄g pài tshân-thâu.
食甜食鹹，臭跤鼻臁。,"Tsia̍h tinn tsia̍h kiâm, tshàu kha-phīnn-liâm."
食魚食肉，也著菜佮。,"Tsia̍h hî tsia̍h bah, iā tio̍h tshài kah."
食無三把蕹菜，就欲上西天。,"Tsia̍h bô sann pé ìng-tshài, tō beh tsiūnn se-thian."
食著藥，青草一葉；食毋著藥，人參一石。,"Tsia̍h tio̍h io̍h, tshenn-tsháu tsi̍t hio̍h; tsia̍h m̄-tio̍h io̍h, jîn-sim tsi̍t tsio̍h."
食飯皇帝大。,Tsia̍h-pn̄g hông-tè tuā.
食碗內，說碗外。,"Tsia̍h uánn-lāi, sueh uánn-guā."
食飽換枵。,Tsia̍h-pá uānn iau.
食緊挵破碗。,Tsia̍h-kín lòng-phuà uánn.
食雞，會起家；食鰇魚，生囡仔好育飼。,"Tsia̍h ke, ē khí-ke; tsia̍h jiû-hî, senn gín-á hó io-tshī."
枵鬼假細膩。,Iau-kuí ké sè-jī.
倖豬夯灶，倖囝不孝。,"Sīng ti giâ tsàu, sīng kiánn put-hàu."
倒吊無墨水。,Tò-tiàu bô ba̍k-tsuí.
冤家變親家。,Uan-ke piàn tshin-ke.
家己栽一欉，較贏看別人。,"Ka-kī tsai tsi̍t tsâng, khah iânn khuànn pa̍t-lâng."
家己捧屎抹面。,Ka-kī phóng-sái buah-bīn.
家和萬事興，家亂萬世窮。,"Ka hô bān-sū hing, ka luān bān-sè kîng."
時到時擔當，無米才煮番薯湯。,"Sî kàu sî tam-tng, bô bí tsiah tsú han-tsî-thng."
校長兼摃鐘。,Hāu-tiúnn kiam kòng tsing.
桌頂食飯，桌跤放屎。,"Toh-tíng tsia̍h-pn̄g, toh-kha pàng-sái."
氣死驗無傷。,Khì-sí giām bô siong.
烏仔魚搢水。,Oo-á-hî tsìnn tsuí.
烏矸仔貯豆油。,Oo kan-á té tāu-iû.
神明興，弟子窮。,"Sîn-bîng hing, tē-tsú kîng."
缺喙的食米粉──看現現。,Khih-tshuì--ê tsia̍h bí-hún──khuànn-hiān-hiān.
翁仔某是相欠債。,Ang-á-bóo sī sio-khiàm-tsè.
翁某若仝心，烏塗變成金。,"Ang-bóo nā kāng-sim, oo-thôo piàn-sîng kim."
翁親某親，老婆仔拋捙輪。,"Ang tshin bóo tshin, lāu-pô-á pha-tshia-lin."
臭頭仔嘛會做皇帝，做總統你嘛有機會。,"Tshàu-thâu-á mā ē tsò hông-tè, tsò tsóng-thóng lí mā ū ki-huē."
草地親家坐大位。,Tsháu-tē tshin-ke tsē tuā-uī.
袂曉剃頭，拄著鬍鬚。,"Bē-hiáu thì-thâu, tú-tio̍h hôo-tshiu."
財子壽三字全。,Tsâi-tsú-siū sann jī tsuân.
送伊魚，較輸教伊掠魚。,"Sàng i hî, khah-su kà i lia̍h hî."
痟狗舂墓壙。,Siáu-káu tsing bōng-khòng.
痟貪軁雞籠。,Siáu-tham nǹg ke-lam.
做公親，貼本。,"Tsò kong-tshin, thiap pún."
做牛著拖，做人著磨。,"Tsò gû tio̍h thua, tsò lâng tio̍h buâ."
做官若清廉，食飯著攪鹽。,"Tsò-kuann nā tshing-liâm, tsia̍h-pn̄g tio̍h kiáu iâm."
做官騙厝內，做生理騙熟似。,"Tsò-kuann phiàn tshù-lāi, tsò-sing-lí phiàn si̍k-sāi."
做著歹田望下冬，娶著歹某一世人。,"Tsò-tio̍h pháinn tshân bāng ē tang, tshuā-tio̍h pháinn bóo tsi̍t-sì-lâng."
做戲的欲煞，看戲的毋煞。,"Tsò-hì--ê beh suah, khuànn-hì--ê m̄ suah."
張持無蝕本。,Tiunn-tî bô si̍h-pún.
得失土地公，飼無雞。,"Tik-sit Thóo-tī-kong, tshī bô ke."
惜花連盆，疼囝連孫。,"Sioh hue liân phûn, thiànn kiánn liân sun."
捷罵袂聽，捷拍袂疼。,"Tsia̍p mē bē thiann, tsia̍p phah bē thiànn."
掃地掃壁角，洗面洗耳空。,"Sàu-tè sàu piah-kak, sé-bīn sé hīnn-khang."
教豬教狗，不如家己走。,"Kà ti kà káu, put-jû ka-kī tsáu."
欲好額等後世，欲做官學做戲。,"Beh hó-gia̍h tán āu-sì, beh tsò-kuann o̍h tsò-hì."
清明無轉厝，無祖；過年無轉厝，無某。,"Tshing-bîng bô tńg tshù, bô tsóo; kuè-nî bô tńg tshù, bô bóo."
牽尪姨，順話尾。,"Khan ang-î, sūn uē-bué."
細空毋補，大空叫苦。,"Sè khang m̄ póo, tuā khang kiò-khóo."
細漢偷挽匏，大漢偷牽牛。,"Sè-hàn thau bán pû, tuā-hàn thau khan gû."
細漢煩惱伊袂大，大漢煩惱伊未娶。,"Sè-hàn huân-ló i bē tuā, tuā-hàn huân-ló i buē tshuā."
船過水無痕。,Tsûn kuè tsuí bô hûn.
這溪無魚，別溪釣。,"Tsit khe bô hî, pa̍t khe tiò."
陰鴆陰鴆，咬人三寸深。,"Im-thim-im-thim, kā lâng sann tshùn tshim."
頂司管下司，鋤頭管畚箕。,"Tíng-si kuán ē-si, tî-thâu kuán pùn-ki."
頂港有名聲，下港上出名。,"Tíng-káng ū miâ-siann, ē-káng siōng tshut-miâ."
徛懸山，看馬相踢。,"Khiā kuân suann, khuànn bé sio-that."
喙食，予尻川坐數。,"Tshuì tsia̍h, hōo kha-tshng tshē-siàu."
喙脣皮相款待。,Tshuì-tûn-phuê sio khuán-thāi.
喙飽目睭枵。,Tshuì pá ba̍k-tsiu iau.
媒人保入房，無保一世人。,"Muê-lâng pó ji̍p pâng, bô pó tsi̍t-sì-lâng."
惡馬惡人騎。,Ok bé ok lâng khiâ.
揀啊揀，揀著一个賣龍眼。,"Kíng--ah kíng, kíng-tio̍h tsi̍t ê bē lîng-gíng."
攑頭三尺有神明。,Gia̍h-thâu sann tshioh ū sîn-bîng.
敢做匏桸，就毋通驚水燙。,"Kánn tsò pû-hia, tō m̄-thang kiann tsuí thǹg."
棚頂做甲流汗，棚跤嫌甲流瀾。,"Pênn-tíng tsò kah lâu-kuānn, pênn-kha hiâm kah lâu-nuā."
無三不成禮。,Bû sam put sîng lé.
無日毋知晝，無鬚毋知老。,"Bô ji̍t m̄ tsai tàu, bô tshiu m̄ tsai lāu."
無毛雞假大格。,Bô môo ke ké tuā-keh.
無牛駛馬。,Bô gû sái bé.
無米有舂臼，無囝抱新婦。,"Bô bí ū tsing-khū, bô kiánn phō sin-pū."
無彼號尻川，想欲食彼號瀉藥。,"Bô hit-lō kha-tshng, siūnn-beh tsia̍h hit-lō sià-io̍h."
無枷夯交椅。,Bô kê giâ kau-í.
無通生食，哪有通曝乾。,"Bô thang tshenn tsia̍h, ná ū thang pha̍k-kuann."
無魚，蝦嘛好。,"Bô hî, hê mā hó."
無禁無忌，食百二。,"Bô-kìm-bô-khī, tsia̍h pah-jī."
猴也會跋落樹跤。,Kâu iā ē pua̍h-lo̍h tshiū-kha.
畫虎畫皮難畫骨，知人知面不知心。,"Uā hóo uā phî lân uā kut, ti jîn ti biān put ti sim."
等物僫到，等人快老。,"Tán mi̍h oh kàu, tán lâng khuài lāu."
菜蟲食菜，菜跤死。,"Tshài thâng tsia̍h tshài, tshài-kha sí."
買田愛揀好田底，娶某愛揀好娘嬭。,"Bé tshân ài kíng hó tshân té, tshuā-bóo ài kíng hó niû-lé."
買厝，買厝邊。,"Bé tshù, bé tshù-pinn."
買賣算分，相請無論。,"Bé-bē sǹg hun, sio-tshiánn bô lūn."
趁也著趁，食也著食。,"Thàn iā tio̍h thàn, tsia̍h iā tio̍h tsia̍h."
趁錢有數，性命愛顧。,"Thàn-tsînn iú sòo, sènn-miā ài kòo."
跋一倒，抾著一隻金雞母。,"Pua̍h tsi̍t tó, khioh-tio̍h tsi̍t tsiah kim ke-bó."
痚呴袂忍得嗽。,He-ku bē lún tit sàu.
媠䆀無比止，愛著較慘死。,"Suí-bái bô pí tsí, ài--tio̍h khah tshám sí."
圓人會扁，扁人會圓。,"Înn--lâng ē pínn, pínn--lâng ē înn."
嫁雞綴雞飛，嫁狗綴狗走。,"Kè ke tuè ke pue, kè káu tuè káu tsáu."
嫌貨才是買貨人。,Hiâm huè tsiah-sī bé huè lâng.
愛拚才會贏。,Ài piànn tsiah ē iânn.
愛媠毋驚流鼻水。,Ài-suí m̄ kiann lâu phīnn-tsuí.
惹熊惹虎，毋通惹著刺查某。,"Jiá hîm jiá hóo, m̄-thang jiá-tio̍h tshiah-tsa-bóo."
暗頓減食一口，活甲九十九。,"Àm-tǹg kiám tsia̍h tsi̍t kháu, ua̍h kah káu-tsa̍p-káu."
會生得囝身，袂生得囝心。,"Ē-senn-tit kiánn sin, bē-senn-tit kiánn sim."
會跋才會大。,Ē pua̍h tsiah ē tuā.
會曉偷食，袂曉拭喙。,"Ē-hiáu thau tsia̍h, bē-hiáu tshit tshuì."
溜溜瞅瞅，食兩蕊目睭。,"Liu-liu-tshiu-tshiu, tsia̍h nn̄g luí ba̍k-tsiu."
萬事起頭難。,Bān-sū khí-thâu lân.
腹肚若水櫃，胸坎若樓梯。,"Pak-tóo ná tsuí-kuī, hing-khám ná lâu-thui."
腹肚做藥櫥。,Pak-tóo tsò io̍h-tû.
落塗時八字命。,Lo̍h-thôo-sî peh-jī miā.
落水平平沉，全無重頭輕。,"Lo̍h tsuí pênn-pênn tîm, tsuân bô tāng-thâu-khin."
誠意食水甜。,Sîng-ì tsia̍h tsuí tinn.
過時賣曆日。,Kuè-sî bē la̍h-ji̍t.
過橋較濟你行路，食鹽較濟你食米。,"Kuè kiô khah tsē lí kiânn-lōo, tsia̍h iâm khah tsē lí tsia̍h bí."
隔壁親家，禮數原在。,"Keh-piah tshin-ke, lé-sòo guân-tsāi."
飼囝無論飯，飼爸母算頓。,"Tshī kiánn bô-lūn pn̄g, tshī pē-bú sǹg tǹg."
飼鳥鼠，咬布袋。,"Tshī niáu-tshí, kā pòo-tē."
飽穗的稻仔，頭犁犁。,"Pá-suī ê tiū-á, thâu lê-lê."
骨力食栗，貧惰吞瀾。,"Kut-la̍t tsia̍h la̍t, pîn-tuānn thun nuā."
僥倖錢，失德了；冤枉錢，跋輸筊。,"Hiau-hīng-tsînn, sit-tik liáu; uan-óng-tsînn, pua̍h-su kiáu."
慢牛厚屎尿。,Bān gû kāu-sái-jiō.
疑人，毋成賊。,"Gî lâng, m̄ tsiânn tsha̍t."
盡人事，順天意。,"Tsīn jîn-sū, sūn thinn-ì."
緊行無好步。,Kín kiânn bô hó pōo.
緊紡無好紗，緊嫁無好大家。,"Kín pháng bô hó se, kín kè bô hó ta-ke."
瘦田𠢕欶水。,Sán tshân gâu suh tsuí.
豬毋大，大對狗去。,"Ti m̄ tuā, tuā tuì káu khì."
戲館邊的豬母，袂歕簫嘛會拍拍。,"Hì-kuán pinn ê ti-bó, bē pûn siau mā ē phah-phik."
豬岫毋值狗岫穩。,Ti-siū m̄-ta̍t káu-siū ún.
豬頭毋顧，顧鴨母卵。,"Ti-thâu m̄ kòo, kòo ah-bó nn̄g."
豬頭皮炸無油。,Ti-thâu-phuê tsuànn bô iû.
賣茶講茶芳，賣花講花紅。,"Bē tê kóng tê phang, bē hue kóng hue âng."
燒瓷的食缺，織蓆的睏椅。,"Sio-huî--ê tsia̍h khih, tsit-tshio̍h--ê khùn í."
鋪面蟶，浸水蚵。,"Phoo-bīn than, tsìm-tsuí ô."
靠山山會崩，靠水水會焦。,"Khò suann suann ē pang, khò tsuí tsuí ē ta."
樹頭徛予在，毋驚樹尾做風颱。,"Tshiū-thâu khiā hōo tsāi, m̄ kiann tshiū-bué tsò-hong-thai."
膨風水雞刣無肉。,Phòng-hong tsuí-ke thâi bô bah.
輸人毋輸陣，輸陣歹看面。,"Su lâng m̄ su tīn, su tīn pháinn-khuànn bīn."
錢四跤，人兩跤。,"Tsînn sì kha, lâng nn̄g kha."
頭大面四方，肚大居財王。,"Thâu tuā bīn sù-hong, tóo tuā ki-tsâi ông."
頭燒燒，尾冷冷。,"Thâu sio-sio, bué líng-líng."
鴨仔聽雷。,Ah-á thiann luî.
龍交龍，鳳交鳳，隱痀的交侗戇。,"Lîng kau lîng, hōng kau hōng, ún-ku--ê kau tòng-gōng."
龜笑鱉無尾，鱉笑龜粗皮。,"Ku tshiò pih bô bué, pih tshiò ku tshoo phuê."
龜跤趖出來。,Ku-kha sô--tshut-lâi.
龜跤龜內肉。,Ku-kha ku-lāi bah.
閹雞趁鳳飛。,Iam-ke thàn hōng pue.
戲棚跤徛久就是你的。,Hì-pênn-kha khiā kú tō sī lí ê.
毛毛仔雨落久，塗嘛會澹。,"Mn̂g-mn̂g-á hōo lo̍h-kú, thôo mā ē tâm."
艱苦頭，快活尾。,"Kan-khóo thâu, khuìnn-ua̍h bué."
講一个影，生一个囝。,"Kóng tsi̍t ê iánn, senn tsi̍t ê kiánn."
講著食，舂破額。,"Kóng-tio̍h tsia̍h, tsing-phuà hia̍h."
搖人無才，搖豬無刣。,"Iô lâng bô-tsâi, iô ti bô thâi."
斷掌查埔做相公，斷掌查某守空房。,"Tn̄g-tsiúnn tsa-poo tsò siùnn-kang, tn̄g-tsiúnn tsa-bóo tsiú khang-pâng."
䆀猴𠢕欠數。,Bái-kâu gâu khiàm-siàu.
舊囚食新囚。,Kū siû tsia̍h sin siû.
雜唸大家出蠻皮新婦。,Tsa̍p-liām ta-ke tshut bân-phuê sin-pū.
雙手抱孩兒，才知爸母時。,"Siang-tshiú phō hâi-jî, tsiah tsai pē-bú sî."
雙个旋，惡甲無人問。,"Siang ê tsn̄g, ok kah bô lâng mn̄g."
雞卵密密也有縫。,Ke-nn̄g ba̍t-ba̍t iā ū phāng.
雞屎落塗，也有三寸煙。,"Ke sái lo̍h thôo, iā ū sann tshùn ian."
離鄉，無離腔。,"Lī hiunn, bô lī khiunn."
關門著閂，講話著看。,"Kuainn-mn̂g tio̍h tshuànn, kóng-uē tio̍h khuànn."
勸人做好代，較贏食早齋。,"Khǹg lâng tsò hó tāi, khah iânn tsia̍h tsá-tsai."
勸恁有孝千萬句，袂曉有孝豬狗牛。,"Khǹg lín iú-hàu tshian-bān kù, bē-hiáu iú-hàu ti káu gû."
嚴官府出厚賊；嚴爸母出阿里不達。,Giâm kuann-hú tshut kāu tsha̍t; giâm pē-bú tshut a-lí-put-ta̍t.
爛塗袂糊得壁。,Nuā-thôo bē-kôo-tit piah.
歡歡喜喜一工，煩煩惱惱也一工。,"Huann-huann-hí-hí tsi̍t kang, huân-huân-ló-ló iā tsi̍t kang."
聽某喙，大富貴。,"Thiann bóo tshuì, tuā hù-kuì."
讀冊，讀佇尻脊骿。,"Tha̍k-tsheh, tha̍k tī kha-tsiah-phiann."
驚某大丈夫，拍某豬狗牛。,"Kiann bóo tāi-tiōng-hu, phah bóo ti káu gû."
驚驚袂著等。,Kiann-kiann bē tio̍h-tíng.
戇的也有一項會。,Gōng--ê iā ū tsi̍t hāng ē.
象山,Tshiūnn-suann
大安森林公園,Tāi-an Sim-lîm Kong-hn̂g
信義安和,Sìn-gī An-hô
丹鳳,Tan-hōng
迴龍,Huê-liông
北門,Pak-mn̂g
臺北小巨蛋,Tâi-pak Sió-kī-tàn/Tâi-pak Sió-kū-tàn
南京三民,Lâm-kiann Sam-bîn
松山,Siông-san
頂埔,Tíng-poo
十四張,Tsa̍p-sì-tiunn
秀朗橋,Siù-lóng-kiô
景平,Kíng-pîng
中和,Tiong-hô
橋和,Kiô-hô
中原,Tiong-guân
板新,Pang-sin
新埔民生,Sin-poo Bîn-sing
幸福,Hīng-hok
新北產業園區,Sin-pak Sán-gia̍p Hn̂g-khu
到彼號時，攑彼號旗。,"Kàu hit-lō sî, gia̍h hit-lō kî."
新莊副都心,Sin-tsng Hù-too-sim
泰山,Thài-san
泰山貴和,Thài-san Kuì-hô
體育大學,Thé-io̍k Tāi-ha̍k
長庚醫院,Tiông-kenn Pēnn-īnn/Tiông-kinn Pīnn-īnn
林口,Nâ-kháu
機場第一航廈,Ki-tiûnn Tē-it Hâng-hā/Ki-tiûnn Tuē-it Hâng-hā
機場第二航廈,Ki-tiûnn Tē-jī Hâng-hā/Ki-tiûnn Tuē-lī Hâng-hā
機場旅館,Ki-tiûnn Lí-kuán
橫山,Huâinn-suann
領航,Líng-hâng
高鐵桃園站,Ko-thih Thô-hn̂g-tsām
桃園體育園區,Thô-hn̂g Thé-io̍k Hn̂g-khu
興南,Hing-lâm
環北,Khuân-pak
北屯總站,Pak-tūn Tsóng-tsām
舊社,Kū-siā
松竹,Siông-tik
文心崇德,Bûn-sim Tsông-tik
文心中清,Bûn-sim Tiong-tshing
文華高中,Bûn-huâ Ko-tiong
文心櫻花,Bûn-sim Ing-hue
市政府,Tshī-tsìng-hú
水安宮,Tsuí-an-kiong
文心森林公園,Bûn-sim Sim-lîm Kong-hn̂g
南屯,Lâm-tūn
豐樂公園,Hong-lo̍k Kong-hn̂g
大慶,Tāi-khìng
九張犁,Káu-tiunn-lê
九德,Kiú-tik
烏日,Oo-ji̍t
高鐵臺中站,Ko-thih Tâi-tiong-tsām
籬仔內,Lî-á-lāi
凱旋瑞田,Khái-suân Suī-tiân
前鎮之星,Tsiân-tìn tsi tshenn
凱旋中華,Khái-suân Tiong-huâ
夢時代,Bāng-sî-tāi
經貿園區,King-bōo Hn̂g-khu
軟體園區,Nńg-thé Hn̂g-khu
高雄展覽館,Ko-hiông Tián-lám-kuán
旅運中心,Lí-ūn Tiong-sim
光榮碼頭,Kong-îng Bé-thâu
真愛碼頭,Tsin-ài Bé-thâu
駁二大義,Pok-jī Tāi-gī
駁二蓬萊,Pok-jī Hông-lâi
哈瑪星,Há-má-sing
壽山公園（金馬賓館當代美術館）,Siū-suann Kong-hn̂g (Kim-má Pin-kuán Tong-tāi Bí-su̍t-kuán)
文武聖殿,Bûn-bú Sìng-tiān
鼓山區公所,Kóo-san Khu-kong-sóo
鼓山,Kóo-san
馬卡道,Ma-ká-táu
臺鐵美術館,Tâi-thih Bí-su̍t-kuán
竿蓁林,Kuann-tsin-nâ
淡金鄧公,Tām-kim Tīng-kong
淡江大學,Tām-kang Tāi-ha̍k
淡金北新（北投子）,Tām-kim Pak-sin
新市一路,Sin-tshī-it-lōo
淡水行政中心,Tām-tsuí Hîng-tsìng Tiong-sim
濱海義山,Pin-hái Gī-san
濱海沙崙,Pin-hái Sua-lūn
淡海新市鎮,Tām-hái Sin-tshī-tìn
崁頂,Khàm-tíng
淡水漁人碼頭,Tām-tsuí Hî-jîn Bé-thâu
沙崙,Sua-lūn
臺北海洋大學,Tâi-pak Hái-iûnn Tāi-ha̍k
雙城,Siang-siânn
玫瑰中國城,Muî-kuì Tiong-kok-siânn
臺北小城,Tâi-pak Sió-siânn
耕莘安康院區,King-sin An-khong Īnn-khu
景文科大,Kíng-bûn Kho-tāi
安康,Àm-khinn
陽光運動公園,Iông-kong Ūn-tōng Kong-hn̂g
新和國小,Sin-hô Kok-sió
四維國小,Sù-uî Kok-sió
山鼻,Suann-phīnn-á
坑口,Khenn-á-kháu
大園,Tuā-hn̂g-á
臺北101(世貿),Tâi-pak It khòng it(Sè-bōo)
三坑,Sann-khenn-á
百福,Pah-hok
五堵,Gōo-tóo
凱旋公園,Khái-suân Kong-hn̂g
衛生局,Uē-sing-kio̍k
汐止,Si̍k-tsí
五權國小,Ngóo-khuân Kok-sió
汐科,Si̍k-kho
凱旋武昌,Khái-suân Bú-tshiong
南港,Lâm-káng
凱旋二聖,Khái-suân Jī-sìng
松山,Siông-san
輕軌機廠,Khin-thih Ki-tshiúnn
浮洲,Phû-tsiu-á
南樹林,Lâm-tshiū-nâ
內惟藝術中心,Lāi-uî Gē-su̍t Tiong-sim
美術館,Bí-su̍t-kuán
聯合醫院,Liân-ha̍p Pēnn-īnn/Liân-ha̍p Pīnn-īnn
龍華國小,Liông-huâ Kok-sió
愛河之心,Ài-hô tsi sim
新富,Sin-hù
北湖,Pak-ôo
北新竹,Pak-sin-tik
三姓橋,Sam-sìng-kiô
栗林,Ka-la̍t-nâ
頭家厝,Thâu-ke-tshù
松竹,Siông-tik
太原,Thài-guân
精武,Tsing-bú
五權,Ngóo-khuân
新烏日,Sin-oo-ji̍t
大村,Tāi-tshuan
嘉北,Ka-pak
南科,Lâm-kho
大橋,Tuā-kiô
仁德,Jîn-tik
新左營,Sin-tsó-iânn
內惟,Lāi-uî
美術館,Bí-su̍t-kuán
鼓山,Kóo-san
三塊厝,Sann-tè-tshù
民族,Bîn-tso̍k
科工館,Kho-kang-kuán
正義,Tsìng-gī
八斗子,Peh-táu-á
海科館,Hái-kho-kuán
千甲,Tshian-kah
新莊,Sin-tsng
六家,La̍k-ka
富貴（南河）,Hù-kuì (Lâm-hô)
鹿麻產,Lo̍k-muâ-sán
祝山,Tsiok-suann
沙崙線,Sua-lūn-suànn
長榮大學,Tióng-îng Tāi-ha̍k
沙崙,Sua-lūn
六家線,La̍k-ka-suànn
深澳線,Tshim-ò-suànn
阿里山林業鐵路,A-lí-san Lîm-gia̍p Thih-lōo
老街溪,Lāu-ke-khe/Lāu-kue-khue
前金,Tsiân-kim
苓雅運動園區,Lîng-ngá Ūn-tōng Hn̂g-khu
岡山車站,Kong-san Tshia-tsām
新上國小,Sin-siōng Kok-sió
大順民族,Tāi-sūn Bîn-tso̍k
灣仔內（大順鼎山）,Uan-á-lāi (Tāi-sūn Tiánn-san)
高雄高工,Ko-hiông Ko-kang
樹德家商,Tshiū-tik Ka-siong
聖功醫院（道明中學）,Sìng-kong Pēnn-īnn (Tō-bîng Tiong-ha̍k)/Sìng-kong Pīnn-īnn (Tō-bîng Tiong-ha̍k)
放尿攪沙袂做堆。,Pàng-jiō kiáu sua bē tsò-tui.
物會使濫糝食，話袂使濫糝講。,"Mi̍h ē-sái lām-sám tsia̍h, uē bē-sái lām-sám kóng."
無風無搖，倒大樹。,"Bô-hong-bô-iô, tó tuā-tshiū."
荏荏馬也有一步踢。,Lám-lám bé iā ū tsi̍t pōo that.
好心好行，無衫通穿。,"Hó-sim-hó-hīng, bô sann thang tshīng."
放屎也疼，放尿也疼。,"Pàng-sái iā thiànn, pàng-jiō iā thiànn."
滿面全豆花。,Muá-bīn tsuân tāu-hue.
人𠢕，天咧做對頭。,"Lâng gâu, thinn teh tsò tuì-thâu."
別人的錢開袂疼。,Pa̍t-lâng ê tsînn khai bē thiànn.
老人囡仔性。,Lāu-lâng gín-á-sìng.
九頓米糕無上算，一頓冷糜抾起來囥。,"Káu tǹg bí-ko bô tsiūnn-sǹg, tsi̍t tǹg líng muâi khioh khí-lâi khǹg."
橫柴夯入灶。,Huâinn tshâ giâ-ji̍p tsàu.
拚甲流汗，予人嫌甲流瀾。,"Piànn kah lâu-kuānn, hōo lâng hiâm kah lâu-nuā."
肉欲予人食，骨毋予人齧。,"Bah beh hōo lâng tsia̍h, kut m̄ hōo lâng khè."
豬屎籃仔結綵。,Ti-sái nâ-á kat-tshái.
你看我殕殕，我看你霧霧。,"Lí khuànn guá phú-phú, guá khuànn lí bū-bū."
花食露水，人食喙水。,"Hue tsia̍h lōo-tsuí, lâng tsia̍h tshuì-suí."
馬四跤也會著觸。,Bé sì kha iā ē tio̍h-tak.
點油做記號。,Tiám iû tsò kì-hō.
掠龜走鱉，掠蟳走蠘。,"Lia̍h-ku-tsáu-pih, lia̍h-tsîm-tsáu-tshi̍h."
斬人的稻仔尾。,Tsánn lâng ê tiū-á-bué.
激一个參仔氣。,Kik tsi̍t ê sim-á-khuì.
跋筊，家伙了。,"Pua̍h-kiáu, ke-hué liáu."
袂生，牽拖厝邊。,"Bē sinn, khan-thua tshù-pinn."
捾籃仔假燒金。,Kuānn nâ-á ké sio-kim.
食甜，著愛憶著鹹。,"Tsia̍h tinn, tio̍h-ài it-tio̍h kiâm."
搬岫雞母生無卵。,Puann siū ke-bó senn bô nn̄g.
褲袋仔袋磅子。,Khòo-tē-á tē pōng-tsí.
一時風，駛一時船。,"Tsi̍t-sî hong, sái tsi̍t-sî tsûn."
半路認老爸。,Puànn-lōo jīn lāu-pē.
欲食胡蠅，家己欱。,"Beh tsia̍h hôo-sîn, ka-kī hap."
大牛無惜力。,Tuā gû bô sioh la̍t.
鵁鴒順便空。,Ka-līng sūn piān khang.
𠢕算，毋值拄搪。,"Gâu sǹg, m̄-ta̍t tú-tn̄g."
一肩擔雞，雙頭啼。,"Tsi̍t king tann ke, siang-thâu thî."
暗頭仔食西瓜，半暝仔反症。,"Àm-thâu-á tsia̍h si-kue, puànn-mê-á huán-tsìng."
欲哭無目屎。,Beh khàu bô ba̍k-sái.
天地顛倒反。,Thinn-tē tian-tò-píng.
教歹囡仔大細。,Kà pháinn gín-á tuā-sè.
