hanzi,tl,poj,frequency,is_variant,kautian,taigitv,itaigi,sitbut,taihoa,taijit,kungge,stti,khpoo
兮,ê,ê,33907,False,False,False,False,False,False,False,False,False,False
𫃵,lí,lí,13755,False,False,False,False,False,False,False,False,False,False
屡,lí,lí,13755,False,False,False,False,False,False,False,False,False,False
縷,lí,lí,13755,False,False,False,False,False,False,False,False,False,False
旡,bô,bô,12353,False,False,False,False,False,False,False,False,False,False
无,bô,bô,12353,False,False,False,False,False,False,False,False,False,False
与,ū,ū,12082,False,False,False,False,False,False,False,False,False,False
豎,sī,sī,10209,False,False,False,False,False,False,False,False,False,False
𣗳,sī,sī,10209,False,False,False,False,False,False,False,False,False,False
逝,sī,sī,10209,False,False,False,False,False,False,False,False,False,False
叙,sī,sī,10209,False,False,False,False,False,False,False,False,False,False
誓,sī,sī,10209,False,False,False,False,False,False,False,False,False,False
墅,sī,sī,10209,False,False,False,False,False,False,False,False,False,False
壠,lâng,lâng,9502,False,False,False,False,False,False,False,False,False,False
莱,lâi,lâi,9440,False,False,False,False,False,False,False,False,False,False
礦,kóng,kóng,8249,False,False,False,False,False,False,False,False,False,False
值,tī,tī,6806,False,False,False,False,False,False,False,False,False,False
迹,tsiah,chiah,6699,False,False,False,False,False,False,False,False,False,False
蹟,tsiah,chiah,6699,False,False,False,False,False,False,False,False,False,False
者,tsiah,chiah,6699,False,False,False,False,False,False,False,False,False,False
何,hōo,hō͘,5946,False,False,False,False,False,False,False,False,False,False
号,hōo,hō͘,5946,False,False,False,False,False,False,False,False,False,False
灝,hōo,hō͘,5946,False,False,False,False,False,False,False,False,False,False
穫,hōo,hō͘,5946,False,False,False,False,False,False,False,False,False,False
荷,hōo,hō͘,5946,False,False,False,False,False,False,False,False,False,False
乎,hōo,hō͘,5946,False,False,False,False,False,False,False,False,False,False
至,kah,kah,5896,False,False,False,False,False,False,False,False,False,False
弃,khì,khì,5673,False,False,False,False,False,False,False,False,False,False
洽,kap,kap,4927,False,False,False,False,False,False,False,False,False,False
能,ē,ē,4777,False,False,False,False,False,False,False,False,False,False
厦,ē,ē,4777,False,False,False,False,False,False,False,False,False,False
会,ē,ē,4777,False,False,False,False,False,False,False,False,False,False
者,tsia̍h,chia̍h,4181,False,False,False,False,False,False,False,False,False,False
加,kā,kā,4148,False,False,False,False,False,False,False,False,False,False
甲,kā,kā,4148,False,False,False,False,False,False,False,False,False,False
皆,kā,kā,4148,False,False,False,False,False,False,False,False,False,False
敎,kàu,kàu,3730,False,False,False,False,False,False,False,False,False,False
只,tsit,chit,3586,False,False,False,False,False,False,False,False,False,False
窒,tsit,chit,3586,False,False,False,False,False,False,False,False,False,False
那,nā,nā,3582,False,False,False,False,False,False,False,False,False,False
礼,teh,teh,3507,False,False,False,False,False,False,False,False,False,False
磧,teh,teh,3507,False,False,False,False,False,False,False,False,False,False
浪,lóng,lóng,3457,False,False,False,False,False,False,False,False,False,False
筁,khah,khah,3393,False,False,False,False,False,False,False,False,False,False
恰,khah,khah,3393,False,False,False,False,False,False,False,False,False,False
妹,buē,bōe,3071,False,False,False,False,False,False,False,False,False,False
昧,buē,bōe,3071,False,False,False,False,False,False,False,False,False,False
慇,in,in,3005,False,False,False,False,False,False,False,False,False,False
窓,thang,thang,2885,False,False,False,False,False,False,False,False,False,False
懶,lán,lán,2682,False,False,False,False,False,False,False,False,False,False
竃,tsò,chò,2677,False,False,False,False,False,False,False,False,False,False
竈,tsò,chò,2677,False,False,False,False,False,False,False,False,False,False
啞,ah,ah,2588,False,False,False,False,False,False,False,False,False,False
野,ah,ah,2588,False,False,False,False,False,False,False,False,False,False
夭,ah,ah,2588,False,False,False,False,False,False,False,False,False,False
亜,ah,ah,2588,False,False,False,False,False,False,False,False,False,False
唖,ah,ah,2588,False,False,False,False,False,False,False,False,False,False
亞,ah,ah,2588,False,False,False,False,False,False,False,False,False,False
也,ah,ah,2588,False,False,False,False,False,False,False,False,False,False
喜,hit,hit,2482,False,False,False,False,False,False,False,False,False,False
許,hit,hit,2482,False,False,False,False,False,False,False,False,False,False
对,tuì,tùi,2176,False,False,False,False,False,False,False,False,False,False
着,tiō,tiō,2163,False,False,False,False,False,False,False,False,False,False
斋,tsai,chai,2139,False,False,False,False,False,False,False,False,False,False
厛,thiann,thiaⁿ,1851,False,False,False,False,False,False,False,False,False,False
听,thiann,thiaⁿ,1851,False,False,False,False,False,False,False,False,False,False
聼,thiann,thiaⁿ,1851,False,False,False,False,False,False,False,False,False,False
𠫊,thiann,thiaⁿ,1851,False,False,False,False,False,False,False,False,False,False
多,tsē,chē,1817,False,False,False,False,False,False,False,False,False,False
䖳,tsē,chē,1817,False,False,False,False,False,False,False,False,False,False
乍,tsē,chē,1817,False,False,False,False,False,False,False,False,False,False
蠩,sî,sî,1776,False,False,False,False,False,False,False,False,False,False
辞,sî,sî,1776,False,False,False,False,False,False,False,False,False,False
呌,kiò,kiò,1732,False,False,False,False,False,False,False,False,False,False
塊,tih,tih,1698,False,False,False,False,False,False,False,False,False,False
致,tih,tih,1698,False,False,False,False,False,False,False,False,False,False
親象,tshin-tshiūnn,chhin-chhiūⁿ,1562,False,False,False,False,False,False,False,False,False,False
安呢,án-ne,án-ne,1539,False,False,False,False,False,False,False,False,False,False
省,siánn,siáⁿ,1516,False,False,False,False,False,False,False,False,False,False
且,siánn,siáⁿ,1516,False,False,False,False,False,False,False,False,False,False
甘,kám,kám,1499,False,False,False,False,False,False,False,False,False,False
礼,leh,leh,1425,False,False,False,False,False,False,False,False,False,False
因爲,in-uī,in-ūi,1409,False,False,False,False,False,False,False,False,False,False
台員,tâi-uân,tâi-oân,1379,False,False,False,False,False,False,False,False,False,False
様,iōng,iōng,1314,False,False,False,False,False,False,False,False,False,False
養,iōng,iōng,1314,False,False,False,False,False,False,False,False,False,False
新婦,sim,sim,1279,False,False,False,False,False,False,False,False,False,False
済,tse,che,1268,False,False,False,False,False,False,False,False,False,False
薺,tse,che,1268,False,False,False,False,False,False,False,False,False,False
萕,tse,che,1268,False,False,False,False,False,False,False,False,False,False
濟,tse,che,1268,False,False,False,False,False,False,False,False,False,False
槎,tse,che,1268,False,False,False,False,False,False,False,False,False,False
此,tse,che,1268,False,False,False,False,False,False,False,False,False,False
楂,tse,che,1268,False,False,False,False,False,False,False,False,False,False
斋,tse,che,1268,False,False,False,False,False,False,False,False,False,False
剤,tse,che,1268,False,False,False,False,False,False,False,False,False,False
囝仔,gín-ná,gín-ná,1148,False,False,False,False,False,False,False,False,False,False
衛,uī,ūi,1138,False,False,False,False,False,False,False,False,False,False
刀,to̍h,to̍h,1132,False,False,False,False,False,False,False,False,False,False
灱,to̍h,to̍h,1132,False,False,False,False,False,False,False,False,False,False
過去,kuè,kòe,1117,False,False,False,False,False,False,False,False,False,False
𩼣,kuè,kòe,1117,False,False,False,False,False,False,False,False,False,False
荟,kuè,kòe,1117,False,False,False,False,False,False,False,False,False,False
会,kuè,kòe,1117,False,False,False,False,False,False,False,False,False,False
杳,iáu,iáu,1098,False,False,False,False,False,False,False,False,False,False
去,khí,khí,1059,False,False,False,False,False,False,False,False,False,False
紀,khí,khí,1059,False,False,False,False,False,False,False,False,False,False
拉,lah,lah,1056,False,False,False,False,False,False,False,False,False,False
省乜,siánn-mih,siáⁿ-mih,1041,False,False,False,False,False,False,False,False,False,False
省乜,sánn-mih,sáⁿ-mih,1041,False,False,False,False,False,False,False,False,False,False
省乜,sím-mih,sím-mih,1041,False,False,False,False,False,False,False,False,False,False
会,uē,ōe,984,False,False,False,False,False,False,False,False,False,False
劝,khǹg,khǹg,963,False,False,False,False,False,False,False,False,False,False
蚓,kín,kín,958,False,False,False,False,False,False,False,False,False,False
葉,ia̍h,ia̍h,953,False,False,False,False,False,False,False,False,False,False
惊,kiann,kiaⁿ,953,False,False,False,False,False,False,False,False,False,False
也,ia̍h,ia̍h,953,False,False,False,False,False,False,False,False,False,False
代志,tāi-tsì,tāi-chì,945,False,False,False,False,False,False,False,False,False,False
來,lai,lai,925,False,False,False,False,False,False,False,False,False,False
冕,bián,bián,901,False,False,False,False,False,False,False,False,False,False
今仔日,kin-ná-ji̍t,kin-ná-ji̍t,888,False,False,False,False,False,False,False,False,False,False
今旦日,kin-ná-ji̍t,kin-ná-ji̍t,888,False,False,False,False,False,False,False,False,False,False
今那日,kin-ná-ji̍t,kin-ná-ji̍t,888,False,False,False,False,False,False,False,False,False,False
今那日,kin-á-ji̍t,kin-á-ji̍t,888,False,False,False,False,False,False,False,False,False,False
八,bat,bat,850,False,False,False,False,False,False,False,False,False,False
者,tsia,chia,843,False,False,False,False,False,False,False,False,False,False
駐,tsū,chū,806,False,False,False,False,False,False,False,False,False,False
担,tann,taⁿ,805,False,False,False,False,False,False,False,False,False,False
着,tō,tō,805,False,False,False,False,False,False,False,False,False,False
田像,tshan-tshiūnn,chhan-chhiūⁿ,781,False,False,False,False,False,False,False,False,False,False
田象,tshan-tshiūnn,chhan-chhiūⁿ,781,False,False,False,False,False,False,False,False,False,False
親象,tshan-tshiūnn,chhan-chhiūⁿ,781,False,False,False,False,False,False,False,False,False,False
卡,kha,kha,770,False,False,False,False,False,False,False,False,False,False
脚,kha,kha,770,False,False,False,False,False,False,False,False,False,False
仝欵,kāng-khuán,kāng-khoán,761,False,False,False,False,False,False,False,False,False,False
共欵,kāng-khuán,kāng-khoán,761,False,False,False,False,False,False,False,False,False,False
加忌,ka-kī,ka-kī,755,False,False,False,False,False,False,False,False,False,False
樂,lo̍h,lo̍h,736,False,False,False,False,False,False,False,False,False,False
楽,lo̍h,lo̍h,736,False,False,False,False,False,False,False,False,False,False
声,siann,siaⁿ,732,False,False,False,False,False,False,False,False,False,False
熨,uì,ùi,731,False,False,False,False,False,False,False,False,False,False
干乾,kan-tann,kan-taⁿ,730,False,False,False,False,False,False,False,False,False,False
干礁,kan-na,kan-na,730,False,False,False,False,False,False,False,False,False,False
干礁,kan-tann,kan-taⁿ,730,False,False,False,False,False,False,False,False,False,False
干那,kan-na,kan-na,730,False,False,False,False,False,False,False,False,False,False
亜是,á-sī,á-sī,699,False,False,False,False,False,False,False,False,False,False
亞是,á-sī,á-sī,699,False,False,False,False,False,False,False,False,False,False
夭是,á-sī,á-sī,699,False,False,False,False,False,False,False,False,False,False
能使,ē-sái,ē-sái,699,False,False,False,False,False,False,False,False,False,False
此馬,chím-má,chím-má,686,False,False,False,False,False,False,False,False,False,False
此馬,tsit-má,chit-má,686,False,False,False,False,False,False,False,False,False,False
只馬,tsit-má,chit-má,686,False,False,False,False,False,False,False,False,False,False
只馬,chím-má,chím-má,686,False,False,False,False,False,False,False,False,False,False
傀,kuí,kúi,682,False,False,False,False,False,False,False,False,False,False
几,kuí,kúi,682,False,False,False,False,False,False,False,False,False,False
不八,m̄-bat,m̄-bat,667,False,False,False,False,False,False,False,False,False,False
安呢,án-ni,án-ni,655,False,False,False,False,False,False,False,False,False,False
妹,luā,lōa,645,False,False,False,False,False,False,False,False,False,False
若,luā,lōa,645,False,False,False,False,False,False,False,False,False,False
刀位,tó-uī,tó-ūi,641,False,False,False,False,False,False,False,False,False,False
隻年,tsiah-nī,chiah-nī,640,False,False,False,False,False,False,False,False,False,False
隻年,tsiah-ni̍h,chiah-ni̍h,640,False,False,False,False,False,False,False,False,False,False
隻哖,tsiah-nī,chiah-nī,640,False,False,False,False,False,False,False,False,False,False
隻哖,tsiah-ni̍h,chiah-ni̍h,640,False,False,False,False,False,False,False,False,False,False
者年,tsiah-nī,chiah-nī,640,False,False,False,False,False,False,False,False,False,False
者年,tsiah-ni̍h,chiah-ni̍h,640,False,False,False,False,False,False,False,False,False,False
者哖,tsiah-nī,chiah-nī,640,False,False,False,False,False,False,False,False,False,False
者哖,tsiah-ni̍h,chiah-ni̍h,640,False,False,False,False,False,False,False,False,False,False
尋,tshuē,chhōe,638,False,False,False,False,False,False,False,False,False,False
定定,niā-niā,niā-niā,634,False,False,False,False,False,False,False,False,False,False
那定,nā-tiānn,nā-tiāⁿ,634,False,False,False,False,False,False,False,False,False,False
領領,niā-niā,niā-niā,634,False,False,False,False,False,False,False,False,False,False
処,tè,tè,633,False,False,False,False,False,False,False,False,False,False
嚏,tè,tè,633,False,False,False,False,False,False,False,False,False,False
弟,tè,tè,633,False,False,False,False,False,False,False,False,False,False
處,tè,tè,633,False,False,False,False,False,False,False,False,False,False
蔡,tshuā,chhōa,631,False,False,False,False,False,False,False,False,False,False
那,nà,nà,627,False,False,False,False,False,False,False,False,False,False
亐,khui,khui,622,False,False,False,False,False,False,False,False,False,False
条,tiâu,tiâu,621,False,False,False,False,False,False,False,False,False,False
來,lāi,lāi,603,False,False,False,False,False,False,False,False,False,False
奈,lāi,lāi,603,False,False,False,False,False,False,False,False,False,False
柰,lāi,lāi,603,False,False,False,False,False,False,False,False,False,False
瀬,lāi,lāi,603,False,False,False,False,False,False,False,False,False,False
癩,lāi,lāi,603,False,False,False,False,False,False,False,False,False,False
耐,lāi,lāi,603,False,False,False,False,False,False,False,False,False,False
頼,lāi,lāi,603,False,False,False,False,False,False,False,False,False,False
勝,sin,sin,585,False,False,False,False,False,False,False,False,False,False
鯓,sin,sin,585,False,False,False,False,False,False,False,False,False,False
先生,sin,sin,585,False,False,False,False,False,False,False,False,False,False
以經,í-king,í-keng,585,False,False,False,False,False,False,False,False,False,False
了后,liáu-āu,liáu-āu,584,False,False,False,False,False,False,False,False,False,False
擧,kú,kú,584,False,False,False,False,False,False,False,False,False,False
韮,kú,kú,584,False,False,False,False,False,False,False,False,False,False
寿,siū,siū,583,False,False,False,False,False,False,False,False,False,False
亀,kui,kui,578,False,False,False,False,False,False,False,False,False,False
帰,kui,kui,578,False,False,False,False,False,False,False,False,False,False
机,kui,kui,578,False,False,False,False,False,False,False,False,False,False
嘱,tsiok,chiok,560,False,False,False,False,False,False,False,False,False,False
姫,ki,ki,560,False,False,False,False,False,False,False,False,False,False
属,tsiok,chiok,560,False,False,False,False,False,False,False,False,False,False
琚,ki,ki,560,False,False,False,False,False,False,False,False,False,False
𠻘,tsiok,chiok,560,False,False,False,False,False,False,False,False,False,False
時拵,sî-tsūn,sî-chūn,559,False,False,False,False,False,False,False,False,False,False
時存,sî-tsūn,sî-chūn,559,False,False,False,False,False,False,False,False,False,False
橡,siāng,siāng,555,False,False,False,False,False,False,False,False,False,False
每,bué,bóe,555,False,False,False,False,False,False,False,False,False,False
像,siāng,siāng,555,False,False,False,False,False,False,False,False,False,False
同,siāng,siāng,555,False,False,False,False,False,False,False,False,False,False
螺絲,lōo,lō͘,554,False,False,False,False,False,False,False,False,False,False
螺糸,lōo,lō͘,554,False,False,False,False,False,False,False,False,False,False
叱,hia,hia,548,False,False,False,False,False,False,False,False,False,False
不通,m̄-thang,m̄-thang,547,False,False,False,False,False,False,False,False,False,False
头,thâu,thâu,547,False,False,False,False,False,False,False,False,False,False
镸,thâu,thâu,547,False,False,False,False,False,False,False,False,False,False
梦,bāng,bāng,544,False,False,False,False,False,False,False,False,False,False
加治,ka-tī,ka-tī,542,False,False,False,False,False,False,False,False,False,False
咳,hāi,hāi,531,False,False,False,False,False,False,False,False,False,False
𩼣,kè,kè,530,False,False,False,False,False,False,False,False,False,False
稼,kè,kè,530,False,False,False,False,False,False,False,False,False,False
眞正,tsin-tsiànn,chin-chiàⁿ,529,False,False,False,False,False,False,False,False,False,False
髓,suí,súi,525,False,False,False,False,False,False,False,False,False,False
省乜,siánn-mi̍h,siáⁿ-mi̍h,521,False,False,False,False,False,False,False,False,False,False
省乜,siánn-mí,siáⁿ-mí,521,False,False,False,False,False,False,False,False,False,False
省乜,sánn-mi̍h,sáⁿ-mi̍h,521,False,False,False,False,False,False,False,False,False,False
省乜,sím-mi̍h,sím-mi̍h,521,False,False,False,False,False,False,False,False,False,False
亜未,á-buē,á-bōe,510,False,False,False,False,False,False,False,False,False,False
亞未,á-buē,á-bōe,510,False,False,False,False,False,False,False,False,False,False
夭未,á-buē,á-bōe,510,False,False,False,False,False,False,False,False,False,False
橡,tshiūnn,chhiūⁿ,510,False,False,False,False,False,False,False,False,False,False
𫝑,sè,sè,503,False,False,False,False,False,False,False,False,False,False
壻,sè,sè,503,False,False,False,False,False,False,False,False,False,False
碎,sè,sè,503,False,False,False,False,False,False,False,False,False,False
属,sio̍k,sio̍k,501,False,False,False,False,False,False,False,False,False,False
帆,hông,hông,501,False,False,False,False,False,False,False,False,False,False
斗,tàu,tàu,501,False,False,False,False,False,False,False,False,False,False
昼,tàu,tàu,501,False,False,False,False,False,False,False,False,False,False
能凍,ē-tàng,ē-tàng,501,False,False,False,False,False,False,False,False,False,False
触,sio̍k,sio̍k,501,False,False,False,False,False,False,False,False,False,False
觸,sio̍k,sio̍k,501,False,False,False,False,False,False,False,False,False,False
閗,tàu,tàu,501,False,False,False,False,False,False,False,False,False,False
乎人,hông,hông,501,False,False,False,False,False,False,False,False,False,False
閗陣,tàu-tīn,tàu-tīn,500,False,False,False,False,False,False,False,False,False,False
歹世,pháinn-sè,pháiⁿ-sè,500,False,False,False,False,False,False,False,False,False,False
痰,tâm,tâm,500,False,False,False,False,False,False,False,False,False,False
有到,ū-kàu,ū-kàu,500,False,False,False,False,False,False,False,False,False,False
𤍠,jua̍h,joa̍h,500,False,False,False,False,False,False,False,False,False,False
靴哖,hiah-ni̍h,hiah-ni̍h,500,False,False,False,False,False,False,False,False,False,False
靴哖,hiah-nī,hiah-nī,500,False,False,False,False,False,False,False,False,False,False
靴年,hiah-ni̍h,hiah-ni̍h,500,False,False,False,False,False,False,False,False,False,False
靴年,hiah-nī,hiah-nī,500,False,False,False,False,False,False,False,False,False,False
查昏,tsa-hng,cha-hng,500,False,False,False,False,False,False,False,False,False,False
秤彩,tshìn-tshái,chhìn-chhái,500,False,False,False,False,False,False,False,False,False,False
戅,gōng,gōng,500,False,False,False,False,False,False,False,False,False,False
叱哖,hiah-ni̍h,hiah-ni̍h,500,False,False,False,False,False,False,False,False,False,False
夭未,iáu-buē,iáu-bōe,500,False,False,False,False,False,False,False,False,False,False
下脚,ē-kha,ē-kha,500,False,False,False,False,False,False,False,False,False,False
不者,m̄-tsiah,m̄-chiah,500,False,False,False,False,False,False,False,False,False,False
冬時,tang-sî,tang-sî,500,False,False,False,False,False,False,False,False,False,False
淡,tâm,tâm,500,False,False,False,False,False,False,False,False,False,False
叱哖,hiah-nī,hiah-nī,500,False,False,False,False,False,False,False,False,False,False
夭未,iá-buē,iá-bōe,500,False,False,False,False,False,False,False,False,False,False
叱年,hiah-ni̍h,hiah-ni̍h,500,False,False,False,False,False,False,False,False,False,False
叱年,hiah-nī,hiah-nī,500,False,False,False,False,False,False,False,False,False,False
妨,hong,hong,482,False,False,False,False,False,False,False,False,False,False
安盞,án-tsuánn,án-chóaⁿ,479,False,False,False,False,False,False,False,False,False,False
按盞,án-tsuánn,án-chóaⁿ,479,False,False,False,False,False,False,False,False,False,False
爲着,uī-tio̍h,ūi-tio̍h,472,False,False,False,False,False,False,False,False,False,False
夭,á,á,468,False,False,False,False,False,False,False,False,False,False
唖,á,á,468,False,False,False,False,False,False,False,False,False,False
亞,á,á,468,False,False,False,False,False,False,False,False,False,False
亜,á,á,468,False,False,False,False,False,False,False,False,False,False
目周,ba̍k-tsiu,ba̍k-chiu,462,False,False,False,False,False,False,False,False,False,False
只个,tsit-ê,chit-ê,460,False,False,False,False,False,False,False,False,False,False
此个,tsit-ê,chit-ê,460,False,False,False,False,False,False,False,False,False,False
后來,āu-lâi,āu-lâi,447,False,False,False,False,False,False,False,False,False,False
芧,tē,tē,445,False,False,False,False,False,False,False,False,False,False
苐,tē,tē,445,False,False,False,False,False,False,False,False,False,False
𮞏,tē,tē,445,False,False,False,False,False,False,False,False,False,False
華,hue,hoe,438,False,False,False,False,False,False,False,False,False,False
醒,sing,seng,434,False,False,False,False,False,False,False,False,False,False
声,sing,seng,434,False,False,False,False,False,False,False,False,False,False
身軀,sing,seng,434,False,False,False,False,False,False,False,False,False,False
夭,iá,iá,430,False,False,False,False,False,False,False,False,False,False
口,tshuì,chhùi,430,False,False,False,False,False,False,False,False,False,False
返來,tńg-lâi,tńg-lâi,429,False,False,False,False,False,False,False,False,False,False
独,ta̍k,ta̍k,424,False,False,False,False,False,False,False,False,False,False
别人,pa̍t-lâng,pa̍t-lâng,422,False,False,False,False,False,False,False,False,False,False
專,tsuân,choân,422,False,False,False,False,False,False,False,False,False,False
啎,gōo,gō͘,419,False,False,False,False,False,False,False,False,False,False
得着,tit-tio̍h,tit-tio̍h,415,False,False,False,False,False,False,False,False,False,False
烟,hun,hun,409,False,False,False,False,False,False,False,False,False,False
緍,hun,hun,409,False,False,False,False,False,False,False,False,False,False
赶緊,kuánn-kín,kóaⁿ-kín,393,False,False,False,False,False,False,False,False,False,False
債,tsài,chài,392,False,False,False,False,False,False,False,False,False,False
経,king,keng,388,False,False,False,False,False,False,False,False,False,False
芎,king,keng,388,False,False,False,False,False,False,False,False,False,False
那是,nā-sī,nā-sī,382,False,False,False,False,False,False,False,False,False,False
扐,lia̍h,lia̍h,379,False,False,False,False,False,False,False,False,False,False
斈,o̍h,o̍h,379,False,False,False,False,False,False,False,False,False,False
什,tsa̍p,cha̍p,378,False,False,False,False,False,False,False,False,False,False
省人,siánn-lâng,siáⁿ-lâng,375,False,False,False,False,False,False,False,False,False,False
恕,sì,sì,374,False,False,False,False,False,False,False,False,False,False
示,sì,sì,374,False,False,False,False,False,False,False,False,False,False
𫝑,sì,sì,374,False,False,False,False,False,False,False,False,False,False
閙,lāu,lāu,373,False,False,False,False,False,False,False,False,False,False
趂,thàn,thàn,372,False,False,False,False,False,False,False,False,False,False
听見,thiann-kìnn,thiaⁿ-kìⁿ,372,False,False,False,False,False,False,False,False,False,False
聼見,thiann-kìnn,thiaⁿ-kìⁿ,372,False,False,False,False,False,False,False,False,False,False
刴,tó,tó,353,False,False,False,False,False,False,False,False,False,False
叨,tó,tó,353,False,False,False,False,False,False,False,False,False,False
祷,tó,tó,353,False,False,False,False,False,False,False,False,False,False
刀,tó,tó,353,False,False,False,False,False,False,False,False,False,False
蚋,lia̍p,lia̍p,351,False,False,False,False,False,False,False,False,False,False
蠟,lia̍p,lia̍p,351,False,False,False,False,False,False,False,False,False,False
再,tsāi,chāi,350,False,False,False,False,False,False,False,False,False,False
夭是,iá-sī,iá-sī,350,False,False,False,False,False,False,False,False,False,False
野是,iá-sī,iá-sī,350,False,False,False,False,False,False,False,False,False,False
报,pò,pò,348,False,False,False,False,False,False,False,False,False,False
階,ke,ke,346,False,False,False,False,False,False,False,False,False,False
茄,ke,ke,346,False,False,False,False,False,False,False,False,False,False
嘉,ke,ke,346,False,False,False,False,False,False,False,False,False,False
佳,ke,ke,346,False,False,False,False,False,False,False,False,False,False
由元,iu-guân,iu-goân,341,False,False,False,False,False,False,False,False,False,False
由原,iu-guân,iu-goân,341,False,False,False,False,False,False,False,False,False,False
㭍,tshit,chhit,338,False,False,False,False,False,False,False,False,False,False
匝,khoo,kho͘,338,False,False,False,False,False,False,False,False,False,False
怜,liân,liân,338,False,False,False,False,False,False,False,False,False,False
摳,khoo,kho͘,338,False,False,False,False,False,False,False,False,False,False
联,liân,liân,338,False,False,False,False,False,False,False,False,False,False
𣅄,tshit,chhit,338,False,False,False,False,False,False,False,False,False,False
変,piàn,piàn,335,False,False,False,False,False,False,False,False,False,False
歳,huè,hòe,333,False,False,False,False,False,False,False,False,False,False
蓮,lian,lian,333,False,False,False,False,False,False,False,False,False,False
廃,huè,hòe,333,False,False,False,False,False,False,False,False,False,False
悔,huè,hòe,333,False,False,False,False,False,False,False,False,False,False
糓,kok,kok,326,False,False,False,False,False,False,False,False,False,False
囯,kok,kok,326,False,False,False,False,False,False,False,False,False,False
外,juā,jōa,312,False,False,False,False,False,False,False,False,False,False
應皆,ìng-kai,èng-kai,312,False,False,False,False,False,False,False,False,False,False
賴,juā,jōa,312,False,False,False,False,False,False,False,False,False,False
奬,tsióng,chióng,310,False,False,False,False,False,False,False,False,False,False
鮓,tsá,chá,303,False,False,False,False,False,False,False,False,False,False
据,kì,kì,297,False,False,False,False,False,False,False,False,False,False
边,pinn,piⁿ,297,False,False,False,False,False,False,False,False,False,False
句,kì,kì,297,False,False,False,False,False,False,False,False,False,False
䢍,pinn,piⁿ,297,False,False,False,False,False,False,False,False,False,False
不止,put-chí,put-chí,295,False,False,False,False,False,False,False,False,False,False
称,tshing,chheng,295,False,False,False,False,False,False,False,False,False,False
菁,tshing,chheng,295,False,False,False,False,False,False,False,False,False,False
叱,hiah,hiah,289,False,False,False,False,False,False,False,False,False,False
靴,hiah,hiah,289,False,False,False,False,False,False,False,False,False,False
加,kà,kà,282,False,False,False,False,False,False,False,False,False,False
敎,kà,kà,282,False,False,False,False,False,False,False,False,False,False
甲,kà,kà,282,False,False,False,False,False,False,False,False,False,False
至,kà,kà,282,False,False,False,False,False,False,False,False,False,False
能曉,ē-hiáu,ē-hiáu,281,False,False,False,False,False,False,False,False,False,False
竪,khiā,khiā,279,False,False,False,False,False,False,False,False,False,False
立,khiā,khiā,279,False,False,False,False,False,False,False,False,False,False
夭,iah,iah,277,False,False,False,False,False,False,False,False,False,False
野,iah,iah,277,False,False,False,False,False,False,False,False,False,False
也,iah,iah,277,False,False,False,False,False,False,False,False,False,False
亞,iah,iah,277,False,False,False,False,False,False,False,False,False,False
亜,iah,iah,277,False,False,False,False,False,False,False,False,False,False
日子,ji̍t-chí,ji̍t-chí,271,False,False,False,False,False,False,False,False,False,False
斂,liām,liām,270,False,False,False,False,False,False,False,False,False,False
変,pìnn,pìⁿ,267,False,False,False,False,False,False,False,False,False,False
阿巴,a-pa,a-pa,265,False,False,False,False,False,False,False,False,False,False
錘,sûi,sûi,257,False,False,False,False,False,False,False,False,False,False
隨,sûi,sûi,257,False,False,False,False,False,False,False,False,False,False
隋,sûi,sûi,257,False,False,False,False,False,False,False,False,False,False
誰,sûi,sûi,257,False,False,False,False,False,False,False,False,False,False
垂,sûi,sûi,257,False,False,False,False,False,False,False,False,False,False
返去,tńg-khì,tńg-khì,257,False,False,False,False,False,False,False,False,False,False
頭壳,thâu-khak,thâu-khak,256,False,False,False,False,False,False,False,False,False,False
亜未,á-bē,á-bē,255,False,False,False,False,False,False,False,False,False,False
亞未,á-bē,á-bē,255,False,False,False,False,False,False,False,False,False,False
夭未,á-bē,á-bē,255,False,False,False,False,False,False,False,False,False,False
侶,lī,lī,251,False,False,False,False,False,False,False,False,False,False
离,lī,lī,251,False,False,False,False,False,False,False,False,False,False
鑢,lī,lī,251,False,False,False,False,False,False,False,False,False,False
夭未,iáu-bē,iáu-bē,250,False,False,False,False,False,False,False,False,False,False
食,tshī,chhī,250,False,False,False,False,False,False,False,False,False,False
夭未,iá-bē,iá-bē,250,False,False,False,False,False,False,False,False,False,False
者个,tsia-ê,chia-ê,248,False,False,False,False,False,False,False,False,False,False
者兮,tsia-ê,chia-ê,248,False,False,False,False,False,False,False,False,False,False
隻个,tsia-ê,chia-ê,248,False,False,False,False,False,False,False,False,False,False
隻兮,tsia-ê,chia-ê,248,False,False,False,False,False,False,False,False,False,False
瞈望,ǹg-bāng,ǹg-bāng,247,False,False,False,False,False,False,False,False,False,False
勝,sìn,sìn,246,False,False,False,False,False,False,False,False,False,False
収,siu,siu,246,False,False,False,False,False,False,False,False,False,False
当,tng,tng,245,False,False,False,False,False,False,False,False,False,False
甘愿,kam-guān,kam-goān,243,False,False,False,False,False,False,False,False,False,False
靴兮,hia-ê,hia-ê,240,False,False,False,False,False,False,False,False,False,False
靴个,hia-ê,hia-ê,240,False,False,False,False,False,False,False,False,False,False
叱兮,hia-ê,hia-ê,240,False,False,False,False,False,False,False,False,False,False
叱个,hia-ê,hia-ê,240,False,False,False,False,False,False,False,False,False,False
存,chûn,chûn,238,False,False,False,False,False,False,False,False,False,False
歩,pōo,pō͘,238,False,False,False,False,False,False,False,False,False,False
舩,chûn,chûn,238,False,False,False,False,False,False,False,False,False,False
船,chûn,chûn,238,False,False,False,False,False,False,False,False,False,False
箇,kòo,kò͘,232,False,False,False,False,False,False,False,False,False,False
过,kòo,kò͘,232,False,False,False,False,False,False,False,False,False,False
䮩,kut,kut,229,False,False,False,False,False,False,False,False,False,False
盛,sîng,sêng,228,False,False,False,False,False,False,False,False,False,False
縄,sîng,sêng,228,False,False,False,False,False,False,False,False,False,False
蝿,sîng,sêng,228,False,False,False,False,False,False,False,False,False,False
許个,hit-ê,hit-ê,220,False,False,False,False,False,False,False,False,False,False
喜个,hit-ê,hit-ê,220,False,False,False,False,False,False,False,False,False,False
扒,peh,peh,220,False,False,False,False,False,False,False,False,False,False
拔仔,pa̍t,pa̍t,217,False,False,False,False,False,False,False,False,False,False
别,pa̍t,pa̍t,217,False,False,False,False,False,False,False,False,False,False
着是,tō-sī,tō-sī,216,False,False,False,False,False,False,False,False,False,False
讀册,tha̍k-tsheh,tha̍k-chheh,213,False,False,False,False,False,False,False,False,False,False
㕫,hn̄g,hn̄g,210,False,False,False,False,False,False,False,False,False,False
大声,tuā-siann,tōa-siaⁿ,210,False,False,False,False,False,False,False,False,False,False
治レ,tī-teh,tī-teh,210,False,False,False,False,False,False,False,False,False,False
治塊,tī-teh,tī-teh,210,False,False,False,False,False,False,False,False,False,False
治礼,tī-teh,tī-teh,210,False,False,False,False,False,False,False,False,False,False
隨時,sûi-sî,sûi-sî,205,False,False,False,False,False,False,False,False,False,False
着愛,tio̍h-ài,tio̍h-ài,203,False,False,False,False,False,False,False,False,False,False
几那,kuí-nā,kúi-nā,201,False,False,False,False,False,False,False,False,False,False
幾那,kuí-nā,kúi-nā,201,False,False,False,False,False,False,False,False,False,False
亭,thîng,thêng,201,False,False,False,False,False,False,False,False,False,False
誥,khòo,khò͘,200,False,False,False,False,False,False,False,False,False,False
崗,kng,kng,198,False,False,False,False,False,False,False,False,False,False
矼,kng,kng,198,False,False,False,False,False,False,False,False,False,False
化,huah,hoah,195,False,False,False,False,False,False,False,False,False,False
礼拜,lé-pài,lé-pài,193,False,False,False,False,False,False,False,False,False,False
須要,su-iàu,su-iàu,192,False,False,False,False,False,False,False,False,False,False
緫,tsóng,chóng,191,False,False,False,False,False,False,False,False,False,False
縂,tsóng,chóng,191,False,False,False,False,False,False,False,False,False,False
閗底,tàu-té,tàu-té,188,False,False,False,False,False,False,False,False,False,False
鬥底,tàu-té,tàu-té,188,False,False,False,False,False,False,False,False,False,False
田,tiān,tiān,187,False,False,False,False,False,False,False,False,False,False
能記得,ē-kì-tit,ē-kì-tit,186,False,False,False,False,False,False,False,False,False,False
粜,thiàu,thiàu,185,False,False,False,False,False,False,False,False,False,False
不久,m̄-kú,m̄-kú,184,False,False,False,False,False,False,False,False,False,False
册,tsheh,chheh,184,False,False,False,False,False,False,False,False,False,False
切,tsheh,chheh,184,False,False,False,False,False,False,False,False,False,False
攷,khóo,khó͘,184,False,False,False,False,False,False,False,False,False,False
考,khóo,khó͘,184,False,False,False,False,False,False,False,False,False,False
此欵,tsit-khuán,chit-khoán,181,False,False,False,False,False,False,False,False,False,False
龜,kū,kū,181,False,False,False,False,False,False,False,False,False,False
身体,sin-thé,sin-thé,181,False,False,False,False,False,False,False,False,False,False
只欵,tsit-khuán,chit-khoán,181,False,False,False,False,False,False,False,False,False,False
俱,kū,kū,181,False,False,False,False,False,False,False,False,False,False
亀,kū,kū,181,False,False,False,False,False,False,False,False,False,False
以后,í-āu,í-āu,178,False,False,False,False,False,False,False,False,False,False
凖備,tsún-pī,chún-pī,177,False,False,False,False,False,False,False,False,False,False
众,tsìng,chèng,176,False,False,False,False,False,False,False,False,False,False
衆,tsìng,chèng,176,False,False,False,False,False,False,False,False,False,False
觧,ké,ké,176,False,False,False,False,False,False,False,False,False,False
賈,ké,ké,176,False,False,False,False,False,False,False,False,False,False
丼,thong,thong,174,False,False,False,False,False,False,False,False,False,False
咳,hái,hái,171,False,False,False,False,False,False,False,False,False,False
台員人,tâi-uân-lâng,tâi-oân-lâng,169,False,False,False,False,False,False,False,False,False,False
刈,kuà,kòa,169,False,False,False,False,False,False,False,False,False,False
元來,guân-lâi,goân-lâi,169,False,False,False,False,False,False,False,False,False,False
枱,tâi,tâi,165,False,False,False,False,False,False,False,False,False,False
抬,tâi,tâi,165,False,False,False,False,False,False,False,False,False,False
机會,ki-huē,ki-hōe,164,False,False,False,False,False,False,False,False,False,False
発,huat,hoat,164,False,False,False,False,False,False,False,False,False,False
認眞,jīn-tsin,jīn-chin,164,False,False,False,False,False,False,False,False,False,False
豁,huat,hoat,164,False,False,False,False,False,False,False,False,False,False
朗總,lóng-tsóng,lóng-chóng,163,False,False,False,False,False,False,False,False,False,False
鮘,tāi,tāi,161,False,False,False,False,False,False,False,False,False,False
𩻸,tāi,tāi,161,False,False,False,False,False,False,False,False,False,False
箆,pe,pe,160,False,False,False,False,False,False,False,False,False,False
存,tsūn,chūn,160,False,False,False,False,False,False,False,False,False,False
拵,tsūn,chūn,160,False,False,False,False,False,False,False,False,False,False
呌做,kiò-tsò,kiò-chò,157,False,False,False,False,False,False,False,False,False,False
應皆,ing-kai,eng-kai,156,False,False,False,False,False,False,False,False,False,False
安尉,an-uì,an-ùi,154,False,False,False,False,False,False,False,False,False,False
打拼,phah-piànn,phah-piàⁿ,151,False,False,False,False,False,False,False,False,False,False
拍拼,phah-piànn,phah-piàⁿ,151,False,False,False,False,False,False,False,False,False,False
太,thāi,thāi,150,False,False,False,False,False,False,False,False,False,False
邊仔,pinn-ah,piⁿ-ah,150,False,False,False,False,False,False,False,False,False,False
高梁,kau,kau,150,False,False,False,False,False,False,False,False,False,False
后擺,āu-pái,āu-pái,150,False,False,False,False,False,False,False,False,False,False
兌,tué,tóe,150,False,False,False,False,False,False,False,False,False,False
单,tuānn,tōaⁿ,149,False,False,False,False,False,False,False,False,False,False
單,tuānn,tōaⁿ,149,False,False,False,False,False,False,False,False,False,False
北,pa̍k,pa̍k,148,False,False,False,False,False,False,False,False,False,False
噢,oo,o͘,148,False,False,False,False,False,False,False,False,False,False
特别,ti̍k-pia̍t,te̍k-pia̍t,147,False,False,False,False,False,False,False,False,False,False
鎔,iûⁿ,iûⁿ,147,False,False,False,False,False,False,False,False,False,False
羊,iûⁿ,iûⁿ,147,False,False,False,False,False,False,False,False,False,False
陽,iûⁿ,iûⁿ,147,False,False,False,False,False,False,False,False,False,False
洋,iûⁿ,iûⁿ,147,False,False,False,False,False,False,False,False,False,False
楊,iûⁿ,iûⁿ,147,False,False,False,False,False,False,False,False,False,False
侖,lūn,lūn,147,False,False,False,False,False,False,False,False,False,False
敎示,kà-sī,kà-sī,144,False,False,False,False,False,False,False,False,False,False
衆人,tsìng-lâng,chèng-lâng,143,False,False,False,False,False,False,False,False,False,False
采,tshài,chhài,141,False,False,False,False,False,False,False,False,False,False
妥,thó,thó,140,False,False,False,False,False,False,False,False,False,False
名声,miâ-siann,miâ-siaⁿ,138,False,False,False,False,False,False,False,False,False,False
野是,iah-sī,iah-sī,138,False,False,False,False,False,False,False,False,False,False
殤,siang,siang,136,False,False,False,False,False,False,False,False,False,False
满,muá,móa,136,False,False,False,False,False,False,False,False,False,False
声音,siann-im,siaⁿ-im,134,False,False,False,False,False,False,False,False,False,False
阿巴,a-pah,a-pah,133,False,False,False,False,False,False,False,False,False,False
𫔘着,tú-tio̍h,tú-tio̍h,132,False,False,False,False,False,False,False,False,False,False
抵着,tú-tio̍h,tú-tio̍h,132,False,False,False,False,False,False,False,False,False,False
夭久,iáu-kú,iáu-kú,132,False,False,False,False,False,False,False,False,False,False
夭閣,iáu-koh,iáu-koh,132,False,False,False,False,False,False,False,False,False,False
一卦,tsi̍t-kuá,chi̍t-kóa,131,False,False,False,False,False,False,False,False,False,False
乂,tshe,chhe,131,False,False,False,False,False,False,False,False,False,False
扠,tshe,chhe,131,False,False,False,False,False,False,False,False,False,False
兌,tuè,tòe,130,False,False,False,False,False,False,False,False,False,False
隨,tuè,tòe,130,False,False,False,False,False,False,False,False,False,False
多多,tsē-tsē,chē-chē,128,False,False,False,False,False,False,False,False,False,False
盞様,tsuánn-iūnn,chóaⁿ-iūⁿ,128,False,False,False,False,False,False,False,False,False,False
盞樣,tsuánn-iūnn,chóaⁿ-iūⁿ,128,False,False,False,False,False,False,False,False,False,False
絶對,tsua̍t-tuì,choa̍t-tùi,127,False,False,False,False,False,False,False,False,False,False
惊了,kiann-liáu,kiaⁿ-liáu,126,False,False,False,False,False,False,False,False,False,False
十二,tsa̍p-jī,cha̍p-jī,125,False,False,False,False,False,False,False,False,False,False
喜時,hit-sî,hit-sî,124,False,False,False,False,False,False,False,False,False,False
許時,hit-sî,hit-sî,124,False,False,False,False,False,False,False,False,False,False
有个,ū-ê,ū-ê,123,False,False,False,False,False,False,False,False,False,False
有兮,ū-ê,ū-ê,123,False,False,False,False,False,False,False,False,False,False
爸,pá,pá,122,False,False,False,False,False,False,False,False,False,False
賍,tsng,chng,122,False,False,False,False,False,False,False,False,False,False
鈣,kài,kài,122,False,False,False,False,False,False,False,False,False,False
一點,tsi̍t-tiám-á,chi̍t-tiám-á,121,False,False,False,False,False,False,False,False,False,False
番付,huan-hù,hoan-hù,121,False,False,False,False,False,False,False,False,False,False
蔡,tshuah,chhoah,121,False,False,False,False,False,False,False,False,False,False
一点,tsi̍t-tiám-á,chi̍t-tiám-á,121,False,False,False,False,False,False,False,False,False,False
一点仔,tsi̍t-tiám-á,chi̍t-tiám-á,121,False,False,False,False,False,False,False,False,False,False
做伙,tsuè-hué,chòe-hóe,116,False,False,False,False,False,False,False,False,False,False
塊,le,le,113,False,False,False,False,False,False,False,False,False,False
礼,le,le,113,False,False,False,False,False,False,False,False,False,False
一戌仔,tsi̍t-sut-á,chi̍t-sut-á,112,False,False,False,False,False,False,False,False,False,False
今仔日,kin,kin,112,False,False,False,False,False,False,False,False,False,False
今年,kin,kin,112,False,False,False,False,False,False,False,False,False,False
今旦日,kin,kin,112,False,False,False,False,False,False,False,False,False,False
今那日,kin,kin,112,False,False,False,False,False,False,False,False,False,False
傷心,siang-sim,siang-sim,112,False,False,False,False,False,False,False,False,False,False
弓蕉,kin,kin,112,False,False,False,False,False,False,False,False,False,False
汕,suànn,sòaⁿ,112,False,False,False,False,False,False,False,False,False,False
芎蕉,kin,kin,112,False,False,False,False,False,False,False,False,False,False
煮,chí,chí,111,False,False,False,False,False,False,False,False,False,False
趾,chí,chí,111,False,False,False,False,False,False,False,False,False,False
紫,chí,chí,111,False,False,False,False,False,False,False,False,False,False
紙,chí,chí,111,False,False,False,False,False,False,False,False,False,False
阯,chí,chí,111,False,False,False,False,False,False,False,False,False,False
𢖍,hîng,hêng,111,False,False,False,False,False,False,False,False,False,False
旨,chí,chí,111,False,False,False,False,False,False,False,False,False,False
止,chí,chí,111,False,False,False,False,False,False,False,False,False,False
指,chí,chí,111,False,False,False,False,False,False,False,False,False,False
姊,chí,chí,111,False,False,False,False,False,False,False,False,False,False
姉,chí,chí,111,False,False,False,False,False,False,False,False,False,False
址,chí,chí,111,False,False,False,False,False,False,False,False,False,False
只,chí,chí,111,False,False,False,False,False,False,False,False,False,False
亙,hîng,hêng,111,False,False,False,False,False,False,False,False,False,False
亘,hîng,hêng,111,False,False,False,False,False,False,False,False,False,False
子,chí,chí,111,False,False,False,False,False,False,False,False,False,False
聼着,thiann-tio̍h,thiaⁿ-tio̍h,110,False,False,False,False,False,False,False,False,False,False
能用得,ē-īng-tit,ē-ēng-tit,110,False,False,False,False,False,False,False,False,False,False
爌,khòng,khòng,110,False,False,False,False,False,False,False,False,False,False
肖,siâu,siâu,110,False,False,False,False,False,False,False,False,False,False
関,kuainn,koaiⁿ,110,False,False,False,False,False,False,False,False,False,False
貢,khòng,khòng,110,False,False,False,False,False,False,False,False,False,False
鑛,khòng,khòng,110,False,False,False,False,False,False,False,False,False,False
此斬仔,tsit-tsām-á,chit-chām-á,110,False,False,False,False,False,False,False,False,False,False
𫔘好,tú-hó,tú-hó,110,False,False,False,False,False,False,False,False,False,False
此鏨仔,tsit-tsām-á,chit-chām-á,110,False,False,False,False,False,False,False,False,False,False
注意,tsú-ì,chú-ì,110,False,False,False,False,False,False,False,False,False,False
桄,kuainn,koaiⁿ,110,False,False,False,False,False,False,False,False,False,False
擴,khòng,khòng,110,False,False,False,False,False,False,False,False,False,False
扞,kuānn,kōaⁿ,110,False,False,False,False,False,False,False,False,False,False
怕,phānn,phāⁿ,110,False,False,False,False,False,False,False,False,False,False
屑,siâu,siâu,110,False,False,False,False,False,False,False,False,False,False
听着,thiann-tio̍h,thiaⁿ-tio̍h,110,False,False,False,False,False,False,False,False,False,False
只鏨仔,tsit-tsām-á,chit-chām-á,110,False,False,False,False,False,False,False,False,False,False
只斬仔,tsit-tsām-á,chit-chām-á,110,False,False,False,False,False,False,False,False,False,False
一鏨仔,tsi̍t-tsām-á,chi̍t-chām-á,110,False,False,False,False,False,False,False,False,False,False
一斬仔,tsi̍t-tsām-á,chi̍t-chām-á,110,False,False,False,False,False,False,False,False,False,False
上介,siōng-kài,siōng-kài,105,False,False,False,False,False,False,False,False,False,False
厮,su,su,103,False,False,False,False,False,False,False,False,False,False
师,su,su,103,False,False,False,False,False,False,False,False,False,False
刈,kuah,koah,102,False,False,False,False,False,False,False,False,False,False
殊,sū,sū,102,False,False,False,False,False,False,False,False,False,False
笔,pit,pit,102,False,False,False,False,False,False,False,False,False,False
苐,tuē,tōe,102,False,False,False,False,False,False,False,False,False,False
遞,tuē,tōe,102,False,False,False,False,False,False,False,False,False,False
𣗳,sū,sū,102,False,False,False,False,False,False,False,False,False,False
𮞏,tuē,tōe,102,False,False,False,False,False,False,False,False,False,False
玫瑰,muê,môe,101,False,False,False,False,False,False,False,False,False,False
看着,khuànn-tio̍h,khòaⁿ-tio̍h,101,False,False,False,False,False,False,False,False,False,False
湯,thǹg,thǹg,101,False,False,False,False,False,False,False,False,False,False
桃,thôo,thô͘,101,False,False,False,False,False,False,False,False,False,False
省,sánn,sáⁿ,101,False,False,False,False,False,False,False,False,False,False
揷,tshah,chhah,101,False,False,False,False,False,False,False,False,False,False
衷,tiong,tiong,101,False,False,False,False,False,False,False,False,False,False
镸,thôo,thô͘,101,False,False,False,False,False,False,False,False,False,False
領,niā,niā,101,False,False,False,False,False,False,False,False,False,False
飫,iau,iau,101,False,False,False,False,False,False,False,False,False,False
𭣄,lám,lám,101,False,False,False,False,False,False,False,False,False,False
揷,tshap,chhap,101,False,False,False,False,False,False,False,False,False,False
領領,niā,niā,101,False,False,False,False,False,False,False,False,False,False
想着,siūnn-tio̍h,siūⁿ-tio̍h,101,False,False,False,False,False,False,False,False,False,False
化粧,huà-tsong,hòa-chong,101,False,False,False,False,False,False,False,False,False,False
幾落,kuí-lō,kúi-lō,101,False,False,False,False,False,False,False,False,False,False
且,sánn,sáⁿ,101,False,False,False,False,False,False,False,False,False,False
何,hō,hō,101,False,False,False,False,False,False,False,False,False,False
几落,kuí-lo̍h,kúi-lo̍h,101,False,False,False,False,False,False,False,False,False,False
几落,kuí-lō,kúi-lō,101,False,False,False,False,False,False,False,False,False,False
䌫,lám,lám,101,False,False,False,False,False,False,False,False,False,False
号,hō,hō,101,False,False,False,False,False,False,False,False,False,False
后日,āu-ji̍t,āu-ji̍t,101,False,False,False,False,False,False,False,False,False,False
头,thôo,thô͘,101,False,False,False,False,False,False,False,False,False,False
定定,niā,niā,101,False,False,False,False,False,False,False,False,False,False
尫,ang,ang,101,False,False,False,False,False,False,False,False,False,False
百万,pah-bān,pah-bān,100,False,False,False,False,False,False,False,False,False,False
眞多,tsin-tsē,chin-chē,100,False,False,False,False,False,False,False,False,False,False
省貨,siánn-huè,siáⁿ-hòe,100,False,False,False,False,False,False,False,False,False,False
省治代,siánn-tī-tāi,siáⁿ-tī-tāi,100,False,False,False,False,False,False,False,False,False,False
省治事,siánn-tī-tāi,siáⁿ-tī-tāi,100,False,False,False,False,False,False,False,False,False,False
省欵,siánn-khuán,siáⁿ-khoán,100,False,False,False,False,False,False,False,False,False,False
省屑,siánn-siâu,siáⁿ-siâu,100,False,False,False,False,False,False,False,False,False,False
省值代,siánn-tī-tāi,siáⁿ-tī-tāi,100,False,False,False,False,False,False,False,False,False,False
省值事,siánn-tī-tāi,siáⁿ-tī-tāi,100,False,False,False,False,False,False,False,False,False,False
相諫,sio-kàn,sio-kàn,100,False,False,False,False,False,False,False,False,False,False
相多,siunn-tsē,siuⁿ-chē,100,False,False,False,False,False,False,False,False,False,False
爻早,gâu-tsá,gâu-chá,100,False,False,False,False,False,False,False,False,False,False
當塊,tng-teh,tng-teh,100,False,False,False,False,False,False,False,False,False,False
産,sán,sán,100,False,False,False,False,False,False,False,False,False,False
甘是,kám-sī,kám-sī,100,False,False,False,False,False,False,False,False,False,False
珈琲,ka-pi,ka-pi,100,False,False,False,False,False,False,False,False,False,False
猪肉,ti-bah,ti-bah,100,False,False,False,False,False,False,False,False,False,False
着不着,tio̍h-m̄-tio̍h,tio̍h-m̄-tio̍h,100,False,False,False,False,False,False,False,False,False,False
熟事,si̍k-sāi,se̍k-sāi,100,False,False,False,False,False,False,False,False,False,False
焦全,tsiâu-tsn̂g,chiâu-chn̂g,100,False,False,False,False,False,False,False,False,False,False
焦,tsiâu,chiâu,100,False,False,False,False,False,False,False,False,False,False
無省,bô-siánn,bô-siáⁿ,100,False,False,False,False,False,False,False,False,False,False
真多,tsin-tsē,chin-chē,100,False,False,False,False,False,False,False,False,False,False
箱多,siunn-tsē,siuⁿ-chē,100,False,False,False,False,False,False,False,False,False,False
着是,tio̍h-sī,tio̍h-sī,100,False,False,False,False,False,False,False,False,False,False
示大,sī-tuā,sī-tōa,100,False,False,False,False,False,False,False,False,False,False
聼無,thiann-bô,thiaⁿ-bô,100,False,False,False,False,False,False,False,False,False,False
聼有,thiann-ū,thiaⁿ-ū,100,False,False,False,False,False,False,False,False,False,False
老貨仔,lāu-huè-á,lāu-hòe-á,100,False,False,False,False,False,False,False,False,False,False
翕象,hip-siōng,hip-siōng,100,False,False,False,False,False,False,False,False,False,False
羡,siān,siān,100,False,False,False,False,False,False,False,False,False,False
續落來,suà-lo̍h-lâi,sòa-lo̍h-lâi,100,False,False,False,False,False,False,False,False,False,False
細貳,sè-jī,sè-jī,100,False,False,False,False,False,False,False,False,False,False
細二,sè-jī,sè-jī,100,False,False,False,False,False,False,False,False,False,False
紅灯,âng-ting,âng-teng,100,False,False,False,False,False,False,False,False,False,False
糟撻,tsau-that,chau-that,100,False,False,False,False,False,False,False,False,False,False
糞掃,pùn-sò,pùn-sò,100,False,False,False,False,False,False,False,False,False,False
粘邊,liâm-mi,liâm-mi,100,False,False,False,False,False,False,False,False,False,False
粘乜,liâm-mi,liâm-mi,100,False,False,False,False,False,False,False,False,False,False
米,bih,bih,100,False,False,False,False,False,False,False,False,False,False
簮,tsim,chim,100,False,False,False,False,False,False,False,False,False,False
簡那,kán-ná,kán-ná,100,False,False,False,False,False,False,False,False,False,False
無恰咀,bô-khah-tsua̍h,bô-khah-choa̍h,100,False,False,False,False,False,False,False,False,False,False
窓仔門,thang-á-mn̂g,thang-á-mn̂g,100,False,False,False,False,False,False,False,False,False,False
空課,khang-khè,khang-khè,100,False,False,False,False,False,False,False,False,False,False
秩,ti̍t,ti̍t,100,False,False,False,False,False,False,False,False,False,False
示大人,sī-tuā-lâng,sī-tōa-lâng,100,False,False,False,False,False,False,False,False,False,False
無恰絶,bô-khah-tsua̍h,bô-khah-choa̍h,100,False,False,False,False,False,False,False,False,False,False
灶脚,tsàu-kha,chàu-kha,100,False,False,False,False,False,False,False,False,False,False
無卡絶,bô-khah-tsua̍h,bô-khah-choa̍h,100,False,False,False,False,False,False,False,False,False,False
明旦再,bîn-á-tsài,bîn-á-chài,100,False,False,False,False,False,False,False,False,False,False
松仔,tshîng-á,chhêng-á,100,False,False,False,False,False,False,False,False,False,False
東南亜,tang-lâm-a,tang-lâm-a,100,False,False,False,False,False,False,False,False,False,False
有冬時仔,ū-tang-sî-á,ū-tang-sî-á,100,False,False,False,False,False,False,False,False,False,False
會失礼,huē-sit-lé,hōe-sit-lé,100,False,False,False,False,False,False,False,False,False,False
是不是,sī-m̄-sī,sī-m̄-sī,100,False,False,False,False,False,False,False,False,False,False
昨昏,chăng,chăng,100,False,False,False,False,False,False,False,False,False,False
春兮,tshun-ê,chhun-ê,100,False,False,False,False,False,False,False,False,False,False
春个,tshun-ê,chhun-ê,100,False,False,False,False,False,False,False,False,False,False
明那再,bîn-á-tsài,bîn-á-chài,100,False,False,False,False,False,False,False,False,False,False
明那再,bîn-ná-tsài,bîn-ná-chài,100,False,False,False,False,False,False,False,False,False,False
明旦再,bîn-ná-tsài,bîn-ná-chài,100,False,False,False,False,False,False,False,False,False,False
無卡咀,bô-khah-tsua̍h,bô-khah-choa̍h,100,False,False,False,False,False,False,False,False,False,False
明仔再,bîn-ná-tsài,bîn-ná-chài,100,False,False,False,False,False,False,False,False,False,False
斗斗仔,ta̍uh-ta̍uh-á,ta̍uh-ta̍uh-á,100,False,False,False,False,False,False,False,False,False,False
敎育,kàu-io̍k,kàu-io̍k,100,False,False,False,False,False,False,False,False,False,False
故鄉,kòo-hiang,kò͘-hiang,100,False,False,False,False,False,False,False,False,False,False
探聼,thàm-thiann,thàm-thiaⁿ,100,False,False,False,False,False,False,False,False,False,False
探听,thàm-thiann,thàm-thiaⁿ,100,False,False,False,False,False,False,False,False,False,False
掉,tsāu,chāu,100,False,False,False,False,False,False,False,False,False,False
按盞,án-nuá,án-nóa,100,False,False,False,False,False,False,False,False,False,False
按,ân,ân,100,False,False,False,False,False,False,False,False,False,False
拼掃,piànn-sàu,piàⁿ-sàu,100,False,False,False,False,False,False,False,False,False,False
枕,chím,chím,100,False,False,False,False,False,False,False,False,False,False
查昏,chăng,chăng,100,False,False,False,False,False,False,False,False,False,False
校屑,hau-siâu,hau-siâu,100,False,False,False,False,False,False,False,False,False,False
株,tú,tú,100,False,False,False,False,False,False,False,False,False,False
無効,bô-hāu,bô-hāu,100,False,False,False,False,False,False,False,False,False,False
点鐘,tiám-tsing,tiám-cheng,100,False,False,False,False,False,False,False,False,False,False
炎,iâm,iâm,100,False,False,False,False,False,False,False,False,False,False
肖,siáu,siáu,100,False,False,False,False,False,False,False,False,False,False
滚水,kún-tsuí,kún-chúi,100,False,False,False,False,False,False,False,False,False,False
湊,tshàu,chhàu,100,False,False,False,False,False,False,False,False,False,False
游戲,iû-hì,iû-hì,100,False,False,False,False,False,False,False,False,False,False
游戱,iû-hì,iû-hì,100,False,False,False,False,False,False,False,False,False,False
洣,phun,phun,100,False,False,False,False,False,False,False,False,False,False
沾沾,tiām-tiām,tiām-tiām,100,False,False,False,False,False,False,False,False,False,False
汝好,lí-hó,lí-hó,100,False,False,False,False,False,False,False,False,False,False
汁,tsia̍p,chia̍p,100,False,False,False,False,False,False,False,False,False,False
民進党,bîn-tsìn-tóng,bîn-chìn-tóng,100,False,False,False,False,False,False,False,False,False,False
此平,tsit-pîng,chit-pêng,100,False,False,False,False,False,False,False,False,False,False
正手平,tsiànn-tshiú-pîng,chiàⁿ-chhiú-pêng,100,False,False,False,False,False,False,False,False,False,False
正平,tsiànn-pîng,chiàⁿ-pêng,100,False,False,False,False,False,False,False,False,False,False
欎卒,ut-tsut,ut-chut,100,False,False,False,False,False,False,False,False,False,False
標凖,phiau-tsún,phiau-chún,100,False,False,False,False,False,False,False,False,False,False
樓脚,lâu-kha,lâu-kha,100,False,False,False,False,False,False,False,False,False,False
棹仔,toh-á,toh-á,100,False,False,False,False,False,False,False,False,False,False
株玍,tu̍h-lān,tu̍h-lān,100,False,False,False,False,False,False,False,False,False,False
聼講,thiann-kóng,thiaⁿ-kóng,100,False,False,False,False,False,False,False,False,False,False
舍舍叫,sià-sià-kiò,sià-sià-kiò,100,False,False,False,False,False,False,False,False,False,False
肥,pûi,pûi,100,False,False,False,False,False,False,False,False,False,False
那能,ná-ē,ná-ē,100,False,False,False,False,False,False,False,False,False,False
阿姐,a-chí,a-chí,100,False,False,False,False,False,False,False,False,False,False
阿姉,a-chí,a-chí,100,False,False,False,False,False,False,False,False,False,False
閣恰,koh-khah,koh-khah,100,False,False,False,False,False,False,False,False,False,False
閣來坐,koh-lâi-tsē,koh-lâi-chē,100,False,False,False,False,False,False,False,False,False,False
閙熱,lāu-jia̍t,lāu-jia̍t,100,False,False,False,False,False,False,False,False,False,False
閗相共,tàu-sann-kāng,tàu-saⁿ-kāng,100,False,False,False,False,False,False,False,False,False,False
閗底,tàu-tué,tàu-tóe,100,False,False,False,False,False,False,False,False,False,False
鐱仔,tshiám-á,chhiám-á,100,False,False,False,False,False,False,False,False,False,False
鐟仔,tshiám-á,chhiám-á,100,False,False,False,False,False,False,False,False,False,False
銓,tshuân,chhoân,100,False,False,False,False,False,False,False,False,False,False
那無,nā-bô,nā-bô,100,False,False,False,False,False,False,False,False,False,False
脚川,kha-tshng,kha-chhng,100,False,False,False,False,False,False,False,False,False,False
那定,nā-niā,nā-niā,100,False,False,False,False,False,False,False,False,False,False
那凖,nā-tsún,nā-chún,100,False,False,False,False,False,False,False,False,False,False
達錢,ta̍t-tsînn,ta̍t-chîⁿ,100,False,False,False,False,False,False,False,False,False,False
遊戱,iû-hì,iû-hì,100,False,False,False,False,False,False,False,False,False,False
迺迺念,se̍h-se̍h-liām,se̍h-se̍h-liām,100,False,False,False,False,False,False,False,False,False,False
迺,se̍h,se̍h,100,False,False,False,False,False,False,False,False,False,False
身軀邊,sing-khu-pinn,seng-khu-piⁿ,100,False,False,False,False,False,False,False,False,False,False
蹺,khiàu,khiàu,100,False,False,False,False,False,False,False,False,False,False
路尾,lo̍h-bé,lo̍h-bé,100,False,False,False,False,False,False,False,False,False,False
路尾,lo̍h-bué,lo̍h-bóe,100,False,False,False,False,False,False,False,False,False,False
陜,siám,siám,100,False,False,False,False,False,False,False,False,False,False
陣,thīn,thīn,100,False,False,False,False,False,False,False,False,False,False
隨在,sûi-tsāi,sûi-chāi,100,False,False,False,False,False,False,False,False,False,False
雜志,tsa̍p-tsì,cha̍p-chì,100,False,False,False,False,False,False,False,False,False,False
拔繳,pua̍h-kiáu,poa̍h-kiáu,100,False,False,False,False,False,False,False,False,False,False
𫽾,tháu,tháu,100,False,False,False,False,False,False,False,False,False,False
𫔘𫔘仔好,tú-tú-á-hó,tú-tú-á-hó,100,False,False,False,False,False,False,False,False,False,False
𫔘者,tú-tsiah,tú-chiah,100,False,False,False,False,False,False,False,False,False,False
𫔘即,tú-tsiah,tú-chiah,100,False,False,False,False,False,False,False,False,False,False
𫔘仔好,tú-á-hó,tú-á-hó,100,False,False,False,False,False,False,False,False,False,False
𫔘仔,tú-á,tú-á,100,False,False,False,False,False,False,False,False,False,False
𫔘,tú,tú,100,False,False,False,False,False,False,False,False,False,False
𫃵,lú,lú,100,False,False,False,False,False,False,False,False,False,False
𢕣,thīn,thīn,100,False,False,False,False,False,False,False,False,False,False
鹿,lak,lak,100,False,False,False,False,False,False,False,False,False,False
鹽,kiâm,kiâm,100,False,False,False,False,False,False,False,False,False,False
鷄卵,ke-nn̄g,ke-nn̄g,100,False,False,False,False,False,False,False,False,False,False
魯力,lóo-la̍t,ló͘-la̍t,100,False,False,False,False,False,False,False,False,False,False
鬥底,tàu-tué,tàu-tóe,100,False,False,False,False,False,False,False,False,False,False
頷滾,ām-kún,ām-kún,100,False,False,False,False,False,False,False,False,False,False
頷滚,ām-kún,ām-kún,100,False,False,False,False,False,False,False,False,False,False
頭𫔘仔,thâu-tú-á,thâu-tú-á,100,False,False,False,False,False,False,False,False,False,False
領定,niā-tiānn,niā-tiāⁿ,100,False,False,False,False,False,False,False,False,False,False
青紅灯,tshenn-âng-ting,chheⁿ-âng-teng,100,False,False,False,False,False,False,False,False,False,False
青灯,tshenn-ting,chheⁿ-teng,100,False,False,False,False,False,False,False,False,False,False
赶,kuánn,kóaⁿ,100,False,False,False,False,False,False,False,False,False,False
走爭,tsáu-tsing,cháu-cheng,100,False,False,False,False,False,False,False,False,False,False
走崇,tsáu-tsông,cháu-chông,100,False,False,False,False,False,False,False,False,False,False
許冬存,hit-tang-tsūn,hit-tang-chūn,100,False,False,False,False,False,False,False,False,False,False
見誚,kiàn-siàu,kiàn-siàu,100,False,False,False,False,False,False,False,False,False,False
西,se̍h,se̍h,100,False,False,False,False,False,False,False,False,False,False
袂呆,bē-bái,bē-bái,100,False,False,False,False,False,False,False,False,False,False
袂呆,buē-bái,bōe-bái,100,False,False,False,False,False,False,False,False,False,False
衆人,tsiòng-lâng,chiòng-lâng,100,False,False,False,False,False,False,False,False,False,False
蝄,bóng,bóng,100,False,False,False,False,False,False,False,False,False,False
虎玍,hóo-lān,hó͘-lān,100,False,False,False,False,False,False,False,False,False,False
葯仔,io̍h-á,io̍h-á,100,False,False,False,False,False,False,False,False,False,False
菜補,tshài-póo,chhài-pó͘,100,False,False,False,False,False,False,False,False,False,False
菓子,kué-chí,kóe-chí,100,False,False,False,False,False,False,False,False,False,False
菓只,kué-chí,kóe-chí,100,False,False,False,False,False,False,False,False,False,False
英暗,ing-àm,eng-àm,100,False,False,False,False,False,False,False,False,False,False
若多,luā-tsē,lōa-chē,100,False,False,False,False,False,False,False,False,False,False
若凖,nā-tsún,nā-chún,100,False,False,False,False,False,False,False,False,False,False
船,tshuân,chhoân,100,False,False,False,False,False,False,False,False,False,False
舩,tshuân,chhoân,100,False,False,False,False,False,False,False,False,False,False
舍舍呌,sià-sià-kiò,sià-sià-kiò,100,False,False,False,False,False,False,False,False,False,False
腹肚飫,pak-tóo-iau,pak-tó͘-iau,100,False,False,False,False,False,False,False,False,False,False
腱,kīn,kīn,100,False,False,False,False,False,False,False,False,False,False
腰飼,io-tshī,io-chhī,100,False,False,False,False,False,False,False,False,False,False
脚手,kha-tshiú,kha-chhiú,100,False,False,False,False,False,False,False,False,False,False
記池,kì-tî,kì-tî,100,False,False,False,False,False,False,False,False,False,False
許冬拵,hit-tang-tsūn,hit-tang-chūn,100,False,False,False,False,False,False,False,False,False,False
賴多,luā-tsē,lōa-chē,100,False,False,False,False,False,False,False,False,False,False
許冬時,hit-tang-sî,hit-tang-sî,100,False,False,False,False,False,False,False,False,False,False
賛成,tsàn-sîng,chàn-sêng,100,False,False,False,False,False,False,False,False,False,False
賛,tsán,chán,100,False,False,False,False,False,False,False,False,False,False
貫示,kuàn-sì,koàn-sì,100,False,False,False,False,False,False,False,False,False,False
貫勢,kuàn-sì,koàn-sì,100,False,False,False,False,False,False,False,False,False,False
貢献,kòng-hiàn,kòng-hiàn,100,False,False,False,False,False,False,False,False,False,False
豆豆仔,ta̍uh-ta̍uh-á,ta̍uh-ta̍uh-á,100,False,False,False,False,False,False,False,False,False,False
識,pat,pat,100,False,False,False,False,False,False,False,False,False,False
講爽笑,kóng-sńg-tshiò,kóng-sńg-chhiò,100,False,False,False,False,False,False,False,False,False,False
講損笑,kóng-sńg-tshiò,kóng-sńg-chhiò,100,False,False,False,False,False,False,False,False,False,False
諫恁娘,kàn-lín-niâ,kàn-lín-niâ,100,False,False,False,False,False,False,False,False,False,False
諫喬,kàn-kiāu,kàn-kiāu,100,False,False,False,False,False,False,False,False,False,False
請敎,tshíng-kàu,chhéng-kàu,100,False,False,False,False,False,False,False,False,False,False
諂,thiám,thiám,100,False,False,False,False,False,False,False,False,False,False
誅,ti,ti,100,False,False,False,False,False,False,False,False,False,False
詮,tshuân,chhoân,100,False,False,False,False,False,False,False,False,False,False
許號,hit-hō,hit-hō,100,False,False,False,False,False,False,False,False,False,False
許欵,hit-khuán,hit-khoán,100,False,False,False,False,False,False,False,False,False,False
許拵,hit-tsūn,hit-chūn,100,False,False,False,False,False,False,False,False,False,False
許平,hit-pîng,hit-pêng,100,False,False,False,False,False,False,False,False,False,False
許存,hit-tsūn,hit-chūn,100,False,False,False,False,False,False,False,False,False,False
許号,hit-hō,hit-hō,100,False,False,False,False,False,False,False,False,False,False
拞,khiú,khiú,100,False,False,False,False,False,False,False,False,False,False
五十,gōo-tsa̍p,gō͘-cha̍p,100,False,False,False,False,False,False,False,False,False,False
拔杯,pua̍h-pue,poa̍h-poe,100,False,False,False,False,False,False,False,False,False,False
几点,kuí-tiám,kúi-tiám,100,False,False,False,False,False,False,False,False,False,False
十點,tsa̍p-tiám,cha̍p-tiám,100,False,False,False,False,False,False,False,False,False,False
十点,tsa̍p-tiám,cha̍p-tiám,100,False,False,False,False,False,False,False,False,False,False
十二點,tsa̍p-jī-tiám,cha̍p-jī-tiám,100,False,False,False,False,False,False,False,False,False,False
十二点,tsa̍p-jī-tiám,cha̍p-jī-tiám,100,False,False,False,False,False,False,False,False,False,False
十一點,tsa̍p-it-tiám,cha̍p-it-tiám,100,False,False,False,False,False,False,False,False,False,False
十一点,tsa̍p-it-tiám,cha̍p-it-tiám,100,False,False,False,False,False,False,False,False,False,False
區,khû,khû,100,False,False,False,False,False,False,False,False,False,False
加再,ka-tsài,ka-chài,100,False,False,False,False,False,False,False,False,False,False
創省,tshòng-siánn,chhòng-siáⁿ,100,False,False,False,False,False,False,False,False,False,False
凡世,huān-sè,hoān-sè,100,False,False,False,False,False,False,False,False,False,False
几号,kuí-hō,kúi-hō,100,False,False,False,False,False,False,False,False,False,False
呵老,o-ló,o-ló,100,False,False,False,False,False,False,False,False,False,False
凖做,tsún-tsò,chún-chò,100,False,False,False,False,False,False,False,False,False,False
兮晡,e-poo,e-po͘,100,False,False,False,False,False,False,False,False,False,False
兮昏暗,ing-àm,eng-àm,100,False,False,False,False,False,False,False,False,False,False
兮早仔,e-tsái-á,e-chái-á,100,False,False,False,False,False,False,False,False,False,False
六点,la̍k-tiám,la̍k-tiám,100,False,False,False,False,False,False,False,False,False,False
六十,la̍k-tsa̍p,la̍k-cha̍p,100,False,False,False,False,False,False,False,False,False,False
八十,peh-tsa̍p,peh-cha̍p,100,False,False,False,False,False,False,False,False,False,False
元底,guân-té,goân-té,100,False,False,False,False,False,False,False,False,False,False
價達,kè-ta̍t,kè-ta̍t,100,False,False,False,False,False,False,False,False,False,False
僥擺,hiau-pai,hiau-pai,100,False,False,False,False,False,False,False,False,False,False
卅,sann-tsa̍p,saⁿ-cha̍p,100,False,False,False,False,False,False,False,False,False,False
卓仔,toh-á,toh-á,100,False,False,False,False,False,False,False,False,False,False
卜愛,beh-ài,beh-ài,100,False,False,False,False,False,False,False,False,False,False
卡嬴,khah-iânn,khah-iâⁿ,100,False,False,False,False,False,False,False,False,False,False
呆,bái,bái,100,False,False,False,False,False,False,False,False,False,False
听講,thiann-kóng,thiaⁿ-kóng,100,False,False,False,False,False,False,False,False,False,False
听無,thiann-bô,thiaⁿ-bô,100,False,False,False,False,False,False,False,False,False,False
听有,thiann-ū,thiaⁿ-ū,100,False,False,False,False,False,False,False,False,False,False
含慢,hân-bān,hân-bān,100,False,False,False,False,False,False,False,False,False,False
含慢,hâm-bān,hâm-bān,100,False,False,False,False,False,False,False,False,False,False
后壁,āu-piah,āu-piah,100,False,False,False,False,False,False,False,False,False,False
司阜,sai-hū,sai-hū,100,False,False,False,False,False,False,False,False,False,False
司父,sai-hū,sai-hū,100,False,False,False,False,False,False,False,False,False,False
号做,hō-tsò,hō-chò,100,False,False,False,False,False,False,False,False,False,False
台員話,tâi-uân-uē,tâi-oân-ōe,100,False,False,False,False,False,False,False,False,False,False
叭,pat,pat,100,False,False,False,False,False,False,False,False,False,False
只平,tsit-pîng,chit-pêng,100,False,False,False,False,False,False,False,False,False,False
口齒,tshuì-khí,chhùi-khí,100,False,False,False,False,False,False,False,False,False,False
口礁,tshuì-ta,chhùi-ta,100,False,False,False,False,False,False,False,False,False,False
口瀾,tshuì-nuā,chhùi-nōa,100,False,False,False,False,False,False,False,False,False,False
口乾,tshuì-ta,chhùi-ta,100,False,False,False,False,False,False,False,False,False,False
危險,gûi-hiám,gûi-hiám,100,False,False,False,False,False,False,False,False,False,False
卡輸,khah-su,khah-su,100,False,False,False,False,False,False,False,False,False,False
卡早,khah-tsá,khah-chá,100,False,False,False,False,False,False,False,False,False,False
卡川,kha-tshng,kha-chhng,100,False,False,False,False,False,False,False,False,False,False
偷笑,thau-tshiò,thau-chhiò,100,False,False,False,False,False,False,False,False,False,False
停車場,thîng-tshia-tiûⁿ,thêng-chhia-tiûⁿ,100,False,False,False,False,False,False,False,False,False,False
做汝,tsò-lí,chò-lí,100,False,False,False,False,False,False,False,False,False,False
也是,ia̍h-sī,ia̍h-sī,100,False,False,False,False,False,False,False,False,False,False
九十,káu-tsa̍p,káu-cha̍p,100,False,False,False,False,False,False,False,False,False,False
乎伊,hōo-i,hō͘-i,100,False,False,False,False,False,False,False,False,False,False
乎人,hōo-lâng,hō͘-lâng,100,False,False,False,False,False,False,False,False,False,False
乍,tsah,chah,100,False,False,False,False,False,False,False,False,False,False
中昼,tiong-tàu,tiong-tàu,100,False,False,False,False,False,False,False,False,False,False
不閣,m̄-koh,m̄-koh,100,False,False,False,False,False,False,False,False,False,False
不那,m̄-nā,m̄-nā,100,False,False,False,False,False,False,False,False,False,False
不達,m̄-ta̍t,m̄-ta̍t,100,False,False,False,False,False,False,False,False,False,False
不識,m̄-pat,m̄-pat,100,False,False,False,False,False,False,False,False,False,False
不知影,m̄-tsai-iánn,m̄-chai-iáⁿ,100,False,False,False,False,False,False,False,False,False,False
不止仔,put-lí-á,put-lí-á,100,False,False,False,False,False,False,False,False,False,False
不止仔,put-chí-á,put-chí-á,100,False,False,False,False,False,False,False,False,False,False
不八,m̄-pat,m̄-pat,100,False,False,False,False,False,False,False,False,False,False
下昏暗,ing-àm,eng-àm,100,False,False,False,False,False,False,False,False,False,False
三點,sann-tiám,saⁿ-tiám,100,False,False,False,False,False,False,False,False,False,False
三角窓,sann-kak-thang,saⁿ-kak-thang,100,False,False,False,False,False,False,False,False,False,False
三百,sann-pah,saⁿ-pah,100,False,False,False,False,False,False,False,False,False,False
三点,sann-tiám,saⁿ-tiám,100,False,False,False,False,False,False,False,False,False,False
七点,tshit-tiám,chhit-tiám,100,False,False,False,False,False,False,False,False,False,False
七十,tshit-tsa̍p,chhit-cha̍p,100,False,False,False,False,False,False,False,False,False,False
拔感情,pua̍h-kám-tsîng,poa̍h-kám-chêng,100,False,False,False,False,False,False,False,False,False,False
也是,a̍h-sī,a̍h-sī,100,False,False,False,False,False,False,False,False,False,False
亀毛,ku-moo,ku-mo͘,100,False,False,False,False,False,False,False,False,False,False
做恁,tsò-lín,chò-lín,100,False,False,False,False,False,False,False,False,False,False
二万,nn̄g-bān,nn̄g-bān,100,False,False,False,False,False,False,False,False,False,False
倚昼,uá-tàu,óa-tàu,100,False,False,False,False,False,False,False,False,False,False
倒手平,tò-tshiú-pîng,tò-chhiú-pêng,100,False,False,False,False,False,False,False,False,False,False
倒平,tò-pîng,tò-pêng,100,False,False,False,False,False,False,False,False,False,False
個月,kòo-gue̍h,kò͘-goe̍h,100,False,False,False,False,False,False,False,False,False,False
個月,kòo-ge̍h,kò͘-ge̍h,100,False,False,False,False,False,False,False,False,False,False
個月,kò-gue̍h,kò-goe̍h,100,False,False,False,False,False,False,False,False,False,False
個月,kò-ge̍h,kò-ge̍h,100,False,False,False,False,False,False,False,False,False,False
作嗇,tsoh-sit,choh-sit,100,False,False,False,False,False,False,False,False,False,False
体質,thé-tsit,thé-chit,100,False,False,False,False,False,False,False,False,False,False
介成,kài-sîng,kài-sêng,100,False,False,False,False,False,False,False,False,False,False
什誌,tsa̍p-tsì,cha̍p-chì,100,False,False,False,False,False,False,False,False,False,False
什志,tsa̍p-tsì,cha̍p-chì,100,False,False,False,False,False,False,False,False,False,False
什,tsia̍p,chia̍p,100,False,False,False,False,False,False,False,False,False,False
亲,tshin,chhin,100,False,False,False,False,False,False,False,False,False,False
五點,gōo-tiám,gō͘-tiám,100,False,False,False,False,False,False,False,False,False,False
五点,gōo-tiám,gō͘-tiám,100,False,False,False,False,False,False,False,False,False,False
一点,tsi̍t-tiám,chi̍t-tiám,100,False,False,False,False,False,False,False,False,False,False
二點,nn̄g-tiám,nn̄g-tiám,100,False,False,False,False,False,False,False,False,False,False
二萬,nn̄g-bān,nn̄g-bān,100,False,False,False,False,False,False,False,False,False,False
二百,nn̄g-pah,nn̄g-pah,100,False,False,False,False,False,False,False,False,False,False
二点,nn̄g-tiám,nn̄g-tiám,100,False,False,False,False,False,False,False,False,False,False
呌做,kiò-tsuè,kiò-chòe,100,False,False,False,False,False,False,False,False,False,False
卡好,khah-hó,khah-hó,100,False,False,False,False,False,False,False,False,False,False
咁是,kám-sī,kám-sī,100,False,False,False,False,False,False,False,False,False,False
幇贈,pang-tsān,pang-chān,100,False,False,False,False,False,False,False,False,False,False
咒咀,tsiù-tsuā,chiù-chōa,100,False,False,False,False,False,False,False,False,False,False
彼冬拵,hit-tang-tsūn,hit-tang-chūn,100,False,False,False,False,False,False,False,False,False,False
彼冬存,hit-tang-tsūn,hit-tang-chūn,100,False,False,False,False,False,False,False,False,False,False
影响,íng-hióng,éng-hióng,100,False,False,False,False,False,False,False,False,False,False
强卜,kiông-beh,kiông-beh,100,False,False,False,False,False,False,False,False,False,False
延投,iân-tâu,iân-tâu,100,False,False,False,False,False,False,False,False,False,False
店店,tiām-tiām,tiām-tiām,100,False,False,False,False,False,False,False,False,False,False
庄脚,tsng-kha,chng-kha,100,False,False,False,False,False,False,False,False,False,False
幾点,kuí-tiám,kúi-tiám,100,False,False,False,False,False,False,False,False,False,False
幾号,kuí-hō,kúi-hō,100,False,False,False,False,False,False,False,False,False,False
帮贈,pang-tsān,pang-chān,100,False,False,False,False,False,False,False,False,False,False
宋,sông,sông,100,False,False,False,False,False,False,False,False,False,False
師阜,sai-hū,sai-hū,100,False,False,False,False,False,False,False,False,False,False
市場,tshī-tiûⁿ,chhī-tiûⁿ,100,False,False,False,False,False,False,False,False,False,False
市,tshi̍h,chhi̍h,100,False,False,False,False,False,False,False,False,False,False
工場,kang-tiûⁿ,kang-tiûⁿ,100,False,False,False,False,False,False,False,False,False,False
屡,lú,lú,100,False,False,False,False,False,False,False,False,False,False
屏段,pîn-tuānn,pîn-tōaⁿ,100,False,False,False,False,False,False,False,False,False,False
尾鰍,bué-liu,bóe-liu,100,False,False,False,False,False,False,False,False,False,False
尋無,tshuē-bô,chhōe-bô,100,False,False,False,False,False,False,False,False,False,False
寃家,uan-ke,oan-ke,100,False,False,False,False,False,False,False,False,False,False
宿困,hioh-khùn,hioh-khùn,100,False,False,False,False,False,False,False,False,False,False
彼号,hit-hō,hit-hō,100,False,False,False,False,False,False,False,False,False,False
彼存,hit-tsūn,hit-chūn,100,False,False,False,False,False,False,False,False,False,False
彼平,hit-pîng,hit-pêng,100,False,False,False,False,False,False,False,False,False,False
彼拵,hit-tsūn,hit-chūn,100,False,False,False,False,False,False,False,False,False,False
拍爽,phah-sńg,phah-sńg,100,False,False,False,False,False,False,False,False,False,False
拉颯,lah-sap,lah-sap,100,False,False,False,False,False,False,False,False,False,False
抵者,tú-tsiah,tú-chiah,100,False,False,False,False,False,False,False,False,False,False
抵抵仔好,tú-tú-á-hó,tú-tú-á-hó,100,False,False,False,False,False,False,False,False,False,False
抵即,tú-tsiah,tú-chiah,100,False,False,False,False,False,False,False,False,False,False
抵仔好,tú-á-hó,tú-á-hó,100,False,False,False,False,False,False,False,False,False,False
抵仔,tú-á,tú-á,100,False,False,False,False,False,False,False,False,False,False
抛抛走,pha-pha-tsáu,pha-pha-cháu,100,False,False,False,False,False,False,False,False,False,False
扭,giú,giú,100,False,False,False,False,False,False,False,False,False,False
手机仔,tshiú-ki-á,chhiú-ki-á,100,False,False,False,False,False,False,False,False,False,False
我共汝講,guá-kā-lí-kóng,góa-kā-lí-kóng,100,False,False,False,False,False,False,False,False,False,False
慣示,kuàn-sì,koàn-sì,100,False,False,False,False,False,False,False,False,False,False
想卜,siūnn-bueh,siūⁿ-boeh,100,False,False,False,False,False,False,False,False,False,False
想卜,siūnn-beh,siūⁿ-beh,100,False,False,False,False,False,False,False,False,False,False
恰輸,khah-su,khah-su,100,False,False,False,False,False,False,False,False,False,False
恰早,khah-tsá,khah-chá,100,False,False,False,False,False,False,False,False,False,False
恰嬴,khah-iânn,khah-iâⁿ,100,False,False,False,False,False,False,False,False,False,False
恰好,khah-hó,khah-hó,100,False,False,False,False,False,False,False,False,False,False
復雜,ho̍k-tsa̍p,ho̍k-cha̍p,100,False,False,False,False,False,False,False,False,False,False
復什,ho̍k-tsa̍p,ho̍k-cha̍p,100,False,False,False,False,False,False,False,False,False,False
彼欵,hit-khuán,hit-khoán,100,False,False,False,False,False,False,False,False,False,False
定定,niā-tiānn,niā-tiāⁿ,100,False,False,False,False,False,False,False,False,False,False
彼冬時,hit-tang-sî,hit-tang-sî,100,False,False,False,False,False,False,False,False,False,False
宋,sóng,sóng,100,False,False,False,False,False,False,False,False,False,False
基進党,ki-tsìn-tóng,ki-chìn-tóng,100,False,False,False,False,False,False,False,False,False,False
坎鏨,khám-tsām,khám-chām,100,False,False,False,False,False,False,False,False,False,False
坎斬,khám-tsām,khám-chām,100,False,False,False,False,False,False,False,False,False,False
土脚,thôo-kha,thô͘-kha,100,False,False,False,False,False,False,False,False,False,False
國民党,kok-bîn-tóng,kok-bîn-tóng,100,False,False,False,False,False,False,False,False,False,False
四點,sì-tiám,sì-tiám,100,False,False,False,False,False,False,False,False,False,False
四示,sù-sī,sù-sī,100,False,False,False,False,False,False,False,False,False,False
四点,sì-tiám,sì-tiám,100,False,False,False,False,False,False,False,False,False,False
四十,sì-tsa̍p,sì-cha̍p,100,False,False,False,False,False,False,False,False,False,False
噴,phun,phun,100,False,False,False,False,False,False,False,False,False,False
嘴礁,tshuì-ta,chhùi-ta,100,False,False,False,False,False,False,False,False,False,False
喜號,hit-hō,hit-hō,100,False,False,False,False,False,False,False,False,False,False
喜欵,hit-khuán,hit-khoán,100,False,False,False,False,False,False,False,False,False,False
喜拵,hit-tsūn,hit-chūn,100,False,False,False,False,False,False,False,False,False,False
喜平,hit-pîng,hit-pêng,100,False,False,False,False,False,False,False,False,False,False
喜存,hit-tsūn,hit-chūn,100,False,False,False,False,False,False,False,False,False,False
喜号,hit-hō,hit-hō,100,False,False,False,False,False,False,False,False,False,False
喜冬時,hit-tang-sî,hit-tang-sî,100,False,False,False,False,False,False,False,False,False,False
喜冬拵,hit-tang-tsūn,hit-tang-chūn,100,False,False,False,False,False,False,False,False,False,False
喜冬存,hit-tang-tsūn,hit-tang-chūn,100,False,False,False,False,False,False,False,False,False,False
啿,tsim,chim,100,False,False,False,False,False,False,False,False,False,False
唖,é,é,100,False,False,False,False,False,False,False,False,False,False
哭飫,khàu-iau,khàu-iau,100,False,False,False,False,False,False,False,False,False,False
基督敎,ki-tok-kàu,ki-tok-kàu,100,False,False,False,False,False,False,False,False,False,False
夭那,á-nā,á-nā,100,False,False,False,False,False,False,False,False,False,False
基進黨,ki-tsìn-tóng,ki-chìn-tóng,100,False,False,False,False,False,False,False,False,False,False
安,ân,ân,100,False,False,False,False,False,False,False,False,False,False
嬸,chím,chím,100,False,False,False,False,False,False,False,False,False,False
嬴,iânn,iâⁿ,100,False,False,False,False,False,False,False,False,False,False
姝,ti,ti,100,False,False,False,False,False,False,False,False,False,False
姉妹,chí-muē,chí-mōe,100,False,False,False,False,False,False,False,False,False,False
好聼,hó-thiann,hó-thiaⁿ,100,False,False,False,False,False,False,False,False,False,False
好听,hó-thiann,hó-thiaⁿ,100,False,False,False,False,False,False,False,False,False,False
好加再,hó-ka-tsài,hó-ka-chài,100,False,False,False,False,False,False,False,False,False,False
好世,hó-sè,hó-sè,100,False,False,False,False,False,False,False,False,False,False
失礼,sit-lé,sit-lé,100,False,False,False,False,False,False,False,False,False,False
安盞,án-nuá,án-nóa,100,False,False,False,False,False,False,False,False,False,False
夭若,á-nā,á-nā,100,False,False,False,False,False,False,False,False,False,False
大細声,tuā-sè-siann,tōa-sè-siaⁿ,100,False,False,False,False,False,False,False,False,False,False
大篐,tuā-khoo,tōa-kho͘,100,False,False,False,False,False,False,False,False,False,False
大條,tuā-tiâu,tōa-tiâu,100,False,False,False,False,False,False,False,False,False,False
大姉,tuā-chí,tōa-chí,100,False,False,False,False,False,False,False,False,False,False
大匝,tuā-khoo,tōa-kho͘,100,False,False,False,False,False,False,False,False,False,False
外多,guā-tsē,gōa-chē,100,False,False,False,False,False,False,False,False,False,False
塩,kiâm,kiâm,100,False,False,False,False,False,False,False,False,False,False
塗脚,thôo-kha,thô͘-kha,100,False,False,False,False,False,False,False,False,False,False
塊卜,teh-beh,teh-beh,100,False,False,False,False,False,False,False,False,False,False
隻兮,tsiah-ê,chiah-ê,74,False,False,False,False,False,False,False,False,False,False
隻个,tsiah-ê,chiah-ê,74,False,False,False,False,False,False,False,False,False,False
者兮,tsiah-ê,chiah-ê,74,False,False,False,False,False,False,False,False,False,False
者个,tsiah-ê,chiah-ê,74,False,False,False,False,False,False,False,False,False,False
叱兮,hiah-ê,hiah-ê,70,False,False,False,False,False,False,False,False,False,False
靴个,hiah-ê,hiah-ê,70,False,False,False,False,False,False,False,False,False,False
靴兮,hiah-ê,hiah-ê,70,False,False,False,False,False,False,False,False,False,False
叱个,hiah-ê,hiah-ê,70,False,False,False,False,False,False,False,False,False,False
球,khiû,khiû,69,False,False,False,False,False,False,False,False,False,False
稿,kóo,kó͘,68,False,False,False,False,False,False,False,False,False,False
槁,kóo,kó͘,68,False,False,False,False,False,False,False,False,False,False
槀,kóo,kó͘,68,False,False,False,False,False,False,False,False,False,False
咕,kóo,kó͘,68,False,False,False,False,False,False,False,False,False,False
哖,ni,ni,66,False,False,False,False,False,False,False,False,False,False
夭閣,iá-koh,iá-koh,66,False,False,False,False,False,False,False,False,False,False
夭閣,á-koh,á-koh,66,False,False,False,False,False,False,False,False,False,False
年,ni,ni,66,False,False,False,False,False,False,False,False,False,False
裡,ni,ni,66,False,False,False,False,False,False,False,False,False,False
科,khue,khoe,60,False,False,False,False,False,False,False,False,False,False
葵,khue,khoe,60,False,False,False,False,False,False,False,False,False,False
吝,lin,lin,60,False,False,False,False,False,False,False,False,False,False
共人,kâng,kâng,60,False,False,False,False,False,False,False,False,False,False
桄,kuinn,kuiⁿ,55,False,False,False,False,False,False,False,False,False,False
関,kuinn,kuiⁿ,55,False,False,False,False,False,False,False,False,False,False
菓只,ké-chí,ké-chí,50,False,False,False,False,False,False,False,False,False,False
相多,siunn-tsuē,siuⁿ-chōe,50,False,False,False,False,False,False,False,False,False,False
眞多,tsin-tsuē,chin-chōe,50,False,False,False,False,False,False,False,False,False,False
真多,tsin-tsuē,chin-chōe,50,False,False,False,False,False,False,False,False,False,False
箱多,siunn-tsuē,siuⁿ-chōe,50,False,False,False,False,False,False,False,False,False,False
細二,suè-jī,sòe-jī,50,False,False,False,False,False,False,False,False,False,False
細貳,suè-jī,sòe-jī,50,False,False,False,False,False,False,False,False,False,False
老貨仔,lāu-hè-á,lāu-hè-á,50,False,False,False,False,False,False,False,False,False,False
舺,kah,kah,50,False,False,False,False,False,False,False,False,False,False
艋,báng,báng,50,False,False,False,False,False,False,False,False,False,False
若多,juā-tsē,jōa-chē,50,False,False,False,False,False,False,False,False,False,False
若多,luā-tsuē,lōa-chōe,50,False,False,False,False,False,False,False,False,False,False
鮓,tsé,ché,50,False,False,False,False,False,False,False,False,False,False
菓子,ké-chí,ké-chí,50,False,False,False,False,False,False,False,False,False,False
済,tsé,ché,50,False,False,False,False,False,False,False,False,False,False
萕,tsé,ché,50,False,False,False,False,False,False,False,False,False,False
賴多,juā-tsē,jōa-chē,50,False,False,False,False,False,False,False,False,False,False
賴多,luā-tsuē,lōa-chōe,50,False,False,False,False,False,False,False,False,False,False
辦段,pân-tuānn,pân-tōaⁿ,50,False,False,False,False,False,False,False,False,False,False
邊仔,pinn-a,piⁿ-a,50,False,False,False,False,False,False,False,False,False,False
那會,nà-ē,nà-ē,50,False,False,False,False,False,False,False,False,False,False
那有,nà-ū,nà-ū,50,False,False,False,False,False,False,False,False,False,False
那能,nà-ē,nà-ē,50,False,False,False,False,False,False,False,False,False,False
鷄卵,kue-nn̄g,koe-nn̄g,50,False,False,False,False,False,False,False,False,False,False
𠲿,soh,soh,50,False,False,False,False,False,False,False,False,False,False
無問題,bô-būn-tuê,bô-būn-tôe,50,False,False,False,False,False,False,False,False,False,False
外多,juā-tsē,jōa-chē,50,False,False,False,False,False,False,False,False,False,False
洛,lok,lok,50,False,False,False,False,False,False,False,False,False,False
大細声,tuā-suè-siann,tōa-sòe-siaⁿ,50,False,False,False,False,False,False,False,False,False,False
母仔子,bó-á-kiánn,bó-á-kiáⁿ,50,False,False,False,False,False,False,False,False,False,False
下早仔,ê-tsái-á,ê-chái-á,50,False,False,False,False,False,False,False,False,False,False
乘續,sīn-suà,sīn-sòa,50,False,False,False,False,False,False,False,False,False,False
做汝,tsuè-lí,chòe-lí,50,False,False,False,False,False,False,False,False,False,False
八十,pueh-tsa̍p,poeh-cha̍p,50,False,False,False,False,False,False,False,False,False,False
兮早仔,ê-tsái-á,ê-chái-á,50,False,False,False,False,False,False,False,False,False,False
兮昏,ê-hng,ê-hng,50,False,False,False,False,False,False,False,False,False,False
吸,soh,soh,50,False,False,False,False,False,False,False,False,False,False
哈,há,há,50,False,False,False,False,False,False,False,False,False,False
嗹,lian,lian,50,False,False,False,False,False,False,False,False,False,False
塊卜,teh-bueh,teh-boeh,50,False,False,False,False,False,False,False,False,False,False
坌,hun,hun,50,False,False,False,False,False,False,False,False,False,False
夭若,iá-nā,iá-nā,50,False,False,False,False,False,False,False,False,False,False
尾鰍,bé-liu,bé-liu,50,False,False,False,False,False,False,False,False,False,False
朝工,tiau-kang,tiau-kang,50,False,False,False,False,False,False,False,False,False,False
想袂到,siūnn-buē-kàu,siūⁿ-bōe-kàu,50,False,False,False,False,False,False,False,False,False,False
崙,lún,lún,50,False,False,False,False,False,False,False,False,False,False
屏段,pīn-tuānn,pīn-tōaⁿ,50,False,False,False,False,False,False,False,False,False,False
屯,tùn,tùn,50,False,False,False,False,False,False,False,False,False,False
尋無,tshē-bô,chhē-bô,50,False,False,False,False,False,False,False,False,False,False
姉妹,chí-muāi,chí-moāi,50,False,False,False,False,False,False,False,False,False,False
姉,tsé,ché,50,False,False,False,False,False,False,False,False,False,False
夭那,iá-nā,iá-nā,50,False,False,False,False,False,False,False,False,False,False
銹,sian,sian,38,False,False,False,False,False,False,False,False,False,False
姨阿,î-á,î-á,36,False,False,False,False,False,False,False,False,False,False
郎球,lòng-kiû,lòng-kiû,31,False,False,False,False,False,False,False,False,False,False
𢭗球,lòng-kiû,lòng-kiû,31,False,False,False,False,False,False,False,False,False,False
棹,toh,toh,30,False,False,False,False,False,False,False,False,False,False
芉,kuann,koaⁿ,30,False,False,False,False,False,False,False,False,False,False
刀,toh,toh,30,False,False,False,False,False,False,False,False,False,False
叨,toh,toh,30,False,False,False,False,False,False,False,False,False,False
介,kái,kái,30,False,False,False,False,False,False,False,False,False,False
太會,thài,thài,26,False,False,False,False,False,False,False,False,False,False
太能,thài,thài,26,False,False,False,False,False,False,False,False,False,False
豈會,thài,thài,26,False,False,False,False,False,False,False,False,False,False
豈能,thài,thài,26,False,False,False,False,False,False,False,False,False,False
又koh,iū-koh,iū-koh,25,False,False,False,False,False,False,False,False,False,False
外多,juā-tsuē,jōa-chōe,25,False,False,False,False,False,False,False,False,False,False
外多,guā-tsuē,gōa-chōe,25,False,False,False,False,False,False,False,False,False,False
喙phué,tshuì-phué,chhùi-phóe,25,False,False,False,False,False,False,False,False,False,False
啥mih,siánn-mih,siáⁿ-mih,25,False,False,False,False,False,False,False,False,False,False
tín動,tín-tāng,tín-tāng,25,False,False,False,False,False,False,False,False,False,False
ē得,ē-tit,ē-tit,25,False,False,False,False,False,False,False,False,False,False
íng過,íng-kuè,íng-kòe,25,False,False,False,False,False,False,False,False,False,False
擧,giâ,giâ,25,False,False,False,False,False,False,False,False,False,False
tsíng著,tsíng-tio̍h,tsíng-tio̍h,25,False,False,False,False,False,False,False,False,False,False
我是,guá-sī,góa-sī,25,False,False,False,False,False,False,False,False,False,False
熟sāi,si̍k-sāi,se̍k-sāi,25,False,False,False,False,False,False,False,False,False,False
昨hng,tsa-hng,cha-hng,25,False,False,False,False,False,False,False,False,False,False
椅liâu,í-liâu,í-liâu,25,False,False,False,False,False,False,False,False,False,False
tsih接,tsih-tsiap,chih-chiap,25,False,False,False,False,False,False,False,False,False,False
看māi,khuànn-māi,khòaⁿ-māi,25,False,False,False,False,False,False,False,False,False,False
若多,guā-tsuē,gōa-chōe,25,False,False,False,False,False,False,False,False,False,False
蜈蚣,giâ,giâ,25,False,False,False,False,False,False,False,False,False,False
親tsiânn,tshin-tsiânn,chhin-chiâⁿ,25,False,False,False,False,False,False,False,False,False,False
賴多,juā-tsuē,jōa-chōe,25,False,False,False,False,False,False,False,False,False,False
陰thim,im-thim,im-thim,25,False,False,False,False,False,False,False,False,False,False
齒thok,khí-thok,khí-thok,25,False,False,False,False,False,False,False,False,False,False
tsiânn做,tsiânn-tsò,chiâⁿ-chò,25,False,False,False,False,False,False,False,False,False,False
sù常,sù-siông,sù-siông,25,False,False,False,False,False,False,False,False,False,False
tshím頭,tshím-thâu,tshím-thâu,25,False,False,False,False,False,False,False,False,False,False
tshiàu談,tshiàu-tâm,chhiàu-tâm,25,False,False,False,False,False,False,False,False,False,False
iah是,iah-sī,iah-sī,25,False,False,False,False,False,False,False,False,False,False
ing暗,ing-àm,eng-àm,25,False,False,False,False,False,False,False,False,False,False
iáu未,iáu-buē,iáu-bōe,25,False,False,False,False,False,False,False,False,False,False
kah意,kah-ì,kah-ì,25,False,False,False,False,False,False,False,False,False,False
khîng分,khîng-hun,khêng-hun,25,False,False,False,False,False,False,False,False,False,False
khîng實,khîng-si̍t,khêng-si̍t,25,False,False,False,False,False,False,False,False,False,False
king體,king-thé,keng-thé,25,False,False,False,False,False,False,False,False,False,False
kuân低,kuân-kē,koân-kē,25,False,False,False,False,False,False,False,False,False,False
niáu鼠,niáu-tshí,niáu-tshí,25,False,False,False,False,False,False,False,False,False,False
pû仔,pû-á,pû-á,25,False,False,False,False,False,False,False,False,False,False
pān勢,pān-sè,pān-sè,25,False,False,False,False,False,False,False,False,False,False
siàu念,siàu-liām,siàu-liām,25,False,False,False,False,False,False,False,False,False,False
siàu想,siàu-siūnn,siàu-siūⁿ,25,False,False,False,False,False,False,False,False,False,False
hip相,hip-siòng,hip-siòng,25,False,False,False,False,False,False,False,False,False,False
tak纏,tak-tînn,tak-tîⁿ,25,False,False,False,False,False,False,False,False,False,False
tang時,tang-sî,tang-sî,25,False,False,False,False,False,False,False,False,False,False
thìng候,thìng-hāu,thèng-hāu,25,False,False,False,False,False,False,False,False,False,False
tsha̍k目,tsha̍k-ba̍k,chha̍k-ba̍k,25,False,False,False,False,False,False,False,False,False,False
tshiàng聲,tshiàng-siann,chhiàng-siaⁿ,25,False,False,False,False,False,False,False,False,False,False
hiánn頭,hiánn-thâu,hiáⁿ-thâu,25,False,False,False,False,False,False,False,False,False,False
簮,tsiam,chiam,22,False,False,False,False,False,False,False,False,False,False
堎,lîng,lêng,21,False,False,False,False,False,False,False,False,False,False
正,tsing,cheng,21,False,False,False,False,False,False,False,False,False,False
灼,tsik,chek,21,False,False,False,False,False,False,False,False,False,False
過來,kè-lâi,kè-lâi,21,False,False,False,False,False,False,False,False,False,False
𪺮,khian,khian,21,False,False,False,False,False,False,False,False,False,False
枰,pênn,pêⁿ,21,False,False,False,False,False,False,False,False,False,False
滲,tsham,chham,20,False,False,False,False,False,False,False,False,False,False
妥,thòo,thò͘,20,False,False,False,False,False,False,False,False,False,False
当,tǹg,tǹg,20,False,False,False,False,False,False,False,False,False,False
惊人,kiann-lâng,kiaⁿ-lâng,20,False,False,False,False,False,False,False,False,False,False
戏,hì,hì,20,False,False,False,False,False,False,False,False,False,False
拔倒,pua̍h-tó,poa̍h-tó,20,False,False,False,False,False,False,False,False,False,False
湾,uan,oan,20,False,False,False,False,False,False,False,False,False,False
脉,be̍h,be̍h,20,False,False,False,False,False,False,False,False,False,False
滿線,buán-suànn,boán-sòaⁿ,20,False,False,False,False,False,False,False,False,False,False
翄,tshì,chhì,20,False,False,False,False,False,False,False,False,False,False
臭氆,tshàu-phú,chhàu-phú,20,False,False,False,False,False,False,False,False,False,False
袜,be̍h,be̍h,20,False,False,False,False,False,False,False,False,False,False
鮢,tsu,chu,20,False,False,False,False,False,False,False,False,False,False
鹽糜,kiâm-muê,kiâm-môe,20,False,False,False,False,False,False,False,False,False,False
麦,be̍h,be̍h,20,False,False,False,False,False,False,False,False,False,False
娶,tshì,chhì,20,False,False,False,False,False,False,False,False,False,False
弯,uan,oan,20,False,False,False,False,False,False,False,False,False,False
塩糜,kiâm-muê,kiâm-môe,20,False,False,False,False,False,False,False,False,False,False
六月,la̍k-gue̍h,la̍k-goe̍h,20,False,False,False,False,False,False,False,False,False,False
七月,tshit-gue̍h,chhit-goe̍h,20,False,False,False,False,False,False,False,False,False,False
三月,sann-gue̍h,saⁿ-goe̍h,20,False,False,False,False,False,False,False,False,False,False
九月,káu-gue̍h,káu-goe̍h,20,False,False,False,False,False,False,False,False,False,False
二千,nn̄g-tshing,nn̄g-chheng,20,False,False,False,False,False,False,False,False,False,False
五月,gōo-gue̍h,gō͘-goe̍h,20,False,False,False,False,False,False,False,False,False,False
八月,peh-gue̍h,peh-goe̍h,20,False,False,False,False,False,False,False,False,False,False
公舘,kong-kuán,kong-koán,20,False,False,False,False,False,False,False,False,False,False
噢,ooh,o͘h,20,False,False,False,False,False,False,False,False,False,False
処,tshì,chhì,20,False,False,False,False,False,False,False,False,False,False
去乎,khì-hōo,khì-hō͘,20,False,False,False,False,False,False,False,False,False,False
嘻,hì,hì,20,False,False,False,False,False,False,False,False,False,False
嗚,ooh,o͘h,20,False,False,False,False,False,False,False,False,False,False
十一月,tsa̍p-it-gue̍h,cha̍p-it-goe̍h,20,False,False,False,False,False,False,False,False,False,False
十月,tsa̍p-gue̍h,cha̍p-goe̍h,20,False,False,False,False,False,False,False,False,False,False
十二月,tsa̍p-jī-gue̍h,cha̍p-jī-goe̍h,20,False,False,False,False,False,False,False,False,False,False
呵,a,a,19,False,False,False,False,False,False,False,False,False,False
唖,a,a,19,False,False,False,False,False,False,False,False,False,False
啞,a,a,19,False,False,False,False,False,False,False,False,False,False
哖,nih,nih,18,False,False,False,False,False,False,False,False,False,False
年,nih,nih,18,False,False,False,False,False,False,False,False,False,False
阿扁仔,a-píⁿ-á,a-píⁿ-á,17,False,False,False,False,False,False,False,False,False,False
皆,ka,ka,17,False,False,False,False,False,False,False,False,False,False
吉貝,ka,ka,17,False,False,False,False,False,False,False,False,False,False
傀儡,ka,ka,17,False,False,False,False,False,False,False,False,False,False
無khah-tsua̍h,bô-khah-tsua̍h,bô-khah-choa̍h,16,False,False,False,False,False,False,False,False,False,False
齒thok仔,khí-thok-á,khí-thok-á,16,False,False,False,False,False,False,False,False,False,False
頭lê-lê,thâu-lê-lê,thâu-lê-lê,16,False,False,False,False,False,False,False,False,False,False
邊--a,pinn--a,piⁿ--a,16,False,False,False,False,False,False,False,False,False,False
芳kòng-kòng,phang-kòng-kòng,phang-kòng-kòng,16,False,False,False,False,False,False,False,False,False,False
紅kì-kì,âng-kì-kì,âng-kì-kì,16,False,False,False,False,False,False,False,False,False,False
笑hai-hai,tshiò-hai-hai,chhiò-hai-hai,16,False,False,False,False,False,False,False,False,False,False
瓜仔nî,kue-á-nî,koe-á-nî,16,False,False,False,False,False,False,False,False,False,False
下hng暗,ē-hng-àm,ē-hng-àm,16,False,False,False,False,False,False,False,False,False,False
不sám時,put-sám-sî,put-sám-sî,16,False,False,False,False,False,False,False,False,False,False
kám仔店,kám-á-tiàm,kám-á-tiàm,16,False,False,False,False,False,False,False,False,False,False
ē得thang,ē-tit-thang,ē-tit-thang,16,False,False,False,False,False,False,False,False,False,False
hit當時,hit-tong-sî,hit-tong-sî,16,False,False,False,False,False,False,False,False,False,False
sio借問,sio-tsioh-mn̄g,sio-chioh-mn̄g,16,False,False,False,False,False,False,False,False,False,False
tsíng頭仔,tsíng-thâu-á,tsíng-thâu-á,16,False,False,False,False,False,False,False,False,False,False
tàu跤手,tàu-kha-tshiú,tàu-kha-chhiú,16,False,False,False,False,False,False,False,False,False,False
tso̍h--日,tso̍h--ji̍t,cho̍h--ji̍t,16,False,False,False,False,False,False,False,False,False,False
會認得,ē-jīn-tit,ē-jīn-tit,15,False,False,False,False,False,False,False,False,False,False
管太伊,kuán-thāi-i,koán-thāi-i,15,False,False,False,False,False,False,False,False,False,False
此世人,tsit-sì-lâng,chit-sì-lâng,15,False,False,False,False,False,False,False,False,False,False
氣身魯命,khì-sin-lóo-miā,khì-sin-ló͘-miā,15,False,False,False,False,False,False,False,False,False,False
無抵好,bô-tú-hó,bô-tú-hó,15,False,False,False,False,False,False,False,False,False,False
無𫔘好,bô-tú-hó,bô-tú-hó,15,False,False,False,False,False,False,False,False,False,False
甲那,kah-ná,kah-ná,15,False,False,False,False,False,False,False,False,False,False
能認得,ē-jīn-tit,ē-jīn-tit,15,False,False,False,False,False,False,False,False,False,False
續落去,suà-lo̍h-khì,sòa-lo̍h-khì,15,False,False,False,False,False,False,False,False,False,False
至那,kah-ná,kah-ná,15,False,False,False,False,False,False,False,False,False,False
雙平,siang-pîng,siang-pêng,15,False,False,False,False,False,False,False,False,False,False
電話番,tiān-uē-huan,tiān-ōe-hoan,15,False,False,False,False,False,False,False,False,False,False
𠳝,ho͘hⁿ,ho͘hⁿ,15,False,False,False,False,False,False,False,False,False,False
透冥,thàu-mê,thàu-mê,15,False,False,False,False,False,False,False,False,False,False
必廵,pit-sûn,pit-sûn,15,False,False,False,False,False,False,False,False,False,False
智覺着,tì-kak-tio̍h,tì-kak-tio̍h,15,False,False,False,False,False,False,False,False,False,False
只世人,tsit-sì-lâng,chit-sì-lâng,15,False,False,False,False,False,False,False,False,False,False
噯喲喂,ai-ioh-ueh,ai-ioh-oeh,15,False,False,False,False,False,False,False,False,False,False
三更半冥,sann-kenn-puànn-mê,saⁿ-keⁿ-pòaⁿ-mê,15,False,False,False,False,False,False,False,False,False,False
凛凛仔,lím-lím-á,lím-lím-á,15,False,False,False,False,False,False,False,False,False,False
双平,siang-pîng,siang-pêng,15,False,False,False,False,False,False,False,False,False,False
双手,siang-tshiú,siang-chhiú,15,False,False,False,False,False,False,False,False,False,False
半冥,puànn-mê,pòaⁿ-mê,15,False,False,False,False,False,False,False,False,False,False
后世人,āu-sì-lâng,āu-sì-lâng,15,False,False,False,False,False,False,False,False,False,False
否,ho͘hⁿ,ho͘hⁿ,15,False,False,False,False,False,False,False,False,False,False
呶,nooh,no͘h,15,False,False,False,False,False,False,False,False,False,False
唖啦,ah-lah,ah-lah,15,False,False,False,False,False,False,False,False,False,False
啊啦,ah-lah,ah-lah,15,False,False,False,False,False,False,False,False,False,False
啞啦,ah-lah,ah-lah,15,False,False,False,False,False,False,False,False,False,False
當,tn̄g,tn̄g,13,False,False,False,False,False,False,False,False,False,False
𥔓,ôo,ô͘,13,False,False,False,False,False,False,False,False,False,False
袖,ńg,ńg,13,False,False,False,False,False,False,False,False,False,False
螺,lô,lô,13,False,False,False,False,False,False,False,False,False,False
荟,hē,hē,13,False,False,False,False,False,False,False,False,False,False
罗,lô,lô,13,False,False,False,False,False,False,False,False,False,False
碢,ue,oe,13,False,False,False,False,False,False,False,False,False,False
硤,kheh,kheh,13,False,False,False,False,False,False,False,False,False,False
眼,kíng,kéng,13,False,False,False,False,False,False,False,False,False,False
竟,kíng,kéng,13,False,False,False,False,False,False,False,False,False,False
断,tn̄g,tn̄g,13,False,False,False,False,False,False,False,False,False,False
廵,sûn,sûn,13,False,False,False,False,False,False,False,False,False,False
央,ńg,ńg,13,False,False,False,False,False,False,False,False,False,False
厦,hē,hē,13,False,False,False,False,False,False,False,False,False,False
会,hē,hē,13,False,False,False,False,False,False,False,False,False,False
亀,ku,ku,13,False,False,False,False,False,False,False,False,False,False
䀹,kheh,kheh,13,False,False,False,False,False,False,False,False,False,False
䀫,kheh,kheh,13,False,False,False,False,False,False,False,False,False,False
当,tn̄g,tn̄g,13,False,False,False,False,False,False,False,False,False,False
盗,tōo,tō͘,12,False,False,False,False,False,False,False,False,False,False
肖,siau,siau,12,False,False,False,False,False,False,False,False,False,False
縲,lûi,lûi,12,False,False,False,False,False,False,False,False,False,False
粮,niû,niû,12,False,False,False,False,False,False,False,False,False,False
氲,un,un,12,False,False,False,False,False,False,False,False,False,False
皿,phiat,phiat,12,False,False,False,False,False,False,False,False,False,False
煴,un,un,12,False,False,False,False,False,False,False,False,False,False
渉,siap,siap,12,False,False,False,False,False,False,False,False,False,False
舵,tōo,tō͘,12,False,False,False,False,False,False,False,False,False,False
臺灣台語,tâi-uân-tâi-gí,tâi-oân-tâi-gí,12,False,False,False,False,False,False,False,False,False,False
踈,sue,soe,12,False,False,False,False,False,False,False,False,False,False
艱苦tsē-kuà,kan-khóo-tsē-kuà,kan-khó͘-chē-kòa,12,False,False,False,False,False,False,False,False,False,False
蝿,sîn,sîn,12,False,False,False,False,False,False,False,False,False,False
賴,lua̍h,loa̍h,12,False,False,False,False,False,False,False,False,False,False
雷,lûi,lûi,12,False,False,False,False,False,False,False,False,False,False
鰛,un,un,12,False,False,False,False,False,False,False,False,False,False
𠣓,ûn,ûn,12,False,False,False,False,False,False,False,False,False,False
𬖴,tshè,chhè,12,False,False,False,False,False,False,False,False,False,False
㬈,un,un,12,False,False,False,False,False,False,False,False,False,False
椗,tiānn,tiāⁿ,12,False,False,False,False,False,False,False,False,False,False
構,koo,ko͘,12,False,False,False,False,False,False,False,False,False,False
妹,nuā,nōa,12,False,False,False,False,False,False,False,False,False,False
档,tòng,tòng,12,False,False,False,False,False,False,False,False,False,False
有tang時仔,ū-tang-sî-á,ū-tang-sî-á,12,False,False,False,False,False,False,False,False,False,False
㬈,un,un,12,False,False,False,False,False,False,False,False,False,False
䟽,sue,soe,12,False,False,False,False,False,False,False,False,False,False
丞,sîn,sîn,12,False,False,False,False,False,False,False,False,False,False
凉,niû,niû,12,False,False,False,False,False,False,False,False,False,False
刷,tshè,chhè,12,False,False,False,False,False,False,False,False,False,False
唐,thn̂g,thn̂g,12,False,False,False,False,False,False,False,False,False,False
噯,ai,ai,12,False,False,False,False,False,False,False,False,False,False
四十,siap,siap,12,False,False,False,False,False,False,False,False,False,False
䇭,lóo,ló͘,12,False,False,False,False,False,False,False,False,False,False
妻,tshè,chhè,12,False,False,False,False,False,False,False,False,False,False
戈,koo,ko͘,12,False,False,False,False,False,False,False,False,False,False
挡,tòng,tòng,12,False,False,False,False,False,False,False,False,False,False
挮,the,the,12,False,False,False,False,False,False,False,False,False,False
撆,phiat,phiat,12,False,False,False,False,False,False,False,False,False,False
擂,lûi,lûi,12,False,False,False,False,False,False,False,False,False,False
攝,siap,siap,12,False,False,False,False,False,False,False,False,False,False
方音符號,hong-im-hû-hō,hong-im-hû-hō,12,False,False,False,False,False,False,False,False,False,False
当,tòng,tòng,12,False,False,False,False,False,False,False,False,False,False
科,khê,khê,11,False,False,False,False,False,False,False,False,False,False
空空,khong-khong,khong-khong,11,False,False,False,False,False,False,False,False,False,False
空,khóng,khóng,11,False,False,False,False,False,False,False,False,False,False
碢,e,e,11,False,False,False,False,False,False,False,False,False,False
磘,iô,iô,11,False,False,False,False,False,False,False,False,False,False
磕着,kha̍p-tio̍h,kha̍p-tio̍h,11,False,False,False,False,False,False,False,False,False,False
紅英仔,âng-enn-á,âng-eⁿ-á,11,False,False,False,False,False,False,False,False,False,False
笋,sún,sún,11,False,False,False,False,False,False,False,False,False,False
繭,lan,lan,11,False,False,False,False,False,False,False,False,False,False
綫,siàn,siàn,11,False,False,False,False,False,False,False,False,False,False
綿借被,mî-tsioh-phuē,mî-chioh-phōe,11,False,False,False,False,False,False,False,False,False,False
綿績被,mî-tsioh-phuē,mî-chioh-phōe,11,False,False,False,False,False,False,False,False,False,False
線,siàn,siàn,11,False,False,False,False,False,False,False,False,False,False
臘,la̍p,la̍p,11,False,False,False,False,False,False,False,False,False,False
舄,sik,sek,11,False,False,False,False,False,False,False,False,False,False
芦竹,lôo-tik,lô͘-tek,11,False,False,False,False,False,False,False,False,False,False
省,siànn,siàⁿ,11,False,False,False,False,False,False,False,False,False,False
硯,hàinn,hàiⁿ,11,False,False,False,False,False,False,False,False,False,False
煞,sahⁿ,sahⁿ,11,False,False,False,False,False,False,False,False,False,False
省,sahⁿ,sahⁿ,11,False,False,False,False,False,False,False,False,False,False
目珠利,ba̍k-tsiu-lāi,ba̍k-chiu-lāi,11,False,False,False,False,False,False,False,False,False,False
殞,ún,ún,11,False,False,False,False,False,False,False,False,False,False
汆,tshàng,chhàng,11,False,False,False,False,False,False,False,False,False,False
涛,tôo,tô͘,11,False,False,False,False,False,False,False,False,False,False
溜溜,liù-liù,liù-liù,11,False,False,False,False,False,False,False,False,False,False
演倒,ián-tó,ián-tó,11,False,False,False,False,False,False,False,False,False,False
潜,tshàng,chhàng,11,False,False,False,False,False,False,False,False,False,False
炖,tūn,tūn,11,False,False,False,False,False,False,False,False,False,False
荟,uè,òe,11,False,False,False,False,False,False,False,False,False,False
爸仔,pâ-á,pâ-á,11,False,False,False,False,False,False,False,False,False,False
爸阿,pâ-á,pâ-á,11,False,False,False,False,False,False,False,False,False,False
獵,la̍p,la̍p,11,False,False,False,False,False,False,False,False,False,False
皂,tsô,chô,11,False,False,False,False,False,False,False,False,False,False
目周內,ba̍k-tsiu-lāi,ba̍k-chiu-lāi,11,False,False,False,False,False,False,False,False,False,False
目周利,ba̍k-tsiu-lāi,ba̍k-chiu-lāi,11,False,False,False,False,False,False,False,False,False,False
目珠內,ba̍k-tsiu-lāi,ba̍k-chiu-lāi,11,False,False,False,False,False,False,False,False,False,False
英仔,enn-á,eⁿ-á,11,False,False,False,False,False,False,False,False,False,False
起去,khí-lì,khí-lì,11,False,False,False,False,False,False,False,False,False,False
葱,tshàng,chhàng,11,False,False,False,False,False,False,False,False,False,False
陳雷,tân-lûi,tân-lûi,11,False,False,False,False,False,False,False,False,False,False
雞糸,ke-si,ke-si,11,False,False,False,False,False,False,False,False,False,False
雞絲,ke-si,ke-si,11,False,False,False,False,False,False,False,False,False,False
雷,lui,lui,11,False,False,False,False,False,False,False,False,False,False
雷公,lûi-kong,lûi-kong,11,False,False,False,False,False,False,False,False,False,False
非正式,hui-tsìng-sik,hui-chèng-sek,11,False,False,False,False,False,False,False,False,False,False
領領,niâ,niâ,11,False,False,False,False,False,False,False,False,False,False
鱗,lan,lan,11,False,False,False,False,False,False,False,False,False,False
鷄糸,ke-si,ke-si,11,False,False,False,False,False,False,False,False,False,False
鷄絲,ke-si,ke-si,11,False,False,False,False,False,False,False,False,False,False
鹽糜,kiâm-muâi,kiâm-moâi,11,False,False,False,False,False,False,False,False,False,False
𠳝,hònn,hò͘ⁿ,11,False,False,False,False,False,False,False,False,False,False
𢮹,huānn,hōaⁿ,11,False,False,False,False,False,False,False,False,False,False
𥕢,tsô,chô,11,False,False,False,False,False,False,False,False,False,False
𥝲,ún,ún,11,False,False,False,False,False,False,False,False,False,False
𥼜,phok,phok,11,False,False,False,False,False,False,False,False,False,False
隂,im,im,11,False,False,False,False,False,False,False,False,False,False
阪本,pán-pún,pán-pún,11,False,False,False,False,False,False,False,False,False,False
蘭,lan,lan,11,False,False,False,False,False,False,False,False,False,False
鈎仔,kau-á,kau-á,11,False,False,False,False,False,False,False,False,False,False
蚋,la̍p,la̍p,11,False,False,False,False,False,False,False,False,False,False
袂認得,bē-jīn-tit,bē-jīn-tit,11,False,False,False,False,False,False,False,False,False,False
裡,e,e,11,False,False,False,False,False,False,False,False,False,False
許斬仔,hit-tsām-á,hit-chām-á,11,False,False,False,False,False,False,False,False,False,False
許跡,hit-jiah,hit-jiah,11,False,False,False,False,False,False,False,False,False,False
許鏨仔,hit-tsām-á,hit-chām-á,11,False,False,False,False,False,False,False,False,False,False
譎,kuat,koat,11,False,False,False,False,False,False,False,False,False,False
榫,tsún,chún,11,False,False,False,False,False,False,False,False,False,False
辦卓,pān-toh,pān-toh,11,False,False,False,False,False,False,False,False,False,False
辦棹,pān-toh,pān-toh,11,False,False,False,False,False,False,False,False,False,False
迯,tôo,tô͘,11,False,False,False,False,False,False,False,False,False,False
連,lián,lián,11,False,False,False,False,False,False,False,False,False,False
過人,kè-lâng,kè-lâng,11,False,False,False,False,False,False,False,False,False,False
鄭,tènn,tèⁿ,11,False,False,False,False,False,False,False,False,False,False
釣,tiuh,tiuh,11,False,False,False,False,False,False,False,False,False,False
榻門,thuah-mn̂g,thoah-mn̂g,11,False,False,False,False,False,False,False,False,False,False
鋏,kueh,koeh,11,False,False,False,False,False,False,False,False,False,False
枝枝,ki-ki,ki-ki,11,False,False,False,False,False,False,False,False,False,False
呼,hóo,hó͘,11,False,False,False,False,False,False,False,False,False,False
受着,siū-tio̍h,siū-tio̍h,11,False,False,False,False,False,False,False,False,False,False
叠,tia̍p,tia̍p,11,False,False,False,False,False,False,False,False,False,False
只跡,tsit-jiah,chit-jiah,11,False,False,False,False,False,False,False,False,False,False
后山,āu-suann,āu-soaⁿ,11,False,False,False,False,False,False,False,False,False,False
否,hònn,hò͘ⁿ,11,False,False,False,False,False,False,False,False,False,False
否,hóo,hó͘,11,False,False,False,False,False,False,False,False,False,False
呢,nè,nè,11,False,False,False,False,False,False,False,False,False,False
咳,hàinn,hàiⁿ,11,False,False,False,False,False,False,False,False,False,False
喬,kiāu,kiāu,11,False,False,False,False,False,False,False,False,False,False
咾屎,làu-sái,làu-sái,11,False,False,False,False,False,False,False,False,False,False
哈,hánn,háⁿ,11,False,False,False,False,False,False,False,False,False,False
喂,uè,òe,11,False,False,False,False,False,False,False,False,False,False
善,siàn,siàn,11,False,False,False,False,False,False,False,False,False,False
喜斬仔,hit-tsām-á,hit-chām-á,11,False,False,False,False,False,False,False,False,False,False
喜跡,hit-jiah,hit-jiah,11,False,False,False,False,False,False,False,False,False,False
喜鏨仔,hit-tsām-á,hit-chām-á,11,False,False,False,False,False,False,False,False,False,False
双連,siang-liân,siang-liân,11,False,False,False,False,False,False,False,False,False,False
卦,kuá,kóa,11,False,False,False,False,False,False,False,False,False,False
加冬,ka-tang,ka-tang,11,False,False,False,False,False,False,False,False,False,False
别跡,pa̍t-jiah,pa̍t-jiah,11,False,False,False,False,False,False,False,False,False,False
板本,pán-pún,pán-pún,11,False,False,False,False,False,False,False,False,False,False
㦸,kik,kek,11,False,False,False,False,False,False,False,False,False,False
䦰,khau,khau,11,False,False,False,False,False,False,False,False,False,False
一困仔,tsi̍t-khùn-á,chi̍t-khùn-á,11,False,False,False,False,False,False,False,False,False,False
上介,siāng-kài,siāng-kài,11,False,False,False,False,False,False,False,False,False,False
丢,tiuh,tiuh,11,False,False,False,False,False,False,False,False,False,False
倍,puê,pôe,11,False,False,False,False,False,False,False,False,False,False
借過レ,tsioh-kuè-leh,chioh-kòe-leh,11,False,False,False,False,False,False,False,False,False,False
借過レ,tsioh-kè-leh,chioh-kè-leh,11,False,False,False,False,False,False,False,False,False,False
借過礼,tsioh-kuè-leh,chioh-kòe-leh,11,False,False,False,False,False,False,False,False,False,False
借過礼,tsioh-kè-leh,chioh-kè-leh,11,False,False,False,False,False,False,False,False,False,False
先,siàn,siàn,11,False,False,False,False,False,False,False,False,False,False
冥,mî,mî,11,False,False,False,False,False,False,False,False,False,False
凖,tsún,chún,11,False,False,False,False,False,False,False,False,False,False
凸,phòng,phòng,11,False,False,False,False,False,False,False,False,False,False
喬,kiau,kiau,11,False,False,False,False,False,False,False,False,False,False
企,nè,nè,11,False,False,False,False,False,False,False,False,False,False
嗚,óo,ó͘,11,False,False,False,False,False,False,False,False,False,False
报,pòo,pò͘,11,False,False,False,False,False,False,False,False,False,False
幻,huān,hoān,11,False,False,False,False,False,False,False,False,False,False
弥,bí,bí,11,False,False,False,False,False,False,False,False,False,False
彼斬仔,hit-tsām-á,hit-chām-á,11,False,False,False,False,False,False,False,False,False,False
彼鏨仔,hit-tsām-á,hit-chām-á,11,False,False,False,False,False,False,False,False,False,False
恰停仔,khah-thîng-á,khah-thêng-á,11,False,False,False,False,False,False,False,False,False,False
愽,phok,phok,11,False,False,False,False,False,False,False,False,False,False
技,kî,kî,11,False,False,False,False,False,False,False,False,False,False
拀,hiahⁿ,hiahⁿ,11,False,False,False,False,False,False,False,False,False,False
巴阿,pâ-á,pâ-á,11,False,False,False,False,False,False,False,False,False,False
掽,phòng,phòng,11,False,False,False,False,False,False,False,False,False,False
摇,iô,iô,11,False,False,False,False,False,False,False,False,False,False
擧,kí,kí,11,False,False,False,False,False,False,False,False,False,False
木栅,ba̍k-sa,ba̍k-sa,11,False,False,False,False,False,False,False,False,False,False
束,sak,sak,11,False,False,False,False,False,False,False,False,False,False
噢,óo,ó͘,11,False,False,False,False,False,False,False,False,False,False
条,liâu,liâu,11,False,False,False,False,False,False,False,False,False,False
帆,huān,hoān,11,False,False,False,False,False,False,False,False,False,False
望,bông,bông,11,False,False,False,False,False,False,False,False,False,False
巴仔,pâ-á,pâ-á,11,False,False,False,False,False,False,False,False,False,False
塩糜,kiâm-muâi,kiâm-moâi,11,False,False,False,False,False,False,False,False,False,False
嚇,hehⁿ,hehⁿ,11,False,False,False,False,False,False,False,False,False,False
團,tuânn,tôaⁿ,11,False,False,False,False,False,False,False,False,False,False
囝仔伴,gín-ná-phuānn,gín-ná-phōaⁿ,11,False,False,False,False,False,False,False,False,False,False
坂本,pán-pún,pán-pún,11,False,False,False,False,False,False,False,False,False,False
坎,khàm,khàm,11,False,False,False,False,False,False,False,False,False,False
埔塩,poo-iâm,po͘-iâm,11,False,False,False,False,False,False,False,False,False,False
塩水,kiâm-tsuí,kiâm-chúi,11,False,False,False,False,False,False,False,False,False,False
圣,siànn,siàⁿ,11,False,False,False,False,False,False,False,False,False,False
太山,thài-san,thài-san,11,False,False,False,False,False,False,False,False,False,False
娥,gô,gô,11,False,False,False,False,False,False,False,False,False,False
定定,niâ,niâ,11,False,False,False,False,False,False,False,False,False,False
尋着,tshuē-tio̍h,chhōe-tio̍h,11,False,False,False,False,False,False,False,False,False,False
尫公,ang-kong,ang-kong,11,False,False,False,False,False,False,False,False,False,False
崩𨻶,pang-khiah,pang-khiah,11,False,False,False,False,False,False,False,False,False,False
奄,am,am,11,False,False,False,False,False,False,False,False,False,False
硦,lang,lang,10,False,False,False,False,False,False,False,False,False,False
知,tì,tì,10,False,False,False,False,False,False,False,False,False,False
石古,tsio̍h-kóo,chio̍h-kó͘,10,False,False,False,False,False,False,False,False,False,False
石碇仔,tsio̍h-tīng-á,chio̍h-tēng-á,10,False,False,False,False,False,False,False,False,False,False
石象,tsio̍h-siōng,chio̍h-siōng,10,False,False,False,False,False,False,False,False,False,False
破壊,phò-huāi,phò-hoāi,10,False,False,False,False,False,False,False,False,False,False
砵,puah,poah,10,False,False,False,False,False,False,False,False,False,False
碍虐,gāi-gio̍h,gāi-gio̍h,10,False,False,False,False,False,False,False,False,False,False
硯捒,hìnn-sak,hìⁿ-sak,10,False,False,False,False,False,False,False,False,False,False
硯頭,hàinn-thâu,hàiⁿ-thâu,10,False,False,False,False,False,False,False,False,False,False
碍蟯,gāi-gio̍h,gāi-gio̍h,10,False,False,False,False,False,False,False,False,False,False
碹,suān,soān,10,False,False,False,False,False,False,False,False,False,False
碹石,suān-tsio̍h,soān-chio̍h,10,False,False,False,False,False,False,False,False,False,False
確確實實,khak-khak-si̍t-si̍t,khak-khak-si̍t-si̍t,10,False,False,False,False,False,False,False,False,False,False
着驚,tio̍h-kiann,tio̍h-kiaⁿ,10,False,False,False,False,False,False,False,False,False,False
着凖,tio̍h-tsún,tio̍h-chún,10,False,False,False,False,False,False,False,False,False,False
産品,sán-phín,sán-phín,10,False,False,False,False,False,False,False,False,False,False
眠床,bûn-tshn̂g,bûn-chhn̂g,10,False,False,False,False,False,False,False,False,False,False
眞情,tsin-tsîng,chin-chêng,10,False,False,False,False,False,False,False,False,False,False
磁磘,hûi-iô,hûi-iô,10,False,False,False,False,False,False,False,False,False,False
眞情眞愛,tsin-tsîng-tsin-ài,chin-chêng-chin-ài,10,False,False,False,False,False,False,False,False,False,False
眞珠,tsin-tsu,chin-chu,10,False,False,False,False,False,False,False,False,False,False
眞相,tsin-siòng,chin-siòng,10,False,False,False,False,False,False,False,False,False,False
真情真愛,tsin-tsîng-tsin-ài,chin-chêng-chin-ài,10,False,False,False,False,False,False,False,False,False,False
眠床邊,bîn-tshn̂g-pinn,bîn-chhn̂g-piⁿ,10,False,False,False,False,False,False,False,False,False,False
着賊偷,tio̍h-tsha̍t-thau,tio̍h-chha̍t-thau,10,False,False,False,False,False,False,False,False,False,False
着傷,tio̍h-siong,tio̍h-siong,10,False,False,False,False,False,False,False,False,False,False
眞心,tsin-sim,chin-sim,10,False,False,False,False,False,False,False,False,False,False
着凖講,tio̍h-tsún-kóng,tio̍h-chún-kóng,10,False,False,False,False,False,False,False,False,False,False
着惊,tio̍h-kiann,tio̍h-kiaⁿ,10,False,False,False,False,False,False,False,False,False,False
着是,tiō-sī,tiō-sī,10,False,False,False,False,False,False,False,False,False,False
着災,tio̍h-tse,tio̍h-che,10,False,False,False,False,False,False,False,False,False,False
磁仔,hûi-á,hûi-á,10,False,False,False,False,False,False,False,False,False,False
禁止,kìm-chí,kìm-chí,10,False,False,False,False,False,False,False,False,False,False
磕袂着,kha̍p-bē-tio̍h,kha̍p-bē-tio̍h,10,False,False,False,False,False,False,False,False,False,False
秃箠,thut-tshuê,thut-chhôe,10,False,False,False,False,False,False,False,False,False,False
穩凍,ún-tàng,ún-tàng,10,False,False,False,False,False,False,False,False,False,False
県,kuān,koān,10,False,False,False,False,False,False,False,False,False,False
穢稅,uè-suè,òe-sòe,10,False,False,False,False,False,False,False,False,False,False
稻仔尾,tiū-á-bué,tiū-á-bóe,10,False,False,False,False,False,False,False,False,False,False
種子,tsíng-chí,chéng-chí,10,False,False,False,False,False,False,False,False,False,False
種只,tsíng-chí,chéng-chí,10,False,False,False,False,False,False,False,False,False,False
秪,tai,tai,10,False,False,False,False,False,False,False,False,False,False
秤飯,tshìn-pn̄g,chhìn-pn̄g,10,False,False,False,False,False,False,False,False,False,False
秤秤彩彩,tshìn-tshìn-tshái-tshái,chhìn-chhìn-chhái-chhái,10,False,False,False,False,False,False,False,False,False,False
科諧,khue-hâi,khoe-hâi,10,False,False,False,False,False,False,False,False,False,False
科扇,khue-sìnn,khoe-sìⁿ,10,False,False,False,False,False,False,False,False,False,False
秋趒,tshio-tiô,chhio-tiô,10,False,False,False,False,False,False,False,False,False,False
秋秤,tshiu-tshìn,chhiu-chhìn,10,False,False,False,False,False,False,False,False,False,False
秃箠,thut-tshê,thut-chhê,10,False,False,False,False,False,False,False,False,False,False
秀秀,siu̍h-siu̍h,siu̍h-siu̍h,10,False,False,False,False,False,False,False,False,False,False
礁埔,ta-poo,ta-po͘,10,False,False,False,False,False,False,False,False,False,False
祓,hut,hut,10,False,False,False,False,False,False,False,False,False,False
礼貌,lé-māu,lé-māu,10,False,False,False,False,False,False,False,False,False,False
礼礼,leh-leh,leh-leh,10,False,False,False,False,False,False,False,False,False,False
礼皃,lé-māu,lé-māu,10,False,False,False,False,False,False,False,False,False,False
礼數,lé-sòo,lé-sò͘,10,False,False,False,False,False,False,False,False,False,False
示細,sī-sè,sī-sè,10,False,False,False,False,False,False,False,False,False,False
示示,sih-sih,sih-sih,10,False,False,False,False,False,False,False,False,False,False
礶頭開仔,kuàn-thâu-khui-á,koàn-thâu-khui-á,10,False,False,False,False,False,False,False,False,False,False
礶頭,kuàn-thâu,koàn-thâu,10,False,False,False,False,False,False,False,False,False,False
礱,liông,liông,10,False,False,False,False,False,False,False,False,False,False
礁麵,ta-mī,ta-mī,10,False,False,False,False,False,False,False,False,False,False
礁家官,ta-ke-kuann,ta-ke-koaⁿ,10,False,False,False,False,False,False,False,False,False,False
礁家,ta-ke,ta-ke,10,False,False,False,False,False,False,False,False,False,False
礁官,ta-kuann,ta-koaⁿ,10,False,False,False,False,False,False,False,False,False,False
眛眛,bui-bui,bui-bui,10,False,False,False,False,False,False,False,False,False,False
盍,kha̍p,kha̍p,10,False,False,False,False,False,False,False,False,False,False
県,hiān,hiān,10,False,False,False,False,False,False,False,False,False,False
當冬時,tng-tang-sî,tng-tang-sî,10,False,False,False,False,False,False,False,False,False,False
盞,tsuann,choaⁿ,10,False,False,False,False,False,False,False,False,False,False
皿仔,phiat-á,phiat-á,10,False,False,False,False,False,False,False,False,False,False
皇宮菜,hông-kiong-tshài,hông-kiong-chhài,10,False,False,False,False,False,False,False,False,False,False
百百欵,pah-pah-khuán,pah-pah-khoán,10,False,False,False,False,False,False,False,False,False,False
百景裙,pah-kíng-kûn,pah-kéng-kûn,10,False,False,False,False,False,False,False,False,False,False
百三,pah-sann,pah-saⁿ,10,False,False,False,False,False,False,False,False,False,False
百一,pah-it,pah-it,10,False,False,False,False,False,False,False,False,False,False
白錫錫,pe̍h-siak-siak,pe̍h-siak-siak,10,False,False,False,False,False,False,False,False,False,False
白鉄仔,pe̍h-thih-á,pe̍h-thih-á,10,False,False,False,False,False,False,False,False,False,False
白菜魯,pe̍h-tshài-lóo,pe̍h-chhài-ló͘,10,False,False,False,False,False,False,False,False,False,False
白令絲,pe̍h-līng-si,pe̍h-lēng-si,10,False,False,False,False,False,False,False,False,False,False
白令糸,pe̍h-līng-si,pe̍h-lēng-si,10,False,False,False,False,False,False,False,False,False,False
癩戈,thái-ko,thái-ko,10,False,False,False,False,False,False,False,False,False,False
當塊,tng-leh,tng-leh,10,False,False,False,False,False,False,False,False,False,False
畫粧,uē-tsong,ōe-chong,10,False,False,False,False,False,False,False,False,False,False
盤爛,puânn-nuá,pôaⁿ-nóa,10,False,False,False,False,False,False,False,False,False,False
番譯,huan-i̍k,hoan-e̍k,10,False,False,False,False,False,False,False,False,False,False
番比巴,huan-pì-pà,hoan-pì-pà,10,False,False,False,False,False,False,False,False,False,False
番姜,huan-kiunn,hoan-kiuⁿ,10,False,False,False,False,False,False,False,False,False,False
畢業,pi̍t-gia̍p,pi̍t-gia̍p,10,False,False,False,False,False,False,False,False,False,False
甲那,kah-nā,kah-nā,10,False,False,False,False,False,False,False,False,False,False
田鱔,tshân-tshuānn,chhân-chhōaⁿ,10,False,False,False,False,False,False,False,False,False,False
田田,tshân-tshân,chhân-chhân,10,False,False,False,False,False,False,False,False,False,False
田喬仔,tshân-kiāu-á,chhân-kiāu-á,10,False,False,False,False,False,False,False,False,False,False
甯可,līng,lēng,10,False,False,False,False,False,False,False,False,False,False
甯可,lîng-khóo,lêng-khó͘,10,False,False,False,False,False,False,False,False,False,False
産生,sán-sing,sán-seng,10,False,False,False,False,False,False,False,False,False,False
産物,sán-bu̍t,sán-bu̍t,10,False,False,False,False,False,False,False,False,False,False
産業,sán-gia̍p,sán-gia̍p,10,False,False,False,False,False,False,False,False,False,False
空坎,khong-khám,khong-khám,10,False,False,False,False,False,False,False,False,False,False
盤口錦,puânn-tshuì-gím,pôaⁿ-chhùi-gím,10,False,False,False,False,False,False,False,False,False,False
目匝,ba̍k-khoo,ba̍k-kho͘,10,False,False,False,False,False,False,False,False,False,False
看覓仔,khuànn-māi-á,khòaⁿ-māi-á,10,False,False,False,False,False,False,False,False,False,False
相過,siunn-kuè,siuⁿ-kòe,10,False,False,False,False,False,False,False,False,False,False
看覓,khuànn-bāi,khòaⁿ-bāi,10,False,False,False,False,False,False,False,False,False,False
看見,khuàinn,khoàiⁿ,10,False,False,False,False,False,False,False,False,False,False
看活,khuànn-ua̍h,khòaⁿ-oa̍h,10,False,False,False,False,False,False,False,False,False,False
看册,khuànn-tsheh,khòaⁿ-chheh,10,False,False,False,False,False,False,False,False,False,False
省貨,siánn-hè,siáⁿ-hè,10,False,False,False,False,False,False,False,False,False,False
省知,siánn-tsai,siáⁿ-chai,10,False,False,False,False,False,False,False,False,False,False
省治代,sánn-tī-tāi,sáⁿ-tī-tāi,10,False,False,False,False,False,False,False,False,False,False
省治事,sánn-tī-tāi,sáⁿ-tī-tāi,10,False,False,False,False,False,False,False,False,False,False
省屑,sánn-siâu,sáⁿ-siâu,10,False,False,False,False,False,False,False,False,False,False
省值代,sánn-tī-tāi,sáⁿ-tī-tāi,10,False,False,False,False,False,False,False,False,False,False
省值事,sánn-tī-tāi,sáⁿ-tī-tāi,10,False,False,False,False,False,False,False,False,False,False
省人,sánn-lâng,sáⁿ-lâng,10,False,False,False,False,False,False,False,False,False,False
省人,siáng,siáng,10,False,False,False,False,False,False,False,False,False,False
相陣,sio-thīn,sio-thīn,10,False,False,False,False,False,False,False,False,False,False
相辞,sio-sî,sio-sî,10,False,False,False,False,False,False,False,False,False,False
目匝紅,ba̍k-khoo-âng,ba̍k-kho͘-âng,10,False,False,False,False,False,False,False,False,False,False
相載,sio-tsài,sio-chài,10,False,False,False,False,False,False,False,False,False,False
相認,sio-jīn,sio-jīn,10,False,False,False,False,False,False,False,False,False,False
相牽手,sio-khan-tshiú,sio-khan-chhiú,10,False,False,False,False,False,False,False,False,False,False
相演,sio-ián,sio-ián,10,False,False,False,False,False,False,False,False,False,False
相啿,sio-tsim,sio-chim,10,False,False,False,False,False,False,False,False,False,False
相同,sio-siāng,sio-siāng,10,False,False,False,False,False,False,False,False,False,False
相同,sio-siâng,sio-siâng,10,False,False,False,False,False,False,False,False,False,False
直鰍鰍,ti̍t-liu-liu,ti̍t-liu-liu,10,False,False,False,False,False,False,False,False,False,False
目篐紅,ba̍k-khoo-âng,ba̍k-kho͘-âng,10,False,False,False,False,False,False,False,False,False,False
目篐,ba̍k-khoo,ba̍k-kho͘,10,False,False,False,False,False,False,False,False,False,False
目珠毛,ba̍k-tsiu-moo,ba̍k-chiu-mo͘,10,False,False,False,False,False,False,False,False,False,False
目珠毛,ba̍k-tsiu-mn̂g,ba̍k-chiu-mn̂g,10,False,False,False,False,False,False,False,False,False,False
目周毛,ba̍k-tsiu-moo,ba̍k-chiu-mo͘,10,False,False,False,False,False,False,False,False,False,False
目周毛,ba̍k-tsiu-mn̂g,ba̍k-chiu-mn̂g,10,False,False,False,False,False,False,False,False,False,False
空口,khang-tshuì,khang-chhùi,10,False,False,False,False,False,False,False,False,False,False
習貫,si̍p-kuàn,si̍p-koàn,10,False,False,False,False,False,False,False,False,False,False
空脚竅,khōng-kha-khiàu,khōng-kha-khiàu,10,False,False,False,False,False,False,False,False,False,False
老草,ló-tshó,ló-chhó,10,False,False,False,False,False,False,False,False,False,False
肚乖仔,tōo-kuai-á,tō͘-koai-á,10,False,False,False,False,False,False,False,False,False,False
肖狗,siáu-káu,siáu-káu,10,False,False,False,False,False,False,False,False,False,False
肖人,siáu-lâng,siáu-lâng,10,False,False,False,False,False,False,False,False,False,False
肉蹇仔,bah-kián-á,bah-kián-á,10,False,False,False,False,False,False,False,False,False,False
肉見仔,bah-kián-á,bah-kián-á,10,False,False,False,False,False,False,False,False,False,False
肉補,bah-póo,bah-pó͘,10,False,False,False,False,False,False,False,False,False,False
聼衆,thiann-tsiòng,thiaⁿ-chiòng,10,False,False,False,False,False,False,False,False,False,False
聼好,thìng-hó,thèng-hó,10,False,False,False,False,False,False,False,False,False,False
聼候,thìng-hāu,thèng-hāu,10,False,False,False,False,False,False,False,False,False,False
聲𠻳,siann-sàu,siaⁿ-sàu,10,False,False,False,False,False,False,False,False,False,False
耶蘇,iâ-soo,iâ-so͘,10,False,False,False,False,False,False,False,False,False,False
耳鈎,hīnn-kau,hīⁿ-kau,10,False,False,False,False,False,False,False,False,False,False
者閣,tsiah-koh,chiah-koh,10,False,False,False,False,False,False,False,False,False,False
考古學,khó-kóo-ha̍k,khó-kó͘-ha̍k,10,False,False,False,False,False,False,False,False,False,False
生踈,tshenn-soo,chheⁿ-so͘,10,False,False,False,False,False,False,False,False,False,False
肚蚓,tōo-kún,tō͘-kún,10,False,False,False,False,False,False,False,False,False,False
義義攃,khī-khī-tshuah,khī-khī-chhoah,10,False,False,False,False,False,False,False,False,False,False
義義攃,gī-gī-tshuah,gī-gī-chhoah,10,False,False,False,False,False,False,False,False,False,False
群衆,kûn-tsiòng,kûn-chiòng,10,False,False,False,False,False,False,False,False,False,False
羊仔,iûⁿ-á,iûⁿ-á,10,False,False,False,False,False,False,False,False,False,False
羅漢脚仔,lô-hàn-kha-á,lô-hàn-kha-á,10,False,False,False,False,False,False,False,False,False,False
羅漢脚,lô-hàn-kha,lô-hàn-kha,10,False,False,False,False,False,False,False,False,False,False
羅梭,lo-so,lo-so,10,False,False,False,False,False,False,False,False,False,False
罕喝,hán-huah,hán-hoah,10,False,False,False,False,False,False,False,False,False,False
罔罔,bòng-bòng,bòng-bòng,10,False,False,False,False,False,False,False,False,False,False
缺口,khih-tshuì,khih-chhùi,10,False,False,False,False,False,False,False,False,False,False
續嘴,suà-tshuì,sòa-chhùi,10,False,False,False,False,False,False,False,False,False,False
續口,suà-tshuì,sòa-chhùi,10,False,False,False,False,False,False,False,False,False,False
緼,ùn,ùn,10,False,False,False,False,False,False,False,False,False,False
編集,phian-tsi̍p,phian-chi̍p,10,False,False,False,False,False,False,False,False,False,False
肚伯仔,tōo-peh-á,tō͘-peh-á,10,False,False,False,False,False,False,False,False,False,False
肚蚓,tōo-ún,tō͘-ún,10,False,False,False,False,False,False,False,False,False,False
綻,thīnn,thīⁿ,10,False,False,False,False,False,False,False,False,False,False
脚數,kha-siàu,kha-siàu,10,False,False,False,False,False,False,False,False,False,False
脚銅骨,kha-tâng-kut,kha-tâng-kut,10,False,False,False,False,False,False,False,False,False,False
脚踏車,kha-ta̍h-tshia,kha-ta̍h-chhia,10,False,False,False,False,False,False,False,False,False,False
脚跡,kha-jiah,kha-jiah,10,False,False,False,False,False,False,False,False,False,False
脚賬,kioh-siàu,kioh-siàu,10,False,False,False,False,False,False,False,False,False,False
脚賬,kha-siàu,kha-siàu,10,False,False,False,False,False,False,False,False,False,False
脚脊骿,kha-tsiah-phiann,kha-chiah-phiaⁿ,10,False,False,False,False,False,False,False,False,False,False
脚脊後,kha-tsiah-āu,kha-chiah-āu,10,False,False,False,False,False,False,False,False,False,False
脚脊后,kha-tsiah-āu,kha-chiah-āu,10,False,False,False,False,False,False,False,False,False,False
脚目,kha-ba̍k,kha-ba̍k,10,False,False,False,False,False,False,False,False,False,False
脚白筍,kha-pe̍h-sún,kha-pe̍h-sún,10,False,False,False,False,False,False,False,False,False,False
脚白笋,kha-pe̍h-sún,kha-pe̍h-sún,10,False,False,False,False,False,False,False,False,False,False
脚球,kha-kiû,kha-kiû,10,False,False,False,False,False,False,False,False,False,False
脚歩,kha-pōo,kha-pō͘,10,False,False,False,False,False,False,False,False,False,False
脚數,kioh-siàu,kioh-siàu,10,False,False,False,False,False,False,False,False,False,False
脚庫飯,kha-khòo-pn̄g,kha-khò͘-pn̄g,10,False,False,False,False,False,False,False,False,False,False
肚蚓仔,tōo-kún-á,tō͘-kún-á,10,False,False,False,False,False,False,False,False,False,False
脚川後,kha-tshng-āu,kha-chhng-āu,10,False,False,False,False,False,False,False,False,False,False
脚川后,kha-tshng-āu,kha-chhng-āu,10,False,False,False,False,False,False,False,False,False,False
脚尾,kha-bué,kha-bóe,10,False,False,False,False,False,False,False,False,False,False
脉,me̍h,me̍h,10,False,False,False,False,False,False,False,False,False,False
能離,ē-lī,ē-lī,10,False,False,False,False,False,False,False,False,False,False
能赴,ē-hù,ē-hù,10,False,False,False,False,False,False,False,False,False,False
能和,ē-hô,ē-hô,10,False,False,False,False,False,False,False,False,False,False
胡鰍,hôo-liu,hô͘-liu,10,False,False,False,False,False,False,False,False,False,False
胡途,hôo-tôo,hô͘-tô͘,10,False,False,False,False,False,False,False,False,False,False
胡蝿,hôo-sîn,hô͘-sîn,10,False,False,False,False,False,False,False,False,False,False
胡累累,hôo-luì-luì,hô͘-lùi-lùi,10,False,False,False,False,False,False,False,False,False,False
肩甲頭,king-kah-thâu,keng-kah-thâu,10,False,False,False,False,False,False,False,False,False,False
肥水,pûi-suí,pûi-súi,10,False,False,False,False,False,False,False,False,False,False
肝連湯,kuann-liân-thng,koaⁿ-liân-thng,10,False,False,False,False,False,False,False,False,False,False
綿被,mî-phuē,mî-phōe,10,False,False,False,False,False,False,False,False,False,False
綠黨,li̍k-tóng,le̍k-tóng,10,False,False,False,False,False,False,False,False,False,False
空脚蹺,khōng-kha-khiàu,khōng-kha-khiàu,10,False,False,False,False,False,False,False,False,False,False
竹鷄仔,tik-ke-á,tek-ke-á,10,False,False,False,False,False,False,False,False,False,False
籠,làng,làng,10,False,False,False,False,False,False,False,False,False,False
簽証,tshiam-tsìng,chhiam-chèng,10,False,False,False,False,False,False,False,False,False,False
簑,so,so,10,False,False,False,False,False,False,False,False,False,False
篐仔,khoo-á,kho͘-á,10,False,False,False,False,False,False,False,False,False,False
範圍,huān-ûi,hoān-ûi,10,False,False,False,False,False,False,False,False,False,False
箱過,siunn-kuè,siuⁿ-kòe,10,False,False,False,False,False,False,False,False,False,False
答嘴古,tap-tshuì-kóo,tap-chhùi-kó͘,10,False,False,False,False,False,False,False,False,False,False
答口古,tap-tshuì-kóo,tap-chhùi-kó͘,10,False,False,False,False,False,False,False,False,False,False
等車,tán-tshia,tán-chhia,10,False,False,False,False,False,False,False,False,False,False
等礼,tán-leh,tán-leh,10,False,False,False,False,False,False,False,False,False,False
等無,tán-bô,tán-bô,10,False,False,False,False,False,False,False,False,False,False
等レ,tán-leh,tán-leh,10,False,False,False,False,False,False,False,False,False,False
笑義義,tshiò-gī-gī,chhiò-gī-gī,10,False,False,False,False,False,False,False,False,False,False
笑科,tshiò-khue,chhiò-khoe,10,False,False,False,False,False,False,False,False,False,False
竹笋,tik-sún,tek-sún,10,False,False,False,False,False,False,False,False,False,False
籠縫,làng-phāng,làng-phāng,10,False,False,False,False,False,False,False,False,False,False
竪起,khiā-khí,khiā-khí,10,False,False,False,False,False,False,False,False,False,False
竪算,khiā-sǹg,khiā-sǹg,10,False,False,False,False,False,False,False,False,False,False
竪家,khiā-ke,khiā-ke,10,False,False,False,False,False,False,False,False,False,False
竪壽,khiā-siū,khiā-siū,10,False,False,False,False,False,False,False,False,False,False
竪呈呈,khiā-thîng-thîng,khiā-thêng-thêng,10,False,False,False,False,False,False,False,False,False,False
立起,khiā-khí,khiā-khí,10,False,False,False,False,False,False,False,False,False,False
立算,khiā-sǹg,khiā-sǹg,10,False,False,False,False,False,False,False,False,False,False
立家,khiā-ke,khiā-ke,10,False,False,False,False,False,False,False,False,False,False
立壽,khiā-siū,khiā-siū,10,False,False,False,False,False,False,False,False,False,False
立場,li̍p-tiûⁿ,li̍p-tiûⁿ,10,False,False,False,False,False,False,False,False,False,False
立呈呈,khiā-thîng-thîng,khiā-thêng-thêng,10,False,False,False,False,False,False,False,False,False,False
竅孤輦,khiàu-koo-lián,khiàu-ko͘-lián,10,False,False,False,False,False,False,False,False,False,False
窓仔,thang-á,thang-á,10,False,False,False,False,False,False,False,False,False,False
穿揷,tshīng-tshah,chhēng-chhah,10,False,False,False,False,False,False,False,False,False,False
籠港,làng-káng,làng-káng,10,False,False,False,False,False,False,False,False,False,False
米相尋,bih-sio-tshuē,bih-sio-chhōe,10,False,False,False,False,False,False,False,False,False,False
綠豆算,li̍k-tāu-suàn,le̍k-tāu-soàn,10,False,False,False,False,False,False,False,False,False,False
紅亀粿,âng-ku-kué,âng-ku-kóe,10,False,False,False,False,False,False,False,False,False,False
綠豆宣,li̍k-tāu-suàn,le̍k-tāu-soàn,10,False,False,False,False,False,False,False,False,False,False
綠豆凸,li̍k-tāu-phòng,le̍k-tāu-phòng,10,False,False,False,False,False,False,False,False,False,False
綠党,li̍k-tóng,le̍k-tóng,10,False,False,False,False,False,False,False,False,False,False
經糸,kenn-si,keⁿ-si,10,False,False,False,False,False,False,False,False,False,False
結蘭,kiat-lan,kiat-lan,10,False,False,False,False,False,False,False,False,False,False
結繭,kiat-lan,kiat-lan,10,False,False,False,False,False,False,False,False,False,False
細粒子,sè-lia̍p-chí,sè-lia̍p-chí,10,False,False,False,False,False,False,False,False,False,False
細粒只,sè-lia̍p-chí,sè-lia̍p-chí,10,False,False,False,False,False,False,False,False,False,False
細声,sè-siann,sè-siaⁿ,10,False,False,False,False,False,False,False,False,False,False
紅龍果,âng-liông-kó,âng-liông-kó,10,False,False,False,False,False,False,False,False,False,False
紅鷄榆,âng-ke-jiû,âng-ke-jiû,10,False,False,False,False,False,False,False,False,False,False
紅鷄柔,âng-ke-jiû,âng-ke-jiû,10,False,False,False,False,False,False,False,False,False,False
紅雞柔,âng-ke-jiû,âng-ke-jiû,10,False,False,False,False,False,False,False,False,False,False
紅怕怕,âng-phà-phà,âng-phà-phà,10,False,False,False,False,False,False,False,False,False,False
糆,mī,mī,10,False,False,False,False,False,False,False,False,False,False
米笞,bí-thai,bí-thai,10,False,False,False,False,False,False,False,False,False,False
精生,tsing-senn,cheng-seⁿ,10,False,False,False,False,False,False,False,False,False,False
粮草,niû-tsháu,niû-chháu,10,False,False,False,False,False,False,False,False,False,False
粮,liâng,liâng,10,False,False,False,False,False,False,False,False,False,False
粤,ua̍t,oa̍t,10,False,False,False,False,False,False,False,False,False,False
粜米,thiò-bí,thiò-bí,10,False,False,False,False,False,False,False,False,False,False
粘𥻿𥻿,liâm-thi-thi,liâm-thi-thi,10,False,False,False,False,False,False,False,False,False,False
粘黐黐,liâm-thi-thi,liâm-thi-thi,10,False,False,False,False,False,False,False,False,False,False
粘邊,liâm-pinn,liâm-piⁿ,10,False,False,False,False,False,False,False,False,False,False
粉紅仔,hún-âng-á,hún-âng-á,10,False,False,False,False,False,False,False,False,False,False
粉員,hún-înn,hún-îⁿ,10,False,False,False,False,False,False,False,False,False,False
籴米,tia̍h-bí,tia̍h-bí,10,False,False,False,False,False,False,False,False,False,False
籴,tia̍h,tia̍h,10,False,False,False,False,False,False,False,False,False,False
米糕湘,bí-ko-siûⁿ,bí-ko-siûⁿ,10,False,False,False,False,False,False,False,False,False,False
米笞目,bí-thai-ba̍k,bí-thai-ba̍k,10,False,False,False,False,False,False,False,False,False,False
産,sàn,sàn,10,False,False,False,False,False,False,False,False,False,False
無張無池,bô-tiunn-bô-tî,bô-tiuⁿ-bô-tî,10,False,False,False,False,False,False,False,False,False,False
生碢,senn-ue,seⁿ-oe,10,False,False,False,False,False,False,False,False,False,False
池府千歳,tî-hú-tshian-suè,tî-hú-chhian-sòe,10,False,False,False,False,False,False,False,False,False,False
氷箱,ping-siunn,peng-siuⁿ,10,False,False,False,False,False,False,False,False,False,False
氷角,ping-kak,peng-kak,10,False,False,False,False,False,False,False,False,False,False
永存,íng-tsūn,éng-chūn,10,False,False,False,False,False,False,False,False,False,False
永拵,íng-tsūn,éng-chūn,10,False,False,False,False,False,False,False,False,False,False
汐止,si̍p-chí,si̍p-chí,10,False,False,False,False,False,False,False,False,False,False
池府千歲,tî-hú-tshian-suè,tî-hú-chhian-sòe,10,False,False,False,False,False,False,False,False,False,False
沃淡,ak-tâm,ak-tâm,10,False,False,False,False,False,False,False,False,False,False
生疎,tshenn-soo,chheⁿ-so͘,10,False,False,False,False,False,False,False,False,False,False
沉,tīm,tīm,10,False,False,False,False,False,False,False,False,False,False
沖突,tshiong-tu̍t,chhiong-tu̍t,10,False,False,False,False,False,False,False,False,False,False
沙無,sa-bô,sa-bô,10,False,False,False,False,False,False,False,False,False,False
沙無棕,sa-bô-tsáng,sa-bô-cháng,10,False,False,False,False,False,False,False,False,False,False
沙米士,sa-bì-sù,sa-bì-sù,10,False,False,False,False,False,False,False,False,False,False
沙米士,sa-bí-suh,sa-bí-suh,10,False,False,False,False,False,False,False,False,False,False
水鷄,tsuí-ke,chúi-ke,10,False,False,False,False,False,False,False,False,False,False
水返脚,tsuí-tńg-kha,chúi-tńg-kha,10,False,False,False,False,False,False,False,False,False,False
水繳,tsuí-kiáu,chúi-kiáu,10,False,False,False,False,False,False,False,False,False,False
水淐,tsuí-tshiâng,chúi-chhiâng,10,False,False,False,False,False,False,False,False,False,False
水沯,tsuí-tshiâng,chúi-chhiâng,10,False,False,False,False,False,False,False,False,False,False
水氣,suí-khuì,súi-khùi,10,False,False,False,False,False,False,False,False,False,False
水某,suí-bóo,súi-bó͘,10,False,False,False,False,False,False,False,False,False,False
水族舘,tsuí-tso̍k-kuán,chúi-cho̍k-koán,10,False,False,False,False,False,False,False,False,False,False
水凖,tsuí-tsún,chúi-chún,10,False,False,False,False,False,False,False,False,False,False
水冬冬,suí-tang-tang,súi-tang-tang,10,False,False,False,False,False,False,False,False,False,False
氣車,khì-tshia,khì-chhia,10,False,False,False,False,False,False,False,False,False,False
氣砂砂,khì-sua̍h-sua̍h,khì-soa̍h-soa̍h,10,False,False,False,False,False,False,False,False,False,False
氣咈咈,khì-phut-phut,khì-phut-phut,10,False,False,False,False,False,False,False,False,False,False
氣分,khì-hun,khì-hun,10,False,False,False,False,False,False,False,False,False,False
民調,bîn-tiau,bîn-tiau,10,False,False,False,False,False,False,False,False,False,False
民衆黨,bîn-tsiòng-tóng,bîn-chiòng-tóng,10,False,False,False,False,False,False,False,False,False,False
民衆党,bîn-tsiòng-tóng,bîn-chiòng-tóng,10,False,False,False,False,False,False,False,False,False,False
沯,tshiâng,chhiâng,10,False,False,False,False,False,False,False,False,False,False
沯沯滚,tshiâng-tshiâng-kún,chhiâng-chhiâng-kún,10,False,False,False,False,False,False,False,False,False,False
沯沯滾,tshiâng-tshiâng-kún,chhiâng-chhiâng-kún,10,False,False,False,False,False,False,False,False,False,False
海産担,hái-sán-tànn,hái-sán-tàⁿ,10,False,False,False,False,False,False,False,False,False,False
温度,un-tōo,un-tō͘,10,False,False,False,False,False,False,False,False,False,False
温巡,un-sûn,un-sûn,10,False,False,False,False,False,False,False,False,False,False
温,ùn,ùn,10,False,False,False,False,False,False,False,False,False,False
減彩,kiám-tshái,kiám-chhái,10,False,False,False,False,False,False,False,False,False,False
済,tsè,chè,10,False,False,False,False,False,False,False,False,False,False
清清氣氣,tshing-tshing-khì-khì,chheng-chheng-khì-khì,10,False,False,False,False,False,False,False,False,False,False
清清楚楚,tshing-tshing-tshó-tshó,chheng-chheng-chhó-chhó,10,False,False,False,False,False,False,False,False,False,False
清水祖師,tshing-tsuí-tsóo-su,chheng-chúi-chó͘-su,10,False,False,False,False,False,False,False,False,False,False
淡糊糊,tâm-kôo-kôo,tâm-kô͘-kô͘,10,False,False,False,False,False,False,False,False,False,False
淐淐滾,tshiâng-tshiâng-kún,chhiâng-chhiâng-kún,10,False,False,False,False,False,False,False,False,False,False
淐淐滚,tshiâng-tshiâng-kún,chhiâng-chhiâng-kún,10,False,False,False,False,False,False,False,False,False,False
淐,tshiâng,chhiâng,10,False,False,False,False,False,False,False,False,False,False
消路,siau-lōo,siau-lō͘,10,False,False,False,False,False,False,False,False,False,False
消産,siau-sán,siau-sán,10,False,False,False,False,False,False,False,False,False,False
海産,hái-sán,hái-sán,10,False,False,False,False,False,False,False,False,False,False
沸,hut,hut,10,False,False,False,False,False,False,False,False,False,False
海猪仔,hái-ti-á,hái-ti-á,10,False,False,False,False,False,False,False,False,False,False
海猪,hái-ti,hái-ti,10,False,False,False,False,False,False,False,False,False,False
海尫,hái-ang,hái-ang,10,False,False,False,False,False,False,False,False,False,False
浮汕,phû-suànn,phû-sòaⁿ,10,False,False,False,False,False,False,False,False,False,False
浪柳嗹,lōng-liú-lian,lōng-liú-lian,10,False,False,False,False,False,False,False,False,False,False
浊,to̍k,to̍k,10,False,False,False,False,False,False,False,False,False,False
洋萄,iûⁿ-tô,iûⁿ-tô,10,False,False,False,False,False,False,False,False,False,False
泪,bak,bak,10,False,False,False,False,False,False,False,False,False,False
注生娘娘,tsù-senn-niû-niû,chù-seⁿ-niû-niû,10,False,False,False,False,False,False,False,False,False,False
注明,tsù-bîng,chù-bêng,10,False,False,False,False,False,False,False,False,False,False
泊岸,poh-huānn,poh-hōaⁿ,10,False,False,False,False,False,False,False,False,False,False
沾,tiām,tiām,10,False,False,False,False,False,False,False,False,False,False
治時,tī-sî,tī-sî,10,False,False,False,False,False,False,False,False,False,False
油者粿,iû-tsia̍h-kué,iû-chia̍h-kóe,10,False,False,False,False,False,False,False,False,False,False
民衆,bîn-tsiòng,bîn-chiòng,10,False,False,False,False,False,False,False,False,False,False
民主党,bîn-tsú-tóng,bîn-chú-tóng,10,False,False,False,False,False,False,False,False,False,False
氆色,phú-sik,phú-sek,10,False,False,False,False,False,False,False,False,False,False
榴連,liû-liân,liû-liân,10,False,False,False,False,False,False,False,False,False,False
欵式,khuán-sit,khoán-sit,10,False,False,False,False,False,False,False,False,False,False
欣善,him-siān,him-siān,10,False,False,False,False,False,False,False,False,False,False
欠点,khiàm-tiám,khiàm-tiám,10,False,False,False,False,False,False,False,False,False,False
欠梯,khiàm-thui,khiàm-thui,10,False,False,False,False,False,False,False,False,False,False
欎症,ut-tsìng,ut-chèng,10,False,False,False,False,False,False,False,False,False,False
橫直,hûinn-ti̍t,hûiⁿ-ti̍t,10,False,False,False,False,False,False,False,False,False,False
橫巴巴,huâinn-pà-pà,hoâiⁿ-pà-pà,10,False,False,False,False,False,False,False,False,False,False
機場,ki-tiûⁿ,ki-tiûⁿ,10,False,False,False,False,False,False,False,False,False,False
橋脚,kiô-kha,kiô-kha,10,False,False,False,False,False,False,False,False,False,False
樹仔脚,tshiū-á-kha,chhiū-á-kha,10,False,False,False,False,False,False,False,False,False,False
模様,bôo-iūnn,bô͘-iūⁿ,10,False,False,False,False,False,False,False,False,False,False
槖袋仔,lak-tē-á,lak-tē-á,10,False,False,False,False,False,False,False,False,False,False
槌槌,thûi-thûi,thûi-thûi,10,False,False,False,False,False,False,False,False,False,False
榻仔,thuah-á,thoah-á,10,False,False,False,False,False,False,False,False,False,False
楊萄,iûⁿ-tô,iûⁿ-tô,10,False,False,False,False,False,False,False,False,False,False
歌仔戱,kua-á-hì,koa-á-hì,10,False,False,False,False,False,False,False,False,False,False
楂,tshâ,chhâ,10,False,False,False,False,False,False,False,False,False,False
椰子,iâ-chí,iâ-chí,10,False,False,False,False,False,False,False,False,False,False
椰只,iâ-chí,iâ-chí,10,False,False,False,False,False,False,False,False,False,False
植民,si̍t-bîn,si̍t-bîn,10,False,False,False,False,False,False,False,False,False,False
椊龜,tuh-ku,tuh-ku,10,False,False,False,False,False,False,False,False,False,False
椊亀,tuh-ku,tuh-ku,10,False,False,False,False,False,False,False,False,False,False
椅寮,í-liâu,í-liâu,10,False,False,False,False,False,False,False,False,False,False
棹頂,toh-tíng,toh-téng,10,False,False,False,False,False,False,False,False,False,False
棹巾,toh-kin,toh-kin,10,False,False,False,False,False,False,False,False,False,False
棹仔頂,toh-á-tíng,toh-á-téng,10,False,False,False,False,False,False,False,False,False,False
棟戅,tòng-gōng,tòng-gōng,10,False,False,False,False,False,False,False,False,False,False
棟怣,tòng-gōng,tòng-gōng,10,False,False,False,False,False,False,False,False,False,False
梭圓仔,so-înn-á,so-îⁿ-á,10,False,False,False,False,False,False,False,False,False,False
梭員仔,so-înn-á,so-îⁿ-á,10,False,False,False,False,False,False,False,False,False,False
欵待,khuán-thāi,khoán-thāi,10,False,False,False,False,False,False,False,False,False,False
歌句,kua-kù,koa-kù,10,False,False,False,False,False,False,False,False,False,False
氆氆,phú-phú,phú-phú,10,False,False,False,False,False,False,False,False,False,False
歸厝間,kui-tshù-king,kui-chhù-keng,10,False,False,False,False,False,False,False,False,False,False
氆,phú,phú,10,False,False,False,False,False,False,False,False,False,False
每,mué,móe,10,False,False,False,False,False,False,False,False,False,False
母阿,bú-á,bú-á,10,False,False,False,False,False,False,False,False,False,False
母仔,bú-á,bú-á,10,False,False,False,False,False,False,False,False,False,False
殯儀舘,pin-gî-kuán,pin-gî-koán,10,False,False,False,False,False,False,False,False,False,False
死竅竅,sí-khiàu-khiàu,sí-khiàu-khiàu,10,False,False,False,False,False,False,False,False,False,False
死体,sí-thé,sí-thé,10,False,False,False,False,False,False,False,False,False,False
歹聼,pháinn-thiann,pháiⁿ-thiaⁿ,10,False,False,False,False,False,False,False,False,False,False
歹听,pháinn-thiann,pháiⁿ-thiaⁿ,10,False,False,False,False,False,False,False,False,False,False
歹乜仔,pháinn-mih-á,pháiⁿ-mih-á,10,False,False,False,False,False,False,False,False,False,False
歸拖,kui-thua,kui-thoa,10,False,False,False,False,False,False,False,False,False,False
歸年通天,kui-nî-thàng-thinn,kui-nî-thàng-thiⁿ,10,False,False,False,False,False,False,False,False,False,False
歸年痛天,kui-nî-thàng-thinn,kui-nî-thàng-thiⁿ,10,False,False,False,False,False,False,False,False,False,False
歸家伙仔,kui-ke-hué-á,kui-ke-hóe-á,10,False,False,False,False,False,False,False,False,False,False
歸冥,kui-mê,kui-mê,10,False,False,False,False,False,False,False,False,False,False
歌声,kua-siann,koa-siaⁿ,10,False,False,False,False,False,False,False,False,False,False
歸仙人,kui-sian-lâng,kui-sian-lâng,10,False,False,False,False,False,False,False,False,False,False
歷日,la̍h-ji̍t,la̍h-ji̍t,10,False,False,False,False,False,False,False,False,False,False
歪哥市斜,uai-ko-tshi̍h-tshua̍h,oai-ko-chhi̍h-chhoa̍h,10,False,False,False,False,False,False,False,False,False,False
歩數,pōo-sòo,pō͘-sò͘,10,False,False,False,False,False,False,False,False,False,False
此鏨,tsit-tsām,chit-chām,10,False,False,False,False,False,False,False,False,False,False
此斬,tsit-tsām,chit-chām,10,False,False,False,False,False,False,False,False,False,False
此搭,tsit-tah,chit-tah,10,False,False,False,False,False,False,False,False,False,False
此号,tsit-hō,chit-hō,10,False,False,False,False,False,False,False,False,False,False
此卦,tsit-kuá,chit-kóa,10,False,False,False,False,False,False,False,False,False,False
正辦,tsiànn-pān,chiàⁿ-pān,10,False,False,False,False,False,False,False,False,False,False
正挖,tsiànn-uat,chiàⁿ-oat,10,False,False,False,False,False,False,False,False,False,False
正常,tsìng-siâng,chèng-siâng,10,False,False,False,False,False,False,False,False,False,False
歡喜甘愿,huann-hí-kam-guān,hoaⁿ-hí-kam-goān,10,False,False,False,False,False,False,False,False,False,False
歐州,au-tsiu,au-chiu,10,False,False,False,False,False,False,False,False,False,False
温廵,un-sûn,un-sûn,10,False,False,False,False,False,False,False,False,False,False
温柔,un-jiû,un-jiû,10,False,False,False,False,False,False,False,False,False,False
温泉,un-tsuânn,un-chôaⁿ,10,False,False,False,False,False,False,False,False,False,False
牽焿个,khan-kenn-ê,khan-keⁿ-ê,10,False,False,False,False,False,False,False,False,False,False
猪肝色,ti-kuann-sik,ti-koaⁿ-sek,10,False,False,False,False,False,False,False,False,False,False
猪肝,ti-kuann,ti-koaⁿ,10,False,False,False,False,False,False,False,False,False,False
猪灶,ti-tsàu,ti-chàu,10,False,False,False,False,False,False,False,False,False,False
猪仔子,ti-á-kiánn,ti-á-kiáⁿ,10,False,False,False,False,False,False,False,False,False,False
猛扐,mé-lia̍h,mé-lia̍h,10,False,False,False,False,False,False,False,False,False,False
独,to̍k,to̍k,10,False,False,False,False,False,False,False,False,False,False
狗母沙,káu-bú-sua,káu-bú-soa,10,False,False,False,False,False,False,False,False,False,False
狗仔子,káu-á-kiánn,káu-á-kiáⁿ,10,False,False,False,False,False,False,False,False,False,False
狀况,tsōng-hóng,chōng-hóng,10,False,False,False,False,False,False,False,False,False,False
犠牲,hi-sing,hi-seng,10,False,False,False,False,False,False,False,False,False,False
犇,kânn,kâⁿ,10,False,False,False,False,False,False,False,False,False,False
犁犁,lê-lê,lê-lê,10,False,False,False,False,False,False,False,False,False,False
牽轄仔,khan-ha̍t-á,khan-ha̍t-á,10,False,False,False,False,False,False,False,False,False,False
牽焿兮,khan-kenn-ê,khan-keⁿ-ê,10,False,False,False,False,False,False,False,False,False,False
牽焿,khan-kenn-ê,khan-keⁿ-ê,10,False,False,False,False,False,False,False,False,False,False
猪血,ti-hueh,ti-hoeh,10,False,False,False,False,False,False,False,False,False,False
牪,kânn,kâⁿ,10,False,False,False,False,False,False,False,False,False,False
牛角歪,gû-kak-oaihⁿ,gû-kak-oaihⁿ,10,False,False,False,False,False,False,False,False,False,False
牛港歪,gû-káng-oaihⁿ,gû-káng-oaihⁿ,10,False,False,False,False,False,False,False,False,False,False
牙屑,gê-siâu,gê-siâu,10,False,False,False,False,False,False,False,False,False,False
爽笑,sńg-tshiò,sńg-chhiò,10,False,False,False,False,False,False,False,False,False,False
父仔子,pē-á-kiánn,pē-á-kiáⁿ,10,False,False,False,False,False,False,False,False,False,False
爲何,uī-hô,ūi-hô,10,False,False,False,False,False,False,False,False,False,False
爬龍船,pê-lîng-chûn,pê-lêng-chûn,10,False,False,False,False,False,False,False,False,False,False
爛溝仔糜,lōo-koo-á-muâi,lō͘-ko͘-á-moâi,10,False,False,False,False,False,False,False,False,False,False
爌肉,khòng-bah,khòng-bah,10,False,False,False,False,False,False,False,False,False,False
爆,pho̍k,pho̍k,10,False,False,False,False,False,False,False,False,False,False
營營飛,iānn-iānn-pue,iāⁿ-iāⁿ-poe,10,False,False,False,False,False,False,False,False,False,False
燒羅,sio-lō,sio-lō,10,False,False,False,False,False,False,False,False,False,False
燒拂拂,sio-hut-hut,sio-hut-hut,10,False,False,False,False,False,False,False,False,False,False
猪脚,ti-kha,ti-kha,10,False,False,False,False,False,False,False,False,False,False
猪血粿,ti-hueh-kué,ti-hoeh-kóe,10,False,False,False,False,False,False,False,False,False,False
熱帶地,jia̍t-tài-tē,jia̍t-tài-tē,10,False,False,False,False,False,False,False,False,False,False
理論上,lí-lūn-siōng,lí-lūn-siōng,10,False,False,False,False,False,False,False,False,False,False
生産,sing-sán,seng-sán,10,False,False,False,False,False,False,False,False,False,False
生炭,senn-thuànn,seⁿ-thòaⁿ,10,False,False,False,False,False,False,False,False,False,False
生仙,senn-sian,seⁿ-sian,10,False,False,False,False,False,False,False,False,False,False
生䟽,tshenn-soo,chheⁿ-so͘,10,False,False,False,False,False,False,False,False,False,False
甜勿勿,tinn-but-but,tiⁿ-but-but,10,False,False,False,False,False,False,False,False,False,False
甘開,kam-khai,kam-khai,10,False,False,False,False,False,False,False,False,False,False
甘講,kám-kóng,kám-kóng,10,False,False,False,False,False,False,False,False,False,False
甘有,kám-ū,kám-ū,10,False,False,False,False,False,False,False,False,False,False
甘仔蜜,kam-á-bi̍t,kam-á-bi̍t,10,False,False,False,False,False,False,False,False,False,False
甘不是,kám-m̄-sī,kám-m̄-sī,10,False,False,False,False,False,False,False,False,False,False
瓦磘,hiā-iô,hiā-iô,10,False,False,False,False,False,False,False,False,False,False
璉霧,lián-bū,lián-bū,10,False,False,False,False,False,False,False,False,False,False
璉嘴鬚,lián-tshuì-tshiu,lián-chhùi-chhiu,10,False,False,False,False,False,False,False,False,False,False
璉口鬚,lián-tshuì-tshiu,lián-chhùi-chhiu,10,False,False,False,False,False,False,False,False,False,False
球杯,kiû-pue,kiû-poe,10,False,False,False,False,False,False,False,False,False,False
獅奈,sai-nai,sai-nai,10,False,False,False,False,False,False,False,False,False,False
現象,hiān-siāng,hiān-siāng,10,False,False,False,False,False,False,False,False,False,False
現場,hiān-tiûⁿ,hiān-tiûⁿ,10,False,False,False,False,False,False,False,False,False,False
珥,ní,ní,10,False,False,False,False,False,False,False,False,False,False
珍珍冬冬,tin-tin-tang-tang,tin-tin-tang-tang,10,False,False,False,False,False,False,False,False,False,False
珈琲𠫊,ka-pi-thiann,ka-pi-thiaⁿ,10,False,False,False,False,False,False,False,False,False,False
珈琲厛,ka-pi-thiann,ka-pi-thiaⁿ,10,False,False,False,False,False,False,False,False,False,False
玻,pho,pho,10,False,False,False,False,False,False,False,False,False,False
玳,tai,tai,10,False,False,False,False,False,False,False,False,False,False
玫瑰,mûi-kuì,mûi-kùi,10,False,False,False,False,False,False,False,False,False,False
玍鳥,lān-tsiáu,lān-chiáu,10,False,False,False,False,False,False,False,False,False,False
玍神,lān-sîn,lān-sîn,10,False,False,False,False,False,False,False,False,False,False
玍泡,lān-pha,lān-pha,10,False,False,False,False,False,False,False,False,False,False
玍核,lān-hu̍t,lān-hu̍t,10,False,False,False,False,False,False,False,False,False,False
玍抛,lān-pha,lān-pha,10,False,False,False,False,False,False,False,False,False,False
燒弗弗,sio-hut-hut,sio-hut-hut,10,False,False,False,False,False,False,False,False,False,False
煞心,sahⁿ-sim,sahⁿ-sim,10,False,False,False,False,False,False,False,False,False,False
温純,un-sûn,un-sûn,10,False,False,False,False,False,False,False,False,False,False
澳州,ò-tsiu,ò-chiu,10,False,False,False,False,False,False,False,False,False,False
烏肉送,oo-bá-sáng,o͘-bá-sáng,10,False,False,False,False,False,False,False,False,False,False
烏礁産,oo-ta-sán,o͘-ta-sán,10,False,False,False,False,False,False,False,False,False,False
烏甚甚,oo-sìm-sìm,o͘-sìm-sìm,10,False,False,False,False,False,False,False,False,False,False
烏烏烏,oo-oo-oo,o͘-o͘-o͘,10,False,False,False,False,False,False,False,False,False,False
烏嗎嗎,oo-mà-mà,o͘-mà-mà,10,False,False,False,False,False,False,False,False,False,False
炾茶,hiânn-tê,hiâⁿ-tê,10,False,False,False,False,False,False,False,False,False,False
炾,hiânn,hiâⁿ,10,False,False,False,False,False,False,False,False,False,False
点鐘仔,tiám-tsing-á,tiám-cheng-á,10,False,False,False,False,False,False,False,False,False,False
炠,sa̍h,sa̍h,10,False,False,False,False,False,False,False,False,False,False
炓,liāu,liāu,10,False,False,False,False,False,False,False,False,False,False
灵魂,lîng-hûn,lêng-hûn,10,False,False,False,False,False,False,False,False,False,False
火夫,hué-hu,hóe-hu,10,False,False,False,False,False,False,False,False,False,False
瀰濃,bî-long,bî-long,10,False,False,False,False,False,False,False,False,False,False
瀨南街,luā-lâm-ke,lōa-lâm-ke,10,False,False,False,False,False,False,False,False,False,False
漢葯,hàn-io̍h,hàn-io̍h,10,False,False,False,False,False,False,False,False,False,False
烘炉,hang-lôo,hang-lô͘,10,False,False,False,False,False,False,False,False,False,False
漏渉,lāu-sia̍p,lāu-sia̍p,10,False,False,False,False,False,False,False,False,False,False
漂丿,phiau-phiat,phiau-phiat,10,False,False,False,False,False,False,False,False,False,False
滾損笑,kún-sńg-tshiò,kún-sńg-chhiò,10,False,False,False,False,False,False,False,False,False,False
滚耍笑,kún-sńg-tshiò,kún-sńg-chhiò,10,False,False,False,False,False,False,False,False,False,False
滚笑,kún-tshiò,kún-chhiò,10,False,False,False,False,False,False,False,False,False,False
滚爽笑,kún-sńg-tshiò,kún-sńg-chhiò,10,False,False,False,False,False,False,False,False,False,False
滚損笑,kún-sńg-tshiò,kún-sńg-chhiò,10,False,False,False,False,False,False,False,False,False,False
滚,kún,kún,10,False,False,False,False,False,False,False,False,False,False
滑鰍鰍,ku̍t-liu-liu,ku̍t-liu-liu,10,False,False,False,False,False,False,False,False,False,False
溌,phuah,phoah,10,False,False,False,False,False,False,False,False,False,False
湳,lām,lām,10,False,False,False,False,False,False,False,False,False,False
湊𫔘坎,tshàu-tú-khám,chhàu-tú-khám,10,False,False,False,False,False,False,False,False,False,False
湊抵坎,tshàu-tú-khám,chhàu-tú-khám,10,False,False,False,False,False,False,False,False,False,False
湆糜,ám-muâi,ám-moâi,10,False,False,False,False,False,False,False,False,False,False
烏隂天,oo-im-thinn,o͘-im-thiⁿ,10,False,False,False,False,False,False,False,False,False,False
烟吹,hun-tshue,hun-chhoe,10,False,False,False,False,False,False,False,False,False,False
煞不知,suah-m̄-tsai,soah-m̄-chai,10,False,False,False,False,False,False,False,False,False,False
脚頭肟,kha-thâu-u,kha-thâu-u,10,False,False,False,False,False,False,False,False,False,False
焿粽,kinn-tsàng,kiⁿ-chàng,10,False,False,False,False,False,False,False,False,False,False
焦云,tsiâu-ûn,chiâu-ûn,10,False,False,False,False,False,False,False,False,False,False
無輸無嬴,bô-su-bô-iânn,bô-su-bô-iâⁿ,10,False,False,False,False,False,False,False,False,False,False
無葯醫,bô-io̍h-i,bô-io̍h-i,10,False,False,False,False,False,False,False,False,False,False
無聲說,bô-siann-sueh,bô-siaⁿ-soeh,10,False,False,False,False,False,False,False,False,False,False
無省,bô-sánn,bô-sáⁿ,10,False,False,False,False,False,False,False,False,False,False
無盡尾,bô-tsīn-bué,bô-chīn-bóe,10,False,False,False,False,False,False,False,False,False,False
無疑悞,bô-gî-gōo,bô-gî-gō͘,10,False,False,False,False,False,False,False,False,False,False
無煩無惱,bô-huân-bô-ló,bô-hoân-bô-ló,10,False,False,False,False,False,False,False,False,False,False
無治代,bô-tī-tāi,bô-tī-tāi,10,False,False,False,False,False,False,False,False,False,False
無治事,bô-tī-tāi,bô-tī-tāi,10,False,False,False,False,False,False,False,False,False,False
無水凖,bô-tsuí-tsún,bô-chúi-chún,10,False,False,False,False,False,False,False,False,False,False
無愛治,bô-ài-ti̍h,bô-ài-ti̍h,10,False,False,False,False,False,False,False,False,False,False
無愛池,bô-ài-ti̍h,bô-ài-ti̍h,10,False,False,False,False,False,False,False,False,False,False
無張池,bô-tiunn-tî,bô-tiuⁿ-tî,10,False,False,False,False,False,False,False,False,False,False
烟筒,ian-tâng,ian-tâng,10,False,False,False,False,False,False,False,False,False,False
無尽尾,bô-tsīn-bué,bô-chīn-bóe,10,False,False,False,False,False,False,False,False,False,False
無寃無仇,bô-uan-bô-siû,bô-oan-bô-siû,10,False,False,False,False,False,False,False,False,False,False
無定着,bô-tiānn-tio̍h,bô-tiāⁿ-tio̍h,10,False,False,False,False,False,False,False,False,False,False
無声說,bô-siann-sueh,bô-siaⁿ-soeh,10,False,False,False,False,False,False,False,False,False,False
無声無說,bô-siann-bô-sueh,bô-siaⁿ-bô-soeh,10,False,False,False,False,False,False,False,False,False,False
無同,bô-siāng,bô-siāng,10,False,False,False,False,False,False,False,False,False,False
無同,bô-siâng,bô-siâng,10,False,False,False,False,False,False,False,False,False,False
無到,bô-kàu,bô-kàu,10,False,False,False,False,False,False,False,False,False,False
無值事,bô-tī-tāi,bô-tī-tāi,10,False,False,False,False,False,False,False,False,False,False
無代無志,bô-tāi-bô-tsì,bô-tāi-bô-chì,10,False,False,False,False,False,False,False,False,False,False
無不着,bô-m̄-tio̍h,bô-m̄-tio̍h,10,False,False,False,False,False,False,False,False,False,False
烪,tīm,tīm,10,False,False,False,False,False,False,False,False,False,False
烟腸,ian-tshiâng,ian-chhiâng,10,False,False,False,False,False,False,False,False,False,False
烟筒廣,ian-tâng-kóng,ian-tâng-kóng,10,False,False,False,False,False,False,False,False,False,False
脚頭宇,kha-thâu-u,kha-thâu-u,10,False,False,False,False,False,False,False,False,False,False
蚵仔湯,ô-á-thng,ô-á-thng,10,False,False,False,False,False,False,False,False,False,False
脚骨,kha-kut,kha-kut,10,False,False,False,False,False,False,False,False,False,False
隨人,sûi-lâng,sûi-lâng,10,False,False,False,False,False,False,False,False,False,False
阿沙利,at-sa-lih,at-sa-lih,10,False,False,False,False,False,False,False,False,False,False
陳列舘,tîn-lia̍t-kuán,tîn-lia̍t-koán,10,False,False,False,False,False,False,False,False,False,False
隔返工,keh-tńg-kang,keh-tńg-kang,10,False,False,False,False,False,False,False,False,False,False
隔返年,keh-tńg-nî,keh-tńg-nî,10,False,False,False,False,False,False,False,False,False,False
隔返日,keh-tńg-ji̍t,keh-tńg-ji̍t,10,False,False,False,False,False,False,False,False,False,False
障碍,tsiòng-gāi,chiòng-gāi,10,False,False,False,False,False,False,False,False,False,False
隨意,sûi-ì,sûi-ì,10,False,False,False,False,False,False,False,False,False,False
脫剝体,thǹg-pak-theh,thǹg-pak-theh,10,False,False,False,False,False,False,False,False,False,False
隨路,tuè-lōo,tòe-lō͘,10,False,False,False,False,False,False,False,False,False,False
隱,ín,ín,10,False,False,False,False,False,False,False,False,False,False
雀雀,tshia̍k-tshia̍k,chhia̍k-chhia̍k,10,False,False,False,False,False,False,False,False,False,False
集体,tsi̍p-thé,chi̍p-thé,10,False,False,False,False,False,False,False,False,False,False
雞妹仔,ke-nuā-á,ke-nōa-á,10,False,False,False,False,False,False,False,False,False,False
雞捲,kue-kńg,koe-kńg,10,False,False,False,False,False,False,False,False,False,False
阿彌陀佛,o-mí-tô-hu̍t,o-mí-tô-hu̍t,10,False,False,False,False,False,False,False,False,False,False
阿巴,a-pâ,a-pâ,10,False,False,False,False,False,False,False,False,False,False
阿姐,a-tsé,a-ché,10,False,False,False,False,False,False,False,False,False,False
阿姉,a-tsé,a-ché,10,False,False,False,False,False,False,False,False,False,False
阿嗹,a-lian,a-lian,10,False,False,False,False,False,False,False,False,False,False
阻碍,tsóo-gāi,chó͘-gāi,10,False,False,False,False,False,False,False,False,False,False
阭,ín,ín,10,False,False,False,False,False,False,False,False,False,False
關東,kuan-tang,koan-tang,10,False,False,False,False,False,False,False,False,False,False
閣下空,koh-ē-khang,koh-ē-khang,10,False,False,False,False,False,False,False,False,False,False
閗脚手,tàu-kha-tshiú,tàu-kha-chhiú,10,False,False,False,False,False,False,False,False,False,False
閗爭,tòo-tsing,tò͘-cheng,10,False,False,False,False,False,False,False,False,False,False
閗爭,tàu-tsing,tàu-cheng,10,False,False,False,False,False,False,False,False,False,False
閗底,tàu-tí,tàu-tí,10,False,False,False,False,False,False,False,False,False,False
間接,kan-tsiap,kan-chiap,10,False,False,False,False,False,False,False,False,False,False
開口,khui-tshuì,khui-chhùi,10,False,False,False,False,False,False,False,False,False,False
閅腿,thènn-thuí,thèⁿ-thúi,10,False,False,False,False,False,False,False,False,False,False
閅,thènn,thèⁿ,10,False,False,False,False,False,False,False,False,False,False
雞歸,ke-kui,ke-kui,10,False,False,False,False,False,False,False,False,False,False
雞爛仔,ke-nuā-á,ke-nōa-á,10,False,False,False,False,False,False,False,False,False,False
雞肉飯,ke-bah-pn̄g,ke-bah-pn̄g,10,False,False,False,False,False,False,False,False,False,False
青燈,tshinn-ting,chhiⁿ-teng,10,False,False,False,False,False,False,False,False,False,False
風声,hong-siann,hong-siaⁿ,10,False,False,False,False,False,False,False,False,False,False
顛倒抦,tian-tò-píng,tian-tò-péng,10,False,False,False,False,False,False,False,False,False,False
顚倒抦,tian-tò-píng,tian-tò-péng,10,False,False,False,False,False,False,False,False,False,False
顚倒,tian-tò,tian-tò,10,False,False,False,False,False,False,False,False,False,False
頷,hām,hām,10,False,False,False,False,False,False,False,False,False,False
頭棕,thâu-tsang,thâu-chang,10,False,False,False,False,False,False,False,False,False,False
頭口,thâu-tshuì,thâu-chhùi,10,False,False,False,False,False,False,False,False,False,False
頂礼拜,tíng-lé-pài,téng-lé-pài,10,False,False,False,False,False,False,False,False,False,False
靴廣,hia-kóng,hia-kóng,10,False,False,False,False,False,False,False,False,False,False
革酒,kik-tsiú,kek-chiú,10,False,False,False,False,False,False,False,False,False,False
面鎗,bīn-tshiunn,bīn-chhiuⁿ,10,False,False,False,False,False,False,False,False,False,False
非州,hui-tsiu,hui-chiu,10,False,False,False,False,False,False,False,False,False,False
青筍筍,tshenn-sún-sún,chheⁿ-sún-sún,10,False,False,False,False,False,False,False,False,False,False
青笋笋,tshenn-sún-sún,chheⁿ-sún-sún,10,False,False,False,False,False,False,False,False,False,False
青灯,tshinn-ting,chhiⁿ-teng,10,False,False,False,False,False,False,False,False,False,False
雞腱,ke-kiān,ke-kiān,10,False,False,False,False,False,False,False,False,False,False
青抄,tshenn-tshau,chheⁿ-chhau,10,False,False,False,False,False,False,False,False,False,False
青慘,tshinn-tshám,chhiⁿ-chhám,10,False,False,False,False,False,False,False,False,False,False
青惊,tshenn-kiann,chheⁿ-kiaⁿ,10,False,False,False,False,False,False,False,False,False,False
青仔,tshenn-á,chheⁿ-á,10,False,False,False,False,False,False,False,False,False,False
青乳乳,tshenn-ling-ling,chheⁿ-leng-leng,10,False,False,False,False,False,False,False,False,False,False
露西亜,lōo-se-a,lō͘-se-a,10,False,False,False,False,False,False,False,False,False,False
霧沙沙,bū-sà-sà,bū-sà-sà,10,False,False,False,False,False,False,False,False,False,False
霧,phū,phū,10,False,False,False,False,False,False,False,False,False,False
震動,chín-tōng,chín-tōng,10,False,False,False,False,False,False,False,False,False,False
電火脚,tiān-hué-kha,tiān-hóe-kha,10,False,False,False,False,False,False,False,False,False,False
電動台仔,tiān-tōng-tâi-á,tiān-tōng-tâi-á,10,False,False,False,False,False,False,False,False,False,False
雪,so̤h,so̤h,10,False,False,False,False,False,False,False,False,False,False
離别,lī-pia̍t,lī-pia̍t,10,False,False,False,False,False,False,False,False,False,False
雞腿飯,ke-thuí-pn̄g,ke-thúi-pn̄g,10,False,False,False,False,False,False,False,False,False,False
閃僻,siám-phiah,siám-phiah,10,False,False,False,False,False,False,False,False,False,False
門脚口,mn̂g-kha-kháu,mn̂g-kha-kháu,10,False,False,False,False,False,False,False,False,False,False
門卿,mn̂g-khing,mn̂g-kheng,10,False,False,False,False,False,False,False,False,False,False
那親象,ná-tshin-tshiūnn,ná-chhin-chhiūⁿ,10,False,False,False,False,False,False,False,False,False,False
重叠,tîng-tha̍h,têng-tha̍h,10,False,False,False,False,False,False,False,False,False,False
里里轆轆,li-li-lak-lak,li-li-lak-lak,10,False,False,False,False,False,False,False,False,False,False
里里六六,li-li-lak-lak,li-li-lak-lak,10,False,False,False,False,False,False,False,False,False,False
采,tshāi,chhāi,10,False,False,False,False,False,False,False,False,False,False
釀,jióng,jióng,10,False,False,False,False,False,False,False,False,False,False
醖,ùn,ùn,10,False,False,False,False,False,False,False,False,False,False
醉乒乒,tsuì-phîn-phîn,chùi-phîn-phîn,10,False,False,False,False,False,False,False,False,False,False
酒矸仔,tsiú-kan-á,chiú-kan-á,10,False,False,False,False,False,False,False,False,False,False
鄼,tsàn,chàn,10,False,False,False,False,False,False,False,False,False,False
鄭青,tènn-tshenn,tèⁿ-chheⁿ,10,False,False,False,False,False,False,False,False,False,False
鄉親,hiang-tshin,hiang-chhin,10,False,False,False,False,False,False,False,False,False,False
郎柳嗹,lōng-liú-lian,lōng-liú-lian,10,False,False,False,False,False,False,False,False,False,False
郎,lòng,lòng,10,False,False,False,False,False,False,False,False,False,False
那象,ná-tshiūnn,ná-chhiūⁿ,10,False,False,False,False,False,False,False,False,False,False
那甲,nā-kah,nā-kah,10,False,False,False,False,False,False,False,False,False,False
重廵,tîng-sûn,têng-sûn,10,False,False,False,False,False,False,False,False,False,False
那投,nâ-tâu,nâ-tâu,10,False,False,False,False,False,False,False,False,False,False
那喉,nâ-âu,nâ-âu,10,False,False,False,False,False,False,False,False,False,False
邢府王爺,hîng-hú-ông-iâ,hêng-hú-ông-iâ,10,False,False,False,False,False,False,False,False,False,False
邢府千歳,hîng-hú-tshian-suè,hêng-hú-chhian-sòe,10,False,False,False,False,False,False,False,False,False,False
邢府千歲,hîng-hú-tshian-suè,hêng-hú-chhian-sòe,10,False,False,False,False,False,False,False,False,False,False
邊仔𫔘,pinn-á-tú,piⁿ-á-tú,10,False,False,False,False,False,False,False,False,False,False
邊仔抵,pinn-á-tú,piⁿ-á-tú,10,False,False,False,False,False,False,False,False,False,False
邇,ní,ní,10,False,False,False,False,False,False,False,False,False,False
選擧,suán-kí,soán-kí,10,False,False,False,False,False,False,False,False,False,False
道義上,tō-gī-siōng,tō-gī-siōng,10,False,False,False,False,False,False,False,False,False,False
進歩,tsìn-pōo,chìn-pō͘,10,False,False,False,False,False,False,False,False,False,False
連霧,lián-bū,lián-bū,10,False,False,False,False,False,False,False,False,False,False
連返,liàn-tńg,liàn-tńg,10,False,False,False,False,False,False,False,False,False,False
連嘴鬚,lián-tshuì-tshiu,lián-chhùi-chhiu,10,False,False,False,False,False,False,False,False,False,False
重塩,tāng-kiâm,tāng-kiâm,10,False,False,False,False,False,False,False,False,False,False
重担,tîng-tânn,têng-tâⁿ,10,False,False,False,False,False,False,False,False,False,False
長歳壽,tn̂g-huè-siū,tn̂g-hòe-siū,10,False,False,False,False,False,False,False,False,False,False
銃子,tshìng-chí,chhèng-chí,10,False,False,False,False,False,False,False,False,False,False
鑛泉水,khòng-tsuânn-tsuí,khòng-chôaⁿ-chúi,10,False,False,False,False,False,False,False,False,False,False
鐵窓,thih-thang,thih-thang,10,False,False,False,False,False,False,False,False,False,False
鐋,thōng,thōng,10,False,False,False,False,False,False,False,False,False,False
鏨節,tsām-tsat,chām-chat,10,False,False,False,False,False,False,False,False,False,False
鏨斷,tsám-tn̄g,chám-tn̄g,10,False,False,False,False,False,False,False,False,False,False
鎭塊,tìn-tè,tìn-tè,10,False,False,False,False,False,False,False,False,False,False
錯悞,tshò-gōo,chhò-gō͘,10,False,False,False,False,False,False,False,False,False,False
錫錫,siak-siak,siak-siak,10,False,False,False,False,False,False,False,False,False,False
錫拍,siak-phah,siak-phah,10,False,False,False,False,False,False,False,False,False,False
錫打,siak-phah,siak-phah,10,False,False,False,False,False,False,False,False,False,False
錫,siak,siak,10,False,False,False,False,False,False,False,False,False,False
銅枝,tâng-ki,tâng-ki,10,False,False,False,False,False,False,False,False,False,False
銅乩,tâng-ki,tâng-ki,10,False,False,False,False,False,False,False,False,False,False
銃鼻,tshìng-phīnn,chhèng-phīⁿ,10,False,False,False,False,False,False,False,False,False,False
銃只,tshìng-chí,chhèng-chí,10,False,False,False,False,False,False,False,False,False,False
重点,tiōng-tiám,tiōng-tiám,10,False,False,False,False,False,False,False,False,False,False
鉢,puah,poah,10,False,False,False,False,False,False,False,False,False,False
鉄齒,thih-khí,thih-khí,10,False,False,False,False,False,False,False,False,False,False
鉄馬,thih-bé,thih-bé,10,False,False,False,False,False,False,False,False,False,False
鉄觀音,thih-kuan-im,thih-koan-im,10,False,False,False,False,False,False,False,False,False,False
鉄線,thih-suànn,thih-sòaⁿ,10,False,False,False,False,False,False,False,False,False,False
鉄窓,thih-thang,thih-thang,10,False,False,False,False,False,False,False,False,False,False
鉄枝路,thih-ki-lōo,thih-ki-lō͘,10,False,False,False,False,False,False,False,False,False,False
鉄,thih,thih,10,False,False,False,False,False,False,False,False,False,False
金鯧魚,kim-tshiunn-hî,kim-chhiuⁿ-hî,10,False,False,False,False,False,False,False,False,False,False
金錫錫,kim-siak-siak,kim-siak-siak,10,False,False,False,False,False,False,False,False,False,False
金薛薛,kim-sih-sih,kim-sih-sih,10,False,False,False,False,False,False,False,False,False,False
金示示,kim-sih-sih,kim-sih-sih,10,False,False,False,False,False,False,False,False,False,False
金冬冬,kim-tang-tang,kim-tang-tang,10,False,False,False,False,False,False,False,False,False,False
重鹽,tāng-kiâm,tāng-kiâm,10,False,False,False,False,False,False,False,False,False,False
風火灱,hong-hué-to̍h,hong-hóe-to̍h,10,False,False,False,False,False,False,False,False,False,False
風調雨順,hong-tiau-ú-sūn,hong-tiau-ú-sūn,10,False,False,False,False,False,False,False,False,False,False
風鏡,hong-kiànn,hong-kiàⁿ,10,False,False,False,False,False,False,False,False,False,False
麻,mua,moa,10,False,False,False,False,False,False,False,False,False,False
𠕇身,tīng-sin,tēng-sin,10,False,False,False,False,False,False,False,False,False,False
𠕆身,tīng-sin,tēng-sin,10,False,False,False,False,False,False,False,False,False,False
𠁣𠁣𠃛𠃛,inn-inn-uainn-uainn,iⁿ-iⁿ-oaiⁿ-oaiⁿ,10,False,False,False,False,False,False,False,False,False,False
𠁆,khiau,khiau,10,False,False,False,False,False,False,False,False,False,False
龜脚,ku-kha,ku-kha,10,False,False,False,False,False,False,False,False,False,False
龜壳花,ku-khak-hue,ku-khak-hoe,10,False,False,False,False,False,False,False,False,False,False
龍眼,gîng,gêng,10,False,False,False,False,False,False,False,False,False,False
龍目井,lîng-ba̍k-tsénn,lêng-ba̍k-chéⁿ,10,False,False,False,False,False,False,False,False,False,False
龍井,lîng-tsénn,lêng-chéⁿ,10,False,False,False,False,False,False,False,False,False,False
齒敏,khí-bín,khí-bín,10,False,False,False,False,False,False,False,False,False,False
齒托仔,khí-thok-á,khí-thok-á,10,False,False,False,False,False,False,False,False,False,False
鼻彭喘,phīnn-phēnn-tshuán,phīⁿ-phēⁿ-chhoán,10,False,False,False,False,False,False,False,False,False,False
鼎刷,tiánn-tshè,tiáⁿ-chhè,10,False,False,False,False,False,False,False,False,False,False
點鐘仔,tiám-tsing-á,tiám-cheng-á,10,False,False,False,False,False,False,False,False,False,False
麺,mī,mī,10,False,False,False,False,False,False,False,False,False,False
𠫊堂,thiann-tn̂g,thiaⁿ-tn̂g,10,False,False,False,False,False,False,False,False,False,False
麵𥻿,mī-thi,mī-thi,10,False,False,False,False,False,False,False,False,False,False
麵担仔,mī-tànn-á,mī-tàⁿ-á,10,False,False,False,False,False,False,False,False,False,False
麗麗,leh-leh,leh-leh,10,False,False,False,False,False,False,False,False,False,False
鹽魚,kiâm-hî,kiâm-hî,10,False,False,False,False,False,False,False,False,False,False
鹽酸甜,kiâm-sng-tinn,kiâm-sng-tiⁿ,10,False,False,False,False,False,False,False,False,False,False
鹽酥鷄,kiâm-soo-ke,kiâm-so͘-ke,10,False,False,False,False,False,False,False,False,False,False
鹽酥雞,kiâm-soo-ke,kiâm-so͘-ke,10,False,False,False,False,False,False,False,False,False,False
鹽蜊仔,kiâm-lâ-á,kiâm-lâ-á,10,False,False,False,False,False,False,False,False,False,False
鹽菜,kiâm-tshài,kiâm-chhài,10,False,False,False,False,False,False,False,False,False,False
鹽糜,kiâm-bê,kiâm-bê,10,False,False,False,False,False,False,False,False,False,False
鹽督督,kiâm-tok-tok,kiâm-tok-tok,10,False,False,False,False,False,False,False,False,False,False
鹽澁,kiâm-siap,kiâm-siap,10,False,False,False,False,False,False,False,False,False,False
鹻粽,kinn-tsàng,kiⁿ-chàng,10,False,False,False,False,False,False,False,False,False,False
鹹酥鷄,kiâm-soo-ke,kiâm-so͘-ke,10,False,False,False,False,False,False,False,False,False,False
𠞉筌,liah-tshuann,liah-chhoaⁿ,10,False,False,False,False,False,False,False,False,False,False
𠲿廣,suh-kóng,suh-kóng,10,False,False,False,False,False,False,False,False,False,False
鹹澁,kiâm-siap,kiâm-siap,10,False,False,False,False,False,False,False,False,False,False
𩚨塊塊,khiū-teh-teh,khiū-teh-teh,10,False,False,False,False,False,False,False,False,False,False
條腹,tiâu-pak,tiâu-pak,10,False,False,False,False,False,False,False,False,False,False
𬊳粽,kinn-tsàng,kiⁿ-chàng,10,False,False,False,False,False,False,False,False,False,False
𫽾開,tháu-khui,tháu-khui,10,False,False,False,False,False,False,False,False,False,False
𫽾放,tháu-pàng,tháu-pàng,10,False,False,False,False,False,False,False,False,False,False
𫙮魚坑,kia̍t-hî-khenn,kia̍t-hî-kheⁿ,10,False,False,False,False,False,False,False,False,False,False
𫔘𫔘仔,tú-tú-á,tú-tú-á,10,False,False,False,False,False,False,False,False,False,False
𫔘𫔘,tú-tú,tú-tú,10,False,False,False,False,False,False,False,False,False,False
𪮮,ngiauh,ngiauh,10,False,False,False,False,False,False,False,False,False,False
𪮮,giáu,giáu,10,False,False,False,False,False,False,False,False,False,False
𪎶,thun,thun,10,False,False,False,False,False,False,False,False,False,False
𩼣魚,kuè-hî,kòe-hî,10,False,False,False,False,False,False,False,False,False,False
𩻸魚,tāi-hî,tāi-hî,10,False,False,False,False,False,False,False,False,False,False
𩻸仔魚,tāi-á-hî,tāi-á-hî,10,False,False,False,False,False,False,False,False,False,False
𩻸仔,tāi-á,tāi-á,10,False,False,False,False,False,False,False,False,False,False
𨑨迌乜仔,tshit-thô-mih-á,chhit-thô-mih-á,10,False,False,False,False,False,False,False,False,False,False
𠻳,sàu,sàu,10,False,False,False,False,False,False,False,False,False,False
𧿳,hut,hut,10,False,False,False,False,False,False,False,False,False,False
𧃽菜,ìng-tshài,èng-chhài,10,False,False,False,False,False,False,False,False,False,False
𥝲心仔,ún-sim-á,ún-sim-á,10,False,False,False,False,False,False,False,False,False,False
𥝲凍,ún-tàng,ún-tàng,10,False,False,False,False,False,False,False,False,False,False
𤍠,jia̍t,jia̍t,10,False,False,False,False,False,False,False,False,False,False
𤆬某,tshuā-bóo,chhōa-bó͘,10,False,False,False,False,False,False,False,False,False,False
𢭗,lòng,lòng,10,False,False,False,False,False,False,False,False,False,False
𢪷,mooh,mo͘h,10,False,False,False,False,False,False,False,False,False,False
𢙨辦,chhûn-pān,chhûn-pān,10,False,False,False,False,False,False,False,False,False,False
𢙨死兮,chhûn-sí-ê,chhûn-sí-ê,10,False,False,False,False,False,False,False,False,False,False
𢙨死个,chhûn-sí-ê,chhûn-sí-ê,10,False,False,False,False,False,False,False,False,False,False
𢙨死,chhûn-sí,chhûn-sí,10,False,False,False,False,False,False,False,False,False,False
𢙨心,chhûn-sim,chhûn-sim,10,False,False,False,False,False,False,False,False,False,False
𢙨,chhûn,chhûn,10,False,False,False,False,False,False,False,False,False,False
鹹督督,kiâm-tok-tok,kiâm-tok-tok,10,False,False,False,False,False,False,False,False,False,False
鷄腿飯,ke-thuí-pn̄g,ke-thúi-pn̄g,10,False,False,False,False,False,False,False,False,False,False
飛行机,hui-hîng-ki,hui-hêng-ki,10,False,False,False,False,False,False,False,False,False,False
香貢貢,phang-kòng-kòng,phang-kòng-kòng,10,False,False,False,False,False,False,False,False,False,False
高大,kuân-tuā,koân-tōa,10,False,False,False,False,False,False,False,False,False,False
驚見,kiann-ìnn,kiaⁿ-ìⁿ,10,False,False,False,False,False,False,False,False,False,False
驚刑,kiann-hiânn,kiaⁿ-hiâⁿ,10,False,False,False,False,False,False,False,False,False,False
驚了,kiann-á,kiaⁿ-á,10,False,False,False,False,False,False,False,False,False,False
騫仔,khian-á,khian-á,10,False,False,False,False,False,False,False,False,False,False
騙肖兮,phiàn-siáu-ê,phiàn-siáu-ê,10,False,False,False,False,False,False,False,False,False,False
騙肖个,phiàn-siáu-ê,phiàn-siáu-ê,10,False,False,False,False,False,False,False,False,False,False
騙小个,phiàn-siáu-ê,phiàn-siáu-ê,10,False,False,False,False,False,False,False,False,False,False
騙嬲兮,phiàn-siáu-ê,phiàn-siáu-ê,10,False,False,False,False,False,False,False,False,False,False
騙嬲个,phiàn-siáu-ê,phiàn-siáu-ê,10,False,False,False,False,False,False,False,False,False,False
騙囝仔,phiàn-gín-ná,phiàn-gín-ná,10,False,False,False,False,False,False,False,False,False,False
馴,hùn,hùn,10,False,False,False,False,False,False,False,False,False,False
馬鞍山,bé-uann-suann,bé-oaⁿ-soaⁿ,10,False,False,False,False,False,False,False,False,False,False
香雪文,phang-sap-bûn,phang-sap-bûn,10,False,False,False,False,False,False,False,False,False,False
香菰,hiunn-koo,hiuⁿ-ko͘,10,False,False,False,False,False,False,False,False,False,False
高搭鞋,kuân-tah-ê,koân-tah-ê,10,False,False,False,False,False,False,False,False,False,False
餐𠫊,tshan-thiann,chhan-thiaⁿ,10,False,False,False,False,False,False,False,False,False,False
餐厛,tshan-thiann,chhan-thiaⁿ,10,False,False,False,False,False,False,False,False,False,False
飼某子,tshī-bóo-kiánn,chhī-bó͘-kiáⁿ,10,False,False,False,False,False,False,False,False,False,False
飼子,tshī-kiánn,chhī-kiáⁿ,10,False,False,False,False,False,False,False,False,False,False
飲珈琲,lim-ka-pi,lim-ka-pi,10,False,False,False,False,False,False,False,False,False,False
飲咖啡,lim-ka-pi,lim-ka-pi,10,False,False,False,False,False,False,False,False,False,False
飫飽炒,iau-pá-tshá,iau-pá-chhá,10,False,False,False,False,False,False,False,False,False,False
飧厛,tshan-thiann,chhan-thiaⁿ,10,False,False,False,False,False,False,False,False,False,False
食飯飽,tsia̍h-pn̄g-pá,chia̍h-pn̄g-pá,10,False,False,False,False,False,False,False,False,False,False
食芬,tsia̍h-hun,chia̍h-hun,10,False,False,False,False,False,False,False,False,False,False
食烟,tsia̍h-hun,chia̍h-hun,10,False,False,False,False,False,False,False,False,False,False
食昼,tsia̍h-tàu,chia̍h-tàu,10,False,False,False,False,False,False,False,False,False,False
飛龍仔,pue-lîng-á,poe-lêng-á,10,False,False,False,False,False,False,False,False,False,False
飛行机,hui-lîng-ki,hui-lêng-ki,10,False,False,False,False,False,False,False,False,False,False
高屐仔,kuân-kia̍h-á,koân-kia̍h-á,10,False,False,False,False,False,False,False,False,False,False
高樓,kuân-lâu,koân-lâu,10,False,False,False,False,False,False,False,False,False,False
鷄腿,ke-thuí,ke-thúi,10,False,False,False,False,False,False,False,False,False,False
鵠頭,khok-thâu,khok-thâu,10,False,False,False,False,False,False,False,False,False,False
鷄腱,ke-kiān,ke-kiān,10,False,False,False,False,False,False,False,False,False,False
鷄肉飯,ke-bah-pn̄g,ke-bah-pn̄g,10,False,False,False,False,False,False,False,False,False,False
鷄肉,ke-bah,ke-bah,10,False,False,False,False,False,False,False,False,False,False
鷄籠,ke-lâng,ke-lâng,10,False,False,False,False,False,False,False,False,False,False
鷄爛仔,ke-nuā-á,ke-nōa-á,10,False,False,False,False,False,False,False,False,False,False
鷄母皮,ke-bú-phuê,ke-bú-phôe,10,False,False,False,False,False,False,False,False,False,False
鷄母皮,ke-bó-phuê,ke-bó-phôe,10,False,False,False,False,False,False,False,False,False,False
鷄母,ke-bó,ke-bó,10,False,False,False,False,False,False,False,False,False,False
鷄歸,ke-kui,ke-kui,10,False,False,False,False,False,False,False,False,False,False
鷄核仔,ke-hu̍t-á,ke-hu̍t-á,10,False,False,False,False,False,False,False,False,False,False
鷄排,ke-pâi,ke-pâi,10,False,False,False,False,False,False,False,False,False,False
鷄捲,kue-kńg,koe-kńg,10,False,False,False,False,False,False,False,False,False,False
鷄妹仔,ke-nuā-á,ke-nōa-á,10,False,False,False,False,False,False,False,False,False,False
鷄卵糕,ke-nn̄g-ko,ke-nn̄g-ko,10,False,False,False,False,False,False,False,False,False,False
鳥鼠,niáu-chhí,niáu-chhí,10,False,False,False,False,False,False,False,False,False,False
高賞,ko-sióng,ko-sióng,10,False,False,False,False,False,False,False,False,False,False
鳥仔蓋,tsiáu-á-kuà,chiáu-á-kòa,10,False,False,False,False,False,False,False,False,False,False
鳥仔巴,tsiáu-á-pa,chiáu-á-pa,10,False,False,False,False,False,False,False,False,False,False
鳥仔壽,tsiáu-á-siū,chiáu-á-siū,10,False,False,False,False,False,False,False,False,False,False
鱔魚意麵,siān-hî-ì-mī,siān-hî-ì-mī,10,False,False,False,False,False,False,False,False,False,False
鰍鰍,liu-liu,liu-liu,10,False,False,False,False,False,False,False,False,False,False
鮝,siáng,siáng,10,False,False,False,False,False,False,False,False,False,False
鮘魚,tāi-hî,tāi-hî,10,False,False,False,False,False,False,False,False,False,False
鮘仔魚,tāi-á-hî,tāi-á-hî,10,False,False,False,False,False,False,False,False,False,False
鮘仔,tāi-á,tāi-á,10,False,False,False,False,False,False,False,False,False,False
魲鰻,lôo-muâ,lô͘-môa,10,False,False,False,False,False,False,False,False,False,False
魯古石,ló-kóo-tsio̍h,ló-kó͘-chio̍h,10,False,False,False,False,False,False,False,False,False,False
魚港,hî-káng,hî-káng,10,False,False,False,False,False,False,False,False,False,False
鬥脚手,tàu-kha-tshiú,tàu-kha-chhiú,10,False,False,False,False,False,False,False,False,False,False
鬥底,tàu-tí,tàu-tí,10,False,False,False,False,False,False,False,False,False,False
連合,liân-ha̍p,liân-ha̍p,10,False,False,False,False,False,False,False,False,False,False
連口鬚,lián-tshuì-tshiu,lián-chhùi-chhiu,10,False,False,False,False,False,False,False,False,False,False
連,liàn,liàn,10,False,False,False,False,False,False,False,False,False,False
蚵堆,ô-te,ô-te,10,False,False,False,False,False,False,False,False,False,False
血捔,hiat-ka̍k,hiat-ka̍k,10,False,False,False,False,False,False,False,False,False,False
血形,hueh-hîng,hoeh-hêng,10,False,False,False,False,False,False,False,False,False,False
蠟灼,la̍h-tsik,la̍h-chek,10,False,False,False,False,False,False,False,False,False,False
蠕蠕趖,ngia̍uh-ngia̍uh-sô,ngia̍uh-ngia̍uh-sô,10,False,False,False,False,False,False,False,False,False,False
蠕蠕,ngia̍uh-ngia̍uh,ngia̍uh-ngia̍uh,10,False,False,False,False,False,False,False,False,False,False
蟳廣菜,tsîm-kóng-tshài,chîm-kóng-chhài,10,False,False,False,False,False,False,False,False,False,False
蟑螆,tsiunn-tsî,chiuⁿ-chî,10,False,False,False,False,False,False,False,False,False,False
螺絲,lōo-si,lō͘-si,10,False,False,False,False,False,False,False,False,False,False
螺糸,lōo-si,lō͘-si,10,False,False,False,False,False,False,False,False,False,False
螺,juê,jôe,10,False,False,False,False,False,False,False,False,False,False
蝦蹇,hê-kián,hê-kián,10,False,False,False,False,False,False,False,False,False,False
蝦見,hê-kián,hê-kián,10,False,False,False,False,False,False,False,False,False,False
蝦捲,hê-kńg,hê-kńg,10,False,False,False,False,False,False,False,False,False,False
蜂,phāng,phāng,10,False,False,False,False,False,False,False,False,False,False
蚋燭,la̍h-tsik,la̍h-chek,10,False,False,False,False,False,False,False,False,False,False
血角,hiat-ka̍k,hiat-ka̍k,10,False,False,False,False,False,False,False,False,False,False
蚋灼,la̍h-tsik,la̍h-chek,10,False,False,False,False,False,False,False,False,False,False
虛礼礼,hi-leh-leh,hi-leh-leh,10,False,False,False,False,False,False,False,False,False,False
虛レレ,hi-leh-leh,hi-leh-leh,10,False,False,False,False,False,False,False,False,False,False
藉,tsiā,chiā,10,False,False,False,False,False,False,False,False,False,False
薛薛,sih-sih,sih-sih,10,False,False,False,False,False,False,False,False,False,False
薔薇花,tshiûⁿ-bî-hue,chhiûⁿ-bî-hoe,10,False,False,False,False,False,False,False,False,False,False
薔薇,tshiûⁿ-bî,chhiûⁿ-bî,10,False,False,False,False,False,False,False,False,False,False
蓋杯,khap-pue,khap-poe,10,False,False,False,False,False,False,False,False,False,False
蒯,kuáinn,koáiⁿ,10,False,False,False,False,False,False,False,False,False,False
葱鬚,tshàng-tshiu,chhàng-chhiu,10,False,False,False,False,False,False,False,False,False,False
葯材,io̍h-tsâi,io̍h-châi,10,False,False,False,False,False,False,False,False,False,False
葯房,io̍h-pâng,io̍h-pâng,10,False,False,False,False,False,False,False,False,False,False
葯局,io̍h-kio̍k,io̍h-kio̍k,10,False,False,False,False,False,False,False,False,False,False
葯丸,io̍h-uân,io̍h-oân,10,False,False,False,False,False,False,False,False,False,False
血稅,hiat-suè,hiat-sòe,10,False,False,False,False,False,False,False,False,False,False
行船,kiânn-chûn,kiâⁿ-chûn,10,False,False,False,False,False,False,False,False,False,False
葡萄酒,pô-tô-tsiú,pô-tô-chiú,10,False,False,False,False,False,False,False,False,False,False
袂比,bē-pí,bē-pí,10,False,False,False,False,False,False,False,False,False,False
覑,phián,phián,10,False,False,False,False,False,False,False,False,False,False
見那,kiàn-nā,kiàn-nā,10,False,False,False,False,False,False,False,False,False,False
要点,iàu-tiám,iàu-tiám,10,False,False,False,False,False,False,False,False,False,False
西米羅,se-bí-looh,se-bí-lo͘h,10,False,False,False,False,False,False,False,False,False,False
西洋人,se-iûⁿ-lâng,se-iûⁿ-lâng,10,False,False,False,False,False,False,False,False,False,False
西洋,se-iûⁿ,se-iûⁿ,10,False,False,False,False,False,False,False,False,False,False
西平,sai-pîng,sai-pêng,10,False,False,False,False,False,False,False,False,False,False
西屯,sai-tūn,sai-tūn,10,False,False,False,False,False,False,False,False,False,False
褲脚,khòo-kha,khò͘-kha,10,False,False,False,False,False,False,False,False,False,False
裁,tshāi,chhāi,10,False,False,False,False,False,False,False,False,False,False
袜仔,be̍h-á,be̍h-á,10,False,False,False,False,False,False,False,False,False,False
袜,bue̍h,boe̍h,10,False,False,False,False,False,False,False,False,False,False
袂離,bē-lī,bē-lī,10,False,False,False,False,False,False,False,False,False,False
袂離,buē-lī,bōe-lī,10,False,False,False,False,False,False,False,False,False,False
袂春車,bē-tshun-tshia,bē-chhun-chhia,10,False,False,False,False,False,False,False,False,False,False
行船人,kiânn-chûn-lâng,kiâⁿ-chûn-lâng,10,False,False,False,False,False,False,False,False,False,False
袂振袂動,bē-tín-bē-tāng,bē-tín-bē-tāng,10,False,False,False,False,False,False,False,False,False,False
袂振袂動,buē-tín-buē-tāng,bōe-tín-bōe-tāng,10,False,False,False,False,False,False,False,False,False,False
袂唁,bē-giàn,bē-giàn,10,False,False,False,False,False,False,False,False,False,False
袂唁,buē-giàn,bōe-giàn,10,False,False,False,False,False,False,False,False,False,False
袂伸車,bē-tshun-tshia,bē-chhun-chhia,10,False,False,False,False,False,False,False,False,False,False
衰屑,sue-siâu,soe-siâu,10,False,False,False,False,False,False,False,False,False,False
衫廚,sann-tû,saⁿ-tû,10,False,False,False,False,False,False,False,False,False,False
衫厨,sann-tû,saⁿ-tû,10,False,False,False,False,False,False,False,False,False,False
衫仔廚,sann-á-tû,saⁿ-á-tû,10,False,False,False,False,False,False,False,False,False,False
衫仔厨,sann-á-tû,saⁿ-á-tû,10,False,False,False,False,False,False,False,False,False,False
表小妹,piáu-sió-muāi,piáu-sió-moāi,10,False,False,False,False,False,False,False,False,False,False
表姉妹,piáu-chí-muē,piáu-chí-mōe,10,False,False,False,False,False,False,False,False,False,False
表姉,piáu-chí,piáu-chí,10,False,False,False,False,False,False,False,False,False,False
街頭巷尾,ke-thâu-hāng-bué,ke-thâu-hāng-bóe,10,False,False,False,False,False,False,False,False,False,False
葡萄酒,pôo-tô-tsiú,pô͘-tô-chiú,10,False,False,False,False,False,False,False,False,False,False
葡萄酒,phû-thô-tsiú,phû-thô-chiú,10,False,False,False,False,False,False,False,False,False,False
覧爛,lám-nuā,lám-nōa,10,False,False,False,False,False,False,False,False,False,False
舞伴,bú-phuānn,bú-phōaⁿ,10,False,False,False,False,False,False,False,False,False,False
若久,guā-kú,gōa-kú,10,False,False,False,False,False,False,False,False,False,False
若,jiá,jiá,10,False,False,False,False,False,False,False,False,False,False
芬吹,hun-tshue,hun-chhoe,10,False,False,False,False,False,False,False,False,False,False
芥菜子,kuà-tshài-chí,kòa-chhài-chí,10,False,False,False,False,False,False,False,False,False,False
芥菜只,kuà-tshài-chí,kòa-chhài-chí,10,False,False,False,False,False,False,False,False,False,False
芒芒,bâng-bâng,bâng-bâng,10,False,False,False,False,False,False,False,False,False,False
芋粿𠁆,ōo-kué-khiau,ō͘-kóe-khiau,10,False,False,False,False,False,False,False,False,False,False
芋粿蹺,ōo-kué-khiau,ō͘-kóe-khiau,10,False,False,False,False,False,False,False,False,False,False
芋仔氷,ōo-á-ping,ō͘-á-peng,10,False,False,False,False,False,False,False,False,False,False
芉芒,kuann-bâng,koaⁿ-bâng,10,False,False,False,False,False,False,False,False,False,False
色治,sik-tī,sek-tī,10,False,False,False,False,False,False,False,False,False,False
艮,gîn,gîn,10,False,False,False,False,False,False,False,False,False,False
舞𠫊,bú-thiann,bú-thiaⁿ,10,False,False,False,False,False,False,False,False,False,False
舞厛,bú-thiann,bú-thiaⁿ,10,False,False,False,False,False,False,False,False,False,False
致卜,tih-beh,tih-beh,10,False,False,False,False,False,False,False,False,False,False
若久,luā-kú,lōa-kú,10,False,False,False,False,False,False,False,False,False,False
臭火乾,tshàu-hué-ta,chhàu-hóe-ta,10,False,False,False,False,False,False,False,False,False,False
臭段,tshàu-tuānn,chhàu-tōaⁿ,10,False,False,False,False,False,False,False,False,False,False
臭操,tshàu-tsho,chhàu-chho,10,False,False,False,False,False,False,False,False,False,False
臭乳玳,tshàu-ling-tai,chhàu-leng-tai,10,False,False,False,False,False,False,False,False,False,False
臭乳代,tshàu-ling-tai,chhàu-leng-tai,10,False,False,False,False,False,False,False,False,False,False
自我紹介,tsū-ngóo-siāu-kài,chū-ngó͘-siāu-kài,10,False,False,False,False,False,False,False,False,False,False
自安呢,tsū-án-ne,chū-án-ne,10,False,False,False,False,False,False,False,False,False,False
臨時臨夭,lîm-sî-lîm-iāu,lîm-sî-lîm-iāu,10,False,False,False,False,False,False,False,False,False,False
腿庫飯,thuí-khòo-pn̄g,thúi-khò͘-pn̄g,10,False,False,False,False,False,False,False,False,False,False
腰子,io-chí,io-chí,10,False,False,False,False,False,False,False,False,False,False
腰只,io-chí,io-chí,10,False,False,False,False,False,False,False,False,False,False
脫赤脚,thǹg-tshiah-kha,thǹg-chhiah-kha,10,False,False,False,False,False,False,False,False,False,False
脫窓,thuah-thang,thoah-thang,10,False,False,False,False,False,False,False,False,False,False
脫剝體,thǹg-pak-theh,thǹg-pak-theh,10,False,False,False,False,False,False,False,False,False,False
若久,juā-kú,jōa-kú,10,False,False,False,False,False,False,False,False,False,False
若仔,guā-á,gōa-á,10,False,False,False,False,False,False,False,False,False,False
著,tì,tì,10,False,False,False,False,False,False,False,False,False,False
草鋏仔,tsháu-keh-á,chháu-keh-á,10,False,False,False,False,False,False,False,False,False,False
落雷,lo̍h-lûi,lo̍h-lûi,10,False,False,False,False,False,False,False,False,False,False
落船,lo̍h-chûn,lo̍h-chûn,10,False,False,False,False,False,False,False,False,False,False
萬蠻,bân-bân,bân-bân,10,False,False,False,False,False,False,False,False,False,False
萬歳,bān-suè,bān-sòe,10,False,False,False,False,False,False,False,False,False,False
萬巒,bân-bân,bân-bân,10,False,False,False,False,False,False,False,False,False,False
萬丹,bān-tan,bān-tan,10,False,False,False,False,False,False,False,False,False,False
萬三,bān-sann,bān-saⁿ,10,False,False,False,False,False,False,False,False,False,False
菲律賓,hui-li̍p-pin,hui-li̍p-pin,10,False,False,False,False,False,False,False,False,False,False
菲律濱,hui-li̍p-pin,hui-li̍p-pin,10,False,False,False,False,False,False,False,False,False,False
菠稜仔,pue-lîng-á,poe-lêng-á,10,False,False,False,False,False,False,False,False,False,False
菠,pho,pho,10,False,False,False,False,False,False,False,False,False,False
菜厨,tshài-tû,chhài-tû,10,False,False,False,False,False,False,False,False,False,False
莖,kuáinn,koáiⁿ,10,False,False,False,False,False,False,False,False,False,False
荔支,nāi-tsi,nāi-chi,10,False,False,False,False,False,False,False,False,False,False
草螟公,tsháu-meh-kong,chháu-meh-kong,10,False,False,False,False,False,False,False,False,False,False
若哖,guā-ni̍h,gōa-ni̍h,10,False,False,False,False,False,False,False,False,False,False
草螟仔,tsháu-meh-á,chháu-meh-á,10,False,False,False,False,False,False,False,False,False,False
茹葱葱,jû-tsháng-tsháng,jû-chháng-chháng,10,False,False,False,False,False,False,False,False,False,False
茹四夢,jû-sù-bāng,jû-sù-bāng,10,False,False,False,False,False,False,False,False,False,False
茶篐,tê-khoo,tê-kho͘,10,False,False,False,False,False,False,False,False,False,False
茶匝,tê-khoo,tê-kho͘,10,False,False,False,False,False,False,False,False,False,False
茄萣仔,ka-tiann-á,ka-tiaⁿ-á,10,False,False,False,False,False,False,False,False,False,False
苹果,phōng-kó,phōng-kó,10,False,False,False,False,False,False,False,False,False,False
若年,luā-nī,lōa-nī,10,False,False,False,False,False,False,False,False,False,False
若年,luā-ni̍h,lōa-ni̍h,10,False,False,False,False,False,False,False,False,False,False
若年,guā-nī,gōa-nī,10,False,False,False,False,False,False,False,False,False,False
若年,guā-ni̍h,gōa-ni̍h,10,False,False,False,False,False,False,False,False,False,False
若哖,luā-nī,lōa-nī,10,False,False,False,False,False,False,False,False,False,False
若哖,luā-ni̍h,lōa-ni̍h,10,False,False,False,False,False,False,False,False,False,False
若哖,guā-nī,gōa-nī,10,False,False,False,False,False,False,False,False,False,False
覥,thián,thián,10,False,False,False,False,False,False,False,False,False,False
親口,tshin-tshuì,chhin-chhùi,10,False,False,False,False,False,False,False,False,False,False
造,tshò,chhò,10,False,False,False,False,False,False,False,False,False,False
超尋,tshiau-tshē,chhiau-chhē,10,False,False,False,False,False,False,False,False,False,False
躼脚仔,lò-kha-á,lò-kha-á,10,False,False,False,False,False,False,False,False,False,False
躼脚,lò-kha,lò-kha,10,False,False,False,False,False,False,False,False,False,False
身份証,sin-hūn-tsìng,sin-hūn-chèng,10,False,False,False,False,False,False,False,False,False,False
蹺脚,khiau-kha,khiau-kha,10,False,False,False,False,False,False,False,False,False,False
蹺孤輦,khiàu-koo-lián,khiàu-ko͘-lián,10,False,False,False,False,False,False,False,False,False,False
踐,tshiân,chhiân,10,False,False,False,False,False,False,False,False,False,False
踈,soo,so͘,10,False,False,False,False,False,False,False,False,False,False
跳銅,thiàu-tâng,thiàu-tâng,10,False,False,False,False,False,False,False,False,False,False
趘,jiok,jiok,10,False,False,False,False,False,False,False,False,False,False
越南語,ua̍t-lâm-gí,oa̍t-lâm-gí,10,False,False,False,False,False,False,False,False,False,False
越南人,ua̍t-lâm-lâng,oa̍t-lâm-lâng,10,False,False,False,False,False,False,False,False,False,False
趇,jiok,jiok,10,False,False,False,False,False,False,False,False,False,False
超趒,tshio-tiô,chhio-tiô,10,False,False,False,False,False,False,False,False,False,False
超粟,tshiau-tshi̍k,chhiau-chhe̍k,10,False,False,False,False,False,False,False,False,False,False
超尋,tshiau-tshuē,chhiau-chhōe,10,False,False,False,False,False,False,False,False,False,False
車營,tshia-iānn,chhia-iāⁿ,10,False,False,False,False,False,False,False,False,False,False
超,tshiâu,chhiâu,10,False,False,False,False,False,False,False,False,False,False
起銅,khí-tâng,khí-tâng,10,False,False,False,False,False,False,False,False,False,False
起船,khí-chûn,khí-chûn,10,False,False,False,False,False,False,False,False,False,False
起脚,khí-kha,khí-kha,10,False,False,False,False,False,False,False,False,False,False
起肖,khí-siáu,khí-siáu,10,False,False,False,False,False,False,False,False,False,False
起毛志,khi-móo-tsih,khi-mó͘-chih,10,False,False,False,False,False,False,False,False,False,False
起歩,khí-pōo,khí-pō͘,10,False,False,False,False,False,False,False,False,False,False
起嬲,khí-siáu,khí-siáu,10,False,False,False,False,False,False,False,False,False,False
起唾面,khí-phuì-bīn,khí-phùi-bīn,10,False,False,False,False,False,False,False,False,False,False
起去,khit-lì,khit-lì,10,False,False,False,False,False,False,False,False,False,False
走車,tsáu-tshia,cháu-chhia,10,False,False,False,False,False,False,False,False,False,False
走尋,tsáu-tshuē,cháu-chhōe,10,False,False,False,False,False,False,False,False,False,False
赤颺颺,tshiah-iānn-iānn,chhiah-iāⁿ-iāⁿ,10,False,False,False,False,False,False,False,False,False,False
赤脚,tshiah-kha,chhiah-kha,10,False,False,False,False,False,False,False,False,False,False
躼錫錫,lò-sia̍k-sia̍k,lò-sia̍k-sia̍k,10,False,False,False,False,False,False,False,False,False,False
車輦党,tshia-lián-tóng,chhia-lián-tóng,10,False,False,False,False,False,False,False,False,False,False
賴年,luā-nī,lōa-nī,10,False,False,False,False,False,False,False,False,False,False
辦段,pān-tuānn,pān-tōaⁿ,10,False,False,False,False,False,False,False,False,False,False
通𫽾,thong-tháu,thong-tháu,10,False,False,False,False,False,False,False,False,False,False
通解,thong-tháu,thong-tháu,10,False,False,False,False,False,False,False,False,False,False
通,thōng,thōng,10,False,False,False,False,False,False,False,False,False,False
逐个人,ta̍k-ê-lâng,ta̍k-ê-lâng,10,False,False,False,False,False,False,False,False,False,False
透湳,thàu-lām,thàu-lām,10,False,False,False,False,False,False,False,False,False,False
逍遥,siau-iâu,siau-iâu,10,False,False,False,False,False,False,False,False,False,False
迫空,piak-khang,piak-khang,10,False,False,False,False,False,False,False,False,False,False
迩,ní,ní,10,False,False,False,False,False,False,False,False,False,False
返大人,tńg-tuā-lâng,tńg-tōa-lâng,10,False,False,False,False,False,False,False,False,False,False
返厝,tńg-tshù,tńg-chhù,10,False,False,False,False,False,False,False,False,False,False
農葯,lông-io̍h,lông-io̍h,10,False,False,False,False,False,False,False,False,False,False
農産品,lông-sán-phín,lông-sán-phín,10,False,False,False,False,False,False,False,False,False,False
辨論,piān-lūn,piān-lūn,10,False,False,False,False,False,False,False,False,False,False
辨解,piān-kái,piān-kái,10,False,False,False,False,False,False,False,False,False,False
辦世,pān-sè,pān-sè,10,False,False,False,False,False,False,False,False,False,False
車輦黨,tshia-lián-tóng,chhia-lián-tóng,10,False,False,False,False,False,False,False,False,False,False
辣,la̍t,la̍t,10,False,False,False,False,False,False,False,False,False,False
辟免,phiah-bián,phiah-bián,10,False,False,False,False,False,False,False,False,False,False
辞典,sû-tián,sû-tián,10,False,False,False,False,False,False,False,False,False,False
辛椒,hiam-tsio,hiam-chio,10,False,False,False,False,False,False,False,False,False,False
轆袋仔,lak-tē-á,lak-tē-á,10,False,False,False,False,False,False,False,False,False,False
轆漆,lak-tshat,lak-chhat,10,False,False,False,False,False,False,False,False,False,False
輸嬴,su-iânn,su-iâⁿ,10,False,False,False,False,False,False,False,False,False,False
輦仔,lián-á,lián-á,10,False,False,False,False,False,False,False,False,False,False
輕声細說,khin-siann-sè-sueh,khin-siaⁿ-sè-soeh,10,False,False,False,False,False,False,False,False,False,False
軟燒燒,nńg-siô-siô,nńg-siô-siô,10,False,False,False,False,False,False,False,False,False,False
軟体,nńg-thé,nńg-thé,10,False,False,False,False,False,False,False,False,False,False
軒開,hian-khui,hian-khui,10,False,False,False,False,False,False,False,False,False,False
軋,uat,oat,10,False,False,False,False,False,False,False,False,False,False
車邦,tshia-pang,chhia-pang,10,False,False,False,False,False,False,False,False,False,False
赤營營,tshiah-iānn-iānn,chhiah-iāⁿ-iāⁿ,10,False,False,False,False,False,False,False,False,False,False
賴年,luā-ni̍h,lōa-ni̍h,10,False,False,False,False,False,False,False,False,False,False
親成五十,tshin-tsiânn-gōo-tsa̍p,chhin-chiâⁿ-gō͘-cha̍p,10,False,False,False,False,False,False,False,False,False,False
証据,tsìng-kì,chèng-kì,10,False,False,False,False,False,False,False,False,False,False
論眞,lūn-tsin,lūn-chin,10,False,False,False,False,False,False,False,False,False,False
諒早,liōng-tsá,liōng-chá,10,False,False,False,False,False,False,False,False,False,False
諂媚,thiám-mī,thiám-mī,10,False,False,False,False,False,False,False,False,False,False
調查,tiāu-tsa,tiāu-cha,10,False,False,False,False,False,False,False,False,False,False
說服,sueh-ho̍k,soeh-ho̍k,10,False,False,False,False,False,False,False,False,False,False
說伏,sueh-ho̍k,soeh-ho̍k,10,False,False,False,False,False,False,False,False,False,False
說,so̤h,so̤h,10,False,False,False,False,False,False,False,False,False,False
語言,gí-gân,gí-gân,10,False,False,False,False,False,False,False,False,False,False
話句,uē-kù,ōe-kù,10,False,False,False,False,False,False,False,False,False,False
試試,tshih-tshih,chhih-chhih,10,False,False,False,False,False,False,False,False,False,False
試揷,tshih-tshah,chhih-chhah,10,False,False,False,False,False,False,False,False,False,False
証書,tsìng-su,chèng-su,10,False,False,False,False,False,False,False,False,False,False
証明,tsìng-bîng,chèng-bêng,10,False,False,False,False,False,False,False,False,False,False
証據,tsìng-kì,chèng-kì,10,False,False,False,False,False,False,False,False,False,False
証券,tsìng-kuàn,chèng-koàn,10,False,False,False,False,False,False,False,False,False,False
論真講,lūn-tsin-kóng,lūn-chin-kóng,10,False,False,False,False,False,False,False,False,False,False
証件,tsìng-kiānn,chèng-kiāⁿ,10,False,False,False,False,False,False,False,False,False,False
診所,chín-sóo,chín-só͘,10,False,False,False,False,False,False,False,False,False,False
許號,hit-lō,hit-lō,10,False,False,False,False,False,False,False,False,False,False
許搭,hit-tah,hit-tah,10,False,False,False,False,False,False,False,False,False,False
許号,hit-lō,hit-lō,10,False,False,False,False,False,False,False,False,False,False
許卦,hit-kuá,hit-kóa,10,False,False,False,False,False,False,False,False,False,False
許冬時,hiàng-sî,hiàng-sî,10,False,False,False,False,False,False,False,False,False,False
記号,kì-hō,kì-hō,10,False,False,False,False,False,False,False,False,False,False
言語學,giân-gí-ha̍k,giân-gí-ha̍k,10,False,False,False,False,False,False,False,False,False,False
解芬,kái-hun,kái-hun,10,False,False,False,False,False,False,False,False,False,False
解熏,kái-hun,kái-hun,10,False,False,False,False,False,False,False,False,False,False
解烟,kái-hun,kái-hun,10,False,False,False,False,False,False,False,False,False,False
觀点,kuan-tiám,koan-tiám,10,False,False,False,False,False,False,False,False,False,False
覽爛,lám-nuā,lám-nōa,10,False,False,False,False,False,False,False,False,False,False
論眞講,lūn-tsin-kóng,lūn-chin-kóng,10,False,False,False,False,False,False,False,False,False,False
譛,tsìm,chìm,10,False,False,False,False,False,False,False,False,False,False
賴哖,luā-nī,lōa-nī,10,False,False,False,False,False,False,False,False,False,False
財産,tsâi-sán,châi-sán,10,False,False,False,False,False,False,False,False,False,False
賴哖,luā-ni̍h,lōa-ni̍h,10,False,False,False,False,False,False,False,False,False,False
賴仔,lua̍h-á,loa̍h-á,10,False,False,False,False,False,False,False,False,False,False
賴仔,guā-á,gōa-á,10,False,False,False,False,False,False,False,False,False,False
賴久,luā-kú,lōa-kú,10,False,False,False,False,False,False,False,False,False,False
賴久,juā-kú,jōa-kú,10,False,False,False,False,False,False,False,False,False,False
賛聲,tsàn-siann,chàn-siaⁿ,10,False,False,False,False,False,False,False,False,False,False
賛声,tsàn-siann,chàn-siaⁿ,10,False,False,False,False,False,False,False,False,False,False
賛,tsàn,chàn,10,False,False,False,False,False,False,False,False,False,False
貿嬴,ba̍uh-iânn,ba̍uh-iâⁿ,10,False,False,False,False,False,False,False,False,False,False
貢龜,kòng-ku,kòng-ku,10,False,False,False,False,False,False,False,False,False,False
貢鑼,kòng-lô,kòng-lô,10,False,False,False,False,False,False,False,False,False,False
貢鎚仔,kòng-thûi-á,kòng-thûi-á,10,False,False,False,False,False,False,False,False,False,False
貢槌仔,kòng-thûi-á,kòng-thûi-á,10,False,False,False,False,False,False,False,False,False,False
貢亀,kòng-ku,kòng-ku,10,False,False,False,False,False,False,False,False,False,False
負,phāinn,phāiⁿ,10,False,False,False,False,False,False,False,False,False,False
譯做,i̍k-tsò,e̍k-chò,10,False,False,False,False,False,False,False,False,False,False
貓鼠,niáu-chhí,niáu-chhí,10,False,False,False,False,False,False,False,False,False,False
貓比巴,niau-pì-pà,niau-pì-pà,10,False,False,False,False,False,False,False,False,False,False
豈能,thái-ē,thái-ē,10,False,False,False,False,False,False,False,False,False,False
豈能,thài-ē,thài-ē,10,False,False,False,False,False,False,False,False,False,False
豈會,thái-ē,thái-ē,10,False,False,False,False,False,False,False,False,False,False
豈會,thài-ē,thài-ē,10,False,False,False,False,False,False,False,False,False,False
豆蒲,tāu-pôo,tāu-pô͘,10,False,False,False,False,False,False,False,False,False,False
豆干箭,tāu-kuann-tsìnn,tāu-koaⁿ-chìⁿ,10,False,False,False,False,False,False,False,False,False,False
豆干煎,tāu-kuann-tsìnn,tāu-koaⁿ-chìⁿ,10,False,False,False,False,False,False,False,False,False,False
豆埔,tāu-pôo,tāu-pô͘,10,False,False,False,False,False,False,False,False,False,False
讐,siû,siû,10,False,False,False,False,False,False,False,False,False,False
變欵,piàn-khuán,piàn-khoán,10,False,False,False,False,False,False,False,False,False,False
讃,tsàn,chàn,10,False,False,False,False,False,False,False,False,False,False
讀册人,tha̍k-tsheh-lâng,tha̍k-chheh-lâng,10,False,False,False,False,False,False,False,False,False,False
梢声,sau-siann,sau-siaⁿ,10,False,False,False,False,False,False,False,False,False,False
脚腿,kha-thuí,kha-thúi,10,False,False,False,False,False,False,False,False,False,False
梅山,muê-san,môe-san,10,False,False,False,False,False,False,False,False,False,False
叉,tshé,chhé,10,False,False,False,False,False,False,False,False,False,False
厘,liàn,liàn,10,False,False,False,False,False,False,False,False,False,False
厘返,liàn-tńg,liàn-tńg,10,False,False,False,False,False,False,False,False,False,False
厛堂,thiann-tn̂g,thiaⁿ-tn̂g,10,False,False,False,False,False,False,False,False,False,False
厝脚,tshù-kha,chhù-kha,10,False,False,False,False,False,False,False,False,False,False
厦門,ē-mn̂g,ē-mn̂g,10,False,False,False,False,False,False,False,False,False,False
厭善,ià-siān,ià-siān,10,False,False,False,False,False,False,False,False,False,False
叉抄,tshe-tshau,chhe-chhau,10,False,False,False,False,False,False,False,False,False,False
别位,pa̍t-uī,pa̍t-ūi,10,False,False,False,False,False,False,False,False,False,False
叉抄,tshenn-tshau,chheⁿ-chhau,10,False,False,False,False,False,False,False,False,False,False
双生,siang-senn,siang-seⁿ,10,False,False,False,False,False,False,False,False,False,False
双生仔,siang-senn-á,siang-seⁿ-á,10,False,False,False,False,False,False,False,False,False,False
双面刀鬼,siang-bīn-to-kuí,siang-bīn-to-kúi,10,False,False,False,False,False,False,False,False,False,False
反乱,huán-luān,hoán-loān,10,False,False,False,False,False,False,False,False,False,False
反倒返,huán-tò-tńg,hoán-tò-tńg,10,False,False,False,False,False,False,False,False,False,False
卸世衆,sià-sì-tsìng,sià-sì-chèng,10,False,False,False,False,False,False,False,False,False,False
卸世卸衆,sià-sì-sià-tsìng,sià-sì-sià-chèng,10,False,False,False,False,False,False,False,False,False,False
即閣,tsiah-koh,chiah-koh,10,False,False,False,False,False,False,False,False,False,False
危險,hûi-hiám,hûi-hiám,10,False,False,False,False,False,False,False,False,False,False
卡過,khah-kuè,khah-kòe,10,False,False,False,False,False,False,False,False,False,False
卡輸面,khah-su-bīn,khah-su-bīn,10,False,False,False,False,False,False,False,False,False,False
卡講,khah-kóng,khah-kóng,10,False,False,False,False,False,False,False,False,False,False
卡脊骿,kha-tsiah-phiann,kha-chiah-phiaⁿ,10,False,False,False,False,False,False,False,False,False,False
卡脊後,kha-tsiah-āu,kha-chiah-āu,10,False,False,False,False,False,False,False,False,False,False
卡脊后,kha-tsiah-āu,kha-chiah-āu,10,False,False,False,False,False,False,False,False,False,False
卡大面,khah-tuā-bīn,khah-tōa-bīn,10,False,False,False,False,False,False,False,False,False,False
卡多,khah-tsē,khah-chē,10,False,False,False,False,False,False,False,False,False,False
卡停,khah-thîng,khah-thêng,10,False,False,False,False,False,False,False,False,False,False
占星學,tsiam-sing-ha̍k,chiam-seng-ha̍k,10,False,False,False,False,False,False,False,False,False,False
卜知,beh-tsai,beh-chai,10,False,False,False,False,False,False,False,False,False,False
卜治,beh-ti̍hⁿ,beh-ti̍hⁿ,10,False,False,False,False,False,False,False,False,False,False
卜池,beh-ti̍hⁿ,beh-ti̍hⁿ,10,False,False,False,False,False,False,False,False,False,False
叔伯姉妹,tsik-peh-chí-muē,chek-peh-chí-mōe,10,False,False,False,False,False,False,False,False,False,False
受難者,siū-lān-tsiá,siū-lān-chiá,10,False,False,False,False,False,False,False,False,False,False
叠,tha̍h,tha̍h,10,False,False,False,False,False,False,False,False,False,False
只有,chí-ū,chí-ū,10,False,False,False,False,False,False,False,False,False,False
合須,ha̍h-su,ha̍h-su,10,False,False,False,False,False,False,False,False,False,False
各様,koh-iūnn,koh-iūⁿ,10,False,False,False,False,False,False,False,False,False,False
司机,su-ki,su-ki,10,False,False,False,False,False,False,False,False,False,False
司奈,sai-nai,sai-nai,10,False,False,False,False,False,False,False,False,False,False
号碼,hō-bé,hō-bé,10,False,False,False,False,False,False,False,False,False,False
号名,hō-miâ,hō-miâ,10,False,False,False,False,False,False,False,False,False,False
号做,hō-tsuè,hō-chòe,10,False,False,False,False,False,False,False,False,False,False
史明,sú-bîng,sú-bêng,10,False,False,False,False,False,False,False,False,False,False
台員海峽,tâi-uân-hái-kiap,tâi-oân-hái-kiap,10,False,False,False,False,False,False,False,False,False,False
台仔頂,tâi-á-tíng,tâi-á-téng,10,False,False,False,False,False,False,False,False,False,False
台中腔,tâi-tiong-khiunn,tâi-tiong-khiuⁿ,10,False,False,False,False,False,False,False,False,False,False
可悪,khó-ònn,khó-ò͘ⁿ,10,False,False,False,False,False,False,False,False,False,False
只鏨,tsit-tsām,chit-chām,10,False,False,False,False,False,False,False,False,False,False
只號,tsit-hō,chit-hō,10,False,False,False,False,False,False,False,False,False,False
只斬,tsit-tsām,chit-chām,10,False,False,False,False,False,False,False,False,False,False
叠,thia̍p,thia̍p,10,False,False,False,False,False,False,False,False,False,False
只搭,tsit-tah,chit-tah,10,False,False,False,False,False,False,False,False,False,False
只号,tsit-hō,chit-hō,10,False,False,False,False,False,False,False,False,False,False
只卦,tsit-kuá,chit-kóa,10,False,False,False,False,False,False,False,False,False,False
古浪嶼,kóo-lōng-sū,kó͘-lōng-sū,10,False,False,False,False,False,False,False,False,False,False
古仔紙,kóo-á-tsuá,kó͘-á-chóa,10,False,False,False,False,False,False,False,False,False,False
古仔燈,kóo-á-ting,kó͘-á-teng,10,False,False,False,False,False,False,False,False,False,False
古仔灯,kóo-á-ting,kó͘-á-teng,10,False,False,False,False,False,False,False,False,False,False
口鬚,tshuì-tshiu,chhùi-chhiu,10,False,False,False,False,False,False,False,False,False,False
口舌,tshuì-tsi̍h,chhùi-chi̍h,10,False,False,False,False,False,False,False,False,False,False
口肶,tshuì-phué,chhùi-phóe,10,False,False,False,False,False,False,False,False,False,False
口水,tshuì-suí,chhùi-súi,10,False,False,False,False,False,False,False,False,False,False
口杯,tshuì-pue,chhùi-poe,10,False,False,False,False,False,False,False,False,False,False
口奄,tshuì-am,chhùi-am,10,False,False,False,False,False,False,False,False,False,False
口唇,tshuì-tûn,chhùi-tûn,10,False,False,False,False,False,False,False,False,False,False
卜按盞,beh-án-tsuánn,beh-án-chóaⁿ,10,False,False,False,False,False,False,False,False,False,False
卜愛,bueh-ài,boeh-ài,10,False,False,False,False,False,False,False,False,False,False
卜卜,beh-bueh,beh-boeh,10,False,False,False,False,False,False,False,False,False,False
加恰,ke-khah,ke-khah,10,False,False,False,False,False,False,False,False,False,False
北米州,pak-bí-tsiu,pak-bí-chiu,10,False,False,False,False,False,False,False,False,False,False
匏靴,pû-hia,pû-hia,10,False,False,False,False,False,False,False,False,False,False
勿勿,but-but,but-but,10,False,False,False,False,False,False,False,False,False,False
務沙沙,bū-sà-sà,bū-sà-sà,10,False,False,False,False,False,False,False,False,False,False
務,phū,phū,10,False,False,False,False,False,False,False,False,False,False
動産,tōng-sán,tōng-sán,10,False,False,False,False,False,False,False,False,False,False
勉强,bián-kióng,bián-kióng,10,False,False,False,False,False,False,False,False,False,False
効率,hāu-lu̍t,hāu-lu̍t,10,False,False,False,False,False,False,False,False,False,False
効果,hāu-kó,hāu-kó,10,False,False,False,False,False,False,False,False,False,False
加足,ke-tsiok,ke-chiok,10,False,False,False,False,False,False,False,False,False,False
加絶,ka-tsua̍h,ka-choa̍h,10,False,False,False,False,False,False,False,False,False,False
加真,ke-tsin,ke-chin,10,False,False,False,False,False,False,False,False,False,False
加眞,ke-tsin,ke-chin,10,False,False,False,False,False,False,False,False,False,False
加白笋,kha-pe̍h-sún,kha-pe̍h-sún,10,False,False,False,False,False,False,False,False,False,False
加咀,ka-tsua̍h,ka-choa̍h,10,False,False,False,False,False,False,False,False,False,False
北美州,pak-bí-tsiu,pak-bí-chiu,10,False,False,False,False,False,False,False,False,False,False
加刀,ka-to,ka-to,10,False,False,False,False,False,False,False,False,False,False
加,ká,ká,10,False,False,False,False,False,False,False,False,False,False
創省,tshòng-sánn,chhòng-sáⁿ,10,False,False,False,False,False,False,False,False,False,False
前閘,tsîng-tsa̍h,chêng-cha̍h,10,False,False,False,False,False,False,False,False,False,False
前年,chûn-nî,chûn-nî,10,False,False,False,False,False,False,False,False,False,False
削,siak,siak,10,False,False,False,False,False,False,False,False,False,False
剉,tshòo,chhò͘,10,False,False,False,False,False,False,False,False,False,False
刺克,tshì-khik,chhì-khek,10,False,False,False,False,False,False,False,False,False,False
刺㦸,tshì-khik,chhì-khek,10,False,False,False,False,False,False,False,False,False,False
到處,kàu-tè,kàu-tè,10,False,False,False,False,False,False,False,False,False,False
到至,kàu-kah,kàu-kah,10,False,False,False,False,False,False,False,False,False,False
到者爲止,kàu-tsia-ûi-chí,kàu-chia-ûi-chí,10,False,False,False,False,False,False,False,False,False,False
到処,kàu-tè,kàu-tè,10,False,False,False,False,False,False,False,False,False,False
到今,kah-tann,kah-taⁿ,10,False,False,False,False,False,False,False,False,False,False
北米洲,pak-bí-tsiu,pak-bí-chiu,10,False,False,False,False,False,False,False,False,False,False
匝仔,khoo-á,kho͘-á,10,False,False,False,False,False,False,False,False,False,False
博物舘,phok-bu̍t-kuán,phok-bu̍t-koán,10,False,False,False,False,False,False,False,False,False,False
千二,tshing-jī,chheng-jī,10,False,False,False,False,False,False,False,False,False,False
博博,pho̍k-pho̍k,pho̍k-pho̍k,10,False,False,False,False,False,False,False,False,False,False
博仔聲,pho̍k-á-siann,pho̍k-á-siaⁿ,10,False,False,False,False,False,False,False,False,False,False
博仔声,pho̍k-á-siann,pho̍k-á-siaⁿ,10,False,False,False,False,False,False,False,False,False,False
博,pho̍k,pho̍k,10,False,False,False,False,False,False,False,False,False,False
南美州,lâm-bí-tsiu,lâm-bí-chiu,10,False,False,False,False,False,False,False,False,False,False
南米洲,lâm-bí-tsiu,lâm-bí-chiu,10,False,False,False,False,False,False,False,False,False,False
南米州,lâm-bí-tsiu,lâm-bí-chiu,10,False,False,False,False,False,False,False,False,False,False
单,tuann,toaⁿ,10,False,False,False,False,False,False,False,False,False,False
卓頂,toh-tíng,toh-téng,10,False,False,False,False,False,False,False,False,False,False
卓巾,toh-kin,toh-kin,10,False,False,False,False,False,False,False,False,False,False
卓仔頂,toh-á-tíng,toh-á-téng,10,False,False,False,False,False,False,False,False,False,False
半項,puànn-hāng,pòaⁿ-hāng,10,False,False,False,False,False,False,False,False,False,False
半点鐘,puànn-tiám-tsing,pòaⁿ-tiám-cheng,10,False,False,False,False,False,False,False,False,False,False
千𫔘千,tshian-tú-tshian,chhian-tú-chhian,10,False,False,False,False,False,False,False,False,False,False
千三,tshing-sann,chheng-saⁿ,10,False,False,False,False,False,False,False,False,False,False
匾,píⁿ,píⁿ,10,False,False,False,False,False,False,False,False,False,False
千万,tshing-bān,chheng-bān,10,False,False,False,False,False,False,False,False,False,False
十月,tsa̍p-ge̍h,cha̍p-ge̍h,10,False,False,False,False,False,False,False,False,False,False
十四,tsa̍p-sì,cha̍p-sì,10,False,False,False,False,False,False,False,False,False,False
十六,tsa̍p-la̍k,cha̍p-la̍k,10,False,False,False,False,False,False,False,False,False,False
十八投仔,si̍p-pat-tâu-á,si̍p-pat-tâu-á,10,False,False,False,False,False,False,False,False,False,False
十九,tsa̍p-káu,cha̍p-káu,10,False,False,False,False,False,False,False,False,False,False
十三,tsa̍p-sann,cha̍p-saⁿ,10,False,False,False,False,False,False,False,False,False,False
十七,tsa̍p-tshit,cha̍p-chhit,10,False,False,False,False,False,False,False,False,False,False
十一月,tsa̍p-it-ge̍h,cha̍p-it-ge̍h,10,False,False,False,False,False,False,False,False,False,False
十一,tsa̍p-it,cha̍p-it,10,False,False,False,False,False,False,False,False,False,False
區樂部,khu-lo̍k-pōo,khu-lo̍k-pō͘,10,False,False,False,False,False,False,False,False,False,False
區區𠻳,khuh-khuh-sàu,khuh-khuh-sàu,10,False,False,False,False,False,False,False,False,False,False
區區嗽,khuh-khuh-sàu,khuh-khuh-sàu,10,False,False,False,False,False,False,False,False,False,False
匿相尋,bih-sio-tshuē,bih-sio-chhōe,10,False,False,False,False,False,False,False,False,False,False
吊鏡,tiàu-kiánn,tiàu-kiáⁿ,10,False,False,False,False,False,False,False,False,False,False
同欵,siāng-khuán,siāng-khoán,10,False,False,False,False,False,False,False,False,False,False
同窓,tông-tshong,tông-chhong,10,False,False,False,False,False,False,False,False,False,False
四脚仔,sì-kha-á,sì-kha-á,10,False,False,False,False,False,False,False,False,False,False
困袂去,khùn-bē-khì,khùn-bē-khì,10,False,False,False,False,False,False,False,False,False,False
困衫,khùn-sann,khùn-saⁿ,10,False,False,False,False,False,False,False,False,False,False
困眠,khùn-bîn,khùn-bîn,10,False,False,False,False,False,False,False,False,False,False
困房,khùn-pâng,khùn-pâng,10,False,False,False,False,False,False,False,False,False,False
因兜,in-tau,in-tau,10,False,False,False,False,False,False,False,False,False,False
囝仔兄姐,gín-á-hiann-tsé,gín-á-hiaⁿ-ché,10,False,False,False,False,False,False,False,False,False,False
囝仔兄姐,gín-ná-hiann-tsé,gín-ná-hiaⁿ-ché,10,False,False,False,False,False,False,False,False,False,False
囝仔兄姉,gín-á-hiann-tsé,gín-á-hiaⁿ-ché,10,False,False,False,False,False,False,False,False,False,False
囝仔兄姉,gín-ná-hiann-tsé,gín-ná-hiaⁿ-ché,10,False,False,False,False,False,False,False,False,False,False
囝仔兄,gín-á-hiann,gín-á-hiaⁿ,10,False,False,False,False,False,False,False,False,False,False
囝仔兄,gín-ná-hiann,gín-ná-hiaⁿ,10,False,False,False,False,False,False,False,False,False,False
囝仔人,gín-ná-lâng,gín-ná-lâng,10,False,False,False,False,False,False,False,False,False,False
囝仔丕,gín-á-phí,gín-á-phí,10,False,False,False,False,False,False,False,False,False,False
囝仔丕,gín-ná-phí,gín-ná-phí,10,False,False,False,False,False,False,False,False,False,False
四縣腔,sù-kuān-khiunn,sù-koān-khiuⁿ,10,False,False,False,False,False,False,False,False,False,False
圓厘厘,înn-liàn-liàn,îⁿ-liàn-liàn,10,False,False,False,False,False,False,False,False,False,False
四張犁,sì-tiunn-lê,sì-tiuⁿ-lê,10,False,False,False,False,False,False,False,False,False,False
四周圍,sì-tsiu-ûi,sì-chiu-ûi,10,False,False,False,False,False,False,False,False,False,False
四句連,sì-kù-liân,sì-kù-liân,10,False,False,False,False,False,False,False,False,False,False
噯喲喂,ài-ioh-ueh,ài-ioh-oeh,10,False,False,False,False,False,False,False,False,False,False
噯喲喂,ai-ioh-uê,ai-ioh-ôe,10,False,False,False,False,False,False,False,False,False,False
噯喲,ài-ioh,ài-ioh,10,False,False,False,False,False,False,False,False,False,False
嘴角專波,tshuì-kak-tsuan-pho,chhùi-kak-choan-pho,10,False,False,False,False,False,False,False,False,False,False
嘴肶,tshuì-phué,chhùi-phóe,10,False,False,False,False,False,False,False,False,False,False
嘴杯,tshuì-pue,chhùi-poe,10,False,False,False,False,False,False,False,False,False,False
嘴奄,tshuì-am,chhùi-am,10,False,False,False,False,False,False,False,False,False,False
嗎有,mā-ū,mā-ū,10,False,False,False,False,False,False,False,False,False,False
嗎是,mā-sī,mā-sī,10,False,False,False,False,False,False,False,False,False,False
嗎嗎哮,mà-mà-háu,mà-mà-háu,10,False,False,False,False,False,False,False,False,False,False
嗇頭,sit-thâu,sit-thâu,10,False,False,False,False,False,False,False,False,False,False
圓匝仔,înn-khoo-á,îⁿ-kho͘-á,10,False,False,False,False,False,False,False,False,False,False
圓篐仔,înn-khoo-á,îⁿ-kho͘-á,10,False,False,False,False,False,False,False,False,False,False
喜號,hit-lō,hit-lō,10,False,False,False,False,False,False,False,False,False,False
坎坎硈硈,khâm-khâm-khia̍t-khia̍t,khâm-khâm-khia̍t-khia̍t,10,False,False,False,False,False,False,False,False,False,False
塗磘鷄,thôo-iô-ke,thô͘-iô-ke,10,False,False,False,False,False,False,False,False,False,False
塗砂,thôo-sua,thô͘-soa,10,False,False,False,False,False,False,False,False,False,False
塗托魚,thôo-thuh-hî,thô͘-thuh-hî,10,False,False,False,False,False,False,False,False,False,False
塗托魚,thôo-thoh-hî,thô͘-thoh-hî,10,False,False,False,False,False,False,False,False,False,False
塗城,thôo-siânn,thô͘-siâⁿ,10,False,False,False,False,False,False,False,False,False,False
塊卜,tih-beh,tih-beh,10,False,False,False,False,False,False,False,False,False,False
場面,tiûⁿ-bīn,tiûⁿ-bīn,10,False,False,False,False,False,False,False,False,False,False
場,tiûⁿ,tiûⁿ,10,False,False,False,False,False,False,False,False,False,False
堯疑,giâu-gî,giâu-gî,10,False,False,False,False,False,False,False,False,False,False
堦,kue,koe,10,False,False,False,False,False,False,False,False,False,False
堡岸,poh-huānn,poh-hōaⁿ,10,False,False,False,False,False,False,False,False,False,False
坦竪,thán-khiā,thán-khiā,10,False,False,False,False,False,False,False,False,False,False
坦立,thán-khiā,thán-khiā,10,False,False,False,False,False,False,False,False,False,False
坐船,tsē-chûn,chē-chûn,10,False,False,False,False,False,False,False,False,False,False
地点,tē-tiám,tē-tiám,10,False,False,False,False,False,False,False,False,False,False
圓連連,înn-liàn-liàn,îⁿ-liàn-liàn,10,False,False,False,False,False,False,False,False,False,False
地止,tē-chí,tē-chí,10,False,False,False,False,False,False,False,False,False,False
地址,tē-chí,tē-chí,10,False,False,False,False,False,False,False,False,False,False
地号名,tē-hō-miâ,tē-hō-miâ,10,False,False,False,False,False,False,False,False,False,False
圭,kue̍h,koe̍h,10,False,False,False,False,False,False,False,False,False,False
圣,sìng,sèng,10,False,False,False,False,False,False,False,False,False,False
土魠魚,thôo-thuh-hî,thô͘-thuh-hî,10,False,False,False,False,False,False,False,False,False,False
土魠魚,thôo-thoh-hî,thô͘-thoh-hî,10,False,False,False,False,False,False,False,False,False,False
土葛,thôo-kat,thô͘-kat,10,False,False,False,False,False,False,False,False,False,False
土磘鷄,thôo-iô-ke,thô͘-iô-ke,10,False,False,False,False,False,False,False,False,False,False
土治公,thóo-tī-kong,thó͘-tī-kong,10,False,False,False,False,False,False,False,False,False,False
土托魚,thôo-thoh-hî,thô͘-thoh-hî,10,False,False,False,False,False,False,False,False,False,False
土庫,thôo-khòo,thô͘-khò͘,10,False,False,False,False,False,False,False,False,False,False
團体,thuân-thé,thoân-thé,10,False,False,False,False,False,False,False,False,False,False
圖書舘,tôo-su-kuán,tô͘-su-koán,10,False,False,False,False,False,False,False,False,False,False
喝休,huah-hiu,hoah-hiu,10,False,False,False,False,False,False,False,False,False,False
喜搭,hit-tah,hit-tah,10,False,False,False,False,False,False,False,False,False,False
后出世,āu-tshut-sì,āu-chhut-sì,10,False,False,False,False,False,False,False,False,False,False
吸廣,suh-kóng,suh-kóng,10,False,False,False,False,False,False,False,False,False,False
咖啡厛,ka-pi-thiann,ka-pi-thiaⁿ,10,False,False,False,False,False,False,False,False,False,False
和老話,hō-ló-uē,hō-ló-ōe,10,False,False,False,False,False,False,False,False,False,False
和老人,hō-ló-lâng,hō-ló-lâng,10,False,False,False,False,False,False,False,False,False,False
和老人,ho̍h-ló-lâng,ho̍h-ló-lâng,10,False,False,False,False,False,False,False,False,False,False
和老,hō-ló,hō-ló,10,False,False,False,False,False,False,False,False,False,False
和老,ho̍h-ló,ho̍h-ló,10,False,False,False,False,False,False,False,False,False,False
咁講,kám-kóng,kám-kóng,10,False,False,False,False,False,False,False,False,False,False
咁有,kám-ū,kám-ū,10,False,False,False,False,False,False,False,False,False,False
咁不是,kám-m̄-sī,kám-m̄-sī,10,False,False,False,False,False,False,False,False,False,False
咀,tsuā,chōa,10,False,False,False,False,False,False,False,False,False,False
呑忍,thun-lún,thun-lún,10,False,False,False,False,False,False,False,False,False,False
呑,thūn,thūn,10,False,False,False,False,False,False,False,False,False,False
呑,thun,thun,10,False,False,False,False,False,False,False,False,False,False
呌是,kiò-sī,kiò-sī,10,False,False,False,False,False,False,False,False,False,False
听衆,thiann-tsiòng,thiaⁿ-chiòng,10,False,False,False,False,False,False,False,False,False,False
咳,hainn,haiⁿ,10,False,False,False,False,False,False,False,False,False,False
含鏡,hàm-kiànn,hàm-kiàⁿ,10,False,False,False,False,False,False,False,False,False,False
含眠,hām-bîn,hām-bîn,10,False,False,False,False,False,False,False,False,False,False
含慢,ham-bān,ham-bān,10,False,False,False,False,False,False,False,False,False,False
含含,hàm-hàm,hàm-hàm,10,False,False,False,False,False,False,False,False,False,False
含古,hàm-kóo,hàm-kó͘,10,False,False,False,False,False,False,False,False,False,False
含,hām,hām,10,False,False,False,False,False,False,False,False,False,False
含,hàm,hàm,10,False,False,False,False,False,False,False,False,False,False
后龍,āu-lâng,āu-lâng,10,False,False,False,False,False,False,False,False,False,False
后頭厝,āu-thâu-tshù,āu-thâu-chhù,10,False,False,False,False,False,False,False,False,False,False
后閘,āu-tsa̍h,āu-cha̍h,10,False,False,False,False,False,False,False,False,False,False
后礼拜,āu-lé-pài,āu-lé-pài,10,False,False,False,False,False,False,False,False,False,False
后斗,āu-táu,āu-táu,10,False,False,False,False,False,False,False,False,False,False
后尾,āu-bué,āu-bóe,10,False,False,False,False,False,False,False,False,False,False
后壠,āu-lâng,āu-lâng,10,False,False,False,False,False,False,False,False,False,False
咖啡𠫊,ka-pi-thiann,ka-pi-thiaⁿ,10,False,False,False,False,False,False,False,False,False,False
咳,hâinn,hâiⁿ,10,False,False,False,False,False,False,False,False,False,False
喜号,hit-lō,hit-lō,10,False,False,False,False,False,False,False,False,False,False
唁,giàn,giàn,10,False,False,False,False,False,False,False,False,False,False
喜卦,hit-kuá,hit-kóa,10,False,False,False,False,False,False,False,False,False,False
喜冬時,hiàng-sî,hiàng-sî,10,False,False,False,False,False,False,False,False,False,False
喘鼻彭,tshuán-phīnn-phēnn,chhoán-phīⁿ-phēⁿ,10,False,False,False,False,False,False,False,False,False,False
善虫仔,siān-ang-á,siān-ang-á,10,False,False,False,False,False,False,False,False,False,False
善尫仔,siān-ang-á,siān-ang-á,10,False,False,False,False,False,False,False,False,False,False
啞九,é-káu,é-káu,10,False,False,False,False,False,False,False,False,False,False
商場,siong-tiûⁿ,siong-tiûⁿ,10,False,False,False,False,False,False,False,False,False,False
唱歌,tshiò-kua,chhiò-koa,10,False,False,False,False,False,False,False,False,False,False
唱声,tshiàng-siann,chhiàng-siaⁿ,10,False,False,False,False,False,False,False,False,False,False
唯一,ûi-it,ûi-it,10,False,False,False,False,False,False,False,False,False,False
唖口,é-káu,é-káu,10,False,False,False,False,False,False,False,False,False,False
唖九,é-káu,é-káu,10,False,False,False,False,False,False,False,False,False,False
唅血噴天,kâm-hueh-phùn-thinn,kâm-hoeh-phùn-thiⁿ,10,False,False,False,False,False,False,False,False,False,False
唁頭,giàn-thâu,giàn-thâu,10,False,False,False,False,False,False,False,False,False,False
哥哥纒,ko-ko-tînn,ko-ko-tîⁿ,10,False,False,False,False,False,False,False,False,False,False
咳頭,hàinn-thâu,hàiⁿ-thâu,10,False,False,False,False,False,False,False,False,False,False
員那,ûn-ná,ûn-ná,10,False,False,False,False,False,False,False,False,False,False
員那,uân-nā,oân-nā,10,False,False,False,False,False,False,False,False,False,False
員那,uân-ná,oân-ná,10,False,False,False,False,False,False,False,False,False,False
員連連,înn-liàn-liàn,îⁿ-liàn-liàn,10,False,False,False,False,False,False,False,False,False,False
員篐仔,înn-khoo-á,îⁿ-kho͘-á,10,False,False,False,False,False,False,False,False,False,False
員厘厘,înn-liàn-liàn,îⁿ-liàn-liàn,10,False,False,False,False,False,False,False,False,False,False
員匝仔,înn-khoo-á,îⁿ-kho͘-á,10,False,False,False,False,False,False,False,False,False,False
員仔,înn-á,îⁿ-á,10,False,False,False,False,False,False,False,False,False,False
哈嘻,hah-hì,hah-hì,10,False,False,False,False,False,False,False,False,False,False
哈,hăⁿ,hăⁿ,10,False,False,False,False,False,False,False,False,False,False
哇沙米,ua-sá-bih,oa-sá-bih,10,False,False,False,False,False,False,False,False,False,False
哇,uah,oah,10,False,False,False,False,False,False,False,False,False,False
咾氣,làu-khuì,làu-khùi,10,False,False,False,False,False,False,False,False,False,False
咾交,làu-kau,làu-kau,10,False,False,False,False,False,False,False,False,False,False
别項,pa̍t-hāng,pa̍t-hāng,10,False,False,False,False,False,False,False,False,False,False
别个,pa̍t-ê,pa̍t-ê,10,False,False,False,False,False,False,False,False,False,False
塗葛,thôo-kat,thô͘-kat,10,False,False,False,False,False,False,False,False,False,False
乾埔,ta-poo,ta-po͘,10,False,False,False,False,False,False,False,False,False,False
九点,káu-tiám,káu-tiám,10,False,False,False,False,False,False,False,False,False,False
九賛塔,káu-tsàn-thah,káu-chàn-thah,10,False,False,False,False,False,False,False,False,False,False
九點,káu-tiám,káu-tiám,10,False,False,False,False,False,False,False,False,False,False
乱抄抄,luān-tshau-tshau,loān-chhau-chhau,10,False,False,False,False,False,False,False,False,False,False
乱鐘仔,luān-tsing-á,loān-cheng-á,10,False,False,False,False,False,False,False,False,False,False
乳浪,lin-long,lin-long,10,False,False,False,False,False,False,False,False,False,False
乾官,ta-kuann,ta-koaⁿ,10,False,False,False,False,False,False,False,False,False,False
初六,tshe-la̍k,chhe-la̍k,10,False,False,False,False,False,False,False,False,False,False
乾家官,ta-ke-kuann,ta-ke-koaⁿ,10,False,False,False,False,False,False,False,False,False,False
乾麵,ta-mī,ta-mī,10,False,False,False,False,False,False,False,False,False,False
亀壳花,ku-khak-hue,ku-khak-hoe,10,False,False,False,False,False,False,False,False,False,False
亀山,ku-suann,ku-soaⁿ,10,False,False,False,False,False,False,False,False,False,False
亀怪,ku-kuài,ku-koài,10,False,False,False,False,False,False,False,False,False,False
亀脚,ku-kha,ku-kha,10,False,False,False,False,False,False,False,False,False,False
九怪,káu-kuài,káu-koài,10,False,False,False,False,False,False,False,False,False,False
乜仔,mih-á,mih-á,10,False,False,False,False,False,False,False,False,False,False
乘續,sīng,sēng,10,False,False,False,False,False,False,False,False,False,False
乒磅,pìn-piàng,pìn-piàng,10,False,False,False,False,False,False,False,False,False,False
乒乓,pìn-piàng,pìn-piàng,10,False,False,False,False,False,False,False,False,False,False
乒乒乓乓,pin-pin-piàng-piàng,pin-pin-piàng-piàng,10,False,False,False,False,False,False,False,False,False,False
乎礁,hōo-ta,hō͘-ta,10,False,False,False,False,False,False,False,False,False,False
乎乾,hōo-ta,hō͘-ta,10,False,False,False,False,False,False,False,False,False,False
乍,tsè,chè,10,False,False,False,False,False,False,False,False,False,False
久菜,kú-tshài,kú-chhài,10,False,False,False,False,False,False,False,False,False,False
乂抄,tshenn-tshau,chheⁿ-chhau,10,False,False,False,False,False,False,False,False,False,False
乂,tshé,chhé,10,False,False,False,False,False,False,False,False,False,False
丿歩,phiat-pōo,phiat-pō͘,10,False,False,False,False,False,False,False,False,False,False
丿勢,phiat-sè,phiat-sè,10,False,False,False,False,False,False,False,False,False,False
丿世,phiat-sè,phiat-sè,10,False,False,False,False,False,False,False,False,False,False
串鼻,chhǹg-phīnn,chhǹg-phīⁿ,10,False,False,False,False,False,False,False,False,False,False
串鑚,nǹg-chǹg,nǹg-chǹg,10,False,False,False,False,False,False,False,False,False,False
亂抄抄,luān-tshau-tshau,loān-chhau-chhau,10,False,False,False,False,False,False,False,False,False,False
二七部隊,jī-tshit-pōo-tuī,jī-chhit-pō͘-tūi,10,False,False,False,False,False,False,False,False,False,False
二个,nn̄g-ê,nn̄g-ê,10,False,False,False,False,False,False,False,False,False,False
亞拉伯,a-la̍h-pik,a-la̍h-pek,10,False,False,False,False,False,False,False,False,False,False
他里務,thann-lí-bū,thaⁿ-lí-bū,10,False,False,False,False,False,False,False,False,False,False
仔子,á-kiánn,á-kiáⁿ,10,False,False,False,False,False,False,False,False,False,False
介少,kài-tsió,kài-chió,10,False,False,False,False,False,False,False,False,False,False
今生今世,kim-sing-kim-sè,kim-seng-kim-sè,10,False,False,False,False,False,False,False,False,False,False
今冥,kim-mê,kim-mê,10,False,False,False,False,False,False,False,False,False,False
仁慈,jîn-chû,jîn-chû,10,False,False,False,False,False,False,False,False,False,False
什貨,tsa̍p-huè,cha̍p-hòe,10,False,False,False,False,False,False,False,False,False,False
什念,tsa̍p-liām,cha̍p-liām,10,False,False,False,False,False,False,False,False,False,False
亭仔脚,tîng-á-kha,têng-á-kha,10,False,False,False,False,False,False,False,False,False,False
交揷,kau-tshap,kau-chhap,10,False,False,False,False,False,False,False,False,False,False
交倍,kau-puê,kau-pôe,10,False,False,False,False,False,False,False,False,False,False
亞霸,à-pà,à-pà,10,False,False,False,False,False,False,False,False,False,False
亞覇,à-pà,à-pà,10,False,False,False,False,False,False,False,False,False,False
亞是,ah-sī,ah-sī,10,False,False,False,False,False,False,False,False,False,False
亞巴,à-pà,à-pà,10,False,False,False,False,False,False,False,False,False,False
二九冥,jī-káu-mê,jī-káu-mê,10,False,False,False,False,False,False,False,False,False,False
亞州,a-tsiu,a-chiu,10,False,False,False,False,False,False,False,False,False,False
亞喇伯,a-lat-pik,a-lat-pek,10,False,False,False,False,False,False,False,False,False,False
亜霸,à-pà,à-pà,10,False,False,False,False,False,False,False,False,False,False
亜鉛線,a-iân-suànn,a-iân-sòaⁿ,10,False,False,False,False,False,False,False,False,False,False
亜軍,a-kun,a-kun,10,False,False,False,False,False,False,False,False,False,False
亜覇,à-pà,à-pà,10,False,False,False,False,False,False,False,False,False,False
亜洲,a-tsiu,a-chiu,10,False,False,False,False,False,False,False,False,False,False
亜是,ah-sī,ah-sī,10,False,False,False,False,False,False,False,False,False,False
亜拉伯,a-la̍h-pik,a-la̍h-pek,10,False,False,False,False,False,False,False,False,False,False
亜巴,à-pà,à-pà,10,False,False,False,False,False,False,False,False,False,False
亜州,a-tsiu,a-chiu,10,False,False,False,False,False,False,False,False,False,False
亜喇伯,a-lat-pik,a-lat-pek,10,False,False,False,False,False,False,False,False,False,False
五月,gōo-ge̍h,gō͘-ge̍h,10,False,False,False,False,False,False,False,False,False,False
云云仔,ûn-ûn-á,ûn-ûn-á,10,False,False,False,False,False,False,False,False,False,False
串仔,chhǹg-á,chhǹg-á,10,False,False,False,False,False,False,False,False,False,False
中華民國,tiong-hua-bîn-kok,tiong-hoa-bîn-kok,10,False,False,False,False,False,False,False,False,False,False
中歷,tiong-li̍k,tiong-le̍k,10,False,False,False,False,False,False,False,False,False,False
一趒,tsi̍t-tiô,chi̍t-tiô,10,False,False,False,False,False,False,False,False,False,False
上,siáng,siáng,10,False,False,False,False,False,False,False,False,False,False
三萬,sann-bān,saⁿ-bān,10,False,False,False,False,False,False,False,False,False,False
三月,sann-ge̍h,saⁿ-ge̍h,10,False,False,False,False,False,False,False,False,False,False
三字經,sam-jū-king,sam-jū-keng,10,False,False,False,False,False,False,False,False,False,False
三千,sann-tshing,saⁿ-chheng,10,False,False,False,False,False,False,False,False,False,False
三五,sann-gōo,saⁿ-gō͘,10,False,False,False,False,False,False,False,False,False,False
三万,sann-bān,saⁿ-bān,10,False,False,False,False,False,False,False,False,False,False
万蠻,bân-bân,bân-bân,10,False,False,False,False,False,False,False,False,False,False
万歳,bān-suè,bān-sòe,10,False,False,False,False,False,False,False,False,False,False
万歲,bān-suè,bān-sòe,10,False,False,False,False,False,False,False,False,False,False
万巒,bân-bân,bân-bân,10,False,False,False,False,False,False,False,False,False,False
万三,bān-sann,bān-saⁿ,10,False,False,False,False,False,False,False,False,False,False
万丈深坑,bān-tn̄g-tshim-khenn,bān-tn̄g-chhim-kheⁿ,10,False,False,False,False,False,False,False,False,False,False
万一,bān-it,bān-it,10,False,False,False,False,False,False,False,False,False,False
一目哖仔,tsi̍t-ba̍k-nih-á,chi̍t-ba̍k-nih-á,10,False,False,False,False,False,False,False,False,False,False
上元冥,siōng-guân-mê,siōng-goân-mê,10,False,False,False,False,False,False,False,False,False,False
一目哖久,tsi̍t-ba̍k-nih-kú,chi̍t-ba̍k-nih-kú,10,False,False,False,False,False,False,False,False,False,False
一牒仔久,tsi̍t-tiap-á-kú,chi̍t-tiap-á-kú,10,False,False,False,False,False,False,False,False,False,False
一拖,tsi̍t-thua,chi̍t-thoa,10,False,False,False,False,False,False,False,False,False,False
一戌戌仔,tsi̍t-sut-sut-á,chi̍t-sut-sut-á,10,False,False,False,False,False,False,False,False,False,False
一困,tsi̍t-khùn,chi̍t-khùn,10,False,False,False,False,False,False,False,False,False,False
一半改仔,tsi̍t-puànn-kái-á,chi̍t-pòaⁿ-kái-á,10,False,False,False,False,False,False,False,False,False,False
一半介仔,tsi̍t-puànn-kái-á,chi̍t-pòaⁿ-kái-á,10,False,False,False,False,False,False,False,False,False,False
䟽,soo,so͘,10,False,False,False,False,False,False,False,False,False,False
䕃豉仔,ìm-sīnn-á,ìm-sīⁿ-á,10,False,False,False,False,False,False,False,False,False,False
䌫,lām,lām,10,False,False,False,False,False,False,False,False,False,False
㧌,mooh,mo͘h,10,False,False,False,False,False,False,False,False,False,False
㕫,hńg,hńg,10,False,False,False,False,False,False,False,False,False,False
リリ轆轆,li-li-lak-lak,li-li-lak-lak,10,False,False,False,False,False,False,False,False,False,False
リリ六六,li-li-lak-lak,li-li-lak-lak,10,False,False,False,False,False,False,False,False,False,False
上主,siōng-tsú,siōng-chú,10,False,False,False,False,False,False,False,False,False,False
上帝爺公,siōng-tè-iâ-kong,siōng-tè-iâ-kong,10,False,False,False,False,False,False,False,False,False,False
中埔,tiong-poo,tiong-po͘,10,False,False,False,False,False,False,False,False,False,False
不愿,m̄-guān,m̄-goān,10,False,False,False,False,False,False,False,False,False,False
中國語,tiong-kok-gí,tiong-kok-gí,10,False,False,False,False,False,False,False,False,False,False
个欵,ê-khuán,ê-khoán,10,False,False,False,False,False,False,False,False,False,False
个時,ê-sî,ê-sî,10,False,False,False,False,False,False,False,False,False,False
个人,ê-lâng,ê-lâng,10,False,False,False,False,False,False,False,False,False,False
並不是,pīng-m̄-sī,pēng-m̄-sī,10,False,False,False,False,False,False,False,False,False,False
丢丢,tiuh-tiuh,tiuh-tiuh,10,False,False,False,False,False,False,False,False,False,False
丕相,phì-siùnn,phì-siùⁿ,10,False,False,False,False,False,False,False,False,False,False
丕丕攃,phī-phī-tshuah,phī-phī-chhoah,10,False,False,False,False,False,False,False,False,False,False
不識字,m̄-bat-jī,m̄-bat-jī,10,False,False,False,False,False,False,False,False,False,False
不着,m̄-tio̍h,m̄-tio̍h,10,False,False,False,False,False,False,False,False,False,False
不甘愿,m̄-kam-guān,m̄-kam-goān,10,False,False,False,False,False,False,False,False,False,False
不治,m̄-ti̍h,m̄-ti̍h,10,False,False,False,False,False,False,False,False,False,False
不池,m̄-ti̍h,m̄-ti̍h,10,False,False,False,False,False,False,False,False,False,False
不止,put-lí,put-lí,10,False,False,False,False,False,False,False,False,False,False
不惊,m̄-kiann,m̄-kiaⁿ,10,False,False,False,False,False,False,False,False,False,False
下,kē,kē,10,False,False,False,False,False,False,False,False,False,False
不定,m̄-tānn,m̄-tāⁿ,10,False,False,False,False,False,False,False,False,False,False
不定,m̄-tiānn,m̄-tiāⁿ,10,False,False,False,False,False,False,False,False,False,False
不定,m̄-niā,m̄-niā,10,False,False,False,False,False,False,False,False,False,False
不動産,put-tōng-sán,put-tōng-sán,10,False,False,False,False,False,False,False,False,False,False
不凖,put-tsún,put-chún,10,False,False,False,False,False,False,False,False,False,False
不凖,m̄-tsún,m̄-chún,10,False,False,False,False,False,False,False,False,False,False
不八字,m̄-bat-jī,m̄-bat-jī,10,False,False,False,False,False,False,False,False,False,False
下門,ē-mn̂g,ē-mn̂g,10,False,False,False,False,False,False,False,False,False,False
下路,kē-lōo,kē-lō͘,10,False,False,False,False,False,False,False,False,False,False
下暗時,e-àm-sî,e-àm-sî,10,False,False,False,False,False,False,False,False,False,False
下昼,ē-tàu,ē-tàu,10,False,False,False,False,False,False,False,False,False,False
下昼,e-tàu,e-tàu,10,False,False,False,False,False,False,False,False,False,False
下懷,ē-huâi,ē-hoâi,10,False,False,False,False,False,False,False,False,False,False
下懐,ē-huâi,ē-hoâi,10,False,False,False,False,False,False,False,False,False,False
他里霧,thann-lí-bū,thaⁿ-lí-bū,10,False,False,False,False,False,False,False,False,False,False
付錄,hù-lio̍k,hù-lio̍k,10,False,False,False,False,False,False,False,False,False,False
仝母各父,kāng-bú-koh-pē,kāng-bú-koh-pē,10,False,False,False,False,False,False,False,False,False,False
冥,me,me,10,False,False,False,False,False,False,False,False,False,False
凖抵煞,tsún-tú-suah,chún-tú-soah,10,False,False,False,False,False,False,False,False,False,False
凖做,tsún-tsuè,chún-chòe,10,False,False,False,False,False,False,False,False,False,False
凉冷,liâng-líng,liâng-léng,10,False,False,False,False,False,False,False,False,False,False
凉兮,liâng-ê,liâng-ê,10,False,False,False,False,False,False,False,False,False,False
凉个,liâng-ê,liâng-ê,10,False,False,False,False,False,False,False,False,False,False
凉,liâng,liâng,10,False,False,False,False,False,False,False,False,False,False
凄慘,tshinn-tshám,chhiⁿ-chhám,10,False,False,False,False,False,False,False,False,False,False
凄,tshinn,chhiⁿ,10,False,False,False,False,False,False,False,False,False,False
冬荷菜,tang-o-tshài,tang-o-chhài,10,False,False,False,False,False,False,False,False,False,False
冬荷,tang-o,tang-o,10,False,False,False,False,False,False,False,False,False,False
冥角,mê-kak,mê-kak,10,False,False,False,False,False,False,False,False,False,False
冥時,mê-sî,mê-sî,10,False,False,False,False,False,False,False,False,False,False
冥日,mê-ji̍t,mê-ji̍t,10,False,False,False,False,False,False,False,False,False,False
冥冥角角,mê-mê-kak-kak,mê-mê-kak-kak,10,False,False,False,False,False,False,False,False,False,False
册廚,tsheh-tû,chheh-tû,10,False,False,False,False,False,False,False,False,False,False
凖算,tsún-sǹg,chún-sǹg,10,False,False,False,False,False,False,False,False,False,False
册店,tsheh-tiàm,chheh-tiàm,10,False,False,False,False,False,False,False,False,False,False
册厨,tsheh-tû,chheh-tû,10,False,False,False,False,False,False,False,False,False,False
册包,tsheh-pau,chheh-pau,10,False,False,False,False,False,False,False,False,False,False
具体,kū-thé,kū-thé,10,False,False,False,False,False,False,False,False,False,False
共産黨,kiōng-sán-tóng,kiōng-sán-tóng,10,False,False,False,False,False,False,False,False,False,False
共産党,kiōng-sán-tóng,kiōng-sán-tóng,10,False,False,False,False,False,False,False,False,False,False
共父各母,kāng-pē-koh-bú,kāng-pē-koh-bú,10,False,False,False,False,False,False,False,False,False,False
共母各父,kāng-bú-koh-pē,kāng-bú-koh-pē,10,False,False,False,False,False,False,False,False,False,False
兮欵,ê-khuán,ê-khoán,10,False,False,False,False,False,False,False,False,False,False
兮暗時,e-àm-sî,e-àm-sî,10,False,False,False,False,False,False,False,False,False,False
兮晝,e-tàu,e-tàu,10,False,False,False,False,False,False,False,False,False,False
兮時,ê-sî,ê-sî,10,False,False,False,False,False,False,False,False,False,False
兮昼,e-tàu,e-tàu,10,False,False,False,False,False,False,False,False,False,False
兮早,e-tsái,e-chái,10,False,False,False,False,False,False,False,False,False,False
凖煞,tsún-suah,chún-soah,10,False,False,False,False,False,False,False,False,False,False
凖節,tsún-tsat,chún-chat,10,False,False,False,False,False,False,False,False,False,False
六,lak,lak,10,False,False,False,False,False,False,False,False,False,False
凸風龜,phòng-hong-ku,phòng-hong-ku,10,False,False,False,False,False,False,False,False,False,False
初五,tshe-gōo,chhe-gō͘,10,False,False,False,False,False,False,False,False,False,False
初二,tshe-jī,chhe-jī,10,False,False,False,False,False,False,False,False,False,False
初九,tshe-káu,chhe-káu,10,False,False,False,False,False,False,False,False,False,False
初三,tshe-sann,chhe-saⁿ,10,False,False,False,False,False,False,False,False,False,False
初七,tshe-tshit,chhe-chhit,10,False,False,False,False,False,False,False,False,False,False
划船,kò-chûn,kò-chûn,10,False,False,False,False,False,False,False,False,False,False
刑,hiânn,hiâⁿ,10,False,False,False,False,False,False,False,False,False,False
刈香,kuah-hiunn,koah-hiuⁿ,10,False,False,False,False,False,False,False,False,False,False
切心,tsheh-sim,chheh-sim,10,False,False,False,False,False,False,False,False,False,False
刀子,to-chí,to-chí,10,False,False,False,False,False,False,False,False,False,False
刀只,to-chí,to-chí,10,False,False,False,False,False,False,False,False,False,False
出板,tshut-pán,chhut-pán,10,False,False,False,False,False,False,False,False,False,False
出声,tshut-siann,chhut-siaⁿ,10,False,False,False,False,False,False,False,False,False,False
凸鼠,phòng-chhí,phòng-chhí,10,False,False,False,False,False,False,False,False,False,False
凸風亀,phòng-hong-ku,phòng-hong-ku,10,False,False,False,False,False,False,False,False,False,False
凖若,tsún-nā,chún-nā,10,False,False,False,False,False,False,False,False,False,False
凸風,phòng-hong,phòng-hong,10,False,False,False,False,False,False,False,False,False,False
凸紗衫,phòng-se-sann,phòng-se-saⁿ,10,False,False,False,False,False,False,False,False,False,False
凸皮,phòng-phuê,phòng-phôe,10,False,False,False,False,False,False,False,False,False,False
凸椅,phòng-í,phòng-í,10,False,False,False,False,False,False,False,False,False,False
几那,kuí-ā,kúi-ā,10,False,False,False,False,False,False,False,False,False,False
几落,kuí-luā,kúi-lōa,10,False,False,False,False,False,False,False,False,False,False
几番,kuí-huan,kúi-hoan,10,False,False,False,False,False,False,False,False,False,False
几歳,kuí-huè,kúi-hòe,10,False,False,False,False,False,False,False,False,False,False
几歲,kuí-huè,kúi-hòe,10,False,False,False,False,False,False,False,False,False,False
几十,kuí-tsa̍p,kúi-cha̍p,10,False,False,False,False,False,False,False,False,False,False
凟,to̍k,to̍k,10,False,False,False,False,False,False,False,False,False,False
凖𫔘煞,tsún-tú-suah,chún-tú-soah,10,False,False,False,False,False,False,False,False,False,False
凖那,tsún-nā,chún-nā,10,False,False,False,False,False,False,False,False,False,False
凖講,tsún-kóng,chún-kóng,10,False,False,False,False,False,False,False,False,False,False
兮人,ê-lâng,ê-lâng,10,False,False,False,False,False,False,False,False,False,False
八點,peh-tiám,peh-tiám,10,False,False,False,False,False,False,False,False,False,False
仝父各母,kāng-pē-koh-bú,kāng-pē-koh-bú,10,False,False,False,False,False,False,False,False,False,False
保存,pó-chûn,pó-chûn,10,False,False,False,False,False,False,False,False,False,False
假使,khá-sú,khá-sú,10,False,False,False,False,False,False,False,False,False,False
假使,khá,khá,10,False,False,False,False,False,False,False,False,False,False
值時,tī-sî,tī-sî,10,False,False,False,False,False,False,False,False,False,False
倣仔,hóng-á,hóng-á,10,False,False,False,False,False,False,False,False,False,False
借過一下,tsioh-kè-tsi̍t-ē,chioh-kè-chi̍t-ē,10,False,False,False,False,False,False,False,False,False,False
借過一下,tsioh-kuè-tsi̍t-ē,chioh-kòe-chi̍t-ē,10,False,False,False,False,False,False,False,False,False,False
倒番頭,tò-huan-thâu,tò-hoan-thâu,10,False,False,False,False,False,False,False,False,False,False
倒牙,tò-gâ,tò-gâ,10,False,False,False,False,False,False,False,False,False,False
倒抦,tò-píng,tò-péng,10,False,False,False,False,False,False,False,False,False,False
倒手香,tò-tshiú-phang,tò-chhiú-phang,10,False,False,False,False,False,False,False,False,False,False
倒手拐仔,tò-tshiú-koaihⁿ-á,tò-chhiú-koaihⁿ-á,10,False,False,False,False,False,False,False,False,False,False
倒手拐,tò-tshiú-koaihⁿ,tò-chhiú-koaihⁿ,10,False,False,False,False,False,False,False,False,False,False
個月,kóo-gue̍h,kó͘-goe̍h,10,False,False,False,False,False,False,False,False,False,False
個月,kóo-ge̍h,kó͘-ge̍h,10,False,False,False,False,False,False,False,False,False,False
侖,lún,lún,10,False,False,False,False,False,False,False,False,False,False
假包个,ké-pâu-ê,ké-pâu-ê,10,False,False,False,False,False,False,False,False,False,False
來坐,lâi-tsē,lâi-chē,10,False,False,False,False,False,False,False,False,False,False
佞,līng,lēng,10,False,False,False,False,False,False,False,False,False,False
佛敎,pu̍t-kàu,pu̍t-kàu,10,False,False,False,False,False,False,False,False,False,False
体驗,thé-giām,thé-giām,10,False,False,False,False,False,False,False,False,False,False
体重,thé-tāng,thé-tāng,10,False,False,False,False,False,False,False,False,False,False
体貼,thé-thiap,thé-thiap,10,False,False,False,False,False,False,False,False,False,False
体格,thé-keh,thé-keh,10,False,False,False,False,False,False,False,False,False,False
体會,thé-huē,thé-hōe,10,False,False,False,False,False,False,False,False,False,False
伴手禮,phuānn-tshiú-lé,phōaⁿ-chhiú-lé,10,False,False,False,False,False,False,False,False,False,False
伴手礼,phuānn-tshiú-lé,phōaⁿ-chhiú-lé,10,False,False,False,False,False,False,False,False,False,False
休,hiù,hiù,10,False,False,False,False,False,False,False,False,False,False
仩,siáng,siáng,10,False,False,False,False,False,False,False,False,False,False
代公,tāi-kong,tāi-kong,10,False,False,False,False,False,False,False,False,False,False
代,tai,tai,10,False,False,False,False,False,False,False,False,False,False
假使講,ká-sú-kóng,ká-sú-kóng,10,False,False,False,False,False,False,False,False,False,False
假包兮,ké-pâu-ê,ké-pâu-ê,10,False,False,False,False,False,False,False,False,False,False
八点,peh-tiám,peh-tiám,10,False,False,False,False,False,False,False,False,False,False
允凍,ún-tàng,ún-tàng,10,False,False,False,False,False,False,False,False,False,False
八字,bat-jī,bat-jī,10,False,False,False,False,False,False,False,False,False,False
全省,tsuân-síng,choân-séng,10,False,False,False,False,False,False,False,False,False,False
內裏,lāi-lí,lāi-lí,10,False,False,False,False,False,False,False,False,False,False
內底面,lāi-té-bīn,lāi-té-bīn,10,False,False,False,False,False,False,False,False,False,False
兎仔,thòo-á,thò͘-á,10,False,False,False,False,False,False,False,False,False,False
免細貳,bián-sè-jī,bián-sè-jī,10,False,False,False,False,False,False,False,False,False,False
免細二,bián-sè-jī,bián-sè-jī,10,False,False,False,False,False,False,False,False,False,False
光鰍鰍,kng-liu-liu,kng-liu-liu,10,False,False,False,False,False,False,False,False,False,False
光溜溜,kng-liù-liù,kng-liù-liù,10,False,False,False,False,False,False,False,False,False,False
光影影,kng-iànn-iànn,kng-iàⁿ-iàⁿ,10,False,False,False,False,False,False,False,False,False,False
元本,guân-pún,goân-pún,10,False,False,False,False,False,False,False,False,False,False
元底,guân-tué,goân-tóe,10,False,False,False,False,False,False,False,False,False,False
允心仔,ún-sim-á,ún-sim-á,10,False,False,False,False,False,False,False,False,False,False
允凖,ún-tsún,ún-chún,10,False,False,False,False,False,False,False,False,False,False
償,tshiâng,chhiâng,10,False,False,False,False,False,False,False,False,False,False
假嬲,ké-siáu,ké-siáu,10,False,False,False,False,False,False,False,False,False,False
僻免,phiah-bián,phiah-bián,10,False,False,False,False,False,False,False,False,False,False
價達觀,kè-ta̍t-kuan,kè-ta̍t-koan,10,False,False,False,False,False,False,False,False,False,False
偷宅,thau-the̍h,thau-the̍h,10,False,False,False,False,False,False,False,False,False,False
停脚,thîng-kha,thêng-kha,10,False,False,False,False,False,False,False,False,False,False
做袂到,tsò-bē-kàu,chò-bē-kàu,10,False,False,False,False,False,False,False,False,False,False
做能到,tsò-ē-kàu,chò-ē-kàu,10,False,False,False,False,False,False,False,False,False,False
做義量,tsò-gī-niū,chò-gī-niū,10,False,False,False,False,False,False,False,False,False,False
做恁,tsuè-lín,chòe-lín,10,False,False,False,False,False,False,False,False,False,False
做工人,tsò-kang-lâng,chò-kang-lâng,10,False,False,False,False,False,False,False,False,False,False
做伊,tsuè-i,chòe-i,10,False,False,False,False,False,False,False,False,False,False
做一困,tsò-tsi̍t-khùn,chò-chi̍t-khùn,10,False,False,False,False,False,False,False,False,False,False
偏辟,phian-phiah,phian-phiah,10,False,False,False,False,False,False,False,False,False,False
假肖,ké-siáu,ké-siáu,10,False,False,False,False,False,False,False,False,False,False
假爻,ké-gâu,ké-gâu,10,False,False,False,False,False,False,False,False,False,False
塗空,thôo-khang,thô͘-khang,10,False,False,False,False,False,False,False,False,False,False
和老話,ho̍h-ló-uē,ho̍h-ló-ōe,10,False,False,False,False,False,False,False,False,False,False
塗魠魚,thôo-thoh-hî,thô͘-thoh-hî,10,False,False,False,False,False,False,False,False,False,False
拾景,khioh-kíng,khioh-kéng,10,False,False,False,False,False,False,False,False,False,False
拖枰,thua-pênn,thoa-pêⁿ,10,False,False,False,False,False,False,False,False,False,False
拖窓,thuah-thang,thoah-thang,10,False,False,False,False,False,False,False,False,False,False
拜六礼拜,pài-la̍k-lé-pài,pài-la̍k-lé-pài,10,False,False,False,False,False,False,False,False,False,False
拜几,pài-kuí,pài-kúi,10,False,False,False,False,False,False,False,False,False,False
拼世,piànn-sè,piàⁿ-sè,10,False,False,False,False,False,False,False,False,False,False
拾捔,khioh-ka̍k,khioh-ka̍k,10,False,False,False,False,False,False,False,False,False,False
拾角,khioh-ka̍k,khioh-ka̍k,10,False,False,False,False,False,False,False,False,False,False
惊見,kiann-kìnn,kiaⁿ-kìⁿ,10,False,False,False,False,False,False,False,False,False,False
指定,chí-tīng,chí-tēng,10,False,False,False,False,False,False,False,False,False,False
指導,chí-tō,chí-tō,10,False,False,False,False,False,False,False,False,False,False
指敎,chí-kàu,chí-kàu,10,False,False,False,False,False,False,False,False,False,False
指教,chí-kàu,chí-kàu,10,False,False,False,False,False,False,False,False,False,False
指甲,chńg-kah,chńg-kah,10,False,False,False,False,False,False,False,False,False,False
指示,chí-sī,chí-sī,10,False,False,False,False,False,False,False,False,False,False
拔鍊,phua̍h-liān,phoa̍h-liān,10,False,False,False,False,False,False,False,False,False,False
拔仔,pa̍t-á,pa̍t-á,10,False,False,False,False,False,False,False,False,False,False
拒絶,kī-tsua̍t,kī-choa̍t,10,False,False,False,False,False,False,False,False,False,False
拐仔,kuáinn-á,koáiⁿ-á,10,False,False,False,False,False,False,False,False,False,False
拐,kuáinn,koáiⁿ,10,False,False,False,False,False,False,False,False,False,False
拐,koaihⁿ,koaihⁿ,10,False,False,False,False,False,False,False,False,False,False
拍電動,phah-tiān-tōng,phah-tiān-tōng,10,False,False,False,False,False,False,False,False,False,False
拍博仔,phah-pho̍k-á,phah-pho̍k-á,10,False,False,False,False,False,False,False,False,False,False
拉崙燒,lâ-lûn-sio,lâ-lûn-sio,10,False,False,False,False,False,False,False,False,False,False
拉侖燒,lâ-lûn-sio,lâ-lûn-sio,10,False,False,False,False,False,False,False,False,False,False
抽籖,thiu-tshiam,thiu-chhiam,10,False,False,False,False,False,False,False,False,False,False
抽簽,thiu-tshiam,thiu-chhiam,10,False,False,False,False,False,False,False,False,False,False
抽䦰,thiu-khau,thiu-khau,10,False,False,False,False,False,False,False,False,False,False
抹胭脂,buah-ian-tsi,boah-ian-chi,10,False,False,False,False,False,False,False,False,False,False
抵抵仔,tú-tú-á,tú-tú-á,10,False,False,False,False,False,False,False,False,False,False
抛錠,pha-tiànn,pha-tiàⁿ,10,False,False,False,False,False,False,False,False,False,False
抛網,pha-bāng,pha-bāng,10,False,False,False,False,False,False,False,False,False,False
指示頭,chí-sī-thâu,chí-sī-thâu,10,False,False,False,False,False,False,False,False,False,False
指頭母,tsíng-thâu-bú,chéng-thâu-bú,10,False,False,False,False,False,False,False,False,False,False
按奈,àn-nāi,àn-nāi,10,False,False,False,False,False,False,False,False,False,False
換凖,uānn-tsún,oāⁿ-chún,10,False,False,False,False,False,False,False,False,False,False
搧口肶,siàn-tshuì-phué,siàn-chhùi-phóe,10,False,False,False,False,False,False,False,False,False,False
搦,tshio̍k,chhio̍k,10,False,False,False,False,False,False,False,False,False,False
搥心肝,tûi-sim-kuann,tûi-sim-koaⁿ,10,False,False,False,False,False,False,False,False,False,False
搥,tûi,tûi,10,False,False,False,False,False,False,False,False,False,False
搜尋,tshiau-tshuē,chhiau-chhōe,10,False,False,False,False,False,False,False,False,False,False
搔,soo,so͘,10,False,False,False,False,False,False,False,False,False,False
損笑,sńg-tshiò,sńg-chhiò,10,False,False,False,False,False,False,False,False,False,False
揾,ùn,ùn,10,False,False,False,False,False,False,False,False,False,False
揷車,tshah-tshia,chhah-chhia,10,False,False,False,False,False,False,False,False,False,False
揷花,tshah-hue,chhah-hoe,10,False,False,False,False,False,False,False,False,False,False
揷手,tshap-tshiú,chhap-chhiú,10,False,False,False,False,False,False,False,False,False,False
揷座,tshah-tsō,chhah-chō,10,False,False,False,False,False,False,False,False,False,False
換帖兮,uānn-thiap-ê,ōaⁿ-thiap-ê,10,False,False,False,False,False,False,False,False,False,False
換帖个,uānn-thiap-ê,ōaⁿ-thiap-ê,10,False,False,False,False,False,False,False,False,False,False
提拱,thê-kióng,thê-kióng,10,False,False,False,False,False,False,False,False,False,False
挑池,thiau-tî,thiau-tî,10,False,False,False,False,False,False,False,False,False,False
提唱,thê-tshiòng,thê-chhiòng,10,False,False,False,False,False,False,False,False,False,False
掽派,phong-phài,phong-phài,10,False,False,False,False,False,False,False,False,False,False
掽掽,phóng-phóng,phóng-phóng,10,False,False,False,False,False,False,False,False,False,False
推荐,tshui-tsiàn,chhui-chiàn,10,False,False,False,False,False,False,False,False,False,False
推捒,tshui-sak,chhui-sak,10,False,False,False,False,False,False,False,False,False,False
掠凖,lia̍h-tsún,lia̍h-chún,10,False,False,False,False,False,False,False,False,False,False
掃手,sàu-tshiú,sàu-chhiú,10,False,False,False,False,False,False,False,False,False,False
据在,kù-tsāi,kù-chāi,10,False,False,False,False,False,False,False,False,False,False
据在,kì-tsāi,kì-chāi,10,False,False,False,False,False,False,False,False,False,False
捧場,phâng-tiûⁿ,phâng-tiûⁿ,10,False,False,False,False,False,False,False,False,False,False
挖角,uat-kak,oat-kak,10,False,False,False,False,False,False,False,False,False,False
挖倒手平,uat-tò-tshiú-pîng,oat-tò-chhiú-pêng,10,False,False,False,False,False,False,False,False,False,False
挖倒手,uat-tò-tshiú,oat-tò-chhiú,10,False,False,False,False,False,False,False,False,False,False
塗魠魚,thôo-thuh-hî,thô͘-thuh-hî,10,False,False,False,False,False,False,False,False,False,False
抛椗,pha-tiànn,pha-tiàⁿ,10,False,False,False,False,False,False,False,False,False,False
抓鈀仔,jiàu-pê-á,jiàu-pê-á,10,False,False,False,False,False,False,False,False,False,False
抓杷仔,jiàu-pê-á,jiàu-pê-á,10,False,False,False,False,False,False,False,False,False,False
愿望,guān-bōng,goān-bōng,10,False,False,False,False,False,False,False,False,False,False
我兮,guá-ê,góa-ê,10,False,False,False,False,False,False,False,False,False,False
我个,guá-ê,góa-ê,10,False,False,False,False,False,False,False,False,False,False
戈船,kò-chûn,kò-chûn,10,False,False,False,False,False,False,False,False,False,False
戈戈纒,ko-ko-tînn,ko-ko-tîⁿ,10,False,False,False,False,False,False,False,False,False,False
戅神,gōng-sîn,gōng-sîn,10,False,False,False,False,False,False,False,False,False,False
戅戅,gōng-gōng,gōng-gōng,10,False,False,False,False,False,False,False,False,False,False
戅大玳,gōng-tuā-tai,gōng-tōa-tai,10,False,False,False,False,False,False,False,False,False,False
戅大代,gōng-tuā-tai,gōng-tōa-tai,10,False,False,False,False,False,False,False,False,False,False
戅人,gōng-lâng,gōng-lâng,10,False,False,False,False,False,False,False,False,False,False
懐疑,huâi-gî,hoâi-gî,10,False,False,False,False,False,False,False,False,False,False
應口應舌,ìn-tshuì-ìn-tsi̍h,ìn-chhùi-ìn-chi̍h,10,False,False,False,False,False,False,False,False,False,False
慶脚,khiàng-kha,khiàng-kha,10,False,False,False,False,False,False,False,False,False,False
慢到,bān-kàu,bān-kàu,10,False,False,False,False,False,False,False,False,False,False
慈悲,chû-pi,chû-pi,10,False,False,False,False,False,False,False,False,False,False
愠,ùn,ùn,10,False,False,False,False,False,False,False,False,False,False
戱出,hì-tshut,hì-chhut,10,False,False,False,False,False,False,False,False,False,False
愛水,ài-suí,ài-súi,10,False,False,False,False,False,False,False,False,False,False
愛困神,ài-khùn-sîn,ài-khùn-sîn,10,False,False,False,False,False,False,False,False,False,False
愛困,ài-khùn,ài-khùn,10,False,False,False,False,False,False,False,False,False,False
愈恰,jú-khah,jú-khah,10,False,False,False,False,False,False,False,False,False,False
愈卡,jú-khah,jú-khah,10,False,False,False,False,False,False,False,False,False,False
惹代志,jiá-tāi-tsì,jiá-tāi-chì,10,False,False,False,False,False,False,False,False,False,False
想象,sióng-siōng,sióng-siōng,10,False,False,False,False,False,False,False,False,False,False
想袂開,siūnn-bē-khui,siūⁿ-bē-khui,10,False,False,False,False,False,False,False,False,False,False
想袂開,siūnn-buē-khui,siūⁿ-bōe-khui,10,False,False,False,False,False,False,False,False,False,False
想看覓,siūnn-khuànn-bāi,siūⁿ-khòaⁿ-bāi,10,False,False,False,False,False,False,False,False,False,False
想杯,siūnn-pue,siūⁿ-poe,10,False,False,False,False,False,False,False,False,False,False
惡,oh,oh,10,False,False,False,False,False,False,False,False,False,False
惟一,ûi-it,ûi-it,10,False,False,False,False,False,False,False,False,False,False
惜惜,sioh-sioh,sioh-sioh,10,False,False,False,False,False,False,False,False,False,False
截止,tsia̍t-chí,chia̍t-chí,10,False,False,False,False,False,False,False,False,False,False
戱弄,hì-lāng,hì-lāng,10,False,False,False,False,False,False,False,False,False,False
扶扶坦坦,phôo-phôo-thánn-thánn,phô͘-phô͘-tháⁿ-tháⁿ,10,False,False,False,False,False,False,False,False,False,False
扐猴,lia̍h-kâu,lia̍h-kâu,10,False,False,False,False,False,False,False,False,False,False
扶坦,phôo-thánn,phô͘-tháⁿ,10,False,False,False,False,False,False,False,False,False,False
扭後脚,giú-āu-kha,giú-āu-kha,10,False,False,False,False,False,False,False,False,False,False
扭后脚,giú-āu-kha,giú-āu-kha,10,False,False,False,False,False,False,False,False,False,False
扭倚,giú-uá,giú-óa,10,False,False,False,False,False,False,False,False,False,False
打馬膠,tám-á-ka,tám-á-ka,10,False,False,False,False,False,False,False,False,False,False
打電動,phah-tiān-tōng,phah-tiān-tōng,10,False,False,False,False,False,False,False,False,False,False
打牒,tánn-tia̍p,táⁿ-tia̍p,10,False,False,False,False,False,False,False,False,False,False
打字,phah-jī,phah-jī,10,False,False,False,False,False,False,False,False,False,False
打叠,tánn-tia̍p,táⁿ-tia̍p,10,False,False,False,False,False,False,False,False,False,False
打博仔,phah-pho̍k-á,phah-pho̍k-á,10,False,False,False,False,False,False,False,False,False,False
打加唱,phah-ka-tshiùnn,phah-ka-chhiùⁿ,10,False,False,False,False,False,False,False,False,False,False
扒山,peh-suann,peh-soaⁿ,10,False,False,False,False,False,False,False,False,False,False
扐龍,lia̍h-lîng,lia̍h-lêng,10,False,False,False,False,False,False,False,False,False,False
扐魚,lia̍h-hî,lia̍h-hî,10,False,False,False,False,False,False,False,False,False,False
扐狂,lia̍h-kông,lia̍h-kông,10,False,False,False,False,False,False,False,False,False,False
戱枰,hì-pênn,hì-pêⁿ,10,False,False,False,False,False,False,False,False,False,False
扐包,lia̍h-pau,lia̍h-pau,10,False,False,False,False,False,False,False,False,False,False
扐凖,lia̍h-tsún,lia̍h-chún,10,False,False,False,False,False,False,False,False,False,False
扐做,lia̍h-tsò,lia̍h-chò,10,False,False,False,False,False,False,False,False,False,False
手指,tshiú-chí,chhiú-chí,10,False,False,False,False,False,False,False,False,False,False
手後𠁆,tshiú-āu-khiau,chhiú-āu-khiau,10,False,False,False,False,False,False,False,False,False,False
手后𠁆,tshiú-āu-khiau,chhiú-āu-khiau,10,False,False,False,False,False,False,False,False,False,False
手后蹺,tshiú-āu-khiau,chhiú-āu-khiau,10,False,False,False,False,False,False,False,False,False,False
手只,tshiú-chí,chhiú-chí,10,False,False,False,False,False,False,False,False,False,False
扁食,phián,phián,10,False,False,False,False,False,False,False,False,False,False
扁仙仔,pián-sian-á,pián-sian-á,10,False,False,False,False,False,False,False,False,False,False
扁,píⁿ,píⁿ,10,False,False,False,False,False,False,False,False,False,False
所以講,sóo-í-kóng,só͘-í-kóng,10,False,False,False,False,False,False,False,False,False,False
戲出,hì-tshut,hì-chhut,10,False,False,False,False,False,False,False,False,False,False
戱棚,hì-pênn,hì-pêⁿ,10,False,False,False,False,False,False,False,False,False,False
搧嘴肶,siàn-tshuì-phué,siàn-chhùi-phóe,10,False,False,False,False,False,False,False,False,False,False
搬戱,puann-hì,poaⁿ-hì,10,False,False,False,False,False,False,False,False,False,False
摃槌仔,kòng-thûi-á,kòng-thûi-á,10,False,False,False,False,False,False,False,False,False,False
有消,ū-siau,ū-siau,10,False,False,False,False,False,False,False,False,False,False
机場,ki-tiûⁿ,ki-tiûⁿ,10,False,False,False,False,False,False,False,False,False,False
机器,ki-khì,ki-khì,10,False,False,False,False,False,False,False,False,False,False
机器,ke-khì,ke-khì,10,False,False,False,False,False,False,False,False,False,False
朴子,phoh-tsú,phoh-chú,10,False,False,False,False,False,False,False,False,False,False
术米,tsu̍t-bí,chu̍t-bí,10,False,False,False,False,False,False,False,False,False,False
朮米,tsu̍t-bí,chu̍t-bí,10,False,False,False,False,False,False,False,False,False,False
木木泅,bo̍k-bo̍k-siû,bo̍k-bo̍k-siû,10,False,False,False,False,False,False,False,False,False,False
朝腹,tiâu-pak,tiâu-pak,10,False,False,False,False,False,False,False,False,False,False
朝朝,tiâu-tiâu,tiâu-tiâu,10,False,False,False,False,False,False,False,False,False,False
朗無,lóng-bô,lóng-bô,10,False,False,False,False,False,False,False,False,False,False
朗是,lóng-sī,lóng-sī,10,False,False,False,False,False,False,False,False,False,False
朕頭,tìm-thâu,tìm-thâu,10,False,False,False,False,False,False,False,False,False,False
有空無筍,ū-khang-bô-sún,ū-khang-bô-sún,10,False,False,False,False,False,False,False,False,False,False
有空無笋,ū-khang-bô-sún,ū-khang-bô-sún,10,False,False,False,False,False,False,False,False,False,False
有應公,iú-ìng-kóng,iú-èng-kóng,10,False,False,False,False,False,False,False,False,False,False
朽,àu,àu,10,False,False,False,False,False,False,False,False,False,False
有効,ū-hāu,ū-hāu,10,False,False,False,False,False,False,False,False,False,False
有冬時,ū-tang-sî,ū-tang-sî,10,False,False,False,False,False,False,False,False,False,False
有兮無兮,ū-ê-bô-ê,ū-ê-bô-ê,10,False,False,False,False,False,False,False,False,False,False
會離,ē-lī,ē-lī,10,False,False,False,False,False,False,False,False,False,False
會失礼,hē-sit-lé,hē-sit-lé,10,False,False,False,False,False,False,False,False,False,False
暴,pho̍k,pho̍k,10,False,False,False,False,False,False,False,False,False,False
暫且,tsiam-tshiánn,chiam-chhiáⁿ,10,False,False,False,False,False,False,False,False,False,False
暗靜,àm-tsēnn,àm-chēⁿ,10,False,False,False,False,False,False,False,False,False,False
暗邦車,àm-pang-tshia,àm-pang-chhia,10,False,False,False,False,False,False,False,False,False,False
暗民摸,àm-bin-bong,àm-bin-bong,10,False,False,False,False,False,False,False,False,False,False
暗坑仔,àm-khenn-á,àm-kheⁿ-á,10,False,False,False,False,False,False,False,False,False,False
智識份子,tì-sik-hūn-tsú,tì-sek-hūn-chú,10,False,False,False,False,False,False,False,False,False,False
景尾,kíng-bé,kéng-bé,10,False,False,False,False,False,False,False,False,False,False
普通時仔,phóo-thong-sî-á,phó͘-thong-sî-á,10,False,False,False,False,False,False,False,False,False,False
机械,ki-hâi,ki-hâi,10,False,False,False,False,False,False,False,False,False,False
朽客,àu-kheh,àu-kheh,10,False,False,False,False,False,False,False,False,False,False
是安盞,sī-án-tsuánn,sī-án-chóaⁿ,10,False,False,False,False,False,False,False,False,False,False
柱仔脚,thiāu-á-kha,thiāu-á-kha,10,False,False,False,False,False,False,False,False,False,False
梅仔,mûi-á,mûi-á,10,False,False,False,False,False,False,False,False,False,False
档,tóng,tóng,10,False,False,False,False,False,False,False,False,False,False
格酒,kik-tsiú,kek-chiú,10,False,False,False,False,False,False,False,False,False,False
株龜,tuh-ku,tuh-ku,10,False,False,False,False,False,False,False,False,False,False
株水,tū-tsuí,tū-chúi,10,False,False,False,False,False,False,False,False,False,False
株亀,tuh-ku,tuh-ku,10,False,False,False,False,False,False,False,False,False,False
栗子,la̍t-chí,la̍t-chí,10,False,False,False,False,False,False,False,False,False,False
栗只,la̍t-chí,la̍t-chí,10,False,False,False,False,False,False,False,False,False,False
栅,sa,sa,10,False,False,False,False,False,False,False,False,False,False
柿柿攃,khī-khī-tshuah,khī-khī-chhoah,10,False,False,False,False,False,False,False,False,False,False
柿柿攃,gī-gī-tshuah,gī-gī-chhoah,10,False,False,False,False,False,False,False,False,False,False
柴仔,tshâ-á,chhâ-á,10,False,False,False,False,False,False,False,False,False,False
柳掠,liú-lia̍h,liú-lia̍h,10,False,False,False,False,False,False,False,False,False,False
柳扐,liú-lia̍h,liú-lia̍h,10,False,False,False,False,False,False,False,False,False,False
柱仔子,thiâu-á-chí,thiâu-á-chí,10,False,False,False,False,False,False,False,False,False,False
朽株株,àu-tū-tū,àu-tū-tū,10,False,False,False,False,False,False,False,False,False,False
柱仔只,thiâu-á-chí,thiâu-á-chí,10,False,False,False,False,False,False,False,False,False,False
查暗,tsa-àm,cha-àm,10,False,False,False,False,False,False,False,False,False,False
查昏暗,tsa-hng-àm,cha-hng-àm,10,False,False,False,False,False,False,False,False,False,False
查冥,tsa-mê,cha-mê,10,False,False,False,False,False,False,False,False,False,False
柔魚焿,jiû-hî-kenn,jiû-hî-keⁿ,10,False,False,False,False,False,False,False,False,False,False
某乜,bóo-mih,bó͘-mih,10,False,False,False,False,False,False,False,False,False,False
枝仔氷,ki-á-ping,ki-á-peng,10,False,False,False,False,False,False,False,False,False,False
枕頭,chím-thâu,chím-thâu,10,False,False,False,False,False,False,False,False,False,False
板權,pán-khuân,pán-khoân,10,False,False,False,False,False,False,False,False,False,False
松重,siong-tiōng,siong-tiōng,10,False,False,False,False,False,False,False,False,False,False
松樹,tshîng-tshiū,chhêng-chhiū,10,False,False,False,False,False,False,False,False,False,False
東洋,tang-iûⁿ,tang-iûⁿ,10,False,False,False,False,False,False,False,False,False,False
東平,tang-pîng,tang-pêng,10,False,False,False,False,False,False,False,False,False,False
東亜,tang-a,tang-a,10,False,False,False,False,False,False,False,False,False,False
是按盞,sī-án-tsuánn,sī-án-chóaⁿ,10,False,False,False,False,False,False,False,False,False,False
是不,sī-m̄,sī-m̄,10,False,False,False,False,False,False,False,False,False,False
摃鎚仔,kòng-thûi-á,kòng-thûi-á,10,False,False,False,False,False,False,False,False,False,False
攃一趒,tshuah-tsi̍t-tiô,chhoah-chi̍t-tiô,10,False,False,False,False,False,False,False,False,False,False
敎科書,kàu-kho-su,kàu-kho-su,10,False,False,False,False,False,False,False,False,False,False
敎會,kàu-huē,kàu-hōe,10,False,False,False,False,False,False,False,False,False,False
敎授,kàu-siū,kàu-siū,10,False,False,False,False,False,False,False,False,False,False
敎學,kàu-ha̍k,kàu-ha̍k,10,False,False,False,False,False,False,False,False,False,False
敎堂,kàu-tn̂g,kàu-tn̂g,10,False,False,False,False,False,False,False,False,False,False
故人怨,kòo-lâng-uàn,kò͘-lâng-oàn,10,False,False,False,False,False,False,False,False,False,False
放朝,pàng-tiau,pàng-tiau,10,False,False,False,False,False,False,False,False,False,False
收聼,siu-thiann,siu-thiaⁿ,10,False,False,False,False,False,False,False,False,False,False
收惊,siu-kiann,siu-kiaⁿ,10,False,False,False,False,False,False,False,False,False,False
收听,siu-thiann,siu-thiaⁿ,10,False,False,False,False,False,False,False,False,False,False
攤草,thuánn-tsháu,thóaⁿ-chháu,10,False,False,False,False,False,False,False,False,False,False
攃流,tshuah-lâu,chhoah-lâu,10,False,False,False,False,False,False,False,False,False,False
攃氷,tshuah-ping,chhoah-peng,10,False,False,False,False,False,False,False,False,False,False
攃屎,tshuah-sái,chhoah-sái,10,False,False,False,False,False,False,False,False,False,False
擧高,gia̍h-kuân,gia̍h-koân,10,False,False,False,False,False,False,False,False,False,False
救脚筋,kiù-kha-kin,kiù-kha-kin,10,False,False,False,False,False,False,False,False,False,False
擧辦,kí-pān,kí-pān,10,False,False,False,False,False,False,False,False,False,False
操諫喬,tshoh-kàn-kiāu,chhoh-kàn-kiāu,10,False,False,False,False,False,False,False,False,False,False
擋袂條,tòng-bē-tiâu,tòng-bē-tiâu,10,False,False,False,False,False,False,False,False,False,False
擋袂條,tòng-buē-tiâu,tòng-bōe-tiâu,10,False,False,False,False,False,False,False,False,False,False
擋袂朝,tòng-bē-tiâu,tòng-bē-tiâu,10,False,False,False,False,False,False,False,False,False,False
擋袂朝,tòng-buē-tiâu,tòng-bōe-tiâu,10,False,False,False,False,False,False,False,False,False,False
撻車,that-tshia,that-chhia,10,False,False,False,False,False,False,False,False,False,False
撻倒街,that-tó-ke,that-tó-ke,10,False,False,False,False,False,False,False,False,False,False
撩,liāu,liāu,10,False,False,False,False,False,False,False,False,False,False
撕筌,liah-tshuann,liah-chhoaⁿ,10,False,False,False,False,False,False,False,False,False,False
撓,giáu,giáu,10,False,False,False,False,False,False,False,False,False,False
摇頭,iô-thâu,iô-thâu,10,False,False,False,False,False,False,False,False,False,False
摇錢樹,iô-tsînn-tshiū,iô-chîⁿ-chhiū,10,False,False,False,False,False,False,False,False,False,False
摃鑼,kòng-lô,kòng-lô,10,False,False,False,False,False,False,False,False,False,False
救筋,kiù-kin,kiù-kin,10,False,False,False,False,False,False,False,False,False,False
救脚筋,kiù-kha-kun,kiù-kha-kun,10,False,False,False,False,False,False,False,False,False,False
昨冥,tsa-mê,cha-mê,10,False,False,False,False,False,False,False,False,False,False
明仔,bîn-ná,bîn-ná,10,False,False,False,False,False,False,False,False,False,False
春,chhûn,chhûn,10,False,False,False,False,False,False,False,False,False,False
明那暗,bîn-á-àm,bîn-á-àm,10,False,False,False,False,False,False,False,False,False,False
明那暗,bîn-ná-àm,bîn-ná-àm,10,False,False,False,False,False,False,False,False,False,False
明那再,miă-tsài,miă-chài,10,False,False,False,False,False,False,False,False,False,False
明那,bîn-á,bîn-á,10,False,False,False,False,False,False,False,False,False,False
明那,bîn-ná,bîn-ná,10,False,False,False,False,False,False,False,False,False,False
明旦暗,bîn-á-àm,bîn-á-àm,10,False,False,False,False,False,False,False,False,False,False
明旦暗,bîn-ná-àm,bîn-ná-àm,10,False,False,False,False,False,False,False,False,False,False
明旦再,miă-tsài,miă-chài,10,False,False,False,False,False,False,False,False,False,False
明旦,bîn-á,bîn-á,10,False,False,False,False,False,False,False,False,False,False
明旦,bîn-ná,bîn-ná,10,False,False,False,False,False,False,False,False,False,False
明仔暗,bîn-ná-àm,bîn-ná-àm,10,False,False,False,False,False,False,False,False,False,False
明仔再,miă-tsài,miă-chài,10,False,False,False,False,False,False,False,False,False,False
明仔,bîn-á,bîn-á,10,False,False,False,False,False,False,False,False,False,False
昂迎,gông-ngia̍h,gông-ngia̍h,10,False,False,False,False,False,False,False,False,False,False
散歩,sàn-pōo,sàn-pō͘,10,False,False,False,False,False,False,False,False,False,False
昂車車,gông-tshia-tshia,gông-chhia-chhia,10,False,False,False,False,False,False,False,False,False,False
旦血角,tàn-hiat-ka̍k,tàn-hiat-ka̍k,10,False,False,False,False,False,False,False,False,False,False
旦血捔,tàn-hiat-ka̍k,tàn-hiat-ka̍k,10,False,False,False,False,False,False,False,False,False,False
日語,ji̍t-gú,ji̍t-gú,10,False,False,False,False,False,False,False,False,False,False
斷線,tn̄g-suànn,tn̄g-sòaⁿ,10,False,False,False,False,False,False,False,False,False,False
新庄,sin-tsng,sin-chng,10,False,False,False,False,False,False,False,False,False,False
新園,sin-hn̂g,sin-hn̂g,10,False,False,False,False,False,False,False,False,False,False
新加波,sin-ka-pho,sin-ka-pho,10,False,False,False,False,False,False,False,False,False,False
斬節,tsām-tsat,chām-chat,10,False,False,False,False,False,False,False,False,False,False
斬斷,tsām-tn̄g,chām-tn̄g,10,False,False,False,False,False,False,False,False,False,False
斗,tâu,tâu,10,False,False,False,False,False,False,False,False,False,False
敲洗,khau-sé,khau-sé,10,False,False,False,False,False,False,False,False,False,False
敲刀,khau-to,khau-to,10,False,False,False,False,False,False,False,False,False,False
数,siàu,siàu,10,False,False,False,False,False,False,False,False,False,False
惊見,kiann-ìnn,kiaⁿ-ìⁿ,10,False,False,False,False,False,False,False,False,False,False
挖倒平,uat-tò-pîng,oat-tò-pêng,10,False,False,False,False,False,False,False,False,False,False
惊死人,kiann-sí-lâng,kiaⁿ-sí-lâng,10,False,False,False,False,False,False,False,False,False,False
央三托四,iang-sann-thok-sì,iang-saⁿ-thok-sì,10,False,False,False,False,False,False,False,False,False,False
好得加再,hó-tit-ka-tsài,hó-tit-ka-chài,10,False,False,False,False,False,False,False,False,False,False
好口,hó-tshuì,hó-chhùi,10,False,False,False,False,False,False,False,False,False,False
奬金,tsióng-kim,chióng-kim,10,False,False,False,False,False,False,False,False,False,False
奧蟯,ò-giô,ò-giô,10,False,False,False,False,False,False,False,False,False,False
奥蟯,ò-giô,ò-giô,10,False,False,False,False,False,False,False,False,False,False
奥妙,ò-biāu,ò-biāu,10,False,False,False,False,False,False,False,False,False,False
契甘蔗,khè-kam-tsià,khè-kam-chià,10,False,False,False,False,False,False,False,False,False,False
奄空,âm-khang,âm-khang,10,False,False,False,False,False,False,False,False,False,False
奄崁,am-khàm,am-khàm,10,False,False,False,False,False,False,False,False,False,False
奄埔濟,am-poo-tsê,am-po͘-chê,10,False,False,False,False,False,False,False,False,False,False
央甲,iang-kah,iang-kah,10,False,False,False,False,False,False,False,False,False,False
央托,iang-thok,iang-thok,10,False,False,False,False,False,False,False,False,False,False
央央葉葉,ng-ng-iap-iap,ng-ng-iap-iap,10,False,False,False,False,False,False,False,False,False,False
央央掩掩,ng-ng-iap-iap,ng-ng-iap-iap,10,False,False,False,False,False,False,False,False,False,False
夭無,iá-bô,iá-bô,10,False,False,False,False,False,False,False,False,False,False
好腰飼,hó-io-tshī,hó-io-chhī,10,False,False,False,False,False,False,False,False,False,False
夭久,iá-kú,iá-kú,10,False,False,False,False,False,False,False,False,False,False
夭不閣,iá-m̄-koh,iá-m̄-koh,10,False,False,False,False,False,False,False,False,False,False
夬,kuáinn,koáiⁿ,10,False,False,False,False,False,False,False,False,False,False
夬,kuài,koài,10,False,False,False,False,False,False,False,False,False,False
太能,thái-ē,thái-ē,10,False,False,False,False,False,False,False,False,False,False
太能,thài-ē,thài-ē,10,False,False,False,False,False,False,False,False,False,False
太會,thái-ē,thái-ē,10,False,False,False,False,False,False,False,False,False,False
太會,thài-ē,thài-ē,10,False,False,False,False,False,False,False,False,False,False
太戈,thái-ko,thái-ko,10,False,False,False,False,False,False,False,False,False,False
太平洋,thài-pîng-iûⁿ,thài-pêng-iûⁿ,10,False,False,False,False,False,False,False,False,False,False
太,thái,thái,10,False,False,False,False,False,False,False,False,False,False
天討,thian-tho̍h,thian-tho̍h,10,False,False,False,False,False,False,False,False,False,False
天公伯阿,thinn-kong-peh-á,thiⁿ-kong-peh-á,10,False,False,False,False,False,False,False,False,False,False
天公伯仔,thinn-kong-peh-á,thiⁿ-kong-peh-á,10,False,False,False,False,False,False,False,False,False,False
好胆,hó-tánn,hó-táⁿ,10,False,False,False,False,False,False,False,False,False,False
好通,hó-thang,hó-thang,10,False,False,False,False,False,False,False,False,False,False
大𠫊,tuā-thiann,tōa-thiaⁿ,10,False,False,False,False,False,False,False,False,False,False
嬲趒,tshio-tiô,chhio-tiô,10,False,False,False,False,False,False,False,False,False,False
孝代,hàu-tai,hàu-tai,10,False,False,False,False,False,False,False,False,False,False
存辦,chhûn-pān,chhûn-pān,10,False,False,False,False,False,False,False,False,False,False
存死兮,chhûn-sí-ê,chhûn-sí-ê,10,False,False,False,False,False,False,False,False,False,False
存死个,chhûn-sí-ê,chhûn-sí-ê,10,False,False,False,False,False,False,False,False,False,False
存死,chhûn-sí,chhûn-sí,10,False,False,False,False,False,False,False,False,False,False
存心,chhûn-sim,chhûn-sim,10,False,False,False,False,False,False,False,False,False,False
存年,chûn-nî,chûn-nî,10,False,False,False,False,False,False,False,False,False,False
存,chhûn,chhûn,10,False,False,False,False,False,False,False,False,False,False
字平,jī-pîng,jī-pêng,10,False,False,False,False,False,False,False,False,False,False
字壳,jī-khak,jī-khak,10,False,False,False,False,False,False,False,False,False,False
孔色,khóng-sik,khóng-sek,10,False,False,False,False,False,False,False,False,False,False
子孫仔,kiánn-sun-á,kiáⁿ-sun-á,10,False,False,False,False,False,False,False,False,False,False
嬸婆,chím-pô,chím-pô,10,False,False,False,False,False,False,False,False,False,False
嬴面,iânn-bīn,iâⁿ-bīn,10,False,False,False,False,False,False,False,False,False,False
嬲狗,siáu-káu,siáu-káu,10,False,False,False,False,False,False,False,False,False,False
好飲,hó-lim,hó-lim,10,False,False,False,False,False,False,False,False,False,False
嬲人,siáu-lâng,siáu-lâng,10,False,False,False,False,False,False,False,False,False,False
嫁𤆬,kè-tshuā,kè-chhōa,10,False,False,False,False,False,False,False,False,False,False
嫁尫,kè-ang,kè-ang,10,False,False,False,False,False,False,False,False,False,False
媚,mī,mī,10,False,False,False,False,False,False,False,False,False,False
媒體,mûi-thé,mûi-thé,10,False,False,False,False,False,False,False,False,False,False
媒体,mûi-thé,mûi-thé,10,False,False,False,False,False,False,False,False,False,False
媒人口,muê-lâng-tshuì,môe-lâng-chhùi,10,False,False,False,False,False,False,False,False,False,False
媒人口,hm̂-lâng-tshuì,hm̂-lâng-chhùi,10,False,False,False,False,False,False,False,False,False,False
娛樂,gōo-lo̍k,gō͘-lo̍k,10,False,False,False,False,False,False,False,False,False,False
姜母,kiunn-bó,kiuⁿ-bó,10,False,False,False,False,False,False,False,False,False,False
姉妹,chí-bē,chí-bē,10,False,False,False,False,False,False,False,False,False,False
姉夫,chí-hu,chí-hu,10,False,False,False,False,False,False,False,False,False,False
如葱葱,jû-tsháng-tsháng,jû-chháng-chháng,10,False,False,False,False,False,False,False,False,False,False
如四夢,jû-sù-bāng,jû-sù-bāng,10,False,False,False,False,False,False,False,False,False,False
天主敎,thian-tsú-kàu,thian-chú-kàu,10,False,False,False,False,False,False,False,False,False,False
大麵𬊳,tuā-mī-kinn,tōa-mī-kiⁿ,10,False,False,False,False,False,False,False,False,False,False
孽孑仔話,gia̍t-khiat-á-uē,gia̍t-khiat-á-ōe,10,False,False,False,False,False,False,False,False,False,False
墻仔,tshiûⁿ-á,chhiûⁿ-á,10,False,False,False,False,False,False,False,False,False,False
外久,juā-kú,jōa-kú,10,False,False,False,False,False,False,False,False,False,False
惊死,kiann-sí,kiaⁿ-sí,10,False,False,False,False,False,False,False,False,False,False
夏龜嗽,he-ku-sàu,he-ku-sàu,10,False,False,False,False,False,False,False,False,False,False
夏龜喘,he-ku-tshuán,he-ku-chhoán,10,False,False,False,False,False,False,False,False,False,False
夏亀𠻳,he-ku-sàu,he-ku-sàu,10,False,False,False,False,False,False,False,False,False,False
夏亀嗽,he-ku-sàu,he-ku-sàu,10,False,False,False,False,False,False,False,False,False,False
夏亀喘,he-ku-tshuán,he-ku-chhoán,10,False,False,False,False,False,False,False,False,False,False
壳仔,khak-á,khak-á,10,False,False,False,False,False,False,False,False,False,False
声𠻳,siann-sàu,siaⁿ-sàu,10,False,False,False,False,False,False,False,False,False,False
声調,siann-tiāu,siaⁿ-tiāu,10,False,False,False,False,False,False,False,False,False,False
声說,siann-sueh,siaⁿ-soeh,10,False,False,False,False,False,False,False,False,False,False
声声句句,siann-siann-kù-kù,siaⁿ-siaⁿ-kù-kù,10,False,False,False,False,False,False,False,False,False,False
声嗽,siann-sàu,siaⁿ-sàu,10,False,False,False,False,False,False,False,False,False,False
壠,lang,lang,10,False,False,False,False,False,False,False,False,False,False
墻,tshiâng,chhiâng,10,False,False,False,False,False,False,False,False,False,False
外位仔人,guā-uī-á-lâng,gōa-ūi-á-lâng,10,False,False,False,False,False,False,False,False,False,False
墨鱡,ba̍k-tsa̍t,ba̍k-cha̍t,10,False,False,False,False,False,False,False,False,False,False
塩魚,kiâm-hî,kiâm-hî,10,False,False,False,False,False,False,False,False,False,False
塩酸甜,kiâm-sng-tinn,kiâm-sng-tiⁿ,10,False,False,False,False,False,False,False,False,False,False
塩酥鷄,kiâm-soo-ke,kiâm-so͘-ke,10,False,False,False,False,False,False,False,False,False,False
塩酥雞,kiâm-soo-ke,kiâm-so͘-ke,10,False,False,False,False,False,False,False,False,False,False
塩蜊仔,kiâm-lâ-á,kiâm-lâ-á,10,False,False,False,False,False,False,False,False,False,False
塩菜,kiâm-tshài,kiâm-chhài,10,False,False,False,False,False,False,False,False,False,False
塩糜,kiâm-bê,kiâm-bê,10,False,False,False,False,False,False,False,False,False,False
塩督督,kiâm-tok-tok,kiâm-tok-tok,10,False,False,False,False,False,False,False,False,False,False
梅山,buê-san,bôe-san,10,False,False,False,False,False,False,False,False,False,False
塩澁,kiâm-siap,kiâm-siap,10,False,False,False,False,False,False,False,False,False,False
塩埕埔,iâm-tiânn-poo,iâm-tiâⁿ-po͘,10,False,False,False,False,False,False,False,False,False,False
塩,iām,iām,10,False,False,False,False,False,False,False,False,False,False
塡,thūn,thūn,10,False,False,False,False,False,False,False,False,False,False
外仔,guā-á,gōa-á,10,False,False,False,False,False,False,False,False,False,False
外哖,guā-ni̍h,gōa-ni̍h,10,False,False,False,False,False,False,False,False,False,False
大麵鹻,tuā-mī-kinn,tōa-mī-kiⁿ,10,False,False,False,False,False,False,False,False,False,False
大埕,tuā-tiânn,tōa-tiâⁿ,10,False,False,False,False,False,False,False,False,False,False
大麵焿,tuā-mī-kinn,tōa-mī-kiⁿ,10,False,False,False,False,False,False,False,False,False,False
大體上,tāi-thé-siōng,tāi-thé-siōng,10,False,False,False,False,False,False,False,False,False,False
大騫,tuā-khian,tōa-khian,10,False,False,False,False,False,False,False,False,False,False
大西洋,tāi-se-iûⁿ,tāi-se-iûⁿ,10,False,False,False,False,False,False,False,False,False,False
大衆,tāi-tsiòng,tāi-chiòng,10,False,False,False,False,False,False,False,False,False,False
大蕊,tuā-luí,tōa-lúi,10,False,False,False,False,False,False,False,False,False,False
大胆,tuā-tánn,tōa-táⁿ,10,False,False,False,False,False,False,False,False,False,False
大篐玳,tuā-khoo-tai,tōa-kho͘-tai,10,False,False,False,False,False,False,False,False,False,False
大篐代,tuā-khoo-tai,tōa-kho͘-tai,10,False,False,False,False,False,False,False,False,False,False
大空細裂,tuā-khang-sè-li̍h,tōa-khang-sè-li̍h,10,False,False,False,False,False,False,False,False,False,False
大歩母,tuā-pōo-bú,tōa-pō͘-bú,10,False,False,False,False,False,False,False,False,False,False
大歩母,tuā-pōo-bó,tōa-pō͘-bó,10,False,False,False,False,False,False,False,False,False,False
大姐,tuā-tsé,tōa-ché,10,False,False,False,False,False,False,False,False,False,False
大姉,tuā-tsé,tōa-ché,10,False,False,False,False,False,False,False,False,False,False
大坂,tāi-pán,tāi-pán,10,False,False,False,False,False,False,False,False,False,False
外哖,guā-nī,gōa-nī,10,False,False,False,False,False,False,False,False,False,False
大台,tuā-tâi,tōa-tâi,10,False,False,False,False,False,False,False,False,False,False
大叢,tuā-tsâng,tōa-châng,10,False,False,False,False,False,False,False,False,False,False
大厛,tuā-thiann,tōa-thiaⁿ,10,False,False,False,False,False,False,False,False,False,False
大匝玳,tuā-khoo-tai,tōa-kho͘-tai,10,False,False,False,False,False,False,False,False,False,False
大匝代,tuā-khoo-tai,tōa-kho͘-tai,10,False,False,False,False,False,False,False,False,False,False
大体上,tāi-thé-siōng,tāi-thé-siōng,10,False,False,False,False,False,False,False,False,False,False
夜乂,iā-tshe,iā-chhe,10,False,False,False,False,False,False,False,False,False,False
多歳人,tsē-huè-lâng,chē-hòe-lâng,10,False,False,False,False,False,False,False,False,False,False
多歲人,tsē-huè-lâng,chē-hòe-lâng,10,False,False,False,False,False,False,False,False,False,False
外省兮,guā-síng-ê,gōa-séng-ê,10,False,False,False,False,False,False,False,False,False,False
外省个,guā-síng-ê,gōa-séng-ê,10,False,False,False,False,False,False,False,False,False,False
外年,guā-nī,gōa-nī,10,False,False,False,False,False,False,False,False,False,False
外年,guā-ni̍h,gōa-ni̍h,10,False,False,False,False,False,False,False,False,False,False
外埔頭,guā-poo-thâu,gōa-po͘-thâu,10,False,False,False,False,False,False,False,False,False,False
孝玳,hàu-tai,hàu-tai,10,False,False,False,False,False,False,False,False,False,False
夏龜𠻳,he-ku-sàu,he-ku-sàu,10,False,False,False,False,False,False,False,False,False,False
宂,jióng,jióng,10,False,False,False,False,False,False,False,False,False,False
形体,hîng-thé,hêng-thé,10,False,False,False,False,False,False,False,False,False,False
廷担,tîng-tânn,têng-tâⁿ,10,False,False,False,False,False,False,False,False,False,False
廹,pik,pek,10,False,False,False,False,False,False,False,False,False,False
强勢,kiông-sè,kiông-sè,10,False,False,False,False,False,False,False,False,False,False
强卜,kiông-bueh,kiông-boeh,10,False,False,False,False,False,False,False,False,False,False
强調,kiông-tiau,kiông-tiau,10,False,False,False,False,False,False,False,False,False,False
强迫,kiông-pik,kiông-pek,10,False,False,False,False,False,False,False,False,False,False
彦,gân,gân,10,False,False,False,False,False,False,False,False,False,False
幇忙,pang-bâng,pang-bâng,10,False,False,False,False,False,False,False,False,False,False
彫刻,tiau-khik,tiau-khek,10,False,False,False,False,False,False,False,False,False,False
影响,íng-hiáng,éng-hiáng,10,False,False,False,False,False,False,False,False,False,False
彼冬時,hiàng-sî,hiàng-sî,10,False,False,False,False,False,False,False,False,False,False
彼卦,hit-kuá,hit-kóa,10,False,False,False,False,False,False,False,False,False,False
彼号,hit-lō,hit-lō,10,False,False,False,False,False,False,False,False,False,False
後壠,āu-lâng,āu-lâng,10,False,False,False,False,False,False,False,False,False,False
延雖,iân-sui,iân-sui,10,False,False,False,False,False,False,False,False,False,False
延踐,iân-tshiân,iân-chhiân,10,False,False,False,False,False,False,False,False,False,False
延荽,iân-sui,iân-sui,10,False,False,False,False,False,False,False,False,False,False
廵田水,sûn-tshân-tsuí,sûn-chhân-chúi,10,False,False,False,False,False,False,False,False,False,False
廣仔粿,kóng-á-kué,kóng-á-kóe,10,False,False,False,False,False,False,False,False,False,False
度濟,tōo-tsè,tō͘-chè,10,False,False,False,False,False,False,False,False,False,False
店治,tiàm-tī,tiàm-tī,10,False,False,False,False,False,False,False,False,False,False
店,tiām,tiām,10,False,False,False,False,False,False,False,False,False,False
底致,té-tì,té-tì,10,False,False,False,False,False,False,False,False,False,False
幾那,kuí-ā,kúi-ā,10,False,False,False,False,False,False,False,False,False,False
幾落,kuí-luā,kúi-lōa,10,False,False,False,False,False,False,False,False,False,False
幾歳,kuí-huè,kúi-hòe,10,False,False,False,False,False,False,False,False,False,False
幾歲,kuí-huè,kúi-hòe,10,False,False,False,False,False,False,False,False,False,False
年歳,nî-huè,nî-hòe,10,False,False,False,False,False,False,False,False,False,False
平歳,pênn-huè,pêⁿ-hòe,10,False,False,False,False,False,False,False,False,False,False
平坐竪,pênn-tsē-khiā,pêⁿ-chē-khiā,10,False,False,False,False,False,False,False,False,False,False
平坐立,pênn-tsē-khiā,pêⁿ-chē-khiā,10,False,False,False,False,False,False,False,False,False,False
後礼拜,āu-lé-pài,āu-lé-pài,10,False,False,False,False,False,False,False,False,False,False
徙脚,suá-kha,sóa-kha,10,False,False,False,False,False,False,False,False,False,False
從到今,tsīng-kàu-tann,chēng-kàu-taⁿ,10,False,False,False,False,False,False,False,False,False,False
恰停,khah-thîng,khah-thêng,10,False,False,False,False,False,False,False,False,False,False
完滿,uân-buán,oân-boán,10,False,False,False,False,False,False,False,False,False,False
惊刑,kiann-hiânn,kiaⁿ-hiâⁿ,10,False,False,False,False,False,False,False,False,False,False
惊了,kiann-á,kiaⁿ-á,10,False,False,False,False,False,False,False,False,False,False
惊一趒,kiann-tsi̍t-tiô,kiaⁿ-chi̍t-tiô,10,False,False,False,False,False,False,False,False,False,False
悲傷,pi-siang,pi-siang,10,False,False,False,False,False,False,False,False,False,False
悪質,ok-tsit,ok-chit,10,False,False,False,False,False,False,False,False,False,False
悪,oh,oh,10,False,False,False,False,False,False,False,False,False,False
悞解,gōo-kái,gō͘-kái,10,False,False,False,False,False,False,False,False,False,False
悞會,gōo-huē,gō͘-hōe,10,False,False,False,False,False,False,False,False,False,False
恰過,khah-kuè,khah-kòe,10,False,False,False,False,False,False,False,False,False,False
恰輸面,khah-su-bīn,khah-su-bīn,10,False,False,False,False,False,False,False,False,False,False
恰講,khah-kóng,khah-kóng,10,False,False,False,False,False,False,False,False,False,False
恰大面,khah-tuā-bīn,khah-tōa-bīn,10,False,False,False,False,False,False,False,False,False,False
恰多,khah-tsē,khah-chē,10,False,False,False,False,False,False,False,False,False,False
恒春,hîng-tshun,hêng-chhun,10,False,False,False,False,False,False,False,False,False,False
復,hiù,hiù,10,False,False,False,False,False,False,False,False,False,False
恁兜,lín-tau,lín-tau,10,False,False,False,False,False,False,False,False,False,False
怨妬,uàn-tòo,oàn-tò͘,10,False,False,False,False,False,False,False,False,False,False
怣大玳,gōng-tuā-tai,gōng-tōa-tai,10,False,False,False,False,False,False,False,False,False,False
怣大代,gōng-tuā-tai,gōng-tōa-tai,10,False,False,False,False,False,False,False,False,False,False
怔,gāng,gāng,10,False,False,False,False,False,False,False,False,False,False
怎様,tsáinn-iūnn,cháiⁿ-iūⁿ,10,False,False,False,False,False,False,False,False,False,False
快活,khuàinn-ua̍h,khoàiⁿ-oa̍h,10,False,False,False,False,False,False,False,False,False,False
快活,khuàinn,khoàiⁿ,10,False,False,False,False,False,False,False,False,False,False
志接,tsih-tsiap,chih-chiap,10,False,False,False,False,False,False,False,False,False,False
心藏,sim-tsōng,sim-chōng,10,False,False,False,False,False,False,False,False,False,False
心肝芛仔,sim-kuann-íⁿ-á,sim-koaⁿ-íⁿ-á,10,False,False,False,False,False,False,False,False,False,False
心理上,sim-lí-siōng,sim-lí-siōng,10,False,False,False,False,False,False,False,False,False,False
心愿,sim-guān,sim-goān,10,False,False,False,False,False,False,False,False,False,False
心声,sim-siann,sim-siaⁿ,10,False,False,False,False,False,False,False,False,False,False
干仔孫,kan-á-sun,kan-á-sun,10,False,False,False,False,False,False,False,False,False,False
惊惶,kiann-hiânn,kiaⁿ-hiâⁿ,10,False,False,False,False,False,False,False,False,False,False
幇助,pang-tsōo,pang-chō͘,10,False,False,False,False,False,False,False,False,False,False
寛仔示,khuann-á-sī,khoaⁿ-á-sī,10,False,False,False,False,False,False,False,False,False,False
對連,tuì-liân,tùi-liân,10,False,False,False,False,False,False,False,False,False,False
帶治,tuà-tī,tòa-tī,10,False,False,False,False,False,False,False,False,False,False
尊𢙨,tsun-chhûn,chun-chhûn,10,False,False,False,False,False,False,False,False,False,False
尊守,tsun-siú,chun-siú,10,False,False,False,False,False,False,False,False,False,False
尊存,tsun-chhûn,chun-chhûn,10,False,False,False,False,False,False,False,False,False,False
尉衫,ut-sann,ut-saⁿ,10,False,False,False,False,False,False,False,False,False,False
尉斗,ut-táu,ut-táu,10,False,False,False,False,False,False,False,False,False,False
專是,tsuan-sī,choan-sī,10,False,False,False,False,False,False,False,False,False,False
射榴,sia̍h-liû,sia̍h-liû,10,False,False,False,False,False,False,False,False,False,False
寮溪,liâu-khe,liâu-khe,10,False,False,False,False,False,False,False,False,False,False
寮寮仔,liâu-liâu-á,liâu-liâu-á,10,False,False,False,False,False,False,False,False,False,False
實体,si̍t-thé,si̍t-thé,10,False,False,False,False,False,False,False,False,False,False
寢頭仔,chhím-thâu-á,chhím-thâu-á,10,False,False,False,False,False,False,False,False,False,False
寛寛仔,khuann-khuann-á,khoaⁿ-khoaⁿ-á,10,False,False,False,False,False,False,False,False,False,False
寛仔是,khuann-á-sī,khoaⁿ-á-sī,10,False,False,False,False,False,False,False,False,False,False
尫仔,ang-á,ang-á,10,False,False,False,False,False,False,False,False,False,False
寃枉,uan-óng,oan-óng,10,False,False,False,False,False,False,False,False,False,False
寃仇,uan-siû,oan-siû,10,False,False,False,False,False,False,False,False,False,False
宿脚,hioh-kha,hioh-kha,10,False,False,False,False,False,False,False,False,False,False
宿熱,hioh-jua̍h,hioh-joa̍h,10,False,False,False,False,False,False,False,False,False,False
宿寒,hioh-kuânn,hioh-kôaⁿ,10,False,False,False,False,False,False,False,False,False,False
宿喘,hioh-tshuán,hioh-chhoán,10,False,False,False,False,False,False,False,False,False,False
宿,hioh,hioh,10,False,False,False,False,False,False,False,False,False,False
家族仔,ka-tso̍k-á,ka-cho̍k-á,10,False,False,False,False,False,False,False,False,False,False
宰樣,tsáinn-iūnn,cháiⁿ-iūⁿ,10,False,False,False,False,False,False,False,False,False,False
宰様,tsáinn-iūnn,cháiⁿ-iūⁿ,10,False,False,False,False,False,False,False,False,False,False
宣石,suān-tsio̍h,soān-chio̍h,10,False,False,False,False,False,False,False,False,False,False
宣,suān,soān,10,False,False,False,False,False,False,False,False,False,False
定着,tiānn-tio̍h,tiāⁿ-tio̍h,10,False,False,False,False,False,False,False,False,False,False
宗敎,tsong-kàu,chong-kàu,10,False,False,False,False,False,False,False,False,False,False
少歳,tsió-huè,chió-hòe,10,False,False,False,False,False,False,False,False,False,False
寧可,līng,lēng,10,False,False,False,False,False,False,False,False,False,False
尫仔册,ang-á-tsheh,ang-á-chheh,10,False,False,False,False,False,False,False,False,False,False
崁,hām,hām,10,False,False,False,False,False,False,False,False,False,False
帮忙,pang-bâng,pang-bâng,10,False,False,False,False,False,False,False,False,False,False
帮助,pang-tsōo,pang-chō͘,10,False,False,False,False,False,False,False,False,False,False
尫仔某,ang-á-bóo,ang-á-bó͘,10,False,False,False,False,False,False,False,False,False,False
布袋戱,pòo-tē-hì,pò͘-tē-hì,10,False,False,False,False,False,False,False,False,False,False
布田,pòo-tshân,pò͘-chhân,10,False,False,False,False,False,False,False,False,False,False
市揷,tshih-tshah,chhih-chhah,10,False,False,False,False,False,False,False,False,False,False
市市,tshih-tshih,chhih-chhih,10,False,False,False,False,False,False,False,False,False,False
巷乳,hàng-ling,hàng-leng,10,False,False,False,False,False,False,False,False,False,False
巴拉刈,pa-lá-kuah,pa-lá-koah,10,False,False,False,False,False,False,False,False,False,False
巴巴,pà-pà,pà-pà,10,False,False,False,False,False,False,False,False,False,False
工厰,kang-tshiúnn,kang-chhiúⁿ,10,False,False,False,False,False,False,False,False,False,False
巡田水,sûn-tshân-tsuí,sûn-chhân-chúi,10,False,False,False,False,False,False,False,False,False,False
崇錢,tsông-tsînn,chông-chîⁿ,10,False,False,False,False,False,False,False,False,False,False
崁仔,khàm-á,khàm-á,10,False,False,False,False,False,False,False,False,False,False
希微,hi-bî,hi-bî,10,False,False,False,False,False,False,False,False,False,False
島內,tó-lāi,tó-lāi,10,False,False,False,False,False,False,False,False,False,False
尿住仔,jiō-tsū-á,jiō-chū-á,10,False,False,False,False,False,False,False,False,False,False
岸,gāng,gāng,10,False,False,False,False,False,False,False,False,False,False
尫婿,ang-sài,ang-sài,10,False,False,False,False,False,False,False,False,False,False
尽磅,tsīn-pōng,chīn-pōng,10,False,False,False,False,False,False,False,False,False,False
尽量,tsīn-liōng,chīn-liōng,10,False,False,False,False,False,False,False,False,False,False
尾后,bué-āu,bóe-āu,10,False,False,False,False,False,False,False,False,False,False
屑,siak,siak,10,False,False,False,False,False,False,False,False,False,False
展覧,tián-lám,tián-lám,10,False,False,False,False,False,False,False,False,False,False
屘仔子,ban-á-kiánn,ban-á-kiáⁿ,10,False,False,False,False,False,False,False,False,False,False
屯㬹,tùn-tenn,tùn-teⁿ,10,False,False,False,False,False,False,False,False,False,False
尫姨,ang-î,ang-î,10,False,False,False,False,False,False,False,False,False,False
山猪,suann-ti,soaⁿ-ti,10,False,False,False,False,False,False,False,False,False,False
山脚,suann-kha,soaⁿ-kha,10,False,False,False,False,False,False,False,False,False,False
認識,jīn-bat,jīn-bat,9,False,False,False,False,False,False,False,False,False,False
青仔叢,tshenn-á-tsâng,chheⁿ-á-châng,9,False,False,False,False,False,False,False,False,False,False
透天个,thàu-thinn-ê,thàu-thiⁿ-ê,9,False,False,False,False,False,False,False,False,False,False
透天兮,thàu-thinn-ê,thàu-thiⁿ-ê,9,False,False,False,False,False,False,False,False,False,False
認八,jīn-bat,jīn-bat,9,False,False,False,False,False,False,False,False,False,False
無共,bô-kāng,bô-kāng,9,False,False,False,False,False,False,False,False,False,False
仰光,gióng-kong,gióng-kong,9,False,False,False,False,False,False,False,False,False,False
菁仔叢,tshenn-á-tsâng,chheⁿ-á-châng,9,False,False,False,False,False,False,False,False,False,False
䀫,khueh,khoeh,7,False,False,False,False,False,False,False,False,False,False
䀹,khueh,khoeh,7,False,False,False,False,False,False,False,False,False,False
仩,siâng,siâng,7,False,False,False,False,False,False,False,False,False,False
含,ham,ham,7,False,False,False,False,False,False,False,False,False,False
省人,siâng,siâng,7,False,False,False,False,False,False,False,False,False,False
硤,khueh,khoeh,7,False,False,False,False,False,False,False,False,False,False
裳,siâng,siâng,7,False,False,False,False,False,False,False,False,False,False
綿借被,mî-tsioh-phē,mî-chioh-phē,6,False,False,False,False,False,False,False,False,False,False
様,iāng,iāng,6,False,False,False,False,False,False,False,False,False,False
母阿,bú-ah,bú-ah,6,False,False,False,False,False,False,False,False,False,False
溪州,khue-tsiu,khoe-chiu,6,False,False,False,False,False,False,False,False,False,False
県,kuāinn,koāiⁿ,6,False,False,False,False,False,False,False,False,False,False
恙,iāng,iāng,6,False,False,False,False,False,False,False,False,False,False
綿績被,mî-tsioh-phē,mî-chioh-phē,6,False,False,False,False,False,False,False,False,False,False
背,iāng,iāng,6,False,False,False,False,False,False,False,False,False,False
袂認得,buē-jīn-tit,bōe-jīn-tit,6,False,False,False,False,False,False,False,False,False,False
阿扁仔,a-píⁿ-ah,a-píⁿ-ah,6,False,False,False,False,False,False,False,False,False,False
養,iāng,iāng,6,False,False,False,False,False,False,False,False,False,False
是無,siooh,sio͘h,6,False,False,False,False,False,False,False,False,False,False
母仔,bú-ah,bú-ah,6,False,False,False,False,False,False,False,False,False,False
尾仔,bué-ah,bóe-ah,6,False,False,False,False,False,False,False,False,False,False
噯啊,āi-ah,āi-ah,6,False,False,False,False,False,False,False,False,False,False
尋着,tshē-tio̍h,chhē-tio̍h,6,False,False,False,False,False,False,False,False,False,False
噯呵,ài-ah,ài-ah,6,False,False,False,False,False,False,False,False,False,False
噯呵,āi-ah,āi-ah,6,False,False,False,False,False,False,False,False,False,False
噯唖,āi-ah,āi-ah,6,False,False,False,False,False,False,False,False,False,False
噯啊,ài-ah,ài-ah,6,False,False,False,False,False,False,False,False,False,False
噯唖,ài-ah,ài-ah,6,False,False,False,False,False,False,False,False,False,False
噯啞,ài-ah,ài-ah,6,False,False,False,False,False,False,False,False,False,False
噯啞,āi-ah,āi-ah,6,False,False,False,False,False,False,False,False,False,False
噯喲,āi-ioh,āi-ioh,6,False,False,False,False,False,False,False,False,False,False
噯喲喂,āi-ioh-ueh,āi-ioh-oeh,6,False,False,False,False,False,False,False,False,False,False
箱過,siunn-kè,siuⁿ-kè,5,False,False,False,False,False,False,False,False,False,False
細漢時,suè-hàn-sî,sòe-hàn-sî,5,False,False,False,False,False,False,False,False,False,False
細声,suè-siann,sòe-siaⁿ,5,False,False,False,False,False,False,False,False,False,False
細漢時仔,sè-hàn-sî-á,sè-hàn-sî-á,5,False,False,False,False,False,False,False,False,False,False
紅鷄榆,âng-kue-jiû,âng-koe-jiû,5,False,False,False,False,False,False,False,False,False,False
紅鷄柔,âng-kue-jiû,âng-koe-jiû,5,False,False,False,False,False,False,False,False,False,False
紅雞柔,âng-kue-jiû,âng-koe-jiû,5,False,False,False,False,False,False,False,False,False,False
紅亀粿,âng-ku-ké,âng-ku-ké,5,False,False,False,False,False,False,False,False,False,False
米相尋,bih-sio-tshē,bih-sio-chhē,5,False,False,False,False,False,False,False,False,False,False
秋秤,tshio-tshìn,chhio-chhìn,5,False,False,False,False,False,False,False,False,False,False
笑科,tshiò-khe,chhiò-khe,5,False,False,False,False,False,False,False,False,False,False
竪呈,khiā-thîng,khiā-thêng,5,False,False,False,False,False,False,False,False,False,False
立呈,khiā-thîng,khiā-thêng,5,False,False,False,False,False,False,False,False,False,False
科諧,khe-hâi,khe-hâi,5,False,False,False,False,False,False,False,False,False,False
科扇,khe-sìnn,khe-sìⁿ,5,False,False,False,False,False,False,False,False,False,False
細粒子,suè-lia̍p-chí,sòe-lia̍p-chí,5,False,False,False,False,False,False,False,False,False,False
秀秀,siù-siù,siù-siù,5,False,False,False,False,False,False,False,False,False,False
示細,sī-suè,sī-sòe,5,False,False,False,False,False,False,False,False,False,False
磕袂着,kha̍p-buē-tio̍h,kha̍p-bōe-tio̍h,5,False,False,False,False,False,False,False,False,False,False
細粒只,suè-lia̍p-chí,sòe-lia̍p-chí,5,False,False,False,False,False,False,False,False,False,False
肉見,bah-kián,bah-kián,5,False,False,False,False,False,False,False,False,False,False
細隻,suè-tsiah,sòe-chiah,5,False,False,False,False,False,False,False,False,False,False
致卜,tih-bueh,tih-boeh,5,False,False,False,False,False,False,False,False,False,False
若哖,juā-ni̍h,jōa-ni̍h,5,False,False,False,False,False,False,False,False,False,False
若仔,luā-á,lōa-á,5,False,False,False,False,False,False,False,False,False,False
芳雪文,phang-sat-bûn,phang-sat-bûn,5,False,False,False,False,False,False,False,False,False,False
芬吹,hun-tshe,hun-chhe,5,False,False,False,False,False,False,False,False,False,False
芎蕉,kin-tsio,kin-chio,5,False,False,False,False,False,False,False,False,False,False
芋粿𠁆,ōo-ké-khiau,ō͘-ké-khiau,5,False,False,False,False,False,False,False,False,False,False
芋粿蹺,ōo-ké-khiau,ō͘-ké-khiau,5,False,False,False,False,False,False,False,False,False,False
艮,gûn,gûn,5,False,False,False,False,False,False,False,False,False,False
臭火乾,tshàu-hé-ta,chhàu-hé-ta,5,False,False,False,False,False,False,False,False,False,False
維持,ûi-tshî,ûi-chhî,5,False,False,False,False,False,False,False,False,False,False
脚白筍,ka-pe̍h-sún,ka-pe̍h-sún,5,False,False,False,False,False,False,False,False,False,False
脚白笋,ka-pe̍h-sún,ka-pe̍h-sún,5,False,False,False,False,False,False,False,False,False,False
肚蚓,tōo-ín,tō͘-ín,5,False,False,False,False,False,False,False,False,False,False
肚蚓,tōo-kín,tō͘-kín,5,False,False,False,False,False,False,False,False,False,False
肉蹇,bah-kián,bah-kián,5,False,False,False,False,False,False,False,False,False,False
着凖講,tiō-tsún-kóng,tiō-chún-kóng,5,False,False,False,False,False,False,False,False,False,False
編集,pian-tsi̍p,pian-chi̍p,5,False,False,False,False,False,False,False,False,False,False
綿被,mî-phē,mî-phē,5,False,False,False,False,False,False,False,False,False,False
確認,khak-jīm,khak-jīm,5,False,False,False,False,False,False,False,False,False,False
生山,senn-san,seⁿ-san,5,False,False,False,False,False,False,False,False,False,False
着凖,tiō-tsún,tiō-chún,5,False,False,False,False,False,False,False,False,False,False
水鷄,suí-kue,súi-koe,5,False,False,False,False,False,False,False,False,False,False
濁水溪,lô-tsuí-khue,lô-chúi-khoe,5,False,False,False,False,False,False,False,False,False,False
湆糜,ám-muê,ám-môe,5,False,False,False,False,False,False,False,False,False,False
清明,tshenn-miâ,chheⁿ-miâ,5,False,False,False,False,False,False,False,False,False,False
淡頭,tàm-thâu,tàm-thâu,5,False,False,False,False,False,False,False,False,False,False
洋桃,iûⁿ-thô,iûⁿ-thô,5,False,False,False,False,False,False,False,False,False,False
油者粿,iû-tsia̍h-ké,iû-chia̍h-ké,5,False,False,False,False,False,False,False,False,False,False
汐止,si̍t-chí,si̍t-chí,5,False,False,False,False,False,False,False,False,False,False
水鷄,tsuí-kue,chúi-koe,5,False,False,False,False,False,False,False,False,False,False
水鷄,suí-ke,súi-ke,5,False,False,False,False,False,False,False,False,False,False
火龍果,hé-liông-kó,hé-liông-kó,5,False,False,False,False,False,False,False,False,False,False
氣象,khì-siāng,khì-siāng,5,False,False,False,False,False,False,False,False,False,False
歸家伙仔,kui-ke-hé-á,kui-ke-hé-á,5,False,False,False,False,False,False,False,False,False,False
此號,tsit-lō,chit-lō,5,False,False,False,False,False,False,False,False,False,False
此号,tsit-lō,chit-lō,5,False,False,False,False,False,False,False,False,False,False
樹乳,tshiū-lin,chhiū-lin,5,False,False,False,False,False,False,False,False,False,False
楊桃,iûⁿ-thô,iûⁿ-thô,5,False,False,False,False,False,False,False,False,False,False
棹巾,toh-kun,toh-kun,5,False,False,False,False,False,False,False,False,False,False
若年,juā-ni̍h,jōa-ni̍h,5,False,False,False,False,False,False,False,False,False,False
瀰濃,bi-long,bi-long,5,False,False,False,False,False,False,False,False,False,False
烏,òo,ò͘,5,False,False,False,False,False,False,False,False,False,False
相過,siunn-kè,siuⁿ-kè,5,False,False,False,False,False,False,False,False,False,False
熱帶地,jia̍t-tài-tuē,jia̍t-tài-tōe,5,False,False,False,False,False,False,False,False,False,False
相辞,sann-sî,saⁿ-sî,5,False,False,False,False,False,False,False,False,False,False
田喬仔,tshân-kiâu-á,chhân-kiâu-á,5,False,False,False,False,False,False,False,False,False,False
甯可,līng-khóo,lēng-khó͘,5,False,False,False,False,False,False,False,False,False,False
生做,senn-tsuè,seⁿ-chòe,5,False,False,False,False,False,False,False,False,False,False
猪血粿,ti-huih-ké,ti-huih-ké,5,False,False,False,False,False,False,False,False,False,False
梅山,mûi-san,mûi-san,5,False,False,False,False,False,False,False,False,False,False
猪血,ti-huih,ti-huih,5,False,False,False,False,False,False,False,False,False,False
牛港歪仔,gû-káng-oaihⁿ-á,gû-káng-oaihⁿ-á,5,False,False,False,False,False,False,False,False,False,False
無聲說,bô-siann-seh,bô-siaⁿ-seh,5,False,False,False,False,False,False,False,False,False,False
烏,ŏ͘,ŏ͘,5,False,False,False,False,False,False,False,False,False,False
無盡尾,bô-tsīn-bé,bô-chīn-bé,5,False,False,False,False,False,False,False,False,False,False
無愛治,bô-ài-ti̍hⁿ,bô-ài-ti̍hⁿ,5,False,False,False,False,False,False,False,False,False,False
無愛池,bô-ài-ti̍hⁿ,bô-ài-ti̍hⁿ,5,False,False,False,False,False,False,False,False,False,False
無尽尾,bô-tsīn-bé,bô-chīn-bé,5,False,False,False,False,False,False,False,False,False,False
無声說,bô-siann-seh,bô-siaⁿ-seh,5,False,False,False,False,False,False,False,False,False,False
無声無說,bô-siann-bô-seh,bô-siaⁿ-bô-seh,5,False,False,False,False,False,False,False,False,False,False
無同,bô-sâng,bô-sâng,5,False,False,False,False,False,False,False,False,False,False
烟吹,hun-tshe,hun-chhe,5,False,False,False,False,False,False,False,False,False,False
若哖,juā-nī,jōa-nī,5,False,False,False,False,False,False,False,False,False,False
雞腿飯,kue-thuí-pn̄g,koe-thúi-pn̄g,5,False,False,False,False,False,False,False,False,False,False
若年,juā-nī,jōa-nī,5,False,False,False,False,False,False,False,False,False,False
風火灱,hong-hé-to̍h,hong-hé-to̍h,5,False,False,False,False,False,False,False,False,False,False
鷄妹仔,kue-nuā-á,koe-nōa-á,5,False,False,False,False,False,False,False,False,False,False
鷄卵糕,kue-nn̄g-ko,koe-nn̄g-ko,5,False,False,False,False,False,False,False,False,False,False
鱔魚麵,siān-hî-mī,siān-hî-mī,5,False,False,False,False,False,False,False,False,False,False
魯古石,lóo-kóo-tsio̍h,ló͘-kó͘-chio̍h,5,False,False,False,False,False,False,False,False,False,False
高搭鞋,kuân-tah-uê,koân-tah-ôe,5,False,False,False,False,False,False,False,False,False,False
香雪文,phang-sat-bûn,phang-sat-bûn,5,False,False,False,False,False,False,False,False,False,False
飛龍仔,pe-lîng-á,pe-lêng-á,5,False,False,False,False,False,False,False,False,False,False
風飛砂,hong-pe-sua,hong-pe-soa,5,False,False,False,False,False,False,False,False,False,False
願望,guān-bāng,goān-bāng,5,False,False,False,False,False,False,False,False,False,False
鷄核仔,kue-hu̍t-á,koe-hu̍t-á,5,False,False,False,False,False,False,False,False,False,False
青乳乳,tshenn-lin-lin,chheⁿ-lin-lin,5,False,False,False,False,False,False,False,False,False,False
電火脚,tiān-hé-kha,tiān-hé-kha,5,False,False,False,False,False,False,False,False,False,False
雞肉飯,kue-bah-pn̄g,koe-bah-pn̄g,5,False,False,False,False,False,False,False,False,False,False
雞爛仔,kue-nuā-á,koe-nōa-á,5,False,False,False,False,False,False,False,False,False,False
雞歸,kue-kui,koe-kui,5,False,False,False,False,False,False,False,False,False,False
雞妹仔,kue-nuā-á,koe-nōa-á,5,False,False,False,False,False,False,False,False,False,False
隩,òo,ò͘,5,False,False,False,False,False,False,False,False,False,False
障碍,tsiàng-gāi,chiàng-gāi,5,False,False,False,False,False,False,False,False,False,False
鷄排,kue-pâi,koe-pâi,5,False,False,False,False,False,False,False,False,False,False
鷄歸,kue-kui,koe-kui,5,False,False,False,False,False,False,False,False,False,False
阿沙利,a-sa-lih,a-sa-lih,5,False,False,False,False,False,False,False,False,False,False
鹹酥鷄,kiâm-soo-kue,kiâm-so͘-koe,5,False,False,False,False,False,False,False,False,False,False
朕頭,tàm-thâu,tàm-thâu,5,False,False,False,False,False,False,False,False,False,False
𪮮,ngiáu,ngiáu,5,False,False,False,False,False,False,False,False,False,False
𪮮,giauh,giauh,5,False,False,False,False,False,False,False,False,False,False
𪮮,giah,giah,5,False,False,False,False,False,False,False,False,False,False
𠳝,hōnn,hō͘ⁿ,5,False,False,False,False,False,False,False,False,False,False
𠁣𠁣𠃛𠃛,i̍hⁿ-i̍hⁿ-oa̍ihⁿ-oa̍ihⁿ,i̍hⁿ-i̍hⁿ-oa̍ihⁿ-oa̍ihⁿ,5,False,False,False,False,False,False,False,False,False,False
鹽酥鷄,kiâm-soo-kue,kiâm-so͘-koe,5,False,False,False,False,False,False,False,False,False,False
鹽酥雞,kiâm-soo-kue,kiâm-so͘-koe,5,False,False,False,False,False,False,False,False,False,False
鷄腿飯,kue-thuí-pn̄g,koe-thúi-pn̄g,5,False,False,False,False,False,False,False,False,False,False
鷄母,ke-bú,ke-bú,5,False,False,False,False,False,False,False,False,False,False
鷄腿,kue-thuí,koe-thúi,5,False,False,False,False,False,False,False,False,False,False
鷄腱,kue-kiān,koe-kiān,5,False,False,False,False,False,False,False,False,False,False
鷄肉飯,kue-bah-pn̄g,koe-bah-pn̄g,5,False,False,False,False,False,False,False,False,False,False
鷄肉,kue-bah,koe-bah,5,False,False,False,False,False,False,False,False,False,False
鷄籠,kue-lâng,koe-lâng,5,False,False,False,False,False,False,False,False,False,False
鷄爛仔,kue-nuā-á,koe-nōa-á,5,False,False,False,False,False,False,False,False,False,False
鷄母皮,kue-bú-phê,koe-bú-phê,5,False,False,False,False,False,False,False,False,False,False
鷄母,kue-bú,koe-bú,5,False,False,False,False,False,False,False,False,False,False
阿沙利,a-sá-lih,a-sá-lih,5,False,False,False,False,False,False,False,False,False,False
阿彌陀佛,a-mí-tôo-hu̍t,a-mí-tô͘-hu̍t,5,False,False,False,False,False,False,False,False,False,False
草鋏仔,tsháu-kueh-á,chháu-koeh-á,5,False,False,False,False,False,False,False,False,False,False
衫,san,san,5,False,False,False,False,False,False,False,False,False,False
說服,seh-ho̍k,seh-ho̍k,5,False,False,False,False,False,False,False,False,False,False
說伏,seh-ho̍k,seh-ho̍k,5,False,False,False,False,False,False,False,False,False,False
認定,jīm-tīng,jīm-tēng,5,False,False,False,False,False,False,False,False,False,False
証據,tsìng-kù,chèng-kù,5,False,False,False,False,False,False,False,False,False,False
証据,tsìng-kù,chèng-kù,5,False,False,False,False,False,False,False,False,False,False
袂比,buē-pí,bōe-pí,5,False,False,False,False,False,False,False,False,False,False
袂春車,buē-tshun-tshia,bōe-chhun-chhia,5,False,False,False,False,False,False,False,False,False,False
袂伸車,buē-tshun-tshia,bōe-chhun-chhia,5,False,False,False,False,False,False,False,False,False,False
表姉妹,piáu-chí-muāi,piáu-chí-moāi,5,False,False,False,False,False,False,False,False,False,False
豆莢,tāu-ngueh,tāu-ngoeh,5,False,False,False,False,False,False,False,False,False,False
表姉,piáu-tsé,piáu-ché,5,False,False,False,False,False,False,False,False,False,False
表妹,piáu-muāi,piáu-moāi,5,False,False,False,False,False,False,False,False,False,False
血形,huih-hîng,huih-hêng,5,False,False,False,False,False,False,False,False,False,False
螺糸,lôo-si,lô͘-si,5,False,False,False,False,False,False,False,False,False,False
蕃薯簽,han-chû-tshiam,han-chû-chhiam,5,False,False,False,False,False,False,False,False,False,False
蕃薯,han-chû,han-chû,5,False,False,False,False,False,False,False,False,False,False
菠稜仔,pe-lîng-á,pe-lêng-á,5,False,False,False,False,False,False,False,False,False,False
莖,kuínn,kúiⁿ,5,False,False,False,False,False,False,False,False,False,False
譯做,i̍k-tsuè,e̍k-chòe,5,False,False,False,False,False,False,False,False,False,False
貓鼠,niáu-tshú,niáu-chhú,5,False,False,False,False,False,False,False,False,False,False
長歳壽,tn̂g-hè-siū,tn̂g-hè-siū,5,False,False,False,False,False,False,False,False,False,False
選擧,suán-kú,soán-kú,5,False,False,False,False,False,False,False,False,False,False
鎖管仔,só-kńg-á,só-kńg-á,5,False,False,False,False,False,False,False,False,False,False
鋏,keh,keh,5,False,False,False,False,False,False,False,False,False,False
銹,san,san,5,False,False,False,False,False,False,False,False,False,False
里里六六,li-li-la̍k-la̍k,li-li-la̍k-la̍k,5,False,False,False,False,False,False,False,False,False,False
那親象,ná-tshan-tshiūnn,ná-chhan-chhiūⁿ,5,False,False,False,False,False,False,False,False,False,False
那親像,ná-tshan-tshiūnn,ná-chhan-chhiūⁿ,5,False,False,False,False,False,False,False,False,False,False
那田象,ná-tshan-tshiūnn,ná-chhan-chhiūⁿ,5,False,False,False,False,False,False,False,False,False,False
那田像,ná-tshan-tshiūnn,ná-chhan-chhiūⁿ,5,False,False,False,False,False,False,False,False,False,False
過貓,keh-niau,keh-niau,5,False,False,False,False,False,False,False,False,False,False
賴仔,juā-á,jōa-á,5,False,False,False,False,False,False,False,False,False,False
輕声細說,khin-siann-suè-seh,khin-siaⁿ-sòe-seh,5,False,False,False,False,False,False,False,False,False,False
起去,khí-lih,khí-lih,5,False,False,False,False,False,False,False,False,False,False
走尋,tsáu-tshē,cháu-chhē,5,False,False,False,False,False,False,False,False,False,False
賴年,juā-nī,jōa-nī,5,False,False,False,False,False,False,False,False,False,False
賴年,juā-ni̍h,jōa-ni̍h,5,False,False,False,False,False,False,False,False,False,False
賴哖,juā-nī,jōa-nī,5,False,False,False,False,False,False,False,False,False,False
賴哖,juā-ni̍h,jōa-ni̍h,5,False,False,False,False,False,False,False,False,False,False
賴仔,luā-á,lōa-á,5,False,False,False,False,False,False,False,False,False,False
板權,pán-kuân,pán-koân,5,False,False,False,False,False,False,False,False,False,False
生銹,senn-san,seⁿ-san,5,False,False,False,False,False,False,False,False,False,False
景尾,kíng-bué,kéng-bóe,5,False,False,False,False,False,False,False,False,False,False
圓厘厘,înn-lìn-lìn,îⁿ-lìn-lìn,5,False,False,False,False,False,False,False,False,False,False
后尾,āu-bé,āu-bé,5,False,False,False,False,False,False,False,False,False,False
可憐事,khó-lîn-tāi,khó-lîn-tāi,5,False,False,False,False,False,False,False,False,False,False
可悪,khóo-ònn,khó͘-ò͘ⁿ,5,False,False,False,False,False,False,False,False,False,False
可悪,khónn-ònn,khó͘ⁿ-ò͘ⁿ,5,False,False,False,False,False,False,False,False,False,False
只號,tsit-lō,chit-lō,5,False,False,False,False,False,False,False,False,False,False
只号,tsit-lō,chit-lō,5,False,False,False,False,False,False,False,False,False,False
口肶,tshuì-phé,chhùi-phé,5,False,False,False,False,False,False,False,False,False,False
口奄,tshuì-om,chhùi-om,5,False,False,False,False,False,False,False,False,False,False
叔伯小妹,tsik-peh-sió-muāi,chek-peh-sió-moāi,5,False,False,False,False,False,False,False,False,False,False
叔伯姉妹,tsik-peh-chí-muāi,chek-peh-chí-moāi,5,False,False,False,False,False,False,False,False,False,False
双生仔,siang-sinn-á,siang-siⁿ-á,5,False,False,False,False,False,False,False,False,False,False
參,tshām,chhām,5,False,False,False,False,False,False,False,False,False,False
卡多,khah-tsuē,khah-chōe,5,False,False,False,False,False,False,False,False,False,False
卜知,bueh-tsai,boeh-chai,5,False,False,False,False,False,False,False,False,False,False
卜按盞,bueh-án-tsuánn,boeh-án-chóaⁿ,5,False,False,False,False,False,False,False,False,False,False
博仔聲,phok-á-siann,phok-á-siaⁿ,5,False,False,False,False,False,False,False,False,False,False
博仔声,phok-á-siann,phok-á-siaⁿ,5,False,False,False,False,False,False,False,False,False,False
卓巾,toh-kun,toh-kun,5,False,False,False,False,False,False,False,False,False,False
匿相尋,bih-sio-tshē,bih-sio-chhē,5,False,False,False,False,False,False,False,False,False,False
后頭,āu-thâu,āu-thâu,5,False,False,False,False,False,False,False,False,False,False
吝郎,lìn-lòng,lìn-lòng,5,False,False,False,False,False,False,False,False,False,False
吝𢭗,lìn-lòng,lìn-lòng,5,False,False,False,False,False,False,False,False,False,False
啞,ā,ā,5,False,False,False,False,False,False,False,False,False,False
噢,ŏ͘,ŏ͘,5,False,False,False,False,False,False,False,False,False,False
噢,òo,ò͘,5,False,False,False,False,False,False,False,False,False,False
嘴肶,tshuì-phé,chhùi-phé,5,False,False,False,False,False,False,False,False,False,False
嘴奄,tshuì-om,chhùi-om,5,False,False,False,False,False,False,False,False,False,False
嗚,ŏ͘,ŏ͘,5,False,False,False,False,False,False,False,False,False,False
嗚,òo,ò͘,5,False,False,False,False,False,False,False,False,False,False
善虫仔,siān-lâng-á,siān-lâng-á,5,False,False,False,False,False,False,False,False,False,False
善尫仔,siān-lâng-á,siān-lâng-á,5,False,False,False,False,False,False,False,False,False,False
啊,ā,ā,5,False,False,False,False,False,False,False,False,False,False
否,hōnn,hō͘ⁿ,5,False,False,False,False,False,False,False,False,False,False
商業,siang-gia̍p,siang-gia̍p,5,False,False,False,False,False,False,False,False,False,False
唖,ā,ā,5,False,False,False,False,False,False,False,False,False,False
唅血噴天,kâm-huih-phùn-thinn,kâm-huih-phùn-thiⁿ,5,False,False,False,False,False,False,False,False,False,False
哲學,tia̍t-ha̍k,tia̍t-ha̍k,5,False,False,False,False,False,False,False,False,False,False
員吝吝,înn-lìn-lìn,îⁿ-lìn-lìn,5,False,False,False,False,False,False,False,False,False,False
員厘厘,înn-lìn-lìn,îⁿ-lìn-lìn,5,False,False,False,False,False,False,False,False,False,False
哖,ni̍h,ni̍h,5,False,False,False,False,False,False,False,False,False,False
哇,uà,òa,5,False,False,False,False,False,False,False,False,False,False
北港溪,pak-káng-khue,pak-káng-khoe,5,False,False,False,False,False,False,False,False,False,False
北京語,pak-kiann-gú,pak-kiaⁿ-gú,5,False,False,False,False,False,False,False,False,False,False
勉强,bián-kiáng,bián-kiáng,5,False,False,False,False,False,False,False,False,False,False
下暗,ê-àm,ê-àm,5,False,False,False,False,False,False,False,False,False,False
仝父各母,kāng-pē-koh-bó,kāng-pē-koh-bó,5,False,False,False,False,False,False,False,False,False,False
仝母各父,kāng-bó-koh-pē,kāng-bó-koh-pē,5,False,False,False,False,False,False,False,False,False,False
付錄,hù-lo̍k,hù-lo̍k,5,False,False,False,False,False,False,False,False,False,False
什貨,tsa̍p-hè,cha̍p-hè,5,False,False,False,False,False,False,False,False,False,False
乳母,ling-bó,leng-bó,5,False,False,False,False,False,False,False,False,False,False
中國語,tiong-kok-gú,tiong-kok-gú,5,False,False,False,False,False,False,False,False,False,False
不池,m̄-ti̍hⁿ,m̄-ti̍hⁿ,5,False,False,False,False,False,False,False,False,False,False
下淡水溪,ē-tām-tsuí-khue,ē-tām-chúi-khoe,5,False,False,False,False,False,False,False,False,False,False
下晝,ê-tàu,ê-tàu,5,False,False,False,False,False,False,False,False,False,False
做一困,tsuè-tsi̍t-khùn,chòe-chi̍t-khùn,5,False,False,False,False,False,False,False,False,False,False
下昼,ê-tàu,ê-tàu,5,False,False,False,False,False,False,False,False,False,False
下早,ê-tsái,ê-chái,5,False,False,False,False,False,False,False,False,False,False
下咳,ē-hâi,ē-hâi,5,False,False,False,False,False,False,False,False,False,False
上課,siāng-khò,siāng-khò,5,False,False,False,False,False,False,False,False,False,False
上主,siāng-tsú,siāng-chú,5,False,False,False,False,False,False,False,False,False,False
㕫,hǹg,hǹg,5,False,False,False,False,False,False,False,False,False,False
㕫,hngh,hngh,5,False,False,False,False,False,False,False,False,False,False
リリ六六,li-li-la̍k-la̍k,li-li-la̍k-la̍k,5,False,False,False,False,False,False,False,False,False,False
佛敎,hu̍t-kàu,hu̍t-kàu,5,False,False,False,False,False,False,False,False,False,False
做工仔人,tsuè-kang-á-lâng,chòe-kang-á-lâng,5,False,False,False,False,False,False,False,False,False,False
加白筍,ka-pe̍h-sún,ka-pe̍h-sún,5,False,False,False,False,False,False,False,False,False,False
共母各父,kāng-bó-koh-pē,kāng-bó-koh-pē,5,False,False,False,False,False,False,False,False,False,False
加白笋,ka-pe̍h-sún,ka-pe̍h-sún,5,False,False,False,False,False,False,False,False,False,False
刺革,tshì-kik,chhì-kek,5,False,False,False,False,False,False,False,False,False,False
刺㦸,tshì-kik,chhì-kek,5,False,False,False,False,False,False,False,False,False,False
删,san,san,5,False,False,False,False,False,False,False,False,False,False
凸鼠,phòng-tshú,phòng-chhú,5,False,False,False,False,False,False,False,False,False,False
几歳,kuí-hè,kúi-hè,5,False,False,False,False,False,False,False,False,False,False
几歲,kuí-hè,kúi-hè,5,False,False,False,False,False,False,False,False,False,False
共父各母,kāng-pē-koh-bó,kāng-pē-koh-bó,5,False,False,False,False,False,False,False,False,False,False
兮暗,ê-àm,ê-àm,5,False,False,False,False,False,False,False,False,False,False
做義量,tsuè-gī-niū,chòe-gī-niū,5,False,False,False,False,False,False,False,False,False,False
兮晝,ê-tàu,ê-tàu,5,False,False,False,False,False,False,False,False,False,False
兮昼,ê-tàu,ê-tàu,5,False,False,False,False,False,False,False,False,False,False
兮早,ê-tsái,ê-chái,5,False,False,False,False,False,False,False,False,False,False
八點,pueh-tiám,poeh-tiám,5,False,False,False,False,False,False,False,False,False,False
八点,pueh-tiám,poeh-tiám,5,False,False,False,False,False,False,False,False,False,False
免細貳,bián-suè-jī,bián-sòe-jī,5,False,False,False,False,False,False,False,False,False,False
免細二,bián-suè-jī,bián-sòe-jī,5,False,False,False,False,False,False,False,False,False,False
做袂到,tsò-buē-kàu,chò-bōe-kàu,5,False,False,False,False,False,False,False,False,False,False
困袂去,khùn-buē-khì,khùn-bōe-khì,5,False,False,False,False,False,False,False,False,False,False
不治,m̄-ti̍hⁿ,m̄-ti̍hⁿ,5,False,False,False,False,False,False,False,False,False,False
圓吝吝,înn-lìn-lìn,îⁿ-lìn-lìn,5,False,False,False,False,False,False,False,False,False,False
形態,hîng-thāi,hêng-thāi,5,False,False,False,False,False,False,False,False,False,False
打不見,phah-m̄-kiàn,phah-m̄-kiàn,5,False,False,False,False,False,False,False,False,False,False
扐做,lia̍h-tsuè,lia̍h-chòe,5,False,False,False,False,False,False,False,False,False,False
愿望,guān-bāng,goān-bāng,5,False,False,False,False,False,False,False,False,False,False
悪,òo,ò͘,5,False,False,False,False,False,False,False,False,False,False
恰多,khah-tsuē,khah-chōe,5,False,False,False,False,False,False,False,False,False,False
心理上,sim-lí-siāng,sim-lí-siāng,5,False,False,False,False,False,False,False,False,False,False
心態,sim-thāi,sim-thāi,5,False,False,False,False,False,False,False,False,False,False
彭彭喘,phēnn-phēnn-tshuán,phēⁿ-phēⁿ-chhoán,5,False,False,False,False,False,False,False,False,False,False
彌濃,bi-long,bi-long,5,False,False,False,False,False,False,False,False,False,False
打卡唱,phah-kha-tshiùnn,phah-kha-chhiùⁿ,5,False,False,False,False,False,False,False,False,False,False
强迫,kiâng-pik,kiâng-pek,5,False,False,False,False,False,False,False,False,False,False
强調,kiâng-tiau,kiâng-tiau,5,False,False,False,False,False,False,False,False,False,False
强勢,kiâng-sè,kiâng-sè,5,False,False,False,False,False,False,False,False,False,False
廠商,tshiúnn-siang,chhiúⁿ-siang,5,False,False,False,False,False,False,False,False,False,False
底致,tué-tì,tóe-tì,5,False,False,False,False,False,False,False,False,False,False
敲洗,khau-sué,khau-sóe,5,False,False,False,False,False,False,False,False,False,False
幾歳,kuí-hè,kúi-hè,5,False,False,False,False,False,False,False,False,False,False
幾歲,kuí-hè,kúi-hè,5,False,False,False,False,False,False,False,False,False,False
打博仔,phah-phok-á,phah-phok-á,5,False,False,False,False,False,False,False,False,False,False
打脚唱,phah-kha-tshiùnn,phah-kha-chhiùⁿ,5,False,False,False,False,False,False,False,False,False,False
年,ni̍h,ni̍h,5,False,False,False,False,False,False,False,False,False,False
提唱,thê-tshiàng,thê-chhiàng,5,False,False,False,False,False,False,False,False,False,False
土磘鷄,thôo-iô-kue,thô͘-iô-koe,5,False,False,False,False,False,False,False,False,False,False
擧高,gia̍h-kuâinn,gia̍h-koâiⁿ,5,False,False,False,False,False,False,False,False,False,False
擧辦,kú-pān,kú-pān,5,False,False,False,False,False,False,False,False,False,False
撻倒街,that-tó-kue,that-tó-koe,5,False,False,False,False,False,False,False,False,False,False
撓,giauh,giauh,5,False,False,False,False,False,False,False,False,False,False
撓,giah,giah,5,False,False,False,False,False,False,False,False,False,False
搧嘴肶,siàn-tshuì-phé,siàn-chhùi-phé,5,False,False,False,False,False,False,False,False,False,False
搧口肶,siàn-tshuì-phé,siàn-chhùi-phé,5,False,False,False,False,False,False,False,False,False,False
提倡,thê-tshiàng,thê-chhiàng,5,False,False,False,False,False,False,False,False,False,False
拍不見,phah-m̄-kiàn,phah-m̄-kiàn,5,False,False,False,False,False,False,False,False,False,False
挮,thenn,theⁿ,5,False,False,False,False,False,False,False,False,False,False
指頭母,tsíng-thâu-bó,chéng-thâu-bó,5,False,False,False,False,False,False,False,False,False,False
擧高,giâ-kuân,giâ-koân,5,False,False,False,False,False,False,False,False,False,False
拞後脚,khiú-āu-kha,khiú-āu-kha,5,False,False,False,False,False,False,False,False,False,False
拞后脚,khiú-āu-kha,khiú-āu-kha,5,False,False,False,False,False,False,False,False,False,False
拒絶,kū-tsua̍t,kū-choa̍t,5,False,False,False,False,False,False,False,False,False,False
拐,kuínn,kúiⁿ,5,False,False,False,False,False,False,False,False,False,False
拍博仔,phah-phok-á,phah-phok-á,5,False,False,False,False,False,False,False,False,False,False
年歳,nî-hè,nî-hè,5,False,False,False,False,False,False,False,False,False,False
强調,kiông-tiāu,kiông-tiāu,5,False,False,False,False,False,False,False,False,False,False
平歳,pênn-hè,pêⁿ-hè,5,False,False,False,False,False,False,False,False,False,False
夭不閣,á-m̄-koh,á-m̄-koh,5,False,False,False,False,False,False,False,False,False,False
大安溪,tāi-an-khue,tāi-an-khoe,5,False,False,False,False,False,False,False,False,False,False
多歳人,tsuē-hè-lâng,chōe-hè-lâng,5,False,False,False,False,False,False,False,False,False,False
多歲人,tsuē-hè-lâng,chōe-hè-lâng,5,False,False,False,False,False,False,False,False,False,False
外年,juā-nī,jōa-nī,5,False,False,False,False,False,False,False,False,False,False
外年,juā-ni̍h,jōa-ni̍h,5,False,False,False,False,False,False,False,False,False,False
外哖,juā-nī,jōa-nī,5,False,False,False,False,False,False,False,False,False,False
外哖,juā-ni̍h,jōa-ni̍h,5,False,False,False,False,False,False,False,False,False,False
平歲,pênn-hè,pêⁿ-hè,5,False,False,False,False,False,False,False,False,False,False
外仔,juā-á,jōa-á,5,False,False,False,False,False,False,False,False,False,False
声說,siann-seh,siaⁿ-seh,5,False,False,False,False,False,False,False,False,False,False
壤,jiáng,jiáng,5,False,False,False,False,False,False,False,False,False,False
塩酥鷄,kiâm-soo-kue,kiâm-so͘-koe,5,False,False,False,False,False,False,False,False,False,False
塩酥雞,kiâm-soo-kue,kiâm-so͘-koe,5,False,False,False,False,False,False,False,False,False,False
塗磘鷄,thôo-iô-kue,thô͘-iô-koe,5,False,False,False,False,False,False,False,False,False,False
塊卜,tih-bueh,tih-boeh,5,False,False,False,False,False,False,False,False,False,False
地点,tuē-tiám,tōe-tiám,5,False,False,False,False,False,False,False,False,False,False
地止,tuē-chí,tōe-chí,5,False,False,False,False,False,False,False,False,False,False
地址,tuē-chí,tōe-chí,5,False,False,False,False,False,False,False,False,False,False
地号名,tuē-hō-miâ,tōe-hō-miâ,5,False,False,False,False,False,False,False,False,False,False
大空細裂,tuā-khang-suè-li̍h,tōa-khang-sòe-li̍h,5,False,False,False,False,False,False,False,False,False,False
外仔,luā-á,lōa-á,5,False,False,False,False,False,False,False,False,False,False
夭無,á-bô,á-bô,5,False,False,False,False,False,False,False,False,False,False
姑不而將,koo-put-jî-tsiang,ko͘-put-jî-chiang,5,False,False,False,False,False,False,False,False,False,False
央托,iong-thok,iong-thok,5,False,False,False,False,False,False,False,False,False,False
巴拉刈,pa-la-kuah,pa-la-koah,5,False,False,False,False,False,False,False,False,False,False
工厰,kang-tshiáng,kang-chhiáng,5,False,False,False,False,False,False,False,False,False,False
尾后,bé-āu,bé-āu,5,False,False,False,False,False,False,False,False,False,False
少歳,tsió-hè,chió-hè,5,False,False,False,False,False,False,False,False,False,False
寮溪,liâu-khue,liâu-khoe,5,False,False,False,False,False,False,False,False,False,False
寧可,līng-khóo,lēng-khó͘,5,False,False,False,False,False,False,False,False,False,False
巷乳,hàng-lin,hàng-lin,5,False,False,False,False,False,False,False,False,False,False
姑不二將,koo-put-jî-tsiang,ko͘-put-jî-chiang,5,False,False,False,False,False,False,False,False,False,False
姐夫,tsé-hu,ché-hu,5,False,False,False,False,False,False,False,False,False,False
姉夫,tsé-hu,ché-hu,5,False,False,False,False,False,False,False,False,False,False
奬金,tsiáng-kim,chiáng-kim,5,False,False,False,False,False,False,False,False,False,False
奥妙,ò-miāu,ò-miāu,5,False,False,False,False,False,False,False,False,False,False
奥,òo,ò͘,5,False,False,False,False,False,False,False,False,False,False
契甘蔗,khuè-kam-tsià,khòe-kam-chià,5,False,False,False,False,False,False,False,False,False,False
夾,gia̍p,gia̍p,5,False,False,False,False,False,False,False,False,False,False
夯高,giâ-kuân,giâ-koân,5,False,False,False,False,False,False,False,False,False,False
輸,si,si,4,False,False,False,False,False,False,False,False,False,False
需,si,si,4,False,False,False,False,False,False,False,False,False,False
欢,huan,hoan,4,False,False,False,False,False,False,False,False,False,False
糸,si,si,4,False,False,False,False,False,False,False,False,False,False
潘,huan,hoan,4,False,False,False,False,False,False,False,False,False,False
符,hù,hù,3,False,False,False,False,False,False,False,False,False,False
治礼,tī-leh,tī-leh,3,False,False,False,False,False,False,False,False,False,False
湾,uân,oân,3,False,False,False,False,False,False,False,False,False,False
漳,tsiunn,chiuⁿ,3,False,False,False,False,False,False,False,False,False,False
灯,ting,teng,3,False,False,False,False,False,False,False,False,False,False
瞈,ǹg,ǹg,3,False,False,False,False,False,False,False,False,False,False
禪,siâm,siâm,3,False,False,False,False,False,False,False,False,False,False
簷,siâm,siâm,3,False,False,False,False,False,False,False,False,False,False
肉,mah,mah,3,False,False,False,False,False,False,False,False,False,False
附近,hù,hù,3,False,False,False,False,False,False,False,False,False,False
治レ,tī-leh,tī-leh,3,False,False,False,False,False,False,False,False,False,False
麗,lî,lî,3,False,False,False,False,False,False,False,False,False,False
麱,phoo,pho͘,3,False,False,False,False,False,False,False,False,False,False
𠞉,liah,liah,3,False,False,False,False,False,False,False,False,False,False
治塊,tī-leh,tī-leh,3,False,False,False,False,False,False,False,False,False,False
馿,lî,lî,3,False,False,False,False,False,False,False,False,False,False
栅,tshik,chhek,3,False,False,False,False,False,False,False,False,False,False
嗎,mah,mah,3,False,False,False,False,False,False,False,False,False,False
朕,tìm,tìm,3,False,False,False,False,False,False,False,False,False,False
也,a̍h,a̍h,3,False,False,False,False,False,False,False,False,False,False
了,liah,liah,3,False,False,False,False,False,False,False,False,False,False
仆,hù,hù,3,False,False,False,False,False,False,False,False,False,False
俚,lî,lî,3,False,False,False,False,False,False,False,False,False,False
匣,a̍h,a̍h,3,False,False,False,False,False,False,False,False,False,False
丽,lî,lî,3,False,False,False,False,False,False,False,False,False,False
央,ǹg,ǹg,3,False,False,False,False,False,False,False,False,False,False
挖,ueh,oeh,3,False,False,False,False,False,False,False,False,False,False
撥,pé,pé,3,False,False,False,False,False,False,False,False,False,False
擂,luī,lūi,3,False,False,False,False,False,False,False,False,False,False
彚,luī,lūi,3,False,False,False,False,False,False,False,False,False,False
映,ǹg,ǹg,3,False,False,False,False,False,False,False,False,False,False
礁埔人,ta-poo-lâng,ta-po͘-lâng,2,False,False,False,False,False,False,False,False,False,False
種仔,tsíng-á,chéng-á,2,False,False,False,False,False,False,False,False,False,False
祷,tóo,tó͘,2,False,False,False,False,False,False,False,False,False,False
礼,lē,lē,2,False,False,False,False,False,False,False,False,False,False
示,sih,sih,2,False,False,False,False,False,False,False,False,False,False
礁埔子,ta-poo-kiánn,ta-po͘-kiáⁿ,2,False,False,False,False,False,False,False,False,False,False
眞愛,tsin-ài,chin-ài,2,False,False,False,False,False,False,False,False,False,False
石𥕢,tsio̍h-tsô,chio̍h-chô,2,False,False,False,False,False,False,False,False,False,False
疹,chín,chín,2,False,False,False,False,False,False,False,False,False,False
疎,se,se,2,False,False,False,False,False,False,False,False,False,False
田尾,tshân-bé,chhân-bé,2,False,False,False,False,False,False,False,False,False,False
篤,tak,tak,2,False,False,False,False,False,False,False,False,False,False
竅竅,khiàu-khiàu,khiàu-khiàu,2,False,False,False,False,False,False,False,False,False,False
肉,bā,bā,2,False,False,False,False,False,False,False,False,False,False
粬,khak,khak,2,False,False,False,False,False,False,False,False,False,False
納,lap,lap,2,False,False,False,False,False,False,False,False,False,False
納,lop,lop,2,False,False,False,False,False,False,False,False,False,False
罔仔,bòng-ah,bòng-ah,2,False,False,False,False,False,False,False,False,False,False
羌,kiang,kiang,2,False,False,False,False,False,False,False,False,False,False
羗,kiang,kiang,2,False,False,False,False,False,False,False,False,False,False
瑞穗,suī-huī,sūi-hūi,2,False,False,False,False,False,False,False,False,False,False
能使得,ē-sái-tit,ē-sái-tit,2,False,False,False,False,False,False,False,False,False,False
能堪得,ē-kham-tit,ē-kham-tit,2,False,False,False,False,False,False,False,False,False,False
能用得,ē-iōng-tit,ē-iōng-tit,2,False,False,False,False,False,False,False,False,False,False
臭頭仔,tshàu-thâu-á,chhàu-thâu-á,2,False,False,False,False,False,False,False,False,False,False
致,lih,lih,2,False,False,False,False,False,False,False,False,False,False
瓣,piān,piān,2,False,False,False,False,False,False,False,False,False,False
犠,hi,hi,2,False,False,False,False,False,False,False,False,False,False
珍東,tin-tong,tin-tong,2,False,False,False,False,False,False,False,False,False,False
潮洋,tiô-iûⁿ,tiô-iûⁿ,2,False,False,False,False,False,False,False,False,False,False
死囝仔,sí-gín-ná,sí-gín-ná,2,False,False,False,False,False,False,False,False,False,False
殻,khak,khak,2,False,False,False,False,False,False,False,False,False,False
比,pih,pih,2,False,False,False,False,False,False,False,False,False,False
比,pî,pî,2,False,False,False,False,False,False,False,False,False,False
毡,tsinn,chiⁿ,2,False,False,False,False,False,False,False,False,False,False
汐止,si̍k-chí,se̍k-chí,2,False,False,False,False,False,False,False,False,False,False
泡,pha,pha,2,False,False,False,False,False,False,False,False,False,False
泥,lē,lē,2,False,False,False,False,False,False,False,False,False,False
海豐,hái-hong,hái-hong,2,False,False,False,False,False,False,False,False,False,False
渉,sia̍p,sia̍p,2,False,False,False,False,False,False,False,False,False,False
滙,huē,hōe,2,False,False,False,False,False,False,False,False,False,False
漯,lap,lap,2,False,False,False,False,False,False,False,False,False,False
潮陽,tiô-iûⁿ,tiô-iûⁿ,2,False,False,False,False,False,False,False,False,False,False
珍冬,tin-tiang,tin-tiang,2,False,False,False,False,False,False,False,False,False,False
点句,tiám-kù,tiám-kù,2,False,False,False,False,False,False,False,False,False,False
烏,ōo,ō͘,2,False,False,False,False,False,False,False,False,False,False
熝,lo̍k,lo̍k,2,False,False,False,False,False,False,False,False,False,False
父,hú,hú,2,False,False,False,False,False,False,False,False,False,False
爸仔,pâ-ah,pâ-ah,2,False,False,False,False,False,False,False,False,False,False
爸阿,pâ-ah,pâ-ah,2,False,False,False,False,False,False,False,False,False,False
片,phiánn,phiáⁿ,2,False,False,False,False,False,False,False,False,False,False
苓仔,lîng-á,lêng-á,2,False,False,False,False,False,False,False,False,False,False
猫,bā,bā,2,False,False,False,False,False,False,False,False,False,False
猴山仔,kâu-san-ah,kâu-san-ah,2,False,False,False,False,False,False,False,False,False,False
玺,sú,sú,2,False,False,False,False,False,False,False,False,False,False
珍冬,tin-tang,tin-tang,2,False,False,False,False,False,False,False,False,False,False
芉仔,kuann-á,koaⁿ-á,2,False,False,False,False,False,False,False,False,False,False
葯渣,io̍h-tse,io̍h-che,2,False,False,False,False,False,False,False,False,False,False
苓仔寮,lîng-á-liâu,lêng-á-liâu,2,False,False,False,False,False,False,False,False,False,False
阿依阿,a-i-ah,a-i-ah,2,False,False,False,False,False,False,False,False,False,False
阿君仔,a-kun-ah,a-kun-ah,2,False,False,False,False,False,False,False,False,False,False
阿君阿,a-kun-ah,a-kun-ah,2,False,False,False,False,False,False,False,False,False,False
降下,kàng-kē,kàng-kē,2,False,False,False,False,False,False,False,False,False,False
雙脚,siang-kha,siang-kha,2,False,False,False,False,False,False,False,False,False,False
雹,phauh,phauh,2,False,False,False,False,False,False,False,False,False,False
震,chín,chín,2,False,False,False,False,False,False,False,False,False,False
非州仔,hui-tsiu-á,hui-chiu-á,2,False,False,False,False,False,False,False,False,False,False
非洲仔,hui-tsiu-á,hui-chiu-á,2,False,False,False,False,False,False,False,False,False,False
靠,khuè,khòe,2,False,False,False,False,False,False,False,False,False,False
靠,khè,khè,2,False,False,False,False,False,False,False,False,False,False
須,sú,sú,2,False,False,False,False,False,False,False,False,False,False
頭仔,thâu-ah,thâu-ah,2,False,False,False,False,False,False,False,False,False,False
鯊,se,se,2,False,False,False,False,False,False,False,False,False,False
鰍,liu,liu,2,False,False,False,False,False,False,False,False,False,False
鰨,thuah,thoah,2,False,False,False,False,False,False,False,False,False,False
鵠魚,kho̍k-hî,kho̍k-hî,2,False,False,False,False,False,False,False,False,False,False
鵠鵠,kho̍k-kho̍k,kho̍k-kho̍k,2,False,False,False,False,False,False,False,False,False,False
𣮛,tshíng,chhéng,2,False,False,False,False,False,False,False,False,False,False
𤋮,hi,hi,2,False,False,False,False,False,False,False,False,False,False
𥓌,kiang,kiang,2,False,False,False,False,False,False,False,False,False,False
𨻶,khik,khek,2,False,False,False,False,False,False,False,False,False,False
𫔘着仔,tú-tio̍h-ah,tú-tio̍h-ah,2,False,False,False,False,False,False,False,False,False,False
𬖴,tshuè,chhòe,2,False,False,False,False,False,False,False,False,False,False
𰔤,kiáu,kiáu,2,False,False,False,False,False,False,False,False,False,False
此牒,hit-tia̍p,hit-tia̍p,2,False,False,False,False,False,False,False,False,False,False
阿吉仔,a-kiat-á,a-kiat-á,2,False,False,False,False,False,False,False,False,False,False
阿依仔,a-i-ah,a-i-ah,2,False,False,False,False,False,False,False,False,False,False
茘,lē,lē,2,False,False,False,False,False,False,False,False,False,False
閹鷄,iam-kue,iam-koe,2,False,False,False,False,False,False,False,False,False,False
荟,huē,hōe,2,False,False,False,False,False,False,False,False,False,False
華氏,huâ-sī,hôa-sī,2,False,False,False,False,False,False,False,False,False,False
落去,luè,lòe,2,False,False,False,False,False,False,False,False,False,False
葯劑,io̍h-tse,io̍h-che,2,False,False,False,False,False,False,False,False,False,False
蟋蟀仔,sih,sih,2,False,False,False,False,False,False,False,False,False,False
蟯,gió,gió,2,False,False,False,False,False,False,False,False,False,False
角仔,kak-ah,kak-ah,2,False,False,False,False,False,False,False,False,False,False
触,tak,tak,2,False,False,False,False,False,False,False,False,False,False
許牒,hit-tia̍p,hit-tia̍p,2,False,False,False,False,False,False,False,False,False,False
診,chín,chín,2,False,False,False,False,False,False,False,False,False,False
豈,thah,thah,2,False,False,False,False,False,False,False,False,False,False
貪頭,tham-thâu,tham-thâu,2,False,False,False,False,False,False,False,False,False,False
貪頭,thàm-thâu,thàm-thâu,2,False,False,False,False,False,False,False,False,False,False
賑,chín,chín,2,False,False,False,False,False,False,False,False,False,False
起引,khí-ín,khí-ín,2,False,False,False,False,False,False,False,False,False,False
踈,se,se,2,False,False,False,False,False,False,False,False,False,False
踗,liam,liam,2,False,False,False,False,False,False,False,False,False,False
蹺蹺,khiàu-khiàu,khiàu-khiàu,2,False,False,False,False,False,False,False,False,False,False
躭,tam,tam,2,False,False,False,False,False,False,False,False,False,False
退,thuì,thùi,2,False,False,False,False,False,False,False,False,False,False
遐,hê,hê,2,False,False,False,False,False,False,False,False,False,False
適,tik,tek,2,False,False,False,False,False,False,False,False,False,False
那,nah,nah,2,False,False,False,False,False,False,False,False,False,False
那,nâ,nâ,2,False,False,False,False,False,False,False,False,False,False
閹鷄,iam-ke,iam-ke,2,False,False,False,False,False,False,False,False,False,False
此牒,tsit-tia̍p,chit-tia̍p,2,False,False,False,False,False,False,False,False,False,False
淡,tam,tam,2,False,False,False,False,False,False,False,False,False,False
欎,ut,ut,2,False,False,False,False,False,False,False,False,False,False
員那,ûn-á,ûn-á,2,False,False,False,False,False,False,False,False,False,False
双頭,siang-thâu,siang-thâu,2,False,False,False,False,False,False,False,False,False,False
只牒,hit-tia̍p,hit-tia̍p,2,False,False,False,False,False,False,False,False,False,False
只牒,tsit-tia̍p,chit-tia̍p,2,False,False,False,False,False,False,False,False,False,False
同時,siāng-sî,siāng-sî,2,False,False,False,False,False,False,False,False,False,False
吳國,ngôo-kok,ngô͘-kok,2,False,False,False,False,False,False,False,False,False,False
告,khok,khok,2,False,False,False,False,False,False,False,False,False,False
呶,nòo,nò͘,2,False,False,False,False,False,False,False,False,False,False
呼,hòo,hò͘,2,False,False,False,False,False,False,False,False,False,False
咽喉,nâ,nâ,2,False,False,False,False,False,False,False,False,False,False
咾胎,làu-the,làu-the,2,False,False,False,False,False,False,False,False,False,False
哈,hahⁿ,hahⁿ,2,False,False,False,False,False,False,False,False,False,False
哈,hānn,hāⁿ,2,False,False,False,False,False,False,False,False,False,False
哥哥,ko-koh,ko-koh,2,False,False,False,False,False,False,False,False,False,False
噯喲,âi-ioh,âi-ioh,2,False,False,False,False,False,False,False,False,False,False
唖,à,à,2,False,False,False,False,False,False,False,False,False,False
唖啦,ah-là,ah-là,2,False,False,False,False,False,False,False,False,False,False
啊,à,à,2,False,False,False,False,False,False,False,False,False,False
啊啦,ah-là,ah-là,2,False,False,False,False,False,False,False,False,False,False
啞啦,ah-là,ah-là,2,False,False,False,False,False,False,False,False,False,False
喜牒,hit-tia̍p,hit-tia̍p,2,False,False,False,False,False,False,False,False,False,False
喬,kiáu,kiáu,2,False,False,False,False,False,False,False,False,False,False
嗚,ōo,ō͘,2,False,False,False,False,False,False,False,False,False,False
噢,ōo,ō͘,2,False,False,False,False,False,False,False,False,False,False
噯呵,ái-ah,ái-ah,2,False,False,False,False,False,False,False,False,False,False
噯唖,ái-ah,ái-ah,2,False,False,False,False,False,False,False,False,False,False
噯啊,ái-ah,ái-ah,2,False,False,False,False,False,False,False,False,False,False
双面,siang-bīn,siang-bīn,2,False,False,False,False,False,False,False,False,False,False
双脚,siang-kha,siang-kha,2,False,False,False,False,False,False,False,False,False,False
叉叉,tshè-tshè,chhè-chhè,2,False,False,False,False,False,False,False,False,False,False
单,tan,tan,2,False,False,False,False,False,False,False,False,False,False
䟽,se,se,2,False,False,False,False,False,False,False,False,False,False
万里,bān-lí,bān-lí,2,False,False,False,False,False,False,False,False,False,False
世人,sì-lâng,sì-lâng,2,False,False,False,False,False,False,False,False,False,False
中川,tiong-tshuan,tiong-chhoan,2,False,False,False,False,False,False,False,False,False,False
中村,tiong-tshuan,tiong-chhoan,2,False,False,False,False,False,False,False,False,False,False
串,chhǹg,chhǹg,2,False,False,False,False,False,False,False,False,False,False
丽,lē,lē,2,False,False,False,False,False,False,False,False,False,False
乂乂,tshè-tshè,chhè-chhè,2,False,False,False,False,False,False,False,False,False,False
乾埔人,ta-poo-lâng,ta-po͘-lâng,2,False,False,False,False,False,False,False,False,False,False
乾埔子,ta-poo-kiánn,ta-po͘-kiáⁿ,2,False,False,False,False,False,False,False,False,False,False
二,jî,jî,2,False,False,False,False,False,False,False,False,False,False
云仔,ûn-á,ûn-á,2,False,False,False,False,False,False,False,False,False,False
介,kai,kai,2,False,False,False,False,False,False,False,False,False,False
会,huē,hōe,2,False,False,False,False,False,False,False,False,False,False
依仔,i-ah,i-ah,2,False,False,False,False,False,False,False,False,False,False
依阿,i-ah,i-ah,2,False,False,False,False,False,False,False,False,False,False
保,poh,poh,2,False,False,False,False,False,False,False,False,False,False
凛凛仔,lím-lím-ah,lím-lím-ah,2,False,False,False,False,False,False,False,False,False,False
剦雞,iam-ke,iam-ke,2,False,False,False,False,False,False,False,False,False,False
剦雞,iam-kue,iam-koe,2,False,False,False,False,False,False,False,False,False,False
剦鷄,iam-ke,iam-ke,2,False,False,False,False,False,False,False,False,False,False
剦鷄,iam-kue,iam-koe,2,False,False,False,False,False,False,False,False,False,False
加走,ka-tsáu,ka-cháu,2,False,False,False,False,False,False,False,False,False,False
励,lē,lē,2,False,False,False,False,False,False,False,False,False,False
半冥,puànn-mî,pòaⁿ-mî,2,False,False,False,False,False,False,False,False,False,False
噯啞,ái-ah,ái-ah,2,False,False,False,False,False,False,False,False,False,False
叙事,sū-sū,sū-sū,2,False,False,False,False,False,False,False,False,False,False
噯喲,ăi-ioh,ăi-ioh,2,False,False,False,False,False,False,False,False,False,False
掅,tshíng,chhéng,2,False,False,False,False,False,False,False,False,False,False
彼牒,hit-tia̍p,hit-tia̍p,2,False,False,False,False,False,False,False,False,False,False
得,lih,lih,2,False,False,False,False,False,False,False,False,False,False
得,lit,lit,2,False,False,False,False,False,False,False,False,False,False
情糸,tsîng-si,chêng-si,2,False,False,False,False,False,False,False,False,False,False
情絲,tsîng-si,chêng-si,2,False,False,False,False,False,False,False,False,False,False
打開,phah-khui,phah-khui,2,False,False,False,False,False,False,False,False,False,False
抛,pha,pha,2,False,False,False,False,False,False,False,False,False,False
抵着仔,tú-tio̍h-ah,tú-tio̍h-ah,2,False,False,False,False,False,False,False,False,False,False
拍開,phah-khui,phah-khui,2,False,False,False,False,False,False,False,False,False,False
拯,chín,chín,2,False,False,False,False,False,False,False,False,False,False
挖仔,uat-á,oat-á,2,False,False,False,False,False,False,False,False,False,False
振,chín,chín,2,False,False,False,False,False,False,False,False,False,False
星學,sing-ha̍k,seng-ha̍k,2,False,False,False,False,False,False,False,False,False,False
巴阿,pâ-ah,pâ-ah,2,False,False,False,False,False,False,False,False,False,False
映,ng,ng,2,False,False,False,False,False,False,False,False,False,False
映,n̄g,n̄g,2,False,False,False,False,False,False,False,False,False,False
普普仔,phóo-phóo-ah,phó͘-phó͘-ah,2,False,False,False,False,False,False,False,False,False,False
會用得,ē-iōng-tit,ē-iōng-tit,2,False,False,False,False,False,False,False,False,False,False
机能,ki-lîng,ki-lêng,2,False,False,False,False,False,False,False,False,False,False
柱仔,thiâu-á,thiâu-á,2,False,False,False,False,False,False,False,False,False,False
株,tù,tù,2,False,False,False,False,False,False,False,False,False,False
森田,sim-tiân,sim-tiân,2,False,False,False,False,False,False,False,False,False,False
楊梅,iûⁿ-mûi,iûⁿ-mûi,2,False,False,False,False,False,False,False,False,False,False
楽,lo̍k,lo̍k,2,False,False,False,False,False,False,False,False,False,False
噯喲喂,āi-ioh-uê,āi-ioh-ôe,2,False,False,False,False,False,False,False,False,False,False
榻,thuah,thoah,2,False,False,False,False,False,False,False,False,False,False
干仔,kuann-á,koaⁿ-á,2,False,False,False,False,False,False,False,False,False,False
槓,khong,khong,2,False,False,False,False,False,False,False,False,False,False
巴仔,pâ-ah,pâ-ah,2,False,False,False,False,False,False,False,False,False,False
天公伯阿,thinn-kong-peh-ah,thiⁿ-kong-peh-ah,2,False,False,False,False,False,False,False,False,False,False
巗,nâ,nâ,2,False,False,False,False,False,False,False,False,False,False
囝仔仙,gín-ná-sian,gín-ná-sian,2,False,False,False,False,False,False,False,False,False,False
囝仔仙,gín-á-sian,gín-á-sian,2,False,False,False,False,False,False,False,False,False,False
囝仔先,gín-ná-sian,gín-ná-sian,2,False,False,False,False,False,False,False,False,False,False
囝仔先,gín-á-sian,gín-á-sian,2,False,False,False,False,False,False,False,False,False,False
坔仔,làm-á,làm-á,2,False,False,False,False,False,False,False,False,False,False
塊,lih,lih,2,False,False,False,False,False,False,False,False,False,False
塩埕,iâm-tiânn,iâm-tiâⁿ,2,False,False,False,False,False,False,False,False,False,False
墅,sú,sú,2,False,False,False,False,False,False,False,False,False,False
士,sú,sú,2,False,False,False,False,False,False,False,False,False,False
壳,khak,khak,2,False,False,False,False,False,False,False,False,False,False
天公伯仔,thinn-kong-peh-ah,thiⁿ-kong-peh-ah,2,False,False,False,False,False,False,False,False,False,False
四,sú,sú,2,False,False,False,False,False,False,False,False,False,False
天眞,thian-tsin,thian-chin,2,False,False,False,False,False,False,False,False,False,False
姨阿,î-ah,î-ah,2,False,False,False,False,False,False,False,False,False,False
女,lū,lū,2,False,False,False,False,False,False,False,False,False,False
巖,nâ,nâ,2,False,False,False,False,False,False,False,False,False,False
岩,nâ,nâ,2,False,False,False,False,False,False,False,False,False,False
屎,hi,hi,2,False,False,False,False,False,False,False,False,False,False
尾仔,bé-ah,bé-ah,2,False,False,False,False,False,False,False,False,False,False
噯喲喂,ăi-ioh-ueh,ăi-ioh-oeh,2,False,False,False,False,False,False,False,False,False,False
姨仔,î-ah,î-ah,2,False,False,False,False,False,False,False,False,False,False
姆仔,ḿ-ah,ḿ-ah,2,False,False,False,False,False,False,False,False,False,False
姆阿,ḿ-ah,ḿ-ah,2,False,False,False,False,False,False,False,False,False,False
奶,lé,lé,2,False,False,False,False,False,False,False,False,False,False
硬体,ngē-thé,ngē-thé,1,False,False,False,False,False,False,False,False,False,False
礁礁礁,ta-ta-ta,ta-ta-ta,1,False,False,False,False,False,False,False,False,False,False
碍胃,gāi-uī,gāi-ūi,1,False,False,False,False,False,False,False,False,False,False
硿仔,khann-á,khaⁿ-á,1,False,False,False,False,False,False,False,False,False,False
硯,hìnn,hìⁿ,1,False,False,False,False,False,False,False,False,False,False
硬,kīng,kēng,1,False,False,False,False,False,False,False,False,False,False
碍蟯,ngāi-gio̍h,ngāi-gio̍h,1,False,False,False,False,False,False,False,False,False,False
硫黃,liû-hông,liû-hông,1,False,False,False,False,False,False,False,False,False,False
硤甘蔗,khueh-kam-tsià,khoeh-kam-chià,1,False,False,False,False,False,False,False,False,False,False
硤甘蔗,kheh-kam-tsià,kheh-kam-chià,1,False,False,False,False,False,False,False,False,False,False
砵仔,puah-á,poah-á,1,False,False,False,False,False,False,False,False,False,False
破網,phuà-bāng,phòa-bāng,1,False,False,False,False,False,False,False,False,False,False
碍虐,ngāi-gio̍h,ngāi-gio̍h,1,False,False,False,False,False,False,False,False,False,False
確証,khak-tsìng,khak-chèng,1,False,False,False,False,False,False,False,False,False,False
碗𥓌,uánn-kiang,óaⁿ-kiang,1,False,False,False,False,False,False,False,False,False,False
碼只,bé-chí,bé-chí,1,False,False,False,False,False,False,False,False,False,False
碼子,bé-chí,bé-chí,1,False,False,False,False,False,False,False,False,False,False
磁,hûi,hûi,1,False,False,False,False,False,False,False,False,False,False
磅子,pōng-chí,pōng-chí,1,False,False,False,False,False,False,False,False,False,False
磚枰,tsng-pênn,chng-pêⁿ,1,False,False,False,False,False,False,False,False,False,False
磚棚,tsng-pênn,chng-pêⁿ,1,False,False,False,False,False,False,False,False,False,False
礁巴年,ta-pa-nî,ta-pa-nî,1,False,False,False,False,False,False,False,False,False,False
礁溪,ta-khue,ta-khoe,1,False,False,False,False,False,False,False,False,False,False
礁燥,ta-sò,ta-sò,1,False,False,False,False,False,False,False,False,False,False
破猫,phuà-bâ,phòa-bâ,1,False,False,False,False,False,False,False,False,False,False
礁礁,ta-ta,ta-ta,1,False,False,False,False,False,False,False,False,False,False
磅只,pōng-chí,pōng-chí,1,False,False,False,False,False,False,False,False,False,False
石岡,tsio̍h-kng,chio̍h-kng,1,False,False,False,False,False,False,False,False,False,False
破港,phuà-káng,phòa-káng,1,False,False,False,False,False,False,False,False,False,False
石亀溪,tsio̍h-ku-khue,chio̍h-ku-khoe,1,False,False,False,False,False,False,False,False,False,False
示,si̍h,si̍h,1,False,False,False,False,False,False,False,False,False,False
督鼻,tok-phīnn,tok-phīⁿ,1,False,False,False,False,False,False,False,False,False,False
知八,tsai-bat,chai-bat,1,False,False,False,False,False,False,False,False,False,False
知机,tsai-ki,chai-ki,1,False,False,False,False,False,False,False,False,False,False
知機,tsai-ki,chai-ki,1,False,False,False,False,False,False,False,False,False,False
知識,tsai-bat,chai-bat,1,False,False,False,False,False,False,False,False,False,False
知高飯,ti-ko-pn̄g,ti-ko-pn̄g,1,False,False,False,False,False,False,False,False,False,False
短,tó̤,tó̤,1,False,False,False,False,False,False,False,False,False,False
短期,tué-kî,tóe-kî,1,False,False,False,False,False,False,False,False,False,False
矮古,ué-kóo,óe-kó͘,1,False,False,False,False,False,False,False,False,False,False
矮古,é-kóo,é-kó͘,1,False,False,False,False,False,False,False,False,False,False
石亀溪,tsio̍h-ku-khe,chio̍h-ku-khe,1,False,False,False,False,False,False,False,False,False,False
石井,tsio̍h-chíⁿ,chio̍h-chíⁿ,1,False,False,False,False,False,False,False,False,False,False
砛墘,gîm-kînn,gîm-kîⁿ,1,False,False,False,False,False,False,False,False,False,False
石井,tsio̍h-tsénn,chio̍h-chéⁿ,1,False,False,False,False,False,False,False,False,False,False
石咾,tsio̍h-láu,chio̍h-láu,1,False,False,False,False,False,False,False,False,False,False
石崗仔,tsio̍h-kng-á,chio̍h-kng-á,1,False,False,False,False,False,False,False,False,False,False
石川,tsio̍h-tshuan,chio̍h-chhoan,1,False,False,False,False,False,False,False,False,False,False
石田,tsio̍h-tiân,chio̍h-tiân,1,False,False,False,False,False,False,False,False,False,False
石硦,tsio̍h-lang,chio̍h-lang,1,False,False,False,False,False,False,False,False,False,False
石碇,tsio̍h-tīng,chio̍h-tēng,1,False,False,False,False,False,False,False,False,False,False
石龜溪,tsio̍h-ku-khe,chio̍h-ku-khe,1,False,False,False,False,False,False,False,False,False,False
石龜溪,tsio̍h-ku-khue,chio̍h-ku-khoe,1,False,False,False,False,False,False,False,False,False,False
砂漠,sua-bo̍k,soa-bo̍k,1,False,False,False,False,False,False,False,False,False,False
砂漠,sua-bôo,soa-bô͘,1,False,False,False,False,False,False,False,False,False,False
砂砂,sua̍h-sua̍h,soa̍h-soa̍h,1,False,False,False,False,False,False,False,False,False,False
睫,tsia̍t,chia̍t,1,False,False,False,False,False,False,False,False,False,False
立鵝,khiā-gô,khiā-gô,1,False,False,False,False,False,False,False,False,False,False
示緊,sī-kín,sī-kín,1,False,False,False,False,False,False,False,False,False,False
程,tiânn,tiâⁿ,1,False,False,False,False,False,False,False,False,False,False
秋,tshio,chhio,1,False,False,False,False,False,False,False,False,False,False
秋雞,tshio-ke,chhio-ke,1,False,False,False,False,False,False,False,False,False,False
秋雞,tshio-kue,chhio-koe,1,False,False,False,False,False,False,False,False,False,False
秋鷄,tshio-ke,chhio-ke,1,False,False,False,False,False,False,False,False,False,False
秋鷄,tshio-kue,chhio-koe,1,False,False,False,False,False,False,False,False,False,False
科,khuê,khôe,1,False,False,False,False,False,False,False,False,False,False
科扇,khuê-sìnn,khôe-sìⁿ,1,False,False,False,False,False,False,False,False,False,False
科扇,khê-sìnn,khê-sìⁿ,1,False,False,False,False,False,False,False,False,False,False
科手,khuê-tshiú,khôe-chhiú,1,False,False,False,False,False,False,False,False,False,False
科手,khê-tshiú,khê-chhiú,1,False,False,False,False,False,False,False,False,False,False
秘書,pì-si,pì-si,1,False,False,False,False,False,False,False,False,False,False
秤錘,tshìn-thûi,chhìn-thûi,1,False,False,False,False,False,False,False,False,False,False
甚甚,sìm-sìm,sìm-sìm,1,False,False,False,False,False,False,False,False,False,False
示那,sih-nà,sih-nà,1,False,False,False,False,False,False,False,False,False,False
程序,thîng-sī,thêng-sī,1,False,False,False,False,False,False,False,False,False,False
稱賛,tshing-tsàn,chheng-chàn,1,False,False,False,False,False,False,False,False,False,False
穢稅,è-sè,è-sè,1,False,False,False,False,False,False,False,False,False,False
究竟,kiù-kíng,kiù-kéng,1,False,False,False,False,False,False,False,False,False,False
空,khōng,khōng,1,False,False,False,False,False,False,False,False,False,False
空地仔,khàng-tuē-á,khàng-tōe-á,1,False,False,False,False,False,False,False,False,False,False
空地仔,khàng-tē-á,khàng-tē-á,1,False,False,False,False,False,False,False,False,False,False
窀,tsun,chun,1,False,False,False,False,False,False,False,False,False,False
立人平,khiā-lâng-pîng,khiā-lâng-pêng,1,False,False,False,False,False,False,False,False,False,False
立泅,khiā-siû,khiā-siû,1,False,False,False,False,False,False,False,False,False,False
着猴,tio̍h-kâu,tio̍h-kâu,1,False,False,False,False,False,False,False,False,False,False
竚,thí,thí,1,False,False,False,False,False,False,False,False,False,False
秃,thut,thut,1,False,False,False,False,False,False,False,False,False,False
秃,thok,thok,1,False,False,False,False,False,False,False,False,False,False
私脚,sai-kha,sai-kha,1,False,False,False,False,False,False,False,False,False,False
私,sṳ,sṳ,1,False,False,False,False,False,False,False,False,False,False
礼,lué,lóe,1,False,False,False,False,False,False,False,False,False,False
礼,lè,lè,1,False,False,False,False,False,False,False,False,False,False
礼儀,lé-gî,lé-gî,1,False,False,False,False,False,False,False,False,False,False
礼斗,lè-táu,lè-táu,1,False,False,False,False,False,False,False,False,False,False
礼物,lé-bu̍t,lé-bu̍t,1,False,False,False,False,False,False,False,False,False,False
礼物,lé-mi̍h,lé-mi̍h,1,False,False,False,False,False,False,False,False,False,False
礼物,lé-mn̍gh,lé-mn̍gh,1,False,False,False,False,False,False,False,False,False,False
礼礼,le̍h-le̍h,le̍h-le̍h,1,False,False,False,False,False,False,False,False,False,False
神杯,sīn-pue,sīn-poe,1,False,False,False,False,False,False,False,False,False,False
神經病,sîn-king-pēnn,sîn-keng-pēⁿ,1,False,False,False,False,False,False,False,False,False,False
票声,phiò-siann,phiò-siaⁿ,1,False,False,False,False,False,False,False,False,False,False
禁册,kìm-tsheh,kìm-chheh,1,False,False,False,False,False,False,False,False,False,False
福岡,hok-kong,hok-kong,1,False,False,False,False,False,False,False,False,False,False
福建話,hok-kiàn-uā,hok-kiàn-ōa,1,False,False,False,False,False,False,False,False,False,False
福建語,hok-kiàn-gí,hok-kiàn-gí,1,False,False,False,False,False,False,False,False,False,False
福建語,hok-kiàn-gú,hok-kiàn-gú,1,False,False,False,False,False,False,False,False,False,False
福清,hok-tshiann,hok-chhiaⁿ,1,False,False,False,False,False,False,False,False,False,False
福田,hok-tiân,hok-tiân,1,False,False,False,False,False,False,False,False,False,False
福興,hok-hing,hok-heng,1,False,False,False,False,False,False,False,False,False,False
福興庄,hòng-tsng,hòng-chng,1,False,False,False,False,False,False,False,False,False,False
禮,lué,lóe,1,False,False,False,False,False,False,False,False,False,False
禮斗,lè-táu,lè-táu,1,False,False,False,False,False,False,False,False,False,False
禮物,lé-mn̍gh,lé-mn̍gh,1,False,False,False,False,False,False,False,False,False,False
禺,gî,gî,1,False,False,False,False,False,False,False,False,False,False
秀秀,siuh-siuh,siuh-siuh,1,False,False,False,False,False,False,False,False,False,False
着磨,tio̍h-buâ,tio̍h-bôa,1,False,False,False,False,False,False,False,False,False,False
發煌,huat-hông,hoat-hông,1,False,False,False,False,False,False,False,False,False,False
着是,to̍h-sī,to̍h-sī,1,False,False,False,False,False,False,False,False,False,False
異像,ī-siāng,ī-siāng,1,False,False,False,False,False,False,False,False,False,False
番仔,huan-ná,hoan-ná,1,False,False,False,False,False,False,False,False,False,False
番仔姜,huan-á-kiunn,hoan-á-kiuⁿ,1,False,False,False,False,False,False,False,False,False,False
番刈,huan-kuah,hoan-koah,1,False,False,False,False,False,False,False,False,False,False
番号,huan-hō,hoan-hō,1,False,False,False,False,False,False,False,False,False,False
番姜仔,huan-kiunn-á,hoan-kiuⁿ-á,1,False,False,False,False,False,False,False,False,False,False
番族,huan-tso̍k,hoan-cho̍k,1,False,False,False,False,False,False,False,False,False,False
番点,huan-tiám,hoan-tiám,1,False,False,False,False,False,False,False,False,False,False
番身,huan-sin,hoan-sin,1,False,False,False,False,False,False,False,False,False,False
番點,huan-tiám,hoan-tiám,1,False,False,False,False,False,False,False,False,False,False
畫,i̍k,e̍k,1,False,False,False,False,False,False,False,False,False,False
畫,ui̍h,u̍ih,1,False,False,False,False,False,False,False,False,False,False
畫粧,uī-tsong,ūi-chong,1,False,False,False,False,False,False,False,False,False,False
異像,ī-siōng,ī-siōng,1,False,False,False,False,False,False,False,False,False,False
着加咋,tio̍h-ka-tsa̍k,tio̍h-ka-cha̍k,1,False,False,False,False,False,False,False,False,False,False
異像,īnn-siāng,īⁿ-siāng,1,False,False,False,False,False,False,False,False,False,False
異像,īnn-siōng,īⁿ-siōng,1,False,False,False,False,False,False,False,False,False,False
異議,ì-gī,ì-gī,1,False,False,False,False,False,False,False,False,False,False
異象,ī-siāng,ī-siāng,1,False,False,False,False,False,False,False,False,False,False
異象,īnn-siāng,īⁿ-siāng,1,False,False,False,False,False,False,False,False,False,False
異象,īnn-siōng,īⁿ-siōng,1,False,False,False,False,False,False,False,False,False,False
當元初,tng-guân-tshe,tng-goân-chhe,1,False,False,False,False,False,False,False,False,False,False
當元初,tng-guân-tshoo,tng-goân-chho͘,1,False,False,False,False,False,False,False,False,False,False
當元初,tng-guân-tshue,tng-goân-chhoe,1,False,False,False,False,False,False,False,False,False,False
當原初,tng-guân-tshe,tng-goân-chhe,1,False,False,False,False,False,False,False,False,False,False
疾妬,tsi̍t-tòo,chi̍t-tò͘,1,False,False,False,False,False,False,False,False,False,False
痛感,thòng-kám,thòng-kám,1,False,False,False,False,False,False,False,False,False,False
甲那,kánn-ná,káⁿ-ná,1,False,False,False,False,False,False,False,False,False,False
甲那,ká-ná,ká-ná,1,False,False,False,False,False,False,False,False,False,False
甲那,kà-nā,kà-nā,1,False,False,False,False,False,False,False,False,False,False
甲若,kà-nā,kà-nā,1,False,False,False,False,False,False,False,False,False,False
章程,tsiang-thîng,chiang-thêng,1,False,False,False,False,False,False,False,False,False,False
生存,sing-chûn,seng-chûn,1,False,False,False,False,False,False,False,False,False,False
生態,sing-thāi,seng-thāi,1,False,False,False,False,False,False,False,False,False,False
生理界,sing-lí-kài,seng-lí-kài,1,False,False,False,False,False,False,False,False,False,False
生碢,senn-e,seⁿ-e,1,False,False,False,False,False,False,False,False,False,False
生碢,sinn-e,siⁿ-e,1,False,False,False,False,False,False,False,False,False,False
生鍋,senn-e,seⁿ-e,1,False,False,False,False,False,False,False,False,False,False
産卑巴,sán-pi-pa,sán-pi-pa,1,False,False,False,False,False,False,False,False,False,False
産婆,sán-pô,sán-pô,1,False,False,False,False,False,False,False,False,False,False
産田,sán-tshân,sán-chhân,1,False,False,False,False,False,False,False,False,False,False
用人,iōng-lâng,iōng-lâng,1,False,False,False,False,False,False,False,False,False,False
用字,iōng-jī,iōng-jī,1,False,False,False,False,False,False,False,False,False,False
用者,iōng-tsiá,iōng-chiá,1,False,False,False,False,False,False,False,False,False,False
用詞,iōng-sû,iōng-sû,1,False,False,False,False,False,False,False,False,False,False
甯可,lîng-khó,lêng-khó,1,False,False,False,False,False,False,False,False,False,False
甯波,lîng-pho,lêng-pho,1,False,False,False,False,False,False,False,False,False,False
田園,tshan-hn̂g,chhan-hn̂g,1,False,False,False,False,False,False,False,False,False,False
田村,tiân-tshuan,tiân-chhoan,1,False,False,False,False,False,False,False,False,False,False
田杯,tshân-pue,chhân-poe,1,False,False,False,False,False,False,False,False,False,False
田水,tshân-tsuí,chhân-chúi,1,False,False,False,False,False,False,False,False,False,False
田洋,tshân-iûⁿ,chhân-iûⁿ,1,False,False,False,False,False,False,False,False,False,False
田英,tshân-enn,chhân-eⁿ,1,False,False,False,False,False,False,False,False,False,False
田草,tshan-tsháu,chhan-chháu,1,False,False,False,False,False,False,False,False,False,False
甲仔,kah-á,kah-á,1,False,False,False,False,False,False,False,False,False,False
甲子,kah-chí,kah-chí,1,False,False,False,False,False,False,False,False,False,False
痛痛,thàng-thàng,thàng-thàng,1,False,False,False,False,False,False,False,False,False,False
癩病,nāi-pēnn,nāi-pēⁿ,1,False,False,False,False,False,False,False,False,False,False
登帶,ting-tài,teng-tài,1,False,False,False,False,False,False,False,False,False,False
相同,sann-sâng,saⁿ-sâng,1,False,False,False,False,False,False,False,False,False,False
相尋坐,sio-tshuē-tsē,sio-chhōe-chē,1,False,False,False,False,False,False,False,False,False,False
相尋坐,sio-tshē-tsē,sio-chhē-chē,1,False,False,False,False,False,False,False,False,False,False
相戰,sann-tsiàn,saⁿ-chiàn,1,False,False,False,False,False,False,False,False,False,False
相洽,sann-kap,saⁿ-kap,1,False,False,False,False,False,False,False,False,False,False
相牽手,sann-khan-tshiú,saⁿ-khan-chhiú,1,False,False,False,False,False,False,False,False,False,False
相陣,sann-thīn,saⁿ-thīn,1,False,False,False,False,False,False,False,False,False,False
省,sànn,sàⁿ,1,False,False,False,False,False,False,False,False,False,False
省乜,siám-mih,siám-mih,1,False,False,False,False,False,False,False,False,False,False
省乜,siám-mi̍h,siám-mi̍h,1,False,False,False,False,False,False,False,False,False,False
省事,siánn-sū,siáⁿ-sū,1,False,False,False,False,False,False,False,False,False,False
省欵,sánn-khuán,sáⁿ-khoán,1,False,False,False,False,False,False,False,False,False,False
省貨,sánn-huè,sáⁿ-hòe,1,False,False,False,False,False,False,False,False,False,False
看袂開,khuànn-buē-khui,khòaⁿ-bōe-khui,1,False,False,False,False,False,False,False,False,False,False
看袂開,khuànn-bē-khui,khòaⁿ-bē-khui,1,False,False,False,False,False,False,False,False,False,False
県,kuīnn,kūiⁿ,1,False,False,False,False,False,False,False,False,False,False
眞理,tsin-lí,chin-lí,1,False,False,False,False,False,False,False,False,False,False
眞相,tsin-siàng,chin-siàng,1,False,False,False,False,False,False,False,False,False,False
真相,tsin-siàng,chin-siàng,1,False,False,False,False,False,False,False,False,False,False
眼內,gán-lāi,gán-lāi,1,False,False,False,False,False,False,False,False,False,False
着,tia̍k,tia̍k,1,False,False,False,False,False,False,False,False,False,False
着傷,tio̍h-siang,tio̍h-siang,1,False,False,False,False,False,False,False,False,False,False
着凖,to̍h-tsún,to̍h-chún,1,False,False,False,False,False,False,False,False,False,False
着凖,tō-tsún,tō-chún,1,False,False,False,False,False,False,False,False,False,False
着凖講,to̍h-tsún-kóng,to̍h-chún-kóng,1,False,False,False,False,False,False,False,False,False,False
着凖講,tō-tsún-kóng,tō-chún-kóng,1,False,False,False,False,False,False,False,False,False,False
相嫁𤆬,sio-kè-tshuā,sio-kè-chhōa,1,False,False,False,False,False,False,False,False,False,False
相克,sio-khik,sio-khek,1,False,False,False,False,False,False,False,False,False,False
發磅,huat-pōng,hoat-pōng,1,False,False,False,False,False,False,False,False,False,False
相似,siang-sū,siang-sū,1,False,False,False,False,False,False,False,False,False,False
白切肉,pe̍h-tshiat-bah,pe̍h-chhiat-bah,1,False,False,False,False,False,False,False,False,False,False
白川,pi̍k-tshuan,pe̍k-chhoan,1,False,False,False,False,False,False,False,False,False,False
白死虱,pe̍h-sí-sat,pe̍h-sí-sat,1,False,False,False,False,False,False,False,False,False,False
白耳義,pi̍k-ní-gī,pe̍k-ní-gī,1,False,False,False,False,False,False,False,False,False,False
白葱葱,pe̍h-tshang-tshang,pe̍h-chhang-chhang,1,False,False,False,False,False,False,False,False,False,False
白鉄,pe̍h-thih,pe̍h-thih,1,False,False,False,False,False,False,False,False,False,False
百歲,pah-huè,pah-hòe,1,False,False,False,False,False,False,False,False,False,False
百歲,pah-hè,pah-hè,1,False,False,False,False,False,False,False,False,False,False
百歳,pah-huè,pah-hòe,1,False,False,False,False,False,False,False,False,False,False
百歳,pah-hè,pah-hè,1,False,False,False,False,False,False,False,False,False,False
百貨店,pah-hè-tiàm,pah-hè-tiàm,1,False,False,False,False,False,False,False,False,False,False
皆再,kai-tsài,kai-chài,1,False,False,False,False,False,False,False,False,False,False
皮旦,phî-tàn,phî-tàn,1,False,False,False,False,False,False,False,False,False,False
益乳,ik-lin,ek-lin,1,False,False,False,False,False,False,False,False,False,False
益乳,ik-ling,ek-leng,1,False,False,False,False,False,False,False,False,False,False
益乳,ik-ni,ek-ni,1,False,False,False,False,False,False,False,False,False,False
益刺酸,ik-tshiah-sng,ek-chhiah-sng,1,False,False,False,False,False,False,False,False,False,False
益春,iah-tshun,iah-chhun,1,False,False,False,False,False,False,False,False,False,False
盧會,lôo-huē,lô͘-hōe,1,False,False,False,False,False,False,False,False,False,False
盧會,lôo-hē,lô͘-hē,1,False,False,False,False,False,False,False,False,False,False
目一哖,ba̍k-tsi̍t-nih,ba̍k-chi̍t-nih,1,False,False,False,False,False,False,False,False,False,False
目周仁,ba̍k-tsiu-jîn,ba̍k-chiu-jîn,1,False,False,False,False,False,False,False,False,False,False
目滓,ba̍k-tsái,ba̍k-chái,1,False,False,False,False,False,False,False,False,False,False
直加弄,ti̍t-ka-lāng,ti̍t-ka-lāng,1,False,False,False,False,False,False,False,False,False,False
相仝,sann-kāng,saⁿ-kāng,1,False,False,False,False,False,False,False,False,False,False
竝,pīng,pēng,1,False,False,False,False,False,False,False,False,False,False
肖貪,siáu-tham,siáu-tham,1,False,False,False,False,False,False,False,False,False,False
竪人平,khiā-lâng-pîng,khiā-lâng-pêng,1,False,False,False,False,False,False,False,False,False,False
美州,bí-tsiu,bí-chiu,1,False,False,False,False,False,False,False,False,False,False
缺点,khuat-tiám,khoat-tiám,1,False,False,False,False,False,False,False,False,False,False
罔党,bóng-tóng,bóng-tóng,1,False,False,False,False,False,False,False,False,False,False
罔腰,bóng-io,bóng-io,1,False,False,False,False,False,False,False,False,False,False
罔黨,bóng-tóng,bóng-tóng,1,False,False,False,False,False,False,False,False,False,False
罗,lôo,lô͘,1,False,False,False,False,False,False,False,False,False,False
罩蘭,tánn-lân,táⁿ-lân,1,False,False,False,False,False,False,False,False,False,False
罪卦,tsuē-kuà,chōe-kòa,1,False,False,False,False,False,False,False,False,False,False
罪卦,tsē-kuà,chē-kòa,1,False,False,False,False,False,False,False,False,False,False
羅,lō,lō,1,False,False,False,False,False,False,False,False,False,False
羅車,lô-tshia,lô-chhia,1,False,False,False,False,False,False,False,False,False,False
羊排,iûⁿ-pâi,iûⁿ-pâi,1,False,False,False,False,False,False,False,False,False,False
羊港,iûⁿ-káng,iûⁿ-káng,1,False,False,False,False,False,False,False,False,False,False
羗,kiunn,kiuⁿ,1,False,False,False,False,False,False,False,False,False,False
老古,lóo-kóo,ló͘-kó͘,1,False,False,False,False,False,False,False,False,False,False
義,gi̍h,gi̍h,1,False,False,False,False,False,False,False,False,False,False
義義,gi̍h-gi̍h,gi̍h-gi̍h,1,False,False,False,False,False,False,False,False,False,False
義義,gī-gī,gī-gī,1,False,False,False,False,False,False,False,False,False,False
義義,khi̍h-khi̍h,khi̍h-khi̍h,1,False,False,False,False,False,False,False,False,False,False
義義,khī-khī,khī-khī,1,False,False,False,False,False,False,False,False,False,False
義義攃,gi̍h-gi̍h-tshuah,gi̍h-gi̍h-chhoah,1,False,False,False,False,False,False,False,False,False,False
義義攃,khi̍h-khi̍h-tshuah,khi̍h-khi̍h-chhoah,1,False,False,False,False,False,False,False,False,False,False
義義笑,gī-gī-tshiò,gī-gī-chhiò,1,False,False,False,False,False,False,False,False,False,False
羽毛球,í-môo-kiû,í-mô͘-kiû,1,False,False,False,False,False,False,False,False,False,False
羽田,ú-tiân,ú-tiân,1,False,False,False,False,False,False,False,False,False,False
翄,si̍t,si̍t,1,False,False,False,False,False,False,False,False,False,False
翻点,huan-tiám,hoan-tiám,1,False,False,False,False,False,False,False,False,False,False
纖維,tshiam-ûi,chhiam-ûi,1,False,False,False,False,False,False,False,False,False,False
纒,tînn,tîⁿ,1,False,False,False,False,False,False,False,False,False,False
纒,tiân,tiân,1,False,False,False,False,False,False,False,False,False,False
纎維,tshiam-ûi,chhiam-ûi,1,False,False,False,False,False,False,False,False,False,False
綿績,mî-tsioh,mî-chioh,1,False,False,False,False,False,False,False,False,False,False
綿花,mî-hue,mî-hoe,1,False,False,False,False,False,False,False,False,False,False
線西,suànn-sai,sòaⁿ-sai,1,False,False,False,False,False,False,False,False,False,False
編輯,pian-tship,pian-chhip,1,False,False,False,False,False,False,False,False,False,False
緩仔示,ûn-á-sī,ûn-á-sī,1,False,False,False,False,False,False,False,False,False,False
緫,tsáng,cháng,1,False,False,False,False,False,False,False,False,False,False
緯,uí,úi,1,False,False,False,False,False,False,False,False,False,False
緾,tiân,tiân,1,False,False,False,False,False,False,False,False,False,False
緾,tînn,tîⁿ,1,False,False,False,False,False,False,False,False,False,False
縂,tsáng,cháng,1,False,False,False,False,False,False,False,False,False,False
縄,tsîn,chîn,1,False,False,False,False,False,False,False,False,False,False
縛脚,pa̍k-kha,pa̍k-kha,1,False,False,False,False,False,False,False,False,False,False
縣市,kuāinn-tshī,koāiⁿ-chhī,1,False,False,False,False,False,False,False,False,False,False
縣市,kuīnn-tshī,kūiⁿ-chhī,1,False,False,False,False,False,False,False,False,False,False
縱,tsong,chong,1,False,False,False,False,False,False,False,False,False,False
繁体,huân-thé,hoân-thé,1,False,False,False,False,False,False,False,False,False,False
繁體,huân-thé,hoân-thé,1,False,False,False,False,False,False,False,False,False,False
繳場,kiáu-tiûⁿ,kiáu-tiûⁿ,1,False,False,False,False,False,False,False,False,False,False
續落來,suà-luaih,sòa-loaih,1,False,False,False,False,False,False,False,False,False,False
續落來,suà-luài,sòa-loài,1,False,False,False,False,False,False,False,False,False,False
續落來,suà-lâi,sòa-lâi,1,False,False,False,False,False,False,False,False,False,False
續落去,suà-lueh,sòa-loeh,1,False,False,False,False,False,False,False,False,False,False
續落去,suà-luè,sòa-lòe,1,False,False,False,False,False,False,False,False,False,False
纎,tshiam,chhiam,1,False,False,False,False,False,False,False,False,False,False
纎維,tshiam-î,chhiam-î,1,False,False,False,False,False,False,False,False,False,False
老古,ló-kóo,ló-kó͘,1,False,False,False,False,False,False,False,False,False,False
老梅,ló-buê,ló-bôe,1,False,False,False,False,False,False,False,False,False,False
綽號,tshiak-hō,chhiak-hō,1,False,False,False,False,False,False,False,False,False,False
肚乖,tōo-kuai,tō͘-koai,1,False,False,False,False,False,False,False,False,False,False
肉体,bah-thé,bah-thé,1,False,False,False,False,False,False,False,False,False,False
肉体,jio̍k-thé,jio̍k-thé,1,False,False,False,False,False,False,False,False,False,False
肉員,bah-înn,bah-îⁿ,1,False,False,False,False,False,False,False,False,False,False
肉文,ba-bún,ba-bún,1,False,False,False,False,False,False,False,False,False,False
肉文笑,ba-bún-tshiò,ba-bún-chhiò,1,False,False,False,False,False,False,False,False,False,False
肉粿,bah-kué,bah-kóe,1,False,False,False,False,False,False,False,False,False,False
肉粿,bah-ké,bah-ké,1,False,False,False,False,False,False,False,False,False,False
肉葉,ba̍h-hio̍h,ba̍h-hio̍h,1,False,False,False,False,False,False,False,False,False,False
肉葉,bā-hio̍h,bā-hio̍h,1,False,False,False,False,False,False,False,False,False,False
肉豉,bah-sînn,bah-sîⁿ,1,False,False,False,False,False,False,False,False,False,False
肉豉仔,bah-sînn-á,bah-sîⁿ-á,1,False,False,False,False,False,False,False,False,False,False
甕底,àng-té,àng-té,1,False,False,False,False,False,False,False,False,False,False
肚定,tōo-tīng,tō͘-tēng,1,False,False,False,False,False,False,False,False,False,False
老梅,ló-mûi,ló-mûi,1,False,False,False,False,False,False,False,False,False,False
肚猴,tōo-kâu,tō͘-kâu,1,False,False,False,False,False,False,False,False,False,False
肚蚓仔,tōo-ún-á,tō͘-ún-á,1,False,False,False,False,False,False,False,False,False,False
股仔子,kóo-á-kiánn,kó͘-á-kiáⁿ,1,False,False,False,False,False,False,False,False,False,False
肢体,tsi-thé,chi-thé,1,False,False,False,False,False,False,False,False,False,False
肥,hûi,hûi,1,False,False,False,False,False,False,False,False,False,False
肥猪仔,pûi-ti-á,pûi-ti-á,1,False,False,False,False,False,False,False,False,False,False
肩甲,king-kah,keng-kah,1,False,False,False,False,False,False,False,False,False,False
胡志明,ôo-tsì-bîng,ô͘-chì-bêng,1,False,False,False,False,False,False,False,False,False,False
胡蝶,hôo-tia̍p,hô͘-tia̍p,1,False,False,False,False,False,False,False,False,False,False
胡蝶,ôo-tia̍p,ô͘-tia̍p,1,False,False,False,False,False,False,False,False,False,False
能凍,uē-tàng,ōe-tàng,1,False,False,False,False,False,False,False,False,False,False
脚兜,kha-tau,kha-tau,1,False,False,False,False,False,False,False,False,False,False
聼衆,thìng-tsiòng,thèng-chiòng,1,False,False,False,False,False,False,False,False,False,False
聼歌,thiann-kua,thiaⁿ-koa,1,False,False,False,False,False,False,False,False,False,False
聲明,siann-bîng,siaⁿ-bêng,1,False,False,False,False,False,False,False,False,False,False
聯畫,liân-ui̍h,liân-u̍ih,1,False,False,False,False,False,False,False,False,False,False
老梅,nóo-mûi,nó͘-mûi,1,False,False,False,False,False,False,False,False,False,False
老番顚,lāu-huan-tian,lāu-hoan-tian,1,False,False,False,False,False,False,False,False,False,False
老葱,lāu-tshang,lāu-chhang,1,False,False,False,False,False,False,False,False,False,False
老葱頭,lāu-tshang-thâu,lāu-chhang-thâu,1,False,False,False,False,False,False,False,False,False,False
老鼠,nóo-chhṳ́,nó͘-chhṳ́,1,False,False,False,False,False,False,False,False,False,False
考敎,khó-kàu,khó-kàu,1,False,False,False,False,False,False,False,False,False,False
考教,khó-kàu,khó-kàu,1,False,False,False,False,False,False,False,False,False,False
考頭糜,khó-thâu-bê,khó-thâu-bê,1,False,False,False,False,False,False,False,False,False,False
考頭糜,khó-thâu-muâi,khó-thâu-moâi,1,False,False,False,False,False,False,False,False,False,False
考頭糜,khó-thâu-muê,khó-thâu-môe,1,False,False,False,False,False,False,False,False,False,False
者,tsiă,chiă,1,False,False,False,False,False,False,False,False,False,False
者是,tsiah-sī,chiah-sī,1,False,False,False,False,False,False,False,False,False,False
者會,tsiah-ē,chiah-ē,1,False,False,False,False,False,False,False,False,False,False
者能,tsiah-ē,chiah-ē,1,False,False,False,False,False,False,False,False,False,False
耳机,hī-ki,hī-ki,1,False,False,False,False,False,False,False,False,False,False
耳机,hīnn-ki,hīⁿ-ki,1,False,False,False,False,False,False,False,False,False,False
耳鈎,hī-kau,hī-kau,1,False,False,False,False,False,False,False,False,False,False
聖愛,sìng-ài,sèng-ài,1,False,False,False,False,False,False,False,False,False,False
聖旨,sìng-chí,sèng-chí,1,False,False,False,False,False,False,False,False,False,False
聖誕,sìng-tān,sèng-tān,1,False,False,False,False,False,False,False,False,False,False
聖誕節,sìng-tān-tseh,sèng-tān-cheh,1,False,False,False,False,False,False,False,False,False,False
聖誕節,sìng-tān-tsiat,sèng-tān-chiat,1,False,False,False,False,False,False,False,False,False,False
聯劃,liân-ue̍h,liân-oe̍h,1,False,False,False,False,False,False,False,False,False,False
聯想,liân-siáng,liân-siáng,1,False,False,False,False,False,False,False,False,False,False
聯畫,liân-ue̍h,liân-oe̍h,1,False,False,False,False,False,False,False,False,False,False
綿借,mî-tsioh,mî-chioh,1,False,False,False,False,False,False,False,False,False,False
綽号,tshiok-hō,chhiok-hō,1,False,False,False,False,False,False,False,False,False,False
竪泅,khiā-siû,khiā-siû,1,False,False,False,False,False,False,False,False,False,False
籖,tshiam,chhiam,1,False,False,False,False,False,False,False,False,False,False
篐單,khoo-tuann,kho͘-toaⁿ,1,False,False,False,False,False,False,False,False,False,False
篐銀,khoo-gîn,kho͘-gîn,1,False,False,False,False,False,False,False,False,False,False
篐銀,khoo-gûn,kho͘-gûn,1,False,False,False,False,False,False,False,False,False,False
篤加,tak-ka,tak-ka,1,False,False,False,False,False,False,False,False,False,False
簑,sui,sui,1,False,False,False,False,False,False,False,False,False,False
簡体,kán-thé,kán-thé,1,False,False,False,False,False,False,False,False,False,False
簡帖,kán-thiap,kán-thiap,1,False,False,False,False,False,False,False,False,False,False
簡那,kàn-ná,kàn-ná,1,False,False,False,False,False,False,False,False,False,False
簡體,kán-thé,kán-thé,1,False,False,False,False,False,False,False,False,False,False
簥,kiō,kiō,1,False,False,False,False,False,False,False,False,False,False
簮,tsam,cham,1,False,False,False,False,False,False,False,False,False,False
簽詩,tshiam-si,chhiam-si,1,False,False,False,False,False,False,False,False,False,False
籖詩,tshiam-si,chhiam-si,1,False,False,False,False,False,False,False,False,False,False
粘𥻿,liâm-thi,liâm-thi,1,False,False,False,False,False,False,False,False,False,False
籠寮,làng-liâu,làng-liâu,1,False,False,False,False,False,False,False,False,False,False
籠籠,lang-lang,lang-lang,1,False,False,False,False,False,False,False,False,False,False
籠籠,làng-làng,làng-làng,1,False,False,False,False,False,False,False,False,False,False
米崙,bí-lūn,bí-lūn,1,False,False,False,False,False,False,False,False,False,False
米州,bí-tsiu,bí-chiu,1,False,False,False,False,False,False,False,False,False,False
米洲,bí-tsiu,bí-chiu,1,False,False,False,False,False,False,False,False,False,False
粉臟,hún-tsn̄g,hún-chn̄g,1,False,False,False,False,False,False,False,False,False,False
粉藏,hún-tsn̄g,hún-chn̄g,1,False,False,False,False,False,False,False,False,False,False
粗田,tshoo-tshân,chho͘-chhân,1,False,False,False,False,False,False,False,False,False,False
粗話,tshoo-uē,chho͘-ōe,1,False,False,False,False,False,False,False,False,False,False
粘時,liâm-sî,liâm-sî,1,False,False,False,False,False,False,False,False,False,False
粘當時,liâm-tong-sî,liâm-tong-sî,1,False,False,False,False,False,False,False,False,False,False
篐呃仔,khoo-eh-á,kho͘-eh-á,1,False,False,False,False,False,False,False,False,False,False
篐仔內,khoo-á-lāi,kho͘-á-lāi,1,False,False,False,False,False,False,False,False,False,False
範詞,huān-sû,hoān-sû,1,False,False,False,False,False,False,False,False,False,False
節点,tsat-tiám,chat-tiám,1,False,False,False,False,False,False,False,False,False,False
竪鵝,khiā-gô,khiā-gô,1,False,False,False,False,False,False,False,False,False,False
端午節,tuan-ngóo-tsueh,toan-ngó͘-choeh,1,False,False,False,False,False,False,False,False,False,False
竹內,tik-luē,tek-lōe,1,False,False,False,False,False,False,False,False,False,False
竹塘,tik-tn̂g,tek-tn̂g,1,False,False,False,False,False,False,False,False,False,False
竹廣,tik-kóng,tek-kóng,1,False,False,False,False,False,False,False,False,False,False
竹抱,tik-phō,tek-phō,1,False,False,False,False,False,False,False,False,False,False
竹鎗,tik-tshiunn,tek-chhiuⁿ,1,False,False,False,False,False,False,False,False,False,False
竹鷄仔,tik-kue-á,tek-koe-á,1,False,False,False,False,False,False,False,False,False,False
笋仔,sún-á,sún-á,1,False,False,False,False,False,False,False,False,False,False
笋干,sún-kuann,sún-koaⁿ,1,False,False,False,False,False,False,False,False,False,False
笑和和,tshiò-ho-ho,chhiò-ho-ho,1,False,False,False,False,False,False,False,False,False,False
笑文文,tshiò-bún-bún,chhiò-bún-bún,1,False,False,False,False,False,False,False,False,False,False
笞仔,thai-á,thai-á,1,False,False,False,False,False,False,False,False,False,False
笟,hôo,hô͘,1,False,False,False,False,False,False,False,False,False,False
符号,hû-hō,hû-hō,1,False,False,False,False,False,False,False,False,False,False
笱仔,kô-á,kô-á,1,False,False,False,False,False,False,False,False,False,False
等于,tíng-î,téng-î,1,False,False,False,False,False,False,False,False,False,False
等于,tíng-û,téng-û,1,False,False,False,False,False,False,False,False,False,False
筌,tshuann,chhoaⁿ,1,False,False,False,False,False,False,False,False,False,False
答答滴滴,ta̍p-ta̍p-tih-tih,ta̍p-ta̍p-tih-tih,1,False,False,False,False,False,False,False,False,False,False
算算,sngh-sngh,sngh-sngh,1,False,False,False,False,False,False,False,False,False,False
算算,sn̍gh-sn̍gh,sn̍gh-sn̍gh,1,False,False,False,False,False,False,False,False,False,False
管太,kuán-thāi,koán-thāi,1,False,False,False,False,False,False,False,False,False,False
箭路,tsìnn-lōo,chìⁿ-lō͘,1,False,False,False,False,False,False,False,False,False,False
箸弄,tī-lāng,tī-lāng,1,False,False,False,False,False,False,False,False,False,False
粘黐,liâm-thi,liâm-thi,1,False,False,False,False,False,False,False,False,False,False
粜,thiò,thiò,1,False,False,False,False,False,False,False,False,False,False
綽号,tshiak-hō,chhiak-hō,1,False,False,False,False,False,False,False,False,False,False
絶命,tsua̍t-miā,choa̍t-miā,1,False,False,False,False,False,False,False,False,False,False
素養,sò-ióng,sò-ióng,1,False,False,False,False,False,False,False,False,False,False
紡,phàng,phàng,1,False,False,False,False,False,False,False,False,False,False
紡糸,pháng-si,pháng-si,1,False,False,False,False,False,False,False,False,False,False
紫色,chí-sik,chí-sek,1,False,False,False,False,False,False,False,False,False,False
紫菜,chí-tshài,chí-chhài,1,False,False,False,False,False,False,False,False,False,False
紫蘇,chí-soo,chí-so͘,1,False,False,False,False,False,False,False,False,False,False
細叢,suè-tsâng,sòe-châng,1,False,False,False,False,False,False,False,False,False,False
細欉,suè-tsâng,sòe-châng,1,False,False,False,False,False,False,False,False,False,False
細欉,sè-tsâng,sè-châng,1,False,False,False,False,False,False,False,False,False,False
紹興,siāu-hin,siāu-hin,1,False,False,False,False,False,False,False,False,False,False
絶,tse̍h,che̍h,1,False,False,False,False,False,False,False,False,False,False
絶命,tsua̍t-bīng,choa̍t-bēng,1,False,False,False,False,False,False,False,False,False,False
絶情,tsua̍t-tsîng,choa̍t-chêng,1,False,False,False,False,False,False,False,False,False,False
粧靘,tsng-thānn,chng-thāⁿ,1,False,False,False,False,False,False,False,False,False,False
絶音,tsua̍h-im,choa̍h-im,1,False,False,False,False,False,False,False,False,False,False
經体,king-thué,keng-thóe,1,False,False,False,False,False,False,False,False,False,False
經体,king-thé,keng-thé,1,False,False,False,False,False,False,False,False,False,False
經紀人,king-kí-jîn,keng-kí-jîn,1,False,False,False,False,False,False,False,False,False,False
經體,king-thué,keng-thóe,1,False,False,False,False,False,False,False,False,False,False
經體,king-thé,keng-thé,1,False,False,False,False,False,False,False,False,False,False
綠川,li̍k-tshuan,le̍k-chhoan,1,False,False,False,False,False,False,False,False,False,False
綢仔布,tiû-á-pòo,tiû-á-pò͘,1,False,False,False,False,False,False,False,False,False,False
維,ûi,ûi,1,False,False,False,False,False,False,False,False,False,False
維新,ûi-sin,ûi-sin,1,False,False,False,False,False,False,False,False,False,False
網垵,bāng-uann,bāng-oaⁿ,1,False,False,False,False,False,False,False,False,False,False
網鍊仔,bāng-liān-á,bāng-liān-á,1,False,False,False,False,False,False,False,False,False,False
純粹,sûn-suì,sûn-sùi,1,False,False,False,False,False,False,False,False,False,False
納卯,la̍p-báu,la̍p-báu,1,False,False,False,False,False,False,False,False,False,False
納,lo̍p,lo̍p,1,False,False,False,False,False,False,False,False,False,False
紅鷄油,âng-ke-iû,âng-ke-iû,1,False,False,False,False,False,False,False,False,False,False
精生仔,tsing-senn-á,cheng-seⁿ-á,1,False,False,False,False,False,False,False,False,False,False
糕仔潤,ko-á-jūn,ko-á-jūn,1,False,False,False,False,False,False,False,False,False,False
糕仔潤,ko-á-lūn,ko-á-lūn,1,False,False,False,False,False,False,False,False,False,False
約束,iak-sok,iak-sok,1,False,False,False,False,False,False,False,False,False,False
約珥,iok-jíⁿ,iok-jíⁿ,1,False,False,False,False,False,False,False,False,False,False
約珥,iok-ní,iok-ní,1,False,False,False,False,False,False,False,False,False,False
約翰,iok-hān,iok-hān,1,False,False,False,False,False,False,False,False,False,False
約耳,iok-jíⁿ,iok-jíⁿ,1,False,False,False,False,False,False,False,False,False,False
約耳,iok-ní,iok-ní,1,False,False,False,False,False,False,False,False,False,False
紅亀,âng-ku,âng-ku,1,False,False,False,False,False,False,False,False,False,False
紅仙,âng-sian,âng-sian,1,False,False,False,False,False,False,False,False,False,False
紅怕怕,âng-phànn-phànn,âng-phàⁿ-phàⁿ,1,False,False,False,False,False,False,False,False,False,False
紅曹,âng-tsô,âng-chô,1,False,False,False,False,False,False,False,False,False,False
紅曹魚,âng-tsô-hî,âng-chô-hî,1,False,False,False,False,False,False,False,False,False,False
紅槽,âng-tsô,âng-chô,1,False,False,False,False,False,False,False,False,False,False
紅槽魚,âng-tsô-hî,âng-chô-hî,1,False,False,False,False,False,False,False,False,False,False
紅毛土,âng-môo-thôo,âng-mô͘-thô͘,1,False,False,False,False,False,False,False,False,False,False
紅燒魚,âng-sio-hî,âng-sio-hî,1,False,False,False,False,False,False,False,False,False,False
紅牽,âng-khan,âng-khan,1,False,False,False,False,False,False,False,False,False,False
紅牽,âng-khian,âng-khian,1,False,False,False,False,False,False,False,False,False,False
紅粬,âng-khak,âng-khak,1,False,False,False,False,False,False,False,False,False,False
紅茶冰,âng-tê-ping,âng-tê-peng,1,False,False,False,False,False,False,False,False,False,False
紅茶氷,âng-tê-ping,âng-tê-peng,1,False,False,False,False,False,False,False,False,False,False
紅銹,âng-sian,âng-sian,1,False,False,False,False,False,False,False,False,False,False
紅騫,âng-khian,âng-khian,1,False,False,False,False,False,False,False,False,False,False
甚,sìm,sìm,1,False,False,False,False,False,False,False,False,False,False
溪口,khue-kháu,khoe-kháu,1,False,False,False,False,False,False,False,False,False,False
瓊真,khîng-tsin,khêng-chin,1,False,False,False,False,False,False,False,False,False,False
治冬時,tī-tang-sî,tī-tang-sî,1,False,False,False,False,False,False,False,False,False,False
沙米士,să-bì-sù,să-bì-sù,1,False,False,False,False,False,False,False,False,False,False
没,bu̍t,bu̍t,1,False,False,False,False,False,False,False,False,False,False
没收,bu̍t-siu,bu̍t-siu,1,False,False,False,False,False,False,False,False,False,False
河溝,hô-kau,hô-kau,1,False,False,False,False,False,False,False,False,False,False
河野,hô-iá,hô-iá,1,False,False,False,False,False,False,False,False,False,False
油操,iû-tsho,iû-chho,1,False,False,False,False,False,False,False,False,False,False
油路,iû-lōo,iû-lō͘,1,False,False,False,False,False,False,False,False,False,False
油類,iû-luī,iû-lūi,1,False,False,False,False,False,False,False,False,False,False
治,tî,tî,1,False,False,False,False,False,False,False,False,False,False
治レ,tī-le,tī-le,1,False,False,False,False,False,False,False,False,False,False
治事,tī-tāi,tī-tāi,1,False,False,False,False,False,False,False,False,False,False
治代,tī-tāi,tī-tāi,1,False,False,False,False,False,False,False,False,False,False
治塊,tī-le,tī-le,1,False,False,False,False,False,False,False,False,False,False
泳領,íng-niā,éng-niā,1,False,False,False,False,False,False,False,False,False,False
治礼,tī-le,tī-le,1,False,False,False,False,False,False,False,False,False,False
沾靜,tiām-tsīng,tiām-chēng,1,False,False,False,False,False,False,False,False,False,False
法語,huat-gí,hoat-gí,1,False,False,False,False,False,False,False,False,False,False
法語,huat-gú,hoat-gú,1,False,False,False,False,False,False,False,False,False,False
泡,phau,phau,1,False,False,False,False,False,False,False,False,False,False
波,poo,po͘,1,False,False,False,False,False,False,False,False,False,False
波希米,pho-hi-bí,pho-hi-bí,1,False,False,False,False,False,False,False,False,False,False
波羅州,pho-lô-tsiu,pho-lô-chiu,1,False,False,False,False,False,False,False,False,False,False
注册,tsù-tsheh,chù-chheh,1,False,False,False,False,False,False,False,False,False,False
注生,tsù-senn,chù-seⁿ,1,False,False,False,False,False,False,False,False,False,False
注脚,tsù-kha,chù-kha,1,False,False,False,False,False,False,False,False,False,False
注該,tsù-kai,chù-kai,1,False,False,False,False,False,False,False,False,False,False
沙米士,sa-bi-suh,sa-bi-suh,1,False,False,False,False,False,False,False,False,False,False
沙眛,sa-bui,sa-bui,1,False,False,False,False,False,False,False,False,False,False
沙文主義,sua-bûn-tsú-gī,soa-bûn-chú-gī,1,False,False,False,False,False,False,False,False,False,False
沙掠,sa-lia̍h,sa-lia̍h,1,False,False,False,False,False,False,False,False,False,False
汕尾,suànn-bé,sòaⁿ-bé,1,False,False,False,False,False,False,False,False,False,False
汚,u,u,1,False,False,False,False,False,False,False,False,False,False
汚,ù,ù,1,False,False,False,False,False,False,False,False,False,False
汝个,lí-ê,lí-ê,1,False,False,False,False,False,False,False,False,False,False
汝兮,lí-ê,lí-ê,1,False,False,False,False,False,False,False,False,False,False
汝咱,lí-lán,lí-lán,1,False,False,False,False,False,False,False,False,False,False
江仔翠,káng-á-tshuì,káng-á-chhùi,1,False,False,False,False,False,False,False,False,False,False
江山仔,kang-suann-á,kang-soaⁿ-á,1,False,False,False,False,False,False,False,False,False,False
池田,tî-tiân,tî-tiân,1,False,False,False,False,False,False,False,False,False,False
池袋,tî-tē,tî-tē,1,False,False,False,False,False,False,False,False,False,False
池防,tî-hông,tî-hông,1,False,False,False,False,False,False,False,False,False,False
污穢,u-uè,u-òe,1,False,False,False,False,False,False,False,False,False,False
汫水港,tsiánn-tsuí-káng,chiáⁿ-chúi-káng,1,False,False,False,False,False,False,False,False,False,False
汶,bùn,bùn,1,False,False,False,False,False,False,False,False,False,False
汶地鼠,bùn-tē-chhí,bùn-tē-chhí,1,False,False,False,False,False,False,False,False,False,False
汶地鼠,bùn-tē-tshú,bùn-tē-chhú,1,False,False,False,False,False,False,False,False,False,False
汶鼠,bùn-chhí,bùn-chhí,1,False,False,False,False,False,False,False,False,False,False
汶鼠,bùn-tshú,bùn-chhú,1,False,False,False,False,False,False,False,False,False,False
沖動,tshiong-tōng,chhiong-tōng,1,False,False,False,False,False,False,False,False,False,False
沖擊,tshiong-kik,chhiong-kek,1,False,False,False,False,False,False,False,False,False,False
沖組,tshiong-tsoo,chhiong-cho͘,1,False,False,False,False,False,False,False,False,False,False
沖縄,tshiong-sîng,chhiong-sêng,1,False,False,False,False,False,False,False,False,False,False
沙山,sua-san,soa-san,1,False,False,False,False,False,False,False,False,False,False
沙彌,sa-mi,sa-mi,1,False,False,False,False,False,False,False,False,False,False
沙扐,sa-lia̍h,sa-lia̍h,1,False,False,False,False,False,False,False,False,False,False
泰源,thài-guân,thài-goân,1,False,False,False,False,False,False,False,False,False,False
洋桃亀,iûⁿ-thô-ku,iûⁿ-thô-ku,1,False,False,False,False,False,False,False,False,False,False
温料,ùn-liāu,ùn-liāu,1,False,False,False,False,False,False,False,False,False,False
淡水溪,tām-tsuí-khue,tām-chúi-khoe,1,False,False,False,False,False,False,False,False,False,False
海蚱仔,hái-thē-á,hái-thē-á,1,False,False,False,False,False,False,False,False,False,False
海麗仔,hái-lē-á,hái-lē-á,1,False,False,False,False,False,False,False,False,False,False
消售,siau-siû,siau-siû,1,False,False,False,False,False,False,False,False,False,False
涵廣,âm-kóng,âm-kóng,1,False,False,False,False,False,False,False,False,False,False
淡,tàm,tàm,1,False,False,False,False,False,False,False,False,False,False
淡,tòm,tòm,1,False,False,False,False,False,False,False,False,False,False
淡參,tām-sám,tām-sám,1,False,False,False,False,False,False,False,False,False,False
淡垂,tàm-suê,tàm-sôe,1,False,False,False,False,False,False,False,False,False,False
淡垂,tàm-sê,tàm-sê,1,False,False,False,False,False,False,False,False,False,False
淡悞,tam-gōo,tam-gō͘,1,False,False,False,False,False,False,False,False,False,False
淡水,tām-suí,tām-súi,1,False,False,False,False,False,False,False,False,False,False
淡水溪,tām-tsuí-khe,tām-chúi-khe,1,False,False,False,False,False,False,False,False,False,False
淡滲,tām-sám,tām-sám,1,False,False,False,False,False,False,False,False,False,False
洋桃龜,iûⁿ-thô-ku,iûⁿ-thô-ku,1,False,False,False,False,False,False,False,False,False,False
淡頭,tòm-thâu,tòm-thâu,1,False,False,False,False,False,False,False,False,False,False
淫乱,îm-luān,îm-loān,1,False,False,False,False,False,False,False,False,False,False
深坑仔,tshim-khenn-á,chhim-kheⁿ-á,1,False,False,False,False,False,False,False,False,False,False
淺明,tshián-bîng,chhián-bêng,1,False,False,False,False,False,False,False,False,False,False
淺草,tshián-tsháu,chhián-chháu,1,False,False,False,False,False,False,False,False,False,False
淺草,tshián-tshó,chhián-chhó,1,False,False,False,False,False,False,False,False,False,False
清凉,tshing-liâng,chheng-liâng,1,False,False,False,False,False,False,False,False,False,False
清幽,tshing-hiu,chheng-hiu,1,False,False,False,False,False,False,False,False,False,False
清水祖師,tshing-suí-tsóo-su,chheng-súi-chó͘-su,1,False,False,False,False,False,False,False,False,False,False
減肥,kiám-pûi,kiám-pûi,1,False,False,False,False,False,False,False,False,False,False
渡邊,tōo-pian,tō͘-pian,1,False,False,False,False,False,False,False,False,False,False
温和,un-hô,un-hô,1,False,False,False,False,False,False,False,False,False,False
海蚱,hái-thē,hái-thē,1,False,False,False,False,False,False,False,False,False,False
海葛仔,hái-kat-á,hái-kat-á,1,False,False,False,False,False,False,False,False,False,False
海葛仔,hái-kat-lá,hái-kat-lá,1,False,False,False,False,False,False,False,False,False,False
海草仔,hái-tsháu-á,hái-chháu-á,1,False,False,False,False,False,False,False,False,False,False
洋樓,iûⁿ-lâu,iûⁿ-lâu,1,False,False,False,False,False,False,False,False,False,False
洒,suá,sóa,1,False,False,False,False,False,False,False,False,False,False
洗礼,sué-lé,sóe-lé,1,False,False,False,False,False,False,False,False,False,False
洗礼,sé-lé,sé-lé,1,False,False,False,False,False,False,False,False,False,False
洗腦,sué-náu,sóe-náu,1,False,False,False,False,False,False,False,False,False,False
洗蕩,sué-tn̄g,sóe-tn̄g,1,False,False,False,False,False,False,False,False,False,False
洛陽,lo̍k-iâng,lo̍k-iâng,1,False,False,False,False,False,False,False,False,False,False
洞洞,tōng-tōng,tōng-tōng,1,False,False,False,False,False,False,False,False,False,False
活卜,ua̍h-beh,oa̍h-beh,1,False,False,False,False,False,False,False,False,False,False
活卜,ua̍h-bueh,oa̍h-boeh,1,False,False,False,False,False,False,False,False,False,False
活戱,ua̍h-hì,oa̍h-hì,1,False,False,False,False,False,False,False,False,False,False
活戲,ua̍h-hì,oa̍h-hì,1,False,False,False,False,False,False,False,False,False,False
洽港,kap-káng,kap-káng,1,False,False,False,False,False,False,False,False,False,False
浊,tso̍k,cho̍k,1,False,False,False,False,False,False,False,False,False,False
浪浪,long-long,long-long,1,False,False,False,False,False,False,False,False,False,False
浮浮,phū-phū,phū-phū,1,False,False,False,False,False,False,False,False,False,False
浴巾,i̍k-kun,e̍k-kun,1,False,False,False,False,False,False,False,False,False,False
浴槽,i̍k-tsô,e̍k-chô,1,False,False,False,False,False,False,False,False,False,False
海䖳仔,hái-thē-á,hái-thē-á,1,False,False,False,False,False,False,False,False,False,False
海女,hái-lí,hái-lí,1,False,False,False,False,False,False,False,False,False,False
海女,hái-lú,hái-lú,1,False,False,False,False,False,False,False,False,False,False
海洋,hái-iûⁿ,hái-iûⁿ,1,False,False,False,False,False,False,False,False,False,False
海澄,hái-tîng,hái-têng,1,False,False,False,False,False,False,False,False,False,False
海胆,hái-tánn,hái-táⁿ,1,False,False,False,False,False,False,False,False,False,False
海脚,hái-kha,hái-kha,1,False,False,False,False,False,False,False,False,False,False
汕尾,suànn-bué,sòaⁿ-bóe,1,False,False,False,False,False,False,False,False,False,False
汐,si̍t,si̍t,1,False,False,False,False,False,False,False,False,False,False
氷糖,ping-thn̂g,peng-thn̂g,1,False,False,False,False,False,False,False,False,False,False
歐糟,au-tsau,au-chau,1,False,False,False,False,False,False,False,False,False,False
欄干,lân-kan,lân-kan,1,False,False,False,False,False,False,False,False,False,False
欎悶,ut-būn,ut-būn,1,False,False,False,False,False,False,False,False,False,False
次序,tshù-sī,chhù-sī,1,False,False,False,False,False,False,False,False,False,False
欣羡,him-suān,him-soān,1,False,False,False,False,False,False,False,False,False,False
欵式,khuán-sik,khoán-sek,1,False,False,False,False,False,False,False,False,False,False
欺蹺,khi-khiau,khi-khiau,1,False,False,False,False,False,False,False,False,False,False
歌仔仙,kua-á-sian,koa-á-sian,1,False,False,False,False,False,False,False,False,False,False
歌仔册,kua-á-tsheh,koa-á-chheh,1,False,False,False,False,False,False,False,False,False,False
歌厛,kua-thiann,koa-thiaⁿ,1,False,False,False,False,False,False,False,False,False,False
歌謡,kua-iâu,koa-iâu,1,False,False,False,False,False,False,False,False,False,False
歌𠫊,kua-thiann,koa-thiaⁿ,1,False,False,False,False,False,False,False,False,False,False
歐米,au-bí,au-bí,1,False,False,False,False,False,False,False,False,False,False
止飢,chí-ki,chí-ki,1,False,False,False,False,False,False,False,False,False,False
氷廚,ping-tû,peng-tû,1,False,False,False,False,False,False,False,False,False,False
正式,tsìng-sit,chèng-sit,1,False,False,False,False,False,False,False,False,False,False
正牙,tsiànn-gâ,chiàⁿ-gâ,1,False,False,False,False,False,False,False,False,False,False
此存,tsit-tsūn,chit-chūn,1,False,False,False,False,False,False,False,False,False,False
此拵,tsit-tsūn,chit-chūn,1,False,False,False,False,False,False,False,False,False,False
此馬,chím-mái,chím-mái,1,False,False,False,False,False,False,False,False,False,False
此馬,chím-á,chím-á,1,False,False,False,False,False,False,False,False,False,False
此馬,tsit-mái,chit-mái,1,False,False,False,False,False,False,False,False,False,False
武崙,bu-lun,bu-lun,1,False,False,False,False,False,False,False,False,False,False
武崙,bú-lūn,bú-lūn,1,False,False,False,False,False,False,False,False,False,False
武昌,bú-tshiang,bú-chhiang,1,False,False,False,False,False,False,False,False,False,False
武洛,bu-lo̍k,bu-lo̍k,1,False,False,False,False,False,False,False,False,False,False
武洛,bú-lok,bú-lok,1,False,False,False,False,False,False,False,False,False,False
櫻井,ing-tsénn,eng-chéⁿ,1,False,False,False,False,False,False,False,False,False,False
橫財,hûinn-tsâi,hûiⁿ-châi,1,False,False,False,False,False,False,False,False,False,False
橫窠仔,hûi-kho-á,hûi-kho-á,1,False,False,False,False,False,False,False,False,False,False
橫窠仔,huâinn-kho-á,hoâiⁿ-kho-á,1,False,False,False,False,False,False,False,False,False,False
脚后㬹,kha-āu-tenn,kha-āu-teⁿ,1,False,False,False,False,False,False,False,False,False,False
楠西,lâm-se,lâm-se,1,False,False,False,False,False,False,False,False,False,False
楼,liô,liô,1,False,False,False,False,False,False,False,False,False,False
楼,lôo,lô͘,1,False,False,False,False,False,False,False,False,False,False
構想,kòo-siáng,kò͘-siáng,1,False,False,False,False,False,False,False,False,False,False
構造,koo-tsō,ko͘-chō,1,False,False,False,False,False,False,False,False,False,False
槌,thûi,thûi,1,False,False,False,False,False,False,False,False,False,False
槌仔,thûi-á,thûi-á,1,False,False,False,False,False,False,False,False,False,False
槓仔寮,khong-á-liâu,khong-á-liâu,1,False,False,False,False,False,False,False,False,False,False
槖,thok,thok,1,False,False,False,False,False,False,False,False,False,False
様,iūnn,iūⁿ,1,False,False,False,False,False,False,False,False,False,False
樂山園,ngāu-san-uân,ngāu-san-oân,1,False,False,False,False,False,False,False,False,False,False
樞,khi,khi,1,False,False,False,False,False,False,False,False,False,False
樞,khū,khū,1,False,False,False,False,False,False,False,False,False,False
樟普,tsiunn-phóo,chiuⁿ-phó͘,1,False,False,False,False,False,False,False,False,False,False
樟腦,tsiunn-lóo,chiuⁿ-ló͘,1,False,False,False,False,False,False,False,False,False,False
樹レ,tshiū-le,chhiū-le,1,False,False,False,False,False,False,False,False,False,False
樹椳,tshiū-ue,chhiū-oe,1,False,False,False,False,False,False,False,False,False,False
樹薯,tshiū-chû,chhiū-chû,1,False,False,False,False,False,False,False,False,False,False
樹麗,tshiū-le,chhiū-le,1,False,False,False,False,False,False,False,False,False,False
橄欖,ka-ná,ka-ná,1,False,False,False,False,False,False,False,False,False,False
橋本,kiâu-pún,kiâu-pún,1,False,False,False,False,False,False,False,False,False,False
橫,hûinn,hûiⁿ,1,False,False,False,False,False,False,False,False,False,False
橫巴巴,hûinn-pà-pà,hûiⁿ-pà-pà,1,False,False,False,False,False,False,False,False,False,False
橫濱,huâinn-pin,hoâiⁿ-pin,1,False,False,False,False,False,False,False,False,False,False
武洛,bú-lo̍k,bú-lo̍k,1,False,False,False,False,False,False,False,False,False,False
武田,bú-tiân,bú-tiân,1,False,False,False,False,False,False,False,False,False,False
歩屏,pōo-pîn,pō͘-pîn,1,False,False,False,False,False,False,False,False,False,False
毛斷,môo-tn̄g,mô͘-tn̄g,1,False,False,False,False,False,False,False,False,False,False
毛蟹,mn̂g-hē,mn̂g-hē,1,False,False,False,False,False,False,False,False,False,False
毛蟹,mn̂g-hō̤e,mn̂g-hō̤e,1,False,False,False,False,False,False,False,False,False,False
毛非,moo-hui,mo͘-hui,1,False,False,False,False,False,False,False,False,False,False
毛非,môo-hui,mô͘-hui,1,False,False,False,False,False,False,False,False,False,False
毝,sàm,sàm,1,False,False,False,False,False,False,False,False,False,False
毝毝,sàm-sàm,sàm-sàm,1,False,False,False,False,False,False,False,False,False,False
毡條,tsinn-tiâu,chiⁿ-tiâu,1,False,False,False,False,False,False,False,False,False,False
民權,bîn-khuân,bîn-khoân,1,False,False,False,False,False,False,False,False,False,False
氣象,khì-tshiāng,khì-chhiāng,1,False,False,False,False,False,False,False,False,False,False
水丕,tsuí-phi,chúi-phi,1,False,False,False,False,False,False,False,False,False,False
水垻,tsuí-pà,chúi-pà,1,False,False,False,False,False,False,False,False,False,False
水壷,tsuí-ôo,chúi-ô͘,1,False,False,False,False,False,False,False,False,False,False
水抛,tsuí-phā,chúi-phā,1,False,False,False,False,False,False,False,False,False,False
水槽仔,tsuí-tsô-á,chúi-chô-á,1,False,False,False,False,False,False,False,False,False,False
水泳,tsuí-íng,chúi-éng,1,False,False,False,False,False,False,False,False,False,False
水漆林,tsuí-tshat-nâ,chúi-chhat-nâ,1,False,False,False,False,False,False,False,False,False,False
水漆林,tsuí-tshàn-nâ,chúi-chhàn-nâ,1,False,False,False,False,False,False,False,False,False,False
水矼,tsuí-kng,chúi-kng,1,False,False,False,False,False,False,False,False,False,False
水裡,tsuí-lí,chúi-lí,1,False,False,False,False,False,False,False,False,False,False
水面,suí-bīn,súi-bīn,1,False,False,False,False,False,False,False,False,False,False
水𥔓,tsuí-ôo,chúi-ô͘,1,False,False,False,False,False,False,False,False,False,False
水𭐏,tsuí-pà,chúi-pà,1,False,False,False,False,False,False,False,False,False,False
氷厨,ping-tû,peng-tû,1,False,False,False,False,False,False,False,False,False,False
氷山,ping-suann,peng-soaⁿ,1,False,False,False,False,False,False,False,False,False,False
氷島,ping-tó,peng-tó,1,False,False,False,False,False,False,False,False,False,False
毛毛仔雨,mng-mng-á-hōo,mng-mng-á-hō͘,1,False,False,False,False,False,False,False,False,False,False
比如講,pí-jû-kóng,pí-jû-kóng,1,False,False,False,False,False,False,False,False,False,False
歪,oaihⁿ,oaihⁿ,1,False,False,False,False,False,False,False,False,False,False
比乍,pih-tsah,pih-chah,1,False,False,False,False,False,False,False,False,False,False
歪,uái,oái,1,False,False,False,False,False,False,False,False,False,False
歪,uáinn,oáiⁿ,1,False,False,False,False,False,False,False,False,False,False
歪哥市斜,uai-ko-tshī-tshua̍h,oai-ko-chhī-chhoa̍h,1,False,False,False,False,False,False,False,False,False,False
歳壽,huè-siū,hòe-siū,1,False,False,False,False,False,False,False,False,False,False
歳壽,hè-siū,hè-siū,1,False,False,False,False,False,False,False,False,False,False
歷史觀,li̍k-sú-kuan,le̍k-sú-koan,1,False,False,False,False,False,False,False,False,False,False
歸身人,kui-sin-lâng,kui-sin-lâng,1,False,False,False,False,False,False,False,False,False,False
楊梅歷,iûⁿ-mûi-li̍k,iûⁿ-mûi-le̍k,1,False,False,False,False,False,False,False,False,False,False
歹世,phái-sè,phái-sè,1,False,False,False,False,False,False,False,False,False,False
歹去,phái-khì,phái-khì,1,False,False,False,False,False,False,False,False,False,False
歹命,phái-miā,phái-miā,1,False,False,False,False,False,False,False,False,False,False
死囝仔災,sí-gín-ná-tse,sí-gín-ná-che,1,False,False,False,False,False,False,False,False,False,False
死囝仔災,sí-gín-á-tse,sí-gín-á-che,1,False,False,False,False,False,False,False,False,False,False
死線,sí-suànn,sí-sòaⁿ,1,False,False,False,False,False,False,False,False,False,False
殖民,ti̍t-bîn,ti̍t-bîn,1,False,False,False,False,False,False,False,False,False,False
殖民地,si̍t-bîn-tuē,si̍t-bîn-tōe,1,False,False,False,False,False,False,False,False,False,False
殖民地,ti̍t-bîn-tuē,ti̍t-bîn-tōe,1,False,False,False,False,False,False,False,False,False,False
殖民地,ti̍t-bîn-tē,ti̍t-bîn-tē,1,False,False,False,False,False,False,False,False,False,False
殱,siam,siam,1,False,False,False,False,False,False,False,False,False,False
殱,tshiam,chhiam,1,False,False,False,False,False,False,False,False,False,False
殷勤,un-khûn,un-khûn,1,False,False,False,False,False,False,False,False,False,False
母体,bó-thé,bó-thé,1,False,False,False,False,False,False,False,False,False,False
母体,bú-thé,bú-thé,1,False,False,False,False,False,False,False,False,False,False
母系,bú-hē,bú-hē,1,False,False,False,False,False,False,False,False,False,False
比,pì,pì,1,False,False,False,False,False,False,False,False,False,False
温州,un-tsiu,un-chiu,1,False,False,False,False,False,False,False,False,False,False
港仔嘴,káng-á-tshuì,káng-á-chhùi,1,False,False,False,False,False,False,False,False,False,False
瓊眞,khîng-tsin,khêng-chin,1,False,False,False,False,False,False,False,False,False,False
牒仔久,tiap-á-kú,tiap-á-kú,1,False,False,False,False,False,False,False,False,False,False
爛,nuâ,nôa,1,False,False,False,False,False,False,False,False,False,False
爛溝糜,nuā-koo-bê,nōa-ko͘-bê,1,False,False,False,False,False,False,False,False,False,False
爪亜,jiáu-a,jiáu-a,1,False,False,False,False,False,False,False,False,False,False
爪亞,jiáu-a,jiáu-a,1,False,False,False,False,False,False,False,False,False,False
爬龍船,pê-liông-chûn,pê-liông-chûn,1,False,False,False,False,False,False,False,False,False,False
爲,ûi,ûi,1,False,False,False,False,False,False,False,False,False,False
爲卜,uī-beh,ūi-beh,1,False,False,False,False,False,False,False,False,False,False
爲卜,uī-bueh,ūi-boeh,1,False,False,False,False,False,False,False,False,False,False
爲止,ûi-chí,ûi-chí,1,False,False,False,False,False,False,False,False,False,False
爸仔,pa-á,pa-á,1,False,False,False,False,False,False,False,False,False,False
爻人,gâu-lâng,gâu-lâng,1,False,False,False,False,False,False,False,False,False,False
爾,jí,jí,1,False,False,False,False,False,False,False,False,False,False
牛卑,gû-pi,gû-pi,1,False,False,False,False,False,False,False,False,False,False
牽尫姨,khan-ang-î,khan-ang-î,1,False,False,False,False,False,False,False,False,False,False
牛困山,gû-khùn-suann,gû-khùn-soaⁿ,1,False,False,False,False,False,False,False,False,False,False
牛埔仔,gû-poo-á,gû-po͘-á,1,False,False,False,False,False,False,False,False,False,False
牛墟,gû-hi,gû-hi,1,False,False,False,False,False,False,False,False,False,False
牛担,gû-tann,gû-taⁿ,1,False,False,False,False,False,False,False,False,False,False
牛挑灣,gû-tann-uan,gû-taⁿ-oan,1,False,False,False,False,False,False,False,False,False,False
牛挑灣,gû-tann-uân,gû-taⁿ-oân,1,False,False,False,False,False,False,False,False,False,False
牛欗,gû-nuâ,gû-nôa,1,False,False,False,False,False,False,False,False,False,False
牛津,giû-tin,giû-tin,1,False,False,False,False,False,False,False,False,False,False
牛津,gû-tin,gû-tin,1,False,False,False,False,False,False,False,False,False,False
牛港,gû-káng,gû-káng,1,False,False,False,False,False,False,False,False,False,False
牛虛,gû-hi,gû-hi,1,False,False,False,False,False,False,False,False,False,False
牛角歪仔,gû-kak-oaihⁿ-á,gû-kak-oaihⁿ-á,1,False,False,False,False,False,False,False,False,False,False
爛,nuá,nóa,1,False,False,False,False,False,False,False,False,False,False
營營飛,iānn-iānn-pe,iāⁿ-iāⁿ-pe,1,False,False,False,False,False,False,False,False,False,False
營營,iānn-iānn,iāⁿ-iāⁿ,1,False,False,False,False,False,False,False,False,False,False
營,iānn,iāⁿ,1,False,False,False,False,False,False,False,False,False,False
無覽無呢,bô-lám-bô-ne,bô-lám-bô-ne,1,False,False,False,False,False,False,False,False,False,False
無覽無麗,bô-lám-bô-le,bô-lám-bô-le,1,False,False,False,False,False,False,False,False,False,False
焦備,tsiâu-pī,chiâu-pī,1,False,False,False,False,False,False,False,False,False,False
焦巴年,ta-pa-nî,ta-pa-nî,1,False,False,False,False,False,False,False,False,False,False
焦曹,tsiau-tso,chiau-cho,1,False,False,False,False,False,False,False,False,False,False
焦点,tsiau-tiám,chiau-tiám,1,False,False,False,False,False,False,False,False,False,False
然后,jiân-āu,jiân-āu,1,False,False,False,False,False,False,False,False,False,False
煅煉,thuàn-liān,thoàn-liān,1,False,False,False,False,False,False,False,False,False,False
煎堆,tsian-te,chian-te,1,False,False,False,False,False,False,False,False,False,False
煎堆,tsian-to̤,chian-to̤,1,False,False,False,False,False,False,False,False,False,False
煎繳,tsian-kiáu,chian-kiáu,1,False,False,False,False,False,False,False,False,False,False
煞,suá,sóa,1,False,False,False,False,False,False,False,False,False,False
煞戱,suah-hì,soah-hì,1,False,False,False,False,False,False,False,False,False,False
照云,tsiàu-ûn,chiàu-ûn,1,False,False,False,False,False,False,False,False,False,False
照常,tsiàu-siâng,chiàu-siâng,1,False,False,False,False,False,False,False,False,False,False
煩好,huân-hó,hoân-hó,1,False,False,False,False,False,False,False,False,False,False
煮食,chí-tsia̍h,chí-chia̍h,1,False,False,False,False,False,False,False,False,False,False
煮飯,chí-pn̄g,chí-pn̄g,1,False,False,False,False,False,False,False,False,False,False
熊本,hîm-pún,hîm-pún,1,False,False,False,False,False,False,False,False,False,False
熊野,hîm-iá,hîm-iá,1,False,False,False,False,False,False,False,False,False,False
熏嗽,hun-sàu,hun-sàu,1,False,False,False,False,False,False,False,False,False,False
熏烟,hun-ian,hun-ian,1,False,False,False,False,False,False,False,False,False,False
熯,hán,hán,1,False,False,False,False,False,False,False,False,False,False
熱和和,jia̍t-ho-ho,jia̍t-ho-ho,1,False,False,False,False,False,False,False,False,False,False
燒,sio̍h,sio̍h,1,False,False,False,False,False,False,False,False,False,False
牧師娘,bo̍k-su-niû,bo̍k-su-niû,1,False,False,False,False,False,False,False,False,False,False
牽渉,khan-sia̍p,khan-sia̍p,1,False,False,False,False,False,False,False,False,False,False
游星,iû-tshenn,iû-chheⁿ,1,False,False,False,False,False,False,False,False,False,False
珍珍冬冬,tin-tin-tiang-tiang,tin-tin-tiang-tiang,1,False,False,False,False,False,False,False,False,False,False
玉簮,gi̍k-tsam,ge̍k-cham,1,False,False,False,False,False,False,False,False,False,False
玉簮,gi̍k-tsiam,ge̍k-chiam,1,False,False,False,False,False,False,False,False,False,False
王女,ông-lí,ông-lí,1,False,False,False,False,False,False,False,False,False,False
玍,lān,lān,1,False,False,False,False,False,False,False,False,False,False
玍雖,lān-sui,lān-sui,1,False,False,False,False,False,False,False,False,False,False
玍麻,lān-muā,lān-mōa,1,False,False,False,False,False,False,False,False,False,False
玫瑰,mûi,mûi,1,False,False,False,False,False,False,False,False,False,False
玫瑰花,muê-kuì-hue,môe-kùi-hoe,1,False,False,False,False,False,False,False,False,False,False
玫瑰花,mûi-kuì-hue,mûi-kùi-hoe,1,False,False,False,False,False,False,False,False,False,False
玺,jí,jí,1,False,False,False,False,False,False,False,False,False,False
珈琲色,ka-pi-sik,ka-pi-sek,1,False,False,False,False,False,False,False,False,False,False
珊瑚,sian-hô,sian-hô,1,False,False,False,False,False,False,False,False,False,False
珍珍東東,tin-tin-tong-tong,tin-tin-tong-tong,1,False,False,False,False,False,False,False,False,False,False
牽焿,khan-kenn,khan-keⁿ,1,False,False,False,False,False,False,False,False,False,False
珥,jí,jí,1,False,False,False,False,False,False,False,False,False,False
理想,lí-siáng,lí-siáng,1,False,False,False,False,False,False,False,False,False,False
琵琶,gî,gî,1,False,False,False,False,False,False,False,False,False,False
琼,khîng,khêng,1,False,False,False,False,False,False,False,False,False,False
琼實,khîng-si̍t,khêng-si̍t,1,False,False,False,False,False,False,False,False,False,False
琼眞,khîng-tsin,khêng-chin,1,False,False,False,False,False,False,False,False,False,False
琼真,khîng-tsin,khêng-chin,1,False,False,False,False,False,False,False,False,False,False
瑯喬,lông-kiau,lông-kiau,1,False,False,False,False,False,False,False,False,False,False
瑶,iâu,iâu,1,False,False,False,False,False,False,False,False,False,False
璉寶,lián-pó,lián-pó,1,False,False,False,False,False,False,False,False,False,False
璽,jí,jí,1,False,False,False,False,False,False,False,False,False,False
瓊實,khîng-si̍t,khêng-si̍t,1,False,False,False,False,False,False,False,False,False,False
玉簮,gio̍k-tsiam,gio̍k-chiam,1,False,False,False,False,False,False,False,False,False,False
玉簪,gi̍k-tsam,ge̍k-cham,1,False,False,False,False,False,False,False,False,False,False
獅獅,sai-sai,sai-sai,1,False,False,False,False,False,False,False,False,False,False
猴死囝仔,kâu-sí-gín-á,kâu-sí-gín-á,1,False,False,False,False,False,False,False,False,False,False
牽焿,khan-kinn,khan-kiⁿ,1,False,False,False,False,False,False,False,False,False,False
牽焿个,khan-kenn,khan-keⁿ,1,False,False,False,False,False,False,False,False,False,False
牽焿个,khan-kinn,khan-kiⁿ,1,False,False,False,False,False,False,False,False,False,False
牽焿兮,khan-kenn,khan-keⁿ,1,False,False,False,False,False,False,False,False,False,False
牽焿兮,khan-kinn,khan-kiⁿ,1,False,False,False,False,False,False,False,False,False,False
牽糸,khan-si,khan-si,1,False,False,False,False,False,False,False,False,False,False
犒軍,khòo-kun,khò͘-kun,1,False,False,False,False,False,False,False,False,False,False
狀,tsuīnn,chūiⁿ,1,False,False,False,False,False,False,False,False,False,False
狀態,tsōng-thāi,chōng-thāi,1,False,False,False,False,False,False,False,False,False,False
狐狸精,hôo-lî-tsinn,hô͘-lî-chiⁿ,1,False,False,False,False,False,False,False,False,False,False
狗憨仔,káu-gām-á,káu-gām-á,1,False,False,False,False,False,False,False,False,False,False
狗母沙,káu-bó-sua,káu-bó-soa,1,False,False,False,False,False,False,False,False,False,False
狗甘仔,káu-kām-á,káu-kām-á,1,False,False,False,False,False,False,False,False,False,False
猪哥,ti-ko,ti-ko,1,False,False,False,False,False,False,False,False,False,False
猪屠,ti-tôo,ti-tô͘,1,False,False,False,False,False,False,False,False,False,False
猪排,ti-pâi,ti-pâi,1,False,False,False,False,False,False,False,False,False,False
猪槽,ti-tsô,ti-chô,1,False,False,False,False,False,False,False,False,False,False
猪砧,ti-tiam,ti-tiam,1,False,False,False,False,False,False,False,False,False,False
猪肉,tu-bah,tu-bah,1,False,False,False,False,False,False,False,False,False,False
猪肚,ti-tōo,ti-tō͘,1,False,False,False,False,False,False,False,False,False,False
猫厘,bâ-lî,bâ-lî,1,False,False,False,False,False,False,False,False,False,False
猫葉,ba̍h-hio̍h,ba̍h-hio̍h,1,False,False,False,False,False,False,False,False,False,False
猫葉,bā-hio̍h,bā-hio̍h,1,False,False,False,False,False,False,False,False,False,False
猴囝仔,kâu-gín-ná,kâu-gín-ná,1,False,False,False,False,False,False,False,False,False,False
猴死囝仔,kâu-sí-gín-ná,kâu-sí-gín-ná,1,False,False,False,False,False,False,False,False,False,False
無覧無麗,bô-lám-bô-le,bô-lám-bô-le,1,False,False,False,False,False,False,False,False,False,False
無覧無呢,bô-lám-bô-ne,bô-lám-bô-ne,1,False,False,False,False,False,False,False,False,False,False
無要無意,bô-iàu-bô-ì,bô-iàu-bô-ì,1,False,False,False,False,False,False,False,False,False,False
濶浪浪,khuah-long-long,khoah-long-long,1,False,False,False,False,False,False,False,False,False,False
漕,tsō,chō,1,False,False,False,False,False,False,False,False,False,False
漚汪,au-âng,au-âng,1,False,False,False,False,False,False,False,False,False,False
漢陽,hàn-iâng,hàn-iâng,1,False,False,False,False,False,False,False,False,False,False
漢陽,hàn-iông,hàn-iông,1,False,False,False,False,False,False,False,False,False,False
漳州,tsiong-tsiu,chiong-chiu,1,False,False,False,False,False,False,False,False,False,False
潄口,suá-kháu,sóa-kháu,1,False,False,False,False,False,False,False,False,False,False
潘木枝,phuann-bo̍k-ki,phoaⁿ-bo̍k-ki,1,False,False,False,False,False,False,False,False,False,False
濕厝,sip-tshù,sip-chhù,1,False,False,False,False,False,False,False,False,False,False
濟七,tsè-tshit,chè-chhit,1,False,False,False,False,False,False,False,False,False,False
濟南,tsé-lâm,ché-lâm,1,False,False,False,False,False,False,False,False,False,False
濟外,tsè-guā,chè-gōa,1,False,False,False,False,False,False,False,False,False,False
濫滲,lām-sám,lām-sám,1,False,False,False,False,False,False,False,False,False,False
濶罔罔,khuah-bóng-bóng,khoah-bóng-bóng,1,False,False,False,False,False,False,False,False,False,False
無處,bô-tè,bô-tè,1,False,False,False,False,False,False,False,False,False,False
濶郎郎,khuah-lòng-lòng,khoah-lòng-lòng,1,False,False,False,False,False,False,False,False,False,False
濶𢭗𢭗,khuah-lòng-lòng,khoah-lòng-lòng,1,False,False,False,False,False,False,False,False,False,False
濺,tsiàn,chiàn,1,False,False,False,False,False,False,False,False,False,False
瀨南,luā-lâm,lōa-lâm,1,False,False,False,False,False,False,False,False,False,False
瀨南街,luā-lâm-kue,lōa-lâm-koe,1,False,False,False,False,False,False,False,False,False,False
瀰濃,bi-lóng,bi-lóng,1,False,False,False,False,False,False,False,False,False,False
灣裡,uan-lí,oan-lí,1,False,False,False,False,False,False,False,False,False,False
灣裡,uân-lin,oân-lin,1,False,False,False,False,False,False,False,False,False,False
灣裡,uân-lí,oân-lí,1,False,False,False,False,False,False,False,False,False,False
火星,hé-tshenn,hé-chheⁿ,1,False,False,False,False,False,False,False,False,False,False
火燒島,hé-sio-tó,hé-sio-tó,1,False,False,False,False,False,False,False,False,False,False
火簽,hué-tshiam,hóe-chhiam,1,False,False,False,False,False,False,False,False,False,False
漏脚仔,làu-kha-á,làu-kha-á,1,False,False,False,False,False,False,False,False,False,False
漏翼仔,làu-si̍t-á,làu-si̍t-á,1,False,False,False,False,False,False,False,False,False,False
漏翅仔,làu-si̍t-á,làu-si̍t-á,1,False,False,False,False,False,False,False,False,False,False
漏,làu,làu,1,False,False,False,False,False,False,False,False,False,False
游玩,iû-guán,iû-goán,1,False,False,False,False,False,False,False,False,False,False
游玩,iû-uán,iû-oán,1,False,False,False,False,False,False,False,False,False,False
游行,iû-hîng,iû-hêng,1,False,False,False,False,False,False,False,False,False,False
游說,iû-suat,iû-soat,1,False,False,False,False,False,False,False,False,False,False
游說,iû-suè,iû-sòe,1,False,False,False,False,False,False,False,False,False,False
湄洲,bî-tsiu,bî-chiu,1,False,False,False,False,False,False,False,False,False,False
湖西,ôo-sai,ô͘-sai,1,False,False,False,False,False,False,False,False,False,False
湘,siûⁿ,siûⁿ,1,False,False,False,False,False,False,False,False,False,False
湯,thn̄g,thn̄g,1,False,False,False,False,False,False,False,False,False,False
湳滲,lām-sám,lām-sám,1,False,False,False,False,False,False,False,False,False,False
湳田,lòm-tshân,lòm-chhân,1,False,False,False,False,False,False,False,False,False,False
湿,sip,sip,1,False,False,False,False,False,False,False,False,False,False
溢乳,ik-lin,ek-lin,1,False,False,False,False,False,False,False,False,False,False
滑溜溜,ku̍t-liù-liù,ku̍t-liù-liù,1,False,False,False,False,False,False,False,False,False,False
滑溜秀,ku̍t-liuh-siuh,ku̍t-liuh-siuh,1,False,False,False,False,False,False,False,False,False,False
滑溜秀,ku̍t-liù-siuh,ku̍t-liù-siuh,1,False,False,False,False,False,False,False,False,False,False
滑溜秀,ku̍t-liù-siù,ku̍t-liù-siù,1,False,False,False,False,False,False,False,False,False,False
滚絞,kún-ká,kún-ká,1,False,False,False,False,False,False,False,False,False,False
满,buán,boán,1,False,False,False,False,False,False,False,False,False,False
滲,sám,sám,1,False,False,False,False,False,False,False,False,False,False
滿滿示,muá-muá-sī,móa-móa-sī,1,False,False,False,False,False,False,False,False,False,False
漁光島,hî-kong-tó,hî-kong-tó,1,False,False,False,False,False,False,False,False,False,False
漁船,hî-chûn,hî-chûn,1,False,False,False,False,False,False,False,False,False,False
漁船仔,hî-chûn-á,hî-chûn-á,1,False,False,False,False,False,False,False,False,False,False
漆,tship,chhip,1,False,False,False,False,False,False,False,False,False,False
火簽,hé-tshiam,hé-chhiam,1,False,False,False,False,False,False,False,False,False,False
火籖,hué-tshiam,hóe-chhiam,1,False,False,False,False,False,False,False,False,False,False
火籖,hé-tshiam,hé-chhiam,1,False,False,False,False,False,False,False,False,False,False
烟映,ian-n̄g,ian-n̄g,1,False,False,False,False,False,False,False,False,False,False
烟烟,hun-ian,hun-ian,1,False,False,False,False,False,False,False,False,False,False
烟腸,ian-tshiân,ian-chhiân,1,False,False,False,False,False,False,False,False,False,False
烟花,ian-hua,ian-hoa,1,False,False,False,False,False,False,False,False,False,False
烟𠻳,hun-sàu,hun-sàu,1,False,False,False,False,False,False,False,False,False,False
無乾何,bô-ta-uâ,bô-ta-ôa,1,False,False,False,False,False,False,False,False,False,False
無乾哇,bô-ta-uâ,bô-ta-ôa,1,False,False,False,False,False,False,False,False,False,False
無凍,bô-tàng,bô-tàng,1,False,False,False,False,False,False,False,False,False,False
無処,bô-tè,bô-tè,1,False,False,False,False,False,False,False,False,False,False
無同,bô-sāng,bô-sāng,1,False,False,False,False,False,False,False,False,False,False
無心成,bô-sim-tsiânn,bô-sim-chiâⁿ,1,False,False,False,False,False,False,False,False,False,False
無愛,boăi,boăi,1,False,False,False,False,False,False,False,False,False,False
無愛,buaih,boaih,1,False,False,False,False,False,False,False,False,False,False
無愛,buài,boài,1,False,False,False,False,False,False,False,False,False,False
無湳無レ,bô-lám-bô-le,bô-lám-bô-le,1,False,False,False,False,False,False,False,False,False,False
無湳無呢,bô-lám-bô-ne,bô-lám-bô-ne,1,False,False,False,False,False,False,False,False,False,False
無湳無麗,bô-lám-bô-le,bô-lám-bô-le,1,False,False,False,False,False,False,False,False,False,False
無煩無好,bô-huân-bô-hó,bô-hoân-bô-hó,1,False,False,False,False,False,False,False,False,False,False
無理,bô-lí,bô-lí,1,False,False,False,False,False,False,False,False,False,False
無省,bô-sahⁿ,bô-sahⁿ,1,False,False,False,False,False,False,False,False,False,False
無省,bô-sànn,bô-sàⁿ,1,False,False,False,False,False,False,False,False,False,False
無礁何,bô-ta-uâ,bô-ta-ôa,1,False,False,False,False,False,False,False,False,False,False
無礁哇,bô-ta-uâ,bô-ta-ôa,1,False,False,False,False,False,False,False,False,False,False
無緣个,bô-iân-ê,bô-iân-ê,1,False,False,False,False,False,False,False,False,False,False
無緣兮,bô-iân-ê,bô-iân-ê,1,False,False,False,False,False,False,False,False,False,False
無義量,bô-gī-niū,bô-gī-niū,1,False,False,False,False,False,False,False,False,False,False
烟暈,ian-n̄g,ian-n̄g,1,False,False,False,False,False,False,False,False,False,False
烟塵,ian-thûn,ian-thûn,1,False,False,False,False,False,False,False,False,False,False
灯台,ting-tâi,teng-tâi,1,False,False,False,False,False,False,False,False,False,False
烟嗽,hun-sàu,hun-sàu,1,False,False,False,False,False,False,False,False,False,False
灯塔,ting-thah,teng-thah,1,False,False,False,False,False,False,False,False,False,False
灵感,lîng-kám,lêng-kám,1,False,False,False,False,False,False,False,False,False,False
灵芝,lîng-tsi,lêng-chi,1,False,False,False,False,False,False,False,False,False,False
炉,lôo,lô͘,1,False,False,False,False,False,False,False,False,False,False
炊繳,tshe-kiáu,chhe-kiáu,1,False,False,False,False,False,False,False,False,False,False
炊繳,tshue-kiáu,chhoe-kiáu,1,False,False,False,False,False,False,False,False,False,False
点仔膠,tiám-á-ka,tiám-á-ka,1,False,False,False,False,False,False,False,False,False,False
点心,tiám-sim,tiám-sim,1,False,False,False,False,False,False,False,False,False,False
点株,tiám-tuh,tiám-tuh,1,False,False,False,False,False,False,False,False,False,False
点椊,tiám-tuh,tiám-tuh,1,False,False,False,False,False,False,False,False,False,False
為,ûi,ûi,1,False,False,False,False,False,False,False,False,False,False
烈嶼,lia̍t-sū,lia̍t-sū,1,False,False,False,False,False,False,False,False,False,False
烏亀,oo-kui,o͘-kui,1,False,False,False,False,False,False,False,False,False,False
烏坎坎,oo-khâm-khâm,o͘-khâm-khâm,1,False,False,False,False,False,False,False,False,False,False
烏妬紅,oo-tòo-âng,o͘-tò͘-âng,1,False,False,False,False,False,False,False,False,False,False
烏手仔,oo-tshiú-á,o͘-chhiú-á,1,False,False,False,False,False,False,False,False,False,False
烏海,oo-hái,o͘-hái,1,False,False,False,False,False,False,False,False,False,False
烏甜樹,oo-tinn-tshiū,o͘-tiⁿ-chhiū,1,False,False,False,False,False,False,False,False,False,False
烏節,oo-tsiat,o͘-chiat,1,False,False,False,False,False,False,False,False,False,False
烏隂,oo-im,o͘-im,1,False,False,False,False,False,False,False,False,False,False
烏頭仔,oo-thâu-á,o͘-thâu-á,1,False,False,False,False,False,False,False,False,False,False
烏魚只,oo-hî-chí,o͘-hî-chí,1,False,False,False,False,False,False,False,False,False,False
烏魚子,oo-hî-chí,o͘-hî-chí,1,False,False,False,False,False,False,False,False,False,False
烏魯木濟,oo-lóo-bo̍k-tsè,o͘-ló͘-bo̍k-chè,1,False,False,False,False,False,False,False,False,False,False
烟㶺,ian-thûn,ian-thûn,1,False,False,False,False,False,False,False,False,False,False
脚印,kha-ìn,kha-ìn,1,False,False,False,False,False,False,False,False,False,False
麻,muā,mōa,1,False,False,False,False,False,False,False,False,False,False
脚尾,kha-bé,kha-bé,1,False,False,False,False,False,False,False,False,False,False
陳甲庚,tân-kah-kinn,tân-kah-kiⁿ,1,False,False,False,False,False,False,False,False,False,False
阿沙利,a̍t-sá-lih,a̍t-sá-lih,1,False,False,False,False,False,False,False,False,False,False
阿督仔,a-tok-á,a-tok-á,1,False,False,False,False,False,False,False,False,False,False
阿罩務,a-tà-bū,a-tà-bū,1,False,False,False,False,False,False,False,False,False,False
阿美,a-bí,a-bí,1,False,False,False,False,False,False,False,False,False,False
阿部,a-pōo,a-pō͘,1,False,False,False,False,False,False,False,False,False,False
阿針,a-tsam,a-cham,1,False,False,False,False,False,False,False,False,False,False
陜西,siám-sai,siám-sai,1,False,False,False,False,False,False,False,False,False,False
陪隨,puê-tuè,pôe-tòe,1,False,False,False,False,False,False,False,False,False,False
陪隨,puê-tè,pôe-tè,1,False,False,False,False,False,False,False,False,False,False
陳埭,tân-tē,tân-tē,1,False,False,False,False,False,False,False,False,False,False
陳埭,tân-tō̤,tân-tō̤,1,False,False,False,False,False,False,False,False,False,False
陳甲庚,tân-kah-kenn,tân-kah-keⁿ,1,False,False,False,False,False,False,False,False,False,False
隂杯,im-pue,im-poe,1,False,False,False,False,False,False,False,False,False,False
雙糕潤,sang-ko-lūn,sang-ko-lūn,1,False,False,False,False,False,False,False,False,False,False
隄,te,te,1,False,False,False,False,False,False,False,False,False,False
隔藍,keh-nâ,keh-nâ,1,False,False,False,False,False,False,False,False,False,False
隔藍,kè-nâ,kè-nâ,1,False,False,False,False,False,False,False,False,False,False
隔藍仔,keh-nâ-á,keh-nâ-á,1,False,False,False,False,False,False,False,False,False,False
隔藍仔,kè-nâ-á,kè-nâ-á,1,False,False,False,False,False,False,False,False,False,False
隔藍菜,kè-nâ-tshài,kè-nâ-chhài,1,False,False,False,False,False,False,False,False,False,False
隨拜,tuè-pài,tòe-pài,1,False,False,False,False,False,False,False,False,False,False
隱私權,ín-su-khuân,ín-su-khoân,1,False,False,False,False,False,False,False,False,False,False
隱私權,ín-su-kuân,ín-su-koân,1,False,False,False,False,False,False,False,False,False,False
隴,lióng,lióng,1,False,False,False,False,False,False,False,False,False,False
雀,tshia̍k,chhia̍k,1,False,False,False,False,False,False,False,False,False,False
雙生,sang-senn,sang-seⁿ,1,False,False,False,False,False,False,False,False,False,False
阿查,a-tsa,a-cha,1,False,False,False,False,False,False,False,False,False,False
阿搭馬,a-tá-mah,a-tá-mah,1,False,False,False,False,False,False,False,False,False,False
阿搭馬,a-ta-mah,a-ta-mah,1,False,False,False,False,False,False,False,False,False,False
阿彌陀佛,a-mí-tô-hu̍t,a-mí-tô-hu̍t,1,False,False,False,False,False,False,False,False,False,False
閣下空,kueh-ē-khang,koeh-ē-khang,1,False,False,False,False,False,False,False,False,False,False
閣下籠,koh-ē-lang,koh-ē-lang,1,False,False,False,False,False,False,False,False,False,False
閣下籠,kueh-ē-lang,koeh-ē-lang,1,False,False,False,False,False,False,False,False,False,False
閫,khún,khún,1,False,False,False,False,False,False,False,False,False,False
閹猪,iam-ti,iam-ti,1,False,False,False,False,False,False,False,False,False,False
闖,thàm,thàm,1,False,False,False,False,False,False,False,False,False,False
關于,kuan-î,koan-î,1,False,False,False,False,False,False,False,False,False,False
關于,kuan-û,koan-û,1,False,False,False,False,False,False,False,False,False,False
關懐,kuan-huâi,koan-hoâi,1,False,False,False,False,False,False,False,False,False,False
關監,kuinn-kann,kuiⁿ-kaⁿ,1,False,False,False,False,False,False,False,False,False,False
阭私權,ín-su-khuân,ín-su-khoân,1,False,False,False,False,False,False,False,False,False,False
阭私權,ín-su-kuân,ín-su-koân,1,False,False,False,False,False,False,False,False,False,False
阭私權,ún-su-khuân,ún-su-khoân,1,False,False,False,False,False,False,False,False,False,False
阭私權,ún-su-kuân,ún-su-koân,1,False,False,False,False,False,False,False,False,False,False
阴,iam,iam,1,False,False,False,False,False,False,False,False,False,False
阿依,a-i,a-i,1,False,False,False,False,False,False,False,False,False,False
阿依仔,a-i-á,a-i-á,1,False,False,False,False,False,False,False,False,False,False
阿依阿,a-i-á,a-i-á,1,False,False,False,False,False,False,False,False,False,False
阿參,â-sâm,â-sâm,1,False,False,False,False,False,False,False,False,False,False
阿君仔,a-kun-á,a-kun-á,1,False,False,False,False,False,False,False,False,False,False
阿君阿,a-kun-á,a-kun-á,1,False,False,False,False,False,False,False,False,False,False
阿孫个,a-sun-ê,a-sun-ê,1,False,False,False,False,False,False,False,False,False,False
阿孫兮,a-sun-ê,a-sun-ê,1,False,False,False,False,False,False,False,False,False,False
阿彌,a-mi,a-mi,1,False,False,False,False,False,False,False,False,False,False
阿彌,a-mî,a-mî,1,False,False,False,False,False,False,False,False,False,False
雙生,sang-sinn,sang-siⁿ,1,False,False,False,False,False,False,False,False,False,False
雜碎,tsa̍p-sè,cha̍p-sè,1,False,False,False,False,False,False,False,False,False,False
韯,siam,siam,1,False,False,False,False,False,False,False,False,False,False
面册,bīn-tsheh,bīn-chheh,1,False,False,False,False,False,False,False,False,False,False
露西亞,lòo-se-a,lò͘-se-a,1,False,False,False,False,False,False,False,False,False,False
青仔,tshinn-á,chhiⁿ-á,1,False,False,False,False,False,False,False,False,False,False
青冷冷,tshenn-lìng-lìng,chheⁿ-lèng-lèng,1,False,False,False,False,False,False,False,False,False,False
青島,tshing-tó,chheng-tó,1,False,False,False,False,False,False,False,False,False,False
青慘,tshi-tshám,chhi-chhám,1,False,False,False,False,False,False,False,False,False,False
青木,tshing-bo̍k,chheng-bo̍k,1,False,False,False,False,False,False,False,False,False,False
青森,tshing-som,chheng-som,1,False,False,False,False,False,False,False,False,False,False
青鯤身,tshenn-khun-sin,chheⁿ-khun-sin,1,False,False,False,False,False,False,False,False,False,False
青鯤鯓,tshenn-khun-sin,chheⁿ-khun-sin,1,False,False,False,False,False,False,False,False,False,False
靜岡,tsīng-kong,chēng-kong,1,False,False,False,False,False,False,False,False,False,False
非營利,hui-îng-lī,hui-êng-lī,1,False,False,False,False,False,False,False,False,False,False
面仔,bīn-á,bīn-á,1,False,False,False,False,False,False,False,False,False,False
面虫,bīn-thâng,bīn-thâng,1,False,False,False,False,False,False,False,False,False,False
雞妹仔,ke-nuà-á,ke-nòa-á,1,False,False,False,False,False,False,False,False,False,False
革屎,kik-sái,kek-sái,1,False,False,False,False,False,False,False,False,False,False
革心,kik-sim,kek-sim,1,False,False,False,False,False,False,False,False,False,False
革氣,kik-khì,kek-khì,1,False,False,False,False,False,False,False,False,False,False
革骨,kik-kut,kek-kut,1,False,False,False,False,False,False,False,False,False,False
靴擺,hia-pai,hia-pai,1,False,False,False,False,False,False,False,False,False,False
鞋住,uê-tsū,ôe-chū,1,False,False,False,False,False,False,False,False,False,False
鞋住,ê-tsū,ê-chū,1,False,False,False,False,False,False,False,False,False,False
鞋住仔,ê-tsū-á,ê-chū-á,1,False,False,False,False,False,False,False,False,False,False
韋,ûi,ûi,1,False,False,False,False,False,False,False,False,False,False
韓國語,hân-kok-gí,hân-kok-gí,1,False,False,False,False,False,False,False,False,False,False
韓國語,hân-kok-gú,hân-kok-gú,1,False,False,False,False,False,False,False,False,False,False
韓語,hân-gí,hân-gí,1,False,False,False,False,False,False,False,False,False,False
露西亜,lòo-se-a,lò͘-se-a,1,False,False,False,False,False,False,False,False,False,False
露螺,lòo-lê,lò͘-lê,1,False,False,False,False,False,False,False,False,False,False
露,lòo,lò͘,1,False,False,False,False,False,False,False,False,False,False
霉,mûi,mûi,1,False,False,False,False,False,False,False,False,False,False
雞妹仔,kue-luā-á,koe-lōa-á,1,False,False,False,False,False,False,False,False,False,False
雞捲,ke-kńg,ke-kńg,1,False,False,False,False,False,False,False,False,False,False
雞柔,kue-jiû,koe-jiû,1,False,False,False,False,False,False,False,False,False,False
雞榆,kue-jiû,koe-jiû,1,False,False,False,False,False,False,False,False,False,False
雞歸仔,ke-kui-á,ke-kui-á,1,False,False,False,False,False,False,False,False,False,False
雞歸仔,kue-kui-á,koe-kui-á,1,False,False,False,False,False,False,False,False,False,False
雞籠河,ke-lâng-hô,ke-lâng-hô,1,False,False,False,False,False,False,False,False,False,False
雞籠河,kue-lâng-hô,koe-lâng-hô,1,False,False,False,False,False,False,False,False,False,False
雞糸,kue-si,koe-si,1,False,False,False,False,False,False,False,False,False,False
雞絲,kue-si,koe-si,1,False,False,False,False,False,False,False,False,False,False
雞賴仔,kue-luā-á,koe-lōa-á,1,False,False,False,False,False,False,False,False,False,False
離卦,lî-kuà,lî-kòa,1,False,False,False,False,False,False,False,False,False,False
離卦,lī-kuà,lī-kòa,1,False,False,False,False,False,False,False,False,False,False
離書,lî-tsu,lî-chu,1,False,False,False,False,False,False,False,False,False,False
離枝,lī-ki,lī-ki,1,False,False,False,False,False,False,False,False,False,False
雨,ù,ù,1,False,False,False,False,False,False,False,False,False,False
雨夜,ú-iā,ú-iā,1,False,False,False,False,False,False,False,False,False,False
雷台,lûi-tâi,lûi-tâi,1,False,False,False,False,False,False,False,False,False,False
電塔,tiān-thah,tiān-thah,1,False,False,False,False,False,False,False,False,False,False
電子批桶,tiān-tsú-phe-tháng,tiān-chú-phe-tháng,1,False,False,False,False,False,False,False,False,False,False
電火博仔,tiān-hué-pho̍k-á,tiān-hóe-pho̍k-á,1,False,False,False,False,False,False,False,False,False,False
電火博仔,tiān-hé-pho̍k-á,tiān-hé-pho̍k-á,1,False,False,False,False,False,False,False,False,False,False
電碢,tiān-ue,tiān-oe,1,False,False,False,False,False,False,False,False,False,False
震卦,chín-kuà,chín-kòa,1,False,False,False,False,False,False,False,False,False,False
震卦,tsìn-kuà,chìn-kòa,1,False,False,False,False,False,False,False,False,False,False
閣,ko̍h,ko̍h,1,False,False,False,False,False,False,False,False,False,False
閙采采,nāu-tshai-tshai,nāu-chhai-chhai,1,False,False,False,False,False,False,False,False,False,False
閙猜猜,nāu-tshai-tshai,nāu-chhai-chhai,1,False,False,False,False,False,False,False,False,False,False
野飧,iá-tshan,iá-chhan,1,False,False,False,False,False,False,False,False,False,False
酒井,tsiú-tsénn,chiú-chéⁿ,1,False,False,False,False,False,False,False,False,False,False
酒舘,tsiú-kuán,chiú-koán,1,False,False,False,False,False,False,False,False,False,False
酸湳,sng-lam,sng-lam,1,False,False,False,False,False,False,False,False,False,False
醫生舘,i-sing-kuán,i-seng-koán,1,False,False,False,False,False,False,False,False,False,False
重復,tiông-hok,tiông-hok,1,False,False,False,False,False,False,False,False,False,False
重復,tiông-ho̍k,tiông-ho̍k,1,False,False,False,False,False,False,False,False,False,False
重復,tîng-ho̍k,têng-ho̍k,1,False,False,False,False,False,False,False,False,False,False
重新,tiōng-sin,tiōng-sin,1,False,False,False,False,False,False,False,False,False,False
野口,iá-kháu,iá-kháu,1,False,False,False,False,False,False,False,False,False,False
野口,iá-khóo,iá-khó͘,1,False,False,False,False,False,False,False,False,False,False
野村,iá-tshuan,iá-chhoan,1,False,False,False,False,False,False,False,False,False,False
野猫,iá-bâ,iá-bâ,1,False,False,False,False,False,False,False,False,False,False
量約,liāng-iak,liāng-iak,1,False,False,False,False,False,False,False,False,False,False
閙熱,nāu-jia̍t,nāu-jia̍t,1,False,False,False,False,False,False,False,False,False,False
量約仔,liāng-iak-á,liāng-iak-á,1,False,False,False,False,False,False,False,False,False,False
量約仔,liōng-iok-á,liōng-iok-á,1,False,False,False,False,False,False,False,False,False,False
金唅,kim-kâm,kim-kâm,1,False,False,False,False,False,False,False,False,False,False
金壙,kim-khòng,kim-khòng,1,False,False,False,False,False,False,False,False,False,False
金子,kim-tsú,kim-chú,1,False,False,False,False,False,False,False,False,False,False
金脚,kim-kha,kim-kha,1,False,False,False,False,False,False,False,False,False,False
金鑛,kim-khòng,kim-khòng,1,False,False,False,False,False,False,False,False,False,False
釣,tioh,tioh,1,False,False,False,False,False,False,False,False,False,False
鈴,lân,lân,1,False,False,False,False,False,False,False,False,False,False
鈴木,lîng-bo̍k,lêng-bo̍k,1,False,False,False,False,False,False,False,False,False,False
鉄杷,thih-pê,thih-pê,1,False,False,False,False,False,False,False,False,False,False
鉄枝,thih-ki,thih-ki,1,False,False,False,False,False,False,False,False,False,False
鄭國姓,tēnn-kok-sìng,tēⁿ-kok-sèng,1,False,False,False,False,False,False,False,False,False,False
鄉土,hiang-thóo,hiang-thó͘,1,False,False,False,False,False,False,False,False,False,False
郎郎,lòng-lòng,lòng-lòng,1,False,False,False,False,False,False,False,False,False,False
邦邦牙,pang-pang-gah,pang-pang-gah,1,False,False,False,False,False,False,False,False,False,False
邀請,hiau-tshiánn,hiau-chhiáⁿ,1,False,False,False,False,False,False,False,False,False,False
邇,jí,jí,1,False,False,False,False,False,False,False,False,False,False
邊仔,pinn-â,piⁿ-â,1,False,False,False,False,False,False,False,False,False,False
邊仔頭,pinn-á-thâu,piⁿ-á-thâu,1,False,False,False,False,False,False,False,False,False,False
那不,nà-m̄,nà-m̄,1,False,False,False,False,False,False,False,False,False,False
那不,ná-m̄,ná-m̄,1,False,False,False,False,False,False,False,False,False,False
那亜,ná-a,ná-a,1,False,False,False,False,False,False,False,False,False,False
那亞,ná-a,ná-a,1,False,False,False,False,False,False,False,False,False,False
那威,ná-ui,ná-ui,1,False,False,False,False,False,False,False,False,False,False
那娘仔,na-niu-á,na-niu-á,1,False,False,False,False,False,False,False,False,False,False
那娘仔,na-niû-á,na-niû-á,1,False,False,False,False,False,False,False,False,False,False
那娘仔,nâ-niû-á,nâ-niû-á,1,False,False,False,False,False,False,False,False,False,False
那拔,niá-pua̍t,niá-poa̍t,1,False,False,False,False,False,False,False,False,False,False
那拔,ná-pua̍t,ná-poa̍t,1,False,False,False,False,False,False,False,False,False,False
那會,nah-ē,nah-ē,1,False,False,False,False,False,False,False,False,False,False
那有,nah-ū,nah-ū,1,False,False,False,False,False,False,False,False,False,False
那有,nā-ū,nā-ū,1,False,False,False,False,False,False,False,False,False,False
那有那無,ná-ū-ná-bô,ná-ū-ná-bô,1,False,False,False,False,False,False,False,False,False,False
那甲,nā-kà,nā-kà,1,False,False,False,False,False,False,False,False,False,False
那着,nà-tio̍h,nà-tio̍h,1,False,False,False,False,False,False,False,False,False,False
那着,ná-tio̍h,ná-tio̍h,1,False,False,False,False,False,False,False,False,False,False
那能,nah-ē,nah-ē,1,False,False,False,False,False,False,False,False,False,False
那通,nà-thang,nà-thang,1,False,False,False,False,False,False,False,False,False,False
邦坑仔,pang-khenn-á,pang-kheⁿ-á,1,False,False,False,False,False,False,False,False,False,False
邦坑仔,pang-khinn-á,pang-khiⁿ-á,1,False,False,False,False,False,False,False,False,False,False
鉄槌,thih-thûi,thih-thûi,1,False,False,False,False,False,False,False,False,False,False
鉄牛,thih-gû,thih-gû,1,False,False,False,False,False,False,False,False,False,False
鉄鈀,thih-pê,thih-pê,1,False,False,False,False,False,False,False,False,False,False
長,tiô,tiô,1,False,False,False,False,False,False,False,False,False,False
長声,tn̂g-siann,tn̂g-siaⁿ,1,False,False,False,False,False,False,False,False,False,False
長崎,tiông-kiā,tiông-kiā,1,False,False,False,False,False,False,False,False,False,False
長成,tiáng-sîng,tiáng-sêng,1,False,False,False,False,False,False,False,False,False,False
長榮,tiâng-îng,tiâng-êng,1,False,False,False,False,False,False,False,False,False,False
長榮,tiông-îng,tiông-êng,1,False,False,False,False,False,False,False,False,False,False
長治,tióng-tī,tióng-tī,1,False,False,False,False,False,False,False,False,False,False
長袖,tn̂g-ńg,tn̂g-ńg,1,False,False,False,False,False,False,False,False,False,False
長谷川,tiông-kok-tshuan,tiông-kok-chhoan,1,False,False,False,False,False,False,False,False,False,False
長野,tiông-iá,tiông-iá,1,False,False,False,False,False,False,False,False,False,False
門,mûi,mûi,1,False,False,False,False,False,False,False,False,False,False
門司,bûn-su,bûn-su,1,False,False,False,False,False,False,False,False,False,False
門連,mn̂g-liân,mn̂g-liân,1,False,False,False,False,False,False,False,False,False,False
門騫,mn̂g-khian,mn̂g-khian,1,False,False,False,False,False,False,False,False,False,False
閃示,siám-sih,siám-sih,1,False,False,False,False,False,False,False,False,False,False
閃薛,siám-sih,siám-sih,1,False,False,False,False,False,False,False,False,False,False
閅腿,thì-thuí,thì-thúi,1,False,False,False,False,False,False,False,False,False,False
開山,khai-san,khai-san,1,False,False,False,False,False,False,False,False,False,False
開廷,khai-tîng,khai-têng,1,False,False,False,False,False,False,False,False,False,False
開廷,khui-tîng,khui-têng,1,False,False,False,False,False,False,False,False,False,False
開張,khai-tiang,khai-tiang,1,False,False,False,False,False,False,False,False,False,False
開操,khui-tsho,khui-chho,1,False,False,False,False,False,False,False,False,False,False
閑,ûinn,ûiⁿ,1,False,False,False,False,False,False,False,False,False,False
閗,tiò,tiò,1,False,False,False,False,False,False,False,False,False,False
閗,tòo,tò͘,1,False,False,False,False,False,False,False,False,False,False
閘止,tsa̍h-chí,cha̍h-chí,1,False,False,False,False,False,False,False,False,False,False
長執,tióng-tsip,tióng-chip,1,False,False,False,False,False,False,False,False,False,False
鑛物,khòng-bu̍t,khòng-bu̍t,1,False,False,False,False,False,False,False,False,False,False
鉄鎚,thih-thûi,thih-thûi,1,False,False,False,False,False,False,False,False,False,False
鑚地,chǹg-tē,chǹg-tē,1,False,False,False,False,False,False,False,False,False,False
鉢仔,puah-á,poah-á,1,False,False,False,False,False,False,False,False,False,False
銀座,gîn-tsō,gîn-chō,1,False,False,False,False,False,False,False,False,False,False
銀座通,gîn-tsō-thong,gîn-chō-thong,1,False,False,False,False,False,False,False,False,False,False
銀座通,gûn-tsō-thong,gûn-chō-thong,1,False,False,False,False,False,False,False,False,False,False
銅鑼灣,tâng-lô-uân,tâng-lô-oân,1,False,False,False,False,False,False,False,False,False,False
鋸鑢,kù-luē,kù-lōe,1,False,False,False,False,False,False,False,False,False,False
鋼鉄,kǹg-thih,kǹg-thih,1,False,False,False,False,False,False,False,False,False,False
錐,chûi,chûi,1,False,False,False,False,False,False,False,False,False,False
錘,thûi,thûi,1,False,False,False,False,False,False,False,False,False,False
錦錦,gìm-gìm,gìm-gìm,1,False,False,False,False,False,False,False,False,False,False
錫怕,siak-phānn,siak-phāⁿ,1,False,False,False,False,False,False,False,False,False,False
錯乱,tshò-luān,chhò-loān,1,False,False,False,False,False,False,False,False,False,False
鎚,thûi,thûi,1,False,False,False,False,False,False,False,False,False,False
鎚仔,thûi-á,thûi-á,1,False,False,False,False,False,False,False,False,False,False
鎭,tìn,tìn,1,False,False,False,False,False,False,False,False,False,False
鎭江,tìn-kang,tìn-kang,1,False,False,False,False,False,False,False,False,False,False
鎭洞,tīn-tōng,tīn-tōng,1,False,False,False,False,False,False,False,False,False,False
鎮洞,tīn-tōng,tīn-tōng,1,False,False,False,False,False,False,False,False,False,False
鐵杷,thih-pê,thih-pê,1,False,False,False,False,False,False,False,False,False,False
鐵槌,thih-thûi,thih-thûi,1,False,False,False,False,False,False,False,False,False,False
鐵鈀,thih-pê,thih-pê,1,False,False,False,False,False,False,False,False,False,False
鐵鎚,thih-thûi,thih-thûi,1,False,False,False,False,False,False,False,False,False,False
鑚,chǹg,chǹg,1,False,False,False,False,False,False,False,False,False,False
鑚仔,chǹg-á,chǹg-á,1,False,False,False,False,False,False,False,False,False,False
鑚地,chǹg-tuē,chǹg-tōe,1,False,False,False,False,False,False,False,False,False,False
韓語,hân-gú,hân-gú,1,False,False,False,False,False,False,False,False,False,False
韯,tshiam,chhiam,1,False,False,False,False,False,False,False,False,False,False
遺憾,ûi-hām,ûi-hām,1,False,False,False,False,False,False,False,False,False,False
鹽酥鷄,iâm-soo-ke,iâm-so͘-ke,1,False,False,False,False,False,False,False,False,False,False
鷄籠杙,ke-lâng-khi̍t,ke-lâng-khi̍t,1,False,False,False,False,False,False,False,False,False,False
鷄籠杙,kue-lâng-khi̍t,koe-lâng-khi̍t,1,False,False,False,False,False,False,False,False,False,False
鷄籠河,ke-lâng-hô,ke-lâng-hô,1,False,False,False,False,False,False,False,False,False,False
鷄籠河,kue-lâng-hô,koe-lâng-hô,1,False,False,False,False,False,False,False,False,False,False
鷄糸,kue-si,koe-si,1,False,False,False,False,False,False,False,False,False,False
鷄絲,kue-si,koe-si,1,False,False,False,False,False,False,False,False,False,False
鷄賴仔,kue-luā-á,koe-lōa-á,1,False,False,False,False,False,False,False,False,False,False
鹻,kinn,kiⁿ,1,False,False,False,False,False,False,False,False,False,False
鹽光餅,kiâm-kong-piánn,kiâm-kong-piáⁿ,1,False,False,False,False,False,False,False,False,False,False
鹽草,kiâm-tsháu,kiâm-chháu,1,False,False,False,False,False,False,False,False,False,False
鹽酥雞,iâm-soo-ke,iâm-so͘-ke,1,False,False,False,False,False,False,False,False,False,False
鹽酥雞,iâm-soo-kue,iâm-so͘-koe,1,False,False,False,False,False,False,False,False,False,False
鹽酥鷄,iâm-soo-kue,iâm-so͘-koe,1,False,False,False,False,False,False,False,False,False,False
黃枝仔,n̂g-ki-á,n̂g-ki-á,1,False,False,False,False,False,False,False,False,False,False
鹿補,lo̍k-póo,lo̍k-pó͘,1,False,False,False,False,False,False,False,False,False,False
麗,le̍h,le̍h,1,False,False,False,False,False,False,False,False,False,False
麗麗,le̍h-le̍h,le̍h-le̍h,1,False,False,False,False,False,False,False,False,False,False
麥牙膏,be̍h-gê-ko,be̍h-gê-ko,1,False,False,False,False,False,False,False,False,False,False
麥麱,be̍h-phoo,be̍h-pho͘,1,False,False,False,False,False,False,False,False,False,False
麻六甲,mâ-la̍k-kah,mâ-la̍k-kah,1,False,False,False,False,False,False,False,False,False,False
麻坡,muâ-pho,môa-pho,1,False,False,False,False,False,False,False,False,False,False
麻疪,bâ-pì,bâ-pì,1,False,False,False,False,False,False,False,False,False,False
麻芛,muâ-íⁿ,môa-íⁿ,1,False,False,False,False,False,False,False,False,False,False
麻雀,muâ-tshiak,môa-chhiak,1,False,False,False,False,False,False,False,False,False,False
麽,móo,mó͘,1,False,False,False,False,False,False,False,False,False,False
黃,ûinn,ûiⁿ,1,False,False,False,False,False,False,False,False,False,False
鷄籠,kue-lam,koe-lam,1,False,False,False,False,False,False,False,False,False,False
鷄籠,ke-lang,ke-lang,1,False,False,False,False,False,False,False,False,False,False
鷄籠,ke-lam,ke-lam,1,False,False,False,False,False,False,False,False,False,False
鷄歸仔,kue-kui-á,koe-kui-á,1,False,False,False,False,False,False,False,False,False,False
鱟靴,hāu-hia,hāu-hia,1,False,False,False,False,False,False,False,False,False,False
鱡,tsa̍t,cha̍t,1,False,False,False,False,False,False,False,False,False,False
鱱魚,lē-hî,lē-hî,1,False,False,False,False,False,False,False,False,False,False
鳥居,niáu-ki,niáu-ki,1,False,False,False,False,False,False,False,False,False,False
鳥居,niáu-ku,niáu-ku,1,False,False,False,False,False,False,False,False,False,False
鳥松,tsiáu-tsîng,chiáu-chêng,1,False,False,False,False,False,False,False,False,False,False
鳥鼠仔,niáu-chhí-á,niáu-chhí-á,1,False,False,False,False,False,False,False,False,False,False
鴨卵,ah-nuī,ah-nūi,1,False,False,False,False,False,False,False,False,False,False
鴨米仔,ah-bî-á,ah-bî-á,1,False,False,False,False,False,False,False,False,False,False
鵠,kho̍k,kho̍k,1,False,False,False,False,False,False,False,False,False,False
鵠仔,khok-á,khok-á,1,False,False,False,False,False,False,False,False,False,False
鵠仔,kho̍k-á,kho̍k-á,1,False,False,False,False,False,False,False,False,False,False
鵠仔堆,khok-á-te,khok-á-te,1,False,False,False,False,False,False,False,False,False,False
鵠鵠,khok-khok,khok-khok,1,False,False,False,False,False,False,False,False,False,False
鷄公,ke-kang,ke-kang,1,False,False,False,False,False,False,False,False,False,False
鷄公,kue-kang,koe-kang,1,False,False,False,False,False,False,False,False,False,False
鷄妹仔,ke-nuà-á,ke-nòa-á,1,False,False,False,False,False,False,False,False,False,False
鷄妹仔,kue-luā-á,koe-lōa-á,1,False,False,False,False,False,False,False,False,False,False
鷄捲,ke-kńg,ke-kńg,1,False,False,False,False,False,False,False,False,False,False
鷄柔,ke-jiû,ke-jiû,1,False,False,False,False,False,False,False,False,False,False
鷄核,ke-hu̍t,ke-hu̍t,1,False,False,False,False,False,False,False,False,False,False
鷄核,kue-hu̍t,koe-hu̍t,1,False,False,False,False,False,False,False,False,False,False
鷄榆,ke-jiû,ke-jiû,1,False,False,False,False,False,False,False,False,False,False
鷄榆,kue-jiû,koe-jiû,1,False,False,False,False,False,False,False,False,False,False
鷄歸仔,ke-kui-á,ke-kui-á,1,False,False,False,False,False,False,False,False,False,False
黃古仔,n̂g-kóo-á,n̂g-kó͘-á,1,False,False,False,False,False,False,False,False,False,False
黑海,hik-hái,hek-hái,1,False,False,False,False,False,False,False,False,False,False
韯維,tshiam-î,chhiam-î,1,False,False,False,False,False,False,False,False,False,False
𩵳,hāu,hāu,1,False,False,False,False,False,False,False,False,False,False
𥑠仔,khann-á,khaⁿ-á,1,False,False,False,False,False,False,False,False,False,False
𥝲定,ún-tīng,ún-tēng,1,False,False,False,False,False,False,False,False,False,False
𥝲篤篤,ún-tak-tak,ún-tak-tak,1,False,False,False,False,False,False,False,False,False,False
𥴊壷,kám-ôo,kám-ô͘,1,False,False,False,False,False,False,False,False,False,False
𥴊壷仔,kám-ôo-á,kám-ô͘-á,1,False,False,False,False,False,False,False,False,False,False
𥴊箶,kám-ôo,kám-ô͘,1,False,False,False,False,False,False,False,False,False,False
𥴊箶仔,kám-ôo-á,kám-ô͘-á,1,False,False,False,False,False,False,False,False,False,False
𥻿𥻿,thi-thi,thi-thi,1,False,False,False,False,False,False,False,False,False,False
𧉽仔,tshi̍h-á,chhi̍h-á,1,False,False,False,False,False,False,False,False,False,False
𧒴,thuā,thōa,1,False,False,False,False,False,False,False,False,False,False
𨑨迌迌,tshit-thô-thô,chhit-thô-thô,1,False,False,False,False,False,False,False,False,False,False
𨻶,khiah,khiah,1,False,False,False,False,False,False,False,False,False,False
𩼣仔魚,kué-á-hî,kóe-á-hî,1,False,False,False,False,False,False,False,False,False,False
黒海,hik-hái,hek-hái,1,False,False,False,False,False,False,False,False,False,False
𩼣仔魚,ké-á-hî,ké-á-hî,1,False,False,False,False,False,False,False,False,False,False
𩼣魚,kè-hî,kè-hî,1,False,False,False,False,False,False,False,False,False,False
𪭼,lì,lì,1,False,False,False,False,False,False,False,False,False,False
𫔘千,tú-tshian,tú-chhian,1,False,False,False,False,False,False,False,False,False,False
𫔘着仔,tú-tio̍h-á,tú-tio̍h-á,1,False,False,False,False,False,False,False,False,False,False
𫙮魚,kia̍t-hî,kia̍t-hî,1,False,False,False,False,False,False,False,False,False,False
𫙮魚坑,kia̍t-hî-khinn,kia̍t-hî-khiⁿ,1,False,False,False,False,False,False,False,False,False,False
𬊳,kinn,kiⁿ,1,False,False,False,False,False,False,False,False,False,False
𭏊,tî,tî,1,False,False,False,False,False,False,False,False,False,False
𭐏,pà,pà,1,False,False,False,False,False,False,False,False,False,False
𰛄,phîn,phîn,1,False,False,False,False,False,False,False,False,False,False
楊桃龜,iûⁿ-thô-ku,iûⁿ-thô-ku,1,False,False,False,False,False,False,False,False,False,False
𥑠,khann,khaⁿ,1,False,False,False,False,False,False,False,False,False,False
𣮛塵,tshíng-thûn,chhéng-thûn,1,False,False,False,False,False,False,False,False,False,False
𣮛㶺,tshíng-thûn,chhéng-thûn,1,False,False,False,False,False,False,False,False,False,False
𣛮籃仔,siānn-nâ-á,siāⁿ-nâ-á,1,False,False,False,False,False,False,False,False,False,False
點株,tiám-tuh,tiám-tuh,1,False,False,False,False,False,False,False,False,False,False
點椊,tiám-tuh,tiám-tuh,1,False,False,False,False,False,False,False,False,False,False
黨案,tóng-àn,tóng-àn,1,False,False,False,False,False,False,False,False,False,False
齊全,tsuê-tsuân,chôe-choân,1,False,False,False,False,False,False,False,False,False,False
齊全,tsê-chûinn,chê-chûiⁿ,1,False,False,False,False,False,False,False,False,False,False
齊全,tsê-tsn̂g,chê-chn̂g,1,False,False,False,False,False,False,False,False,False,False
齊藤,tsê-tîn,chê-tîn,1,False,False,False,False,False,False,False,False,False,False
齋藤,tsai-tîn,chai-tîn,1,False,False,False,False,False,False,False,False,False,False
齒敏仔,khí-bín-á,khí-bín-á,1,False,False,False,False,False,False,False,False,False,False
龍井,lîng-chíⁿ,lêng-chíⁿ,1,False,False,False,False,False,False,False,False,False,False
龍岩,lîng-nâ,lêng-nâ,1,False,False,False,False,False,False,False,False,False,False
龜仔甪,ku-á-lut,ku-á-lut,1,False,False,False,False,False,False,False,False,False,False
龜里,ku-lí,ku-lí,1,False,False,False,False,False,False,False,False,False,False
𠁆亀,khiau-ku,khiau-ku,1,False,False,False,False,False,False,False,False,False,False
𠁆欹,khiau-khi,khiau-khi,1,False,False,False,False,False,False,False,False,False,False
𠁆欺,khiau-khi,khiau-khi,1,False,False,False,False,False,False,False,False,False,False
𠁆龜,khiau-ku,khiau-ku,1,False,False,False,False,False,False,False,False,False,False
𠁣𠃛,inn-uainn,iⁿ-oaiⁿ,1,False,False,False,False,False,False,False,False,False,False
𠁣𠃛,i̍hⁿ-oa̍ihⁿ,i̍hⁿ-oa̍ihⁿ,1,False,False,False,False,False,False,False,False,False,False
𠡍,kīng,kēng,1,False,False,False,False,False,False,False,False,False,False
𠳝,hŏ͘ⁿ,hŏ͘ⁿ,1,False,False,False,False,False,False,False,False,False,False
𢙨死,tshūn-sí,chhūn-sí,1,False,False,False,False,False,False,False,False,False,False
𢙨辦,tshūn-pān,chhūn-pān,1,False,False,False,False,False,False,False,False,False,False
𢭗𢭗,lòng-lòng,lòng-lòng,1,False,False,False,False,False,False,False,False,False,False
𣅄,thit,thit,1,False,False,False,False,False,False,False,False,False,False
鰨沙,thuah-se,thoah-se,1,False,False,False,False,False,False,False,False,False,False
鰡,liū,liū,1,False,False,False,False,False,False,False,False,False,False
鯤鯓,khun-sin,khun-sin,1,False,False,False,False,False,False,False,False,False,False
飯厛,pn̄g-thiann,pn̄g-thiaⁿ,1,False,False,False,False,False,False,False,False,False,False
颺颺飛,iānn-iānn-pe,iāⁿ-iāⁿ-pe,1,False,False,False,False,False,False,False,False,False,False
飛机,hui-ki,hui-ki,1,False,False,False,False,False,False,False,False,False,False
飛行机,hue-lîng-ki,hoe-lêng-ki,1,False,False,False,False,False,False,False,False,False,False
飛行机,pue-lîng-ki,poe-lêng-ki,1,False,False,False,False,False,False,False,False,False,False
食操,tsia̍h-tsho,chia̍h-chho,1,False,False,False,False,False,False,False,False,False,False
食水嵙,tsia̍h-tsuí-kho,chia̍h-chúi-kho,1,False,False,False,False,False,False,False,False,False,False
食水窠,tsia̍h-tsuí-kho,chia̍h-chúi-kho,1,False,False,False,False,False,False,False,False,False,False
食飯厛,tsia̍h-pn̄g-thiann,chia̍h-pn̄g-thiaⁿ,1,False,False,False,False,False,False,False,False,False,False
食飯𠫊,tsia̍h-pn̄g-thiann,chia̍h-pn̄g-thiaⁿ,1,False,False,False,False,False,False,False,False,False,False
飧,tshan,chhan,1,False,False,False,False,False,False,False,False,False,False
飫飢,iau-ki,iau-ki,1,False,False,False,False,False,False,False,False,False,False
飯丕,pn̄g-phí,pn̄g-phí,1,False,False,False,False,False,False,False,False,False,False
飯𠫊,pn̄g-thiann,pn̄g-thiaⁿ,1,False,False,False,False,False,False,False,False,False,False
鯤身,khun-sin,khun-sin,1,False,False,False,False,False,False,False,False,False,False
飯𥑠,pn̄g-khann,pn̄g-khaⁿ,1,False,False,False,False,False,False,False,False,False,False
養,ió,ió,1,False,False,False,False,False,False,False,False,False,False
香員,hiunn-înn,hiuⁿ-îⁿ,1,False,False,False,False,False,False,False,False,False,False
香雪文,phang-suat-bûn,phang-soat-bûn,1,False,False,False,False,False,False,False,False,False,False
馬來,má-lâi,má-lâi,1,False,False,False,False,False,False,False,False,False,False
馬來亜,má-lâi-a,má-lâi-a,1,False,False,False,False,False,False,False,False,False,False
馬來亞,má-lâi-a,má-lâi-a,1,False,False,False,False,False,False,False,False,False,False
馬來西亜,má-lâi-se-a,má-lâi-se-a,1,False,False,False,False,False,False,False,False,False,False
馬六甲,má-la̍k-kah,má-la̍k-kah,1,False,False,False,False,False,False,False,False,False,False
馬尼拉,ma-ni-lah,ma-ni-lah,1,False,False,False,False,False,False,False,False,False,False
馬尼拉,ma-ní-lah,ma-ní-lah,1,False,False,False,False,False,False,False,False,False,False
馬糍,bé-tsî,bé-chî,1,False,False,False,False,False,False,False,False,False,False
顯灵,hián-lîng,hián-lêng,1,False,False,False,False,False,False,False,False,False,False
類形,luī-hîng,lūi-hêng,1,False,False,False,False,False,False,False,False,False,False
顔色,gân-sik,gân-sek,1,False,False,False,False,False,False,False,False,False,False
顔智,gân-tì,gân-tì,1,False,False,False,False,False,False,False,False,False,False
韯維,tshiam-ûi,chhiam-ûi,1,False,False,False,False,False,False,False,False,False,False
韱,tshiam,chhiam,1,False,False,False,False,False,False,False,False,False,False
韱維,tshiam-î,chhiam-î,1,False,False,False,False,False,False,False,False,False,False
韱維,tshiam-ûi,chhiam-ûi,1,False,False,False,False,False,False,False,False,False,False
音理,im-lí,im-lí,1,False,False,False,False,False,False,False,False,False,False
頂山,tíng-suann,téng-soaⁿ,1,False,False,False,False,False,False,False,False,False,False
頂眞,tíng-tsin,téng-chin,1,False,False,False,False,False,False,False,False,False,False
順口,sūn-tshuì,sūn-chhùi,1,False,False,False,False,False,False,False,False,False,False
須求,su-kiû,su-kiû,1,False,False,False,False,False,False,False,False,False,False
預算,ī-sǹg,ī-sǹg,1,False,False,False,False,False,False,False,False,False,False
預算,ū-sǹg,ū-sǹg,1,False,False,False,False,False,False,False,False,False,False
預約,ī-iak,ī-iak,1,False,False,False,False,False,False,False,False,False,False
預表,ī-piáu,ī-piáu,1,False,False,False,False,False,False,False,False,False,False
預表,ū-piáu,ū-piáu,1,False,False,False,False,False,False,False,False,False,False
頒奬,pan-tsióng,pan-chióng,1,False,False,False,False,False,False,False,False,False,False
領𤆬,niá-tshuā,niá-chhōa,1,False,False,False,False,False,False,False,False,False,False
頚,kīng,kēng,1,False,False,False,False,False,False,False,False,False,False
頭圍,thâu-ûi,thâu-ûi,1,False,False,False,False,False,False,False,False,False,False
頭存,thâu-tsūn,thâu-chūn,1,False,False,False,False,False,False,False,False,False,False
頭拵,thâu-tsūn,thâu-chūn,1,False,False,False,False,False,False,False,False,False,False
頭揷,thâu-tshah,thâu-chhah,1,False,False,False,False,False,False,False,False,False,False
頭風,thâu-hong,thâu-hong,1,False,False,False,False,False,False,False,False,False,False
頭鵠,thâu-khok,thâu-khok,1,False,False,False,False,False,False,False,False,False,False
頭麱,thâu-phoo,thâu-pho͘,1,False,False,False,False,False,False,False,False,False,False
頸,kīng,kēng,1,False,False,False,False,False,False,False,False,False,False
馬西,má-se,má-se,1,False,False,False,False,False,False,False,False,False,False
馬鈴薯,bé-lîng-chû,bé-lêng-chû,1,False,False,False,False,False,False,False,False,False,False
馬鈴薯,má-lîng-chû,má-lêng-chû,1,False,False,False,False,False,False,False,False,False,False
高雄,ko-iông,ko-iông,1,False,False,False,False,False,False,False,False,False,False
鬪,tiò,tiò,1,False,False,False,False,False,False,False,False,False,False
鬬,tiò,tiò,1,False,False,False,False,False,False,False,False,False,False
魁,khuê,khôe,1,False,False,False,False,False,False,False,False,False,False
魁手,khuê-tshiú,khôe-chhiú,1,False,False,False,False,False,False,False,False,False,False
魚厨仔,hî-tû-á,hî-tû-á,1,False,False,False,False,False,False,False,False,False,False
魚廚仔,hî-tû-á,hî-tû-á,1,False,False,False,False,False,False,False,False,False,False
魚民,hî-bîn,hî-bîn,1,False,False,False,False,False,False,False,False,False,False
魚肚,hî-tóo,hî-tó͘,1,False,False,False,False,False,False,False,False,False,False
魚肚漿,hî-tóo-tsiunn,hî-tó͘-chiuⁿ,1,False,False,False,False,False,False,False,False,False,False
魚船,hî-chûn,hî-chûn,1,False,False,False,False,False,False,False,False,False,False
魚船仔,hî-chûn-á,hî-chûn-á,1,False,False,False,False,False,False,False,False,False,False
魚補,hî-póo,hî-pó͘,1,False,False,False,False,False,False,False,False,False,False
魚賞,hî-siúnn,hî-siúⁿ,1,False,False,False,False,False,False,False,False,False,False
魚領,hî-niā,hî-niā,1,False,False,False,False,False,False,False,False,False,False
魚鱗,hî-lan,hî-lan,1,False,False,False,False,False,False,False,False,False,False
魩仔魚糜,but-á-hî-bê,but-á-hî-bê,1,False,False,False,False,False,False,False,False,False,False
魩仔魚糜,but-á-hî-muâi,but-á-hî-moâi,1,False,False,False,False,False,False,False,False,False,False
魩仔魚糜,but-á-hî-muê,but-á-hî-môe,1,False,False,False,False,False,False,False,False,False,False
魯古,lóo-kóo,ló͘-kó͘,1,False,False,False,False,False,False,False,False,False,False
魯味,lóo-bī,ló͘-bī,1,False,False,False,False,False,False,False,False,False,False
魯肉,lóo-bah,ló͘-bah,1,False,False,False,False,False,False,False,False,False,False
魲,lôo,lô͘,1,False,False,False,False,False,False,False,False,False,False
魲魚,lôo-hî,lô͘-hî,1,False,False,False,False,False,False,False,False,False,False
鮢𩼣魚,tsu-kuè-hî,chu-kòe-hî,1,False,False,False,False,False,False,False,False,False,False
鯁仔魚,kénn-á-hî,kéⁿ-á-hî,1,False,False,False,False,False,False,False,False,False,False
鬧采采,nāu-tshai-tshai,nāu-chhai-chhai,1,False,False,False,False,False,False,False,False,False,False
高綿,ko-biân,ko-biân,1,False,False,False,False,False,False,False,False,False,False
馬鞍山嶼,bé-uann-suann-sū,bé-oaⁿ-soaⁿ-sū,1,False,False,False,False,False,False,False,False,False,False
高端,ko-tuan,ko-toan,1,False,False,False,False,False,False,False,False,False,False
馿,lû,lû,1,False,False,False,False,False,False,False,False,False,False
馿仔,lî-á,lî-á,1,False,False,False,False,False,False,False,False,False,False
馿仔,lû-á,lû-á,1,False,False,False,False,False,False,False,False,False,False
駐,tsī,chī,1,False,False,False,False,False,False,False,False,False,False
騾,lôo,lô͘,1,False,False,False,False,False,False,False,False,False,False
驕傲,kiau-gō,kiau-gō,1,False,False,False,False,False,False,False,False,False,False
驗,giám,giám,1,False,False,False,False,False,False,False,False,False,False
驗硬,giám-ngē,giám-ngē,1,False,False,False,False,False,False,False,False,False,False
驚蟄,king-ti̍k,keng-te̍k,1,False,False,False,False,False,False,False,False,False,False
髅,lôo,lô͘,1,False,False,False,False,False,False,False,False,False,False
體操,thé-tsho,thé-chho,1,False,False,False,False,False,False,False,False,False,False
體現,thé-hiān,thé-hiān,1,False,False,False,False,False,False,False,False,False,False
體體,theh-theh,theh-theh,1,False,False,False,False,False,False,False,False,False,False
高,kûinn,kûiⁿ,1,False,False,False,False,False,False,False,False,False,False
高一,ko-it,ko-it,1,False,False,False,False,False,False,False,False,False,False
高三,ko-sann,ko-saⁿ,1,False,False,False,False,False,False,False,False,False,False
高下,kuâinn-kē,koâiⁿ-kē,1,False,False,False,False,False,False,False,False,False,False
高二,ko-jī,ko-jī,1,False,False,False,False,False,False,False,False,False,False
高屏溪,ko-pîn-khue,ko-pîn-khoe,1,False,False,False,False,False,False,False,False,False,False
高度,kuâinn-tōo,koâiⁿ-tō͘,1,False,False,False,False,False,False,False,False,False,False
高搭,kuân-tah,koân-tah,1,False,False,False,False,False,False,False,False,False,False
高木,ko-bo̍k,ko-bo̍k,1,False,False,False,False,False,False,False,False,False,False
高梁,ko-liâng,ko-liâng,1,False,False,False,False,False,False,False,False,False,False
高橋,ko-kiâu,ko-kiâu,1,False,False,False,False,False,False,False,False,False,False
高田,ko-tiân,ko-tiân,1,False,False,False,False,False,False,False,False,False,False
遺産,ûi-sán,ûi-sán,1,False,False,False,False,False,False,False,False,False,False
遺傳,ûi-thuân,ûi-thoân,1,False,False,False,False,False,False,False,False,False,False
脚山,kha-suann,kha-soaⁿ,1,False,False,False,False,False,False,False,False,False,False
蔭尸,ìm-si,ìm-si,1,False,False,False,False,False,False,False,False,False,False
葯劑師,io̍h-tse-su,io̍h-che-su,1,False,False,False,False,False,False,False,False,False,False
葯員,io̍h-înn,io̍h-îⁿ,1,False,False,False,False,False,False,False,False,False,False
葯單,io̍h-tuann,io̍h-toaⁿ,1,False,False,False,False,False,False,False,False,False,False
葯圓,io̍h-înn,io̍h-îⁿ,1,False,False,False,False,False,False,False,False,False,False
葯舖,io̍h-phòo,io̍h-phò͘,1,False,False,False,False,False,False,False,False,False,False
葵扇,khê-sìnn,khê-sìⁿ,1,False,False,False,False,False,False,False,False,False,False
蓄田,hak-tshân,hak-chhân,1,False,False,False,False,False,False,False,False,False,False
蓋,khop,khop,1,False,False,False,False,False,False,False,False,False,False
蓮只,liân-chí,liân-chí,1,False,False,False,False,False,False,False,False,False,False
蓮子,liân-chí,liân-chí,1,False,False,False,False,False,False,False,False,False,False
蔗廍,tsià-phōo,chià-phō͘,1,False,False,False,False,False,False,False,False,False,False
蔡尿,tshuā-jiō,chhōa-jiō,1,False,False,False,False,False,False,False,False,False,False
蕎,kiō,kiō,1,False,False,False,False,False,False,False,False,False,False
蘇格蘭,soo-kik-lân,so͘-kek-lân,1,False,False,False,False,False,False,False,False,False,False
蕭壠,siau-lâng,siau-lâng,1,False,False,False,False,False,False,False,False,False,False
薄荷,po̍k-hò,po̍k-hò,1,False,False,False,False,False,False,False,False,False,False
薛那,sih-nà,sih-nà,1,False,False,False,False,False,False,False,False,False,False
薯榔,chû-nn̂g,chû-nn̂g,1,False,False,False,False,False,False,False,False,False,False
藉口,tsià-khió,chià-khió,1,False,False,False,False,False,False,False,False,False,False
藉口,tsià-khóo,chià-khó͘,1,False,False,False,False,False,False,False,False,False,False
藝界,gē-kài,gē-kài,1,False,False,False,False,False,False,False,False,False,False
藤井,tîn-tsénn,tîn-chéⁿ,1,False,False,False,False,False,False,False,False,False,False
藤原,tîn-guân,tîn-goân,1,False,False,False,False,False,False,False,False,False,False
藤田,tîn-tiân,tîn-tiân,1,False,False,False,False,False,False,False,False,False,False
藥員,io̍h-înn,io̍h-îⁿ,1,False,False,False,False,False,False,False,False,False,False
蘇國,soo-kok,so͘-kok,1,False,False,False,False,False,False,False,False,False,False
葫芦,hôo-lôo,hô͘-lô͘,1,False,False,False,False,False,False,False,False,False,False
董兮,táng-ê,táng-ê,1,False,False,False,False,False,False,False,False,False,False
董个,táng-ê,táng-ê,1,False,False,False,False,False,False,False,False,False,False
葡萄牙,phô-tô-gâ,phô-tô-gâ,1,False,False,False,False,False,False,False,False,False,False
菜廚仔,tshài-tû-á,chhài-tû-á,1,False,False,False,False,False,False,False,False,False,False
菜疎,tshài-se,chhài-se,1,False,False,False,False,False,False,False,False,False,False
菜疎,tshài-sue,chhài-soe,1,False,False,False,False,False,False,False,False,False,False
菜疏,tshài-se,chhài-se,1,False,False,False,False,False,False,False,False,False,False
菜疏,tshài-sue,chhài-soe,1,False,False,False,False,False,False,False,False,False,False
菜踈,tshài-se,chhài-se,1,False,False,False,False,False,False,False,False,False,False
菜踈,tshài-sue,chhài-soe,1,False,False,False,False,False,False,False,False,False,False
華氏,hua-sī,hoa-sī,1,False,False,False,False,False,False,False,False,False,False
華語,hua-gí,hoa-gí,1,False,False,False,False,False,False,False,False,False,False
華語,hua-gú,hoa-gú,1,False,False,False,False,False,False,False,False,False,False
萊園,lâi-uân,lâi-oân,1,False,False,False,False,False,False,False,False,False,False
萬曆,bān-li̍k,bān-le̍k,1,False,False,False,False,False,False,False,False,False,False
萬榮華,bān-îng-huâ,bān-êng-hôa,1,False,False,False,False,False,False,False,False,False,False
落來,loăi,loăi,1,False,False,False,False,False,False,False,False,False,False
落來,lo̍h-âi,lo̍h-âi,1,False,False,False,False,False,False,False,False,False,False
落來,luaih,loaih,1,False,False,False,False,False,False,False,False,False,False
落來,luài,loài,1,False,False,False,False,False,False,False,False,False,False
落來,luāi,loāi,1,False,False,False,False,False,False,False,False,False,False
落去,lŏe,lŏe,1,False,False,False,False,False,False,False,False,False,False
落紅雨,lo̍h-âng-hōo,lo̍h-âng-hō͘,1,False,False,False,False,False,False,False,False,False,False
落雖,lak-sui,lak-sui,1,False,False,False,False,False,False,False,False,False,False
葉,iap,iap,1,False,False,False,False,False,False,False,False,False,False
葉仔,iap-á,iap-á,1,False,False,False,False,False,False,False,False,False,False
葡萄,phû-thô,phû-thô,1,False,False,False,False,False,False,False,False,False,False
葡萄,pôo-tô,pô͘-tô,1,False,False,False,False,False,False,False,False,False,False
蘇島,soo-tó,so͘-tó,1,False,False,False,False,False,False,False,False,False,False
虎尾,hóo-bé,hó͘-bé,1,False,False,False,False,False,False,False,False,False,False
西比利亜,se-pí-lī-a,se-pí-lī-a,1,False,False,False,False,False,False,False,False,False,False
袂少,buē-tsió,bōe-chió,1,False,False,False,False,False,False,False,False,False,False
血捒,hiat-sak,hiat-sak,1,False,False,False,False,False,False,False,False,False,False
行參,kiânn-sam,kiâⁿ-sam,1,False,False,False,False,False,False,False,False,False,False
行參,kiânn-som,kiâⁿ-som,1,False,False,False,False,False,False,False,False,False,False
行踪,hîng-tsong,hêng-chong,1,False,False,False,False,False,False,False,False,False,False
衛武營,uī-bú-iânn,ūi-bú-iâⁿ,1,False,False,False,False,False,False,False,False,False,False
表姉妹,piáu-chí-bē,piáu-chí-bē,1,False,False,False,False,False,False,False,False,False,False
表子,piáu-kiánn,piáu-kiáⁿ,1,False,False,False,False,False,False,False,False,False,False
表弟,piáu-tī,piáu-tī,1,False,False,False,False,False,False,False,False,False,False
衫厨仔,sann-tû-á,saⁿ-tû-á,1,False,False,False,False,False,False,False,False,False,False
衫廚仔,sann-tû-á,saⁿ-tû-á,1,False,False,False,False,False,False,False,False,False,False
衰,sui,sui,1,False,False,False,False,False,False,False,False,False,False
衰弱,sue-jia̍k,soe-jia̍k,1,False,False,False,False,False,False,False,False,False,False
裂司司,li̍h-sai-sai,li̍h-sai-sai,1,False,False,False,False,False,False,False,False,False,False
虎梅仔,hóo-m̂-á,hó͘-m̂-á,1,False,False,False,False,False,False,False,False,False,False
裡,nn̍gh,nn̍gh,1,False,False,False,False,False,False,False,False,False,False
裼裼,theh-theh,theh-theh,1,False,False,False,False,False,False,False,False,False,False
褒奬,po-tsiáng,po-chiáng,1,False,False,False,False,False,False,False,False,False,False
褒奬,po-tsióng,po-chióng,1,False,False,False,False,False,False,False,False,False,False
褒奬,poo-tsióng,po͘-chióng,1,False,False,False,False,False,False,False,False,False,False
褥仔,jio̍k-á,jio̍k-á,1,False,False,False,False,False,False,False,False,False,False
西仔灣,se-á-uan,se-á-oan,1,False,False,False,False,False,False,False,False,False,False
西仔灣,se-á-uân,se-á-oân,1,False,False,False,False,False,False,False,False,False,False
西北平,sai-pak-pîng,sai-pak-pêng,1,False,False,False,False,False,False,False,False,False,False
西南平,sai-lâm-pîng,sai-lâm-pêng,1,False,False,False,False,False,False,False,False,False,False
西嶼,sai-sū,sai-sū,1,False,False,False,False,False,False,False,False,False,False
西村,se-tshuan,se-chhoan,1,False,False,False,False,False,False,False,False,False,False
血丢,hiat-tiu,hiat-tiu,1,False,False,False,False,False,False,False,False,False,False
蠩,sû,sû,1,False,False,False,False,False,False,False,False,False,False
蠕,ngia̍uh,ngia̍uh,1,False,False,False,False,False,False,False,False,False,False
蟳廣澳,tsîm-kóng-ò,chîm-kóng-ò,1,False,False,False,False,False,False,False,False,False,False
虛レレ,hi-le̍h-le̍h,hi-le̍h-le̍h,1,False,False,False,False,False,False,False,False,False,False
虛花,hu-hua,hu-hoa,1,False,False,False,False,False,False,False,False,False,False
虛麗麗,hi-le̍h-le̍h,hi-le̍h-le̍h,1,False,False,False,False,False,False,False,False,False,False
虫拖,thâng-thuā,thâng-thōa,1,False,False,False,False,False,False,False,False,False,False
虫𧒴,thâng-thuā,thâng-thōa,1,False,False,False,False,False,False,False,False,False,False
虱母,sat-bú,sat-bú,1,False,False,False,False,False,False,False,False,False,False
虱目仔,sat-ba̍k-á,sat-ba̍k-á,1,False,False,False,False,False,False,False,False,False,False
虽,sui,sui,1,False,False,False,False,False,False,False,False,False,False
蚋,lā,lā,1,False,False,False,False,False,False,False,False,False,False
蚵仔寮,ô-á-liâu,ô-á-liâu,1,False,False,False,False,False,False,False,False,False,False
蛀亀,tsiù-ku,chiù-ku,1,False,False,False,False,False,False,False,False,False,False
蜂牙絲蘭,phang-ga-si-lan,phang-ga-si-lan,1,False,False,False,False,False,False,False,False,False,False
蜘蛛糸,ti-tu-si,ti-tu-si,1,False,False,False,False,False,False,False,False,False,False
蝦弄,hê-lāng,hê-lāng,1,False,False,False,False,False,False,False,False,False,False
融合,hiông-ha̍p,hiông-ha̍p,1,False,False,False,False,False,False,False,False,False,False
螺,jê,jê,1,False,False,False,False,False,False,False,False,False,False
蟋,sit,sit,1,False,False,False,False,False,False,False,False,False,False
蟑螆,tsiunn-chû,chiuⁿ-chû,1,False,False,False,False,False,False,False,False,False,False
蟯刀,gio-tooh,gio-to͘h,1,False,False,False,False,False,False,False,False,False,False
蟯刀,gió-tooh,gió-to͘h,1,False,False,False,False,False,False,False,False,False,False
蟯刀,jio-tooh,jio-to͘h,1,False,False,False,False,False,False,False,False,False,False
蟯刀,jió-tooh,jió-to͘h,1,False,False,False,False,False,False,False,False,False,False
蟯杯,giô-pue,giô-poe,1,False,False,False,False,False,False,False,False,False,False
蟳廣,tsîm-kóng,chîm-kóng,1,False,False,False,False,False,False,False,False,False,False
蟳廣嘴,tsîm-kóng-tshuì,chîm-kóng-chhùi,1,False,False,False,False,False,False,False,False,False,False
菜子,tshài-chí,chhài-chí,1,False,False,False,False,False,False,False,False,False,False
菜只,tshài-chí,chhài-chí,1,False,False,False,False,False,False,False,False,False,False
菜厨仔,tshài-tû-á,chhài-tû-á,1,False,False,False,False,False,False,False,False,False,False
船椗,chûn-tiànn,chûn-tiàⁿ,1,False,False,False,False,False,False,False,False,False,False
自按呢,tsū-án-ni,chū-án-ni,1,False,False,False,False,False,False,False,False,False,False
臭献,tshàu-hiàn,chhàu-hiàn,1,False,False,False,False,False,False,False,False,False,False
至那,ká-ná,ká-ná,1,False,False,False,False,False,False,False,False,False,False
至那,kánn-ná,káⁿ-ná,1,False,False,False,False,False,False,False,False,False,False
致䕃,tì-ìm,tì-ìm,1,False,False,False,False,False,False,False,False,False,False
致卜,tit-beh,tit-beh,1,False,False,False,False,False,False,False,False,False,False
致惹,tì-jiá,tì-jiá,1,False,False,False,False,False,False,False,False,False,False
興化,hin-huà,hin-hòa,1,False,False,False,False,False,False,False,False,False,False
興旺,hin-ōng,hin-ōng,1,False,False,False,False,False,False,False,False,False,False
舊歌,kū-kua,kū-koa,1,False,False,False,False,False,False,False,False,False,False
舒,sṳ,sṳ,1,False,False,False,False,False,False,False,False,False,False
船仔,chûn-á,chûn-á,1,False,False,False,False,False,False,False,False,False,False
船槳,chûn-tsiúnn,chûn-chiúⁿ,1,False,False,False,False,False,False,False,False,False,False
菜䟽,tshài-sue,chhài-soe,1,False,False,False,False,False,False,False,False,False,False
船肚,chûn-tóo,chûn-tó͘,1,False,False,False,False,False,False,False,False,False,False
船錠,chûn-tiànn,chûn-tiàⁿ,1,False,False,False,False,False,False,False,False,False,False
艮卦,kìn-kuà,kìn-kòa,1,False,False,False,False,False,False,False,False,False,False
艮卦,kṳ̀n-kuà,kṳ̀n-kòa,1,False,False,False,False,False,False,False,False,False,False
艾粿,hiānn-kué,hiāⁿ-kóe,1,False,False,False,False,False,False,False,False,False,False
芉芒,kuann-bang,koaⁿ-bang,1,False,False,False,False,False,False,False,False,False,False
芉蓁,kuann-tsin,koaⁿ-chin,1,False,False,False,False,False,False,False,False,False,False
芋,ī,ī,1,False,False,False,False,False,False,False,False,False,False
芒仔芒,bong-á-bong,bong-á-bong,1,False,False,False,False,False,False,False,False,False,False
芒種,bông-tsióng,bông-chióng,1,False,False,False,False,False,False,False,False,False,False
芛,íⁿ,íⁿ,1,False,False,False,False,False,False,False,False,False,False
芦薈,lôo-huē,lô͘-hōe,1,False,False,False,False,False,False,False,False,False,False
自强,tsū-kiông,chū-kiông,1,False,False,False,False,False,False,False,False,False,False
自强,tsū-kiâng,chū-kiâng,1,False,False,False,False,False,False,False,False,False,False
自安呢,tsū-án-ni,chū-án-ni,1,False,False,False,False,False,False,False,False,False,False
膝褲,sik-khòo,sek-khò͘,1,False,False,False,False,False,False,False,False,False,False
脚帛,kha-pe̍h,kha-pe̍h,1,False,False,False,False,False,False,False,False,False,False
脚底,kha-tué,kha-tóe,1,False,False,False,False,False,False,False,False,False,False
脚底,kha-té,kha-té,1,False,False,False,False,False,False,False,False,False,False
脚庫,kha-khòo,kha-khò͘,1,False,False,False,False,False,False,False,False,False,False
脚後㬹,kha-āu-tenn,kha-āu-teⁿ,1,False,False,False,False,False,False,False,False,False,False
脚桶,kha-tháng,kha-tháng,1,False,False,False,False,False,False,False,False,False,False
脚模,kha-bôo,kha-bô͘,1,False,False,False,False,False,False,False,False,False,False
脚筋,kha-kin,kha-kin,1,False,False,False,False,False,False,False,False,False,False
脚筋,kha-kun,kha-kun,1,False,False,False,False,False,False,False,False,False,False
脚肚,kha-tóo,kha-tó͘,1,False,False,False,False,False,False,False,False,False,False
脚脊,kha-tsiah,kha-chiah,1,False,False,False,False,False,False,False,False,False,False
脚色,kioh-sik,kioh-sek,1,False,False,False,False,False,False,False,False,False,False
脚蹄,kha-tuê,kha-tôe,1,False,False,False,False,False,False,False,False,False,False
脚蹄,kha-tê,kha-tê,1,False,False,False,False,False,False,False,False,False,False
脚蹄仔,kha-tuê-á,kha-tôe-á,1,False,False,False,False,False,False,False,False,False,False
脚蹄仔,kha-tê-á,kha-tê-á,1,False,False,False,False,False,False,False,False,False,False
脚銅,kha-tâng,kha-tâng,1,False,False,False,False,False,False,False,False,False,False
脚風,kha-hong,kha-hong,1,False,False,False,False,False,False,False,False,False,False
脫沙,thuah-se,thoah-se,1,False,False,False,False,False,False,False,False,False,False
腦幹,náu-kàn,náu-kàn,1,False,False,False,False,False,False,False,False,False,False
腦益血,náu-ik-hiat,náu-ek-hiat,1,False,False,False,False,False,False,False,False,False,False
腹內仔,pak-lāi-á,pak-lāi-á,1,False,False,False,False,False,False,False,False,False,False
腺,tsuânn,chôaⁿ,1,False,False,False,False,False,False,False,False,False,False
膀胱,phōng,phōng,1,False,False,False,False,False,False,False,False,False,False
膝,tship,chhip,1,False,False,False,False,False,False,False,False,False,False
芦薈,lôo-hē,lô͘-hē,1,False,False,False,False,False,False,False,False,False,False
芧,thí,thí,1,False,False,False,False,False,False,False,False,False,False
芬嗽,hun-sàu,hun-sàu,1,False,False,False,False,False,False,False,False,False,False
茅茅,hm̍h-hm̍h,hm̍h-hm̍h,1,False,False,False,False,False,False,False,False,False,False
茶古,tê-kóo,tê-kó͘,1,False,False,False,False,False,False,False,False,False,False
茹葱葱,jî-tsháng-tsháng,jî-chháng-chháng,1,False,False,False,False,False,False,False,False,False,False
荆州,king-tsiu,keng-chiu,1,False,False,False,False,False,False,False,False,False,False
草仔茶,tsháu-á-tê,chháu-á-tê,1,False,False,False,False,False,False,False,False,False,False
草字頭,tshó-jī-thâu,chhó-jī-thâu,1,False,False,False,False,False,False,False,False,False,False
草屯,tsháu-tūn,chháu-tūn,1,False,False,False,False,False,False,False,False,False,False
草抱,tsháu-phō,chháu-phō,1,False,False,False,False,False,False,False,False,False,False
草梅,tsháu-m̂,chháu-m̂,1,False,False,False,False,False,False,False,False,False,False
草螟,tsháu-meh,chháu-meh,1,False,False,False,False,False,False,False,False,False,False
草鞋墩,tsháu-uê-tun,chháu-ôe-tun,1,False,False,False,False,False,False,False,False,False,False
荔鏡記,lē-kìng-kì,lē-kèng-kì,1,False,False,False,False,False,False,False,False,False,False
荖,làu,làu,1,False,False,False,False,False,False,False,False,False,False
荖濃,láu-long,láu-long,1,False,False,False,False,False,False,False,False,False,False
荷,hâu,hâu,1,False,False,False,False,False,False,False,False,False,False
荷,hôo,hô͘,1,False,False,False,False,False,False,False,False,False,False
荷包,hô-pau,hô-pau,1,False,False,False,False,False,False,False,False,False,False
荷包,hôo-pau,hô͘-pau,1,False,False,False,False,False,False,False,False,False,False
莆田,pôo-tshân,pô͘-chhân,1,False,False,False,False,False,False,False,False,False,False
莞荽,iân-suinn,iân-suiⁿ,1,False,False,False,False,False,False,False,False,False,False
莫得,bo̍h-tit,bo̍h-tit,1,False,False,False,False,False,False,False,False,False,False
莽蛇,bóng-tsuâ,bóng-chôa,1,False,False,False,False,False,False,False,False,False,False
菊仔花,kiok-á-hue,kiok-á-hoe,1,False,False,False,False,False,False,False,False,False,False
菊仔花茶,kiok-á-hue-tê,kiok-á-hoe-tê,1,False,False,False,False,False,False,False,False,False,False
菓,kué,kóe,1,False,False,False,False,False,False,False,False,False,False
菜䟽,tshài-se,chhài-se,1,False,False,False,False,False,False,False,False,False,False
茈,chíⁿ,chíⁿ,1,False,False,False,False,False,False,False,False,False,False
茄萣,ka-tiann,ka-tiaⁿ,1,False,False,False,False,False,False,False,False,False,False
芬烟,hun-ian,hun-ian,1,False,False,False,False,False,False,False,False,False,False
茄苳脚,ka-tang-kha,ka-tang-kha,1,False,False,False,False,False,False,False,False,False,False
芬𠻳,hun-sàu,hun-sàu,1,False,False,False,False,False,False,False,False,False,False
花硿,hue-khann,hoe-khaⁿ,1,False,False,False,False,False,False,False,False,False,False
花𥑠,hue-khann,hoe-khaⁿ,1,False,False,False,False,False,False,False,False,False,False
芳雪文,phang-suat-bûn,phang-soat-bûn,1,False,False,False,False,False,False,False,False,False,False
若仔,gŏa,gŏa,1,False,False,False,False,False,False,False,False,False,False
若仔,jŏa,jŏa,1,False,False,False,False,False,False,False,False,False,False
若仔,lŏa,lŏa,1,False,False,False,False,False,False,False,False,False,False
若仔哖,juā-á-ni̍h,jōa-á-ni̍h,1,False,False,False,False,False,False,False,False,False,False
若仔哖,juā-á-nī,jōa-á-nī,1,False,False,False,False,False,False,False,False,False,False
若仔哖,jŏa-ni̍h,jŏa-ni̍h,1,False,False,False,False,False,False,False,False,False,False
若仔哖,jŏa-nī,jŏa-nī,1,False,False,False,False,False,False,False,False,False,False
若仔年,juā-á-ni̍h,jōa-á-ni̍h,1,False,False,False,False,False,False,False,False,False,False
若仔年,juā-á-nī,jōa-á-nī,1,False,False,False,False,False,False,False,False,False,False
若仔年,jŏa-ni̍h,jŏa-ni̍h,1,False,False,False,False,False,False,False,False,False,False
若仔年,jŏa-nī,jŏa-nī,1,False,False,False,False,False,False,False,False,False,False
若甲,nā-kà,nā-kà,1,False,False,False,False,False,False,False,False,False,False
苦令,khóo-līng,khó͘-lēng,1,False,False,False,False,False,False,False,False,False,False
苦切,khóo-tsheh,khó͘-chheh,1,False,False,False,False,False,False,False,False,False,False
苦切,khóo-tshueh,khó͘-chhoeh,1,False,False,False,False,False,False,False,False,False,False
苦澁,khóo-siap,khó͘-siap,1,False,False,False,False,False,False,False,False,False,False
苦苓,khóo-līng,khó͘-lēng,1,False,False,False,False,False,False,False,False,False,False
苦酒,khóo-tsiú,khó͘-chiú,1,False,False,False,False,False,False,False,False,False,False
英ヤ,ing-ia,eng-ia,1,False,False,False,False,False,False,False,False,False,False
英埃,ing-ia,eng-ia,1,False,False,False,False,False,False,False,False,False,False
苹果,phōng,phōng,1,False,False,False,False,False,False,False,False,False,False
西歷,se-li̍k,se-le̍k,1,False,False,False,False,False,False,False,False,False,False
西洋樓,se-iûⁿ-lâu,se-iûⁿ-lâu,1,False,False,False,False,False,False,False,False,False,False
遺,ûi,ûi,1,False,False,False,False,False,False,False,False,False,False
軟脚,nńg-kha,nńg-kha,1,False,False,False,False,False,False,False,False,False,False
蹇仔,kián-á,kián-á,1,False,False,False,False,False,False,False,False,False,False
蹟,jiah,jiah,1,False,False,False,False,False,False,False,False,False,False
蹺亀,khiau-ku,khiau-ku,1,False,False,False,False,False,False,False,False,False,False
蹺欹,khiau-khi,khiau-khi,1,False,False,False,False,False,False,False,False,False,False
蹺欺,khiau-khi,khiau-khi,1,False,False,False,False,False,False,False,False,False,False
蹺龜,khiau-ku,khiau-ku,1,False,False,False,False,False,False,False,False,False,False
身尸,sin-si,sin-si,1,False,False,False,False,False,False,False,False,False,False
躼后日,lò-āu-ji̍t,lò-āu-ji̍t,1,False,False,False,False,False,False,False,False,False,False
躼後日,lò-āu-ji̍t,lò-āu-ji̍t,1,False,False,False,False,False,False,False,False,False,False
躼昨日,lò-tso̍h-ji̍t,lò-cho̍h-ji̍t,1,False,False,False,False,False,False,False,False,False,False
躼錫錫,lò-siak-siak,lò-siak-siak,1,False,False,False,False,False,False,False,False,False,False
車罾,tshia-tsan,chhia-chan,1,False,False,False,False,False,False,False,False,False,False
軽,khing,kheng,1,False,False,False,False,False,False,False,False,False,False
辟巷,phiah-hāng,phiah-hāng,1,False,False,False,False,False,False,False,False,False,False
較,kak,kak,1,False,False,False,False,False,False,False,False,False,False
較車,kah-tshia,kah-chhia,1,False,False,False,False,False,False,False,False,False,False
輕声,khin-siann,khin-siaⁿ,1,False,False,False,False,False,False,False,False,False,False
輕鉄,khing-thih,kheng-thih,1,False,False,False,False,False,False,False,False,False,False
輪回,lûn-huê,lûn-hôe,1,False,False,False,False,False,False,False,False,False,False
輪廻,lûn-huê,lûn-hôe,1,False,False,False,False,False,False,False,False,False,False
轆衰,lak-sue,lak-soe,1,False,False,False,False,False,False,False,False,False,False
轆轆,lak-lak,lak-lak,1,False,False,False,False,False,False,False,False,False,False
轆雖,lak-sui,lak-sui,1,False,False,False,False,False,False,False,False,False,False
轉形,tsuán-hîng,choán-hêng,1,False,False,False,False,False,False,False,False,False,False
轉錢,tsuán-tsînn,choán-chîⁿ,1,False,False,False,False,False,False,False,False,False,False
辛椒仔,hiam-tsio-á,hiam-chio-á,1,False,False,False,False,False,False,False,False,False,False
踪,tsong,chong,1,False,False,False,False,False,False,False,False,False,False
踐踏,thún-ta̍h,thún-ta̍h,1,False,False,False,False,False,False,False,False,False,False
路蕎,lōo-kiō,lō͘-kiō,1,False,False,False,False,False,False,False,False,False,False
路蕎,lōo-giō,lō͘-giō,1,False,False,False,False,False,False,False,False,False,False
超鷄,tshio-kue,chhio-koe,1,False,False,False,False,False,False,False,False,False,False
趇,jik,jek,1,False,False,False,False,False,False,False,False,False,False
趇,lip,lip,1,False,False,False,False,False,False,False,False,False,False
趇,tship,chhip,1,False,False,False,False,False,False,False,False,False,False
趇,tsip,chip,1,False,False,False,False,False,False,False,False,False,False
越南語,ua̍t-lâm-gú,oa̍t-lâm-gú,1,False,False,False,False,False,False,False,False,False,False
越國,ua̍t-kok,oa̍t-kok,1,False,False,False,False,False,False,False,False,False,False
趒戱,tiô-hì,tiô-hì,1,False,False,False,False,False,False,False,False,False,False
趒戲,tiô-hì,tiô-hì,1,False,False,False,False,False,False,False,False,False,False
趘,jik,jek,1,False,False,False,False,False,False,False,False,False,False
趨字,tshu-jī,chhu-jī,1,False,False,False,False,False,False,False,False,False,False
跛脚,pái-kha,pái-kha,1,False,False,False,False,False,False,False,False,False,False
距離,kū-lī,kū-lī,1,False,False,False,False,False,False,False,False,False,False
跟从,kin-tuè,kin-tòe,1,False,False,False,False,False,False,False,False,False,False
跟从,kun-tuè,kun-tòe,1,False,False,False,False,False,False,False,False,False,False
跟从,kun-tè,kun-tè,1,False,False,False,False,False,False,False,False,False,False
跟從,kin-tuè,kin-tòe,1,False,False,False,False,False,False,False,False,False,False
跟從,kun-tuè,kun-tòe,1,False,False,False,False,False,False,False,False,False,False
跟從,kun-tè,kun-tè,1,False,False,False,False,False,False,False,False,False,False
跟掇,kin-tuè,kin-tòe,1,False,False,False,False,False,False,False,False,False,False
跟掇,kun-tuè,kun-tòe,1,False,False,False,False,False,False,False,False,False,False
跟掇,kun-tè,kun-tè,1,False,False,False,False,False,False,False,False,False,False
跟隨,kin-sûi,kin-sûi,1,False,False,False,False,False,False,False,False,False,False
跟隨,kun-sûi,kun-sûi,1,False,False,False,False,False,False,False,False,False,False
路徑,lōo-kènn,lō͘-kèⁿ,1,False,False,False,False,False,False,False,False,False,False
辞書,sû-su,sû-su,1,False,False,False,False,False,False,False,False,False,False
辦公室,pān-kong-sit,pān-kong-sit,1,False,False,False,False,False,False,False,False,False,False
西米羅,se-bi-looh,se-bi-lo͘h,1,False,False,False,False,False,False,False,False,False,False
過后,kè-āu,kè-āu,1,False,False,False,False,False,False,False,False,False,False
連畫,liân-ue̍h,liân-oe̍h,1,False,False,False,False,False,False,False,False,False,False
連畫,liân-ui̍h,liân-u̍ih,1,False,False,False,False,False,False,False,False,False,False
連盟,liân-bîng,liân-bêng,1,False,False,False,False,False,False,False,False,False,False
連軸,liân-ti̍k,liân-te̍k,1,False,False,False,False,False,False,False,False,False,False
連連,liàn-liàn,liàn-liàn,1,False,False,False,False,False,False,False,False,False,False
連邦,liân-pang,liân-pang,1,False,False,False,False,False,False,False,False,False,False
週,tsiù,chiù,1,False,False,False,False,False,False,False,False,False,False
進益,tsìn-ik,chìn-ek,1,False,False,False,False,False,False,False,False,False,False
遅,tî,tî,1,False,False,False,False,False,False,False,False,False,False
遊星,iû-tshenn,iû-chheⁿ,1,False,False,False,False,False,False,False,False,False,False
遊玩,iû-uán,iû-oán,1,False,False,False,False,False,False,False,False,False,False
過后,kuè-āu,kòe-āu,1,False,False,False,False,False,False,False,False,False,False
過程,kò-thîng,kò-thêng,1,False,False,False,False,False,False,False,False,False,False
辨士,piān-sū,piān-sū,1,False,False,False,False,False,False,False,False,False,False
道敎,tō-kàu,tō-kàu,1,False,False,False,False,False,False,False,False,False,False
道歉,tō-khiám,tō-khiám,1,False,False,False,False,False,False,False,False,False,False
道義上,tō-gī-siāng,tō-gī-siāng,1,False,False,False,False,False,False,False,False,False,False
達仔,ta̍t-á,ta̍t-á,1,False,False,False,False,False,False,False,False,False,False
達得,ta̍t-tit,ta̍t-tit,1,False,False,False,False,False,False,False,False,False,False
違,ûi,ûi,1,False,False,False,False,False,False,False,False,False,False
違背,ûi-puē,ûi-pōe,1,False,False,False,False,False,False,False,False,False,False
遠洋,uán-iûⁿ,oán-iûⁿ,1,False,False,False,False,False,False,False,False,False,False
遠藤,uán-tîn,oán-tîn,1,False,False,False,False,False,False,False,False,False,False
遣損,khiàn-sńg,khiàn-sńg,1,False,False,False,False,False,False,False,False,False,False
遣爽,khiàn-sńg,khiàn-sńg,1,False,False,False,False,False,False,False,False,False,False
遥,iâu,iâu,1,False,False,False,False,False,False,False,False,False,False
連想,liân-sióng,liân-sióng,1,False,False,False,False,False,False,False,False,False,False
連想,liân-siáng,liân-siáng,1,False,False,False,False,False,False,False,False,False,False
連寶,lián-pó,lián-pó,1,False,False,False,False,False,False,False,False,False,False
連劃,liân-ui̍h,liân-u̍ih,1,False,False,False,False,False,False,False,False,False,False
辨護,piān-hōo,piān-hō͘,1,False,False,False,False,False,False,False,False,False,False
農歷,lông-li̍k,lông-le̍k,1,False,False,False,False,False,False,False,False,False,False
近藤,kīn-tîn,kīn-tîn,1,False,False,False,False,False,False,False,False,False,False
近藤,kūn-tîn,kūn-tîn,1,False,False,False,False,False,False,False,False,False,False
返來,tuínn-lâi,túiⁿ-lâi,1,False,False,False,False,False,False,False,False,False,False
返來,tún-lâi,tún-lâi,1,False,False,False,False,False,False,False,False,False,False
返臍,tńg-tsâi,tńg-châi,1,False,False,False,False,False,False,False,False,False,False
返輪,tńg-lûn,tńg-lûn,1,False,False,False,False,False,False,False,False,False,False
迩,jí,jí,1,False,False,False,False,False,False,False,False,False,False
迫,piak,piak,1,False,False,False,False,False,False,False,False,False,False
迹,jiah,jiah,1,False,False,False,False,False,False,False,False,False,False
退,luì,lùi,1,False,False,False,False,False,False,False,False,False,False
退伍,thuè-ngóo,thòe-ngó͘,1,False,False,False,False,False,False,False,False,False,False
退休,thuè-hiu,thòe-hiu,1,False,False,False,False,False,False,False,False,False,False
退換,thuì-uānn,thùi-ōaⁿ,1,False,False,False,False,False,False,False,False,False,False
送,sáng,sáng,1,False,False,False,False,False,False,False,False,False,False
透机,thàu-ki,thàu-ki,1,False,False,False,False,False,False,False,False,False,False
逐時,ta̍k-sî,ta̍k-sî,1,False,False,False,False,False,False,False,False,False,False
通奸,thong-kan,thong-kan,1,False,False,False,False,False,False,False,False,False,False
通常,thong-siâng,thong-siâng,1,False,False,False,False,False,False,False,False,False,False
通知,thang-tsai,thang-chai,1,False,False,False,False,False,False,False,False,False,False
通考,thong-khó,thong-khó,1,False,False,False,False,False,False,False,False,False,False
造化是,tsō-huà-sī,chō-hòa-sī,1,False,False,False,False,False,False,False,False,False,False
連,liān,liān,1,False,False,False,False,False,False,False,False,False,False
連劃,liân-ue̍h,liân-oe̍h,1,False,False,False,False,False,False,False,False,False,False
超鷄,tshio-ke,chhio-ke,1,False,False,False,False,False,False,False,False,False,False
超雞,tshio-kue,chhio-koe,1,False,False,False,False,False,False,False,False,False,False
超雞,tshio-ke,chhio-ke,1,False,False,False,False,False,False,False,False,False,False
語辞,gí-sû,gí-sû,1,False,False,False,False,False,False,False,False,False,False
話詞,uē-sû,ōe-sû,1,False,False,False,False,False,False,False,False,False,False
話辞,uē-sû,ōe-sû,1,False,False,False,False,False,False,False,False,False,False
話辭,uē-sû,ōe-sû,1,False,False,False,False,False,False,False,False,False,False
詹益樺,tsiam-ik-huâ,chiam-ek-hôa,1,False,False,False,False,False,False,False,False,False,False
認定,jīn-tiānn,jīn-tiāⁿ,1,False,False,False,False,False,False,False,False,False,False
認爲,jīm-ûi,jīm-ûi,1,False,False,False,False,False,False,False,False,False,False
認爲,jīn-ûi,jīn-ûi,1,False,False,False,False,False,False,False,False,False,False
認知,jīm-ti,jīm-ti,1,False,False,False,False,False,False,False,False,False,False
認識,jīm-sik,jīm-sek,1,False,False,False,False,False,False,False,False,False,False
誓言,sè-giân,sè-giân,1,False,False,False,False,False,False,False,False,False,False
語氣詞,gú-khì-sû,gú-khì-sû,1,False,False,False,False,False,False,False,False,False,False
語言學,gú-giân-ha̍k,gú-giân-ha̍k,1,False,False,False,False,False,False,False,False,False,False
語辞,gú-sû,gú-sû,1,False,False,False,False,False,False,False,False,False,False
超,tshio,chhio,1,False,False,False,False,False,False,False,False,False,False
語辭,gí-sû,gí-sû,1,False,False,False,False,False,False,False,False,False,False
語辭,gú-sû,gú-sû,1,False,False,False,False,False,False,False,False,False,False
誥封,khò-hong,khò-hong,1,False,False,False,False,False,False,False,False,False,False
說伏,suat-ho̍k,soat-ho̍k,1,False,False,False,False,False,False,False,False,False,False
調整,tiau-tsíng,tiau-chéng,1,False,False,False,False,False,False,False,False,False,False
調節,tiau-tsiat,tiau-chiat,1,False,False,False,False,False,False,False,False,False,False
諒盛,liōng-siōng,liōng-siōng,1,False,False,False,False,False,False,False,False,False,False
諒盛,liōng-sīng,liōng-sēng,1,False,False,False,False,False,False,False,False,False,False
諸位,tsṳ-uī,chṳ-ūi,1,False,False,False,False,False,False,False,False,False,False
諺語,gān-gú,gān-gú,1,False,False,False,False,False,False,False,False,False,False
講實个,kóng-si̍t-ê,kóng-si̍t-ê,1,False,False,False,False,False,False,False,False,False,False
講實兮,kóng-si̍t-ê,kóng-si̍t-ê,1,False,False,False,False,False,False,False,False,False,False
試揷,tshì-tshà,chhì-chhà,1,False,False,False,False,False,False,False,False,False,False
試揷,tshì-tshah,chhì-chhah,1,False,False,False,False,False,False,False,False,False,False
試,tshih,chhih,1,False,False,False,False,False,False,False,False,False,False
詢問處,sûn-būn-tshù,sûn-būn-chhù,1,False,False,False,False,False,False,False,False,False,False
西葯,se-io̍h,se-io̍h,1,False,False,False,False,False,False,False,False,False,False
西門,sai-mn̂g,sai-mn̂g,1,False,False,False,False,False,False,False,False,False,False
見仔,kián-á,kián-á,1,False,False,False,False,False,False,False,False,False,False
見誚草,kiàn-siàu-tsháu,kiàn-siàu-chháu,1,False,False,False,False,False,False,False,False,False,False
見那,kìnn-nā,kìⁿ-nā,1,False,False,False,False,False,False,False,False,False,False
覘,thiam,thiam,1,False,False,False,False,False,False,False,False,False,False
親醒,tshin-chhíⁿ,chhin-chhíⁿ,1,False,False,False,False,False,False,False,False,False,False
親醒,tshin-tshénn,chhin-chhéⁿ,1,False,False,False,False,False,False,False,False,False,False
覺醒,kak-síng,kak-séng,1,False,False,False,False,False,False,False,False,False,False
解救,ké-kiù,ké-kiù,1,False,False,False,False,False,False,False,False,False,False
解讀,kái-tha̍k,kái-tha̍k,1,False,False,False,False,False,False,False,False,False,False
觧,kué,kóe,1,False,False,False,False,False,False,False,False,False,False
計程仔,kè-thîng-á,kè-thêng-á,1,False,False,False,False,False,False,False,False,False,False
計程仔,kè-tîng-á,kè-têng-á,1,False,False,False,False,False,False,False,False,False,False
訓濶,hùn-khuah,hùn-khoah,1,False,False,False,False,False,False,False,False,False,False
訓讀,hùn-tho̍k,hùn-tho̍k,1,False,False,False,False,False,False,False,False,False,False
設太,siat-thái,siat-thái,1,False,False,False,False,False,False,False,False,False,False
設想,siat-siáng,siat-siáng,1,False,False,False,False,False,False,False,False,False,False
許斬,hit-tsām,hit-chām,1,False,False,False,False,False,False,False,False,False,False
許當時,hit-tong-sî,hit-tong-sî,1,False,False,False,False,False,False,False,False,False,False
許當時,hiòng-sî,hiòng-sî,1,False,False,False,False,False,False,False,False,False,False
許鏨,hit-tsām,hit-chām,1,False,False,False,False,False,False,False,False,False,False
診斷,chín-tuàn,chín-toàn,1,False,False,False,False,False,False,False,False,False,False
詞書,sû-su,sû-su,1,False,False,False,False,False,False,False,False,False,False
詞類,sû-luī,sû-lūi,1,False,False,False,False,False,False,False,False,False,False
謡,iâu,iâu,1,False,False,False,False,False,False,False,False,False,False
謹愼,kín-sīn,kín-sīn,1,False,False,False,False,False,False,False,False,False,False
識字,pat-jī,pat-jī,1,False,False,False,False,False,False,False,False,False,False
賢妻,hiân-tshue,hiân-chhoe,1,False,False,False,False,False,False,False,False,False,False
賴仔,jŏa,jŏa,1,False,False,False,False,False,False,False,False,False,False
賴仔,lŏa,lŏa,1,False,False,False,False,False,False,False,False,False,False
賴仔哖,juā-á-ni̍h,jōa-á-ni̍h,1,False,False,False,False,False,False,False,False,False,False
賴仔哖,juā-á-nī,jōa-á-nī,1,False,False,False,False,False,False,False,False,False,False
賴仔哖,jŏa-ni̍h,jŏa-ni̍h,1,False,False,False,False,False,False,False,False,False,False
賴仔哖,jŏa-nī,jŏa-nī,1,False,False,False,False,False,False,False,False,False,False
賴仔年,juā-á-ni̍h,jōa-á-ni̍h,1,False,False,False,False,False,False,False,False,False,False
賴仔年,juā-á-nī,jōa-á-nī,1,False,False,False,False,False,False,False,False,False,False
賴仔年,jŏa-ni̍h,jŏa-ni̍h,1,False,False,False,False,False,False,False,False,False,False
賴仔年,jŏa-nī,jŏa-nī,1,False,False,False,False,False,False,False,False,False,False
賴賴趖,lua̍h-lua̍h-sô,loa̍h-loa̍h-sô,1,False,False,False,False,False,False,False,False,False,False
贈声,tsān-siann,chān-siaⁿ,1,False,False,False,False,False,False,False,False,False,False
贈聲,tsān-siann,chān-siaⁿ,1,False,False,False,False,False,False,False,False,False,False
赤水,tshiah-tsuí,chhiah-chúi,1,False,False,False,False,False,False,False,False,False,False
起來,khit-lâi,khit-lâi,1,False,False,False,False,False,False,False,False,False,False
起來,khiài,khiài,1,False,False,False,False,False,False,False,False,False,False
起來,khí-âi,khí-âi,1,False,False,False,False,False,False,False,False,False,False
起原,khí-guân,khí-goân,1,False,False,False,False,False,False,False,False,False,False
起去,khit-khì,khit-khì,1,False,False,False,False,False,False,False,False,False,False
起愛笑,khì-ài-tshiò,khì-ài-chhiò,1,False,False,False,False,False,False,False,False,False,False
起椗,khí-tiànn,khí-tiàⁿ,1,False,False,False,False,False,False,False,False,False,False
起椗,khí-tiānn,khí-tiāⁿ,1,False,False,False,False,False,False,False,False,False,False
起毛志,khi-moo-tsih,khi-mo͘-chih,1,False,False,False,False,False,False,False,False,False,False
起点,khí-tiám,khí-tiám,1,False,False,False,False,False,False,False,False,False,False
趁様,thàn-iūnn,thàn-iūⁿ,1,False,False,False,False,False,False,False,False,False,False
賴仔,gŏa,gŏa,1,False,False,False,False,False,False,False,False,False,False
賠償,puê-tshiâng,pôe-chhiâng,1,False,False,False,False,False,False,False,False,False,False
讀册會,tha̍k-tsheh-huē,tha̍k-chheh-hōe,1,False,False,False,False,False,False,False,False,False,False
賛美,tsàn-bí,chàn-bí,1,False,False,False,False,False,False,False,False,False,False
讀点,tōo-tiám,tō͘-tiám,1,False,False,False,False,False,False,False,False,False,False
變做,pìnn-tsò,pìⁿ-chò,1,False,False,False,False,False,False,False,False,False,False
變成,piàn-tsiânn,piàn-chiâⁿ,1,False,False,False,False,False,False,False,False,False,False
谷口,kok-kháu,kok-kháu,1,False,False,False,False,False,False,False,False,False,False
谷雨,kok-ú,kok-ú,1,False,False,False,False,False,False,False,False,False,False
豆乳,tāu-lin,tāu-lin,1,False,False,False,False,False,False,False,False,False,False
豆牙,tāu-gê,tāu-gê,1,False,False,False,False,False,False,False,False,False,False
豆紗,tāu-se,tāu-se,1,False,False,False,False,False,False,False,False,False,False
豆莢,tāu-keh,tāu-keh,1,False,False,False,False,False,False,False,False,False,False
豆豆,ta̍uh-ta̍uh,ta̍uh-ta̍uh,1,False,False,False,False,False,False,False,False,False,False
豆豆仔,tāu-tāu-á,tāu-tāu-á,1,False,False,False,False,False,False,False,False,False,False
豈會,thah-ē,thah-ē,1,False,False,False,False,False,False,False,False,False,False
豈能,thah-ē,thah-ē,1,False,False,False,False,False,False,False,False,False,False
貓貓孑孑,niau-niau-khiat-khiat,niau-niau-khiat-khiat,1,False,False,False,False,False,False,False,False,False,False
貓鼻頭,niau-phīnn-thâu,niau-phīⁿ-thâu,1,False,False,False,False,False,False,False,False,False,False
貞探,tsing-thàm,cheng-thàm,1,False,False,False,False,False,False,False,False,False,False
貢貢,kōng-kōng,kōng-kōng,1,False,False,False,False,False,False,False,False,False,False
貪污,tham-ù,tham-ù,1,False,False,False,False,False,False,False,False,False,False
貫例,kuàn-lē,koàn-lē,1,False,False,False,False,False,False,False,False,False,False
貫勢,kuàinn-sì,koàiⁿ-sì,1,False,False,False,False,False,False,False,False,False,False
貫示,kuàinn-sì,koàiⁿ-sì,1,False,False,False,False,False,False,False,False,False,False
資産,tsu-sán,chu-sán,1,False,False,False,False,False,False,False,False,False,False
賍,tsong,chong,1,False,False,False,False,False,False,False,False,False,False
賑濟,chín-tsè,chín-chè,1,False,False,False,False,False,False,False,False,False,False
賖,sia,sia,1,False,False,False,False,False,False,False,False,False,False
楊梅壢,iûⁿ-mûi-li̍k,iûⁿ-mûi-le̍k,1,False,False,False,False,False,False,False,False,False,False
一目哖,tsi̍t-ba̍k-nih,chi̍t-ba̍k-nih,1,False,False,False,False,False,False,False,False,False,False
楊桃亀,iûⁿ-thô-ku,iûⁿ-thô-ku,1,False,False,False,False,False,False,False,False,False,False
受動,siū-tōng,siū-tōng,1,False,False,False,False,False,False,False,False,False,False
友个,iú-ê,iú-ê,1,False,False,False,False,False,False,False,False,False,False
友兮,iú-ê,iú-ê,1,False,False,False,False,False,False,False,False,False,False
双料,siang-liāu,siang-liāu,1,False,False,False,False,False,False,False,False,False,False
双生,sang-senn,sang-seⁿ,1,False,False,False,False,False,False,False,False,False,False
双生,sang-sinn,sang-siⁿ,1,False,False,False,False,False,False,False,False,False,False
双生,siang-sinn,siang-siⁿ,1,False,False,False,False,False,False,False,False,False,False
双糕潤,sang-ko-lūn,sang-ko-lūn,1,False,False,False,False,False,False,False,False,False,False
双糕潤,siang-ko-jūn,siang-ko-jūn,1,False,False,False,False,False,False,False,False,False,False
双糕潤,siang-ko-lūn,siang-ko-lūn,1,False,False,False,False,False,False,False,False,False,False
反返,huán-tńg,hoán-tńg,1,False,False,False,False,False,False,False,False,False,False
叔伯姉妹,tsik-peh-chí-bē,chek-peh-chí-bē,1,False,False,False,False,False,False,False,False,False,False
受傷,siū-siang,siū-siang,1,False,False,False,False,False,False,False,False,False,False
叙利亜,sī-lī-a,sī-lī-a,1,False,False,False,False,False,False,False,False,False,False
古椅,kóo-í,kó͘-í,1,False,False,False,False,False,False,False,False,False,False
叙利亜,sū-lī-a,sū-lī-a,1,False,False,False,False,False,False,False,False,False,False
叙利亞,sī-lī-a,sī-lī-a,1,False,False,False,False,False,False,False,False,False,False
叙利亞,sū-lī-a,sū-lī-a,1,False,False,False,False,False,False,False,False,False,False
叙述,sū-su̍t,sū-su̍t,1,False,False,False,False,False,False,False,False,False,False
叛乱,puān-luān,poān-loān,1,False,False,False,False,False,False,False,False,False,False
口仔,tshuì-á,chhùi-á,1,False,False,False,False,False,False,False,False,False,False
口殘,tshuì-tsuânn,chhùi-chôaⁿ,1,False,False,False,False,False,False,False,False,False,False
口角,tshuì-kak,chhùi-kak,1,False,False,False,False,False,False,False,False,False,False
口錦,tshuì-gím,chhùi-gím,1,False,False,False,False,False,False,False,False,False,False
古仔椅,kóo-á-í,kó͘-á-í,1,False,False,False,False,False,False,False,False,False,False
椗,tiànn,tiàⁿ,1,False,False,False,False,False,False,False,False,False,False
古倫美亞,kóo-lûn-bí-a,kó͘-lûn-bí-a,1,False,False,False,False,False,False,False,False,False,False
叉擺,tshé-pái,chhé-pái,1,False,False,False,False,False,False,False,False,False,False
叉云,tshé-ûn,chhé-ûn,1,False,False,False,False,False,False,False,False,False,False
去乎,khì-hoo,khì-ho͘,1,False,False,False,False,False,False,False,False,False,False
厮,sṳ,sṳ,1,False,False,False,False,False,False,False,False,False,False
印度洋,ìn-tōo-iûⁿ,ìn-tō͘-iûⁿ,1,False,False,False,False,False,False,False,False,False,False
印象,ìn-siāng,ìn-siāng,1,False,False,False,False,False,False,False,False,False,False
印象,ìn-tshiāng,ìn-chhiāng,1,False,False,False,False,False,False,False,False,False,False
危机,gûi-ki,gûi-ki,1,False,False,False,False,False,False,False,False,False,False
危機,gûi-ki,gûi-ki,1,False,False,False,False,False,False,False,False,False,False
危險,hûi,hûi,1,False,False,False,False,False,False,False,False,False,False
即會,tsiah-ē,chiah-ē,1,False,False,False,False,False,False,False,False,False,False
即能,tsiah-ē,chiah-ē,1,False,False,False,False,False,False,False,False,False,False
却是,khiok-sī,khiok-sī,1,False,False,False,False,False,False,False,False,False,False
卵單,nn̄g-tuann,nn̄g-toaⁿ,1,False,False,False,False,False,False,False,False,False,False
卵壳,nn̄g-khak,nn̄g-khak,1,False,False,False,False,False,False,False,False,False,False
卿分,khing-hun,kheng-hun,1,False,False,False,False,False,False,False,False,False,False
厘,lìn,lìn,1,False,False,False,False,False,False,False,False,False,False
厘,tiân,tiân,1,False,False,False,False,False,False,False,False,False,False
厘厘,liàn-liàn,liàn-liàn,1,False,False,False,False,False,False,False,False,False,False
厘厘,lìn-lìn,lìn-lìn,1,False,False,False,False,False,False,False,False,False,False
厘返,lìn-tńg,lìn-tńg,1,False,False,False,False,False,False,False,False,False,False
厝仔,tshù-á,chhù-á,1,False,False,False,False,False,False,False,False,False,False
厝瓦,tshù-hia,chhù-hia,1,False,False,False,False,False,False,False,False,False,False
原板,guân-pán,goân-pán,1,False,False,False,False,False,False,False,False,False,False
原田,guân-tiân,goân-tiân,1,False,False,False,False,False,False,False,False,False,False
原諒,guân-liāng,goân-liāng,1,False,False,False,False,False,False,False,False,False,False
厠池,tshè-tî,chhè-tî,1,False,False,False,False,False,False,False,False,False,False
厨仔,tû-á,tû-á,1,False,False,False,False,False,False,False,False,False,False
厨房,tû-pâng,tû-pâng,1,False,False,False,False,False,False,False,False,False,False
古党,kóo-tóng,kó͘-tóng,1,False,False,False,False,False,False,False,False,False,False
古跡,kóo-tsik,kó͘-chek,1,False,False,False,False,False,False,False,False,False,False
后代,hōo-tāi,hō͘-tāi,1,False,False,False,False,False,False,False,False,False,False
吉礁,kiat-tâ,kiat-tâ,1,False,False,False,False,False,False,False,False,False,False
台澎,tâi-phînn,tâi-phîⁿ,1,False,False,False,False,False,False,False,False,False,False
台澎党,tâi-phênn-tóng,tâi-phêⁿ-tóng,1,False,False,False,False,False,False,False,False,False,False
台澎黨,tâi-phênn-tóng,tâi-phêⁿ-tóng,1,False,False,False,False,False,False,False,False,False,False
史觀,sú-kuan,sú-koan,1,False,False,False,False,False,False,False,False,False,False
右沖,iū-tshiong,iū-chhiong,1,False,False,False,False,False,False,False,False,False,False
右衝,iū-tshiong,iū-chhiong,1,False,False,False,False,False,False,False,False,False,False
司,sṳ,sṳ,1,False,False,False,False,False,False,False,False,False,False
司兄,sai-hing,sai-heng,1,False,False,False,False,False,False,False,False,False,False
司公鈃仔,sai-kong-giang-á,sai-kong-giang-á,1,False,False,False,False,False,False,False,False,False,False
司司,sai-sai,sai-sai,1,False,False,False,False,False,False,False,False,False,False
司弟,sai-tē,sai-tē,1,False,False,False,False,False,False,False,False,False,False
吉田,kiat-tiân,kiat-tiân,1,False,False,False,False,False,False,False,False,False,False
吉蘭丹,kiat-lân-tan,kiat-lân-tan,1,False,False,False,False,False,False,False,False,False,False
古辦金,kóo-pān-kim,kó͘-pān-kim,1,False,False,False,False,False,False,False,False,False,False
吉貝嶼,ka-puà-sū,ka-pòa-sū,1,False,False,False,False,False,False,False,False,False,False
吉貝耍,ka-puà-suá,ka-pòa-sóa,1,False,False,False,False,False,False,False,False,False,False
吉隆坡,kit-liông-pho,kit-liông-pho,1,False,False,False,False,False,False,False,False,False,False
吊豆,tiàu-tāu,tiàu-tāu,1,False,False,False,False,False,False,False,False,False,False
吊遠,tiàu-uán,tiàu-oán,1,False,False,False,False,False,False,False,False,False,False
同,sâng,sâng,1,False,False,False,False,False,False,False,False,False,False
同,sāng,sāng,1,False,False,False,False,False,False,False,False,False,False
同工,tâng-kang,tâng-kang,1,False,False,False,False,False,False,False,False,False,False
同母各父,siāng-bó-koh-pē,siāng-bó-koh-pē,1,False,False,False,False,False,False,False,False,False,False
同母各父,siāng-bú-koh-pē,siāng-bú-koh-pē,1,False,False,False,False,False,False,False,False,False,False
同父各母,siāng-pē-koh-bó,siāng-pē-koh-bó,1,False,False,False,False,False,False,False,False,False,False
同父各母,siāng-pē-koh-bú,siāng-pē-koh-bú,1,False,False,False,False,False,False,False,False,False,False
台澎,tâi-phênn,tâi-phêⁿ,1,False,False,False,False,False,False,False,False,False,False
台日,tâi-ji̍t,tâi-ji̍t,1,False,False,False,False,False,False,False,False,False,False
台字田,tâi-jī-tshân,tâi-jī-chhân,1,False,False,False,False,False,False,False,False,False,False
台員國,tâi-uân-kok,tâi-oân-kok,1,False,False,False,False,False,False,False,False,False,False
古黨,kóo-tóng,kó͘-tóng,1,False,False,False,False,False,False,False,False,False,False
句点,kù-tiám,kù-tiám,1,False,False,False,False,False,False,False,False,False,False
句讀点,kù-tōo-tiám,kù-tō͘-tiám,1,False,False,False,False,False,False,False,False,False,False
句讀點,kù-tōo-tiám,kù-tō͘-tiám,1,False,False,False,False,False,False,False,False,False,False
叨位仔,tó-uī-á,tó-ūi-á,1,False,False,False,False,False,False,False,False,False,False
只仔,chí-á,chí-á,1,False,False,False,False,False,False,False,False,False,False
只好,chí-hó,chí-hó,1,False,False,False,False,False,False,False,False,False,False
只存,tsit-tsūn,chit-chūn,1,False,False,False,False,False,False,False,False,False,False
只拵,tsit-tsūn,chit-chūn,1,False,False,False,False,False,False,False,False,False,False
只時,tsit-sî,chit-sî,1,False,False,False,False,False,False,False,False,False,False
只要,chí-iàu,chí-iàu,1,False,False,False,False,False,False,False,False,False,False
只馬,chím-mái,chím-mái,1,False,False,False,False,False,False,False,False,False,False
只馬,chím-á,chím-á,1,False,False,False,False,False,False,False,False,False,False
只馬,tsit-mái,chit-mái,1,False,False,False,False,False,False,False,False,False,False
可以,khóo-í,khó͘-í,1,False,False,False,False,False,False,False,False,False,False
可悪,khó-òo,khó-ò͘,1,False,False,False,False,False,False,False,False,False,False
可悪,khóo-òo,khó͘-ò͘,1,False,False,False,False,False,False,False,False,False,False
可憐,khóo-liân,khó͘-liân,1,False,False,False,False,False,False,False,False,False,False
可憐,khóo-lîn,khó͘-lîn,1,False,False,False,False,False,False,False,False,False,False
可憐事,khóo-liân-tāi,khó͘-liân-tāi,1,False,False,False,False,False,False,False,False,False,False
可憐事,khóo-lîn-tāi,khó͘-lîn-tāi,1,False,False,False,False,False,False,False,False,False,False
可憐代,khóo-liân-tāi,khó͘-liân-tāi,1,False,False,False,False,False,False,False,False,False,False
可憐代,khóo-lîn-tāi,khó͘-lîn-tāi,1,False,False,False,False,False,False,False,False,False,False
台仔,tâi-á,tâi-á,1,False,False,False,False,False,False,False,False,False,False
台僑,tâi-kiâu,tâi-kiâu,1,False,False,False,False,False,False,False,False,False,False
卯澳,báu-ò,báu-ò,1,False,False,False,False,False,False,False,False,False,False
卡那,khá-nah,khá-nah,1,False,False,False,False,False,False,False,False,False,False
卡那,kha-nah,kha-nah,1,False,False,False,False,False,False,False,False,False,False
北川,pok-tshuan,pok-chhoan,1,False,False,False,False,False,False,False,False,False,False
勸世,khuàn-sè,khoàn-sè,1,False,False,False,False,False,False,False,False,False,False
勿蘭池,bu̍t-lân-tî,bu̍t-lân-tî,1,False,False,False,False,False,False,False,False,False,False
包允,pau-ún,pau-ún,1,False,False,False,False,False,False,False,False,False,False
包括,pau-khuat,pau-khoat,1,False,False,False,False,False,False,False,False,False,False
包果,pau-kóo,pau-kó͘,1,False,False,False,False,False,False,False,False,False,False
包裹,pau-kóo,pau-kó͘,1,False,False,False,False,False,False,False,False,False,False
包𥝲,pau-ún,pau-ún,1,False,False,False,False,False,False,False,False,False,False
匏仔粿,pû-á-kué,pû-á-kóe,1,False,False,False,False,False,False,False,False,False,False
匏仔粿,pû-á-ké,pû-á-ké,1,False,False,False,False,False,False,False,False,False,False
化,hua̍h,hoa̍h,1,False,False,False,False,False,False,False,False,False,False
北屯,pak-tūn,pak-tūn,1,False,False,False,False,False,False,False,False,False,False
北川,pak-tshuan,pak-chhoan,1,False,False,False,False,False,False,False,False,False,False
北汕尾,pak-suànn-bué,pak-sòaⁿ-bóe,1,False,False,False,False,False,False,False,False,False,False
卡過,khah-kè,khah-kè,1,False,False,False,False,False,False,False,False,False,False
北汕尾,pak-suànn-bé,pak-sòaⁿ-bé,1,False,False,False,False,False,False,False,False,False,False
北米,pak-bí,pak-bí,1,False,False,False,False,False,False,False,False,False,False
匝仔內,khoo-á-lāi,kho͘-á-lāi,1,False,False,False,False,False,False,False,False,False,False
匝呃仔,khoo-eh-á,kho͘-eh-á,1,False,False,False,False,False,False,False,False,False,False
匝單,khoo-tuann,kho͘-toaⁿ,1,False,False,False,False,False,False,False,False,False,False
匝銀,khoo-gîn,kho͘-gîn,1,False,False,False,False,False,False,False,False,False,False
匝銀,khoo-gûn,kho͘-gûn,1,False,False,False,False,False,False,False,False,False,False
匾仔,pián-á,pián-á,1,False,False,False,False,False,False,False,False,False,False
區别,khu-pia̍t,khu-pia̍t,1,False,False,False,False,False,False,False,False,False,False
十二婆姐,tsa̍p-jī-pô-tsiá,cha̍p-jī-pô-chiá,1,False,False,False,False,False,False,False,False,False,False
十几,tsa̍p-kuí,cha̍p-kúi,1,False,False,False,False,False,False,False,False,False,False
十幾,tsa̍p-kuí,cha̍p-kúi,1,False,False,False,False,False,False,False,False,False,False
勞里散,lâ-lí-sàn,lâ-lí-sàn,1,False,False,False,False,False,False,False,False,False,False
勞煩,lôo-huân,lô͘-hoân,1,False,False,False,False,False,False,False,False,False,False
勞動,lôo-tōng,lô͘-tōng,1,False,False,False,False,False,False,False,False,False,False
動机,tōng-ki,tōng-ki,1,False,False,False,False,False,False,False,False,False,False
加志仔,ka-tsì-á,ka-chì-á,1,False,False,False,False,False,False,False,False,False,False
加拉太,ka-lia̍p-thài,ka-lia̍p-thài,1,False,False,False,False,False,False,False,False,False,False
加拉太書,ka-lia̍p-thài-su,ka-lia̍p-thài-su,1,False,False,False,False,False,False,False,False,False,False
加拉達,ka-lia̍p-ta̍t,ka-lia̍p-ta̍t,1,False,False,False,False,False,False,False,False,False,False
加注,ka-tsì,ka-chì,1,False,False,False,False,False,False,False,False,False,False
加注,ka-tsù,ka-chù,1,False,False,False,False,False,False,False,False,False,False
加礼,ka-lé,ka-lé,1,False,False,False,False,False,False,False,False,False,False
加禮,ka-lé,ka-lé,1,False,False,False,False,False,False,False,False,False,False
加老,ka-ló,ka-ló,1,False,False,False,False,False,False,False,False,False,False
加脊,ka-tsiah,ka-chiah,1,False,False,False,False,False,False,False,False,False,False
加脊后,ka-tsiah-āu,ka-chiah-āu,1,False,False,False,False,False,False,False,False,False,False
加脊後,ka-tsiah-āu,ka-chiah-āu,1,False,False,False,False,False,False,False,False,False,False
加脊骿,ka-tsiah-phiann,ka-chiah-phiaⁿ,1,False,False,False,False,False,False,False,False,False,False
加藤,ka-tîn,ka-tîn,1,False,False,False,False,False,False,False,False,False,False
加蚋,ka-la̍h,ka-la̍h,1,False,False,False,False,False,False,False,False,False,False
加蚋埔,ka-la̍h-poo,ka-la̍h-po͘,1,False,False,False,False,False,False,False,False,False,False
加蚋魚,ka-la̍h-hî,ka-la̍h-hî,1,False,False,False,False,False,False,False,False,False,False
加里興,ka-lí-hin,ka-lí-hin,1,False,False,False,False,False,False,False,False,False,False
加錐,ka-tsui,ka-chui,1,False,False,False,False,False,False,False,False,False,False
加𠻳,ka-sàu,ka-sàu,1,False,False,False,False,False,False,False,False,False,False
助贈,tsōo-tsān,chō͘-chān,1,False,False,False,False,False,False,False,False,False,False
努力,nóo-li̍k,nó͘-le̍k,1,False,False,False,False,False,False,False,False,False,False
勅,thit,thit,1,False,False,False,False,False,False,False,False,False,False
勅封,thik-hong,thek-hong,1,False,False,False,False,False,False,False,False,False,False
勅封,thit-hong,thit-hong,1,False,False,False,False,False,False,False,False,False,False
十條戒,tsa̍p-tiâu-kài,cha̍p-tiâu-kài,1,False,False,False,False,False,False,False,False,False,False
千万,tshian-bān,chhian-bān,1,False,False,False,False,False,False,False,False,False,False
千字文,tshian-jū-bûn,chhian-jū-bûn,1,False,False,False,False,False,False,False,False,False,False
博多,phok-to,phok-to,1,False,False,False,False,False,False,False,False,False,False
卜倚,beh-uá,beh-óa,1,False,False,False,False,False,False,False,False,False,False
卜倚,bueh-uá,boeh-óa,1,False,False,False,False,False,False,False,False,False,False
卜倚卜倚,beh-uá-beh-uá,beh-óa-beh-óa,1,False,False,False,False,False,False,False,False,False,False
卜倚卜倚,bueh-uá-bueh-uá,boeh-óa-boeh-óa,1,False,False,False,False,False,False,False,False,False,False
卜哖,beh-nî,beh-nî,1,False,False,False,False,False,False,False,False,False,False
卜哖,bueh-nî,boeh-nî,1,False,False,False,False,False,False,False,False,False,False
卜年,beh-nî,beh-nî,1,False,False,False,False,False,False,False,False,False,False
卜年,bueh-nî,boeh-nî,1,False,False,False,False,False,False,False,False,False,False
卜暗仔,beh-àm-á,beh-àm-á,1,False,False,False,False,False,False,False,False,False,False
卜暗仔,bueh-àm-á,boeh-àm-á,1,False,False,False,False,False,False,False,False,False,False
卜池,beh-ti̍h,beh-ti̍h,1,False,False,False,False,False,False,False,False,False,False
卜池,bueh-ti̍h,boeh-ti̍h,1,False,False,False,False,False,False,False,False,False,False
卜池,bueh-ti̍hⁿ,boeh-ti̍hⁿ,1,False,False,False,False,False,False,False,False,False,False
卜治,beh-ti̍h,beh-ti̍h,1,False,False,False,False,False,False,False,False,False,False
卜治,bueh-ti̍h,boeh-ti̍h,1,False,False,False,False,False,False,False,False,False,False
卜治,bueh-ti̍hⁿ,boeh-ti̍hⁿ,1,False,False,False,False,False,False,False,False,False,False
占仔,tsiam-á,chiam-á,1,False,False,False,False,False,False,False,False,False,False
占權,tsiàm-khuân,chiàm-khoân,1,False,False,False,False,False,False,False,False,False,False
占權,tsiàm-kuân,chiàm-koân,1,False,False,False,False,False,False,False,False,False,False
占領,tsiàm-líng,chiàm-léng,1,False,False,False,False,False,False,False,False,False,False
卡仔,khah-á,khah-á,1,False,False,False,False,False,False,False,False,False,False
卡去,khah-khì,khah-khì,1,False,False,False,False,False,False,False,False,False,False
卡咀,khah-tsua̍h,khah-choa̍h,1,False,False,False,False,False,False,False,False,False,False
卡絶,khah-tsua̍h,khah-choa̍h,1,False,False,False,False,False,False,False,False,False,False
卡脊,kha-tsiah,kha-chiah,1,False,False,False,False,False,False,False,False,False,False
博覧會,phok-lám-huē,phok-lám-hōe,1,False,False,False,False,False,False,False,False,False,False
博仔,pho̍k-á,pho̍k-á,1,False,False,False,False,False,False,False,False,False,False
千字文,tshian-tsṳ̄-bûn,chhian-chṳ̄-bûn,1,False,False,False,False,False,False,False,False,False,False
博仔,phok-á,phok-á,1,False,False,False,False,False,False,False,False,False,False
千島,tshian-tó,chhian-tó,1,False,False,False,False,False,False,False,False,False,False
千歲,tshian-suè,chhian-sòe,1,False,False,False,False,False,False,False,False,False,False
千歳,tshian-suè,chhian-sòe,1,False,False,False,False,False,False,False,False,False,False
午時水,ngóo-sî-tsuí,ngó͘-sî-chúi,1,False,False,False,False,False,False,False,False,False,False
午魚,ngóo-hî,ngó͘-hî,1,False,False,False,False,False,False,False,False,False,False
半倣仔,puànn-hóng-á,pòaⁿ-hóng-á,1,False,False,False,False,False,False,False,False,False,False
半山个,puànn-suann-ê,pòaⁿ-soaⁿ-ê,1,False,False,False,False,False,False,False,False,False,False
半山兮,puànn-suann-ê,pòaⁿ-soaⁿ-ê,1,False,False,False,False,False,False,False,False,False,False
半島,puànn-tó,pòaⁿ-tó,1,False,False,False,False,False,False,False,False,False,False
半平山,puànn-pîng-suann,pòaⁿ-pêng-soaⁿ,1,False,False,False,False,False,False,False,False,False,False
半男陽,puànn-lâm-iûⁿ,pòaⁿ-lâm-iûⁿ,1,False,False,False,False,False,False,False,False,False,False
半陰陽,puànn-iam-iûⁿ,pòaⁿ-iam-iûⁿ,1,False,False,False,False,False,False,False,False,False,False
半陰陽仔,puànn-iam-iûⁿ-á,pòaⁿ-iam-iûⁿ-á,1,False,False,False,False,False,False,False,False,False,False
卑仔,pi-á,pi-á,1,False,False,False,False,False,False,False,False,False,False
卑南溪,pi-lâm-khue,pi-lâm-khoe,1,False,False,False,False,False,False,False,False,False,False
卓櫃,toh-kuī,toh-kūi,1,False,False,False,False,False,False,False,False,False,False
卓面,toh-bīn,toh-bīn,1,False,False,False,False,False,False,False,False,False,False
南化,lâm-huà,lâm-hòa,1,False,False,False,False,False,False,False,False,False,False
南參,lām-sám,lām-sám,1,False,False,False,False,False,False,False,False,False,False
南洋,lâm-iûⁿ,lâm-iûⁿ,1,False,False,False,False,False,False,False,False,False,False
南澳仔,lâm-ò-á,lâm-ò-á,1,False,False,False,False,False,False,False,False,False,False
南米,lâm-bí,lâm-bí,1,False,False,False,False,False,False,False,False,False,False
南風澳仔,lâm-hong-ò-á,lâm-hong-ò-á,1,False,False,False,False,False,False,False,False,False,False
南鯤身,lâm-khun-sin,lâm-khun-sin,1,False,False,False,False,False,False,False,False,False,False
南鯤鯓,lâm-khun-sin,lâm-khun-sin,1,False,False,False,False,False,False,False,False,False,False
后代,hiō-tāi,hiō-tāi,1,False,False,False,False,False,False,False,False,False,False
后代,āu-tāi,āu-tāi,1,False,False,False,False,False,False,False,False,False,False
加志,ka-tsì,ka-chì,1,False,False,False,False,False,False,False,False,False,False
圍炉,ûi-lôo,ûi-lô͘,1,False,False,False,False,False,False,False,False,False,False
囝仔姐,gín-á-tsé,gín-á-ché,1,False,False,False,False,False,False,False,False,False,False
囝仔子,gín-ná-kiánn,gín-ná-kiáⁿ,1,False,False,False,False,False,False,False,False,False,False
回心返意,huê-sim-tńg-ì,hôe-sim-tńg-ì,1,False,False,False,False,False,False,False,False,False,False
回心返意,hê-sim-tńg-ì,hê-sim-tńg-ì,1,False,False,False,False,False,False,False,False,False,False
回鄉,huê-hiang,hôe-hiang,1,False,False,False,False,False,False,False,False,False,False
困袋仔,khùn-tē-á,khùn-tē-á,1,False,False,False,False,False,False,False,False,False,False
困褲,khùn-khòo,khùn-khò͘,1,False,False,False,False,False,False,False,False,False,False
固体,kòo-thé,kò͘-thé,1,False,False,False,False,False,False,False,False,False,False
國土,kok-tōo,kok-tō͘,1,False,False,False,False,False,False,False,False,False,False
國粹,kok-tshuì,kok-chhùi,1,False,False,False,False,False,False,False,False,False,False
國粹,kok-tsuì,kok-chùi,1,False,False,False,False,False,False,False,False,False,False
圍,ûi,ûi,1,False,False,False,False,False,False,False,False,False,False
圍爐,ûi-lôo,ûi-lô͘,1,False,False,False,False,False,False,False,False,False,False
地平線,tuē-pîng-suànn,tōe-pêng-sòaⁿ,1,False,False,False,False,False,False,False,False,False,False
園,hûinn,hûiⁿ,1,False,False,False,False,False,False,False,False,False,False
圓滿,uân-muá,oân-móa,1,False,False,False,False,False,False,False,False,False,False
圖書舘,tôo-si-kuán,tô͘-si-koán,1,False,False,False,False,False,False,False,False,False,False
土工仔,thóo-kong-á,thó͘-kong-á,1,False,False,False,False,False,False,False,False,False,False
土磘,thôo-iô,thô͘-iô,1,False,False,False,False,False,False,False,False,False,False
土耳其,thóo-jíⁿ-kî,thó͘-jíⁿ-kî,1,False,False,False,False,False,False,False,False,False,False
地下室,tē-hā-sit,tē-hā-sit,1,False,False,False,False,False,False,False,False,False,False
地下電台,tē-hā-tiān-tâi,tē-hā-tiān-tâi,1,False,False,False,False,False,False,False,False,False,False
地中海,tuē-tiong-hái,tōe-tiong-hái,1,False,False,False,False,False,False,False,False,False,False
地号,tuē-hō,tōe-hō,1,False,False,False,False,False,False,False,False,False,False
地号,tē-hō,tē-hō,1,False,False,False,False,False,False,False,False,False,False
地坪,tuē-phênn,tōe-phêⁿ,1,False,False,False,False,False,False,False,False,False,False
囝仔姐,gín-ná-tsé,gín-ná-ché,1,False,False,False,False,False,False,False,False,False,False
囝仔姉,gín-á-tsé,gín-á-ché,1,False,False,False,False,False,False,False,False,False,False
囝仔姉,gín-á-chí,gín-á-chí,1,False,False,False,False,False,False,False,False,False,False
囝仔姉,gín-ná-tsé,gín-ná-ché,1,False,False,False,False,False,False,False,False,False,False
器具,khì-kī,khì-kī,1,False,False,False,False,False,False,False,False,False,False
噯,âi,âi,1,False,False,False,False,False,False,False,False,False,False
噯,ăi,ăi,1,False,False,False,False,False,False,False,False,False,False
噯呵,ai-ah,ai-ah,1,False,False,False,False,False,False,False,False,False,False
噯唖,ai-ah,ai-ah,1,False,False,False,False,False,False,False,False,False,False
噯啊,ai-ah,ai-ah,1,False,False,False,False,False,False,False,False,False,False
噯啞,ai-ah,ai-ah,1,False,False,False,False,False,False,False,False,False,False
噽,phí,phí,1,False,False,False,False,False,False,False,False,False,False
囉,lòo,lò͘,1,False,False,False,False,False,False,False,False,False,False
四圍,sì-ûi,sì-ûi,1,False,False,False,False,False,False,False,False,False,False
四枝,sù-ki,sù-ki,1,False,False,False,False,False,False,False,False,False,False
四草,sì-tshó,sì-chhó,1,False,False,False,False,False,False,False,False,False,False
四配,sṳ̀-phuè,sṳ̀-phòe,1,False,False,False,False,False,False,False,False,False,False
四重溪,sì-tîng-khue,sì-têng-khoe,1,False,False,False,False,False,False,False,False,False,False
四鯤身,sì-khun-sin,sì-khun-sin,1,False,False,False,False,False,False,False,False,False,False
四鯤鯓,sì-khun-sin,sì-khun-sin,1,False,False,False,False,False,False,False,False,False,False
囝仔兄姉,gín-ná-hiann-chí,gín-ná-hiaⁿ-chí,1,False,False,False,False,False,False,False,False,False,False
囝仔兄姉,gín-á-hiann-chí,gín-á-hiaⁿ-chí,1,False,False,False,False,False,False,False,False,False,False
囝仔呑,gín-ná-thûn,gín-ná-thûn,1,False,False,False,False,False,False,False,False,False,False
囝仔呑,gín-á-thûn,gín-á-thûn,1,False,False,False,False,False,False,False,False,False,False
囝仔大細,gín-ná-tuā-suè,gín-ná-tōa-sòe,1,False,False,False,False,False,False,False,False,False,False
囝仔大細,gín-ná-tuā-sè,gín-ná-tōa-sè,1,False,False,False,False,False,False,False,False,False,False
囝仔大細,gín-á-tuā-suè,gín-á-tōa-sòe,1,False,False,False,False,False,False,False,False,False,False
囝仔大細,gín-á-tuā-sè,gín-á-tōa-sè,1,False,False,False,False,False,False,False,False,False,False
囝仔姉,gín-ná-chí,gín-ná-chí,1,False,False,False,False,False,False,False,False,False,False
地坪,tē-phênn,tē-phêⁿ,1,False,False,False,False,False,False,False,False,False,False
地歩,tuē-pōo,tōe-pō͘,1,False,False,False,False,False,False,False,False,False,False
后代,āu-tē,āu-tē,1,False,False,False,False,False,False,False,False,False,False
塩酥雞,iâm-soo-ke,iâm-so͘-ke,1,False,False,False,False,False,False,False,False,False,False
塊,tĕ,tĕ,1,False,False,False,False,False,False,False,False,False,False
塊卜,tit-beh,tit-beh,1,False,False,False,False,False,False,False,False,False,False
塊塊,te̍h-te̍h,te̍h-te̍h,1,False,False,False,False,False,False,False,False,False,False
塌壽,thap-siū,thap-siū,1,False,False,False,False,False,False,False,False,False,False
塗磘,thôo-iô,thô͘-iô,1,False,False,False,False,False,False,False,False,False,False
塞,sueh,soeh,1,False,False,False,False,False,False,False,False,False,False
塟,tsòng,chòng,1,False,False,False,False,False,False,False,False,False,False
塡,tiân,tiân,1,False,False,False,False,False,False,False,False,False,False
塩光餅,kiâm-kong-piánn,kiâm-kong-piáⁿ,1,False,False,False,False,False,False,False,False,False,False
塩埔,iâm-poo,iâm-po͘,1,False,False,False,False,False,False,False,False,False,False
塩素,iâm-sòo,iâm-sò͘,1,False,False,False,False,False,False,False,False,False,False
塩草,kiâm-tsháu,kiâm-chháu,1,False,False,False,False,False,False,False,False,False,False
塩酥雞,iâm-soo-kue,iâm-so͘-koe,1,False,False,False,False,False,False,False,False,False,False
地歩,tē-pōo,tē-pō͘,1,False,False,False,False,False,False,False,False,False,False
塩酥鷄,iâm-soo-ke,iâm-so͘-ke,1,False,False,False,False,False,False,False,False,False,False
塩酥鷄,iâm-soo-kue,iâm-so͘-koe,1,False,False,False,False,False,False,False,False,False,False
增田,tsing-tiân,cheng-tiân,1,False,False,False,False,False,False,False,False,False,False
墨鱡仔,ba̍k-tsa̍t-á,ba̍k-cha̍t-á,1,False,False,False,False,False,False,False,False,False,False
墻圍,tshiûⁿ-ûi,chhiûⁿ-ûi,1,False,False,False,False,False,False,False,False,False,False
士双枝,sū-siang-ki,sū-siang-ki,1,False,False,False,False,False,False,False,False,False,False
士雙枝,sū-siang-ki,sū-siang-ki,1,False,False,False,False,False,False,False,False,False,False
声帶,siann-tuà,siaⁿ-tòa,1,False,False,False,False,False,False,False,False,False,False
声明,siann-bîng,siaⁿ-bêng,1,False,False,False,False,False,False,False,False,False,False
声明,sing-bîng,seng-bêng,1,False,False,False,False,False,False,False,False,False,False
壼,khún,khún,1,False,False,False,False,False,False,False,False,False,False
夏亀,he-ku,he-ku,1,False,False,False,False,False,False,False,False,False,False
堵氣,tóo-khì,tó͘-khì,1,False,False,False,False,False,False,False,False,False,False
堵强,tóo-kiông,tó͘-kiông,1,False,False,False,False,False,False,False,False,False,False
場地,tiûⁿ-tē,tiûⁿ-tē,1,False,False,False,False,False,False,False,False,False,False
場地,tiûⁿ-tuē,tiûⁿ-tōe,1,False,False,False,False,False,False,False,False,False,False
地號,tuē-hō,tōe-hō,1,False,False,False,False,False,False,False,False,False,False
坂井,pán-tsénn,pán-chéⁿ,1,False,False,False,False,False,False,False,False,False,False
坂仔,puánn-á,póaⁿ-á,1,False,False,False,False,False,False,False,False,False,False
坎嗽,khām-sàu,khām-sàu,1,False,False,False,False,False,False,False,False,False,False
坎玍,khám-lān,khám-lān,1,False,False,False,False,False,False,False,False,False,False
坎硈,khâm-khia̍t,khâm-khia̍t,1,False,False,False,False,False,False,False,False,False,False
坎𠻳,khām-sàu,khām-sàu,1,False,False,False,False,False,False,False,False,False,False
坔田,lòm-tshân,lòm-chhân,1,False,False,False,False,False,False,False,False,False,False
坦橫,thán-hûinn,thán-hûiⁿ,1,False,False,False,False,False,False,False,False,False,False
坦欹,thán-khi,thán-khi,1,False,False,False,False,False,False,False,False,False,False
坦欺,thán-khi,thán-khi,1,False,False,False,False,False,False,False,False,False,False
坪林,pênn-nâ,pêⁿ-nâ,1,False,False,False,False,False,False,False,False,False,False
坪頂,pênn-tíng,pêⁿ-téng,1,False,False,False,False,False,False,False,False,False,False
埃及,ai-ki̍p,ai-ki̍p,1,False,False,False,False,False,False,False,False,False,False
埃田,ai-tiân,ai-tiân,1,False,False,False,False,False,False,False,False,False,False
埃田園,ai-tiân-hn̂g,ai-tiân-hn̂g,1,False,False,False,False,False,False,False,False,False,False
埋塟,bâi-tsòng,bâi-chòng,1,False,False,False,False,False,False,False,False,False,False
城隍廟,siông-biō,siông-biō,1,False,False,False,False,False,False,False,False,False,False
埔頭,poo-thâu,po͘-thâu,1,False,False,False,False,False,False,False,False,False,False
埧,pà,pà,1,False,False,False,False,False,False,False,False,False,False
基本上,ki-pún-siōng,ki-pún-siōng,1,False,False,False,False,False,False,False,False,False,False
堅强,kian-kiâng,kian-kiâng,1,False,False,False,False,False,False,False,False,False,False
堅强,kian-kiông,kian-kiông,1,False,False,False,False,False,False,False,False,False,False
堆,te,te,1,False,False,False,False,False,False,False,False,False,False
堤,te,te,1,False,False,False,False,False,False,False,False,False,False
噂,tsun,chun,1,False,False,False,False,False,False,False,False,False,False
嘻夏呌,hì-hè-kiò,hì-hè-kiò,1,False,False,False,False,False,False,False,False,False,False
嘻夏叫,hì-hè-kiò,hì-hè-kiò,1,False,False,False,False,False,False,False,False,False,False
和和,ho-ho,ho-ho,1,False,False,False,False,False,False,False,False,False,False
呑踏,thún-ta̍h,thún-ta̍h,1,False,False,False,False,False,False,False,False,False,False
呢,nē,nē,1,False,False,False,False,False,False,False,False,False,False
周,tsiù,chiù,1,False,False,False,False,False,False,False,False,False,False
周年,tsiu-nî,chiu-nî,1,False,False,False,False,False,False,False,False,False,False
呹,thi̍h,thi̍h,1,False,False,False,False,False,False,False,False,False,False
呼龥,hoo-io̍k,ho͘-io̍k,1,False,False,False,False,False,False,False,False,False,False
咀音,tsua̍h-im,choa̍h-im,1,False,False,False,False,False,False,False,False,False,False
咈咈,phut-phut,phut-phut,1,False,False,False,False,False,False,False,False,False,False
咈咈跳,phu̍t-phu̍t-thiàu,phu̍t-phu̍t-thiàu,1,False,False,False,False,False,False,False,False,False,False
咋,tsak,chak,1,False,False,False,False,False,False,False,False,False,False
咋,tsa̍k,cha̍k,1,False,False,False,False,False,False,False,False,False,False
咋造,tsak-tsō,chak-chō,1,False,False,False,False,False,False,False,False,False,False
和田,hô-tiân,hô-tiân,1,False,False,False,False,False,False,False,False,False,False
嗎嗎哭,mà-mà-khàu,mà-mà-khàu,1,False,False,False,False,False,False,False,False,False,False
咒䜟,tsiù-tshàm,chiù-chhàm,1,False,False,False,False,False,False,False,False,False,False
咒重咀,tsiù-tāng-tsuā,chiù-tāng-chōa,1,False,False,False,False,False,False,False,False,False,False
咨詢,tsu-sûn,chu-sûn,1,False,False,False,False,False,False,False,False,False,False
咳,hai,hai,1,False,False,False,False,False,False,False,False,False,False
咳,haih,haih,1,False,False,False,False,False,False,False,False,False,False
咳,haihⁿ,haihⁿ,1,False,False,False,False,False,False,False,False,False,False
咳,hài,hài,1,False,False,False,False,False,False,False,False,False,False
咳,hāinn,hāiⁿ,1,False,False,False,False,False,False,False,False,False,False
咳咳飧,hainn-hainn-tshan,haiⁿ-haiⁿ-chhan,1,False,False,False,False,False,False,False,False,False,False
咳咳餐,hainn-hainn-tshan,haiⁿ-haiⁿ-chhan,1,False,False,False,False,False,False,False,False,False,False
咳点,hāinn-tiám,hāiⁿ-tiám,1,False,False,False,False,False,False,False,False,False,False
咳點,hāinn-tiám,hāiⁿ-tiám,1,False,False,False,False,False,False,False,False,False,False
呑仔,thûn-á,thûn-á,1,False,False,False,False,False,False,False,False,False,False
呈呈,thîng-thîng,thêng-thêng,1,False,False,False,False,False,False,False,False,False,False
呆球,bái-kiû,bái-kiû,1,False,False,False,False,False,False,False,False,False,False
呆材,bái-tsâi,bái-châi,1,False,False,False,False,False,False,False,False,False,False
后勁,āu-ngē,āu-ngē,1,False,False,False,False,False,False,False,False,False,False
后后,āu-āu,āu-āu,1,False,False,False,False,False,False,False,False,False,False
后嗣,āu-sû,āu-sû,1,False,False,False,False,False,False,False,False,False,False
后壽,āu-siū,āu-siū,1,False,False,False,False,False,False,False,False,False,False
后平,āu-pîng,āu-pêng,1,False,False,False,False,False,False,False,False,False,False
后日仔,āu-ji̍t-á,āu-ji̍t-á,1,False,False,False,False,False,False,False,False,False,False
后面,āu-bīn,āu-bīn,1,False,False,False,False,False,False,False,False,False,False
吐氣噴咳,thóo-khuì-pûn-hāinn,thó͘-khùi-pûn-hāiⁿ,1,False,False,False,False,False,False,False,False,False,False
吐氣歕咳,thóo-khuì-pûn-hāinn,thó͘-khùi-pûn-hāiⁿ,1,False,False,False,False,False,False,False,False,False,False
向前,hiàng-tsiân,hiàng-chiân,1,False,False,False,False,False,False,False,False,False,False
向前,hiàng-tsîng,hiàng-chêng,1,False,False,False,False,False,False,False,False,False,False
向日葵,hiàng-ji̍t-kûi,hiàng-ji̍t-kûi,1,False,False,False,False,False,False,False,False,False,False
向日葵,hiòng-ji̍t-kûi,hiòng-ji̍t-kûi,1,False,False,False,False,False,False,False,False,False,False
吝,lìn,lìn,1,False,False,False,False,False,False,False,False,False,False
吝吝,lìn-lìn,lìn-lìn,1,False,False,False,False,False,False,False,False,False,False
吝浪,līn-lōng,līn-lōng,1,False,False,False,False,False,False,False,False,False,False
吝返,lìn-tńg,lìn-tńg,1,False,False,False,False,False,False,False,False,False,False
否,hŏ͘ⁿ,hŏ͘ⁿ,1,False,False,False,False,False,False,False,False,False,False
否認,hónn-jīm,hó͘ⁿ-jīm,1,False,False,False,False,False,False,False,False,False,False
含,hám,hám,1,False,False,False,False,False,False,False,False,False,False
含鈴,hâm-lîng,hâm-lêng,1,False,False,False,False,False,False,False,False,False,False
听歌,thiann-kua,thiaⁿ-koa,1,False,False,False,False,False,False,False,False,False,False
听衆,thìng-tsiòng,thèng-chiòng,1,False,False,False,False,False,False,False,False,False,False
吳國,gôo-kok,gô͘-kok,1,False,False,False,False,False,False,False,False,False,False
呃仔,eh-á,eh-á,1,False,False,False,False,False,False,False,False,False,False
咾,làu,làu,1,False,False,False,False,False,False,False,False,False,False
咾仔,láu-á,láu-á,1,False,False,False,False,False,False,False,False,False,False
咾翅仔,làu-si̍t-á,làu-si̍t-á,1,False,False,False,False,False,False,False,False,False,False
商界,siang-kài,siang-kài,1,False,False,False,False,False,False,False,False,False,False
啊啦,a-la,a-la,1,False,False,False,False,False,False,False,False,False,False
啊啦,a-lah,a-lah,1,False,False,False,False,False,False,False,False,False,False
問点,mn̄g-tiám,mn̄g-tiám,1,False,False,False,False,False,False,False,False,False,False
啓示,khé-sī,khé-sī,1,False,False,False,False,False,False,False,False,False,False
啞啦,a-la,a-la,1,False,False,False,False,False,False,False,False,False,False
啞啦,a-lah,a-lah,1,False,False,False,False,False,False,False,False,False,False
喂,ŏe,ŏe,1,False,False,False,False,False,False,False,False,False,False
善士,siān-sū,siān-sū,1,False,False,False,False,False,False,False,False,False,False
善虫,siān-lâng,siān-lâng,1,False,False,False,False,False,False,False,False,False,False
善虫仔,siān-thâng-á,siān-thâng-á,1,False,False,False,False,False,False,False,False,False,False
喜弄,hí-lāng,hí-lāng,1,False,False,False,False,False,False,False,False,False,False
喜怒哀樂,hí-lōo-ai-lo̍k,hí-lō͘-ai-lo̍k,1,False,False,False,False,False,False,False,False,False,False
喜怒哀樂,hí-nōo-ai-lo̍k,hí-nō͘-ai-lo̍k,1,False,False,False,False,False,False,False,False,False,False
喜斬,hit-tsām,hit-chām,1,False,False,False,False,False,False,False,False,False,False
喜望峰,hí-bōng-hong,hí-bōng-hong,1,False,False,False,False,False,False,False,False,False,False
喜樹仔,hí-tshiū-á,hí-chhiū-á,1,False,False,False,False,False,False,False,False,False,False
喜當時,hit-tong-sî,hit-tong-sî,1,False,False,False,False,False,False,False,False,False,False
喜當時,hiòng-sî,hiòng-sî,1,False,False,False,False,False,False,False,False,False,False
喜鏨,hit-tsām,hit-chām,1,False,False,False,False,False,False,False,False,False,False
喬中營,kiāu-tiong-iânn,kiāu-tiong-iâⁿ,1,False,False,False,False,False,False,False,False,False,False
嗄嘮別,ha-la-piat,ha-la-piat,1,False,False,False,False,False,False,False,False,False,False
嗄嘮別,hā-lā-piat,hā-lā-piat,1,False,False,False,False,False,False,False,False,False,False
嗄嘮别,ha-la-piat,ha-la-piat,1,False,False,False,False,False,False,False,False,False,False
嗄嘮别,hā-lā-piat,hā-lā-piat,1,False,False,False,False,False,False,False,False,False,False
嗎,mà,mà,1,False,False,False,False,False,False,False,False,False,False
商量,siang-liâng,siang-liâng,1,False,False,False,False,False,False,False,False,False,False
商場,siang-tiûⁿ,siang-tiûⁿ,1,False,False,False,False,False,False,False,False,False,False
咾翼仔,làu-si̍t-á,làu-si̍t-á,1,False,False,False,False,False,False,False,False,False,False
啄亀,tok-ku,tok-ku,1,False,False,False,False,False,False,False,False,False,False
咾脚仔,làu-kha-á,làu-kha-á,1,False,False,False,False,False,False,False,False,False,False
咾風,làu-hong,làu-hong,1,False,False,False,False,False,False,False,False,False,False
哀哀呌,ai-ai-kiò,ai-ai-kiò,1,False,False,False,False,False,False,False,False,False,False
哀哀哮,ai-ai-háu,ai-ai-háu,1,False,False,False,False,False,False,False,False,False,False
哇,ŏa,ŏa,1,False,False,False,False,False,False,False,False,False,False
哇沙米,ua-sa-bih,oa-sa-bih,1,False,False,False,False,False,False,False,False,False,False
哈,hà,hà,1,False,False,False,False,False,False,False,False,False,False
哈,hànn,hàⁿ,1,False,False,False,False,False,False,False,False,False,False
哈,khap,khap,1,False,False,False,False,False,False,False,False,False,False
哈利,há-lih,há-lih,1,False,False,False,False,False,False,False,False,False,False
哈哈笑,hà-hà-tshiò,hà-hà-chhiò,1,False,False,False,False,False,False,False,False,False,False
哈馬生,há-má-sing,há-má-seng,1,False,False,False,False,False,False,False,False,False,False
响亮,hiáng-liāng,hiáng-liāng,1,False,False,False,False,False,False,False,False,False,False
員那,uân-á,oân-á,1,False,False,False,False,False,False,False,False,False,False
哥哥,kó-koh,kó-koh,1,False,False,False,False,False,False,False,False,False,False
哨船頭,siàu-chûn-thâu,siàu-chûn-thâu,1,False,False,False,False,False,False,False,False,False,False
哨船頭,sàu-chûn-thâu,sàu-chûn-thâu,1,False,False,False,False,False,False,False,False,False,False
唅,kâm,kâm,1,False,False,False,False,False,False,False,False,False,False
唐山公,tn̂g-suann-kong,tn̂g-soaⁿ-kong,1,False,False,False,False,False,False,False,False,False,False
唐山媽,tn̂g-suann-má,tn̂g-soaⁿ-má,1,False,False,False,False,False,False,False,False,False,False
唖啦,a-la,a-la,1,False,False,False,False,False,False,False,False,False,False
唖啦,a-lah,a-lah,1,False,False,False,False,False,False,False,False,False,False
唭里岸,ki-lí-gān,ki-lí-gān,1,False,False,False,False,False,False,False,False,False,False
唭里岸,kî-lí-gān,kî-lí-gān,1,False,False,False,False,False,False,False,False,False,False
唯,ûi,ûi,1,False,False,False,False,False,False,False,False,False,False
加志,ka-tsù,ka-chù,1,False,False,False,False,False,False,False,False,False,False
加强,ka-kiông,ka-kiông,1,False,False,False,False,False,False,False,False,False,False
夕,si̍t,si̍t,1,False,False,False,False,False,False,False,False,False,False
二層行溪,jī-tsàn-hâng-khe,jī-chàn-hâng-khe,1,False,False,False,False,False,False,False,False,False,False
乾卦,kiân-kuà,kiân-kòa,1,False,False,False,False,False,False,False,False,False,False
乾溪,ta-khue,ta-khoe,1,False,False,False,False,False,False,False,False,False,False
乾隆,kiân-liông,kiân-liông,1,False,False,False,False,False,False,False,False,False,False
亀仔,ku-á,ku-á,1,False,False,False,False,False,False,False,False,False,False
亀仔甪,ku-á-lut,ku-á-lut,1,False,False,False,False,False,False,False,False,False,False
亀里,ku-lí,ku-lí,1,False,False,False,False,False,False,False,False,False,False
了,liau,liau,1,False,False,False,False,False,False,False,False,False,False
事工,sū-kang,sū-kang,1,False,False,False,False,False,False,False,False,False,False
二,nōo,nō͘,1,False,False,False,False,False,False,False,False,False,False
二九冥,ji̍h-káu-mê,ji̍h-káu-mê,1,False,False,False,False,False,False,False,False,False,False
二十,jia̍p,jia̍p,1,False,False,False,False,False,False,False,False,False,False
二層行,jī-tsàn-hâng,jī-chàn-hâng,1,False,False,False,False,False,False,False,False,False,False
二層行溪,jī-tsàn-hâng-khue,jī-chàn-hâng-khoe,1,False,False,False,False,False,False,False,False,False,False
五叉港,gōo-tshe-káng,gō͘-chhe-káng,1,False,False,False,False,False,False,False,False,False,False
二崙,jī-lūn,jī-lūn,1,False,False,False,False,False,False,False,False,False,False
二王,jī-ông,jī-ông,1,False,False,False,False,False,False,False,False,False,False
二賛行,jī-tsàn-hâng,jī-chàn-hâng,1,False,False,False,False,False,False,False,False,False,False
二賛行溪,jī-tsàn-hâng-khe,jī-chàn-hâng-khe,1,False,False,False,False,False,False,False,False,False,False
二賛行溪,jī-tsàn-hâng-khue,jī-chàn-hâng-khoe,1,False,False,False,False,False,False,False,False,False,False
二重母音,jī-tîng-bó-im,jī-têng-bó-im,1,False,False,False,False,False,False,False,False,False,False
二重母音,jī-tîng-bú-im,jī-têng-bú-im,1,False,False,False,False,False,False,False,False,False,False
二鯤身,jī-khun-sin,jī-khun-sin,1,False,False,False,False,False,False,False,False,False,False
二鯤鯓,jī-khun-sin,jī-khun-sin,1,False,False,False,False,False,False,False,False,False,False
云云,ûn-ûn,ûn-ûn,1,False,False,False,False,False,False,False,False,False,False
云仔是,ûn-á-sī,ûn-á-sī,1,False,False,False,False,False,False,False,False,False,False
云仔示,ûn-á-sī,ûn-á-sī,1,False,False,False,False,False,False,False,False,False,False
乾乾乾,ta-ta-ta,ta-ta-ta,1,False,False,False,False,False,False,False,False,False,False
乳母,ni-bó,ni-bó,1,False,False,False,False,False,False,False,False,False,False
乳母,lin-bú,lin-bú,1,False,False,False,False,False,False,False,False,False,False
乱講,luān-kóng,loān-kóng,1,False,False,False,False,False,False,False,False,False,False
乒乒乓乓,pin-pin-piāng-piāng,pin-pin-piāng-piāng,1,False,False,False,False,False,False,False,False,False,False
乒乒磅磅,pin-pin-pong-pong,pin-pin-pong-pong,1,False,False,False,False,False,False,False,False,False,False
乒乒磅磅,pin-pin-pòng-pòng,pin-pin-pòng-pòng,1,False,False,False,False,False,False,False,False,False,False
乒乒磅磅,pin-pin-pōng-pōng,pin-pin-pōng-pōng,1,False,False,False,False,False,False,False,False,False,False
乒乓,pin-pong,pin-pong,1,False,False,False,False,False,False,False,False,False,False
乒乓,pìn-pòng,pìn-pòng,1,False,False,False,False,False,False,False,False,False,False
乒乓,pín-póng,pín-póng,1,False,False,False,False,False,False,False,False,False,False
乒乓,pīn-piāng,pīn-piāng,1,False,False,False,False,False,False,False,False,False,False
乒乓,pīn-pōng,pīn-pōng,1,False,False,False,False,False,False,False,False,False,False
乒仔,phin-á,phin-á,1,False,False,False,False,False,False,False,False,False,False
乒磅,pin-pong,pin-pong,1,False,False,False,False,False,False,False,False,False,False
乒磅,pìn-pòng,pìn-pòng,1,False,False,False,False,False,False,False,False,False,False
乒磅,pín-póng,pín-póng,1,False,False,False,False,False,False,False,False,False,False
乒磅,pīn-piāng,pīn-piāng,1,False,False,False,False,False,False,False,False,False,False
乒磅,pīn-pōng,pīn-pōng,1,False,False,False,False,False,False,False,False,False,False
乘續,sīn,sīn,1,False,False,False,False,False,False,False,False,False,False
乜,mi,mi,1,False,False,False,False,False,False,False,False,False,False
九份,káu-hūn,káu-hūn,1,False,False,False,False,False,False,False,False,False,False
也使,ā-sái,ā-sái,1,False,False,False,False,False,False,False,False,False,False
也有,ā-ū,ā-ū,1,False,False,False,False,False,False,False,False,False,False
也着,ā-tio̍h,ā-tio̍h,1,False,False,False,False,False,False,False,False,False,False
也知,ā-tsai,ā-chai,1,False,False,False,False,False,False,False,False,False,False
乩仔子,ki-á-kiánn,ki-á-kiáⁿ,1,False,False,False,False,False,False,False,False,False,False
乩身,ki-sin,ki-sin,1,False,False,False,False,False,False,False,False,False,False
乱來,luān-lâi,loān-lâi,1,False,False,False,False,False,False,False,False,False,False
五乂港,gōo-tshe-káng,gō͘-chhe-káng,1,False,False,False,False,False,False,False,False,False,False
五層樓仔,gōo-tsàn-lâu-á,gō͘-chàn-lâu-á,1,False,False,False,False,False,False,False,False,False,False
低,ànn,àⁿ,1,False,False,False,False,False,False,False,False,False,False
代表,tài-piáu,tài-piáu,1,False,False,False,False,False,False,False,False,False,False
今日,kin-ji̍t,kin-ji̍t,1,False,False,False,False,False,False,False,False,False,False
今者,tann-tsiah,taⁿ-chiah,1,False,False,False,False,False,False,False,False,False,False
介邊,kái-pinn,kái-piⁿ,1,False,False,False,False,False,False,False,False,False,False
仍,jiông,jiông,1,False,False,False,False,False,False,False,False,False,False
付付,hù-hù,hù-hù,1,False,False,False,False,False,False,False,False,False,False
付付,hū-hū,hū-hū,1,False,False,False,False,False,False,False,False,False,False
付屬,hù-sio̍k,hù-sio̍k,1,False,False,False,False,False,False,False,False,False,False
付記,hù-kì,hù-kì,1,False,False,False,False,False,False,False,False,False,False
付近,hù-kīn,hù-kīn,1,False,False,False,False,False,False,False,False,False,False
付近,hù-kūn,hù-kūn,1,False,False,False,False,False,False,False,False,False,False
付錄,hū-lio̍k,hū-lio̍k,1,False,False,False,False,False,False,False,False,False,False
仙查,sian-tsa,sian-cha,1,False,False,False,False,False,False,False,False,False,False
令仔,līng-á,lēng-á,1,False,False,False,False,False,False,False,False,False,False
五指山,ngóo-chí-suann,ngó͘-chí-soaⁿ,1,False,False,False,False,False,False,False,False,False,False
以國,í-kok,í-kok,1,False,False,False,False,False,False,False,False,False,False
以大利,í-tāi-lī,í-tāi-lī,1,False,False,False,False,False,False,False,False,False,False
伊个,i-ê,i-ê,1,False,False,False,False,False,False,False,False,False,False
伊兮,i-ê,i-ê,1,False,False,False,False,False,False,False,False,False,False
伊藤,i-tîn,i-tîn,1,False,False,False,False,False,False,False,False,False,False
伐落,hua̍t-lo̍h,hoa̍t-lo̍h,1,False,False,False,False,False,False,False,False,False,False
伙記,hué-kì,hóe-kì,1,False,False,False,False,False,False,False,False,False,False
伙記,hé-kì,hé-kì,1,False,False,False,False,False,False,False,False,False,False
伶利,lîng-lāi,lêng-lāi,1,False,False,False,False,False,False,False,False,False,False
伸云,tshun-lûn,chhun-lûn,1,False,False,False,False,False,False,False,False,False,False
伸云,tshun-ûn,chhun-ûn,1,False,False,False,False,False,False,False,False,False,False
伸倫,tshun-lûn,chhun-lûn,1,False,False,False,False,False,False,False,False,False,False
今即,tann-tsiah,taⁿ-chiah,1,False,False,False,False,False,False,False,False,False,False
今冥,kim-mî,kim-mî,1,False,False,False,False,False,False,False,False,False,False
今仔,tann-ah,taⁿ-ah,1,False,False,False,False,False,False,False,False,False,False
今井,kim-tsénn,kim-chéⁿ,1,False,False,False,False,False,False,False,False,False,False
五日節,gōo-ji̍t-tsueh,gō͘-ji̍t-choeh,1,False,False,False,False,False,False,False,False,False,False
五汊港,gōo-tshe-káng,gō͘-chhe-káng,1,False,False,False,False,False,False,False,False,False,False
五股,gōo-kóo,gō͘-kó͘,1,False,False,False,False,False,False,False,False,False,False
五谷,ngóo-kok,ngó͘-kok,1,False,False,False,False,False,False,False,False,False,False
五谷王,ngóo-kok-ông,ngó͘-kok-ông,1,False,False,False,False,False,False,False,False,False,False
五鯤身,gōo-khun-sin,gō͘-khun-sin,1,False,False,False,False,False,False,False,False,False,False
五鯤鯓,gōo-khun-sin,gō͘-khun-sin,1,False,False,False,False,False,False,False,False,False,False
井上,chíⁿ-siōng,chíⁿ-siōng,1,False,False,False,False,False,False,False,False,False,False
井上,tsénn-siōng,chéⁿ-siōng,1,False,False,False,False,False,False,False,False,False,False
亜,ànn,àⁿ,1,False,False,False,False,False,False,False,False,False,False
亜參,â-sâm,â-sâm,1,False,False,False,False,False,False,False,False,False,False
亜查,a-tsa,a-cha,1,False,False,False,False,False,False,False,False,False,False
亜熱帶,a-jia̍t-tài,a-jia̍t-tài,1,False,False,False,False,False,False,False,False,False,False
亜針,a-tsam,a-cham,1,False,False,False,False,False,False,False,False,False,False
亜鉛,a-iân,a-iân,1,False,False,False,False,False,False,False,False,False,False
亞,ànn,àⁿ,1,False,False,False,False,False,False,False,False,False,False
亞參,â-sâm,â-sâm,1,False,False,False,False,False,False,False,False,False,False
亞查,a-tsa,a-cha,1,False,False,False,False,False,False,False,False,False,False
亞針,a-tsam,a-cham,1,False,False,False,False,False,False,False,False,False,False
交丈,kau-tiāng,kau-tiāng,1,False,False,False,False,False,False,False,False,False,False
交丈,kau-tiōng,kau-tiōng,1,False,False,False,False,False,False,False,False,False,False
什碎,tsa̍p-sè,cha̍p-sè,1,False,False,False,False,False,False,False,False,False,False
什菜,tsa̍p-tshài,cha̍p-chhài,1,False,False,False,False,False,False,False,False,False,False
仁川,jîn-tshuan,jîn-chhoan,1,False,False,False,False,False,False,False,False,False,False
今井,kim-chíⁿ,kim-chíⁿ,1,False,False,False,False,False,False,False,False,False,False
乒乒乓乓,pin-pin-piang-piang,pin-pin-piang-piang,1,False,False,False,False,False,False,False,False,False,False
乒,phîn,phîn,1,False,False,False,False,False,False,False,False,False,False
乎礁,hoo-ta,ho͘-ta,1,False,False,False,False,False,False,False,False,False,False
三二,sann-nn̄g,saⁿ-nn̄g,1,False,False,False,False,False,False,False,False,False,False
一鯤身,it-khun-sin,it-khun-sin,1,False,False,False,False,False,False,False,False,False,False
一鯤鯓,it-khun-sin,it-khun-sin,1,False,False,False,False,False,False,False,False,False,False
七仔魁,tshit-á-khue,chhit-á-khoe,1,False,False,False,False,False,False,False,False,False,False
七星潭,tshit-tshenn-thâm,chhit-chheⁿ-thâm,1,False,False,False,False,False,False,False,False,False,False
七股,tshit-kóo,chhit-kó͘,1,False,False,False,False,False,False,False,False,False,False
七鯤身,tshit-khun-sin,chhit-khun-sin,1,False,False,False,False,False,False,False,False,False,False
七鯤鯓,tshit-khun-sin,chhit-khun-sin,1,False,False,False,False,False,False,False,False,False,False
万二,bān-jī,bān-jī,1,False,False,False,False,False,False,False,False,False,False
万國,bān-kok,bān-kok,1,False,False,False,False,False,False,False,False,False,False
万榮華,bān-îng-huâ,bān-êng-hôa,1,False,False,False,False,False,False,False,False,False,False
万歷,bān-li̍k,bān-le̍k,1,False,False,False,False,False,False,False,False,False,False
丈夫,tiāng-hu,tiāng-hu,1,False,False,False,False,False,False,False,False,False,False
三字經,sam-tsṳ̄-king,sam-chṳ̄-keng,1,False,False,False,False,False,False,False,False,False,False
乎乾,hoo-ta,ho͘-ta,1,False,False,False,False,False,False,False,False,False,False
三層崎,sam-tsàn-kiā,sam-chàn-kiā,1,False,False,False,False,False,False,False,False,False,False
三張犁,sann-tiunn-luê,saⁿ-tiuⁿ-lôe,1,False,False,False,False,False,False,False,False,False,False
三張犁,sann-tiunn-lê,saⁿ-tiuⁿ-lê,1,False,False,False,False,False,False,False,False,False,False
三更半冥,sann-kinn-puànn-mî,saⁿ-kiⁿ-pòaⁿ-mî,1,False,False,False,False,False,False,False,False,False,False
三朝,sam-tiau,sam-tiau,1,False,False,False,False,False,False,False,False,False,False
三板,sam-pán,sam-pán,1,False,False,False,False,False,False,False,False,False,False
三浦,sam-phóo,sam-phó͘,1,False,False,False,False,False,False,False,False,False,False
三浦,sam-poo,sam-po͘,1,False,False,False,False,False,False,False,False,False,False
三王,sann-ông,saⁿ-ông,1,False,False,False,False,False,False,False,False,False,False
三角泳,sann-kak-íng,saⁿ-kak-éng,1,False,False,False,False,False,False,False,False,False,False
三重母音,sann-tîng-bó-im,saⁿ-têng-bó-im,1,False,False,False,False,False,False,False,False,False,False
三重母音,sann-tîng-bú-im,saⁿ-têng-bú-im,1,False,False,False,False,False,False,False,False,False,False
一牒久仔,tsi̍t-tiap-kú-á,chi̍t-tiap-kú-á,1,False,False,False,False,False,False,False,False,False,False
一時的,tsi̍t-sî-ti̍k,chi̍t-sî-te̍k,1,False,False,False,False,False,False,False,False,False,False
一時的,tsi̍t-sî-tik,chi̍t-sî-tek,1,False,False,False,False,False,False,False,False,False,False
一時的,it-sî-tik,it-sî-tek,1,False,False,False,False,False,False,False,False,False,False
 青慘,tshenn-tshám,chheⁿ-chhám,1,False,False,False,False,False,False,False,False,False,False
ポ定,poh-tiānn,poh-tiāⁿ,1,False,False,False,False,False,False,False,False,False,False
モ非,moo-hui,mo͘-hui,1,False,False,False,False,False,False,False,False,False,False
モ非,môo-hui,mô͘-hui,1,False,False,False,False,False,False,False,False,False,False
ヤ種,iā-tsíng,iā-chéng,1,False,False,False,False,False,False,False,False,False,False
ル仔,lù-á,lù-á,1,False,False,False,False,False,False,False,False,False,False
㕓,tiân,tiân,1,False,False,False,False,False,False,False,False,False,False
㕫,hng,hng,1,False,False,False,False,False,False,False,False,False,False
㕫,hn̂g,hn̂g,1,False,False,False,False,False,False,False,False,False,False
㕫,hn̋g,hn̆g,1,False,False,False,False,False,False,False,False,False,False
㕫,hn̋gh,hn̆gh,1,False,False,False,False,False,False,False,False,False,False
㗊,tship,chhip,1,False,False,False,False,False,False,False,False,False,False
㲒,pū,pū,1,False,False,False,False,False,False,False,False,False,False
㲒卵,pū-nn̄g,pū-nn̄g,1,False,False,False,False,False,False,False,False,False,False
㾌,sián,sián,1,False,False,False,False,False,False,False,False,False,False
䕃尸,ìm-si,ìm-si,1,False,False,False,False,False,False,False,False,False,False
䕃屍,ìm-si,ìm-si,1,False,False,False,False,False,False,False,False,False,False
䕃影,ìm-ńg,ìm-ńg,1,False,False,False,False,False,False,False,False,False,False
䕃豉,ìm-sī,ìm-sī,1,False,False,False,False,False,False,False,False,False,False
䕃豉,ìm-sīnn,ìm-sīⁿ,1,False,False,False,False,False,False,False,False,False,False
䞨,hua̍h,hoa̍h,1,False,False,False,False,False,False,False,False,False,False
䟽文,sòo-bûn,sò͘-bûn,1,False,False,False,False,False,False,False,False,False,False
䱅仔,bua̍h-á,boa̍h-á,1,False,False,False,False,False,False,False,False,False,False
一二十,it-jia̍p,it-jia̍p,1,False,False,False,False,False,False,False,False,False,False
一半介仔,tsi̍t-puànn-kài-á,chi̍t-pòaⁿ-kài-á,1,False,False,False,False,False,False,False,False,False,False
三鯤身,sann-khun-sin,saⁿ-khun-sin,1,False,False,False,False,False,False,False,False,False,False
三鯤鯓,sann-khun-sin,saⁿ-khun-sin,1,False,False,False,False,False,False,False,False,False,False
上元冥,siāng-guân-mê,siāng-goân-mê,1,False,False,False,False,False,False,False,False,False,False
丕丕攃,phi̍h-phi̍h-tshuah,phi̍h-phi̍h-chhoah,1,False,False,False,False,False,False,False,False,False,False
丞相,sîng-siòng,sêng-siòng,1,False,False,False,False,False,False,False,False,False,False
丢,tioh,tioh,1,False,False,False,False,False,False,False,False,False,False
丢丢,tiu-tiu,tiu-tiu,1,False,False,False,False,False,False,False,False,False,False
两,niú,niú,1,False,False,False,False,False,False,False,False,False,False
並呑,pīng-thun,pēng-thun,1,False,False,False,False,False,False,False,False,False,False
中國仔,tiong-kok-á,tiong-kok-á,1,False,False,False,False,False,False,False,False,False,False
中島,tiong-tó,tiong-tó,1,False,False,False,False,False,False,False,False,False,False
中正廟,tiong-tsìng-biō,tiong-chèng-biō,1,False,False,False,False,False,False,False,False,False,False
中秋冥,tiong-tshiu-mê,tiong-chhiu-mê,1,False,False,False,False,False,False,False,False,False,False
中語,tiong-gí,tiong-gí,1,False,False,False,False,False,False,False,False,False,False
中野,tiong-iá,tiong-iá,1,False,False,False,False,False,False,False,False,False,False
串,kuìnn,kùiⁿ,1,False,False,False,False,False,False,False,False,False,False
串,kǹg,kǹg,1,False,False,False,False,False,False,False,False,False,False
串,nǹg,nǹg,1,False,False,False,False,False,False,False,False,False,False
串,tshngh,chhngh,1,False,False,False,False,False,False,False,False,False,False
丸山,uân-san,oân-san,1,False,False,False,False,False,False,False,False,False,False
主体,tsú-thé,chú-thé,1,False,False,False,False,False,False,False,False,False,False
丼,thom,thom,1,False,False,False,False,False,False,False,False,False,False
丿送,phiat-sàng,phiat-sàng,1,False,False,False,False,False,False,False,False,False,False
乂乂,tshe-tshe,chhe-chhe,1,False,False,False,False,False,False,False,False,False,False
乂云,tshé-ûn,chhé-ûn,1,False,False,False,False,False,False,False,False,False,False
乂擺,tshé-pái,chhé-pái,1,False,False,False,False,False,False,False,False,False,False
久保田,kiú-pó-tiân,kiú-pó-tiân,1,False,False,False,False,False,False,False,False,False,False
之亀力,tsi-ku-la̍t,chi-ku-la̍t,1,False,False,False,False,False,False,False,False,False,False
乎,hôo,hô͘,1,False,False,False,False,False,False,False,False,False,False
丕相,phí-siùnn,phí-siùⁿ,1,False,False,False,False,False,False,False,False,False,False
丕,phí,phí,1,False,False,False,False,False,False,False,False,False,False
上流,siāng-liû,siāng-liû,1,False,False,False,False,False,False,False,False,False,False
与,ī,ī,1,False,False,False,False,False,False,False,False,False,False
上田,siāng-tiân,siāng-tiân,1,False,False,False,False,False,False,False,False,False,False
上田,siōng-tiân,siōng-tiân,1,False,False,False,False,False,False,False,False,False,False
上石牌,tíng-tsio̍h-pâi,téng-chio̍h-pâi,1,False,False,False,False,False,False,False,False,False,False
上野,siāng-iá,siāng-iá,1,False,False,False,False,False,False,False,False,False,False
上野,siōng-iá,siōng-iá,1,False,False,False,False,False,False,False,False,False,False
上銅,tsiūnn-tâng,chiūⁿ-tâng,1,False,False,False,False,False,False,False,False,False,False
下,hà,hà,1,False,False,False,False,False,False,False,False,False,False
下圭柔山,ē-ke-jiû-suann,ē-ke-jiû-soaⁿ,1,False,False,False,False,False,False,False,False,False,False
下圭柔山,ē-kue-jiû-suann,ē-koe-jiû-soaⁿ,1,False,False,False,False,False,False,False,False,False,False
下山,ē-suann,ē-soaⁿ,1,False,False,False,False,False,False,False,False,False,False
下平,ē-pîng,ē-pêng,1,False,False,False,False,False,False,False,False,False,False
下淡水,ē-tām-tsuí,ē-tām-chúi,1,False,False,False,False,False,False,False,False,False,False
下石牌,ē-tsio̍h-pâi,ē-chio̍h-pâi,1,False,False,False,False,False,False,False,False,False,False
下谷,ē-kok,ē-kok,1,False,False,False,False,False,False,False,False,False,False
下音,kē-im,kē-im,1,False,False,False,False,False,False,False,False,False,False
不但,put-tàn,put-tàn,1,False,False,False,False,False,False,False,False,False,False
不党,put-tóng,put-tóng,1,False,False,False,False,False,False,False,False,False,False
不八字,m̄-pat-jī,m̄-pat-jī,1,False,False,False,False,False,False,False,False,False,False
不好,m̄-hónn,m̄-hó͘ⁿ,1,False,False,False,False,False,False,False,False,False,False
不得以,put-tik-í,put-tek-í,1,False,False,False,False,False,False,False,False,False,False
不應皆,put-ing-kai,put-eng-kai,1,False,False,False,False,False,False,False,False,False,False
不比,m̄-pí,m̄-pí,1,False,False,False,False,False,False,False,False,False,False
不識字,m̄-pat-jī,m̄-pat-jī,1,False,False,False,False,False,False,False,False,False,False
不過,put-kòo,put-kò͘,1,False,False,False,False,False,False,False,False,False,False
不黨,put-tóng,put-tóng,1,False,False,False,False,False,False,False,False,False,False
伸倫,tshun-ûn,chhun-ûn,1,False,False,False,False,False,False,False,False,False,False
住,tsī,chī,1,False,False,False,False,False,False,False,False,False,False
加强,ka-kiâng,ka-kiâng,1,False,False,False,False,False,False,False,False,False,False
冬荷仔,tang-o-á,tang-o-á,1,False,False,False,False,False,False,False,False,False,False
典形,tián-hîng,tián-hêng,1,False,False,False,False,False,False,False,False,False,False
册厨仔,tsheh-tû-á,chheh-tû-á,1,False,False,False,False,False,False,False,False,False,False
册局,tsheh-kio̍k,chheh-kio̍k,1,False,False,False,False,False,False,False,False,False,False
册廚仔,tsheh-tû-á,chheh-tû-á,1,False,False,False,False,False,False,False,False,False,False
再板,tsài-pán,chài-pán,1,False,False,False,False,False,False,False,False,False,False
再通,tsāi-thang,chāi-thang,1,False,False,False,False,False,False,False,False,False,False
冒凟,mōo-to̍k,mō͘-to̍k,1,False,False,False,False,False,False,False,False,False,False
冥昏,mê-hng,mê-hng,1,False,False,False,False,False,False,False,False,False,False
冥昏,mî-hng,mî-hng,1,False,False,False,False,False,False,False,False,False,False
冬冬,tiang-tiang,tiang-tiang,1,False,False,False,False,False,False,False,False,False,False
冬時仔,tang-sî-á,tang-sî-á,1,False,False,False,False,False,False,False,False,False,False
冬荷,tâng-o,tâng-o,1,False,False,False,False,False,False,False,False,False,False
冬荷仔菜,tâng-o-á-tshài,tâng-o-á-chhài,1,False,False,False,False,False,False,False,False,False,False
凡塵,huān-tîn,hoān-tîn,1,False,False,False,False,False,False,False,False,False,False
冬萵,tang-e,tang-e,1,False,False,False,False,False,False,False,False,False,False
冬萵菜,tang-e-tshài,tang-e-chhài,1,False,False,False,False,False,False,False,False,False,False
冰厨,ping-tû,peng-tû,1,False,False,False,False,False,False,False,False,False,False
冰廚,ping-tû,peng-tû,1,False,False,False,False,False,False,False,False,False,False
凄慘,tshi-tshám,chhi-chhám,1,False,False,False,False,False,False,False,False,False,False
凉世,liâng-sè,liâng-sè,1,False,False,False,False,False,False,False,False,False,False
凉勢,liâng-sè,liâng-sè,1,False,False,False,False,False,False,False,False,False,False
凛,lím,lím,1,False,False,False,False,False,False,False,False,False,False
凛凛,lím-lím,lím-lím,1,False,False,False,False,False,False,False,False,False,False
几个,kuí-ê,kúi-ê,1,False,False,False,False,False,False,False,False,False,False
几个仔,kuí-ê-á,kúi-ê-á,1,False,False,False,False,False,False,False,False,False,False
几卓,kí-toh,kí-toh,1,False,False,False,False,False,False,False,False,False,False
具体,khū-thé,khū-thé,1,False,False,False,False,False,False,False,False,False,False
共和党,kiōng-hô-tóng,kiōng-hô-tóng,1,False,False,False,False,False,False,False,False,False,False
兮昏暗,ê-hng-àm,ê-hng-àm,1,False,False,False,False,False,False,False,False,False,False
兮早,ē-tsái,ē-chái,1,False,False,False,False,False,False,False,False,False,False
入場,ji̍p-tiûⁿ,ji̍p-tiûⁿ,1,False,False,False,False,False,False,False,False,False,False
入茶,ji̍p-tê,ji̍p-tê,1,False,False,False,False,False,False,False,False,False,False
入院,jı̍p-īnn,jı̍p-īⁿ,1,False,False,False,False,False,False,False,False,False,False
內圍,lāi-ûi,lāi-ûi,1,False,False,False,False,False,False,False,False,False,False
內底褲,lāi-tué-khòo,lāi-tóe-khò͘,1,False,False,False,False,False,False,False,False,False,False
內底褲,lāi-té-khòo,lāi-té-khò͘,1,False,False,False,False,False,False,False,False,False,False
內惟,lāi-ûi,lāi-ûi,1,False,False,False,False,False,False,False,False,False,False
內田,luē-tiân,lōe-tiân,1,False,False,False,False,False,False,False,False,False,False
全心,tsuân-sim,choân-sim,1,False,False,False,False,False,False,False,False,False,False
全羅,tsuân-lô,choân-lô,1,False,False,False,False,False,False,False,False,False,False
兩難,liáng-lân,liáng-lân,1,False,False,False,False,False,False,False,False,False,False
八字,pat-jī,pat-jī,1,False,False,False,False,False,False,False,False,False,False
八斗仔,pueh-táu-á,poeh-táu-á,1,False,False,False,False,False,False,False,False,False,False
八重山,pat-tiông-san,pat-tiông-san,1,False,False,False,False,False,False,False,False,False,False
公園仔,kong-hn̂g-á,kong-hn̂g-á,1,False,False,False,False,False,False,False,False,False,False
公寓,kóng-gū,kóng-gū,1,False,False,False,False,False,False,False,False,False,False
公認,kong-jīm,kong-jīm,1,False,False,False,False,False,False,False,False,False,False
六亀,la̍k-ku,la̍k-ku,1,False,False,False,False,False,False,False,False,False,False
六亀里,la̍k-ku-lí,la̍k-ku-lí,1,False,False,False,False,False,False,False,False,False,False
六張犁,la̍k-tiunn-luê,la̍k-tiuⁿ-lôe,1,False,False,False,False,False,False,False,False,False,False
六脚,la̍k-kha,la̍k-kha,1,False,False,False,False,False,False,False,False,False,False
六脚佃,la̍k-kha-tiān,la̍k-kha-tiān,1,False,False,False,False,False,False,False,False,False,False
六鯤身,la̍k-khun-sin,la̍k-khun-sin,1,False,False,False,False,False,False,False,False,False,False
六鯤鯓,la̍k-khun-sin,la̍k-khun-sin,1,False,False,False,False,False,False,False,False,False,False
六龜里,la̍k-ku-lí,la̍k-ku-lí,1,False,False,False,False,False,False,False,False,False,False
几棹,kí-toh,kí-toh,1,False,False,False,False,False,False,False,False,False,False
凡那,huān-nā,hoān-nā,1,False,False,False,False,False,False,False,False,False,False
住址,tsū-chí,chū-chí,1,False,False,False,False,False,False,False,False,False,False
加也,ka-ia̍h,ka-ia̍h,1,False,False,False,False,False,False,False,False,False,False
到底,tò-tí,tò-tí,1,False,False,False,False,False,False,False,False,False,False
到治,kàu-tī,kàu-tī,1,False,False,False,False,False,False,False,False,False,False
到甲,kàu-kà,kàu-kà,1,False,False,False,False,False,False,False,False,False,False
到至,kàu-kà,kàu-kà,1,False,False,False,False,False,False,False,False,False,False
刴,tòo,tò͘,1,False,False,False,False,False,False,False,False,False,False
前田,tsiân-tiân,chiân-tiân,1,False,False,False,False,False,False,False,False,False,False
剦猪,iam-ti,iam-ti,1,False,False,False,False,False,False,False,False,False,False
剪鈕,tsián-liú,chián-liú,1,False,False,False,False,False,False,False,False,False,False
割礼,kat-lé,kat-lé,1,False,False,False,False,False,False,False,False,False,False
創省,tshòng-sahⁿ,chhòng-sahⁿ,1,False,False,False,False,False,False,False,False,False,False
創省,tshòng-siahⁿ,chhòng-siahⁿ,1,False,False,False,False,False,False,False,False,False,False
功果,kong-kóo,kong-kó͘,1,False,False,False,False,False,False,False,False,False,False
加侖笋,ka-lún-sún,ka-lún-sún,1,False,False,False,False,False,False,False,False,False,False
凸抛,phòng-phā,phòng-phā,1,False,False,False,False,False,False,False,False,False,False
加侖筍,ka-lún-sún,ka-lún-sún,1,False,False,False,False,False,False,False,False,False,False
加冬脚,ka-tang-kha,ka-tang-kha,1,False,False,False,False,False,False,False,False,False,False
加冷笋,ka-líng-sún,ka-léng-sún,1,False,False,False,False,False,False,False,False,False,False
加冷笋,ka-lún-sún,ka-lún-sún,1,False,False,False,False,False,False,False,False,False,False
加冷筍,ka-líng-sún,ka-léng-sún,1,False,False,False,False,False,False,False,False,False,False
加冷筍,ka-lún-sún,ka-lún-sún,1,False,False,False,False,False,False,False,False,False,False
加匏朗,ka-pû-lóng,ka-pû-lóng,1,False,False,False,False,False,False,False,False,False,False
加卜綿,ka-po̍k-mî,ka-po̍k-mî,1,False,False,False,False,False,False,False,False,False,False
加嗽,ka-sàu,ka-sàu,1,False,False,False,False,False,False,False,False,False,False
加崙笋,ka-lún-sún,ka-lún-sún,1,False,False,False,False,False,False,False,False,False,False
加崙筍,ka-lún-sún,ka-lún-sún,1,False,False,False,False,False,False,False,False,False,False
加州,ka-tsiu,ka-chiu,1,False,False,False,False,False,False,False,False,False,False
别跡,pa̍t-giah,pa̍t-giah,1,False,False,False,False,False,False,False,False,False,False
别莊,pia̍t-tsong,pia̍t-chong,1,False,False,False,False,False,False,False,False,False,False
别墅,pia̍t-sū,pia̍t-sū,1,False,False,False,False,False,False,False,False,False,False
别墅,pia̍t-sú,pia̍t-sú,1,False,False,False,False,False,False,False,False,False,False
凹,naih,naih,1,False,False,False,False,False,False,False,False,False,False
凹仔底,lap-á-tué,lap-á-tóe,1,False,False,False,False,False,False,False,False,False,False
凹仔底,lap-á-té,lap-á-té,1,False,False,False,False,False,False,False,False,False,False
出殯,tshut-pin,chhut-pin,1,False,False,False,False,False,False,False,False,False,False
出辟,tshut-phia̍h,chhut-phia̍h,1,False,False,False,False,False,False,False,False,False,False
刀位仔,tó-uī-á,tó-ūi-á,1,False,False,False,False,False,False,False,False,False,False
刀只,tôo-chí,tô͘-chí,1,False,False,False,False,False,False,False,False,False,False
刀子,tôo-chí,tô͘-chí,1,False,False,False,False,False,False,False,False,False,False
刀落,tá-lo̍h,tá-lo̍h,1,False,False,False,False,False,False,False,False,False,False
刀落,tó-lo̍h,tó-lo̍h,1,False,False,False,False,False,False,False,False,False,False
刀鞘,to-siùnn,to-siùⁿ,1,False,False,False,False,False,False,False,False,False,False
分别,hun-pia̍t,hun-pia̍t,1,False,False,False,False,False,False,False,False,False,False
切心,tshueh-sim,chhoeh-sim,1,False,False,False,False,False,False,False,False,False,False
刈䦰,kuah-khau,koah-khau,1,False,False,False,False,False,False,False,False,False,False
刈價,kuah-kè,koah-kè,1,False,False,False,False,False,False,False,False,False,False
刈引,kuah-ín,koah-ín,1,False,False,False,False,False,False,False,False,False,False
刈鬮,kuah-khau,koah-khau,1,False,False,False,False,False,False,False,False,False,False
刘,liû,liû,1,False,False,False,False,False,False,False,False,False,False
初八,tshe-peh,chhe-peh,1,False,False,False,False,False,False,False,False,False,False
初十,tshe-tsa̍p,chhe-cha̍p,1,False,False,False,False,False,False,False,False,False,False
初四,tshe-sì,chhe-sì,1,False,False,False,False,False,False,False,False,False,False
別動,pia̍t-tōng,pia̍t-tōng,1,False,False,False,False,False,False,False,False,False,False
別跡,pa̍t-giah,pa̍t-giah,1,False,False,False,False,False,False,False,False,False,False
利,lì,lì,1,False,False,False,False,False,False,False,False,False,False
别動,pia̍t-tōng,pia̍t-tōng,1,False,False,False,False,False,False,False,False,False,False
党案,tóng-àn,tóng-àn,1,False,False,False,False,False,False,False,False,False,False
党外,tóng-guā,tóng-gōa,1,False,False,False,False,False,False,False,False,False,False
党國,tóng-kok,tóng-kok,1,False,False,False,False,False,False,False,False,False,False
倚卜,uá-beh,óa-beh,1,False,False,False,False,False,False,False,False,False,False
保標,pó-pio,pó-pio,1,False,False,False,False,False,False,False,False,False,False
信女,sìn-lí,sìn-lí,1,False,False,False,False,False,False,False,False,False,False
信斗,sìn-táu,sìn-táu,1,False,False,False,False,False,False,False,False,False,False
信望愛,sìn-bōng-ài,sìn-bōng-ài,1,False,False,False,False,False,False,False,False,False,False
倉磅,tshóng-pōng,chhóng-pōng,1,False,False,False,False,False,False,False,False,False,False
個,kâi,kâi,1,False,False,False,False,False,False,False,False,False,False
個,kâinn,kâiⁿ,1,False,False,False,False,False,False,False,False,False,False
倍隨,puê-tuè,pôe-tòe,1,False,False,False,False,False,False,False,False,False,False
倍隨,puê-tè,pôe-tè,1,False,False,False,False,False,False,False,False,False,False
倒手拐仔,tò-tshiú-kuaih-á,tò-chhiú-koaih-á,1,False,False,False,False,False,False,False,False,False,False
倒挖,tò-uat,tò-oat,1,False,False,False,False,False,False,False,False,False,False
倒擺,tò-páinn,tò-páiⁿ,1,False,False,False,False,False,False,False,False,False,False
借義字,tsioh-gī-jī,chioh-gī-jī,1,False,False,False,False,False,False,False,False,False,False
兒玉,jî-gio̍k,jî-gio̍k,1,False,False,False,False,False,False,False,False,False,False
借詞,tsioh-sû,chioh-sû,1,False,False,False,False,False,False,False,False,False,False
借過レ,tsioh-kuè-lè,chioh-kòe-lè,1,False,False,False,False,False,False,False,False,False,False
借過レ,tsioh-kè-lè,chioh-kè-lè,1,False,False,False,False,False,False,False,False,False,False
借過礼,tsioh-kuè-lè,chioh-kòe-lè,1,False,False,False,False,False,False,False,False,False,False
借過礼,tsioh-kè-lè,chioh-kè-lè,1,False,False,False,False,False,False,False,False,False,False
借音字,tsioh-im-jī,chioh-im-jī,1,False,False,False,False,False,False,False,False,False,False
值冬時,tī-tang-sî,tī-tang-sî,1,False,False,False,False,False,False,False,False,False,False
假仙假篤,ké-sian-ké-tak,ké-sian-ké-tak,1,False,False,False,False,False,False,False,False,False,False
假使講,khá-sú-kóng,khá-sú-kóng,1,False,False,False,False,False,False,False,False,False,False
假影,ké-iànn,ké-iàⁿ,1,False,False,False,False,False,False,False,False,False,False
偉大,uí-tuā,úi-tōa,1,False,False,False,False,False,False,False,False,False,False
偏激,phian-kik,phian-kek,1,False,False,False,False,False,False,False,False,False,False
保定,poh-tiānn,poh-tiāⁿ,1,False,False,False,False,False,False,False,False,False,False
保右,pó-iū,pó-iū,1,False,False,False,False,False,False,False,False,False,False
便宜,pān-gî,pān-gî,1,False,False,False,False,False,False,False,False,False,False
便宜,pan,pan,1,False,False,False,False,False,False,False,False,False,False
住止,tsū-chí,chū-chí,1,False,False,False,False,False,False,False,False,False,False
佐佐木,tsò-tsò-bo̍k,chò-chò-bo̍k,1,False,False,False,False,False,False,False,False,False,False
佐佐木,tsó-tsó-bo̍k,chó-chó-bo̍k,1,False,False,False,False,False,False,False,False,False,False
佐藤,tsò-tîn,chò-tîn,1,False,False,False,False,False,False,False,False,False,False
佐藤,tsó-tîn,chó-tîn,1,False,False,False,False,False,False,False,False,False,False
佐野,tsò-iá,chò-iá,1,False,False,False,False,False,False,False,False,False,False
佐野,tsó-iá,chó-iá,1,False,False,False,False,False,False,False,False,False,False
体体,theh-theh,theh-theh,1,False,False,False,False,False,False,False,False,False,False
体制,thé-tsè,thé-chè,1,False,False,False,False,False,False,False,False,False,False
体操,thé-tshau,thé-chhau,1,False,False,False,False,False,False,False,False,False,False
体操,thé-tsho,thé-chho,1,False,False,False,False,False,False,False,False,False,False
体現,thé-hiān,thé-hiān,1,False,False,False,False,False,False,False,False,False,False
何厝,hô-tshù,hô-chhù,1,False,False,False,False,False,False,False,False,False,False
作嗇,tsò-sit,chò-sit,1,False,False,False,False,False,False,False,False,False,False
作用,tso̍k-iōng,cho̍k-iōng,1,False,False,False,False,False,False,False,False,False,False
作穡,tsò-sit,chò-sit,1,False,False,False,False,False,False,False,False,False,False
佳里興,ka-lí-hin,ka-lí-hin,1,False,False,False,False,False,False,False,False,False,False
使弄,sái-lāng,sái-lāng,1,False,False,False,False,False,False,False,False,False,False
使徒行傳,sù-tôo-hîng-tuān,sù-tô͘-hêng-toān,1,False,False,False,False,False,False,False,False,False,False
使徒行傳,sù-tôo-hīng-tuān,sù-tô͘-hēng-toān,1,False,False,False,False,False,False,False,False,False,False
來葉,lāi-hio̍h,lāi-hio̍h,1,False,False,False,False,False,False,False,False,False,False
供,kióng,kióng,1,False,False,False,False,False,False,False,False,False,False
依仔,i-á,i-á,1,False,False,False,False,False,False,False,False,False,False
依阿,i-á,i-á,1,False,False,False,False,False,False,False,False,False,False
侢通,tsāi-thang,chāi-thang,1,False,False,False,False,False,False,False,False,False,False
做プ,tsò-pû,chò-pû,1,False,False,False,False,False,False,False,False,False,False
做匏,tsò-pû,chò-pû,1,False,False,False,False,False,False,False,False,False,False
做嗇,tsuè-sit,chòe-sit,1,False,False,False,False,False,False,False,False,False,False
僣權,tsiàm-kuân,chiàm-koân,1,False,False,False,False,False,False,False,False,False,False
僥疑,hiau-gî,hiau-gî,1,False,False,False,False,False,False,False,False,False,False
僻邪,phik-siâ,phek-siâ,1,False,False,False,False,False,False,False,False,False,False
億載金城,ik-tsáinn-kim-siânn,ek-cháiⁿ-kim-siâⁿ,1,False,False,False,False,False,False,False,False,False,False
儉腸呢肚,khiām-tn̂g-neh-tōo,khiām-tn̂g-neh-tō͘,1,False,False,False,False,False,False,False,False,False,False
允亀,ún-ku,ún-ku,1,False,False,False,False,False,False,False,False,False,False
允凖,ín-tsún,ín-chún,1,False,False,False,False,False,False,False,False,False,False
允定,ún-tīng,ún-tēng,1,False,False,False,False,False,False,False,False,False,False
允杯,ín-pue,ín-poe,1,False,False,False,False,False,False,False,False,False,False
允杯,ún-pue,ún-poe,1,False,False,False,False,False,False,False,False,False,False
允篤篤,ún-tak-tak,ún-tak-tak,1,False,False,False,False,False,False,False,False,False,False
允龜,ún-ku,ún-ku,1,False,False,False,False,False,False,False,False,False,False
元全,guân-tsuân,goân-choân,1,False,False,False,False,False,False,False,False,False,False
元在,guân-tsāi,goân-chāi,1,False,False,False,False,False,False,False,False,False,False
元形,guân-hîng,goân-hêng,1,False,False,False,False,False,False,False,False,False,False
元早,guân-tsá,goân-chá,1,False,False,False,False,False,False,False,False,False,False
元銀,khoo-gîn,kho͘-gîn,1,False,False,False,False,False,False,False,False,False,False
元銀,khoo-gûn,kho͘-gûn,1,False,False,False,False,False,False,False,False,False,False
兄台,hing-tâi,heng-tâi,1,False,False,False,False,False,False,False,False,False,False
兄姉,hiann-chí,hiaⁿ-chí,1,False,False,False,False,False,False,False,False,False,False
兄姉,hiann-tsé,hiaⁿ-ché,1,False,False,False,False,False,False,False,False,False,False
兄姐,hiann-tsé,hiaⁿ-ché,1,False,False,False,False,False,False,False,False,False,False
先住民,sian-tsū-bîn,sian-chū-bîn,1,False,False,False,False,False,False,False,False,False,False
光州,kong-tsiu,kong-chiu,1,False,False,False,False,False,False,False,False,False,False
光營營,kng-iānn-iānn,kng-iāⁿ-iāⁿ,1,False,False,False,False,False,False,False,False,False,False
兌卦,tuē-kuà,tōe-kòa,1,False,False,False,False,False,False,False,False,False,False
僥幸,hiau-hīng,hiau-hēng,1,False,False,False,False,False,False,False,False,False,False
僣權,tsiàm-khuân,chiàm-khoân,1,False,False,False,False,False,False,False,False,False,False
做嗇,tsò-sit,chò-sit,1,False,False,False,False,False,False,False,False,False,False
僣權,tshiàm-kuân,chhiàm-koân,1,False,False,False,False,False,False,False,False,False,False
做工仔,tsò-kang-á,chò-kang-á,1,False,False,False,False,False,False,False,False,False,False
做干証,tsuè-kan-tsìng,chòe-kan-chèng,1,False,False,False,False,False,False,False,False,False,False
做干証,tsò-kan-tsìng,chò-kan-chèng,1,False,False,False,False,False,False,False,False,False,False
做戱,tsuè-hì,chòe-hì,1,False,False,False,False,False,False,False,False,False,False
做戱,tsò-hì,chò-hì,1,False,False,False,False,False,False,False,False,False,False
做産愧,tsuè-sán-khuì,chòe-sán-khùi,1,False,False,False,False,False,False,False,False,False,False
做産愧,tsò-sán-khuì,chò-sán-khùi,1,False,False,False,False,False,False,False,False,False,False
做瘦愧,tsuè-sán-khuì,chòe-sán-khùi,1,False,False,False,False,False,False,False,False,False,False
做瘦愧,tsò-sán-khuì,chò-sán-khùi,1,False,False,False,False,False,False,False,False,False,False
做表,tsuè-piáu,chòe-piáu,1,False,False,False,False,False,False,False,False,False,False
做表,tsò-piáu,chò-piáu,1,False,False,False,False,False,False,False,False,False,False
停止,thîng-chí,thêng-chí,1,False,False,False,False,False,False,False,False,False,False
偶像,ngóo-siāng,ngó͘-siāng,1,False,False,False,False,False,False,False,False,False,False
偶象,ngóo-siāng,ngó͘-siāng,1,False,False,False,False,False,False,False,False,False,False
偶象,ngóo-siōng,ngó͘-siōng,1,False,False,False,False,False,False,False,False,False,False
催存,tshui-tsūn,chhui-chūn,1,False,False,False,False,False,False,False,False,False,False
催拵,tshui-tsūn,chhui-chūn,1,False,False,False,False,False,False,False,False,False,False
傳敎師,thuân-kàu-su,thoân-kàu-su,1,False,False,False,False,False,False,False,False,False,False
傳教師,thuân-kàu-su,thoân-kàu-su,1,False,False,False,False,False,False,False,False,False,False
債券,tsè-kuàn,chè-koàn,1,False,False,False,False,False,False,False,False,False,False
債卷,tsè-kǹg,chè-kǹg,1,False,False,False,False,False,False,False,False,False,False
傷害,siang-hāi,siang-hāi,1,False,False,False,False,False,False,False,False,False,False
傷悲,siang-pi,siang-pi,1,False,False,False,False,False,False,False,False,False,False
僞,guī,gūi,1,False,False,False,False,False,False,False,False,False,False
僣權,tshiàm-khuân,chhiàm-khoân,1,False,False,False,False,False,False,False,False,False,False
夏龜,he-ku,he-ku,1,False,False,False,False,False,False,False,False,False,False
古倫美亜,kóo-lûn-bí-a,kó͘-lûn-bí-a,1,False,False,False,False,False,False,False,False,False,False
外仔,gŏa,gŏa,1,False,False,False,False,False,False,False,False,False,False
揷,tsha̍p,chha̍p,1,False,False,False,False,False,False,False,False,False,False
推辞,the-sî,the-sî,1,False,False,False,False,False,False,False,False,False,False
掩,iap,iap,1,False,False,False,False,False,False,False,False,False,False
掩仔,iap-á,iap-á,1,False,False,False,False,False,False,False,False,False,False
掭,thiām,thiām,1,False,False,False,False,False,False,False,False,False,False
掽,phóng,phóng,1,False,False,False,False,False,False,False,False,False,False
掽,phōng,phōng,1,False,False,False,False,False,False,False,False,False,False
揀,liān,liān,1,False,False,False,False,False,False,False,False,False,False
提醒,thê-chhíⁿ,thê-chhíⁿ,1,False,False,False,False,False,False,False,False,False,False
揑造,liap-tsō,liap-chō,1,False,False,False,False,False,False,False,False,False,False
揑造,lia̍p-tsō,lia̍p-chō,1,False,False,False,False,False,False,False,False,False,False
換,huàn,hoàn,1,False,False,False,False,False,False,False,False,False,False
揭,khat,khat,1,False,False,False,False,False,False,False,False,False,False
揷,tsho̍p,chho̍p,1,False,False,False,False,False,False,False,False,False,False
撥會,pué-huē,póe-hōe,1,False,False,False,False,False,False,False,False,False,False
揷揷,tsha̍p-tsha̍p,chha̍p-chha̍p,1,False,False,False,False,False,False,False,False,False,False
揷揷,tsho̍p-tsho̍p,chho̍p-chho̍p,1,False,False,False,False,False,False,False,False,False,False
揷脚揷手,tshap-kha-tshap-tshiú,chhap-kha-chhap-chhiú,1,False,False,False,False,False,False,False,False,False,False
揷花仔,tshah-hue-á,chhah-hoe-á,1,False,False,False,False,False,False,False,False,False,False
揾料,ùn-liāu,ùn-liāu,1,False,False,False,False,False,False,False,False,False,False
搂,liô,liô,1,False,False,False,False,False,False,False,False,False,False
搂,lôo,lô͘,1,False,False,False,False,False,False,False,False,False,False
損害,sńg-hāi,sńg-hāi,1,False,False,False,False,False,False,False,False,False,False
摇,iâu,iâu,1,False,False,False,False,False,False,False,False,False,False
摇笱,iô-kô,iô-kô,1,False,False,False,False,False,False,False,False,False,False
摟,liô,liô,1,False,False,False,False,False,False,False,False,False,False
摳,khi,khi,1,False,False,False,False,False,False,False,False,False,False
探貞,thàm-tsing,thàm-cheng,1,False,False,False,False,False,False,False,False,False,False
掞,tānn,tāⁿ,1,False,False,False,False,False,False,False,False,False,False
掛碍,kuà-gāi,kòa-gāi,1,False,False,False,False,False,False,False,False,False,False
掛碍,khuà-gāi,khòa-gāi,1,False,False,False,False,False,False,False,False,False,False
招集,tsiau-tsi̍p,chiau-chi̍p,1,False,False,False,False,False,False,False,False,False,False
拭,sit,sit,1,False,False,False,False,False,False,False,False,False,False
拯救,chín-kiù,chín-kiù,1,False,False,False,False,False,False,False,False,False,False
拱應,kióng-ìng,kióng-èng,1,False,False,False,False,False,False,False,False,False,False
拱給,kióng-kip,kióng-kip,1,False,False,False,False,False,False,False,False,False,False
拼世,piànn-sì,piàⁿ-sì,1,False,False,False,False,False,False,False,False,False,False
拼勢,piànn-sì,piàⁿ-sì,1,False,False,False,False,False,False,False,False,False,False
指南,chí-lâm,chí-lâm,1,False,False,False,False,False,False,False,False,False,False
指揮,chí-hui,chí-hui,1,False,False,False,False,False,False,False,False,False,False
指頭仔,chńg-thâu-á,chńg-thâu-á,1,False,False,False,False,False,False,False,False,False,False
指頭母,chńg-thâu-bú,chńg-thâu-bú,1,False,False,False,False,False,False,False,False,False,False
挈,khiat,khiat,1,False,False,False,False,False,False,False,False,False,False
按下,àn-hē,àn-hē,1,False,False,False,False,False,False,False,False,False,False
按呢生仔,án-ne-senn-á,án-ne-seⁿ-á,1,False,False,False,False,False,False,False,False,False,False
挑意故,thiau-ì-kòo,thiau-ì-kò͘,1,False,False,False,False,False,False,False,False,False,False
挑難,thiau-lân,thiau-lân,1,False,False,False,False,False,False,False,False,False,False
挖角仔,uat-kak-á,oat-kak-á,1,False,False,False,False,False,False,False,False,False,False
振興,chín-hing,chín-heng,1,False,False,False,False,False,False,False,False,False,False
挽,buán,boán,1,False,False,False,False,False,False,False,False,False,False
捧派,phang-phài,phang-phài,1,False,False,False,False,False,False,False,False,False,False
掃箒,sàu-tsiú,sàu-chiú,1,False,False,False,False,False,False,False,False,False,False
掅㶺,tshíng-thûn,chhéng-thûn,1,False,False,False,False,False,False,False,False,False,False
掅塵,tshíng-thûn,chhéng-thûn,1,False,False,False,False,False,False,False,False,False,False
排灣,pai-uan,pai-oan,1,False,False,False,False,False,False,False,False,False,False
排灣,pâi-uan,pâi-oan,1,False,False,False,False,False,False,False,False,False,False
摸非,moo-hui,mo͘-hui,1,False,False,False,False,False,False,False,False,False,False
撥會,pé-hē,pé-hē,1,False,False,False,False,False,False,False,False,False,False
斜体字,tshiâ-thé-jī,chhiâ-thé-jī,1,False,False,False,False,False,False,False,False,False,False
散赤,sàn-tsia̍h,sàn-chia̍h,1,False,False,False,False,False,False,False,False,False,False
敎科書,kàu-kho-tsu,kàu-kho-chu,1,False,False,False,False,False,False,False,False,False,False
敎練,kàu-liān,kàu-liān,1,False,False,False,False,False,False,False,False,False,False
敎義,kàu-gī,kàu-gī,1,False,False,False,False,False,False,False,False,False,False
救,kiuh,kiuh,1,False,False,False,False,False,False,False,False,False,False
救救,kiuh-kiuh,kiuh-kiuh,1,False,False,False,False,False,False,False,False,False,False
救救,kiù-kiù,kiù-kiù,1,False,False,False,False,False,False,False,False,False,False
救筋,kiuh-kin,kiuh-kin,1,False,False,False,False,False,False,False,False,False,False
救筋,kiuh-kun,kiuh-kun,1,False,False,False,False,False,False,False,False,False,False
救筋,kiù-kun,kiù-kun,1,False,False,False,False,False,False,False,False,False,False
教科書,kàu-khe-tsu,kàu-khe-chu,1,False,False,False,False,False,False,False,False,False,False
教科書,kàu-kho-si,kàu-kho-si,1,False,False,False,False,False,False,False,False,False,False
教科書,kàu-kho-tsu,kàu-kho-chu,1,False,False,False,False,False,False,False,False,False,False
文,bùn,bùn,1,False,False,False,False,False,False,False,False,False,False
撩拍,liâu-phik,liâu-phek,1,False,False,False,False,False,False,False,False,False,False
文來,bûn-lâi,bûn-lâi,1,False,False,False,False,False,False,False,False,False,False
文献,bûn-hiàn,bûn-hiàn,1,False,False,False,False,False,False,False,False,False,False
文萊,bûn-lâi,bûn-lâi,1,False,False,False,False,False,False,False,False,False,False
文虫,būn-thâng,būn-thâng,1,False,False,False,False,False,False,False,False,False,False
文雅,bûn-ngé,bûn-ngé,1,False,False,False,False,False,False,False,False,False,False
文𢖍聖帝,bûn-hîng-sìng-tè,bûn-hêng-sèng-tè,1,False,False,False,False,False,False,False,False,False,False
斍,kak,kak,1,False,False,False,False,False,False,False,False,False,False
斗,tauh,tauh,1,False,False,False,False,False,False,False,False,False,False
斗斗,tauh-tauh,tauh-tauh,1,False,False,False,False,False,False,False,False,False,False
斗斗,ta̍uh-ta̍uh,ta̍uh-ta̍uh,1,False,False,False,False,False,False,False,False,False,False
斗斗仔,tāu-tāu-á,tāu-tāu-á,1,False,False,False,False,False,False,False,False,False,False
料想,liāu-siáng,liāu-siáng,1,False,False,False,False,False,False,False,False,False,False
敎科書,kàu-kho-si,kàu-kho-si,1,False,False,False,False,False,False,False,False,False,False
敎科書,kàu-khe-tsu,kàu-khe-chu,1,False,False,False,False,False,False,False,False,False,False
敎科書,kàu-khe-su,kàu-khe-su,1,False,False,False,False,False,False,False,False,False,False
敎皇,kàu-hông,kàu-hông,1,False,False,False,False,False,False,False,False,False,False
撰,suán,soán,1,False,False,False,False,False,False,False,False,False,False
撻撻淀,that-that-tīnn,that-that-tīⁿ,1,False,False,False,False,False,False,False,False,False,False
擂台,lûi-tâi,lûi-tâi,1,False,False,False,False,False,False,False,False,False,False
擂鼓,luī-kóo,lūi-kó͘,1,False,False,False,False,False,False,False,False,False,False
操,tshoh,chhoh,1,False,False,False,False,False,False,False,False,False,False
操諫六喬,tshoh-kàn-la̍k-kiāu,chhoh-kàn-la̍k-kiāu,1,False,False,False,False,False,False,False,False,False,False
擔悞,tam-gōo,tam-gō͘,1,False,False,False,False,False,False,False,False,False,False
擧例,kí-lē,kí-lē,1,False,False,False,False,False,False,False,False,False,False
擧例,kú-lē,kú-lē,1,False,False,False,False,False,False,False,False,False,False
擧頭,giâ-thâu,giâ-thâu,1,False,False,False,False,False,False,False,False,False,False
擴充,khòng-tshiong,khòng-chhiong,1,False,False,False,False,False,False,False,False,False,False
擴張,khok-tiang,khok-tiang,1,False,False,False,False,False,False,False,False,False,False
擴張,khòng-tiang,khòng-tiang,1,False,False,False,False,False,False,False,False,False,False
擺脚,pái-kha,pái-kha,1,False,False,False,False,False,False,False,False,False,False
攁,ió,ió,1,False,False,False,False,False,False,False,False,False,False
攁,iúnn,iúⁿ,1,False,False,False,False,False,False,False,False,False,False
攃尿,tshuah-jiō,chhoah-jiō,1,False,False,False,False,False,False,False,False,False,False
攤,thuánn,thóaⁿ,1,False,False,False,False,False,False,False,False,False,False
收音机,siu-im-ki,siu-im-ki,1,False,False,False,False,False,False,False,False,False,False
改換,ké-uānn,ké-ōaⁿ,1,False,False,False,False,False,False,False,False,False,False
改邊,kái-pinn,kái-piⁿ,1,False,False,False,False,False,False,False,False,False,False
政党,tsìng-tóng,chèng-tóng,1,False,False,False,False,False,False,False,False,False,False
故障,kòo-tsiàng,kò͘-chiàng,1,False,False,False,False,False,False,False,False,False,False
敎宗,kàu-tsong,kàu-chong,1,False,False,False,False,False,False,False,False,False,False
敎王,kàu-ông,kàu-ông,1,False,False,False,False,False,False,False,False,False,False
招請,tsiau-tshíng,chiau-chhéng,1,False,False,False,False,False,False,False,False,False,False
招夫,tsiau-hu,chiau-hu,1,False,False,False,False,False,False,False,False,False,False
拖,thuā,thōa,1,False,False,False,False,False,False,False,False,False,False
憶着,it-tio̍h,it-tio̍h,1,False,False,False,False,False,False,False,False,False,False
愛卜,ài-bueh,ài-boeh,1,False,False,False,False,False,False,False,False,False,False
愛錢,ài-tsînn,ài-chîⁿ,1,False,False,False,False,False,False,False,False,False,False
感情債,kám-tsîng-tsè,kám-chêng-chè,1,False,False,False,False,False,False,False,False,False,False
感想,kám-siáng,kám-siáng,1,False,False,False,False,False,False,False,False,False,False
愼,sīn,sīn,1,False,False,False,False,False,False,False,False,False,False
愿意,guān-ì,goān-ì,1,False,False,False,False,False,False,False,False,False,False
慌,hóng,hóng,1,False,False,False,False,False,False,False,False,False,False
慢且示,bān-tshiánn-sī,bān-chhiáⁿ-sī,1,False,False,False,False,False,False,False,False,False,False
慣示,kuàinn-sì,koàiⁿ-sì,1,False,False,False,False,False,False,False,False,False,False
慶,khiàng,khiàng,1,False,False,False,False,False,False,False,False,False,False
慶斗,khiàng-táu,khiàng-táu,1,False,False,False,False,False,False,False,False,False,False
憤慨,hún-khài,hún-khài,1,False,False,False,False,False,False,False,False,False,False
應効,ìng-hāu,èng-hāu,1,False,False,False,False,False,False,False,False,False,False
拍鉄,phah-thih,phah-thih,1,False,False,False,False,False,False,False,False,False,False
懐孕,huâi-īn,hoâi-īn,1,False,False,False,False,False,False,False,False,False,False
懐念,huâi-liām,hoâi-liām,1,False,False,False,False,False,False,False,False,False,False
懴,tshiam,chhiam,1,False,False,False,False,False,False,False,False,False,False
懶尸,lán-si,lán-si,1,False,False,False,False,False,False,False,False,False,False
懺,tshiam,chhiam,1,False,False,False,False,False,False,False,False,False,False
戀戀,luân-luân,loân-loân,1,False,False,False,False,False,False,False,False,False,False
戈,kò,kò,1,False,False,False,False,False,False,False,False,False,False
戈,kō,kō,1,False,False,False,False,False,False,False,False,False,False
戌仔,sut-á,sut-á,1,False,False,False,False,False,False,False,False,False,False
成廣澳,sîng-kóng-ò,sêng-kóng-ò,1,False,False,False,False,False,False,False,False,False,False
戰閗,tsiàn-tàu,chiàn-tàu,1,False,False,False,False,False,False,False,False,False,False
戰閗,tsiàn-tòo,chiàn-tò͘,1,False,False,False,False,False,False,False,False,False,False
愛卜,ài-beh,ài-beh,1,False,False,False,False,False,False,False,False,False,False
意愿,ì-guān,ì-goān,1,False,False,False,False,False,False,False,False,False,False
意思意思,ì-sù-ì-sù,ì-sù-ì-sù,1,False,False,False,False,False,False,False,False,False,False
愈恰,lú-khah,lú-khah,1,False,False,False,False,False,False,False,False,False,False
性素,sìng-sòo,sèng-sò͘,1,False,False,False,False,False,False,False,False,False,False
怯示,khiap-sì,khiap-sì,1,False,False,False,False,False,False,False,False,False,False
恐惊,khióng-kiann,khióng-kiaⁿ,1,False,False,False,False,False,False,False,False,False,False
恬靜,thiâm-tsīng,thiâm-chēng,1,False,False,False,False,False,False,False,False,False,False
恰去,khah-khì,khah-khì,1,False,False,False,False,False,False,False,False,False,False
恰咀,khah-tsua̍h,khah-choa̍h,1,False,False,False,False,False,False,False,False,False,False
恰絶,khah-tsua̍h,khah-choa̍h,1,False,False,False,False,False,False,False,False,False,False
恰過,khah-kè,khah-kè,1,False,False,False,False,False,False,False,False,False,False
悞殺,gōo-sat,gō͘-sat,1,False,False,False,False,False,False,False,False,False,False
悪夢,ok-bāng,ok-bāng,1,False,False,False,False,False,False,False,False,False,False
悪得,oh-tit,oh-tit,1,False,False,False,False,False,False,False,False,False,False
悪毒,ok-to̍k,ok-to̍k,1,False,False,False,False,False,False,False,False,False,False
悲劇,pi-ki̍k,pi-ke̍k,1,False,False,False,False,False,False,False,False,False,False
悲意,pi-ì,pi-ì,1,False,False,False,False,False,False,False,False,False,False
悲戀,pi-luân,pi-loân,1,False,False,False,False,False,False,False,False,False,False
情債,tsîng-tsè,chêng-chè,1,False,False,False,False,False,False,False,False,False,False
情海,tsîng-hái,chêng-hái,1,False,False,False,False,False,False,False,False,False,False
情路,tsîng-lōo,chêng-lō͘,1,False,False,False,False,False,False,False,False,False,False
惟,ûi,ûi,1,False,False,False,False,False,False,False,False,False,False
惟一,î-it,î-it,1,False,False,False,False,False,False,False,False,False,False
惡得,oh-tit,oh-tit,1,False,False,False,False,False,False,False,False,False,False
想像,siáng-siāng,siáng-siāng,1,False,False,False,False,False,False,False,False,False,False
想象,siáng-siāng,siáng-siāng,1,False,False,False,False,False,False,False,False,False,False
愈,jí,jí,1,False,False,False,False,False,False,False,False,False,False
愈卡,lú-khah,lú-khah,1,False,False,False,False,False,False,False,False,False,False
戱劇,hì-kio̍k,hì-kio̍k,1,False,False,False,False,False,False,False,False,False,False
戱劇,hì-ki̍k,hì-ke̍k,1,False,False,False,False,False,False,False,False,False,False
戱獅甲,hì-sai-kah,hì-sai-kah,1,False,False,False,False,False,False,False,False,False,False
抛荒,pha-hng,pha-hng,1,False,False,False,False,False,False,False,False,False,False
抦變,píng-pìnn,péng-pìⁿ,1,False,False,False,False,False,False,False,False,False,False
披仙,phi-sian,phi-sian,1,False,False,False,False,False,False,False,False,False,False
抱歉,phāu-khiám,phāu-khiám,1,False,False,False,False,False,False,False,False,False,False
抵千,tú-tshian,tú-chhian,1,False,False,False,False,False,False,False,False,False,False
抵着仔,tú-tio̍h-á,tú-tio̍h-á,1,False,False,False,False,False,False,False,False,False,False
押落底,ah-lo̍h-tué,ah-lo̍h-tóe,1,False,False,False,False,False,False,False,False,False,False
押落底,ah-lo̍h-té,ah-lo̍h-té,1,False,False,False,False,False,False,False,False,False,False
抽象,thiu-siāng,thiu-siāng,1,False,False,False,False,False,False,False,False,False,False
担,tānn,tāⁿ,1,False,False,False,False,False,False,False,False,False,False
拆筌,thiah-tshuann,thiah-chhoaⁿ,1,False,False,False,False,False,False,False,False,False,False
拉,là,là,1,False,False,False,False,False,False,False,False,False,False
拉,lā,lā,1,False,False,False,False,False,False,False,False,False,False
拉侖燒,lâ-lun-sio,lâ-lun-sio,1,False,False,False,False,False,False,False,False,False,False
拉天,la-thian,la-thian,1,False,False,False,False,False,False,False,False,False,False
拉崙燒,lâ-lun-sio,lâ-lun-sio,1,False,False,False,False,False,False,False,False,False,False
拉牛坂,la-gû-pán,la-gû-pán,1,False,False,False,False,False,False,False,False,False,False
拉舌,lā-tsi̍h,lā-chi̍h,1,False,False,False,False,False,False,False,False,False,False
拉里,lâ-lí,lâ-lí,1,False,False,False,False,False,False,False,False,False,False
拉颯話,lah-sap-uē,lah-sap-ōe,1,False,False,False,False,False,False,False,False,False,False
拍不見,phàng-kiàn,phàng-kiàn,1,False,False,False,False,False,False,False,False,False,False
拍不見,phàng-kìnn,phàng-kìⁿ,1,False,False,False,False,False,False,False,False,False,False
拍加落,phah-ka-la̍uh,phah-ka-la̍uh,1,False,False,False,False,False,False,False,False,False,False
拍某,phah-bóo,phah-bó͘,1,False,False,False,False,False,False,False,False,False,False
拍氆光,phah-phú-kng,phah-phú-kng,1,False,False,False,False,False,False,False,False,False,False
拍算,phàng,phàng,1,False,False,False,False,False,False,False,False,False,False
抛錠,pha-tiānn,pha-tiāⁿ,1,False,False,False,False,False,False,False,False,False,False
抛歹,phat-tái,phat-tái,1,False,False,False,False,False,False,False,False,False,False
戱金,hì-kim,hì-kim,1,False,False,False,False,False,False,False,False,False,False
抛歹,pha-tái,pha-tái,1,False,False,False,False,False,False,False,False,False,False
戲,hoo,ho͘,1,False,False,False,False,False,False,False,False,False,False
戲獅甲,hì-sai-kah,hì-sai-kah,1,False,False,False,False,False,False,False,False,False,False
扁仔,pián-á,pián-á,1,False,False,False,False,False,False,False,False,False,False
扁仙,pián-sian,pián-sian,1,False,False,False,False,False,False,False,False,False,False
手册,tshiú-tsheh,chhiú-chheh,1,False,False,False,False,False,False,False,False,False,False
手宛,tshiú-uán,chhiú-oán,1,False,False,False,False,False,False,False,False,False,False
手扣,tshiú-khàu,chhiú-khàu,1,False,False,False,False,False,False,False,False,False,False
手袖,tshiú-ńg,chhiú-ńg,1,False,False,False,False,False,False,False,False,False,False
手蹄,tshiú-tê,chhiú-tê,1,False,False,False,False,False,False,False,False,False,False
手𠁆,tshiú-khiau,chhiú-khiau,1,False,False,False,False,False,False,False,False,False,False
打不見,phàng-kiàn,phàng-kiàn,1,False,False,False,False,False,False,False,False,False,False
打不見,phàng-kìnn,phàng-kìⁿ,1,False,False,False,False,False,False,False,False,False,False
打某,phah-bóo,phah-bó͘,1,False,False,False,False,False,False,False,False,False,False
打氆光,phah-phú-kng,phah-phú-kng,1,False,False,False,False,False,False,False,False,False,False
打算,phàng,phàng,1,False,False,False,False,False,False,False,False,False,False
打鉄,phah-thih,phah-thih,1,False,False,False,False,False,False,False,False,False,False
打馬字,tánn-má-jī,táⁿ-má-jī,1,False,False,False,False,False,False,False,False,False,False
托,thak,thak,1,False,False,False,False,False,False,False,False,False,False
扯云,tshé-ûn,chhé-ûn,1,False,False,False,False,False,False,False,False,False,False
扯擺,tshé-pái,chhé-pái,1,False,False,False,False,False,False,False,False,False,False
承認,sîng-jīm,sêng-jīm,1,False,False,False,False,False,False,False,False,False,False
把會,pé-hē,pé-hē,1,False,False,False,False,False,False,False,False,False,False
投仔,tâu-á,tâu-á,1,False,False,False,False,False,False,False,False,False,False
抛,phau,phau,1,False,False,False,False,False,False,False,False,False,False
抛椗,pha-tiānn,pha-tiāⁿ,1,False,False,False,False,False,False,False,False,False,False
料算,liāu-suàn,liāu-soàn,1,False,False,False,False,False,False,False,False,False,False
斜字,tshiâ-jī,chhiâ-jī,1,False,False,False,False,False,False,False,False,False,False
急水溪,kip-tsuí-khue,kip-chúi-khoe,1,False,False,False,False,False,False,False,False,False,False
林圮埔,lîm-kí-poo,lîm-kí-po͘,1,False,False,False,False,False,False,False,False,False,False
東甯,tong-lîng,tong-lêng,1,False,False,False,False,False,False,False,False,False,False
東甯路,tong-lîng-lōo,tong-lêng-lō͘,1,False,False,False,False,False,False,False,False,False,False
東都,tong-too,tong-to͘,1,False,False,False,False,False,False,False,False,False,False
杼,thí,thí,1,False,False,False,False,False,False,False,False,False,False
松井,siông-tsénn,siông-chéⁿ,1,False,False,False,False,False,False,False,False,False,False
松本,siông-pún,siông-pún,1,False,False,False,False,False,False,False,False,False,False
松柏,tsîng-peh,chêng-peh,1,False,False,False,False,False,False,False,False,False,False
松樹,tsîng-tshiū,chêng-chhiū,1,False,False,False,False,False,False,False,False,False,False
松田,siông-tiân,siông-tiân,1,False,False,False,False,False,False,False,False,False,False
板寮,pán-liâu,pán-liâu,1,False,False,False,False,False,False,False,False,False,False
板撩,pán-liâu,pán-liâu,1,False,False,False,False,False,False,False,False,False,False
枇杷,gî,gî,1,False,False,False,False,False,False,False,False,False,False
林屺埔,lîm-kí-poo,lîm-kí-po͘,1,False,False,False,False,False,False,False,False,False,False
查某子,chău-kiánn,chău-kiáⁿ,1,False,False,False,False,False,False,False,False,False,False
林德官,lîm-tik-kuann,lîm-tek-koaⁿ,1,False,False,False,False,False,False,False,False,False,False
枝仔子,ki-á-kiánn,ki-á-kiáⁿ,1,False,False,False,False,False,False,False,False,False,False
枝体,ki-thé,ki-thé,1,False,False,False,False,False,False,False,False,False,False
枝身,ki-sin,ki-sin,1,False,False,False,False,False,False,False,False,False,False
枝體,ki-thé,ki-thé,1,False,False,False,False,False,False,False,False,False,False
某乜,bóo-mi̍h,bó͘-mi̍h,1,False,False,False,False,False,False,False,False,False,False
柑仔縣,kam-á-kuāinn,kam-á-koāiⁿ,1,False,False,False,False,False,False,False,False,False,False
柑仔縣,kam-á-kuān,kam-á-koān,1,False,False,False,False,False,False,False,False,False,False
柔佛,jiû-hu̍t,jiû-hu̍t,1,False,False,False,False,False,False,False,False,False,False
查某体,tsa-bóo-thué,cha-bó͘-thóe,1,False,False,False,False,False,False,False,False,False,False
查某体,tsa-bóo-thé,cha-bó͘-thé,1,False,False,False,False,False,False,False,False,False,False
查某囝仔,chău-gín-ná,chău-gín-ná,1,False,False,False,False,False,False,False,False,False,False
東海大學,tong-hái-tāi-ha̍k,tong-hái-tāi-ha̍k,1,False,False,False,False,False,False,False,False,False,False
東海大學,tang-hái-tuā-o̍h,tang-hái-tōa-o̍h,1,False,False,False,False,False,False,False,False,False,False
東海,tong-hái,tong-hái,1,False,False,False,False,False,False,False,False,False,False
東方白,tong-hong-pe̍h,tong-hong-pe̍h,1,False,False,False,False,False,False,False,False,False,False
木莉,ba̍k-nī,ba̍k-nī,1,False,False,False,False,False,False,False,False,False,False
木虱,ba̍k-sat,ba̍k-sat,1,False,False,False,False,False,False,False,False,False,False
木魚,bo̍k-gṳ̂,bo̍k-gṳ̂,1,False,False,False,False,False,False,False,False,False,False
未曾,buē-tsīng,bōe-chēng,1,False,False,False,False,False,False,False,False,False,False
未曾未,buē-tsīng-buē,bōe-chēng-bōe,1,False,False,False,False,False,False,False,False,False,False
未曾未,bē-tsīng-bē,bē-chēng-bē,1,False,False,False,False,False,False,False,False,False,False
本体,pún-thé,pún-thé,1,False,False,False,False,False,False,False,False,False,False
朴仔脚,phoh-á-kha,phoh-á-kha,1,False,False,False,False,False,False,False,False,False,False
朴實,phok-si̍t,phok-si̍t,1,False,False,False,False,False,False,False,False,False,False
朴素,phok-sòo,phok-sò͘,1,False,False,False,False,False,False,False,False,False,False
朴鼎,phak-tiánn,phak-tiáⁿ,1,False,False,False,False,False,False,False,False,False,False
机制,ki-tsè,ki-chè,1,False,False,False,False,False,False,False,False,False,False
机率,ki-lu̍t,ki-lu̍t,1,False,False,False,False,False,False,False,False,False,False
机關,ki-kuan,ki-koan,1,False,False,False,False,False,False,False,False,False,False
朽古,àu-kóo,àu-kó͘,1,False,False,False,False,False,False,False,False,False,False
杀,sat,sat,1,False,False,False,False,False,False,False,False,False,False
杉山,sam-san,sam-san,1,False,False,False,False,False,False,False,False,False,False
李江却,lí-kang-khioh,lí-kang-khioh,1,False,False,False,False,False,False,False,False,False,False
村上,tshuan-siōng,chhoan-siōng,1,False,False,False,False,False,False,False,False,False,False
村田,tshuan-tiân,chhoan-tiân,1,False,False,False,False,False,False,False,False,False,False
東北平,tang-pak-pîng,tang-pak-pêng,1,False,False,False,False,False,False,False,False,False,False
東南平,tang-lâm-pîng,tang-lâm-pêng,1,False,False,False,False,False,False,False,False,False,False
東大墩,tang-tuā-tun,tang-tōa-tun,1,False,False,False,False,False,False,False,False,False,False
東寧,tong-lîng,tong-lêng,1,False,False,False,False,False,False,False,False,False,False
東寧路,tong-lîng-lōo,tong-lêng-lō͘,1,False,False,False,False,False,False,False,False,False,False
查某囝仔,chău-gín-á,chău-gín-á,1,False,False,False,False,False,False,False,False,False,False
查某子,tsa-á-kiánn,cha-á-kiáⁿ,1,False,False,False,False,False,False,False,False,False,False
斜體字,tshiâ-thé-jī,chhiâ-thé-jī,1,False,False,False,False,False,False,False,False,False,False
棹面,toh-bīn,toh-bīn,1,False,False,False,False,False,False,False,False,False,False
桃園,thô-hûinn,thô-hûiⁿ,1,False,False,False,False,False,False,False,False,False,False
梅,mûi,mûi,1,False,False,False,False,False,False,False,False,False,False
梅山,muâi-san,moâi-san,1,False,False,False,False,False,False,False,False,False,False
梗,kīng,kēng,1,False,False,False,False,False,False,False,False,False,False
梭員,so-înn,so-îⁿ,1,False,False,False,False,False,False,False,False,False,False
梭圓,so-înn,so-îⁿ,1,False,False,False,False,False,False,False,False,False,False
梳粧,se-tsng,se-chng,1,False,False,False,False,False,False,False,False,False,False
梳粧,sue-tsng,soe-chng,1,False,False,False,False,False,False,False,False,False,False
棄捒,khì-sak,khì-sak,1,False,False,False,False,False,False,False,False,False,False
棕,tsáng,cháng,1,False,False,False,False,False,False,False,False,False,False
棟案,tòng-àn,tòng-àn,1,False,False,False,False,False,False,False,False,False,False
棹櫃,toh-kuī,toh-kūi,1,False,False,False,False,False,False,False,False,False,False
椅仔頂,í-á-tíng,í-á-téng,1,False,False,False,False,False,False,False,False,False,False
查某英,tsa-bóo-enn,cha-bó͘-eⁿ,1,False,False,False,False,False,False,False,False,False,False
椅住,í-tsū,í-chū,1,False,False,False,False,False,False,False,False,False,False
椅住,í-tsū-á,í-chū-á,1,False,False,False,False,False,False,False,False,False,False
椅住仔,í-tsū,í-chū,1,False,False,False,False,False,False,False,False,False,False
椅住仔,í-tsū-á,í-chū-á,1,False,False,False,False,False,False,False,False,False,False
椅坐仔,í-tsē-á,í-chē-á,1,False,False,False,False,False,False,False,False,False,False
椊,tuh,tuh,1,False,False,False,False,False,False,False,False,False,False
椊椊,tuh-tuh,tuh-tuh,1,False,False,False,False,False,False,False,False,False,False
植民,ti̍t-bîn,ti̍t-bîn,1,False,False,False,False,False,False,False,False,False,False
植民地,si̍t-bîn-tuē,si̍t-bîn-tōe,1,False,False,False,False,False,False,False,False,False,False
植民地,si̍t-bîn-tē,si̍t-bîn-tē,1,False,False,False,False,False,False,False,False,False,False
植民地,ti̍t-bîn-tuē,ti̍t-bîn-tōe,1,False,False,False,False,False,False,False,False,False,False
植民地,ti̍t-bîn-tē,ti̍t-bîn-tē,1,False,False,False,False,False,False,False,False,False,False
桃仔園,thô-á-hûinn,thô-á-hûiⁿ,1,False,False,False,False,False,False,False,False,False,False
桁仔,ênn-á,êⁿ-á,1,False,False,False,False,False,False,False,False,False,False
格骨,kik-kut,kek-kut,1,False,False,False,False,False,False,False,False,False,False
格氣,kik-khì,kek-khì,1,False,False,False,False,False,False,False,False,False,False
柱,tsī,chī,1,False,False,False,False,False,False,False,False,False,False
柱仔只,thiāu-á-chí,thiāu-á-chí,1,False,False,False,False,False,False,False,False,False,False
柱仔子,thiāu-á-chí,thiāu-á-chí,1,False,False,False,False,False,False,False,False,False,False
柴杷,tshâ-pê,chhâ-pê,1,False,False,False,False,False,False,False,False,False,False
柴槌,tshâ-thûi,chhâ-thûi,1,False,False,False,False,False,False,False,False,False,False
柿柿,gi̍h-gi̍h,gi̍h-gi̍h,1,False,False,False,False,False,False,False,False,False,False
柿柿,gī-gī,gī-gī,1,False,False,False,False,False,False,False,False,False,False
柿柿,khi̍h-khi̍h,khi̍h-khi̍h,1,False,False,False,False,False,False,False,False,False,False
柿柿,khī-khī,khī-khī,1,False,False,False,False,False,False,False,False,False,False
柿柿攃,gi̍h-gi̍h-tshuah,gi̍h-gi̍h-chhoah,1,False,False,False,False,False,False,False,False,False,False
柿柿攃,khi̍h-khi̍h-tshuah,khi̍h-khi̍h-chhoah,1,False,False,False,False,False,False,False,False,False,False
柿致,khī-tì,khī-tì,1,False,False,False,False,False,False,False,False,False,False
株,tuh,tuh,1,False,False,False,False,False,False,False,False,False,False
株,tu̍h,tu̍h,1,False,False,False,False,False,False,False,False,False,False
株,tū,tū,1,False,False,False,False,False,False,False,False,False,False
株株,tuh-tuh,tuh-tuh,1,False,False,False,False,False,False,False,False,False,False
株株,tū-tū,tū-tū,1,False,False,False,False,False,False,False,False,False,False
核凖,hi̍k-tsún,he̍k-chún,1,False,False,False,False,False,False,False,False,False,False
根性,kun-sìng,kun-sèng,1,False,False,False,False,False,False,False,False,False,False
根据,kin-kì,kin-kì,1,False,False,False,False,False,False,False,False,False,False
根据,kin-kù,kin-kù,1,False,False,False,False,False,False,False,False,False,False
根据,kun-kù,kun-kù,1,False,False,False,False,False,False,False,False,False,False
根據,kin-kù,kin-kù,1,False,False,False,False,False,False,False,False,False,False
格屎,kik-sái,kek-sái,1,False,False,False,False,False,False,False,False,False,False
格心,kik-sim,kek-sim,1,False,False,False,False,False,False,False,False,False,False
木村,bo̍k-tshuan,bo̍k-chhoan,1,False,False,False,False,False,False,False,False,False,False
木山澳仔,bo̍k-san-ò-á,bo̍k-san-ò-á,1,False,False,False,False,False,False,False,False,False,False
木下,bo̍k-hā,bo̍k-hā,1,False,False,False,False,False,False,False,False,False,False
昌盛,tshiang-sīng,chhiang-sēng,1,False,False,False,False,False,False,False,False,False,False
日高,ji̍t-ko,ji̍t-ko,1,False,False,False,False,False,False,False,False,False,False
旦捒,tàn-sak,tàn-sak,1,False,False,False,False,False,False,False,False,False,False
早稻田,tsó-tiū-tiân,chó-tiū-tiân,1,False,False,False,False,False,False,False,False,False,False
早起時,tsái-sî,chái-sî,1,False,False,False,False,False,False,False,False,False,False
早起時仔,tsá-sî-á,chá-sî-á,1,False,False,False,False,False,False,False,False,False,False
早起時仔,tsái-khí-sî-á,chái-khí-sî-á,1,False,False,False,False,False,False,False,False,False,False
早起時仔,tsái-sî-á,chái-sî-á,1,False,False,False,False,False,False,False,False,False,False
旱溪,hān-khue,hān-khoe,1,False,False,False,False,False,False,False,False,False,False
旺叢,ōng-tsâng,ōng-châng,1,False,False,False,False,False,False,False,False,False,False
旺欉,ōng-tsâng,ōng-châng,1,False,False,False,False,False,False,False,False,False,False
昂迎,gông-gia̍h,gông-gia̍h,1,False,False,False,False,False,False,False,False,False,False
昌在,tshiâng-tsāi,chhiâng-chāi,1,False,False,False,False,False,False,False,False,False,False
明仔再,bîn,bîn,1,False,False,False,False,False,False,False,False,False,False
朝馬,tiâu-bé,tiâu-bé,1,False,False,False,False,False,False,False,False,False,False
明仔再,mî-á-tsài,mî-á-chài,1,False,False,False,False,False,False,False,False,False,False
明旦再,bîn,bîn,1,False,False,False,False,False,False,False,False,False,False
明旦再,mî-á-tsài,mî-á-chài,1,False,False,False,False,False,False,False,False,False,False
明籠,bîng-láng,bêng-láng,1,False,False,False,False,False,False,False,False,False,False
明那再,bîn,bîn,1,False,False,False,False,False,False,False,False,False,False
明那再,mî-á-tsài,mî-á-chài,1,False,False,False,False,False,False,False,False,False,False
易,kuē,kōe,1,False,False,False,False,False,False,False,False,False,False
昔時賢文,sik-sî-hiân-bûn,sek-sî-hiân-bûn,1,False,False,False,False,False,False,False,False,False,False
春云,tshun-lûn,chhun-lûn,1,False,False,False,False,False,False,False,False,False,False
春云,tshun-ûn,chhun-ûn,1,False,False,False,False,False,False,False,False,False,False
春倫,tshun-lûn,chhun-lûn,1,False,False,False,False,False,False,False,False,False,False
春倫,tshun-ûn,chhun-ûn,1,False,False,False,False,False,False,False,False,False,False
日本語,ji̍t-pún-gú,ji̍t-pún-gú,1,False,False,False,False,False,False,False,False,False,False
日本語,ji̍t-pún-gí,ji̍t-pún-gí,1,False,False,False,False,False,False,False,False,False,False
日曜日,ji̍t-iāu-ji̍t,ji̍t-iāu-ji̍t,1,False,False,False,False,False,False,False,False,False,False
日內瓦,ji̍t-luē-uá,ji̍t-lōe-óa,1,False,False,False,False,False,False,False,False,False,False
斧頭仔,póo-thâu-á,pó͘-thâu-á,1,False,False,False,False,False,False,False,False,False,False
斬然,tsám-jiân,chám-jiân,1,False,False,False,False,False,False,False,False,False,False
斬草斷根,tsám-tsháu-tn̄g-kin,chám-chháu-tn̄g-kin,1,False,False,False,False,False,False,False,False,False,False
斬頭,tsám-thâu,chám-thâu,1,False,False,False,False,False,False,False,False,False,False
斯,sṳ,sṳ,1,False,False,False,False,False,False,False,False,False,False
新來个,sin-lâi-ê,sin-lâi-ê,1,False,False,False,False,False,False,False,False,False,False
新來兮,sin-lâi-ê,sin-lâi-ê,1,False,False,False,False,False,False,False,False,False,False
新到,sin-kàu,sin-kàu,1,False,False,False,False,False,False,False,False,False,False
新山,sin-suann,sin-soaⁿ,1,False,False,False,False,False,False,False,False,False,False
新店溪,sin-tiàm-khue,sin-tiàm-khoe,1,False,False,False,False,False,False,False,False,False,False
新彊,sin-kiang,sin-kiang,1,False,False,False,False,False,False,False,False,False,False
新彊,sin-kiong,sin-kiong,1,False,False,False,False,False,False,False,False,False,False
新星,sin-tshenn,sin-chheⁿ,1,False,False,False,False,False,False,False,False,False,False
新樓病院,sin-lâu-pēnn-īnn,sin-lâu-pēⁿ-īⁿ,1,False,False,False,False,False,False,False,False,False,False
新歷,sin-li̍k,sin-le̍k,1,False,False,False,False,False,False,False,False,False,False
新西蘭,sin-se-lân,sin-se-lân,1,False,False,False,False,False,False,False,False,False,False
斷絶,tuān-tsua̍t,toān-choa̍t,1,False,False,False,False,False,False,False,False,False,False
斷腸詩,tuān-tn̂g-si,toān-tn̂g-si,1,False,False,False,False,False,False,False,False,False,False
斷腸詩,tuān-tshiâng-si,toān-chhiâng-si,1,False,False,False,False,False,False,False,False,False,False
方險,hong-hiám,hong-hiám,1,False,False,False,False,False,False,False,False,False,False
旅舘,lí-kuán,lí-koán,1,False,False,False,False,False,False,False,False,False,False
旅舘,lú-kuán,lú-koán,1,False,False,False,False,False,False,False,False,False,False
旅順,lí-sūn,lí-sūn,1,False,False,False,False,False,False,False,False,False,False
旗后,kî-āu,kî-āu,1,False,False,False,False,False,False,False,False,False,False
旗袍,kî-phàu,kî-phàu,1,False,False,False,False,False,False,False,False,False,False
春夏秋冬,tshun-hā-tshiu-tong,chhun-hā-chhiu-tong,1,False,False,False,False,False,False,False,False,False,False
春手,tshun-tshiú,chhun-chhiú,1,False,False,False,False,False,False,False,False,False,False
是誰,tsī,chī,1,False,False,False,False,False,False,False,False,False,False
書面語,su-bīn-gú,su-bīn-gú,1,False,False,False,False,False,False,False,False,False,False
曼谷,bân-kok,bân-kok,1,False,False,False,False,False,False,False,False,False,False
曾文溪,tsan-bûn-khue,chan-bûn-khoe,1,False,False,False,False,False,False,False,False,False,False
最后,tsuè-āu,chòe-āu,1,False,False,False,False,False,False,False,False,False,False
會不是,huē-m̄-sī,hōe-m̄-sī,1,False,False,False,False,False,False,False,False,False,False
會不是,hē-m̄-sī,hē-m̄-sī,1,False,False,False,False,False,False,False,False,False,False
會不着,huē-m̄-tio̍h,hōe-m̄-tio̍h,1,False,False,False,False,False,False,False,False,False,False
會不着,hē-m̄-tio̍h,hē-m̄-tio̍h,1,False,False,False,False,False,False,False,False,False,False
會凍,uē-tàng,ōe-tàng,1,False,False,False,False,False,False,False,False,False,False
月台,ge̍h-tâi,ge̍h-tâi,1,False,False,False,False,False,False,False,False,False,False
有凍,ū-tàng,ū-tàng,1,False,False,False,False,False,False,False,False,False,False
有卡咀,ū-khah-tsua̍h,ū-khah-choa̍h,1,False,False,False,False,False,False,False,False,False,False
有卡絶,ū-khah-tsua̍h,ū-khah-choa̍h,1,False,False,False,False,False,False,False,False,False,False
有恰咀,ū-khah-tsua̍h,ū-khah-choa̍h,1,False,False,False,False,False,False,False,False,False,False
有恰絶,ū-khah-tsua̍h,ū-khah-choa̍h,1,False,False,False,False,False,False,False,False,False,False
有意思,ū-ì-sù,ū-ì-sù,1,False,False,False,False,False,False,False,False,False,False
有感,iú-kám,iú-kám,1,False,False,False,False,False,False,False,False,False,False
有机,iú-ki,iú-ki,1,False,False,False,False,False,False,False,False,False,False
朕,tàm,tàm,1,False,False,False,False,False,False,False,False,False,False
朕,tòm,tòm,1,False,False,False,False,False,False,False,False,False,False
朕垂,tàm-suê,tàm-sôe,1,False,False,False,False,False,False,False,False,False,False
朕垂,tàm-sê,tàm-sê,1,False,False,False,False,False,False,False,False,False,False
朕頭,tòm-thâu,tòm-thâu,1,False,False,False,False,False,False,False,False,False,False
朗共,lóng-kiōng,lóng-kiōng,1,False,False,False,False,False,False,False,False,False,False
望安,bāng-uann,bāng-oaⁿ,1,False,False,False,False,False,False,False,False,False,False
朝意故,tiau-ì-kòo,tiau-ì-kò͘,1,False,False,False,False,False,False,False,False,False,False
曹,tso,cho,1,False,False,False,False,False,False,False,False,False,False
書局,si-kio̍k,si-kio̍k,1,False,False,False,False,False,False,False,False,False,False
是誰,tsī-tsuī,chī-chūi,1,False,False,False,False,False,False,False,False,False,False
書,sṳ,sṳ,1,False,False,False,False,False,False,False,False,False,False
時常,sî-siâng,sî-siâng,1,False,False,False,False,False,False,False,False,False,False
外仔,jŏa,jŏa,1,False,False,False,False,False,False,False,False,False,False
時机財,sî-ki-tsâi,sî-ki-châi,1,False,False,False,False,False,False,False,False,False,False
時機財,sî-ki-tsâi,sî-ki-châi,1,False,False,False,False,False,False,False,False,False,False
晋國,tsìn-kok,chìn-kok,1,False,False,False,False,False,False,False,False,False,False
晋江,tsìn-kang,chìn-kang,1,False,False,False,False,False,False,False,False,False,False
晟池,tshiânn-tî,chhiâⁿ-tî,1,False,False,False,False,False,False,False,False,False,False
晬七,tsè-tshit,chè-chhit,1,False,False,False,False,False,False,False,False,False,False
晬外,tsè-guā,chè-gōa,1,False,False,False,False,False,False,False,False,False,False
普世,phóo-sè,phó͘-sè,1,False,False,False,False,False,False,False,False,False,False
暗參,àm-sàm,àm-sàm,1,False,False,False,False,False,False,False,False,False,False
暗号,àm-hō,àm-hō,1,False,False,False,False,False,False,False,False,False,False
暗彌摸,àm-bîn-bong,àm-bîn-bong,1,False,False,False,False,False,False,False,False,False,False
暗彌摸,àm-mi-moo,àm-mi-mo͘,1,False,False,False,False,False,False,False,False,False,False
暗毝,àm-sàm,àm-sàm,1,False,False,False,False,False,False,False,False,False,False
暗民摸,àm-bîn-bong,àm-bîn-bong,1,False,False,False,False,False,False,False,False,False,False
暗苦,àm-khóo,àm-khó͘,1,False,False,False,False,False,False,False,False,False,False
暴力,pōo-li̍k,pō͘-le̍k,1,False,False,False,False,False,False,False,False,False,False
暴動,pōo-tōng,pō͘-tōng,1,False,False,False,False,False,False,False,False,False,False
暴虐,pō-gia̍k,pō-gia̍k,1,False,False,False,False,False,False,False,False,False,False
暴虐,pōo-gio̍k,pō͘-gio̍k,1,False,False,False,False,False,False,False,False,False,False
暵,hán,hán,1,False,False,False,False,False,False,False,False,False,False
曠地仔,khàng-tē-á,khàng-tē-á,1,False,False,False,False,False,False,False,False,False,False
更仔,kénn-á,kéⁿ-á,1,False,False,False,False,False,False,False,False,False,False
更仔魚,kénn-á-hî,kéⁿ-á-hî,1,False,False,False,False,False,False,False,False,False,False
急診,kip-chín,kip-chín,1,False,False,False,False,False,False,False,False,False,False
時机,sî-ki,sî-ki,1,False,False,False,False,False,False,False,False,False,False
思想,su-siáng,su-siáng,1,False,False,False,False,False,False,False,False,False,False
嬲鷄,tshio-ke,chhio-ke,1,False,False,False,False,False,False,False,False,False,False
娘禮,niû-lué,niû-lóe,1,False,False,False,False,False,False,False,False,False,False
娘禮,niû-lé,niû-lé,1,False,False,False,False,False,False,False,False,False,False
娛樂,ngōo-lo̍k,ngō͘-lo̍k,1,False,False,False,False,False,False,False,False,False,False
媒,mûi,mûi,1,False,False,False,False,False,False,False,False,False,False
媒人,mûi-lâng,mûi-lâng,1,False,False,False,False,False,False,False,False,False,False
媒人口,muâi-lâng-tshuì,moâi-lâng-chhùi,1,False,False,False,False,False,False,False,False,False,False
媒人口,mûi-lâng-tshuì,mûi-lâng-chhùi,1,False,False,False,False,False,False,False,False,False,False
媒人嘴,mûi-lâng-tshuì,mûi-lâng-chhùi,1,False,False,False,False,False,False,False,False,False,False
嬲,tshio,chhio,1,False,False,False,False,False,False,False,False,False,False
嬲貪,siáu-tham,siáu-tham,1,False,False,False,False,False,False,False,False,False,False
嬲雞,tshio-ke,chhio-ke,1,False,False,False,False,False,False,False,False,False,False
嬲雞,tshio-kue,chhio-koe,1,False,False,False,False,False,False,False,False,False,False
嬲鷄,tshio-kue,chhio-koe,1,False,False,False,False,False,False,False,False,False,False
宅仔,the̍h-á,the̍h-á,1,False,False,False,False,False,False,False,False,False,False
子仔,chí-á,chí-á,1,False,False,False,False,False,False,False,False,False,False
字体,jī-thé,jī-thé,1,False,False,False,False,False,False,False,False,False,False
字彚,jī-luī,jī-lūi,1,False,False,False,False,False,False,False,False,False,False
字脚,jī-kha,jī-kha,1,False,False,False,False,False,False,False,False,False,False
存在,chûn-tsāi,chûn-chāi,1,False,False,False,False,False,False,False,False,False,False
存心,chûn-sim,chûn-sim,1,False,False,False,False,False,False,False,False,False,False
存辦,tshūn-pān,chhūn-pān,1,False,False,False,False,False,False,False,False,False,False
孤屈,koo-khu̍t,ko͘-khu̍t,1,False,False,False,False,False,False,False,False,False,False
孫个,sun-ê,sun-ê,1,False,False,False,False,False,False,False,False,False,False
孫兮,sun-ê,sun-ê,1,False,False,False,False,False,False,False,False,False,False
學仔,ha̍k-á,ha̍k-á,1,False,False,False,False,False,False,False,False,False,False
學甲,ha̍k-kah,ha̍k-kah,1,False,False,False,False,False,False,False,False,False,False
娘礼,niû-lé,niû-lé,1,False,False,False,False,False,False,False,False,False,False
娘礼,niû-lué,niû-lóe,1,False,False,False,False,False,False,False,False,False,False
娘奶,niû-lué,niû-lóe,1,False,False,False,False,False,False,False,False,False,False
威士記,uí-sū-kì,úi-sū-kì,1,False,False,False,False,False,False,False,False,False,False
奸淫,kan-îm,kan-îm,1,False,False,False,False,False,False,False,False,False,False
好得加再,hó-leh-ka-tsài,hó-leh-ka-chài,1,False,False,False,False,False,False,False,False,False,False
好得加再,hó-lih-ka-tsài,hó-lih-ka-chài,1,False,False,False,False,False,False,False,False,False,False
好得加再,hó-lí-ka-tsài,hó-lí-ka-chài,1,False,False,False,False,False,False,False,False,False,False
好損,hó-sńg,hó-sńg,1,False,False,False,False,False,False,False,False,False,False
好爽,hó-sńg,hó-sńg,1,False,False,False,False,False,False,False,False,False,False
好田像,hó-tshan-tshiūnn,hó-chhan-chhiūⁿ,1,False,False,False,False,False,False,False,False,False,False
好田象,hó-tshan-tshiūnn,hó-chhan-chhiūⁿ,1,False,False,False,False,False,False,False,False,False,False
好皆再,hó-kai-tsài,hó-kai-chài,1,False,False,False,False,False,False,False,False,False,False
好示,hó-sì,hó-sì,1,False,False,False,False,False,False,False,False,False,False
好礼,hó-lé,hó-lé,1,False,False,False,False,False,False,False,False,False,False
好親像,hó-tshan-tshiūnn,hó-chhan-chhiūⁿ,1,False,False,False,False,False,False,False,False,False,False
好親象,hó-tshan-tshiūnn,hó-chhan-chhiūⁿ,1,False,False,False,False,False,False,False,False,False,False
好親象,hó-tshin-tshiūnn,hó-chhin-chhiūⁿ,1,False,False,False,False,False,False,False,False,False,False
如葱葱,jî-tsháng-tsháng,jî-chháng-chháng,1,False,False,False,False,False,False,False,False,False,False
妖精,iau-tsinn,iau-chiⁿ,1,False,False,False,False,False,False,False,False,False,False
妹,nuà,nòa,1,False,False,False,False,False,False,False,False,False,False
姆仔,ḿ-á,ḿ-á,1,False,False,False,False,False,False,False,False,False,False
姆阿,ḿ-á,ḿ-á,1,False,False,False,False,False,False,False,False,False,False
姐姐,tse-tseh,che-cheh,1,False,False,False,False,False,False,False,False,False,False
姐姐,tsé-tseh,ché-cheh,1,False,False,False,False,False,False,False,False,False,False
姑不二將,koo-put-jī-tsiong,ko͘-put-jī-chiong,1,False,False,False,False,False,False,False,False,False,False
姑不二將,koo-put-lī-tsiong,ko͘-put-lī-chiong,1,False,False,False,False,False,False,False,False,False,False
姜母,kiunn-bú,kiuⁿ-bú,1,False,False,False,False,False,False,False,False,False,False
姜黃,kiunn-n̂g,kiuⁿ-n̂g,1,False,False,False,False,False,False,False,False,False,False
宅,ti̍k,te̍k,1,False,False,False,False,False,False,False,False,False,False
宅婚仔,the̍h-hun-á,the̍h-hun-á,1,False,False,False,False,False,False,False,False,False,False
小鷄籠,sió-kue-lâng,sió-koe-lâng,1,False,False,False,False,False,False,False,False,False,False
射石,sia̍h-tsio̍h,sia̍h-chio̍h,1,False,False,False,False,False,False,False,False,False,False
宰様,tsái-iūnn,chái-iūⁿ,1,False,False,False,False,False,False,False,False,False,False
宰樣,tsái-iūnn,chái-iūⁿ,1,False,False,False,False,False,False,False,False,False,False
家伙仔,ke-hé-á,ke-hé-á,1,False,False,False,False,False,False,False,False,False,False
家后,ke-āu,ke-āu,1,False,False,False,False,False,False,False,False,False,False
宿務,siok-bū,siok-bū,1,False,False,False,False,False,False,False,False,False,False
宿務,sok-bū,sok-bū,1,False,False,False,False,False,False,False,False,False,False
寛寛,khuann-khuann,khoaⁿ-khoaⁿ,1,False,False,False,False,False,False,False,False,False,False
寢,chhím,chhím,1,False,False,False,False,False,False,False,False,False,False
寢頭,chhím-thâu,chhím-thâu,1,False,False,False,False,False,False,False,False,False,False
實踐,si̍t-tsián,si̍t-chián,1,False,False,False,False,False,False,False,False,False,False
寫眞,siá-tsin,siá-chin,1,False,False,False,False,False,False,False,False,False,False
寮拍,liâu-phik,liâu-phek,1,False,False,False,False,False,False,False,False,False,False
專集,tsuan-tsi̍p,choan-chi̍p,1,False,False,False,False,False,False,False,False,False,False
宇,u,u,1,False,False,False,False,False,False,False,False,False,False
尊照,tsun-tsiàu,chun-chiàu,1,False,False,False,False,False,False,False,False,False,False
尊趁,tsun-thàn,chun-thàn,1,False,False,False,False,False,False,False,False,False,False
對內,tuì-lāi,tùi-lāi,1,False,False,False,False,False,False,False,False,False,False
對象,tuì-siāng,tùi-siāng,1,False,False,False,False,False,False,False,False,False,False
小嬸,sió-chím,sió-chím,1,False,False,False,False,False,False,False,False,False,False
小山,siáu-san,siáu-san,1,False,False,False,False,False,False,False,False,False,False
小島,siáu-tó,siáu-tó,1,False,False,False,False,False,False,False,False,False,False
小川,siáu-tshuan,siáu-chhoan,1,False,False,False,False,False,False,False,False,False,False
小林,siáu-lîm,siáu-lîm,1,False,False,False,False,False,False,False,False,False,False
小野,siáu-iá,siáu-iá,1,False,False,False,False,False,False,False,False,False,False
小雞籠,sió-ke-lâng,sió-ke-lâng,1,False,False,False,False,False,False,False,False,False,False
小雞籠,sió-kue-lâng,sió-koe-lâng,1,False,False,False,False,False,False,False,False,False,False
宰仔,tsáinn-á,cháiⁿ-á,1,False,False,False,False,False,False,False,False,False,False
宮本,kiong-pún,kiong-pún,1,False,False,False,False,False,False,False,False,False,False
宮崎,kiong-kiā,kiong-kiā,1,False,False,False,False,False,False,False,False,False,False
室友,sit-iú,sit-iú,1,False,False,False,False,False,False,False,False,False,False
宇,ù,ù,1,False,False,False,False,False,False,False,False,False,False
宇電,ù-tiān,ù-tiān,1,False,False,False,False,False,False,False,False,False,False
安仔,an-á,an-á,1,False,False,False,False,False,False,False,False,False,False
安倍,an-puē,an-pōe,1,False,False,False,False,False,False,False,False,False,False
安允,an-ún,an-ún,1,False,False,False,False,False,False,False,False,False,False
安全帽仔,an-tsuân-bō-á,an-choân-bō-á,1,False,False,False,False,False,False,False,False,False,False
安呢生,án-ne-senn,án-ne-seⁿ,1,False,False,False,False,False,False,False,False,False,False
安呢生,án-ne-sinn,án-ne-siⁿ,1,False,False,False,False,False,False,False,False,False,False
安呢生仔,án-ne-senn-á,án-ne-seⁿ-á,1,False,False,False,False,False,False,False,False,False,False
安娘,án-niâ,án-niâ,1,False,False,False,False,False,False,False,False,False,False
安藤,an-tîn,an-tîn,1,False,False,False,False,False,False,False,False,False,False
安順,an-sūn,an-sūn,1,False,False,False,False,False,False,False,False,False,False
安𥝲,an-ún,an-ún,1,False,False,False,False,False,False,False,False,False,False
完畢,uân-pi̍t,oân-pi̍t,1,False,False,False,False,False,False,False,False,False,False
宗主國,tsong-tsú-kok,chong-chú-kok,1,False,False,False,False,False,False,False,False,False,False
宛里,uán-lí,oán-lí,1,False,False,False,False,False,False,False,False,False,False
実,si̍t,si̍t,1,False,False,False,False,False,False,False,False,False,False
客厛,kheh-thiann,kheh-thiaⁿ,1,False,False,False,False,False,False,False,False,False,False
客庄,kheh-tsng,kheh-chng,1,False,False,False,False,False,False,False,False,False,False
客𠫊,kheh-thiann,kheh-thiaⁿ,1,False,False,False,False,False,False,False,False,False,False
宣仔,suān-á,soān-á,1,False,False,False,False,False,False,False,False,False,False
宣敎師,suan-kàu-su,soan-kàu-su,1,False,False,False,False,False,False,False,False,False,False
宣教師,suan-kàu-su,soan-kàu-su,1,False,False,False,False,False,False,False,False,False,False
宣璉,suan-lián,soan-lián,1,False,False,False,False,False,False,False,False,False,False
宣連,suan-lián,soan-lián,1,False,False,False,False,False,False,False,False,False,False
奸宄,kan-kuí,kan-kúi,1,False,False,False,False,False,False,False,False,False,False
奸夫,kan-hu,kan-hu,1,False,False,False,False,False,False,False,False,False,False
奶,lué,lóe,1,False,False,False,False,False,False,False,False,False,False
大浪磅,tuā-lōng-pōng,tōa-lōng-pōng,1,False,False,False,False,False,False,False,False,False,False
大城,tuā-siânn,tōa-siâⁿ,1,False,False,False,False,False,False,False,False,False,False
大埤,tuā-pi,tōa-pi,1,False,False,False,False,False,False,False,False,False,False
大塚,tāi-thióng,tāi-thióng,1,False,False,False,False,False,False,False,False,False,False
大尾,tuā-bé,tōa-bé,1,False,False,False,False,False,False,False,False,False,False
大山嶼,tuā-suann-sū,tōa-soaⁿ-sū,1,False,False,False,False,False,False,False,False,False,False
大嵙崁,tuā-khoo-hām,tōa-kho͘-hām,1,False,False,False,False,False,False,False,False,False,False
大嵙崁溪,tuā-khoo-hām-khe,tōa-kho͘-hām-khe,1,False,False,False,False,False,False,False,False,False,False
大嵙崁溪,tuā-khoo-hām-khue,tōa-kho͘-hām-khoe,1,False,False,False,False,False,False,False,False,False,False
大常,tāi-siông,tāi-siông,1,False,False,False,False,False,False,False,False,False,False
大形,tuā-hîng,tōa-hêng,1,False,False,False,False,False,False,False,False,False,False
大林蒲,tuā-nâ-pôo,tōa-nâ-pô͘,1,False,False,False,False,False,False,False,False,False,False
大概仔,tāi-khài-á,tāi-khài-á,1,False,False,False,False,False,False,False,False,False,False
大浪磅,tōng-pōng,tōng-pōng,1,False,False,False,False,False,False,False,False,False,False
奴隷,lôo-lē,lô͘-lē,1,False,False,False,False,False,False,False,False,False,False
大清國,tāi-tshing-kok,tāi-chheng-kok,1,False,False,False,False,False,False,False,False,False,False
大溪,tāi-khue,tāi-khoe,1,False,False,False,False,False,False,False,False,False,False
大灣,tuā-uan,tōa-oan,1,False,False,False,False,False,False,False,False,False,False
大田,tuā-tshân,tōa-chhân,1,False,False,False,False,False,False,False,False,False,False
大甲溪,tāi-kah-khue,tāi-kah-khoe,1,False,False,False,False,False,False,False,False,False,False
大稻埕,tāu-tiânn,tāu-tiâⁿ,1,False,False,False,False,False,False,False,False,False,False
大細本字,tuā-suè-pún-jī,tōa-sòe-pún-jī,1,False,False,False,False,False,False,False,False,False,False
大細本字,tuā-sè-pún-jī,tōa-sè-pún-jī,1,False,False,False,False,False,False,False,False,False,False
大肚溪,tuā-tōo-khe,tōa-tō͘-khe,1,False,False,False,False,False,False,False,False,False,False
大肚溪,tuā-tōo-khue,tōa-tō͘-khoe,1,False,False,False,False,False,False,False,False,False,False
大西洋,tuā-sai-iûⁿ,tōa-sai-iûⁿ,1,False,False,False,False,False,False,False,False,False,False
大谷,tāi-kok,tāi-kok,1,False,False,False,False,False,False,False,False,False,False
大園仔,tuā-hûinn-á,tōa-hûiⁿ-á,1,False,False,False,False,False,False,False,False,False,False
大兮,tuā-ê,tōa-ê,1,False,False,False,False,False,False,False,False,False,False
大体上,tāi-thé-siāng,tāi-thé-siāng,1,False,False,False,False,False,False,False,False,False,False
大体,tāi-thé,tāi-thé,1,False,False,False,False,False,False,False,False,False,False
思,sṳ,sṳ,1,False,False,False,False,False,False,False,False,False,False
外仔,lŏa,lŏa,1,False,False,False,False,False,False,False,False,False,False
外仔哖,juā-á-ni̍h,jōa-á-ni̍h,1,False,False,False,False,False,False,False,False,False,False
外仔哖,juā-á-nī,jōa-á-nī,1,False,False,False,False,False,False,False,False,False,False
外仔哖,jŏa-ni̍h,jŏa-ni̍h,1,False,False,False,False,False,False,False,False,False,False
外仔哖,jŏa-nī,jŏa-nī,1,False,False,False,False,False,False,False,False,False,False
外仔年,juā-á-ni̍h,jōa-á-ni̍h,1,False,False,False,False,False,False,False,False,False,False
外仔年,juā-á-nī,jōa-á-nī,1,False,False,False,False,False,False,False,False,False,False
外仔年,jŏa-ni̍h,jŏa-ni̍h,1,False,False,False,False,False,False,False,False,False,False
外仔年,jŏa-nī,jŏa-nī,1,False,False,False,False,False,False,False,False,False,False
外位仔,guā-uī-á,gōa-ūi-á,1,False,False,False,False,False,False,False,False,False,False
外來,guā-lâi-gí,gōa-lâi-gí,1,False,False,False,False,False,False,False,False,False,False
外來,guā-lâi-gú,gōa-lâi-gú,1,False,False,False,False,False,False,False,False,False,False
外來,guā-lâi-sû,gōa-lâi-sû,1,False,False,False,False,False,False,False,False,False,False
外字,guā-jī,gōa-jī,1,False,False,False,False,False,False,False,False,False,False
外平,guā-pîng,gōa-pêng,1,False,False,False,False,False,False,False,False,False,False
外滙,guā-huē,gōa-hōe,1,False,False,False,False,False,False,False,False,False,False
外省仔,guā-síng-á,gōa-séng-á,1,False,False,False,False,False,False,False,False,False,False
外縣市,guā-kuāinn-tshī,gōa-koāiⁿ-chhī,1,False,False,False,False,False,False,False,False,False,False
外縣市,guā-kuīnn-tshī,gōa-kūiⁿ-chhī,1,False,False,False,False,False,False,False,False,False,False
外語,guā-gú,gōa-gú,1,False,False,False,False,False,False,False,False,False,False
多田,to-tiân,to-tiân,1,False,False,False,False,False,False,False,False,False,False
夜夜,iā-iā,iā-iā,1,False,False,False,False,False,False,False,False,False,False
夜都市,iā-too-tshī,iā-to͘-chhī,1,False,False,False,False,False,False,False,False,False,False
大个,tuā-ê,tōa-ê,1,False,False,False,False,False,False,False,False,False,False
大辦,tuā-pān,tōa-pān,1,False,False,False,False,False,False,False,False,False,False
大野,tāi-iá,tāi-iá,1,False,False,False,False,False,False,False,False,False,False
大龍峒,tuā-lōng-pōng,tōa-lōng-pōng,1,False,False,False,False,False,False,False,False,False,False
失月,sit-ge̍h,sit-ge̍h,1,False,False,False,False,False,False,False,False,False,False
奄,om,om,1,False,False,False,False,False,False,False,False,False,False
奄,ám,ám,1,False,False,False,False,False,False,False,False,False,False
奄,ām,ām,1,False,False,False,False,False,False,False,False,False,False
奄埔濟,am-poo-tshê,am-po͘-chhê,1,False,False,False,False,False,False,False,False,False,False
奄埔濟仔,am-poo-tsê-á,am-po͘-chê-á,1,False,False,False,False,False,False,False,False,False,False
奄廣,âm-kóng,âm-kóng,1,False,False,False,False,False,False,False,False,False,False
奄湖,am-ôo,am-ô͘,1,False,False,False,False,False,False,False,False,False,False
奄針,am-tsam,am-cham,1,False,False,False,False,False,False,False,False,False,False
奇案,kî-àn,kî-àn,1,False,False,False,False,False,False,False,False,False,False
契,gè,gè,1,False,False,False,False,False,False,False,False,False,False
契甘蔗,gè-kam-tsià,gè-kam-chià,1,False,False,False,False,False,False,False,False,False,False
奢侈,tshia-chhí,chhia-chhí,1,False,False,False,False,False,False,False,False,False,False
奢花,tshia-hua,chhia-hoa,1,False,False,False,False,False,False,False,False,False,False
奢花,tshia-huâ,chhia-hôa,1,False,False,False,False,False,False,False,False,False,False
奥國,ò-kok,ò-kok,1,False,False,False,False,False,False,False,False,False,False
奥地利,ò-tē-lī,ò-tē-lī,1,False,False,False,False,False,False,False,False,False,False
奧國,ò-kok,ò-kok,1,False,False,False,False,False,False,False,False,False,False
奬,tsiáng,chiáng,1,False,False,False,False,False,False,False,False,False,False
奬勵,tsiáng-lē,chiáng-lē,1,False,False,False,False,False,False,False,False,False,False
奬勵,tsióng-lē,chióng-lē,1,False,False,False,False,False,False,False,False,False,False
奬品,tsiáng-phín,chiáng-phín,1,False,False,False,False,False,False,False,False,False,False
奬品,tsióng-phín,chióng-phín,1,False,False,False,False,False,False,False,False,False,False
奮興,hùn-hing,hùn-heng,1,False,False,False,False,False,False,False,False,False,False
奮閗,hùn-tàu,hùn-tàu,1,False,False,False,False,False,False,False,False,False,False
奮閗,hùn-tòo,hùn-tò͘,1,False,False,False,False,False,False,False,False,False,False
失踪,sit-tsong,sit-chong,1,False,False,False,False,False,False,False,False,False,False
失悞,sit-gōo,sit-gō͘,1,False,False,False,False,False,False,False,False,False,False
大龍峒,tōng-pōng,tōng-pōng,1,False,False,False,False,False,False,False,False,False,False
夯狂,giâ-kông,giâ-kông,1,False,False,False,False,False,False,False,False,False,False
天主,thian-chí,thian-chí,1,False,False,False,False,False,False,False,False,False,False
天母,thian-bú,thian-bú,1,False,False,False,False,False,False,False,False,False,False
天津,thian-tin,thian-tin,1,False,False,False,False,False,False,False,False,False,False
天脚下,thinn-kha-ē,thiⁿ-kha-ē,1,False,False,False,False,False,False,False,False,False,False
天送,thian-sàng,thian-sàng,1,False,False,False,False,False,False,False,False,False,False
太平境,thài-pîng-kíng,thài-pêng-kéng,1,False,False,False,False,False,False,False,False,False,False
太田,thài-tiân,thài-tiân,1,False,False,False,False,False,False,False,False,False,False
太魯閣,thài-lóo-kok,thài-ló͘-kok,1,False,False,False,False,False,False,False,False,False,False
太麻里,thài-muâ-lí,thài-môa-lí,1,False,False,False,False,False,False,False,False,False,False
夫,hû,hû,1,False,False,False,False,False,False,False,False,False,False
夫夫,hu-hu,hu-hu,1,False,False,False,False,False,False,False,False,False,False
夫夫,hū-hū,hū-hū,1,False,False,False,False,False,False,False,False,False,False
夫妻,hu-tshue,hu-chhoe,1,False,False,False,False,False,False,False,False,False,False
夭不閣,ah-m̄-koh,ah-m̄-koh,1,False,False,False,False,False,False,False,False,False,False
夭不閣,iah-m̄-koh,iah-m̄-koh,1,False,False,False,False,False,False,False,False,False,False
夭个,iáu-ê,iáu-ê,1,False,False,False,False,False,False,False,False,False,False
夭兮,iáu-ê,iáu-ê,1,False,False,False,False,False,False,False,False,False,False
夭是,iáu-sī,iáu-sī,1,False,False,False,False,False,False,False,False,False,False
夭甲,ah-kah,ah-kah,1,False,False,False,False,False,False,False,False,False,False
夭甲,iah-kah,iah-kah,1,False,False,False,False,False,False,False,False,False,False
夭甲,iá-kah,iá-kah,1,False,False,False,False,False,False,False,False,False,False
夭甲,á-kah,á-kah,1,False,False,False,False,False,False,False,False,False,False
央三托四,iong-sann-thok-sì,iong-saⁿ-thok-sì,1,False,False,False,False,False,False,False,False,False,False
央甲,iong-kah,iong-kah,1,False,False,False,False,False,False,False,False,False,False
夯泳,giâ-íng,giâ-éng,1,False,False,False,False,False,False,False,False,False,False
小鷄籠,sió-ke-lâng,sió-ke-lâng,1,False,False,False,False,False,False,False,False,False,False
失倍,sit-puê,sit-pôe,1,False,False,False,False,False,False,False,False,False,False
少年仔,siàu-liân-á,siàu-liân-á,1,False,False,False,False,False,False,False,False,False,False
店靜,tiām-tsīng,tiām-chēng,1,False,False,False,False,False,False,False,False,False,False
年戈,nî-kō,nî-kō,1,False,False,False,False,False,False,False,False,False,False
并呑,pìng-thun,pèng-thun,1,False,False,False,False,False,False,False,False,False,False
幸,hāinn,hāiⁿ,1,False,False,False,False,False,False,False,False,False,False
幻想,huàn-siáng,hoàn-siáng,1,False,False,False,False,False,False,False,False,False,False
幼彌彌,iù-mi-mi,iù-mi-mi,1,False,False,False,False,False,False,False,False,False,False
幼彌彌,iù-mī-mī,iù-mī-mī,1,False,False,False,False,False,False,False,False,False,False
幾个仔,kuí-ê-á,kúi-ê-á,1,False,False,False,False,False,False,False,False,False,False
幾何,ki-hô,ki-hô,1,False,False,False,False,False,False,False,False,False,False
庄主,tsng-tsú,chng-chú,1,False,False,False,False,False,False,False,False,False,False
庇右,pì-iū,pì-iū,1,False,False,False,False,False,False,False,False,False,False
底借,tué-tsioh,tóe-chioh,1,False,False,False,False,False,False,False,False,False,False
底借,té-tsioh,té-chioh,1,False,False,False,False,False,False,False,False,False,False
度金,tōo-kim,tō͘-kim,1,False,False,False,False,False,False,False,False,False,False
建子肉,kiàn-chí-bah,kiàn-chí-bah,1,False,False,False,False,False,False,False,False,False,False
庫屑,khòo-siâu,khò͘-siâu,1,False,False,False,False,False,False,False,False,False,False
庫庫,khòo-khòo,khò͘-khò͘,1,False,False,False,False,False,False,False,False,False,False
庫搭,khòo-tà,khò͘-tà,1,False,False,False,False,False,False,False,False,False,False
康𤋮,khong-hi,khong-hi,1,False,False,False,False,False,False,False,False,False,False
廃,huì,hùi,1,False,False,False,False,False,False,False,False,False,False
廖添丁,liāu-thiam-ting,liāu-thiam-teng,1,False,False,False,False,False,False,False,False,False,False
廠商,tshiáng-siang,chhiáng-siang,1,False,False,False,False,False,False,False,False,False,False
廣州,kńg-tsiu,kńg-chiu,1,False,False,False,False,False,False,False,False,False,False
廪,lím,lím,1,False,False,False,False,False,False,False,False,False,False
廵邏,sûn-lô,sûn-lô,1,False,False,False,False,False,False,False,False,False,False
延荽,iân-suinn,iân-suiⁿ,1,False,False,False,False,False,False,False,False,False,False
延雖,iân-suinn,iân-suiⁿ,1,False,False,False,False,False,False,False,False,False,False
年号,nî-hō,nî-hō,1,False,False,False,False,False,False,False,False,False,False
平𢖍,pîng-hîng,pêng-hêng,1,False,False,False,False,False,False,False,False,False,False
平頂,pênn-tíng,pêⁿ-téng,1,False,False,False,False,False,False,False,False,False,False
平野,pîng-iá,pêng-iá,1,False,False,False,False,False,False,False,False,False,False
常,siûⁿ,siûⁿ,1,False,False,False,False,False,False,False,False,False,False
常用,siâng-iōng,siâng-iōng,1,False,False,False,False,False,False,False,False,False,False
常用詞,siâng-iōng-sû,siâng-iōng-sû,1,False,False,False,False,False,False,False,False,False,False
常用詞,siông-iōng-sû,siông-iōng-sû,1,False,False,False,False,False,False,False,False,False,False
常用詞,siông-īng,siông-ēng,1,False,False,False,False,False,False,False,False,False,False
常用辞,siâng-iōng-sû,siâng-iōng-sû,1,False,False,False,False,False,False,False,False,False,False
常用辞,siông-iōng-sû,siông-iōng-sû,1,False,False,False,False,False,False,False,False,False,False
常用辞,siông-īng,siông-ēng,1,False,False,False,False,False,False,False,False,False,False
常用辭,siâng-iōng-sû,siâng-iōng-sû,1,False,False,False,False,False,False,False,False,False,False
常用辭,siông-iōng-sû,siông-iōng-sû,1,False,False,False,False,False,False,False,False,False,False
常用辭,siông-īng,siông-ēng,1,False,False,False,False,False,False,False,False,False,False
幃,ûi,ûi,1,False,False,False,False,False,False,False,False,False,False
幇,png,png,1,False,False,False,False,False,False,False,False,False,False
干乾,kan-nā,kan-nā,1,False,False,False,False,False,False,False,False,False,False
干治士,kan-tī-sū,kan-tī-sū,1,False,False,False,False,False,False,False,False,False,False
干渉,kan-sia̍p,kan-sia̍p,1,False,False,False,False,False,False,False,False,False,False
干礁,kan-nā,kan-nā,1,False,False,False,False,False,False,False,False,False,False
干豆門,kan-tāu-mn̂g,kan-tāu-mn̂g,1,False,False,False,False,False,False,False,False,False,False
干那,kan-nā,kan-nā,1,False,False,False,False,False,False,False,False,False,False
平,phîng,phêng,1,False,False,False,False,False,False,False,False,False,False
平仄,pênn-tseh,pêⁿ-cheh,1,False,False,False,False,False,False,False,False,False,False
平凡,pîng-huān,pêng-hoān,1,False,False,False,False,False,False,False,False,False,False
平壤,pîng-jiáng,pêng-jiáng,1,False,False,False,False,False,False,False,False,False,False
平壤,pîng-jióng,pêng-jióng,1,False,False,False,False,False,False,False,False,False,False
平洋,pênn-iûⁿ,pêⁿ-iûⁿ,1,False,False,False,False,False,False,False,False,False,False
建只肉,kiàn-chí-bah,kiàn-chí-bah,1,False,False,False,False,False,False,False,False,False,False
廿九冥,ji̍h-káu-mê,ji̍h-káu-mê,1,False,False,False,False,False,False,False,False,False,False
帮,png,png,1,False,False,False,False,False,False,False,False,False,False
復興,ho̍k-hin,ho̍k-hin,1,False,False,False,False,False,False,False,False,False,False
後平,āu-pîng,āu-pêng,1,False,False,False,False,False,False,False,False,False,False
後後,āu-āu,āu-āu,1,False,False,False,False,False,False,False,False,False,False
後果,hōo-kó,hō͘-kó,1,False,False,False,False,False,False,False,False,False,False
後漢,hiō-hàn,hiō-hàn,1,False,False,False,False,False,False,False,False,False,False
後漢,hōo-hàn,hō͘-hàn,1,False,False,False,False,False,False,False,False,False,False
後藤,hiō-tîn,hiō-tîn,1,False,False,False,False,False,False,False,False,False,False
後藤,hōo-tîn,hō͘-tîn,1,False,False,False,False,False,False,False,False,False,False
徑,kènn,kèⁿ,1,False,False,False,False,False,False,False,False,False,False
得卜,tit-beh,tit-beh,1,False,False,False,False,False,False,False,False,False,False
從到今,tsn̂g-kàu-tann,chn̂g-kàu-taⁿ,1,False,False,False,False,False,False,False,False,False,False
復振,ho̍k-chín,ho̍k-chín,1,False,False,False,False,False,False,False,False,False,False
復數,ho̍k-sòo,ho̍k-sò͘,1,False,False,False,False,False,False,False,False,False,False
徹底,thiat-tué,thiat-tóe,1,False,False,False,False,False,False,False,False,False,False
弋,tso̍h,cho̍h,1,False,False,False,False,False,False,False,False,False,False
心底,sim-té,sim-té,1,False,False,False,False,False,False,False,False,False,False
心机,sim-ki,sim-ki,1,False,False,False,False,False,False,False,False,False,False
必乂,pit-tshe,pit-chhe,1,False,False,False,False,False,False,False,False,False,False
必須愛,pit-su-ài,pit-su-ài,1,False,False,False,False,False,False,False,False,False,False
志,tsih,chih,1,False,False,False,False,False,False,False,False,False,False
志載,tsih-tsài,chih-chài,1,False,False,False,False,False,False,False,False,False,False
怎様,tsái-iūnn,chái-iūⁿ,1,False,False,False,False,False,False,False,False,False,False
怎樣,tsái-iūnn,chái-iūⁿ,1,False,False,False,False,False,False,False,False,False,False
怕怕,phà-phà,phà-phà,1,False,False,False,False,False,False,False,False,False,False
怕怕,phànn-phànn,phàⁿ-phàⁿ,1,False,False,False,False,False,False,False,False,False,False
尔,jí,jí,1,False,False,False,False,False,False,False,False,False,False
怕怕,phā-phā,phā-phā,1,False,False,False,False,False,False,False,False,False,False
後壽,āu-siū,āu-siū,1,False,False,False,False,False,False,False,False,False,False
律,lut,lut,1,False,False,False,False,False,False,False,False,False,False
径,kènn,kèⁿ,1,False,False,False,False,False,False,False,False,False,False
彼鏨,hit-tsām,hit-chām,1,False,False,False,False,False,False,False,False,False,False
引句点,ín-kù-tiám,ín-kù-tiám,1,False,False,False,False,False,False,False,False,False,False
弗弗,hut-hut,hut-hut,1,False,False,False,False,False,False,False,False,False,False
弱勢,jia̍k-sè,jia̍k-sè,1,False,False,False,False,False,False,False,False,False,False
張池,tiunn-tî,tiuⁿ-tî,1,False,False,False,False,False,False,False,False,False,False
張犁,tiunn-lê,tiuⁿ-lê,1,False,False,False,False,False,False,False,False,False,False
强奸,kiâng-kan,kiâng-kan,1,False,False,False,False,False,False,False,False,False,False
强奸,kiông-kan,kiông-kan,1,False,False,False,False,False,False,False,False,False,False
强摃,kiông-kòng,kiông-kòng,1,False,False,False,False,False,False,False,False,False,False
强盗,kiâng-tō,kiâng-tō,1,False,False,False,False,False,False,False,False,False,False
强盗,kiông-tō,kiông-tō,1,False,False,False,False,False,False,False,False,False,False
强盜,kiâng-tō,kiâng-tō,1,False,False,False,False,False,False,False,False,False,False
强調,kiâng-tiāu,kiâng-tiāu,1,False,False,False,False,False,False,False,False,False,False
强貢,kiông-kòng,kiông-kòng,1,False,False,False,False,False,False,False,False,False,False
彌,mi,mi,1,False,False,False,False,False,False,False,False,False,False
彌濃,bi-lóng,bi-lóng,1,False,False,False,False,False,False,False,False,False,False
彌羅港,bî-lô-káng,bî-lô-káng,1,False,False,False,False,False,False,False,False,False,False
彌陀,bî-lô,bî-lô,1,False,False,False,False,False,False,False,False,False,False
形像,hîng-siāng,hêng-siāng,1,False,False,False,False,False,False,False,False,False,False
彦,gàn,gàn,1,False,False,False,False,False,False,False,False,False,False
彩卷,tshái-kǹg,chhái-kǹg,1,False,False,False,False,False,False,False,False,False,False
彪馬,piu-má,piu-má,1,False,False,False,False,False,False,False,False,False,False
彫古党,tiau-kóo-tóng,tiau-kó͘-tóng,1,False,False,False,False,False,False,False,False,False,False
彫古黨,tiau-kóo-tóng,tiau-kó͘-tóng,1,False,False,False,False,False,False,False,False,False,False
彼斬,hit-tsām,hit-chām,1,False,False,False,False,False,False,False,False,False,False
彼當時,hiòng-sî,hiòng-sî,1,False,False,False,False,False,False,False,False,False,False
帷,ûi,ûi,1,False,False,False,False,False,False,False,False,False,False
强盜,kiông-tō,kiông-tō,1,False,False,False,False,False,False,False,False,False,False
席,si̍t,si̍t,1,False,False,False,False,False,False,False,False,False,False
山猪毛,suann-ti-mn̂g,soaⁿ-ti-mn̂g,1,False,False,False,False,False,False,False,False,False,False
屏担,pín-tann,pín-taⁿ,1,False,False,False,False,False,False,False,False,False,False
展覧會,tián-lám-huē,tián-lám-hōe,1,False,False,False,False,False,False,False,False,False,False
履歷書,lí-li̍k-si,lí-le̍k-si,1,False,False,False,False,False,False,False,False,False,False
屬治,sio̍k-tī,sio̍k-tī,1,False,False,False,False,False,False,False,False,False,False
屯,tsun,chun,1,False,False,False,False,False,False,False,False,False,False
屯,tún,tún,1,False,False,False,False,False,False,False,False,False,False
山上,san-siōng,san-siōng,1,False,False,False,False,False,False,False,False,False,False
山下,san-hā,san-hā,1,False,False,False,False,False,False,False,False,False,False
山口,san-kháu,san-kháu,1,False,False,False,False,False,False,False,False,False,False
山崎,san-kiā,san-kiā,1,False,False,False,False,False,False,False,False,False,False
山本,san-pún,san-pún,1,False,False,False,False,False,False,False,False,False,False
山杉林,suann-sam-nâ,soaⁿ-sam-nâ,1,False,False,False,False,False,False,False,False,False,False
山田,san-tiân,san-tiân,1,False,False,False,False,False,False,False,False,False,False
峇士,bá-suh,bá-suh,1,False,False,False,False,False,False,False,False,False,False
山脉,suann-me̍h,soaⁿ-me̍h,1,False,False,False,False,False,False,False,False,False,False
山領,suann-niā,soaⁿ-niā,1,False,False,False,False,False,False,False,False,False,False
岐視,kî-sī,kî-sī,1,False,False,False,False,False,False,False,False,False,False
岡本,kong-pún,kong-pún,1,False,False,False,False,False,False,False,False,False,False
岡田,kong-tiân,kong-tiân,1,False,False,False,False,False,False,False,False,False,False
岩崎,gâm-kiā,gâm-kiā,1,False,False,False,False,False,False,False,False,False,False
岩崎,gâm-kî,gâm-kî,1,False,False,False,False,False,False,False,False,False,False
岩手,giâm-siú,giâm-siú,1,False,False,False,False,False,False,False,False,False,False
岩手,gâm-siú,gâm-siú,1,False,False,False,False,False,False,False,False,False,False
岳母,ga̍k-bió,ga̍k-bió,1,False,False,False,False,False,False,False,False,False,False
岳母,ga̍k-bú,ga̍k-bú,1,False,False,False,False,False,False,False,False,False,False
岷蘭佬,bîn-lân-láu,bîn-lân-láu,1,False,False,False,False,False,False,False,False,False,False
屏担,pin-tann,pin-taⁿ,1,False,False,False,False,False,False,False,False,False,False
屏仔骨,pín-á-kut,pín-á-kut,1,False,False,False,False,False,False,False,False,False,False
屏仔,pín-á,pín-á,1,False,False,False,False,False,False,False,False,False,False
屎學仔,sái-ha̍k-á,sái-ha̍k-á,1,False,False,False,False,False,False,False,False,False,False
尫仔圖,ang-á-tôo,ang-á-tô͘,1,False,False,False,False,False,False,False,False,False,False
尫某,ang-bóo,ang-bó͘,1,False,False,False,False,False,False,False,False,False,False
師弟,su-tī,su-tī,1,False,False,False,False,False,False,False,False,False,False
尸体,si-thé,si-thé,1,False,False,False,False,False,False,False,False,False,False
尸體,si-thé,si-thé,1,False,False,False,False,False,False,False,False,False,False
尽,tsīn,chīn,1,False,False,False,False,False,False,False,False,False,False
尽力,tsīn-la̍t,chīn-la̍t,1,False,False,False,False,False,False,False,False,False,False
尽力,tsīn-li̍k,chīn-le̍k,1,False,False,False,False,False,False,False,False,False,False
尽尾,tsīn-bué,chīn-bóe,1,False,False,False,False,False,False,False,False,False,False
尽尾,tsīn-bé,chīn-bé,1,False,False,False,False,False,False,False,False,False,False
尽量,tsīn-liāng,chīn-liāng,1,False,False,False,False,False,False,False,False,False,False
尾仔,bué-a,bóe-a,1,False,False,False,False,False,False,False,False,False,False
尾仔,bé-a,bé-a,1,False,False,False,False,False,False,False,False,False,False
尾椎,bé-tsui,bé-chui,1,False,False,False,False,False,False,False,False,False,False
尾省,bué-síng,bóe-séng,1,False,False,False,False,False,False,False,False,False,False
尾銅骨,bué-tâng-kut,bóe-tâng-kut,1,False,False,False,False,False,False,False,False,False,False
尾銅骨,bé-tâng-kut,bé-tâng-kut,1,False,False,False,False,False,False,False,False,False,False
尿住,jiō-tsū,jiō-chū,1,False,False,False,False,False,False,False,False,False,False
尿壷,jiō-ôo,jiō-ô͘,1,False,False,False,False,False,False,False,False,False,False
尿𥔓,jiō-ôo,jiō-ô͘,1,False,False,False,False,False,False,False,False,False,False
屈,khu̍t,khu̍t,1,False,False,False,False,False,False,False,False,False,False
屈强,khut-kiâng,khut-kiâng,1,False,False,False,False,False,False,False,False,False,False
屈强,khut-kiông,khut-kiông,1,False,False,False,False,False,False,False,False,False,False
屍体,si-thé,si-thé,1,False,False,False,False,False,False,False,False,False,False
屎學,sái-ha̍k,sái-ha̍k,1,False,False,False,False,False,False,False,False,False,False
峇士,ba-suh,ba-suh,1,False,False,False,False,False,False,False,False,False,False
屈臣,khut-sîn,khut-sîn,1,False,False,False,False,False,False,False,False,False,False
峇葉,ba̍h-hio̍h,ba̍h-hio̍h,1,False,False,False,False,False,False,False,False,False,False
市鎭,tshī-tìn,chhī-tìn,1,False,False,False,False,False,False,False,False,False,False
巴仔,pa-á,pa-á,1,False,False,False,False,False,False,False,False,False,False
巴克礼,pa-khik-lé,pa-khek-lé,1,False,False,False,False,False,False,False,False,False,False
巴壠,pa-lang,pa-lang,1,False,False,False,False,False,False,False,False,False,False
巴礼,pa-lé,pa-lé,1,False,False,False,False,False,False,False,False,False,False
巴籠,pa-lang,pa-lang,1,False,False,False,False,False,False,False,False,False,False
巴那馬,pa-ná-má,pa-ná-má,1,False,False,False,False,False,False,False,False,False,False
巷,hàng,hàng,1,False,False,False,False,False,False,False,False,False,False
巷乳,hàng-ni,hàng-ni,1,False,False,False,False,False,False,False,False,False,False
市,tshih,chhih,1,False,False,False,False,False,False,False,False,False,False
市仔,tshi̍h-á,chhi̍h-á,1,False,False,False,False,False,False,False,False,False,False
市川,tshī-tshuan,chhī-chhoan,1,False,False,False,False,False,False,False,False,False,False
市揷,tshì-tshah,chhì-chhah,1,False,False,False,False,False,False,False,False,False,False
布袋嘴,pòo-tē-tshuì,pò͘-tē-chhùi,1,False,False,False,False,False,False,False,False,False,False
差會,tshe-huē,chhe-hōe,1,False,False,False,False,False,False,False,False,False,False
师,sṳ,sṳ,1,False,False,False,False,False,False,False,False,False,False
希利尼,hi-lī-nî,hi-lī-nî,1,False,False,False,False,False,False,False,False,False,False
希罕,hi-hán,hi-hán,1,False,False,False,False,False,False,False,False,False,False
師,sṳ,sṳ,1,False,False,False,False,False,False,False,False,False,False
師兄,sai-hing,sai-heng,1,False,False,False,False,False,False,False,False,False,False
師兄弟,sai-hiann-tī,sai-hiaⁿ-tī,1,False,False,False,False,False,False,False,False,False,False
師兄弟,su-hiann-tī,su-hiaⁿ-tī,1,False,False,False,False,False,False,False,False,False,False
師公鈃,sai-kong-giang,sai-kong-giang,1,False,False,False,False,False,False,False,False,False,False
師弟,sai-tī,sai-tī,1,False,False,False,False,False,False,False,False,False,False
峇葉,bā-hio̍h,bā-hio̍h,1,False,False,False,False,False,False,False,False,False,False
師公鈃仔,sai-kong-giang-á,sai-kong-giang-á,1,False,False,False,False,False,False,False,False,False,False
師弟,sai-tē,sai-tē,1,False,False,False,False,False,False,False,False,False,False
巴,pà,pà,1,False,False,False,False,False,False,False,False,False,False
市揷,tshì-tshà,chhì-chhà,1,False,False,False,False,False,False,False,False,False,False
島田,tó-tiân,tó-tiân,1,False,False,False,False,False,False,False,False,False,False
巖手,giâm-siú,giâm-siú,1,False,False,False,False,False,False,False,False,False,False
峨眉,ngôo-bî,ngô͘-bî,1,False,False,False,False,False,False,False,False,False,False
差别,tsha-pia̍t,chha-pia̍t,1,False,False,False,False,False,False,False,False,False,False
崁脚,khàm-kha,khàm-kha,1,False,False,False,False,False,False,False,False,False,False
崗山,kang-suann,kang-soaⁿ,1,False,False,False,False,False,False,False,False,False,False
崗山仔,kang-suann,kang-soaⁿ,1,False,False,False,False,False,False,False,False,False,False
崗山仔,kang-suann-á,kang-soaⁿ-á,1,False,False,False,False,False,False,False,False,False,False
峨眉,gô-bî,gô-bî,1,False,False,False,False,False,False,False,False,False,False
崙鵠,lūn-khok,lūn-khok,1,False,False,False,False,False,False,False,False,False,False
嵙,kho,kho,1,False,False,False,False,False,False,False,False,False,False
巃,liōng,liōng,1,False,False,False,False,False,False,False,False,False,False
巖仔,giâm-á,giâm-á,1,False,False,False,False,False,False,False,False,False,False
峇葉山,bā-hio̍h-suann,bā-hio̍h-soaⁿ,1,False,False,False,False,False,False,False,False,False,False
崙背,lūn-puè,lūn-pòe,1,False,False,False,False,False,False,False,False,False,False
巖手,gâm-siú,gâm-siú,1,False,False,False,False,False,False,False,False,False,False
工乂譜,kong-tshē-phóo,kong-chhē-phó͘,1,False,False,False,False,False,False,False,False,False,False
左鎭,tsó-tìn,chó-tìn,1,False,False,False,False,False,False,False,False,False,False
川崎,tshuan-kiā,chhoan-kiā,1,False,False,False,False,False,False,False,False,False,False
工藤,kang-tîn,kang-tîn,1,False,False,False,False,False,False,False,False,False,False
工商,kang-siang,kang-siang,1,False,False,False,False,False,False,False,False,False,False
巨人,kū-jîn,kū-jîn,1,False,False,False,False,False,False,False,False,False,False
工乂譜,kong-tshe-phóo,kong-chhe-phó͘,1,False,False,False,False,False,False,False,False,False,False
巢全,tsâu-tsn̂g,châu-chn̂g,1,False,False,False,False,False,False,False,False,False,False
巢備,tsâu-pī,châu-pī,1,False,False,False,False,False,False,False,False,False,False
巢云,tsâu-ûn,châu-ûn,1,False,False,False,False,False,False,False,False,False,False
肩,kṳinn,kṳiⁿ,0,False,False,False,False,False,False,False,False,False,False
聿,i̍t,i̍t,0,False,False,False,False,False,False,False,False,False,False
肅,sok,sok,0,False,False,False,False,False,False,False,False,False,False
聼,thing,theng,0,False,False,False,False,False,False,False,False,False,False
肉,bà,bà,0,False,False,False,False,False,False,False,False,False,False
肉,bá,bá,0,False,False,False,False,False,False,False,False,False,False
聼,thìng,thèng,0,False,False,False,False,False,False,False,False,False,False
背,pō̤,pō̤,0,False,False,False,False,False,False,False,False,False,False
肯,khián,khián,0,False,False,False,False,False,False,False,False,False,False
肯,khán,khán,0,False,False,False,False,False,False,False,False,False,False
肯,khín,khín,0,False,False,False,False,False,False,False,False,False,False
胎,tho̤,tho̤,0,False,False,False,False,False,False,False,False,False,False
胚,pho̤,pho̤,0,False,False,False,False,False,False,False,False,False,False
脚,kiak,kiak,0,False,False,False,False,False,False,False,False,False,False
脚,khiok,khiok,0,False,False,False,False,False,False,False,False,False,False
聳,sióng,sióng,0,False,False,False,False,False,False,False,False,False,False
絶,tsua̍t,choa̍t,0,False,False,False,False,False,False,False,False,False,False
聯,biân,biân,0,False,False,False,False,False,False,False,False,False,False
聪,tshong,chhong,0,False,False,False,False,False,False,False,False,False,False
綜,tsàng,chàng,0,False,False,False,False,False,False,False,False,False,False
脫,thuìnn,thùiⁿ,0,False,False,False,False,False,False,False,False,False,False
絶,tsua̍h,choa̍h,0,False,False,False,False,False,False,False,False,False,False
綽,tshiak,chhiak,0,False,False,False,False,False,False,False,False,False,False
編,phian,phian,0,False,False,False,False,False,False,False,False,False,False
缺,kho̤h,kho̤h,0,False,False,False,False,False,False,False,False,False,False
罪,tsō̤,chō̤,0,False,False,False,False,False,False,False,False,False,False
羅,loh,loh,0,False,False,False,False,False,False,False,False,False,False
羗,khiang,khiang,0,False,False,False,False,False,False,False,False,False,False
羯,kia̍t,kia̍t,0,False,False,False,False,False,False,False,False,False,False
耗,hò,hò,0,False,False,False,False,False,False,False,False,False,False
联,biân,biân,0,False,False,False,False,False,False,False,False,False,False
聞,būn,būn,0,False,False,False,False,False,False,False,False,False,False
聦,tshang,chhang,0,False,False,False,False,False,False,False,False,False,False
聪,tshang,chhang,0,False,False,False,False,False,False,False,False,False,False
脚,kioh,kioh,0,False,False,False,False,False,False,False,False,False,False
菹,tsṳ,chṳ,0,False,False,False,False,False,False,False,False,False,False
脾氣,phî,phî,0,False,False,False,False,False,False,False,False,False,False
茸,jîng,jêng,0,False,False,False,False,False,False,False,False,False,False
荷,o,o,0,False,False,False,False,False,False,False,False,False,False
菓,kó̤,kó̤,0,False,False,False,False,False,False,False,False,False,False
菠,po̤,po̤,0,False,False,False,False,False,False,False,False,False,False
菹,tshi,chhi,0,False,False,False,False,False,False,False,False,False,False
葡,phô,phô,0,False,False,False,False,False,False,False,False,False,False
葯,ia̍k,ia̍k,0,False,False,False,False,False,False,False,False,False,False
葱,tshang,chhang,0,False,False,False,False,False,False,False,False,False,False
葱,tsháng,chháng,0,False,False,False,False,False,False,False,False,False,False
葵,kho̤,kho̤,0,False,False,False,False,False,False,False,False,False,False
葵,kûi,kûi,0,False,False,False,False,False,False,False,False,False,False
蒞,nī,nī,0,False,False,False,False,False,False,False,False,False,False
蓄,hiok,hiok,0,False,False,False,False,False,False,False,False,False,False
糜,bô̤,bô̤,0,False,False,False,False,False,False,False,False,False,False
薈,hō̤,hō̤,0,False,False,False,False,False,False,False,False,False,False
蕃薯,han,han,0,False,False,False,False,False,False,False,False,False,False
荟,hō̤,hō̤,0,False,False,False,False,False,False,False,False,False,False
茲,tsṳ,chṳ,0,False,False,False,False,False,False,False,False,False,False
腀,lun,lun,0,False,False,False,False,False,False,False,False,False,False
茅,m̂,m̂,0,False,False,False,False,False,False,False,False,False,False
膀胱,phông,phông,0,False,False,False,False,False,False,False,False,False,False
臀,tûn,tûn,0,False,False,False,False,False,False,False,False,False,False
般,puan,poan,0,False,False,False,False,False,False,False,False,False,False
般,pua̍t,poa̍t,0,False,False,False,False,False,False,False,False,False,False
艄,sau,sau,0,False,False,False,False,False,False,False,False,False,False
艮,kìn,kìn,0,False,False,False,False,False,False,False,False,False,False
芧,thú,thú,0,False,False,False,False,False,False,False,False,False,False
芸,în,în,0,False,False,False,False,False,False,False,False,False,False
苐,tō̤e,tō̤e,0,False,False,False,False,False,False,False,False,False,False
若,jia̍k,jia̍k,0,False,False,False,False,False,False,False,False,False,False
英,enn,eⁿ,0,False,False,False,False,False,False,False,False,False,False
英,iann,iaⁿ,0,False,False,False,False,False,False,False,False,False,False
苴,tshi,chhi,0,False,False,False,False,False,False,False,False,False,False
苴,tsṳ,chṳ,0,False,False,False,False,False,False,False,False,False,False
茅,bâu,bâu,0,False,False,False,False,False,False,False,False,False,False
細,sò̤e,sò̤e,0,False,False,False,False,False,False,False,False,False,False
甗,giân,giân,0,False,False,False,False,False,False,False,False,False,False
糖,thông,thông,0,False,False,False,False,False,False,False,False,False,False
甕,iòng,iòng,0,False,False,False,False,False,False,False,False,False,False
画,uā,ōa,0,False,False,False,False,False,False,False,False,False,False
畏,uìnn,ùiⁿ,0,False,False,False,False,False,False,False,False,False,False
畜,hiok,hiok,0,False,False,False,False,False,False,False,False,False,False
畢,pi̍t,pi̍t,0,False,False,False,False,False,False,False,False,False,False
畫,uāi,oāi,0,False,False,False,False,False,False,False,False,False,False
異,ì,ì,0,False,False,False,False,False,False,False,False,False,False
畴,tiû,tiû,0,False,False,False,False,False,False,False,False,False,False
疎,so̤e,so̤e,0,False,False,False,False,False,False,False,False,False,False
疏,so̤e,so̤e,0,False,False,False,False,False,False,False,False,False,False
痲,mâ,mâ,0,False,False,False,False,False,False,False,False,False,False
皃,bāu,bāu,0,False,False,False,False,False,False,False,False,False,False
皃,māu,māu,0,False,False,False,False,False,False,False,False,False,False
的,tiah,tiah,0,False,False,False,False,False,False,False,False,False,False
皮,phô̤,phô̤,0,False,False,False,False,False,False,False,False,False,False
盆,phuân,phoân,0,False,False,False,False,False,False,False,False,False,False
産,suánn,sóaⁿ,0,False,False,False,False,False,False,False,False,False,False
瓊,kîng,kêng,0,False,False,False,False,False,False,False,False,False,False
糆,biān,biān,0,False,False,False,False,False,False,False,False,False,False
琚,kṳ,kṳ,0,False,False,False,False,False,False,False,False,False,False
炢,tsu̍t,chu̍t,0,False,False,False,False,False,False,False,False,False,False
藩,huân,hoân,0,False,False,False,False,False,False,False,False,False,False
炰,pâu,pâu,0,False,False,False,False,False,False,False,False,False,False
焙,pō̤,pō̤,0,False,False,False,False,False,False,False,False,False,False
煅,thuàn,thoàn,0,False,False,False,False,False,False,False,False,False,False
煅,tuàn,toàn,0,False,False,False,False,False,False,False,False,False,False
煞,sua̍h,soa̍h,0,False,False,False,False,False,False,False,False,False,False
燒,siô,siô,0,False,False,False,False,False,False,False,False,False,False
爕,siat,siat,0,False,False,False,False,False,False,False,False,False,False
牙,gah,gah,0,False,False,False,False,False,False,False,False,False,False
犁,lô̤e,lô̤e,0,False,False,False,False,False,False,False,False,False,False
猪,tṳ,tṳ,0,False,False,False,False,False,False,False,False,False,False
獄,gio̍k,gio̍k,0,False,False,False,False,False,False,False,False,False,False
獐,tsiang,chiang,0,False,False,False,False,False,False,False,False,False,False
王,ōng,ōng,0,False,False,False,False,False,False,False,False,False,False
盍,ha̍p,ha̍p,0,False,False,False,False,False,False,False,False,False,False
眛,bui,bui,0,False,False,False,False,False,False,False,False,False,False
眼,ngái,ngái,0,False,False,False,False,False,False,False,False,False,False
着,tio̍k,tio̍k,0,False,False,False,False,False,False,False,False,False,False
第,tō̤e,tō̤e,0,False,False,False,False,False,False,False,False,False,False
筁,khaih,khaih,0,False,False,False,False,False,False,False,False,False,False
筋,kṳn,kṳn,0,False,False,False,False,False,False,False,False,False,False
筹,tiû,tiû,0,False,False,False,False,False,False,False,False,False,False
箆,pìn,pìn,0,False,False,False,False,False,False,False,False,False,False
箔,po̍k,po̍k,0,False,False,False,False,False,False,False,False,False,False
箴,tsom,chom,0,False,False,False,False,False,False,False,False,False,False
簪,tsom,chom,0,False,False,False,False,False,False,False,False,False,False
簮,tsom,chom,0,False,False,False,False,False,False,False,False,False,False
籗,khaih,khaih,0,False,False,False,False,False,False,False,False,False,False
米,bî,bî,0,False,False,False,False,False,False,False,False,False,False
粒,li̍p,li̍p,0,False,False,False,False,False,False,False,False,False,False
粟,tshiok,chhiok,0,False,False,False,False,False,False,False,False,False,False
粢,tsṳ,chṳ,0,False,False,False,False,False,False,False,False,False,False
粿,kó̤,kó̤,0,False,False,False,False,False,False,False,False,False,False
笥,sù,sù,0,False,False,False,False,False,False,False,False,False,False
競,kìng,kèng,0,False,False,False,False,False,False,False,False,False,False
竚,thú,thú,0,False,False,False,False,False,False,False,False,False,False
禀,pín,pín,0,False,False,False,False,False,False,False,False,False,False
着,tsia̍k,chia̍k,0,False,False,False,False,False,False,False,False,False,False
睡,suì,sùi,0,False,False,False,False,False,False,False,False,False,False
睡,tsō̤,chō̤,0,False,False,False,False,False,False,False,False,False,False
碎,sò̤,sò̤,0,False,False,False,False,False,False,False,False,False,False
碢,o̤,o̤,0,False,False,False,False,False,False,False,False,False,False
祟,suì,sùi,0,False,False,False,False,False,False,False,False,False,False
禍,ō̤,ō̤,0,False,False,False,False,False,False,False,False,False,False
竈,tsòo,chò͘,0,False,False,False,False,False,False,False,False,False,False
科,kho̤,kho̤,0,False,False,False,False,False,False,False,False,False,False
秫,su̍t,su̍t,0,False,False,False,False,False,False,False,False,False,False
稅,sò̤,sò̤,0,False,False,False,False,False,False,False,False,False,False
積,tsù,chù,0,False,False,False,False,False,False,False,False,False,False
穗,huī,hūi,0,False,False,False,False,False,False,False,False,False,False
竃,tsòo,chò͘,0,False,False,False,False,False,False,False,False,False,False
薯,chû,chû,0,False,False,False,False,False,False,False,False,False,False
鮝,sióng,sióng,0,False,False,False,False,False,False,False,False,False,False
處,chhí,chhí,0,False,False,False,False,False,False,False,False,False,False
雨,ì,ì,0,False,False,False,False,False,False,False,False,False,False
靘,thānn,thāⁿ,0,False,False,False,False,False,False,False,False,False,False
靛,tān,tān,0,False,False,False,False,False,False,False,False,False,False
靝,thian,thian,0,False,False,False,False,False,False,False,False,False,False
鞋,ô̤e,ô̤e,0,False,False,False,False,False,False,False,False,False,False
鞘,sau,sau,0,False,False,False,False,False,False,False,False,False,False
鞘,tshiàu,chhiàu,0,False,False,False,False,False,False,False,False,False,False
鞩,sau,sau,0,False,False,False,False,False,False,False,False,False,False
頼,nāi,nāi,0,False,False,False,False,False,False,False,False,False,False
題,tô̤e,tô̤e,0,False,False,False,False,False,False,False,False,False,False
顚,tian,tian,0,False,False,False,False,False,False,False,False,False,False
風,huang,hoang,0,False,False,False,False,False,False,False,False,False,False
飛,po̤,po̤,0,False,False,False,False,False,False,False,False,False,False
飯,huán,hoán,0,False,False,False,False,False,False,False,False,False,False
飲,ìm,ìm,0,False,False,False,False,False,False,False,False,False,False
餞,tsiān,chiān,0,False,False,False,False,False,False,False,False,False,False
霉,buê,bôe,0,False,False,False,False,False,False,False,False,False,False
雞,ko̤e,ko̤e,0,False,False,False,False,False,False,False,False,False,False
鐱,tshiám,chhiám,0,False,False,False,False,False,False,False,False,False,False
雀,tshiak,chhiak,0,False,False,False,False,False,False,False,False,False,False
鑚,tsuìnn,chùiⁿ,0,False,False,False,False,False,False,False,False,False,False
镸,thiô,thiô,0,False,False,False,False,False,False,False,False,False,False
間,kṳinn,kṳiⁿ,0,False,False,False,False,False,False,False,False,False,False
閙,nāu,nāu,0,False,False,False,False,False,False,False,False,False,False
閱,iat,iat,0,False,False,False,False,False,False,False,False,False,False
闆,phán,phán,0,False,False,False,False,False,False,False,False,False,False
闖,thìm,thìm,0,False,False,False,False,False,False,False,False,False,False
闖,tshuāng,chhoāng,0,False,False,False,False,False,False,False,False,False,False
阪,puán,poán,0,False,False,False,False,False,False,False,False,False,False
阪,puánn,póaⁿ,0,False,False,False,False,False,False,False,False,False,False
陊,tuī,tūi,0,False,False,False,False,False,False,False,False,False,False
隓 𡐦,tuī,tūi,0,False,False,False,False,False,False,False,False,False,False
隣,lîn,lîn,0,False,False,False,False,False,False,False,False,False,False
隨,tò̤,tò̤,0,False,False,False,False,False,False,False,False,False,False
隩,ò,ò,0,False,False,False,False,False,False,False,False,False,False
馥,hiok,hiok,0,False,False,False,False,False,False,False,False,False,False
騎,khâ,khâ,0,False,False,False,False,False,False,False,False,False,False
髓,tshó̤,chhó̤,0,False,False,False,False,False,False,False,False,False,False
魯,nóo,nó͘,0,False,False,False,False,False,False,False,False,False,False
𠞉,lik,lek,0,False,False,False,False,False,False,False,False,False,False
𠡍,gīng,gēng,0,False,False,False,False,False,False,False,False,False,False
𠡍,kìng,kèng,0,False,False,False,False,False,False,False,False,False,False
𠫊,thing,theng,0,False,False,False,False,False,False,False,False,False,False
𠻘,tsiak,chiak,0,False,False,False,False,False,False,False,False,False,False
𠻳,sòo,sò͘,0,False,False,False,False,False,False,False,False,False,False
𣮛,tsháinn,chháiⁿ,0,False,False,False,False,False,False,False,False,False,False
𣮛,tshán,chhán,0,False,False,False,False,False,False,False,False,False,False
𤶕,thùn,thùn,0,False,False,False,False,False,False,False,False,False,False
𦂯,tshâi,chhâi,0,False,False,False,False,False,False,False,False,False,False
𫙮,kia̍t,kia̍t,0,False,False,False,False,False,False,False,False,False,False
𭅺,lông,lông,0,False,False,False,False,False,False,False,False,False,False
𭅺,nn̂g,nn̂g,0,False,False,False,False,False,False,False,False,False,False
瑱,thiàn,thiàn,0,False,False,False,False,False,False,False,False,False,False
灼,tsiak,chiak,0,False,False,False,False,False,False,False,False,False,False
𠕆,tāinn,tāiⁿ,0,False,False,False,False,False,False,False,False,False,False
𠋂,tshâm,chhâm,0,False,False,False,False,False,False,False,False,False,False
𠋂,sâm,sâm,0,False,False,False,False,False,False,False,False,False,False
麽,môo,mô͘,0,False,False,False,False,False,False,False,False,False,False
鮭,kô̤e,kô̤e,0,False,False,False,False,False,False,False,False,False,False
鵉,luân,loân,0,False,False,False,False,False,False,False,False,False,False
鵲,tshiak,chhiak,0,False,False,False,False,False,False,False,False,False,False
鷄,ko̤e,ko̤e,0,False,False,False,False,False,False,False,False,False,False
麺,biān,biān,0,False,False,False,False,False,False,False,False,False,False
麻,môo,mô͘,0,False,False,False,False,False,False,False,False,False,False
黒,hik,hek,0,False,False,False,False,False,False,False,False,False,False
𠁣,i̍hⁿ,i̍hⁿ,0,False,False,False,False,False,False,False,False,False,False
鼈,piat,piat,0,False,False,False,False,False,False,False,False,False,False
鼠,chhí,chhí,0,False,False,False,False,False,False,False,False,False,False
鼻,pi̍t,pi̍t,0,False,False,False,False,False,False,False,False,False,False
齊,tsṳ,chṳ,0,False,False,False,False,False,False,False,False,False,False
齒,chhí,chhí,0,False,False,False,False,False,False,False,False,False,False
𠁣,inn,iⁿ,0,False,False,False,False,False,False,False,False,False,False
鑚,tsuàn,choàn,0,False,False,False,False,False,False,False,False,False,False
鐱,kiām,kiām,0,False,False,False,False,False,False,False,False,False,False
處,tò̤,tò̤,0,False,False,False,False,False,False,False,False,False,False
裾,kṳ,kṳ,0,False,False,False,False,False,False,False,False,False,False
觀,kuànn,kòaⁿ,0,False,False,False,False,False,False,False,False,False,False
角,ka̍k,ka̍k,0,False,False,False,False,False,False,False,False,False,False
触,tshiok,chhiok,0,False,False,False,False,False,False,False,False,False,False
訖,git,git,0,False,False,False,False,False,False,False,False,False,False
詛,tsòo,chò͘,0,False,False,False,False,False,False,False,False,False,False
認,jīm,jīm,0,False,False,False,False,False,False,False,False,False,False
語,gī,gī,0,False,False,False,False,False,False,False,False,False,False
課,khò̤,khò̤,0,False,False,False,False,False,False,False,False,False,False
論,lûn,lûn,0,False,False,False,False,False,False,False,False,False,False
諸,tsṳ,chṳ,0,False,False,False,False,False,False,False,False,False,False
譖,tsòm,chòm,0,False,False,False,False,False,False,False,False,False,False
譛,tsòm,chòm,0,False,False,False,False,False,False,False,False,False,False
讓,jiāng,jiāng,0,False,False,False,False,False,False,False,False,False,False
象,tshiāng,chhiāng,0,False,False,False,False,False,False,False,False,False,False
貓,niáu,niáu,0,False,False,False,False,False,False,False,False,False,False
覌,kuànn,kòaⁿ,0,False,False,False,False,False,False,False,False,False,False
裳,tsiûⁿ,chiûⁿ,0,False,False,False,False,False,False,False,False,False,False
鐟,tshiám,chhiám,0,False,False,False,False,False,False,False,False,False,False
裁,tsâi,châi,0,False,False,False,False,False,False,False,False,False,False
虛,hṳ,hṳ,0,False,False,False,False,False,False,False,False,False,False
蚊,bún,bún,0,False,False,False,False,False,False,False,False,False,False
蚋,la̍h,la̍h,0,False,False,False,False,False,False,False,False,False,False
蚋,lâ,lâ,0,False,False,False,False,False,False,False,False,False,False
蛙,uâ,ôa,0,False,False,False,False,False,False,False,False,False,False
蝎,iat,iat,0,False,False,False,False,False,False,False,False,False,False
螆,chû,chû,0,False,False,False,False,False,False,False,False,False,False
螆,tsî,chî,0,False,False,False,False,False,False,False,False,False,False
螺,lô̤,lô̤,0,False,False,False,False,False,False,False,False,False,False
蟹,hō̤e,hō̤e,0,False,False,False,False,False,False,False,False,False,False
衍,iān,iān,0,False,False,False,False,False,False,False,False,False,False
街,ko̤e,ko̤e,0,False,False,False,False,False,False,False,False,False,False
衙,gâ,gâ,0,False,False,False,False,False,False,False,False,False,False
衣,ì,ì,0,False,False,False,False,False,False,False,False,False,False
被,phō̤,phō̤,0,False,False,False,False,False,False,False,False,False,False
貢,kōng,kōng,0,False,False,False,False,False,False,False,False,False,False
貨,hò̤,hò̤,0,False,False,False,False,False,False,False,False,False,False
貫,kuàinn,koàiⁿ,0,False,False,False,False,False,False,False,False,False,False
資,tsṳ,chṳ,0,False,False,False,False,False,False,False,False,False,False
郭,ko̤h,ko̤h,0,False,False,False,False,False,False,False,False,False,False
鄭,tenn,teⁿ,0,False,False,False,False,False,False,False,False,False,False
鄭,tênn,têⁿ,0,False,False,False,False,False,False,False,False,False,False
酌,tsiak,chiak,0,False,False,False,False,False,False,False,False,False,False
配,phò̤,phò̤,0,False,False,False,False,False,False,False,False,False,False
醮,tsiāu,chiāu,0,False,False,False,False,False,False,False,False,False,False
釀,jiâng,jiâng,0,False,False,False,False,False,False,False,False,False,False
釀,jiòng,jiòng,0,False,False,False,False,False,False,False,False,False,False
采,tshai,chhai,0,False,False,False,False,False,False,False,False,False,False
鉢,puat,poat,0,False,False,False,False,False,False,False,False,False,False
銮,luân,loân,0,False,False,False,False,False,False,False,False,False,False
鋳,tsù,chù,0,False,False,False,False,False,False,False,False,False,False
錫,sia̍k,sia̍k,0,False,False,False,False,False,False,False,False,False,False
鍋,o,o,0,False,False,False,False,False,False,False,False,False,False
鍋,o̤,o̤,0,False,False,False,False,False,False,False,False,False,False
那,na,na,0,False,False,False,False,False,False,False,False,False,False
邀,hiau,hiau,0,False,False,False,False,False,False,False,False,False,False
遣,khiàn,khiàn,0,False,False,False,False,False,False,False,False,False,False
蹄,tô̤e,tô̤e,0,False,False,False,False,False,False,False,False,False,False
賽,sò̤,sò̤,0,False,False,False,False,False,False,False,False,False,False
趋,tshi,chhi,0,False,False,False,False,False,False,False,False,False,False
足,tsù,chù,0,False,False,False,False,False,False,False,False,False,False
跟,kṳn,kṳn,0,False,False,False,False,False,False,False,False,False,False
踈,so̤e,so̤e,0,False,False,False,False,False,False,False,False,False,False
踐,tsián,chián,0,False,False,False,False,False,False,False,False,False,False
車,kṳ,kṳ,0,False,False,False,False,False,False,False,False,False,False
過,kò̤,kò̤,0,False,False,False,False,False,False,False,False,False,False
軟,juán,joán,0,False,False,False,False,False,False,False,False,False,False
辟,phia̍h,phia̍h,0,False,False,False,False,False,False,False,False,False,False
边,pian,pian,0,False,False,False,False,False,False,False,False,False,False
迎,gīng,gēng,0,False,False,False,False,False,False,False,False,False,False
迪,tio̍k,tio̍k,0,False,False,False,False,False,False,False,False,False,False
退,thò̤,thò̤,0,False,False,False,False,False,False,False,False,False,False
災,tso̤,cho̤,0,False,False,False,False,False,False,False,False,False,False
前,chûinn,chûiⁿ,0,False,False,False,False,False,False,False,False,False,False
灰,ho̤,ho̤,0,False,False,False,False,False,False,False,False,False,False
和,hoh,hoh,0,False,False,False,False,False,False,False,False,False,False
和,hô̤,hô̤,0,False,False,False,False,False,False,False,False,False,False
咾,láu,láu,0,False,False,False,False,False,False,False,False,False,False
哇,uâ,ôa,0,False,False,False,False,False,False,False,False,False,False
哈,ap,ap,0,False,False,False,False,False,False,False,False,False,False
响,hiáng,hiáng,0,False,False,False,False,False,False,False,False,False,False
哖,nī,nī,0,False,False,False,False,False,False,False,False,False,False
哲學,tia̍t,tia̍t,0,False,False,False,False,False,False,False,False,False,False
啌,khiang,khiang,0,False,False,False,False,False,False,False,False,False,False
啜,tsuat,choat,0,False,False,False,False,False,False,False,False,False,False
喘,tshún,chhún,0,False,False,False,False,False,False,False,False,False,False
嘮,lâ,lâ,0,False,False,False,False,False,False,False,False,False,False
嘻,hí,hí,0,False,False,False,False,False,False,False,False,False,False
噪,sòo,sò͘,0,False,False,False,False,False,False,False,False,False,False
噯,āi,āi,0,False,False,False,False,False,False,False,False,False,False
嚉,tu̍t,tu̍t,0,False,False,False,False,False,False,False,False,False,False
和,ho̍h,ho̍h,0,False,False,False,False,False,False,False,False,False,False
和,ho,ho,0,False,False,False,False,False,False,False,False,False,False
卜,bo̤h,bo̤h,0,False,False,False,False,False,False,False,False,False,False
咀,tsua̍h,choa̍h,0,False,False,False,False,False,False,False,False,False,False
却,khiak,khiak,0,False,False,False,False,False,False,False,False,False,False
厨,tû,tû,0,False,False,False,False,False,False,False,False,False,False
厶,bôo,bô͘,0,False,False,False,False,False,False,False,False,False,False
去,khú,khú,0,False,False,False,False,False,False,False,False,False,False
取,chhí,chhí,0,False,False,False,False,False,False,False,False,False,False
吃,git,git,0,False,False,False,False,False,False,False,False,False,False
吉,kia̍t,kia̍t,0,False,False,False,False,False,False,False,False,False,False
吉,kit,kit,0,False,False,False,False,False,False,False,False,False,False
吉貝,kia̍t,kia̍t,0,False,False,False,False,False,False,False,False,False,False
吹,tsho̤,chho̤,0,False,False,False,False,False,False,False,False,False,False
呃,o̤h,o̤h,0,False,False,False,False,False,False,False,False,False,False
呈,thìng,thèng,0,False,False,False,False,False,False,False,False,False,False
呈,thíng,théng,0,False,False,False,False,False,False,False,False,False,False
呑,thún,thún,0,False,False,False,False,False,False,False,False,False,False
呑,thûn,thûn,0,False,False,False,False,False,False,False,False,False,False
嚼,tsiak,chiak,0,False,False,False,False,False,False,False,False,False,False
囝,gín,gín,0,False,False,False,False,False,False,False,False,False,False
回,hô̤,hô̤,0,False,False,False,False,False,False,False,False,False,False
團,tuân,toân,0,False,False,False,False,False,False,False,False,False,False
士,sù,sù,0,False,False,False,False,False,False,False,False,False,False
多,tsō̤e,chō̤e,0,False,False,False,False,False,False,False,False,False,False
夭,iāu,iāu,0,False,False,False,False,False,False,False,False,False,False
头,thiô,thiô,0,False,False,False,False,False,False,False,False,False,False
奈,nai,nai,0,False,False,False,False,False,False,False,False,False,False
女,nī,nī,0,False,False,False,False,False,False,False,False,False,False
奴,nôo,nô͘,0,False,False,False,False,False,False,False,False,False,False
妹,bō̤,bō̤,0,False,False,False,False,False,False,False,False,False,False
姿,tsṳ,chṳ,0,False,False,False,False,False,False,False,False,False,False
媆,lùn,lùn,0,False,False,False,False,False,False,False,False,False,False
嫩,lùn,lùn,0,False,False,False,False,False,False,False,False,False,False
孜,tsṳ,chṳ,0,False,False,False,False,False,False,False,False,False,False
安,án,án,0,False,False,False,False,False,False,False,False,False,False
宿舍,sok,sok,0,False,False,False,False,False,False,False,False,False,False
寛,khuan,khoan,0,False,False,False,False,False,False,False,False,False,False
壊,huāi,hoāi,0,False,False,False,False,False,False,False,False,False,False
壇,thân,thân,0,False,False,False,False,False,False,False,False,False,False
壁,phik,phek,0,False,False,False,False,False,False,False,False,False,False
垂,sô̤,sô̤,0,False,False,False,False,False,False,False,False,False,False
地,tō̤e,tō̤e,0,False,False,False,False,False,False,False,False,False,False
坂,huán,hoán,0,False,False,False,False,False,False,False,False,False,False
坂,puán,poán,0,False,False,False,False,False,False,False,False,False,False
坎,khâm,khâm,0,False,False,False,False,False,False,False,False,False,False
坐,tsō̤,chō̤,0,False,False,False,False,False,False,False,False,False,False
坔,lòm,lòm,0,False,False,False,False,False,False,False,False,False,False
埔,pôo,pô͘,0,False,False,False,False,False,False,False,False,False,False
墻,tshiûⁿ,chhiûⁿ,0,False,False,False,False,False,False,False,False,False,False
埭,tō̤,tō̤,0,False,False,False,False,False,False,False,False,False,False
培,pō̤,pō̤,0,False,False,False,False,False,False,False,False,False,False
堆,to̤,to̤,0,False,False,False,False,False,False,False,False,False,False
塊,tò̤,tò̤,0,False,False,False,False,False,False,False,False,False,False
塡,thiân,thiân,0,False,False,False,False,False,False,False,False,False,False
墟,hṳ,hṳ,0,False,False,False,False,False,False,False,False,False,False
危,gûi,gûi,0,False,False,False,False,False,False,False,False,False,False
午,ngōo,ngō͘,0,False,False,False,False,False,False,False,False,False,False
火,hó̤,hó̤,0,False,False,False,False,False,False,False,False,False,False
丕,phî,phî,0,False,False,False,False,False,False,False,False,False,False
丢,tiu,tiu,0,False,False,False,False,False,False,False,False,False,False
两,liáng,liáng,0,False,False,False,False,False,False,False,False,False,False
丼,tím,tím,0,False,False,False,False,False,False,False,False,False,False
之,tsî,chî,0,False,False,False,False,False,False,False,False,False,False
乒,pin,pin,0,False,False,False,False,False,False,False,False,False,False
乒,pìn,pìn,0,False,False,False,False,False,False,False,False,False,False
乒,pīn,pīn,0,False,False,False,False,False,False,False,False,False,False
乓,piāng,piāng,0,False,False,False,False,False,False,False,False,False,False
于,ṳ,ṳ,0,False,False,False,False,False,False,False,False,False,False
亘,khìng,khèng,0,False,False,False,False,False,False,False,False,False,False
亘,kìng,kèng,0,False,False,False,False,False,False,False,False,False,False
亜,â,â,0,False,False,False,False,False,False,False,False,False,False
亞,â,â,0,False,False,False,False,False,False,False,False,False,False
代,tō̤,tō̤,0,False,False,False,False,False,False,False,False,False,False
会,hō̤,hō̤,0,False,False,False,False,False,False,False,False,False,False
丕,phī,phī,0,False,False,False,False,False,False,False,False,False,False
丕,phì,phì,0,False,False,False,False,False,False,False,False,False,False
千,tshṳinn,chhṳiⁿ,0,False,False,False,False,False,False,False,False,False,False
丑,thiúnn,thiúⁿ,0,False,False,False,False,False,False,False,False,False,False
㤓,pūn,pūn,0,False,False,False,False,False,False,False,False,False,False
㬹,tenn,teⁿ,0,False,False,False,False,False,False,False,False,False,False
㮣,khài,khài,0,False,False,False,False,False,False,False,False,False,False
㶺,thûn,thûn,0,False,False,False,False,False,False,False,False,False,False
䇭,ló,ló,0,False,False,False,False,False,False,False,False,False,False
䖳,tsā,chā,0,False,False,False,False,False,False,False,False,False,False
䙝,siat,siat,0,False,False,False,False,False,False,False,False,False,False
䜟,tshàm,chhàm,0,False,False,False,False,False,False,False,False,False,False
䝍,thûn,thûn,0,False,False,False,False,False,False,False,False,False,False
䟽,so̤e,so̤e,0,False,False,False,False,False,False,False,False,False,False
䟽,sòo,sò͘,0,False,False,False,False,False,False,False,False,False,False
䢍,pian,pian,0,False,False,False,False,False,False,False,False,False,False
䱅,bua̍h,boa̍h,0,False,False,False,False,False,False,False,False,False,False
与,í,í,0,False,False,False,False,False,False,False,False,False,False
与,ú,ú,0,False,False,False,False,False,False,False,False,False,False
会,ō̤e,ō̤e,0,False,False,False,False,False,False,False,False,False,False
伴,phuàn,phoàn,0,False,False,False,False,False,False,False,False,False,False
佐佐木,tsó,chó,0,False,False,False,False,False,False,False,False,False,False
佐藤,tsó,chó,0,False,False,False,False,False,False,False,False,False,False
冥,meh,meh,0,False,False,False,False,False,False,False,False,False,False
凄,tshi,chhi,0,False,False,False,False,False,False,False,False,False,False
処,chhí,chhí,0,False,False,False,False,False,False,False,False,False,False
処,tò̤,tò̤,0,False,False,False,False,False,False,False,False,False,False
凭,pîn,pîn,0,False,False,False,False,False,False,False,False,False,False
别,pia̍t,pia̍t,0,False,False,False,False,False,False,False,False,False,False
券,khuàn,khoàn,0,False,False,False,False,False,False,False,False,False,False
刼,kiap,kiap,0,False,False,False,False,False,False,False,False,False,False
劝,khuìnn,khùiⁿ,0,False,False,False,False,False,False,False,False,False,False
努,nóo,nó͘,0,False,False,False,False,False,False,False,False,False,False
勁,gīng,gēng,0,False,False,False,False,False,False,False,False,False,False
勺,tsiak,chiak,0,False,False,False,False,False,False,False,False,False,False
化,huā,hōa,0,False,False,False,False,False,False,False,False,False,False
匛,kiū,kiū,0,False,False,False,False,False,False,False,False,False,False
區,khuh,khuh,0,False,False,False,False,False,False,False,False,False,False
再,tsái,chái,0,False,False,False,False,False,False,False,False,False,False
具,kī,kī,0,False,False,False,False,False,False,False,False,False,False
兵,phiann,phiaⁿ,0,False,False,False,False,False,False,False,False,False,False
俱,kī,kī,0,False,False,False,False,False,False,False,False,False,False
体,thué,thóe,0,False,False,False,False,False,False,False,False,False,False
佚,i̍t,i̍t,0,False,False,False,False,False,False,False,False,False,False
佶,kit,kit,0,False,False,False,False,False,False,False,False,False,False
佾,i̍t,i̍t,0,False,False,False,False,False,False,False,False,False,False
來,lài,lài,0,False,False,False,False,False,False,False,False,False,False
侈,chhí,chhí,0,False,False,False,False,False,False,False,False,False,False
倍,puè,pòe,0,False,False,False,False,False,False,False,False,False,False
全,chûinn,chûiⁿ,0,False,False,False,False,False,False,False,False,False,False
倍,pō̤,pō̤,0,False,False,False,False,False,False,False,False,False,False
倪,gô̤e,gô̤e,0,False,False,False,False,False,False,False,False,False,False
做,tsòo,chò͘,0,False,False,False,False,False,False,False,False,False,False
傳,thûinn,thûiⁿ,0,False,False,False,False,False,False,False,False,False,False
儡,ló̤,ló̤,0,False,False,False,False,False,False,False,False,False,False
先,sṳinn,sṳiⁿ,0,False,False,False,False,False,False,False,False,False,False
寡,kuénn,kóeⁿ,0,False,False,False,False,False,False,False,False,False,False
尋,tshō̤,chhō̤,0,False,False,False,False,False,False,False,False,False,False
尺,tshiok,chhiok,0,False,False,False,False,False,False,False,False,False,False
查,tshê,chhê,0,False,False,False,False,False,False,False,False,False,False
株,thi,thi,0,False,False,False,False,False,False,False,False,False,False
根,kṳn,kṳn,0,False,False,False,False,False,False,False,False,False,False
桁,ênn,êⁿ,0,False,False,False,False,False,False,False,False,False,False
桔,kit,kit,0,False,False,False,False,False,False,False,False,False,False
械,hâi,hâi,0,False,False,False,False,False,False,False,False,False,False
楂,tshê,chhê,0,False,False,False,False,False,False,False,False,False,False
楽,ga̍k,ga̍k,0,False,False,False,False,False,False,False,False,False,False
楽,gāu,gāu,0,False,False,False,False,False,False,False,False,False,False
楽,ngāu,ngāu,0,False,False,False,False,False,False,False,False,False,False
榭,sia̍h,sia̍h,0,False,False,False,False,False,False,False,False,False,False
槀,kó,kó,0,False,False,False,False,False,False,False,False,False,False
樞,thi,thi,0,False,False,False,False,False,False,False,False,False,False
橘,kit,kit,0,False,False,False,False,False,False,False,False,False,False
橫,huânn,hôaⁿ,0,False,False,False,False,False,False,False,False,False,False
檀,thân,thân,0,False,False,False,False,False,False,False,False,False,False
栗,lik,lek,0,False,False,False,False,False,False,False,False,False,False
某,bôo,bô͘,0,False,False,False,False,False,False,False,False,False,False
尾,bó̤,bó̤,0,False,False,False,False,False,False,False,False,False,False
柏,phik,phek,0,False,False,False,False,False,False,False,False,False,False
晬,tsò̤,chò̤,0,False,False,False,False,False,False,False,False,False,False
暨,khài,khài,0,False,False,False,False,False,False,False,False,False,False
暱,lik,lek,0,False,False,False,False,False,False,False,False,False,False
書,tsṳ,chṳ,0,False,False,False,False,False,False,False,False,False,False
替,thò̤e,thò̤e,0,False,False,False,False,False,False,False,False,False,False
朂,hiok,hiok,0,False,False,False,False,False,False,False,False,False,False
會,hō̤,hō̤,0,False,False,False,False,False,False,False,False,False,False
會,ō̤e,ō̤e,0,False,False,False,False,False,False,False,False,False,False
未,bō̤,bō̤,0,False,False,False,False,False,False,False,False,False,False
术,su̍t,su̍t,0,False,False,False,False,False,False,False,False,False,False
术,tsu̍t,chu̍t,0,False,False,False,False,False,False,False,False,False,False
杀,sài,sài,0,False,False,False,False,False,False,False,False,False,False
杌,gu̍t,gu̍t,0,False,False,False,False,False,False,False,False,False,False
杓,tshia̍h,chhia̍h,0,False,False,False,False,False,False,False,False,False,False
松,tshiông,chhiông,0,False,False,False,False,False,False,False,False,False,False
次,sù,sù,0,False,False,False,False,False,False,False,False,False,False
欢,huann,hoaⁿ,0,False,False,False,False,False,False,False,False,False,False
欵,khuánn,khóaⁿ,0,False,False,False,False,False,False,False,False,False,False
歲,hò̤,hò̤,0,False,False,False,False,False,False,False,False,False,False
浪,long,long,0,False,False,False,False,False,False,False,False,False,False
浪,lông,lông,0,False,False,False,False,False,False,False,False,False,False
浮,hiô,hiô,0,False,False,False,False,False,False,False,False,False,False
涛,tô,tô,0,False,False,False,False,False,False,False,False,False,False
涰,tuat,toat,0,False,False,False,False,False,False,False,False,False,False
淺,chhíⁿ,chhíⁿ,0,False,False,False,False,False,False,False,False,False,False
清,tshiann,chhiaⁿ,0,False,False,False,False,False,False,False,False,False,False
済,tsê,chê,0,False,False,False,False,False,False,False,False,False,False
溌,phuat,phoat,0,False,False,False,False,False,False,False,False,False,False
溪,kho̤e,kho̤e,0,False,False,False,False,False,False,False,False,False,False
滣,tûn,tûn,0,False,False,False,False,False,False,False,False,False,False
漕,tsôo,chô͘,0,False,False,False,False,False,False,False,False,False,False
澳,hiok,hiok,0,False,False,False,False,False,False,False,False,False,False
濟,tsê,chê,0,False,False,False,False,False,False,False,False,False,False
瀬,nāi,nāi,0,False,False,False,False,False,False,False,False,False,False
洗,só̤e,só̤e,0,False,False,False,False,False,False,False,False,False,False
泰,thuà,thòa,0,False,False,False,False,False,False,False,False,False,False
泥,nī,nī,0,False,False,False,False,False,False,False,False,False,False
池,ti̍h,ti̍h,0,False,False,False,False,False,False,False,False,False,False
歳,hò̤,hò̤,0,False,False,False,False,False,False,False,False,False,False
歷,la̍h,la̍h,0,False,False,False,False,False,False,False,False,False,False
歹,táinn,táiⁿ,0,False,False,False,False,False,False,False,False,False,False
殷,ṳn,ṳn,0,False,False,False,False,False,False,False,False,False,False
氈,thán,thán,0,False,False,False,False,False,False,False,False,False,False
汐,si̍p,si̍p,0,False,False,False,False,False,False,False,False,False,False
沃,ok,ok,0,False,False,False,False,False,False,False,False,False,False
泉,tsuànn,chòaⁿ,0,False,False,False,False,False,False,False,False,False,False
沙,sà,sà,0,False,False,False,False,False,False,False,False,False,False
沙,sá,sá,0,False,False,False,False,False,False,False,False,False,False
沙,sā,sā,0,False,False,False,False,False,False,False,False,False,False
沫,pho̤̍h,pho̤̍h,0,False,False,False,False,False,False,False,False,False,False
沸,puì,pùi,0,False,False,False,False,False,False,False,False,False,False
治,ti̍h,ti̍h,0,False,False,False,False,False,False,False,False,False,False
昼,tiù,tiù,0,False,False,False,False,False,False,False,False,False,False
昧,muāi,moāi,0,False,False,False,False,False,False,False,False,False,False
昂,gâng,gâng,0,False,False,False,False,False,False,False,False,False,False
懐,huâi,hoâi,0,False,False,False,False,False,False,False,False,False,False
当,tong,tong,0,False,False,False,False,False,False,False,False,False,False
径,kìng,kèng,0,False,False,False,False,False,False,False,False,False,False
從,tsiōng,chiōng,0,False,False,False,False,False,False,False,False,False,False
徹,tia̍t,tia̍t,0,False,False,False,False,False,False,False,False,False,False
快活,khuìnn,khùiⁿ,0,False,False,False,False,False,False,False,False,False,False
怜,lîn,lîn,0,False,False,False,False,False,False,False,False,False,False
恣,sù,sù,0,False,False,False,False,False,False,False,False,False,False
恩,ṳn,ṳn,0,False,False,False,False,False,False,False,False,False,False
恬,tiâm,tiâm,0,False,False,False,False,False,False,False,False,False,False
悪,ok,ok,0,False,False,False,False,False,False,False,False,False,False
悪,ònn,ò͘ⁿ,0,False,False,False,False,False,False,False,False,False,False
惧,kī,kī,0,False,False,False,False,False,False,False,False,False,False
慇,ṳn,ṳn,0,False,False,False,False,False,False,False,False,False,False
慈,chû,chû,0,False,False,False,False,False,False,False,False,False,False
慶,khiànn,khiàⁿ,0,False,False,False,False,False,False,False,False,False,False
强,kiáng,kiáng,0,False,False,False,False,False,False,False,False,False,False
弭,mí,mí,0,False,False,False,False,False,False,False,False,False,False
弥,mí,mí,0,False,False,False,False,False,False,False,False,False,False
帛,pi̍t,pi̍t,0,False,False,False,False,False,False,False,False,False,False
居,kṳ,kṳ,0,False,False,False,False,False,False,False,False,False,False
巓,tian,tian,0,False,False,False,False,False,False,False,False,False,False
川,tshuinn,chhuiⁿ,0,False,False,False,False,False,False,False,False,False,False
己,í,í,0,False,False,False,False,False,False,False,False,False,False
巳,í,í,0,False,False,False,False,False,False,False,False,False,False
巾,kṳn,kṳn,0,False,False,False,False,False,False,False,False,False,False
幣,pī,pī,0,False,False,False,False,False,False,False,False,False,False
弥,bî,bî,0,False,False,False,False,False,False,False,False,False,False
年,nī,nī,0,False,False,False,False,False,False,False,False,False,False
底,tó̤e,tó̤e,0,False,False,False,False,False,False,False,False,False,False
庭,thìng,thèng,0,False,False,False,False,False,False,False,False,False,False
廸,tio̍k,tio̍k,0,False,False,False,False,False,False,False,False,False,False
弁,puân,poân,0,False,False,False,False,False,False,False,False,False,False
弊,pī,pī,0,False,False,False,False,False,False,False,False,False,False
懃,khîn,khîn,0,False,False,False,False,False,False,False,False,False,False
懴,tshàm,chhàm,0,False,False,False,False,False,False,False,False,False,False
於,ṳ,ṳ,0,False,False,False,False,False,False,False,False,False,False
戍,suì,sùi,0,False,False,False,False,False,False,False,False,False,False
撪,phún,phún,0,False,False,False,False,False,False,False,False,False,False
擁,iòng,iòng,0,False,False,False,False,False,False,False,False,False,False
擧,kia̍h,kia̍h,0,False,False,False,False,False,False,False,False,False,False
攷,khónn,khó͘ⁿ,0,False,False,False,False,False,False,False,False,False,False
数,sòo,sò͘,0,False,False,False,False,False,False,False,False,False,False
數,sok,sok,0,False,False,False,False,False,False,False,False,False,False
文,bun,bun,0,False,False,False,False,False,False,False,False,False,False
文,bún,bún,0,False,False,False,False,False,False,False,False,False,False
文,būn,būn,0,False,False,False,False,False,False,False,False,False,False
斉,tsuê,chôe,0,False,False,False,False,False,False,False,False,False,False
斉,tsê,chê,0,False,False,False,False,False,False,False,False,False,False
斗,ta̍uh,ta̍uh,0,False,False,False,False,False,False,False,False,False,False
斤,kṳn,kṳn,0,False,False,False,False,False,False,False,False,False,False
断,tuàn,toàn,0,False,False,False,False,False,False,False,False,False,False
断,tuīnn,tūiⁿ,0,False,False,False,False,False,False,False,False,False,False
摧,tsuê,chôe,0,False,False,False,False,False,False,False,False,False,False
揉,jiú,jiú,0,False,False,False,False,False,False,False,False,False,False
揀,káinn,káiⁿ,0,False,False,False,False,False,False,False,False,False,False
拳,khuân,khoân,0,False,False,False,False,False,False,False,False,False,False
戫,hiok,hiok,0,False,False,False,False,False,False,False,False,False,False
戬,tsián,chián,0,False,False,False,False,False,False,False,False,False,False
戴,tò̤,tò̤,0,False,False,False,False,False,False,False,False,False,False
托,thoh,thoh,0,False,False,False,False,False,False,False,False,False,False
担,tânn,tâⁿ,0,False,False,False,False,False,False,False,False,False,False
拉,lâ,lâ,0,False,False,False,False,False,False,False,False,False,False
指,chńg,chńg,0,False,False,False,False,False,False,False,False,False,False
推,tho̤,tho̤,0,False,False,False,False,False,False,False,False,False,False
挛,luân,loân,0,False,False,False,False,False,False,False,False,False,False
挨,o̤e,o̤e,0,False,False,False,False,False,False,False,False,False,False
振動,tín,tín,0,False,False,False,False,False,False,False,False,False,False
捽,tsut,chut,0,False,False,False,False,False,False,False,False,False,False
掉,thiáu,thiáu,0,False,False,False,False,False,False,False,False,False,False
掠,lia̍k,lia̍k,0,False,False,False,False,False,False,False,False,False,False
𰛅,phông,phông,0,False,False,False,False,False,False,False,False,False,False
