tl,hanzi
á-bô,á無
á-î,á蛦
á-phàu,阿炮
à-lîng,啞鈴
ā-hó,ā好
ā-khú-lih,ā-khú-lih
ā-sái,ā使
ā-suah-sī,ā-soah是
ā-suah-ū,ā-soah有
ā-tio̍h,ā著
ā-ū,ā有
a-bó,阿母
a-tsa,腌臢
a-tsik,阿叔
a-tsím,阿嬸
a-tsiu,亞洲
a-tsóo,阿祖
a-geh,阿給
ah,ah
ah,押
ah,鴨
ah,壓
ah-bué-āu,押尾後
a̍h,a̍h
a̍h,盒
a̍h-á,匣仔
a̍h-á,盒仔
a̍h-tshioh,壓尺
a̍h-tsng,盒裝
a̍h-ik,壓抑
a̍h-kē,壓低
a̍h-kíng,壓境
a̍h-pán,壓板
a̍h-ū-tse,a̍h有che
ah-á-kiánn,鴨仔囝
ah-á-tan,鴨仔tan
ah-āu,押後
ah-bah,鴨肉
ah-bî,鴨咪
ah-bî-á,鴨咪仔
ah-bī,鴨味
ah-bī,壓味
ah-bó,鴨母
ah-bó-tsháu,鴨母草
ah-bó-tshiū,鴨母樹
ah-bó-tsu,鴨母珠
ah-bó-hiānn,益母艾
ah-bó-it,鴨母乙
ah-bó-le̍h,鴨母笠
ah-bó-phànn,鴨母冇
ah-bó-tê,鴨母蹄
ah-bué,押尾
ah-buē-sī,ah未是
ah-tsài,押載
ah-tshioh,鴨尺
ah-tshuì-hông,鴨嘴hông
ah-tshut,押出
ah-tsi̍h-tsháu,鴨舌草
ah-tsi̍h-hông,鴨舌hông
ah-tsiúnn,鴨掌
ah-hîng,鴨雄
ah-hîng-á,鴨雄仔
ah-huē,押匯
ah-hóo,壓虎
a-hiann,阿兄
ah-kái,押解
ah-kak,鴨角
ah-kang,鴨公
ah-kang-khiû,鴨公khiû
ah-kē,抑低
ah-kha-bo̍k,鴨腳木
ah-kha-tshiū,鴨腳樹
ah-kha-tsiúnn,鴨腳掌
ah-kha-hiānn,鴨腳艾
ah-kha-hiunn,鴨腳香
ah-kha-pê,鴨腳扒
ah-kha-phuê,鴨腳皮
ah-kha-sik,鴨腳稷
ah-kha-sué,鴨腳黍
ah-kha-tê,鴨腳蹄
ah-khut,抑屈
ah-kim,押金
ah-kui,鴨kui
ah-lāi,押利
ah-láng-hì,壓籠戲
ah-li̍k,鴨綠
ah-lo̍h-sìng,壓落性
ah-lo̍h-té,壓落底
ah-lut-á,鴨lut仔
ah-nn̄g,鴨卵
ah-nn̄g-bīn,鴨卵面
ah-nn̄g-tshenn,鴨卵青
ah-nn̄g-tshing,鴨卵青
ah-nn̄g-hîng,鴨卵形
ah-pa,鴨巴
ah-pà,壓霸
ah-phiò,押票
ah-pio-kim,押標金
ah-pńg,押榜
ah-sàng,押送
ah-sī,ah是
ah-siàu,押數
ah-siúnn,鴨賞
ah-suah,押煞
ah-tê-tsháu,鴨蹄草
ah-tê-sé,鴨蹄黍
ah-thôo-tsu,鴨土珠
ah-thûn-á,鴨豚仔
ah-ūn,押韻
ai,哀
ái-á,噯仔
ài,愛
ài-tshing-khì,愛清氣
ài-phò-tāu,愛phò-tāu
ài-beh,愛欲
ài-bīn-tsú,愛面子
ài-bōo,愛慕
ài-tsènn,愛諍
ài-tsîng,愛情
ài-tshap-sū,愛插事
ài-tshe,愛妻
ài-tshiò,愛笑
ài-tsú,愛子
ài-īng,愛用
ài-ga̍k,愛樂
ài-gio̍k-á,愛玉仔
ài-gio̍k-tsí,愛玉子
ài-háu,愛哮
ài-hīn,愛恨
ài-hô,愛河
ài-hông,愛紅
ài-hong-sîn,愛風神
ài-hōo,愛護
ài-iōng,愛用
ài-jîn,愛人
ài-jîn-á,愛人仔
ài-khàu,愛哭
ài-khàu-bīn,愛哭面
ài-khàu-sîn,愛哭神
ài-khián,愛犬
ài-khùn,愛睏
ài-khùn-ba̍k,愛睏目
ài-khùn-tshiū,愛睏樹
ài-khùn-io̍h,愛睏藥
ài-khùn-kuí,愛睏鬼
ài-khùn-sîn,愛睏神
ài-kiau,愛嬌
ài-kok,愛國
ài-kok-sim,愛國心
ài-kóng-uē,愛講話
ài-kòo,愛顧
ài-lí,愛女
ài-māi,曖昧
ài-sim,愛心
ài-sîn,愛神
ài-sioh,愛惜
ài-sńg,愛耍
ài-sū,愛事
ài-suí,愛suí
ài-tài,愛戴
ài-tik-huâ,愛德華
ài-thé-biān,愛體面
ài-thit,愛thit
ài-tián,愛展
ài-tio̍h,愛著
a-î,阿姨
ai-ai-tshan,哀哀呻
ai-ai-háu,哀哀háu
ai-ai-kiò,哀哀叫
ai-ai-thiu,哀哀抽
a-iân,亞鉛
a-iân-pán,亞鉛板
a-iân-phiánn,亞鉛鉼
a-iân-si,阿鉛絲
a-iân-suànn,亞鉛線
a-iân-tháng,亞鉛桶
a-iân-thih,亞鉛鐵
ai-tshan,唉呻
ai-îng,哀榮
ai-gō,挨餓
ai-iah,唉呀
ai-ioh,噯喲
ai-kiû,哀求
āinn,āinn
āinn-kin,āinn巾
ai-uàn,哀怨
ai-siong,哀傷
ai-sû,哀詞
ai-thiànn,哀痛
ai-tinn,ai甜
ai-tō,哀悼
ai-tōng,哀慟
a-jia̍t-tài,亞熱帶
ak,沃
a̍k-á,a̍k仔
a-kah,阿及
a-káu,阿狗
a-káu-khì,阿狗氣
ak-âu,沃喉
ak-tsak,偓促
ak-tsa̍k,齷齪
ak-tsak-hué,偓促火
ak-tsak-jua̍h,偓促熱
ak-tshân,沃田
ak-tshiú,握手
ak-tsuí,沃水
a-khīng,椏虹
ak-hōo,沃雨
a-kīm,阿妗
a-kiōng-á,阿共仔
ak-iú,握有
a-ko,阿哥
a-kong,阿公
a-ko-sià,阿哥舍
a-koo,阿姑
ak-puî,沃肥
ak-tâm,沃tâm
a-kū,阿舅
a-kun,亞軍
a-lé,啞鈴
a-lí-san,阿里山
a-lí-sim,阿里參
am,庵
am,掩
am,醃
am,闇
ám,ám
a-ḿ,阿姆
ám-ám,ám-ám
ám-tsiunn,ám漿
ám-lī,ám濾
ám-muâi,ám糜
ám-muâi-á,ám糜仔
ám-muâi-hue,ám糜花
ám-phe̍h,ám-phe̍h
ám-phīnn-ko,ám鼻哥
ám-tè,ám滯
ám-thng,ám湯
ám-thng-sái,ám湯屎
ám-thong-thong,ám-thong-thong
àm,暗
àm-huann-hí,暗歡喜
àm-an,暗安
àm-ba̍t,暗密
àm-bîn-bong,暗眠摸
àm-bo̍k-bo̍k,暗漠漠
àm-bong-bong,暗摸摸
àm-bong-sa,暗摸捎
àm-bôo,暗謀
àm-tsa,暗查
àm-tsàu,暗奏
àm-tshàng,暗藏
àm-tshìng,暗銃
àm-tshia,暗車
àm-tshiò,暗笑
àm-tshiunn,暗鯧
àm-tshǹg,暗串
àm-tshù,暗處
àm-tsìnn,暗箭
àm-tsīnn,暗靜
àm-tsīnn-á,暗靜仔
àm-tsiuh-tsiuh,暗chiuh-chiuh
àm-tsuā,暗逝
àm-tsū,暗自
àm-hīng,暗行
àm-hiong,暗香
àm-hō,暗號
àm-hué,暗火
àm-ho̍k,暗伏
àm-hóng,暗訪
àm-hōo,暗雨
àm-hûn,暗痕
àm-hûn,暗雲
àm-hūn,暗分
àm-iánn,暗影
àm-iú,暗酉
àm-kàng,暗槓
àm-kau,暗溝
àm-kè,暗計
àm-king,暗間
àm-king-á,暗間仔
àm-khàm,暗khàm
àm-khang,暗空
àm-khang-á,暗空仔
àm-khǹg,暗khǹg
àm-khùn,暗睏
àm-kì,暗記
àm-kì-hō,暗記號
àm-kuà-tsiáu,暗掛鳥
àm-kuat,暗訣
àm-kong,暗光
àm-kong-tsiáu,暗光鳥
àm-kóo,暗股
àm-kuí,暗鬼
àm-kuí-á,暗鬼仔
àm-lâm,暗藍
àm-lâu,暗流
àm-lâu-á,暗樓仔
àm-li̍k,暗綠
àm-liām,暗唸
àm-liú,暗鈕
àm-lōo,暗路
àm-mê,暗暝
àm-miâ,暗名
àm-mi-moo,暗mi-moo
àm-moo-moo,暗moo-moo
àm-niau-niau,暗貓貓
àm-uànn-tsiáu,暗晏鳥
àm-o̍h,暗學
àm-o̍h-á,暗學仔
àm-pan,暗班
àm-pâng,暗房
àm-pēnn,暗病
àm-phú,暗殕
àm-pn̄g,暗飯
àm-poo,暗晡
àm-pōo,暗步
àm-poo-á,暗晡仔
àm-sàm,暗sàm
àm-sàm-pēnn,暗sàm病
àm-sat,暗殺
àm-sik,暗色
àm-sik,暗室
àm-sî,暗時
àm-sī,暗示
àm-siā,暗射
àm-siā,暗麝
àm-siong,暗傷
àm-siōng,暗誦
àm-sǹg,暗算
àm-só,暗鎖
àm-sô-sô,暗sô-sô
àm-suàn,暗算
àm-sóng,暗爽
àm-so-so,暗so-so
àm-ta,暗礁
àm-tām,暗淡
àm-tām,黯淡
àm-tē,暗地
àm-tē-á,暗袋仔
àm-thâu,暗頭
àm-thâu-á,暗頭仔
àm-thiòng,暗暢
àm-tiānn,暗定
àm-tiâu,暗潮
àm-tīnn,暗淀
àm-tio̍h-siūnn,暗著想
àm-tiong,暗中
àm-tiûnn,暗場
àm-tǹg,暗頓
àm-to̍k,暗毒
âm,涵
âm-kau,涵溝
âm-khang,涵空
âm-khang-kau,涵空溝
âm-khang-ku,涵空龜
âm-kóng,涵管
ām,ām
ām-á-kńg,頷仔頸
ām-ām,ām-ām
ām-tsu,頷珠
ām-kin,頷巾
ām-kńg,頷頸
ām-kńg-āu,頷頸後
ām-kńg-tsu,頷頸珠
ām-kńg-kui,頷頸kui
ām-kńg-kut,頷頸骨
ām-kui,頷kui
ām-kui-suànn,頷kui腺
ām-la̍t,頷厤
ām-liān,頷鍊
ām-niá,頷領
ām-phōng-phōng,ām-phōng-phōng
ām-pn̄g,唅飯
ām-suê,頷垂
ām-suê-á,頷垂仔
ām-suê-tāu,頷垂豆
ām-tāu,頷脰
ām-tuà,頷帶
ām-uî-á,頷圍仔
a-má,阿媽
am-ânn,掩攔
am-biō,庵廟
am-tsam,腌cham
am-gōng,闇戇
am-gōng--ê,闇戇ê
am-īnn,庵院
am-inn-á,腌嬰仔
am-ke,闇雞
am-khám,闇憨
am-khám-gōng,闇khám戇
am-khàm,掩khàm
am-kng,醃缸
am-kue,醃瓜
am-kue-thâng,醃瓜蟲
am-ko̍k-ke,掩咯雞
am-kóng-siâm,腌管蟬
am-muî,am枚
a-muâ,亞麻
am-ôo,掩胡
am-phīnn,掩鼻
am-phuì,am屁
am-pôo-siâm,腌蜅蟬
am-poo-tsê,am蜅蠐
am-puī,腌蜚
am-tam,闇耽
am-tham,掩貪
am-tham,闇貪
an,安
an,氨
ánn,ánn
án,俺
án-tsáinn,按怎
án-tsé,俺姐
án-tsik,俺叔
án-tsím,俺嬸
án-tsuánn,按怎
án-tsuánn-iūnn,按怎樣
án-tsuánn-kóng,按怎講
án-tsuánn-m̄,按怎m̄
án-tsóo,俺祖
án-gue̍h,按月
án-hiann,安兄
án-kiān,按鍵
án-kong,俺公
án-koo,俺姑
ánn-kui-pîng,ánn規旁
án-má,俺媽
án-má-thé,俺媽體
án-ne,按呢
án-ni,按呢
án-ní,按呢
án-ní-á,按呢仔
án-ní-senn,按呢生
án-niâ,俺娘
ánn-uá,ánn倚
án-peh,俺伯
án-pínn,俺扁
án-sè-ê,俺細的
àn,按
àn,案
àn-tsia,按chia
àn-tsîng,案情
àn-tsiàu,按照
àn-tsuánn,按怎
àn-tsuánn-iūnn,按怎樣
àn-hā,按下
ànn-hīnn,偃耳
ànn-hīnn-thiann,偃耳聽
àn-huat,案發
ànn-io,ànn腰
àn-iû,案由
àn-iūnn,按樣
àn-ji̍t,按日
àn-kî,按期
àn-kiānn,案件
àn-kǹg,案卷
àn-lē,按例
àn-lí,按理
ànn--lo̍h-khì,ànn落去
ànn--lo̍h-lâi,ànn落來
àn-me̍h,按脈
àn-môo,按摩
àn-nāi,案內
àn-ni,按呢
àn-ni-senn,按呢生
àn-puânn,按盤
àn-sî,按時
ànn-sin,ànn身
àn-sǹg,按算
àn-té,案底
ànn-thâu,ànn頭
àn-thâu-lâi,按頭來
àn-tiānn,按定
àn-toh,案桌
ânn,ânn
ân,ân
ânn,攔
ân-ân,ân-ân
ânn-tsa̍h,ânn閘
ânn-tshin,攔親
ânn-tsia̍h,ânn食
ânn-tsò,ânn做
ân-khang,ân空
ânn-kui-pîng,攔歸pîng
ân-pik-pik,ân逼逼
ân-sò,ân燥
ân-tauh-tauh,ân-tauh-tauh
ân-tiu-tiu,ân丟丟
ân-tòng-tòng,ân-tòng-tòng
ân-tu-tu,ân-tu-tu
ānn,餡
ān-kî,限期
ān-tiānn,限定
a-nái,阿奶
a-nái-niû,阿奶娘
an-bîn,安眠
an-bîn-io̍h,安眠藥
an-tsīng,安靜
an-tshah,安插
an-tshù,安厝
an-tsuánn,安怎
an-tsuánn-tshòng,安怎創
an-tsuánn-kóng,安怎講
an-tsuánn-pān,安怎辦
an-tsuân,安全
an-tsuân-bō,安全帽
an-tsuân-kám,安全感
an-tsuân-thui,安全梯
an-tsuân-tó,安全島
an-tsuân-tuà,安全帶
an-tsong,安裝
an-tsōng,安葬
ang,尪
ang,翁
àng,甕
àng,齆
àng-á,甕仔
àng-tshài,甕菜
àng-tshǹg,甕串
àng-láng,甕籠
àng-láng-tshiah,甕籠赤
àng-phīnn,齆鼻
àng-phīnn-á,齆鼻仔
àng-phīnn-siann,齆鼻聲
àng-siann,甕聲
àng-siann,齆聲
àng-siânn,甕城
àng-tàng,甕凍
àng-té-hì,甕底戲
àng-to̍k,甕毒
àng-tōo,甕肚
âng,紅
âng-bah,紅肉
âng-bah-á,紅肉仔
âng-bah-tshîng,紅肉榕
âng-ba̍k,紅目
âng-ba̍k-tsiáu,紅目鳥
âng-ba̍k-kâinn,紅目睚
âng-ba̍k-kâu,紅目猴
âng-ba̍k-kînn,紅目墘
âng-ba̍k-kóng,紅目管
âng-ba̍k-liân,紅目鰱
âng-bé-thâu,紅馬頭
âng-bîn-tshn̂g,紅眠床
âng-bīn,紅面
âng-bīn-bé,紅面馬
âng-bīn-huan,紅面番
âng-bō-á,紅帽仔
âng-bué,紅尾
âng-bo̍k,紅木
âng-bû,紅
âng-tsang,紅鯮
âng-tsau,紅糟
âng-tsau-phīnn,紅糟鼻
âng-tshâ,紅柴
âng-tshài,紅菜
âng-tshài-thâu,紅菜頭
âng-tshân-oo,紅田烏
âng-tshenn,紅星
âng-tshîng,紅松
âng-tshîng-peh,紅松柏
âng-tshi,紅蛆
âng-tshì-tshang,紅刺蔥
âng-tshiah,紅赤
âng-tshiah-bué,紅赤尾
âng-tshiah-tshiah,紅赤赤
âng-tshiū-m̂,紅樹梅
âng-tshiu-koo,紅秋姑
âng-tshun-tshiū,紅椿樹
âng-tsí-bî,紅紫薇
âng-tsí-soo,紅紫蘇
âng-tsiáu-á,紅鳥仔
âng-tsîm,紅蟳
âng-tsio,紅椒
âng-tsio,紅蕉
âng-tsio̍h-á,紅石仔
âng-tsio̍h-hue,紅石花
âng-tsiú,紅酒
âng-tsng-á,紅磚仔
âng-tsó,紅棗
âng-tsô,紅鰽
âng-tsô-hî,紅鰽魚
âng-tsú-jîn,紅子仁
âng-tsu-á,紅珠仔
âng-tsu-bo̍k,紅珠木
âng-tsu-tsu,紅朱朱
âng-tsuí-kiô,紅水茄
âng-tsu-lê,紅珠螺
âng-enn,紅嬰
âng-enn-á,紅嬰仔
âng-ing,紅鶯
âng-ing,紅鷹
âng-gê,紅牙
âng-gê,紅霓
âng-giâm-kong,紅嚴公
âng-gîn-tsu,紅銀朱
âng-gû-bué,紅牛尾
âng-hâ,紅霞
âng-hái,紅海
âng-hái-tshài,紅海菜
âng-hái-tsit,紅海鯽
âng-ha̍k,紅學
âng-hang,紅魟
âng-ha̍p-hue,紅合花
âng-hāu,紅鱟
âng-hê,紅霞
âng-hê-hue,紅蝦花
âng-hing-tsiáu,紅胸鳥
âng-hî,紅魚
âng-hiā,紅蟻
âng-hio̍h,紅葉
âng-ho,紅熇
âng-huánn,紅幻
âng-huân,紅礬
âng-hue-bí,紅花米
âng-hue-hî,紅花魚
âng-hue-khī,紅花柿
âng-hue-tiám,紅花點
âng-ho̍h,紅鶴
âng-ho-ho,紅熇熇
âng-hōng-tshài,紅鳳菜
âng-hun,紅薰
âng-hûn,紅雲
âng-hu̍t-song,紅佛桑
âng-iām,紅艷
âng-io̍h-tsuí,紅藥水
âng-iûnn,紅楊
âng-jī,紅字
âng-jia̍t-pēnn,紅熱病
âng-jîn,紅仁
âng-jîn-thôo,紅仁土
âng-kah-ha̍h,紅甲箬
âng-kak-tshì,紅角刺
âng-kam,紅甘
âng-kam,紅柑
âng-ka-tang,紅茄苳
âng-ka-tiann,紅茄朾
âng-káu-bó,紅狗母
âng-káu-tsan,紅九層
âng-káu-tsan,紅校欑
âng-káu-hiā,紅蚼蟻
âng-kàu-tsan,紅校欑
âng-kāu-khak,紅厚殼
âng-ke,紅雞
âng-ke-á,紅雞仔
âng-ke-iû,紅雞油
âng-ke-jiû,紅雞榆
âng-ke-kang,紅雞公
âng-kha-á,紅腳仔
âng-kha-tsiáu,紅腳鳥
âng-kháu-tîn,紅口藤
âng-kha-u̍t,紅腳鷸
âng-khī,紅柿
âng-kì,紅痣
âng-kì-kì,紅記記
âng-kî,紅旗
âng-ki-ki,紅吱吱
âng-kin,紅筋
âng-kiô,紅茄
âng-kiō,紅轎
âng-kioh,紅腳
âng-kuah,紅葛
âng-kuè,紅檜
âng-kuê-hî,紅鮭魚
âng-kue-hî,紅瓜魚
âng-kok-tan,紅閣丹
âng-kòng-kòng,紅貢貢
âng-koo-hî,紅姑魚
âng-ku,紅龜
âng-kui-á,紅kui仔
âng-ku-ké,紅龜粿
âng-kun,紅軍
âng-kut-tsuâ,紅骨蛇
âng-kut-tíng,紅骨頂
âng-lâ-pa̍k,紅蘿蔔
âng-lâm,紅楠
âng-lâng,紅人
âng-lâu-bāng,紅樓夢
âng-lê,紅螺
âng-li̍k-á,紅礫仔
âng-li̍k-ting,紅綠燈
âng-lī,紅利
âng-liân-hî,紅鰱魚
âng-lîn-thôo,紅仁土
âng-lio̍k,紅蓼
âng-li̍p,紅鴗
âng-mé-á,紅猛仔
âng-mî,紅棉
âng-mn̂g,紅毛
âng-mn̂g-bé,紅毛碼
âng-mn̂g-hīng,紅毛莧
âng-mn̂g-hue,紅毛灰
âng-mn̂g-thôo,紅毛土
âng-moo-tsháu,紅毛草
âng-moo-hue,紅毛灰
âng-niau,紅貓
âng-niû,紅娘
âng-niû-á,紅娘仔
âng-nn̄g,紅卵
âng-oo-thiap,紅烏帖
âng-pan,紅斑
âng-pau,紅包
âng-pau-tshiū,紅包樹
âng-peh-kak,紅八角
âng-phà-phà,紅泡泡
âng-phànn-phànn,紅冇冇
âng-phiàn,紅片
âng-phīnn,紅鼻
âng-phīnn-thâu,紅鼻頭
âng-phuê-tshài,紅皮菜
âng-phuê-kho,紅皮柯
âng-phuê-sio,紅皮燒
âng-pi-muâ,紅蓖麻
âng-pó-tsio̍h,紅寶石
âng-puánn,紅魬
âng-puânn,紅盤
âng-sam,紅杉
âng-sam-tshit,紅三七
âng-sik,紅色
âng-sì-kiō,紅四轎
âng-si-tshng,紅絲瘡
âng-sim,紅心
âng-sim-á,紅心仔
âng-sim-peh,紅心柏
âng-sio,紅燒
âng-si̍p-jī,紅十字
âng-si-ting,紅絲疔
âng-siù-kiû,紅繡球
âng-sua,紅鯊
âng-sua-hî,紅沙魚
âng-suànn-tsháu,紅線草
âng-sûn,紅巡
âng-tām,紅淡
âng-tām-pí,紅淡比
âng-tâng,紅銅
âng-tāu,紅豆
âng-tāu-sam,紅豆杉
âng-tê,紅茶
âng-tik,紅竹
âng-tik-tsat,紅竹節
âng-tik-tsuâ,紅竹蛇
âng-ting,紅燈
âng-ting-á,紅丁仔
âng-thâu,紅頭
âng-thâu-á,紅頭仔
âng-thâu-sū,紅頭嶼
âng-thn̂g,紅糖
âng-thô,紅桃
âng-thôo,紅土
âng-thôo-tsu,紅土朱
âng-thôo-lîng,紅土龍
âng-thuí-á,紅腿仔
âng-tì-tsuâ,紅蒂蛇
âng-ti-bó,紅豬母
âng-tiu-tiu,紅丟丟
âng-tuânn,紅檀
âng-tōo-kuan,紅杜鵑
âng-tōo-pi,紅杜蓖
āng-siann,旺聲
ang-á,尪仔
ang-á-bīn,尪仔面
ang-á-bóo,翁仔某
ang-á-tsheh,尪仔冊
ang-á-tshut,尪仔出
ang-á-tsiá,翁仔姐
ang-á-jîn,尪仔仁
ang-á-kiō,尪仔轎
ang-á-lîn,尪仔仁
ang-á-mi̍h,尪仔物
ang-á-phiau,尪仔標
ang-á-piau,尪仔標
ang-á-thâu,尪仔頭
ang-á-tôo,尪仔圖
ang-bóo,翁某
ang-bóo-á,翁某仔
ang-tsiá-á,翁姐仔
ang-î,尪姨
ang-î-pô,尪姨婆
ang-kè-toh,尪架桌
ang-keh-toh,尪閣桌
ang-liân,尪聯
ang-pô,尪婆
ang-pô,翁婆
ang-sài,翁婿
an-guî,安危
an-hô,安和
an-hú,安撫
an-hui,安徽
an-hūn,安份
an-î,安於
a-niâ,阿娘
a-niâ-ueh,阿娘喂
an-iânn,安營
an-iáng,安養
a-niau,阿貓
a-niû,阿娘
an-jiân,安然
an-ka,安家
an-khong,安康
an-ki,安基
an-kim,安金
an-ko-lá,安哥拉
an-lâm,安南
an-lîng,安寧
an-lîng,安靈
an-lí-huē,安理會
an-lo̍k,安樂
an-lo̍k-í,安樂椅
an-lo̍k-kong,安樂公
an-lo̍k-sí,安樂死
an-nā,安娜
an-nî,安妮
an-niâ,安娘
an-niâ-ueh,俺娘oeh
an-pâi,安排
an-pîng,安平
an-pîng-hî,安平魚
an-pîng-káng,安平港
an-sán,安產
an-sik,安息
an-sim,安心
an-sîn-io̍h,安神藥
an-siông,安祥
an-suī,安睡
an-tah,安搭
an-tánn,安打
an-tang,安東
an-tīng,安定
an-tīng-sìng,安定性
an-thai,安胎
an-thai-hû,安胎符
an-thóo,安土
an-tì,安置
an-tùn,安頓
an-uì,安慰
an-ún,安穩
ap,壓
a̍p-á,盒仔
a-pa,阿爸
a-pâ,阿爸
a-pah,阿爸
ap-bôo,壓模
ap-tsè,壓制
a-peh,阿伯
a-ping-ko,阿兵哥
a-phá-tò,a-phá-tò
a-phiàn,鴉片
a-phiàn-ko,鴉片膏
a-phiàn-kuí,鴉片鬼
a-phiàn-thôo,鴉片塗
ap-kiann,壓驚
ap-li̍k,壓力
a-pô,阿婆
a-pô-tsînn,阿婆錢
ap-pik,壓迫
ap-siok,壓縮
ap-suah,壓煞
ap-tó-lâng,壓倒人
ap-tó-sìng,壓倒性
a-put-tó,阿不倒
a-sá-lì,a-sá-lì
a-sá-lih,阿莎力
a-sam,亞杉
a-sáng,阿桑
a-sap,阿圾
a-sap-mi̍h,阿圾物
a-se,阿西
a-sè-a,亞細亞
a-se-a,亞細亞
a-sià,阿舍
a-sià-kiánn,阿舍囝
a-siâ-lê,阿闍梨
a-só,阿嫂
a-suann,阿山
a-sun,阿孫
at,遏
at,閼
at-á,遏仔
at-ám,閼ám
a-tang,亞東
at-bí-ko,at米糕
at-tsè,at制
at-tshìn-thâu,at秤頭
at-tshiú,握手
at-tshiú-bué,at手尾
at-tshiú-pà,at手霸
at-tsí,at止
at-tsi̍h,at折
at-tsóo,at阻
a-thài,亞太
a-thài,阿太
at-hē,at下
a-tia,阿爹
at-kè-siàu,at價數
at-khiau,at曲
at-me̍h,at脈
at-uan,at彎
a-tuànn,阿旦
a-tok-á,阿啄仔
at-ông-lâi,at王梨
at-tiâu,at條
at-tn̄g,at斷
au,凹
au,漚
au,甌
áu,拗
áu,嘔
áu-âng,嘔紅
áu-bân,拗蠻
áu-bân-á,拗蠻仔
áu-tshìn-thâu,拗秤頭
áu-tsi̍h,拗折
áu-tsip,拗執
áu-tsuá,拗紙
áu-ê-tinn,拗鞋靪
áu-huâinn,拗橫
áu-hueh,嘔血
áu-hông,嘔紅
áu-io̍h,嘔藥
áu-kak,拗角
áu-kè,拗價
áu-kháu,拗口
áu-khì,拗氣
áu-khiau,拗蹺
áu-khut,拗屈
áu-lâng,拗人
áu-làu,嘔漏
áu-lí,拗理
áu-lo̍h-thua,拗落拖
áu-n̂g,拗黃
áu-niū-thâu,拗量頭
áu-uan,拗彎
áu-uē,拗話
áu-phiah,拗癖
áu-pôo,拗紨
áu-sann,漚衫
áu-sim-hiat,嘔心血
áu-siòng-kong,拗相公
áu-thòo,嘔吐
áu-tn̄g,拗斷
áu-ut,拗鬱
àu,àu
àu,懊
àu-bâ,漚媌
àu-bah,àu肉
àu-biāu,奧妙
àu-tsa-bóo,漚查某
àu-tshâ,漚柴
àu-tshàu,àu臭
àu-tshàu-bīn,漚臭面
àu-tshiong,àu娼
àu-tsi-bai,漚芝屄
àu-tsó,àu棗
àu-eh,懊呃
àu-hang,漚魟
àu-hì,漚戲
àu-hīn,懊恨
àu-hip,àu翕
àu-hiú-hiú,àu-hiú-hiú
àu-huè,àu貨
àu-hong,àu風
àu-kha,àu腳
àu-kha-siàu,àu腳數
àu-kheh,àu客
àu-kioh,àu腳
àu-kioh-siàu,àu腳數
àu-kóo,àu古
àu-kóo-tshia,àu古車
àu-li̍k,àu綠
àu-lok,àu漉
àu-lông,àu膿
àu-lông-lông,àu膿膿
àu-miâ,àu名
àu-náu,懊惱
àu-náu-jua̍h,懊惱熱
àu-náu-phiah,懊惱癖
àu-n̂g,àu黃
àu-ping-á,漚兵仔
àu-phú,àu-phú
àu-piáu,漚婊
àu-piáu-tshiong,漚婊娼
àu-puî,漚肥
àu-sái,àu屎
àu-sái-bīn,àu屎面
àu-sái-sik,漚屎色
àu-siann,àu聲
àu-tah,漚搭
àu-tī-á,漚弟仔
àu-tū-tū,àu-tū-tū
àu-tu-bīn,漚嘟面
àu-ut,懊鬱
àu-ut-jua̍h,燠鬱熱
âu,喉
âu,嚎
âu-tsa̍t,喉實
âu-tsau,嚎糟
âu-tsing,喉鐘
âu-khang,喉空
âu-kiò,嚎叫
âu-kńg-tīnn,喉管淀
âu-ngôo,喉蛾
âu-pì,喉痺
âu-tīnn,喉淀
âu-ūn,喉韻
āu,後
āu-ang,後翁
āu-au,後甌
āu-bīn,後面
āu-bó,後母
āu-bó-bâ,後母媌
āu-bó-piáu,後母婊
āu-bué,後尾
āu-bué-mn̂g,後尾門
āu-bué-tiânn,後尾埕
āu-bóo,後某
āu-tsan,後層
āu-tsan-khí,後曾齒
āu-tsē,後坐
āu-tsē-bah,後坐肉
āu-tsik,後叔
āu-tshe,後妻
āu-tshī,後市
āu-tshia-siunn,後車箱
āu-tshia-táu,後車斗
āu-tshiú,後手
āu-tshiú-tsînn,後手錢
āu-tshuā,後娶
āu-tshut-sì,後出世
āu-tsím,後枕
āu-tsím-kut,後枕骨
āu-tsìn,後進
āu-tsō,後座
āu-ē,後禍
āu-gue̍h-ji̍t,後月日
āu-hē-tshiú,後下手
āu-hîng,後形
āu-hong,後方
āu-īnn,後院
āu-jīm,後任
āu-ji̍t,後日
āu--ji̍t,後日
āu-ji̍t-á,後日仔
āu-kài,後屆
āu-káng,後港
āu-kè,後架
āu-kha,後腳
āu-kha-kin,後腳跟
āu-khí,後齒
āu-khîn,後勤
āu-khok,後擴
āu-khuì,後氣
āu-ki,後裾
āu-kìm,後禁
āu-kuè,後過
āu-kòo-gue̍h,後個月
āu-lâi,後來
āu--lâi,後來
āu-lâng,後龍
āu-lo̍h,後落
āu-lōo,後路
āu-mê,後暝
āu-mn̂g,後門
āu-náu,後腦
āu-náu-kut,後腦骨
āu-nî,後年
āu-pái,後擺
āu-pang,後幫
āu-pâng,後房
āu-pē,後父
āu-pîng,後旁
āu-piah,後壁
āu-piah-bīn,後壁面
āu-piah-hîng,後壁形
āu-piah-mn̂g,後壁門
āu-piah-suann,後壁山
āu-puànn-mê,後半暝
āu-poo,後埔
āu-pōo,後步
āu-sè,後世
āu-senn-ke,後生家
āu-sì,後世
āu-sì-lâng,後世人
āu-sî,後時
āu-siū,後siū
āu-suann,後山
āu-suann-kiā,後山崎
āu-sû,後嗣
āu-tâi,後台
āu-tāi,後代
āu-tāi-lâng,後代人
āu-táu-tshau,後斗操
āu-táu-tshìng,後斗銃
āu-tenn,後蹬
āu-thâu,後頭
āu-thâu-tshìng,後頭銃
āu-thâu-tshù,後頭厝
āu-thâu-khok,後頭擴
āu-thènn,後撐
āu-thuí,後腿
āu-tiânn,後埕
āu-tinn,後靪
āu-tuānn,後段
āu-tù,後注
āu-uî-tsìng,後遺症
au-a,歐亞
au-á,甌仔
au-bí,歐美
au-tsau,漚焦
au-tsiu,歐洲
au-tsiu-lâng,歐洲人
au-iông,歐陽
au-lio̍k,歐陸
au-lô-puî,歐羅肥
au--lo̍h-khì,凹落去
a-ūn,亞運
a-ūn-huē,亞運會
au-puî,漚肥
au-sik,歐式
au-tánn,歐打
bá-tah,bá-tah
bâ,麻
bâ,媌
bâ,痲
bâ,貓
bâ-á,媌仔
bâ-á,貓仔
bâ-á-king,媌仔間
bâ-bâ,麻麻
bâ-bâ-á,峇峇仔
bâ-bî,麻微
bâ-bīn-ê,貓面個
bâ-bó,媌母
bâ-bo̍k,麻木
bâ-bū,麻霧
bâ-bū-kng,麻霧光
bâ-bui,麻微
bâ-bui-tshiò,麻微笑
bâ-bui-sng,麻微酸
bâ-bui-tinn,麻微甜
bâ-bún,峇吻
bâ-bún-tshiò,麻吻笑
bâ-tshiok,麻雀
bâ-tsín,痲疹
bâ-tsuì,麻醉
bâ-hong,麻瘋
bâ-io̍h,麻藥
bâ-jî-gán,貓兒眼
bâ-jî-tik,麻兒竹
bâ-lî,峇厘
bâ-pì,麻痺
bâ-siā,麻射
bâ-thâu,媌頭
bā,bā
bā,峇
bā,覓
bā,碼
bā-bā,密密
bā-tshē,bā-tshē
bā-tsînn,覓錢
bā-hio̍h,bā-hio̍h
bā-hio̍h-tshì,覓鴞刺
bā-hio̍h-si̍t,覓鴞翼
bā-sà,bā-sà
bā-sngh-sngh,峇嗖嗖
bā-tah,bā搭
bā-tah-sà,bā搭sà
bā-táu,bā斗
bā-tàu,bā鬥
bā-thâu-lōo,覓頭路
bah,肉
bah,脈
ba̍h-á,覓仔
bah-âng-sik,肉紅色
bah-ba̍k,肉目
bah-bûn-tshiò,肉文笑
bah-tsàng,肉粽
bah-tsàng-tseh,肉粽節
bah-tsâng,肉欉
bah-tshài,肉菜
bah-tshì,肉刺
bah-tsìnn,肉箭
bah-tsit,肉質
bah-tsit,肉鯽
bah-gû,肉牛
bah-hî,肉魚
bah-huàn,肉販
bah-huê,肉回
bah-hú,肉脯
bah-iù-á,肉幼仔
bah-iû,肉油
bah-jîn,肉仁
bah-jiông,肉絨
bah-kak,肉角
bah-ke,肉雞
bah-kè,肉髻
bah-kinn,肉羹
bah-kiû,肉球
bah-kuann,肉干
bah-kuê,肉鮭
bah-kut,肉骨
bah-lê,肉螺
bah-luī,肉類
bah-nn̂g,肉瓤
bah-uân,肉圓
bah-uân-bīn,肉丸面
bah-pau,肉包
bah-phiò,肉票
bah-phuê,肉皮
bah-phoh,肉粕
bah-piánn,肉餅
bah-piánn-bīn,肉餅面
bah-sik,肉色
bah-si,肉絲
bah-siann,肉聲
bah-sin,肉身
bah-sīnn,肉豉
bah-soo,肉酥
bah-sut,肉屑
bah-tah-á,肉搭仔
bah-tāu,肉豆
bah-tiam,肉砧
bah-tiàm,肉店
bah-un,肉
bái,bái
bái,寐
bái-bái-hué,寐寐火
bái-tshiú,bái手
bái-tshiú-á,bái手仔
bái-hué,寐火
bâi,眉
bâi,楣
bâi-ba̍k,眉目
bâi-bu̍t,埋沒
bâi-tsông,埋藏
bâi-tsōng,埋葬
bâi-hia̍h,眉額
bâi-ho̍k,埋伏
bâi-uàn,埋怨
bâi-siat,埋設
bāi,覓
bāi-me̍h,覓脈
bāi-pēnn,覓病
bāi-sng,埋喪
bāi-song,覓喪
bak,bak
ba̍k,木
ba̍k,目
ba̍k,墨
ba̍k-âng,目紅
ba̍k-āu,目後
ba̍k-bâi,目眉
ba̍k-bâi-bué,目眉尾
ba̍k-bâi-mn̂g,目眉毛
ba̍k-bâi-sim,目眉心
ba̍k-bâi-thâu,目眉頭
ba̍k-bé,嚜碼
ba̍k-bué,目尾
ba̍k-tsa̍t,墨賊
ba̍k-tsa̍t-tshiám,墨賊槧
ba̍k-tsa̍t-tsûn,墨賊船
ba̍k-tsa̍t-ian,墨賊煙
ba̍k-tsa̍t-jí,墨賊子
ba̍k-tsha̍t,墨賊
ba̍k-tshiah,目赤
ba̍k-tshiūnn,木匠
ba̍k-tsiah-mn̂g,目睫毛
ba̍k-tsiah-phuê,目睫皮
ba̍k-tsiam,目針
ba̍k-tsiap,墨汁
ba̍k-tsiap-mn̂g,目睫毛
ba̍k-tsìnn,目箭
ba̍k-tsìnn,墨箭
ba̍k-tsîn,墨繩
ba̍k-tsi̍t-sut,目一瞬
ba̍k-tsiu,目睭
ba̍k-tsiu-hue,目睭花
ba̍k-tsiu-âng,目睭紅
ba̍k-tsiu-bué,目睭尾
ba̍k-tsiu-tsîng,目睭前
ba̍k-tsiu-tshiah,目睭赤
ba̍k-tsiu-tshuah,目睭chhoah
ba̍k-tsiu-tsí,目睭子
ba̍k-tsiu-gê,目睭gê
ba̍k-tsiu-jia,目睭遮
ba̍k-tsiu-jîn,目睭仁
ba̍k-tsiu-kháng,目睭孔
ba̍k-tsiu-khoo,目睭箍
ba̍k-tsiu-khū,目睭臼
ba̍k-tsiu-kim,目睭金
ba̍k-tsiu-kînn,目睭墘
ba̍k-tsiu-lāi,目睭利
ba̍k-tsiu-mn̂g,目睭毛
ba̍k-tsiu-uánn,目睭碗
ba̍k-tsiu-phuê,目睭皮
ba̍k-tsiu-sîn,目睭神
ba̍k-tsiu-sûn,目睭巡
ba̍k-tsiu-thiànn,目睭痛
ba̍k-tsiu-tun,目睭鈍
ba̍k-tsiu-tûn,目睭唇
ba̍k-tsiu-tūn,目睭鈍
ba̍k-tsuí,ba̍k水
ba̍k-tsuí,墨水
ba̍k-è,目翳
ba̍k-ē,目下
ba̍k-ham,目睅
ba̍k-hî,墨魚
ba̍k-hîn,目眩
ba̍k-hīnn,墨硯
ba̍k-hiunn,木香
ba̍k-hue,目花
ba̍k-hué,目火
ba̍k-io̍h,目藥
ba̍k-iû,目油
ba̍k-iû-tshiū,木油樹
ba̍k-kak,目角
ba̍k-káu-tsiam,目狗針
ba̍k-kik-tsiá,目擊者
ba̍k-khang,目空
ba̍k-kháng,目孔
ba̍k-kháng-tshiah,目孔赤
ba̍k-kháng-e̍h,目孔阨
ba̍k-kháng-hî,目孔魚
ba̍k-kháng-khū,目孔臼
ba̍k-khang-e̍h,目空阨
ba̍k-khang-sè,目空細
ba̍k-khoo,目箍
ba̍k-kia̍h,木屐
ba̍k-kia̍h-hīnn,木屐耳
ba̍k-kia̍h-tah,木屐搭
ba̍k-kiànn,目鏡
ba̍k-kiànn-tsuâ,目鏡蛇
ba̍k-kiànn-jîn,目鏡仁
ba̍k-kiànn-khing,目鏡框
ba̍k-kim,目今
ba̍k-kim,目金
ba̍k-kim-kim,目金金
ba̍k-kînn,目墘
ba̍k-kng,目光
ba̍k-ko,墨膏
ba̍k-lāi,目內
ba̍k-lāi-bô,目內無
ba̍k-lāi-tshì,目內刺
ba̍k-lô,目欏
ba̍k-lōng-tshiū,目浪樹
ba̍k-ni,茉莉
ba̍k-nih,目nih
ba̍k-nih-á,目nih仔
ba̍k-nih-kú,目nih久
ba̍k-o,目窩
ba̍k-oo,墨烏
ba̍k-puânn,墨盤
ba̍k-sa,木柵
ba̍k-sā-sī,目嗄視
ba̍k-sai,木司
ba̍k-sái,目屎
ba̍k-sái-tsiam,目屎針
ba̍k-sái-ko,目屎膏
ba̍k-sái-lâu,目屎流
ba̍k-sa-sī,目sa是
ba̍k-sat,木蝨
ba̍k-sat-tsháu,木虱草
ba̍k-sik,目色
ba̍k-sik-khiáu,目色巧
ba̍k-sik-lāi,目色利
ba̍k-sîn,目神
ba̍k-si̍t,目實
ba̍k-sua,目砂
ba̍k-sûn,目紃
ba̍k-táu,墨斗
ba̍k-táu-tsîn,墨斗繩
ba̍k-táu-hî,墨斗魚
ba̍k-táu-suànn,墨斗線
ba̍k-tē,目地
ba̍k-tē-bô,目地無
ba̍k-thâu,目頭
ba̍k-thâu-khiáu,目頭巧
ba̍k-thâu-kim,目頭金
ba̍k-thâu-kuân,目頭kuân
ba̍k-thóo-luî,目吐luî
ba̍k-thuî,墨槌
ba̍k-u,目洿
bak-tshiú,bak手
bak-tsuí,bak水
bak-khù,bak-khù
bak-lâu-siông,bak流瘍
bak-tak,bak濁
bak-tio̍h,bak著
bak--tio̍h,bak著
bām-pn̄g,含飯
bán,挽
bán-bīn,挽面
bán-tsháu,挽草
bán-tshuah,挽chhoah
bán-tshuì-khí,挽嘴齒
bán-tsuí,挽水
bán-hue,挽花
bán-huê,挽回
bán-kènn,挽脛
bán-khí,挽齒
bán--khí-lâi,挽起來
bán-kin,挽筋
bán-kin-tsháu,挽筋草
bán-kiù,挽救
bán-liû,挽留
bán--lo̍h,挽落
bán-me,挽搣
bán-me̍h,挽脈
bán-moo,挽毛
bán-tê,挽茶
bán-thô,饅頭
bàn-boh,bàn-boh
bân,閩
bân,蠻
bân-tshâ-thâu,蠻柴頭
bân-tshí,蠻鼠
bân-lâm,閩南
bân-lâm-gí,閩南語
bân-phuê,蠻皮
bân-phuê-pēnn,蠻皮病
bân-phuê-sián,蠻皮癬
bān,bān
bān,萬
bān,慢
bān-an,萬安
bān-bān,萬萬
bān-bān,慢慢
bān-bān,漫漫
bān-bān-á,慢慢仔
bān-bān-nî,萬萬年
bān-bān-sô,慢慢sô
bān-bu̍t,萬物
bān-tshing,蔓菁
bān-tshia,慢車
bān-tshian,萬千
bān-tshiánn,慢且
bān-tshiánn-tsáu,慢且走
bān-tshiánn-sī,慢且是
bān-tshia-tō,慢車道
bān-tshiú,慢手
bān-tsiah,慢即
bān-tsuân,萬全
bān-giân,萬言
bān-hāng,萬項
bān-hīng,萬幸
bān-hua-kiànn,萬花鏡
bān-hué,慢火
bān-hue-tâng,萬花筒
bān-hok,萬福
bān-hun,慢分
bān-hun,慢婚
bān-iân,漫延
bān-iōng,萬用
bān-it,萬一
bān-iû,漫遊
bān-jîn-tui,萬人堆
bān-king-tsí,蔓荊子
bān-king-hong,慢經風
bān-kha-hiunn,慢腳香
bān-kim,萬金
bān-kim-kiánn,萬金囝
bān-kin-tsháu,萬斤草
bān-kok,曼谷
bān-kok,萬國
bān-lâi,慢來
bān-li̍k,萬力
bān-lîng,萬能
bān-lîng-tan,萬靈丹
bān-lí,萬里
bān-liân-tshîng,萬年松
bān-liân-pit,萬年筆
bān-lio̍k,慢辱
bān-luân,萬巒
bān-mē,漫罵
bān-nî-tshing,萬年青
bān-nî-tshì,萬年刺
bān-nî-ku,萬年龜
bān-nî-siông,萬年松
bān-niú-kim,萬兩金
bān-uē,漫畫
bān-uē-ka,漫畫家
bān-ok,萬惡
bān-peh-sènn,萬百姓
bān-phuê,慢皮
bān-pî,慢脾
bān-pî-hong,慢脾風
bān-pōo,慢步
bān-put-hīng,萬不幸
bān-put-jī,萬不二
bān-sè,萬世
bān-si̍k,慢熟
bān-sìng,慢性
bān-sìng-pēnn,慢性病
bān-sí-sô,慢死sô
bān-siōng,萬象
bān-siū,萬壽
bān-siū-kiok,萬壽菊
bān-siū-kó,萬壽果
bān-siū-pû,萬壽匏
bān-siū-suann,萬壽山
bān-sô-sô,慢sô-sô
bān-suè,萬歲
bān-suè-iâ,萬歲爺
bān-suè-tîn,萬歲藤
bān-sū,萬事
bān-sū-thong,萬事通
bān-tāi-nî,萬代年
bān-tâm,漫談
bān-tang,慢冬
bān-tang-tiū,慢冬稻
bān-thâu,饅頭
bān-thâu-kó,饅頭果
bān-thô-hue,蔓桃花
bān-thun-thun,慢吞吞
bān-tiám-tshing,萬點青
bān-tiám-kim,萬點金
bān-to-tshò,萬刀剉
bān-tūn,慢鈍
ban-á,屘仔
ban-á-kiánn,屘仔囝
ban-tsik,屘叔
ban-tsím,屘嬸
bang,bang
báng,báng
báng,蚊
báng,魍
báng,懵
báng-á,蚊仔
báng-á-tsuí,蚊仔水
báng-á-hiunn,蚊仔香
báng-á-hun,蚊仔薰
báng-á-thang,蚊仔窗
báng-bó,蚊母
báng-bui,蚊微
báng-hiunn,蚊香
báng-hun,蚊薰
báng-kah,萬華
báng-kah,艋舺
báng-sak-á,蚊sak仔
báng-sut,蚊摔
báng-sut-á,蚊摔仔
báng-tà,蚊罩
báng-tàu,蠓罩
báng-thâng,蚊蟲
bàng,bàng
bàng,莫
bâng,芒
bâng-bâng,茫茫
bâng-tsháu,芒草
bâng-hue,芒花
bâng-luān,忙亂
bâng-sàu,芒掃
bâng-tang-á,芒東仔
bāng,望
bāng,夢
bāng,網
bāng-á,網仔
bāng-á-mn̂g,網仔門
bāng-á-tē,網仔袋
bāng-an,望安
bāng-ba̍k,網目
bāng-tso̍k,望族
bāng-hiat,網
bāng-hiong,夢鄉
bāng-huàn,夢幻
bāng-iû-pēnn,夢遊病
bāng-kíng,夢境
bāng-khang,網孔
bāng-kìnn,夢見
bāng-kiû,網球
bāng-kiû-sài,網球賽
bāng-ko-lâu,望高樓
bāng-lô,網羅
bāng-lōo,網路
bāng-pe̍h,網白
bāng-se,網紗
bāng-se-kè,網紗髻
bāng-se-tē,網紗袋
bāng-tang,望冬
bāng-thâu,望頭
bāng--tio̍h,夢著
bang-hue,芒花
bang-ki,芒萁
bang-tio̍h,網著
ban-î,屘姨
ban-kiánn,屘囝
ban-kīm,屘妗
ban-koo,屘姑
ban-kū,屘舅
bat,bat
bat-tāi-tsì,bat代誌
ba̍t,密
ba̍t-ba̍t-khang,密密孔
ba̍t-ba̍t-senn,密密生
ba̍t-ba̍t-sī,密密是
ba̍t-tsa̍t,密實
ba̍t-tshuì,密嘴
ba̍t-tsiuh-tsiuh,密啁啁
ba̍t-se-kin,密西根
ba̍t-siám-siám,密閃閃
bat-bô-kàu,bat無夠
bat-bô-thàu,bat無透
bat-tsìn-thè,bat進退
bat-huè,bat貨
bat-jī,bat字
bat-lâng,bat人
bat-phang-tshàu,bat芳臭
bat-pó,bat寶
bat-siūnn,bat想
bat-sū,bat事
bat-thàu-thàu,bat透透
báu,báu
báu-ba̍k,卯目
báu-tshenn,昴星
báu-miâ,卯名
báu-tio̍h,卯著
bāu,bāu
bāu,貿
bāu-kang-sū,貿工事
bāu-kàu-té,貿到底
bāu-kiānn,貿件
bāu-sit-thâu,貿穡頭
bāu-té,貿底
bāu-thâu,貿頭
ba̍uh,ba̍uh
ba̍uh,貿
ba̍uh-kang,貿工
ba̍uh--lâng,貿人
bé,馬
bé,買
bé,碼
bé-kha-siàu,買腳數
bé-ām-iann,馬頷纓
bé-an,馬鞍
bé-âu-pî,馬喉脾
bé-bē,買賣
bé-bē-tsha̍t,買賣賊
bé-bē-gia̍p,買賣業
bé-bē-khí,買bē起
bé-bē-tio̍h,買bē著
bé-bíng,馬猛
bé-buah,買抹
bé-bué,馬尾
bé-bué-si,馬尾絲
bé-tsang,馬鬃
bé-tshia,馬車
bé-tshiau,買超
bé-tshiú,買手
bé-tshù,買厝
bé-tshun,買春
bé-tsí,馬子
bé-tsí,碼子
bé-tsí-lī,碼子字
bé-tsî,馬薺
bé-tsìn,買進
bé-tsiūnn-sài,馬上婿
bé-tsú,買主
bé-ē-khí,買會起
bé-hâm-lîng,馬頷鈴
bé-hì,馬戲
bé-hì-thuân,馬戲團
bé-hiông,馬雄
bé-huê,買回
bé-hue-tsìnn,馬花糋
bé-hong,買方
bé-hu,馬伕
bé-iann,馬纓
bé-iann-hue,馬纓花
bé-ji̍p,買入
bé-ka,馬鮫
bé-kā-kiunn,馬咬韁
bé-ka-tshun,馬鮫鰆
bé-kah,馬裌
bé-kháu-tshiū,馬口樹
bé-kháu-thih,馬口鐵
bé-khí-tshài,馬齒菜
bé-khí-tsháu,馬齒草
bé-khí-tāu,馬齒豆
bé-khî,馬蜞
bé-khuài,馬快
bé-kuà,馬褂
bé-lâi,買來
bé-la̍t,馬力
bé-lîng,馬鈴
bé-lîng-tsî,馬鈴薯
bé-ló,瑪瑙
bé-ló-ba̍k,瑪瑙目
bé-ló-tsio̍h,瑪瑙石
bé--lo̍h-lâi,買落來
bé-long,馬瓏
bé-lōo,馬路
bé-miā,買命
bé-nî,馬年
bé-nuâ,馬欄
bé-uann-tsháu,馬鞍草
bé-uann-tîn,馬鞍藤
bé-pān,買辦
bé-pâng,馬房
bé-phiò,買票
bé-phit,馬匹
bé-pî-hong,馬脾風
bé-pian-tsháu,馬鞭草
bé-pinn,馬鞭
bé-pinn-hî,馬鞭魚
bé-pòo,馬布
bé-sài,馬賽
bé-sì,馬勢
bé-siu,買收
bé-soh,馬索
bé-sut,馬摔
bé-su̍t,馬術
bé-ta̍h-tìng,馬踏鐙
bé-tāu-tsang,馬脰鬃
bé-tê-gîn,馬蹄銀
bé-tê-hiang,馬蹄香
bé-tê-hiunn,馬蹄香
bé-tê-hue,馬蹄花
bé-tê-kim,馬蹄金
bé-tê-n̂g,馬蹄黃
bé-tê-thih,馬蹄鐵
bé-tìng,馬鐙
bé-tháng,馬桶
bé-thâu,馬頭
bé-thâu,碼頭
bé-thâu-khu,碼頭區
bé-thong,買通
bé-tiâu,馬椆
bé-tio̍h,買著
bé-tiûnn,馬場
bé-tò-tńg,買倒轉
bé-tò-tn̄g,買倒斷
bé-tuann,買單
bé-to-tshng,馬刀瘡
bé-tuī,馬隊
bê,迷
bê-bū,迷霧
bê-tsin,迷津
bê-hi̍k,迷惑
bê-huàn-io̍h,迷幻藥
bê-hûn-huat,迷魂法
bê-hûn-io̍h,迷魂藥
bê-io̍h,迷藥
bê-kiong,迷宮
bê-lâng,迷人
bê-luân,迷戀
bê-lōo,迷路
bê-sìn,迷信
bê-sit,迷失
bê-tio̍h,迷著
bê-tôo,迷途
bē,bē
bē,妹
bē,賣
bē-bué-kháu,賣尾口
bē-an,bē安
bē-àn-sǹg,bē按算
bē-bah,賣肉
bē-bah-tsînn,賣肉錢
bē-bián--tit,bē免得
bē-tshiò,賣笑
bē-tshuì-tsuí,賣嘴水
bē-tshut,賣出
bē-tshut-siann,bē出聲
bē-tsí,bē止
bē-tsînn,賣錢
bē-tsīn-kin,賣盡根
bē-tsió,bē少
bē-tsió--tit,bē少得
bē-tsō,賣座
bē-tsú,賣主
bē-īng,bē用
bē-īng--leh,bē用leh
bē-īng--tit,bē用得
bē-gōng-bah,賣戇肉
bē-ha̍h,bē合
bē-hiáu,bē曉
bē-hiáu--tit,bē曉得
bē-hó-sì,bē好勢
bē-hô,bē和
bē-hong,賣方
bē-hōo,賣互
bē-iàu-kín,bē要緊
bē-iōng--tit,bē用得
bē-kah,bē-kah
bē-kàu,賣到
bē-kè,賣價
bē-kham,bē堪
bē-kham--leh,bē堪leh
bē-kham-tit,bē堪得
bē-kham--tit,bē堪得
bē-khat--tit,bē-khat得
bē-khò--leh,bē靠leh
bē-khò--tit,bē靠得
bē-khueh--tit,bē缺得
bē-kì,bē記
bē-kì--tit,bē記得
bē-kiàn-siàu,bē見笑
bē-kuài,bē怪
bē-kuài--tit,bē怪得
bē-kuè,bē怪
bē-kuè-ì,bē過意
bē-kuè--tit,bē怪得
bē-lîng,bē靈
bē-lī--tit,bē離得
bē-liáu,賣了
bē-miā,賣命
bē-ua̍h,bē活
bē-uân,賣完
bē-pênn,bē平
bē-pháinn,bē歹
bē-sái,bē使
bē-sái-bô,bē使無
bē-sái-kóng,bē使講
bē-sái--tit,bē使得
bē-senn,bē生
bē-sim-sik,bē心適
bē-sin,賣身
bē-sóng,bē爽
bē-su,bē輸
bē-su-teh,bē輸teh
bē-tàng,bē-tàng
bē-tàu,bē鬥
bē-thong-tháu,bē通tháu
bē-tì-kàu,bē致到
bē-tiāu,賣掉
bē-ti̍h--tit,bē-ti̍h得
bē-ti̍t--tit,bē直得
bē-tit-hù,bē得赴
bē-tit-kuè,bē得過
bē-tn̄g,賣斷
bē-tó-tn̄g,賣倒斷
bē-tuā-ting,賣大燈
bē-tòng--tit,bē擋得
bē-tōo,bē度
be̍h,麥
be̍h-á,麥仔
be̍h-á-tsháu,麥仔草
be̍h-á-tsiú,麥仔酒
be̍h-á-kó,麥仔蒿
be̍h-á-ng,麥仔秧
be̍h-bûn-tong,麥門冬
be̍h-tshài,白菜
be̍h-gê,麥牙
be̍h-gê-ko,麥芽膏
be̍h-kak,麥角
be̍h-kó-tsháu,麥蒿草
be̍h-lê-ko,麥芽膏
be̍h-phìnn,麥片
be̍h-suī,麥穗
bi̍k-khè,默契
bíng,猛
bíng-tshiū,猛樹
bíng-hóo,猛虎
bíng-ióng,猛勇
bíng-jiân,猛然
bíng-kik,猛擊
bíng-khì,猛氣
bíng-khiat-khiat,猛鍥鍥
bíng-kiàng-kiàng,猛強強
bíng-kong,猛攻
bíng-lia̍t,猛烈
bíng-siù,猛獸
bîng,明
bîng-bîng,明明
bîng-bōng,名望
bîng-bōng-ka,名望家
bîng-bûn,名門
bîng-bûn,明文
bîng-tsai,明知
bîng-tsâi,冥財
bîng-tsing,銘旌
bîng-tsìng,明證
bîng-tshìng,鳴銃
bîng-tshì,名刺
bîng-tshiàng,明唱
bîng-tshun,明春
bîng-tsì,名誌
bîng-tsì,明志
bîng-tsiat,名節
bîng-tsu,明珠
bîng-tsú,盟主
bîng-ê,螟個
bîng-ê-kiánn,螟個囝
bîng-gán-jîn,明眼人
bîng-gī,名義
bîng-giân,明言
bîng-gua̍t,明月
bîng-ha̍k,明學
bîng-hián,明顯
bîng-huân,明礬
bîng-hòng,鳴放
bîng-hoo,明呼
bîng-hūn,名份
bîng-ī,名譽
bîng-iú,盟友
bîng-jîn,名人
bîng-jîn,明仁
bîng-ka,明膠
bîng-khak,明確
bîng-khí,萌起
bîng-khì,明氣
bîng-kî-tsai,明其知
bîng-kiànn,明鏡
bîng-kok,盟國
bîng-kóng,明講
bîng-kù-tāu,明句逗
bîng-kuì,名貴
bîng-kun,盟軍
bîng-láng,明朗
bîng-lé,明禮
bîng-lîng,螟蛉
bîng-lîng-tsú,螟蛉子
bîng-līng,明令
bîng-lí,明理
bîng-lī-kê,名利枷
bîng-liāng,明亮
bîng-liâu,明瞭
bîng-lóng,明朗
bîng-lóng-huà,明朗化
bîng-ông,明王
bîng-pâi,明牌
bîng-pang,盟邦
bîng-pe̍h,明白
bîng-pi̍k,明白
bîng-phín,明品
bîng-phìnn,名片
bîng-piān,明辨
bîng-po-lê,明玻璃
bîng-sán,名產
bîng-sè,明細
bîng-sing,明星
bîng-sing,萌生
bîng-sìng,名勝
bîng-sī,明示
bîng-sìn-phìnn,明信片
bîng-sueh,明說
bîng-su,名師
bîng-sû,名詞
bîng-tāi,明代
bîng-ta̍t,明達
bîng-ta̍t,鳴笛
bîng-tīng,明訂
bîng-thuân,銘傳
bîng-thong,明通
bîng-tì,明智
bîng-tī,明治
bîng-tiat,明哲
bîng-tiâu,明朝
bîng-tō,明道
bîng-ū,名譽
bīng,命
bīng,孟
bīng-àn,命案
bīng-tsong-tik,孟宗竹
bīng-tsú,孟子
bīng-ka-lá,孟加拉
bīng-līng,命令
bīng-tê,命題
bi,bi
bí,米
bí,鎂
bí-á-tsiú,米仔酒
bí-bī,美味
bí-biāu,美妙
bí-bó,米母
bí-buán,美滿
bí-tsè,美製
bí-tsi̍k,美籍
bí-tshau,美鈔
bí-tshik,米粟
bí-tshng,米倉
bí-tshuì-lân,米碎蘭
bí-tsia̍h,米食
bí-tsiu,美洲
bí-tsiú,米酒
bí-tsiú,美酒
bí-tsiùnn,米醬
bí-gi̍k,美玉
bí-guân,美元
bí-ha̍k,美學
bí-hó,美好
bí-huà,美化
bí-huat,美髮
bí-hong,美方
bí-hu,米hu
bí-hún,米粉
bí-ī,美譽
bí-iām,美豔
bí-înn,米圓
bí-io̍k,美育
bí-iông,美容
bí-iông-īnn,美容院
bí-iông-su,美容師
bí-jîn,美人
bí-jîn-tsio,美人蕉
bí-jîn-khò,美人靠
bí-jîn-kì,美人痣
bí-jîn-tāu,美人豆
bí-ka,美加
bí-ká,米絞
bí-kám,美感
bí-kam-tshó,米甘草
bí-kè,米價
bí-ke-á,米雞仔
bí-kíng,美景
bí-kî-miâ,美其名
bí-kiâu,美僑
bí-kim,美金
bí-kńg-kue,米管瓜
bí-ko,米糕
bí-kó,米果
bí-kuan,美觀
bí-kok,美國
bí-ko-muâi,米糕糜
bí-kóng,米栱
bí-ko-siûnn,米糕瘍
bí-ku,米龜
bí-kun,美軍
bí-lân,米蘭
bí-lē,美麗
bí-lí,美女
bí-lí-ing,美女櫻
bí-liân-siā,美聯社
bí-lia̍p,米粒
bí-luâ,米籮
bí-lông,美濃
bí-lú,美女
bí-māu,美貌
bí-miāu,美妙
bí-muá,美滿
bí-muī-tsio,美妹蕉
bí-nâ-tsháu,米籃草
bí-niû,米糧
bí-uān,美援
bí-phang,米芳
bí-phun,米潘
bí-pún,米本
bí-sik,美式
bí-siong,美商
bí-si̍t,美食
bí-sū,美事
bí-su̍t,美術
bí-su̍t-kuán,美術館
bí-tâi,米tâi
bí-tak,米啄
bí-tâm,美談
bí-tāu,米豆
bí-tik,美德
bí-thai-ba̍k,米篩目
bí-thai-bīn,米篩面
bí-thai-tik,米篩竹
bí-thâng,米蟲
bí-tián,美展
bì-luh,bì-luh
bì-luh-tōo,bì-luh肚
bî,bî
bî,眉
bî,迷
bî,寐
bî,微
bî,瞇
bî,黴
bî-bî-á,微微仔
bî-bî-hong,微微風
bî-biáu,微渺
bî-biāu,微妙
bî-tsi̍t-ē,寐一下
bî-giân,微言
bî-jio̍k,微弱
bî-kak,楣角
bî-liāng,微量
bî-lo̍k,麋鹿
bî-pho,微波
bî-pho-lôo,微波爐
bî-sing-bu̍t,微生物
bî-sing-khún,微生菌
bî-tá-mín,bî-tá-mín
bî-tāu,眉豆
bî-tha-mín,bî-tha-mín
bî-tiān-náu,微電腦
bī,bī
bī,味
bī,沬
bī,媚
bī,寐
bī,謎
bī-ah,沬鴨
bī-bián-tit,未免得
bī-tshai,謎猜
bī-tsuí,沬水
bī-hun,未婚
bī-hun-tshe,未婚妻
bī-kak,味覺
bī-lâi,未來
bī-li̍k,魅力
bī--lo̍h-khì,沬落去
bī-pit,未必
bī-pit-jiân,未必然
bī-sîng-liân,未成年
bī-sī,唯是
bī-soh-tsháu,味噌草
bī-sòo,味素
bī-sòo-hún,味素粉
bī-suī,未遂
bī-ti,未知
bī-ti-sòo,未知數
bián,免
bián-á,免仔
bián-á-hî,鮸仔魚
bián-ba̍k,眄目
bián-tsik-kuân,免責權
bián-tshì,免試
bián-tsînn,免錢
bián-tsit,免職
bián-i̍k,免疫
bián-i̍k-li̍k,免疫力
bián-hî,鮸魚
bián-huâi,緬懷
bián-huì,免費
bián-î,免於
bián-iōng,免用
bián-iōng-kàu,免用到
bián-kī,愍忌
bián-kiann,免驚
bián-kióng,勉強
bián-kóng,免講
bián-lé,免禮
bián-lē,勉勵
bián-li̍k,勉力
bián-lí-kuán,免你管
bián-liû,冕旒
bián-luā-kú,免偌久
bián-ǹg,免向
bián-siàu-siūnn,免數想
bián-siūnn,免想
bián-suè,免稅
bián-tî,免除
bián-tián,緬甸
bián-tiān,緬甸
bián-tit,免得
bián-uì,免畏
biān-bo̍k,面目
biān-tsik,面積
biān-tsú,面子
biān-huē,面會
biān-tâm,面談
bia̍t,滅
bia̍t-bô,滅無
bia̍t-bông,滅亡
bia̍t-tsua̍t,滅絕
bia̍t-khió,滅口
biáu-bông,渺茫
biáu-tsing,秒鐘
biáu-pió,秒錶
biáu-sī,藐視
biâu,苗
biâu-tso̍k,苗族
biâu-tsún,瞄準
biâu-huē,描繪
biâu-li̍k,苗栗
biâu-li̍k-tshī,苗栗市
biâu-phóo,苗圃
biâu-siá,描寫
biâu-su̍t,描述
biâu-tiâu,苗條
biāu,妙
biāu-hong,妙方
biāu-iōng,妙用
biāu-kè,妙計
bih,bih
bi̍h,篾
bi̍h-á,篾仔
bi̍h-tsân,篾層
bi̍h-tshio̍h,篾蓆
bi̍h-hiunn,篾香
bi̍h-kha-hiunn,篾腳香
bi̍h-khì,篾器
bi̍h-ki,篾枝
bi̍h-nn̂g,篾瓤
bi̍h-sìnn,篾扇
bih-âm-niau,bih涵貓
bih-ām,bih頷
bih-tsáu,bih走
bih-tshih,bih-chhih
bih-tshiu,bih鬚
bih-tshuì,bih嘴
bih-hîng,bih雄
bih-hōo,bih雨
bih-khí-lâi,bih起來
bih--khí-lâi,bih起來
bih-khì-tiàm,bih去站
bih-khǹg,bih-khǹg
bih-ko̍k-ke,bih咯雞
bih-luh,啤酒
bih-luh-tóo,啤酒肚
bih-sio-tshuē,bih相找
bih-tī,匿tī
bín,bín
bín,抿
bín,笢
bín-á,抿仔
bín-tsia̍t,敏捷
bín-kám,敏感
bín-kám-sìng,敏感性
bín-kám-tōo,敏感度
bín-sé,抿洗
bín-tāu,敏豆
bîn,民
bîn,眠
bîn-á-àm,明仔暗
bîn-á-tsài,明仔載
bîn-á-ji̍t,明仔日
bîn-bāng,眠夢
bîn-bîn,眠眠
bîn-bōng,民望
bîn-tsìng,民政
bîn-tsìng-kio̍k,民政局
bîn-tsîng,民情
bîn-tshn̂g,眠床
bîn-tshn̂g-huānn,眠床岸
bîn-tshn̂g-kha,眠床腳
bîn-tshn̂g-pang,眠床枋
bîn-tshn̂g-phoo,眠床舖
bîn-tshn̂g-tō,眠床道
bîn-tshoo,民初
bîn-tsìn-tóng,民進黨
bîn-tsiòng,民眾
bîn-tsi̍t-ē,眠一下
bîn--tsi̍t-ē,眠一下
bîn-tso̍k,民族
bîn-tsú,民主
bîn-tsú-huà,民主化
bîn-tsú-tóng,民主黨
bîn-îng,民營
bîn-hâng-ki,民航機
bîn-hâng-kio̍k,民航局
bîn-huat,民法
bîn-hong,民風
bîn-hông,民防
bîn-ì,民意
bîn-iâu,民謠
bîn-iōng,民用
bîn-iú,民有
bîn-kan,民間
bîn-ke,民家
bîn-ke-tshù,民家厝
bîn-kíng,民警
bîn-kua,民歌
bîn-kuân,民權
bîn-kok,民國
bîn-uàn,民怨
bîn-pâng,民房
bîn-ping,民兵
bîn-sing,民生
bîn-sìng,民性
bîn-siā-tóng,民社黨
bîn-sim,民心
bîn-sio̍k,民俗
bîn-suán,民選
bîn-sū,民事
bîn-the̍h,民宅
bîn-tì,民智
bîn-tī,民治
bîn-tóng,民黨
bīn,面
bīn-âng,面紅
bīn-âng-gê,面紅霓
bīn-àu-àu,面漚漚
bīn-ba̍k,面目
bīn-bán-bán,面挽挽
bīn-bé,面馬
bīn-bo̍k,面目
bīn-bôo,面模
bīn-tsau,面焦
bīn-tsik,面積
bīn-tsîng,面前
bīn-tsîng-khiā,面前徛
bīn-tsîng-uē,面前話
bīn-tshàu-tshàu,面臭臭
bīn-tshì,面試
bīn-tshiunn,面tshiunn
bīn-tsô,面槽
bīn-tsuá,面紙
bīn-tsú,面子
bīn-tsuí,面水
bīn-gia̍h,面額
bīn-hàm-hàng,面hàm-hàng
bīn-hîng,面形
bīn-hiàng-ē,面向下
bīn-hiàng-thinn,面向天
bīn-huán-tshenn,面反青
bīn-hún,面粉
bīn-înn-tīnn,面圓淀
bīn-iông,面容
bīn-iû,面油
bīn-iu-iu,面憂憂
bīn-khang,臉孔
bīn-kháng,面孔
bīn-khing,面匡
bīn-khiunn,面腔
bīn-khuán,面款
bīn-kiànn,面鏡
bīn-kin,面巾
bīn-kut,面骨
bīn-lik-sik,面慄色
bīn-liâu,面饒
bīn-lōo,面路
bīn-māu,面貌
bīn-oo-khì,面烏去
bīn-oo-oo,面烏烏
bīn-phè,面帕
bīn-phî-phî,面皮皮
bīn-phuê,面皮
bīn-phóo,面譜
bīn-phûn,面盆
bīn-puânn,面盤
bīn-pòo,面布
bīn-pōo,面部
bīn-se,面紗
bīn-sik,面色
bīn-si̍k,面熟
bīn-senn-môo,面生毛
bīn-sng,面霜
bīn-tà,面罩
bīn-ta̍t,面值
bīn-té-phuê,面底皮
bīn-tē,面地
bīn-tíng,面頂
bīn-tíng-pah,面頂百
bīn-tíng-sann,面頂衫
bīn-tháng,面桶
bīn-thâng,蝒蟲
bīn-thâu,饅頭
bīn-thâu-tsîng,面頭前
bīn-thâu-kó,饅頭果
bīn-thâu-kué,饅頭粿
bīn-thé,面體
bīn-thé-phuê,面體皮
bīn-tū-tū,面注注
bīn-tuì,面對
bió,秒
bió-pió,秒表
biô,描
biō,廟
biō-ang-á,廟尪仔
biō-tsiok,廟祝
biō-kong,廟公
biō-sī,廟寺
biō-tn̂g,廟堂
biō-ú,廟宇
bi̍t,密
bi̍t,蜜
bi̍t-bé,密碼
bi̍t-bôo,密謀
bi̍t-tshiat,密切
bi̍t-tshuì,密嘴
bi̍t-tsiàn,蜜餞
bi̍t-tsi̍p,密集
bi̍t-tsuí,蜜水
bi̍t-gua̍t,蜜月
bi̍t-hong,密封
bi̍t-i,密醫
bi̍t-iú,密友
bi̍t-kam,蜜柑
bi̍t-kò,密告
bi̍t-la̍h,蜜蠟
bi̍t-lo̍h,沒落
bi̍t--lo̍h-khì,密落去
bi̍t-phang,蜜蜂
bi̍t-pì,密閉
bi̍t-pò,密報
bi̍t-pô,密婆
bi̍t-pòo,密佈
bi̍t-pôo,蜜房
bi̍t-sik,密室
bi̍t-tâm,密談
bi̍t-tōo,密度
biū-gōo,謬誤
bó,母
bó--á,母仔
bó-á-kiánn,母仔囝
bó-ba̍k,母目
bó-tsâng,母欉
bó-tshin,母親
bó-tshin-tsiat,母親節
bó-tsînn,母錢
bó-ê,母的
bó-gí,母語
bó-gîn,母銀
bó-hāu,母校
bó-hē,母系
bó-hîng,母形
bó-huat,母法
bó-hue,母花
bó-î,母姨
bó-ká-lāi,母絞利
bó-kau-tîn,母交藤
bó-kiánn,母囝
bó-kim,母金
bó-kīm,母妗
bó-kok,母國
bó-kū,母舅
bó-kū-piáu,母舅表
bó-lí,母女
bó-lú,母女
bó-phang,母蜂
bó-sin,母身
bó-sin-sí,母身死
bó-thâu-tshin,母頭親
bó-thé,母體
bó-tiunn-tî,無張持
bô,毛
bô,無
bô-tsām-tsat,無暫節
bô-hē-lo̍h,無下落
bô-ài,無愛
bô-āu-sû,無後嗣
bô-ba̍k-tē,無目地
bô-bāng,無望
bô-bāng-tē,無網袋
bô-beh,無欲
bô-beh-ài,無欲愛
bô-beh-kā,無欲給
bô-bián-kióng,無勉強
bô-bîn,無眠
bô-bīn-kháng,無面孔
bô-bó-kiánn,無母囝
bô-bué-tsē,無尾坐
bô-bué-hāng,無尾巷
bô-bué-káng,無尾港
bô-boh-tshap,無欲插
bô-tsâi,無才
bô-tsāi-sim,無在心
bô-tsat-tsún,無節撙
bô-tsìng-king,無正經
bô-tsîng,無情
bô-tsing-tshái,無精彩
bô-tsha,無差
bô-tshái,無采
bô-tshái-tshuì,無彩嘴
bô-tshái-kang,無彩工
bô-tsheh-pìnn,無慼變
bô-tshing-tshó,無清楚
bô-tshiò-sîn,無笑神
bô-tshioh-phuê,無螫皮
bô-tshiūnn-khuán,無像款
bô-tshò,無錯
bô-tshù-bī,無趣味
bô-tshuì-tsuí,無嘴水
bô-tshuì-hue,無嘴花
bô-tshuì-táu,無嘴斗
bô-tshûn-tuā,無存大
bô-tshut-siann,無出聲
bô-tshut-thuat,無出脫
bô-tsí-kíng,無止境
bô-tsì-khì,無志氣
bô-tsiá,無者
bô-tsînn-lâng,無錢人
bô-tsînn-pn̄g,無錢飯
bô-tsi̍t-tsìng,無一症
bô-tsi̍t-phiat,無一撇
bô-tsiūnn-ba̍k,無上目
bô-tsiūnn-tsiànn,無上正
bô-tsiūnn-kioh,無上腳
bô-tsiūnn-sǹg,無上算
bô-tsua̍h,無縒
bô-tsua̍t-tuì,無絕對
bô-tsuē,無罪
bô-tsú-ngóo,無子午
bô-tsú-tiunn,無主張
bô-tsù-ì,無注意
bô-tsuí,無水
bô-tsuí-tshân,無水田
bô-tsún-tsat,無撙節
bô-tsùn-būn,無震būn
bô-tsûn-thinn,無存天
bô-ik,無益
bô-îng,無閒
bô-îng-kang,無閒工
bô-gāi,無礙
bô-gāi-tio̍h,無礙著
bô-gē,無藝
bô-gē-niū,無藝量
bô-gē-siàu,無藝笑
bô-gî,無疑
bô-gî-ngōo,無疑悟
bô-gī-niū,無藝量
bô-giân,無言
bô-gōo,無誤
bô-ha̍h,無合
bô-hāi,無害
bô-hâng-tsîng,無行情
bô-hāu,無效
bô-hìng,無興
bô-hìng-thâu,無興頭
bô-hîng,無形
bô-hîng-tiong,無形中
bô-hi-hán,無稀罕
bô-hìnn-hainn,無戲哼
bô-hio̍h-tîn,無葉藤
bô-hó,無好
bô-hó-sí,無好死
bô-hó-sì,無好勢
bô-hó-sim,無好心
bô-huā-sǹg,無畫算
bô-huat,無法
bô-huat-i,無法伊
bô-huat--tit,無法得
bô-huat-tōo,無法度
bô-hue-jī,無花字
bô-hông,無妨
bô-hù-tshuán,無赴喘
bô-i,無醫
bô-ì-gī,無異議
bô-ì-gī,無意義
bô-ì-hiàng,無意向
bô-ì-kan,無意間
bô-ì-sîn,無意神
bô-ì-sù,無意思
bô-ì-tiong,無意中
bô-î,無遺
bô-ian,無煙
bô-iánn,無影
bô-iánn-tsiah,無影跡
bô-iánn-tāi,無影代
bô-iân,無緣
bô-iàu-kín,無要緊
bô-iàu-líng,無要領
bô-i-huat,無伊法
bô-im-sìn,無音信
bô-īnn,無異
bô-in-tuann,無因端
bô-i-uá,無依倚
bô-io̍h-i,無藥醫
bô-ióng,無勇
bô-iông-ī,無容易
bô-iōng,無用
bô-it-tīng,無一定
bô-iû-sam,無油杉
bô-iūnn-siùnn,無樣相
bô-jí-ngóo,無爾我
bô-jī,無字
bô-jī-ba̍k,無字墨
bô-jī-gán,無字眼
bô-jîn-tsîng,無人情
bô-jîn-tō,無人道
bô-jīn-hūn,無認分
bô-juā-hó,無偌好
bô-kà-sī,無教示
bô-kâng,無仝
bô-kāng-khuán,無共款
bô-kan-gāi,無干礙
bô-kang-gē,無工藝
bô-kan-kè,無干係
bô-kàu,無夠
bô-kàu-khuànn,無夠看
bô-kàu-khuì,無夠氣
bô-kàu-la̍t,無夠力
bô-kàu-tio̍h,無夠著
bô-kè-kàu,無計較
bô-kè-ta̍t,無價值
bô-khà,無暇
bô-khah-tsua̍h,無卡縒
bô-khak-tīng,無確定
bô-kham,無堪
bô-khang,無空
bô-khí-hō,無起號
bô-khí-hóo,無齒虎
bô-khì,無去
bô--khì,無去
bô-khì-hiâm,無棄嫌
bô-khī-khik,無忌克
bô-khiàm,無欠
bô-khiàm-siàu,無欠數
bô-khn̄g-siann,無吭聲
bô-khó-tiānn,無可定
bô-khuán,無款
bô-khuì,無氣
bô-khún,無菌
bô-kì-miâ,無記名
bô-kì-sim,無記心
bô-kì-tî,無記持
bô-kiann,無驚
bô-kiánn-tsè,無囝債
bô-kiánn-lāi,無囝利
bô-kiann-sim,無驚心
bô-kin-tsháu,無根草
bô-kin-sim,無兢心
bô-kio̍k,無局
bô-kiù,無救
bô-ko,無膏
bô-kuán,無管
bô-kuan-hē,無關係
bô-koh,無閣
bô-kóng-lí,無講理
bô-kong-tsiànn,無公正
bô-kong-pênn,無公平
bô-kong-tō,無公道
bô-kòo,無顧
bô-kòo-kí,無顧己
bô-kú,無久
bô-kuí-ji̍t,無幾日
bô-kún-tshiò,無滾笑
bô-kut-thâu,無骨頭
bô-lâi-khì,無來去
bô-lām-sám,無濫摻
bô-lān-pha,無膦脬
bô-lâng-huat,無人法
bô-la̍t,無力
bô-lé,無禮
bô-lé-māu,無禮貌
bô-li̍k-kám,無力感
bô-lîng,無能
bô-lí-khì,無理氣
bô-liàm-tshuì,無斂嘴
bô-liâng-sim,無良心
bô-liāng,無量
bô-liap,無懾
bô-liáu-sî,無了時
bô-liâu,無聊
bô-liāu,無料
bô-liāu-kàu,無料到
bô-lio̍k-tshin,無六親
bô-luā-tsē,無偌tsē
bô-luā-hó,無偌好
bô-luā-kú,無偌久
bô-lōo-īng,無路用
bô-lōo-lâi,無路來
bô-lōo-sái,無路使
bô-lūn,無論
bô-miā,無命
bô-nāi-sìng,無耐性
bô-ǹg,無向
bô-ngóo,無我
bô-niú-siúnn,無兩想
bô-uē-kóng,無話講
bô-pāi-hāi,無敗害
bô-pāi-pán,無敗板
bô-pak-lāi,無腹內
bô-pān,無扮
bô-pān-huat,無辦法
bô-pān-phe,無辦胚
bô-penn,無繃
bô-pênn,無平
bô-pênn-tsiànn,無平正
bô-pênn-tāng,無平重
bô-phā,無phā
bô-phài-phe,無派胚
bô-phe,無胚
bô-phīnn-gû,無鼻牛
bô-phīnn-phāng,無鼻縫
bô-phóo,無譜
bô-pí-tsí,無比止
bô-piànn,無拚
bô-piànn-bīn,無拚面
bô-piàn-khiàu,無變竅
bô-piàn-lián,無變輦
bô-piàn-pōo,無變步
bô-piān,無便
bô-pit-iàu,無必要
bô-puànn-tsìng,無半症
bô-puànn-hāng,無半項
bô-puànn-înn,無半圓
bô-puànn-phiat,無半撇
bô-puànn-pōo,無半步
bô-puànn-sián,無半sián
bô-puànn-sut,無半屑
bô-puânn,無盤
bô-poh,無poh
bô-póo,無補
bô-pōo,無步
bô-pun-tiunn,無分張
bô-sè-jī,無細膩
bô-sìng-tē,無性地
bô-sîng-ì,無誠意
bô-sî-îng,無時閒
bô-sî-kiânn,無時行
bô-sî-thîng,無時停
bô-sî-tiām,無時恬
bô-sî-tiānn,無時定
bô-siá-sì,無捨世
bô-siann,無聲
bô-siánn,無啥
bô-siánn-huè,無啥貨
bô-siánn-mi̍h,無啥mi̍h
bô-siâng,無像
bô-siâng-khuán,無像款
bô-siāng,無像
bô-siang-kan,無相干
bô-siang-su,無相輸
bô-sia-siàu,無賒數
bô-siau,無消
bô-siau,無銷
bô-siàu-pái,無數擺
bô-siau-thiòng,無消暢
bô-sim-tsiânn,無心情
bô-sim-kuann,無心肝
bô-sim-sik,無心適
bô-sìn-táu,無信道
bô-sîn,無神
bô-sîn-tshái,無神彩
bô-sin-si,無身屍
bô-sioh,無惜
bô-sio̍h,無俗
bô-sioh-lio̍h,無惜略
bô-sioh-pó,無惜寶
bô-sio-kāng,無相共
bô-sio-khiàm,無相欠
bô-sio-niū,無相讓
bô-si̍t-tsāi,無實在
bô-siūnn,無想
bô-siūnn-ài,無想愛
bô-siūnn-kàu,無想kàu
bô-siūnn-tio̍h,無想著
bô-sǹg-pái,無算pái
bô-suah,無煞
bô-suànn,無線
bô-suànn-tiān,無線電
bô-sóng,無爽
bô-sóng-khuài,無爽快
bô-sóo-khò,無所靠
bô-sóo-uī,無所謂
bô-sòo,無數
bô-su,無私
bô-su,無輸
bô-sù-phuè,無四配
bô-sû-kuí,無嗣鬼
bô-sū-sái,無事使
bô-sū-siūnn,無事想
bô-su-iânn,無輸贏
bô-su-iàu,無需要
bô-su-siang,無輸雙
bô-tah-hiannh,無搭hiannh
bô-tāi-tsâi,無大才
bô-tāi-kòo,無大故
bô-tāi-uâ,無奈何
bô-tánn,無膽
bô-tánn-kín,無打緊
bô-tānn,無tānn
bô-tàng-sa,無tàng sa
bô-tàng-tsia̍h,無tàng食
bô-tàng-tsioh,無tàng借
bô-tâng,無同
bô-ta-uâ,無ta-uâ
bô-tap-sap,無tap屑
bô-té-hāng,無底巷
bô-té-khòo,無底褲
bô-tè,無tè
bô-tè-sa,無tè sa
bô-tè-tsia̍h,無tè食
bô-tè-tsioh,無tè借
bô-tè-khì,無tè去
bô-tè-pí,無tè比
bô-teh-nńg,無teh軟
bô-tik-khak,無的確
bô-tik-tiānn,無得定
bô-tīng,無定
bô-tīng-sìng,無定性
bô-tīng-sî,無定時
bô-thang,無通
bô-thang-nńg,無通軟
bô-thâu-tsàng,無頭總
bô-thâu-hiunn,無頭香
bô-thâu-lōo,無頭路
bô-thâu-phe,無頭批
bô-thâu-sîn,無頭神
bô-thâu-tîn,無頭藤
bô-thé-thóng,無體統
bô-thîng,無停
bô-thîng-kha,無停腳
bô-thian-lí,無天理
bô-thian-liâng,無天良
bô-thn̂g,無傳
bô-thong,無通
bô-ti,無知
bô-tí-tsí,無底止
bô-tì-sim,無致心
bô-tî-hông,無持防
bô-tī-leh,無佇leh
bô-tī-tāi,無值代
bô-tiānn,無定
bô-tiānn-tio̍h,無定著
bô-tiâu-kiānn,無條件
bô-tin,無津
bô-tio̍h-sî,無著時
bô-tio̍k,無著
bô-tiunn-tî,無張持
bô-tn̄g,無斷
bô-tō-lí,無道理
bô-tō-tik,無道德
bô-tuā-gāi,無大礙
bô-tòng,無擋
bô-tōo-liāng,無肚量
bô-tú-hó,無tú好
bô-tú-tú,無tú-tú
bô-tuì-lōo,無對路
bô-tuì-sim,無對心
bô-uì,無畏
bô-uī,無謂
bō,帽
bō,磨
bō-á,帽仔
bō-á,磨仔
bō-á-iân,帽仔沿
bō-á-kînn,帽仔墘
bō-á-tún,磨仔礅
bō-king,磨間
bō-pâng,磨房
bō-tûn,帽唇
buâ,磨
buâ-á-tsháu,磨仔草
buâ-bia̍t,磨滅
buâ-tshuì-tsi̍h,磨嘴舌
buâ-tsio̍h,磨石
buâ-ke-ko,磨雞膏
buâ-khann,磨坩
buâ-kha-phuê,磨腳皮
buâ-kng,磨光
buâ-liān,磨練
buâ-lo̍k,磨碌
buâ-sái,磨使
buâ-sńg,磨損
buâ-thua,磨拖
buâ-thuah,磨拖
buâ-to-tsio̍h,磨刀石
buah,抹
bua̍h,bua̍h
bua̍h-tsháu,茉草
bua̍h-hî,末魚
buah-oo,抹烏
buah-pênn,抹平
buah-to,抹刀
buán,滿
buán-an,晚安
buán-ān,滿限
buán-tshan,晚餐
buán-tshing,滿清
buán-tshiu,晚秋
buán-tshun,晚春
buán-tshut-lâi,滿出來
buán-tsiok,滿足
buán-tsō,滿座
buán-hiong-gio̍k,晚香玉
buán-huē,晚會
buán-ì,滿意
buán-iàn,晚宴
buán-kíng,晚景
buán-kî,滿期
buán-kua,輓歌
buán-kuì,晚季
buán-lé-ho̍k,晚禮服
buán-liân,晚年
buán-liân,輓聯
buán-uân,滿員
buán-pò,晚報
buán-puè,晚輩
buán-suè,晚歲
buán-tâi,滿台
buán-thian-sing,滿天星
buán-tiâu,滿潮
buán-tông-hông,滿堂紅
buán-û-hiong,滿餘香
bua̍t,bua̍t
bua̍t,末
bua̍t-bué,沒尾
bua̍t-bué-kiánn,末尾囝
bua̍t-ji̍t,末日
bua̍t-lo̍h,沒落
bua̍t-lōo,末路
bua̍t-nî,末年
bua̍t-sè,末世
bua̍t-si̍k,末席
bua̍t-tāi,末代
bua̍t-thàn,沒趁
bué,尾
bué-á,尾仔
bué--á,尾仔
bué-á-tsáinn,尾仔指
bué-á-kiánn,尾仔囝
bué-á-miâ,尾仔名
bué-āu,尾後
bué-bīn,尾面
bué-bué,尾尾
bué-tsáinn,尾指
bué-tsáinn-á,尾指仔
bué-tsām,尾站
bué-tsē,尾坐
bué-tsíng-tsáinn,尾tsíng指
bué-tshiú,尾手
bué-tsuā-tshia,尾tsuā車
bué-tsui,尾椎
bué-tsui-kut,尾椎骨
bué-gê,尾牙
bué-hue-ōo,尾花芋
bué-ia̍h,尾蝶
bué-ia̍h-á,尾蝶仔
bué-ia̍h-hue,尾蝶花
bué-jī-tsáinn,尾二指
bué-jī-miâ,尾二名
bué-ji̍t,尾日
bué-kang,尾工
bué-kíng,尾景
bué-kíng,尾境
bué-kháu,尾口
bué-khuán,尾款
bué-khuì,尾氣
bué-kî,尾期
bué-kiánn,尾囝
bué-kiat,尾結
bué-kio̍k,尾局
bué--lâi,尾來
bué-lâu,尾流
bué-lī-tsáinn,尾二指
bué-liu,尾溜
bué-lōo,尾路
bué-miâ,尾名
bué-niā-kut,尾岭骨
bué-pan-tshia,尾班車
bué-pōo,尾步
bué-sau,尾梢
bué-siann,尾聲
bué-sin,尾身
bué-siú,尾首
bué-sòo,尾數
bué-tâng-kut,尾胴骨
bué-thâu,尾頭
bué-thiap-io̍h,尾帖藥
bué-uī,尾位
bué-ūn,尾運
buê,梅
buê,媒
buê,煤
buê,糜
buê-á,梅仔
buê-á-kuann,梅仔干
buē,未
buē-bat,未捌
buē-bián,未免
buē-tsîng,未曾
buē-tsîng-buē,未曾未
buē-tshiánn,未且
buē-tshiánn-sī,未且是
buē-tsò--lâng,未做人
buē-liáu,未了
buē-muá,未滿
buē-sîng-ting,未成丁
buē-sī,未是
buē-tīng,未定
bueh,beh
bue̍h-á,襪仔
bue̍h-sok,襪束
bue̍h-tuà,襪帶
bueh-àm-á,boeh暗仔
bueh-án-tsuánn,boeh按怎
bueh-bô,boeh無
bueh--bòo,boeh--bòo
bueh-tsai,boeh知
bueh-tshin-tshiūnn,boeh親像
bueh-m̄,boeh-m̄
bueh-nî,boeh-nî
bueh-uá,boeh倚
bueh-sí,boeh死
bueh-sī,boeh是
bueh-sio-kāng,boeh相共
bueh-tàu,boeh晝
bueh-thái,boeh-thái
bueh-thòo,boeh吐
bueh-ti̍h,boeh-ti̍h
bueh-tio̍h,boeh著
bueh-tó-senn,boeh-tó生
bo̍h-khioh,莫卻
bo̍h-kóng,莫講
bo̍h-kóng-khioh,莫講卻
bo̍h-kóng-sī,莫講是
bo̍h-sueh,莫說
bo̍h-sueh-kóng,莫說講
bok,bok
bo̍k,木
bo̍k,目
bo̍k,沐
bo̍k,漠
bo̍k-ê-luī,木ê類
bo̍k-bé,木馬
bo̍k-bo̍k-siû,bo̍k-bo̍k泅
bo̍k-tsâi,木材
bo̍k-tsè,木製
bo̍k-tsi̍k,木賊
bo̍k-tsîng,目前
bo̍k-tshâi,木材
bo̍k-tsháu,牧草
bo̍k-tshenn,木星
bo̍k-tsí-tshiū,木子樹
bo̍k-tsit,木質
bo̍k-tsō,木造
bo̍k-tsú,木主
bo̍k-tsûn,木船
bo̍k-īng,莫用
bo̍k-gia̍p,木業
bo̍k-hî,木魚
bo̍k-hû-iông,木芙蓉
bo̍k-hui,莫非
bo̍k-io̍k,沐浴
bo̍k-kang,木工
bo̍k-kik,目擊
bo̍k-khik,木刻
bo̍k-khì,木器
bo̍k-kín,木槿
bo̍k-kuài,莫怪
bo̍k-kue,木瓜
bo̍k-kuè,莫怪
bo̍k-kue-tsâng,木瓜欉
bo̍k-kue-tîng,木瓜藤
bo̍k-kùn,木棍
bo̍k-lân,木蘭
bo̍k-lân-hue,木蘭花
bo̍k-liân,木蓮
bo̍k-liap,莫捏
bo̍k-lîn,睦鄰
bo̍k-lio̍k,目錄
bo̍k-lô,木欏
bo̍k-luân-á,木欒仔
bo̍k-lo̍k,目錄
bo̍k-mî,木棉
bo̍k-muâ,木麻
bo̍k-muâ-hông,木麻黃
bo̍k-nái-i,木乃伊
bo̍k-ní,木耳
bo̍k-pāng,木棒
bo̍k-phiau,目標
bo̍k-phìnn,木片
bo̍k-pih-tsí,木鱉子
bo̍k-pit,木筆
bo̍k-se,木犀
bo̍k-siok,苜蓿
bo̍k-siunn,木箱
bo̍k-su,牧師
bo̍k-su-kho,莫斯科
bo̍k-tāi,莫大
bo̍k-tik,目的
bo̍k-tik-tē,目的地
bo̍k-tiau,木雕
bo̍k-tiûnn,牧場
bong,摸
bóng,罔
bóng,莽
bóng-bóng,漭漭
bóng-tshiánn,罔且
bóng-tshìn-tshái,罔凊彩
bóng-tsiang-tsiū,罔將就
bóng-tsiū,罔就
bóng-tsuâ,蟒蛇
bóng-tsōng,莽撞
bóng-hó,罔好
bóng-hu,莽夫
bóng-khuànn,罔看
bóng-kuè-ji̍t,罔過日
bóng-kóng,罔講
bóng-ua̍h,罔活
bóng-thiann,罔聽
bóng-tóng,莽懂
bóng-tóng-hàn,莽懂漢
bóng-tōo,罔度
bóng-tōo-tsia̍h,罔度食
bòng,bòng
bòng,惘
bòng-bòng,妄妄
bòng-se,罔魦
bông,亡
bông,茫
bông,蒙
bông,濛
bông-bīng,亡命
bông-bīn,蒙面
bông-bo̍k,盲目
bông-bông,茫茫
bông-bông,濛濛
bông-bū,茫霧
bông-bū-hōo,濛霧雨
bông-tsíng,芒種
bông-tsíng-hōo,芒種雨
bông-tsîng,忘情
bông-tsio̍h,硭石
bông-tsiông,盲從
bông-huâi,忘懷
bông-hûn,亡魂
bông-jiân,茫然
bông-ko,蒙哥
bông-kok-lôo,亡國奴
bông-kóo,蒙古
bông-lîng,亡靈
bông-pat,忘八
bông-pau,蒙胞
bông-pè,蒙蔽
bông-phiàn,矇騙
bông-sing,盲生
bông-siau,芒硝
bông-siàu-siūnn,甭數想
bông-siu,蒙羞
bông-siū,蒙受
bông-ti̍k-lôo,蒙特婁
bông-tiám,盲點
bông-tn̂g,盲腸
bōng,墓
bōng-á,墓仔
bōng-á-poo,墓仔埔
bōng-tsio̍h,墓石
bōng-tsōng,妄狀
bōng-tsōng-hàn,妄狀漢
bōng-tsōng-kuí,妄狀鬼
bōng-hiat,墓穴
bōng-hn̂g,墓園
bōng-iōng,妄用
bōng-iu-tsháu,忘憂草
bōng-ji̍t,望日
bōng-khòng,墓壙
bōng-khòng-tsiáu,墓壙鳥
bōng-khòng-khang,墓壙空
bōng-khòng-suann,墓壙山
bōng-khut,墓窟
bōng-ku,墓龜
bōng-uán-kiànn,望遠鏡
bōng-pâi,墓牌
bōng-san-kó,夢山果
bōng-siat,夢洩
bōng-sióng,妄想
bōng-sông-kheh,妄傖客
bōng-tē,墓地
bōng-tiânn,墓埕
bōng-tui,墓堆
bōng-uî,夢遺
bong-àm,摸暗
bong-bē-tshing,摸bē清
bong-bē-tio̍h,摸不著
bong-bô-tsáng,摸無總
bong-bô-lōo,摸無路
bong-bô-mn̂g,摸無門
bong-tshiú-té,摸手底
bong-tshuē,摸tshuē
bong-hî,摸魚
bong-mê,摸暝
bong-me̍h,摸脈
bong--tio̍h,摸著
bóo,某
bóo,畝
bóo-bóo-lâng,某某人
bóo-kah,某甲
bóo-kiánn,某囝
bóo-kū,某舅
bóo-lâng,某人
bóo-lôo,某奴
bóo-mih-lâng,某乜人
bóo-tan,牡丹
bóo-thâu-tshin,某頭親
bóo-thâu-kū,某頭舅
bóo-tuā-î,某大姨
bôo,牟
bôo,模
bôo,謀
bôo,霧
bôo-bīn,謀面
bôo-tshú,謀取
bôo-tsit,謀職
bôo-tsoo,模組
bôo-gí,模擬
bôo-hîng,模型
bôo-huān,模範
bôo-huān-sing,模範生
bôo-hóng,模仿
bôo-hôo,模糊
bôo-iūnn,模樣
bôo-khū,模具
bôo-kiû,謀求
bôo-lī,謀利
bôo-lia̍k,謀略
bôo-pán,模板
bôo-sat,謀殺
bôo-sat-àn,謀殺案
bôo-sik,模式
bôo-sing,謀生
bôo-ti̍k-jî,模特兒
bōo,戊
bōo,茂
bōo,幕
bōo,慕
bōo-bîng,慕名
bōo-tsi̍p,募集
bōo-i̍k,貿易
bōo-i̍k-gia̍h,貿易額
bōo-i̍k-siong,貿易商
bōo-hiám,冒險
bōo-huān,冒犯
bōo-jiân,貿然
bōo-khuán,募款
bōo-kuan,募捐
bōo-liâu,幕僚
bōo-lîm,茂林
bōo-sīng,茂盛
bōo-sit,冒失
bōo-tit,募得
boo-lian-khái,忘年會
bú,拇
bú,武
bú,舞
bú-bān,侮慢
bú-tsháu,舞草
bú-tshiong,武昌
bú-tshut,武齣
bú-tshut-hì,武齣戲
bú-tsong,武裝
bú-gē,武藝
bú-hàn,武漢
bú-hia-tîn,武靴藤
bú-huē,舞會
bú-î-tê,武夷茶
bú-jio̍k,侮辱
bú-khik,舞曲
bú-khì,武器
bú-khún,武綑
bú-kî,武棋
bú-kiap,武俠
bú-kioh,武腳
bú-kuann,武官
bú-kong,武功
bú-lāng,侮弄
bú-lāng,舞弄
bú-li̍k,武力
bú-lîng,武陵
bú-lîm,武林
bú-lōng,舞弄
bú-lú,舞女
bú-pè,舞弊
bú-pîng,武旁
bú-pōo,舞步
bú-sing,武生
bú-si̍t,舞翼
bú-sôo-uī,無所謂
bú-sū,武士
bú-sut,撫恤
bú-su̍t,武術
bú-tâi,舞台
bú-tâi,撫台
bú-tâi-kio̍k,舞台劇
bú-tánn,武打
bú-thiann,舞廳
bú-thún,武腯
bú-tî,舞池
bú-tiûnn,舞場
bú-tō,舞蹈
bú-tō-ka,舞蹈家
bú-tuàn,武斷
bú-tún,武腯
bû,誣
bû-bîng-tsáinn,無名指
bû-tshinn,蕪菁
bû-hām,誣陷
bû-hān,無限
bû-hîng-tsí,無行止
bû-hua-kó,無花果
bû-huān-tsí,無患子
bû-hông,無妨
bû-hui,無非
bû-ì,無異
bû-īnn,無異
bû-kè,無價
bû-kè-pó,無價寶
bû-kiông,無窮
bû-kiông-tsīn,無窮盡
bû-kip-tsit,無給職
bû-kò,無過
bû-kò,誣告
bû-koo,無辜
bû-liâu,無聊
bû-luā,誣賴
bû-nāi-hàn,無賴漢
bû-pí,無比
bû-pian,無邊
bû-put,無不
bû-siâ,無邪
bû-siông,無常
bû-tā-uâ,無奈何
bû-thí,無恥
bû-ti,無知
bû-tí-tsí,無底止
bū,霧
bū-bū,霧霧
bū-hong,霧峰
bū-kiû,務求
bū-po-lê,霧玻璃
bū-pún,務本
bū-sà-sà,霧煞煞
bū-siā,霧社
bū-si̍t,務實
bū-ti,撫胝
bu̍h,bu̍h
bui,微
bui-ba̍k,bui目
bu-là-tsià,bu-là-tsià
bún,吻
bún-tshiò,吻笑
bùn,bùn
bùn-á,湓仔
bùn-tshân-ti,湓田豬
bùn-tshí,鼢鼠
bùn-tshut-lâi,湓出來
bùn-pho,湓波
bùn-sái-ku,鼢屎龜
bùn-tē-tshí,鼢地鼠
bûn,文
bûn-àn,文案
bûn-bîng,文明
bûn-bîng,聞名
bûn-bú,文武
bûn-bûn,文文
bûn-bu̍t,文物
bûn-tshī,門市
bûn-tshiong,文昌
bûn-tshiū-lân,文樹蘭
bûn-tshn̂g,bûn床
bûn-tsín,門診
bûn-tsiong,文章
bûn-tsi̍p,文集
bûn-tsit,文職
bûn-tsiunn,文章
bûn-tsó,文藻
bûn-tsong,文宗
bûn-tsu-lân,文珠蘭
bûn-gē,文藝
bûn-gī,文義
bûn-giân,文言
bûn-gîn,紋銀
bûn-ha̍k,文學
bûn-ha̍k-īnn,文學院
bûn-hiàn,文獻
bûn-hiàn-huē,文獻會
bûn-hô,文豪
bûn-huà,文化
bûn-huà-kài,文化界
bûn-huâ,文華
bûn-huat,文法
bûn-hué,文火
bûn-hong,文風
bûn-hong,門風
bûn-hong,聞風
bûn-jī,文字
bûn-jîn,文人
bûn-jîn-uē,文人畫
bûn-kap,文蛤
bûn-kàu,文教
bûn-kàu-khu,文教區
bûn-kik,文革
bûn-kho,文科
bûn-khòo,文庫
bûn-khū,文具
bûn-kî,文棋
bûn-kiàn-huē,文建會
bûn-kiānn,文件
bûn-kó,文稿
bûn-kuann,文官
bûn-kong-tshioh,文公尺
bûn-kū,文具
bûn-lí,文理
bûn-lí-lâng,文理人
bûn-miâ,聞名
bûn-ngá,文雅
bûn-pîng,文旁
bûn-pîn,文憑
bûn-pit,文筆
bûn-san,文山
bûn-sing,門生
bûn-sìng,文聖
bûn-sì-bué,門勢尾
bûn-sian-kó,文仙果
bûn-sim-lân,文心蘭
bûn-sìn,聞訊
bûn-suán,文選
bûn-su,文書
bûn-sú,文史
bûn-tàn,文旦
bûn-tân,文壇
bûn-tik,文竹
bûn-tik,文德
bûn-thé,文體
bûn-tiah,文摘
bûn-tuânn,文壇
būn,悶
būn,燜
būn-tsau-tsau,悶焦焦
būn-tso-tso,悶慒慒
būn-hāu,問候
būn-hó,問好
būn-hō,問號
būn-iu-iu,悶憂憂
būn-uē,問話
būn-pn̄g,燜飯
būn-sè,問世
būn-song,問喪
būn-tap,問答
būn-tê,問題
būn-tin,問津
but,勿
bu̍t,bu̍t
bu̍t-tsíng,物種
bu̍t-tsìng,物證
bu̍t-tsit,物質
bu̍t-tsu,物資
bu̍t-io̍h,沒藥
bu̍t-kè,物價
bu̍t-kuan,沒官
bu̍t-lân-tî,物蘭池
bu̍t-li̍k,物力
bu̍t-lí,物理
bu̍t-lí-hē,物理系
bu̍t-liāu,物料
bu̍t-luī,物類
bu̍t-phín,物品
bu̍t-sán,物產
bu̍t-sik,物色
bu̍t-siu,沒收
bu̍t-thé,物體
tsa,查
tsá,早
tsá-àm,早暗
tsá-bān,早慢
tsá-tsai-iánn,早知影
tsá-tsîng,早前
tsá-tshan,早餐
tsá-tshun,早春
tsá-tsuí,早水
tsá-ji̍t,早日
tsá-kè,早嫁
tsá-khí,早起
tsá-khí-pn̄g,早起飯
tsá-khí-poo,早起晡
tsá-khí-sî,早起時
tsá-khí-tǹg,早起頓
tsá-kî,早期
tsá-lâu,早流
tsá-nî,早年
tsá-uànn,早晏
tsá-pò,早報
tsá-sán,早產
tsá-sē,早逝
tsá-sí,早死
tsá-sî,早時
tsá-tang,早冬
tsá-tīnn,早淀
tsá-tio̍h,早著
tsá-tǹg,早頓
tsá-tong-sî,早當時
tsà,炸
tsà,詐
tsà-tsâi,詐財
tsà-tshài,榨菜
tsà-tshing,詐稱
tsà-huí,炸毀
tsà-io̍h,炸藥
tsà-ke,炸雞
tsà-khi,詐欺
tsà-khi-tsuē,詐欺罪
tsà-phiàn,詐騙
tsà--sí,炸死
tsà-siong,炸傷
tsà-tân,炸彈
tsa-àm,昨暗
tsa-bîng,查明
tsa-bóo,查某
tsa-bóo-á,查某仔
tsa-bóo-tsóo,查某祖
tsa-bóo-hōo,查某雨
tsa-bóo-inn,查某嬰
tsa-bóo-kán,查某
tsa-bóo-king,查某間
tsa-bóo-kiánn,查某囝
tsa-bóo-kioh,查某腳
tsa-bóo-kuann,查某官
tsa-bóo-kuí,查某鬼
tsa-bóo-lâng,查某人
tsa-bóo-ping,查某兵
tsa-bóo-seh,查某楔
tsa-bóo-siàng,查某相
tsa-bóo-siûnn,查某瘍
tsa-bóo-sun,查某孫
tsa-bóo-thài,查某太
tsa-bóo-thé,查某體
tsa-būn,查問
tsa-tsìng,查證
tsa-tshut,查出
tsa-tsip,查緝
tsa-giām,查驗
tsah,chah
tsah,扎
tsah-tshìng,chah銃
tsa̍h,閘
tsa̍h-àm,閘暗
tsa̍h-tshia,閘車
tsa̍h-hong,閘風
tsa̍h-hōo,閘雨
tsa̍h-í,截椅
tsa̍h-ji̍t,昨日
tsa̍h-kng,閘光
tsa̍h--leh,截leh
tsa̍h-lōo,閘路
tsa̍h-lōo-thâu,閘路頭
tsa̍h-mn̂g,閘門
tsa̍h-uē-thâu,閘話頭
tsa̍h-pîn,閘屏
tsa̍h-tio̍h,閘著
tsa̍h-to,鍘刀
tsa-hi̍k,查獲
tsah-hng,昨昏
tsah-iânn,chah營
tsah-khuì,扎氣
tsa-hng,昨昏
tsa-hng-àm,昨昏暗
tsa-hong,查封
tsa-hóng,查訪
tsa-hōo-kháu,查戶口
tsah-pn̄g,chah飯
tsah-pòo,chah布
tsa-hu̍t,查核
tsai,災
tsai,知
tsai,栽
tsai,齋
tsái-khí,早起
tsài,再
tsài,哉
tsài,載
tsài-bîng,載明
tsài-tshù,再次
tsài-tshut-sì,再出世
tsài--tsiá,再者
tsài-huè,載貨
tsài-huē,再會
tsài-hun,再婚
tsài-kheh,載客
tsài-khí,再起
tsài-kiàn,再見
tsài-kóng,再講
tsài-muá,載滿
tsài-pán,再版
tsài-sann,再三
tsài-sing,再生
tsài-tāng,載重
tsài-ūn,載運
tsâi,才
tsâi,材
tsâi,財
tsâi,臍
tsâi-bū,財務
tsâi-bu̍t,財物
tsâi-tsìng,財政
tsâi-tsìng-kio̍k,財政局
tsâi-tsìng-pōo,財政部
tsâi-tsìng-thiann,財政廳
tsâi-tsîng,才情
tsâi-tsit,材質
tsâi-tsú,才子
tsâi-tsú,財主
tsâi-gē,才藝
tsâi-guân,財源
tsâi-huâ,才華
tsâi-hua̍t,財閥
tsâi-hong,臍風
tsâi-hông,裁縫
tsâi-hông-tshia,裁縫車
tsâi-hù,財富
tsâi-kài,財界
tsâi-king,財經
tsâi-khì,才氣
tsâi-khì,財氣
tsâi-khū,才具
tsâi-kuân,財權
tsâi-lé,財禮
tsâi-li̍k,財力
tsâi-lîng,才能
tsâi-lī,財利
tsâi-liāu,材料
tsâi-lú,才女
tsâi-ông,財王
tsâi-sán,財產
tsâi-sán-kuân,財產權
tsâi-sàn,臍疝
tsâi-sîn,財神
tsâi-sîn-iâ,財神爺
tsâi-suè,財稅
tsâi-soo,才疏
tsâi-thuân,財團
tsâi-tiāu,才調
tsâi-tuà,臍帶
tsâi-ūn,財運
tsāi,在
tsāi-àn,在案
tsāi-tsá,在早
tsāi-tsāi,在在
tsāi-tsik,在即
tsāi-tshiú,在手
tsāi-tsînn,在錢
tsāi-tsit,在職
tsāi-tsō,在座
tsāi-tsuí,在水
tsāi-gia̍h,在額
tsāi-guá,在我
tsāi-guā,在外
tsāi-hā,在下
tsāi-ha̍k,在學
tsāi-i,在伊
tsāi-ì,在意
tsāi-iá,在野
tsāi-iá-tóng,在野黨
tsāi-ke-miâ,在家名
tsāi--khì,在去
tsāi-khòo,在庫
tsāi-kīn,在近
tsāi-lâi,在來
tsāi-lâi-bí,在來米
tsāi-lāi,在內
tsāi-lâng,在人
tsāi--lâng,在人
tsāi-lâng-ê,在人個
tsāi-ngóo,在伍
tsāi-piah-piah,在壁壁
tsāi-pōo,在步
tsāi-pún,在本
tsāi-sè,在世
tsāi-sik,在室
tsāi-sik-lâm,在室男
tsāi-sik-lú,在室女
tsāi-senn,在生
tsāi-sian,在先
tsāi-tánn,在膽
tsāi-té,在底
tsāi-tē,在地
tsāi-tē-lâng,在地人
tsāi-thâu,在頭
tsāi-tī,在tī
tsāi-tiānn,在定
tsāi-tiâu,在朝
tsāi-tiûnn,在場
tsāi-tô,在逃
tsāi-tuà,在帶
tsāi-uī,在位
tsāi-ún,在穩
tsai-á,栽仔
tsa-iā,昨夜
tsai-bîn,災民
tsai-tsai,知知
tsai-tsìng,栽種
tsai-tsîng,災情
tsai-tshiū,栽樹
tsai-tshiū-á,栽樹仔
tsai-tshò,知錯
tsai-tsìn-thè,知進退
tsai-tsong,栽贓
tsai-eh,災厄
tsai-hāi,災害
tsai-hō,災禍
tsai-iánn,知影
tsai-iong,災殃
tsai-iú,齋友
tsai-kài,齋戒
tsai-kàu,齋教
tsai-khang,知空
tsai-khin-tāng,知輕重
tsai-khioh,知卻
tsai-khu,災區
tsai-kong,齋公
tsai-koo,齋姑
tsai-lān,災難
tsai-lâng,知人
tsáinn,tsáinn
tsáinn,指
tsáinn-á,怎仔
tsáinn-á-iūnn,怎仔樣
tsáinn-tsè,宰制
tsáinn-iūnn,怎樣
tsáinn-iūnn-senn,怎樣生
tsáinn-phóo,指譜
tsáinn-siòng,宰相
tsáinn-thang,怎通
tsai-ua̍h,栽活
tsai-pau,災胞
tsai-piàn,災變
tsai-puê,栽培
tsai-puê-lâng,栽培人
tsai-sí,知死
tsai-si̍t,栽植
tsai-tāi,知代
tsai-thàu-thàu,知透透
tsai-thâu,知頭
tsai-thâu-tāng,知頭重
tsai-tńg,知轉
tsai-tńg-thâu,知轉頭
tsai-tn̂g,齋堂
tsai-uī,知位
tsa-ji̍t,昨日
tsak,chak
tsa̍k,tsa̍k
tsa̍k,族
tsa̍k,齪
tsa̍k-âu,浞喉
tsa̍k-tio̍h,浞著
tsak-tso,促糟
tsak-tsō,chak-tsō
tsa-kè,查價
tsa-khàm,查勘
tsak-hī,促耳
tsa-khîn,查勤
tsa-khó,查考
tsa-khuànn,查看
tsa-kìm,查禁
tsak-sí-lâng,促死人
tsa-lí,查理
tsam,沾
tsam,針
tsám-bo̍k,斬木
tsám-tshâ,斬柴
tsám-tshò,斬剉
tsám-tsue̍h,斬截
tsám-hi̍k,斬獲
tsám-jiân,嶄然
tsám-tn̄g,斬斷
tsàm,tsàm
tsàm,斬
tsàm-tsiú-ka,蹔酒家
tsàm-jiân,嶄然
tsàm-kè,巉價
tsàm-kha,蹔腳
tsàm-tê,蹔蹄
tsâm,tsâm
tsâm-gâm,嶄巖
tsâm-giâm,巉岩
tsām,tsām
tsām,站
tsām,鏨
tsām-á,鏨仔
tsām-tsat,站節
tsām-gám,站岑
tsām-gâm,站巖
tsām-kè,鏨價
tsām-kuè,鏨過
tsām-li̍p,站立
tsām-lōo,鏨路
tsām-thâu,站頭
tsām-thâu,斬頭
tsām-tiúnn,站長
tsām-tn̄g,鏨斷
tsa-mê,昨暝
tsan,曾
tsánn,tsánn
tsán,tsán
tsánn,嶄
tsán,讚
tsánn-bué,斬尾
tsán-tshiú,贈手
tsánn-iūnn,怎樣
tsánn-kuè,斬過
tsánn-tiū-bué,斬稻尾
tsánn-tn̄g,斬斷
tsàn,棧
tsàn,層
tsàn-bí,讚美
tsàn-tshiú,贊手
tsàn-tshuì,贊嘴
tsàn-tsōo,贊助
tsàn-hí,讚許
tsàn-ī,讚譽
tsàn-iông,讚揚
tsàn-king,棧間
tsàn-la̍t,贊力
tsàn-pâng,棧房
tsàn-phuè,讚佩
tsàn-sîng,贊成
tsàn-siann,贊聲
tsàn-siann-sì,贊聲勢
tsàn-sióng,讚賞
tsàn-thàn,讚嘆
tsàn-tō,棧道
tsàn-tông,贊同
tsân,殘
tsân,剸
tsân,層
tsân-bīn,層面
tsân-tse,殘渣
tsân-tshù,層次
tsân-tsiòng,殘障
tsân-tsûn,殘存
tsân-hāi,殘害
tsân-huè,殘廢
tsân-hûn,層雲
tsân-jím,殘忍
tsân-khok,殘酷
tsân-liû,殘留
tsân-pō,殘暴
tsân-sat,殘殺
tsân-sat,剸殺
tsân-sí,剸死
tsân-sim,殘心
tsānn,tsānn
tsān,贈
tsān,贊
tsān-āu,贊後
tsān-āu-tshiú,贊後手
tsān-āu-kha,贊後腳
tsān-āu-tù,贊後注
tsān-tshiú,贊手
tsān-tshuì,贈嘴
tsān-tshuì,贊嘴
tsān-tsînn,贈錢
tsān-tsōo,贈助
tsān-í,贈與
tsān-khuì,贊氣
tsān-kûn,贊拳
tsān-siann,贊聲
tsān-siann-sì,贊聲勢
tsan-bûn,曾文
tsan-bûn-khe,曾文溪
tsang,chang
tsang,棕
tsang,摠
tsang,鬃
tsáng,tsáng
tsáng,總
tsáng-thâu,總頭
tsàng,壯
tsàng,粽
tsàng-thâu,總頭
tsâng,tsâng
tsâng,叢
tsâng-ê-luī,叢ê類
tsâng-tsuí,淙水
tsâng-i̍k,淙浴
tsang-bo̍k,棕木
tsang-tshíng,棕筅
tsang-tshiū,棕樹
tsang-tshut-lâi,chang出來
tsang-sik,棕色
tsang-sui,棕簑
tsang-sui-niau,棕蓑貓
tsang-sui-tah,棕蓑搭
tsang-tik,棕竹
tsang--tio̍h,chang著
tsan-king,曾經
tsa̍p,雜
tsa̍p-bū,雜務
tsa̍p-bu̍t,雜物
tsa̍p-tsâi,雜才
tsa̍p-tsa̍p-liām,tsa̍p-tsa̍p唸
tsa̍p-tsíng,雜種
tsa̍p-tsíng-á,雜種仔
tsa̍p-tshâ,雜柴
tsa̍p-tshài-lóo,雜菜滷
tsa̍p-tshài-mī,雜菜麵
tsa̍p-tshap,雜插
tsa̍p-tsháu,雜草
tsa̍p-tshe-á,雜差仔
tsa̍p-tshò,雜錯
tsa̍p-tshò-lâng,雜錯人
tsa̍p-tshò-mī,雜錯麵
tsa̍p-tshò-mi̍h,雜錯物
tsa̍p-tshò-sik,雜錯色
tsa̍p-tshuì,雜碎
tsa̍p-tshuì-tāi,雜碎代
tsa̍p-tsì,雜誌
tsa̍p-tsì-siā,雜誌社
tsa̍p-tsiok,十足
tsa̍p-tsit,雜質
tsa̍p-tsn̂g,十全
tsa̍p-tsô,雜嘈
tsa̍p-gue̍h-sio̍h,十月液
tsa̍p-gue̍h-tang,十月冬
tsa̍p-hāng,雜項
tsa̍p-hō-á,雜號仔
tsa̍p-huè,雜貨
tsa̍p-hóo-lāi,十虎利
tsa̍p-huì,雜費
tsa̍p-hūn,十分
tsa̍p-hun-ê,十分的
tsa̍p-im,雜音
tsa̍p-it-tsáinn,十一指
tsa̍p-it-tsik,十一叔
tsa̍p-it-ko,十一哥
tsa̍p-iūnn-kím,十樣錦
tsa̍p-jī-âng,十二紅
tsa̍p-ki,雜居
tsa̍p-làu-tàu,雜落鬥
tsa̍p-lí-hiang,十里香
tsa̍p-liām,雜唸
tsa̍p-liām-jî,雜唸茹
tsa̍p-lô-lô,雜lô-lô
tsa̍p-lōo-tsn̂g,十路全
tsa̍p-lōo-iōng,雜路用
tsa̍p-luì-tshuì,雜累碎
tsa̍p-mo̍oh,雜膜
tsa̍p-niû,雜糧
tsa̍p-o-kenn,雜o羹
tsa̍p-o-kiáu,雜o攪
tsa̍p-pâi-á,雜牌仔
tsa̍p-peh-tiān,十八殿
tsa̍p-phuè,雜配
tsa̍p-sann-tiám,十三點
tsa̍p-sè,雜細
tsa̍p-siann,雜聲
tsa̍p-siânn-gîn,十成銀
tsa̍p-siânn-kim,十成金
tsa̍p-sū,雜事
tsa̍p-tiâu-kài,十條誡
tsa-pò,查報
tsa-poo,查埔
tsa-poo-tsóo,查埔祖
tsa-poo-kiánn,查埔囝
tsa-poo-lâng,查埔人
tsa-poo-senn,查埔生
tsa-poo-thài,查埔太
tsa-sàu,查哨
tsa-sûn,查詢
tsat,扎
tsat,札
tsat,紮
tsat,節
tsa̍t,tsa̍t
tsa̍t,實
tsa̍t-âu,實喉
tsa̍t-tsāi-sī,實在是
tsa̍t-tsinn,實tsinn
tsa̍t-tsinn-tsinn,實掙掙
tsa̍t-hmh-hmh,實hmh-hmh
tsa̍t-khuì,tsa̍t氣
tsa̍t-mo̍oh,實膜
tsa̍t-pak,實腹
tsa̍t-phīnn,tsa̍t鼻
tsa̍t-thóng-thóng,實thóng-thóng
tsat-á,節仔
tsat-tsat-âng,節節紅
tsat-tsún,節撙
tsat-kin,紮根
tsat-la̍t,節力
tsat-la̍t-á,節力仔
tsat-liāng,節量
tsat-me̍h,節脈
tsa-tuì,查對
tsau,焦
tsau,鄒
tsau,糟
tsáu,走
tsáu,奏
tsáu-bé,走馬
tsáu-bé-âu,走馬喉
tsáu-bé-hong,走馬風
tsáu-bé-hông,走馬hông
tsáu-bé-lông,走馬廊
tsáu-bé-ting,走馬燈
tsáu-bī,走味
tsáu-bih,走bih
tsáu-bô-lōo,走無路
tsáu-tsè,走債
tsáu-tsing,走精
tsáu-tshē,走tshē
tsáu-tshiàng,走唱
tsáu-tshiú,走手
tsáu-tshiùnn,走唱
tsáu-tshǹg,走竄
tsáu-tshuē,走找
tsáu-tshut,走出
tsáu-tshut-kann,走出監
tsáu-tshut-lâi,走出來
tsáu-tsîn,走繩
tsáu-tsiūnn,走上
tsáu-tsua̍h,走tsua̍h
tsáu-tso̍h,走tso̍h
tsáu-tsông,走tsông
tsáu-tsuí,走水
tsáu-tsuí-ê,走水的
tsáu-tsuí-huàn,走水販
tsáu-hā-pho,走下坡
tsáu-hîng,走形
tsáu-hiòng,走餉
tsáu-huán,走反
tsáu-huān,走犯
tsáu-hué,走火
tsáu-hong,走風
tsáu-hóng,走訪
tsáu-hōo,走雨
tsáu-im,走音
tsáu-ji̍p,走入
tsáu-kang-ôo,走江湖
tsáu-káu,走狗
tsáu-kàu,走到
tsáu-khau,走鬮
tsáu--khì,走去
tsáu-khiunn,走腔
tsáu--khui,走開
tsáu-kng,走光
tsáu-kuè-tshiú,走過手
tsáu--lâi,走來
tsáu-lāu,走漏
tsáu-lī,走離
tsáu-luān,走亂
tsáu-lông,走廊
tsáu-lōo,走路
tsáu-miā,走命
tsáu-o̍h,走學
tsáu-pak,走腹
tsáu-pān,走範
tsáu-ping,走兵
tsáu-pha-pha,走拋拋
tsáu-phùn-phùn,走噴噴
tsáu-pī,走避
tsáu-pio,走飆
tsáu-sam-kuan,走三關
tsáu-sau,走消
tsáu-se,走紗
tsáu-sik,走色
tsáu-sì,走勢
tsáu-sià,走瀉
tsáu-sià-bé,走赦馬
tsáu-siám,走閃
tsáu-sio-jik,走相迮
tsáu-sio-lia̍h,走相掠
tsáu-suá,走徙
tsáu-suann,走山
tsáu-suànn,走散
tsáu-suè,走稅
tsáu-su,走私
tsáu-su-àn,走私案
tsáu-tâi,走台
tsáu-tàng,走凍
tsáu-tāng,走動
tsáu-thai,走胎
tsáu-thàn,走趁
tsáu-thàu,走透
tsáu-thiàu,走跳
tsáu-thuat,走脫
tsáu-tiān,走電
tsáu-tn̂g,走腸
tsáu-tn̂g-bā,走長碼
tsáu-toh,走桌
tsáu-uî-tshiûnn,走圍牆
tsàu,灶
tsàu-bé,灶馬
tsàu-bîng-khik,奏鳴曲
tsàu-tshuì,奏嘴
tsàu-tshuì-bâ,奏嘴媌
tsàu-ga̍k,奏樂
tsàu-hia̍h,灶額
tsàu-hia̍h-thâu,灶額頭
tsàu-ke,灶雞
tsàu-ke-á,奏雞仔
tsàu-king,灶間
tsàu-kha,灶腳
tsàu-khang,灶空
tsàu-khang-tsîng,灶空前
tsàu-kun,灶君
tsàu-kun-kong,灶君公
tsàu-uē,奏話
tsàu-pán,奏板
tsàu-pháinn-uē,奏歹話
tsàu-sîn,灶神
tsàu-thâu,灶頭
tsàu-tiam,灶砧
tsâu-bia̍t,剿滅
tsāu,找
tsāu-tsînn,找錢
tsāu-mâ-huân,找麻煩
tsau-bîn,焦眠
tsau-tsa-bóo,焦查某
tsau-tsiú,焦酒
tsau-tsiú-sik,焦酒色
tsau-huân,糟煩
tsau-ko,糟糕
tsau-láu,焦老
tsau-luān,焦亂
tsau-phoh,糟粕
tsau-sik,焦色
tsau-that,蹧躂
tse,災
tse,這
tse,渣
tsé,姐
tsé-bó,姐母
tsé-tsé,姊姊
tsé-hu,姊夫
tsè,制
tsè,祭
tsè,詐
tsè,債
tsè,製
tsè,際
tsè,濟
tsè-á,贅仔
tsè-ap,制壓
tsè-âu,制喉
tsè-bōng,祭墓
tsè-bū,債務
tsè-bū-jîn,債務人
tsè-bûn,祭文
tsè-tshâi,制裁
tsè-tshenn,祭星
tsè-tshenn-sîn,祭星神
tsè-tsō,製造
tsè-tsō-tshiúnn,製造廠
tsè-tsō-tshut,製造出
tsè-tsō-tsiá,製造者
tsè-tsō-gia̍p,製造業
tsè-tsō-siong,製造商
tsè-tsok,製作
tsè-tsok-jîn,製作人
tsè-tsóo,祭祖
tsè-tsú,債主
tsè-ê,製鞋
tsè-gū,際遇
tsè-hān,制限
tsè-hîng,制衡
tsè-hiàn,制憲
tsè-huat,製法
tsè-ho̍k,制伏
tsè-ho̍k,制服
tsè-io̍h,製藥
tsè-io̍h-tshiúnn,製藥廠
tsè-iok,制約
tsè-ji̍t,祭日
tsè-khuân-jîn,債權人
tsè-khong-kuân,制空權
tsè-kǹg,債券
tsè-kuân,債權
tsè-kong,濟公
tsè-koo,祭孤
tsè-lâm,濟南
tsè-lé,祭禮
tsè-pài,祭拜
tsè-pán,製版
tsè-ping,製冰
tsè-phín,祭品
tsè-phín,製品
tsè-phìnn,製片
tsè-pîn,濟貧
tsè-sè,濟世
tsè-sik,制式
tsè-sîng,製成
tsè-si,祭司
tsè-suah,制煞
tsè-sū,祭祀
tsè-tìng,制訂
tsè-tīng,制定
tsè-thn̂g,製糖
tsè-tián,祭典
tsè-tuânn,祭壇
tsè-tôo,製圖
tsè-tōo,制度
tsè-tōo-huà,制度化
tsê,齊
tsê,蠐
tsê-bî,齊眉
tsê-tsánn,齊嶄
tsê-tsi̍p,齊集
tsê-tsi̍t,齊一
tsê-li̍k,齊力
tsê-siann,齊聲
tsê-sim,齊心
tsê-thâu,齊頭
tsê-thâu-uá,齊頭倚
tsê-thâu-puânn,齊頭盤
tsê-thâu-siàu,齊頭數
tsē,tsē
tsē,坐
tsē,座
tsē,劑
tsē-thâu-tshuì,tsē頭嘴
tsē-tio̍h-iânn,tsē著贏
tsē-bē-tiâu,坐bē-tiâu
tsē-bí-muá,濟彌滿
tsē-tsē,濟濟
tsē-tsháu,坐草
tsē-tshing,tsē清
tsē-tshia,坐車
tsē-tsí,坐址
tsē-tsió,tsē少
tsē-tsió,濟少
tsē-tsuē,坐罪
tsē-tsûn,坐船
tsē-gia̍h,坐額
tsē-hā,坐下
tsē-huè,tsē歲
tsē-kann,坐監
tsē-khiā,坐徛
tsē-kìm,坐禁
tsē-kuè,tsē過
tsē-ku,坐痀
tsē-kut,坐骨
tsē-lé,坐禮
tsē-leh-khuànn,坐leh看
tsē-lí,坐理
tsē-liâng,坐涼
tsē-lô,坐牢
tsē-lo̍h,坐落
tsē--lo̍h-khì,坐落去
tsē--lo̍h-lâi,坐落來
tsē-nî,濟年
tsē-uē,tsē話
tsē-uē,濟話
tsē-ping-siunn,坐冰箱
tsē-phûn,坐盆
tsē-put-sī,坐不是
tsē-sī,坐視
tsē-siân,坐禪
tsē-siàu,坐數
tsē-siu,坐收
tsē-tâm-ta,坐澹凋
tsē-tann,坐擔
tsē-tànn,坐擔
tsē-tâu,坐投
tsē-té,tsē底
tsē-thai,坐胎
tsē-thinn,坐天
tsē-tìn,坐鎮
tsē--tio̍h,坐著
tsē-tuann,坐單
tsē-toh,坐桌
tsē-uī,坐位
tseh,仄
tseh,節
tse̍h,tse̍h
tse̍h,絕
tse̍h-tsíng,絕種
tse̍h-lio̍k-bû,絕六無
tseh-ji̍t,節日
tseh-ji̍t-á,節日仔
tseh-khuì,節氣
tseh-kuì,節季
tseh-siann,仄聲
tseh-thuah,撮thoah
tseh-tī,撮治
tsik,chek
tsik,叔
tsik,責
tsik,跡
tsik,積
tsik,燭
tsik,績
tsi̍k,籍
tsi̍k-bo̍k,寂寞
tsi̍k-lê,蒺藜
tsik-àn,積案
tsik-ap,積壓
tsik-bo̍k,積木
tsik-būn,責問
tsik-tshia,積車
tsik-tshut,擠出
tsik-tsuē,責罪
tsik-tsui,脊椎
tsik-tsuí,積水
tsik-tsûn,積存
tsik-hāu,績效
tsik-hīn,積恨
tsik-hua̍t,責罰
tsik-hueh,積血
tsik-hun,積分
tsik-jīm,責任
tsik-jīm-kám,責任感
tsik-ji̍t,即日
tsik-kâu-kńg,搾猴管
tsik-ki̍k,積極
tsik-khik,即刻
tsik-khí-ko,搾齒膏
tsik-khiàm,積欠
tsik-khǹg,積khǹg
tsik-khó,即可
tsik-kng,燭光
tsik-kò,即告
tsik-kuàn,籍貫
tsik-kong,叔公
tsik-lān,責難
tsik-lâng,積膿
tsik-luī,燭淚
tsik-mē,責罵
tsik-uàn,積怨
tsik-pè,積弊
tsik-peh,叔伯
tsik-peh-hiann,叔伯兄
tsik-pī,責備
tsik-seh,積雪
tsik-si̍k,即席
tsik-sîng,責成
tsik-sî,即時
tsik-sî-sí,即時死
tsik-siān,積善
tsik-siong,踧傷
tsik-sua,積沙
tsik-sú,即使
tsik-sun,叔孫
tsik-tái,積滓
tsik-táu,積táu
tsik-tik,積德
tsik-that,積that
tsik-thiok,積蓄
tsik-tio̍h,躓著
tsik-tok,責督
tsik-uî,即為
tsik-uī,即位
tse-mā,這麼
tsenn,爭
tsenn,晶
tsénn,井
tsénn-tsuí,井水
tsénn-khàm,井勘
tsénn-kuà,井蓋
tsénn-nuâ,井欄
tsénn-pinn,井邊
tsénn-pinn-tsháu,井邊草
tsénn-puânn,井盤
tsènn,諍
tsènn-tshuì,tsènn嘴
tsènn-uē,諍話
tsènn-ông,諍王
tsing,征
tsing,爭
tsing,盅
tsing,舂
tsing,菁
tsing,箏
tsing,精
tsing,鐘
tsing-tio̍h-piah,舂著壁
tsíng,腫
tsíng,種
tsíng,整
tsíng-ām,腫頷
tsíng-tsê,整齊
tsíng-tsíng,整整
tsíng-tsí,種子
tsíng-tso̍k,種族
tsíng-tsong,整裝
tsíng-ha̍p,整合
tsíng-ha̍p-sìng,整合性
tsíng-hîng,整形
tsíng-huē,整會
tsíng-hông,腫hông
tsíng-iông,整容
tsíng-ji̍t,整日
tsíng-kah,指甲
tsíng-kah-iû,指甲油
tsíng-kah-jiông,指甲茸
tsíng-kiàn,整建
tsíng-kiat,整潔
tsíng-kô,整個
tsíng-lâng,腫膿
tsíng-ling,腫奶
tsíng-lí,整理
tsíng-liû,腫瘤
tsíng-luī,種類
tsíng-phian,整編
tsíng-pún,整本
tsíng-siann,整聲
tsíng-siok,整肅
tsíng-siu,整修
tsíng-tē,整地
tsíng-thâu-á,指頭仔
tsíng-thâu-kong,指頭公
tsíng-thé,整體
tsíng-ti,種豬
tsíng-tùn,整頓
tsìng,症
tsìng,眾
tsìng,種
tsìng,證
tsìng-bîng,證明
tsìng-bîng-su,證明書
tsìng-bū,政務
tsìng-bū-kuann,政務官
tsìng-bu̍t,證物
tsìng-tsè,政制
tsìng-tsik,正則
tsìng-tsik,政績
tsìng-tsîng,政情
tsìng-tshài,種菜
tsìng-tshik,政策
tsìng-tshiū,種樹
tsìng-tsiàn-pōo,政戰部
tsìng-tsoh,種作
tsìng-tsōng,症狀
tsìng-tsu,種珠
tsìng-gī,正義
tsìng-gī,眾議
tsìng-gī-kám,正義感
tsìng-gī-uân,眾議員
tsìng-giân,證言
tsìng-hā,種下
tsìng-hāu,症候
tsìng-hue--ê,種花ê
tsìng-hong-hîng,正方形
tsìng-hú,政府
tsìng-hú-kun,政府軍
tsìng-hun,種薰
tsìng-iàu,政要
tsìng-in,種因
tsìng-jîn,證人
tsìng-kài,政界
tsìng-kau-suè,證交稅
tsìng-king,正經
tsìng-king,政經
tsìng-king--ê,正經ê
tsìng-king-lōo,正經路
tsìng-king-tāi,正經代
tsìng-khak,正確
tsìng-khak-sìng,正確性
tsìng-kheh,政客
tsìng-khì,正氣
tsìng-kì,證據
tsìng-kiàn,政見
tsìng-kiānn,證件
tsìng-kìnn,證見
tsìng-kio̍k,政局
tsìng-kǹg,證券
tsìng-kǹg-siong,證券商
tsìng-kuán-huē,證管會
tsìng-kuân,政權
tsìng-lâng,眾人
tsìng-lâng-ba̍k,眾人目
tsìng-lâng-tsai,眾人知
tsìng-lâng-tshuì,眾人嘴
tsìng-lâng-ì,眾人意
tsìng-le,正le
tsìng-līng,政令
tsìng-lūn,政論
tsìng-miâ,正名
tsìng-ua̍h,種活
tsìng-phài,正派
tsìng-pí,正比
tsìng-piàn,政變
tsìng-sik,正式
tsìng-sī,正視
tsìng-sim,正心
tsìng-siong,政商
tsìng-siông,正常
tsìng-siông-huà,正常化
tsìng-si̍t,證實
tsìng-su,證書
tsìng-sû,證詞
tsìng-sū,政事
tsìng-tāi,政大
tsìng-tāi-ke,眾大家
tsìng-tāu,種痘
tsìng-tik,正德
tsìng-than,種蟶
tsìng-thâu,症頭
tsìng-thé,政體
tsìng-thóng,正統
tsìng-tī,政治
tsìng-tī-ha̍k,政治學
tsìng-tī-huān,政治犯
tsìng-tī-ka,政治家
tsìng-tī-kio̍k,政治局
tsìng-tī-sìng,政治性
tsìng-tiū,種稻
tsìng-to,眾多
tsìng-tō,證道
tsìng-tuânn,政壇
tsìng-tong,正當
tsìng-tóng,政黨
tsìng-tôo,正途
tsìng-uí,政委
tsîng-ài,情愛
tsîng-àm,前暗
tsîng-ang,前翁
tsîng-āu,前後
tsîng-bê,情迷
tsîng-bīn,前面
tsîng-bīn,情面
tsîng-bóo,前某
tsîng-bóo-kiánn,前某囝
tsîng-tsat,情節
tsîng-tshau,情操
tsîng-tshe,前妻
tsîng-tshiu,榕鬚
tsîng-tshiú,前手
tsîng-tshiū,榕樹
tsîng-tshiū-ông,榕樹王
tsîng-tshò,情操
tsîng-tshù,情趣
tsîng-tsiá,前者
tsîng-tsiat,情節
tsîng-tsìn,前進
tsîng-tsīn,情盡
tsîng-tsi̍t-mê,前一暝
tsîng-tsit-khí,從即起
tsîng-tsông,成狀
tsîng-tsōng,情狀
tsîng-gī,情誼
tsîng-guān,情願
tsîng-hîng,情形
tsîng-hiâm,前嫌
tsîng-hô,晴和
tsîng-huâi,情懷
tsîng-huê,前回
tsîng-hóng,情況
tsîng-hūn,情份
tsîng-ì,情意
tsîng-iā,前夜
tsîng-iân,前緣
tsîng-iân,情緣
tsîng-in,前因
tsîng-īnn,前院
tsîng-io̍k,情慾
tsîng-jīm,前任
tsîng-jîn,情人
tsîng-ji̍t,前日
tsîng-kái,前改
tsîng-kám,情感
tsîng-kat,情結
tsîng-kàu-tann,從到今
tsîng-khí,前齒
tsîng-khok,前擴
tsîng-ki,前裾
tsîng-kuè,前過
tsîng-kóo-bô,曾古無
tsîng-lâi,從來
tsîng-lâng,前人
tsîng-lâng-kiánn,前人囝
tsîng-lí-uē,情理話
tsîng-lo̍h,前落
tsîng-mê,前暝
tsîng-mn̂g,前門
tsîng-pái,前擺
tsîng-pang,前幫
tsîng-phuānn,情伴
tsîng-pò-kio̍k,情報局
tsîng-puànn-mê,前半暝
tsîng-sè,從細
tsîng-sè-gia̍p,前世業
tsîng-sì,前世
tsîng-sì-tsè,前世債
tsîng-sì-lâng,前世人
tsîng-sì-uan,前世冤
tsîng-táu,前斗
tsîng-tiânn,前埕
tsîng-tiāu,前兆
tsîng-tìn,前鎮
tsīng,從
tsīng,曾
tsīng,靜
tsīng-bí,靜美
tsīng-tsi̍k,靜寂
tsīng-tsīng-á,靜靜仔
tsīng-tshenn-tshenn,靜清清
tsīng-tshiáu-tshiáu,靜悄悄
tsīng-tshiauh-tshiauh,靜悄悄
tsīng-tsiauh-tsiauh,靜寂寂
tsīng-tsō,靜坐
tsīng-tsuí,淨水
tsīng-gî,靜宜
tsīng-hāu,靜候
tsīng-huà,淨化
tsīng-iáng,靜養
tsīng-im,靜音
tsīng-ka-kàu,增加到
tsīng-kàu-tann,從到tann
tsīng-khai-sí,從開始
tsīng-kuan,靜觀
tsīng-kuàn,贈券
tsīng-lī,淨利
tsīng-me̍h,靜脈
tsīng-phín,贈品
tsīng-sàng,贈送
tsīng-sim,靜心
tsīng-thài,靜態
tsīng-thóo,淨土
tsīng-tiān,靜電
tsing-á,鐘仔
tsing-bîng,精明
tsing-bí,舂米
tsing-bí,精美
tsing-bí-sóo,舂米所
tsing-bi̍t,精密
tsing-bi̍t-tōo,精密度
tsing-bōng-khòng,爭墓壙
tsing-tsa,偵查
tsing-tsè,精製
tsing-tsè,精濟
tsing-tsha,精差
tsing-tshái,精彩
tsing-tshat,偵察
tsing-tshat-ki,偵察機
tsing-tshik,偵測
tsing-tshénn,精醒
tsing-tshia,舂車
tsing-tshò,貞操
tsing-tshué,精髓
tsing-tshú,爭取
tsing-tshú,舂杵
tsing-tshú-tio̍h,爭取著
tsing-tshuì,舂碎
tsing-tsiàn,征戰
tsing-tsiat,貞節
tsing-tsiat-hng,貞節坊
tsing-tsiat-pâi,貞節牌
tsing-tsìn,精進
tsing-tsìn,增進
tsing-tsip,爭執
tsing-tsua̍h,精tsua̍h
tsing-tso̍h,爭tso̍h
tsing-tsong,精裝
tsing-tsu,增資
tsing-tsú,精子
tsing-tsuí,精水
tsing-tsún,精準
tsing-ing,精英
tsing-gī,爭議
tsing-gián,精研
tsing-huâ,精華
tsing-huâ-khu,精華區
tsing-huat,蒸發
tsing-ho̍k,征服
tsing-hông,偵防
tsing-î,精於
tsing-juē,精銳
tsing-jú-tsio̍h,鐘乳石
tsing-ka,僧伽
tsing-ka,增加
tsing-ka-kàu,增加到
tsing-ka-lu̍t,增加率
tsing-kán,精簡
tsing-kang,精工
tsing-khak,精確
tsing-khì,蒸氣
tsing-khū-thuî,舂臼槌
tsing-kiám,增減
tsing-kiàn,增建
tsing-kín,精緊
tsing-kiông,增強
tsing-ko,增高
tsing-kuân,爭權
tsing-kong,爭光
tsing-kong,精工
tsing-kong,精光
tsing-kong-khiàng,精工khiàng
tsing-li̍k,精力
tsing-ling,鐘奶
tsing-lī,僧侶
tsing-liān,精煉
tsing-liâng,精良
tsing-liû,蒸餾
tsing-liû-tsuí,蒸餾水
tsing-lūn,爭論
tsing-uān,增援
tsing-pà,爭霸
tsing-pà-tsiàn,爭霸戰
tsing-pà-pà,精霸霸
tsing-pān,偵辦
tsing-ping,精兵
tsing-phìnn,晶片
tsing-phò,偵破
tsing-phuà,偵破
tsing-piànn,爭拚
tsing-piànn,舂乓
tsing-piànn-tsha̍t,舂乓賊
tsing-piān,爭辯
tsing-piàng-tsha̍t,舂乓賊
tsing-pió,鐘錶
tsing-pi̍t,精闢
tsing-póo,增補
tsing-sán,增產
tsing-senn,精牲
tsing-sîng,精誠
tsing-sim,精心
tsing-sìn,偵訊
tsing-sîn,精神
tsing-sîn-kho,精神科
tsing-siu,征收
tsing-suán,精選
tsing-sun,曾孫
tsing-sûn,精純
tsing-ta̍t,增值
tsing-tik,貞德
tsing-thàm,偵探
tsing-thiam,增添
tsing-thong,精通
tsing-thuî,鐘槌
tsing-tiám,鐘點
tsing-tiám-huì,鐘點費
tsing-tio̍h,舂著
tsing-tióng,增長
tsing-to,增多
tsing-tuā,增大
tsing-tuan,爭端
tsing-tua̍t,爭奪
tsing-tua̍t-tsiàn,爭奪戰
tsing-tông-hue,貞桐花
tsing-tòo,爭鬥
tsenn-iânn,爭贏
tsenn-tāi-sing,爭代先
tse-tái,渣滓
tse-un,災瘟
tsha,差
tsha-bô-tsē,差無tsē
tsha-tuā-bé,差大碼
tshá,吵
tshá,炒
tshá-tsa̍p,吵雜
tshá-tsing-sîn,吵精神
tshá-tshénn,吵醒
tshá-tshuì,吵嘴
tshá-tshuì-khí,吵嘴齒
tshá-tsok,炒作
tshá-jiáng,吵嚷
tshá-ke-bâ,吵家媌
tshá-kiáu,吵攪
tshá-lā,吵撈
tshá-lâng-bîn,吵人眠
tshá-mī,炒麵
tshá-nāu,吵鬧
tshá-pn̄g,炒飯
tshá-sí-lâng,吵死人
tshá-siâu,吵siâu
tshá-sin-niû,吵新娘
tshá-sue,吵衰
tshá-tē-phuê,炒地皮
tshâ,材
tshâ,查
tshâ,柴
tshâ-àn,查案
tshâ-ang-á,柴尪仔
tshâ-ba̍k,柴目
tshâ-bûn,柴紋
tshâ-tsíng-kah,柴指甲
tshâ-tshâ,柴柴
tshâ-tsháu,柴草
tshâ-tshiū,柴樹
tshâ-tshuì,柴碎
tshâ-tsinn,柴tsinn
tshâ-tsinn-á,柴tsinn仔
tshâ-tsit-lîng,柴鶺鴒
tshâ-hî,柴魚
tshâ-hīnn-khang,柴耳孔
tshâ-hue,柴花
tshâ-hué,柴火
tshâ-hûn,柴痕
tshâ-ìn-á,柴印仔
tshâ-iù,柴幼
tshâ-iû,柴油
tshâ-kak,查覺
tshâ-kak,柴角
tshâ-kak-á,柴角仔
tshâ-ke-kah,查家甲
tshâ-khî,柴蜞
tshâ-khi̍t,柴khi̍t
tshâ-khi̍t-á,柴khi̍t仔
tshâ-khó,查考
tshâ-kho̍k,柴涸
tshâ-khoo,柴箍
tshâ-khoo-hî,柴箍魚
tshâ-khoo-se,柴箍紗
tshâ-kia̍h,柴屐
tshâ-kueh,柴鍥
tshâ-ku,柴龜
tshâ-kùn-á,柴棍仔
tshâ-lâng,柴人
tshâ-liāu,柴料
tshâ-luî,柴檑
tshâ-mê,查暝
tshâ-miâ,柴樠
tshâ-ua̍t,查閱
tshâ-ôo,柴胡
tshâ-pâi,柴排
tshâ-pān,查辦
tshâ-pang,柴枋
tshâ-pê,柴耙
tshâ-pîng,柴爿
tshâ-phè,柴phè
tshâ-phiánn-á,柴栟仔
tshâ-phìnn,柴片
tshâ-phuè-á,柴phuè仔
tshâ-phuè-hue,柴phuè花
tshâ-pu̍t-á,柴佛仔
tshâ-se,柴梳
tshâ-siânn,柴城
tshâ-sîm,查尋
tshâ-tè,柴塊
tshâ-tè-á,柴塊仔
tshâ-tháng,柴桶
tshâ-thâu,柴頭
tshâ-thâu-ba̍k,柴頭目
tshâ-thâu-lâng,柴頭人
tshâ-thiāu,柴柱
tshâ-thuànn,柴炭
tshâ-thuî,柴槌
tshâ-tiam,柴砧
tshâ-tio̍h,查著
tshâ-to,柴刀
tshā,喳
tshā-tshā-tsông,tshā-tshā-tsông
tshā-tshā-kún,tshā-tshā滾
tsha-bô-luā,差無偌
tsha-tsē-leh,差tsē leh
tsha-tshò,差錯
tsha-tsi̍t-khuì,差一氣
tsha-gia̍h,差額
tshah,插
tshah-tshiú,插手
tshah-tshuì,插嘴
tshah-tshun,插春
tshah-tsiam,插簪
tshah-tsō,插座
tshah-hî,插魚
tshah-hue,插花
tshah-hue-á,插花仔
tshah-io,插腰
tshah-ji̍p,插入
tshah-kha,插腳
tshah-khang,插空
tshah-khik,插曲
tshah-khí-lâi,插起來
tshah-koh,插胳
tshah-lê-bué,插犁尾
tsha-hn̄g-leh,差遠leh
tshah-uē,插話
tshah-siāng,插上
tshah-thâu,插頭
tshah-tuī,插隊
tshai,猜
tshái,采
tshái,彩
tshái,採
tshái,睬
tshái-bé,採買
tshái-tshú,採取
tshái-tsi̍p,採集
tshái-hîng,採行
tshái-hue,採花
tshái-huē,彩繪
tshái-hue-tsha̍t,採花賊
tshái-hue-phang,採花蜂
tshái-hóng,採訪
tshái-hûn,彩雲
tshái-iōng,採用
tshái-kang,采工
tshái-káng,採購
tshái-ke,彩街
tshái-khīng,彩虹
tshái-khòng,採礦
tshái-khòo,彩褲
tshái-kiō,彩轎
tshái-kǹg,彩券
tshái-kòo,採購
tshái-ku̍t,採掘
tshái-la̍p,採納
tshái-lâu,彩樓
tshái-liāu,材料
tshái-lōo,彩路
tshái-uē,彩畫
tshái-pâi,彩排
tshái-pe̍h-tiàm,綵帛店
tshái-pênn,彩棚
tshái-phiò,彩票
tshái-pit,彩筆
tshái-sik,彩色
tshái-sìn,採信
tshái-siu,採收
tshái-tàn,彩蛋
tshái-tê,採茶
tshái-thâu,彩頭
tshái-tiah,採摘
tshái-tiám,採點
tshái-tiāu,彩兆
tshái-tuànn,彩旦
tshài,菜
tshài-ah,菜鴨
tshài-bó,菜母
tshài-bué,菜尾
tshài-tsai,菜栽
tshài-tsàng,菜粽
tshài-tsíng,菜種
tshài-tsháu-thâu,菜草頭
tshài-tshī,菜市
tshài-tshī-á,菜市仔
tshài-tshiam,菜簽
tshài-tshuah-á,菜chhoah仔
tshài-tshuah-phīnn,菜chhoah鼻
tshài-tsí,菜籽
tshài-tsí-iû,菜子油
tshài-tsiáu,菜鳥
tshài-tsiáu-á,菜鳥仔
tshài-tsîm,菜蟳
tshài-tsìnn,菜tsìnn
tshài-gi̍k,菜玉
tshài-ha̍h,菜ha̍h
tshài-hn̂g,菜園
tshài-hue,菜花
tshài-iàn,菜燕
tshài-iú,菜友
tshài-jî,菜兒
tshài-kah,菜甲
tshài-kap,菜鴿
tshài-kap-ba̍k,菜鴿目
tshài-ke,菜雞
tshài-kè-á,菜架仔
tshài-keh,菜架
tshài-kìng,菜供
tshài-kenn-pn̄g,菜羹飯
tshài-kha,菜腳
tshài-khann,菜坩
tshài-khok,菜khok
tshài-kho̍k,菜确
tshài-kiâm,菜鹹
tshài-kó,菜稿
tshài-kuáinn,菜稈
tshài-kuann,菜干
tshài-kuann,菜乾
tshài-kuán,菜館
tshài-kue,菜瓜
tshài-kue-tshè,菜瓜撮
tshài-kue-khau,菜瓜khau
tshài-kue-lî,菜瓜蔞
tshài-kue-pôo,菜瓜蒲
tshài-kong,菜公
tshài-koo,菜姑
tshài-kóo,菜股
tshài-ku-á,菜龜仔
tshài-lîng,菜壟
tshài-liāu,菜料
tshài-nâ,菜籃
tshài-ngâu,菜餚
tshài-uánn,菜碗
tshài-pau,菜包
tshài-phuè,菜配
tshài-phóo,菜圃
tshài-pn̄g,菜飯
tshài-póo,菜脯
tshài-póo-bí,菜脯米
tshài-póo-tshiam,菜脯簽
tshài-póo-kak,菜脯角
tshài-póo-kin,菜脯筋
tshài-póo-kuann,菜脯干
tshài-póo-si,菜脯絲
tshài-se,菜蔬
tshài-sik,菜色
tshài-sim,菜心
tshài-tànn,菜擔
tshài-tànn-á,菜擔仔
tshài-tāu,菜豆
tshài-té,菜底
tshài-thâng,菜蟲
tshài-thâu,菜頭
tshài-thâu-tshiam,菜頭簽
tshài-thâu-lông,菜頭lông
tshài-thâu-sng,菜頭酸
tshài-thâu-thuí,菜頭腿
tshài-the̍h,菜宅
tshài-thng,菜湯
tshài-tiam,菜砧
tshài-tiàm,菜店
tshài-tn̂g,菜堂
tshài-to,菜刀
tshài-tuann,菜單
tshài-toh,菜桌
tshài-to-hî,菜刀魚
tshài-to-tāu,菜刀豆
tshài-tû,菜廚
tshâi,裁
tshâi-tshù,裁處
tshâi-tsián,裁剪
tshâi-guân,裁員
tshâi-hông,裁縫
tshâi-hông-toh,裁縫桌
tshâi-kiám,裁減
tshâi-kuat,裁決
tshâi-kun,裁軍
tshâi-uân,裁員
tshâi-pìng,裁併
tshâi-phuànn,裁判
tshâi-sī,裁示
tshâi-tīng,裁定
tshâi-thiat,裁撤
tshâi-tua̍t,裁奪
tshāi,tshāi
tshāi-àm-to̍k,tshāi暗毒
tshāi-hīng,tshāi行
tshāi-lîng,tshāi靈
tshāi-pháinn-sim,tshāi歹心
tshāi-phuà-nuā,tshāi破爛
tshai-bê,猜謎
tshai-tshai,猜猜
tshai-tshik,猜測
tshai-tshut-tshut,猜出出
tshai-gî,猜疑
tshai-kûn,猜拳
tsháinn-tshuah,tsháinn-chhoah
tsha-īnn,差異
tshai-sióng,猜想
tshai-ting-tshai,猜燈猜
tshai--tio̍h,猜著
tsha̍k,鑿
tsha̍k-á,鑿仔
tsha̍k-ba̍k,鑿目
tsha̍k-tsénn,鑿井
tsha̍k-tshiú,鑿手
tsha̍k-tsiam,鑿針
tsha̍k-hî,鑿魚
tsha̍k-hīnn,鑿耳
tsha̍k-hue,鑿花
tsha̍k-khang,鑿空
tsha̍k-kut-phāng,鑿骨縫
tsha̍k-phīnn,鑿鼻
tsha̍k-phuà,鑿破
tsha̍k-thàng,戳thàng
tsha̍k-thàng--kuè,鑿thàng過
tsha̍k-tio̍h,鑿著
tsha-kè,差價
tsha-khuì,差氣
tsha-kī,差距
tshak-li̍p,矗立
tsham,參
tsham,摻
tsham-tsò-hué,摻做夥
tshám,慘
tshám-àn,慘案
tshám-tsheh,慘慼
tshám-tshut,慘齣
tshám-tsōng,慘狀
tshám-gū,慘遇
tshám-kio̍k,慘劇
tshám-lia̍t,慘烈
tshám-lo̍h,慘落
tshám-pāi,慘敗
tshám-sí,慘死
tshám-sí-liáu,慘死了
tshám-tām,慘淡
tshám-thòng,慘痛
tshám-tiōng,慘重
tshàm,懺
tshàm,讖
tshàm-gí,讖語
tshàm-hué,懺悔
tshàm-kóng,讖講
tshàm--leh,讖leh
tshâm,涔
tshâm,蠶
tshâm-á,鑱仔
tshâm-tshâm-lâu,tshâm-tshâm流
tshâm-tāu,蠶豆
tsham-bôo,參謀
tsham-bôo-tiúnn,參謀長
tsham-tsa̍p,摻雜
tsham-tsìng,參政
tsham-tsìng-kuân,參政權
tsham-tshap,摻插
tsham-tshu,參差
tsham-tsiàn,參戰
tsham-tsiàu,參照
tsham-tsi̍t-kha,參一腳
tsham-gī-īnn,參議院
tsham-gī-uân,參議員
tsham-ia̍t,參閱
tsham-īnn,參院
tsham-ka,參加
tsham-ka-tsiá,參加者
tsham-kah,參佮
tsham-khó,參考
tsham-khó-su,參考書
tsham-kuan,參觀
tsham-kuan-tsiá,參觀者
tsham-lām,攙濫
tsham-pe̍h,參白
tsham-siâng,參詳
tsham-suán,參選
tsham-sū,參事
tsham-thian,參天
tsham-tián,參展
tsham-ú-kám,參與感
tshan,chhan
tshan,呻
tshan,餐
tshánn,tshánn
tshánn-tshiú,tshánn手
tshán-pîng,剷平
tshàn-lān,燦爛
tshàn-phuê,襯皮
tshân,殘
tshân-khang-khuè,田空課
tshân-ah,田鴨
tshân-bâ-á,田貓仔
tshân-bah,田肉
tshân-bué,田尾
tshân-tshân,殘殘
tshân-tsháu,田草
tshân-tshí,田鼠
tshân-tshiah-á,田赤仔
tshân-tshuānn,田tshuānn
tshân-tsî,田薯
tshân-tsî-tsháu,田薯草
tshân-tsng,田庄
tshân-tsǹg-á,田鑽仔
tshân-tsng-sông,田庄sông
tshân-tsoo,田租
tshân-enn,田嬰
tshân-enn-kóo,田嬰賈
tshân-hiunn-tsháu,田香草
tshân-hn̂g,田園
tshân-huānn,田岸
tshân-huānn-lōo,田岸路
tshân-huānn-tíng,田岸頂
tshân-iûnn,田洋
tshân-kap-á,田蛤仔
tshân-ke-á,田雞仔
tshân-khiā-á,田徛仔
tshân-khiah-á,田隙仔
tshân-khuè,田契
tshân-kiâu-á,田僑仔
tshân-kue,田瓜
tshân-kut,田骨
tshân-liâu,田寮
tshân-luê,田螺
tshân-ni,田蛉
tshân-niau-á,田貓仔
tshân-ōo-á,田芋仔
tshân-oo-tshàng,田烏串
tshân-oo-tsháu,田烏草
tshân-pāng,田蚌
tshân-pe-bō,田棓帽
tshân-pinn-tsháu,田邊草
tshân-pue,田貝
tshân-sim,殘心
tshân-sit,田穡
tshân-tē,田地
tshân-thâu,田頭
tshân-thâu-ke,田頭家
tshân-thôo,田土
tshân-tiān,田佃
tshân-tòm,田頓
tshānn,tshānn
tshan-tshia,餐車
tshan-tshiūnn,親像
tshang,蒼
tshang,蔥
tshàng,tshàng
tshàng,藏
tshàng-bī,藏bī
tshàng-bih,潛bih
tshàng-tshiu,tshàng鬚
tshàng-tsuí,藏水
tshàng-tsuí-bī,藏水bī
tshàng-khí-lâi,藏起來
tshàng-mn̂g,聳毛
tshàng-mn̂g-kńg,聳毛管
tshàng-mn̂g-kuí,聳毛鬼
tshàng-phāng,潛縫
tshàng-pōo,藏步
tshàng-thâu-bī,藏頭沕
tshang-á-pe̍h,蔥仔白
tshang-tshài,蔥菜
tshang-tshè,蔥脆
tshang-tsu,蔥珠
tshang-kńg,蔥管
tshang-kóng-pe̍h,蔥管白
tshang-kóng-phīnn,蔥管鼻
tshang-ngāu,蔥藕
tsha-ngōo,差誤
tshang-suàn,蔥蒜
tshang-thâu,娼頭
tshang-thâu,蔥頭
tshan-huē,餐會
tshan-ím,餐飲
tshan-ím-gia̍p,餐飲業
tshan-khū,餐具
tshan-kin,餐巾
tshan-kǹg,餐券
tshan-kuán,餐館
tshan-thiann,餐廳
tshan-tiám,餐點
tshan-toh,餐桌
tshap,chhap
tshap,插
tsha̍p-tsha̍p-liām,喢喢念
tsha̍p-tsha̍p-tih,喢喢滴
tshap-tsa̍p,插雜
tshap-tsáu,插走
tshap-tshiú,插手
tshap-tshuì,插嘴
tshap-tshuì-tshíng,插嘴筅
tshap-tsi̍t-kha,插一腳
tsha-pia̍t,差別
tshap-kuán,插管
tshap-uē,插話
tshap-pâi,插牌
tshap-siâu,插siâu
tshap-siâu-i,插siâu伊
tshap-sū,插事
tshap-tio̍h,插著
tshap--tio̍h,插著
tshap-ū-tio̍h,插有著
tsha-put-to,差不多
tsha-sì,差勢
tsha-sió-khuá,差小可
tshat,漆
tshat,擦
tsha̍t,賊
tsha̍t-á,賊仔
tsha̍t-á-ba̍k,賊仔目
tsha̍t-á-tshī,賊仔市
tsha̍t-á-tshia,賊仔車
tsha̍t-á-tshiū,賊仔樹
tsha̍t-á-tsiáu,賊仔鳥
tsha̍t-á-huè,賊仔貨
tsha̍t-á-kut,賊仔骨
tsha̍t-á-mi̍h,賊仔物
tsha̍t-á-o,賊仔窩
tsha̍t-á-pe̍h,賊仔白
tsha̍t-á-phiah,賊仔癖
tsha̍t-á-sìng,賊仔性
tsha̍t-àn,賊案
tsha̍t-ba̍k,賊目
tsha̍t-tsng,賊贓
tsha̍t-huah-tsha̍t,賊喝賊
tsha̍t-huè,賊貨
tsha̍t-khuán,賊款
tsha̍t-khut,賊窟
tsha̍t-mi̍h,賊物
tsha̍t-piànn-tsha̍t,賊傾賊
tsha̍t-pô,賊婆
tsha̍t-siú,賊首
tsha̍t-siū,賊岫
tsha̍t-thâu,賊頭
tshat-á,擦仔
tshat-bīn,漆面
tshat-tshíng-á,漆筅仔
tshat-tshit,擦拭
tshat-tshit-tshiū,漆七樹
tshat-tshiū,漆樹
tshat-hiàu--khì,漆hiàu去
tshat-kak,察覺
tshat-lí,察理
tshat-sik,擦色
tshat-siau,擦銷
tshat-tiau,漆雕
tshat-tua̍t,察奪
tshau,吵
tshau,抄
tshau,操
tsháu,草
tsháu-á,草仔
tsháu-á-bōng,草仔墓
tsháu-á-sìng,草仔性
tsháu-àn,草案
tsháu-bo̍k,草木
tsháu-tshài,草菜
tsháu-tshìng,草沖
tsháu-tshì,草刺
tsháu-tshio̍h,草蓆
tsháu-tshù,草厝
tsháu-tsí-á,草子仔
tsháu-tsuâ,草蛇
tsháu-tsū,草tsū
tsháu-ê,草鞋
tsháu-ê-lé,草鞋禮
tsháu-ê-pán,草鞋板
tsháu-gí,草擬
tsháu-giàng,草齴
tsháu-hê,草蝦
tsháu-hīng,臭行
tsháu-hî,草魚
tsháu-hu,草hu
tsháu-io̍h,草藥
tsháu-iok,草約
tsháu-kâu,草猴
tsháu-ke-á,草雞仔
tsháu-king,草間
tsháu-khì,草氣
tsháu-khûn,草囷
tsháu-kim,草金
tsháu-kím,草錦
tsháu-kin,草根
tsháu-kiok-á,草菊仔
tsháu-kó,草稿
tsháu-kok,草嘓
tsháu-koo,草菇
tsháu-kut,草骨
tsháu-lân,草蘭
tsháu-lang,草蘢
tsháu-lâng,草人
tsháu-le̍h-á,草笠仔
tsháu-lîng,草龍
tsháu-liâu-á,草寮仔
tsháu-liāu,草料
tsháu-lue̍h,草笠
tsháu-mé,草蜢
tsháu-mé-kong,草蜢公
tsháu-nāu,吵鬧
tsháu-niau,草貓
tsháu-pà-ông,楚霸王
tsháu-pau-á,草包仔
tsháu-phí,草疕
tsháu-phiánn,草鉼
tsháu-phō,草phō
tsháu-poo,草埔
tsháu-pû,草垺
tsháu-se,草蔬
tsháu-suann,草山
tsháu-sue,草蔬
tsháu-soh,草索
tsháu-ta̍h,草踏
tsháu-tē,草地
tsháu-tē-lâng,草地人
tsháu-tē-sông,草地傖
tsháu-thâu-lōo,草頭露
tsháu-thiúnn-á,草丑仔
tsháu-tui,草堆
tsháu-tùn,草屯
tshàu,臭
tshàu-bah,臭肉
tshàu-bah-hî,臭肉魚
tshàu-bah-un,臭肉un
tshàu-ba̍k-nī,臭茉莉
tshàu-bī,臭味
tshàu-bīn,臭面
tshàu-tsá-sí,臭早死
tshàu-tsa-bóo,臭查某
tshàu-tshâ,臭柴
tshàu-tshài,臭菜
tshàu-tsháu,臭草
tshàu-tshàu,臭臭
tshàu-tshenn,臭青
tshàu-tshenn,臭腥
tshàu-tshènn,臭腥
tshàu-tshènn-á,臭腥仔
tshàu-tshènn-bó,臭腥母
tshàu-tshènn-kong,臭腥公
tshàu-tshènn-ku,臭腥龜
tshàu-tshènn-tîn,臭腥藤
tshàu-tshenn-á,臭青仔
tshàu-tshenn-hng,臭生荒
tshàu-tshenn-kiann,臭生驚
tshàu-tshenn-kong,臭青公
tshàu-tshí,臭鼠
tshàu-tshit-á,臭七仔
tshàu-tsho,臭臊
tshàu-tshuan-kiong,臭川芎
tshàu-tsho-bī,臭臊味
tshàu-tsho-tsháu,臭臊草
tshàu-tsho-sîn,臭臊神
tshàu-tshuì,臭嘴
tshàu-tshuì-ham,臭嘴頷
tshàu-tshuì-kak,臭嘴角
tshàu-tshuì-pinn,臭嘴邊
tshàu-tshun,臭椿
tshàu-tsiān,臭賤
tshàu-tsiān-jîn,臭賤人
tshàu-tsiān-kut,臭賤骨
tshàu-tsiān-pī,臭賤婢
tshàu-tsiān-siòng,臭賤相
tshàu-tsiáu,臭鳥
tshàu-tsi-bai,臭芝屄
tshàu-tsiú-bī,臭酒味
tshàu-tsiú-hiàn,臭酒羶
tshàu-tsiunn,臭樟
tshàu-tso̍k,臭濁
tshàu-gî,臭疑
tshàu-giâ-giâ,臭giâ-giâ
tshàu-hīng,臭行
tshàu-hīng,臭杏
tshàu-hî,臭魚
tshàu-hiam-hiam,臭薟薟
tshàu-hiàn,臭hiàn
tshàu-hiàn-bī,臭羶味
tshàu-hiàn-tsí,臭hiàn子
tshàu-hiàn-niau,臭羶貓
tshàu-hiānn,臭艾
tshàu-hīnn-lâng,臭耳聾
tshàu-hio̍h-tshiū,臭葉樹
tshàu-hiong-niau,臭香貓
tshàu-hiunn,臭香
tshàu-hué-hun,臭火燻
tshàu-hué-khì,臭火氣
tshàu-hué-lō,臭火烙
tshàu-hué-loo,臭火咯
tshàu-hué-sio,臭火燒
tshàu-hué-ta,臭火ta
tshàu-hue-tsháu,臭花草
tshàu-hong,臭風
tshàu-hong-tsháu,臭風草
tshàu-iâng,臭氧
tshàu-iāng,臭揚
tshàu-iû,臭油
tshàu-iû-ai,臭油餲
tshàu-iûnn-hiàn,臭羊羶
tshàu-jiō-bī,臭尿味
tshàu-jiō-hiam,臭尿薟
tshàu-jiō-hiàn,臭尿羶
tshàu-jiō-phuà,臭尿破
tshàu-kānn-kānn,臭啣啣
tshàu-káu-soo,臭狗蘇
tshàu-kau-á,臭溝仔
tshàu-kau-muâi,臭溝糜
tshàu-khá,湊巧
tshàu-khám,湊勘
tshàu-khang,臭空
tshàu-khang-á,臭空仔
tshàu-kha-sio̍h,臭腳餿
tshàu-khì,臭氣
tshàu-khī-á,臭柿子
tshàu-kiok,臭菊
tshàu-kiok-á,臭菊仔
tshàu-kuānn-hiàn,臭汗hiàn
tshàu-kuānn-sio̍h,臭汗餿
tshàu-kuānn-sng,臭汗酸
tshàu-kue,臭瓜
tshàu-la̍h-tshiū,臭蠟樹
tshàu-lâng,臭人
tshàu-lāu,臭老
tshàu-lāu-hiàn,臭老hiàn
tshàu-ling-hiàn,臭奶hiàn
tshàu-ling-tai,臭奶呆
tshàu-miâ,臭名
tshàu-miâ-siann,臭名聲
tshàu-moo-moo,臭毛毛
tshàu-n̂g,臭黃
tshàu-ni-tai,臭奶獃
tshàu-nuā,臭爛
tshàu-uân,臭丸
tshàu-pak-lāi,臭腹內
tshàu-phīnn-thâng,臭鼻蟲
tshàu-phiô,臭薸
tshàu-phuà-bī,臭破味
tshàu-phuê-lông,臭皮囊
tshàu-phú,臭phú
tshàu-phú-bí,臭殕米
tshàu-phú-bī,臭phú味
tshàu-phú-uē,臭殕話
tshàu-phú-tê,臭殕茶
tshàu-phuì,臭屁
tshàu-piáu,臭婊
tshàu-pô,臭婆
tshàu-puî,臭肥
tshàu-pūn,臭笨
tshàu-sái-kue,臭屎瓜
tshàu-sái-lâm,臭屎楠
tshàu-sam-bī,臭杉味
tshàu-sap-bûn,臭雪文
tshàu-sim-hīng,臭心行
tshàu-sim-kuann,臭心肝
tshàu-sim-siūnn,臭心想
tshàu-sió-kiánn,臭小囝
tshàu-sio̍h,臭sio̍h
tshàu-sio̍h,臭餿
tshàu-sio̍h-bī,臭餿味
tshàu-sng,臭酸
tshàu-sng-tsuí,臭酸水
tshàu-sng-uē,臭酸話
tshàu-sng-phun,臭酸phun
tshàu-sng-pn̄g,臭酸飯
tshàu-sng-pōo,臭酸步
tshàu-sng-siūnn,臭酸想
tshàu-suat-bûn,臭雪文
tshàu-ta,臭ta
tshàu-ta-bī,臭凋味
tshàu-tâng-sian,臭銅sian
tshàu-tāng,臭重
tshàu-ta-phí,臭凋庀
tshàu-ta-sik,臭凋色
tshàu-té-miā,臭短命
tshàu-thâng,臭蟲
tshàu-thâu,臭頭
tshàu-thâu-suann,臭頭山
tshàu-thôo,臭土
tshàu-thôo-bī,臭土味
tshàu-tuānn,臭彈
tshàu-tuānn-sian,臭彈仙
tshàu-tōo-hî,臭肚魚
tshàu-tú-khá,湊抵巧
tshàu-tú-khám,湊抵勘
tshāu,嘈
tshāu-tshāu,嘈嘈
tshāu-tshāu-liām,嘈嘈念
tshāu-tshāu-tih,漕漕滴
tshau-tshiòng,操縱
tshau-tsiànn,抄正
tshau-tsiu,操舟
tshau-tsok,操作
tshau-tsok-uân,操作員
tsha̍uh-tsha̍uh-liām,嘈嘈唸
tshau-huân,操煩
tshau-ián,操演
tshau-kīn-lōo,抄近路
tshau--lâng,抄人
tshau-liān,操練
tshau-lô,操勞
tshau-lo̍k,抄錄
tshau-ping,操兵
tshau-phiò,鈔票
tshau-siá,抄寫
tshau-sim,操心
tshau-siú,操守
tshau-tiûnn,操場
tshe,叉
tshe,汊
tshe,妻
tshe,差
tshé,tshé
tshé-bué,tshé尾
tshé-pái,tshé擺
tshé-pênn,tshé平
tshé-siau,tshé消
tshé-siàu,tshé數
tshé-suah,tshé-soah
tshé-ûn,tshé勻
tshè,tshè
tshè,脆
tshè,粞
tshè-á,撮仔
tshè-tshuì,脆嘴
tshè-khuì,脆氣
tshè-kut,脆骨
tshè-la̍t,脆力
tshè-luî,脆雷
tshè-miā,脆命
tshè-pái,脆擺
tshè-phuê,脆皮
tshè-piánn,脆餅
tshè-siong,撮傷
tshê,tshê
tshê,蹉
tshê-lo̍k-phuê,蹉鹿皮
tshē,tshē
tshē,尺
tshē-bué,tshē尾
tshē-tshing,tshē清
tshē-tsia̍h,tshē食
tshē-tsuē,tshē罪
tshē-jîn-bīng,tshē人命
tshē-kē,tshē低
tshē-khang,tshē空
tshē-lí,tshē理
tshē-lo̍h,tshē落
tshē--lo̍h-lâi,tshē落來
tshē-miâ,tshē名
tshē-pó,tshē保
tshē-siàu,tshē數
tshē-té,tshē底
tshe-bó,妻母
tshe-īng,差用
tsheh,chheh
tsheh,冊
tsheh,柵
tshe̍h,tshe̍h
tshe̍h-siann,tshe̍h聲
tsheh-tshiam,冊簽
tsheh-tsuá,冊紙
tsheh-ia̍h,冊頁
tsheh-ji̍p-kut,慼入骨
tsheh-ji̍p-sim,慼入心
tsheh-kè,冊架
tsheh-khòo,冊庫
tsheh-khuì,chheh氣
tsheh-ku-á,冊龜仔
tsheh-lok-á,冊橐仔
tsheh-lông,冊囊
tsheh-miâ,冊名
tsheh-nuâ,柵欄
tsheh-pâng,冊房
tsheh-pau,冊包
tsheh-pau-tuà,冊包帶
tsheh-phāinn-á,冊揹仔
tsheh-phuê,冊皮
tsheh-pìnn,慼變
tsheh-puànn-sí,慼半死
tsheh-sim,慼心
tsheh-té,冊底
tsheh-teh,冊teh
tsheh-thâng,冊蟲
tsheh-thiap-á,冊疊仔
tsheh-tiàm,冊店
tsheh-tû,冊櫥
tshe-ia̍h,差役
tshik,呎
tshik,促
tshik,戚
tshik,測
tshik,策
tshik,粟
tshik,觸
tshi̍k,tshi̍k
tshi̍k,踔
tshi̍k-á-mī,摵仔麵
tshik-á,粟仔
tshe-kah,差教
tshik-bé-sì,促馬勢
tshik-tshenn,粟青
tshik-tshì,測試
tshik-tshng,粟倉
tshik-tshut,測出
tshik-tsiáu-á,粟鳥仔
tshik-tsiū,促就
tshik-giām,測驗
tshik-hā,膝下
tshe-khián,差遣
tshik-hiūnn,粟芒
tshik-huè-siū,促歲壽
tshik-ì,觸意
tshe-kīm-á,妻妗仔
tshe-kiò,差叫
tshik-iông,赤楊
tshik-jī,測字
tshik-kâu-sìng,雀猴性
tshik-khak,粟殼
tshik-khng,粟糠
tshik-kiám,促減
tshik-kīn,促近
tshik-lâng-ì,觸人意
tshik-lia̍k,策略
tshik-liông,測量
tshik-mn̂g,側門
tshik-uá,促倚
tshik-uē,策畫
tshik-òo,觸惡
tshik-peh,側柏
tshik-pik-hù,赤壁賦
tshik-sè,促細
tshik-sî-kan,促時間
tshik-sóo,廁所
tshik-tám,赤膽
tshik-té,促短
tshik-tīng,測定
tshik-ti,測知
tshik-tî,廁池
tshik-tiânn,粟埕
tshik-tio̍h,觸著
tshik-tōng,策動
tshe-kū,妻舅
tshe-kū-á,妻舅仔
tshe-lí-huì,差旅費
tshe-lōo-kháu,岔路口
tshenn,生
tshenn,青
tshenn,星
tshenn,清
tshenn,鮮
tshénn,醒
tshénn-ba̍k,醒目
tshénn-tshuì,醒嘴
tshénn-huè,醒貨
tshénn-kuè-lâi,醒過來
tshénn-lâi,醒來
tshénn-sai,醒獅
tshénn-sik,醒色
tshenn-á,菁仔
tshenn-á-tsâng,菁仔欉
tshenn-á-tshiū,菁仔樹
tshenn-âng-ting,青紅燈
tshenn-áu,生嘔
tshenn-ba̍k-hiunn,青木香
tshenn-bé,生馬
tshenn-bî-tsiú,生啤酒
tshenn-bīn,青面
tshenn-bīn-hóo,青面虎
tshenn-bōng-tsōng,生妄狀
tshenn-tsâng,青欉
tshenn-tshài,生菜
tshenn-tshài,青菜
tshenn-tshau,生臊
tshenn-tsháu,青草
tshenn-tsháu-io̍h,青草藥
tshenn-tshè,生脆
tshenn-tshìn,清凊
tshenn-tshìn-tshìn,清凊凊
tshenn-tshìn-hong,生凊風
tshenn-tshioh,鮮chhioh
tshenn-tshioh-sí,鮮尺死
tshenn-tshiú,生手
tshenn-tsho,腥臊
tshenn-tshuah,青chhoah
tshenn-tshuì,青翠
tshenn-tshuì,青嘴
tshenn-tshuì-tshuì,青翠翠
tshenn-tsia̍h,生食
tshenn-tsiang-kun,生將軍
tshenn-tsin,生真
tshenn-tsin-tsin,生真真
tshenn-tsin-hong,生真風
tshenn-tsin-hōo,生真雨
tshenn-tsin-pēnn,生真病
tshenn-tsio,青椒
tshenn-tsio̍h,青石
tshenn-tsio̍h,星石
tshenn-tsio̍h-á,青石仔
tshenn-tsio̍h-hue,生石灰
tshenn-tsō,生造
tshenn-tsō,星座
tshenn-tsuâ,青蛇
tshenn-tso̍h,青tso̍h
tshenn-tsui,青鵻
tshenn-tsuí,生水
tshing,千
tshing,仟
tshing,青
tshing,清
tshing,稱
tshíng,惝
tshíng,筅
tshíng,睛
tshíng,請
tshíng-á,筅仔
tshíng-á-sìng,逞仔性
tshíng-an,請安
tshíng-tshiu,筅鬚
tshíng-tsuē,請罪
tshíng-ik,請益
tshíng-guān,請願
tshíng-guān-su,請願書
tshíng-kà,請假
tshíng-kà-tiâu,請假條
tshíng-kàu,請教
tshíng-khuán,請款
tshíng-kiû,請求
tshíng-kong,請功
tshíng-miā,請命
tshíng-sî,請辭
tshíng-sī,請示
tshíng-thâu-hiunn,筅頭香
tshíng-thok,請託
tshíng-thôo-hún,筅土粉
tshíng-thûn,筅塵
tshìng,沖
tshìng,銃
tshìng,蒸
tshìng-àn,銃案
tshìng-bīn,衝面
tshìng-bué-to,銃尾刀
tshìng-tshenn,銃星
tshìng-tshiú,銃手
tshìng-tshuì,銃嘴
tshìng-tsí,銃子
tshìng-tsí-bué,銃子尾
tshìng-tsí-io̍h,銃子藥
tshìng-tsí-khak,銃子殼
tshìng-íng,tshìng影
tshìng-hong,衝風
tshìng-hông,衝hông
tshìng-hông,衝皇
tshìng-ì,稱意
tshìng-ian,tshìng煙
tshìng-io̍h,銃藥
tshìng-ke,銃雞
tshìng-kè,tshìng價
tshìng-ke-á,銃雞仔
tshìng-kik,銃擊
tshìng-king,沖肩
tshìng-khang,銃空
tshìng-kháu,銃口
tshìng-khuì,tshìng氣
tshìng-ki,銃枝
tshìng-ko,tshìng高
tshìng-kuā-kuā,沖kuā-kuā
tshìng-kuáinn,銃桿
tshìng-kuat,銃決
tshìng-kóng,銃管
tshìng-ping,銃兵
tshìng-phang,tshìng芳
tshìng-phīnn,tshìng鼻
tshìng-phīnn-khang,tshìng鼻空
tshìng-phu̍t-phu̍t,tshìng-phu̍t-phu̍t
tshìng-sat,銃殺
tshìng-tauh,銃tauh
tshìng--tio̍h,tshìng著
tshîng,松
tshîng,榕
tshîng-bo̍k,松木
tshîng-tshāi,常在
tshîng-tshiu,榕鬚
tshîng-tshiū-tshiu,榕樹鬚
tshîng-ling,榕奶
tshîng-ling-tshiū,榕奶樹
tshîng-ling-tuà,榕奶帶
tshîng-peh,松柏
tshîng-peh-á,松柏仔
tshîng-peh-iân,松柏涎
tshîng-peh-ka,松柏膠
tshîng-peh-kin,松柏根
tshîng-peh-luî,松柏檑
tshīng,穿
tshīng,頌
tshīng-tshah,穿插
tshīng-tsiàn-kah,穿戰甲
tshīng--khí-lâi,穿起來
tshīng-kûn,穿裙
tshing-âng,清紅
tshing-bîng,清明
tshing-bîng-tseh,清明節
tshing-bîng-tshài,清明菜
tshing-bîng-tsháu,清明草
tshing-bîng-tsiáu,清明鳥
tshing-bîng-hue,清明花
tshing-bí-phun,清米潘
tshing-tsa,清查
tshing-tsá,清早
tshing-tsàn,稱讚
tshing-tsénn,清井
tshing-tsīng,清淨
tshing-tsīng,清靜
tshing-tshái,清彩
tshing-tshài,清菜
tshing-tsheh,清冊
tshing-tshénn,清醒
tshing-tshing,清清
tshing-tshing,菁菁
tshing-tshng,清倉
tshing-tshó,清楚
tshing-tshun,青春
tshing-tshun-kî,青春期
tshing-tshun-sî,青春時
tshing-tsiat,清節
tshing-tsin-sī,清真寺
tshing-tsit,稱職
tshing-tsuânn,清泉
tshing-tsuânn-kong,清泉崗
tshing-tsok,稱作
tshing-tsuí,清水
tshing-îng,清閒
tshing-îng-hok,清閒福
tshing-îng-kha,清閒腳
tshing-hái,青海
tshing-hân,清寒
tshing-hân,清閒
tshing-hō,稱號
tshing-huâ,清華
tshing-huân,清礬
tshing-hué,清火
tshing-huè-té,清貨底
tshing-hok,清福
tshing-hong,清風
tshing-hoo,稱呼
tshing-hui,清輝
tshing-hûn,青雲
tshenn-gî,青疑
tshenn-gím-gím,青錦錦
tshenn-gio̍k,青玉
tshing-it-sik,清一色
tshing-iu,清幽
tshing-kíng,清景
tshing-khe,清溪
tshing-khì,清氣
tshing-khì-siùnn,清氣相
tshing-khò,清靠
tshing-khóo,清苦
tshing-kiat,清潔
tshing-kiat-tse,清潔劑
tshing-kiong,清宮
tshing-ko,清高
tshing-koo,清姑
tshing-lē,清麗
tshing-lí,清理
tshing-liâm,清廉
tshing-liân,青年
tshing-liâng,清涼
tshing-liú,檉柳
tshing-liû,清流
tshing-lóng,清朗
tshing-ngá,清雅
tshing-uainn,清灣
tshing-uainn-uainn,清泱泱
tshing-ông,稱王
tshing-pà,稱霸
tshing-pāng,青棒
tshing-pe̍h,清白
tshing-phang,清芳
tshing-phiau,清飄
tshing-puânn,清盤
tshing-san,青山
tshing-sàu,清掃
tshing-siàu,清數
tshing-siàu-liân,青少年
tshing-sim,清心
tshing-sin,清新
tshing-siong,青商
tshing-siông,青松
tshing-siông,青裳
tshing-siong-huē,青商會
tshing-siù,清秀
tshing-sǹg,清算
tshing-sóng,清爽
tshing-sûn,清純
tshing-tāi,清大
tshing-tāi,清代
tshing-tām,清淡
tshing-tê,清茶
tshing-thian,青天
tshing-thng,清湯
tshing-thng-mī,清湯麵
tshing-tiám,清點
tshing-tiâu,清朝
tshing-tīm,清tīm
tshing-tinn,清甜
tshing-tiûnn,清場
tshing-tuā-siàu,清大數
tshing-tuann,清單
tshenn-gû-á,生牛仔
tshing-uī,稱謂
tshenn-hîng,青
tshenn-hî,生魚
tshenn-hî-kui,青魚規
tshenn-hî-phìnn,生魚片
tshenn-hiam-tsio,青薟椒
tshenn-hiong,生兇
tshenn-hng,青荒
tshenn-huan,生番
tshenn-hue,生灰
tshenn-hue,生花
tshenn-hue,青花
tshenn-hue,鮮花
tshenn-hueh,鮮血
tshenn-hue-hî,青花魚
tshenn-hue-kiû,生花球
tshenn-hui,青飛
tshenn-hûn,星雲
tshenn-hūn,生分
tshenn-hūn-lâng,生份人
tshenn-iâm,生鹽
tshenn-iau,青iau
tshenn-ioh,青虳
tshenn-io̍h-tsuí,青藥水
tshenn-kam,青甘
tshenn-kâu,生猴
tshenn-kâu-kang,生猴公
tshenn-ke,青雞
tshenn-kha,生腳
tshenn-kha-á,青腳仔
tshenn-khang-pe̍h,青空白
tshenn-kha-siàu,生腳數
tshenn-khī,生柿
tshenn-khóo-thî,青滸苔
tshenn-khuì-bīn,青氣面
tshenn-kî,青旗
tshenn-kiann,生驚
tshenn-kim,青金
tshenn-kin,青筋
tshenn-kìn-kìn,青kìn-kìn
tshenn-kìnn-kìnn,青見見
tshenn-kiunn,生薑
tshenn-kng,星光
tshenn-kó,青果
tshenn-kó,鮮果
tshenn-kó-tsháu,青蒿草
tshenn-kông,青狂
tshenn-kông-tsáu,生狂走
tshenn-kông-hong,生狂風
tshenn-kông-hōo,青狂雨
tshenn-kông-káu,生狂狗
tshenn-kông-kiânn,生狂行
tshenn-kông-kuí,生狂鬼
tshenn-kông-la̍t,生狂力
tshenn-kong-gán,青光眼
tshenn-ko-nuā,生膏爛
tshenn-lân,青鱗
tshenn-lâng,生人
tshenn-lang-lang,青lang-lang
tshenn-la̍t,生力
tshenn-lē,鮮麗
tshenn-li̍k,青綠
tshenn-li̍k-li̍k,青綠綠
tshenn-líng,生冷
tshenn-lìng-lìng,青蘢蘢
tshenn-lîng-bo̍k,青龍木
tshenn-ling-ling,青瓏瓏
tshenn-lôo,青鱸
tshenn-ḿ,親姆
tshenn-mê,青盲
tshenn-mê,青瞑
tshenn-mê-ba̍k,青瞑目
tshenn-mê-bong,青瞑摸
tshenn-mê--ê,青盲ê
tshenn-mê-gû,青盲牛
tshenn-mê-gû,青瞑牛
tshenn-mê-muâ,青瞑鰻
tshenn-n̂g,青黃
tshenn-pe̍h,青白
tshenn-phiàng-phiàng,青phiàng-phiàng
tshenn-phiô,青薸
tshenn-phuê-niau,青皮貓
tshenn-phuê-png,青皮楓
tshenn-piàng-piàng,青piàng-piàng
tshenn-pio,青鏢
tshenn-pit,青筆
tshenn-png,青楓
tshenn-poo,青埔
tshenn-sai,青獅
tshenn-sái,星屎
tshenn-sik,青色
tshenn-siap,生澀
tshenn-sim,青心
tshenn-sîn,星辰
tshenn-sió-tāu,青小豆
tshenn-siong,生傷
tshenn-si-sí,生屍死
tshenn-si̍t-á,青翼仔
tshenn-siù,星宿
tshenn-siunn,青葙
tshenn-siunn-tsí,青葙子
tshenn-soo,生疏
tshenn-sún-sún,青sún-sún
tshenn-tâng,青銅
tshenn-táu-tsio̍h,青斗石
tshenn-tik,青竹
tshenn-tik-á,青竹仔
tshenn-tik-pio,青竹鏢
tshenn-tik-si,青竹絲
tshenn-ting,青燈
tshenn-thâng,青蟲
tshenn-thâu-á,青頭仔
tshenn-thâu-tshiok,青頭鵲
tshenn-thî,青苔
tshenn-thî-á,青苔仔
tshenn-thiàu-thiàu,鮮跳跳
tshenn-thui--ê,生推ê
tshenn-tî,青苔
tshenn-tiān,菁靛
tshenn-tinn,鮮甜
tshenn-to-tsháu,生刀草
tshenn-to-io̍h,生刀藥
tshenn-tông,青桐
tshe-phài,差派
tshe-sái,差使
tshe-sik,妻室
tshe-sí,叉死
tshe-sin,棲身
tshi,淒
tshi,蛆
tshi,嗤
tshi,癡
tshi,鰓
tshí,侈
tshí,鼠
tshí-bué,鼠尾
tshí-bué-âng,鼠尾紅
tshí-bué-hong,鼠尾風
tshí-bué-hông,鼠尾紅
tshí-tsha̍t,鼠賊
tshí-tsha̍t-á,鼠賊仔
tshí-tshiap,鼠竊
tshí-i̍k,鼠疫
tshí-khak,鼠麴
tshí-kue,鼠瓜
tshí-lāu-tshng,鼠瘺瘡
tshí-pēnn,鼠病
tshí-un,鼠瘟
tshì,刺
tshì,翅
tshì,莿
tshì,試
tshì-á,刺仔
tshì-á-tsí,刺仔子
tshì-á-hue,刺仔花
tshì-á-poo,刺仔埔
tshì-á-sim,刺仔心
tshì-bāi,試覓
tshì-ba̍k,刺目
tshì-būn,試問
tshì-tse,試劑
tshì-tsha̍k,刺鑿
tshì-tshang,刺蔥
tshì-tsháu,刺草
tshì-tshia,試車
tshì-tsia̍h,試食
tshì-tsiu,試週
tshì-tsu-bī,試滋味
tshì-īng,試用
tshì-giâ-giâ,刺giâ-giâ
tshì-giām,試驗
tshì-giām-tiûnn,試驗場
tshì-hīng,刺莧
tshì-iōng,試用
tshì-jú,刺乳
tshì-kam-á,刺柑仔
tshì-kang-bóo,刺江某
tshì-keh,刺格
tshì-kik,刺激
tshì-kik-sìng,刺激性
tshì-khik,刺客
tshì-khuànn,試看
tshì-khuànn-māi,試看māi
tshì-kiâm-tsiánn,試鹹汫
tshì-kim-tsio̍h,試金石
tshì-kiô,刺茄
tshì-kiû,刺球
tshì-kiû-á,刺球仔
tshì-kiû-hue,刺球花
tshì-kǹg,試卷
tshì-kue,刺瓜
tshì-kué,刺果
tshì-kui,刺kui
tshì-lâm,刺楠
tshì-lê,刺螺
tshì-m̂,刺莓
tshì-moo-thâng,刺毛蟲
tshì-ngóo-ka,刺五加
tshì-pān,試辦
tshì-phè,刺phè
tshì-phè,刺柿
tshì-pho,刺波
tshì-puânn,刺盤
tshì-pue,試飛
tshì-sat,刺殺
tshì-siau,試銷
tshì-sióng,試想
tshì-siù,刺繡
tshì-soo,刺蒐
tshì-tám,刺膽
tshì-tang,刺冬
tshì-tê,試題
tshì-tik,刺竹
tshì-thàm,試探
tshì-thàm-sìng,試探性
tshì-thâu-hiunn,試頭香
tshì-ti,刺豬
tshì-tiûnn,試場
tshì-to,刺刀
tshì-tông,刺桐
tshì-tôo,試圖
tshì-tōo-bi̍t,刺杜密
tshì-uī,刺蝟
tshî-tshî,tshî-tshî
tshî-hun,持分
tshî-iú,持有
tshî-ke,持家
tshî-kóo,持股
tshî-kú,持久
tshî-lūn,tshî瞷
tshî-lūn,溡潤
tshī,市
tshī,飼
tshī-ke,飼雞
tshī-á,市仔
tshī-ah,飼鴨
tshī-bîn,市民
tshī-bīn,市面
tshī-bóo-kiánn,飼某囝
tshī-tsa-bóo,飼查某
tshī-tsìng,市政
tshī-tsìng-hú,市政府
tshī-tsìng-thiann,市政廳
tshī-tsháu,市草
tshī-tsi̍p,市集
tshī-tsi̍t-ke,飼一家
tshī-tsú,飼主
tshī-tsuí,飼水
tshī-gī-huē,市議會
tshī-gī-uân,市議員
tshī-guā,市外
tshī-gû,飼牛
tshī-hué-kì,飼夥計
tshī-hue-bî,飼花眉
tshī-hóng,市況
tshī-hú,市府
tshī-iông,市容
tshī-iûnn,飼羊
tshī-iûnn-ê,飼羊的
tshī-kau,市郊
tshī-káu,飼狗
tshī-kâu,飼猴
tshī-ke,飼家
tshī-kè,市價
tshī-khu,市區
tshī-kiánn,飼囝
tshī-kiánn-pn̄g,飼囝飯
tshī-kim-tsiann,飼金精
tshī-kim-hî,飼金魚
tshī-kuai,飼乖
tshī-kong-sóo,市公所
tshī-lāi,市內
tshī-ling,飼奶
tshī-liāu,飼料
tshī-li̍p,市立
tshī-ni,飼奶
tshī-ua̍h,飼活
tshī-sè-î,飼細姨
tshī-tē,市地
tshī-thih,飼鐵
tshī-ti,飼豬
tshī-tìn,市鎮
tshī-tiong-sim,市中心
tshī-ti-tiûnn,養豬場
tshī-tiúnn,市長
tshī-tiûnn,市場
tshī-tuā,飼大
tshī-tuā-hàn,飼大漢
tshī-tóng-pōo,市黨部
tshī-uí,市委
tshia,車
tshià-jī,刺字
tshiâ,斜
tshiâ-ba̍k,斜目
tshiâ-bīn,斜面
tshiâ-tsiò,斜照
tshiâ-tsuā,斜逝
tshiâ-ko-hîng,斜糕形
tshiâ-sai,斜西
tshia-á,車仔
tshia-á-tsí,車仔只
tshia-á-suànn,車仔線
tshia-āu-ting,車後燈
tshia-bé-huì,車馬費
tshia-bó,車母
tshia-tsa̍h,車閘
tshia-tsām,車站
tshia-tsē,車座
tshia-tshi,車蛆
tshia-tshí,車鼠
tshia-tshí,奢侈
tshia-tshí-phín,奢侈品
tshia-tshia-kún,車車滾
tshia-tshia-tńg,車車轉
tshia-tshiú,車手
tshia-tshiúnn,車廠
tshia-tshn̂g,車床
tshia-tsiáng,車掌
tshia-tsiàu,車照
tshia-tsînn,車錢
tshia-tsióng,車種
tshia-tsuā,車逝
tshia-tsoo,車租
tshia-tsu,車資
tshia-tsú,車主
tshia-tsûn,車船
tshia-giâ,車giâ
tshiah,赤
tshiah,刺
tshiah-phuê-ê,刺皮鞋
tshia̍h-á,杓仔
tshiah-á-hàn,赤仔漢
tshia-hâng,車行
tshiah-bâ,赤貓
tshiah-bah,赤肉
tshiah-ba̍k,赤目
tshiah-ba̍k,刺目
tshiah-bí-ku,赤米龜
tshiah-bué-á,赤尾仔
tshiah-bué-tai,赤尾tai
tshiah-tsa-bóo,赤查某
tshiah-tshîng,赤榕
tshiah-tshí,赤鼠
tshiah-tshng,赤瘡
tshiah-tshuann,刺tshuann
tshiah-tshu,赤蛆
tshiah-tsín,赤疹
tshiah-ê-ê,刺鞋的
tshiah-gû,赤牛
tshiah-hái,赤海
tshiah-hái-ke,赤海雞
tshiah-hō,刺號
tshiah-hue,刺花
tshiah-hueh-to,刺血刀
tshiah-ia̍h,刺疫
tshia-hio̍h,車葉
tshiah-jī,刺字
tshiah-jîn-thôo,赤仁土
tshiah-kap-á,赤蛤仔
tshiah-káu-ba̍k,赤狗目
tshiah-kàu,赤校
tshiah-keh-á,赤蕨仔
tshiah-kha,赤腳
tshiah-khang,赤空
tshiah-kháu-ji̍t,赤口日
tshiah-khia̍t-khia̍t,赤khia̍t-khia̍t
tshiah-kho,赤柯
tshiah-khok-khok,赤khok-khok
tshiah-khòo-lān,赤褲膦
tshiah-ki,鍤箕
tshiah-kim,赤金
tshiah-kín,赤槿
tshiah-kin-tshài,赤根菜
tshiah-kiunn,赤韁
tshiah-kuáinn-kuáinn,赤kuáinn-kuáinn
tshiah-kuí,赤鬼
tshiah-kuí-kuí,赤鬼鬼
tshiah-lân,赤蘭
tshiah-lâng-ba̍k,刺人目
tshiah-li̍p-á,赤立仔
tshia-hō,車禍
tshia-hua,奢華
tshia-huâ,奢華
tshia-huè,車貨
tshiah-pan-tshng,赤斑瘡
tshiah-pê-pê,赤pê-pê
tshiah-phuê,赤皮
tshiah-phòng-se,刺膨紗
tshiah-pîn,赤貧
tshiah-pit-á,赤筆仔
tshiah-pô,赤婆
tshiah-sim,刺心
tshiah-sin,赤身
tshiah-sin,刺身
tshiah-si̍t-á,赤翅仔
tshiah-siù,刺繡
tshiah-sng,刺酸
tshiah-sua,赤砂
tshiah-suànn-tsat,赤傘節
tshiah-sua-thn̂g,赤沙糖
tshiah-tan,赤丹
tshiah-theh-theh,赤裼裼
tshiah-thih,赤鐵
tshiah-thio,鍘銚
tshiah-thn̂g,赤糖
tshiah-thòo,刺吐
tshiah-thôo,赤土
tshiah-tiâu-tiâu,赤條條
tshiah-tuânn,赤檀
tshia-huì,車費
tshia-ia̍p,車葉
tshia-ia̍p-á,車葉仔
tshia̍k,tshia̍k
tshia̍k-tshia̍k-thiàu,雀雀跳
tshia̍k-tshia̍k-thiàu,踔踔跳
tshia̍k-tshia̍k-tiô,雀雀趒
tshia̍k-tshia̍k-tiô,踔踔趒
tshia̍k-kâu,雀猴
tshia̍k-kâu,踔猴
tshiak-tshiak-tiô,雀雀趒
tshia-khí,車齒
tshia-khînn,硨鉗
tshia-khòo,車庫
tshia-kìm,車禁
tshia-kìnn,車桱
tshia-kuainn,車杆
tshia-kuáinn,車桿
tshia-kuàn,車灌
tshia-kóo-lāng,車鼓弄
tshia-kû,硨磲
tshia-kui,車機
tshia-lak,車轆
tshia-lián,車輦
tshia-lián-tsháu,車輦草
tshia-lián-sim,車輦心
tshia-lián-táu,推輦斗
tshia-lìn-táu,硨輾斗
tshia-lióng,車輛
tshia-lōo,車路
tshia-lûn,車輪
tshia-lûn-tshài,車輪菜
tshia-lûn-tsí,車輪子
tshia-lûn-kènn,車輪桱
tshia-lûn-khing,車輪框
tshiam,簽
tshiam,籤
tshiám,tshiám
tshiám-á,tshiám仔
tshiám-á,鋟仔
tshiám-á,鐕仔
tshiám-ting,鐕釘
tshiám-to,鐕刀
tshiàm-hūn,僭分
tshiàm-kong,僭功
tshiàm-ua̍t,僭越
tshiàm-sim,潛心
tshiàm-to,鑯刀
tshiàm-tuī,僭隊
tshiam-á,籤仔
tshiam-tsìng,簽證
tshiam-huat,簽發
tshiam-î,纖維
tshiam-iok,簽約
tshiam-jī,簽字
tshiam-kí,僉舉
tshiam-lè,簽礪
tshiam-mī,簽麵
tshiam-miâ,簽名
tshia-mn̂g,車門
tshiam-ông,籤王
tshiam-si,籤詩
tshiam-siu,簽收
tshiam-sú,簽署
tshiam-tâng,籤筒
tshiam-tìng,簽訂
tshiam-tīng,簽定
tshiam-thîng,簽呈
tshiam-tò,簽到
tshiam-uî,纖維
tshian,千
tshiánn,且
tshián,淺
tshiánn,請
tshián-âng,淺紅
tshián-bîng,闡明
tshián-bîn,淺眠
tshiánn-tshun-tsiú,請春酒
tshiánn-tsi̍t-pinn,且一邊
tshiánn-tsóo-kong,請祖公
tshián-hái,淺海
tshián-ha̍k,淺學
tshián-hián,淺顯
tshián-hiān,淺現
tshián-hue,淺灰
tshiánn-hun,請薰
tshiánn-kah-sî,請佮辭
tshián-kau,淺交
tshiánn-kàu,請到
tshiánn-khuànn,且看
tshián-khuànn,棧看
tshián-kiàn,淺見
tshiánn-lâi,請來
tshiánn-lâng,請人
tshiánn-lâng-kheh,請人客
tshián-luà,淺瀨
tshiánn-mn̄g,請問
tshiánn-n̂g,tshiánn黃
tshián-n̂g,淺黃
tshián-pak-tn̂g,淺腹腸
tshián-puânn,淺盤
tshián-po̍h,淺薄
tshián-sik,淺色
tshián-sìng,淺性
tshián-siūnn,淺想
tshiánn-sueh,且說
tshián-su̍t,闡述
tshiánn-thiap,請帖
tshián-thua,淺拖
tshián-thua-á,淺拖仔
tshiánn-toh,請桌
tshián-tōo-tn̂g,淺肚腸
tshiànn,倩
tshiàn-tsháu,茜草
tshiànn-tshia,倩車
tshiànn-tsûn,倩船
tshiànn-ê,倩的
tshiànn-kang,倩工
tshiànn-lâng,倩人
tshiân,tshiân
tshiânn,成
tshiânn,晟
tshiân,遷
tshiân-tshiú,遷手
tshiânn-iúnn,晟養
tshiânn-kà,晟教
tshiân-kang,遷工
tshiânn-ke,成家
tshiânn-ke,晟家
tshiânn-kik,成格
tshiânn-kik,晟隔
tshiânn-kiánn,晟囝
tshiânn-lâng,晟人
tshiânn-lâng-tsiânn,成人成
tshiânn-lâng-hó,成人好
tshiân--leh,延leh
tshiânn-miā,成命
tshiânn-tî,晟持
tshian-bān,千萬
tshian-tsân-pak,千層剝
tshian-tsik,千燭
tshian-tshiu,韆鞦
tshian-tshut,遷出
tshian-tsiū,遷就
tshiáng-kha-khê,蹌腳瘸
tshiáng-koo-le,蹌孤le
tshiàng,唱
tshiàng-bîng,唱明
tshiàng-huán-tiāu,唱反調
tshiàng-kè,唱價
tshiàng-kha-ke,蹌腳雞
tshiàng-kha-kiânn,蹌腳行
tshiàng-lé,唱禮
tshiàng-miâ,唱名
tshiàng-siann,唱聲
tshiàng-sue,唱衰
tshiàng-thâu,倡頭
tshiàng-tù,唱注
tshiâng,tshiâng
tshiâng,沖
tshiâng,戕
tshiâng,長
tshiâng,腸
tshiâng-á,戕仔
tshiâng-tsāi,常在
tshiâng-tshiâng-kún,沖沖滾
tshiâng-tsuí,沖水
tshiâng-hāi,戕害
tshiâng-póng,衝碰
tshiâng-tio̍h,沖著
tshiāng,tshiāng
tshiāng,蹌
tshiāng-kha-ke,蹌腳雞
tshiāng-tú-tshiāng,蹌抵蹌
tshiang-kông,猖狂
tshian-hik,千赫
tshiann-iānn,昌颺
tshian-ji̍p,遷入
tshian-ji̍t-hông,千日紅
tshian-ka-huè,千家貨
tshian-ka-lōo,千家路
tshian-ki,遷居
tshian-kim,千金
tshian-kin-tsháu,千斤草
tshian-kin-tshìn,千斤秤
tshian-kin-la̍t,千斤力
tshian-kin-pua̍t,千斤拔
tshian-kóo,千古
tshian-lí-bé,千里馬
tshian-lí-khu,千里駒
tshian-lí-kiànn,千里鏡
tshian-lí-kip,千里急
tshian-lí-kng,千里光
tshian-lí-piu,千里彪
tshian-nî-tông,千年桐
tshian-óng,遷往
tshian-phoo,遷舖
tshian-put-hīng,千不幸
tshian-suè-lân,千歲蘭
tshian-tîng-phuê,千層皮
tshian-tiàu,遷調
tshian-tú-tshìng,千tú沖
tshian-tú-tshian,千抵千
tshia-pái,車擺
tshia-pâi,車牌
tshiap-àn,竊案
tshia-pang,車班
tshia-pang,車幫
tshia-píng,硨反
tshia-pha-lin,車拋輦
tshiap-hiâm,竊嫌
tshia-phiò,車票
tshia-piànn,車拼
tshia-pinn,車邊
tshia-pînn,車棚
tshiap-kì,竊據
tshia-pua̍h-píng,車跋píng
tshia-pua̍h-píng,車跋反
tshia-pua̍h-píng,推跋反
tshia-puânn,車盤
tshia-puânn,硨盤
tshiap-sin,妾身
tshiap-thiann,竊聽
tshiap-thiann-khì,竊聽器
tshiap-tō,竊盜
tshia-pùn-táu,車畚斗
tshia-pùn-táu,推畚斗
tshia-sái-thâng,推屎蟲
tshia-sann-tsing,車參舂
tshia-sim,車心
tshia-sin,車身
tshia-siunn,車廂
tshia-siunn,車箱
tshia-sng,車栓
tshia-sng-á,車桑仔
tshia-sng-á,車栓仔
tshia-suànn-in,車線絪
tshia-sok,車速
tshia-sún,車榫
tshiat,切
tshia-ta̍h,車踏
tshia-tâi,車臺
tshia-táu,車斗
tshiat-bo̍k,切莫
tshiat-tshuì,切碎
tshia-té,車底
tshia-ting,車燈
tshia-tíng,車頂
tshia-thang,車窗
tshia-tháng-tò,車桶倒
tshiat-ha̍p,切合
tshia-thâu,車頭
tshia-thé,車體
tshiat-huè,切貨
tshia-tiànn,車錠
tshia-tiúnn,車長
tshiat-ji̍p,切入
tshiat-khì,切氣
tshiat-khī,切忌
tshiat-khui,切開
tshiat-kì,切記
tshiat-kiat,切結
tshia-tó,車倒
tshia-tó,推倒
tshia-tó,硨倒
tshia-tō,車道
tshia-tuann,車單
tshia-tòng-á,車擋仔
tshiat-phìnn,切片
tshiat-siah,切削
tshiat-sin,切身
tshiat-siong,切傷
tshiat-si̍t,切實
tshiat-tî,切除
tshiat-tō-tsuē,竊盜罪
tshia-tuī,車隊
tshiau,chhiau
tshiau,超
tshiau,搜
tshiáu,悄
tshiàu-kio̍k,笑劇
tshiàu-la̍p,笑納
tshiàu-tâm,笑談
tshiâu,tshiâu
tshiâu-tsê,tshiâu齊
tshiâu-tshik,tshiâu促
tshiâu-tshik,tshiâu策
tshiâu-tshi̍k,tshiâu-tshi̍k
tshiâu-tshuē,tshiâu-tshuē
tshiâu-tsioh,tshiâu借
tshiâu-kè-siàu,tshiâu價數
tshiâu-kut,tshiâu骨
tshiâu-puah,tshiâu撥
tshiâu-sî-tsing,tshiâu時鐘
tshiâu-sî-kan,tshiâu時間
tshiâu-suá,tshiâu徙
tshiâu-tín-tāng,tshiâu振動
tshiau-tsāi,超載
tshiau-tshi̍k,超摵
tshiau-tshī,超市
tshiau-tshia,超車
tshiau-tshuē,抄找
tshiau-tshut,搜出
tshiau-tsi,超支
tshiauh,chhiauh
tshiau-hoo,超乎
tshiau-im-pho,超音波
tshiau-jiân,超然
tshiau-jîn,超人
tshiau-ke,抄家
tshiau-kiông,超強
tshiau-kip,超級
tshiau-kuè,超過
tshiau-kuè-lâng,超過人
tshiau-kûn,超群
tshiau-lâng-kê,抄人鮭
tshiau-ua̍t,超越
tshiau-sing,超生
tshiau-sin-khu,抄身軀
tshiau-siu,超收
tshiau-sok,超速
tshiau-tāng,超重
tshiau-thuat,超脫
tshiau-tō-thé,超導體
tshiau-tuā-hîng,超大型
tshiau-tōo,超度
tshi-tsîng,癡情
tshi-tshā-kiò,嗤喳叫
tshi-tshám,悽慘
tshi-tshám,淒慘
tshi-tshám-tshiò,悽慘笑
tshi-tshám-tshueh,悽慘啜
tshi-tshám-khàu,悽慘哭
tshi-tshám-tāi,悽慘代
tshi-tshám-tāi,淒慘代
tshi-tshu,嗤呲
tshi-tshū,嗤呲
tshi-gâi,癡騃
tshih,chhih
tshi̍h,tshi̍h
tshi̍h-siang-kho,tshi̍h雙科
tshi̍h-á,蠽仔
tshi̍h-jîn,蠽仁
tshi̍h-ko,蠽膏
tshi̍h-uá-lâi,tshi̍h倚來
tshi̍h-tiān-lîng,tshi̍h電鈴
tshih-tshiauh,嗤悄
tshi-hiau,鴟鴞
tshih-kē,chhih低
tshih--tó,chhih倒
tshi-ko,痴哥
tshi-ko,癡哥
tshim,侵
tshim,深
tshím,tshím
tshím,寢
tshím-á,寢仔
tshím-tshénn-á,鋟醒仔
tshím-tshím,寢寢
tshím-tshím-tsáu,纔纔走
tshím-kha,踸腳
tshím-khuànn,踸看
tshím-sik,寢室
tshím-thâu,纔頭
tshím-thâu-á,纔頭仔
tshîm,tshîm
tshîm,饞
tshim-tsè,侵債
tshim-tsénn,深井
tshim-tsénn-tiânn,深井埕
tshim-tsîng,深情
tshim-tshián,深淺
tshim-tshiat,深切
tshim-tshim,深深
tshim-tshiu,深秋
tshim-tshú,侵取
tshim-tshù,深處
tshim-tsiàm,侵占
tshim-tsiàm,侵佔
tshim-tsînn,侵錢
tshim-tsō,深造
tshim-īng,侵用
tshim-hāi,侵害
tshim-huà,深化
tshim-huān,侵犯
tshim-iā,深夜
tshim-ian,深淵
tshim-iōng,侵用
tshim-jiáu,侵擾
tshim-ji̍p,侵入
tshim-ji̍p,深入
tshim-kám,深感
tshim-kau,深溝
tshim-kāu,深厚
tshim-khik,深刻
tshim-khenn,深坑
tshim-khiàm,侵欠
tshim-khín,深汱
tshim-kiù,深究
tshim-kui,深閨
tshim-lâm,深藍
tshim-lâng-tsînn,侵人錢
tshim-li̍k,深綠
tshim-lia̍k,侵略
tshim-lia̍k-tsiá,侵略者
tshim-lòng-lòng,深lòng-lòng
tshim-long-long,深瓏瓏
tshim-ò,深奧
tshim-uán,深遠
tshim-uang-uang,深oang-oang
tshim-sik,深色
tshim-si̍h,侵蝕
tshim-sìn,深信
tshim-si̍p,侵襲
tshim-siū,深受
tshim-suann,深山
tshim-suann-ong,深山鶲
tshim-tê-sik,深茶色
tshim-thô,深桃
tshim-ti,深知
tshim-tîm,深沉
tshim-tit,深得
tshim-tōo,深度
tshin,親
tshínn,tshínn
tshínn-môo-lâm,淺毛藍
tshínn-sik,淺色
tshínn-tn̂g-sann,淺長衫
tshìn,秤
tshìn,凊
tshìn-á,秤仔
tshìn-á,稱仔
tshìn-bīn,凊面
tshìn-tshái,凊采
tshìn-tshái,凊彩
tshìn-tshái-tshái,凊采采
tshìn-tshái-kóng,凊彩講
tshìn-tshái-sî,凊彩時
tshìn-tshái-siūnn,凊彩想
tshìn-tshài,凊菜
tshìn-tshenn,秤星
tshìn-tshenn-bo̍k,秤星木
tshìn-tshenn-tshiū,秤星樹
tshìn-tshī,凊市
tshìn-tshìn,凊凊
tshìn-tshiò,凊笑
tshìn-tsuí,凊水
tshìn-hue,秤花
tshìn-ki-ki,凊支支
tshìn-kuáinn,秤桿
tshìn-kuānn,凊汗
tshìn-liāu,秤繚
tshìn-liāu-soh,秤繚索
tshìn-muâi,凊糜
tshìn-muê,凊糜
tshìn-mooh,凊瘼
tshìn-mo̍oh,凊膜
tshìn-mooh-nah,凊膜凹
tshìn-mooh-nah,凊瘼吶
tshìn-nah,凊吶
tshìn-piann-piann,凊乓乓
tshìn-pn̄g,凊飯
tshìn-pn̄g-tîn,凊飯藤
tshìn-puânn,秤盤
tshìn-sik,凊色
tshìn-sim,凊心
tshìn-tāng,秤重
tshìn-teh-teh,凊塊塊
tshìn-thâu,秤頭
tshìn-thuî,秤錘
tshìn-thuî-bī,秤錘沕
tshînn,tshînn
tshînn,瞪
tshinn-á,菁仔
tshinn-á-the̍h,菁仔宅
tshin-ài,親愛
tshin-ài--ê,親愛的
tshin-ba̍k,親目
tshin-ba̍k-kìnn,親目見
tshin-bi̍t,親密
tshin-tsîng,親情
tshinn-tsháu-ôo,青草湖
tshin-tshik,親戚
tshin-tshiang,親昌
tshin-tshiat,親切
tshin-tshin-tsiânn,親親成
tshin-tshiú,親手
tshin-tshiūnn,親像
tshin-tshiūnn-khuán,親像款
tshin-tshuì,親嘴
tshin-tsiânn,親情
tshin-tso̍k,親族
tshin-tsú,親子
tshin-tsū,親自
tshin-hiann-tī,親兄弟
tshin-hô-li̍k,親和力
tshinn-hong-tsháu,菁芳草
tshin-hòo-hòo,親戽戽
tshin-iú,親友
tshin-jia̍t,親熱
tshinn-kam,鯖魽
tshin-ke,親家
tshin-ke-kuann,親家倌
tshin-ke-kong,親家公
tshin-ke-ḿ,親家姆
tshin-kīn,親近
tshinn-lân,菁蘭
tshin-lâng,親人
tshinn-ḿ,親姆
tshin-ông,親王
tshin-pîng,親朋
tshin-pit,親筆
tshin-senn,親生
tshin-siān,親善
tshin-sin,親身
tshin-sìn,親信
tshin-sio̍k,親屬
tshin-sū,親事
tshin-tauh-tauh,親tauh-tauh
tshin-thia̍p-tshin,親疊親
tshin-tông,親堂
tshio,chhio
tshio,鶺
tshió-sik,俏色
tshiò,tshiò
tshiò,俏
tshiò,笑
tshiò-âng,笑紅
tshiò-bi-bi,笑微微
tshiò-bīn,笑面
tshiò-bīn-hóo,笑面虎
tshiò-bui-bui,笑bui-bui
tshiò-bún-bún,笑bún-bún
tshiò-tshī,笑市
tshiò-tshínn,笑淺
tshiò-tsit,笑脊
tshiò-tsô,峭槽
tshiò-gī-gī,笑誼誼
tshiò-ha-ha,笑哈哈
tshiò-hai-hai,笑咳咳
tshiò-hún,笑粉
tshiò-iông,笑容
tshiò-khue,笑詼
tshiò-kio̍k,笑劇
tshiò-lâm,笑藍
tshiò--lâng,笑人
tshiò-li̍k,俏綠
tshiò-li̍k,笑綠
tshiò-n̂g,笑黃
tshiò-uē,笑話
tshiò-pìnn,笑柄
tshiò-sik,笑色
tshiò-siann,笑聲
tshiò-sîn,笑神
tshiò-tâm,笑談
tshiō,tshiō
tshiō-iánn,tshiō影
tshio-tsit,峭脊
tshio-gih-gih,chhio-gih-gih
tshioh,chhioh
tshioh,尺
tshio̍h,席
tshio̍h,蓆
tshio̍h-tsháu,蓆草
tshioh-á-tsng,尺仔磚
tshioh-ji̍t,chhioh日
tshioh-ko,尺篙
tshioh-táu-tshìn,尺斗稱
tshioh-thâu,尺頭
tshioh-tio̍h,螫著
tshioh-tōo,尺度
tshiok,促
tshiok,雀
tshiok,觸
tshio̍k,tshio̍k
tshio̍k-kak,觸角
tshio̍k-thôo,摶土
tshio-kak,峭角
tshiok-bong,觸摸
tshiok-tsha̍t,雀賊
tshiok-tshíng,促請
tshiok-tsiáu,鵲鳥
tshiok-tsiáu-á,雀鳥仔
tshiok-tsìn,促進
tshiok-ing,雀鷹
tshiok-hō,綽號
tshiok-huān,觸犯
tshiok-huat,觸法
tshiok-huat,觸發
tshio-kho̍k-kho̍k,chhio-kho̍k-kho̍k
tshio-kia̍k-kia̍k,chhio-kia̍k-kia̍k
tshiok-iāu,雀鷂
tshiok-kám,觸感
tshiok-khiā,矗khiā
tshiok-ná,捉拿
tshiok-nōo,觸怒
tshio-ko,鶺哥
tshiok-pan,雀斑
tshiok-sîng,促成
tshiok-siau,促銷
tshiok-sue,觸衰
tshiok-sú,促使
tshiok-thâu-hiunn,雀頭香
tshiok-tio̍h,觸著
tshiok--tio̍h,觸著
tshiònn-phìnn,唱片
tshiong,充
tshiong,沖
tshiong,娼
tshiong,衝
tshióng-sū,縱事
tshiòng-ē,縱禍
tshiòng-giân,倡言
tshiòng-hîng,縱橫
tshiòng-jiân,縱然
tshiòng-kuàn,縱貫
tshiòng-sū,縱事
tshiòng-tō,倡導
tshiong-á,娼仔
tshiong-bâ,娼媌
tshiong-bîng,昌明
tshiong-buán,充滿
tshiong-tsáu,沖走
tshiong-tsiok,充足
tshiong-tsok,充作
tshiong-tsông,衝
tshiong-hīn,沖恨
tshiong-huān,沖犯
tshiong-huān,衝犯
tshiong-hueh,充血
tshiong-hū,娼婦
tshiong-hun,充分
tshiong-ìn,沖印
tshiong-iông,昌陽
tshiong-jīm,充任
tshiong-kik,衝擊
tshiong-khì,充氣
tshiong-ki,娼妓
tshiong-kuah,沖割
tshiong-kuann,充官
tshiong-kong,充公
tshiong-kông,猖狂
tshiong-liâu,娼寮
tshiong-lo̍h-kuann,充落官
tshiong-lo̍h-kong,充落公
tshiong-muá,充滿
tshiong-phài,充沛
tshiong-phuà,衝破
tshiong-piànn,衝拚
tshiong-piáu,娼婊
tshiong-pōng,沖磅
tshiong-pōng,衝磅
tshiong-pôo,菖蒲
tshiong-pôo-hio̍h,菖蒲葉
tshiong-sé,沖洗
tshiong-sīng,充盛
tshiong-sīng,昌盛
tshiong-siā,衝射
tshiong-siau,沖銷
tshiong-si̍t,充實
tshiong-si̍t,沖蝕
tshiong-suànn,衝線
tshiong-tām,沖淡
tshiong-thian,沖天
tshiong-thiân,充填
tshiong-tiān,充電
tshiong-tio̍h-kuí,衝著鬼
tshiong-tn̄g,衝撞
tshiong-tòng,充當
tshiong-tōng,衝動
tshiong-tu̍t,衝突
tshiong-uì-tsí,茺蔚子
tshio-thâu,chhio頭
tshio-tiô,chhio-tiô
tshio-tiô,鶺趒
tship,chhip
tship-á,揖仔
tship-póo,緝捕
tshit,七
tshit,拭
tshit-á,七仔
tshit-á,拭仔
tshit-á-khue,七仔科
tshit-bí,七美
tshit-tsàn-thah,七層塔
tshit-tshái,七彩
tshit-tshenn,七星
tshit-tshenn-tsháu,七星草
tshit-tshenn-tshioh,七星尺
tshit-tshenn-hî,七星魚
tshit-tshenn-lôo,七星鱸
tshit-tshiú,拭手
tshit-tshuì,拭嘴
tshit-tshùn-kim,七寸金
tshi-thâu-pô,痴頭婆
tshit-hio̍h-liân,七葉蓮
tshit-hio̍h-tánn,七葉膽
tshit-khá-tôo,七巧圖
tshit-kha-tshng,拭尻川
tshit-khóng,七孔
tshit-koo-tshenn,七姑星
tshit-lí-hiang,七里香
tshit-lí-hiong,七里香
tshit-niû-má,七娘媽
tshit-pòo,拭布
tshit-pōo-tsuâ,七步蛇
tshit-sik,七色
tshit-si̍k,七夕
tshit-thô,chhit-thô
tshit-thô-á,chhit-thô-á
tshit-thô-á,chhit-thô仔
tshit-thô-kha,chhit-thô腳
tshit-thô-kheh,chhit-thô客
tshit-thô-lâng,chhit-thô人
tshit-thô-mi̍h,chhit-thô物
tshit-thô-phuānn,chhit-thô伴
tshit-tn̂g-á,七腸仔
tshit-tóo,七堵
tshiu,chhiu
tshiu,秋
tshiu,羞
tshiu,鰍
tshiu,鬚
tshiú,tshiú
tshiú,手
tshiú,首
tshiú,醜
tshiú-āu-khiau,手後蹺
tshiú-āu-khū,手後臼
tshiú-āu-nn̄g,手後卵
tshiú-āu-o,手後窩
tshiú-āu-uan,手後彎
tshiú-āu-tenn,手後蹬
tshiú-bâi-tshim,手眉深
tshiú-ba̍k,手目
tshiú-bīn,手面
tshiú-bīn-tsînn,手面錢
tshiú-bué,手尾
tshiú-bué-tsînn,手尾錢
tshiú-bué-jī,手尾字
tshiú-bué-la̍t,手尾力
tshiú-bué-lī,手尾字
tshiú-bué-mi̍h,手尾物
tshiú-bôo,手模
tshiú-bûn,醜聞
tshiú-tsáinn,手指
tshiú-tsat,手節
tshiú-tsik,手則
tshiú-tshe,手叉
tshiú-tsheh,手冊
tshiú-tshìng,手銃
tshiú-tshìng-á,手銃仔
tshiú-tshia,手車
tshiú-tshia-á,手車仔
tshiú-tshìn,手襯
tshiú-tshìn-á,手襯仔
tshiú-tsí,手只
tshiú-tsí,手指
tshiú-tsiān,手賤
tshiú-tsih-phōo,手摺簿
tshiú-tsím,手枕
tshiú-tsiok,手足
tshiú-tsiúnn,手掌
tshiú-tsiūnn,手癢
tshiú-ē,手下
tshiú-ē-tsat,手下節
tshiú-îng,手閒
tshiú-gē,手藝
tshiú-gia̍h-tiánn,手舉鼎
tshiú-hā,手下
tshiú-hîng,手形
tshiú-huà,醜化
tshiú-huānn,手按
tshiú-huānn,手
tshiú-huat,手法
tshiú-hong,手風
tshiú-hong-khîm,手風琴
tshiú-hûn,手痕
tshiú-iap-āu,手挹後
tshiú-iap-āu,手揜後
tshiú-ìn,手印
tshiú-jiáu,手爪
tshiú-jiáu-tsiān,手爪賤
tshiú-kang,手工
tshiú-kang-gē,手工藝
tshiú-kang-gia̍p,手工業
tshiú-kau-tshiú,手交手
tshiú-khan-tshiú,手牽手
tshiú-khàu,手銬
tshiú-khì,手氣
tshiú-khiau,手曲
tshiú-khiau,手蹺
tshiú-khîm,手琴
tshiú-khò,手靠
tshiú-khuân,手環
tshiú-khū,手臼
tshiú-ki,手技
tshiú-ki,手機
tshiú-kì,手鋸
tshiú-kin,手巾
tshiú-kin-tsuâ,手巾蛇
tshiú-kó,手稿
tshiú-kuainn,手杆
tshiú-kuānn,手汗
tshiú-kóo,手股
tshiú-kóo,手鼓
tshiú-kóo-thâu,手股頭
tshiú-kut,手骨
tshiú-le,手絡
tshiú-lê,手腡
tshiú-līng,手冗
tshiú-liâm,手粘
tshiú-liāu-tsînn,手料錢
tshiú-lok,手橐
tshiú-lok-á,手橐仔
tshiú-lông,手囊
tshiú-lōo,手路
tshiú-lōo,醜陋
tshiú-lōo-tshài,手路菜
tshiú-lōo-hì,手路戲
tshiú-luî-tân,手雷彈
tshiú-mn̂g,手門
tshiú-ńg,手ńg
tshiú-ńg,手袂
tshiú-ńg,手
tshiú-ńg-khoo,手ńg箍
tshiú-ńg-kóng,手ńg管
tshiú-ńg-sok,手ńg束
tshiú-ńg-thâu,手ńg頭
tshiú-ńg-tn̂g,手ńg長
tshiú-ngiau,手撓
tshiú-niáu,手爪
tshiú-uan,手彎
tshiú-uán,手腕
tshiú-uánn,手碗
tshiú-uán-kut,手腕骨
tshiú-uat-uan,手斡彎
tshiú-ok,醜惡
tshiú-pà,手霸
tshiú-pán,手板
tshiú-pat-kuài,醜八怪
tshiú-pê,手pê
tshiú-phāng,手縫
tshiú-phāng-se,手縫疏
tshiú-pì,手臂
tshiú-pió,手錶
tshiú-pit,手筆
tshiú-puânn,手盤
tshiú-sik,首飾
tshiú-sì,手勢
tshiú-sim,手心
tshiú-sìn,手信
tshiú-sio̍h,手液
tshiú-sio̍k,手續
tshiú-sio̍k-huì,手續費
tshiú-siòng,手相
tshiú-siū,手袖
tshiú-sng-tsînn,手痠錢
tshiú-soh,手鐲
tshiú-sok,手束
tshiú-sòo-liāu,手數料
tshiú-su̍t,手術
tshiú-té,手底
tshiú-té-hûn,手底痕
tshiú-té-ngiau,手底撓
tshiú-tê-tsiān,手蹄賤
tshiú-tíng-tsat,手頂節
tshiú-thâu,手頭
tshiú-thâu,首頭
tshiú-thâu-ân,手頭ân
tshiú-thâu-līng,手頭冗
tshiú-thâu-tāng,手頭重
tshiú-the,手撐
tshiú-thê-pau,手提包
tshiú-thê-sik,手提式
tshiú-thê-tē,手提袋
tshiú-thò,手套
tshiú-ti-á,手豬仔
tshiú-tiān,手電
tshiú-tiān-á,手電仔
tshiú-tiong-sim,手中心
tshiú-tuānn,手段
tshiú-tòng,手擋
tshiú-tōng,手動
tshiú-tóo,手肚
tshiù,tshiù
tshiù-tshái,瞅睬
tshiû,揪
tshiû,愁
tshiû-bīn,愁面
tshiû-iông,愁容
tshiû-kin-guân,揪根元
tshiû-uē,揪話
tshiû-tiànn,揪錠
tshiû-tiānn,揪碇
tshiū,樹
tshiū-á,樹仔
tshiū-ba̍k,樹木
tshiū-ba̍k,樹目
tshiū-bó,樹母
tshiū-bué,樹尾
tshiū-bué-liu,樹尾溜
tshiū-bué-tíng,樹尾頂
tshiū-tsai,樹栽
tshiū-tsâng,樹欉
tshiū-tsháu-liân,樹草蓮
tshiū-tshenn,樹青
tshiū-tsi,樹脂
tshiū-tsí,樹子
tshiū-tsí,樹脂
tshiū-tsî,樹薯
tshiū-gím,樹錦
tshiū-hî,樹魚
tshiū-hio̍h,樹葉
tshiū-im,樹蔭
tshiū-iû,樹油
tshiū-ka,樹膠
tshiū-kha,樹腳
tshiū-khoo,樹箍
tshiū-ki,樹枝
tshiū-kí,樹杞
tshiū-kin,樹根
tshiū-kiok,樹菊
tshiū-ku,樹龜
tshiū-lân,樹蘭
tshiū-lân-hue,樹蘭花
tshiū-le,樹絡
tshiū-ling,樹奶
tshiū-ling,樹乳
tshiū-lîng,樹龍
tshiū-ling-á,樹奶仔
tshiū-ling-king,樹奶弓
tshiū-ling-thâu,樹奶頭
tshiū-ling-thn̂g,樹奶糖
tshiū-m̂,樹梅
tshiū-m̂-hōo,樹梅雨
tshiū-m̂-piánn,樹梅餅
tshiū-nâ,樹林
tshiū-ńg,樹影
tshiū-ni,樹奶
tshiū-ni,樹乳
tshiū-ni-tshat,樹奶擦
tshiū-ni-thn̂g,樹奶糖
tshiū-ue,樹椏
tshiū-ông-kong,樹王公
tshiū-pak,樹腹
tshiū-phuê,樹皮
tshiū-puī,樹蜚
tshiū-se,樹梳
tshiū-sin,樹身
tshiū-tāu,樹豆
tshiū-thâu,樹頭
tshiu-āu,秋後
tshiu-āu-jua̍h,秋後熱
tshiu-bīn,羞面
tshiu-tshìn,秋凊
tshiu-tshiu-lâng,羞羞人
tshiu-hun,秋分
tshiu-kam,鬚甘
tshiu-kiok,秋菊
tshiu-kiong,秋宮
tshiu-ko,鬚哥
tshiu-koo,秋姑
tshiu-koo-hî,秋姑魚
tshiu-kuì,秋季
tshiu-kuî,秋葵
tshiunn,昌
tshiunn,槍
tshiunn,鯧
tshiúnn,搶
tshiúnn,廠
tshiúnn-àn,搶案
tshiúnn-tsáu,搶走
tshiúnn-tshái,瞅睬
tshiúnn-tshī,搶市
tshiúnn-tshìn-thâu,搶秤頭
tshiúnn-tshuah,搶chhoah
tshiúnn-tsí,廠址
tshiúnn-gán,搶眼
tshiúnn-hiâm,搶嫌
tshiúnn-hué-sio,搶火燒
tshiúnn-hong,廠方
tshiúnn-kiap,搶劫
tshiúnn-kiù,搶救
tshiúnn-kong,搶功
tshiúnn-koo,搶孤
tshiúnn-kòo,搶購
tshiúnn-uē-thâu,搶話頭
tshiúnn-pâi,廠牌
tshiúnn-pak,搶剝
tshiúnn-pak-tsha̍t,搶剝賊
tshiúnn-pâng,廠房
tshiúnn-siong,廠商
tshiúnn-siu,搶修
tshiúnn-than,搶灘
tshiúnn-thâu-tsîng,搶頭前
tshiúnn-thâu-hiunn,搶頭香
tshiúnn-thâu-pio,搶頭標
tshiúnn-tiúnn,廠長
tshiúnn-tua̍t,搶奪
tshiùnn,唱
tshiùnn,嗆
tshiùnn-tshut,唱出
tshiùnn-khik,唱曲
tshiùnn-khí,唱起
tshiùnn-kua,唱歌
tshiùnn-phìnn,唱片
tshiùnn-puânn,唱盤
tshiùnn-tiāu,唱調
tshiûnn,tshiûnn
tshiûnn,牆
tshiûnn-á,牆仔
tshiûnn-á-kha,牆仔腳
tshiûnn-bî,薔薇
tshiûnn-bīn,牆面
tshiûnn-kak,牆角
tshiûnn-kha,牆腳
tshiûnn-ki,牆基
tshiûnn-kue̍h,牆橛
tshiûnn--lâng,揚人
tshiûnn-piah,牆壁
tshiûnn-piah-tîn,牆壁藤
tshiûnn-uî,牆圍
tshiûnn-uî-á,牆圍仔
tshiūnn,tshiūnn
tshiūnn,象
tshiūnn,像
tshiūnn-āu-kha,上後腳
tshiūnn-bo̍k,橡木
tshiūnn-bông,上濛
tshiūnn-bōng,上墓
tshiūnn-tshî,上溡
tshiūnn-tsuí,tshiūnn水
tshiūnn-tsuí,上水
tshiūnn-gê,象牙
tshiūnn-gê-tshn̂g,象牙床
tshiūnn-gê-tī,象牙箸
tshiūnn-hî,象魚
tshiūnn-khuán,像款
tshiūnn-kî,象棋
tshiūnn-kóng,象管
tshiūnn-ling,橡奶
tshiūnn-ling-ê,橡奶鞋
tshiūnn-ling-sìng,橡奶性
tshiūnn-ling-thn̂g,橡奶糖
tshiūnn-ling-thôo,橡奶土
tshiūnn-ling-tuà,橡奶帶
tshiūnn-ni,橡奶
tshiūnn-ni-ê,橡奶鞋
tshiūnn-oo-pan,上烏斑
tshiūnn-phīnn-tshun,象鼻椿
tshiūnn-phuê-tsìng,象皮症
tshiūnn-phú,上殕
tshiūnn-sian,上sian
tshiūnn-sim,匠心
tshiūnn-thâu,上頭
tshiūnn-tiàm-thang,上店窗
tshiunn-á,鯧仔
tshiunn-tshiú,槍手
tshiunn-tsiàn,槍戰
tshiunn-kiànn,鯧鏡
tshiunn-ping,槍兵
tshiunn-phàu,槍炮
tshiunn-pìnn,槍柄
tshiunn-to-io̍k,鎗刀藥
tshiu-san,秋山
tshiu-thinn,秋天
tshng,chhng
tshng,穿
tshng,倉
tshng,傖
tshng,瘡
tshng,艙
tshńg,吮
tshńg-á,串仔
tshńg-á-hî,串仔魚
tshńg-tsia̍h,tshńg食
tshńg-khang,吮空
tshńg-kue-tsí,串瓜子
tshńg-uē-phāng,串話縫
tshǹg,串
tshǹg,擤
tshǹg,竄
tshǹg-á-hî,串仔魚
tshǹg-kuè,串過
tshǹg--kuè,串過
tshǹg-phīnn,蒸鼻
tshǹg-phīnn,擤鼻
tshn̂g,床
tshn̂g-bó,床母
tshn̂g-kin,床巾
tshn̂g-kiû,床球
tshn̂g-phoo,床鋪
tshn̂g-phoo,床舖
tshn̂g-phòo,床舖
tshn̂g-pô,床婆
tshn̂g-tíng,床頂
tshn̂g-tō,床道
tshn̂g-uī,床位
tshng-tshah,穿插
tshngh,嗆
tshng-hûn,瘡痕
tshng-jiah,瘡跡
tshng-khòo,倉庫
tshng-kuè,穿過
tshng-phīnn-lîng,穿鼻龍
tshng-so,穿梭
tshng-suann-lîng,穿山龍
tshng-thàng-kuè,穿迵過
tshng-thàu-kuè,穿透過
tshng-to̍k,瘡毒
tshng-uī,艙位
tsho,臊
tshó,tshó
tshó,草
tshó,楚
tshó-á,草仔
tshó-àn,草案
tshó-hái-tông,草海桐
tshó-hue,草花
tshó-iok,草約
tshó-kan-á,草橄仔
tshó-kann-ná,草橄仔
tshó-kann-ná,草橄欖
tshó-kó,草稿
tshó-su,草書
tshó-that,草that
tshó-that-á,草塞仔
tshò,剉
tshò,錯
tshò,譟
tshò-bí,糙米
tshò-tshâ,剉柴
tshò-tshâ-hu,剉柴夫
tshò-tshiú,錯手
tshò-tshiū,剉樹
tshò-tshiū-á,剉樹仔
tshò-gōo,錯誤
tshò-im,噪音
tshò-kak,錯覺
tshò-kàn-kiāu,譟姦撟
tshò-khîm,操琴
tshò-kuài,錯怪
tshò-lâng-hīnn,噪人耳
tshò-luān,錯亂
tshò-ngōo,錯誤
tshò-pāi,挫敗
tshò-si,措施
tshò-sit,錯失
tshò-sû,措詞
tshò-tiāu,剉掉
tshuà,蔡
tshuà-khian,蔡牽
tshuà-pán-tsháu,蔡板草
tshuâ-pho,蛇波
tshuâ-pho-li̍k,蛇波勒
tshuā,tshuā
tshuā,拽
tshuā,娶
tshuā-bóo,娶某
tshuā-tshau,tshuā操
tshuā-tshe,娶妻
tshuā-gín-á,tshuā囡仔
tshuā-hiunn-hué,娶香火
tshuā-jiō,泄尿
tshuā-jiō-bāng,tshuā尿夢
tshuā-jiō-pô,tshuā尿婆
tshuā-kè,tshuā嫁
tshuā-kè,娶嫁
tshuā-liō,拽尿
tshuā-lōo,tshuā路
tshuā-lōo--ê,tshuā路的
tshuā-lōo-ke,tshuā路雞
tshuā-pháinn,tshuā歹
tshuā-thâu,tshuā頭
tshuā-thâu-ê,tshuā頭個
tshuā-tuī,tshuā隊
tshuah,chhoah
tshuah,泄
tshuah,惙
tshua̍h,tshua̍h
tshua̍h-ba̍k,斜目
tshua̍h-kak,tshua̍h角
tshua̍h-kak,斜角
tshua̍h-kak-tsuā,斜角逝
tshua̍h-lōo,斜路
tshuah-á,礤仔
tshuah-tshiam,礤簽
tshuah-tshuì-tshiu,chhoah嘴鬚
tshuah-tsi̍t-ē,chhoah一下
tshuah-lâu,chhoah流
tshuah-mn̂g,chhoah毛
tshuah-ua̍h-tsiáu,chhoah活鳥
tshuah-ping,chhoah冰
tshuah-phīnn-tsháu,chhoah鼻草
tshuah-sái,chhoah屎
tshuah-sái-tshenn,chhoah屎星
tshuah-sái-tsuí,chhoah屎水
tshuah-sim,chhoah心
tshuah-tn̄g,chhoah斷
tshuan,村
tshuán,喘
tshuánn,癬
tshuán-bē-ti̍t,喘bē直
tshuán-khuì,喘氣
tshuán-pēnn,喘病
tshuán-phēnn-phēnn,喘phēnn-phēnn
tshuán-phī-phēnn,喘phī-phēnn
tshuán-tuā-khuì,喘大氣
tshuànn,tshuànn
tshuàn,串
tshuànn,閂
tshuàn,篡
tshuàn,竄
tshuànn,闖
tshuàn-á,串仔
tshuànn-á,閂仔
tshuàn-tshut,竄出
tshuàn-gê,串牙
tshuàn-gê,串芽
tshuàn-ji̍p,竄入
tshuàn-kái,竄改
tshuàn-king,串供
tshuàn-kháu-king,串口供
tshuàn-kuan,闖關
tshuànn-kuè,闖過
tshuàn-kóng,串講
tshuàn-liân,串聯
tshuànn-lōo,闖路
tshuàn-mn̂g,串門
tshuàn-thong,串通
tshuàn-tô,竄逃
tshuànn-tō,闖道
tshuàn-tông,串同
tshuân,tshuân
tshuân,僎
tshuân-kè-tsng,tshuân嫁妝
tshuân-khang,攢空
tshuânn-khuân,橫權
tshuân-liāu,僎料
tshuân-pān,僎辦
tshuân-piān,僎便
tshuan-bîn,村民
tshuan-tshài,川菜
tshuan-tsha̍k,穿鑿
tshuann-tshì,扦刺
tshuan-tshit,川七
tshuan-tsng,村莊
tshuàng-hiann,壯兄
tshuàng-káng,壯犅
tshuàng-tiám,壯點
tshuan-hiok,顓頊
tshuan-hu-tsú,村夫子
tshuan-jú,痊癒
tshuan-khak,川殼
tshuan-kiong,川芎
tshuan-koo,村姑
tshuan-lí,村里
tshuan-lo̍k,村落
tshuan-phàu-tông,川泡桐
tshuan-sik,詮釋
tshuan-sū-pōo,銓敘部
tshuan-tiúnn,村長
tshuan-tn̂g,川堂
tshuan-tn̂g,穿堂
tsho-bī,臊味
tsho-tshài,臊菜
tshue,吹
tshue,炊
tshue,初
tshué,髓
tshuê,摧
tshuê,箠
tshuê-á,箠仔
tshuē,tshuē
tshuē,揣
tshuē-tshut,tshuē出
tshuē-tsia̍h,找食
tshuē-tsînn,找錢
tshuē-khang-phāng,找空縫
tshuē-mâ-huân,找麻煩
tshuē-sí-lōo,找死路
tshuē-thâu-lōo,找頭路
tshuē-tio̍h,tshuē著
tshuē--tio̍h,tshuē著
tshueh,chhoeh
tshue-hiòng,吹向
tshueh-khuì,chhoeh氣
tshue-hong,吹風
tshueh-sim,慼心
tshue-it,初一
tshue-káu-lê,吹狗螺
tshue--khí-lâi,吹起來
tshue-kóng,吹管
tshue-ku,炊龜
tshue-liâng,吹涼
tshue-lōo,炊路
tshue-nuī,炊卵
tshue-phoo,炊鋪
tshue-sn̂g,炊床
tshue-ta,吹凋
tshue-táu,炊斗
tshoh,肏
tsho-hīng,操行
tshoh-kàn-kiāu,肏姦撟
tshoh-kàn-suān,肏姦訕
tshok,簇
tshok,戳
tsho̍k,tsho̍k
tsho̍k-kì,戳記
tshok-kíng,觸景
tshóng-tshing-tshó,創清楚
tshòng,創
tshòng-bô-hó,創無好
tshòng-tshù,創厝
tshòng-tshut,創出
tshòng-tsō,創造
tshòng-tsō-tshut,創造出
tshòng-tsō-li̍k,創造力
tshòng-tsok,創作
tshòng-gia̍p,創業
tshòng-gōng,創戇
tshòng-hā,創下
tshòng-ì,創意
tshòng-kíng,創景
tshòng-kíng--lâng,創景人
tshòng-khan,創刊
tshòng-khang,創空
tshòng-kí,創舉
tshòng-kiàn,創建
tshòng-kio̍k,創局
tshòng-lah-sap,創垃圾
tshòng-li̍p,創立
tshòng-pān,創辦
tshòng-pháinn,創歹
tshòng-sí-jîn,創始人
tshòng-siánn,創啥
tshòng-siánn-mih,創啥乜
tshòng-siánn-mi̍h,創啥物
tshòng-siat,創設
tshòng-sin,創新
tshòng-siong,創傷
tshòng-sńg-ê,創耍個
tshòng-tī,創治
tshong-bîng,聰明
tshong-bín,聰敏
tshong-tshiok,匆促
tshong-tshiok,倉促
tshong-tsu̍t,蒼朮
tshong-khiat,倉頡
tshong-ní,蒼耳
tshong-pōng,倉碰
tshong-pōng,倉磅
tshong-sing,蒼生
tshong-song,滄桑
tsho̍p-tsho̍p-tih,涉涉滴
tsho̍p-tsho̍p-tin,涉涉津
tshop-ìn-á,戳印仔
tshoo,初
tshoo,粗
tshòo,醋
tshòo-àng,醋甕
tshòo-pn̄g-khoo,醋飯箍
tshòo-si,措施
tshòo-sîn,醋神
tshòo-sû,措詞
tshòo-tháng,醋桶
tshoo-bí-pn̄g,粗米飯
tshoo-tshài,粗菜
tshoo-tshân,粗殘
tshoo-tshīng,粗穿
tshoo-tshì,初試
tshoo-tshiâng,粗長
tshoo-tshoo,初初
tshoo-tshuì,粗嘴
tshoo-tsiong,初衷
tshoo-tsò-lâng,粗做人
tshoo-tsuá,粗紙
tshoo-tsuá-pang,粗紙枋
tshoo-tsoh,粗作
tshoo-hà,粗孝
tshoo-ha̍k-tsiá,初學者
tshoo-huān,初犯
tshoo-hue,粗花
tshoo-huè,粗貨
tshoo-hôo,粗糊
tshoo-hu,粗夫
tshoo-huî,粗瓷
tshoo-iâm,粗鹽
tshoo-ióng,粗勇
tshoo-iù,粗幼
tshoo-kang,粗工
tshoo-ke-si,粗傢俬
tshoo-kha,粗腳
tshoo-khang-khuè,粗空課
tshoo-khng,粗糠
tshoo-khng-á,粗糠仔
tshoo-khng-tshâ,粗糠柴
tshoo-khng-hīnn,粗糠耳
tshoo-khng-hue,粗糠花
tshoo-khng-khak,粗糠殼
tshoo-khng-thuah,粗糠獺
tshoo-kî,初期
tshoo-kip,初級
tshoo-kó,初稿
tshoo-kut,粗骨
tshoo-lân,粗鱗
tshoo-lâng,粗人
tshoo-luân,初戀
tshoo-lóo,粗魯
tshoo-pá,粗飽
tshoo-pê-pê,粗耙耙
tshoo-pênn-ti̍t,粗平直
tshoo-phe,粗坯
tshoo-phue,粗坯
tshoo-phue,粗胚
tshoo-phuê,初皮
tshoo-phuê-liú,粗皮柳
tshoo-phuê-ti̍k,粗皮擇
tshoo-pō,粗暴
tshoo-pòo-sann,粗布衫
tshoo-pōo,初步
tshoo-pūn,粗笨
tshoo-sài,初賽
tshoo-si,粗絲
tshoo-sî,初時
tshoo-siap,粗澀
tshoo-sim,粗心
tshoo-sím,初審
tshoo-sio̍k,粗俗
tshoo-sio̍k-huè,粗俗貨
tshoo-sio̍k-mi̍h,粗俗物
tshoo-sit,粗穡
tshoo-suán,初選
tshoo-soh,粗索
tshoo-sûn,初旬
tshoo-tāng,粗重
tshoo-tháng,粗桶
tshoo-tiong,初中
tshu,蛆
tshu,舒
tshu,樞
tshu,趨
tshú,取
tshú-āu,此後
tshú-tsâi,取材
tshú-tsāi,處在
tshú-tsê,取齊
tshú-tshut,取出
tshú-tsiat,取折
tshú-tsiat,處折
tshú-tsū,取自
tshú-guā,此外
tshú-hîng,處刑
tshú-hiông-gán,雌雄眼
tshú-hng,處方
tshú-hô,取和
tshú-hô,處和
tshú-hua̍t,處罰
tshú-huê,取回
tshú-hun,處分
tshú-î,處於
tshú-iōng,取用
tshú-iūnn,取樣
tshú-kíng,處境
tshú-khuán,取款
tshú-kuat,取決
tshú-kuat,處決
tshú-lí,處理
tshú-lí-khì,處理器
tshú-lí-ki,處理機
tshú-lí-tē,處女地
tshú-miâ,取名
tshú-sè,處世
tshú-sìng,取勝
tshú-sí,處死
tshú-siá,取捨
tshú-siau,取消
tshú-sū,處事
tshú-tāi,取代
tshú-tè,取締
tshú-tē,取締
tshú-tì,處置
tshú-tiong-pān,取中範
tshú-tit,取得
tshú-ti̍t,取直
tshú-tō,取道
tshù,次
tshù,厝
tshù,處
tshù,覷
tshù-báng,覷懵
tshù-bī,趣味
tshù-bī-sìng,趣味性
tshù-bûn,趣聞
tshù-tshíng,覷睛
tshù-tsiáu-á,厝鳥仔
tshù-tsit,厝脊
tshù-tsoo,厝租
tshù-tsú,次子
tshù-tsú,厝主
tshù-gia̍p,厝業
tshù-hiā,厝瓦
tshù-hua̍t,處罰
tshù-iàu,次要
tshù-ji̍t,次日
tshù-kak,厝角
tshù-kak-tsiáu,厝角鳥
tshù-kè,厝架
tshù-kè,厝價
tshù-king,厝間
tshù-kha,厝腳
tshù-kha-á,厝腳仔
tshù-khak,厝殼
tshù-khè,厝契
tshù-khiā,厝徛
tshù-kip,次級
tshù-kuà,厝蓋
tshù-lāi,厝內
tshù-lāi-lâng,厝內人
tshù-lâm,次男
tshù-lí,次女
tshù-lí,處女
tshù-lōo-huè,次路貨
tshù-lú,處女
tshù-nî,次年
tshù-pinn,厝邊
tshù-pinn-kan,厝邊間
tshù-pinn-tau,厝邊兜
tshù-suè,厝稅
tshù-sú,處暑
tshù-sū,次序
tshù-sū,趣事
tshù-tē,次第
tshù-tē,厝地
tshù-tíng,次等
tshù-tíng,厝頂
tshù-thâu-ke,厝頭家
tshù-the̍h,厝宅
tshù-tì,處置
tshù-tī,處治
tshù-tiān,厝佃
tshù-tiúnn,次長
tshù-tiúnn,處長
tshū,tshū
tshū-tshenn,炷星
tshū-kǹg,淬鋼
tshū-té,tshū底
tshū-thih,炷鐵
tshū-tiong-iânn,泚中營
tshu-bī,趨媚
tshu-tshu-á,趨趨仔
tshu-tsuí,趨水
tshuh,chhuh
tshuh-ba̍k,覷目
tshuh-báng,覷懵
tshu-hiòng,趨向
tshui,崔
tshui,推
tshui,催
tshuì,碎
tshuì,翠
tshuì,嘴
tshuì-am,嘴掩
tshuì-ān,嘴限
tshuì-bah,碎肉
tshuì-ba̍k-phīnn,嘴目鼻
tshuì-ba̍t,嘴密
tshuì-bīn,嘴面
tshuì-bué,嘴尾
tshuì-tshap-tshíng,碎插筅
tshuì-tshàu,嘴臭
tshuì-tshìn,嘴凊
tshuì-tshio,嘴峭
tshuì-tshio,嘴鶺
tshuì-tshiu,嘴鬚
tshuì-tshiu-thn̂g,嘴鬚糖
tshuì-tsia̍h-kín,嘴食緊
tshuì-tsia̍h-mi̍h,嘴食物
tshuì-tsiánn,嘴汫
tshuì-tsiánn-tsiánn,嘴汫汫
tshuì-tsi̍h,嘴舌
tshuì-tsi̍h-bué,嘴舌尾
tshuì-tsi̍h-kin,嘴舌根
tshuì-tsi̍h-thâu,嘴舌頭
tshuì-tsio̍h,碎石
tshuì-tsuânn,嘴殘
tshuì-tsuí,嘴水
tshuì-ē-ham,嘴下頷
tshuì-ē-huâi,嘴下頦
tshuì-ē-táu,嘴下斗
tshuì-i̍k,嘴譯
tshuì-gi̍k,翠玉
tshuì-gím,嘴錦
tshuì-hue,嘴花
tshuì-hue-lāi,嘴花利
tshuì-hoo,嘴呼
tshuì-iâm-iâm,碎鹽鹽
tshuì-ia̍p-ia̍p,碎葉葉
tshuì-ín,嘴應
tshuì-iok,嘴約
tshuì-iûnn-iûnn,碎溶溶
tshuì-kak,嘴角
tshuì-kang,碎工
tshuì-khang,嘴空
tshuì-khang,嘴腔
tshuì-kháu,嘴口
tshuì-kháu-guān,嘴口願
tshuì-kháu-uē,嘴口話
tshuì-kháu-tiānn,嘴口定
tshuì-khí,嘴齒
tshuì-khí-tshìn,嘴起凊
tshuì-khí-huānn,嘴齒岸
tshuì-khí-jîn,嘴齒齦
tshuì-khí-kha,嘴齒腳
tshuì-khí-kin,嘴齒根
tshuì-khí-phāng,嘴齒縫
tshuì-khí-siûnn,嘴齒瘍
tshuì-khí-thâu,嘴齒頭
tshuì-khîm,嘴琴
tshuì-khuài,嘴快
tshuì-khóo,嘴苦
tshuì-kiāng,嘴強
tshuì-kín,嘴緊
tshuì-kóng,嘴講
tshuì-kôo-kôo,碎糊糊
tshuì-ku̍t,嘴滑
tshuì-lia̍t,碎裂
tshuì-lōo,嘴路
tshuì-ngē,嘴硬
tshuì-nuā,嘴瀾
tshuì-nuā-tsuí,嘴瀾水
tshuì-pàng-līng,嘴放冗
tshuì-pe̍h,嘴白
tshuì-phīnn,嘴鼻
tshuì-pho,嘴麩
tshuì-phué,嘴phué
tshuì-phué-bah,嘴phué肉
tshuì-phué-kuai,嘴phué-koai
tshuì-phué-kut,嘴phué骨
tshuì-phué-sai,嘴phué腮
tshuì-phuè-á,碎phuè仔
tshuì-phoh-phoh,嘴粕粕
tshuì-pinn,嘴邊
tshuì-pínn,嘴扁
tshuì-sai,嘴腮
tshuì-sâi,嘴饞
tshuì-sap-sap,碎屑屑
tshuì-siànn,嘴聖
tshuì-suí,嘴水
tshuì-ta,嘴ta
tshuì-tà,嘴罩
tshuì-ta̍h-thut,嘴踏脫
tshuì-tak-tsi̍h,嘴觸舌
tshuì-táu,嘴斗
tshuì-tinn,嘴甜
tshuì-tun,嘴鈍
tshuì-tûn,嘴唇
tshuì-tûn-tsu,嘴唇珠
tshuì-tûn-phuê,嘴唇皮
tshuì-uì,嘴飫
tshu-î,趨於
tshui-ân,崔ân
tshui-bîn,催眠
tshui-tshân,摧殘
tshui-tshik,推測
tshui-tshian,催千
tshui-tshiâu,推tshiâu
tshui-tshiok,推促
tshui-tshiok,催促
tshui-tsiàn,推薦
tshui-tsūn,催陣
tshui-huà,催化
tshui-huí,摧毀
tshui-iû,催油
tshui-kò,催告
tshui-lí,推理
tshui-lūn,推論
tshui-sí,催死
tshui-sí,摧死
tshui-siau,推銷
tshui-sǹg,推算
tshui-sū,推事
tshui-tīng,推定
tshu-khì,趨去
tshu-ki,樞機
tshu-kiā,趨崎
tshu-kīn,趨近
tshu-liú,樞紐
tshu-liu-lông,趨溜籠
tshun,伸
tshun,春
tshun,偆
tshun,剩
tshún-pūn,蠢笨
tshùn,寸
tshùn,吋
tshùn-tshioh,寸尺
tshùn-tsó,寸棗
tshùn-kim-á,寸金仔
tshùn-pe̍h-thâng,寸白蟲
tshùn-pōo,寸步
tshûn,tshûn
tshûn,存
tshûn-pháinn-sim,存歹心
tshûn-āu,存後
tshûn-āu-pōo,存後步
tshûn-tsînn,存錢
tshûn-khǹg,存khǹg
tshûn-miā,存命
tshûn-pān,存辦
tshûn-pān-sí,存辦死
tshûn-sai-khia,存私傢
tshûn-senn-sí,存生死
tshûn-sí,存死
tshûn-sim,存心
tshûn-sim-tāng,存心重
tshûn-thian-liâng,存天良
tshūn-sí,tshūn死
tshun-á-hue,春仔花
tshun-bué,春尾
tshun-tshài,春菜
tshun-tshiu,春秋
tshun-tshiú,伸手
tshun-tsí,春子
tshun-tsînn,偆錢
tshun-tsú,春子
tshun-ê,伸的
tshun-gia̍h,偆額
tshun-hî,鰆魚
tshun-huâ,春華
tshun-hue,春花
tshun-hong,春方
tshun-hong,春風
tshun-hui,春暉
tshun-hun,春分
tshun-im,春陰
tshun-ji̍p,伸入
tshun-ji̍t,春日
tshun-ká,春假
tshun-king,春耕
tshun-kha,伸腳
tshun-kin-tsháu,伸筋草
tshun-kin-tîn,伸筋藤
tshun-kiong,春宮
tshun-kiu,伸勼
tshun-kuì,春季
tshun-lân,春蘭
tshun-liân,春聯
tshun-lûn,伸lûn
tshun-lûn,伸圇
tshun-muî,春梅
tshun-uā,春畫
tshun-piánn,春餅
tshun-pn̄g,春飯
tshun-pn̄g,偆飯
tshun-put-ló,春不老
tshun-siau,春宵
tshun-sim-tāng,春心動
tshun-sìn,春訊
tshun-thâu,伸頭
tshun-thâu,春頭
tshun-thâu-siam,伸頭瞻
tshun-thinn,春天
tshun-tián,伸展
tshun-tn̂g,伸長
tshun-tn̂g-tshiú,伸長手
tshun-ûn,伸勻
tshu-ping,趨冰
tshu-pho,趨坡
tshu-phuē,舒被
tshu-seh,趨雪
tshu-sì,趨勢
tshu-sōng,趨蹌
tshut,出
tshut,齣
tshut-bé,出馬
tshut-bē,出賣
tshut-bīn,出面
tshut-bué,出尾
tshut-bu̍t,出沒
tshut-tsāi,出在
tshut-tsāi-guá,出在我
tshut-tsāi-i,出在伊
tshut-tsāi-lâng,出在人
tshut-tsāi-lí,出在你
tshut-tsik,出蹟
tshut-tsing,出征
tshut-tsìng,出眾
tshut-tshai,出差
tshut-tshài,出菜
tshut-tshenn,出青
tshut-tshiánn,出請
tshut-tshiau,出超
tshut-tshiò-uē,出笑話
tshut-tshiú,出手
tshut-tshiú,出醜
tshut-tshiúnn,出廠
tshut-tshò,出錯
tshut-tshue,出炊
tshut-tshú,出取
tshut-tshù,出處
tshut-tshuì,出嘴
tshut-tshun,出伸
tshut-tsiann,出正
tshut-tsiàn,出戰
tshut-tsiáng,出掌
tshut-tsiau,出招
tshut-tsín,出疹
tshut-tsînn,出錢
tshut-tsio,出招
tshut-tsioh,出借
tshut-tsiòng,出眾
tshut-tsiú,出酒
tshut-tsuē,出罪
tshut-tsòng,出葬
tshut-tsoo,出租
tshut-tsu,出珠
tshut-tsu,出資
tshut-tsú-ì,出主意
tshut-tsū,出自
tshut-tsuí,出水
tshut-tsuí-tsu,出水珠
tshu-té,舒底
tshut-eh,出厄
tshut-ga̍k,出獄
tshut-gê,出芽
tshut-gia̍h,出額
tshut-gia̍p,出業
tshut-guā,出外
tshut-guā-iûnn,出外洋
tshut-guā-kíng,出外景
tshut-guā-lâng,出外人
tshut-gue̍h,出月
tshut-hái,出海
tshu-thán-á,舒毯仔
tshu-thâng,蛆蟲
tshut-hiān,出現
tshut-huat,出發
tshut-huat-tiám,出發點
tshut-hué,出火
tshut-hué-tshenn,出火星
tshut-huè,出貨
tshut-hueh,出血
tshut-hông-kháu,出磺口
tshut-hong-thâu,出風頭
tshut-hûn,出痕
tshut-î,出於
tshut-ian,出煙
tshut-ián,出演
tshut-īnn,出院
tshut-iû,出遊
tshut-iûnn,出洋
tshut-jīm,出任
tshut-ji̍p,出入
tshut-ji̍p-kíng,出入境
tshut-ji̍p-kháu,出入口
tshut-ji̍t,出日
tshut-káng,出港
tshut-ke,出家
tshut-kè,出嫁
tshut-kè,出價
tshut-kè-tì,出計智
tshut-kik,出擊
tshut-ke-lâng,出家人
tshut-kíng,出境
tshut-kha-tshiú,出腳手
tshut-khang-thâu,出空頭
tshut-kháu,出口
tshut-kháu-siong,出口商
tshut-khīng,出虹
tshut-khì,出去
tshut-khîn,出勤
tshut-khuat,出缺
tshut-khueh,出缺
tshut-khuì,出氣
tshut-kî,出奇
tshut-kioh,出腳
tshut-kio̍k,出局
tshut-kng,出光
tshut-kuānn,出汗
tshut-kok,出國
tshut-kui,出閨
tshut-kuí,出軌
tshut-kuí,出鬼
tshut-kuì,出貴
tshut-kut,出骨
tshut-lâi,出來
tshut-lam,出籠
tshut-lâng-tsiân,出人前
tshut-la̍p,出納
tshut-la̍p-uân,出納員
tshut-la̍t,出力
tshut-lôo,出爐
tshut-lōo,出路
tshut-miâ,出名
tshut-miâ-lâng,出名人
tshut-mn̂g,出門
tshut-mn̂g-lâng,出門人
tshut-muâ,出麻
tshut-muâ-á,出痲仔
tshu-tó,趨倒
tshut-pán,出版
tshut-pán-gia̍p,出版業
tshut-pán-siā,出版社
tshut-pán-siong,出版商
tshut-pān,出範
tshut-pênn-tsē,出平儕
tshut-ping,出兵
tshut-phâng,出帆
tshut-phâng,出篷
tshut-phín,出品
tshut-phuà,出破
tshut-pìn,出殯
tshut-put-tsīn,出不盡
tshut-put-sán,出不產
tshut-sai,出師
tshut-sài,出賽
tshut-san,出山
tshut-sán,出產
tshut-sè,出世
tshut-sik,出色
tshut-si̍k,出席
tshut-senn,出生
tshut-sīng,出剩
tshut-sì,出世
tshut-sì-miā,出世命
tshut-sī,出示
tshut-sia,出賒
tshut-siann,出聲
tshut-sin,出身
tshut-sîn,出神
tshut-sīn,出剩
tshut-sin-miā,出身命
tshut-siu,出收
tshut-siù,出首
tshut-siû,出售
tshut-siúnn-keh,出賞格
tshut-sn̂g,出床
tshut-suann,出山
tshut-sông,出傖
tshut-su,出書
tshut-sū,出事
tshut-suī,出穗
tshut-sûn,出巡
tshut-tâi,出台
tshut-tāi-tsì,出代誌
tshut-tê,出題
tshut-ting,出丁
tshut-tîng,出庭
tshut-thâu,出頭
tshut-thâu,齣頭
tshut-thâu-thinn,出頭天
tshut-thian,出天
tshut-thio,出挑
tshut-thuat,出脫
tshut-thóo,出土
tshut-tī,出tī
tshut-tīn,出陣
tshut-tioh,出挓
tshut-tioh,出擢
tshut-tiòng,出脹
tshut-tiunn,出張
tshut-tiûnn,出場
tshut-tō,出道
tshut-tuā-la̍t,出大力
tshut-tōng,出動
tshut-ūn,出運
tsi,chi
tsí,tsí
tsí,子
tsí,止
tsí,只
tsí,旨
tsí,姊
tsí,指
tsí,籽
tsí,煮
tsí,紫
tsí,酯
tsí-á,子仔
tsí-ap,指壓
tsí-bē,姊妹
tsí-bē-tshī,姊妹市
tsí-beh,只欲
tsí-beh-sī,只欲是
tsí-bîng,指明
tsí-bî,紫薇
tsí-bî-tshenn,紫微星
tsí-bôo,指模
tsí-bûn,指紋
tsí-tsik,指責
tsí-tsìng,指正
tsí-tsìng,指證
tsí-tshài,煮菜
tsí-tshài,紫菜
tsí-tshing,指稱
tsí-tshuì-ta,止嘴凋
tsí-tshuì-ta,止嘴乾
tsí-tshut,指出
tsí-tsia̍h,煮食
tsí-tsiam,指尖
tsí-tsiam,指針
tsí-tsuí,止水
tsí-gím-tsháu,紫錦草
tsí-guā-suànn,紫外線
tsí-hiann,姊兄
tsí-hiòng,指向
tsí-hó,只好
tsí-hó,祇好
tsí-hō,指號
tsí-hueh,止血
tsí-hông,脂肪
tsí-hu,姊夫
tsí-hui,指揮
tsí-hui-ka,指揮家
tsí-hui-kuann,指揮官
tsí-hui-pōo,指揮部
tsí-hûn,指痕
tsí-hûn,紫雲
tsí-ì,旨意
tsí-iau,止iau
tsí-iàu,只要
tsí-iàu,祇要
tsí-ín,指引
tsí-iông-hue,紫陽花
tsí-iú,祇有
tsí-kàu,指教
tsí-king,紫荊
tsí-kíng,止境
tsí-khak,枳殼
tsí-khat,止渴
tsí-khuah,止渴
tsí-khòng,指控
tsí-ki,止飢
tsí-kiàn,只見
tsí-kuán,只管
tsí-kóng,指講
tsí-kún,煮滾
tsí-lâm,指南
tsí-līng,指令
tsí-lô-lân,紫羅蘭
tsí-miâ,指名
tsí-muāi,姊妹
tsí-nî-tsî,止尼薯
tsí-oo-thâu,紫烏頭
tsí-phiau,指標
tsí-piau,指標
tsí-pn̄g,煮飯
tsí-pn̄g-á,煮飯仔
tsí-pn̄g-hue,煮飯花
tsí-puè,紫貝
tsí-sam,紫杉
tsí-sik,紫色
tsí-sī,只是
tsí-sī,指示
tsí-siū-tuà,紫綬帶
tsí-sua,紫痧
tsí-soo,紫蘇
tsí-sòo,指數
tsí-sú,指使
tsí-tik,只得
tsí-tik,指摘
tsí-tik,紫竹
tsí-tīng,指定
tsí-thiànn,止痛
tsí-thiànn-io̍h,止痛藥
tsí-thian-tsio,指天椒
tsí-tiám,指點
tsí-tiâu,止tiâu
tsí-tîn,指陳
tsí-tîn,紫藤
tsí-tit,只得
tsí-tō,指導
tsí-tō-uân,指導員
tsí-tuânn,紫檀
tsí-ū,只有
tsí-uî,指為
tsì,至
tsì,志
tsì-tsāi,志在
tsì-tsē,至濟
tsì-tshù,志趣
tsì-tsió,至少
tsì-tsun,至尊
tsì-gia̍p,志業
tsì-guān,志願
tsì-hiòng,志向
tsì-î,至於
tsì-ki̍k,至極
tsì-khì,志氣
tsì-ko,至高
tsì-pak-ê,至腹個
tsì-sîng,至誠
tsì-sîng,志成
tsì-siān,至善
tsì-siāng,至上
tsì-sū,志士
tsì-tik,至德
tsì-tī,懫治
tsì-to,至多
tsì-tuā,至大
tsî-muâ,薯鰻
tsî-nn̂g,薯榔
tsî-nn̂g-tîn,薯榔藤
tsî-táu,薯斗
tsî-tāu,薯豆
tsī,舐
tsī-sî,巳時
tsia,遮
tsiá,姐
tsiá,者
tsiá-bó,姊母
tsià,tsià
tsià,蔗
tsià-tshiú,藉手
tsià-giân,藉言
tsià-hn̂g,蔗園
tsià-kháu,藉口
tsià-ki,藉機
tsià-koo,鷓鴣
tsià-kòo,藉故
tsià-koo-tshài,鷓鴣菜
tsià-ku,蔗龜
tsià-uē,藉話
tsià-phoh,蔗粕
tsià-phōo,蔗
tsià-sû,藉詞
tsià-thn̂g,蔗糖
tsià-tio̍h,藉著
tsiâ,孰
tsiâ,誰
tsiâ,遮
tsia-ê,遮的
tsia-ê,遮個
tsia--ê,chia--ê
tsiah,chiah
tsiah,才
tsiah,即
tsiah,脊
tsiah,隻
tsia̍h,食
tsia̍h-âng,食紅
tsia̍h-ba̍k,食目
tsia̍h-ba̍k-tsiu,食目睭
tsia̍h-báu-miâ,食卯名
tsia̍h-bē-ha̍h,食buē合
tsia̍h-bē-kuàn,食bē慣
tsia̍h-bē-siau,食bē消
tsia̍h-bí,食米
tsia̍h-bî-sī,食唯是
tsia̍h-bi̍t-àng,食蜜甕
tsia̍h-bó-pún,食母本
tsia̍h-bô-tshing,食無清
tsia̍h-bô-thîng,食無停
tsia̍h-bô-tio̍h,食無著
tsia̍h-tsai,食齋
tsia̍h-tsik,食積
tsia̍h-tshài,食菜
tsia̍h-tshài-kàu,食菜教
tsia̍h-tsháu,吃草
tsia̍h-tshenn,食鮮
tsia̍h-tshīng,食穿
tsia̍h-tshīng-īng,食穿用
tsia̍h-tshenn-kha,食生腳
tsia̍h-tshī,食市
tsia̍h-tshim-tsuí,食深水
tsia̍h-tshìn-thâu,食秤頭
tsia̍h-tsho,食臊
tsia̍h-tshòo,食醋
tsia̍h-tshoo-pá,食粗飽
tsia̍h-tsì,食志
tsia̍h-tsia̍h,食食
tsia̍h-tsînn,食錢
tsia̍h-tsînn-kuann,食錢官
tsia̍h-tsiú,食酒
tsia̍h-tsiú-tsuì,食酒醉
tsia̍h-tsiunn,食漿
tsia̍h-tsuē,食罪
tsia̍h-tsuí,食水
tsia̍h-ē-ha̍h,食會合
tsia̍h-ē-siau,食會消
tsia̍h-îng-bí,食閒米
tsia̍h-îng-pn̄g,食閒飯
tsia̍h-gia̍h,食額
tsia̍h-gue̍h,食月
tsia̍h-gōng-á,食戇仔
tsia̍h-hánn-thâu,食哄頭
tsia̍h-hìng,食興
tsia̍h-huē,食會
tsia̍h-hok,食福
tsia̍h-hong,食風
tsia̍h-hun,食熏
tsia̍h-hun,食薰
tsia̍h-io̍h,食藥
tsia̍h-io̍h-á,食藥仔
tsia̍h-iû,食油
tsia̍h-jī,食餌
tsia̍h-jīn,食認
tsia̍h-ji̍t,食日
tsia̍h-ka,食膠
tsia̍h-ka-kī,食家己
tsia̍h-kang,食工
tsia̍h-kàu,食到
tsia̍h-kàu,食教
tsia̍h-kàu-kàu,食夠夠
tsia̍h-kè,食價
tsia̍h-ke-thuí,食雞腿
tsia̍h-kheh,食客
tsia̍h--khí-lâi,吃起來
tsia̍h-khì,食氣
tsia̍h-khiā,食khiā
tsia̍h-khóo,食苦
tsia̍h-khui,食虧
tsia̍h-khuì,食氣
tsia̍h-khùn,食睏
tsia̍h-kiann,食驚
tsia̍h-kim-tsuí,食金水
tsia̍h-kin,食根
tsia̍h-kinn,食羹
tsia̍h-kín-ké,食緊粿
tsia̍h-kín-kué,食緊粿
tsia̍h-kuann-si,食官司
tsia̍h-kuè-kuè,食過過
tsia̍h-lân-san,食零星
tsia̍h-lâng-tshenn,食人生
tsia̍h-lâng-gōng,食人戇
tsia̍h-la̍t,食力
tsia̍h-lāu-pún,食老本
tsia̍h-ling-miâ,食奶名
tsia̍h-liāng,食量
tsia̍h-lo̍h,食落
tsia̍h-lo̍k,食祿
tsia̍h-lōo,食路
tsia̍h-miâ,食名
tsia̍h-miâ-siann,食名聲
tsia̍h-miā,食命
tsia̍h-mi̍h,食物
tsia̍h-moo,食毛
tsia̍h-ngē-phiah,食硬癖
tsia̍h-ngē-phìnn,食硬片
tsia̍h-ngē-phīnn,食硬鼻
tsia̍h-niû,食糧
tsia̍h-uân,吃完
tsia̍h-uē,食話
tsia̍h-pá,食飽
tsia̍h-phang,食芳
tsia̍h-phang-ing,食蜂鷹
tsia̍h-phiah,食癖
tsia̍h-phòng-ku,食膨龜
tsia̍h-phòng-piánn,食膨餅
tsia̍h-piān-sái,食便屎
tsia̍h-pit-bué,食筆尾
tsia̍h-pn̄g,食飯
tsia̍h-pn̄g-huē,食飯會
tsia̍h-pn̄g-thiann,食飯廳
tsia̍h-pn̄g-toh,食飯桌
tsia̍h-pua̍h-thit,食博thit
tsia̍h-póo,食補
tsia̍h-puî,食肥
tsia̍h-pún,食本
tsia̍h-sik,食色
tsia̍h-sí,食死
tsia̍h-sí-bí,食死米
tsia̍h-sí-tsînn,食死錢
tsia̍h-sí-pn̄g,食死飯
tsia̍h-sí-sí,食死死
tsia̍h-sì,食勢
tsia̍h-sì-siù,食四秀
tsia̍h-siann,食聲
tsia̍h-siàng,食相
tsia̍h-si̍t,食食
tsia̍h-siunn-pá,食傷飽
tsia̍h-suann,食山
tsia̍h-sue,食衰
tsia̍h-sòng-phàn,食宋盼
tsia̍h-sông,食倯
tsia̍h-sông,食傖
tsia̍h-sòo,食素
tsia̍h-tām-sám,食啖糝
tsia̍h-tann,食擔
tsia̍h-tāng-huè,食重貨
tsia̍h-tāng-kiâm,食重鹹
tsia̍h-tàu,食晝
tsia̍h-tāu-hū,食豆腐
tsia̍h-tê,食茶
tsia̍h-tê,食題
tsia̍h-thâu-lōo,食頭路
tsia̍h-thau-lâng,食偷人
tsia̍h-thian-liâng,食天良
tsia̍h-thinn-lōo,食天路
tsia̍h-tiānn,食定
tsia̍h-tiâu-leh,食椆leh
tsia̍h-tiò,食釣
tsia̍h--tio̍h,吃著
tsia̍h-tio̍h-kenn,食著羹
tsia̍h-tio̍h-kinn,食著羹
tsia̍h-tio̍h-tinn,食著甜
tsia̍h-tiong-tàu,食中晝
tsia̍h-tn̂g-tshài,食長菜
tsia̍h-tuà,食帶
tsia̍h-tuā-tsháu,食大草
tsia̍h-tuā-kong,食大公
tsia̍h-toh,食桌
tsia̍h-uì,食飫
tsiah-bē,才bē
tsiah-tsiah,才才
tsiah-ê,chiah-ê
tsiah-ê,即個
tsiah-ē-sái,才會使
tsiah-koh-kóng,才閣講
tsiah-kú-á,chiah久仔
tsiah-lâi,才來
tsiah-mî,雀盲
tsiah-ní,即呢
tsiah-nih,即呢
tsiah-sû,借詞
tsia-lia,遮遮
tsiam,占
tsiam,尖
tsiam,針
tsiam,詹
tsiam,瞻
tsiàm,佔
tsiàm-bué-miâ,佔尾名
tsiàm-hong-thâu,佔風頭
tsiàm-iânn,佔贏
tsiàm-iōng,佔用
tsiàm-iú,佔有
tsiàm-khì,佔去
tsiàm-khuân,佔權
tsiàm-khuân,僭權
tsiàm-khui,佔開
tsiàm-khui,僭開
tsiàm-kì,佔據
tsiàm-líng,佔領
tsiàm-niá,佔領
tsiàm-niá-khu,佔領區
tsiàm-uē,僭話
tsiàm-siāng-hong,佔上風
tsiàm-suah,占煞
tsiàm-suah,僭煞
tsiàm-tāi-sing,佔代先
tsiàm-tē,佔地
tsiàm-thâu-tsîng,佔頭前
tsiàm-thâu-khám,佔頭坎
tsiàm-thâu-miâ,佔頭名
tsiàm-thiāu,佔柱
tsiàm--tio̍h,佔著
tsiàm-tuā,佔大
tsiàm-tuā,僭大
tsiàm-tuā-thâu,佔大頭
tsiàm-uī,佔位
tsiàm-uī,僭位
tsiàm-ún,佔穩
tsiâm-tsāi,潛在
tsiâm-tsuí,潛水
tsiâm-tsuí-lām,潛水艦
tsiâm-tsuí-thíng,潛水艇
tsiâm-hok,潛伏
tsiâm-li̍k,潛力
tsiâm-lîng,潛能
tsiâm-tūn,潛遁
tsiām,暫
tsiām-tsīng,漸增
tsiām-tshiánn,暫且
tsiām-tsiām,漸漸
tsiām-tsìn,漸進
tsiām-hîng,暫行
tsiām-khuân,暫權
tsiām-kīn,漸近
tsiām-uān,暫緩
tsiām-sî,暫時
tsiām-sî-sìng,暫時性
tsiām-tāi,暫代
tsiām-tīng,暫定
tsiām-thîng,暫停
tsiām-tuà,暫tuà
tsiām-tōo,暫度
tsiam-á,尖仔
tsiam-á-bí,占仔米
tsiam-á-bí,尖仔米
tsiam-á-tshik,占仔粟
tsiam-bué,尖尾
tsiam-bué-á,尖尾仔
tsiam-bué-hong,尖尾風
tsiam-bué-hōng,尖尾鳳
tsiam-bué-to,尖尾刀
tsiam-tsáinn,針指
tsiam-tsāu,占找
tsiam-tshí,尖鼠
tsiam-tshì,針刺
tsiam-tshia,針車
tsiam-tshuì,尖嘴
tsiam-tshuì-á,尖嘴仔
tsiam-tshuì-tsio,尖嘴椒
tsiam-tshuì-ê,尖嘴個
tsiam-tshuì-un,尖嘴un
tsiam-tsí,針指
tsiam-tsí,針黹
tsiam-tsiam,尖尖
tsiam-tsīnn,尖tsīnn
tsiam-tsīnn,尖淨
tsiam-tsio̍h,尖石
tsiam-tsit,針織
tsiam-tsǹg,尖鑽
tsiam-tsǹg,針鑽
tsiam-gióng,瞻仰
tsiam-hio̍h-tshiū,針葉樹
tsiam-hong,尖峰
tsiam-io̍h,針藥
tsiam-iù-iù,尖幼幼
tsiam-juē,尖銳
tsiam-kak,尖角
tsiam-kha,針腳
tsiam-kha-iù,針腳幼
tsiam-khang,針孔
tsiam-khang,針空
tsiam-khik,尖刻
tsiam-khí-lâi,尖起來
tsiam-kiò,尖叫
tsiam-kiú,針灸
tsiam-kù,針灸
tsiam-lāi,尖利
tsiam-liám,尖斂
tsiam-pau,針包
tsiam-ping,尖兵
tsiam-phīnn,針鼻
tsiam-suann,尖山
tsiam-suànn,針線
tsiam-suànn-kám,針線kám
tsiam-so-hî,尖梭魚
tsiam-tann,尖擔
tsiam-tâng,針筒
tsiam-thâu,尖頭
tsiam-thâu,針頭
tsiam-thâu-á,尖頭仔
tsiam-to,尖刀
tsiam-tuan,尖端
tsiam-tuì,針對
tsiann,正
tsian,煎
tsiann,精
tsián,tsián
tsiánn,tsiánn
tsiánn,汫
tsián,剪
tsián-á,剪仔
tsián-á,蟫仔
tsián-bî,剪眉
tsián-tshái,剪綵
tsiánn-tshài,汫菜
tsián-tshâi,剪裁
tsiánn-tshuì,tsiánn嘴
tsián-tsiap,剪接
tsián-tsip,剪輯
tsián-tsuá,剪紙
tsián-tsua̍h,蟫蠽
tsiánn-tsuí,tsiánn水
tsiánn-tsuí,汫水
tsián-hîng,餞行
tsián-hî,剪魚
tsián-hî,蟫魚
tsián-jiông,剪絨
tsián-jiông-hue,剪絨花
tsián-kiáu,剪儌
tsián-liú-á,剪紐仔
tsián-lô,剪鑼
tsián--lo̍h-lâi,剪落來
tsiánn-phî-phū,汫皮浡
tsián-phiò,剪票
tsiánn-phun-phun,汫潘潘
tsián-pò,剪報
tsiánn-sik,tsiánn色
tsiánn-sik,汫色
tsián-thâng,剪蟲
tsián-thâng,蟫蟲
tsián-thâu,剪頭
tsiánn-tinn,汫甜
tsiànn,正
tsiàn,戰
tsiànn-âng,正紅
tsiàn-āu,戰後
tsiànn-bīn,正面
tsiànn-bó,正母
tsiànn-bûn,正文
tsiàn-tsik,戰績
tsiàn-tsing,戰爭
tsiàn-tsîng,戰前
tsiànn-tshîng,正榕
tsiàn-tshia,戰車
tsiànn-tshin-tshiūnn,正親像
tsiànn-tshiong,正衝
tsiànn-tshiú,正手
tsiànn-tshiú-pîng,正手爿
tsiànn-tshiú-pîng,正手旁
tsiànn-tshiunn,正鯧
tsiànn-tsí-tuânn,正紫檀
tsiànn-tsiànn,正正
tsiànn-tsiànn-sī,正正是
tsiàn-tsiòng,戰將
tsiànn-tsong,正宗
tsiànn-tsu,正珠
tsiàn-tsûn,戰船
tsiànn-gîn,正銀
tsiànn-hī,正耳
tsiàn-hô,戰壕
tsiànn-hō,正號
tsiànn-hue,正花
tsiàn-hué,戰火
tsiànn-huè,正貨
tsiàn-hóng,戰況
tsiàn-hong-íng,戰風湧
tsiànn-hong-hîng,正方形
tsiàn-hû,戰俘
tsiàn-ia̍h,戰役
tsiànn-im,正音
tsiàn-iú,戰友
tsiànn-jī,正字
tsiàn-jīm,薦任
tsiàn-kah,戰甲
tsiàn-kah-thâng,戰甲蟲
tsiànn-káng,正港
tsiànn-káng-huè,正港貨
tsiànn-kha,正腳
tsiànn-khái,正楷
tsiànn-khí,正齒
tsiàn-khue,戰盔
tsiàn-khu,戰區
tsiànn-ki,正枝
tsiàn-ki,戰機
tsiànn-kī,正忌
tsiànn-kim,正金
tsiàn-kio̍k,戰局
tsiàn-kó,戰果
tsiàn-kóo,戰鼓
tsiàn-lām,戰艦
tsiànn--leh,正leh
tsiàn-li̍k,戰力
tsiàn-lia̍k,戰略
tsiàn-luān,戰亂
tsiànn-lōo,正路
tsiànn-me̍h,正脈
tsiànn-miâ,正名
tsiànn-mn̂g,正門
tsiànn-uan,正彎
tsiànn-uat,正斡
tsiànn-pâi,正牌
tsiànn-pán,正板
tsiànn-pān,正扮
tsiànn-pān,正範
tsiàn-pâu,戰袍
tsiànn-pē,正父
tsiàn-pênn,戰棚
tsiànn-píng,正反
tsiànn-pîng,正爿
tsiànn-pîng,正旁
tsiànn-pha,正拋
tsiàn-pī,戰備
tsiànn-pit,正筆
tsiànn-puânn,正盤
tsiànn-pún,正本
tsiàn-sí,戰死
tsiàn-sî,戰時
tsiànn-sī,正是
tsiànn-siá,正寫
tsiànn-sin,正身
tsiàn-sîn,戰神
tsiàn-suànn,戰線
tsiàn-sú,戰史
tsiàn-sū,戰士
tsiàn-sū,戰事
tsiàn-su̍t,戰術
tsiànn-ta̍t,正值
tsiànn-tāu,正痘
tsiàn-tē,戰地
tsiànn-tē-thóo,正地土
tsiànn-thâu-oo,正頭烏
tsiànn-thé,正體
tsiànn-thiāu,正祧
tsiànn-tī-le,正佇le
tsiànn-tī--leh,正tī--leh
tsiànn-tiān,正殿
tsiànn-tio̍h-sî,正著時
tsiànn-tiong,正中
tsiànn-tiong-ng,正中央
tsiànn-tiong-tàu,正中晝
tsiànn-ti̍t,正直
tsiàn-tiûnn,戰場
tsiànn-tńg,正轉
tsiànn-tǹg,正頓
tsiànn-tò-tshiú,正倒手
tsiànn-tò-kha,正倒腳
tsiànn-tō,正道
tsiànn-tuā,正大
tsiàn-tòo,戰鬥
tsiàn-tòo-ki,戰鬥機
tsiàn-tòo-li̍k,戰鬥力
tsiàn-tòo-uân,戰鬥員
tsiànn-tôo,正途
tsiânn,成
tsiânn,情
tsiânn,誠
tsiânn-bān,成萬
tsiânn-bô,誠無
tsiânn-tsē,誠濟
tsiânn-tshing,成千
tsiânn-tshìng,誠衝
tsiân-tsiam,前瞻
tsiân-tsìn,前進
tsiânn-tsò,成做
tsiân-giân,前言
tsiânn-hîng,成形
tsiânn-hó,誠好
tsiân-hong,前方
tsiân-hong,前鋒
tsiânn-iūnn,成樣
tsiân-kíng,前景
tsiânn-kha-siàu,成腳數
tsiân-kho,前科
tsiânn-khuán,成款
tsiânn-kiánn,成囝
tsiânn-kioh-siàu,成腳數
tsiânn-kò-gue̍h,成個月
tsiânn-kú,誠久
tsiân-lâi,前來
tsiânn-lâng,成人
tsiân-lē,前例
tsiânn-lia̍p-tsí,成粒子
tsiânn-liāu,成料
tsiânn-miā,成命
tsiânn-mi̍h,成物
tsiânn-nî,成年
tsiânn-nuā,誠爛
tsiân-uē,前衛
tsiân-óng,前往
tsiânn-pah,成百
tsiân-puè,前輩
tsiân-sin,前身
tsiânn-si̍t,正實
tsiânn-si̍t,成實
tsiânn-si̍t,誠實
tsiânn-si̍t-ê,誠實的
tsiânn-si̍t-sī,誠實是
tsiân-suànn,前線
tsiân-su̍t,前述
tsiân-tê,前提
tsiânn-thé,成體
tsiân-thê,前提
tsiân-tiāu,前兆
tsiân-tīn,前陣
tsiân-tôo,前途
tsiânn-tui,成堆
tsiān,tsiān
tsiānn,tsiānn
tsiān,賤
tsiān-tsuí,賤水
tsiān-gín-á,賤囡仔
tsiān-kut,賤骨
tsiān-kut-siàng,賤骨相
tsiān-pia̍t,餞別
tsiān-thâng,賤蟲
tsiann-bah,精肉
tsiang,將
tsiáng,獎
tsiáng-ak,掌握
tsiáng-tsì,長志
tsiáng-khuân,掌權
tsiáng-kuán,掌管
tsiáng-kuân,掌權
tsiáng-sim-luî,掌心雷
tsiáng-thâu,掌頭
tsiáng-tiong-hì,掌中戲
tsiáng-tiong-pan,掌中班
tsiàng,將
tsiàng-tsâi,將才
tsiang-á-tsiū,將仔就
tsiang-tsiū,將就
tsiang-kīn,將近
tsiang-kun,將軍
tsiang-lâi,將來
tsiang-lê,漳螺
tsiann--gue̍h,正月
tsiann-gue̍h-puànn,正月半
tsiang-put-jiân,將不然
tsian-ngâu,煎熬
tsian-puânn,煎盤
tsian-sî,煎匙
tsiann-si̍t,正實
tsiap,汁
tsiap,接
tsia̍p,tsia̍p
tsia̍p,捷
tsia̍p,習
tsia̍p-tsia̍p,捷捷
tsia̍p-tsia̍p,習習
tsia̍p-tsia̍p-tshut,捷捷出
tsia̍p-khik,捷克
tsia̍p-khuànn,捷看
tsia̍p-lut-lut,捷甪甪
tsiap-āu-siū,接後岫
tsiap-tsáu,接走
tsiap-tsè,接濟
tsiap-tsìng,接種
tsiap-tshiok,接觸
tsiap-tshiok--tio̍h,接觸著
tsiap-tshuì,接嘴
tsiap-tsiáng,接掌
tsiap-tsōo,接助
tsiap-ê-tshiú,接個手
tsiap-ê-kha,接個腳
tsiap-ìng,接應
tsiap-hâm,接銜
tsiap-ha̍p,接洽
tsiap-hi̍k,接獲
tsiap-hi̍k-bah,接肉肉
tsiap-hia̍p,接洽
tsiap-hong,接風
tsiap-it,接一
tsiap-jīm,接任
tsiap-kha,接腳
tsiap-kha-ê,接腳個
tsiap-kha-lâi,接腳來
tsiap-kheh,接客
tsiap--khí-lâi,接起來
tsiap-khuì,接氣
tsiap-ki,接枝
tsiap-kiàn,接見
tsiap-kīn,接近
tsiap-kuán,接管
tsiap-kut,接骨
tsiap-kut-tsháu,接骨草
tsiap-kut-tan,接骨丹
tsiap-kut-tâng,接骨筒
tsiap-la̍p,接納
tsiap-lâu,接流
tsiap-li̍k,接力
tsiap-li̍k-bah,接肋肉
tsiap--lo̍h-lâi,接落來
tsiap-pān,接辦
tsiap-pāng,接棒
tsiap-pan-jîn,接班人
tsiap-phāng,接縫
tsiap-sàng,接送
tsiap-senn,接生
tsiap-sio̍k,接續
tsiap-siu,接收
tsiap-siū,接受
tsiap-suà,接suà
tsiap-suà,接紲
tsiap-suànn,接線
tsiap-suànn-sing,接線生
tsiap-sún,接榫
tsiap-tē,接地
tsiap-thāi,接待
tsiap-thâu,接頭
tsiap-thè,接替
tsiap-thong,接通
tsiap-tio̍h,接著
tsiap-ūn,接運
tsiat,chiat
tsiat,折
tsiat,節
tsia̍t,截
tsia̍t-tsâi,捷才
tsia̍t-tsí,截止
tsia̍t-hi̍k,截獲
tsia̍t-jiân,截然
tsia̍t-kó,截稿
tsia̍t-pò,捷報
tsia̍t-ūn,捷運
tsiat-á-hì,折仔戲
tsiat-bī,癤味
tsiat-buâ,折磨
tsiat-bo̍k,節目
tsiat-tsàu,節奏
tsiat-tsè,節制
tsiat-tshò,節操
tsiat-tsînn,折錢
tsiat-tsún,節準
tsiat-hng,節坊
tsiat-huán,折返
tsiat-hok,折福
tsiat-hū,節婦
tsiat-iok,節約
tsiat-io̍k,節育
tsiat-ji̍t,節日
tsiat-kang,浙江
tsiat-kang-síng,浙江省
tsiat-khàu,折扣
tsiat-khìng,節慶
tsiat-khiām,節儉
tsiat-kū,折舊
tsiat-lé,節禮
tsiat-līng,節令
tsiat-liû,節流
tsiat-môo,折磨
tsiat-puànn,折半
tsiat-síng,節省
tsiat-sîng,折成
tsiat-siann,折聲
tsiat-suè,節稅
tsiat-thâu,折頭
tsiat-tiong,折衷
tsiat-tuì-puànn,折對半
tsiau,招
tsiáu,鳥
tsiáu,照
tsiáu-á,鳥仔
tsiáu-á-hīng,鳥仔莧
tsiáu-á-hue,鳥仔花
tsiáu-á-kha,鳥仔腳
tsiáu-á-kiánn,鳥仔囝
tsiáu-á-muâ,鳥仔蔓
tsiáu-á-tánn,鳥仔膽
tsiáu-bó,鳥母
tsiáu-buê,鳥囮
tsiáu-buê,鳥媒
tsiáu-tshìng,鳥銃
tsiáu-tshîng,鳥松
tsiáu-tshîng,鳥榕
tsiáu-tsiah,鳥隻
tsiáu-tsiann,鳥精
tsiáu-tsinn,鳥精
tsiáu-tsiunn,鳥樟
tsiáu-gê,鳥牙
tsiáu-kak,鳥角
tsiáu-kang,鳥公
tsiáu-king,鳥弓
tsiáu-king-á,鳥弓仔
tsiáu-kiān-hue,鳥腱花
tsiáu-kui,鳥kui
tsiáu-lâi,鳥梨
tsiáu-lâm,鳥楠
tsiáu-lam-á,鳥檻仔
tsiáu-lang,鳥籠
tsiáu-luī,鳥類
tsiáu-mn̂g,鳥毛
tsiáu-phia̍k-á,鳥擗仔
tsiáu-sái-bīn,鳥屎面
tsiáu-sái-tshîng,鳥屎榕
tsiáu-siū,鳥岫
tsiáu-sua,鳥鯊
tsiáu-ta̍h-tshì,鳥踏刺
tsiáu-thi,鳥黐
tsiáu-thûn-á,鳥豚仔
tsiàu,照
tsiàu-án-ne,照按呢
tsiàu-bîng,照明
tsiàu-tsîng-lí,照情理
tsiàu-tsú-ngóo,照子午
tsiàu-tsún-tsîn,照準繩
tsiàu-ìng,照應
tsiàu-gia̍h,照額
tsiàu-guân,照原
tsiàu-guân-īng,照原用
tsiàu-huē,照會
tsiàu-iok-kiânn,照約行
tsiàu-iōng,照用
tsiàu-iūnn,照樣
tsiàu-kah,照夾
tsiàu-kah,照佮
tsiàu-khám-tsām,照坎站
tsiàu-khí-kang,照紀綱
tsiàu-khuán,照款
tsiàu-khui,照開
tsiàu-kî,照期
tsiàu-kuán,照管
tsiàu-kóng,照講
tsiàu-kòo,照顧
tsiàu-koo-hue,鷓鴣花
tsiàu-kū,照舊
tsiàu-kū-khuán,照舊款
tsiàu-kui-kí,照規矩
tsiàu-lē,照例
tsiàu-lí,照理
tsiàu-lí-kóng,照理講
tsiàu-lí-lōo,照理路
tsiàu-liāu,照料
tsiàu-luí,照累
tsiàu-luí,照壘
tsiàu-lûn,照輪
tsiàu-pái,照擺
tsiàu-pâi,照排
tsiàu-pān,照辦
tsiàu-pîn,照屏
tsiàu-pōo-lâi,照步來
tsiàu-pun,照分
tsiàu-sî,照時
tsiàu-siông,照常
tsiàu-siōng,照像
tsiàu-si̍t-kóng,照實講
tsiàu-suà,照suà
tsiàu-sūn-sī,照順序
tsiàu-thâu,照頭
tsiàu-thâu-lâi,照頭來
tsiàu-thuann,照攤
tsiàu-ti̍t-kóng,照直講
tsiâu,tsiâu
tsiâu,剿
tsiâu,齊
tsiâu,僬
tsiâu-tsê,tsiâu齊
tsiâu-tsê,齊齊
tsiâu-tsiâu,齊齊
tsiâu-tsiâu-tsê,tsiâu-tsiâu齊
tsiâu-tsió-á,齊少仔
tsiâu-tsn̂g,tsiâu全
tsiâu-tsn̂g,齊全
tsiâu-tsú,樵子
tsiâu-tsuī,憔悴
tsiâu-hu,樵夫
tsiâu-kàu,齊到
tsiâu-pī,齊備
tsiâu-thàu,齊透
tsiâu-tio̍h,僬著
tsiâu-ûn,tsiâu勻
tsiâu-ûn,齊勻
tsiâu-ûn,僬勻
tsi-āu,之後
tsiau-tsâi-ông,招財王
tsiau-tso,焦慒
tsiau-giâm,礁岩
tsiauh,寂
tsia̍uh,嚼
tsia̍uh-tsia̍uh-háu,嚼嚼吼
tsiauh-tsiauh-kiò,哳哳叫
tsiau-hô,昭和
tsiau-hô-tsháu,昭和草
tsiau-huân,焦煩
tsiau-iâu,招搖
tsiau-jīn,招認
tsiau-kà,招架
tsiau-khì,沼氣
tsiau-lám,招攬
tsiau-liâu,鷦鷯
tsiau-liû,鷦鶹
tsiau-pâi,招牌
tsiau-pâi-tshài,招牌菜
tsiau-sing,招生
tsiau-sī,昭示
tsiau-sim,焦心
tsiau-sò,焦躁
tsiau-sòo,招數
tsiau-thāi,招待
tsiau-tì,招致
tsiau-tiám,焦點
tsi-bai,芝屄
tsi-bai-tsuí,芝屄水
tsi-bai-ínn,芝屄蘡
tsi-bai-mn̂g,芝屄毛
tsi-bai-tì,芝屄蒂
tsi-tsîng,之前
tsi-tshî,支持
tsi-tshó,芝草
tsi-tshoo,之初
tsi-tshut,支出
tsi-tsi-tân,吱吱霆
tsi-tsǹg,之鑽
tsi-guā,之外
tsih,chih
tsih,折
tsih,摺
tsi̍h,舌
tsi̍h,折
tsi̍h-á,舌仔
tsi̍h-tsām,折站
tsi̍h-tsat,折節
tsi̍h-tsu,舌疽
tsi̍h-gâm,舌癌
tsi̍h-iāng,折揚
tsi̍h-kam,舌疳
tsi̍h-lâng,折人
tsi̍h-thai,舌苔
tsi-hā,之下
tsih-ang-á,折尪仔
tsih-áu,折拗
tsih-tsài,接載
tsih-tsâi-sîn,接財神
tsih-tsām,折站
tsih-tsat,折節
tsih-tsiap,接接
tsih-tsuá,摺紙
tsih-tsuá,褶紙
tsih-hōo,接雨
tsih-hûn,褶痕
tsih-ko-ḿ,接哥姆
tsih-la̍t,接力
tsi-huē,支會
tsi-hông,脂肪
tsih-pîn,摺屏
tsih-sàng,接送
tsih-tāng,接重
tsi-hù,支付
tsi-î,之於
tsi-iōng,支用
tsi-ka-ko,芝加哥
tsi-kan,之間
tsi-kau,之交
tsi-kio̍k,支局
tsi-ku-la̍t,之龜力
tsi-ku-liù,之龜溜
tsi-lāi,之內
tsi-lî,支厘
tsi-lî,支釐
tsi-liû,支流
tsi-luī,之類
tsim,唚
tsím,枕
tsím,嬸
tsím-bo̍k,枕木
tsím-kut,枕骨
tsím-má,嬸媽
tsím-pô,嬸婆
tsím-thâu,枕頭
tsím-thâu-tsháu,枕頭草
tsím-thâu-tshio̍h,枕頭蓆
tsím-thâu-kha,枕頭腳
tsím-thâu-kuí,枕頭鬼
tsím-thâu-lông,枕頭囊
tsím-thâu-tē,枕頭袋
tsím-thâu-thò,枕頭套
tsìm,浸
tsìm-bo̍k,梫木
tsìm-tsuí-hōo,浸水雨
tsìm-tsuí-ô,浸水蚵
tsìm-khī-á,浸柿仔
tsìm-lé,浸禮
tsìm-sí,浸死
tsìm-thàu,浸透
tsîm,蟳
tsîm-á,蟳仔
tsîm-á-jîn,蟳仔仁
tsîm-tshài,蟳菜
tsîm-hue,蟳灰
tsîm-ko,蟳膏
tsîm-kóng,蟳管
tsîm-kóng-tshài,蟳管菜
tsîm-kóng-kha,蟳管腳
tsîm-kóng-ngeh,蟳管挾
tsim-tshuì,chim嘴
tsim-tshuì,唚嘴
tsim-tsiok,斟酌
tsi-muâ,芝麻
tsin,chin
tsinn,tsinn
tsin,升
tsin,津
tsin,真
tsinn,掙
tsin,榛
tsin,甄
tsinn,精
tsin,臻
tsínn,tsínn
tsín,疹
tsín,診
tsínn-á,tsínn仔
tsínn-â-kiánn,tsínn仔囝
tsín-tsai,賑災
tsín-tshat,診察
tsín-tshat-sik,診察室
tsínn-tsiáu,tsínn鳥
tsínn-tsiáu-á,tsínn鳥仔
tsín-tsok,振作
tsín-hing,振興
tsínn-hio̍h,tsínn葉
tsín-hùn,振奮
tsínn-kiánn,tsínn囝
tsín-kiù,拯救
tsínn-kiunn,tsínn薑
tsín-liâu,診療
tsín-sóo,診所
tsín-tāng,振動
tsín-tī,診治
tsín-tuān,診斷
tsín-tuān-su,診斷書
tsín-tōng,振動
tsìnn,tsìnn
tsìn,晉
tsìn,進
tsìnn,箭
tsìnn,糋
tsìnn-ah,tsìnn鴨
tsìnn-ah-á,tsìnn鴨仔
tsìnn-bah,箭肉
tsìn-tsai,震災
tsìn-tsîng,進前
tsìn-tshan,進餐
tsìn-tshú,進取
tsìn-tshut-kháu,進出口
tsìn-tsiàm,進佔
tsìnn-tsìn-tsîng,搢進前
tsìn-tsi̍t-pōo,進一步
tsìnn-tsó,糋棗
tsìn-tsuè,進贅
tsìn-tsù,進駐
tsìn-tsū,進駐
tsìn-tsuí,進水
tsìnn-tsuí,搢水
tsìn-guân,震源
tsìn-hām,震撼
tsìn-hîng,進行
tsìn-hiunn,進香
tsìn-hiunn-thuân,進香團
tsìn-huà,進化
tsìn-huat,進發
tsìn-huè,進貨
tsìn-hok,震幅
tsìnn-hong,搢風
tsìn-iang,震央
tsìn-iōng,晉用
tsìn-iōng,進用
tsìnn-iû,煎油
tsìnn-iû,糋油
tsìn-ji̍p,進入
tsìnn-ji̍p,搢入
tsìn-káng,進港
tsìn-kháu,進口
tsìn-kháu-siong,進口商
tsìn-kiàn,晉見
tsìn-kip,晉級
tsìn-kok,進槨
tsìn-kong,進攻
tsìn-kòng,進貢
tsìn-kun,進軍
tsìnn-lâu,搢流
tsìnn-lîng,箭翎
tsìn-lî,進而
tsìn-liāu,進料
tsìnn-nah,tsìnn訥
tsìnn-pà,箭靶
tsìn-pik,進逼
tsìn-pho,震波
tsìn-pōo,進步
tsìn-pōo-tóng,進步黨
tsìn-sing,晉升
tsìn-sin,晉身
tsìn-si̍t,進食
tsìn-siu,進修
tsìnn-suān,糋羨
tsìn-sū,進士
tsìn-tik,進德
tsìnn-tik,箭竹
tsìnn-thâu,箭頭
tsìn-thâu-hiunn,進頭香
tsìnn-thâu-pio,搢頭標
tsìnn-thâu-tīn,搢頭陣
tsìn-thè,進退
tsìn-thinn,震天
tsìn-tián,進展
tsìn-tiòng,進中
tsìn-tōng,震動
tsìn-tōng,震盪
tsìn-tōo,進度
tsìn-tōo-pió,進度表
tsîn,tsîn
tsîn,秦
tsînn,晴
tsînn,錢
tsînn,檐
tsîn,繩
tsînn-po̍h--khì,錢薄去
tsînn-á-kiánn,錢仔囝
tsîn-ba̍k,瞋目
tsîn-ba̍k,繩目
tsîn-bi̍k,繩墨
tsînn-bó,錢母
tsînn-bô-kè,錢無價
tsînn-bué,錢尾
tsînn-tsâi,錢財
tsînn-tsáu-tsua̍h,錢走縒
tsînn-tshí,錢鼠
tsînn-tsng,錢莊
tsînn-tsuí,錢水
tsînn-tsuí-līng,錢水冗
tsînn-tsuí-ua̍h,錢水活
tsînn-gia̍h,錢額
tsînn-gîn,錢銀
tsînn-hāng,錢項
tsîn-hông-tó,秦皇島
tsînn-înn,錢圓
tsînn-khang,錢孔
tsînn-khang,錢空
tsînn-kin,錢根
tsînn-kǹg-tsháu,錢貫草
tsînn-kuan,錢關
tsînn-kóng,錢管
tsînn-kóng-á,錢管仔
tsînn-kóo,錢鼓
tsînn-kuí,錢鬼
tsînn-kuī,錢櫃
tsînn-lôo-tsâi,錢奴才
tsînn-muâ,錢鰻
tsînn-niau,錢貓
tsînn-niû,錢糧
tsînn-pau,錢包
tsînn-pau-á,錢包仔
tsînn-pè,錢幣
tsînn-peh-á,錢伯仔
tsînn-pháinn-thàn,錢歹趁
tsînn-phiò,錢票
tsîn-sí-hông,秦始皇
tsîn-sí-ông,秦始王
tsînn-siann,錢聲
tsînn-siāng-hó,錢上好
tsîn-suànn,繩線
tsînn-tâng,錢筒
tsînn-tē,錢袋
tsīnn,舐
tsīnn,晴
tsīn,盡
tsīnn,靜
tsīn-bó-la̍t,盡母力
tsīn-bué,盡尾
tsīn-tsik,盡責
tsīn-tsîng,盡情
tsīn-tsit,盡職
tsīn-hìng,盡興
tsīn-kak,盡角
tsīn-kàu,盡到
tsīn-khó-lîng,盡可能
tsīn-khuài,盡快
tsīn-kín,盡緊
tsīn-kuán,儘管
tsīn-la̍t,盡力
tsīn-li̍k,盡力
tsīn-liāng,盡量
tsīn-mn̂g,盡門
tsīn-pak-khîng,盡腹傾
tsīn-pak-piànn,盡腹拚
tsīn-pak-tò,盡腹倒
tsīn-phâng,盡帆
tsīn-phâng-piànn,盡帆拚
tsīn-pōng,盡磅
tsīn-pōng-bué,盡磅尾
tsīn-pōng-la̍t,盡磅力
tsīn-pōng-tuā,盡磅大
tsīn-pōo,盡步
tsīn-sit,盡失
tsīn-sok,盡速
tsīn-tiong,盡忠
tsīn-ū,盡有
tsinn-á,氈仔
tsinn-á,櫼仔
tsin-bīn-bo̍k,真面目
tsin-bô,真無
tsin-bô-kiù,真無救
tsin-tsai,真知
tsin-tsē,真濟
tsin-tsîng,真情
tsinn-tshí,tsinn鼠
tsin-tshì,甄試
tsin-tshian,真千
tsin-tshiū,榛樹
tsin-tsiànn,真正
tsin-tsin-tsiànn,真真正
tsin-tsió,真少
tsin-tsu,真珠
tsin-tsu-bua̍h,真珠末
tsin-tsu-tsháu,真珠草
tsin-tsu-hún,真珠粉
tsin-tsu-kheh,真珠客
tsin-tsu-lê,真珠螺
tsin-gâu,真gâu
tsin-guī,真偽
tsin-hó,真好
tsin-huān,真犯
tsin-huè,真貨
tsin-hong-tîn,真風藤
tsin-ì,真意
tsi-niá,支領
tsinn-io̍h,掙藥
tsinn-iû,掙油
tsin-jîn,真人
tsinn-ji̍p,櫼入
tsin-ké,真假
tsin-kíng,真景
tsin-khak,真確
tsin-khong,真空
tsinn-kiann,生驚
tsin-kiann,真驚
tsin-kú,真久
tsin-lāi,真利
tsinn-lâng,擠人
tsin-lí,真理
tsin-liap,真懾
tsin-ua̍h-tāng,真活動
tsin-pâu,真包
tsin-pōo,真步
tsin-sîng,真成
tsin-sî-kiânn,真時行
tsin-siann,升聲
tsin-siann,真聲
tsin-siān-bí,真善美
tsin-siâng,真像
tsin-siāng,真像
tsin-sim,真心
tsin-sím,甄審
tsin-siòng,真相
tsin-si̍t,真實
tsin-si̍t-sìng,真實性
tsin-siūnn-beh,真想欲
tsin-suán,甄選
tsin-su,真書
tsin-suí,真suí
tsinn-tāu-ling,擠豆奶
tsin-tè,真諦
tsin-tî,真除
tsin-tiunn,真張
tsin-tú-tsin,真tú真
tsio,招
tsio,椒
tsio,蕉
tsió,少
tsió-tsió,少少
tsió-tsió-á,少少仔
tsió-huè,少歲
tsió-khueh,少缺
tsió-liāng,少量
tsió-muá-khueh,少滿缺
tsió-pún,少本
tsió-sòo,少數
tsió-thâu-tshuì,少頭嘴
tsiò,照
tsiò,醮
tsiò-tiān-kong,照電光
tsiò-tshiûnn,照牆
tsiò-hái-ting,照海燈
tsiò-ji̍t,照日
tsiò-liāng,照亮
tsiò-pîn,照屏
tsiò-siā,照射
tsiò-siōng,照像
tsiò-siōng-ki,照像機
tsiò-tiān-âng,照殿紅
tsi-uān,支援
tsio-ang,招翁
tsio-bé,招買
tsio-bē,招賣
tsio-bōo,招募
tsio-tsoo,招租
tsioh,借
tsio̍h,石
tsio̍h-á,石仔
tsio̍h-ang,石尪
tsio̍h-bō,石磨
tsio̍h-bóo-tan,石牡丹
tsio̍h-bûn,石文
tsio̍h-tsâi,石材
tsio̍h-tsām,石鏨
tsio̍h-tsing-jí,石鐘乳
tsio̍h-tsing-khū,石舂臼
tsio̍h-tshenn-á,石青仔
tsio̍h-tshì-á,石刺仔
tsio̍h-tshit-á,石拭仔
tsio̍h-tshiunn-pôo,石菖蒲
tsio̍h-tsi,石脂
tsio̍h-tsî,石薯
tsio̍h-tsià,石庶
tsio̍h-tsím,石枕
tsio̍h-tsit,石鯽
tsio̍h-tsu,石珠
tsio̍h-tsû,石櫧
tsio̍h-ing,石英
tsio̍h-ing-ko,石鸚哥
tsio̍h-gám,石岑
tsio̍h-gíng,石研
tsio̍h-giâm,石岩
tsio̍h-ha̍k,石斛
tsio̍h-hīng,石莧
tsio̍h-hî,石魚
tsio̍h-huà,石化
tsio̍h-hue,石灰
tsio̍h-hue,石花
tsio̍h-hue-tshài,石花菜
tsio̍h-hue-tsháu,石花草
tsio̍h-hue-tsio̍h,石灰石
tsio̍h-hue-hî,石灰魚
tsio̍h-hong,石坊
tsio̍h-hông,石黃
tsio̍h-hóo,石虎
tsio̍h-hu̍t,石佛
tsio̍h-iâm,石鹽
tsio̍h-iù,石幼
tsio̍h-iû,石油
tsio̍h-iû-gia̍p,石油業
tsio̍h-jí,石子
tsio̍h-ka-tsng,石家莊
tsio̍h-kak,石角
tsio̍h-kàng,石降
tsio̍h-kàng,石蝀
tsio̍h-káu-kang,石狗公
tsio̍h-káu-nn̄g,石狗卵
tsio̍h-khám,石坎
tsio̍h-khat-á,石khat仔
tsio̍h-khì,石器
tsio̍h-khòng,石礦
tsio̍h-ki,石基
tsio̍h-ki,石磯
tsio̍h-kī,石距
tsio̍h-ki-á,石磯仔
tsio̍h-kiā,石崎
tsio̍h-kiàm,石劍
tsio̍h-kiànn,石鏡
tsio̍h-ko,石膏
tsio̍h-kô,石笱
tsio̍h-kuan,石棺
tsio̍h-kuann-tshâ,石棺柴
tsio̍h-kuat-bîng,石決明
tsio̍h-ko-ìn,石膏印
tsio̍h-ko̍k-nn̄g,石涸卵
tsio̍h-kóo,石鼓
tsio̍h-ku,石龜
tsio̍h-ku-tsō,石龜座
tsio̍h-lâm,石楠
tsio̍h-ling,石奶
tsio̍h-lîng,石蛉
tsio̍h-lîng-tsú,石龍子
tsio̍h-lîng-hî,石鯪魚
tsio̍h-līng,石柃
tsio̍h-līng-kū,石柃舅
tsio̍h-lián,石碾
tsio̍h-liân,石蓮
tsio̍h-liú,石柳
tsio̍h-liû-hông,石硫磺
tsio̍h-luā,石瀨
tsio̍h-lôo-á,石鱸仔
tsio̍h-lu-á,石攄仔
tsio̍h-lún,石碖
tsio̍h-lūn,石崙
tsio̍h-mî,石棉
tsio̍h-mn̂g,石門
tsio̍h-nn̄g,石卵
tsio̍h-nn̄g-á,石卵仔
tsio̍h-pâi,石牌
tsio̍h-pan,石斑
tsio̍h-pán,石板
tsio̍h-pang,石枋
tsio̍h-ping,石兵
tsio̍h-phiánn,石鉼
tsio̍h-phuè,石
tsio̍h-phoh,石朴
tsio̍h-pi,石碑
tsio̍h-piah,石壁
tsio̍h-piah-tsháu,石壁草
tsio̍h-piah-liân,石壁蓮
tsio̍h-pin,石賓
tsio̍h-poh-huānn,石駁岸
tsio̍h-poo,石埔
tsio̍h-sai,石獅
tsio̍h-sap,石屑
tsio̍h-siap,石澀
tsio̍h-siông,石松
tsio̍h-sò,石埽
tsio̍h-suànn,石汕
tsio̍h-suàn,石蒜
tsio̍h-sún,石筍
tsio̍h-tah-á,石搭仔
tsio̍h-tāng,石重
tsio̍h-tè,石塊
tsio̍h-tik,石竹
tsio̍h-tik-á,石竹仔
tsio̍h-thâu,石頭
tsio̍h-thâu-á,石頭仔
tsio̍h-thâu-tsuâ,石頭蛇
tsio̍h-thâu-káu,石頭狗
tsio̍h-thiāu,石柱
tsio̍h-thuànn,石炭
tsio̍h-tiànn,石碇
tsio̍h-tiau,石雕
tsio̍h-tiâu,石條
tsio̍h-tún,石礅
tsio̍h-uî,石葦
tsioh-tshuì,借嘴
tsioh-tshut,借出
tsioh-tsînn,借錢
tsioh-tsōo,借助
tsioh-hioh,借歇
tsioh-hué,焟火
tsioh-iōng,借用
tsioh-jī,借字
tsioh-ji̍t,焟日
tsioh-kháu,借口
tsioh-khiā,借khiā
tsioh-khiā,借徛
tsioh-khuán,借款
tsioh-kì,借據
tsioh-kiànn,借鏡
tsioh--lâi,借來
tsioh-lī,借字
tsioh-mn̄g,借問
tsioh-uē,借話
tsio-hoo,招呼
tsio-hoo-tsām,招呼站
tsioh-sio,焟燒
tsioh-tāi,借貸
tsioh-tē,借地
tsioh-tioh,藉著
tsioh-tio̍h,借著
tsioh-tiōng,借重
tsioh-tuà,借tuà
tsioh-tuà,借帶
tsioh-tuann,借單
tsio-jiá,招惹
tsiok,足
tsiok,祝
tsiok,酌
tsiok,囑
tsiok-tsuē,足tsuē
tsiok-bîn,足眠
tsiok-bo̍k,矚目
tsiok-tsîng,酌情
tsiok-tshiah-kim,足赤金
tsiok-tshim,足深
tsiok-tshuì,杓嘴
tsiok-tsiok,足足
tsiok-gia̍h,足額
tsiok-guān,足願
tsio-kha,招腳
tsiok-hā,足下
tsio-kha-tshiú,招腳手
tsio-khó,招考
tsiok-hó,足好
tsiok-hō,祝賀
tsiok-huè,足歲
tsiok-hok,祝福
tsiok-hù,囑咐
tsiok-hun-kim,足分金
tsiok-ì,足意
tsio-kiánn-sài,招囝婿
tsiok-io̍k,芍藥
tsiok-kim,足金
tsiok-kiû,足球
tsiok-kú,足久
tsiok-oo-kim,足烏金
tsiok-pháinn,足歹
tsiok-pōo,足部
tsiok-sik-gîn,足色銀
tsiok-siânn,足成
tsiok-siânn-kim,足成金
tsiok-sim-guān,足心願
tsiok-siū,祝壽
tsiok-sû,祝詞
tsiok-sū,爵士
tsiok-sū-ga̍k,爵士樂
tsiok-tāng,足重
tsiok-thok,囑託
tsiok-tiān,祝電
tsiok-tó,祝禱
tsio-kui-tóng,招歸黨
tsio--lâi,招來
tsio-lâng,招人
tsio-lâng-bé,招人買
tsio-lâng-kheh,招人客
tsio-lông,蕉農
tsiong,chiong
tsiong,終
tsiong,章
tsióng,種
tsióng,獎
tsióng-tsiong,獎章
tsióng-tsióng,種種
tsióng-tsn̄g,獎狀
tsióng-tso̍k,種族
tsióng-tsōo,獎助
tsióng-ha̍k,獎學
tsióng-kim,獎金
tsióng-kuàn,獎券
tsióng-lē,獎勵
tsióng-luī,種類
tsióng-pâi,獎牌
tsióng-phín,獎品
tsióng-pue,獎杯
tsióng-pue,獎盃
tsióng-sióng,獎賞
tsióng-tîng,獎懲
tsiòng,將
tsiòng,障
tsiòng-tsâi,將才
tsiòng-gāi,障礙
tsiòng-gāi-bu̍t,障礙物
tsiòng-gī-īnn,眾議院
tsiòng-īnn,眾院
tsiòng-líng,將領
tsiòng-līng,將令
tsiòng-mn̂g,將門
tsiòng-sing,眾生
tsiòng-sū,將士
tsiông,從
tsiông-tsìng,從政
tsiông-tsiân,從前
tsiông-giâm,從嚴
tsiông-gia̍p,從業
tsiông-iu,從優
tsiông-kán,從簡
tsiông-khuan,從寬
tsiông-kong,從公
tsiông-kun,從軍
tsiông-sio̍k,從屬
tsiông-siong,從商
tsiông-tiong,從中
tsiōng-guân,狀元
tsiōng-guân-hông,狀元紅
tsiong-ài,鍾愛
tsiong-tsîng,鍾情
tsiong-hián,彰顯
tsiong-huà,彰化
tsiong-huà-tshī,彰化市
tsiong-huà-kuān,彰化縣
tsiong-huà-lâng,彰化人
tsiong-huat,章法
tsiong-î,終於
tsiong-ji̍t,終日
tsiong-jú-si̍k,鐘乳石
tsiong-kî-bué,終其尾
tsiong-kiat,終結
tsiong-kiat-tsiá,終結者
tsiong-kiù,終究
tsiong-kui,終歸
tsiong-kui-bué,終歸尾
tsiong-pâi,章牌
tsiong-sin,終身
tsiong-su,螽蟴
tsiong-tiám,終點
tsiong-tuan,終端
tsiong-tuan-ki,終端機
tsio-uá,招倚
tsio-pâi,招牌
tsio-pio,招標
tsio-sài,招婿
tsio-sing,招生
tsio-sing-lí,招生理
tsio-tē,蕉袋
tsip,chip
tsip,執
tsip,緝
tsi̍p,tsi̍p
tsi̍p,集
tsi̍p-tsò-hué,集做夥
tsi̍p-tsu,集資
tsi̍p-tsū,集聚
tsi̍p-ha̍p,集合
tsi̍p-huè,集貨
tsi̍p-huē,集會
tsi̍p-hùn,集訓
tsi̍p-kuân,集權
tsi̍p-uá,集倚
tsi̍p-sîng,集成
tsi̍p-suànn-tsām,集散站
tsi̍p-suànn-tē,集散地
tsi̍p-thé,集體
tsi̍p-thuân,集團
tsi̍p-tiong,集中
tsip-tsìng,執政
tsip-tsìng-tóng,執政黨
tsip-tsiàu,執照
tsip-tsi̍t-tshuì,唼一嘴
tsip-gia̍p,執業
tsip-hîng,執行
tsip-hîng-tiúnn,執行長
tsi-phiò,支票
tsip-huat,執法
tsi-phuè,支配
tsip-ì,執意
tsip-it,執一
tsip-kàu,執教
tsip-kuat,執訣
tsip-kóo,執古
tsip-kóo-pán,執古板
tsip-lo̍k,緝鹿
tsip-ná,緝拿
tsi-pōo,支部
tsip-phiah,執癖
tsip-pit,執筆
tsip-póo,緝捕
tsip-sí-kuat,執死訣
tsip-sí-pán,執死板
tsip-tō,執導
tsip-uí-huē,執委會
tsi-sî,之時
tsi-siāng,之上
tsi-suànn,支線
tsit,脊
tsit,得
tsit,這
tsit,質
tsit,織
tsit,職
tsi̍t,疾
tsi̍t-bâi-á,一眉仔
tsi̍t-ba̍k-á,一目仔
tsi̍t-ba̍k-nih,一目nih
tsi̍t-ba̍k-sut,一目瞬
tsi̍t-bīn,一面
tsi̍t-bīn-tó,一面倒
tsi̍t-tsām-á,一暫仔
tsi̍t-tsâng-hiunn,一欉香
tsi̍t-tsê,一齊
tsi̍t-tshénn,一醒
tsi̍t-tshiú,一手
tsi̍t-tshǹg-á,一寸仔
tsi̍t-tshuàng,一闖
tsi̍t-tshok,一撮
tsi̍t-tshok-á,一撮仔
tsi̍t-tshok-á,一簇仔
tsi̍t-tshuì-khuì,一嘴氣
tsi̍t-tsí,一紙
tsi̍t-tsiu,一周
tsi̍t-tsuā,一迣
tsi̍t-tsuā,一逝
tsi̍t-tsù-hiunn,一炷香
tsi̍t-tsūn,一陣
tsi̍t-tsūn-á,一陣仔
tsi̍t-tsūn-hong,一陣風
tsi̍t-ē,一下
tsi̍t-ē-á,一下子
tsi̍t-ē-á,一下仔
tsi̍t-ē-tshiú,一下手
tsi̍t-gue̍h-guā,一月外
tsi̍t-gue̍h-thóng,一月捅
tsi̍t-gû-tshia,一牛車
tsi̍t-hiánn,一顯
tsi̍t-hué,一夥
tsi̍t-hong-bīn,一方面
tsi̍t-hoo,疾呼
tsi̍t-iūnn,一樣
tsi̍t-kak,一角
tsi̍t-kak-pak,一角剝
tsi̍t-káng-hong,一港風
tsi̍t-ke-kháu,一家口
tsi̍t-kha,一腳
tsi̍t-khí-nî,一紀年
tsi̍t-khian,一圈
tsi̍t-khoo,一箍
tsi̍t-khoo-uî,一箍圍
tsi̍t-khuì,一氣
tsi̍t-khùn,一睏
tsi̍t-khùn-á,一睏仔
tsi̍t-khùn-tshiú,一睏手
tsi̍t-khùn-lán,一睏懶
tsi̍t-kiânn,一行
tsi̍t-kiānn,一件
tsi̍t-ki-hiunn,一枝香
tsi̍t-kuá,一寡
tsi̍t-kuá-á,一寡仔
tsi̍t-kuah,一括
tsi̍t-la̍k-bí,一搦米
tsi̍t-lia̍h-tn̂g,一lia̍h長
tsi̍t-liàn,一輦
tsi̍t-lia̍p-tsu,一粒珠
tsi̍t-lōo,一路
tsi̍t-lōo-tshú,一路取
tsi̍t-lōo-siāng,一路上
tsi̍t-mê-ji̍t,一暝日
tsi̍t-ngauh-hāu,一耦鱟
tsi̍t-niá,一領
tsi̍t-nn̄g-ji̍t,一兩日
tsi̍t-nn̄g-kang,一兩工
tsi̍t-pái,一擺
tsi̍t-pak-hué,一腹火
tsi̍t-pîng,一爿
tsi̍t-pîng,一旁
tsi̍t-phâng-lâng,一篷人
tsi̍t-phí-á,一庀仔
tsi̍t-phí-á,一疕仔
tsi̍t-phìnn-phâng,一片帆
tsi̍t-pinn,一邊
tsi̍t-puànn-ji̍t,一半日
tsi̍t-puànn-kang,一半工
tsi̍t-poo,一晡
tsi̍t-pōo-tshú,一步取
tsi̍t-poo-kú,一晡久
tsi̍t-pû-jiō,一垺尿
tsi̍t-sì-kè,一四界
tsi̍t-sì-lâng,一世人
tsi̍t-sî,一時
tsi̍t-sî-á,一時仔
tsi̍t-si-á,一絲仔
tsi̍t-sóo-tsāi,一所在
tsi̍t-su,一軀
tsi̍t-sú,疾駛
tsi̍t-sut-á,一屑仔
tsi̍t-tah,一搭
tsi̍t-táu,一斗
tsi̍t-thàu,一透
tsi̍t-thîng-á,一停仔
tsi̍t-tiám-á,一點仔
tsi̍t-tia̍p-á,一霎仔
tsi̍t-tiap-kú,一輒久
tsi̍t-tuì-sî,一對時
tsit-á,鯽仔
tsit-á-hî,鯽仔魚
tsit-ah,質押
tsit-āu-sin,這後身
tsit-bū,職務
tsit-būn,質問
tsit-bu̍t,織物
tsit-tsām,這站
tsit-tsām-á,這站仔
tsit-tsām-á,這暫仔
tsit-tsām-sî,這站時
tsit-tsik,職責
tsit-tshing,職稱
tsit-tshì,脊翅
tsit-tsì,職志
tsit-tsiáng,職掌
tsit-tsióng,這種
tsit-tsūn,這陣
tsit-tsūn-á,這陣仔
tsit-ê,這個
tsit-ē,這下
tsit-gî,質疑
tsit-gia̍p,職業
tsit-gia̍p-pēnn,職業病
tsit-gia̍p-sìng,職業性
tsit-hāu,職校
tsit-hìng,即興
tsit-hî,鯽魚
tsit-hî-á,鯽魚仔
tsit-hî-tánn,鯽魚膽
tsi-thiāu,支柱
tsit-hō,這號
tsit-hō-mi̍h,這號物
tsi-tiong,之中
tsit-iūnn,這樣
tsit-ji̍t,這日
tsit-kái,這改
tsit-kang,職工
tsit-khí,這齒
tsit-khian,這圈
tsit-khuán,這款
tsit-khoo,這箍
tsit-khuì,這氣
tsit-ki,織機
tsit-kuân,職權
tsit-kuè,這過
tsit-kóo,這股
tsit-kú,這久
tsit-kui,織機
tsit-kuí-ji̍t,這幾日
tsit-kuí-nî,這幾年
tsit-lîng,職能
tsit-lîng,鶺鴒
tsit-lí,織女
tsit-lí-tshenn,織女星
tsit-liah,這跡
tsit-liāng,質量
tsit-liāu,質料
tsit-má,這má
tsit-uân,職員
tsit-pái,這擺
tsit-pîng,這旁
tsit-phí-á,這庀仔
tsit-piàn,質變
tsit-puah,這缽
tsit-puann,這般
tsit-pòo,織布
tsit-pòo-tshiúnn,織布廠
tsit-pòo-ki,織布機
tsit-sing,這生
tsit-sîng,織成
tsit-sì,這世
tsit-sì-lâng,這世人
tsit-sì-lông,這世人
tsit-sî,這時
tsit-sî-tsūn,這時陣
tsit-siann,這聲
tsit-siú,職守
tsit-sóo-tsāi,這所在
tsit-sòo,chit素
tsit-su,職司
tsit-sûn,質詢
tsit-tah,這搭
tsit-tang-sî,這tang時
tsit-táu,這斗
tsit-tè,這帶
tsit-tē,質地
tsit-tiám-á,這點仔
tsit-tiap,這輒
tsit-tia̍p,即霎
tsit-tia̍p,這霎
tsit-tong-sî,這當時
tsit-uī,這位
tsit-uī,職位
tsiu,周
tsiu,洲
tsiu,珠
tsiu,週
tsiú,守
tsiú,酒
tsiú-àm,守暗
tsiú-àng,酒甕
tsiú-bī,酒味
tsiú-bó,酒母
tsiú-tsau,酒糟
tsiú-tsing,酒精
tsiú-tsing-ting,酒精燈
tsiú-tshài,酒菜
tsiú-tsiat,守節
tsiú-tsînn-lôo,守錢奴
tsiú-tsuánn,酒盞
tsiú-tsu,酒資
tsiú-tsuì,酒醉
tsiú-tsūn,酒拵
tsiú-hìng,酒興
tsiú-hiàn,酒羶
tsiú-huē,酒會
tsiú-hông,酒hông
tsiú-hóo,酒虎
tsiú-iàn,酒宴
tsiú-iân,酒筵
tsiú-ka,酒家
tsiú-ka-lí,酒家女
tsiú-kan,酒矸
tsiú-khì,酒氣
tsiú-khok,酒柝
tsiú-khong,酒悾
tsiú-khuì,酒氣
tsiú-khui-á,酒開仔
tsiú-khut,酒窟
tsiú-khut-á,酒窟仔
tsiú-kinn,守更
tsiú-kuá,守寡
tsiú-kuánn,守寡
tsiú-kuán,酒館
tsiú-kuàn,酒罐
tsiú-kông,酒狂
tsiú-kuí,酒鬼
tsiú-kuī-toh,酒櫃桌
tsiú-lâu,酒樓
tsiú-lāu,守老
tsiú-lāu,酒漏
tsiú-liāng,酒量
tsiú-lú,酒女
tsiú-luī,酒類
tsiú-mê,守暝
tsiú-pa,酒吧
tsiú-pân,酒瓶
tsiú-phiah,酒癖
tsiú-phuè,酒配
tsiú-phoh,酒粕
tsiú-pî,酒脾
tsiú-pih,酒鱉
tsiú-pn̄g,酒飯
tsiú-pue,酒杯
tsiú-pôo,酒苞
tsiú-senn-kuánn,守生寡
tsiú-sia̍h,酒席
tsiú-sian,酒仙
tsiú-siáu,酒痟
tsiú-tik,酒德
tsiú-thiu-á,酒抽仔
tsiú-tiàm,酒店
tsiú-tian,酒癲
tsiú-tiâu,守tiâu
tsiú-tinn,酒甜
tsiú-toh,酒桌
tsiù,咒
tsiù,蛀
tsiù-tshàm,咒懺
tsiù-tshàm,咒讖
tsiù-tshng,蛀穿
tsiù-tshuì-khí,蛀嘴齒
tsiù-tsuā,咒誓
tsiù-tsóo,咒詛
tsiù-hu̍t,蛀核
tsiù-iûnn,蛀蛘
tsiù-jī-nn̂g,蛀膩瓤
tsiù-khang,蛀空
tsiù-khí,蛀齒
tsiù-ku,蛀蚼
tsiù-ku-á,蛀龜仔
tsiù-kut-nn̂g,蛀骨nn̂g
tsiù-lé,咒lé
tsiù-mē,咒罵
tsiù-phīnn,蛀鼻
tsiù-thâng,蛀蟲
tsiù-tōng,蛀洞
tsiū,就
tsiū-án-ni,就按呢
tsiū-tshím,就寢
tsiū-tshú,就此
tsiū-tsit,就職
tsiū-tsō,就坐
tsiū-gia̍p,就業
tsiū-ha̍k,就學
tsiū-huān,就範
tsiū-i,就醫
tsiū-iáng,就養
tsiū-jīm,就任
tsiū-kín,就緊
tsiū-nā,就若
tsiū-uá,就倚
tsiū-sì,就勢
tsiū-sī,就是
tsiū-sǹg,就算
tsiū-suah,就煞
tsiū-sú,就使
tsiū-tāi,就逮
tsiū-tē,就地
tsiū-tho̍k,就讀
tsiu-á,州仔
tsiu-bi̍t,周密
tsiu-bua̍t,週末
tsiu-tsè,洲際
tsiu-tsì,週至
tsiu-tsiong,周章
tsiu-tsuán,週轉
tsiu-tsuán-kim,週轉金
tsiu-tsuân,週全
tsiu-ē-sái,就會使
tsiuh-tsiuh-háu,chiuh-chiuh哮
tsiu-huē,週會
tsiu-iân,週延
tsiu-ji̍t,週日
tsiu-khan,周刊
tsiu-kî,週期
tsiunn,章
tsiunn,樟
tsiunn,漿
tsiúnn,掌
tsiúnn,槳
tsiúnn,獎
tsiúnn,蔣
tsiúnn,蟞
tsiúnn-tsn̄g,獎狀
tsiúnn-hûn,掌痕
tsiùnn,醬
tsiùnn-tshài,醬菜
tsiùnn-tsháu,醬草
tsiùnn-tshing,醬清
tsiùnn-tsiùnn,漿漿
tsiùnn-iû,醬油
tsiùnn-kiâm,醬鹹
tsiùnn-kue,醬瓜
tsiùnn-kuê-kuê,醬kuê-kuê
tsiùnn-kue̍h-kue̍h,醬kue̍h-kue̍h
tsiùnn-la̍p-la̍p,醬la̍p-la̍p
tsiùnn-lap-lap,漿lap-lap
tsiùnn-le̍h-le̍h,醬le̍h-le̍h
tsiùnn-liāu,醬料
tsiùnn-liāu-tiàm,醬料店
tsiùnn-lok-lok,醬漉漉
tsiùnn-sik,醬色
tsiûnn-tsî,蟾蜍
tsiûnn-tsû-lân,蟾蜍蘭
tsiūnn,上
tsiūnn,養
tsiūnn,癢
tsiūnn-bah,上肉
tsiūnn-ba̍k,上目
tsiūnn-bé-hân,上馬寒
tsiūnn-bé-hong,上馬風
tsiūnn-tshài-tshī,上菜市
tsiūnn-tshī,上市
tsiūnn-tshia,上車
tsiūnn-tshiú,上手
tsiūnn-tshn̂g,上床
tsiūnn-tshú,上取
tsiūnn-tshun,上春
tsiūnn-tsiànn,上正
tsiūnn-tsînn,上諓
tsiūnn-tsuí,上水
tsiūnn-tsûn,上船
tsiūnn-huānn,上岸
tsiūnn-huè-thâu,上歲頭
tsiūnn-iūnn,上樣
tsiūnn-jīm,上任
tsiūnn-kà,上教
tsiūnn-ke,上街
tsiūnn-keh,上格
tsiūnn-ke-kah,上家甲
tsiūnn--khì,上去
tsiūnn-kiā,上崎
tsiūnn-kīn,就近
tsiūnn-kioh,上腳
tsiūnn-kiunn,上疆
tsiūnn-kuann,上官
tsiūnn-kuī,上櫃
tsiūnn-lâu,上樓
tsiūnn-lio̍k,上陸
tsiūnn-lo̍h,上落
tsiūnn-mn̂g,上門
tsiūnn-mn̂g-tshuā,上門娶
tsiūnn-niû,上梁
tsiūnn-o̍h,上學
tsiūnn-pak,上北
tsiūnn-pān,上範
tsiūnn-phìnn,上片
tsiūnn-sik,上色
tsiūnn-siap,上卌
tsiūnn-sin,上身
tsiūnn-sǹg,上算
tsiūnn-suann,上山
tsiūnn-tâi,上台
tsiūnn-tâng,上童
tsiūnn-ting,上丁
tsiūnn-thâu,上頭
tsiūnn-thinn,上天
tsiūnn-tīn,上陣
tsiūnn-tiò,上釣
tsiūnn-tiûnn,上場
tsiūnn-tn̂g,上堂
tsiūnn-ūn,上運
tsiunn-á-tshiū,樟仔樹
tsiunn-ám,漿湆
tsiunn-tshiū,樟樹
tsiunn-tsî,蟑蜍
tsiunn-tsî,螿蜍
tsiunn-tsî,蟾蜍
tsiunn-tsóng-thóng,蔣總統
tsiunn-tsû,蟑蜍
tsiunn-gû,樟牛
tsiunn-hî,章魚
tsiu-nî,週年
tsiunn-kôo,漿糊
tsiunn-kū,樟舅
tsiunn-lâi,上來
tsiunn-lê,章螺
tsiunn-ló,樟腦
tsiunn-ló-iû,樟腦油
tsiunn-ló-uân,樟腦丸
tsiunn-náu,樟腦
tsiunn-pà,獐豹
tsiu-pinn,周邊
tsiu-pò,週報
tsiu-siông,周詳
tsiu-siông,週詳
tsiu-suann,舟山
tsiu-suân,周旋
tsiu-suân,週旋
tsiu-suè,週歲
tsiu-ti,周知
tsiu-tò,周到
tsiu-uî,周圍
tsng,庄
tsng,妝
tsng,莊
tsng,粧
tsng,裝
tsng,磚
tsńg-kah,tsńg甲
tsńg-kah,指甲
tsńg-kah-tshuann,指甲扦
tsńg-kah-hue,指甲花
tsńg-kah-iû,tsńg甲油
tsńg-kah-sim,tsńg甲心
tsńg-thâu,tsńg頭
tsńg-thâu-á,tsńg頭仔
tsńg-thâu-bó,指頭拇
tsǹg,鑽
tsǹg-á,鑽仔
tsǹg-bī,鑽沕
tsǹg-tsìn,鑽進
tsǹg-tsînn-khang,鑽錢空
tsǹg-tsuí,鑽水
tsǹg-tsuí-bī,鑽水沕
tsǹg-tsuí-bī,鑽水沬
tsǹg-tsuí-thíng,鑽水艇
tsǹg-hī,鑽耳
tsǹg-káu-khang,tsǹg狗空
tsǹg-khang,鑽孔
tsǹg-khang-phāng,tsǹg空縫
tsǹg-kut,tsǹg骨
tsǹg-sim-liân,鑽心蓮
tsǹg-sim-thâng,鑽心蟲
tsǹg-thàm,鑽探
tsǹg-thàng-kuè,鑽迵過
tsn̂g,tsn̂g
tsn̂g,旋
tsn̂g-bē-ti̍t,旋bē直
tsn̂g-kóo-bô,從古無
tsn̂g-pī,全備
tsn̂g-sè,從細
tsn̂g-siânn-pán,全成板
tsn̄g,tsn̄g
tsn̄g,吮
tsn̄g,狀
tsn̄g,旋
tsn̄g,藏
tsn̄g,臟
tsng-á,磚仔
tsng-á-iô,磚仔窯
tsng-á-kak,磚仔角
tsng-á-thâu,磚仔頭
tsng-á-tn̂g,磚仔剸
tsng-tsài,裝載
tsng-tsha,精差
tsng-tshiûnn,磚牆
tsng-tsō,磚造
tsng-hì,裝戲
tsng-hiā-tn̂g,磚瓦剸
tsng-iūnn,裝樣
tsng-ke,庄雞
tsng-kha,庄腳
tsng-kha,莊腳
tsng-kha-lâng,庄腳人
tsng-kha-lâng,莊腳人
tsng-kha-sông,庄腳傖
tsng-kuann,莊官
tsng-koh,妝閣
tsng-lí-lâng,庄裡人
tsng-lí-sông,庄裡傖
tsng-liâm,妝奩
tsng-mi̍h,贓物
tsng-muá,裝滿
tsng-pān,裝扮
tsng-phe,磚坯
tsng-phuè,裝配
tsng-pînn,磚棚
tsng-sik-phín,裝飾品
tsng-sià,裝卸
tsng-siā,庄社
tsng-siat,裝設
tsng-siáu,裝痟
tsng-siáu-ê,裝痟個
tsng-siu,裝修
tsng-tâi,裝台
tsng-tè,磚塊
tsng-tē,裝袋
tsng-thānn,妝thānn
tsng-thānn,妝娗
tsng-thānn,裝娗
tsng-thâu,庄頭
tsng-thâu,莊頭
tsng-thiām,裝填
tsng-ū,裝有
tsng-ūn,裝運
tso,慒
tso,糟
tsó,座
tsó,棗
tsó,藻
tsó-á,棗仔
tsó-tsìng,佐證
tsó-tshik,左側
tsó-i̍k,左翼
tsó-iânn,左營
tsó-iū,左右
tsó-iū-tshiú,左右手
tsó-luī,藻類
tsó-lûn,左輪
tsó-pîng,左旁
tsó-phài,左派
tsò,做
tsò-bué-gê,做尾牙
tsò-àm-hō,作暗號
tsò-àn,做案
tsò-bah,做肉
tsò-bah-piánn,做肉餅
tsò-ba̍k,做木
tsò-ba̍k-ê,做木個
tsò-bāng,做夢
tsò-bî-sī,做唯是
tsò-tsa̍p-kang,做雜工
tsò--tse,做一
tsò-tseh,做節
tsò-tsìng,做證
tsò-tsìng-kì,做證據
tsò-tsîng,做情
tsò-tshân,做田
tsò-tshân-kiánn,做田囝
tsò-tshân-lâng,做田人
tsò-tshàu-lâng,做臭人
tsò-tshin-tsiânn,做親情
tsò-tshiú,做手
tsò-tshut,做出
tsò--tshut-lâi,做出來
tsò-tsiò,做醮
tsò-tsi̍t-tshuì,做一嘴
tsò-tsi̍t-ē,做一下
tsò-tsi̍t-khuì,做一氣
tsò-tsi̍t-khùn,做一睏
tsò-tsi̍t-sî,做一時
tsò-tsng,做莊
tsò-tsú,做主
tsò-tsú-lâng,做主人
tsò-tsuí,做水
tsò-tsuí-tsai,做水災
tsò-tsūn,做陣
tsò-tsūn-thiànn,做陣痛
tsò-ē-lâi,做會來
tsò-íng,做涌
tsò-gē,做藝
tsò-gē-niū,做藝量
tsò-gī-niū,做藝量
tsò-gue̍h-lāi,做月內
tsò-hé,做夥
tsò-hì,做戲
tsò-hì-á,做戲仔
tsò-hm̂-lâng,做媒人
tsò-hó,做好
tsò-hó-sū,做好事
tsò-hō,做號
tsò-huat,做法
tsò-hué,做伙
tsò-hué,做夥
tsò-hué-kiânn,做夥行
tsò-huè-tuà,做夥tuà
tsò-huē,做會
tsò-hóng-ê,做晃兮
tsò-hóng-ê,做晃個
tsò-hong-thai,做風颱
tsò-hóo-thâu,做虎頭
tsò-i,做伊
tsò-ì-tì,做意致
tsò-iám-hōo,做掩護
tsò-i-tsáu,做伊走
tsò-înn-tînn,做縈纏
tsò-iōng,作用
tsò-jîn-tsîng,做人情
tsò-kang,做工
tsò-kang,做功
tsò-kang-gē,做工藝
tsò-kàu,做到
tsò-kau-thè,做交替
tsò-ke,做家
tsò-ké,做假
tsò-ke-hué,做家伙
tsò-ke-hué,做傢夥
tsò-kha-tshiú,做腳手
tsò-khang,做孔
tsò-khang,做空
tsò-khe,做科
tsò-kheh,做客
tsò-khìng-sîng,做慶成
tsò-khí,做起
tsò-khiàn-sńg,做掔爽
tsò-khiàn-sńg,做譴爽
tsò-khiò,做竅
tsò-khò-suann,做靠山
tsò-khōng,做誆
tsò-khóo-uānn,做苦旱
tsò-kì,做忌
tsò-kì-hō,做記號
tsò-kì-jīn,做記認
tsò-kiàn-pún,做見本
tsò-kiānn,做件
tsò-kiānn-ê,做件個
tsò-kio̍k,做局
tsò-kiūnn,做kiūnn
tsò-kuè-kuà,做過掛
tsò-kuè-thâu,做過頭
tsò-kōng,做誆
tsò-kong-tshin,做公親
tsò-kong-tik,做功德
tsò-kuí,做鬼
tsò-kuì,做貴
tsò-lâng,做人
tsò--lâng,做人
tsò-lâng-kheh,做人客
tsò-lâng--loo,做人嘍
tsò-lī,做痢
tsò-liáu,做了
tsò-lo̍k-kho̍k,做硌硞
tsò-mī-kâu,做麵猴
tsò-muâi-lâng,做媒人
tsò-muê-lâng,做媒人
tsò-uân,做完
tsò-uānn,做旱
tsò-ông,做王
tsò-oo-kui,做烏龜
tsò-pàng,做放
tsò-ping,做兵
tsò-phái,做歹
tsò-pháinn,做歹
tsò-pháinn-lâng,做歹人
tsò-phuānn,做伴
tsò-phuānn-kiânn,做伴行
tsò-piān,做便
tsò-piān-ê,做便的
tsò-piáu,做婊
tsò-pó-ke,做保家
tsò-puê-kheh,做陪客
tsò-put-tsìng,做不正
tsò-put-tuan,做不端
tsò-sam-sing,做三牲
tsò-sán-khuì,做散氣
tsò-sán-khuì,做瘦氣
tsò-sik,做色
tsò-sing-lí,做生理
tsò-senn-ji̍t,做生日
tsò-sian,做仙
tsò-siann,做聲
tsò-siànn-lâng,做聖人
tsò-siān-sū,做善事
tsò-sian-hong,做先鋒
tsò-sîn,做神
tsò-sió,做秀
tsò-sit,做穡
tsò-sit-lâng,做穡人
tsò-suànn-kang,做散工
tshòo-sû,措辭
tsò-tāi,做代
tsò-tāi-tsì,做代誌
tsò-tánn,做膽
tsò-tê,做茶
tsò-thâu,做頭
tsò-thâu-ke,做頭家
tsò-thé-gē,做體藝
tsò-thé-thóng,做體統
tsò-thè,做替
tsò-thò,做套
tsò-thôo,做土
tsò-thôo-ê,做土的
tsò-tīn,做陣
tsò-tīn-kiânn,做陣行
tsò-tio̍h,做著
tsò-tiong-lâng,做中人
tsò-tn̂g-kang,做長工
tsò-tuā-tsuí,做大水
tsò-tuā-uānn,做大旱
tsò-tong,做東
tsò-tui,做堆
tsò-tuì,作對
tsò-tuì,做對
tsò-tuì-nî,做對年
tsò-tuì-thâu,作對頭
tsò-tuì-thâu,做對頭
tsò-tui-khiā,做堆徛
tsò-ûn,做勻
tsô,tsô
tsô,曹
tsô,嘈
tsô,槽
tsô,艚
tsô-tsak,嘈齪
tsô-tsîng,槽前
tsô-kè,槽架
tsô-liāu,佐料
tsō,tsō
tsō,坐
tsō,座
tsō,造
tsō-bu̍t,造物
tsō-tsheh,造冊
tsō-tshia,座車
tsō-tshut,造出
tsō-tsiū,造就
tsō-tsuá,造紙
tsō-tsûn,造船
tsō-gē,造詣
tsō-gia̍p,造業
tsō-gia̍t,造孽
tsō-hîng,造形
tsō-hîng,造型
tsō-huà,造化
tsō-huán,造反
tsō-hok,造福
tsō-hóng,造訪
tsō-í,座椅
tsō-iâu,造謠
tsō-iâu-giân,造謠言
tsō-ké,造假
tsō-ké-siàu,造假數
tsō-kè,造價
tsō-lîm,造林
tsō-lōo,造路
tsō-uē,造話
tsō-oo,皂烏
tsō-piau,座標
tsō-sîng,造成
tsō-siàu,造數
tsō-tâm,座談
tsō-tâm-huē,座談會
tsō-tuā,坐大
tsō-uī,座位
tsuá,紙
tsuá-ang-á,紙尪仔
tsuá-a̍p,紙盒
tsuá-tshuì,紙碎
tsuá-tsînn,紙錢
tsuá-tsiunn,紙漿
tsuá-tsiunn-tshiúnn,紙漿廠
tsuá-gî,紙儀
tsuá-gia̍p,紙業
tsuá-hî,紙魚
tsuá-hóo,紙虎
tsuá-hun,紙熏
tsuá-iánn-á,紙影仔
tsuá-iánn-hì,紙影戲
tsuá-ín,紙引
tsuá-iù,紙幼
tsuá-kìng,紙敬
tsuá-kha-tshng,紙尻川
tsuá-khueh-á,紙篋仔
tsuá-kin,紙筋
tsuá-kôo-ê,紙糊個
tsuá-lī-á,紙字仔
tsuá-lián,紙撚
tsuá-lián-ting,紙撚燈
tsuá-lok,紙橐
tsuá-pâi,紙牌
tsuá-pâi-á,紙牌仔
tsuá-pang,紙枋
tsuá-pè,紙幣
tsuá-phe,紙胚
tsuá-phiò,紙票
tsuá-phue,紙坯
tsuá-pit,紙筆
tsuá-puē,紙背
tsuá-po̍h,紙泊
tsuá-po̍h,紙箔
tsuá-sann,紙衫
tsuá-sap,紙屑
tsuá-sin,紙身
tsuá-sng,紙栓
tsuá-sut,紙屑
tsuá-tē-á,紙袋仔
tsuá-teh,紙teh
tsuá-teh,紙矺
tsuá-tiâu,紙條
tsuá-tiâu-á,紙條仔
tsuá-tiunn,紙張
tsuâ,蛇
tsuâ-bo̍k,蛇木
tsuâ-bóng,蛇蟒
tsuâ-tshiu,蛇鬚
tsuâ-tsi̍h-hông,蛇舌hông
tsuâ-ing,蛇鷹
tsuâ-io̍h-tsháu,蛇藥草
tsuâ-khak,蛇殼
tsuâ-kóo,蛇蠱
tsuâ-ku,蛇龜
tsuâ-kū-bó,蛇舅母
tsuâ-muâ,蛇鰻
tsuâ-muâ-tsháu,蛇麻草
tsuâ-phō,蛇抱
tsuâ-pô,蛇婆
tsuâ-pô-tô,蛇葡萄
tsuâ-thâu,蛇頭
tsuâ-thuè,蛇蛻
tsuâ-tiau,蛇鵰
tsuā,tsuā
tsuā,誓
tsuā-siann,迣聲
tsuah,泄
tsuah,泏
tsua̍h,縒
tsua̍h,癒
tsua̍h-bī,縒味
tsua̍h-im,縒音
tsua̍h-sim,縒心
tsua̍h-tiāu,縒調
tsuah-tshut-lâi,泏出來
tsuah-tín-tāng,泏振動
tsuāi,tsuāi
tsuāinn,tsuāinn
tsuāinn-kiû,跩球
tsuann,tsuann
tsuan,專
tsuánn,怎
tsuánn,盞
tsuán,轉
tsuán-tsài,轉載
tsuán-tshia,轉車
tsuán-tshuì,轉嘴
tsuán-tsia̍h,賺食
tsuán-tsia̍h-uánn,賺食碗
tsuán-tsiàn,轉戰
tsuán-tsiat,轉折
tsuán-tsìn,轉進
tsuán-tsoo,轉租
tsuánn-ē,怎會
tsuán-gia̍p,轉業
tsuán-ha̍k,轉學
tsuánn-hó,怎好
tsuán-huat,轉發
tsuán-î,轉移
tsuánn-iūnn,怎樣
tsuánn-iūnn-pān,怎樣辦
tsuán-jīm,轉任
tsuán-kau,轉交
tsuán-kè,轉嫁
tsuán-kiū,轉柩
tsuán-kò,轉告
tsuánn-lî,笊籬
tsuán-niū,轉讓
tsuán-óng,轉往
tsuán-pa̍t-tôo,轉別途
tsuán-piàn,轉變
tsuán-pò,轉播
tsuán-pò-tsām,轉播站
tsuán-sàng,轉送
tsuán-sè,轉世
tsuán-se-hong,轉西方
tsuán-siàu,轉數
tsuán-sok,轉速
tsuán-su̍t,轉述
tsuán-tâi,轉台
tsuán-ta̍t,轉達
tsuán-tâu-tsu,轉投資
tsuánn-thang,怎通
tsuán-tôo,轉途
tsuán-ūn,轉運
tsuànn,tsuànn
tsuàn,串
tsuànn-iû,炙油
tsuànn-iû,饡油
tsuân,全
tsuânn,泉
tsuânn,殘
tsuânn-á,泉仔
tsuânn-ba̍k,泉目
tsuân-bia̍t,全滅
tsuân-bîn,全民
tsuân-bīn,全面
tsuân-tsâi,全才
tsuân-tsik,全責
tsuân-tsi̍p,全集
tsuân-tsiu,泉州
tsuânn-tsuí,泉水
tsuân-gia̍h,全額
tsuân-huē,全會
tsuân-hù,全副
tsuân-jiân,全然
tsuân-jú,全癒
tsuân-jú,痊癒
tsuânn-khang,泉空
tsuân-kiû,全球
tsuân-kuân,全權
tsuân-kok,全國
tsuân-kok-sìng,全國性
tsuân-kun,全軍
tsuân-li̍k,全力
tsuân-lîng,全能
tsuân-lóng,全lóng
tsuân-luî-tánn,全壘打
tsuân-māu,全貌
tsuân-nî,全年
tsuân-phiò,全票
tsuân-puânn,全盤
tsuân-pōo,全部
tsuân-sīng,全盛
tsuân-si,全屍
tsuân-sim-sîn,全心神
tsuân-sin,全身
tsuân-sin,全新
tsuân-sin-khu,全身軀
tsuân-sit,全蝕
tsuân-sòo,全數
tsuân-su,全書
tsuânn-thâu,泉頭
tsuân-thé,全體
tsuân-thian-hā,全天下
tsuân-tióng,專長
tsuân-tn̂g,全長
tsuān,tsuān
tsuān,撰
tsuānn,賤
tsuānn,濺
tsuān-bûn,撰文
tsuānn-tshut-lâi,濺出來
tsuān-liàn-tńg,鏇輾轉
tsuān-siá,撰寫
tsuān-su̍t,撰述
tsuān-tn̄g,鏇斷
tsuan-àn,專案
tsuan-bē,專賣
tsuan-bûn,專文
tsuan-bûn,專門
tsuan-tsâi,專才
tsuan-tsè,專制
tsuan-tsing,專精
tsuan-tsìng,專政
tsuan-tshia,專車
tsuan-tsip,專輯
tsuan-tsit,專職
tsuan-tsù,專注
tsuan-îng,專營
tsuan-gia̍p,專業
tsuan-gia̍p-huà,專業化
tsuan-hāu,專校
tsuan-hóng,專訪
tsuan-hōo,專戶
tsuan-ì,專意
tsuann-io̍h,煎藥
tsuan-iōng,專用
tsuan-it,專一
tsuan-jīm,專任
tsuan-jîn,專人
tsuan-ka,專家
tsuan-kang,專工
tsuan-khan,專刊
tsuan-kho,專科
tsuan-khuán,專款
tsuan-ki,專機
tsuan-kim,專金
tsuan-kuàn,專貫
tsuan-kuân,專權
tsuan-kong,專攻
tsuan-kuī,專櫃
tsuann-kún-tsuí,煎滾水
tsuan-lī,專利
tsuan-lī-huat,專利法
tsuan-lī-kuân,專利權
tsuan-liān,專練
tsuan-nuâ,專欄
tsuan-uân,專員
tsuan-sik,專色
tsuan-si,專司
tsuan-sim,專心
tsuan-siu,專修
tsuan-suànn,專線
tsuan-sū,專事
tsuan-tê,專題
tsuann-tê,煎茶
tsuan-thîng,專程
tsuan-tiān,專電
tsuan-tióng,專長
tsuan-tiông,專長
tsuan-tuàn,專斷
tsuan-tuān,專斷
tsuan-tôo,專途
tsuat,choat
tsua̍t,絕
tsua̍t-á,絕仔
tsua̍t-āu,絕後
tsua̍t-bāng,絕望
tsua̍t-bô,絕無
tsua̍t-bōng,絕望
tsua̍t-tsik,絕跡
tsua̍t-tsìng,絕症
tsua̍t-tsîng,絕情
tsua̍t-tsiau,絕招
tsua̍t-hong-niá,絕風嶺
tsua̍t-hui,絕非
tsua̍t-iân,絕緣
tsua̍t-ka,絕佳
tsua̍t-kau,絕交
tsua̍t-kháu,絕口
tsua̍t-khuì,絕氣
tsua̍t-kù,絕句
tsua̍t-lōo,絕路
tsua̍t-pán,絕版
tsua̍t-pit,絕筆
tsua̍t-pōo,絕步
tsua̍t-put,絕不
tsua̍t-si̍t,絕食
tsua̍t-sû,絕嗣
tsua̍t-tíng,絕頂
tsua̍t-thâu-pōo,絕頭步
tsua̍t-tuì,絕對
tsuat-iàu,撮要
tsuat-king,拙荊
tso-būn,慒悶
tso-būn,糟悶
tso-tsak,嘈促
tsué-tshik,揣測
tsuè,最
tsuè,贅
tsuè-āu,最後
tsuè-tshoo,最初
tsuè-tsiong,最終
tsuè-tsōo,濟助
tsuè-hó,最好
tsuè-iu,最優
tsuè-ka,最佳
tsuè-kē-kè,最低價
tsuè-kīn,最近
tsuè-ki-pún,最基本
tsuè-ko-hong,最高峰
tsuè-ko-tiám,最高點
tsuè-ko-tiâu,最高潮
tsuē,tsuē
tsuē,罪
tsuē,睡
tsuē-tsìng,罪證
tsuē-tsōng,罪狀
tsuē-gia̍t,罪孽
tsuē-hîng,罪行
tsuē-hiâm,罪嫌
tsuē-huān,罪犯
tsuē-jîn,罪人
tsuē-khue,罪魁
tsuē-kò,罪過
tsuē-kuà,罪罫
tsuē-mí-muá,儕彌滿
tsuē-miâ,罪名
tsuē-uē,儕話
tsuē-ok,罪惡
tsuē-ok-kám,罪惡感
tsue̍h,截
tsue̍h-khui,截開
tso-gū,遭遇
tso-gū--tio̍h,遭遇著
tsoh,choh
tsoh,作
tso̍h,tso̍h
tso̍h,射
tso̍h-bó-tsháu,酢母草
tso̍h-ji̍t,昨日
tso̍h--ji̍t,昨日
tsoh-àn,做案
tsoh-bu̍t,做物
tsoh-tsìng,做證
tsoh-tshân,做田
tsoh-tshân-lâng,做田人
tsoh-tsú,做主
tsoh-hn̂g,做園
tsoh-hó,做好
tso-hī,糟耳
tsoh-kang,做工
tsoh-kè,做價
tsoh-lo̍k,作樂
tsoh-uē,作畫
tsoh-sik,做息
tsoh-sing-lí,做生理
tsoh-sit,做穡
tsoh-sit-lâng,做穡人
tsoh-sū,做事
tsoh-tap,做答
tsoh-tong,做東
tso̍k,族
tso̍k,濁
tso̍k,鏃
tso̍k-tshin,族親
tso̍k-è,族裔
tso̍k-jîn,族人
tso̍k-kûn,族群
tso̍k-phóo,族譜
tso̍k-ti̍t,族姪
tso̍k-tiúnn,族長
tsok-bûn,作文
tsok-tshái,作彩
tsok-tsiá,作者
tsok-tsiàn,作戰
tsok-ga̍k,作樂
tsok-gia̍p,作業
tsok-gia̍p-uân,作業員
tsok-gia̍t,作孽
tsok-huat,作法
tsok-hong,作風
tso-kiap,遭劫
tsok-iōng,作用
tsok-ka,作家
tsok-ké,作假
tsok-khik,作曲
tsok-khik-ka,作曲家
tsok-khiàn,作譴
tsok-kuài,作怪
tsok-luān,作亂
tsok-lōng,作弄
tsok-pè,作弊
tsok-phín,作品
tsok-suī,作祟
tsok-uî,作為
tso-lān,遭難
tso-liāu,糟料
tsong,宗
tsong,裝
tsóng,總
tsóng-bāu,總貿
tsóng-ba̍uh,總貿
tsóng-bô,總無
tsóng-bū,總務
tsóng-tsik,總則
tsóng-tshâi,總裁
tsóng-tshé,總扯
tsóng-tshing,總清
tsóng-tshiúnn,總廠
tsóng--tsi,總之
tsóng-tsí-hui,總指揮
tsóng-gia̍h,總額
tsóng-hâng,總行
tsóng-hô,總和
tsóng-huē,總會
tsóng-ī-sǹg,總預算
tsóng-jîn-kháu,總人口
tsóng-kak,總角
tsóng-kàm,總監
tsóng-kàn-sū,總幹事
tsóng-kang,總綱
tsóng-kè,總計
tsóng-king-lí,總經理
tsóng-khai,總開
tsóng-ki,總機
tsóng-kiat,總結
tsóng-kin-thâu,總根頭
tsóng-kio̍k,總局
tsóng-kiōng,總共
tsóng-kiōng-ū,總共有
tsóng-kuán,總管
tsóng-kóng,總講
tsóng-kong-si,總公司
tsóng-la̍k,總搦
tsóng-lám,總攬
tsóng-láng,總láng
tsóng-lí,總理
tsóng-liāng,總量
tsóng-lōo-thâu,總路頭
tsóng-pau,總包
tsóng-phian-tsip,總編輯
tsóng-phoo,總舖
tsóng-phòo,總舖
tsóng-phòo-sai,總舖師
tsóng-phōo,總簿
tsóng-pōo,總部
tsóng-sî,總辭
tsóng-sī,總是
tsóng-siàu,總數
tsóng-siong-huē,總商會
tsóng-sǹg,總算
tsóng-sòo,總數
tsóng-sú,總署
tsóng-su-līng,總司令
tsóng-tāi-lí,總代理
tsóng-ta̍t,總值
tsóng-thâu,總頭
tsóng-thé,總體
tsóng-thóng,總統
tsóng-thóng-hî,總統魚
tsóng-thóng-hú,總統府
tsóng-tio̍h,總著
tsóng--tio̍h,總著
tsóng-tiúnn,總長
tsóng-tok,總督
tsóng-tōng-uân,總動員
tsòng,壯
tsòng,葬
tsòng-gî-siā,葬儀社
tsòng-iông,壯陽
tsòng-jîn,藏人
tsòng-khì,壯氣
tsòng-kuan,壯觀
tsòng-kok-thé,壯國體
tsòng-lē,壯麗
tsòng-liân,壯年
tsòng-piak-piak,壯逼逼
tsòng-sik,葬式
tsòng-sū,壯士
tsòng-tāi,壯大
tsòng-tánn,壯膽
tsòng-uî,壯圍
tsông,tsông
tsông-âng-ting,tsông紅燈
tsông-tsînn,tsông錢
tsông-tsînn-khang,tsông錢空
tsông-tso̍h,tsông躐
tsông-ji̍p,闖入
tsông-kiànn-jîn,藏鏡人
tsông-ko,崇高
tsông-kong,崇光
tsông-pài,崇拜
tsông-sin,藏身
tsông-siōng,崇尚
tsông-su,叢書
tsông-su,藏書
tsông-tik,崇德
tsōng,撞
tsōng-hóng,狀況
tsōng-khang,狀空
tsōng-thài,狀態
tsong-bu̍t,贓物
tsong-tshia,裝車
tsong-tshin,宗親
tsong-tsí,宗旨
tsong-tso̍k,宗族
tsong-gē,綜藝
tsong-giâm,莊嚴
tsong-ha̍p,綜合
tsong-hóng,裝仿
tsong-hông,裝潢
tsong-kah-su,裝甲師
tsong-kàu,宗教
tsong-kuan,綜觀
tsong-liah,蹤跡
tsong-phuan,宗藩
tsong-phuê,裝皮
tsong-pī,裝備
tsong-sik,裝飾
tsong-tì,裝置
tsong-tiúnn,宗長
tso-sim,慒心
tso-siū--tio̍h,遭受著
tso-tì,遭致
tsoo,租
tsoo,組
tsóo,祖
tsóo-biō,祖廟
tsóo-bó,祖母
tsóo-bōng,祖墓
tsóo-tsi̍k,祖籍
tsóo-tshù,祖厝
tsóo-tsí,阻止
tsóo-tsua̍t,阻絕
tsóo-tsóo,祖祖
tsóo-gāi,阻礙
tsóo-gia̍p,祖業
tsóo-hū,祖父
tsóo-hûn,祖墳
tsóo-î,祖姨
tsóo-jiáu,阻擾
tsóo-ke,祖家
tsóo-keh,阻隔
tsóo-kok,祖國
tsóo-kong,祖公
tsóo-kong-gia̍p,祖公業
tsóo-kong-huē,祖公會
tsóo-lân,阻攔
tsóo-li̍k,阻力
tsóo-má,祖媽
tsóo-uân,組員
tsóo-ok,租屋
tsóo-pia̍t,組別
tsóo-sán,祖產
tsóo-sîng,組成
tsóo-sian,祖先
tsóo-sû,祖祠
tsóo-su-iâ,祖師爺
tsóo-su-kong,祖師公
tsóo-sun,祖孫
tsóo-that,阻that
tsóo-thâu,組頭
tsóo-thuân,祖傳
tsóo-tiúnn,組長
tsóo-tn̄g,阻斷
tsóo-tòng,阻擋
tshu-hîng,雛形
tsôo-hîng,雛形
tshu-hîng,雛型
tsôo-hîng,雛型
tshu-ki,雛妓
tsôo-ki,雛妓
tshu-kiok,雛菊
tsôo-kiok,雛菊
tsōo,助
tsōo-tsàn,助贊
tsōo-tsān,助贊
tsōo-tshiú,助手
tsōo-ik,助益
tsōo-ha̍k-kim,助學金
tsōo-jiân,驟然
tsōo-kàu,助教
tsōo-li̍k,助力
tsōo-lí,助理
tsōo-lí-uân,助理員
tsōo-sán-sū,助產士
tsōo-sû,助詞
tsōo-tánn,助膽
tsōo-tīn,助陣
tsōo-tióng,助長
tsōo-tōng-sû,助動詞
tsoo-tshù,租厝
tsoo-tsit,組織
tsoo-ha̍p,組合
tsoo-ha̍p-sîng,組合成
tsoo-hōo,租戶
tsoo-huì,租費
tsoo-hùn,組訓
tsoo-iōng,租用
tsoo-khik,組曲
tsoo--khí-lâi,租起來
tsoo-kî,租期
tsoo-kiānn,組件
tsoo-kim,租金
tsoo-koh,組閣
tso-un,遭瘟
tsoo-uân,組員
tsoo-ok,租屋
tsoo-pia̍t,組別
tsoo-sîng,組成
tsoo-thâu,組頭
tsoo-tiúnn,組長
tsu,朱
tsu,孜
tsu,書
tsu,珠
tsu,資
tsu,諸
tsú,主
tsú-āu,主後
tsú-bîn,子民
tsú-tsáinn,主宰
tsú-tsè,主祭
tsú-tsìng,主政
tsú-tshâi,主裁
tsú-tshî,主持
tsú-tshî-jîn,主持人
tsú-tshiònn,主唱
tsú-tshiū,梓樹
tsú-tshiū,楮樹
tsú-tsí,主旨
tsú-tsiàn,主戰
tsú-tsiòng,主將
tsú-tsiông,主從
tsú-gí,主語
tsú-gī,主義
tsú-hio̍h,子葉
tsú-hong,主峰
tsú-hū,主婦
tsú-hun,主婚
tsú-ì,主意
tsú-ián,主演
tsú-iàu,主要
tsú-im,子音
tsú-in,主因
tsú-jīm,主任
tsú-jîn-ong,主人翁
tsú-ji̍t-o̍h,主日學
tsú-kak,主角
tsú-kàn,主幹
tsú-káng,主講
tsú-kàu,主教
tsú-kè,主計
tsú-kè-tshù,主計處
tsú-kè-sik,主計室
tsú-kè-tiúnn,主計長
tsú-ki,主機
tsú-kiàn,主見
tsú-kiong,子宮
tsú-ki-pán,主機板
tsú-kuan,主觀
tsú-kuann,梓官
tsú-kuán,主管
tsú-kuân,主權
tsú-kuat,主決
tsú-kong,主公
tsú-kong,主攻
tsú-kòo,主顧
tsú-kòo-kheh,主顧客
tsú-lâng,主人
tsú-lâng-ka,主人家
tsú-lâng-ong,主人翁
tsú-lé-jîn,主禮人
tsú-li̍k,主力
tsú-liû,主流
tsú-ngóo,子午
tsú-ngóo-tshenn,子午星
tsú-ngóo-tsiam,子午針
tsú-ngóo-hue,子午花
tsú-ngóo-liân,子午蓮
tsú-ngóo-suànn,子午線
tsú-pān,主辦
tsú-pān-kuân,主辦權
tsú-phian,主編
tsú-pin,主賓
tsú-pit,主筆
tsú-puânn,主盤
tsú-sè,仔細
tsú-si̍k,主席
tsú-sím,主審
tsú-sim-tiānn,主心定
tsú-si̍t,主食
tsú-siu,主修
tsú-sú,主使
tsú-sū-tsiá,主事者
tsú-sun,子孫
tsú-tê,主題
tsú-tē,子弟
tsú-tē-bué,子弟尾
tsú-tē-hì,子弟戲
tsú-tē-hóo,子弟虎
tsú-tē-pan,子弟班
tsú-tē-ping,子弟兵
tsú-ti̍k,主軸
tsú-thài,姿態
tsú-thâu,主頭
tsú-thé,主體
tsú-tī,主治
tsú-tiunn,子張
tsú-tiunn,主張
tsú-tō,主導
tsú-tuânn,紫檀
tsú-tōng,主動
tsú-uí,主委
tsù,注
tsù,註
tsù,鑄
tsù-ba̍k,注目
tsù-bîng,註明
tsù-bo̍k,注目
tsù-bûn,注文
tsù-tsat,駐紮
tsù-tse̍h,注絕
tsù-tsheh,註冊
tsù-tsiok,駐足
tsù-tsō,鑄造
tsù-hó-hó,註好好
tsù-huâ,駐華
tsù-hông,駐防
tsù-ì,注意
tsù-ì-li̍k,注意力
tsù-ì--tio̍h,注意著
tsù-im,注音
tsù-ji̍p,注入
tsù-kái,註解
tsù-kha,注腳
tsù-kun,駐軍
tsù-liû,駐留
tsù-sik,註釋
tsù-sí,注死
tsù-sí,註死
tsù-sī,注視
tsù-siā,注射
tsù-siā-tâng,注射筒
tsù-siau,註銷
tsù-sim,注心
tsù-sîn,注神
tsù-tē,駐地
tsù-tīng,註定
tsù-thih,鑄鐵
tsù-tiānn,注定
tsù-tiānn,註定
tsù-tiānn-tio̍h,註定著
tsù-tiōng,注重
tsû,孜
tsû-tsû-khuànn,孜孜看
tsû-iù,慈幼
tsû-khì,磁器
tsû-koo,慈姑
tsû-lôo,鶿鸕
tsû-ôo,慈湖
tsû-phìnn,磁片
tsû-pi,慈悲
tsû-sìng,磁性
tsû-siān,慈善
tsû-siông,慈祥
tsû-tia̍p-ki,磁碟機
tsû-tiûnn,磁場
tsû-tuà,磁帶
tsū,tsū
tsū,自
tsū,住
tsū,柱
tsū-á,眥仔
tsū-ài,自愛
tsū-án-ne,自按呢
tsū-àn-ne,自按呢
tsū-bîn,住民
tsū-bîn-tóng,自民黨
tsū-buán,自滿
tsū-tsá,自早
tsū-tsāi,自在
tsū-tsè,自制
tsū-tsè,自製
tsū-tsik,自責
tsū-tshan,聚餐
tsū-tshing,自稱
tsū-tshî,自持
tsū-tshî,住持
tsū-tshiú,住手
tsū-tshú,自此
tsū-tshù,住處
tsū-tsí,住址
tsū-tsia,自遮
tsū-tsīn,自盡
tsū-tsiòng,聚眾
tsū-tsiông,自從
tsū-tsi̍p,聚集
tsū-tsuá,tsū紙
tsū-tsuan,自專
tsū-tsuán,自轉
tsū-tsuán-tshia,自轉車
tsū-tsuān,自撰
tsū-tsok-gia̍t,自作孽
tsū-tsoo,自組
tsū-tsōo,自助
tsū-tsōo-tshan,自助餐
tsū-tsú,自主
tsū-tsun,自尊
tsū-tsun-sim,自尊心
tsū-è,自縊
tsū-ìng,自應
tsū-îng-siong,自營商
tsū-guān,自願
tsū-gû,自娛
tsū-ha̍k,自學
tsū-ha̍p,聚合
tsū-hí,自許
tsū-hit-tsūn,自彼陣
tsū-hô,自豪
tsū-huat,自發
tsū-huat-sìng,自發性
tsū-huē,聚會
tsū-hông,駐防
tsū-hū,自負
tsū-huì,自費
tsū-hûn,自焚
tsū-īnn,住院
tsū-iōng,自用
tsū-iōng-tshia,自用車
tsū-iú,自有
tsū-iù,自幼
tsū-iû,自由
tsū-iû-tshia,自由車
tsū-iû-gia̍p,自由業
tsū-iû-huà,自由化
tsū-iû-ji̍t,自由日
tsū-iû-phài,自由派
tsū-iû-sik,自由式
tsū-jî,自如
tsū-jiân,自然
tsū-jiân-jîn,自然人
tsū-jiân-kài,自然界
tsū-jiân-ti̍k,自然的
tsū-jīm,自任
tsū-jīn,自認
tsū-ka-iōng,自家用
tsū-kak,自覺
tsū-ka-lâng,自家人
tsū-king,tsū肩
tsū-king-lông,自耕農
tsū-khai-kho,自開誇
tsū-khai-khua,自開誇
tsū-khai-sí,自開始
tsū-khua,自誇
tsū-khóo,自苦
tsū-ki,自居
tsū-ki,聚居
tsū-kí,自己
tsū-kiàn,自建
tsū-kiông,自強
tsū-kip,自給
tsū-kiù,自救
tsū-ko,自高
tsū-kuat,自決
tsū-kóo,自古
tsū-kóo-bô,自古無
tsū-kóo-tsá,自古早
tsū-kun,駐軍
tsū-lâi,自來
tsū-lâi-tsuí,自來水
tsū-lâi-hué,自來火
tsū-li̍k,自力
tsū-lí,自理
tsū-lián-tshia,自輦車
tsū-li̍p,自立
tsū-lo̍h,聚落
tsū-lu̍t,自律
tsū-ngōo,自傲
tsū-uē,自衛
tsū-uē-tuī,自衛隊
tsū-ok,住屋
tsū-pán,tsū板
tsū-pe̍h,自白
tsū-pi̍k,自白
tsū-pi̍k-su,自白書
tsū-pi,自卑
tsū-pī,自備
tsū-pi-kám,自卑感
tsū-pó,自保
tsū-pua̍t,自拔
tsū-pún,自本
tsū-sat,自殺
tsū-sè,自細
tsū-sè-hàn,自細漢
tsū-síng,自省
tsū-sī,自是
tsū-siat,自設
tsū-sin,自新
tsū-sìn,自信
tsū-sìn-sim,自信心
tsū-si̍p,自習
tsū-siu,自修
tsū-siú,自首
tsū-siú,駐守
tsū-sóo,住所
tsū-sòo,自訴
tsū-su,自私
tsū-tāi,自大
tsū-tau,自嘲
tsū-té,自底
tsū-té,眥底
tsū-thâu,自頭
tsū-the̍h,住宅
tsū-the̍h-khu,住宅區
tsū-ti,自知
tsū-tī,自治
tsū-tī-huat,自治法
tsū-tī-khu,自治區
tsū-tī-kuân,自治權
tsū-tiōng,自重
tsū-tit,自得
tsū-tuàn,自斷
tsū-tuān,自傳
tsū-toh-kin,tsū桌巾
tsū-tong,自當
tsū-tōng,自動
tsū-tōng-tshia,自動車
tsū-tōng-huà,自動化
tsū-tōng-só,自動鎖
tsū-tóo,聚賭
tsū-uì,自慰
tsu-á,朱仔
tsu-á-tsháu,珠仔草
tsu-á-tsiam,珠仔針
tsu-á-king,珠仔間
tsu-á-tuī,珠仔墜
tsu-âng,朱紅
tsu-bī,滋味
tsu-bui,滋微
tsu-tsàn,資贊
tsu-tsān,資贊
tsu-tsíng,珠種
tsu-tsìng,資政
tsu-tshim,資深
tsu-tshng,珠瘡
tsu-tshun,珠春
tsu-tsio,朱蕉
tsu-tsit,資質
tsu-tsiunn,珠漿
tsu-tsu,孜孜
tsu-tsú,朱子
tsu-tsú-tsháu,朱子草
tsu-tsu-âng,朱朱紅
tsu-tsu-khuànn,孜孜看
tsu-tsu-siòng,孜孜相
tsu-tsu-siūnn,孜孜想
tsu-gím-hue,朱錦花
tsu-guân,資源
tsu-hái,珠海
tsuh-tshut-lâi,注出來
tsuh-nn̄g,注卵
tsu-hue,珠花
tsui,隹
tsui,椎
tsui,錐
tsu-i,朱衣
tsuí,水
tsuí-ah,水鴨
tsuí-âm-kóng,水涵管
tsuí-âng,水紅
tsuí-âng-tshiū,水紅樹
tsuí-âng-hue,水紅花
tsuí-âng-sik,水紅色
tsuí-ap,水壓
tsuí-ba̍k,水墨
tsuí-báng-á,水蚊仔
tsuí-bé,水馬
tsuí-bīn,水面
tsuí-bīn-tíng,水面頂
tsuí-bó,水母
tsuí-bó-sua,水母鯊
tsuí-bō,水磨
tsuí-bué,水尾
tsuí-bū,水霧
tsuí-tsai,水災
tsuí-tsik,水積
tsuí-tsik,水燭
tsuí-tsenn,水晶
tsuí-tsíng,水腫
tsuí-tsing-khì,水蒸氣
tsuí-tshâ-pê,水柴耙
tsuí-tshái,水彩
tsuí-tshân,水田
tsuí-tshân-enn,水田蠳
tsuí-tshang-á,水蔥仔
tsuí-tshat,水漆
tsuí-tsha̍t-á,水賊仔
tsuí-tsháu,水草
tsuí-tshìng,水銃
tsuí-tshi,水蛆
tsuí-tshí,水鼠
tsuí-tshia,水車
tsuí-tshia-ia̍p,水車葉
tsuí-tshiâng,水tshiâng
tsuí-tshiâng-tshē,水沖泚
tsuí-tshim,水深
tsuí-tshìn,水秤
tsuí-tship,水咠
tsuí-tshiu,水鬚
tsuí-tshiú,水手
tsuí-tshiúnn,水廠
tsuí-tshng-tsuâ,水穿蛇
tsuí-tshó-á,水草仔
tsuí-tshu,水蛆
tsuí-tsiam,水尖
tsuí-tsiam,水針
tsuí-tsiam-á,水尖仔
tsuí-tsiáu,水鳥
tsuí-tsìm-kué,水浸粿
tsuí-tsin,水升
tsuí-tsio,水蕉
tsuí-tsit,水質
tsuí-tsô,水槽
tsuí-tsuâ,水蛇
tsuí-tsuâ-io,水蛇腰
tsuí-tsuâ-siû,水蛇泅
tsuí-tsuánn,水泉
tsuí-tsuânn,水泉
tsuí-tsuânn-tsuí,水泉水
tsuí-tsuān-thâu,水撰頭
tsuí-tso̍k,水族
tsuí-tsu,水珠
tsuí-tsún,水準
tsuí-tsūn,水拵
tsuí-tsūn-thâu,水拵頭
tsuí-tsut,水淬
tsuí-tsu̍t-á,水捽仔
tsuí-eh,水厄
tsuí-íng,水湧
tsuí-giâ-kang,水蜈蚣
tsuí-giat,水蠍
tsuí-gím,水錦
tsuí-gîn,水銀
tsuí-guân,水源
tsuí-guân-thâu,水源頭
tsuí-gû,水牛
tsuí-gû-siânn,水牛城
tsuí-hāi,水害
tsuí-hāu,水鱟
tsuí-hi̍k,水域
tsuí-hia,水靴
tsuí-hiā,水蟻
tsuí-hiànn,水向
tsuí-hia̍p-á,水挾仔
tsuí-hia̍p-á,水浹仔
tsuí-hiong,水鄉
tsuí-hue,水花
tsuí-huè,水貨
tsuí-hóo-tuān,水滸傳
tsuí-hu,水夫
tsuí-hún-thâu,水粉頭
tsuí-hûn,水痕
tsuí-hûn-á,水魂仔
tsuí-hūn,水分
tsuí-hūn,水份
tsuí-hun-tshue,水熏吹
tsuí-hun-tshue,水薰吹
tsuí-ia̍h,水蝶
tsuí-iam-ke,水閹雞
tsuí-iann,水泱
tsuí-ian,水煙
tsuí-im,水淹
tsuí-im-ām,水淹頷
tsuí-im-sí,水淹死
tsuí-io̍h,水藥
tsuí-iông-pho,水蓉波
tsuí-iû,水油
tsuí-ji̍p,水入
tsuí-ka,水膠
tsuí-ká,水絞
tsuí-ka-tsáu,水虼蚤
tsuí-ka-tsáu,水蟉蚤
tsuí-ka-tsián,水鉸剪
tsuí-ka-līng,水鵁鴒
tsuí-ka-tang,水茄苳
tsuí-káu,水狗
tsuí-káu,水垢
tsuí-ke,水蛙
tsuí-ke,水雞
tsuí-ke-jiáu,水雞爪
tsuí-king,水耕
tsuí-kíng,水筧
tsuí-khám,水崁
tsuí-khat-á,水戛仔
tsuí-khenn,水坑
tsuí-khì,水氣
tsuí-khî,水蜞
tsuí-khī,水柿
tsuí-khîn,水芹
tsuí-khîn-tshài,水芹菜
tsuí-khit-tsia̍h,水乞食
tsuí-kho,水柯
tsuí-khó,水洘
tsuí-kho-á,水柯仔
tsuí-khok-á,水柝仔
tsuí-khòo,水庫
tsuí-khòo,水褲
tsuí-khut,水窟
tsuí-kiàm-tsháu,水劍草
tsuí-kiáu,水餃
tsuí-kim-kiann,水金京
tsuí-kim-tiānn,水金定
tsuí-kin-tsio,水芎蕉
tsuí-kiô,水茄
tsuí-kng,水缸
tsuí-kńg,水管
tsuí-kó,水果
tsuí-kuàn,水罐
tsuí-kuàn-tn̂g,水灌腸
tsuí-kue,水瓜
tsuí-kóng,水管
tsuí-kóng-á,水管仔
tsuí-kóng-sim,水管心
tsuí-kóo-sam,水古杉
tsuí-ku,水龜
tsuí-kuí,水鬼
tsuí-kuí-á,水鬼仔
tsuí-kuī,水櫃
tsuí-kuī-io,水櫃腰
tsuí-ku̍t,水滑
tsuí-lâ-giâ,水蟧蜈
tsuí-la̍h-tshiū,水蠟樹
tsuí-lâi,水梨
tsuí-lâi-á,水梨仔
tsuí-láu-tsháu,水荖草
tsuí-lâu-tshâ,水流柴
tsuí-lâu-kho,水流柯
tsuí-lâu-si,水流屍
tsuí-lâu-tāu,水流豆
tsuí-lāu,水漏
tsuí-lê,水螺
tsuí-lik,水慄
tsuí-li̍k,水力
tsuí-lîng,水龍
tsuí-lîng-tshia,水龍車
tsuí-lí,水里
tsuí-lī,水利
tsuí-lī-huē,水利會
tsuí-lī-kio̍k,水利局
tsuí-liân,水蓮
tsuí-liân-hue,水蓮花
tsuí-liāng,水量
tsuí-lio̍k,水陸
tsuí-liú,水柳
tsuí-liú-kho,水柳柯
tsuí-liù,水鷚
tsuí-liû,水流
tsuí-lô,水醪
tsuí-luā,水瀨
tsuí-luê,水螺
tsuí-lo̍k-tô,水駱駝
tsuí-lôo,水蔞
tsuí-lôo-tik,水蘆荻
tsuí-lōo,水路
tsuí-mn̂g,水門
tsuí-nâ-tshenn,水藍青
tsuí-nî,水呢
tsuí-nî,水泥
tsuí-ōo,水芋
tsuí-pà,水壩
tsuí-pân,水瓶
tsuí-pang-suann,水崩山
tsuí-pîng,水平
tsuí-ping-phìnn,水冰片
tsuí-phā,水泡
tsuí-phā,水皰
tsuí-phè,水帕
tsuí-phe̍h,水沫
tsuí-phi,水披
tsuí-phiâu,水瓢
tsuí-phiô,水薸
tsuí-phiô-á,水薸仔
tsuí-pho,水泡
tsuí-pho-hûn,水波痕
tsuí-pī-á,水避仔
tsuí-pió,水錶
tsuí-pit,水筆
tsuí-pit-á,水筆仔
tsuí-pn̄g,水飯
tsuí-poo-á,水埔仔
tsuí-puî,水肥
tsuí-sai-kong,水司公
tsuí-sán,水產
tsuí-sat-tsháu,水虱草
tsuí-sau,水蛸
tsuí-sik,水色
tsuí-sing,水星
tsuí-sìng,水性
tsuí-siā,水榭
tsuí-sia̍h,水杓
tsuí-sian,水sian
tsuí-sian,水仙
tsuí-siàn,水疝
tsuí-sian-hue,水仙花
tsuí-sian-mn̂g,水仙門
tsuí-siong,水傷
tsuí-siú,水手
tsuí-sue,水蔬
tsuí-sòo,水素
tsuí-sún,水筍
tsuí-ta,水凋
tsuí-ta,水乾
tsuí-tan,水丹
tsuí-tang-á,水鶇仔
tsuí-tang-kue,水冬瓜
tsuí-tāu,水痘
tsuí-tāu-iû,水豆油
tsuí-té-siû,水底泅
tsuí-ting,水燈
tsuí-tîng,水亭
tsuí-ting-tsia̍h,水燈食
tsuí-ting-hiunn,水丁香
tsuí-ting-hông,水丁黃
tsuí-thah,水塔
tsuí-thâm,水潭
tsuí-tháng,水桶
tsuí-thâu,水頭
tsuí-thè,水退
tsuí-thiāu,水柱
tsuí-thiu,水抽
tsuí-thiu-á,水抽仔
tsuí-thuah,水獺
tsuí-thóo,水土
tsuí-tî,水池
tsuí-tiān,水電
tsuí-tih,水滴
tsuí-tîn,水藤
tsuí-tīnn,水tīnn
tsuí-tin-tang,水叮噹
tsuí-tiòng,水漲
tsuí-ti-tu,水蜘蛛
tsuí-tiū,水稻
tsuí-tńg,水漲
tsuí-tńg-ke,水返雞
tsuí-tō,水道
tsuí-tō-tsuí,水道水
tsuí-tō-thâu,水道頭
tsuí-tông,水塘
tsuí-to-nî,水刀蓮
tsuí-tuì,水碓
tsuí-uī,水位
tsuí-un,水溫
tsuì,醉
tsuì-bâng-bâng,醉茫茫
tsuì-tsing-sîn,醉精神
tsuì-giān-giān,醉懨懨
tsuì-hàn,醉漢
tsuì-ì,醉意
tsuì-kuè-mê,醉過暝
tsuì-ong-í,醉翁椅
tsuì-sim,醉心
tsuì-tó,醉倒
tsuî,tsuî
tsuî-kè-siàu,摧價數
tsuî-thâu,tsuî頭
tsuī-tsōng,脺臟
tsu-iáng,滋養
tsu-iáng-hun,滋養分
tsui-khí-lâi,錐起來
tsu-im,滋陰
tsu-jî,諸如
tsu-jiah,珠跡
tsu-jû,茱萸
tsu-jūn,滋潤
tsu-kang,珠江
tsu-kat,諸葛
tsu-kat-tshài,諸葛菜
tsu-kat-ting,諸葛燈
tsu-keh,資格
tsu-kim,資金
tsu-kue,朱瓜
tsu-kong,諸公
tsu-kù,書句
tsu-kun,諸君
tsu-lân,珠蘭
tsu-lê,珠螺
tsu-li̍k,資歷
tsu-lí-á,珠李仔
tsu-liân-tshiok,朱連雀
tsu-liāu,資料
tsu-liāu-khòo,資料庫
tsu-liāu-sik,資料室
tsu-luân,朱欒
tsu-lōo,朱鷺
tsu-lu̍t,珠律
tsun,chun
tsun,尊
tsún,准
tsún,準
tsún-tsat,撙節
tsún-tsik,準則
tsún-tsîn,準繩
tsún-tsò,準作
tsún-tsò,準做
tsún-khak-tōo,準確度
tsún-khó-tsìng,准考證
tsún-kuat-sài,準決賽
tsún-nā,準若
tsún-pī,準備
tsún-pī-kim,準備金
tsún-sî,準時
tsún-siàu,准數
tsún-siàu,準數
tsún-sǹg,準算
tsún-tiānn,準定
tsún-tǹg,準當
tsún-û,准予
tsùn,tsùn
tsùn,顫
tsùn-būn,震būn
tsùn-hong,顫瘋
tsùn-kang,竣工
tsùn-kau,圳溝
tsùn-kia̍t,俊傑
tsùn-siù,俊秀
tsûn,存
tsûn,船
tsûn-á,船仔
tsûn-á-tsháu,船仔草
tsûn-āu-pōo,存後步
tsûn-bîn,船民
tsûn-bīn,船面
tsûn-bué,船尾
tsûn-bông,存亡
tsûn-bū,船務
tsûn-tsāi,存在
tsûn-tsìng,存證
tsûn-tshi,船蛆
tsûn-tship,船咠
tsûn-tshng,船艙
tsûn-tshú,存取
tsûn-tsiah,船隻
tsûn-tsînn,船錢
tsûn-tsiúnn,船槳
tsûn-tsoo,船租
tsûn-tsu,船資
tsûn-tsú,船主
tsûn-gî,存疑
tsûn-hue,船花
tsûn-huè,存貨
tsûn-huè,存廢
tsûn-hōo,存戶
tsûn-ì,存意
tsûn-iú,存有
tsûn-kám,船
tsûn-kám-tóo,船kám堵
tsûn-kang,船工
tsûn-khǹg,存khǹg
tsûn-khuán,存款
tsûn-kì,存記
tsûn-kî,船期
tsûn-kim,存金
tsûn-kînn,船墘
tsûn-lām,船艦
tsûn-lîng,船齡
tsûn-lí,存理
tsûn-liāng,存量
tsûn-liû,存留
tsûn-lōo,船路
tsûn-miâ,船名
tsûn-nî,存年
tsûn--nî,存年
tsûn-niû,存糧
tsûn-ua̍h,存活
tsûn-uân,船員
tsûn-oo,船塢
tsûn-pi̍k,船舶
tsûn-phiò,船票
tsûn-pue,船棓
tsûn-sim,存心
tsûn-sin,船身
tsûn-soh,船索
tsûn-té,船底
tsûn-thâu,船頭
tsûn-thé,船體
tsûn-tiànn,船碇
tsûn-tiúnn,船長
tsûn-tuann,存單
tsûn-tòng,存檔
tsûn-tóo,船肚
tsûn-tuī,船隊
tsûn-ù,船塢
tsûn-ù,船澳
tsûn-uî,船桅
tsûn-uī,船位
tsûn-ūn,船運
tsūn,tsūn
tsūn,陣
tsūn-á,鏇仔
tsūn-tshuì-phué,tsūn嘴phué
tsūn-hōo,陣雨
tsūn-thâu,拵頭
tsūn-thiànn,陣疼
tsu-ná-mih,chu-ná-mih
tsun-bīng,遵命
tsun-tshing,尊稱
tsun-tshûn,尊存
tsun-tsiàu,遵照
tsun-tsiông,遵從
tsun-tsông,尊崇
tsun-giâm,尊嚴
tsun-hîng,遵行
tsun-hî,鱒魚
tsun-hōng,遵奉
tsu-niû,姿娘
tsu-niû,諸娘
tsu-niû-lâng,諸娘人
tsun-kìng,尊敬
tsun-kuì,尊貴
tsun-ong,尊翁
tsun-siú,遵守
tsun-sûn,遵循
tsun-thàn,遵趁
tsun-tióng,尊長
tsun-tiōng,尊重
tsu-ô,珠蚝
tsu-ô,珠蠔
tsu-pâng,書房
tsu-pau,書包
tsu-pó,珠寶
tsu-póo,滋補
tsu-pún,資本
tsu-pún-gia̍h,資本額
tsu-pún-ka,資本家
tsu-sán,資產
tsu-se,朱砂
tsu-se,硃砂
tsu-se-âng,朱砂紅
tsu-sik,姿色
tsu-se-kì,朱砂痣
tsu-se-kì,硃砂痣
tsu-sì,姿勢
tsu-sìn,資訊
tsu-siong,諮商
tsu-suàn,珠算
tsu-sûn,諮詢
tsut,chut
tsut,卒
tsu̍t,tsu̍t
tsu̍t,捽
tsu̍t-á,秫仔
tsu̍t-bí,秫米
tsu̍t-bí-tsháu,秫米草
tsu̍t-tshik,秫粟
tsu̍t-oo,捽烏
tsu̍t-pí-pn̄g,秫米飯
tsu̍t-tiū,秫稻
tsut-á,卒仔
tsu-tai,書呆
tsu-ting,珠釘
tsu-tíng-hue,朱頂花
tsut-gia̍p,卒業
tsu-tiàm,書店
tsu-tian,書癲
tsu-tuà-tsháu,書帶草
tsu-tông-hue,朱桐花
tsu-tuī,珠墜
e,倭
e,挨
e,鍋
é,矮
é-á,矮仔
é-á-kâu,矮仔猴
é-á-kuí,矮仔鬼
é-bih-bih,矮bih-bih
é-tsing,啞鐘
é-tsha̍k-tsha̍k,矮鑿鑿
é-tshiûnn,矮牆
é-ê,矮的
é-í,矮椅
é-iâ,矮爺
é-káu,啞口
é-káu--ê,啞口的
é-káu-hue,啞口花
é-káu-siann,啞口聲
é-káu-sua,啞口痧
é-káu-thih,啞口鐵
é-kha-ke,矮腳雞
é-kha-lôo,矮腳蘆
é-khòo,矮寇
é-kóo,矮股
é-kóo,矮鼓
é-kóo-kóo,矮鼓鼓
é-kóo-senn,矮鼓生
é-kóo-ting,矮鼓丁
é-kóo-tóng,矮古董
é-kóo-tóng,矮鼓董
é-lâng,矮人
é-lôo,矮奴
é-puî,矮肥
é-puî-té,矮肥短
é-sè,矮細
é-siann,啞聲
é-tainn-tainn,矮tainn-tainn
é-tak-tak,矮tak-tak
é-thu̍t-thu̍t,矮thu̍t-thu̍t
é-tǹg,矮頓
é-tǹg-tǹg,矮頓頓
é-tu̍t-tu̍t,矮tu̍t-tu̍t
è,翳
è-sun,裔孫
ê,ê
ê,個
ê,鞋
ê-àm,ê暗
ê-āu-tinn,鞋後靪
ê-bín,鞋抿
ê-bín-á,鞋bín仔
ê-bín-á,鞋抿仔
ê-bīn,鞋面
ê-tsái,ê早
ê-tshàn,鞋襯
ê-tshíng-á,鞋筅仔
ê-tshiúnn,鞋廠
ê-tshiûnn,鞋牆
ê-tsū,鞋tsū
ê-tsū-á,鞋tsū仔
ê-gia̍p,鞋業
ê-hng,ê昏
ê-hng-sî,ê昏時
ê-hng-tǹg,ê昏頓
ê-hùn,鞋hùn
ê-iû,鞋油
ê-khue,捱稽
ê-lù-á,鞋攄仔
ê-luī,鞋類
ê-uē,ê話
ê-phīnn,鞋鼻
ê-poo,ê晡
ê-pui̍h,鞋拔
ê-pui̍h-á,鞋拔仔
ê-tàu,ê晝
ê-té,鞋底
ê-té-hî,鞋底魚
ê-tenn,鞋蹬
ê-thò,鞋套
ê-thua,鞋拖
ê-thua-á,鞋拖仔
ê-thueh,鞋替
ê-tiàm,鞋店
ê-tuà,鞋帶
ē,下
ē,會
ē,禍
ē-á,下仔
ē-àm,下暗
ē-bīn,下面
ē-tshiú,下手
ē-tshù,下次
ē-tshù,下厝
ē-tshut--leh,會出leh
ē-tshut-sì,下出世
ē-tshut--tit,會出得
ē-tsi̍t-iân,下一椽
ē-tsi̍t-kha,下一腳
ē-tsi̍t-puè,下一輩
ē-tsi̍t-ûn,下一勻
ē-īng,會用
ē-īng--tsit,會用得
ē-īng--leh,會用leh
ē-gok,下顎
ē-ha̍h,會合
ē-ham,下頷
ē-hiáu,會曉
ē-hiáu--tsit,會曉得
ē-hiáu-siūnn,會曉想
ē-hng,下昏
ē-hng-àm,下昏暗
ē-hng-mê,下昏暝
ē-hng-pn̄g,下昏飯
ē-hng-tǹg,下昏頓
ē-hô,會和
ē-hô-puânn,會和盤
ē-huâi,下頦
ē-huān,禍患
ē-huê,下回
ē-hù,會赴
ē-hù-tshī,會赴市
ē-iân,下沿
ē-io,下腰
ē-ji̍t,下日
ē-kái,下改
ē-kài,下屆
ē-káng,下港
ē-kau-tiāng,會交仗
ē-ke,下家
ē-keh,下格
ē-kha,下腳
ē-kha-tshiú,下腳手
ē-khah,會卡
ē-kha-ki,下腳裾
ē-kha-ku,下腳裾
ē-kham-tit,會堪得
ē-kham--tit,會堪得
ē-khò--leh,會靠leh
ē-khò-tit,會靠得
ē-khuànn-kháu,會看口
ē-ki,下裾
ē-kì-tit,會記得
ē-kî,下期
ē-kin,禍根
ē-kìnn-tsìng,會見眾
ē-kiunn,下kiunn
ē-kuè,下過
ē-kuè-sim,會過心
ē-ko̍k,下顎
ē-lâi,會來
ē-līm,下任
ē-lo̍h,會落
ē-mn̂g,廈門
ē-muá,下滿
ē-pái,下擺
ē-pak,下腹
ē-pak-á,下腹仔
ē-pan,下班
ē-pang,下幫
ē-pâng,下房
ē-pîng,下旁
ē-puànn-gue̍h,下半月
ē-puànn-ji̍t,下半日
ē-puànn-kang,下半工
ē-puànn-mê,下半暝
ē-puànn-nî,下半年
ē-puànn-poo,下半晡
ē-puànn-sin,下半身
ē-puè,下輩
ē-poo,下晡
ē-pōo,下部
ē-poo-sî,下晡時
ē-sái,會使
ē-sái-kóng,會使講
ē-sái-tit,會使得
ē-sái--tit,會使得
ē-si,下司
ē-sì-hong,下勢風
ē-sì-lâng,下世人
ē-sin,下身
ē-sìn-pîn,會信憑
ē-tang,下冬
ē-tàng,會凍
ē-tàng,會當
ē-tàng-kuè,會凍過
ē-ta̍t--leh,會值leh
ē-ta̍t-tit,會值得
ē-táu,下斗
ē-táu,下搗
ē-táu-tshiu,下斗鬚
ē-tàu,下晝
ē-tàu-lè,會鬥leh
ē-tàu--leh,會鬥leh
ē-tàu-pn̄g,下晝飯
ē-tàu-poo,下晝晡
ē-tàu-sî,下晝時
ē-tàu-tit,會鬥得
ē-tàu--tit,會鬥得
ē-tàu-tǹg,下晝頓
ē-té,下底
ē-té-sann,下底衫
ē-thàn,會賺
ē-thang,會通
ē-thâu,下頭
ē-thong,會通
ē-thòo,會吐
ē-thuí,下腿
ē-tit,會得
ē-tit-hù,會得赴
ē-tit-kuè,會得過
ē-tit-thang,會得通
ē-tn̂g,下剸
ē-tuā,會大
ē-tòng--tit,會擋得
ē-tûn,下唇
ē-uī,下位
ē-ûn,下勻
e-bí-ki,挨米機
e-bí-sóo,挨米所
e-bō,挨磨
eh,eh
eh,厄
eh,呃
eh,得
eh,噎
e̍h,阨
e̍h,狹
e̍h,隘
e̍h-bih-bih,阨bih-bih
e̍h-tsinn,阨櫼
e̍h-tsinn,狹掙
e̍h-tsinn-tsinn,阨擠擠
e̍h-tsinn-tsinn,狹掙掙
e̍h-khueh,狹khoeh
e̍h-pak,阨幅
e̍h-sè,狹細
e̍h-sió,狹小
e̍h-tak-tak,狹tak-tak
e̍h-thiu,狹抽
e̍h-tn̂g,狹長
e̍h-tue̍h,狹迭
e-hiân-á,挨弦仔
eh-ling,噎奶
eh-ni,呃奶
eh-sng,呃酸
eh-ūn,厄運
ik,益
ik,溢
ik,億
i̍k,疫
i̍k,浴
i̍k,譯
i̍k-biâu,疫苗
i̍k-bûn,譯文
i̍k-tsenn,液晶
i̍k-tsìng,疫症
i̍k-tshiú,易手
i̍k-tsiá,譯者
i̍k-tsù,譯註
i̍k-giân--tsi,易言之
i̍k-ha̍k,易學
i̍k-huà,液化
i̍k-i,浴衣
i̍k-im,譯音
i̍k-king,易經
i̍k-king,浴間
i̍k-kin,浴巾
i̍k-miâ,譯名
i̍k-uân,譯員
i̍k-pēnn,疫病
i̍k-phûn,浴盆
i̍k-puat,劃撥
i̍k-pún,譯本
i̍k-sann,浴衫
i̍k-sik,浴室
i̍k-thài,液態
i̍k-tháng,浴桶
i̍k-thé,液體
i̍k-tî,浴池
i̍k-tiûnn,浴場
i̍k-to̍k-sua,疫毒痧
ik-tshàu-sng,溢臭酸
ik-tshiah-sng,溢刺酸
ik-tshù,益處
ik-tshut,溢出
ik-tshut-lâi,溢出來
ik-hông-tō,溢洪道
ik-iú,益友
ik-kè,溢價
ik--khí-lâi,溢起來
ik-lān,厄難
ik-ling,溢奶
ik-ni,溢奶
e-kué,挨粿
ik-peh-á,億伯仔
ik-thiông,益蟲
ik-tì,益智
ik-ūn,厄運
e-lê,挨螺
e-lôo,鍋爐
enn,嬰
ênn-á,楹仔
enn-á,嬰仔
enn-á-miâ,嬰仔名
ing,eng
ing,英
ing,鶯
ing,癰
ing,鷹
íng,泳
íng,涌
íng,影
íng,穎
íng-tshiong,永昌
íng-tshiu,湧鬚
íng-tshut,湧出
íng-tsong,泳裝
íng-tsûn,永存
íng-tsūn,往陣
íng-íng,往往
íng-hîng,永恆
íng-hiáng,影響
íng-hiáng-li̍k,影響力
íng-hiáng--tio̍h,影響著
íng-hióng,永享
íng-hô,永和
íng-hô-tshī,永和市
íng-iánn,湧影
íng-ji̍t,往日
íng-ka,永嘉
íng-kè,往得
íng-kiú,永久
íng-kiú-sìng,永久性
íng-kuat,永訣
íng-kuè,永過
íng-kuè,往過
íng-kong-á,永公仔
íng-kóo,湧股
íng-lo̍k,永樂
íng-nî,往年
íng-niā,湧岭
íng-uán,永遠
íng-pái,永擺
íng-pái,往擺
íng-pia̍t,永別
íng-sè,永世
íng-sing,永生
íng-sî,往時
íng-siâng,往常
íng-siông-kuè,往常過
íng-siông-sî,往常時
íng-siōng,影像
íng-tî,泳池
íng-ū,往有
ìng,壅
ìng,應
ìng-báu,應卯
ìng-bōo,應募
ìng-tshài,蕹菜
ìng-tshài,甕菜
ìng-tshài-hông,蕹菜hông
ìng-tshân,壅田
ìng-tshì,應試
ìng-tshī,應市
ìng-tsiàn,應戰
ìng-tsiap,應接
ìng-gia̍h,應額
ìng-giām,應驗
ìng-hāu,應效
ìng-hô,應和
ìng-hōo,應護
ìng-hù,應付
ìng-hūn,應分
ìng-iau,應邀
ìng-ín,應允
ìng-iōng,應用
ìng-kai,應該
ìng-kài,應屆
ìng-kai-jiân,應該然
ìng-kíng,應景
ìng-kip,應急
ìng-lo̍k,應諾
ìng-uān,應援
ìng-phìng,應聘
ìng-piàn,應變
ìng-puî,壅肥
ìng-sè,應世
ìng-sîng,應承
ìng-siann,應聲
ìng-siû,應酬
ìng-suán,應選
ìng-ting,應徵
ìng-tiàu,應召
ìng-tiàu-tsām,應召站
ìng-tit,應得
ìng-tong,應當
ìng-tuì,應對
îng,閒
îng-á-tsheh,閒仔冊
îng-á-tsînn,閒仔錢
îng-á-mi̍h,閒仔物
îng-á-uē,閒仔話
îng-á-sū,閒仔事
îng-á-tāi,閒仔代
îng-àm,盈暗
îng-bîn,榮民
îng-bōo,螢幕
îng-tshù-king,閒厝間
îng-tsînn,閒錢
îng-tsō,營造
îng-tsō-tshiúnn,營造廠
îng-tsō-gia̍p,營造業
îng-tsō-siong,營造商
îng-tsóng,榮總
îng-ing,榮膺
îng-íng,榮景
îng-íng,榮影
îng-îng,閒閒
îng-gia̍p,營業
îng-gia̍p-tshù,營業處
îng-gia̍p-gia̍h,營業額
îng-gia̍p-huì,營業費
îng-gia̍p-pōo,營業部
îng-gia̍p-sóo,營業所
îng-hâm,榮銜
îng-hi̍k,榮獲
îng-hīng,閒行
îng-hīng,榮幸
îng-hián,榮顯
îng-hng,盈昏
îng-huân,閒煩
îng-huân-ló,閒煩惱
îng-î,盈餘
îng-ī,榮譽
îng-iáng,營養
îng-iáng-bu̍t,營養物
îng-iáng-ha̍k,營養學
îng-iáng-hun,營養分
îng-iáng-sòo,營養素
îng-iáng-su,營養師
îng-iāu,榮耀
îng-jīm,榮任
îng-ji̍t,閒日
îng-kang,閒工
îng-kang-tshù,榮工處
îng-king,閒間
îng-kha-kiânn,閒腳行
îng-kha-kut,閒腳骨
îng-khui,盈虧
îng-kiàn,營建
îng-kiù,營救
îng-kng,榮光
îng-kng,螢光
îng-kong-bōo,螢光幕
îng-koo,榮枯
îng-kui,榮歸
îng-lâi,閒來
îng-lâng,閒人
îng-lī,盈利
îng-lī,營利
îng-liu-liu,閒溜溜
îng-uē,閒話
îng-sing,營生
îng-sî,閒時
îng-siān,營繕
îng-sian-sian,閒仙仙
îng-sin,閒身
îng-sô-sô,閒sô-sô
îng-so-so,閒搔搔
îng-sū,閒事
îng-tang,閒冬
îng-ting,榮登
îng-thâu-sî,閒頭時
îng-thióng,榮寵
îng-tì,閒置
îng-ū,榮譽
îng-ui,榮威
îng-uî,營為
îng-ūn,營運
īng,用
īng-tshuì-tsn̄g,用嘴吮
īng-huat,用法
īng-kang,用工
īng-kè,用計
īng-kiâng,用強
īng-la̍t,用力
īng-lōo,用賂
īng-lōo,用路
īng-uân,用完
īng-pōo,用步
īng-sim-sîn,用心神
īng-tit,用得
ing-á,鶯仔
ing-á,鷹仔
ing-á-ba̍k,鷹仔目
ing-á-tsháu,英仔草
ing-á-hue,英仔花
ing-á-hóo,鷹仔虎
ing-á-phīnn,鷹仔鼻
ing-bîng,英名
ing-bîng,英明
ing-bí,英美
ing-bóo,英畝
ing-bú,鸚鵡
ing-bûn,英文
ing-tsâi,英才
ing-tshioh,英尺
ing-tshùn,英寸
ing-tshùn,英吋
ing-tsiáu,鶯鳥
ing-tsiáu,鷹鳥
ing-tsu,英姿
ing-tsùn,英俊
ing-gí,英語
ing-hâi,嬰孩
ing-hang,鷹魴
ing-hio̍h-tshì,鷹葉刺
ing-hiông,英雄
ing-hô,英豪
ing-huâ,英華
ing-hue,櫻花
ing-hûn,英魂
ing-ia,eng埃
ing-ia,颺埃
ing-ióng,英勇
ing-jî-sik,嬰兒室
ing-jiáu-hue,鷹爪花
ing-jiáu-lân,鷹爪蘭
ing-jiáu-thô,鷹爪桃
ing-jīm,膺任
ing-kai,應該
ing-kè,鷹架
ing-kik-lân,英格蘭
ing-khì,英氣
ing-kia̍t,英傑
ing-ko,鶯哥
ing-ko,鸚哥
ing-kua,鶯歌
ing-ko-tsiáu,鸚哥鳥
ing-ko-hue,鸚哥花
ing-kok,英國
ing-ko-kè,鸚哥架
ing-kok-hue,英國花
ing-ko-kiánn,鸚哥囝
ing-kok-lâng,英國人
ing-ko-phīnn,鸚哥鼻
ing-kun,英軍
ing-lāu,癰漏
ing-lîng,英靈
ing-lí,英里
ing-lí,英哩
ing-lia̍t,英烈
ing-lo̍k,瓔珞
ing-nî,英年
ing-phông-phông,颺蓬蓬
ing-pōng,英鎊
ing-sik,罌粟
ing-suán,膺選
ing-thiāu-tsiáu,鷹柱鳥
ing-thô,櫻桃
ing-ui,英威
e-the,挨推
e-tio̍h,挨著
e--tio̍h,挨著
e-tó,挨倒
gá-suh,瓦斯
gá-su-lôo,瓦斯爐
gâ,牙
gái,騃
gâi,騃
gâi-á-tsînn,gâi仔錢
gâi-ko,gâi哥
gâi-pán,gâi板
gāi,礙
gāi-ba̍k,礙目
gāi-gi̍k,礙逆
gāi-gio̍h,礙虐
gāi-gio̍h,礙謔
gāi-hī,礙耳
gāi-sū,礙事
gāi-tio̍h,礙著
gāi-uī,礙胃
ga̍k-bó,岳母
ga̍k-tshiú,樂手
ga̍k-tsiunn,樂章
ga̍k-tsut,獄卒
ga̍k-hú,樂府
ga̍k-hū,岳父
ga̍k-hui,岳飛
ga̍k-im,樂音
ga̍k-iông,岳陽
ga̍k-khik,樂曲
ga̍k-khì,樂器
ga̍k-lí,樂理
ga̍k-phóo,樂譜
ga̍k-siann,樂聲
ga̍k-su,樂師
ga̍k-thuân,樂團
ga̍k-tuânn,樂壇
ga̍k-tuī,樂隊
gám,gám
gám-á,岑仔
gâm,岩
gâm,癌
gâm-tsìng,癌症
gâm-tsio̍h,岩石
gâm-tsiunn,岩漿
gâm-iâm,岩鹽
gâm-sik,岩色
gâm-tông,岩桐
gâm-tōng,岩洞
gām,gām
gām,儑
gām-á-hî,儑仔魚
gām-áu-á,儑拗仔
gām-ba̍k,gām目
gām-bīn,gām面
gām-bīn,儑面
gām-lâng,儑人
gām-siūnn,儑想
gán-ba̍k,眼目
gán-tsìng,眼證
gán-tsiân,眼前
gán-tsiân-pò,眼前報
gán-tsiáu,眼鳥
gán-tsi̍t-ē,眼一下
gán-hok,眼福
gán-kài,眼界
gán-kak-mo̍oh,眼角膜
gán-kho,眼科
gán-khóng-tuā,眼孔大
gán-kiàn,眼見
gán-kiànn-hâng,眼鏡行
gán-kiû,眼球
gán-kuè,眼過
gán-kong,眼光
gán-li̍k,眼力
gán-luī,眼淚
gán-sik,眼識
gán-sîn,眼神
gán-tio̍h,眼著
gán--tio̍h,眼著
gán-tiong-tshì,眼中刺
gán-tiong-ting,眼中釘
gàn,gàn
gàn-tsuí,gàn水
gàn-kǹg,gàn鋼
gàn-thih,gàn鐵
gân-bīn,顏面
gân-liāu,顏料
gân-sik,顏色
gān,彥
gān,雁
gān-bûn,諺文
gān-tsí-tsng,雁子磚
gān-gí,諺語
gān-lâi-hông,雁來紅
gāng,gāng
gāng-ba̍k,gāng目
gāng-gāng,怢怢
gāng-gāng-khì,gāng-gāng去
gāng--khì,gāng去
gap,gap
gâu,gâu
gâu-o-ló,gâu o-ló
gâu-bong,gâu摸
gâu-tsá,gâu早
gâu-tsò-lâng,gâu做人
gâu-kóng,gâu講
gâu-kóng-uē,gâu講話
gâu-kún,gâu滾
gâu-kún-tshió,gâu滾笑
gâu-lâng,gâu人
gâu-piàn,gâu變
gâu-sann-thiànn,gâu參疼
gâu-siūnn,gâu想
gâu-sô,gâu-sô
gâu-tiau,gâu雕
gâu-to̍h,gâu-to̍h
gé-sé,盻洗
gé-sé,睨洗
gé-sē,睨視
gè,gè
gê,gê
gê,牙
gê,芽
gê,倪
gê,蚜
gê-giàng-giàng,牙齴齴
gê-phok-phok,牙凸凸
gê-pio-pio,牙標標
gê-ba̍k,睨目
gê-tshn̂g,牙床
gê-tshn̂g-kut,牙床骨
gê-tsô,牙槽
gê-tsô-khí,牙槽齒
gê-tsô-kut,牙槽骨
gê-tsô-sai,牙槽腮
gê-tsô-thâu,牙槽頭
gê-gê,gê-gê
gê-hông-ting,霓虹燈
gê-jiáu,牙爪
gê-kah-gīn,睨佮恨
gê-khí,牙齒
gê-khí-huānn,牙齒岸
gê-kho,牙科
gê-kin,牙根
gê-ko,牙膏
gê-lān,gê-lān
gê-lān,睨膦
gê-lâng,牙人
gê-lâng-lān,睨人膦
gê-mn̂g,衙門
gê-sé,譺洗
gê-siâu,睨siâu
gê-sîn,gê神
gê-sîn,睨神
gē,詣
gē,藝
gē-bûn,藝文
gē-tsuan,藝專
gē-gē-tsùn,囈囈顫
gē-jîn,藝人
gē-ki,藝妓
gē-koh,藝閣
gē-lān,睨膦
gē-li̍k,毅力
gē-lîng,藝能
gē-lîm,藝林
gē-miâ,藝名
gē-niū,藝量
gē-phín,藝品
gē-siâu,睨siâu
gē-sîn,睨神
gē-su̍t,藝術
gē-su̍t-huà,藝術化
gē-su̍t-jī,藝術字
gē-su̍t-ka,藝術家
gē-su̍t-kài,藝術界
gē-su̍t-kuán,藝術館
gē-su̍t-phín,藝術品
gē-su̍t-sìng,藝術性
gē-tián,藝展
gē-tuànn,藝妲
gē-tuànn-sua,藝旦鯊
gē-tuânn,藝壇
gi̍k,玉
gi̍k,逆
gi̍k-á,玉仔
gi̍k-á,鷁仔
gi̍k-tsha,逆差
gi̍k-tsiam,玉簪
gi̍k-tsuán,逆轉
gi̍k-tsú,逆子
gi̍k-tsuí,逆水
gi̍k-hong,逆風
gi̍k-kíng,逆境
gi̍k-khì,玉器
gi̍k-khuân,玉環
gi̍k-lâu,逆流
gi̍k-liāu,逆料
gi̍k-liû,逆流
gi̍k-lûn,逆倫
gi̍k-ní,逆耳
gi̍k-puânn,玉盤
gi̍k-siù-kiû,玉繡球
gi̍k-sú,玉璽
gi̍k-thāi,虐待
gi̍k-thinn,逆天
gi̍k-tóng,逆黨
gíng,研
gíng,眼
gíng-bua̍h,研末
gíng-tsa̍t,研實
gíng-tsô,研槽
gíng-hu,研灰
gíng-hún,研粉
gíng-kiù-huē,研究會
gíng-lōo-ki,研路機
gíng-puah,研缽
gíng-thuî,研槌
gîng,gîng
gîng-bīn,迎面
gîng-tshin,迎親
gîng-tshuā,迎娶
gîng-tshun,迎春
gîng-tsiàn,迎戰
gîng-tsū,凝聚
gîng-tsū-li̍k,凝聚力
gîng-tsuí-tsio̍h,凝水石
gîng-ha̍p,迎合
gîng-hāu,迎候
gîng-hueh,凝血
gîng-kik,迎擊
gîng-koh,迎閣
gîng-sàng,迎送
gîng-sim,凝心
gîng-sng,凝霜
gîng-tāng,凝重
gîng-ti̍k,迎敵
gîng-tiám,凝點
gí,語
gí,擬
gí-á,齒仔
gí-bûn,語文
gí-tshiánn,擬請
gí-tsuē,擬罪
gí-gī,擬議
gí-giân,語言
gí-giân-ha̍k,語言學
gí-guân-ha̍k,語源學
gí-ha̍k,語學
gí-huat,語法
gí-ì,語意
gí-im,語音
gí-khì,語氣
gí-kó,擬稿
gí-kù,語句
gí-luī,語彙
gí-pān,擬辦
gí-sû,語詞
gí-tìng,擬訂
gí-tīng,擬定
gí-thò,擬妥
gí-tiāu,語調
gî,疑
gî,儀
gî-àn,疑案
gî-būn,疑問
gî-gâi,疑騃
gî-gāi,疑騃
gî-gī,疑義
gî-gōo,疑誤
gî-hi̍k,疑惑
gî-hûn,疑雲
gî-iông,儀容
gî-khì,儀器
gî-khū,疑懼
gî-kuān,宜縣
gî-lân,宜蘭
gî-lân-tshī,宜蘭市
gî-lân-kuān,宜蘭縣
gî-lān,疑難
gî-ngā,疑訝
gî-ngái,疑騃
gî-ngāi,疑騃
gî-ngôo,宜梧
gî-ngōo,疑悟
gî-pê,枇杷
gî-piáu,儀表
gî-sai-sai,誼獅獅
gî-sik,儀式
gî-sing-kuài,疑生怪
gî-sim,疑心
gî-sim-tāng,疑心重
gî-sū,疑似
gî-thài,儀態
gî-tiám,疑點
gî-tōo,疑竇
gî-tuī,儀隊
gī,字
gī,義
gī,誼
gī,議
gī-àn,議案
gī-bē,義賣
gī-bîn,義民
gī-bó,義母
gī-bū,義務
gī-tshíng,議請
gī-tshiú,義手
gī-tshú,議處
gī-tsi,義肢
gī-tsú,義子
gī-gī-tshiò,誼誼笑
gī-gī-tshuah,誼誼chhoah
gī-hân,禦寒
gī-hîng,義行
gī-hīng,義行
gī-hô,議和
gī-huē,議會
gī-hū,義父
gī-hùn,義憤
gī-ián,義演
gī-īnn,議院
gī-ióng,義勇
gī-iōng,御用
gī-jiân,毅然
gī-jîn,義人
gī-kang,義工
gī-kè,議價
gī-kíng,義警
gī-khí,義齒
gī-khì,義氣
gī-khì,儀器
gī-kí,義舉
gī-kiánn,義囝
gī-kiap,義俠
gī-kuat,議決
gī-lí,義女
gī-lí,義理
gī-lí-sī,義理是
gī-lú,義女
gī-lūn,議論
gī-nâ-puânn,義藍盤
gī-niū,藝量
gī-uân,議員
gī-sik,儀式
gī-sù,御賜
gī-sū,義士
gī-sū,議事
gī-sū-lio̍k,議事錄
gī-sū-lo̍k,議事錄
gī-sū-thiann,議事廳
gī-sū-thuî,議事槌
gī-tê,議題
gī-tē,義弟
gī-tīng,議定
gī-tīng-su,議定書
gī-tiúnn,議長
gī-tiûnn,議場
giá,惹
giâ,giâ
giâ,鵝
giâ-tsìng-thâu,giâ症頭
giâ-tshia-lián,giâ車輦
giâ-hî-ang,giâ魚翁
giâ-kak,鵝角
giâ-kang,蜈蚣
giâ-kang-tsháu,蜈蚣草
giâ-kang-tshiū,蜈蚣樹
giâ-kang-tsu,蜈蚣珠
giâ-kang-kî,蜈蚣旗
giâ-kang-kū,蜈蚣舅
giâ-kang-sau,蜈蚣蛸
giâ-kang-siau,蜈蚣蛸
giâ-kang-tik,蜈蚣竹
giâ-kê,giâ枷
giâ-kháu-tshng,鵝口瘡
giâ-kńg-tsio̍h,鵝管石
giâ-ko,giâ高
giâ-ko-tshioh,giâ篙尺
giâ-lân-sik,牙蘭色
giâ-ngē-ko,giâ硬篙
giâ-nn̄g-tsio̍h,鵝卵石
giâ-sì-kòo,giâ勢故
giâ-sì-thâu,giâ勢頭
giâ-sin-sì,giâ身勢
giâ-thâu,giâ頭
giâ-thī-ke,giâ雉雞
gia̍h,gia̍h
gia̍h,愕
gia̍h,揭
gia̍h,額
gia̍h-âng-ting,舉紅燈
gia̍h-ba̍k,gia̍h目
gia̍h-ba̍k,舉目
gia̍h-bué,額尾
gia̍h-bué-thâng,gia̍h尾蟲
gia̍h-tsàu-pán,舉奏板
gia̍h-tshiú,gia̍h手
gia̍h-tshiú,舉手
gia̍h-tshuann,舉扦
gia̍h-guā,額外
gia̍h-hōo-suànn,舉雨傘
gia̍h-kê,gia̍h-kê
gia̍h-ki,gia̍h乩
gia̍h-kuâinn,gia̍h懸
gia̍h-kuân,gia̍h高
gia̍h-kông,gia̍h狂
gia̍h-pit,gia̍h筆
gia̍h-siann,額聲
gia̍h-sòo,額數
gia̍h-thâu,gia̍h頭
gia̍h-thâu,舉頭
gia̍h-thâu-tshiunn,舉頭鎗
gia̍h-thâu-kî,舉頭旗
gia̍h-to,gia̍h刀
gia̍h-tò-tshiú,gia̍h倒手
gia̍h-tōo,額度
giah-tshì,giah刺
giah-tshuann,giah-tshuann
giah-hûn,giah痕
giah-khui,揭開
giah-phuà,giah破
giám,giám
giám,噞
giám-jiân,儼然
giám-ngē,儼硬
giám-siâu,噞siâu
giâm,岩
giâm,嚴
giâm,巖
giâm-bîng,嚴明
giâm-bi̍t,嚴密
giâm-tsân,岩層
giâm-tsìng,嚴正
giâm-tsùn,嚴峻
giâm-gâi,嚴啀
giâm-hân,嚴寒
giâm-hîng,嚴刑
giâm-hua̍t,嚴罰
giâm-hông,嚴防
giâm-hū,嚴父
giâm-keh,嚴格
giâm-kho,嚴苛
giâm-kìm,嚴禁
giâm-kín,嚴謹
giâm-kong,岩公
giâm-lē,嚴厲
giâm-lī,嚴厲
giâm-lô-ông,閻羅王
giâm-ông-tsè,閻王債
giâm-pān,嚴辦
giâm-sím,嚴審
giâm-siok,嚴肅
giâm-siú,嚴守
giâm-sú,嚴暑
giâm-sû,嚴詞
giâm-tîng,嚴懲
giâm-tiōng,嚴重
giâm-tong,嚴冬
giām,驗
giām-ba̍k-tsiu,驗目睭
giām-tsìng,驗證
giām-i̍k,驗疫
giām-hueh,驗血
giām-jiō,驗尿
giām-si,驗屍
giām-si-kuann,驗屍官
giām-siong,驗傷
giām-siu,驗收
giām-tiōng,嚴重
gián-tsè,研製
gián-tsîng,眼前
gián-tsiáu,眼鳥
gián-gí,研擬
gián-khó-huē,研考會
gián-kiù,研究
gián-kiù-tshut,研究出
gián-kiù-huì,研究費
gián-kiù-īnn,研究院
gián-kiù-sik,研究室
gián-kiù-sing,研究生
gián-phuànn,研判
gián-sî,眼時
gián-si̍p,研習
gián-si̍p-huē,研習會
gián-tè-tè,娟塊塊
gián-thó,研討
gián-tho̍k,研讀
giàn,giàn
giàn-ba̍k,癮目
giàn-tshiò,癮笑
giàn-tsia̍h,癮食
giàn-hun--ê,癮薰的
giàn-kah,癮甲
giàn-khàu,癮哭
giàn-kóng,癮講
giàn-kun-tsú,癮君子
giàn-pa-pa,癮巴巴
giàn-pî,癮脾
giàn-sian-ko,癮仙膏
giàn-suā-suā,giàn逝逝
giàn-thâu,giàn頭
giàn-thâu,癮頭
giân-bîng,言明
giânn-tsih,迎接
giân-gí,言語
giân-hā,言下
giân-hîng,言行
giân-ki̍p,言及
giân-lūn,言論
giân-sî,言辭
giân-sû,言詞
giân-tâm,言談
giân-tōng,言行
giang,giang
giàng,齴
giàng-gê,齴牙
giàng-khí,齴齒
giang-á,giang仔
giang-á,鈃仔
giang-á-khuân,鈃仔環
giang-giang,鈃鈃
giang-giang-á,鈃鈃仔
gia̍p,挾
gia̍p,業
gia̍p-bū,業務
gia̍p-bū-uân,業務員
gia̍p-bū-pōo,業務部
gia̍p-tsè,業債
gia̍p-tsik,業績
gia̍p-tsiá,業者
gia̍p-tsú,業主
gia̍p-í,業已
gia̍p-î,業餘
gia̍p-kài,業界
gia̍p-king,業經
gia̍p-miā,gia̍p命
gia̍p-miā,業命
gia̍p-sán,業產
gia̍p-siàng,業相
gia̍p-sîn,業神
giap-á,夾仔
giap-á,挾仔
giap-phāng,夾縫
gia̍t,孽
gia̍t-á-uē,孽仔話
gia̍t-tsú,孽子
gia̍t-gia̍t,孽孽
gia̍t-gín-á,孽gín仔
gia̍t-ke,孽雞
gia̍t-uē,孽話
gia̍t-siâu,孽siâu
gia̍t-siâu-uē,孽siâu話
giat-á,蠍仔
giat-á,囓仔
giat-á-thâng,蠍仔蟲
giat-á-thâng,囓仔蟲
giat-láu,giat-láu
giáu,giáu
giâu,堯
giâu-gî,giâu-gî
giâu-gî,憢疑
giâu-kú,堯韭
giâu-sim,僥心
giâu-sùn,堯舜
gih,gih
gih-tsng-á,築磚仔
gih-gih-tshuah,瞿瞿chhoah
gih-gih-tsun,瞿瞿顫
gih-tah,gih-tah
gím,錦
gím-tsuâ,錦蛇
gím-gī,錦議
gím-hīnn-tsháu,錦耳草
gím-ke,錦雞
gím-kî,錦旗
gím-se-hong,錦西風
gím-siù,錦繡
gìm-ku-ke,gìm龜雞
gîm,gîm
gîm,吟
gîm,岑
gîm-bī,吟味
gîm-tshiùnn,吟唱
gîm-tsînn,gîm簷
gîm-khînn,gîm簷
gîm-kînn,gîm墘
gîm-si,吟詩
gîm-siōng,吟誦
gīm,gīm
gīm-tshiú,扲手
gīm-me̍h,扲脈
gīm-tuà,扲帶
gín-á,gín仔
gín-á-bīn,gín仔面
gín-á-tsai,gín仔崽
gín-á-tshut,gín仔齣
gín-á-tsiann,gín仔精
gín-á-enn,gín仔嬰
gín-á-hì,gín仔戲
gín-á-hiann,gín仔兄
gín-á-iūnn,gín仔樣
gín-á-jiō,gín仔尿
gín-á-kang,gín仔工
gín-á-kâu,gín仔猴
gín-á-khí,gín仔齒
gín-á-khì,gín仔氣
gín-á-kho,gín仔科
gín-á-khuán,囡仔款
gín-á-khuì,gín仔氣
gín-á-kiánn,gín仔囝
gín-á-kua,gín仔歌
gín-á-kuí,gín仔鬼
gín-á-lâng,gín仔人
gín-á-mi̍h,gín仔物
gín-á-ông,gín仔王
gín-á-ping,gín仔兵
gín-á-phí,gín仔疕
gín-á-phuānn,gín仔伴
gín-á-phue,gín仔胚
gín-á-sann,gín仔衫
gín-á-sik,gín仔式
gín-á-sìng,gín仔性
gín-á-sî,gín仔時
gín-á-siann,gín仔聲
gín-á-siòng,gín仔相
gín-á-sńg,gín仔耍
gín-á-tan,gín仔仃
gín-á-thâu,gín仔頭
gín-á-thô,gín仔桃
gín-á-thûn,gín仔豚
gín-á-tioh,gín仔tioh
gín-á-ui,gín仔衣
gín-ná-kang,囝仔工
gîn,gîn
gîn,銀
gîn-á-thâu,銀仔頭
gîn-ba̍k,gîn目
gîn-bōo,銀幕
gîn-tshí,銀鼠
gîn-tshiunn,銀鯧
gîn-tsio̍h,銀石
gîn-tsi̍t-ē,gîn一下
gîn-tsuá,銀紙
gîn-tsu-pit,銀朱筆
gîn-guân,銀元
gîn-gû,銀牛
gîn-hâng,銀行
gîn-hâng-gia̍p,銀行業
gîn-hâng-ka,銀行家
gîn-hâng-kài,銀行界
gîn-hâng-thuân,銀行團
gîn-ha̍p-huan,銀合歡
gîn-hīng,銀杏
gîn-hî,銀魚
gîn-hio̍h-kiok,銀葉菊
gîn-hô,銀河
gîn-huat,銀髮
gîn-hun,銀婚
gîn-kak,銀角
gîn-kak-á,銀角仔
gîn-khì,銀器
gîn-khò,銀khò
gîn-khòo,銀庫
gîn-kuí,銀鬼
gîn-kuì,銀桂
gîn-lâu,銀樓
gîn-niú,銀兩
gîn-ok,凝惡
gîn-oo,銀鷗
gîn-pâi,銀牌
gîn-pè,銀幣
gîn-phiò,銀票
gîn-sik,銀色
gîn-sim,凝心
gîn-tan,銀丹
gîn-tē,銀袋
gîn-tē-á,銀袋仔
gîn-tiānn,銀錠
gîn-tuann,銀單
gīn,gīn
gīn-lān,恨膦
gīn--lâng,gīn人
gīn-siâu,gīn-siâu
gīn-siâu,恨siâu
gīn-sîn,gīn神
gin-giang,gin-giang
gió,gió
gió-tsi̍t-ē,gió一下
giô,giô
giô,蕘
giô,蟯
giô-á,蟯仔
giô-á-ke,giô仔街
giô-ê,giô-ê
giô-pue,橈棓
gio̍h,虐
gio̍h,睨
gio̍h,謔
gio̍h-tshiò,謔笑
gio̍h-tshuì,虐嘴
gio̍h-siah,謔削
gio̍h-sio,謔燒
gio̍h-sioh,謔削
gio̍h-sio̍h,謔誚
gio̍k,玉
gio̍k-bí,玉米
gio̍k-tsénn,玉井
gio̍k-tshiū,玉樹
gio̍k-tsí,玉子
gio̍k-tsiàu,玉照
gio̍k-hông,玉皇
gio̍k-io-tsí,玉腰子
gio̍k-kak-tuà,玉角帶
gio̍k-lân,玉蘭
gio̍k-lân-tshiū,玉蘭樹
gio̍k-lân-hue,玉蘭花
gio̍k-lí,玉女
gio̍k-lí,玉里
gio̍k-luí-hue,玉蕊花
gio̍k-san,玉山
gio̍k-som,玉蔘
gio̍k-sú,玉璽
gio̍k-tè,玉帝
gio̍k-thāi,虐待
gio̍k-thé,玉體
gióng-bōng,仰望
gióng-bōo,仰慕
gióng-kak,仰角
gióng-kiû,仰求
gióng-nāi,仰賴
giōng,giōng
gi̍p,岌
giú,giú
giú-huâinn-kho,扭橫科
giú-āu-kha,扭後腳
giú--khí-lâi,giú起來
giú-kīn,giú近
giú-lâng-kheh,giú人客
giú-lîng-á,giú鈴仔
giú-phiò,giú票
giú-sing-lí,giú生理
giú-sing-lí,扭生理
giú-tn̂g,giú長
giú-tuā-soh,扭大索
giû-tshik,牛膝
giû-tshik-kiok,牛膝菊
gô,蛾
gô,熬
gô,遨
gô,鵝
gô-á,鵝仔
gô-á-tshài,鵝仔菜
gô-á-tsháu,鵝仔草
gô-á-kiánn,鵝仔囝
gô-á-n̂g,鵝仔黃
gô-á-tn̂g,鵝仔腸
gô-bâi,蛾眉
gô-bó,鵝母
gô-bûn,俄文
gô-tsiúnn,鵝掌
gô-tsiúnn-tshâ,鵝掌柴
gô-gí,俄語
gô-kang,鵝公
gô-ke,遨街
gô-kha-tsháu,鵝腳草
gô-kha-tsiúnn,鵝腳掌
gô-kóo,鰲鼓
gô-lô,俄羅
gô-lô-su,俄羅斯
gô-luân-phīnn,鵝鑾鼻
gô-mn̂g,鵝毛
gô-thâu,鰲頭
gô-thâu-piah,鰲頭壁
gô-thit,遨佚
gô-thng,熬湯
gô-tn̂g-tshài,鵝腸菜
gō,餓
gō-kuí,餓鬼
gō-sí,餓死
guá,我
guá-káinn-nái,我間乃
guá-khóo,我苦
guá-piàng,我piàng
guá-piàng--a,我piàng啊
guā,guā
guā,外
guā-á,偌仔
guā-á-nī,偌仔呢
guā-bīn,外面
guā-bīn-ke,外面家
guā-bīn-lâng,外面人
guā-bông,外蒙
guā-bông-kóo,外蒙古
guā-bôo,外模
guā-bōo,外貿
guā-bū,外務
guā-bū-uân,外務員
guā-bū-pōo,外務部
guā-bū-síng,外務省
guā-bûn-hē,外文系
guā-tsâi,外才
guā-tsāi,外在
guā-tsàn,外贊
guā-tsè,外債
guā-tsi̍k,外籍
guā-tshik,外側
guā-tshik,外戚
guā-tshut,外出
guā-tsng,外庄
guā-tsng-thâu,外莊頭
guā-tso̍k,外族
guā-tsóo,外祖
guā-tsu,外資
guā-tsuí,外水
guā-gí,外語
guā-guā,外外
guā-gū,外遇
guā-hái,外海
guā-hâng,外行
guā-hâng-lâng,外行人
guā-hîng,外形
guā-hîng,外型
guā-hîng-á,外形仔
guā-hiàng,外向
guā-hiong,外鄉
guā-hiòng,外向
guā-hō,外號
guā-huān,外患
guā-huè,外貨
guā-huē,外匯
guā-hòng,外放
guā-i,外衣
guā-iá,外野
guā-iá-tshiú,外野手
guā-iân,外椽
guā-iông,外容
guā-iông,外揚
guā-iōng,外用
guā-iûnn,外洋
guā-kài,外界
guā-kài-suànn,外界線
guā-káng,外港
guā-kang-lâng,外江人
guā-kau,外交
guā-kau-kài,外交界
guā-kau-kuann,外交官
guā-kau-pōo,外交部
guā-ke,外家
guā-ke-tshin,外家親
guā-ke-tshù,外家厝
guā-kíng,外景
guā-kíng,外境
guā-khak,外殼
guā-kháu,外口
guā-kháu-sann,外口衫
guā-kheh,外客
guā-khì,外氣
guā-khîn,外勤
guā-kho,外科
guā-khuán,外款
guā-khuì,外氣
guā-kiâu,外僑
guā-kuan,外觀
guā-kuān-tshī,外縣市
guā-kok,外國
guā-kok-gí,外國語
guā-kok-huan,外國番
guā-kok-hun,外國薰
guā-kok-lâng,外國人
guā-kong,外公
guā-kú,外久
guā-lâi-gí,外來語
guā-lâng,外人
guā-li̍k,外力
guā-ling,外奶
guā-lián,外輦
guā-liû,外流
guā-lōo,外路
guā-lōo-á,外路仔
guā-lōo-tsînn,外路錢
guā-má,外媽
guā-māu,外貌
guā-uān,外援
guā-pān,外扮
guā-pān,外範
guā-pang,外邦
guā-pè,外幣
guā-pîng,外爿
guā-phuê,外皮
guā-piáu,外表
guā-pin,外賓
guā-poo,外埔
guā-poo,外埠
guā-pōo,外部
guā-pōo-thâu,外埠頭
guā-poo-thâu,外埠頭
guā-sann,外衫
guā-sènn,外姓
guā-sing,外甥
guā-síng,外省
guā-siau,外銷
guā-sin,外身
guā-sîn,外神
guā-sīn,外腎
guā-siok,外宿
guā-siong,外商
guā-siong,外傷
guā-siòng,外相
guā-siùnn,外相
guā-suànn,外線
guā-sun,外孫
guā-sun-lú,外孫女
guā-tē-lâng,外地人
guā-thai,外胎
guā-thâu,外頭
guā-thâu-tshin,外頭親
guā-thâu-suann,外頭山
guā-thiāu,外柱
guā-thiāu,外祧
guā-thò,外套
guā-thuân,外傳
guā-tī,外痔
guā-tiān,外電
guā-tiúnn,外長
guā-tó,外島
guā-tuān,外傳
guā-uî,外圍
guā-uī,外位
guā-ûn,外勻
guán,阮
guán-ang,阮翁
guán-khan-tshiú,阮牽手
guán-khì,玩器
guán-khū,玩具
guán-kī,玩具
guán-lo̍k,玩樂
guán-lōng,玩弄
guán-nn̄g-lâng,阮兩人
guán-sian-senn,阮先生
guán-sióng,玩賞
guán-thài-thài,阮太太
guân-á,原仔
guân-àn,原案
guân-bo̍k,原木
guân-bûn,原文
guân-tsá,原早
guân-tsài,原再
guân-tsâi-liāu,原材料
guân-tsāi,原在
guân-tsik,原則
guân-tsi̍k,原籍
guân-tsìng,原症
guân-tsîng,原情
guân-tshoo,原初
guân-tshù,原處
guân-tsiân,原前
guân-tsiap,原汁
guân-tsuá,原紙
guân-tsuân,原全
guân-tsuânn,源泉
guân-tsong,原裝
guân-tsōng,原狀
guân-tsú,原子
guân-tsú,原主
guân-tsú-lîng,原子能
guân-tsú-tuânn,原子彈
guân-tsū,源自
guân-tsū-bîn,原住民
guân-gī,原義
guân-guē,員外
guân-hîng,原形
guân-hîng,原型
guân-hiong,元兇
guân-ì,原意
guân-î,源於
guân-iá,原野
guân-im,原音
guân-in,原因
guân-iú,原有
guân-iû,原由
guân-iû,原油
guân-iû,源由
guân-jīm,原任
guân-kè,原價
guân-khí-sing,原起先
guân-khì,元氣
guân-kiānn,原件
guân-kó,原稿
guân-kò,原告
guân-kū,原舊
guân-lâi,原來
guân-lí,原理
guân-liāu,原料
guân-liōng,原諒
guân-liû,源流
guân-ló,元老
guân-lōo,原路
guân-māu,原貌
guân-miâ,原名
guân-nî,元年
guân-pán,原版
guân-phuè,原配
guân-pó,元寶
guân-pún,原本
guân-pún,源本
guân-sik,原色
guân-sí,原始
guân-sī,原是
guân-sian,原先
guân-siau,元宵
guân-siau-tseh,元宵節
guân-sim,玄參
guân-siú,元首
guân-suè,元帥
guân-sòo,元素
guân-sui,蒝荽
guân-sun,玄孫
guân-tàn,元旦
guân-té,原底
guân-tē,原地
guân-thâu,原頭
guân-thâu,源頭
guân-tiám,原點
guân-tio̍h,原著
guân-uī,原位
guān,願
guān-bōng,願望
guān-ì,願意
gua̍t-ló,月老
gua̍t-ló-kong,月老公
guē,外
guē-ke-sun,外家孫
guē-sing,外甥
guē-sing-lí,外甥女
guē-sing-lú,外甥女
gue̍h,月
gue̍h-á-lāi,月仔利
gue̍h-àm-mê,月暗暝
gue̍h-bâi,月眉
gue̍h-bâi-bué,月眉尾
gue̍h-bué,月尾
gue̍h-tshing,月清
gue̍h-tshí-á,月鼠仔
gue̍h-tshue,月初
gue̍h-ē-hiong,月下香
gue̍h-guā-ji̍t,月外日
gue̍h-hā-hiong,月下香
gue̍h-huánn-huánn,月huánn-huánn
gue̍h-hue,月花
gue̍h-hōng,月俸
gue̍h-hûn-á,月痕仔
gue̍h-hūn,月分
gue̍h-înn,月圓
gue̍h-king,月經
gue̍h-khan,月刊
gue̍h-khîm,月琴
gue̍h-khó,月考
gue̍h-kiat,月橘
gue̍h-kiong,月宮
gue̍h-kip,月給
gue̍h-kiû,月球
gue̍h-kng,月光
gue̍h-kng-mê,月光暝
gue̍h-lâi-hiong,月來香
gue̍h-lāi,月內
gue̍h-lāi-hong,月內風
gue̍h-lāi-lâng,月內人
gue̍h-lāi-pâng,月內房
gue̍h-lāi-pēnn,月內病
gue̍h-lē,月鱧
gue̍h-li̍k,月曆
gue̍h-n̄g,月暈
gue̍h-niû,月娘
gue̍h-pe̍h,月白
gue̍h-pîng,月爿
gue̍h-phiò,月票
gue̍h-piánn,月餅
gue̍h-pò,月報
gue̍h-sè,月細
gue̍h-sin,月薪
gue̍h-sìn,月信
gue̍h-sió,月小
gue̍h-sit,月熄
gue̍h-si̍t,月蝕
gue̍h-sū,月事
gue̍h-tâi,月台
gue̍h-té,月底
gue̍h-thang-mn̂g,月窗門
gue̍h-thâu,月頭
gue̍h-thô,月桃
gue̍h-thô-hue,月桃花
gue̍h-thóng-ji̍t,月捅日
gue̍h-tì-le̍h,月戴笠
gue̍h-tì-lue̍h,月戴笠
gue̍h-tuā,月大
gue̍h-uî-khoo,月圍箍
go̍k-hî,鱷魚
gông,昂
gông-tshia-tshia,怳車車
gông-gia̍h,昂愕
gông-sī-suā,怳示逝
gōng,戇
gōng-á,戇仔
gōng-á-hî,戇仔魚
gōng-á-sua,戇仔鯊
gōng-a-sià,戇阿舍
gōng-ba̍k,戇目
gōng-bīn,戇面
gōng-tshâ-tshâ,戇柴柴
gōng-tshiò,戇笑
gōng-tshiū,戇樹
gōng-tsú-tē,戇子弟
gōng-gia̍h,戇愕
gōng-giàn-thâu,戇giàn頭
gōng-gín-á,戇囡仔
gōng-gín-ná,戇囝仔
gōng-gōng,戇戇
gōng-gōng-tsháu,戇戇草
gōng-gōng-tshiò,戇戇笑
gōng-gōng-siūnn,戇戇想
gōng-gû,戇牛
gōng-hî,戇魚
gōng-hok,戇福
gōng-hóo,戇虎
gōng-káu,戇狗
gōng-kâu,戇猴
gōng--khì,戇去
gōng-kiánn,戇囝
gōng-lâng,戇人
gōng-mà-mà,戇哞哞
gōng-ma-ma,戇哞哞
gōng-uē,戇話
gōng-pà-pà,戇霸霸
gōng-sîn,戇神
gōng-siūnn,戇想
gōng-sô,戇sô
gōng-tai,戇呆
gōng-tai,戇獃
gōng-tánn,戇膽
gōng-ti̍t,戇直
gōng-tuā-tai,戇大呆
gōng-tuā-tai,戇大獃
gōng-tuā-ti,戇大豬
gōng-tu̍h,戇tu̍h
gōng-tu̍h-tu̍h,戇tu̍h-tu̍h
gōng-tuh-tuh,戇嘟嘟
gôo,吳
gôo-bó,梧母
gôo-tshe,梧棲
gôo-hî,鯃魚
gôo-khî,蜈蜞
gôo-kueh-hî,吳郭魚
gôo-tông,梧桐
gōo,五
gōo,誤
gōo-tsáng-thâu,五總頭
gōo-tsha,誤差
gōo-tshan,午餐
gōo-tshiok,誤觸
gōo-tsia̍h,誤食
gōo-tsiáng-lâm,五掌楠
gōo-tsoh,仵作
gōo-gue̍h-tseh,五月節
gōo-gue̍h-hiānn,五月艾
gōo-gue̍h-hue,五月花
gōo-gue̍h-seh,五月雪
gōo-hio̍h-lâm,五葉楠
gōo-huē,誤會
gōo-hue-bah,五花肉
gōo-hue-tsiann,五花精
gōo-jiáu-lâm,五爪楠
gōo-jiáu-lîng,五爪龍
gōo-jiáu-tông,五爪桐
gōo-ji̍t-tseh,五日節
gōo-kái,誤解
gōo-kenn-tsá,五更早
gōo-kenn-ke,五更雞
gōo-kha,五腳
gōo-kha-kì,五腳記
gōo-kha-lâi,五腳梨
gōo-kha-lê,五腳梨
gōo-kha-lí,五腳里
gōo-ki-tshiu,五支鬚
gōo-kinn-tsá,五更早
gōo-kin-tsháu,五根草
gōo-kin-kê,五筋鮭
gōo-kinn-sî,五更時
gōo-pâng,臥房
gōo-phuànn,誤判
gōo-pōo-tsuâ,五步蛇
gōo-pōo-hóo,五步虎
gōo-sat,誤殺
gōo-sì-sann,五四三
gōo-sî,午時
gōo-sî-tsiànn,午時正
gōo-sî-hue,午時花
gōo-sìn,誤信
gōo-siong,誤傷
gōo-sū,誤事
gōo-the̍h-kiô,五宅茄
gōo-thuah-toh,五屜桌
gōo-thuân,誤傳
gōo-tō,誤導
gōo-tóo,五堵
gû,牛
gû,虞
gû-á-khòo,牛仔褲
gû-á-kiánn,牛仔囝
gû-bah,牛肉
gû-bah-i̍k,牛肉液
gû-ba̍k-ting,牛目燈
gû-bîn,愚民
gû-bó,牛母
gû-bó-ling,牛母奶
gû-bué,牛尾
gû-bué-tsháu,牛尾草
gû-bué-hî,牛尾魚
gû-bué-thng,牛尾湯
gû-bông,牛虻
gû-tsàu,牛灶
gû-tsàu-king,牛灶間
gû-tsíng,牛種
gû-tsheh-á,牛冊仔
gû-tshia,牛車
gû-tshuah-phīnn,牛chhoah鼻
gû-tshuì-lam,牛嘴籠
gû-tshún,愚蠢
gû-tsí,牛子
gû-tsiang-koo,牛樟菇
gû-tsi̍h,牛舌
gû-tsi̍h-tsháu,牛舌草
gû-tsi̍h-hî,牛舌魚
gû-tsi̍h-thâu,牛舌頭
gû-tsiunn,牛樟
gû-i̍k,牛疫
gû-ia̍h,牛蝶
gû-iû,牛油
gû-jîn-tsiat,愚人節
gû-kak,牛角
gû-kak-tshì,牛角刺
gû-kak-tshue,牛角吹
gû-kak-hue,牛角花
gû-kak-kóng,牛角管
gû-kak-kóo,牛角鼓
gû-kak-uainnh,牛角踒
gû-kak-tîn,牛角藤
gû-káng,牛káng
gû-káng-uainnh,牛káng踒
gû-kang-tshì,牛公刺
gû-ka-tann,牛枷擔
gû-kiàn,愚見
gû-ko,牛哥
gû-kûn,牛群
gû-kut-á,牛骨仔
gû-lám,牛腩
gû-lān-tshang,牛膦蔥
gû-lê-pē,牛犁耙
gû-ling,牛奶
gû-ling-tshîng,牛奶榕
gû-ling-tshiū,牛奶樹
gû-ling-tsiunn,牛奶漿
gû-ling-hún,牛奶粉
gû-ling-iû,牛奶油
gû-ling-ko,牛奶膏
gû-ling-pâng,牛奶房
gû-ling-piánn,牛奶餅
gû-liāu,牛繚
gû-lin,牛奶
gû-lo̍k,娛樂
gû-lông,牛郎
gû-lōng,愚弄
gû-mē-á,牛罵仔
gû-ni,牛奶
gû-ni-hún,牛奶粉
gû-nn̂g,牛郎
gû-pâi,牛排
gû-pak-lāi,牛腹內
gû-phang,牛蜂
gû-phuê-tshài,牛皮菜
gû-phuê-tsuá,牛皮紙
gû-phuê-ka,牛皮膠
gû-phuê-thn̂g,牛皮糖
gû-pi,牛蜱
gû-pian,牛鞭
gû-pông,牛蒡
gû-poo,牛埔
gû-pōo,牛步
gû-sái-tsiáu,牛屎鳥
gû-sái-hang,牛屎魟
gû-sái-kho,牛屎柯
gû-sái-ku,牛屎龜
gû-sái-oo,牛屎烏
gû-sái-tê,牛屎茶
gû-sìng-tē,牛性地
gû-sim-lâi,牛心梨
gû-sîn,牛蠅
gû-soh,牛索
gû-sut-á,牛摔仔
gû-tann,牛擔
gû-tann-king,牛擔肩
gû-thâu-thuánn,牛頭剷
gû-thún,愚蠢
gû-tiâu,牛tiâu
gû-tiâu,牛椆
gû-tiâu,牛寮
gû-tiâu-puî,牛椆肥
gû-tīn,牛陣
gû-to,牛刀
gû-tû,愚圖
gû-tû,愚躕
gû-tùn,牛頓
gû-tùn-tsang,牛扽鬃
gû-tùn-tsháu,牛扽草
gū-giân,寓言
gū-hāi,遇害
gū-hiám,遇險
gū-ì,寓意
gū-lān,遇難
gū-siāng,遇上
gū-tio̍h,遇著
gū--tio̍h,遇著
guî,桅
guî-hāi,危害
guî-hiám,危險
guî-ki,危機
guî-kip,危急
guî-ki̍p,危及
guî-lān,危難
guî-lâu,危樓
guī-tsìng,偽證
guī-tsō,偽造
guī-tsong,偽裝
guī-io̍h,偽藥
guī-kun-tsú,偽君子
guī-pè,偽幣
guī-thé,魏體
gún,阮
gún-tau,阮兜
gûn-tsō,銀座
gu̍t-hue,兀花
ha,ha
ha,哈
hà,孝
hà-bué-kiánn,孝尾囝
hà-ho̍k,孝服
hà-iōng,孝養
hà-lōo-tiàm,孝路店
hà-sann,孝衫
hà-sau,罅颼
hà-thn̄g,孝杖
hâ,hâ
hâ,縖
hâ-tsû,瑕疵
hâ-hûn,瑕痕
hâ-hûn,霞雲
hâ-kûn,縖裙
hâ-láng,縖láng
hâ-pau-á,縖包仔
hā,下
hā,夏
hā-bīng-līng,下命令
hā-bûn,下文
hā-tsân,下層
hā-tsîng,下情
hā-tshik,下策
hā-tshiú,下手
hā-tshò,下挫
hā-tsì,夏至
hā-tsiān,下賤
hā-tsoh,下choh
hā-tsoh,下作
hā-tsòng,下葬
hā-tsuí-kau,下水溝
hā-hām,下陷
hā-hān,下限
hā-hîng,下行
hā-hiong,下鄉
hā-huān,下凡
hā-huè,下貨
hā-ho̍k,夏服
hā-hòng,下放
hā-ì-sik,下意識
hā-iá,下野
hā-io̍h,下藥
hā-iû,下游
hā-iû,下遊
hā-ji̍t,夏日
hā-kà,下嫁
hā-kàng,下降
hā-kha,下腳
hā-khò,下課
hā-kiat-lūn,下結論
hā-kip,下級
hā-kuì,夏季
hā-kuī,下跪
hā-lâm,下南
hā-lâu,下樓
hā-līng,下令
hā-līng,夏令
hā-līng-iânn,夏令營
hā-lí,下女
hā-lī,下痢
hā-lia̍t,下列
hā-liû,下流
hā-má-ui,下馬威
hā-ngóo,下午
hā-ua,夏娃
hā-pan,下班
hā-san,下山
hā-sau,下梢
hā-siau,下消
hā-siau,下梢
hā-sim-sîn,下心神
hā-sin,下身
hā-sio̍k,下屬
hā-sū,下士
hā-suí,下水
hā-sûn,下旬
hā-su̍t,下述
hā-tâi,下台
hā-ta̍t,下達
hā-tíng,下等
hā-tíng-hā,下等下
hā-tíng-huè,下等貨
hā-thah,下榻
hā-thé,下體
hā-thinn,夏天
hā-tiûnn,下場
hā-tuī,下墜
hā-u̍t,夏鷸
hah,hah
ha̍h,合
ha̍h,佮
ha̍h-bī,合味
ha̍h-tshiú,合手
ha̍h-tshuì,合嘴
ha̍h-ē-lo̍h,合會落
ha̍h-īng,合用
ha̍h-hī,合耳
ha̍h-ì,合意
ha̍h-iōng,合用
ha̍h-kháu-bī,合口味
ha̍h-khuì,合氣
ha̍h-pî,合脾
ha̍h-puânn,合盤
ha̍h-sî,合時
ha̍h-sî-ki,合時機
ha̍h-sî-sì,合時勢
ha̍h-sin,合身
ha̍h-su,合軀
ha̍h-thâu-thuî,合頭槌
ha̍h-thiann,合聽
ha-ha-tshiò,哈哈笑
hah-tshiùnn,哈啾
hah-hi,哈唏
hah-hì,哈肺
hah-hī,哈唏
hannh,○
ha̍nnh-kuè,跨過
hannh-sio,暍燒
ha-hu̍t,哈佛
hai,hai
hái,海
hái-am,海菴
hái-ang,海翁
hái-bé,海馬
hái-bī,海味
hái-tsâng-á,海欉仔
hái-tshài,海菜
hái-tshài-piánn,海菜餅
hái-tshang-á,海蔥仔
hái-tsha̍t,海賊
hái-tsháu,海草
hái-tsháu-hî,海草魚
hái-tshenn,海星
hái-tshiūnn,海象
hái-tshiu-sua,海秋沙
hái-tshng,海滄
hái-tsiàn,海戰
hái-tsiáu,海鳥
hái-tsó,海藻
hái-tsuâ,海蛇
hái-tsuan,海專
hái-tsuí,海水
hái-tsuí-i̍k,海水浴
hái-tsuí-hue,海水花
hái-tsuí-ke,海水蛙
hái-tsuí-ke,海水雞
hái-ē,海下
hái-i̍k,海域
hái-i̍k-tiûnn,海浴場
hái-íng,海湧
hái-gān,海岸
hái-gān,海雁
hái-gān-suànn,海岸線
hái-giâ-kang,海蜈蚣
hái-gô,海鵝
hái-guā,海外
hái-hâm,海涵
hái-hang,海魟
hái-hāu,海鱟
hái-hē,海蟹
hái-hi̍k,海域
hái-huán,海反
hái-huānn,海岸
hái-huat,海法
hái-huê-siūnn,海和尚
hái-hong,海風
hái-hông,海防
hái-hong-tîn,海風藤
hái-hóo,海虎
hái-hôo-lî,海狐狸
hái-huí,海匪
hái-iâm,海鹽
hái-iàn,海燕
hái-ìnn-á,海燕仔
hái-io,海腰
hái-iông-pho,海揚波
hái-iu,海鷗
hái-iû,海蝤
hái-iûnn,海洋
hái-jiông,海絨
hái-ka-tsua̍h,海蟉蠽
hái-kak,海角
hái-káng,海港
hái-kat-á,海結仔
hái-ka-tang,海茄苳
hái-ka-tiann,海茄朾
hái-ka-tîn,海茄藤
hái-káu,海狗
hái-káu-tsán,海口讚
hái-káu-pian,海狗鞭
hái-ke-bó,海雞母
hái-kíng,海景
hái-kha,海腳
hái-kháu,海口
hái-kháu-hong,海口風
hái-kháu-sì,海口勢
hái-khiā,海徛
hái-khiā-á,海徛仔
hái-kiap,海峽
hái-kim-hî,海金魚
hái-kim-sua,海金沙
hái-kînn,海墘
hái-kuan,海關
hái-ku,海龜
hái-kun,海軍
hái-lâ-giâ,海蟧蜈
hái-lâi-kam,海梨柑
hái-lāi,海內
hái-lāi-guā,海內外
hái-lâm,海南
hái-lâm-gōng,海南戇
hái-lâm-tó,海南島
hái-lān,海難
hái-lē-á,海淚仔
hái-ling,海奶
hái-lîng,海龍
hái-lîng-ông,海龍王
hái-lí,海里
hái-liâm,海鯰
hái-liân,海鰱
hái-liân-á,海鰱仔
hái-liāng,海量
hái-lio̍k,海陸
hái-liông-ông,海龍王
hái-liu,海鰍
hái-liû,海流
hái-lo̍k-ing,海洛英
hái-lo̍k-in,海洛因
hái-lōng,海浪
hái-lôo-tsî,海鸕鶿
hái-lōo,海路
hái-má,海馬
hái-mî,海綿
hái-mn̂g,海門
hái-muâ,海麻
hái-muâ,海鰻
hái-niau,海貓
hái-uan,海灣
hái-uân,海員
hái-ông-tshenn,海王星
hái-oo,海鷗
hái-ōo,海芋
hái-pà,海豹
hái-pat-ko,海八哥
hái-pe̍h-tshài,海白菜
hái-pîng-bīn,海平面
hái-phài,海派
hái-phiânn,海坪
hái-phiau-sau,海螵蛸
hái-phīnn,海鼻
hái-phit,海鴄
hái-pho,海波
hái-piah,海蟞
hái-pin,海濱
hái-pinn,海邊
hái-pò,海報
hái-puânn-tshia,海盤車
hái-pua̍t,海拔
hái-poo,海埔
hái-poo-kiunn,海埔姜
hái-sam,海參
hái-sán,海產
hái-sing,海星
hái-sì,海勢
hái-sian,海鮮
hái-siāng,海上
hái-si̍h,海蝕
hái-sim,海參
hái-sîn,海神
hái-suāinn-á,海檨仔
hái-suann,海山
hái-suànn,海線
hái-sua-pho,海沙坡
hái-sua-poo,海沙埔
hái-som,海參
hái-sū,海事
hái-ta,海礁
hái-tánn,海膽
hái-tang,海冬
hái-té,海底
hái-tē,海地
hái-thâng,海蟲
hái-thē,海蜇
hái-thih-ke,海鐵雞
hái-thuah,海獺
hái-thuann,海灘
hái-thûn,海豚
hái-ti,海豬
hái-ti-á,海豬仔
hái-tiâu,海潮
hái-ti-bó,海豬母
hái-tiòng,海漲
hái-tó,海島
hái-tô,海濤
hái-tō,海盜
hái-tuà,海帶
hái-tuà-tshài,海帶菜
hái-tuā-hê,海大蝦
hái-tông,海桐
hái-tông,海棠
hái-tōo-tsuâ,海肚蛇
hái-ùn,海塭
hái-ūn,海運
hái-ūn-kài,海運界
hài,嗨
hâi,諧
hâi-im,諧音
hâi-jî,孩兒
hâi-tàu,械鬥
hâi-tông,孩童
hāi,害
hāi-tsāi,亥在
hāi-tshia,害車
hāi-tshù,害處
hāi-huè,害貨
hāi-kâu,害猴
hāi-khì,害去
hāi-lâng,害人
hāi-liáu-liáu,害了了
hāi-liú-liú,害溜溜
hāi-liù-liù,害翏翏
hāi-sí,害死
hāi-sí,壞死
hāi-tháng,害桶
hāi-thâng,害蟲
hāi-tòng-tòng,害當當
hainn,hainn
hainn,哼
hàinn,hàinn
hàinn,幌
hàinn-tshian-tshiu,幌韆鞦
hàinn-kông-tshiu,幌栱鞦
hàinn-thâu,幌頭
hàinn-thâu-á,幌頭仔
hāinn-ló-sō,幌囉唆
hainn-tshan,哼呻
hainn-hainn-tshan,哼哼呻
hainn-hainn-kiò,哼哼叫
hainn-kan-khóo,哼艱苦
hai-sai,咍腮
hak,hak
hak,蓄
ha̍k,學
ha̍k-á,礐仔
ha̍k-á-thâng,礐仔蟲
ha̍k-bū,學務
ha̍k-būn,學問
ha̍k-tsè,學制
ha̍k-tsi̍k,學籍
ha̍k-tshài,斛菜
ha̍k-tsiá,學者
ha̍k-tsú,學子
ha̍k-gē,學藝
ha̍k-gia̍p,學業
ha̍k-hāu,學校
ha̍k-hāu-tiúnn,學校長
ha̍k-hē,學系
ha̍k-hn̂g,學園
ha̍k-hua̍t,學閥
ha̍k-huē,學會
ha̍k-hong,學風
ha̍k-hú,學府
ha̍k-huì,學費
ha̍k-hun,學分
ha̍k-iáng,學養
ha̍k-īnn,學院
ha̍k-iú,學友
ha̍k-jîn,學人
ha̍k-ka,學家
ha̍k-kài,學界
ha̍k-kho,學科
ha̍k-khu,學區
ha̍k-kî,學期
ha̍k-kip,學級
ha̍k-kuán,學館
ha̍k-li̍k,學力
ha̍k-li̍k,學歷
ha̍k-lîng,學齡
ha̍k-lí,學理
ha̍k-liâu,學寮
ha̍k-miâ,學名
ha̍k-mn̂g,學門
ha̍k-nî,學年
ha̍k-nî-tōo,學年度
ha̍k-uân,學員
ha̍k-phài,學派
ha̍k-sik,學識
ha̍k-sing,學生
ha̍k-sîng,學成
ha̍k-sing-tsìng,學生證
ha̍k-sià,學舍
ha̍k-siā,學社
ha̍k-si̍p,學習
ha̍k-suat,學說
ha̍k-sū,學士
ha̍k-su̍t,學術
ha̍k-su̍t-kài,學術界
ha̍k-su̍t-sìng,學術性
ha̍k-tiúnn,學長
ha̍k-tông,學童
ha̍k-uī,學位
hak-tshân-hn̂g,蓄田園
ha-khuì,哈氣
hak-kè-tsng,蓄嫁妝
hak-ke-hué,蓄傢伙
ham,ham
ham,蚶
hám,hám
hám,撼
hám-á,撼仔
hám-tuā-tsháu,撼大草
hàm,hàm
hàm,顑
hàm,譀
hàm-tsíng,hàm腫
hàm-tsíng,泛腫
hàm-tsíng,顑腫
hàm-hàm,hàm-hàm
hàm-hàm,泛泛
hàm-hàm,譀譀
hàm-hàm-á,hàm泛仔
hàm-hàm-kuè,hàm泛過
hàm-hàm-tāi,hàm泛代
hàm-káu,譀狗
hàm-khang,hàm空
hàm-kha-tâng,泛腳胴
hàm-kî-khuā,hàm其夸
hàm-kî-kuā,譀其呱
hàm-kiànn,hàm鏡
hàm-kiànn,泛鏡
hàm-kiànn,譀鏡
hàm-kuā-kuā,譀呱呱
hàm-kóo,hàm古
hàm-kóo,譀古
hàm-lī-nn̂g,hàm貳郎
hàm-n̂g,顑黃
hàm-uē,hàm話
hàm-uē,譀話
hàm-phu̍h,hàm-phu̍h
hàm-phu̍h,hàm浡
hàm-phu̍h,泛浡
hàm-phu̍h,譀浡
hàm-siūnn,hàm想
hàm-siūnn,譀想
hàm-tām,顑淡
hàm-táu-láng,hàm斗籠
hàm-táu-láng,譀斗籠
hàm-tuā,hàm大
hàm-tuā,泛大
hàm-tuā-kiànn,泛大鏡
hâm,hâm
hâm,含
hâm,函
hâm,涵
hâm,銜
hâm-bîn,含眠
hâm-tshiàu-hue,含笑花
hâm-tshiò-hue,含笑花
hâm-tsiap,銜接
hâm-tsîm,含尋
hâm-tsuí,含水
hâm-gī,含義
hâm-gī,涵義
hâm-hâm,含含
hâm-he,含痚
hâm-he,含罅
hâm-he-siann,含痚聲
hâm-hīn,含恨
hâm-hong,咸豐
hâm-hong-tsháu,咸豐草
hâm-hôo,含糊
hâm-hûn,含痕
hâm-ì,含意
hâm-iáng,函養
hâm-iáng,涵養
hâm-jím,含忍
hâm-kâm,含含
hâm-kháu-sǹg,含口算
hâm-kià,函寄
hâm-kóng,涵管
hâm-lîng,銜鈴
hâm-liāng,含量
hâm-luí,含蕊
hâm-luī,含淚
hâm-uan,含冤
hâm-uàn,含怨
hâm-sau,含酥
hâm-sau,含颼
hâm-sau-hûn,含颼痕
hâm-siàu,含笑
hâm-siàu-hue,含笑花
hâm-siàu-muî,含笑梅
hâm-siū,函授
hâm-siu-tsháu,含羞草
hâm-sòo,函數
hâm-thâu,銜頭
hâm-thiok,含蓄
hām,hām
hām,陷
hām-bah-kap,hām肉kap
hām-bîn,陷眠
hām-tsénn,陷阱
hām-hāi,陷害
hām-î,陷於
hām-khenn,陷坑
hām-khut,陷窟
hām-lo̍h,陷落
hām--lo̍h,陷落
hām-puî,陷肥
hām-sū,憾事
ham-á,蚶仔
ham-tsham-kam,蚶參柑
ham-ham,ham-ham
ham-ham,蚶蚶
ham-khak-tsháu,蚶殼草
hánn,hánn
hán,罕
hánn,哄
hán,喊
hán-hán,罕罕
hán-hán-á,罕罕啊
hánn-heh,哄嚇
hánn-hip,哄翕
hán-huah,喊喝
hánn-hông,hánn-hông
hán-iōng,罕用
hán-iú,罕有
hán-kheh,罕客
hánn-kiann,哄驚
hán-kiàn,罕見
hán-kiânn,罕行
hán-lâi,罕來
hánn-lâng,哄人
hán-uan,喊冤
hán-pan,喊班
hánn-sì,哄勢
hán-sū,罕事
hánn-thâu,哄頭
hán-tit,罕得
hán--tit,罕得
hán-tit-iōng,罕得用
hán-tit-ū,罕得有
hàn,漢
hàn-bîn-tso̍k,漢民族
hàn-bûn,漢文
hàn-tsháu,漢草
hàn-tsiàng,漢將
hàn-tsiap,銲接
hàn-tso̍k,漢族
hàn-tsong,漢裝
hàn-i̍k,漢譯
hàn-gí,漢語
hàn-ha̍k,漢學
hàn-hông-kí,漢防己
hàn-i,漢醫
hàn-io̍h,漢藥
hàn-io̍h-pâng,漢藥房
hàn-jī,漢字
hàn-jîn,漢人
hàn-kan,漢奸
hàn-kháu,漢口
hànn--nà,hànn--nà
hànn--nòo,hànn--nòo
hàn-o̍h-á,漢學仔
hàn-ông,漢王
hàn-pó,漢堡
hàn-si̍k,漢席
hàn-siânn,漢城
hàn-tiâu,漢朝
hàn-tiong,漢中
hânn,hânn
hân,hân
hân,寒
hân,還
hân-á-tsài,明仔再
hân-tsiàn,韓戰
hân-hong,寒風
hân-i,寒衣
hân-iā,寒夜
hân-iáng,閒養
hân-ká,寒假
hân-kà,寒假
hân-khì,寒氣
hân-kok,韓國
hân-kok-lâng,韓國人
hân-kok-tuī,韓國隊
hânn-leh,懸leh
hân-líng,寒冷
hân-liû,寒流
hân-lōo,寒露
hân-ngá,嫻雅
hânn-oo,銜烏
hân-san,寒san
hân-sik-hong,寒色風
hân-sià,寒舍
hân-sià,寒瀉
hân-sim,寒心
hân-suan,寒酸
hân-sú,寒暑
hân-tài,寒帶
hân-tong,寒冬
hānn,hānn
hān,限
hān,焊
hān-tsai,旱災
hān-tsè,限制
hān-tsè-sìng,限制性
hān-gân,汗顏
hān-gia̍h,限額
hān-ha̍t,限乏
hān-î,限於
hān-kî,限期
hān-kin,汗巾
hānn-kuè-sue,跨過衰
hān-liân,旱蓮
hān-liân-tshó,旱蓮草
hān-liāng,限量
hān-uē,捍衛
hān-pua̍t-tshuì,旱魃嘴
hān-póo,焊補
hān-sí-sí,限死死
hān-sî,限時
hān-tīng,限定
hān-tiānn,限定
hān-tōo,限度
han-bān,頇慢
han-bān,頇顢
han-bān-tshuì,頇顢嘴
han-bān-lâng,頇顢人
han-tsî,番薯
han-tsî,蕃薯
han-tsî,蕃藷
han-tsî-tshī,蕃薯市
han-tsî-tshiam,蕃薯簽
han-tsî-tshiam,蕃薯籤
han-tsî-hio̍h,蕃薯葉
han-tsî-hio̍h,蕃藷葉
han-tsî-hn̂g,蕃薯園
han-tsî-hún,蕃薯粉
han-tsî-muâi,蕃薯糜
han-tsî-phuê,蕃薯皮
han-tsî-tîn,蕃薯藤
hang,夯
hang,烘
háng,哄
háng-heh,哄嚇
háng-hip,哄翕
háng-huah,哄喝
háng-khang,哄孔
háng-phiàn,哄騙
háng-sì,哄勢
háng-thâu,háng頭
hàng,hàng
hàng-lâu,汎流
hàng-ling,hàng奶
hàng-ling,泛奶
hàng-phuê,泛皮
hâng,行
hâng,降
hâng-tsìng-si,航政司
hâng-tsîng,行情
hâng-tsiòng,降將
hâng-gia̍p,行業
hâng-hái,航海
hâng-hîng,航行
hâng-hō,行號
hâng-ho̍k,降伏
hâng-ho̍k,降服
hâng-iau,降妖
hâng-ka,行家
hâng-kau,行郊
hâng-kháu,行口
hâng-khong,航空
hâng-khong-tsām,航空站
hâng-khong-i,航空衣
hâng-khong-kau,防空溝
hâng-khong-khì,航空器
hâng-khong-phe,航空批
hâng-khong-tōng,防空洞
hâng-khòo,行庫
hâng-kuán,行館
hâng-kui,行規
hâng-lia̍t,行列
hâng-ngóo,行伍
hâng-suànn,航線
hâng-sok,航速
hâng-tō,航道
hâng-ūn,航運
hāng,巷
hāng,項
hāng-á,巷仔
hāng-á-kháu,巷仔口
hāng-á-lāi,巷仔內
hāng-á-thâu,巷仔頭
hāng-bué,巷尾
hāng-bo̍k,項目
hāng-hāng,項項
hāng-ke,巷街
hāng-láng,項láng
hāng-lông,巷廊
hāng-lōng,巷弄
hāng-lōo,巷路
hāng-tāng,項重
hang-á-hî,魴仔魚
hang-bah,烘肉
hang-tshiú,烘手
hang-hang,烘烘
hang-hî,魟魚
hang-hué,烘火
hang-khó,烘烤
hang-lôo,烘爐
hang-lôo-tsí,烘爐只
hang-lôo-sìnn,烘爐扇
hang-sio,烘燒
hang-ta,烘ta
hang-thâu,魴頭
han-tó-lù,han-tó-lù
ha-ua-ih,Ha-oa-ih
hap,hap
hap,欱
ha̍p,合
ha̍p-á,合仔
ha̍p-á-í,合仔椅
ha̍p-á-sìnn,合仔扇
ha̍p-á-thàn,合仔趁
ha̍p-tsàu,合奏
ha̍p-tsîng,合情
ha̍p-tshài,合菜
ha̍p-tshiùnn,合唱
ha̍p-tshuì,合嘴
ha̍p-tsiáng-pài,合掌拜
ha̍p-tsiàu,合照
ha̍p-tsím,合枕
ha̍p-tsò-hué,合做夥
ha̍p-tsok,合作
ha̍p-tsok-siā,合作社
ha̍p-tsóng,合總
ha̍p-tsòng,合葬
ha̍p-tsoo,合組
ha̍p-tsóo,合組
ha̍p-ìng,合應
ha̍p-ìng-kai,合應該
ha̍p-îng,合營
ha̍p-gî,合宜
ha̍p-hô,合和
ha̍p-huan,合歡
ha̍p-huan-tsháu,合歡草
ha̍p-huan-tshiū,合歡樹
ha̍p-huan-suann,合歡山
ha̍p-huat,合法
ha̍p-huat-huà,合法化
ha̍p-huat-sìng,合法性
ha̍p-hué,合夥
ha̍p-hun,合婚
ha̍p-ì,合意
ha̍p-î,合於
ha̍p-iánn,合影
ha̍p-iok,合約
ha̍p-ka,合家
ha̍p-ka,閤家
ha̍p-kah,合合
ha̍p-kai,合該
ha̍p-kai-jiân,合該然
ha̍p-kai-liân,合該然
ha̍p-kè,合計
ha̍p-keh,合格
ha̍p-keh-tsiá,合格者
ha̍p--khí-lâi,合起來
ha̍p-ki,合居
ha̍p-kim,合金
ha̍p-kín,合巹
ha̍p-kiōng,合共
ha̍p-kóo,合股
ha̍p-kòo,洽購
ha̍p-le,合le
ha̍p--leh,合leh
ha̍p-li̍k,合力
ha̍p-lí,合理
ha̍p-lí-huà,合理化
ha̍p-uá,合倚
ha̍p-pán,合板
ha̍p-pān,合扮
ha̍p-pān,合辦
ha̍p-pān,洽辦
ha̍p-pìng,合併
ha̍p-sik,合適
ha̍p-sîng,合成
ha̍p-si̍p,合十
ha̍p-suàn,合算
ha̍p-sûn,洽詢
ha̍p-tìng-pún,合訂本
ha̍p-tī,合tī
ha̍p-tông,合同
hap-sian,哈仙
ha-sio,呵燒
hat,hat
hat,喝
ha̍t,ha̍t
ha̍t,乏
ha̍t,核
ha̍t-á,核仔
ha̍t-tsè,乏制
ha̍t-tsuí,乏水
ha̍t-ha̍t,乏乏
ha̍t-o,乏窩
hat-tshái,喝采
hat-tshái,喝彩
ha-tê,呵茶
hat-kíng,轄境
hat-khu,轄區
hat-thâu,喝頭
hat-thè,喝退
hau,hau
hau,庨
háu,吼
háu,哮
háu-tshan,哮呻
háu-tsiuh-tsiuh,哮啁啁
háu-hinn,吼哼
háu-hinn,哮哼
háu-huah,吼喝
háu-ke,吼雞
háu-ke,哮雞
háu-ke-bó,吼雞母
háu-kiò,吼叫
háu-me-me,哮咩咩
háu-thiànn,吼疼
háu-thiànn,吼痛
hàu,孝
hàu-tsiáu,孝鳥
hàu-tsú,孝子
hàu-hīng,孝行
hàu-iáng,孝養
hàu-kìng,孝敬
hàu-kiò,哮叫
hàu-koo,孝孤
hàu-lâm,孝男
hàu-lâm-bīn,孝男面
hàu-lâm-sîn,孝男神
hàu-lâm-siōng,孝男相
hàu-lí,孝女
hàu-mi̍h,孝物
hàu-pn̄g,孝飯
hàu-sim,孝心
hàu-sūn,孝順
hàu-tai,孝呆
hàu-tai,孝獃
hàu-tn̂g,孝堂
hàu-tō,孝道
hâu,侯
hâu-pau,荷包
hâu-pau-giô,荷包蟯
hāu,候
hāu,效
hāu,鱟
hāu-á-tshì,鱟仔刺
hāu-á-sua,鱟仔鯊
hāu-á-thâu,鱟仔頭
hāu-bīng,效命
hāu-bó,鱟母
hāu-bué-to,鱟尾刀
hāu-bū,校務
hāu-tshì,鱟刺
hāu-tshia,校車
hāu-tshia-sik,候車室
hāu-tsí,校址
hāu-ik,效益
hāu-giām,效驗
hāu-guā,校外
hāu-hē,候下
hāu-hî,鱟魚
hāu-hia,鱟桸
hāu-hn̂g,校園
hāu-hua,校花
hāu-huat,效法
hāu-hueh-tshenn,鱟血青
hāu-hong,校方
hāu-hong,校風
hāu-hùn,校訓
hāu-i,校醫
hāu-ī,校譽
hāu-iōng,效用
hāu-iú,校友
hāu-iú-huē,校友會
hāu-iû,效尤
hāu-kà,候駕
hāu-kang,校工
hāu-kang,鱟公
hāu-kè,候價
hāu-kíng,校警
hāu-kha-tshì,鱟腳刺
hāu-kha-giô,鱟腳蟯
hāu-khak-tshì,鱟殼刺
hāu-khak-tîn,鱟殼藤
hāu-kha-li̍k,鱟腳綠
hāu-khan,校刊
hāu-khìng,校慶
hāu-khueh,候缺
hāu-kî,校旗
hāu-ki-sik,候機室
hāu-kó,效果
hāu-kua,校歌
hāu-kui,校規
hāu-lāi,校內
hāu-li̍k,效力
hāu-lîng,效能
hāu-lô,效勞
hāu-lu̍t,效率
hāu-me̍h,候脈
hāu-mn̂g,校門
hāu-peh-tsheh,鱟百冊
hāu-peh-tsheh,鱟百柵
hāu-phiann,鱟骿
hāu-póo,候補
hāu-senn,後生
hāu-senn-ke,後生家
hāu-sī,候示
hāu-sià,校舍
hāu-sia̍h,鱟勺
hāu-suán,候選
hāu-tán,候等
hāu-táng-huē,校董會
hāu-tiânn,校庭
hāu-tîn,鱟藤
hāu-tiong,效忠
hāu-tiúnn,校長
hāu-tiúnn-sik,校長室
hau-la̍k,hau六
hau-la̍k,詨六
hau-la̍k-kóng,hau六講
hau-la̍k-uē,hau六話
hau-la̍k-uē,詨六話
hau-phuê,詨皮
hau-siâu,hau-siâu
hau-siâu,詨siâu
hau-siâu-uē,詨siâu話
he,he
he,恢
he,盻
he,痚
he-m̄,he m̄
hé,賄
hè,hè
hê,回
hê,蝦
hê,霞
hê-á,蝦仔
hê-bí,蝦米
hê-bí-khiau,蝦米曲
hê-bí-khiau,蝦米蹺
hê-bué,蝦尾
hê-tshí,鼷鼠
hê-tshiú,回手
hê-tshuì,回嘴
hê-tsí,蝦子
hê-tsuán,回轉
hê-tsuē,回罪
hê-i̍k,回憶
hê-ìng,回應
hê-hê-kàu,回回教
hê-ho̍k,回復
hê-hûn,回魂
hê-im,回音
hê-iông,回陽
hê-jîn,蝦仁
hê-kak-thâu,奚角頭
hê-kàu,回教
hê-kâu,蝦猴
hê-kìng,回敬
hê-khàu,回扣
hê-kuann,蝦乾
hê-kok,回國
hê-kong-tshiu,蝦公鬚
hê-koo,蝦蛄
hê-kòo,回顧
hê-koo-phia̍t,蝦蛄蟞
hê-koo-thâu,蝦蛄頭
hê-lâm,回南
hê-láng,回籠
hê-lang-á,蝦籠仔
hê-nńg,回軟
hê-nn̄g,蝦卵
hê-uē,回話
hê-phe,回批
hê-phi,霞帔
hê-pi,蝦卑
hê-pī,回避
hê-siann,回聲
hê-sióng,回想
hê-tāng,回重
hê-tap,回答
hê-thâu,回頭
hê-thiap,回帖
hê-tiâu,回條
hē,下
hē,系
hē,係
hē,夏
hē,暇
hē,會
hē-á-thâu,會仔頭
hē-āu-tshiú,下後手
hē-buê,夏糜
hē-tshiú,下手
hē-tsú-jīm,系主任
hē-tsûn,下船
hē-giô,下橈
hē-guān,下願
hē-hāng,系項
hē-hāng,係項
hē-io̍h,下藥
hē-jîn-tsîng,會人情
hē-kang-hu,下工夫
hē-kang-hu,下功夫
hē-koo-tsháu,夏枯草
hē-koo-tù,下孤注
hē-lâm,下南
hē-la̍t,下力
hē-lia̍t,系列
hē-lo̍h,下落
hē-lōo,下賂
hē-miā,下命
hē-muâi,夏糜
hē-pit,下筆
hē-puî,下肥
hē-pún,下本
hē-pún-tsînn,下本錢
hē-sik,下色
hē-sènn-miā,下性命
hē-sim-sîn,下心神
hē-sòo,係數
hē-tāng,下重
hē-thóng,系統
hē-thóng-huà,系統化
hē-tiānn,下錠
hē-tîn,夏藤
hē-to̍k,下毒
hē-to̍k-tshiú,下毒手
heh,heh
heh,嚇
heh-hōo,歇雨
heh-kiann,嚇驚
heh-kiann-lâng,嚇驚人
hennh,hennh
hennh-jua̍h,hennh熱
hennh-khùn,hennh睏
hennh-khùn,歇睏
he-ho̍k,恢復
heh-puànn-sí,嚇半死
heh-sí,嚇死
heh-tang,歇冬
heh-tiàm,歇店
heh-tio̍h,嚇著
hi̍k,核
hi̍k,劃
hi̍k-tsa,核查
hi̍k-tsiá,或者
hi̍k-tsióng,獲獎
hi̍k-tsuē,獲罪
hi̍k-tsú,核子
hi̍k-tsú-tân,核子彈
hi̍k-tsún,核准
hi̍k-tsún,獲准
hi̍k-ik,獲益
hi̍k-kè,核計
hi̍k-khó,核可
hi̍k-kiù,獲救
hi̍k-kok,黑kok
hi̍k-lī,獲利
hi̍k-pān,核辦
hi̍k-sìng,獲勝
hi̍k-sī,或是
hi̍k-sī,核示
hi̍k-suán,獲選
hi̍k-ti,獲知
hi̍k-tì,獲致
hi̍k-tiān,核電
hi̍k-tit,獲得
hi̍k-tuânn,核彈
hi̍k-tuì,核對
hik-hik,赫赫
hik-jiân,赫然
he-ku,he痀
he-ku,he龜
he-ku,痚痀
hik-un-i̍k,黑瘟疫
he-ku-pēnn,痚痀病
he-ku-tū,痚痀注
he-lián-ah,花臉鴨
he-m̄,he-m̄
hēnn,hēnn
hing,胸
hing,興
hìng,興
hìng-tsènn,興諍
hìng-tsia̍h,興食
hìng-tsiān,興賤
hìng-tsit-bī,興這味
hìng-tsit-lōo,興這路
hìng-tsiú,興酒
hìng-hún-bī,興粉味
hìng-kiáu,興kiáu
hìng-kóng-uē,興講話
hìng-koo-bī,興孤味
hìng-lim,興lim
hìng-pua̍h,興poah
hìng-sio-tsiú,興燒酒
hìng-sńg,興耍
hìng-tak,興觸
hìng-an,興安
hìng-tsâ-bóo,興查某
hìng-tsa-bóo,興查某
hìng-tshap-sū,興插事
hìng-tshù,興趣
hìng-hùn-tse,興奮劑
hìng-phu̍t-phu̍t,興phu̍t-phu̍t
hìng-pu̍t-pu̍t,興pu̍t-pu̍t
hìng-siōng,興訟
hìng-sū,興事
hìng-táu,興倒
hìng-thâu,興頭
hìng-thit,興thit
hìng-tì,興致
hîng,刑
hîng,行
hîng,形
hîng,邢
hîng,型
hîng,雄
hîng,還
hîng-àn,刑案
hîng-bôo,形模
hîng-bôo,型模
hîng-bûn,行文
hîng-tsà,行詐
hîng-tsè,還債
hîng-tsik,刑責
hîng-tsik,形跡
hîng-tsìng,行政
hîng-tsìng-khu,行政區
hîng-tshing,還清
hîng-tshì,行刺
hîng-tshia,行車
hîng-tshiap,行竊
hîng-tshun,恆春
hîng-tsí,行止
hîng-tsiá,行者
hîng-tsiàu,行照
hîng-tsìn,行進
hîng-tsînn,還錢
hîng-tsong,行蹤
hîng-tsōng,形狀
hîng-tsóo,行走
hîng-gi̍k,橫逆
hîng-gî,行宜
hîng-gî,行儀
hîng-gîm,行吟
hîng-guān,還願
hîng-hâi,形骸
hîng-hîng,行刑
hîng-hiàn,行憲
hîng-hiong,行凶
hîng-hiong,行兇
hîng-hiunn,行香
hîng-hō,型號
hîng-huat,刑法
hîng-hua̍t,刑罰
hîng-huè,行賄
hîng-i,行醫
hîng-iánn,形影
hîng-iông,形容
hîng-jîn,行人
hîng-kíng,刑警
hîng-kìng,行徑
hîng-khì,行氣
hîng-khuán,形款
hîng-khuán,還款
hîng-khū,刑具
hîng-kî,刑期
hîng-kiap,行劫
hîng-kiong,行宮
hîng-kiông,行強
hîng-kiú,恆久
hîng-kiû,刑求
hîng-kun,行軍
hîng-lâng,還人
hîng-lé,行禮
hîng-lí,行李
hîng-lí-siunn,行李箱
hîng-māu,形貌
hîng-pâng,行房
hîng-pik-pik,雄逼逼
hîng-phiàn,行騙
hîng-pún,還本
hîng-sik,形式
hîng-sik,型式
hîng-sing,行星
hîng-síng,行省
hîng-sîng,形成
hîng-sì,形勢
hîng-siān,行善
hîng-siāng,形象
hîng-siau,行銷
hîng-siàu,還數
hîng-sim,恆心
hîng-siong,行商
hîng-siōng,形象
hîng-siōng,形像
hîng-sú,行使
hîng-sú,行駛
hîng-sū,刑事
hîng-sū,行事
hîng-tîng,刑庭
hîng-thài,形態
hîng-thài,型態
hîng-thâu,行頭
hîng-thâu,形頭
hîng-thé,形體
hîng-tiûnn,刑場
hîng-tuān,行傳
hîng-tông,形同
hîng-tōng,行動
hîng-too,行都
hîng-tôo,形圖
hîng-ui,形威
hîng-uî,行為
hīng,hīng
hīng,行
hīng,杏
hīng,幸
hīng,貺
hīng-bián,倖免
hīng-tshài,荇菜
hīng-tshài,莧菜
hīng-hok,幸福
hīng-hông,杏紅
hīng-jîn,杏仁
hīng-lé,衒禮
hīng-lé-piánn,貺禮餅
hīng-tit,幸得
hīng-tuā-piánn,貺大餅
hīng-tuânn,杏壇
hing-tsîng,胸前
hing-tsiah-kut,胸脊骨
hing-tsô,胸槽
hing-huâi,胸懷
hing-ho̍k,興復
hing-hùn,興奮
hing-keh,胸膈
hing-kik,興革
hing-khám,胸坎
hing-khám-bah,胸坎肉
hing-khám-keh,胸坎膈
hing-khám-kut,胸坎骨
hing-khám-mn̂g,胸坎毛
hing-khí,興起
hing-khim,胸襟
hing-kiàn,興建
hing-kuà-kut,胸掛骨
hing-kok,興國
hing-lī,亨利
hing-liông,興隆
hing-ōng,興旺
hing-pāi,興敗
hing-pak,胸腹
hing-pān,興辦
hing-ping,興兵
hing-sīng,興盛
hing-suai,興衰
hing-sue,興衰
hing-sū,興事
hing-tà,胸罩
hing-tē,兄弟
hing-thâu,胸頭
hing-thong,亨通
hing-tio̍k,興築
hing-tióng,兄長
hing-tiong-huē,興中會
hing-uî,胸圍
hi,唏
hi,稀
hi,虛
hí,許
hí,喜
hí-ài,喜愛
hí-tshiok,喜鵲
hí-tshut,喜齣
hí-tsiú,喜酒
hí-iàn,喜宴
hí-iân,喜筵
hí-ia̍t,喜悅
hí-iông-iông,喜洋洋
hí-ki̍k,喜劇
hí-khìng,喜慶
hí-khì,喜氣
hí-khó,許可
hí-khó-tsìng,許可證
hí-kiō,喜轎
hí-kio̍k,喜劇
hí-kio̍k-phìnn,喜劇片
hí-lo̍k,許諾
hí-lo̍k,喜樂
hí-phuè,許配
hí-sik,喜色
hí-sìn,喜訊
hí-sū,喜事
hí-thiap,喜帖
hí-thn̂g,喜糖
hì,肺
hì,戲
hì-bê,戲迷
hì-bûn,戲文
hì-tshut,戲齣
hì-tsiōng-guân,戲狀元
hì-ing,肺癰
hì-gâm,肺癌
hì-giân,戲言
hì-hiauh,戲謔
hì-hn̂g,戲園
hì-ho̍k,戲服
hì-hóo,戲虎
hì-hú,肺腑
hì-hūn,戲份
hì-iām,肺炎
hì-īnn,戲院
hì-ki̍k,戲劇
hì-ki̍k-huà,戲劇化
hì-ki̍k-sìng,戲劇性
hì-khik,戲曲
hì-kiat-hu̍t,肺結核
hì-kioh,戲kioh
hì-kioh,戲腳
hì-kio̍k,戲劇
hì-kio̍k-huà,戲劇化
hì-kio̍k-sìng,戲劇性
hì-kńg,肺管
hì-kńg-iām,肺管炎
hì-kuán,戲館
hì-lāng,戲弄
hì-lô,肺癆
hì-lōo,戲路
hì-mo̍oh,肺膜
hì-mo̍oh-iām,肺膜炎
hì-pan,戲班
hì-pan-á,戲班仔
hì-pênn,戲棚
hì-pênn-kha,戲棚腳
hì-pēnn,肺病
hì-phōo,戲簿
hì-pînn,戲棚
hì-pōo,肺部
hì-sann,戲衫
hì-sîn,戲神
hì-tâi,戲台
hì-ti,戲豬
hì-tiòng,肺脹
hì-tiòng-tuā,肺脹大
hì-tuànn,戲旦
hì-ui-iām,肺衣炎
hî,魚
hî-á,魚仔
hî-á-kiánn,魚仔囝
hî-bâ-á,魚貓仔
hî-bah,魚肉
hî-bah-bah,魚肉肉
hî-bāng,漁網
hî-bué,魚尾
hî-bué-tshe,魚尾叉
hî-bué-liu,魚尾溜
hî-tsai,魚栽
hî-tsan,魚罾
hî-tsha̍k-á,魚鑿仔
hî-tshi,魚鰓
hî-tshì,魚刺
hî-tshì,魚翅
hî-tshī-tiûnn,魚市場
hî-tsho,魚臊
hî-tshuan,漁村
hî-tsho-tsháu,魚臊草
hî-tsí,魚子
hî-tsiam-tsháu,魚針草
hî-tsuâ,魚蛇
hî-tsûn,漁船
hî-ing,魚鷹
hî-gia̍p,漁業
hî-hê,魚蝦
hî-hi̍k,漁獲
hî-huē,漁會
hî-ia̍t,魚拽
hî-iú,漁友
hî-jī,魚餌
hî-káng,漁港
hî-kang-tsiáu,魚江鳥
hî-kau,魚鉤
hî-kau-á,魚鉤仔
hî-khah,魚籗
hî-khū,漁具
hî-kî,魚鰭
hî-kuann,魚干
hî-kuân,漁權
hî-kuann-iû,魚肝油
hî-kûn,魚群
hî-lân,魚鱗
hî-lân-tseh,魚鱗癤
hî-lân-tshé,魚鱗扯
hî-lân-tshuì,魚鱗嘴
hî-lī,魚餌
hî-liu,魚鰍
hî-liu-tsháu,魚鰍草
hî-luî,魚雷
hî-luī,魚類
hî-nâ-á,魚籃仔
hî-niā,魚岭
hî-nn̄g,魚卵
hî-pho̍k,魚泡
hî-piō,魚鰾
hî-piō-ka,魚鰾膠
hî-póo,魚脯
hî-sán,漁產
hî-se,魚蔬
hî-si̍t,魚翼
hî-tî,魚池
hî-tîn,魚藤
hî-tiò-á,魚釣仔
hî-tiûnn,漁場
hî-tòm-tsiáu,魚頓鳥
hî-tòng-tsiáu,魚擋鳥
hî-ún-á,魚塭仔
hî-ùn,魚塭
hî-ùn-á,魚塭仔
hī,耳
hī,唏
hī-á,耳仔
hī-á-kînn,耳仔墘
hī-àng-á,耳齆仔
hī-tsu,耳珠
hī-kau,耳鉤
hī-kau-khang,耳鉤空
hī-khang,耳腔
hī-khang-háu,耳腔吼
hī-khang-khin,耳腔輕
hī-khang-uē,耳腔話
hī-khang-tân,耳腔tân
hī-khang-tāng,耳腔重
hī-sái,耳屎
hī-thuī,耳墜
hī-thuī-thuī,重墜墜
hī-tûn,耳唇
hia,hia
hia,杓
hia,遐
hia,靴
hiâ,遐
hiā,瓦
hiā,蟻
hiā-bí,瓦米
hiā-tshù,瓦厝
hiā-iô,瓦窯
hiā-lîng,瓦壟
hiā-phè,瓦phè
hiā-phiánn,瓦鉼
hiā-phuè,瓦phuè
hiā-phuè,瓦
hiā-sian,瓦sian
hiā-thâng,瓦蟲
hiā-thâu,瓦頭
hia-á,桸仔
hia-àng,靴甕
hia-ê,遐的
hia-ê,靴鞋
hia--ê,遐的
hiah,hiah
hia̍h,額
hia̍h-á-thâu,額仔頭
hia̍h-tsîng,額前
hia̍h-tsiánn,額tsiánn
hia̍h-hûn,額痕
hia̍h-kak,額角
hia̍h-kha,額腳
hia̍h-thâu,額頭
hiah-tsē,hiah-tsē
hiah-tsē,許濟
hiah-ê,hiah-ê
hiah-ê,hiah個
hiah-kú-á,hiah久仔
hiannh,hiannh
hiannh-tshī,hiannh市
hiannh-hong,嚇風
hiah-nī,赫呢
hiah-nih,hiah-nih
hiah-ni̍h,hiah呢
hiannh-kè,嚇價
hiannh-sann,攇衫
hiannh-tiûnn,hiannh場
hia-kóng,靴管
hiam,hiam
hiam,薟
hiám,險
hiám-tsà,險詐
hiám-eh,險厄
hiám-hiám,險險
hiám-kíng,險境
hiám-kiā,險陭
hiám-lōo,險路
hiám-ok,險惡
hiám-sìng,險勝
hiàm,喊
hiàm-hiu,喊咻
hiàm-hûn,喊魂
hiàm-ke,喊雞
hiàm-khóo,喊苦
hiàm-kiò,喊叫
hiàm-miâ,喊名
hiàm-uan,喊冤
hiâm,嫌
hiâm-bī-sī,嫌唯是
hiâm-gî,嫌疑
hiâm-huān,嫌犯
hiâm-kan-khóo,嫌艱苦
hiâm-siâu,嫌siâu
hiam-tsio-á,hiam椒仔
hiam-tsio-á,薟椒仔
hiam-kiunn-á,薟薑仔
hiam-lua̍h-lua̍h,薟辣辣
hiann,兄
hian,掀
hián,hián
hián,晃
hián,幌
hiánn,顯
hiánn-âng,顯紅
hiánn-ba̍k,顯目
hián-bîng,顯明
hián-tshut,顯出
hián-îng,顯榮
hián-jiân,顯然
hián-kuì,顯貴
hiánn-lâng-ba̍k,顯人目
hián-lîng,顯靈
hián-lōo,顯露
hián-lōo-tshut,顯露出
hiánn-oo,顯烏
hián-pún-sū,顯本事
hián-sìng,顯聖
hián-sī,顯示
hián-sī-tshut,顯示出
hián-sī-khì,顯示器
hiánn-tāng,顯動
hián-ta̍t,顯達
hiánn-thâu,顯頭
hián-tit,顯得
hiánn-tiûnn,哧場
hiánn-tiûnn,顯場
hián-tù,顯著
hiànn,hiànn
hiàn,hiàn
hiàn,獻
hiàn-bōng-tsînn,獻墓錢
hiàn-tsè,獻祭
hiàn-tsìng,憲政
hiànn-tsîng,向前
hiàn-tshik,獻策
hiàn-tshiú,現手
hiàn-tshiú,獻手
hiàn-tshiú,獻醜
hiàn-tsiong,憲章
hiàn-tsong,憲宗
hiàn-gē,獻藝
hiàn-hing,現胸
hiàn-hing,獻胸
hiànn-hiànn,向向
hiàn-huat,憲法
hiàn-hue,獻花
hiànn-io,向腰
hiàn-kè,獻計
hiàn-khang-siânn,獻空城
hiànn-khui,向開
hiàn-khui,獻開
hiàn-khui-khui,獻開開
hiàn-khui--khui,獻開開
hiàn-kim,獻金
hiàn-kng,現光
hiànn-lâu,向流
hiàn-lé,獻禮
hiàn-lo̍h-kong,獻落公
hiàn-niá,現領
hiàn-pâi,獻牌
hiàn-ping,憲兵
hiàn-sì,獻世
hiànn-sî,向時
hiànn-sin,向身
hiàn-sin,獻身
hiàn-suè-lân,獻歲蘭
hiân,絃
hiânn,惶
hiânn,燃
hiân-á,弦仔
hiân-á,絃仔
hiân-àn,懸案
hiân-bîng,賢明
hiân-tshe,賢妻
hiân-tsiá,賢者
hiânn-tsuí,焚水
hiân-ga̍k,弦樂
hiânn-hué,hiânn火
hiânn-hué,焚火
hiân-huē,賢慧
hiân-huī,賢慧
hiân-jîn,賢人
hiân-khióng,玄鵟
hiân-ki,玄機
hiânn-kún,燃滾
hiânn-kún-tsuí,焚滾水
hiân-lîng,賢能
hiân-liâng,賢良
hiân-luē-tsōo,賢內助
hiân-sài,賢婿
hiânn-sio,燃燒
hiân-siok,賢淑
hiân-sióng,懸賞
hiân-sû,懸殊
hiân-sū,賢士
hiân-ta̍t,賢達
hiânn-tê,焚茶
hiânn-tê,燃茶
hiân-tik,賢德
hiānn,艾
hiān-á,現仔
hiān-tsāi,現在
hiānn-tsháu,艾草
hiān-tshing,現清
hiān-tshú-sî,現此時
hiān-tsōng,現狀
hiān-tsú-sî,現子時
hiān-tsú-sî,現此時
hiān-tsūn,現陣
hiān-hiān,現現
hiān-huè,現貨
hiān-hóng,現況
hiān-iú,現有
hiānn-jiông,艾絨
hiān-ji̍t,現日
hiān-kau-kuan,現交關
hiān-khuán,現款
hiān-kim,現今
hiān-kim,現金
hiān-kìnn,現見
hiānn-mî,艾綿
hiān-poo-sî,現晡時
hiān-sè-pò,現世報
hiān-sì,現示
hiān-sî,現時
hiān-siōng,現象
hiān-tāi,現代
hiān-tē,現地
hiānn-tiâu,艾條
hiān-tiûnn,現場
hian-tsheh,掀冊
hiang,香
hiang,鄉
hiáng,嚮
hiáng,響
hiáng-bé,響馬
hiáng-bé-pô,響馬婆
hiáng-bué-tsuâ,響尾蛇
hiáng-ìng,響應
hiáng-hok,享福
hiáng-ī,享譽
hiáng-iōng,享用
hiáng-iú,享有
hiáng-king,響弓
hiáng-khí,響起
hiáng-liāng,響亮
hiáng-lo̍k,享樂
hiáng-siū,享受
hiáng-tō,嚮導
hiàng,向
hiàng-āu,向後
hiàng-hong,向風
hiàng-iâng,向陽
hiàng-ji̍t-kuî,向日葵
hiàng-lâi,向來
hiàng-sî,向時
hiàng-sî,嚮時
hiàng-siāng,向上
hiàng-sim-li̍k,向心力
hiang-hm̂,香茅
hiang-iû,香油
hiang-káng,香港
hiang-khîn-tshài,香芹菜
hiang-liāu,香料
hiang-pôo,香蒲
hian-khí,掀起
hian-khui,掀開
hiann-ko,兄哥
hian-kuà-tshia,掀蓋車
hian-ku-kuà,掀龜蓋
hiann-muē,兄妹
hiann-só,兄嫂
hiann-só-lâng,兄嫂人
hiann-thâu,兄頭
hiann-tî-á,兄弟仔
hiann-tī,兄弟
hiann-tī-á,兄弟仔
hia̍p,協
hia̍p-tsàu,協奏
hia̍p-tsàu-khik,協奏曲
hia̍p-tshî,挾持
hia̍p-tsōo,協助
hia̍p-ē,腋下
hia̍p-gī,協議
hia̍p-gī,狹義
hia̍p-hiâm,挾嫌
hia̍p-hô,協和
hia̍p-huē,協會
hia̍p-iok,協約
hia̍p-kut,脅骨
hia̍p-li̍k,協力
hia̍p-lí,協理
hia̍p-pān,協辦
hia̍p-pik,脅迫
hia̍p-sì,挾勢
hia̍p-sim,協心
hia̍p-siong,協商
hia̍p-tâm,協談
hia̍p-tâm,洽談
hia̍p-tīng,協定
hia̍p-tiau,協調
hia̍p-tuà,挾帶
hia̍p-tông,協同
hia-sī,遐是
hiat,hiat
hia̍t,穴
hia̍t-tō,穴道
hiat-á,hiat仔
hiat-àn,血案
hiat-ap,血壓
hiat-bah,血肉
hiat-tsè,血債
hiat-tsik,血跡
hiat-tshing,血清
hiat-tshin,血親
hiat-tshiú,擷手
hiat-tshú,擷取
hiat--tshut-khì,hiat出去
hiat-tsiàn,血戰
hiat-tsio̍h-thâu,hiat石頭
hiat-tsiong,血漿
hiat-tsiunn,血漿
hiat-i̍k,血液
hiat-hàn,血漢
hiat-hān,血汗
hia-tháng,靴桶
hiat-hē,hiat下
hiat-hîng,血型
hiat-hi,血虛
hiat-i,血衣
hiat-iân,血緣
hiat-kak,hiat-kak
hiat-ka̍k,hiat-ka̍k
hiat-khì,血氣
hiat-khòo,血庫
hiat-kiû,血仇
hiat-kiû,血球
hiat-lāu,血漏
hiat-lī,血痢
hiat-liāng,血量
hiat-liû,血瘤
hiat-lōo,血路
hiat-luī,血淚
hiat-me̍h,血脈
hiat-phing,血崩
hiat-po̍h,血泊
hiat-pún,血本
hiat-sak,hiat-sak
hiat-sìng,血性
hiat-su,血書
hiat-thn̂g,血糖
hiat-thóng,血統
hiat-tiāu,hiat掉
hiau,hiau
hiau,僥
hiáu,曉
hiáu-gōo,曉悟
hiáu-iông,曉陽
hiáu-lí,曉理
hiáu-ngōo,曉悟
hiàu,hiàu
hiàu-khak,翹殼
hiàu-khì,翹去
hiâu,hiâu
hiâu,嬈
hiâu-tsâ-bóo,嬈查某
hiâu-tsa-bóo,嬈查某
hiâu-hīng,僥倖
hiâu-kha-tshng,hiâu腳倉
hiâu-kha-tshng,嬈尻川
hiâu-kì-kì,嬈記記
hiâu-lîng-long,嬈玲瓏
hiâu-teh-teh,嬈嗲嗲
hiau-gî,梟疑
hiauh,hiauh
hiau-hīng,僥倖
hiau-hīng-tsînn,僥倖錢
hiau-hīng-sí,僥倖死
hiauh-khak,hiauh殼
hiau-huán,梟反
hiau-huán,僥反
hiauh-phí,hiauh痞
hiauh-phuê,hiauh皮
hiau-hū,僥負
hiau-láng-té,僥籠底
hiau--lâng,僥人
hiau-pai,hiau-pai
hiau-pai,花斑
hiau-pai,囂掰
hiau-puē,僥背
hiau-sim,僥心
hiau-than,僥蟶
hi-bāng,希望
hi-bî,稀微
hi-bōng,希望
hi-bû,虛無
hi-tsà,虛詐
hi-îng,虛榮
hi-guî,虛偽
hi-hàm,虛譀
hi-hâm,虛銜
hi-hán,稀罕
hi-hán-kiánn,稀罕囝
hi-hán-mi̍h,稀罕物
hi-hi,稀稀
hi-hiàu,嘻hiàu
hi-hi-tshiò,嘻嘻笑
hi-hua,虛花
hi-hua,虛華
hi-huàn,虛幻
hi-huàn,虛泛
hi-hué,虛火
hi-huè,虛歲
hi-hòo,希hòo
hi-iú,稀有
hi-jia̍k,虛弱
hi-ké,虛假
hi-kheh,稀客
hi-kî,稀奇
hi-kòo,虛構
hi-lám,虛荏
hi-lāng,嬉弄
hi-le̍h-le̍h,虛裂裂
hi-lia̍p,希臘
hìm,hìm
hîm,熊
hîm-ah-hóo,熊抑虎
him-bōo,欣慕
him-hí,欣喜
him-him,欣欣
hi-miâ,虛名
him-jiân,欣然
him-mōo,欣慕
him-siān,欣羡
him-siān,欣羨
him-sióng,欣賞
him-suān,欣羨
hin,hin
hinn,hinn
hin,興
hìnn,hìnn
hìnn-tshian-tshiu,hìnn韆鞦
hìnn-hannh,噓哈
hìnn-sak,hìnn-sak
hìnn-sak,幌
hìnn-tiāu,hìnn掉
hìnn-tiāu,幌掉
hîn,眩
hîn-tsa-bóo,眩查某
hîn-tshia,眩車
hîn-tshia-io̍h,眩車藥
hîn-tsûn,眩船
hîn-gông,眩gông
hîn-gōng,眩戇
hîn-hông,雄黃
hîn-io̍h-á,眩藥仔
hîn-sua,眩痧
hîn-suann,眩山
hîn-tó,眩倒
hîn--tó,眩倒
hīnn,耳
hīn,恨
hīnn,硯
hīnn-á,耳仔
hīnn-á-tûn,耳仔唇
hīnn-àng,耳甕
hīnn-ba̍k,耳目
hīn-bē-tit,恨bē得
hīnn-tsu,耳珠
hīnn-hio̍h,耳葉
hīnn-hong,耳風
hīnn-kau,耳鉤
hīnn-kau-tsháu,耳鉤草
hīnn-khang,耳孔
hīnn-khang-háu,耳孔哮
hīnn-khang-hong,耳孔風
hīnn-khang-khin,耳孔輕
hīnn-khang-kuí,耳孔鬼
hīnn-khang-lāi,耳孔利
hīnn-khang-lō,耳孔嘐
hīnn-khang-mo̍oh,耳孔膜
hīnn-khang-sái,耳孔屎
hīnn-khang-tāng,耳孔重
hīn-khì,恨氣
hīnn-khuân,耳環
hīnn-kiànn,耳鏡
hīnn-kóo,耳鼓
hīnn-mo̍oh,耳膜
hīnn-pê-á,耳扒仔
hīnn-pê-á,耳耙仔
hīnn-puânn,硯盤
hīnn-sái,耳屎
hīnn-tuī,耳墜
hīnn-tûn,耳唇
hinn-hinn-tshuán,哼哼喘
hinn-hinn-háu,哼哼哮
hi-nóo-khì,hi-nóo-khì
hió-kuat,否決
hiō-hué,後悔
hiō-kó,後果
hiō-puè,後輩
hiō-sing,後生
hiō-thian--ê,後天的
hiō-tiōng,厚重
hioh,歇
hio̍h-á,葉仔
hio̍h-á-lōo,葉仔路
hio̍h-bāng,葉網
hio̍h-hā-âng,葉下紅
hio̍h-hā-tsu,葉下珠
hio̍h-hā-kiû,葉下球
hio̍h-hā-pe̍h,葉下白
hio̍h-kah,葉甲
hio̍h-ki,葉枝
hio̍h-kin,葉筋
hio̍h-kó,葉稿
hio̍h-kuáinn,葉稈
hio̍h-me̍h,葉脈
hio̍h-pìnn,葉柄
hio̍h-si,葉絲
hio̍h-sin,葉身
hioh-àm,歇暗
hioh-tshuán,歇喘
hioh-tsūn,歇陣
hioh-gia̍p,歇業
hioh-huē,歇會
hioh-hōo,歇雨
hioh-iánn,歇影
hioh-jua̍h,歇熱
hioh-jua̍h-sî,歇熱時
hioh-kang,歇工
hioh-kha,歇腳
hioh-kheh-tsàn,歇客棧
hioh-kheh-tiàm,歇客店
hioh-khùn,歇息
hioh-khùn,歇睏
hioh-khùn-ji̍t,歇睏日
hioh-kuânn,歇寒
hioh-liâng,歇涼
hioh-lua̍h,歇熱
hioh-mê,歇暝
hioh-ńg,歇蔭
hioh-o̍h,歇學
hioh-siān,歇siān
hioh-sin,歇身
hioh-siū,歇岫
hioh-tànn,歇擔
hioh-tàu,歇晝
hioh-thiám,歇悿
hioh-thinn-lōo,歇天路
hioh-thinn-lōo,歇天露
hiok-ji̍t,旭日
hiong,凶
hiong,兇
hiong,香
hiong,鄉
hióng,饗
hióng-hok,享福
hióng-iàn,饗宴
hióng-liân,享年
hiòng,向
hiòng,餉
hiòng-tsîng,向前
hiòng-guā,向外
hiòng-guā-kháu,向外口
hiòng-hā,向下
hiòng-iông,向陽
hiòng-ji̍t,向日
hiòng-ji̍t-kuî,向日葵
hiòng-lâi,向來
hiòng-óng,向往
hiòng-pak,向北
hiòng-siān,向善
hiòng-thian-tsuánn,向天盞
hiòng-thinn,向天
hiông,雄
hiông-tsòng,雄壯
hiông-tsu,雄姿
hiông-hiông,雄雄
hiông-hué,雄火
hiông-hong,雄風
hiông-hông-tsiú,雄黃酒
hiông-hōo,雄雨
hiông-kài-kài,雄介介
hiông-kài-kài,雄戒戒
hiông-kông,雄狂
hiông-kut,雄骨
hiông-la̍t,雄力
hiông-lâu,雄流
hiông-piah-piah,雄迫迫
hiông-sai,雄獅
hiông-sí,雄死
hiông-sim,雄心
hiông-uí,雄偉
hiong-bāng,凶夢
hiong-bíng,凶猛
hiong-bíng,兇猛
hiong-bîn,鄉民
hiong-tshin,鄉親
hiong-tshiú,凶手
hiong-tshiú,兇手
hiong-tshiû,鄉愁
hiong-tshuan,鄉村
hiong-tshun,鄉村
hiong-gê-lī,匈牙利
hiong-hiám,凶險
hiong-hiám,兇險
hiong-hiâm,兇嫌
hiong-hiân-sû,鄉賢祠
hiong-hua,香華
hiong-huān,兇犯
hiong-huē,鄉會
hiong-hù,香附
hiong-iá,鄉野
hiong-iú,鄉友
hiong-jîn,鄉人
hiong-kài-kài,兇蓋蓋
hiong-káng,香港
hiong-káng-kha,香港腳
hiong-káng-lâng,香港人
hiong-khì,凶器
hiong-kó,香果
hiong-kông,hiong狂
hiong-kông,兇狂
hiong-kông,慌狂
hiong-kuí-kuí,兇鬼鬼
hiong-liân,凶年
hiong-lôo,匈奴
hiong-mâu,香茅
hiong-ok,兇惡
hiong-pà-pà,兇霸霸
hiong-phìnn,香片
hiong-piān,雄辯
hiong-pin,香檳
hiong-pin-tsiú,香檳酒
hiong-pō,兇暴
hiong-po̍k,兇暴
hiong-san,香山
hiong-sat,兇殺
hiong-sí,兇死
hiong-sì,凶勢
hiong-sim,兇心
hiong-sin,凶身
hiong-sin,兇身
hiong-siú,兇手
hiong-suè,凶歲
hiong-suí-mâu,香水茅
hiong-thóo,鄉土
hiong-tìn,鄉鎮
hiong-tìn-tiúnn,鄉鎮長
hiong-tiunn,鄉長
hiong-to,兇刀
hiong-tóng,鄉黨
hiòo,hiòo
hip,翕
hip-au,翕甌
hip-tsio̍h,翕石
hip-tsiòng,翕眾
hi-pik-lâi,希伯來
hip-hing,翕胸
hip-hué,翕火
hip-hong,翕風
hip-jua̍h,翕熱
hip-khuì,翕氣
hip-kuānn,翕汗
hi-pó,稀寶
hi-pò,虛報
hip-ue,翕鍋
hip-siàng,翕相
hip-sio,翕燒
hip-siòng,翕相
hip-siòng-ki,翕相機
hip-siōng,翕相
hip-siōng,翕像
hip-siōng-ki,翕像機
hip-tāu-tshài,翕豆菜
hip-thih,翕鐵
hip-tiān-iánn,翕電影
hip-tio̍h-jua̍h,翕著熱
hip-tó-lâng,翕倒人
hi-sè-tin,稀世珍
hi-sik,稀釋
hi-sing,犧牲
hi-sing-tsiá,犧牲者
hi-sing-phín,犧牲品
hi-siat,虛設
hi-sim,虛心
hi-si̍t,虛實
hi-suànn,虛線
hi-soo,稀疏
hi-sû,虛詞
hit,hit
hit,彼
hit-á,hit仔
hit-tsām,彼站
hit-tsām-á,彼站仔
hit-tshiú,hit手
hit-tsióng,彼種
hit-tsūn,彼陣
hit-tsūn-á,彼陣仔
hit-ê,彼個
hi-ti̍k-li̍k,希特勒
hit-hō,彼號
hi-thuat,虛脫
hit-iūnn,彼樣
hit-jiah,彼跡
hit-ji̍t,彼日
hit-kak-sì,彼角勢
hit-kak-thâu,彼角頭
hit-kang,彼工
hit-khám-tsām,彼坎站
hit-khuán,彼款
hit-kuá,彼寡
hit-kuè,彼過
hit-kuí-ji̍t,彼幾日
hit-lâu-pái,彼流擺
hit-liah,彼跡
hit-pái,彼擺
hit-pîng,hit-pîng
hit-pîng-thâu,彼爿頭
hit-phí-á,彼庀仔
hit-sî,彼時
hit-sî-tsūn,彼時陣
hit-sóo-tsāi,彼所在
hit-tah,彼搭
hit-tang-tsūn,彼當陣
hit-tang-sî,彼東時
hit-tè,彼帶
hit-tè,彼塊
hit-tiám-á,彼點仔
hit-tiap-á,彼輒仔
hit-tong-sî,彼當時
hit-uī,彼位
hit-uī-á,彼位仔
hiu,休
hiu,咻
hiú-nuā,朽爛
hiù,hiù
hiù-tshuì,溴嘴
hiù-lé,溴禮
hiù-phang-tsuí,hiù芳水
hiû,裘
hiû-á,裘仔
hiû-khé,休憩
hiu-tsí,休止
hiu-tsí-hû,休止符
hiu-tsiàn,休戰
hiu-ìng,咻應
hiu-ha̍k,休學
hiu-hiu-kiò,咻咻叫
hiu-huē,休會
hiu-iáng,休養
hiu-jī,休字
hiu-kà,休假
hiu-khik,休克
hiu-liû,鵂鶹
hiunn,hiunn
hiunn,香
hiunn,鄉
hiúnn,響
hiúnn-tiûnn,顯場
hiunn-àn-toh,香案桌
hiunn-a̍p-á,香盒仔
hiunn-tsik,香燭
hiunn-tshâ,香柴
hiunn-tsu,香珠
hiunn-ē,鄉下
hiunn-gî,香儀
hiunn-hiunn,香香
hiunn-hiunn-á,香香仔
hiunn-hué,香火
hiunn-hué-á,香火仔
hiunn-hué-tē,香火袋
hiunn-huē,香會
hiunn-hu,香hu
hiunn-hu,香灰
hiunn-ian,香煙
hiunn-înn,香櫞
hiunn-înn-kam,香櫞柑
hiunn-înn-kue,香櫞瓜
hiunn-iû-tsînn,香油錢
hiunn-iū,香柚
hiunn-jû,香榆
hiunn-kam,香柑
hiunn-kheh,香客
hiunn-khuân,香環
hiunn-kiau-sim,香嬌心
hiunn-kong,香公
hiunn-koo,香菇
hiunn-koo-tshâ,香菇柴
hiunn-lâm,香楠
hiunn-lê,香螺
hiunn-lí,鄉里
hiunn-lí-lâng,鄉里人
hiunn-lôo,香爐
hiunn-lôo-hīnn,香爐耳
hiunn-uánn-toh,香碗桌
hiunn-pau,香包
hiunn-phang,香芳
hiunn-pôo,香蒲
hiunn-sam,香杉
hiunn-siā,鄉社
hiunn-táu,香斗
hiunn-tē,香袋
hiunn-thah,香塔
hiunn-tiàm,香店
hiunn-tiān,香奠
hiunn-tiâu,香條
hiunn-tīn,香陣
hiu-ping,休兵
hiu-sik-sik,休息室
hiu-su,休書
hiu-sū-tùn,休士頓
hm,hm
hm̀,hm̀
hm̂,hm̂
hm̂,疹
hm̂-á,茅仔
hm̂-á-tsháu,茅仔草
hm̂-tsháu,茅草
hm̂-tsháu-kin,茅草根
hm̂-kin-tsháu,茅根草
hm̂-kuann,茅菅
hm̂-lâng-pô,媒人婆
hmh,hmh
hmh,歙
hm̍h,hm̍h
hm̍h,默
hm̍h-hm̍h,默默
hm-hm-kiò,噷噷叫
hmh-sí,撼死
hng,hng
hng,方
hng,昏
hng,哼
hng,荒
hńg,hńg
hn̂g,園
hn̂g-á,園仔
hn̂g-khuè,園契
hn̂g-khu,園區
hn̂g-tē,荒地
hn̂g-tē,園地
hn̂g-ting,園丁
hn̂g-tiū,園稻
hn̄g,遠
hn̄g-hn̄g,遠遠
hn̄g-kīn,遠近
hn̄g-liu-liu,遠溜溜
hn̄g-lo-lo,遠lo-lo
hn̄g-lōo,遠路
hn̄g-tau,遠兜
hng-hìnn,荒hìnn
hng-huì,荒廢
hng--lâng,哼人
hng-poo,荒埔
hng-tē,荒地
hng-thâu,方頭
ho,ho
hó,好
hó--ah--lah,好啊啦
hó-bái,好bái
hó-ba̍k-sik,好目識
hó-bé,好馬
hó-bé-bíng,好馬猛
hó-bî-sī,好唯是
hó-bī-sī,好唯是
hó-bī-sī,好維是
hó-bīn-tshiunn,好面腔
hó-bô,好無
hó-bué,好尾
hó-bué-kíng,好尾景
hó-bué-kiat,好尾結
hó-bué-lōo,好尾路
hó-bué-sau,好尾梢
hó-bòo,好否
hó-bôo-iūnn,好模樣
hó-tsîng-ì,好情意
hó-tshái-thâu,好彩頭
hó-tshân,好田
hó-tsháu-hâm,好草唅
hó-tshenn,好星
hó-tshī,好市
hó-tshī,好飼
hó-tshin-tshiūnn,好親像
hó-tshiò,好笑
hó-tshiò-sîn,好笑神
hó-tshit-thô,好chhit-thô
hó-tshiú-sì,好手勢
hó-tshiú-tuānn,好手段
hó-tshuā-thâu,好tshuā頭
hó-tshù,好處
hó-tshuì,好嘴
hó-tshuì-phiah,好嘴癖
hó-tshuì-táu,好嘴斗
hó-tsia̍h,好食
hó-tsia̍h-khùn,好食睏
hó-tsuán,好轉
hó-ē,好下
hó-īng,好用
hó-gán-li̍k,好眼力
hó-gán-sik,好眼識
hó-gia̍h,好額
hó-gia̍h-kiánn,好額囝
hó-gia̍h-lâng,好額人
hó-ha̍k-būn,好學問
hó-hánn-thâu,好哄頭
hó-hàn,好漢
hó-hiám,好險
hó-hiann-tī,好兄弟
hó-hó,好好
hó-hó-á,好好仔
hó-hó-kā,好好kā
hó-huè,好貨
hó-hong-ji̍t,好風日
hó-ì,好意
hó-ì-sîn,好意神
hó-io-tshī,好育飼
hó-io̍h,好藥
hó-iōng,好用
hó-iūnn,好樣
hó-jī-ūn,好字運
hó-ji̍t,好日
hó-ka-tsài,好佳哉
hó-kai-tsài,好佳哉
hó-kám,好感
hó-kàn,好姦
hó-káu-ūn,好狗運
hó-kè,好價
hó-kè-siàu,好價數
hó-kíng,好景
hó-ke-tàng,好家棟
hó-kha-tshiú,好腳手
hó-khang,好孔
hó-khang,好空
hó-khang-lâng,好空人
hó-kha-siàu,好腳數
hó-kháu-hâm,好口唅
hó-kheh-tsîng,好客情
hó-khuán,好款
hó-khuán-thāi,好款待
hó-khuànn,好看
hó-khuànn-siùnn,好看相
hó-khuànn-thâu,好看頭
hó-khueh,好缺
hó-khuì,好氣
hó-kì-tsâi,好記才
hó-kì-sìng,好記性
hó-kì-tî,好記持
hó-kiánn,好囝
hó-kiat-tiāu,好吉兆
hó-ki-huē,好機會
hó-kioh,好腳
hó-kioh-siàu,好腳數
hó-kuè,好過
hó-kuè-ji̍t,好過日
hó-kóng-uē,好講話
hó-là,好啦
hó-lâi-ù,好萊塢
hó-lâng,好人
hó-láu-kái,好了解
hó-lâu-pái,好流擺
hó-lé,好禮
hó-lé-á,好禮仔
hó-lí-tik,好女德
hó-lī,好離
hó-lī-lōo,好利路
hó-lī-ūn,好字運
hó-liāng,好量
hó-liāu,好料
hó-liu-liu,好溜溜
hó-m̄,好m̄
hó-miâ-siann,好名聲
hó-miā,好命
hó-miā-kiánn,好命囝
hó-nî-tang,好年冬
hó-uē,好話
hó-o̍h,好學
hó-pán,好板
hó-pîng-iú,好朋友
hó-pháinn,好歹
hó-pháinn-sū,好歹事
hó-pháinn-ūn,好歹運
hó-phîng,好評
hó-phiah,好癖
hó-phīnn-tshuē,好鼻找
hó-phīnn-sai,好鼻獅
hó-pí,好比
hó-pōo,好步
hó-pōo-sòo,好步數
hó-sìng-tē,好性地
hó-sì,好勢
hó-sī-sī,好是是
hó-siann-sueh,好聲說
hó-siau,好銷
hó-sim,好心
hó-sim-hīng,好心行
hó-sim-sik,好心適
hó-siōng-tsâi,好像才
hó-siu,好收
hó-siu-sîng,好收成
hó-sńg,好耍
hó-sue,好衰
hó-sóo-tsāi,好所在
hó-sū,好事
hó-tāi,好代
hó-tāi-tit,好代得
hó-tánn,好膽
hó-tánn-thâu,好膽頭
hó-tang,好冬
hó-tang-tang,好當當
hó-tang-tō,好冬道
hó-tàu-tīn,好鬥陣
hó-tik-hīng,好德行
hó-thâu-tshuì,好頭嘴
hó-thiann,好聽
hó-thiann-uē,好聽話
hó-thinn,好天
hó-thinn-nî,好天年
hó-tiāu,好兆
hó-tiāu-thâu,好兆頭
hó-tit,好得
hó-ūn,好運
hò-tuā,浩大
hô,hô
hô,和
hô,河
hô,毫
hô,壕
hô-á,荷仔
hô-bé,河馬
hô-bí,和美
hô-bí,毫米
hô-bīn,河面
hô-bo̍k,和睦
hô-tsāi,何在
hô-tsê,和齊
hô-tsîng,豪情
hô-tshin,和親
hô-tshiū,荷樹
hô-tshn̂g,河床
hô-tshuan,河川
hô-tshù,何處
hô-tsiòng,和眾
hô-gí,豪語
hô-gī,和議
hô-hâi,和諧
hô-hàn,河漢
hô-ha̍p,和合
hô-hia̍p,和協
hô-hio̍h-liân,荷葉蓮
hô-hó,和好
hô-hua,荷花
hô-huâ,豪華
hô-huānn,河岸
hô-huat,毫髮
hô-hue,荷花
hô-ho̍k,和服
hô-hong,何方
hô-hong,和風
hô-hòng,何況
hô-hòng,豪放
hô-im,和音
hô-ím,豪飲
hô-io̍h,和藥
hô-iok,和約
hô-kái,和解
hô-kái-su,和解書
hô-kan,何干
hô-khe,河溪
hô-kheh,豪客
hô-khik,毫克
hô-khenn,河溪
hô-khì,和氣
hô-khì,豪氣
hô-khóo,何苦
hô-kí,豪舉
hô-kiap,豪俠
hô-kia̍t,豪傑
hô-kio̍k,和局
hô-kua,和歌
hô-kok,河谷
hô-kòo,何故
hô-lāi,河內
hô-lâm,河南
hô-lâm-síng,河南省
hô-lân,荷蘭
hô-lân-tsî,荷蘭薯
hô-lân-lâng,荷蘭人
hô-lân-tāu,荷蘭豆
hô-la̍t,和力
hô-lîn-tāu,hô-lîn豆
hô-liû,河流
hô-luán,和暖
hô-lo̍k,和樂
hô-māi,豪邁
hô-mih-khóo,何乜苦
hô-ní-bông,荷爾蒙
hô-pak,河北
hô-pak-síng,河北省
hô-pau-á,荷包仔
hô-pau-tsháu,荷包草
hô-pau-hue,荷包花
hô-pîng,和平
hô-pîng-tó,和平島
hô-pin,河濱
hô-pinn,河邊
hô-pit,何必
hô-pit-khóo,何必苦
hô-puânn,和盤
hô-puān,河畔
hô-san,河山
hô-sing,和聲
hô-sing,毫升
hô-siann,和聲
hô-siān,和善
hô-siú-oo,何首烏
hô-sòo,和數
hô-sū-ló,和事佬
hô-sūn,和順
hô-tāi,河tāi
hô-tang,河東
hô-tâng,和同
hô-té,河底
hô-tíng,何等
hô-thê,河堤
hô-ti,豪豬
hô-tit-khóo,何得苦
hô-tō,河道
hô-tông,和同
hô-tóo,豪賭
hô-ú,豪雨
hō,呵
hō,號
hō,禍
hō-bé,號碼
hō-tshue,號吹
hō-tsì,號誌
hō-tsiann,賀正
hō-tsò,號做
hō-gî,賀儀
hō-guā,號外
hō-hāi,禍害
hō-hâm,賀函
hō-hí,賀喜
hō-huān,禍患
hō-khá,賀卡
hō-kheh,賀客
hō-khì,號去
hō-kî,號旗
hō-kiap,浩劫
hō-kin,禍根
hō-kiò,號叫
hō-lé,賀禮
hō-līng,號令
hō-ló-sō,呵囉唆
hō-má,號碼
hō-miâ,號名
hō-nî,賀年
hō-phàu,號炮
hō-senn-ji̍t,賀生日
hō-siú,禍首
hō-sòo,號數
hō-sû,賀詞
hō-suí,禍水
hō-tāi,浩大
hō-tâng,號筒
hō-thâu,號頭
hō-thâu-tshìng,號頭銃
hō-thâu-kî,號頭旗
hō-thiap,賀帖
hō-tiān,賀電
hō-tiàu,號召
hō-tuan,禍端
hua,hoa
huà,化
huà-tsio̍h,化石
huà-tsio̍h-tsháu,化石草
huà-tsong,化妝
huà-tsong,化裝
huà-tsong-iû,化裝油
huà-giām,化驗
huà-ha̍k,化礐
huà-ha̍p-bu̍t,化合物
huà-huà,化化
huà-hùn-tî,化糞池
huà-iân,化緣
huà-kái,化解
huà-kang,化工
huà-kang-gia̍p,化工業
huà-kué,化解
huà--lâng,化人
huà-miâ,化名
huà-sin,化身
huâ-bí,華美
huâ-bûn,華文
huâ-tshái,華彩
huâ-è,華裔
huâ-gí,華語
huâ-hā,華夏
huâ-hâng,華航
huâ-hing,華興
huâ-hú,華府
huâ-hū,華埠
huâ-ke,華雞
huâ-lâm,華南
huâ-lē,華麗
huâ-ní-ke,華爾街
huâ-pak,華北
huâ-phùn,華噴
huâ-sa,華沙
huâ-san,華山
huâ-se,華西
huâ-sīng-tùn,華盛頓
huâ-sī,華視
huâ-sin,華新
huâ-sǹg,划算
huâ-sǹg,按算
huâ-tang,華東
huâ-ting,華燈
huâ-tiong,華中
huā,嘩
huā,譁
huā-tsiú,嘩酒
huā-huā-háu,嘩嘩吼
huā-huā-kún,嘩嘩滾
huā-huā-lióng,嘩嘩嚷
huā-kún,嘩滾
huā-sǹg,畫算
hua-ah,花押
hua-tshut,花齣
hua-tsio,花椒
hua-gím-tē,花錦地
huah,喝
huah-kiù-lâng,喝救人
huah-uan-óng,喝冤枉
hua̍h,hua̍h
hua̍h,伐
hua̍h-tshut,hua̍h出
hua̍h-kè,hua̍h路
hua̍h-kuè,伐過
hua̍h-lia̍p,hua̍h入
hua̍h-pōo,hua̍h步
hua̍h-tuā-pōo,伐大步
huah-bē,喝賣
huah-tsha̍t,喝賊
huah-tshénn,喝醒
huah-tshut,喝出
huah-hiàm,喝喊
huah-hiu,喝咻
huah-hó,喝好
huah-hut,喝hut
huah-i-o,喝i-o
huah-iú-hō,喝iú-hō
huah-kè,喝價
huah-khui-lōo,喝開路
huah-kiù,喝救
huah-kiù-hōo,喝救護
huah-kûn,喝拳
huah-lîng-long,喝玲瓏
huah-līng,喝令
huah-lōo,喝路
huah-siann,喝聲
huah-suah,喝煞
huah-thè,喝退
huah-tō,喝道
hua-huì,花卉
hua-huì,華費
huâi-gî,懷疑
huâi-gî-sī,懷疑是
huâi-hīn,懷恨
huâi-hiong,懷鄉
huâi-īn,懷孕
huâi-kū,懷舊
huâi-liām,懷念
huâi-nih,懷裡
huâi-phō,懷抱
huâi-san,淮山
huâi-tik,懷德
huāi-sí,壞死
huâinn,莖
huâinn,橫
huâinn-bah-bīn,橫肉面
huâinn-bah-senn,橫肉生
huâinn-bân,橫蠻
huâinn-tsâi,橫財
huâinn-hîng,橫行
huâinn-hiân,橫玄
huâinn-hiân,橫眩
huâinn-hiòng,橫向
huâinn-iûnn,橫洋
huâinn-ke̍h,橫逆
huâinn-king,橫肩
huâinn-khiâ,橫騎
huâinn-kō,橫翱
huâinn-kuainn,橫杆
huâinn-kuè,橫過
huâinn-līng,橫崚
huâinn-liû,橫流
huâinn-ua̍t,橫越
huâinn-ok,橫惡
huâinn-pà,橫霸
huâinn-pà-pà,橫霸霸
huâinn-peh-peh,橫扒扒
huâinn-phi,橫批
huâinn-phi,橫披
huâinn-piak-piak,橫逼逼
huâinn-pián,橫扁
huâinn-pìnn-pìnn,橫變變
huâinn-san,橫山
huâinn-siá,橫寫
huâinn-suànn,橫線
huâinn-theh-theh,橫澈澈
huâinn-ti̍t,橫直
huâinn-tōo,橫渡
hua-khì,hoa去
hua--khì,hoa去
hua-kî,花旗
hua-kong-tsio̍h,花崗石
hua-lian,花蓮
hua-liân-tshī,花蓮市
hua-liân-kuān,花蓮縣
hua-liú-pēnn,花柳病
huan,番
huann,鼾
huan,翻
huánn,huánn
huán,反
huánn,罕
huánn-àm,幻暗
huánn-âng,幻紅
huán-bī,反味
huán-bīn,反面
huán-būn,反問
huán-tsíng,反種
huán-tsìng,反正
huán-tsìng,反症
huán-tsìng,反證
huán-tshénn,反醒
huán-tshî,返tshî
huán-tshiú,反手
huán-tshuàn,反串
huán-tshuì,反嘴
huán-tsi,反之
huán-tsiàn,反戰
huán-tsiò,反照
huán-tsuán,反轉
huán-ìng,反映
huán-ìng,反應
huán-ìng-tshut,反映出
huán-hâng,返航
huán-hāu,返校
huán-hîng,反形
huán-hiau,反梟
huán-hiau,反僥
huán-hiong,返鄉
huán-hiòng,反向
huán-huā,反嘩
huán-huā,反譁
huánn-huánn,幻幻
huánn-huánn,罕罕
huán-hué,反悔
huán-ho̍k,反復
huán-hong,反諷
huán-iânn,反營
huán-kā,反咬
huán-kak,反角
huán-kám,反感
huán-kann,反監
huán-kàn-kè,反間計
huán-kik,反擊
huán-king,反供
huán-kháu-king,反口供
huán-khòng,反抗
huán-kiōng,反共
huán-kng,反光
huán-kuà,反卦
huán-kuan,反觀
huán-kok,返國
huán-kong,反攻
huán-lâu,反流
huán-lē,反戾
huán-luān,反亂
huán-n̂g,反黃
huán-nńg,反軟
huán-oo,反烏
huán-pak,反腹
huán-piàn,反變
huán-puān,反叛
huán-puē,反背
huán-pok,反駁
huán-sik,反色
huán-senn,反生
huán-sénn,反省
huán-síng,反省
huán-sí,反死
huán-siā,反射
huán-siàng,反相
huán-sia̍t,反舌
huán-sim,反心
huán-siông,反常
huán-tâi,返台
huán-té,返抵
huán-thinn,反天
huán-tian-tò,反顛倒
huán-tiāu,反調
huán-tńg,反轉
huán-tó-tńg,反倒轉
huán-tò-tńg,反倒轉
huán-tuānn,反彈
huán-tōng,反動
huán-tuì,反對
huán-tuì-phài,反對派
huán-tuì-tóng,反對黨
huàn-á,販仔
huàn-á-king,販仔間
huàn-bē,販賣
huàn-bē-ki,販賣機
huàn-bia̍t,幻滅
huàn-tshénn,喚醒
huàn-tshù,販厝
huàn-íng,幻影
huàn-huàn,泛泛
huàn-iánn,幻影
huàn-kak,幻覺
huàn-kíng,幻景
huàn-kíng,幻境
huàn-khí,喚起
huàn-lām,氾濫
huàn-sàn,渙散
huàn-sau,販獀
huàn-sióng,幻想
huàn-sióng-huà,幻想化
huàn-sióng-khik,幻想曲
huàn-siōng,幻象
huàn-ting,幻燈
huàn-to̍k,販毒
huàn-ūn,販運
huân,桓
huân,煩
huân,幡
huân,還
huânn,鼾
huân,礬
huân-tsāi,凡在
huân-tsa̍p,繁雜
huân-tsio̍h,礬石
huân-tsu-lōo,環珠鷺
huân-îng,繁榮
huân-guân,還原
huân-guān,還願
huân-hiong,還鄉
huân-huâ,繁華
huânn-huânn-háu,鼾鼾吼
huânn-huânn-kiò,鼾鼾叫
huân-ho̍k,繁複
huân-hûn-tsháu,還魂草
huân-ián,繁衍
huân-kik,還擊
huân-kok,梵谷
huân-ló,煩惱
huân-nā,凡但
huân-nā,凡若
huân-nā-sī,凡若是
huân-sī,凡是
huân-sim,煩心
huân-sîn,煩神
huân-sio̍k,還俗
huân-só,繁瑣
huân-sū,凡事
huân-tāng,繁重
huân-tè-kong,梵帝崗
huân-tîn,凡塵
huân-to,繁多
huānn,huānn
huān,凡
huān,犯
huānn,旱
huānn,岸
huān,范
huān,患
huān,範
huān-àn,犯案
huān-tsāi,凡在
huānn-tshiú-thâu,huānn手頭
huān-tshò,犯錯
huān-tsiá,患者
huānn-tsînn,huānn錢
huān-tsiòng-ok,犯眾惡
huān-tsuē,犯罪
huān-gî,犯疑
huān-giâu,犯僥
huān-hā,犯下
huān-hiâm,犯嫌
huān-hiâu,犯嬈
huān-huat,犯法
huān-huat,煥發
huān-hong,犯風
huān-ì,犯意
huānn-io̍h,焊藥
huānn-io̍k,焊藥
huān-kan,凡間
huānn-ke,huānn家
huānn-ke--ê,huānn家的
huānn-ke-sū,huānn家事
huān-khia,犯khia
huān-khia,犯迦
huān-kí,犯紀
huān-kuann,宦官
huānn-kóo-pán,huānn鼓板
huān-kui,犯規
huān-lān,患難
huān-lâng,犯人
huān-lâng-khia,犯人欺
huān-lâng-ok,犯人惡
huān-lāng,犯人
huān-lē,援例
huān-lē,範例
huān-pēnn,患病
huānn-pinn,岸邊
huānn-puânn,huānn盤
huān-pōo,患部
huān-pún,範本
huān-sì,凡勢
huān-sì,犯勢
huānn-siah,焊錫
huānn-siāng,岸上
huānn-siang-thiāu,huānn雙祧
huānn-siàu,huānn數
huān-suah,犯煞
huānn-soh,岸索
huānn-tánn,huānn膽
huān-thai-sîn,犯胎神
huānn-thâu,huānn頭
huānn-tiàm,huānn店
huānn-tiánn,huānn鼎
huānn-tiānn,huānn定
huān-tio̍h,犯著
huān--tio̍h,犯著
huān-tio̍h-kuí,犯著鬼
huān-tiû,範疇
huānn-tuā,huānn舵
huān-tōng,患動
huān-tú-sì,凡tú勢
huān-uî,範圍
huan-á,番仔
huan-á,旛仔
huan-á-tshài,番仔菜
huan-á-tshang,番仔蔥
huan-á-tshì,番仔刺
huan-á-tsiann,番仔正
huan-á-hue,番仔花
huan-á-hué,番仔火
huan-á-iû,番仔油
huan-á-jī,番仔字
huan-á-káu,番仔狗
huan-á-kiunn,番仔薑
huan-á-kuí,番仔鬼
huan-á-lâu,番仔樓
huan-á-o,番仔窩
huan-á-uan,番仔灣
huan-á-uàn,番仔怨
huan-á-piánn,番仔餅
huan-á-sann,番仔衫
huan-á-thô,番仔桃
huan-á-tîn,番仔藤
huan-á-ti̍t,番仔直
huan-àn,翻案
huan-ba̍k-lī,番茉莉
huan-ba̍k-nī,番茉莉
huan-be̍h,番麥
huan-bo̍k-kue,番木瓜
huan-bóo-tan,番牡丹
huan-tsháu,翻草
huan-tshí,番鼠
huan-tshì-á,番刺仔
huan-tshia,翻車
huan-tshiah-á,番雀仔
huan-tshiàu,歡笑
huan-tshinn,番菁
huan-tshiùnn,歡唱
huan-tshn̂g-phoo,翻床舖
huan-tshù,翻厝
huan-tsî-kū,蕃薯舅
huan-tsio,番椒
huan-tsū,歡聚
huan-i̍k,翻譯
huan-gîng,歡迎
huann-hí,歡喜
huann-hí-bīn,歡喜面
huann-hí-kah,歡喜甲
huann-hí-lâi,歡喜來
huan-him,歡欣
huan-huan,番番
huann-huann-khùn,鼾鼾睏
huann-huann-kiò,鼾鼾叫
huan-hue,番花
huan-hue-tshiū,番花樹
huan-hok,翻覆
huan-hoo,歡呼
huan-hù,吩咐
huan-hù,番咐
huan-ia̍t,翻閱
huan-ìn,翻印
huan-kang,番公
huan-káu,番狗
huan-kè-nâ,番芥藍
huan-king,翻供
huan-kheh,番客
huan-khī,番柿
huan-khián,番犬
huan-khoo,翻箍
huan-kī-kā,番kī-kā
huan-ki̍h-kānn,番噱啣
huan-kiô,番茄
huan-kiunn,番薑
huan-kiunn-á,番薑仔
huan-kuah,番葛
huan-kue,番瓜
huan-kué-tsí,番果子
huan-kong-thóo,番工土
huan-lâi,番梨
huan-lâu,翻流
huan-liàn-tńg,翻輦轉
huan-lo̍k,歡樂
huan-lôo-po̍k,番蘿蔔
huan-mua,番幔
huan-nāi-tsi,番荔枝
huan-ông,番王
huan-ôo-tia̍p,番蝴蝶
huan-ōo,番芋
huan-pán,翻版
huan-píng,翻反
huan-pîng,番爿
huan-pîng,番旁
huan-phoo,翻舖
huan-pit-á,番畢仔
huan-pô,番婆
huan-pô-tshiū,番婆樹
huan-pô-lê,番婆螺
huan-pô-uan,番婆灣
huan-pô-uàn,番婆怨
huan-pû,番匏
huan-sàng,歡送
huan-sé,番黍
huan-siā,番社
huan-sim,歡心
huan-sin,翻身
huan-sin,翻新
huan-siu,翻修
huan-siù-kiû,番繡球
huan-sua,翻砂
huan-suann,翻山
huan-suàn,番蒜
huan-sòng,歡送
huan-sòo-hing,番素馨
huan-soo-bo̍k,番蘇木
huan-suī-hiunn,番瑞香
huan-thái,番thái
huan-thái,番體
huan-thâu,翻頭
huan-thâu-ba̍k,番頭目
huan-the,翻胎
huan-thôo,翻土
huan-tiám,翻點
huan-tian,番癲
huan-tîn,翻藤
huan-ti-tu,番蜘蛛
huan-tńg-kang,翻轉工
huan-tńg-nî,翻轉年
huan-tńg-sin,翻轉身
huan-tńg-thâu,翻轉頭
huan-tōng,翻動
huann-tōo,歡度
hua-siau,花消
huat,法
huat,發
hua̍t,活
hua̍t,罰
hua̍t-á-khut,活仔窟
hua̍t-bo̍k,伐木
hua̍t-tsai,活栽
hua̍t-tsik,罰則
hua̍t-huân,罰鍰
hua̍t-khiā,罰徛
hua̍t-khuán,罰款
hua̍t-kim,罰金
hua̍t-lo̍h,發落
hua̍t-phuat,活潑
hua̍t-tuann,罰單
huat-àn,法案
huat-bāng,法網
huat-bē,發賣
huat-bē-tshut,發bē出
huat-bîng,發明
huat-bū,法務
huat-bū-pōo,法務部
huat-bûn,法文
huat-būn,發問
huat-tsâi,發財
huat-tsâi-á,發財仔
huat-tsè,法制
huat-tsik,法則
huat-tsik,發跡
huat-tsìng,法政
huat-tsìng,發症
huat-tshái,發彩
huat-tsháu,發草
huat-tshe,髮妻
huat-tshuì-khí,發嘴齒
huat-tshut,發出
huat--tshut-lâi,發出來
huat-tsiú-hong,發酒瘋
huat-tsiú-hông,發酒hông
huat-tsoh,發作
huat-tsok,發作
huat-tsóo,發祖
huat-tsuí,發水
huat-gán,法眼
huat-gê,發牙
huat-gê,發芽
huat-giân,發言
huat-giân-jîn,發言人
huat-giân-kuân,發言權
huat-guân-tē,發源地
huat-guān,發願
huat-ha̍k,法學
huat-ha̍k-īnn,法學院
huat-hâm,發函
huat-hîng,發行
huat-hîng,發還
huat-hîng,髮型
huat-hîng-jîn,發行人
huat-hiān,發現
huat-hiâu,發嬈
huat-hue,發花
huat-hué,發火
huat-huè,發貨
huat-huê,發回
huat-huē,法會
huat-hok,發福
huat-hòng,發放
huat-hông,發hông
huat-hui,發揮
huat-hún,發粉
huat-i,法醫
huat-iām,發炎
hua-tian,花癲
huat-im,發音
huat-ínn,發蘡
huat-īnn,法院
huat-io̍h,發藥
huat-io̍k,發育
huat-iông,發揚
huat-iông,發陽
huat-iúnn,發養
huat-iūnn,發樣
huat-jia̍t,發熱
huat-jîn,法人
huat-kài,法界
huat-kak,發覺
huat-kànn,發酵
huat-kànn,醱酵
huat-ké,發粿
huat-kíng,法警
huat-khan,發刊
huat-khí,發起
huat-khí,發齒
huat-khí-jîn,發起人
huat-kí,法紀
huat-kim,發金
huat-kip,發給
huat-kng,發光
huat-kó,發稿
huat-kuann,法官
huat-kuānn,發汗
huat-kué,發粿
huat-kok,法國
huat-kok-lâng,法國人
huat-kông,發狂
huat-koo,發姑
huat-koo,發菰
huat-kui,法規
huat-ku̍t,發掘
huat-lân-se,法蘭西
huat-lān,發難
huat-lē,法例
huat-li̍k,法力
huat-līng,法令
huat-līng,發令
huat-lí,法理
huat-lo̍h,發落
huat--lo̍h-lâi,發落來
huat-lóng,法朗
huat-lông,法郎
huat-lu̍t,法律
huat-lu̍t-hē,法律系
huat-lu̍t-phāng,法律縫
huat-m̂,發莓
hua-tông,花童
huat-pān,法辦
huat-pau,發包
huat-pè,法幣
huat-pēnn,發病
huat-ping,發兵
huat-phe,發批
huat-phî-khì,發脾氣
huat-phiò,發票
huat-piáu,發表
huat-pó,法寶
huat-pòo,發布
huat-puh,發窋
huat-sàn,發散
huat-sàng,發送
huat-sing,發生
huat-sìng,發性
huat-sìng-tē,發性地
huat-se-su,法西斯
huat-siā,發射
huat-siā-khì,發射器
huat-siā-tâi,發射台
huat-siann,發聲
huat-sia̍p,發洩
huat-sim,發心
huat-sin,發身
huat-sio,發燒
huat-siong,法商
huat-siū,發售
huat-song,發喪
huat-su,法師
huat-su̍t,法術
huat-ta̍t,發達
huat-tîng,法庭
huat-tīng,法定
huat-thiap,法帖
huat-thóng,法統
huat-tī,法治
huat-tián,法典
huat-tián,發展
huat-tián-kàu,發展到
huat-tián-kio̍k,發展局
huat-tiān,發電
huat-tiān-ki,發電機
huat-tian-ki,發電機
huat-tiâu,法條
huat-tiâu,發條
huat-tiō,發抖
huat-to̍k,發毒
huat-tōng,發動
huat-tōng-ki,發動機
huat-tōo,法度
huat-uî,發為
hue,灰
hue,花
hué,火
hué,伙
hué,悔
hué-âu,火喉
hué-ba̍k,hué目
hué-bé,火馬
hué-bó,火母
hué-bué,火尾
hué-tsai,火災
hué-tsik,火燭
hué-tsíng,火種
hué-tshâ,火柴
hué-tshat,火漆
hué-tshat,火擦
hué-tshenn,火星
hué-tshìng,火銃
hué-tshí,火鼠
hué-tshia,火車
hué-tshia-bó,火車母
hué-tshia-tsām,火車站
hué-tshiah,火鍘
hué-tshiam,火籤
hué-tshia-thâng,火車蟲
hué-tshia-thâu,火車頭
hué-tshin,悔親
hué-tshit,火拭
hué-tshiu,火鬚
hué-tshuê,火箠
hué-tshuì-á,火嘴仔
hué-tsí,火子
hué-tsi̍h,火舌
hué-tsìnn,火箭
hué-tsio̍h,火石
hué-tsiú,火酒
hué-tsòng,火葬
hué-tsu-á,火珠仔
hué-tsui-á,火鵻仔
hué-tsûn,火船
hué-eh,火厄
hué-giap,火夾
hué-hái,火海
hué-hāng,火莧
hué-hāng-tshì,火莧刺
hué-hî,火魚
hué-hiānn,火艾
hué-hō,火號
hué-hua,火hoa
hué-huà,火化
hué-hua-khì,火hoa去
hué-hông,火hông
hué-hông,火紅
hué-hu,火hu
hué-hu,火灰
hué-hu-king,火hu間
hué-hu-khenn,火灰坑
hué-hu-kong,火灰公
hué-hu-má,火灰媽
hué-hun,火熏
hué-hun,火燻
hué-hun,火薰
hué-hun,悔婚
hué-hun-tshia,火燻車
hué-hun-tsûn,火燻船
hué-hu-sik,火hu色
hué-hu-sik,火灰色
hué-hu-sìng,火hu性
hué-hu-sìng,火灰性
hué-ì,悔意
hué-iām,火炎
hué-iām,火焰
hué-ian,火煙
hué-iânn,火螢
hué-ian-tshia,火煙車
hué-ian-tsûn,火煙船
hué-ín,火引
hué-io̍h,火藥
hué-io̍h-bī,火藥味
hué-iû,火油
hué-kái,悔改
hué-ke,火雞
hué-keh-á,火鍥仔
hué-ke-phīnn,火雞鼻
hué-khenn,火坑
hué-khì,火氣
hué-khì-ōng,火氣旺
hué-khì-sīng,火氣盛
hué-khì-tuā,火氣大
hué-khiat,火戛
hué-khiat-á,火khiat仔
hué-khînn,火鉗
hué-khiu,火鳩
hué-khoo,火箍
hué-khûn,火囷
hué-kì,伙計
hué-kì,夥計
hué-kiànn,火鏡
hué-kiap,火劫
hué-kiap,火夾
hué-kim-tshenn,火金星
hué-kim-koo,火金姑
hué-kip,火急
hué-kng,火光
hué-kńg,火管
hué-kńg-tik,火管竹
hué-ko,火鍋
hué-kò,悔過
hué-kò-su,悔過書
hué-kuàn,火罐
hué-kông,火狂
hué-kū,火炬
hué-lang,火籠
hué-li̍k,火力
hué-lîng,火龍
hué-lîng-soh,火龍索
hué-liông-tsu,火龍珠
hué-liông-kó,火龍果
hué-lō,火烙
hué-lōng,火烺
hué-loo,火烙
hué-lôo,火爐
hué-lōo,火路
hué-luî,火雷
hué-lûn-tshia,火輪車
hué-lûn-tsûn,火輪船
hué-mî,火綿
hué-ngeh,火鋏
hué-ngiáu,火撓
hué-ngōo,悔悟
hué-uánn,火碗
hué-pan-khiu,火斑鳩
hué-pé,火把
hué-phàu,火炮
hué-phàu,火砲
hué-phiò,火票
hué-phuānn,夥伴
hué-sái,火屎
hué-sing,火星
hué-sìng,火性
hué-sì,火勢
hué-sim,悔心
hué-sîn,火神
hué-sîn-iâ,火神爺
hué-sio,火燒
hué-sio-á,火燒仔
hué-sio-bī,火燒味
hué-sio-bīn,火燒面
hué-sio-tshù,火燒厝
hué-sio-tsiú,火燒酒
hué-sio-hûn,火燒雲
hué-sio-kho,火燒柯
hué-sio-kinn,火燒鹼
hué-sio-liu,火燒liu
hué-siong,火傷
hué-sio-poo,火燒埔
hué-sio-sim,火燒心
hué-sio-suann,火燒山
hué-sio-to,火燒刀
hué-si̍t,伙食
hué-suann,火山
hué-suán,賄選
hué-sok,火速
hué-thang,火窗
hué-thâu,火頭
hué-thâu-kun,火頭軍
hué-thâu-kun,伙頭軍
hué-thio,火挑
hué-thǹg-tio̍h,火燙著
hué-thuànn,火炭
hué-thuànn-bó,火炭母
hué-thuànn-pit,火炭筆
hué-thuànn-thâu,火炭頭
hué-thuí,火腿
hué-thûn-loo,火塵烙
hué-tī,火箸
hué-tiám,火點
hué-tiánn,火鼎
hué-tiûnn,火場
hué-to,火刀
hué-tuà-tshng,火帶瘡
hué-tuā,火大
hué-to-tsio̍h,火刀石
hué-to̍h,火to̍h
hué-to̍h,火著
hué-to-khiat,火刀戛
hué-tông,夥同
hué-ù-tio̍h,火煦著
huè,貨
huè,歲
huè,廢
huè-bô,廢無
huè-bué,貨尾
huè-bu̍t,貨物
huè-bu̍t-tshia,貨物車
huè-bu̍t-suè,貨物稅
huè-tsháu,貨草
huè-tshia,貨車
huè-tshut,歲出
huè-tsí,廢止
huè-tsuá,廢紙
huè-tsú,貨主
huè-tsuí,廢水
huè-tsûn,貨船
huè-guân,貨源
huè-hi,廢墟
huè-hun,廢婚
huè-iūnn,貨樣
huè-jîn,廢人
huè-ji̍p,歲入
huè-ké,貨粿
huè-kè,貨價
huè-kha,貨腳
huè-khì,廢氣
huè-khì,廢棄
huè-khì-bu̍t,廢棄物
huè-khuán,貨款
huè-kiānn,貨件
huè-kuī,貨櫃
huè-kuī-tshia,貨櫃車
huè-liāu,廢料
huè-lûn,貨輪
huè-pān,貨扮
huè-pān,貨範
huè-pè,貨幣
huè-phiò,廢票
huè-sak,廢
huè-sik,貨色
huè-siann,歲聲
huè-sin,貨身
huè-siū,歲壽
huè-suán,賄選
huè-té,貨底
huè-thâu,歲頭
huè-thih,廢鐵
huè-tî,廢除
huè-tiāu,廢掉
huè-tuann,貨單
huè-ūn,貨運
huê,huê
huê,回
huê,和
huê,挨
huê-bī,回味
huê-tshiú,回手
huê-tsi̍p,匯集
huê-tsua̍t,回絕
huê-i̍k-khí,回憶起
huê-ìng,回應
huê-ha̍p,回合
huê-hiáng,回響
huê-hiáng,迴響
huê-hiunn,茴香
huê-hok,回覆
huê-huì,匯費
huê-hûn,回魂
huê-iâng,回陽
huê-im,回音
huê-kàu,回到
huê-kàu,回教
huê-kî,回棋
huê-kū,回舊
huê-kuī,回饋
huê-lâm,回南
huê-lâm-hong,回南風
huê-lé,回禮
huê-liân-tāu,花蓮豆
huê-lo̍h,回落
huê-lôo,回爐
huê-lu̍t,匯率
huê-nńg,回軟
huê-phe,回批
huê-pī,迴避
huê-pò,回報
huê-pò,匯報
huê-pōo,回步
huê-pún,回本
huê-sìn,回信
huê-si̍t-pēnn,回食病
huê-siu,回收
huê-siūnn,和尚
huê-siūnn-á,和尚仔
huê-siūnn-hî,和尚魚
huê-siūnn-sann,和尚衫
huê-sok,回溯
huê-sut,匯率
huê-thâng,蛔虫
huê-thâu,回頭
huê-thâu-tshia,回頭車
huê-thâu-oo,回頭烏
huê-tiān,回電
huê-tia̍t,回跌
huê-tiāu,回掉
huê-tńg,回轉
huê-tńg,迴轉
huê-tuī,匯兌
huē,會
huē,薈
huē,蟹
huē-á,會仔
huē-á,蟹仔
huē-á-tsînn,會仔錢
huē-biān,會面
huē-bīn,會面
huē-bū,會務
huē-tsè,繪製
huē-tsê,會齊
huē-tsi̍k,會籍
huē-tshan,會餐
huē-tshiò-bīn,會笑面
huē-tshut,匯出
huē-tshut,繪出
huē-tsí,會址
huē-tsiàn,會戰
huē-tsín,會診
huē-tsiong,會章
huē-gī,會議
huē-gī-sik,會議室
huē-gī-thiann,會議廳
huē-gōo,會晤
huē-ha̍p,會合
huē-huì,會費
huē-ì,會意
huē-iàu,會要
huē-iú,會友
huē-kè,會計
huē-kè-su,會計師
huē-kha,會腳
huē-kheh,會客
huē-kheh-sik,會客室
huē-kheh-thiann,會客廳
huē-khó,會考
huē-khuán,匯款
huē-kî,會期
huē-kiàn,會見
huē-kuán,會館
huē-kui,會規
huē-lâu,匯流
huē-m̄-tio̍h,會m̄著
huē-uân,會員
huē-uân-kok,會員國
huē-uē,會話
huē-uē,繪畫
huē-phiò,匯票
huē-pò,會報
huē-put-sī,會不是
huē-siā,會社
huē-siàu,會數
huē-sím,會審
huē-siong,會商
huē-sit-lé,會失禮
huē-sóo,會所
huē-su,會師
huē-tâm,會談
huē-tê,匯兌
huē-tíng,會頂
huē-thâu,會頭
huē-tiúnn,會長
huē-tiûnn,會場
huē-tn̂g,會堂
huē-tuann,匯單
huē-tông,會同
huē-tôo,繪圖
huē-tôo-ki,繪圖機
huē-tôo-pit,畫圖筆
hue-á-kûn,花仔裙
hue-á-pòo,花仔布
hue-á-sann,花仔衫
hue-á-suànn,花仔傘
hue-bé,花馬
hue-bî-á,花眉仔
hue-bīn,花面
hue-bi̍t,花蜜
hue-bué,花尾
hue-bo̍k,花木
hue-tsai,花栽
hue-tsâng,花欉
hue-tsíng,花種
hue-tshài,花菜
hue-tsháu,花草
hue-tsháu-pōo,花草步
hue-tshī,花市
hue-tshia,花車
hue-tshiám,花鋟
hue-tshi̍h-á,花蠽仔
hue-tshiu,花鬚
hue-tshiunn,花鯧
hue-tshǹg,花串
hue-tsí,花子
hue-tsí,花籽
hue-tsiáu,花鳥
hue-tsîm,花尋
hue-tsìnn,花糋
hue-tsio̍h,灰石
hue-tsit,花鯽
hue-tsiú,花酒
hue-tsng,花磚
hue-tsuā,花逝
hue-gî-nga,花疑訝
hueh,血
hue-hái-tông,花海棠
hueh-ap,血壓
hueh-bó,血母
hueh-tsho,血臊
hueh-tsuí,血水
hueh-gâm,血癌
hueh-giô,血蟯
hueh-ham,血蚶
hueh-hîng,血型
hueh-hûn,血痕
hue-hî,花魚
hue-hiat,花血
hueh-ìn,血印
hue-hio̍h,花葉
hueh-iû,血油
hueh-jiah,血跡
hueh-kak,血角
hueh-khòo,血庫
hueh-kì,血痣
hueh-kin,血筋
hueh-kin-tsháu,血根草
hueh-kńg,血管
hueh-kuānn,血汗
hueh-kuānn-tsînn,血汗錢
hueh-kong-sim,血攻心
hueh-liāng,血量
hueh-me̍h,血脈
hue-hn̂g,花園
hue-hue,花花
hue-hue-á,花花仔
hueh-pa,血巴
hueh-pa,血疤
hueh-pang-suann,血崩山
hueh-phō-sim,血抱心
hueh-sai-sai,血腮腮
hueh-sik,血色
hueh-tái,血滓
hueh-tàng,血凍
hueh-tè,血塊
hueh-thâng,血蟲
hueh-thn̂g,血糖
hueh-tô,血朵
hueh-tông,血桐
hue-hui,花飛
hue-huì,花卉
hue-hún,花粉
hue-hún-jia̍t,花粉熱
hue-hún-kiànn,花粉鏡
hue-hún-thâu,花粉頭
hue-hûn,花痕
hue-ian,花煙
hue-ian-á,花煙仔
hue-ia̍p,花葉
hue-ínn,花蘡
hue-ìnn-á,花燕仔
hue-iōng,花用
hue-iūnn,花樣
hue-jī,花字
hue-kan,花矸
hue-kang-tsio̍h,花崗石
hue-kap,花蛤
hue-ke,花雞
hue-king,花間
hue-khann,花坩
hue-kheh,花客
hue-khuán,花款
hue-khuân,花環
hue-khoo,花箍
hue-ki,花枝
hue-kî,花期
hue-ki-á,花枝仔
hue-kiànn,花鏡
hue-ki-tsûn,花枝船
hue-kiō,花轎
hue-kǹg,花卷
hue-kô,花kô
hue-kô,花翱
hue-kô-kô,花翱翱
hue-kuáinn,花稈
hue-kuan,花冠
hue-koo-niû,灰姑娘
hue-kuì,花季
hue-lâi,花梨
hue--lâng,花人
hue-lê,花螺
hue-lîng-á,花苓仔
hue-lí-lô,花哩囉
hue-lián-bīn,花臉面
hue-liân,花蓮
hue-liân,花鰱
hue-liân-tshuì,花蓮嘴
hue-liân-hî,花鰱魚
hue-liân-kuān,花蓮縣
hue-li-lo,花哩囉
hue-liu,花鰍
hue-lo,花囉
hue-lo-bé,花囉馬
hue-lo̍k,花鹿
hue-lo̍k-lo̍k,花鹿鹿
hue-lo̍k-lo̍k,花漉漉
hue-lo-káu,花囉狗
hue-lo-ke,花囉雞
hue-lok-lok,花漉漉
hue-lo-niau,花囉貓
hue-lôo,花鱸
hue-luí,花蕊
hue-m̂,花莓
hue-muâ,花鰻
hue-nâ,花籃
hue-niau-niau,花貓貓
hue-niû,花娘
hue-nn̄g,灰卵
hue-pan,花斑
hue-pân,花瓶
hue-pān,花扮
hue-pān,花範
hue-pān,花瓣
hue-pan-bé,花斑馬
hue-pan-tiám,花斑點
hue-pènn,花柄
hue-phang,花芳
hue-phóo,花圃
hue-phùn,花噴
hue-phûn,花盆
hue-pinn,花邊
hue-pìnn,花柄
hue-pô-tshuì,花婆嘴
hue-pô-uē,花婆話
hue-pôo,花脯
hue-sik,灰色
hue-sik,花式
hue-sik,花色
hue-sim,灰心
hue-sim,花心
hue-sin,花身
hue-sîn,花神
hue-sin-á,花身仔
hue-sit,花式
hue-sua-thn̂g,花砂糖
hue-tah-á,花搭仔
hue-tâi,花台
hue-tê,花茶
hue-ting,花燈
hue-that,火that
hue-thiâu,花鮡
hue-thiâu,花鰷
hue-thiâu-hî,花鰷魚
hue-thuann,花攤
hue-thôo,灰土
hue-tì,花蒂
hue-tiám,花點
hue-tiám-bó,花點母
hue-tiàm,花店
hue-tiâu-bé,花條馬
hue-tuànn,花旦
hue-tuânn,花壇
hue-too,花都
hoh,hoh
ho̍h,鶴
ho̍h-ló-lâng,福佬人
ho̍h-siū,鶴壽
ho̍h-tíng-lân,鶴頂蘭
ho-ho,ho-ho
ho-jua̍h,熇熱
hok,郝
hok,福
hok,覆
ho̍k,伏
ho̍k,服
ho̍k,袱
ho̍k-bū-tsām,服務站
ho̍k-bū-tshù,服務處
ho̍k-bū-gia̍p,服務業
ho̍k-bū-uân,服務員
ho̍k-bū-sing,服務生
ho̍k-bū-siā,服務社
ho̍k-bū-sóo,服務所
ho̍k-bū-tâi,服務台
ho̍k-tsa̍p,複雜
ho̍k-tsè-phín,複製品
ho̍k-tsín,複診
ho̍k-tsiông,服從
ho̍k-tsit,復職
ho̍k-tsong,服裝
ho̍k-gia̍p,復業
ho̍k-guân,復原
ho̍k-hā,服下
ho̍k-ha̍k,復學
ho̍k-ha̍p,複合
ho̍k-hing,復興
ho̍k-hîng,服刑
ho̍k-hi,伏羲
ho̍k-huat,復發
ho̍k-ia̍h,服役
ho̍k-ìn,複印
ho̍k-io̍h,服藥
ho̍k-iōng,服用
ho̍k-kang,復工
ho̍k-khì,服氣
ho̍k-khîn,服勤
ho̍k-kiám,複檢
ho̍k-kiān,復健
ho̍k-kuat,複決
ho̍k-kok,復國
ho̍k-kóo,復古
ho̍k-kū,復舊
ho̍k-lîng,茯苓
ho̍k-ping-ia̍h,服兵役
ho̍k-phik,復辟
ho̍k-pit,伏筆
ho̍k-sāi,服事
ho̍k-sāi,服侍
ho̍k-sāi,服祀
ho̍k-sik,服飾
ho̍k-sī,服侍
ho̍k-siá-tsuá,複寫紙
ho̍k-si̍p,復習
ho̍k-si̍t,服食
ho̍k-siû,復仇
ho̍k-suán,複選
ho̍k-soo,復甦
ho̍k-sòo,複數
ho̍k-tia̍t,覆轍
ho̍k-to̍k,服毒
hok-an,福安
hok-bo̍k,福木
hok-bûn,覆文
hok-tsa,複查
hok-tsè,複製
hok-tshenn,福星
hok-tsí,福祉
hok-tsín,複診
hok-tsiu-kiat,福州橘
hok-tsiu-sam,福州杉
hok-gī,複議
hok-gī,覆議
hok-hiong,藿香
hok-hô,福和
hok-huâ,福華
hok-im,福音
hok-ìm,福蔭
hok-khì,福氣
hok-kiàn,福建
hok-kiàn-síng,福建省
hok-kim,福金
hok-lân,福蘭
hok-lī,福利
hok-lī-phín,福利品
hok-lī-siā,福利社
hok-lîm,福林
hok-liông,福隆
hok-luān,霍亂
hok-lo̍k,福祿
hok-lo̍k,福樂
hok-lo̍k-siū,福祿壽
hok-uân,幅員
hok-sài,複賽
hok-sam,福杉
hok-sik,複式
hok-siá,複寫
hok-siā,輻射
hok-siàng,福相
hok-sím,複審
hok-siòng,福相
hok-siū,福壽
hok-siū-hî,福壽魚
hok-tē,福地
hok-ti̍k,福特
hok-ti̍k,福澤
hok-tik-sû,福德祠
hok-tōo,幅度
hònn,好
hònn-hiân,好玄
hònn-hiân,好賢
hònn-kheh,好客
hònn-kî,好奇
hònn-phiâu,好嫖
hònn-sik,好色
hònn-sìng,好勝
hònn-sû-siōng,好詞訟
hònn-sū-siōng,好事象
hònn-thit,好thit
hong,方
hong,封
hong,風
hong,烘
hong,荒
hong,瘋
hong,鋒
hóng,仿
hóng,汞
hóng,晃
hóng,訪
hóng-á,仿仔
hóng-būn,訪問
hóng-tsa,訪查
hóng-tsè,仿製
hóng-tshì,諷刺
hóng-tsō,仿造
hóng-hiannh,晃嚇
hóng-hiánn,恍哧
hóng-hut,彷彿
hóng-hut,恍惚
hóng-iú,訪友
hóng-kheh,訪客
hóng-kiam,況兼
hóng-kóo,仿古
hóng-pò,謊報
hóng-sī,訪視
hòng,放
hòng-tshiánn,況且
hòng-tshiòng,放縱
hòng-gán,放眼
hòng-hîng,放行
hòng-hòng,放放
hòng-iánn,放影
hòng-jīm,放任
hòng-ká,放假
hòng-khì,放棄
hòng-khuan,放寬
hòng-khuán,放款
hòng-kiam,況兼
hòng-niá,放領
hòng-pńg,放榜
hòng-sàng,放送
hòng-sàng-ki,放送機
hòng-sàng-thâu,放送頭
hòng-sing,放生
hòng-sing-tî,放生池
hòng-siā,放射
hòng-siā-sìng,放射性
hòng-siā-suànn,放射線
hòng-sim,放心
hòng-sù,放肆
hòng-tánn,放膽
hòng-tio̍k,放逐
hòng-tuā,放大
hòng-tōng,放蕩
hòng-tōng-tsú,放蕩子
hông,hông
hông,防
hông,皇
hông,紅
hông,磺
hông,縫
hông,鴻
hông,簧
hông-bū,防務
hông-bûn,鴻文
hông-tsai,防災
hông-tsè,防制
hông-tsìng,航政
hông-tsha̍t,防賊
hông-tshù,航次
hông-tsí,防止
hông-tsì,鴻志
hông-tsìn,防震
hông-tsuân,黃泉
hông-tsuí,防水
hông-tsuí,洪水
hông-tsuí,磺水
hông-i̍k,防疫
hông-gāi,妨礙
hông-gân,紅顏
hông-gān,鴻雁
hông-gē,弘毅
hông-gī,防禦
hông-gia̍p,航業
hông-gia̍p,鴻業
hông-hái,航海
hông-hāi,妨害
hông-hiannh,惶hiannh
hông-hiánn,惶顯
hông-hiō,皇后
hông-hiòng,航向
hông-hô,黃河
hông-huān,防患
hông-huān,防範
hông-huat,hông發
hông-huat,弘法
hông-hué,防火
hông-hué-hāng,防火巷
hông-hok,洪福
hông-hok,鴻福
hông-hong,防風
hông-hông,防洪
hông-hông,惶惶
hông-hong-lîm,防風林
hông-hōo,防護
hông-hōo,皇后
hông-hù,防腐
hông-hù-tse,防腐劑
hông-hun,黃昏
hông-hun-àm,黃昏暗
hông-iûnn-giân,防羊言
hông-jîn,宏仁
hông-jû,鴻儒
hông-ka,皇家
hông-kau,鴻溝
hông-kháu,磺口
hông-khe,磺溪
hông-khut,磺窟
hông-ki,鴻基
hông-kim,奉金
hông-kim,黃金
hông-kim-àng,奉金甕
hông-kim-àng,黃金甕
hông-kiong,皇宮
hông-kiông-tsuí,磺強水
hông-kuan,宏觀
hông-kuan,皇冠
hông-kuân,航權
hông-lâi,蓬萊
hông-lê,黃鸝
hông-liû,洪流
hông-lô,防癆
hông-niáu,黃鳥
hông-uē,防衛
hông-pho-thê,防波堤
hông-pī,防備
hông-sik,皇室
hông-sing-kó,蓬生果
hông-sin,防身
hông-sin-kí,防身己
hông-siú,防守
hông-suànn,防線
hông-sún,磺筍
hông-tāi,宏大
hông-tan,紅丹
hông-tè,皇帝
hông-tè-tsháu,皇帝草
hông-tè-tshenn,皇帝星
hông-tè-tshuì,皇帝嘴
hông-tè-hî,皇帝魚
hông-tè-niû,皇帝娘
hông-tè-tāu,皇帝豆
hông-tè-tiān,皇帝殿
hông-tè-uī,皇帝位
hông-thán,黃疸
hông-tī,防治
hông-tiám,航點
hông-tîn,紅塵
hông-tiòng-to̍k,磺中毒
hông-tō-khì,防盜器
hông-tuânn,防彈
hông-tuânn-i,防彈衣
hông-to̍k,防毒
hông-uí,宏偉
hông-ūn,鴻運
hōng,用
hōng,奉
hōng,哄
hōng,鳳
hōng-bīng,奉命
hōng-bué-tsháu,鳳尾草
hōng-bué-tshîng,鳳尾松
hōng-bué-tsio,鳳尾蕉
hōng-bué-pit,鳳尾筆
hōng-bué-tik,鳳尾竹
hōng-bû,鳳
hōng-tshī,奉飼
hōng-gán-kó,鳳眼果
hōng-gán-liân,鳳眼蓮
hōng-hîng,奉行
hōng-hiàn,奉獻
hōng-hông,鳳凰
hōng-hông-bo̍k,鳳凰木
hōng-hông-nn̄g,鳳凰卵
hōng-hōng-sio,烘烘燒
hōng-iáng,奉養
hōng-iōng,奉養
hōng-khǹg,奉勸
hōng-kip,俸給
hōng-līng,奉令
hōng-phài,奉派
hōng-puê,奉陪
hōng-sàng,奉送
hōng-sian-hue,鳳仙花
hōng-suann,鳳山
hōng-suann-tshī,鳳山市
hōng-suann-khe,鳳山溪
hōng-sū,奉祀
hōng-thāi,奉待
hōng-thâu-ah,鳳頭鴨
hong-àn,方案
hong-ba̍k,風目
hong-bîng,芳名
hong-bī,風味
hong-bīn,方面
hong-bīn,封面
hong-bīn,風面
hong-bīn,鋒面
hong-bīn-lí,封面里
hong-buán,豐滿
hong-bué,風尾
hong-bōo,豐茂
hong-bû,荒蕪
hong-bûn,風聞
hong-bu̍t,風物
hong-tsà,轟炸
hong-tsà-ki,轟炸機
hong-tsa-bóo,瘋查某
hong-tsai,風災
hong-tsîng,風情
hong-tshái,風采
hong-tshang,風蔥
hong-tsháu,風草
hong-tshìng,風銃
hong-tshì,諷刺
hong-tshia,風車
hong-tshia-hue,風車花
hong-tshuan,荒村
hong-tshue,風吹
hong-tshue-tsháu,風吹草
hong-tshù,風趣
hong-tshù-á,風厝仔
hong-tshuì,封嘴
hong-tshuì,風嘴
hong-tshuì-kháu,風嘴口
hong-tshuì-phué,hong嘴phué
hong-tshùn,方寸
hong-tsí,方子
hong-tsí,封子
hong-tsí,封旨
hong-tsì,方志
hong-tsiam,方針
hong-tsiam,風針
hong-tsín-tè,風疹塊
hong-tsiu,方舟
hong-tsong,芳蹤
hong-tsûn,封存
hong-tsûn-kuah,風船葛
hong-tsūn,風陣
hong-íng,風涌
hong-íng,風湧
hong-gán-tsuá,方眼紙
hong-giân,方言
hong-gô,風遨
hong-guân,豐原
hong-guân-tshī,豐原市
hong-hàm,風譀
hong-hàm,荒hàm
hong-hàm,荒譀
hong-hām,凶陷
hong-hân,風寒
hong-hîng,風行
hong-hiā,風蟻
hong-hiám,風險
hong-hiám-tsìng,凶險症
hong-hiàng,方向
hong-hiàng,風向
hong-hiòng,方向
hong-hiòng,風向
hong-hiòng-puânn,方向盤
hong-hm̂,風茅
hong-hō,封號
hong-hua,風花
hong-huà,風化
hong-huà-khu,風化區
hong-huâ,風華
hong-huān,風範
hong-huat,方法
hong-hué,風火
hong-hué,烽火
hong-hué-ba̍k,風火目
hong-hué-sìng,風火性
hong-hué-thâu,風火頭
hong-hué-to̍h,風火著
hong-hong-háu,轟轟吼
hong-hōo,風雨
hong-hōo,豐厚
hong-hù,豐富
hong-huì,荒廢
hong-hûn,風雲
hong-i,風衣
hong-iá,荒野
hong-ìn,封印
hong-înn,方圓
hong-jū,豐裕
hong-ka,風加
hong-kak,封角
hong-káng,風港
hong-káng,楓港
hong-kau,荒郊
hong-káu-bó,瘋狗母
hong-keh,方格
hong-keh,風格
hong-kíng,風景
hong-kíng-khu,風景區
hong-khang,風孔
hong-khang,風空
hong-kháu,風口
hong-khì,風氣
hong-khì,瘋氣
hong-khîm,風琴
hong-khòng-lóo,封焢滷
hong-ki,風車
hong-kí,風紀
hong-kiàn,封建
hong-kiáu,瘋儌
hong-ki-sîn,風車神
hong-ko,風膏
hong-kuà-hōo,風掛雨
hong-kuàn,風灌
hong-kuàn-á,風灌仔
hong-kong,風光
hong-kông,慌狂
hong-kóo,風鼓
hong-kóo-ia̍p,風鼓葉
hong-kóo-phiò,瘋股票
hong-ku,風ku
hong-kuī,風櫃
hong-lê,風螺
hong-li̍k,風力
hong-lîng,芳齡
hong-liân,荒年
hong-liân,豐年
hong-lîn,芳鄰
hong-liû,風流
hong-liû,風瘤
hong-māu,風貌
hong-mua,風幔
hong-mooh,風瘼
hong-nî,豐年
hong-nî-tsè,豐年祭
hong-uann,風垵
hong-uán,芳苑
hong-uân,方圓
hong-pang,風枋
hong-phài,豐沛
hong-phîng,風評
hong-phō,風波
hong-piān,方便
hong-pō,風暴
hong-pue-sua,風飛沙
hong-pue-sua,風飛砂
hong-pòng,風謗
hong-pōo,方步
hong-put-tōng,風不動
hong-sai,風獅
hong-san,荒山
hong-sat,封殺
hong-sik,方式
hong-si,風絲
hong-sí,封死
hong-sì,風勢
hong-si-á,風絲仔
hong-siâ,風邪
hong-sia̍k-sia̍k,風摔摔
hong-siann,風聲
hong-sim,芳心
hong-sim,荒心
hong-sìn-tsú,風信子
hong-sîn,風神
hong-sîn-khì,風神氣
hong-sio̍k,風俗
hong-sio̍k-tôo,風俗圖
hong-siōng,風尚
hong-sip,風濕
hong-siu,豐收
hong-so,風騷
hong-só,封鎖
hong-sua,風沙
hong-sok,風速
hong-sok,豐碩
hong-song,風霜
hong-suí,風水
hong-suí-thâu,風水頭
hong-ta,風凋
hong-tâng,風筒
hong-tē,荒地
hong-ting,封釘
hong-ting,風燈
hong-ting,豐登
hong-thai,風颱
hong-thai-bué,風颱尾
hong-thai-tsháu,風颱草
hong-thai-hōo,風颱雨
hong-thang,風窗
hong-thàu,風透
hong-thâu,風頭
hong-thâu-káu,荒頭狗
hong-thiànn,風疼
hong-thiànn,風痛
hong-thiu,風抽
hong-thiu-á,風抽仔
hong-thóo,風土
hong-tian,瘋癲
hong-tiâu,封條
hong-tiâu,風潮
hong-tîn,風塵
hong-tîn,風藤
hong-tiong,慌張
hong-tòng,風擋
hong-tông,荒唐
hong-tōng,轟動
hong-tóo,風堵
hong-tōo,風度
hong-ú,風雨
hong-ú-tsiam,風雨針
hong-uī,方位
hong-ūn,風韻
hop--lo̍h-lâi,揜落來
hoo,呼
hóo,虎
hóo,唬
hóo-á-hue,虎仔花
hóo-ah,虎押
hóo-bué,虎尾
hóo-bué-tsang,虎尾棕
hóo-bué-lân,虎尾蘭
hóo-tshìn-thâu,唬秤頭
hóo-tshiu,虎鬍
hóo-tshiu,虎鬚
hóo-tshuì-khí,虎嘴齒
hóo-tsiòng,虎將
hóo-tsiòng-iâ,虎將爺
hóo-tsiòng-kong,虎將公
hóo-hia̍t,虎穴
hóo-hīnn-tsháu,虎耳草
hóo-hue,虎花
hóo-hû,虎符
hóo-iâ,虎爺
hóo-io̍h,虎藥
hóo-jiáu-lân,虎爪蘭
hóo-jiáu-tāu,虎爪豆
hóo-jīm,否認
hóo-kā-hông,虎咬hông
hóo-ke-sū,好家事
hóo-ke-tàng,好家棟
hóo-kháu,虎口
hóo-kháu-tsâi,好口才
hóo-kháu-tshuì,虎口嘴
hóo-kháu-mn̂g,虎口門
hóo-kháu-sia̍t,好口舌
hóo-kuat,否決
hóo-kuat-kuân,否決權
hóo-koo-pô,虎姑婆
hóo-kut,虎骨
hóo-lān-tshuì,虎膦嘴
hóo-lān-sian,虎膦仙
hóo-lâng,唬人
hóo--lâng,唬人
hóo-m̂,虎莓
hóo-m̂,滸梅
hóo-m̂-tshì,虎莓刺
hóo-muâ,虎鰻
hóo-muî-tshì,虎梅刺
hóo-pà-bó,虎豹母
hóo-pan,虎斑
hóo-pan-káu,虎斑狗
hóo-pan-tiám,虎斑點
hóo-phik,琥珀
hóo-phuê,虎皮
hóo-phuê-tshiok,虎皮雀
hóo-phuê-hue,虎皮花
hóo-phuê-lâm,虎皮楠
hóo-pô-tshì,虎婆刺
hóo-sai,虎獅
hóo-sài-iâ,虎使爺
hóo-sai-káu,虎獅狗
hóo-sai-ná,虎獅拿
hóo-sìng-iâ,虎聖爺
hóo-sìng-kong,虎聖公
hóo-sìng-ông,虎聖王
hóo-sian,虎仙
hóo-sîn,虎神
hóo-siòng-kong,虎相公
hóo-siū,虎siū
hóo-siū,虎岫
hóo-sua,虎鯊
hóo-tīng,否定
hóo-ting-láng,虎燈籠
hóo-thâu-kam,虎頭柑
hóo-thâu-khînn,虎頭鉗
hóo-thâu-phang,虎頭蜂
hóo-thâu-suann,虎頭山
hóo-thènn-ām,虎撐頷
hóo-thî,滸苔
hóo-tiōng,虎杖
hóo-tû,虎廚
hóo-ui,虎威
hòo,戽
hòo-āu-táu,戽後斗
hòo-tsáu,戽走
hòo-tsuí,戽水
hòo-hia,戽桸
hòo-iā,戽掖
hòo-sia̍h,戽杓
hòo-sù-kóng,hòo-sù管
hòo-tâi,戽台
hòo-táu,戽斗
hòo-táu-bīn,戽斗面
hòo-táu-tshenn,戽斗星
hôo,hôo
hôo,捊
hôo,葫
hôo,糊
hôo,鬍
hôo-tshàu,狐臭
hôo-tshe-tshe,鬍叉叉
hôo-tshiu,鬍鬚
hôo-tshiu--ê,鬍鬚ê
hôo-tsio,胡椒
hôo-tsio-piánn,胡椒餅
hôo-gî,狐疑
hôo-hàm,浮譀
hôo-hàm,糊hàm
hôo-huàn,浮泛
hôo-hôo,鬍鬍
hôo-hūn,糊混
hôo-khí-lâi,浮起來
hôo-lî,狐狸
hôo-lî-tsháu,狐狸草
hôo-lî-tsiann,狐狸精
hôo-lîn-tāu,胡仁豆
hôo-liu,胡溜
hôo-liu,鰗鰍
hôo-liù-phiù,糊流嘌
hôo-liu-tshuì,鰗鰡嘴
hôo-lôo,葫蘆
hôo-lôo-io,葫蘆腰
hôo-lôo-pû,葫蘆匏
hôo-lôo-tik,葫蘆竹
hôo-nà-sannh,鬍爁喢
hôo-sai-káu,鬍獅狗
hôo-sa̍p-sa̍p,鬍屑屑
hôo-sik,胡適
hôo-si-kheh,湖絲客
hôo-sîn,胡蠅
hôo-sîn-tsháu,胡蠅草
hôo-sîn-tsuá,胡蠅紙
hôo-sîn-hóo,胡蠅虎
hôo-sîn-phah,胡蠅拍
hôo-sîn-sái,胡蠅屎
hôo-sîn-si̍t,胡蠅翅
hôo-sîn-si̍t,胡蠅翼
hôo-sîn-tánn,胡蠅膽
hôo-sîn-thi,胡蠅黐
hôo-suat,胡說
hôo-tôo,糊塗
hôo-uî,胡為
hōo,hōo
hōo,互
hōo,戶
hōo,雨
hōo,厚
hōo,後
hōo,護
hōo-á,雨仔
hōo-á-tshiu,雨仔鬚
hōo-ài,厚愛
hōo-ba̍k-kiànn,護目鏡
hōo-bang-bang,雨濛濛
hōo-bué,滬尾
hōo-tsa̍h,雨閘
hōo-tsi̍k,戶籍
hōo-tsìng,戶政
hōo-tshiu,雨鬚
hōo-tshiûnn,護牆
hōo-tshù,護厝
hōo-tsiá,後者
hōo-tsiàu,護照
hōo-tsìn,後進
hōo-tsînn--lah,雨晴啦
hōo-tsiò,護照
hōo-tsô,雨槽
hōo-tsō,后座
hōo-tsuan,護專
hōo-tsōo,互助
hōo-tsú,戶主
hōo-tsuí,雨水
hōo-tsuí-tsē,雨水儕
hōo-è,後裔
hōo-ê,雨鞋
hōo-gē,后羿
hōo-gī,厚誼
hōo-guā,戶外
hōo-hâng,護航
hōo-hāu,護校
hōo-hia,雨靴
hōo-huān,後患
hōo-huat,護法
hōo-hué,後悔
hōo-hōo,戶戶
hōo-huī,互惠
hōo-i,雨衣
hōo-ī,互異
hōo-jia,雨遮
hōo-kà,護駕
hōo-kè,後繼
hōo-king-kah,護肩kah
hōo-kha,雨腳
hōo-kháu,戶口
hōo-kháu-phōo,戶口簿
hōo-kî,後期
hōo-kian-kah,護肩kah
hōo-kiong,後宮
hōo-kuài,雨怪
hōo-kuâi,雨蛙
hōo-kuì,雨季
hōo-lâi,雨來
hōo-lâi-thinn,雨來天
hōo-lāi,戶內
hōo-lâng,予人
hōo-lâng-tshiánn,互人請
hōo-lâng-tsio,予人招
hōo-lâng-tsio,互人招
hōo-lâng-mē,予人罵
hōo-lâng-phah,hōo人拍
hōo-lê,雨螺
hōo-lîng,護龍
hōo-lí,護理
hōo-lī,互利
hōo-liâm,互連
hōo-lue̍h,雨笠
hōo-miâ,戶名
hōo-mn̂g-á,雨毛仔
hōo-mng-á,雨毛仔
hōo-mng-á,雨濛仔
hōo-mua,雨幔
hōo-uānn,互換
hōo-uān,後援
hōo-uē,後衛
hōo-uē,護衛
hōo-pe̍h,雨白
hōo-pênn,雨棚
hōo-ping,護兵
hōo-phāng,雨縫
hōo-pì,護庇
hōo-puè,後輩
hōo-póo,互補
hōo-sann,雨衫
hōo-sàng,護送
hōo-sap-á,雨屑仔
hōo-sap-á,雨霎仔
hōo-sap-sap,雨屑屑
hōo-sing,後生
hōo-sing-tsháu,護生草
hōo-sing-ke,後生家
hōo-sì,雨勢
hōo-siang,互相
hōo-sin,護身
hōo-sìn,互信
hōo-sin-to,護身刀
hōo-suán,互選
hōo-suànn,雨傘
hōo-suànn-tsat,雨傘節
hōo-suànn-tshiū,雨傘樹
hōo-suànn-tsuâ,雨傘蛇
hōo-suànn-hî,雨傘魚
hōo-sû,後嗣
hōo-sū,後事
hōo-sū,護士
hōo-tāi,後代
hōo-té,護短
hōo-tīng,戶碇
hōo-tīng-kha,戶碇腳
hōo-thâu,戶頭
hōo-thè,後退
hōo-thian,後天
hōo-thong,互通
hōo-thóo,后土
hōo-tiám-á,雨點仔
hōo-tih,雨滴
hōo-tîn,後塵
hōo-tiōng,厚重
hōo-tiúnn,戶長
hōo-tōng,互動
hōo-uì,戶尉
hoo-háu,呼吼
hoo-im,呼音
hoo-iok,呼約
hoo-io̍k,呼籲
hoo-jū,呼籲
hoo-khì,呼氣
hoo-khip,呼吸
hoo-khuì,呼氣
hoo-kiò,呼叫
hoo-kiò-khì,呼叫器
hoo-kiù,呼救
hoo-lú-bóng,hoo-lú-bóng
hoo-lú-bóng,荷爾蒙
hoo-miâ,呼名
honn,honn
hónn-hónn-háu,好好吼
hónn-kuat,否決
hònn-tsiàn,好戰
hònn-kî-sim,好奇心
hònn-ok,好惡
hònn-ònn,好惡
hònn-piān,好辯
hònn-sū,好事
hònn-sū-siōng,好事像
hônn-tsīn,耗盡
hoo-pu̍t-pu̍t,呼鵓鵓
hoo-siann,呼聲
hoo-té-lù,hoo-té-lù
hu,hu
hu,夫
hu,趺
hu,虛
hu,敷
hu,麩
hú,hú
hú,府
hú,拊
hú-á,拊仔
hú-tshiū,許樹
hú-huà,腐化
hú-io̍k,撫育
hú-khó,許可
hú-ló-king,hú-ló間
hú-nuā,腐爛
hú-uán,撫遠
hú-pāi,腐敗
hú-pîng,撫平
hú-san,釜山
hú-sī,俯視
hú-si̍h-sìng,腐蝕性
hú-si̍t,腐蝕
hú-sut,撫卹
hú-tē,府第
hú-tiong,府中
hú-tō,輔導
hú-uì,撫慰
hù,付
hù,附
hù,赴
hù,副
hù,賦
hù-āu-tshiú,赴後手
hù-bûn,訃聞
hù-tshing,付清
hù-tshì,赴試
hù-tshī,赴市
hù-tshiúnn-tiúnn,副廠長
hù-tshut,付出
hù-tsînn,付錢
hù-tsiok,富足
hù-tsiông,附從
hù-tsò,輔佐
hù-tsok-iōng,副作用
hù-tsóng,副總
hù-tsóng-tshâi,副總裁
hù-tsōo,輔助
hù-tsú-si̍k,副主席
hù-gī,附議
hù-gī-tiúnn,副議長
hù-gia̍p,副業
hù-hāu-tiúnn,副校長
hù-hi,赴墟
hù-hiān-kim,付現金
hù-hô,富豪
hù-huē,赴會
hù-huē-tiúnn,副會長
hù-hōo-ka,富戶家
hù-hu,赴墟
hù-hù,赴赴
hù-í,賦與
hù-iàn,赴宴
hù-im,訃音
hù-ìn,付印
hù-īnn-tiúnn,副院長
hù-iok,赴約
hù-io̍k-īnn,輔育院
hù-iông,附庸
hù-iông-kok,附庸國
hù-jīm,赴任
hù-jū,富裕
hù-ka,附加
hù-ka,富家
hù-ka-ong,富家翁
hù-kàu-siū,副教授
hù-khan,副刊
hù-khó,赴考
hù-khuán,付款
hù-kì,附記
hù-kiānn,附件
hù-kīn,附近
hù-kiông,富強
hù-kip,付給
hù-kok,富國
hù-kuì,富貴
hù-kuì-hue,富貴花
hù-kuì-pēnn,富貴病
hù-kuì-siòng,富貴相
hù-lâu-tsuí,赴流水
hù-lê,富麗
hù-lí,副理
hù-lo̍k,附錄
hù-ong,富翁
hù-pâng,副房
hù-pió,附表
hù-pún,副本
hù-sán-bu̍t,副產物
hù-sán-phín,副產品
hù-sí,赴死
hù-sî,赴時
hù-siā-tiúnn,副社長
hù-siāng,附上
hù-siat,附設
hù-siàu,付數
hù-sió,附小
hù-sio̍k,附屬
hù-siong,富商
hù-si̍t,副食
hù-suán,輔選
hù-suè,賦稅
hù-sóo-tiúnn,副所長
hù-sù,富庶
hù-sū,副署
hù-su-līng,副司令
hù-tài,附帶
hù-tāi,輔大
hù-thok,付託
hù-tio̍h-tsia̍h,赴著食
hù-tiong,附中
hù-tō,輔導
hù-tō-huē,輔導會
hù-tō-uân,輔導員
hù-û,賦予
hû,扶
hû,符
hû-á,符仔
hû-á-lōo,符仔路
hû-tshah,扶插
hû-tshî,扶持
hû-tshiú,扶手
hû-tsiù,符咒
hû-ha̍p,符合
hû-hō,符號
hû-iáng,扶養
hû-iông,芙蓉
hû-iû,蜉蝣
hû-lûn-siā,扶輪社
hû-song-hue,扶桑花
hû-tuā-sian,扶大仙
hū,負
hū,傅
hū-bīng,父命
hū-bió,父母
hū-bó,父母
hū-tsài,負載
hū-tsè,負債
hū-tsik,負責
hū-tsik-jîn,負責人
hū-tshin,父親
hū-tsú,父子
hū-tsù,附註
hū-hô-liāng,負荷量
hū-hō,附和
hū-hō,負號
hū-hū-hiáng,hū-hū響
hū-hū-kiò,吁吁叫
hū-hū-tân,吁吁霆
hū-ìm,父蔭
hū-jîn,婦人
hū-jîn-lâng,婦人人
hū-jîn-pēnn,婦人病
hū-jû,婦孺
hū-khí,負起
hū-kīn,附近
hū-kuân,父權
hū-lí,婦女
hū-lí-tsiat,婦女節
hū-lí-huē,婦女會
hū-liân,婦聯
hū-liân-huē,婦聯會
hū-lîn-lâng,婦人人
hū-ló,父老
hū-lú,婦女
hū-má,駙馬
hū-sán-kho,婦產科
hū-sim,負心
hū-sim-hàn,負心漢
hū-sim-lông,負心郎
hū-sin,附身
hū-siong,負傷
hū-tam,負擔
hū-tāu,腐豆
hū-tik,婦德
hū-tō,婦道
hu-tshe,夫妻
hu-tshián,膚淺
hu-tshng,麩瘡
hu-tsín,膚疹
hu-tsú,夫子
huh-huh-kiò,呼呼叫
hu-hu,灰灰
hu-hu,敷敷
hu-hu,麩麩
hu-hū,夫婦
hu-hu-háu,hu-hu吼
hu-hu-háu,咻咻吼
hui,妃
hui,非
hui,揮
huí,匪
huí,毀
huí-bia̍t,毀滅
huí-bīn,毀面
huí-tshuì,翡翠
huí-huāi,毀壞
huí-iông,毀容
huí-khì,毀棄
huí-luī,匪類
huí-pòng,誹謗
huí-sún,毀損
huí-tia̍p,匪諜
huí-tiāu,毀掉
huí-tôo,匪徒
huí-tuī,毀墜
huì,肺
huì,費
huì,廢
huì-bó,諱母
huì-tsīn,費盡
huì-tsin-sîn,費精神
huì-tsiu-tsiong,費周章
huì-hú,肺腑
huì-iām,肺炎
huì-iōng,費用
huì-kái,費解
huì-kang,費工
huì-khì,費氣
huì-la̍t,費力
huì-liāu,廢料
huì-sî,費時
huì-siânn,費城
huì-sim,費心
huì-sim-tsiânn,費心情
huì-sim-sîn,費心神
huì-sim-su,費心思
huì-sîn,費神
huì-tiān,費電
huî,瓷
huî-á,瓷仔
huî-á,磁仔
huî-á-tsím,瓷仔枕
huî-á-tsím,磁仔枕
huî-á-tsng,磁仔磚
huî-á-uánn,瓷仔碗
huî-á-uánn,磁仔碗
huî-á-phuè,瓷仔
huî-á-thôo,瓷仔土
huî-á-thôo,磁仔土
huî-ak,肥沃
huî-tsio̍h,磁石
huî-tsng,磁磚
huî-hiám,危險
huî-khì,磁器
huî-lú-mù,huî-lú-mù
huî-ue-á,磁鍋仔
huî-puah,瓷缽
huî-thn̄g,瓷搪
huî-thn̄g,瓷碭
huî-thôo,磁土
huī-bîn,惠民
huī-tshenn,彗星
huī-uann,惠安
hu-ián,敷衍
hui-bú,揮舞
hui-bûn,緋聞
hui-tshí,飛鼠
hui-tshiú,揮手
hui-tsiong,徽章
hui-tsiu,非洲
hui-ing,飛鷹
hui-gī,非議
hui-hîng,飛行
hui-hô,揮毫
hui-huân,非凡
hui-huat,非法
hui-huat-iû,揮發油
hui-hông,輝煌
hui-hôo,飛狐
hui-io̍k,飛躍
hui-ki,飛機
hui-ki-tiûnn,飛機場
hui-kun,揮軍
hui-lu̍t-pin,菲律賓
hui-mn̂g-thuí,飛毛腿
huînn,黃
huînn-tsānn,橫閘
huînn-huînn-kō,橫橫翱
hui-pak-tsiáu,飛北鳥
hui-pia̍t,揮別
hui-pun,飛奔
hui-siâng,非常
hui-siông,非常
hui-thian-tshia,飛天車
hui-tia̍p,飛碟
hui-to,揮刀
hui-tuânn,飛彈
hu-jîn,夫人
hu-jîn-má,夫人媽
hu-ka,夫家
hu-khì,趺去
hu-kun,夫君
hu-lám,虛lám
hu-lóo,俘虜
hun,分
hun,昏
hun,婚
hun,熏
hun,壎
hun,薰
hún,粉
hún-âng,粉紅
hún-âng,顯紅
hún-a̍p,粉盒
hún-bī,粉味
hún-bua̍h,粉末
hún-tshiâng,粉腸
hún-tshit-á,粉拭仔
hún-tshu,粉蛆
hún-tshuì,粉碎
hún-tsiáu,粉鳥
hún-tsiáu-ing,粉鳥鷹
hún-tsiáu-kū,粉鳥舅
hún-tsiáu-tû,粉鳥廚
hún-tsiáu-tû,粉鳥櫥
hún-tsîm,粉蟳
hún-tsiunn,粉漿
hún-tsōng,粉狀
hún-giô,粉蟯
hún-hún,粉粉
hún-kap,粉蛤
hún-ké,粉粿
hún-kiànn-a̍p,粉鏡盒
hún-kong-sim,粉光參
hún-pit,粉筆
hún-sik,粉飾
hún-suat,粉刷
hún-tiâu,粉條
hún-tn̂g,粉腸
hùn-tsìng,訓政
hùn-tsì,奮志
hùn-tsiàn,奮戰
hùn-hīn,憤恨
hùn-huat,奮發
hùn-io̍k,訓育
hùn-ióng,奮勇
hùn-jiân,憤然
hùn-kài,訓誡
hùn-khài,憤慨
hùn-khí,奮起
hùn-khì,費氣
hùn-khuah,楦闊
hùn-lâng,楦膿
hùn-li̍k,奮力
hùn-līng,訓令
hùn-liān,訓練
hùn-nōo,憤怒
hùn-uē,訓話
hùn-sī,訓示
hùn-tàu,奮鬥
hùn-thâu,楦頭
hùn-tō,訓導
hùn-tō-tshù,訓導處
hùn-tō-tiúnn,訓導長
hùn-tuā,楦大
hùn-tōng,楦動
hùn-tòo,奮鬥
hûn,云
hûn,痕
hûn,雲
hûn,魂
hûn-bū,雲霧
hûn-tsio̍h,雲石
hûn-tsi̍p,雲集
hûn-gê,雲霓
hûn-hái,雲海
hûn-hê,雲霞
hûn-hiong-hua,魂香花
hûn-huà-lôo,焚化爐
hûn-hōo,雲雨
hûn-huí,焚毀
hûn-iánn,痕影
hûn-iánn,雲影
hûn-iû,雲遊
hûn-jiah,痕跡
hûn-jiân,渾然
hûn-kiō,魂轎
hûn-lāi,雲內
hûn-lâm,雲南
hûn-lâm-síng,雲南省
hûn-lîm,雲林
hûn-lîm-kuān,雲林縣
hûn-mn̂g,賁門
hûn-mn̂g,雲門
hûn-phik,魂魄
hûn-sam,云衫
hûn-sann,痕衫
hûn-sin,魂身
hûn-su,渾軀
hûn-tíng,雲頂
hûn-tîng,魂亭
hûn-thian-gî,渾天儀
hûn-thui,雲梯
hûn-ú,雲雨
hūn,分
hūn,份
hūn,混
hūn,暈
hūn-tsa̍p,混雜
hūn-tsiàn,混戰
hūn-gia̍h,分額
hūn-gia̍h,份額
hūn-guā,份外
hūn-ha̍p,混合
hūn-hiat-jî,混血兒
hūn-jiah,混跡
hūn-ji̍p,混入
hūn-khì,暈去
hūn-kim,混金
hūn-kóo,份股
hūn-kóo-hūn,份股份
hūn-kóo-tu,份股株
hūn-lāi,份內
hūn-liāng,分量
hūn-liāng,份量
hūn-luān,混亂
hūn-tó,昏倒
hūn-tó,暈倒
hūn-tūn,混沌
hun-á-king,薰仔間
hun-āu,婚後
hun-bah,燻肉
hun-bê,昏迷
hun-bîng,分明
hun-bián,分娩
hun-bó,分母
hun-bué,熏尾
hun-bûn,分文
hun-tsing,分鐘
hun-tsing,紛爭
hun-tsháu,熏草
hun-tsháu,薰草
hun-tshe,分叉
hun-tshe-ki,分叉枝
hun-tshe-lōo,分叉路
hun-tshiú,分手
hun-tshue,薰吹
hun-tshuì,薰嘴
hun-tshuì-á,薰嘴仔
hun-tshùn,分寸
hun-tshut,分出
hun-tsi,分支
hun-tsiam,分針
hun-tsiân,婚前
hun-tsiong,勳章
hun-tsiú,薰酒
hun-tsong,分贓
hun-tsoo,分租
hun-tsoo,分組
hun-tsú,分子
hun-gia̍p,分業
hun-guā,分外
hun-hâng,分行
hun-ha̍p,分合
hun-hāu,分校
hun-hē,分會
hun-hiáng,分享
hun-hiáu,分曉
hun-hio̍h,薰葉
hun-hióng,分享
hun-hiunn,分香
hun-hn̂g,芬園
hun-huà,分化
hun-huat,分發
hun-huē,分會
hun-hun,紛紛
hun-hun-á,分分仔
hun-iá,分野
hun-iàn,婚宴
hun-in,婚姻
hun-īnn,分院
hun-iok,婚約
hun-iu,分憂
hun-iû,薰油
hun-jiáu,紛擾
hun-kái,分解
hun-kài,分界
hun-kang,分工
hun-kâu,煙猴
hun-kè,婚嫁
hun-keh,分隔
hun--khì,昏去
hun-khok-á,煙khok仔
hun-khok-á,薰殼仔
hun-khu,分區
hun-khui,分開
hun-khui-tuà,分開帶
hun-ki,分居
hun-ki,薰枝
hun-kî,分歧
hun-kî,分期
hun-kî,紛歧
hun-kî,婚期
hun-kiāng-kiāng,燻強強
hun-kim,分金
hun-kio̍k,分局
hun-kip,分級
hun-kuah,分割
hun-kuân,分權
hun-kong-kiànn,分光鏡
hun-kong-si,分公司
hun-lân,芬蘭
hun-lâu,分流
hun-lé,婚禮
hun-lî,分厘
hun-lī,分離
hun-lia̍t,分裂
hun-li̍p,分立
hun-lông,薰農
hun-luī,分類
hun-ue,分椏
hun-pan,分班
hun-phài,分派
hun-phe,分批
hun-phuè,分配
hun-phuè,婚配
hun-pì,分泌
hun-pì-bu̍t,分泌物
hun-piān,分辨
hun-piān,分辯
hun-pia̍t,分別
hun-puah,分撥
hun-puè,分貝
hun-pòo,分布
hun-pòo,分佈
hun-pōo,分部
hun-sái,薰屎
hun-sàn,分散
hun-sik,分析
hun-sik-ka,分析家
hun-sîng,分成
hun-si,薰絲
hun-sī,薰絲
hun-siann,分聲
hun-siau,分銷
hun-siàu,分數
hun-sim,分心
hun-sîn,分神
hun-suànn,分散
hun-suànn,分線
hun-sòo,分訴
hun-sòo,分數
hun-su,分書
hun-sû,分詞
hun-sū,婚事
hun-suī,昏睡
hun-tam,分擔
hun-táu,熏斗
hun-that-á,薰塞仔
hun-thiah,分拆
hun-thuann,分攤
hun-thôo,薰土
hun-tit,分得
hun-tiûnn,分場
hun-tn̂g,熏剸
hun-tuānn,分段
hun-tuī,分隊
hun-uî,分為
hu-sik,灰色
hu-sim,虛心
hut,拂
hu̍t,佛
hu̍t,核
hu̍t-á-senn,佛仔生
hu̍t-bûn,佛門
hu̍t-tshiú-kam,佛手柑
hu̍t-tshiú-kue,佛手瓜
hu̍t-tsiáng-tsî,佛掌薯
hu̍t-tsóo,佛祖
hu̍t-tsu,佛珠
hu̍t-tsú,核子
hu̍t-gán-tik,佛眼竹
hu̍t-ha̍k,佛學
hu̍t-hīnn-tsháu,佛耳草
hu̍t-huat,佛法
hu̍t-huat,核發
hu̍t-hut,佛骨
hu̍t-ka,佛家
hu̍t-kàu,佛教
hu̍t-king,佛經
hu̍t-kham,佛龕
hu̍t-lîng,核能
hu̍t-po̍k,核爆
hu̍t-sìng,佛性
hu̍t-sī,佛寺
hu̍t-sim,核心
hu̍t-siōng,佛像
hu̍t-suàn,核算
hu̍t-song-hue,佛桑花
hu̍t-sū,佛事
hu̍t-tīng,核定
hu̍t-thah,佛塔
hu̍t-thâu-kó,佛頭果
hu̍t-thô,核桃
hu̍t-thô-lîn,核桃仁
hu̍t-tiān,佛殿
hu̍t-tîn,拂塵
hu̍t-tn̂g,佛堂
hu̍t-tô,佛陀
hut-tsi̍t-ē,忽一下
hu-té,虛底
hut-jiân,忽然
hut-lia̍k,忽略
hut-sí,hut死
hut-sī,忽視
hut-tiám,沸點
i,伊
i,衣
i,牠
i,醫
í,椅
í-á,椅仔
í-á-kha,椅仔腳
í-āu,以後
í-tsá,以早
í-tsîng,以前
í-tshiū,椅樹
í-tshú,以此
í-tsū,椅tsū
í-tsū-á,椅眥仔
í-guā,以外
í-hā,以下
í-huē,與會
í-hông,以防
í-hun,已婚
í-jiân,已然
í-jio̍k,椅褥
í-king,已經
í-kha,椅腳
í-khàm,椅khàm
í-kiō,椅轎
í-ki̍p,以及
í-lâi,以來
í-lāi,以內
í-lâm,以南
í-liâu,椅條
í-mua,椅幔
í-óng,以往
í-pak,以北
í-piān,以便
í-sài-a,以賽亞
í-se-kiat,以西結
í-sik-lia̍t,以色列
í-siāng,以上
í-tang,以東
í-thài,以太
í-thâu,椅頭
í-thâu-á,椅頭仔
í-thian,倚天
í-tì,以致
í-tiām,椅墊
í-tiām-á,椅墊仔
í-tiām-á,椅簟仔
í-tiâu,椅條
í-tiâu-liāu,椅條料
í-tiū,宇宙
í-toh,椅桌
í-uî,以為
í-uī,以為
ì,ì
ì,意
ì-ài,意愛
ì-bí,薏米
ì-bī,意味
ì-bián,以免
ì-tsí,意旨
ì-tsì,污漬
ì-tsì,意志
ì-tsì-li̍k,意志力
ì-i̍k,意譯
ì-gī,意義
ì-guā,意外
ì-guā-hiám,意外險
ì-guān,意願
ì-hā,意下
ì-hiòng,意向
ì-í,薏苡
ì-jîn,薏仁
ì-kíng,意境
ì-khì,意氣
ì-kiàn,意見
ì-liām,意念
ì-liāu,意料
ì-lîn,薏仁
ì-sik,意識
ì-sik--tio̍h,意識著
ì-sîn,意神
ì-siōng,意象
ì-sù,意思
ì-tāi-lī,意大利
ì-tiong,意中
ì-tôo,意圖
î,于
î,余
î,姨
î,移
î-á,姨仔
î-bí,唯美
î-bîn,移民
î-bîn-kio̍k,移民局
î-bó,姨母
î-tsai,移栽
î-tshî,維持
î-tshut,移出
î-tsìn,餘震
î-tsuán,移轉
î-gia̍h,餘額
î-hē,維繫
î-hiòng,移向
î-hōo,維護
î-it,唯一
î-iú,唯有
î-ji̍p,移入
î-kau,移交
î-khuán,餘款
î-ki,移居
î-kiū,移柩
î-li̍k,餘力
î-lîng,移靈
î-lūn,輿論
î-má,姨媽
î-muē,姨妹
î-uān,移緩
î-uat,迤斡
î-piáu,姨表
î-pô,姨婆
î-puah,移撥
î-sàng,移送
î-sing,餘生
î-sing-sòo,維生素
î-sin,維新
î-siu,維修
î-suá,移徙
î-suá-uī,移徙位
î-sòo,餘數
î-tē,餘地
î-thài-thài,姨太太
î-tín-tāng,移振動
î-tiūnn,姨丈
î-tó-sòo,胰島素
î-tóng,餘黨
î-tōng,移動
î-ui,餘威
î-uī,移位
ī,ī
ī,易
ī,與
ī-bī,異味
ī-bôo,預謀
ī-bu̍t,異物
ī-tshik,預測
ī-tsioh,預借
ī-tsiok,預祝
ī-tsit,異質
ī-tso̍k,異族
ī-tsōng,異狀
ī-gī,異議
ī-giân,預言
ī-gia̍p,肄業
ī-hi̍k,異域
ī-hiong,異鄉
ī-hông,預防
ī-hông-tsiam,預防針
ī-hù,預付
ī-ián,預演
ī-iok,預約
ī-kám,預感
ī-kè,預計
ī-kíng,預警
ī-kho,預科
ī-kí,異己
ī-kî,預期
ī-kiàn,預見
ī-kò,預告
ī-kok,異國
ī-kóo,預估
ī-kóo,預購
ī--lah,ī啦
ī-liāu,預料
ī-luī,異類
ī-muâ-tshiok,肄麻雀
ī-pâi-á,豫牌仔
ī-pī,預備
ī-pī-kim,預備金
ī-pò,預報
ī-sài,預賽
ī-sìng,異姓
ī-sìng,異性
ī-sian,預先
ī-sím,預審
ī-sǹg-àn,預算案
ī-suán,預選
ī-suàn,預算
ī-sòo,異數
ī-tē,異地
ī-tīng,預定
ī-ti,預知
ī-tiāu,預兆
ī-tuan,異端
ī-tông,異同
ī-tōng,異動
ī-uî,譽為
ia,呀
ia,埃
iá,野
iá-bâ,野bâ
iá-bâ,野媌
iá-bân,野蠻
iá-bé,野馬
iá-bī,野味
iá-tsa-bóo,野查某
iá-tsing,野僧
iá-tsíng,野種
iá-tshan,野餐
iá-tsha̍t,野賊
iá-tsháu,野草
iá-tshiah,野赤
iá-tshiú,野手
iá-tsiàn,野戰
iá-tsiáu,野鳥
iá-tsû-koo,野慈姑
iá-gô,野鵝
iá-guā,野外
iá-hàn,野漢
iá-hue,野花
iá-huê-siūnn,野和尚
iá-kai,野痎
iá-kan-tsing,野奸僧
iá-káu,野狗
iá-ke,野雞
iá-ke-tshia,野雞車
iá-khián,野犬
iá-khîm,野禽
iá-kim,冶金
iá-kiû,野球
iá-koo,野菰
iá-liú,野柳
iá-lông,野狼
iá-niau,野貓
iá-senn,野生
iá-sing,野生
iá-sìng,野性
iá-sian,野仙
iá-sim,野心
iá-siù,野獸
iá-suann-som,野山蔘
iá-som,野蔘
iá-tâi,野台
iá-tâng-o,野茼蒿
iá-tang-kue,野冬瓜
iá-thòo,野兔
iá-ti,野豬
iá-tóng,野黨
iá-tông,野桐
ià,ià
ià,厭
ià,饜
ià-ià,ià-ià
ià-lak-lak,ià落落
ià-lak-lak,厭落落
ià-lán,厭懶
ià-siān,厭siān
ià--tit,ià得
iâ,椰
iâ,爺
iâ-á,椰仔
iâ-tsí,椰子
iâ-tsí-tshiū,椰子樹
iâ-hô-hua,耶和華
iâ-lī-bí,耶利米
iâ-nâ,椰林
iâ-sià,爺舍
iâ-sià-kiánn,爺舍囝
iâ-soo-huē,耶穌會
iâ-tàn,耶誕
iâ-tàn-tsiat,耶誕節
iā,夜
iā,掖
iā-bat,也捌
iā-bîng-tsu,夜明珠
iā-tsíng,掖種
iā-tsíng-tsí,掖種子
iā-tsìng,掖種
iā-tshe,夜叉
iā-tshī,夜市
iā-tshī-á,夜市仔
iā-tshia,夜車
iā-tsînn,掖錢
iā-tsiū-sī,也就是
iā-ē-sái,也會使
iā-gān,夜雁
iā-ha̍p,夜合
iā-hāu,夜校
iā-hîng,夜行
iā-hîng,夜
iā-hó,也好
iā-iû,夜遊
iā-kan,夜間
iā-kánn,也敢
iā-kan-pōo,夜間部
iā-kau-tîn,夜交藤
iā-kíng,夜景
iā-khîn,夜勤
iā-kong-pió,夜光錶
iā-lâi-hiong,夜來香
iā-o̍h,夜學
iā-pan,夜班
iā-pô,夜婆
iā-puî,掖肥
iā-sik,夜色
iā-sing-ua̍h,夜生活
iā-sī,也是
iā-sǹg,也算
iā-suànn,掖散
iā-tio̍h,也著
iā-tō-thâng,夜盜蟲
iah,iah
iah,挖
iah,益
ia̍h,亦
ia̍h,役
ia̍h,易
ia̍h,頁
ia̍h,蝶
ia̍h-á,蝶仔
ia̍h-á-tsháu,蝶仔草
ia̍h-á-hue,蝶仔花
ia̍h-á-hún,蝶仔粉
ia̍h-bé,驛馬
ia̍h-tsng,頁裝
ia̍h-king,易經
ia̍h--khui,ia̍h開
ia̍h--kuè-lâi,頁過來
ia̍h-lâm,役男
ia̍h-lân,蝶蘭
ia̍h-pit,役畢
ia̍h-sī,亦是
ia̍h-sī,抑是
ia̍h-thâu,驛頭
iah-tsá,抑早
iah-tsáu,挖走
iah-khang,挖孔
iah-khang,挖空
iah-khàng,挖掐
iah-kha-siû,揠腳泅
iah-kin-té,挖根底
iah-koh,益閣
iah-koh-ū,益閣有
iah-lā,挖撈
iah-m̄-sī,抑m̄是
iah-sī,益是
iah-té,挖底
iah-té-tì,挖底柢
iah-té-tì,挖底蒂
iah-thôo,挖土
iah-ū,益有
iak,約
ia-ki̍p,埃及
iam,陰
iam,閹
iám,掩
iám-tshàu,掩臭
iám-hong,掩風
iám-hōo,掩護
iám-lâng-ba̍k,掩人目
iám-mâi-tiûnn,掩埋場
iám-sik,掩飾
iám-sí-hî,掩死魚
iám-sin,掩身
iám-sin-huat,掩身法
iám-sin-su̍t,掩身術
iám-thé,掩體
iám-tóo,掩肚
iàm,厭
iàm-hīn,厭恨
iàm-sè,厭世
iâm,鹽
iâm-tsuí,鹽水
iâm-hái,鹽海
iâm-hue,鹽花
iâm-hue-á,鹽花仔
iâm-hūn,鹽份
iâm-khu,鹽坵
iâm-kiông-tsuí,鹽強水
iâm-kiông-sng,鹽強酸
iâm-liâu,鹽寮
iâm-lóo,鹽滷
iâm-pho,鹽波
iâm-pô,鹽婆
iâm-poo,鹽埔
iâm-siau,鹽硝
iâm-sînn,鹽豉
iâm-sînn,鹽鹽
iâm-sng,鹽酸
iâm-sng-á,鹽桑仔
iâm-sng-tîn,鹽酸藤
iâm-sok-hue,鹽束花
iâm-thuann,鹽灘
iâm-tiann,鹽埕
iâm-tiân,鹽田
iâm-tiânn,鹽埕
iâm-tiûnn,鹽場
iām,炎
iām,焰
iām,艷
iām-hā,炎夏
iām-hiánn,艷顯
iām-hué,焰火
iām-hué,燄火
iām-hok,豔福
iām-iām-to̍h,焰焰to̍h
iām-iánn,艷顯
iām-ji̍t,炎日
iām-jua̍h,炎熱
iām-lè-lè,炎礪礪
iām-lē,艷麗
iām-lia̍t,炎熱
iām-ōng,艷旺
iām-phànn-phànn,炎冇冇
iām-phànn-phànn,焰冇冇
iām-phōng-phōng,炎蓬蓬
iām-phōng-phōng,焰蓬蓬
iām-sik,艷色
iam-huān,閹宦
iam-inn,腌蠳
iam-káng,閹耩
iam-ke,閹雞
iam-ke-kiânn,閹雞行
iam-kuann,閹官
iam-sînn,閹錢
iam-tē-á,閹袋仔
iam-ti,閹豬
iam-tiāu,閹掉
ian,ian
iann,泱
ian,湮
ian,菸
ian,煙
ian,嫣
iann,纓
ián,ián
ián,偃
ián,演
iánn,影
iánn-ba̍k,影目
iánn-bê,影迷
ián-tsàu,演奏
ián-tsàu-huē,演奏會
ián-tsàu-ka,演奏家
ián-tsàu-thiann,演奏廳
iánn-tshenn,影星
ián-tshiùnn,演唱
ián-tshut,演出
iánn-tsiah,影跡
ián-tsìn,演進
iánn-tsi̍t-ē,影一下
ián-i̍k,演繹
ián-gē,演藝
ián-gē-kài,演藝界
ián-gē-khuan,演藝圈
ián-gī,演義
ián-guân,演員
ián-hì,演戲
iánn-hì,影戲
ián-huà,演化
iánn-iánn,影影
iánn-iâng,影揚
iánn-ìn,影印
iánn-ìn-ki,影印機
iánn-jiah,影跡
ián-káng,演講
ián-káng-huē,演講會
ián-kau-á,偃交仔
ián-khiā,偃徛
ián-kio̍k,演劇
iánn-kio̍k,影劇
iánn-kio̍k-khuân,影劇圈
iánn-liah,影跡
ián-liān,演練
ián-uân,演員
ián-phak,偃覆
iánn-phîng,影評
iánn-phìnn,影片
ián-piàn,演變
ián-piàn-kàu,演變到
ián-piàn-sîng,演變成
iánn-pún,影本
ián-sak,偃sak
ián-sing,衍生
ián-sī,演示
iánn-siā,影射
iánn-siânn,影城
ián-si̍p,演習
ián-suat,演說
ián-tâi,演台
iánn-ting,影燈
ián-thîng,蝘蜓
iánn-tián,影展
iánn-tio̍h,影著
ián-tó,偃倒
iánn-tuânn,影壇
ián-toh,偃桌
iànn,映
iàn,宴
iàn,燕
iàn-bué-ho̍k,燕尾服
iàn-tshiok,燕雀
iàn-tsú-hî,燕子魚
iàn-tsú-hue,燕子花
iàn-huē,宴會
iàn-kheh,宴客
iàn-khì,厭氣
iàn-khì,嚥氣
iàn-o,燕窩
iàn-si̍k,宴席
iàn-toh,宴桌
iân,延
iân,沿
iân,鉛
iân,緣
iânn,螢
iânn,營
iânn,贏
iân-á-tsan,iân仔chan
iân-āu,延後
iânn-bīn,贏面
iânn-bōo,營幕
iânn-tsāi,嬴在
iânn-tsāi,贏在
iân-tshíng,延請
iân-tshiân,延tshiân
iân-tshiân,延遷
iânn-tshú,贏取
iân-tsí,鉛子
iân-tsì,延至
iân-tsînn,捐錢
iânn-tsînn,贏錢
iânn--ê,贏的
iân-gîn,捐銀
iân-gōo,延誤
iân-hái,沿海
iân-huānn,沿岸
iânn-hué,營火
iân-hún-to̍k,鉛粉毒
iân-hūn,緣份
iân-iû,緣由
iân-jī,鉛字
iân-jín,引擎
iân-kai-tsháu,沿階草
iân-ke,沿街
iân-kik,沿革
iân-khí,緣起
iânn-khu,營區
iân-kî,延期
iânn-kî,贏棋
iânn-kiáu,贏kiáu
iân-kim,捐金
iân-kiû,鉛球
iânn-kuè,嬴過
iânn-kuè,贏過
iân-kóng,鉛管
iân-kòo,緣故
iân-lám,延攬
iân-lōo,沿路
iân-uān,延緩
iân-pán,鉛板
iân-pán,鉛版
iânn-pâng,營房
iân-pîng,延平
iân-phiánn,鉛片
iân-pit,鉛筆
iân-pit,椽筆
iân-pit-iân,鉛筆鉛
iân-pit-khau,鉛筆khau
iân-pit-sim,鉛筆心
iânn-pōo,營部
iân-sia̍h,筵席
iân-sio,延燒
iân-sio̍k,延續
iân-sio̍k-kàu,延續到
iân-si̍p,沿襲
iân-suànn,沿線
iân-suànn,鉛線
iân-sui,芫荽
iân-tâu,緣投
iân-tê,捐題
iânn-tē,營地
iân-tháng,鉛桶
iân-tî,延遲
iânn-tio̍h,贏著
iân-tiông,延長
iânn-tiúnn,營長
iânn-tńg-lâi,贏轉來
iân-tn̂g,延長
iân-tôo,沿途
iân-tuī,鉛墜
iânn-tuī,營隊
iānn,iānn
iānn-ba̍k,映目
iānn-báng,颺蚊
iānn-hong,颺風
iānn-hôo-sîn,颺胡蠅
iānn-iānn-pue,颺颺飛
iānn-khì,揚棄
iānn-khîm,揚琴
ian-á,煙仔
ian-á-hî,煙仔魚
ian-á-hóo,煙仔虎
ian-á-sua,煙仔鯊
ian-á-thuî,煙仔槌
ian-âu,咽喉
ian-bah,煙肉
ian-bia̍t,湮滅
ian-bū,煙霧
ian-bū-hōo,煙霧雨
ian-bū-tuânn,煙霧彈
ian-tsháu,煙草
ian-tshiâng,煙腸
ian-tshin,姻親
ian-tshun,鵪鶉
ian-tsi,胭脂
ian-tsi-tshiū,胭脂樹
ian-tsi-hue,胭脂花
ian-tsi-tāu,胭脂豆
ian-tsuí,嫣水
ian-tsun,鵪鶉
iang,央
iang,泱
iáng,養
iáng-bió,養母
iáng-bó,養母
iáng-tsīng,養靜
iáng-tsú,養子
iáng-hōo,養護
iáng-hū,養父
iáng-hun,養分
iáng-io̍k,養育
iáng-ke,養家
iáng-lāu-suê,養老垂
iáng-lí,養女
iáng-ló,養老
iáng-ló-īnn,養老院
iáng-ló-kim,養老金
iáng-lo̍k-to,養樂多
iáng-nóo,養老
iáng-pênn,養病
iáng-pēnn,養病
iáng-sing,養生
iáng-sìng,養性
iáng-sîng,養成
iáng-sing-tî,養生池
iáng-sing-tn̂g,養生堂
iáng-siām,養贍
iáng-siām-gîn,養贍銀
iáng-sîn,養神
iáng-sin-miā,養身命
iáng-siong,養傷
iáng-si̍t,養殖
iâng-khí,揚起
iâng-khì,揚氣
iâng-siū,陽壽
iâng-tâi,陽台
iāng,iāng
iang-tshiánn,央請
iang-hâng,央行
iang-kà,央教
iang-ki̍p,央及
iang-lâng,央人
iang--lâng,央人
ian-guân,淵源
iang-thok,央託
ian-hua,煙花
ian-hua-kài,煙花界
ian-hua-lí,煙花女
ian-hua-tiûnn,煙花場
ian-hué,煙火
ian-hué-phàu,煙火炮
ian-jín,ian-jín
ian-ka,姻家
ian-kóng-á,煙管仔
ian-n̄g,煙暈
ian-sái,煙屎
ian-tâng,煙筒
ian-tâng-khoo,煙筒箍
ian-tâng-kóng,煙筒管
ian-tâng-kuī,煙筒櫃
ian-táu,煙斗
ian-tâu,嫣投
ian-tâu,鵪投
ian-thâu,嫣頭
ian-thuí,煙腿
ian-thuí,醃腿
ian-thuî-á,煙槌仔
ian-thûn,煙塵
ian-to̍k,煙毒
ian-to̍k-huān,煙毒犯
ian-tun,煙墩
ian-tun,鵪鶉
iap,挹
ia̍p,葉
ia̍p-á,葉仔
ia̍p-ia̍p-sī,燁燁是
ia̍p-ia̍p-sih,燁燁熠
ia̍p-ia̍p-sih,燁燁熾
ia̍p-mn̂g,葉門
ia̍p-sū-hue,葉似花
iap-bué,挹尾
iap-tshih-gáng,iap-chhih-gáng
iap-tshiú,挹手
iap-tshiú,揜手
iap-kak,挹角
iap-kak,揜角
iap-phiah,挹僻
iap-phiah,揜僻
iap-siam,揜瞻
iap-siap,揜塞
iap-thiap,挹貼
iap-thiap,揜貼
ia-soo,耶穌
ia̍t,ia̍t
ia̍t-tshiú,曳手
ia̍t-tshiú,拽手
ia̍t-hué,ia̍t火
ia̍t-hué,拽火
ia̍t-hong,ia̍t風
ia̍t-hong,拽風
ia̍t-khuê-sìnn,ia̍t葵扇
ia̍t-lám,閱覽
ia̍t-ping,閱兵
ia̍t-sìnn,ia̍t扇
iat-tsóo,謁祖
iau,iau
iáu,猶
iáu-bē,猶未
iáu-buē,猶未
iáu-bū,要務
iáu-tsá-leh,猶早leh
iáu-tsiat,夭折
iáu-ē-sái,猶會使
iáu-ē-ti̍t,猶會直
iáu-hó,猶好
iáu-koh,猶閣
iáu-kú,猶久
iáu-put-jî,猶不如
iáu-sī,猶是
iáu-siū,夭壽
iáu-siū-bông,夭壽亡
iáu-siū-kuí,夭壽鬼
iáu-siū-kut,夭壽骨
iáu-siū-lâng,夭壽人
iáu-siū-pōo,夭壽步
iáu-thiáu,窈窕
iáu-tī-leh,猶tī-leh
iáu-ū,猶有
iàu-bē,猶未
iàu-bô,猶無
iàu-tshiong,要衝
iàu-tsí,要旨
iàu-tsit,要職
iàu-hāi,要害
iàu-hāng,要項
iàu-huān,要犯
iàu-jîn,要人
iàu-kak,要角
iàu-kiānn,要件
iàu-kín,要緊
iàu-kuat,要訣
iàu-koh,猶閣
iàu-líng,要領
iàu-uân,要員
iàu-sài,要塞
iàu-sī,猶是
iàu-sǹg,猶算
iàu-sòo,要素
iàu-sū,要事
iàu-tē,要地
iàu-tiám,要點
iàu-tō,要道
iàu-ū-kiù,猶有救
iâu,姚
iâu-giân,謠言
iâu-khòng,遙控
iâu-uán,遙遠
iâu-thuân,謠傳
iâu-tî,瑤池
iau-tshenn,妖星
iau-tshíng,邀請
iau-tshiánn,邀請
iau-tshiánn-hâm,邀請函
iau-tshiánn-sài,邀請賽
iau-tsiann,妖精
iau-tsi̍p,邀集
iau-gō,iau餓
iau-hia̍p,要脅
iau-hng,iau荒
iau-huat,妖法
iau-ho̍p-ho̍p,iau揜揜
iau-iām,妖艷
iau-iàn,邀宴
iau-iok,邀約
iau-kann-siû,iau監囚
iau-kiau,妖嬌
iau-kiû,要求
iau-kuài,妖怪
iau-kuânn-gō,iau寒餓
iau-kuè-ki,iau過飢
iau-kông,iau狂
iau-kuí,iau鬼
iau-kuí-tshuì,iau鬼嘴
iau-lô,iau牢
iau-lô,iau羅
iau-môo,妖魔
iau-mooh-mooh,iau瘼瘼
iaunn,iaunn
iau-pá-tshá,iau飽吵
iau-sà-sà,iau-sà-sà
iau-sâi,iau饞
iau-sí,iau死
iau-siâ,妖邪
iau-siong,夭殤
iau-siūnn,iau想
iau-sò,iau燥
iau-sò-luān,iau燥亂
iau-sò-sò,iau燥燥
iau-su̍t,妖術
iau-tō,妖道
i-bū-sik,醫務室
i-bu̍t,衣物
i-tsháu,醫草
i-tsheh,醫冊
i-tshù,依次
i-tsiàu,依照
i-tsiûnn,衣裳
i-tsûn,依存
i-guân,依原
i-guân-tsuân,醫原全
i-ha̍k,醫學
i-ha̍k-hē,醫學系
i-ha̍k-īnn,醫學院
i-ha̍k-kài,醫學界
i-huat,依法
i-ho̍k,衣服
i-hōo,醫護
i-hù,依附
i-i,依依
i-īnn,醫院
i-io̍h,醫藥
i-io̍h-huì,醫藥費
i-iok,依約
i-jiân,依然
i-kài,醫界
i-kho,醫科
i-khò,依靠
i-kì,依據
i-kiō,椅轎
i-kuan,衣冠
i-kuann,醫官
i-kui,依歸
i-kuī,衣櫃
i-kûn,衣裙
i-lá-khik,伊拉克
i-lāi,依賴
i-lāi-sìng,依賴性
i-lāi-tōo,依賴度
i-lang,伊朗
i-liâu,醫療
i-liâu-huì,醫療費
i-liāu,衣料
im,音
im,淹
im,陰
ím-hīn,飲恨
ím-iàn,飲宴
ím-iōng,飲用
ím-iōng-tsuí,飲用水
ím-liāu,飲料
ím-si̍t,飲食
ím-si̍t-tiàm,飲食店
ím-tê,飲茶
ìm,蔭
ìm-hio̍h,蔭葉
ìm-hué,窨火
ìm-hué,蔭火
ìm-hūn,蔭分
ìm-hūn,蔭份
ìm-khàm,蔭khàm
ìm-kue-á,窨瓜仔
ìm-kue-á,蔭瓜仔
ìm-kóo,蔭股
ìm-li̍k,蔭綠
ìm-ńg,蔭影
ìm-puî,廕肥
ìm-si,蔭屍
ìm-sī,窨豉
ìm-sī-á,窨豉仔
ìm-sin,蔭身
ìm-sīnn,蔭豉
ìm-sīnn-á,蔭豉仔
ìm-tui,蔭堆
îm-tshí,淫鼠
îm-tsuí,淫水
îm-hū,淫婦
îm-uē,淫畫
îm-ui,淫威
im-bâi,陰霾
im-ba̍t,淹密
im-bôo,陰謀
im-tsik,陰騭
im-tsik-hûn,陰騭痕
im-tsìng,陰症
im-tshân,淹田
im-tshiùnn-puânn,音唱盤
im-tsiat,音節
im-tsit,音質
im-tsuí,淹水
im-ga̍k,音樂
im-ga̍k-hē,音樂系
im-ga̍k-huē,音樂會
im-ga̍k-ka,音樂家
im-ga̍k-kài,音樂界
im-ga̍k-kio̍k,音樂劇
im-ga̍k-tâi,音樂台
im-ga̍k-thiann,音樂廳
im-hāu,音效
im-hiám,陰險
im-hiám-pōo,陰險步
im-hiáng,音響
im-hué,陰火
im-hong,陰風
im-hôo-sàn,陰狐疝
im-hōo,陰戶
im-hú,陰府
im-hû,音符
im-hûn,陰魂
im-iánn,陰影
im-iân,姻緣
im-iâng,陰陽
im-iâng-ba̍k,陰陽目
im-im,陰陰
im-iông,陰陽
im-iông-tsuá,陰陽紙
im-iông-lâng,陰陽人
im-kai,音階
im-kan,陰間
im-kán,陰癇
im-king,陰莖
im-khàm,淹khàm
im-khì,陰氣
im-ki,陰居
im-kong,陰功
im-kong,陰光
im-li̍k,陰曆
im-líng,陰冷
im-liâng,陰涼
im-liāng,音量
im-lu̍t,音律
im-mn̂g,陰門
im-pho,音波
im-phông-phông,淹滂滂
im-pōo,陰部
im-sàn,陰疝
im-sat,陰虱
im-sik,音色
im-si,陰司
im-sí,淹死
im--sí,淹死
im-sìn,音信
im-sìn,音訊
im-sok,音速
im-suí-gû,淹水牛
im-tik,陰德
im-thâng,陰蟲
im-the̍h,陰宅
im-thim,陰琛
im-thim-bīn,陰琛面
im-thim-to̍k,陰沉毒
im-thim-to̍k,陰琛毒
im-thinn,陰天
im-tîm,陰沉
im-tō,陰道
im-tuā-tsuí,淹大水
im-to̍k,陰毒
im-ūn,音韻
in,in
in,恩
in,絪
ínn,ínn
ín,允
ín,引
ínn,穎
ín,應
ínn,蘡
ínn-ba̍k,芛目
ín-bih,隱匿
ín-bi̍t,隱密
ín-tsìng,引證
ín-tsîng,隱情
ín-tsheh,引冊
ín-tshik,穩粟
ín-tshin,允親
ín-tshuā,引tshuā
ín-tshut,引出
ín-tsìn,引進
ín-tsiū,引就
ín-tsoh-kî,隱作期
ín-tsông,隱藏
ín-tsú,穩主
ín-tsuí-tsio,引水蕉
ín-tsún,允准
ín-giân,引言
ín-hâm,隱含
ín-hîng,隱形
ín-hí,允許
ín-hō,引禍
ín-huat,引發
ín-hué,引火
ín-hué,隱火
ín-hûn,引魂
ín-iōng,引用
ín-iu,隱憂
ín-iú,引誘
ín-jiân,引燃
ín-ji̍p,引入
ín-ji̍t,往日
ín-jū,隱喻
ín-khìng,引磬
ín-khí,引起
ín-kì,引據
ín-kiàn,引見
ín-lâi,引來
ín-lâng,允人
ín-lâng,引人
ín--lâng,允人
ín-li̍k,引力
ín-lōo,引路
ín-lōo-sai,引路司
ín-lōo-sai,引路獅
ín-niá,引領
ín-po̍k,引爆
ín-sit,允穡
ín-sit-thâu,允穡頭
ín-suànn,引線
ín-sū,隱士
ín-su̍t,引述
ín-thâu-lōo,允頭路
ín-thè,引退
ín-thīn,應滕
ín-thuā,引汏
ín-tiān,引電
ín-tit,引得
ín-tō,引道
ín-tōo,引度
ín-tōo,引渡
ín-tùn,允頓
ìn,印
ìn,應
ìn-á,印仔
ìnn-á,燕仔
ìnn-á-siū,燕仔siū
ìn-bôo,印模
ìn-tsìng,印證
ìn-tsheh,印冊
ìn-tsho̍p,印戳
ìn-tshuì,應嘴
ìn-tshut,印出
ìn-tsiong,印章
ìn-eh,應呃
ìn-hîng,印行
ìn-hî,印魚
ìn-huat,印發
ìn-hue,印花
ìn-hue-suè,印花稅
ìn-kàm,印鑑
ìn-kim,印金
ìn-ní,印染
ìn-nî,印尼
ìn-uē,應話
ìnn-ònn,咿噁
ìnn-ònn,ìnn-ònn
ìn-pió-ki,印表機
ìn-pún,印本
ìn-sik,印色
ìn-sik-a̍h,印色盒
ìn-siann,應聲
ìn-siann-lô,應聲鑼
ìn-sìn,印信
ìn-sìn,應信
ìn-siōng,印象
ìn-suat,印刷
ìn-suat-tshiúnn,印刷廠
ìn-suat-ki,印刷機
ìn-suat-phín,印刷品
ìn-tâi,印臺
ìn-tap,應答
ìn-tē-an,印地安
ìn-tē-an,印第安
ìn-thīn,應媵
ìn-tông,印堂
ìn-tōo,印度
ìn-tōo-iûnn,印度洋
ìn-tōo-tiû,印度綢
înn,圓
înn,楹
înn-á,圓仔
înn-á,楹仔
înn-á-hue,圓仔花
înn-ba̍k-á,圓目仔
înn-bīn,圓面
înn-tshài-thâu,圓菜頭
înn-tshia-tshia,圓車車
înn-tshioh,圓尺
înn-tshiu-á,圓鍬仔
înn-tshuì-pi,圓嘴鵯
înn-hîng,圓形
înn-înn,圓圓
înn-înn-gô,圓圓遨
înn-înn-tńg,圓圓轉
înn-kìng,圓徑
înn-khian,圓圈
înn-khuân,圓環
înn-khoo-á,圓箍仔
înn-kô-kô,圓翱翱
înn-kùn-kùn,圓棍棍
înn-kùn-kùn,圓滾滾
înn-ku̍t,圓滑
înn-lē,圓鑢
înn-lìn-lìn,圓輾輾
înn-lin-lin,圓輾輾
înn-luè,圓鑢
înn-long-se̍h,圓瓏踅
înn-peh,圓柏
în-sî,寅時
înn-suann,員山
înn-suann,圓山
înn-som,圓參
înn-thang,圓窗
înn-thâu,圓頭
înn-thâu-á,圓頭仔
înn-thâu-tshài,圓頭菜
înn-thiāu,圓柱
înn-tînn,縈纏
înn-tīnn,圓淀
înn-toh,圓桌
īnn,院
īn,運
īnn-gī,異議
īnn-hat-tshī,院轄市
īnn-hāu,院校
īnn-huē,院會
īn-io̍k,孕育
īnn-mn̂g,院門
īnn-pang,異邦
īnn-sìng,異姓
īn-siann,運聲
īnn-sū,院士
īnn-tiúnn,院長
īnn-tuan,異端
inn-á,嬰仔
in-ài,恩愛
in-tsîng,恩情
in-tshiat,殷切
in-tshú,因此
in-tsí,因子
in-tsún,恩准
in-ìng,因應
innh,盈
in-hô,因何
in-huī,恩惠
in-i,因依
in-iân,因緣
in-iân,姻緣
in-in-se̍h,絪絪旋
in-iû,因由
in-jî,因而
in-jîn,恩人
in-kàm,殷鑑
in-kheh,恩客
in-khîn,殷勤
in-kó,因果
in-kong,恩光
in-niâ-leh,in娘leh
in-niâ-sìnn,in娘姓
in-uàn,恩怨
in-siû,恩仇
in-suànn,絪線
in-sòo,因素
in-su,恩師
in-sù,恩賜
in-tau,in兜
in-tì-tuann,因致端
in-tián,恩典
inn-tînn,絪纏
in-tînn,絪纏
in-tîn,絪纏
in-tuann,因端
in-tuan,因端
in-uī,因為
io,喲
io,腰
io,邀
io-sok,腰束
ió,舀
ió,毆
ió-hìng,嘔興
iô,搖
iô,窯
iô-bué,搖尾
iô-bué-káu,搖尾狗
iô-tshiú,搖手
iô-tsînn-tshiū,搖錢樹
iô-tsuah,搖泄
iô-tsuah,搖泏
iô-huē,搖會
iô-í,搖椅
iô-kiánn-tshài,搖囝菜
iô-kô,搖笱
iô-kóo,搖鼓
iô-kóo-long,搖鼓鼕
iô-kún,搖滾
iô-kún-ga̍k,搖滾樂
iô-lōo,搖瘺
iô-nâ,搖籃
iô-pái,搖擺
iô-pìnn,搖柄
iô-thâu,搖頭
iô-tōng,搖蕩
iō,鷂
i-uá,依倚
i-uân,依原
io-tsám,腰斬
io-tsè,腰際
io-tshī,io飼
io-tshī,育飼
io-tshioh,腰尺
io-tshioh,腰脺
io-tshiú,搖手
io-tshuā,育tshuā
io-tsí,腰子
io-tsí-huān,腰子範
io-tsí-pēnn,腰子病
io-tsiah-kut,腰脊骨
io-tsui-kut,腰椎骨
ioh,ioh
ioh,溢
ioh,臆
io̍h,葯
io̍h,藥
io̍h-á-tiàm,藥仔店
io̍h-bī,藥味
io̍h-bua̍h,藥末
io̍h-bu̍t,藥物
io̍h-tsâi,藥材
io̍h-tsâi-ông,藥材王
io̍h-tse,藥渣
io̍h-tse,藥劑
io̍h-tse-su,藥劑師
io̍h-tsháu,藥草
io̍h-tshi,藥蛆
io̍h-tshiúnn,藥廠
io̍h-tsiú,藥酒
io̍h-tsuí,藥水
io̍h-tsuí-mî,藥水棉
io̍h-tsuí-pòo,藥水布
io̍h-ha̍k,藥學
io̍h-hāu,藥效
io̍h-hng,藥方
io̍h-hóo,藥虎
io̍h-hún,藥粉
io̍h-ín,藥引
io̍h-înn,藥圓
io̍h-iōng,藥用
io̍h-khuì,藥氣
io̍h-kio̍k,藥局
io̍h-ko,藥膏
io̍h-kuàn,藥罐
io̍h-kóo,藥鈷
io̍h-kuí,鑰鬼
io̍h-la̍t,藥力
io̍h-lí-ha̍k,藥理學
io̍h-liāng,藥量
io̍h-uân,藥丸
io̍h-ông,藥王
io̍h-pâng,藥房
io̍h-pau,藥包
io̍h-phín,藥品
io̍h-phìnn,藥片
io̍h-phoh,藥粕
io̍h-piánn,藥餅
io̍h-sán,藥散
io̍h-sìng,藥性
io̍h-se-pòo,藥紗布
io̍h-siong,藥商
io̍h-sng,藥栓
io̍h-suánn,藥散
io̍h-su,藥師
io̍h-tái,藥滓
io̍h-tíng,藥戥
io̍h-thâu,藥頭
io̍h-thâu-á,藥頭仔
io̍h-thiap,藥帖
io̍h-thng,藥湯
io̍h-tiàm,藥店
io̍h-tiâu,藥條
io̍h-tuann,藥單
io̍h-tû,藥櫥
ioh-bāi,ioh覓
ioh-bī,臆謎
ioh-bī-tshai,臆謎猜
ioh-bōng-kué,揖墓粿
ioh-tshai,ioh猜
ioh-tshik,臆測
ioh-tshut-tshut,ioh出出
ioh-tsuah,溢泄
ioh-hān,約翰
ioh--khí-lâi,溢起來
ioh--tioh,ioh著
ioh-tio̍h,臆著
ioh--tio̍h,ioh著
ioh-tuànn,約旦
ioh-tui,臆堆
iok,約
io̍k,吁
io̍k,育
io̍k-bōng,欲望
io̍k-bōng,慾望
io̍k-tsâi,育才
io̍k-tshíng,籲請
io̍k-enn,育嬰
io̍k-iù,育幼
io̍k-iù-īnn,育幼院
io̍k-ki,躍居
io̍k-lo̍k,育樂
io̍k-sing,躍升
io̍k-sîng,育成
iok-báu,iok卯
iok-hō-thâu,約號頭
iok-huē,約會
io-kiánn,io囝
io-kiánn,育囝
io-kiánn,腰囝
io-kiánn-bó,育囝母
iok-iok,約約
iok-jī,約字
iok-kî-lia̍k,約其略
iok-kî-liāng,約其量
iok-kiàn,約見
iok-kiû,欲求
iok-lia̍k,約略
iok-liāng,約量
iok-nî,翌年
io-kó,腰果
iok-sok,約束
iok-sòo,約數
iok-tâm,約談
iok-tàn-hô,約旦河
iok-tīng,約定
iok-tiānn,約定
io-kut,腰骨
io-lāi-bah,腰內肉
ióng,勇
ióng,氧
ióng,蛹
ióng-bíng,勇猛
ióng-tsìn,湧進
ióng-tsòng,勇壯
ióng-huà,氧化
ióng-huà-bu̍t,氧化物
ióng-hōo,擁護
ióng-î,勇於
ióng-io̍k,踴躍
ióng-iú,擁有
ióng-ji̍p,湧入
ióng-kám,勇敢
ióng-khì,勇氣
ióng-khì,氧氣
ióng-khiàn-khiàn,勇掔掔
ióng-khia̍t-khia̍t,勇桀桀
ióng-kiānn,勇健
ióng-kòo,勇固
ióng-lîng-lîng,勇龍龍
ióng-sat,擁塞
ióng-sin,勇身
ióng-sin-miā,勇身命
ióng-sū,勇士
ióng-tài,擁戴
iòng-ji̍t-kó,映日果
iông,羊
iông,容
iông,陽
iông-bîng,陽明
iông-bîng-suann,陽明山
iông-tse,溶劑
iông-tsik,容積
iông-tsik-lu̍t,容積率
iông-tshiū,榕樹
iông-tshun,陽春
iông-tsu,融資
iông-giân,揚言
iông-ha̍p,融合
iông-i,庸醫
iông-ī,容易
iông-ín,容允
iông-īnn,容易
iông-ji̍p,融入
iông-kan,陽間
iông-kán,陽癇
iông-ki̍k,陽極
iông-khí-si̍k,陽起石
iông-khì,容器
iông-li̍k,陽曆
iông-liāng,容量
iông-lôo,熔爐
iông-māu,容貌
iông-pho,揚波
iông-sìng,陽性
iông-sin,容身
iông-tâi,陽台
iông-thong,融通
iōng,用
iōng,恙
iōng-bē-uân,用bē完
iōng-bē-tio̍h,用bē著
iōng-bú,用武
iōng-bū-li̍k,用武力
iōng-tshan,用餐
iōng-tshù,用處
iōng-tshuì-ān,用嘴限
iōng-tsînn,用錢
iōng-tsīn,用盡
iōng-tsok,用作
iōng-tsuí,用水
iōng-ē-tio̍h,用會著
iōng-gí,用語
iōng-huat,用法
iōng-hōo,用戶
iōng-í,用以
iōng-ì,用意
iōng-kè,用計
iōng-khang,用空
iōng-khóo-sim,用苦心
iōng-khū,用具
iōng-kim,佣金
iōng-kong,用功
iōng-lâi,用來
iōng-la̍t,用力
iōng-liau,用料
iōng-ping,用兵
iōng-phín,用品
iōng-pn̄g,用飯
iōng-sim,用心
iōng-tē,用地
iōng-tio̍h,用著
iōng-tôo,用途
iōng-tōo,用度
iōng-ui,揚威
io-ni-bó,邀奶母
io-ni-ê,邀奶的
io-pau,腰包
io-sin,腰身
io-tháng,腰桶
io-tuà,腰帶
io-tuā,邀大
io-tóo,腰肚
io-tōo-phè,腰肚帕
ip-lé,揖禮
i-puat,衣缽
i-sing,醫生
i-sing-kuán,醫生館
i-si̍t,衣食
i-siu-kûn,衣收裙
i-sū,依序
i-sū,醫事
i-su-huat,醫師法
i-su-lân,伊斯蘭
i-su̍t,醫術
it,乙
it,壹
it,萬
i̍t,一
it-bī,一味
it-bué,一尾
it-bo̍k,一目
it-tsá,一早
it-tsài,一再
it-tsik,一則
it-tshè,一切
it-tshiú,一手
it-tshuàn-hông,一串紅
it-tsīn,一盡
it-gí,一語
it-giân-tông,一言堂
it--gue̍h,一月
it-hai,一痎
it-hi,乙烯
it-hio̍h-tsháu,一葉草
it-hiòng,一向
it-iû,一流
it-jī-pênn,一字平
it-khài,一概
it-kí,一己
it-kí,一舉
it-ki-hiong,一枝香
it-ki-hiunn,一枝香
it-ki-hue,一枝花
it-kín,一緊
it-kuàn,一貫
it-kú-á,一久仔
it-lâi,一來
it-lám-pió,一覽表
it-lia̍p-it,一粒一
it-liû,一流
it-liû-suí,一流水
it-lu̍t,一律
it-pá-tsua,一把抓
it-pit-sîng,一筆成
it-puann,一般
it-puann-sìng,一般性
it-sè,一世
it-sik,一色
it-sing,一生
it-sóo-khong,一掃空
it-tài,一帶
it-tàn,一旦
it-tan-hó,一丹好
it-tíng,一等
it-tíng-hó,一等好
it-tíng-it,一等一
it-tīng,一定
it-thé,一體
it-thóng,一統
it-tì,一致
it-tì-sìng,一致性
it-tiám-hông,一點紅
it-tiau,一朝
it-tiâu-kin,一條根
it-tio̍h,憶著
it--tio̍h,it著
it--tio̍h,憶著
it-tiōng-hông,一丈紅
it-ti̍t,一直
it-ti̍t-kàu,一直到
it-tó-tsuí,一倒水
it-tó-hó,一度好
it-tó-it,一度一
iu,幽
iu,釉
iu,優
iú,友
iú,有
iú-ài,友愛
iú-tsâi,有才
iú-tsîng,友情
iú-tshíng,有請
iú-tsì,有志
iú-tsì-tsiá,有志者
iú-tsōo,有助
iú-ik-tī,有益tī
iú-ìng-kong,有應公
iú-gī,友誼
iú-hāi,有害
iú-hān,有限
iú-hàu,有孝
iú-hàu-kiánn,有孝囝
iú-hi̍k,誘惑
iú-hīng,有幸
iú-hiān,有限
iú-hó,友好
iú-ì,有意
iú-iân,有緣
iú-jī,誘餌
iú-jiám,有染
iú-khuì,有愧
iú-ki-bu̍t,有機物
iú-kuái,誘拐
iú-kuan,有關
iú-kong,有功
iú-lâng,誘人
iú-lī,有利
iú-miâ,有名
iú-pang,友邦
iú-sat,誘殺
iú-sîng,有成
iú-sî,酉時
iú-siânn,誘餳
iú-siān,友善
iú-si-kuann,有司官
iú-sim-jîn,有心人
iú-suànn,有線
iú-sóo,有所
iú-sū,有事
iú-thài-lâng,猶太人
iú-tō,有道
iú-uî,有為
iù,幼
iù-bah,幼肉
iù-biâu,幼苗
iù-bua̍h,幼末
iù-tsâng,幼叢
iù-tsiam-tsí,幼針黹
iù-tsínn,幼tsínn
iù-tsio̍h-á,幼石仔
iù-enn,幼嬰
iù-hio̍h,幼葉
iù-huè,幼貨
iù-huî,幼瓷
iù-iâm,幼鹽
iù-iù,幼幼
iù-jî,幼兒
iù-jī,幼膩
iù-kang,幼工
iù-kàu,幼教
iù-kíng,幼景
iù-khá,幼巧
iù-khang-khuè,幼工課
iù-khang-khuè,幼空課
iù-khí-ê,幼齒的
iù-kiánn,幼囝
iù-kin,幼根
iù-kut,幼骨
iù-lia̍p-á,幼粒仔
iù-lia̍p-mi̍h,幼粒物
iù-lōo,幼路
iù-lūn,幼嫩
iù-mī,幼麵
iù-mī-mī,幼麵麵
iù-mn̂g,幼毛
iù-mn̂g-ke,幼毛雞
iù-mn̂g-mn̂g,幼毛毛
iù-nî,幼年
iù-nńg,幼軟
iù-pháng-pháng,幼紡紡
iù-phuê,幼皮
iù-phuê-liāu,幼皮料
iù-sai,幼獅
iù-sap-sap,幼屑屑
iù-se,幼紗
iù-sè,幼細
iù-sit,幼穡
iù-siù,幼秀
iù-siù-mi̍h,幼秀物
iù-tī,幼稚
iù-tī-hn̂g,幼稚園
iù-to-tsio̍h,幼刀石
iù-tông,幼童
iû,由
iû,油
iû,游
iû,猶
iû,遊
iû,鈾
iû-ap,油壓
iû-bah,油肉
iû-ba̍k,油墨
iû-bîn,遊民
iû-bo̍k,油木
iû-bo̍k,游牧
iû-but-but,油粅粅
iû-tsāi,由在
iû-tsāi-guá,由在我
iû-tsāi-i,由在伊
iû-tsāi-lâng,由在人
iû-tsāi-lí,由在你
iû-tsáu,游走
iû-tsáu,遊走
iû-tsénn,油井
iû-tsìng,郵政
iû-tshai,郵差
iû-tshài,油菜
iû-tshài-hue,油菜花
iû-tshân,油田
iû-tshang,油蔥
iû-tshang-ke,油蔥粿
iû-tshat,油漆
iû-tshat-kang,油漆工
iû-tshat-sai,油漆師
iû-tshe,郵差
iû-tshîng,油松
iû-tshia,油車
iû-tshia-kué,油車粿
iû-tshiúnn,油廠
iû-tshńg,油串
iû-tsho,油臊
iû-tshok,郵戳
iû-tsi,油脂
iû-tsiā-ke,油炸粿
iû-tsia̍h-ke,油食粿
iû-tsia̍h-kué,油炙粿
iû-tsia̍h-kué,油食粿
iû-tsuá,油紙
iû-tsu,游資
iû-tsu,郵資
iû-tsuí,油水
iû-tsún,遊隼
iû-íng,游泳
iû-íng-khòo,游泳褲
iû-íng-tî,游泳池
iû-gē,遊藝
iû-guán,遊玩
iû-guân,猶原
iû-ha̍k,遊學
iû-hîng,遊行
iû-hì,遊戲
iû-hî,油魚
iû-hio̍h-lâm,油葉楠
iû-hio̍h-tê,油葉茶
iû-hn̂g,遊園
iû-huē,郵匯
iû-huē-kio̍k,郵匯局
iû-hue-á,油花仔
iû-huì,郵費
iû-î,由於
iû-ian,油煙
iû-ìn,油印
iû-iû,油油
iû-kam-sun,油柑孫
iû-kán,郵簡
iû-káu,油垢
iû-ke,遊街
iû-kè,油價
iû-kik,游擊
iû-kik-tshiú,游擊手
iû-kik-tuī,游擊隊
iû-kheh,遊客
iû-khī,油柿
iû-khòng,油礦
iû-khòo,油庫
iû-khoo-piánn,油枯餅
iû-kî,尤其
iû-kî-hî,油旗魚
iû-kià,郵寄
iû-kia̍h-á,油舉仔
iû-kiānn,郵件
iû-kio̍k,郵局
iû-kiú,悠久
iû-ko,油膏
iû-kuàn-tshia,油罐車
iû-kóng,油管
iû-kòo,郵購
iû-kuì,油桂
iû-kuī,油櫃
iû-la̍h-tshiū,油臘樹
iû-lâi,由來
iû-lám,遊覽
iû-lám-tshia,遊覽車
iû-lân-hue,油蘭花
iû-lap-lap,油邋邋
iû-le̍h-le̍h,油le̍h-le̍h
iû-lī,游離
iû-liah,油跡
iû-liāu,油料
iû-lo̍k-hn̂g,遊樂園
iû-lo̍k-tiûnn,遊樂場
iû-lûn,油輪
iû-lūn,油潤
iû-lut-lut,油肭肭
iû-mé,油蜢
iû-mn̂g,油門
iû-muâ,油麻
iû-uân,猶原
iû-uē,油畫
iû-pak,遊北
iû-pau,郵包
iû-phiò,郵票
iû-pn̄g,油飯
iû-pò,郵報
iû-pòo,油布
iû-sam,油杉
iû-san-kíng,遊山景
iû-sé-sé,油洗洗
iû-siunn,油箱
iû-siúnn,遊賞
iû-suann,遊山
iû-suann-hue,遊山花
iû-suat,遊說
iû-tái,油tái
iû-tái,油滓
iû-ta̍k,油濁
iû-tak-tak,油濁濁
iû-tâng,油桐
iû-ta̍p-ta̍p,油沓沓
iû-tê,油茶
iû-ting,油燈
iû-tha,猶他
iû-thài,猶太
iû-tháng,油桶
iû-tháng,郵桶
iû-thíng,遊艇
iû-thiu-á,油抽仔
iû-thuah,油獺
iû-tiám-tsháu,油點草
iû-tiánn,油鼎
iû-tiān,郵電
iû-tia̍p-hue,遊蝶花
iû-tiâu,油條
iû-tiong,由衷
iû-tuà,油帶
iû-tông,油桐
iû-tông-tshiū,油桐樹
iū,又
iū,釉
iū-á,柚仔
iū-á-tshiu,柚仔樹
iū-á-jîn,柚仔仁
iū-i̍k,右翼
iū-hā,右下
iū-kha,右腳
iū-koh,又閣
iū-pîng,右旁
iū-phài,右派
iū-siāng,右上
iu-ak,優渥
iu-bi̍k,幽默
iu-bí,優美
iu-būn,憂悶
iu-tsîng,幽情
iu-tshiû,憂愁
iu-huē,幽會
iu-hōo,優厚
iu-huī,優惠
i-ui,蛜蝛
iu-î,優於
iu-ia̍h,優易
iu-iông,憂容
iu-iông,懮容
iu-jiû,優柔
iu-kat-kat,憂結結
iu-khuat-tiám,優缺點
iu-kiú,悠久
iu-lîng,幽靈
iu-liâng,優良
iu-lia̍t,優劣
iu-mn̂g,幽門
iunn,秧
iúnn,iúnn
iúnn,養
iúnn-bó,養母
iúnn-tshī,養飼
iúnn-tsuí,舀水
iúnn-ê,養個
iúnn-pē,養父
iûnn,羊
iûnn,洋
iûnn,烊
iûnn,陽
iûnn,溶
iûnn,鎔
iûnn-á,羊仔
iûnn-á-kiánn,羊仔囝
iûnn-á-sái,羊仔屎
iûnn-bah,羊肉
iûnn-bó,羊母
iûnn-buê,楊梅
iûnn-buê-tsìng,楊梅症
iûnn-buê-tshng,楊梅瘡
iûnn-tshang,洋蔥
iûnn-tsi̍h-tshiū,羊舌樹
iûnn-tsiú,洋酒
iûnn-tsiùnn-tsiùnn,烊醬醬
iûnn-tsong,洋裝
iûnn-hâng,洋行
iûnn-hiân-khîm,洋絃琴
iûnn-hîn,羊眩
iûnn-hîn,羊癇
iûnn-hīnn,瘍耳
iûnn-huè,洋貨
iûnn-ho̍k,洋服
iûnn-ian,洋菸
iûnn-jio̍k-kuì,洋肉桂
iûnn-ji̍p,溶入
iûnn-kái,溶解
iûnn-kak,羊角
iûnn-kak-tsháu,羊角草
iûnn-kak-tshì,羊角刺
iûnn-kak-hong,羊角風
iûnn-kak-hong,羊角瘋
iûnn-kak-lē,羊角麗
iûnn-kak-tāu,羊角豆
iûnn-kak-tîn,羊角藤
iûnn-kang,羊公
iûnn-káng,羊犅
iûnn-káng-tshì,羊犅刺
iûnn-káng-tshī,羊犅市
iûnn-káng-tshiu,羊犅鬚
iûnn-khì,溶去
iûnn-khì,煬去
iûnn-khì,鎔去
iûnn--khì,溶去
iûnn-khòng-lôo,溶焢爐
iûnn-kim-hue,楊金花
iûnn-ko,羊哥
iûnn-ko,羊羔
iûnn-ko,羊糕
iûnn-ko-bīn,羊羔面
iûnn-ko-hiàn,羊羔hiàn
iûnn-ko-hiû,羊羔裘
iûnn-kóng-sai,蛘廣西
iûnn-kong-tshiu,羊公鬚
iûnn-kong-hiàn,羊公hiàn
iûnn-kong-tāu,羊公豆
iûnn-koo,洋菇
iûnn-kôo-kôo,烊糊糊
iûnn-lâu,洋樓
iûnn-ling-thâu,羊奶頭
iûnn-mn̂g,羊毛
iûnn-muâ,楊麻
iûnn-muî-thô,楊梅桃
iûnn-nî,羊年
iûnn-pâng,洋房
iûnn-phang-kue,洋芳瓜
iûnn-pôo-sai,蛘蜅西
iûnn-siûnn,溶瘍
iûnn-som,洋參
iûnn-tài-tsháu,羊帶草
iûnn-tài-lâi,羊帶來
iûnn-tê,羊蹄
iûnn-tê-kah,羊蹄甲
iûnn-thâu,羊頭
iûnn-thô,羊桃
iûnn-thô,楊桃
iûnn-tn̂g,羊腸
iûnn-tô,楊桃
iūnn,樣
iūnn-phín,樣品
iūnn-pún,樣本
iūnn-sik,樣式
iūnn-siùnn,樣相
iunn-ā,iunn-ā
iu-ngá,幽雅
iu-ngá,優雅
iu-ua̍t,優越
iu-ua̍t-sìng,優越性
iu-sing,優生
iu-sìng,優勝
iu-sì,優勢
iu-sian,優先
iu-sim,憂心
iu-siong,憂傷
iu-siù,優秀
i-u̍t,依聿
iu-tíng,優等
iu-thāi,優待
iu-thâm-hue,優曇花
iu-tiám,優點
iu-ut,懮鬱
jik--khì,jek去
jik--kuè,jek過
jí,jí
jí-á,子仔
jì-phuh,吉普
jì-puh,吉甫
jî,兒
jî,茹
jî-āu,而後
jî-bué,而尾
jî-bué-tshiú,而尾手
jî-tsháng-tsháng,茹冗冗
jî-tsháng-tsháng,茹氅氅
jî-tshik,如廁
jî-tshiánn,而且
jî-tshú,如此
jî-tsó,如左
jî-guā,而外
jî-guān,如願
jî-hā,如下
jî-hì,兒戲
jî-hô,如何
jî-í,而已
jî-ì,如意
jî-it,如一
jî-ká-ká,茹絞絞
jî-kà-kà,茹kà-kà
jî-kî,如期
jî-kim,如今
jî-kó,如果
jî-kòo,如故
jî-lâi,如來
jî-siāng,如上
jî-siông,如常
jî-tông,如同
jî-tông,兒童
jî-tông-tsiat,兒童節
jī,二
jī,字
jī,貳
jī,餌
jī-ba̍k,字目
jī-ba̍k-tshián,字目淺
jī-ba̍k-tshim,字目深
jī-bó,字母
jī-bōo,字幕
jī-tsáinn,二指
jī-tshai,字猜
jī-tshiú,二手
jī-tshut-lâng,二出人
jī-tsiá,二者
jī-tsuá,字紙
jī-tsuá-láng,字紙籠
jī-tsuan,二專
jī-tsuí,二水
jī-gán,字眼
jī-gī,字義
jī-guân,二元
jī-guân,字源
jī-hîng,字形
jī-hîng,字型
jī-hō,字號
jī-hù,二副
jī-hun-tshin,二婚親
jī-iân-tshe,二緣妻
jī-im,字音
jī-iūnn,字樣
jī-jiah,字跡
jī-káu-àm,二九暗
jī-káu-mê,二九暝
jī-ki̍k-thé,二極體
jī-kì,字據
jī-kù,字句
jī-kut,字骨
jī--lâi,二來
jī-lâm,二藍
jī-lōo-huè,二路貨
jī-lōo-sai,二路司
jī-luí-tshiú,二壘手
jī-luī,字彙
jī-miâ,字名
jī-nn̂g,膩瓤
jī-nn̂g-iû,膩瓤油
jī-uē,字畫
jī-ue̍h,字劃
jī-pâng,二房
jī-pat-liân,二八年
jī-peh,二伯
jī-pîng,字爿
jī-pîng,字旁
jī-phāng-lāi,字縫內
jī-phiat-tshiu,二撇鬚
jī-pí,二比
jī-puè,字輩
jī-pōo-tsè,二部制
jī-sái,字屎
jī-sènn,字姓
jī-sìnn,字姓
jī-só,二嫂
jī-sòo,字數
jī-tíng-huè,二等貨
jī-thiap,字帖
jī-tián,字典
jī-tiâu,字條
jī-ui̍h,字劃
jī-ûn,字勻
jī-ūn,字運
jia,遮
jiá,惹
jiá-tshut,惹出
jiá-ē,惹禍
jiá-hué,惹火
jiá-khang,惹空
jiá--lâi,惹來
jiá-sū,惹事
jiá-sū-tuan,惹事端
jiá-tāi-tsì,惹代誌
jia-àm,遮暗
jia-bīn,遮面
jia-tsa̍h,遮閘
jiah,跡
jia-hong,遮風
jia-hōo,遮雨
jia-iám,遮掩
jia-im,遮蔭
jia-ji̍t,遮日
jia̍k,弱
jia-khàm,遮khàm
jia-khàm,遮勘
jia-kiàn-siàu,遮見笑
jiak-khù,jiak-khù
jia-kng,遮光
jiám,染
suan-jiám,渲染
jiám-tsáinn,染指
jiám-tsíng,染整
jiám-iú,染有
jiám-liāu,染料
jiám-pēnn,染病
jiám-sik,染色
jiám-sik-thé,染色體
jiám--tio̍h,染著
jiám-tio̍h-pēnn,染著病
jia-muâ,遮瞞
jiân-āu,然後
jiân-iû,燃油
jiân-khí,燃起
jiân-liāu,燃料
jiân-sio,燃燒
jiáng,嚷
jia̍p,廿
jia̍t,熱
jia̍t-ài,熱愛
jia̍t-ba̍k,熱目
jia̍t-tsîng,熱情
jia̍t-tshī,熱市
jia̍t-tshiat,熱切
jia̍t-tshù-lí,熱處理
jia̍t-tsiàn,熱戰
jia̍t-hiat,熱血
jia̍t-ho-ho,熱熇熇
jia̍t-khì,熱氣
jia̍t-kông,熱狂
jia̍t-kuì,熱季
jia̍t-kún-kún,熱滾滾
jia̍t-li̍k,熱力
jia̍t-lîng,熱能
jia̍t-liāng,熱量
jia̍t-lia̍t,熱烈
jia̍t-luân,熱戀
jia̍t-lo̍k,熱絡
jia̍t-luī,熱淚
jia̍t-mn̂g,熱門
jia̍t-pēnn,熱病
jia̍t-phu̍t-phu̍t,熱phu̍t-phu̍t
jia̍t-phut-phut,熱撲撲
jia̍t-pu̍t-phu̍t,熱勃勃
jia̍t-sìng,熱性
jia̍t-sìng-tē,熱性地
jia̍t-sîng,熱誠
jia̍t-sià,熱瀉
jia̍t-sim,熱心
jia̍t-sim-tn̂g,熱心腸
jia̍t-sin,熱身
jia̍t-sò,熱燥
jia̍t-sò-sò,熱燥燥
jia̍t-suànn,熱線
jia̍t-tài,熱帶
jia̍t-thǹg-thǹg,熱燙燙
jia̍t-tiánn,熱鼎
jia̍t-tiâu,熱潮
jia̍t-tiong,熱中
jia̍t-tiong,熱衷
jia̍t-tiûnn,熱場
jia̍t-tōo,熱度
jiáu,爪
jiáu,擾
jiáu-á,爪仔
jiáu-bîn,擾民
jiáu-gê,爪牙
jiáu-luān,擾亂
jiáu-tōng,擾動
jiàu,抓
jiàu-á,抓仔
jiàu-tsiūnn,jiàu癢
jiàu-tsiūnn,抓癢
jiàu-pê-á,jiàu耙仔
jiàu-pê-á,抓扒仔
jiàu-phuà,jiàu破
jiàu-thâu-khak,jiàu頭殼
jiâu,jiâu
jiâu,饒
jiâu-á,鱙仔
jiâu-á-hî,鱙仔魚
jiâu-hûn,jiâu痕
jiâu-hûn,皺痕
jiâu-hûn,縐痕
jiâu-jī,饒裕
jiâu-jiâu,皺皺
jiâu-jū,饒裕
jiâu-miā,饒命
jiâu-peh-peh,皺扒扒
jiâu-peh-peh,皺擘擘
jiâu-phè-phè,皺帕帕
jiâu-phiàn-phiàn,皺遍遍
jiâu-phué-phué,jiâu-phué-phué
jiâu-phuê,jiâu皮
jiâu-piàn,饒變
jiâu-sù,饒恕
jiâu-tik,皺竹
jiâu-tông,皺桐
jiâu-un,鱙
ji̍h,ji̍h
ji̍h-phuà,ji̍h破
ji̍h-tiān-lîng,ji̍h電鈴
ji̍h-tiān-lîng,捏電鈴
ji̍h-tiàu,捏吊
ji̍h-tiàu-kuí,捏吊鬼
jím,忍
jím-bē-tiâu,忍bē-tiâu
jím-jio̍k,忍辱
jím-khì,忍氣
jím-nāi,忍耐
jím-sìng,忍性
jím-sim,忍心
jím-siū,忍受
jím-thiànn,忍痛
jím-tong-hue,忍冬花
jím-tong-tîn,忍冬藤
jîm,jîm
jîm,壬
jîm-tshut,撏出
jîm-tsînn,撏錢
jîm-hóo-tsi̍h,撏虎舌
jīm,任
jīm-bat,認bat
jīm-bīng,任命
jīm-bián,任免
jīm-bū,任務
jīm-tsit,任職
jīm-hô,任何
jīm-ì,任意
jīm-iōng,任用
jīm-kàu,任教
jīm-kháu-king,認口供
jīm-kî,任期
jīm-lāi,任內
jīm-sìng,任性
jīm-sū,任事
jīm-tông,認同
jīm-uî,認為
jîn,人
jîn,仁
jîn-á-piánn,仁仔餅
jîn-ài,仁愛
jîn-ài-lōo,仁愛路
jîn-bīng,人命
jîn-bīng-àn,人命案
jîn-biān-tik,人面竹
jîn-bîn,人民
jîn-bîn-pè,人民幣
jîn-bōng,人望
jîn-bú,仁武
jîn-bûn,人文
jîn-bu̍t,人物
jîn-bu̍t-uē,人物畫
jîn-tsâi,人才
jîn-tsâi,人材
jîn-tsè,人際
jîn-tsik,人跡
jîn-tsíng,人種
jîn-tsìng,人證
jîn-tsîng,人情
jîn-tsîng-tsè,人情債
jîn-tshing,人稱
jîn-tshì-tshang,仁刺蔥
jîn-tshiú,人手
jîn-tshù,人次
jîn-tsióng,人種
jîn-tsit,人質
jîn-tsō,人造
jîn-tsú,人主
jîn-tsû,仁慈
jîn-gī,仁義
jîn-hái,人海
jîn-hing,仁兄
jîn-hîng-tō,人行道
jîn-hô,人和
jîn-huān,人犯
jîn-ian,人煙
jîn-iân,人緣
jîn-iau,人妖
jîn-jī-tshé,人字扯
jîn-jîn,人人
jîn-jîn-jîn,仁仁仁
jîn-kan,人間
jîn-kang,人工
jîn-ke,人家
jîn-ke-tshù,人家厝
jîn-keh,人格
jîn-keh-tsiá,人格者
jîn-ke-lâng,人家人
jîn-kháu,人口
jîn-khì,人氣
jîn-kí,仁杞
jîn-kia̍t,人傑
jîn-kuân,人權
jîn-kûn,人群
jîn-kut-tsuâ,仁骨蛇
jîn-li̍k,人力
jîn-li̍k-tshia,人力車
jîn-luī,人類
jîn-lûn,人倫
jîn-má,人馬
jîn-uân,人員
jîn-uân,人猿
jîn-pau,人胞
jîn-phîng,人評
jîn-phín,人品
jîn-phoh,仁粕
jîn-sam,人參
jîn-sè,人世
jîn-sing,人生
jîn-sìng,人性
jîn-sing-kuan,人生觀
jîn-sim,人心
jîn-sim,人參
jîn-sim,人蔘
jîn-sim-tshîng,人蔘榕
jîn-sin,人身
jîn-siōng,人像
jîn-suán,人選
jîn-som,人參
jîn-som,人蔘
jîn-sòo,人數
jîn-sū,人士
jîn-sū,人事
jîn-sū-tshù,人事處
jîn-sū-sik,人事室
jîn-suī,人瑞
jîn-tik,仁德
jîn-ting,人丁
jîn-thé,人體
jîn-thiok,人畜
jîn-tiâu,人潮
jîn-tiong,人中
jîn-tō,人道
jîn-uî,人為
jīn-tshò,認錯
jīn-tsin,認真
jīn-gōng,認戇
jīn-hūn,認分
jīn-hūn,認份
jīn-king,認供
jīn-lāu,認老
jīn-lōo,認路
jīn-miā,認命
jīn-sik,認識
jīn-siàu,認數
jīn-sue,認衰
jīn-su,認輸
jiō,尿
jiō-tshuì,尿嘴
jiō-tsū-á,尿tsū仔
jiō-i̍k,尿液
jiō-hôo,尿壺
jiō-kho,尿科
jiō-kín,尿緊
jiō-kin-á,尿巾仔
jiō-kńg,尿管
jiō-kóo,尿鈷
jiō-ôo,尿壺
jiō-pha,尿脬
jiō-phè,尿帕
jiō-pih,尿鱉
jiō-puī,尿蜚
jiō-táu,尿斗
jiō-tē,尿袋
jiō-tháng,尿桶
jiō-tō,尿道
jio̍h,弱
jiok,jiok
jiok,迮
jio̍k,虐
jio̍k,弱
jio̍k-á-khàm,褥仔khàm
jio̍k-tsiá,弱者
jio̍k-gán,肉眼
jio̍k-kuì,肉桂
jio̍k-sì,弱勢
jio̍k-sin,肉身
jio̍k-sió,弱小
jio̍k-thé,肉體
jio̍k-tiám,弱點
jiok-tsa-bóo,迮查某
jiok-tsînn,迮錢
jióng,嚷
jióng-huah,嚷喝
jióng-mē,嚷罵
jióng-nāu,嚷鬧
jiông,絨
jiông-hue-tshiū,絨花樹
jiông-ke,絨雞
jiông-pòo,絨布
jiông-sann,絨衫
jiōng-pōo,讓步
jiōng-tōo,讓渡
jiōng-ú,讓與
jip,jip
ji̍p,入
ji̍p-bê,入迷
ji̍p-bîn,入眠
ji̍p-bo̍k,入木
ji̍p-bū,入霧
ji̍p-bûn,入門
ji̍p-tsat,入札
ji̍p-tsi̍k,入籍
ji̍p-tshâ,入柴
ji̍p-tshiau,入超
ji̍p-tshim,入侵
ji̍p-tshiu,入秋
ji̍p-tshiú,入手
ji̍p-tshù,入厝
ji̍p-tshuì,入嘴
ji̍p-tshun,入春
ji̍p-tsn̄g,入狀
ji̍p-tsú,入主
ji̍p-tsuí,入水
ji̍p-ha̍k,入學
ji̍p-hē,入夏
ji̍p-hīnn,入耳
ji̍p-huē,入會
ji̍p-hōo-kháu,入戶口
ji̍p-ì,入意
ji̍p-iânn,入營
ji̍p-īnn,入院
ji̍p-káng,入港
ji̍p-kàu,入教
ji̍p-ke-kah,入家甲
ji̍p-kíng,入境
ji̍p-kháu,入口
ji̍p-khì,入去
ji̍p-khòo,入庫
ji̍p-kuan,入棺
ji̍p-koh,入閣
ji̍p-kóo,入股
ji̍p-kut,入骨
ji̍p-lâi,入來
ji̍p-lê-tiān,入螺鈿
ji̍p-liām,入殮
ji̍p-mn̂g,入門
ji̍p-ngóo,入伍
ji̍p-ní,入耳
ji̍p-o̍h,入學
ji̍p-pún-lâng,日本人
ji̍p-sè,入世
ji̍p-si̍k,入席
ji̍p-siann,入聲
ji̍p-siàu,入數
ji̍p-sîn,入神
ji̍p-sin-tshù,入新厝
ji̍p-suann,入山
ji̍p-suán,入選
ji̍p-sún,入榫
ji̍p-tang,入冬
ji̍p-tê,入題
ji̍p-the̍h,入宅
ji̍p-thóo,入土
ji̍p-thôo,入土
ji̍p-tiânn,入呈
ji̍p-tiûnn,入場
ji̍p-tiûnn-kǹg,入場券
ji̍p-tóng,入黨
ji̍p-uî,入圍
ji̍p-ūn,入運
ji̍t,日
ji̍t-á,日仔
ji̍t-á-sian,日仔先
ji̍t-àm,日暗
ji̍t-āu,日後
ji̍t-beh-àm,日欲暗
ji̍t-beh-tàu,日欲晝
ji̍t-bueh-lo̍h,日欲落
ji̍t-bueh-tàu,日欲晝
ji̍t-bûn,日文
ji̍t-tshing-phōo,日清簿
ji̍t-tshioh--tio̍h,日奭著
ji̍t-tshiu,日鬚
ji̍t-tshut,日出
ji̍t-tshut-sîn,日出辰
ji̍t-tsí,日子
ji̍t-tsí-tôo,日子圖
ji̍t-tsì,日誌
ji̍t-tsiàu,日照
ji̍t-tsiò,日照
ji̍t-tsiong-kî,日章旗
ji̍t-ik,日益
ji̍t-gí,日語
ji̍t-gîn,日銀
ji̍t-gua̍t-gán,日月眼
ji̍t-gue̍h,日月
ji̍t-hânn-oo,日懸烏
ji̍t-hânn-suann,日懸山
ji̍t-hiánn-oo,日哧烏
ji̍t-huánn,日幻
ji̍t-hue,日花
ji̍t-huè,日貨
ji̍t-iā,日夜
ji̍t-iánn,日影
ji̍t-iōng-phín,日用品
ji̍t-ji̍t,日日
ji̍t-ji̍t-tshun,日日春
ji̍t-kan,日間
ji̍t-kan-pōo,日間部
ji̍t-kha,日腳
ji̍t-khan,日刊
ji̍t-khoo,日箍
ji̍t-kì,日記
ji̍t-kì-phōo,日記簿
ji̍t-kì-siàu,日記數
ji̍t-kî,日期
ji̍t-kiōng,日共
ji̍t-kng,日光
ji̍t-kong,日光
ji̍t-kong-ting,日光燈
ji̍t-kui,日規
ji̍t-kun,日軍
ji̍t-lāi-uā,日內瓦
ji̍t-li̍k,日曆
ji̍t-lī,日利
ji̍t-lo̍h,日落
ji̍t-lo̍h-sin,日落申
ji̍t-mê,日暝
ji̍t-uân,日圓
ji̍t-oo--lâi,日烏來
ji̍t-pan,日班
ji̍t-pè,日幣
ji̍t-pò,日報
ji̍t-pô,日婆
ji̍t-pún,日本
ji̍t-pún-lâng,日本人
ji̍t-pún-muâ,日本鰻
ji̍t-pún-sam,日本杉
ji̍t-sam,日杉
ji̍t-sî,日時
ji̍t--sî,日時
ji̍t-siā-pēnn,日射病
ji̍t-sin,日新
ji̍t-siong,日商
ji̍t-siông,日常
ji̍t-sit,日蝕
ji̍t-si̍t,日食
ji̍t-tàu,日晝
ji̍t-tàu-āu,日晝後
ji̍t-tàu-tsîng,日晝前
ji̍t-tàu-pn̄g,日晝飯
ji̍t-tàu-tàu,日晝晝
ji̍t-tàu-tǹg,日晝頓
ji̍t-thâu,日頭
ji̍t-thâu-hue,日頭花
ji̍t-thâu-kng,日頭光
ji̍t-thâu-kong,日頭公
ji̍t-thâu-tàu,日頭晝
ji̍t-thâu-té,日頭短
ji̍t-tì-le̍h,日戴笠
ji̍t-tiong-tàu,日中晝
ji̍t-tng-khiā,日當徛
ji̍t-tng-kiā,日當崎
ji̍t-tuì-tiong,日對中
jiû,jiû
jiû,柔
jiû,揉
jiû-bí,柔美
jiû-tsîng,柔情
jiû-hî,柔魚
jiû-hî,鰇魚
jiû-hô,柔和
jiû-jio̍k,柔弱
jiû-nńg,柔軟
jiû-sìng,柔性
jiû-sin-khu,揉身軀
jiû-sin-khu,揉身驅
jiû-thôo-kha,揉土腳
jiû-tō,柔道
juā,偌
juā-á,偌仔
juā-á-nī,偌仔呢
juā-tsáinn-iūnn,偌怎樣
juā-tsē,偌儕
juā-tsē,偌濟
juā-hó,偌好
juā-kuâinn,偌懸
juā-kú,偌久
juā--ní,偌爾
juā--ní-á,偌爾仔
juā-nī,偌呢
juā-tāng,偌重
juā-tuā,偌大
jua̍h,熱
jua̍h-á-pòo,熱仔布
jua̍h-hip-hip,熱翕翕
jua̍h-hut-hut,熱沸沸
jua̍h-kat-á,熱結仔
jua̍h-khì,熱去
jua̍h-kún-kún,熱滾滾
jua̍h-lâng,熱人
jua̍h--lâng,熱人
jua̍h-pòo,熱布
jua̍h-sann,熱衫
jua̍h-ta̍k,熱毒
jua̍h-ta̍k,熱篤
jua̍h-ta̍k-ta̍k,熱毒毒
jua̍h-ta̍k-thinn,熱毒天
jua̍h-tak-tak,熱篤篤
jua̍h-tang,熱冬
jua̍h-thinn,熱天
jua̍h-thinn-sann,熱天衫
jua̍h-tio̍h,熱著
jua̍h--tio̍h,熱著
juán,juán
juê,jê
juê,揉
juê-sí,揉死
juē,芮
juē,蚋
juē,銳
juē-kiám,銳減
jú,汝
jú,愈
jú-bó,乳母
jú-kue,乳瓜
jú-lâi-jú,愈來愈
jú-miâ,乳名
jû,茹
jû-ha̍k,儒學
jû-ka,儒家
jû-kà-kà,茹絞絞
jû-kàu,儒教
jû-khuài,愉快
jû-kông-kông,茹狂狂
jû-kùn,儒艮
jû-liām,茹唸
jû-luān,茹亂
jû-ngá,儒雅
jû-sù-bāng,茹絮夢
jū,裕
jū-uî,喻為
jùn,蠕
jūn,韌
jūn,潤
jūn-gue̍h,閏月
jūn-huè,論歲
jūn-ji̍t,閏日
jūn-ku̍t,潤滑
jūn-ku̍t-iû,潤滑油
jūn-phuê,韌皮
jūn-piánn,潤餅
jūn-piánn-kauh,潤餅kauh
jūn-thn̂g,潤糖
jūn-thôo,潤土
ka,加
ka,家
ka,葭
ka,鉸
ka,膠
ká,絞
ká,賈
ká-tshia,絞車
ká-tsià,假借
ká-tsiap,絞汁
ká-tsioh,假借
ká-tsong,假裝
ká-ē,豈會
ká-hiah-kî,豈赫奇
ká-hiah-sue,豈赫衰
ká-hó,豈好
ká-ká-kún,絞絞滾
ká-khiàng,豈khiàng
ká-ki,假肢
ká-kî,豈奇
ká-kî,假期
ká-kún,絞滾
ká-mī-hún,絞麵粉
ká-ná,假那
ká-ná,假若
ká-nā,假若
ká-sik,假釋
ká-siat,假設
ká-sin-niû,攪新娘
ká-sióng-ti̍k,假想敵
ká-sue,ká衰
ká-sú,假使
ká-tīng,假定
ká-thiànn,絞疼
ká-tn̂g-sua,絞腸痧
kà,kà
kà,校
kà,教
kà-tsing,教精
kà-tsheh,教冊
kà-tshia,軋車
kà-tshia,駕車
kà-tsiàu,駕照
kà-gū,駕馭
kà-ji̍t,假日
kà-khí,架起
kà-khò,教課
kà-kî,假期
kà-kuai,教乖
kà-lok-lok,kà漉漉
kà-phiò,架票
kà-sái-puânn,駕駛盤
kà-sī,教示
kà-sú,駕駛
kà-sú-tsiá,駕駛者
kà-sú-lâng,駕駛人
kà-sú-uân,駕駛員
kà-sú-puânn,駕駛盤
kà-thong-thong,kà湯湯
kā,kā
kā,咬
ka-tsáu,蟉蚤
kā-tsáu,蟉蚤
kā-tshuì,咬嘴
kā-tsia̍h,咬食
kā-tsi̍h,咬舌
kā-tsńg-kah,咬指甲
kā-gê,咬牙
kā-i,kā伊
kā-i,給伊
kā-im,咬音
kā-kā-kiò,kā-kā叫
kā-kā-kún,kā-kā滾
kā-kā-kún,絞絞滾
kā-kâinn,咬個
kā-kam,咬甘
kā-káu,咬狗
kā-khí,咬齒
kā-kin,咬根
kā-kûn,咬群
kā-lâng,共人
kā-lâng-káu,咬人狗
kā-lâng-niau,咬人貓
kā-lâng-tiau,共人刁
kā--leh,咬leh
kā-lī,咬字
kā-phang,咬芳
kā-phuà,咬破
kā-phuà-pòo,咬破布
kā-sí-sí,咬死死
kā-siū,咬siū
kā-tiānn,咬定
kā-tiâu-tiâu,咬椆椆
ka-ap,加壓
ka-bîng,加盟
ka-bián,嘉勉
ka-bó,家母
ka-bua̍h-tshài,茄茉菜
ka-bóng,加網
ka-bû,加誣
ka-bū,家務
ka-bū-sū,家務事
ka-bûn,家門
ka-tsài,佳哉
ka-tsài-bô,佳在無
ka-tsâi,家財
ka-tsa̍k,咳浞
ka-tsa̍p,加十
ka-tsáu,虼蚤
ka-tsáu-báng,家蚤蚊
ka-tsáu-khùn,家蚤睏
ka-tsê,虼蠐
ka-tsê,家齊
ka-tsê,蟉蠐
ka-tsē,ka-tsē
ka-tsìng,家政
ka-tshah,加插
ka-tshài,加菜
ka-tshài-kim,加菜金
ka-tshiú,家醜
ka-tshiùnn,咳啾
ka-tsì,茭tsì
ka-tsî,嘉
ka-tsiah,胛脊
ka-tsiah-āu,胛脊後
ka-tsiah-kut,胛脊骨
ka-tsián,鉸剪
ka-tsián-bî,鉸剪眉
ka-tsián-tsháu,鉸剪草
ka-tsián-tsò,鉸剪做
ka-tsián-í,鉸剪椅
ka-tsián-thâng,ka剪蟲
ka-tsiat,佳節
ka-tsióng,嘉獎
ka-tsua̍h,ka-tsua̍h
ka-tsua̍h,蟉蠽
ka-tsua̍h-tsháu,蟉蠽草
ka-tsua̍h-si̍t,蟉蠽翅
ka-tsuan,家專
ka-tsuē,ka-tsuē
ka-tsuē,交睡
ka-tsok,佳作
ka-tso̍k,家族
ka-tsui,鳩鵻
ka-tsui,鵁隹
ka-tsui,鵁鵻
ka-tsui-á,鵁鵻仔
ka-tsui-ba̍k,鵁鵻目
ka-gī,嘉義
ka-gī-kuān,嘉義縣
ka-gia̍p,家業
kah,kah
kah,甲
kah,夾
kah,到
kah,佮
kah,教
kah,袷
kah,鉀
kah,裌
kah,蓋
ka̍h,甲
ka̍h-ka̍h-kiò,嘎嘎叫
ka̍h-ka̍h-kún,嘎嘎滾
kah-á,裌仔
ka-hāi,加害
kah-ba̍k,合目
kah-bī,合味
kah-tsân,夾層
kah-tshah,合插
kah-tshah,夾插
kah-tsham,合參
kah-tshuì,合嘴
kah-tsí,甲子
kah-tsí-hî,甲子魚
kah-ê,夾的
ka-hing,嘉興
ka-hîng,鵁
kah-ha̍h,甲笚
kah-hó,既好
ka-hí,嘉許
kah-ì,甲意
kah-ì,合意
kah-ì,愜意
ka-hiong,家鄉
kah-kah-kún,嘎嘎滾
kah-kíng,合景
kah-ki,合枝
kah-kuà,合掛
kah-lâng-ê,合人個
kah-m̄-sī,kah-m̄是
kah-ná,假那
ka-hn̂g,家園
ka-hô,嘉禾
ka-hong,家風
ka-hōo,加護
kah-phuē,蓋被
kah-pinn,甲邊
kah-sik,合色
kah-sik,夾色
kah-sik,佮色
kah-sî,合時
kah-sī,甲是
kah-sī,既是
kah-sian,甲仙
kah-siang-á,夾雙仔
kah-sim-bah,胛心肉
kah-tíng,甲等
kah-thán-á,蓋毯仔
kah-tn̂g,甲長
ka-hū,家父
ka-huì,家費
ka-huī,嘉惠
kai,皆
kai,階
kai,該
kái,改
kái,解
kái,骱
ka-í,加以
kái-bé,解碼
kái-bé-khì,解碼器
kái-būn,解悶
kái-tsè,改制
kái-tsìng,改正
kái-tshái,解彩
kái-tshò,改錯
kái-tsìn,改進
kái-tsit,解職
kái-tsiú,改酒
kái-tsiú,解酒
kái-tsō,改造
kái-tsong,改裝
kái-tsoo,改組
kái-eh,解厄
kái-giâm,解嚴
kái-guî,解危
kái-hâng,改行
kái-hiòng,改向
kái-hòng,解放
kái-hòng-kun,解放軍
kái-hun,改薰
kái-hun,解燻
kái-hun,解薰
kái-î,改移
kái-iok,解約
kái-jia̍t,解熱
kái-jia̍t-io̍h,解熱藥
kái-jīm,改任
kái-kik,改革
kái-kik-phài,改革派
kái-khǹg,解勸
kái-khuàn,解勸
kái-khuì,解氣
kái-kî,改期
kái-kiáu,解儌
kái-kìm,解禁
kái-kiù,解救
kái-kuan,改觀
kái-kuat,解決
kái-kòo,解雇
kái-kòo,解僱
kái-koo-thé,解姑體
kái-liâng,改良
kái-liâng-tiûnn,改良場
kái-miâ,改名
kái-uānn,改換
kái-phìng,解聘
kái-phian,改編
kái-phò,解剖
kái-phuànn,改判
kái-phóo,解剖
kái-phòo,解剖
kái-piàn,改變
kái-pinn,骱邊
kái-pinn-kut,骱邊骨
kái-puânn,骱盤
kái-sàn,解散
kái-sàng,解送
kái-sau,解騷
kái-sik,解析
kái-sik,解釋
kái-sik-tōo,解析度
kái-sîng,改成
kái-siān,改善
kái-sim-būn,解心悶
kái-sim-guān,解心願
kái-sió,改小
kái-suán,改選
kái-sue,解衰
kái-sueh,解說
kái-tap,解答
kái-tìng,改訂
kái-thé,解體
kái-thiànn,解疼
kái-thuat,解脫
kái-tî,解除
kái-tiāu,改掉
kái-tō,改道
kái-to̍k,解毒
kái-to̍k-tse,解毒劑
kái-tòng,解凍
kái-tôo,改途
kái-uî,改為
kái-uî,解圍
kái-ut,解鬱
kài,介
kài,戒
kài,改
kài,屆
kài,界
kài,概
kài,蓋
kài-bīn,介面
kài-bīn-khah,介面卡
kài-bua̍h,芥末
kài-tshân,kài田
kài-tsí,戒子
kài-tsí,界址
kài-tsiong,蓋章
kài-tsit,介質
kài-tsit,鈣質
kài-tsiú,戒酒
kài-giâm,戒嚴
kài-guân,解元
kài-hān,界限
kài-hó,蓋好
kài-huâi,介懷
kài-hué-tsháu,戒火草
kài-hōo,戒護
kài-hun,戒燻
kài-ì,介意
kài-î,介於
kài-ian,戒煙
kài-it-tuā,蓋一大
kài-ji̍p,介入
kài-kuán,界管
kài-lua̍h,芥辣
kài-lo̍k-phóo,蓋洛普
kài-lóo,蓋滷
kài-muá,屆滿
kài-pâi,界牌
kài-pī,戒備
kài-pinn-kut,骱邊骨
kài-puânn,骱盤
kài-sî,屆時
kài-sian,蓋仙
kài-siāu,介紹
kài-siāu-jîn,介紹人
kài-siāu-sóo,介紹所
kài-sim,戒心
kài-sīn,戒慎
kài-suànn,界線
kài-sûn,界紃
kài-sûn,概紃
kài-tē-it,蓋第一
kài-tīng,界定
kài-tiāu,戒掉
kài-to̍k-sóo,戒毒所
ka-ia̍h,交易
ka-iam,加陰
ka-iam,交陰
ka-iam-kuânn,加陰寒
kai-bueh-sue,該欲衰
kai-tsài,該哉
kai-tsân,階層
kai-tshin,該親
kai-tsù-sí,該註死
kai-gî,皆宜
kai-jiân,該然
kai-kip,階級
ka-im,佳音
kàinn,kàinn
ka-ìn,加印
kâinn,kâinn
kai-pìnn,改變
kai-sí,該死
kai-ti,皆知
kai-tuānn,階段
kai-tong,該當
ka-iû,加油
ka-iû-tsām,加油站
ka-jia̍t,加熱
ka-jîn,佳人
ka-jîn,家人
ka-ji̍p,加入
ka-ji̍p-kū,加入舊
kak,kak
kak,角
kak,桷
kak,攫
kak-á,角仔
kak-á,桷仔
kak-á-hî,角仔魚
ka-ka-á,咖咖仔
ka-kang,加工
ka-kang-tshiúnn,加工廠
ka-kang-gia̍p,加工業
ka-kang-khu,加工區
ka-kang-phín,加工品
ka-kàu,家教
kak-bîn,覺民
kak-tsang,角鬃
kak-tshài,角菜
kak-tshénn,覺醒
kak-tshia,角車
ka-kè,家計
kak-ing,角鷹
ka-kíng,家境
kak-gōo,覺悟
kak-hang,角魴
ka-kháng-hî,加孔魚
ka-khìng,嘉慶
ka--khí-lâi,加起來
kak-hî,角魚
kak-hî-hóo,角魚虎
ka-khuài,加快
kak-hue-á,角花仔
ka-khū,家具
ka-ki,家居
ka-kī,家己
ka-kī-iōng,家己用
ka-kī-lâng,家己人
ka-kī-o,家己呵
ka-kī-o,家己阿
ka-kī-po,家己褒
ka-kín,加緊
ka-kiông,加強
ka-kip,加給
kak-khí,角齒
kak-ki,桷枝
kak-kiû,角球
kak-mo̍oh,角膜
ka-kuàn,家眷
ka-kuân,加高
ka-kuân,加權
ka-kuan-bīn,加冠面
kak-phang,角蜂
kak-sik,角色
kak-sì,角勢
kak-sua,角鯊
kak-thâu,角頭
kak-thâu-tsio̍h,角頭石
kak-thn̂g,角糖
kak-tōo,角度
ka-kū,傢俱
ka-lâ-pa,加蚋吧
ka-la̍h,嘉
ka-la̍h-hî,鮫鰳魚
ka-lak,加轆
ka-lak,耞轆
ka-la̍k,交落
ka-lâm,嘉南
ka-lâm-tsiáu,伽藍鳥
ka-la̍uh,交落
ka-la̍uh-tsím,交落枕
ka-la̍uh-tsuí,交落水
ka-la̍uh-sin,交落身
ka-la̍uh-the,交落胎
ka-lé,傀儡
ka-lé,嘉禮
ka-lé-hì,傀儡戲
ka-lé-kha,傀儡腳
ka-lē,佳麗
ka-líng-sún,加冷損
ka-līng,鵁鴒
ka-līng,鵁閵
ka-lí,佳里
ka-lí,咖哩
ka-lí-hì,嘉禮戲
ka-lí-hún,咖喱粉
ka-lián-phak,交輦覆
ka-lo̍h-tsài,佳落哉
ka-lôo-á,嘉鱸仔
ka-lún-sún,交懍恂
ka-lûn,加侖
kam,甘
kam,柑
kam,疳
kam,監
kám,kám
kám,咁
kám,敢
kám,感
kám,篢
kám-á,kám仔
kám-á-huè,kám仔貨
kám-á-tiàm,kám仔店
kám-àn-ne,咁按呢
kám-tsîng,感情
kám-tshái,敢彩
kám-tshiok,感觸
kám-ē,咁會
kám-ē,豈會
kám-ē,敢會
kám-ē-īng,敢會用
kám-ē-sái,敢會使
kám-ìng,感應
kám-ìng-khì,感應器
kám-giân,感言
kám-hó,咁好
kám-huà,感化
kám-huâi,感懷
kám-huè,貨
kám-ho̍k,感服
kám-hong,感風
kám-in,感恩
kám-in-tsiat,感恩節
kám-jiám,感染
kám-jîn,感人
kám-kah,敢甲
kám-kài,感介
kám-kak,感覺
kám-kak-tio̍h,感覺著
kám-kánn-thang,敢敢通
kám-kik,感激
kám-khài,感慨
kám-kuan,感官
kám-kóng,敢講
kám-m̄,豈m̄
kám-m̄-sī,敢m̄是
kám-mōo,感冒
kám-phuè,感佩
kám-phoo,舖
kám-sái-tio̍h,敢使著
kám-sìng,感性
kám-sī,豈是
kám-siā,感謝
kám-sim,感心
kám-siong,感傷
kám-sióng,感想
kám-siū,感受
kám-siū-tio̍h,感受著
kám-suah,敢煞
kám-sú-tuī,敢死隊
kám-thàn,感嘆
kám-thang,敢通
kám-thâu,頭
kám-tio̍h,敢著
kám--tio̍h,感著
kám-tio̍h-hong,感著風
kám-tōng,感動
kám-tóo,肚
kám-ū,敢有
kám-ū-iánn,咁有影
kàm,淦
kàm,監
kàm,贛
kàm-ah,監押
kàm-tsè,監製
kàm-tshat,監察
kàm-tshat-īnn,監察院
kàm-tshat-jîn,監察人
kàm-tshat-uân,監察員
kàm-tshik,監測
kàm-tshi,監試
kàm-tsō,監造
kàm-hōo,監護
kàm-hōo-jîn,監護人
kàm-ìn,監印
kàm-īnn,監院
kàm-kang,監工
kàm-khó,監考
kàm-kuán,監管
kàm-la̍p,鑒納
kàm-lí,監理
kàm-phiò,監票
kàm-pia̍t,鑑別
kàm-sik,鑑識
kàm-sī,監視
kàm-sī-khì,監視器
kàm-sióng,鑑賞
kàm-sū,監事
kàm-tīng,鑑定
kàm-tok,監督
kàm-uí,監委
kâm,含
kâm-tûn,含唇
kam-á,甘仔
kam-á,柑仔
kam-á-bi̍t,柑仔蜜
kam-á-tsiap,柑仔汁
kam-á-hî,甘仔魚
kam-á-hî,柑仔魚
kam-á-sik,柑仔色
kam-á-tit,柑仔得
kam-bí,甘美
kam-bī,甘味
kam-tsik,疳積
kam-tshng,疳瘡
kam-tshó,甘草
kam-tsià,甘蔗
kam-tsià-tsiap,甘蔗汁
kam-tsià-hn̂g,甘蔗園
kam-tsià-phoh,甘蔗粕
kam-tsio,甘蕉
kam-guān,甘願
kam-hî,魽魚
kam-iû,甘油
kam-kik,甘菊
kam-khóo,甘苦
kam-kiat,甘結
kam-kiat,柑桔
kam-lîm,甘霖
kam-lōo,甘露
kam-nái-ti̍k,甘迺迪
kam-n̂g,柑黃
kam-phuê,柑皮
kam-puânn-hue,柑盤花
kam-sim,甘心
kam-siok,甘肅
kam-suah,甘煞
kam-tē,甘地
kam-tinn,甘甜
kan,奸
kann,監
kán,kán
kánn,敢
kán,繭
kánn-á-sun,囝仔孫
kán-bān,簡慢
kán-bîng,簡明
kán-tshing,簡稱
kánn-tsiah--ní,敢即呢
kán-tsiong,簡章
kánn-ē,敢會
kán-huà,簡化
kán-ī,簡易
kán-iàu,簡要
kán-jīm,簡任
kán-kài,簡介
kánn-kánn,敢敢
kán-kiat,簡潔
kánn-kóng,敢講
kán-lia̍k,簡略
kánn-m̄,敢m̄
kánn-m̄-sī,敢m̄是
kánn-mn̄g,敢問
kánn-nā,敢但
kánn-nā-sī,敢若是
kán-pī,kán婢
kán-piān,簡便
kán-pò,簡報
kán-pò-sik,簡報室
kán-poo-tsē,柬埔寨
kánn-sái,敢使
kánn-sái-tio̍h,敢使著
kán-síng,簡省
kán-síng-siá,簡省寫
kánn-sí,敢死
kánn-sī,敢是
kánn-sī-ā,敢是啊
kán-siá,簡寫
kánn-sū,敢有
kán-tan,簡單
kán-té,簡短
kán-thé-jī,簡體字
kánn-tio̍h,敢著
kàn,幹
kànn,酵
kàn-á,蜆仔
kànn-bó,酵母
kàn-tsiap,間接
kàn-hioh-sìng,間歇性
kàn-kha-tshng,姦尻川
kàn-kiāu,姦撟
kàn-liān,幹練
kàn-pōo,幹部
kàn-suànn,幹線
kàn-sū,幹事
kàn-tia̍p,間諜
kàn-tō,幹道
kânn,kainn
kânn,kânn
kânn,含
kânn-tè-tsò,含塊做
kan-á,矸仔
kan-á,橄仔
kan-á-tshài,矸仔菜
kan-á-kuà,矸仔蓋
ka-ná-tāi,加拿大
kan-áu,乾嘔
kan-tsà,奸詐
kan-tsìng,干政
kan-tsìng,干證
kan-tsìng,乾證
kan-tsîng,姦情
kan-tsha̍t,奸賊
kan-tsia̍h,干食
kan-tsiam,干針
kan-eh,乾呃
kang,工
kang,公
kang,功
kang,江
kang,崗
kang,綱
káng,港
káng,耩
káng,講
káng-bīn-tsú,講面子
káng-bū,港務
káng-bū-kio̍k,港務局
káng-tshī,港市
káng-tshuì,港嘴
káng-tsō,講座
káng-tsuá,港紙
káng-gī,講義
káng-ha̍k,講學
káng-hô,講和
káng-ián,講演
káng-ji̍p,購入
káng-kái,講解
káng-king,講經
káng-kíng,港警
káng-kha,港腳
káng-kháu,港口
káng-kînn,港墘
káng-kiú,港九
káng-kiù,講究
káng-kiû,講求
káng-kó,講稿
káng-lāi,港內
káng-lí,講理
káng-lōo,港路
káng-ò,港澳
káng-uân,港灣
káng-pè,港幣
káng-phîng,講評
káng-phiò,港票
káng-poo,港埠
káng-pōo,港埠
káng-sim,港心
káng-sim-ta,港心礁
káng-si̍p,講習
káng-si̍p-huē,講習會
káng-siū,講授
káng-suànn,港汕
káng-su,講師
káng-tâi,講台
káng-té-tē,港底地
káng-tn̂g,講堂
káng-tō,講道
káng-too,港都
kàng,kàng
kàng,降
kàng-ba̍k,kàng目
kàng-ba̍k-bué,kàng目尾
kàng-tsì,降至
kàng-tsit,降職
kàng-hā,降下
kàng-hué,降火
kàng-hué-khì,降火氣
kàng-hok,降幅
kàng-kàu,降到
kàng-kè,降價
kàng-kē,降低
kàng-kî,降旗
kàng-kip,降級
kàng-lo̍h,降落
kàng-lo̍h-suànn,降落傘
kàng-ú,降雨
kàng-un,降溫
kâng,仝
kâng-tsi̍t-iūnn,仝一樣
kâng-hâng,仝行
kâng-hō,仝號
kâng-khuán,仝款
kâng-luī,仝類
kâng-uân,行員
kâng-pîng,仝旁
kâng-puè,仝輩
kâng-sî,仝時
kâng-sim,共心
kâng-toh,仝桌
kâng-tóng,仝黨
kâng-tôo,仝途
kāng,kāng
kāng,共
kāng-bīn,共面
kāng-tsíng-thn̂g,共種傳
kāng-tsìng-thâu,共症頭
kāng-tshù-khiā,共厝徛
kāng-tshù-lāi,共厝內
kāng-tsi̍t-iūnn,共一樣
kāng-tsi̍t-ke,共一家
kāng-tsóng,共總
kāng-tsóo-sian,共祖先
kāng-iân,共沿
kāng-jī-sènn,共字姓
kāng-jī-siá,共字寫
kāng-jī-ûn,共字勻
kāng-kháu-tsàu,共口灶
kāng-khuán,共款
kāng-kuah,共葛
kāng-láng-thn̂g,共籠傳
kāng-lâng,共人
kāng-lōo,共路
kāng-miâ,共名
kāng-mn̂g,肛門
kāng-pak-lāi,共腹內
kāng-pan,共班
kāng-pâng-thâu,共房頭
kāng-phâng,共帆
kāng-phuānn,共伴
kāng-puè,共輩
kāng-sènn-á,共姓仔
kāng-siann-sàu,共聲嗽
kāng-sim,共心
kāng-sìnn,共姓
kāng-táng,共黨
kāng-thiāu,共祧
kāng-tiâu-tsuí,共條水
kāng-tīn,共陣
kāng-tôo,共途
kāng-ûn,共勻
kang-á-hî,江仔魚
kan-gāi,干礙
kann-ga̍k,監獄
ka-ngâu,佳餚
kang-bí-tsiú,江米酒
kang-bó,公母
kang-bó-thò,公母套
kang-bo̍k,綱目
kang-bóo,江某
kang-bóo-tsîng,江某松
kang-bū,工務
kang-bū-kio̍k,工務局
kang-tsîng,工情
kang-tshiáng,工廠
kang-tshiúnn,工廠
kang-tsînn,工錢
kang-tsit,工職
kang-tsuan,工專
kang-tsok,工作
kang-tsok-huē,工作會
kang-tsok-sik,工作室
kang-tsu,工資
kang-tsú-jîn,江子仁
kang-tsuí,江水
kang-gē,工藝
kang-gē-phín,工藝品
kang-gián-īnn,工研院
kang-gia̍p,工業
kang-gia̍p-huà,工業化
kang-gia̍p-kài,工業界
kang-gia̍p-khu,工業區
kang-gia̍p-kio̍k,工業局
kang-gia̍p-kok,工業國
kang-ha̍k-īnn,工學院
kang-hue,公花
kang-huē,工會
kang-hu,工夫
kang-hu,功夫
kang-hu-lâng,工夫人
kang-hu-pēnn,工夫病
kang-hu-té,功夫底
kang-iàu,綱要
kang-iâu-tsu,江珧珠
kang-iú,工友
kang-jiâu-tsu,江蟯珠
kang-kháu,江口
kang-kho,工科
kang-khuè,工課
kang-khòng,工礦
kang-khū,工具
kang-khū-ki,工具機
kang-kioh-á,工腳仔
kang-ko,公哥
kang-kū-tsheh,工具冊
kang-lâng,工人
kang-lî,江蘺
kang-liân,工聯
kang-liâu,工寮
kang-lo̍k,公鹿
kang-lûn,江輪
kang-ôo,江湖
kang-ping,工兵
kang-pit,工筆
kang-pōo,工部
kang-pún-huì,工本費
kang-san,江山
kang-se,江西
kang-se-síng,江西省
kang-sî,工時
kang-siong-gia̍p,工商業
kang-siong-kài,工商界
kang-soo,江蘇
kang-soo-síng,江蘇省
kang-sū,工事
kang-tāu,豇豆
kang-tē,工地
kang-tîng,工程
kang-thâu,工頭
kang-thâu,江頭
kang-tho̍k-sing,工讀生
kang-tiûnn,工場
kang-tóng,工黨
kang-tōo,茳芏
kang-uī,崗位
kan-hān,乾旱
kan-hē,干係
kan-hiông,奸雄
kan-hiông-pōo,奸雄步
kan-hiu,干休
kann-huān,監犯
kan-hue,干花
kan-hue,肝花
kan-hué,肝火
kan-hong-thai,乾風颱
kan-hu,姦夫
kan-hū,姦婦
kan-ī,干預
kan-îm,姦淫
kan-îm-lāu,姦淫瘺
kan-kan,干干
kan-kan-á,kan-kan仔
kan-kan-giàn,乾乾giàn
kan-kè,奸計
kan-kè,艱計
kan-kenn,干經
kan-khiáu,奸巧
kan-khóo,艱苦
kan-khóo-tsînn,艱苦錢
kan-khóo-kuè,艱苦過
kan-khóo-lâng,艱苦人
kan-khóo-senn,艱苦生
kan-khóo-sim,艱苦心
kan-khóo-té,艱苦底
kan-khóo-thiann,艱苦聽
kan-khùn,艱困
kan-kia̍t,乾竭
kan-ko,干戈
kan-kó,乾果
kan-kuái,奸拐
kan-kuè,干過
kan-kuè,艱過
kan-kù,艱鉅
kan-kuí,奸鬼
kan-lân,艱難
kan-lāu,干瘺
kan-liân,干連
kan-liáu,乾了
kann-lô,監牢
kan-lo̍k,干轆
kan-lo̍k,矸轆
kan-lo̍k,乾酪
kan-ná,橄仔
kann-ná,橄欖
kann-ná-tshiū,橄欖樹
kann-ná-hîng,橄欖形
kan-ná-kiû,橄仔球
kann-ná-sun,橄欖孫
kan-nā,干單
ka-nn̂g,加圇
ka-nn̂g,交崙
ka-nn̂g-thun,加圇吞
ka-nn̄g-ê,加圇個
kan-oo,干烏
kan-ping,乾冰
kan-pue,乾杯
kan-puè,干貝
kan-sat,姦殺
kan-sàu,乾嗽
kan-sé,乾洗
kan-sè,奸細
kan-sián,乾癬
kan-sia̍p,干涉
kan-sin,艱辛
kan-sîn,奸臣
kan-sîn-á,奸臣仔
kan-siong,奸商
kann-siû,監囚
kan-sò,乾燥
kan-ta,干ta
kan-ta,干單
kan-ta,干礁
kan-ta,乾凋
kan-ta-bueh,干礁欲
kan-ta-tshuah,乾焦chhoah
kan-ta-tshun,干單伸
kan-ta-giàn,乾凋giàn
kan-ta-kàu,干單到
kan-ta-khiàm,干單欠
kan-ta-kip,干礁急
kan-tann,kan-tann
kan-tann-ū,干單有
kan-ta-sī,干單是
kan-tāu,關渡
kan-ta-ū,乾凋有
kan-thai,乾颱
kan-tiān-tî,乾電池
kan-tia̍p,間諜
ka-uē,佳話
kap,kap
kap,及
kap,甲
kap,合
kap,夾
kap,鴿
ka̍p,ka̍p
ka̍p-tsia̍h,ka̍p食
ka̍p-tsia̍h,洽食
ka̍p-ka̍p-kiò,ka̍p-ka̍p叫
ka̍p-pâng,合房
ka̍p-siâu,ka̍p-siâu
kap-á,蛤仔
kap-á,鴿仔
kap-á-siû,蛤仔泅
kap-á-sua,鴿仔鯊
kap-á-tû,鴿仔櫥
ka-pan,加班
kap-ba̍k,敆目
kap-tsham,合參
kap-tsheh,合冊
kap-tsheh-tsuá,合冊紙
kap-tshuì,合嘴
kap-tshuì,佮嘴
kap-tshuì,敆嘴
kap-tsò-hué,合做夥
kap-tsò-hué,敆做夥
kap-tsuā,合迣
kap-tsuā,敆逝
kap-tsua̍h,合縒
kap-tsoh,敆作
kap-tsuí,合水
kap-ing,鴿鷹
ka-phài,加派
ka-phe,家批
ka-phiò,鉸票
ka-phuà-poo,加破埔
ka-phóo,家譜
kap-hóo-io̍h,合虎藥
kap-hûn,敆痕
ka-pi,咖啡
ka-pi-in,咖啡因
kap-io̍h,合藥
kap-io̍h-á,合藥仔
ka-pi-ok,咖啡屋
kap-io̍k,佮藥
ka-pi-sik,咖啡色
ka-pi-thiann,咖啡廳
ka-pi-tiàm,咖啡店
kap-kài,合界
kap-kài,蛤蚧
kap-káng,合港
kap-kuai,蛤蛙
kap-kuâi-á,蛤蛙仔
kap-kui-á,蛤kui仔
kap-lâ,蛤蜊
kap-lâu,合流
kap-lê,蛤螺
ka-pó,家寶
ka-pó-kue,嘉寶瓜
ka-pue,加貝
ka-puē,加倍
ka-po̍k-mî,吉貝棉
ka-pòo,膠布
ka-pòo-mî,加布棉
kap-pán,甲板
kap-pâng,合房
kap-phāng,合縫
kap-sè-kiánn,夾細囝
kap-suànn,合線
kap-suànn,佮線
kap-suànn,敆線
kap-sûn,敆紃
kap-tiâu,鴿牢
kap-tû,鴿廚
ka-sán,家產
ka-sàu,咳嗽
ka-se,袈裟
ka-sè,家世
ka-sik,家室
ka-sîng,加成
ka-siân,蟉蟬
ka-siāng,加上
ka-sin,加薪
ka-sio̍k,家屬
ka-siong,家商
ka-siông,家常
ka-sok,加速
ka-sòo,加數
ka-sū,家事
kat,結
ka-tann,枷擔
ka-tang,佳冬
ka-tang,茄苳
ka-tàng,家棟
ka-tang-tshiū,茄冬樹
ka-tang-tshiū,茄苳樹
ka-ta̍t,加值
kat-ba̍k-thâu,結目頭
kat-tshái,結彩
kat-tsua̍t,割絕
ka-ti̍k-sún,茄荻筍
ka-tik-sún,茄竹筍
ka-tîng,茄藤
ka-tîng,家庭
ka-thán-phak,尻坦覆
ka-thâu-mn̂g,鉸頭毛
ka-thiam,加添
ka-thiok,家畜
kat-hue-ting,結花燈
ka-tiann,茄朾
ka-tiānn,加定
ka-tiānn,交定
ka-tiān,家電
ka-tiān-gia̍p,家電業
ka-tîn-tshiū,茄藤樹
ka-tiunn,加張
ka-tiúnn,家長
ka-tiúnn-huē,家長會
kat-kiû,結球
kat-kui-khiû,結歸球
kat-lé,割禮
ka-tn̂g,加長
ka-tn̄g,鉸斷
ka-to,鉸刀
ka-tuā,加大
ka-to-thâng,ka刀蟲
kat-sí-kè,結死價
kat-thâu,結頭
kat-tiānn,結定
kat-tuān,割斷
kau,交
kau,郊
kau,溝
kau,鉤
kau,鮫
kau-ba̍k-bué,勾目尾
káu,九
káu,狗
káu,垢
káu-iô-bué,狗搖尾
káu-tuè-phuì,狗tuè屁
káu-á,狗仔
káu-á-kiánn,狗仔囝
káu-á-siû,狗仔泅
káu-á-thâng,狗仔蟲
káu-bah,狗肉
káu-bah-siàu,狗肉數
káu-ba̍k-á,九目仔
káu-bó,狗母
káu-bó-tsuâ,狗母蛇
káu-bó-e,狗母鍋
káu-bó-hî,狗母魚
káu-bó-ue,狗母鍋
káu-bó-so,狗母梭
káu-bó-soo,狗母蘇
káu-bó-tai,狗母秪
káu-bó-tāi,狗母駘
káu-bué-tsháu,狗尾草
káu-bué-hīng,狗尾莧
káu-bué-hue,狗尾花
káu-bué-sé,狗尾黍
káu-bué-tai,狗尾tai
káu-tsan,九層
káu-tsan,校欑
káu-tsàn-thah,九層塔
káu-tsat-á,九節仔
káu-tsat-hê,九節蝦
káu-tsat-hong,九節風
káu-tsat-liân,九節蓮
káu-tsat-niau,九節貓
káu-tsè,狡制
káu-tsè,狡詐
káu-tsik,狗脊
káu-tsí-muāi,狗姊妹
káu-tsi̍h,狗舌
káu-tsô,九槽
káu-gām-á,狗儑仔
káu--gue̍h,九月
káu-hiā,狗蟻
káu-hiā,蚼蟻
káu-hiā-siū,蚼蟻岫
káu-hiā-thah,蚼蟻塔
káu-hiā-tui,蚼蟻堆
káu-hîm,狗熊
káu-hue-tsio,狗花椒
káu-io,狗腰
káu-kā-hông,狗咬hông
káu-kā-hông,狗咬紅
káu-kam-á,狗甘仔
káu-kàn-pan,狗幹班
káu-kang,九江
káu-kang,狗公
káu-kàng-tsuí,九降水
káu-kàng-hong,九降風
káu-kàng-lâu,九降流
káu-kang-io,狗公腰
káu-kè,狡計
káu-ke̍h,口逆
káu-khang,狗空
káu-kháng,九孔
káu-kha-tê,狗腳蹄
káu-khê,狡椵
káu-khenn-á,狗坑仔
káu-khí,狗齒
káu-khí-á,狗齒仔
káu-khiat,狡譎
káu-kiánn,狗囝
káu-kioh,裹腳
káu-kuài,狡怪
káu-kuài,狡獪
káu-kuè,垢膾
káu-kuí,狡鬼
káu-kùn,狗棍
káu-kut-á,狗骨仔
káu-kut-tshì,狗骨刺
káu-lê-tshuì,狗螺嘴
káu-ling-tsháu,狗奶草
káu-lí-hiong,九里香
káu-liām-jû,狗唸茹
káu-liām-lōo,狗唸路
káu-lia̍p-bí,狗粒米
káu-liu-á,狗溜仔
káu-pàng-phuì,狗放屁
káu-peh-lâng,九八人
káu-pian,狗鞭
káu-piān,狡辯
káu-pit-tshîng,九筆榕
káu-puī,狗吠
káu-puī-luî,狗吠雷
káu-sái-kue,狗屎瓜
káu-sái-lê,狗屎螺
káu-sái-poo,狗屎埔
káu-sái-tē,狗屎地
káu-sái-ūn,狗屎運
káu-sat,狗蝨
káu-sìn-io̍h,九信藥
káu-sioh-phīnn,狗惜鼻
káu-siū,狗siū
káu-sua,狗鯊
káu-tah-hīnn,狗貼耳
káu-tîng-tshîng,九重榕
káu-tîng-tshiū,九重樹
káu-tîng-tshue,九重吹
káu-tîng-tshue,九重炊
káu-thâu-âng,狗頭紅
káu-thâu-tsa̍h,狗頭鍘
káu-thâu-ing,狗頭鷹
káu-thâu-tiau,狗頭鵰
káu-thiâu,九鮡
káu-thua,狗拖
káu-thua-á,狗拖仔
káu-thuah-á,狗獺仔
káu-thûn-á,狗豚仔
káu-tiâu,狗tiâu
káu-tuè-lōo,狗綴路
káu-tuè-sái,狗綴屎
kàu,到
kàu,校
kàu,夠
kàu,教
kàu-lo̍h-bué,到落尾
kàu-lōo-bué,到路尾
kàu-bué,到尾
kàu-bué--á,到尾仔
kàu-bué--lâi,到尾來
kàu-bū,教務
kàu-bū-tshù,教務處
kàu-bū-tiúnn,教務長
kàu-tsài,夠載
kàu-tsâi,教材
kàu-tsāi,到載
kàu-tsê,到齊
kàu-tsìng,校正
kàu-tshâi,教材
kàu-tshiú,到手
kàu-tshù,到厝
kàu-tsīn-pōng,到盡磅
kàu-tsit,到職
kàu-tsit,教職
kàu-tsit-uân,教職員
kàu-tsong,教宗
kàu-tsuí,夠水
kàu-gē,到詣
kàu-gī,教義
kàu-gia̍h,夠額
kàu-gue̍h,到月
kàu-ha̍k,教學
kàu-ha̍k-huat,教學法
kàu-hān,到限
kàu-huà,教化
kàu-huè,到歲
kàu-huè,教誨
kàu-huē,教會
kàu-hông,教皇
kàu-hū,教父
kàu-hun,夠分
kàu-hùn,教訓
kàu-iáng,教養
kàu-iáng-īnn,教養院
kàu-io̍k,教育
kàu-io̍k-hē,教育系
kàu-io̍k-ka,教育家
kàu-io̍k-kài,教育界
kàu-io̍k-kio̍k,教育局
kàu-io̍k-pōo,教育部
kàu-io̍k-thiann,教育廳
kàu-iú,教友
kàu-kah,到甲
kàu-kak,夠角
kàu-kang,夠工
kàu-kàu-mē,詬詬罵
kàu-kè-tsháu,到繼草
kàu-keh,夠格
kàu-ki̍k,夠極
kàu-ki̍k-kak,到極角
kàu-kìng,較勁
kàu-khám,到坎
kàu-khám,夠坎
kàu-khàm,到崁
kàu-kho-su,教科書
kàu-khū,教具
kàu-khuì,夠氣
kàu-kî,到期
kàu-kio̍k,教局
kàu-kuai,教乖
kàu-kuann,教官
kàu-kuân,教權
kàu-kui,教規
kàu-la̍t,夠力
kàu-li̍k,較力
kàu-liān,教練
kàu-uân,教員
kàu-ua̍t,校閱
kàu-phài,教派
kàu-pian,教鞭
kàu-pōng,夠磅
kàu-pún,到本
kàu-pún,夠本
kàu-sik,夠熟
kàu-sik,教室
kàu-si̍k,夠熟
kàu-si̍k-tsuí,夠熟水
kàu-sik-tsuí,到熟水
kàu-sî,到時
kàu-siū,教授
kàu-sóo-tsāi,到所在
kàu-su,教師
kàu-su-tsiat,教師節
kàu-tann,到tann
kàu-tann,到今
kàu-tann,到旦
kàu-tāng,夠重
kàu-té,到底
kàu-tè,到地
kàu-tìng,校訂
kàu-tîng,教廷
kàu-thang,夠通
kàu-thàu-té,到透底
kàu-thiám,夠殄
kàu-thiám-thâu,夠忝頭
kàu-thuân,教團
kàu-tiâu,教條
kàu-tn̂g,教堂
kàu-tō,教導
kàu-tuânn,教壇
kàu-tok,教督
kàu-tòng,夠擋
kàu-tuì,校對
kàu-uī,到位
kâu,猴
kâu-á,猴仔
kâu-bīn-ing,猴面鷹
kâu-bó,猴母
kâu-bō,猴帽
kâu-gín-á,猴囡仔
kâu-hê,猴蝦
kâu-huann-hí,猴歡喜
kâu-kang,猴公
kâu-kiunn,猴姜
kâu-ko,猴哥
kâu-kún,猴滾
kâu-lâng,猴人
kâu-lāng,猴弄
kâu-la̍t,猴栗
kâu-li̍k,猴栗
kâu-nî,猴年
kâu-penn,猴penn
kâu-san,猴山
kâu-san,猴猻
kâu-sîng,猴神
kâu-siàng,猴相
kâu-sîn,猴神
kâu-sńg,猴爽
kâu-tan-á,猴仃仔
kâu-thô-á,猴桃仔
kâu-ún,猴蚓
kāu,厚
kāu-bah,厚肉
kāu-bah-á,厚肉仔
kāu-bīn-kháng,厚面孔
kāu-bīn-phuê,厚面皮
kāu-bua̍h-tshài,厚茉菜
kāu-bông,厚濛
kāu-tsa̍t,厚實
kāu-tsìng-thâu,厚症頭
kāu-tse-tái,厚渣滓
kāu-tshau-huân,厚操煩
kāu-tshì,厚刺
kāu-tshiú-sio̍h,厚手液
kāu-tshuì-tsi̍h,厚嘴舌
kāu-tshuì-hue,厚嘴花
kāu-tshut-thâu,厚齣頭
kāu-tsiú,厚酒
kāu-giân-gí,厚言語
kāu-hīng,厚行
kāu-huân-ló,厚煩惱
kāu-hōo,厚雨
kāu-hōo-tsuí,厚雨水
kāu-hun,厚熏
kāu-hun,厚薰
kāu-hun-tshue,厚熏吹
kāu-jiō,厚尿
kāu-kang,厚工
kāu-khak-á,厚殼仔
kāu-khak-hî,厚殼魚
kāu-khak-ting,厚殼丁
kāu-kháu-tsi̍h,厚口舌
kāu-khiàn,厚掔
kāu-khiàn-sńg,厚掔損
kāu-khiàn-thâu,厚掔頭
kāu-khiò-tiō,厚徼兆
kāu-khue-hâi,厚詼諧
kāu-ki-hio̍h,厚枝葉
kāu-koo,厚菇
kāu-lé,厚禮
kāu-lé-sòo,厚禮數
kāu-lī,厚利
kāu-môo-pēnn,厚毛病
kāu-uē,厚話
kāu-uē-sái,厚話屎
kāu-pēnn,厚病
kāu-pēnn-thiànn,厚病痛
kāu-phiah,厚癖
kāu-phuê,厚皮
kāu-phuê-àng,厚皮甕
kāu-phuê-tshài,厚皮菜
kāu-phuê-hiunn,厚皮香
kāu-phuê-kui,厚皮kui
kāu-po̍h,厚薄
kāu-sái,厚屎
kāu-sann,厚衫
kāu-sìng-tē,厚性地
kāu-sim-su,厚心思
kāu-sim-sū,厚心思
kāu-sua-sap,厚沙屑
kāu-sū-lōo,厚事路
kāu-sū-sái,厚事屎
kāu-tāi-tsì,厚代誌
kāu-tê,厚茶
kāu-thâm,厚痰
kāu-thut-thut,厚thut-thut
kāu-tōo,厚度
kāu-tûn,厚唇
kāu-tut-tut,厚篤篤
kau-á,溝仔
kau-á,鉤仔
kau-âm,溝涵
kau-bué,交尾
kau-tsa-bóo,kau查某
kau-tsè,交際
kau-tsè-bú,交際舞
kau-tsîng,交情
kau-tshah,交插
kau-tsham,交參
kau-tsham,交摻
kau-tsham,交攙
kau-tshap,交插
kau-tshe-kháu,交叉口
kau-tshe-tiám,交叉點
kau-tshiâng,高長
kau-tshiu,交秋
kau-tshiú,交手
kau-tshun,交春
kau-tshut,交出
kau-tsí,交趾
kau-tsiam-tìng,交針釘
kau-tsiàn,交戰
kau-tsiap,交接
kau-tsi̍p,交集
kau-tsit,交織
kau-i̍k,交易
kau-i̍k-suè,交易稅
kau-i̍k-sóo,交易所
kau-gī,交誼
kau-gī-thiann,交誼廳
kau-guā,郊外
kauh,kauh
kauh,軋
ka̍uh,ka̍uh
ka̍uh-ka̍uh-liām,嗷嗷唸
kau-hîng,交
kau-hî,交魚
kau-hī-á,鉤耳仔
kau-hiáng-ga̍k,交響樂
kau-hiáng-khik,交響曲
kau-hīnn,鉤耳
kau-hīnn-tsiam,鉤耳簪
kau-hīnn-pê,鉤耳扒
kauh--kuè,kauh過
kauh-nā,kauh餡
kau-huân,交還
kau-huānn,溝岸
kau-huè,交貨
kau-huē,交會
kau-hong,交鋒
kau-hōo,交互
kauh-pênn,軋平
kauh-puî,餃肥
kauh-sí,轢死
kauh--sí,kauh死
kau-hù,交付
kau-í,交椅
kau-í,交與
kau-í-the,交椅the
kau-ín,勾引
kau-iú,交友
kau-iû,郊遊
kau-ka,交加
kau-kài,交界
kau-kài-tshù,交界處
kau-kâm,交唅
kau-kâm,交銜
kau-kânn,交含
kau-kat,交葛
kau-khânn,交銜
kau-khí,勾起
kau--khí-khì,交起去
kau-khu,郊區
kau-kiat,交結
kau-ki-liân,交枝連
kau-kînn,溝墘
kau-kuà,鉤掛
kau-kuah,交割
kau-kuah,交葛
kau-kuan,交關
kau-kōo,交怙
kau-lîng,蛟龍
kau-liâng-tsiú,高梁酒
kau-liâu,交聊
kau-liâu,交繚
kau-liû,交流
kau-nâ,鉤籃
kau-uānn,交換
kau-uānn-tshiú,交換手
kau-uānn-ki,交換機
kau-ok,交惡
kau-ong,交鶲
kau-óng,交往
kau-pài,交拜
kau-pe̍h-kuàn,交白卷
kau-penn,交拼
kau-phuà,鉤破
kau-phuà-jī,鉤破字
kau-pó,交保
kau-puânn,交盤
kau-puê,交陪
kau-sia̍p,交涉
kau-siàu,交數
kau-tài,交帶
kau-tāi,交大
kau-tāi,交代
kau-tâm,交談
kau-tang,勾當
kau-tàng,勾當
kau-ting,交釘
kau-thāi,交待
kau-thè,交替
kau-thong,交通
kau-thong,溝通
kau-thong-bāng,交通網
kau-thong-tshia,交通車
kau-thong-tshù,交通處
kau-thong-kio̍k,交通局
kau-thong-pōo,交通部
kau-tiānn,交定
kau-tiāng,交仗
kau-tînn,交纏
kau-tîn,鉤藤
kau--tio̍h,交著
ke,加
ke,改
ke,家
ke,街
ke,雞
ké,ké
ké,假
ké,解
ké,粿
ké-ba̍k-thâu,假目頭
ké-tsáng,假tsáng
ké-tsìng,假證
ké-tsing-kong,假精光
ké-tshau-piò,假鈔票
ké-tshiú,假手
ké-tshuah,假chhoah
ké-tshuì-khí,假嘴齒
ké-tshut-ga̍k,假出獄
ké-tsînn,假錢
ké-tsînn,粿錢
ké-tsīn-tsîng,假盡情
ké-tsiūnn-tsînn,假上諓
ké-tsò,假做
ké-tsō,假造
ké-tsû-pi,假慈悲
ké-tsuì,假醉
ké-ê,假的
ké-gâu,假gâu
ké-gâu,假
ké-gōng,假戇
ké-gōng-thuî,假戇槌
ké-hīng-tshài,假莧菜
ké-hio̍h,粿葉
ké-hó-gia̍h,假好額
ké-hó-sim,假好心
ké-hó-sue,假好衰
ké-huè,假貨
ké-hun-sòo,假分數
ké-ì,假意
ké-iánn,假影
ké-iànn,假佯
ké-jio̍k-kuì,假肉桂
ké-ka-tang,假茄苳
ké-kàu-lé,假夠禮
ké-king,假肩
ké-kha,假腳
ké-kha,椵腳
ké-khang,假空
ké-khàu-ah,假扣押
ké-khí,假齒
ké-khiân,假虔
ké-khiân-tshiò,假虔笑
ké-khiân-ì,假虔意
ké-khiàng,假khiàng
ké-khóo-kue,假苦瓜
ké-khùn,假睏
ké-kiān-kuai,假掔乖
ké-ki-lōo,假枝路
ké-kóo-phok,假古博
ké-kun-tsú,假君子
ké-lâng,假人
ké-láu-si̍t,假老實
ké-lāu-tuā,假老大
ké-mé,假猛
ké-miâ,假名
ké-mi̍h,假物
ké-pâi-ê,假牌個
ké-pān,假扮
ké-pâu,假包
ké-pâu,假袍
ké-phuà-pēnn,假破病
ké-phuê,假皮
ké-phok,假博
ké-sàn,假散
ké-sìng-jîn,假聖人
ké-sìng-lîn,假聖人
ké-sí,假死
ké-sian,假仙
ké-siann,假聲
ké-sian-ti,假先知
ké-siáu,假痟
ké-sim,假心
ké-siōng,假象
ké-suann,假山
ké-sueh,解說
ké-su-bûn,假斯文
ké-tâng,假童
ké-thâu-mn̂g,假頭毛
ké-thâu-moo,假頭毛
ké-tiám-tîn,假點陳
ké-tìnn,假tìnn
ké-tìnn-tshenn,假tìnn生
ké-tuā-pān,假大範
ké-ū-sim,假有心
kè,係
kè,架
kè,界
kè,疥
kè,計
kè,嫁
kè,價
kè,髻
kè-á,架仔
kè-ang,嫁翁
kè-bé,價碼
kè-bó,繼母
kè-bo̍k,價目
kè-bôo,計謀
kè-tsha,價差
kè-tshik,計策
kè-tshuā,嫁娶
kè-tsînn,價錢
kè-tsng,嫁妝
kè-tsng-tsînn,嫁妝錢
kè-tsú,繼子
kè-tsú-kiánn,繼子囝
kè-è,計會
kè-i̍k,計劃
kè-gī,計議
kè-hi̍k,計劃
kè-hi̍k-àn,計劃案
kè-hî,鱠魚
kè-hōo,嫁互
kè-hū,繼父
kè-huì,計費
kè-hun,計分
kè-jīm,繼任
kè-kàu,計較
kè-kè,計計
kè-kè,計價
kè-kik,價格
kè-kha,價腳
kè-khang,架空
kè-khì,過去
kè-khuán,價款
kè-kiānn,計件
kè-kiōng,計共
kè-kòo,架構
kè-lâng,嫁人
kè-lia̍k,計略
kè-mê,過暝
kè-uē,計畫
kè-uē,計劃
kè-uē-su,計劃書
kè-sîng,繼承
kè-sîng-jîn,繼承人
kè-sì,架勢
kè-sî,計時
kè-sî-khì,計時器
kè-siann,價聲
kè-sián,疥癬
kè-siāng,架上
kè-siat,架設
kè-siàu,價數
kè-sio̍k,繼續
kè-sǹg,計算
kè-sǹg-tshut,計算出
kè-sǹg-ki,計算機
kè-sòo,計數
kè-ta̍t,價值
kè-ta̍t-khuán,價值款
kè-ta̍t-kuan,價值觀
kè-tîng-tshia,計程車
kè-tì,計智
kè-uī,價位
kê,kê
kê,枷
kê-hî,鮭魚
kê--leh,kê--leh
kê-uē,kê話
kē,低
kē-tshù-á,低厝仔
kē-tsuí,低水
kē-tsu-thài,低姿態
kē-hā,低下
kē-hun,低分
kē-í,低椅
kē-î,低於
kē-im,低音
kē-im-kuán,低音管
kē-kai,低階
kē-kè,低價
kē-kha,下腳
kē-kha-káu,低腳狗
kē-khì-ap,低氣壓
kē-kóo,低估
kē-lo̍h,低落
kē-lōo,低路
kē-lōo-huè,低路貨
kē-lōo-sai,低路司
kē-nah,低nah
kē-o,低窩
kē-ôo,低湖
kē-sîng-pún,低成本
kē-tē,低地
kē-tîm,低沈
kē-un,低溫
ke-á,街仔
ke-á,雞仔
ke-á-ba̍k,雞仔目
ke-á-hî,雞仔魚
ke-á-hue,雞仔花
ke-á-kiánn,雞仔囝
ke-ah,雞鴨
ke-ah-á,雞鴨仔
ke-am,雞庵
ke-am,雞掩
ke-ānn,粿餡
ke-ang,雞翁
ke-āu,家後
ke-āu-jiáu,雞後爪
ke-bah,雞肉
ke-bâi,雞眉
ke-biang,雞盲
ke-bîn,雞眠
ke-bīn,街面
ke-bīn-tíng,街面頂
ke-bó,雞母
ke-bó-tshiū,雞母樹
ke-bó-tshuā,雞母tshuā
ke-bó-tsí,雞母子
ke-bó-tsu,雞母珠
ke-bó-phuê,雞母皮
ke-bó-siū,雞母岫
ke-bó-thâng,雞母蟲
ke-bué-tsui,雞尾椎
ke-bong,雞摸
ke-tse,雞災
ke-tsê-kin,雞齊根
ke-tseh-mê,雞睫暝
ke-tsing,雞精
ke-tshīng-sann,加穿衫
ke-tshī,街市
ke-tshim,加深
ke-tshuì,加嘴
ke-tshuì-tsi̍h,加嘴舌
ke-tshut-lâi,加出來
ke-tsí,瓜子
ke-tsí-liam,雞子拈
ke-tsí-tāi,雞子大
ke-tsi̍h-hông,雞舌hông
ke-tsím,雞枕
ke-tsin-hó,加真好
ke-tsin-kuì,加真貴
ke-tsió,加少
ke-tsió-á,加少仔
ke-tsiú,雞酒
ke-tsú,家主
ke-tsù,加註
ke-tsû-á,雞雛仔
ke-tsuí,加水
ke-ing,雞鷹
ke-gán,雞眼
ke-gia̍h,加額
keh,咯
keh,格
keh,莢
keh,隔
ke̍h,ke̍h
ke̍h,逆
ke̍h,竭
ke̍h-ba̍k,ke̍h目
ke̍h-tshiú,ke̍h手
ke̍h-hīnn,ke̍h耳
ke̍h-hong,ke̍h風
ke̍h-káu,ke̍h口
ke̍h-kha,ke̍h腳
ke̍h-khang,ke̍h空
ke̍h-kháu,ke̍h口
ke̍h-kô,ke̍h-kô
ke̍h-kuāinn,ke̍h-kuāinn
ke̍h-lān-kuāinn,ke̍h-lān-kuāinn
ke̍h-lí,ke̍h理
ke̍h-uē,ke̍h話
ke̍h-phiah,ke̍h癖
keh-á,格仔
keh-á,鍥仔
keh-á-tsuá,格仔紙
keh-á-hî,格仔魚
ke-hak,加hak
keh-àm,隔暗
keh-bah,膈肉
keh-bé,隔馬
keh-tsá-khí,隔早起
keh-tsi̍t-kang,隔一工
keh-tsua̍t,隔絕
ke-hē,家系
keh-ē-khang,膈下空
keh-ē-lang,膈下lang
ke-hing,雞胸
ke-hîng,雞雄
keh-hik,隔閡
ke-hî,雞魚
keh-im,隔音
ke-hiong-tîn,雞香藤
keh-jia̍t,隔熱
keh-ji̍t,隔日
keh-kài,隔界
keh-kang,隔工
keh-keh,咯咯
keh-king,隔間
keh-king-bah,隔間肉
keh-khui,隔開
keh-ki,膈肌
keh-kio̍k,格局
keh-lī,隔離
keh-mê,隔暝
keh-mê-pn̄g,隔暝飯
keh-nâ,格籃
keh-nî,隔年
keh-niau-sim,蕨貓心
ke-huân-ló,加煩惱
ke-hué,家伙
ke-hué-té,家伙底
ke-hué-thâu,傢伙頭
ke-hong,家風
keh-pak,隔腹
keh-piah,隔壁
keh-piah-tshù,隔壁厝
keh-piah-ke,隔壁家
keh-piah-uī,隔壁位
keh-sik,格式
keh-si̍t,膈食
keh-suann,隔山
keh-tang,隔冬
keh-tńg-àm,隔轉暗
keh-tńg-ji̍t,隔轉日
keh-tńg-kang,隔轉工
keh-tńg-mê,隔轉暝
keh-tńg-nî,隔轉年
keh-tńg-tang,隔轉冬
keh-uī,格位
ke-iû,雞油
ke-jiáu,雞爪
ke-jiáu-hong,雞爪瘋
ke-jiáu-lân,雞爪蘭
ke-jiáu-png,雞爪楓
ke-jiû,雞柔
ke-jiû,雞榆
ke-juā,加偌
kik,革
kik,格
kik,戟
kik,激
kik,擊
kik-bué-kháu,激尾口
kik-tuā-bué,激大尾
ki̍k,局
ki̍k,極
ki̍k,劇
ki̍k-bî-sè,極微細
ki̍k-tsē,極濟
ki̍k-tsîng,劇情
ki̍k-tsīn,極盡
ki̍k-tsió,極少
ki̍k-hān,極限
ki̍k-hîng,極刑
ki̍k-hó,極好
ki̍k-hù,極富
ki̍k-īnn,劇院
ki̍k-ka,極佳
ki̍k-kak,極角
ki̍k-ke,極加
ki̍k-khám,極坎
ki̍k-khang,極空
ki̍k-kî,極其
ki̍k-kuân,極權
ki̍k-li̍k,極力
ki̍k-lia̍t,劇烈
ki̍k-lo̍k,極樂
ki̍k-mn̂g,極門
ki̍k-phín,極品
ki̍k-pōo,極步
ki̍k-pún,劇本
ki̍k-put-ki̍k,極不極
ki̍k-táu,極倒
ki̍k-tē,極地
ki̍k-tíng,極頂
ki̍k-thâu,極頭
ki̍k-thuân,劇團
ki̍k-tì,極致
ki̍k-tiong,劇中
ki̍k-tiûnn,劇場
ki̍k-to,極多
ki̍k-tuan,極端
ki̍k-to̍k,劇毒
ki̍k-tōo,極度
ki̍k-uî,極為
ke-kah,家甲
ke-kah-phōo,家甲簿
ke-kak,圭角
ke-kak,雞角
ke-kak-á,雞角仔
ke-kak-tshì,雞角刺
ke-kak-kang,雞角公
ke-kak-kong,雞角公
ke-kak-sìng,雞角性
ke-kak-thai,雞角胎
ke-kang,加工
ke-kang,雞公
ke-kang-tshì,雞公刺
ke-kang-tshiū,雞公樹
ke-kang-thâu,雞公頭
ke-kàu,家教
kik-bīng,革命
kik-bīng-sìng,革命性
kik-tsîng,激情
kik-tshàu-bīn,激臭面
kik-tshut,擊出
kik-tsiàn,激戰
kik-tsìn,激進
kik-tsìn-phài,激進派
kik-tsiú,kek酒
kik-tsiú,激酒
kik-tsiūnn-tsînn,激上諓
kik-tsu-bui,激滋微
kik-tsuí,激水
ke-kè,雞髻
ke-kè-tshài,雞髻菜
ke-kè-hue,雞髻花
ke-kè-kńg,雞薊捲
ke-ke-kiò,ke-ke叫
ke-kíng,街景
kik-guā-guā,激外外
kik-guā-khuì,激外氣
kik-guā-phuê,激外皮
kik-gōng,激戇
kik-gōo-khang,激五空
ke-kha,雞腳
ke-kha-tsháu,雞腳草
ke-kha-tshng,雞尻川
ke-kha-tsio̍h,架腳石
ke-khah,加卡
ke-kha-jiáu,雞腳爪
ke-kha-kī,雞腳距
ke-kha-lân,雞腳蘭
ke-khàm,加khàm
ke-kháu,家口
kik-hīng,激行
ke-khì-lê,機器犁
ke-khì-tháng,機器桶
ke-khim-hing,雞襟胸
kik-huà,激化
kik-huâ-phùn,激華噴
kik-huat,激法
kik-huat,激發
kik-hue,菊花
kik-hué,激火
kik-hueh,激血
ke-khóo-khì,加苦氣
kik-hōo,激雨
kik-hùn,激憤
ke-kì-tî,雞記持
ke-kī,雞距
ke-kiám,加減
ke-kiám-hó,加減好
ke-kiám-kóng,加減講
ke-kiám-thiann,加減聽
ke-kiān,雞kiān
ke-kiān-mo̍oh,雞kiān膜
ke-kiò-kinn,雞叫更
kik-iông,激容
kik-iūnn,格樣
kik-ka,激膠
kik-kak,激角
kik-kan-sîn,激奸臣
kik-kan-tiân,激肝田
kik-kâu-kńg,激猴管
kik-kha,格腳
kik-khang,格空
kik-khang,激空
kik-khang-khuì,激空氣
kik-khí,激起
kik-khì,革去
kik-khì,激氣
kik-khiáu,激巧
kik-khuah-khì,激闊氣
kik-khuán,激款
kik-khue-hâi,激詼諧
kik-khong,格悾
kik-khòo-khòo,激khòo-khòo
kik-khuì,激氣
kik-khuì,擊潰
kik-khuì-khàu,激氣口
kik-khuì-thâu,激氣頭
kik-khùn-khùn,激睏睏
kik-ko,格高
kik-kuann-khuì,激官氣
kik-kông,激狂
kik-kóo,激古
kik-koo-pue,激孤飛
kik-kut,激骨
kik-kut-uē,激骨話
kik-la̍t,激力
kik-lē,激勵
kik-ling,激奶
kik-lia̍t,激烈
ke-kńg,雞管
kik-ngē,激硬
kik-ngóo-jîn,激五仁
kik-ni,激奶
ke-kuann,家官
ke-kuàn,家眷
ke-kuan-bo̍k,雞冠木
ke-kuan-hue,雞冠花
ke-kuè,雞髻
ke-kuè-hue,雞髻花
kik-uē-jîn,激話仁
ke-koh,加閣
ke-kong,雞公
ke-kóng-uē,加講話
kik-pāi,擊敗
kik-ping,激冰
kik-phài,激派
kik-phài-thâu,激派頭
kik-phî-phî,激皮皮
kik-phīnn,激鼻
kik-phuà,擊破
kik-piàn,激變
kik-piān,激辯
kik-sái,激屎
kik-sái-ku,激屎龜
kik-sái-tháng,激屎桶
kik-sak,革sak
kik-sí,激死
kik-sim,激心
kik-sīm-sīm,激侺侺
kik-sin,革新
kik-sin,格新
kik-siong,激傷
kik-sióng,激賞
kik-sip-sip,激濕濕
kik-sng,激霜
kik-sǹg,激算
kik-sng-á,激霜仔
kik-su,亟需
kik-sù-lio̍k,激四六
kik-tan-tiân,激丹田
kik-táu,激倒
kik-thâu-náu,激頭腦
kik-thé,格體
kik-thè,擊退
kik-thian-thian,激天天
kik-tî,革除
kik-tiām,激恬
kik-tiām-tiām,激恬恬
kik-tiâu,激條
kik-tiāu,格調
kik-tîm,擊沉
kik-tó,擊倒
kik-tuā,格大
kik-tuā-khang,激大空
kik-tuā-lōo,格大路
kik-tuā-phài,激大派
kik-tuā-tè,激大塊
kik-tōng,激動
kik-tōng,激盪
kik-tòo,格鬥
ke-kù,加句
ke-kui,雞kui
ke-kui-á,雞kui仔
ke-kui-sian,雞kui仙
ke-kut-hông,雞骨黃
ke-lāi,家內
ke-lāi-sit,家內穡
ke-lāi-sū,家內事
ke-lam,雞籠
ke-lang,雞籠
ke-lâng,基隆
ke-lâng-tshī,基隆市
ke-lâng-hô,基隆河
ke-lâng-káng,基隆港
ke-lâng-khi̍t,基隆杙
ke-lâng-sū,基隆嶼
ke-lang-phang,雞籠蜂
ke-lí,街裡
ke-liáu-kang,加了工
ke-luā,加偌
ke-lo-so,加囉嗦
ke-lôo,雞鱸
ke-lōo,街路
ke-mn̂g,雞毛
ke-mn̂g-tshíng,雞毛筅
ke-moo,雞毛
ke-môo-kâu,雞毛猴
ke-moo-tshíng,雞毛筅
kenn,kenn
kenn,更
kenn,庚
kenn,經
kenn,羹
kénn,骾
kénn-á,鯁仔
kénn-hî,鯁魚
kénn-kui,kénn-kui
kénn-kui,哽kui
kénn-tio̍h,哽著
kênn,kê
kênn--tio̍h,kênn著
ke-ná-hún,雞那粉
kenn-bāng,經網
king,弓
king,供
king,庚
king,肩
king,宮
king,間
king,經
kíng,揀
kíng,景
kíng,境
kíng,
kíng-bé,景美
kíng-bū,警務
kíng-bū-tshù,警務處
kíng-bu̍t,景物
kíng-tsìng,警政
kíng-tsìng-sū,警政署
kíng-tshat,警察
kíng-tshia,警車
kíng-tshun-ê,揀伸的
kíng-tshut,揀出
kíng-tsia̍h,揀食
kíng-tsóng,警總
kíng-gí,警語
kíng-gióng,景仰
kíng-guā,境外
kíng-gū,境遇
kíng-hó-ê,揀好的
kíng-hong,警方
kíng-hóng,景況
kíng-hóng,境況
kíng-jiân,竟然
kíng-kài,境界
kíng-kài,警戒
kíng-kài,警界
kíng-kài,警誡
kíng-kak,警覺
kíng-khì,景氣
kíng-kio̍k,警局
kíng-kò,警告
kíng-kuan,景觀
kíng-kuann,警官
kíng-kóng,警廣
kíng-kùn,警棍
kíng-lāi,境內
kíng-li̍k,警力
kíng-lîng,警鈴
kíng-uân,警員
kíng-uē,警衛
kíng-phín,景品
kíng-pī,警備
kíng-pī-tshia,警備車
kíng-pī-tuī,警備隊
kíng-pò,警報
kíng-pò-khì,警報器
kíng-sik,景色
kíng-sī,警示
kíng-sìn,警訊
kíng-siōng,景象
kíng-suán,揀選
kíng-sóo,警所
kíng-tē,境地
kíng-tik,景德
kíng-tik-tìn,景德鎮
kíng-thàm,警探
kíng-tì,景致
kíng-tì,景緻
kíng-tiúnn,警長
kìng,供
kìng,勁
kìng,敬
kìng-ài,敬愛
kìng-bōo,敬慕
kìng-tshing,敬稱
kìng-tshíng,敬請
kìng-tsiok,敬祝
kìng-tsiú,敬酒
kìng-gia̍p,敬業
kìng-gióng,敬仰
kìng-hong,勁風
kìng-ì,敬意
kìng-jiân,竟然
kìng-ka,更加
kìng-kánn,竟敢
kìng-khiân,敬虔
kìng-kóo,亙古
kìng-lé,敬禮
kìng-lê,警螺
kìng-lí,勁旅
kìng-ló,敬老
kìng-mi̍h,供物
kìng-nóo-huē,敬老會
kìng-phuè,敬佩
kìng-puē,敬佩
kìng-sài,徑賽
kìng-siā,敬謝
kìng-sîn,敬神
kìng-su,供需
kìng-ti̍k,勁敵
kìng-tiōng,敬重
kìng-tōo,競渡
kìng-uì,敬畏
kîng,窮
kîng-tshiah,窮赤
kîng-tshiah-tshiah,窮赤赤
kîng-tshiah-lâng,窮赤人
kîng-tsin,窮真
kîng-kuí,窮鬼
kīng,kīng
kīng,勁
kīng-ân,kīng-ân
kīng-āu,kīng後
kīng-tsing,競爭
kīng-tsing-tsiá,競爭者
kīng-tsing-li̍k,競爭力
kīng-tshiánn,更且
kīng-khui,kīng開
kīng-ki,競技
kīng-kiânn,競行
kīng-ki-tiûnn,競技場
kīng-kòo,競購
kīng-ku,拱龜
kīng-uá,kīng倚
kīng-pio,競標
kīng-sài,競賽
kīng-sio-uá,拱相倚
kīng-suán,競選
king-á,弓仔
king-á,間仔
king-á-té,間仔底
king-biō,宮廟
king-bōo,經貿
king-bûn,經文
king-tsè,經濟
king-tsè-hē,經濟系
king-tsè-pōo,經濟部
king-tsìng,更正
king-tshiú,經手
king-tshut,供出
king-tsìnn,弓箭
king-tsio,弓蕉
king-tsio,芎蕉
king-tsio,香蕉
king-tsio-tsâng,芎蕉欉
king-tsio-iû,弓蕉油
king-tsio-iû,芎蕉油
king-tsio-li̍k,弓蕉綠
king-tsio-li̍k,芎蕉綠
king-tsio-ông,芎蕉王
king-tsio-ping,芎蕉冰
king-tsio-sng,芎蕉霜
king-tsuè-ha̍k,經濟學
king-tsuè-kài,經濟界
king-tsoh,耕作
king-îng,經營
king-îng-tsiá,經營者
king-giām,經驗
king-gû,耕牛
king-hî,鯨魚
king-hong,經風
king-hong,驚風
king-hông,驚惶
king-huì,經費
king-huī,經緯
king-i,供衣
king-i-tsuá,供衣紙
king-i-sik,更衣室
king-iû,經由
king-kah,肩胛
king-kah-kut,肩胛骨
king-kah-mua,肩胛幔
king-kah-thâu,肩胛頭
king-kái,更改
king-keh,間格
king-keh,間隔
king-kháu-king,供口供
king-khui,弓開
king-kí,經紀
king-kí-siong,經紀商
king-kî,經期
king-kiàn,經建
king-kiàn-huē,經建會
king-kuán,經管
king-kuè,經過
king-kong,宮公
king-li̍k,經歷
king-lí,經理
king-lí-jîn,經理人
king-liân-kî,更年期
king-pān,經辦
king-phâng,弓帆
king-pòo-phâng,弓布篷
king-pōo,經部
king-puî,弓肥
king-sann,弓衫
king-sing,更生
king-síng,驚醒
king-siāng,肩上
king-siau,經銷
king-siau-siong,經銷商
king-sin,更新
king-siong,經商
king-siông,經常
king-tâu,供投
king-tē,耕地
king-thâu,肩頭
king-thâu-khut,肩頭窟
king-thé,供體
king-thiànn,經痛
king-thué,供體
king-tho̍k,耕讀
king-tián,經典
king-tiân,耕田
king-ti̍t,弓直
king-tn̄g,間斷
king-tuan,供端
king-tōng,更動
king-tōng,驚動
king-tú-king,肩tú肩
king-uí,經委
king-uí,經緯
king-ûn-ki,耕耘機
kenn-khok-á,經殼仔
kenn-kián,經繭
kenn-liâu,更寮
kenn-mī,羹麵
ke-nn̄g,雞卵
ke-nn̄g-bīn,雞卵面
ke-nn̄g-tshing,雞卵清
ke-nn̄g-hîng,雞卵形
ke-nn̄g-hue,雞卵花
ke-nn̄g-jîn,雞卵仁
ke-nn̄g-kńg,雞卵捲
ke-nn̄g-ko,雞卵糕
ke-nn̄g-kó,雞卵果
ke-nn̄g-ping,雞卵冰
ke-nuā,雞僆
ke-nuā-á,雞僆仔
kenn-uē,經話
kenn-thiap,庚帖
kenn-tǹg,羹頓
kenn-tó,經倒
ke-uē,加話
ke-pak-lāi,雞腹內
ke-pâng,閨房
ke-piàn,家變
ke-pò-hiáu,雞報曉
ke-pò-în,雞報寅
ke-pô,家婆
ke-pô,雞婆
ke-pô-tshíng,雞婆筅
ke-pô-tshuì,雞婆嘴
ke-pòng,加謗
ke-pông,閨房
ke-póo,加補
ke-pùn-tîn,雞糞藤
ke-sái,雞屎
ke-sái-kó,雞屎果
ke-sái-phang,雞屎蜂
ke-sái-tîn,雞屎藤
ke-si,家私
ke-si,傢司
ke-sì,家勢
ke-sì-bué,家勢尾
ke-sim-tshài,雞心菜
ke-si-mī,雞絲麵
ke-sîn-pâi,家神牌
ke-sio-tok,雞相啄
ke-si-thâu,家私頭
ke-siu,加收
ke-siū,雞siū
ke-sue--ê,加衰ê
ke-sun,雞孫
ke-tà,雞罩
ke-tâi,雞駘
ke-tâi-siàng,雞駘相
ke-tâi-sîn,雞駘神
ke-tan,雞丹
ke-tāng,加重
ke-tíng,街頂
ke-tîng,家庭
ke-thâu,街頭
ke-thâu,雞頭
ke-thâu-bah,雞頭肉
ke-thâu-tsí,雞頭子
ke-thâu-thî,雞頭啼
ke-thî,雞啼
ke-thinn,加添
ke-thô,雞桃
ke-thô-á,雞桃仔
ke-thuí,雞腿
ke-thûn-á,雞豚仔
ke-tiâu,雞tiâu
ke-tiâu,雞椆
ke-tiông-ê,加長個
ke-tiúnn,家長
ke-tn̂g-tsháu,雞腸草
ke-ūn,家運
ke-ūn-pāi,家運敗
kha,kha
kha,腳
kha-tsiânn-tn̂g,腳tsiânn長
kha-tsiap-kha,腳接腳
kha-kiù-kin,腳勼筋
kha-pái-pái,腳擺擺
kha-phua̍h-kha,腳phua̍h腳
kha-ta̍h-tsha,腳踏差
kha-tuè-kha,腳綴腳
khá,卡
khá,巧
khá-ha̍p,巧合
khá-khì,巧氣
khá-kî,巧奇
khá-kuài,巧怪
khá-uē,巧話
khá-pōo,巧步
khá-sik,卡式
khá-su,巧思
khà,khà
khà,扣
khà,檄
khà-hóo-lān,扣虎膦
khà-iû,揩油
khà-kho̍k,khà涸
khà-kho̍k,敲柝
khà--khui,敲開
khà-kinn,khà更
khà-kóo,khà鼓
khà-kóo-kînn,khà鼓墘
khà-lān-kho̍k,扣膦柝
khà-luî,扣雷
khà-mn̂g,khà門
khà-mn̂g,扣門
khà-phuà,扣破
khà-phuà,敲破
khà-pin-tshìng,卡賓銃
khà-pinn-kóo,khà邊鼓
khà-pinn-kóo,敲邊鼓
khà-sàng,khà-sàng
khà-thâu,敲頭
khà-tiān-uē,扣電話
kha-á,腳仔
kha-á-tshiú,腳仔手
kha-á-jiáu,腳仔爪
kha-āu-tsan,腳後chan
kha-āu-khiau,腳後曲
kha-āu-kī,腳後距
kha-āu-kin,腳後筋
kha-āu-nn̄g,腳後卵
kha-āu-uan,腳後彎
kha-āu-tenn,腳後tenn
kha-āu-tóo,腳後肚
kha-ba̍k,腳目
kha-ba̍k-tsháu,腳目草
kha-bé,腳馬
kha-bó-tsháu,腳母草
kha-bué,腳尾
kha-bué-líng,腳尾冷
kha-bué-king,腳尾經
kha-bué-pn̄g,腳尾飯
kha-bôo,腳模
kha-tsáinn,腳指
kha-tsat-hong,腳節風
kha-tsíng-kah,腳指甲
kha-tsíng-thâu,腳指頭
kha-tshia-tîn,腳車藤
kha-tshiú,腳手
kha-tshiú-sô,腳手sô
kha-tshiú-bān,腳手慢
kha-tshiú-nńg,腳手軟
kha-tshng,尻川
kha-tshng-tsiūnn,尻川癢
kha-tshng-ngiau,尻川撓
kha-tshng-āu,尻川後
kha-tshng-khang,尻川空
kha-tshng-kháu,尻川口
kha-tshng-kut,尻川骨
kha-tshng-phué,尻川phué
kha-tshng-táu,尻川斗
kha-tshng-thâu,尻川頭
kha-tsiah,尻脊
kha-tsiah-āu,尻脊後
kha-tsiah-kut,尻脊骨
kha-tsiah-niā,尻脊岭
kha-tsiah-phiann,尻脊骿
kha-tsiah-té,腳跡底
kha-tsiam,腳尖
kha-tsinn,腳掙
kha-tsinn-that,腳掙踢
kha-tsioh,腳蹠
kha-tsiūnn-thuí,腳上腿
kha-tsńg-kah,腳趾甲
kha-ē-tsat,腳下節
kha-ē-thuí,腳下腿
khah,khah
kha̍h,kha̍h
kha̍h,卡
kha̍h-bông,kha̍h朦
khah-bē,khah-bē
khah-bián,khah免
khah-tsá,khah早
khah-tsá--leh,khah早leh
khah-tsai-iánn,khah知影
khah-tsē,khah-tsē
khah-tshám,khah慘
khah-tshia,卡車
khah-tshin-tshiūnn,khah親像
khah-tsiàm-iânn,khah佔贏
khah-ē,khah會
khah-ē-hiáu,khah會曉
khah-hó,khah好
khah-iânn,khah嬴
khah-iânn-bīn,khah贏面
khah-iânn-bô,khah贏無
khah-ke,khah加
khah-ke-kóng,khah加講
khah-khí,khah起
khah-khì,khah去
khah-khuài-kóng,khah快講
khah-khóo,khah苦
khah-khui,khah開
khah-kín,khah緊
khah-kiūnn,khah強
khah-kóng,khah講
khah-kú-á,khah久仔
khah-kuì,khah貴
khah-lah,克拉
khah-lâi-leh,khah來leh
khah-liám,khah斂
khah-mé,khah猛
khah-mn̂g,卡門
kha-hō,腳號
kha-hua̍h,腳伐
kha-hong,腳風
khah-phìnn,卡片
khah-sái,khah使
khah-siông,khah常
khah-sit-lé,khah失澧
khah-su,khah輸
khah-su-bīn,khah輸面
khah-su-lâng,khah輸人
khah-su-sì,khah輸勢
khah-tán,khah等
khah-ta̍t,khah值
khah-thîng,khah停
khah-thîng-á,khah停仔
khah-thiànn,khah疼
khah-thóng,khah捅
khah-ti̍t,khah直
khah-tuà,卡帶
khah-tuā-bīn,khah大面
khah-tuā-mn̂g,khah大門
khah-ū-tsînn,khah有錢
khah-ū-îng,khah有閒
kha-hûn,腳痕
khai,開
khái,楷
khái-bo̍k,楷木
khái-bôo,楷模
khái-sat,凱撒
khái-suân,凱旋
khái-su,楷書
khài-hóng,概況
khài-iàu,概要
khài-kuah,概括
khài-liām,概念
khài-lūn,概論
khài-sǹg,概算
khài-thàn,慨嘆
khài-thàn,慨歎
khai-bîng,開明
khai-bōo,開幕
khai-bōo-sik,開幕式
khai-tsa-bóo,開查某
khai-tshái,開彩
khai-tshái,開採
khai-tsi,開支
khai-tsiàn,開戰
khai-tsînn,開錢
khai-tsióng,開獎
khai-īng,開用
khai-gán-kài,開眼界
khai-gia̍p,開業
khai-guân,開元
khai-ha̍k,開學
khai-huà,開化
khai-huâi,開懷
khai-hua-phàu,開花砲
khai-huat,開發
khai-hong,開封
khai-hòng,開放
khai-hòng-sik,開放式
khai-huì,開費
khai-iā-tshia,開夜車
khai-ián,開演
khai-iōng,開用
khài-jiân,慨然
khai-kái,開解
khai-kang,開工
khai-káng,開講
khai-kháu,開口
khai-khiau,開撽
khai-khiàu,開竅
khai-kho,開誇
khai-khò,開課
khai-khòo-gîn,開庫銀
khai-khuì,開費
khai-khún,開墾
khai-ki,開基
khai-kí,開舉
khai-kiau,開交
khai-ki-tsóo,開基祖
khai-kìm,開禁
khai-ki-tē,開基地
khai-kiû,開球
khai-kuan,開關
khai-kok,開國
khai-kok-khòo,開國庫
khai-kong-khuánn,開公款
khai-liáu,開了
khai-liáu-liáu,開了了
khai-lóng,開朗
kháinn,kháinn
kha-ìn,腳印
khai-óng,開往
khai-pān,開辨
khai-pān-huì,開辦費
khai-phiò,開票
khai-phuà,開破
khai-pi̍t,開闢
khai-pòo,開播
khai-sái,開使
khai-sái-īng,開使用
khai-sái-iōng,開使用
khai-sái-phut,開使刜
khai-sài,開賽
khai-san-tsóo,開山祖
khai-san-ông,開山王
khai-sí,開始
khai-sī,開示
khai-siat,開設
khai-siau,開消
khai-siau,開銷
khai-sim,開心
khai-sin-hô,開薪禾
khai-tâi,開台
khai-tāi-giân,開大言
khai-ta-ta,開礁礁
khai-ting,開徵
khai-tîng,開庭
khai-thian-bûn,開天門
khai-thian-tē,開天地
khai-thok,開拓
khai-thong,開通
khai-tî,開除
khai-tián,開展
khai-tiong,開張
khai-tō,開道
khai-tō,開導
khai-tuan,開端
khai-uī,開胃
kha-jiah,腳跡
kha-jiáu,腳爪
khak,殼
khak,確
kha̍k,kha̍k
kha̍k-âng,kha̍k紅
kha̍k-hueh,kha̍k血
kha̍k-hueh,咯血
kha̍k-hông,咯紅
kha̍k-thâm,kha̍k痰
khak-á-hue,殼仔灰
khak-tsai,確知
khak-tsìng,確證
khak-tshài,殼菜
khak-tshài-thâu,殼菜頭
khak-tshiat,確切
kha-kê,腳枷
kha-khàu,腳扣
kha-khì,腳氣
kha-khì-pēnn,腳氣病
kha-khiau,腳曲
khak-hue,殼灰
kha-khū,腳臼
kha-kí,腳指
kha-kī,腳距
kha-kiānn,腳健
kha-kiáu,腳繳
kha-kìm,腳禁
kha-kin,腳巾
kha-kin,腳筋
kha-kin-siau,腳筋踃
kha-kiû,腳球
kha-kiû-tiûnn,腳球場
khak-li̍p,確立
khak-pó,確保
khak-sī,確是
khak-sìn,確信
khak-si̍t,確實
khak-tīng,確定
kha-kún,腳頷
kha-kut,腳骨
kha-la̍t,腳力
kha-liah,腳跡
kha-liâm,腳廉
kha-liâm-to,腳廉刀
kha-liáu-á,腳爪仔
kha-liâu,腳鐐
kham,堪
kham,龕
khám,khám
khám,坎
khám,砍
khám,憨
khám-á,坎仔
khám-tsām,khám站
khám-tsām,坎站
khám-tshiò,歁笑
khám-tshiò,憨笑
khám-ê,憨的
khám-gōng,憨戇
khám-khì,憨氣
khám-khiat,坎坷
khám-khia̍t,坎碣
khám-kho,坎坷
khám-kiánn,歁囝
khám-kiánn,憨囝
khám-uē,憨話
khám-puê-lá,坎培拉
khám-sat,砍殺
khám-tai,憨獃
khám-tuā-sià,憨大舍
khám-tuā-tai,憨大獃
khàm,khàm
khàm,崁
khàm,勘
khàm,磡
khàm-á,坎仔
khàm-au,khàm甌
khàm-tsa,勘查
khàm-tshat,勘察
khàm-tsháu,khàm草
khàm-tshik,勘測
khàm-giām,勘驗
khàm-hiā,khàm瓦
khàm-hōo,勘雨
khàm-ìn,khàm印
khàm-ìn-á,勘印仔
khàm-kha,崁腳
khàm--khí-lâi,khàm起來
khàm-pōo,勘步
khàm-tíng,崁頂
khàm-thôo,khàm土
khàm-thôo,勘土
khàm--tio̍h,khàm著
khâm,黔
khâm-khe̍h,咳喀
khâm-khia̍t,嵁硈
khām-khe̍h,陷竭
khām-sàu,khām-sàu
khām-sàu,喊嗽
khām-sàu,歁嗽
kham-ē-khì,堪會去
kham-luān,戡亂
kham-tit,堪得
kham--tit,堪得
khan,刊
khann,坩
khan,牽
khann,硿
khan-ba̍k-bué,牽目尾
khàn-siú,看守
khàn-siú-sóo,看守所
khânn,khânn
khânn-uá,銜倚
khann-á,坩仔
khan-á,牽仔
khann-á-sian,坩仔仙
khann-á-tīn,坩仔陣
khan-âng-kin,牽紅筋
khan-ang-î,牽尪姨
khan-bán,牽挽
khan-bāng,牽網
khan-bé,牽馬
khan-bé-ê,牽馬的
khan-bông,牽亡
khan-bu̍t,刊物
khan-tsài,刊載
khan-tsè,牽制
khan-tshé,牽扯
khan-tshia,牽車
khan-tshin,牽親
khan-tshin,鄉親
khan-tshin-tsiânn,牽親情
khan-tshiú,牽手
khan-tshiú--ê,牽手的
khan-tshut,刊出
khan-tsiânn,牽成
khan-tsîn,牽繩
khan-ê,牽的
khang,孔
khang,空
khang,康
khang,腔
khàng,khàng
khàng,空
khàng,控
khàng-tsè-kuân,控制權
khàng-tsè-tiâu,控制tiâu
khàng-khí-lâi,控起來
khàng-poo,空埔
khàng-tē,曠地
khàng-thâu-khak,控頭殼
khàng-to̍k,控毒
khàng-to̍k,掐毒
khang-á,空仔
khang-áu,空嘔
khang-bōng,空墓
khang-tsénn,空井
khang-tshìng,空銃
khang-tshiú,空手
khang-tshiú-so,空手搔
khang-tshù,空厝
khang-tshù-king,空厝間
khang-tshuì,孔嘴
khang-tshuì,空嘴
khang-tsûn,空船
khang-hâm,空銜
khang-ham-tik,空含竹
khang-hi,空虛
khang-huah,空喝
khang-huann-hí,空歡喜
khang-hue,空花
khang-iú,空有
khang-keh,空格
khang-king,空間
khang-khak,空殼
khang-khak-miâ,空殼名
khang-khang,空空
khang-kháu,空口
khang-kháu-ok,空口惡
khang-khiah,空隙
khang-khih,空缺
khang-khuat,空缺
khang-khuè,空課
khang-khuè-lōo,空課路
khang-khuè-tiûnn,空課場
khang-khueh,空缺
khang-khuì,空氣
khang-kiann,空驚
khang-kiânn,空行
khang-kuàn-á,空罐仔
khang-kóng,空講
khang-kóo,空股
khang-kui,空閨
khang-kûn,空拳
khang-lāi-ok,空內惡
khang-lìn,空輾
khang-lô,空勞
khang-lô-so,空囉嗦
khang-lo-lo,空lo-lo
khang-lòng-lòng,空lòng-lòng
khang-lòng-sòng,空lòng-sòng
khang-long-long,空long-long
khang-lo-so,空囉嗦
khang-miâ,空名
khang-ǹg-bāng,空向望
khang-uē,空話
khang-pak,空腹
khang-pak-tóo,空腹肚
khang-pâng,空房
khang-pe̍h,空白
khang-phànn,空phànn
khang-phànn,空冇
khang-phāng,空縫
khang-puânn,空盤
khang-siânn-kè,空城計
khang-sim,空心
khang-sim-mī,空心麵
khang-sin,空身
khang-siū,空siū
khang-siūnn,空想
khang-sún,空榫
khang-tē,空地
khang-tháng,空桶
khang-thâu,空頭
khang-tiāu,空調
khang-tòng,空檔
khang-tōng,空洞
khan-gû,牽牛
khan-gû-tsú,牽牛子
khan-gû-hue,牽牛花
khang-uī,空位
khan-ha̍t,牽核
khan-hîng,刊行
khan-hî,牽魚
khan-hong,牽風
khan-hong-kuī,牽風櫃
khan-hōo,看護
khan-hún,牽粉
khan-ín,牽引
khan-kà,牽教
khan-kâu,牽猴
khan-kâu-á,牽猴仔
khan-kâu-ê,牽猴的
khan-kenn,牽羹
khan-kha̍p,牽磕
khan-khioh,牽khioh
khan-khioh,牽拾
khan-kinn,牽經
khan-kiò,牽叫
khan-kuà,牽掛
khan-kong,牽公
khan-kong-phe,牽公胚
khan-kong-thâu,牽公頭
khan-koo,牽罟
khan-liân,牽連
khan-liân--tio̍h,牽連著
khan-lóo,牽鹵
khan-lóo,牽滷
khan-luī,牽累
khan-páng,khan-páng
khan-sai,牽獅
khan-sai-á,牽司仔
khan-sai-á,牽師仔
khan-sènn-miā,牽性命
khan-sîng,牽成
khan-sia̍p,牽涉
khan-sia̍p-tio̍h,牽涉著
khan-suànn,牽線
khan-ting,刊登
khan-thâu,牽頭
khan-thua,牽拖
khan-tiān-hué,牽電火
khan-ti-ko,牽豬哥
khan-tîn,牽藤
khan-tînn,牽纏
khan-tîn-tsháu,牽藤草
khan--tio̍h,牽著
khan-tn̂g,牽長
khan-tn̂g-bā,牽長碼
khan-tōng,牽動
kha-uan,腳彎
kha-uánn,腳腕
kha-uat-ji̍p,腳斡入
kha-uat-uan,腳斡彎
khap,khap
khap,瞌
kha̍p,磕
kha̍p-tshia,磕車
kha̍p-tsi̍t-tio̍h,磕一著
kha̍p-kha,磕腳
kha̍p-lî-tio̍h,磕而著
kha̍p-thâu,磕頭
kha̍p-tio̍h,磕著
kha̍p--tio̍h,磕著
khap-tshiò,蓋笑
kha-pê,腳pê
kha-pe̍h,腳帛
kha-pe̍h-sún,茭白筍
kha-phāng,腳縫
kha-phāng-ē,腳縫下
kha-phīnn-liâm,腳鼻廉
kha-phuê-tsînn,腳皮錢
khap-hú,闔府
khap-ìn-á,蓋印仔
kha-puânn,腳盤
kha-pōo,腳步
kha-pún,腳本
kha-sau,腳梢
kha-sau,腳脩
kha-sau,腳蛸
kha-sau-á,腳蛸仔
kha-sì,腳勢
kha-sian,腳仙
kha-sián,腳癬
kha-siàu,腳數
kha-siàu-hì,腳數戲
kha-sio̍h,腳sio̍h
kha-sng,腳酸
khat,khat
kha̍t,竭
kha̍t-kha,竭腳
khat-á,級仔
khat-á,戛仔
khat-á-kiû,戛仔球
kha-ta̍h,腳踏
kha-ta̍h-á,腳踏仔
kha-ta̍h-tshia,腳踏車
kha-ta̍h-tshò,腳踏錯
kha-ta̍h-tsio̍h,腳踏石
kha-ta̍h-í,腳踏椅
kha-ta̍h-kha,腳踏腳
kha-ta̍h-pang,腳踏枋
kha-tâng,腳胴
kha-tâng-kut,腳胴骨
kha-tâng-kut,腳筒骨
kha-tau,腳兜
khat-tsuí,khat水
khat-tsuí,戛水
kha-té,腳底
kha-té-ngiau,腳底撓
kha-tè-kha,腳tè腳
kha-tê,腳蹄
kha-tháng,腳桶
kha-thâu-u,腳頭窩
kha-thîng,腳程
kha-thia̍p-khuân,腳疊環
kha-thia̍p-khûn,腳疊蜷
kha-thia̍p-phuân,腳疊盤
kha-thuí,腳腿
khat-khóo,克苦
khat-kin,克根
khat-lī,渴利
kha-to,腳刀
kha-tòng,腳擋
kha-tòng-á,腳擋仔
kha-tóo,腳肚
kha-tóo-bah,腳肚肉
kha-tóo-jîn,腳肚仁
kha-tóo-kiān,腳肚腱
kha-tóo-kut,腳肚骨
khat-thôo-tshia,戛土車
khau,khau
khau,鉋
khau,摳
khau,薅
khau,鬮
khau-tshuì-phué,khau嘴phué
kháu,口
kháu-bī,口味
kháu-bīn,口面
kháu-bún,口吻
kháu-tsâi,口才
kháu-tsàu,口灶
kháu-tshì,口試
kháu-tsi̍h,口舌
kháu-tsō,口座
kháu-i̍k,口譯
kháu-gí,口語
kháu-giân,巧言
kháu-hō,口號
kháu-hok,口福
kháu-hông,口紅
kháu-hū-tsiáu,巧婦鳥
kháu-im,口音
kháu-kàu,口教
kháu-ke̍h,口桀
kháu-ke̍h,口逆
kháu-king,口供
kháu-kìng,口徑
kháu-khì,口氣
kháu-khì,巧氣
kháu-khì-pēnn,巧氣病
kháu-khîm,口琴
kháu-khiunn,口腔
kháu-ki,口技
kháu-kuat,口訣
kháu-līng,口令
kháu-niû,口糧
kháu-ôo,口湖
kháu-pâng,口房
kháu-pe̍h,口白
kháu-pi,口碑
kháu-sin,口身
kháu-si̍t,口實
kháu-suann,口山
kháu-sóo,巧所
kháu-su̍t,口述
kháu-thâu,口頭
kháu-thâu-uē,口頭話
kháu-thuân,口傳
khàu,扣
khàu,哭
khàu,銬
khàu-ah,扣押
khàu-ap,扣壓
khàu-âu,哭嚎
khàu-tshan,哭呻
khàu-tshueh,哭啜
khàu-tshueh,哭慼
khàu-tsînn,扣錢
khàu-hinn,哭哼
khàu-iau,哭iau
khàu-kah-thî,哭佮啼
khàu-khóo,哭苦
khàu-kiám,扣減
khàu-kiáu,扣繳
khàu-liû,扣留
khàu-luā,哭賴
khàu-nâ,扣籃
khàu-pài,叩拜
khàu-pē,哭父
khàu-pē,哭爸
khàu-siann,哭聲
khàu-sin,扣薪
khàu-sòo,哭訴
khàu-tâu,哭投
khàu-thâu,叩頭
khàu-thiànn,哭痛
khàu-tî,扣除
khàu-tiāu,扣掉
khàu-tok-sià,哭篤舍
khàu-tú,扣抵
khau-á,khau仔
khau-tsà,khau詐
khau-tsing,khau鐘
khau-tsháu,khau草
khau-tshuì-tshiu,khau嘴鬚
kha̍uh-kha̍uh-tshuah,kha̍uh-kha̍uh-chhoah
kha̍uh-kha̍uh-liām,kha̍uh-kha̍uh唸
kha̍uh-kha̍uh-tiō,kha̍uh-kha̍uh-tiō
khau-hīnn-sái,khau耳屎
khauh-khauh-tsùn,khauh-khauh顫
khau-huan-thâu,khau翻頭
khau-hong,khau風
khau-hun,鬮分
khau-khik,khau刻
khau-kuà-siat,khau掛削
khau-pak,khau剝
khau-pak-tsînn,khau剝錢
khau-phâng,khau帆
khau-phē-á,khau稗仔
khau-phuê,摳皮
khau-sé,khau洗
khau-siah,khau削
khau-sua,khau痧
khau-tiánn,khau鼎
khau-to,khau刀
khau-to-hue,khau刀花
khau-to-lian,khau刀lian
khe,奎
khe,科
khe,溪
khe,稽
khé,啟
khé-bîng,啟明
khé-bîng-tshenn,啟明星
khé-bông,啟蒙
khé-tsa,稽查
khé-tsing,稽徵
khé-hâng,啟航
khé-huat,啟發
khé-iōng,啟用
khé-sī,啟示
khé-sū,啟事
khé-tōng,啟動
khè,khè
khè,契
khè-a-hiann,契阿兄
khè-bah-kut,khè肉骨
khè-bó,契母
khè-tsí-muē,契姐妹
khè-hiann,契兄
khè-hiann,客兄
khè-hiann-kiánn,契兄囝
khè-hiann-ko,契兄哥
khè-hiann-kong,契兄公
khè-hiann-thâu,契兄頭
khè-iak,契約
khè-iok,契約
khè-jī,契字
khè-kam-tsià,khè甘蔗
khè-kiánn,契囝
khè-kue-tsí,喫瓜子
khè-pē,契父
khè-suè,契稅
khè-tn̄g,khè斷
khê,khê
khê-bé,khê馬
khê-tshiú,khê手
khê-kha,瘸腳
khê-khang,khê空
khê-uē,khê話
khê--tio̍h,khê著
khê-uī,khê位
khē-khuà,khē-khuà
khe-á,溪仔
khe-bué,溪尾
khe-tsa,稽查
khe-tsa-uân,稽查員
khe-tsing,稽征
khe-tshat,稽察
khe-tshí,溪鼠
khe-tsuí,溪水
kheh,kheh
kheh,客
kheh,瞌
kheh-buán,客滿
kheh-tsàn,客棧
kheh-tsîng,客情
kheh-tshia,客車
kheh-tshia,揳車
kheh-tshuàn,客串
kheh-tsiáu,客鳥
kheh-tsiáu-hue,客鳥花
kheh-hōo,客戶
kheh-khì,客氣
kheh-khì-uē,客氣話
kheh-ki,客機
kheh-kuan,客觀
kheh-lâng,客人
kheh-lâng-tsng,客人庄
kheh-lûn,客輪
kheh-mn̂g,客門
kheh-muá,客滿
khe̍nnh,khe̍nnh
khennh-khennh-sàu,khennh-khennh嗽
khe-hô,溪河
khe-huānn,溪岸
kheh-uē,客話
kheh-phuānn,客伴
kheh-si̍k,客席
kheh-siong,客商
kheh-thâu,客頭
kheh-thiann,客廳
kheh-thò-uē,客套話
kheh-tiàm,客店
kheh--tio̍h,kheh著
kheh-ūn,客運
khe-hu̍t,稽核
khik,曲
khik,克
khik,刻
khik,剋
khik,隙
khe-kau,溪溝
khik-tsè,克制
khik-tshenn,剋星
khik-tsiam,刻針
khe-khàm,溪崁
khe-kháu,溪口
khe-khó,稽考
khik-hue,刻花
khik-ho̍k,克服
khik-ho̍k,克復
khik-ì,刻意
khik-ín,曲引
khik-ìn,刻印
khik-ìn-á,刻印仔
khik-jī,刻字
khik-khóo,克苦
khik-khóo,刻苦
khik-khui,克虧
khik-koo,客鴣
khik-lān,克難
khik-liám,剋斂
khik-liám,剋歛
khe-ko-á,溪哥仔
khik-uē,刻劃
khe-kok,溪谷
khik-pak,刻剝
khik-pán,刻板
khik-pán,刻版
khik-pē-bó,剋父母
khik-phìnn,曲片
khik-phóo,曲譜
khik-phû,刻浮
khik-pit,刻筆
khik-puânn,曲盤
khik-po̍k,刻薄
khik-sing,剋星
khik-si,曲詩
khik-thâu,曲頭
khik-tiâm,刻沉
khik-tiāu,曲調
khik-to,刻刀
khe-kû-iàn,溪鴝燕
khe-lâu,溪流
khe-liû,溪流
khe-luā,溪瀨
khenn,坑
khênn--tio̍h,khênn著
khenn-á-tsuí,坑仔水
khing,框
khing,氫
khíng,肯
khíng,頃
khíng-tsia̍h-khóo,肯食苦
khíng-tīng,肯定
khíng-tha̍k,肯讀
khìng,磬
khìng-tsiok,慶祝
khìng-hīng,慶幸
khìng-hō,慶賀
khìng-sîng,慶成
khìng-tián,慶典
khîng,khîng
khîng,窮
khîng-huè-té,khîng貨底
khîng-á,虹仔
khîng-bué,窮尾
khîng-tsāi-kòo,khîng財庫
khîng-gia̍h,窮額
khîng-hue,瓊花
khîng-hūn,窮份
khîng-kî-si̍t,窮其實
khîng-muâ,瓊麻
khîng-nâ,芎林
khîng-uánn-té,khîng碗底
khîng-siàu,khîng數
khîng-si̍t,窮實
khîng-sǹg,窮算
khîng-tâng,窮銅
khîng-thian,擎天
khīng,共
khīng,虹
khīng-jiō,虹尿
khing-giân,輕言
khing-hiòng,傾向
khing-hún,輕粉
khing-ī,輕易
khing-kang-gia̍p,輕工業
khing-khak,框殼
khing-khang,傾空
khing-khing,框框
khing-khì,輕氣
khing-khì-kiû,輕氣球
khing-khiang,kheng-khiang
khing-khong,傾空
khing-kiû,框球
khing-phû,輕浮
khing-piān,輕便
khing-piān-tshia,輕便車
khing-piān-tshuì,輕便嘴
khing-po̍k,輕薄
khing-sī,輕視
khing-siau,傾銷
khing-siau-suè,傾銷稅
khing-sim,傾心
khing-sin,輕身
khing-sìn,輕信
khing-sut,輕率
khing-ti̍k,輕敵
khing-thing,傾聽
khing-thih,輕鐵
khing-thòo,傾吐
khing-tó,傾倒
khenn-kau,坑溝
khenn-khàm,坑坎
khenn-kháu,坑口
khenn-kok,坑谷
khenn-mn̂g,坑門
khe-ôo,溪湖
khe-phài,科派
khe-pinn,溪邊
khe-poo,溪埔
khe-sé,稽洗
khe-sìnn,葵扇
khe-sua-poo,溪沙埔
khe-té,溪底
khe-ting,稽徵
khe-thâu,溪頭
khi,敧
khí,起
khí,齒
khí-ài-tshiò,起愛笑
khí-àu-náu,起懊惱
khí-bán-bīn,起挽面
khí-bé,起馬
khí-bé,起碼
khí-bé-toh,起馬桌
khí-bíng,起猛
khí-bín,齒抿
khí-bô-khang,起無空
khí-bông,起蒙
khí-bông-bū,起濛霧
khí-bú,起舞
khí-bū,起霧
khí-tsām,起站
khí-tsáu,起走
khí-tsìng,起症
khí-tshâ-thâu,起柴頭
khí-tsheh,起chheh
khí-tshènn,起腥
khí-tshìn-mooh,起凊瘼
khí-tshìn-nah,起凊吶
khí-tshio,起chhio
khí-tshiò,起笑
khí-tshiú,起手
khí-tshn̂g,起床
khí-tshó,起草
khí-tshuah,起chhoah
khí-tshuán,起喘
khí-tshue,起炊
khí-tshue,起初
khí-tshoo-tshân,起粗殘
khí-tshù,起厝
khí-tsio̍h,齒石
khí-tsiú-hong,起酒瘋
khí-tsiú-kông,起酒狂
khí-tsiú-siáu,起酒siáu
khí-tsiūnn,起癢
khí-tsô,齒槽
khí-tsō,起造
khí-tsuâ,齒蛇
khí-tsuí,起水
khí-tsuí-phā,起水皰
khí-tsùn,起顫
khí-ē,起禍
khí-íng,起湧
khí-gî-sim,起疑心
khí-gī,起義
khí-giâ-kang,齒蜈蚣
khí-giàn,起癮
khí-gīn,起恨
khí-gīn-sîn,起gīn神
khí-guân,起源
khí-gōng,起戇
khí-gōng-bīn,起戇面
khí-gōo-khoo,起五箍
khí-hìng,起興
khí-hiâu,起嬈
khí-hiông,起雄
khí-hó,起好
khí-hō-tshenn,起禍星
khí-huâinn,起橫
khí-huâinn-sim,起橫心
khí-huan,起番
khí-huann,起鼾
khí-huán-hiau,起反僥
khí-huânn,起鼾
khí-huānn,起岸
khí-huānn,齒岸
khí-hue,起花
khí-hué,起火
khí-hué,起伙
khí-hué,起貨
khí-hué-sio,起火燒
khí-huè,起貨
khí-hue-bīn,起花面
khí-hong,起風
khí-hông,起hông
khí-hong-íng,起風湧
khí-hong-thai,起風颱
khí-hui,起飛
khí-hún,齒粉
khí-ì,起意
khí-iàu,紀要
khí-iau-kông,起iau狂
khí-in,起因
khí-in-tī,起因tī
khí-io̍h-tshi,起藥蛆
khí-io̍h-to̍k,起藥毒
khí-iōng,起用
khí-jîn,齒仁
khí-jîn,齒齦
khí-jû,起茹
khí-kái,起解
khí-ka-iam,起加陰
khí-kám,豈敢
khí-kànn,起酵
khí-kang,紀綱
khí-kang,起工
khí-káu-tu,起狗株
khí-kau-lîng,起蛟龍
khí-kau-penn,起交拼
khí-ke,起家
khí-kè,起價
khí-king,起經
khí-kha,起腳
khí-kha,齒腳
khí-kha-lap,起腳lap
khí-kha-lōng,起腳lōng
khí-khám,起歁
khí-khám,起憨
khí-khang,起空
khí-khang-sún,起空榫
khí-kha-that,起腳踢
khí-khik-thâu,起曲頭
khí--khí-lâi,起起來
khí-khì,起去
khí--khì,起去
khí-khiàn,起khiàn
khí-khiàn-kóo,起khiàn鼓
khí-khiàn-thâu,起khiàn頭
khí-kho,齒科
khí-khuì,起氣
khí-ki,起乩
khí-ki,起基
khí-kiā,起崎
khí-kiàn,起見
khí-kiânn,起行
khí-ki-tsóo,起基祖
khí-kinn,起更
khí-kin,齒根
khí-kiù-ping,起救兵
khí-ko,齒膏
khí-kô,起-手
khí-kô,起翱
khí-kuan,起棺
khí-kông,起狂
khí-kóo,起鼓
khí-kū-tsìng,起舊症
khí-kûn,起拳
khí-lâ-giâ,齒蟧蜈
khí-lâi,起來
khí-lâng,起人
khí-lí,起理
khí-lîn,齒仁
khí-li̍p,起立
khí-lo̍h,起落
khí-lo̍h-tsûn,起落船
khí-lo̍h-huè,起落貨
khí-lo̍k,起落
khí-lōng,起踉
khí-lui,起癗
khí-lui-tui,起癗堆
khí-lûn,齒輪
khí-má,起碼
khí-mn̂g-kńg,起毛管
khí-moo,起毛
khí-môo,起魔
khí-môo-kong,起魔公
khí-nuâ-thâu,起攔頭
khí-uē-tshenn,起話星
khí-uē-tú,起話抵
khí-ok,起惡
khí-ok-bīn,起惡面
khí-oo-tshenn,起烏青
khí-pau,齒包
khí-pēnn,起病
khí-ping,起兵
khí-píng,起反
khí-phā,起皰
khí-pháinn,起歹
khí-pháinn-bīn,起歹面
khí-phâng,起篷
khí-phāng,齒縫
khí-phàu,起泡
khí-phiah,起癖
khí-pho,起波
khí-pho,起泡
khí-pho,齒坡
khí-phuê,起皮
khí-phuì-bīn,起呸面
khí-pio,起飆
khí-pit,起筆
khí-puān,起叛
khí-pue,起飛
khí-pue-á,齒杯仔
khí-pōng,起磅
khí-pōo,起步
khí-sat-sim,起殺心
khí-sat-tánn,起殺膽
khí-sau,齒蛸
khí-sè,起誓
khí-sik,起色
khí-sing,起先
khí-sìng,起性
khí-sìng-tē,起性地
khí-sì,起勢
khí-siáu,起siáu
khí-siáu,起痟
khí-siáu-kông,起痟狂
khí-sin,起身
khí-sîn-king,起神經
khí-siông,齒瘍
khí-siûnn,齒瘍
khí-suann,起山
khí-sòo,起訴
khí-sū,起事
khí-sū-tuan,起事端
khí-tái,齒滓
khí-tâng,起童
khí-tāng,起動
khí-tāng-tshiú,起重手
khí-tāu,齒豆
khí-té,起底
khí-tîng,起程
khí-thâm,起痰
khí-thâu,起頭
khí-thâu,敧頭
khí-thok,齒托
khí-thok,齒拓
khí-thuh,齒托
khí-tì,起致
khí-tiám,起點
khí-tiànn,起碇
khí-tiànn,起錠
khí-tiānn,起錠
khí-tiô,起趒
khí-tiō,起掉
khí-tiōng-ki,起重機
khí-tuā-tánn,起大膽
khí-tuan,起端
khí-tōng,起動
khí-tōng-tio̍h,起動著
khí-tōo-tîng,起肚亭
khí-uì-kuânn,起畏寒
khí-ūn,起運
khì,去
khì,氣
khì,棄
khì,器
khì--ah,去啊
khì-ap,氣壓
khì--bē,去未
khì-bíng,器皿
khì-bī,氣味
khì-bōng,企望
khì-tsâi,器材
khì-tshai-tshai,氣猜猜
khì-tshia,汽車
khì-tshuah-tshuah,氣掇掇
khì-tshuán,氣喘
khì-tsit,去職
khì-tsit,氣質
khì-tsiū,去就
khì-tsuah-tsuah,氣掇掇
khì-tsua̍t,氣絕
khì-tsua̍t,棄絕
khì-tsuí,汽水
khì-tsuí,氣水
khì-tsûn,汽船
khì-ing,棄嬰
khì-gi̍k,氣逆
khì-gia̍p,企業
khì-gia̍p-huà,企業化
khì-gia̍p-ka,企業家
khì-gô,企鵝
khì-hâi,器械
khì-hâm,去函
khì-hàu-koo,去孝孤
khì-hāu,氣候
khì-hi̍k,企劃
khì-hiâm,棄嫌
khì-hiat,氣血
khì-hiòng,去向
khì-hn̄g-hn̄g,去遠遠
khì-huan-pîng,去番旁
khì-hué,去火
khì-huè,棄廢
khì-hun,氣氛
khì-hún,氣忿
khì-hùn,氣憤
khì-iām,氣焰
khì-iû,汽油
khì-iû-tân,汽油彈
khì-iû-tuânn,汽油彈
khì-jīm,去任
khì-khài,氣概
khì-khóng,氣孔
khì-khóo,氣苦
khì-khū,器具
khì-kiat,氣結
khì-kiû,汽球
khì-kiû,氣球
khì-kng,汽缸
khì-kńg,氣管
khì-kńg-iām,氣管炎
khì-kuan,棄官
khì-kuann,棄官
khì-kuan,器官
khì-kuân,棄權
khì-kuè,氣怪
khì-kong,氣功
khì-li̍k,氣力
khì-liáu-liáu,去了了
khì-liû,去留
khì-liû,氣流
khì-lông,氣囊
khì-lóo,去魯
khì-lóo,氣lóo
khì-lōo,去路
khì-me̍h,氣脈
khì-mn̂g,氣門
khì-uē-thiann,企劃廳
khì-phài,氣派
khì-phàu,氣泡
khì-phik,氣魄
khì-phu̍t-phu̍t,氣勃勃
khì-phut-phut,氣怫怫
khì-phut-phut,氣撲撲
khì-puànn-sí,氣半死
khì-pu̍t-pu̍t,氣勃勃
khì-sak,棄sak
khì-sè,去世
khì-sik,氣色
khì-sí,去死
khì-sí,氣死
khì-sí-lâng,氣死人
khì-sì,氣勢
khì-siōng,氣象
khì-siōng-kio̍k,氣象局
khì-tâng,氣筒
khì-thâm,去痰
khì-thang,氣窗
khì-thé,氣體
khì-thíng,汽艇
khì-thiòng-lún,氣痛忍
khì-thiòng-lún,氣暢忍
khì-thuân,氣團
khì-thuat,氣脫
khì-tî,去除
khì-tiām,氣墊
khì-tiāu,去掉
khì-tiōng,器重
khì-tó,去倒
khì-tò,去倒
khì-tò-hāi,去倒害
khì-tò-hó,去倒好
khì-tò-liáu,去倒了
khì-tò-sí,去倒死
khì-tuā-tuā,氣大大
khì-tua̍h-tua̍h,氣奪奪
khì-tuah-tuah,氣掇掇
khì-tôo,企圖
khì-un,氣溫
khì-ūn,氣運
khî,khî
khî,蜞
khî-hông-tsua̍h,騎縫縒
khî-sī,歧視
khî-sū,騎士
khī,忌
khī,柿
khī-á,柿仔
khī-á-kuann,柿仔干
khī-tshn̂g,忌床
khī-tshuì,忌嘴
khī-tsî,柿糬
khī-tsia̍h,忌食
khī-huì,忌諱
khī-ké,柿粿
khī-khik,忌克
khī-khik,忌剋
khī-kué,柿果
khī-kué,柿粿
khī-kôo,柿糊
khī-phoo,忌舖
khī-piánn,柿餅
khī-sng,柿霜
khī-sng-hún,柿霜粉
khī-tì-bō,柿蒂帽
khia,khia
khia,迦
khiâ,騎
khiâ-bé,騎馬
khiâ-bé-long,騎馬long
khiâ-bé-long,騎馬瓏
khiâ-tshia,騎車
khiâ-sîng,騎乘
khiâ-thī-ke,騎雉雞
khiā,khiā
khiā-ang,徛尪
khiā-bâi,徛眉
khiā-bé-sì,徛馬勢
khiā-bē-tsāi,khiā-bē在
khiā-bīn-kut,徛面骨
khiā-tsāi,khiā在
khiā-tsāi,徛在
khiā-tsènn-ông,徛諍王
khiā-tshāi,徛峙
khiā-tshim-tsuí,徛深水
khiā-tshiu,khiā秋
khiā-tshiu,徛秋
khiā-tshù,khiā厝
khiā-tshù,徛厝
khiā--tshut-lâi,khiā出來
khiā-tsiànn,徛正
khiā-ē-tiâu,徛會椆
khiā-ē-tiâu,徛會稠
khiā-gô,徛鵝
khiā-hà,徛孝
khiā-hang,徛烘
khiā-hong,徛方
khiā-hong,徛風
khiā-hōo,khiā戶
khiā-hōo-tsāi,khiā互在
khiā-hōo-thâu,khiā戶頭
khiā-hōo-thâu,徛戶頭
khiā-hun,徛分
khiā-jîn-pîng,徛人爿
khiā-kang,khiā崗
khiā-kâu,徛猴
khiā-kâu-giàn,徛猴癮
khiā-ke,khiā家
khiā-ke,徛家
khiā-ke-tshù,徛家厝
khiā-ke-lâng,徛家人
khiā-kha,徛腳
khiā-khí,khiā起
khiā-khí,徛起
khiā-khí-lâi,徛起來
khiā--khí-lâi,khiā起來
khiā-khîm,khiā琴
khiā-khùn,徛睏
khiā-kuán,企管
khiā-kóo,徛股
khiā-lâm-iâ,伽藍爺
khiā--leh,khiā--leh
khiā-leh-khuànn,徛leh看
khiā-lîng,徛靈
khiā-liân,徛聯
khiā-li̍p,khiā立
khiā-lóo,khiā滷
khiā-luî-tâi,khiā擂台
khiā-luî-tâi,徛擂台
khiā-miâ,khiā名
khiā-miâ,徛名
khiā-n̂g,徛黃
khiā-niá,徛領
khiā-ông,khiā王
khiā-pái,khiā擺
khiā-pâi,khiā牌
khiā-pe̍h-hî,徛白魚
khiā-phiò,khiā票
khiā-phiò,徛票
khiā-pi,khiā碑
khiā-piah-ê,徛壁個
khiā-pîn,khiā屏
khiā-pîn,徛屏
khiā-pue-hî,徛飛魚
khiā-sí,徛死
khiā-siám,徛閃
khiā-sīm,徛慎
khiā-sim-pîng,徛心爿
khiā-siōng,徛像
khiā-si-thîng,徛屍騰
khiā-siû,khiā泅
khiā-siû,徛泅
khiā-sng,徛喪
khiā-sǹg,khiā算
khiā-sǹg,徛算
khiā-suann,徛山
khiā-suann-tíng,khiā山頂
khiā-thang,徛窗
khiā-thâu,khiā頭
khiā-thâu,徛頭
khiā-thâu-miâ,徛頭名
khiā-the̍h,khiā宅
khiā-thîng,khiā挺
khiā-thîng,徛騰
khiā-thîng-thîng,徛亭亭
khiā-thinn-lōo,khiā天露
khiā-thinn-lōo,徛天路
khiā-thui,khiā梯
khiā-tiâu,khiā-tiâu
khiā-tiâu,徛椆
khiā-tiâu,徛稠
khiā-tio̍h,徛著
khiā-tiong,徛中
khiā-ti̍t,khiā直
khiā-ti̍t,徛直
khiā-ti̍t-ti̍t,khiā直直
khiā-ti̍t-ti̍t,徛直直
khiā-tò-thîng,徛倒騰
khiā-tò-tiàu,khiā倒吊
khiā-tuà,徛帶
khiā-tuā-kóo,徛大股
khiā-tuā-thâu,徛大頭
khiā-tû,徛廚
khiā-ún,徛穩
khiah,khiah
khiah,隙
khia-hō,奇號
khiak,khiak
khia̍k,劇
khia̍k-thâu-khak,戛頭殼
khia-khang,khia空
khia-khang,迦空
khiam,謙
khiám-ì,歉意
khiám-kiù,歉疚
khiàm,欠
khiàm-an,欠安
khiàm-tsè,欠債
khiàm-tsînn,欠錢
khiàm-tsi̍t-kha,欠一腳
khiàm-tsi̍t-kuī,欠一跪
khiàm-tsiú-hun,缺水份
khiàm-tsú,欠主
khiàm-tsuí,欠水
khiàm-īng,欠用
khiàm-hiat,欠血
khiàm-hueh,欠血
khiàm-hōo,欠雨
khiàm-im,欠陰
khiàm-iōng,欠用
khiàm-kha-tsè,欠腳債
khiàm-khîn,欠勤
khiàm-khuán,欠款
khiàm-khuat,欠缺
khiàm-khueh,欠缺
khiàm-kì,欠據
khiàm-kiám-tiám,欠檢點
khiàm-kiáu,欠繳
khiàm-kong-tshái,欠光彩
khiàm-lâng-kàn,欠人姦
khiàm-lí-kuán,欠你管
khiàm-si̍k,欠席
khiàm-siàu,欠數
khiàm-sîn,欠神
khiàm-si̍t,芡實
khiàm-suè,欠稅
khiàm-sūn,謙順
khiàm-thui,欠推
khiàm-tiám,欠點
khiàm-tia̍p,欠揲
khiâm-á,鉗仔
khiām,儉
khiām-tshuì,儉嘴
khiām-tsînn,儉錢
khiām-tsuí,儉水
khiām-iok,儉約
khiām-iōng,儉用
khiām--ji̍p-khì,儉入去
khiām-liám,儉斂
khiām-phok,儉樸
khiām-síng,儉省
khiām-sí-sí,儉死死
khiam-tshing,謙稱
khiam-hi,謙虛
khiam-hô,謙和
khiam-pi,謙卑
khiam-sè,謙細
khiam-sùn,謙遜
khian,khian
khian,圈
khiann,輕
khián-tsik,譴責
khián-huán,遣返
khián-sàn,遣散
khián-sàn-huì,遣散費
khián-sàng,遣送
khiàn,khiàn
khiàn-tsik,譴責
khiàn-lóo,焮滷
khiàn-phang,khiàn芳
khiàn-phang,掔芳
khiàn-phang-liāu,掔芳料
khiàn-siùnn,掔相
khiàn-siùnn,譴相
khiàn-sńg,khiàn損
khiàn-sńg,掔損
khiàn-thâu,掔頭
khiàn-thâu-uē,掔頭話
khiàn-thian,見天
khiàn-thian-káu,見天狗
khiân,khiân
khiân-tshiò,虔笑
khiân-ì,虔意
khiân-kìng,虔敬
khiân-khun,乾坤
khiân-leh-leh,虔捋捋
khiân-liông,乾隆
khiân-sîng,虔誠
khiân-sim,虔心
khian-á,牽仔
khian-tsè,牽制
khian-tshé,牽扯
khian-tsio̍h-thâu,掔石頭
khiang,khiang
khiang,羌
khiàng,khiàng
khiàng-tsâ-bóo,khiàng查某
khiàng-tsa-bóo,khiàng查某
khiàng-tshiú,khiàng手
khiàng-kha,khiàng腳
khiàng-kha-ping,khiàng腳兵
khiàng-lâng,khiàng人
khian-ín,牽引
khian-kiông,牽強
khian-phang,掔芳
khiann-po̍h,輕薄
khiap,khiap
khi-ap,欺壓
khiap-ì,khiap意
khiap-miā,怯命
khiap-sái,袪屎
khiap-sì,khiap勢
khiap-sì,怯勢
khiap-sì-kuí,祛勢鬼
khiap-sì-miā,袪勢命
khiap-tánn,怯膽
khia-siang,奇雙
khia-sòo,奇數
khiat,khiat
khia̍t,桀
khia̍t-khia̍t-jiàu,揭揭抓
khiat-á,硈仔
khiat-á,碣仔
khiat-tsi̍h,詰舌
khiat-hué-tsio̍h,戛火石
khia-tī,奇箸
khia-tio̍h,迦著
khiau,蹺
khiáu,巧
khiáu-biāu,巧妙
khiáu-tsng,巧裝
khiáu-gū,巧遇
khiáu-khik-li̍k,巧克力
khiáu-khì,巧氣
khiáu-khiáu-lâng,巧巧人
khiáu-kut,巧骨
khiáu-lāi,巧利
khiáu-lâng,巧人
khiáu-lōo,巧路
khiáu-pōo,巧步
khiáu-sì,巧勢
khiáu-sîn,巧神
khiáu-thâu,巧頭
khiàu,竅
khiàu,翹
khiàu-biāu,竅妙
khiàu-bué-liu,翹尾溜
khiàu-tshiu,翹鬚
khiàu-tshiu,蹺鬚
khiàu-tshuì,翹嘴
khiàu-tshuì-á,翹嘴仔
khiàu-tsit,翹脊
khiàu-hê,蹺蝦
khiàu-io,翹腰
khiàu-nái,蹺乃
khiàu-táinn,翹歹
khiàu-táinn,蹺歹
khiàu-thâu,翹頭
khiàu-thian,蹺天
khiâu,khiâu
khiâu,喬
khiâu,蹻
khiâu-bo̍k,喬木
khiâu-khóo,喬苦
khiâu-khóo,蹻苦
khiâu-lâng,蹻人
khiâu-tiàu,喬吊
khiâu-tiàu,蹻吊
khia̍uh-á,碻仔
khiau-kha,蹺腳
khiau-khi,翹攲
khiau-khi,蹺攲
khiau--khì,蹺去
khiau-khiau,蹺蹺
khiau-khò,蹻khò
khiau-ku,蹺痀
khiau-ku-á,蹺痀仔
khiau-ku-thâng,蹺痀蟲
khiau-lâng,蹻人
khiau-lê-lê,蹺螺螺
khiau-lîng-long,蹺玲瓏
khiau-to,蹺刀
khi-bông,欺矇
khi-bú,欺侮
khi-tsà,欺詐
khi-tsi̍t-pîng,攲一爿
khih,缺
khih-tshuì,缺嘴
khih-hûn,缺痕
khih-kak,缺角
khih-kau-kut,頰溝骨
khi-hū,欺負
khi-khiau,攲蹺
khi-khiau,蹊翹
khi-kui-pîng,敧歸爿
khi-kun,欺君
khi-lîng,欺凌
khîm,琴
khîm,禽
khîm-at,琴遏
khîm-tsí,琴子
khîm-hi̍k,擒獲
khîm-hiân,琴弦
khîm-jí,琴子
khîm-lia̍h,擒lia̍h
khîm-ná,擒拿
khîm-phóo,琴譜
khîm-sik,琴瑟
khîm-siù,禽獸
khîm-siù-bīn,禽獸面
khîm-suànn,琴線
khîm-tuà,擒帶
khim-bōo,欽慕
khim-tsiong,襟章
khim-hing,襟胸
khi-muâ,欺瞞
khim-puē,欽佩
khim-sù,欽賜
khin,氫
khin,輕
kíng-tshénn,警醒
khín-bîn,汱眠
khín-tshenn,淺青
khín-li̍k,汱綠
khín-li̍k,淺綠
khín-n̂g,淺黃
khín-sik,汱色
khînn,khînn
khîn,勤
khînn,鉗
khînn-á,鉗仔
khînn-ân-ân,khînn-ân-ân
khîn-bián,勤勉
khîn-bū,勤務
khîn-bū-ping,勤務兵
khîn-tshài,芹菜
khîn-ha̍k,勤學
khîn-hing,禽胸
khîn-hùn,勤奮
khînn-ke,鉗家
khînn-ke,擒家
khîn-khiām,勤儉
khînn-khi̍p,鉗吸
khînn-khi̍p,擒扱
khîn-khuài,勤快
khîn-khóo,勤苦
khînn-khôo,鉗糊
khînn-kiō,擒轎
khînn-kôo,擒糊
khîn-liān,勤練
khînn-oo-oo,擒烏烏
khînn-peh,擒peh
khînn-pô,鉗婆
khîn-tha̍k,勤讀
khin-báng-báng,輕báng-báng
khin-bîn,輕眠
khin-tshìn,輕秤
khin-tshiú,輕手
khin-tsuē,輕罪
khin-gîn,輕銀
khin-hîng,輕刑
khin-hîng,輕型
khin-hut,輕忽
khin-iô-iô,輕搖搖
khin-ioh,輕溢
khin-iû,輕油
khin-khá,輕巧
khin-kha-kiânn,輕腳行
khin-khang-khuè,輕空課
khin-khin,輕輕
khin-khin-á,輕輕仔
khin-khó,輕可
khin-khuài,輕快
khin-kiānn,輕健
khin-la̍t,輕力
khin-niú-siùnn,輕兩相
khin-phiò,輕剽
khin-phiò,輕漂
khin-po̍h,輕薄
khin-po̍h-niû,輕薄娘
khin-sang,輕鬆
khin-sing,輕生
khin-sī,輕視
khin-siann,輕聲
khin-sìn,輕信
khin-siong,輕傷
khin-sńg,輕爽
khin-tāng,輕重
khin-tōo,輕度
khió-kak,口角
khió-sia̍t,口舌
khiò,扣
khiò,窮
khiò,竅
khiò-siā,叩謝
khiò-suè,扣稅
khiò-tiō,徼兆
khioh,khioh
khioh,拾
khioh,攫
khioh-ang-á,khioh尪仔
khioh-bīn,khioh面
khioh-tshâ,拾柴
khioh-tshái-tshī,khioh彩市
khioh-tshiò,khioh笑
khioh-tsiá,khioh姐
khioh-tsiá-bó,khioh姐母
khioh-tsih,khioh摺
khioh-tsînn,khioh錢
khioh-tsînn,拾錢
khioh-tsò-hué,拾做伙
khioh-íng,khioh影
khioh-gín-á,khioh囡仔
khioh-ha̍h-á,khioh笚仔
khioh-hi̍k,拾獲
khioh-hiàn-á,khioh現仔
khioh-hiān-á,khioh現仔
khioh-hīn,khioh恨
khioh-hīn,拾恨
khioh-huè,拾貨
khioh-hong-suí,khioh風水
khioh-hōo-tsê,拾互齊
khioh-iân-tsînn,khioh捐錢
khioh-iân-kim,khioh捐金
khioh-io̍h,khioh藥
khioh-iû-phiò,khioh郵票
khioh-iû-phiò,拾郵票
khioh-iūnn,khioh樣
khioh-jī,拾字
khioh-jī-tsuá,khioh字紙
khioh-ka̍k,khioh擱
khioh-kíng,khioh襉
khioh-kíng,拾
khioh-kha-tsáu,khioh腳走
khioh-khang,khioh空
khioh-khau,khioh鬮
khioh-kheh,khioh客
khioh-kheh,拾客
khioh-khí,拾起
khioh-khí-kha,khioh起腳
khioh--khí-lâi,拾起來
khioh-khuán,khioh款
khioh-kì-á,khioh鋸仔
khioh-kiánn,khioh囝
khioh-kiánn,拾囝
khioh-kiánn-bó,khioh囝母
khioh-kiánn-ḿ,khioh囝姆
khioh-kiánn-pô,khioh囝婆
khioh-kim,khioh金
khioh-kim,拾金
khioh-kong-kim,khioh公金
khioh-kut,khioh骨
khioh-kut-thâu,khioh骨頭
khioh-kut-thâu,拾骨頭
khioh-lâi-tshī,khioh來飼
khioh-lâi-tshī,拾來飼
khioh-lân-san,khioh零星
khioh-má,khioh媽
khioh-mî,拾芒
khioh-uá,khioh倚
khioh-uá,拾倚
khioh-uàn,khioh怨
khioh-uàn,拾怨
khioh-pe̍h-bah,khioh白肉
khioh-phiah,khioh癖
khioh-phuà-nuā,khioh破爛
khioh-pó,khioh寶
khioh-puî-bah,khioh肥肉
khioh-sai-á,khioh司仔
khioh-sai-á,khioh師仔
khioh-sai-khia,拾私khia
khioh-siāng,khioh像
khioh-siáu-íng,khioh小影
khioh-sio̍h-á,khioh俗仔
khioh-si̍p,khioh拾
khioh-si̍p,拾拾
khioh-suè,khioh稅
khioh-suè,拾稅
khioh-tiànn,khioh碇
khioh-tiànn,khioh錠
khioh--tio̍h,拾著
khioh-tio̍h-tsînn,拾著錢
khioh-tiū-seh,khioh稻屑
khiok,曲
khiok-tshioh,曲尺
khiok-kái,曲解
khiok-puânn,曲盤
khiok-pōo,卻步
khiok-sī,卻是
khiok-suànn,曲線
khiok-ti̍t,曲直
khióng-hat,恐嚇
khióng-hông,恐惶
khióng-khū-kám,恐懼感
khióng-kiann,恐驚
khióng-liông,恐龍
khióng-pòo,恐怖
khióng-uì,恐畏
khiong-tsú-gâ,姜子牙
khiong-lông,蜣螂
khiong-si,僵屍
khiong-thài-kong,姜太公
khip,吸
khi̍p,khi̍p
khip-tshú,吸取
khip-tsio̍h,吸石
khip-tsuí,吸水
khip-tsuí,汲水
khip-tsuí-ki,吸水機
khi-pîng,敧爿
khi-phiàn,欺騙
khip-hiat-kuí,吸血鬼
khip-hueh,吸血
khip-hong-hî,吸風魚
khip-hù,吸附
khip-ian,吸煙
khip-im,吸音
khip-ín,吸引
khip-ín-lâng,吸引人
khip-ín-la̍t,吸引力
khip-ín-li̍k,吸引力
khip-iû-ki,吸油機
khip-ji̍p,吸入
khip-khì,吸氣
khip-kuānn,吸汗
khip-siu,吸收
khip-thih,吸鐵
khip-tîn-khì,吸塵器
khip-to̍k,吸毒
khi-sin,欹身
khit,乞
khi̍t,khi̍t
khi̍t,杙
khi̍t-á,khi̍t仔
khi̍t-kho̍k-pán,khi̍t-kho̍k板
khit-tsia̍h,乞食
khit-tsia̍h-tsìng,乞食症
khit-tsia̍h-kuí,乞食鬼
khit-tsia̍h-kut,乞食骨
khit-tsia̍h-uánn,乞食碗
khit-tsia̍h-senn,乞食生
khit-tsia̍h-sian,乞食仙
khit-tsia̍h-siàng,乞食相
khit-ê,乞的
khit-ê,乞個
khi-thâu,攲頭
khi-thâu-khuànn,敧頭看
khit-hōo,乞雨
khit-kiû,乞求
khi-tó,敧倒
khit-thó,乞討
khiú,khiú
khiú-bué-liu,khiú尾溜
khiú-ân,khiú-ân
khiú-āu-kha,khiú後腳
khiú-āu-kha,揪後腳
khiú-kuân,khiú高
khiú-mn̂g,揪門
khiú-sing-lí,khiú生理
khiú-tàu-tīn,揪鬥陣
khiú-thâu-tsang,khiú頭鬃
khiú-ti̍t,khiú直
khiú-ti̍t,揪直
khiú-tn̂g,khiú長
khiú-tn̄g,揪斷
khiú-tuā-soh,揪大索
khiû,khiû
khiû,虯
khiû-tsi-liu,虯之溜
khiû-kha-kin,虯腳筋
khiû-khiām,khuî儉
khiû-khiām,虯儉
khiû-kin,khiû筋
khiû-liu-liu,虯溜溜
khiû-mn̂g,khiû毛
khiû-moo,虯毛
khiû-môo,khiû毛
khiû-thâu-moo,虯頭毛
khiū,Q
khiū-sìng,糗性
khiū-thôo,糗土
khiunn,腔
khiūnn,khiūnn
khiūnn-tshuì,khiūnn嘴
khiūnn-tshuì,儉嘴
khiūnn-siùnn,儉相
khiunn-á-hóo,羌仔虎
khiunn-kháu,腔口
khiunn-tiāu,腔調
khng,糠
khǹg,khǹg
khǹg,曠
khǹg,勸
khǹg-hē,khǹg下
khǹg-hīng,khǹg行
khǹg-hô,勸和
khǹg-huè,khǹg貨
khǹg-kuan,khǹg棺
khǹg-kui-tui,khǹg規堆
khǹg-leh,khǹg-leh
khǹg--leh,khǹg--teh
khǹg-pōo,khǹg步
khǹg-sè,勸世
khǹg-siān,勸善
khǹg-suah,勸煞
khǹg-thán-tó,khǹg坦倒
khǹg-tiàm,khǹg站
khǹg-tio̍h-thâu,khǹg著頭
khng-tshng,糠瘡
khng-tsín,糠疹
khng-phuà,圈破
kho,科
kho,椅
khó,可
khó,考
khó,洘
khó-ài,可愛
khó-bô,考無
khó-bô-tiâu,考無tiâu
khó-tsa,考查
khó-tsik,考績
khó-tsìng,考證
khó-tshat,考察
khó-tshat-thuân,考察團
khó-tshìng,考銃
khó-tshìng-tshìng,洘蒸蒸
khó-tshìng-pé,考銃靶
khó-tshì,考試
khó-tshì-īnn,考試院
khó-tshìn-thâu,考秤頭
khó-tshiò,可笑
khó-tshú,可取
khó-tshú,考取
khó-tsut-tsut,洘卒卒
khó-gî,可疑
khó-giām,考驗
khó-hi̍k,考核
khó-hîng,可行
khó-hí,可喜
khó-hî,洘魚
khó-hīn,可恨
khó-í,可以
khó-iông-sìng,可溶性
khó-jiân-sìng,可燃性
khó-jîn,可人
khó-ka,可嘉
khó-kà,洘餃
khó-kìng,可敬
khó-kháu,可口
khó-khò,可靠
khó-khò-sìng,可靠性
khó-khu,考區
khó-kì,考據
khó-kiann,可驚
khó-kiàn,可見
khó-ki̍t-ki̍t,洘汔汔
khó-kiù,考究
khó-kǹg,考券
khó-kuan,可觀
khó-kuàn,考卷
khó-kóo,考古
khó-kuì,可貴
khó-lâu,洘流
khó-lîng,可能
khó-lîng-sìng,可能性
khó-liân,可憐
khó-liân-tāi,可憐代
khó-liāng,考量
khó-liáu,考了
khó-lîn,可憐
khó-lîn-tāi,可憐代
khó-lo̍k,可樂
khó-mê,洘糜
khó-muâi,洘糜
khó-náu,可惱
khó-ònn,可惡
khó-pá,考靶
khó-pê-á,考靶仔
khó-phànn,可怕
khó-pi,可悲
khó-pí,可比
khó-puē,可佩
khó-sing,考生
khó-sìn,可信
khó-sioh,可惜
khó-siong,可傷
khó-siunn,烤箱
khó-suah,考煞
khó-suán,考選
khó-suán-pōo,考選部
khó-ta,洘凋
khó-tak-tak,洘篤篤
khó-ta̍uh-ta̍uh,洘瀆瀆
khó-tîng-khó,考重考
khó-thâu-muâi,洘頭糜
khó-thí,可恥
khó-tho̍k,可讀
khó--tio̍h,考著
khó-tiûnn,考場
khó-ū-tiâu,考有tiâu
khó-uì,可畏
khó-un-á,洘塭仔
khò,khò
khò,課
khò,靠
khò-āu,課後
khò-ba̍k,課目
khò-bē-tiâu,靠buē-tiâu
khò-bûn,課文
khò-tsing,課征
khò-tshián,靠淺
khò-tshiú,靠手
khò-tsím,靠枕
khò-gia̍p,課業
khò-guā,課外
khò-guân,課員
khò-huānn,靠岸
khò-î,課餘
khò-káng,靠港
khò-kha,課腳
khò-kīn,靠近
khò-kun,犒軍
khò-ngē,靠硬
khò-uá,靠倚
khò-uân,課員
khò-pió,課表
khò-pún,課本
khò-sik,課室
khò-sì,靠勢
khò-sio̍k,靠俗
khò-siong,khò傷
khò-sióng,犒賞
khò-suann,靠山
khò-suè,課稅
khò-ta,靠礁
khò-té,靠底
khò-tê,課題
khò-tī,靠tī
khò-tio̍h,khò著
khò--tio̍h,khò著
khò-tiúnn,課長
khò-tn̂g,課堂
khô,科
khô-tè-tè,科塊塊
khô-thâu,khô頭
khua,夸
khua,誇
kho-á,柯仔
khuà,khuà
khuà,挂
khuà-tshia,khuà車
khuà-tshiú,khuà手
khuà-hái,跨海
khuà-hâng,跨行
khuà-hē,khuà下
khuà-hē,掛下
khuà-ì,掛意
khuà-kok,跨國
khuà-lī,掛慮
khuà-liām,掛念
khuà-sim,掛心
khuà-suànn,khuà線
khuà-suànn,靠汕
khua-tsàn,誇讚
khua-tshuì,誇嘴
khua-tsióng,誇獎
khuah,渴
khuah,闊
khuah-bā,闊碼
khuah-bīn,闊面
khuah-bóng-bóng,闊莽莽
khuah-bóng-bóng,闊漭漭
khuah-bông-bông,闊茫茫
khuah-tshiú,闊手
khuah-tshuì,闊嘴
khuah-tshuì-á,闊嘴仔
khuah-tshuì-ho̍h,闊嘴鶴
khuah-tshuì-lông,闊嘴郎
khuah-tshuì-pô,闊嘴婆
khuah-e̍h,闊狹
khuah-khǹg,闊曠
khuah-lóng-lóng,闊朗朗
khuah-pak,闊幅
khuah-pak,闊腹
khuah-pia̍t,闊別
khuah-póo,闊斧
khuah-sai-sai,闊獅獅
khuah-sin,闊身
khuah-thâu-á,闊頭仔
khuah-tuā,闊大
khuah-tōo,闊度
khuài,快
khuài-tshan,快餐
khuài-tshia,快車
khuài-tshia-tō,快車道
khuài-tshuì,快嘴
khuài-tsia̍p,快捷
khuài-hia,快靴
khuài-kám,快感
khuài-khuài-lâi,快快來
khuài-kín,快緊
khuài-kong,快攻
khuài-lāu,快老
khuài-lo̍k,快樂
khuài-mn̂g,快門
khuài-pán,快板
khuài-pìnn-bīn,快變面
khuài-pò,快報
khuài-pōo,快步
khuài-sìn,快信
khuài-siōng,快相
khuài-siū-khì,快受氣
khuài-sok,快速
khuài-tē,快遞
khuài-thíng,快艇
khua-iāu,誇耀
khua-kháu,誇口
khua-kong,誇功
khuann,寬
khuan,寬
khuán,款
khuánn,款
khuán-bo̍k,款目
khuán-tsè,款制
khuán-gia̍h,款額
khuán-hāng,款項
khuán-hîng-lí,款行李
khuán-iūnn,款樣
khuán-khioh,款曲
khuán-khioh,款拾
khuán-khǹg,款勸
khuán-sik,款式
khuán-sì,款勢
khuán-sit,款式
khuán-siùnn,款相
khuán-tāi,款待
khuán-thāi,款待
khuánn-thâu,看頭
khuànn,khuànn
khuànn,看
khuàn,勸
khuànn-ba̍k-sik,看目色
khuànn-bē-bîng,看bē明
khuànn-bē-tshut,看bē出
khuànn-bē-hiáu,看bē曉
khuànn-bē-kuàn,看bē慣
khuànn-bē-lâi,看bē來
khuànn-bē-tio̍h,看bē著
khuànn-bô,看無
khuànn-bô-khí,看無起
khuànn-bô-kim,看無金
khuànn-bô-tiám,看無點
khuànn-bô-tio̍h,看無著
khuànn-bōng-tē,看墓地
khuàn-bōo,勸募
khuànn-tsê,看齊
khuànn-tsìng,看症
khuànn-tsîng-hîng,看情形
khuànn-tsheh,看冊
khuànn-tshing,看清
khuànn-tshing-tshó,看清楚
khuànn-tshian-tshian,看千千
khuànn-tshian-tshian,看扦扦
khuànn-tshin-tsiânn,看親情
khuànn-tshò,看錯
khuànn-tshù,看厝
khuànn-tshut,看出
khuànn-tshut-tshut,看出出
khuànn--tshut-lâi,看出來
khuànn-tsin-khí,看真起
khuànn-tsiūnn-ba̍k,看上目
khuànn-tsoh,看作
khuànn-tsún-tsún,看準準
khuànn-ē-tshut,看會出
khuànn-ē-khí,看會起
khuànn-ē-khui,看會開
khuànn-ē-tio̍h,看會著
khuàn-gia̍p,勸業
khuànn-guā,看外
khuànn-gû,看牛
khuànn-hì,看戲
khuànn-hiān-hiān,看現現
khuànn-hó,看好
khuàn-huà,勸化
khuànn-huat,看法
khuànn-hóng,看仿
khuànn-hong-suí,看風水
khuànn-hong-thâu,看風頭
khuàn-iú,勸誘
khuànn-iûnn,看羊
khuànn-iūnn,看樣
khuànn-ji̍t,看日
khuànn-ji̍t-su,看日師
khuànn-kah-ì,看合意
khuànn-kah-ì,看愜意
khuàn-kái,勸解
khuànn-kàu,看到
khuànn-kháu,看口
khuànn-khí-lâi,看起來
khuànn-khì,看去
khuànn-khin,看輕
khuànn-khǹg,渙曠
khuàn-khǹg,勸勸
khuànn-khuán,看款
khuànn-khuán-sit,看款式
khuànn-khuànn,看看
khuànn-khui,看開
khuànn-kiánn-sài,看囝婿
khuànn-ki-huē,看機會
khuànn-kìnn,看見
khuànn-kìnn-kìnn,看見見
khuàn-kò,勸告
khuànn-kuàn-sì,看慣勢
khuànn-kuè-ba̍k,看過目
khuànn-kuè-kuè,看過過
khuànn-kòo,看顧
khuànn-lâng,看人
khuànn-lâng-bô,看人無
khuànn-lâng-ū,看人有
khuànn-liáu-khuànn,看了看
khuànn-m̄-tshut,看不出
khuànn-m̄-khí,看m̄起
khuànn-m̄-tio̍h,看m̄著
khuànn-māi,看覓
khuànn-māi-leh,看māi-leh
khuànn-me̍h,看脈
khuànn-miā,看命
khuànn-miā-sian,看命先
khuànn-nāu-jia̍t,看鬧熱
khuànn-ua̍h,快活
khuànn-pān-sì,看扮勢
khuànn-pān-sì,看範勢
khuànn-pāng-sì,看扮勢
khuànn-pēnn,看病
khuànn-pēnn-lâng,看病人
khuànn-phe,看批
khuànn-phuà,看破
khuànn-pínn,看扁
khuànn-sam-sik,看三色
khuàn-sè-bûn,勸世文
khuànn-sì,看勢
khuànn-sì-bīn,看勢面
khuànn-sî,看時
khuànn-siòng,看相
khuànn-siùnn,看相
khuànn-sue,看衰
khuànn-sue-bái,看衰bái
khuànn-sue-siâu,看衰siâu
khuànn-sông,看sông
khuànn-sông,看傖
khuànn-tâi,看台
khuànn-tānn,看tānn
khuànn-tānn,看誕
khuànn-tānn-ba̍k,看誕目
khuànn-tānn-khì,看誕去
khuànn-tāng,看重
khuànn-tē-lí,看地理
khuànn-tìng-ì,看中意
khuànn-thāi,看待
khuànn-thàng,看thàng
khuànn-thàng-kuè,看迵過
khuànn-thàng-thàng,看thàng-thàng
khuànn-thàu-thàu,看透透
khuànn-thâu,看頭
khuànn-thinn-tshân,看天田
khuànn-thinn-sik,看天色
khuànn-tio̍h,看著
khuànn--tio̍h,看著
khuànn-tio̍h-kuí,看著鬼
khuànn-tiòng,看漲
khuànn-tiōng,看重
khuànn-ti-phue,看豬胚
khuànn-tng,看當
khuànn-ū,看有
khuànn-ū-khí,看有起
khuân,環
khuân-tsōng,環狀
khuân-hái,環海
khuân-hô,環河
khuân-kíng,環境
khuân-kiû,環球
khuân-kòo,環顧
khuân-lāi,圈內
khuân-pó,環保
khuân-pó-kio̍k,環保局
khuân-pó-sú,環保署
khuân-san,環山
khuân-sì,權勢
khuân-sin-tsuâ,環身蛇
khuân-suán,圈選
khuân-thò,圈套
khuân-tó,環島
khuann-á,寬仔
khuann-á-kiânn,寬仔行
khuann-á-sī,寬仔是
khuan-ān,寬限
khuann-bān,寬慢
khuan-hān,寬限
khuan-iông,寬容
khuan-jū,寬裕
khuan-khuah,寬闊
khuann-khuann-á,寬寬仔
khuan-khòng,寬曠
khuann-kín,寬緊
khuan-liōng,寬諒
khuan-sang,寬鬆
khuan-sià,寬赦
khuan-sù,寬恕
khuan-tāi,寬大
khuan-thò,圈套
khuan-tōo,寬度
khuan-uì,寬慰
khua-sī,誇示
khuat,缺
khua-tāi,誇大
khuat-tsuí,缺水
khuat-gia̍h,缺額
khuat-hām,缺憾
khuat-hān,缺限
khuat-ha̍t,缺乏
khuat-hua̍t,缺乏
khuat-huè,缺貨
khua-tiong,誇張
khuat-jû,蛞蝓
khuat-khó,缺考
khuat-niû,缺糧
khua-tuā,誇大
khuat-si̍k,缺席
khuat-sit,缺失
khuat-si̍t,缺食
khuat-tik,缺德
khuat-tiám,缺點
kho-bo̍k,科目
kho-tsik,苛責
kho-tshiū,柯樹
kho-tsú-jīm,科主任
kho-tsuí,苛水
khue,盔
khue,詼
khue,稽
khuè,khuè
khuè,契
khuè,喫
khuè,課
khuè-bó,契母
khuè-hiann-kiánn,契兄囝
khuè-hiann-pô,契兄婆
khuè-iok,契約
khuè-kha,掛腳
khuè-ki,契機
khuè-lī,契字
khuè-pē,契父
khuè-pē,契爸
khuê,葵
khuê,瘸
khuê-tsang,葵棕
khuê-kha,瘸腳
khuê-sìnn,葵扇
khueh,khoeh
khueh,缺
khueh,瞎
khueh,篋
khue̍h,挈
khue̍h-kha,挈腳
khueh-á,篋仔
khue-hâi,詼諧
khueh-ba̍k,khoeh目
khueh-tsiap,挈汁
khueh-tsue̍h,截
khueh-kha,挈腳
khueh-khiàm,缺欠
khue-ho̍k,恢復
khueh-ta̍uh-ta̍uh,瀆瀆
khueh-ti̍h-lí,缺值你
khue-sé,稽洗
khue-sian,刮先
khue-sian,詼仙
khue-sìnn,葵扇
kho-ha̍k,科學
kho-ha̍k-huà,科學化
kho-ha̍k-īnn,科學院
kho-ha̍k-ka,科學家
kho-ha̍k-kài,科學界
khoh-tsō,闊綽
kho-hē,科系
kho-hong,苛風
khok,khok
khok,柝
khok,殼
khok,硞
khok,酷
khok,擴
kho̍k,kho̍k
kho̍k-á,khok-仔
kho̍k-á,涸仔
kho̍k-á-pán,柝仔板
kho̍k-hî,鱷魚
kho̍k-kho̍k-kiò,kho̍k-kho̍k叫
kho̍k-kho̍k-lìn,硞硞輾
kho̍k-kho̍k-tán,枯枯等
kho̍k-kho̍k-tih,涸涸滴
khok-á,柝仔
khok-á,殼仔
khok-á,籗仔
khok-á-hiân,殼仔絃
khok-á-thâu,硞仔頭
khok-ài,酷愛
khok-tshiong,擴充
khok-hîng,酷刑
khok-hîng,酷橫
khok-hia̍h,擴額
kho-ki,科技
kho-kí,科舉
khok-im-khì,擴音器
khok-im-ki,擴音機
kho-kiû,苛求
khok-jia̍t,酷熱
khok-khian,柝圈
khok-khian,柝搴
khok-kiàn,擴建
khok-lâng,酷人
khok-sàn,擴散
khok-san-tiōng,哭山杖
khok-sing-ki,擴聲機
khok-song-tiōng,哭喪杖
khok-tāi,擴大
khok-thâu,擴頭
khok-thâu-puânn,擴頭盤
khok-tián,擴展
khok-tián-kàu,擴展到
khok-tiong,擴張
khok-tuā,擴大
khong,圈
khong,悾
khong-kim-pinn,圈金邊
khóng,khóng
khóng,孔
khóng,慷
khóng-bîng,孔明
khóng-bîng-tshia,孔明車
khóng-bîng-ting,孔明燈
khóng-tshiok,孔雀
khóng-tshiok-sam,孔雀杉
khóng-tshiok-tāu,孔雀豆
khóng-tsú,孔子
khóng-tsú-jī,孔子字
khóng-tsú-kong,孔子公
khóng-kau,慷交
khóng-khài,慷慨
khóng-sik,空色
khòng,khòng
khòng,空
khòng,曠
khòng,礦
khòng-bah,炕肉
khòng-bah,焢肉
khòng-bīng,抗命
khòng-bù,khòng-bù
khòng-bu̍t,礦物
khòng-bu̍t-tsit,礦物質
khòng-tsè,控制
khòng-tsè-khì,控制器
khòng-tsing,抗爭
khòng-tshài-thâu,炕菜頭
khòng-tshn̂g,曠床
khòng-tsiàn,抗戰
khòng-tsio̍h,礦石
khòng-tsit,曠職
khòng-tsuânn,礦泉
khòng-gī,抗議
khòng-gī-su,抗議書
khòng-gia̍p,礦業
khòng-guân,抗原
khòng-han-tsî,焢蕃薯
khòng-hîng,抗衡
khòng-iá,曠野
khòng-iô,焢窯
khòng-jia̍t,抗熱
khòng-ji̍t,抗日
khòng-kang,礦工
khòng-khang,壙空
khòng-khò,曠課
khòng-khuah,曠闊
khòng-khu,礦區
khòng-kī,抗拒
khòng-kiû,控球
khòng-kò,控告
khòng-lē,伉儷
khòng-uānn,炕旱
khòng-piān,抗辯
khòng-pō,抗暴
khòng-poo,曠埔
khòng-sing-sòo,抗生素
khòng-sua,礦砂
khòng-suann,礦山
khòng-sòo,控訴
khòng-tāi,擴大
khòng-tê,炕蹄
khòng-tē,曠地
khòng-thé,抗體
khòng-thng,炕湯
khòng-tiong,擴張
khòng-tiûnn,礦場
khòng-tuā,擴大
không-kuh-lih,控固力
khōng,khōng
khōng-tsng-á,硿磚仔
khōng-kha-khiàu,硿腳蹺
khōng-khiang,硿鏗
khōng-khiàu-í,硿蹺椅
khōng-khiàu-pang,硿蹺枋
khōng-khōng-hián,硿硿晃
khōng-khōng-hián,硿硿幌
khōng-khōng-phiân,硿硿蹁
khōng-khōng-tian,硿硿顛
khōng-tian,硿顛
khong-á-liâu,貢仔寮
khong-am,悾闇
khong-biō,孔廟
khong-bûn,空門
khong-tsìng,匡正
khong-tshiú-tō,空手道
khong-tsiàn,空戰
khong-tsiân,空前
khong-giân,空言
khong-hi,康熙
khong-ho̍k,康復
khong-hông,空防
khong-kan,空間
khong-kàng,空降
khong-khám,悾khám
khong-khám-gōng,悾khám-gōng
khong-khám-khì,悾khám氣
khong-khám-uē,悾khám話
khong-khám-sîn,悾khám神
khong-khì,空氣
khong-khì,悾氣
khong-khì-ê,空氣鞋
khong-khong,悾悾
khong-kiān,康健
khong-ku-lí,khong-ku-lí
khong-kun,空軍
khong-lān,空難
khong-lîng,康寧
khong-lo̍k,康樂
khong-lông,糠榔
khong-pinn,框邊
khong-sióng,空想
khong-si̍p,空襲
khong-tâu,空投
khong-tian,悾癲
khong-tiong,空中
khong-ūn,空運
kho-uân,科員
kho-phài,科派
kho-pia̍t,科別
khop-pih,拷貝
kho-si,柯絲
kho-tánn,苛打
kho-táu,柯斗
kho-thôo,柯土
kho-tiúnn,科長
khoo,呼
khoo,枯
khoo,箍
khoo,麩
khóo,苦
khóo-bé-tshài,苦買菜
khóo-bē-thang,苦bē通
khóo-bē-tit,苦bē得
khóo-bô,苦無
khóo-bué-tshài,苦尾菜
khóo-būn,苦悶
khóo-tsîng,苦情
khóo-tshài,苦菜
khóo-tsháu,苦草
khóo-tshiò,苦笑
khóo-tshiū,苦樹
khóo-tshueh,苦慼
khóo-tshóo,苦楚
khóo-tshut,苦齣
khóo-tsiàn,苦戰
khóo-tso-á,苦糟仔
khóo-tsú,苦主
khóo-tsuí,苦水
khóo-eh,苦厄
khóo-hái,苦海
khóo-ha̍k,苦學
khóo-hîng,苦刑
khóo-hīng,苦行
khóo-hì,苦戲
khóo-huānn,苦旱
khóo-hue,苦花
khóo-ia̍h,苦役
khóo-iám,苦掩
khóo-iám-iám,苦掩掩
khóo-ia̍p-ia̍p,苦揜揜
khóo-ia̍p-ia̍p,苦葉葉
khóo-iô,苦窯
khóo-io̍h,苦藥
khóo-jio̍k-kè,苦肉計
khóo-kam,苦甘
khóo-kam-á,苦甘仔
khóo-kang,苦工
khóo-kang-hu,苦功夫
khóo-ke-bó,苦雞母
khóo-kíng,苦境
khóo-khì,苦氣
khóo-khǹg,苦勸
khóo-kiann,苦驚
khóo-kó,苦果
khóo-kue,苦瓜
khóo-kue-bīn,苦瓜面
khóo-kue-tsháu,苦瓜草
khóo-lân-king,可蘭經
khóo-lān,苦難
khóo-li̍k,苦力
khóo-līng,苦楝
khóo-līng-kang,苦楝公
khóo-līng-kū,苦楝舅
khóo-liám,苦斂
khóo-liān,苦練
khóo-lo̍h,苦lo̍h
khóo-lo̍k,苦樂
khóo-m̄,苦m̄
khóo-miā,苦命
khóo-mn̂g,苦毛
khóo-mn̂g-á,khóo毛仔
khóo-muâ,苦麻
khóo-moo,苦毛
khóo-môo,苦毛
khóo-nâ-puânn,苦林盤
khóo-nâ-puânn,苦藍盤
khóo-náu,苦惱
khóo-ô-á,苦蚵仔
khóo-uá,苦倚
khóo-uānn,洘旱
khóo-ònn,可惡
khóo-ònn-tsiáu,苦惡鳥
khóo-òo,可惡
khóo-phuê,苦皮
khóo-phuê-tshiū,苦皮樹
khóo-sí,苦死
khóo-sim,苦心
khóo-su,苦思
khóo-ta̍k-ta̍k,苦篤篤
khóo-tê,苦茶
khóo-teh-teh,苦塊塊
khóo-tik,苦竹
khóo-thàn,苦嘆
khóo-thàng,苦痛
khóo-thi,苦樗
khóo-thiāu,苦柱
khóo-thiāu-á,苦柱仔
khóo-thiong,苦衷
khóo-thng,苦湯
khóo-thô,苦桃
khóo-tho̍k,苦讀
khóo-thòng,苦痛
khóo-tuànn,苦旦
khóo-to̍k,苦毒
khóo-tòng,苦棟
khóo-tu,苦株
khòo,khòo
khòo,庫
khòo,褲
khòo-tshà,褲衩
khòo-tsînn,庫錢
khòo-tsûn,庫存
khòo-kha,褲腳
khòo-kha-bué,褲腳尾
khòo-kha-phāng,褲腳縫
khòo-khòo,怐怐
khòo-liú-á,褲紐仔
khòo-sian,怐先
khòo-sîn,怐神
khòo-tâng,褲筒
khòo-té,褲底
khòo-tē-a,褲袋仔
khòo-tē-á,褲袋仔
khòo-thâu,褲頭
khòo-thâu-tuà,褲頭帶
khòo-thìnn,褲撐
khòo-thiu,褲紬
khòo-tn̂g,褲段
khòo-tuà,褲帶
khôo,糊
khôo-kha̍h,糊kha̍h
khoo-á,箍仔
khoo-eh,呼呃
kho-uí,科委
khoo-înn,箍圓
kho-ui-ti̍k,科威特
khoo-ke,呼雞
khoo-khoo-á,箍箍仔
khoo-le̍h-á,箍笠仔
khoo-le-lah,呼列拉
khoo-lôo,骷髏
khoo-uá,箍倚
khoo-uá-lâi,呼倚來
khoo-pi-á,呼觱仔
khoo-puànn,箍半
khoo-pue,箍飛
khoo-sái-eh,呼屎呃
khoo-sò,枯燥
khoo-su-á,呼哨仔
khoo-tau,箍兜
khoo-tháng,箍桶
khoo--tiâu,箍tiâu
khoo-ù-á,呼噎仔
khoo-uh-á,呼噎仔
khoo-uî,箍圍
khu,丘
khu,拘
khu,區
khu,軀
khu,驅
khù-khù-sàu,咳咳嗽
khû,竘
khû,蹲
khû-be̍h,瞿麥
khû-kha,踞腳
khû-khiā,khû-khiā
khû-khû-tsùn,踞踞顫
khû-khû-tiô,踞踞趒
khû-sio,khû燒
khū,臼
khū,柩
khū-á-thuî,臼仔槌
kū-iú,具有
khū-khí,臼齒
khū-khū-tshuah,懼懼chhoah
khū-khū-tsun,懼懼蹲
khū-khū-tsun,懼懼顫
khū-khū-tsùn,懼懼戰
khū-khū-tsùn,懼懼顫
khū-kiat,具結
khū-lo̍k-pōo,俱樂部
khū-phà,懼怕
khū-pī,具備
khū-thé,具體
khu-ah,拘押
khu-bòng-sià,邱罔舍
khu-tsip,拘執
khu-i̍k,區劃
khu-gô,拘鵝
khu̍h-khu̍h-háu,khu̍h-khu̍h吼
khu̍h-khu̍h-sàu,khu̍h-khu̍h嗽
khu-hi̍k,區域
khu-hi̍k-sìng,區域性
khu-hun,區分
khui,開
khui,虧
khuí,軌
khuí,詭
khuí-tsà,詭詐
khuí-ì,詭異
khuí-kè,詭計
khuì,氣
khuì-bué,氣尾
khuì-tsháu,氣草
khuì-tshiong-thinn,氣沖天
khuì-tshuán-tshut,氣喘出
khuì-tshuán-ji̍p,氣喘入
khuì-tsua̍t,氣絕
khuì-iông,潰瘍
khuì-kháu,氣口
khuì-kiù,愧疚
khuì-la̍t,氣力
khuì-sì,氣勢
khuì-si-á,氣絲仔
khuì-thâu,氣頭
khui-á,開仔
khu-ia̍h,拘役
khui-àm-tshia,開暗車
khui-ba̍k,開目
khui-bīn,開面
khui-tsénn,開井
khui-tshài,開菜
khui-tsha̍k,開鑿
khui-tshân,開田
khui-tshe,開叉
khui-tshìng,開銃
khui-tshī,開市
khui-tshia,開車
khui-tshiú,開手
khui-tsho,開臊
khui-tshuì,開嘴
khui-tshuì-tshàu,開嘴臭
khui-tshuì-kiāu,開嘴譙
khui-tshun,開春
khui-tsiann,開正
khui-tsînn,開錢
khui-tsīn-pōng,開盡磅
khui-tsi-phiò,開支票
khui-tsûn,開船
khui-gī,開議
khui-hā-hā,開下下
khui-hng,開荒
khui-hua̍t-tuann,開罰單
khui-huat-phiò,開發票
khui-hue,開花
khui-hué,開火
khui-huē,開會
khui-hong,開封
khui-hōo,開戶
khui-hùn,開訓
khui-hūn,開份
khui-iā-tshia,開夜車
khui-io̍h,開藥
khui-io̍h-á,開藥仔
khui-io̍h-hng,開藥方
khui-io̍h-tuann,開藥單
khui-kau,開溝
khui-kau-á,開溝仔
khui-kè,開價
khui-kha,開腳
khui-kha-tshe,開腳叉
khui-kha-khing,開腳脛
khui-kha-khòo,開腳褲
khui-kha-kiânn,開腳行
khui-khang,開空
khui-kha-thian,開腳天
khui-khing,開框
khui-khì,開去
khui-khuah,開闊
khui-khuat,虧缺
khui-khong,虧空
khui-khòng,開曠
khui-khui,開開
khui--khui,開開
khui-ki,開裾
khui-ki,開機
khui-kiû,開球
khui-kng,開光
khui-kong-hūn,開公分
khui-ku,開裾
khui--lâi,開來
khui-lia̍t,開列
khui-li̍p,開立
khui-lōo,開路
khui-lōo-ki,開路機
khui-mn̂g,開門
khuìnn-ua̍h,快活
khuìnn-ua̍h-tsînn,快活錢
khui-o̍h,開學
khui-óo,開挖
khui-pan,開班
khui-pān,開辦
khui-pau,開包
khui-ping,開兵
khui-phiò,開票
khui-phiò-sóo,開票所
khui-phuà,開破
khui-pî,開脾
khui-pî-thng,開脾湯
khui-pînn,開棚
khui-pio,開標
khui-puânn,開盤
khui-pōo,開步
khui-pún,虧本
khui-sì-tiûnn,開四場
khui-siann,開聲
khui-siann-khàu,開聲哭
khui-siàu,開數
khui-sim,開心
khui-sim,虧心
khui-sim-hīng,虧心行
khui-sim-khiàu,開心竅
khui-só,開鎖
khui-sún,虧損
khui-tâi,開台
khui-té-khòo,開底褲
khui-tîng,開庭
khui-thāi,虧待
khui-tháu,開tháu
khui-thàu,開透
khui-thâu,開頭
khui-thiah,開拆
khui-thinn-thang,開天窗
khui-tiàm,開店
khui-to,開刀
khui-tó-tshia,開倒車
khui-toh,開桌
khui-tōng,開動
khui-uî,開圍
khu-kan,區間
khu-keh,區隔
khu-khak,軀殼
khu-khu,區區
khu-kiat-ní,邱吉爾
khu-kìm,拘禁
khu-kín,拘謹
khu-kuánn,驅趕
khu-kong-sóo,區公所
khu-lá-tsì,khu-lá-tsì
khu-lí,苦里
khu-liû,拘留
khu-liû-sóo,拘留所
khun,khun
khún,捆
khún,菌
khún,綑
khún-tsò-hué,綑做伙
khún-tshíng,懇請
khún-tshiat,懇切
khún-hong,墾荒
khún-kang,捆工
khún-kiû,懇求
khún-pa̍k,綑縛
khún-tâm,懇談
khún-ting,墾丁
khún-thâu,khún頭
khùn,困
khùn,睏
khùn-bāng,睏夢
khùn-bē-khì,睏bē去
khùn-bîn,睏眠
khùn-tsing-sîn,睏精神
khùn-tsháu-poo,睏草埔
khùn-tshénn,睏醒
khùn-tsi̍t-tshénn,睏一醒
khùn-hi̍k,困惑
khùn-jiáu,困擾
khùn-ka-tsuē,睏ka-tsuē
khùn-king,睏間
khùn-kíng,困境
khùn-khang-pâng,睏空房
khùn-khang-phoo,睏空舖
khùn--khì,睏去
khùn-khóo,困苦
khùn-khòo,睏褲
khùn-kio̍k,困局
khùn-kuè-bîn,睏過眠
khùn-kuè-thâu,睏過頭
khùn-lân,困難
khùn-lo̍h-bîn,睏落眠
khùn-pá,睏飽
khùn-pá-bîn,睏飽眠
khùn-pâng,睏房
khùn-phak-phak,睏仆仆
khùn-sann,睏衫
khùn-siàng,睏相
khùn-sîn,睏神
khùn-tang,睏冬
khùn-tāng-bîn,睏重眠
khùn-tàu,睏晝
khùn-tàu-tīn,睏鬥陣
khùn-tē,睏袋
khùn-thán-tshiò,睏坦笑
khùn-thán-tshiò,睏袒笑
khùn-thán-huâinn,睏坦橫
khùn-thán-khi,睏坦敧
khùn-thán-phak,睏坦覆
khùn-thán-sin,睏坦身
khùn-thinn-lōo,睏天路
khùn-thinn-lōo,睏天露
khùn-tiān,睏殿
khùn-tiong-tàu,睏中晝
khùn-tuā-ti,睏大豬
khùn-tuann-phoo,睏單舖
khûn,khûn
khûn,囷
khûn,蜷
khûn-tsuâ,囷蛇
khûn-hn̄g-lōo,囷遠路
khûn-kim-pinn,囷金邊
khûn-kim-suànn,囷金線
khûn-liông,囷龍
khûn-sin-tsuâ,囷身蛇
khûn-suànn,囷線
khûn-suann-lōo,蜷山路
khûn-soh-á,蜷索仔
khu-ná-hue,拘那花
khun-bîng,昆明
khun-bīn-mn̂g,髡面毛
khun-iông,昆陽
khun-khik,崑曲
khun-phuê,髡皮
khun-san,崑山
khun-thiông,昆蟲
khun-to,khun刀
khu-phiò,拘票
khu-phiô,丘薸
khu-pia̍t,區別
khu-póo,拘捕
khu-siâ,驅邪
khu-suànn,驅散
khu-sok,拘束
khut,屈
khut,堀
khut,窟
khu̍t-bué-lōo,khu̍t尾路
khu̍t-bué-hāng,khu̍t尾巷
khu̍t-bué-pit,khu̍t尾筆
khu̍t-tsíng,khu̍t種
khu̍t-tshîng,khu̍t松
khu̍t-pōo,khu̍t步
khu̍t-thâu,khu̍t頭
khu̍t-thâu-hāng,khu̍t頭巷
khu̍t-thâu-káng,khu̍t頭港
khu̍t-thâu-lōo,khu̍t頭路
khu̍t-thâu-pōo,khu̍t頭步
khu̍t-thâu-suann,khu̍t頭山
khut-á,窟仔
khu-ta̍k,驅逐
khut-tshioh,屈尺
khut-tshioh-kak,屈尺角
khut-tshiú,屈手
khut-tsiū,屈就
khut-gia̍h,屈額
khut-guân,屈原
khu-thê,拘提
khut-ho̍k,屈服
khu-tî,驅除
khut-io,屈腰
khu-tio̍k-lām,驅逐艦
khu-tiúnn,區長
khut-jio̍k,屈辱
khut-khiok,屈曲
khut-kiô,屈橋
khut-kiông,倔強
khu-tuānn,區段
khu-tōng,驅動
khut-sì,屈勢
khut-thinn-lí,屈天理
ki,支
ki,乩
ki,肌
ki,吱
ki,車
ki,居
ki,枝
ki,飢
ki,基
ki,箕
ki,裾
ki,嘰
ki,機
ki-hā-hong,居下風
kí,己
kí,指
kí,矩
kí,麂
kí,舉
kí-tsáinn,kí指
kí-tsáinn,指指
kí-tsè,舉債
kí-tshìng,舉銃
kí-tshut,舉出
kí-tsí,舉止
kí-guân,紀元
kí-hîng,舉行
kí-hô,幾何
kí-huat,舉發
kí-í,既已
kí-jîn,舉人
kí-ke,舉家
kí-kí,指指
kí-kiàn,己見
kí-kok,舉國
kí-kong-hō,莒光號
kí-kong-ji̍t,莒光日
kí-lē,舉例
kí-pān,舉辦
kí-pue,舉杯
kí-sè,舉世
kí-tāng,舉重
kí-tiong-tsáinn,指中指
kí-toh,几桌
kí-toh-á,几桌仔
kí-tōng,舉動
kì,計
kì,記
kì,痣
kì,據
kì,鋸
kì-á,鋸仔
kì-á-sua,鋸仔鯊
kì-bē-tshing,記bē清
kì-bē-tiâu,記bē-tiâu
kì-bōng,寄望
kì-tsài,記載
kì-tsâi,記才
kì-tsāi,據在
kì-tsāi-guá,據在我
kì-tsāi-i,據在伊
kì-tsāi-lâng,據在人
kì-tsāi-lí,據在你
kì-tshing,據稱
kì-tshiu,痣鬚
kì-tshú,記取
kì-tsiá,記者
kì-tsiá-huē,記者會
kì-tsûn,寄存
kì-ik,記憶
kì-ik-li̍k,記憶力
kì-ik-thé,記憶體
kì-hā,記下
kì-hīn,記恨
kì-hō,記號
kì-huat,記法
kì-hun,記分
kì-iáng,寄養
kì-jiân,既然
kì-jīn,記認
kì-kò,記過
kì-kuà,記掛
kì-kong,記功
kì-lè,鋸鑢
kì-lē,鋸鑢
kì-lí,據理
kì-liām,紀念
kì-liām-tsheh,紀念冊
kì-liām-ji̍t,紀念日
kì-liām-kuán,紀念館
kì-liām-pi,紀念碑
kì-liām-sìng,紀念性
kì-liām-tn̂g,紀念堂
kì-lio̍k,記錄
kì-lo̍k,記錄
kì-lo̍k-phìnn,紀錄片
kì-lu̍t,紀律
kì-miâ,記名
kì-mn̂g,痣毛
kì-pò,據報
kì-sìng,記性
kì-sī,既是
kì-siàu,記數
kì-siàu,記賬
kì-sim,記心
kì-sîn,記神
kì-si̍t,據實
kì-sū-pún,記事本
kì-sut,鋸屑
kì-su̍t,記述
kì-sut-hu,鋸屑hu
kì-sut-hu,鋸屑灰
kì-teh,記leh
kì-tīng,既定
kì-thâu-sua,鋸頭鯊
kì-thok,寄託
kì-tî,記持
kì-tiám,據點
kì-tiâu,記tiâu
kì-tiâu,記椆
kì-tiâu-tiâu,記椆椆
kì-tio̍h,記著
kì-tit,記得
kì-tuā-kò,記大過
kî,其
kî,奇
kî,期
kî,棋
kî,旗
kî,鰭
kî-á,旗仔
kî-āu,其後
kî-biāu,奇妙
kî-bua̍t-khó,期末考
kî-bōng,期望
kî-tsâi,奇才
kî-tsik,奇蹟
kî-tshù,其次
kî-guā,其外
kî-hā,旗下
kî-hān,期限
kî-hîng,畸形
kî-hí,期許
kî-hî,旗魚
kî-hî-kū,旗魚舅
kî-hō,旗號
kî-huè,期貨
kî-hok,祈福
kî-ì,歧異
kî-î,其餘
kî-īnn,奇異
kî-iok,期約
kî-it,其一
kî-jí,棋子
kî-ji̍t,期日
kî-kan,其間
kî-kan,期間
kî-kíng,奇景
kî-khá,奇巧
kî-khá-uē,奇巧話
kî-khan,期刊
kî-khó,期考
kî-kiàn,歧見
kî-kiû,祈求
kî-ko,旗篙
kî-kuài,奇怪
kî-kuài-phiah,奇怪癖
kî-kuáinn,旗桿
kî-kuan,奇觀
kî-kuann,旗杆
kî-kuann,旗竿
kî-kuann,旗桿
kî-kun-á,旗軍仔
kî-lāi,其內
kî-lâm-hiunn,奇南香
kî-lāu,耆老
kî-li̍k-á,奇力仔
kî-lîng,畸零
kî-lī,其二
kî-lîn,麒麟
kî-lîn-hî,麒麟魚
kî-lîn-hue,麒麟花
kî-lîn-lo̍k,麒麟鹿
kî-ló,耆老
kî-lōo,歧路
kî-muá,期滿
kî-ping,奇兵
kî-phàn,期盼
kî-phâu,旗袍
kî-puânn,棋盤
kî-san,旗山
kî-sî,其時
kî-sī,歧視
kî-siâ,奇蛇
kî-sióng,奇想
kî-si̍p,奇襲
kî-si̍t,其實
kî-thāi,期待
kî-thann,其他
kî-thiāu,旗柱
kî-tiong,其中
kî-tiong,期中
kî-tó,祈禱
kī,己
kī,忌
kī,距
kī-bû-pà,巨無霸
kī-tshenn,巨星
kī-tshio̍h,忌蓆
kī-tshiūnn,巨匠
kī-tsua̍t,拒絕
kī-tsu,巨資
kī-gia̍h,巨額
kī-hîng,巨型
kī-hiáng,巨響
kī-hù,拒付
kī-huì,忌諱
kī-ji̍t,忌日
kī-khuán,巨款
kī-kiáu,拒繳
kī-lâng,巨人
kī-lí-king,妓女間
kī-lī,距離
kī-liāng,巨量
kī-lōng,巨浪
kī-pak,巨幅
kī-póo,拒捕
kī-tāi,巨大
kī-thâu,巨頭
ki-á-ping,枝仔冰
kià,寄
kià-bāng,寄望
kià-bē,寄賣
kià-tshuì,寄嘴
kià-tshut,寄出
kià-tsia̍h,寄食
kià-tsuē,寄罪
kià-hīn,寄恨
kià-hué-si̍t,寄伙食
kià-huè,寄貨
kià-huê,寄回
kià-hōo,寄互
kià-hù,寄附
kià-kha,寄腳
kià-khē,寄下
kià-khiā,寄khiā
kià-khiā,寄徛
kià-khǹg,寄khǹg
kià-ki,寄居
kià-kim,寄金
kià-kim-phōo,寄金簿
kià-ki-thâng,寄居蟲
kià-kuan,寄棺
kià-lâi,寄來
kià-uē,寄話
kià-o̍h,寄學
kià-phe,寄批
kià-senn,寄生
kià-sing-thâng,寄生蟲
kià-siann,寄聲
kià-thok,寄託
kià-tuà,寄帶
kiā,崎
kiā-á,陭仔
kiā-á-tsàn,崎仔棧
kiā-á-tsàn,陭仔層
kiā-tsàn,陭層
kiā-tshuì,崎嘴
kiā-pho,崎坡
kiā-pho,陭坡
kiā-piah,崎壁
kiā-tíng,崎頂
kiā-tōo,崎度
kia̍h,屐
kia̍h-ba̍k,kia̍h目
kia̍k,kia̍k
kia̍k,劇
kia̍k-gê,劇牙
kia̍k-piàn,劇變
kiam,兼
kiám,豈
kiám,敢
kiám,減
kiám,檢
kiám-huè-siū,減歲壽
kiám-bián,減免
kiám-tsa,檢查
kiám-tshái,減采
kiám-tshat,檢察
kiám-tshik,檢測
kiám-tsì,減至
kiám-tsió,減少
kiám-tsng,檢妝
kiám-i̍k,檢疫
kiám-giām,檢驗
kiám-hîng,減刑
kiám-ia̍t,檢閱
kiám-jio̍k,減弱
kiám-kè,減價
kiám-kē,減低
kiám-kháu-ông,減口王
kiám-khin,減輕
kiám-khùn,減睏
kiám-kí,檢舉
kiám-kóng,敢講
kiám-liāu,減料
kiám-uān,減緩
kiám-puànn,減半
kiám-puî,減肥
kiám-sán,減產
kiám-sénn,減省
kiám-síng,減省
kiám-si,檢屍
kiám-sī,檢視
kiám-siáu,減少
kiám-sin,減薪
kiám-sió,減小
kiám-siok,減縮
kiám-siok,檢肅
kiám-siu,減收
kiám-siu,檢修
kiám-suè,減稅
kiám-sok,減速
kiám-tīng,檢定
kiám-thè,減退
kiám-thó,檢討
kiám-thó-huē,檢討會
kiám-tiám,檢點
kiám-un,檢溫
kiàm,劍
kiàm-a̍h,劍匣
kiàm-hang,劍魟
kiàm-hî,劍魚
kiàm-ji̍t,間日
kiàm-kiô,劍橋
kiàm-lân,劍蘭
kiàm-siò,劍鞘
kiàm-sua,劍鯊
kiàm-sok,劍束
kiàm-thâm,劍潭
kiàm-tō,劍道
kiâm,鹹
kiâm-ah-nn̄g,鹹鴨蛋
kiâm-tshài,鹹菜
kiâm-tsháu,鹹草
kiâm-tsiánn,鹹汫
kiâm-tsuí-hî,鹹水魚
kiâm-tsuí-huè,鹹水貨
kiâm-tsuí-tē,鹹水地
kiâm-tsuí-thôo,鹹水土
kiâm-giô-á,鹹蟯仔
kiâm-gû-ling,鹹牛奶
kiâm-gû-ni,鹹牛奶
kiâm-hê-hue,鹹蝦花
kiâm-hî,鹹魚
kiâm-hî-thâu,鹹魚頭
kiâm-hōo,鹹雨
kiâm-kè,鹹價
kiâm-kuà-siap,鹹掛澀
kiâm-kue,鹹瓜
kiâm-koh-siap,鹹閣澀
kiâm-kong-piánn,鹹光餅
kiâm-ku,鹹龜
kiâm-ku-sian,鹹龜仙
kiâm-ku-thu̍h,鹹龜突
kiâm-liân-hî,鹹鰱魚
kiâm-m̂-á,鹹梅仔
kiâm-muâi,鹹糜
kiâm-sí-sí,鹹死死
kiâm-siam,鹹瞻
kiâm-siap,鹹澀
kiâm-siûnn,鹹瘍
kiâm-sng-tsháu,鹹酸草
kiâm-sng-tinn,鹹酸甜
kiâm-tuâ,鹹淘
kiâm-tok-tok,鹹篤篤
kiam-tshai,兼差
kiam-tsit,兼職
kiam-îng,兼營
kiam-iōng,兼用
kiam-jīm,兼任
kiam-khò,兼課
kiam-khū,兼具
kiam-kuán,兼管
kiam-kòo,兼顧
kiam-pān,兼辦
kiam-sì,兼勢
kiam-tè-tsò,兼塊做
kiam-thiāu,兼祧
kiam-tit,兼得
kian,堅
kiann,驚
kián,kián
kiánn,囝
kián,繭
kiánn-bó-á,囝母仔
kiánn-jî,囝兒
kiánn-jî-sun,囝兒孫
kiánn-lî,囝兒
kiánn-pē-á,囝父仔
kiánn-sài,囝婿
kiánn-sài-kuann,囝婿倌
kiánn-sài-phuānn,囝婿伴
kiánn-sài-thueh,囝婿替
kiánn-sin-pū,囝新婦
kiánn-sun,囝孫
kiánn-sun-tē,囝孫袋
kiánn-sun-tháng,囝孫桶
kiánn-tī,囝弟
kiàn,見
kiàn,毽
kiànn,鏡
kiàn-an,建安
kiànn-a̍p,鏡盒
kiànn-bah,鏡肉
kiànn-bīn,鏡面
kiàn-bûn,見聞
kiàn-tsâi,建材
kiàn-tsè,建制
kiàn-tsìng,見證
kiàn-tshiū,建樹
kiànn-tshiunn,鏡鯧
kiàn-tshiúnn,建廠
kiàn-tsí-bah,腱子肉
kiàn-tsînn,毽錢
kiàn-tsiò,建醮
kiàn-tsō,建造
kiàn-tsú,毽子
kiàn-gī,建議
kiàn-gī-àn,建議案
kiàn-giân,建言
kiàn-guā,見外
kiàn-hāu,見效
kiàn-hó,建好
kiànn-jîn,鏡仁
kiàn-kái,見改
kiàn-kái,見解
kiàn-kau,建交
kiànn-khing,鏡框
kiàn-kî,見奇
kiàn-kuài,見怪
kiàn-kok,建國
kiàn-kong,建功
kiàn-ko-te,見高低
kiàn-kóo,見古
kiàn-kòo,建構
kiàn-kun,建軍
kiàn-lâi-sîng,見來成
kiàn-lân,建蘭
kiànn-lîn,鏡仁
kiàn-liōng,見諒
kiàn-li̍p,建立
kiàn-li̍p-khí,建立起
kiàn-pái,見擺
kiàn-pè-lu̍t,建蔽率
kiàn-phênn,建坪
kiàn-puânn,鍵盤
kiàn-pún,見本
kiàn-sik,見識
kiàn-sîng,建成
kiàn-siat,建設
kiàn-siat-kio̍k,建設局
kiàn-siat-sóo,建設所
kiàn-siat-thiann,建設廳
kiàn-siàu,見笑
kiàn-siàu-bīn,見笑面
kiàn-siàu-tsháu,見笑草
kiàn-siàu-sí,見笑死
kiàn-siàu-tāi,見笑代
kiàn-si̍p,見習
kiàn-tâi,建台
kiànn-tâi,鏡臺
kiànn-tâi,鏡檯
kiànn-tâi-toh,鏡台桌
kiàn-tē,建地
kiànn-thâu,鏡頭
kiàn-tì,建置
kiànn-tiau,鏡鯛
kiàn-tio̍k,建築
kiàn-tio̍k-bu̍t,建築物
kiàn-tio̍k-gia̍p,建築業
kiàn-tio̍k-siong,建築商
kiàn-tio̍k-su,建築師
kiàn-tiong,建中
kiàn-tóng,建黨
kiânn,行
kiânn-tseh-khuì,行節氣
kiânn-tsiú-ka,行酒家
kiânn-kīn-lōo,行近路
kiânn-àm-lōo,行暗路
kiânn-āu-mn̂g,行後門
kiânn-āu-suann,行後山
kiânn-bē-thong,行bē通
kiânn-bô-lōo,行無路
kiânn-tshâ-kha,行柴腳
kiânn-tshin,行親
kiânn-tshin-tsiânn,行親情
kiânn-tshun,行春
kiânn-tsi̍t-tsuā,行一tsuā
kiânn-tsi̍t-liàn,行一liàn
kiânn-tsûn,行船
kiânn-tsûn-lâng,行船人
kiânn-ē-thong,行會通
kiânn-hia̍h-lé,行額禮
kiânn-hiòng,行向
kiânn-hông,行hông
kiânn-hûn,行痕
kiânn-hûn-tíng,行雲頂
kiânn-iû,行遊
kiânn-jiah,行跡
kiânn-kang-ôo,行江湖
kiânn-kàu,行到
kiânn-king,行經
kiânn-kha,行腳
kiânn-kha-hue,行腳花
kiânn-kha-kàu,行腳到
kiânn-khì,行去
kiânn-khì,行氣
kiânn--khì,行去
kiânn-khì--a,行去a
kiânn-khuì,行氣
kiânn-kî,行棋
kiânn-kuè,行過
kiânn--kuè-khì,行過去
kiânn-kuè-sin,行過身
kiânn-kûn,行拳
kiânn-lé,行禮
kiânn-lîng,行靈
kiânn-lōo,行路
kiânn-lōo-kang,行路工
kiânn-uá,行uá
kiânn-uan-lōo,行彎路
kiânn-pàng,行放
kiânn-pâng,行房
kiânn-phiàn,行遍
kiânn-sî,行時
kiânn-suá,行徙
kiânn-suann,行山
kiânn-soh,行索
kiânn-ta̍h,行踏
kiânn-tānn,行誕
kiânn-tāng,行動
kiânn-té-lōo,行短路
kiânn-thàng-thàng,行thàng-thàng
kiânn-thàu-thàu,行透透
kiânn-tio̍h-lōo,行著路
kiânn-tńg,行轉
kiânn-tò-thè,行倒退
kiânn-tuā-lé,行大禮
kiânn-ûn,行云
kiânn-ûn,行勻
kiânn-ūn,行運
kiānn,件
kiānn,健
kiān,腱
kiān,鍵
kiān-bí,健美
kiān-bông,健忘
kiān-tsāi,健在
kiānn-tsâng,健欉
kiān-tsiòng,健將
kiān-tsuân,健全
kiān-hîng,健行
kiān-jî,健兒
kiān-khong,健康
kiān-kuai,健乖
kiān-kuai,掔乖
kiānn-sin,健身
kiān-sin,健身
kiān-sin-pâng,健身房
kiānn-sòo,件數
kiān-tâm,健談
kiān-tiu,健丟
kiann-bóo,驚某
kian-tsing,堅貞
kiann-tshénn,驚醒
kian-tshing,堅稱
kian-tshî,堅持
kiann-tshuah,驚chhoah
kiann-tshuah-tshuah,驚chhoah-chhoah
kiann-tsi̍t-ē,驚一下
kiann-tsi̍t-tiô,驚一趒
kiann-tsuí-tsìng,驚水症
kiang,疆
kiâng-kan,強姦
kiâng-pik,強迫
kiann-gî,驚疑
kiann-hí,驚喜
kiann-hì,京戲
kiann-hiannh,驚hiannh
kiann-hiám,驚險
kiann-hiânn,驚惶
kiann-hiông,驚惶
kiann-huâ,京華
kian-hong,堅風
kiann-hûn,驚魂
kiann-jua̍h,驚熱
kiann-khe̍h-khe̍h,驚桀桀
kiann-khia̍t-khia̍t,驚桀桀
kiann-khū,驚懼
kiann-kî,驚奇
kian-kī,堅拒
kiann-kiann,驚驚
kiann-kiàn-siàu,驚見笑
kian-kiông,堅強
kiann-kiu,驚勼
kian-kuann,堅干
kiann-kuânn,驚寒
kian-kuat,堅決
kiann-kue̍h-kue̍h,驚狹狹
kian-kòo,堅固
kiann-lâng,驚人
kiann--lâng,驚人
kiann-lâng-kóng,驚人講
kiann-líng,驚冷
kiann-liáu,驚了
kiann-lún,驚懍
kiann-ngiau,驚ngiau
kiann-ngiau-tsháu,驚撓草
kiann-nng-tsháu,驚掄草
kiann-ok-lâng,驚惡人
kian-pa,堅疤
kiann-pan,哀班
kian-ping,堅冰
kiann-pháinn-lâng,驚歹人
kiann-pháinn-sì,驚歹勢
kian-phí,堅疕
kiann-puànn-sí,驚半死
kiann-senn-hūn,驚生分
kiann-sí,驚死
kiann-sí-lâng,驚死人
kiann--sì,驚死
kiann-siânn,京城
kian-sim,堅心
kiann-sim,驚心
kian-sìn,堅信
kiann-sio,驚燒
kian-siú,堅守
kian-sng,堅霜
kiann-sū,驚事
kian-tàng,堅凍
kiann-tāng,驚動
kiann-tang-tshài,京東菜
kian-tīng,堅定
kian-tīng,堅碇
kiann-thàn,驚嘆
kiann-thiànn,驚痛
kiann-tio̍h,驚著
kiann--tio̍h,驚著
kiann-tiûnn,驚場
kiann-too,京都
kiann-uì,驚畏
kiap,劫
kiap,夾
kia̍p,kia̍p
kia̍p-tshuì,kia̍p嘴
kia̍p-tshuì,給嘴
kia̍p-tshuì-pô,給嘴婆
kia̍p-kia̍p-kiò,給給叫
kiap-tsa̍p,夾雜
kiap-tshî,劫持
kiap-huí,劫匪
kiap-kann,劫監
kiap-kik,夾擊
kiap-ki,劫機
kiap-kuan,劫棺
kiap-lān,劫難
kiap-lia̍h,劫掠
kiap-ue,夾鍋
kiap-pán,夾板
kiap-sòo,劫數
kiap-tik-thô,夾竹桃
kiap-thô,夾桃
kiap-tiánn,夾鼎
kiap-tiâu,夾tiâu
kiap-tuà,夾帶
kiat,kiat
kiat,吉
kiat,桔
kiat,結
kia̍t,kia̍t
kia̍t,傑
kia̍t,竭
kia̍t-á-ko,竭仔哥
kia̍t-tshut,傑出
kia̍t-tsok,傑作
kia̍t-hî,傑魚
kiat-á,桔仔
kiat-á-tsiap,桔仔汁
kiat-áu,揭拗
kiat-bîng,結盟
kiat-bué,結尾
kiat-bōo,揭幕
kiat-tsat,結紮
kiat-tsenn,結晶
kiat-tsīng,潔淨
kiat-tsháu-thâng,結草蟲
kiat-tshin,結親
kiat-tsí,結籽
kiat-tsīn,竭盡
kiat-tsio̍h,結石
kiat-tsio̍h-thâu,擊石頭
kiat-gī,結義
kiat-gia̍p,結業
kiat-hā,結下
kiat-ha̍p,結合
kiat-hiong,吉凶
kiat-huat,揭發
kiat-huē,結匯
kiat-hun,結婚
kiat-hùn,結訓
kiat-hu̍t,結核
kiat-hu̍t-pēnn,結核病
kiat-iân,結緣
kiat-ji̍t,吉日
kiat-kau,結交
kiat-kīng,桔梗
kiat-khik,傑克
kiat-kio̍k,結局
kiat-kó,結果
kiat-kòo,結構
kiat-kui-lun,結規lun
kiat-lan,結趼
kiat-lī,吉利
kiat-lîm,吉林
kiat-liông-pho,吉隆坡
kiat-lūn,結論
kiat-uàn,結怨
kiat-uan-siû,結冤仇
kiat-pa,結疤
kiat-pài,結拜
kiat-ping,結冰
kiat-phuānn,結伴
kiat-piánn,桔餅
kiat-sik,結識
kiat-sîng,結成
kiat-sī,揭示
kiat-siā,結社
kiat-siàu,結數
kiat-siông,吉祥
kiat-si̍t,結實
kiat-sǹg,結算
kiat-sok,結束
kiat-suī,結穗
kiat-ting-thâng,吉丁蟲
kiat-thâu-tshài,結頭菜
kiat-tiāu,kiat掉
kiat-tiāu,吉兆
kiat-tóng,結黨
kiat-uî,結為
kiau,蛟
kiau,嬌
kiau,驕
kiáu,檄
kiáu,繳
kiáu,攪
kiáu-á-lê,攪仔螺
kiáu-tsìng,矯正
kiáu-tshá,攪吵
kiáu-tshut,繳出
kiáu-tsiâu,攪tsiâu
kiáu-tso̍k,九族
kiáu-tsuí,攪水
kiáu-giām,繳驗
kiáu-huê,繳回
kiáu-hù,繳付
kiáu-huì,繳費
kiáu-jiáu,攪擾
kiáu-ká,攪絞
kiáu-kau,繳交
kiáu-king,儌間
kiáu-king,檄間
kiáu-kha,儌腳
kiáu-khang,九孔
kiáu-khuán,繳款
kiáu-khòo,繳庫
kiáu-kióng,矯強
kiáu-kuí,kiáu鬼
kiáu-kùn,儌棍
kiáu-kùn,檄棍
kiáu-lā,攪撈
kiáu-lā,攪撓
kiáu-la̍p,繳納
kiáu-liáu,攪擾
kiáu-luān,攪亂
kiáu-uân,繳完
kiáu-pè,攪褙
kiáu-phuānn,儌伴
kiáu-pn̄g,攪飯
kiáu-pún,儌本
kiáu-pún,檄本
kiáu-sian,儌仙
kiáu-sian,檄仙
kiáu-siàu,儌數
kiáu-siu,繳收
kiáu-siū,儌岫
kiáu-so,攪唆
kiáu-suànn,攪散
kiáu-suè,繳稅
kiáu-tang-kue,攪冬瓜
kiáu-thà,攪thà
kiáu-ti,儌豬
kiáu-tī,矯治
kiáu-tiûnn,檄場
kiáu-tong,儌東
kiáu-tong,檄東
kiáu-tôo,儌徒
kiáu-tù,儌注
kiáu-tù,檄注
kiàu-kiàu-lióng,叫叫嚷
kiâu-bîn,僑民
kiâu-bū,僑務
kiâu-tsong,喬裝
kiâu-kài,僑界
kiâu-ki,僑居
kiâu-pau,僑胞
kiâu-sing,僑生
kiâu-thuân,僑團
kiâu-uí-huē,僑委會
kiāu,kiāu
kiāu,轎
kiāu-á,撟仔
kiāu-tshia,轎車
kiāu-khí-lâi,撟起來
kiāu-khui,kiāu開
kiāu-khui,撟開
kiāu-lōo-thâu,譙路頭
kiāu-tiong-iânn,撟中營
kiau-á,嬌仔
kiau-á-phóo,嬌仔譜
kiau-tshe,嬌妻
kiau-tshuah-tshuah,驕掇掇
kiauh,攪
kiauh-kiauh-jióng,噭噭嚷
kiauh-kiauh-kiò,噭噭叫
kiauh-kiauh-sí,噭噭死
kiau-ká,交絞
kiau-ká-thiànn,攪絞痛
kiau-king,驕矜
kiau-kiah,嬌矍
kiau-kiah,驕矍
kiau-kia̍h,嬌矍
kiau-kia̍h,驕揭
kiau-kiông,驕強
kiau-ngōo,驕傲
kiau-sió,嬌小
kiau-so,攪唆
kiau-tè-tè,驕tè-tè
kiau-thài,嬌態
kiau-thâu,嬌頭
kiau-thâu,驕頭
kiau-tih-tih,嬌滴滴
ki-bîn,居民
ki-bîn,飢民
ki-bi̍t,機密
ki-bué,枝尾
ki-bôo,基模
ki-tsân,基層
ki-tsíng,機種
ki-tsìng,技正
ki-tshìng,機銃
ki-tshia,機車
ki-tshiò,譏笑
ki-tshiú,技手
ki-tshong,機艙
ki-tshóo,基礎
ki-tshóo-tsāi,基礎在
ki-tshù,居處
ki-tsiân-tsháu,車前草
ki-tsō,基座
ki-tsoo,機組
ki-tsū,居住
ki-tsún,基準
ki-i̍k,機翼
ki-gē,技藝
ki-gia̍p,基業
ki-gō,饑餓
ki-gū,機遇
ki-hâi,機械
ki-hâi-huà,機械化
ki-hâi-sik,機械式
ki-hân,饑寒
ki-hîng,機型
ki-hio̍h,枝葉
ki-hng,飢荒
ki-hng-nî,飢荒年
ki-huē,機會
ki-hu,肌膚
ki-î,基於
ki-iân,機緣
ki-iàu,機要
ki-in,基因
ki-iû,機油
ki-jio̍k,肌肉
ki-ka,居家
ki-kan,居間
ki-kàn,枝幹
ki-kang,技工
ki-kang,機工
ki-kíng,機警
ki-khì,機器
ki-khì-lâng,機器人
ki-khiáu,技巧
ki-khiáu,機巧
ki-khiàu,機竅
ki-khòo,機庫
ki-khū,機具
ki-kiānn,機件
ki-kim,基金
ki-kim-huē,基金會
ki-kuáinn,枝稈
ki-kuan,機關
ki-kuan-tshìng,機關銃
ki-kuan-tshia,機關車
ki-kong,居功
ki-kòo,機構
ki-kū,機具
ki-kuínn-á,機桿仔
ki-kûn,機群
ki-kut,枝骨
ki-lîng,技能
ki-lîng,機能
ki-lí,妓女
ki-lí,居里
ki-liông-sū,基隆嶼
ki-liû,居留
ki-liû-kuân,居留權
ki-lu̍t,機率
kim,今
kim,金
kím-ke,錦雞
kím-kî,錦旗
kìm,禁
kìm-ah,禁押
kìm-tsè,禁制
kìm-tsheh,禁冊
kìm-tshia,禁車
kìm-tshuì,禁嘴
kìm-tsí,禁止
kìm-tsia̍h,禁食
kìm-tsua̍t,禁絕
kìm-hun,禁薰
kìm-io̍h,禁藥
kìm-jiō,禁尿
kìm-káng,禁港
kìm-kha,禁腳
kìm-kháu,禁口
kìm-khī,禁忌
kìm-khu,禁區
kìm-khuì,禁氣
kìm-kī,禁忌
kìm-kòo,禁錮
kìm-līng,禁令
kìm-lōo,禁路
kìm-pì,禁閉
kìm-tē,禁地
kīm,妗
kīm-á,妗仔
kīm-pô,妗婆
kim-á,金仔
kim-á-hún,金仔粉
kim-á-kè,金仔價
kim-á-tiàm,金仔店
kim-àm,今暗
kim-ang-á,金尪仔
kim-āu,今後
kim-ba̍k-lôo,金目鱸
kim-bé,金馬
kim-bûn,金文
kim-tsing,金精
kim-tsing,金鐘
kim-tsing-tsióng,金鐘獎
kim-tshang-hue,金蔥花
kim-tshang-suànn,金聰線
kim-tshik-hue,金雀花
kim-tshia,金車
kim-tshit-niû,金七娘
kim-tshiunn-hî,金鎗魚
kim-tshng-io̍h,金創藥
kim-tshng-io̍h,金瘡藥
kim-tshong,金創
kim-tshong-io̍h,金創藥
kim-tshong-suànn,金聰線
kim-tshuì,金嘴
kim-tshuì-ang,金嘴翁
kim-tsî,金薯
kim-tsiam,金針
kim-tsiam-tshài,金針菜
kim-tsiam-thâng,金針蟲
kim-tsiáu,金鳥
kim-tsînn,金錢
kim-tsînn-á,金錢仔
kim-tsînn-tsháu,金錢草
kim-tsînn-hē,金錢蟹
kim-tsînn-hî,金錢魚
kim-tsînn-ku,金錢龜
kim-tsînn-pà,金錢豹
kim-tsinn-ku,金精龜
kim-tsio̍h,金石
kim-tsio̍h-ha̍k,金石斛
kim-tsio̍h-uí,金石葦
kim-tsuá,金紙
kim-tsuánn-tsháu,金盞草
kim-tsuánn-hue,金盞花
kim-tsu-á,金珠仔
kim-tsui,金隹
kim--ê,金ê
kim-ing,金英
kim-ing,金鶯
kim-īng,禁用
kim-ing-tsí,金櫻子
kim-gán,金眼
kim-gi̍k,金玉
kim-gia̍h,金額
kim-giân,金言
kim-gîn,金銀
kim-gîn-tsuá,金銀紙
kim-gîn-hue,金銀花
kim-gîn-kiô,金銀茄
kim-gîn-lé,金銀禮
kim-gû,金牛
kim-ha̍p-huan,金合歡
kim-hîng,金
kim-hî,金魚
kim-hî-tsháu,金魚草
kim-hî-sau,金魚蛸
kim-hî-se,金魚蔬
kim-hî-thâng,金魚蟲
kim-hīnn-tuī,金耳墜
kim-hiō,今後
kim-hio̍h,金葉
kim-huâ,金華
kim-hue,金花
kim-hue-tshài,金花菜
kim-hōng,金鳳
kim-hōng-hue,金鳳花
kim-hôo-lôo,金葫蘆
kim-hôo-sîn,金胡蠅
kim-hun,金婚
kim-hún,金粉
kim-iā,今夜
kim-iànn-iànn,金映映
kim-iānn-iānn,金映映
kim-iông,金融
kim-iông-kài,金融界
kim-iōng,禁用
kim-io-tuà,金腰帶
kim-iù,金幼
kim-jī-thah,金字塔
kim-jiông-pòo,金絨布
kim-kah,金甲
kim-kak,金角
kim-kam,金柑
kim-kâm,金含
kim-káu-á,金狗仔
kim-káu-tsik,金狗脊
kim-kau-hê,金鉤蝦
kim-ke,金雞
kim-kè,金價
kim-ke-hî,金雞魚
kim-ke-kha,金雞腳
kim-king-hue,金莖花
kim-khian,金圈
kim-khiu,金鳩
kim-khò,金khò
kim-khòng,金礦
kim-khoo,金箍
kim-khòo,金庫
kim-kiàm-tsháu,金劍草
kim-kiánn,金囝
kim-kim-khuànn,金金看
kim-kim-siòng,金金相
kim-kit,金橘
kim-kng,金光
kim-kǹg,金鋼
kim-kue,金瓜
kim-kue-tsio̍h,金瓜石
kim-kue-phang,金瓜蜂
kim-kue-thuî,金瓜槌
kim-kong-tsio̍h,金剛石
kim-kong-tsǹg,金剛鑽
kim-kong-tsuàn,金剛鑽
kim-kong-gi̍k,金剛玉
kim-kong-pāng,金剛棒
kim-kong-suān,金剛璇
kim-kong-suān,金剛鑽
kim-kong-tāu,金剛豆
kim-kong-thâu,金光頭
kim-kong-tîn,金剛藤
kim-kong-tóng,金光黨
kim-kóo,金古
kim-kóo-tsháu,金鼓草
kim-ku,金蚼
kim-ku,金龜
kim-ku-tshiū,金龜樹
kim-ku-gô,金龜遨
kim-ku-li̍k,金龜綠
kim-ku-se̍h,金龜踅
kim-ku̍t,金滑
kim-lân,金蘭
kim-lân-kah,金鱗甲
kim-lîng,金陵
kim-lí,金鯉
kim-liân,金蓮
kim-liân-hue,金蓮花
kim-liān-á,金鏈仔
kim-liông,金龍
kim-liu-liu,金溜溜
kim-luân-tiān,金鑾殿
kim-lôo,金爐
kim-lu̍t-su̍t,金律術
kim-mn̂g,金門
kim-mo̍oh,金膜
kim-nà-nà,金爁爁
kim-nà-sannh,金爁sannh
kim-n̂g,金黃
kim-n̂g-sik,金黃色
kim-pâi,金牌
kim-pak-lôo,金腹鱸
kim-pè,金幣
kim-phua̍h-liān,金旆鍊
kim-pinn,金邊
kim-pńg,金榜
kim-puē-á,金背仔
kim-po̍h,金箔
kim-put-huàn,金不換
kim-sai-káu,金獅狗
kim-san,金山
kim-sè,今世
kim-sik,金色
kim-sik,金飾
kim-sing,今生
kim-sing,金星
kim-si,金絲
kim-sia̍h-liû,金石榴
kim-siak-siak,金爍爍
kim-siám-siám,金閃閃
kim-siânn,金城
kim-si-tsháu,金絲草
kim-si-tshiok,金絲雀
kim-si-tshng,金絲瘡
kim-si-tsiáu,金絲鳥
kim-si-tsuâ,金絲蛇
kim-si-hm̂,金絲茅
kim-sih-sih,金閃閃
kim-sih-sih,金熠熠
kim-sih-sih,金熾熾
kim-si-kâu,金絲猴
kim-si-la̍h,金絲la̍h
kim-sin,金身
kim-sîn,金蠅
kim-sio̍k,金屬
kim-si̍t-á,金翅仔
kim-si̍t-á,金翼仔
kim-si-thô,金絲桃
kim-so,金梭
kim-só-sî,金鎖匙
kim-sua,金沙
kim-suànn,金線
kim-suànn-tsuâ,金線蛇
kim-suànn-hî,金線魚
kim-suànn-liân,金線蓮
kim-suànn-liân,金線鰱
kim-so-hî,金梭魚
kim-sun,金孫
kim-tan,金丹
kim-tâng,金銅
kim-tang-tang,金鐺鐺
kim-táu,金斗
kim-táu-àng,金斗甕
kim-tè,金塊
kim-thâu,金頭
kim-thâu-á,金頭仔
kim-tiānn,金錠
kim-tiàu-liú,金吊鈕
kim-tiâu,金條
kim-u̍t,金鷸
kin,巾
kin,斤
kinn,更
kinn,庚
kin,根
kin,筋
kinn,經
kin,跟
kinn,羹
kinn,鹼
kín,緊
kín-á,囝仔
kín-bān,緊慢
kín-beh,緊欲
kín-bi̍t,緊密
kín-tsàu,緊湊
kín-tsìng,緊症
kín-tsìng-thâu,緊症頭
kín-tshiok,緊促
kín-tshiú,緊手
kín-tshuì-liām,緊嘴唸
kín-tsia̍p,緊捷
kín-tsia̍p,緊習
kín-tsia̍p-khuài,緊捷快
kín-tsua̍h-bān,緊縒慢
kín-hué,緊火
kín-iàu,緊要
kín-iú,僅有
kín-jiō,緊尿
kín-king-hong,緊驚風
kín-kha,緊腳
kín-khuài,緊快
kín-khuì,緊氣
kín-kì,謹記
kín-kiann-hong,緊驚風
kín-kín,緊緊
kín-kip,緊急
kín-kông,緊狂
kínn-kui,哽-月
kín-lāu,緊老
kín-mé,緊猛
kín-mí,緊猛
kín-uān,緊緩
kín-pái,緊擺
kín-pik,緊迫
kín-pháinn,緊歹
kín-pì,緊閉
kín-pia̍k-pia̍k,緊嚗嚗
kín-piak-piak,緊逼逼
kín-piak-piak,緊暴暴
kín-piàng-piàng,緊乓乓
kín-piàng-piàng,緊迸迸
kín-sìng,緊性
kín-sìng-pēnn,緊性病
kín-sìng-tē,緊性地
kín-sim-sìng,緊心性
kín-sīn,謹慎
kín-sin-á,緊身仔
kín-siok,緊縮
kín-siú,謹守
kínn--tio̍h,kínn著
kín-tiunn,緊張
kín-tòng-tòng,緊當當
kìnn,見
kìnn,徑
kìn,絹
kìn,擎
kìnn,覲
kìnn-bīn,見面
kìnn-bīn-lé,見面禮
kìnn-tsíng-siau,見腫消
kìnn-tsin,見真
kìnn-tsînn-sí,見錢死
kìnn-tsînn-siáu,見錢痟
kìnn-tsin-tiunn,見真張
kìnn-kang-bó,見公母
kìnn--kuè,見過
kìnn-kuí,見鬼
kìnn-lâng-hiâm,見人嫌
kìnn-lâng-hó,見人好
kìnn-lâng-si̍k,見人熟
kìnn-lâng-tâu,見人投
kìnn-nā,見但
kìnn-nā,見若
kìnn-pò,見報
kìnn-senn-sí,見生死
kìnn-su-iânn,見輸嬴
kìnn-su-iânn,見輸贏
kìnn--tio̍h,見著
kìnn-tuā,見大
kîn,kîn
kînn,墘
kînn-á,墘仔
kînn-kak,墘角
kīn,近
kīn-tshin,近親
kīn-tshù-î,僅次於
kīn-tsok,近作
kīn-hái,近海
kīn-hóng,近況
kīn-î,近於
kīn-in,近因
kīn-ji̍t-lâi,近日來
kīn-kau,近郊
kīn-kî,近期
kīn-kī-lī,近距離
kīn-lâi,近來
kīn-lîn,近鄰
kīn-lōo,近路
kīn-nî,近年
kīn-uá,近倚
kīn-sè,近世
kīn-sī,近視
kīn-tāi,近代
kīn-tāi-sú,近代史
kīn-tau,近兜
kinn-á,墘仔
kin-á-tsài,今仔再
kin-á-tsài,今仔載
kin-á-jit,今仔日
kin-á-ji̍t,今仔日
kin-bah,筋肉
kin-tsat,根節
kin-tsat,筋節
kinn-tshim,更深
kin-tshiu,根鬚
kinn-tsí-hue,梔子花
kin-tsìn,跟進
kin-tsio,弓蕉
kin-tsua̍t,根絕
kin-tsong,跟蹤
kin-guân,根原
kin-guân,根源
kin-hîng,均衡
kin-hù,均富
kinn-hún,鹼粉
kin-in,根因
kin-khi̍p,根khi̍p
kinn-kho̍k,更柝
kin-ki,根基
kin-kì,根據
kin-kì-tē,根據地
kinn-kô,經翱
kin-kok,巾幗
kin-kù,根鋸
kin-kut,筋骨
kin-kut-tsháu,筋骨草
kinn-lâu,更樓
kinn-lāu,更漏
kin-le,筋絡
kin-lūn,筋韌
kin-me̍h,筋脈
kin-nî,今年
kin-niú,斤兩
kinn-uē,經話
kin-pan,跟班
kin-pîng,均平
kinn-pua̍h-tó,kinn跋倒
kin-puànn,斤半
kinn-puànn,經絆
kinn-pòo,更布
kinn-pòo,經布
kin-pōo,根部
kin-pún,根本
kin-pún-ti̍k,根本的
kin-sìng,根性
kinn-sìng,鹼性
kinn-si,經絲
kin-sì,均勢
kin-siann,斤聲
kin-sim,兢心
kin-sio̍k,均屬
kin-suî,跟隨
kin-té,根底
kin-té,筋柢
kin-tè,跟tè
kin-thâu,根頭
kin-thâu,筋頭
kin-thâu-tik,筋頭竹
kinn-thiap,庚帖
kinn-thueh,更替
kin-tì,根蒂
kin-tî,根除
kin-tī,根治
kinn-tio̍h,經著
kinn-ti̍t,驚蟄
kin-to,均都
kin-tuà,筋帶
kin-tuè,跟綴
kin-tu,均都
kin-tú,根tú
kiò,叫
kiò-bē-ìn,叫bē應
kiò-bí,叫米
kiò-tsing,叫鐘
kiò-tsing-sîn,叫精神
kiò-tshài,叫菜
kiò-tshénn,叫醒
kiò-tshing-sîn,叫精神
kiò-tshuì,叫嘴
kiò-tshut,叫出
kiò-tshut-tang,叫出冬
kiò-tsò,叫做
kiò-tsō,叫座
kiò-huah,叫喝
kiò-huann-hí,叫歡喜
kiò-hûn,叫魂
kiò-ìn,叫應
kiò-kenn,叫更
kiò-kheh,叫客
kiò--khí-lâi,叫起來
kiò-khóo,叫苦
kiò-kim-kóo,叫金鼓
kiò-kiù-hōo,叫救護
kiò-kiù-lâng,叫救人
kiò-kuann-tshuê,叫官箠
kiò-lîng,叫鈴
kiò-m̄-kánn,叫m̀穘
kiò-miâ,叫名
kiò-mn̂g,叫門
kiò-uan-óng,叫冤枉
kiò-sī,叫是
kiò-siann,叫聲
kiò-sńg-ê,叫耍個
kiò-thinn-tsiáu,叫天鳥
kiò-tiān-uē,叫電話
kiò-tīn,叫陣
kiô,茄
kiô,橋
kiô-á-sik,茄仔色
kiô-tsiam,橋尖
kiô-kha,橋腳
kiô-khang,橋空
kiô-niû,橋樑
kiô-sik,茄色
kiō,轎
kiō-tshia,轎車
kiō-kǹg-tik,轎槓竹
ki-uân,機員
kioh,腳
kioh-tsînn,腳錢
kioh-hu,腳夫
kioh-siàu,腳數
kiok,菊
kio̍k,局
kio̍k,劇
kio̍k-bīn,局面
kio̍k-bô-ê,局無的
kio̍k-tsîng,劇情
kio̍k-tsok-ka,劇作家
kio̍k-guā,局外
kio̍k-guā-lâng,局外人
kio̍k-hān,局限
kio̍k-hān,侷限
kio̍k-pōo,局部
kio̍k-pún,劇本
kio̍k-put-kio̍k,局不局
kio̍k-sì,局勢
kio̍k-tiúnn,局長
kio̍k-tiûnn,劇場
kiok-hue,菊花
kiok-hue-bo̍k,菊花木
kiok-kiong,鞠躬
kiong,弓
kiong,芎
kiong,宮
kiong,恭
kióng,拱
kióng,龔
kióng-tshí,供鼠
kióng-tshiú,拱手
kióng-kòo,鞏固
kióng-piān,強辯
kiông,強
kiông-ah,強押
kiông-ap,強壓
kiông-beh,強欲
kiông-tsè,強制
kiông-tshiúnn,強搶
kiông-tsiá,強者
kiông-tsia̍h-jio̍k,強食弱
kiông-tsia̍h-nńg,強食軟
kiông-tsiàm,強佔
kiông-tsòng,強壯
kiông-hîng,強行
kiông-huà,強化
kiông-huat,強法
kiông-hong,強風
kiông-iú-li̍k,強有力
kiông-jio̍k,強弱
kiông-ka-bû,強加誣
kiông-kan,強姦
kiông-kìng,強勁
kiông-khǹg,強勸
kiông-khut,強屈
kiông-kiap,強劫
kiông-kiap-tsha̍t,強劫賊
kiông-kiông,強強
kiông-kiông-beh,強強欲
kiông-kiû,強求
kiông-kuân,強權
kiông-kok,強國
kiông-kòng,強摃
kiông-kòng-tsha̍t,強摃賊
kiông-kòo,強固
kiông-li̍k,強力
kiông-li̍k-ka,強力膠
kiông-lia̍t,強烈
kiông-lún,強忍
kiông-nâ,芎林
kiông-ngē,強硬
kiông-pà,強霸
kiông-pâng,強房
kiông-pāng,強棒
kiông-pik,強迫
kiông-phenn-jio̍k,強偏弱
kiông-pō,強暴
kiông-sīng,強盛
kiông-sì,強勢
kiông-sim-tse,強心劑
kiông-sim-tsiam,強心針
kiông-sin,強身
kiông-tāi,強大
kiông-ti̍k,強敵
kiông-thìnn,強牚
kiông-tiāu,強調
kiông-tìnn,強棖
kiông-tō,強盜
kiông-tua̍t,強奪
kiông-tôo,強徒
kiông-tōo,強度
kiông-tú,強tú
kiōng,共
kiōng-bîng,共鳴
kiōng-bôo,共謀
kiōng-tsûn,共存
kiōng-gia̍p,共業
kiōng-hióng,共享
kiōng-hô,共和
kiōng-hô-kok,共和國
kiōng-hô-tóng,共和黨
kiōng-huān,共犯
kiōng-huí,共匪
kiōng-iú,共有
kiōng-kuán,共管
kiōng-kun,共軍
kiōng-sán,共產
kiōng-sán-tóng,共產黨
kiōng-sik,共識
kiōng-sing,共生
kiōng-sū,共事
kiōng-thong,共通
kiōng-tóng,共黨
kiōng-tông,共同
kiong-á-niau,羌仔貓
kiong-tshing,供稱
kiong-tshíng,恭請
kiong-tshî,僵持
kiong-tsìnn,弓箭
kiong-tsú-gâ,姜子牙
kiong-tsuí,供水
kiong-ê,弓鞋
kiong-ìng,供應
kiong-hí,恭喜
kiong-hō,恭賀
kiong-huà,僵化
kiong-hōo,恭候
kiong-kài,疆界
kiong-kìng,恭敬
kiong-kio̍k,僵局
kiong-kip,供給
kiong-kiû,供求
kiong-sau,宮硝
kiong-si,僵屍
kiong-si,殭屍
kiong-siau,供銷
kiong-sû,供詞
kiong-su̍t,供述
kiong-ting,宮燈
kiong-tîng,宮廷
kiong-thài-kong,姜太公
kiong-tiān,宮殿
kip,急
kip,級
ki̍p-keh,及格
ki̍p-sî,及時
ki̍p-sî-ú,及時雨
ki̍p-tē,及第
ki-pâng,機房
kip-tsìng,急症
kip-tshiat,急切
kip-tsín,急診
kip-tsín-sik,急診室
kip-tsìn,急進
kip-tsiū-tsiong,急就章
kip-tsuán,急轉
kip-tsuí,汲水
kip-tsuí,給水
ki-phâng,機帆
ki-phîng,譏評
ki-phiò,機票
kip-hù,給付
kip-king-hong,急驚風
kip-kha-kuí,急腳鬼
kip-kiānn,急件
kip-kio̍k,急劇
kip-kiù,急救
kip-kū,急遽
kip-lān,急難
kip-liû,急流
kip-pēnn,急病
kip-piak-piak,急piak-piak
kip-sìng,急性
kip-siann,級聲
kip-sio,給燒
kip-sio-á,給燒仔
kip-sòo,級數
kip-su,急需
kip-sū,急事
kip-thāi,急待
kip-tì,急智
kip-tiān,急電
kip-tńg-uan,急轉彎
ki-pún,基本
ki-pún-siāng,基本上
ki-pún-ti̍k,基本的
ki-sian,機先
ki-sim,居心
ki-sin,機身
ki-song,居喪
ki-sóo,居所
ki-sòo,基數
ki-su,技師
ki-su,機司
ki-sū,技士
ki-sū,居士
ki-su̍t,技術
ki-su̍t-uân,技術員
ki-sut-á,吱蟀仔
kit,仡
ki̍t,汔
kit-tsiam,結針
ki-tē,基地
ki-thâu,支頭
ki-thé,肢體
ki-thé,機體
ki-tiám,基點
ki-tiān,機電
ki-tiāu,基調
ki-tiong,居中
ki-tiúnn,機長
ki-tiûnn,機場
kit-li̍p,屹立
ki-to,居多
ki-tok,基督
ki-tok-kàu,基督教
ki-tōng,機動
ki-tōng-sìng,機動性
kiu,kiu
kiú,九
kiú-tsìng,糾正
kiú-tsuân,九泉
kiú-gióng,久仰
kiú-kiàn,久見
kiú-kiong,九芎
kiú-kiong-kho,九芎柯
kiú-kuan-tsiáu,九官鳥
kiú-liông,九龍
kiú-nāi,久耐
kiú-tiông-tông,九重桐
kiú-uî,久違
kiù,kiù
kiù,救
kiù-tsai,救災
kiù-tsè,救濟
kiù-tsìng,糾正
kiù-tshat,糾察
kiù-tshut,救出
kiù-tsin,究真
kiù-tsiòng,糾眾
kiù-tsōo,救助
kiù-tsú-tàn,救主誕
kiù-hué,救火
kiù-hué-tshia,救火車
kiù-hōo,救護
kiù-hōo-tshia,救護車
kiù-hun,糾紛
kiù-ká-thiànn,勼絞痛
kiù-ká-thiànn,糾絞痛
kiù-kìng,究竟
kiù-kha-kin,勼腳筋
kiù-khí,救起
kiù-kin,kiù筋
kiù-kin,勼筋
kiù-kip,救急
kiù-lān,救難
kiù-lâng,救人
kiù-miā,救命
kiù-uān,救援
kiù-pān,究辦
kiù-ping,救兵
kiù-phīnn,勼鼻
kiù-pún,救本
kiù-sè,救世
kiù-sing-i,救生衣
kiù-sing-uân,救生員
kiù-sim-tsháu,救心草
kiù-tī,救治
kiù-tuà,糾帶
kiû,求
kiû,球
kiû-ài,求愛
kiû-bāng,求望
kiû-bê,球迷
kiû-tsâi,求才
kiû-tsìng,求證
kiû-tsîng,求情
kiû-tshuê,球箠
kiû-tshú,求取
kiû-tsín,求診
kiû-tsit,求職
kiû-tsuân,求全
kiû-tsōo,求助
kiû-ê,球鞋
kiû-ha̍k,求學
kiû-hîng,球形
kiû-hia,球桸
kiû-hô,求和
kiû-hōo,求雨
kiû-hun,求婚
kiû-kái,求解
kiû-kàu,求教
kiû-king,球間
kiû-ki,球技
kiû-kiàn,求見
kiû-kiù,求救
kiû-kuì,球季
kiû-lân,毬蘭
kiû-liông,虯龍
kiû-lōo,球路
kiû-luī,球類
kiû-mn̂g,球門
kiû-uân,球員
kiû-uān,求援
kiû-pāng,球棒
kiû-piàn,求變
kiû-poo,球埔
kiû-sài,球賽
kiû-sing,求生
kiû-sin,求新
kiû-sîn,求神
kiû-siông,求償
kiû-sok,球速
kiû-thai,球胎
kiû-ti,求知
kiû-tī,球箸
kiû-tit,求得
kiû-tiûnn,球場
kiû-toh,球桌
kiû-tuī,球隊
kiû-ūn,球運
kiu-tshiú,勼手
kiu-tsi-liù,勼之溜
kiu-tsuí,kiu水
kiu-tsuí,勼水
kiuh,kiù
kiuh,kiuh
kiuh-hun,吸薰
kiuh-kin,kiuh筋
kiuh-pòo,kiuh布
kiuh-siù-á,匊首仔
kiuh-tuà,kiuh帶
kiu-kha,kiu腳
kiu-kha,勼腳
kiu-kha-tiàm,勼腳站
kiu-khì,勼去
kiu--khì,kiu去
kiu-kiu,kiu-kiu
kiu-kiu,勼勼
kiu-kue̍h,勼狹
kiunn,獐
kiunn,薑
kiunn,疆
kiûnn-kè,強路
kiūnn,強
ki-ūn,機運
kiūnn-tshuì,強嘴
kiūnn-kut,強骨
kiūnn-peh-nì,強扒躡
kiūnn-phiah,kiūnn癖
kiūnn-phiah,強癖
kiunn-á,羌仔
kiunn-á,獐仔
kiunn-á-hóo,羌仔虎
kiunn-bó,薑母
kiunn-bó-thâu,薑母頭
kiunn-n̂g,薑黃
kiunn-piánn,薑餅
kiunn-si,薑絲
kiu-sè,勼細
kiu-sio,勼燒
kiu-té,勼短
kiu-thè,勼退
kng,光
kng,扛
kńg,捲
kńg,貫
kńg,管
kńg-á,卷仔
kńg-tshioh,卷尺
kńg-tsiu-sam,廣州杉
kńg-tsn̄g,捲漩
kńg-ji̍p,捲入
kńg-lê,捲螺
kńg-lê-á,卷螺仔
kńg-lê-á,捲螺仔
kńg-lê-tsuí,捲螺水
kńg-lōo,管路
kńg-moo,捲毛
kńg-peh,卷柏
kńg-se,廣西
kńg-tang,廣東
kńg-tang-síng,廣東省
kǹg,kǹg
kǹg,卷
kǹg,貫
kǹg,槓
kǹg,鋼
kǹg-á,槓仔
kǹg-bah-kiû,貫肉球
kǹg-bah-kuānn,貫肉kuānn
kǹg-tsâi,鋼材
kǹg-tshioh,卷尺
kǹg-tsînn-khang,貫錢孔
kǹg-tsò-hué,貫做夥
kǹg-tsong,卷宗
kǹg-hīnn,貫耳
kǹg-khîm,鋼琴
kǹg-khîm-ka,鋼琴家
kǹg-kin,鋼筋
kǹg-kuè,貫過
kǹg--kuè,貫過
kǹg-kóng,鋼管
kǹg-kut,鋼骨
kǹg-lám,鋼纜
kǹg-lê,卷螺
kǹg-pán,鋼板
kǹg-pân,鋼瓶
kǹg-pau,鋼包
kǹg-phīnn,貫鼻
kǹg-pit,鋼筆
kǹg-si-soh,鋼絲索
kǹg-suànn,鋼線
kǹg-soh,鋼索
kǹg-thih,鋼鐵
kǹg-thih-tshiúnn,鋼鐵廠
kng-bé,光碼
kng-tshenn,光生
kng-tshiam,光纖
kng-tshut,扛出
kng-tsn̂g,光全
kng-guân,光源
kng-huà-ha̍k,光化學
kng-iām,光炎
kng-iām,光艷
kng-iām-iām,光焰焰
kng-iānn,光iānn
kng-iānn-iānn,光炎炎
kng-iānn-iānn,光焱焱
kng-kau,光溝
kng-khí-lâi,光起來
kng-khu̍t-khu̍t,光khu̍t-khu̍t
kng-kiànn,光鏡
kng-kiō,扛轎
kng-kng,光光
kng-kō,光膏
kng-kō-kō,光膏膏
kng-ku̍t,光滑
kng-liu-liu,光溜溜
kng-nà-nà,光爁爁
kng-nā-nā,光爁爁
kng-phe,光批
kng-senn,光生
kng-siám-siám,光閃閃
kng-sinnh-sinnh,光閃閃
kng-sih-sih,光熠熠
kng-sih-sih,光熾熾
kng-só,光鎖
kng-suànn,光線
kng-tam-tam,光湛湛
kng-thang,光通
kng-thâu,光頭
kng-thâu-suann,光頭山
kng-tiān,光電
kng-tuà,光帶
kng-toh-á,扛桌仔
kng-tōo,光度
ko,戈
ko,哥
ko,羔
ko,高
ko,膏
ko,篙
ko,糕
ko,鍋
kó,果
kó,稿
kó-tshiū,果樹
kó-tsiap,果汁
kó-huì,稿費
kó-jiân,果然
kó-kiānn,稿件
kó-ló-á,果栳仔
kó-niá,果嶺
kó-tuàn,果斷
kò,划
kò,告
kò,過
kò-àn,個案
kò-tsûn,划船
kò-tsûn-ê,划船的
kò-guā-gue̍h,個外月
kò-huâinn-lâu,划橫流
kò-huat,告發
kò-iânn,告贏
kò-jîn,個人
kò-kài,告誡
kò-kik,過激
kò-khiam,過謙
kò-kip,告急
kò-pi̍k,告白
kò-pia̍t,告別
kò-pia̍t,個別
kò-pia̍t-sik,告別式
kò-sìng,個性
kò-sî,告辭
kò-sī,告示
kò-sòo,告訴
kò-sòo,個數
kò-su,告輸
kò-tāi,告貸
kò-thé,個體
kò-thóng-gue̍h,個捅月
kò-ti,告知
kò-tiong,箇中
kò-tó-tńg,告倒轉
kò-uì,告慰
kô,kô
kô,翱
kô-kô,個個
kô-kô-tînn,kô-kô纏
kô-kô-tînn,翱翱纏
kô-lo̍h-khì,洿落去
kō,kō
kō,膏
kō-kō-lìn,翱翱輦
kō-lah-sap,洿垃圾
kō--lo̍h-lâi,kō落來
kō-tio̍h,洿著
kua,瓜
kua,乖
kua,歌
kua,羈
kuá,寡
ko-á,糕仔
ko-á-tshián,糕仔棧
ko-á-piánn,糕仔餅
kuà,卦
kuà,掛
kuà,蓋
kuà-á,蓋仔
kuà-ba̍k-kiànn,掛目鏡
kuà-tshái,掛彩
kuà-tshài,芥菜
kuà-tshài-tsí,芥菜籽
kuà-tsiau-pâi,掛招牌
kuà-gāi,掛礙
kuà-gāi,罣礙
kuà-gî,掛疑
kuà-hà,掛孝
kuà-hō,掛號
kuà-huâi,掛懷
kuà-huân,掛煩
kuà-kóng-hia,掛管靴
kuà-kuī,掛懷
kuà-kut,掛骨
kuà-lī,掛慮
kuà-liām,掛念
kuà-luī,掛累
kuà-mī,掛麵
kuà-miâ,掛名
kuà-pâi,掛牌
kuà-sann-king,掛衫間
kuà-siāng,掛上
kuà-sim,掛心
kuà-sit,掛失
kuà-suè,掛帥
kuà-táu,掛斗
kuà-ting,掛燈
kuà-tiàu,掛吊
kuà-tn̄g,掛斷
kuâ-tshiū,檺樹
kua-á,歌仔
kua-á-hì,歌仔戲
kua-á-khik,歌仔曲
kua-âu,歌喉
kua-bú,歌舞
kua-tshenn,歌星
kua-tshiú,歌手
kuah,刮
kuah,括
kuah,割
kuah,葛
kuah-tiū-bué,割稻尾
kuah-ām,割頷
kuah-âu,割喉
kuah-bông-tn̂g,割盲腸
kuah-tsháu-ki,割草機
kuah-tsháu-to,割草刀
kuah-tshuì-tshiu,割嘴鬚
kuah-tsî,葛薯
kuah-hiunn,割香
kuah-hué,割火
kuah-huè,割貨
kuah-ín,割引
kua-hioh,羈歇
kuah-kè,割價
kuah-lâu,括流
kuah-niū,割讓
kuah-siá,割捨
kuah-siong,割傷
kuah-thiànn,割疼
kuah-tî,割除
kuah-tiàm,割店
kuah-tiānn,割定
kuah-tîn,葛藤
kuah-tîn-tsháu,葛藤草
kuah-tiū-á,割稻仔
kuah-tn̂g-tōo,割腸肚
kuai,乖
kuai,蛙
kuái,拐
kuái-á,拐仔
kuái-á,枴仔
kuái-bē,拐賣
kuái-tsáu,拐走
kuái-iú,拐誘
kuái-kùn,拐棍
kuái-lāng,拐弄
kuái-lōng,拐弄
kuái-ông,拐王
kuái-phiàn,拐騙
kuái-tài,拐帶
kuái-thong-á,蒯通仔
kuài,怪
kuài-bī,怪味
kuài-bu̍t,怪物
kuài-tshiú,怪手
kuài-tsio̍h,怪石
kuài-tsuē,怪罪
kuài-gî,怪疑
kuài-gia̍t,怪孽
kuài-hiàn,怪羶
kuài-hong,怪風
kuài-ī,怪異
kuài-jîn,怪人
kuài-khá,怪巧
kuài-kî,怪奇
kuài-pēnn,怪病
kuài-phiah,怪癖
kuài-sí,怪死
kuài-siâu,怪siâu
kuài-siù,怪獸
kuài-sū,怪事
kuāi,kuāi
kuāi-bē-iânn,kuāi-bē贏
kuāi-ke̍h,躗桀
kuāi-kin,乖筋
kuāi--tio̍h,kuāi著
kua-iâu,歌謠
kuai-tsiang,乖張
kuai-ió-ió,乖育育
kuai-khá,乖巧
kuai-khiáu,乖巧
kuai-kuai,乖乖
kuainn,杆
kuainn,關
kuáinn,杆
kuáinn,稈
kuáinn-khún,桿菌
kuàinn-tshiú,慣手
kuâinn,kuâinn
kuâinn-tshiú,kuâinn手
kuâinn-kē,kuâinn低
kuâinn-kiā,kuâinn崎
kuâinn-ōng,kuâinn旺
kuâinn-tōo,kuâinn度
kuāinn,kuāinn
kuāinn-tsn̄g,乖旋
kuāinn-lê,乖螺
kuāinn-tio̍h,乖著
kuāinn--tio̍h,kuāinn著
kuainn-tshia,關車
kuainn-tshuì,關嘴
kuainn-ji̍p,關入
kuainn-kann,關監
kuainn--khí-lâi,關起來
kuainn-ki,關機
kuainn-sí,關死
kuainn--tiàm,關店
kuainn--tiâu,關tiâu
kuainn--tiāu,關掉
kuai-phiah,乖癖
kua-káng,擱港
kua-kat,瓜葛
kua-ki̍k,歌劇
kua-ki̍k-īnn,歌劇院
kua-kha,羈腳
kua-kha̍h,羈kha̍h
kua-khik,歌曲
kua-kio̍k,歌劇
kua-kio̍k-īnn,歌劇院
kua-kó,瓜果
kua-kua-kiò,呱呱叫
kuann,杆
kuann,肝
kuann,官
kuann,倌
kuan,捐
kuann,乾
kuan,關
kuánn,寡
kuán,管
kuánn,趕
kuánn-bē-hù,趕bē赴
kuán-bē-tio̍h,管bē著
kuánn-bē-tio̍h,趕bē著
kuánn-beh,趕欲
kuánn-tsáu,趕走
kuán-tsè,管制
kuánn-tsè,趕製
kuán-tsîng,館前
kuánn-tshiāng-tshiāng,趕沖沖
kuánn-tshio,趕鶺
kuánn-tshut,趕出
kuánn-tsip,趕緝
kuánn-ē-hù,趕會赴
kuánn-ē-tio̍h,趕會著
kuánn-īng,趕用
kuán-ga̍k,管樂
kuán-hat,管轄
kuán-ha̍t,管轄
kuán-hat-kuân,管轄權
kuánn-hi,趕圩
kuán-hiân,管弦
kuán-hiân-ga̍k,管絃樂
kuánn-hu,趕圩
kuánn-hu,趕墟
kuánn-hū,寡婦
kuán-i,管伊
kuán-kà,管教
kuánn-kang,趕工
kuánn-kàu,趕到
kuán-ke,管家
kuán-ke-bâ,管家貓
kuán-ke-pô,管家婆
kuánn-khì,趕去
kuán-khu,管區
kuánn-kín,趕緊
kuánn-kín-kín,趕緊緊
kuánn-kín-pái,趕緊擺
kuánn-kín-tāi,趕緊代
kuánn-kông,趕狂
kuán-kòo,管顧
kuánn-kuí,趕鬼
kuánn-lâi,趕來
kuán-lí,管理
kuán-lí-tsām,管理站
kuán-lí-tsiá,管理者
kuán-lí-huì,管理費
kuán-lí-kuân,管理權
kuán-lí-lâng,管理人
kuán-lí-uân,管理員
kuán-lí-su,管理師
kuánn-lōo,趕路
kuánn-mê,趕暝
kuánn-mê-kang,趕暝工
kuánn-pān,趕辦
kuánn-phuê,趕皮
kuán-siàu,管數
kuán-suànn,管線
kuán-sok,管束
kuán-thài-i,管汰伊
kuán-thāi,管待
kuán-tiúnn,館長
kuàn,卷
kuàn,慣
kuàn,灌
kuàn,罐
kuàn-hōo-tsuì,灌予醉
kuàn-io̍h-á,灌藥仔
kuàn-á,罐仔
kuàn-a-kun,冠亞軍
kuàn-tshiâng,灌腸
kuàn-tshiap,慣竊
kuàn-tshiú,慣手
kuàn-tshiùnn-phìnn,灌唱片
kuàn-tshuan,眷村
kuàn-tshuan,貫穿
kuàn-tshuàn,貫串
kuàn-tsî,罐薯
kuàn-tsiú,灌酒
kuàn-tsiunn,灌漿
kuàn-tsng,罐裝
kuàn-tsuí,灌水
kuàn-tsuì,灌醉
kuàn-hong,灌風
kuàn-iōng-gí,慣用語
kuàn-khài,灌溉
kuàn-khui-á,罐開仔
kuàn-kiù,灌救
kuàn-koo-hāng,灌孤項
kuàn-kun,冠軍
kuàn-kut,顴骨
kuàn-lâng,灌膿
kuàn-lē,慣例
kuàn-liān,慣練
kuàn-luân,眷戀
kuàn-si̍k,慣熟
kuàn-sìng,慣性
kuàn-sì,慣勢
kuàn-sio̍k,眷屬
kuàn-siông,慣常
kuàn-siú-si,冠首詩
kuàn-su,灌輸
kuàn-thàu,串透
kuàn-thâu,罐頭
kuàn-thiat,貫徹
kuàn-thong,貫通
kuàn-tn̂g,灌腸
kuàn-tōo-kâu,灌杜猴
kuân,高
kuânn,寒
kuân,權
kuânn-tshìn,寒凊
kuânn-tshìn-tshìn,寒凊凊
kuân-ik,權益
kuân-gî,權宜
kuânn-giuh-giuh,寒giuh-giuh
kuân-hān,權限
kuân-hîng,權衡
kuânn-iam,寒陰
kuânn-jia̍t-á,寒熱仔
kuânn-jia̍t-tsìng,寒熱症
kuânn-jua̍h,寒熱
kuân-kàu,kuân到
kuân-kè,kuân價
kuân-kē,kuân低
kuân-kē-king,kuân低肩
kuân-kuì,權貴
kuânn-lâng,寒人
kuânn--lâng,寒人
kuân-lāng,kuân-lāng
kuân-li̍k,權力
kuân-lī,權利
kuân-lī-kim,權利金
kuân-phiânn,kuân坪
kuânn-sann,寒衫
kuânn-sí,寒死
kuân-siann,kuân聲
kuânn-sih-sih,寒sih-sih
kuânn-tang,寒冬
kuânn-tàng,寒凍
kuânn-thinn,寒天
kuânn-thinn-sann,寒天衫
kuânn--tio̍h,寒著
kuân-tōo,kuân度
kuân-ui,權威
kuân-uī,權位
kuân-ui-sìng,權威性
kuānn,kuānn
kuānn,汗
kuān,縣
kuān-bîn,縣民
kuān-tshī,縣市
kuānn-tsu,汗珠
kuānn-tsuí,kuānn水
kuānn-tsuí,汗水
kuān-gī-huē,縣議會
kuān-ha̍k,縣學
kuān-hat-tshī,縣轄市
kuānn-hue,汗花
kuān-hú,縣府
kuān-kíng,縣境
kuānn-kin-á,汗巾仔
kuān-li̍p,縣立
kuānn-sio̍h,汗液
kuānn-siûnn,汗瘍
kuānn-sng,汗酸
kuān-tī,縣治
kuānn-tiānn,kuānn定
kuānn-tih,汗滴
kuān-tiúnn,縣長
kuann-á,菅仔
kuan-ài,關愛
kuann-bang,菅芒
kuann-bâng,菅芒
kuann-bang-hue,菅芒花
kuan-biō,關廟
kuann-bō,官帽
kuan-bo̍k,棺木
kuan-bōng,觀望
kuann-tsa̍h-á,肝閘仔
kuan-tsān,捐贈
kuan-tsat,關節
kuann-tshâ,棺柴
kuann-tshâ-tsiáu,棺柴鳥
kuann-tshâ-khut,棺柴窟
kuann-tshâ-pún,棺柴本
kuann-tshâ-ting,棺柴釘
kuann-tshâ-tiàm,棺柴店
kuann-tshân,官田
kuan-tshat,觀察
kuan-tshat-ka,觀察家
kuan-tshat-uân,觀察員
kuann-tsháu,菅草
kuann-tshe,官差
kuan-tshik,觀測
kuan-tshiat,關切
kuan-tshut,捐出
kuan-tsiàn,觀戰
kuan-tsiat,關節
kuan-tsiàu,關照
kuann-tsin,菅蓁
kuan-tsiòng,觀眾
kuann-tsit,官職
kuann-tsōng,肝臟
kuan-tsōo,捐助
kuan-tsù,關注
kuann-gâm,肝癌
kuan-gîn,捐銀
kuann-hâm,官銜
kuann-hāu,官校
kuan-hē,關係
kuan-hē-jîn,關係人
kuan-hiàn,捐獻
kuann-hô,菅豪
kuan-huâi,關懷
kuann-hué-sīng,肝火盛
kuan-hueh,捐血
kuann-hong,官方
kuan-hong,觀風
kuan-hông,關防
kuan-hōo-jîn,觀護人
kuann-hú,官府
kuann-hû,官符
kuan-î,關於
kuann-iām,肝炎
kuan-im,觀音
kuan-im-tshài,觀音菜
kuan-im-tsháu,觀音草
kuan-im-tsuâ,觀音蛇
kuan-im-liân,觀音蓮
kuan-im-má,觀音媽
kuan-im-suann,觀音山
kuan-im-tāu,觀音豆
kuan-im-tik,觀音竹
kuan-ji̍p,關入
kuan-kám,觀感
kuan-khah,關卡
kuan-khiu,冠鳩
kuan-khuánn,捐款
kuan-khuán,捐款
kuan-khuànn,觀看
kuann-khuì,官氣
kuan-khut,棺窟
kuan-ki,關乩
kuan-kiàn,關鍵
kuan-kiān-sìng,關鍵性
kuan-kueh-kong,冠郭公
kuan-kong,關公
kuan-kong,觀光
kuan-kong-gia̍p,觀光業
kuan-kong-khàm,關公崁
kuan-kong-kheh,觀光客
kuan-kong-khu,觀光區
kuan-kong-kiā,關公崎
kuan-kong-kio̍k,觀光局
kuan-kong-phuà,關公破
kuan-kòo,觀顧
kuann-lân,官蘭
kuann-lân-hue,官蘭花
kuann--lâng,官人
kuan-lâng-ì,觀人意
kuan-lé,觀禮
kuann-lîng,官能
kuann-lī,官吏
kuan-liām,觀念
kuann-liân,肝連
kuan-liân,關連
kuan-liân,關聯
kuann-liâu,官僚
kuan-lo̍h-im,關落陰
kuan-môo,觀摩
kuann-uân,官員
kuan-uân,關員
kuann-uē,官話
kuann-pēnn,肝病
kuann-ping,官兵
kuan-san,關山
kuan-se,關西
kuan-sè-im,觀世音
kuann-si,官司
kuann-sià,官舍
kuan-sim,關心
kuan-sióng,觀賞
kuan-siúnn,觀賞
kuan-suat,關說
kuan-suè,關稅
kuan-sueh,關說
kuann-sú,官史
kuann-sú,官署
kuan-tâi,觀台
kuan-tâng,關童
kuann-té,官邸
kuan-tè-biō,關帝廟
kuan-tè-iâ,關帝爺
kuan-thâu,關頭
kuann-the̍h,官宅
kuann-thiann,官廳
kuan-tiám,觀點
kuann-tiân,官田
kuan-tiong,關中
kuann-tiûnn,官場
kuan-to,關刀
kuan-tó,關島
kuan-to-hue,關刀花
kuan-to-liân,關刀鰱
kuan-tong,關東
kuan-to-tāu,關刀豆
kua-uann,擱垵
kua-ông,歌王
ko-ap,高壓
kua-phóo,歌譜
ko-ap-tiān,高壓電
kua-si,歌詩
kua-siann,歌聲
kua-sò,枯燥
kua-sû,歌詞
kuat,koat
kuat,抉
kuat,決
kuat,訣
kuat-á,鈌仔
kuat-bîng,決明
kuat-tshik,決策
kuat-tshuì-phé,抉嘴phoe
kuat-tshuì-phué,抉嘴phué
kuat-tsì,決志
kuat-tsiàn,決戰
kuat-tsua̍t,決絕
kuat-tsua̍t,訣絕
kuat-gī,決議
kuat-gī-àn,決議案
kua-thiann,歌廳
kuat-hō,括號
kuat-hôo,括弧
kuat-ì,決意
kuat-khiàu,訣竅
kuat-lia̍t,決裂
kua-tuânn,歌壇
kuat-sài,決賽
kuat-sìng-hū,決勝負
kuat-sim,決心
kuat-suán,決選
kuat-suàn,決算
kuat-suat,訣說
kuat-tàu,決鬥
kuat-ti̍k,抉擇
kuat-tīng,決定
kuat-thâu,訣頭
kuat-ti-phue,抉豬胚
kuat-tuàn,決斷
ko-bîng,高明
ko-tsâi,高才
ko-tsâi-sing,高材生
ko-tsân,高層
ko-tshī,高市
ko-tshiau,高超
ko-tshioh,篙尺
ko-tshiú,高手
ko-tshiùnn,高唱
ko-tshù,高處
ko-tshut,高出
ko-tsit,高職
ko-tsiū,高就
ko-tsuí,膏水
kue,瓜
kué,改
kué,果
kué,解
kué,粿
kué-ānn,粿餡
kué-tshài,果菜
kué-tsí,果子
kué-tsí-bâ,果子狸
kué-tsí-bah,果子肉
kué-tsí-tsâng,果子欉
kué-tsí-tshiū,果子樹
kué-tsí-tsiap,果子汁
kué-tsí-tsiú,果子酒
kué-tsí-tsiùnn,果子醬
kué-tsí-hn̂g,果子園
kué-tsí-khak,果子殼
kué-tsí-ko,果子膏
kué-tsí-phuê,果子皮
kué-tsí-puânn,果子盤
kué-tsí-thàm,果子探
kué-tsí-thâu,果子頭
kué-tsí-the̍h,果子宅
kué-tsiú,解酒
kué-hio̍h-á,粿葉仔
kué-hio̍h-tshiū,粿葉樹
kué-phuê-siunn,果皮箱
kué-pìnn,改變
kué-sé,解洗
kué-sn̂g,粿床
kué-sueh,解說
kué-tē-á,粿袋仔
kué-tiâu-á,粿條仔
kuè,怪
kuè,疥
kuè,計
kuè,過
kuè,髻
kuè,膾
kuè-á-bué,髻仔尾
kuè-á-hî,鱠仔魚
kuè-àm,過暗
kuè-āu,過後
kuè-bâi,過楣
kuè-ba̍k,過目
kuè-bín,過敏
kuè-bîn,過眠
kuè-bīn,過面
kuè-buâ,過磨
kuè-bo̍k,檜木
kuè-būn,過問
kuè-tsá,過早
kuè-tsài,過載
kuè-tsāi,過載
kuè-tsat,過節
kuè-tseh,過節
kuè-tsìng,過症
kuè-tshá,過炒
kuè-tshau,過抄
kuè-tshiú,過手
kuè-tshng,疥瘡
kuè-tshò,過錯
kuè-tshue,過初
kuè-tshù,過厝
kuè-tshuì,過嘴
kuè-tshun,過偆
kuè-tsîn,過繩
kuè-tsió,過少
kuè-tsióng,過獎
kuè-tsua,過抓
kuè-tsú-tshiú,劊子手
kuè-tsuí,過水
kuè-tsuí-á,過水仔
kuè-tsuí-huè,過水貨
kuè-eh,過厄
kuè-gán,過眼
kuè-giàn,過giàn
kuè-giàn,過癮
kuè-guā-suànn,過外線
kuè-gue̍h,過月
kuè-hái,過海
kuè-hān,過限
kuè-hang,過烘
kuè-hî,鱖魚
kuè-hî,鱠魚
kuè-hīnn-khang,過耳空
kuè-huan,過番
kuè-hué,過火
kuè-huè,過歲
kuè-hok,過覆
kuè-hong,過風
kuè-hōo,過戶
kuè-hun,過分
kuè-hûn-hōo,過雲雨
kuè-hūn,過分
kuè-hūn,過份
kuè-ì,過意
kuè-iā,過夜
kuè-iúnn,過養
kuè-iûnn,過烊
kuè-ji̍t,過日
kuè-ji̍t-tsí,過日子
kuè-kak,過角
kuè-kang-liông,過江龍
kuè-kau-tshài,過溝菜
kuè-kau-liông,過溝龍
kuè-ke,過家
kuè-kè,會計
kuè-kè-su,會計師
kuè-kíng,過境
kuè-king-tshenn,過宮星
kuè-kha,過腳
kuè-khang,過空
kuè-kheh,過客
kuè-khí,過起
kuè-khì,過去
kuè-khiàu,過曲
kuè-khuì,過氣
kuè-ki,過枝
kuè-ki,過飢
kuè-kî,過期
kuè-kiâm-tsuí,過鹹水
kuè-kiap,過劫
kuè-kiô,過橋
kuè-kip,過急
kuè-kng,過光
kuè-kuà,過掛
kuè-kuan,過關
kuè-kuàn-sì,過慣勢
kuè-kuè-kiánn,過繼囝
kuè-kòng,過貢
kuè-kòng,過槓
kuè-kong-khang,過工孔
kuè-lâi,過來
kuè--lâi,過來
kuè-lâng,過人
kuè--lâng,過人
kuè-lâng-ba̍k,過人目
kuè-lâng-bīn,過人面
kuè-lâu,過流
kuè-lī,過慮
kuè-lī,過濾
kuè-liāng,過量
kuè-liáu-kuè,過了過
kuè-liáu-sî,過了時
kuè-liâu,過聊
kuè-liâu,過嘹
kuè-liū,過餾
kuè-lô,過勞
kuè-lōo-kheh,過路客
kuè-lōo-lâng,過路人
kuè-mê,過暝
kuè-miâ,過名
kuè-mn̂g,過門
kuè-nî,過年
kuè-nî-àm,過年暗
kuè-nî-tshài,過年菜
kuè-nî-mê,過年暝
kuè-nî-pn̄g,過年飯
kuè-niau,過貓
kuè-nńg,過軟
kuè-ue,過oe
kuè-óng,過往
kuè-pán,過板
kuè-pâng,過房
kuè-pâng-kiánn,過房囝
kuè-pênn,過平
kuè-píng,過反
kuè-phuànn,過判
kuè-phuê,過皮
kuè-puânn,過盤
kuè-puânn-i,過盤伊
kuè-pōng,過磅
kuè-si̍k,過熟
kuè-sīng,過剩
kuè-sing-ji̍t,過生日
kuè-sì,過世
kuè-sî,過時
kuè-siá,過寫
kuè-siàu,過數
kuè-sim,過心
kuè-sin,過身
kuè-sīn,過剩
kuè-sin-āu,過身後
kuè-sit,過失
kuè-sua,劌痧
kuè-suann-hiunn,過山香
kuè-suann-lîng,過山龍
kuè-suann-liông,過山龍
kuè-suann-to,過山刀
kuè-sû,過嗣
kuè-tang,過冬
kuè-tāng,過重
kuè-tang-tsiáu,過冬鳥
kuè-tàu,過晝
kuè-tè,過滯
kuè-tîng,過程
kuè-tîng,過澄
kuè-thai,過篩
kuè-thâu,過頭
kuè-thîng,過程
kuè-thiáu,過挑
kuè-thiāu,過祧
kuè-thn̄g,過thn̄g
kuè-thn̄g,過鍛
kuè-thong-kuan,過通關
kuè-tiám,過點
kuè-tiānn,過定
kuè-tiānn,過訂
kuè-tiān,過電
kuè-tiōng,過重
kuè-tiû,過淘
kuè-tiû,過綢
kuè-to,過刀
kuè-to,過多
kuè-tòng,過當
kuè-tôo,過渡
kuè-tōo,過度
kuè-tōo,過渡
kuè-tōo-kî,過渡期
kuè-ūn,過運
kuê,鮭
kuē,kuē
kuē,會
kuē,噲
kuē-phiah,怪癖
kuē--tio̍h,kuē著
kue-á,瓜仔
kue-á-tsháu,瓜仔草
kue-á-tshiunn,瓜仔鯧
kue-á-hî,瓜仔魚
kue-á-hî,圭仔魚
kue-á-nî,瓜仔nî
kue-á-nî,瓜仔妮
kue-á-nn̂g,瓜仔瓤
kue-bîn,乖眠
kue-tsí,瓜子
kue-tsí-bīn,瓜子面
kue-tsí-tsháu,瓜子草
kue-îng,瓜螢
kueh,刮
kue̍h,kue̍h
kueh-á,鍥仔
kue-hî,瓜魚
kue-hio̍h-thâng,瓜葉蟲
kueh-kong-tsiáu,郭公鳥
kueh-lang-kha,胳lang腳
kueh-nî,鍥鐮
kueh-niau,蕨貓
kueh-niau-tsháu,蕨貓草
kueh-phuê,刮皮
kueh-suann-niau,蕨山貓
kue-jîn,瓜仁
kue-kó,瓜果
kue-kó-sîn,瓜果蠅
kue-le̍h-á,瓜笠仔
kue-lue̍h,瓜笠
kue-phang-á,瓜蜂仔
kue-phuê-bō,瓜皮帽
ko-gia̍h,高額
ko-guân,高原
koh,koh
koh,各
koh,咯
koh,胳
koh-tsài,閣再
koh-tshuā,閣娶
koh-tshut-sì,閣出世
koh-tsi̍t-ê,閣一個
koh-ē,胳下
koh-ē-khang,胳下空
koh-ē-lang,胳下lang
koh-hā,閣下
ko-hiat-ap,高血壓
ko-hiông,高雄
ko-hiông-tshī,高雄市
ko-hiông-káng,高雄港
ko-hiông-kuān,高雄縣
ko-hiông-lâng,高雄人
ko-hiû,羔裘
koh-iūnn,koh樣
koh-iūnn,各樣
koh-ke,閣加
koh-kè,閣嫁
koh-khah,閣khah
koh-khang-ē,胳空下
koh-khì,閣去
koh-khiàm,閣欠
koh-khioh--tio̍h,閣拾著
koh-kiam,閣兼
koh-kóng,閣講
koh-kuí-ji̍t,閣幾日
koh-kuî,閣揆
koh-lâi,閣來
koh-m̄,閣m̄
koh-ua̍h,閣活
koh-ua̍h-tseh,閣活節
koh-uân,閣員
koh-uānn,閣換
ko-hong,高峰
koh-puann,閣搬
koh-tán,閣等
koh-tī-leh,擱tī-leh
ko-hui-kiû,高飛球
ko-hun,高分
ko-i,高醫
ko-io̍h,膏藥
ko-iûnn,羔羊
ko-jîn,高人
ko-jū,高裕
kok,各
kok,國
kok,郭
kok,閣
kok,穀
ko̍k,ko̍k
ko-kai-tsân,高階層
ko-kàn,高幹
ko-kang,高工
kok-an-huat,國安法
ko-ka-soh,高加索
kok-bîn,國民
kok-bîn-ping,國民兵
kok-bōo,國貿
kok-bōo-kio̍k,國貿局
kok-bū,國務
kok-bū-īnn,國務院
kok-bū-khing,國務卿
kok-bûn,國文
kok-tsài-kóng,閣再講
kok-tsè,國際
kok-tsè-huà,國際化
kok-tsè-huat,國際法
kok-tsè-sìng,國際性
kok-tsi̍k,國籍
kok-tsing,穀精
kok-tsîng,國情
kok-tshik,國策
kok-tshiú,國手
kok-tshng,穀倉
kok-tsióng,各種
kok-tsi̍t-pinn,摑一邊
kok-tsng-á,摑磚仔
kok-tsòng,國葬
kok-tsū,各自
ko-kè,高架
ko-kè-kiô,高架橋
kok-îng,國營
kok-ga̍k,國樂
kok-gí,國語
kok-guā,國外
kok-hā,閣下
kok-ha̍k,國學
ko-khang,高空
kok-hâng,各行
kok-hāu,國校
ko-khì-ap,高氣壓
kok-hia̍p,國協
ko-khó,高考
kok-hō,國號
kok-huat,國法
kok-huè,國貨
kok-huē,國會
ko-kho-ki,高科技
kok-hong,摑風
kok-hông,國防
kok-hông-pōo,國防部
kok-hong-bīn,各方面
kok-hū,國父
ko-ki,高居
ko-kiàn,高見
ko-kip,高級
kok-iú,國有
kok-jîn,國人
kok-ka,國家
kok-kài,各界
kok-kài,國界
kok-kàu,國教
kok-kíng,國境
kok-khìng,國慶
kok-khìng-tsiáu,國慶鳥
kok-khìng-ji̍t,國慶日
kok-kho-huē,國科會
kok-khòo,國庫
kok-khòo-kǹg,國庫券
kok-ki,國基
kok-kî,國旗
kok-kiàn,國建
kok-kio̍k,國劇
kok-kua,國歌
kok-kuan,谷關
kok-kuân,國權
kok-kok,各國
kok-kong,國公
kok-kong,國光
kok-kong-hō,國光號
kok-koo,穀姑
kok-kun,國軍
kok-lāi,國內
kok-lāi-guā,國內外
kok-lâng,各人
kok-li̍k,國力
kok-li̍k,國曆
kok-liân,國聯
kok-li̍p,國立
kok-luī,穀類
kok-lûn,國輪
kok-mn̂g,國門
ko--ko,哥哥
ko-kua,高歌
ko-kuà,高掛
ko-kuann,高官
ko-kué,糕粿
kok-uē,國畫
kok-ông,國王
ko-ko-tînn,膏膏纏
ko-kóo,高估
kok-phìnn,國片
kok-pia̍t,閣別
kok-pih,各憋
kok-pih,國鱉
kok-pin,國賓
kok-pó,國寶
kok-pó-kip,國寶級
kok-pún,國本
kok-sak,摑sak
kok-sán,國產
kok-sìng-tsuâ,國姓蛇
kok-sìng-giô,國姓蟯
kok-sìng-hî,國姓魚
kok-sí,國璽
kok-sī,國是
kok-sió,國小
kok-suè,國稅
kok-suè-kio̍k,國稅局
kok-su,國書
kok-sū,國士
kok-sū,國事
kok-suì,國粹
kok-su-kuán,國史館
kok-su̍t,國術
kok-tāi,國代
kok-tan,閣丹
kok-té,谷底
kok-tē,各地
kok-thé,國體
kok-thóo,國土
kok-tiâu,擱tiâu
kok-tiong,國中
kok-tiong-sing,國中生
kok-too,國都
kok-tōo,國度
kok-ú,穀雨
ko-kuì,高貴
kok-uī,各位
kok-ūn,國運
ko-lâu,高樓
ko-lê,高麗
ko-lê-tshài,高麗菜
ko-lê-jī,高麗字
ko-lê-som,高麗參
ko-lê-som,高麗蔘
ko-lîng,高齡
ko-liâng,高粱
ko-liâu,高寮
ko-liông,高梁
ko-lông,高農
ko-mn̂g,高門
kônn,齁
kônn-kônn-khùn,齁齁睏
kong,工
kong,公
kong,功
kong,光
kong,攻
kong,剛
kong-āinn-pô,公揹婆
kóng,管
kóng,講
kóng-hàm-kóo,講hàm古
kóng-á,管仔
kóng-á,廣仔
kóng-á-tsiann,管仔精
kóng-á-hâng,管仔行
kóng-á-tāu,栱仔豆
kóng-bē-ha̍h,講bē合
kóng-bē-lâi,講bē來
kóng-bē-liáu,講bē了
kóng-bē-uá,講bē倚
kóng-bē-suah,講bē煞
kóng-bē-thong,講bē通
kóng-bîng,講明
kóng-bóng-kóng,講罔講
kóng-tsai,講知
kóng-tsîng,講情
kóng-tsha,講差
kóng-tshing-tshó,講清楚
kóng-tshin,講親
kóng-tshin-tsiânn,講親tsiânn
kóng-tshiò,講笑
kóng-tshiò-khue,講笑詼
kóng-tshit-thô,講chhit-thô
kóng-tshut,講出
kóng--tshut-lâi,講出來
kóng-tsiânn,講情
kóng-tsin--ê,講真ê
kóng-ē-lâi,講會來
kóng-gī,廣義
kóng-gōng-uē,講戇話
kóng-hio̍h-sam,廣葉杉
kóng-hó,講好
kóng-hó-uē,講好話
kóng-hô,講和
kóng-huā,講嘩
kóng-huàn,廣泛
kóng-huat,講法
kóng-kah,講kah
kóng-kè,講價
kóng-kè-siàu,講價數
kóng-king,講經
kóng-ke-uē,講加話
kóng-khí,講起
kóng--khí-lâi,講起來
kóng-khiàn-sńg,講譴耍
kóng-khui,講開
kóng-kò,廣告
kóng-kò-huì,廣告費
kóng-kuàn,講慣
kóng-kuè-tsîn,講過tsîn
kóng-kóo,講古
kóng-kuí-uē,講鬼話
kóng--lâi,講來
kóng-la-thian,講la天
kóng-liáu-kóng,講了講
kóng-m̄-tio̍h,講m̄著
kóng-ngē-uē,講硬話
kóng-uē,講話
kóng-pe̍h-tsha̍t,講白賊
kóng-phànn-uē,講冇話
kóng-phuà,講破
kóng-pò,廣播
kóng-pòo-kài,廣播界
kóng-sìng-jū,講聖諭
kóng-sian-kóo,講仙古
kóng-sian-lô,講仙鑼
kóng-siáu-uē,講俏話
kóng-sńg-tshiò,講耍笑
kóng-sńg--ê,講耍ê
kóng-suah,講soah
kóng-su̍t,講述
kóng-tāi,廣大
kóng-tànn,講tànn
kóng-tānn,講tānn
kóng-tê,講題
kóng-thang-hông,講通晃
kóng-tháu-khuì,講敁氣
kóng-thàu-ki,講透枝
kóng-thàu-té,講透底
kóng-thian-kiat,講天kiat
kóng-thiòng,講暢
kóng-thong-hô,講通和
kóng-thong-thàu,講通透
kóng-thong-thò,講通套
kóng--tio̍h,講著
kóng-tiûnn,廣場
kóng-tó,廣島
kóng-tō-lí,講道理
kóng-tuā-uē,講大話
kòng,貢
kòng,摃
kòng-gîn-gû,摃銀牛
kòng-tiān-uē,摃電話
kòng-á,貢仔
kòng-báng,摃蚊
kòng-tsînn,摃錢
kòng-hiàn,貢獻
kòng-huan-thâu,摃番頭
kòng-kak,摃角
kòng-kha-tshng,摃尻川
kòng-khann-á,摃坩仔
kòng-kuai,誑乖
kòng-ku,摃龜
kòng-phuà,摃破
kòng-phuà-hue,摃破花
kòng-sí-pán,摃死版
kòng-siong,摃傷
kòng-thâu-khak,摃頭殼
kòng-thn̂g,貢糖
kòng-thuî-á,摃槌仔
kòng-tuā-kheh,摃大客
kông,狂
kông,桁
kông-bōng,狂妄
kông-tshiu,栱鞦
kông-tshue,狂吹
kông-huan,狂歡
kông-hong,狂風
kông-jîn,狂人
kông-ke̍h,狂桀
kông-phiann-phiann,狂phiann-phiann
kông-pio,狂飆
kông-sìng,狂性
kōng,kōng
kōng-kiauh,誆kiauh
kōng-thâu,kōng頭
ko-ngá,高雅
kong-an,公安
kong-àn-toh,公案桌
kong-an-kio̍k,公安局
kong-bîng,功名
kong-bîng,光明
kong-bîn,公民
kong-bông,光芒
kong-bōng,公墓
kong-bóo,公畝
kong-bū,公務
kong-bū-uân,公務員
kong-bûn,公文
kong-bûn-su,公文書
kong-bu̍t,公物
kong-tsè,公祭
kong-tsè,公債
kong-tsik,功績
kong-tsìng,公正
kong-tsìng,公眾
kong-tsìng,公證
kong-tshai,公差
kong-tshái,光彩
kong-tshik,公廁
kong-tshia,公車
kong-tshia-tshù,公車處
kong-tshin,公親
kong-tshioh,公尺
kong-tshò,攻錯
kong-tshui,公推
kong-tsiàm,攻占
kong-tsiàm,攻佔
kong-tsiànn,公正
kong-tsin,公升
kong-tsînn,公錢
kong-tsiok,公爵
kong-tsiòng,公眾
kong-tsit,公職
kong-tso̍k,公族
kong-tsú,公子
kong-tsú,公主
kong-tsú-iâ,公子爺
kong-ik,公益
kong-îng,公營
kong-îng,光榮
kong-gán,光眼
kong-gī,公義
kong-gîn,公銀
kong-guân,公元
kong-gū,公寓
kong-hā,攻下
kong-hái,公海
kong-hāi,公害
kong-ha̍k,光學
kong-hâm,公函
kong-hāu,功效
kong-hî,公魚
kong-hî,魟魚
kong-hiu-ji̍t,公休日
kong-hn̂g,公園
kong-huâ,光華
kong-huē,公會
kong-ho̍k,光復
kong-ho̍k-tsiat,光復節
kong-hui,光輝
kong-huì,公費
kong-huînn,公黃
kong-hun,公分
kong-hùn,公憤
kong-ì,公意
kong-î,公餘
kong-ián,公演
kong-iāu,光耀
kong-im,光陰
kong-iok,公約
kong-iōng,公用
kong-iōng,功用
kong-iú,公有
kong-jiân,公然
kong-ka,公家
kong-ka,攻家
kong-ká,公假
kong-kàu,公教
kong-ke,公家
kong-kè,公價
kong-ke-iōng,公家用
kong-kik,攻擊
kong-kíng,光景
kong-kíng-kiànn,光景鏡
kong-ke-tann,公家擔
kong-khai,公開
kong-khai-sài,公開賽
kong-khai-sìn,公開信
kong-khik,公克
kong-khik,攻克
kong-khíng,公頃
kong-khò,功課
kong-khuán,公款
kong-khui,公開
kong-kim,公金
kong-kin,公斤
kong-kiông,剛強
kong-kiōng,公共
kong-kò,公告
kong-kò,功過
kong-kò-lân,公告欄
kong-kuan,公關
kong-kuán,公館
kong-kuân,公權
kong-kuat,公決
kong-kòo,光顧
kong-kùn-thuî,光棍槌
kong-li̍k,功力
kong-líng,綱領
kong-lîng,功能
kong-lí,公里
kong-lí,公理
kong-lî,公厘
kong-lî,公釐
kong-lī,功利
kong-liân,光年
kong-lîm,光臨
kong-li̍p,公立
kong-lô,功勞
kong-lô-tsînn,功勞錢
kong-lông,桄榔
kong-lông-tsú,桄榔子
kong-lōo,公路
kong-lōo-kio̍k,公路局
kong-lūn,公論
kong-lu̍t,功率
kong-má,公媽
kong-má-kham,公媽龕
kong-má-pâi,公媽牌
kong-pênn,公平
kong-pîng,公平
kong-phuànn,公判
kong-pó,公保
kong-pò,公報
kong-pô-kham,公婆龕
kong-po̍k,公僕
kong-pòo,公佈
kong-pòo-lân,公佈欄
kong-sài,公使
kong-san,岡山
kong-sán,公產
kong-sik,公式
kong-si,公司
kong-sì,攻勢
kong-sī,公示
kong-siā,公社
kong-siânn,攻城
kong-siat,公設
kong-si-tsè,公司債
kong-si-huat,公司法
kong-sím,公審
kong-sìn-li̍k,公信力
kong-sîn,功臣
kong-siú,攻守
kong-sok,光速
kong-sóo,公所
kong-sòo,公訴
kong-su,公私
kong-sū,公事
kong-sū,公署
kong-sū,光緒
kong-sū-pau,公事包
kong-sun,公孫
kong-sun-á,公孫仔
kong-sun-tshiū,公孫樹
kong-tāi,公玳
kong-tāi,光大
kong-tánn,攻打
kong-tê,公題
kong-tē,公地
kong-tik,功德
kong-tik-sim,公德心
kong-tīng,公定
kong-thiann,公廳
kong-thióng,公冢
kong-thióng,公塚
kong-thuann,公攤
kong-tho̍k,攻讀
kong-thóng,公帑
kong-thui,公推
kong-tn̂g,公堂
kong-tō,公道
kong-tō-lâng,公道人
kong-tō-peh,公道伯
kong-tùn,公噸
kong-ú,公寓
ko-ní-hu,高爾夫
ko-pa-phí,鍋巴疕
ko-phiò,高票
ko-piánn,糕餅
ko-pîn-khe,高屏溪
ko-pit,膏筆
ko-san-tso̍k,高山族
ko-sing,高升
ko-sing,高僧
ko-sìng-lîng,高性能
ko-siā-phàu,高射炮
ko-siann,高聲
ko-sin,高薪
ko-siong,高商
ko-siōng,高尚
ko-siōng,歌頌
ko-siū,高壽
ko-sok,高速
ko-tâng,蒿茼
ko-tē,高地
ko-tíng,高等
ko-tiāu,高調
ko-tiong,高中
ko-tiòng,高漲
ko-tiong-sing,高中生
ko-tōo,高度
koo,koo
koo,姑
koo,孤
koo,菇
koo,觚
kóo,古
kóo,估
kóo,股
kóo,牯
kóo,鈷
kóo,鼓
kóo,鹽
kóo-á-bīn,鼓仔面
kóo-á-í,鼓仔椅
kóo-á-kiánn,股仔囝
kóo-á-sìnn,鼓仔扇
kóo-á-ting,鼓仔燈
kóo-bôo,鼓謀
kóo-bú,鼓舞
kóo-tsá,古早
kóo-tsá-tsheh,古早冊
kóo-tsá-hue,古早花
kóo-tsá-lâng,古早人
kóo-tsá-lē,古早例
kóo-tsá-mi̍h,古早物
kóo-tsá-sî,古早時
kóo-tsik,古蹟
kóo-tsénn,古井
kóo-tsénn,鼓井
kóo-tsénn-tshiûnn,古井牆
kóo-tsheh,古冊
kóo-tshī,股市
kóo-tshue,鼓吹
kóo-tshue-hue,鼓吹花
kóo-tshui,鼓催
kóo-tsong,古裝
kóo-tsú,股主
kóo-tsú-hue,鼓子花
kóo-tsui,古椎
kóo-tsui,古錐
kóo-guán,古玩
kóo-gua̍t,古月
kóo-gua̍t-kin,古月根
kóo-hong,古風
kóo-hun,股分
kóo-hūn,股份
kóo-hūn-gîn,股份銀
kóo-í,鼓椅
kóo-í-á,鼓椅仔
kóo-ì,古意
kóo-ì,苟意
kóo-kán,苟簡
kóo-kau,古交
kóo-kè,估計
kóo-kè,估價
kóo-kè,股價
kóo-kè-tuann,估價單
kóo-kha,股腳
kóo-khiat,古譎
kóo-khia̍t,古黠
kóo-khia̍t-uē,古黠話
kóo-khuán,古款
kóo-kí,枸杞
kóo-kia̍t,古黠
kóo-kim,古今
kóo-kim,股金
kóo-kit,枸橘
kóo-kó,枸果
kóo-kuài,古怪
kóo-kuài-phiah,古怪癖
kóo-kuân,股權
kóo-kok,古國
kóo-kóo,古鼓
kóo-kut,枸骨
kóo-lân-king,古蘭經
kóo-láu-phauh,古老博
kóo-lé,古禮
kóo-lê-á,鼓螺仔
kóo-lē,鼓厲
kóo-lē,鼓勵
kóo-li̍k,古曆
kóo-lī,股利
kóo-ló,古老
kóo-ló-phok,古老博
kóo-pa,古巴
kóo-pán,古板
kóo-pîng-iú,古朋友
kóo-phài,古派
kóo-phiò,股票
kóo-phok,古博
kóo-phok,古樸
kóo-pó,古堡
kóo-pún,股本
kóo-sik,股息
kóo-sî,古時
kóo-siann,鼓聲
kóo-siàu,估數
kóo-sǹg,估算
kóo-tāi,古代
kóo-ting,鼓燈
kóo-tîng-khu,古亭區
kóo-thâu,股頭
kóo-thuî,鼓槌
kóo-tì,古致
kóo-tī,鼓箸
kóo-tián,古典
kóo-tiòng,蠱脹
kóo-tiúnn,股長
kóo-tiùnn,鼓脹
kóo-tong,股東
kóo-tóng,古董
kóo-too,古都
kóo-tu,股株
kòo,固
kòo,故
kòo,顧
kòo-ài,顧愛
kòo-āu,顧後
kòo-bé,購買
kòo-bé-li̍k,購買力
kòo-bē-kàu,顧bē到
kòo-bīn-tsú,顧面子
kòo-bôo,構謀
kòo-būn,顧問
kòo-bu̍t,購物
kòo-tshù,顧厝
kòo-tsiòng,故障
kòo-tsip,固執
kòo-tsō,構造
kòo-tsuá,故紙
kòo-tsuân,顧全
kòo-tsú,雇主
kòo-tsú,僱主
kòo-hiong,故鄉
kòo-hô,媾和
kòo-ì,故意
kòo-iú,固有
kòo-iûnn-ê,顧羊的
kòo-jiân,固然
kòo-ka-kī,顧家己
kòo-kann-ê,顧監的
kòo-kang,僱工
kòo-kau,故交
kòo-kàu,顧到
kòo-ke,顧家
kòo-ke-káu,顧家狗
kòo-kenn,顧更
kòo-kheh,顧客
kòo-khiam,顧謙
kòo-ki,故居
kòo-kí,顧己
kòo-kiong,故宮
kòo-lâng-uàn,顧人怨
kòo-lāu,顧老
kòo-liām,顧念
kòo-liāu,購料
kòo-mê,顧暝
kòo-mn̂g,顧門
kòo-mn̂g-ê,顧門的
kòo-mn̂g-káu,顧門狗
kòo-uân,雇員
kòo-uân,僱員
kòo-sat,故殺
kòo-sîng,構成
kòo-sī,告示
kòo-sióng,構想
kòo-siú,固守
kòo-siú,顧守
kòo-su,構思
kòo-sū,故事
kòo-tīng,固定
kòo-thé,固體
kòo-tì,購置
kòo-tiàm,顧店
kòo-tián,故典
kòo-tiánn,顧鼎
kòo-tio̍h,顧著
kòo--tit,顧得
kòo-tōng,顧洞
kòo-tôo,構圖
kôo,糊
kôo-á,糊仔
kôo-bē-tiâu,糊bē-tiâu
kôo-buah,糊抹
kôo-io̍h,糊藥
kôo-io̍h-á,糊藥仔
kôo-kīng,糊勁
kôo-kha̍p,糊磕
kôo-kôo,糊糊
kôo-ôo,糊樗
kôo-tiâu-leh,糊tiâu-leh
kōo-bú-ê,怙武個
koo-á,姑仔
koo-tsi̍k,孤寂
koo-tsénn,枯井
koo-tshenn,姑星
koo-tsiânn,姑成
koo-tsiânn,姑情
koo-tsiânn,沽情
koo-tsiáu,姑鳥
koo-tsiáu,孤鳥
koo-tsi̍t,孤一
koo-tsi̍t-ê,孤一個
koo-tsi̍t-lâng,孤一人
koo-tsuā,孤逝
koo-tsú,孤子
koo-ê,孤個
koo-gān,孤雁
koo-hāng,孤項
koo-huân,枯礬
koo-hū,辜負
koo-huînn,鴣黃
koo-hûn,孤魂
koo-iâ,姑爺
koo-in,辜恩
koo-io̍h,膏藥
koo-jî,孤兒
koo-jî-īnn,孤兒院
koo-kài,孤介
koo-kàn-kiāu,媾姦撟
koo-ke,孤雞
koo-king-tshù,孤間厝
koo-kha-tshiàng,孤腳蹌
koo-khí-lâi,罟起來
koo--khí-lâi,koo起來
koo-khia,孤奇
koo-khia-pîng,孤奇爿
koo-khóo,孤苦
koo-khu̍t,孤khu̍t
koo-ki,孤枝
koo-kiánn,孤囝
koo-koo,孤孤
koo-kun,孤軍
koo-lâi-tshī,罟來飼
koo-láu,孤老
koo-lik,鉤栗
koo-lí,酤里
koo-lí-tin,枯里珍
koo-li̍p,孤立
koo-luân,孤鸞
koo-lôo,骷髏
koo-moo,孤毛
ko-un,高溫
koo-n̂g,孤黃
koo-niû,姑娘
koo-niû-hue,姑娘花
koo-uānn-só,姑換嫂
koo-ok-tsiáu,姑惡鳥
koo-phiah,孤癖
koo-piáu,姑表
koo-pô,姑婆
koo-pô-tsháu,姑婆草
koo-pô-tsóo,姑婆祖
koo-pô-ōo,姑婆芋
koo-pue,孤飛
koo-put-tsiang,姑不將
koo-put-tsiong,姑不終
koo-sik,孤色
koo-sí-sng,孤死酸
koo-sin,孤身
koo-sng,孤孀
koo-só-á,姑嫂仔
koo-só-tsiáu,姑嫂鳥
koo-suànn,孤線
koo-sun-á,姑孫仔
koo-ta,枯ta
koo-ta,枯凋
koo-ta,枯乾
koo-tâ,枯tâ
koo-tâ,枯焦
koo-tai,鮕
koo-ta̍k,孤獨
koo-ta̍k-phiah,孤獨僻
koo-ta̍k-phiah,孤獨癖
koo-ta̍k-sîn,孤獨神
koo-tan,孤單
koo-tè-tshù,孤塊厝
koo-ting,孤丁
koo-tiàu-koo,孤吊孤
koo-tiâu-kin,孤條根
koo-tiūnn,姑丈
koo-tiūnn-kong,姑丈公
koo-tuann,孤單
koo-tuann-king,孤單間
koo-tuann-khiā,孤單徛
koo-tuann-kiánn,孤單囝
koo-tuann-sin,孤單身
koo-to̍k,孤獨
koo-tuì-tshián,孤對棧
koo-tuì-ê,孤對個
koo-tuì-kha,孤對腳
koo-tuì-siah,孤對削
koo-tuì-tìng,孤對釘
koo-tuì-tok,孤對啄
ku,痀
ku,蚼
ku,裾
ku,踞
ku,駒
ku,龜
kú,久
kú-tshài,韭菜
kú-tshài-hue,韭菜花
kú-hāu,久候
kú-kú,久久
kú--lài,久來
kú-lâi,久來
kú-nî,久年
kú-nî-guān,久年願
kú-nî-uan,久年冤
kú-nî-pēnn,久年病
kú-pēnn,久病
kú-tn̂g,久長
kú-tn̂g-hōo,久長雨
kú-tn̂g-uan,久長冤
kú-tn̂g-pēnn,久長病
kú-tn̂g-pōo,久長步
kú-tuā,鉅大
kù,句
kù,倨
kù,鋸
kù-á,鋸仔
kù-á-sua,鋸仔鯊
kù-tsháu,灸草
kù-hō,句號
kù-hun,kù熏
kù-luè,鋸鑢
kù-tāu,句讀
kù-tāu-tshing,句讀清
kù-tiám,句點
kû,瞿
kū,舅
kū,舊
kū-á,舅仔
kū-àn,舊案
kū-àu,舊漚
kū-bí,舊米
kū-tsau-phoh,舊糟粕
kū-tsè,舊制
kū-tsìng,舊症
kū-tsìng-thâu,舊症頭
kū-tsîng,舊情
kū-tsheh,舊冊
kū-tsheh-tiàm,舊冊店
kū-tshin-tsiânn,舊親情
kū-tsí,舊址
kū-tsia̍h-sin,舊食新
kū-tsuân,俱全
kū-tsua̍t,拒絕
kū-tsok,舊作
kū-tsûn-nî,舊存年
kū-hîng,舊型
kū-huè,舊貨
kū-huè-té,舊貨底
kū-ian,舊煙
kū-ka,俱佳
kū-khuánn,舊款
kū-kim-suann,舊金山
kū-kuan,舊觀
kū-kong,舅公
kū-lak-lak,舊落落
kū-lâng,舊人
kū-láu-phauh,舊老博
kū-làu-làu,舊làu-làu
kū-lē,舊例
kū-li̍k,舊曆
kū-li̍k-nî,舊曆年
kū-lo̍h,舊落
kū-lo̍k-pōo,俱樂部
kū-nî,舊年
kū-nî-tōo,舊年度
kū-uānn-sin,舊換新
kū-uē,舊話
kū-pá-hì,舊把戲
kū-pán,舊版
kū-pēnn,舊病
kū-pī,俱備
kū-piáu,舅表
kū-sann,舊衫
kū-sik,舊式
kū-sî,舊時
kū-siang-hó,舊相好
kū-sio̍k,舊屬
kū-siū,舊岫
kū-siùnn,舊相
kū-siùnn-siùnn,舊相相
kū-siūnn,舊相
kū-sū,舊事
kū-té,舊底
kū-tē,舊地
kū-tē-tsí,舊地址
kū-ting,舅燈
kū-thâu-náu,舊頭腦
kū-thò,舊套
kū-thò-thâu,舊套頭
kū-tiàu,舊調
kū-tiāu,舊調
ku-á,蚼仔
ku-á,龜仔
ku-á-tsinn,龜仔精
ku-á-kiánn,龜仔囝
ku-á-thâng,龜仔蟲
ku-tsiann,龜精
ku-tsinn,龜精
ku-hê,龜蝦
ku-hing,龜胸
ku-hue,龜花
kui,kui
kui,規
kui,機
kui,龜
kui,歸
kuí,鬼
kuí,幾
kuí-á-tshù,鬼仔厝
kuí-á-tsînn,鬼仔錢
kuí-á-hî,鬼仔魚
kuí-á-hue,鬼仔花
kuí-á-hué,鬼仔火
kuí-á-hong,鬼仔風
kuí-á-kiánn,鬼仔囝
kuí-á-kin,鬼仔根
kuí-á-pēnn,鬼仔病
kuí-á-thai,鬼仔胎
kuí-ā-ê,幾何個
kuí-ā-kang,幾何工
kuí-bīn,鬼面
kuí-bôo,詭謀
kuí-tsai,鬼知
kuí-tsa̍p,幾十
kuí-tshù,幾次
kuí-tsiam-tsháu,鬼針草
kuí-tsiann,鬼精
kuí-tsiat,鬼節
kuí-tsinn,鬼精
kuí-ē-tsai,鬼會知
kuí-eh,鬼厄
kuí-hú,貴府
kuí-înn,幾圓
kuí-jiah,軌跡
kuí-ji̍t-tsîng,幾日前
kuí-kīng-kuí,鬼kīng鬼
kuí-khan-khì,鬼牽去
kuí-kng-kuí,鬼扛鬼
kuí-kuài,鬼怪
kuí-kuè,幾過
kuí-lāi-a,幾內亞
kuí-lo̍h-ji̍t,幾落日
kuí-nā-ê,幾若個
kuí-nā-kang,幾若工
kuí-nî-tsîng,幾年前
kuí-pái,幾擺
kuí-puē,幾倍
kuí-siânn,幾成
kuí-sia̍p-khì,鬼攝去
kuí-thai,鬼胎
kuí-thâu-to,鬼頭刀
kuí-tō,軌道
kuí-uī,幾位
kuì,kuì
kuì,季
kuì,癸
kuì,桂
kuì,貴
kuì-tsiān,貴賤
kuì-tsiat,季節
kuì-tsuá,掛紙
kuì-tso̍k,貴族
kuì-tsú-siú,劊子手
kuì-hue,桂花
kuì-hong,季風
kuì-hu-jîn,貴夫人
kuì-iông,貴陽
kuì-jîn,貴人
kuì-kenn,貴庚
kuì-khan,季刊
kuì-kheh,貴客
kuì-khì,貴氣
kuì-ki,桂枝
kuì-kim-sio̍k,貴金屬
kuì-kuan,桂冠
kuì-kok,貴國
kuì-kun,季軍
kuì-lê,瑰麗
kuì-lîm,桂林
kuì-lîn,貴人
kuì-lōo,舊路
kuì-pin,貴賓
kuì-sann,掛衫
kuì-sik-tshiok,貴色雀
kuì-sènn,貴姓
kuì-siàu,貴數
kuì-sua,kuì痧
kuì-som-som,貴蔘蔘
kuì-tik,桂竹
kuì-tiōng,貴重
kuî-tsuí,揆水
kuî-tsuí,懷水
kuî-gín-á,懷囡仔
kuî-hue,葵花
kuî-sî-pió,懷時錶
kuī,跪
kuī,櫃
kuī--lo̍h-khì,跪落去
kuī-lōo-thiânn,跪路呈
kuī-pài,跪拜
kuī-tah-tah,跪搭搭
kuī-tâi,櫃檯
kuī-tē,跪地
kuī-thuah,櫃屜
kuī-tû,櫃櫥
kui-á-hî,kui仔魚
kui-àm,歸暗
kui-àn,歸案
kui-bué,歸尾
kui-bôo,規模
kui-tsik,規則
kui-tsìng,歸正
kui-tshiú,歸手
kui-tshiú-phâng,歸手捧
kui-tsiong,規章
kui-tsng,歸莊
kui-tsuā,規迣
kui-tsuā,歸逝
kui-tsuē,規罪
kui-tsuí,歸水
kui-ê,規個
kui-ê,歸個
kui-ē,規個
kui-gue̍h-ji̍t,歸月日
kui-hî,kui魚
kui-hiong,歸鄉
kui-huà,歸化
kui-huân,歸還
kui-huān,規範
kui-hù,規副
kui-huì,規費
kui-i,歸依
kui-in-î,歸因於
kui-iok,規約
kui-jîn,歸人
kui-jîn,歸仁
kui-ji̍p,歸入
kui-ji̍t,規日
kui-ji̍t,歸日
kui-ji̍t-kiànn,歸日鏡
kui-kang,歸工
kui-keh,規格
kui-ke-kháu,歸家口
kui-ke-lâng,歸家人
kui-khang,歸空
kui-khì,規氣
kui-khì,歸氣
kui-kí,規矩
kui-kiū,歸咎
kui-kiū,歸柩
kui-kuānn,規kuānn
kui-kuānn,歸綰
kui-kok,歸國
kui-kong,歸功
kui-kûn,歸群
kui-la̍p,歸納
kui-lōo,歸路
kui-lú,閨女
kui-luī,歸類
kui-lu̍t,規律
kui-mê,規暝
kui-mê,歸暝
kuínn-sai,廣西
kui-nî,規年
kui-nî,歸年
kui-nn̂g-ji̍t,規崙日
kui-nn̂g-sin,規崙身
kui-uá,歸倚
kui-uánn-phâng,歸碗捧
kui-uē,規畫
kui-uē,規劃
kui-pak,規腹
kui-pak-hué,歸腹火
kui-pâng,閨房
kui-phe,規批
kui-phe,歸批
kui-phiánn,規片
kui-phinn,規篇
kui-pī,規避
kui-puànn-ji̍t,歸半日
kui-puànn-kang,規半工
kui-puànn-kang,歸半工
kui-puànn-poo,歸半晡
kui-puânn,規盤
kui-puânn,歸盤
kui-sik,規色
kui-sik,歸色
kui-sing-khu,規身軀
kui-sì-lâng,規世人
kui-sì-lâng,歸世人
kui-sian,歸仙
kui-sim,規心
kui-sim,歸心
kui-sin,規身
kui-sin,歸身
kui-sìn-thinn,歸信天
kui-sin-khu,規身軀
kui-sin-khu,歸身軀
kui-siok,歸宿
kui-sio̍k-kám,歸屬感
kui-sio̍k-tī,歸屬tī
kui-sòo,歸數
kui-sūn,歸順
kui-tīng,規定
kui-thâu,龜頭
kui-thinn,歸天
kui-thó,規套
kui-thua,規拖
kui-thôo-kha,規土腳
kui-tī,歸tī
kui-tīn,規陣
kui-tīn,歸陣
kui-tio̍k,歸著
kui-tù,規注
kui-tuī,歸隊
ku-kah-n̂g,龜甲黃
ku-khak,龜殼
ku-khak-hue,龜殼花
ku-kim-tshuì,龜金嘴
ku-kuài,古怪
ku-kuài,龜怪
ku-ku,痀痀
ku-leh-sô,龜leh-sô
ku-lí,苦力
ku-lí,苦里
ku-lí-tsim,龜裡椹
ku-li̍h,龜裂
ku-moo,龜毛
ku-moo-sîn,龜毛神
kun,君
kun,軍
kún,袞
kún,滾
kún,管
kún-á,緄仔
kún-á,鯀仔
kún--tsáu,滾走
kún-tshiâng-tshiâng,滾tshiâng-chhia
kún-tshiâng-tshiâng,滾沖沖
kún-tshiāng-tshiāng,滾沖沖
kún-tshiò,滾笑
kún-tshiò,諢笑
kún-tsuí,滾水
kún-tsuí-kuàn,滾水罐
kún-tsūn,滾拵
kún-huā,滾嘩
kún-io̍h-tsuí,滾藥水
kún-ká,滾絞
kún-ká,滾攪
kún-ká-thiànn,滾絞痛
kún-kau-lîng,滾蛟龍
kún-khui,滾開
kún-kînn,滾墘
kún-kō,滾翱
kún-kún,滾滾
kún-lìng,滾踜
kún-lo̍h,滾落
kún-lún-tsūn,滾碖拵
kún-pinn,袞邊
kún-pinn,滾邊
kún-pōo,頸部
kún-sńg-tshiò,諢耍笑
kún-tiâu,滾條
kùn,kùn
kùn,棍
kùn-á,棍仔
kùn-kiōng,滾強
kùn-kiūnn,滾強
kùn-tháng,棍桶
kûn,拳
kûn,焄
kûn,群
kûn,裙
kûn-bah,kûn肉
kûn-tsiòng,群眾
kûn-tsi̍p,群集
kûn-tsū,群聚
kûn-ing,群英
kûn-hiông,群雄
kûn-hōo-nuā,kûn互爛
kûn-ki,裙裾
kûn-lōo,拳路
kûn-muê,kûn-muê
kûn-nuā,kûn爛
kûn-ông,拳王
kûn-sài,拳賽
kûn-suann,群山
kûn-thâu,拳頭
kûn-thâu,裙頭
kûn-thâu-bó,拳頭母
kûn-thâu-bó,拳頭拇
kûn-thâu-phuè,拳頭
kûn-thâu-pōo,拳頭步
kûn-thâu-sai,拳頭司
kûn-thâu-sai,拳頭師
kûn-thé,群體
kûn-thng,kûn湯
kûn-tó,群島
kûn-tuà,裙帶
kûn-tuà-tshài,裙帶菜
kûn-tuà-tshin,裙帶親
kūn,郡
kūn-pik,窘迫
kun-á,軍仔
kun-bîn,軍民
kun-tsìng,軍政
kun-tsióng,軍種
kun-tsit,軍職
kun-tsong,軍裝
kun-tsú,君子
kun-tsú,君主
kun-tsú-tsha̍t,君子賊
kun-tsú-tshiū,君子樹
kun-hāu,軍校
kun-huat,軍法
kun-hua̍t,軍閥
kun-hué,軍火
kun-ho̍k,軍服
kun-huì,軍費
kun-hùn,軍訓
kun-i,軍醫
kun-iânn,軍營
kun-iōng,軍用
kun-iōng-káu,軍用狗
kun-jîn,軍人
kun-káng,軍港
kun-kíng,軍警
kun-khu,軍區
kun-ki,軍機
kun-kua,軍歌
kun-kuann,軍官
kun-kong,軍功
kun-kong-kàu,軍公教
kun-lām,軍艦
kun-li̍k,軍力
kun-lí,軍旅
kun-pī,軍備
kun-pōo,軍部
kun-sim,軍心
kun-sio̍k,軍屬
kun-su,軍師
kun-sū,軍事
kun-thuân,軍團
kun-tiong,軍中
kun-tiúnn,軍長
kun-tuī,軍隊
kun-uí,軍委
ku-pán,龜板
ku-piah,龜蟞
ku-pih,龜鱉
ku-puè,龜背
ku-sîn,蚼蠅
ku-sîn,龜蠅
ku-sio,痀燒
ku-suann,龜山
ku-suann-hiong,龜山鄉
ku-suann-tó,龜山島
ku-sui,龜綏
kut,kut
kut,骨
kut,鶻
ku̍t,掘
ku̍t,滑
ku̍t,搰
ku̍t-á,掘仔
ku̍t-tsing,滑精
ku̍t-tshia,滑車
ku̍t-tshuì,滑嘴
ku̍t-tsô,滑槽
ku̍t-khe-hì,滑稽戲
ku̍t-khí,崛起
ku̍t-kim,掘金
ku̍t-liu,滑溜
ku̍t-liù-siuh,滑溜咻
ku̍t-liu-liu,滑溜溜
ku̍t-liu-siu̍h,滑溜驌
ku̍t-lo̍h,滑落
ku̍t--lo̍h,滑落
ku̍t-lu̍t-su̍t,滑律術
ku̍t-lut-sut,滑甪卹
ku̍t-ping,滑冰
ku̍t-pua̍h-tó,滑跋倒
ku̍t-seh,滑雪
ku̍t-seh-tshia,滑雪車
ku̍t-thâu-hu,骨頭hu
ku̍t-thih-lôo,滑鐵盧
ku̍t-thôo,掘土
ku̍t-thôo-ki,掘土機
ku̍t-tia̍h,滑滌
ku̍t-tín-tāng,滑振動
ku̍t-tó,滑倒
kut-ba̍k,骨目
kut-tsat,骨節
kut-tsing,骨精
kut-tshué,骨髓
kut-tshuì-póo,骨碎補
kut-tsiam-á,骨簪仔
kut-tsit,骨質
kut-tsiu,骨鵃
kut-ing,骨癰
kut-giàng-giàng,骨齴齴
kut-ha̍k,骨學
ku-thâu,龜頭
kut-hu,骨hu
kut-hu,骨灰
kut-i,骨衣
kut-iām-tsìng,骨炎症
kut-kàn,骨幹
kut-kè,骨架
kut-keh,骨格
kut-keh,骨骼
kut-khì,骨氣
kut-kho,骨科
kut-la̍t,骨力
kut-la̍t,搰力
kut-la̍t-kha,搰力腳
kut-lûn,骨輪
kut-mo̍oh,骨膜
kut-mo̍oh-iām,骨膜炎
kut-nn̂g,骨瓤
kut-pâi,骨牌
kut-pín-á,骨稟仔
kut-puânn,骨盤
kut-tâu,骨骰
kut-tè,骨塊
kut-tíng,骨頂
kut-thâu,骨頭
kut-thâu-tshin,骨頭親
kut-thâu-hu,骨頭灰
kut-tn̄g,骨斷
la,la
là,啦
là-liâng,là涼
là-pa,喇叭
lâ,蟟
lâ-á,蜊仔
lâ-á-hio̍h,蜊仔葉
lâ-giâ,lâ-giâ
lâ-giâ,蟧蜈
lâ-giâ-tshia,蟧蜈車
lâ-lí,蟟鯉
lâ-lí,鯪鯉
lâ-lûn-sio,lā-lûn燒
lâ-pa̍k-tshài,蘿蔔菜
lâ-sâm,lâ-sâm
lâ-suē,膋垂
lā,lā
lā,撓
lā-tshài,撓菜
lā-ham,撓蚶
lā-hio̍h,lā-hio̍h
lā-hué,lā火
lā-ká,撓絞
lā-khang,撓空
lā-khang-thâu,撓空頭
lā-kin-le,撓根絡
lā-mi̍h-kiānn,撓物件
lā-mn̂g-lōo,撓門路
lā-uē-thâu,撈話頭
lā-uē-thâu,撓話頭
lā-pue,獵飛
lā-puî,撓肥
lā-suànn,lā散
lā-sū,撓事
lā-thâu,撓頭
la-tsioh,拉借
la-îng,拉閒
la-îng,喇閒
la-îng,喇榮
lah,啦
la̍h,la̍h
la̍h,獵
la̍h,蠟
la̍h,靂
la̍h-á-tsháu,蚋仔草
la̍h-bah,臘肉
la̍h-bu̍t,獵物
la̍h-bu̍t,臘物
la̍h-tsik,蠟燭
la̍h-tsik-iû,蠟燭油
la̍h-tsik-sim,蠟燭心
la̍h-tsik-tâi,蠟燭台
la̍h-tshìng,獵銃
la̍h-tshiâng,臘腸
la̍h-tshiâng-tshiū,臘腸樹
la̍h-tsuá,蠟紙
la̍h-gue̍h,臘月
la̍h-iû,臘油
la̍h-jîn,獵人
la̍h-jîn,臘人
la̍h-ji̍t,曆日
la̍h-ji̍t,臘日
la̍h-ji̍t-tôo,曆日圖
la̍h-káu,獵狗
la̍h-khū,獵具
la̍h-pán,蠟板
la̍h-pit,蠟筆
la̍h-puânn,臘盤
la̍h-puânn,蠟盤
la̍h-siōng,蠟像
la̍h-tiâu,蠟條
la-hi,喇嘻
lah-lah-tuī,啦啦隊
la-huê,拉回
lah-pah-hue,喇叭花
lah-sap,垃圾
lah-sap-tshuì,垃圾嘴
lah-sap-tsînn,垃圾錢
lah-sap-tsuí,垃圾水
lah-sap-hueh,垃圾血
lah-sap-kuí,垃圾鬼
lah-sap-mi̍h,垃圾物
lah-sap-uē,垃圾話
lah-sap-pēnn,垃圾病
lah-sap-puî,垃圾肥
lài-tah,lài-tah
lâi,來
lâi,梨
lâi-á,梨仔
lâi-á-hue,梨仔花
lâi-á-ko,梨仔膏
lâi-á-kue,梨仔瓜
lâi-tsia,來chia
lâi-tsū,來自
lâi--ê-lâng,來的人
lâi-guân,來源
lâi-hâm,來函
lâi-huê,來回
lâi-hóng,來訪
lâi-hōo-i,來hōo伊
lâi-ì,來意
lâi-kàu,來到
lâi-kheh,來客
lâi-khì,來去
lâi-khì-siàu,來去數
lâi-khì-tńg,來去轉
lâi-khì-tò,來去倒
lâi-li̍k,來歷
lâi-lōo,來路
lâi-óng,來往
lâi-óng-siàu,來往數
lâi-phe,來批
lâi-pin,來賓
lâi-put-ki̍p,來不及
lâi-sè,來世
lâi-sing,來生
lâi-sì,來勢
lâi-sìn,來信
lâi-tiān,來電
lāi,內
lāi,利
lāi-á-tsînn,利仔錢
lāi-bīn,內面
lāi-bīn-king,內面間
lāi-bông-kóo,內蒙古
lāi-bū,內務
lāi-tsâi,內才
lāi-tsāi,內在
lāi-tsāi-ê,內在的
lāi-tsè,內債
lāi-tsìng,內症
lāi-tsìng-pōo,內政部
lāi-tshin,內親
lāi-tshiú,內首
lāi-tshiûnn,內牆
lāi-tshut-hueh,內出血
lāi-tsiàng,內障
lāi-tsînn,利錢
lāi-tsiòng,內障
lāi-tsóo,內祖
lāi-ìng,內應
lāi-guā,內外
lāi-guā-kong,內外攻
lāi-hái,內海
lāi-hâm,內涵
lāi-hâng,內行
lāi-hâng-ê,內行個
lāi-hâng--ê,內行的
lāi-hâng-lâng,內行人
lāi-hio̍h,lāi-hio̍h
lāi-hio̍h,鶆鴞
lāi-hio̍h-tshì,鶆鴞刺
lāi-hio̍h-ing,鶆鴞鷹
lāi-hio̍h-kha,鶆鴞腳
lāi-hô,內河
lāi-ho̍k,內服
lāi-hōng,內訌
lāi-hun-pì,內分泌
lāi-i,內衣
lāi-iá,內野
lāi-iá-tshiú,內野手
lāi-iân,內椽
lāi-iông,內容
lāi-ká-lāi,利絞利
lāi-kah-á,內裌仔
lāi-kái,內骱
lāi-kak,內角
lāi-kan,內奸
lāi-káng,內港
lāi-ke,內家
lāi-kíng,內景
lāi-kháu,內口
lāi-khì,利器
lāi-khîn,內勤
lāi-kho,內科
lāi-khòo,內褲
lāi-kiàm-kiàm,利劍劍
lāi-kiù,內疚
lāi-kuah,利割
lāi-kuáinn,內稈
lāi-koh-tsè,內閣制
lāi-kong,內公
lāi-kong,內功
lāi-ku,內裾
lāi-kûn,內裙
lāi-li̍k,內壢
lāi-ling,內奶
lāi-lí,內里
lāi-lí,內裡
lāi-lî-á,內籬仔
lāi-lio̍k,內陸
lāi-luān,內亂
lāi-má,內媽
lāi-mn̂g,內門
lāi-ni,內奶
lāi-niá-sann,內領衫
lāi-ôo,內湖
lāi-ôo-khu,內湖區
lāi-pak,內腹
lāi-pâng,內房
lāi-pîng,內爿
lāi-puān,內叛
lāi-poo,內埔
lāi-pōo,內部
lāi-sann,內衫
lāi-sann-khòo,內衫褲
lāi-siang,內傷
lāi-siau,內銷
lāi-sim,內心
lāi-sin,內身
lāi-sīn,內腎
lāi-siong,內傷
lāi-sit,利息
lāi-suann,內山
lāi-suànn,內線
lāi-suann-kâu,內山猴
lāi-suann-kheh,內山客
lāi-suann-lâng,內山人
lāi-suann-sông,內山傖
lāi-sun,內孫
lāi-té,內底
lāi-té-sann,內底衫
lāi-tīng,內定
lāi-thai,內胎
lāi-thâu,內頭
lāi-tī,內痔
lāi-tiânn,內埕
lāi-tiong,內中
lāi-to,利刀
lāi-tō,內道
lāi-ûn,內勻
lak,lak
lak,彔
lak,落
la̍k,la̍k
la̍k,六
la̍k-tsáinn-ê,六指的
la̍k--gue̍h,六月
la̍k-gue̍h-seh,六月雪
la̍k-gue̍h-tang,六月冬
la̍k-hing-khám,la̍k胸坎
la̍k-kah,六甲
la̍k-kak,六角
la̍k-kak-tsháu,六角草
la̍k-kak-ing,六角英
la̍k-kha,六腳
la̍k--khí-lâi,la̍k起來
la̍k-khin,六輕
la̍k-kiâm-tshài,la̍k鹹菜
la̍k-ku,六龜
la̍k-la̍k-tshuah,la̍k-la̍k-chhoah
la̍k-la̍k-tshuah,捋捋chhoah
la̍k-la̍k-tshuah,碌碌chhoah
la̍k-liām-á,六捻仔
la̍k-sann-khòo,la̍k衫褲
la̍k-sìn,六信
la̍k-tāi-tsiu,六大洲
la̍k-ta̍k,磟碡
la̍k-ta̍k-tsháu,磟碡草
la̍k-ta̍k-kin,磟碡根
la̍k-tiám-puànn,六點半
la̍k-tóo,六堵
la-kau,拉鉤
lak-bô,落無
lak-tsām,落站
lak-tshia,轆車
lak-tshuì-khí,落嘴齒
lak-tsit,落職
lak-tsǹg,lak鑽
lak-tsǹg,錄tsǹg
lak-tsǹg,轆鑽
lak-hio̍h,落葉
lak-hue,落花
lak-jī,落字
lak-kè,落價
lak-kē,落低
lak-khak,落殼
lak-khak-tsan,落殼欑
lak-khang,lak空
lak-khang,彔空
lak-khang,轆孔
lak-khí,落齒
lak-kip,落級
lak-lián,落臉
lak-lo̍h,落落
lak--lo̍h,落落
lak-lo̍h-khì,落落去
lak--lo̍h-lâi,落落來
lak-mn̂g,落毛
lak-moo,落毛
lak-phí,落庀
lak-phí,落疕
lak-sik,落色
lak-suān,落鏇
lak-suān,轆鏇
lak-sue,落衰
lak-sui,落衰
lak-sui,落蓑
lak-suī,落穗
lak-sún,落榫
lak-ta̍k-hué,lak濁火
lak-tē-á,橐袋仔
lak-thâu-mn̂g,落頭毛
lak-tiāu,落掉
la-lá-suann,拉拉山
la-le,喇絡
la-liān,拉鍊
la-liâng,拉涼
la-liâng,喇涼
la-liâng-uē,拉涼話
la-liâng-uē,喇涼話
la-lûn-sio,拉圇燒
la-lun-sio,拉圇燒
lam,lam
lam,襤
lám,lám
lám,荏
lám,腩
lám,攬
lám-bé,荏馬
lám-bué,攬尾
lám-tshia,纜車
lám-hàn,荏漢
lám-hing,攬胸
lám-huè,lám貨
lám-huè,荏貨
lám-io,攬腰
lám-jîn-tshiū,欖仁樹
lám-jîn-kū,欖仁舅
lám-jio̍k,荏弱
lám-kha,荏腳
lám-kha-siàu,荏腳數
lám-kioh-siàu,lám腳數
lám-kioh-siàu,荏腳數
lám-kong,纜綱
lám-kong-soh,纜綱索
lám-leh-khàu,攬leh哭
lám-lio̍k,lám弱
lám-lōo,lám路
lám-lōo,荏路
lám-nuā,lám爛
lám-sìng,攬勝
lám-sì,lám勢
lám-sin,lám身
lám-sin-miā,lám身命
lám-sin-miā,荏身命
lám-suànn,纜線
lám-soh,纜索
lám-tiâu-tiâu,攬tiâu-tiâu
lám-tiâu-tiâu,攬椆椆
lám-tóo-bah,腩肚肉
làm,làm
làm-á,湳仔
làm-tsàm,làm-tsàm
làm-tshân,làm田
làm-tshân,湳田
làm-khut,làm窟
làm-làm,làm-làm
làm-làm,湳湳
làm-sai-káu,襤獅狗
làm-tē,湳地
làm-thôo,làm土
làm-thôo,湳土
làm-thôo-khut,湳土窟
làm-tóo,làm肚
làm-tóo,湳肚
lâm,男
lâm,南
lâm,淋
lâm,楠
lâm,藍
lâm,籃
lâm-a,南亞
lâm-á,楠仔
lâm-á-pang,楠仔枋
lâm-bân-sin,南蠻辛
lâm-bí,南美
lâm-bí-tsiu,南美洲
lâm-bīn,南面
lâm-tshik,南側
lâm-tshiong,南昌
lâm-tsng,南庄
lâm-tsuâ,南蛇
lâm-tsong,男裝
lâm-tsú,男子
lâm-tsú,楠梓
lâm-tsú-hàn,男子漢
lâm-tsú-kak,男主角
lâm-tsuí,淋水
lâm-hā,南下
lâm-hái,南海
lâm-hâi,男孩
lâm-hân,南韓
lâm-hong,男方
lâm-hong,南方
lâm-hong,南風
lâm-hong-tsháu,南風草
lâm-hong-gōng,南風戇
lâm-hong-ò,南方澳
lâm-hong-thinn,南風天
lâm-hōo,淋雨
lâm-hui,南非
lâm-huî-thn̄g,淋瓷搪
lâm-iông,南陽
lâm-iû,淋油
lâm-iûnn,南洋
lâm-iûnn-sam,南洋杉
lâm-jî,男兒
lâm-jîn,男人
lâm-ka,男家
lâm-káng,南港
lâm-káng-khu,南港區
lâm-ke,男家
lâm-ki̍k,南極
lâm-khai,南開
lâm-khu,南區
lâm-kiann,南京
lâm-kim-tsuí,淋金水
lâm-kuán,南管
lâm-ko-im,男高音
lâm-lé,淋禮
lâm-lí,男女
lâm--lo̍h-lâi,淋落來
lâm-lōo-ing,南路鷹
lâm-luì,襤褸
lâm-mn̂g,南門
lâm-ò,南澳
lâm-ò-kam,南澳柑
lâm-pak,南北
lâm-pak-huè,南北貨
lâm-pak-kau,南北交
lâm-pîng,男爿
lâm-pîng,男旁
lâm-pîng,南爿
lâm-pîng,南旁
lâm-pîng-iú,男朋友
lâm-pin-siòng,男儐相
lâm-pōo,南部
lâm-pún,藍本
lâm-sik,男色
lâm-sik,藍色
lâm-sing,男生
lâm-sìng,男性
lâm-sìng-huà,男性化
lâm-sing-khu,淋身軀
lâm-sì,南勢
lâm--sì,南勢
lâm-suann,南山
lâm-sū,男士
lâm-tâi,南台
lâm-tâm,淋tâm
lâm-tâm,淋澹
lâm-tâu,南投
lâm-tâu-tshī,南投市
lâm-tâu-kuān,南投縣
lâm-tâu-lâm,南投楠
lâm-tê,南茶
lâm-tik,南竹
lâm-ting,男丁
lâm-thī-ke,淋雉雞
lâm-thn̄g,淋搪
lâm-thn̄g,淋碭
lâm-tiān,藍靛
lâm-tuan,南端
lâm-tôo,藍圖
lâm-uī,南緯
lām,濫
lām-tsa̍p,濫雜
lām-tsò-hué,濫做夥
lām-hîng,濫刑
lām-hua̍t,濫伐
lām-hueh,濫血
lām-hueh-ê,濫血個
lām-iōng,濫用
lām-kau,濫交
lām-khún,濫墾
lām-lām,luī-luī
lām-lām,濫濫
lām-lâu,濫流
lām-sám,濫摻
lām-sám,濫糝
lām-sám-bú,濫摻舞
lām-sám-tsò,濫糝做
lām-sám-īng,濫糝用
lām-sám-iōng,濫摻用
lām-sám-kóng,濫摻講
lām-sám-kóng,濫糝講
lām-sám-lâi,濫摻來
lām-sám-mn̄g,濫摻問
lām-sám-mn̄g,濫糝問
lām-sám-tànn,濫摻呾
lām-sat,濫殺
lām-siāng,艦上
lām-sú,濫使
lām-thíng,艦艇
lām-tīn,濫陣
lām-tuī,艦隊
lam-mî-hiû,襤棉裘
lan,lan
lan,趼
lán,咱
lán,懶
lán-tsiâ-lâng,咱遮人
lán-ê,咱的
lán-lán,懶懶
lán-lâng,咱人
lán-si,懶屍
lán-si-tsuâ,懶屍蛇
lán-si-khùn,懶屍睏
lán-si-kut,懶屍骨
lán-si-ti,懶屍豬
lán-tō,懶惰
lân,lân
lân,藍
lân,難
lân,蘭
lân,鱗
lân-bián,難免
lân-bông,難忘
lân-tshuì,零碎
lân-tshuì-bah,零碎肉
lân-tsià-ha̍h,lân蔗ha̍h
lân-hue,蘭花
lân-īnn,難易
lân-iông,蘭陽
lân-iông-khe,蘭陽溪
lân-jím,難忍
lân-kái,難解
lân-kam-tsià,lân甘蔗
lân-kan,欄杆
lân-kham,難堪
lân-kio̍k,難局
lân-kuài,難怪
lân-kuan,難關
lân-mi̍h,零物
lân-nāi,難耐
lân-pān,難辨
lân-pó,難保
lân-san,零星
lân-sán,難產
lân-san-á,零星仔
lân-san-bé,零星買
lân-san-bē,零星賣
lân-san-bué,零星尾
lân-san-tsînn,零星錢
lân-san-īng,零星用
lân-san-iōng,零星用
lân-san-kang,零星工
lân-sik,難色
lân-sîng,難成
lân-sueh,難說
lân-sû,難事
lân-sū,蘭嶼
lân-tê,難題
lân-tī,難治
lân-tit,難得
lân-tô,難逃
lân-tong,難當
lân-tōo,難度
lân-uî-tsîng,難為情
lān,lān
lān,難
lān-bîn,難民
lān-tshuānn,lān-tshuānn
lān-tsiáu,lān鳥
lān-tsiáu-mn̂g,lān鳥毛
lān-tsiáu-thâu,lān鳥頭
lān-hu̍t,lān核
lān-hu̍t-á,lān核仔
lān-mua,lān幔
lān-muā,lān蔓
lān-moo,lān毛
lān-nuā,lān爛
lān-pau,難胞
lān-pha,lān-pha
lān-pha-tshang,lān-pha蔥
lān-pha-tē,lān-pha袋
lān-sîn,亂神
lān-sui,lān-sui
lang,lang
lang,朗
lang,蘢
lang,籠
láng,láng
láng,儱
láng,籠
láng-á,籠仔
láng-á-tànn,籠仔擔
láng-bīn-huè,籠面貨
láng-khòo,láng褲
láng-lâi,攬來
láng--lâi,láng來
láng-poo,籠甫
láng-tà,籠罩
láng-té-hì,籠底戲
láng-té-huè,籠底貨
láng-thâu,láng頭
láng-thâu,lóng頭
láng-thâu-ê,láng頭的
láng-tiâu,láng-tiâu
làng,làng
làng-tsi̍t-kang,lang一工
làng-gue̍h,làng月
làng-hong,làng風
làng-hōo,làng雨
làng-hōo-tsām,lang雨暫
làng-hōo-phāng,làng雨縫
làng-hōo-phāng,lang雨縫
làng-ji̍t,làng日
làng-ji̍t,lang日
làng-kang,làng工
làng-kang,lang工
làng-káng,踉港
làng-khang,làng空
làng-khang,lang空
làng-khang-sia̍h,làng空勺
làng-khui,làng開
làng-khut,làng窟
làng-liâu,làng-liâu
làng-liâu,踉潦
làng-phāng,làng縫
làng-phāng,lang縫
lâng,人
lâng,儂
lâng,膿
lâng,聾
lâng-bé,人馬
lâng-bīn-khuah,人面闊
lâng-tsâi,人才
lâng-tsìng,人眾
lâng-tsìng-tsìng,人眾眾
lâng-tshia,人車
lâng-tshiú,人手
lâng-tsuí,膿水
lâng-gia̍h,人額
lâng-go̍k,人鵠
lâng-hîng,人形
lâng-hîm,人熊
lâng-hueh,膿血
lâng-iánn,人影
lâng-iân,人緣
lâng-iân-tsha,人緣差
lâng-iūnn,人樣
lâng-kang,人工
lâng-khak,人殼
lâng-kheh,人客
lâng-kheh-king,人客間
lâng-kheh-kuann,人客官
lâng-kheh-pâng,人客房
lâng-kheh-phuānn,人客伴
lâng-kheh-thiann,人客廳
lâng-khì,人氣
lâng-khuán,人款
lâng-khuànn-lâng,人看人
lâng-kuann,人乾
lâng-lâng,人人
lâng-lāu-ba̍k,膿漏目
lâng-miâ,人名
lâng-ńg,人影
lâng-nuā-nuā,人懶懶
lâng-ông,人王
lâng-pa,人巴
lâng-pān,人扮
lâng-pān,人範
lâng-phiah,人癖
lâng-phue,人胚
lâng-sau,人颼
lâng-sik,人色
lâng-siûnn,膿瘍
lâng-sn̂g,籠床
lâng-sòo,人數
lâng-ta̍h-lâng,人踏人
lâng-tha̍h-lâng,人疊人
lâng-thâu,人頭
lâng-thâu,膿頭
lâng-thâu-tshenn,人頭生
lâng-thâu-khak,人頭殼
lâng-thûn-á,人豚仔
lāng,人
lāng,弄
lāng-tshuì-hue,弄嘴花
lāng-gê,弄牙
lāng-gín-á,弄囡仔
lāng-gīn,弄恨
lāng-hiám,弄險
lāng-hue,弄花
lāng-hue-jī,弄花字
lāng-hue-kóo,弄花鼓
lāng-hue-lī,弄花字
lāng-hong,弄風
lāng-káu-hîm,弄狗熊
lāng-kàu,弄到
lāng-ke-si,弄傢俬
lāng-kóo,弄股
lāng-kóo,弄鼓
lāng-lîng,弄龍
lāng-liông,弄龍
lāng-phāng,lāng縫
lāng-phuē,弄被
lāng-pit-ba̍k,弄筆墨
lāng-pit-bué,弄筆尾
lāng-sai,弄獅
lāng-sai-thâu,弄獅頭
lāng-sang,lāng鬆
lāng-sang,弄鬆
lāng-sin-niû,弄新娘
lāng-si̍t,弄翼
lāng-tîn,弄藤
lāng-tuā-to,弄大刀
lang-tshin-tsiânn,蘢親情
lang-lang,lang-lang
lang-lang,蘢蘢
lan-san-bah,零星肉
lap,lap
lap,塌
la̍p,納
la̍p,鈉
la̍p-tshái,納采
la̍p-tshù-suè,納厝稅
la̍p-tshuì,納粹
la̍p-tsoo,納租
la̍p-huē-a,納會仔
la̍p-ji̍p,納入
la̍p-niû,納糧
la̍p-suè,納稅
la̍p-tē-tsoo,納地租
la-pa,喇叭
la-pah,喇叭
lap-bō-á,塌帽仔
lap-tseh,塌績
lap-tseh,邋簀
lap-tsi̍t-khang,塌一空
la-phé,喇
lap-io,塌腰
lap-jī,凹字
lap-kha̍p,凹磕
lap-khut,塌窟
lap-khut-á,塌窟仔
lap-kiànn,凹鏡
lap--lâng,塌人
lap--lo̍h,塌落
lap-lo̍h-tsuí,lap落水
lap-lo̍h-khì,塌落去
lap--lo̍h-khì,lap落去
lap--lo̍h-khì,塌落去
lap--lo̍h-lâi,塌落來
lap-o,lap-o
lap-o,塌窩
lap-o,蹋窩
la-puah,喇缽
lap-phīnn-á,塌鼻仔
lap-pōo,蹋步
lap-pún,lap本
lap-pún,蹋本
lap-sap,垃圾
lap-sap-uē,垃圾話
lap-sap-tāi,垃圾代
lap-sí,蹋死
lap-té,塌底
lap-tio̍h-lâng,lap著人
lap-u,塌洿
lap-ù,塌塢
la-sam,拉穇
la-sâm,拉饞
la-sat,拉薩
la̍t,力
la̍t-bué,力尾
la̍t-tsháu,力草
la̍t-tsí,栗子
la̍t-tsí-sik,栗子色
la̍t-tsuí,力水
la̍t-hî,鰳魚
la̍t-thâu,力頭
la-ting,拉丁
la-ting-gí,拉丁語
la-thian,喇天
lat-pah,喇叭
lau,遶
láu,láu
láu,老
láu,佬
láu,蓼
láu-á,láu仔
láu-á,老仔
láu-á,佬仔
láu-á-tsáinn,佬仔指
láu-á-pōo,老仔步
láu-á-pōo,佬仔步
láu-tsá,老早
láu-tsāi-hâng,老在行
láu-tsau,老糟
láu-tsháu,荖草
láu-tshiú,老手
láu-tsiáu,老鳥
láu-hio̍h,荖葉
láu-hue,老花
láu-hue,荖花
láu-jī,老二
láu-kin,撓筋
láu-kó,蓼稿
láu-kuàn-tshuàn,老慣串
láu-kong-kùn,老光棍
láu-liān,老練
láu-pâi,老牌
láu-pán,老闆
láu-pán-niû,老板娘
láu-pán-niû,老闆娘
láu-pîng-iú,老朋友
láu-pînn-thâu,老棚頭
láu-sè,老細
láu-siang-ti,老相知
láu-si̍t,老實
láu-si̍t-kóng,老實講
láu-tāi,老tāi
láu-tâu,老到
láu-tâu,老道
láu-thò-thâu,老套頭
láu-tîn,荖藤
láu-tio̍h,扭著
láu-tio̍h,撓著
láu-tio̍h-tshiú,扭著手
láu-tio̍h-kin,扭著筋
láu-tio̍h-kin,撓著筋
láu-tuā,老大
láu-tuā-ko,老大哥
làu,làu
làu,落
làu-tsáu,落走
làu-tshē,落尺
làu-tshē,落坐
làu-tshe̍h,澇tshe̍h
làu-tsî,落糬
làu-tsuí,落水
làu-ē-ham,落下ham
làu-ē-ham,落下頷
làu-ē-huâi,落下頦
làu-hing,làu胸
làu-hio̍h,落葉
làu-hong,漏風
làu-jī,落字
làu-kah-thòo,落佮吐
làu-kau,落交
làu-kau,落溝
làu-kau,漏交
làu-kau,漏溝
làu-kíng,落景
làu-king-hong,落肩風
làu-king-kah,落肩胛
làu-khang,漏空
làu-khang-tshìng,落空銃
làu-khang-tshia,落空車
làu-khang-tshia,漏空車
làu-khang-tsuā,落空逝
làu-khang-kiânn,落空行
làu-khau,落鬮
làu-kháu-king,漏口供
làu-khuì,漏氣
làu-khuì-tāi,漏氣代
làu-koo-tsiáu,落孤鳥
làu-pái,落擺
làu-pak,落腹
làu-pak,漏腹
làu-phah,落拍
làu-phâng,落蓬
làu-phâu,落跑
làu-sái,落屎
làu-sái,漏屎
làu-sái-bé,落屎馬
làu-sái-tsìng,落屎症
làu-sái-tshenn,落屎星
làu-sái-tshenn,漏屎星
làu-sái-io̍h,落屎藥
làu-sái-lâm,落屎楠
làu-sià,漏瀉
làu-sià-pēnn,落瀉病
làu-sia̍h-á,落杓仔
làu-si̍t-á,落翼仔
làu-the,落胎
làu-the,漏胎
làu-the-io̍h,漏胎藥
làu-thòo,漏吐
làu-thòo-tsìng,落吐症
làu-thòo-tsìng,漏吐症
làu-thòo-sià,落吐瀉
làu-tīn,落陣
làu-tn̂g,落腸
làu-tn̂g-thâu,落腸頭
làu-tōo-sua,落肚痧
lâu,流
lâu,留
lâu,樓
lâu,瘤
lâu-á,樓仔
lâu-á-tshù,樓仔厝
lâu-āu-tshiú,留後手
lâu-āu-pōo,留後步
lâu-ba̍k-sái,流目屎
lâu-bé-tíng,樓尾頂
lâu-bē-tiâu,留bē-tiâu
lâu-bīn,樓面
lâu-bīn-tsú,留面子
lâu-bīn-phuê,留面皮
lâu-bô-thîng,流無停
lâu-bué-tshù,樓尾厝
lâu-tsénn,樓井
lâu-tshìng-kuānn,流凊汗
lâu-tshia,樓車
lâu-tshìn-kuānn,流凊汗
lâu-tshuì-tshiu,留嘴鬚
lâu-tshuì-nuā,流嘴瀾
lâu-tshut,流出
lâu-tsî,流糬
lâu-tsiông,流瘍
lâu-tsù,留駐
lâu-tsuí,流水
lâu-tsuí-kóng,流水管
lâu-tsuí-si̍k,流水席
lâu-tsuí-tīnn,流水tīnn
lâu-hā,流下
lâu-he-he,流奚奚
lâu-hiòng,流向
lâu-hueh,流血
lâu-hueh-tông,流血桐
lâu-î,流於
lâu-iú,留有
lâu-ji̍p,流入
lâu-kàu,流到
lâu-kha,樓腳
lâu-kha-tshù,樓腳厝
lâu-kià-lôo,劉寄奴
lâu-kuānn,流汗
lâu-koh,樓閣
lâu-kông,樓栱
lâu-kông-înn,樓栱楹
lâu-lâng,流膿
lâu-lâng-kheh,留人客
lâu--leh,留leh
lâu--lo̍h-lâi,留落來
lâu-lōng-hàn,流浪漢
lâu-lōo-tshut,流露出
lâu-miâ,留名
lâu-nuā,流瀾
lâu-ua̍h-khàu,留活扣
lâu-pái,流擺
lâu-pang,劉邦
lâu-pang,樓枋
lâu-pè,流弊
lâu-phīnn,流鼻
lâu-phīnn-tsuí,流鼻水
lâu-phīnn-hueh,流鼻血
lâu-pūn,流泍
lâu-sái-bué,留屎尾
lâu-sau,牢騷
lâu-seh-á,樓屑仔
lâu-sí-tsiông,流死瘍
lâu-sí-siông,流死瘍
lâu-siông-liah,流瘍跡
lâu-siông-liah,留瘍跡
lâu-tē-pōo,留地步
lâu-tíng,樓頂
lâu-thâu,流頭
lâu-thâu-tsang,留頭鬃
lâu-thâu-mn̂g,留頭毛
lâu-thui,樓梯
lâu-thui-tsàn,樓梯層
lâu-thui-king,樓梯間
lâu-tì,留置
lâu-tiāu,流掉
lāu,老
lāu,漏
lāu-á,老仔
lāu-á,漏仔
lāu-a-kong,老阿公
lāu-a-ḿ,老阿姆
lāu-a-má,老阿媽
lāu-ang,老翁
lāu-ang-bóo,老翁某
lāu-a-peh,老阿伯
lāu-a-pô,老阿婆
lāu-bâ,老媌
lāu-bāng,漏網
lāu-bīn-phuê,老面皮
lāu-bó,老母
lāu-tsá-sí,老早死
lāu-tsa-bóo,老查某
lāu-tsāi,老在
lāu-tsâng,老欉
lāu-tsau,老糟
lāu-tsik-kong,老叔公
lāu-tshâ-tsau,老柴焦
lāu-tshâ-tsau,老柴糟
lāu-tshai-tshai,鬧猜猜
lāu-tshang,老娼
lāu-tshang-thâu,老娼頭
lāu-tshing-tshun,老青春
lāu-tshiú,老手
lāu-tshù-lú,老處女
lāu-tshù-pinn,老厝邊
lāu-tshuì,漏嘴
lāu--tshut-lâi,漏出來
lāu-tsiáu,老鳥
lāu-tsiáu-tsiann,老鳥精
lāu-tsínn,老tsínn
lāu-tsiòng,老將
lāu-tsi̍t-puè,老一輩
lāu-tsiú,老酒
lāu-tsóng,老總
lāu-tsóo,老祖
lāu-tsóo-kong,老祖公
lāu-tsóo-má,老祖媽
lāu-tsú-kòo,老主顧
lāu-tsuí,漏水
lāu--ê,老ê
lāu-gōng,老戇
lāu-hàn,老漢
lāu-hàu,老蔻
lāu-hiann,老兄
lāu-hiann-tī,老兄弟
lāu-hiâu,老hiâu
lāu-huà,老化
lāu-huan-kak,老番角
lāu-huan-tian,老番顛
lāu-huan-tian,老番癲
lāu-hue,老花
lāu-huè,老歲
lāu-huè-á,老歲仔
lāu-hue-ba̍k,老花目
lāu-hue-kiànn,老花鏡
lāu-hong,漏風
lāu-hong-liû,老風流
lāu-hong-so,老風騷
lāu-hóo-hīnn,老虎耳
lāu-hóo-sim,老虎心
lāu-hôo-lî,老狐狸
lāu-hôo-tôo,老糊塗
lāu-hōo,漏雨
lāu-hu,老夫
lāu-iâ,老爺
lāu-iâ-tshia,老爺車
lāu-iau-tsiann,老妖精
lāu-iông-hue,鬧陽花
lāu-iú,老友
lāu-iû-tiâu,老油條
lāu-jī-hō,老字號
lāu-jia̍t,鬧熱
lāu-jia̍t-pái,鬧熱擺
lāu-kan-sîn,老奸臣
lāu-kâu,老猴
lāu-kâu-bó,老猴母
lāu-ke-bó,老雞母
lāu-ke-pô,老家婆
lāu-khang,漏空
lāu-kha-tháng,老腳桶
lāu-kháu,漏口
lāu-khì,老去
lāu-khì,漏氣
lāu--khì,老去
lāu-khuán,老款
lāu-khok-khok,老柝柝
lāu-khong-kiān,老康健
lāu-kiàm-sian,老劍仙
lāu-kiān-tiu,老健丟
lāu-kin-tsat,老根節
lāu-kiunn,老薑
lāu-ko-kuat,老歌訣
lāu-kong-á,老公仔
lāu-kong-pô,老公婆
lāu-kóo-tsá,老古早
lāu-kóo-tsui,老古錐
lāu-kóo-kuàn,老古慣
lāu-kóo-kū,老古舊
lāu-kóo-pán,老古板
lāu-kóo-tóng,老古董
lāu-koo-khu̍t,老孤khu̍t
lāu-koo-láu,老孤老
lāu-koo-nóo,老孤老
lāu-koo-pô,老姑婆
lāu-koo-ta̍k,老孤獨
lāu-kū,老舊
lāu-ku-tsiann,老龜精
lāu-ku-tsinn,老龜精
lāu-kuí-tsiann,老鬼精
lāu-kui-kí,老規矩
lāu-ku-ku,老痀痀
lāu-lâi,老來
lāu-lâi-kiau,老來嬌
lāu-lâng,老人
lāu-lâng-ba̍k,老人目
lāu-lâng-kiànn,老人鏡
lāu-lâng-kin,老人根
lāu-lâng-pan,老人斑
lāu-liân-huê,老連回
lāu-miā,老命
lāu-môo-pēnn,老毛病
lāu-mooh-mooh,老mooh-mooh
lāu-mooh-mooh,老耄耄
lāu-niû-tshin,老娘親
lāu-uē,漏話
lāu-ôo,漏壺
lāu-pá-hì,老把戲
lāu-pán,老闆
lāu-pauh,漏暴
lāu-pē,老父
lāu-pē,老爸
lāu-pē-bó,老爸母
lāu-peh-kong,老伯公
lāu-pēnn,老病
lāu-ping,老兵
lāu-pîng-iú,老朋友
lāu-phuānn,老伴
lāu-piáu,老婊
lāu-piáu-thâu,老婊頭
lāu-pò,漏報
lāu-pô,老婆
lāu-pô-á,老婆仔
lāu-pô-sô,老婆
lāu-puè,老輩
lāu-pōo,老步
lāu-pōo-tsāi,老步在
lāu-pōo-tshāi,老步在
lāu-pōo-tiānn,老步定
lāu-pún,老本
lāu-put-siu,老不修
lāu-sai,老師
lāu-sing,老生
lāu-sī-tuā,老序大
lāu-siam,老瞻
lāu-siam-gia̍p,老瞻業
lāu-siam-gîn,老瞻銀
lāu-sian-senn,老先生
lāu-sia̍p,漏洩
lāu-sin,老身
lāu-siòng,老相
lāu-si̍t-kóng,老實講
lāu-siùnn,老相
lāu-sue,老衰
lāu-suè,漏稅
lāu-su,老師
lāu-ta-ke,老乾家
lāu-tâng-sāi,老同姒
lāu-táu,漏斗
lāu-tàu-thâu,老鬥頭
lāu-tâu,老到
lāu-té,漏底
lāu-té-miā,老短命
lāu-tê-sik,老茶色
lāu-thài-pô,老太婆
lāu-thài-thài,老太太
lāu-thâu,老頭
lāu-thian-tho̍h,老天酡
lāu-thó-tī,老土地
lāu-thò-thâu,老套頭
lāu-thuē,老俀
lāu-thuē,老頹
lāu-tiàm,老店
lāu-tiān,漏電
lāu-tiâng-siū,老長壽
lāu-ti-ko,老豬哥
lāu-tò-kiu,老倒kiu
lāu-tò-thè,老倒退
lāu-tò-thuē,老倒thuē
lāu-tuā,老大
lāu-tuā-tsí,老大姊
lāu-tuā-lâng,老大人
lāu-tòng-gōng,老凍戇
lāu-tòng-gōng,老擋戇
lāu-tōng,漏洞
lāu-tōng,鬧動
lāu-ûn,老勻
lāu-ūn,老運
la̍uh,落
lau-uē,撈話
lau-uē-thâu,撈話頭
lé,lé
lé,禮
lé,鱧
lé-bō,禮帽
lé-bu̍t,禮物
lé-tsàn,禮讚
lé-tshí,禮鼠
lé-tsiat,禮節
lé-gî,禮儀
lé-gî,禮誼
lé-gū,禮遇
lé-ho̍k,禮服
lé-jiōng,禮讓
lé-kah-khu̍t,lé佮khu̍t
lé-kah-thé,lé佮體
lé-khàng,lé-khàng
lé-kim,禮金
lé-kǹg,禮券
lé-kuàn,禮卷
lé--lâng,lé人
lé-lông,禮囊
lé-lōo,禮路
lé-māu,禮貌
lé-mē,lé罵
lé-mi̍h,禮物
lé-pài,禮拜
lé-pài-it,禮拜一
lé-pài-jī,禮拜二
lé-pài-ji̍t,禮拜日
lé-pài-tn̂g,禮拜堂
lé-phàu,禮炮
lé-phìng,禮聘
lé-phín,禮品
lé-piánn,禮餅
lé-sik,禮式
lé-sing,禮生
lé-sio̍k,禮俗
lé-sòo,禮數
lé-thiap,禮帖
lé-tn̂g,禮堂
lè,lè
lè-táu,麗倒
lê,lê
lê,犁
lê,腡
lê,璃
lê,螺
lê,麗
lê-han-tsî,犁番藷
lê-á,螺仔
lê-á-tsang,螺仔鬃
lê-á-khak,螺仔殼
lê-á-piánn,螺仔餅
lê-bah,螺肉
lê-bîng,黎明
lê-bó,螺母
lê-bóng,lê-bóng
lê-tsang,螺鬃
lê-tshân,犁田
lê-tshân-hn̂g,犁田園
lê-tshân-ki,犁田機
lê-tsn̄g,螺旋
lê-khak,螺殼
lê-pê,犁耙
lê-phí,螺疕
lê-piah,犁壁
lê-piah-tsháu,犁壁草
lê-piah-tshì,犁壁刺
lê-piah-tîn,犁壁藤
lê-puè,螺貝
lê-san,梨山
lê-sàu-kak,螺哨角
lê-sua,犁鯊
lê-ta,犁礁
lê-thâu,lê頭
lê-thâu,犁頭
lê-thâu-tsháu,犁頭草
lê-thâu-tshiū,犁頭樹
lê-thâu-senn,犁頭鉎
lê-thâu-sinn,犁頭鉎
lê-thâu-sua,犁頭鯊
lê-thâu-tīn,犁頭陣
lê-tì,螺蒂
lê-tiān,螺鈿
lê--tio̍h-ta,犁著碉
lē,例
lē-àn,例案
lē-tsìng,例證
lē-tshun-hue,麗春花
lē-tsì,勵志
lē-guā,例外
lē-hîng,例行
lē-hî,鱺魚
lē-huē,例會
lē-iām,淚炎
lē-jī,隸字
lē-ká-ji̍t,例假日
lē-sio̍k,隸屬
lē-sio̍k-tī,隸屬tī
lē-su,隸書
le-bóng,檸檬
leh,leh
leh,勒
le̍h,le̍h
le̍h,捩
le̍h,裂
le̍h-á,笠仔
le̍h-tsi̍t-khang,裂一空
le̍h-khui,裂開
le̍h-le̍h-háu,le̍h-le̍h吼
le̍h-le̍h-tân,le̍h-le̍h-tân
leh-hiâu,leh-hiâu
leh-sua,捋痧
leh-táu,leh斗
lik,lek
lik,慄
li̍k,li̍k
li̍k,力
li̍k,勒
li̍k,淥
li̍k,碌
li̍k,綠
li̍k,曆
li̍k,錄
li̍k,鰳
li̍k,靂
li̍k-ài,溺愛
li̍k-ām-ām,綠ām-ām
li̍k-ba̍k-bâi,勒目眉
li̍k-bé,勒馬
li̍k-bé-soh,勒馬索
li̍k-tsing,力爭
li̍k-tshang-tshang,綠蔥蔥
li̍k-tsīn,歷盡
li̍k-tsiu,綠洲
li̍k-gio̍k-tshiū,綠玉樹
li̍k-hîng,力行
li̍k-hî,力魚
li̍k-hî,鰳魚
li̍k-hiám,歷險
li̍k-huà,綠化
li̍k-hûn,勒痕
li̍k-ì,綠意
li̍k-iá,綠野
li̍k-iû-tsing,綠油精
li̍k-jīm,歷任
li̍k-kài,歷屆
li̍k-king,歷經
li̍k-khah,綠卡
li̍k-khâm-khâm,綠黔黔
li̍k-khì,氯氣
li̍k-khǹg,力勸
li̍k-kim,淥金
li̍k-kim,瀝金
li̍k-kiû,力求
li̍k-kuè-thâu,碌過頭
li̍k-lâi,歷來
li̍k-lāi-tsiòng,綠內瘴
li̍k-li̍k,歷歷
li̍k-līng,勒令
li̍k-liān,歷練
li̍k-liāng,力量
li̍k-lōo,陸路
li̍k-lōo,碌路
li̍k-miâ,匿名
li̍k-miā,碌命
li̍k-nî,歷年
li̍k-nî-lâi,歷年來
li̍k-puî,綠肥
li̍k-san-ôo,綠珊瑚
li̍k-sik,綠色
li̍k-sí,li̍k死
li̍k-sí,碌死
li̍k-sî,歷時
li̍k-siám-siám,綠閃閃
li̍k-sio̍k,勒贖
li̍k-si̍p-jī,綠十字
li̍k-sú,歷史
li̍k-sú-ha̍k,歷史學
li̍k-sú-hē,歷史系
li̍k-sú-ka,歷史家
li̍k-sú-sìng,歷史性
li̍k-sū,力士
li̍k-tāi,歷代
li̍k-tāu,綠豆
li̍k-tāu-ko,綠豆糕
li̍k-tāu-kuí,綠豆鬼
li̍k-tāu-muâi,綠豆糜
li̍k-tāu-piánn,綠豆餅
li̍k-tê,綠茶
li̍k-tē,綠地
li̍k-tik,綠竹
li̍k-tik-sún,綠竹荀
li̍k-tik-sún,綠竹筍
li̍k-tó,綠島
li̍k-tôo,力圖
lik-ba̍k-bâi,勒目眉
lik-tsat,慄節
lik-tsîng-kha,慄前腳
lik-kè,慄價
lik-kíng,慄
lik-lo̍h-khì,慄落去
lik-phīnn,慄鼻
lik-sik,勒索
lik-sik,慄色
lik-sì,慄勢
lik-tánn,慄膽
ling,奶
ling,蘢
líng,冷
líng-bīn,冷面
líng-buê,冷媒
líng-bo̍k,冷漠
líng-tsīng,冷靜
líng-tshài,冷菜
líng-tshing,冷清
líng-tshìng,冷銃
líng-tshing-tshing,冷清清
líng-tshìn,冷凊
líng-tshìn-tshìn,冷凊凊
líng-tshiò,冷笑
líng-tsiàn,冷戰
líng-tsi̍t-khuì,冗一氣
líng-tsuânn,冷泉
líng-tsông,冷藏
líng-tsuí,冷水
líng-gán,冷眼
líng-gōo,領悟
líng-hái,領海
líng-hi̍k,領域
líng-hiat,冷血
líng-hong,冷風
líng-hong,冷鋒
líng-kám-tsìng,冷感症
líng-káng,領港
líng-káng-tsûn,領港船
líng-kàu,領教
líng-khì,冷氣
líng-khì-ki,冷氣機
líng-khiok,冷卻
líng-khok,冷酷
líng-ki-ki,冷ki-ki
líng-ki-ki,冷支支
líng-ki-ki,冷吱吱
líng-kiong,冷宮
líng-kuānn,冷汗
líng-lâm,嶺南
líng-líng-á,冷冷仔
líng-lī,伶利
líng-lī,伶俐
líng-lia̍k,領略
líng-lo̍k,冷落
líng-mn̂g,冷門
líng-mn̂g-huè,冷門貨
líng-pâng,冷房
líng-pn̄g,冷飯
líng-pn̄g-thuân,冷飯團
líng-pn̄g-tîn,冷飯藤
líng-puânn,冷盤
líng-puānn,冷拌
líng-sik,冷色
líng-sià,冷瀉
líng-sian,領先
líng-sih-sih,冷皙皙
líng-sih-sih,冷嘶嘶
líng-sim-sim,冷森森
líng-siù,領袖
líng-sngh-sngh,冷嗖嗖
líng-sng-sng,冷霜霜
líng-sū,領事
líng-sū-kuán,領事館
líng-tām,冷淡
líng-thóo,領土
líng-thóo-kuân,領土權
líng-tiánn,冷鼎
líng-tio̍h,冷著
líng-tiûnn,冷場
líng-tō,領導
líng-tō-tsiá,領導者
líng-tō-hā,領導下
líng-tō-jîn,領導人
líng-tòng,冷凍
líng-tòng-tse,冷凍劑
líng-tòng-ki,冷凍機
líng-tuī,領隊
lìng,lìng
lìng-tsáu,lìng走
lìng-khí-lâi,踜起來
lìng-khui,踜開
lìng-khui,躘開
lìng-phuē,踜被
lìng-sin,踜身
lìng-sin,躘身
lîng,拎
lîng,能
lîng,陵
lîng,鈴
lîng,零
lîng,龍
lîng,壟
lîng,靈
lîng-á,鈴仔
lîng-á,龍仔
lîng-á-gîn,龍仔銀
lîng-bé,拎馬
lîng-bín,靈敏
lîng-bín-tōo,靈敏度
lîng-bông,檸檬
lîng-bu̍t,靈物
lîng-tsing,靈精
lîng-tsîng,靈前
lîng-tsīng,寧靜
lîng-tshia,靈車
lîng-tshím,陵寢
lîng-tshiu-tsháu,龍鬚草
lîng-tshiu-tîn,龍鬚藤
lîng-tshù,靈厝
lîng-tsi,靈芝
lîng-tsiam,龍占
lîng-tsiân,靈前
lîng-tsiap,迎接
lîng-tsi̍h,龍舌
lîng-tsi̍h-tsháu,龍舌草
lîng-tsi̍h-lân,龍舌蘭
lîng-tsit,龍脊
lîng-tsiu,龍舟
lîng-tsûn,龍船
lîng-tsûn-tsháu,龍船草
lîng-tsûn-hio̍h,龍船葉
lîng-tsûn-hue,龍船花
lîng-tsûn-kut,龍船骨
lîng-tsûn-tôo,龍船圖
lîng-ìng,靈應
lîng-gê-tsháu,龍牙草
lîng-gê-hue,龍牙花
lîng-gíng,龍眼
lîng-gíng-tsí,龍眼子
lîng-gíng-hu̍t,龍眼核
lîng-gíng-ke,龍眼雞
lîng-gíng-kuann,龍眼乾
lîng-gíng-thâng,龍眼蟲
lîng-giām,靈驗
lîng-gîn,龍銀
lîng-guân,能源
lîng-guân-pōo,能源部
lîng-guān,寧願
lîng-hā,零下
lîng-hā,寧夏
lîng-hê,龍蝦
lîng-hê-tiau,龍蝦雕
lîng-hî,鯪魚
lîng-hīnn-á,lîng耳仔
lîng-hue,翎花
lîng-hōng-piánn,龍鳳餅
lîng-hóo-tòo,龍虎鬥
lîng-hun,零分
lîng-hûn,凌雲
lîng-hûn,靈魂
lîng-hûn-ha̍k,靈魂學
lîng-io̍h,靈藥
lîng-iông,羚羊
lîng-iōng,零用
lîng-iōng-kim,零用金
lîng-jiáu-hue,龍爪花
lîng-jiáu-sik,龍爪稷
lîng-jiáu-sué,龍爪黍
lîng-jio̍k,凌辱
lîng-ká-tsuí,龍絞水
lîng-kà,凌駕
lîng-kak,菱角
lîng-kak,龍角
lîng-kak-tshài,菱角菜
lîng-kak-tshuì,菱角嘴
lîng-kak-tsiáu,菱角鳥
lîng-kak-tsím,菱角枕
lîng-kak-kóng,龍角管
lîng-kám,靈感
lîng-kàn,能幹
lîng-kau,壟溝
lîng-khá,靈巧
lîng-khì,靈氣
lîng-khiàu,靈竅
lîng-khó,寧可
lîng-ki,靈機
lîng-kiā,龍崎
lîng-kiānn,零件
lîng-kiong,龍宮
lîng-kiū,靈柩
lîng-kuánn-tsuí,龍趕水
lîng-kong,鯪公
lîng-kong,靈光
lîng-ku,稜龜
lîng-kut,龍骨
lîng-kut-tshia,龍骨車
lîng-kut-tshué,龍骨髓
lîng-lân-tsháu,龍鱗草
lîng-li̍k,凌勒
lîng-li̍k,凌轢
lîng-li̍k,能力
lîng-lī,伶俐
lîng-liāng,能量
lîng-liang-á,鈴喨仔
lîng-liang-á,鈴鐺仔
lîng-luān,凌亂
lîng-luān,零亂
lîng-lông-gô,玲瓏遨
lîng-long-á,鈴啷仔
lîng-long-kóo,玲璫鼓
lîng-mn̂g,龍門
lîng-mn̂g-tsìnn,翎毛箭
lîng-ngāu,蓮藕
lîng-ua̍h,靈活
lîng-ua̍t,靈活
lîng-ok,獰惡
lîng-ông,龍王
lîng-pâu,龍袍
lîng-peh,龍柏
lîng-pôo,龍袍
lîng-sat,龍虱
lîng-sing,零星
lîng-sìng,靈性
lîng-sî,零時
lîng-siann,鈴聲
lîng-siànn,靈聖
lîng-siân,龍涎
lîng-siân-hiunn,龍涎香
lîng-siau-hue,凌霄花
lîng-sîn,凌晨
lîng-sióng,聆賞
lîng-si̍t,零食
lîng-siu,靈修
lîng-siū,零售
lîng-siū-siong,零售商
lîng-siū-tiàm,零售店
lîng-sòo,零數
lîng-sū,能事
lîng-tan,靈丹
lîng-tánn-tsháu,龍膽草
lîng-tánn-hue,龍膽花
lîng-thé,靈體
lîng-thiann,聆聽
lîng-thiāu,龍柱
lîng-thong,靈通
lîng-thòo-tsu,龍吐珠
lîng-tî,凌遲
lîng-tī,凌治
lîng-tī,凌遲
lîng-tiâu-tiâu,拎tiâu-tiâu
lîng-tiùnn,靈帳
lîng-tn̂g,靈堂
lîng-toh,靈桌
lîng-toh-á,拎桌仔
lîng-uī,靈位
līng,冗
līng,令
līng,另
līng,閵
līng-á,楝仔
līng-tsé,令姊
līng-tsi̍t-khuì,冗一氣
līng-tsun,令尊
līng-guā,另外
līng-guā-tsia̍h,另外食
līng-hîng,另行
līng-huê,另回
līng-hong-bīn,另方面
līng-hòo-hòo,冗霍霍
līng-ji̍t,另日
līng-kang,另工
līng-khang,冗空
līng--khì,līng去
līng-khuì,冗氣
līng-kî,令旗
līng-līng,līng-līng
līng-līng,冗冗
līng-li̍t,另日
līng-lông,令郎
līng-muē,令妹
līng-sang,冗鬆
līng-tē,令弟
līng-tīng,另訂
līng-ti̍t,令姪
līng-tông,令堂
ling-á,奶仔
ling-á-tsháu,奶仔草
ling-bó,奶母
ling-bó-tshia,奶母車
ling-bó-la̍t,奶母力
ling-bôo,奶模
ling-tshang,奶蔥
ling-tshuì-á,奶嘴仔
ling-tsu,奶珠
ling-tsuí,奶水
ling-i̍k,奶液
ling-ing,奶癰
ling-gâm,奶癌
ling-gû,奶牛
ling-hóo,奶虎
ling-hún,奶粉
ling-iû,奶油
ling-khí,奶齒
ling-miâ,奶名
ling-pâng,奶房
ling-phè-á,奶帕仔
ling-phín,奶品
ling-pông,奶房
ling-pôo,奶脯
ling-pû,奶匏
ling-sng,奶酸
ling-tà,奶罩
ling-tàu,奶罩
ling-thai,奶胎
ling-thâu,奶頭
ling-thn̂g,奶糖
ling-thò,奶套
ling-ti,奶豬
ling-ti-á,奶豬仔
le-phué,絡
lí,女
lí,你
lí,李
lí,里
lí,妳
lí,理
lí,裏
lí,鯉
lí-á,李仔
lí-á-tshiám,李仔扦
lí-á-ko,李仔糕
lí-bîng-sing,女明星
lí-bîn,里民
lí-tsâi,理財
lí-tsâi-ka,理財家
lí-tsik,理則
lí-tshiánn,你請
lí-tshiū,李樹
lí-tsiòng,女將
lí-tsong,女裝
lí-tsú,女子
lí-tsú-kak,女主角
lí-tsú-lâng,女主人
lí-tsū-kí,你自己
lí-ê,女鞋
lí-ìng,理應
lí-ing-hiông,女英雄
lí-gī-uân,女議員
lí-guá,你我
lí-guā,裡外
lí-ha̍k,理學
lí-ha̍k-hāu,女學校
lí-ha̍k-sing,女學生
lí-hāu-tiúnn,女校長
lí-hîng,旅行
lí-hîng,履行
lí-hîng-tshia,旅行車
lí-hîng-tē,旅行袋
lí-hî,鯉魚
lí-huà,理化
lí-huat,理法
lí-huat,理髮
lí-huat-lông,理髮廊
lí-huat-su,理髮師
lí-huat-thiann,理髮廳
lí-huat-tiàm,理髮店
lí-hong,女方
lí-hông,女皇
lí-huì,旅費
lí-i,女醫
lí-ián-uân,女演員
lí-iok,里約
lí-iok,履約
lí-iong,女傭
lí-iōng,女用
lí-i-sing,女醫生
lí-iú,女友
lí-iû,旅遊
lí-iû,理由
lí-iû-gia̍p,旅遊業
lí-jî,女兒
lí-jîn,女人
lí-jîn-kok,女人國
lí-jîn-sim,女人心
lí-ji̍t,旅日
lí-ka,女家
lí-kai,理該
lí-kái,理解
lí-kái-li̍k,理解力
lí-kàm-sū,理監事
lí-kàn-sū,女幹事
lí-kàn-sū,里幹事
lí-kang,女工
lí-káng,里港
lí-kâng-kuán,你仝管
lí-kang-kho,理工科
lí-ka-tī,你家治
lí-kàu-uân,女教員
lí-ke,女家
lí-ke,理家
lí-kíng,女警
lí-kheh,旅客
lí-khì,理氣
lí-kho,理科
lí-khut,理屈
lí-ki,旅居
lí-kiâm,李鹹
lí-kia̍t,女傑
lí-kuán,旅館
lí-kuán-ke,女管家
lí-kuàn,女眷
lí-kuân,女權
lí-kua-sing,女歌星
lí-ko-im,女高音
lí-kong-tsú,女公子
lí-la,里拉
lí-la̍k,理捋
lí-la̍t,瘰厤
lí-li̍k,履歷
lí-li̍k-pió,履歷表
lí-liām,理念
lí-liû,女流
lí-ló-kun,李老君
lí-lo̍h,理落
lí-lông,女郎
lí-lôo,女奴
lí-lōo,理路
lí-lōo-ti̍t,理路直
lí-lūn,理論
lí-lūn-ka,理論家
lí-lūn-siāng,理論上
lí-ná-tsē,你那坐
lí-ông,女王
lí-pe̍h,李白
lí-pîng,女爿
lí-pîng,李旁
lí-phuānn,女伴
lí-pì-su,女秘書
lí-pī,女婢
lí-po̍k,女僕
lí-pòo,里布
lí-sài,女婿
lí-sik,女色
lí-sing,女生
lí-sìng,女性
lí-sìng,理性
lí-siā,旅社
lí-si-jîn,女詩人
lí-sîn,女神
lí-sióng,理想
lí-sióng-huà,理想化
lí-sióng-ka,理想家
lí-siû,女囚
lí-siu-īnn,女修院
lí-su,女師
lí-sū,女士
lí-sū,理事
lí-sū-huē,理事會
lí-sū-kok,理事國
lí-sū-tiúnn,理事長
lí-su-ki,女司機
lí-tik,女德
lí-ting-hui,李登輝
lí-thiat-kuái,李鐵枴
lí-thok-kuái,李托枴
lí-tì,理智
lí-tiàm-uân,女店員
lí-tiong,女中
lí-ti̍t,女姪
lí-tiúnn,里長
lí-tiúnn,旅長
lí-tong,理當
lí-tông-kun,女童軍
lí-tôo,旅途
lí-tôo-tē,女徒弟
lì,lì
lì-bīn-phuê,lì面皮
lì-tshuann,裂扦
lì-lè-kiò,lì-lè叫
lì--phuà,lì破
lì-phuà-bīn,lì破面
lì-phuê,lì皮
lî,厘
lî,狸
lî,籬
lî-á,籬仔
lî-á,驢仔
lî-á-kah,lî-á-kah
lî-bâ,狸貓
lî-bí,厘米
lî-tshiánn,而且
lî-gû,犛牛
lî-hì,兒戲
lî-í,而已
lî-lâi,如來
lî-lān,罹難
lî-lî,厘厘
lî-lî-á,lî-lî仔
lî-pa,籬笆
lî-si,厘絲
lî-tíng,厘戥
lî-tìng,釐訂
lî-tīng,釐定
lī,字
lī,利
lī,俐
lī,痢
lī,餌
lī,鋁
lī,膩
lī,濾
lī,離
lī-á,濾仔
lī-á-kin,濾仔巾
lī-á-pòo,濾仔布
lī-ba̍k,字目
lī-bē-khui,離bē開
lī-bóo,離某
lī-tsik,痢疾
lī-tsìng,痢症
lī-tsīng,濾淨
lī-tshing,濾清
lī-tshī,利市
lī-tshiû,離愁
lī-tshut,二出
lī-tshut-lâi,濾出來
lī--tshut-lâi,濾出來
lī-tsit,離職
lī-tsiú,濾酒
lī-tsuá,字紙
lī-tsuá,濾紙
lī-tsuá-láng,字紙籠
lī-tsú,利子
lī-tsuí,二水
lī-tsuí,利水
lī-tsuí-khì,濾水器
lī-ik,利益
lī-ik-lâng,利益人
lī-hāi,厲害
lī-hāi-io̍h,厲害藥
lī-hāi-pēnn,厲害病
lī-ha̍p,離合
lī-hîng,厲行
lī-hiong,離鄉
lī-hn̄g-hn̄g,離遠遠
lī-huānn,離岸
lī-hue,二花
lī-hue-bīn,二花面
lī-hun,離婚
lī-hun-tshin,二婚親
lī-hun-su,離婚書
lī-î,利於
lī-ī,離異
lī-iâ,二爺
lī-iân,離緣
lī-iân-bóo,離緣某
lī-io̍k,利欲
lī-iōng,利用
lī-iú,利誘
lī-iû-khì,濾油器
lī-iūnn,字樣
lī-jiō,利尿
lī-jiō-tse,利尿劑
lī-ka,離家
lī-káu-mê,二九暝
lī-king,離經
lī-kíng,離境
lī-kháu,利口
lī-khì,利器
lī-khì,離棄
lī--khì,離去
lī-khui,離開
lī-kí,利己
lī-kî,離奇
lī-kīn-kīn,離近近
lī-kiong,離宮
lī-lâu,利流
lī-ling,離奶
lī-lîm,蒞臨
lī-lo̍h,俐落
lī-lōo,利路
lī-lōo-hián,離鹵幌
lī-lōo-huè,二路貨
lī-lōo-peh,二路八
lī-lu̍t,利率
lī-má,利馬
lī-miâ,字名
lī-mn̂g-thang,鋁門窗
lī-pè,利弊
lī-pēnn,痢病
lī-pîng,字旁
lī-phóo,離譜
lī-pí-a,利比亞
lī-pî,利脾
lī-piān,利便
lī-pia̍t,離別
lī-pōo-peh,二步八
lī-sè,離世
lī-sè-koo,離世孤
lī-sik,利息
lī-si̍k,離席
lī-sènn,字姓
lī-sì-bíng,二四猛
lī-siāng-lī,利上利
lī-sim,離心
lī-sin,離身
lī-sio̍k,離俗
lī-sòng-kheh,呂宋客
lī-su,離書
lī-suí,利水
lī-sûn,利純
lī-tá,利他
lī-tē,離地
lī-tîng-mn̂g,二重門
lī-thâu,利頭
lī-thiap,字帖
lī-tiàu,離窵
lī-tiâu,字條
lī-tiāu,離掉
lī-tit,利得
lī-tòo-keh,字tòo格
lī-ui̍h,字劃
lī-ûn,字勻
lī-ūn,字運
liá,惹
liá-ē,惹禍
liá-sū,惹事
liá-tāi-tsì,惹代誌
lia-bīn,遮面
lia-tsa̍h,遮閘
liah,liah
liah,跡
lia̍h,lia̍h
lia̍h,掠
lia̍h-ân,掠ân
lia̍h-tsāi-guā,lia̍h在外
lia̍h-tsáu-tsuí,lia̍h走水
lia̍h-tsáu-su,lia̍h走私
lia̍h-tsáu-su,掠走私
lia̍h-tsê,lia̍h齊
lia̍h-tsê,掠齊
lia̍h-tsha̍t,lia̍h賊
lia̍h-tsha̍t,掠賊
lia̍h-tsiat,lia̍h折
lia̍h-tsò,lia̍h做
lia̍h-tsò-tê,lia̍h做題
lia̍h-tsòng-ting,掠壯丁
lia̍h-tsún,lia̍h準
lia̍h-tsún,掠準
lia̍h-guā,lia̍h外
lia̍h-hāu,lia̍h鱟
lia̍h-hāu,掠鱟
lia̍h-hāu-á,lia̍h鱟仔
lia̍h-hî,lia̍h魚
lia̍h-hî,掠魚
lia̍h-hî-ê,lia̍h魚個
lia̍h-hî-ê,掠魚的
lia̍h-hî--ê,掠漁的
lia̍h-hô,lia̍h和
lia̍h-huān-lâng,掠犯人
lia̍h-iánn,lia̍h影
lia̍h-iau,lia̍h-iau
lia̍h-iau,lia̍h妖
lia̍h-iau,掠妖
lia̍h-kan,lia̍h姦
lia̍h-kâu,lia̍h猴
lia̍h-kē,掠低
lia̍h-khang,lia̍h空
lia̍h-khang-phāng,lia̍h空縫
lia̍h-khang-phāng,掠空縫
lia̍h-khí-ian,lia̍h齒煙
lia̍h-khì-bē,lia̍h去賣
lia̍h-khuànn,lia̍h看
lia̍h-khuànn-bāi,掠看覓
lia̍h-kin,lia̍h筋
lia̍h-kīn-lōo,lia̍h近路
lia̍h-kiò,lia̍h叫
lia̍h-kuè-bé,lia̍h過馬
lia̍h-kóng,lia̍h講
lia̍h-kóng,掠講
lia̍h-kông,lia̍h狂
lia̍h-kong-kang,lia̍h公工
lia̍h-ko-siû,lia̍h篙泅
lia̍h-ko-siû,掠篙泅
lia̍h-kûn,lia̍h拳
lia̍h-lâi-pān,掠來辦
lia̍h-lâng,掠人
lia̍h-lāu,掠漏
lia̍h-lîng,lia̍h龍
lia̍h-lîng,掠龍
lia̍h-lîng-ê,掠龍的
lia̍h-me̍h,拍脈
lia̍h-ngē-phīnn,lia̍h硬鼻
lia̍h-uē-kut,lia̍h話骨
lia̍h-uē-phāng,掠話縫
lia̍h-uē-sap,lia̍h話屑
lia̍h-uē-sat,lia̍h話虱
lia̍h-uē-sat,掠話虱
lia̍h-pau,lia̍h包
lia̍h-pau,掠包
lia̍h-pe̍h-tsha̍t,掠白賊
lia̍h-pe̍h-thòo,lia̍h白兔
lia̍h-pênn,掠平
lia̍h-phuè,lia̍h配
lia̍h-phuè,掠配
lia̍h-phòng-bé,lia̍h膨碼
lia̍h-phóo,掠譜
lia̍h-sí-kuat,lia̍h死訣
lia̍h-siàu,lia̍h數
lia̍h-siàu,掠數
lia̍h-sǹg,lia̍h算
lia̍h-sǹg,掠算
lia̍h-sua,掠痧
lia̍h-suah,掠煞
lia̍h-sua-kin,lia̍h痧筋
lia̍h-thán-huâinn,lia̍h袒橫
lia̍h-thán-ti̍t,lia̍h袒直
lia̍h-thâng,掠蟲
lia̍h-thiau-hu,掠挑夫
lia̍h-thòo-á,lia̍h兔仔
lia̍h-tiānn,lia̍h定
lia̍h-tiâu,掠tiâu
lia̍h-tio̍h,lia̍h著
lia̍h-tiong-hô,lia̍h中和
lia̍h-tiong-nuâ,lia̍h中欄
lia̍h-ti̍t,lia̍h直
lia̍h-ti̍t,掠直
lia̍h-ti̍t-lōo,掠直路
lia̍h-tuā-gōo,lia̍h大誤
liah-tshuann,裂扦
liah-khiah,裂隙
liah-khui,裂開
liah--lo̍h-lâi,liah落來
lia-hōo,遮雨
liah-phiò,撕票
liah-phuà,裂破
lia̍k,lia̍k
lia̍k,略
lia̍k-sio̍k-á,略俗仔
lia-khàm,遮khàm
lia-kng,遮光
liam,liam
liam,冉
liam,拈
liám,liám
liám,苒
liám,斂
liám,歛
liám-bū,染霧
liám-tshìn-thâu,斂秤頭
liám-tshiú,斂手
liám-tsînn,斂錢
liám-leh,斂勒
liám-liám-á,斂斂仔
liám-pâng,斂房
liám-sik,染色
liám-sik,斂色
liám-sik-thé,染色體
liám-síng,斂省
liám--tio̍h,染著
liám-tio̍h-pēnn,染著病
liám-tóo,廉肚
liàm,捻
liàm,擰
liàm-bē-tn̄g,捻bē斷
liàm-tshài,捻菜
liàm-tshài-hio̍h,捻菜葉
liàm-tshiú,斂手
liàm-tshuì,斂嘴
liàm-tshuì-phé,捻嘴phé
liàm-tshuì-phé,捻嘴phoe
liàm-tshuì-phué,捻嘴
liàm-tshuì-thâu,斂嘴頭
liàm-hiat-ka̍k,捻hiat-kak
liàm-hông,捻皇
liàm-ke-ko,捻雞膏
liàm-la̍t,斂力
liâm,粘
liâm,廉
liâm,黏
liâm,鯰
liâm-á-hî,鯰仔魚
liâm-ba̍t,黏密
liâm-bē-tiâu,黏bē-tiâu
liâm-bîng,廉明
liâm-tsia̍p,連捷
liâm-tsuí,粘水
liâm-tsuí,黏水
liâm-i̍k,粘液
liâm-hōo-tiâu,粘hōo-tiâu
liâm-ka,黏膠
liâm-kè,廉價
liâm-khim,連襟
liâm-kiat,廉潔
liâm-kīnn-kuāinn,黏吱乖
liâm-li̍k-á,鐮力仔
liâm-li̍k-á,鐮歷仔
liâm-liâm,粘粘
liâm-lô,黏醪
liâm-mi,連鞭
liâm-móoh,黏膜
liâm-uá,粘倚
liâm-uá,黏倚
liâm-pinn,連鞭
liâm-pinn,連邊
liâm-pinn,臨邊
liâm-pinn-kú,臨邊久
liâm-pòo,粘布
liâm-pòo,黏布
liâm-siû,廉售
liâm-tah,黏貼
liâm-thi,黏黐
liâm-thi-thi,黏thi-thi
liâm-thi-thi,黏黐黐
liâm-thôo,黏土
liâm-tī--leh,黏tī--leh
liâm-tiâu,粘tiâu
liâm-tinn,連鞭
liâm-ti̍t,廉直
liâm-tong-sî,臨當時
liām,liām
liām,念
liām,唸
liām-bāng-uē,唸夢話
liām-tsiù,念咒
liām-tsòng,殮葬
liām-tsu,念珠
liām-tsu,唸書
liām-jû,唸茹
liām-king,念經
liām-king,唸經
liām-khōng,念誆
liām-kuat,唸訣
liām-ko-kuat,唸歌訣
liām-kōng,唸誆
liām-kū,殮具
liām-lû,念菇
liām-pē-bó,念父母
liām-pòo,殮布
liām-pu̍t,念佛
liām-si,念詩
liām-siâu,唸siâu
liām-thâu,念頭
liam-tshân-enn,拈田嬰
liam-hiunn,拈香
liam-kha,liam腳
liam-kha,跕腳
liam-kha-bué,跕腳尾
liam-kha-kiânn,liam腳行
liam-khau,拈鬮
liam-khau-á,拈鬮仔
liam-liam,冉冉
liam-mi,連鞭
lia-muâ,遮瞞
lian,蔫
lián,撚
lián-á,撚仔
lián-biān,臉面
lián-bū,蓮霧
lián-tshuì-hue,撚嘴花
lián-tsînn,撚錢
lián-tsi̍t-khang,liàn一空
lián-gô-á,撚遨仔
lián-hīnn-khang,撚耳空
lián-kiō,輦轎
lián-lô-si,撚螺絲
lián-pó,撚寶
lián-pó-piánn,撚寶餅
lián-puânn,撚盤
lián-tâu,撚骰
lián-thai,輦胎
lián-tńg,輾轉
liàn,liàn
liàn,輾
liàn,攆
liàn-liàn-kô,輾輾翱
liàn--lo̍h-khì,liàn落去
liân,連
liân,蓮
liân,聯
liân-á,聯仔
liân-á,鰱仔
liân-āu,然後
liân-bîng,聯盟
liân-tsài,連載
liân-tsâi,連財
liân-tshái,聯彩
liân-tshiú,聯手
liân-tshuàn,連串
liân-tsí,蓮子
liân-tsí-sim,蓮子心
liân-tsiam,連占
liân-tsiap,連接
liân-tsia̍t-sing,連捷昇
liân-tsiau,蓮蕉
liân-tsiau,聯招
liân-tsiau-huē,聯招會
liân-tsng,連莊
liân-tsō,連坐
liân-tsu-phàu,連珠炮
liân-tsu-phàu,連珠砲
liân-îng,聯營
liân-gī,聯誼
liân-ha̍p,聯合
liân-ha̍p-kun,聯合軍
liân-ha̍p-pò,聯合報
liân-hē,連繫
liân-hî,鰱魚
liân-hiu,連休
liân-hō,連號
liân-huâ,聯華
liân-huan,聯歡
liân-huan-huē,聯歡會
liân-huat,連發
liân-hue,蓮花
liân-huê,連回
liân-hue-tsē,蓮花坐
liân-hue-tsi̍h,蓮花舌
liân-hue-pôo,蓮花苞
liân-hue-ting,蓮花燈
liân-hue-thâu,蓮花頭
liân-hue-tî,蓮花池
liân-hue-tī,蓮花痔
liân-hông,聯防
liân-jīm,連任
liân-ji̍t,連日
liân-kàm,年鑑
liân-khiâu,連翹
liân-khîn,聯勤
liân-khó,聯考
liân-khuân,連環
liân-ki,連枝
liân-kiat,連結
liân-kiat-suànn,連結線
liân-kim,年金
liân-kuàn,連貫
liân-kù,聯句
liân-kuī,連櫃
liân-kun,聯軍
liân-lîng,年齡
liân-lí,連理
liân-liân,連連
liân-lo̍k,連絡
liân-lo̍k-tsām,聯絡站
liân-lo̍k-uân,聯絡員
liân-luī,連累
liân-lûn,年輪
liân-mê,連暝
liân-mî,連綿
liân-miâ,聯名
liân-ngāu,蓮藕
liân-nî,連年
liân-pāi,連敗
liân-pang,聯邦
liân-pó,連保
liân-pòo,聯播
liân-pôo,蓮房
liân-pôo,蓮苞
liân-sài,聯賽
liân-sann-kûn,連衫裙
liân-si̍k,聯席
liân-sìng,連勝
liân-sîng,聯成
liân-siann,連聲
liân-siânn,連城
liân-siann-sàu,連聲嗽
liân-sio̍k,連續
liân-sióng,聯想
liân-suà,連suà
liân-suà,連紲
liân-suà,連續
liân-suànn,連線
liân-sú,聯署
liân-sū,連署
liân-sū-jîn,連署人
liân-tài,連帶
liân-tâi,蓮台
liân-tha̍h,連疊
liân-tha̍h-lâi,連疊來
liân-thian,連天
liân-tî,蓮池
liân-tián,聯展
liân-tiúnn,連長
liân-tuā,聯大
liân-tuann,聯單
liân-tông,連同
liân-tuì,聯對
liân-tuî,聯對
liân-tuī,聯隊
liān,煉
liān,練
liān,鍊
liān-á,鍊仔
liān-á-tsuâ,鍊仔蛇
liān-á-phuān,鏈仔伴
liān-á-sià,鏈仔伴
liān-bú,練武
liān-tsè,煉製
liān-tshiok,練鵲
liān-tshuì-hue,練嘴花
liān-ga̍k,煉獄
liān-gê,練牙
liān-gi̍k,煉獄
liān-hì,練戲
liān-iû-tshiúnn,煉油廠
liān-jī,練字
liān-kang-khòo,練工褲
liān-khì-kong,練氣功
liān-kim,煉金
liān-kǹg,煉鋼
liān-kûn,練拳
liān-lîng,煉靈
liān-ping,練兵
liān-sánn-gê,練瘦牙
liān-sán-uē,練瘦話
liān-sian,煉仙
liān-sian,練仙
liān-siann,練聲
liān-siáu-uē,練痟話
liān-si̍p,練習
liān-tan,煉丹
liān-thih-tshiúnn,鍊鐵廠
liān-thih-huat,煉鐵法
liān-thih-lôo,煉鐵爐
liān-tuà,鏈帶
liang,liang
liáng-sim-guān,兩心願
liâng,良
liâng,涼
liâng-á,鈴仔
liâng-bîn,良民
liâng-tshik,良策
liâng-tshio̍h,涼蓆
liâng-tsî,涼薯
liâng-tsuí,涼水
liâng-ê,涼鞋
liâng-hiat,涼血
liâng-hó,良好
liâng-hong,良方
liâng-hong,涼風
liâng-hún-tsháu,涼粉草
liâng-hún-tiâu,涼粉條
liâng-iân,良緣
liâng-io̍h,良藥
liâng-io̍h,涼藥
liâng-ki,良機
liâng-líng,涼冷
liâng-liâng,涼涼
liâng-pênn,涼棚
liâng-sìng,良性
liâng-siān,良善
liâng-sim,良心
liâng-sîn,涼神
liâng-sóng,涼爽
liâng-tîng,涼亭
liâng-ti,良知
liâng-to,良多
liāng,亮
liāng,量
liāng-á,喨仔
liāng-tsá,量早
liāng-tsîng,諒情
liāng-tsìn-tsîng,量進前
liāng-iok,量約
liāng-iok-á,量約仔
liāng-khóo,量苦
liāng-kî-iok,量其約
liāng-lē,亮麗
liāng-līng,量冗
liāng-phiò,亮票
liāng-sán,量產
liāng-sīng,量剩
liāng-sīng-tsînn,量剩錢
liāng-sióng,量想
liāng-siōng,量尚
liāng-tāi-siáu,量大小
liāng-thìn,亮趁
liāng-tōo,亮度
lian--khì,蔫去
lian-póo,蔫脯
liap,捏
liap,囁
liap,懾
liap,攝
lia̍p,捏
lia̍p,粒
lia̍p-á,粒仔
lia̍p-á-tsìng,粒仔症
lia̍p-á-tshuì,粒仔嘴
lia̍p-á-hueh,粒仔血
lia̍p-á-hûn,粒仔痕
lia̍p-á-jiah,粒仔跡
lia̍p-á-lâng,粒仔膿
lia̍p-á-liah,粒仔跡
lia̍p-á-pa,粒仔疤
lia̍p-á-phí,粒仔庀
lia̍p-á-phí,粒仔疕
lia̍p-tsik,粒積
lia̍p-tsia̍p,立捷
lia̍p-tsia̍p,粒捷
lia̍p-tsia̍p,獵捷
lia̍p-tsō,捏造
lia̍p-tsōng,粒狀
lia̍p-kiat-á,粒結仔
lia̍p-mī-kâu,捏麵猴
lia̍p-phuân,涅槃
lia̍p-pn̄g,粒飯
lia̍p-pò,捏報
liap-á-kheh,攝仔客
liap-tshú,攝取
liap-hōo-suànn,攝護腺
liap-iánn,攝影
liap-iánn-ka,攝影家
liap-iánn-pînn,攝影棚
liap-iánn-su,攝影師
liap-kíng,攝襉
liap-kíng,攝
liap--khì,攝去
liap--lâng,懾人
liap-lí,攝理
liap-liap,攝攝
liap-phuân,涅槃
liap-póo-póo,攝脯脯
liap-sái,攝屎
liap-sái-kheh,攝屎客
liap-sai-khia,攝私傢
liap-sī,攝氏
liap-tám,懾膽
lia̍t,列
lia̍t,烈
lia̍t-ài,熱愛
lia̍t-tsìng,熱症
lia̍t-tsîng,熱情
lia̍t-tshī,熱市
lia̍t-tshia,列車
lia̍t-tshuánn,熱癬
lia̍t-tshut,列出
lia̍t-tsiú,烈酒
lia̍t-tsuá,熱癬
lia̍t-tsóo,列祖
lia̍t-hué,烈火
lia̍t-hûn,裂痕
lia̍t-ìn,列印
lia̍t-ji̍p,列入
lia̍t-ji̍t,烈日
lia̍t-kí,列舉
lia̍t-kiông,列強
lia̍t-kok,列國
lia̍t-lîng,列寧
lia̍t-phut-phut,熱phut-phut
lia̍t-pió,列表
lia̍t-si̍k,列席
lia̍t-sîng,熱誠
lia̍t-sū,烈士
lia̍t-tó,列島
lia̍t-tuī,列隊
lia̍t-uî,列為
lia̍t-uī,列位
liáu,了
liáu,擾
liáu-á,爪仔
liáu-āu,了後
liáu-bué,了尾
liáu-tsē-lòo,了儕咯
liáu-tshuì,了嘴
liáu-tsia̍t,了捷
liáu-tsia̍t,了截
liáu-tsiáu-kiánn,了鳥囝
liáu-tsiáu-phue,了鳥胚
liáu-tsînn,了錢
liáu-tsīn,了盡
liáu-jiân,了然
liáu-kái,了解
liáu-kái,瞭解
liáu-kái-tio̍h,了解著
liáu-kang,了工
liáu-ke-á,了家仔
liáu-ke-hué,了傢伙
liáu-ke-kiánn,了家囝
liáu-kha-tshiú,了腳手
liáu-kiat,了結
liáu-kio̍k,了局
liáu-la̍t,了力
liáu-lī,了離
liáu-liáu,了了
liáu-luān,擾亂
liáu-loo,了嘍
liáu-ngōo,了悟
liáu-pe̍h-kang,了白工
liáu-pe̍h-la̍t,了白力
liáu-pún,了本
liáu-put-khí,了不起
liáu-put-tik,了不得
liáu-sîn,了神
liáu-sū,了事
liáu-theh-theh,了theh-theh
liáu-thiat,了徹
liáu-tuā-tsînn,了大錢
liáu-tuān,了斷
liáu-tōng,擾動
liâu,liâu
liâu,條
liâu,聊
liâu,嘹
liâu,寮
liâu,撩
liâu,潦
liâu,繚
liâu,饒
liâu-á,聊仔
liâu-á,寮仔
liâu-á-king,寮仔間
liâu-á-sī,聊仔是
liâu-tshâ,撩柴
liâu-tshia,繚車
liâu-tsuá,撩紙
liâu-tsuí,liâu水
liâu-tsuí,撩水
liâu-tsuí,潦水
liâu-hāu,療效
liâu-huat,療法
liâu-hûn,饒痕
liâu-iáng,療養
liâu-iáng-īnn,療養院
liâu-khe,潦溪
liâu-kok,寮國
liâu-kù,條鋸
liâu-lîng,遼寧
liâu-liāng,嘹喨
liâu-liâu-á,聊聊仔
liâu-lô,僚儸
liâu-luān,繚亂
liâu-lo̍h-khì,潦落去
liâu-lū,饒裕
liâu-miā,饒命
liâu-piàn,饒變
liâu-siong,療傷
liâu-sù,饒恕
liâu-thian,聊天
liâu-thiàu,遼眺
liāu,料
liāu,廖
liāu,繚
liāu-tsháu,料草
liāu-tsò,料做
liāu-kàu,料到
liāu-kiò,料叫
liāu-lí,料理
liāu-lí-tiàm,料理店
liāu-si,料絲
liāu-siáu,料小
liāu-sin,料身
liāu-sióng,料想
liāu-sǹg,料算
liāu-soh,繚索
li̍h,li̍h
li̍h,裂
li̍h-tshuì,裂嘴
li̍h-hûn,裂痕
li̍h-king,裂經
li̍h-khui,裂開
li̍h-phāng,裂縫
li̍h-suànn-tsuē,裂線坐
li̍h-sûn,裂紃
lih-khiat-uē,戾恝話
lim,lim
lim,
lim-hōo-ta,lim hōo礁
lím,lím
lím,凜
lím-bē-tiâu,忍bē-tiâu
lím-khì,忍氣
lím-kînn,凜墘
lím-kînn,斂墘
lím-lâu,斂流
lím-lím,斂斂
lím-lím-á,凜凜仔
lím-lím-á,斂斂仔
lím-lio̍k,忍辱
lím-nāi,忍耐
lím-sìng,忍性
lím-sim,忍心
lím-siū,忍受
lìm,lìm
lìm,
lìm-tsi̍t-tshénn,lìm一醒
lìm-tsi̍t-ē,lìm一下
lîm-bo̍k,林木
lîm-bū,林務
lîm-bū-kio̍k,林務局
lîm-tsi̍k-gán,淋疾眼
lîm-gî-ke,臨沂街
lîm-gia̍p,林業
lîm-hn̂g,林園
lîm-kan,林間
lîm-khíng,林肯
lîm-khîm,林檎
lîm-khu,林區
lîm-kip,臨急
lîm-li̍p,林立
lîm-pan,林班
lîm-pēnn,淋病
lîm-phûn,臨盆
lîm-pinn-sî,臨邊時
lîm-sán,臨產
lîm-sî,臨時
lîm-sim,林森
lîm-tē,林地
lîm-tiûnn,林場
lîm-tong-sî,臨當時
līm,任
līm-bīng,任命
līm-bū,任務
līm-hô,任何
līm-ì,任意
līm-kî,任期
līm-lāi,任內
līm-sìng,任性
lim-ám,lim-ám
lim-tsia̍h,lim食
lim-tsia̍h-thit,lim食thit
lim-tsiú,lim酒
lim-tsuí,lim水
lim-uân,lim完
lim-sàn-tsiú,lim散酒
lim-tê,lim茶
lim-thng,lim湯
lin,hia
lin,裡
lín,恁
lín-bó,恁母
lín-tshù,恁厝
lín-tsóo-má,恁祖媽
lín-hó,恁好
lín-niâ,恁娘
lín-pē,恁父
lìn,lìn
lìn-tshia-lûn,輾車輪
lìn-kong-hn̂g,輾公園
lìn-lìn-gô,輾輾遨
lìn-lìn-kō,輦輦翱
lìn-lìn-tńg,輾輾轉
lìn-táu,輾斗
lîn,人
lîn,仁
lîn,綾
lîn,鄰
lîn,磷
lîn,麟
lîn-á-phoh,仁仔粕
lîn-á-piánn,仁仔餅
lîn-ài,仁愛
lîn-bīng,人命
lîn-bīng-àn,人命案
lîn-bín,憐憫
lîn-bîn,人民
lîn-bōng,人望
lîn-bûn,人文
lîn-bu̍t,人物
lîn-tsâi,人才
lîn-tsâi,人材
lîn-tsíng,人種
lîn-tsìng,人證
lîn-tsîng,人情
lîn-tsîng-tsè,人情債
lîn-tsîng-uē,人情話
lîn-tshiú,人手
lîn-tsióng,人種
lîn-tsit,人質
lîn-tsō,人造
lîn-tsû,仁慈
lîn-gī,仁義
lîn-hing,仁兄
lîn-hîng-tō,人行道
lîn-hô,人和
lîn-huān,人犯
lîn-iau,人妖
lîn-jî,麟兒
lîn-jín,lîn-jín
lîn-kan,人間
lîn-ke,人家
lîn-keh,人格
lîn-keh-tsiá,人格者
lîn-khì,人氣
lîn-khoo,仁枯
lîn-kīn,鄰近
lîn-kuân,人權
lîn-kok,鄰國
lîn-lí,鄰里
lîn-liá,人惹
lîn-luī,人類
lîn-lûn,人倫
lîn-má,人馬
lîn-uân,人員
lîn-phín,人品
lîn-phoh,仁粕
lîn-puî,燐肥
lîn-sam,人參
lîn-sing,人生
lîn-sìng,人性
lîn-sim,人心
lîn-sng,燐酸
lîn-sng,磷酸
lîn-suán,人選
lîn-suán,遴選
lîn-som,人蔘
lîn-sòo,人數
lîn-sū,人事
lîn-thiok,人畜
lîn--tio̍h,眩著
lîn-tiong,人中
lîn-tiúnn,鄰長
lîn-tō,人道
līn-hūn,認份
līn-lōo,認路
lin-tsu,奶珠
lin-long,lin-long
lin-lông-gô,玲瓏遨
lin-long-tsáu,玲瓏走
lin-long-háu,玲瓏哮
lin-long-kiò,玲瓏叫
lin-long-kóo,玲瓏鼓
lin-long-se̍h,玲瓏踅
lin-long-tńg,玲瓏轉
lin-pau,奶包
lin-pôo,奶脯
lin-tāu-tsháu,奶豆草
lin-tîng,奶藤
lió,lió
lió-tsi̍t-ē,瞭一下
lió-kuè,瞭過
lió-tio̍h,瞭著
liò,lò
liô,liô
liô-ám,撩ám
liô-bah,liô肉
liô-iû,撩油
liô-tāu-phuê,撩豆皮
liō,尿
liō-tsū,尿tsū
liō-hia,尿桸
liō-kho,尿科
liō-kín,尿緊
liō-kip,尿急
liō-ôo,尿壺
liō-pha,尿脬
liō-phè,尿帕
liō-pih,尿鱉
liō-puī,尿蜚
liō-sò,尿燥
liō-táu,尿斗
liō-tháng,尿桶
lio̍h,弱
lio̍h,略
lio̍h-á,略仔
lio̍h-á-tuà,略仔帶
lio̍h-lio̍h-á,略略仔
lio̍k,lio̍k
lio̍k,六
lio̍k,彔
lio̍k,虐
lio̍k,弱
lio̍k,辱
lio̍k,氯
lio̍k,錄
lio̍k-á-khàm,褥仔khàm
lio̍k-bû,六無
lio̍k-tsè,錄製
lio̍k-tsha̍t,六賊
lio̍k-tshin,六親
lio̍k-tshú,錄取
lio̍k-tshú-lu̍t,錄取率
lio̍k-tsiàn,陸戰
lio̍k-tsiàn-tuī,陸戰隊
lio̍k-ing,陸英
lio̍k-gán,肉眼
lio̍k-hái-khong,陸海空
lio̍k-hái-phiânn,搨海坪
lio̍k-ha̍p,六合
lio̍k-ha̍p-tshái,六合彩
lio̍k-hô,六和
lio̍k-hua,蓼花
lio̍k-iánn,錄影
lio̍k-iánn-ki,錄影機
lio̍k-iánn-tuà,錄影帶
lio̍k-im,錄音
lio̍k-im-ki,錄音機
lio̍k-im-tuà,錄音帶
lio̍k-iōng,錄用
lio̍k-iûnn,lio̍k溶
lio̍k-kin,六根
lio̍k-kiô,陸橋
lio̍k-kong,陸光
lio̍k-kuì,肉桂
lio̍k-kun,陸軍
lio̍k-lé,六禮
lio̍k-li̍k,戮力
lio̍k-lio̍k-hún,六六粉
lio̍k--lo̍h-lâi,錄落來
lio̍k-lōo,陸路
lio̍k-siāng,陸上
lio̍k-sin,肉身
lio̍k-sîn-tsháu,六神草
lio̍k-sio̍k,陸續
lio̍k-suànn,lio̍k散
lio̍k-tē,陸地
lio̍k-thé,肉體
lio̍k-thiok,六畜
lio̍k-thôo-muâi,lio̍k土糜
lio̍k-tiám,弱點
lio̍k-ūn,陸運
lióng,兩
lióng,嚷
lióng-ainn,魎哀
lióng-bīn,兩面
lióng-tshe,兩棲
lióng-tshin,兩親
lióng-tsiá,兩者
lióng-tsō,兩造
lióng-tsuân,兩全
lióng-gán,兩眼
lióng-gān,兩岸
lióng-huah,嚷喝
lióng-hong,兩方
lióng-iōng,兩用
lióng-kau-kânn,兩交含
lióng-ki̍k,兩極
lióng-kha-khiâ,兩腳騎
lióng-kha-kiânn,兩腳行
lióng-kong,兩光
lióng-lân,兩難
lióng-mē,嚷罵
lióng-thâu-kânn,兩頭含
lióng-tn̄g,壟斷
lióng-tú-sióng,兩tú償
lióng-tú-sióng,兩抵償
liòng,liòng
liòng-tsáu,踜走
liòng--khí-lâi,踜起來
liòng--khui,踜開
liông,涼
liông,絨
liông,龍
liông-bûn,龍門
liông-bûn-hî,龍文魚
liông-bûn-sua,龍文鯊
liông-tsénn,龍井
liông-tsiam,龍占
liông-tsuân-tshu,龍泉疽
liông-tsu,龍珠
liông-tsûn,龍船
liông-gîn,龍銀
liông-hê,龍蝦
liông-hing,隆興
liông-hia̍t,龍穴
liông-hōng,龍鳳
liông-hōo,隆厚
liông-khó,寧可
liông-kńg-hong,龍捲風
liông-kut,龍骨
liông-kut-tshia,龍骨車
liông-kut-tshué,龍骨髓
liông-lú,隆乳
liông-puē,狼狽
liông-puē-sue,狼狽衰
liông-pòo,絨布
liông-sann,絨衫
liông-sīng,隆盛
liông-siù,絨繡
liông-thâm,龍潭
liông-tiân,隆田
liông-tiōng,隆重
liōng,冗
liōng,諒
liōng-tsá,冗早
liōng-tsîng,諒情
liōng-hān,冗限
liōng-kái,諒解
liōng-liōng,冗冗
liōng-sîng,釀成
liōng-sīng,冗盛
liōng-sīng,冗剩
li̍p,li̍p
li̍p,立
li̍p-àn,立案
li̍p-bê,入迷
li̍p-bîn,入眠
li̍p-bo̍k,入木
li̍p-bûn,入門
li̍p-tsi̍k,入籍
li̍p-tshiau,入超
li̍p-tshiu,立秋
li̍p-tshiú,入手
li̍p-tshù,入厝
li̍p-tshuì,入嘴
li̍p-tshun,立春
li̍p-tsì,立志
li̍p-tsiok-tiám,立足點
li̍p-tsn̄g,入狀
li̍p-tsuí,入水
li̍p-gia̍p,立業
li̍p-hā,立下
li̍p-ha̍k,入學
li̍p-hē,立夏
li̍p-hīnn,入耳
li̍p-huat,立法
li̍p-huat-īnn,立法院
li̍p-huat-kuân,立法權
li̍p-hué,入伙
li̍p-huē,入會
li̍p-hong,立方
li̍p-hong-bí,立方米
li̍p-ì,立意
li̍p-iânn,入營
li̍p-īnn,入院
li̍p-īnn,立院
li̍p-iok,立約
li̍p-jîn,立人
li̍p-káng,入港
li̍p-kàu,入教
li̍p-kíng,入境
li̍p-kháu,入口
li̍p-khik,立刻
li̍p-khì,入去
li̍p-kok,立國
li̍p-kong,立功
li̍p-kún-tsuí,入滾水
li̍p-kut,入骨
li̍p-lâi,入來
li̍p-liám,入殮
li̍p-lūn,立論
li̍p-mê,入暝
li̍p-mn̂g-hóo,入毛虎
li̍p-ngóo,入伍
li̍p-ní,入耳
li̍p-o̍h,入學
li̍p-phe,入批
li̍p-phuē,入被
li̍p-pi,立碑
li̍p-si̍k,入席
li̍p-siann,入聲
li̍p-siàu,入數
li̍p-sin,立身
li̍p-suann,入山
li̍p-suán,入選
li̍p-tang,立冬
li̍p-tik,立德
li̍p-thé,立體
li̍p-thóo,入土
li̍p-thôo,入土
li̍p-tiânn,入呈
li̍p-tiûnn,入場
li̍p-tiûnn,立場
li̍p-uí,立委
li̍t,日
li̍t-á-lāi,日仔利
li̍t-āu,日後
li̍t-beh-àm,日欲暗
li̍t-beh-tàu,日欲晝
li̍t-tshing-phōo,日清簿
li̍t-tshiâ-sai,日斜西
li̍t-tshiam,日簽
li̍t-tshioh--tio̍h,日奭著
li̍t-tshiu,日鬚
li̍t-tshut,日出
li̍t-tsí,日子
li̍t-tsí-tôo,日子圖
li̍t-tsì,日誌
li̍t-tsìn,日進
li̍t-tsiò,日照
li̍t-gua̍t-thâm,日月潭
li̍t-huè,日貨
li̍t-iā,日夜
li̍t-iánn,日影
li̍t-iōng-phín,日用品
li̍t-kha,日腳
li̍t-khan,日刊
li̍t-khânn-oo,日銜烏
li̍t-kì,日記
li̍t-kì-phōo,日記簿
li̍t-kì-siàu,日記數
li̍t-kî,日期
li̍t-kng,日光
li̍t-kong,日光
li̍t-kong-ting,日光燈
li̍t-li̍k,日曆
li̍t-lī,日利
li̍t-li̍t,日日
li̍t-lo̍h,日落
li̍t-lo̍h-sin,日落申
li̍t-mê,日暝
li̍t-oo--lài,日烏出
li̍t-pan,日班
li̍t-pha̍k,日曝
li̍t-pò,日報
li̍t-pô,日婆
li̍t--sî,日時
li̍t-siông,日常
li̍t-si̍t,日食
li̍t-si̍t,日蝕
li̍t-tàu,日晝
li̍t-tàu-āu,日晝後
li̍t-tàu-tsîng,日晝前
li̍t-tàu-kuè,日晝過
li̍t-tàu-sî,日晝時
li̍t-tàu-tǹg,日晝頓
li̍t-thâu,日頭
li̍t-thâu-iām,日頭炎
li̍t-thâu-kng,日頭光
li̍t-thâu-kong,日頭公
li̍t-tì-lue̍h,日戴笠
li̍t-tiong-tàu,日中晝
liu,溜
liú,柳
liú,紐
liú,鈕
liú,綹
liú-á,紐仔
liú-á,鈕仔
liú-á-gíng,紐仔眼
liú-á-hông,鈕仔hông
liú-á-kiô,鈕仔茄
liú-á-lîn,紐仔仁
liú-tsang,扭鬃
liú-tshiū,柳樹
liú-hāng,柳巷
liú-hio̍h-bâi,柳葉眉
liú-hio̍h-hue,柳葉花
liú-hio̍h-kiô,柳葉茄
liú-iânn,柳營
liú-im,鈕音
liú-io,柳腰
liú-khang,窌孔
liú-lak,扭轆
liú-liah,liú-liah
liú-lia̍h,扭lia̍h
liú-liú-á,紐紐仔
liú-sam,柳杉
liú-sann,紐衫
liú-se-lân,紐西蘭
liú-tāu,柳豆
liú-ting,柳丁
liù,溜
liù-á-kiánn,溜仔囝
liù-á-phue,流仔胚
liù-bō,溜帽
liù-tshiú,liù手
liù-tshiú,溜手
liù-tsinn,流精
liù-tsú,流子
liù-tsú-kiánn,流子囝
liù-hia̍h,翏額
liù-hia̍h,溜額
liù-káu,溜狗
liù-kháu-king,liù口供
liù-khiat,流孑
liù-khiat,流譎
liù-kiánn,溜囝
liù-lān,翏膦
liù-oo-kin,溜烏巾
liù-phí-á,溜痞仔
liù-phiù,流嘌
liù-phiù,蹓嘌
liù-phiù-kiánn,流嘌囝
liù-phuê,liù皮
liù-phuê,翏皮
liù-phuê,溜皮
liù-soh-á,溜索仔
liù-thâu-tíng,翏頭頂
liù-thâu-tiánn,溜頭鼎
liû,liû
liû,流
liû,留
liû,硫
liû,揉
liû,旒
liû,榴
liû,瘤
liû-á,留仔
liû-an,硫安
liû-bâng-khuì,流氓氣
liû-bâng-phe,流氓胚
liû-bîn,流民
liû-bông,流亡
liû-tsîng,柔情
liû-tsîng,留情
liû-tshenn,流星
liû-tsit,留職
liû-tsuán,流轉
liû-tsûn,留存
liû-giân,流言
liû-giân,留言
liû-ha̍k,留學
liû-ha̍k-sing,留學生
liû-hi̍k,流域
liû-hîng,流行
liû-hî,柔魚
liû-huē,流會
liû-hong,流芳
liû-hông,硫磺
liû-ì,留意
liû-jīm,留任
liû-kip,留級
liû-kiû,琉球
liû-kiû-tik,琉球竹
liû-lám,瀏覽
liû-lî-tsiáu,琉璃鳥
liû-lî-ting,琉璃燈
liû-lî-thâu,琉璃頭
liû-lī,流利
liû-liām,留念
liû-liân,流年
liû-liân,流連
liû-liāng,流量
liû-liáu-liû,流了流
liû-lio̍k,柔弱
liû-luân,留戀
liû-lo̍k,流落
liû-lông,流籠
liû-lōng,流浪
liû-lōng-hàn,流浪漢
liû-lōo,流露
liû-luī,流淚
liû-n̂g,硫磺
liû-phài,流派
liû-pōo,留步
liû-sán,流產
liû-sē,流逝
liû-sing,流星
liû-sing-luî,流星鐳
liû-sim,留心
liû-sîn,留神
liû-sin-khu,揉身驅
liû-sit,流失
liû-siú,留守
liû-siû,流泅
liû-sng,硫酸
liû-sua,流沙
liû-suan,流漩
liû-sok,流速
liû-suí-siàu,流水數
liû-tân,榴彈
liû-thé,流體
liû-thuân,流傳
liû-thong,流通
liû-thôo-kha,揉土腳
liû-tn̂g-tōo,流腸肚
liû-tō,柔道
liû-tuânn,流彈
liû-toh,揉桌
liû-tōng,流動
liū,餾
liū-tshut-thâu,餾出頭
liu-bué,溜尾
liu-bué-á,溜尾仔
liu-tsáu,溜走
liu-hóo-tshiu,抽虎鬚
liu-khau,抽鬮
liu-khì,溜去
liu-kong,溜公
liu-liu-tsáu,溜溜走
liu-liu-khì,溜溜去
liu-liu-pán,溜溜板
liu-pan,溜班
liu-ping,溜冰
liu-ping-tiûnn,溜冰場
liu-siam,溜閃
liu-suan,溜旋
lo,囉
ló,咾
ló,栳
ló,惱
ló-tshó,潦草
ló-tsú,老子
ló-gán,老眼
ló-iâ,老爺
ló-iû,腦油
ló-jîn-ka,老人家
ló-kíng,老境
ló-kong-tshiu,老公鬚
ló-kóo-tshang,老古蔥
ló-kun-sìnn,老君扇
ló-lâi-kiau,老來嬌
ló-māi,老邁
ló-mōo,老耄
ló-sing,老僧
ló-sîng,老成
ló-siàu-liân,老少年
ló-tia,老爹
lò,lò
lò-āu-nî,落後年
lò-é,lò矮
lò-kha,lò腳
lò-kha-báng,lò腳蚊
lò-lâng,lò人
lô,牢
lô,勞
lô,濁
lô,癆
lô,儸
lô,囉
lô,籮
lô,驢
lô,鑼
lô-á,騾仔
lô-á,鑼仔
lô-bāng,羅網
lô-bîn,勞民
lô-bóng,羅網
lô-bū,勞務
lô-bûn-ah,羅文鴨
lô-tshia,哪吒
lô-tshué-tshué,濁髓髓
lô-tsiap-tsiap,醪汁汁
lô-tsip,邏輯
lô-tsit,羅織
lô-tsok,勞作
lô-tsu,勞資
lô-tsuí,濁水
lô-tsuí-khe,濁水溪
lô-ga̍k,牢獄
lô-gia̍p,勞業
lô-hàn,羅漢
lô-hàn-kó,羅漢果
lô-huân,勞煩
lô-hong,勞方
lô-ia̍h,勞役
lô-jia̍t,癆熱
lô-kà,勞駕
lô-kang,勞工
lô-kenn,羅更
lô-kenn,羅經
lô-khann-huē,籮硿會
lô-khóo,勞苦
lô-kì,牢記
lô-kia̍k-kia̍k,濁劇劇
lô-kiak-kiak,醪kiak-kiak
lô-kiat-kiat,濁結結
lô-ki-huat,勞基法
lô-kinn,羅經
lô-ko,醪膏
lô-kô,醪-手
lô-kóo,鑼鼓
lô-kun,勞軍
lô-lân,羅蘭
lô-lān,罹難
lô-lang,牢籠
lô-li̍k,勞力
lô-li̍k,勞累
lô-li̍k-sū,勞力士
lô-lí-á,嘮哩仔
lô-lô,濁濁
lô-lô-kuat,囉囉撅
lô-lô-thi,羅羅黐
lô-lô-thi,囉囉啼
lô-lô-thi,囉囉喋
lô-lo̍k,勞碌
lô-lo̍k-miā,勞碌命
lô-luī,勞累
lô-má,羅馬
lô-má-jī,羅馬字
lô-pēnn,癆病
lô-pó,勞保
lô-pó-kio̍k,勞保局
lô-puânn,羅盤
lô-po̍k,蘿蔔
lô-sàu,癆嗽
lô-si,螺絲
lô-sî-bó,螺絲母
lô-si-bō,螺絲帽
lô-si-gâ,螺絲牙
lô-si-ká,螺絲絞
lô-sim,勞心
lô-sîn,勞神
lô-siong,癆傷
lô-si-ting,螺絲釘
lô-si-to,螺絲刀
lô-so,囉嗦
lô-so-uē,囉嗦話
lô-su-hok,羅斯福
lô-sún,癆損
lô-tak-tak,濁篤篤
lô-táng-táng,濁滓滓
lô-thi-thi,醪黐黐
lô-thi-thi,囉喋喋
lô-thng,濁湯
lô-tho,囉叨
lô-tì,羅致
lô-tong,羅東
lô-tōng,勞動
lô-tōng-li̍k,勞動力
lō,lō
lō,烙
lō,潦
lō-lō,烙烙
lō-lō-kiò,嘐嘐叫
lō-lōo,裸露
lō-sin,裸身
lō-so,囉嗦
luâ,籮
luâ-ki̍k-ki̍k,醪極極
luā,偌
luā,賴
luā,瀨
luā-á,偌仔
luā-tsáinn-iūnn,偌怎樣
luā-tsē,偌濟
luā-hó,偌好
luā-hōo,賴hōo
luā-kuâinn,偌懸
luā-kú,偌久
luā-luā-sô,邏邏sô
luā--ní,偌爾
luā-ní-á,偌爾仔
luā--ní-á,偌爾仔
luā-tāng,偌重
luā-tuā,偌大
luah,捋
lua̍h,lua̍h
lua̍h,捋
lua̍h,辣
lua̍h,熱
lua̍h-á,捋仔
lua̍h-á-tshân,捋仔田
lua̍h-bīn,捋面
lua̍h-tshiú,捋手
lua̍h-hiam-hiam,辣hiam-hiam
lua̍h-hiam-hiam,辣薟薟
lua̍h--lâng,熱人
lua̍h-lua̍h,辣辣
lua̍h-pênn,捋平
lua̍h-pòo,熱布
lua̍h-sann,熱衫
lua̍h-ta̍k-thinn,熱毒天
lua̍h-tang,熱冬
lua̍h-thâng,捋蟲
lua̍h-thâu,捋頭
lua̍h-thâu-tsang,捋頭鬃
lua̍h-thâu-moo,捋頭毛
lua̍h-thinn,熱天
lua̍h-thinn-sann,熱天衫
lua̍h--tio̍h,熱著
luah-iâm,loah鹽
luán,luán
luán-e,暖鍋
luán-jio̍k,軟弱
luán-khì,暖氣
luán-liû,暖流
luán-luán-lè,luán-luán-leh
luán-lôo,暖爐
luán-siū,暖壽
luân,鸞
luân-ài,戀愛
luân-tsîng,戀情
luân-tshiū,欒樹
luân-jîn,戀人
luân-kà,鑾駕
luân-kua,戀歌
luân-tuā-sam,巒大杉
luān,亂
luān-bé-bé,亂馬馬
luān-tsáu,亂走
luān-tsènn,亂諍
luān-tsing,亂鐘
luān-tshá,亂吵
luān-tshau-tshau,亂吵吵
luān-tshau-tshau,亂操操
luān-tshī-tshā,亂嗤吵
luān-tshòng,亂創
luān-tsin,亂真
luān-tsô-tsô,亂嘈嘈
luān-tsō,亂皂
luān-tsông,亂tsông
luān-tsú-tshá,亂主吵
luān-tsú-kóng,亂主講
luān-tsú-lâi,亂子來
luān-tsú-lâi,亂主來
luān-tsú-sueh,亂主說
luān-hòo,亂戽
luān-hun-hun,亂紛紛
luān-iā,亂掖
luān-ioh,亂ioh
luān-ioh,亂臆
luān-jû,亂茹
luān-kà-kà,亂絞絞
luān-kau-tsham,亂交參
luān-king,亂經
luān-kiáu-tshá,亂攪吵
luān-kóng,亂講
luān-lâi,亂來
luān-liap,亂捏
luān-lû,亂茹
luān-mē,亂罵
luān-nāu,亂鬧
luān-phuànn,亂販
luān-pìnn,亂變
luān-sa,亂sa
luān-sannh,亂sannh
luān-sè,亂世
luān-sìng,亂性
luān-siàng,亂惝
luān-sim,亂心
luān-sîn,亂神
luān-sú,亂使
luān-sú-tshá,亂使吵
luān-sú-tshòng,亂使創
luān-sú-iōng,亂使用
luān-sú-kóng,亂使講
luān-sú-lâi,亂使來
luān-sú-nāu,亂使鬧
luān-sú-pìnn,亂使變
luān-sú-siūnn,亂使想
luān-tàn,亂tàn
lua̍t-sì,劣勢
lué-tsì,餒志
luè,lè
luè,luè
luê,lê
luê,luê
luē,內
luē,銳
luē-bōo,內幕
luē-tsâi,內才
luē-tsāi,內在
luē-tsìng,內政
luē-tsîng,內情
luē-tsiàn,內戰
luē-ìng,內應
luē-hâm,內涵
luē-ho̍k,內服
luē-iông,內容
luē-khîn,內勤
luē-koh,內閣
luē-siong,內傷
luē-tē,內地
luē-tīng,內定
lue̍h,笠
lue̍h-á,笠仔
lo̍h,絡
lo̍h,落
lo̍h-âu,落喉
lo̍h-āu-ji̍t,落後日
lo̍h-āu--li̍t,落後日
lo̍h-āu-nî,落後年
lo̍h-bah,落肉
lo̍h-bāng,落網
lo̍h-bîn,落眠
lo̍h-bîn-tshn̂g,落眠床
lo̍h-bué,落尾
lo̍h-bué-tshiú,落尾手
lo̍h-bué-lâi,落尾來
lo̍h-bông,落濛
lo̍h-bōo,落幕
lo̍h-tsāi,落在
lo̍h-tse,落災
lo̍h-tsi̍k,落籍
lo̍h-tsíng,落種
lo̍h-tsha,落差
lo̍h-tshâ,落柴
lo̍h-tshah,落插
lo̍h-tshân,落田
lo̍h-tshē,落坐
lo̍h-tshia,落車
lo̍h-tshiú,落手
lo̍h-tshn̂g,落床
lo̍h-tshn̂g-kha,落床腳
lo̍h-tso̍h-ji̍t,落昨日
lo̍h-tso̍h--li̍t,落昨日
lo̍h-tsòng,落葬
lo̍h-tsuí,落水
lo̍h-tsûn,落船
lo̍h-ga̍k,落獄
lo̍h-hái,落海
lo̍h-hi,落墟
lo̍h-hì,落戲
lo̍h-hī,落耳
lo̍h-hīnn,落耳
lo̍h-huè,落貨
lo̍h-hōo,落雨
lo̍h-hōo-thinn,落雨天
lo̍h-io̍h,落藥
lo̍h-iû-tiánn,落油鼎
lo̍h-ji̍p,落入
lo̍h-ji̍t,落日
lo̍h-kann,落監
lo̍h-kang,落工
lo̍h-kang-hu,落工夫
lo̍h-kàu,落教
lo̍h-kè,落價
lo̍h-kē,落低
lo̍h-kha,落腳
lo̍h-khang,落空
lo̍h-khe,落科
lo̍h-khì,落去
lo̍h-khó,落洘
lo̍h-khò,落課
lo̍h-khuán,落款
lo̍h-khue,落詼
lo̍h-kiā,落崎
lo̍h-kuah,落括
lo̍h-kuan,落棺
lo̍h-kù,落句
lo̍h-lâi,落來
lo̍h-làm,落làm
lo̍h-lâm,落南
lo̍h-lān,落難
lo̍h-lâng-tshuì,落人嘴
lo̍h-lap,落塌
lo̍h-láu,落láu
lo̍h-lâu,落流
lo̍h-lâu-thui,落樓梯
lo̍h-luî,落雷
lo̍h-luī,落淚
lo̍h-má,落馬
lo̍h-má-hong,落馬風
lo̍h-miâ,落名
lo̍h-ngauh,落耦
lo̍h-niá,落嶺
lo̍h-nńg,落軟
lo̍h-nuâ-thâu,落攔頭
lo̍h-ôo,落湖
lo̍h-pan,落班
lo̍h-peh,落八
lo̍h-pha̍uh,落雹
lo̍h-pit,落筆
lo̍h-puànn-kî,落半旗
lo̍h-po̍h,落泊
lo̍h-po̍h,落薄
lo̍h-puî,落肥
lo̍h-pún-tsînn,落本錢
lo̍h-sai-pak,落西北
lo̍h-seh,落雪
lo̍h-sik,落色
lo̍h-sìng,落性
lo̍h-sì,落勢
lo̍h-sî,落匙
lo̍h-sim,落心
lo̍h-sin,落身
lo̍h-sio̍h,落俗
lo̍h-sng,落霜
lo̍h-suann,落山
lo̍h-suann-hong,落山風
lo̍h-sue,落衰
lo̍h-sún,落榫
lo̍h-tâi,落台
lo̍h-thîng,落停
lo̍h-thóo,落土
lo̍h-thôo,落土
lo̍h-tiánn,落鼎
lo̍h-tiānn,落定
lo̍h-tiānn,落訂
lo̍h-tiûnn,落場
lo̍h-tǹg,落頓
lo̍h-tn̄g,落斷
lo̍h-tōo,落肚
lok,漉
lok,橐
lo̍k,lo̍k
lo̍k,鹿
lo̍k,絡
lo̍k,碌
lo̍k,祿
lo̍k,落
lo̍k,酪
lo̍k,漉
lo̍k,錄
lo̍k,橐
lo̍k,轆
lo̍k-á,鹿仔
lo̍k-á-tshài,鹿仔菜
lo̍k-á-tsháu,鹿仔草
lo̍k-á-tshiū,鹿仔樹
lo̍k-á-hî,鹿仔魚
lo̍k-bûn,鹿紋
lo̍k-tshìng,鹿銃
lo̍k-tshong,鹿蔥
lo̍k-tshong-hue,鹿蔥花
lo̍k-tshú,錄取
lo̍k-tshù,樂趣
lo̍k-tshuì,咯嘴
lo̍k-tsuí,漉水
lo̍k-giân,諾言
lo̍k-gia̍p,樂業
lo̍k-hn̂g,樂園
lo̍k-hua-sing,落花生
lo̍k-hōo,落後
lo̍k-ì,樂意
lo̍k-iá,鹿野
lo̍k-iánn,錄影
lo̍k-im,錄音
lo̍k-iông-hue,洛陽花
lo̍k-iông-kím,洛陽錦
lo̍k-jiông,鹿茸
lo̍k-jiông-tsháu,鹿茸草
lo̍k-kak,鹿角
lo̍k-kak-tsháu,鹿角草
lo̍k-kak-hî,鹿角魚
lo̍k-kak-jiông,鹿角茸
lo̍k-kak-ka,鹿角膠
lo̍k-kak-ku,鹿角龜
lo̍k-káng,鹿港
lo̍k-káng,鹿犅
lo̍k-kha-sing,落腳生
lo̍k-kho̍k-bé,硌硞馬
lo̍k-kuan,樂捐
lo̍k-kuan,樂觀
lo̍k-kok,鹿谷
lo̍k-ko̍k-bé,硌硞馬
lo̍k-kok-tshe,鹿角叉
lo̍k-kong,樂公
lo̍k-kûn,樂群
lo̍k-līng,漉冗
lo̍k-lo̍k-thòo,落落吐
lo̍k-miâ,落名
lo̍k-ngóo,落伍
lo̍k-pāi,落敗
lo̍k-phik,落魄
lo̍k-pn̄g,鹿飯
lo̍k-puè-ní,諾貝爾
lo̍k-sam-ki,洛杉磯
lo̍k-sîng,落成
lo̍k-sîn-hue,洛神花
lo̍k-suán,落選
lo̍k-sōng,落sōng
lo̍k-tē,落地
lo̍k-tē,落第
lo̍k-thian,樂天
lo̍k-thiòng,樂暢
lo̍k-thiòng-lâng,樂暢人
lo̍k-thóo,落土
lo̍k-thôo,樂土
lo̍k-thôo-muâi,漉土糜
lo̍k-tô,駱駝
lo̍k-tô-jiông,駱駝絨
lo̍k-tû,鹿廚
lok-á,橐仔
lok-á-tiàm,橐仔店
lok-tshah-tshah,漉chhah-chhah
lok-tshi̍h,落tshi̍h
lok-tsì,落志
lok-tsînn,橐錢
lok-tsiuh-tsiuh,漉chiuh-chiuh
lok-khok,落酷
lok-kóng,漉栱
lok-lâng,漉膿
lok-sái,漉屎
lok-sōng,漉sōng
lok-sōng,橐蹌
lo-li-thi,囉哩啼
lo-lo-sia̍t,嘮嘮舌
lom,lom
lóm,lóm
lòm,lòm
lom-sann,籠衫
long,long
long,啷
long,瓏
lóng,lóng
lóng-beh,lóng欲
lóng-bô,lóng無
lóng-tsóng,lóng總
lóng-tsóng-pau,lóng總包
lóng-ē-sái,lóng會使
lóng-iânn,lóng嬴
lóng-kiōng,lóng共
lóng-pau,lóng包
lóng-sī,lóng是
lóng-tho̍k,朗讀
lòng,lòng
lòng,哢
lòng,閬
lòng-khòng,lang曠
lòng-khòng,lòng曠
lòng-khòng,閬閌
lòng-khui,lòng開
lòng-kiû,lòng球
lòng-lòng-háu,lòng-lòng哮
lòng-lòng-kiò,lòng-lòng叫
lòng-pháinn,撞歹
lòng-phàu,lòng炮
lòng-phuà,lòng破
lòng--sí,撞死
lòng--tio̍h,lòng著
lòng-tio̍h-siong,撞著傷
lòng-tó,撞倒
lòng-tōng,浪蕩
lông,狼
lông,廊
lông,農
lông,膿
lông,櫳
lông,囊
lông-á,櫳仔
lông-á-tshia,櫳仔車
lông-á-king,籠仔間
lông-á-té,櫳仔底
lông-bâng,農忙
lông-bîn,農民
lông-tsìng,農政
lông-tshiú-sok,囊手束
lông-tshuan,農村
lông-tsng,農莊
lông-tsok,農作
lông-gia̍p,農業
lông-gia̍p-khu,農業區
lông-gia̍p-kio̍k,農業局
lông-ha̍k,農學
lông-hāu,農校
lông-hn̂g,農園
lông-huē,農會
lông-hōo,農戶
lông-hu,農夫
lông-ian,濃煙
lông-io̍h,農藥
lông-iú,農友
lông-ka,農家
lông-king,農耕
lông-khū,農具
lông-ki,農技
lông-ki,農機
lông-ki-thuân,農技團
lông-kū,農具
lông-kun,郎君
lông-li̍k,農曆
lông-lia̍t,濃烈
lông-lîm,農林
lông-lîm-thiann,農林廳
lông-li̍p,囊入
lông-phe,囊批
lông-puē,狼狽
lông-sann,囊衫
lông-sià,農舍
lông-sim,狼心
lông-siok,濃縮
lông-tē,農地
lông-tiân,農田
lông-tiong,郎中
lông-tiûnn,農場
lông-to̍k,狼毒
lông-tōo,濃度
lōng,弄
lōng,浪
lōng,踉
lōng-bān,浪漫
lōng-tsú,浪子
lōng-hue,浪花
lōng-huì,浪費
lōng-iông,弄揚
lōng-khuân,弄權
lōng-kiô,浪橋
lōng-kuí,弄鬼
lōng-lian-liú,浪嗹六
lōng-liú-lian,浪六嗹
lōng-liu-lian,弄溜嗹
lōng-liu-lian,浪溜嗹
lōng-pán,浪板
lōng-pang,弄幫
lōng-pè,弄弊
lōng-sóng,弄慫
lōng-tiâu,浪潮
lōng-tōng,浪蕩
lōng-tōng-tsú,浪蕩子
lōng-tōng-hàn,浪蕩漢
lōng-tōng-kiánn,浪蕩囝
long-á,囊仔
long--kuè-lâi,long過來
lop,lop
lo-so,囉嗦
lo-thi,囉啼
loo,loo
loo,嘍
lóo,努
lóo,鹵
lóo,滷
lóo,魯
lóo,擄
lóo,簍
lóo-bah,鹵肉
lóo-bah-kha,魯肉腳
lóo-hue-tshiū,魯花樹
lóo-iû,腦油
lóo-khì,努氣
lóo-khì,惱氣
lóo-kóo-tsio̍h,老古石
lóo-la̍t,lóo力
lóo-li̍k,努力
lóo-liāu,滷料
lóo-mī,鹵麵
lóo-nn̄g,鹵卵
lóo-pan-tshioh,魯班尺
lóo-thng,滷湯
lôo,lôo
lôo,孥
lôo,盧
lôo,爐
lôo-á,爐仔
lôo-tsâi,奴才
lôo-tsâi-siàng,奴才相
lôo-tsâi-siòng,奴才相
lôo-tshue,爐炊
lôo-tsî,鸕鶿
lôo-tsî-kha,鸕鶿腳
lôo-tsiu,蘆洲
lôo-tsú,爐主
lôo-hē,蘆薈
lôo-hî,鱸魚
lôo-huē,蘆薈
lôo-hu,爐灰
lôo-iânn,露營
lôo-kam,蘆柑
lôo-kuī,爐櫃
lôo-lē,奴隸
lôo-muâ,鱸鰻
lôo-muâ-hî,鱸鰻魚
lôo-muâ-khuì,鱸鰻氣
lôo-muâ-kiánn,鱸鰻囝
lôo-muâ-phue,鱸鰻胚
lôo-muâ-pô,鱸鰻婆
lôo-muâ-sià,鱸鰻舍
lôo-niau,鱸貓
lôo-uē,蘆薈
lôo-po̍k,奴僕
lôo-pòo,盧布
lôo-sé,蘆黍
lôo-si,螺絲
lôo-si-bó,螺絲母
lôo-si-tsuān,螺絲鏇
lôo-si-gâ,螺絲牙
lôo-si-ká,螺絲絞
lôo-sim-pó,盧森堡
lôo-si-ting,螺絲釘
lôo-suann,廬山
lôo-sué,蘆黍
lôo-sún,蘆荀
lôo-sún,蘆筍
lôo-tà,蘆tà
lôo-tan,爐丹
lôo-tik,蘆竹
lôo-tik,蘆荻
lôo-tik-á,蘆竹仔
lôo-tî,爐池
lôo-tîn,蔞藤
lôo-tîn,蘆藤
lôo-uí,蘆葦
lōo,陋
lōo,路
lōo,露
lōo-bé-kha,露馬腳
lōo-bīn,路面
lōo-bīn,露面
lōo-bué,路尾
lōo-bué-tshiú,路尾手
lōo-bué-sin,路尾身
lōo-tsām,路站
lōo-tsām-pi,路站碑
lōo-tse,陋災
lōo-tse̍h,陋絕
lōo-tsháu,路草
lōo-tshu̍t,露出
lōo-tsiò,路照
lōo-tsiòng,路障
lōo-tsuā,路tsuā
lōo-tsuí,露水
lōo-īng,路用
lōo-giô,蕗giô
lōo-giō,路giō
lōo-hîng,露形
lōo-huānn,路岸
lōo-hué,怒火
lōo-huì,路費
lōo-iâm,露鹽
lōo-iânn,露營
lōo-iōng,路用
lōo-king,路肩
lōo-kìng,路徑
lōo-khá,路卡
lōo-kháu,路口
lōo-khì,怒氣
lōo-ki,路基
lōo-kiō,蕗蕎
lōo-kiō-tshang,蕗蕎蔥
lōo-kuè,路過
lōo-kôo-muâi,路糊糜
lōo-kui,陋規
lōo-kut,露骨
lōo-ku̍t,路滑
lōo-lê,露螺
lōo--lí,路裡
lōo-lōo-hián,lōo-lōo幌
lōo-mē,怒罵
lōo-nih-hìnn,鹵裡幌
lōo-phiau,路標
lōo-phiau,鷺標
lōo-piau,路標
lōo-pinn,路邊
lōo-pinn-tshenn,路邊青
lōo-pinn-hue,路邊花
lōo-pông-si,路旁屍
lōo-sái,路使
lōo-se-a,露西亞
lōo-sì,陋勢
lōo-si-kha,鷺絲腳
lōo-si̍p,陋習
lōo-si-pân,鷺絲瓶
lōo-siûnn,路瘍
lōo-suànn,路線
lōo-tànn,路擔
lōo-tik,路竹
lōo-ting,路燈
lōo-tíng,路頂
lōo-tîng,路程
lōo-thàu-siā,路透社
lōo-thâu,路頭
lōo-thâu-bóo,路頭某
lōo-thâu-kang,路頭工
lōo-thâu-ti̍t,路頭直
lōo-thé,露體
lōo-thuann,路攤
lōo-tiâu,路條
lōo-tiong,路中
lōo-tiong-ng,路中央
lōo-tn̂g,路長
lōo-tn̄g,路撞
lōo-tn̄g,路斷
lōo-tuānn,路段
lōo-tôo,路途
loo-lài-bà,loo-lài-bà
lu,lu
lu,茹
lú,女
lú,乳
lú,愈
lú-tsing,女楨
lú-tshenn,女星
lú-tsú,女子
lú-ka,女家
lú-kang,女工
lú-ke,女家
lú-khái-tso̍k,魯凱族
lú-kia̍t,女傑
lú-lâi-lú,越來越
lú-lú,愈愈
lú-miâ,乳名
lú-o,女媧
lú-ông,女王
lú-pîng,女旁
lú-pîng-iú,女朋友
lú-sing,女生
lú-thiú,女丑
lù,lù
lù-á,lù仔
lù-á,攄仔
lù-tshuì-khí,攄嘴齒
lù-phuà-phuê,lù破皮
lù-siong,lù傷
lù--tio̍h,lù著
lù-to,鑢刀
lû,茹
lû,顱
lû,驢
lû-á,驢仔
lû-bé-bé,茹馬馬
lû-tshia,驢車
lû-tshiáng-tshiáng,茹tshiáng-tshiáng
lû-tshú,如此
lû-guān,如願
lû-hā,如下
lû-hô,如何
lû-ì,如意
lû-ka,儒家
lû-kà-kà,茹kà-kà
lû-káng,驢耩
lû-kî,如期
lû-kim,如今
lû-kó,如果
lû-kô,茹kô
lû-kô-kô,茹ko--ko
lû-kông-kông,茹狂狂
lû-kòo,如故
lû-kù,茹倨
lû-lâi,如來
lû-ngá,儒雅
lû-sàm-sàm,茹鬖鬖
lû-sô,茹sô
lû-tô,驢駝
lû-tông,如同
lū,lū
lū,呂
lū,喻
lū,裕
lū,鋁
lū-kū,儢拒
lū-mn̂g-thang,鋁門窗
lu-á,lu仔
lu-á,攄仔
lui,癗
lui,鐳
luí,luí
luí,蕊
luí,壘
luí,鐳
luí-tsê,兌齊
luí-tsik,累積
luí-tshuì,累碎
luí-tshuì-kang,累碎工
luí-tsìn,累進
luí-tsînn,兌錢
luí-huān,累犯
luí-kè,累計
luí-kiû,壘球
luí-luí,屢屢
luí-luí,纍纍
luí-uānn,兌換
luí-pênn,兌平
luì-tshuì,褸碎
luî,luî
luî,雷
luî,擂
luî,鐳
luî-tsim,雷鍼
luî-tsuí,擂水
luî-háu,雷吼
luî-hî,雷魚
luî-khà,雷khà
luî-kin,雷根
luî-kńg,雷管
luî-kuán,雷管
luî-kong,雷公
luî-kong-bīn,雷公面
luî-kong-tshing,雷公棦
luî-kong-tsiáu,雷公鳥
luî-kong-hōo,雷公雨
luî-kong-khà,雷公磕
luî-kong-kin,雷公根
luî-kong-kòng,雷公摃
luî-kong-kun,雷公鈞
luî-kong-sìng,雷公性
luî-kong-thn̄g,雷公杖
luî-kong-tîn,雷公藤
luî-phûn,擂盆
luî-pian,雷鞭
luî-puah,擂缽
luî-siā,雷射
luî-siann,雷聲
luî-tâi,擂台
luî-tân,雷tân
luî-ta̍t,雷達
luî-thuî,擂椎
luî-thuî,擂槌
luî-tiān,雷電
luī,累
luī,縋
luī,類
luī-á,縋仔
luī-tsik,累積
luī-tsi̍k,累積
luī-tshú,類此
luī-tshui,類推
luī-tsi̍p,彙集
luī-hîng,類型
luī-kè,累計
luī-kî,縋旗
luī--lo̍h-khì,luī落去
luī-phian,彙編
luī-pí,類比
luī-pia̍t,類別
luī-sū,類似
luī-thui,類推
luī-tuī,累墜
lui-tui,癗堆
lun,lun
lun,圇
lún,lún
lún,忍
lún,碖
lún,碾
lún,懍
lún-á,碖仔
lún-tshuì,忍嘴
lún-tsio̍h,碖石
lún-jiō,忍尿
lún-khì,忍氣
lún-khuì,忍氣
lún-liap,懍懾
lún-lún,懍懍
lún-neh,懍懾
lún-pênn,碖平
lún-puah,碾缽
lún-tánn,忍膽
lún-tánn,懍膽
lún-táu,忍倒
lún--tiâu,忍tiâu
lùn,蠕
lùn-kè,蝡價
lûn,崙
lûn,圇
lûn,輪
lûn-á,崙仔
lûn-á,輪仔
lûn-tsai,輪栽
lûn-tsok,輪作
lûn-tsûn,輪船
lûn-hām,淪陷
lûn-hê,輪迴
lûn-hiu,輪休
lûn-huan,輪番
lûn-í,輪椅
lûn-ji̍p,淪入
lûn-kan,輪姦
lûn-kau,輪溝
lûn-khau,輪鬮
lûn-ki-tiúnn,輪機長
lûn-kut,輪骨
lûn-lí,倫理
lûn-liû,輪流
lûn-lo̍k,淪落
lûn-uānn,輪換
lûn-pái,輪擺
lûn-pan,輪班
lûn-puē,崙背
lûn-thai,輪胎
lûn-thè,輪替
lûn-tiàu,輪調
lûn-tng,輪當
lûn-tun,倫敦
lûn-uî,淪為
lūn,崙
lūn,閏
lūn,韌
lūn,嫩
lūn,潤
lūn,論
lūn-á,崙仔
lūn-âu,潤喉
lūn-bûn,論文
lūn-tsing,論爭
lūn-tsìng,論政
lūn-tsìng,論證
lūn-tsiá,論者
lūn-tsiàn,論戰
lūn-tsin,論真
lūn-gí,論語
lūn-gue̍h,閏月
lūn-hî,韌魚
lūn-kè,論價
lūn-keh-thôo,韌塥土
lūn-kî-si̍t,論其實
lūn-miā,韌命
lūn-nî,閏年
lūn-phīnn,韌鼻
lūn-piánn,潤餅
lūn-sǹg,論算
lūn-su̍t,論述
lūn-tê,論題
lūn-tīng,論定
lūn-thôo,韌土
lūn-thôo,潤土
lūn-tiám,論點
lūn-tiāu,論調
lūn-tuàn,論斷
lūn-tuânn,論壇
lun-tsáu,圇走
lun-hōo,圇雨
lun-ku,圇痀
lu-pênn,攄平
lut,甪
lut,肭
lut,黜
lu̍t,lu̍t
lu̍t,律
lu̍t,率
lu̍t-tshiú-ńg,lu̍t手ńg
lu̍t-gû-ling,捋牛奶
lu̍t-hio̍h-á,lu̍t葉仔
lu̍t-huat,律法
lu̍t-khí-ko,捋齒膏
lu̍t-su,律師
lut-á,甪仔
lut-á,黜仔
lut-á-tshuì,甪仔嘴
lut-á-tshuì,黜仔嘴
lut-á-tóng,甪仔黨
lut-tsînn,甪錢
lut-tsînn,捋錢
lut-tsit,黜職
lu-thôo-tshia,攄土車
lut-jīm,黜任
lut-kè,黜價
lut-khì,甪去
lut--khì,lut去
lut-khū,甪臼
lut-khū,黜臼
lut-kip,黜級
lut-lo̍h,甪落
lut-lûn,甪輪
lut-lûn,黜輪
lut-lut-tshut,黜黜出
lut-miâ,甪名
lut-miâ,黜名
lut-mn̂g,甪毛
lut-mn̂g,黜毛
lu-tó,攄倒
lut-pan,黜班
lut-phiàn,甪騙
lut-sing-khu,lut身軀
lut-sian,lut-sian
lut-thâu-mn̂g,甪頭毛
ḿ,姆
ḿ-pô,姆婆
m̂,梅
m̂,莓
m̂-á,莓仔
m̂-á-kuann,梅仔干
m̂-á-piánn,梅仔餅
m̂-á-tê,梅仔茶
m̄,m̄
m̄-ài,m̄愛
m̄-bat,m̄-bat
m̄-bat,m̄捌
m̄-bián,m̄免
m̄-bián-kóng,m̄免講
m̄-bián-siūnn,m̄免想
m̄-bô,m̄無
m̄-tsai,m̄知
m̄-tsai-tshénn,m̄知醒
m̄-tsai-iánn,m̄知影
m̄-tshap,m̄插
m̄-tshit-phoh,m̄七粕
m̄-tsí,m̄止
m̄-tsiah,m̄-chiah
m̄-tsiah-tio̍h,m̄-chiah著
m̄-tsiânn,m̄成
m̄-tsiânn-tsâi,m̄成材
m̄-tsiânn-iūnn,m̄成樣
m̄-tsiânn-kuí,m̄成鬼
m̄-tsiânn-lâng,m̄成人
m̄-tsiânn-ting,m̄成丁
m̄-tsún,m̄准
m̄-guān,m̄願
m̄-hān-tiānn,m̄限定
m̄-hìnn-hainn,m̄哼哼
m̄-hó,m̄好
m̄-hó-khuànn,m̄好看
m̄-hó-sì,m̄好勢
m̄-iông,m̄容
m̄-jīn,m̄認
m̄-kam,m̄甘
m̄-kánn,m̄敢
m̄-kánn-tng,m̄敢當
m̄-khíng,m̄肯
m̄-khì,m̄去
m̄-kiann,m̄驚
m̄-kìnn,m̄見
m̄-kò,m̄過
m̄-kuán,m̄管
m̄-kuè-sim,m̄過心
m̄-koh,m̄-koh
m̄-koh,m̄閣
m̄-kú,m̄-kú
m̄-kuh,m̄-kuh
m̄-kuh,m̄閣
m̄-lâi,m̄來
m̄-lím-khuànn,m̄忍看
m̄-nā,m̄但
m̄-niā,m̄耳
m̄-pàng-suah,m̄放煞
m̄-pat,m̄捌
m̄-sái,m̄使
m̄-sī,m̄是
m̄-sī-khang,m̄是空
m̄-sī-khuán,m̄是款
m̄-sī-lâng,m̄是人
m̄-sī-sì,m̄是勢
m̄-suah,m̄煞
m̄-tann,m̄單
m̄-ta̍t,m̄值
m̄-ta̍t-tsînn,m̄值錢
m̄-ta̍t-tit,m̄值得
m̄-thang,m̄通
m̄-thiann,m̄聽
m̄-tiānn,m̄定
m̄-ti̍h,m̄-tih
m̄-ti̍h,m̄-ti̍h
m̄-ti̍h-miā,m̄-tih命
m̄-tio̍h,m̄著
m̄-tio̍h-sì,m̄著勢
m̄-uì,m̄畏
ma,哞
má,媽
má-tsóo,馬祖
má-tsóo,媽祖
má-tsóo-biō,媽祖廟
má-tsóo-king,媽祖宮
má-tsóo-niû,媽祖娘
má-tsóo-pô,媽祖婆
má-ing-tan,馬纓丹
má-hu,馬虎
má-î,媽姨
má-ka,馬加
má-kai,馬偕
má-káu,馬狗
má-king,馬公
má-king,媽宮
má-king-tshī,馬公市
má-kháu,馬口
má-khik,馬克
má-khik-su,馬克思
má-khó-sū,馬可仕
má-khu,馬駒
má-kìn-á,馬擎仔
má-lé-ing,馬禮鶯
má-lê,瑪麗
má-lîng-tsî,馬鈴薯
má-lī,馬利
má-lī,瑪莉
má-lī-kin,馬利筋
má-phit,馬匹
má-siāng,馬上
má-siāng-hân,馬上寒
má-sin,馬辛
má-sun,媽孫
má-sun-á,媽孫仔
má-tâ,馬搽
má-ta̍t,馬達
má-tik-lí,馬德里
má-ting,馬丁
mà,mà
mà-mà-háu,哞哞哮
mâ-huân,麻煩
mâ-nî,明年
mā,mā
mā,嘛
mā-koh,嘛閣
mā-sī,mā是
mā-sī,嘛是
mā-tio̍h,嘛著
ma-tsi̍t-siann,嗎一聲
mah,麼
mai,哩
mái-tsáinn,mái指
mái-tsiok,買囑
mài,mài
mài--ah--lah,mài啊啦
mài-tshap-i,mài-chhap伊
mài-kóng,mài講
mài-siàu-siūnn,mài數想
mài-siūnn,mài想
mài-thīn-i,mài滕伊
mâi-ho̍k,埋伏
māi-a-bi̍t,邁阿密
māi-tshut,邁出
māi-tsìn,邁進
māi-hiòng,邁向
māi-khui,邁開
mai-khuh,擴音
ma-lá-sóng,Ma-lá-sóng
ma-ma,媽媽
ma-ni-la,馬尼拉
mau,mau
máu-tshuì,卯嘴
máu-khí,卯齒
mâu,卯
mâu,矛
mâu,茅
mâu-tsháu,茅草
mâu-lôo,茅蘆
mâu-tún,矛盾
māu-bí,貌美
mauh,mauh
mauh-tshuì-ê,卯嘴的
mauh-lo̍h-khì,卯落去
me,me
mé,mé
mé,蜢
mé-tshénn,猛醒
mé-hué,猛火
mé-lia̍h,猛lia̍h
mê,mê
mê,冥
mê,暝
mê,鋩
mê,糜
mê-bué,暝尾
mê-tshī,暝市
mê-tshia,暝車
mê-tshim,暝深
mê-hng,暝昏
mê-ji̍t,暝日
mê-ji̍t-kuánn,暝日趕
mê-ji̍t-piànn,暝日拚
mê-kak,鋩角
mê-kan,暝間
mê-kang,暝工
mê-lōo,暝路
mê-nî,明年
mê-pan,暝班
mê-phah-ji̍t,暝phah日
mê-puànn,暝半
mê-sî,暝時
mê--sî,暝時
mê-thâu,暝頭
mê-thâu-tn̂g,暝頭長
mê-tiûnn,暝場
mē,罵
mē-lâng,罵人
me̍h,脈
me̍h-kóng,脈管
me̍h-lí,脈理
me̍h-phok,脈搏
me̍h-tōng,脈動
me--khí-lâi,me起來
me-lóng,me-lóng
me-me-kiò,咩咩叫
mi,mi
mi,瞇
mí,猛
mí-nih,mí-nih
mî,芒
mî,盲
mî,棉
mî,綿
mî-á,棉仔
mî-á-tsâng,棉仔叢
mî-á-tsâng,棉仔欉
mî-á-tsuá,棉仔紙
mî-á-tsuá,綿仔紙
mî-á-ki,棉仔枝
mî-buán,彌滿
mî-bué,棉尾
mî-tshiam-uî,棉纖維
mî-tsinn,綿精
mî-tsioh,棉chioh
mî-tsioh-hiû,棉績裘
mî-tsioh-phuē,棉chioh被
mî-tsioh-phuē,棉績被
mî-tsit,棉質
mî-hiû,棉裘
mî-hiû-kong,棉裘公
mî-hiû-lam,棉裘lam
mî-hue,棉花
mî-hue-tsíng,棉花種
mî-hōo,綿雨
mî-iân,綿延
mî-iûnn,綿羊
mî-jiông,綿絨
mî-kâu,獼猴
mî-kâu-sann,棉猴衫
mî-kuà-sînn,綿掛豉
mî-ku-sîn,棉蚼蠅
mî-li̍k,綿栗
mî-li̍k-hu̍t,彌勒佛
mî-li̍k-iâ,彌勒爺
mî-mî,綿綿
mî-mî-bueh,綿綿欲
mî-mî-tînn,綿綿纏
mî-nuā,綿爛
mî-ó,棉襖
mî-pháng,棉紡
mî-phàu,棉袍
mî-phuē,棉被
mî-póo,彌補
mî-pòo,棉布
mî-pòo,綿布
mî-pôo,棉苞
mî-sái,棉屎
mî-sài-a,彌賽亞
mî-sann,棉衫
mî-sat,彌撒
mî-se,棉紗
mî-se-suànn,棉紗線
mî-sí-tînn,綿死纏
mî-sînn,綿豉
mî-thai,棉胎
mî-thn̂g,棉糖
mî-tio̍h,綿著
mî--tio̍h,綿著
mî-tô,彌陀
mî-tuā-khu̍t,棉大khu̍t
mī,mī
mī,麵
mī-ang-á,麵尪仔
mī-tsē,麵劑
mī-tse-á,麵che仔
mī-tsià,麵炙
mī-tsià-thi,麵炙黐
mī-tsiùnn,麵醬
mī-hún,麵粉
mī-hún-tsó,麵粉藻
mī-hún-hīnn,麵粉耳
mī-hún-lōo,麵粉路
mī-hún-tē,麵粉袋
mī-kuann,麵干
mī-kôo,麵糊
mī-ku,麵龜
mī-ku-bīn,麵龜面
mī-kui,麵kui
mī-pau,麵包
mī-pau-tshia,麵包車
mī-pau-tshiū,麵包樹
mī-pau-tiàm,麵包店
mī-pōng,麵磅
mī-pōng-tshiū,麵磅樹
mī-pún-lōo,麵粉路
mī-si̍t,麵食
mī-suànn,麵線
mī-suànn-tshi,麵線蛆
mī-suànn-tshin,麵線親
mī-suànn-uē,麵線話
mī-tê,麵茶
mī-thâu,麵頭
mī-thi,麵黐
mī-thng,麵湯
mī-thô,麵桃
mī-thuî,麵槌
mī-tiâu,麵條
mī-tiōng,麵杖
miâ,名
miâ,明
miâ,樠
miâ-ba̍k,名目
miâ-tsheh,名冊
miâ-tshì,名刺
miâ-tshiū,樠樹
miâ-tshù,名次
miâ-tsiòng,名將
miâ-gī,名義
miâ-gia̍h,名額
miâ-giân,名言
miâ-hō,名號
miâ-hūn,名分
miâ-i,名醫
miâ-jī,名字
miâ-ka,名家
miâ-khì,名氣
miâ-kiò,名叫
miâ-kóng,名講
miâ-lī,名利
miâ-lia̍t,名列
miâ-liû,名流
miâ-pâi,名牌
miâ-phìnn,名片
miâ-phōo,名簿
miâ-sènn,名姓
miâ-siann,名聲
miâ-siann-tháu,名聲敁
miâ-siann-tháu,名聲透
miâ-sìnn,名姓
miâ-thâu,名頭
miâ-tuann,名單
miâ-tù,名著
miā,命
miā-àn,命案
miā-kin,命根
miā-me̍h,命脈
miā-po̍h,命薄
miā-si-á,命絲仔
miā-si-kin,命絲根
miā-sòo,命數
miā-té-hó,命底好
miā-tiong,命中
miā-tôo,命途
miā-ūn,命運
miāu,妙
miāu-kè,妙計
miāu-pōo,妙步
mih,mih
mih,乜
mi̍h,bi̍h
mi̍h,物
mi̍h-á,物仔
mi̍h-tsia̍h,物食
mi̍h-tsia̍h-tsia̍h,物食食
mi̍h-kiānn,物件
mi̍h-lí-ha̍k,物理學
mi̍h-phuè,物配
mi̍h-phuè-kiâm,物配鹹
mi̍h-thâu,物頭
mih-lâng,乜人
mih-sái,mih使
mih-sái,物使
mih-sî,物時
mih-tāi,乜代
mih-tāi,物代
mng,mng
mńg,晚
mńg-kiánn,晚囝
mńg-phang-hue,晚芳花
mńg-poo,晚晡
mńg-tang,晚冬
mńg-tiū,晚稻
mǹg-sǹg,魍魎
mǹg-sngh,魍魎
mn̂g,毛
mn̂g,門
mn̂g-á-tsháu,毛仔草
mn̂g-ak,門屋
mn̂g-bâi,門楣
mn̂g-tsháu,毛草
mn̂g-tshī,門市
mn̂g-tshī-pōo,門市部
mn̂g-tshiú,門手
mn̂g-tshiunn,開槍
mn̂g-tshuànn,門閂
mn̂g-tshuànn-phīnn,門閂鼻
mn̂g-tshuì,門嘴
mn̂g-tshuì-kháu,門嘴口
mn̂g-tsiang-kun,毛將軍
mn̂g-tsín,門診
mn̂g-tsuâ,毛蛇
mn̂g-ē-khū,門下臼
mn̂g-gê,門牙
mn̂g-giap-á,毛夾仔
mn̂g-guā,門外
mn̂g-hâm,門函
mn̂g-hānn,門撖
mn̂g-hānn--leh,門撖leh
mn̂g-hia̍h,門額
mn̂g-hong,門風
mn̂g-hóo,毛虎
mn̂g-hōo,門戶
mn̂g-hōo-khū,門戶臼
mn̂g-io̍h--leh,門鈅leh
mn̂g-káu,門狗
mn̂g-kha,毛腳
mn̂g-kha̍h--tiâu,門kha̍h--tiâu
mn̂g-kha-kháu,門腳口
mn̂g-kha-tau,門腳兜
mn̂g-kháu,門口
mn̂g-kháu-kong,門口公
mn̂g-kháu-tiânn,門口埕
mn̂g-khí,門齒
mn̂g-khī,毛柿
mn̂g-khiā,門khiā
mn̂g-khiā,門徛
mn̂g-khian,門牽
mn̂g-khuân,門環
mn̂g-khóo-som,毛苦參
mn̂g-khū,門臼
mn̂g-kìm,門禁
mn̂g-kńg,毛管
mn̂g-kńg-tsìnn,毛管箭
mn̂g-kńg-khang,毛管空
mn̂g-kû,毛氍
mn̂g-lâng,門人
mn̂g-lîng,門拎
mn̂g-lîng,門鈴
mn̂g-lî,門簾
mn̂g-liân,門聯
mn̂g-liáu-liáu,毛了了
mn̂g-liú-á,門鈕仔
mn̂g-lōo,門路
mn̂g-pâi,門牌
mn̂g-phāng,門縫
mn̂g-phiò,門票
mn̂g-sì-bué,門世尾
mn̂g-si-á,毛絲仔
mn̂g-sìnn,門扇
mn̂g-sìnn-pán,門扇板
mn̂g-sîn,門神
mn̂g-sng,門栓
mn̂g-tah,門搭
mn̂g-táu,門斗
mn̂g-tīng,門碇
mn̂g-thán,毛毯
mn̂g-thang,門窗
mn̂g-thâng,毛蟲
mn̂g-thâu,門頭
mn̂g-thiāu,門柱
mn̂g-thô,毛桃
mn̂g-tiânn,門埕
mn̂g-tuì,門對
mn̄g,問
mn̄g-bāi,問覓
mn̄g-kuàn,問卷
mn̄g-lōo,問路
mn̄g--tio̍h,問著
mua,moa
muá,滿
muá-ān,滿限
muá-bīn,滿面
muá-bīn-hôo,滿面鬍
muá-tsāi,滿載
muá-tshut-lâi,滿出來
muá-tsīn-sī,滿盡是
muá-gue̍h,滿月
muá-huâi,滿懷
muá-hun,滿分
muá-ì,滿意
muá-jîn,滿人
muá-kînn,滿
muá-la̍k-bān,滿六萬
muá-lâu,滿流
muá-muá,滿滿
muá-muá-sī,滿滿是
muá-pak,滿腹
muá-puânn,滿盤
muá-pòo,滿佈
muá-sè-kài,滿世界
muá-sì-bān,滿四萬
muá-sì-kè,滿四界
muá-sì-suann,滿四山
muá-sim,滿心
muá-sin,滿身
muá-sin-khu,滿身軀
muá-suann-âng,滿山紅
muá-suann-phiânn,滿山坪
muá-thiann-âng,滿廳紅
muá-thinn,滿天
muá-thinn-tshenn,滿天星
muá-thinn-ē,滿天下
muá-thinn-pue,滿天飛
muá-thôo-kha,滿土腳
muâ,麻
muâ,瞞
muâ,鰻
muâ-á,麻仔
muâ-á,痲仔
muâ-á,痳仔
muâ-tsìng,痲症
muâ-tshiok,麻雀
muâ-tsî,麻糬
muâ-tsín,痲疹
muâ-hî,鰻魚
muâ-ho̍k,麻服
muâ-hông,麻黃
muâ-iû,麻油
muâ-iû-ke,麻油雞
muâ-kám-thâu,麻kám頭
muâ-khàm,瞞khàm
muâ-khàm,瞞勘
muâ-khǹg,瞞khǹg
muâ-kó,麻稿
muâ-kuáinn,麻稈
muâ-li̍k-tshiū,麻栗樹
muâ-phang-tshua̍h,麻芳斜
muâ-phang-huān,麻芳範
muâ-phiàn,瞞騙
muâ-pòo,麻布
muâ-sann,麻衫
muâ-sat-ba̍k,麻虱目
muâ-sat-ba̍k,鰻虱目
muâ-soh,麻索
muâ-sún,麻筍
muâ-tāu,麻豆
muâ-tē,麻袋
muâ-tik,麻竹
muâ-thuân,麻團
muā,蔓
muā-muā,蔓蔓
muâi,糜
muâi-á-hue,梅仔花
muâi-hue,梅花
muâi-lâng,媒人
muâi-lâng-tshuì,媒人嘴
muâi-lâng-tsí,媒人姊
muâi-lâng-kong,媒人公
muâi-lâng-pô,媒人婆
muâi-pn̄g,糜飯
mua-kin,幔巾
mua-sann,moa衫
mua-sann,幔衫
mua-suann,幔山
mué-ê,每個
mué-ji̍t,每日
mué-kang,每工
mué-keh,每隔
mué-nî,每年
muê-hue,梅花
muê-khòng,煤礦
muê-kuì,玫瑰
muê-lâng,媒人
muê-lâng-tshuì,媒人嘴
muê-lâng-pô,媒人婆
muê-pô,媒婆
muê-to̍k,梅毒
muē,妹
muē-sài,妹婿
moo,摸
móo-tah,馬達
môo,毛
môo,魔
môo-tshat,摩擦
môo-tshat,磨擦
môo-tsiáng,魔掌
môo-tsit,毛織
môo-tsit-phín,毛織品
môo-gia̍h,毛額
môo-hē,毛蟹
môo-hē-í,毛蟹椅
môo-huat,魔法
môo-huē,毛蟹
môo-honn,毛呼
môo-hóng,模仿
môo-hui,嗎啡
môo-hui,魔非
môo-i,毛衣
môo-jiông,毛絨
môo-kha,毛腳
môo-khî,毛蜞
môo-khî,蜈蜞
môo-khî-á,毛蜞仔
môo-ki,毛萁
môo-kin,毛巾
môo-kìn,毛茛
môo-kong,魔公
môo-kông-sìng,魔狂性
môo-koo,毛菰
môo-koo,毛菇
môo-kuí,魔鬼
môo-lâm,毛藍
môo-li̍k,魔力
môo-lī,毛利
môo-lī-lu̍t,毛利率
môo-liân-tshài,毛蓮菜
môo-liān,魔練
môo-liāu,毛料
môo-lo̍k-ko,摩洛哥
môo-môo,魔魔
môo-ōo,魔芋
môo-pēnn,毛病
môo-phuê,毛皮
môo-pit,毛筆
môo-sîn,魔神
môo-sîn-á,魔神仔
môo-sîn-káu,魔神狗
môo-suànn,毛線
môo-sui,毛蓑
môo-su̍t,魔術
môo-tāu,毛豆
môo-tik,毛竹
môo-thán,毛毯
môo-thâng,毛蟲
môo-thian,摩天
môo-ti,毛豬
môo-tong-kui,毛當歸
môo-uī,毛蝟
mōo,冒
mōo,耄
mōo-tsìng,冒證
mōo-tshing,冒稱
mōo-tshiong,冒充
mōo-tsiam,冒尖
mōo-hiám,冒險
mōo-huān,冒犯
mōo-hōo,冒雨
mōo-kò,冒告
mōo-liap,冒捏
mōo-liap,冒攝
mōo-miâ,冒名
mōo-niá,冒領
mōo-pâi,冒牌
mōo-sú,冒暑
mōo-tn̂g,盲腸
mōo-tn̂g-iām,盲腸炎
moo-tshái,摸彩
mooh,mooh
mooh,膜
mo̍oh,moh
mo̍oh,漠
mo̍oh,膜
mo̍oh-me̍h,膜脈
mo̍oh-mo̍oh,漠漠
mo̍oh-sī,漠視
moo-hē,毛蟹
moo-hē-ba̍k,毛蟹目
moo-hē-tsháu,毛蟹草
mooh-leh-khàu,抈leh哭
mooh-mooh,mooh-mooh
mooh-pài,膜拜
mooh-phīnn-á,抈鼻仔
mooh-piah,抈壁
mooh-piah,膜壁
mooh-piah-kuí,mooh壁鬼
mooh-piah-kuí,抈壁鬼
mooh-piah-tû,抈壁廚
moo-hui,摸飛
moo-kha-iàn,毛腳燕
moo-khî,毛蜞
moo-kńg,毛管
moo-kńg-khang,毛管孔
moo-me̍h,摸脈
moo-moo-khùn,哞哞睏
moo-té-lù,moo-té-lù
muí,每
muí-tshù,每次
muí-gue̍h,每月
muí-hāng,每項
muí-pái,每擺
muî,muî
muî,枚
muî,梅
muî,媒
muî,煤
muî-á,梅仔
muî-á-tshiū,梅仔樹
muî-á-kuann,梅仔干
muî-tshng,梅瘡
muî-tsng,煤磚
muî-hue,梅花
muî-hue-lo̍k,梅花鹿
muî-hu̍t,煤核
muî-kài,媒介
muî-kak,煤角
muî-khì,煤氣
muî-kuì,玫瑰
muî-kuì-liām,玫瑰捻
muî-lâng,媒人
muî-lâng-tsí,媒人姊
muî-lâng-kong,媒人公
muî-piánn,煤餅
muî-san,梅山
muî-thé,媒體
muî-thuànn-tsau,煤炭糟
muî-to̍k,梅毒
muî-ú,梅雨
ná,ná
ná,那
ná,哪
ná,欖
ná-á-pua̍t,那仔菝
ná-tsai,那知
ná-tshin-tshiūnn,那親像
ná-tshiú,拿手
ná-tshiūnn,那像
ná-tshiūnn,若像
ná-ē,那會
ná-ē-sái,那會使
ná-kiann,那驚
ná-m̄,那m̄
ná-phò-lûn,拿破崙
ná-pua̍t-á,那菝仔
ná-sái,那使
ná-sái-tio̍h,那使著
ná-thang,那通
ná-tio̍h,那著
ná-ū,那有
nà,nà
nà,爁
nà-tsi̍h,咋舌
nà-tsi̍h,爁舌
nà-kng,爁光
nà-thâu,爁頭
nâ,林
nâ,藍
nâ,籃
nâ-á,籃仔
nâ-á-kiânn,籃仔檠
nâ-á-pu̍t,籃仔桲
nâ-âu,嚨喉
nâ-âu-tsing,嚨喉鐘
nâ-âu-tsìng,嚨喉症
nâ-âu-khang,嚨喉空
nâ-âu-kńg,嚨喉管
nâ-âu-kut,嚨喉骨
nâ-âu-ngôo,嚨喉蛾
nâ-âu-thiànn,嚨喉痛
nâ-âu-tīnn,嚨喉淀
nâ-tsân,籃層
nâ-tshiok,藍鵲
nâ-giâ,螂蜈
nâ-giâ-í,螂蜈椅
nâ-hia̍p,籃協
nâ-kha-tsiáu,林腳鳥
nâ-kháu,林口
nâ-kiû,籃球
nâ-kiû-sài,籃球賽
nâ-kiû-tiûnn,籃球場
nâ-kiû-tuī,籃球隊
nâ-lāi,林內
nâ-pán-kiû,籃板球
nâ-pinn,林邊
nâ-pua̍h,鐃鈸
nâ-po̍k,蘿蔔
nâ-pôo,林苞
nâ-pún,藍本
nâ-sài,籃賽
nâ-sik,藍色
nâ-tâu,林投
nâ-tâu-ke,林投雞
nâ-tâu-kong,林投公
nâ-tâu-kū,林投舅
nâ-thinn,藍天
nâ-tuânn,籃壇
nâ-tôo,藍圖
nâ-tuī,籃隊
nâ-uí-huē,籃委會
nâ-ūn,籃運
nā,nā
nā,任
nā,但
nā,若
nā,爁
nā-beh,若欲
nā-beh-sī,若欲是
nā-bô,若無
nā--tsé,爁者
nā-tsún,若準
nā-kah,若甲
nā-m̄,若m̄
nā-m̄-sī,若m̄是
nā-niā,耳耳
nā-sannh,爁sannh
nā-sái,但使
nā-sī,若是
nā-sū,但有
nā-tiānn,若定
nā-ū,若有
nah,nah
nah,訥
nah-io,nah腰
nah-io,凹腰
nah-lī,nah字
nah-liâng,納涼
nái,乃
nái-hū,乃父
nái-nái,奶奶
nāi,耐
nāi,荔
nāi-tsi,荔枝
nāi-tsín,耐震
nāi-hô,奈何
nāi-iōng,耐用
nāi-kiann-tsháu,耐驚草
nāi-li̍k,耐力
nāi-miā,耐命
nāi-uānn,耐旱
nāi-sìng,耐性
nāi-sim,耐心
naih-lo̍h-khì,凹落去
naih-o,塌窩
naih-phīnn-á,凹鼻仔
nai-sò-tsuí,乃掃水
náu,láu
náu,腦
náu-āu,腦後
náu-tsik-hiat,腦積血
náu-tshiong-hiat,腦充血
náu-tshué,腦髓
náu-tshut-hueh,腦出血
náu-tsín-tōng,腦震盪
náu-tsìn-tōng,腦震盪
náu-ik-hiat,腦溢血
náu-hīn,惱恨
náu-iām,腦炎
náu-kin,腦筋
náu-li̍k,腦力
náu-mo̍oh-iām,腦膜炎
náu-pho,腦波
náu-pîn-hiat,腦貧血
náu-pōo,腦部
náu-sîn-king,腦神經
nāu,鬧
nāu-tsing,鬧鐘
nāu-tshut,鬧出
nāu-ì-kiàn,鬧意見
nāu-jia̍t,鬧熱
nāu-khu,鬧區
nāu-pâng,鬧房
nāu-sin-niû,鬧新娘
nāu-tâi,鬧台
nāu-tiûnn,鬧場
nāu-tōng-pông,鬧洞房
nauh,nauh
ne,奶
ne,呢
nè,躡
nè-kha-bué,躡腳尾
nê,nê
nê-báng-tà,nê-báng罩
nê-sann,nê衫
neh,neh
ne̍h,ne̍h
ne̍h,捏
ne̍h-ân,捏ân
neh-kuân,躡高
ne-óng,ne-óng
ng,ng
ng,央
ng,秧
ńg,影
ńg-á,ńg仔
ńg-siū,ńg袖
ńg-thò,ńg套
ǹg,向
ǹg-bāng,向望
ǹg-bāng,映望
ǹg-gû,向牛
ǹg-iûnn,向羊
ǹg-lâm,向南
ǹg-pak,向北
ǹg-tǹg,向頓
ǹg-tǹg,怏忳
n̂g,黃
n̂g-ām-tsuâ,黃頷蛇
n̂g-bah-á,黃肉仔
n̂g-ba̍k-tshiū,黃目樹
n̂g-ba̍k-tsí,黃目子
n̂g-bué,黃尾
n̂g-tsâu,黃巢
n̂g-tsíng,黃腫
n̂g-tsíng-hàm,黃腫顑
n̂g-tshik,黃粟
n̂g-tsio̍h,黃石
n̂g-tsui,黃鵻
n̂g-tsuí-kiô,黃水茄
n̂g-ing,黃鶯
n̂g-ing,黃鷹
n̂g-gām-gām,黃喦喦
n̂g-gê-gê,黃牙牙
n̂g-gia̍t,黃蘗
n̂g-gìm-gìm,黃gìm-gìm
n̂g-gīm-gīm,黃扲扲
n̂g-gû,黃牛
n̂g-hái,黃海
n̂g-hám-hám,黃欿欿
n̂g-hing-tshiok,黃胸雀
n̂g-hî,黃魚
n̂g-hî-kui,黃魚規
n̂g-hio̍h-bâ,黃葉狸
n̂g-hio̍h-niau,黃葉貓
n̂g-huánn,黃幻
n̂g-huánn,黃罕
n̂g-huánn-huánn,黃幻幻
n̂g-hue-tsháu,黃花草
n̂g-hue-hî,黃花魚
n̂g-hue-hiānn,黃花艾
n̂g-hue-liám,黃花蘞
n̂g-hue-sik,黃灰色
n̂g-io-phang,黃腰蜂
n̂g-iûnn,黃楊
n̂g-kháu,黃口
n̂g-kí,黃杞
n̂g-kì,黃記
n̂g-kî,黃旗
n̂g-kî-tshǹg,黃鰭串
n̂g-kî-la̍h,黃鰭la̍h
n̂g-ki-tsí,黃梔子
n̂g-kim,黃金
n̂g-kim-kuì,黃金桂
n̂g-kin,黃斤
n̂g-kin,黃根
n̂g-kinn,黃梔
n̂g-kín,黃槿
n̂g-kinn-á,黃梔仔
n̂g-kue,黃瓜
n̂g-kue-á,黃瓜仔
n̂g-kue-hî,黃瓜魚
n̂g-kong-á,黃公仔
n̂g-ku,黃龜
n̂g-la̍h-la̍h,黃蠟蠟
n̂g-lîng-bué,黃龍尾
n̂g-muâ,黃麻
n̂g-muâ-tsí,黃麻子
n̂g-muâ-soh,黃麻索
n̂g-muî-thinn,黃梅天
n̂g-muî-tiāu,黃梅調
n̂g-n̂g,黃黃
n̂g-n̂g-n̂g,黃黃黃
n̂g-ôo-tia̍p,黃蝴蝶
n̂g-peh,黃柏
n̂g-phā-phā,黃泡泡
n̂g-phàu-tshiū,黃泡樹
n̂g-pit-lô,黃伯勞
n̂g-sik,黃色
n̂g-sî,黃匙
n̂g-siâm,黃蟬
n̂g-sim-á,黃心仔
n̂g-sim-peh,黃心柏
n̂g-si̍t-á,黃翅仔
n̂g-sng,黃痠
n̂g-sng,黃酸
n̂g-sng-hōo,黃痠雨
n̂g-sng-thán,黃痠疸
n̂g-sng-tháng,黃痠桶
n̂g-sng-tháng,黃酸桶
n̂g-sng-to̍k,黃酸毒
n̂g-suànn,黃線
n̂g-suê-tsuí,黃垂水
n̂g-suē-tsuí,黃垂水
n̂g-sūn,黃順
n̂g-tám-hong,黃疸風
n̂g-tánn,黃膽
n̂g-tàn,黃鴠
n̂g-tâng,黃銅
n̂g-tāu,黃豆
n̂g-tāu,黃脰
n̂g-tāu-kuí,黃豆鬼
n̂g-thán,黃疸
n̂g-thôo,黃土
n̂g-thôo-hún,黃土粉
n̂g-tuânn,黃檀
n̂g-ui,黃渨
n̂g-un-i̍k,黃瘟疫
n̄g,n̄g
ngá,雅
ng-á,秧仔
ng-á-tshân,秧仔田
ngá-giân,雅言
ngá-ì,雅意
ngá-ka-ta̍t,雅加達
ngá-khì,雅氣
ngá-kuan,雅觀
ngá-liāng,雅量
ngā,訝
ngái,騃
ngāi-gio̍h,礙虐
ngāi-sim-hô,艾森豪
ngáu,偶
ngâu,熬
ngâu-mê,熬暝
ngâu-ngâu-liām,嗷嗷念
ngâu-ngâu-liām,嗷嗷唸
ngāu,藕
ngāu-tsat,藕節
ngāu-hún,藕粉
ngāu-ngāu-liām,喁喁唸
ngāu-sio-tsiú,樂燒酒
ngauh,ngauh
ng-ba̍k,秧目
ng-biâu,秧苗
ng-tsioh,秧績
ng-tsioh-tiânn,秧績埕
ng-tsn̂g,嗯旋
ngē,硬
ngē-áu,硬拗
ngē-ba̍k,硬目
ngē-beh,硬欲
ngē-bueh,硬欲
ngē-bú,硬舞
ngē-tsènn,硬諍
ngē-tshâ,硬柴
ngē-tsha̍k-tsha̍k,硬鑿鑿
ngē-tshiânn,硬戕
ngē-tshiú,硬手
ngē-tshiúnn,硬搶
ngē-tshòng,硬創
ngē-tshuì,硬嘴
ngē-tsiānn,硬淨
ngē-tsuí,硬水
ngē-ē,硬會
ngē-gê,硬牙
ngē-gia̍h,硬額
ngē-huà,硬化
ngē-ka,硬加
ngē-kā,硬共
ngē-kak,硬角
ngē-kang-hu,硬工夫
ngē-kauh-kauh,硬礉礉
ngē-king,硬弓
ngē-kha-tshng,硬尻川
ngē-kha-king,硬腳弓
ngē-khì,硬氣
ngē-kho̍k-kho̍k,硬涸涸
ngē-khok-khok,硬柝柝
ngē-khok-khok,硬涸涸
ngē-khok-khok,硬硞硞
ngē-kiû,硬求
ngē-kut,硬骨
ngē-la̍t,硬力
ngē-liâu,硬繚
ngē-lōo-tsînn,硬路錢
ngē-lún,硬忍
ngē-mī,硬麵
ngē-ngē,硬硬
ngē-uē,硬話
ngē-pán,硬板
ngē-pik-pik,硬逼逼
ngē-phiah,硬癖
ngē-phīnn,硬鼻
ngē-piak-piak,硬逼逼
ngē-piàng-piàng,硬piàng-piàng
ngē-piàng-piàng,硬迸迸
ngē-sik,硬式
ngē-sìng,硬性
ngē-sìng-tē,硬性地
ngē-sí,硬死
ngē-sí-siú,硬死守
ngē-sî,硬辭
ngē-sim,硬心
ngē-sim-kuann,硬心肝
ngē-sim-tn̂g,硬心腸
ngē-siú,硬守
ngē-suànn,硬線
ngē-táu,硬斗
ngē-táu,硬倒
ngē-tàu,硬鬥
ngē-tê-á,硬茶仔
ngē-tènn,硬棖
ngē-thâu,硬頭
ngē-thâu-huè,硬頭貨
ngē-thé,硬體
ngē-thô,硬桃
ngē-tìnn,硬tìnn
ngē-tìnn,硬棖
ngē-tio̍h,硬著
ngē-ti̍t,硬直
ngē-tong-tong,硬當當
ngē-tōo,硬度
ngē-tú-ngē,硬tú硬
ngeh,ngeh
ngeh,莢
nge̍h,nge̍h
ngeh-á,鋏仔
ngī-sim,腳心
ngiâ,迎
ngiâ-ang,迎尪
ngiâ-tshiánn,迎請
ngiâ-tshun-hue,迎春花
ngiâ-tsih,迎接
ngiâ-koh,迎閣
ngiâ-nāu-jia̍t,迎鬧熱
ngiâ-sîn,迎神
ngiâ-sîn-bîng,迎神明
ng-iap,ng挹
ng-iap,掩揜
ngiau,ngiau
ngiau,撓
ngiau,蟯
ngiáu,撓
ngiáu-khui,撓開
ngiāu-tshi-tshā,蟯嗤嘈
ngiau-tsiūnn,蟯癢
ngiauh,ngiauh
ngiauh,蟯
ngia̍uh,ngia̍uh
ngia̍uh-tshī-tshā,蟯嗤嘈
ngia̍uh-ngia̍uh-tshuah,蟯蟯chhoah
ngia̍uh-ngia̍uh-liām,唁唁唸
ngia̍uh-ngia̍uh-sô,蟯蟯sô
ngia̍uh-ngia̍uh-suan,ngia̍uh-ngia̍uh-soan
ngia̍uh-ngia̍uh-tāng,蟯蟯動
ngiauh-tshuì,撠嘴
ngiauh-tshuì-khí,ngiah-嘴齒
ngiauh-hê,撠蝦
ngiauh-khí,撠起
ngiauh-khí-lâi,撠起來
ngiauh-khì,撠去
ngiauh-kiauh,唁噭
ngiauh-kiauh,狺噭
ngiauh-ngiauh,蟯蟯
ngiauh-siâu,狺siâu
ngiauh-siâu,撠siâu
ngiauh-tái,蟯歹
ngiauh-than,撠蟶
ngiauh-than,蟯蟶
ngiau-kha-tshng,撓尻川
ngiau-lāng,蟯弄
ngiau-ngiau,ngiau-ngiau
ngiau-ngiau-tshuah,蟯蟯chhoah
ngiau-ngiau-sô,蟯蟯sô
ngiau-ngiau-tāng,蟯蟯動
ngiau-si,蟯絲
ngiau-ti,ngiau-ti
ngiau-ti,ngiau胝
ngi-ngiauh-kiò,狋狺叫
ngiú,ngiú
ngiú-kha-tshng,扭尻川
ngiú-tio̍h,扭著
ng-kha,秧腳
ng-khàm,ng-khàm
ng-khǹg,ng-khǹg
ng-khoo-ke,ng呼雞
ng-ko̍k-ke,ng-ko̍k雞
ng-ko̍k-ke,掩咯雞
ng-ng-háu,嚶嚶哮
ng-ng-kiò,嚶嚶叫
ngóo,五
ngóo,伍
ngóo-á-hî,午仔魚
ngóo-bîng-ke,五鳴雞
ngóo-tshái,五彩
ngóo-tshái-khīng,五彩虹
ngóo-tshái-sik,五彩色
ngóo-tshái-ting,五彩燈
ngóo-tshenn-kî,五星旗
ngóo-tsuan,五專
ngóo-tsōng,五臟
ngóo-gi̍k,忤逆
ngóo-gi̍k-jî,忤逆兒
ngóo-giân-tsua̍t,五言絕
ngóo-giân-si,五言詩
ngóo-hiong,五香
ngóo-hiu,午休
ngóo-huat,偶發
ngóo-hue-tsiann,五花精
ngóo-ho̍k,五服
ngóo-ho̍k-tshin,五服親
ngóo-ho̍k-guā,五服外
ngóo-ho̍k-lāi,五服內
ngóo-hok-guā,五服外
ngóo-hong,五峰
ngóo-hong,我方
ngóo-hóo-lāi,五虎利
ngóo-iā,午夜
ngóo-jiân,偶然
ngóo-jiáu-lîng,五爪龍
ngóo-jîn,五仁
ngóo-kan,午間
ngóo-ka-phî,五加皮
ngóo-ka-pî,五加皮
ngóo-ka-sim,五加蔘
ngóo-king,五經
ngóo-khin,五輕
ngóo-kia̍t,五竭
ngóo-kia̍t-thâu,五竭頭
ngóo-kim,五金
ngóo-kuan,五官
ngóo-kuân,五權
ngóo-kok,五穀
ngóo-kok,我國
ngóo-kóo,五股
ngóo-kun,我軍
ngóo-liām-tsí,五斂子
ngóo-lōo,五路
ngóo-lōo-lâng,五路人
ngóo-luî-līng,五雷令
ngóo-lûn,五倫
ngóo-niáu-lîng,五爪龍
ngóo-phî,五皮
ngóo-sik-tsháu,五色草
ngóo-sik-tsiáu,五色鳥
ngóo-sik-lâng,五色人
ngóo-sî,午時
ngóo-sî-hue,午時花
ngóo-sî-liân,午時蓮
ngóo-siông,五常
ngóo-siōng,偶像
ngóo-suànn,午線
ngóo-sòo,偶數
ngóo-tāi-sun,五代孫
ngóo-tàng,五凍
ngóo-té-senn,五短生
ngóo-té-sin,五短身
ngóo-thé,五體
ngóo-tuán-sin,五短身
ngôo,吾
ngôo,吳
ngôo,蛾
ngôo-á-hî,鯃仔魚
ngôo-bî,娥眉
ngôo-bî-tāu,蛾眉豆
ngôo-hōng,吳鳳
ngôo-khî,蜈蜞
ngôo-khî-bue̍h,蜈蜞襪
ngôo-khî-kā,蜈蜞咬
ngôo-khî-póo,蜈蜞脯
ngôo-khî-ting,蜈蜞釘
ngôo-khî-tuà,蜈蜞帶
ngôo-kî,蜈蜞
ngôo-kok,俄國
ngôo-kok-hî,吳郭魚
ngôo-lô,俄羅
ngôo-tông,梧桐
ngōo,悟
ngōo,誤
ngōo-bān,傲慢
ngōo-tshut,悟出
ngōo-gue̍h-tseh,五月節
ngōo-khong,悟空
ngōo-sìng,悟性
ngōo-sī,傲視
ngōo-tâm,晤談
ngōo-tānn,誤tānn
ng-tiânn,秧埕
ni,奶
ni,拈
ni,蛉
ní,染
ní,爾
ní-ba̍k-tsí,染目子
ní-bo̍k,耳目
ní-bûn,耳聞
ní-liāu,染料
ní-pòo-tsiáu,染布鳥
ní-sik,染色
nì,nì
nì-kha-bué,躡腳尾
nì-sìnn,吝嗇
nì-sìnn-kuí,吝嗇鬼
nî,nî
nî,尼
nî,年
nî,呢
nî,泥
nî,簾
nî,鐮
nî-á,nî仔
nî-á,呢仔
nî-á,簾仔
nî-á-suànn,呢仔線
nî-āu,年後
nî-bué,年尾
nî-tseh,年節
nî-tseh-kînn,年節墘
nî-tseh-sî,年節時
nî-tshài,年菜
nî-tshue,年初
nî-tshù,年次
nî-tsiau,泥沼
nî-tsînn,簾簷
nî-tsînn-tsô,簾簷槽
nî-tsînn-tsuí,簾簷水
nî-tsînn-hiā,簾簷瓦
nî-tsînn-kau,簾簷溝
nî-tsînn-kíng,簾簷筧
nî-tsînn-kha,簾簷腳
nî-tsu,年資
nî-tsuí-kang,泥水工
nî--ê,呢的
nî-hān,年限
nî-hî,年魚
nî-hō,年號
nî-huâ,年華
nî-huè,年貨
nî-huè,年歲
nî-huè-tuā,年歲大
nî-huè-ū,年歲有
nî-huē,年會
nî-hông,年逢
nî-hông-ting,霓虹燈
nî-hun,年分
nî-iā-pn̄g,年夜飯
nî-iù,年幼
nî-ká,年假
nî-kam,年柑
nî-kāng-gue̍h,年共月
nî-khik-sim,尼克森
nî-khin,年輕
nî-kí,年紀
nî-kì-khin,年紀輕
nî-kip,年級
nî-kō,年號
nî-kō,年閣
nî-kuan,年關
nî-kueh-á,鐮鍥仔
nî-koo,尼姑
nî-koo-am,尼姑庵
nî-lâi,年來
nî-lāu,年老
nî-lé,年禮
nî-lik-á,鐮勒仔
nî-lîng,年齡
nî-lī-lu̍t,年利率
nî-liông,尼龍
nî-lu̍t,年率
nî-nî-tshun,年年春
nî-nî-tshun,年年偆
nî-uá,年倚
nî-pió,年表
nî-pò,年報
nî-po̍h-ní,尼泊爾
nî-sann,nî衫
nî-sann,晾衫
nî-sik,年息
nî-sî,年時
nî-sin,年薪
nî-suànn,呢線
nî-sòo,年數
nî-sū,年事
nî-sûn,年旬
nî-sûn,年巡
nî-tāi,年代
nî-tang,年冬
nî-tau,年兜
nî-tau-àm,年兜暗
nî-tau-pinn,年兜邊
nî-thâu,年頭
nî-tióng,年長
nî-tōo,年度
nî-ûn,年勻
niá,岭
niá,領
niá,嶺
ni-á,奶仔
niá-á,領仔
niá-tsáu,領走
niá-tsîng,領情
niá-tshuì,領嘴
niá-tsînn,領錢
niá-tsit,嶺脊
niá-hâm,領銜
niá-huê,領回
niá-huē,領會
niá-kang-tsînn,領工錢
niá-khuán,領款
niá-khong,領空
niá-kin,領巾
niá-lōo,嶺路
niá-pan,領班
niá-ping,領兵
niá-siu,領收
niá-tang,嶺東
niá-tāu,領脰
niá-tíng,嶺頂
niá-thâu,嶺頭
ni-á-thâu,奶仔頭
niá--tio̍h,領著
niá-tuà,領帶
nià,nià
niâ,niâ
niâ,娘
niā,niā
niā-niā,niā-niā
niā-tiānn,niā-tiānn
niau,貓
niáu-tshí,鳥鼠
niáu-tshí-tsìng,鳥鼠症
niáu-tshí-tshì,鳥鼠刺
niáu-tshí-tsiáu,鳥鼠鳥
niáu-tshí-kā,鳥鼠咬
niáu-tshí-li̍k,鳥鼠勒
niáu-tshí-pēnn,鳥鼠病
niáu-tshí-sik,鳥鼠色
niáu-tshí-tánn,老鼠膽
niáu-tshí-tauh,鳥鼠tauh
niáu-tshí-tng,鳥鼠當
niáu-tshí-tû,鳥鼠廚
niau-á,貓仔
niau-á-bīn,貓仔面
niau-á-tsia̍h,貓仔食
niau-á-kiánn,貓仔囝
niau-á-siàng,貓仔相
niau-bâ,貓貓
niau-bīn,貓面
niau-bīn--ê,貓面ê
niau-bó,貓母
niau-bué-tsháu,貓尾草
niau-tshiu-tsháu,貓鬚草
niau-tsinn,貓精
niau-tsiù-tsiù,貓蛀蛀
niau-hûn,貓痕
niau-kang,貓公
niau-kong-tshì,貓公刺
niau-kut,貓骨
niau-lô,獠儸
niau-mn̂g,貓毛
niau-niau-khuànn,貓貓看
niau-niau-siòng,貓貓相
niau-niû,貓娘
niau-pà,貓豹
niau-pan-tiám,貓斑點
niau-pì-pà,貓pì-pà
niau-siâu,貓siâu
niau-sîn,貓神
niau-suá-siū,貓徙siū
niau-thâu-tsiáu,貓頭鳥
niau-thâu-ing,貓頭鷹
niau-thâu-koo,貓頭姑
niau-tiám,貓點
ni-bó,奶母
ni-tse,奶劑
ni-tshuì,奶嘴
ni-tshuì-á,奶嘴仔
ni-gû,奶牛
nih,hia
nih,nih
nih,呢
nih,捏
nih,許
nih,裡
nih,躡
ni̍h,捏
ni̍h,裡
ni̍h-ân,捏ân
ni̍h-hong-khîm,捏風琴
ni̍h-khí-ko,捏齒膏
ni̍h-kûn-thâu,捏拳頭
ni̍h-sí,捏死
nih-kha-bué,躡腳尾
nih-nih-bāng,nih-nih望
nih-nih-khuànn,nih-nih看
nih-sinnh,nih閃
nih-sinnh-kuí,吝嗇鬼
ni-khau,拈鬮
ni-khí,奶齒
ni-leh-khàng,捏勒控
ni-lo̍k,奶酪
ni-miâ,奶名
ni-phè-á,奶phè仔
ni-phòng,奶碰
ni-pû,奶匏
ni-tà,奶罩
ni-tàu,奶罩
ni-thai,奶胎
ni-thâu,奶頭
ni-thò,奶套
niu,妞
niú,ngiu
niú,扭
niú,兩
niú-iok,紐約
niú-iok-tshī,紐約市
niú-khiok,扭曲
niú-li̍k,扭力
niú-puànn,兩半
niú-siúnn,兩想
niú-siúnn,兩賞
niú-siùnn,兩相
niû,娘
niû,梁
niû,量
niû,樑
niû,糧
niû-á,娘仔
niû-á,量仔
niû-á-bō,娘仔帽
niû-á-tshiū,娘仔樹
niû-á-tsó,娘仔棗
niû-á-hê,娘仔蝦
niû-á-hiā,娘仔蟻
niû-á-hio̍h,娘仔葉
niû-á-ia̍h,娘仔蝶
niû-á-khok,娘仔殼
niû-á-kiánn,娘仔囝
niû-á-kián,娘仔繭
niû-á-kue,娘仔瓜
niû-á-nn̄g,娘仔卵
niû-á-po̍h,娘仔箔
niû-á-sái,娘仔屎
niû-á-si,娘仔絲
niû-á-tāu,娘仔豆
niû-bí,量米
niû-bō,娘帽
niû-tsháu,糧草
niû-tshin,娘親
niû-tshng,糧倉
niû-tsú-kun,娘子軍
niû-kiánn,娘囝
niû-kián,娘繭
niû-kông,樑kông
niû-lé,娘lé
niû-lé-hî,娘lé魚
niû-né,娘né
niû-pē,娘父
niû-si̍t,糧食
niû-si̍t-kio̍k,糧食局
niû-suànn,涼傘
niû-tē,量地
niû-thiāu,梁柱
niū,量
niū,讓
niū-á,量仔
niū-tshiú,讓手
niū-tshut,讓出
niū-hiân,讓賢
niū-hōo,讓給
niū-khui,讓開
niū-lâng,讓人
niū-la̍t,量力
niū-pōo,讓步
niū-tōo,讓渡
niu-niu-á,妞妞仔
nng,nng
nng,掄
nńg,軟
nńg-á-tsînn,軟仔錢
nńg-ám-ám,軟湆湆
nńg-áu,軟拗
nńg-bó,軟母
nńg-bó-á,軟母仔
nńg-tshiú,軟手
nńg-tshn̂g,軟床
nńg-tsiánn,軟tsiánn
nńg-tsiánn,軟汫
nńg-tsînn,軟錢
nńg-tsiuh-tsiuh,軟啁啁
nńg-tsuí,軟水
nńg-gê,軟牙
nńg-hāinn-hāinn,軟哼哼
nńg-huà,軟化
nńg-hop-hop,軟揜揜
nńg-iám,軟掩
nńg-iân,軟鉛
nńg-io̍h-io̍h,軟溢溢
nńg-ioh-ioh,軟溢溢
nńg-kak,軟角
nńg-kâu,軟猴
nńg-kauh-kauh,軟kauh-kauh
nńg-kha,軟腳
nńg-kha-hê,軟腳蝦
nńg-khàm,軟勘
nńg-khang-khuè,軟工課
nńg-kha-pēnn,軟腳病
nńg-khî,軟蜞
nńg-khiū-khiū,軟糗糗
nńg-khuì,軟氣
nńg-kìm,軟禁
nńg-kiō,軟轎
nńg-kiu̍h-kiu̍h,軟趜kiu̍h
nńg-kiunn,軟薑
nńg-ko,軟膏
nńg-kô-kô,軟-手豪
nńg-kô-kô,軟翱翱
nńg-kut,軟骨
nńg-kut-pēnn,軟骨病
nńg-la̍t,軟力
nńg-liám,軟廉
nńg-lio̍h,軟弱
nńg-lio̍h,軟略
nńg-luán,軟軟
nńg-lo̍h,軟落
nńg-lōo,軟路
nńg-lōo-tsînn,軟路錢
nńg-lōo-sit,軟路穡
nńg-lūn,軟韌
nńg-pháng-pháng,軟紡紡
nńg-phìnn,軟片
nńg-pit,軟筆
nńg-poo,軟晡
nńg-puî,軟肥
nńg-sái,軟屎
nńg-sik,軟式
nńg-sìng,軟性
nńg-sim,軟心
nńg-sìm-tshn̂g,軟gìm床
nńg-sìm-sìm,軟gìm-gìm
nńg-sìm-sìm,軟sìm-sìm
nńg-siô-siô,軟siô-siô
nńg-siô-siô,軟苕苕
nńg-sng,軟痠
nńg-sng,軟酸
nńg-sńg,軟爽
nńg-sô-sô,軟sô-sô
nńg-sô-sô,軟
nńg-suànn,軟線
nńg-suê-suê,軟垂垂
nńg-thé,軟體
nńg-thn̂g,軟糖
nńg-thui,軟梯
nńg-to-á,軟刀仔
nńg-tóo,軟肚
nǹg,nǹg
nǹg-tsǹg,nǹg鑽
nǹg-tsǹg,趡鑽
nǹg-khang,趡空
nn̂g,nn̂g
nn̂g,郎
nn̂g,崙
nn̂g,瓤
nn̂g,釀
nn̄g,卵
nn̄g,兩
nn̄g-bīn,兩面
nn̄g-bué-á,卵尾仔
nn̄g-tsâu,卵巢
nn̄g-tshing,卵清
nn̄g-ê-tshiú,兩個手
nn̄g-hong-bīn,兩方面
nn̄g-hún,卵粉
nn̄g-i,兩伊
nn̄g-iūnn-sim,兩樣心
nn̄g-jîn,卵仁
nn̄g-khak,卵殼
nn̄g-lîn,卵仁
nn̄g-pau,卵包
nn̄g-pe̍h,卵白
nn̄g-peh-tsit,卵白質
nn̄g-pîng,兩爿
nn̄g-pîng,兩旁
nn̄g-phiat-tshiu,兩撇鬚
nn̄g-phòo-lōo,兩鋪路
nn̄g-puē,兩倍
nn̄g-poo,兩晡
nn̄g-pōo-puànn,兩步半
nn̄g-sûn,兩巡
nn̄g-tè,卵塊
nn̄g-tîng,兩層
nn̄g-tîng-tshin,兩重親
nn̄g-tuann,卵蛋
nn̄g-tuann,卵端
nn̄g-ū-hîng,卵有形
nuá,nuá
nuá-tshuánn,撋琖
nuá-kué,nuá粿
nuá-mī-hún,nuá麵粉
nuá-mī-hún,撋麵粉
nuà,nuà
nuà,淖
nuâ,攔
nuâ,欄
nuâ-tsa̍h,攔閘
nuâ-tsa̍h,攔截
nuâ-tsue̍h,攔截
nuâ-tsóo,攔阻
nuâ--leh,攔leh
nuâ-thâu,攔頭
nuâ-thâu,欄頭
nuā,僆
nuā,賴
nuā,懶
nuā,瀾
nuā,爛
nuā-tsè,賴債
nuā-tshiu,瀾鬚
nuā-tshué-tshué,爛髓髓
nuā-tsiùnn-tsiùnn,爛漿漿
nuā-tsô,瀾槽
nuā-tsuânn,瀾泉
nuā-tsuânn,瀾殘
nuā-tsuānn,懶賤
nuā-tsuānn,爛賤
nuā-tsuānn,爛濺
nuā-hiú-hiú,爛朽朽
nuā-hop-hop,爛揜揜
nuā-kài,爛疥
nuā-kè,爛kè
nuā-khì,爛去
nuā-khî,爛蜞
nuā-kôo-kôo,爛糊糊
nuā-lia̍p-á,爛粒仔
nuā-lok-lok,爛橐橐
nuā-nuā,懶懶
nuā-sìng,懶性
nuā-sìng,爛性
nuā-sìng-tē,懶性地
nuā-sì,懶勢
nuā-sián,爛癬
nuā-siàu,爛數
nuā-sim-bo̍k,爛心木
nuā-suê,瀾垂
nuā-suê-á,瀾垂仔
nuā-thiāu,爛柱
nuā-thuann-thâu,爛攤頭
nuā-thôo,爛土
nuā-thôo-muâi,爛土糜
nóo-siàu,老少
nôo-ui,挪威
nōo,兩
nōo,懦
nōo-khì,怒氣
nōo-nōo,懦懦
nōo-sìng,懦性
nōo-sì,懦勢
o,o
o,呵
o,阿
o,窩
o,蒿
ó,襖
ò-biāu,奧妙
ò-tsiu,澳洲
ò-giô,薁蕘
ò-hî,奧魚
ò-lo̍h,懊落
ò-mn̂g,澳門
ò-uān,奧援
ò-pì,奧秘
ò-su-khah,奧斯卡
ò-su-lio̍k,奧斯陸
ò-tē-lī,奧地利
ò-ūn,奧運
ò-ūn-huē,奧運會
ô,蚵
ô-á,蚵仔
ô-á,蠔仔
ô-á-tsian,蚵仔煎
ô-á-kiâm,蚵仔鹹
ô-á-lìn,蚵仔輾
ô-á-tau,蚵仔兜
ô-tsìnn,蚵糋
ô-iû,蚵油
ô-khak-hue,蠔殼灰
ô-khak-hu,蠔殼灰
ô-kiànn,蠔鏡
ô-kinn,蚵羹
ô-lún,蚝碾
ô-pôo,蚵酺
ô-thng,蚵湯
ua,蛙
uá,瓦
uá,倚
uá-àm,倚暗
uá-beh,倚欲
uá-boh,倚欲
uá-tseh,倚節
uá-tshia,倚車
uá-tsia̍h,倚食
uá-tsûn,倚船
uá-hái,倚海
uá-hâng,倚行
uá-huānn,倚岸
uá-huānn,倚按
uá-hué-si̍t,倚伙食
uá-ì,倚意
uá-iūnn,倚樣
uá-kái,瓦解
uá-ke,倚街
uá-khò,倚靠
uá-kīn,倚近
uá-kui-pîng,倚歸爿
uá-lí,倚理
uá-luā,倚賴
uá-nî,倚年
uá-nuā,倚賴
uá-uá,倚倚
uá-phīng,倚並
uá-phian-pinn,倚偏邊
uá-piah,倚壁
uá-pinn,倚邊
uá-pn̄g,倚傍
uá-sì,倚勢
uá-sin,倚身
uá-su,瓦斯
uá-tàu,倚晝
uá-tiōng,倚重
uá-tuà,倚帶
uá-ūn-tha̍k,倚韻讀
uà,化
uà-tsio̍h-tshiū,化石樹
uâ,uâ
uâ,何
uā-bî,畫眉
uā-tshing,劃清
uā-ti̍k,瓦特
ua-á,哇仔
ua-tsú,哇子
ua̍h,活
ua̍h-beh,活欲
ua̍h-tsuánn,活泉
ua̍h-tsuí,活水
ua̍h-tsûn,活存
ua̍h-íng,活影
ua̍h-gán,活眼
ua̍h-hiánn,活顯
ua̍h-hué-suann,活火山
ua̍h-huē,活會
ua̍h-hu̍t,活佛
ua̍h-kat,活結
ua̍h-kàu,活到
ua̍h-kíng,活景
ua̍h-khàu,活扣
ua̍h-khàu,活釦
ua̍h-khì,活氣
ua̍h-khuì,活氣
ua̍h-kî,活期
ua̍h-kin,活根
ua̍h-kuí,活鬼
ua̍h-kuí-á,活鬼仔
ua̍h-kut,活骨
ua̍h-lāi,活利
ua̍h-lâng,活人
ua̍h-li̍k,活力
ua̍h-lìng-lìng,活lìng-lìng
ua̍h-lìng-lìng,活踜踜
ua̍h-lîng-lîng,活龍龍
ua̍h-lia̍h,活lia̍h
ua̍h-lia̍h,活掠
ua̍h-liu-liu,活溜溜
ua̍h--lo̍h-khì,活下去
ua̍h-lōo,活路
ua̍h-mn̂g,活門
ua̍h-ua̍h,活活
ua̍h-pán-á,活扳仔
ua̍h-pháinn-miā,活歹命
ua̍h-phuat,活潑
ua̍h-phut-phut,活撲撲
ua̍h-pîn,活屏
ua̍h-pu̍t,活佛
ua̍h-sìng,活性
ua̍h-sìng-thuànn,活性碳
ua̍h-sng,活栓
ua̍h-tâi,活埋
ua̍h-tāng,活動
ua̍h-tauh,活tauh
ua̍h-that,活that
ua̍h-thé,活體
ua̍h-thiàu,活跳
ua̍h-thiàu-thiàu,活跳跳
ua̍h-tōng-li̍k,活動力
uai,歪
uái-á-soh,uái仔索
uai-á-soh,歪仔索
uai-ām,歪頷
uai-bué-thô,歪尾桃
uai-tshua̍h,歪tshua̍h
uai-tshua̍h,歪斜
uai-tshuì,歪嘴
uai-tsi̍t-pîng,歪一爿
uai-tsi̍t-phé,歪一phoe
ua̍ih,ua̍ih
uainnh--tio̍h,uainnh著
uai-hong,歪風
uai-khiok,歪曲
uai-ko,歪哥
uai-ko,歪篙
uai-ko-àn,歪篙案
uai-ko-tsînn,歪篙錢
uai-lōo,歪路
uainn,uainn
uainn,彎
uainn,灣
uáinn,uáinn
uainn--lâng,彎人
uai-sim,歪心
uai-thâu,歪頭
uai-thâu-tshài,歪頭菜
uai-ûn,歪勻
ua-ke,哇雞
uann,垵
uan,冤
uann,鞍
uan,彎
uan,灣
uán,莞
uánn,腕
uánn,碗
uán,遠
uánn-á-hue,碗仔花
uánn-bí,碗米
uánn-bí-á,碗米仔
uánn-bō,碗帽
uánn-bué,碗尾
uán-bōng,遠望
uán-bōng-tâi,遠望台
uánn-tsâi,碗臍
uánn-tsân,碗殘
uán-tsáu,遠走
uán-tsing,遠征
uán-tshin,遠親
uán-tshù,遠處
uán-tsì,遠志
uán-tsiok,遠足
uán-tsuán,婉轉
uán-giân,婉言
uán-hîng,遠行
uánn-hue,碗花
uán-hué,玩火
uán-hong,遠方
uán-in,遠因
uánn-iô,碗窯
uánn-io̍h,碗藥
uán-iûnn,遠洋
uán-jiân,宛然
uán-kíng,遠景
uán-kheh,遠客
uán-kī,婉拒
uán-kiàn,遠見
uánn-kînn,碗kînn
uánn-kînn,碗舷
uán-kīn,遠近
uánn-ko,碗糕
uánn-kué,碗粿
uánn-ko-kué,碗糕粿
uánn-kong,碗公
uánn-kong-hue,碗公花
uánn-kong-le,碗公裂
uánn-ko-sô,碗糕sô
uánn-koo-tsui,碗鉤錐
uánn-ku,碗龜
uán-lâi,遠來
uán-lī,遠離
uán-lōng,玩弄
uánn-uann,碗鞍
uánn-phiat,碗
uánn-phuè,碗
uánn-puânn,碗盤
uán-pòo,遠播
uán-sī,遠視
uán-siā,婉謝
uán-sióng,玩賞
uán-sû,婉辭
uán-tāi,遠大
uánn-táu,碗斗
uán-tāu,豌豆
uán-tāu-tshng,豌豆瘡
uánn-té,碗底
uán-tē,遠地
uán-thiàu,遠眺
uánn-thn̄g,碗碭
uánn-thôo,碗土
uánn-tī,碗箸
uán-tō,遠道
uán-tong,遠東
uán-tong-khu,遠東區
uánn-tû,碗櫥
uánn-tûn,碗唇
uàn,怨
uànn,晏
uàn-tsheh,怨慼
uànn-tshueh,怨慼
uàn-giân,怨言
uàn-hīn,怨恨
uànn-hun,晏婚
uàn-ji̍p-kut,怨入骨
uàn-ji̍p-sim,怨入心
uànn-kàu,晏到
uànn-khí--lâi,晏起來
uànn-khùn,晏睏
uàn-kuè,怨怪
uànn-lâi,晏來
uàn-siann,怨聲
uàn-té,怨底
uàn-thàn,怨嘆
uàn-thinn,怨天
uànn-tiám,晏點
uànn-toh,案桌
uàn-tòo,怨妒
uân,丸
uân,完
uân,員
uân,袁
uân-á,丸仔
uân-á,原仔
uân-ā,原也
uân-bāng,完夢
uân-bāng,圓夢
uân-bí,完美
uân-buán,圓滿
uân-bûn,轅門
uân-tsíng,完整
uân-tsíng-sìng,完整性
uân-tshe,員差
uân-tsînn-niû,完錢糧
uân-tsi̍p,圓寂
uân-tsuân,完全
uân-gē,園藝
uân-guē,員外
uân-hiòng,完餉
uân-hó,完好
uân-hun,完婚
uân-ín,援引
uân-iû-huē,園遊會
uân-kang,完工
uân-kang,員工
uân-kíng,員警
uân-kiat,完結
uân-kong-bâi,圓拱眉
uân-kong-kiô,圓拱橋
uân-kong-mn̂g,圓拱門
uân-kong-mn̂g,灣拱門
uân-lîm,員林
uân-uē,圓話
uân-phìng,完聘
uân-phûn,完盆
uân-pī,完備
uân-pit,完畢
uân-pó,元寶
uân-pó,圓寶
uân-sîng,完成
uân-siān,完善
uân-sian-bāng,完仙夢
uân-suè,完稅
uân-ting,園丁
uân-thong,圓通
uānn,換
uān,緩
uānn-âng,換紅
uānn-bīn,換面
uānn-tsai,換栽
uānn-tsìng,換種
uānn-tshia,換車
uān-tshiú,援手
uānn-tshiú,換手
uānn-tshuì,換嘴
uānn-tshuì-khí,換嘴齒
uānn-tsînn,換錢
uānn--tsit-ē,換一下
uānn-tsò,換做
uānn-tsong,換裝
uān-tsōo,援助
uān-tsōo-tsiá,援助者
uānn-tsún,換準
uānn-hâng,換行
uān-hîng,緩刑
uānn-hông,換防
uān-ín,援引
uānn-iok,換約
uān-iōng,援用
uānn-kang,換工
uānn-kháu-bī,換口味
uānn-khí,換齒
uānn-khì,換氣
uānn-khì-lâi,換起來
uān-kî,緩期
uān-kiù,援救
uānn-lâi,換來
uānn-lâng,換人
uānn-ling-khí,換乳齒
uānn-li̍t,換日
uānn-mn̂g,換毛
uānn-moo,換毛
uān-nā,uān-nā
uān-nî-hō,換年號
uānn-nî-kō,換年號
uānn-ni-khí,換奶齒
uānn-pái,換擺
uānn-pîng,換爿
uānn-phoo,換舖
uānn-sak,換sak
uānn-sann,換衫
uānn-sann-khòo,換衫褲
uānn-sin,換新
uānn-sǹg,換算
uānn-suánn-tsînn,換散錢
uānn-tang,換冬
uānn-thâu-lōo,換頭路
uānn-thiap,換帖
uānn-thiap-ê,換帖個
uānn-tiâu-tē,換朝代
uānn-tiāu,換掉
uānn-tôo,換途
uānn-tōo,換肚
uānn-uī,換位
uan-bē-suah,冤bē煞
uan-tsîng,冤情
uan-ē,冤禍
uang,嚾
uan-ga̍k,冤獄
uang-kuah,嚾葛
uang-kui-tóng,嚾歸黨
uang-uang-lâu,汪汪流
uan-hûn,冤魂
uan-iunn,鴛鴦
uan-iunn,螉蠮
uan-iunn-io,螉蠮腰
uan-iunn-phang,螉蠮蜂
uan-ke,冤家
uan-ke-tsú,冤家主
uan-ke-lâng,冤家人
uan-khiau,彎曲
uan-khiau,彎蹺
uan-khuân-lōo,灣圈路
uan-khûn,彎蜷
uan-khut,冤屈
uan-kiong,彎弓
uan-kiong-kiô,彎弓橋
uan-kiong-mn̂g,彎弓門
uan-kuí,冤鬼
uan-ná,oan-ná
uan-uan,彎彎
uan-uat,彎斡
uan-uat-lōo,彎斡路
uan-óng,冤枉
uan-óng-lōo,冤枉路
uan-siû,冤仇
uan-siû,冤讎
uan-siû-lâng,冤仇人
uan-siû-lâng,冤讎人
uan-suànn,彎線
uan-to,彎刀
ua-sá-bih,oa-sá-bih
uat,斡
ua̍t,曰
ua̍t,越
ua̍t,粵
ua̍t-tsiàn,越戰
ua̍t-iûnn,越洋
ua̍t-jú,越愈
ua̍t-kài,越界
ua̍t-khuân,越權
ua̍t-khu,越區
ua̍t-kio̍k,越劇
ua̍t-kip,越級
ua̍t-kǹg,閱卷
ua̍t-kuân,越權
ua̍t-lám,閱覽
ua̍t-lám-sik,閱覽室
ua̍t-lâm,越南
ua̍t-liām,越念
ua̍t-liām,越唸
ua̍t-liām,閱念
ua̍t-liām-tsheh,越念冊
ua̍t-lú,越愈
ua̍t-ua̍t,越越
ua̍t-siá,越寫
ua̍t-thâu,越頭
ua̍t-thâu,斡頭
ua̍t-thâu-khuànn,越頭看
ua̍t-tho̍k,閱讀
ua̍t-tńg-sin,越轉身
ua̍t-tó-sin,越倒身
uat-tshiú,斡手
uat-tsiànn-pîng,斡正爿
uat-tsit-pîng,斡這平
uat-kak,斡角
uat-lìn-tńg,斡輾轉
uat-uan,斡彎
uat-uan-kóng,斡彎栱
uat-suân,斡旋
uat-thâu,斡頭
uat-tńg,斡轉
uat-tńg-kha,斡轉腳
uat-tńg-sin,斡轉身
uat-tó-tńg,斡倒轉
uat-tò-pîng,斡倒爿
uat-tò-tńg,斡倒轉
o-tso,阿糟
ue,oe
ue,挨
ue,堝
ue,椏
ué,挖
ué-hīnn-sái,挖耳屎
ué-khang,挖孔
ué-phīnn-sái,挖鼻屎
ué-siat,猥褻
ué-thôo-tshia,挖土車
uè,挩
uè,穢
uè-khì,穢氣
uè-lah-sap,穢垃圾
uè-lâng,穢人
uè--lâng,穢人
uè-mi̍h-kiānn,挩物件
uè-sè,穢世
uè-suè,穢撒
uè-tio̍h,穢著
uè-tio̍h-lâng,穢著人
uê-tshuê,捱摧
uē,畫
uē,話
uē,劃
uē,衛
uē-bâi,畫眉
uē-bián,衛冕
uē-bó,話母
uē-bué,話尾
uē-tsheh,畫冊
uē-tshenn,話星
uē-tshenn,衛星
uē-tshut,畫出
uē-tshut,劃出
uē-tsiam,話尖
uē-tsng,畫妝
uē-tsuá,畫紙
uē-tsuē,話儕
uē-i̍k,衛浴
uē-īng--tsit,會用得
uē-īng--tit,會用得
uē-hìng,話興
uē-hiáu,會曉
uē-hiáu--tsit,會曉得
uē-hiáu--tit,會曉得
uē-hō,畫號
uē-huat,劃法
uē-huē,畫會
uē-hóo-lān,畫虎lān
uē-hóo-lān,畫虎膦
uē-hóo-niau,畫虎貓
uē-hû,畫符
uē-hû-á,畫符仔
uē-hun,畫分
uē-hun,劃分
uē-ì,話意
uē-ín,話引
uē-it,劃一
uē-jîn,話仁
uē-ka,畫家
uē-kài,劃界
uē-khiunn,話腔
uē-khuán,話款
uē-ki,話機
uē-kio̍k,話劇
uē-kuà-kut,話掛骨
uē-kuan,話關
uē-kui,劃歸
uē-kut,話骨
uē-lîn,話仁
uē-lông,畫廊
uē-mn̂g,話門
uē-pènn,話柄
uē-ping,衛兵
uē-phāng,話縫
uē-phoh,話粕
uē-pit,畫筆
uē-pò,畫報
uē-puah,劃撥
uē-pòo,畫布
uē-sái,話屎
uē-san-suí,畫山水
uē-sat,話虱
uē-sik,畫室
uē-sing,衛生
uē-sing,衛星
uē-sing-tshù,衛生處
uē-sing-tsuá,衛生紙
uē-sing-i,衛生衣
uē-sing-kio̍k,衛生局
uē-sing-mî,衛生棉
uē-sing-pōo,衛生部
uē-sing-sann,衛生衫
uē-sing-sóo,衛生所
uē-sing-sú,衛生署
uē-sî-tāi,劃時代
uē-sian,畫仙
uē-sian,話仙
uē-siong,畫商
uē-siōng,畫像
uē-sng,話栓
uē-suànn,畫線
uē-sueh,話說
uē-ta̍h-thut,話踏脫
uē-tàng,會當
uē-tâng,話筒
uē-tê,話題
uē-tīng,劃定
uē-thâu,話頭
uē-tián,畫展
uē-tit,會得
uē-tō,衛道
uē-tuan,話端
uē-tôo,畫圖
uē-tū,話注
uē-tuī,衛隊
ue-á,鍋仔
ue-á-tshài,萵仔菜
ue-tshue-tshiùnn,挨吹唱
ue-tshue-phah,挨吹拍
ue-tsiūnn,挨癢
ue̍h,劃
ue-khueh,挨khoeh
ue-kuà-hî,鍋蓋魚
ue-kuè-sin,挨過身
ue-m̄-kiânn,挨m̄行
ue-uá,偎倚
ue-ue-tńg,挨挨轉
ue-suah,挨煞
ue-sueh,偎揳
ue-the,挨推
oh,oh
o̍h,學
o̍h-á,學仔
o̍h-bē-hiáu,學bē曉
o̍h-tsing,學精
o̍h-tshiú-gē,學手藝
o̍h-iūnn,學樣
o̍h-kang-hu,學工夫
o̍h-khiáu,學巧
o̍h-kuai,學乖
o̍h--lâng,學人
o̍h-uē,學話
o̍h-pháinn,學歹
o̍h-siá-jī,學寫字
o̍h-tio̍h,學著
o̍h-tn̂g,學堂
o̍h-tn̂g-sing,學堂生
oh-tshia,oh車
oh-tshú,oh取
oh-tshut-sì,oh出世
oh-kuè,oh過
oh-koh-oh,oh閣oh
oh-kóng,oh講
oh-lo̍h,oh落
oh-pān,oh辦
oh-pháng,oh紡
oh-pí,oh比
oh-siang-tshú,oh相處
oh-tàu,oh鬥
oh-thàn,oh趁
oh-tit,oh得
oh--tit,oh得
oh-tit-kóng,oh得講
ok,屋
ok,惡
o-ka,窩家
o-ka-tsuē,窩家罪
ok-bāng,惡夢
ok-bé,惡馬
ok-bīn,惡面
ok-tsik,惡跡
ok-tsìng,惡症
ok-tshih-tshih,惡chhih-chhih
ok-tshok,齷齪
ok-tsiáu,惡鳥
ok-tsit,惡質
ok-tsi̍t,惡疾
ok-tsiú,惡酒
ok-tsuâ,惡蛇
ok-hîng,惡行
ok-huà,惡化
ok-hū,惡婦
ok-ì,惡意
ok-kám,惡感
ok-kheh,惡客
ok-khia̍k-khia̍k,惡khia̍k-khia̍k
ok-khia̍t-khia̍t,惡khia̍t-khia̍t
ok-kó,惡果
ok-kuí,惡鬼
ok-kut,惡骨
ok-lâng,惡人
ok-lē,惡例
ok-lîng,惡靈
ok-liām,惡念
ok-liu,惡溜
ok-môo,惡魔
ok-uē,惡話
ok-pà,惡霸
ok-pà-pà,惡霸霸
ok-pi̍k-pi̍k,惡pi̍k-pi̍k
ok-póo,惡補
ok-sìng,惡性
ok-sì,惡勢
ok-sì-li̍k,惡勢力
ok-sián,惡癬
ok-sim,惡心
ok-sîn,惡神
ok-si̍p,惡習
ok-suah,惡煞
ok-to̍k,惡毒
ok-to̍k-jua̍h,惡毒熱
ok-to̍k-mi̍h,惡毒物
ok-to̍k-pōo,惡毒步
o-ló,o-ló
o-lûn,渦輪
om,om
ōm,蓊
ōm-iánn,蓊影
om-ba̍k-ke,掩目雞
ònn-ònn-jióng,ònn-ònn嚷
ong,鶲
óng,往
óng,枉
óng-tsín,往診
óng-hā,往下
óng-hiō,往後
óng-huat,枉法
óng-huê,往回
óng-huê-tuann,往回單
óng-ho̍k,往復
óng-ho̍k-tuann,往復單
óng-hōo,往後
óng-huì,枉費
óng-jiân,枉然
óng-ji̍t,往日
óng-kè,往路
óng-khut,枉屈
óng-lâi,往來
óng-lē,往例
óng-nî,往年
óng-óng,往往
óng-sik,往昔
óng-sing,往生
óng-sí,枉死
óng-sí-siânn,枉死城
óng-sî,往時
óng-siāng,往上
óng-siông,往常
óng-siông-sî,往常時
óng-sū,往事
óng-tang-sî,往當時
ông,王
ông-bó,王母
ông-bō,王帽
ông-tsìng,王政
ông-tshin,王親
ông-tsō,王座
ông-tsú,王子
ông-tsûn,王船
ông-ha̍k,王學
ông-huat,王法
ông-hōo,王后
ông-hú,王府
ông-hui,王妃
ông-î-hî,王餘魚
ông-iâ,王爺
ông-iâ-tsè,王爺債
ông-iâ-tsûn,王爺船
ông-kiàn-hiān,王見現
ông-kiong,王宮
ông-kuan,王冠
ông-kue,王瓜
ông-kok,王國
ông-kong,王公
ông-lâi,王梨
ông-lâi-tsháu,王梨草
ông-lo̍k-á,王祿仔
ông-lo̍k-sian,王祿仙
ông-pâi,王牌
ông-sik,王室
ông-siânn,王城
ông-sim,王心
ông-tâi,王台
ông-thû,王儲
ông-tiâu,王朝
ông-tō,王道
ông-ui,王威
ông-uī,王位
ōng,旺
ōng-tshài-khuah,王菜闊
ōng-tshiú,旺手
ōng-hué,旺火
ōng-iām,旺艷
ōng-khì,旺氣
ōng-khuì,旺氣
ōng-kuì,旺季
ōng-lâi-kuah,旺梨葛
ōng-sīng,旺盛
ōng-sì,旺勢
ong-iông,汪洋
ong-su,盎司
onn-onn-khùn,onn-onn睏
oo,烏
oo,鄔
oo,鷗
óo,óo
óo,挖
óo-tshàu-khang,搗臭空
óo-tshiûnn-kha,挖牆腳
óo-tshut,挖出
óo-thóo-ki,挖土機
óo-thôo,óo土
òo-bà,òo-bà
òo-giô,ò--giô
ôo,弧
ôo,哦
ôo,壺
ôo,湖
ôo-tsi-muâ,胡脂麻
ôo-tsuí,湖水
ôo-hîng,弧形
ôo-ke,弧家
ôo-kháu,湖口
ôo-khîm,胡琴
ôo-khu,湖區
ôo-lâm,湖南
ôo-lâm-síng,湖南省
ôo-lâu,湖流
ôo-muâ-bián,胡麻鮸
ôo-pak,湖北
ôo-pak-síng,湖北省
ôo-pin,湖濱
ôo-puān,湖畔
ôo-po̍h,湖泊
ôo-se,湖西
ôo-sim,湖心
ôo-thô,胡桃
ôo-tia̍p,蝴蝶
ôo-tia̍p-hue,蝴蝶花
ôo-tia̍p-lân,蝴蝶蘭
ôo-tông,胡桐
ōo,芋
ōo-á,芋仔
ōo-á-ping,芋仔冰
ōo-tsó,芋棗
ōo-huâinn,芋莖
ōo-înn-thâu,芋圓頭
ōo-jiông,芋絨
ōo-ké,芋粿
ōo-kiâm,芋鹹
ōo-kinn,芋羹
ōo-kué,芋粿
ōo-lê,芋螺
ōo-liông,芋絨
ōo-lû-thâu,芋顱頭
ōo-nî,芋泥
ōo-nn̄g,芋卵
ōo-ping,芋冰
ōo-pô,芋婆
oo-a,烏鴉
oo-á,烏仔
oo-á-hî,烏仔魚
oo-á-io̍h,烏仔藥
oo-á-m̂,烏仔梅
oo-á-tāu,烏仔豆
oo-a-tshuì,烏鴉嘴
oo-ah-thâng,烏鴨蟲
oo-a-lîng,烏鴉翎
oo-àm,烏暗
oo-àm-àm,烏暗暗
oo-àm-bong,烏暗摸
oo-àm-tshiunn,烏暗鯧
oo-àm-hîn,烏暗眩
oo-àm-mê,烏暗暝
oo-àm-thinn,烏暗天
oo-àng-tshǹg,烏甕串
oo-âng,烏紅
oo-âng-tah,烏紅搭
oo-áu,烏拗
oo-àu-hueh,烏àu血
oo-âu,烏喉
oo-âu-thâng,烏喉蟲
oo-bá-sáng,oo-bá-sáng
oo-bah,烏肉
oo-bah-ke,烏肉雞
oo-bah-té,烏肉底
oo-ba̍k,烏木
oo-ba̍k,烏墨
oo-ba̍k-á,烏目仔
oo-ba̍k-ba̍k,烏墨墨
oo-ba̍k-jîn,烏目仁
oo-ba̍k-kiànn,烏目鏡
oo-ba̍k-kînn,烏目墘
oo-bé,烏馬
oo-bián,烏鮸
oo-bīn-bé,烏面馬
oo-bīn-tsha̍t,烏面賊
oo-bīn-huan,烏面番
oo-bīn-kâu,烏面猴
oo-bīn-pn̄g,烏面飯
oo-bué-ke,烏尾雞
oo-bué-tang,烏尾冬
oo-bōo,黑幕
oo-bû-siông,烏無常
oo-buí-á,烏buí仔
oo-tsâi,烏材
oo-tsâi-khī,烏材柿
oo-tsang,烏鬃
oo-tsap-tsap,烏汁汁
oo-tsik-á,烏鯽仔
oo-tsenn,烏晶
oo-tsíng,烏種
oo-tshân-oo,烏田烏
oo-tshàu-tshàu,烏臭臭
oo-tshenn,烏青
oo-tshîng,烏榕
oo-tshì-á,烏刺仔
oo-tshì-kiô,烏刺茄
oo-tshī,烏市
oo-tshiah,烏赤
oo-tshiok,烏鵲
oo-tshiu,烏鶖
oo-tshiú,烏手
oo-tshiū,烏樹
oo-tshiū-á,烏樹仔
oo-tshiunn,烏鯧
oo-tshòo,烏醋
oo-tshuì-gû,烏嘴牛
oo-tshuì-oo,烏嘴鷗
oo-tsia̍h-oo,烏食烏
oo-tsiam,烏尖
oo-tsiap-tsiap,烏汁汁
oo-tsînn,烏錢
oo-tsiuh-tsiuh,烏啁啁
oo-tsó,烏棗
oo-tsuâ,烏蛇
oo-tsuí-tsenn,烏水晶
oo-tsuí-ke,烏水雞
oo-tsut-á,烏卒仔
oo-tsut-tsut,烏chut-chut
oo-giô,烏蟯
oo-hái-tsuí,烏海水
oo-ham,烏蚶
oo-ham-kuê,烏蚶鮭
oo-hang,烏魴
oo-hing-hing,烏脝脝
oo-hî,烏魚
oo-hî-tsí,烏魚子
oo-hî-kui,烏魚kui
oo-hî-lông,烏魚郎
oo-hī-muâ,烏耳鰻
oo-hia,烏靴
oo-hiánn,烏顯
oo-hîm,烏熊
oo-hīnn,烏耳
oo-hīnn-muâ,烏耳鰻
oo-hng,烏昏
oo-hng,烏荒
oo-huánn,烏幻
oo-hue,烏灰
oo-huè,烏貨
oo-hōo,烏戶
oo-huî,烏瓷
oo-hun,烏煙
oo-hun,烏熏
oo-hun,烏薰
oo-hûn,烏雲
oo-hûn-bó,烏云母
oo-hûn-pà,烏雲豹
oo-hun-tshue,烏熏吹
oo-hun-tshue,烏薰吹
oo-hun-hue,烏燻花
oo-hun-ko,烏熏膏
oo-ian,烏煙
oo-ián,oo-ián
oo-iánn,烏影
oo-iánn-tānn,烏影誕
oo-ian-thûn,烏煙塵
oo-im,烏陰
oo-ìm-ìm,烏蔭蔭
oo-im-hōo,烏陰雨
oo-im-kuânn,烏陰寒
oo-im-thinn,烏陰天
oo-io̍h,烏藥
oo-iú,烏有
oo-iù,烏幼
oo-iû,烏油
oo-iû-sam,烏油杉
oo-jí-á,烏jí仔
oo-jí-sáng,oo-jí-sáng
oo-jîn,烏仁
oo-jiông-ke,烏絨雞
oo-ji̍t,烏日
oo-kak-phang,烏角蜂
oo-kam,烏甘
oo-kam-á,烏柑仔
oo-káu,烏狗
oo-káu-bó,烏狗母
oo-kâu,烏猴
oo-ke-á,烏雞仔
oo-keh-á,烏格仔
oo-ke-kut,烏雞骨
oo-kha,烏腳
oo-kha-báng,烏腳蚊
oo-kha-hiunn,烏腳香
oo-kha-hûn,烏腳雲
oo-kha-kueh,烏腳蕨
oo-khâm-khâm,烏khâm-khâm
oo-kha-oo,烏腳烏
oo-khik-lân,烏克蘭
oo-khīng,烏虹
oo-khia̍t,烏戛
oo-khia̍t-khia̍t,烏戛戛
oo-khi̍t,烏杙
oo-ki,烏磯
oo-kì,烏痣
oo-kim,烏金
oo-kim-kim,烏金金
oo-kim-ku̍t,烏金滑
oo-ki-uân,烏磯猿
oo-kńg,烏管
oo-kuânn,烏寒
oo-kuânn-thinn,烏寒天
oo-koo-hî,烏姑魚
oo-koo-lok,窩哥落
oo-ku,烏龜
oo-kú,烏韭
oo-ku-á,烏龜仔
oo-kui,烏龜
oo-kuí,烏鬼
oo-kuí-kuí,烏鬼鬼
oo-kuí-poo,烏鬼埔
oo-kuí-tōng,烏鬼洞
oo-kui-liāng,烏龜量
oo-kui-pô,烏龜婆
oo-kui-sìng,烏龜性
oo-kui-sîn,烏龜神
oo-kui-thâu,烏龜頭
oo-ku-thâng,烏蛄蟲
oo-kut-jiâu,烏骨鱙
oo-kut-ke,烏骨雞
oo-lá-kui,烏拉圭
oo-lâng,烏人
oo-lang-lang,烏lang-lang
oo-lang-lang,烏籠籠
oo-li̍k,烏綠
oo-lîng-á,烏龍仔
oo-liam,烏拈
oo-liám-m̂,烏蘞莓
oo-liân,烏鰱
oo-lín-gió,oo-lín-gió
oo-lîn,烏仁
oo-liông,烏龍
oo-liông-tê,烏龍茶
oo-liu,烏鰡
oo-lok-tōo,烏漉肚
oo-lo-so,烏囉嗦
oo-lu-lu,烏茹茹
oo-lut-lut,烏甪甪
oo-m̂,烏梅
oo-mà-mà,烏mà-mà
oo-ma-ma,烏哞哞
oo-miâ-tuann,烏名單
oo-mn̂g,烏毛
oo-muâ,烏麻
oo-muâ,烏鰻
oo-muâ-hî,烏鰻魚
oo-muâ-iû,烏麻油
oo-moo,烏毛
oo-muî,烏梅
onn,捂
ònn,惡
ònn-ònn-lióng,ònn-ònn嚷
ònn-tòo,惡妒
oo-ná,烏那
oo-nâ,窩籃
oo-nâ-tsûn,窩籃船
oo-ngôo,烏鯃
oo-niau,烏貓
oo-niau-niau,烏貓貓
oo-niû-á,烏娘仔
onn-onn-khùn,捂捂睏
onn-sè-kiánn,捂細囝
oo-uē,烏話
oo-pâi,烏牌
oo-pan,烏斑
oo-pán,烏板
oo-pán-tshat,烏板擦
oo-pán-pò,烏板報
oo-pan-báng,烏斑蠓
oo-pang,烏枋
oo-pang,烏幫
oo-pe̍h,烏白
oo-pe̍h-bú,烏白舞
oo-pe̍h-tsènn,烏白諍
oo-pe̍h-tshòng,烏白創
oo-pe̍h-tsia̍h,烏白食
oo-pe̍h-tsu̍t,烏白捽
oo-pe̍h-hut,烏白拂
oo-pe̍h-ioh,烏白臆
oo-pe̍h-kóng,烏白講
oo-pe̍h-lâi,烏白來
oo-pe̍h-luā,烏白賴
oo-pe̍h-mē,烏白罵
oo-pe̍h-nāu,烏白鬧
oo-pe̍h-phìnn,烏白片
oo-pe̍h-puī,烏白吠
oo-pe̍h-siūnn,烏白想
oo-pe̍h-thi̍h,烏白喋
oo-phe,烏批
oo-phiat-á,烏撇仔
oo-phuê-tê,烏皮茶
oo-phuê-ti,烏皮豬
oo-phú,烏昲
oo-sam,烏杉
oo-se,烏紗
oo-se-báng,烏西蠓
oo-se-bō,烏紗帽
oo-sik,烏色
oo-sing-sing,烏猩猩
oo-sian,烏sian
oo-sian-sian,烏sian-sian
oo-sim,烏心
oo-sìm-sìm,烏gìm-gìm
oo-sim-tsio̍h,烏心石
oo-sim-kuann,烏心肝
oo-sim-sim,烏參參
oo-siông,烏松
oo-si̍t-á,烏翼仔
oo-si̍t-pô,烏翅婆
oo-siunn,烏箱
oo-sô-sô,烏sô-sô
oo-sô-sô,烏
oo-sua,烏痧
oo-sua,烏鯊
oo-suann-thâu,烏山頭
oo-sû-á,烏蜍仔
oo-suí,烏suí
oo-suî-á,烏蚋仔
oo-suī,烏穗
oo-suī-pēnn,烏穗病
oo-tâ,烏tâ
oo-tâ,烏焦
oo-tái,烏滓
oo-tái-hueh,烏滓血
oo-ta-kuânn,烏凋寒
oo-ta-sán,烏ta瘦
oo-ta̍t-á,烏笛仔
oo-tāu,烏豆
oo-tāu,烏痘
oo-tik,烏竹
oo-tìng-báng,烏釘蚊
oo-tìng-báng,烏釘蠓
oo-tìng-phang,烏釘蜂
oo-thâng,烏蟲
oo-thâu,烏頭
oo-thâu-tsuâ,烏頭蛇
oo-thé-lī,烏體字
oo-thè,烏楴
oo-thī-ke,烏雉雞
oo-thian-gô,烏天鵝
oo-thn̂g,烏糖
oo-thn̂g-hu̍t,烏糖核
oo-thôo,烏土
oo-tì-á,烏蒂仔
oo-tiám,烏點
oo-tiàm,烏店
oo-ti-ko,烏豬哥
oo-tinn,烏甜
oo-tinn-hio̍h,烏甜葉
oo-tiunn-hui,烏張飛
oo-tn̂g-tōo,烏腸肚
oo-tō,烏道
oo-tóo-bái,oo-tóo-bài
oo-tòo-âng,烏tòo紅
oo-tòo-âng,烏透紅
oo-tòo-tsuá,烏透紙
oo-tōo-thâng,烏肚蟲
pa,pa
pa,巴
pa,叭
pa,疤
pá,pá
pá,飽
pá-ak,把握
pá-bí,飽米
pá-bîn,飽眠
pá-tsa̍t,飽實
pá-tshî,把持
pá-tsiok,飽足
pá-tsuí,飽水
pá-eh,飽呃
pá-ha̍k,飽學
pá-hì,把戲
pá-hong,把風
pá-jîn,飽仁
pá-kah-tsuì,飽佮醉
pá-kik,飽激
pá-koh-uì,飽閣飫
pá-kui,飽kui
pá-lâ,飽膋
pá-láng,把láng
pá-lîn,飽仁
pá-muá,飽滿
pá-uán,把玩
pá-pá,飽飽
pá-pak,飽腹
pá-pìnn,把柄
pá-pù,飽富
pá-siú,把守
pá-siū,飽受
pá-suī,飽穗
pá-tīnn,飽淀
pá-tīnn,飽滇
pá-tiùnn,飽脹
pá-tiùnn,飽漲
pá-tōo,飽肚
pà,豹
pà,霸
pà-tsiàm,霸佔
pà-tsú,霸主
pà-hue,壩灰
pà-khì,霸氣
pà-kuân,霸權
pà-ông,霸王
pà-sìng,霸性
pà-thâu,霸頭
pà-tō,霸道
pâ,爸
pâ-thiông,爬蟲
pā,爸
pā-bián,罷免
pā-tshī,罷市
pā-tshiú,罷手
pā-tsih-loh,罷接咯
pā-hiu,罷休
pā-kà,罷教
pā-kang,罷工
pā-khì,罷氣
pā-khò,罷課
pā-kuann,罷官
pa-tshuì-phé,巴嘴phoe
pa-tsí-lù,pa-tsí-lù
pa-tsiah,巴脊
pa-tsiau-hî,芭蕉魚
pa-tsio,芭蕉
pa-tsiúnn,巴掌
pah,百
pah,佰
pa-ha,巴哈
pah-bān,百萬
pah-tsat-tsuâ,百節蛇
pah-tshut,百出
pah-hio̍h-thang,百葉窗
pah-hue,百花
pah-huè,百貨
pah-huè-gia̍p,百貨業
pah-hun,百分
pah-hun-pí,百分比
pah-hun-tiám,百分點
pah-ia̍p-thang,百葉窗
pah-ji̍t,百日
pah-ji̍t-tshenn,百日青
pah-ji̍t-he,百日痚
pah-ji̍t-hông,百日紅
pah-ji̍t-sàu,百日嗽
pah-kíng-kûn,百襉裙
pah-ki-liân,百枝蓮
pah-lāu-huē,百老匯
pah-li̍t-sàu,百日嗽
pah-nî,百年
pah-nî-āu,百年後
pah-pah-tsíng,百百種
pah-pah-tsióng,百百種
pah-pah-iūnn,百百樣
pah-pah-khang,百百空
pah-pah-khuán,百百款
pah-pēnn,百病
pah-puann,百般
pah-puē,百倍
pah-pōo-tshiunn,百步鎗
pah-pōo-tsuâ,百步蛇
pah-thóng,百捅
pah-tiâu-kin,百條根
pa-hûn,疤痕
pái,跛
pái,擺
pái-á,擺仔
pái-bîng,擺明
pái-tshioh,擺尺
pái-tshut,擺出
pái--tshut-lâi,擺出來
pái--ê,跛的
pái-kha,跛腳
pái-kha,擺腳
pái-kha--ê,跛腳的
pái-lōng,擺弄
pái-uānn,擺換
pái-pái,擺擺
pái-pîng,擺平
pái-puah,擺撥
pái-puē,跛背
pái-pòo,擺佈
pái-siann,擺聲
pái-thāinn,擺態
pái-thè,擺替
pái-thuat,擺脫
pài,拜
pài-ang,拜尪
pài-bōng,pāi墓
pài-bōng,拜墓
pài-tsiann,拜正
pài-tsóo,拜祖
pài-tsóo-tsong,拜祖宗
pài-gue̍h,拜月
pài-gōo,拜五
pài-hāu,拜候
pài-hué-kàu,拜火教
pài-huē,拜會
pài-ho̍k,拜服
pài-hóng,拜訪
pài-hu̍t,拜佛
pài-it,拜一
pài-jī,拜二
pài-kiàn,拜見
pài-kuí,拜幾
pài-la̍k,拜六
pài-nî,拜年
pài-pài,拜拜
pài-pia̍t,拜別
pài-pu̍t,拜佛
pài-sai-hū,拜師傅
pài-sann,拜三
pài-sìng-thé,拜聖體
pài-senn-ji̍t,拜生日
pài-senn-li̍t,拜生日
pài-sì,拜四
pài-siāng-tè,拜上帝
pài-sian-senn,拜先生
pài-sîn,拜神
pài-siū,拜壽
pài-suè-lân,拜歲蘭
pài-táu,拜斗
pài-tîng,拜亭
pài-thàm,拜探
pài-thiap,拜帖
pài-thinn-tē,拜天地
pài-thok,拜托
pài-thok,拜託
pài-tho̍k,拜讀
pài-tn̂g,拜堂
pài-toh,拜桌
pâi,排
pâi,牌
pâi-á,排仔
pâi-á,牌仔
pâi-á-kiáu,牌仔儌
pâi-á-ko,牌仔糕
pâi-á-kut,排仔骨
pâi-á-thâu,排仔頭
pâi-tsê,排齊
pâi-tshiâng,排場
pâi-tshut,排出
pâi--tshut-lâi,排出來
pâi-tsí,排只
pâi-tsí,排祉
pâi-tsiàu,牌照
pâi-tsiò,牌照
pâi-tsú,牌子
pâi-tsuí,排水
pâi-tsuí-kau,排水溝
pâi-tsuí-khang,排水空
pâi-guā,排外
pâi-hâng,排行
pâi-hâng-pńg,排行榜
pâi-hì,排戲
pâi-hiunn-toh,排香桌
pâi-huâi,徘徊
pâi-huê,徘徊
pâi-hóng,排仿
pâi-hòng,排放
pâi-ián,排演
pâi-ìn,排印
pâi-iūnn,排樣
pâi-jī,排字
pâi-jī-tīn,排字陣
pâi-kà-tsú,排架子
pâi-kái,排解
pâi-kàu,排到
pâi-kè,牌價
pâi-khì,排氣
pâi-khì-kóng,排氣管
pâi-khò,排課
pâi-kî-kio̍k,排棋局
pâi-kiû,排球
pâi-kiû-sài,排球賽
pâi-kóo-tóng,排古董
pâi-kut,排骨
pâi-liān,排練
pâi-lia̍t,排列
pâi-luî-tâi,排擂台
pâi-miâ,排名
pâi-mn̂g-bīn,排門面
pâi-nn̄g-kî,排卵期
pâi-uánn-tī,排碗箸
pâi-pan,排班
pâi-pán,排版
pâi-pat-sian,排八仙
pâi-pe̍h,排白
pâi-peh-jī,排八字
pâi-pí,排比
pâi-pián,牌扁
pâi-pián,牌匾
pâi-puânn,排盤
pâi-sià,排卸
pâi-sià,排泄
pâi-sià,排洩
pâi-sian,排仙
pâi-siat,排泄
pâi-siat,排設
pâi-tá-sìng,排他性
pâi-té,牌底
pâi-tē-it,排第一
pâi-tē-kuí,排第幾
pâi-tīng,排定
pâi-thâu-lâi,排頭來
pâi-thâu-tia,排頭爹
pâi-thik,排斥
pâi-thi̍k,排斥
pâi-tî,排除
pâi-tīn,排陣
pâi-tiúnn,排長
pâi-tiûnn,排場
pâi-tuânn,排壇
pâi-toh,排桌
pâi-tuī,排隊
pāi,敗
pāi-bé,敗馬
pāi-tsik,敗績
pāi-tshī,敗市
pāi-tshiú,敗手
pāi-tsiàn,敗戰
pāi-tsiòng,敗將
pāi-hāi,敗害
pāi-hām,敗陷
pāi-hìng,敗興
pāi-hiat,敗血
pāi-hiat-tsìng,敗血症
pāi-huāi,敗壞
pāi-hué,敗火
pāi-ke,敗家
pāi-kè,敗價
pāi-lián,敗輦
pāi-loo,敗嘍
pāi-lōo,敗露
pāi-luī,敗類
pāi-miâ,敗名
pāi-mn̂g-hong,敗門風
pāi-pak,敗北
pāi-pán,敗板
pāi-pit,敗筆
pāi-siann,敗聲
pāi-sīn,敗腎
pāi-sòo,敗訴
pāi-tik,敗德
pāi-thè,敗退
pāi-thóng-kiánn,敗統囝
pāi-to̍k,敗毒
painn,painn
páinn-kiánn-pēnn,歹囝病
páinn-thāinn,擺態
pak,北
pak,剝
pak,腹
pa̍k,pa̍k
pa̍k,縛
pa̍k-ân,縛ân
pa̍k-tsàng,縛粽
pa̍k-tshân,pa̍k田
pa̍k-tshân-hn̂g,pa̍k田園
pa̍k-tsûn,pa̍k船
pa̍k-gue̍h,pa̍k月
pa̍k-gue̍h-á,pa̍k月仔
pa̍k-hîng-lí,縛行李
pa̍k-hì,pa̍k戲
pa̍k-king,pa̍k耕
pa̍k-kha,縛腳
pa̍k-khí-lâi,縛起來
pa̍k--khí-lâi,縛起來
pa̍k-niá-tuà,縛領帶
pa̍k-sann,縛衫
pa̍k-sí-sí,縛死死
pa̍k-sin,縛身
pa̍k-soh-á,縛索仔
pa̍k-thn̂g-ko,縛糖膏
pa̍k-tiâu,縛tiâu
pa̍k-tiâu-tiâu,縛椆椆
pa̍k-tiāu,縛掉
pak-á,北仔
pak-á-uē,北仔話
pak-á-phiah,北仔癖
pak-á-piánn,北仔餅
pak-ah,北鴨
pak-àn,腹案
pak-au,北歐
pak-bé,北馬
pak-bí,北美
pak-bí-tsiu,北美洲
pak-bīn,北面
pak-bīn-phuê,剝面皮
pak-tsáu,剝走
pak-tshang,北蔥
pak-tshī,北市
pa-keh-ta̍t,巴格達
pak-gî,北宜
pak-hái,北海
pak-hái-huānn,北海岸
pak-hái-tō,北海道
pak-hân,北韓
pak-hua̍h,北伐
pak-huānn,北岸
pak-hong,北方
pak-hong,北風
pak-hui,北非
pak-huī,北緯
pak-i,北醫
pa-kiat,巴結
pak-iāu,北鷂
pak-iok,北約
pak-káng,北港
pak-káng-khe,北港溪
pak-ki̍k,北極
pak-kha-tshia,駁腳車
pak-khak-tshìng,駁殼銃
pak-khu,北區
pak-khui,剝開
pak-kng-kng,剝光光
pak-kuán,北管
pak-kuán-hì,北管戲
pak-kuān,北縣
pak-kut,剝骨
pak-lāi,腹內
pak-lāi-tshia,腹內推
pak-lāi-tshia,腹內硨
pak-lāi-gî,腹內疑
pak-lut,剝黜
pak-mn̂g,北門
pak-mo̍oh-iām,腹膜炎
pak-uē-kut,駁話骨
pa-kok,巴國
pak-pîng,北爿
pak-pîng,北平
pak-pîng,北旁
pak-phuê,剝皮
pak-phuê-hî,剝皮魚
pak-phuê-iûnn,剝皮羊
pak-puànn-kiû,北半球
pak-poo,北埔
pak-pōo,北部
pak-sì,北勢
pak--sì,北勢
pak-siah,剝削
pak-siāng,北上
pak-siap,剝削
pak-tài,北帶
pak-tāi,北大
pak-táu,北斗
pak-táu-tshenn,北斗星
pak-tâu,北投
pak-tâu-khu,北投區
pak-tē,腹地
pak-tē-phuê,剝地皮
pak-tíng,北頂
pak-tíng-lâng,北頂人
pak-tíng-uē,北頂話
pak-theh-theh,剝裼裼
pak-tn̂g,腹腸
pak-tn̂g-tuā,腹腸大
pak-tuat,剝奪
pak-tóo,腹肚
pak-tóo-iau,腹肚iau
pak-tóo-pinn,腹肚邊
pak-tóo-thiànn,腹肚痛
pak-tóo-tiòng,腹肚脹
pak-tóo-tiùnn,腹肚脹
pak-un-tài,北溫帶
pa-lá-kui,巴拉圭
pa-lang,巴lang
pa-lang,巴弄
pa-lang-hî,巴籠魚
pa-láu-hî,吧咾魚
pa-le,巴絡
pa-lé,芭蕾
pa-lé-bú,芭蕾舞
pa-lê,巴黎
pa-liah,疤跡
pa-lîm,巴林
pa-luē,巴銳
pa-lōng,巴弄
pa-lûn,巴圇
pa-lûn-thun,巴圇吞
pa-lun-thun,巴圇吞
pan,pan
pan,班
pán,板
pán,版
pán-á,扳仔
pán-á,板仔
pán-bīn,板面
pán-bīn,版面
pán-tshia,板車
pán-tshiú,扳手
pán-kim,扳金
pán-kuân,版權
pán-lâ,板膋
pán-lâ-iû,板膋油
pán-liâu,板嘹
pán-uē,版畫
pán-pán,板板
pán-pún,版本
pán-suè,版稅
pán-tî,板鋤
pán-tiàm,板店
pán-tôo,版圖
pân,瓶
pân-būn,盤問
pân-tsong,瓶裝
pân-gî,便宜
pân-gî-huè,便宜貨
pân-kún,瓶頸
pān,扮
pān,範
pān,辦
pān,瓣
pān-án,辦案
pān-bē-kàu,辦bē到
pān-bē-khì,辦bē去
pān-bē-lâi,辦bē來
pān-bē-liáu,辦bē了
pān-bē-uân,辦bē完
pān-bē-sîng,辦bē成
pān-bē-tit,辦bē得
pān-tshài,辦菜
pān-tshiò-bīn,扮笑面
pān-tshut-īnn,辦出院
pān-tsiú-tshài,辦酒菜
pān-ha̍k,辦學
pān-hí-sū,辦喜事
pān-hó,辦好
pān-huat,辦法
pān-huè,辦貨
pān-kàu,辦到
pān-kè-tsng,辦嫁妝
pān-kioh,扮腳
pān-kong,辦公
pān-kong-tshù,辦公處
pān-kong-huì,辦公費
pān-kong-sik,辦公室
pān-kong-thiann,辦公廳
pān-kong-toh,辦公桌
pān-lí,辦理
pān-mo̍oh,瓣膜
pān-phue,辦胚
pān-phuē,pān-phuē
pān-sì,扮勢
pān-sì,範勢
pān-sì,辦勢
pān-sian,扮仙
pān-siann,範聲
pān-song-sū,辦喪事
pān-sū,辦事
pān-sū-tshù,辦事處
pān-sū-uân,辦事員
pān-thâu,扮頭
pān-thâu,範頭
pān-toh,辦桌
pa-ná-má,巴拿馬
pan-bé,班馬
pan-bé,斑馬
pan-bûn,斑紋
pan-tsat-hê,斑節蝦
pan-tshia,班車
pan-tshù,班次
pan-tsi,班芝
pan-tsiong,班章
pan-tsú,班主
pan-tsûn,班船
pang,邦
pang,枋
pang,崩
pang,幫
páng-hué-sio,放火燒
páng-huí,綁匪
páng-kà,綁架
páng-phiò,綁票
páng-thuí,綁腿
páng-tuà,綁帶
páng-tôo,綁徒
pàng,放
pàng-âng,放紅
pàng-ba̍k,放目
pàng-báng-tà,放蚊罩
pàng-bāng,放網
pàng-bē-khui,放bē開
pàng-bē-lī,放bē離
pàng-bi̍t,放蜜
pàng-bo̍k,放牧
pàng-tsá,放早
pàng-tsa̍p-hóo,放十虎
pàng-tsáu,放走
pàng-tsíng,放種
pàng-tshàu-phuì,放臭屁
pàng-tshik-tshenn,放粟青
pàng-tshìng,放銃
pàng-tshī,放飼
pàng-tshìn-tshái,放凊彩
pàng-tshiú,放手
pàng-tshut,放出
pàng-tsīn-pōng,放盡磅
pàng-tsi̍t-khiah,放一khiah
pàng-tsuá-hóo,放紙虎
pàng-tsuí,放水
pàng-tsuí-lâu,放水流
pàng-tsuí-ting,放水燈
pàng-guā-guā,放外外
pàng-gû,放牛
pàng-gû-pan,放牛班
pàng-ha̍k,放學
pàng-hē,放下
pàng-hē,放暇
pàng-hî,放魚
pàng-hiat-kak,放hiat掬
pàng-hiat-tiāu,放hiat掉
pàng-hng,放荒
pàng-huâinn-tsè,放橫債
pàng-hué,放火
pàng-hué-sio,放火燒
pàng-hueh,放血
pàng-hong,放風
pàng-hòng-hòng,放放放
pàng-hong-tshue,放風吹
pàng-hong-siann,放風聲
pàng-hóo-lāi,放虎利
pàng-hōo-guá,放hōo我
pàng-hún-tsiáu,放粉鳥
pàng-ian-hué,放煙火
pàng-i-suah,放伊煞
pàng-iûnn,放羊
pàng-iûnn,放洋
pàng-jiō,放尿
pàng-ji̍p,放入
pàng-jua̍h,放熱
pàng-kak,放掬
pàng-kang,放工
pàng-káng,放港
pàng-káng-ê,放港的
pàng-káu-phuì,放狗屁
pàng-kè,放價
pàng-ke-hué,放家伙
pàng-kha-kin,放腳筋
pàng-khang,放空
pàng-khang-tshìng,放空銃
pàng-khang-tshia,放空車
pàng-khang-iânn,放空營
pàng-khuân,放權
pàng-khui,放開
pàng-kì-tsāi,放據在
pàng-kóng-pe̍h,放孔子
pàng-kōng,放誆
pàng-koo,放箛
pàng-koo-pue,放孤飛
pàng-kún-á,放緄仔
pàng-lé-phàu,放禮砲
pàng-līng,放līng
pàng-līng,放冗
pàng-lī,放痢
pàng-lī-sik,放利息
pàng-liō,放尿
pàng--li̍p,放入
pàng-lua̍h-sî,放熱時
pàng-lo̍h,放落
pàng-nńg,放軟
pàng-nn̄g,放卵
pàng-uē-sng,放話栓
pàng-o̍h,放學
pàng-pàng-thn̂g,棒棒糖
pàng-pé,放靶
pàng-pe̍h-thiap,放白帖
pàng-pha-hng,放拋荒
pàng-phàu,放炮
pàng-phàu-á,放炮仔
pàng-phuānn,放伴
pàng-phuì,放屁
pàng-phuì-tshia,放屁車
pàng-pit,放筆
pàng-puah,放撥
pàng-puànn-ba̍k,放半目
pàng-pue,放飛
pàng-pôo,放紨
pàng-pōo,放步
pàng-pōo-kiânn,放步行
pàng-pùn,放糞
pàng-sái,放屎
pàng-sái-jiō,放屎尿
pàng-sái-liō,放屎尿
pàng-sak,放sak
pàng-sak,放提
pàng-sak,放
pàng-sang,放鬆
pàng-senn,放生
pàng-sia,放賒
pàng-siann,放聲
pàng-siann-khàu,放聲哭
pàng-siàu,放siàu
pàng-siàu,放數
pàng-sim,放心
pàng-sip-sip,放濕濕
pàng-suah,放煞
pàng-suànn,放散
pàng-suànn,放線
pàng-tang,放冬
pàng-tāng-tsè,放重債
pàng-tāng-lāi,放重利
pàng-thâng,放蟲
pàng-thiap,放帖
pàng-tiám,放點
pàng-tiānn,放訂
pàng-tiān,放電
pàng-tiau,放刁
pàng-tiāu,放掉
pàng-tiò,放釣
pàng-ti̍t,放直
pàng-tò-tńg,放倒轉
pàng-to̍k,放毒
pâng,房
pâng,馮
pâng,縫
pâng-tshù,房厝
pâng-tsiam,縫針
pâng-tsoo,房租
pâng-huánn-huánn,茫罕罕
pâng-kè,房價
pâng-king,房間
pâng-khè,房契
pâng-kheh,房客
pâng-kuan-suè,房捐稅
pâng-mn̂g,房門
pâng-ok,房屋
pâng-póo,縫補
pâng-sann,縫衫
pâng-sán,房產
pâng-sià,房舍
pâng-sū,房事
pâng-thâu,房頭
pâng-thiāu,房柱
pâng-thiāu,房祧
pâng-thīnn,縫thīnn
pâng-thīnn,縫紩
pâng-tiong-su̍t,房中術
pâng-tuā,龐大
pâng-tong,房東
pāng,蚌
pāng,棒
pāng-kiû,棒球
pāng-kiû-uân,棒球員
pāng-kiû-sài,棒球賽
pāng-kiû-tuī,棒球隊
pāng-tuânn,棒壇
pang-á-tshù,枋仔厝
pang-á-piah,枋仔壁
pang-bâng,幫忙
pang-tsah,幫扎
pang-tsān,幫贊
pang-tshiú,幫手
pang-tsi̍t-khiah,崩一khiah
pang-tsōo,幫助
pang-hām,崩陷
pang-hiong,幫兇
pang-huānn,崩岸
pang-huē,幫會
pan-gî,便宜
pang-kah-ing,斑鴿鷹
pang-kau,邦交
pang-khàm,崩崁
pang--khì,崩去
pang-khiah,崩隙
pang-kiô,板橋
pang-kiô-tshī,板橋市
pang--leh,放leh
pang-liân,邦聯
pang-liâu,枋寮
pang--lo̍h-khì,放落去
pan-gôo,斑鯃
pang-pāi,崩敗
pang-pāi,幫敗
pang-pāi-iâ,崩敗爺
pang-pāi-ke,崩敗家
pang-pān,幫辦
pang-piah,枋壁
pang-pó,幫保
pang-puânn,崩盤
pang-póo,幫補
pang-seh,崩雪
pang-suann,枋山
pang-suann,崩山
pang-thap,崩塌
pang-thâu,枋頭
pang-thiap,幫貼
pang-tiānn,放定
pang-tóo,枋堵
pan-hê,斑蝦
pan-kah,斑鳩
pan-kah,斑鴿
pan--khí-lâi,pan起來
pan-khiu,斑鳩
pan-khiu-pn̄g,斑鳩飯
pan-khui,攀開
pan-ki,班機
pan-ki,斑枝
pan-kip,班級
pan-kuán,班館
pan-lîng-niau,斑靈貓
pan--lo̍h-lâi,pan落來
pan-má-suànn,斑馬線
pan-niau,斑貓
pan-pe̍h,斑白
pan-pia̍t,班別
pan-pok,斑駁
pan-pòo,頒佈
pan-sàng,頒送
pan-sing,攀升
pan-sua,斑痧
pan-sòng,頒送
pan-té,班底
pan-tik,斑竹
pan-thâu,班頭
pan-thâu-iâ,班頭爺
pan-thâu-kuán,班頭館
pan-tiám,斑點
pan-tiúnn,班長
pan-tn̄g,扳斷
pan-tó,扳倒
pa-se,巴西
pa-sian-tsiúnn,巴仙掌
pat,八
pat,捌
pa̍t,別
pa̍t-á,pa̍t仔
pa̍t-á-tsháu,菝仔草
pa̍t-á-phiò,拔仔票
pa̍t-tsióng,別種
pa̍t-tsng-thâu,別庄頭
pa̍t-ê,別個
pa̍t-ê-lâng,別的人
pa̍t-hāng,別項
pa̍t-iūnn,別樣
pa̍t-jiah,別跡
pa̍t-ji̍t,別日
pa̍t-khuán,別款
pa̍t-kuà,別卦
pa̍t-lâng,別人
pa̍t-li̍t,別日
pa̍t-phài,別派
pa̍t-sènn,別姓
pa̍t-sóo-tsāi,別所在
pa̍t-tah,別搭
pa̍t-tè,別帶
pa̍t-uī,別位
pa̍t-uī-bô,別位無
pa-tāu,巴豆
pat-tsiáng-khe,八掌溪
pat-huè,捌貨
pat-hong,八方
pat-hun,八分
pat-im,八音
pat-jī-bâi,八字眉
pat-jī-tshiu,八字鬚
pat-jī-kha,八字腳
pat-jī-pōo,八字步
pat-kài,八戒
pat-kíng,八景
pat-kiàn-siàu,捌見笑
pat-kioh,八腳
pat-kiok,八腳
pat-ko,八哥
pat-kuà,八卦
pat-kuà-tsháu,八卦草
pat-kuà-lōo,八卦路
pat-kuà-suann,八卦山
pat-lí,八里
pat-lī,捌字
pat-lī-kha,八字腳
pat-lī-pōo,八字步
pat-ngóo-tsiat,八五折
pa-to,巴刀
pat-pí,八比
pat-pí-á,八比仔
pat-pó,八寶
pat-pó-tshiū,八寶樹
pat-pó-muâi,八寶糜
pat-pó-sann,八寶衫
pat-pô,八婆
pat-sian,八仙
pat-sian-tshái,八仙綵
pat-sian-hue,八仙花
pat-sian-pîn,八仙屏
pat-sian-toh,八仙桌
pat-siūnn,捌想
pat-táu-tsí,八斗子
pat-tik,八德
pat-thong-kuan,八通關
pat-tin,八珍
pat-tóo,八堵
pau,包
pau,苞
páu-hô,飽和
páu-su-lông,飽私囊
pau-á,包仔
pau-á-ê,包仔鞋
pau-ānn,包餡
pau-tsat,包紮
pau-tshau,包抄
pau-tsheh-tsuá,包冊紙
pau-tshī,包飼
pau-tshia,包車
pau-tsia̍h-tshīng,包食穿
pau-tsióng-tê,包種茶
pau-tsuá,包紙
pau-tsong,包裝
pau-tsong-tsuá,包裝紙
pau-tsûn,包船
pau-gue̍h,包月
pauh,pauh
pauh,暴
pau-hâm,包含
pau-hâm,包涵
pauh-gê,暴牙
pau-hî,鮑魚
pau-hiann,胞兄
pau-hio̍h-thâng,包葉蟲
pau-hué-si̍t,包伙食
pau-ho̍k,包袱
pau-hong,包封
pau-i,包醫
pau-i,胞衣
pau-iânn,包贏
pau-iông,包容
pau-iōng,包用
pau-kang,包工
pau-king,包莖
pau--khí-lâi,包起來
pau-ki,包機
pau-kînn,包墘
pau-kó,包裹
pau-kuat,包決
pau-kuat,包括
pau-kong,包公
pau-lám,包攬
pau-lám-bué,包攬尾
pau-niá,包領
pau-uānn,包換
pau-pak,包腹
pau-pa̍k,包pa̍k
pau-pān,包辦
pau-phuê,包皮
pau-phuê-tsuá,包皮紙
pau-pì,包庇
pau-pn̄g,包飯
pau-pó,包保
pau-sí,包死
pau-siau,包銷
pau-siong,包商
pau-siong-pòo,包傷布
pau-sit-thâu,包穡頭
pau-siunn,包廂
pau-su,包輸
pau-sui,包蓑
pau-tē,胞弟
pau-thai,胞胎
pau-thâu,包頭
pau-thâu-kin,包頭巾
pau-thâu-pe̍h,包頭白
pau-uî,包圍
pau-ún,包穩
pé,把
pé,靶
pé-tshiú-bīn,把手面
pé-tsuánn,把盞
pé-lōo,把路
pé-pa̍k,把縛
pé-tiûnn,把場
pé-tiûnn,靶場
pè,背
pè,弊
pè,褙
pè-àn,弊案
pè-tshak,褙chhak
pè-hāi,弊害
pè-pēnn,弊病
pè-pīng,弊病
pè-piah,褙壁
pè-ti̍t,幣值
pè-tuan,弊端
pê,扒
pê,爬
pê,耙
pê,賠
pê-á,耙仔
pê-tsháu,耙草
pê--tshut-lâi,爬出來
pê-tsînn,賠錢
pê-tsiú,陪酒
pê-tsiūnn,扒癢
pê-tsiūnn,爬癢
pê-tsuē,賠罪
pê-tsûn,扒船
pê-hîng,賠還
pê-huân,賠還
pê-kau-á,耙溝仔
pê-khàng-iah,扒控挖
pê-khuán,賠款
pê-lé,賠禮
pê-lîng,培壟
pê-lîng-tsûn,扒龍船
pê-miā,賠命
pê-uá,扒倚
pê-peh,爬柏
pê-pún,賠本
pê-put,耙柫
pê-put-á,耙put仔
pê-sing,爬升
pê-siàu,賠數
pê-suann-hóo,爬山虎
pē,父
pē,爸
pē,背
pē,倍
pē,耙
pē,焙
pē-á-kiánn,父仔囝
pē-á-kiánn,爸仔囝
pē--á-kiánn,爸仔囝
pē-bó,父母
pē-bó,爸母
pē-bó-tshù,父母厝
pē-bó-hà,父母孝
pē-bó-hà,爸母孝
pē-bó-la̍t,父母力
pē-bó-song,父母喪
pē-bó-song,爸母喪
pē-bōng,培墓
pē-tsē,幣制
pē-hā,陛下
pē-kiánn,父囝
pē-kong-gia̍p,父公業
pē-kong-gia̍p,爸公業
pe-á,啡仔
peh,peh
peh,八
peh,伯
peh,柏
peh,踾
pe̍h,白
pe̍h,皂
pe̍h-ah,白鴨
pe̍h-áu,白嘔
pe̍h-âu,白喉
pe̍h-bah,白肉
pe̍h-bah-á,白肉仔
pe̍h-bah-iû,白肉油
pe̍h-bah-tāu,白肉豆
pe̍h-bah-té,白肉底
pe̍h-ba̍k,白目
pe̍h-ba̍k,白墨
pe̍h-ba̍k-lī,白茉莉
pe̍h-ba̍k-lîn,白目仁
pe̍h-ba̍k-mâi,白目糜
pe̍h-ba̍k-pn̄g,白目飯
pe̍h-bé-pian,白馬鞭
pe̍h-bé-sái,白馬屎
pe̍h-bí,白米
pe̍h-bián,白鮸
pe̍h-bīn-á,白面仔
pe̍h-bīn-bâ,白面狸
pe̍h-bīn-tshù,白面厝
pe̍h-bīn-ke,白面雞
pe̍h-bīn-koo,白面姑
pe̍h-bô-îng,白無閒
pe̍h-buah-buah,白抹抹
pe̍h-bué,白尾
pe̍h-bué-iāu,白尾鷂
pe̍h-bué-sìnn,白尾扇
pe̍h-bo̍k-jí,白木耳
pe̍h-bo̍k-ní,白木耳
pe̍h-bông-bông,白茫茫
pe̍h-bóo-tan,白牡丹
pe̍h-tsām-ke,白斬雞
pe̍h-tsat-tsuâ,白節蛇
pe̍h-tsi̍k-lê,白蒺藜
pe̍h-tsíng-kah,白指甲
pe̍h-tshài,白菜
pe̍h-tshang-tshang,白蒼蒼
pe̍h-tshang-tshang,白蔥蔥
pe̍h-tsha̍t,白賊
pe̍h-tsha̍t-tshuì,白賊嘴
pe̍h-tsha̍t-nn̄g,白賊卵
pe̍h-tsha̍t-uē,白賊話
pe̍h-tshîng,白榕
pe̍h-tshîng-peh,白松柏
pe̍h-tshi,白痴
pe̍h-tshiong-pôo,白菖蒲
pe̍h-tshiū,白樹
pe̍h-tshiū-á,白樹仔
pe̍h-tshiū-tāu,白樹豆
pe̍h-tshiunn,白鯧
pe̍h-tshòo,白醋
pe̍h-tsí-soo,白紫蘇
pe̍h-tsia̍h,白食
pe̍h-tsi̍h-kut,白舌骨
pe̍h-tsio̍h-ing,白石英
pe̍h-tsiok,白芍
pe̍h-tsuá,白紙
pe̍h-tsuí,白水
pe̍h-tsuí-kím,白水錦
pe̍h-tsu-lê,白珠螺
pe̍h-gi̍k,白玉
pe̍h-gi̍k-tsio̍h,白玉石
pe̍h-gîn,白銀
pe̍h-gîn-hīng,白銀杏
pe̍h-gîn-hiunn,白銀香
pe̍h-gio̍k-lân,白玉蘭
pe̍h-gôo,白鯃
pe̍h-hê-á,白蝦仔
pe̍h-hî,白魚
pe̍h-hî-á,白魚仔
pe̍h-hî-kū,白魚舅
pe̍h-hiā,白蟻
pe̍h-hîm,白熊
pe̍h-hīnn-á,白耳仔
pe̍h-hio̍h-á,白葉仔
pe̍h-hio̍h-ē,白葉下
pe̍h-hiong-hù,白香附
pe̍h-hm̂,白茅
pe̍h-hô,白河
pe̍h-huân,白礬
pe̍h-huat,白髮
pe̍h-hué,白火
pe̍h-hue-á,白花仔
pe̍h-hue-tsháu,白花草
pe̍h-hue-tîn,白花藤
pe̍h-ho̍h,白鶴
pe̍h-ho̍h-tsháu,白鶴草
pe̍h-hóo,白虎
pe̍h-hóo-tshenn,白虎星
pe̍h-hóo-kiànn,白虎鏡
pe̍h-hóo-thng,白虎湯
pe̍h-hôo-tsio,白胡椒
pe̍h-huì,白費
pe̍h-hûn,白雲
pe̍h-i,白衣
pe̍h-iâm,白鹽
pe̍h-iân,白鉛
pe̍h-io̍h,白藥
pe̍h-jī,白字
pe̍h-jia̍t-huà,白熱化
pe̍h-jîn,白仁
pe̍h-jîn-thôo,白仁土
pe̍h-ji̍t,白日
pe̍h-ji̍t-bāng,白日夢
pe̍h-ka,白膠
pe̍h-ka-hiunn,白膠香
pe̍h-ka-la̍h,白嘉la̍h
pe̍h-káu-tsan,白校欑
pe̍h-kāu-khak,白厚殼
pe̍h-kāu-phak,白厚朴
pe̍h-ke-iû,白雞油
pe̍h-ke-kuan,白雞冠
pe̍h-kha-tê,白腳蹄
pe̍h-kháu,白口
pe̍h-kháu-tshng,白口瘡
pe̍h-khīng,白虹
pe̍h-kho,白柯
pe̍h-khun-tsháu,白昆草
pe̍h-kî,白旗
pe̍h-kî-tshun,白其春
pe̍h-kim,白金
pe̍h-kiok-hue,白菊花
pe̍h-kiong,白宮
pe̍h-kó,白果
pe̍h-kóng,白講
pe̍h-koo,白菇
pe̍h-kóo-ting,白鼓燈
pe̍h-kôo,白鰗
pe̍h-koo-hî,白姑魚
pe̍h-kú-tshài,白韭菜
pe̍h-kui-á,白kui仔
pe̍h-kut,白骨
pe̍h-la̍h,白蠟
pe̍h-la̍h-sa̍h,白蠟煠
pe̍h-lāi-tsiàng,白內障
pe̍h-lāi-tsiòng,白內障
pe̍h-lám,白欖
pe̍h-lân-hue,白蘭花
pe̍h-lâng,白人
pe̍h-leh-seh,白leh雪
pe̍h-li̍k,白鰳
pe̍h-lîng-si,白鴒鷥
pe̍h-ling-tîn,白奶藤
pe̍h-lí,白里
pe̍h-lī,白字
pe̍h-lī-á,白字仔
pe̍h-liak-siak,白liak-siak
pe̍h-liân,白聯
pe̍h-liân-á,白鰱仔
pe̍h-liân-hue,白蓮花
pe̍h-liáu,白了
pe̍h-liáu-kang,白了工
pe̍h-liáu-la̍t,白了力
pe̍h-lîn,白仁
pe̍h-liông-tsiam,白龍占
pe̍h-lōo,白露
pe̍h-mn̂g-á,白毛仔
pe̍h-muâ,白麻
pe̍h-muâ,白鰻
pe̍h-muâ-hî,白鰻魚
pe̍h-moo,白毛
pe̍h-môo,白毛
pe̍h-môo-tîn,白毛藤
pe̍h-niáu-tshí,白老鼠
pe̍h-nuā,白瀾
pe̍h-uē,白話
pe̍h-uē-jī,白話字
pe̍h-pak,白腹
pe̍h-pan,白斑
pe̍h-pau,白包
pe̍h-pe̍h,白白
pe̍h--pe̍h-tsia̍h,白白食
pe̍h-pe̍h-khuànn,白白看
pe̍h-pe̍h-liáu,白白了
pe̍h-phànn-hông,白冇hông
pe̍h-phau-phau,白泡泡
pe̍h-phe,白批
pe̍h-phe̍h-nuā,白沫瀾
pe̍h-phīnn-bâ,白鼻狸
pe̍h-phīnn-hiunn,白鼻香
pe̍h-phīnn-sim,白鼻心
pe̍h-pho,白波
pe̍h-phuê-su,白皮書
pe̍h-phue̍h-nuā,白phue̍h瀾
pe̍h-phông-phông,白蓬蓬
pe̍h-pho-pho,白波波
pe̍h-phú,白phú
pe̍h-phú,白昲
pe̍h-pn̄g,白飯
pe̍h-pn̄g-tsháu,白飯草
pe̍h-pòo,白布
pe̍h-pòo-liâu,白布條
pe̍h-poo-kiunn,白埔姜
pe̍h-pû-á,白匏仔
pe̍h-sa̍h,白sa̍h
pe̍h-sa̍h-bah,白sa̍h肉
pe̍h-sa̍h-bah,白煠肉
pe̍h-sa̍h-tsuí,白sa̍h水
pe̍h-sa̍h-ke,白煠雞
pe̍h-sai-iûnn,白西洋
pe̍h-sam,白杉
pe̍h-sàng,白送
pe̍h-seh,白雪
pe̍h-sik,白色
pe̍h-sí-sat,白死殺
pe̍h-sí-sí,白死死
pe̍h-siak-siak,白siak-siak
pe̍h-siak-siak,白皙皙
pe̍h-siak-siak,白爍爍
pe̍h-siám-siám,白閃閃
pe̍h-sián,白癬
pe̍h-siān,白鱔
pe̍h-siān-thôo,白墡土
pe̍h-sih-siak,白sih-siak
pe̍h-sih-siak,白熠皙
pe̍h-sih-sih,白熾熾
pe̍h-si-kâinn,白絲個
pe̍h-sin,白身
pe̍h-sìnn-á,白扇仔
pe̍h-sin-lâng,白身人
pe̍h-si̍t-á,白翅仔
pe̍h-si-thâng,白絲蟲
pe̍h-sua,白砂
pe̍h-sua-tiâu,白鯊條
pe̍h-sòo-ing,白素英
pe̍h-soo-ing,白蘇英
pe̍h-tài,白帶
pe̍h-tán,白等
pe̍h-tāu,白豆
pe̍h-thàn,白賺
pe̍h-thâu-á,白頭仔
pe̍h-thâu-tsháu,白頭草
pe̍h-thâu-iāu,白頭鷂
pe̍h-thâu-mn̂g,白頭毛
pe̍h-thâu-ong,白頭翁
pe̍h-theh,白澈
pe̍h-theh,白裼
pe̍h-thiap,白帖
pe̍h-thiap-á,白帖仔
pe̍h-thih,白鐵
pe̍h-thih-á,白鐵仔
pe̍h-thn̂g,白糖
pe̍h-thô,白桃
pe̍h-thuànn,白湠
pe̍h-thôo,白土
pe̍h-thun,白吞
pe̍h-tiàu-tsing,白吊鐘
pe̍h-tiâu-á,白條仔
pe̍h-tîm-hiunn,白沉香
pe̍h-tiō,白銚
pe̍h-ti̍t,白直
pe̍h-to,白刀
pe̍h-tuà,白帶
pe̍h-tuà-hî,白帶魚
pe̍h-tuânn,白檀
pe̍h-to-hî,白刀魚
pe̍h-tông,白桐
peh-an-tshiū,柏安樹
peh-bān-á,八萬仔
peh-tshiûnn,peh牆
peh--gue̍h,八月
peh-gue̍h-tseh,八月節
peh-gue̍h-ji̍t,八月日
peh-ha,peh哈
peh-ha̍h,掰哈
peh-ha̍h-á,掰笚仔
peh-ha̍p,百合
peh-hóo-niau,扒虎貓
peh-jī,八字
peh-jī-miā,八字命
peh-jī-tāng,八字重
peh-jī-thiap,八字帖
peh-kak,八角
peh-kak-ing,八角鷹
peh-kak-hiunn,八角香
peh-kak-liân,八角蓮
peh-khak,剝殼
peh-khí-kha,peh起腳
peh--khí-lâi,peh起來
peh-khui,剝開
peh-kiā,peh崎
peh-kuâinn,peh懸
peh-kong,伯公
peh-kong-tsóo,伯公祖
peh-kòo-gue̍h,八個月
peh-lâng-kng,八人扛
peh-lī-thiap,八字帖
peh-lîm,柏林
peh-ḿ,伯姆
peh-pak,扒腹
peh-pak,憋腹
peh-penn,扒拼
peh-phuà,擘破
peh-phuà-bīn,掰破面
peh-phuê,掰皮
peh-phuê,擘皮
peh-pô,伯婆
peh-póo-sann,百補衫
peh-pōo,八步
peh-pui̍h,扒拔
peh-sènn,百姓
peh-sènn-lâng,百姓人
peh-sì-thián,扒四展
peh-siânn,八成
peh-sìnn,百姓
peh-sìnn-lâng,百姓人
peh-suann,peh山
peh-suann-hóo,peh山虎
peh-tiau,八鵰
pik,pek
pik,迫
pik,逼
pi̍k,舶
pi̍k,愎
pi̍k-gán,白眼
pi̍k-ji̍t,白日
pi̍k-li̍k,啪靂
pi̍k-siâ-tuān,白蛇傳
pi̍k-siú,白首
pi̍k-tài,白帶
pik-ân,逼ân
pik-ap,逼壓
pik-tsáu,逼走
pik-tsè,逼債
pik-tshiat,迫切
pik-tshú,逼取
pik-tshut,逼出
pik-tsin,逼真
pik-tsiok,伯爵
pik-tsú-liân,百子蓮
pik-hāi,迫害
pik-ha̍p,百合
pik-ha̍p-hue,百合花
pik-î,迫於
pik-ia̍p,百葉
pik-ia̍p-hue,百葉花
pik-ia̍p-tōo,百葉肚
pik-iû,柏油
pik-jia̍t,迫熱
pik-ji̍t-hông,百日紅
pik-jua̍h,逼熱
pik-kè,逼嫁
pik-king,逼供
pik-khang,逼空
pik-kháu-king,逼口供
pik-kî-sàu,百期嗽
pik-kīn,迫近
pik-kīn,逼近
pik-kuánn,逼趕
pik-lâng,逼人
pik-lîng-tsiáu,百靈鳥
pik-miā,逼命
pik-mn̄g,逼問
pik-uá,迫倚
pik-uá,逼倚
pik-pa,pek巴
pik--sí,逼死
pik-sia̍t-niáu,百舌鳥
pik-thó,逼討
pik--tio̍h,逼著
pik-tiōng,伯仲
pe-lîng-á,菠菱仔
pe-lîng-tshài,菠薐菜
penn,繃
pènn,柄
pênn,平
pênn,坪
pênn,棚
pênn-bīn,平面
pênn-tsê,平齊
pênn-tsē-huè,平濟歲
pênn-tsē-khiā,平坐khiā
pênn-tsē-khiā,平坐徛
pênn-tshia-tshia,平車車
pênn-tshiú,平手
pênn-tshù-á,平厝仔
pênn-tsiànn,平正
pênn-tsiànn-lūn,平正論
pênn-hîng,平衡
pênn-huè,平歲
pênn-hūn,平份
pênn-iù-iù,平幼幼
pênn-iûnn,平洋
pênn-iûnn,平陽
pênn-kè,平價
pênn-ke-tshù,平家厝
pênn-kha,棚腳
pênn-khuànn,平看
pênn-kiânn,平行
pênn-kuè,平過
pênn-liu-liu,平溜溜
pênn-lōo,平路
pênn-nâ,平林
pênn-pâi,平排
pênn-pāng,平棒
pênn-pênn,平平
pênn-phīnn-á,平鼻仔
pênn-pho,平坡
pênn-phuà,繃破
pênn-pho-pho,平坡坡
pênn-pò-phûn,平報盆
pênn-puann-iūnn,平般樣
pênn-puè,平輩
pênn-poo,平埔
pênn-poo-tso̍k,平埔族
pênn-pun,平分
pênn-sòo,坪數
pênn-tāng,平重
pênn-tē,平地
pênn-tē-lâng,平地人
pênn-thánn,平坦
pênn-thánn-thánn,平坦坦
pênn-tó-phûn,平倒盆
pênn-tuā,平大
pênn-tú-kuè,平抵過
pênn-tú-thing,平tú汀
pênn-tú-thing,平抵撐
pênn-tú-ti̍t,平抵直
pēnn,病
pēnn-āu,病後
pēnn-bó,病母
pēnn-bué,病尾
pēnn-buê,病媒
pēnn-tsàu,病灶
pēnn-tsè,病債
pēnn-tsìng,病症
pēnn-tsîng,病情
pēnn-tshn̂g,病床
pēnn-tsin-liâm,病真黏
pēnn-eh,病厄
pēnn-i̍k,病疫
pēnn-guân,病原
pēnn-guân,病源
pēnn-guî,病危
pēnn-hāi,病害
pēnn-huān,病患
pēnn-huan-khoo,病翻箍
pēnn-hong,病風
pēnn-hóng,病況
pēnn-in,病因
pēnn-īnn,病院
pēnn-jú,病癒
pēnn-ká,病假
pēnn-kâu,病猴
pēnn-khuán,病款
pēnn-khún,病菌
pēnn-kiánn,病囝
pēnn-kiánn-thòo,病囝吐
pēnn-kin,病根
pēnn-kuè-kuà,病過掛
pēnn-kuè-thâu,病過頭
pēnn-kòo,病故
pēnn-kuí,病鬼
pēnn-lâng,病人
pēnn-lē,病例
pēnn-li̍k,病歷
pēnn-li̍k-pió,病歷表
pēnn-môo,病魔
pēnn-pâng,病房
pēnn-piàn,病變
pēnn-pún,病本
pēnn-sē,病逝
pēnn-sik,病室
pēnn-sí,病死
pēnn-sì,病勢
pēnn-siòng,病相
pēnn-siunn-si,病相思
pēnn-tāng,病重
pēnn-té,病底
pēnn-ting,病丁
pēnn-thài,病態
pēnn-thé,病體
pēnn-thiànn,病疼
pēnn-thiànn,病痛
pēnn-tó,病倒
pēnn-to̍k,病毒
penn-ân,penn-ân
penn-ân,繃ân
penn-bīn-phuê,繃面皮
ping,冰
ping,兵
ping,崩
píng,píng
píng-bē,反賣
píng-bīn,反面
píng-tsheh,反冊
píng-tshî,秉持
píng-tshia,反車
píng-tshiò,píng-tshiò
píng-tshiò,反tshiò
píng-tshng,反倉
píng--tshut-lâi,píng出來
píng-tsi̍h-kuan,反舌關
píng-tsûn,反船
píng-jī-tián,píng字典
píng-káu-á,píng狗仔
píng-káu-á,反狗仔
píng-khap,反蓋
píng--khí-lâi,píng起來
píng-khioh-tshiò,反khioh笑
píng-liàn-tńg,反輦轉
píng-pe̍h-ba̍k,反白目
píng-pe̍h-jîn,反白仁
píng-pe̍h-kâinn,反白個
píng-pîng,píng旁
píng-pîng,反爿
píng-phak,反覆
píng-pìnn,píng變
píng-pìnn,反變
píng-sin,反身
píng-sin,反新
píng-siū,反siū
píng-thán-tshiò,反坦笑
píng-thán-khap,反坦蓋
píng-thán-phak,反坦覆
píng-tîn,反藤
píng-tó,píng倒
píng-tò-tńg,píng倒轉
píng-toh,反桌
píng-tōo-sua,反肚痧
píng-uī,反胃
pìng,並
pìng,併
pìng-àn,併案
pìng-bô,並無
pìng-tshut,迸出
pìng-kho,併科
pìng-kú,併久
pìng-thun,併吞
pìng-tî,摒除
pîng,平
pîng,旁
pîng-an,平安
pîng-an-tsiò,平安醮
pîng-an-iā,平安夜
pîng-bîn,平民
pîng-bīn,平面
pîng-tsìng,憑證
pîng-tsīng,平靜
pîng-tshiú,平手
pîng-ik,平抑
pîng-guân,平原
pîng-hîng,平行
pîng-hîng,平衡
pîng-hô,平和
pîng-huán,平反
pîng-huân,平凡
pîng-hong,平方
pîng-hun,平分
pîng-iú,朋友
pîng-iûnn,平洋
pîng-iûnn,平陽
pîng-ji̍t,平日
pîng-kau-tō,平交道
pîng-kè,平價
pîng-kik,抨擊
pîng-ki̍k,平劇
pîng-khe,平溪
pîng-khuài,平快
pîng-kin,平均
pîng-kin-sòo,平均數
pîng-kin-ta̍t,平均值
pîng-kio̍k,平劇
pîng-kng-kiànn,平光鏡
pîng-luān,平亂
pîng-uān,平緩
pîng-ok,平屋
pîng-pîng,平平
pîng-se,硼砂
pîng-sik,平息
pîng-sing,平生
pîng-sî,平時
pîng-siâng-sî,平常時
pîng-sìn,平信
pîng-sìn,憑信
pîng-siông,平常
pîng-siông-lâng,平常人
pîng-siông-nî,平常年
pîng-siông-sî,平常時
pîng-si̍t,平實
pîng-sng,硼酸
pîng-sòo-sî,平素時
pîng-sūn,平順
pîng-tām,平淡
pîng-tē,平地
pîng-tíng,平等
pîng-tīng,平定
pîng-tò-tńg,平倒轉
pîng-ún,平穩
pīng,並
pīng-bô,並無
pīng-tshiánn,並且
pīng-tshut,並出
pīng-tsìn,並進
pīng-tsōng,病狀
pīng-tsûn,並存
pīng-hîng,並行
pīng-king,並肩
pīng-lia̍t,並列
pīng-li̍p,並立
pīng-m̄-sī,並m̄是
pīng-pâi,並排
pīng-pâi-kiânn,並排行
pīng-tiōng,並重
ping-á,兵仔
ping-á-tsuí,冰仔水
ping-á-liâu,兵仔寮
ping-á-sià,兵仔舍
ping-bé,兵馬
ping-tshia,冰車
ping-tshiúnn,冰廠
ping-tsím,冰枕
ping-tsióng,兵種
ping-tsuí,冰水
ping-tsut,兵卒
ping-ê,冰鞋
ping-hî,冰魚
ping-hô,冰河
ping-huat,兵法
ping-huat,拼法
ping-hû,兵符
ping-ia̍h,兵役
ping-iânn,兵營
ping-im,拼音
ping-jîn,冰人
ping-kái,冰解
ping-kak,冰角
ping-kang-tshiúnn,兵工廠
ping-kha-á,兵腳仔
ping-khì,兵器
ping-khòo,冰庫
ping-ki,冰枝
ping-kî-lîm,冰淇淋
ping-ko,冰糕
ping-kuân,兵權
ping-kuī,冰櫃
ping-li̍k,兵力
ping-líng,冰冷
ping-luān,兵亂
ping-niû,兵糧
ping-pha̍uh,冰雹
ping-piàn,兵變
ping-sann,兵衫
ping-se,硼砂
ping-seh,冰雪
ping-siunn,冰箱
ping-sng,冰霜
ping-suann,冰山
ping-tè,冰塊
ping-tē,冰袋
ping-thn̂g,冰糖
ping-thuân,兵團
ping-tiám,冰點
ping-tiàm,冰店
ping-tiâu,冰條
ping-tòng,冰凍
ping-tû,冰櫥
ping-tuī,兵隊
penn-pòo,penn布
pe-pe,pe-pe
pe-pn̄g,pe飯
pe-pn̄g,棓飯
pha,pha
pha,拋
phā,phā
pha-bāng,拋網
pha-tshia-lián,拋車輦
pha-tsûn,拋船
phah,拍
phah-àm-hō,拍暗號
phah-bāng-kiû,拍網球
phah-bē,拍賣
phah-bē-khui,拍bē開
phah-bē-sí,拍bē死
phah-bē-tân,拍bē-tân
phah-bē-thong,拍bē通
phah-bô,拍無
phah-bô-gî,phah無疑
phah-bô--khì,拍無去
phah-bô-tio̍h,拍無著
phah-bo̍k-sìng,拍木勝
phah-bôo,拍模
phah-bú,拍武
phah-tsa̍p-kia̍h,拍雜kia̍h
phah-tsáu--khì,拍走去
phah-tsíng,拍種
phah-tshap,拍插
phah-tshat-siau,拍擦銷
phah-tshe,拍叉
phah-tshe-á,拍叉仔
phah-tshik,拍粟
phah-tshik-sue,拍觸衰
phah-tshénn,拍醒
phah-tshìng,拍銃
phah-tshenn-kiann,拍青驚
phah-tshit-tsiat,拍七折
phah-tshiú,拍手
phah-tshiú-tshìng,拍手銃
phah-tshuì,拍碎
phah-tshuì-kóo,拍嘴古
phah-tshuì-kóo,拍嘴鼓
phah-tshuì-phé,拍嘴phé
phah-tshut,拍出
phah-tsí,拍子
phah-tsiam,拍針
phah-tsiân-tsām,拍前站
phah-tsiat,拍折
phah-tsiat-huè,拍折貨
phah-tsiáu,拍鳥
phah-tsi̍h,拍折
phah-tsio̍h,拍石
phah-tsio̍h-ê,拍石的
phah-tsio̍h-sai,拍石師
phah-tsio-hoo,拍招呼
phah-tsò,拍做
phah-tsuá-tsiunn,拍紙漿
phah-tsóng,拍總
phah-eh,拍噎
phah-gô,拍遨
phah-hāi,拍壞
phah-hang,拍giâ
phah-hîng,拍形
phah-hing-khám,拍胸坎
phah-hiáng,拍嚮
phah-hua,拍hoa
phah-hué,拍火
phah-hué-ki,拍火機
phah-hong,拍風
phah-hôo-sîn,拍胡蠅
phah-hun-sòo,拍分數
pha-hî,拋魚
phah-iânn,拍贏
phah-iû-kik,拍游擊
phah-iūnn,拍樣
phah-jī,拍字
phah-jiâu,拍皺
phah-ka-tshiùnn,拍ka-tshiùnn
phah-ka-la̍uh,拍ka-la̍uh
phah-ka-la̍uh,拍交落
phah-kan-lo̍k,拍矸轆
phah-kat,拍結
phah-kat-kiû,拍結球
phah-kè,拍架
phah-ke̍h,拍桀
phah-kha-tshiùnn,拍kha-tshiùnn
phah-kha-tshng,拍腳倉
phah-khang,拍孔
phah-khang,拍空
phah-khí,拍起
phah-khì,拍氣
phah-khiap,拍袪
phah-khit,拍khit
phah-khi̍t,拍khi̍t
phah-khoo,拍箍
phah-khoo-pue,拍箍飛
phah-kiann,拍驚
phah-kiann-tāng,拍驚動
phah-kiap,拍劫
phah-ki-tshóo,拍基礎
phah-kiû,拍球
phah-kó,拍稿
phah-kuann-si,拍官司
phah-ko̍k-ke,拍kok--ke
phah-kóo,拍鼓
phah-kuí-ē,拍幾下
phah-kûn,拍拳
phah-kûn-thâu,拍拳頭
phah-la̍h,拍獵
phah--lâi,拍來
phah-la-liâng,拍拉涼
phah-lân,拍鱗
phah-líng,拍冷
phah-líng-tshìng,拍冷銃
phah-lī,拍字
phah-lī-ki,拍字機
phah-liâu,拍饒
phah-lô-kóo,拍鑼鼓
phah-lo̍h,拍落
phah-lo̍h-kong,拍落公
phah-lóo,拍滷
phah-lû,拍茹
phah-luî-tâi,拍擂台
phah-lut--khì,拍lut去
phah-m̄-kiann,拍m̄驚
phah-m̄-kìnn,拍m̄見
phah-me̍h,拍脈
phah-mî-á,拍棉仔
phah-mî-phuē,拍棉被
phah-mn̂g,拍門
phah-muâ-tshiok,拍麻雀
phah-nâ-kiû,拍籃球
pha-hng,拋荒
pha-hn̄g-lōo,拋遠路
pha-hng-tē,拋荒地
phah-nuá,phah-nuá
phah-ua̍h-kat,phah活結
phah-oo-tshenn,phah烏青
phah-pâi,phah牌
phah-pāi,phah輸
phah-pāng-kiû,phah棒球
phah-pau,phah包
phah-pé,phah靶
phah-pháinn,phah歹
phah-phik,phah拍
phah-phiah,phah辟
phah-phiânn,phah平
phah-phìnn,phah片
phah-phiò,phah票
phah-phuà,phah破
phah-pho̍k-á,phah-pho̍k仔
phah-phòng-bé,phah胖碼
phah-piànn,phah拚
phah-puānn,phah拌
phah-sak,phah-sak
phah-sàm,phah散
phah-se̍h,phah旋
phah-sí,phah死
phah-sí-kat,phah死結
phah-siah-kang,phah錫工
phah-siânn-hì,phah城戲
phah-siau,phah消
phah-sìn-hō,phah信號
phah-sio-lām,phah相濫
phah-siong,phah傷
phah-sit,phah熄
phah-sńg,phah損
phah-sǹg,phah算
phah-suànn,phah散
phah-soh-á,phah索仔
phah-su,phah輸
phah-ta̍h,phah踏
phah-tân,phah-tân
phah-ta̍t,phah噠
phah-té-tsah,phah短扎
phah-té-kioh,phah短腳
phah-té-tì,phah底蒂
phah-tē-ki,phah地基
phah-thai,phah胎
phah-thàng,phah通
phah-thâu-tsiân,phah頭前
phah-thih,phah鐵
phah-thih-pô,phah鐵婆
phah-thong,phah通
phah-thong-thò,phah通套
phah-tiān-iánn,phah電影
phah-tiān-uē,phah電話
phah-tiān-pò,phah電報
phah-tiāu,phah掉
phah--tio̍h,phah著
phah-tio̍h-siong,phah著傷
phah-tn̄g,phah斷
phah-tó,phah倒
phah-tôo,phah圖
phah-tú-ti̍t,phah-tú直
phah-tuì,phah對
phài,派
phài-tshut,派出
phài-io̍h,派藥
phài-khián,派遣
phài-kun,派軍
phài-uân,派員
phài-ping,派兵
phài-phe,派胚
phài-puah,派撥
phài-tāi-piáu,派代表
phài-thâu,派頭
phài-tuì,派對
pháinn,歹
pháinn-àn-sǹg,歹按算
pháinn-āu-tsìn,歹後進
pháinn-bâ,歹媌
pháinn-ba̍k,歹目
pháinn-ba̍k-sik,歹目識
pháinn-ba̍k-siàng,歹目相
pháinn-bāng,歹夢
pháinn-bé,歹馬
pháinn-bī,歹味
pháinn-bīn-tshiunn,歹面tshiunn
pháinn-bīn-kháng,歹面孔
pháinn-bīn-khiunn,歹面腔
pháinn-bôo-iūnn,歹模樣
pháinn-tsa-bóo,歹查某
pháinn-tsâng,歹叢
pháinn-tsat-la̍t,歹節力
pháinn-tsik-tik,歹積德
pháinn-tsíng,歹種
pháinn-tsìng,歹症
pháinn-tsìng-thâu,歹症頭
pháinn-tshái-thâu,歹彩頭
pháinn-tsháu,歹草
pháinn-tshenn,歹星
pháinn-tshìng-tshìng,歹tshìng-tshìng
pháinn-tshī,歹市
pháinn-tshī,歹飼
pháinn-tshiú-jiáu,歹手爪
pháinn-tshiú-phiah,歹手癖
pháinn-tshiú-sì,歹手勢
pháinn-tshiú-tê,歹手蹄
pháinn-tshng,歹瘡
pháinn-tshuā,歹tshuā
pháinn-tshuā-thâu,歹tshuā頭
pháinn-tshuē,歹tshuē
pháinn-tshù,歹處
pháinn-tshuì,歹嘴
pháinn-tshuì-phīnn,歹嘴鼻
pháinn-tshuì-táu,歹嘴斗
pháinn-tshui-tshiâu,歹推tshiâu
pháinn-tshut-tshuì,歹出嘴
pháinn-tsia̍h,歹食
pháinn-tsia̍h-siàng,歹食相
pháinn-tsiáu,歹鳥
pháinn-tsînn,歹錢
pháinn-tsò,歹做
pháinn-tsò-tīn,歹做陣
pháinn-tsuá,歹紙
pháinn-tsuán-tsia̍h,歹賺食
pháinn-tsún-tsat,歹撙節
pháinn-ē,歹厄
pháinn-īng,歹用
pháinn-gín-á,歹囡仔
pháinn-gue̍h,歹月
pháinn-hì,歹戲
pháinn-huè,歹貨
pháinn-ho̍k-sāi,歹服侍
pháinn-hūn-tsú,歹分子
pháinn-ì,歹意
pháinn-ì-sîn,歹意神
pháinn-ì-sù,歹意思
pháinn-io,歹育
pháinn-io-tshī,歹育飼
pháinn-jī-ūn,歹字運
pháinn-ji̍t,歹日
pháinn-ji̍t-tsí,歹日子
pháinn-kà-sī,歹教示
pháinn-ka-kàu,歹家教
pháinn-káu,歹狗
pháinn-káu-á,歹狗仔
pháinn-káu-khuì,歹狗氣
pháinn-káu-lâng,歹狗人
pháinn-kè,歹價
pháinn-kíng-khì,歹景氣
pháinn-kha,歹腳
pháinn-khang,歹空
pháinn-kheh,歹客
pháinn-khì,歹去
pháinn-khiā,歹khiā
pháinn-khuán,歹款
pháinn-khuánn,歹款
pháinn-khuán-thāi,歹款待
pháinn-khuànn,歹看
pháinn-khuànn-bīn,歹看面
pháinn-khuànn-siùnn,歹看相
pháinn-khuì,歹氣
pháinn-khui-tshuì,歹開嘴
pháinn-khùn,歹睏
pháinn-kì-tî,歹記持
pháinn-kiánn,歹囝
pháinn-kiánn-tsìng,歹囝症
pháinn-kiánn-king,歹囝間
pháinn-kiánn-lâng,歹囝人
pháinn-kiánn-lōo,歹囝路
pháinn-kiánn-pēnn,歹囝病
pháinn-kiânn,歹行
pháinn-kiat-tiāu,歹吉兆
pháinn-kioh,歹腳
pháinn-kio̍k,歹局
pháinn-kiû,歹球
pháinn-kuàn-sì,歹慣勢
pháinn-kuè,歹過
pháinn-kóng,歹講
pháinn-kuí,歹鬼
pháinn-kuí-kuài,歹鬼怪
pháinn-kuí-kuí,歹鬼鬼
pháinn-kui-kí,歹規矩
pháinn-kut-phe,歹骨胚
pháinn-kut-té,歹骨底
pháinn-kut-thâu,歹骨頭
pháinn-lâng,歹人
pháinn-lâu-pái,歹流擺
pháinn-lí-la̍k,歹理捋
pháinn-lián,歹撚
pháinn-lia̍p,歹粒
pháinn-liāu,歹料
pháinn-liú-la̍k,歹扭捋
pháinn-lo̍h-tâi,歹落台
pháinn-lōo,歹路
pháinn-lōo-thâu,歹路頭
pháinn-miâ,歹名
pháinn-miâ-siann,歹名聲
pháinn-miā,歹命
pháinn-miā-siàng,歹命相
pháinn-mi̍h,歹物
pháinn-mi̍h-á,歹物仔
pháinn-mi̍h-kiānn,歹物件
pháinn-môo-huān,歹模範
pháinn-nî-tang,歹年冬
pháinn-uē,歹話
pháinn-pak-tóo,歹腹肚
pháinn-pān,歹辦
pháinn-pēnn,歹病
pháinn-pháng,歹紡
pháinn-phî-khì,歹脾氣
pháinn-phiah,歹癖
pháinn-phiah-phìnn,歹癖片
pháinn-phiah-phīnn,歹癖片
pháinn-phín-hīng,歹品行
pháinn-phóo,歹譜
pháinn-sìng-tē,歹性地
pháinn-sí,歹死
pháinn-sì,歹勢
pháinn-sì-kah,歹勢kah
pháinn-sì-bīn,歹勢面
pháinn-sì-īng,歹勢用
pháinn-sì-kóng,歹勢講
pháinn-sî-ūn,歹時運
pháinn-siàng,歹相
pháinn-siann-sàu,歹聲嗽
pháinn-siann-sueh,歹聲說
pháinn-siann-thâu,歹聲頭
pháinn-siàu,歹數
pháinn-sim,歹心
pháinn-sim-hīng,歹心行
pháinn-sim-kuann,歹心肝
pháinn-sim-tn̂g,歹心腸
pháinn-sîn-khì,歹神氣
pháinn-sin-miā,歹身命
pháinn-si̍p-kuàn,歹習慣
pháinn-sit-tik,歹失德
pháinn-siu-sîng,歹收成
pháinn-sóo-kiânn,歹所行
pháinn-tāi,歹代
pháinn-ta-ke,歹大家
pháinn-tang,歹冬
pháinn-tàu-tīn,歹鬥陣
pháinn-té,歹底
pháinn-té-tì,歹底蒂
pháinn-thàn,歹趁
pháinn-thàn-tsia̍h,歹趁食
pháinn-thâng,歹蟲
pháinn-thâu-tshái,歹頭彩
pháinn-thì-thâu,歹剃頭
pháinn-thiann,歹聽
pháinn-thih-á,歹鐵仔
pháinn-thinn,歹天
pháinn-thinn-nî,歹天年
pháinn-thinn-sî,歹天時
pháinn-tiau,歹雕
pháinn-tiāu,歹兆
pháinn-tiāu-thâu,歹兆頭
pháinn-tōo-tháng,歹肚桶
pháinn-tōo-tn̂g,歹肚腸
pháinn-ūn,歹運
pháinn-ūn-khì,歹運氣
pháinn-ūn-tôo,歹運途
phāinn,phāinn
phāinn-tsînn-tsáu,揹錢走
phāinn-tsè,揹債
phāinn-hîng-lí,phāinn行李
phak,仆
phak,僕
phak,覆
pha̍k,曝
pha̍k-tshik,曝粟
pha̍k-tshik-tiânn,曝粟埕
pha̍k-hōo-ta,曝hōo-ta
pha̍k-ji̍t,曝日
pha̍k-ji̍t-hue,曝日花
pha̍k-ji̍t-thâu,曝日頭
pha̍k-kuann,曝干
pha̍k-li̍t,曝日
pha̍k-oo--khì,曝烏去
pha̍k-sann,曝衫
pha̍k-sí,曝死
pha̍k-sio,曝燒
pha̍k-ta,曝ta
pha̍k-ta,曝凋
phak-tshài,覆菜
phak-tshiò,覆笑
phak-tsô,覆槽
phak-tsuí-siû,仆水泅
pha-khì,拋棄
phak-hī-khang,僕耳腔
phak-hīnn-khang,仆耳孔
pha-kî-lîn,拋麒麟
pha-kīn-lōo,拋近路
phak-io,覆腰
phak-ku-tîng,覆龜亭
phak-leh-khùn,覆leh睏
phak-pài,伏拜
phak-sūn-tîng,覆順亭
phak-tē-hóo,撲地虎
phak-teh-khùn,仆teh睏
phak-teh-pài,仆teh拜
phak-teh-thiann,仆teh聽
pha-lián-táu,拋輦斗
pha-liàn-táu,拋輦斗
pha-lìn-táu,拋輾斗
pha-lông,脬囊
phànn,phànn
phàn,phàn
phànn,冇
phàn,判
phàn,襻
phàn-á,盼仔
phànn-bí-á,冇米仔
phàn-bōng,盼望
phànn-tshâ,冇柴
phànn-tshik,冇粟
phànn-tshik-á,冇粟仔
phànn-tshiú,冇手
phànn-tsio̍h,冇石
phànn-tsiunn,冇樟
phànn-gia̍h,冇額
phànn-ham,冇含
phànn-kam,冇柑
phànn-kè,冇計
phànn-khak-lī,phànn殼字
phànn-khīng,冇虹
phànn-kóng-muâ,冇管麻
phànn-kóo,冇古
phànn-kuì,冇桂
phànn-kut-siau,冇骨消
phànn-lia̍p,冇粒
phànn-nn̄g,冇卵
phànn-uē,冇話
phànn-phànn,冇冇
phànn-phu̍h,冇浡
phànn-siàu,冇數
phànn-sim,冇心
phànn-tâm,冇談
phànn-tan-tshiū,冇丹樹
phànn-thai,冇胎
phànn-thâu,冇頭
phànn-thâu-á,冇頭仔
phànn-thâu-liân,冇頭鰱
phànn-thuànn,冇炭
phānn,phānn
phānn-tshit-á,phānn七仔
phang,芳
phang,蜂
pháng,紡
pháng-tshia,紡車
pháng-tshia-lûn,紡車輪
pháng-tshia-soh,紡車索
pháng-tsit,紡織
pháng-tsit-tshiúnn,紡織廠
pháng-tsit-gia̍p,紡織業
pháng-tsit-phín,紡織品
pháng-se,紡紗
phàng,胖
phàng-kìnn,phàng見
phàng-m̄-kìnn,拍m̄見
phàng-phuh,幫浦
phâng,帆
phâng,房
phâng,捧
phâng,篷
phâng-tshài,捧菜
phâng-tshia,篷車
phâng-tsûn,帆船
phâng-tsûn,篷船
phâng-guî,篷桅
phâng-uánn,捧碗
phâng-pn̄g,捧飯
phâng-pòo,帆布
phâng-pòo,篷布
phâng-pòo-tē,篷布袋
phâng-tê,捧茶
phâng-tê-tuànn,捧茶旦
phâng-tiûnn,捧場
phāng,縫
phāng-tsè,縫製
phang-á,蜂仔
phang-bī,芳味
phang-bi̍t,蜂蜜
phang-tsing,芳精
phang-tshâ,芳柴
phang-tshài,芳菜
phang-tsháu-hue,芳草花
phang-tshàu,芳臭
phang-tshìng-tshìng,芳沖沖
phang-tshí,芳鼠
phang-tshì,蜂刺
phang-tsiam,蜂針
phang-tsiunn,芳樟
phang-tsuí,芳水
phang-ing,蜂鷹
phang-hê,蜂蝦
phang-hiunn,芳香
phang-hiunn-bī,芳香味
phang-hue,芳花
phang-hóo,蜂虎
phang-hún,芳粉
phang-io,蜂腰
phang-iû,芳油
phang-khì,芳氣
phang-kiunn,芳獐
phang-kue,芳瓜
phang-kòng-kòng,芳貢貢
phang-kuì,芳桂
phang-kún-kún,芳滾滾
phang-liāu,芳料
phang-o-tsu,蜂窩疽
phang-ông,蜂王
phang-phùn-phùn,芳噴噴
phang-sap-bûn,芳雪文
phang-siū,蜂siū
phang-siū,蜂岫
phang-siū-ing,蜂siū-eng
phang-siū-ing,蜂岫癰
phang-siū-khang,蜂siū空
phang-siū-muî,蜂siū煤
phang-siū-tōo,蜂岫肚
phang-siunn,蜂箱
phang-tê-khoo,芳茶箍
phang-thâu,芳頭
phang-tinn,芳甜
phang-tû,蜂廚
phan-hū,攀附
phan-ting,攀登
pha-uan-lōo,拋彎路
pha-pha-tsáu,拋拋走
pha-sa,拋捎
pha-sa,拋搔
pha-sióng,pha-sióng
pha-siû,拋售
pha-tiānn,拋碇
pha-tiānn,拋錠
pha-tiâu,拋tiâu
pha-tîn,拋藤
pha-tîn,拋籐
pha-tò-tńg,拋倒轉
phau,拋
pháu,跑
pháu-bé,跑馬
pháu-bé-tiûnn,跑馬場
pháu-tshia,跑車
pháu-tsînn,跑錢
pháu-hông,跑紅
pháu-khòo,跑褲
pháu-tō,跑道
phàu,泡
phàu,炮
phàu,砲
phàu,袍
phàu-á,炮仔
phàu-á-tsháu,炮仔草
phàu-á-kóng,炮仔管
phàu-á-sim,炮仔心
phàu-á-sim,炮仔芯
phàu-tshài,泡菜
phàu-tsí,炮子
phàu-tsō,砲座
phàu-tsuí,泡水
phàu-hué,砲火
phàu-hong,砲轟
phàu-ka-pi,泡咖啡
phàu-kik,炮擊
phàu-kik,砲擊
phàu-khang,炮空
phàu-lam,袍襤
phàu-luí,炮壘
phàu-ping,炮兵
phàu-ping,砲兵
phàu-siann,砲聲
phàu-siânn,炮城
phàu-tâi,炮臺
phàu-tâi,砲台
phàu-tâng,炮筒
phàu-tê,泡茶
phàu-thian,泡天
phàu-thng,泡湯
phàu-tuânn,炮彈
phàu-tuânn,砲彈
phāu,抱
phāu-hū,抱負
phāu-hu̍t-kha,抱佛腳
phāu-kuat-sim,抱決心
phāu-lok-kuan,抱樂觀
phāu-uàn,抱怨
phāu-pi-kuan,抱悲觀
phāu-put-pîng,抱不平
phau-bu̍t-suànn,拋物線
phau-tshut,拋出
phauh,鞄
pha̍uh,pha̍uh
pha̍uh,雹
phau-hā,拋下
phau-khai,放開
phau-khì,拋棄
phau-kng,拋光
phau-siù-kiû,拋繡球
phe,phe
phe,批
phe,坯
phe,胚
phe,醅
phè,帕
phè-á,帕仔
phè-āu-táu,帕後斗
phè-bué,帕尾
phè-tshiú,帕手
phè-enn-á,帕嬰仔
phè--khí-lâi,phè起來
phè-phè-kiò,霈霈叫
phē-á,稗仔
phē-miā,佩命
phē-sìnn-miā,佩性命
phe-bôo,胚模
phe-tsat,批札
phe-tshia,拚車
phe-tsuá,批紙
phe-tsún,批准
phe-gîn,批銀
phe̍h,phe̍h
pheh-āu-táu,帕後斗
phe̍nnh,phe̍nnh
phe-huat,批發
phe-huat-kè,批發價
phe-huè,批貨
phe-hok,批覆
phik,拍
phik,魄
phe-kái,批改
phik-tsīng,僻靜
phe-ki̍k,批局
phik-gán,碧眼
phik-gio̍k,碧玉
phik-hái,碧海
phe-khak,批殼
phik-hûn,碧雲
phe-kiānn,批件
phe-kiò-sī,坯叫是
phik-kiàn,闢建
phik-lē,薜荔
phik-li̍k,魄力
phik-li̍k,霹靂
phik-luî,霹雷
phe-kòo,批購
phik-pán,拍板
phik-siâ,辟邪
phik-suann,碧山
phik-thâm,碧潭
phik-to̍k,辟毒
phe-līng,批令
phe-lok,批橐
phe-lok-á,批橐仔
phe-lông,批囊
phe-miā,胚命
phenn,phenn
phenn,偏
phênn,phênn
phênn,彭
phênn-tsóo,彭祖
phênn-ka-sū,彭加嶼
phênn-kuān,澎縣
phênn-ôo,澎湖
phênn-ôo-kau,澎湖溝
phênn-ôo-kuān,澎湖縣
phênn-pún,phênn本
phēnn-phēnn-tshuán,怦怦喘
phenn-tshìn-thâu,偏秤頭
phing,崩
phìng,聘
phìng-tshiánn,聘請
phìng-hâm,聘函
phìng-iōng,聘用
phìng-jīm,聘任
phìng-kim,聘金
phìng-lé,聘禮
phìng-puânn,拼盤
phìng-su,聘書
phìng-ūn-khì,phīng運氣
phîng,phîng
phîng,坪
phîng,評
phîng-tsù,評註
phîng-gí,評語
phîng-gī,評議
phîng-hi̍k,評核
phîng-hun,評分
phîng-kàm,評鑑
phîng-kè,評價
phîng-kó-lâi,苹果梨
phîng-kóo,評估
phîng-lí,評理
phîng-lūn,評論
phîng-lūn-ka,評論家
phîng-phuànn,評判
phîng-sím,評審
phîng-tíng,評等
phîng-tīng,評定
phîng-tiòng-li̍k,膨脹力
phîng-tuàn,評斷
phīng,phīng
phīng-í,phīng椅
phīng-khuànn-māi,phīng看覓
phīng-sue-ōng,phīng衰旺
phīng-ū-la̍t,phīng有力
phing-huì,崩潰
phing-im,拼音
phing-iû,烹油
phing-lāu,崩漏
phing-lia̍t,崩裂
phing-tiāu,烹調
phenn-hîng,偏還
phenn-lâng,偏人
phenn--lâng,偏人
phenn-phoo-hîng,偏舖還
phenn-thâu,偏頭
phe-ua̍t,批閱
phe-pak,胚腹
phe-phîng,批評
phe-phîng-tsiá,批評者
phe-phuànn,批判
phe-phuê,批皮
phe-pok,批駁
phe-sī,批示
phe-sìn,批信
phe-siunn,批箱
phe-tâng,批筒
phe-tháng,批桶
phi,披
phí,疕
phí-á-hàn,疕仔漢
phí-tsiān,鄙賤
phí-lî,鄙厘
phí-līn,鄙吝
phí-lū,譬喻
phí-phí-á,庀庀仔
phí-siùnn,鄙相
phí-thak,鄙thak
phí-thak,鄙剔
phì-jî-kóng,譬如講
phì-jū,譬如
phì-jū,譬喻
phì-lūn,譬論
phì-siâ,辟邪
phì-siùnn,譬相
phî,phî
phî,皮
phî-hân-tsìng,皮寒症
phî-hua̍t,疲乏
phî-jio̍k,疲弱
phî-khì,脾氣
phî-lô,疲勞
phî-pē,疲憊
phî-phî,皮皮
phî-phî-tshuah,疲疲chhoah
phî-tàn,皮蛋
phiah,辟
phiah,僻
phiah,避
phiah,癖
phia̍h,癖
phia̍h-á,癖仔
phiah-tsáu,辟走
phiah-tsè,辟債
phiah-tsè,避債
phiah-tsìng,僻症
phiah-tsìng,癖症
phiah-tsīng,僻靜
phiah-ē,避禍
phiah-eh,辟厄
phiah-eh,避厄
phiah-hiâm,避嫌
phiah-hn̄g,僻遠
phiah-hōo,辟雨
phiah-hōo,避雨
phiah-kak,僻角
phiah-khì-tiàm,辟去站
phiah-khui,辟開
phiah-khui,避開
phiah-uē,僻話
phiah-phìnn,癖片
phiah-phīnn,僻鼻
phiah-phīnn,癖片
phiah-phīnn,癖鼻
phiah-pī,避避
phiah-sìng,癖性
phiah-siah,僻嗇
phia̍k,phia̍k
phia̍k,擗
phia̍k-á,擗仔
phia̍k-tshut,擗出
phia̍k-phia̍k-tân,啪啪霆
phia̍k-thôo,擗土
phiann,phiann
phian,偏
phiánn,phiánn
phián,phián
phián-si̍t,翩翼
phián-thôo,phiàn土
phiàn,片
phiàn,騙
phiàn-bīn,片面
phiàn-tsâi,騙財
phiàn-tsáu,騙走
phiàn-tshú,騙取
phiàn-tsì,phiàn-tsì
phiàn-tsú,騙子
phiàn-hông,片紅
phiàn-khik,片刻
phiàn-kio̍k,騙局
phiàn-kuí,騙鬼
phiàn-lâng,騙人
phiàn-pòo,遍佈
phiàn-pōo,騙步
phiàn-siáu,騙siáu
phiàn-siáu-ê,騙痟個
phiàn-tē-gím,遍地錦
phiàn-tē-kin,遍地根
phiàn-tuann,片單
phiàn-tôo,騙徒
phiânn,phiânn
phiân,phiân
phiânn,坪
phiânn-lîm,坪林
phiânn-tò-tńg,phiânn倒轉
phian-ài,偏愛
phian-tsè,編制
phian-tsha,偏差
phian-tshuàn,編篡
phian-tsiá,編者
phiann-tsio̍h-thâu,抨石頭
phian-tsip,偏執
phian-tsip,編輯
phian-tsō,編造
phian-tsuàn,編纂
phian-tsuān,編撰
phian-tsoo,編組
phian-i̍k,編譯
phian-i̍k-kuán,編譯館
phiàng-kóo,砰鼓
phiāng,phiāng
phiann-hìnn-sak,摒幌sak
phian-hiòng,偏向
phian-hó,偏好
phian-hō,偏號
phian-hō,編號
phian-hōo,偏護
phian-ji̍p,編入
phian-kē,偏低
phian-khiàu,偏竅
phian-kiàn,偏見
phiann-ki-kut,phin-枝骨
phiann-ki-kut,骿枝骨
phian-kio̍k,編劇
phian-kióng,偏強
phiann-kut,骿骨
phian-lī,偏離
phian-lia̍t,編列
phiann-liâu-bah,背條肉
phiann-liâu-bah,骿條肉
phiann-liâu-kut,骿條骨
phian-lōo,偏路
phian-miâ,偏名
phian-mn̂g,偏門
phian-uán,偏遠
phian-pâi,編排
phian-pak,偏北
phian-pan,編班
phian-pâng,偏房
phian-phiah,偏僻
phian-phiah-lōo,偏僻路
phian-phiah-uē,偏僻話
phian-phian,偏偏
phian-phian-bueh,偏偏欲
phian-phiann-ji̍t,天兵日
phian-pinn,偏邊
phian-sán,偏產
phian-sîng,編成
phian-sī,偏視
phian-siá,編寫
phian-sim,偏心
phian-sím,編審
phian-si̍t,偏食
phian-siu,編修
phian-su,偏私
phian-su,編書
phian-tìng,編訂
phian-thán,偏袒
phian-thâu-hong,偏頭風
phian-thâu-thiànn,偏頭痛
phian-thiāu,偏祧
phiann-thó-ka̍k,摒討掬
phian-tiān,偏殿
phiann-tiâu-bah,phin-條肉
phiann-tiāu,摒掉
phian-tiōng,偏重
phian-tiōng-tī,偏重tī
phian-tō,編導
phian-tôo,偏途
phian-tuī,編隊
phian-uî,編為
phiat,撇
phia̍t,phia̍t
phia̍t-bué,撇尾
phia̍t-si̍t,撇翼
phiat-á,撇仔
phiat-tshe,撇叉
phiat-tshing,撇清
phiat-phiat-háu,phiat-phiat吼
phiat-pōo,撇步
phiat-sak,撇sak
phiat-sàng,撇桑
phiau,標
phiau,飄
phiâu,嫖
phiâu-tsa-bóo,嫖查某
phiâu-kheh,嫖客
phiâu-piáu,嫖婊
phiâu-tóo-ím,嫖賭飲
phiau-bîng,標明
phiau-tshiam,標籤
phiau-tshut,標出
phiau-tsì,標誌
phiau-tsì,標幟
phiau-tsún,標準
phiau-tsún-kán,標準桿
phiau-gí,標語
phiau-hûn,飄雲
phiau-iâu,飄搖
phiau-iông,飄揚
phiau-kan,標竿
phiau-kè,標價
phiau-kí,標舉
phiau-kì,標記
phiau-ko,標高
phiau-kòo,標購
phiau-liû,漂流
phiau-lok,飄落
phiau-pi̍k,漂泊
phiau-phiat,漂撇
phiau-phiat,飄撇
phiau-phû,漂浮
phiau-pún,標本
phiau-sik,標識
phiau-sī,標示
phiau-siû,標售
phiau-suànn,飄散
phiau-tê,標題
phiau-ti̍k-bu̍t,標的物
phiau-thâu,標頭
phiau-tì,標緻
phiau-tiám,標點
phiau-tuann,標單
phi-tshik,披粟
phih,phih
phi̍h-pho̍k-tsháinn,嗶噗筅
phi̍h-pho̍k-tshíng,嗶噗筅
phih-lo̍h,躄落
phih-lo̍h-khì,躄落去
phih--lo̍h-khì,躄落去
phi-huat,批發
phi-huat-kè,批發價
phih-phak,躄僕
phih-phak,躄覆
phih-phak-hóo,躄覆虎
phih-phak-nà,躄僕nà
phih-phak-ǹg,躄覆向
phih-tó,躄倒
phih--tó,躄倒
phi-khui,披開
phi-kian,披肩
phi-lōo,披露
phinn,phinn
phinn,抨
phinn,篇
phín,品
phín-á,phín仔
phín-á,品仔
phín-á-mo̍oh,品仔膜
phín-ba̍k,品目
phín-bîng,品明
phín-bîng,品茗
phín-tsíng,品種
phín-tsit,品質
phín-hīng,品行
phín-kip,品級
phín-kuán,品管
phín-kong,品功
phín-lôo-muâ,品鱸鰻
phín-luī,品類
phín-māu,品貌
phín-miâ,品名
phín-uánn,品碗
phín-pâi,品牌
phín-phîng,品評
phín-phóng,乒乓
phín-phóng,品捧
phín-pó,品寶
phín-sì-thâu,品勢頭
phín-siông,品嘗
phín-tik,品德
phín-ū-tsînn,品有錢
phìnn,片
phìnn-kháu,片口
phìnn-miâ,片名
phìnn-siû,片酬
phìnn-té,片底
phìnn-thâu,片頭
phîn,phîn
phînn,平
phîn,蹁
phîn-á,苹仔
phîn-phîn,phîn-phîn
phîn-pô,蘋婆
phînn-pún,平本
phînn-tò-tńg,平倒轉
phīnn,phīnn
phīnn,鼻
phīnn-tsui-tsui,鼻錐錐
phīnn-á,鼻仔
phīnn-àng,鼻甕
phīnn-àng,鼻齆
phīnn-àng-á,鼻齆仔
phīnn-àng-àng,鼻齆齆
phīnn-au,鼻凹
phīnn-ba̍k-tshuì,鼻目嘴
phīnn-ba̍k-phāng,鼻目縫
phīnn-bē-tshut,鼻bē出
phīnn-tshng,鼻穿
phīnn--tshut-lâi,鼻出來
phīnn-tsóo,鼻祖
phīnn-tsui,鼻水
phīnn-tsuí,鼻水
phīnn-gâm,鼻癌
phīnn-hueh,鼻血
phīnn-hong,鼻風
phīnn-hún-bī,鼻粉味
phīnn-iām,鼻炎
phīnn-im,鼻音
phīnn-io,鼻腰
phīnn-kau,鼻溝
phīnn-khang,鼻孔
phīnn-khang,鼻空
phīnn-khang,鼻腔
phīnn-khang-hong,鼻孔風
phīnn-khang-hong,鼻腔風
phīnn-khang-kháu,鼻孔口
phīnn-khang-mn̂g,鼻孔毛
phīnn-kin,鼻筋
phīnn-kóng,鼻管
phīnn-lak,鼻橐
phīnn-lak-kóng,鼻橐管
phīnn-lîng,鼻龍
phīnn-liông,鼻龍
phīnn-lok,鼻橐
phīnn-niû,鼻梁
phīnn-ô,鼻蚝
phīnn-uann,鼻鞍
phīnn-phang,鼻芳
phīnn-phāng,鼻縫
phīnn-pinn-hûn,鼻邊痕
phīnn-sái,鼻屎
phīnn-sái-ko,鼻屎膏
phīnn-siann,鼻聲
phīnn-si̍t,鼻翼
phīnn-sng,鼻痠
phīnn-sng,鼻酸
phīnn-thâm-nuā,鼻痰瀾
phīnn-thâu,鼻頭
phīnn-thâu-sng,鼻頭酸
phīnn--tio̍h,鼻著
phīnn-to,鼻刀
phīnn-tok-tok,鼻tok-tok
phīnn-to-to,鼻刀刀
phīnn-tōo-iām,鼻竇炎
phinn-hok,篇幅
phin-phau,繽拋
phin-phiann,天兵
phin-phiann-sîn,天兵神
phinn-tńg-lâi,抨轉來
phiò,phiò
phiò,票
phiò,漂
phiò-bīn-gia̍h,票面額
phiò-guân,票源
phiò-hōo,漂雨
phiò-hún,漂粉
phiò-io̍h,漂藥
phiò-iú,票友
phiò-kè,票價
phiò-kì,票據
phiò-kì-huat,票據法
phiò-kin,票根
phiò-kǹg,票券
phiò-pâng,票房
phiò-pe̍h,漂白
phiò-pe̍h-hún,漂白粉
phiò-siunn,票箱
phiò-suán,票選
phiò-sòo,票數
phiô,瓢
phiô,薸
phiô-á-bō,瓢仔帽
phi-pha̍k,披曝
phi-sann,披衫
phi-sin,披身
phi-sng,砒酸
phi-sng,砒霜
phit,匹
phit,疋
phi-ta,披凋
phi-tiânn,披埕
phit-ngóo,匹偶
phit-phuè,匹配
phit-sòo,疋數
phit-ti̍k,匹敵
phit-thâu,匹頭
phiu,phiu
phiù,phiù
phiu-liu-siu,驃溜咻
phǹg,phǹg
phǹg,抨
phǹg-phǹg-kiò,呯呯叫
phngh,phngh
phng-phng-háu,phng-phng吼
pho,坡
pho,波
phò,phò
phò,頗
phò-àn,破案
phò-bia̍t,破滅
phò-tsâi,破財
phò-tsí,朴子
phò-tsio̍h,phò石
phò-hāi,破害
phò-hi̍k,破獲
phò-huāi,破壞
phò-huāi-sìng,破壞性
phò-huì,破費
phò-kué,phò粿
phò-kong,破功
phò-lē,破例
phò-lia̍t,破裂
phò-sán,破產
phò-siong-hong,破傷風
phò-tâng,phò桐
phò-tāu,破豆
phò-thian-hong,破天荒
phò-thóo,破土
phò-tî,破除
phô-tô,葡萄
phō,phō
phō,抱
phō-gín-á,抱囝仔
phō-ân-ân,抱ân-ân
phō-tshiū-kueh,抱樹蕨
phō-tshiū-liân,抱樹蓮
phō-ê,抱的
phō-ê,抱個
phō-khiām,抱歉
phō-leh,抱leh
phō-liù-tshiú,抱liù手
phō-pu̍t-kha,抱佛腳
phō-senn,抱生
phō-sim,抱心
phō-sim-pîng,抱心旁
phō-sim-sua,抱心痧
phō-tāng,抱重
phō-tāng,抱動
phō-tīng,抱定
phō-tî,抱持
phō-tiâu,抱tiâu
phō-tiâu-tiâu,抱tiâu-tiâu
phō-tuā-thuí,抱大腿
phō-ún,抱穩
phuà,破
phuà-bâ,破媌
phuà-tsām,破鏨
phuà-tshâ,破柴
phuà-tshâ-ku,破柴龜
phuà-tshè,破脆
phuà-tshe̍h-siann,破tshe̍h聲
phuà-tshe̍h-siann,破唶聲
phuà-tshù,破厝
phuà-tshuì,破碎
phuà-tshuì,破嘴
phuà-tshuì-tsâm,破嘴讒
phuà-tshuì-tsām,破嘴鏨
phuà-tshuì-suah,破嘴煞
phuà-tsuí,破水
phuà-hāi-li̍k,破壞力
phuà-hia-tóng,破靴黨
phuà-hiú-hiú,破朽朽
phuà-hiû-kong,破裘公
phuà-hōo-suànn,破雨傘
phuà-hûn,破痕
phuà-kái,破解
phuà-kài,破戒
phuà-ke,破家
phuà-ke-tshíng,破雞筅
phuà-keh,破格
phuà-keh-bâ,破格媌
phuà-keh-tshuì,破格嘴
phuà-keh-siann,破格聲
phuà-ke-kiánn,破家囝
phuà-khak,破殼
phuà-khang,破空
phuà--khì,破去
phuà-khiah,破隙
phuà-khih,破缺
phuà-khui,剖開
phuà-kì-lo̍k,破紀錄
phuà-ki-kut,破枝骨
phuà-kóo,破股
phuà-kòo-tsí,破故子
phuà-kôo-kôo,破糊糊
phuà-kū,破舊
phuà-lē,破例
phuà-nn̄g,破卵
phuà-nuā,破爛
phuà-nuā-senn,破爛生
phuà-o̍h,破學
phuà-pāi,破敗
phuà-pāi-kiánn,破敗囝
phuà-pak,破腹
phuà-pak-uē,破腹話
phuà-pēnn,破病
phuà-pēnn-tsînn,破病錢
phuà-pēnn-ke,破病雞
phuà-pēnn-khuán,破病款
phuà-pēnn-lōo,破病路
phuà-pēnn-pún,破病本
phuà-pēnn-ting,破病丁
phuà-pēnn-tháng,破病桶
phuà-pîng,剖旁
phuà-phāng,破縫
phuà-phí,破疕
phuà-phuà,破破
phuà-phuê,破皮
phuà-piáu,破婊
phuà-pìn-se,破鬢梳
phuà-pit,破筆
phuà-pòo,破布
phuà-pòo-tsí,破布子
phuà-sàm,破散
phuà-sàm,破鬖
phuà-sann,破衫
phuà-si,剖屍
phuà-siàu-liân,破少年
phuà-siùnn,破相
phuà-sún,破損
phuà-tánn,破膽
phuà-thâu,破頭
phuà-thóo,破土
phuà-tiánn,破鼎
phuà-tuā-sià,破大舍
phuà-tōo,破肚
phuah,博
phuah,撥
phuah,潑
phua̍h,phua̍h
phua̍h,佩
phua̍h,珮
phua̍h-âng,佩紅
phua̍h-âng,旆紅
phua̍h-hong,佩風
phua̍h-kah,佩甲
phua̍h-kha,phua̍h腳
phua̍h-kha,佩腳
phua̍h-kin,旆巾
phua̍h-liān,phua̍h鍊
phua̍h-liān,旆鍊
phua̍h-sann,phua̍h衫
phua̍h-sann,佩衫
phua̍h-thuî,佩槌
phuah-tsuí,潑水
phuah-hong,潑風
phuah-hōo,潑雨
phuah--ji̍p-lâi,潑入來
phuah-sìnn,潑扇
phuah-tâm,潑tâm
phuànn,判
phuànn,販
phuànn-àn,判案
phuànn-hîng,判刑
phuànn-kuann,判官
phuànn-kuat,判決
phuànn-kuat-su,判決書
phuànn-lē,判例
phuànn-tīng,判定
phuànn-tuàn,判斷
phuân-kóo,盤古
phuânn-lâu,盤流
phuân-phua̍h,盤佩
phuân-thô,蟠桃
phuân-thuí,盤腿
phuānn,伴
phuānn-bú,伴舞
phuānn-tsàu,伴奏
phuānn-tsē,伴坐
phuānn-tshiú,伴手
phuānn-tshiùnn,伴唱
phuānn-tshuā,伴娶
phuānn-kè,伴嫁
phuānn-lām,伴濫
phuānn-lâng-kheh,phuānn人客
phuānn-lī,伴侶
phuānn-pâng,伴房
phuānn-tánn,伴膽
phuānn-tuânn,伴壇
phuan-lî,藩籬
phuan-pîn,藩屏
phuat,phoat
phuat-tshe,撇叉
phuat-tsiān,潑賤
phuat-hū,潑婦
phuat-kâu,潑猴
phuat-kha,撇腳
phuat-pô,潑婆
pho-bûn,波紋
pho-tsiat,波折
phue,胚
phuè,phuè
phuè,配
phuè-á,phuè仔
phuè-tsè,配製
phuè-tshah,配插
phuè-tshài,配菜
phuè-tsiú,配酒
phuè-gia̍h,配額
phuè-ha̍p,配合
phuè-hô,配和
phuè-huat,配發
phuè-io̍h,配藥
phuè-kah,配佮
phuè-kak,配角
phuè-kíng,配景
phuè-kiānn,配件
phuè-kioh,配腳
phuè-kip,配給
phuè-liāu,配料
phuè-ngóo,配偶
phuè-pí,配比
phuè-pī,配備
phuè-pn̄g,配飯
phuè-sik,配色
phuè-siāng,配上
phuè-siû,配售
phuè-suànn,配線
phuè-tah,配搭
phuè-tài,配戴
phuè-ta̍t,配達
phuè-tàu,配鬥
phuè-tê,配茶
phuè-thâu,配頭
phuè-thò,配套
phuè-tì,配置
phuè-tiān,配電
phuê,皮
phuê-tsiūnn,皮癢
phuê-á,皮仔
phuê-bah,皮肉
phuê-tshàn,皮襯
phuê-tsháu,皮草
phuê-tsuâ,皮蛇
phuê-ê,皮鞋
phuê-ê-tûn,皮鞋唇
phuê-hì,皮戲
phuê-hu,皮膚
phuê-hu-kho,皮膚科
phuê-hu-pēnn,皮膚病
phuê-kâu,皮猴
phuê-kâu-hì,皮猴戲
phuê-kik,皮革
phuê-kiānn,皮件
phuê-kiap-á,皮夾仔
phuê-kiû,皮球
phuê-liù-á,皮溜仔
phuê-mo̍oh,皮膜
phuê-pau,皮包
phuê-pau-á,皮包仔
phuê-pau-kut,皮包骨
phuê-phuê,皮皮
phuê-phuê-á,皮皮仔
phuê-sann,皮衫
phuê-sik,皮色
phuê-siunn,皮箱
phuê-tē-á,皮袋仔
phuê-to,皮刀
phuê-tuà,皮帶
phuē,被
phuē,稗
phuē-á,稗仔
phuē-tshio̍h,被蓆
phuē-khang-lāi,被空內
phuē-kńg,被管
phuē-kûn,被裙
phuē-lông,被囊
phuē-pau,被包
phuē-phoo,被舖
phuē-phoo-tshio̍h,被鋪席
phuē-phoo-kǹg,被鋪卷
phuē-thâu-kin,被頭巾
phuē-tuann,被單
phue-á,胚仔
phue-bah,批肉
phue-bôo,胚模
phue̍h,phue̍h
phue-lāu-miā,phoe老命
phue-puânn,胚盤
phue-sak,批sak
phue-sènn-miā,phoe性命
phue-sí,phoe死
phue-thai,胚胎
phoh,粕
phoh-á,朴仔
phoh-á-tshiū,朴仔樹
phoh-á-tshiū,炮仔樹
pho-hok,波幅
phoh-si̍t,朴實
phoh-si̍t,樸實
phoh-tiānn,博定
phok,博
phok,撲
pho̍k,噗
pho̍k-á-tsháu,朴仔草
pho̍k-á-siann,噗仔聲
pho̍k-bô-tio̍h,撲無著
pho̍k-tsà,爆炸
pho̍k-huat,爆發
pho̍k-hong,爆風
pho̍k-kng,曝光
pho̍k-lōo,曝露
pho̍k-phuà,爆破
pho̍k-pho̍k-tsháinn,撲撲筅
pho̍k-pho̍k-tshíng,噗噗惝
pho̍k-pho̍k-tiô,pho̍k-pho̍k-tio
pho̍k-pho̍k-tuānn,撲噗彈
pho̍k-pòo,瀑布
pho̍k-tio̍h,撲著
phok-ài,博愛
phok-bia̍t,撲滅
phok-bûn,博聞
phok-bu̍t,博物
phok-bu̍t-kuán,博物館
phok-tshú,博取
phok-tshut,凸出
phok-ha̍k,博學
phok-hong,樸風
pho-ki̍p,波及
phok-khang,撲空
phok-khik-pâi,撲克牌
phok--khí-lâi,phok起來
phok-kiat,博孑
phok-kiù,撲救
phok-ngá,博雅
phok-phok,phok凸
phok-phok,撲撲
phok-phok-tshia,撲撲車
phok-phok-tuānn,撲撲彈
phok-sat,撲殺
phok-siau,朴硝
phok-si̍t,樸實
phok-sòo,樸素
phok-sū,博士
phok-sū-pan,博士班
phok-sū-phok,博士博
pho-lân,波瀾
pho-lân,波蘭
pho-lô-bi̍t,波羅蜜
pho-lô-tshiū,波羅樹
pho-lōng,波浪
phóng,phóng
phóng,捧
phóng-tsuí-lim,捧水
phòng,胖
phòng-bé,胖碼
phòng-bīn,碰面
phòng-bīn,膨面
phòng-bīn-kiànn,凸面鏡
phòng-bué-bâ,膨尾狸
phòng-tshìng,膨沖
phòng-tshí,phòng鼠
phòng-tshí,膨鼠
phòng-tshiàng,膨唱
phòng-tshn̂g,胖床
phòng-tshn̂g,膨床
phòng-tsō-huà,碰造化
phòng-tsuā,phòng迣
phòng-hong,胖風
phòng-hong,膨風
phòng-hong-sian,膨風仙
phòng-hún,膨粉
phòng-í,胖椅
phòng-í,膨椅
phòng-jī,凸字
phòng-kam,椪柑
phòng-kè,膨價
phòng-khí-lâi,膨起來
phòng--khí-lâi,胖起來
phòng-kiànn,凸鏡
phòng-kiànn,膨鏡
phòng-kûn,膨裙
phòng-mn̂g-kńg,膨毛管
phòng-nah-kiànn,phòng-nah鏡
phòng-nah-kiànn,膨凹鏡
phòng-pán,胖版
phòng-phā,phòng泡
phòng-phā,碰phā
phòng-phā,膨皰
phòng-phuê,胖皮
phòng-phuê,碰皮
phòng-phuê,膨皮
phòng-phòng-tuā,phòng-phòng大
phòng-phuh,泵浦
phòng-piánn,碰餅
phòng-piánn,膨餅
phòng-sai-sai,胖獅獅
phòng-sai-sai,膨獅獅
phòng-se,胖紗
phòng-se,膨紗
phòng-se-tshiah,膨紗刺
phòng-se-sann,膨紗衫
phòng-tāi-hái,膨大海
phòng-ting,碰釘
phòng-ting,膨丁
phòng-thap,膨蹋
phòng-thâu,胖頭
phòng-thâu,碰頭
phòng-thuí,膨腿
phòng-tio̍h,碰著
phòng-tiòng,膨脹
phòng-tuā,phòng大
phòng-tuā,膨大
phòng-tóo,胖肚
phòng-tōo,胖肚
phòng-tōo,碰肚
phòng-tōo,膨肚
phông,蓬
phông,篷
phông-kong,膀胱
phông-lōng-song,蓬弄鬆
phông-phông-tshìng,蓬蓬沖
phông-phông-ing,蓬蓬颺
phông-phông-to̍h,蓬蓬著
phông-pu̍t,蓬勃
phông-song,蓬鬆
phông-song-mi̍h,蓬鬆物
phōng-kó,蓬果
phōng-kong,膀胱
phōng-lōng-song,蓬弄鬆
phōng-phōng-tshi,唪唪嗤
phōng-phōng-hun,蓬蓬燻
phōng-sim,蓬心
phōng-song,phōng鬆
phōng-song,蓬鬆
phong-pài,澎湃
phong-phài,豐沛
pho-su,波斯
pho-sū-tùn,波士頓
pho-su-uân,波斯灣
pho-tē,坡地
pho-tn̂g,波長
pho-tô,波濤
pho-tōng,波動
pho-tōo,坡度
phoo,膚
phoo,鋪
phoo,麩
phóo,圃
phóo,普
phóo,譜
phóo-tsa,普查
phóo-tsè,普濟
phóo-tshut,譜出
phóo-tsiàu,普照
phóo-khik,譜曲
phóo-khó,普考
phóo-kî-lia̍k,普其略
phóo-kî-lia̍k,頗其略
phóo-ki̍p,普及
phóo-lia̍k,普略
phóo-lia̍k-á,普略仔
phóo-lia̍k-á,頗略仔
phóo-me̍h,譜脈
phóo-me̍h-á,譜脈仔
phóo-phiàn,普遍
phóo-phiàn-huà,普遍化
phóo-phóo,普普
phóo-phóo-á,普普仔
phóo-phóo-á,頗頗仔
phóo-phóo-á,譜譜仔
phóo-suán,普選
phóo-thian-hā,普天下
phóo-thinn-ē,普天下
phóo-thong,普通
phóo-thong-tshia,普通車
phóo-thong-ji̍t,普通日
phóo-thong-lâng,普通人
phóo-thong-phe,普通批
phóo-tōo,普度
phóo-tōo,普渡
phóo-tōo-kong,普度公
phòo,phòo
phòo,鋪
phòo,舖
phòo-puànn-lōo,鋪半路
phòo-sán,破產
phòo-si,剖屍
phôo,phôo
phôo,扶
phôo,蒲
phôo-āu-kha,扶後腳
phôo-tsah,扶扎
phôo-tshah,扶插
phôo-kha,扶腳
phôo-kha-tshng,扶尻川
phôo--khí-lâi,扶起來
phôo-kong-ing,蒲公英
phôo-lān,扶膦
phôo-lān-pha,扶lān-pha
phôo-lān-pha,扶lān脬
phôo-lān-pha,扶膦脬
phôo-lān-sian,扶膦仙
phôo--lâng,扶人
phôo-sáng,扶sáng
phôo-sáng,扶搡
phôo-sat,菩薩
phôo-sian,扶仙
phôo-thánn,扶thánn
phôo-thê-tshiū,菩提樹
phôo-thê-tsí,菩提子
phôo-thê-tsú,菩提子
phôo-thê-kó,菩提果
phôo-thuân,蒲團
phôo-tuā-sian,扶大仙
phôo-toh-á,扶桌仔
phōo,簿
phōo-á,簿仔
phōo-kì,簿記
phoo-bîn-tshn̂g,鋪眠床
phoo-bīn,鋪面
phoo-bīn-than,鋪面蟶
phoo-bīn-than,鋪面攤
phoo-bīn-than,舖面蟶
phoo-tsio̍h-á,鋪石仔
phoo-tsng-á,鋪磚仔
phoo-kài,舖蓋
phoo-khàm,鋪khàm
phoo-kiô,鋪橋
phoo-lōo,鋪路
phoo-mî,鋪棉
phoo-pâi,鋪排
phoo-pâi,舖排
phoo-pâi-uē,鋪排話
phoo-pâi-uē,舖排話
phoo-pán,舖板
phoo-pang,鋪枋
phoo-pênn,鋪平
phoo-siat,鋪設
phoo-siat,舖設
phoo-té,舖底
phú,phú
phú,蜅
phú-á-kng,昲仔光
phú-ba̍k,昲目
phú-bī,phú味
phú-tshang,phú蔥
phú-tshang,昲蔥
phú-hue-sik,phú灰色
phú-khi̍t,昲杙
phú-kng,昲光
phú-kong-tshài,昲公菜
phú-li̍k,昲綠
phú-phú,phú-phú
phú-phú,昲昲
phú-phú,殕殕
phú-phú-kng,phú殕光
phú-sik,phú色
phú-sik,昲色
phû,浮
phû-bīn,浮面
phû-tsâi,浮財
phû-tshìng,浮沖
phû-tshìng,浮蒸
phû-tsînn,浮錢
phû-tsio̍h,浮石
phû-tsiu,浮州
phû-tsiu,浮洲
phû-tsuí,浮水
phû-tsuí-tsînn,浮水錢
phû-tsuí-huè,浮水貨
phû-hái-tsio̍h,浮海石
phû-hue,浮花
phû-ho̍k-tē,浮復地
phû-ió-ió,浮舀舀
phû-ioh,浮溢
phû-ioh-ioh,浮溢溢
phû-iông,芙蓉
phû-iû,浮游
phû--khí-lâi,浮起來
phû-ki,浮居
phû-kuân-kuân,浮高高
phû-lām,浮濫
phû-li̍k,浮力
phû-liû-tîn,浮留藤
phû-lùn,浮崙
phû-lûn,浮崙
phû-lūn,浮崙
phû-miâ,浮名
phû-pán,浮版
phû-phànn,浮冇
phû-phànn-phànn,浮冇冇
phû-phîng,浮萍
phû-phiò,浮剽
phû-phiò,浮漂
phû-phiô,浮薸
phû-phû-tshìng,浮浮沖
phû-sè,浮世
phû-si,浮屍
phû-siàu,浮數
phû-sua,浮沙
phû-sū,浮嶼
phû-tāng,浮筩
phû-thāng,浮thang
phû-thâu,浮頭
phû-tiànn,浮碇
phû-tiau,浮雕
phû-tîm,浮沈
phû-tîm,浮沉
phû-tîn,浮塵
phû-tîn-á,浮塵仔
phû-tîn-tshài,浮藤菜
phû-tô-tsâng,葡萄叢
phû-tô-tshiū,葡萄樹
phû-tô-gê,葡萄牙
phû-tô-iū,葡萄柚
phû-tô-kuann,葡萄乾
phû-tô-thn̂g,葡萄糖
phû-tom,浮丼
phû-tōng,浮動
phū,phū
phū,浡
phū-tshìng,泡蒸
phū--tshut-lâi,phū出來
phū-hueh,phū血
phū--khí-lâi,phū起來
phū-phū-kún,phū-phū滾
phū-phū-pue,浡浡飛
phū-phū-pue,撲撲飛
phuh,phuh
phuh,哱
phu̍h,浡
phu̍h-phu̍h-tshuán,哱哱喘
phuh-phuh-tshuán,哼哼喘
phuh-phuh-tshuán,哱哱喘
phuh-sua-io̍h,哱痧藥
phuì,m̄
phuì,phuì
phuì,吐
phuì,屁
phuì-bīn,屁面
phuì-bīn,呸面
phuì-bīn-uē,屁面話
phuì-tshàu-nuā,呸臭瀾
phuì-tshuì-nuā,phuì嘴瀾
phuì-tshuì-nuā,呸嘴瀾
phuì-hueh,phuì血
phuì-hueh,呸血
phuì-nuā,phuì瀾
phuì-nuā,呸瀾
phuì-pe̍h-nuā,呸白瀾
phuì-sak,呸sak
phuì-thâm,呸痰
phuì-that-á,屁塞仔
phun,phun
phun,潘
phún,phún
phún,畚
phún-tsáu,翸走
phún-tsháu,翸草
phún-phián,畚翼
phùn,噴
phùn-bū-khì,噴霧器
phùn-tse,噴劑
phùn-tshat,噴漆
phùn-tshuì,噴嘴
phùn-tshut,噴出
phùn-tshut-lâi,噴出來
phùn-tsuânn,噴泉
phùn-tsuānn,噴濺
phùn-tsuí,噴水
phùn-tsuí-ôo,噴水壺
phùn-tsuí-tî,噴水池
phùn-hué-khì,噴火器
phùn-hué-suann,噴火山
phùn-hōo,噴雨
phùn-hōo-á,噴雨仔
phùn-hōo-tshiu,噴雨鬚
phùn-hōo-tiám,噴雨點
phùn-khì,噴氣
phùn-phùn,噴噴
phùn-phùn-á,噴噴仔
phùn-seh,噴雪
phùn-siā,噴射
phùn-siā-ki,噴射機
phùn-tâm,噴tâm
phùn-tiám,噴點
phùn--tio̍h,噴著
phûn,盆
phûn-á,盆仔
phûn-bōng,墳墓
phûn-tsai,盆栽
phûn-kíng,盆景
phûn-kha-kut,盆腳骨
phûn-tē,盆地
phun-ám,潘ám
phun-bīng,奔命
phun-tsáu,奔走
phun-tsuí,phun水
phun-tsuí,潘水
phun-hiòng,奔向
phun-hòng,奔放
phun-liû,奔流
phun-lô,潘醪
phun-pho,奔波
phun-song,奔喪
phut,刜
phut-tsháu,刜草
phut-tshiū-ue,phut樹oe
phut--lo̍h-lâi,phut落來
phut-phut,phut-phut
phut-phut-thiàu,phut-phut跳
phut-phut-thiàu,咈咈跳
phut-phut-tiô,phut-phut-tiô
phut-phut-tiô,撲撲趒
phut-sí,phut死
phut-siong,phut傷
phut-tn̄g,phut斷
pi,卑
pi,陂
pi,啡
pi,埤
pi,碑
pi,蓖
pi,蜱
pí,比
pí,妣
pí-ba̍k-hî,比目魚
pí-bí,比美
pí-bú,比武
pí-tsāi,比在
pí-tshiú,比手
pí-tshú,彼此
pí-tsiap,比接
pí-tsiap,彼接
pí-tsiáu,比鳥
pí-tsiàu,比照
pí-tsǹg,pí-tsǹg
pí-gān,彼岸
pí-hi̍k,比劃
pí-jî,比如
pí-jū,比喻
pí-jū-kóng,比喻講
pí-kàu,比較
pí-kè,比價
pí-khí,比起
pí-khí-lâi,比起來
pí-khuànn-bāi,比看覓
pí-kian,比肩
pí-ki-nî,比基尼
pí-kûn,比拳
pí-la̍t,比力
pí-lī-sî,比利時
pí-lia̍h,比lia̍h
pí-lia̍h,比掠
pí-lūn,比論
pí-lūn-kóng,比論講
pí-lu̍t,比率
pí-ní,比爾
pí-pān,比扮
pí-pān,比範
pí-pìng,比拼
pí-pīng,比並
pí-phîng,比評
pí-phīng,比並
pí-piànn,比拚
pí-put-tíng,比不等
pí-sài,比賽
pí-siú,匕首
pí-sòo,比數
pí-tāng,比重
pí-tik,彼得
pí-tuì,比對
pí-uí,鄙猥
pì,庇
pì,閉
pì,痺
pì,痹
pì,臂
pì-bi̍t,祕密
pì-bi̍t,秘密
pì-bōo,閉幕
pì-bōo-sik,閉幕式
pì-hng,秘方
pì-huē,閉會
pì-hōo,庇護
pì-ìm,庇蔭
pì-iū,庇佑
pì-jiō,泌尿
pì-jiō-kho,泌尿科
pì-kháu,閉口
pì-kiat,秘結
pì-kuat,祕訣
pì-kuat,秘訣
pì-lóo,秘魯
pì-mn̂g,閉門
pì-mn̂g-kenn,閉門羹
pì-niāu,泌尿
pì-niāu-kho,泌尿科
pì-su,祕書
pì-su,秘書
pì-sù,祕思
pì-sù,閉肆
pì-su-tshù,秘書處
pì-su-tiúnn,祕書長
pì-su-tiúnn,秘書長
pì-thuân,秘傳
pì-tiau,祕雕
pî,枇
pî,牌
pî,脾
pî-tsōng,脾臟
pî-jí,牌子
pî-kam,脾疳
pî-khì,脾氣
pî-pê,枇杷
pî-pê,琵琶
pî-pê-tshiū,枇杷樹
pî-pê-hî,琵琶魚
pî-thiànn,脾痛
pî-thóo,脾土
pî-thóo-khui,脾土開
pî--tiâu,枇tiâu
pî-tiâu-tiâu,枇tiâu-tiâu
pî-uī,脾胃
pī,婢
pī,被
pī-àn,備案
pī-bián,避免
pī-biān,避面
pī-bông-lio̍k,備忘錄
pī-tsa,備查
pī-tshâ,備查
pī-tshì,被刺
pī-tshiánn,被請
pī-tshú,備取
pī-tsiàn,備戰
pī-hāi,被害
pī-hāi-jîn,被害人
pī-huán,避反
pī-hong,避風
pī-hong-káng,避風港
pī-hong-thâu,避風頭
pī-hû,被俘
pī-īn,避孕
pī-īn-io̍h,避孕藥
pī-iōng,備用
pī-iú,備有
pī-khîm,被擒
pī-kiap,被劫
pī-kò,被告
pī-lān,避難
pī-luî-tsiam,避雷針
pī-pān,備辦
pī-pik,被迫
pī-phuànn,被判
pī-sat,被殺
pī-siâ,避邪
pī-siong,被傷
pī-siū,備受
pī-thai,備胎
pī-thau,被偷
pī-tōng,被動
pī-ūn,避孕
pī-ūn-io̍h,避孕藥
pi-á,啡子
pi-á,啡仔
pi-á,觱仔
piah,壁
piah,蟞
piah-tsing,壁鐘
piah-hî,壁魚
piah-hóo,壁虎
piah-kak,壁角
piah-kha,壁腳
piah-kha-pinn,壁腳邊
piah-lôo,壁爐
piah-luí,壁壘
piah-uē,壁畫
piah-pinn,壁邊
piah-pò,壁報
piah-sian-senn,壁先生
piah-sòng-phàn,壁宋盼
piah-ting,壁燈
piah-tíng,壁頂
piah-thâu,壁頭
piah-tóo,壁堵
piah-tû,壁櫥
pi-ai,悲哀
piak,piak
piak,逼
piak-iû,piak油
piak-iû,爆油
piak-khang,爆空
piak-khui,逼開
piak-kóo,北鼓
piak-kóo,逼鼓
piak-kóo,爆鼓
piak-li̍h,逼裂
piak-li̍h,爆裂
piak-phuà,piak破
piak-phuà,逼破
piak-phuà,爆破
piann,piann
pian,pian
piann,抨
piann,摒
pian,編
pian,鞭
pian,邊
pián,pián
piánn,丙
pián,扁
pián,匾
pián,貶
piánn,餅
pián,諞
piánn-ānn,餅餡
piánn-tshuì,餅碎
piánn-tsoo,丙組
piánn-tsóo,丙組
pián-hiok,扁蓄
piánn-hu,餅麩
piánn-iù,餅幼
piánn-iù-á,餅幼仔
pián-kē,貶低
piánn-kuann,餅干
piánn-kuann,餅乾
pián-lâng,諞人
piánn-lōo,餅路
pián-pìnn,變變
piánn-sap,餅屑
piánn-sap,餅霎
piánn-sap-á,餅屑仔
pián-sian,pián仙
pián-sian-á,諞仙仔
pián-sit,扁食
pián-si̍t,扁食
pián-si̍t-phuê,扁食皮
pián-si̍t-tànn,扁食擔
pián-ta̍t,貶值
piánn-tíng,丙等
pián-thiok,扁蓄
pián-thiok-tsháu,萹蓄草
piánn-tiàm,餅店
pián-ti̍t,貶值
piánn-tôo,餅途
piànn,拚
piànn,摒
piàn,遍
piàn,變
piànn-pùn-sò,摒糞埽
piàn-ap-khì,變壓器
piànn-bē,摒賣
piàn-bī,變味
piàn-bô-báng,變無魍
piàn-bô-lián,變無輦
piàn-bô-lōo,變無路
piàn-bô-pōo,變無步
piàn-tsíng,變種
piàn-tshian,變遷
piànn-tshng,摒倉
piànn-tshng-khòo,摒倉庫
piànn--tshut-khì,拚出去
piànn--tshut-khì,摒出去
piàn-tsit,變質
piàn-tsō,變造
piànn-tsuí,摒水
piàn-hîng,變形
piànn-hiat-kak,摒hiat掬
piànn-hn̂g,摒園
piàn-hó,變好
piàn-huà,變化
piàn-huàn,變幻
piànn-huè-té,拚貨底
piànn-hueh,拚血
piàn-hong-hiòng,變方向
piàn-im,變音
piàn-iūnn,變樣
piànn-ji̍p,拚入
piànn--ji̍p-lâi,拚入來
piànn-kak-thâu,拚角頭
piànn-kàu-uī,拚到位
piànn-kāu-po̍h,拚厚薄
piànn-kè,拚價
piànn-kè-siàu,拚價數
piànn-kè-tì,拚計智
piàn-kik,變革
piàn-king,變更
piànn-khang-khang,piànn空空
piàn-khiàu,變竅
piàn-khuán,變款
piànn-khuì,拚氣
piànn-kín,拚緊
piànn-kín-tshia,拚緊車
piànn-kín-tshia,蟧蜈車
piàn-kio̍k,變局
piàn-ki̍p,遍及
piàn-kuà,變卦
piànn-kuán,拚館
piàn-kòo,變故
piànn-koo-tù,拚孤注
piàn--lâng,諞人
piànn-la̍t,拚力
piànn-liáu-liáu,摒了了
piànn-lo̍h-khì,拚落去
piànn-lōo,拚路
piànn-mê-kang,拚暝工
piànn-miā,拚命
piàn-môo-su̍t,變魔術
piàn-uānn,變換
piàn-pá-hì,變把戲
piànn-pak,拚腹
piànn-pâng,拚房
piànn-pâng-king,摒房間
piàn-phue,變胚
piànn-phoo,摒舖
piàn-pìnn,變變
piànn-puânn,拚盤
piànn-poh,拚博
piàn-pōo,變步
piàn-puî,變肥
piànn-sàu,拚掃
piànn-sàu,摒掃
piàn-sik,變色
piànn-sènn-miā,拚性命
piàn-sìng,變性
piàn-sîng,變成
piànn-sing-lí,拚生理
piànn-senn-sí,拚生死
piànn-sí,拚死
piànn-sì,拚勢
piànn-sià,拚瀉
piànn-siak,拚摔
piàn-sim,變心
piàn-sin,遍身
piànn-sìnn-miā,拚性命
piàn-sin-khóo,遍身苦
piàn-sin-khóo,變身苦
piànn-sin-sí,拚身死
piànn-sio̍k,拚俗
piànn-sio̍k-huè,拚俗貨
piàn-siòng,變相
piàn-sok,變速
piàn-sòo,變數
piàn-suī,半遂
piàn-suī,半
piànn-su-iânn,拚輸贏
piànn-tâi,拚台
piànn-tàn-sak,摒掞sak
piànn-tàu,拚鬥
piàn-tē-gím,遍地錦
piàn-thài,變態
piànn-thâu-tsîng,拚頭前
piànn-thâu-khak,拚頭殼
piàn-thé,變體
piàn-thian,變天
piàn-thinn,變天
piàn-thong,變通
piànn-tiâu,摒牢
piànn-tīn,拚陣
piànn-tn̄g,摒蕩
piànn-tn̄g,摒盪
piàn-tōng,變動
piànn-tù,拚注
piàn-uî,變為
piânn,盤
piânn-tseh,平仄
piânn-siann,平聲
piān,便
piān,辯
piān-bîn,便民
piān-tsâi,辯才
piān-tsìng,辯證
piān-tshài,便菜
piān-tshài-pn̄g,便菜飯
piān-tshia,便車
piān-tsia̍p,便捷
piān-hng,便方
piān-huè,便貨
piān-ho̍k,便服
piān-hōo,辯護
piān-hōo-sū,辯護士
piān-i,便衣
piān-iânn,辯贏
piān-ìn,便印
piān-io̍h,便藥
piān-iú,便有
piān-jīm,辯認
piān-kái,辯解
piān-khang-khuè,便工課
piān-khang-khuè,便空課
piān-khì,便器
piān-khuànn,便看
piān-kiô,便橋
piān-kóng,辯講
piān-lī,便利
piān-lūn,辯論
piān-nā,便若
piān-uē-kut,辯話骨
piān-pì,便秘
piān-piān,便便
piān-pia̍t,辨別
piān-pn̄g,便飯
piān-pok,辯駁
piān-sann,便衫
piān-sik,辨識
piān-sóo,便所
piān-sóo-tsuá,便所紙
piān-thò-io̍h,便套藥
piān-thò-uē,便套話
piān-thò-pn̄g,便套飯
piān-tiâu,便條
piān-tō,便道
piān-tong,便當
piān-tong-a̍h,便當盒
pian-tsè-lāi,編制內
pian-tshuàn,編篡
pian-tsiá,編者
piann-tsio̍h-thâu,摒石頭
pian-tsip,編輯
piàng,piàng
piàng,進
piàng-piàng-háu,piàng-piàng吼
pian-hâm,編函
pian-hō-thâu,編號頭
pian-hok,蝙蝠
pian-hông,邊防
pian-ji̍p,編入
pian-kài,邊界
pian-kíng,邊境
pian-khik,編曲
pian-kio̍k,編劇
pian-kiong,邊疆
pian-phàu-á,鞭炮仔
piann-sak,抨sak
pian-siu,編修
pian-su,編書
pian--tiâu,pian--tiâu
pia̍t-tsong,別莊
pia̍t-hō,別號
pia̍t-lī,別離
pia̍t-sè,別世
pia̍t-sū,別墅
piau,標
piáu,表
piáu,婊
piáu-á,婊仔
piáu-á-thâu,婊仔頭
piáu-bîng,表明
piáu-biān,表面
piáu-bīn,表面
piáu-tsân,表層
piáu-tsé,表姐
piáu-tsé,表姊
piáu-tsik,表叔
piáu-tsîng,表情
piáu-tsí-muē,表姐妹
piáu-tsiong,表彰
piáu-tsú,婊子
piáu-tsú-kiánn,婊子囝
piáu-ê,表的
piáu-hān,表汗
piáu-hiann,表兄
piáu-hiān,表現
piáu-hiann-tī,表兄弟
piáu-ián,表演
piáu-ián-sài,表演賽
piáu-iông,表揚
piáu-iūnn,表樣
piáu-keh,表格
piáu-king,婊間
piáu-kiánn,婊囝
piáu-ko,表哥
piáu-kuat,表決
piáu--lâng,婊人
piáu-lí,表裏
piáu-lōo,表露
piáu-miâ,表名
piáu-muē,表妹
piáu-pi̍k,表白
piáu-phuê,表皮
piáu-puè,裱褙
piáu-sī,表示
piáu-sió-bē,表小妹
piáu-sió-muē,表小妹
piáu-sió-tī,表小弟
piáu-siōng,表象
piáu-suài,表率
piáu-sut,表率
piáu-ta̍t,表達
piáu-tē,表弟
piáu-ting,表徵
piáu-thài,表態
piáu-thâu,婊頭
piáu-ti̍t,表姪
pi-āu,碑後
piau-bîng,標明
piau-tshiam,標籤
piau-tsì,標誌
piau-tsì,標幟
piau-tsún,標準
piau-tsún-kan,標準桿
piau-gí,標語
piau-kan,標竿
piau-kè,標價
piau-kí,標舉
piau-kì,標記
piau-ko,標高
piau-kòo,標購
piau-pún,標本
piau-sik,標識
piau-sī,標示
piau-siû,標售
piau-tê,標題
piau-ti̍k-bu̍t,標的物
piau-thâu,標頭
piau-tì,標緻
piau-tiám,標點
piau-tuann,標單
pi-bîng,悲鳴
pi-bîng,碑銘
pi-bî,卑微
pi-bûn,碑文
pi-tshám,悲慘
pi-tshik,悲惻
pi-tsiān,卑賤
pi-tsòng,悲壯
pi-tsùn,埤圳
pih,pih
pih,鱉
pi̍h-pho̍k-thiàu,嗶噗跳
pih-á-tsháu,鱉仔草
pi-hā,卑下
pih-tsah,pih-chah
pih-tsah,pih扎
pih-tsah,襒chah
pih-tshiú-la̍t,贔手力
pih-tshiú-ńg,pih手ńg
pih-tshiú-ńg,襒手ńg
pih-khak-hue,鱉殼花
pih-khòo-kha,pih褲腳
pih-la̍t,贔力
pi-kio̍k,悲劇
pi-kua,悲歌
pi-kuan,悲觀
pi-lâm,卑南
pi-lē-tshioh,比例尺
pi-muâ,蓖麻
pin,彬
pin,濱
pinn,繃
pinn,鞭
pinn,邊
pínn,扁
pín,稟
pín-á,pín仔
pín-á,稟仔
pín-á-kut,pín仔骨
pín-á-kut,骿仔骨
pín-tshíng,稟請
pínn-tshuì,扁嘴
pín-tsiam,pín針
pín-tsiam,稟針
pín-tsiam,箅針
pínn-tsǹg,扁鑽
pínn-hî,扁魚
pín-kò,稟告
pínn-kô,扁翱
pínn-láng,扁籠
pínn-lē,扁鑢
pínn-luè,扁鑢
pínn-peh,扁柏
pínn-phīnn,扁鼻
pín-pò,稟報
pín-sìng,稟性
pín-tann,扁擔
pínn-tann,扁擔
pínn-tāu,扁豆
pínn-tik,扁竹
pínn-thô-suànn,扁桃線
pìnn,柄
pìnn,變
pìnn-kuí,變鬼
pìnn-ba̍k,變目
pìnn-báng,變蚊
pìnn-báng,變魍
pìnn-bē,變賣
pìnn-bīn,變面
pìnn-bīn-tshiunn,變面昌
pìnn-bô-báng,變無魍
pìnn-tshàu-bīn,變臭面
pìn-tshia,殯車
pìn-tshiu,鬢鬚
pìnn-hāi,變壞
pìnn-hong-bīn,變風面
pìnn-hóo-niau,變虎貓
pìnn-īnn,變異
pìnn-kah,變甲
pìn-kak,鬢角
pìnn-kâu-hì,變猴戲
pìnn-kâu-lāng,變猴弄
pìnn-kíng,變景
pìn-kha,鬢腳
pìnn-khang,變空
pìnn-khang-sún,變空榫
pìnn-khang-thâu,變空頭
pìnn-khuán,變款
pìnn-kuài,變怪
pìnn-kuí-tsinn,變鬼精
pìn-kut,鬢骨
pìnn-lāng,變弄
pìnn-môo-su̍t,變魔術
pìnn-pá-hì,變把戲
pìnn-pháinn,變歹
pìnn-phóo,變譜
pìn-piàng-háu,pìn-piàng吼
pìn-pinn,鬢邊
pìn-pinn-ko,鬢邊膏
pìn-pinn-kut,鬢邊骨
pìn-pinn-mn̂g,鬢邊毛
pìnn-pōo,變步
pìnn-sán,變產
pìnn-siàng,變相
pìnn-sió,變小
pìn-sui,鬢蓑
pînn,坪
pîn,屏
pîn,貧
pînn,棚
pîn,憑
pînn-á,棚仔
pîn-tsa̍h,屏閘
pîn-tsìng,憑證
pîn-tshui,頻催
pîn-tsià,憑藉
pîn-tsian,貧賤
pîn-tsiòng,屏障
pîn-tsún,憑准
pîn-tsún,憑準
pîn-hân,貧寒
pîn-ha̍t,貧乏
pîn-hiat,貧血
pîn-huân,頻繁
pîn-hueh,貧血
pîn-hok-khì,憑福氣
pîn-hong,屏風
pîn-hōo,貧戶
pîn-i,憑依
pînn-kè,棚架
pîn-kîng,貧窮
pîn-khóo,貧苦
pîn-kì,憑據
pîn-kó,蘋果
pîn-lia̍h-tsún,憑掠準
pîn-liâng-sim,憑良心
pîn-lu̍t,頻率
pîn-pâi,屏排
pîn-pâi,屏牌
pîn-pang,屏枋
pîn-piah,屏壁
pîn-pîn,頻頻
pîn-pún-sū,憑本事
pîn-sìn,憑信
pîn-sut,頻率
pîn-thâu,憑頭
pîn-thâu,頻頭
pîn-thâu-lâi,憑頭來
pîn-tiâu,憑條
pîn-tō,頻道
pîn-tuānn,貧憚
pîn-tuānn-kut,貧憚骨
pîn-tuānn-lâng,貧憚人
pîn-tuānn-sian,貧憚仙
pîn-tuānn-thâng,貧憚蟲
pîn-tong,屏東
pîn-tong-tshī,屏東市
pîn-tong-kuān,屏東縣
pîn-tóo,屏堵
pîn-tóo-mn̂g,屏堵門
pīnn,辮
pīnn-á,辮仔
pinn-á,邊仔
pinn-á-bīn,邊仔面
pinn-á-kak,邊仔角
pinn-ân,繃ân
pinn-bīn,邊面
pinn-bīn-khuànn,邊面看
pinn-bīn-phuê,pinn面皮
pinn-tsè,邊際
pinn-tshiú-bué,pinn手尾
pinn-tshiú-bué,拼手尾
pinn-tsi̍h,繃折
pin-gî-kuán,殯儀館
pin-hái,濱海
pin-hun,繽紛
pinn-kak,邊角
pin-kheh,賓客
pinn-kin,邊根
pinn-kînn,邊墘
pin-kó,賓果
pin-kuán,賓館
pinn-mn̂g,邊門
pin-nn̂g,檳榔
pin-nn̂g-ōo,檳榔芋
pinn-pâng,邊房
pinn-peh,拼扒
pinn-pe̍h,邊白
pinn-pinn-á,邊邊仔
pinn-pui̍h,拼拔
pin-sū,賓士
pin-tann,扁擔
pin-tann-hio̍h,扁擔葉
pinn-thâu,邊頭
pinn--thâu,邊頭
pinn-thâu-lâng,邊頭人
pinn-thih-bīn,pinn鐵面
pinn-tiān,邊殿
pinn--tiâu,pinn--tiâu
pio,摽
pio,標
pio,膘
pio,鏢
pio,飆
pió,表
pió,錶
pió-á,表仔
pió-á,錶仔
pió-á-liān,錶仔鍊
pió-á-tuà,錶仔帶
pió-pè,裱褙
piō,鰾
pio-á,標仔
pio-tshia,飆車
pio-tshiò,摽笑
pio-hē-á,標會仔
pio-huā,摽嘩
pio-huē-á,標會仔
pio-kang,標工
pio-kheh,鏢客
pio-khí,標齒
pio-kua,摽歌
pio-kún,摽滾
pio-kún-huā,摽滾嘩
pio--lâng,摽人
pio--tio̍h,標著
pi-phí,卑鄙
pi-siong,悲傷
pit,pit
pit,必
pit,筆
pi̍t-uî,闢為
pit-á-bué,筆仔尾
pit-á-tsháu,筆仔草
pit-ba̍k,筆墨
pit-bué,筆尾
pit-tshì,筆試
pit-tshng,必穿
pit-tsiá,筆者
pit-tsiam,筆尖
pit-tsiàn,筆戰
pit-tsu-lé,筆資禮
pi-tíng,碑頂
pit-gia̍p,畢業
pit-gia̍p-pan,畢業班
pit-gia̍p-sing,畢業生
pit-hā,筆下
pi-thàn,悲嘆
pi-thâu,埤頭
pit-huat,筆法
pit-hong,筆鋒
pi-thòng,悲痛
pit-hûn,pit痕
pit-hûn,必痕
pit-ì,筆意
pit-iàu,必要
pit-iú,筆友
pit-jiah,筆跡
pit-jiân,必然
pit-kìng,畢竟
pit-khah-soh,畢卡索
pit--khì,pit去
pit-khui,pit開
pit-khui,必開
pit-kì,筆記
pit-kì-phōo,筆記簿
pit-kì-pún,筆記本
pit-kuáinn,筆桿
pit-kué,必粿
pit-kóng,筆管
pit-le̍h,pit裂
pit-le̍h,必裂
pit-li̍h,必裂
pit-lô-á,伯勞仔
pit-lô-tsí,筆羅子
pit-lo̍k,筆錄
pit-lōo,筆路
pit-miâ,筆名
pit-niau,筆貓
pit-ue̍h,筆劃
pit-pâi,筆排
pit-phāng,pit縫
pit-phāng,必縫
pit-phuê,pit皮
pit-pī,必備
pit-sing,畢生
pit-siu-kho,必修科
pit-sǹg,筆算
pit-suàn,筆算
pit-su,必須
pit-su,必需
pit-sûn,pit-sûn
pit-sûn,必紃
pit-su-phín,必需品
pit-tâm,筆談
pit-tâng,筆筒
pit-tâng-tsháu,筆筒草
pit-tâng-tshiū,筆筒樹
pit-tē,筆袋
pit-tīng,必定
pit-thap,筆錔
pit-thap-á,筆塌仔
pit-that,筆that
pit-that-á,筆塞仔
pit-that-kńg,筆that管
pit-tit,必得
pit-tng-sî,彼當時
pit-tûn,必唇
piu-pô,彪婆
pi-ut,悲鬱
png,楓
png,幫
pńg,榜
pńg-bué,榜尾
pńg-iūnn,榜樣
pńg-siú,榜首
pn̄g,傍
pn̄g,飯
pn̄g-a̍p-á,飯盒仔
pn̄g-au,飯甌
pn̄g-āu,飯後
pn̄g-tsîng,飯前
pn̄g-tshài,飯菜
pn̄g-hok-khì,傍福氣
pn̄g-hūn,飯份
pn̄g-ìm,傍蔭
pn̄g-khann,飯坩
pn̄g-khok-á,飯khok仔
pn̄g-lē,飯籬
pn̄g-lē-tshiū,飯籬樹
pn̄g-lia̍p,飯粒
pn̄g-uánn,飯碗
pn̄g-uân,飯丸
pn̄g-pau,飯包
pn̄g-phí,飯庀
pn̄g-phiò,飯票
pn̄g-sî,飯匙
pn̄g-sî-tshìng,飯匙倩
pn̄g-sî-kut,飯匙骨
pn̄g-sî-sua,飯匙鯊
pn̄g-sia̍h,飯勺
pn̄g-siū,飯siū
pn̄g-siûnn,傍瘍
pn̄g-sue,旁衰
pn̄g-sue,傍衰
pn̄g-suê,飯垂
pn̄g-sûn,飯旬
pn̄g-táu,飯斗
pn̄g-tháng,飯桶
pn̄g-tháng-ping,飯桶兵
pn̄g-tháng-sai,飯桶司
pn̄g-tháng-sian,飯桶仙
pn̄g-thiann,飯廳
pn̄g-tiàm,飯店
pn̄g-tiàm-á,飯店仔
pn̄g-tǹg,飯頓
png-á-tshiū,楓仔樹
png-tshiū,楓樹
png-tsi̍t-hūn,幫一份
png-hiunn,楓香
png-hiunn-tshiū,楓香樹
png-khuah,幫闊
png-sî-hōo,方時雨
po,褒
pó,保
pó,寶
pó-an,保安
pó-an-to,保安刀
pó-a̍p,寶盒
pó-bē-tiâu,保bē-tiâu
pó-bi̍t,保密
pó-bó,媬姆
pó-tsìng,保証
pó-tsìng,保證
pó-tsìng-kim,保證金
pó-tsìng-līn,保證人
pó-tsìng-su,保證書
pó-tshî,保持
pó-tsiàng,保障
pó-tsio̍h,寶石
pó-tsio̍h-lâm,寶石藍
pó-tsiòng,保障
pó-tsō,寶座
pó-tsuân,保全
pó-tsōng,寶藏
pó-tsu,寶珠
pó-tsū,保住
pó-tsûn,保存
pó-gi̍k,寶玉
pó-hiám,保險
pó-hiám-huat,保險法
pó-hiám-huì,保險費
pó-hiám-kim,保險金
pó-hiám-kuī,保險櫃
pó-hiám-siunn,保險箱
pó-hiám-thò,保險套
pó-hông,保防
pó-hōo,保護
pó-huì,保費
pó-iáng,保養
pó-iáng-phín,保養品
pó-io̍k,保育
pó-iú,保有
pó-iū,保佑
pó-jīn,保認
pó-ke,保家
pó-ke-lâng,保家人
pó-kíng,保警
pó-ke-phe,保家批
pó-ke-ting,保家燈
pó-ke-tuann,保家單
pó-khìng,寶慶
pó-kiàm,寶劍
pó-kiān,保健
pó-kuán,保管
pó-kuán-jîn,保管人
pó-kuì,寶貴
pó-lê-liông,保麗龍
pó-liû,保留
pó-liû-tē,保留地
pó-lô,保羅
pó-luán,保暖
pó-luí,堡壘
pó-niá,保領
pó-uē,保衛
pó-pì,保庇
pó-pio,保鏢
pó-pio,保鑣
pó-puè,寶貝
pó-sàng,保送
pó-sik,保釋
pó-sin-hû,保身符
pó-sioh,保惜
pó-sioh,寶惜
pó-siú,保守
pó-siú-phài,保守派
pó-siú-tóng,保守黨
pó-suann,寶山
pó-suè,保稅
pó-ta̍t,保值
pó-tē,寶地
pó-thah,寶塔
pó-thai,保胎
pó-tián,寶典
pó-tiōng,保重
pó-tó,寶島
pó-un-kuàn,保溫罐
pó-un-pue,保溫杯
pó-un-siunn,保溫箱
pò,報
pò-àn,報案
pò-bé,報馬
pò-bé-á,報馬仔
pò-tsai,報知
pò-tsài,報載
pò-tshuì,報嘴
pò-tshun-lân,報春蘭
pò-tsiong,報章
pò-tsuá,報紙
pò-tsuí,報水
pò-ìng,報應
pò-gia̍p,報業
pò-hí,報喜
pò-huè,報廢
pò-huè-tuann,報貨單
pò-ho̍k,報復
pò-hong-siann,報風聲
pò-hù-im,報訃音
pò-huì,報費
pò-huì,報廢
pò-kài,報界
pò-ka-im,報佳音
pò-kè,報價
pò-kíng,報警
pò-khan,報刊
pò--khí-lâi,報起來
pò-khó,報考
pò-kìm,報禁
pò-kò,報告
pò-kò-su,報告書
pò-kuan,報關
pò-kuán,報館
pò-kuan-hâng,報關行
pò-kok,報國
pò-lâng-tsai,報人知
pò-miâ,報名
pò-miâ-huì,報名費
pò-miâ-pió,報名表
pò-uan-siû,報冤仇
pò-pe̍h,報白
pò-pī,報備
pò-pió,報表
pò-sí,報死
pò-sî,報時
pò-siā,報社
pò-siau,報消
pò-siau,報銷
pò-siàu,報數
pò-siông,報償
pò-siû,報仇
pò-siû,報酬
pò-suè,報稅
pò-suè-lân,報歲蘭
pò-sueh,報說
pò-song,報喪
pò-tap,報答
pò-thâu,報頭
pò-thâu,暴頭
pò-tò,報到
pò-tō,報導
pò-tuann,報單
pô,婆
pô-á,婆仔
pô-tsiá,婆姐
pô-tô,葡萄
pō-bîn,暴民
pō-tsìng,暴政
pō-hîng,暴行
pō-huat,暴發
pō-hong,暴風
pō-hong-ú,暴風雨
pō-kî-jiân,暴其然
pō-li̍k,暴力
pō-lio̍k,暴虐
pō-lio̍k,暴辱
pō-luān,暴亂
pō-lôo,暴露
pō-lōo-tshut,暴露出
pō-pè,暴斃
pō-pîn,暴憑
pō-tia̍t,暴跌
pō-tiòng,暴漲
pō-tōng,暴動
puà,puà
puà-tsiann-pe̍h,半精白
puà-ki,簸箕
puà-ki-hî,簸箕魚
puà-ki-kah,簸箕甲
puah,缽
puah,撥
pua̍h,pua̍h
pua̍h,跋
pua̍h,鈸
pua̍h,賻
pua̍h-bé,跋馬
pua̍h-tshàu,跋臭
pua̍h-tshit-thô,跋chhit-thô
pua̍h-tshiú,跋手
pua̍h-tsînn,跋錢
pua̍h-tsi̍t-tó,跋一倒
pua̍h-tsún,跋準
pua̍h-kè,跋價
pua̍h-kha,拔腳
pua̍h-kiáu,博儌
pua̍h-kiáu,跋kiáu
pua̍h-kiáu,跋檄
pua̍h-kiáu-hàn,博儌漢
pua̍h-kiáu-kha,博儌腳
pua̍h-kiáu-sian,博儌仙
pua̍h-kuà,跋卦
pua̍h--lo̍h,跋落
pua̍h-lo̍h-bé,跋落馬
pua̍h-lo̍h-tsuí,跋落水
pua̍h--lo̍h-khì,跋落去
pua̍h--lo̍h-lâi,pua̍h落來
pua̍h-lōo-kiáu,博路儌
pua̍h-mâ-tshiok,跋麻雀
pua̍h-pâi-á,跋牌仔
pua̍h-píng,跋反
pua̍h-pháinn-kiáu,博歹儌
pua̍h-pue,跋-片
pua̍h-pue,跋杯
pua̍h-sènn-miā,博性命
pua̍h-sí,跋死
pua̍h-sim-sik,跋心適
pua̍h-si̍p-pat,跋十八
pua̍h-su,跋輸
pua̍h-sù-sik,跋四色
pua̍h-su-iânn,跋輸嬴
pua̍h-su-kiáu,跋輸kiáu
pua̍h-tâu-á,跋骰仔
pua̍h-tháng,跋桶
pua̍h-tháng,鈸桶
pua̍h-ti̍t,拔直
pua̍h-tó,跋倒
pua̍h-tuā-kiáu,博大儌
puah-á,缽仔
puah-tshut,撥出
puah-tsînn,撥錢
puah-hō,撥號
puah-huat,撥發
puah-hōo,撥hōo
puah-hù,撥付
puah-iōng,撥用
puah-kang,撥工
puah-kau,撥交
puah-khuán,撥款
puah-khui,撥開
puah-lâng,撥人
puah-pinn,撥邊
puah-sî-kan,撥時間
puah-sóo-tsāi,撥所在
puann,搬
puann,簸
puánn,魬
puánn-á,魬仔
puánn-á-hî,魬仔魚
puànn,半
puànn,絆
puàn-á-hō,販仔號
puànn-bé-soh,絆馬索
puànn-tsài,半載
puànn-tsām,半站
puànn-tsat,半節
puànn-tsē-í,半坐椅
puànn-tsing-gōng,半精戇
puànn-tsing-pe̍h,半精白
puànn-tshénn-bîn,半醒眠
puànn-tshenn-hâunn,半生殽
puànn-tshenn-sik,半生熟
puànn-tshenn-si̍k,半生熟
puànn-tshiah-bah,半赤肉
puànn-tshiah-pe̍h,半赤白
puànn-tshiah-puî,半赤肥
puànn-tshit-thô,半chhit-thô
puànn-tshiûnn-á,半牆仔
puànn-tshó-khái,半草楷
puànn-tsia̍h-gō,半食餓
puànn-tsia̍h-thit,半食thit
puànn-tsiann-bah,半精肉
puànn-tsiann-puî,半精肥
puànn-tsiūnn-á,半上仔
puàn-tsú,半子
puànn-tsuì,半醉
puànn-e-the,半挨推
puànn-gue̍h-li̍t,半月日
puànn-gōng-tiānn,半戇定
puàn-hā,半夏
puànn-hia,半靴
puànn-huan,半番
puànn-hóng-á,半仿仔
puànn-iam-iûnn,半陰陽
puànn-iau-gō,半iau餓
puànn-iau-pá,半iau飽
puànn-înn,半圓
puànn-io,半腰
puànn-ji̍t,半日
puànn-kang,半工
puànn-kan-tiong,半奸忠
puànn-kè,半價
puànn-kìng,半徑
puànn-kha-tsio̍h,絆腳石
puànn-khám,半歁
puànn-khám,半憨
puànn-khùn-tshénn,半睏醒
puàn-kî,半旗
puànn-kiâm-tsiánn,半鹹tsiánn
puànn-kiánn,半囝
puànn-kiânn-tsáu,半行走
puànn-kiâng-bueh,半強欲
puànn-ki-liân,半支蓮
puànn-ki-liân,半枝蓮
puànn-kiû,半球
puànn-kiūnn-nńg,半謽軟
puànn-kue̍h,半橛
puànn-kóo-gue̍h,半個月
puànn-kū,半舊
puànn-kū-lo̍h,半舊落
puànn-kū-siùnn,半舊相
puànn-kuì-khó,半季考
puànn-kuī,半跪
puànn-lám-phû,半籠浮
puànn-lám-phû,半攬浮
puànn-lâm-hânn,半簾懸
puànn-lâm-iûnn,半男陽
puànn-láng-bí,半籠米
puànn-lâu,半樓
puànn-lâu-á,半樓仔
puànn-lāu-siàu,半老少
puànn-li̍t,半日
puànn-ló-lāu,半老老
puànn-lōo,半路
puànn-lōo-sai,半路司
puànn-lōo-sai,半路師
puànn-lōo-sí,半路死
puànn-mê,半暝
puànn-mê-āu,半暝後
puànn-mê-gue̍h,半暝月
puànn-mê-puànn,半暝半
puànn-ngē-nńg,半硬軟
puànn-nî-âng,半年紅
puànn-niá,半嶺
puànn-oo-pe̍h,半烏白
puànn-pá,半飽
puànn-pah,半百
puànn-pe̍h,半白
puàn-pēnn,半病
puànn-pîng,半爿
puànn-pîng,半旁
puànn-pîng-hî,半爿魚
puànn-pîng-thinn,半爿天
puànn-pîng-thinn,半旁天
puànn-phiò,半票
puànn-phû-tîm,半浮沉
puànn-pinn-liân,半邊蓮
puànn-puà-ki,半簸箕
puànn-poo,半晡
puànn-sán,半產
puànn-si̍k,半熟
puàn-sing,半生
puànn-si,半絲
puànn-sí,半死
puànn-sì-lâng,半世人
puàn-sian,半仙
puànn-siann-puànn,半聲半
puànn-siáu,半痟
puànn-sim-sik,半心適
puànn-sin,半身
puànn-sin,半新
puànn-sìn-gî,半信疑
puànn-sin-kū,半新舊
puànn-sin-siōng,半身像
puànn-sió-sí,半小死
puànn-sio-líng,半燒冷
puànn-sńg-tshiò,半耍笑
puànn-suann,半山
puànn-sòo,半數
puàn-suī,半遂
puànn-ta,半凋
puànn-tâm-ta,半澹凋
puànn-tánn,半打
puànn-tang,半冬
puànn-tàu-á,半晝仔
puàn-ting,半丁
puànn-ting,半丁
puànn-tháng-tsuí,半桶水
puànn-tháng-hia,半桶靴
puànn-tháng-sai,半桶司
puànn-tháng-sai,半桶師
puànn-tháng-sái,半桶屎
puànn-thâu-tshenn,半頭生
puànn-thâu-tshenn,半頭青
puànn-thâu-hong,半頭風
puànn-thenn-tó,半躺倒
puànn-the-tó,半the倒
puàn-thian-hui,半天飛
puàn-thian-luî,半天雷
puànn-thinn,半天
puànn-thīn-thōng,半叮噹
puànn-thinn-á,半天仔
puànn-thinn-tsiáu,半天鳥
puànn-thun-thòo,半吞吐
puànn-tiám-tsing,半點鐘
puànn-tian-gōng,半癲戇
puànn-tiàu,半吊
puànn-tiâu-khuì,半條氣
puànn-tîm-phû,半沉浮
puànn-tiong-tsām,半中站
puànn-tiong-io,半中腰
puànn-tiong-ng,半中央
puànn-tiong-nuâ,半中欄
puànn-tiong-tn̂g,半中段
puànn-tiong-tn̂g,半中剸
puànn-tiong-tôo,半中途
puànn-tn̂g,半剸
puànn-tn̂g-hioh,半剸歇
puànn-tn̂g-té,半長短
puàn-tó,半島
puànn-tó-tsuí,半倒水
puànn-tō-thé,半導體
puànn-tôo,半途
puânn,盤
puânn-á,盤仔
puânn-á-tshài,盤仔菜
puânn-á-hî,盤仔魚
puânn-bīn,盤面
puânn-tsa,盤查
puânn-tsai,盤栽
puânn-tsài,盤載
puânn-tsíng,盤整
puânn-tsîng-lí,盤情理
puânn-tshài,盤菜
puânn-tshia,盤車
puânn-tshiûnn,盤牆
puânn-tshng,盤倉
puânn-tshuì,盤嘴
puânn-tshuì-gím,盤嘴錦
puânn-tshuì-hue,盤嘴花
puânn--tshut-lâi,盤出來
puânn-tsînn,盤錢
puânn-tsio̍h,磐石
puânn-tsuán,盤轉
puânn-huè,盤貨
puânn-kháu,盤口
puânn-kuè,盤過
puânn--kuè,盤過
puânn-nuá,盤撋
puânn-uē,盤話
puânn-siàu,盤siàu
puânn-siàu,盤數
puânn-suá,盤徙
puânn-thâu,盤頭
puânn-tînn,盤纏
puānn,伴
puānn,拌
puān,畔
puānn-báng,拌蚊
puānn-tshiu,拌鬚
puānn-tshuì-tsi̍h,拌嘴舌
puān-tsiòng,叛將
puān-gi̍k,叛逆
puānn-hôo-sîn,拌胡蠅
puān-kàu,叛教
puān-kok,叛國
puān-kun,叛軍
puān-kut,叛骨
puān-luān,叛亂
puānn-nuá,拌nuá
puān-ping,叛兵
puān-pián,叛變
puān-puē,叛背
puānn-sàm,拌鬖
puānn-thôo-hún,拌土粉
puānn-tiāu,拌掉
puann-tsáu,搬走
puann-tshia,搬推
puann-tshia,搬硨
puann-tshian,搬遷
puann-tshiánn,搬請
puann-tshiau,搬chhiau
puann-tshng,搬倉
puann-tshù,搬厝
puann-tshuì,搬嘴
puann-tshuì-tsi̍h,搬嘴舌
puann-tshuì-gím,搬嘴錦
puann-tshut,搬出
puann-tsiūnn,搬上
puann-hì,搬戲
puann-huè,搬貨
puann-kàu,搬到
puann-kiù-ping,搬救兵
puann-mi̍h-kiānn,搬物件
puann-phoo,搬鋪
puann-phoo,搬舖
puann-suá,搬徙
puann-suá-uī,搬徙位
puann-thiau,搬挑
puann-thio,搬挑
puann-tín-tōng,搬振動
puann-tuā-hì,搬大戲
puann-uī,搬位
puann-ūn,搬運
puann-ūn-huì,搬運費
puat,poat
pua̍t-á,菝仔
pua̍t-hô,拔河
pua̍t-jiá,般若
pua̍t-kha,跋腳
pua̍t-sia̍p,跋涉
pua̍t-tî,拔除
puat-kha,撥腳
po-tsióng,褒獎
pue,杯
pue,飛
pué,撥
pué-tshuē,撥找
pué-tshuì,掰嘴
pué-tsînn,掰錢
pué-tsînn,撥錢
pué-huē,掰會
pué-khui,撥開
puè,背
puè,輩
puè,褙
puè-āu,背後
puè-bīn,背面
puè-tshat,褙擦
puè-íng,背影
puè-hūn,輩分
puè-hūn,輩份
puè-kíng,背景
puè-khak,貝殼
puè-kim,褙金
puè-lóo-ti̍k,貝魯特
puè-luī,貝類
puè-ní,貝爾
puè-pau,背包
puè-sim,背心
puè-to-hun,貝多芬
puè-to-lô,貝多羅
puê,陪
puê,裴
puê,賠
puê-bē-khí,賠bē起
puê-tsē,陪坐
puê-tsuē,陪罪
puê-tsuē,賠罪
puê-tsòng,陪葬
puê-hùn,培訓
puê-iáng,培養
puê-iáng-tshut,培養出
puê-io̍k,培育
puê-io̍k-tshut,培育出
puê-kàu-té,陪到底
puê-kheh,陪客
puê-lâng-kheh,陪人客
puê-lí-khì,陪你去
puê-miā,賠命
puê-pài,陪拜
puê-phuānn,陪伴
puê-pin,陪賓
puê-póo,賠補
puê-siáu-lé,賠羞禮
puê-sím,陪審
puê-siông,賠償
puê-si̍t,培植
puê-tuè,陪綴
puē,背
phāinn,揹
āinn,揹
puē,揹
puē,倍
puē,悖
puē,焙
puē-bōng,培墓
puē-tsīng,倍增
puē-tsheh,背冊
puē-tsóo,背祖
puē-tsu,背書
puē-hī,背耳
puē-hīnn,背耳
puē-ho̍k,佩服
āinn,偝
puē-iok,背約
puē-kíng,背景
puē-khì,背棄
puē-kiàm,佩劍
puē-kut,背骨
puē-lī,背離
puē-puān,背叛
puē-sim,背心
puē-sòo,倍數
puē-su,背書
pue-á,杯仔
pue-tshenn,飛星
pue-tshí,飛鼠
pue-tsiáu,飛鳥
pue-tsìnn,飛箭
pue-tsuâ,飛蛇
pue-tsûn,飛船
pue̍h,拔
pue̍h-hóo-tshiu,拔虎鬚
pue̍h-hûn,拔痕
pue̍h-kènn,拔脛
pue̍h-kiàm,拔劍
pue̍h-kut,拔骨
pue̍h-lo̍k-kak,拔鹿角
pue̍h-tháng,拔桶
pue-hâng,飛航
pue-hang-á,飛魴仔
pue-hîng-ki,飛行機
pue-hîng-uân,飛行員
pue-hî,飛魚
pue-hiā,飛蟻
pue-hóo,飛虎
pue-hûn,飛云
pue-kat,杯葛
pue--khì,飛去
pue-kiû,飛球
pue-kuat,杯葛
pue-kuè,飛過
pue-lîng-á,菠菱仔
pue-lîng-á,菠蔆仔
pue-lîng-tsûn,飛龍船
pue-ua̍t,飛越
pue-óng,飛往
pue-oo,飛烏
pue-oo-hóo,飛烏虎
pue-phang,飛蜂
pue-si,飛絲
pue-thinn,飛天
poh,poh
poh,卜
poh,博
po̍h,泊
po̍h,箔
po̍h,薄
po̍h-tsiú,薄酒
po̍h-hio̍h-tông,薄葉桐
po̍h-hok,薄福
po̍h-koo,薄菇
po̍h-lé,薄禮
po̍h-lî-si,薄釐絲
po̍h-lī,薄利
po̍h-lōo,暴露
po̍h-mo̍oh,薄膜
po̍h-pán-á,薄板仔
po̍h-phuê,薄皮
po̍h-phuê-á,薄皮仔
po̍h-tê,薄茶
poh-bīn,博面
poh-tshuì,駁嘴
poh-huānn,駁岸
poh-jī-ūn,博字運
poh-lī-ūn,博字運
poh-uē,駁話
po-iông,褒揚
pok,駁
po̍k,爆
po̍k-bīng,薄命
po̍k-bí-phang,爆米芳
po̍k-bîn,暴民
po̍k-tsà,爆炸
po̍k-tsà-bu̍t,爆炸物
po̍k-tsìng,暴政
po̍k-tsîng,薄情
po̍k-tshut,爆出
po̍k-hîng,暴行
po̍k-hīng,薄倖
po̍k-hô,薄荷
po̍k-huat,暴發
po̍k-huat,爆發
po̍k-iû,爆油
po̍k-jio̍k,薄弱
po̍k-kan-thuî,噗矸錘
po̍k-khui,爆開
po̍k-li̍k,暴力
po̍k-líng-mn̂g,爆冷門
po̍k-lī,暴利
po̍k-lōo,暴露
po̍k-muá,爆滿
po̍k-phuà,爆破
po̍k-po̍k-thiàu,暴暴跳
po̍k-sò,暴躁
po̍k-thāi,薄待
po̍k-tōng,暴動
pok-á,駁仔
pok-á-tshìng,駁仔銃
pok-á-tsûn,駁仔船
pok-tshik,駁斥
pok-gê,暴牙
pok-hun,烞薰
pok-khak-tshìng,駁殼銃
pok-kiat,駁孑
pok-kuà,卜卦
pok-kuà-sian,卜卦先
pok-kut-tan,駁骨丹
pok-mî,暴棉
pok-thian-kiat,駁天孑
pok-tò-tńg,駁倒轉
po-lê,玻璃
po-lê-bue̍h,玻璃襪
po-lê-tshài,玻璃菜
po-lê-kan,玻璃矸
po-lê-mn̂g,玻璃門
po-lê-thang,玻璃窗
po-lô-so,褒囉嗦
po-lo-so,褒囉唆
póng-siú,榜首
pòng,謗
pòng-hong,謗風
pòng-hong-tshia,謗風車
pòng-hong-ki,謗風車
pòng-tuā,謗大
pông-hông,徬徨
pông-kuan,旁觀
pông-kuan-tsiá,旁觀者
pông-kong,膀胱
pông-phài,滂湃
pông-thing,旁聽
pông-thiann-si̍k,旁聽席
pōng,碰
pōng,磅
pōng,蓬
pōng-á,磅仔
pōng-bí-phang,砰米芳
pōng-bí-phang,磅米芳
pōng-tsí,磅子
pōng-tsiam,磅針
pōng-tsio̍h,磅石
pōng-khang,磅空
pōng-khang-tō,磅孔道
pōng-lián,磅輦
pōng--phuà,磅破
pōng-piah,碰壁
pōng-piah,磅壁
pōng-pió,磅表
pōng-sim,蓬心
pōng-tāng,磅重
pōng-ting,磅燈
pōng-tio̍h,碰著
pōng--tio̍h,pōng著
pōng-tô,磅砣
pōng-tu̍t,磅突
po-pinn-khang,波邊空
po-siúnn,褒賞
po-so,褒唆
po-tiong,褒忠
poo,poo
poo,夫
poo,埔
poo,埠
poo,晡
póo,斧
póo,浦
póo,脯
póo,補
póo-âng,補紅
póo-bah,補肉
póo-bāng,補網
póo-bāng-hî,補網魚
póo-tsê,補齊
póo-tsìng,補正
póo-tshiong,補充
póo-tshuì-khí,補嘴齒
póo-tshui-khí,補嘴齒
póo-tsiok,補足
póo-tsōo,補助
póo-tsōo-huì,補助費
póo-tsōo-kim,補助金
póo-ê,補鞋
póo-hāu,補校
póo-hiat,補血
póo-huat,補發
póo-huè,補貨
póo-hueh,補血
póo-hōo-suànn,補雨傘
póo-iáng,補養
póo-io̍h,補藥
póo-ká,補假
póo-kàu-gia̍h,補夠額
póo-kàu-kàu,補夠夠
póo-khang,補空
póo-khiàm,補欠
póo-khó,補考
póo-khò,補課
póo-kip,補給
póo-kiù,補救
póo-lāu,補漏
póo-lô,捕撈
póo-lōo,補路
póo-mi̍h,補物
póo-niá,補領
póo-phín,補品
póo-phuê-ê,補皮鞋
póo-pî,補脾
póo-póo,脯脯
póo-sann,補衫
póo-sat,捕殺
póo-siāng,補上
póo-sīn,補腎
póo-sióng,補償
póo-siông,補償
póo-si̍p,補習
póo-si̍p-pan,補習班
póo-siu,補修
póo-sóo,補所
póo-tah,補搭
póo-tang,補冬
póo-thak,補剔
póo-thap,補thap
póo-thap,補塌
póo-that,補that
póo-that,補塞
póo-thâu,斧頭
póo-thâu,捕頭
póo-thiap,補貼
póo-thinn,補添
póo-thīnn,補thīnn
póo-thīnn,補紩
póo-tiánn-ê,補鼎的
póo-ūn,補運
pòo,布
pòo,播
pòo-ang-á,布尪仔
pòo-ba̍k,布目
pòo-bué,布尾
pòo-bué-á,布尾仔
pòo-bōo,布幕
pòo-tsáinn,布指
pòo-tsat,布扎
pòo-tsat-á,布扎仔
pòo-tsat-á,布札仔
pòo-tsíng,播種
pòo-tshân,播田
pòo-tshuì,布碎
pòo-tshuì-á,布碎仔
pòo-tshun,播春
pòo-tshun-hue,報春花
pòo-tshut,播出
pòo-ê,布鞋
pòo-ê-té,布鞋底
pòo-hā,佈下
pòo-hâng,布行
pòo-hòng,播放
pòo-im,播音
pòo-kau,布交
pòo-kíng,布景
pòo-kíng,佈景
pòo-kio̍k,佈局
pòo-kò,佈告
pòo-kue,布瓜
pòo-kui,布機
pòo-lang,布朗
pòo-lí,布裏
pòo-lî,布簾
pòo-liâu,布條
pòo-liâu-á,布條仔
pòo-liāu,布料
pòo-liú,布鈕
pòo-lông-tso̍k,布農族
pòo-luî,佈雷
pòo-mn̂g,布門
pòo-muá,佈滿
pòo-ng-á,播秧仔
pòo-nî,布簾
pòo-pak,布幅
pòo-pang,布枋
pòo-pênn,布棚
pòo-phâng,布帆
pòo-phâng,布篷
pòo-pînn,布棚
pòo-pòo,布布
pòo-sàng,播送
pòo-si,佈施
pòo-sì,佈施
pòo-sin,布身
pòo-sū,佈署
pòo-tah,布搭
pòo-tah,佈搭
pòo-ta̍t,佈達
pòo-tē,布袋
pòo-tē-tsiam,布袋針
pòo-tē-tsiáu,布袋鳥
pòo-tē-gô,布袋鵝
pòo-tē-hì,布袋戲
pòo-tē-liân,布袋蓮
pòo-tē-tik,布袋竹
pòo-ting,布丁
pòo-thâu,布頭
pòo-thâu-hong,報頭風
pòo-thua-á,布拖仔
pòo-tì,佈置
pòo-tiàm,布店
pòo-tiū,播稻
pòo-tn̄g,布丈
pòo-tō,佈道
pôo,pôo
pôo,苞
pôo,袍
pôo,紨
pôo,酺
pôo-ing,蒲英
pôo-khì,蒲去
pôo-kong-ing,蒲公英
pôo-kuî,蒲葵
pôo-thô,蒲桃
pōo,步
pōo,哺
pōo,部
pōo-bûn,部門
pōo-tshìng,步銃
pōo-tshiú,捕手
pōo-tsia̍h,哺食
pōo-tsi̍h,哺舌
pōo-tsiòng,部將
pōo-tsōo,步驟
pōo-hā,部下
pōo-hîng,步行
pōo-hua̍h,步伐
pōo-huē,部會
pōo-hūn,部分
pōo-hūn,部份
pōo-io̍k,哺育
pōo-kháu,步口
pōo-khí,哺齒
pōo-kiânn,步行
pōo-lí,步履
pōo-lián,步輦
pōo-lo̍k,部落
pōo-ping,步兵
pōo-pîng,步平
pōo-pîn,pōo-pîn
pōo-pîn,暴憑
pōo-pīn,pōo-pīn
pōo-puânn,步盤
pōo-pōo,步步
pōo-sio̍k,部屬
pōo-siú,部首
pōo-suann-hóo,步山虎
pōo-sòo,步數
pōo-sú,部署
pōo-tiāu,步調
pōo-tiúnn,部長
pōo-tō,步道
pōo-tuī,步隊
pōo-tuī,部隊
pōo-uī,步位
pōo-uī,部位
poo-tshâ,poo柴
poo-tsháu-hiūnn,埔草樣
poo-tsiáu,埔鳥
poo-gîn,埔銀
poo-iâm,埔鹽
poo--khì,poo去
poo-kiunn,埔姜
poo-kiunn,埔薑
poo-kiunn-tê,埔薑茶
poo-lí,埔里
poo-lian,脯蔫
poo-lūn,埔崙
poo-ua,蜅蛙
poo-pit-á,埔筆仔
poo-sim,poo心
poo-sim,埔心
poo-sim,痡心
poo-thâu,埠頭
poo-tiú-á,埔肘仔
poo-tiū,埔稻
pù,富
pù-lâng,富人
pù-sí,富死
pù-táu,富斗
pù-táu,富倒
pû,炰
pû,匏
pû,烰
pû-á,匏仔
pû-han-tsî,炰蕃薯
pû-han-tsî,烰番薯
pû-hia,匏桸
pû-thôo-tāu,pû土豆
pū,婦
pū,孵
pū-lâng,伏膿
pū-lâng,孵膿
pū-nn̄g,孵卵
pū-nuā,泡瀾
pū-siū,孵siū
pū-siū,孵岫
puh,puh
puh-tshuì-khí,茁嘴齒
puh-tshut-lâi,窋出來
puh--tshut-lâi,puh出來
puh-gê,puh芽
puh-gê,茁芽
puh-ínn,puh芛
puh-ínn,茁蘡
puh-kóng-á,窋管仔
puh-lâng,puh膿
puh-lâng,茁膿
puh-lia̍p-á,puh粒仔
puh-nuā,窋瀾
puh-phā,茁泡
puh-pho,puh波
puh-pho,窋波
puh-puì-á,puh疿仔
puh-ting-á,窋燈仔
puì,痱
puì-á,疿仔
puì-á,痱仔
puì-á-hún,疿仔粉
puì-á-hún,痱仔粉
puî,肥
puî-bah,肥肉
puî-tshân-hún,肥田粉
puî-tshia-tshia,肥車車
puî-tsih-tsih,肥漬漬
puî-tsut-tsut,肥雋雋
puî--ê,肥的
puî-innh-innh,肥盈盈
puî-ioh-ioh,肥溢溢
puî-iû,肥油
puî--khí-lâi,肥起來
puî-li̍k,肥勒
puî-li̍k-iâ,肥勒爺
puî-liāu,肥料
puî-lui-lui,肥鐳鐳
puî-lūn,肥潤
puî-lut-lut,肥lut-lut
puî-lut-lut,肥甪甪
puî-lut-sut,肥lut-sut
puî-lut-sut,肥肭肭
puî-nńg,肥軟
puî-pe̍h,肥白
puî-phàng,肥胖
puî-phauh-phauh,肥泡泡
puî-pùn,肥糞
puî-senn,肥生
puî-sin,肥身
puî-tan,肥丹
puî-thut-thut,肥thut-thut
puî-ti,肥豬
puî-tiân-hún,肥田粉
puî-ti-tāu,肥豬豆
puî-ti-to,肥豬刀
puî-tǹg-tǹg,肥頓頓
puî-tuà,肥帶
puî-tún,肥腯
puî-tut-tut,肥腯腯
puī,吠
puī,蜚
pui̍h,拔
pui̍h-ba̍k,拔目
pui̍h-tshut,拔出
pui̍h-hong,拔封
pui̍h-hong-kóng,拔封栱
pui̍h-kâu-thâu,拔猴頭
pui̍h--khí-lâi,拔起來
pui̍h-kiàm,拔劍
pui̍h-soh,拔索
pui̍h-tiāu,拔掉
puinn-sî-hong,方時風
puinn-sî-hōo,方時雨
pun,分
pun,錛
pún,本
pún,苯
pún-àn,本案
pún-bûn,本文
pún-tsi̍k,本籍
pún-tshī,本市
pún-tshinn,本菁
pún-tsiânn,本成
pún-tsînn,本錢
pún-tsit,本質
pún-tsú,本主
pún-ik-pí,本益比
pún-gia̍p,本業
pún-guân,本元
pún-guân,本原
pún-guân,本源
pún-hâng,本行
pún-hāu,本校
pún-hiong,本鄉
pún-hōng,本俸
pún-hūn,本份
pún-ì,本意
pún-ke,本家
pún-kim,本金
pún-kok,本國
pún-lâi,本來
pún-lâng,本人
pún-líng,本領
pún-lîng,本能
pún-luí,本壘
pún-miâ,本名
pún-nî,本年
pún-nî-tōo,本年度
pún-pang,本邦
pún-pâng,本房
pún-phiò,本票
pún-pò,本報
pún-pōo,本部
pún-sik,本色
pún-sik,本息
pún-síng,本省
pún-sìng,本性
pún-siàng,本相
pún-siâng-sî,本常時
pún-sin,本身
pún-sin-lâng,本身人
pún-sin-thng,本身湯
pún-sū,本事
pún-té,本底
pún-tē,本地
pún-tē-lâng,本地人
pún-tíng,本頂
pún-tíng,本等
pún-thé,本體
pún-thóo,本土
pún-thóo-huà,本土化
pún-tó,本島
pún-tóng,本黨
pún-tôo,本途
pún-uī,本位
pùn,糞
pùn-kam-tîn,畚甘藤
pùn-kháu,糞口
pùn-kháu-kin,糞口筋
pùn-kháu-thâng,糞口蟲
pùn-khenn,糞坑
pùn-khut,糞窟
pùn-ki,畚箕
pùn-ki,糞箕
pùn-ki-tîn,畚箕藤
pùn-mn̂g,糞門
pùn-nâ,糞籃
pùn-sò,糞埽
pùn-sò-tshia,糞埽車
pùn-sò-hî,糞埽魚
pùn-sò-siunn,糞埽箱
pùn-sò-tháng,糞埽桶
pùn-sò-tiûnn,糞埽場
pùn-táu,畚斗
pùn-táu,糞斗
pùn-tāu,畚斗
pùn-thôo,糞土
pùn-tui,畚堆
pûn,pûn
pûn-tshue-ê,pûn吹的
pûn-hua,pûn-hoa
pûn-hua,歕hoa
pûn-hué,pûn火
pûn-hong,pûn風
pûn-hong,歕風
pûn-hōng,pûn風
pûn-hong-kiû,pûn風球
pûn-hōo-sit,pûn互熄
pûn-káu-lê,歕狗螺
pûn-ke-kui,pûn雞kui
pûn-ke-kui,歕雞kui
pûn-khuì,pûn氣
pûn-khuì,歕氣
pûn-la-pa,pûn喇叭
pûn-lióng,pûn嚷
pûn-phín-á,歕品仔
pûn-pi-á,pûn啡仔
pûn-pi-á,歕觱仔
pûn-tî-á,歕笛仔
pūn,泍
pūn,笨
pūn-bīn,笨面
pūn-tshia-tshia,笨車車
pūn-tshiâng,笨tshiâng
pūn-tshiâng,笨戕
pūn-tshiâng,笨長
pūn-hî,笨魚
pūn-lâu,泍流
pūn-sua,笨鯊
pūn-tíng,笨頂
pun-âng-lī,分紅利
pun-tsâi-sán,分財產
pun-tsáu,奔走
pun-tsàu,分灶
pun-tshe-lâu,分叉流
pun-tshe-lâu,分汊流
pun-tshe-lōo,分叉路
pun-tsia̍h,分食
pun-tsng,分贓
pun-tsuí,分水
pun-ê,分的
pun-ê,分個
pun-ke-hué,分家伙
pun-ke-hué,分傢伙
pun-khui,分開
pun-khui-tsia̍h,分開食
pun-khui-khiā,分開khiā
pun-kiánn,分囝
pun-kong-piánn,分公餅
pun-kóo,分股
pun-lâu,分流
pun-lōo,分路
pun-niū,分讓
pun-pênn,分平
pun-phinn,分抨
pun-phinn,分摒
pun-pho,奔波
pun-phue--ê,分批的
pun-piánn,分餅
pun-pn̄g,分飯
pun-siū,分siū
pun-tiunn,分張
pun-tô,奔逃
pun-tō,分道
pun-tō-tshuì,分道嘴
put,不
put,拂
put,柫
pu̍t,佛
pu̍t,勃
pu̍t,桲
pu̍t-á,佛仔
pu̍t-á-thôo,佛仔土
pu̍t-biō,佛廟
pu̍t-tshiú,佛手
pu̍t-tsóo,佛祖
pu̍t-tsóo-senn,佛祖生
pu̍t-jī,佛字
pu̍t-jiân,勃然
pu̍t-kàu,佛教
pu̍t-king,佛宮
pu̍t-kham,佛龕
pu̍t-kong,佛公
pu̍t-pu̍t,勃勃
pu̍t-siōng,佛像
pu̍t-toh,佛桌
put-an,不安
put-ba̍k,不目
put-bîng,不明
put-bián,不免
put-biāu,不妙
put-bô,不無
put-buán,不滿
put-bo̍k,不目
put-bông,不忘
put-tsâi,不才
put-tsáu,拂走
put-tsìng,不正
put-tsìng-tong,不正當
put-tsîng,不情
put-tshîng-tsāi,不常在
put-tshiâng-tsāi,不常在
put-tshûn-thinn,不存天
put-tsí,不止
put-tsí,不只
put-tsí-á,不止仔
put-tsí-sī,不止是
put-tsiap-it,不接一
put-tsīn,不盡
put-tsiok,不足
put-tsiu,不周
put-tsuân,不全
put-tsua̍t,不絕
put-tsū,不住
put-tsū-kak,不自覺
put-tsún,不准
put-ing-kai,不應該
put-gî,不宜
put-gī,不義
put-hàu,不孝
put-hàu-kiánn,不孝囝
put-hi̍k,不惑
put-hīng,不幸
put-hiú,不朽
put-huân,不凡
put-huat,不法
put-ho̍k,不服
put-hông,不妨
put-hû,不符
put-ì-tiong,不意中
put-î,不移
put-iā-siânn,不夜城
put-ia̍t,不悅
put-īn-tsìng,不孕症
put-jî,不如
put-jî-ì,不如意
put-jî-kò,不而過
put-jī-kè,不二價
put-jī-kò,不而過
put-kai,不該
put-kái,不解
put-kak,不覺
put-kám-tong,不敢當
put-kè,不計
put-khik,不克
put-khí,不齒
put-khuí,不軌
put-kiàn-thian,不見天
put-kiat,不結
put-kìm,不禁
put-kò,不過
put-kuán,不管
put-kuán-sî,不管時
put-lîng-put,不能不
put-lî-kò,不而過
put-lī,不利
put-lī-sî,不離匙
put-liâm,不廉
put-liâm-tshuì,不廉嘴
put-liâng,不良
put-lú-á,不女仔
put-lūn,不論
put-nāi-huân,不耐煩
put-ngá,不雅
put-pîng,不平
put-phuè,不配
put-pí,不比
put-piàn,不變
put-piān,不便
put-pit,不必
put-sam-sî,不三時
put-sî,不時
put-sī,不是
put-siān,不善
put-siang-kan,不相干
put-siáu,不少
put-siàu,不肖
put-siàu-tsú,不肖子
put-siàu-ting,不肖丁
put-sīn,不慎
put-siông,不詳
put-sit-uî,不失為
put-siu,不修
put-siū-kàu,不受教
put-sú-tsháu,不死草
put-sú-kuí,不死鬼
put-suī,不遂
put-sūn-gán,不順眼
put-sut,不屑
put-tān,不但
put-ti̍k,不敵
put-tik-í,不得已
put-tik-liáu,不得了
put-tíng,不等
put-tīng,不定
put-thò,不妥
put-thôo,put土
put-tī,不治
put-ti-tsiok,不知足
put-tiòng-iōng,不中用
put-ti̍t,不直
put-tit-í,不得已
put-tó-ong,不倒翁
put-tuān,不斷
put-tóng,不tóng
put-tòng,不當
put-tông-tiám,不同點
put-tōo,不度
put-tōo,不渡
sa,sa
sa,捎
sa,搔
sá-liù,洒流
sà,sà
sā,嗄
sa-á-pòo,紗仔布
sa-bi,沙彌
sa-bí-suh,sa-bí-suh
sa-bô-tsáng,捎無總
sa-bô-tio̍h,sa無著
sa-bo̍k,沙漠
sa-bôo,沙漠
sa-bui,sa-bui
sa-bui,沙微
sa-tsînn,sa錢
sa̍h,sa̍h
sa̍h,煠
sa̍h-tshài,煠菜
sa̍h-mī-tsuí,sa̍h麵水
sa̍h-nn̄g,煠卵
sannh,sannh
sannh-ām-kún,sannh頷管
sannh-ân,sannh-ân
sannh-hong,sannh風
sannh-khuì,sannh氣
sannh-lūn,sannh潤
sannh-mih,啥物
sannh-sannh-háu,sannh-sannh吼
sannh-sì,sannh勢
sannh-sim,sannh心
sannh-sim-khuì,喢心氣
sannh-tiâu,sannh-tiâu
sannh-tio̍h,sannh著
sannh-tio̍h-hong,喢著風
sai,西
sai,師
sai,獅
sai,腮
sái,使
sái,屎
sái,駛
sái-àm-tsiam,使暗針
sái-àm-tsìnn,使暗箭
sái-àm-hīng,使暗行
sái-àm-la̍t,使暗力
sái-àm-lōo,使暗路
sái-àm-pōo,使暗步
sái-àm-to̍k,使暗毒
sái-āu-sng,使後栓
sái-ba̍k-bué,使目尾
sái-ba̍k-tsìnn,使目尾
sái-ba̍k-tsìnn,使目箭
sái-ba̍k-kak,使目角
sái-ba̍k-sik,使目色
sái-bē-tsáu,使bē走
sái-bē-kiânn,使bē行
sái-bué,屎尾
sái-tshân,駛田
sái-tshia,駛車
sái-tshia-ê,駛車的
sái-tshiú-lōo,使手路
sái-tshua̍h-ba̍k,使斜目
sái-tshuì-tshok,使嘴撮
sái-tshuì-hue,使嘴花
sái-tshut,使出
sái-tshut,駛出
sái-tsū,屎眥
sái-tsuí,屎水
sái-tsûn,駛船
sái-ē-tsáu,使會走
sái-ē-kiânn,使會行
sái-īng,使用
sái-ha̍k,屎ha̍k
sái-ha̍k,屎礐
sái-ha̍k-á,屎礐仔
sái-hî,屎魚
sái-hiòng,駛向
sái-huâinn,使橫
sái-hóo,屎虎
sái-in-niâ,使in娘
sái-iōng,使用
sái-iōng-huì,使用費
sái-jiō,屎尿
sái-jiō-tsū,屎尿tsū
sái-jiō-kûn,屎尿裙
sái-jiō-pòo,屎尿布
sái-jiō-puî,屎尿肥
sái-kàn-tshoh,使姦肏
sái-kàn-kiāu,使姦撟
sái-kàu,駛到
sái-ki̍k-pōo,使極步
sái-kha-tshng,使尻川
sái-khak-lông,屎殼螂
sái-khiā-ba̍k,使徛目
sái-kiann,使驚
sái-kiàn-sik,使見色
sái-kín,駛緊
sái-kīn,駛近
sái-kuè-bé,使過馬
sái-kuè-bé,駛過馬
sái-kuè-bīn,使過面
sái-kuè-kuà,使過掛
sái-kuè-kuà,駛過掛
sái-kù,使倨
sái-kū,使拒
sái-kún,屎滾
sái-lê,駛犁
sái-liō,屎尿
sái-liō-puî,屎尿肥
sái-lōng,使弄
sái-lōo,使賂
sái-ngē-phìnn,駛硬片
sái-ngē-phīnn,使硬鼻
sái-uē-sng,使話栓
sái-uē-tú,使話抵
sái-óng,駛往
sái-pak,屎腹
sái-phái-phóo,使歹譜
sái-phài,使歹
sái-phài,使派
sái-pháinn-phóo,使歹譜
sái-phak-tshiú,使覆手
sái-phiah,使癖
sái-phuà-nuā,使破爛
sái-phuah-hōo,屎潑雨
sái-phún,使畚
sái-phún-iōng,使翸用
sái-sik-tsuí,使色水
sái-sìng,使性
sái-sìng-tē,使性地
sái-sì,使勢
sái-sì-thâu,使勢頭
sái-sian-kong,使仙公
sái-sim-hīng,使心行
sái-sîn,屎蠅
sái-so,使唆
sái-sō,使唆
sái-tháng,屎桶
sái-tháng-kuà,屎桶蓋
sái-thǹg-pau,使褪包
sái-thué,使體
sái-thuì,使替
sái-thuì-pau,使替包
sái-tiànn,駛碇
sái-ti̍t-âu,使直喉
sái-tit-kuè,使得過
sái-tn̄g,使蕩
sái-tò-thè,駛倒退
sái-tōo,屎肚
sài,婿
sài,賽
sài-bé,賽馬
sài-tshia,賽車
sài-huē,賽會
sài-kiû,賽球
sài-kuán,使館
sài-lân,賽蘭
sài-má,賽馬
sài-pháu,賽跑
sài-tiûnn,賽場
sâi-tshuì,饞嘴
sāi,似
sāi,侍
sāi,姒
sāi,祀
sāi-hīng,撒行
sāi-phuà-nuā,撒破爛
sāi-phuà-nuā,撒潑爛
sāi-phuat,撒潑
sāi-pu̍t,祀佛
sāi-sîn-tsú,祀神主
sāi-tìng-hīng,撒釘行
sāi-thái,sāi-thái
sai-á,司仔
sai-á-huē,獅仔會
sai-á-kang,司仔工
sai-á-kang,師仔工
sai-á-phīnn,獅仔鼻
sai-á-thâu,獅子頭
sai-á-thûn,獅仔豚
sai-bó,獅母
sai-tshuì-phé,揌嘴phoe
sai-tshuì-pinn,腮嘴邊
sai-tsiò-ji̍t,西照日
sai-tsiò-li̍t,西照日
sai-tsú,獅子
sai-gû,犀牛
sai-gû-kak,犀牛角
sai-gû-phuê,犀牛皮
sai-hiann,師兄
sai-huānn,西岸
sai-hong,西風
sai-hū,司傅
sai-hū,師傅
sai-hū-kang,師父工
sai-iann,獅纓
sai-kha,私腳
sai-khí,西齒
sai-khí,犀齒
sai-khia,私奇
sai-khia,私傢
sai-khia-tsînn,私傢錢
sai-khia-tsînn,私腳錢
sai-khia-uē,私傢話
sai-khu,西區
sai-kok-bí,西谷米
sai-kong,司公
sai-kong-bō,司公帽
sai-kong-giang,司公鈃
sai-kong-kè,司公髻
sai-kong-kha,司公腳
sai-kong-ó,司公襖
sai-kong-phâu,司公袍
sai-koo,師姑
sai-koo-niau,獅蛄貓
sai-lâm,西南
sai-lê,西螺
sai-lê-kam,西螺柑
sai-lîng,西寧
sai-nai,sai-nai
sai-pak,西北
sai-pak-hōo,西北雨
sai-pîng,西pîng
sai-sì,西勢
sai-suann,西山
sai-thâu-suann,獅頭山
sai-thuân,師團
sai-tīn,獅陣
sai-to,獅刀
sai-to-tsi̍h,西刀舌
sai-to-tsi̍h,獅刀舌
sak,sak
sak-tsáu,sak走
sak-tshia,sak車
sak-tsò-tui,sak做堆
sa-ke,莎雞
sak-khù,sak-khù
sak-khui,sak開
sak-mn̂g,sak門
sa-ko,沙鍋
sa-kó,沙果
sak-uá,sak倚
sak-pua̍h-tó,sak跋倒
sak-sau,嘲
sak-thâu,sak頭
sak-tiū,sak稻
sak-tó,sak倒
sak-tó,倒
sa-lá-iû,沙拉油
sa-lî,沙厘
sa-lî-e,沙厘鍋
sa-lia̍h,捎lia̍h
sa-liu,捎溜
sam,杉
sam,衫
sám,摻
sám,糝
sám-hún,糝粉
sám-iâm,摻鹽
sám-io̍h-hún,摻藥粉
sám-khai,摻開
sám-liām,糝念
sám-phún,摻翸
sám-siūnn,散想
sám-siūnn,糝想
sám-thn̂g,糝糖
sàm,鬖
sàm-mē,sàm罵
sàm-mn̂g-káu,鬖毛狗
sàm-mn̂g-kuí,鬖毛鬼
sàm-môo-káu,散毛狗
sàm-pōo,散步
sàm-sàm,散散
sàm-su,三思
sàm-tām,散淡
sâm,饞
sa-m̄-tio̍h,sa-m̄著
sam-á,杉仔
sam-á-tshâ,杉仔柴
sam-á-tsiáu,杉仔鳥
sam-á-hâng,杉仔行
sam-bûn-hî,三文魚
sam-tsàn,三層
sam-tsàn-bah,三層肉
sam-tsân-bah,三層肉
sam-tshe,三叉
sam-tshe-lōo,三叉路
sam-tshit-á,三七仔
sam-tsi,三芝
sam-tsóng,三總
sam-tsōng,三藏
sam-gī,三義
sam-guân-á,三元仔
sam-guân-hî,三元魚
sam-hua,三花
sam-iú-hua,三友花
sam-jī-king,三字經
sam-kài-kong,三界公
sam-khiok,三麴
sam-kiap,三峽
sam-kok,三國
sam-kong,三光
sam-kong-tsiáu,三綱鳥
sam-lâm,三藍
sam-liāu,杉料
sam-lîm,杉林
sam-lîm-khe,杉林溪
sam-lua̍h,三辣
sam-môo-kiû,三毛球
sam-niû,三娘
sam-pa-lang,三巴壟
sam-pan,三斑
sam-pán-á,舢舨仔
sam-pán-iô,舢舨搖
sam-pan-hî,三斑魚
sam-pan-iô,三斑搖
sam-pan-niû,三斑娘
sam-pat,三八
sam-pat-tshiah,三八赤
sam-pat-tshuì,三八嘴
sam-pat-tsi,三八芝
sam-pat-khiàng,三八khiàng
sam-pat-khuì,三八氣
sam-pat-pô,三八婆
sam-pi̍k,三白
sam-phiann-sîn,三兵神
sam-put-tsiànn,三不正
sam-put-ho̍k,三不服
sam-put-kuán,三不管
sam-put-tíng,三不等
sam-sik,三色
sam-sing-phue,三牲胚
sam-sing-thâu,三牲頭
sam-siau,山魈
sam-siau-pēnn,三消病
sam-siong-gîn,三商銀
sam-suànn-lōo,三線路
sam-tâng-á,杉桐仔
sam-tang-hue,三冬花
sam-tho̍k-huē,三讀會
sam-tiông-tshī,三重市
sam-un-luán,三溫暖
san,星
sann,衫
sann,參
sán,產
sánn,啥
sán,瘦
sánn--á,啥仔
sán-āu,產後
sán-bah,瘦肉
sán-bu̍t,產物
sán-tshân,瘦田
sán-tshiah,瘦赤
sán-tshut,產出
sán-ê,瘦的
sán-gia̍p,產業
sán-hiám,產險
sán-hū,產婦
sán-io̍h-á,散藥仔
sán-ká,產假
sán-kà,產假
sán-kài,產界
sán-kâu,瘦猴
sán-khu,產區
sán-kuân,產權
sán-kuí,瘦鬼
sán-lîng,產能
sán-liāng,產量
sán-lò,瘦lò
sán-mn̂g,產門
sán-uē,瘦話
sán-phín,產品
sán-pô,產婆
sán-sán,瘦瘦
sán-sè,瘦細
sán-sing,產生
sán-sing-khì,產生器
sán-siâ-mōo,產邪冒
sán-so,瘦梭
sán-ta̍t,產值
sán-tē,產地
sán-tē,瘦地
sán-thiu,瘦抽
sán-thôo-ki,鏟土機
sán-tî,剷除
sán-tn̂g,瘦長
sàn,散
sàn-bān,散漫
sàn-bûn,散文
sàn-tshiah,散赤
sàn-tshiah-kiánn,散赤囝
sàn-tshiah-lâng,散赤人
sàn-tshiah-té,散赤底
sàn-tsia̍h,散食
sàn-tsiú,散酒
sàn-tsng,散庄
sàn-giān-giān,散懨懨
sàn-giuh-giuh,散縮縮
sàn-hiong,散兇
sàn-hiong,散鄉
sàn-hiong-lâng,散兇人
sàn-huat,散發
sàn-huē,散會
sàn-hûn,散魂
sàn-io̍h,散藥
sàn-ke-lōo,散街路
sàn-khì,疝氣
sàn-khuì,散氣
sàn-kuānn,散汗
sàn-kuí,散鬼
sàn-kuí-kuí,散鬼鬼
sàn-lim,散lim
sàn-luān,散亂
sàn-mē,訕罵
sàn-phí-phí,散疕疕
sàn-phún,散翸
sàn-pòo,散布
sàn-pòo,散佈
sàn-pōo,散步
sàn-sàn--leh,散散leh
sàn-sim,散心
sàn-tánn,散膽
sān-ôo,珊瑚
sān-ôo-tsiau,珊瑚礁
sann-á-bín,衫仔抿
sann-á-kè,衫仔架
sann-á-king,衫仔弓
sann-á-khim,衫仔襟
sann-á-khòo,衫仔褲
sann-á-ki,衫仔裾
sann-á-kuà,衫仔掛
sann-á-liāu,衫仔料
sann-á-niá,衫仔領
sann-á-pang,衫仔枋
sann-á-tāu,衫仔脰
sann-á-tē,衫仔袋
sann-á-thuî,衫仔槌
sann-á-tû,衫仔櫥
sann-ânn,參ânn
sann-bín,衫抿
san-tsa,山楂
sann-tsai,參知
sann-tsàn-lâu,三層樓
sann-tsa̍p,三十
sann-tsat-khiau,三節曲
sann-tsat-khiau,三節蹺
sann-tsenn,相爭
sann-tsenn,參爭
sann-tsènn,參諍
sann-tsing,參爭
sann-tsíng-huē,相整會
sann-tsham,相參
sann-tshe,三叉
sann-tshe-tsháu,三叉草
sann-tshe-lōo,三叉路
sann-tshenn,三星
sann-tshīng,衫穿
sann-tshin-tshiūnn,參親像
sann-tshiō-bīn,參tshiō面
sann-tshiu,三鬚
san-tshuan,山川
sann-tshut-lōo,參出路
sann-tshut-thâu,三齣頭
sann-tsia̍h-tshīng,相食穿
sann-tsia̍h-liâm,參食黏
sann-tsim,參chim
sann-tsioh-mn̄g,sann借問
sann-tsit,衫脊
san-tsong,山莊
sann-e-king,相挨肩
sang,鬆
sáng,sáng
sáng-khuì,sáng氣
sáng-sì,sáng勢
sàng,送
sàng-tshut-suann,送出山
sàng-tsáu,送走
sàng-tsàu-kun,送灶君
sàng-tshiu-pho,送秋波
sàng-tshut,送出
sàng-tsò-tui,送做堆
sàng-tsòng,送葬
sàng-tsú-niáu,送子鳥
sàng-hîng,送行
sàng-huè,送貨
sàng-huê,送回
sàng-hong,送風
sàng-hōo,送hōo
sàng-i,送醫
sàng-kau,送交
sàng-kàu,送到
sàng-kè,送嫁
sàng-kè-ḿ,送嫁姆
sàng-kheh,送客
sàng-khí-bé,送起馬
sàng--khí-khì,送起去
sàng-khí-thîng,送起程
sàng-khì,送去
sàng-lāu,送老
sàng-lé,送禮
sàng-lîn-tsîng,求諒情
sàng-lîn-tsîng,送人情
sàng-pio,送鏢
sàng-siānn,送siānn
sàng-siāng,送上
sàng-sîn,送神
sàng-sîn-li̍t,送神日
sàng-sió-sim,送小心
sàng-suann,送山
sàng-sòo,sàng素
sàng-sūn-hong,送順風
sàng-ta̍t,送達
sàng-thiap,送帖
sàng-tiānn,送定
sàng-tiānn,送訂
sang-ân,鬆ân
sang-tsi̍t-khuì,鬆一氣
sang-huà-huà,鬆化化
sann-gió,參睨
sann-gio̍h,相謔
sann-gio̍h,參謔
sang-khuì,鬆氣
sang-lāng,鬆弄
sang-līng,鬆冗
sang-nńg,鬆軟
sang-phùn-phùn,鬆噴噴
sang-tháu,鬆tháu
sang-thôo,鬆土
sann-ha̍h,參合
sann-ha̍p,三合
sann-ha̍p-īnn,三合院
sann-hīng,參衒
sann-hīnn-tsháu,三耳草
sann-hio̍h-lân,三葉蘭
sann-hio̍h-sng,三葉酸
sann-huān,相犯
sann-hue,三花
sann-hué,三火
sann-huē,相會
sann-hóo,參唬
sann-hūn,參混
sann-i-uá,參依倚
san-jîn,山人
sann-ji̍t-sin,三日新
sann-kā-bué,相咬尾
sann-kah,參夾
sann-kak,三角
sann-kak-á,三角仔
sann-kak-ba̍k,三角目
sann-kak-tshiunn,三角鯧
sann-kak-hîng,三角形
sann-kak-hue,三角花
sann-kak-king,三角肩
sann-kak-koo,三角姑
sann-kak-koo,三角鉤
sann-kak-koo,三角箛
sann-kak-muî,三角梅
sann-kak-phiô,三角薸
sann-kak-png,三角楓
sann-kâng,參仝
sann-kāng,參仝
sann-kap,相及
sann-kap,相合
sann-kap,參及
sann-ka-phî,三加皮
sann-kap-khiā,相佮徛
sann-kau-hòo,相鉤互
sann-kè-tshuā,相嫁娶
sann-ke̍h,參桀
sann-king-á,衫弓仔
sann-kha-á,三腳仔
sann-kha-bé,三腳馬
sann-kha-tsián,三腳剪
sann-kha-hóo,三腳虎
sann-kha-kè,三腳架
sann-kha-king,三腳弓
sann-kha-niau,三腳貓
sann-kha-phuà,三腳破
sann-kha-phuê,三腳皮
sann-kha-pih,三腳鱉
sann-kha-pih,三腳鼊
sann-kha-ting,三腳丁
sann-kha-ting,三腳釘
sann-kha-tiam,三腳砧
sann-kha-tiánn,三腳鼎
sann-kha-toh,三腳桌
sann-kha-tu,三腳tu
sann-kha-tu,三腳株
sann-kha-tu,三腳推
sann-khin,三輕
sann-khǹg,參勸
sann-khòo,衫褲
san-kiám,刪減
sann-ki-tshiú,三支手
sann-ki-tshiú,三隻手
sann-kióng,參拱
sann-kip-thiàu,三級跳
san-ko,山歌
sann-kuài,相怪
sann-kun,三軍
sann-lām,參濫
sann-lām-tsham,相濫參
sann-lām-tsham,參濫參
sann-làng-thàng,相làng-thàng
sann-lī,參離
sann-liâm-tsháu,三薟草
sann-lián-tshia,三lián車
sann-liân-kûn,衫連裙
sann-liân-suà,參連suà
sann-liāu,衫料
sann-liû,三流
sann-luí-tshiú,三壘手
san-ḿ,山姆
sann-uá,參倚
sann-uá-kīn,參倚近
sann-uá-pn̄g,相倚傍
sann-uá-pn̄g,參倚傍
sann-uá-uī,參倚位
sann-uánn-pn̄g,三碗飯
san-ôo,珊瑚
san-ôo-tshài,珊瑚菜
san-ôo-tshiū,珊瑚樹
sann-pái-puah,相擺撥
sann-pài,參拜
san-pán,舢板
san-pán-á,舢舨仔
sann-pang-tsān,參幫贊
sann-pat,參捌
sann-pé-tshia,三把車
sann-phè,衫帕
sann-phō,參抱
sann-phuānn,相伴
sann-pí,相比
sann-piànn,參拚
sann-pó-sann,三堡三
san-pòo-tsiáu,山布鳥
sann-pōo-khik,三部曲
san-san-lâu,潸潸流
sann-sè,參賽
sann-sè-tsáu,相賽走
sann-senn,三生
sann-sî,參辭
sann-sià,參瀉
sann-suà,參suà
sann-suè,相賽
sann-su,參輸
sann-su-iânn,參輸贏
sann-tak-tshuì,相觸嘴
sann-tâng,參同
sann-tīng-poo,三重埔
sann-thâi,參
sann-thàn,參趁
sann-thàng,參thàng
sann-thap-kha,相蹋腳
sann-thàu,相透
sann-thâu-jī,三頭二
sann-thâu-sì,三頭四
sann-thīn,參thīn
sann-thuî,衫槌
san-tî,刪除
sann-tiam,衫砧
sann-tiám-á,三點仔
sann-tn̄g,衫丈
sann-tú-tshuì,相抵嘴
sann-tû,衫櫥
sann-tuì-tshuì,相對嘴
sann-tuì-pí,相對比
sap,sap
sap,圾
sap,霎
sap-á,sap仔
sap-á,屑仔
sap-bûn,雪文
sa-pòo,紗布
sap-pìn,虱篦
sap-sap-á,霎霎仔
sap-sé,圾洗
sa-sí-mih,sa-sí-mih
sat,虱
sat,剎
sat,殺
sat,薩
sat-ba̍k,虱目
sat-ba̍k-hî,虱目魚
sat-bó,虱母
sat-bó,蝨母
sat-bó-á,虱母仔
sat-bó-tsí,虱母子
sat-bó-nn̄g,蝨母卵
sat-bó-thâu,虱母頭
sat-bûn,sat-bûn
sat-bûn,雪文
sat-tshiú,殺手
sa-te,沙茶
sat-hāi,殺害
sa-thang,紗窗
sa-tio̍h-tsáng,sa著總
sat-jîn,殺人
sat-jîn-tsuē,殺人罪
sat-jîn-huān,殺人犯
sat-khún,殺菌
sat-ki,殺機
sat-lio̍k,殺戮
sat-phīnn,sat鼻
sat-phīnn,塞鼻
sat-pìn,虱篦
sat-pìn,櫛篦
sat-pìn-hôo,櫛篦鬍
sat-sat,殺殺
sat-sing,殺生
sat-sí-sí,塞死死
sat-sim,殺心
sat-sin,殺身
sat-siong-li̍k,殺傷力
sat-siú,殺手
sat-tánn,殺膽
sat-tàn,撒旦
sat-tiāu,殺掉
sau,梢
sau,脩
sau,獀
sau,蛸
sau,誚
sau,颼
sau,騷
sàu,掃
sàu,嗽
sàu-biâu,掃瞄
sàu-biâu-khì,掃描器
sàu-biâu-khì,掃瞄器
sàu-biô,掃瞄
sàu-bōng,掃墓
sàu-tshiú,掃帚
sàu-tshiú-tshenn,掃帚星
sàu-tshiú-hê,掃帚蝦
sàu-tshiú-tik,掃帚竹
sàu-kak,哨角
sàu-luî,掃雷
sàu-se,掃梳
sàu-sè,掃酒
sàu-siā,掃射
sàu-tè,掃地
sàu-thâm,嗽痰
sàu-thé-biān,掃體面
sàu-thôo-kha,掃土腳
sàu-tî,掃除
sàu-tuè,掃地
sàu-tōng,掃蕩
sau-bé,捎馬
sau-tshiò,嘲笑
sau-hong,脆風
sau-hong,酥風
sau-hong,颼風
sau-nńg,颼軟
sau-phî,梢皮
sau-phî,誚皮
sau-phî,嘲皮
sau-sat,梢殺
sau-siann,唦聲
sau-siann,酥聲
sau-siann,嘶聲
sau-siann,颼聲
sau-sim,颼心
sau-sim,騷心
sau-that,誚躂
se,梳
se,紗
se,疏
sé,洗
sé-á,黍仔
sé-bīn,洗面
sé-tsīng,洗淨
sé-tshing,洗清
sé-tshing-khì,洗清氣
sé-tshiú,洗手
sé-tshuì,洗嘴
sé-tsio̍h-á,洗石仔
sé-i̍k,洗浴
sé-i̍k-tsô,洗浴槽
sé-i̍k-king,洗浴間
sé-i̍k-phûn,洗浴盆
sé-i̍k-tî,洗浴池
sé-huat-tsing,洗髮精
sé-hu̍t,洗佛
sé-i-ki,洗衣機
sé-jī,洗字
sé-kha,洗腳
sé-kháu,洗口
sé-kì-á,洗鋸仔
sé-kiap,洗劫
sé-kim,洗金
sé-kut,洗骨
sé-lé,洗禮
sé-mn̂g-hong,洗門風
sé-náu,洗腦
sé-uánn,洗碗
sé-pâi,洗牌
sé-sam-tiau,洗三朝
sé-sann,洗衫
sé-sann-ki,洗衫機
sé-sann-pang,洗衫枋
sé-sann-thuî,洗衫槌
sé-sann-tiàm,洗衫店
sé-sing-khu,洗身軀
sé-sin,洗身
sé-sin-king,洗身間
sé-sin-khu,洗身軀
sé-sin-lī,洗身離
sé-sin-tî,洗身池
sé-sua-kim,洗沙金
sé-thâu,洗頭
sé-theh,洗澈
sé-thuā,洗汏
sé-thuā,洗汰
sé-tn̄g,洗蕩
sé-tn̄g,洗盪
sè,sè
sè,世
sè,酒
sè,細
sè,赦
sè,賽
sè-á,細仔
sè-ba̍k,細木
sè-ba̍k,細目
sè-bîng,世盟
sè-bî,細微
sè-tsâng,細叢
sè-tsat,細節
sè-tsik,細叔
sè-tsik,細則
sè-tsîng,世情
sè-tsia̍h,細食
sè-tsiah-tsûn,細隻船
sè-tsiat,細節
sè-tsím,細嬸
sè-tsím-á,細嬸仔
sè-tsong,世宗
sè-tsūn-hōo,細陣雨
sè-gue̍h,細月
sè-hàn,細漢
sè-hàn-kiánn,細漢囝
sè-hàn-lâng,細漢人
sè-hàn-sî,細漢時
sè-hio̍h-lâm,細葉楠
sè-hō,細號
sè-hua̍h,細伐
sè-hōo,細雨
sè-hun,細分
sè-î,細姨
sè-î-tau,細姨兜
sè-io,細腰
sè-iù-iù,細幼幼
sè-iūnn,細樣
sè-jī,細膩
sè-ka,世家
sè-kài,世界
sè-kài-kip,世界級
sè-kài-kuan,世界觀
sè-kài-sìng,世界性
sè-kan,世間
sè-kan-lâng,世間人
sè-kan-sū,世間事
sè-ka-té,世家底
sè-kau,世交
sè-kè,賽價
sè-keh,細格
sè-keh-tsíng,細格種
sè-kíng,世景
sè-king-tshù,細間厝
sè-kha-ê,細腳個
sè-kháu-tsàu,細口灶
sè-khoo-pé,細箍把
sè-khún,細菌
sè-ki,世居
sè-kí,世紀
sè-kiánn,細囝
sè-kīm-á,細妗仔
sè-kio̍k,世局
sè-koo,細姑
sè-kóo,細股
sè-la̍t,細力
sè-la̍t-á,細力仔
sè-lī,細膩
sè-lia̍p-á,細粒仔
sè-lia̍p-tsí,細粒子
sè-lia̍p-thâu,細粒頭
sè-miâ,諡名
sè-nuí,細軟
sè-uánn-kong,細碗公
sè-pan,細班
sè-pán,細板
sè-pau,細胞
sè-pēnn,細病
sè-phe,細胚
sè-puè,細輩
sè-pōo,細步
sè-pōo,細部
sè-pōo-tsáu,細步走
sè-pōo-tôo,細部圖
sè-pún,細本
sè-sí,誓死
sè-siann,細聲
sè-siāng,世上
sè-siann-uē,細聲話
sè-siàu,細數
sè-sin,細辛
sè-sio̍k,世俗
sè-sio̍k-lâng,世俗人
sè-sio̍k-sū,世俗事
sè-sū,世事
sè-tāi,世代
sè-tè-khik,細塊曲
sè-tiâu-lōo,細條路
sè--tio̍h-thâu,赦著頭
sè-uī,細位
sē,視
sē-káu,噬狗
sē-nńg,sē軟
sē-sē,sē-sē
sē-sîn,sē神
sē-sîn,睡神
se-a,西亞
se-á-tsí,紗仔只
se-á-huè,西仔貨
se-á-pòo,紗仔布
se-á-sann,紗仔衫
se-an,西安
se-au,西歐
se-tsing,西征
se-tshan,西餐
se-tshan-thiann,西餐廳
se-tshin-tsiânn,疏親情
se-tshiúnn,紗廠
se-tsí-mn̂g,疏子門
se-tsí-thang,疏子窗
se-tsng,梳妝
se-tsong,西裝
se-tsông,西藏
se-tsú,西子
se-guân,西元
seh,刷
seh,雪
se̍h,se̍h
se̍h,踅
se̍h-bō,se̍h磨
se̍h-bué-lê,踅尾螺
se̍h-hn̄g-lōo,踅遠路
se̍h-í,se̍h椅
se̍h-ke,踅街
se̍h-ke-lōo,踅街路
se̍h-khuân,踅環
se̍h-khuân-á,se̍h圈仔
se̍h-khoo,se̍h箍
se̍h-khoo,踅箍
se̍h-khoo-lìn,se̍h箍輾
se̍h-khoo-lìn,踅箍輾
se̍h-kuè-sin,踅過身
se̍h-lê,se̍h螺
se̍h-lê,踅螺
se̍h-lê-tsuí,se̍h螺水
se̍h-lê-thui,se̍h螺梯
se̍h-lê-thui,踅螺梯
se̍h-lîng-long,se̍h玲啷
se̍h-lîng-long,踅玲瓏
se̍h-lin-long,踅玲瓏
se̍h-lo̍k-kak,踅鹿角
se̍h-lōo,se̍h路
se̍h-lōo,踅路
se̍h-uan,踅彎
se̍h-se̍h-liām,踅踅念
se̍h-tan-kǹg,se̍h單槓
se̍h-tē-kiû,se̍h地球
se̍h-thâu,se̍h頭
se̍h-thâu,踅頭
se̍h-tiûnn,se̍h場
se-hái-huānn,西海岸
seh-âng-pau,楔紅包
seh-āu-tshiú,塞後手
seh-āu-tshiú,楔後手
seh-āu-tsînn,塞後錢
seh-bí,雪米
seh-tshia,雪車
seh-tsînn,揳錢
seh-tsînn,塞錢
se-hi̍k,西域
seh-iâm,撒鹽
seh-kíng,雪景
seh-lâng,雪人
se-hn̂g,西園
se-hô-liú,西河柳
seh-uan-iunn,雪鴛鴦
se-huan-liân,西番蓮
se-ho̍k,西服
se-hong,西方
se-hong-lâng,西方人
se-hôo-liú,西湖柳
seh-phāng,seh縫
seh-sin,刷新
seh-suann,雪山
se-i,西醫
se-io̍h,西藥
se-iû-kì,西遊記
se-iûnn,西洋
se-iûnn-huan,西洋番
se-iûnn-khîm,西洋琴
se-iûnn-lâng,西洋人
se-iûnn-lâu,西洋樓
se-jîn,西人
sik,心
sik,式
sik,色
sik,室
sik,息
sik,宿
sik,適
sik,識
sik,釋
si̍k,席
si̍k,熟
si̍k-bīn,熟面
si̍k-tshiú,熟手
si̍k-tshù,穸厝
si̍k-tshù,席次
si̍k-tshuì,熟嘴
si̍k-tsí,汐止
si̍k-hâng,熟行
si̍k-hī,熟耳
si̍k-hun,熟熏
si̍k-hun,熟薰
si̍k-iâm,熟鹽
si̍k-io̍h,熟藥
si̍k-iông,夕陽
si̍k-kám-tong,石敢當
si̍k-khī,熟柿
si̍k-khok-khok,熟柝柝
si̍k-kut,熟骨
si̍k-láu-láu,熟老老
si̍k-làu-làu,熟落落
si̍k-liān,熟練
si̍k-liāu,熟料
si̍k-liông-tsú,石龍子
si̍k-liu-liu,熟溜溜
si̍k-lōo,熟路
si̍k-lú,石女
si̍k-lut-lut,熟黜黜
si̍k-sāi,熟似
si̍k-sāi-bīn,熟似面
si̍k-sāi-lâng,熟似人
si̍k-sū,碩士
si̍k-thn̂g,熟糖
si̍k-uī,席位
sik-á,稷仔
sik-bî,式微
sik-bông,色盲
sik-bûn,釋文
sik-bu̍t,飾物
sik-tsîng,色情
sik-tsîng-kông,色情狂
sik-tshái,色彩
sik-tshiat,適切
sik-tshut,釋出
sik-tsiáu,宿鳥
sik-tsinn,宿精
sik-tsuí,色水
sik-tsuí-kiau,色水嬌
sik-ìng,適應
sik-gâ,色牙
sik-gî,釋疑
sik-guā,室外
sik-ha̍p,適合
sik-ha̍p-tī,適合tī
sik-hong,色風
sik-hòng,釋放
sik-ín,索引
sik-iōng-sìng,適用性
sik-iú,室友
sik-jīm,適任
sik-ka,色加
sik-khá-uē,色巧話
sik-khia,釋迦
sik-khia-kó,釋迦果
sik-kia,釋迦
sik-kia-lâi,釋迦梨
sik-kia-thâu,釋迦頭
sik-ku,宿龜
sik-kuí,宿鬼
sik-lāi,室內
sik-liāng,適量
sik-liāu,色料
sik-lông,色狼
sik-pia̍t,惜別
sik-pia̍t,識別
sik-pia̍t-tsìng,識別證
sik-pit,色筆
sik-sòo,色素
sik-sū-pan,碩士班
sik-sut,蟋蟀
sik-tì,色致
sik-tì,色緻
sik-tī,色緻
sik-tiāu,色調
sik-tiûnn,式場
sik-tong,適當
sik-tòng,適當
se-kui,西歸
se-lang,疏lang
se-li̍k,西曆
se-lóo,西魯
se-mn̂g,西門
se-mn̂g-ting,西門町
senn,生
senn,牲
sénn-la̍t,省力
sènn-miâ,姓名
sènn-miā,性命
sènn-sī,姓氏
senn-á,鉎仔
senn-ām-liû,生頷瘤
senn-bah,生肉
senn-bah-tshì,生肉刺
senn-bah-iù,生肉幼
senn-bó,生母
senn-tsîng,生前
senn-tshng,生穿
senn-tshng,生瘡
senn-tshut,生出
senn--tshut-lâi,生出來
senn-tshut-sì,生出世
senn-tsiânn,生成
senn-tsò,生為
senn-tsò,生做
senn-tsuâ,生蛇
senn-ē,生禍
senn-enn-á,生嬰仔
sing,生
sing,先
sing,牲
sing,笙
sing,猩
síng,省
síng-tsi̍k,省籍
síng-tsìng,省政
síng-tsìng-hú,省政府
síng-tsînn,省錢
síng-tsú-si̍k,省主席
síng-gī-huē,省議會
síng-gī-uân,省議員
síng-hā,省下
síng-hat-tshī,省轄市
síng-huē,省會
síng-hú,省府
síng-hun,省分
síng-hūn,省份
síng-kang,省工
síng-khì,省去
síng-khiok,省卻
síng-kip,省級
síng-la̍t,省力
síng-lia̍k,省略
síng-li̍p,省立
síng-pún,省本
síng-sî,省時
síng-siàu,省siàu
síng-su,省思
síng-sū,省事
síng-tiāu,省掉
síng-tiúnn,省長
síng-tō,省道
síng-tóng-pōo,省黨部
síng-uí,省委
sìng,性
sìng,勝
sìng-ài,性愛
sìng-bīng,性命
sìng-bó,聖母
sìng-tsîng,性情
sìng-tsí,聖旨
sìng-tsí-tshuì,聖旨嘴
sìng-tsiàn,聖戰
sìng-tsit,性質
sìng-hîng-uî,性行為
sìng-hiòng,性向
sìng-hué,聖火
sìng-jīm,勝任
sìng-jîn,聖人
sìng-jîn-khak,聖人殼
sìng-kám,性感
sìng-kau,性交
sìng-kàu,聖教
sìng-kàu-io̍k,性教育
sìng-keh,性格
sìng-king,聖經
sìng-kíng,勝景
sìng-khì-kuan,性器官
sìng-kǹg,勝券
sìng-kua,聖歌
sìng-lîng,性能
sìng-lîng-li̍k,性能力
sìng-lī,勝利
sìng-lī-tsiá,勝利者
sìng-má,聖媽
sìng-pēnn,性病
sìng-phiah,性癖
sìng-piàn-thài,性變態
sìng-pia̍t,性別
sìng-si,聖詩
sìng-suàn,勝算
sìng-sòo,勝訴
sìng-tàn-tshiū,聖誕樹
sìng-tàn-hông,聖誕紅
sìng-tàn-iā,聖誕夜
sìng-tē,性地
sìng-tē,勝地
sìng-tē,聖地
sìng-tì-sik,性知識
sìng-tiān,聖殿
sîng,成
sîng,承
sîng-á,成仔
sîng-bûn,成文
sîng-būn-tê,成問題
sîng-tsâi,成材
sîng-tsè,承製
sîng-tsik,成績
sîng-tsik-tuann,成績單
sîng-tshin,成親
sîng-tsiap,承接
sîng-tsiong,成章
sîng-tsiū,成就
sîng-tsiū-kám,成就感
sîng-tsō,承造
sîng-tsō,乘坐
sîng-tsuân,成全
sîng-tsong,成宗
sîng-tsoo,承租
sîng-gí,成語
sîng-huat,承發
sîng-huat,乘法
sîng-hông,城隍
sîng-hông-iâ,城隍爺
sîng-hun,成分
sîng-hun,成婚
sîng-hūn,成分
sîng-hūn,成份
sîng-ì,誠意
sîng-in,成因
sîng-io̍h,成藥
sîng-jiân,誠然
sîng-jîn,成仁
sîng-jīn,承認
sîng-ka,成家
sîng-kau,成交
sîng-kau-liāng,成交量
sîng-kheh,乘客
sîng-khîm,成擒
sîng-khún,誠懇
sîng-kiàn,成見
sîng-kó,成果
sîng-kong,成功
sîng-kong-niá,成功嶺
sîng-lám,承攬
sîng-liân,成年
sîng-liân-lâng,成年人
sîng-li̍p,成立
sîng-lo̍k,承諾
sîng-miâ,成名
sîng-uân,成員
sîng-uân-kok,成員國
sîng-pāi,成敗
sîng-pān,承辦
sîng-pau,承包
sîng-pau-siong,承包商
sîng-pún,成本
sîng-pún-kē,成本低
sîng-sì,乘勢
sîng-siang,成雙
sîng-siau,承銷
sîng-siau-jîn,承銷人
sîng-sim,誠心
sîng-sìn,誠信
sîng-sio̍k,承續
sîng-si̍t,誠實
sîng-siū,承受
sîng-suàn,成算
sîng-tah,乘搭
sîng-tāi,成大
sîng-tam,承擔
sîng-tik,承德
sîng-ting,成丁
sîng-tióng,成長
sîng-tióng-lu̍t,成長率
sîng-too,成都
sîng-tuì,成對
sîng-ūn,承運
sīng,乘
sīng,恿
sīng,盛
sīng,剩
sīng-àm-oo,乘暗烏
sīng-tsîng,盛情
sīng-tsong,盛裝
sīng-hāi,sīng壞
sīng-huē,盛會
sīng-hóng,盛況
sīng-î,剩餘
sīng-khiân,乘虔
sīng-khui,盛開
sīng--lo̍h-lâi,剩落來
sīng-miâ,盛名
sīng-nōo,盛怒
sīng-pháinn,乘歹
sīng-sán,盛產
sīng-sì,乘勢
sīng-sue,盛衰
sīng-sū,盛事
sīng-tāi,盛大
sīng-thuân,盛傳
sing-bîng,聲明
sing-bîng-phín,先明品
sing-bu̍t,生物
sing-bu̍t-ha̍k,生物學
sing-tsâi,生財
sing-tsè,星際
sing-tshing,聲稱
sing-tshian,升遷
sing-tshiàng-bîng,先唱明
sing-tsûn,生存
sing-gâi,生涯
sing-ha̍k,升學
sing-huà,生化
sing-huâ,昇華
sing-huân,生還
sing-hoo,先呼
sing-ì,生意
senn-gín-á,生囡仔
sing-io̍k,生育
sing-iû,生油
sing-jîn,生仁
sing-kàng,升降
sing-kàng-ki,升降機
sing-kè,生計
sing-keh,升格
sing-king,生庚
sing-khí,升起
sing-khí,昇起
sing-khì,生氣
sing-khong,升空
sing-khòng,生壙
sing-khu,身軀
sing-ki,生機
sing-kî,升旗
sing-kî,星期
sing-kî-sì,星期四
sing-kiânn,先行
sing-kip,升級
sing-ko,升高
sing-kuann,升官
sing-kóng-bîng,先講明
sing-lâi,先來
sing-lé,牲禮
sing-lé,牲醴
sing-li̍k-kun,生力軍
sing-lí,生理
sing-lí-bīn,生理面
sing-lí-bua̍t,生理沒
sing-lí-hóo,生理虎
sing-lí-king,生理經
sing-lí-kiáu,生理儌
sing-lí-lâng,生理人
sing-lí-tiûnn,生理場
sing-lîn,生仁
sing-má,星馬
sing-ua̍h,生活
sing-ua̍h-huì,生活費
sing-ua̍h-khuan,生活圈
sing-uān,聲援
senn-gue̍h,生月
sing-pîng,生平
sing-sán,生產
sing-sán-tsiá,生產者
sing-sán-li̍k,生產力
sing-sán-liāng,生產量
sing-sán-sìng,生產性
sing-sán-suànn,生產線
sing-sing,猩猩
sing-sing-bo̍k,猩猩木
sing-sū,生事
sing-ta̍t,升值
sing-thok-thâu,先託頭
sing-tióng,生長
sing-tōng,生動
senn-hūn,生分
senn-hūn,生份
senn-hūn-bīn,生分面
senn-hūn-lâng,生分人
senn-hūn-lâng,生份人
senn-ji̍t,生日
senn-kah-pinn,生甲邊
senn-khang,生空
senn-kiánn,生囝
senn-kiánn-āu,生囝後
senn-kiánn-tē,生囝袋
senn-kin,生根
senn-kńg,生管
senn-koo,生菰
senn-koo,生菇
senn-lâng,生人
senn-lī-ê,生離個
senn-lī-sik,生利息
senn-lia̍p-á,生粒仔
senn-liû,生瘤
senn-lo̍h,生落
senn--lo̍h-lâi,生落來
senn-lōo,生路
senn-miā-li̍k,生命力
senn-mn̂g,生門
senn-mn̂g-thâng,生毛蟲
senn-muá,生滿
senn-nn̄g,生卵
senn-uá-lâi,生倚來
senn-ua̍h,生活
senn-ua̍h-kè,生活計
senn-ua̍h-lōo,生活路
senn-ue,senn鍋
senn-ue,鉎鍋
senn-uē,生話
senn-pè,生背
senn-pē,生父
senn-phīnn-lîng,生鼻龍
senn-phú,生phú
senn-phú,生殕
senn-phûn,生墳
senn-puè,生背
senn-pún,生本
senn-sái-bué,生屎尾
senn-sái-hóo,生屎虎
senn-sìng,生性
senn-sîng,生成
senn-sí,生死
senn-sí-lōo,生死路
senn-sí-mn̂g,生死門
senn-sian,生sian
senn-sian,生鉎
senn-sián,生癬
senn-siân,生涎
senn-sian-bīn,生sian面
senn-sim,生心
senn-si̍t-khì,生殖器
senn-siùnn,生相
senn-suāinn-á,生檨仔
senn-suainn-á,生suainn仔
senn-suê,生垂
senn-tāi-tsì,生代誌
senn-ting-á,生疔仔
senn-thài,生態
senn-thâng,生蟲
senn-thn̂g,生傳
senn-thuànn,生湠
senn-thuân,生傳
senn-thuînn,生傳
senn-tī-tshng,生痔瘡
senn-tiunn,生張
senn-tn̂g,生腸
senn-tò-thâu,生倒頭
se-uē,西畫
se-ôo,西湖
se-pak,西北
se-pan-gâ,西班牙
se-po̍h,疏薄
se-pòo,紗布
se-pōo,西部
se-sàm,疏鬖
se-sann,紗衫
se-se,疏疏
se-sik,西式
se-si-tsi̍h,西施舌
se-suànn,紗線
se-tà,紗罩
se-tik,西德
se-thang,紗窗
se-thâu-tsang,梳頭鬃
se-tiám,西點
se-tiànn,紗錠
si,司
si,屍
si,俬
si,絲
si,詩
si,鷥
sí,弛
sí,死
sí-bah,死肉
sí-bái,死bái
sí-ba̍k,死目
sí-bua̍t,始末
sí-bông,死亡
sí-bông-lu̍t,死亡率
sí-bóo,死某
sí-tsâng,死欉
sí-tse̍h,死絕
sí-tse̍h-líng,死絕冷
sí-tse̍h-pōo,死絕步
sí-tsènn,死諍
sí-tsìng,死症
sí-tsîng,死前
sí-tshiū,死樹
sí-tshuì,死嘴
sí--tshut-khì,死出去
sí-tsí,死子
sí-tsiá,死者
sí-tsiong,始終
sí-tsuánn,死泉
sí-tsuânn,死泉
sí-tsuē,死罪
sí-tsóo,始祖
sí-tsú,死主
sí-tsuí,死水
sí-gán,死眼
sí-giān-giān,死giān-giān
sí-giān-giān,死懨懨
sí-gín-á,死囡仔
sí-hîng,死刑
sí-hîng-huān,死刑犯
sí-huān,死犯
sí-huē,死會
sí-hueh,死血
sí-hōo-lâng,死hōo人
sí-in,死因
sí-kak,死角
sí-kat,死結
sí-khàu,死釦
sí--khì,死去
sí-khiat,死桀
sí-khiàu-khiàu,死蹺蹺
sí-khut,死窟
sí-khut-tsuí,死窟水
sí-kî,死期
sí-kî-ta̍t,死其值
sí-kuânn,死寒
sí-kuat,死訣
sí-kuí-á,死鬼仔
sí-kut,死骨
sí-lān,死難
sí-lâng,死人
sí-lâng-bīn,死人面
sí-lâng-tsînn,死人錢
sí-lâng-hîng,死人形
sí-lâng-khuán,死人款
sí-lâng-ti̍t,死人直
sí-la̍t,死力
sí-liáu-liáu,死了了
sí-luā,死賴
sí-luā--lâng,死賴人
sí-loo,死嘍
sí-lōo,死路
sí-ngóo-khia̍t,死忤戛
sí-niau,死貓
sí-ua̍h,死活
sí-uan,死冤
sí-uan,死彎
sí-uat,死斡
sí-pán,死板
sí-pán-á,死扳仔
sí-pe̍h,死白
sí-sìng,死性
sí-si,死屍
sí-sí,死死
sí-sim,死心
sí-sin-phe,死身胚
sí-siong,死傷
sí-sng,死痠
sí-sô,死sô
sí-suah,死煞
sí-tē,死地
sí-ting-ting,死丁丁
sí-ting-ting,死釘釘
sí-thé,死體
sí-thuànn,死炭
sí-tiong,死忠
sí-ti̍t,死直
sí-ti̍t-ti̍t,死直直
sí-tuì-thâu,死對頭
sì,世
sì,勢
sì-bâi,四眉
sì-bīn,四面
sì-bīn,勢面
sì-bīn-lám,四面攬
sì-tsàng,四壯
sì-tsa̍p-thóng,四十捅
sì-tshù,四處
sì-tshut,四出
sì-tsiànn,四正
sì-tsiòng,勢將
sì-tsiu,四周
sì-tsiu,四週
sì-tsiu-kînn,四周墘
sì-tsiu-uî,四周圍
sì-tsiu-uî,四週圍
sì-ha̍p-īnn,四合院
sì-hō-á,四號仔
sì-jiáu-á,四爪仔
sì-kak,四角
sì-kak-hîng,四角形
sì-kak-khing,四角框
sì-kak-thâu,四角頭
sì-kak-toh,四角桌
sì-kè,四界
sì-kè-tsáu,四界走
sì-kè-tshuàn,四界竄
sì-kè-gô,四界遨
sì-kè-iû,四界遊
sì-kè-lìn,四界輾
sì-kè-pue,四界飛
sì-kè-sa,四界sa
sì-kè-sàn,四界散
sì-kè-se̍h,四界踅
sì-kè-sô,四界sô
sì-kè-sô,四界
sì-kè-tâu,四界投
sì-kha,四腳
sì-kha-á,四腳仔
sì-kha-tsuâ,四腳蛇
sì-kha-hî,四腳魚
sì-kha-khiā,四腳khiā
sì-kha-thiâu,四腳thiâu
sì-khí,四齒
sì-khoo-tau,四箍兜
sì-khoo-uî,四箍圍
sì-kiat-kó,四結果
sì-ki-tàm,四枝頓
sì-kòo,勢故
sì-kù-á,四句仔
sì-lâm-suî,四lâm垂
sì-li̍k,勢力
sì-liàm-hòo,四捻互
sì-liām,四捻
sì-liām-pe̍h,四念白
sì-liân-suî,四漣垂
sì-ngóo-lōo,四五路
sì-pāng,四棒
sì-pîng,四旁
sì-phuà,四破
sì-pinn,四邊
sì-pinn-á,四邊仔
sì-sik-pâi,四色牌
sì-siā,四射
sì-sian-pîn,四仙屏
sì-sió-lîng,四小龍
sì-siù,sì-siù
sì-siù-á,四秀仔
sì-suànn,四散
sì-suànn-suànn,四散散
sì-sù,sì-sù
sì-tháng-tsê,四桶齊
sì-thâu,勢頭
sì-thīn,四媵
sì-uî,四圍
sî,時
sî,匙
sî,辭
sî-á,匙仔
sî-bué,時尾
sî-tseh,時節
sî-tsing,時鐘
sî-tsing-tsiáu,時鐘鳥
sî-tsing-tuī,時鐘墜
sî-tshiànn,辭倩
sî-tsit,辭職
sî-tsong,時裝
sî-tsūn,時陣
sî-i̍k,時疫
sî-gî,時宜
sî-hān,時限
sî-hāu,時候
sî-hāu,時效
sî-hāu-sìng,時效性
sî-ì,辭意
sî-iūnn,時樣
sî-ji̍t,時日
sî-kan,時間
sî-kang,辭工
sî-kan-pió,時間表
sî-kan-sìng,時間性
sî-kàu,時到
sî-kè,時價
sî-kè-kó,時計果
sî-ke-kó,時加果
sî-kíng,時景
sî-khik,時刻
sî-khì-kám,時氣感
sî-khì-pēnn,時氣病
sî-khong,時空
sî-ki,時機
sî-kî,時期
sî-kiânn,時行
sî-kiânn-tsìng,時行症
sî-ki-bua̍t,時機末
sî-ki-kia̍t,時機竭
sî-kio̍k,時局
sî-kong,時光
sî-kuì,時季
sî-li̍t,時日
sî-nî,辭年
sî-phài,時派
sî-pia̍t,辭別
sî-pió,時錶
sî-pò,時報
sî-sè,辭世
sî-senn,辭生
sî-sì,時勢
sî-sîn,時辰
sî-siông,時常
sî-siōng,時尚
sî-sok,時速
sî-sū,時序
sî-sū,時事
sî-tāi,時代
sî-tang-kuì,時冬季
sî-tîng,辭呈
sî-thâu-lōo,辭頭路
sî-thè,辭退
sî-tiāu,辭掉
sî-tǹg,時頓
sî-tuānn,時段
sî-ūn,時運
sī,示
sī,序
sī,是
sī,豉
sī,視
sī-biō,寺廟
sī-bòo,是否
sī-bōo,序幕
sī-tshat,視察
sī-tshuì,是嘴
sī-huān,示範
sī-honnh,是乎
sī-hui,是非
sī-iá,視野
sī-īnn,寺院
sī-ká,是豈
sī-kak,視覺
sī-kánn,是敢
sī-kíng,示警
sī-khik,序曲
sī-là,是啦
sī-li̍k,視力
sī-m̄,是m̄
sī-m̄-sī,是m̄是
sī-uē,侍衛
sī-sè,序細
sī-sî,是時
sī-siàu,是數
sī-sìn,視訊
sī-suā,迅速
sī-suànn,視線
sī-thiann,視聽
sī-tuā,序大
sī-tuā-lâng,序大人
sī-tông,視同
sī-to-tio̍h,是都著
sī-ui,示威
siá,寫
si-á-bue̍h,絲仔襪
siá-tshut,寫出
siá-tsiàu,寫照
siá-tsin,寫真
siá-tsok,寫作
siá-tsok-pan,寫作班
siá-huat,寫法
siá-jī,寫字
siá-jī-toh,寫字桌
siá-kó,寫稿
siá-lī-toh,寫字桌
siá--lo̍h-lâi,寫落來
siá-uân,寫完
siá-phe,寫批
siá-sing,寫生
siá-sîng,寫成
siá-sì,捨施
siá-sim,捨心
siá-si̍t,寫實
siá-tānn,寫tānn
siá-thái,使體
sià,卸
sià,舍
sià,瀉
sià-bián,赦免
sià-bīn-tsú,卸面子
sià-tsik-jīm,卸責任
sià-tsháu,卸草
sià-tsuē,赦罪
sià-tsong,卸裝
sià-tsóo-kong,卸祖公
sià-tsuí,洩水
sià-tsuí-kau,洩水溝
sià-hā,卸下
sià-huè-té,卸貨底
sià-io̍h,瀉藥
sià-jīm,卸任
sià-kê,卸kê
sià-king,卸肩
sià-lâng,舍人
sià-lâu,瀉流
sià-lī-sin,卸離身
sià-liân-lâng,少年人
sià-pāi,瀉敗
sià-pak,瀉腹
sià-sì,捨施
sià-sì-tsìng,卸世眾
sià-sì-tsiūnn,卸世上
sià-sin-lī,卸身離
sià-tànn,卸擔
sià-thé-biān,卸體面
sià-thiah,瀉拆
sià-tiānn,卸錠
siâ,邪
siâ-bûn-pòo,斜紋布
siâ-tshut,邪齣
siâ-huat,邪法
siâ-kháu,邪口
siâ-kháu,邪巧
siâ-khì,邪氣
siâ-khuì,邪氣
siâ-kuí,邪鬼
siâ-liām,邪念
siâ-ok,邪惡
siâ-pho,斜坡
siâ-sī,斜視
siâ-siâ,斜斜
siâ-sim,邪心
siâ-sîn,邪神
siâ-su̍t,邪術
siâ-tio̍h,邪著
siā,社
siā,謝
siā,麝
siā-á,社仔
siā-bōo,謝幕
siā-tsik,社稷
siā-tshìng,射銃
siā-tshiú,射手
siā-tshut,射出
siā-tsìnn,射箭
siā-tsio̍h,射石
siā-tsua̍t,謝絕
siā-tsuē,謝罪
siā-guān,謝願
siā-go̍k,社鵠
siā-hiunn,麝香
siā-hiunn-tshí,麝香鼠
siā-hiunn-lo̍k,麝香鹿
siā-huē,社會
siā-huē-tshù,社會處
siā-huē-ha̍k,社會學
siā-huē-kio̍k,社會局
siā-huē-tóng,社會黨
siā-ì,謝意
siā-kan,射干
siā-kang,社工
siā-kau,社交
siā-káu,麝狗
siā-kàu,社教
siā-kàu-kuán,社教館
siā-kàu-si,社教司
siā-ki̍k,拍槍
siā-kha,社腳
siā-khu,社區
siā-lāi,社內
siā-lé,謝禮
siā-lí,社里
siā-liâu,社寮
siā-liû,榭榴
siā-liû-âng,石榴紅
siā-lūn,社論
siā-mn̂g,射門
siā-muâ,社麻
siā-muâ-tsháu,社麻草
siā-niau,麝貓
siā-uân,社員
siā-pé,射靶
siā-phia̍k-á,射擗仔
siā-sat,射殺
siā-sîng-hông,謝城隍
siā-sîn,謝神
siā-tâng,射筒
siā-thâu,社頭
siā-thuân,社團
siā-tio̍h,射著
siā-tiúnn,社長
sia-tsioh,賒借
siah,削
siah,嗇
siah,錫
sia̍h,勺
sia̍h-á,勺仔
sia̍h-tsio̍h,石石
sia̍h-liû,石榴
siah-bah,削肉
siah-huānn,錫焊
siah-io̍h,瀉藥
siah-jio̍k,削弱
siah-king,削肩
siah-kiám,削減
siah-koo-ki,削孤枝
siah--lâng,削人
siah-mo̍oh,錫膜
siannh,啥
siannh-pōo,啥步
siannh-tāi,啥代
siah-phuê,削皮
siah-phuê-hî,削皮魚
siah-po̍h-tsuá,錫箔紙
siah-siah-kiò,削削叫
siah-tik-tsìnn,削竹箭
siah-thn̄g,錫杖
siah-to,削刀
sia̍k,矽
sia̍k-sia̍k,矽矽
sia-khiàm,賒欠
siak-iâm-bí,摔鹽米
siak-phuà,摔破
siak--sí,摔死
siak-tio̍h-siong,摔著傷
siak-tó,摔倒
siak-toh-í,摔桌椅
siam,siam
siam,瞻
siám-bih,閃bih
siám-bô-lōo,閃無路
siám-tsáu,閃走
siám-tsè,閃債
siám-hong,閃風
siám-hōo,閃雨
siám-kak,閃角
siám-khui,閃開
siám-liâng,閃涼
siám-phiah,閃辟
siám-pinn,閃邊
siám-put-lī,閃不離
siám-sih,閃熠
siám-sin,閃身
siám-tiān,閃電
siám-tio̍h,閃著
siàm-bué-āu,滲尾後
siàm-jiō,滲尿
siàm-lāu,滲漏
siàm-liō,滲尿
siàm-sái,滲屎
siàm-sái-jiō,滲屎尿
siàm-thàu,滲透
siâm,siâm
siâm,尋
siâm,撏
siâm,蟬
siâm-ām-kún,siâm頷管
siâm-kiû,尋求
siâm-po̍k,薝蔔
siâm-sî,蟾蜍
siâm-siū,siâm袖
siâm-thâu-tsang,siâm頭鬃
siâm-thâu-mn̂g,siâm頭毛
siâm-tiâu-tiâu,siâm-tiâu-tiâu
siâm-tiâu-tiâu,撏椆椆
siām-ló,贍老
siām-lô,暹邏
sian,sian
sian,仙
siann,聲
sián,sián
siánn,啥
sián,銑
siánn--á,啥仔
siánn-huè,啥貨
siánn-iūnn,啥樣
siánn-khang,啥空
siánn-khuán,啥款
siánn-lâng,啥人
siánn-lâng-tsai,啥人知
siánn-mih,啥乜
siánn-mi̍h,啥物
siánn-mi̍h-khuán,啥物款
siánn-mih-khuán,啥乜款
siánn-mih-lâng,啥乜人
siánn-pān-sì,啥扮勢
siánn-sî,啥時
siánn-sî-tsūn,啥時陣
siánn-sū,啥事
siánn-tāi,啥代
siànn,聖
siàn-tsîng,煽情
siànn-tshuì,聖嘴
siàn-tshuì-kóo,搧嘴鼓
siàn-tshuì-phé,搧嘴phoe
siànn-tsiá,聖姐
siànn-hî,聖魚
siàn-hong,搧風
siàn-ian-tâu,搧嫣投
siànn-khiat,聖桀
siànn-khiat,聖詰
siànn-kong,聖公
siànn-liah,聖跡
siànn-má,聖媽
siàn-pa-tsiúnn,搧巴掌
siàn-pôo,搧紨
siànn-pu̍t,聖佛
siànn-siànn,聖聖
siànn-tàn-tsat,聖誕節
siàn-tang-hong,搧東風
siàn-thiu,搧抽
siànn-tiat,聖哲
siàn-tuā-hīnn,搧大耳
siàn-tuā-hīnn,煽大耳
siàn-tōng,煽動
siànn-tú-siànn,聖tú聖
siânn,siânn
siânn,成
siânn,城
siânn,餳
siân-á,蟬仔
siânn-tshī,城市
siânn--tshut-lâi,siânn出來
siân-tsong,禪宗
siânn-hiong,城鄉
siânn-kau,城溝
siânn-káu-kang,餳狗公
siânn-kha,城腳
siân-kuan,嬋娟
siânn-lāi,城內
siânn-lâng,餳人
siânn--lâng,siânn人
siânn-lâng-tshiò,餳人笑
siânn-lāng,餳弄
siân-liân,蟬聯
siânn-mn̂g,城門
siânn-pinn,城邊
siânn-pó,城堡
siân-sī,禪寺
siânn-siunn,城廂
siânn-tî,城池
siânn-tia̍p,城tia̍p
siânn-tia̍p,城堞
siânn-tìn,城鎮
siânn-tiong,城中
siânn-tiong-khu,城中區
siânn-tó-tsí,城垛子
siān,siān
siānn-tsân,siānn層
siān-tsí,腎子
siān-tsiong,善終
siān-hīng,善行
siān-hî,鱔魚
siān-hiō,善後
siān-huà,善化
siān-hōo,siān雨
siān-ì,善意
siān-jîn,善人
siān-ka,善加
siān-khiū-thôo,墡糗土
siān-lak-lak,siān落落
siān-lâm,善男
siān-lâng-á,蟺蟲仔
siān-liâng,善良
siānn-nâ,siānn籃
siān-ok,善惡
siān-siān,siān-siān
siān-sim,善心
siān-sū,善事
siān-táu,siān斗
siān-tauh-tauh,siān篤篤
siān-thāi,善待
siān-than,siān蟶
siān-thâng,siān蟲
siān-thâng-á,善蟲仔
siān-thâng-á,蟺蟲仔
siān-thâu,siān頭
siān-tn̂g,善堂
siān-tuh-tuh,siān-tuh-tuh
siān-tuh-tuh,siān嘟嘟
sian-ang-á,仙尪仔
siann-âu,聲喉
sian-bîng,鮮明
sian-bîn,先民
siann-bué,聲尾
siann-bōng,聲望
sian-tsa-tshiám,山查鋟
sian-tsháu,仙草
sian-tshí,仙鼠
sian-tsìn,先進
sian-tsóo,先祖
sian-tsú,仙子
siáng,啥
siàng,siàng
siàng,惝
siàng-bué-āu,摔尾後
siàng-hong,摔風
siàng-khe,惝科
siàng-kong,相公
siàng-māu,相貌
siàng-miā,相命
siàng-phìnn,相片
siàng-pua̍h-tsē,惝跋坐
siàng-pua̍h-tsē,摔跋坐
siàng-thé,相體
siàng-tuā-bîn,摔大眠
siàng-tuā-hong,摔大風
siàng-tuā-khang,惝大空
siâng,siâng
siâng-tsi̍t-lōo,像一路
siâng-tsi̍t-uī,像一位
siâng-tsóo-kong,像祖公
siâng-hâng,像行
siâng-hiunn-lí,像鄉里
siâng-huè,像歲
siâng-khuì-lōo,像氣路
siâng-kuah,像括
siâng-lōo,像路
siâng-nî,像年
siâng-pak,像腹
siâng-pan,像班
siâng-pâng-thâu,像房頭
siâng-phâng,像篷
siâng-puè,像輩
siâng-sè,詳細
siâng-sî,像時
siâng-sī,像是
siâng-siā-lí,像社里
siâng-siâng,常常
siâng-thiāu,像柱
siâng-tiâu-sim,像條心
siâng-tōng-mn̂g,像洞門
siâng-tôo,像途
siâng-ûn,像勻
siāng,上
siāng-āu-piah,上後壁
siāng-bô,上無
siāng-bué,上尾
siāng-bué-tshiú,上尾手
siāng-tsá,上早
siāng-tsē,上儕
siāng-tsì-tsió,上至少
siāng-tsió,上少
siāng-guân,上元
siāng-guân-tseh,上元節
siāng-hái-ke,上海雞
siāng-hāu,上校
siāng-hiang,上香
siāng-hó,上好
siāng-hó-sì,上好勢
siāng-huann-hí,上歡喜
siāng-iūnn,像樣
siāng-kài,上蓋
siāng-kài-tsē,上蓋儕
siāng-kài-hó,上蓋好
siāng-kài-kīn,上蓋近
siāng-kài-tuā,上蓋大
siāng-ke,上加
siāng-khiā-lāi,像徛內
siāng-khuán,像款
siāng-kín,上緊
siāng-kīn,上近
siāng-lōo-bué,上路尾
siāng-pan,上班
siāng-phái,上歹
siāng-pháinn,上歹
siāng-phín,上品
siāng-sim,像心
siāng-suah-bué,上煞尾
siāng-tè,上帝
siāng-tè-iâ,上帝爺
siāng-tè-kong,上帝公
siāng-tíng-siāng,上等上
siāng-thâu,上頭
siāng-thâu-á,上頭仔
siāng-tuā,上大
siāng-uì,上尉
siāng-uī,上位
siang-ài,相愛
siann-ga̍k,聲樂
siann-ga̍k-ke,聲樂家
siang-bīn,雙面
siang-bīn-tshì,雙面刺
siang-bīn-kiàm,雙面劍
siang-bīn-kng,雙面光
siang-tsân,雙層
siang-tsha,相差
siang-tshe,雙叉
siang-tshe-lōo,雙叉路
siang-tshin,雙親
siang-tshiú,雙手
siang-tshiú-hiù,雙手溴
siang-tshiú-siâm,雙手siâm
siang-tshù,相處
siang-tsiúnn-á,雙槳仔
siang-tsōo,相助
siang-tsú-tshenn,雙子星
siang-ē-huâi,雙下頦
siang-ìng,相應
siang-gî,相宜
siang-gô,雙鵝
siang-hio̍h,雙葉
siang-hn̂g,雙園
siang-hó,相好
siang-hō,雙號
siang-huán,相反
siang-hue,雙花
siang-huē,相會
siang-hong,雙方
siang-hông,相逢
siang-hû,相符
siang-i,相依
siang-ī,相異
siann-giân,聲言
siang-ka,相加
siang-kan,相干
siang-kè,雙髻
siang-kha,雙腳
siang-khe,雙溪
siang-khik,相剋
siang-khe-kháu,雙溪口
siang-khia,雙奇
siang-khiā-jîn,雙徛人
siang-khuí,雙軌
siang-kī,相距
siang-kuan,相關
siang-kuan-sìng,相關性
siang-kuè-sua,雙髻鯊
siang-ko-lūn,雙糕潤
siang-kóo-kiàm,雙股劍
siang-kuí,雙軌
siang-lí,襄理
siang-lī,相離
siang-liân,雙連
siang-ngôo,雙蛾
siang-pak-tshìng,雙腹銃
siang-pang,相幫
siang-pênn-tàu,雙棚鬥
siang-pîng,雙爿
siang-pîng,雙旁
siang-pîng-hî,雙爿魚
siang-pîng-hó,雙爿好
siang-pîng-tó,雙爿倒
siang-pîng-tó,雙旁倒
siang-phuè,相配
siang-pì,雙臂
siang-pînn-tàu,雙棚鬥
siang-pó-tîn,雙寶藤
siang-puē,雙倍
siang-sik,相熟
siang-si̍k,相熟
siang-senn,雙生
siang-senn-á,雙生仔
siang-siann-hiúnn,雙聲響
siang-sìn,相信
siang-si̍p,雙十
siang-si̍p-tsiat,雙十節
siang-si̍t,雙翼
siang-suànn,雙線
siang-sòo,雙數
siang-su,相思
siang-tâm,相談
siang-tánn,雙打
siang-tang-hue,雙冬花
siang-tîng,雙層
siang-thāi,相待
siang-thâu,雙頭
siang-thâu-tshut,雙頭出
siang-thâu-tsuâ,雙頭蛇
siang-thâu-hó,雙頭好
siang-thâu-kiap,雙頭夾
siang-thâu-liáu,雙頭了
siang-thâu-oo,雙頭烏
siang-the,雙胎
siang-thuân,相傳
siang-ti,相知
siang-tián,商展
siang-tó-tsuí,雙倒水
siang-tong,相當
siang-tòng-î,相當於
siang-tuì,相對
sian-hîng,先行
sian-hîng-tsiá,先行者
sian-hiân,先賢
siann-hiúnn,聲響
sian-huat,先發
sian-ho̍h,仙鶴
sian-ho̍h-tsháu,仙鶴草
sian-hong,先鋒
sian-hōo,先後
siann-ī,聲譽
siann-im,聲音
sian-jîn,仙人
sian-jîn,先人
sian-jîn-tsháu,仙人草
sian-jîn-tsiáng,仙人掌
sian-jîn-tàng,仙人凍
sian-kak,先覺
sian-ka-tiānn,先交定
sian-kíng,仙境
siann-khang,聲空
siann-khang,聲腔
siann-khiunn,聲腔
sian-khu,先驅
sian-ki,先機
sian-kî,先期
siann-kng,聲光
sian-kuat,先決
sian-kong,仙公
sian-kong-pōo,仙公步
sian-kóo,仙古
sian-lâng,仙人
sian-lē,先例
sian-lí,仙女
sian-lia̍t,先烈
siann-lōng,聲浪
siann-mn̂g,聲門
siann-uân,聲援
sian-pa-tsiáng,仙巴掌
sian-piànn-sian,仙拚仙
siann-pó,聲寶
siann-sàu,聲嗽
sian-senn,先生
sian-senn-kong,先生公
sian-senn-lé,先生禮
sian-senn-má,先生媽
sian-senn-niû,先生娘
siann-sì,聲勢
siann-sueh,聲說
sian-tan,仙丹
sian-tan-hue,仙丹花
siann-thâu,聲頭
siann-thâu-kiat,聲頭結
siann-thâu-tháu,聲頭敁
sian-thian,先天
sian-thian-sìng,先天性
siann-thó,聲討
sian-thô,仙桃
sian-thô-tshiū,仙桃樹
sian-ti,先知
siann-tiāu,聲調
sian-tuan,先端
siann-ui,聲威
siap,澀
sia̍p-tshut-lâi,涉出來
sia̍p-tsînn,涉錢
sia̍p-tsiok,涉足
sia̍p-tsuí,洩水
sia̍p-hiâm,涉嫌
sia̍p-hông,洩洪
sia̍p-khì,攝去
sia̍p-lāu,洩漏
sia̍p-sì,涉勢
sia̍p-su,涉私
siap-á-tshiū,澀仔樹
siap-àm-oo,塞暗烏
siap-āu-tshiú,塞後手
siap-āu-tsînn,塞後錢
siap-tsing,泄精
siap--tshut-lâi,滲出來
siap-tsînn,siap錢
siap-hio̍h,澀葉
siap-khī-á,澀柿仔
siap-lâi,澀梨
siap-pháng,澀紡
siap-siap,澀澀
siap-tia̍p,siap疊
siap-tia̍p,塞疊
sia-siàu,賒數
siat,泄
siat,設
siat-àm-kè,設暗計
siat-bi̍t,泄密
siat-tshiúnn,設廠
siat-tsuh,siat-chuh
siat-hā,設下
siat-hān,設限
siat-hīn,洩恨
siat-huat,設法
siat-hông,設防
siat-iân-tâu,設緣投
siat-iú,設有
siat-kè,設計
siat-kè-tsiá,設計者
siat-kè-ka,設計家
siat-kè-su,設計師
siat-kè-tôo,設計圖
siat-kíng,設景
siat-kio̍k,設局
siat-lâng,設人
siat--lâng,設人
siat-lîng,設靈
siat-li̍p,設立
siat-pī,設備
siat-si,設施
siat-sià,泄瀉
siat-sian,設仙
siat-sióng,設想
siat-sú,設使
siat-sú-sī,設使是
siat-tīng,設定
siat-thái,赤體
siat-thái,設呔
siat-thái,設體
siat-thái,褻體
siat-thái-hó,設呔好
siat-thái-kuânn,設呔寒
siat-tì,設置
siat-to̍k,褻瀆
siau,消
siau,梢
siau,銷
siau,簫
siáu,siáu
siáu,痟
siáu-tsa-bóo,痟查某
siáu-tshit-á,小七仔
siáu-tshit-bīn,小七面
siáu-tshut,痟齣
siáu-tsiòng,少將
siáu-tsú-niû,少主娘
siáu-tsut-á,小卒仔
siáu-ê,痟的
siáu-ê,痟個
siáu-íng,小影
siáu-hân,小寒
siáu-hāu,少校
siáu-ím,小飲
siáu-iông-tshun,小陽春
siáu-jî,小兒
siáu-jî-kho,小兒科
siáu-jîn,小人
siáu-jîn-tsháu,羞人草
siáu-jîn-pōo,小人步
siáu-kái,小解
siáu-káu,痟狗
siáu-káu-íng,痟狗湧
siáu-káu-pēnn,痟狗病
siáu-khì,小氣
siáu-khì,小器
siáu-khì-kuí,小氣鬼
siáu-khián,小犬
siáu-kiàn,小見
siáu-kio̍k,小局
siáu-kông,痟狂
siáu-kong-tsú,痟公子
siáu-kóo-phiò,痟股票
siáu-kuí-bīn,小鬼面
siáu-la̍k-la̍k,痟捋捋
siáu-lâng,痟人
siáu-lé,羞禮
siáu-lé-hue,羞禮花
siáu-liām-jû,痟唸茹
siáu-luān,痟亂
siáu-nái-nái,少奶奶
siáu-niau,痟貓
siáu-uē,痟話
siáu-phí-gián,小鄙gián
siáu-phí-gián,小鄙臉
siáu-phí-ián,小鄙ián
siáu-phí-ku,小屁股
siáu-phí-ku,小鄙龜
siáu-phí-lián,小鄙lián
siáu-piān,小便
siáu-pô,痟婆
siáu-sam-hue,小三花
siáu-sán,小產
siáu-siáu,痟痟
siáu-sîn,痟神
siáu-suat,小雪
siáu-suat,小說
siáu-sòo,少數
siáu-sú,小暑
siáu-sú-á,小使仔
siáu-suí,小水
siáu-ting-tang,痟丁當
siáu-tham,小貪
siáu-tham,痟貪
siáu-thé,小體
siáu-thiâu,小髫
siáu-thiú,小丑
siáu-thiúnn-á,小丑仔
siáu-tian,痟癲
siáu-tin-tang,痟叮噹
siáu-tn̂g-sàn,小腸疝
siáu-tn̂g-tuī,小腸墜
siàu,siàu
siàu,少
siàu,笑
siàu,誚
siàu-ba̍k,siàu目
siàu-ba̍k,數目
siàu-bé-jī,數碼字
siàu-bē-tio̍h,數bē著
siàu-bué,數尾
siàu-bū,帳務
siàu-tsheh,數冊
siàu-tsòng,少壯
siàu-ê-á,數個仔
siàu-ē-tio̍h,數會著
siàu-gāi,少艾
siàu-hō,數號
siàu-hōo,數戶
siàu-hū,少婦
siàu-iâ,少爺
siàu-iâ-kiánn,少爺囝
siàu-khuán,數款
siàu-kuī,siàu櫃
siàu-kuī,數櫃
siàu-lí,少女
siàu-liām,siàu念
siàu-liām,數念
siàu-liân,少年
siàu-liân-bông,少年亡
siàu-liân-ê,少年個
siàu-liân-huān,少年犯
siàu-liân-ke,少年家
siàu-liân-lâng,少年人
siàu-lîm,少林
siàu-lîm-sī,少林寺
siàu-lú,少女
siàu-pâng,數房
siàu-pāng,少棒
siàu-pāng-sài,少棒賽
siàu-pāng-tuī,少棒隊
siàu-phōo,siàu簿
siàu-phōo,數簿
siàu-siōng,肖像
siàu-siūnn,siàu想
siàu-siūnn,數想
siàu-tiáu,數佻
siàu-tuann,數單
siâu,siâu
siâu-phiann,斜骿
siāu,卲
siāu-hing,紹興
siāu-kài,紹介
siau-á,消仔
siau-àn,銷案
siau-bia̍t,消滅
siau-tsai,消災
siau-tsik,消積
siau-tsíng,消腫
siau-tsuí,消水
siau-tsuí-kau,消水溝
siau-hàu,消耗
siau-huà,消化
siau-hong,消風
siau-hông,消hông
siau-hông,消防
siau-hông-tshia,消防車
siau-hông-sng,消防栓
siau-hònn-liāng,消耗量
siau-huí,銷毀
siau-huì,消費
siau-huì-tsiá,消費者
siau-huì-gia̍h,消費額
siau-huì-phín,消費品
siau-iā,宵夜
siau-iā,消夜
siau-iām,消炎
siau-iâu,逍遙
siau-im,消音
siau-io̍h,硝藥
siau-iûnn,消溶
siau-ká,銷假
siau-kái,消解
siau-kau,消溝
siau-ki̍k,消極
siau-khan-thâu,消牽頭
siau-khat-tsìng,消渴症
siau-khì,消氣
siau-khián,消遣
siau-kiám,稍減
siau-kìm,宵禁
siau-kin,踃筋
siau-kiông-tsuí,硝強水
siau-kiong-sng,硝宮酸
siau-ko,消膏
siau-lâm,肖楠
siau-lâm-peh,肖楠柏
siau-lâng,肖榔
siau-lī,銷離
siau-liâng,消涼
siau-liāng,銷量
siau-lō,燒烙
siau-lōo,銷路
siau-māi,燒賣
siau-mî,消弭
siau-môo,消磨
siau-môo-phín,消磨品
siau-môo-tiāu,消磨掉
siau-pang,蕭邦
siau-phiann,消骿
siau-sá,瀟洒
siau-sán,消瘦
siau-sē,消逝
siau-sik-hue,消息花
siau-siám,消閃
siau-siàu,銷數
siau-si̍h,消蝕
siau-si̍h,銷蝕
siau-sim,消心
siau-sin,消身
siau-sit,消失
siau-sit,消息
siau-si̍t,消食
siau-sit-tsháu,消息草
siau-sit-khì,消失去
siau-siû,銷售
siau-siû-gia̍p,銷售業
siau-siû-uân,銷售員
siau-siû-tiám,銷售點
siau-sng,硝酸
siau-sńg,消爽
siau-sú,消暑
siau-táu,捎倒
siau-tháu,消tháu
siau-tháu,消敁
siau-thâu,銷頭
siau-thè,消退
siau-thiòng,消暢
siau-tî,消除
siau-tiānn,消定
siau-tióng,消長
siau-tǹg,消當
siau-to̍k,消毒
si-bí-loh,西米羅
si-bûn,詩文
si-tsìng,施政
si-tsháu,蓍草
si-tshiu,絲鬚
si-tsi̍p,詩集
si-tsok,詩作
sih,薛
si̍h,蝕
si̍h-tshìn,蝕秤
si̍h-tshìn-thâu,蝕秤頭
si̍h-tsuí,蝕水
si̍h-hûn,蝕痕
si̍h-pún,蝕本
si̍h-sua̍h-kiò,悉嗦叫
si̍h-tāng,蝕重
sih-tshuah,熾擦
si-hîng,施行
sih-nà,熾爁
sì-hng,四方
si-hòng,施放
sih-sih-tsùn,熾熾捘
sih-sut,蟋蟀
si-í,施以
si-ì,詩意
si-io̍h,施藥
si-iōng,施用
si-jîn,詩人
si-jiō,哨尿
si-jiō,嘶尿
si-jiông,絲絨
si-ka,施加
si-kang,施工
si-king,詩經
si-kua,詩歌
si-kue,西瓜
si-kù,詩句
si-kut,屍骨
sim,心
sim,芯
sim,參
sím-būn,審問
sím-tsa,審查
sím-tsa-huē,審查會
sím-gī,審議
sím-hi̍k,審核
sím-iông,瀋陽
sím-kè,審計
sím-kè-tshù,審計處
sím-kè-pōo,審計部
sím-kiat,審結
sím-lí,審理
sím-mih,甚麼
sím-mi̍h,甚物
sím-mi̍h-lâng,甚物人
sím-mi̍h-sî,甚物時
sím-mn̄g,審問
sím-ua̍t,審閱
sím-phuànn,審判
sím-phuànn-tiúnn,審判長
sím-sī,審視
sím-sìn,審訊
sím-sīn,審慎
sím-si̍t,審實
sím-tīng,審定
sìm,sìm
sìm,滲
sìm-bué-āu,sìm尾後
sìm-tshut-lâi,滲出來
sîm-hóng,尋訪
sīm,sīm
sīm-tshiánn,甚且
sīm-tsì,甚至
sīm-tsì-î,甚至於
sīm-tsì-koh,甚至閣
sīm-jî,甚而
sīm-mi̍h,甚物
sīm-tiōng,慎重
sim-ài,心愛
sim-an,心安
sim-ba̍k-tiong,心目中
sim-būn,心悶
sim-tsîng,心情
sim-tshíng,心惝
sim-tshiat,心切
sim-tsì,心志
sim-tsiàn,心戰
sim-tsiânn,心情
sim-tsin-sat,心真殺
sim-tso,心慒
sim-tsô,心槽
sim-tsōng,心臟
sim-tsōng-pēnn,心臟病
sim-giâm,森嚴
sim-guān,心願
sim-hân,心寒
sim-hing,心胸
sim-hīng,心行
sim-hi,心虛
sim-hiân,心弦
sim-hiat,心血
sim-hiong,心胸
sim-hiòng,心向
sim-hiong-tuā,心胸大
sim-huâi,心懷
sim-huâinn,心橫
sim-huân,心煩
sim-huānn-tsāi,心在
sim-hué,心火
sim-hué-to̍h,心火著
sim-hue-khui,心花開
sim-ho̍k,心服
sim-hong,心荒
sim-ì,心意
sim-kè,心計
sim-kíng,心境
sim-king-hué,心經火
sim-ki,心肌
sim-ki,心機
sim-kuann,心肝
sim-kuann-ân,心肝ân
sim-kuann-bah,心肝肉
sim-kuann-tshân,心肝殘
sim-kuann-tshing,心肝清
sim-kuann-tso,心肝慒
sim-kuann-e̍h,心肝狹
sim-kuann-gîng,心肝凝
sim-kuann-hiông,心肝雄
sim-kuann-hong,心肝荒
sim-kuann-hong,心肝慌
sim-kuann-inn,心肝嬰
sim-kuann-ínn,心肝芛
sim-kuann-khui,心肝開
sim-kuann-khut,心肝窟
sim-kuann-lāi,心肝內
sim-kuann-líng,心肝冷
sim-kuann-lôo,心肝m̂V
sim-kuann-ngē,心肝硬
sim-kuann-nńg,心肝軟
sim-kuann-sat,心肝殺
sim-kuann-sióng,心肝想
sim-kuann-thâu,心肝頭
sim-kuann-tì,心肝蒂
sim-lāi,心內
sim-lāi-ì,心內意
sim-lāi-uē,心內話
sim-lāi-sū,心內事
sim-li̍k,心力
sim-lîng,心靈
sim-lí,心理
sim-lí-ha̍k,心理學
sim-lia̍h-tsāi,心掠在
sim-liām,心念
sim-lîm,森林
sim-nńg,心軟
sim-pak,心腹
sim-pak-lāi,心腹內
sim-pàng-khui,心放開
sim-pâng,心房
sim-pau-iû,心包油
sim-pó-pó,心寶寶
sim-pó-pó,參寶寶
sim-pū,新婦
sim-pū-á,新婦仔
sim-sik,心適
sim-sik-hìng,心適興
sim-sìng,心性
sim-si,心思
sim-siann,心聲
sim-sin,心身
sim-sîn,心神
sim-sng,心酸
sim-sǹg,心算
sim-sóng,心爽
sim-su,心思
sim-sū,心事
sim-sū,心思
sim-sū,心緒
sim-su̍t,心術
sim-tè,參塊
sim-tē,心地
sim-tik,心得
sim-ting,心燈
sim-thài,心態
sim-thâu-tso,心頭慒
sim-thâu-lāi,心頭內
sim-thâu-tiānn,心頭定
sim-thiànn,心疼
sim-thiànn,心痛
sim-tì,心智
sim-tiân,心田
sim-tiān-tôo,心電圖
sim-tn̂g,心腸
sim-tōng,心動
sin,申
sin,身
sin,新
sinn,鉎
sínn--tsé,閃者
sínn-nà,閃爁
sìn,囟
sìnn,姓
sìn,信
sìn-á,囟仔
sìnn-bah,扇肉
sìn-būn,訊問
sìn-tsang,囟鬃
sìn-tshò,信錯
sìn-tsiá,信者
sìn-tsioh,信借
sìn-tsuá,信紙
sìn-gī,信義
sìn-gióng,信仰
sìn-hâm,信函
sìn-hî,信魚
sìnn-hio̍h,扇葉
sìn-hō,囟號
sìn-hō,囪號
sìn-hō,信號
sìn-hō,訊號
sìn-hō-tshìng,信號銃
sìn-hō-ting,信號燈
sìn-hō-tuânn,信號彈
sìn-huē,囟會
sìn-huē-kut,囟會骨
sìn-ho̍k,信服
sìn-hōng,信奉
sìn-ī,信譽
sìn-iōng,信用
sìn-iōng-tsioh,信用借
sìn-jīm,信任
sìn-jīm-àn,信任案
sìn-kàu,信教
sìn-khò,信靠
sìn-kiānn,信件
sìnn-kut,扇骨
sìn-lāi,信賴
sìn-liām,信念
sìnn-miā,性命
sìnn-miā-kin,性命根
sìn-mn̂g,囟門
sìn-nāi,信賴
sìn-pîn,信憑
sìn-siànn,信聖
sìn-sim,信心
sìn-sit,信息
sìn-sit,訊息
sìn-siú,信守
sìn-siunn,信箱
sìn-sok,迅速
sìn-tauh-tauh,信篤篤
sìn-tē,信袋
sìn-thian-ong,信天翁
sìn-thok,信託
sìnn-tuī,扇墜
sîn,臣
sîn,承
sîn,神
sîn,蠅
sînn,鹽
sîn-àn,神案
sîn-àn-toh,神案桌
sîn-bîng,神明
sîn-bîng-kham,神明龕
sîn-bîng-kiō,神明轎
sîn-bîng-liân,神明聯
sîn-bîng-senn,神明生
sîn-bîng-toh,神明桌
sîn-bîn-toh,神明桌
sîn-bo̍k,神木
sîn-tsîng,神情
sîn-tshái,神彩
sîn-tshìng-tsí,承銃子
sîn-tsiá,神姐
sîn-tsit,神職
sîn-tsú,神主
sîn-tsú-pâi,神主牌
sîn-tsuí,承水
sîn-ha̍k,神學
sîn-ha̍k-īnn,神學院
sîn-hóo,蠅虎
sîn-hōo,承雨
sîn-hōo,神戶
sîn-hū,神父
sîn-hûn,神魂
sîn-hu̍t,神佛
sîn-ì,神意
sîn-ióng,神勇
sîn-kan,晨間
sîn-king,神經
sîn-king-ê,神經的
sîn-king-ê,神經個
sîn-king-khuì,神經氣
sîn-kham,神龕
sîn-khì,神去
sîn-khì,神氣
sîn--khì,神去
sîn-ki,神機
sîn-kî,神奇
sîn-kî,神祇
sîn-kiō,神轎
sîn-kiû,承球
sîn-kong,神岡
sîn-kong,晨光
sîn-lîng,神龍
sîn-lia̍t,神鴷
sîn-liông,神龍
sîn--lo̍h-lâi,承落來
sîn-lông,神農
sîn-lú,神女
sîn-uē,神話
sîn-uē-tshiu,承話鬚
sîn-pâi,神牌
sîn-ping,神兵
sîn-pì,神祕
sîn-pì,神秘
sîn-sik,神色
sîn-sìng,神聖
sîn-sî,辰時
sîn-sian,神仙
sîn-sîn,神神
sîn-siōng,神像
sîn-sok,神速
sîn-thài,神態
sîn-thâng-á,神蟲仔
sîn-thâu-thuî,承頭槌
sîn-thong,神通
sîn-tì,神智
sîn-tuânn,神壇
sîn-tông,神童
sîn-uī,神位
sîn-ūn,神韻
sīnn,豉
sīn,剩
sīn,腎
sīnn-ba̍k,豉目
sīnn-tshài,豉菜
sīn-tsí,腎子
sīn-tsōng,腎臟
sīn-tsuí,腎水
sīn-tsuí-tsiok,腎水足
sīn-tsuí-ōng,腎水旺
sīn-gia̍h,剩額
sīnn-iâm,豉鹽
sīnn-kiâm,豉鹹
sīnn-lâng-kê,豉人鮭
sīn-lông,腎囊
sīn-pn̄g,剩飯
sīn-suà,順suà
sīnn-tāu-iû,豉豆油
sīn-thâng-á,蟺蟲仔
sīnn-thn̂g,豉糖
sīn-tiōng,慎重
sin-an,新安
sin-bīn-tshiunn,新面tshiunn
sin-bông,身亡
sin-bûn,新聞
sin-bûn-tsuá,新聞紙
sin-bûn-huà,新文化
sin-bûn-kài,新聞界
sin-bûn-kio̍k,新聞局
sin-bûn-kó,新聞稿
sin-tsâi,身材
sin-tsè,新制
sin-tsìng,新政
sin-tshak-tshak,新簇簇
sin-tsheh,新冊
sin-tshíng,申請
sin-tshíng-jîn,申請人
sin-tshíng-su,申請書
sin-tshīng,身穿
sin-tshī,新市
sin-tshiú,身手
sin-tshiú,新手
sin-tshuan,新村
sin-tshù,身處
sin-tshù,新厝
sin-tshun,新春
sin-tsiann,新正
sin-tsin,薪津
sin-tsínn-á,新tsínn仔
sin-tsìn,新進
sin-tsi̍t-tāi,新一代
sin-tsng,新莊
sin-tsng-tshī,新莊市
sin-tsō,新造
sin-tsong,新裝
sinn-tsu,鉎珠
sinn-e,鉎鍋
sin-íng,新穎
sin-gí,新語
sin-hāi,辛亥
sin-hing,新興
sin-hîng,新形
sin-hîng,新型
sin-hiō,身後
sin-hô,薪禾
sin-huà,新化
sin-huâ-siā,新華社
sin-huan,新歡
sin-huat,身法
sin-huat,新法
sin-hong,新豐
sin-hōng,薪俸
sin-hun,新婚
sin-hūn,身份
sin-hūn-tsìng,身分證
sin-hūn-tsìng,身份證
sin-î,辛夷
sin-ian,新嫣
sin-iánn,身影
sin-iânn,新營
sin-iânn-tshī,新營市
sin-ínn,新蘡
sin-īn,身孕
sin-io,身腰
sin-iok,新約
sin-iūnn,新樣
sin-jīm,新任
sin-ka,身家
sin-kài,申誡
sin-káng,伸港
sin-káng,新港
sin-ka-pho,新加坡
sin-kàu,身教
sin-kàu,新教
sin-kè,身價
sin-kha-siàu,新腳數
sin-khì-siōng,新氣象
sin-khîn,辛勤
sin-khuán,新款
sin-khóo,辛苦
sin-khu,身軀
sin-khui-bōo,新開幕
sin-khu-pinn,身軀邊
sin-khu-tíng,身軀頂
sin-ki,身居
sin-ki,新居
sin-kì-guân,新紀元
sin-kì-lo̍k,新紀錄
sin-kî,新奇
sin-kiam,身兼
sin-kiàn,新建
sin-kīn,新近
sin-kioh-siàu,新腳數
sin-kiong,新疆
sin-ko,身高
sin-kò,申告
sin-kua,新歌
sin-kuâinn,身懸
sin-kong,新光
sin-kong-hn̂g,新公園
sin-kuì,新貴
sin-lâng,新人
sin-li̍k,新力
sin-li̍k,新曆
sin-lô,辛勞
sin-lô,薪勞
sin-lô-tsînn,辛勞錢
sin-luē,新銳
sin-lo̍h-suann,新落山
sin-lông,新郎
sin-miā,身命
sin-nî,新年
sin-niû,新娘
sin-niû-tsháu,新娘草
sin-niû-tshn̂g,新娘床
sin-niû-hue,新娘花
sin-niû-kiō,新娘轎
sin-niû-pâng,新娘房
sin-niû-phuānn,新娘伴
sin-niû-piánn,新娘餅
sin-niû-ting,新娘燈
sin-niû-thènn,新娘撐
sin-niû-thueh,新娘替
sin-uan,申冤
sin-uan,伸冤
sin-o̍h-suann,新學山
sin-ok,新屋
sin-pán,新版
sin-ping,新兵
sin-phài,新派
sin-phian,新編
sin-phìnn,新片
sin-pi,新埤
sin-pinn,身邊
sin-pinn-tau,身邊兜
sin-pò,申報
sin-poo,新埔
sin-pū,新婦
sin-pū-á,新婦仔
sin-sann,新衫
sin-sè,身世
sin-sè-kài,新世界
sin-sik,新式
sin-senn,先生
sin-sing,新生
sin-sing-pò,新生報
sin-sing-tāi,新生代
sin-sing-tē,新生地
sin-senn-má,先生媽
sin-si,身屍
sin-sì,身勢
sin-sî,申時
sin-sî-tāi,新時代
sin-sian,新鮮
sin-siat,新設
sin-sim,身心
sin-sin-niû,新新娘
sin-sin-pū,新新婦
sin-siù,新秀
sin-siû,薪酬
sin-siū,身受
sin-sng,辛酸
sin-sòo,申訴
sin-sū,紳士
sin-suí,薪水
sin-tâi-pè,新台幣
sin-tâi-phiò,新台票
sin-tak-tak,新篤篤
sin-tâng,身胴
sin-tang-tang,新璫璫
sin-té,身底
sin-té-sann,身底衫
sin-tè,身塊
sin-tik,新竹
sin-tik-tshī,新竹市
sin-tíng,身頂
sin-thé,身體
sin-thian-tē,新天地
sinn-thih,鉎鐵
sin-thuân,薪傳
sin-ti,新知
sin-tiám-tiám,新點點
sin-tiàm,新店
sin-tiàm-tshī,新店市
sin-tiàm-khe,新店溪
sinn-tiánn,鉎鼎
sin-tiâu,新潮
sin-tiong,伸張
sin-tiunn,身張
sin-tuānn,身段
sin-uî,身為
sin-ûn,新聞
sio,燒
sió,小
sió-ak,小沃
sió-ba̍k,小木
sió-bāu-thâu,小貿頭
sió-bé,小馬
sió-bé,小碼
sió-bē,小妹
sió-bē,小賣
sió-bē-tiàm,小賣店
sió-be̍h,小麥
sió-bí-mī,小米麵
sió-bî--tse,小眯者
sió-bī,小寐
sió-bīn-sîn,小面神
sió-tsâi,小才
sió-tsik,小叔
sió-tsik-á,小叔仔
sió-tshái,小彩
sió-tshài,小菜
sió-tsha̍t-á,小賊仔
sió-tsháu,小草
sió-tshinn,小菁
sió-tshiú-bīn,小手面
sió-tshńg,小串
sió-tshǹg,小串
sió-tshue,小吹
sió-tshù-á,小厝仔
sió-tshun-kin,小伸筋
sió-tshu-pho,小趨坡
sió-tshut,小齣
sió-tshut-á,小出仔
sió-tshut-hì,小齣戲
sió-tsiá,小姐
sió-tsia̍h,小食
sió-tsiat,小節
sió-tsiat-bo̍k,小節目
sió-tsím,小嬸
sió-tsiòng,小將
sió-tsn̄g,小臟
sió-tsong,小宗
sió-tsuí,小水
sió-tsûn,小船
sió-tsut-á,小卒仔
sió-íng,小湧
sió-gue̍h,小月
sió-ha̍k,小學
sió-hāng,小巷
sió-hîng,小型
sió-hîm-niau,小熊貓
sió-huân-hûn,小還魂
sió-huê-siūnn,小和尚
sió-hôo-lôo,小葫蘆
sió-hōo,小雨
sió-huì,小費
sió-î,小於
sió-iā-khik,小夜曲
sió-iūnn,小樣
sió-jî,小兒
sió-jîn-bu̍t,小人物
sió-kang,小工
sió-káng,小港
sió-ka-sòo,小家數
sió-ka-tàng,小家棟
sió-ka-tîng,小家庭
sió-keh-tsíng,小格種
sió-ke-kháu,小家口
sió-ke-sū,小家事
sió-ke-tîng,小家庭
sió-kháu,小口
sió-kháu-tsàu,小口灶
sió-khe-kînn,小溪墘
sió-khì,小氣
sió-khó,小考
sió-khuá,小可
sió-khuá-á,小可仔
sió-khuá-tsá,小寡早
sió-khuá-tsînn,小可錢
sió-khuá-kiâm,小可鹹
sió-khuá-mi̍h,小可物
sió-khuá-tāi,小可代
sió-khuân-á,小圈仔
sió-khóo-io̍h,小苦藥
sió-khoo-uî,小箍圍
sió-kiánn,小囝
sió-kiánn-tsinn,小囝精
sió-kim-ing,小金英
sió-kim-hue,小金花
sió-kin-tsháu,小筋草
sió-kioh-siàu,小腳數
sió-kio̍k,小局
sió-kńg,小卷
sió-kńg,小管
sió-kuè,小過
sió-kóng-á,小管仔
sió-koo,小姑
sió-kòo,小故
sió-koo-á,小姑仔
sió-kuí,小鬼
sió-kuí-á,小鬼仔
sió-la̍h-tshiū,小蠟樹
sió-lâng-kok,小人國
sió-lâu,小流
sió-lâu-tsuí,小流水
sió-lé-hue,小禮花
sió-lí,小女
sió-lia̍p-tsí,小粒子
sió-liû-kiû,小琉球
sió-lōo,小路
sió-lōo-á,小路仔
sió-miâ,小名
sió-mn̂g-hong,小門風
sió-muá,小滿
sió-muāi,小妹
sió-muē,小妹
sió-niû-koo,小娘姑
sió-oo,小烏
sió-pah-bān,小百萬
sió-pau,小包
sió-pau-tshia,小包車
sió-pēnn,小病
sió-ping,小兵
sió-pîng-iú,小朋友
sió-phín,小品
sió-phiò,小票
sió-pì,小臂
sió-piān,小便
sió-pin-nn̂g,小檳榔
sió-poo-thâu,小埠頭
sió-pún,小本
sió-sing,小生
sió-sîng-sua,小成鯊
sió-sing-lí,小生理
sió-senn-nî,小生年
sió-sî,小時
sió-sim,小心
sió-siong,小傷
sió-suat-ka,小說家
sió-sòo,小數
sió-sū,小事
sió-tán,小等
sió-tánn,小膽
sió-tang,小冬
sió-tàu,小晝
sió-tàu-á,小晝仔
sió-thê-khîm,小提琴
sió-thíng,小艇
sió-thîng,小停
sió-thîng-á,小停仔
sió-thîn,小滕
sió-thuí,小腿
sió-thuí-kut,小腿骨
sió-tī,小弟
sió-tī-á,小弟仔
sió-tiám,小點
sió-tn̂g,小腸
sió-to,小刀
sió-tó,小島
sió-tuànn,小旦
sió-tōo,小肚
siô,siô
siô,常
siô-siô,siô-siô
siô-siô,苕苕
siō,邵
sio-ah,燒鴨
sio-ài,相愛
sio-āinn,相揹
sio-bat,相bat
sio-tsai,相知
sio-tsē,相坐
sio-tsenn,相爭
sio-tsènn,相諍
sio-tsènn-tshuì,相諍嘴
sio-tsenn-bé,相爭買
sio-tsenn-tshiúnn,相爭搶
sio-tsenn-tsia̍h,相爭食
sio-tsing,相cheng
sio-tsing,相舂
sio-tsíng-huē,相整會
sio-tshàu-ta,燒臭凋
sio-tshé,相扯
sio-tshin-tshiūnn,相親像
sio-tshiong,相衝
sio-tshiúnn,相搶
sio-tshuā,相tshuā
sio-tshuā-tsáu,相tshuā走
sio-tshuē-tsē,相找坐
sio-tshut-lōo,相出路
sio-tsia̍h-ànn,相食向
sio-tsia̍h-tsē,相食坐
sio-tsia̍h-hiàng,相食向
sio-tsiàn,相戰
sio-tsiap,相接
sio-tsiàu-kòo,相照顧
sio-tsim,相chim
sio-tsim,相唚
sio-tsînn,燒晴
sio-tsīnn,曉晴
sio-tsio,相招
sio-tsioh-tshuì,相借嘴
sio-tsioh-mn̄g,相借問
sio-tsiú,燒酒
sio-tsuā,燒逝
sio-tsuí,燒水
sio-tsuí-tsuânn,燒水泉
sio-tsuí-khuì,燒水氣
sio-tsuí-kuàn,燒水罐
sio-tsuí-ôo,燒水壺
sio-tsuí-tē,燒火袋
sio-e,相挨
sio-e-sin,相挨身
sio-e-the,相挨推
sio-gū,相遇
sioh,惜
sio̍h,sio̍h
sio̍h,俗
sio̍h,液
sio̍h-á,勺仔
sio̍h-khiàn,俗掔
sio̍h-phiah,俗癖
sio̍h-sio̍h,sio̍h-sio̍h
sio-hânn-hânn,燒hânn-hânn
sioh-bīn-phuê,惜面皮
sioh-bóo,惜某
sioh-tsîng,惜情
sioh-tsînn,惜錢
sioh-hok,惜福
sioh-hūn,惜份
sio-hiàng,相向
sio-hiunn,燒香
sioh-kha-tshiú,惜腳手
sioh-kiánn,惜囝
sioh-kuann,惜倌
sioh-lio̍h,惜略
sioh-miā-miā,惜命命
sio-hng,燒荒
sio-ho,燒熇
sio-hué,燒火
sio-hué--ê,燒火ê
sio-hong,燒風
sio-hóng,相仿
sio-hōng-hōng,燒烘烘
sio-hong-hong,燒烘烘
sioh-phuê,惜皮
sioh-pia̍t,惜別
sioh-pó,惜寶
sioh-pún-hūn,惜本份
sioh-sènn-miā,惜性命
sioh-thé-biān,惜體面
sio-hû-ha̍p,相符合
sio-huí,燒毀
sio-huí,燒燬
sio-ì-ài,相意愛
sio-ián,相ián
sio-iok,相約
sio-iông,相容
sio-jia̍t,燒熱
sio-jióng,相嚷
sio-jua̍h,燒熱
sio̍k,俗
sio̍k,蜀
sio̍k,續
sio̍k,贖
sio̍k-bē,俗賣
sio̍k-tshing,俗稱
sio̍k-tshit,蜀七
sio̍k-tsi̍p,續集
sio̍k-tsuē,贖罪
sio̍k-gí,俗語
sio̍k-gí-kóng,俗語講
sio̍k-gí-uē,俗語話
sio̍k-hā,屬下
sio̍k-huè,俗貨
sio̍k-huê,贖回
sio̍k-i,俗醫
sio̍k-î,屬於
sio̍k-iok,續約
sio̍k-jî-āu,續而後
sio̍k-ká,續假
sio̍k-kè,俗價
sio̍k-khì,俗氣
sio̍k-khuán,贖款
sio̍k-kim,贖金
sio̍k-kok,屬國
sio̍k-kuî,蜀葵
sio̍k-lē,俗例
sio̍k-lî-hōo,續而後
sio̍k-miâ,俗名
sio̍k-uē-sueh,俗話說
sio̍k-pháng,俗pháng
sio̍k-phìng,續聘
sio̍k-sìng,屬性
sio̍k-si̍t,屬實
sio̍k-sū,俗事
sio̍k-tē,屬地
sio̍k-tǹg,贖當
sio̍k--tó-lâi,贖倒來
sio-kàn,相幹
sio-kâng,相仝
sio-kāng,相共
sio-kap,相佮
siok-bok,肅穆
siok-tsīng,肅靜
siok-tshing,肅清
sio-kê,相kê
sio-keh,相隔
sio-ke̍h,相桀
sio-keh-piah,相隔壁
sio-ke-kńg,燒雞管
sio-kīng,相kīng
sio-kīng,相勁
sio-kīng-kha,相勁腳
siok-guān,夙願
sio-khap,相khap
sio-kha̍p,相磕
sio-khik,相剋
sio-khì,燒去
sio-khì,燒氣
sio-khī,相忌
sio-khī-khik,相忌剋
sio-khiâ,相騎
sio-khiú,相khiú
sio-khuànn,相看
sio-kho̍k,相kho̍k
sio-khuì,燒氣
sio-kiàn,相見
sio-kim,燒金
sio-kìnn-bīn,相見面
sio-kiò-tshuì,相叫嘴
sio-kiò-ìn,相叫應
siok-lí,淑女
siok-lú,淑女
sio-kò,相告
sio-kuann,燒肝
sio-kuàn,燒罐
siok-sè,夙世
siok-sè,縮細
siok-sià,宿舍
siok-tê,宿題
siok-tuán,縮短
sio-kún-tsuí,燒滾水
sio-kún-kún,燒滾滾
sio-lám,相攬
sio-lâm,燒藍
sio-lām,相濫
sio-líng,燒冷
sio-lī,相離
sio-liàm-tshiú,相捻手
sio-liân,相連
sio-liân-suà,相連紲
sio-liân-suà,相連續
sio-liáu-liáu,燒了了
sio-lióng,相嚷
sio-lō,燒lō
sio-lō,燒烙
sio-lō-lō,燒烙烙
sio-lua̍h,燒熱
sio-lo̍h,燒lo̍h
sio-lôo,燒爐
sio-mē,相罵
sio-mua-king,相幔肩
sio-mooh,相mooh
sióng,賞
sióng-tsè,償債
sióng-gua̍t,賞月
sióng-hong,賞封
sióng-khit-tsia̍h,賞乞食
sióng-siann,上聲
sióng-siōng,想像
sióng-siōng-li̍k,想像力
siòng,相
siòng,餉
siòng-tsing,相精
siòng-tsing-tsing,相精精
siòng-tshiú,相手
siòng-tshù-the̍h,相厝宅
siòng-tsin-tsin,相真真
siòng-tsún,相準
siòng-iâ,相爺
siòng-khang,相空
siòng-ki-huē,相機會
siòng-kong,相公
siòng-miā,相命
siòng-miā-sian,相命仙
siòng-miā-sian,相命先
siòng-phāng,相縫
siòng-phìnn,相片
siòng-phōo,相簿
siòng-siann,相聲
siông-á,松仔
siông-tshun-tîng,常春藤
siông-tsiat-iû,松節油
siông-hiong,松香
siông-jiông,松茸
siông-ka,松膠
siông-koo,松菇
siông-ling,松奶
siông-ling-thn̂g,松奶糖
siông-ling-tuà,松奶帶
siông-lô,松蘿
siông-miā,償命
siông-ngôo,松梧
siông-ngôo,嫦娥
siông-nî,常年
siông-san,常山
siông-san-khu,松山區
siông-san-lî,常山尼
siông-uí-huē,常委會
siōng-tshí-huē,尚齒會
siōng-tshiánn,尚且
siōng-hái,上海
siōng-hái-tshī,上海市
siōng-hîng,象形
siōng-king,誦經
siōng-khò,上課
siōng-kuan,上官
siōng-kùn,訟棍
siōng-su,尚書
siōng-tè,上帝
siong-bông,傷亡
siong-bū,商務
siong-bū-pōo,商務部
siong-tsìng,傷症
siong-tsîng,商情
siong-tsîng,傷情
siong-tshân,傷殘
siong-tshuì,傷嘴
siong-tsiá,傷者
siong-tsit,商職
siong-tsiú,傷酒
siong-tsuan,商專
siong-tsōo,襄助
siong-tsûn,商船
siong-gāi,傷礙
siong-gī,商議
siong-gia̍p,商業
siong-gia̍p-huà,商業化
siong-gia̍p-khu,商業區
siong-gîn,商銀
siong-hāi,傷害
siong-hāi-tsuē,傷害罪
siong-hāi--tio̍h,傷害到
siong-hân,傷寒
siong-hō,商號
siong-huān,傷患
siong-huat,商法
siong-huē,商會
siong-hong,傷風
siong-hûn,傷痕
siong-hûn,傷跡
siong-ī,商譽
siong-iōng,商用
siong-jiah,傷跡
siong-jîn,商人
siong-ka,商家
siong-kài,商界
siong-kám,傷感
siong-kám-tsîng,傷感情
siong-káng,商港
siong-kho,商科
siong-liah,傷跡
siong-lio̍k,商陸
siong-liông,商量
siong-náu-kin,傷腦筋
siong-phiau,商標
siong-phiau-kuân,商標權
siong-phín,商品
siong-phín-huà,商品化
siong-pî,傷脾
siong-piau,商標
siong-piau-kuân,商標權
siong-pún,傷本
siong-pún-tsînn,傷本錢
siong-san,松山
siong-sán,傷產
siong-sì,傷勢
siong-siā,商社
siong-sim,傷心
siong-si̍t,傷食
siong-sòo,商數
siong-sú,傷暑
siong-tâm,商談
siong-tìng,商訂
siong-thiànn,傷痛
siong-thó,商討
siong-tiàm,商店
siong-tián,商展
siong-tiōng,傷重
siong-tiōng-iû,嵩重油
siong-tiōng-pēnn,傷重病
siong-tiûnn,商場
siong-tōo,傷肚
siong-tuī,商隊
siong-uī,傷胃
sio-niū,相讓
sio-uá,相倚
sio-uá-khò,相倚靠
sio-uānn,相換
sio-uānn-kang,相換工
sio-uē,燒話
sio-o̍h-iūnn,相學樣
sio-pái-puah,相擺撥
sio-pái-thè,相擺替
sio-pàng-phuānn,相放伴
sio-pé-huē,相把會
sio-pháinn-uē,燒歹話
sio-phenn,相phenn
sio-phō,相抱
sio-phua̍h-king,相旆肩
sio-phuānn,相伴
sio-phuè,相配
sio-pí,相比
sio-pí-phīng,相比phīng
sio-piánn,燒餅
sio-piànn,相拚
sio-po,相褒
sio-pò-tshuì,相報嘴
sio-puah,相撥
sio-pua̍h-king,相拔肩
sio-pué-huē,相掰會
sio-puē-biū,相背謬
sio-poh-tshuì,相駁嘴
sio-pōng,相碰
sio-poo,燒埔
sio-sàng,相送
sio-sí,燒死
sio-sî,相辭
sio-sià,相卸
sio-siah,相削
sio-siám,相閃
sio-siám-tshia,相閃車
sio-siám-sin,相閃身
sio-siâng,相siâng
sio-siâng,相像
sio-siāng,相像
sio-sim,燒心
sio-sim-ôo,燒心壺
sio-suà,相suà
sio-suà,相紲
sio-suà-lâi,相紲來
sio-suè-tsáu,相賽走
sio-su,相輸
sio-suî,相隨
sio-su-iânn,相輸贏
sio-sut-lōo,相摔路
sio-ta̍h,相踏
sio-ta̍h-thut,相踏脫
sio-tak,相tak
sio-tak-tshuì,相觸嘴
sio-tānn-gōo,相誕誤
sio-tâng,相同
sio-tàu,相鬥
sio-tê,燒茶
sio-tîng-tha̍h,相重疊
sio-tha̍h,相疊
sio-thâi,相
sio-thàm-thâu,相探頭
sio-thàn,相趁
sio-thàu,相透
sio-thè,相替
sio-thè-uānn,相替換
sio-thiànn-sioh,相疼惜
sio-thin,相thin
sio-thinn,相添
sio-thīn,相媵
sio-thng,燒湯
sio-thǹg-thǹg,燒燙燙
sio-thong,相通
sio-thóng-thâu,相捅頭
sio-thong-khì,相通氣
sio-thut-lōo,相脫路
sio--tiāu,燒掉
sio--tio̍h,燒著
sio-tn̄g,相tn̄g
sio-tn̄g,相搪
sio-tn̄g,相撞
sio-tn̄g-thâu,相撞頭
sio-tuà,相帶
sio-tuà-tio̍h,相帶著
sio-tuè,相綴
sio-tòo,相tòo
sio-tú,相tú
sio-tú,相抵
sio-tú-thâu,相抵頭
sio-tuì-bīn,相對面
sio-tuì-hiòng,相對向
sio-tuì-thâu,相對頭
sio-uī,相衛
sip,濕
si̍p-tsuân,十全
si̍p-jī-tshé,十字扯
si̍p-jī-gí,十字語
si̍p-jī-hòo,十字互
si̍p-jī-kè,十字架
si̍p-jī-lōo,十字路
si̍p-kuàn,習慣
si̍p-pán-á,十扳仔
si̍p-pat-á,十八仔
si̍p-tê,習題
sip-tshù,穸厝
sip-tsín,濕疹
sip-tsi̍t-ē,濕一下
si-pō,施暴
sip-sià,濕瀉
sip-sián,濕癬
sip-sip,濕濕
si-si,絲絲
si-siá,施捨
si-si-á,絲絲仔
si-siat,施設
si-si-tshuah,si-si-chhoah
si-suah,si刷
si-suànn-tsháu,絲線草
si-suat,si刷
si-sû,詩詞
sit,失
sit,式
sit,息
sit,熄
sit,穡
si̍t,食
si̍t,實
si̍t,翼
si̍t-á,翅仔
si̍t-á,翼仔
si̍t-bîn,殖民
si̍t-bîn-tē,殖民地
si̍t-bū,實務
si̍t-bu̍t,食物
si̍t-bu̍t,植物
si̍t-bu̍t,實物
si̍t-bu̍t-hn̂g,植物園
si̍t-bu̍t-jîn,植物人
si̍t-tsāi,實在
si̍t-tsāi-bô,實在無
si̍t-tsāi-sī,實在是
si̍t-tsè,實際
si̍t-tsik,食積
si̍t-tsik,實績
si̍t-tsìng,實證
si̍t-tsîng,實情
si̍t-tsí,食指
si̍t-tsiān,實踐
si̍t-tsit,實質
si̍t-giām,實驗
si̍t-giām-sik,實驗室
si̍t-giân,食言
si̍t-gia̍p,實業
si̍t-gue̍h,蝕月
si̍t-hāu,實效
si̍t-hîng,實行
si̍t-huè,實歲
si̍t-hóng,實況
si̍t-io̍k,食欲
si̍t-io̍k,食慾
si̍t-iōng,食用
si̍t-iōng,實用
si̍t-iōng-sìng,實用性
si̍t-iú,實有
si̍t-ji̍t,蝕日
si̍t-kè,實價
si̍t-khik,食客
si̍t-kuân,實權
si̍t-kóng,實講
si̍t-kóo,翅股
si̍t-kóo,翼股
si̍t-lē,實例
si̍t-li̍k,實力
si̍t-lo̍h-tit,實落得
si̍t-lo̍k-tit,實落得
si̍t-uē,實話
si̍t-phín,食品
si̍t-phóo,食譜
si̍t-si,實施
si̍t-sià,食瀉
si̍t-sim,實心
si̍t-siok,食宿
si̍t-siong,食傷
si̍t-si̍p,實習
si̍t-si̍t,實實
si̍t-siu,實收
si̍t-tāng,實重
si̍t-ta̍t,實值
si̍t-tē,實地
si̍t-thàn,實趁
si̍t-thé,實體
si̍t-tn̂g,食堂
si̍t-tú-si̍t,實tú實
sit-bāng,失望
sit-bîn,失眠
sit-bīn-tsú,失面子
sit-tsâng,失欉
sit-tsing-ing,失精英
sit-tsing-sîn,失精神
sit-tshik,失策
sit-tshiú,失手
sit-tshò,失錯
sit-tshuì,失嘴
sit-tsì,失志
sit-tsuē,失罪
sit-tsú-ì,失主意
sit-tsuí,失水
sit-gîng,失迎
sit-giân,失言
sit-gia̍p,失業
sit-hā,膝下
sit-ha̍k,失學
si-thé,屍體
sit-hìng,失興
sit-hiat,失血
sit-hué,失火
sit-hué,熄火
sit-hong,失風
sit-ì,失意
si-tián,施展
sit-im,失音
sit-iok,失約
sit-iok-tiānn,失約定
si-tiû,絲綢
sit-kak-tshat,失覺察
sit-kha,失腳
sit-kháu,失口
sit-khì,失氣
sit--khì,失去
sit-khì-hiat,失氣血
sit-khuì,失氣
sit-kiám,失檢
sit-kiám-tiám,失檢點
sit-lâng-lé,失人禮
sit-lé,失禮
sit-lián,失臉
sit-li̍t,失日
sit-luân,失戀
sit-lo̍h,失落
sit-lōo,失路
sit-lōo,穡路
sit-pāi,失敗
sit-puê,失陪
sit-sik,失色
sit-sì,失勢
sit-sî,失時
sit-siann,失聲
sit-sim,失心
sit-sin,失身
sit-sìn,失信
sit-sîn,失神
sit-siông,失常
sit-siu,失收
sit-siu,失修
sit-siú,失守
sit-sǹg,失算
sit-sū,失序
sit-sū,失事
sit-tánn,失膽
sit-tāng,失重
sit-tē,失地
sit-tik,失德
sit-tik-tsînn,失德錢
sit-tik-mē,失德罵
sit-ting,熄燈
sit-tha̍k,失讀
sit-thâu,穡頭
sit-thé-biān,失體面
sit-thióng,失寵
sit-thuân,失傳
sit-thóo,失土
sit-tiān,失電
sit-tiâu,失調
sit-tiāu,失調
sit-tuì,失對
sit-tuì-thâu,失對頭
siu,收
siú,手
siú,守
siú,首
si-ú,施予
siú-bōng,守望
siú-bôo,首謀
siú-bôo-tsiá,首謀者
siú-tsik,守則
siú-tsō,首座
siú-ìng,首映
siú-huat,守法
siú-hōo,守護
siú-hōo-sîn,守護神
siú-hú,首府
siú-hūn,守分
siú-hūn,守份
siú-iàu,首要
siú-khang-pâng,守空房
siú-khíng,首肯
siú-kiong-sau,守宮硝
siú-koo-sin,守孤身
siú-kū,守舊
siú-kui-kí,守規矩
siú-kun,守軍
siú-líng,首領
siú-mn̂g-uân,守門員
siú-náu,首腦
siú-nî,守年
siú-uē,守衛
siú-ok,首惡
siú-oo,首烏
siú-pī,守備
siú-pún-hūn,守本分
siú-pún-hūn,守本份
siú-si̍k,首席
siú-sîng,守成
siú-sì,守勢
siú-sian,首先
siú-sìn,守信
siú-siòng,首相
siú-tiúnn,首長
siú-too,首都
siú-uī,首位
siù,秀
siù,繡
siù-bí,秀美
siù-bīn,秀面
siù-tsâi,秀才
siù-tsuí,秀水
siù-ing-hue,秀英花
siù-hue,繡花
siù-hue-tsiam,繡花針
siù-hue-kui,繡花規
siù-hong,秀峰
siù-i,獸醫
siù-io̍k,獸慾
siù-khì,秀氣
siù-kiong-ting,繡宮燈
siù-kiû,繡球
siù-kiû-hue,繡球花
siù-kok,繡閣
siù-kui,繡規
siù-lē,秀麗
siù-lîm,秀林
siù-lóng,秀朗
siù-pâng,繡房
siù-se-á,秀梳仔
siù-sìng,獸性
siù-suànn,繡線
siù-ting,繡燈
siû,仇
siû,泅
siû,酬
siû,讎
siû-tshut,售出
siû-tsuí,泅水
siû-i̍k-á,泅浴仔
siû-hīn,讎恨
siû-huān,囚犯
siû-hōo,泅雨
siû-iông,酬庸
siû-jîn,仇人
siû-ka,讎家
siû-kè,售價
siû-khik,讎隙
siû-kim,酬金
siû-kìm,囚禁
siû-lîn,讎人
siû-lô,酬勞
siû-uàn,讎怨
siû-phiò,售票
siû-phiò-uân,售票員
siû-sat,讎殺
siû-sī,讎視
siû-siā,酬謝
siû-sîn,酬神
siû-ti̍k,仇敵
siû-ti̍k,讎敵
siū,siū
siū,岫
siū,袖
siū,壽
siū-bīng,受命
siū-buâ,受磨
siū-bo̍k,壽木
siū-tsai,受災
siū-tse,受災
siū-tsè,受制
siū-tsè,受債
siū-tsing,受精
siū-tsheh,授冊
siū-tsióng,受獎
siū-tsuē,受罪
siū-ik,受益
siū-i̍k,壽域
siū-ik-huì,受益費
siū-ik-jîn,受益人
siū-guân,壽元
siū-hāi,受害
siū-hāi-tsiá,受害者
siū-hāi-lâng,受害人
siū-hān,受限
siū-hîng,受刑
siū-hîng,受形
siū-hiám,壽險
siū-hia̍t,壽穴
siū-hua̍t,受罰
siū-hóng-tsiá,受訪者
siū-huī,受惠
siū-hùn,受訓
siū-i,壽衣
siū-ì,授意
siū-īn,受孕
siū-jio̍k,受辱
siū-kà,受教
siū-khì,受氣
siū-khuân,授權
siū-khóo,受苦
siū-khui,受虧
siū-khut,受屈
siū-kî,授旗
siū-kuân,授權
siū-kuè,受過
siū-kòo,受雇
siū-ku,壽龜
siū-lān,受難
siū-lí,受理
siū-lī-hue,壽字花
siū-mī,壽麵
siū-miā,壽命
siū-pán,壽板
siū-phìng,受聘
siū-phiàn,受騙
siū-phiò,售票
siū-phûn,壽墳
siū-sing,壽星
siū-sīng,受恿
siū-sīng-kiánn,受恿囝
siū-siong,受傷
siū-suann,壽山
siū-suàn,壽算
siū-sòo,壽數
siū-thok,受託
siū-tiân,授田
siū-tio̍h,受著
siū-to̍k,受毒
siū-ú,授予
siū-uí-khut,受委屈
siu-ah,收押
siu-âng-pau,收紅包
siu-ba̍t,收密
siu-bé,收買
siu-bué,收尾
siu-tsê,修齊
siu-tsik,收積
siu-tsíng,修整
siu-tsìng,修正
siu-tsìng-àn,修正案
siu-tshú,收取
siu-tshuì,收嘴
siu-tsi,收支
siu-tsián,修剪
siu-tsînn,收錢
siu-tsi̍p,收集
siu-tsō,修造
siu-tsông,收藏
siu-tsông-ka,收藏家
siu-tsoo,收租
siu-tsuí,收水
siu-tsûn,收存
siu-ik,收益
siu-gia̍p,修業
siu-gîn-ki,收銀機
siu̍h,驌
siu̍h-liu,驌溜
siu-hāu,收效
siu-hê-tsînn,收回錢
siu-hi̍k,收獲
siu-hīng,修行
siu-hó,修好
siu-huat,收發
siu-huè,收賄
siu-huê,收回
siu-ho̍k,收復
siu-ho̍k,修復
siu-hong,收方
siu-hōo,修護
siuh-siuh-kiò,咻咻叫
siu-huì,收費
siu-iân,收捐
siu-iáng,收養
siu-iáng,修養
siu-im,收音
siu-im-ki,收音機
siu-iông,收容
siu-iông-sóo,收容所
siu-ji̍p,收入
siu--ji̍p,收入
siu-kái,修改
siu-kang,收工
siu-kha,收腳
siu-kha,修腳
siu-khǹg,收khǹg
siu-khuán,收款
siu-khuànn,收看
siu-kì,收據
siu-kian,收堅
siu-kiann,收驚
siu-kiàn,修建
siu-kiānn,收件
siu-kiānn-jîn,收件人
siu-kuah,收割
siu-kuan,收棺
siu-kòo,收購
siu-kui,收歸
siu-lí,修女
siu-lí,修理
siu-lí-huì,修理費
siu-liám,收斂
siu-liām,收殮
siu-liān,修鍊
siu-liû,收留
siu--lo̍h-lâi,收落來
siu-lo̍k,收錄
siu-lōo,修路
siunn,廂
siunn,傷
siunn,箱
siúnn,賞
siúnn-tsînn,賞錢
siúnn-gîn,賞銀
siúnn-gue̍h,賞月
siúnn-hua̍t,賞罰
siúnn-hue,賞花
siúnn-keh,賞格
siúnn-kim,賞金
siúnn-kip,賞給
siúnn-lâng-hūn,賞人份
siúnn-nî,賞年
siúnn-sik,賞識
siúnn-sù,賞賜
siùnn,相
siùnn-tsún,相准
siùnn-ke,相雞
siûnn,瘍
siûnn-lap-lap,瘍塌塌
siûnn-le̍h-le̍h,瘍lehl-eh
siûnn-leh-leh,瘍捋捋
siûnn-siûnn,瘍瘍
siūnn,傷
siūnn,想
siūnn-ài,想愛
siūnn-bē-kàu,想bē到
siūnn-bē-khui,想bē開
siūnn-beh,想欲
siūnn-bô-kàu,想無到
siūnn-bô-kè,想無計
siūnn-bô-lōo,想無路
siūnn-tsha,想差
siūnn-tshò,想錯
siūnn-tshut,想出
siūnn-tsin,想真
siūnn-ē-kàu,想會到
siūnn-ē-khui,想會開
siūnn-hīng,想行
siūnn-huat,想法
siūnn-kàu,想到
siūnn-kè,想計
siūnn-khí,想起
siūnn-khí-lâi,想起來
siūnn-kinn,想見
siūnn-kìnn,想見
siūnn-kuè-thàu,傷過頭
siūnn-lâi,想來
siūnn-lán,想懶
siūnn-lóng-bô,想lóng無
siūnn-lōo,想路
siūnn-uai,想歪
siūnn-pān-huat,想辦法
siūnn-pháinn,想歹
siūnn-phian,想偏
siūnn-pit,想必
siūnn-pue,siūnn杯
siūnn-pōo,想步
siūnn-siān,想siān
siūnn-siān,想善
siūnn-sim,想心
siūnn-sim-kuann,想心肝
siūnn-té-lōo,想短路
siūnn-thè-hué,想退悔
siūnn-tiānn,想定
siūnn-tio̍h,想著
siūnn--tio̍h,想著
siūnn-tńg,想轉
siūnn-tuán-kiàn,想短見
siunn-á,箱仔
siunn-á-tshia,廂仔車
siunn-á-tshia,箱仔車
siunn-á-té,箱仔底
siunn-bān,傷慢
siunn-bān-ā,傷慢矣
siunn-bô-khuán,傷無款
siunn-tsá,傷早
siunn-tsē,傷tsē
siunn-tshím,傷寢
siunn-tsió,傷少
siunn-tsng,箱裝
siunn-kè,傷路
siunn-kim,鑲金
siunn-kînn,鑲墘
siunn-kuâinn,傷懸
siunn-kuè,傷過
siunn-kuè-hūn,傷過份
siunn-kuè-thâu,傷過頭
siunn-láng,箱籠
siunn-uànn,相晏
siunn-pa̍k,傷縛
siunn-pinn,鑲邊
siunn-puî,傷肥
siunn-sè,傷細
siunn-si,相思
siunn-si-á,相思仔
siunn-si-tsháu,相思草
siunn-si-tsí,相思子
siunn-si-pēnn,相思病
siunn-si-tāu,相思豆
siunn-sńg,傷爽
siunn-té,傷短
siu-pán,收板
siu-ping,收兵
siu-phí,收疕
siu-phian,收編
siu-phuê,收皮
siu-pìn,收殯
siu-pit,收筆
siu-puânn,收盤
siu-póo,修補
siu-sîng,收成
siu-sī,收視
siu-siah,修削
siu-siān,修善
siu-siān,修繕
siu-siap,羞澀
siu-siàu,收siàu
siu-sin,修身
siu-siok,收縮
siu-sip,收濕
siu-si̍p,收拾
siu-si̍p,修習
siu-siū,收受
siu-suah,收煞
siu-suann,收山
siu-suè,收稅
siu-sok,收束
siu-sok,收縮
siu-sū,收事
siu-tànn,收擔
siu-tang,收冬
siu-tìng,修訂
siu-tīng,修定
siu-thiann,收聽
siu-thiann--tio̍h,收聽著
siu-tî,修持
siu-tiàm,收店
siu-tiâu,收條
siu--tio̍h,收著
siu-tio̍k,修築
siu-tiûnn,收場
siu-tò-tńg,收倒轉
siu-tō,修道
siu-tuann,收單
siu-tôo-tē,收徒弟
sng,栓
sng,喪
sng,酸
sng,霜
sńg,耍
sńg,爽
sńg,榫
sńg-ba̍k,損目
sńg-tsè-kiánn,損債囝
sńg-tshiò,sńg笑
sńg-tshiò,耍笑
sńg-tsuí,sńg水
sńg-tsuí,耍水
sńg-ik,損益
sńg-huat,sńg法
sńg-huí,損毀
sńg-pâi-á,耍牌仔
sńg-sînn,爽錢
sńg-sîn,損神
sńg-tn̄g,耍蕩
sńg-tn̄g,爽蕩
sńg-tn̄g,損蕩
sńg-tn̄g,損斷
sńg-uī,損胃
sǹg,sǹg
sǹg,算
sǹg-á-hue,蒜仔花
sǹg-bô-kàu,算無到
sǹg-bô-puânn,算無盤
sǹg-tshut,算出
sǹg-tsóng-siàu,算總數
sǹg-gia̍h,算額
sǹg-hīng,算行
sǹg-huat,算法
sǹg-kah-tsí,算甲子
sǹg-khí-lâi,算起來
sǹg-khuànn-māi,算看覓
sǹg-lūn,算論
sǹg-miā,算命
sǹg-miā-sian,算命先
sǹg-puânn,算盤
sǹg-puânn-tsí,算盤子
sǹg-sī,算是
sǹg-siàu,算siàu
sǹg-siàu,算數
sǹg-sǹg-kiò,嗖嗖叫
sǹg-tiû,算籌
sǹg-ū-tio̍h,算有tio̍h
sn̂g,床
sn̂g,旋
sn̂g-gia̍h,算額
sng-á,栓仔
sng-á,霜仔
sng-á-tshiū,桑仔樹
sng-á-tsuí,霜仔水
sng-á-kak,霜仔角
sng-á-ki,霜仔枝
sng-bí-tsháu,酸米草
sng-bī,酸味
sng-bī-tsháu,酸味草
sng-bôo,酸模
sng-bui,酸微
sng-but-but,酸粅粅
sng-tsâi,桑材
sng-tshòo,酸醋
sng-tsí,桑子
sng-tsiunn-tsháu,酸漿草
sng-tsuí,霜水
sngh,蹭
sng-hà,喪孝
sng-hio̍h,桑葉
sng-hong,霜風
sng-hōo,酸雨
sngh-phīnn,嗅鼻
sngh-sngh-kiò,嗖嗖叫
sng-io̍oh,栓藥
sng-kam-tinn,酸甘甜
sng-kàng,霜降
sng-khau-suah,喪鬮煞
sng-khuì,酸氣
sng-kinn,酸鹼
sng-kinn-tōo,酸鹼度
sng-kiuh-kiuh,酸kiuh-kiuh
sng-kiuh-kiuh,酸匊匊
sng-ko,霜糕
sng-kuī,霜櫃
sng-lāi-kó,酸荔果
sng-lam,酸lam
sng-m̂,桑莓
sng-nńg,痠軟
sng-nńg,酸軟
sng-nńg-thiànn,痠軟痛
sng-seh,霜雪
sng-sìng,酸性
sng-si,桑鳲
sng-suah,喪煞
sng-sòo,酸素
sng-suî,桑葚
sng-sún,酸筍
sng-tè,霜塊
sng-thiànn,痠痛
sng-thiànn,酸痛
sng-tiâu,霜條
sng-tû,霜櫥
so,唆
so,梭
so,挲
so,嗦
so,騷
só,嫂
só,鎖
só-á-kóo,索仔股
só-á-thui,索仔梯
só-á-tiâu,索仔條
só-âu-hong,鎖喉瘋
só-tsuâ,鎖蛇
só-kê,鎖kê
só-khian,鎖牽
só-khuân,鎖環
só-kńg,瑣卷
só-kńg,鎖管
só-kut,鎖骨
só--leh,鎖leh
só-liān,鎖鍊
só-sì,鎖匙
só-sî,鎖匙
só-sî-phuānn,鎖匙伴
só-tīng,鎖定
só-thâu,鎖頭
só-tiâu,鎖tiâu
sò,掃
sò,噪
sò,燥
sò-tsuá,燥紙
sò-tsuí,燥水
sò-io̍h,燥藥
sò-phoh,躁粕
sò-pia̍k-pia̍k,燥嚗嚗
sò-pia̍k-pia̍k,躁嚗嚗
sò-pō,燥暴
sò-pō,躁暴
sò-pòo,燥布
sò-sìng,燥性
sò-sìng,躁性
sò-sìng-kuí,躁性鬼
sò-sìng-tē,躁性地
sò-siap,燥澀
sò-sim,躁心
sò-tî,埽池
sò-ti̍t-lâng,躁直人
sô,sô
sô-káng,sô犅
sô-ku,sô龜
sô-sô,sô-sô
sô-sô-á,sô-sô仔
sô-sô-ā,sô-sô也
sua,沙
sua,刷
sua,施
sua,砂
sua,痧
sua,鯊
suá,徙
suá-tsai,徙栽
suá-tsáu,徙走
suá-tsînn,徙錢
suá-īng,徙用
suá-kàu,徙到
suá-kha,徙腳
suá-kháu,漱口
suá-khui,徙開
suá-phoo,徙舖
suá-pōo,徙步
suá-siū,徙siū
suá-siū,徙岫
suá-tāng,徙動
suá-tín-tāng,徙振動
suá-uī,徙位
suà,suá
suà,續
suà-āu,續後
suà-bué,suà尾
suà-tshiú,suà手
suà-tshiú,紲手
suà-tshuì,suà嘴
suà-tshuì,紲嘴
suà-tshuì-bué,suà嘴尾
suà-tshuì-bué,紲嘴尾
suà-tsiap,suà接
suà-tsiap,紲接
suà-hong,suà風
suà-kháu,suà口
suà-khuì,紲氣
suà-lo̍h,紲落
suà-lo̍h-khì,紲落去
suà--lo̍h-khì,suà落去
suà--lo̍h-khì,續落去
suà--lo̍h-lâi,續落來
suà-uē,suà話
suà-pái,suà擺
suà-pan,suà班
suà-sì,suà勢
suà-sì,紲勢
suà-tuī,suà隊
suā,逝
suā-só,大嫂
sua-á,鯊仔
sua-á-tē,沙仔地
sua-ba̍k,沙目
sua-ba̍k,砂目
sua-bé-á,砂馬仔
sua-bé-hē,砂馬蟹
sua-bó,沙母
sua-bó,砂母
sua-bó-lia̍p,沙母粒
sua-bó-lia̍p,砂母粒
sua-bôo,沙漠
sua-tshân,沙田
sua-tshîng,沙蠶
sua-tshiâng,沙腸
sua-tsio̍h,沙石
sua-tsio̍h,砂石
sua-tsǹg-á,沙鑽仔
sua-tsuá,沙紙
sua-tsui,砂鵻
sua-gām,鯊儑
sua-gán,沙眼
sua-gán,砂眼
suah,soah
suah,煞
suah,撒
suah-báng,煞蠓
suah-bé-kiánn,煞尾囝
suah-bô,煞無
suah-bué,煞尾
suah-bué-á,煞尾仔
suah-bué-kiánn,煞尾囝
suah-bué-uī,煞尾位
suah-tshí,煞鼠
suah-tshiú,煞手
suah-tsiūnn,煞癢
sua-hê,沙蝦
suah-hì,煞戲
suah-hó,煞好
suah-hôo-tsio,撒胡椒
sua-hî,沙魚
sua-hî,鯊魚
sua-hî-tshì,鯊魚翅
sua-hî-kiàm,鯊魚劍
suah-kánn,煞敢
suah-kang,煞工
suah-khì,煞去
suah-khì,煞氣
suah--khì,煞去
suah-kiâm,soah鹽
suah-kio̍k,煞局
suah-kóo,煞鼓
suah-liáu,煞了
suah-liáu-tāi,煞了代
suah-pe̍h-thn̂g,撒白糖
suah-sī,煞是
suah-sim,煞心
suah-suah-khì,煞煞去
suah-suah--khì,煞煞去
suah-tánn,煞膽
suah-tāu-iû,撒豆油
suah-tio̍h,煞著
suah--tio̍h,煞著
suah-tiûnn,煞場
suah-ū,煞有
suài-sìng,率性
suài-tông,率同
suāinn,檨
suāinn-á,suāinn仔
suāinn-á,檨仔
suāinn-á-hong,檨仔瘋
sua-io̍h,痧藥
sua-kài,沙疥
sua-kap,沙蛤
sua-khann,沙坩
sua-kuè,沙疥
sua-lâ,沙蜊
sua-lâ,沙蟟
sua-la̍k,沙鹿
sua-lāu,沙漏
sua-lāu,砂漏
sua-lia̍p,砂粒
sua-liu,沙鰍
sua-lô-tshiū,沙羅樹
sua-luā,沙瀨
sua-lông,沙龍
sua-lôo,沙鱸
sua-lōo,沙鷺
sua-lūn,沙崙
sua-mn̂g,沙毛
sua-mn̂g,沙門
sua-mn̂g,紗門
suan,soan
suann,山
suan,訕
suan,旋
suan,酸
suánn,散
suán,選
suán-bí,選美
suán-bîn,選民
suán-bū,選務
suánn-tsíng,散種
suánn-tshap,散插
suán-tshiú,選手
suán-tshú,選取
suán-tshut,選出
suán-tsí,拶指
suánn-tsiam,散占
suán-tsi̍p,選集
suánn-iā-iā,散掖掖
suán-iōng,選用
suánn-kak,散角
suánn-káu,散狗
suánn-khiā,散khiā
suán-khò,選課
suán-khu,選區
suán-kí,選舉
suán-kí-khu,選舉區
suán-kí-kuân,選舉權
suán-kí-lâng,選舉人
suán-kòo,選購
suánn-niau,散貓
suán-pā-huat,選罷法
suánn-pâng,產房
suán-phài,選派
suán-phiò,選票
suán-pua̍t,選拔
suán-siu,選修
suánn-suánn,散散
suán-ti̍k,選擇
suán-ti̍k-tê,選擇題
suán-tīng,選定
suánn-thàn,散趁
suán-tho̍k,選讀
suán--tio̍h,選著
suànn,傘
suànn,散
suànn,腺
suàn,算
suànn,線
suàn-á,蒜仔
suàn-á-tsai,蒜仔栽
suàn-á-kut,蒜仔骨
suànn-bē,散賣
suànn-bîn,線民
suàn-bua̍h,蒜末
suànn-bué-khuê,散尾葵
suànn-tshau,散操
suànn-tshī,散市
suànn-tshiu,線鬚
suànn-tsng,散裝
suànn-tsng-tsheh,線裝冊
suànn-tsuē,線綴
suànn-gô,線遨
suànn-hîng,散形
suànn-hîng,散雄
suànn-hîng,線形
suàn-hiong-tîn,蒜香藤
suànn-huat,散發
suànn-huē,散會
suànn-hueh-tsháu,散血草
suànn-iā-iā,散掖掖
suànn-iā-kuí,散掖鬼
suànn-iân,散鉛
suànn-in,線絪
suànn-in-á,線絪仔
suànn-jí-á,散子仔
suàn-jiông,蒜絨
suàn-jiông-ki,蒜絨枝
suànn-kang,散工
suànn-kau,散交
suànn-kha,線腳
suànn-khì,散去
suànn-khui,散開
suànn-kuán,散館
suànn-kóo,散股
suànn-lak-lak,散落落
suànn-liáu-liáu,散了了
suàn-liông,蒜絨
suàn-liông-ki,蒜絨枝
suànn-lōo,線路
suànn-o̍h,散學
suànn-ping,傘兵
suànn-phiò,散票
suànn-phóng-phóng,散滂滂
suànn-phōng-phōng,散蓬蓬
suànn-phún-phún,散翸翸
suànn-pōo,線步
suànn-sann,線衫
suànn-sian,散仙
suànn-siāng,線上
suànn-sim-tshâ,線心柴
suànn-suànn,散散
suànn-soh,線索
suànn-táu,散斗
suànn-thâu,汕頭
suàn-thâu,蒜頭
suànn-thâu,線頭
suànn-thuann,散攤
suànn-tiâu,線條
suànn-tīn,散陣
suànn-tiûnn,散場
suànn-tō,線道
suànn-tuânn,霰彈
suân,旋
suân-bō,船帽
suân-liu,旋鰍
suân-liu-kóo,旋鰍古
suân-lu̍t,旋律
suān,訕
suān,喧
suān,羨
suān,鏇
suān-á,鏇仔
suān-tsi-tshâ,檨梔柴
suān-tsio̍h,鏇石
suān-tsio̍h-tshuì,鏇石嘴
suān-tsuí,漩水
suān-hong,旋風
suān-jiō,suān尿
suān-pit,鏇筆
suān-sū-pōo,銓敘部
suān-tháng,漩桶
suān-tò-tńg,訕倒轉
suān-tuh-tuh,siān-tuh-tuh
suann-á,山仔
suann-âng-tsó,山紅棗
suann-âng-khī,山紅柿
suann-āu-tsiáu,山後鳥
suann-bah-tāu,山肉豆
suann-bang,山芒
suann-bé-tsî,山馬薯
suann-bé-hî,山瑪魚
suann-bé-tê,山馬蹄
suann-bī,山味
suann-bó,山母
suan-bō,宣帽
suann-bué,山尾
suann-bué-tsiam,山尾尖
suann-bué-liu,山尾溜
suann-bôo,山霧
suann-bū,山霧
suann-bûn-bó,山蚊母
suann-tsang,山棕
suann-tsang-niau,山棕貓
suann-tsē,山寨
suann-tshài-tāu,山菜豆
suann-tshâm,山蠶
suann-tshat,山漆
suann-tsha̍t,山賊
suann-tsháu,山草
suan-tsháu,萱草
suann-tshàu-tsiunn,山臭樟
suan-tshing,宣稱
suann-tshîng,山松
suann-tshîng,山榕
suann-tshîng-peh,山松柏
suann-tshí,山鼠
suann-tshinn,山菁
suan-tshiò,訕笑
suann-tshuàn-tîn,山串藤
suann-tshuì-kháu,山嘴口
suan-tsi,宣-木
suann-tsî,山薯
suann-tsià-koo,山鷓鴣
suann-tsiam,山尖
suan-tsiàn,宣戰
suann-tsio,山蕉
suann-tsit,山脊
suann-tsiu,山丘
suan-tsuá,宣紙
suann-tsû-koo,山慈姑
suann-tsuí,山水
suann-tsuí-liú,山水柳
suann-tsu-jû,山茱萸
suann-ē,山下
suann-ing-hue,山櫻花
suann-ing-thô,山櫻桃
so-âng,so紅
suann-ga̍k,山岳
suann-ga̍k,山嶽
suann-gî-pê,山枇杷
suann-giâm,山岩
suan-giân,宣言
suann-gû,山牛
suann-gû-káng,山牛犅
suann-gû-ling,山牛奶
suann-hāu,山鱟
suann-hîm,山熊
suann-hiunn,山香
suann-hn̂g,山園
suann-hô,山河
suann-hô-tshí,山豪鼠
suan-hua,喧嘩
suann-huat,山發
suann-hué,山火
suann-hong,山峰
suann-hông,山洪
suann-hōng-bué,山鳳尾
suann-hôo-tsio,山胡椒
suann-hoo-siunn,山呼相
suann-hún-tsiáu,山粉鳥
suann-hún-înn,山粉圓
suann-hun-tsháu,山煙草
suann-iá,山野
suann-iâm,山鹽
suann-iâm-tshenn,山鹽青
suann-iâm-pô,山鹽婆
suann-iâm-sînn,山鹽豉
suann-iâm-sng,山鹽酸
suann-înn,山圓
suann-io,山腰
suann-io̍h,山藥
suann-io̍h-tsî,山藥薯
suan-iông,宣揚
suann-iûnn,山羊
suann-iûnn-á,山羊仔
suann-iûnn-hīnn,山羊耳
suann-iûnn-muâ,山楊麻
suann-jio̍k-kuì,山肉桂
suann-ka-tsián,山鉸剪
suann-kam,山柑
suann-kam-tshó,山甘草
suann-ka-phuà,山茭破
suann-kau,山溝
suan-kàu,宣教
suann-kāu-ua̍h,山厚活
suann-ke,山雞
suann-keh-niau,山蕨貓
suann-kha,山腳
suann-kha-tsiam,山腳尖
suann-khàm,山崁
suann-khàm-kha,山崁腳
suann-khang,山空
suann-khang-lāi,山空內
suann-khenn,山坑
suann-khenn-á,山坑仔
suann-khīng,山虹
suann-khī-á,山柿仔
suann-khiah,山隙
suann-khîm,山禽
suann-khîn-tshài,山芹菜
suann-khóo-kue,山苦瓜
suann-khóo-līng,山苦楝
suann-khóo-thô,山苦桃
suann-khut,山窟
suann-kiā,山崎
suann-kim-tsiam,山金針
suann-kinn,山梔
suann-kin-tsio,山芎蕉
suann-kin-lîng,山根龍
suann-kiô,山茄
suann-kiô-pò,山茄報
suann-kiō,山轎
suann-kiok-hue,山菊花
suann-kiû,山球
suann-kiunn,山羌
suann-kiunn,山獐
suann-kiunn,山薑
suan-kò,宣告
suann-kuà-tshài,山芥菜
suann-kuâinn,山懸
suann-kuann-lân,山菅蘭
suann-kue,山瓜
suann-kue-tshài,山瓜菜
suann-kok,山谷
suann-kóo-pih,山古鱉
suann-ku,山龜
suann-kuí,山鬼
suann-kuì-hue,山桂花
suann-lāi,山內
suann-lāi-lâng,山內人
suann-lám,山欖
suann-lâm,山藍
suann-lang,山lang
suann-láu-hio̍h,山荖葉
suann-lîng,山龍
suann-lîng-gíng,山龍眼
suann-lí-hue,山裡花
suann-liân-á,山鰱仔
suann-li̍p,山鴗
suan-liu-kóo,酸溜蛄
suann-lô-po̍k,山蘿蔔
suann-lua̍h,山埒
suan-lôo,珊瑚
suann-lōo,山路
suann-lūn,山崙
suann-me̍h,山脈
suann-mn̂g,山毛
suann-muâ-á,山麻仔
suann-muâ-tsháu,山麻草
suann-muâ-tshiok,山麻雀
suann-nâ,山林
suan-nāu,喧鬧
suann-n̂g-kinn,山黃梔
suann-n̂g-muâ,山黃麻
suan-ngiāu,訕囈
suan-ngiāu,旋繞
suan-ngiāu,旋囈
suann-niá,山嶺
suann-niā,山岭
suann-niau,山貓
suann-niû-á,山娘仔
suann-o,山窩
suann-uann,山垵
suann-ông-lâi,山王萊
suan-ôo-tshiū,珊瑚樹
suann-ōo,山芋
suann-oo-tshiu,山烏鶖
suann-oo-tsu,山烏珠
suann-oo-khīng,山烏虹
suann-pak,山腹
suann-pan-khiu,山斑鳩
suann-pau,山胞
suann-pe̍h-tshài,山白菜
suann-phāng,山縫
suann-phiânn,山坪
suann-pho,山坡
suan-phuànn,宣判
suann-pho-tē,山坡地
suann-phoo,山坡
suann-phû-iông,山芙蓉
suann-piah,山壁
suann-pinn,山邊
suann-pin-nn̂g,山檳榔
suann-pô-tô,山葡萄
suann-pue-lîng,山菠薐
suann-poo,山埔
suan-pòo,宣佈
suann-poo-gîn,山埔銀
suann-poo-iâm,山埔鹽
suann-poo-kin,山埔根
suann-poo-kiunn,山埔姜
suann-poo-lūn,山埔崙
suann-sam,山杉
suann-sán,山產
suann-sán-bu̍t,山產物
suann-sán-phín,山產品
suann-se,山西
suan-sé,訕洗
suan-sè,宣誓
suann-sì,山勢
suan-sī,宣示
suan-siah,訕削
suann-sia̍h-liû,山石榴
suann-siânn,山城
suann-sian-tsa,山仙楂
suan-sia̍p,宣洩
suan-siâu,訕siâu
suann-sîn,山神
suann-siù-ing,山秀英
suann-siunn-si,山相思
suann-suāinn-á,山檨仔
suann-suàn-thâu,山蒜頭
suann-sông,山倯
suann-sòo-ing,山素英
suann-sū,山嶼
suann-suī-hiong,山瑞香
suann-tang,山東
suann-tâng-o,山茼蒿
suann-tang-tshài,山東菜
suann-tang-kue,山冬瓜
suann-tang-lâi,山東梨
suann-tang-síng,山東省
suann-tang-tiû,山東綢
suann-tan-hue,山丹花
suann-tê,山茶
suann-tē,山地
suann-tíng,山頂
suann-tíng-bué,山頂尾
suann-thâu,山頭
suann-thâu-á,山頭仔
suann-thih-sut,山鐵摔
suann-thô-á,山桃仔
suann-thuah,山獺
suan-thuân,宣傳
suan-thuân-tuann,宣傳單
suan-tho̍k,宣讀
suann-thòo,山兔
suann-thôo-tāu,山土豆
suann-ti,山豬
suann-ti-bah,山豬肉
suann-ti-kuann,山豬肝
suan-tîn,宣藤
suann-tiûnn,山場
suann-tō,山道
suan-tō,宣導
suann-tuā-lâng,山大人
suann-tuā-tan,山大丹
suann-tōng,山洞
suann-u,山洿
suan-uì,宣慰
sua-pau,沙包
sua-pho,沙坡
sua-phoh,沙朴
sua-puânn,沙盤
sua-poo,沙埔
sua-sap,沙屑
sua-so,沙梭
sua-sua,沙沙
sua-suànn,沙汕
sua-suànn,沙線
sua-som,沙參
suat,刷
suat,說
suat-bîng,說明
suat-bîng-su,說明書
suat-bûn,雪文
sua-tē,沙袋
sua-than,沙灘
sua-thang,紗窗
suat-hî,鱈魚
sua-thio,沙銚
sua-thn̂g,沙糖
sua-thn̂g,砂糖
suat-hua,雪花
suat-ho̍k,說服
sua-thôo,沙土
sua-thôo,砂土
sua-tiâu,沙條
suat-kàu,說教
suat-ko,雪糕
suat-lê,雪梨
suat-mua,雪幔
sua-tn̂g,沙腸
sua-tn̂g-á,沙腸仔
sua-to-hî,沙刀魚
suat-phiàn-ko,雪片糕
suat-sî,說辭
suat-tē,雪地
sua-tui,沙堆
so-tsháu,搓草
so-tsháu,搔草
so-tshiú,搓手
so-tshiú,搔手
so-tsín,騷疹
so-tsiūnn,搔癢
sue,衰
sue,蔬
sué,黍
sué-á,黍仔
sué-á-hún,黍仔粉
suè,稅
suè-ba̍k,稅目
suè-bū,稅務
suè-bū-kio̍k,稅務局
suè-bū-uân,稅務員
suè-tsè,稅制
suè-tsik,稅則
suè-tshia,稅車
suè-tshù,稅厝
suè-tshù-khiā,稅厝徛
suè-tshut,稅出
suè-tshut,歲出
suè-tsînn,稅錢
suè-gia̍h,稅額
suè-gua̍t,歲月
suè-huat,稅法
suè-hū,稅負
suè-ji̍p,歲入
suè-kè,歲計
suè-khò,稅課
suè-khuán,稅款
suè-kim,稅金
suè-kuan,稅捐
suè-lu̍t,稅率
suè-siu,稅收
suè-tuann,稅單
suê,垂
suê-khì,垂氣
suê--lo̍h-khì,垂落去
suê-pāi,垂敗
suê-suê,垂垂
suē,垂
suē-king,垂肩
suē--lo̍h-lâi,垂落來
sue-á-hàn,細仔漢
sue-bái,衰bái
sue-bî,衰微
sue-bué,衰尾
sue-tshiú,衰手
sueh,揳
sueh,說
sueh-āu-tshiú,揳後手
sueh-bîng,說明
sueh-tsîng,說情
sueh-tsînn,揳錢
sueh-ho̍k-li̍k,說服力
sueh-khang,揳空
sueh-khang,楔空
sueh--khí-lâi,說起來
sueh-khǹg,揳khǹg
sueh-lóo-la̍t,說lóo力
sueh-siā,說謝
sueh-sû,說詞
sueh-thàu-ki,說透機
sueh-thàu-lâu,說透流
sueh-to-siā,說多謝
sue-jio̍k,衰弱
sue-khuì,衰氣
sue-lám,衰荏
sue-lang,疏lang
sue-làng,疏làng
sue-lâng,衰人
sue-lang-lang,疏lang-lang
sue-lo̍h,衰落
sue-ōng,衰旺
sue-ōng-tshiú,衰旺手
sue-ōng-khì,衰旺氣
sue-ōng-khuì,衰旺氣
sue-ōng-tiāu,衰旺兆
sue-pāi,衰敗
sue-sang,疏鬆
sue-siâu,衰siâu
sue-sit,疏失
sue-thè,衰退
sue-ūn,衰運
soh,soh
soh,索
soh-á,索仔
soh-ín,索引
soh-kè,索價
soh-khuì,嗍氣
soh-kuānn,soh汗
soh-kuānn,嗍汗
soh-ling,soh乳
soh-liām,索捻
soh-thui,索梯
so-înn,搓圓
so-înn-á,搓圓仔
so-iù-iù,搓幼幼
so-iû,so油
sok,束
sok,縮
so̍k,槊
so̍k-á,槊仔
so̍k-muî,槊煤
so̍k-thôo,槊土
sok-á,束仔
sok-ân,縮ân
sok-tsīng,肅靜
sok-tshú,索取
sok-tsō,塑造
so-khí,梭齒
sok-hué,縮火
sok-iánn,縮影
sok-ín,索引
sok-ka,塑膠
sok-ka-kóng,塑膠管
sok-ka-tē,塑膠袋
sok-kháu,束口
sok-kiám,縮減
sok-kiat,束結
sok-lu̍t,速率
sok-miā,宿命
sok-ńg,束-示
sok-pa̍k,束縛
sok-sè,縮細
sok-sîng,速成
sok-sià,宿舍
sok-sin-sann,束身衫
sok-sió,縮小
sok-siōng,塑像
sok-si̍t,速食
sok-si̍t-mī,速食麵
sok-si̍t-tiàm,速食店
sok-té,縮短
sok-tê-sim,縮茶心
sok-tōo,速度
so-lô-tshiū,梭羅樹
so-lua̍h,挲捋
so-lua̍h,搔捋
so-lōng,唆弄
som-á,蔘仔
som-lîm,森林
som-pó-pó,參寶寶
song,參
song,喪
song,鬆
sóng,爽
sóng-khuài,爽快
sóng-uainn-uainn,爽歪歪
sóng-sim,爽心
sóng-sim-khùn,爽心睏
sóng-sim-lim,爽心lim
sóng-sîn,爽神
sóng-su̍t,慫使
sóng-ti̍t,爽直
sòng,宋
sòng-bīng,喪命
sòng-hiong,宋凶
sòng-hiong,宋兇
sòng-hiong-lâng,宋兇人
sòng-phàn,宋判
sòng-phàn,宋盼
sòng-sing,喪生
sòng-sit,喪失
sòng-tāi,宋代
sòng-tiâu,宋朝
sông,sông
sông,傖
sông-hong,sông風
sông-khuì,倯氣
sông-piah-piah,傖壁壁
sông-sông,傖傖
sông-tâng,傖筒
sông-tâng-khì,傖筒氣
sông-teh-teh,倯teh-teh
sōng,sōng
song-tsòng,喪葬
song-tsú,桑梓
song-hí-sū,喪喜事
song-ho̍k,喪服
song-ke,喪家
song-kìng,鬆勁
song-kháu,鬆口
song-khuài,鬆快
song-kín,鬆緊
song-kín-tuà,鬆緊帶
song-lé,喪禮
song-sàn,鬆散
song-sí,鬆弛
song-sū,喪事
song-tōng,鬆動
so-oo,so烏
so-oo-bīn,搓烏面
so-oo-bīn,搔烏面
so-pênn,挲平
so-so,so-so
so-so,挲挲
so-sú,唆使
so-thâu,搔頭
so-thâu-khak,搔頭殼
soo,soo
soo,酥
soo,蘇
sóo,所
sóo-tsa,搜查
sóo-tsāi,所在
sóo-tsāi-tē,所在地
sóo-ik,所益
sóo-ha̍k,所學
sóo-hīng,所幸
sóo-huat,所發
sóo-huì,所費
sóo-í,所以
sóo-í-jiân,所以然
sóo-iú,所有
sóo-iú-jîn,所有人
sóo-khò,所靠
sóo-ki̍p,所及
sóo-kóng,所講
sóo-kóng-ê,所講的
sóo-sio̍k,所屬
sóo-tik,所得
sóo-tì,所致
sóo-tiông,所長
sóo-tit-suè,所得稅
sóo-ū,所有
sóo-uî,所為
sóo-uī,所謂
sòo,素
sòo,訴
sòo,數
sòo-bé-lī,數碼字
sòo-biâu,素描
sòo-bo̍k,數目
sòo-tsâi,素材
sòo-tshài,素菜
sòo-tshíng,訴請
sòo-tsit,素質
sòo-tsng,素妝
sòo-tsu,訴諸
sòo-tsu,數珠
sòo-tsu-á,數珠仔
sòo-ing,素馨
sòo-guān,素願
sòo-guān,訴願
sòo-ha̍k,數學
sòo-ha̍k-kho,數學科
sòo-hîng,素行
sòo-hīng,素行
sòo-hiunn,素香
sòo-i,素衣
sòo-iáng,素養
sòo-iú,素有
sòo-jī,數字
sòo-khóo,訴苦
sòo-kì,數據
sòo-kì-ki,數據機
sòo-kiû,訴求
sòo-lí,數理
sòo-liāng,數量
sòo-mī,素麵
sòo-ngá,素雅
sòo-ngôo,素娥
sòo-sik,素色
sòo-sik,索色
sòo-sim-lân,素心蘭
sòo-siông,素常
sòo-siông-sî,素常時
sòo-siōng,訴訟
sòo-si̍t,素食
sòo-sòo,素素
sòo-sòo-ā,素素也
sòo-sû,數詞
sòo-ta̍t,數值
sòo-uī,數位
sòo-uī-huà,數位化
soo-buê,酥糜
soo-bo̍k,蘇木
soo-tsa,搜查
soo-tsìng,蒐證
soo-tshài,蔬菜
soo-tsi̍p,搜集
soo-tsi̍p,蒐集
soo-tsiu-uē,蘇州話
soo-gô,蘇俄
soo-hong,蘇枋
soo-hut,疏忽
soo-io,soo腰
soo-io,酥腰
soo-keh-lân,蘇格蘭
soo-khai,疏開
soo-khì,蘇氣
soo-khiak-khiak,酥戛戛
soo-khiáu,酥巧
soo-kiù,搜救
soo-kó,蔬果
soo-kòo,蒐購
soo-lāu,疏漏
soo-lī,疏離
soo-liân,蘇聯
soo-ò,蘇澳
soo-ò-káng,蘇澳港
soo-uán,疏遠
soo-phài,蘇派
soo-piánn,酥餅
soo-sàn,疏散
soo-sik,搜索
soo-sóng,蘇爽
soo-thih,蘇鐵
soo-thong,疏通
soo-tō,疏導
soo-uî-ia,蘇維埃
su,司
su,私
su,思
su,輸
su,軀
sú,使
sú,署
sù-bīng-kám,使命感
sú-bí,塵尾
sú-bi̍t-su,史密斯
sú-tsik,史蹟
sú-tsiá,使者
sú-ha̍k,史學
sú-iōng,使用
sú-iōng-tsiá,使用者
sú-iōng-kuân,使用權
sú-iōng-lu̍t,使用率
sú-jiân,使然
sú-ka,史家
sú-ká,暑假
sú-ke,史家
sú-kng,曙光
sú-kuán,史館
sú-kun-tsú,使君子
sú-liāu,史料
sú-miâ,署名
sú-si̍t,史實
sú-ta̍t-lîm,史達林
sú-tiúnn,署長
sù,四
sù,覗
sù,肆
sù-bīng,使命
sù-bí-tsháu,四米草
sù-bîn,庶民
sù-bó,庶母
sù-bū,庶務
sù-bu̍t,四物
sù-tshuan,四川
sù-tshuan-tshài,四川菜
sù-tsuē,恕罪
sù-hái,四海
sù-ha̍p-īnn,四合院
sù-hāu,伺候
sù-hok,賜福
sù-hong,四方
sù-hong-tshioh,四方尺
sù-hong-thé,四方體
sù-hōo,賜hōo
sù-kàu,賜教
sù-kha-hî,四腳魚
sù-ki,四肢
sù-kiānn-huē,四健會
sù-kiat-kó,四結果
sù-kó,四果
sù-kuì,四季
sù-kuì-tshun,四季春
sù-kuì-hue,四季花
sù-kuì-tāu,四季豆
sù-pîng-san,四平山
sù-phiò,賜票
sù-phuè,四配
sù-sik-pâi,四色牌
sù-sî-tshun,四時春
sù-sī,sù-sī
sù-sī,四是
sù-sī,次序
sù-sian-pîn,四仙屏
sù-sîn,四神
sù-siông,四常
sù-sù,覗覗
sù-thīn,四媵
sù-uî,四維
sû,祠
sû-biō,祠廟
sû-îng,殊榮
sû-ì,詞意
sû-khik,詞曲
sû-kù,詞句
sû-līng,辭令
sû-tián,辭典
sû-tn̂g,祠堂
sū,序
sū,事
sū,敘
sū,嶼
sū-āu,事後
sū-bué,事尾
sū-bū,事務
sū-bū-kuann,事務官
sū-bū-sìng,事務性
sū-bū-sóo,事務所
sū-bu̍t,事物
sū-tsik,事蹟
sū-tsîng,事情
sū-tsiông,侍從
sū-tsú,事主
sū-gî,事宜
sū-giân,緒言
sū-gia̍p,事業
sū-gia̍p-ka,事業家
sū-gia̍p-pōo,事業部
sū-hāng,事項
sū-hāu,侍候
sū-in,事因
sū-iû,事由
sū-khì,士氣
sū-kiānn,事件
sū-kuann,士官
sū-kuân,事權
sū-kuann-tiúnn,士官長
sū-kòo,事故
sū-lē,事例
sū-lí,仕女
sū-lí,事理
sū-lî-hōo,嗣而後
sū-lī-a,敘利亞
sū-liah,事跡
sū-lîm,士林
sū-lîm-khu,士林區
sū-lōo,事路
sū-ping,士兵
sū-phuà,事破
sū-piàn,事變
sū-sian,事先
sū-si̍t,事實
sū-sū,事事
sū-su̍t,敘述
sū-thài,事態
sū-tuan,事端
su-àm,私暗
su-bīn,書面
su-bīn,輸面
su-bó,師母
su-bōo,思慕
su-bûn,斯文
su-bûn-khuì,斯文氣
su-tsîng-si,抒情詩
su-tshun,思春
su-tshut,輸出
su-tsînn,輸錢
su-tsiong,私章
su-tsiú,私酒
su-tsuan,師專
su-tsu,師資
su-tsū,私自
su-tsuí,輸水
su-tsun,師尊
su-îng,私營
su-gî,司儀
suh,suh
suh,嗍
su-hā,私下
su-hāu,伺候
suh-bi̍t-àng,欶蜜甕
suh-tsuí,suh水
su-hîng,私刑
suh-hueh,嗍血
suh-hun,suh熏
suh-hun,嗍燻
su-hiau,私梟
su-hiong,思鄉
su-hiong,書香
su-hiu,私休
suh-kóng,吸管
suh-ling,suh乳
suh-ling,嗍奶
su-huān,師範
su-huat,司法
su-huat,抒發
su-huat,師法
su-huat,書法
su-huat-īnn,司法院
su-huat-ka,書法家
su-huat-kài,司法界
su-huat-kuann,司法官
su-huat-kuân,司法權
su-huat-pōo,司法部
su-huè,私貨
su-hueh,輸血
su-ho̍k,私服
su-ho̍k,舒服
su-hong-tsuá,書方紙
suh-suh-kiò,速速叫
suh-suh-tinn,欶欶甜
su-hū,師父
sui,荽
sui,蓑
suí,suí
suí-tsa-póo,suí查某
suí-gû,水牛
suí-gû-káng,水牛犅
suí-iūnn,suí樣
suí-ke,水雞
suí-ke-tsháu,水雞草
suí-ke-pn̄g,水雞飯
suí-ke-siû,水雞泅
suí-khuì,suí氣
suí-pōo,suí步
suí-thé,suí體
suí-tóo,水tóo
suî,垂
suî,隋
suî,隨
suî-bó-kè,隨母嫁
suî-tsāi,隨在
suî-tsāi-guá,隨在我
suî-tsāi-lâng,隨在人
suî-tsāi-lí,隨在你
suî-tshenn,垂青
suî-tshenn,隨星
suî-tshia,隨車
suî-tshiú,隨手
suî-tsi̍t-ê,隨一個
suî-tsi̍t-hāng,隨一項
suî-ê,隨個
suî-guî,垂危
suî-hîng,隨行
suî-hiō,隨後
suî-hiunn,隨香
suî-hô,隨和
suî-hong,隨風
suî-ì,隨意
suî-iông-liú,垂楊柳
suî-kè-kán,隨嫁kán
suî-ki,隨機
suî-ki-liú,垂枝柳
suî-lâng,隨人
suî-lâng-tsia̍h,隨人食
suî-lâng-ì,隨人意
suî-liú,垂柳
suî-uân,隨員
suî-piān,隨便
suî-sî,隨時
suî-si-liú,垂絲柳
suî-sin-thiann,隨身聽
suî-suah,隨煞
suî-suî,隨隨
suî-sûn,垂詢
suî-tāi-liû,隨大流
suî-tē,隨地
suî-ti̍t,垂直
suî-tông,隨同
suî-tuī,隨隊
suī,祟
suī,穗
suī-an,瑞安
suī-bîn,睡眠
suī-tshiu,穗鬚
suī-hiunn,瑞香
suī-hong,瑞芳
suī-hong-lâm,瑞芳楠
suī-lân,瑞蘭
suī-se,瑞西
suī-siu,穗鬚
suī-sū,瑞士
suī-suī,瑞穗
suī-tián,瑞典
suī-tō,隧道
su-iâ,師爺
su-iânn,輸贏
su-iàu,需要
su-iàu-liāng,需要量
sui-bóng,雖罔
sui-jiân,雖然
sui-kóng,雖講
su-īnn,師院
su-īnn,書院
su-io̍k,私慾
su-iōng,需用
sui-sann,簑衫
su-iú,私有
su-iú-tē,私有地
su-iû-kóng,輸油管
su-jîn,私人
su-ji̍p,輸入
su-ka,私家
su-ka,輸家
su-kah,私合
su-kau,私交
su-kha,私腳
su-kha-ē,私腳下
su-khàm,私勘
su-khan,書刊
su-khang-á,私空仔
su-kha-uē,私腳話
su-khì,輸去
su-khia-tsînn,私腳錢
su-khia-uē,私傢話
su-khó,思考
su-khòo,書庫
su-ki,司機
su-kì,書記
su-kì-kuann,書記官
su-kiáu,輸kiáu
su-kio̍k,書局
su-kiû,需求
su-kiû-liāng,需求量
su-kuán,書館
su-kóo,思古
su-lá-hu,斯拉夫
su-lâng,私人
su-līng,司令
su-līng-kuann,司令官
su-līng-pōo,司令部
su-līng-tâi,司令台
su-lī,私利
su-liām,思念
su-liāng,思量
su-liáu-liáu,輸了了
su-li̍p,私立
su-lông,私囊
su-lōo,私路
su-lōo,思路
su-luī,書類
su-má,司馬
su-muē,師妹
sun,孫
sún,榫
sún-á,筍仔
sún-ba̍k,榫目
sún-ba̍k-tsiu,損目睭
sún-báu,榫卯
sún-tshài,筍菜
sún-gán,損眼
sún-hāi,損害
sún-khang,榫孔
sún-khang,榫空
sún-kuann,筍干
sún-ku,筍龜
sún-sin,損身
sún-siong,損傷
sún-sit,損失
sún-thâu,榫頭
sún-uī,損胃
sùn,舜
sùn-tso̍h-ji̍t,遜昨日
sùn-tso̍h--li̍t,遜昨日
sùn-kan,瞬間
sûn,旬
sûn,巡
sûn,純
sûn,循
sûn,馴
sûn,醇
sûn-bōng,巡墓
sûn-bú,巡撫
sûn-būn,詢問
sûn-tsa,巡查
sûn-tsíng,純種
sûn-tsìng,純正
sûn-tsīng,純淨
sûn-tshat,巡察
sûn-tshuì,純粹
sûn-tsiànn,純正
sûn-tsin,純真
sûn-tsip,巡緝
sûn-tsit,殉職
sûn-ik,純益
sûn-ik-lu̍t,純益率
sûn-gîn,純銀
sûn-huà,純化
sûn-huân,循環
sûn-hue,巡灰
sûn-huê,巡迴
sûn-huê-tshia,巡迴車
sûn-hông,巡防
sûn-hông-lām,巡防艦
sûn-hông-phōo,循紅簿
sûn-iûnn,巡洋
sûn-jiân,純然
sûn-jiân-ê,純然的
sûn-kàu,殉教
sûn-khuân,循環
sûn-kiat,純潔
sûn-kim,純金
sûn-kuann,巡官
sûn-lé,巡禮
sûn-lī,循字
sûn-liâng,純良
sûn-lô,巡邏
sûn-mê,巡暝
sûn-phok,純樸
sûn-phok,淳樸
sûn-si̍k,純熟
sûn-sī,巡視
sûn-suann,巡山
sûn-sū,循序
sûn-sûn,純純
sûn-sûn,醇醇
sûn-tōo,純度
sūn,順
sūn-ba̍k,順目
sūn-tsîng,順情
sūn-tsha,順差
sūn-tshiú,順手
sūn-tshuì,順嘴
sūn-tsiông,順從
sūn-tsuí,順水
sūn-tsûn-nî,順存年
sūn-ìng,順應
sūn-gán,順眼
sūn-gue̍h,順月
sūn-ho̍k,順服
sūn-hong,順風
sūn-hong-ní,順風耳
sūn-hong-sì,順風勢
sūn-ì,順意
sūn-iân,順延
sūn-ki,順機
sūn-kiânn,順行
sūn-ki-huē,順機會
sūn-lān,殉難
sūn-lâu,順流
sūn-lī,順利
sūn-liâng,順良
sūn-liù,順流
sūn-liù,順溜
sūn-liû,順流
sūn-lōo,順路
sūn-ní,順耳
sūn-sì,順勢
sūn-sī,順序
sūn-sī-senn,順序生
sūn-suà,順suà
sūn-suà,順紲
sūn-suà-tshiú,順紲手
sūn-sū,順序
sūn-sū,順事
sūn-suī,順遂
sūn-sūn,順順
sūn-tài,順帶
sūn-thàn,順趁
sūn-tuà,順帶
sūn-uī,順位
sun-á,孫仔
sun--á,孫仔
su-niû,思量
sun-lú,孫女
sun-ngōo-khong,孫悟空
sun-sài,孫婿
sun-sin-pū,孫新婦
sun-só,孫嫂
sun-tiong-san,孫中山
su-uē,書畫
su-uē-ka,書畫家
su-pâng,書房
su-pau,書包
su-phian,私偏
su-pò,書報
su-pún,書本
su-sàng,輸送
su-sàng-tuà,輸送帶
su-sing,師生
su-sing,書生
su-sing-tsú,私生子
su-sing-ua̍h,私生活
su-sì,輸勢
su-siá,書寫
su-siânn,輸成
su-siat,私設
su-sim,私心
su-sìn,書信
su-sio̍k-á,私塾仔
su-siong,書商
su-sióng,思想
su-sok,思索
su-sóng,舒爽
su-sū,私事
su-sū,師事
su-su-khì,輸輸去
sut,恤
sut,食
sut,屑
sut,率
sut,摔
sut,瞬
su̍t,術
su̍t-á,術仔
su̍t-gí,術語
su̍t-kho,術科
su̍t-suat,述說
su̍t-sū,術士
su̍t-thóo-tī,使土地
sut-á,摔仔
su-tah-tah,輸搭搭
su-tāi,師大
sut-āu-phàu,摔後炮
sut-ba̍k,摔目
sut-ba̍k-bué,摔目尾
sut-ba̍k-tsìnn,摔目箭
sut--tse,瞬者
sut-tsi̍t-ba̍k,瞬一目
su-té-hā,私底下
su-thiám-thiám,輸忝忝
su-thiòng,舒暢
su-thong,私通
su-thun,私吞
su-ti,須知
su-tián,書展
su-tiānn,私訂
su-tiān,輸電
su-tiâu,思潮
su-tīn,輸陣
su-tiúnn,司長
su-tiúnn,師長
su-tiûnn,輸場
sut-kak,摔角
sut-khok-khia̍k,摔柝戛
sut-kim,恤金
sut-líng,率領
sut-niá,率領
su-tó-pù,su-tó-pù
su-tong-sî,斯當時
sut-pîn,恤貧
sut-sian,率先
sut-sut-á,屑屑仔
sut-ti̍t,率直
su-uî,思維
ta,ta
ta,凋
ta,碉
tá-hāng,他項
tá-lo̍h,佗落
tà,罩
tà-ba̍t,罩密
tà-bông,罩濛
tà-bū,罩霧
tà--lo̍h-lâi,罩落來
tà-sann,罩衫
tà-teh-tshuê,罩塊蹉
tâ,搽
tā-ke-kuann,大家官
tā-uâ,奈何
ta-á,礁仔
ta-bué,凋尾
ta-tsénn,凋井
ta-tshâ,凋柴
ta-tsháu,ta草
ta-tsháu,凋草
ta-tshiū,凋樹
ta-tsio̍h,礁石
ta-tsuí,凋水
ta-eh,凋呃
tah,搭
tah,嗒
ta̍h,踏
ta̍h-ân,踏ân
ta̍h-tsa,踏查
ta̍h-tsāi,踏在
ta̍h-tsha,踏差
ta̍h-tsháu-tshenn,踏草青
ta̍h-tshenn,踏青
ta̍h-tshu,踏趨
ta̍h-tshut,踏出
ta̍h-tsiūnn,踏上
ta̍h-gîm,踏岑
ta̍h-hîng,踏雄
ta̍h-ji̍p,踏入
ta̍h-kha-kàu,踏腳到
ta̍h-kha-khiau,踏腳蹺
ta̍h-kha-pōo,踏腳步
ta̍h-khiau,踏蹺
ta̍h-kǹg-soh,踏鋼索
ta̍h-ku̍t,踏滑
ta̍h-liu--khì,踏溜去
ta̍h-ngē,踏硬
ta̍h-uē-thâu,踏話頭
ta̍h-pán,踏板
ta̍h-pang,踏枋
ta̍h-phiù,踏嘌
ta̍h-phuà,踏破
ta̍h-phuà-tsng,踏破磚
ta̍h-pínn--khì,踏扁去
ta̍h-pōo,踏步
ta̍h-sí,踏死
ta̍h-siânn,踏成
ta̍h-si̍t,踏實
ta̍h-soh,踏索
ta̍h-táu,踏斗
ta̍h-thām,踏窞
ta̍h-thut,踏脫
ta̍h-ti,答滴
ta̍h-tian,踏顛
ta̍h-tòng-á,踏擋仔
ta̍h-tuì,踏碓
tah-bā,搭峇
tah-bā,搭密
tah-bah-tshì,搭肉刺
tah-bah-lîng,搭肉綾
tah-tsài,搭載
tah-tshìn-thâu,搭秤頭
tah-tshiú,搭手
tah-tshun-liân,搭春聯
tah-tsiàn-pênn,搭戰棚
tah-tsiàn-pînn,搭戲棚
tah-tsiú,搭酒
tah-tsuá,貼紙
tah-tsuá,搭紙
tah-ìng,答應
tah-hing,搭胸
tah-hing-khám,搭胸坎
tah-hiannh,搭hiannh
tah-hiannh,搭嚇
tah-huānn,搭岸
tah-hué-si̍t,搭伙食
tah-iânn,搭營
ta-hīnn,凋耳
ta-hio̍h,凋葉
tah-iû,搭油
tah-iû-phiò,搭郵票
tah-kau,搭鉤
tah-kè,搭架
tah-kheh,搭客
tah--khí-khì,貼起去
tah--khí-lâi,搭起來
tah-ki,搭機
tah-kiàn,搭建
tah-kim,搭金
tah-kīn,搭近
tah-kiù,搭救
tah-kò-sī,搭告示
tah-kú-á,搭久仔
tah-liân-tē,褡褳袋
tah-lia̍p,搭粒
tah-liâu-á,搭寮仔
tah-luî-tâi,搭擂台
tah-uá,搭倚
tah-uē,搭話
tah-pênn,搭棚
tah-phuè,搭配
tah-piah,搭壁
tah-piah-tsuá,搭壁紙
tah-piah-liân,搭壁蓮
tah-piah-n̂g,搭壁黃
tah-pòo-phâng,搭布蓬
tah-pòo-phâng,搭布篷
tah-se,搭魦
tah-sim,搭心
tah-sim-á,搭心仔
tah-sua-hî,搭沙魚
tah-tah,搭搭
tah-tah-ti,嗒嗒嘀
tah-tah-tih,嗒嗒嘀
tah-té,貼底
tah-té,搭底
tah-thâu,搭頭
tah-toh-á,搭桌仔
tah-tōo,搭渡
tah-uī,佗位
tai,獃
tái,歹
tái,滓
tái-bī,歹味
tái-tinn,滓甜
tài,帶
tài-àm-kuì,帶暗貴
tài-tsìng,帶症
tài-tsìng-thâu,帶症頭
tài-tsi̍t,帶疾
tài-gî,帶疑
tài-iá-bé,帶野馬
tài-iú,帶有
tài-iu-iông,帶憂容
tài-ji̍p,貸入
tài-khuán,貸款
tài-koo-luân,帶孤鸞
tài-liām,帶念
tài-lōo,帶路
tài-niá,帶領
tài-pēnn,帶病
tài-sin-miā,帶身命
tài-siong,帶傷
tài-sue,帶衰
tài-sue-lâng,帶衰人
tài-sue-ōng,帶衰旺
tài-sue-siâu,帶衰siâu
tài-tài-tio̍h,帶帶著
tài-tài--tio̍h,帶帶著
tài-tio̍h,帶著
tài--tio̍h,帶著
tài-tōng,帶動
tâi,tâi
tâi,台
tâi,苔
tâi,埋
tâi-àn-té,埋案底
tâi-bīn,檯面
tâi-bûn,台文
tâi-tsîng,台前
tâi-tsiân,台前
tâi-tsiàu,台照
tâi-gí,台語
tâi-gîn,台銀
tâi-hā,台下
tâi-kà,台駕
tâi-kàm,台鑒
tâi-khé,台啟
tâi-lâm,台南
tâi-lâm-tshī,台南市
tâi-lâm-kuān,台南縣
tâi-liân-tóng,台聯黨
tâi--lo̍h-khì,tâi落去
tâi-uân,台灣
tâi-uân-tshîng,台灣榕
tâi-uân-tshiū,台灣樹
tâi-uân-gí,台灣語
tâi-uân-kâu,台灣猴
tâi-uân-kok,台灣國
tâi-uân-lâng,台灣人
tâi-uân-uē,台灣話
tâi-uân-sam,台灣杉
tâi-uân-síng,台灣省
tâi-pak,台北
tâi-pak-tshī,台北市
tâi-pak-kuān,台北縣
tâi-pè,台幣
tâi-se,台西
tâi-sik,台式
tâi-síng,台省
tâi-sī,台視
tâi-siāng,台上
tâi-siong,台商
tâi-sû,台詞
tâi-tāi,台大
tâi-tang,台東
tâi-ting,台燈
tâi-tiān,台電
tâi-tiong,台中
tâi-tiong-tshī,台中市
tâi-tiong-kuān,台中縣
tâi-tuan,台端
tâi-to̍k,台獨
tāi,代
tāi,待
tāi,舵
tāi-á,tāi仔
tāi-an-khe,大安溪
tāi-bān,怠慢
tāi-bé,代買
tāi-bé,代碼
tāi-bîng-sû,代名詞
tāi-bóo,大某
tāi-tsâi,大才
tāi-tshan,大餐
tāi-tshut,貸出
tāi-tsì,大志
tāi-tsì,代誌
tāi-tsiàn,大戰
tāi-tsia̍t,大捷
tāi-tsioh,貸借
tāi-tsiòng,大將
tāi-tsiòng,大眾
tāi-tsuan,大專
tāi-tsok,大作
tāi-tsū-jiân,大自然
tāi-gī-sū,代議士
tāi-giân,大言
tāi-giân,代言
tāi-giân-jîn,代言人
tāi-gia̍p,大業
tāi-hā,大廈
tāi-ha̍k,大學
tāi-ha̍k-sing,大學生
tāi-hân,大寒
tāi-hān,大旱
tāi-hi̍k,逮獲
tāi-hîng,代行
tāi-hō,代號
tāi-huê,大茴
tāi-huê-hiong,大茴香
tāi-huē,大會
tāi-hok,大幅
tāi-hong,大方
tāi-hòng,貸放
tāi-hu,大夫
tāi-ì,大意
tāi-î,大於
tāi-iàu,大要
tāi-ìn,代印
tāi-iok,大約
tāi-iōng,代用
tāi-it,大一
tāi-iú-uî,大有為
tāi-iûnn,大洋
tāi-jī,大二
tāi-jîn,大人
tāi-jîn-bu̍t,大人物
tāi-ji̍p,貸入
tāi-kà,大駕
tāi-kah-tsháu,大甲草
tāi-kah-tshiōh,大甲席
tāi-kah-tshio̍h,大甲蓆
tāi-kah-khe,大甲溪
tāi-kan,大奸
tāi-kang,代工
tāi-kang,怠工
tāi-kau,代溝
tāi-ke,大家
tāi-kè,大計
tāi-kè,代價
tāi-ke-lo̍k,大家樂
tāi-khài,大概
tāi-khe,大溪
tāi-khí-sing,代起先
tāi-khò,代課
tāi-khuán,貸款
tāi-kiap,大俠
tāi-kiat,大吉
tāi-kio̍k,大局
tāi-kò,大過
tāi-kuan,大觀
tāi-kuán,代管
tāi-kuân,大權
tāi-kong,tāi公
tāi-kong,大公
tāi-kong,大綱
tāi-kong,舵公
tāi-kòo,大故
tāi-li̍k,大力
tāi-lí,大里
tāi-lí,代理
tāi-lí-tsio̍h,大理石
tāi-lí-jîn,代理人
tāi-lí-kài,大理概
tāi-lí-siong,代理商
tāi-lia̍k,大略
tāi-liām,大斂
tāi-liân,大連
tāi-liāng,大量
tāi-lîn,大人
tāi-lio̍k,大陸
tāi-lô,代勞
tāi-luān,大亂
tāi-ngá,大雅
tāi-ông,大王
tāi-pán,大阪
tāi-pān,代辦
tāi-piàn,大變
tāi-piān,大便
tāi-piáu,代表
tāi-piáu-tsok,代表作
tāi-piáu-jîn,代表人
tāi-pi̍t,Tāi-pit
tāi-puē,玳瑁
tāi-puē-niau,玳瑁貓
tāi-póo,逮捕
tāi-pōo,代步
tāi-pōo-hūn,大部份
tāi-pún-iânn,大本營
tāi-put-tông,大不同
tāi-sài,大使
tāi-sài-kuán,大使館
tāi-sann,大三
tāi-se-iûnn,大西洋
tāi-sing,tāi-seng
tāi-sing,代先
tāi-sìng,大聖
tāi-sîng,大乘
tāi-sì,大四
tāi-sì,大勢
tāi-sià,大赦
tāi-siā,代謝
tāi-siau,代銷
tāi-sîn,大臣
tāi-siu,代收
tāi-suán,大選
tāi-suat,大雪
tāi-sòo,代數
tāi-su,代書
tāi-sú,大暑
tāi-sù,大肆
tāi-sù-ki,大肆機
tāi-sū,大事
tāi-tāi,代代
tāi-tánn,代打
tāi-tik,大德
tāi-ting-hông,大丁黃
tāi-thé,大體
tāi-thé-siāng,大體上
tāi-thè,代替
tāi-thò,大套
tāi-tì,大智
tāi-tián,大典
tāi-tián,大展
tāi-tiōng-hu,大丈夫
tāi-ti̍t,大直
tāi-tuan,大端
tāi-tuān,大段
tāi-tông,大同
tāi-tông-khu,大同區
tāi-to-sòo,大多數
tāi-uî,代為
tai-á,秪仔
tai-á-bí,秪仔米
tai-an-na,黛安娜
tainn,tainn
tak,觸
ta̍k-mi̍h,濁物
ta̍k,毒
ta̍k,逐
ta̍k,濁
ta̍k,獨
ta̍k-á-hî,碡仔魚
ta̍k-àm,逐暗
ta̍k-tsâng,逐叢
ta̍k-tsíng,逐種
ta̍k-tshù,逐次
ta̍k-ê,逐個
ta̍k-gue̍h,逐月
ta̍k-hāng,逐項
ta̍k-ji̍t,逐日
ta̍k-kang,逐工
ta̍k-ke,逐家
ta̍k-kò-gue̍h,逐個月
ta̍k-kuè,逐過
ta̍k-kok,逐國
ta̍k-kóo-gue̍h,逐個月
ta̍k-lâng,逐人
ta̍k-li̍t,逐日
ta̍k-nî,逐年
ta̍k-pái,逐擺
ta̍k-sann-tǹg,逐三頓
ta̍k-sik,逐色
ta̍k-sóo-tsāi,逐所在
ta̍k-tah,逐搭
ta̍k-tang,逐冬
ta̍k-tè,逐地
ta̍k-tè,逐塊
ta̍k-tiâu,逐條
ta̍k-uī,逐位
ta̍k-uī-tsáu,逐位走
tak-á,觸仔
tak-tshuì,觸嘴
tak-tsi̍h,觸舌
ta-ke,ta家
ta-ke,大家
ta-kè,凋疥
ta-ke-kuann,ta家官
ta-ke-kuann,大家官
ta-king,凋經
tak-gê,觸牙
ta-khe,礁溪
ta-khó,凋洘
ta-kho̍k,凋枯
ta-kho̍k-kho̍k,凋涸涸
ta-khok-khok,凋涸涸
ta-ki,凋枝
tak-kê,觸kê
tak-kha̍p,觸磕
tak-kháu,tak口
tak-kháu,觸口
tak-khê,觸椵
tak-khí,觸齒
tak-niú-á,觸鈕仔
ta-kuann,ta官
ta-kuann,大官
tak-siàu,觸數
tak-sǹg-puânn,觸算盤
tak-tê,觸蹄
tak-tînn,觸纏
tak-tio̍h,觸著
ta-lī,凋離
ta-lian,凋蔫
ta-liāu,凋料
tam,耽
tam,啖
tám,膽
tám-tshiú,膽手
tám-hàn,膽漢
tám-hân,膽寒
tám-hóng,膽訪
tám-kánn,膽敢
tám-li̍k,膽力
tám-lia̍k,膽略
tám-liāng,膽量
tám-lîm,膽淋
tám-lîm,膽碄
tám-tám,膽膽
tám-tì,膽智
tàm,站
tàm-sîn,頓神
tàm-suê,tàm垂
tàm-suê,頓垂
tàm-tàm,tàm-tàm
tàm-thâu,tàm頭
tàm-thâu,頓頭
tâm,淫
tâm,談
tâm,澹
tâm-âu,澹喉
tâm-tsiuh-tsiuh,tâm-chiuh-chiuh
tâm-tsiuh-tsiuh,澹啁啁
tâm-tsuí-tē,澹水地
tâm-hīnn,澹耳
tâm-kàu,談到
tâm-khí,談起
tâm-ki̍p,談及
tâm-kôo-kôo,澹糊糊
tâm-lok-lok,澹漉漉
tâm-lùn,澹潤
tâm-lūn,談論
tâm-uē,談話
tâm-phuànn,談判
tâm-sim,談心
tâm-sip,tâm濕
tâm-sip,澹濕
tâm-tâm,澹澹
tâm-tē,澹地
tâm-thàu--kuè,tâm透過
tâm-thòo,談吐
tâm-tih-tih,澹滴滴
tām,氮
tām-bông,淡忘
tām-tsng,淡妝
tām-tsuí,淡水
tām-tsuí-hô,淡水河
tām-tsuí-khu,淡水區
tām-tsuí-tìn,淡水鎮
tām-huà,淡化
tām-kang,淡江
tām-khì,氮氣
tām-n̂g,淡黃
tām-po̍h,淡泊
tām-po̍h,淡薄
tām-po̍h-á,淡薄仔
tām-po̍h-kú,淡薄久
tām-sám,啖糝
tām-tāi,淡大
tām-tik,淡竹
tam-tsi̍t-tshuì,啖一嘴
tam-tsuí,沾水
tam-gōo,耽誤
tam-huân,擔煩
tam-hong,坍方
tam-hū-khí,擔負起
tam-iu,擔憂
tam-jīm,擔任
tam-kà-tshn̂g,擔架床
tam-khuànn-bāi,啖看覓
tam-koh,耽擱
tam-niá,擔領
ta-mooh,凋瘼
ta-mooh-mooh,凋瘼瘼
tam-pó,擔保
tam-sîng,擔承
tam-sim,擔心
tam-sin-miā,擔身命
tam-su-iânn,擔輸贏
tam-tài,擔帶
tam-thap,坍塌
tam--tio̍h,嚐著
tam-tng,擔當
tann,tann
tan,丹
tan,仃
tann,今
tann,旦
tan,單
tann,擔
tan,癉
tánn,打
tán,等
tánn,膽
tánn-tsah,打chah
tánn-tsah,打扎
tánn-tsāi,膽在
tán--tse,等者
tán-tsê,等齊
tánn-tsíng,打整
tánn-tsian,打饘
tánn-tsiap,膽汁
tánn-tsiat,打折
tánn-tsiat-khàu,打折扣
tán-tsih,等接
tánn-tsînn,打錢
tánn-tsio̍h,膽石
tán-tsi̍t-ē,等一下
tánn-tsō,打坐
tánn-hān,打限
tánn-ha̍p,打合
tán-hāu,等候
tán-hê-uē,等回話
tánn-hiān,打現
tánn-hiān-kim,打現金
tánn-huat,打法
tánn-huat,打發
tánn-iû-kik,打游擊
tánn-jī,打字
tánn-jiáu,打擾
tánn-ji̍p,打入
tánn-kak,打角
tánn-káu,打狗
tán-kàu,等到
tánn-kik,打擊
tánn-kik-tsiá,打擊者
tánn-kik-lu̍t,打擊率
tánn-khah,打卡
tánn-khì,打氣
tán-khueh,等缺
tánn-kiānn,打件
tánn-kiap,打劫
tánn-kiat-tsio̍h,膽結石
tán-ki-huē,等機會
tánn-kuann-uē,打官話
tánn-kòo-sûn,膽固醇
tán-lâng,等人
tánn-li̍k,膽綠
tánn-lô,打撈
tán-lōo,等路
tánn-luî-tâi,打擂台
tánn-má-hué,打馬火
tánn-má-iû,打馬油
tánn-má-ka,打馬膠
tánn-mē,打罵
tánn-niau,打貓
tánn-pāi,打敗
tánn-pān,打扮
tánn-pān-tsò,打扮做
tánn-pau-phiò,打包票
tánn-pian-kóo,打邊鼓
tánn-sàu,打掃
tánn-sè,膽細
tánn-siau,打消
tánn-sǹg,打算
tánn-tàu,打鬥
tánn-thai,打胎
tán-thāi,等待
tánn-thàm,打探
tánn-thâu,膽頭
tánn-tì,膽智
tánn-tiám,打點
tánn-tia̍p,打揲
tánn-tia̍p,打疊
tánn-tó,打倒
tánn-tuān,打斷
tánn-tōng,打動
tánn-tóo,打賭
tànn,訂
tàn,蛋
tàn,誕
tànn,擔
tànn-á,擔仔
tànn-á-mī,擔仔麵
tàn-tsio̍h-thâu,掞石頭
tān-guān,但願
tàn-guān,但願
tàn-hiat-kak,tàn-hiat-kak
tàn-hiat-tiāu,tàn-hiat-tiau
tàn-hiat-tiu,tàn-hiat丟
tànn-kah,擔笚
tàn-kin,釘根
tàn-pi̍k-tsit,蛋白質
tàn-sak,tàn-sak
tàn-si̍k,旦夕
tàn-sing,誕生
tàn-sîn,誕辰
tànn-thâu,擔頭
tànn-thâu-tāng,擔頭重
tàn-tiāu,tàn掉
tàn-tiāu,掞掉
tàn-tiāu,擲掉
tânn,tânn
tân,tân
tân,亭
tân,陳
tân,彈
tân,霆
tânn,譚
tân-ap,彈壓
tân-bóo-lê,霆某螺
tân-tshâ,檀柴
tân-tsuí-lê,霆水螺
tân-hāi,彈劾
tân-hi̍k,彈劾
tân-hiong,檀香
tân-huê,彈回
tân-hông,彈簧
tân-io̍h-khòo,彈藥庫
tân-lê,tân螺
tân-li̍k,彈力
tân-luî,tân雷
tân-luî,霆雷
tân-luî-kong,霆雷公
tân-sìng,彈性
tân-tō,彈道
tānn,tānn
tānn,誕
tānn-ba̍k,tānn目
tānn-ba̍k,誕目
tānn-gōo,誕誤
tānn-jī,誕字
tānn-ke-kuann,大家官
tānn-kuè,tānn怪
tānn-lāu,tānn漏
tānn-lāu,誕漏
tānn-lī,tānn字
tānn-ngōo,tānn誤
tān-phe,佃批
tānn-pit,tānn筆
tānn-pit,誕筆
tān-sī,但是
tānn-sit,tānn失
tān-suànn,繵線
tān-su,但書
tann-bē-khí,擔bē起
tan-be̍h,丹麥
tann-tsik-jīm,擔責任
tann-tsik-sîng,擔責成
tan-tshia,單車
tann-tshoo,擔粗
tann-tsiah,tann-chiah
tann-tsiah,旦chiah
tann-tsiah,旦才
tann-tsiah,旦即
tan-tsio-tshiū,丹招樹
tann-tsuē,擔罪
tan-tsu,丹疽
tann-tsuí,擔水
tang,冬
tang,當
tang,鐺
táng-hiánn,懂哧
táng-sū,董事
táng-sū-huē,董事會
táng-sū-tiúnn,董事長
tàng,tàng
tàng,凍
tàng,當
tàng-ba̍k,瞪目
tàng-ba̍k-bué,tàng目尾
tàng-tsí,凍子
tàng-tsí,凍趾
tàng-lōo,凍露
tàng-sí,凍死
tàng-siong,凍傷
tàng-sng,凍酸
tàng-sng,凍霜
tàng-sng-á,凍霜仔
tàng-sng-kheh,凍霜客
tàng-sng-thinn,凍霜天
tâng,同
tâng,桐
tâng,童
tâng,筒
tâng,銅
ta-n̂g,凋黃
tâng-á,筒仔
tâng-bú,動武
tâng-tsáinn,銅指
tâng-tsê,同齊
tâng-tsê-kiânn,同齊行
tâng-tshenn,銅青
tâng-tshiám,銅鋟
tâng-tshiāng,銅像
tâng-tshiú,動手
tâng-tsí,童子
tâng-tsiáu,筒鳥
tâng-tsînn,銅錢
tâng-tsînn-kuah,銅錢剮
tâng-tsīnn,銅錢
tâng-hiong,同鄉
tâng-hông,銅hông
tâng-hông,銅磺
tâng-iû,桐油
tâng-iūnn,同樣
tâng-ki,童乩
tâng-kiànn-hî,銅鏡魚
tâng-kua,銅koa
tâng-kua,銅顆
tâng-kóng,銅管
tâng-kóng-á,銅管仔
tâng-lâng,銅人
tâng-li̍k,銅綠
tâng-lī-ûn,同字勻
tâng-lô,銅鑼
tâng-lô-khian,銅鑼圈
tâng-lui,銅鐳
tâng-mn̂g,同門
tâng-mn̂g--ê,同門的
tâng-mn̂g-tiūnn,同門丈
tâng-nî,同年
tâng-o,茼蒿
tâng-uann,同安
tâng-o-tshài,茼蒿菜
tâng-o̍h,同學
tâng-pâi,銅牌
tâng-pâng,同房
tâng-phuānn,同伴
tâng-sāi,同姒
tâng-si,銅絲
tâng-sî,同時
tâng-sian,銅sian
tâng-sián,銅錢
tâng-sim,同心
tâng-sin,童身
tâng-siōng,銅像
tâng-suànn,銅線
tâng-suànn-khîm,銅線琴
tâng-suànn-phe,銅線批
tâng-thiāu,同柱
tâng-thiāu,同祧
tâng-tiánn,銅鼎
tâng-tôo,同途
tâng-u̍t,銅鷸
tāng,重
tāng,動
tāng-âng,重紅
tāng-bîn,重眠
tāng-bū,重霧
tāng-tshenn,重青
tāng-tshìn,重秤
tāng-tshiú,重手
tāng-tshiú,動手
tāng-tshiú-mn̂g,重手門
tāng-tshiú-thâu,重手頭
tāng-tshoo-huat,動粗法
tāng-tsuē,重罪
tāng-hà,重孝
tāng-hîng,重刑
tāng-hī,重耳
tāng-hīnn,重耳
tāng-huainnh-huainnh,重頦頦
tāng-hua̍t,重罰
tāng-innh-innh,重盈盈
tāng-io̍h,重藥
tāng-jia̍t,重熱
tāng-jīm,重任
tāng-kang,動工
tāng-ka-pi,重咖啡
tāng-kha-tshiú,重腳手
tāng-kha-tshiú,動腳手
tāng-kha-tshng,重尻川
tāng-khang-khuè,重工課
tāng-khang-khuè,重空課
tāng-khin-thâu,重輕頭
tāng-khi-pîng,重攲爿
tāng-khi-pîng,重敧爿
tāng-khuì,重氣
tāng-ko-pi,扎咖啡
tāng-kóo-ga̍k,動鼓樂
tāng-kûn-thâu,動拳頭
tāng-kut,重骨
tāng-lāi,重利
tāng-lâm,重藍
tāng-lī,重利
tāng-liāng,重量
tāng-n̂g,重黃
tāng-pēnn,重病
tāng-pit,動筆
tāng-pún,重本
tāng-siann,重聲
tāng-sin,重身
tāng-siong,重傷
tāng-suè,重稅
tāng-tànn,重擔
tāng-tauh,重篤
tāng-thai-sîn,動胎神
tāng-thâu-hì,重頭戲
tāng-thâu-khin,重頭輕
tāng-thìm-thìm,重thìm-thìm
tāng-thóo,動土
tāng-thuī-thuī,重墜墜
tāng--tio̍h,動著
tang-a,東亞
tan-gán-phuê,單眼皮
tang-au,東歐
tang-bué,冬尾
tang-bué-thinn,冬尾天
tang-tseh,冬節
tang-tshài,冬菜
tang-tshenn,冬青
tang-tshiú-su̍t,動手術
tang-tshiúnn,東廠
tang-tsì,冬至
tang-tsìn,東進
tang-tsio̍h,東石
tang-guân,東元
tang-hái,東海
tang-hái-huānn,東海岸
tang-hio̍h-tshiū,冬葉樹
tang-hng,東方
tang-hô,東河
tang-huâ,東華
tang-huānn,東岸
tang-hong,東風
tang-hong-lâng,東方人
tang-hún,冬粉
tang-ín,東引
tang-iûnn,東洋
tang-káng,東港
tang-káng-pe̍h,東港白
tang-khu,東區
tang-kiann,東京
tang-kue,冬瓜
tang-kue-liāu,冬瓜料
tang-koo,冬菇
tang-lâm,東南
tang-lâm-a,東南亞
tang-lâm-hong,東南方
tang-lâm-hong,東南風
tang-lâm-khu,東南區
tang-lâm-pōo,東南部
tang-mn̂g,東門
tang-ngôo,東吳
tan-guân,單元
tan-gue̍h,單月
tang-pak,東北
tang-pak-a,東北亞
tang-pak-hong,東北方
tang-pak-kak,東北角
tang-pak-pōo,東北部
tang-peh-lîm,東柏林
tang-pîng,東旁
tang-pōo,東部
tang-sai,東西
tang-sì,東勢
tang--sì,東勢
tang-sî,tang時
tang-sî,東時
tang-sî,當時
tang-suànn,東線
tang-sún,冬筍
tang-tik,東德
tang-thâu,冬頭
tang-thinn,冬天
tan-hāng,單項
tan-hîng,單行
tan-hîng-tō,單行道
tann-hó-à,tann好啊
tan-hong,單方
tan-hong-bīn,單方面
tann-hū,擔負
tan-im,單音
tan-it,單一
tan-jī,單字
tan-ji̍t,單日
tann-kang,擔工
tan-kè,單價
tann-king,擔肩
tan-kì,單據
tan-kǹg,單槓
tan-kuì,丹桂
tan-nî-ní,丹尼爾
tan-pán-kiô,單板橋
tan-sik,單色
tan-sin,單身
tann-sîn,擔承
tan-sua,丹痧
tan-suànn,單線
tan-sòo,單數
tan-sûn,單純
tan-sûn-khuân,單循環
tan-tan,單單
tan-tánn,單打
tann-tànn,擔擔
tann-teh,擔teh
tan-ting,單丁
tann-thâu,tann頭
tann-thâu,瞻頭
tan-tiân,丹田
tan-tiâu,單條
tan-tiāu,單調
tan-to̍k,丹毒
tan-to̍k,單獨
tan-uī,單位
ta-uâ,奈何
ta-ue,凋椏
tap,tap
tap,答
ta̍p-tshing-tsiat,踏青節
ta̍p-ta̍p-tih,沓沓滴
ta̍p-tih,沓滴
tap-àn,答案
tap-tshuì,答嘴
tap-tshuì-kóo,答嘴鼓
tap-ìng,答應
tap-guān,答願
ta-phí-phí,礁疕疕
tap-hok,答覆
tap-ho̍k,答復
tap-ín,答允
ta-pit,凋必
tap--lâng,答人
tap-lé,答禮
tap-lo̍k-ki,答錄機
tap-uē,答話
ta-poo,ta埔
ta-poo,查埔
ta-póo-póo,凋脯脯
ta-pôo,凋脯
ta-poo-kiánn,查埔囝
ta-poo-lâng,查埔人
tap-piān,答辯
tap-si,答詩
tap-siā,答謝
tap-sû,答辭
tap-tái,沓滓
ta-sán,乾瘦
ta-sang,凋鬆
ta-sang,乾鬆
ta-sàu,凋嗽
ta-sé,乾洗
ta--sí,乾死
ta-sián,凋癬
ta-sim,凋心
ta-sin,凋身
ta-sò,凋燥
ta-sò,乾燥
ta-sò-jia̍t,凋燥熱
ta-sò-ki,乾燥機
ta-sò-sò,凋燥燥
ta-sò-sò,乾燥燥
ta-sò-sò,礁燥燥
ta̍t,值
ta̍t,笪
ta̍t,達
ta̍t,噠
ta̍t-á,笛仔
ta̍t-tsînn,值錢
ta̍t-ì,達意
ta̍t-kàu,達到
ta̍t-kuan,達觀
ta̍t-lá-su,達拉斯
ta̍t-lāi,達賴
ta̍t-lí,達理
ta̍t-môo,達摩
ta̍t-pô,達婆
ta̍t-sîng,達成
ta̍t-tiò,達著
ta̍t-tit,值得
ta̍t-tit-khuànn,值得看
ta-ta-kiò,誻誻叫
ta-tīng,凋碇
ta-tīng,乾tīng
ta-thuànn,凋炭
ta-tiú,奓肘
ta-tiú,凋肘
tat-kí,妲己
tau,兜
táu,斗
táu,搗
táu-tshia,倒車
táu-tshìn-tshioh,斗稱尺
táu-hong,斗方
táu-kia̍h,斗拱
táu-kin,táu根
táu-la̍k,斗六
táu-la̍k-tshī,斗六市
táu-lâm,斗南
táu-láng,斗籠
táu-le̍h,斗笠
táu-liú,斗鈕
táu-lo̍k,斗鹿
táu-lōo-tsām,倒路站
táu-uānn,倒換
táu-pâi,搗牌
táu-tuà,倒帶
tàu,鬥
tàu,晝
tàu,罩
tàu-bē-ha̍h,鬥bē合
tàu-bē-tiâu,鬥bē-tiâu
tàu-bíng,鬥猛
tàu-bô-îng,鬥無閒
tàu-bôo,鬥謀
tàu-tsàn,鬥贊
tàu-tsàn-tshiú,鬥贊手
tàu-tsàn-tsōo,鬥贊助
tàu-tsān-tshuì,鬥贊嘴
tàu-tsān-kûn,鬥贊拳
tàu-tsáu,鬥走
-ê,鬥濟
tàu-tsing,鬥爭
tàu-tsham,鬥參
tàu-tshap,鬥插
tàu-tshiu,鬥鬚
tàu-tshiú,鬥手
tàu-tshut-pōo,鬥出步
tàu-tsì,鬥志
tàu-tsiok,鬥足
tàu-tsi̍t-kha,鬥一腳
tàu-tsò-hué,鬥做夥
tàu-tsō-huà,鬥造化
tàu-ē-bā,鬥會峇
tàu-gia̍h,鬥額
tàu-gia̍h-siàu,鬥額數
tàu-gû,鬥牛
tàu-huat,鬥法
tàu-hué,鬥伙
tàu-hué-kì,鬥夥計
tàu-hóo-tshiu,鬥虎鬚
tàu-hūn,鬥分
tàu-hūn,鬥份
tàu-iânn,鬥贏
tàu-înn-oo,鬥圓弧
tàu-kâu,鬥猴
tàu-kīng,鬥勁
tàu-kīng,鬥揵
tàu-kha,鬥腳
tàu-kha-tshiú,鬥腳手
tàu-khang,鬥空
tàu-kháu,鬥口
tàu-khè-hiann,鬥契兄
tàu-kuah,鬥括
tàu-kóng,鬥講
tàu-kóng-uē,鬥講話
tàu-kóo,鬥股
tàu-kù,鬥句
tàu-kui-phâng,鬥規篷
tàu-kui-tù,鬥規注
tàu-la̍t,鬥力
tàu-lâu,鬥流
tàu-lāu-jia̍t,鬥鬧熱
tàu-liú,鬥紐
tàu-liú,鬥鈕
tàu-uá,鬥倚
tàu-uánn-gia̍h,鬥碗額
tàu-uē,鬥話
tàu-uē-sún,鬥話榫
tàu-oo-ián,鬥奧援
tàu-pái,鬥擺
tàu-pang,鬥幫
tàu-pang-tsān,鬥幫贈
tàu-pang-tsān,鬥幫贊
tàu-phuānn,鬥伴
tàu-phuānn-tuânn,鬥伴壇
tàu-pînn,鬥棚
tàu-sann-kāng,鬥參仝
tàu-sann-kāng,鬥參共
tàu-siang-pang,鬥相幫
tàu-sian-huat,鬥仙法
tàu-sim-sik,鬥心適
tàu-sio-kāng,鬥相仝
tàu-sio-kāng,鬥相共
tàu-sio-pò,鬥相報
tàu-sio-sè,鬥相賽
tàu-sit,鬥穡
tàu-suè,鬥賽
tàu-sū,鬥士
tàu-tah,鬥搭
tàu-tánn,鬥膽
tàu-té,到底
tàu-té-kioh,鬥短腳
tàu-thâu,鬥頭
tàu-tí,到底
tàu-tīn,鬥陣
tàu-tīn-ê,鬥陣個
tàu-tīn-kiânn,鬥陣行
tàu-tóng,鬥黨
tàu-tú-siàu,鬥tú數
tàu-tui,鬥堆
tàu-tuì,鬥對
tâu,投
tâu-á,骰仔
tâu-á-hîng,骰仔形
tâu-á-hue,骰仔花
tâu-àn,投案
tâu-bāng,投網
tâu-tshiú,投手
tâu-tsio̍h,投石
tâu-tsu,投資
tâu-tsù,投注
tâu-tsuí,投水
tâu-tsu-jîn,投資人
tâu-hâng,投降
tâu-ha̍p,投合
tâu-hāu,投效
tâu-hiâm,投嫌
tâu-ji̍p,投入
tâu-káu,骰九
tâu-khó,投考
tâu-khò,投靠
tâu-khóo,投苦
tâu-ki,投機
tâu-kiû,投球
tâu-kó,投稿
tâu-kò,投告
tâu-kun,投軍
tâu--lâng,投人
tâu-nâ,投籃
tâu-uē,投話
tâu-phiò,投票
tâu-phiò-sóo,投票所
tâu-phun,投奔
tâu-pio,投標
tâu-pó,投保
tâu-sîng,投誠
tâu-siā,投射
tâu-sin,投身
tâu-siok,投宿
tâu-sòo,投訴
tâu-su,投書
tâu-thai,投胎
tāu,豆
tāu,脰
tāu,逗
tāu-á,豆仔
tāu-á-tsî,豆仔薯
tāu-á-tsiáu,豆仔鳥
tāu-á-hî,豆仔魚
tāu-á-hu,豆仔麩
tāu-á-iû,豆仔油
tāu-á-kó,豆仔稿
tāu-á-thâng,豆仔蟲
tāu-ānn,豆餡
tāu-tse-liû,豆渣瘤
tāu-tsìng,痘症
tāu-tshài,豆菜
tāu-tshài-gê,豆菜芽
tāu-tshài-té,豆菜底
tāu-tshenn,豆青
tāu-tshiam,豆簽
tāu-tshiam,豆籤
tāu-tshng,痘瘡
tāu-tsî,豆薯
tāu-tsiunn,豆漿
tāu-tsiùnn,豆醬
tāu-tsiùnn-phe,豆醬醅
tāu-tsiùnn-pôo,豆醬pôo
tāu-gān,豆雁
tāu-gê,豆芽
tāu-hāng,脰項
tāu-hue,豆花
tāu-hue-tsuâ,豆花蛇
tāu-hóo,豆虎
tāu-hū,豆腐
tāu-hū-tsìnn,豆腐糋
tāu-hū-hue,豆腐花
tāu-hū-phuê,豆腐皮
tāu-hū-sua,豆腐鯊
tāu-iû,豆油
tāu-iû-tiàm,豆油店
tāu-jia̍t-tsìng,痘熱症
tāu-jîn,豆仁
tāu-jîn-li̍k,豆仁綠
tāu-jú,豆乳
tāu-khak,豆殼
tāu-khoo,豆箍
tāu-khòo,豆蔻
tāu-kiâm,豆鹹
tāu-kó,豆稿
tāu-kuáinn,豆稈
tāu-kuann,豆干
tāu-kuann-tsìnn,豆干糋
tāu-kueh,豆莢
tāu-ling,豆奶
tāu-liāu,豆料
tāu-lîn-li̍k,豆仁綠
tāu-lú,豆乳
tāu-luī,豆類
tāu-ngeh,豆莢
tāu-ni,豆奶
tāu-phuê,豆皮
tāu-phoh,豆粕
tāu-phoo,豆麩
tāu-piánn,豆餅
tāu-pôo,豆pô
tāu-pôo,豆苞
tāu-pôo,豆酺
tāu-se,豆沙
tāu-sīnn,豆sīnn
tāu-sīnn,豆豉
tāu-sīnn-pôo,豆豉苞
tāu-sīnn-pôo,豆豉酺
tāu-tānn,豆鹹
tāu-thâu,豆頭
tāu-tiānn,豆定
tauh,tauh
tauh,罩
tauh,篤
ta̍uh,沓
ta̍uh,瀆
ta̍uh-ta̍uh,ta̍uh-ta̍uh
ta̍uh-ta̍uh,沓沓
ta̍uh-ta̍uh-á,沓沓仔
ta̍uh-ta̍uh-kóng,沓沓講
ta̍uh-ta̍uh-lâi,tua̍h-ta̍uh來
ta̍uh-ta̍uh-lâi,沓沓來
tauh-á,tauh仔
tauh-liú,tauh紐
tau-kinn,兜羹
tau-kòo-kheh,兜顧客
tau-lîng,兜鈴
tau-liû,兜留
tau-uá,兜倚
tau-sau,兜捎
tau-sau,兜梢
tau-su,兜私
tau-tah,兜搭
tau-thâng,兜蟲
tau-tiâu,兜tiâu
tau--tiâu,兜tiâu
te,氐
te,低
té,té
té,底
té,柢
té,垛
té,短
té,貯
té-bue̍h-á,短襪仔
té-bûn,短文
té-tsân,底層
té-tsè,抵制
té-tshìng,短銃
té-tsiam,短針
té-tsi̍h-kin,短舌根
té-tsō,底座
té-tsuí,貯水
té-hān,底限
té-hē,底系
té-huat,短髮
té-huè-siū,短歲壽
té--ji̍p,貯入
té-kang,短工
té-kè,底價
té-khǹg,貯khǹg
té-khòng,抵抗
té-khòo,短褲
té-khòo-á,短褲仔
té-kî,短期
té-kioh,短腳
té-kio̍k,短劇
té-kó,底稿
té-kok,帝國
té-lí,底裡
té-lí,短理
té-lōo,短路
té-mê,貯糜
té-miā,短命
té-muâi,貯糜
té-ńg,短-示
té-ńg,短
té-phìnn,底片
té-pho,短波
té-pinn,底邊
té-pn̄g,té飯
té-pn̄g,貯飯
té-puânn,底盤
té-pōo,底部
té-pùn,底糞
té-sann,底衫
té-sann,垛衫
té-sann,短衫
té-sè,底細
té-sî-kan,短時間
té-siau,短銷
té-siau-huè,短銷貨
té-sin,底薪
té-sió,短小
té-suànn,底線
té-suànn,短線
té-ta̍h,底踏
té-thâu,底頭
té-thóng,抵統
té-thôo,底土
té-tì,底tì
té-tì,底柢
té-tì,底置
té-tì,底蒂
té-tì-tsāi,底蒂在
té-tì-kāu,底柢厚
té-tīnn,貯淀
té-tioh,底挓
té-to,短刀
té-tun,短墩
tè,tè
tè,帝
tè,帶
tè,滯
tè-ám,滯ám
tè-tsè,帝制
tè-tsing,帝鐘
tè-tsìng-lâng,tè眾人
tè-tsīng,遞增
tè-tshē,tè-tshē
tè-tshia,tè車
tè-tshuì,tè嘴
tè-tshuì-bué,tè嘴尾
tè-tsō,締造
tè-tsûn,tè船
tè-ē-tio̍h,tè會著
tè-iok,締約
tè-iok-kok,締約國
tè-iūnn,tè樣
tè-jīm,戴任
tè-kha-āu,tè-kha後
tè-kiânn,tè時
tè-kun,帝君
tè-lâng-iūnn,tè人樣
tè-lâu-tsuí,tè流水
tè-ông,帝王
tè-pan,tè班
tè-siann,tè聲
tè-ta,滯凋
tè--tio̍h,tè著
tê,茶
tê,蹄
tê,題
tê-á-tsî,苧仔薯
tê-á-sann,苧仔衫
tê-au,茶甌
tê-ba̍k,題目
tê-bí,茶米
tê-bí-tsháu,茶米草
tê-bí-phoh,茶米粕
tê-bí-tê,茶米茶
tê-bí-tiàm,茶米店
tê-bué,茶尾
tê-bo̍k,題目
tê-tsâi,題材
tê-tsâng,茶叢
tê-tsâng,茶欉
tê-tsing,茶盅
tê-tship,茶咠
tê-tshiū,茶樹
tê-tsiáu,蹄鳥
tê-tsînn,題錢
tê-tsiú,茶酒
tê-tsuí,茶水
tê-tsún,茶隼
tê-tsûn,茶船
tê-gia̍p,茶業
tê-gîn,題銀
tê-hâng,茶行
tê-hio̍h,茶葉
tê-hio̍h-tshiū,茶葉樹
tê-hn̂g,茶園
tê-hue,茶花
tê-huē,茶會
tê-iân,題捐
tê-iân,題緣
tê-ínn,茶芛
tê-iû,茶油
tê-jī,題字
tê-káu,茶垢
tê-khoo,茶箍
tê-khoo-hún,茶箍粉
tê-khū,茶具
tê-ki,茶枝
tê-kí-á,茶几仔
tê-kuán,茶館
tê-kuàn,茶罐
tê-kuan-gîn,題捐銀
tê-kóo,茶鈷
tê-kóo,茶鹽
tê-kū,茶具
tê-lân,茶蘭
tê-li̍k,茶綠
tê-liō,茶尿
tê-miā,題名
tê-uānn,兌換
tê-uē-huē,茶話會
tê-ôo,茶壺
tê-pân,茶瓶
tê-pan-tsuâ,茶斑蛇
tê-pâng,茶房
tê-phuè,茶配
tê-piánn,茶餅
tê-piánn-huē,茶餅會
tê-pînn,茶棚
tê-puânn,茶盤
tê-pue,茶杯
tê-sé,茶洗
tê-sik,茶色
tê-sik,茶室
tê-si,題詩
tê-sî-hông,茶匙hông
tê-sim,茶心
tê-sim-phoh,茶心粕
tê-sim-tê,茶心茶
tê-siū,茶siū
tê-sū,題辭
tê-tái,茶滓
tê-thâng,茶蟲
tê-thuann,茶攤
tê-tiàm-á,茶店仔
tê-tō,茶道
tê-toh,茶桌
tê-toh-á,茶桌仔
tē,代
tē,地
tē,弟
tē,袋
tē-á,tē仔
tē-á,袋仔
tē-á-suànn,苧仔線
tē-á-soh,苧仔索
tē-bîng,締盟
tē-bí-tshài,地米菜
tē-bīn,地面
tē-bīn-tíng,地面頂
tē-bûn-tong,地門冬
tē-tsām-thâu,地斬頭
tē-tsân,地層
tē-tsi̍k-tôo,地籍圖
tē-tsìng,地政
tē-tshí,地鼠
tē-tshí,袋鼠
tē-tshìn,地秤
tē-tshù,地處
tē-tsi,地支
tē-tsí,地址
tē-tsian,地氈
tē-tsînn,tē錢
tē-tsit,地質
tē-tsng,袋裝
tē-tsông-ông,地藏王
tē-tsoo,地租
tē-tsú,地主
tē-tsú,弟子
tē-tsú-kok,地主國
tē-ē,地下
tē-ga̍k,地獄
tē-gi̍k,地獄
tē-giâ-kang,地蜈蚣
tē-hā,地下
tē-hā-pōng,地下磅
tē-hā-sik,地下室
tē-hā-thih,地下鐵
tē-hā-tō,地下道
tē-hām,地陷
tē-hām-kha,地陷腳
tē-hi̍k,地域
tē-hîng,地形
tē-hia̍t,地穴
tē-hng,地方
tē-hng-khiunn,地方腔
tē-hō,地號
tē-hō-miâ,地號名
tē-hong,地方
tē-hong-sìng,地方性
tē-hú,地府
tē-hū,弟婦
tē-hū-á,弟婦仔
tē-i,地衣
tē-iân,地緣
tē-io,地腰
tē-it,第一
tē-it-tsió,第一少
tē-it-hó,第一好
tē-it-pái,第一擺
tē-it-suànn,第一線
tē-jī,第二
tē-jī-nî,第二年
tē-jia̍t,地熱
tē-kái,遞解
tē-kài,地界
tē-kau,遞交
tē-kè,地價
tē-khak,地殼
tē-khè,地契
tē-khì,地氣
tē-khu,地區
tē-ki,地基
tē-kiám,遞減
tē-kiap,地峽
tē-kiat,締結
tē-ki-tsio̍h,地基石
tē-ki-tsú,地基主
tē-ki-kha,地基腳
tē-kín,地蚓
tē-kiong,袋恭
tē-kiû,地球
tē-kuân,地權
tē-kuí,第幾
tē-kuí-tsiat,第幾節
tē-kuî,地葵
tē-kùn,地棍
tē-kut,地骨
tē-kut-phî,地骨皮
tē-la̍k-kám,第六感
tē-lí,地理
tē-lí-sian,地理先
tē-lī,地利
tē-lô,地牢
tē-luî,地雷
tē-miâ,地名
tē-n̂g-pôo,地黃蒲
tē-ôo,茶壺
tē-pán,地板
tē-pīng-suànn,地平線
tē-phuê,地皮
tē-piáu,地表
tē-pió,袋錶
tē-puânn,地盤
tē-pōng,地磅
tē-póo,遞補
tē-pōo,地步
tē-pùn,袋糞
tē-sán,地產
tē-sann-tsiá,第三者
tē-sàng,遞送
tē-sì,地勢
tē-sim,地心
tē-suè,地稅
tē-tài,地帶
tē-tánn-tsháu,地膽草
tē-tāng,地動
tē-ting,地丁
tē-thán,地毯
tē-thâu,地頭
tē-thâu-tsuâ,地頭蛇
tē-thóo,地土
tē-thôo,袋土
tē-tiám,地點
tē-tiong-hái,地中海
tē-tiûnn,地場
tē-tō,地道
tē-tuān,地段
tē-tuānn,地段
tē-tôo,地圖
tē-uī,地位
te-tshiok,牴觸
teh,teh
teh-beh,teh-beh
teh-bô-îng,teh無閒
teh-bueh,teh-beh
teh-bōng-tsuá,teh墓紙
teh-tsuá,矺紙
teh-hāi-khi,teh壞去
teh-hué,矺火
teh-ìn-á,矺印仔
teh-khì,teh氣
teh-ki,teh枝
teh-ki,矺枝
teh-kiann,teh驚
teh-kiann,矺驚
teh-koo-oo,矺孤烏
teh-koo-tù,矺孤注
teh-lé,teh禮
teh-lián-pó,teh-lián寶
teh-lián-pó,矺撚寶
teh--lo̍h,壓落
teh-nî,teh年
teh-nî,矺年
teh-nî-tsînn,矺年錢
teh-ue,teh-oe
teh-phuà,teh破
teh-pínn,teh扁
teh-pó,矺寶
teh-sàu,teh嗽
teh-sàu,矺嗽
teh-sí,teh死
teh-sí,矺死
teh-sí-lâng,teh死人
teh-tāng,teh重
teh-tāng,矺重
teh-tê-au,teh茶／
teh-tê-puânn,teh茶盤
teh-tē-kim,teh地金
teh-thâm,矺痰
teh-tiānn,teh定
teh--tio̍h,teh著
teh-tó--khì,teh倒去
teh-tù,矺注
te-iû-phoh,豬油粕
tik,竹
tik,德
ti̍k,狄
ti̍k,特
ti̍k,軸
ti̍k,翟
ti̍k,敵
ti̍k-á,軸仔
ti̍k-bē,特賣
ti̍k-bīng,特命
ti̍k-bū,特務
ti̍k-tsîng,敵情
ti̍k-tshing,狄青
ti̍k-tshiú,敵手
ti̍k-tshut,特出
ti̍k-tsióng,特種
ti̍k-tsióng,特獎
ti̍k-tsit,特質
ti̍k-tsún,特准
ti̍k-hāu,特效
ti̍k-hāu-io̍h,特效藥
ti̍k-hiō,敵後
ti̍k-huà,迪化
ti̍k-hong,敵方
ti̍k-hú,特許
ti̍k-ì,特異
ti̍k-ì,特意
ti̍k-ì,敵意
ti̍k-ì-sìng,特異性
ti̍k-iânn,敵營
ti̍k-iok,特約
ti̍k-iu,特優
ti̍k-iú,特有
ti̍k-iú--ê,特有的
ti̍k-jîn,敵人
ti̍k-kè,特價
ti̍k-khan,特刊
ti̍k-khu,特區
ti̍k-ki,特技
ti̍k-ki,敵機
ti̍k-kî,擇期
ti̍k-kip,特急
ti̍k-kip,特級
ti̍k-kuân,特權
ti̍k-kong-tuī,特攻隊
ti̍k-kun,敵軍
ti̍k-lân,澤蘭
ti̍k-lē,特例
ti̍k-phài,特派
ti̍k-phài-uân,特派員
ti̍k-pia̍t,特別
ti̍k-pia̍t-huat,特別法
ti̍k-pô,擇婆
ti̍k-sài,特使
ti̍k-sán,特產
ti̍k-sik,特色
ti̍k-sìng,特性
ti̍k-sī,敵視
ti̍k-sià,特赦
ti̍k-sià,澤瀉
ti̍k-sû,特殊
ti̍k-sû-sìng,特殊性
ti̍k-ting,特徵
ti̍k-tíng,特等
ti̍k-tīng,特定
ti̍k-tiám,特點
ti̍k-tióng,特長
ti̍k-tuā,特大
ti̍k-tuì,敵對
tik-á,竹仔
tik-á-tshài,竹仔菜
tik-á-tsháu,竹仔草
tik-á-hio̍h,竹仔葉
tik-á-ki,竹仔枝
tik-ba̍k,竹目
tik-bé,竹馬
tik-bi̍h,竹篾
tik-bi̍h-sai,竹篾師
tik-bîn-sim,得民心
tik-bôo,竹模
tik-tsâi,得財
tik-tsat-hông,竹節黃
tik-tsat-thâng,竹節蟲
tik-tsìng,德政
tik-tshàm,竹塹
tik-tshíng,竹筅
tik-tshìng,竹銃
tik-tshí,竹鼠
tik-tshio̍h,竹蓆
tik-tshiok,竹雀
tik-tshuè,竹撮
tik-tshuê,竹箠
tik-tsì,得志
tik-tsiam,竹尖
tik-tsiáu,竹鳥
tik-tsìnn,竹箭
tik-tsit-pue,竹節杯
tik-tsuē,得罪
tik-tsuē-lâng,得罪人
tik-gî,得宜
tik-gím,竹錦
tik-ha̍h,竹ha̍h
tik-ha̍h,竹箬
tik-ha̍h-lue̍h,竹匣笠
tik-ham,竹蚶
tik-hīng,德行
tik-hî,竹魚
tik-hio̍h,竹葉
tik-hio̍h-tsháu,竹葉草
tik-hio̍h-tshenn,竹葉青
tik-hio̍h-tsio,竹葉椒
tik-hio̍h-lâm,竹葉楠
tik-hio̍h-lân,竹葉蘭
tik-hio̍h-liân,竹葉鰱
tik-hio̍h-un,竹葉un
te-khong,低空
tik-hu-jîn,竹夫人
tik-í,竹椅
tik-ì,得意
tik-iau,摘要
tik-io̍k,德育
tik-jī-nn̂g,竹膩瓤
tik-jîn-sim,得人心
tik-kah,竹甲
tik-ke,竹雞
tik-ke-á,竹雞仔
tik-khah,竹籗
tik-khak,的確
tik-ki,竹枝
tik-kí,竹杞
tik-kiō,竹轎
tik-ko,竹篙
tik-ko-á,竹篙仔
tik-kuann,竹竿
tik-kuat,得訣
tik-ko-tshe,竹篙叉
tik-ko-hî,竹篙魚
tik-kok,德國
tik-kok-lâng,德國人
tik-ko-kue,竹篙瓜
tik-ko-kuí,竹篙鬼
tik-kong,德光
tik-kóng,竹管
tik-kóng-á,竹管仔
tik-kóng-bâ,竹管狸
tik-kóng-tshìng,竹管銃
tik-kóng-muâ,竹管鰻
tik-ko-phiò,竹篙票
tik-ko-senn,竹篙生
tik-ko-siû,竹篙泅
tik-ko-thâu,竹篙頭
tik-kun,德軍
tik-kùn-á,竹棍仔
tik-lâm,竹南
tik-lang,竹蘢
tik-láng,竹籠
tik-līng,飭令
tik-ling-tsi,竹靈芝
tik-lí,德里
tik-lî-á,竹籬仔
tik-liâm,竹簾
tik-lîm,竹林
tik-lîm-tsiáu,竹林鳥
tik-lua̍h,竹埒
tik-lóo,竹簍
tik-nâ,竹林
tik-nâ,竹籃
tik-ngóo,竹午
tik-ue,竹椏
tik-oo-lân,德黑蘭
tik-pâi,竹排
tik-pâi-á,竹排仔
tik-pak,竹北
tik-pán,竹板
tik-peh,竹柏
tik-pîng,竹爿
tik-phō,竹篰
tik-san,竹山
tik-sàu,竹掃
tik-sàu-tshiú,竹掃帚
tik-se,竹梳
tik-se,竹紗
tik-sìng,德性
tik-sim,得心
tik-sìnn,竹扇
tik-sit,得失
tik-si̍t,的實
tik-su-khó,迪斯可
tik-sún,竹筍
tik-tann,竹擔
tik-tang,竹東
tik-than,竹蟶
tik-thn̄g,竹杖
tik-thô,竹桃
tik-tī,竹箸
tik-tiānn,得定
tik-tiong,得中
tik-to,竹刀
tik-uî,竹圍
te-lîng-jî,低能兒
tènn,tènn
tènn-ba̍k,盯目
tènn-tshìn-tshiò,棖凊笑
tènn-tshiò-bīn,棖笑面
tènn-khùn,棖睏
tènn-la̍t,盯力
tènn-la̍t,棖力
tènn-sái,棖屎
tènn-sí,棖死
tènn-siáu,棖痟
tènn-sip-sip,棖濕濕
tènn-tīng-sái,棖碇屎
tènn-tiām-tiām,棖恬恬
tênn,tênn
tênn-ân,tēnn-ân
tēnn--leh,tēnn--leh
tēnn-sîng-kong,鄭成功
tēnn-tuà,鄭帶
ting,丁
ting,叮
ting,疔
ting,釘
ting,徵
ting,燈
tíng,頂
tíng,戥
tíng-á,戥仔
tíng-á-gî,戥仔儀
tíng-ba̍k-ham,頂目蚶
tíng-ba̍k-ham,頂目睅
tíng-ba̍k-phuê,頂目皮
tíng-bīn,頂面
tíng-tsân,頂層
tíng-tshiú,頂手
tíng-tshiú,頂首
tíng-tshù,頂厝
tíng-tshut,頂出
tíng-tshut-sì,頂出世
tíng-tsiam,頂尖
tíng-tsin,頂真
tíng-tsi̍t-li̍t,頂一日
tíng-tsi̍t-siann,頂一聲
tíng-ē,頂下
tíng-ē-ûn,頂下勻
tíng-gue̍h,頂月
tíng-gue̍h-ji̍t,頂月日
tíng-go̍k,頂顎
tíng-ham,頂頷
tíng-hó,頂好
tíng-hō,等號
tíng-huê,頂回
tíng-ho̍k,頂楅
tíng-hun,等分
tíng-î,等於
tíng-iân,頂椽
tíng-jīm,頂任
tíng-ji̍t,頂日
tíng-ji̍t-á,頂日仔
tíng-kái,頂改
tíng-kang,頂工
tíng-káng,頂港
tíng-keh,頂格
tíng-kha,頂腳
tíng-kip,等級
tíng-ko,等高
tíng-kò-gueh,頂個月
tíng-kò-gue̍h,頂個月
tíng-kuè,頂過
tíng-kong-á,戥公仔
tíng-kong-kut,頂肱骨
tíng-kuí-nā,頂幾若
tíng-lâu,頂樓
tíng-līm,頂任
tíng-li̍t,頂日
tíng-lo̍h,頂落
tíng-nî,頂年
tíng-pái,頂擺
tíng-pak,頂腹
tíng-pang,頂幫
tíng-pâng,頂房
tíng-pì,頂臂
tíng-puànn-ji̍t,頂半日
tíng-puànn-kang,頂半工
tíng-puànn-li̍t,頂半日
tíng-puànn-mê,頂半暝
tíng-puànn-poo,頂半晡
tíng-puànn-sin,頂半身
tíng-puânn,頂盤
tíng-puè,頂輩
tíng-poo,頂晡
tíng-sik-huè,頂色貨
tíng-si,頂司
tíng-sì,頂世
tíng-sì-hong,頂勢風
tíng-sì-lâng,頂世人
tíng-siāng,頂上
tíng-sin,頂身
tíng-sûn,頂旬
tíng-tài,頂戴
tíng-tāi,頂代
tíng-tang,頂冬
tíng-táu,頂斗
tíng-tàu,頂晝
tíng-tē,等第
tíng-tíng,等等
tíng-thâu,頂頭
tíng-thuí,頂腿
tíng-tiám,頂點
tíng-tuan,頂端
tíng-tûn,頂唇
tíng-tûn-tshiu,頂唇鬚
tíng-uī,頂位
tíng-ûn,頂勻
tìng,tìng
tìng,中
tìng-ba̍k,盯目
tìng-ba̍k-tsiu,叮目睭
tìng-tsè,訂製
tìng-tsìng,訂正
tìng-tshìn-á,釘秤仔
tìng-tshìn-hue,釘秤花
tìng-tshuì-tsi̍h,叮嘴舌
tìng-tshut,訂出
tìng-hā,訂下
tìng-hīng,釘行
tìng-huè,訂貨
tìng-hōo,訂戶
tìng-ì,中意
tìng-ia̍t,訂閱
tìng-iok,訂約
tìng-kè,訂價
tìng-kin,釘根
tìng-koo-ki,釘孤枝
tìng-ku,釘龜
tìng-li̍p,訂立
tìng-tâng-sai,釘銅師
tìng-tīng,訂定
tìng-thiann,中聽
tìng-tiám,釘點
tìng-tiám-âng,釘點紅
tìng-tio̍h,釘著
tìng--tio̍h,叮著
tìng-tuann,訂單
tìng-to̍k,釘毒
tìng-uī,訂位
tîng,亭
tîng,重
tîng,澄
tîng-á,亭仔
tîng-á-kha,亭仔腳
tîng-tsài,重再
tîng-tsài-i̍k,重再譯
tîng-tsàu,重奏
tîng-tshing,澄清
tîng-tshíng,呈請
tîng-tshing-ôo,澄清湖
tîng-tshut-sì,重出世
tîng-tsi̍h,重舌
tîng-hiān,呈現
tîng-huan,重翻
tîng-hua̍t,懲罰
tîng-īnn,庭院
tîng-kài,懲戒
tîng-kám,重感
tîng-kè,重價
tîng-khai-sí,重開始
tîng-khí,重起
tîng-koh,重閣
tîng-kù,重句
tîng-lâi,重來
tîng-liáu-tîng,重了重
tîng-pē,重倍
tîng-phuànn,重判
tîng-puann,重搬
tîng-puē,重倍
tîng-sik,橙色
tîng-senn,重生
tîng-siāng,庭上
tîng-sin,重新
tîng-sìn,庭訊
tîng-sûn,重巡
tîng-sûn,重紃
tîng-tânn,重tânn
tîng-tânn,重誕
tîng-thâu,重頭
tîng-thâu-lâi,重頭來
tîng-thâu-senn,重頭生
tîng-tiúnn,庭長
tīng,tīng
tīng,定
tīng,碇
tīng,鄧
tīng-àn,定案
tīng-bué,碇尾
tīng-tsa̍t,tīng實
tīng-tsa̍t,碇實
tīng-tse,錠劑
tīng-tsè,定製
tīng-tshâ,tīng柴
tīng-tshâ,碇柴
tīng-tshin,訂親
tīng-tshut,定出
tīng-tsinn,碇氈
tīng-tsuē,定罪
tīng-tsún,定准
tīng-tsún,定準
tīng-tsûn,定存
tīng-gī,定義
tīng-gia̍h,定額
tīng-hiòng,定向
tīng-huà,碇化
tīng-huainnh-huainnh,碇頦頦
tīng-hong-tsiam,定風針
tīng-hun,定婚
tīng-hun,訂婚
tīng-iok,定約
tīng-kè,定價
tīng-king-tsháu,定經草
tīng-kho̍k-kho̍k,tīng涸涸
tīng-khok-khok,碇硞硞
tīng-khong-khong,碇鏗鏗
tīng-ki,定居
tīng-kì,定期
tīng-kui,定規
tīng-kut,tīng骨
tīng-lí,定理
tīng-liāng,定量
tīng-lūn,定論
tīng-nn̄g,碇卵
tīng-puânn,定盤
tīng-puânn-tshìn,定盤秤
tīng-sìng,定性
tīng-sim,定心
tīng-sin,tīng身
tīng-sin,碇身
tīng-sòo,定數
tīng-tah,碇篤
tīng-tauh,定篤
tīng-tauh,碇篤
tīng-tauh-tauh,碇篤篤
tīng-tīng,碇碇
tīng-thih-thih,碇鐵鐵
tīng-tiám,定點
tīng-tòng,定當
tīng-too,定都
tīng-tōo,碇度
tīng-uī,定位
ting-á,疔仔
ting-á,釘仔
ting-á,燈仔
ting-á-tsháu,燈仔草
ting-á-tsiam,釘仔針
ting-á-hue,燈仔花
ting-á-khînn,釘仔鉗
ting-á-le̍h,釘仔笠
ting-á-thâu,釘仔頭
ting-á-thuî,釘仔錘
ting-bán-kū,丁挽舅
ting-bê,燈謎
ting-bûn,徵文
ting-tsài,登載
ting-tshai,燈猜
ting-tshai-bûn,燈猜文
ting-tsháu,燈草
ting-tsiok,叮囑
ting-tsō,燈座
ting-tsuánn-hue,燈盞花
ting-tsûn,登船
ting-ê,釘鞋
ting-hiunn,丁香
ting-hiunn-tsiáu,丁香鳥
ting-hiunn-hî,丁香魚
ting-hō,燈號
ting-huānn,登岸
ting-hué,燈火
ting-hué-á,燈火仔
ting-hué-tsi̍h,燈火舌
ting-hué-tsuánn,燈火盞
ting-hué-hue,燈火花
ting-hué-khàm,燈火勘
ting-hué-uánn,燈火碗
ting-hué-tà,燈火罩
ting-iû,燈油
ting-jī-tshioh,丁字尺
ting-kat,癥結
ting-khiā,燈徛
ting-khiā-u,燈徛杇
ting-khînn,釘鉗
ting-kho,登科
ting-ki,登基
ting-ki,登機
ting-kì,登記
ting-kiânn,燈檠
ting-kiû,徵求
ting-kng,燈光
ting-kóng-kò,登廣告
ting-lân,橙欄
ting-lang,燈籠
ting-láng-hue,燈籠花
ting-le̍h,釘笠
ting-lîng,叮嚀
ting--lī-pà,丁字壩
ting-lio̍k,登陸
ting-lo̍k,登錄
ting-nâ-tsháu,燈籠草
ting-nâ-hue,燈籠花
ting-ngôo,燈蛾
ting-nî,丁蓮
ting-pan,丁斑
ting-pò,登報
ting-san-tuī,登山隊
ting-siāng,登上
ting-sim-tsháu,燈心草
ting-sim-tshio̍h,燈心蓆
ting-sìn,徵信
ting-sìn-siā,徵信社
ting-sìn-sóo,徵信所
ting-siu,徵收
ting-suann,登山
ting-sûn,徵詢
ting-tà,燈罩
ting-tâi,登台
ting-tâi,燈臺
ting-tâng,燈筒
ting-tàu,燈罩
ting-thah,燈塔
ting-thian,登天
ting-thiau,燈挑
ting-thuî,釘錘
ting-tiàu,徵召
ting-tiàu,徵調
ting-tio̍h,徵著
ting-tông,橙桐
thá-khò,thá-khò
thà,thà
thà,挓
thà-tshân,thà田
thà-hn̂g,thà園
thà-hué,thà火
thà-khui,thà開
thà-khui,挓開
thà-kin-té,挓根底
thah,塔
tha̍h,疊
tha̍h-kè,疊價
tha̍h-lâu-á,疊樓仔
tha̍h-thâu,疊頭
thah-lo̍h,塔落
thah-pún,搨本
thah-se,鰨紗
thah-su-siā,塔斯社
thai,胎
thai,颱
thái,thái
thái,呔
thái,體
thái-ko,癩哥
thái-ko,癩
thái-ko-bīn,癩ko面
thái-ko-tshîng,癩ko榕
thái-ko-káu,癩ko狗
thái-ko-kuí,癩ko鬼
thái-ko-niau,癩ko貓
thái-ko-pēnn,癩ko病
thái-ko-phiô,癩ko薸
thái-ko-siông,癩ko松
thái-ko-thâu,癩ko頭
thái-tó,呔哪
thài,thài
thài,汰
thài-an,泰安
thài-tsīn,太盡
thài-tsō,太座
thài-tsóo,太祖
thài-tsóo-ê,太祖個
thài-tsóo-kong,太祖公
thài-tsóo-má,太祖媽
thài-tsóo-pâi,太祖牌
thài-tsú,太子
thài-hi,太虛
thài-hô-ke,太和雞
thài-iah,thài-iah
thài-iông,太陽
thài-iông-hue,太陽花
thài-iông-kong,太陽公
thài-iông-lîng,太陽能
thài-iông-pian,太陽邊
thài-iông-pinn,太陽邊
thài-kàm,太監
thài-ki̍k,太極
thài-ki̍k-kûn,太極拳
thài-khì,汰去
thài-khuànn,汰看
thài-khong,太空
thài-khong-tsām,太空站
thài-khong-jîn,太空人
thài-ki-tsóo,太基祖
thài-kuè-hūn,太過份
thài-kok,泰國
thài-kong,太公
thài-kóng,汰講
thài-lóo-koh,太魯閣
thài-lù,thài-lù
thài-má,太媽
thài-muāi,太妹
thài-ngá,泰雅
thài-pe̍h-hún,太白粉
thài-pi̍k-tshenn,太白星
thài-pîng,太平
thài-pîng-iûnn,太平洋
thài-pîng-suann,太平山
thài-pó,太保
thài-san,泰山
thài-suí,泰水
thài-su-í,太師椅
thài-thài,太太
thài-thó,汰討
thài-thó-kánn,汰討敢
thài-thó-sī,汰討是
thài-thó-ū,汰討有
thài-tōo,態度
thâi,thâi
thâi-iânn,thâi嬴
thâi-kè,thâi價
thâi-kē,thâi低
thâi-kuah,thâi割
thâi-lâng,thâi人
thâi-phuà-phuê,thâi破皮
thâi-sí,thâi死
thâi-siong,thâi傷
thâi-su,thâi輸
thâi-thâu,thâi頭
thāi,待
thāi-bīng,待命
thāi-tsa,待查
thāi-gū,待遇
thāi-kheh,待客
thāi-sio̍k,待續
thāi-tōo,態度
thai-á,篩仔
thai-hong,颱風
thai-īn,胎孕
thai-kí,抬舉
thai-kuân,胎權
thai-liû,胎瘤
thai-mo̍oh,胎膜
thai-puânn,胎盤
thai-suán,篩選
thai-táu,篩斗
thai-táu-ba̍k,篩斗目
thai-tiāu,篩掉
thai-ui,胎衣
tha̍k-tsheh,讀冊
tha̍k-tsheh-lâng,讀冊人
tha̍k-tshú,讀取
tha̍k-tsu,讀書
tha̍k-tsu-lâng,讀書人
tha̍k-kah-tsí,讀甲子
tha̍k-kàu,讀到
tha̍k-kuè,讀過
tha̍k-uân,讀完
thak-tshuì-khí,thak嘴齒
thak-tshuì-khí,剔嘴齒
thak-tsí,thak指
thak-tsí,剔指
thak-sǹg,thak算
thak-sǹg-puânn,thak算盤
thak-sǹg-puânn,剔算盤
thak-thik,thak斥
thak-thik,剔斥
thak-thik,剔剔
tham,探
tham,貪
thàm-á,探仔
thàm-tsa,探查
thàm-tsing,探偵
thàm-tshik,探測
thàm-tshik-khì,探測器
thàm-tshin,探親
thàm-tsú,探子
thàm-tsú-má,探子馬
thàm-hiám,探險
thàm-hóng,探訪
thàm-kann,探監
thàm-khàm,探勘
thàm-kiù,探究
thàm-kiû,探求
thàm-lōo-kuan,探路關
thàm-má,探馬
thàm-uân,探員
thàm-pēnn,探病
thàm-sin,探身
thàm-soh,探索
thàm-sûn,探詢
thàm-thâu,探頭
thàm-thiann,探聽
thàm-thiann-tsai,探聽知
thàm-thó,探討
thàm-ti,探知
thâm,痰
thâm,潭
thâm,懸
thâm,蠶
thâm-á,潭仔
thâm-á,罈仔
thâm-tsú,潭子
thâm-hue,曇花
thâm-kuàn,痰罐
thâm-lô,痰癆
thâm-luān,痰亂
thâm-luān-siáu,痰亂痟
thâm-nuā,痰瀾
thâm-ôo,痰壺
thâm-puî,潭肥
thâm-tū,痰除
thām,thām
thām-īng,窞用
thām-lo̍h,窞落
thām-thē,thām-thē
thām-thuī,窞倕
thām-tóo,thām肚
thām-tóo,窞肚
thām-tóo,窞堵
tham-bê,貪迷
tham-bîn,貪眠
tham-tsia̍h,貪食
tham-tsia̍h-kuí,貪食鬼
tham-tsn̂g,貪嘗
tham-hue,貪花
tham-lâm,貪婪
tham-lāu,貪老
tham-luân,貪戀
tham-sik,貪色
tham-sim,貪心
tham-thâu,探頭
tham-to̍k,貪瀆
tham-u,貪污
tham-u-tsuē,貪污罪
than,蟶
thánn,thánn
thán,坦
thán,毯
thán-á,毯仔
thán-tshiâ,坦斜
thán-tshiâ-sin,thán斜身
thán-tshiâ-sin,坦斜身
thán-tshin,袒親
thán-tshiò,thán-tshiò
thán-tshiò,坦笑
thán-tshiò-thian,坦笑天
thán-tshiò-thinn,坦笑天
thán-tshua̍h,坦tshua̍h
thán-tshua̍h-ba̍k,坦斜目
thán-tshua̍h-tsuā,坦斜逝
thán-huâinn,坦橫
thán-huâinn-kiânn,坦橫行
thán-huâinn-senn,坦橫生
thán-huînn-tsē,坦橫坐
thán-jiân,坦然
thán-khik-tshia,坦克車
thán-khi,thán敧
thán-khi,坦敧
thán-khiā,thán-khiā
thán-khiā,坦徛
thán-khiā-pínn,thán-khiā扁
thán-khi-tsē,坦敧坐
thán-khi-khùn,thán敧睏
thán-khi-khùn,坦敧睏
thán-khi-sin,thán敧身
thán-khi-sin,坦敧身
thán-khi-siû,thán欹泅
thán-khi-tó,thán敧倒
thán-khi-tó,坦敧倒
thán-pi̍k,坦白
thán-pênn,坦平
thán-pênn-suànn,坦平線
thán-phak,坦覆
thán-phiân,坦蹁
thán-phiân-sin,坦蹁身
thán-pinn,坦邊
thán-pinn-sin,坦邊身
thán-sîng,坦承
thán-sîng,坦誠
thán-ti̍t,thán直
thán-ti̍t,坦直
thán-tó,坦倒
thàn,趁
thàn,歎
thàn-ah,趁鴨
thàn-tsá,趁早
thàn-tshiú,趁手
thàn-tshú,趁取
thàn-tsia̍h,趁食
thàn-tsia̍h-lâng,趁食人
thàn-tsia̍h-té,趁食底
thàn-tsînn,趁錢
thàn-îng,趁閒
thàn-huâinn-tsâi,趁橫財
thàn-iūnn,趁樣
thàn-kha-kiânn,趁腳行
thàn-khang-phāng,趁空縫
thàn-ki-huē,趁機會
thàn-kín,趁緊
thàn--lâng,趁人
thàn-lâu-tsuí,趁流水
thàn-lâu-pái,趁流擺
thàn-phāng,趁縫
thàn-piān,趁便
thàn-sik,嘆息
thàn-sì,趁勢
thàn-sî-kiânn,趁時行
thàn-sim,趁心
thàn-sōng,趁蹌
thàn-thiòng,趁暢
thàn-tio̍h,趁著
thàn-tuā-tsînn,趁大錢
thānn,thānn
than-bô-iánn,蟶無影
thang,通
tháng,統
tháng-á-tik,桶仔竹
tháng-hia,桶靴
tháng-kah,桶笚
tháng-kam,桶柑
tháng-kau-tîn,桶鉤藤
tháng-khiā,桶khiā
tháng-ku,桶龜
tháng-pue,桶杯
thàng,thàng
thàng,痛
thàng-kuè,thàng過
thàng-kuè,迵過
thàng-lāng,thàng弄
thàng-sim,thàng心
thàng-sim,迵心
thàng-sim-kóng,thàng心講
thâng,虫
thâng,蟲
thâng-tsháu,蟲草
thâng-hāi,蟲害
thâng-iû,桐油
thâng-iû-tshiú,桐油樹
thâng-iû-hue,桐油灰
thâng-si,蟲絲
thâng-thn̄g,桐杖
thâng-thuā,蟲豸
thāng,thāng
thang-á,窗仔
thang-á-tsí,窗仔子
thang-á-tsí,窗仔只
thang-á-tsō,窗仔座
thang-á-iám,窗仔掩
thang-á-keh,窗仔格
thang-á-khang,窗仔空
thang-á-kháu,窗仔口
thang-á-khing,窗仔框
thang-á-khiā,窗仔khiā
thang-á-ki,窗仔枝
thang-á-kînn,窗仔墘
thang-á-mn̂g,窗仔門
thang-á-nî,窗仔簾
thang-á-tīng,窗仔碇
thang-á-tûn,窗仔唇
thang-giâu-gî,通僥疑
thang-hó,通好
thang-hue,窗花
thang-hong,通風
thang-kha,窗腳
thang-kng,通光
thang-kóng,通講
thang-lî-á,窗簾仔
thang-m̄-thang,通m̄通
thang-puânn,窗盤
thang-se,窗紗
thang-thn̄g,恫杖
than-phiânn,蟶坪
than-tiânn,蟶埕
thap,thap
thap,錔
thap-ba̍k-koo,凹目鮕
thap-tsio̍h,塌石
thap-gia̍h,塌額
thap-hong,塌方
thap-jī,凹字
thap-jī,塌字
thap-jī-tīn,塌字陣
thap-kha,塌腳
thap-khang,塌空
thap-kha̍p,塌磕
thap-lī,塌字
thap-lo̍h-khì,凹落去
thap-lo̍h-khì,塌落去
thap--lo̍h-khì,塌落去
thap-o,塌窩
thap-pâi,塌牌
thap-phìnn,搨片
thap-pún,搨本
thap-thâu,塌頭
thap-thâu-tsai,凹頭栽
thap-thâu-tshia,凹頭推
thap-thâu-tshia,蹋頭硨
thap-thè,塌替
thap-tóo,塌堵
tha-sat,他殺
that,that
that,踢
that,躂
that-á,that仔
that-ba̍t,that密
that-tsa̍t,that實
that-tshia,塞車
that-tshiú-phāng,塞手縫
that-tshuì,that嘴
that-tshuì-khang,that嘴空
that-tshuì-khang,塞嘴空
that-gāi,that礙
that-ji̍p,塞入
that-kan-lo̍k,踢干轆
that-khang,that空
that-kuán,踢館
that-muá,塞滿
that-phuē,踢被
that-sí,that死
that-sí,塞死
that-táu,that斗
that-that-tīnn,that-that滇
that-that-tīnn,塞塞淀
that-tiâu,that椆
that-tiâu,塞椆
that--tiâu,that--tiâu
that-tiâu-leh,塞椆leh
that-tīnn,that淀
that-tīnn,that滇
that-tio̍h,塞著
that-tó-ke,that倒街
that-tó-ke,塞倒街
thau,偷
tháu,tháu
tháu-bē-khui,tháu-bē開
tháu-hong,tháu風
tháu-khì,tháu氣
tháu-khì,敁氣
tháu-khui,tháu開
tháu-khui,敁開
tháu-khuì,tháu氣
tháu-khuì,敁氣
tháu-pa̍k,敁縛
tháu-pàng,tháu放
tháu-pàng,敁放
tháu-thè,tháu退
tháu-thǹg,tháu褪
tháu-thuah,tháu脫
tháu-thuah,敁脫
thàu,透
thàu-á,透仔
thàu-àm,透暗
thàu-âng,透紅
thàu-bîng,透明
thàu-bué,透尾
thàu-tsá,透早
thàu-tsá-tshenn,透早星
thàu-tsíng,透種
thàu-tshia,透車
thàu-tsuā-tshia,透逝車
thàu-hong,透風
thàu-hong-hōo,透風雨
thàu-hōo,透雨
thàu-ji̍t,透日
thàu-kang,透工
thàu-ké,透假
thàu-kha-tshenn,透腳青
thàu-khì,透氣
thàu-khuì,透氣
thàu-ki,透支
thàu-ki,透肌
thàu-ki,透機
thàu-kiânn,透行
thàu-kng,透光
thàu-kuè,透過
thàu--kuè,透過
thàu-lām,透濫
thàu-lâu,退流
thàu-lâu,透流
thàu-lāu,透漏
thàu-li̍t,透日
thàu-lo̍h-hōo,透落雨
thàu-lōo,透露
thàu-lōo-tshut,透露出
thàu-mê,透暝
thàu-nî,透年
thàu-pháinn-ê,透歹的
thàu-pháinn-ê,透歹個
thàu-pìn-hôo,透鬢鬍
thàu-po̍h,透薄
thàu-sì-lâng,透世人
thàu-sī,透視
thàu-sim,透心
thàu-sim-liâng,透心涼
thàu-sin,透身
thàu-tang,透冬
thàu-tàu,透晝
thàu-té,透底
thàu-té-bué,透底尾
thàu-thàu,透透
thàu-thiat,透徹
thàu-thinn,透天
thàu-tiong-tàu,透中晝
thàu-tuā-hong,透大風
thâu,頭
thâu-á,頭仔
thâu-āu-tsím,頭後枕
thâu-ba̍k,頭目
thâu-ba̍k-tsiáu,頭目鳥
thâu-bīn,頭面
thâu-bīn-tíng,頭面等
thâu-bué,頭尾
thâu-tsang,頭鬃
thâu-tsáng,頭摠
thâu-tsáng,頭總
thâu-tsàng,頭總
thâu-tsang-bué,頭鬃尾
thâu-tsang-iû,頭鬃油
thâu-tsan-khí,頭層齒
thâu-tsîng,頭前
thâu-tsîng-bīn,頭前面
thâu-tsîng-khí,頭前齒
thâu-tsîng-mn̂g,頭前門
thâu-tsîng-tiânn,頭前埕
thâu-tshah,頭插
thâu-tshái,頭彩
thâu-tshiú,頭手
thâu-tshiú-sai,頭手師
thâu-tshué,頭髓
thâu-tshuì,頭嘴
thâu-tshuì-tsē,頭嘴儕
thâu-tshuì-tsió,頭嘴少
thâu-tshùn,頭寸
thâu-tshut,頭出
thâu-tshut,頭齣
thâu-tsì-bué,頭至尾
thâu-tsióng,頭獎
thâu-tsi̍t,頭一
thâu-tsiūnn,頭養
thâu-tsiūnn-kiánn,頭養囝
thâu-tsiūnn-sun,頭上孫
thâu-tsn̄g,頭旋
thâu-tsuí,頭水
thâu-tsūn-á,頭陣仔
thâu--ê,頭的
thâu-gia̍h,頭額
thâu-gông,頭怳
thâu-gông-gông,頭怳怳
thâu-hâm,頭銜
thâu-hāng,頭項
thâu-hang-hang,頭烘烘
thâu-hia̍h,頭額
thâu-hia̍h-hûn,頭額痕
thâu-hiann,頭兄
thâu-hiàng-thinn,頭向天
thâu-hîn,頭眩
thâu-hō,頭號
thâu-hong,頭方
thâu-hun,頭昏
thâu-hun,頭婚
thâu-hūn,頭份
thâu-hun-hun,頭昏昏
thâu-it-khōng,頭一鈧
thâu-it-tíng,頭一等
thâu-kak,頭角
thâu-kàu,頭到
thâu-kàu-bué,頭到尾
thâu-ke,頭家
thâu-ke-mn̂g,頭家門
thâu-ke-niû,頭家娘
thâu-khak,頭殼
thâu-khak-āu,頭殼後
thâu-khak-tshué,頭殼髓
thâu-khak-tsím,頭殼枕
thâu-khak-tsn̄g,頭殼旋
thâu-khak-hia̍h,頭殼額
thâu-khak-hîn,頭殼眩
thâu-khak-khiáu,頭殼巧
thâu-khak-kuà,頭殼蓋
thâu-khak-kut,頭殼骨
thâu-khak-lāi,頭殼內
thâu-khak-ua̍h,頭殼活
thâu-khak-uánn,頭殼碗
thâu-khak-phuê,頭殼皮
thâu-khak-sim,頭殼心
thâu-khak-tíng,頭殼頂
thâu-khak-tīng,頭殼碇
thâu-khak-thiànn,頭殼疼
thâu-khak-thiànn,頭殼痛
thâu-khám,頭坎
thâu-khí,頭起
thâu-khí-sing,頭起先
thâu-khue,頭盔
thâu-khok,頭擴
thâu-kī,頭忌
thâu-kin,頭巾
thâu--ko,頭哥
thâu-ko-á,頭哥仔
thâu-kuè,頭過
thâu-lâng,頭人
thâu-láu,頭老
thâu-lê-lê,頭chh-ich
thâu-liāu,頭繚
thâu-li̍t,頭日
thâu-lōo,頭路
thâu-lōo-ti̍t,頭路直
thâu-mn̂g,頭毛
thâu-mn̂g-bāng,頭毛網
thâu-mn̂g-tshài,頭毛菜
thâu-mn̂g-iû,頭毛油
thâu-mn̂g-kau,頭毛溝
thâu-mn̂g-kha,頭毛腳
thâu-mn̂g-la̍h,頭毛蠟
thâu-mn̂g-sián,頭毛癬
thâu-náu,頭腦
thâu-náu-lāi,頭腦內
thâu-ông,頭王
thâu-oo-suànn,頭烏線
thâu-pái,頭擺
thâu-pán,頭版
thâu-pān,頭扮
thâu-pān,頭範
thâu-pan-tshia,頭班車
thâu-pe̍h,頭帛
thâu-pe̍h-pòo,頭白布
thâu-pe̍h-pòo,頭帛布
thâu-pho,頭麩
thâu-phoo,頭麩
thâu-piàn,頭遍
thâu-sat,頭蝨
thâu-senn,頭牲
thâu-senn-á,頭牲仔
thâu-sing,頭先
thâu-sī,頭序
thâu-siann,頭聲
thâu-siânn,頭城
thâu-sū,頭緒
thâu-tíng,頭頂
thâu-tíng,頭等
thâu-tíng-tshng,頭等艙
thâu-thai-á,頭篩仔
thâu-thiànn,頭疼
thâu-thiànn,頭痛
thâu-tīn,頭陣
thâu-tńg-kheh,頭轉客
thâu-tò-tsai,頭倒栽
thâu-tò-kheh,頭倒客
thâu-tuā,頭大
thâu-tòm-tòm,頭頓頓
thâu-tú-á,頭tú仔
thâu-tuì,頭對
thâu-tuî,頭對
thâu-uī,頭位
thāu,thāu
thāu,毒
thāu-io̍h,thāu藥
thāu-sí,毒死
thāu-thâng-io̍h,thāu蟲藥
thāu-thâng-io̍h,毒蟲藥
thau-bē,偷賣
thau-bi,偷瞇
thau-bih,偷bih
thau-tsáu,偷走
thau--tsáu,偷走
thau-tsáu-tshù,偷走厝
thau-tsáu-tsu,偷走書
thau-tsáu-khò,偷走課
thau-tsáu-o̍h,偷走學
thau-tsáu-ping,偷走兵
thau-tsáu-suè,偷走稅
thau-tshàng,偷藏
thau-tshìn-thâu,偷秤頭
thau-tshuā-jiō,偷tshuā尿
thau-tsia̍h,偷食
thau-tsia̍h-tsho,偷食臊
thau-tsia̍h-pōo,偷食步
thau-tsiam,偷瞻
thau-îng,偷閒
thau-huann-hí,偷歡喜
thau-ho̍k,偷伏
thau-iap,偷揜
thau-kā-ke,偷咬雞
thau-kânn,偷含
thau-khioh,偷khioh
thau-khǹg,偷khǹg
thau-khuànn,偷看
thau-liàm-tshiú,偷捻手
thau-lió,偷瞭
thau-ni,偷拈
thau-niá,偷領
thau-uānn-pau,偷換包
thau-uè,偷挩
thau-pò,偷報
thau-puah-kang,偷撥工
thau-senn-ê,偷生的
thau-senn-kiánn,偷生囝
thau-siam,偷瞻
thau-si̍p,偷襲
thau-tāng,偷重
thau-tīng-tshin,偷定親
thau-thâng,thau蟲
thau-thau-á,偷偷仔
thau-the̍h,偷the̍h
thau-the̍h,偷提
thau-thiann,偷聽
thau-tiān,偷電
thau-tōo,偷渡
the,胎
the,推
the,撐
thé,體
thé-bī,體味
thé-biān,體面
thé-tsè,體制
thé-tsē,體坐
thé-tsik,體積
thé-tshat,體察
thé-tsit,體質
thé-tsuan,體專
thé-gī,體藝
thé-giàm,體驗
thé-giām--tio̍h,體驗著
thé-hē,體系
thé-hîng,體形
thé-hîng,體型
thé-hō,體號
thé-huat,體法
thé-hua̍t,體罰
thé-huē,體會
thé-huē-tio̍h,體會著
thé-io̍k,體育
thé-io̍k-huē,體育會
thé-io̍k-kài,體育界
thé-io̍k-kuán,體育館
thé-io̍k-tiûnn,體育場
thé-iūnn,體樣
thé-keh,體格
thé-kiám,體檢
thé-lāi,體內
thé-li̍k,體力
thé-lîng,體能
thé-lio̍k,體辱
thé-liōng,體諒
thé-sì,體勢
thé-sut,體恤
thé-tāng,體重
thé-thài,體態
thé-thak,體剔
thé-thiap,體貼
thé-thóng,體統
thé-tuânn,體壇
thé-uī,體位
thé-un,體溫
thè,退
thè,替
thè-āu,退後
thè-tshin,退親
thè-tshin-tsiânn,退親情
thè-tshiú,替手
thè-tshiunn,替槍
thè-tsit,退職
thè-tsiú,退酒
thè-ha̍k,退學
thè-hîng,退還
thè-hiu,退休
thè-hiu-kim,退休金
thè-huà,退化
thè-hué,退火
thè-hué,退悔
thè-huè,退貨
thè-huê,退回
thè-hông,退hông
thè-hù-huē,退輔會
thè-hun,退婚
thè-īnn,退院
thè-jia̍t,退熱
thè-ka,退膠
thè-kē,退低
thè-ke-kah,退家甲
thè-kha-pōo,退腳步
thè-khîn,退勤
thè-khui,退開
thè-ki,退居
thè-kioh,替腳
thè-lâng,替人
thè-lâng-sí,替人死
thè-lâu,退流
thè-liâng,退涼
thè-liû-hîng,退流行
thè-lōo,退路
thè-ngóo,退伍
thè-niū,退讓
thè-uànn,退晏
thè-uānn,替換
thè-o̍h,退學
thè-ping,退兵
thè-phiò,退票
thè-phù,thè-phù
thè-pio,退膘
thè-pōo,退步
thè-sak,退
thè-sán,退瘦
thè-sik,退色
thè-si̍k,退席
thè-sí-kuí,替死鬼
thè-sî,退時
thè-sî-kiânn,退時行
thè-siap,退澀
thè-sin,替身
thè-sin-á,替身仔
thè-sio,退燒
thè-siú,退守
thè-suè,退稅
thè-tâng-kóo,退童鼓
thè-tî-ia̍h,退除役
thè-tiānn,退定
thè-tiûnn,退場
thè-tó-tńg,退倒轉
thè-tò-tńg,退倒轉
thè-tuânn,退壇
thê,堤
thê,提
thê-àn,提案
thê-àn-jîn,提案人
thê-tsá,提早
thê-tshau,體操
thê-tshénn,提醒
thê-tshíng,提請
thê-tshiòng,提倡
thê-tshú,提取
thê-tshut,提出
thê-tsûn,提存
thê-gî,提議
thê-hê,提攜
thê-huānn,堤岸
thê-huè,提貨
thê-huè-tuann,提貨單
thê-hông,堤防
thê-hông,提防
thê-kau,提交
thê-kàu,提到
thê-khí,提起
thê-khîm-ka,提琴家
thê-khuán,提款
thê-kiong,提供
thê-kiong-hōo,提供給
thê-ki̍p,提及
thê-ko,提高
thê-kóo-kuan,提古關
thê-liān,提煉
thê-miâ,提名
thê-miâ-tsiá,提名者
thê-ôo,鵜鶘
thê-pua̍t,提拔
thê-sing,提升
thê-sing,提昇
thê-sîn,提神
thê-ting,提燈
thê-thâu,提頭
thê-thâu-uē,提頭話
thē,thē
thē,蜇
thē,鮓
thē-hang,蜇魴
thē-hî,蜇魚
the-tshù,梯次
the-guā-guā,推外外
theh,澈
the̍h,the̍h
the̍h,宅
the̍h-bē-tio̍h,提bē著
the̍h-tsá,提早
the̍h-tsáu,提走
the̍h-tshut,the̍h出
the̍h-tshut,提出
the̍h--tshut-lâi,拿出來
the̍h-tsînn,提錢
the̍h-gín-á,提囡仔
the̍h-hōo,提hōo
the̍h-khí,提起
the̍h--khì,提去
the̍h-kóo-kuan,提古關
the̍h-lâi,the̍h來
the̍h-phe-á,提批仔
the̍h--tiāu,提掉
the̍h-tioh,theh--tioh
the̍h--tio̍h,the̍h著
theh-liu-liu,裼溜溜
theh-puh,theh-puh
theh-sut-sut,裼屑屑
theh-theh,澈澈
the-i,胎衣
thik,thek
thik,斥
thik-tsu,斥資
thik-hong,敕封
the-khui,推開
thik-līng,敕令
thik-mē,斥罵
thik-senn,畜牲
the-lī-lī,推離離
the-mn̂g,胎毛
the-mo̍oh,胎膜
thènn,撐
thènn-ām,撐頷
thènn-khui,撐開
thènn-sai,撐腮
thènn-thâu,撐頭
thènn-tiâu,撐椆
thing,汀
thíng,艇
thíng-hiong,逞兇
thíng-kiâng,逞強
thíng-kuân,逞權
thíng-sing,挺升
thíng-sìng,逞性
thíng-sīng,逞乘
thíng-sīng,寵乘
thíng-sīng,寵恿
thíng-sin,挺身
thìng-bīng,聽命
thìng-hāu,聽候
thìng-hó,聽好
thìng-piān,聽便
thîng,停
thîng,騰
thîng-tshing,謄清
thîng-tshia,停車
thîng-tshia-tiûnn,停車場
thîng-tshiú,停手
thîng-tshuán,停喘
thîng-tshuì,停嘴
thîng-tshut,騰出
thîng-tsí,停止
thîng-tsiàn,停戰
thîng-tsiànn,謄正
thîng-tsit,停職
thîng-tsuí,停水
thîng-gia̍p,停業
thîng-hiàn,呈獻
thîng-hioh,停歇
thîng-hué,停火
thîng-kang,停工
thîng-king,停經
thîng-kha,停腳
thîng-khí-lâi,停起來
thîng-khò,停課
thîng-khò,停靠
thîng-khuì,停氣
thîng-khùn,停睏
thîng-ki,停機
thîng--leh,停leh
thîng-lîng,停靈
thîng-uē,停話
thîng-o̍h,停學
thîng-pán,停板
thîng-pān,停辦
thîng-pò,呈報
thîng-puânn,停盤
thîng-pōo,停步
thîng-pún,謄本
thîng-sán,停產
thîng-sàng,呈送
thîng-si,停屍
thîng-tī,停tī
thîng-tiànn,停碇
thîng-tiān,停電
thîng-tiānn,停碇
thîng--tiâu,停tiâu
thîng-tōo,程度
thîng-tùn,停頓
thing-kan-thiàu,撐竿跳
thenn-í,撐椅
the-pēnn,推病
the-sái,胎屎
the-sak,推sak
the-sak,推
the-sì,推辭
the-sî,推辭
the-tōo,撐渡
the-ui,胎衣
thi,黐
thí,搋
thí-ba̍k,搋目
thí-tshiò,恥笑
thí-tsông-sik,貯藏室
thí-tsuí-tî,貯水池
thí-tsûn,貯存
thí-hōo-suànn,thí雨傘
thí-jio̍k,恥辱
thí-khue-sìnn,thí葵扇
thí-khui,thí順
thí-khui,拸開
thí-khui,搋開
thí-kut,恥骨
thí-pī,貯備
thí-pī-kim,貯備金
thí-si̍t,thí翅
thí-tua̍t,褫奪
thì-tshuì-tshiu,剃嘴鬚
thì-kng-kng,剃光光
thì-kng-thâu,剃光頭
thì-siau,滯銷
thì-thâu,剃頭
thì-thâu-tiàm,剃頭店
thì-thâu-to,剃頭刀
thî,苔
thî,啼
thî-kenn,啼更
thî-khàu,啼哭
thî-kiò,啼叫
thī-ke,雉雞
thī-ke-bué,雉雞尾
thī-ke-nn̄g,雉雞卵
thiah,拆
thiah-bîng,拆明
thiah-tshe,拆杈
thiah-tshù,拆厝
thiah-tshuì-tshuì,拆碎碎
thiah-tsia̍h,拆食
thiah-ha̍h,拆合
thiah-ha̍h,拆笚
thiah-hāi,拆害
thiah-hué,拆夥
thiah-hué-tsàu,拆伙灶
thiah-hué-kì,拆夥計
thiah-hué-tiánn,拆伙鼎
thiah-hong,拆封
thiah-hong-tiâu,拆封條
thiah-huí,拆毀
thiah-ia̍t,拆閱
thiah-io̍h,拆藥
thiah-io̍h-á,拆藥仔
thiah-io̍h-tuann,拆藥單
thiah-jī,拆字
thiah-jī-sòo,拆字數
thiah-khui,拆開
thiah-khui-īng,拆開用
thiah-kóo,拆股
thiah-làu,折落
thiah-li̍h,拆裂
thiah-lo̍h,拆落
thiah-pe̍h,拆白
thiah-phe,拆批
thiah-phiò,拆票
thiah-phuà,拆破
thiah-sak,拆sak
thiah-sin,拆身
thiah-siū,拆siū
thiah-suánn-bē,拆散賣
thiah-suànn,拆散
thiah-suànn-bē,拆散賣
thiah-thuí,拆腿
thiah-tî,拆除
thiah-tiāu,拆掉
thiah-tuann,拆單
thiah-tuânn,拆壇
thiám,thám
thiám,忝
thiám,悿
thiám-bī,諂媚
thiám-háu,忝吼
thiám-mē,忝罵
thiám-mē,悿罵
thiám-sin,悿身
thiám-thâu,thiám頭
thiám-thâu,忝頭
thiám-thâu,悿頭
thiám-thiám,忝忝
thiām-hái,thiām海
thiām-hái,湛海
thiām-jī-tshai,填字猜
thiām-khut-á,湛窟仔
thiām-lo̍h-hái,thiām落海
thiām--lo̍h-khì,thiām落去
thiām-sí,沉死
thiām-té,填底
thiam-tsng,添妝
thiam-tsng,添粧
thiam-tsù,添註
thiam-hok-siū,添福壽
thiam-ka-bu̍t,添加物
thiam-kòo,添購
thiam-siat,添設
thiam-siū,添壽
thiam-ting,添丁
thian,天
thiann,聽
thiann,廳
thián-ān,展限
thián-kha-tsē,展腳坐
thián-khui,展開
thián--khui,展開
thián-kim-kim,展金金
thián-uān,展緩
thián-si̍t,展翅
thián-si̍t,展翼
thiànn,疼
thiànn,痛
thiànn-bóo,疼某
thiànn-hong,痛風
thiànn-hut-hut,痛沸沸
thiànn-kiánn,疼囝
thiànn-lâng,疼人
thiànn-sioh,疼惜
thiànn-sioh,痛惜
thiànn-thàng,疼痛
thiànn-thàng,痛疼
thiànn-tiuh-tiuh,痛搐搐
thiân-buán,填滿
thiân-tshiong,填充
thiân-huat,填發
thiân-pênn,填平
thiân-pió,填表
thiân-póo,填補
thiân-siá,填寫
thiānn,挺
thiānn-guân-khì,挺元氣
thiānn-sènn-miā,挺性命
thiānn-tánn,挺膽
thian-bān-tshing,天蔓菁
thiann-bē-bîng,聽bē明
thiann-bē-hiáu,聽bē曉
thiann-bē-tio̍h,聽bē著
thian-bîng-tsing,天名精
thian-bīng,天命
thian-bó,天母
thiann-bô,聽無
thiann-bô-bîng,聽無明
thiann-bô-tsin,聽無真
thian-bōo,天幕
thian-bûn,天文
thiann-bûn,聽聞
thian-bûn-ha̍k,天文學
thian-bûn-tâi,天文台
thian-bûn-tang,天門冬
thian-bûn-tong,天門冬
thian-bûn-tôo,天文圖
thian-tsai,天災
thian-tsâi,天才
thian-tsâi-phiò,天財票
thian-tsè,天際
thian-tsè-suànn,天祭線
thian-tsénn,天井
thiann-tsìng-huē,聽證會
thian-tshia,天車
thiann-tshò,聽錯
thiann-tshú,聽取
thiann-tshuì,聽嘴
thiann-tshut,聽出
thiann-tsiá,聽者
thian-tsin,天津
thian-tsin,天真
thiann-tsín-khì,聽診器
thiann-tsiòng,聽眾
thiann-tsiông,聽從
thian-tsit,天職
thian-tsōo,天助
thian-tsu,天姿
thian-tsu,天珠
thian-tsu,天資
thian-tsú,天子
thian-tsú,天主
thian-tsú-kàu,天主教
thian-gô,天鵝
thian-gô-jiông,天鵝絨
thian-gô-ôo,天鵝湖
thian-guā,天外
thian-hā,天下
thian-hîng-tshng,天行瘡
thian-hiám,天險
thian-hiō,天后
thian-hiō-king,天后宮
thian-hô,天河
thian-hô-tsénn,天河井
thian-hô-pán,天河板
thian-hua,天花
thian-huâi,天懷
thian-hua-pán,天花板
thian-hua̍t,天罰
thian-hue,天花
thian-hue-tsu,天花珠
thian-hong,天風
thian-hóng-tsiat,天貺節
thian-hông,天皇
thian-hú,天府
thian-hù,天賦
thian-hui,天妃
thian-hūn,天分
thian-hūn,天份
thian-ì,天意
thian-in,天恩
thian-iū,天佑
thian-jiân,天然
thian-jiân-khì,天然氣
thian-jiân-sik,天然色
thian-jiân-tāu,天然痘
thiann-ji̍p-ní,聽入耳
thiann-kak,聽覺
thian-kan,天干
thiann-káng,聽講
thian-káu,天狗
thian-káu-jia̍t,天狗熱
thiann--khí-lâi,聽起來
thian-khiat,天孑
thiann-khò,聽課
thiann-khuàn-kò,聽勸告
thian-khuê-tsí,天葵子
thian-khong,天空
thian-ki,天機
thian-kiat,天孑
thiann-kìnn,聽見
thian-kiô,天橋
thian-kiong,天宮
thian-kiú,天九
thian-kiú-pâi,天九牌
thiann--kuè,聽過
thian-kok,天國
thiann-kóng,聽講
thian-kong-khiàu,天公曲
thian-kuì,天癸
thian-kuì-tsuí,天癸水
thiann--lâi,聽來
thian-lâm-sik,天藍色
thiann--lâng,聽人
thiann-lâng-kóng,聽人講
thian-lîng-kài,天靈蓋
thian-lí,天理
thian-liâng,天良
thian-liâng-kóng,天良講
thian-liông,天龍
thian-lô,天牢
thian-lô-pán,天羅板
thiann-lo̍h-hīnn,聽落耳
thian-lûn,天倫
thian-mn̂g-tsing,天門精
thiann-uân,聽完
thiann-uē,聽話
thian-ông,天王
thian-ông-tshenn,天王星
thian-pà-ông,天霸王
thian-pîng,天平
thian-pîng,天旁
thian-pîng-tshìn,天平秤
thian-pîng-tsí,天平子
thian-phau-tsí,天拋子
thian-phau-kó,天拋果
thian-phau-tîn,天拋藤
thian-phiann,天兵
thian-pông,天房
thian-pông,天篷
thian-sài,天使
thian-san,天山
thian-sing,天生
thian-sìng,天性
thian-sî,天時
thiann-sià,廳舍
thian-sian-kó,天仙果
thian-sian-tîn,天仙藤
thiann-sím,聽審
thiann-sìn,聽信
thian-sîn,天神
thiann-sîn-king,聽神經
thian-siông,天祥
thian-siōng,天相
thian-suànn,天線
thiann-sueh,聽說
thian-sòo,天數
thian-su,天師
thian-su,天書
thian-sù,天賜
thian-tâi,天台
thiann-tâng,聽筒
thian-tē,天地
thian-tē-kan,天地間
thian-tē-phàu,天地炮
thian-tē-sòo,天地數
thian-tik,天竹
thian-ti̍k,天敵
thian-ting,天燈
thian-tîng,天庭
thian-thai,天胎
thian-thé,天體
thian-thian,天天
thian-thian-á,顛顛仔
thian-tho̍h,天酡
thian-tho̍h,顛踱
thian-tî,天池
thiann-tio̍h,聽著
thiann--tio̍h,聽著
thian-tiok,天竹
thiann-tiúnn,廳長
thiann-tn̂g-hue,廳堂花
thian-tō,天道
thiann-tō-lí,聽道理
thian-tong,天冬
thian-tông,天堂
thiann-ū,聽有
thiap,帖
thiap,貼
thia̍p-tsē,疊坐
thia̍p-tsháu,疊草
thia̍p-tsiam,疊尖
thia̍p-tsng-á,疊磚仔
thia̍p-kha,疊腳
thia̍p--khí-lâi,疊起來
thia̍p-khuân,疊環
thia̍p-khuân-tsē,疊環坐
thia̍p-phuân,疊盤
thia̍p-si̍t,疊實
thia̍p-tui,疊堆
thiap-á,帖仔
thiap-tsia̍h,貼食
thiap-tsînn,貼錢
thiap-kha,貼腳
thiap-kha-tsio̍h,疊腳石
thiap-khang,貼空
thiap-lui-tsuí,貼鐳水
thiap-phuē,疊被
thiap-póo,貼補
thiap-pún,貼本
thiap-tām-po̍h,貼淡薄
thiat,徹
thiat-tsa,徹查
thiat-tsáu,撤走
thiat-tshut,撤出
thiat-tsit,撤職
thiat-ha̍k,哲學
thiat-huê,撤回
thiat-hông,撤防
thiat-iā,徹夜
thiat-jīm,撤任
thiat-lîng,撤靈
thiat-lí,哲理
thiat-lī,撤離
thiat-ngōo,徹悟
thiat-uānn,撤換
thiat-ping,撤兵
thiat-siau,撤消
thiat-siú,撤守
thiat-té,徹底
thiat-thè,撤退
thiat-thò,徹透
thiat-tî,撤除
thiau,超
thiáu,窕
thiàu,跳
thiàu-bú,跳舞
thiàu-bú-huē,跳舞會
thiàu-tsáu,跳走
thiàu-tshit-tshenn,跳七星
thiàu-tshut,跳出
thiàu-tsô,跳槽
thiàu-tsuā,跳迣
thiàu-tsuā,跳逝
thiàu-tsuí,跳水
thiàu-tsuí-sí,投水死
thiàu-hái,跳海
thiàu-hô,跳河
thiàu-hué-khûn,跳火蜷
thiàu-ia̍h,跳頁
thiàu-ji̍p,跳入
thiàu-káng,跳港
thiàu-keh-á,跳格仔
thiàu-king,跳間
thiàu-kha-ke,跳腳雞
thiàu-khám,跳坎
thiàu--khí-lâi,跳起來
thiàu-khoo-á,跳箍仔
thiàu-kìnn,跳徑
thiàu-kip,跳級
thiàu-ko,跳高
thiàu--kuè,跳過
thiàu-kóo,跳鼓
thiàu-kuí,跳鬼
thiàu-lân,跳欄
thiàu-làng,跳lang
thiàu-lī,跳離
thiàu--lo̍h-khì,跳落去
thiàu-uán,跳遠
thiàu-pán,跳板
thiàu-phīng-kuân,跳phīng高
thiàu-phiò,跳票
thiàu-sai,跳獅
thiàu-siāng,跳上
thiàu-suànn,跳傘
thiàu-soh,跳索
thiàu-soh-á,跳索仔
thiàu-tâng,跳童
thiàu-tâng-ê,跳童的
thiàu-that,跳躂
thiàu-thiàu-pán,跳跳板
thiàu-thinn,跳天
thiàu-thuat,跳脫
thiàu-tōng,跳動
thiâu,髫
thiâu,鰷
thiâu-á-hî,鮡仔魚
thiâu-á-hî,鰷仔魚
thiâu-hî,鮡魚
thiau-kang,刁工
thiau-kòo-ì,刁故意
thiâu-thiâu,迢迢
thiau-tî,刁持
thiāu,柱
thiāu-á,柱仔
thiāu-á-tsí,柱仔子
thiāu-á-jiah,柱仔跡
thiāu-á-kha,柱仔腳
thiāu-á-lāi,祧仔內
thiāu-tsî,柱薯
thiāu-ē-tsio̍h,柱下石
thiāu-liân,柱聯
thiau-ah,刁鴨
thiau-bân,刁頑
thiau-bân,刁蠻
thiau-tsiàn,挑戰
thiau-tsiàn-su,挑戰書
thiau-hì,挑戲
thiau-hu,挑夫
thiau-ì-kang,超意工
thiau-khí,挑起
thiau-lân,刁難
thiau-lān,刁難
thiau-làng,挑làng
thiau-lāng,佻弄
thiau-lāng,挑lang
thiau-lāng,挑弄
thiau-liāng,挑亮
thiau-lōng,挑弄
thiau-puah,挑撥
thiau-so,挑唆
thiau-suán,挑選
thiau-thiòng,挑暢
thiau-tn̂g,挑堂
thih,鐵
thi̍h,thi̍h
thi̍h,昳
thi̍h-bô-thîng,喋無停
thi̍h-puànn-li̍t,昳半日
thi̍h-thi̍h-háu,昳昳吼
thi̍h-thi̍h-kiò,thi̍h-thi̍h叫
thi̍h-thua,昳拖
thih-á,鐵仔
thih-bé,鐵馬
thih-bé-pinn,鐵馬鞭
thih-bé-tê,鐵馬蹄
thih-bîn-tshn̂g,鐵眠床
thih-bīn-phuê,鐵面皮
thih-bō,鐵帽
thih-bo̍k-kùn,鐵木棍
thih-bo̍k-sua,鐵木沙
thih-bōo,鐵幕
thih-tsa̍h,鐵鍘
thih-tsìng,鐵證
thih-tshioh,鐵尺
thih-tshiú,鐵手
thih-tshiū,鐵樹
thih-tshiūnn,鐵匠
thih-tshuànn-á,鐵閂仔
thih-tshù,鐵厝
thih-tshuì-hîng,鐵嘴
thih-tsí,鐵子
thih-tsio,鐵蕉
thih-tsit,鐵質
thih-tsǹg,鐵鑽
thih-ê,鐵鞋
thih-gû,鐵牛
thih-gû-á,鐵牛仔
thih-hái-tông,鐵海棠
thih-hàn,鐵漢
thih-hio̍h-lân,鐵葉蘭
thih-hōo-suànn,鐵雨傘
thih-iam,鐵閹
thih-ìn,鐵印
thih-kah,鐵甲
thih-kah-tshia,鐵甲車
thih-kah-ku,鐵甲蛄
thih-kan-tsìng,鐵干證
thih-kan-tsìng,鐵乾證
thih-kang-tshiúnn,鐵工廠
thih-kau,鐵鉤
thih-kau-tsháu,鐵鉤草
thih-kè,鐵架
thih-ke-nn̄g,鐵雞卵
thih-khan,鐵牽
thih-khí,鐵齒
thih-khí-ông,鐵齒王
thih-khì,鐵器
thih-khòng,鐵礦
thih-khòng-tsio̍h,鐵礦石
thih-khoo,鐵箍
thih-khuí,鐵軌
thih-ki,鐵枝
thih-ki-lōo,鐵枝路
thih-kim-ku,鐵金龜
thih-kiô,鐵橋
thih-kiû,鐵球
thih-kuàn,鐵罐
thih-kuan-im,鐵觀音
thih-kóng,鐵管
thih-kóng-á,鐵管仔
thih-kòng-thih,鐵摃鐵
thih-kú-tshài,鐵韭菜
thih-kuī,鐵櫃
thih-kùn,鐵棍
thih-kûn-thâu,鐵拳頭
thih-kut-mn̂g,鐵骨毛
thih-kut-senn,鐵骨生
thih-lám,鐵纜
thih-lân,鐵蘭
thih-lâng,鐵人
thih-lî-pa,鐵籬笆
thih-liān,鐵鍊
thih-liān,鐵鏈
thih-lōo,鐵路
thih-lōo-bāng,鐵路網
thih-mn̂g,鐵門
thih-muâ-pinn,鐵麻鞭
thih-niau,鐵貓
thih-uán,鐵腕
thih-pán,鐵板
thih-pê,鐵耙
thih-pē-á,鐵耙仔
thih-phiánn,鐵片
thih-phiánn,鐵鉼
thih-piánn,鐵餅
thih-pín-tann,鐵扁擔
thih-pit,鐵筆
thih-pit-tsuí,鐵筆水
thih-pit-that,鐵筆that
thih-pn̄g-uánn,鐵飯碗
thih-pô,鐵婆
thih-sái,鐵屎
thih-sàu-tshiú,鐵掃帚
thih-sian,鐵sian
thih-sian,鐵鉎
thih-si-bāng,鐵絲網
thih-siunn,鐵箱
thih-sng,鐵栓
thih-sǹg-puânn,鐵算盤
thih-sua,鐵沙
thih-suànn,鐵線
thih-suànn-bāng,鐵線網
thih-suànn-tsián,鐵線剪
thih-suànn-kueh,鐵線蕨
thih-suànn-kù,鐵線鋸
thih-suànn-pui̍h,鐵線拔
thih-suànn-tîn,鐵線藤
thih-so̍k,鐵槊
thih-sut-á,鐵摔仔
thih-tah,鐵搭
thih-tê,鐵蹄
thih-ting,鐵釘
thih-tīng,鐵定
thih-ting-bán,鐵釘挽
thih-ting-lê,鐵釘螺
thih-ting-ngeh,鐵釘鋏
thih-thah,鐵塔
thih-thang,鐵窗
thih-tháng,鐵桶
thih-tháng-kiânn,鐵桶檠
thih-thuh,鐵thuh
thih-thuî,鐵錘
thih-thuî,鐵鎚
thih-tiam,鐵砧
thih-tiàu-kuann,鐵釣竿
thih-tiâu,鐵條
thih-tiò-kuann,鐵釣竿
thih-tiō,鐵銚
thih-tō,鐵道
thim,琛
thìm,thìm
thīm,thīm
thinn,天
thinn,添
thìn,趁
thìnn,撐
thìnn-ām,撐頷
thìnn-ba̍k,盯目
thìnn-tsāi,撐在
thìnn-ē-tiâu,撐會tiâu
thìnn-khui,撐開
thìnn-kuânn-thiàu,撐竿跳
thìnn-mn̂g-bīn,撐門面
thìnn-sai,撐腮
thìnn-thâu,撐頭
thìnn-thuí,撐腿
thìnn--tiâu,撐tiâu
thìnn-tiûnn-bīn,撐場面
thîn,thîn
thînn,瞪
thînn-ba̍k,瞠目
thînn-ba̍k,瞪目
thîn-tsiú,斟酒
thîn-tsiú,滕酒
thîn-tsuí,thîn水
thîn-hiat-ka̍k,斟hiat-ka̍k
thînn-kng,瞪光
thîn-tê,thîn茶
thîn-tê,斟茶
thīnn,thīnn
thīn,媵
thīn-ha̍p,thīnn合
thīn-kàu-té,媵到底
thīn-kàu-té,滕到底
thīn--lâng,膢人
thīn--lâng--loo,膢人嘍
thīnn-liú-á,thīnn紐仔
thīnn-uá,thīnn倚
thīnn-uá,紩倚
thīnn-sann,thīnn衫
thīnn-sann,紩衫
thīn-thâu,媵頭
thinn-àm,天暗
thinn-āu-tsan,添後chan
thinn-beh-kng,天欲光
thinn-bô-ba̍k,天無目
thinn-buē-kng,天未光
thinn-tsénn,天井
thinn-tshài,添菜
thinn-tsha-tē,天差地
thinn-tshing,天清
thinn-tshioh,天尺
thinn-tshng,天瘡
thinn-tsù-tiānn,天註定
thinn-tsuí,添水
thinn-ē,天下
thinn-hā,天下
thinn-hiannh-oo,天翕烏
thinn-huánn-huánn,天幻幻
thinn-hué,天火
thinn-huè,添貨
thinn-hûn-bué,天雲尾
thinn-iû,添油
thinn-ka,添加
thinn-ka-bu̍t,添加物
thinn-kè,添價
thinn-kha-ē,天腳下
thinn-khì,天氣
thinn-khui,天開
thinn-kng,天光
thinn-kng-báu,天光卯
thinn-kng-tsá,天光早
thinn-kng-sî,天光時
thinn-kong,天公
thinn-kong-tsóo,天公祖
thinn-kong-lôo,天公爐
thinn-kong-peh,天公伯
thinn-kong-phuà,天公破
thinn-kong-senn,天公生
thinn-kong-tíng,天公頂
thinn-kong-tuânn,天公壇
thinn-kui,天規
thinn-lí,天理
thinn-lōo,天路
thinn-lōo,天露
thinn-má,天媽
thinn-nî,天年
thinn-oo,天烏
thinn-oo-im,天烏陰
thinn-pē,天父
thinn-phan-tîn,天攀藤
thinn-phú-kng,天phú光
thinn-phú-kng,天昲光
thinn-pinn,天邊
thinn-pînn,天棚
thinn-pn̄g,添飯
thinn-póo,添補
thinn-sài,天使
thinn-sik,天色
thinn-sî,天時
thinn-tāng,添重
thinn-ta-sò,天凋燥
thinn-tē,天地
thinn-tē-bué,天地尾
thinn-tē-lāi,天地內
thinn-tē-pinn,天地邊
thinn-tíng,天頂
thinn-tíng-kè,天頂價
thinn-thang,天窗
thinn-thâu,添頭
thinn-thiah-ha̍h,天拆笚
thinn-thiap,添帖
thinn-thiap,添貼
thinn-thui,天梯
thinn-tuā,天大
thinn-ū-ba̍k,天有目
thinn-uī,天位
thio,挑
thiò-bí,糶米
thiò-tshik,糶粟
thiò-tshik-á,糶粟仔
thiô-tsi̍h-im,跳舌音
thio-bîng,挑明
thio-tshénn,挑醒
thio-tshiú-pîng,挑手爿
thio-tsînn,挑錢
thio-hue,挑花
thiok,蓄
thio-kam,挑疳
thiok-bo̍k,畜牧
thiok-bo̍k-gia̍p,畜牧業
thiok-bo̍k-ha̍k,畜牧學
thiok-bo̍k-tiûnn,畜牧場
thiok-tsuí-tî,蓄水池
thiok-im-ki,蓄音機
thiok-luī,畜類
thiok-sán,畜產
thiok-sán-phín,畜產品
thiok-tiān-khì,蓄電器
thiok-tiān-liāng,蓄電量
thiok-tiān-tî,蓄電池
thióng,冢
thióng,塚
thióng-á,塚仔
thióng-á-tsiáu,塚仔鳥
thióng-á-poo,冢仔埔
thióng-á-poo,塚仔埔
thióng-á-suann,冢仔山
thióng-á-suann,塚仔山
thióng-á-tē,冢仔地
thióng-ài,寵愛
thióng-iū,寵佑
thióng-jî,寵兒
thióng-khuân,寵權
thióng-sīng,寵乘
thióng-suann,冢山
thióng-suann,塚山
thióng-tē,冢地
thiòng,暢
thiòng-but-but,暢勿勿
thiòng-but-but,暢粅粅
thiòng-hīn,痛恨
thiòng-kóo,暢古
thiòng-lo̍k,暢樂
thiòng-uē,暢話
thiòng-pán,暢板
thiòng-phut-phut,暢phut-phut
thiòng-sià,暢舍
thiòng-sià-kiánn,暢舍囝
thiòng-siau,暢銷
thiòng-siau-su,暢銷書
thiòng-tâm,暢談
thiòng-ta̍t,暢達
thiòng-thâu,暢頭
thiòng-thiòng,暢暢
thiong-sim,衷心
thio-tak,挑觸
thio-ting,挑燈
thit,thit
thit-ti̍t,thit直
thiu,抽
thiu,紬
thiú,丑
thiú-á,丑仔
thiú-á-hì,丑仔戲
thiú-kioh,醜腳
thiu-āu-kha,抽後腳
thiu-āu-suànn,抽後線
thiu-tsa,抽查
thiu-tshiam,抽籤
thiu-tshuah,抽chhoah
thiu-tshú,抽取
thiu-tshut,抽出
thiu-tsióng,抽獎
thiu-tsuí,抽水
thiu-tsuí-ki,抽水機
thiu-huè-siū,抽歲壽
thiu-hueh,抽血
thiu-hong-ki,抽風機
thiu-hun,抽分
thiu-hūn,抽份
thiu-iūnn,抽樣
thiu-khang,抽空
thiu-khau,抽鬮
thiu-khì-ki,抽氣機
thiu-khó,抽考
thiu-kiàm,抽劍
thiu-kin,抽筋
thiu-kin-tsìng,抽筋症
thiu-ko,抽高
thiu-kó,抽稿
thiu-kuân,抽高
thiu-lò,抽lò
thiúnn-á,丑仔
thiúnn-ah,丑鴨
thiúnn-kioh,丑腳
thiunn-tuànn,丑旦
thiu-uānn,抽換
thiu-ping,抽兵
thiu-puah,抽撥
thiu-si,抽絲
thiu-siânn,抽成
thiu-siōng,抽象
thiu-siōng-lūn,抽象論
thiu-siōng-uē,抽象畫
thiu-siū,抽壽
thiu-sua,抽砂
thiu-suè,抽稅
thiu-tāng,抽動
thiu-thāng,抽弄
thiu-thâu,抽頭
thiu-thè,抽退
thiu-thiànn,抽疼
thiu-thiànn,抽痛
thiu-thiu,抽抽
thiu-thuah,抽脫
thiu-thuat,抽脫
thiu-tn̂g,抽長
thiu-to,抽刀
thng,湯
thǹg,兌
thǹg,燙
thǹg,褪
thǹg-bō,褪帽
thǹg-tshiah-kha,褪赤腳
thǹg-tshiah-theh,褪赤裼
thǹg-tshiú,燙手
thǹg-gê,褪牙
thǹg-hà,褪孝
thǹg-khak,脫殼
thǹg-khak,褪殼
thǹg-khí,褪齒
thǹg-khòo-lān,褪褲lān
thǹg-khòo-lān,褪褲膦
thǹg-kng-kng,褪光光
thǹg-lâng,褪人
thǹg--lâng,褪人
thǹg--lo̍h-lâi,褪落來
thǹg-mn̂g,褪毛
thǹg-moo,褪毛
thǹg-pak-theh,褪剝裼
thǹg-pak-theh,褪腹澈
thǹg-phí,褪疕
thǹg-phuê,褪皮
thǹg-phuê-tshiū,褪皮樹
thǹg-phòng-phā,燙碰pha
thǹg-sann,褪衫
thǹg-sau,褪脩
thǹg-sik,退色
thǹg-siong,燙傷
thǹg-té,褪底
thǹg-thè-thè,褪thè-thè
thǹg-theh-be̍h,褪裼麥
thǹg-theh-theh,褪澈澈
thǹg-theh-theh,褪裼裼
thǹg-tiàm-té,褪店底
thǹg-tiāu,褪掉
thǹg-tio̍h,燙著
thǹg--tio̍h,燙著
thn̂g,thn̂g
thn̂g,團
thn̂g,糖
thn̂g-á,糖仔
thn̂g-á-tshiám,糖仔扦
thn̂g-á-piánn,糖仔餅
thn̂g-á-ting,糖仔燈
thn̂g-ang-á,糖尪仔
thn̂g-āu-sû,傳後嗣
thn̂g-bi̍t,糖蜜
thn̂g-tsing,糖精
thn̂g-tsíng,傳種
thn̂g-tshang,糖蔥
thn̂g-tshing,糖清
thn̂g-tshia,糖車
thn̂g-tshiúnn,糖廠
thn̂g-tsiunn,糖漿
thn̂g-tsuí,糖水
thn̂g-gia̍p,糖業
thn̂g-hiunn-hué,傳香火
thn̂g-hiunn-ian,傳香煙
thn̂g-jiō-pēnn,糖尿病
thn̂g-kam,糖甘
thn̂g-kâm-á,糖含仔
thn̂g-kam-tinn,糖甘甜
thn̂g-kâu,糖猴
thn̂g-ko,糖膏
thn̂g-kó,糖果
thn̂g-lāu,糖漏
thn̂g-oo,糖烏
thn̂g-pang,糖枋
thn̂g-phōo,糖
thn̂g-sng,糖霜
thn̂g-sng-uân,糖霜丸
thn̄g,杖
thn̄g,搪
thn̄g,碭
thn̄g-tshài,thn̄g菜
thn̄g-tshài,燙菜
thn̄g-tshìn-muâi,燙凊糜
thn̄g-tshìn-muê,燙凊糜
thn̄g-tshìn-pn̄g,燙凊飯
thn̄g-kng,碭光
thn̄g-sio,thn̄g燒
thn̄g-sio,燙燒
thng-tsuânn,湯泉
thng-sî,湯匙
thng-sî-á,湯匙仔
thng-thâu,湯頭
thng-thng,湯湯
thng-tî,湯池
tho,叨
thó,討
thó-bô-bīn,討無面
thó-tsa-bóo,討查某
thó-tsè,討債
thó-tsè-tsia̍h,討債食
thó-tsè-kiánn,討債囝
thó-tsè-mi̍h,討債物
thó-tsîng,討情
thó-tsia̍h,討食
thó-tsiàn,討戰
thó-tsînn,討錢
thó-tsiunn,土樟
thó-hái,討海
thó-hái-á,討海仔
thó-hái-ê,討海的
thó-hî,討魚
thó-hî-pô,討魚婆
thó-hó,討好
thó-hó--lâng,討好人
thó-hué-kì,討夥計
thó-ià,討厭
thó-iàm,討厭
thó-jîn-tsîng,討人情
thó-ka̍k,討掬
thó-kik-sim,討激心
thó-kha-kiânn,討腳行
thó-khè-hiann,討契兄
thó-khit,討乞
thó-kín-kín,討緊緊
thó-kiù-ping,討救兵
thó-kong,討功
thó-kong-lô,討功勞
thó-lâng,討人
thó-lâng-miā,討人命
thó-lia̍h,討lia̍h
thó-lia̍h,討掠
thó-lūn,討論
thó-lūn--tio̍h,討論著
thó-miā,討命
thó-pênn,討平
thó-phuê-thiànn,討皮疼
thó-sí,討死
thó-siàu,討數
thó-siúnn,討賞
thó-sue,討衰
thó-thàn,討趁
thó-tī-kong,土地公
thó-tī-má,土地媽
thó--tńg-lâi,討轉來
thó-tńg--lâi,討轉來
thó-tò-tńg,討倒轉
thò,妥
thò,套
thò-bôo,套謀
thò-tsiau,套招
thò-tsinn,套櫼
thò-tsînn,套錢
thò-tsng,套裝
thò-hì,套戲
thò-hia̍p,妥協
thò-huē,套匯
thò-king,套供
thò-khang,套空
thò-kha-pōo,套腳步
thò-kháu-king,套口供
thò-kio̍k,套劇
thò-lí,套裡
thò-lī,套利
thò-lô,套牢
thò-pâng,套房
thò-phâu,套袍
thò-pòo,套布
thò-sio̍k,套俗
thò-siū-i,套壽衣
thò-thâu,套頭
thò-thâu-uē,套頭話
thò-thiat,套徹
thò-thò,套套
thò-thò-á,妥妥仔
thò-tiâu,套椆
thò-ti̍t,妥直
thò-ti̍t,套直
thò-ti̍t-lâng,妥直人
thò-tòng,妥當
thò-tòng,恰當
thô,桃
thô-á,桃仔
thô-á-bīn,桃仔面
thô-á-tsang,桃仔鬃
thô-á-tshiám,桃仔鋟
thô-á-tshiū,桃仔樹
thô-á-tsí,桃仔子
thô-á-hn̂g,桃仔園
thô-á-hu̍t,桃仔核
thô-á-liám,桃仔苒
thô-á-lîn,桃仔仁
thô-á-sînn,桃子鹽
thô-âng-sik,桃紅色
thô-guân,桃源
thô-hn̂g-tshī,桃園市
thô-hn̂g-kuān,桃園縣
thô-hue,桃花
thô-hue-bīn,桃花面
thô-hue-sìng,桃花性
thô-hue-siáu,桃花痟
thô-hue-ūn,桃花運
thô-ki,桃枝
thô-lí,桃李
thô-pîng,桃旁
thô-tik,桃竹
thua,拖
thuā,汏
thuā,汰
thuā,導
thuā-tshiú-gē,汏手藝
thuā-tshuì,汰嘴
thuā-uánn,汏碗
thuā-pháinn,汏歹
thuā-pháinn,汰歹
thuā-sann,汏衫
thuā-sann,汰衫
thua-á,拖仔
thua-á-ê,拖仔鞋
thua-āu-thuí,拖後腿
thua-ba̍k-bué,拖目尾
thua-buà,拖磨
thua-buâ,拖磨
thua-bué-tshenn,拖尾星
thua-tsè,拖債
thua-tshia,拖車
thua-tshuê,拖摧
thua-tsûn,拖船
thuah,thoah
thuah,挩
thuah,屜
thuah,脫
thuah,獺
thuah-á,拖仔
thuah-á,屜仔
thuah-ba̍k,拖目
thuah--khui,thoah開
thuah-kuè,脫過
thuah-liān-á,拖鍊仔
thuah-li̍t-tsí,脫日子
thuah-liú,屜紐
thuah-mn̂g,thoah門
thuah-mn̂g,拖門
thua-hōo-pênn,拖hōo平
thuah-se,獺魦
thuah-thang,拖窗
thuah-thang,脫窗
thuah-thang-ba̍k,拖窗目
thuah-thiu,屜抽
thua-iân,拖延
thua-kang,拖工
thua-khiàm,拖欠
thua-kuè,拖過
thua--kuè-khì,拖過去
thua-lāu-miā,拖老命
thua-luī,拖累
thua-miā,拖命
thuann,攤
thuánn-tsháu,thuánn草
thuánn-pênn,thuánn平
thuánn-thôo,thuánn土
thuànn,炭
thuànn,湠
thuànn,澶
thuànn-tsân,炭層
thuànn-tsâng,湠叢
thuànn-tsíng,湠種
thuànn-tsháu,湠草
thuànn-tsí-á,炭子仔
thuànn-huà,碳化
thuànn-huà-bu̍t,碳化物
thuànn-hué,炭火
thuànn-iam,炭閹
thuànn-iù,炭幼
thuànn-khòng,炭礦
thuànn-khui,湠開
thuànn-kiánn,湠囝
thuàn-lī,篆字
thuànn-lián-á,炭輦仔
thuàn-liān,鍛鍊
thuànn-lôo,炭爐
thuànn-nn̄g,湠卵
thuànn-uân-á,炭丸仔
thuànn-uē,炭畫
thuànn-pit,炭筆
thuànn-sái,炭屎
thuànn-sap-á,炭屑仔
thuànn-sng,碳酸
thuànn-sng-iâm,碳酸鹽
thuànn-sng-kah,碳酸鉀
thuànn-sòo,碳素
thuànn-tâm,湠澹
thuànn-uī,炭畫
thuân,傳
thuân-bûn,傳聞
thuân-tsíng,傳種
thuân-tsîng,傳情
thuân-tshut,傳出
thuân-tsiap,傳接
thuân-tsin,傳真
thuân-tsin-ki,傳真機
thuân-tsū,團聚
thuân-giân,傳言
thuân-huê,傳回
thuân-hok-im,傳福音
thuân-hōo,傳hōo
thuân-înn,團圓
thuân-iông,傳揚
thuân-jiám,傳染
thuân-jiám-pēnn,傳染病
thuân-jia̍t,傳熱
thuân-ka,傳家
thuân-ka-pó,傳家寶
thuân-káu-sū,傳教士
thuân-kàu,傳到
thuân-kàu,傳教
thuân-kàu-khu,傳教區
thuân-kàu-uân,傳教員
thuân-khui,傳開
thuân-kî,傳奇
thuân-kiánn-sun,傳囝孫
thuân-kiat,團結
thuân-kiat-li̍k,團結力
thuân-kiat-sim,團結心
thuân-lâi,傳來
thuân-līng,傳令
thuân-liám,傳染
thuân-lô,傳鑼
thuân--lo̍h-khì,傳落去
thuân-miâ,傳名
thuân-miâ-siann,傳名聲
thuân-uân,團員
thuân-ua̍t,傳閱
thuân-uē-tâng,傳話筒
thuân-pài,團拜
thuân-phiò,傳票
thuân-piàn,傳遍
thuân-pòo,傳播
thuân-sàng,傳送
thuân-sè,傳世
thuân-sîng,傳承
thuân-sìn,傳信
thuân-sìn,傳訊
thuân-si̍p,傳習
thuân-siū,傳授
thuân-suat,傳說
thuân-su,傳輸
thuân-sû,傳嗣
thuân-su̍t,傳述
thuân-tāi,傳代
thuân-ta̍t,傳達
thuân-ta̍t-sik,傳達室
thuân-tē,傳遞
thuân-thé,團體
thuân-thé-tshau,團體操
thuân-thuân-înn,團團圓
thuân-thóng,傳統
thuân-tiàu,傳召
thuân-tiúnn,團長
thuân-tō,傳道
thuân-tō-su,傳道師
thuân-tuann,傳單
thuân-tōng,傳動
thuân-tuī,團隊
thuān-jī,篆字
thuān-su,篆書
thuann-tsînn,攤錢
thuann-hîng,攤還
thuann-huàn,攤販
thuann-huân,攤還
thuann-khuán,攤款
thua-nuā,拖懶
thuann-té,攤底
thuann-thâu,攤頭
thuann-uī,攤位
thua-pênn,拖平
thua-pênn,拖棚
thua-pēnn,拖病
thua-phâng,拖帆
thua-phiann,拖骿
thua-pok,拖駁
thua-pòo,拖布
thua-sái-liân,拖屎連
thua-sî-kan,拖時間
thua-sin-miā,拖身命
thua-sua,拖沙
thuat-á,脫仔
thua-táu,拖斗
thuat-bián,脫免
thuat-bō,脫帽
thuat-tsáu,脫走
thuat-tsáu-lī,脫走離
thuat-tsi̍k,脫籍
thuat-tsíng,脫種
thuat-tshiú,脫手
thuat-tsiat,脫節
thuat-tsi-mî,脫脂綿
thuat-tsuē,脫罪
thuat-tsuí,脫水
thuat-tsuí-ki,脫水機
thua-thê,拖提
thuat-hiám,脫險
thua-thi̍h,拖昳
thua-thi̍h,拖喋
thuat-huà,脫化
thua-thôo,拖土
thua-thuī,拖墜
thuat-i-bú,脫衣舞
thua-tînn,拖纏
thua-ti̍t,拖直
thuat-khì,脫氣
thuat-kó,脫稿
thuat-lī,脫離
thua-tn̂g,拖長
thuat-ngóo-hîng,脫五形
thua-tó,拖倒
thuat-pan,脫班
thuat-phuê,脫皮
thuat-put-lī,脫不離
thuat-sán,脫產
thuat-sik,脫色
thuat-sin,脫身
thuat-sin-lī,脫身離
thuat-siû,脫售
thuat-suànn,脫線
thuat-thè,脫退
thuat-tn̂g,脫腸
thuat-tô,脫逃
thuat-tóng,脫黨
thué,體
thué-thak,體thak
thuê-sì,頹勢
thuē-sîn,頹神
thuē-thuē,頹頹
thueh,替
thue̍h-king,the̍h-肩
thueh-kioh,替腳
thue-to,thoe刀
tho̍h,踱
thok,托
thok,拓
tho̍k-bu̍t,讀物
tho̍k-tsiá,讀者
tho̍k-pún,讀本
tho̍k-su,讀書
thok-bāng,托夢
thok-bāng,託夢
thok-bé,託買
thok-bē,託賣
thok-hong,拓荒
thok-hù,託付
thok-jî-sóo,托兒所
thok-kau,託交
thok-khuan,拓寬
thok-kuán,託管
thok-kuán-kuân,託管權
thok-lâng,託人
thok-pān,託辦
thok-puat,托缽
thok-sing,託生
thok-sin,託身
thok-thâu,托頭
thok-tián,拓展
thok-tiāng,託仗
thong,通
thong,湯
thóng,捅
thóng,統
thóng-tsè,統制
thóng-tsè-phín,統制品
thóng-tshing,統稱
thóng-tshiu,捅鬚
thóng-tshut,thóng出
thóng-tshut-lâi,捅出來
thóng-tsiàn,統戰
thóng-guā-gue̍h,捅外月
thóng-ha̍p,統合
thóng-hat,統轄
thóng-it,統一
thóng-kè,統計
thóng-kè-ha̍k,統計學
thóng-kiōng,統共
thóng-kuán,統管
thóng-líng,統領
thóng-phoo,統舖
thóng-siau,統銷
thóng-suè,統帥
thóng-sut,統率
thóng-thâu,thóng頭
thóng-thâu,捅頭
thóng-tī,統治
thóng-tī-tsiá,統治者
thóng-tiû,統籌
thòng-tshiat,痛慼
thòng-hīn,痛恨
thòng-hué,痛悔
thòng-khóo,痛苦
thòng-sim,痛心
thōng,幢
thōng-kang,宕工
thōng--khí-lâi,thōng起來
thōng-sî-ji̍t,宕時日
thōng-sî-li̍t,蕩時日
thong-âng,通紅
thong-bîng,通明
thong-bôo,通謀
thong-tsâi,通才
thong-tsik,通則
thong-tsîng,通情
thong-tshài,通菜
thong-tshing,通稱
thong-tshia,通車
thong-tship,通緝
thong-tshó,通草
thong-tsi̍p,通緝
thong-i̍k,通譯
thong-ênn,通楹
thong-gâu,通gâu
thong-ha̍k,通學
thong-ha̍k-sing,通學生
thong-hâng,通航
thong-hāng,通巷
thong-hîng,通行
thong-hîng-kuân,通行權
thong-huà,通化
thong-huè,通貨
thong-hong,通風
thong-hong-khang,通風空
thong-hong-ki,通風機
thong-hong-kóng,通風管
thong-hun,通婚
thong-iā,通夜
thong-iông,通揚
thong-iông,通融
thong-iōng,通用
thong-jiō,通尿
thong-jiō-kuán,通尿管
thong-kài,通蓋
thong-kan,通姦
thong-ke,通家
thong-ke,通街
thong-kha-tshng,通尻川
thong-kháu-king,通口供
thong-khì,通氣
thong-khîn,通勤
thong-kim-tsuá,通金紙
thong-kiōng,通共
thong-kò,通告
thong-kò-su,通告書
thong-kuan,通關
thong-kuan-khiàu,通關竅
thong-kuè,通過
thong-kóo,通鼓
thong-lâng-tsai,通人知
thong-lē,通例
thong-li̍k,通力
thong-lîng,通靈
thong-līng,通令
thong-lōo,通路
thong-lōo-kuī,通路櫃
thong-mê,通暝
thong-niû,通梁
thong-uē,通話
thong-o̍h,通學
thong-óng,通往
thong-pēnn,通病
thong-phe,通批
thong-piān,通便
thong-pò,通報
thong-puânn,通盤
thong-sè-kài,通世界
thong-sìng,通性
thong-sì-kè,通四界
thong-siau,通宵
thong-siau-sit,通消息
thong-sim-mī,通心麵
thong-sin,通身
thong-sìn,通信
thong-sìn,通訊
thong-sìn-lo̍k,通信錄
thong-sìn-uân,通訊員
thong-sìn-ping,通訊兵
thong-sio̍k,通俗
thong-sio̍k-huà,通俗化
thong-siong,通商
thong-siông,通常
thong-su,通書
thong-sú,通史
thong-sū,通事
thong-sūn,通順
thong-ta̍t,通達
thong-ti̍k,通敵
thong-tháu,通tháu
thong-tháu,通敁
thong-thàu,通透
thong-thé,通體
thong-thian-hā,通天下
thong-thian-hiáu,通天曉
thong-thinn,通天
thong-thinn-ē,通天下
thong-thò,通套
thong-thò-uē,通套話
thong-thong,通通
thong-ti,通知
thong-tiān,通電
thong-tiān-uē,通電話
thong-tia̍p,通牒
thong-ti-su,通知書
thong-ti-tuann,通知單
thong-tn̂g,通腸
thong-ūn,通運
thóo,土
thóo,吐
thóo-á-khang,兔仔空
thóo-bah-tsìnn,吐肉箭
thóo-ba̍k,吐目
thóo-ba̍k-luî,凸目雷
thóo-bo̍k-hē,土木系
thóo-bo̍k-pih,土木鱉
thóo-tsân,土層
thóo-tsè,土製
thóo-tshenn,土星
thóo-tshìng,土銃
thóo-tshuan-liân,土川連
thóo--tshut-lâi,吐出來
thóo-tsi̍h,吐舌
thóo-tsit,土質
thóo-tsit-á,土鯽仔
thóo-gîn,土銀
thóo-giû-tshik,土牛膝
thóo-giû-tshit,土牛七
thóo-hî,土魚
thóo-hng,土方
thóo-hō,土號
thóo-huan,土番
thóo-huat,土法
thóo-ho̍k-lîng,土茯苓
thóo-hong-bú,土風舞
thóo-huí,土匪
thóo-huí-á,土匪仔
thóo-huí-thâu,土匪頭
thóo-hun,土煙
thóo-iàn-tsú,土燕子
thóo-im,土音
thóo-ínn,吐蘡
thóo-io,土腰
thóo-io̍h,吐藥
thóo-jîn-sim,土人蔘
thóo-jio̍k-kuì,土肉桂
thóo-kái,土改
thóo-ke-á,土雞仔
thóo-king-kài,土荊芥
thóo-khiunn,土腔
thóo-khòo,土庫
thóo-khuì,吐氣
thóo-kong,土工
thóo-kong,土公
thóo-kong,土剛
thóo-kong-á,土公仔
thóo-kong-sìng,土剛性
thóo-kong-ti̍t,土公直
thóo-kong-ti̍t,土剛直
thóo-kuì,土桂
thóo-kùn,土棍
thóo-lān-sui,吐膦蓑
thóo-lâng,土人
thóo-la̍t,土力
thóo-lī-kong,土地公
thóo-miâ,土名
thóo-n̂g-peh,土黃柏
thóo-nī-kî,土耳其
thóo-uē,土話
thóo-pà,土霸
thóo-pà-ông,土霸王
thóo-pa-láu,土巴佬
thóo-pau-á,土包仔
thóo-pe̍h-tshài,土白菜
thóo-piáu,土婊
thóo-puàn-hā,土半夏
thóo-pòo,土布
thóo-pù-á,土富仔
thóo-sai-á,土師仔
thóo-sam,土杉
thóo-sán,土產
thóo-senn-á,土生仔
thóo-sìng,土性
thóo-siânn,土城
thóo-sio̍k,土俗
thóo-siūnn,土想
thóo-sǹg,土算
thóo-suah,土煞
thóo-sông,土倯
thóo-sông,土傖
thóo-sui,吐蓑
thóo-tē,土地
thóo-tē-biō,土地廟
thóo-tē-suè,土地稅
thóo-thóng-thâu,吐捅頭
thóo-thóo,土土
thóo-tī-kong,土地公
thóo-ti-bó,土知母
thóo-tîm-hiunn,土沉香
thóo-ti̍t,土直
thóo-tn̂g-thâu,吐腸頭
thóo-tuā-hông,土大黃
thóo-tuā-khuì,吐大氣
thóo-tóng-sim,土黨參
thóo-tù,土著
thòo,吐
thòo,兔
thòo-á,兔仔
thòo-á-bué,兔仔尾
thòo-á-tshài,兔仔菜
thòo-á-tsháu,兔仔草
thòo-á-phuê,兔仔皮
thòo-ba̍k,吐目
thòo-ba̍k-luî,吐目雷
thòo-bué-tsháu,兔尾草
thòo-tse,吐劑
thòo-tshiu,吐鬚
thòo--tshut-lâi,吐出來
thòo-tsuí,吐水
thòo-eh,吐呃
thòo-hiat,吐血
thòo-hīnn-tsháu,兔耳草
thòo-hueh,吐血
thòo-hueh-tsiáu,吐血鳥
thòo-hông,吐紅
thòo-kah-làu,吐佮落
thòo-khì,吐氣
thòo-khuì,吐氣
thòo-kiàm-kong,吐劍光
thòo-kiâm-siam,吐鹹瞻
thòo-làu,吐澇
thòo-ling,吐奶
thòo-liân-siân,吐連涎
thòo-liông-siân,吐龍涎
thòo-lō,吐露
thòo-pún,吐本
thòo-si,吐絲
thòo-si,菟絲
thòo-sià-tsìng,吐瀉症
thòo-suī,吐穗
thòo-thuat,兔脫
thòo-tuā-uē,吐大話
thòo-tûn,兔唇
thôo,土
thôo,塗
thôo-àng,土甕
thôo-ang-á,土尪仔
thôo-bah,土肉
thôo-bí-sua,土米沙
thôo-bí-sua,土米砂
thôo-bī,土味
thôo-bīn,土面
thôo-bó,土母
thôo-buah,土抹
thôo-buê-tsiunn,土糜漿
thôo-tsa̍p-puî,土雜肥
thôo-tshiah,土鍘
thôo-tshiâng,土戕
thôo-tshiûnn,土牆
thôo-tshiûnn-tsing,土牆春
thôo-tshuah-lâu,土chhoah流
thôo-tsit,土質
thôo-tsiu,土州
thôo-tsiunn,土漿
thôo-tsòng,土葬
thôo-tsu,土珠
thôo-tsuí,土水
thôo-tsuí-kang,土水工
thôo-tsuí-sai,土水師
thôo-e,土鍋
thôo-gâm-iû,土岩油
thôo-gû,土牛
thôo-hām,土陷
thôo-hiunn,土香
thôo-hiunn-thâu,土香頭
thôo-hong,塗方
thôo-hu,土灰
thôo-hún,土粉
thôo-hu̍t,土核
thôo-hu̍t-á,土佛仔
thôo-iû,土油
thôo-jiáng,土壤
thôo-jîn,土仁
thôo-jióng,土壤
thôo-kak,土角
thôo-káu,土垢
thôo-káu-á,土狗仔
thôo-kâu,土猴
thôo-kau-muâi,土溝糜
thôo-keh,土塥
thôo-kha,土腳
thôo-khang,土空
thôo-khàng,土壙
thôo-kha-tau,土腳兜
thôo-kha-té,土腳底
thôo-kha-tíng,土腳頂
thôo-khì,土氣
thôo-khòng,土壙
thôo-khòng-phang,土壙蜂
thôo-khut,土窟
thôo-kng-înn,土扛楹
thôo-kóo-tîn,土鼓藤
thôo-ku,土龜
thôo-kuí,土鬼
thôo-kut,土骨
thôo-lâng,土人
thôo-lâng,土礱
thôo-lâng-sim,土礱心
thôo-lîng,土龍
thôo-lîng,土鯪
thôo-lia̍p,土粒
thôo-liāu,土料
thôo-liông,土龍
thôo-liu,土溜
thôo-liu,土鰍
thôo-lûn,土崙
thôo-lūn,土崙
thôo-lūn-á,土崙仔
thôo-má-toh,thôo-má-toh
thôo-mê,土糜
thôo-muâi,土糜
thôo-muâi-tsiunn,土糜漿
thôo-muâi-khut,土糜窟
thôo-muâi-ko,土糜膏
thôo-n̂g,土黃
thôo-uân-á,土丸仔
thôo-pà,土霸
thôo-pa-láu,土巴老
thôo-pê-tsûn,土扒船
thôo-pe̍h,塗白
thôo-phang,土蜂
thôo-phiânn,塗坪
thôo-phue,土胚
thôo-phú,土蜅
thôo-pi-á,土嗶仔
thôo-pih,土鱉
thôo-pi-pu,土嗶垺
thôo-pit,土筆
thôo-pô,土婆
thôo-pô-íng,土婆湧
thôo-puânn,土盤
thôo-pue,土貝
thôo-puî,土肥
thôo-pùn,土糞
thôo-pu̍t-á,土佛仔
thôo-sat,土虱
thôo-sik,土色
thôo-sìng,土性
thôo-siāng,土像
thôo-siōng,土像
thôo-siûnn,土siûnn
thôo-sua,土沙
thôo-sua-hún,土沙粉
thôo-sún,土筍
thôo-tāu,土豆
thôo-tāu-hu,土豆麩
thôo-tāu-iû,土豆油
thôo-tāu-jîn,土豆仁
thôo-tāu-kū,土豆舅
thôo-tāu-lia̍p,土豆粒
thôo-tāu-lîn,土豆仁
thôo-tāu-mo̍oh,土豆膜
thôo-tāu-ngeh,土豆莢
thôo-tāu-thn̂g,土豆糖
thôo-té,土底
thôo-tè,土塊
thôo-thâu,土頭
thôo-thì-á,土剃仔
thôo-thô-thôo,土土土
thôo-thuah,塗獺
thôo-thua-hî,土拖魚
thôo-thuànn,土炭
thôo-thuànn-bua̍h,土炭末
thôo-thuànn-hu,土炭hu
thôo-thuànn-hu,土炭灰
thôo-thuànn-iù,土炭幼
thôo-thuànn-iû,土炭油
thôo-thuànn-khì,土炭氣
thôo-thuànn-lôo,土炭爐
thôo-thuànn-sái,土炭屎
thôo-thôo-thôo,土土土
thôo-thuh,土thuh
thôo-thuh,土托
thôo-thuh,土魠
thôo-thuh-hî,土托魚
thôo-tîn,土藤
thôo-tn̂g,土塘
thôo-tn̂g,土剸
thôo-to,土刀
thôo-tui,土堆
thôo-un,土
thôo-ún,土蚓
thōo,度
thōo,渡
thōo-ám,渡ám
thōo-kún,土蚓
thōo-tê,渡茶
thōo-thng,渡湯
thoo-kè-sòo,thoo-kè-sòo
thú,杵
thú,褚
thú-tsông,儲藏
thú-tsûn,儲存
thú-hōo,儲戶
thú-khuán,儲款
thú-kim,儲金
thú-pī,儲備
thú-thiok,儲蓄
thû,躇
thû-liāng,儲量
thû-tê,躇茶
thû-tiap-kú,躇tiap久
thuh,thuh
thu̍h,tu̍h
thuh-á,thuh仔
thuh-tsing-sîn,托精神
thuh-tshàu,托臭
thuh-tshénn,托醒
thuh-tshuì-khí,thuh嘴齒
thuh-tshuì-khí,托嘴齒
thuh-ē-huâi,托下頦
thuh-ē-táu,托下斗
thuh-hia̍h,禿額
thuh--khí-lâi,thuh起來
thuh-kuái-á,thuh拐仔
thuh-kuái-á,托枴仔
thuh-kuân,thuh高
thuh-uē-kut,托話骨
thuh-phuà,thuh破
thuh-phuà,托破
thuh-thâu,禿頭
thuh-thôo-kha,thuh土腳
thuh-thôo-ki,thuh土機
thuh-tiâu,托椆
thui,推
thui,梯
thuí,腿
thuí-bah,腿肉
thuí-khòo,腿褲
thuí-kóo-bah,腿股肉
thuí-kóo-thâu,腿股頭
thuí-lûn,腿輪
thuí-pau,腿包
thuí-thâu,腿頭
thuí-thâu-kut,腿頭骨
thuì,替
thuì-tsióng,兌獎
thuì-khí,替齒
thuì-mn̂g,兌毛
thuì-mn̂g,蛻毛
thuì-moo,蛻毛
thuì-uānn,兌換
thuì-uānn,替換
thuì-pau,替包
thuì-piàn,蛻變
thuì-póo,替補
thuì-póo,蛻補
thuì-sin,替身
thuì-tāi,替代
thuî,椎
thuî,槌
thuî,錘
thuî-á,槌仔
thuî-á,錘仔
thuî-á-bīn,槌仔面
thuî-kiû,槌球
thuî-ko,槌哥
thuî-kòng-thih,槌摃鐵
thuî-kòng-thih,錘摃鐵
thuî-kòng-thih,鎚摃鐵
thuî-lóo,椎魯
thuî-thn̄g,槌杖
thuî-thuî,槌槌
thuī-tsî,倕糬
thui-tsàn,梯層
thui-tsik-jīm,推責任
thui-tshik,推測
thui-tshut,推出
thui-tsiàn,推荐
thui-tsiàn,推薦
thui-tsiàn-su,推薦書
thui-tsìn,推進
thui-tsìn-ki,推進機
thui-tsông,推崇
thui-hîng,推行
thui-hîng-jîn,推行人
thui-hiòng,推向
thui-huan,推翻
thui-î,推移
thui-ián,推演
thui-jiōng,推讓
thui-kha,推腳
thui-kí,推舉
thui-kim,推金
thui-kng,推光
thui-kóng,推廣
thui-lí,推理
thui-lūn,推論
thuìnn-moo,蛻毛
thui-ngē-á,推硬仔
thui-nńg-á,推軟仔
thui-phài,推派
thui-sià,推卸
thui-siāng,推上
thui-siau,推銷
thui-siau-uân,推銷員
thui-sióng,推想
thui-sǹg,推算
thui-suán,推選
thui-suàn,推算
thui-sû,推辭
thui-sū,推事
thui-tīng,推定
thui-thok,推託
thui-tián,推展
thui-tuàn,推斷
thui-tōng,推動
thun,吞
thún,thún
thún,腯
thún-ta̍h,thún踏
thún-ta̍h,踳踏
thùn,忳
thûn,塵
thûn-ai,塵埃
thûn-bó,豚母
thûn-bó,腯母
thûn-he,塵he
thûn-thuā,塵汏
thûn-thûn,thûn-thûn
thūn-bē-tīnn,thūn-bē-tīnn
thūn-tshng,墊倉
thūn-tshuì-khang,填嘴空
thūn-tshuì-khí,thūn嘴齒
thūn-huānn,thūn岸
thūn--lo̍h-khì,thūn落去
thūn-pak,墊腹
thūn-pak-tóo,填腹肚
thūn-pênn,thūn平
thūn-pún,thūn本
thūn-pún,填本
thūn-tē,thūn地
thūn-tē-ki,thūn地基
thūn-thôo,thūn土
thūn-thôo,填土
thūn-tó-ke,填倒街
thun-tsia̍h,吞食
thun-tsia̍h-lâng,吞食人
thun-tsiàm,吞占
thun-tsiàm,吞佔
thun--lo̍h-khì,吞落去
thun-lún,吞忍
thun-pìng,吞併
thun-sē,吞噬
thun-siann,吞聲
thun-thòo,吞吐
thun-tua̍t,吞奪
thut,thut
thu̍t,thu̍t
thu̍t-bué-pit,禿尾筆
thu̍t-tsáu,脫走
thu̍t-tshiâng,thu̍t腸
thu̍t-tshuì,thu̍t嘴
thu̍t-tshut,突出
thu̍t--tshut-khì,thu̍t出去
thu̍t-khì,thu̍t去
thu̍t-khū,thu̍t臼
thu̍t-kut,thu̍t-kut
thu̍t-lián,thu̍t-lián
thu̍t-lû,禿顱
thu̍t-lûn,thu̍t輪
thu̍t-sin,脫身
thu̍t-the,thu̍t胎
thu̍t-the,脫胎
thu̍t-tn̂g,thu̍t腸
thut-tshē,脫尺
thut-tshuê,脫箠
thut-tshuì,脫嘴
thut-ê,禿的
thut-kha,thut腳
thut-kha,脫腳
thut-khū,脫臼
thut-lián,脫輦
thut-lûn,脫輪
thut-mn̂g,thut毛
thut-tíng,禿頂
thut-thâu,禿頭
thut-thâu-pit,禿頭筆
thut-the,突胎
thut-tn̂g-thâu,脫腸頭
tí,底
tí,詆
tí-ah,抵押
tí-ah-kuân,抵押權
tí-ah-phín,抵押品
tí-bē-tio̍h,抵bē著
tí-tsè,抵制
tí-tshiok,抵觸
tí-tshiok,牴觸
tí-tsí,底止
tí-tsuē,抵罪
tí-tsū,抵住
tí-gia̍h,抵額
tí-gū,抵禦
tí-huân,抵還
tí-hù,抵付
tí-khàu,抵扣
tí-khòng,抵抗
tí-khòng-li̍k,抵抗力
tí-khòng-sìng,抵抗性
tí-sè,底細
tí-sik,抵塞
tí-siau,抵消
tí-siau,抵銷
tí-siàu,抵siàu
tí-sióng,抵償
tí-siông,抵償
tí-tak,抵觸
tí-ta̍t,抵達
tí-tik,抵敵
tí-thóng,抵統
tí-tong,抵當
tí-tòng,抵擋
tì,柢
tì,致
tì,智
tì,置
tì,蒂
tì-á,稚仔
tì-bīng,致命
tì-bīng-tshù,致命處
tì-bīng-siong,致命傷
tì-bō-á,戴帽仔
tì-bôo,智謀
tì-tsīng,致贈
tì-tsheh,著冊
tì-tshenn-tsháu,戴星草
tì-tshú,智取
tì-tsiá,智者
tì-tsiânn,致成
tì-tsok,著作
tì-tsok-tsiá,著作者
tì-gâm-bu̍t,致癌物
tì-gia̍p,置業
tì-hâm,致函
tì-hāu,致候
tì-hāu-sû,致候詞
tì-hīn,致恨
tì-hō,致賀
tì-hù,致富
tì-huī,智慧
tì-huī-hîng,智慧型
tì-ì,致意
tì-ìm,致蔭
tì-io̍k,智育
tì--kah,致甲
tì-kàu,致到
tì-kè-tsiáu,戴髻鳥
tì-kìng,致敬
tì-khí,智齒
tì-khí-lâi,戴起來
tì-khiàm,致歉
tì-le̍h-á,戴笠仔
tì-li̍k,致力
tì-li̍k,智力
tì-lîng,智能
tì-lîng,置靈
tì-lîng-huān,智能犯
tì-lîng-kē,智能低
tì-lī,智利
tì-lia̍k,智略
tì-lue̍h,戴笠
tì-lông,智囊
tì-lông-thuân,智囊團
tì-miā,致命
tì-pēnn,致病
tì-phí,戴疕
tì-sán,置產
tì-san-bō,戴山帽
tì-sàng,致送
tì-sik,智識
tì-sìng,致勝
tì-sí,致死
tì-siā,致謝
tì-sim,致心
tì-sin-miā,致身命
tì-siong,致傷
tì-siong,智商
tì-su,著書
tì-sú,致使
tì-sû,致詞
tì-sû,致辭
tì-su̍t,著述
tì-tāng,致重
tì-tiān,致電
tì-tiōng,致重
tì-tuā-bō,戴大帽
tî,池
tî,持
tî,除
tî,鋤
tî,遲
tî-á,池仔
tî-á,笛仔
tî-tsai,除災
tî-tsāi-guā,除在外
tî-tsi̍k,除籍
tî-tsháu,除草
tî-tshàu-tse,除臭劑
tî-tshing,除清
tî-tsuē,除罪
tî-tsuí,池水
tî-gô,池鵝
tî-guā,除外
tî-gōo,遲誤
tî-hāi,除害
tî-hō,除號
tî-huat,除法
tî-hông,持防
tî-hui,除非
tî-í,除以
tî-ia̍h,除役
tî-iân,遲延
tî--khì,除去
tî-kin,除根
tî-kuân,除權
tî-lîng,除靈
tî-liáu,除了
tî-miâ,除名
tî-pēnn,除病
tî-piàn-puî,池塘肥
tî-si̍k,除夕
tî-siāng,池上
tî-si̍t,除實
tî-thâu,鋤頭
tî-thâu-pènn,鋤頭柄
tî--tiāu,除掉
tî-tò,遲到
tî-tūn,遲鈍
tī,tī
tī,弟
tī,治
tī,箸
tī-tshù--nih,tī厝裡
tī-tshù-tíng,tī厝頂
tī-tsia,tī chia
tī-hái--nih,tī海裡
tī-hia,tī hia
tī-an,治安
tī-bîn,治民
tī-tshng,痔瘡
tī-tshù,tī厝
tī-tsuē,治罪
tī-tsuí,治水
tī-hā,治下
tī-ha̍k,治學
tī-hó,治好
tī-iau,治iau
tī-ka,治家
tī-ke,雉雞
tī-khia,箸奇
tī-kuân,治權
tī-kok,治國
tī-lāu,痔漏
tī-leh,tī-leh
tī-lîng,稚齡
tī-lí,治理
tī-liâu,治療
tī-liâu-huì,治療費
tī-luān,治亂
tī-pēnn,治病
tī-phiau,治標
tī-pún,治本
tī-sè,治世
tī--sí,治死
tī-sî,tī時
tī-sî,底時
tī-song,治喪
tī-sū,治事
tī-suí,治水
tī-tah,tī搭
tī-tah-uī,tī搭位
tī-tāi,值代
tī-tang-sî,tī當時
tī-teh,tī-teh
tī-tî,弟弟
tī-tuā-tāi,值大代
tia,爹
ti-á,豬仔
ti-á-kiánn,豬仔囝
tia-tshin,爹親
tiah,摘
tia̍h,滌
tia̍h-be̍h-á,糴麥仔
tia̍h-bí,糴米
tia̍h-tshik,糴粟
tia̍h-tshik-á,糴粟仔
tiah-tshiū-ue,摘樹oe
tiah-tshut,摘齣
tiah-tsit,摘職
tiah-hì,摘戲
tiah-hue,摘花
tiah-iàu,摘要
tiah-koo-pue,摘孤飛
tiah-koo-tuann,摘孤單
tiah-ngeh,摘鋏
tiak,tiak
tia̍k,逐
tia̍k-tshiú,逐手
tiak-hiān-sián,觸現錢
tiam,砧
tiám,點
tiám-á,點仔
tiám-á-ka,點仔膠
tiám-ba̍k-io̍h,點目藥
tiám-báu,點卯
tiám-tsik,點燭
tiám-tsing,點鐘
tiám-tshài,點菜
tiám-tshénn,點醒
tiám-tshiùnn,點唱
tiám-tshut,點出
tiám-tsiòng,點將
tiám-hia̍t,點穴
tiám-hiunn,點香
tiám-hué,點火
tiám-huè,點貨
tiám-hueh-lōo,點血路
tiám-ian-tsi,點胭脂
tiám-iû,點油
tiám-jī,點字
tiám-kau,點交
tiám-kì,點痣
tiám-kiám,點檢
tiám-kim-su̍t,點金術
tiám-kua,點歌
tiám-kù,點句
tiám-miâ,點名
tiám-ping,點兵
tiám-phuà,點破
tiám-puànn,點半
tiám-sìng-tsuí,點聖水
tiám-siann,點聲
tiám-sim,點心
tiám-sim-tànn,點心擔
tiám-siu,點收
tiám-sòo,點數
tiám-sòo-bo̍k,點數目
tiám-tánn,點打
tiám-ting,點燈
tiám-ting-iú,點燈酉
tiám-tiám-á,點點仔
tiám-tih,點滴
tiám-tîn,點陳
tiám-tuān,點斷
tiám-to̍h,點著
tiám--to̍h,點著
tiám-tuh,點tuh
tiám-tuh,點注
tiàm,tiàm
tiàm,店
tiàm-á,店仔
tiàm-âm-niau,站涵貓
tiàm-ba̍t-ba̍t,tiàm密密
tiàm-bī,沉沕
tiàm-bī-tsûn,沉沕船
tiàm-bīn,店面
tiàm-bīn-tshù,店面厝
tiàm-tsoo,店租
tiàm-tsú,店主
tiàm-tsuí-tsûn,踮水船
tiàm-hō,店號
tiàm-hong,站風
tiàm-hōo,店戶
tiàm-hōo,站雨
tiàm-kha,踮腳
tiàm-khang,踮孔
tiàm-khang-ku,踮孔龜
tiàm-kháu,店口
tiàm-lè,踮leh
tiàm--leh,tiàm--leh
tiàm-miâ,店名
tiàm-moo-niau,站摸貓
tiàm-niau,站貓
tiàm-uân,店員
tiàm-phòo,店舖
tiàm-suè,店稅
tiàm-té,店底
tiàm-thang-pang,店窗枋
tiàm-thâu,店頭
tiàm-thâu-ke,店頭家
tiàm-tiúnn,店長
tiàm-tó,店倒
tiâm-bī,沉沬
tiâm-tsuí,沉水
tiâm-tsûn,沉船
tiâm-tāng,沉重
tiâm-té,沉底
tiām,恬
tiām,扂
tiām,墊
tiām-á,墊仔
tiām-tsâi,恬才
tiām-tsâi,扂才
tiām-tsa̍t,恬實
tiām-tsīng,恬靜
tiām-tsīng,扂靜
tiām-tshinn-tshinn,恬淒淒
tiām-tsih-tsih,恬寂寂
tiām-tsiuh-tsiuh,恬啁啁
tiām-tsut-tsut,恬卒卒
tiām-hue-tsí,墊花籽
tiām-hong,恬風
tiām-hōo-tsāi,墊hōo在
tiām-hù,墊付
tiām-kha-tsio̍h,墊腳石
tiām-khah-kuân,墊卡高
tiām-khì,恬去
tiām-khuán,墊款
tiām-khuì,恬氣
tiām-ki,墊枝
tiām-tīng,恬碇
tiām-tī,恬稚
tiām-tī,扂治
tiām-tiām,恬恬
tiām-tiām,扂扂
tiām-tiām-á,扂扂仔
tiām-tiām-siūnn,恬恬想
tiām-tiānn,恬碇
tiām-tiānn,扂定
tiām-tîn,墊藤
tiām-tīnn,恬淀
tiām-tīnn,扂滇
tiām-tio̍k,恬著
tiam-ê,砧鞋
tiam-ê-ê,砧鞋的
tiam-khí,砧齒
tiam-phuê-ê,砧皮鞋
tiann,朾
tian,顛
tián,展
tiánn,鼎
tiánn-á,鼎仔
tián-ān,展限
tián-bē,典賣
tián-bōng,展望
tiánn-tsâi,鼎臍
tiánn-tsàu,鼎灶
tián-tsi̍k,典籍
tiánn-tshè,鼎tshè
tiánn-tshè,鼎撮
tiánn-tshíng,鼎筅
tián-tshiú-lōo,展手路
tiánn-tshuè,鼎tshuè
tiánn-tshue-tîn,鼎炊藤
tián-tshut,展出
tián-tsi̍t-pōo,展一步
tián-tsiú,碘酒
tián-ga̍k-kuann,典獄官
tián-ga̍k-tiúnn,典獄長
tián-gâu,展gâu
tián-gê,展牙
tián-hān,展限
tián-hîng,典型
tián-huà-bu̍t,碘化物
tián-huān,典範
tián-hông,展皇
tián-hông,展紅
tián-hong-sîn,展風神
tián-iân,展延
tián-ióng,展勇
tiánn-kám,鼎
tiánn-kám-phû,鼎kám浮
tián-kang-hu,展工夫
tián-kang-hu,展功夫
tián-kha-tshiú,展腳手
tiánn-khàm,鼎khàm
tiánn-khàm,鼎勘
tián-khang,展空
tián-khuè,典契
tián-khui,展開
tiánn-kuà,鼎蓋
tián-kong-lô,展功勞
tián-kòo,典故
tián-lám,展覽
tián-lé,典禮
tián-ngá,典雅
tián-uān,展緩
tiánn-ue-á,鼎鍋仔
tiánn-phí,鼎庀
tiánn-phí,鼎疕
tiánn-phok,鼎膊
tián-phóo,展譜
tián-pó,展寶
tián-pún-sū,展本事
tián-sī-huē,展示會
tiánn-sinn,鼎鉎
tián-sin-sì,展身勢
tián-si̍t,展翼
tiánn-te-phok,鼎低膊
tiánn-thûn,鼎塵
tián-tuā,展大
tián-ū-khang,展有空
tián-ui,展威
tián-ui-hîng,展威形
tián-ui-hong,展威風
tián-ui-la̍t,展威力
tiànn,碇
tiànn,錠
tiànn-tshia,碇車
tiànn-soh,錠索
tiânn,呈
tiânn,埕
tiân-tsoo,田租
tiân-hù,田賦
tiân-sài,田賽
tiânn-sua,埕鯊
tiânn-táu,埕斗
tiānn,定
tiānn,碇
tiānn,錠
tiān-ap,電壓
tiān-bō,電磨
tiān-bûn,電文
tiān-tsenn-thé,電晶體
tiān-tshia,電車
tiānn-tshia,碇車
tiān-tshiúnn,電廠
tiān-tshiùnn-ki,電唱機
tiān-tshue,電吹
tiānn-tsînn,定錢
tiān-tsio̍h,電石
tiān-tsu,電珠
tiān-tsú,電子
tiān-tsú-sóo,電子所
tiān-tsû-tsio̍h,電磁石
tiān-tsû-thih,電磁鐵
tiān-tsu-á,電珠仔
tiān-tsûn,電船
tiān-gán,電眼
tiān-gî,奠儀
tiānn-gîn,定銀
tiān-guân,電源
tiān-hā,奠下
tiān-hā,殿下
tiān-hān,電銲
tiānn-hîng,定型
tiān-hî,電魚
tiān-hō,電賀
tiān-huà,電化
tiān-huānn-tshìng,電焊銃
tiān-huānn-kang,電焊工
tiān-huat,電髮
tiān-hué,電火
tiān-hué-bái,電火寐
tiān-hué-hue,電火花
tiān-hué-io̍k,電火藥
tiān-hué-thiāu,電火柱
tiān-huè,電火
tiān-huē,電匯
tiān-hong,電風
tiān-hong-sìnn,電風扇
tiān-hōo,佃戶
tiān-huì,電費
tiān-hún,澱粉
tiān-hún-tsit,澱粉質
tiān-iánn,電影
tiān-iánn-inn,電影院
tiān-iánn-kài,電影界
tiān-iû,電油
tiān-jia̍t-khi,電熱器
tiān-kái,電解
tiān-kái-i̍k,電解液
tiān-kang,電工
tiān-kang-khînn,電工鉗
tiān-kik,電擊
tiān-ki̍k,電極
tiān-khè,佃契
tiānn-khì,定去
tiān-khì,電氣
tiān-khì,電器
tiānn--khì,定去
tiān-khì-ha̍k,電氣學
tiān-khì-hâng,電氣行
tiānn-kî,定期
tiān-ki-hē,電機系
tiānn-kim,定金
tiānn-kim,訂金
tiān-kim,電金
tiānn-kio̍k,定局
tiān-kiû-á,電球仔
tiān-ko,電鍋
tiān-kuàn-lîn,電罐仁
tiān-kong,電光
tiān-kong-phàu,電光炮
tiān-kun,殿軍
tiān-lám,電纜
tiānn-lé,定禮
tiān-li̍k,電力
tiān-li̍k-ha̍k,電力學
tiān-li̍k-pió,電力表
tiān-lîng,電能
tiān-lîng,電鈴
tiān-lī,電離
tiān-liāng,電量
tiān-liâu,電療
tiān-lîn,電仁
tiān-liû,電流
tiānn--lo̍h-lâi,定落來
tiān-lông,佃農
tiān-lôo,電爐
tiān-lōo,電路
tiān-lōo-pán,電路板
tiān-náu,電腦
tiān-náu-huà,電腦化
tiān-ue,電鍋
tiān-uē,電話
tiān-uē-ki,電話機
tiān-pân,電瓶
tiān-pho,電波
tiān-pió,電表
tiān-pit,電筆
tiān-pò,電報
tiān-pū-siunn,電孵箱
tiān-sí,電死
tiān-sī,電視
tiān-sī-bāng,電視網
tiān-sī-ki,電視機
tiān-sī-kio̍k,電視劇
tiān-sī-tâi,電視台
tiān-sìn,電信
tiān-sìnn,電扇
tiān-sìn,電訊
tiān-sìnn-hong,電扇風
tiān-sìnn-pháng,電扇紡
tiān-suànn,電線
tiānn-soh,碇索
tiān-tâi,電台
tiān-tâng,電銅
tiān-ting,電燈
tiān-ting-thiāu,電燈柱
tiān-thán,電毯
tiānn-thâu,定頭
tiān-thâu-tsang,電頭鬃
tiān-thâu-mn̂g,電頭毛
tiān-thiāu,電柱
tiān-thuân,電傳
tiān-thôo,電土
tiān-thui,電梯
tiān-tî,電池
tiānn-tiānn,定定
tiānn-tiānn-sīm,定定慎
tiānn-tiānn-ū,定定有
tiānn-tio̍h,定著
tiān-tio̍h,電著
tiān--tio̍h,電著
tiānn-tio̍h-tio̍h,定著著
tiān-tō,電導
tiān-tông,殿堂
tiān-tōng,電動
tiān-tōng-á,電動仔
tiān-tōng-tshia,電動車
tiān-tōng-ki,電動機
tiān-tōo,電鍍
tiān-uī,電位
tian-ap-kè,電壓計
tian-tshih,顛chhih
tiáng-puè,長輩
tiāng,丈
tian-gōng,癲戇
tian-hok,顛覆
tian-hong,顛峰
tian-hong,巔峰
tian-kiû,電球
tiann-lo̍h-tsuí,tiann落水
tiann--lo̍h-khì,tiann落去
tian-pēnn,癲病
tian-pô,癲婆
tian-pô-hue,癲婆花
tian-tò,顛倒
tian-tò-hiàng,顛倒向
tian-tò-hó,顛倒好
tian-tò-kóng,顛倒講
tian-tò-píng,顛倒反
tian-tò-pîng,顛倒爿
tian-tò-senn,顛倒生
tian-tò-sī,顛倒是
tian-tò-thâu,顛倒頭
tiap,輒
tia̍p,tia̍p
tia̍p,揲
tia̍p,蝶
tia̍p,霎
tia̍p,疊
tia̍p-phìnn,碟片
tiap-á-kú,tiap仔久
tiap-á-kú,輒仔久
tia̍t-sū,秩序
tia̍t-thîng-pán,跌停板
tiat-ha̍k,哲學
tiat-ha̍k-hē,哲學系
tiat-ha̍k-ka,哲學家
tiat-jîn,哲人
tiat-lí,哲理
tiau,刁
tiau,彫
tiau,朝
tiau,貂
tiau,雕
tiàu,吊
tiàu,窵
tiàu-ām,吊頷
tiàu-be̍h-tuà,吊襪帶
tiàu-bōo,召募
tiàu-bûn,弔文
tiàu-būn,弔問
tiàu-tsè,弔祭
tiàu-tsing,吊鐘
tiàu-tsing-hue,吊鐘花
tiàu-tshia,吊車
tiàu-tshia-bué,吊車尾
tiàu-tshia-lián,吊車尾
tiàu-tshìn,吊秤
tiàu-tshiú,吊手
tiàu-tshn̂g,吊床
tiàu-tsînn,調錢
tiàu-tsi̍p,召集
tiàu-tsi̍p,調集
tiàu-tsi̍p-jîn,召集人
tiàu-tsit,調職
tiàu-huàn,召喚
tiàu-huê,召回
tiàu-hông,吊hông
tiàu-io̍h,吊藥
tiàu-iōng,調用
tiàu-jīm,調任
tiàu-kak,吊角
tiàu-kak-tsuā,吊角逝
tiàu-ka-lé,吊傀儡
tiàu-kang-lâng,召工人
tiàu-kàu,調到
tiàu-kâu,吊猴
tiàu-kè,吊架
tiàu-khai,召開
tiàu-kha-sua,吊腳痧
tiàu--khí-lâi,吊起來
tiàu-khuân,吊環
tiàu-khòng-ngóo,吊空五
tiàu-kiàn,召見
tiàu-kiànn,召鏡
tiàu-kiànn,吊鏡
tiàu-kiô,吊橋
tiàu-ko,吊膏
tiàu-kuí,吊鬼
tiàu-kuí-á,吊鬼仔
tiàu-lâng,吊膿
tiàu-lé,弔禮
tiàu-lé,吊禮
tiàu-lī,調離
tiàu-lôo,吊爐
tiàu-mn̄g,召問
tiàu-ńg,吊
tiàu-uai,吊歪
tiàu-uán,tiàu遠
tiàu-uán,迢遠
tiàu-uán,窵遠
tiàu-uānn,調換
tiàu-uānn-pau,掉換包
tiàu-oo,吊烏
tiàu-oo,吊槔
tiàu-oo-tshìn,吊槔秤
tiàu-pe̍h-ba̍k,吊白目
tiàu-pe̍h-jîn,吊白仁
tiàu-pe̍h-lîn,吊白仁
tiàu-ping,召兵
tiàu-phài,調派
tiàu-pín,吊扁
tiàu-puah,調撥
tiàu-pue,吊杯
tiàu-sann,吊衫
tiàu-sí,吊死
tiàu-siau,吊銷
tiàu-sìnn,吊扇
tiàu-siong,吊傷
tiàu-si-thâng,吊絲蟲
tiàu-sò,吊燥
tiàu-suànn,吊線
tiàu-song,弔喪
tiàu-sû,弔詞
tiàu-sû,弔辭
tiàu-tāu,吊tāu
tiàu-tāu,吊脰
tiàu-tāu-kuí,吊脰鬼
tiàu-ting,召燈
tiàu-ting,吊燈
tiàu-tîng,吊亭
tiàu-ting-khòo,吊燈褲
tiàu-thang,吊窗
tiàu-thui,吊梯
tiàu-tiánn,吊鼎
tiàu-tò-thâu,吊倒頭
tiàu-tuà,吊帶
tiàu-tuā-tâng,吊大筒
tiàu-tuann,召單
tiàu-to̍k,吊毒
tiàu-tōng,調動
tiàu-tōo,調度
tiâu,tiâu
tiâu,牢
tiâu,條
tiâu-á,條仔
tiâu-ba̍k,條目
tiâu-bī,調味
tiâu-bī-liāu,調味料
tiâu-bī-phín,調味品
tiâu-bûn,條文
tiâu-bûn,條紋
tiâu-tse,調劑
tiâu-tsè,調製
tiâu-tsíng,調整
tiâu-tsîng,調情
tiâu-tsiat,調節
tiâu-tsiú,稠酒
tiâu-ê,朝鞋
tiâu-ha̍p,調合
tiâu-hì,調戲
tiâu-hô,調和
tiâu-hue,椆花
tiâu-hok,調幅
tiâu-hun,tiâu熏
tiâu-ì-kòo,特意故
tiâu-iá,朝野
tiâu-iáng,調養
tiâu-im,調音
tiâu-iok,條約
tiâu-ji̍t,朝日
tiâu-kang,特工
tiâu-kàu,調教
tiâu-kē,調低
tiâu-king-io̍h,調經藥
tiâu-khuán,條款
tiâu-ki,椆枝
tiâu-kiānn,條件
tiâu-kuân,調高
tiâu-kòo-ì,特故意
tiâu-kui,條規
tiâu-lâm,朝南
tiâu-lē,條例
tiâu-lí,條理
tiâu-lí,調理
tiâu-liû,潮流
tiâu-m̂,tiâu莓
tiâu-m̂,椆莓
tiâu-pài,朝拜
tiâu-pak,tiâu腹
tiâu-pak,朝北
tiâu-pán,朝板
tiâu-phiah,tiâu癖
tiâu-puî,牢肥
tiâu-sik,調色
tiâu-sik,調適
tiâu-si̍k,潮汐
tiâu-sìng,朝聖
tiâu-si,條絲
tiâu-sián,朝鮮
tiâu-sián-tông,朝鮮桐
tiâu-siau,條消
tiâu-si-hun,條絲煙
tiâu-si-hun,條絲熏
tiâu-sin,調薪
tiâu-sîn,朝臣
tiâu-sip,潮濕
tiâu-tāi,朝代
tiâu-tāi-bué,朝代尾
tiâu-té,椆底
tiâu-tē,朝代
tiâu-tē-bué,朝代尾
tiâu-tîng,朝廷
tiâu-thai,椆胎
tiâu-thinn,朝天
tiâu-tî,特持
tiâu-tī,調治
tiâu-tiánn,tiâu鼎
tiâu--tiâu,tiâu--tiâu
tiâu-tio̍h,椆著
tiâu-ti̍t,條直
tiâu-ti̍t-lâng,條直人
tiâu-tuānn,條段
tiâu-tuì,朝對
tiāu,召
tiāu,兆
tiāu,調
tiāu-sì,調勢
tiāu-thâu,兆頭
tiau-bân,刁頑
tiau-bân,刁蠻
tiau-tsa,調查
tiau-tsa-kio̍k,調查局
tiau-tsa-uân,調查員
tiau-tsa-su,調查書
tiau-tshí,貂鼠
tiau-hue,雕花
tiau-huē,朝會
tiau-ì-kòo,刁意故
tiau-iáng,調養
tiau-iáng,雕養
tiau-iông,朝陽
tiau-kái,調解
tiau-kang,刁工
tiau-ke,鵰雞
tiau-kè,刁價
tiau-khik,雕刻
tiau-khik-ka,雕刻家
tiau-khò,刁靠
tiau-kóo-tóng,刁古董
tiau-kóo-tóng,雕古董
tiau-kòo-ì,刁故意
tiau-lân,刁難
tiau-lân--lâng,刁難人
tiau--lâng,刁人
tiau-lîng-hê,雕龍蝦
tiau--lo̍h-lâi,雕落來
tiau-lōo,朝露
tiau-nuā,刁賴
tiau-uai,雕歪
tiau-uan,雕彎
tiau-phài,調派
tiau-phuè,調配
tiau-phuê,貂皮
tiau-siā,凋謝
tiau-siâm,貂蟬
tiau-siōng,雕像
tiau-sok,雕塑
tiau-ta̍t,雕達
tiau-thâu,凋頭
tiau-tî,刁持
tiau-tn̄g,刁斷
tiau-tok,雕琢
tiau-tok,雕督
ti-bah,豬肉
ti-bah-tiam,豬肉砧
ti-bó,豬母
ti-bó-tshài,豬母菜
ti-bó-tsháu,豬母草
ti-bó-tshîng,豬母松
ti-bó-kì,豬母鋸
ti-bó-ling,豬母奶
ti-bó-ni,豬母奶
ti-bó-tian,豬母癲
ti-tsang,豬鬃
ti-tsàu,豬灶
ti-tse,豬災
ti-tsîng,知情
ti-tshài,豬菜
ti-tshài-tsháu,豬菜草
ti-tshioh,豬尺
ti-tsih,豬舌
ti-tsi̍h,豬舌
ti-tsiok,知足
ti-tsô,豬槽
ti-tsuē,知罪
tih,tih
tih,嘀
tih,滴
ti̍h,tih
ti̍h,ti̍h
ti̍h,碟
ti̍h-á,碟子
ti̍h-á,碟仔
tih-ba̍k-sái,滴目屎
tih-beh,tih-beh
tih-beh-sí,tih-beh死
tih--tshut-lâi,滴出來
tih-tsuí,滴水
tih-hueh,滴血
tih-hōo,滴雨
ti-hì,豬肺
ti-hīnn-tông,豬耳桐
tih-kńg,滴管
tih-lé,滴禮
ti-huē,知會
tih-sih,擿熾
tih-sih-tshiú,擿熾手
tih-tāng-ke,擿動雞
tih-tap,嘀tap
tih-tih,弟弟
tih-tih-á,滴滴仔
tih-tok-ku,擿啄龜
tih-tuh,擿注
ti-im,知音
ti-io,豬腰
ti-io-hîng,豬腰形
ti-io-huān,豬腰範
ti-iú,知友
ti-iû,豬油
ti-jîn,知人
ti-kak,知覺
ti-kang,豬公
ti-kau,知交
ti-kha,豬腳
ti-kha-tsat,豬腳節
ti-kha-lâm,豬腳楠
ti-kha-tê,豬腳蹄
ti-kí,知己
ti-kìnn,知見
ti-kìnn-lâng,知見人
ti-kinn-tsiáu,知更鳥
ti-ko,豬哥
ti-ko-á,豬哥仔
ti-kuann,豬肝
ti-kuann-sik,豬肝色
ti-ko-tshuì,豬哥嘴
ti-ko-tsiann,豬哥精
ti-ko-gê,豬哥牙
ti-kong,豬公
ti-kong-gê,豬公牙
ti-kong-tîn,豬公藤
ti-ko-pê,豬哥耙
ti-ko-phiau,豬哥標
ti-ko-pōng,豬哥磅
ti-ko-sîn,豬哥神
ti-lâ,豬膋
ti-láng-tsháu,豬籠草
ti-lîng,知能
ti-liâu-puî,豬牢肥
ti-lông,豬櫳
tim,tim
tím-thâu,tìm頭
tìm,tìm
tìm-âng,tìm紅
tìm-âng,鈂紅
tìm-tshenn,tìm青
tìm-tshenn,黕青
tìm-tsio̍h-thâu,tìm石頭
tìm-tsio̍h-thâu,揕石頭
tìm-lâm,tìm藍
tìm-lâm,黕藍
tìm-li̍k,tìm綠
tìm-oo,tìm烏
tìm-sak,tìm-sak
tìm-sik,tìm色
tìm-sik,抌色
tìm-sik,鈂色
tìm-sí,tìm死
tìm-tāng,tìm重
tìm-táu,頓倒
tìm-thâu,tìm頭
tìm-thâu,頓頭
tìm-tiāu,tìm掉
tîm,沈
tîm-á-tsiú,沉仔酒
tîm-âng,沉紅
tîm-bê,沉迷
tîm-bîn,沈眠
tîm-tsāi,沈在
tîm-tsīng,沈靜
tîm-tsìm,沈浸
tîm-tsiú,沉酒
tîm-tsuí,沈水
tîm-tsuì,沈醉
tîm-tsûn,沈船
tîm-gîm,沉吟
tîm-hiunn,沈香
tîm-hiunn,沉香
tîm-iu,沈憂
tîm-lo̍h,沉落
tîm--lo̍h-khì,沈落去
tîm-lûn,沈淪
tîm-su,沈思
tîm-suī,沈睡
tîm-tāng,沈重
tîm-tāng,沉重
tîm-té,沈底
tîm-té,沉底
tîm-té-ê,沈底的
tîm-tio̍k,沉著
tîm-tiōng,沈重
tîm-ut,沈鬱
tīm,朕
tīm,燖
tīm-io̍h-á,tīm藥仔
tīm-ke,tīm雞
tīm-nn̄g,tīm卵
tīm-ue,朕鍋
tīm-póo,tīm補
tīm-sio,tīm燒
tīm-tâng,朕垌
tīm-tâng,燖垌
ti-mai,豬糜
tin,津
tinn,珍
tinn,甜
tinn,靪
tín-tāng,振動
tín-tāng-tio̍h,振動著
tìn,鎮
tìn-ap,鎮壓
tìn-bîn,鎮民
tìn-tsīng,鎮靜
tìn-tsīng-tse,鎮靜劑
tìnn-tshenn,tìnn生
tìnn-tshenn,棖生
tìnn-tshiò,tìnn笑
tìnn-tshiò-bīn,tìnn笑面
tìnn-tshiò-khe,tìnn笑科
tìnn-gōng,tìnn戇
tìnn-gōng,棖戇
tìnn-khám,tìnn憨
tìnn-khang,tìnn空
tìnn-khiân-tshiò,棖虔笑
tìnn-ku̍t-khe,tìnn滑稽
tìnn-la̍t,棖力
tìn-luān,鎮亂
tìn-lōo,鎮路
tìn-lōo-tsio̍h,鎮路石
tìn-lōo-thâu,鎮路頭
tìn-muá,鎮滿
tìnn-sí,tìnn死
tìnn-siáu,tìnn痟
tìnn-sip-sip,tìnn濕濕
tìn-siú,鎮守
tìn-suah,鎮煞
tìn-sóo-tsāi,鎮所在
tìn-tè,鎮地
tìn-tīng,鎮定
tìn-tīng-tse,鎮定劑
tìnn-tīng-sái,棖碇屎
tìn-thiànn-tse,鎮痛劑
tìn-tiānn,鎮定
tìn-tiān,鎮殿
tìn-tiúnn,鎮長
tìn-uī,鎮位
tîn,陳
tîn,塵
tîn,藤
tînn,纏
tîn-á,藤仔
tîn-á-hue,藤仔花
tîn-ai,塵埃
tîn-ai-hōo,塵埃雨
tîn-tsîng,陳情
tîn-tsîng-su,陳情書
tîn-tshn̂g,藤床
tîn-tsî,藤薯
tîn-tsiú,陳酒
tîn-ing,藤鶯
tîn-gû,籐牛
tîn-í,籐椅
tînn-io-tsuâ,纏腰蛇
tîn-lia̍t-sik,陳列室
tîn-nâ,籐籃
tîn-nî,陳年
tîn-nî-tsiú,陳年酒
tîn-phî,陳皮
tîn-phî-buê,陳皮梅
tîn-phuê,藤皮
tîn-phóng,藤捧
tînn-puànn,纏絆
tîn-si,陳屍
tîn-siat,陳設
tînn-sin,纏身
tînn-sin-tsuâ,纏身蛇
tînn-suànn,纏線
tîn-thua,塵拖
tîn-tiâu,籐條
tînn-tuè,纏tuè
tînn-tuè,纏綴
tīnn,tīnn
tīn,陣
tīnn,滇
tīn-bông,陣亡
tīn-tsîng,陣前
tīn-iânn,陣營
tīn-iông,陣容
tīn-kha,陣腳
tīnn-lâu,tīnn流
tīnn-lâu-lâu,淀流流
tīnn-lâu-lâu,滇流流
tīn-lia̍t,陳列
tīnn-muá-lâu,淀滿流
tīnn-muá-lâu,滇滿流
tīnn-muá-muá,tīnn滿滿
tīnn-muá-muá,淀滿滿
tīnn-muá-muá,滇滿滿
tīnn-phóng-phóng,淀滂滂
tīn-sì,陣勢
tīn-suànn,陣線
tīn-tē,陣地
tīnn-that-that,tīnn-that-that
tīnn-that-that,淀塞塞
tīn-thâu,陣頭
tīn-thiànn,陣痛
tīnn-tīnn,tīnn-tīnn
tīnn-tīnn,淀淀
tīn-tōng-hìnn,tīn-tōng-hìnn
tīn-ú,陣雨
tinn-á-puânn,甜仔盤
tinn-be̍h,甜麥
tin-bī,甜味
tinn-bi̍t,甜蜜
tinn-bi̍t-bi̍t,甜蜜蜜
tinn-bu̍t-bu̍t,甜勿勿
tinn-tshài,甜菜
tinn-tsio,甜椒
tin-tsu-lân,珍珠蘭
tinn-hiam-tsio,甜薟椒
tinn-ké,甜粿
tinn-khuì,甜氣
tinn-kuâinn,靪懸
tinn-kue,甜瓜
tinn-kué,甜粿
tinn-kuì,珍貴
tinn-liāu,甜料
tinn-lua̍h,甜辣
tin--lo̍h-lâi,津落來
tinn-lōo,甜路
tinn-mī-tsiùnn,甜麵醬
tinn-muâi,甜糜
tinn-nâ-âu,敁嚨喉
tin-nî,珍妮
tin-phín,珍品
tinn-pó,珍寶
tinn-puânn,甜盤
tin-sioh,珍惜
tin-siu,徵收
tinn-tai,甜獃
tinn-tê,甜茶
tinn-tik,甜竹
tinn-thâu,甜頭
tin-thiap,津貼
tinn-thn̂g,甜糖
tinn-thô,甜桃
tinn-tiám,甜點
tin-tiàu,徵召
tinn-ti̍h,甜碟
tin-tiōng,珍重
tiò,吊
tiò,釣
tiò-á,釣仔
tiò-tshuê,釣箠
tiò-tsô,釣艚
tiò-tsûn,釣船
tiò-hî,釣魚
tiò-hî-ang,釣魚翁
tiò-hî-ê,釣魚的
tiò-hî-kau,釣魚鉤
tiò-hî-tâi,釣魚台
tiò-jī,釣餌
tiò-kau,釣鉤
tiò-kau-á,釣鉤仔
tiò-khí,釣齒
tiò-khū,釣具
tiò-ko,釣篙
tiò-kuann,釣竿
tiò-koo,釣鴣
tiò-ku,釣龜
tiò-kū,釣具
tiò-lī,釣餌
tiò-uē,釣話
tiò-pe̍h,釣白
tiò-suànn,釣線
tiò-tâng,釣筒
tiô,跳
tiô,趒
tiô--tshut-khì,tiô出去
tiô-tsiu,潮州
tiô-kha,跳腳
tiô-kha-ke,趒腳雞
tiô-khí-lâi,趒起來
tiô-tâng,跳童
tiô-thiàu,跳跳
tiô-thiàu,趒跳
tiô-thn̂g,潮糖
tiō,掉
tiō,趙
tiō,銚
tiō-á,銚仔
tiō-khong-īn,趙匡胤
tioh,tioh
tioh,擢
tio̍h,到
tio̍h,著
tio̍h-ài,著愛
tio̍h-ài-tsai,著愛知
tio̍h-beh,著欲
tio̍h-bī,著味
tio̍h-buâ,著磨
tio̍h-tsai,著災
tio̍h-tsáng,著總
tio̍h-tse,著災
tio̍h-tseh-khuì,著節氣
tio̍h-tsha̍t-thau,著賊偷
tio̍h-tshìng,著銃
tio̍h-tshenn-kiann,著生驚
tio̍h-tshiam,著籤
tio̍h-tshian,著扦
tio̍h-tshiò-pî,著笑脾
tio̍h-tsi-buâ,著芝磨
tio̍h-tsìnn,著箭
tio̍h-tsi̍t-kiann,著一驚
tio̍h-guá,著我
tio̍h-gue̍h,著月
tio̍h-huat,著法
tio̍h-hué,著火
tio̍h-hué-sio,著火燒
tio̍h-ji̍t,著日
tio̍h-ka-tsa̍k,著ka-tsa̍k
tio̍h-ka-tsa̍k,著加促
tio̍h-ka-tsa̍k,著咳浞
tio̍h-kâu,著猴
tio̍h-kâu-sńg,著猴爽
tio̍h-kâu-sńg,著猴損
tio̍h-kâu-tâ,著猴踔
tio̍h-kha-tak,著腳觸
tio̍h-khì,著去
tio̍h-khò,著靠
tio̍h-khóo,著苦
tio̍h-khóo-thiànn,著苦疼
tio̍h-khùn-tse,著睏災
tio̍h-khùn-sua,著睏痧
tio̍h-kiann,著驚
tio̍h-ki-hng,著飢荒
tio̍h-kip,著急
tio̍h-kuânn-iam,著寒陰
tio̍h-kông,著狂
tio̍h-la̍t,著力
tio̍h-lia̍t-kông,著熱狂
tio̍h-lio̍k-tsi̍t,著瘧疾
tio̍h-loo,著咯
tio̍h-lōo,著路
tio̍h-mê,著暝
tio̍h-môo-sîn,著魔神
tio̍h-nî,著年
tio̍h-pan,著班
tio̍h-pè,著背
tio̍h-pēnn,著病
tio̍h-pēnn-hong,著病風
tio̍h-pio,著鏢
tio̍h-puè,著背
tio̍h-sì,著勢
tio̍h-sî,著時
tio̍h-sī,著是
tio̍h-siâ,著邪
tio̍h-siang,著傷
tio̍h-sio,著燒
tio̍h-siong,著傷
tio̍h-sǹg,著算
tio̍h-sua,著痧
tio̍h-sue,著衰
tio̍h-tâi,著駘
tio̍h-tak,著觸
tio̍h-tán,著等
tio̍h-ti̍k-tsióng,著特獎
tio̍h-thâng,著蟲
tio̍h-that,著that
tio̍h-thâu,著頭
tio̍h-thian-tiàu,著天吊
tio̍h-tiàu,著吊
tio̍h-tiâu,著tiâu
tio̍h-tuā-pēnn,著大病
tio̍h-to̍k,著毒
tio̍h-ū,著有
tio̍h-un,著瘟
tioh-ân,tioh-àn
tioh-bī,擢味
tioh-tshiú,擢手
tioh-tshiú-bué,擢手尾
tioh-tsi̍h-kin,挓舌根
tioh-tsi̍h-kin,擢舌根
tioh-ka-lé,擢傀儡
tioh-kè,擢價
tioh--khí-lâi,tioh起來
tioh-kuâinn,擢懸
tiok,竹
tio̍k-tshiú,著手
tio̍k-gán,著眼
tio̍k-gán-tiám,著眼點
tio̍k-lo̍k,著落
tiok-lōo,築路
tiong,中
tióng,長
tióng-tsì,長志
tióng-tsiá,長者
tióng-tsìn,長進
tióng-tsînn,長錢
tióng-tsú,長子
tióng-îng,長榮
tióng-gia̍h,長額
tióng-lâm,長男
tióng-lí,長女
tióng-ló,長老
tióng-lú,長女
tióng-puè,長輩
tióng-sîng,長成
tióng-sing-kó,長生果
tióng-siāng,長上
tióng-sun,長孫
tiòng,中
tiòng,脹
tiòng,漲
tiòng-tshun-tsuí,漲春水
tiòng--tshut-lâi,漲出來
tiòng-tsióng,中獎
tiòng-tsiōng-guân,中狀元
tiòng-tsuâ-kóo,中蛇蠱
tiòng-tsuí,漲水
tiòng-hok,漲幅
tiòng-hong,中風
tiòng-ì,中意
tiòng-iōng,中用
tiòng-kè,中計
tiòng-khì,中氣
tiòng-khì,脹氣
tiòng-kuâinn,漲懸
tiòng-phuà--khì,漲破去
tiòng-sì,漲勢
tiòng-siâ,中邪
tiòng-sim,悵心
tiòng-sim,脹心
tiòng-sim-hīn,悵心恨
tiòng-siong,中傷
tiòng-suán,中選
tiòng-sú,中暑
tiòng-tám,脹膽
tiòng-tánn,脹膽
tiòng-thîng,漲停
tiòng-thiann,中聽
tiòng-tiâu,漲潮
tiòng-to̍k,中毒
tiòng-tóo,脹肚
tiòng-tōo,脹肚
tiông,長
tiông,腸
tiông-an,長安
tiông-àn-toh,長案桌
tiông-bîng-ting,長明燈
tiông-bîn,長眠
tiông-tsing,長征
tiông-tshing,長青
tiông-tshù,長處
tiông-tshun,長春
tiông-tshun-hue,長春花
tiông-tsìn,重振
tiông-tsînn,長錢
tiông-tsûn,長存
tiông-ing,腸癰
tiông-hi̍k,重劃
tiông-hong-hîng,長方形
tiông-iông,重陽
tiông-king-tshenn,長庚星
tiông-kiàn,重建
tiông-kiú,長久
tiông-ku̍t,腸滑
tiông-ngóo,重午
tiông-uē,重劃
tiông-phian,長篇
tiông-pia̍t,長別
tiông-pòo,重播
tiông-sàn,腸疝
tiông-sē,長逝
tiông-sing,長生
tiông-sing,重生
tiông-sing-tsháu,長生草
tiông-sin,重申
tiông-sin,重新
tiông-siu,重修
tiông-siū,長壽
tiông-siū-ting,長壽燈
tiông-tâm,長談
tiông-thàn,長歎
tiông-thâu,長頭
tiông-thê,長堤
tiông-thê,重提
tiông-tôo,長途
tiōng,重
tiōng-àn,重案
tiōng-ap,重壓
tiōng-bîn,重眠
tiōng-bōng,重望
tiōng-bú,重武
tiōng-bu̍t,重物
tiōng-tsik,重責
tiōng-tsíng,重整
tiōng-tshâi,仲裁
tiōng-tshò,重挫
tiōng-tsia̍h,重食
tiōng-tsînn,重錢
tiōng-tsoo,重組
tiōng-tsóo,重組
tiōng-gī-khì,重義氣
tiōng-hîng,重型
tiōng-huán,重返
tiōng-huān,重犯
tiōng-ho̍k,重複
tiōng-hu,丈夫
tiōng-hun,重婚
tiōng-hun-tsuē,重婚罪
tiōng-iàu,重要
tiōng-iōng,重用
tiōng-iû,重油
tiōng-jīm,重任
tiōng-kik,重擊
tiōng-khìng,重慶
tiōng-kiú,重九
tiōng-li̍k,重力
tiōng-lī,重利
tiōng-liāng,重量
tiōng-liāng-kip,重量級
tiōng-lông,重農
tiōng-ping,重兵
tiōng-sī,重視
tiōng-sim,重心
tiōng-sìn-gī,重信義
tiōng-siong,重傷
tiōng-siû,重酬
tiōng-siúnn,重賞
tiōng-tāi,重大
tiōng-ta̍t,重值
tiōng-tē,重地
tiōng-tiám,重點
tiōng-tián,重典
tiōng-tìn,重鎮
tiong-a,中亞
tiong-au,中歐
tiong-bí,中美
tiong-bí-tsiu,中美洲
tiong-bûn,中文
tiong-bûn-hē,中文系
tiong-tsáinn,中指
tiong-tsām,中站
tiong-tsing,忠貞
tiong-tsìng,中正
tiong-tshan,中餐
tiong-tshu,中樞
tiong-tsí,中止
tiong-tsiòng,中將
tiong-tsit,中脊
tiong-tsit,中質
tiong-tsit-ênn,中脊楹
tiong-tsit-înn,中脊楹
tiong-tsit-niû,中脊梁
tiong-tsiu,中洲
tiong-tsua̍t,中絕
tiong-tsú,中子
tiong-gī,忠義
tiong-gián-īnn,中研院
tiong-giân,忠言
tiong-guā,中外
tiong-guân,中原
tiong-hā,中下
tiong-hā-iû,中下游
tiong-ha̍k,中學
tiong-ha̍k-sing,中學生
tiong-hàu,忠孝
tiong-hāu,中校
tiong-hing,中興
tiong-hîng,中型
tiong-hô,中和
tiong-hô-tshī,中和市
tiong-huâ,中華
tiong-huâ-tuī,中華隊
tiong-hong,中鋒
tiong-hōo,忠厚
tiong-hui,中非
tiong-i,中醫
tiong-î,忠於
tiong-iánn,中影
tiong-iânn,中營
tiong-iang,中央
tiong-iang-siā,中央社
tiong-im,中音
tiong-înn,中楹
tiong-io̍h,中藥
tiong-ióng,忠勇
tiong-iông,中庸
tiong-iû,中油
tiong-iû,中游
tiong-jiáu,中爪
tiong-kan,中間
tiong-káng-khe,中港溪
tiong-kan-lâng,中間人
tiong-kan-phài,中間派
tiong-kan-siong,中間商
tiong-khí,中齒
tiong-kho-īnn,中科院
tiong-khong,中空
tiong-khu,中區
tiong-khuì,中氣
tiong-kî,中期
tiong-kian,中堅
tiong-kìnn-lâng,中見人
tiong-kiōng,中共
tiong-kip,中級
tiong-kǹg,中鋼
tiong-kò,忠告
tiong-kuān,中縣
tiong-kok,中國
tiong-kok-hái,中國海
tiong-kok-lâng,中國人
tiong-kok-sik,中國式
tiong-kok-siânn,中國城
tiong-kóng,中廣
tiong-kóo,中古
tiong-kóo,中鼓
tiong-lâm-bí,中南美
tiong-lâm-hái,中南海
tiong-lâm-pōo,中南部
tiong-lân,中欄
tiong-lâng,中人
tiong-lâng-tsînn,中人錢
tiong-lâng-lé,中人禮
tiong-li̍k,中壢
tiong-li̍k-tshī,中壢市
tiong-liân,中年
tiong-liân-lâng,中年人
tiong-liâng,忠良
tiong-lia̍t,忠烈
tiong-lia̍t-sû,忠烈祠
tiong-lîn,中人
tiong-li̍p,中立
tiong-li̍p-huat,中立法
tiong-li̍p-khu,中立區
tiong-li̍p-kok,中立國
tiong-li̍p-phài,中立派
tiong-ng,中央
tiong-ngóo,中午
tiong-ní-iām,中耳炎
tiong-nî-kip,中年級
tiong-niáu,中爪
tiong-niû,中梁
tiong-niû,中樑
tiong-nuâ,中欄
tiong-o̍h,中學
tiong-pak-pōo,中北部
tiong-pan,中斑
tiong-pān,中扮
tiong-pān,中範
tiong-pān-á,中扮仔
tiong-pān-lâng,中扮人
tiong-pho,中波
tiong-puânn,中盤
tiong-pōo,中部
tiong-san,中山
tiong-san-khu,中山區
tiong-san-tn̂g,中山堂
tiong-se,中西
tiong-sik,中式
tiong-sìng,中性
tiong-sîng,忠誠
tiong-sing-tāi,中生代
tiong-se-pōo,中西部
tiong-sī,中視
tiong-siāng,中上
tiong-siau,中宵
tiong-sim,中心
tiong-sim,忠心
tiong-sim-kiok,忠心菊
tiong-sim-suànn,中心線
tiong-sìn,忠信
tiong-sîn,忠臣
tiong-sió,中小
tiong-si̍t,忠實
tiong-suànn,中線
tiong-sûn,中旬
tiong-tang,中東
tiong-tàu,中晝
tiong-tàu-āu,中晝後
tiong-tàu-tsîng,中晝前
tiong-tàu-kiā,中晝崎
tiong-tàu-pn̄g,中晝飯
tiong-tàu-sim,中晝心
tiong-tàu-tǹg,中晝頓
tiong-ting,中燈
tiong-tíng,中等
tiong-tîng,中庭
tiong-thò-á,中套仔
tiong-thò-pān,中妥扮
tiong-thóo,中土
tiong-tiong,中中
tiong-tiong-á,中中仔
tiong-ti̍t,忠直
tiong-ti̍t,忠值
tiong-tn̂g,中剸
tiong-tuânn,中彈
tiong-tuān,中斷
tiong-tông,中堂
tiong-tôo,中途
tiong-tōo,中度
tiong-tuì-tiong,中對中
tiong-tuī,中隊
tiong-uì,中尉
ti-pâi,豬排
ti-pak-lāi,豬腹內
ti-phe,豬胚
ti-phoo,豬膚
ti-pún,知本
ti-sái,豬屎
ti-sái-tshài,豬屎菜
ti-sái-tshenn,豬屎青
ti-sái-nâ,豬屎籃
ti-sái-puî,豬屎肥
ti-sik,株式
ti-sìng,知性
ti-sim,豬心
ti-sū,知事
tit,得
ti̍t,直
ti̍t,侄
ti̍t-á,侄仔
ti̍t-á,姪仔
ti̍t-á-sun,姪仔孫
ti̍t-âu,直喉
ti̍t-ba̍k,直目
ti̍t-beh,直欲
ti̍t-tsiap,直接
ti̍t-tsiò,直照
ti̍t-tsióng,得獎
ti̍t-tsióng-jîn,得獎人
ti̍t-tsuā,直逝
ti̍t-tsuā-hue,直逝花
ti̍t-i̍k,直譯
ti̍t-giân,直言
ti̍t-hā,直下
ti̍t-hat,直轄
ti̍t-hat-tshī,直轄市
ti̍t-hē,直系
ti̍t-iā,值夜
ti̍t-ji̍p,直入
ti̍t-ji̍t,值日
ti̍t-ji̍t-kuann,值日官
ti̍t-ji̍t-sing,值日生
ti̍t-kak,直角
ti̍t-kak,直覺
ti̍t-kìng,直徑
ti̍t-khîn,值勤
ti̍t-khuì,直氣
ti̍t-lí,姪女
ti̍t-liâu-liâu,直條條
ti̍t-li̍p,直立
ti̍t-liû,直流
ti̍t-liû-tiān,直流電
ti̍t-liu-liu,直溜溜
ti̍t-lò-sò,直咾噪
ti̍t-lo̍h,直落
ti̍t-lòng-sòng,直弄宋
ti̍t-lōo,直路
ti̍t-lú,姪女
ti̍t-pan,值班
ti̍t-pit,直筆
ti̍t-puah,直撥
ti̍t-pue,直飛
ti̍t-sing,直升
ti̍t-sing,值星
ti̍t-sìng-tē,直性地
ti̍t-sing-ki,直升機
ti̍t-sing-ki,直昇機
ti̍t-sing-kuann,值星官
ti̍t-sī,直視
ti̍t-sim-sìng,直心性
ti̍t-sio̍k,直屬
ti̍t-suànn,直線
ti̍t-sueh,直說
ti̍t-sū,秩序
ti̍t-ta̍t,直達
ti̍t-ta̍t-tshia,直達車
ti̍t-thàu,直透
ti̍t-thàu--khì,直透去
ti̍t-thong,直通
ti̍t-ti̍t,直直
ti̍t-ti̍t-bueh,直直boeh
ti̍t-ti̍t-khì,直直去
ti̍t-ti̍t-kóng,直直講
ti̍t-ti̍t-piu,直直彪
ti̍t-tn̂g,直腸
ti̍t-tōo-tn̂g,直肚腸
ti̍t-tú-ti̍t,直tú直
ti̍t-tú-ti̍t,直抵直
tit-bē-tio̍h,得bē著
tit-beh,得欲
tit-bîn-sim,得民心
tit-boh,得欲
tit-tsâi,得財
tit-tshiú,得手
tit-tshut,得出
tit-tsì,得志
ti-thâu,豬頭
ti-thâu-tshué,豬頭髓
ti-thâu-pîng,豬頭爿
ti-thâu-phuê,豬頭皮
ti-thâu-puî,豬頭肥
ti-thí,知恥
tit-huâinn-tsâi,得橫財
ti-thuí,豬腿
tit-hun,得分
tit-ì,得意
ti-tiam,豬砧
ti-tiâu,豬tiâu
ti-tiâu,豬牢
ti-tiâu,豬椆
tit-kiù,得救
tit-lâi,得來
tit-lâng-iân,得人緣
tit-lâng-sioh,得人惜
tit-lâng-thiànn,得人疼
ti-tn̂g-á,豬腸仔
ti-tôo,豬屠
ti-tōo,豬肚
tit-phiò,得票
tit-pio-jîn,得標人
tit-sìng,得勝
tit-sit,得失
tit-sòo,得數
tit-thian-hā,得天下
tit-tio̍h,得著
tit--tio̍h,得著
tit-tō,得道
ti-tu,蜘蛛
ti-tu-bāng,蜘蛛網
ti-tu-si,蜘蛛絲
tiú,肘
tiû,綢
tiû,籌
tiû-á,綢仔
tiû-á-khòo,綢仔褲
tiû-á-sann,綢仔衫
tiû-á-sìnn,綢仔扇
tiû-bé,籌碼
tiû-bi̍t,稠密
tiû-bôo,籌謀
tiû-bōo,籌募
tiû-tshun,綢春
tiû-tshun-hue,綢春花
tiû-tsi̍p,籌集
tiû-tsóo,籌組
tiû-hi̍k,籌劃
tiû-khuán,籌款
tiû-kiàn,籌建
tiû-kìn,綢絹
tiû-lí,籌里
tiû-uē,籌畫
tiû-uē,籌劃
tiû-pān,籌辦
tiû-pī,籌備
tiû-pī-tshù,籌備處
tiû-pī-tiong,籌備中
tiû-siat,籌設
tiû-tî,躊躇
tiû-tuān,綢緞
tiû-tû,躊躇
tiū,秞
tiū,稻
tiū-á,稻仔
tiū-á-hio̍h,稻仔葉
tiū-á-suī,稻仔穗
tiū-bí,稻米
tiū-tsíng,稻種
tiū-tshân,稻田
tiū-tsháu,稻草
tiū-tsháu-khûn,稻草khûn
tiū-tsháu-lâng,稻草人
tiū-tsháu-tui,稻草堆
tiū-tshik,稻粟
tiū-tsok,稻作
tiū-khak,稻殼
tiū-khûn,稻囷
tiū-kó,稻稿
tiū-kó-thâu,稻稿頭
tiū-ông,紂王
tiū-pau-thâng,稻包蟲
tiū-phang,稻芳
tiū-pī,籌備
tiū-sat,稻虱
tiū-suī,稻穗
tiū-thâng,稻蟲
tiū-thâu,稻頭
tiū-tiânn,稻埕
tiuh,搐
tiunn,張
ti-un,豬瘟
tiùnn,脹
tiùnn-tsuí,脹水
tiùnn-hīng,脹行
tiùnn-hong,漲風
tiùnn-kah-pinn,脹甲邊
tiùnn-khì,脹氣
tiùnn-lâng,脹膿
tiùnn-sái-ku,脹屎龜
tiùnn-tuā,脹大
tiûnn-bīn,場面
tiûnn-bīn-tuā,場面大
tiûnn-ha̍p,場合
tiûnn-kìnn-lâng,場見人
tiûnn-sóo,場所
tiûnn-tē,場地
tiūnn-lâng,丈人
tiūnn-lâng-pâ,丈人爸
tiūnn-lâng-peh,丈人伯
tiūnn-ḿ,丈姆
tiūnn-ḿ-pô,丈姆婆
tiunn-tshuah,張掇
tiunn-iūnn,張樣
tiunn-kè,張嫁
tiunn-keh,張格
tiunn-khuán,張款
tiunn-lāu-sann,張老衫
tiunn-sì-bīn,張勢面
tiunn-sin-sì,張身勢
tiunn-tánn,張打
tiunn-tán,張等
tiunn-tàu,張鬥
tiunn-tî,張持
tiunn-tuah,張掇
tiu-tiu,丟丟
tng,當
tńg,轉
tńg-ba̍k,轉目
tńg-tsâi,剸臍
tńg-tshî,轉溡
tńg-tshiò,轉笑
tńg-tshiò-bīn,轉笑面
tńg-tsiânn,長成
tńg-tsi̍h-kuan,轉舌關
tńg-tsînn-khang,轉錢空
tńg-guā-ke,轉外家
tńg-hó,轉好
tńg-hô,轉和
tńg-hong-bīn,轉風面
tńg-înn,轉圓
tńg-jua̍h,轉熱
tńg-ka-hiong,轉家鄉
tńg-kak,轉角
tńg-khì,轉去
tńg--khì,轉去
tńg-khuì,轉氣
tńg-kin,轉筋
tńg-kut,長骨
tńg-kut,轉骨
tńg-lâi,轉來
tńg--lâi,轉來
tńg-lâu,漲流
tńg-lâu,轉流
tńg-lùn,轉潤
tńg-lûn,轉睔
tńg-ua̍h,轉活
tńg-uan,轉彎
tńg-uan-kak,轉彎角
tńg-uat,轉斡
tńg-uē-gím,轉話錦
tńg-uē-kuan,轉話關
tńg-uē-mn̂g,轉話門
tńg-pháinn-bīn,轉歹面
tńg-se̍h,轉踅
tńg-sik,轉色
tńg-siann,轉聲
tńg-sim-hue,轉心花
tńg-sin,轉身
tńg-sio-jua̍h,轉燒熱
tńg-sip,轉溼
tńg-sū,轉事
tńg-tāi-tsì,轉代誌
tńg-tâm,轉澹
tńg-thâu,返頭
tńg-thâu,轉頭
tńg-tó,轉倒
tńg-tuā-lâng,轉大人
tńg-ūn,轉運
tǹg-hing-khám,頓胸坎
tǹg-ìn-á,頓印仔
tǹg-kha,頓腳
tǹg-ku,頓龜
tǹg-lak-tsē,頓落坐
tǹg-lap-tsē,頓塌坐
tǹg-pua̍h-tsē,頓跋坐
tǹg-tāng-tsē,頓胴坐
tǹg-thâu,當頭
tǹg-tiàm,當店
tǹg-toh-á,頓桌仔
tn̂g-á,腸仔
tn̂g-á-iām,腸仔炎
tn̂g-á-jia̍t,腸仔熱
tn̂g-á-mo̍oh,腸仔膜
tn̂g-á-pēnn,腸仔病
tn̂g-á-siûnn,腸仔瘍
tn̂g-á-tōo,腸仔肚
tn̂g-ām-tsiáu,長頷鳥
tn̂g-ām-tsuâ,長頷蛇
tn̂g-ām-lo̍k,長頷鹿
tn̂g-àn-toh,長案桌
tn̂g-báng,長蟒
tn̂g-bué-tshenn,長尾星
tn̂g-bué-kâu,長尾猴
tn̂g-bué-kho,長尾柯
tn̂g-bué-sua,長尾鯊
tn̂g-bué-tik,長尾竹
tn̂g-tsai,長齋
tn̂g-tsām,長站
tn̂g-tshiú-kâu,長手猴
tn̂g-tshiú-ńg,長手ńg
tn̂g-tsuā,長逝
tn̂g-tsuā,長誓
tn̂g-gô,塘鵝
tn̂g-hia,長靴
tn̂g-hiû,長裘
tn̂g-hō,堂號
tn̂g-huè-siū,長歲壽
tn̂g-ka-la̍h,長嘉la̍h
tn̂g-kang,長江
tn̂g-kha-tshng,長尻川
tn̂g-kha-hê,長腳蝦
tn̂g-kha-pâi,長腳牌
tn̂g-kî,長期
tn̂g-kî,長旗
tn̂g-kî-phiò,長期票
tn̂g-kiā,長崎
tn̂g-ki-tik,長枝竹
tn̂g-ko,長篙
tn̂g-ko-bīn,長篙面
tn̂g-ko-hîng,長篙形
tn̂g-ko-înn,長篙圓
tn̂g-kú,長久
tn̂g-lâng-jī,唐人字
tn̂g-lâu-tsuí,長流水
tn̂g-liau,長繚
tn̂g-liâu,長繚
tn̂g-mê,長暝
tn̂g-miā,長命
tn̂g-mn̂g,長門
tn̂g-ńg,長
tn̂g-nî,長年
tn̂g-nî-tshài,長年菜
tn̂g-nî-guān,長年願
tn̂g-nî-pēnn,長年病
tn̂g-nî-pn̄g,長年飯
tn̂g-nî-siàu,長年數
tn̂g-phàu,長袍
tn̂g-pin,長濱
tn̂g-sann,長衫
tn̂g-sènn-miā,長性命
tn̂g-sin,長身
tn̂g-si̍t,長翼
tn̂g-sńg,長榫
tn̂g-sua,長沙
tn̂g-suànn,長線
tn̂g-tāu,長豆
tn̂g-té-tshiam,長短籤
tn̂g-té-kha,長短腳
tn̂g-tháng-hia,長桶靴
tn̂g-thâu,長頭
tn̂g-thâu,腸頭
tn̂g-ti,長株
tn̂g-ti-hîng,長株形
tn̂g-tn̂g-mê,長長暝
tn̂g-tôo,長途
tn̂g-tōo,腸肚
tn̂g-tu-înn,長株圓
tn̄g-tsám,斷嶄
tn̄g-tsām,斷站
tn̄g-tsat,斷節
tn̄g-tsíng,斷種
tn̄g-tshùn-thih,斷寸鐵
tn̄g-tsiúnn,斷掌
tn̄g-hiunn-hué,斷香火
tn̄g-hué-hun,斷火薰
tn̄g-hûn-hê,斷痕瑕
tn̄g-khuì,斷氣
tn̄g-kin,斷根
tn̄g-lâng-ian,斷人煙
tn̄g-ling,斷奶
tn̄g-lōo,斷路
tn̄g-lōo-thâu,斷路頭
tn̄g-puànn-înn,斷半圓
tn̄g-puànn-sián,斷半鮮
tn̄g-puànn-sut,斷半屑
tn̄g-se-tsuā,斷紗逝
tn̄g-suánn,斷產
tn̄g-suànn-tsuē,斷線綴
tn̄g-sua-sap,斷沙屑
tn̄g-sut,斷屑
tn̄g-thâu,撞頭
tn̄g-tiám-siann,斷點聲
tn̄g-tiám-tîn,斷點塵
tn̄g-tio̍h,搪著
tn̄g-tio̍h,撞著
tng-bīn,當面
tng-bīn-tsí,當面指
tng-bueh,當欲
tng-tshe,當差
tng-tshī,當市
tng-tshue,當初
tng-tshue-sî,當初時
tng-guân-tshoo,當原初
tng-huan-tshue,當翻初
tng-huat-tshái,當發彩
tng-huat-hue,當發花
tng-kang,當工
tng-ke,當家
tng-khui,當開
tng-kim,當今
tng-sî,當時
tng-sī-sî,當是時
tng-tán,當等
tng-thâu,當頭
tng-tuè,當綴
to,刀
to,都
tó-àn,倒案
tó-bîn,島民
tó-tsâng,倒欉
tó-tshn̂g,倒床
tó-í,倒椅
tó-iâng,倒陽
tó-io,倒腰
tó-iông,倒陽
tó-khiàu-khiàu,倒蹺蹺
tó-kî-lîn,倒麒麟
tó-kiànn,倒鏡
tó-kok,島國
tó-lī-lī,倒離離
tó-lo̍h,倒落
tó-pâng,倒房
tó-pôo,倒匍
tó-sán,倒產
tó-siann,倒聲
tó-siàng-hiàng,倒摔向
tó-siàu,倒數
tó-suann-tshiū,倒山樹
tó-sū,島嶼
tó-tâi,倒台
tó-tànn,倒擔
tó-tē-khīng,倒地瓊
tó-tē-lîng,倒地柃
tó-thán-tshiò,倒袒笑
tó-thán-khap,倒坦蓋
tó-thán-khi,倒坦敧
tó-thán-pênn,倒袒平
tó-thâu,倒頭
tó-thiāu,倒祧
tó-tiàm,倒店
tó-tńg,倒轉
tó-uī,叨位
tó-ūn,倒運
tò-bīn,倒面
tò-tsai,倒栽
tò-tsē-tsuē,倒坐罪
tò-tshah-pit,倒插筆
tò-tshing-tshun,倒青春
tò-tshim,倒侵
tò-tshiò-thinn,倒笑天
tò-tshiú,倒手
tò-tshiú-pîng,倒手爿
tò-tshiú-phang,到手芳
tò-tshut-lâi,倒出來
tò-tsiò,倒照
tò-tsiò-tshiûnn,倒照牆
tò-tsiò-iánn,倒照影
tò-tsiò-ji̍t,倒照日
tò-tsiú,倒酒
tò-tsóo,倒祖
tò-hiàng,倒向
tò-hiàng-thian,倒向天
tò-huán-tsiò,倒反照
tò-huan-khoo,倒翻箍
tò-huan-thâu,倒翻頭
tò-hop,倒揜
tò-hòo,倒戽
tò-ká-tsuí,倒絞水
tò-ká-lâu,倒絞流
tò-ká-tuà,倒絞帶
tò-kā,倒咬
tò-kā-káu,倒咬狗
tò-kā-lâng,倒咬人
tò-ka-tshut,到家齣
tò-kau-tshì,倒鉤刺
tò-kau-khí,倒鉤齒
tò-kè-senn,倒架生
tò-kik,倒激
tò-kha,倒腳
tò-khàm,倒勘
tò-khap,倒蓋
tò-khau,倒摳
tò-khì,倒去
tò-khia,倒欺
tò-khiā-bâi,倒徛眉
tò-khiā-thîng,倒徛騰
tò-kiu,倒勼
tò-lâi,倒來
tò-lap-tsē,倒塌坐
tò-lâu,倒流
tò-lu,倒攄
tò-lu-tshia,倒攄車
tò-mn̄g,倒問
tò-uat,倒斡
tò-pau,倒包
tò-pau-lâi,倒包來
tò-píng,倒反
tò-píng-kiânn,倒反行
tò-píng-kóng,倒反講
tò-píng-uē,倒反話
tò-pîng,倒爿
tò-pha,倒拋
tò-pha-sai,倒拋獅
tò-pūn,倒泍
tò-pūn-hong,倒泍風
tò-pūn-lâu,倒泍流
tò-sàng,tò-sàng
tò-siah,倒削
tò-siàng-hiàng,倒摔向
tò-siàu-liân,倒少年
tò-ta̍h,倒踏
tò-ta̍h-tsînn,倒踏錢
tò-ta̍h-tinn,倒踏蹬
tò-táu,倒倒
tò-thap,倒塌
tò-that,倒踢
tò-thâu,倒頭
tò-thâu-tsai,倒頭栽
tò-thâu-kiânn,倒頭行
tò-thâu-lâu,倒頭流
tò-thâu-liām,倒頭唸
tò-thâu-lōo,倒頭路
tò-thâu-oo,倒頭烏
tò-thâu-pau,倒頭包
tò-thâu-senn,倒頭生
tò-thâu-suān,倒頭訕
tò-thâu-thuî,倒頭槌
tò-thâu-tiàu,倒頭吊
tò-thè,倒退
tò-thè-tshia,倒退車
tò-thè-hāu,倒退鱟
tò-thè-kiânn,倒退行
tò-thì,倒剃
tò-thiap,倒貼
tò-thua-thuî,倒拖槌
tò-thua-to,倒拖刀
tò-tiàu,倒吊
tò-tiàu-hong,倒吊風
tò-tiàu-hông,倒吊hông
tò-tiàu-liân,倒吊蓮
tò-tńg-khì,倒轉去
tò-tńg-lâi,倒轉來
tò-tuānn,倒彈
tô,淘
tô-bông,逃亡
tô-tsáu,逃走
tô-tsè,逃債
tô-tsénn,淘井
tô-tsí,鉈子
tô-tsiáu,駝鳥
tô-huān,逃犯
tô-hong,逃風
tô-kann,逃監
tô-lán,逃懶
tô-lán,躲懶
tô-lān,逃難
tô-miā,逃命
tô-ua̍h,逃活
tô-ping,逃兵
tô-phiah,逃僻
tô-senn,逃生
tô-sènn-miā,逃性命
tô-thuā,淘汏
tô-thuā,淘導
tô-thuat,逃脫
tō-káu,道教
tō-khiam,道歉
tō-kong-ing,道光英
tō-lí,道理
tō-sū,道士
to-á,刀仔
to-á-tsìnn,刀仔箭
to-á-kiánn,刀仔囝
tuà,帶
tuà-á-thâng,帶仔蟲
tuà-tshiú,帶手
tuà-hà,帶孝
tuà-hioh,帶歇
tuà-ka-tshut,帶家齣
tuà-kuann-hû,帶官符
tuà-kuī,帶懷
tuà-mê,帶暝
tuà-pe̍h,帶白
tuà-pn̄g,帶飯
tuà-sin,帶身
tuà-sin-lâng,帶身人
tuà-sng-hà,帶喪孝
tuà-sng-khau,帶霜孝
tuà-thinn-lōo,帶天路
tuà-tī,帶佇
tuà-tio̍h,帶著
tuà-tuī,帶隊
tuā,大
tuā,舵
tuā-ām-kui,大頷kui
tuā-ām-liû,大頷瘤
tuā-an,大安
tuā-âng,大紅
tuā-âng-hue,大紅花
tuā-âng-phàu,大紅袍
tuā-âng-sim,大紅心
tuā-âng-thuí,大紅腿
tuā-an-khu,大安區
tuā-âu-khang,大喉孔
tuā-āu-ji̍t,大後日
tuā-āu-nî,大後年
tuā-ba̍k,大目
tuā-ba̍k-á,大目仔
tuā-ba̍k-tshǹg,大目串
tuā-ba̍k-kháng,大目孔
tuā-báng,大蟒
tuā-bé,大碼
tuā-bē,大賣
tuā-bīn,大面
tuā-bīn-kháng,大面孔
tuā-bīn-pô,大面婆
tuā-bīn-sîn,大面神
tuā-bó,大母
tuā-bó-hàn,大母漢
tuā-bó-kong,大拇公
tuā-bó-ong,大拇翁
tuā-bó-siann,大母聲
tuā-bó-thâu,大母頭
tuā-bué,大尾
tuā-bué-liu,大尾溜
tuā-bong,大摸
tuā-bông,大濛
tuā-bông-bū,大濛霧
tuā-bōng-kong,大墓公
tuā-bóo,大某
tuā-bú-lā,大舞撓
tuā-bū,大霧
tuā-bûn-hong,大門風
tuā-tsâi-tsú,大財主
tuā-tsan,大層
tuā-tsâng,大欉
tuā-tsâng-tshiū,大欉樹
tuā-tsàu,大灶
tuā-tsíng,大種
tuā-tsìng-thâu,大症頭
tuā-tshài,大菜
tuā-tsha̍t-kóo,大賊古
tuā-tsháu-hâm,大草唅
tuā-tsheh,大慼
tuā-tshenn,大青
tuā-tshìng,大銃
tuā-tshia-giâ,大車giâ
tuā-tshinn,大菁
tuā-tshinn-lân,大菁蘭
tuā-tshiú-bīn,大手面
tuā-tshiunn,大鯧
tuā-tshiūnn,大象
tuā-tshuā,大娶
tuā-tshù,大厝
tuā-tshù-lāi,大厝內
tuā-tshù-té,大厝底
tuā-tshù-the̍h,大厝宅
tuā-tshuì-hâm,大嘴唅
tuā-tshuì-lim,大嘴lim
tuā-tshuì-oo,大嘴鷗
tuā-tshuì-táu,大嘴斗
tuā-tshuì-thun,大嘴吞
tuā-tshut,大出
tuā-tshut-tshiú,大出手
tuā-tshut-hì,大齣戲
tuā-tshut-thâu,大齣頭
tuā-tsiá,大姐
tuā-tsiah,大隻
tuā-tsia̍h,大食
tuā-tsia̍h-hóo,大食虎
tuā-tsia̍h-hu̍t,大食佛
tuā-tsia̍h-kheh,大食客
tuā-tsia̍h-kong,大食公
tuā-tsia̍h-ông,大食王
tuā-tsia̍h-sè,大食細
tuā-tsia̍h-sîn,大食神
tuā-tsi̍h,大舌
tuā-tsi̍h-káu,大舌口
tuā-tsînn,大錢
tuā-tsuâ,大蛇
tuā-tso̍h-ji̍t,大昨日
tuā-tsú-ì,大主意
tuā-tsú-kong,大主公
tuā-tsuí,大水
tuā-tsuí-báng,大水蚊
tuā-tsuí-tshâ,大水柴
tuā-tsuí-hiā,大水蟻
tuā-tsuí-hōo,大水雨
tuā-tsuí-ia̍h,大水蝶
tuā-tsuí-pak,大水北
tuā-tsuí-phiô,大水薸
tuā-tsûn-nî,大存年
tuā-ê,大個
tuā--ê,大ê
tuā-íng,大湧
tuā-gê,大牙
tuā-gia̍p-hōo,大業戶
tuā-gîn,大銀
tuā-gue̍h,大月
tuā-gōng-tshiū,大戇樹
tuā-gōng-sua,大戇鯊
tuā-hái-tsha̍t,大海賊
tuā-hàn,大漢
tuā-hàn-kiánn,大漢囝
tuā-hàn-lâng,大漢人
tuā-hāu-senn,大後生
tuā-hing,大興
tuā-hì,大戲
tuā-hiann,大兄
tuā-hīnn-ti,大耳豬
tuā-hio̍h-lâm,大葉楠
tuā-hio̍h-phànn,大葉冇
tuā-hio̍h-siông,大葉松
tuā-hio̍h-tōo,大葉杜
tuā-hō-tsíng,大號種
tuā-hua̍h,大伐
tuā-hua̍h-kiânn,大伐行
tuā-huan,大番
tuā-huân-hûn,大還魂
tuā-huan-thâu,大翻頭
tuā-huat,大發
tuā-huat-tshái,大發彩
tuā-huat-ke,大發家
tuā-hue,大花
tuā-huê-hûn,大回魂
tuā-hue-hóo,大花虎
tuā-hue-pan,大花斑
tuā-hue-tiau,大花鵰
tuā-hông-tsháu,大黃草
tuā-hong-tsháu,大風草
tuā-hong-hōo,大風雨
tuā-hong-tîn,大風藤
tuā-hūn,大份
tuā-i,大衣
tuā-īnn-lo̍h,大院落
tuā-iû,大油
tuā-ji̍t,大日
tuā-ji̍t-hóo,大日虎
tuā-ji̍t-thâu,大日頭
tuā-jua̍h,大熱
tuā-ka-tso̍k,大家族
tuā-kan,大奸
tuā-kang-sū,大工事
tuā-kang-tîng,大工程
tuā-ka-tîng,大家庭
tuā-kàu-tsāi,大到載
tuā-kè-tshuā,大嫁娶
tuā-ke-tso̍k,大家族
tuā-keh,大格
tuā-keh-tsíng,大格種
tuā-ke-hué,大傢伙
tuā-ke-kah,大家甲
tuā-ke-kháu,大家口
tuā-ke-sū,大家事
tuā-kha,大腳
tuā-kha-tshng,大尻川
tuā-khak-phiô,大殼薸
tuā-khang-uē,大空話
tuā-kha-pô,大腳婆
tuā-kha-tâng,大腳胴
tuā-kha-tê,大腳蹄
tuā-kha-tháng,大腳桶
tuā-kháu-tsàu,大口灶
tuā-kháu-hâm,大口唅
tuā-kháu-ke,大口家
tuā-khí,大起
tuā-khì,大氣
tuā-khoo,大箍
tuā-khoo-ê,大箍個
tuā-khoo-pé,大箍把
tuā-khoo-phànn,大箍冇
tuā-khoo-puî,大箍肥
tuā-khoo-tai,大箍呆
tuā-khui,大開
tuā-khuì-tshuán,大氣喘
tuā-khuì-thâu,大氣頭
tuā-khuì-tū,大氣注
tuā-khùn,大睏
tuā-khùn-bîn,大睏眠
tuā-kiánn,大囝
tuā-kiap-kok,大峽谷
tuā-ki-kut,大枝骨
tuā-kīm-tshuì,大妗嘴
tuā-kim-ing,大金英
tuā-kim-lân,大金蘭
tuā-kioh,大腳
tuā-kioh-sik,大腳色
tuā-kioh-siàu,大腳數
tuā-ki-thiāu,大支柱
tuā-kuah-bē,大割賣
tuā-kuann,大官
tuā-kuânn,大寒
tuā-kuânn-thinn,大寒天
tuā-kuann-hóo,大官虎
tuā-kóng-hê,大管蝦
tuā-kòng,大貢
tuā-kòng,大槓
tuā-kong-kùn,大光棍
tuā-kong-pò,大公報
tuā-ku,大裾
tuā-kù-uē,大句話
tuā-kū-á,大舅仔
tuā-lāi,大內
tuā-lāi,大利
tuā-lān-pha,大膦脬
tuā-lâng,大人
tuā-lâng-khí,大人齒
tuā-láu-kuan,大老關
tuā-lâu,大流
tuā-lâu,大樓
tuā-lâu-tsuí,大流水
tuā-lāu-jia̍t,大鬧熱
tuā-lê-á,大螺仔
tuā-lia̍p-kuānn,大粒汗
tuā-lia̍p-lâng,大粒人
tuā-lia̍p-lu,大粒株
tuā-lia̍p-thâu,大粒頭
tuā-liâu,大寮
tuā-liû-hîng,大流行
tuā-liû-lî,大琉璃
tuā-lô,大牢
tuā-lô,大鑼
tuā-lo̍h-tshù,大落厝
tuā-lo̍h-kè,大落價
tuā-lōo-thâu,大路頭
tuā-lōo-tn̄g,大路撞
tuā-lu,大株
tuā-luí-phiô,大蕊薸
tuā-luî,大雷
tuā-mī,大麵
tuā-miā,大命
tuā-mn̂g-hōo,大門戶
tuā-mua,大幔
tuā-muâ-ah,大麻鴨
tuā-nâ,大林
tuā-ngóo,大午
tuā-niû,大梁
tuā-niû-koo,大娘姑
tuā-niū,大量
tuā-o,大阿
tuā-uánn-kong,大碗公
tuā-uân-thâu,大袁頭
tuā-uānn,大旱
tuā-uat-uan,大斡彎
tuā-uē,大話
tuā-ôo,大湖
tuā-pah-tsînn,大百錢
tuā-pah-tsînn,大把錢
tuā-pâi,大牌
tuā-pāi-tshī,大敗市
tuā-pak,大幅
tuā-pak-tóo,大腹肚
tuā-pan,大班
tuā-pán,大板
tuā-pán-tshia,大板車
tuā-pán-kó,大版稿
tuā-pān,大扮
tuā-pān,大範
tuā-pâng,大房
tuā-pan-khí,大pan齒
tuā-pé-tsînn,大把錢
tuā-peh,大伯
tuā-pènn,大柄
tuā-pēnn,大病
tuā-ping,大兵
tuā-pîng,大爿
tuā-pîng,大旁
tuā-pha-bué,大葩尾
tuā-phài,大派
tuā-phànn-tshiū,大冇樹
tuā-phàu,大炮
tuā-phàu,大砲
tuā-phàu-tsí,大砲子
tuā-phàu-kheh,大炮客
tuā-phe,大批
tuā-phe,大胚
tuā-phiann-phuê,大骿皮
tuā-phín-uánn,大品碗
tuā-phīnn-sai,大鼻獅
tuā-phiô,大薸
tuā-phoo,大舖
tuā-phoo-pâi,大舖排
tuā-piak-hóo,大逼虎
tuā-piánn,大餅
tuā-piànn,大拚
tuā-piàn,大變
tuā-piànn-sàu,大摒掃
tuā-pn̄g-tiàm,大飯店
tuā-pua̍h,大跋
tuā-puánn-á,大魬仔
tuā-puànn,大半
tuā-puânn,大盤
tuā-pue,大-片
tuā-poo,大埔
tuā-pōo,大步
tuā-pōo-bó,大部拇
tuā-pōo-bú,大步拇
tuā-pōo-bú,大部拇
tuā-pōo-hūn,大部分
tuā-pōo-kiânn,大步行
tuā-poo-ji̍t,大晡日
tuā-poo-thâu,大埠頭
tuā-pù,大富
tuā-pû-ong,大垺翁
tuā-pū-bó,大pū拇
tuā-puî,大肥
tuā-pún,大本
tuā-pùn,大糞
tuā-sam,大杉
tuā-sè,大細
tuā-sè-ba̍k,大細目
tuā-sè-hàn,大細漢
tuā-sè-lia̍p,大細粒
tuā-sè-siann,大細聲
tuā-sè-siān,大細腎
tuā-sè-sim,大細心
tuā-sè-thâu,大細頭
tuā-sè-tiūnn,大細丈
tuā-seh,大雪
tuā-seh-suann,大雪山
tuā-sik,大色
tuā-sik-huè,大色貨
tuā-senn,大生
tuā-sing-sing,大猩猩
tuā-sì-kè,大四界
tuā-siá,大寫
tuā-sian,大仙
tuā-sian,大身
tuā-siann,大聲
tuā-sian-ang,大身尪
tuā-siann-âu,中聲喉
tuā-siann-huah,大聲喝
tuā-siann-khàu,大聲哭
tuā-siann-mn̂g,大聲門
tuā-siann-uē,大聲話
tuā-siau,大銷
tuā-siàu-iâ,大少爺
tuā-si̍h-pún,大蝕本
tuā-sim-hīng,大心行
tuā-sim-hiong,大心胸
tuā-sim-khuì,大心氣
tuā-sim-kuann,大心肝
tuā-sim-sū,大心思
tuā-sió-piān,大小便
tuā-si̍t-bué,大翅尾
tuā-siu,大收
tuā-siū,大壽
tuā-siū-khì,大受氣
tuā-siūnn-khì,大受氣
tuā-só,大嫂
tuā-sua,大鯊
tuā-sua-tsui,大沙鵻
tuā-sua-hîng,大沙
tuā-suann-bó,大山母
tuā-soh,大索
tuā-soh,大繩
tuā-su-tsè,大司祭
tuā-sun,大孫
tuā-tâi-pak,大台北
tuā-tāi,大獃
tuā-tánn,大膽
tuā-tân,大亨
tuā-tang,大冬
tuā-táu-uánn,大斗碗
tuā-tāu,大豆
tuā-tè,大帝
tuā-tè,大塊
tuā-tê-ba̍k,大題目
tuā-tē-tsú,大地主
tuā-ting,大丁
tuā-ting-hiong,大丁香
tuā-ting-hông,大丁黃
tuā-thàn-tsînn,大趁錢
tuā-thâu,大頭
tuā-thâu-bó,大頭拇
tuā-thâu-bú,大頭拇
tuā-thâu-tshài,大頭菜
tuā-thâu-tshang,大頭蔥
tuā-thâu-tsuâ,大頭蛇
tuā-thâu-ku,大頭龜
tuā-thâu-liân,大頭鰱
tuā-thâu-pēnn,大頭病
tuā-thâu-su̍t,大頭使
tuā-thâu-tê,大頭茶
tuā-thâu-ting,大頭丁
tuā-thâu-ting,大頭釘
tuā-thiann,大廳
tuā-thiann-tn̂g,大廳堂
tuā-thiāu,大柱
tuā-thîn,大滕
tuā-thit,大thit
tuā-thuân-uân,大團圓
tuā-thong,大通
tuā-thôo,大土
tuā-thuí,大腿
tuā-thuí-kut,大腿骨
tuā-thuî,大錘
tuā-ti,大豬
tuā-tiám-hōo,大點雨
tuā-tiánn-pn̄g,大鼎飯
tuā-tiān,大殿
tuā-tiâu-tsînn,大條錢
tuā-tiâu-nî,大朝年
tuā-tiāu,大調
tuā-ti-kheh,大豬客
tuā-tio̍h-kiann,大著驚
tuā-tio̍h-sî,大著時
tuā-tiòng,大漲
tuā-tǹg,大頓
tuā-tn̂g,大腸
tuā-tn̂g-thâu,大腸頭
tuā-to,大刀
tuā-tô,大它
tuā-tô,大祹
tuā-tō,大道
tuā-tòng-tsînn,大檔錢
tuā-tōng-me̍h,大動脈
tuā-to-sòo,大多數
tuā-tóo-kui,大肚-月
tuā-tôo-sat,大屠殺
tuā-tôo-tē,大徒弟
tuā-tōo-á,大肚仔
tuā-tōo-kui,大肚kui
tuā-tōo-liāng,大度量
tuā-too-tshī,大都市
tuā-tù-tsînn,大注錢
tuā-tuī,大隊
tuā-tūn,大屯
tuā-tūn-suann,大屯山
tuā-uī,大位
tuah,toah
tua̍h,奪
tuann,單
tuann,端
tuán-tshiok,短促
tuán-tshù,短處
tuán-hīng,短行
tuán-im-kai,短音階
tuán-khuat,短缺
tuán-kî,短期
tuán-kī-lī,短距離
tuán-kiàn,短見
tuán-pháu,短跑
tuán-phîng,短評
tuán-siû,轉售
tuán-tánn,短打
tuànn,旦
tuàn-giân,斷言
tuàn-iok,斷約
tuàn-liān,鍛練
tuàn-m̂,椴梅
tuàn-tīng,斷定
tuàn-thuî,鍛錘
tuânn,壇
tuânn-á,檀仔
tuânn-tsàu,彈奏
tuânn-tshiùnn,彈唱
tuânn-hiunn,檀香
tuânn-khang,彈空
tuânn-khîm,彈琴
tuânn-phè,彈phè
tuânn-sìng,彈性
tuânn-thâu,彈頭
tuānn,段
tuānn,彈
tuānn,憚
tuān,緞
tuān-bīn-tôo,斷面圖
tuānn-tshìng,彈銃
tuānn--tshut-khì,彈出去
tuān-tsua̍t,斷絕
tuān-tsuí,斷水
tuān-hueh-lōo,斷血路
tuānn-hông,彈簧
tuān-hûn,斷魂
tuān-ím-si̍t,斷飲食
tuān-jī,篆字
tuān-kau,斷交
tuān-kì,傳記
tuānn-kut,憚骨
tuānn-la̍t,彈力
tuānn-li̍k-sìng,彈力性
tuānn-lo̍h,段落
tuān-niû,斷糧
tuānn-sìng,彈性
tuān-su,篆書
tuān-tiông,斷腸
tuān-tiông-tsháu,斷腸草
tuān-tiông-si,斷腸詩
tuann-á,單仔
tuann-ba̍k-á,單目仔
tuann-bīn,單面
tuann-bué,單尾
tuan-tsíng,端整
tuan-tsiànn,端正
tuann-tsuā,單逝
tuan-tsong,端莊
tuann-ê,單個
tuann-hō,單號
tuan-iông-tsiat,端陽節
tuann-kha-tshiú,單腳手
tuan-khái,端楷
tuann-kì,單據
tuan-lē,端麗
tuan-ngóo-tseh,端午節
tuan-ngóo-tsiat,端午節
tuann-senn-kiánn,單生囝
tuan-sī,端視
tuann-sin,單身
tuann-sìnn-mn̂g,單扇門
tuann-sin-hàn,單身漢
tuan-su,端書
tuann-tiah,單摘
tuann-tiah,端的
tuann-tuann,單單
tua̍t-bo̍k,奪目
tua̍t-tshú,奪取
tua̍t-huê,奪回
tua̍t-kím-phiau,奪錦標
tua̍t-kuân,奪權
tua̍t-lí,奪理
tua̍t-lī,奪利
tua̍t-mn̂g,奪門
tua̍t-tit,奪得
to-bah,刀肉
to-bué,刀尾
to-tsâi,多才
to-tshuì,刀嘴
to-tshuì,多嘴
to-tsí,刀子
to-tsio̍h,刀石
to-tsit,刀脊
tué,tué
tuè,tuè
tuè,綴
tuè-āu-bīn,tuè後面
tuè-bē-tio̍h,tuè-bē著
tuè-bó-kè,綴母嫁
tuè-bô-tsuā,綴無逝
tuè-bué,tuè尾
tuè-bué-āu,tuè尾後
tuè-bué-tsiū,tuè尾就
tuè-tsâ-bóo,綴查某
tuè-tshiú,綴手
tuè-tshuì,綴嘴
tuè-tshuì-bué,tuè嘴尾
tuè-ē-tio̍h,綴會著
tuè-hué-kì,綴夥計
tuè-huē-á,tuè會仔
tuè-i-khì,綴伊去
tuè-iūnn,綴樣
tuè-kàu-té,綴到底
tuè-kha-jiah,tuè-kha跡
tuè-kiō-āu,綴轎後
tuè-lâng,tuè人
tuè-lâng-tsáu,tuè人走
tuè-liû-hîng,綴流行
tuè-lōo,tuè路
tuè-lōo,綴路
tuè-pài,tuè拜
tuè-sî-kiânn,綴時行
tuè-siann,綴聲
tuè-sue,綴衰
tuè-sōng,綴蹌
tuè--tio̍h,tuè著
tuē-á,苧仔
tuē-á-pòo,苧仔布
tuē-á-si,苧仔絲
tue̍h,迭
to-gî,多疑
toh,叼
toh,卓
toh,桌
to̍h,著
to̍h-hué,著火
to̍h--khí-lâi,to̍h起來
to̍h-tio̍h,著著
to̍h--tio̍h,著著
toh-á,桌仔
toh-á-thuah,桌仔屜
toh-bīn,桌面
toh-bīn-tíng,桌面頂
toh-tsi̍t-tsióng,叼一種
toh-tsi̍t-ê,叨一個
toh-tsi̍t-khuán,叼一款
toh-í,桌椅
to-hî,刀魚
toh-kha,桌腳
toh-khàm,桌khàm
toh-khàm,桌勘
toh-khun,卓鯤
toh-kin,桌巾
toh-kînn,桌
toh-kiû,桌球
toh-kiû-sài,桌球賽
toh-kuainn,桌杆
toh-kuī,桌櫃
toh-kûn,桌裙
toh-lân,卓蘭
toh-lo̍h,叼落
toh-pòo,桌布
toh-tà,桌罩
toh-tàu,桌罩
toh-tíng,桌頂
toh-thâu,桌頭
toh-thâu-tsing,桌頭鐘
toh-thâu-pōng,桌頭磅
toh-thâu-ting,桌頭燈
toh-thuah,桌屜
toh-uî,桌帷
toh-uī,叼位
to-hûn,刀痕
to-iā,都也
tok,啄
tok,琢
tok,督
tok,篤
to̍k,毒
to̍k,獨
to̍k-bo̍k-tsiu,獨木舟
to̍k-bo̍k-tsûn,獨木船
to̍k-bu̍t,毒物
to̍k-tsàu,獨奏
to̍k-tshâi,獨裁
to̍k-tshâi-tsiá,獨裁者
to̍k-tsháu,毒草
to̍k-tshì,毒刺
to̍k-tshiú,毒手
to̍k-tshiùnn,獨唱
to̍k-tshù,獨處
to̍k-tshuì,毒嘴
to̍k-tsiàm,獨佔
to̍k-tsìnn,毒箭
to̍k-tsit,毒質
to̍k-tsit,瀆職
to̍k-tsiú,毒酒
to̍k-tsuâ,毒蛇
to̍k-tsū,獨自
to̍k-i̍k,毒液
to̍k-gán,獨眼
to̍k-gê,獨牙
to̍k-hāi,毒害
to̍k-hîng,獨行
to̍k-hīng,毒行
to̍k-hua̍t,獨活
to̍k-hông,獨黃
to̍k-īnn,獨院
to̍k-io̍h,毒藥
to̍k-it,獨一
to̍k-iú,獨有
to̍k-ka,獨家
to̍k-kak-sian,獨角仙
to̍k-ke,獨家
to̍k-kè,毒計
to̍k-kha-hì,獨腳戲
to̍k-khì,毒氣
to̍k-ki,獨居
to̍k-koo,毒菇
to̍k-lám,獨攬
to̍k-li̍k,獨力
to̍k-lián-tshia,獨輦車
to̍k-li̍p,獨立
to̍k-li̍p-kok,獨立國
to̍k-li̍p-sìng,獨立性
to̍k-liû,毒瘤
to̍k-lo̍k,獨樂
to̍k-lôo,髑髏
to̍k-uá-su,毒瓦斯
to̍k-pà,獨霸
to̍k-pân,獨盤
to̍k-phín,毒品
to̍k-pōo,毒步
to̍k-pōo,獨步
to̍k-sat,毒殺
to̍k-sìng,毒性
to̍k-sing-tsú,獨生子
to̍k-sing-lí,獨生女
to̍k-sí,毒死
to̍k-sim,毒心
to̍k-sin,獨身
to̍k-sin-á,獨身仔
to̍k-sin-tsiá,獨身者
to̍k-sin-hàn,獨身漢
to̍k-sòo,毒素
to̍k-suī-tshn̂g,獨睡床
to̍k-tánn,毒打
to̍k-ti̍k,獨特
to̍k-thâng,毒蟲
to̍k-thun,獨吞
to̍k-tit,獨得
to̍k-tuàn,獨斷
to̍k-to̍k,獨獨
to-kánn,多敢
tok-bah,剁肉
tok-tsik,督責
tok-tshat,督察
tok-tshiok,督促
tok-tshiū-tsiáu,啄樹鳥
tok-tsiàn,督戰
tok-tsiù,啄蛀
to-khak,刀殼
tok-ha̍k,督學
to-khing,刀銎
tok-hue,啄花
tok-hue,琢花
tok-kang,督工
tok-kè,啄價
tok-khak,啄殼
tok-ku,啄龜
tok-mn̂g,啄毛
tok-phīnn,啄鼻
tok-phīnn-á,啄鼻仔
tok-pit-á,啄嗶仔
tok-sìn,篤信
tok-tīng,篤定
tok-thâu,剁頭
tok-tiāu,剁掉
tok-tīn,督陣
tok-tn̄g,tok斷
tok-tn̄g,剁斷
tok-tō,督導
tok-tuī,督隊
to-lé,多禮
to-lōo,刀路
to-lōo-tshim,刀路深
to-lûn-to,多倫多
tòm--lo̍h-lâi,頓落來
tòm-thâu,tòm頭
to-mî,刀鋩
tong,東
tong,當
tóng,董
tóng,黨
tóng-bū,黨務
tóng-tsi̍k,黨籍
tóng-tsìng,黨政
tóng-tsiong,黨章
tóng-tsú-si̍k,黨主席
tóng-guā,黨外
tóng-huì,黨費
tóng-jîn,黨人
tóng-kang,黨工
tóng-kang,黨綱
tóng-khue,黨魁
tóng-kí,黨紀
tóng-kî,黨旗
tóng-kìm,黨禁
tóng-kua,黨歌
tóng-kok,黨國
tóng-luī,黨類
tóng-uân,黨員
tóng-phài,黨派
tóng-pian,黨鞭
tóng-pōo,黨部
tóng-siú,黨首
tóng-thuân,黨團
tóng-tī-kok,黨治國
tòng,凍
tòng,噸
tòng,擋
tòng,檔
tòng-á,擋仔
tòng-àn,檔案
tòng-bē-tiâu,擋bē-tiâu
tòng-tshia,擋車
tòng-tshong,凍瘡
tòng-tsò,當作
tòng-tsò,當做
tòng-ē-tiâu,擋會tiâu
tòng-gōng,tòng-gōng
tòng-iânn,擋贏
tòng-kà,擋駕
tòng-khah-kú,擋卡久
tòng-kî,檔期
tòng-kiat,凍結
tòng-kú,擋久
tòng-liông,棟梁
tòng-lōo,擋路
tòng-mn̂g,擋門
tòng-niû,棟樑
tòng-siong,凍傷
tòng-suán,當選
tòng-suán-jîn,當選人
tòng-sòo,噸數
tòng-su,擋輸
tòng-táu,擋搗
tòng-thâu,擋頭
tòng-tiām,擋tiām
tòng-tiâu,擋tiâu
tông,同
tông,桐
tông,堂
tông-bîng,同盟
tông-bôo,同謀
tông-tsāi,同在
tông-tsing,童貞
tông-tsîng,同情
tông-tsîng-sim,同情心
tông-tsing-lí,童貞女
tông-tshiū,桐樹
tông-tshn̂g,同床
tông-tshong,同窗
tông-tshong-huē,同窗會
tông-tsí-tshiū,桐子樹
tông-tsì,同志
tông-tsìn-thè,同進退
tông-tsióng,同種
tông-tso̍k,同族
tông-tsong,同宗
tông-tsong,童裝
tông-tsú,童子
tông-tsú,瞳子
tông-tsú-kun,童子軍
tông-tsú-siau,童子痟
tông-ê,同的
tông-ê,堂的
tông-ê,堂個
tông-gân,童顏
tông-gia̍p,同業
tông-ha̍k,同學
tông-ha̍k-huē,同學會
tông-hâng,同行
tông-hiáng,同享
tông-hiong,同鄉
tông-hióng,同享
tông-hiong-huē,同鄉會
tông-huà,同化
tông-hông,堂皇
tông-ì,同意
tông-ì-su,同意書
tông-iâu,童謠
tông-iû,桐油
tông-jîn,同仁
tông-kám,同感
tông-kang,童工
tông-khìng,同慶
tông-khim,同襟
tông-khóng,瞳孔
tông-ki,同居
tông-kî,同期
tông-lāu-ah,唐老鴨
tông-lí,同理
tông-lí,童女
tông-liân,童年
tông-liâu,同僚
tông-lo̍k,同樂
tông-luī,同類
tông-uē,童話
tông-o̍h,同學
tông-pan,同班
tông-pâng,同房
tông-pau,同胞
tông-puè,同輩
tông-si̍k,同席
tông-sìng,同姓
tông-sìng-luân,同性戀
tông-sî,同時
tông-siāng,堂上
tông-sim,童心
tông-sin,童身
tông-siok,同宿
tông-sū,同事
tông-tāi,唐代
tông-tíng,同等
tông-thu̍t-kan,唐突間
tông-tī,同治
tông-tī-tsháu,同治草
tông-tiâu,唐朝
tông-tn̂g,同堂
tông-tō,同道
tông-tông,堂堂
tông-tu̍t,唐突
tông-uī-gí,同位語
tông-uī-kak,同位角
tông-uī-sòo,同位素
tōng,tōng
tōng,洞
tōng,動
tōng,撞
tōng,蕩
tōng-bô-lōo,tōng無路
tōng-bu̍t,動物
tōng-bu̍t-ha̍k,動物學
tōng-bu̍t-hn̂g,動物園
tōng-bu̍t-kài,動物界
tōng-tsîng,動情
tōng-tsīng,動靜
tōng-tshat,洞察
tōng-tsok,動作
tōng-gī,動議
tōng-hia̍t,洞穴
tōng-hìnn,盪幌
tōng-hiòng,動向
tōng-huan,幢幡
tōng-hué,動火
tōng-iâu,動搖
tōng-iông,動容
tōng-iōng,動用
tōng-jîn,動人
tōng-kang,宕工
tōng-kan-ko,動干戈
tōng-khang,撞空
tōng-ki,動機
tōng-kiû,撞球
tōng-kiû-king,撞球間
tōng-kuái-á,撞枴仔
tōng-li̍k,動力
tōng-lîng,動能
tōng-lián-tshia,動輦車
tōng-luān,動亂
tōng-me̍h,動脈
tōng-uân,動員
tōng-uân-līng,動員令
tōng-uē,動畫
tōng-ping,動兵
tōng-phuà,撞破
tōng-pông,洞房
tōng-sán,動產
tōng-siau,洞簫
tōng-sim,動心
tōng-sin,動身
tōng-si̍t-bu̍t,動植物
tōng-sû,動詞
tōng-tân,動霆
tōng-thài,動態
tōng-thut,宕脫
tōng-tio̍h,撞著
tōng--tio̍h,撞著
tōng-tōng,動盪
tōng-tōng-hàinn,盪盪háinn
tōng-tōng-hìnn,蕩蕩晃
tōng-tōng-tin,盪盪津
tōng-to-ping,動刀兵
tōng-tu̍t,撞突
tong-bîn,冬眠
tong-buán,當晚
tong-tsìng,當政
tong-tshoo,當初
tong-tshoo-sî,當初時
tong-tsiân,當前
tong-tsînn,東錢
tong-tsiòng,當眾
tong-hong,東方
tong-hông,冬防
tong-iā,當夜
tong-jiân,當然
tong-ji̍t,當日
tong-ka-su,當家師
tong-kî-sî,當其時
tong-kiáu,東儌
tong-kim,當今
tong-kio̍k,當局
tong-kuân-tsiá,當權者
tong-kuân-phài,當權派
tong-kui,當歸
tong-kuì,冬季
tong-kui-ah,當歸鴨
tong-ngôo,東吳
tong-nî,當年
tong-pan,當班
tong-sè,當世
tong-sî,當時
tong-siau,當銷
tong-sū-tsiá,當事者
tong-sū-jîn,當事人
tong-tāi,當代
tong-tē,當地
tong-tē-lâng,當地人
tong-thiông,冬蟲
tong-tiong,當中
tong-ti̍t,當值
tong-tiûnn,當場
tong-tong,當當
tong-tong-tsia̍h,tong-tong食
tong-ûn,當勻
to-nî,刀蓮
to-niā,刀岭
to-pán,刀板
to-phiann,刀骿
to-pìnn,刀柄
to-puē,刀背
to-póo-tshiú,刀斧手
to-siā,多謝
to-siáu,多少
to-sim,多心
to-siò,刀鞘
to-siong-tsháu,刀傷草
to-siù,刀首
to-sok,刀束
to-sū,多事
to-tāu,刀豆
to-tiam,刀砧
to-tio̍h,都著
to-tuan,多端
tóo,堵
tóo,賭
tóo-á,肚仔
tóo-á-khòo,肚仔褲
tóo-ba̍k,賭目
tóo-ba̍k-sik,賭目色
tóo-tsînn,賭錢
tóo-tsō-huà,賭造化
tóo-tsū,堵住
tóo-gán-li̍k,賭眼力
tóo-hiông,賭雄
tóo-huat,賭法
tóo-hong,堵方
tóo-ióng,賭勇
tóo-iú,賭友
tóo-jī-ūn,賭字運
tóo-kheh,賭客
tóo-khì,賭氣
tóo-khiàng,賭khiàng
tóo-khū,賭具
tóo-kio̍k,賭局
tóo-kiông,賭強
tóo-kuānn,肚kuānn
tóo-kuānn-khòo,肚kuānn褲
tóo-kū,賭具
tóo-kuí,賭鬼
tóo-lāi-gî,肚內疑
tóo-lāi-khiáu,肚內巧
tóo-ngē-khì,鬥硬氣
tóo-phok,賭博
tóo-sat,屠殺
tóo-sat-tiûnn,屠殺場
tóo-sènn-miā,賭性命
tóo-siàu,賭數
tóo-sue-ōng,賭衰旺
tóo-su-iânn,賭輸贏
tóo-tāng,肚重
tóo-té,肚底
tóo-tē,肚袋
tóo-tiòng,肚脹
tóo-tiûnn,賭場
tòo,tòo
tòo,鬥
tòo,透
tòo-ba̍k-sik,鬥目色
tòo-bē-iânn,鬥bē嬴
tòo-tsing,鬥爭
tòo-tshuì,鬥嘴
tòo-tshut-lâi,透出來
tòo-tsì,鬥志
tòo-tsuá,tòo紙
tòo-tsuá,透紙
tòo-tsuí,透水
tòo-gû,鬥牛
tòo-gû-tiûnn,鬥牛場
tòo-hî,鬥魚
tòo-hî,蠹魚
tòo-hiân,妒賢
tòo-hīn,妒恨
tòo-ke,鬥雞
tòo-khì,鬥氣
tòo-khī,妒忌
tòo--kuè-khì,tòo過去
tòo-uē,透畫
tòo-sìng,鬥勝
tòo-sim,妒心
tòo-tâm,tòo-tâm
tòo-tì,鬥智
tòo--tio̍h,tòo著
tòo-tôo,tòo圖
tòo-tôo,透圖
tôo,涂
tôo,途
tôo,圖
tôo-àn,圖案
tôo-bīn,圖面
tôo-bôo,圖謀
tôo-tsái-tiûnn,屠宰場
tôo-tsáinn,屠宰
tôo-tsí,廚子
tôo-tsí-sai,廚子師
tôo-tsiong,圖章
tôo-tsiùnn,圖幛
tôo-hîng,徒行
tôo-hîng,圖形
tôo-hue,圖花
tôo-hu,屠夫
tôo-iūnn,圖樣
tôo-kái,塗改
tôo-kái,圖解
tôo-king,途經
tôo-kìng,途徑
tôo-kiû,圖求
tôo-kó,圖稿
tôo-lī,圖利
tôo-uē,圖畫
tôo-phìnn,圖片
tôo-pió,圖表
tôo-sik,圖式
tôo-sī,圖示
tôo-siōng,圖像
tôo-sueh,圖說
tôo-su,圖書
tôo-su-kuán,圖書館
tôo-su-sik,圖書室
tôo-tē,徒弟
tôo-ting,圖釘
tôo-tîng,圖騰
tôo-thîng,圖騰
tôo-tiong,途中
tôo-to,屠刀
tôo-uī,圖畫
tôo-uī-ting,圖畫釘
tôo-ún,土蚓
tōo,杜
tōo,肚
tōo,度
tōo,渡
tōo-sann-tǹg,度三頓
tōo-sènn-miā,度性命
tōo-sió-gue̍h,度小月
tōo-bē,杜賣
tōo-bué,肚尾
tōo-bún,杜bún
tōo-tsâi-siūnn,肚臍想
tōo-tsâi-ē,肚臍下
tōo-tsâi-hong,肚臍風
tōo-tsâi-tì,肚臍蒂
tōo-tsat-á,杜截仔
tōo-tsè,度晬
tōo-tshuì-tsia̍h,度嘴食
tōo-tshuì-pá,度嘴飽
tōo-tsia̍h,度食
tōo-tsiam,度針
tōo-tsiáu,渡鳥
tōo-tsiunn,渡漿
tōo-tsiúnn,渡槳
tōo-tsua̍t,杜絕
tōo-tsûn,渡船
tōo-tsûn-thâu,渡船頭
tōo-ē-ua̍h,度會活
tōo-ing,杜英
tōo-gîn,鍍銀
tōo-guā,度外
tōo-hái,渡海
tōo-hué-si̍t,度伙食
tōo-iám,肚掩
tōo-iām,竇炎
tōo-ín,杜蚓
tōo-ji̍t,度日
tōo-ji̍t-tsí,度日子
tōo-ká,渡假
tōo-kang,渡江
tōo-kâu,杜猴
tōo-kháu,度口
tōo-kim,鍍金
tōo-kim-tsuí,鍍金水
tōo-kín,杜蚓
tōo-kín-tshìng,杜蚓蒸
tōo-kín-tsiáu,杜蚓鳥
tōo-kín-tsuâ,杜蚓蛇
tōo-kuâi-á,tōo-kuâi仔
tōo-kuan,杜鵑
tōo-kuan-hue,杜鵑花
tōo-kuè,度過
tōo-kui-á,杜kui仔
tōo-lāi-gî,肚內疑
tōo-lāi-khang,肚內空
tōo-liāng,肚量
tōo-liāng,度量
tōo-liāng-e̍h,度量狹
tōo-liāng-tuā,度量大
tōo-lûn,渡輪
tōo-ua̍h,度活
tōo-pá,度飽
tōo-peh-á,杜扒仔
tōo-peh-á,肚peh仔
tōo-phè-á,肚帕仔
tōo-pi,杜蓖
tōo-pi-tshâm,杜蓖蠶
tōo-pi-tsí,杜蓖子
tōo-puânn,肚盤
tōo-sè,度世
tōo-senn,度生
tōo-sòo,度數
tōo-tâng,鍍銅
tōo-tīng,tōo-tīng
tōo-thâu,渡頭
tōo-tiōng,杜仲
tōo-tn̂g,大腸
tōo-tn̂g,肚腸
tōo-uî-á,肚帷仔
tōo-ún,土蚓
too-tshī,都市
too-tshī-huà,都市化
too-tshī-pēnn,都市病
too-ha̍p,都合
too-huē,都會
too-huē-khu,都會區
too-tok-hî,都督魚
tu,tu
tu,株
tú,tú
tú,抵
tú-á,tú仔
tú-á-tsiah,tú仔chiah
tú-á-hó,tú仔好
tú-bē-tio̍h,tú-bē著
tú-beh,tú欲
tú-bīn,tú面
tú-tshái,抵採
tú-tshin-tshiūnn,tú親像
tú-tshiú,抵手
tú-tshiūnn,tú像
tú-tshuì,tú嘴
tú-tsiah,tú-chiah
tú-tsuí,抵水
tú-gia̍h,抵額
tú-hó,tú好
tú-hó,抵好
tú-kang-tsînn,tú工錢
tú-khá,tú巧
tú-khí,抵起
tú--lâng,tú人
tú--leh,tú--leh
tú-mn̂g,tú門
tú-pênn,抵平
tú-piah,tú壁
tú-sî-tsūn,tú時陣
tú-siàu,tú數
tú-siàu,抵數
tú-tak,tú觸
tú-ti̍k,抵敵
tú-thinn,tú天
tú-thuî,tú錘
tú-tī--leh,tú-tī--leh
tú--tiâu,tú--tiâu
tú-tio̍h,抵著
tú--tio̍h,tú著
tú-tng,tú當
tú-tn̄g,tú當
tú-tn̄g,抵撞
tú-tú,tú-tú
tú-tú,抵抵
tú-tú-tsáu,抵抵走
tú-tú-hó,tú-tú好
tú-tú-ū,tú-tú有
tù,tù
tù,注
tù-bē-tiâu,tù-bē-tiâu
tù-bô-kú,tù無久
tù-tshing,著稱
tù-tsok,著作
tù-tsok-bu̍t,著作物
tù-tsok-jîn,著作人
tù-tsuí,tù水
tù-ē-tiâu,tù會tiâu
tù-táu,滯倒
tù-thâu,tù頭
tù-tù-siūnn,注注想
tû,櫥
tû,躇
tû,躕
tû-á,櫥仔
tû-khū,廚具
tû-leh,tû-leh
tû-liú,櫥紐
tû-su,廚師
tû-thang,櫥窗
tû-thâu-kuī,櫥頭櫃
tû-thuah,櫥屜
tū,柱
tū-tsiok,佇足
tū-tsuí,tū水
tū-tsuí,注水
tū-tsuí-sí,注水死
tū-iû,柱油
tū-khuì,注氣
tū-kiâm,tū鹹
tū-soh,大索
tu-tsâi,tu臍
tu-tshuì,嘟嘴
tuh,tuh
tu̍h,tu̍h
tu̍h-tshàu,tu̍h臭
tu̍h-huì-bó,突諱母
tu̍h-khang,tu̍h空
tu̍h-phuà,tu̍h破
tu̍h-sí,突死
tu̍h-tu̍h-kiò,tu̍h-tu̍h叫
tuh-bîn,tuh眠
tuh-bîn-tuh,tuh眠tuh
tuh-iû,tuh油
tuh-ka-tsuē,tuh-ka-tsuē
tuh-ku,tuh-ku
tu-hong,tu風
tuh-thâu,tuh頭
tuh-tuh-siūnn,tuh-tuh想
tui,追
tui,堆
tuí-uānn,兌換
tuì,碓
tuì,對
tuì-tsia-khì,對遮去
tuì-pinn--á,對邊a
tuì-áu,對拗
tuì-bīn,對面
tuì-bīn-tshiah,對面刺
tuì-bīn-tshù,對面厝
tuì-bīn-hong,對面風
tuì-bīn-mn̂g,對面門
tuì-bīn-oo,對面烏
tuì-tsê,對齊
tuì-tsē,對坐
tuì-tsik,對窄
tuì-tsik,對責
tuì-tsìng,對症
tuì-tshah,對插
tuì-tsham,對攙
tuì-tshik,對策
tuì-tshi̍k,對摵
tuì-tshing,對稱
tuì-tshian,對千
tuì-tshian,對扦
tuì-tshiâng,對戕
tuì-tshin,對親
tuì-tshiō,對tshiō
tuì-tshiō,對耀
tuì-tshiong,對沖
tuì-tshiong,對衝
tuì-tshiú,對手
tuì-tshua̍h,對tshua̍h
tuì-tshua̍h,對斜
tuì-tshuì,對嘴
tuì-tshuì-ìn,對嘴應
tuì-tsí,對指
tuì-tsia,對遮
tuì-tsiat,對折
tuì-tsiàu,對照
tuì-tsih,對摺
tuì-tsîn,對繩
tuì-tsióng,對獎
tuì-tsún,對準
tuì-ìng,對應
tuì-guā,對外
tuì-hio̍h-liân,對葉蓮
tuì-hiòng,對向
tuì-hō,對號
tuì-huán,對反
tuì-huānn,對岸
tuì-hong,對方
tuì-hù,對付
tuì-î,對於
tuì-i-kóng,對伊講
tuì-i-thó,對伊討
tuì-kak,對角
tuì-kak-suànn,對角線
tuì-káng-ki,對講機
tuì-kê,對kê
tuì-ke̍h,對ke̍h
tuì-kíng,對景
tuì-kha-tsiàn,對腳戰
tuì-khang,對空
tuì-kha-pua̍h,對腳博
tuì-khiā,對khiā
tuì-khiat,對戛
tuì-khuànn,對看
tuì-khòng,對抗
tuì-khòng-sài,對抗賽
tuì-khui,對開
tuì-kî,對期
tuì-kio̍k,對局
tuì-kó,對稿
tuì-kuat,對決
tuì-kù,對句
tuì-liām,對捻
tuì-liân,對聯
tuì-li̍p,對立
tuì-liû,對流
tuì-lōo,對路
tuì-luí,對壘
tuì-mn̄g,對問
tuì-ngóo-tshiong,對午衝
tuì-ngóo-tshiong,對忤沖
tuì-nî,對年
tuì-nî-kī,對年忌
tuì-uānn,對換
tuì-uē,對話
tuì-uē-ki,對話機
tuì-oo,對烏
tuì-pài,對拜
tuì-pâi,對排
tuì-pān,對範
tuì-pe̍h,對白
tuì-píng,對反
tuì-pîng,對旁
tuì-pí,對比
tuì-piànn,對拚
tuì-pit-tsik,對筆跡
tuì-puànn,對半
tuì-puànn-áu,對半拗
tuì-puànn-tshé,對半扯
tuì-puànn-tsiat,對半折
tuì-puànn-phuà,對半破
tuì-puànn-pun,對半分
tuì-puànn-seh,對半楔
tuì-puànn-thàn,對半趁
tuì-pun,對分
tuì-pu̍t-tsū,對不住
tuì-put-khí,對不起
tuì-sè,對細
tuì-siah,對削
tuì-siàng,對相
tuì-siāng,對上
tuì-siàu,對siàu
tuì-sìn,對訊
tuì-siòng,對相
tuì-siōng,對象
tuì-sòo,對數
tuì-sòo-pió,對數表
tuì-tak,對觸
tuì-tâm,對談
tuì-tánn,對打
tuì-tànn,對訂
tuì-tâng,對同
tuì-tāng,對重
tuì-tap,對答
tuì-ti̍k,對敵
tuì-tíng,對等
tuì-thāi,對待
tuì-thâu,對頭
tuì-thâu-tshin,對頭親
tuì-thâu-gōo,對頭誤
tuì-thâu-hong,對頭風
tuì-thâu-kóng,對頭講
tuì-thâu-lâi,對頭來
tuì-thâu-siah,對頭削
tuì-thīn,對媵
tuì-tî,對除
tuì-tiám,逗點
tuì-tiám,對點
tuì-tiàu,對調
tuì-tīn,對陣
tuì-tīn,調陣
tuì-tio̍h,對著
tuì--tio̍h,對著
tuì-tiong,對中
tuì-tiōng,對重
tuì-tiong-tàu,對中晝
tuì-tiong-tiám,對中點
tuì-ti̍t,對直
tuì-tn̂g,對剸
tuì-too,對都
tuì-tu,對tu
tuì-tu,對株
tuì-tu,對推
tuì-tú,對tú
tuì-tú,對抵
tuì-tuì,對對
tuî,捶
tuî,搥
tuî-hing,搥胸
tuî-kin-á,捶筋仔
tuî-oo-tāu,捶烏豆
tuî-pínn,搥扁
tuî-sim-kuann,捶心肝
tuî-sim-kuann,搥心肝
tuī,隊
tuī,墜
tuī-á,墜仔
tuī-tsing,墜精
tuī-tsînn,兌錢
tuī-tsîn,墜繩
tuī-tsuí,墜水
tuī-huí,墜毀
tuī-khì,墜氣
tuī-kî,隊旗
tuī-lâu,墜樓
tuī-lo̍h,墮落
tuī--lo̍h-lâi,墜落來
tuī-ngóo,隊伍
tuī-uân,隊員
tuī-pōo,隊部
tuī-tē,墜地
tuī-thai,墜胎
tuī-thai,墮胎
tuī-tiông,墜腸
tuī-ti̍t,墜直
tuī-tiúnn,隊長
tuī-tn̂g,墜腸
tuī-tuī,墜墜
tui-tsa,追查
tui-tsik,追責
tui-tsik,堆積
tui-tshuē,追tshuē
tui-tsip,追緝
tui-tsong,追蹤
tui-hîng,追還
tui-huê,追回
tui-hong,追封
tui-jik,追迮
tui-ka,追加
tui-kiáu,追繳
tui-kiù,追究
tui-kiû,追求
tui-kuánn,追趕
tui-ko-ki,堆高機
tui-lia̍h,追lia̍h
tui-lia̍h,追掠
tui-liām,追念
tui-mn̄g,追問
tui-puî,堆肥
tui-sat,追殺
tui-sióng,追想
tui-sok-kàu,追溯到
tui-sòo,追訴
tui-sòo-kuân,追訴權
tui-suî,追隨
tui-su-lé,追思禮
tui-tánn,追打
tui-thó,追討
tui--tio̍h,追著
tui-tō,追悼
tu--khì,tu去
tu-khui,tu開
tu-ko-ki,tu高機
tu-lâu,tu流
tu-lâu,株流
tu-lâu,推流
tun,墩
tún,囤
tún,盾
tún-tsik,囤積
tún-huè,囤貨
tún-khǹg,囤khǹg
tún-pâi,盾牌
tún-tha̍h,囤疊
tún-tia̍h,囤糴
tún-tún,腯腯
tùn,頓
tùn-tsáu,tùn走
tùn-tshiú,扽手
tùn-tshiú,頓手
tùn-tsiok,頓足
tùn-ke,頓雞
tùn-siú,頓首
tùn-táu,頓倒
tùn-tenn,頓tenn
tùn-tiunn,扽張
tùn-uī,噸位
tûn,唇
tûn-hông,唇紅
tûn-khí,唇齒
tūn,沌
tūn,鈍
tūn-bah,燉肉
tūn-ba̍k,鈍目
tūn-tsâi,鈍才
tūn-tsáu,遁走
tūn-tshī,鈍市
tūn-tshuì,鈍嘴
tūn-tsū,屯聚
tūn-hîng,遁形
tūn-kak,鈍角
tūn-ke,燉雞
tūn-niû,囤糧
tūn-ping,屯兵
tūn-siau,鈍銷
tūn-tia̍h,囤糶
tun-bo̍k,敦睦
tun-tshíng,敦請
tun-hông,敦煌
tun-hōo,敦厚
tun-phok,敦樸
tun-to,鈍刀
tu-sam-sing,推三牲
tu-se-lóo,推西魯
tut,tut
tu̍t,突
tu̍t-tshut,突出
tu̍t-huat,突發
tu̍t-jiân,突然
tu̍t-ki̍k,突擊
tu̍t-kik-tuī,突擊隊
tu̍t-khí,突起
tu̍t-phuà,突破
tu̍t-phuà-sìng,突破性
tu̍t-piàn,突變
tu̍t-si̍p,突襲
tu̍t-uî,突圍
tu-thâu-hong,tu頭風
tu-thâu-hong,株頭風
tu-thôo-ki,tu土機
u,洿
ú,羽
ú-kî,雨期
ú-kiû,羽球
ú-lîm,雨林
ú-liòng,雨量
ú-liông,羽絨
ú-sài,與賽
ù,塢
ù,煦
ù-tsuí,污水
ù-hō,煦號
ù-ìn,煦印
ù-jiám,污染
ù-jio̍k,污辱
ù-uè,污穢
ù-ping,ù冰
ù-ping,煦冰
ù-sio,煦燒
ù-tiám,污點
û-gia̍h,餘額
û-í,予以
û-lūn,輿論
û-tē,餘地
ū,吁
ū-tsām-tsat,有站節
ū-bāng,有望
ū-bî-bo̍k,有眉目
ū-bī-sòo,有味素
ū-bīn,有面
ū-bô,有無
ū-tsâi-tiāu,有才調
ū-tsām-gâm,有站巖
ū-tsām-gâm,有暫岑
ū-tsē-khiā,有坐徛
ū-tsíng,有種
ū-tsîng,有情
ū-tsheh-pìnn,有慼變
ū-tshuì-tsuí,有嘴水
ū-tshun,有伸
ū-tshun,有偆
ū-tshut-ji̍p,有出入
ū-tsînn,有錢
ū-tsi̍t-sueh,有一說
ū-tsuánn,有泉
ū-tsuē,有罪
ū-tsóo-gāi,有阻礙
ū-îng,有閒
ū-gán,有眼
ū-gē,有藝
ū-gia̍h,有額
ū-hà,有孝
ū-ha̍h,有合
ū-hâm,有含
ū-hàu,有孝
ū-hē-lo̍h,有下落
ū-hìng-tshù,有興趣
ū-hìng-thâu,有興頭
ū-hîng,有形
ū-hîng,有雄
ū-hîng-ui,有形威
ū-hó,有好
ū-hué-khì,有火氣
ū-huè,有歲
ū-huè-ā,有歲矣
ū-huè-thâu,有歲頭
ū-hue-jī,有花字
ū-hūn,有份
ū-iánn,有影
ū-iân,有緣
ū-jî,有如
ū-jī-gán,有字眼
ū-jîn-bōng,有人望
ū-kàm-î,有鑑於
ū-kàu,有夠
ū-kàu-la̍t,有夠力
ū-kíng,有景
ū-khah,有khah
ū-khang,有空
ū-khang-lâng,有空人
ū-khang-lâng,有康人
ū-khí-sik,有起色
ū-khuì-thâu,有氣頭
ū-kiânn-khì,有行氣
ū-kio̍k,有局
ū-kiù,有救
ū-kuá,有寡
ū-kuân,有權
ū-kù-tāu,有句讀
ū-kuì,有貴
ū-kuī,有懷
ū-lāi-tsâi,有內才
ū-lâng-iân,有人緣
ū-la̍t,有力
ū-lé-sòo,有禮數
ū-lí,有理
ū-lī-thâu,有利頭
ū-liāng,有量
ū-lo̍h-miâ,有落名
ū-lōo,有路
ū-lōo-īng,有路用
ū-lōo-iōng,有路用
ū-lui,有鐳
ū-miâ,有名
ū-miâ-siann,有名聲
ū-ná-bô,有那無
ū-ná-bô,有若無
ū-nāi,有耐
ū-ǹg,有向
ū-ǹg-bāng,有向望
ū--nn̄g-pōo,有兩步
ū-uē-kóng,有話講
ū-pak-tn̂g,有腹腸
ū-pán,有板
ū-pān,有範
ū-penn,有拼
ū-penn,有繃
ū-pēnn,有病
ū-pìng-kú,有併久
ū-phā,有抱
ū-phài-thâu,有派頭
ū-phenn,有偏
ū-phuānn,有伴
ū-phóo,有譜
ū-pí-phīng,有比並
ū-piànn,有拚
ū-piànn-bīn,有拚面
ū-puânn,有盤
ū-puânn-kháu,有盤口
ū-poh,有博
ū-póo,有補
ū-pōo,有步
ū-pun-tiunn,有分張
ū-sî,有時
ū-sî-á,有時仔
ū-sî-tsūn,有時陣
ū-sî-kan,有時間
ū-siànn,有聖
ū-siau,有銷
ū-siau-tháu,有銷tháu
ū-sim,有心
ū-sin,有身
ū-sìn-pîn,有信憑
ū-sîn,有神
ū-sîn-tshái,有神彩
ū-sin--ê,有身ê
ū-sin-īn,有身孕
ū-sin-lâng,有身人
ū-siūnn-sim,有想心
ū-sū-sái,有事使
ū-tāi-tsì,有代誌
ū-tám-liāng,有膽量
ū-tām-po̍h,有淡薄
ū-tam-tng,有擔當
ū-tánn,有膽
ū-tàng,有當
ū-tāng,有重
ū-tang-á,有當仔
ū-tàu-tah,有鬥搭
ū-tau-sau,有兜捎
ū-té,有底
ū-té-tì,有底蒂
ū-tè-tshuē,有地tshuē
ū-tik,有德
ū-thang,有通
ū-thâu-bīn,有頭面
ū-the,有胎
ū-tióng,有長
ū-tiòng-iōng,有中用
ū-tit,有得
ū-tńg,有轉
ū-tn̂g,有長
ū-to̍k,有毒
ū-tòng,有擋
ū-tòng-thâu,有擋頭
ū-tōo-liāng,有肚量
ū-tōo-liāng,有度量
ū-tù,有亍
ū-tù-thâu,有亍頭
ū-ûn,有勻
u-tsuí,汙水
ui,衣
ui,威
ui,摵
ui,踒
uí,韋
uí-tsik,偉績
uí-jīm,委任
uí-jîn,偉人
uí-khiok,委曲
uí-khut,委屈
uí-uán,委婉
uí-uân,委員
uí-uân-huē,委員會
uí-uân-tiúnn,委員長
uí-pān,委辦
uí-phài,委派
uí-tāi,偉大
uí-thok,委託
uí-tô,韋馱
uì,uì
uì,畏
uì,尉
uì,對
uì-bián,慰勉
uì-bóo,畏某
uì-būn,慰問
uì-būn-kim,慰問金
uì-tshuì,飫嘴
uì-tsuē,畏罪
uì-hiánn,畏顯
uì-huân,畏煩
uì-jua̍h,畏熱
uì-khue̍h,畏挾
uì-khū,畏懼
uì-kiàn-siàu,畏見笑
uì-kuânn,畏寒
uì-kóng,畏講
uì-líng,畏冷
uì-liû,慰留
uì-lô,慰勞
uì-ngiau,畏ngiau
uì-ngiau-tsháu,畏撓草
uì-ngiau-tsháu,畏蟯草
uì-senn-hūn,畏生分
uì-siáu-jîn,畏羞人
uì-siáu-lâng,畏羞人
uì-siáu-lé,畏小澧
uì-siáu-lé,畏羞禮
uì-siu-tsháu,畏羞草
uì-sū,畏事
uì-tôo,畏途
uî,為
uî,桅
uî,圍
uî,維
uî-ài,遺愛
uî-bí,唯美
uî-bu̍t,遺物
uî-tsa̍h,圍閘
uî-tsa̍h,圍截
uî-tsâu,圍剿
uî-tsik,遺蹟
uî-tsìng,為政
uî-tshiûnn,圍牆
uî-tsí,為止
uî-tsí,遺址
uî-tsiàm,圍佔
uî-tsiok,遺囑
uî-tsiok-jī,遺囑字
uî-tsiong,違章
uî-tsok,遺作
uî-tso̍k,遺族
uî-tsú,為主
uî-tsū,圍住
uî-îng,為榮
uî-gân,遺言
uî-giân,遺言
uî-hāi,為害
uî-ha̍k,為學
uî-hām,遺憾
uî-hān,為限
uî-hiàn,違憲
uî-huán,違反
uî-huānn,圍岸
uî-huān,違犯
uî-huat,違法
uî-iā-la̍p,維也納
uî-iok,違約
uî-iok-kim,違約金
uî-iông,遺容
uî-it,唯一
uî-iú,唯有
uî-jiah,遺跡
uî-jîn,為人
uî-kàu,遺教
uî-kíng,違警
uî-khí-lâi,圍起來
uî-khòng,違抗
uî-kì,為記
uî-kî,圍棋
uî-kiàn,違建
uî-kiàn-hōo,違建戶
uî-kìm,違禁
uî-kìm-phín,違禁品
uî-kin,圍巾
uî-kuan,圍觀
uî-kui,違規
uî-kui-lâng,違規人
uî-la̍h,圍獵
uî-lân,為難
uî-liû,遺留
uî-lôo,圍爐
uî-uá,圍倚
uî-pîn,圍屏
uî-pio,圍標
uî-puē,違背
uî-póo,圍捕
uî-sán,遺產
uî-sán-suè,遺產稅
uî-sing,為生
uî-sin-kin,圍身巾
uî-sin-kûn,圍身裙
uî-siōng,遺像
uî-sit,遺失
uî-siú,為首
uî-song,遺孀
uî-su,遺書
uî-su-kûn,圍軀裙
uî-tê,為題
uî-teh-kiânn,圍teh行
uî-tha-bīng,維他命
uî-thâm,圍懸
uî-thé,遺體
uî-thuân,遺傳
uî-thuân-ha̍k,遺傳學
uî-to̍k,遺毒
uî-tóo,圍堵
uī,位
uī,為
uī,胃
uī,畫
uī-tshak,畫chhak
uī-gâm,胃癌
uī-gia̍p,為業
uī-guân,位元
uī-hā-suî,胃下垂
uī-hô,為何
uī-hō,畫號
uī-huān,為患
uī-huè-iông,胃潰瘍
uī-hóo-lān,畫虎lān
uī-hóo-niau,畫虎貓
uī-hû,畫符
uī-iām,胃炎
uī-ka-kī,為家己
uī-khan,畫刊
uī-kháu,胃口
uī-khuì-iông,胃潰瘍
uī-ki,位居
uī-kí,為己
uī-kong,為公
uī-lân--lâng,為難人
uī-lē,為例
uī-ông,為王
uī-ping,衛兵
uī-sak,畫sak
uī-sán,胃散
uī-siánn-mi̍h,為啥物
uī-sím-mih,為甚物
uī-sím-mi̍h,為甚物
uī-sng,胃酸
uī-sòo,位數
uī-sòo,為數
uī-su,為私
uī-sûn,畫巡
uī-tê,畫題
uī-tì,位置
uī-tī,位tī
uī-tio̍h,為著
uī-tn̂g,胃腸
uī-ùn-hong,胃蘊風
ui-bōng,威望
ui-bú,威武
ui-giâm,威嚴
ui̍h,劃
uē-tshik,劃策
ui̍h-kài,劃界
ui-hik,威嚇
ui-hîng,威形
ui-hia̍p,威脅
uih-khang,挖空
ui-hong,威風
ui-kuân,威權
ui-li̍k,威力
ui-lîng,威靈
ui-lîng-kong,威靈公
ui-lîng-sian,威靈仙
ui-liâm,威廉
ui-pik,威逼
ui-phō-sim,衣抱心
ui-sē,威勢
ui-sìn,威信
ui-sū-kī,威士忌
ui-tuà,衣帶
u-jiám,污染
u-lâi,烏來
un,蝹
ún,尹
ún,蚓
ún,隱
ún,穩
ún-á,塭仔
ún-á,溳仔
ún-á-bí,穩仔米
ún-hó,穩好
ún-iânn,穩贏
ún-khùn,穩睏
ún-ki,隱居
ún-kiān,穩健
ún-kiānn,穩健
ún-kòo,穩固
ún-ku,ún痀
ún-ku--ê,ún痀ê
ún-ku-kiô,ún痀橋
ún-lâi,穩來
ún-muâ,隱瞞
ún-pô,穩婆
ún-si̍k,隕石
ún-sìng,隱性
ún-sim,穩心
ún-sim-á,穩心仔
ún-su,隱私
ún-su,穩輸
ún-su-kuân,隱私權
ún-tak-tak,穩篤篤
ún-tang,穩冬
ún-tàng,穩當
ún-tīng,穩定
ún-thàn,穩趁
ún-tiak-tak,穩觸琢
ún-tòng-tòng,穩當當
ún-tūn,隱遁
ùn,搵
ùn-tsia̍h,醞食
ùn-tsiàng,ùn-tsiàng
ùn-tsuí,ùn水
ùn-tsuí,搵水
ùn-tsuí,醞水
ùn-jiòng,醞釀
ùn-tāu-iû,搵豆油
ùn-tē,塭地
ùn-thùn,慍忳
ûn,云
ûn,勻
ûn-á-kiânn,勻仔行
ûn-á-sī,勻仔是
ûn-gô,雲遨
ûn-ke,勻街
ûn-sio-tshia,雲霄車
ûn-ûn,勻勻
ûn-ûn-á,勻勻仔
ūn,運
ūn-bī,韻味
ūn-tsài,運載
ūn-tshut,運出
ūn-tsînn,運錢
ūn-tsuán,運轉
ūn-tsuán-tshiú,運轉手
ūn-tsok,運作
ūn-hîng,運行
ūn-hô,運河
ūn-huè,運貨
ūn-huì,運費
ūn-iōng,運用
ūn-iōng-siāng,運用上
ūn-kàu,運到
ūn-kha,韻腳
ūn-khì,運氣
ūn-kim,運金
ūn-kiû,運球
ūn-lâng,熅膿
ūn-lu̍t,韻律
ūn-miā,運命
ūn-puann,運搬
ūn-sàng,運送
ūn-siau,運銷
ūn-sǹg,運算
ūn-su,運輸
ūn-su-gia̍p,運輸業
ūn-su-huì,運輸費
ūn-su-ki,運輸機
ūn-su-lām,運輸艦
ūn-té,運底
ūn-tōng,運動
ūn-tōng-huē,運動會
ūn-tōng-ho̍k,運動服
ūn-tōng-ka,運動家
ūn-tōng-uân,運動員
ūn-tōng-tiânn,運動埕
ūn-tōng-tiûnn,運動場
ūn-tôo,運途
un-á,鰮仔
un-á-hî,鰮仔魚
un-ài,瘟愛
un-tsîng,溫情
un-tsha,溫差
un-tshn̂g,溫床
un-tsio̍h,溫石
un-tsiú,溫酒
un-tsiu-sam,溫州杉
un-tsuânn,溫泉
un-tsûn,溫存
un-i̍k,瘟疫
un-i̍k-khì,瘟疫氣
un-gio̍k,瘟瘧
un-hiong,溫馨
un-hô,溫和
un-hōo,殷戶
un-jiû,溫柔
in-khîn,慇勤
un-khîn,慇勤
un-khûn,蝹蜷
un-khûn-lōo,蝹蜷路
un-kuàn,溫罐
un-luán,溫暖
un--lo̍h-lâi,un落來
un-lún-khûn,蝹碖蜷
un-pân,溫瓶
un-pâng,溫房
un-sik,溫室
un-sian-senn,蝹先生
un-sio,溫燒
un-si̍p,溫習
un-sûn,溫純
un-sûn,溫馴
un-sūn,溫順
un-tài,溫帶
un-tāu,溫豆
un-thun,溫吞
un-to̍k-lī,瘟毒痢
un-tōo,溫度
un-un-á,un-un仔
un-un-á,溫溫仔
ut,屈
ut,熨
ut,鬱
u̍t,u̍t
u̍t-nn̄g-jī,u̍t兩字
u̍t-tio̍h-tshat,u̍t著漆
ut-áu,屈拗
ut-àu-jua̍h,鬱燠熱
ut-àu-phiah,鬱懊癖
ut-būn,鬱悶
ut-tsik,鬱積
ut-tsìng,鬱症
ut-tsi̍h,鬱折
ut-tsím,屈枕
ut-tsut,鬱卒
ut-tsut-jua̍h,鬱卒熱
ut-hē,鬱下
ut-ip,鬱悒
ut-jua̍h,鬱熱
ut-kháu,鬱口
ut-khì,鬱氣
ut-khut,鬱屈
ut-kim,熨金
ut-kim,鬱金
ut-kim-hiong,鬱金香
ut-lô,鬱勞
ut-lô,鬱癆
ut-ngeh,熨鋏
ut-sann,熨衫
ut-sik,鬱色
ut-sí,屈死
ut-siong,鬱傷
ut-sua,鬱痧
ut-táu,熨斗
ut-tik,鬱竹
ut-thâu-mn̂g,熨頭毛
ut-tiâu,鬱tiâu
ing-á,癰仔
tsuí-kiànn,水鏡
tsuí-kue-uê,水雞鞋
kui-uánn-phâng,kui碗phâng
tsi̍t-thàu-tsá,一透早
kut-hâi,骨骸
siū-thua-luī,受拖累
siū-tsīn,受盡
tsiam-thiàu,瞻眺
tshâm-khuì,慚愧
