序號,學科術語,參考解釋,第1階段,第2階段,第3階段,第4階段,第5階段,臺灣台語詞彙,臺羅
100001,110,臺灣內政部警政救助諮詢專線，24小時接受民眾報案，包含交通事件、為民服務、治安事件及災害事件等，皆能立即派遣線上警力，迅速到場處理。,社會-生活課程 自然科學-生活課程 藝術-生活課程 綜合活動-生活課程,社會-社會 綜合活動-綜合活動,綜合活動-綜合活動 健康與體育-健康與體育,社會-公民與社會 健康與體育-健康教育,,110,it it khòng
100002,119,臺灣內政部消防署火災及召喚救護車的緊急事故報案電話。,社會-生活課程 自然科學-生活課程 藝術-生活課程 綜合活動-生活課程,綜合活動-綜合活動,綜合活動-綜合活動,健康與體育-健康教育,,119,it it kiú
100003,165,臺灣內政部警政署反詐騙諮詢專線電話。,社會-生活課程 自然科學-生活課程 藝術-生活課程 綜合活動-生活課程,,社會、綜合活動,,,165,it lio̍k ngóo
100004,24時制,指計算時間的方式。規則是把每日由子夜─午夜共分為24個小時，從數字0─23（24是每日完結的午夜）。,數學-數學,數學-數學,,,,24小時制,jī-sì sió-sî-tsè jī-tsa̍p-sì sió-sî-tsè
100005,5W1H,敘事時用以掌握事情發生的六個要素，即Who（什麼人物）、What（什麼事情）、When（什麼時間）、Where（什麼地方）、Why（什麼原因）、How（事件經過）。,,語文-國語文,,,,5W1H,gōo-W-tsi̍t-H
100006,AB邊,在圖形中，A點與B點連成的直線稱為「AB邊」。,數學-數學,,,,,AB邊,AB-pinn
100007,a小調音階,以La（A）音開始的排列方式a小調音階。,,,藝術-藝術,,,a小調音階,a sió-tiāu im-kai
100008,C大調,C大調（C Major）是一個於C音開始的音樂的自然大調，組成的音有C，D，E，F，G，A，B，是一個沒有升號和降號的調。,,藝術-藝術,,藝術-音樂,,C大調,C tuā-tiāu
100009,e化世界,數位化、電子化的世界。,,,社會-社會,,,電子化世界,tiān-tsú-huà sè-kài
100010,F大調,F大調是一個基於F音的大調，由F、G、A、B、C、D、E和F組成，調號有一個降號。相對小調是D小調，並行小調是F小調。,,,藝術-藝術,藝術-音樂,,F大調,F tuā-tiāu
100011,G大調音階,以G（So）音開始的排列方式，稱之為G大調音階。所有的So音都要升高半音，才能符合大調音階全音與半音的排列方式。,,藝術-藝術,,,,G大調音階,G tuā-tiāu im-kai
100012,LED照明,由發光二極管（LED）提供的光線，明亮度。,,,社會-社會,,,LED照明,LED tsiò-bîng
100013,N極,磁極的判定是以細線懸掛一磁鐵，指向北方的磁極稱為指北極或N極。,,自然科學-自然科學,,自然科學-理化,,N極 指北極,N-ki̍k tsí-pak-ki̍k
100014,PM2.5,直徑小於或等於2.5微米的懸浮微粒稱為細懸浮微粒（PM2.5），例如室內的二手菸霧。PM2.5細小顆粒，比病毒大，比細菌小，容易帶有毒物質進入人體。,,,自然科學-自然科學,自然科學-理化,,PM2.5,PM jī tiám gōo
100015,S極,磁極的判定是以細線懸掛一磁鐵，指向南方的磁極稱為指南極或S極。,,自然科學-自然科學,,自然科學-理化,,S極 指南極,S-ki̍k tsí-lâm-ki̍k
100016,一年級,國民基礎教育小學階段第一學年度，即為一年級。,社會-生活課程 自然科學-生活課程 藝術-生活課程 綜合活動-生活課程,,綜合活動-綜合活動,,,一年級 一年仔 一年的,it-nî-kip it-nî-á it-nî--ê
100017,一位小數,小數點後有一位的數字。,數學-數學,,,數學-數學,,一位小數,tsi̍t uī sió-sòo
100018,一位數,一個自然數數位的個數叫做位數，例如9，只含一個數位，因此9是一位數。,數學-數學,,,,,一位數,tsi̍t uī sòo
100019,一府二鹿三艋舺,用以描述清領時期，臺灣三大港口型城市：府城、鹿港以及艋舺由南至北的開發次序。,,,社會-社會,社會-歷史,社會-歷史 社會-地理,一府二鹿三艋舺,it Hú jī Lo̍k sann Báng-kah
100020,一街一庄一神社,興建神社是日治時期總督府治臺的重要宗教政策。藉由各地的神社，日本 人可以達到教化臺灣人，使臺灣人「皇民化」為大日本帝國臣民的目的。臺灣各地的神社就是在此一宗教政策的前提之下，陸陸續續興建的。為了推廣日本總督府種種的教化運動，日本人甚至提出了「國有神社，家有神棚」的口號， 企圖在臺灣全島推行「神社中心說」的「一街庄一神社」的神社興建計畫。,,,社會-社會,,社會-歷史,一街一庄一神社,tsi̍t ke tsi̍t tsng tsi̍t sîn-siā
100021,七律,一種詩體。七言律詩的簡稱。每首八句，每句七字，三、四句及五、六句對仗，平仄有一定格式。,,,語文-國語文,語文-國語文,語文-國語文,七律,tshit-lu̍t
100022,九龍公道杯,是一種利用虹吸現象製作而成的杯子。用九龍公道杯飲酒之時，只要不斟滿，則與常杯無異。若斟得太滿，則酒會從底孔完全流光。,,自然科學-自然科學,,自然科學-理化,,九龍公道杯,kiú-liông kong-tō-pue
100023,九龍杯,九龍杯亦名「公道杯」或「戒貪杯」，歐洲同類發明稱為「畢達哥拉斯杯」，為一種杯，西方世界稱由畢達哥拉斯發明，中國傳說由明朝工匠所製作。九龍杯利用虹吸原理運作。,,自然科學-自然科學,,自然科學-理化,,九龍杯,kiú-liông-pue
100024,二二八事件,臺灣近代史上影響深遠的歷史事件。起因於民國36年2月27日的一件圓環緝煙意外事件，而引發全島抗爭行動。這本只是要求懲凶的治安事件，未料卻變質為要求臺政改革的政治訴求，並致使朝野間呈現緊張關係，造成了以軍力強勢鎮壓的悲劇，留下了長期的社會傷痕。,,,社會-社會,社會-歷史,社會-歷史,二二八事件,Jī-jī-pat Sū-kiānn
100025,二二拍,每小節有兩拍，以二分音符為一拍，念作二二拍。,,,藝術-藝術,,,二二拍,jī-jī-phik
100026,二十四節氣,為古代曆法根據太陽在黃道上的位置所劃分。指一年中立春、雨水、驚蟄、春分、清明、穀雨、立夏、小滿、芒種、夏至、小暑、大暑、立秋、處暑、白露、秋分、寒露、霜降、立冬、小雪、大雪、冬至、小寒、大寒等二十四個節氣。對農耕步驟有重要的提示作用。,,自然科學-自然科學,自然科學-自然科學,自然科學-地球科學,,二十四節氣,jī-tsa̍p sì-tseh-khuì
100027,二分法,分類法中，以事物屬性有無或兩種相反之屬性為標準，分為二類。再將已分者，更就他屬性之有無或另兩種相反屬性又二分之，逐層遞進，稱為「二分法」。,,,自然科學-自然科學,自然科學-理化,,二分法,jī-hun-huat
100028,二分音符,在音樂記譜中，二分音符是一種音符時值。在五線譜記法中，二分音符表示為一個空心的橢圓符頭加上一個不帶符尾的符桿。,,藝術-藝術,,藝術-音樂,藝術-音樂,二分音符,jī-hun im-hû
100029,二四拍,每小節有兩拍，以四分音符為一拍，念作二四拍。,,藝術-藝術,,藝術-音樂,,二四拍,jī-sù-phik
100030,二位小數,小數點後有兩位的數字。,數學-數學,,,,,兩位小數,nn̄g uī sió-sòo
100031,二位數,兩個位數的數值，最小為10，最大為99。,數學-數學,,,數學-數學,,二位數,jī uī sòo
100032,二位數減法,從兩位數減去兩位數或一位數，為計算兩數之差的方法。,數學-數學,,,,,二位數減法,jī uī sòo kiám-huat
100033,人力運輸,以人力肩挑、背負、及使用人力車載運人員與貨物的運輸方式。,,社會-社會,,,,人力運輸,jîn-li̍k ūn-su
100034,人口,一定時間內一地區具有戶籍身分的全部居民。,,社會-社會,社會-社會,社會-地理,社會-地理,人口,jîn-kháu
100035,人口政策,一種國家政策，主要是為了國家整體發展與資源分配，對人口的總量、組成、分布、遷徙等現況與趨勢，進行全面資料調查，據以研擬之相關政策。,,社會-社會,社會-社會,,社會-地理,人口政策,jîn-kháu tsìng-tshik
100036,人口密度,在一定區域內，每一平方公里的人口平均數。,,社會-社會,社會-社會,社會-地理,社會-地理,人口密度,jîn-kháu bi̍t-tōo
100037,人口普查,將某一特定區域內，某一時期人口靜態資料，加以查記、編訂、校正及分類，稱為「人口普查」。也稱為「人口統計」。,,社會-社會,社會-社會,社會-歷史,社會-歷史,人口普查,jîn-kháu phóo-tsa
100038,人口調查,蒐集、統計、分析人口數量的行為。,,社會-社會,,,,人口調查,jîn-kháu tiâu-tsa
100039,人工生殖技術,把精子，卵子或胚胎在體外處理以治療不孕症的技術，常用的有人工受精、試管嬰兒、禮物嬰兒、顯微受精。,,,社會-社會,,,人工生湠技術,jîn-kang senn-thuànn ki-su̍t
100040,人文,泛指人類社會的藝術、宗教、道德等文化現象。,,社會-社會,社會-社會,社會-地理,社會-地理,人文,jîn-bûn
100041,人物,1.人。 2.人和物。,語文-國語文,語文-國語文,語文-國語文,語文-國語文,語文-國語文,人物,jîn-bu̍t
100042,人物角色,人在團體中，依其地位所擔負的責任或所表現的行為。,,,藝術-藝術,,,人物角色,jîn-bu̍t kak-sik
100043,人造彩虹,將噴水器正對太陽噴水，並調成噴霧狀態，中午的太陽在正南方上空，找到一片大陰影，建築物，或者比較陰暗的樹蔭，這時面向東方拿著噴水器超東南方向的空中噴水，水霧從空中落下就可以把陽光的顏色折射出來了，也就看到彩虹了。,,自然科學-自然科學,,自然科學-地球科學,,人造虹,jîn-tsō khīng
100044,人稱,實體詞依談話時的立場而分為三種人稱。談話者為第一人稱，相對於談話者為第二人稱而言，談話中所涉及之第三者為第三人稱。,,語文-國語文,語文-國語文,語文-國語文,,人稱,jîn-tshing
100045,人際關係,社會裡人與人之間的關係。即自我對他人的看法、想法、說法及彼此對待的態度和影響等。,,,社會-社會 健康與體育-健康與體育,社會-公民與社會 健康與體育-健康教育,,人際關係,jîn-tsè kuan-hē
100046,人聲,人所發的聲音。,,藝術-藝術,,藝術-音樂,藝術-音樂,人聲,lâng-siann
100047,人權,1.人與生俱來就有的權利，也稱「天賦人權」。 2.人民在法律上所享有的權利，包括自由、人身安全、工作、受教育、集會結社、宗教信仰、財產等權利。,,,社會-社會,社會-歷史 社會-公民與社會,社會-歷史 社會-公民與社會,人權,jîn-khuân jîn-kuân
100048,八分音符（♪）,音樂名詞。在五線譜上用以標注樂音長短及高低的一種符號。為英語Eighth note的意譯。相當於全音符的八分之一，符號為♪。,,藝術-藝術,,藝術-音樂,藝術-音樂,八分音符,peh-hun im-hû
100049,八音,由金、石、絲、竹、匏、土、革、木八種材質製成的樂器。金包括鐘等，石包括磬等，土包括壎等，革包括鼓等，絲包括琴、瑟等，木包括柷、敔等，匏包括簧、笙等，竹包括簫、笛等。,,藝術-藝術,,,,八音,pat-im
100050,八音團,以八音演湊為主的樂團。,,藝術-藝術,,,,八音團,pat-im-thuân
100051,八部合音,祈禱小米豐收歌是一首臺灣原住民布農族傳統祭典音樂，常被人稱為八部合音，布農族人則稱「Pasibutbut」，僅流傳於布農族巒社群和郡社群當中。雖然名為八部，實際人數並非限於8人，可增加至12人，以人聲方式發出韻母聲進行和聲。,,,社會-社會,,,八部合音,peh-pōo ha̍p-im
100052,八堡圳,位於臺灣的彰化縣，最早建於西元1709年，於西元1719年完工，是臺灣最古老的埤圳之一。由於該圳是由施世榜籌款所建，故原名「施厝圳」，又因取濁水溪之水灌溉八堡農田，所以也叫做「濁水圳」。一般將八堡圳與嘉義道將圳和新竹隆恩圳，一起並稱為「臺灣三大古老埤圳」。,,,社會-社會,社會-歷史,,八堡圳,Pat-pó-tsùn
100053,力,改變物體運動狀態（靜止或運行速度）的效能稱為「力」，計算單位為「牛頓」。如：「動力」、「向心力」。,,自然科學-自然科學,,自然科學-理化,,力,la̍t li̍k
100054,力量,力氣。,,自然科學-自然科學,,自然科學-理化,,力量,li̍k-liōng
100055,十三行文化,位於新北市淡水河口南岸，觀音山前緣之河口平原上的古蹟遺址。原為臺灣原住民平埔族祖先凱達噶蘭族，在一千五百至二千年前的活動空間。因該處舊有清代十三洋行設立的行口，故稱為「十三行遺址」。歷經考古學家的挖掘與研究，證明當時已將鐵器應用到日常生活中。其中，「煉鐵作坊」的出土，為現存臺灣史前先民冶鐵技術的唯一證據。,,,社會-社會,社會-歷史,,十三行文化,Tsa̍p-sann-hâng bûn-huà
100056,十三行遺址,位於新北市淡水河口南岸，觀音山前緣之河口平原上的古蹟遺址。原為臺灣原住民平埔族祖先凱達噶蘭族，在一千五百至二千年前的活動空間。因該處舊有清代十三洋行設立的行口，故稱為「十三行遺址」。民國46年，始由臺灣大學林朝棨教授發現。歷經考古學家的挖掘與研究，證明當時已將鐵器應用到日常生活中。其中，「煉鐵作坊」的出土，為現存臺灣史前先民冶鐵技術的唯一證據。,,,社會-社會,社會-歷史,社會-歷史,十三行遺址,Tsa̍p-sann-hâng uî-tsí
100057,十大建設,我國60年代從事的十大經濟建設工程。包括中正國際機場、西部鐵路電氣化、臺中國際港、南北高速公路、高雄大造船廠、一貫作業煉鋼廠、南部石油化學工業區、北迴鐵路、擴建蘇澳港、核能發電廠。,,,社會-社會,社會-歷史,社會-歷史,十大建設,tsa̍p tuā kiàn-siat
100058,十分位,小數部分從小數點算起，右邊第一位叫做十分位，也可叫做小數第一位。,,數學-數學,,數學-數學,,十分位,tsa̍p-hun-uī
100059,十位,定位板上，記幾個十的位置。,數學-數學,,,數學-數學,,十位,tsa̍p-uī
100060,十位數字,十進記數法的基本位，在此位的數稱為「十位數」。,數學-數學,,,數學-數學,,十位數字,tsa̍p uī sòo-jī
100061,十進,數學上指以1－9為基數，逢十進一，每一相鄰的位數相差十倍的算數方法。,,數學-數學,,,,十進,tsa̍p-tsìn si̍p-tsìn
100062,十進位法,是指用不多於10個號碼，代表一切數值，不論多大，以進1位表示10倍，進二位代表100倍，依此類推的十進制數字系統。,,數學-數學,,,,十進位法,tsa̍p-tsìn-uī-huat si̍p-tsìn-uī-huat
100063,十萬分位,小數部分從小數點算起，右邊第五位叫做十萬分位，也可叫做小數第五位。,數學-數學,,,,,十萬分位,tsa̍p-bān-hun-uī
100064,十萬位,記錄幾個十萬的位置。,,數學-數學,,,,十萬位,tsa̍p-bān-uī
100065,十億位,記錄幾個十億的位置。,,數學-數學,數學-數學,,,十億位,tsa̍p-ik-uī
100066,三八拍,每小節有三拍，以八分音符為一拍，唸作三八拍。,,藝術-藝術,,,,三八拍,sam-pat-phik
100067,三四拍,每小節有三拍，以四分音符為一拍，念作三四拍。,,藝術-藝術,藝術-藝術,藝術-音樂,,三四拍,sam-sù-phik
100068,三合院,一種傳統建築。以三面為房屋，中間作院子而形成的ㄇ形或Ｈ形房子。也稱為「三合房」。,,社會-社會,,,,三合院 正身護龍,sann-ha̍p-īnn tsiànn-sin-hōo-lîng
100069,三年級,國民基礎教育小學階段第三學年度，即為三年級。,社會-生活課程 自然科學-生活課程 藝術-生活課程 綜合活動-生活課程,社會-社會 綜合活動-綜合活動,綜合活動-綜合活動,,,三年級 三年仔 三年的,sann-nî-kip sann-nî-á sann-nî--ê
100070,三位數,一個自然數數位的個數叫做位數，例如：365，含三個數位，因此365是三位數。,數學-數學,,,數學-數學,,三位數,sann uī sòo
100071,三角形,三線段在平面上圍成的圖形，有三邊三角。也稱為「平面三角形」。,數學-數學,,,數學-數學,數學-數學,三角形,sann-kak-hîng
100072,三角柱,以三角形為底的柱體。上下底平行相等，旁有三稜，側面為三面。,,,數學-數學,數學-數學,,三角柱,sann-kak-thiāu
100073,三拍子,以三拍做為一小節，即為三拍子。,,藝術-藝術,,藝術-音樂,藝術-音樂,三拍,sann-phik
100074,三貂角,位於臺灣最東境的岬角，即今新北市貢寮區福連里與宜蘭縣頭城鎮石城里之間的海岬。海岸遍布岩石。,,,社會-社會,社會-地理,社會-地理,三貂角,Sam-tiau-kak
100075,三稜鏡,用玻璃或透光材料製成，截面呈三角形的光學儀器。能使光線折射，或使複合光分解光譜。常用來觀測天體現象。,,自然科學-自然科學,,,,三稜鏡,sann-lîng-kiànn
100076,三聲部合唱,一種合唱方式。分高聲部、中聲部和低聲部，其中一個是主旋律，另外兩個是副旋律，起到襯托和輔助的作用。,,藝術-藝術,,,,三聲部合唱,sann-siann-pōo ha̍p-tshiùnn
100077,上下文,文章的上句和下句。,,語文-國語文,語文-國語文,語文-國語文,,上下文 頂下文,siōng-hā-bûn tíng-ē-bûn
100078,上下平分,國字的結構之一。指由上下兩個部件組合而成，而上方、下方部件平分的字。例如李。,語文-國語文,,,,,上下平分 上下對分,siōng-hā pîng-hun siōng-hā tuì-pun
100079,上底,在梯形中，有兩條互相平行的邊，位置在上者為上底。,,,數學-數學,數學-數學,,頂底,tíng-té
100080,上弦月,月相的其中一個階段。指月亮上半夜出來，在偏西面出來，月面朝西的狀態。,,自然科學-自然科學,,自然科學-地球科學,自然科學-地球科學,頂弦月,tíng-hiân-gue̍h
100081,上長下短,國字的結構之一。指由上下兩個部件組合而成，而上方部件較長，下方部件較短的字。例如您。,語文-國語文,,,,,上長下短,siōng tn̂g hā té
100082,上架,先握拳站立做出抱拳動作，應先吸氣做好抱拳動作，以表現出武術的精神。,,,健康與體育-健康與體育,,,請拳,tshiánn-kûn
100083,上游,河流的發源地及其鄰近的區域。,,自然科學-自然科學,,,,上游 水頭 溪頭,siōng-iû tsuí-thâu khe-thâu
100084,上短下長,國字的結構之一。指由上下兩個部件組合而成，而上方部件較短，下方部件較長的字。例如草。,語文-國語文,,,,,上短下長,siōng té hā tn̂g
100085,上課,老師到教室授課或學生到教室學習課業。,社會-生活課程 自然科學-生活課程 藝術-生活課程 綜合活動-生活課程,社會-社會,綜合活動-綜合活動,,,上課,siōng-khò
100086,上學,到校上課或入學念書。,社會-生活課程 自然科學-生活課程 藝術-生活課程 綜合活動-生活課程 健康與體育-健康與體育,社會-社會,綜合活動-綜合活動,,,讀冊 上課 上學,tha̍k-tsheh siōng-khò tsiūnn-ha̍k tsiūnn-o̍h
100087,上籃,上籃或稱走籃或挑籃是籃球中的一種動作，指進攻到籃下的位置跳起，把籃球升起接近籃筐再以單手將球放進去或擦板投進。上籃是一項基本的籃球技術，是一種高命中率的得分動作，其主要的妨礙為站於籃底的防守者和過於接近邊界。,,,健康與體育-健康與體育,健康與體育-體育,,上籃,tsiūnn-nâ
100088,下底,在梯形中，有兩條互相平行的邊，位置在下者為下底。,,,數學-數學,數學-數學,,下底,ē-té
100089,下弦月,月相的其中一個階段。在農曆每月22、23日，因為只能看到月亮東邊的半圓，所以稱下弦 。,,自然科學-自然科學,,自然科學-地球科學,自然科學-地球科學,下弦月,hā-hiân-gue̍h
100090,下游,江河水流靠近出海口的地方。亦指下游附近的地區。,,,自然科學-自然科學,,,水尾 溪尾 下游,tsuí-bué khe-bué hā-iû
100091,下課,教學活動結束。,社會-生活課程 自然科學-生活課程 藝術-生活課程 綜合活動-生活課程 健康與體育-健康與體育,社會-社會 綜合活動-綜合活動 健康與體育-健康與體育,綜合活動-綜合活動,,,下課,hā-khò
100092,千分位,小數部分從小數點算起，右邊第三位叫做百分位，也可叫做小數第三位。,數學-數學,,,數學-數學,,千分位,tshian-hun-uī
100093,千位,整數的數位之一。記錄幾個千的位置。,,數學-數學,,數學-數學,,千位,tshing-uī
100094,千萬位,整數的數位之一。記錄幾個千萬的位置。,,數學-數學,,,數學-數學,千萬位,tshing-bān-uī
100095,千億位,記錄幾個千億的位置。,,數學-數學,,,,千億位,tshing-ik-uī
100096,口腔,消化道最前端的空腔。由兩脣、兩頰、硬腭、軟腭等構成。內含有齒、舌、唾液腺。,健康與體育-健康與體育,健康與體育-健康與體育,健康與體育-健康與體育,健康與體育-健康教育,,喙空,tshuì-khang
100097,口腔癌,病名。發生於口腔部位的惡性腫瘤。,,健康與體育-健康與體育,健康與體育-健康與體育,健康與體育-健康教育,,喙空癌,tshuì-khang-gâm
100098,土地利用,人類對土地耕種或建設等，並期望從土地得到收益。,,社會-社會,社會-社會,社會-地理,社會-地理,土地運用,thóo-tē ūn-iōng
100099,土地改革,改善土地所有主與土地使用者的關係、土地利用的條件及土地種種制度的措施。縮稱為「土改」。,,,社會-社會,社會-歷史,社會-歷史,土地改革,thóo-tē kái-kik
100100,土地開發,土地開發是指單位或個人通過採取各種措施，將未利用土地改造成農用地或其他用地的活動。,,社會-社會,社會-社會,,社會-歷史,土地開發,thóo-tē khai-huat
100101,土風舞,一種民間自然表露情感所形成的舞蹈。開始於歐洲中世紀時。有其特有的風土習俗與民族性格，舞步簡單，適合男女老少。,,健康與體育-健康與體育,,,,土風舞,thóo-hong-bú
100102,土條,將陶土經搓揉後，所製成的條狀。,,藝術-藝術,,,,塗條,thôo-tiâu
100103,土球,將陶土經搓揉後，所製成的球狀。,,藝術-藝術,,,,塗球,thôo-kiû
100104,土壤,覆蓋在地殼最外圍的一層土質，由土粒與腐植質混合而成。其中含有水分、空氣、礦物質和微生物，可供植物生長與動物棲息。,,,自然科學-自然科學,自然科學-地球科學,,塗壤 塗肉,thôo-jióng thôo-bah
100105,大,表示體積、面積、容量、數量、年齡等廣、多。與「小」相對。,數學-數學,,數學-數學,,,大,tuā
100106,大地,整個地面。,,,自然科學-自然科學,自然科學-地球科學,,大地,tāi-tē
100107,大地景觀,大地景觀是指一個地理區域內的地形和地面上所有自然景物和人工景物所構成的總體特徵，包括岩石、土壤、植被、動物、水體、人工構築物和人類活動的遺跡，也包括其中的氣候特徵。,,,自然科學-自然科學,,,大地景觀,tāi-tē kíng-kuan
100108,大自然,自然界。常指山川景物而言。,社會-生活課程 自然科學-生活課程 藝術-生活課程 綜合活動-生活課程 健康與體育-健康與體育,社會-社會 自然科學-自然科學,社會-社會,自然科學-生物 自然科學-地球科學,社會-歷史,大自然,tāi-tsū-jiân
100109,大西洋,五大洋之一。在美洲以東，歐洲與非洲以西，北通北極海，南接南極洲。面積8158萬5000平方公里。,,,社會-社會,社會-地理,,大西洋,Tāi-se-iûnn
100110,大坌坑文化,目前在臺灣發現最早的石器時代文化，因位於新北市八里區大坌坑史前遺址而得名，為一成熟發展的新石器時代文化，分布於臺灣本島西岸的北部、中部、南部，以及澎湖群島。,,,,社會-歷史,,大坌坑文化,Tuā-pùn-khenn bûn-huà
100111,大於（>）,某一數值相較於另一數值大，「＞」讀作大於。,數學-數學,,,,,大於,tuā-î
100112,大洋洲,世界五大洲之一。散布於太平洋內大小島嶼的總稱。包括澳洲大陸、紐西蘭、密克羅尼西亞群島、美拉尼西亞群島、玻里尼西亞群島等地。也稱為「海洋洲」。,,,社會-社會,社會-地理,,大洋洲,Tāi-iûnn-tsiu
100113,大風吹,是一種多人進行的團體遊戲（至少需要三個人）。玩遊戲者中只有一個人沒有座位（稱為鬼），大家依鬼提出的條件，符合條件的人需交換座位，而鬼也會和這些人搶座位，最後沒有座位的人是下一回合的鬼，累計幾次當鬼的人算輸。,,藝術-藝術,,,,透大風,thàu-tuā-hong
100114,大員,大員是一個古地名，位於臺南市安平區台江內海，也稱作「一鯤鯓」，由臺灣大武壠族大灣社或臺窩灣社之名轉化而來，不同時期被轉譯成臺員、大灣等不同稱呼。17世紀荷蘭人曾在此建熱蘭遮城（今安平古堡）。河洛人早走水聚集並且延伸至魍港一帶活動，德國史學家Ludwig Riess研究荷蘭史料時亦曾如此表示，後來之荷蘭人與平埔住民亦乃經過早已來做貿易之河洛先民通譯而溝通，大員後轉寫為大灣。,,,社會-社會,社會-歷史,,大員,Tāi-uân
100115,大家庭,人口眾多的家庭。,,,社會-社會,社會-地理,,大家庭 大家口 大口灶 大口家,tuā-ka-tîng tuā-ke-kháu tuā-kháu-tsàu tuā-kháu-ke
100116,大氣,包圍在地球外的空氣。由多種氣體混合而成，其中以氮、氧為主要成分。,,自然科學-自然科學,,,自然科學-生物,大氣,tāi-khì
100117,大氣層,包圍在地球四周的一層空氣。一般依據其溫度變化，將大氣層沿垂直方向劃分為對流層、平流層、中氣層及增溫層等。因受地球引力的影響，空氣的濃度離地表愈遠愈為稀薄。也作「大氣圈」。,,自然科學-自然科學,,,自然科學-地球科學,大氣層,tāi-khì-tsân
100118,大航海時代,指在15─17世紀世界各地，尤其是歐洲發起的廣泛跨洋活動與地理學上的重大突破，又稱「地理大發現」。,,,社會-社會,社會-歷史,社會-歷史,大航海時代,Tuā-hâng-hái Sî-tāi
100119,大眾運輸工具,依固定路線及時刻表行駛，且價格低廉，為大眾使用的快速便捷的運輸方式。,,社會-社會,社會-社會 健康與體育-健康與體育,,,大眾運輸工具,tāi-tsiòng ūn-su kang-kū tāi-tsiòng ūn-su kang-khū
100120,大眾運輸系統,依固定路線及時刻表行駛，且價格低廉，為大眾使用的快速便捷的運輸方式。,,社會-社會,社會-社會,健康與體育-健康教育,,大眾運輸系統,tāi-tsiòng ūn-su hē-thóng
100121,大都會區,根據中華民國行政院主計處的定義，凡都會區內人口總數達一百萬以上者，也稱為「大都會」。,,,社會-社會,,,大都會區,tuā-too-huē-khu
100122,大陸冷氣團,形成於大陸地塊內部的冷氣團。大陸冷氣團自發源地移出後，除造成經過地區的氣溫降低外，本身一路上亦受通過地區環境影響，而使性質改變，氣溫上升。大陸地區蒙古、新疆一帶常為冷氣團的發源地。,,,自然科學-自然科學,自然科學-地球科學,自然科學-地球科學,大陸冷氣團,tāi-lio̍k líng-khì-thuân
100123,大陸島,大陸島指的是其地質構造與鄰近的大陸相似，原屬大陸的一部分，由於地殼下沉或海水上升以至於其與大陸相隔成島。,,,社會-社會,社會-地理,,大陸島,tāi-lio̍k-tó
100124,大熊座,大熊座是北天星座之一，位於小熊座、小獅座附近，與仙后座相對。春季適合觀察，是著名的北斗七星所在星座。,,,自然科學-自然科學,,,大熊座,Tāi-hîm-tsō Tuā-hîm-tsō
100125,大數,指數目字相對較大的數字。,數學-數學,,數學-數學,數學-數學,,大數,tuā-sòo
100126,大篆,書體名。也稱為「籀文」。,,,語文-國語文,語文-國語文,,大篆,tuā-thuàn
100127,大齒輪,周圍有齒輪的大型輪子。一對齒輪各裝在一軸上，由於齒的咬合，一軸的轉動得以帶動另一軸。廣泛用於機械的運轉上。,,,自然科學-自然科學,自然科學-理化,,大車齒 大gí仔 大狗齒仔 大齒輪,tuā-tshia-khí tuā-gí-á tuā-káu-khí-á tuā-khí-lûn
100128,大聲,聲音宏大、響亮。,,藝術-藝術,,,,大聲,tuā-siann
100129,大獵祭,大獵祭（mangayau）是大狩獵祭的簡稱，是緊接在猴祭之後進行的祭典，其原始意義為年度的狩獵、復仇與獵首。,,社會-社會,社會-社會,,,大獵祭,tuā-la̍h-tsè
100130,子代,生物所產生的後一代，稱為「子代」。,,,自然科學-自然科學,自然科學-生物,自然科學-生物,後代,āu-tāi hiō-tāi
100131,子房,雌蕊花柱下部膨大處。由變形的大孢子葉向內包圍而形成，內含胚珠。,,,自然科學-自然科學,自然科學-生物,,子房,tsú-pâng
100132,子宮,雌性動物生殖器的主要部分，由平滑肌肉所構成的中空器官。位於小骨盤內膀胱與直腸之間，以子宮頸與陰道相連，底部兩側與輸卵管相通。為胎兒發育的場所。,,,自然科學-自然科學,自然科學-生物,,子宮,tsú-kiong
100133,子葉,種子胚的一部分，位於胚芽兩側，厚瓣狀，為貯藏養分或幼苗進行同化作用的構造，萌芽後會伸展成初生葉，但亦有植物發芽時子葉並不露出土面。,,自然科學-自然科學,,自然科學-生物,,子葉,tsú-hio̍h
100134,小,表示體積、面積、數量、容量、年齡等窄、少。與「大」相對。,數學-數學,數學-數學,,,,細 小,sè sió
100135,小作家,年紀幼小，喜愛文學、藝術創作的人。,,,語文-國語文,,,小作家,sió-tsok-ka
100136,小於（<）,某一數值相較於另一數值小，如：243比247小，記作243＜247，「＜」讀作小於。,數學-數學,,,,,小於,sió-î
100137,小朋友,相對於成年人而言會稱呼某特定年齡層以下之孩童為小朋友（通常為青少年以下，但會因特定語境而有所差異）。,社會-生活課程 自然科學-生活課程 藝術-生活課程 綜合活動-生活課程,綜合活動-綜合活動,綜合活動-綜合活動,,,小朋友 囡仔兄 囡仔姊,sió-pîng-iú gín-á-hiann gín-á-tsí
100138,小家庭,一種家庭結構形態，由一對夫妻以及共同居住的未婚子女組成，也稱為「核心家庭」。,,,社會-社會,社會-公民與社會,,小家庭 細口灶 小家口 少頭喙,sió-ka-tîng sè-kháu-tsàu sió-ka-kháu tsió thâu-tshuì
100139,小時,時間的計量單位。1小時等於60分鐘，也等於3600秒。,數學-數學,,數學-數學,,,點鐘 小時,tiám-tsing sió-sî
100140,小琉球,琉球嶼，俗稱小琉球，為臺灣屏東縣東港鎮西南方的珊瑚礁島嶼。目前全境均屬臺灣屏東縣琉球鄉管轄，亦納入大鵬灣國家風景區範圍之內。,,,社會-社會,,,小琉球,Sió-liû-khiû Sió-liû-kiû
100141,小馬達,一種將電能轉變為機械能的發動機。為英語motor的意譯。主要功能是產生動力，基本構造與發電機差不多，但工作原理相反。廣用於電扇、電車等，是近代工業上的重要動力裝備。,,自然科學-自然科學,,自然科學-理化,,細粒mòo-tah,sè lia̍p mòo-tah
100142,小動物,這類年幼生物多可自行攝食有機物以維生，有神經、感覺，並具運動能力。生存範圍遍及世界各處。,社會-生活課程 自然科學-生活課程 藝術-生活課程 綜合活動-生活課程,社會-社會,,,,小動物 細隻動物,sió-tōng-bu̍t sè tsiah tōng-bu̍t
100143,小喇叭,樂器名。是一種銅管樂器，常用於古典音樂及爵士樂，是銅管樂器家族中音域最高的樂器之一。以筒狀銅管彎曲而成，有一杯型吹口，尾端擴大為喇叭口。演奏時用嘴抵住吹口吹氣，振動管內氣流發聲。音色響亮透澈，變化豐富。也稱為「小號」。,,,藝術-藝術,藝術-音樂,,小吹,sió-tshue
100144,小提琴,樂器名。由早期的弓弦樂器發展而來。琴身主要是由一個木製的共鳴箱及一個長的琴桿所構成，正中央有四根弦，是小提琴的發聲來源。音色優美，是理想的獨奏樂器，亦適用於合奏。也稱為「四弦琴」。,,藝術-藝術,,藝術-音樂,藝術-音樂,bai-óo-lín 小提琴,bai-óo-lín sió-thê-khîm
100145,小節,計算音樂節拍的單位。,,藝術-藝術,,,,小節,sió-tsiat
100146,小號,樂器名。屬銅管樂器。有一杯狀的吹口和一狹長的圓柱型銅管，末端擴展成鐘型的喇叭口，音質嘹亮。,,,藝術-藝術,,藝術-音樂,小喇叭,sió-lá-pah
100147,小熊座,小熊座（Ursa Minor）是北天星座之一。與大熊座一樣，小熊座的尾巴也可被視為斗（或勺）的手柄，因此有「小北斗」之稱。,,,自然科學-自然科學,,,小熊座,Siáu-hîm-tsō Sió-hîm-tsō
100148,小說,專門描寫人物故事，有完整布局、情節發展及一貫主題的文學作品。,,語文-國語文,語文-國語文,語文-國語文,語文-國語文,小說,sió-suat siáu-suat
100149,小說家,1.古代採集民間傳說議論，藉以考察民情風俗的人，為九流十家之一。 2.善於寫小說的作家。,,語文-國語文,,語文-國語文,,小說家,sió-suat-ka siáu-suat-ka
100150,小數,數學上指小於整數1的數，即在小數點右邊的數。,數學-數學,數學-數學,,數學-數學,數學-數學,小數,sió-sòo
100151,小數四則,1.在一個算式中，有括號時，括號內的算式先進行。 2.當算式中沒有括號且只有加減或乘除的運算時，由左而右逐步進行。 3.當算式中沒有括號而同時有乘（除）和加（減）運算時，先進行乘（除）運算再進行加（減）運算。,數學-數學,,,,,小數四則,sió-sòo sì-tsik
100152,小數位數,小數位數是指數字中小數點右方的位數。例如：3.2，其中2就稱為「小數位數」。,數學-數學,,,數學-數學,,小數位數,sió-sòo uī sòo
100153,小數倍,非整數含有小數點之倍數。,數學-數學,,,,,小數倍,sió-sòo-puē
100154,小數除法,小於整數1的數的除法計算。,數學-數學,,,,,小數除法,sió-sòo tî-huat
100155,小數點,指標寫數字時，整數與小數分界處所標記的點。是表示小數部分開始的符號。,數學-數學,數學-數學,,數學-數學,數學-數學,小數點,sió-sòo-tiám
100156,小篆,秦統一天下後，因各國語言文字互異，始皇為使文字規範化，遂令丞相李斯等人，在大篆的基礎上，加以省改，頒行全國。小篆字體較大篆字體簡化、整齊。今存於世的秦泰山、瑯琊臺兩塊殘石，稍可見小篆風貌。,,,語文-國語文,語文-國語文,,小篆,sió-thuàn
100157,小調,一種流傳於民間的俚俗歌曲。題材廣泛，曲調流暢，並多用襯字、襯句來擴充音樂結構，以加強情感的表達。,,,藝術-藝術,藝術-音樂,藝術-音樂,歌仔,kua-á
100158,小齒輪,周緣呈齒狀排列的輪狀物。一齒輪的轉動，可因齒的嚙合，帶動另一齒輪的轉動，而傳遞動力或改變轉速。,,,自然科學-自然科學,,,細車齒 細gí仔 細狗齒仔 細齒輪,sè-tshia-khí sè-gí-á sè-káu-khí-á sè-khí-lûn
100159,小學,實施初等教育的學校。,健康與體育,綜合活動-綜合活動,社會-社會 綜合活動-綜合活動,,,小學  國校,sió-ha̍k sió-o̍h kok-hāu
100160,小學校,小學校來自日語，即「小學」之意，為臺灣日治時期，自1898年起，以中央或地方經費所開設的兒童義務教育學校學制之一。,,,社會-社會,社會-歷史,社會-歷史,小學校,sió-ha̍k-hāu
100161,小聲,指將音量降低到一定程度。,,藝術-藝術,,,,細聲,sè-siann
100162,小蘇打水,小蘇打粉跟水混合後的液體。即碳酸氫鈉的水，碳酸氫鈉分子為NaHCO3，在水中可以解離出HCO3-，因而呈鹼性。 ,,自然科學-自然科學,自然科學-自然科學,自然科學-理化,,小蘇打水,sió-soo-tánn-tsuí
100163,山地,山岳重疊的地帶、多山的地方，或稱高山上。,,社會-社會,社會-社會,社會-地理,社會-地理,山地,suann-tē san-tē
100164,山脈,山巒相連並依一定方向起伏延伸，狀似脈絡而成系統的山群。,,,社會-社會,社會-地理,社會-地理,山脈 山嶺,suann-me̍h suann-niá
100165,工作人口,「工作人口」又稱為「勞動人口」，是經濟學上對能夠被僱傭潛力的社會人群指稱。在法制健全的國家，能夠合法被僱傭（勞動）的年齡有嚴格的法律規定，一般規定允許工作的年齡下限，對所有能夠被僱傭潛力的社會人群可以稱之為「勞動力」（提供勞力的人則稱為「勞工」）。,,社會-社會,,,,工作人口,kang-tsok jîn-kháu
100166,工具書,專供查考資料而編纂的書籍。如字典、書目、索引等。,,語文-國語文,語文-國語文,語文-國語文,,工具冊,kang-kū-tsheh kang-khū-tsheh
100167,工商業,工業和商業的總稱。,,社會-社會,社會-社會,社會-地理,社會-歷史 社會-地理,工商業,kang-siong-gia̍p
100168,工商業社會,以工業、商業做為其經濟主導以及主要生產力的社會。,,,社會-社會,社會-地理,社會-歷史,工商業社會,kang-siong-gia̍p siā-huē
100169,工業,運用技術知識、利用人力或機器，大量生產器具物品的謀利組織。,,社會-社會,社會-社會,社會-歷史 社會-地理,社會-歷史 社會-地理,工業,kang-gia̍p
100170,工業日本、農業臺灣,臺灣為日本的殖民地，臺灣的建設一切都以母國的利益為優先考量，在經濟發展上形成所謂「農業臺灣、工業日本」的經濟政策。 ,,,社會-社會,社會-歷史,社會-歷史,工業日本、農業臺灣,kang-gia̍p Ji̍t-pún、lông-gia̍p Tâi-uân
100171,工業革命,歐美工業界於十八、九世紀間因機械技術進步，而以機器代替手工來生產的變革。最初發生於英國，後漸推及於世界各國。,,,社會-社會,社會-歷史,社會-歷史 社會-地理 社會-公民與社會,工業革命,kang-gia̍p kik-bīng
100172,工業區,為配合工業生產及發展而規劃的地區。,,,社會-社會,社會-歷史 社會-地理,社會-地理,工業區,kang-gia̍p-khu
100173,干欄式房屋,木構建築的一種結構形式，主要用於潮濕地區。其主要特徵是將房屋的底層用較短的柱子架空，柱端上鋪木板，形成室內的地面，地板之上架設類似穿斗式結構的木構架。,,,社會-社會,,,干欄式房屋,kan-nuâ-sik pâng-ok
100174,弓步,武術的基本動作之一。其方法為前腿屈膝成九十度，後腿則打直。因前腿彎曲如弓，後腿斜挺如箭，故有此稱。也稱為「弓箭步」。,健康與體育-健康與體育,健康與體育-健康與體育,健康與體育-健康與體育,健康與體育-體育,,弓步,king-pōo kiong-pōo
100175,不可再生資源,不可更新資源即不可再生資源，指經人類開發利用後，在相當長的時期內不可能再生的自然資源。不可更新資源的形成、再生過程非常的緩慢，相對於人類歷史而言，幾乎不可再生。,,,自然科學-自然科學,,,袂當再生資源,bē-tàng tsài-sing tsu-guân
100176,不完全變態,昆蟲發育的一種類型。此類型的昆蟲發育包括三個階段：卵、稚蟲和成蟲。三個階段之間的是逐漸變化的，沒有蛹這個階段。,,自然科學-自然科學,,自然科學-生物,,無完全變態,bô uân-tsuân piàn-thài
100177,不良導體,不易導電的物體。,,自然科學-自然科學,,自然科學-理化,,不良導體,put-liông tō-thé
100178,不退位,n位數減n或n位數，仍等於n位數。,數學-數學,,,,,無退位,bô-thè-uī
100179,不進位,n位數加n或n位數，仍等於n位數。,,數學-數學,,,,無進位,bô-tsìn-uī
100180,中元節,農曆七月十五日。本來是道教的三官大帝中的「地官大帝」的誕辰。道教會在這一天舉行普渡，祈請為亡靈赦罪。佛教傳入後又以此日為「盂蘭盆節」。相傳到了這一天，閻羅王會打開地獄之門「鬼門關」，讓關押的鬼類出來自由活動。因此，民間盛行為死去的親人舉行超渡法事，以消災祈福，化解怨氣。並有如放河燈、搶孤等習俗，也稱為「盂蘭盆節」、「鬼節」。,,社會-社會,社會-社會,,,中元 七月半,Tiong-guân Tshit-gue̍h-puànn
100181,中日戰爭,中國抗日戰爭，即日本侵華戰爭，史稱八年抗戰。,,,社會-社會,社會-歷史,社會-歷史,中日戰爭,Tiong-Ji̍t Tsiàn-tsing
100182,中央山地,雪山山脈、中央山脈、阿里山山脈、玉山山脈統稱為中央山地，臺灣主要河川大多發源於此。,,,社會-社會,,,中央山脈,Tiong-iong Suann-me̍h Tiong-iang Suann-me̍h
100183,中央山脈,"山脈名。綿亙於臺灣中央偏東的主要山脈，範圍約占全島面積的一半。長約270公里，寬約80公里。第一高峰為秀姑巒山，高3,825公尺。",,社會-社會,社會-社會,社會-地理,,中央山脈,Tiong-iong Suann-me̍h Tiong-iang Suann-me̍h
100184,中央政府,一國國家政權的最高領導機構。現今世界各國，多以建都所在地為中央政府所在地。,,,社會-社會,社會-公民與社會,社會-歷史 社會-公民與社會,中央政府,tiong-iong tsìng-hú
100185,中央氣象局,我國預測氣象、發布地震報告、觀測天象及纂修曆法的機關。隸屬於交通部。簡稱「氣象局」。,,自然科學-自然科學,自然科學-自然科學,,自然科學-地球科學,中央氣象局,Tiong-iong Khì-siōng-kio̍k
100186,中沙群島,群島名。我國南海諸島中四大群島之一，隸屬於海南島。位於西沙群島東南，分布略成橢圓形。為一群尚未露出水面的珊瑚礁灘。,,,社會-社會,社會-地理,,中沙群島,Tiong-sua kûn-tó
100187,中性,不偏於任何一方的性質。如非酸性非鹼性的化合物，無雌雄蕊的植物，無雌雄性的動物，無陰陽可分的名詞等。,,,自然科學-自然科學,自然科學-理化,自然科學-化學,中性,tiong-sìng
100188,中性水溶液,把水溶液滴到紅、藍色的石蕊試紙，都不會使試紙變色的，稱為中性水溶液。,,自然科學-自然科學,,自然科學-理化,,中性水溶液,tiong-sìng tsuí-iông-i̍k
100189,中板,適度的；中庸的，就是不要太強不要太弱；不太快更是不能太慢。,,藝術-藝術,,藝術-音樂,,中板,tiong-pán
100190,中法戰爭,清光緒十年（西元1884），中國和法國因安南事件所引起的戰役。次年議和，訂立中法天津和約，越南自此淪為法國的殖民地。也稱為「甲申之役」。,,,社會-社會,,,清法戰爭,Tshing-Huat Tsiàn-tsing
100191,中秋節,農曆八月十五日。因居秋季三月之中，故稱為「中秋節」，民俗於是日全家團聚，吃月餅賞月。也稱為「八月節」、「團圓節」、「秋節」、「中秋」。,,社會-社會,,,,中秋節 中秋 八月節,Tiong-tshiu-tseh Tiong-tshiu Peh-gue̍h-tseh
100192,中音域,大多人或樂器均能達到的音域。,,藝術-藝術,,藝術-音樂,,中音域,tiong-im-hi̍k tiong-im-i̍k
100194,中國指南針,一種利用磁針常指向南北的特性所製的儀器。,,,社會-社會,,,羅經 羅針 指南針 子午針,lô-kenn lô-tsiam tsí-lâm-tsiam tsú-ngóo-tsiam
100195,中游,河流介於上游與下游之間的一段。,,,自然科學-自然科學,,,中游,tiong-iû
100196,中華文化,是中國、大中華地區的文化體系，其最早的形式為發展於黃河流域的中原地區的中原文化，後來經過長時間的歷史演變，以及期間不斷的與外族的文化融合，形成了今日所知的中華文化，指以漢文化為主體的包括眾多少數民族文化的文明。,,語文-國語文 社會-社會,社會-社會,社會-歷史,語文-國語文 社會-歷史,中華文化,Tiong-huâ bûn-huà
100197,中華民國憲法,為中華民國國家的根本大法。民國三十五年十二月二十五日，由制憲國民大會在南京通過，並於三十六年一月一日由國民政府公布，同年十二月二十五日起施行。除前言外，共分十四章，一百七十五條。目前仍繼續修訂中。,,,社會-社會,社會-歷史 社會-公民與社會,社會-公民與社會,中華民國憲法,Tiong-huâ Bîn-kok Hiàn-huat
100198,中醫,研習中國固有的醫術，以治療疾病的醫生。別於西醫而言。,,健康與體育-健康與體育,,,,中醫 漢醫,tiong-i hàn-i
100199,之前,表示某個時間以前的連詞。,,數學-數學,,,,進前 以前,tsìn-tsîng í-tsîng
100200,之後,表示某個時間以後的連詞。,,數學-數學,,,,了後,liáu-āu
100201,互生,一種葉序的形式。莖或枝上每一節只長一片葉子，相鄰的兩個葉子長在相對的兩側。,,自然科學-自然科學,,自然科學-生物,,互生,hōo-sing
100202,互相平行,在一平面上兩條直線永不相交。,,數學-數學,數學-數學,數學-數學,,互相平行,hōo-siong pîng-hîng
100203,互相垂直,兩條直線、兩個平面或一直線與一平面相交，若交角為直角，則稱為「互相垂直」。,數學-數學,,數學-數學,數學-數學,,互相垂直 互相墜直,hōo-siong suî-ti̍t hōo-siong tuī-ti̍t
100204,互質,數學上指兩個數或多項式，其最大公因數或公因式為1時，此種情形稱為「互質」。,,,數學-數學,數學-數學,數學-數學,互質,hōo-tsit
100205,五大地形,指平原、盆地、臺地、丘陵、山地等五種地形。,,社會-社會,社會-社會,社會-地理,,五大地形,gōo tuā tē-hîng
100206,五車二,五車二是御夫座最亮的恆星，也是全天第六亮星，在北半球僅次於大角星和織女星，是北天第三亮星。它的英文名稱源自拉丁文，原意是小山羊。拜耳命名法指定它是α星，縮寫為α Aurigae、α Aur或Alpha Aur。雖然以裸眼看它似乎只是一顆恆星，但它實際上是一個恆星系統，是由4顆恆星組成的兩對聯星。,,,自然科學-自然科學,自然科學-地球科學,,五車二,Ngóo-ki-jī
100207,五官,人面目上的耳、目、口、鼻等器官的總稱。,,,,,,五官,ngóo-kuan
100208,五律,一種詩體。即五言律詩。一首八句，每句五字，雙數句押韻，首句可押可不押，一韻到底，不能換韻，中間兩聯須對仗。,,,語文-國語文,語文-國語文,語文-國語文,五律,ngóo-lu̍t
100209,五線譜,在五條等距平行橫線上標記音符，以表示音樂高低、節奏等性質的樂譜。,,藝術-藝術,,藝術-音樂,藝術-音樂,五線譜,gōo-suànn-phóo
100210,五聲音階,五聲音階分別是「宮、商、角'、徵、羽」，對照西洋的唱名為「Do、Re、Mi、Sol、La」,,藝術-藝術,藝術-藝術,藝術-音樂,藝術-音樂,五聲音階,gōo-siann im-kai
100211,五邊形,在幾何學中，五邊形是指有五條邊和五個頂點的多邊形，其內角和為540度。,數學-數學,,數學-數學,數學-數學,,五邊形,gōo-pinn-hîng
100212,內角和,邊形內的各角，皆稱為「內角」，所有角度相加即為內角和。,數學-數學,,數學-數學,數學-數學,,內角和,lāi-kak-hô
100213,內容大意,具有由文章中擷取的重要訊息，代表文章主旨的簡要敘述。,,,語文-國語文,語文-國語文,,內容大意,luē-iông tāi-ì lāi-iông tāi-ì
100214,內溫動物,體溫不隨環境溫度改變而升降，且維持一定溫度的動物，如鳥類、哺乳類都是。也稱為「恆溫動物」、「常溫動物」、「溫血動物」。,,自然科學-自然科學,,自然科學-生物,自然科學-生物,內溫動物,lāi-un tōng-bu̍t
100215,公分（cm）,量詞。計算長度的單位。公制1公分等於百分之一公尺。英文簡寫為㎝。,數學-數學,數學-數學,,,,公分 厘米,kong-hun lî-bí
100216,公升（L）,量詞。表示容量的單位。公制1公升等於1000毫升。也稱為「升」。英文簡寫為L。,,數學-數學,,自然科學-理化,,公升,kong-tsin
100217,公尺（m）,量詞。計算長度的單位。公制1公尺等於100公分。英文簡寫為m。,數學-數學,數學-數學,,,,公尺,kong-tshioh
100218,公尺/分（m/min）,平均每分鐘移動的公尺數。可寫為m/min。,數學-數學,,,,,每分公尺數,muí hun kong-tshioh sòo
100219,公尺/秒（m/s）,平均每秒鐘移動的公尺數，即秒速單位。記作m/s。,,數學-數學,,,,每秒公尺數,muí bió kong-tshioh sòo
100220,公斤（kg）,量詞。計算重量的單位。公制1公斤等於1000公克。英文簡寫為㎏。,,數學-數學,,,,公斤,kong-kin
100221,公平貿易,在自由貿易的過程中，企業為了獲取更高利潤，大多壓低生產者的工資。為使生產者獲取合理報酬，而有公平貿易產品，以避免被企業剝削。,,,,社會-地理,,公平貿易,kong-pênn bōo-i̍k
100222,公民行動,一種號召公民共同參與的無關黨派、並非利己的和平社會行動。,,,社會-社會,,,公民行動,kong-bîn hîng-tōng
100223,公共事務,指該社會的統治階級為了把社會控制在“秩序”範圍內，推動社會發展，所進行的滿足社會成員共同需要與要求的一系列社會活動。,,社會-社會,社會-社會,社會-公民與社會,,公共事務,kong-kiōng sū-bū
100224,公共設施,政府為了維持居民生活和地方發展的正常運作，而投資興辦以供民眾使用的設備和服務。如公園、道路等。,,社會-社會,社會-社會,社會-歷史 社會-公民與社會,社會-地理 社會-公民與社會,公共設施,kong-kiōng siat-si
100225,公共場所,大眾可自由出入的地方。如公園、戲院、風景區等。,,,社會-社會 健康與體育-健康與體育,社會-公民與社會 健康與體育-健康教育,,公共場所,kong-kiōng tiûnn-sóo
100226,公共資源,公共資源是指那些沒有明確所有者，人人都可以自由獲得、免費利用的資源。,,社會-社會,,社會-公民與社會,,公共資源,kong-kiōng tsu-guân
100227,公共電話,設置於公共場所或路旁方便行人使用的電話。,社會-生活課程 自然科學-生活課程 藝術-生活課程 綜合活動-生活課程,,,,,公共電話 公用電話,kong-kiōng tiān-uē kong-iōng tiān-uē
100228,公共衛生,公共衛生是透過組織社區資源，為公眾提供疾病預防和健康促進的一門管理學。公共衛生的具體内容包括對重大疾病尤其是傳染病的預防、監控和醫治；對食品、藥品、環境衛生的監督管制，以及相關的健康教育及疫苗接種等。,,,社會-社會,社會-歷史,,公共衛生,kong-kiōng uē-sing kong-kiōng uī-sing
100229,公共藝術,可以以任意媒介創作，是指放在公共空間、面向公眾開放的藝術作品。,,藝術-藝術,,藝術-視覺藝術,藝術-美術,公共藝術,kong-kiōng gē-su̍t
100230,公因數,指兩個或兩個以上的整數，如果有一個整數是它們共同的因數，那麼這個數就為「公因數」。,數學-數學,,數學-數學,數學-數學,,公因數,kong-in-sòo
100231,公克（g）,量詞。計算重量的單位。公制1公克等於千分之一公斤。為現行法定度量衡單位「克」的俗稱。英文簡寫為g。,,數學-數學,,,,公克,kong-khik
100232,公里（km）,量詞。計算長度的單位。公制1公里等於1000公尺。也稱為「里」。英文簡寫為㎞。,,數學-數學,數學-數學,,,公里,kong-lí
100233,公里/分（km/min）,平均每分鐘內移動的公里數。記作km/min。,數學-數學,,,,,公里／分,kong-lí／hun
100234,公里/時（km/h）,平均每小時移動的公里數，並以公里為單位，記作km/h。,數學-數學,,,,,公里／時 每小時公里數,kong-lí／sî muí sió-sî kong-lí sòo
100235,公秉,量詞。公秉為容量的俗稱單位，公制1公秉等於1000公升。,,,數學-數學,自然科學-理化,,公秉,kong-píng
100236,公倍數,某數可用兩個以上相異整數除盡，則某數為相異整數的公倍數。,數學-數學,,數學-數學,數學-數學,,公倍數,kong-puē-sòo
100237,公畝（a）,量詞。公畝為面積的俗稱單位。公制1公畝等於100平方米。簡稱為「畝」。英文簡寫為a。,,,數學-數學,,,公畝,kong-bóo
100238,公務人員考試,由政府舉辦的考試。根據《憲法》第86條規定，公務人員任用資格、專門職業及技術人員執業資格，均應經考試院依法考選銓定之。項目包括高、普考和其他各類特種考試。,,,社會-社會,社會-公民與社會,,公務人員考試 公務員考試,kong-bū jîn-uân khó-tshì kong-bū-uân khó-tshì
100239,公頃（ha）,量詞。計算面積的單位。公制1公頃等於100公畝。也稱為「頃」。英文簡稱ha。,,,數學-數學,,,公頃,kong-khíng
100240,公園,經過造園處理或保留其自然狀態，以作為公眾戶外遊憩及享受大自然的特定場所。,社會-生活課程 自然科學-生活課程 藝術-生活課程 綜合活動-生活課程,社會-社會 綜合活動-綜合活動 健康與體育-健康與體育,社會-社會 綜合活動-綜合活動,,,公園,kong-hn̂g
100241,公噸（t）,量詞。計算重量的單位。由英語metric ton翻譯得名。公制1公噸等於1000公斤。也稱為「噸」。英文簡稱為t。,,,數學-數學,,,公噸,kong-tùn
100242,公學校,公學校，簡稱公學，是臺灣日治時期政府開設的兒童教育學校，入學對象大多是臺灣本島人，由西元1898年起至1941年。,,,社會-社會,社會-歷史,社會-歷史,公學校,kong-ha̍k-hāu
100243,公廨,南部西拉雅等族群從事信仰與祭祀活動的場所。,,,,,社會-歷史,公廨,kong-kài
100244,六大類食物,是依食物能提供的營養做一概略性的分類。包含：全榖雜糧類、蔬菜類、豆魚蛋肉類、乳品類、水果類以及油脂與堅果種子類。,健康與體育-健康與體育,,健康與體育-健康與體育,,,六大類食物,la̍k tuā luī si̍t-bu̍t
100245,六書,為中國文字的六種創造方法。即象形、指事、會意、形聲、轉注、假借。,,,語文-國語文,語文-國語文,,六書,lio̍k-su
100246,六邊形,在幾何學中，六邊形是指有六條邊和六個頂點的多邊形，其內角和為720度。,數學-數學,,數學-數學,數學-數學,,六邊形,la̍k-pinn-hîng
100247,分,時間的名稱。60分為1小時。,數學-數學,數學-數學,,,,分,hun
100248,分子,數學上指分數中在上面的實數，例如：1/3中的1。,數學-數學,數學-數學,,數學-數學,數學-數學,分子,hun-tsú
100249,分工合作,將一件事分由眾人共同完成。,健康與體育-健康與體育,社會-社會 綜合活動-綜合活動,社會-社會 綜合活動-綜合活動 健康與體育-健康與體育,社會-公民與社會,,分工合作,hun-kang ha̍p-tsok
100250,分母,分數式中寫在下端的除數式。例如：1/5中的5。,,數學-數學,,數學-數學,數學-數學,分母,hun-bó hun-bú
100251,分貝,計算聲音響度大小的單位。,,,自然科學-自然科學,自然科學-理化,,分貝,hun-puè
100252,分貝計,測量聲音響度大小的儀器。,,,自然科學-自然科學,,,分貝計,hun-puè-kè
100253,分配律,1.抽象代數中，分配律是二元運算的一個性質，它是基本代數中的分配律的推廣。 2.兩個數乘上一個相同的數，他們的積相加，等於兩個不同的數相加乘上相同的數。公式為ab＋ac＝a×(b＋c)。,數學-數學,,數學-數學,數學-數學,數學-數學,分配律,hun-phuè-lu̍t
100254,分針,鐘錶上的針分為時針、分針、秒針，其中較長的、指示分數的針，稱為「分針」。也稱為「長針」。,數學-數學,,,,,分針 長針,hun-tsiam tn̂g-tsiam
100255,分速（m/min）,平均每分鐘移動的距離。單位為公尺/分，也可記作m/min。,數學-數學,,,,,分速,hun-sok
100256,分號（；）,一種標點符號。用來分開複句中並列的句子，其符號為「；」。,,語文-國語文,,語文-國語文,,分號,hun-hō
100257,分解,將一個整體化分為部分。,數學-數學,,,數學-數學,數學-數學,分解,hun-kái
100258,分說,說明文中部分以說明事例為主要內容的段落。,,語文-國語文,,語文-國語文,,分說,hun-suat
100259,分數,以除法表示的數。例如：3/4即為分數，3為分子，4為分母。,數學-數學,數學-數學,,數學-數學,數學-數學,分數,hun-sòo
100260,分數四則,分數的加減乘除。,,數學-數學,數學-數學,,,分數四則,hun-sòo-sì-tsik
100261,分數倍,倍數為分數，即乘以一個分數。,,數學-數學,,,,分數倍,hun-sòo-puē
100262,分數除法,分數的除法計算。,,數學-數學,,,,分數除法,hun-sòo tî-huat
100263,分鐘,量詞。計算時間的單位。60分鐘為1小時。,數學-數學,數學-數學,,,,分鐘,hun-tsing
100264,化石,在地層中經化石化作用所形成的生物遺骸，或生物活動所遺留的痕跡。可用以鑑定地層年代及沉積環境，並了解生物的演化。,,,自然科學-自然科學,自然科學-生物,自然科學-生物,化石,huà-tsio̍h
100265,反光鏡,能使光聚集在一點的光學儀器。在複式顯微鏡下有一個能四面回轉的圓形小鏡，能使光聚集一點。,,自然科學-自然科學,自然科學-自然科學,自然科學-理化,,反光鏡,huán-kng-kiànn
100266,反共文學,又稱「戰鬥文學」，為臺灣在民國40年代的特有文學形式。特色是將反「中國共產黨」當成作品主軸。,,,社會-社會,,社會-歷史,反共文學,huán-kiōng bûn-ha̍k
100267,反射,聲波或光線行進時，遇到阻礙而改變方向，稱為「反射」。,,自然科學-自然科學,,自然科學-理化,自然科學-物理,反射 倒照,huán-siā tò-tsiò
100268,反問,由原本被詢問的立場轉變為發問人提出疑問。,,語文-國語文,語文-國語文,語文-國語文,,反問,huán-mn̄g huán-būn
100269,反清復明,推翻滿清統治，恢復明朝王室。後引申為推翻異族統治，拯救中國。,,,社會-社會,社會-歷史,社會-歷史,反清復明,huán Tshing ho̍k Bîng
100270,反經石,安山岩中含有一些磁鐵礦的成分，如果磁鐵礦的成分較多，俗稱反經石。,,自然科學-自然科學,,,,反經石,huán-king-tsio̍h
100271,反應,由特定事物的刺激所引發的回響。,,藝術-藝術,,,,反應,huán-ìng
100272,反覆記號,用以要求演奏者將相應的小節或者段落進行重複演奏。,,藝術-藝術,,,,重複記號,tiông-ho̍k kì-hō
100273,反霸凌,極力反對對一種長時間持續的、並對個人在心理、身體和言語遭受惡意的攻擊，且因為欺凌者與受害者之間的權力或體型等因素不對等，而不敢或無法有效的反抗。,,社會-社會,,社會-公民與社會,,反霸凌,huán pà-lîng
100274,反霸凌申訴專線,教育部為積極防制校園霸凌事件的發生，設置之專線電話。,,社會-社會,,,,反霸凌申訴專線,huán pà-lîng sin-sòo tsuan-suànn
100275,天,量詞。計算時間的單位。一天有24小時。,數學-數學,自然科學-自然科學,,,,工 日,kang ji̍t
100276,天地會,清代的祕密會社。清康熙年間，藏人作亂，少林寺僧人平亂有功，卻被誣陷，憤而與朱洪竹互通聲氣，創立天地會。以反清復明為目的，屢次在東南沿海一帶起事，遭到清政府的殘酷鎮壓。後以三點會、三合會名義繼續分散活動，咸豐年間曾配合太平天國在廣西、廣東組織大規模起義。,,,,社會-歷史,,天地會,Thinn-tē-huē Thian-tē-huē Thian-tī-huē Thinn-tī-huē
100277,天津四,天津四與位於天鷹座的河鼓二，及天琴座的織女星，組成著名的「夏季大三角」。,,自然科學-自然科學,,自然科學-地球科學,,天津四,Thian-tin-sì
100278,天氣現象,在空中和地面產生的降水、水汽凝結物（雲除外）、凍結物，以及聲、光、電等大氣物理現象，也包括一些與風有關的特徵。,,自然科學-自然科學,,,,天氣現象,thinn-khì hiān-siōng
100279,天氣預報,未來大氣狀態變化的預測報導。中央氣象臺根據各地測候所與衛星所測得的氣象資料，繪製成天氣圖，再依天氣圖分析、綜合地形、季節的特點，以及各方經驗，向有關地區，所發出的未來一定時間內，天氣變化的預測報告。,,自然科學-自然科學,,,,天氣預報,thinn-khì ī-pò
100280,天氣圖,一種氣象資料圖。在特定區域內，一定時間中，以數字和規定的符號，所繪製成的天氣形勢圖。目的是用來預測天氣的變化。,,自然科學-自然科學,,自然科學-地球科學,自然科學-地球科學,天氣圖,thinn-khì-tôo
100281,天氣變化,在一定區域和一定時間內，多種氣象要素的改變。,,社會-社會,社會-社會,社會-地理,社會-地理,天氣變化,thinn-khì piàn-huà
100282,天狼星,星名。位於大犬座，是天空中除太陽以外最亮的恆星。臺灣民間稱為「賊仔星」，為不吉祥、貪殘及侵掠者的象徵。也稱為「天狼」、「犬星」。,,,自然科學-自然科學,自然科學-地球科學,自然科學-地球科學,天狼星 賊仔星,Thian-lông-tshenn Tsha̍t-á-tshenn
100283,天頂,天文學上指鉛垂線向我們頭上的方向延長，和天球相交的一點，稱為「天頂」。,,,自然科學-自然科學,自然科學-地球科學,,天頂,thinn-tíng
100284,天然災害,由自然的氣候、地質變化而產生的災難。通常是規模大且威力強。如地震、火山爆發、颱風、洪水、乾旱等。,,社會-社會,社會-社會,,,天然災害 天災,thian-jiân tsai-hāi thian-tsai
100285,天然氣,貯存於多孔質岩石中，由地層下面開採導出，或流出地表之可燃性氣體。可冷卻和加壓成液態。主要成分是甲烷，常與石油相伴而生。也稱為「天然煤氣」、「天然瓦斯」。,,自然科學-自然科學,,,,天然氣,thian-jiân-khì
100286,天琴座,星座名。位於北天，在武仙座與天鵝座之間，它的主星織女星是「夏季大三角」的頂點之一。,,自然科學-自然科學,,,,天琴座,Thian-khîm-tsō
100287,天敵,自然界中某種動物專門捕食或危害另一種動物，前者即為後者的天敵。,,自然科學-自然科學,,自然科學-生物,自然科學-生物,天敵,thian-ti̍k
100288,天蠍座,星座名。黃道十二宮的第八宮。位於赤經16時30分，赤緯-26°，相當於中國的房、心、尾三星宿。在西洋占星術中，被視為主宰10月23日─11月21日前後的命宮。其光輝為十二星宿之冠。,,自然科學-自然科學,,自然科學-地球科學,,天蠍座,Thian-giat-tsō
100289,天鷹座,天鷹座的主星河鼓二（牛郎星），在中國與天琴座的織女星，構成了七夕的傳說。,,自然科學-自然科學,,,,天鷹座,Thian-ing-tsō
100290,太平洋,海洋名。介於美洲與亞洲、澳洲之間。北以白令海峽通北極海，南接南極海，面積約一億六千五百萬平方公里，是世界最大的海洋。西元一五一九年麥哲倫於暴風後航行至此，見其波浪平靜，故稱為「太平洋」。,,,社會-社會,社會-地理,社會-地理,太平洋,Thài-pîng-iûnn
100291,太平洋地區,位於亞洲、大洋洲、北美洲、南美洲和南極洲之間。北以白令海峽與北冰洋為界，南抵南極洲，與大西洋和印度洋連成環繞南極大陸的水域。,,,社會-社會,,,太平洋地區,Thài-pîng-iûnn tē-khu
100292,太平洋板塊,太平洋板塊是一塊海洋地殼板塊，大部分位於太平洋海面下。它是法國地質學家勒皮雄在西元1968年首次提出的六大板塊之一，自提出以來，其範圍基本沒有大的變動。,,,社會-社會,,社會-地理,太平洋板塊,Thài-pîng-iûnn Pán-khuài
100293,太空,地球大氣外圍以及其上的空域，稱為「太空」。,,自然科學-自然科學,,自然科學-地球科學,自然科學-地球科學,太空,thài-khong
100294,太陽,恆星之一，半徑約為70萬公里，距地球約1億5000萬公里，地球與其他行星繞其公轉。為氣態天體，表面溫度約為攝氏5500度，中心溫度估計超過攝氏1500萬度，足以進行核反應。,,,自然科學-自然科學,自然科學-地球科學,自然科學-地球科學,日頭 太陽,ji̍t-thâu thài-iông
100295,太陽光電發電廠,太陽能發電廠是一種用可再生能源太陽能來發電的工廠，它利用把太陽能轉換為電能的光電技術，通過發電系統來工作的。太陽能發電主要有太陽能光發電和太陽能熱發電兩種基本方式。,,,自然科學-自然科學,,,日頭光電發電廠,ji̍t-thâu kng-tiān huat-tiān-tshiúnn
100296,太陽能,太陽發出的光與熱等輻射能。其能量可透過儀器的處理，轉換成電能、熱能和各種動能，為人類亟待研究利用的一種天然能源。,,社會-社會,社會-社會 自然科學-自然科學,,自然科學-物理,太陽能,thài-iông-lîng
100297,太陽能板,為一種利用太陽光直接發電的光電半導體薄片。也稱太陽能電池組件，轉換方式是利用光電效應，將太陽輻射能直接轉換成電能，光電轉換的基本裝置就是太陽能電池。,,社會-社會,社會-社會 自然科學-自然科學,自然科學-理化,,太陽能枋,thài-iông-lîng-pang
100298,太陽能發電,太陽發出的光與熱等輻射能其能量，透過儀器的處理，轉換成電能。,,社會-社會,社會-社會 自然科學-自然科學,,自然科學-化學,太陽能發電,thài-iông-lîng huat-tiān
100299,太陽高度角,指某地的太陽光線與當地地平面的所交的最小線面角，這是以太陽視盤面的幾何中心和理想地平線所夾的角度。又稱「太陽高度」。,,,自然科學-自然科學,自然科學-理化,,日頭懸度角,ji̍t-thâu kuân-tōo-kak
100300,太陽電池,一種將光能轉成電能的半導體裝置。能因光的照射在兩極間造成電動勢，可供人造衛星儀器作為電源。多用矽或砷代鎵作為材料。,,,自然科學-自然科學,,,太陽電池,thài-iông tiān-tî
100301,太陽觀測器,利用影子方位來測量太陽方位的器具。,,,自然科學-自然科學,,,日頭觀測器,ji̍t-thâu kuan-tshik-khì
100302,少,數量小的。與「多」相對。,數學-數學,,,,,少,tsió
100303,少子化,是指生育率降低，老人人口高達7%是高齡化社會，造成幼年人口比例逐漸減少的現象。少子化代表著未來勞動人口可能逐漸變少，對於社會結構、經濟發展等各方面都會產生重大影響。,,,社會-社會,社會-地理,社會-地理 社會-公民與社會,少子化 少囝化,siáu-tsú-huà tsió-kiánn-huà
100304,少年小說,為少年而寫，符合少年心理特質，具有趣味性、教育性、藝術性的長篇故事。,,,語文-國語文,語文-國語文,,少年小說,siàu-liân sió-suat siàu-liân siáu-suat
100305,少年事件處理法,《少年事件處理法》，為中華民國刑法及刑事訴訟法之特別法，規定有關少年保護事件及少年刑事案件的處理程序及處遇政策。,,,社會-社會,健康與體育-健康教育,,少年事件處理法,Siàu-liân Sū-kiānn Tshú-lí-huat
100306,屯田政策,漢代以來，政府利用軍隊或農民墾種土地，徵取收成做為軍餉的制度，稱為「屯田政策」。,,,社會-社會,社會-歷史,,屯田政策,tûn-tiân tsìng-tshik
100307,巴士海峽,海峽名。介於臺灣島和菲律賓北方巴丹群島之間。寬約一百五十公里，有很深的海溝。因臺、菲兩國均有二百浬經濟海域的主張，形成海域重疊。西元2015年12月5日臺菲漁業協定生效，將重疊海域以「共管海域」方式處理。,,,社會-社會,社會-地理,社會-地理,巴士海峽,Pa-sū Hái-kiap
100308,引用,言論及文章中援用古書典故、名人格言以及俗語等的修辭法。用以加強言論的說服力。,,,語文-國語文,語文-國語文,,引用,ín-iōng
100309,引號（「」、『』）,一種標點符號。用來標示說話、引語、專有名詞、或特別用意的詞，其符號為「」或『』。,語文-國語文,語文-國語文,,語文-國語文,,引號,ín-hō
100310,心血管疾病,關於心臟或血管的疾病，又稱為循環系統疾病、迴圈系統疾病。,,,健康與體育-健康與體育,健康與體育-健康教育,,心血管疾病,sim-hueh-kńg tsi̍t-pēnn
100311,心肺耐力,指個人的肺臟與心臟，從空氣中攜帶氧氣，並將氧氣輸送到組織細胞加以使用的能力。,,健康與體育-健康與體育,健康與體育-健康與體育,健康與體育-健康教育,,心肺耐力,sim-hì nāi-li̍k
100312,心得,心中所領會的道理、知識等。,語文-國語文,語文-國語文,語文-國語文,語文-國語文,,心得,sim-tik
100313,戶口名簿,政府發給每戶人家，用來記載一戶人口基本資料的簿冊。包括戶籍所在、戶口稱謂、姓名、血型、身分證字號、出生別、出生年月日、役別、父母姓名、配偶姓名等欄位。,,社會-社會,,,,戶口名簿,hōo-kháu-miâ-phōo
100314,戶政事務所,我國各鄉、鎮、縣轄市或區之中，受理戶籍登記及管理的機關，其業務有戶籍登記、戶口名簿、身份證、印鑑證明等管理等。,,社會-社會,,,,戶政事務所,hōo-tsìng sū-bū-sóo
100315,手工包,具有技術性、藝術性的手工技藝製成的包包。,,,藝術-藝術,,,手工包,tshiú-kang-pau
100316,支出,支付、付出。,,社會-社會,社會-社會,,,開銷 支出,khai-siau tsi-tshut
100317,支點,槓桿的支撐點。,,,自然科學-自然科學,自然科學-理化,,固定點,kòo-tīng-tiám
100318,文化,1.人類在歷史發展過程中創造的總成果。包括宗教、道德、藝術、科學等各方面。 2.考古學上指同一歷史時期的遺跡與遺物的總稱。,,社會-社會,社會-社會,社會-地理 社會-歷史 社會-公民與社會,社會-地理 社會-歷史 社會-公民與社會,文化,bûn-huà
100319,文化產業,文化產業是指從事文化生產和提供文化服務的經營性行業。,,社會-社會,,,,文化產業,bûn-huà sán-gia̍p
100320,文化創意產業,結合文化及創意，具有創造財富和就業機會的潛力，並能促進整體生活環境提升的產業。,,社會-社會,社會-社會,,,文化創意產業,bûn-huà tshòng-ì sán-gia̍p
100321,文化遺產,文化遺產，又可稱文化資產、文化財產或文化財，是指具有歷史、藝術、科學等文化保存價值，並經政府機構或國際組織指定或登錄之物品。 中文在概念上分為「有形文化遺產」和「無形文化遺產」。,,,社會-社會,社會-歷史,,文化遺產,bûn-huà uî-sán
100322,文句,文章的詞句。,,語文-國語文,語文-國語文,語文-國語文,語文-國語文,文句,bûn-kù
100323,文史工作室,為從事有關文化、歷史資料的蒐集、調查與研究工作的場所。,,社會-社會,,,,文史工作室,bûn-sú kang-tsok-sik
100324,文史協會,從事有關文化、歷史資料的蒐集、調查與研究的組織之一。,,社會-社會,,,,文史協會,bûn-sú hia̍p-huē
100325,文字,人類用來表示觀念、記錄語言的符號。,語文-國語文,語文-國語文,語文-國語文,語文-國語文,語文-國語文,文字,bûn-jī
100326,文言文,經過文飾，與口語不同的文體。通常詞句較精簡。相對於白話文或語體文而言。,,,語文-國語文,語文-國語文,語文-國語文,文言文 漢文,bûn-giân-bûn hàn-bûn
100327,文物,人類社會歷史發展過程中所遺留下來的具有價值的東西。如建築、生活器皿、各種藝術品等。,,社會-社會,社會-社會,,,文物,bûn-bu̍t
100328,文章,由文字連綴而成的篇章。,語文-國語文,語文-國語文,語文-國語文,語文-國語文,語文-國語文,文章,bûn-tsiong bûn-tsiunn
100329,文意,文詞的意義，文章的意境。,,語文-國語文,語文-國語文,語文-國語文,,文意,bûn-ì
100330,文學,廣義泛指一切思想的表現，而以文字記述的著作；狹義則專指以藝術的手法，表現思想、情感或想像的作品。,,,語文-國語文,語文-國語文,語文-國語文,文學,bûn-ha̍k
100331,文體,文章的體裁或風格。,,,語文-國語文,語文-國語文,語文-國語文,文體,bûn-thé
100332,方向,東南西北上下等區別。,,,自然科學-自然科學,自然科學-理化,,方向,hong-hiòng
100333,方向性,天線對空間不同方向具有不同的輻射或接收的能力（物理學─力學），這就是天線的方向性。,,,自然科學-自然科學,自然科學-地球科學,,方向性,hong-hiòng-sìng
100334,方位,東南西北、前後、上下等的區別。,,自然科學-自然科學,,,,方位,hong-uī
100335,方位標,方位標，“國際浮標系統”的一類標誌。,,社會-社會,,,,方位標,hong-uī-piau hong-uī-phiau
100336,方解石,造岩礦物之一。化學成分為碳酸鈣，白色、灰色或透明，硬度大，為石灰岩和大理石的主要組成礦物。,,,自然科學-自然科學,自然科學-理化,,方解石,hong-kái-tsio̍h
100337,日,量詞。計算時間的單位。一日有24小時。,數學-數學,數學-數學,,,,日,ji̍t
100338,日治時代,特指臺灣被日本統治的年代。清末甲午戰敗，清光緒21年（西元1895年）割讓臺灣給日本，民國26年（西元1937年）發動侵華戰爭，至民國34年日本戰敗，臺灣乃告光復。日本統治臺灣50年期間，因抗拒日本殖民，亦有將這段時期解讀為日本占據臺灣。,,,社會-社會,,,日治時代,Ji̍t-tī Sî-tāi
100339,日記,每日的生活記錄。,語文-國語文,語文-國語文,,語文-國語文,,日記,ji̍t-kì
100340,日晷,1.日影。 2.日晷儀的簡稱。一種利用日影測量時間的儀器。,,自然科學-自然科學,自然科學-自然科學,自然科學-地球科學,,日晷,ji̍t-kuí
100341,月,1.月亮、月球。 2.計時單位，約為月球繞行地球一周所需時間。陽曆月為大月有31日，小月有30日（二月除外），一年有十二個月。陰曆則以月球相位變化週期而制定，大月有30日，小月有29日。,數學-數學,自然科學-自然科學,,,,月,gue̍h
100342,月形,月亮形狀的變化。,,自然科學-自然科學,,,,月形,gue̍h-hîng
100343,月亮,月的俗稱。,,自然科學-自然科學,,自然科學-理化,自然科學-物理,月娘,gue̍h-niû
100344,月相,月球明亮部分的形狀變化。主要月相有四個，即朔、上弦、望、下弦。也常以新月、眉月、殘月、凸月等描述。,,自然科學-自然科學,,自然科學-地球科學,,月相,gue̍h-siòng
100345,月相的變化,是由地球上所觀看之月光形態。月球本身不發光，月球直接被太陽照射之部份反射太陽光，才可見發亮，其陰影部分是月球自己之陰暗面。根據天文學，月球環繞地球公轉時，地球、月球、太陽之相對位置不斷規律地變化，使觀測者從不同角度看到月球被太陽照明之部分，造成月相盈虧圓缺之變化。,,自然科學-自然科學,,自然科學-地球科學,,月相的變化,gue̍h-siòng ê piàn-huà
100346,月球,"天體名。圍繞地球公轉的天然衛星。與地球的平均距離為384,400公里。公轉週期27.32日，自轉週期與公轉週期相同。赤道半徑1,738公里，約為地球的四分之一，表面重力相當於地球的六分之一。表面地形可分為兩大類：布滿坑洞的高地，以及平坦陰暗的海。本身不發光，只能反射太陽的光。舊稱為「太陰」，俗稱為「月亮」。",,自然科學-自然科學,,自然科學-地球科學,自然科學-地球科學,月球,gue̍h-kiû
100347,月經,生理機能成熟的女性，約從青春期至45歲之間，每月子宮黏膜脫落，所發生周期性陰道流血的現象。也稱為「月信」、「月事」。,,健康與體育-健康與體育,健康與體育-健康與體育,健康與體育-健康教育,,月經 來洗 行經 mè-sù 月事,gu̍eh-king lâi-sé kiânn-king mè-sù gu̍eh-sū
100348,木本莖,木本植物具有木質化而堅硬的莖，莖裏面的形成層會不斷地分裂，使得木本植物可以每年不斷的長大、變粗。,,自然科學-自然科學,,,,木本莖,bo̍k-pún-king
100349,木魚,一種用木頭做的節奏樂器。,社會-生活課程 自然科學-生活課程 藝術-生活課程 綜合活動-生活課程,藝術-藝術,,,藝術-音樂,木魚 嘓魚,bo̍k-hî kho̍k-hî go̍k-hî
100350,木管樂器,木製管樂器的總稱。為英語woodwind的意譯。可分為無簧的笛類樂器，如短笛、長笛、木笛等，以及有簧管類樂器，如單簧管、雙簧管、薩氏管等。,,藝術-藝術,,藝術-音樂,藝術-音樂,木管樂器,bo̍k-kuán ga̍k-khì
100351,木雕神像,以木材雕刻製成的神像，通常置於廟裡。,,,藝術-藝術,,,木雕神像,bo̍k-tiau sîn-siōng
100352,比（:）,表示兩個數量的關係稱為比，「:」是比的符號，符號前面的數稱為前項，後面的數稱為後項。,數學-數學,,,,,比,pí
100353,比例尺,1.一種依實際長度縮小比例的刻度尺。常用來丈量地圖所代表的實際距離。 2.製圖時，附於圖邊上表示比例的數字及線段。,,社會-社會,數學-數學,數學-數學 社會-地理,社會-地理,比例尺,pí-lē-tshioh
100354,比值,甲、乙兩數相比所得的值。也稱為「比率」。,,,數學-數學,數學-數學,數學-數學,比值,pí-ta̍t
100355,比率,甲數和乙數相比所得的值。也稱為「比值」。,,,數學-數學,,,比率,pí-lu̍t
100356,比喻,將兩種相似的事物相比，使得所說的話或所寫的文章具體生動，容易了解，富有形象化。,,語文-國語文,語文-國語文,語文-國語文,語文-國語文,比喻,pí-jū
100357,比較,較量高下、輕重、長短、距離、好壞、快慢、多少等。,,,數學-數學,,,比較,pí-kàu
100358,比較量,作為和基準量比較的數量，基準量乘比值為比較量。,,,數學-數學,,,比較量,pí-kàu-liōng
100359,毛細現象,當液體和毛細管壁（物體）之間的附著力大於（小於）液體本身內聚力時，液體會在管內（或順著物體）上昇（下降）的現象，稱為「毛細現象」。,,自然科學-自然科學,,自然科學-理化,自然科學-化學,毛細現象,môo-sè hiān-siōng
100360,水,無色無臭的液體。由氫氣與氧氣化合而成。,,自然科學-自然科學,,自然科學-理化,,水,tsuí
100361,水力發電,利用在河流上游適當的地方築攔河水壩，攔阻河水，使水流順著引水設備而流到下游的水力發電廠，利用高水位落差的水流來推動滑輪機的葉片，使其帶動發電機，而將天然的水力轉變成萬能的電力。,,自然科學-自然科學,社會-社會,社會-歷史 社會-地理,自然科學-化學,水力發電,tsuí-li̍k huat-tiān
100362,水力傳播,此類的種子或果實常具有浮在水中的能力，其表面也常有亮量的角質油脂成分，而不易吸水，種子或果實的比重也較輕，這一類的植物常生活於水邊或海邊，如欖仁、棋盤腳、椰子等，甚至臺灣南部懇丁國家公園中也具有多種此類植物，這類植物還有很多可能是由菲律賓經海域到臺灣生長的植物。,,自然科學-自然科學,,,,水力傳播,tsuí-li̍k thuân-pòo tsuí-li̍k thuân-pò
100363,水分,含水的成分。,,自然科學-自然科學,,自然科學-理化,,水份,tsuí-hūn
100364,水生生物,喜歡生長在多水環境中的生物。,,自然科學-自然科學,,,,水生生物,tsuí-sing sing-bu̍t
100365,水生動物,是指在水中度過一生或一生大部分時間在水中度過的脊椎動物或無脊椎動物。,,自然科學-自然科學,,自然科學-生物,,水生動物,tsuí-sing tōng-bu̍t
100366,水生植物,生長於水中或潮濕土壤上的植物。以其在水中分布狀況可分為沉水植物、固著浮葉植物、漂浮植物、挺水植物等四大類。,,自然科學-自然科學,,自然科學-生物,,水生植物,tsuí-sing si̍t-bu̍t
100367,水圳,水圳是人工修建的用來灌溉農田的水利體系，也兼有洩洪的功能。,,社會-社會,社會-社會,社會-歷史 社會-地理,社會-歷史,水圳,tsuí-tsùn
100368,水汙染,因某種物質、生物或能量的介入，而引起水質發生化學、細菌或生物性變化的現象。其汙染源有工業廢水、家庭汙水、油井及船舶漏油、農藥及肥料流失等。水汙染不僅汙染環境，也危及人類及其他生物的生存。,,自然科學-自然科學,,,,水汙染,tsuí-u-jiám tsuí-ù-jiám
100369,水位,江、河、湖泊、海洋、水庫等水面的高度。,,自然科學-自然科學,,,,水位,tsuí-uī
100370,水果類,鮮果，含有漿液的果實類。主要提供維生素、礦物質及部分醣類。每人每天2─4份，最好有一個是枸櫞類的水果。,健康與體育-健康與體育,,健康與體育-健康與體育,健康與體育-健康教育,,果子類 水果類,kué-tsí-luī tsuí-kó-luī
100371,水流,水流動的情形。,,自然科學-自然科學,,,,水流,tsuí-liû
100372,水面,水的表面。,,自然科學-自然科學,,,,水面,tsuí-bīn tsuí-biān
100373,水庫,用以貯水、調節水流的建築物。可供灌溉、防洪、發電等用途。,,社會-社會,社會-社會,社會-歷史 社會-地理 健康與體育-健康教育,,水庫,tsuí-khòo
100374,水域,海洋或河流所包涵的一定範圍。,,自然科學-自然科學,,,,水域,tsuí-hi̍k tsuí-i̍k
100375,水域環境,水域環境廣義的定義是指含有水分的土地，包含潮溼的土地、水塘、湖泊、溪流、溝渠、低窪積水區、潮間灘地、沼澤等都算是水域環境，目前國際上  慣用的名詞是「溼地」（wetlands）。,,自然科學-自然科學,,自然科學-生物 自然科學-地球科學,,水域環境,tsuí-hi̍k-khuân-kíng tsuí-i̍k-khuân-kíng
100376,水彩,一種用水調和的繪畫顏料。較具透明性，但作品保存期限較油畫短。,,藝術-藝術,,藝術-視覺藝術,藝術-美術,水彩,tsuí-tshái
100377,水彩用具,泛指用來創作水彩畫所用的工具。例如調色盤、水彩筆、洗筆杯 。,,藝術-藝術,,,,水彩用具,tsuí-tshái iōng-kū tsuí-tshái iōng-khū
100379,水循環,水循環是指地球上不同的地方上的水，通過吸收太陽的能量，改變狀態到地球上另外一個地方。例如地面的水分被太陽蒸發成為空氣中的水蒸氣。,,自然科學-自然科學,,,自然科學-地球科學,水循環,tsuí-sûn-khuân tsuí-sûn-huân
100380,水量,水的總量。,,自然科學-自然科學,,自然科學-理化,,水量,tsuí-liōng
100381,水塔,貯藏自來水的高塔，可增加水的壓力，把水送到高的建築物上。,,自然科學-自然科學,,,,水塔,tsuí-thah
100382,水溫,水的溫度。,,自然科學-自然科學,,自然科學-理化,,水溫,tsuí-un
100383,水溶液,溶劑是水的溶液。在化學反應中，若反應物或生成物為水溶液，一般會在其化學式右下方加上（aq）識別。,,自然科學-自然科學,,自然科學-理化,自然科學-化學,水溶液,tsuí-iông-i̍k
100384,水資源,水中可供利用的物資和能源。,社會-生活課程 自然科學-生活課程 藝術-生活課程 綜合活動-生活課程,社會-社會,社會-社會 綜合活動-綜合活動,社會-地理,社會-地理,水資源,tsuí-tsu-guân
100385,水蒸氣,水受熱變成的氣體。液態的水加熱到攝氏100度時開始沸騰，即變成水蒸氣。,,自然科學-自然科學,,自然科學-理化,自然科學-化學,水煙,tsuí-ian
100386,水銀電池,水銀電池亦可稱為鋅汞電池。水銀電池放電平穩、開路電壓也非常穩定、易保存且有相當高的體積能量比，但是因為含汞，價格相對較高，且有環境污染的問題，目前已減少使用。,,自然科學-自然科學,,自然科學-理化,,水銀電池,tsuí-gîn tiān-tî
100387,水墨,水墨畫的簡稱。國畫中專用水墨渲染而成的畫。,,藝術-藝術,,藝術-視覺藝術,,水墨,tsuí-ba̍k
100388,水墨畫,國畫中不用鉤勒、不施色彩，專用水墨渲染而成的畫。,,藝術-藝術,,藝術-視覺藝術,,水墨畫,tsuí-ba̍k-uē
100389,水燈節,為泰國、寮國、斯里蘭卡，柬埔寨和緬甸部分地區的傳統節日，即每年泰歷之12月15日（公曆11月），農曆每年9月或10月圓月晚，每逢水燈節的夜晚，無論是城市或在鄉鎮，只要是頻臨河港或湖邊的地方，水面上都會飄滿水燈。,,社會-社會,,,,水燈節,Tsuí-ting-tseh
100390,火力發電,藉燃燒煤炭、石油、生質油、天然氣等使水沸騰而產生的蒸氣為動力，以轉動發電機的發電方式。,,自然科學-自然科學,,自然科學-理化,,火力發電,hué-li̍k huat-tiān
100391,火山島,火山島，也稱為高島，是由於海底火山噴發後，熔岩、火山灰等噴發物堆積形成的島嶼。火山島的面積一般都不大，即有單個的火山島，也有群島式的火山島。,,,社會-社會,社會-地理,,火山島,hué-suann-tó
100392,火成岩,岩漿在地表或地殼內部冷卻凝固後所形成的岩石。如花崗石、玄武岩等。,,,自然科學-自然科學,自然科學-地球科學,自然科學-地球科學,火成岩,hué-sîng-giâm hué-sîng-gâm
100393,父姓,父親的姓。,,,社會-社會,社會-公民與社會,,父姓,hū-sènn
100394,父親節,民國34年8月8日，為激勵抗日戰爭士氣，上海各界人士發起，以8月8日為父親節，因「八八」二字發音類似「爸爸」，並表示感念親恩之義，抗戰勝利後由政府正式核定。也稱為「爸爸節」。,,社會-社會,,,,父親節,Hū-tshin-tseh
100395,牙周病,牙周組織的各種疾病，以齒齦炎及牙周組織炎最為常見。牙周組織係指在牙齒周圍支持牙齒的牙骨質、牙周膜、齒槽骨以及齒齦等四種口腔組織。牙周病的早期症狀有牙齦紅腫，刷牙容易流血等症狀，若不及時治療將引起牙槽骨的破壞，造成牙根的鬆動。,,,,健康與體育-健康教育,,牙周病,gê-tsiu-pēnn
100396,牛郎星,牛郎星又叫「牽牛星」或「大將軍」。排名全天第12的明亮恆星，白色。在星空觀測中，是夏季大三角中的一角。它和天鷹座β星、天鷹座γ星的連線正指向織女星。西方稱呼此星為Altair，是阿拉伯語的「飛翔的大鷲」的縮寫。,,,自然科學-自然科學,自然科學-地球科學,,牛郎星,Gû-nn̂g-tshenn
100397,牛頓,1.人名。（Sir Isaac Newton，西元1642－1727年）英國大科學家。在數學上，發明二項定理、微分法及積分法。在物理學上，發現萬有引力原理，又發現運動三定律，即慣性定律、反作用定律及運動定律。在光學及天文學方面，也有頗多重要貢獻。 2.量詞。計算力的單位。為英語newton的音譯。使質量1公斤物體，每秒增加1公尺／秒的速度所需之力，定為1牛頓。,,,社會-社會,,自然科學-地球科學,牛頓,Gû-tùn
100398,世界人權宣言,聯合國大會於西元1948年所通過的宣言，揭示所有人民在政治、經濟、社會及文化上的權利及自由。,,,社會-社會,社會-公民與社會 健康與體育-健康教育,社會-公民與社會,世界人權宣言,Sè-kài Jîn-khuân Suan-giân Sè-kài Jîn-kuân Suan-giân
100399,世界公民,通常是指一個人不贊同源於國籍的傳統地理劃分。,,,社會-社會,,,世界公民,sè-kài kong-bîn
100400,世界文化,地球上所有的國家、地方的人類歷史足跡、創作發展的總成果。,,,社會-社會,,,世界文化,sè-kài bûn-huà
100401,世界地球村,由於科技的進步、交通的發達，因此世界上的空間距離被拉近了，原先身處在世界各地的人們，就像在自身村莊、隔壁村莊一般。,,,社會-社會,,社會-公民與社會,世界地球村,sè-kài tē-kiû tshun sè-kài tē-kiû tshuan
100402,世界展望會,基督教社會服務機構之一，為西元1950年由美國傳教士皮爾士所創辦。總會設立於美國加州的蒙洛維亞市，目前共有32個國家或地區設有分會，辦理各種社會服務工作。臺灣分會創始於民國53年，曾先後設立育幼院及醫院等。,,,社會-社會,,,世界展望會,Sè-kài Tián-bōng-huē
100403,世界貿易組織,為英語World Trade Organization的意譯，一個取代國際關稅暨貿易協定（GATT）的國際組織，西元1995年開始運作，主要的功能在於負責國際多邊貿易談判和維持新的國際經貿規則。英文簡稱為「WTO」。,,,社會-社會,社會-歷史 社會-地理,社會-歷史 社會-公民與社會,世界貿易組織,Sè-kài Bōo-i̍k Tsoo-tsit
100404,世界衛生組織,聯合國專門機構之一，國際最大的公共衛生組織，總部設於瑞士日內瓦，是國際上最大的政府間衛生機構。根據《世界衛生組織組織法》，世界衛生組織的宗旨是「使世界各地的人們盡可能獲得高水準的健康。」,,,社會-社會 健康與體育-健康與體育,健康與體育-健康教育,社會-地理 社會-公民與社會,世界衛生組織,Sè-kài Uē-sing Tsoo-tsit Sè-kài Uī-sing Tsoo-tsit
100405,丘陵,1.土山。泛指高低不平的地形。 2.地理學上指高度次於山岳的起伏地形。,,社會-社會,社會-社會,社會-地理,社會-地理,崙仔 山崙,lūn-á suann-lūn
100406,丘陵地形,地理學上指高度次於山岳的起伏地形。,,社會-社會,社會-社會,社會-地理,社會-地理,山崙地形,suann-lūn tē-hîng
100407,主席,1.主持會議並維持會場秩序的人。 2.委員制的黨政機關組織，稱其領袖為「主席」。,,社會-社會,,社會-公民與社會,,主席,tsú-si̍k
100408,主詞,1.邏輯學上指命題中居於主位的詞項。 2.語法上指作為主體的人或物。一般置於謂語之前，是謂語陳述的對象。,,,語文-國語文,,,主語,tsú-gí
100409,主題,會議或作品中所要表達的中心思想。,,語文-國語文,語文-國語文,語文-國語文,語文-國語文,主題,tsú-tê
100410,主權,1.獨立自主的權利。 2.構成國家的要素之一。是國家至高無上的政治權力，對內具有排外的管轄權，對外則有不受他國干涉的權力。,,,社會-社會,社會-歷史 社會-地理 社會-公民與社會,社會-公民與社會,主權,tsú-khuân tsú-kuân
100411,仙女座,星座名。位於北天，在雙魚座與仙后座之間。,,,自然科學-自然科學,自然科學-地球科學,自然科學-地球科學,仙女座,Sian-lí-tsō
100412,仙后座,星座名。屬北天星座之一。由排列成Ｗ形的5顆星所組成。由此星座可找到北極星，方法是將邊緣兩條線延長，交於一點，再將中央的星與延長線焦點的聯線延長5倍，即是北極星的所在位置。,,,自然科學-自然科學,自然科學-地球科學,,仙后座,Sian-hiō-tsō Sian-hōo-tsō
100413,代名詞,用來代替名詞的詞。如我、此、誰、者、它等，分人稱代名詞、指示代名詞、疑問代名詞、連接代名詞四種。也稱為「代字」、「代詞」、「稱代詞」。,,語文-國語文,語文-國語文,語文-國語文,,代名詞,tāi-bîng-sû
100414,冬天,一年中氣候最寒冷的一季。,社會-生活課程 自然科學-生活課程 藝術-生活課程 綜合活動-生活課程,,,,,寒天 寒人 冬尾天 冬天,kuânn-thinn kuânn--lâng tang-bué-thinn tang-thinn
100415,冬至,二十四節氣之一。國曆12月21、22或23日，這天北半球夜最長，晝最短，南半球相反。也稱為「冬節」、「南至」。,,,自然科學-自然科學,,自然科學-地球科學,冬節,tang-tseh
100416,冬季,一年中氣候最寒冷的季節。北半球定為從冬至到春分的時期。,,,社會-社會,社會-地理,,冬季 寒冬 寒人 寒天,tang-kuì kuânn-tang kuânn--lâng kuânn-thinn
100417,冬季大三角,是由大犬座的天狼星（α CMa）、小犬座的南河三（α CMi）及獵戶座的參宿四（α Ori）所形成的三角形。,,,自然科學-自然科學,自然科學-地球科學,,冬季大三角,Tang-kuì Tuā Sann-kak
100418,凸岸,曲流河岸凸出的部分。坡度緩和，近岸水流和緩，有泥沙堆積。,,,自然科學-自然科學,自然科學-理化,,噗岸  積塗岸,phok-huānn phok-gān tsik-thôo-huānn tsik-thôo-gān
100419,凹岸,曲流外側接近深水線和流心線，侵蝕力強，崖壁備受切割，形成坡度陡峻且成凹狀汁基蝕坡，亦稱攻擊坡。,,,自然科學-自然科學,自然科學-理化,,凹岸  蝕塗岸,nah-huānn nah-gān si̍t-thôo-huānn si̍t-thôo-gān
100420,加（＋）,數學上的運算方法之一，指兩個數值的結合，符號為「＋」。,數學-數學,,數學-數學,,,加,ka
100421,加工出口區,將產品加工外銷的工業區。多利用國內或國外進口的零件或半成品，加工裝配為成品後即時輸出外銷。加工出口區常設於港口或機場附近，其主要目的是促進投資、發展外銷、提供就業機會等。,,,社會-社會,社會-歷史 社會-地理,社會-歷史,加工出口區,ka-kang tshut-kháu-khu
100422,加法,合併諸數求其總合的運算方法。,數學-數學,,,數學-數學,數學-數學,加法,ka-huat
100423,加法心算,不藉紙筆、算盤或計算機等器具而專用心思進行加法計算的方法。,數學-數學,,,,,加法心算 加法暗算,ka-huat sim-sǹg ka-huat àm-sǹg
100424,加法估算,加法的估計盤算，以得一個概數。,數學-數學,,,,,加法估算,ka-huat kóo-sǹg
100425,加法直式紀錄,算式中兩個相加的數，將一個數寫在另一個的下面，然後把逐個豎列的數位加起來，稱為「加法直式紀錄」。,數學-數學,,,,,加法直式紀錄,ka-huat ti̍t-sik kì-lo̍k ka-huat ti̍t-sik kì-lio̍k
100426,加法計算,合併諸數求其總合的運算方法。,數學-數學,,,,,加法計算,ka-huat kè-sǹg
100427,加法算式,加法的計算記錄。,數學-數學,,,,,加法算式,ka-huat sǹg-sik
100428,加減,增加或減少。,數學-數學,,,,數學-數學,加減,ka kiám
100429,加減估算,進行加法及減法的估計盤算，以得一個概數。,數學-數學,,,,,加減估算,ka kiám kóo-sǹg
100430,加減混合,將加法和減法計算合併在一個算式中。,數學-數學,數學-數學,,,,加減相參 加減混合,ka kiám sio-tsham ka kiám hūn-ha̍p
100431,加數,數學上指相加的各數中，除了第一個數是被加數外，其餘的各數皆稱為「加數」。如A＋B＋C中，B、C即是加數。,數學-數學,,,,,加數,ka-sòo
100432,北斗七星,屬於大熊星座的一部分，由天樞、天璇、天璣、天權、天衡、開陽、搖光七顆星呈斗杓狀排列在北方的天空中，故稱為「北斗七星」。,,,自然科學-自然科學,自然科學-地球科學,自然科學-地球科學,北斗七星,Pak-táu-tshit-tshenn
100433,北半球,赤道將地球分為南、北兩半，赤道以北稱為「北半球」，以南稱為「南半球」。北半球陸多於水，包括亞洲的大部分、歐洲、北美洲、南美洲北部和非洲的北半部。,,,社會-社會,社會-地理,,北半球,Pak-puànn-kiû
100434,北回歸線,地球上一條假想的緯線。約在北緯23.5度，北半球夏至時，太陽直射此線。政府在該線經過的嘉義縣水上鄉、花蓮縣瑞穗鄉及臺東縣長濱鄉設有「北回歸線標」。,,,社會-社會,社會-地理,自然科學-地球科學,北回歸線 北帶,Pak-huê-kui-suànn  pak-tài
100435,北極星,星名。最近北極的明星，距北極一度十三分，差不多正對著地軸。以往航海和旅行者認為其位置不變，故以它來辨認方向。,,,自然科學-自然科學,自然科學-地球科學,自然科學-地球科學,北極星,Pak-ki̍k-tshenn
100436,北極振盪,又稱北極濤動，是指北極的氣壓與北半球中緯度地帶的氣壓呈現反向變動關係的現象。,,,自然科學-自然科學,,,北極震盪,pak-ki̍k-tsìn-tōng
100437,北極圈,約北緯六十六度半。北半球夏至時，太陽照射地表的最北界限，亦是寒帶與溫帶的界線。,,,社會-社會,,,北極圈,Pak-ki̍k-khuan
100438,北緯,地球赤道以北的緯度，稱為「北緯」。,,,社會-社會,社會-地理,社會-地理,北緯,pak-huī pak-uī
100439,半包圍結構,國字的結構之一。連續兩個以上的邊被封住的字。例如：屠。,語文-國語文,,,,,半包圍結構,puànn-pau-uî kiat-kòo
100440,半立體,用來描述浮雕之形容詞，即在平面上之創作，但表現出深淺差異。,,,藝術-藝術,,,半立體,puànn-li̍p-thé
100441,半音,音樂名詞。樂曲上的小二度音程。為八度音階的十二分之一。為英語Half step、half tone、semitone的意譯。如音階上Mi和Fa，Si和Do之間為「半音」。,,藝術-藝術,,藝術-音樂,藝術-音樂,半音,puànn-im
100442,半徑,圓心到圓周的直線長度。也稱為「圓半徑」。,,數學-數學,,數學-數學,數學-數學,半徑,puànn-kìng
100443,古文,1.古代的文字，即漢儒所稱的先秦文字。相對於今文而言。 2.漢代經學的一派，用先秦古文字所寫的書籍，即所謂的古文經。相對於今文經而言。 3.唐宋文壇上古文運動所主張的先秦兩漢的文體。相對於駢文而言。 4.泛指文言文。,,,語文-國語文,語文-國語文,語文-國語文,古文,kóo-bûn
100444,古文明,古代高等文化及其政治、經濟和社會現象的總體。,,,社會-社會,社會-歷史,社會-歷史,古文明,kóo-bûn-bîng
100445,古代科技,中國古代科學技術除四大發明（造紙術、指南針、火藥、印刷術）外，在冶金、機械、建築、農學、醫學、數學、物理、化學等方面也取得極其輝煌的成就，這些成就往往比西方早幾百年甚至上千年就產生出來，為中外科學技術史學者稱頌。,,,,社會-歷史,,古早科技,kóo-tsá kho-ki
100446,古典小說,古典風格的傳統小說，為古典文學的一部分，與現代小說相對。如《三國演義》、《西遊記》、《紅樓夢》等。,,,語文-國語文,語文-國語文,語文-國語文,古典小說,kóo-tián sió-suat kóo-tián siáu-suat
100447,古典文學,1.泛指古代的文學作品。 2.超越時代好尚，擁有不朽價值的文學。,,,語文-國語文,語文-國語文,語文-國語文,古典文學,kóo-tián bûn-ha̍k
100448,古詩,1古體詩。相對於近體詩而言。每句有四言、五言、六言、七言等，句數沒有限制，不講求對偶，用韻、平仄比較自由。 2.泛指古代的詩。,,語文-國語文,語文-國語文,語文-國語文,語文-國語文,古詩,kóo-si
100449,古蘭經,是伊斯蘭教的最高經典。,,,社會-社會,社會-歷史,,古蘭經,Kóo-lân-king
100450,句子,由單詞或複詞聯綴而成，表示完整意義的語言基本單位。句子分為單句和複句。單句必須有代表人、事或物的主語，並有說明主語的謂語。複句是由兩個以上單句形式，依語法規則組合而成的句子。,語文-國語文,語文-國語文,語文-國語文,語文-國語文,語文-國語文,句 文句,kù bûn-kù
100451,句子擴寫,在不改變原文主要內容和中心思想的條件下，把某些句子、段落或短文加以擴展。,,語文-國語文,,,,語句擴寫,gí-kù khok-siá
100452,句尾,句子尾端。,,,,語文-國語文,,句尾,kù-bué
100453,句型,句子的類型。語法學依句子結構特點、表達功能、語氣等不同標準，將句型分成各種不同模式。如主謂句、判斷句、疑問句等。,語文-國語文,語文-國語文,語文-國語文,語文-國語文,,句型,kù-hîng
100454,句號（。）,一種標點符號。用於直述式，文意已完足的句子之末。其符號為「。」，也稱為「住號」。,語文-國語文,語文-國語文,,語文-國語文,,句點,kù-tiám
100455,叫聲,1.呼喊聲。 2.模仿賣物者叫賣聲的技藝。,,藝術-藝術,,,,叫聲,kiò-siann
100456,可再生資源,可再生資源是指能夠通過自然力以某一增長率保持或增加蘊藏量的自然資源。對於可再生資源來說，主要是通過合理調控資源使用率，實現資源的持續利用。可再生資源的持續利用主要受自然增長規律的製約。,,,自然科學-自然科學,,自然科學-地球科學,可再生資源,khó-tsài-sing tsu-guân
100457,可燃物,具有可燃性的物質。,,,自然科學-自然科學,自然科學-理化,,可燃物,khó-jiân-bu̍t
100458,台江內海,台江內海為17世紀臺灣南部的一座大潟湖，簡稱台江，現亦多寫為台江，「內海」則為臺語「潟湖」之意。此湖位於臺南海岸邊，是為臺南市外海沙洲與海岸線中間所圍繞而成，長度約為數十公里。而內海中最大島嶼為大員。,,,社會-社會,社會-歷史,,台江內海,Tâi-kang Lāi-hái
100459,史前文化,是指文字產生以前的人類文化。是指人類社會的文字產生以前的歷史時期。史前時期的年代範圍是文字未出現前的人類歷史。一般說來，中國的史前時期，大體上包括新石器時代和舊石器時代。,,,社會-社會,社會-歷史,,史前文化,Sú-tsiân bûn-huà
100460,史前時代,沒有文字記錄的遠古時代。指舊石器時代到新石器時代後期之前的時期。,,,社會-社會,社會-歷史,,史前時代,Sú-tsiân Sî-tāi
100461,史前時期,臺灣史前時期與歷史時期分界一般以1624年荷蘭人侵略臺灣南部後，因為傳教目的而傳入羅馬拼音給原住民書寫當時平埔族的語言前後為分界點，時代橫越舊石器時代晚期至金屬器時代，而這段時期中最著名的考古發掘為臺南市新市區發現的新港文。著名文化代表有長濱文化、大坌坑文化、圓山文化和十三行文化。,,,社會-社會,,,史前時期,Sú-tsiân Sî-kî
100462,司法,國家司法機關在法規之下為民事、刑事目的所作的一切作為。除狹義的審判權外，尚包括司法行政在內。,,,社會-社會,社會-公民與社會,社會-公民與社會,司法,su-huat
100463,司儀,在典禮中贊禮及報告進行程序的人。,,社會-社會,,社會-公民與社會,,司儀,su-gî
100464,四大古文明,流行於漢語文化圈的一個概念，一般指古埃及、美索不達米亞、古印度及中國此四處人類文明最早誕生的地區。,,,社會-社會,社會-歷史,,四大古文明,sì tuā kóo-bûn-bîng
100465,四分休止符,在4/4拍的樂譜中，休止符的部分會以四分休止符當作一拍為基準，再推算其他休止符的倍數拍值。,,藝術-藝術,,藝術-音樂,藝術-音樂,四分休止符,sì-hun hiu-tsí-hû
100466,四分音符,一種音符時值。在五線譜記法中，為一個實心的橢圓符頭加上一個不帶符尾的符桿。如♩。為英語quarter note的意譯。,,藝術-藝術,,藝術-音樂,藝術-音樂,四分音符,sì-hun im-hû
100467,四四拍,每小節有四拍，以四分音符為一拍，念作四四拍。,,藝術-藝術,,藝術-音樂,,四四拍,sù-sù-phik
100468,四字語詞,由四個字組成的詞語。,語文-國語文,語文-國語文,,,,四字詞 四字語詞,sì-jī-sû sì-jī-gí-sû
100469,四位數,一個自然數數位的個數叫做位數，例如：3650，含四個數位，因此3650是四位數。,數學-數學,,,數學-數學,,四位數,sì uī sòo
100470,四角柱,在幾何學中，四角柱又稱四稜柱，是指底面為四邊形的柱體，當底面為正方形時會成為正六面體。所有四角柱都有6個面8個頂點和12個邊。,,,數學-數學,數學-數學,,四角柱,sì-kak-thiāu
100471,四季,春、夏、秋、冬四時的總稱。,社會-生活課程 自然科學-生活課程 藝術-生活課程 綜合活動-生活課程,,,社會-地理 自然科學-地球科學,,四季,sù-kuì
100472,四肢,人體兩手兩足的總稱。,,自然科學-自然科學,,自然科學-生物,,四肢,sù-ki
100473,四則計算,即加、減、乘、除，為數學最基本的算術運算。,,數學-數學,數學-數學,,,四則運算,sì-tsik-ūn-suàn
100474,四則運算,數學上指使用加、減、乘、除四種運算數學式的方法。,,數學-數學,,數學-數學,數學-數學,四則運算,sì-tsik-ūn-suàn
100475,四個間,五線譜上四個線間的總稱。,,藝術-藝術,,,,四个線間,sì ê suànn-kan
100476,四捨五入法,數學上指遇多位小數時，為計算方便，截取若干位，其餘的首位數如屬四以下，則捨去之，五以上則在所取數的末位上加一。,,數學-數學,數學-數學,數學-數學,數學-數學,四捨五入法,sì-siá-gōo-ji̍p-huat
100477,四極,1.四方極遠的地方。 2.四方邊境。,,,社會-社會,,,四極,sù-ki̍k
100478,四邊形,四線段在一平面上所圍成的具有四角的圖形。也稱為「四角形」。,數學-數學,數學-數學,,數學-數學,數學-數學,四邊形,sì-pinn-hîng sì-pian-hîng
100479,外形,外在的形貌。,,自然科學-自然科學,,自然科學-生物,,外形,guā-hîng
100480,外來種生物,對於一個特定的生態系統與棲息環境來說，任何非本地的生物都叫外來生物，它指的是出現在其自然分佈範圍和分佈位置以外的一種物種、亞種或低級分類群，包括這些物種能生存和繁殖的任何部分、配子或繁殖體。,,自然科學-自然科學,,自然科學-生物,,外來種生物,guā-lâi-tsíng sing-bu̍t guā-lâi-tsióng sing-bu̍t
100481,外來語,由別種語言中吸收過來的詞語。漢語的外來語有的屬於音譯，,,,語文-國語文,語文-國語文,,外來語,guā-lâi-gí
100482,外溫動物,又稱為「變溫動物」、「冷血動物」。隨環境溫度之不同而變化體溫之動物。例如：魚類、兩棲類、爬蟲類及所有的無脊椎動物，都是變溫動物。,,自然科學-自然科學,,自然科學-生物,自然科學-生物,外溫動物,guā-un tōng-bu̍t
100483,外銷,貨物由本國向外國銷售的交易。,,,社會-社會,社會-歷史 社會-地理,,外銷,guā-siau
100484,外籍勞工,非本國籍的勞動工人。縮稱為「外勞」。,,,,,社會-地理,外籍勞工 外勞,guā-tsi̍k lô-kang guā-lô
100485,左右平分,國字的結構之一。指由左右兩個部件組合而成，而左邊和右邊部件平分的字。例如：朋。,語文-國語文,,,,,左右平分 左右對分,tsó-iū pîng-hun tsó-iū tuì-pun
100486,左窄右寬,國字的結構之一。指由左右兩個部件組合而成，而左邊部件較窄，右邊部件較寬的字。例如：河。,語文-國語文,,,,,左狹右闊,tsó e̍h iū khuah
100487,左寬右窄,國字的結構之一。指由左右兩個部件組合而成，而左邊部件較寬，右邊部件較窄的字。例如：戲。,語文-國語文,,,,,左闊右狹,tsó khuah iū e̍h
100488,市公所,縣轄市的最高行政機關。,,社會-社會,社會-社會,社會-公民與社會,社會-公民與社會,市公所,tshī-kong-sóo
100489,市民代表會,由市民依法選舉市民代表組織之會議，為我國最基層之民意機構。,,社會-社會,社會-社會,社會-公民與社會,,市民代表會,tshī-bîn tāi-piáu-huē
100490,市長,直轄市、省轄市或縣轄市的最高行政首長。,,社會-社會,社會-社會,社會-公民與社會,社會-公民與社會,市長,tshī-tiúnn
100491,市政府,中央所轄之市的最高行政機關。設市長一人，由市民選舉產生，對外代表該市，綜理市政。簡稱為「市府」。,,社會-社會,社會-社會,社會-地理 社會-公民與社會,社會-公民與社會,市政府,tshī-tsìng-hú
100492,市場需求,市場需求是指在特定的地理範圍、特定時期、特定市場營銷環境、特定市場營銷計劃的情況下，特定的消費者群體可能購買的某一產品總量。,,,社會-社會,社會-地理,,市場需求,tshī-tiûnn su-kiû
100493,市議會,市級地方民意機關，由市民選舉議員，並由議員互選議長、副議長各一人組成，有代表市民行使各種市政事務的議決、接受人民請願等職權。,,社會-社會,社會-社會,社會-公民與社會,社會-公民與社會,市議會,tshī-gī-huē
100494,布景,根據需要而在舞臺上布置的景物。,,藝術-藝術,,,,布景,pòo-kíng
100495,平分,平均分配。,數學-數學,,,數學-數學,,對半分 對分 平分,tuì-puànn-pun tuì-pun pênn-pun
100496,平方公分（cm²）,量詞。計算面積的單位。邊長1公分的正方形，面積就是1平方公分。,,數學-數學,,,,平方公分,pîng-hong kong-hun
100497,平方公尺（m²）,量詞。計算面積的單位。邊長1公尺的正方形，面積就是1平方公尺。,,數學-數學,,,,平方公尺 平方米,pîng-hong kong-tshioh pîng-hong-bí
100498,平方公里（km²）,量詞。計算面積的單位。公制1平方公里等於100萬平方公尺。,,,數學-數學,,,平方公里,pîng-hong kong-lí
100499,平地,平坦的土地。,,,社會-社會,,,平地,pênn-tē
100500,平行,數學上指二條線或二個平面距離相等。,,數學-數學,,數學-數學,數學-數學,平行,pîng-hîng
100501,平行四邊形,兩雙對邊互相平行的四邊形稱為「平行四邊形」。其性質有對邊相等、對角相等、對角線互相平分、同側內角互補等。,數學-數學,,數學-數學,數學-數學,數學-數學,平行四邊形,pîng-hîng sì-pinn-hîng
100502,平行脈,植物的葉脈從葉基至葉尖之中脈與側脈均彼此相平行，故稱為平行脈。也作「並行脈」。,,自然科學-自然科學,,自然科學-生物,,平行脈,pîng-hîng-me̍h
100503,平行現象,平面上的兩直線沒有交點，且這兩直線保持相同的距離，為平行現象。,數學-數學,,,,,平行現象,pîng-hîng hiān-siōng
100504,平均氣溫,指某一段時間內。根據計算時間長短不同，可有某日平均氣溫、某月平均氣溫和某年平均氣溫等。,,自然科學-自然科學,,,,平均氣溫,pîng-kin khì-un
100505,平均速率,總距離除以總時間可得平均速率。,,,數學-數學,自然科學-理化,自然科學-物理,平均速率,pîng-kin sok-lu̍t
100506,平角,角的二邊與角頂恰成一直線，則此角為平角，角度為180°。,,數學-數學,,數學-數學,,平角,pênn-kak
100507,平面,凡面的任意兩點以直線相連，處處與其面密切接合，則此面為平面。,數學-數學,,,數學-數學,數學-數學,平面,pênn-bīn
100508,平面圖形,凡繪一物體，無論繪其全體或一部，使物體各點均在一平面上顯示出來的圖形。,數學-數學,數學-數學,,數學-數學,,平面圖形,pênn-bīn tôo-hîng
100509,平原,平坦廣闊的原野。,,社會-社會,社會-社會,社會-地理,社會-地理,平原 平洋 平埔,pîng-guân pênn-iûnn pênn-poo
100510,平埔族,泛稱原居平原地帶的原住民族群，包括噶瑪蘭族、凱達加蘭族、雷朗族、道卡斯族、巴則海族、巴瀑拉族、貓霧捒族、邵族、和安耶族、西拉雅族等族群。屬南島語族。,,,社會-社會,社會-歷史,社會-歷史 社會-地理,平埔族,Pênn-poo-tso̍k
100511,平埔族人,泛稱原居平原地帶的原住民族群，包括噶瑪蘭族、凱達加蘭族、雷朗族、道卡斯族、巴則海族、巴瀑拉族、貓霧捒族、邵族、和安耶族、西拉雅族等族群。屬南島語族。,,,社會-社會,社會-歷史,社會-歷史 社會-地理,平埔族,Pênn-poo-tso̍k
100512,平等權,依據《憲法》及大法官解釋的精神，人民無分性別、宗教、種族、階級、黨派，在法律上皆有實質平等的權利。,,,社會-社會,社會-公民與社會,,平等權,pîng-tíng-khuân pîng-tíng-kuân
100513,平衡,1.一種儀禮。將上身與腰折成直角，使頭與腰齊平。 2.各方面的數量或質量相互抵消，成為一種靜止狀態。 3.衡器兩端承受的重量相等。,健康與體育-健康與體育,健康與體育-健康與體育,綜合活動-綜合活動 健康與體育-健康與體育,健康與體育-體育,藝術-美術,平衡,pîng-hîng
100514,平衡木,1.一種女子體操運動。運動員以單腳或雙腳起跳上平衡木，在木上做走步、跑步、跳躍、轉體、坐、臥等姿勢。整套動作持續時間約80─105秒。 2.一種體操運動器材。是高約1公尺20公分，5公尺長、10公分寬的長條木架，其上可供人做各種平衡動作。,健康與體育-健康與體育,健康與體育-健康與體育,健康與體育-健康與體育,健康與體育-體育,,平衡木,pîng-hîng-bo̍k
100515,平衡感,平衡是隨動作而異的身體特質。,健康與體育-健康與體育,健康與體育-健康與體育,,,,平衡感,pîng-hîng-kám
100516,幼年人口,即0至14歲人口。,,社會-社會,社會-社會,社會-地理,社會-地理,幼年人口,iù-liân jîn-kháu
100517,幼兒園,民國一百零二年幼托整合前，招收尚未就讀小學的幼童，訓練其養成良好生活習慣及基本能力為目的的教育機構。,健康與體育 社會-生活課程 自然科學-生活課程 藝術-生活課程 綜合活動-生活課程,綜合活動-綜合活動 健康與體育-健康與體育,,社會-公民與社會,,幼兒園,iù-jî-hn̂g iù-jî-uân
100518,幼苗,剛由種子中發芽生長的植物體。,,自然科學-自然科學,,自然科學-生物,,栽 穎,tsai ínn
100520,幼蟲,動物由卵子孵出，尚未成形的小蟲。,,自然科學-自然科學,,自然科學-生物,,幼蟲,iù-thâng
100521,打耳祭,又稱射耳祭，為臺灣布農族傳統狩獵祭儀，每年在四、五月間由各家族分別辦理，男性老少群聚祭場參加，女性則不能參與，祭儀包括槍祭、祈福、射獸耳、分獸肉、頌功酒宴等。,,,社會-社會,,社會-歷史,打耳祭,tá-ní-tsè
100522,打拍子,隨著音樂節奏拍打。。,,藝術-藝術,,,,拍拍,phah-phik
100523,未知數,在演算式中需要進一步運算才能確定的數，稱為「未知數」。如2x＋1＝5中，x是未知數。,數學-數學,,數學-數學,數學-數學,數學-數學,未知數,bī-ti-sòo
100524,本土語言,指個體居住地所使用的語言。可能只有一種，也可能有許多種。在臺灣，華語之外的語言，如閩南語、客家語、原住民族語等。,,,,社會-公民與社會,社會-歷史,本土語言,pún-thóo gí-giân
100525,本位記號,又稱還原記號，是在樂譜中，放在音符前面的變音記號，被還原的音符稱為還原音或本位音。,,藝術-藝術,,,藝術-音樂,本位記號,pún-uī kì-hō
100526,正,與「負」相對。,數學-數學,,,數學-數學,數學-數學,正,tsìng
100527,正三角形,稱三邊、三內角相等的三角形。,數學-數學,,,數學-數學,,正三角形,tsiànn-sann-kak-hîng
100528,正六邊形,每條邊等長、每個角相等的六邊形。,數學-數學,,數學-數學,數學-數學,,正六邊形,tsiànn-la̍k-pinn-hîng
100529,正文,本文或主要文句。,語文-國語文,語文-國語文,語文-國語文,語文-國語文,,正文,tsiànn-bûn
100530,正方形,四邊相等，四內角為直角的四邊形。,數學-數學,,,數學-數學,數學-數學,正四角形,tsiànn-sì-kak-hîng
100531,正方體,數學上指由六個面積相等的平面構成的正立方形物體。也稱為「立方體」。,數學-數學,,,數學-數學,數學-數學,正四角柱,tsiànn-sì-kak-thiāu
100532,正比,學上指兩個量互相對應的關係。當一數量增減若干倍時，另一數量也隨之增減同樣倍數，此兩數量變化關係，即為正比。,,,數學-數學,數學-數學,數學-數學,正比,tsìng-pí
100533,正比例關係,學上指兩個量互相對應的關係。當一數量增減若干倍時，另一數量也隨之增減同樣倍數，此兩數量變化關係。,,,數學-數學,,,正比例關係,tsìng-pí-lē kuan-hē
100534,正多邊形,一個多邊形的各邊相等，且各內角也相等，這多邊形稱為「正多邊形」。也稱為「正多角形」。,數學-數學,,數學-數學,數學-數學,數學-數學,正多邊形,tsiànn-to-pinn-hîng
100535,正書,一種漢字書體。由隸書演變而來。,,,語文-國語文,語文-國語文,,正楷 真書,tsiànn-khái tsin-su
100536,正極,電池兩極中產生正電的一極。為進電路，電位較負極高。也稱為「陽極」。,,自然科學-自然科學,,自然科學-理化,自然科學-化學,正極,tsiànn-ki̍k
100537,母親節,國際上為崇揚母愛的偉大所定的節日。西元1919年由美國加維斯女士發起，意在安慰歐戰中陣亡將士的妻母，後遂定每年五月的第二個星期日為「母親節」。,,社會-社會,,,,母親節,Bú-tshin-tseh Bó-tshin-tseh Bió-tshin-tseh Bóo-tshin-tseh
100538,母體,1.孕育幼兒的人或雌性動物的身體。 2.泛指可分化出子體的本體。,,,自然科學-自然科學,自然科學-生物,,母體,bú-thé bó-thé
100539,民主社會,由人民統治國家，即人民做主，主權在民。,,,,社會-公民與社會,社會-公民與社會,民主社會,bîn-tsú siā-huē
100540,民主政治,國家主權屬於全體人民所有，政府依據民意施政，人民行使選舉、罷免、創制、複決四種民權，以控制政府政策及官員的政治制度。,,,社會-社會,社會-公民與社會,,民主政治,bîn-tsú tsìng-tī
100541,民生用水,係指民生、公共及商業等一般日常活動之用水。,,,社會-社會,社會-地理,,民生用水,bîn-sing iōng-tsuí
100542,民俗,民間傳統的風俗習慣。,,社會-社會,,社會-歷史,,民俗,bîn-sio̍k
100543,民俗技藝,為民俗文化的重要組成部分，是規範行為的準繩及維繫群體團結的黏合劑，在世世代代錘煉和傳承的文化傳統，於民俗中凝聚著民族的性格、精神、文化創造。,,社會-社會,健康與體育-健康與體育,,,民俗技藝,bîn-sio̍k ki-gē
100544,民俗活動,具民間傳統的風俗習慣所採取之過程行動。,,社會-社會,,社會-歷史,社會-歷史,民俗活動,bîn-sio̍k ua̍h-tāng bîn-sio̍k ua̍h-tōng
100545,民俗藝品,特定群體的文化下所生的美術、工藝等創作成品。,,社會-社會,,,,民俗藝品,bîn-sio̍k gē-phín
100546,民間信仰,社會大眾所信仰的宗教，通常較不具系統性教義與儀式，如媽祖信仰、王爺信仰、社神信仰等，同時也包括占卜、咒術等活動。,,,社會-社會,,社會-歷史 社會-地理,民間信仰,bîn-kan sìn-gióng
100547,民間組織,廣義的民間組織是指除黨政機關、企事業單位以外的社會中介性組織。通常所說的民間組織，是對社會團體、民辦非企業單位和基金會的總稱。,,社會-社會,社會-社會,,,民間組織,bîn-kan tsoo-tsit
100548,民間團體,民眾因某種目的而結合的社團。,,社會-社會,社會-社會,社會-公民與社會,,民間團體,bîn-kan thuân-thé
100549,民意代表,於立憲國家，由國民選出代議政事的人。可分為中央民意代表，如立法委員；及地方民意代表，如縣市議員等。縮稱為「民代」。,,社會-社會,社會-社會,社會-歷史 社會-公民與社會,社會-歷史 社會-公民與社會,民意代表,bîn-ì tāi-piáu
100550,民意機關,代表人民心意的機構，由人民選舉出來的民意代表組成。如立法院、縣市議會等。,,,社會-社會,社會-公民與社會,社會-公民與社會,民意機關,bîn-ì ki-kuan
100551,民歌,1.民謠。 2.民間創作並在民間流傳的詩歌、曲子等。,,,藝術-藝術,藝術-音樂,,民歌,bîn-kua
100552,民變,人民對統治者的反抗運動。,,,社會-社會,社會-歷史,社會-歷史,民變,bîn-piàn
100553,永續經營,使事業能長久而持續營運的經營方式。,,,自然科學-自然科學,,,永續經營,íng-sio̍k king-îng
100554,永續環境,指在保護環境的條件下既滿足當代人的需求，又以不損害後代人的需求為前瞻的發展模式。,,自然科學-自然科學,,自然科學-理化,,永續環境,íng-sio̍k khuân-kíng
100555,玉山,"山名。臺灣最高峰，高3,952公尺，位於臺灣中部的嘉義、南投、高雄三縣交界處，在北回歸線以北、嘉義市正東。冬季經常積雪，所以稱為「玉山」，日治時代稱為「新高山」。",,,社會-社會,社會-地理,,玉山,Gio̍k-suann Gio̍k-san
100556,玉山山脈,為臺灣五大山脈之一。位於南臺灣，北起南投縣水里鄉濁水溪南岸，南抵高雄市的六龜區十八羅漢山附近，長約180公里，是臺灣五大山脈中最短者。玉山山脈的東側為中央山脈南端，兩者隔荖濃溪為界；西側則隔著旗山溪，與阿里山山脈為鄰。,,,社會-社會,社會-地理,,玉山山脈,Gio̍k-suann Suann-me̍h Gio̍k-suann Suann-be̍h Gio̍k-san Suann-me̍h Gio̍k-san Suann-be̍h
100557,玉山主峰,"海拔3,952公尺，是臺灣第一高峰。",,,社會-社會,社會-地理,,玉山主峰,Gio̍k-suann Tsú-hong Gio̍k-san Tsú-hong
100558,生字,不熟識的字。,語文-國語文,語文-國語文,語文-國語文,,,生字,sing-jī tshenn-jī senn-jī
100559,生字表,紀錄不熟識的字的表格。,語文-國語文,語文-國語文,語文-國語文,,,生字表,sing-jī-pió tshenn-jī-pió senn-jī-pió
100560,生存權,在物質及精神上享有合乎尊嚴之生活的權利。,,,社會-社會,社會-公民與社會,,生存權,sing-tsûn-khuân sing-tsûn-kuân
100561,生命,生物生存的壽命。,,,自然科學-自然科學,自然科學-生物,,性命,sènn-miā
100562,生命禮俗,基於一種對生命的尊重，由於生命的生成，不是簡單而輕易的，所以應該對它寄以適度的尊童，因此在生命的過程中，每一個重要的階段，人們都鄭重其事的設定一些禮俗來處理，出生有處理出生命的迎接，對為人父母者的慰勞，對婚嫁者的祝賀，甚至對結束生命者的敬童與懷念。,,,社會-社會,,,性命禮俗,sènn-miā lé-sio̍k
100563,生物,泛指一切有生命的物體。,,自然科學-自然科學,,自然科學-生物,自然科學-生物,生物,sing-bu̍t
100564,生物多樣性,生物多樣性是生命變化的程度。這可以是指在一個區域、生物群系或行星範圍之內的基因變化、物種變化或生態系變化。,,自然科學-自然科學,,,自然科學-生物,生物多樣性,sing-bu̍t to-iūnn-sìng
100565,生物科技,利用生物科學為基礎，對於生物細胞、基因、染色體等作研究，進而運用於遺傳、疾病、醫療等領域的科技總稱。縮稱為「生技」。,,,社會-社會,社會-地理,,生物科技,sing-bu̍t kho-ki
100566,生物資源,生物資源是自然資源的有機組成部分，是指生物圈中對人類具有一定經濟價值的動物、植物、微生物等有機體以及由它們所組成的生物群落。,,社會-社會,社會-社會,,,生物資源,sing-bu̍t tsu-guân
100567,生長,發育成長。,社會-生活課程 自然科學-生活課程 藝術-生活課程 綜合活動-生活課程 健康與體育-健康與體育,綜合活動-綜合活動 自然科學-自然科學 健康與體育-健康與體育,綜合活動-綜合活動,自然科學-生物 健康與體育-健康教育,自然科學-生物,生長,sing-tióng
100568,生長環境,泛指一物體發育成長之周圍地方的狀況。,,自然科學-自然科學,,自然科學-生物,,成長環境,sîng-tióng khuân-kíng
100569,生活,1.生存。 2.泛指一切飲食起居等方面的情況、境遇。,社會-生活課程 自然科學-生活課程 藝術-生活課程 綜合活動-生活課程,社會-社會 綜合活動-綜合活動 健康與體育-健康與體育,社會-社會 綜合活動-綜合活動,社會-地理 社會-歷史 社會-公民與社會 健康與體育-健康教育,,生活,sing-ua̍h
100570,生活方式,過日子的方式。,,社會-社會,社會-社會,社會-地理 社會-歷史 社會-公民與社會,社會-地理 社會-歷史 社會-公民與社會,生活方式,sing-ua̍h hong-sik
100571,生活器物,平日所使用各種器具的總稱。,,社會-社會,,社會-歷史,,生活器物,sing-ua̍h khì-bu̍t
100572,生殖,動植物成長後，產生子體，繁殖後代，稱為「生殖」。可分為有性生殖與無性生殖兩種。,,自然科學-自然科學,自然科學-自然科學,自然科學-生物,自然科學-生物,生湠,senn-thuànn
100573,生殖器官,生物體用來繁殖後代的生殖構造。雄性的生殖器官為精囊、輸精管、睪丸、陰莖等，雌性則為卵巢、輸卵管、子宮、陰道等。,健康與體育-健康與體育,,健康與體育-健康與體育,,,生殖器官,sing-si̍t khì-kuan
100574,生態,生物圈內的生物，不論是同種或異種，彼此間都會相互影響；生物和他所生活的環境間，也會發生相互作用，這些現象稱為「生態」。,,,社會-社會,社會-地理,社會-地理,生態,sing-thài
100575,生態保育,主要是以生態學的觀點出發，結合其它學門的技術已進行對於生態系統的維繫，「保育」二字其實包含 「保護」與「復育」這兩個內涵，前者是針對生物物種與其棲息地的保存與維護，而後者則是針對瀕危生物的育種、繁殖與對退化生態系統的恢復、改良和重建工作。,,社會-社會,社會-社會,社會-地理,,生態保育,sing-thài pó-io̍k
100576,生態資源,在人類生態系統中，一切被生物和人類的生存、繁衍和發展所利用的物質、能量、資訊、時間和空間，都可以視為生物和人類的生態資源。,,社會-社會,,,,生態資源,sing-thài tsu-guân
100577,生態環境,地球上的各種生物彼此會相互影響，而生物和環境之間也會發生相互作用，這些現象所構成的環境即稱為「生態環境」。,,社會-社會,社會-社會,社會-地理,,生態環境,sing-thài khuân-kíng
100578,生質能發電,是利用垃圾或動物排泄物所生成的沼氣來發電，主要是以內燃機的方式帶動發電機。,,自然科學-自然科學,,自然科學-理化,,生質能發電,sing-tsit-lîng huat-tiān
100579,生鏽,指金屬和空氣中的氧，所產生氧化後的一種變化。,,,自然科學-自然科學,自然科學-理化,自然科學-化學,生鉎,senn-sian
100580,用字遣詞,運用字詞以寫作文章。,,,語文-國語文,語文-國語文,,用字遣詞,iōng-jī-khián-sû
100581,甲午戰爭,清朝光緒20年（西元1894），歲次甲午，朝鮮發生東學黨之亂，日本趁機進占漢城，擊沉中國運兵船，並攻擊清廷牙山駐軍。7月1日中、日兩國正式宣戰，後清廷戰敗，簽訂馬關條約。此次戰役，史稱為「甲午戰爭」。,,,社會-社會,社會-歷史,,甲午戰爭,Kah-gōo Tsiàn-tsing Kah-ngóo Tsiàn-tsing
100582,白色恐怖,政治學上原指1918至1920年間武裝對抗俄國布爾什維克奪權的活動。後來引申用以誣衊一切強烈反對共產黨的行為。,,,,社會-歷史,社會-歷史,白色恐怖,Pe̍h-sik khióng-pòo
100583,白話文,以口語為基礎的書面語言。相對於文言文而言。為現今最普遍使用的文體。,,語文-國語文,語文-國語文,語文-國語文,語文-國語文,白話文,pe̍h-uē-bûn
100584,白話詩,詩體名。中國近代流行的一種詩體，流行於五四運動後，其特色除以白話為主外，也不遵守平仄、協韻的格律，完全不同於古時作詩的體例規則。頗為自由、活潑。也稱為「現代詩」、「新詩」。,,,語文-國語文,語文-國語文,語文-國語文,白話詩,pe̍h-uē-si
100585,皮影戲,以紙或皮製成人物剪影，借燈光投影在布幕上來表演故事的戲劇。表演時用木板搭起一平臺做為影臺，臺上掛起布幕做為影窗，利用燈光將剪影投射在布幕上，藝人一邊操縱剪影，一邊配合音樂說唱。,,藝術-藝術,,藝術-表演藝術,,皮猴戲 皮戲,phuê-kâu-hì phuê-hì
100586,目次,書刊的目錄。,語文-國語文,語文-國語文,語文-國語文,語文-國語文,語文-國語文,目次 目錄,bo̍k-tshù bo̍k-lo̍k bo̍k-lio̍k
100587,石灰水,將石灰溶於水中所得透明的液體，為氫氧化鈣飽和水溶液。將二氧化碳通入石灰水溶液中，會形成白色混濁的碳酸鈣，故石灰水可用來檢測二氧化碳。,,自然科學-自然科學,,自然科學-理化,自然科學-化學,石灰水,tsio̍h-hue-tsuí
100588,石灰岩,一種沉積岩。化學成分為碳酸鈣，主要礦物為方解石。由溶於水中的碳酸鈣沉澱或有機物堆積而成。因含有矽、泥、砂、白雲石、有氧化鐵等不同雜質，故有灰、黑、微褐、藍黑、淡綠、淺紅等色。硬度不大，易溶蝕，在其發育地區常形成石林、洞穴等。可用來燒製石灰、水泥或用作橡膠、油漆等的填充料，亦可用作建築石料。,,,自然科學-自然科學,,自然科學-地球科學,石灰岩  灰石,tsio̍h-hue-gâm tsio̍h-hue-giâm hue-tsio̍h
100589,石油,主要是指由地底產出的天然原油。從油井中得到的主含碳氫化合物的原油，為黑色黏滯性大的液體。是指從油井中所得到的黑色黏稠液體，主要成分為碳氫化合物的混合物。經分餾後，可得到石油氣、汽油、煤油、柴油、滑潤油、石蠟等及殘渣的瀝青。可作為石油化學工業的原料。,,自然科學-自然科學,,,,石油,tsio̍h-iû
100590,石英,由二氧化矽所組成的造岩礦物。分為低溫石英和高溫石英二種，又可分結晶質、隱晶質和碎屑性三大類。一般為無色或白色，因含雜質而呈各種顏色，如水晶、乳石英、紫水晶等。可作飾物、磨料及玻璃等工業原料。,,,自然科學-自然科學,自然科學-理化,自然科學-化學,石英,tsio̍h-ing
100591,石獅子,石雕的獅子。常置於宮殿、衙署、陵墓及橋梁等建築物前。,,,藝術-藝術,,,石獅,tsio̍h-sai
100592,石膏,化學式CaSO4‧2H2O。一種無機化合物，即二水合硫酸鈣。晶體呈原板狀，少數呈柱狀。一般為白色，有時因含雜質而染成紅、灰、褐等色。可用以塑模、製造水泥及肥料之用。也稱為「生石膏」。,,,自然科學-自然科學,自然科學-理化,自然科學-地球科學,石膏,tsio̍h-ko
100593,石墨,一種由碳組成的礦物。主要由煤層或含瀝青質、碳質的沉積岩經變質作用而形成。晶體呈六方板狀或片狀，集合體常呈鱗片狀。色暗黑，條痕黑色，半金屬光澤，不透明，易汙手，具滑感。熔點高，化學性質穩定。是電的良導體。多用來製造高溫坩堝、電極、電刷、滑潤劑、鉛筆芯和塗料等。,,,自然科學-自然科學,自然科學-理化,自然科學-化學,石墨,tsio̍h-ba̍k
100594,石器時期,指人們以石頭作為工具使用的時代，大致可分為舊石器時代，中石器時代和新石器時代三個時代。,,,社會-社會,,,石器時期,Tsio̍h-khì Sî-kî
100595,石蕊試紙,將濾紙片浸於石蕊的酒精溶液中，乾燥後所製成的酸鹼指示劑試紙。分為藍色及紅色兩種。鹼性溶液可將紅色石蕊試紙變成藍色；酸性溶液可將藍色石蕊試紙變為紅色。,,,自然科學-自然科學,自然科學-理化,自然科學-化學,石蕊試紙,tsio̍h-luí-tshì-tsuá
100596,立方公分（cm³）,量詞。計算體積的單位。邊長1公分的正方體，體積就是1立方公分。,,數學-數學,,,,立方公分,li̍p-hong kong-hun
100597,立方公尺（m³）,量詞。計算體積的單位。邊長1公尺的正方體，體積就是1立方公尺。,,,數學-數學,,,立方公尺,li̍p-hong kong-tshioh
100598,立法,制定法律。,,,社會-社會,社會-歷史 社會-公民與社會,社會-公民與社會,立法,li̍p-huat
100599,立法院,由民選的立法委員組成，根據《憲法》為全國最高立法機關，代表人民行使立法權與憲法賦予的權限,,,社會-社會,社會-公民與社會,社會-公民與社會,立法院,Li̍p-huat-īnn
100600,立法機關,制定法律的機關。如立法院為我國最高立法機關。,,,社會-社會,社會-公民與社會,社會-公民與社會,立法機關,li̍p-huat ki-kuan
100601,立意,確立作品的思想、主題。,,語文-國語文,語文-國語文,語文-國語文,語文-國語文,立意,li̍p-ì
100602,立體形體,數學上指以面為界，有長、寬、厚，在空間占有一定位置的物體。,數學-數學,,,,,立體形體,li̍p-thé hîng-thé
100603,交叉步,交叉步是指籃球、乒乓球、羽毛球運動中的步法之一，該步法移動範圍最大，便於發力進攻，需要上下肢、腰和髖等部位協調配合，體能損耗適中。,健康與體育-健康與體育,,健康與體育-健康與體育,健康與體育-體育,,交叉步,kau-tshe-pōo
100604,交配,動、植物雌雄兩性個體交合或行人工受精，以利配子授精。,,,自然科學-自然科學,自然科學-生物,自然科學-生物,交配 拍種,kau-phuè phah-tsíng
100605,交通,汽車、船舶、飛機等各種運輸工具在陸地、水上或空中的往來。亦指信函、電報等來往。,健康與體育-健康與體育,社會-社會,社會-社會,社會-歷史 社會-地理,,交通,kau-thong
100606,交通工具,汽車、飛機、船舶等各種運輸用的工具。,,社會-社會,社會-社會,社會-歷史 社會-地理,社會-地理,交通工具,kau-thong-kang-kū kau-thong-kang-khū
100607,交通運輸,利用交通工具，將人或物由一地運送到另一地，有海、陸、空等不同途徑。現代化的交通運輸方式主要有鐵路運輸、公路運輸、水路運輸、航空運輸和通路運輸。,,社會-社會,社會-社會,社會-歷史 社會-地理,社會-地理,交通運輸,kau-thong ūn-su
100608,交通運輸網,由以運送人或物品作為目的的交通工具所建構而成的網路。,,社會-社會,社會-社會,,,交通運輸網,kau-thong ūn-su-bāng
100609,交響曲,管弦樂器合奏的樂曲。其基礎為奧國音樂家海頓所奠立，莫札特、貝多芬逐漸建立完成。通常由四個樂章組成。也稱為「交響樂」。,,藝術-藝術,,藝術-音樂,藝術-音樂,交響曲,kau-hióng-khik kau-hiáng-khik
100610,交響樂團,為大型管弦樂團的通稱，有的樂團則稱為愛樂樂團（philharmonic orchestra）。基本上由弦樂器、木管樂器、銅管樂器、擊樂器等組成的大規模的器樂演奏團體，人數約70-100人左右。,,藝術-藝術,,藝術-音樂,藝術-音樂,交響樂團,kau-hióng-ga̍k-thuân kau-hiáng-ga̍k-thuân
100611,仰角,指人眼睛所在的水平線，與向上觀物的視線所夾成的角。,,自然科學-自然科學,自然科學-自然科學,自然科學-理化,自然科學-地球科學,仰角,gióng-kak
100612,仰角觀測器,用來觀測太陽或月亮的器具。由於月亮與地面的高度無法測量，可以假設將眼睛與月亮連成一直線，再以這條直線和地平面所形成的夾角（仰角）來表示太陽或月亮的高低位置。,,自然科學-自然科學,,自然科學-地球科學,,仰角觀測器,gióng-kak kuan-tshik-khì
100613,伊斯蘭教,西元七世紀初阿拉伯人穆罕默德所創立的宗教。,,,社會-社會,社會-歷史 社會-地理,社會-歷史,伊斯蘭教,I-su-lân-kàu
100614,伐木業,凡從事木竹之砍伐、剝皮、切斷等初步處理，生產幹 木、圓段、粗劈材等，以及利用索道、溜槽、溪流等 集運材木之行業均屬之。,,,社會-社會,,,伐木業,hua̍t-bo̍k-gia̍p
100615,休止符,五線譜中表示音樂停頓時間長度的符號。,,藝術-藝術,,藝術-音樂,藝術-音樂,休止符,hiu-tsí-hû
100616,休閒活動,休息閒暇時的活動。,健康與體育-健康與體育,社會-社會,社會-社會,社會-地理 健康與體育-健康教育,社會-歷史,休閒活動,hiu-hân ua̍h-tāng hiu-hân ua̍h-tōng
100617,休閒運動,在休閒活動中引入運動的觀念，則能達到健身的目的。,健康與體育-健康與體育,,健康與體育-健康與體育,,,休閒運動,hiu-hân ūn-tōng
100618,休閒觀光產業,規劃一國的風景名勝、古蹟、文物等，並配合完善的交通、餐館、旅館等設施，以服務為主的事業。,,,社會-社會,,,休閒觀光產業,hiu-hân kuan-kong sán-gia̍p
100619,兆位,記錄幾個兆的位置。,,數學-數學,數學-數學,,,兆位,tiāu-uī
100620,先民,1.稱古之賢者。 2.古人。,,社會-社會,社會-社會,社會-歷史,,先民,sian-bîn
100621,先後,前後。,數學-數學,,,,,先後,sian-hiō sian-hōo
100622,先後順序,前後次序。,語文-國語文,語文-國語文,語文-國語文,,,前後順序,tsiân-āu sūn-sī tsiân-āu sūn-sū
100623,光,能由視覺器官接收，使人察覺物體存在的電磁輻射。,社會-生活課程 自然科學-生活課程 藝術-生活課程 綜合活動-生活課程,,綜合活動-綜合活動,自然科學-理化,自然科學-物理,光,kng
100624,光害,因地面的大量燈光照到上空，形成一面光幕，嚴重影響天文觀測及研究。也稱為「光汙染」。,,自然科學-自然科學,,自然科學-理化,,光害,kong-hāi kng-hāi
100625,光圈,裝在攝影機、照相機鏡頭的內部，可改變進光孔大小，以控制光線進入鏡頭的多寡，並有調節景深、減少光差等作用。,,自然科學-自然科學,,自然科學-理化,,光圈,kng-khuan
100626,光源,能發出光波的物體。如太陽、日光燈等。,,自然科學-自然科學,,自然科學-理化,自然科學-物理,光源,kng-guân
100627,光線,光。因光在同一介質中行進的途徑為直線，故稱為「光線」。,,自然科學-自然科學,,自然科學-理化,,光線,kng-suànn
100628,全音,在平均律音階體系中，一個八度內分十二個半音。相鄰的兩個音之間最小的距離叫半音，兩個半音距離構成一個全音。為英語whole tone的意譯。,,藝術-藝術,,藝術-音樂,,全音,tsuân-im
100629,全球定位系統,利用衛星定位儀接收太空中的導航衛星的無線電訊號，以確定地理位置的系統。定位精度高於傳統使用的三角測量精度。通稱為「GPS系統」。,,,社會-社會,社會-地理,社會-地理,全球定位系統,tsuân-kiû tīng-uī hē-thóng
100630,全球性,指當前我們生活的世界社會已超越國家和地區的界限。,,,社會-社會,,,全球性,tsuân-kiû-sìng
100631,全等（≅）,兩圖形的對應邊、對應角都相等，則兩圖形稱為「全等」。通常用符號「≅」表示。,,數學-數學,,,,完全相仝  全等,uân-tsuân sio-kāng uân-tsuân sio-kâng tsuân-tíng
100632,全等三角形,兩個可以完全重合的三角形，形狀和大小完全相同。,數學-數學,,,數學-數學,,全等三角形,tsuân-tíng sann-kak-hîng
100633,全等圖形,可以完全重合的圖形，形狀和大小完全相同。,,數學-數學,,數學-數學,,全等圖形,tsuân-tíng tôo-hîng
100634,全穀根莖類,主要提供醣類及一部份蛋白質。若選擇全榖類，則含維生素B群及豐富纖維素。米飯、麵食、麵條、麵包、饅頭等。每人每天1.5至4碗，因每個人體型及活動量不同，所需熱量也不一樣，故可依個人的需要量增減。,,,健康與體育-健康與體育,健康與體育-健康教育,,全穀根莖類,tsuân-kok kin-king-luī
100635,共同創作,多人一起創建製作的方式。,,藝術-藝術,,,,共同創作,kiōng-tông tshòng-tsok
100636,冰,水在攝氏零度以下所凝結成的固體。,,自然科學-自然科學,,自然科學-理化,自然科學-物理,冰,ping
100637,冰晶,氣溫在攝氏零度以下時，空氣中的水蒸氣凝結而成的結晶狀微小顆粒，需在顯微鏡下才能辨視，具有六角柱、六角片、樹枝狀和針狀等各種形狀。,,自然科學-自然科學,,自然科學-地球科學,自然科學-地球科學,冰晶,ping-tsing
100638,冰塊,水在攝氏零度或零度以下的低溫所凝結而成的半透明塊狀固體。,,自然科學-自然科學,,自然科學-理化,,冰角,ping-kak
100639,冰雕,用冰塊雕刻成各種物體形象的作品。,,,藝術-藝術,,,冰雕,ping-tiau
100640,印度洋,世界五大洋之一。介於亞洲、澳洲、非洲、南極洲之間，當印度之南，面積次於太平洋和大西洋。,,,社會-社會,社會-地理,,印度洋,Ìn-tōo-iûnn
100641,印度教,印度的多神教，為變革的婆羅門教。西元5、6世紀時，因反對佛教而興起。,,,社會-社會,社會-歷史,,印度教,Ìn-tōo-kàu͘
100642,印度數字,是一系列的十進位進位制的記數系統，起源於9世紀的印度。,,,社會-社會,,,印度數字,Ìn-tōo sòo-jī
100643,印澳板塊,印度—澳洲板塊包含了澳洲大陸及周圍海域，並向西北延伸，涵蓋印度次大陸與附近水域。,,,社會-社會,,社會-地理,印澳板塊,Ìn-Ò Pán-khuài
100644,合,量詞。計算容量的單位。1升的十分之一。也稱為「公合」。,數學-數學,,,,,合,kap
100645,合成,由部分結合成整體。,數學-數學,,,,,合成,ha̍p-sîng
100646,合併段意法,為一種尋找課文大意的方法。先找出各段段意，修飾重複的部分，再連結起來。,,語文-國語文,,,,合併段意法,ha̍p-pìng tuānn-ì-huat
100647,合金,由二種或二種以上的元素，其中至少一種為金屬元素所組成的物質，稱為「合金」。,,,自然科學-自然科學,自然科學-理化,自然科學-化學,合金,ha̍p-kim
100648,合唱,1.將若干人分成幾個聲部，同時演唱的多聲部曲調。如按音色分，則有童聲合唱、女聲合唱、男聲合唱和混聲合唱四種。如按聲部分，則可分為二部合唱、三部合唱、四部合唱等。 2.許多人齊聲歌唱。,,藝術-藝術,,藝術-音樂,藝術-音樂,合唱,ha̍p-tshiùnn
100649,合唱交響曲,貝多芬作品d小調第九（合唱）交響曲，末樂章的合唱根據席勒的《歡樂頌》寫成，作品第125號。這部交響樂是貝多芬一生音樂創作生涯的最高峰，它構思廣闊，思想深刻，在體裁上創造性地加入了合唱隊和獨唱、重唱，與交響樂隊一起構成一部英雄史詩般的頌歌。全曲長一個多小時。,,藝術-藝術,,藝術-音樂,,合唱交響曲,ha̍p-tshiùnn kau-hióng-khik ha̍p-tshiùnn kau-hiáng-khik
100650,合唱團,1.由若干人分成幾個聲部所組成的演唱團體。以演唱多聲部的曲調為主。 2.由若干人組成的小型樂團。通常有一位主唱，其他團員則負責和音與演奏樂器等。,,藝術-藝術,,藝術-音樂,,合唱團,ha̍p-tshiùnn-thuânn
100651,合數,一個大於1的整數，除了1和它自己以外，還有別的因數時，叫做「合數」。,數學-數學,,數學-數學,數學-數學,,合數,ha̍p-sòo
100652,合體字,由兩個或兩個以上的單個字組成的漢字。,,,語文-國語文,語文-國語文,,合體字,ha̍p-thé-jī
100653,同心協力,團結一致，共同努力。,,,藝術-藝術,,,和齊 同心協力,hô-tsê tông-sim-hia̍p-li̍k
100654,同形同音詞,詞形和讀音都相同的字。,,語文-國語文,,,,同形同音詞 仝形音詞,tông-hîng-tông-im-sû kāng-hîng-im-sû kâng-hîng-im-sû
100655,同音字,指讀音相同，其字形、字義都不同的字。,,語文-國語文,,,,同音字 仝音字,tông-im-jī kāng-im-jī kâng-im-jī
100656,同音詞,發音相同，意義不同的語詞。也稱為「同音異義詞」。,,語文-國語文,,,,同音詞 仝音詞,tông-im-sû kāng-im-sû kâng-im-sû
100657,同極相斥,當相同的磁極相互靠近所產生排斥現象。,,自然科學-自然科學,,自然科學-理化,,同極相斥,tông-ki̍k sio-thik
100658,同樂會,有娛樂節目表演的集會。,社會-生活課程 自然科學-生活課程 藝術-生活課程 綜合活動-生活課程,社會-社會 綜合活動-綜合活動 健康與體育-健康與體育,,,,同樂會,tông-lo̍k-huē
100659,同學,同師受業的人。,社會-生活課程 自然科學-生活課程 藝術-生活課程 綜合活動-生活課程 健康與體育-健康與體育,社會-社會 綜合活動-綜合活動 健康與體育-健康與體育,綜合活動-綜合活動 健康與體育-健康與體育,,,同學    仝班的 同窗,tông-ha̍k tông-o̍h tâng-ha̍k tâng-o̍h kāng-pan--ê tông-tshong
100660,同類詞,指以頓號分開的詞語，為相同性質的詞句。,語文-國語文,語文-國語文,,語文-國語文,,同類詞,tông-luī-sû
100661,名字,1.姓與名。 2.人的稱號，不包含姓氏。,社會-生活課程 自然科學-生活課程 藝術-生活課程 綜合活動-生活課程 健康與體育-健康與體育,社會-社會,,,,名字 名,miâ-jī miâ
100662,名言,有價值、著名的言論。,,語文-國語文,語文-國語文,語文-國語文,,名言 金言玉語,bîng-giân kim-giân-gio̍k-gí
100663,名言佳句,有價值、著名的言論和美妙的語句。,,語文-國語文,語文-國語文,語文-國語文,,名言佳句,bîng-giân-ka-kù
100664,名勝古蹟,風景優美、保有古文物遺蹟的地方。,,社會-社會,,,,名勝古蹟,bîng-sìng kóo-tsik
100665,名詞,表示人、地、事、物等名稱的詞。如人名、地名、書名、動植物名等均是。,語文-國語文,語文-國語文,語文-國語文,語文-國語文,,名詞,bîng-sû miâ-sû
100666,因果句,說明事物間因果關係的句子。,,,語文-國語文,,,因果句,in-kó-kù
100667,因數,若一整數能除盡另一整數，則前者稱為後者的因數。,數學-數學,,數學-數學,數學-數學,數學-數學,因數,in-sòo
100668,圭表,測量日影的器具。圭是平臥的尺，表是直立的標竿。,,,自然科學-自然科學,自然科學-理化,自然科學-地球科學,圭表,kui-pió
100669,地下莖,植物生長在地面下的莖，外觀與根相似，但具有明顯的節部，節上能長出芽和不定根。,,自然科學-自然科學,,自然科學-生物,,地下莖,tē-hā-king
100670,地方民間信仰,臺灣的宗教之一，往往融合了佛教與道教的內涵。,,,社會-社會,,,地方民間信仰,tē-hng bîn-kan sìn-gióng tē-hong bîn-kan sìn-gióng
100671,地方自治,由各地方公民選舉代表，受中央政府監督，自行辦理本地方公共事務的政治制度。以縣、市為單位，逐漸擴及至省，其中心工作為清戶口、立機關、定地價、修道路、墾荒地、設學校。,,,社會-社會,社會-歷史 社會-公民與社會,社會-歷史 社會-公民與社會,地方自治,tē-hng tsū-tī tē-hong tsū-tī
100672,地方政府,國家各行政區域的政府。對中央政府而言。,,,社會-社會,社會-公民與社會,社會-公民與社會,地方政府,tē-hng tsìng-hú té-hong tsìng-hú
100673,地平面,1.指大地的水平面。 2.天文學上的地平面指的是與地球半徑成直角的平面。,,自然科學-自然科學,,,,地平面,tē-pîng-bīn
100674,地平線,向水平的方向望去，大海或陸地與天空連成一條線，此線稱為「地平線」。,,自然科學-自然科學,,,,地平線,tē-pîng-suànn
100675,地址,居住或通信的地點。,,社會-社會,,,,地址,tē-tsí
100676,地形,地表的起伏、形狀、輪廓等特徵。,,社會-社會,社會-社會,社會-地理,社會-地理,地形,tē-hîng
100677,地形景觀,由地表的地理現象所組成，如地貌的起伏、各種動植物的生態環境，以及人為環境的組成，提供人們各類活動及身心休養的環境資源。簡而言之，就是人類視覺所見到的一切景物。,,,自然科學-自然科學,,,地形景觀,tē-hîng kíng-kuan
100678,地表,地球的表面。包括平原、盆地、高山、湖泊、海洋等高低起伏的地形。,,,自然科學-自然科學,,自然科學-地球科學,地表,tē-piáu
100679,地面天氣圖,以海平面為基準，將地面觀測的氣象資料填在地圖上，包括：風向、風速、溫度、溼度、氣壓、天氣及雲量等。 可以用來提供判定與分析高氣壓、低氣壓、鋒面等天氣系統之依據。,,自然科學-自然科學,,,自然科學-地球科學,地面天氣圖,tē-bīn thinn-khì-tôo
100680,地球,行星名。距離太陽第三近的行星，有一顆衛星（月球）。最大的類地行星，人類與其他生物居住於此，是太陽系中最適合生命居住的天體，表面大部分由海洋覆蓋，有板塊活動。,,,自然科學-自然科學,自然科學-地球科學,自然科學-地球科學,地球,tē-kiû
100681,地球引力,一個物體放在地球表面上，物體與地球之的「萬有引力」就是這個物體所受的「地球引力」。,,自然科學-自然科學,,自然科學-地球科學,,地球引力,tē-kiû ín-li̍k
100682,地球自轉,地球自轉是固體的地球繞著自己的軸轉動，方向是由西向東。,,,自然科學-自然科學,,,地球自轉,tē-kiû tsū-tsuán
100683,地球村,由於交通便捷、資訊流通快速，縮短全世界的距離，使地球上人類相互往來密切、頻繁，就像同住在一個村落，因此稱為「地球村」。,,,社會-社會,,社會-公民與社會,地球村,tē-kiû-tshun tē-kiû-tshuan
100684,地球暖化,或稱全球變暖，指的是在一段時間中，地球的大氣和海洋因溫室效應而造成溫度上升的氣候變化，為公地悲劇之一，而其所造成的效應稱之為全球暖化效應。,,,社會-社會 健康與體育-健康與體育,社會-地理 健康與體育-健康教育,,地球暖化,tē-kiû luán-huà
100685,地球儀,地球的模型。裝在支架上，可以轉動，上面畫著海洋、陸地、河流、山脈、經緯線、各國地形、城市等。,,,社會-社會,社會-地理,社會-地理,地球儀,tē-kiû-gî
100686,地理位置,表示某地在地理上的位置。可分為絕對位置和相對位置；以經緯所定的位置稱為「絕對位置」；以距離、時間、方位等表示地表各地間相關位置的稱為「相對位置」。,,,社會-社會 健康與體育-健康與體育,社會-地理,社會-地理,地理位置,tē-lí uī-tì
100687,地理景觀,山川土地的環境外觀。一方面反映環境的本質，另一方面也表現出人類長期活動的成就，故稱為「地理景觀」。,,社會-社會,,,,地理景觀,tē-lí kíng-kuan
100688,地理環境,各種地理要素所構成的地表景觀。包括地形、氣候、水力、土壤、生物等自然地理因素，以及經濟、交通、聚落、人口、政治等人文地理因素。,,社會-社會,社會-社會,,,地理環境,tē-lí khuân-kíng
100689,地勢,地面高低起伏的形勢。,,,自然科學-自然科學,,,地勢,tē-sè
100690,地磁,指地球本身及其周圍大氣的磁性現象所形成的磁場。,,,自然科學-自然科學,自然科學-理化,,地磁,tē-tsû
100691,地層下陷,地表因地下水的抽取或地殼變動，而造成的向下陷落。,,社會-社會,,社會-地理,,地層下陷 地層坐落 地層陷落去,tē-tsân hā-hām tē-tsân tshē-lo̍h tē-tsân hām--lo̍h-khì
100692,地熱發電,地熱發電的基本原理乃利用源源不絕的地熱來加熱地下水，使其成為過熱蒸汽後，當作工作流體以推動渦輪機旋轉發電。,,,自然科學-自然科學,自然科學-理化,,地熱發電,tē-jia̍t huat-tiān
100693,地點,所在的地方。,語文-國語文,語文-國語文,語文-國語文,語文-國語文,,地點,tē-tiám
100694,多,數量大的。與「少」相對。,數學-數學,,,數學-數學,,濟,tsē
100695,多元,多種樣式、面向。,,社會-社會,社會-社會,社會-地理,社會-歷史 社會-地理 社會-公民與社會,多元,to-guân
100696,多元化,形式或規模呈現多種的樣式。,,社會-社會,,,,多元化,to-guân-huà
100697,多位小數,一個小數的小數點後有多個位值的小數。,數學-數學,,,,,多位小數,to uī sió-sòo
100698,多音字,一個字有多種讀音。大國文字原為一字一形體，一字音，一字義。後來，社會因時代的遞嬗，而越趨複雜，語言有了變化，起初的文字不敷應用，原字形也產生變化。其中，文字因不夠使用，或因地域不同，或因訛讀的影響，字音也有改變，一字多音就這樣發展起來，包括正讀與又讀、語音與讀音、歧音異義等三類字。,語文-國語文,語文-國語文,,,,多音字,to-im-jī
100699,多邊形,由三條或三條以上的直線所圍成的平面圖形。,數學-數學,,數學-數學,數學-數學,,多邊形,to-pinn-hîng
100700,好朋友,1.交情深的朋友。 2.女子月經來潮時的隱語。,健康與體育-健康與體育 社會-生活課程 自然科學-生活課程 藝術-生活課程 綜合活動-生活課程,社會-社會 健康與體育-健康與體育,綜合活動-綜合活動,,,好朋友,hó-pîng-iú
100701,好聽,聲音悅耳。,,藝術-藝術,,,,好聽,hó-thiann
100702,字,1.記錄語言的符號。 2.發出的字音。 3.本名以外另取的別號。,語文-國語文,語文-國語文,語文-國語文,語文-國語文,語文-國語文,字,jī
100703,字形,字的形體。,語文-國語文,語文-國語文,語文-國語文,語文-國語文,,字形,jī-hîng
100704,字例,以字為例。,,,語文-國語文,,,字例,jī-lē
100705,字典,以字為單位，按一定體例編次，並解釋文字音義形體，以備查檢的工具書。,語文-國語文,語文-國語文,語文-國語文,語文-國語文,,字典,jī-tián
100706,字音,字的讀音。,語文-國語文,語文-國語文,,語文-國語文,,字音,jī-im
100707,字音查字表,利用字音查找字的表格。,語文-國語文,,語文-國語文,,,查音表,tshâ-im-pió
100708,字詞,字與詞。,,語文-國語文,語文-國語文,語文-國語文,,字詞,jī-sû
100709,字義,字的意義。,,語文-國語文,語文-國語文,語文-國語文,,字義,jī-gī
100710,字體,1.文字的筆畫間架。 2.構造上符合共同原則，具有相同特點的一類文字。如金文、石鼓文、隸書、楷書等，各自成為一種字體。,語文-國語文,語文-國語文,語文-國語文,語文-國語文,,字體,jī-thé
100711,守門員,在球類運動中，負責防守球門的選手。,,,健康與體育-健康與體育,健康與體育-體育,,守門員,siú-mn̂g-uân
100712,安平古堡,臺灣重要古蹟。地點在今臺南市安平區國勝路二十八號。明天啟四年（西元1624年）荷蘭人自印尼爪哇運來建材，開始構建臺灣第一座城堡，至崇禎七年（西元1634年）才完成。原稱為「熱蘭遮城」，鄭成功定居此地，又稱為「王城」、「臺灣城」；清乾隆以後又稱為「赤崁城」。清同治十年（西元1871年），英軍來犯，城內軍火庫爆炸，死傷慘重，城牆毀壞。光緒六年（西元1880年），沈葆禎修「億載金城」時，曾利用此城的牆石，荒廢更甚。光緒二十二年（西元1896年），日本人將內城城基毀敗後改建海關宿舍，並加建了一個小城樓，四周圍上紅磚，成為一長方形高臺，即今古堡的樣子。在古堡前方仍存有一面高三丈餘的殘牆，正是原來熱蘭遮城的原蹟。現屬臺閩地區一級古蹟。,,,社會-社會,社會-歷史,,安平古堡 王城,An-pîng Kóo-pó Ông-siânn
100713,尖仔尾,位於臺南，為臺灣本島極西點。,,,社會-社會,,,尖仔尾,Tsiam-á-bué
100714,年,量詞。計算時間的單位。一年有12個月。,數學-數學,自然科學-自然科學,,,,年,nî
100715,成本,製造及銷售一種產品所需的費用。,,,社會-社會 數學-數學,社會-歷史 社會-地理 社會-公民與社會,數學-數學,成本,sîng-pún
100716,成正比,數學上指兩個量的互相順應，當數量a擴大（或縮小）若干倍時，另一個數量b也隨著擴大（或縮小）同樣的倍數。,,,數學-數學,數學-數學,,成正比,sîng tsìng-pí
100717,成年禮,一種認定人的生命已發展至成熟期，並賦予相對責任的儀式。相當於我國古代的「冠禮」。,,,社會-社會,,,成年禮 轉大人,sîng-liân-lé tńg-tuā-lâng
100718,成語,一種語言中簡短有力的固定詞組，可作為句子的成分。形式不一，以四言為主。一般而言都有出處來源，與引申的比喻義，而非單純使用字面上意思。,,語文-國語文,語文-國語文,語文-國語文,,成語,sîng-gí
100719,成蝶,蝴蝶一生中最精采的時期就是成蝶期，約有7天的生命期，可到處自由行動採花蜜，並可追逐心儀的對象，翩翩跳一段求偶舞蹈，完成傳宗接代。,,自然科學-自然科學,,自然科學-生物,,成蝶,sîng-tia̍p
100720,成蟲,昆蟲類的幼蟲，經過蛹的時期，蛻變成與母蟲同一形態，而能繁殖後代的成熟昆蟲。如蠶的成蟲是蛾，毛毛蟲的成蟲是蝴蝶，孑孓的成蟲是蚊子等。,,自然科學-自然科學,,自然科學-生物,,成蟲,sîng-thâng
100721,扣球,一種排球動作。球員利用收腹、躍起、振腕擊球以攻擊對方。多用於殺球時。,,,健康與體育-健康與體育,,,扣球,khàu-kiû
100722,收入,收進來的錢財。,,社會-社會,社會-社會,社會-歷史 社會-地理 社會-公民與社會,,收入,siu-ji̍p
100723,曲笛,曲笛又叫「班笛」、「市笛」或「紮線笛」，是一種用於南方崑曲等戲曲的伴奏的樂器，因盛產於蘇州，故又有「蘇笛 」之稱。,,藝術-藝術,,藝術-音樂,,蘇州𥰔仔,Soo-tsiu phín-á
100724,曲線,平滑彎曲的線段。,數學-數學,,,數學-數學,數學-數學,曲線,khiok-suànn
100725,曲調,樂曲的調子。,,藝術-藝術,,,,曲調,khik-tiāu
100726,汙染,1.沾染、弄髒 2.感染，因有害物質的傳播而造成危害。,,,自然科學-自然科學,,,汙染,u-jiám ù-jiám
100727,百分位,小數部分從小數點算起，右邊第二位叫做百分位，也可叫做小數第二位。,,數學-數學,,數學-數學,數學-數學,百分位,pah-hun-uī
100728,百分率（％）,以百分法表示兩數之間的比例關係。也稱為「百分比」。簡寫為％。,,,數學-數學,,,百分比 pha̋-siàn-tòo pha-siàn-tooh,pah-hun-pí pha̋-siàn-tòo pha-siàn-tooh
100729,百分數圓形圖,將圓周分為100等分，每一等分表示1％，根據資料的百分率，以圓形圖表示。,,數學-數學,,,,百分數圓形圖,pah-hun-sòo înn-hîng-tôo
100730,百位,整數的數位之一。,數學-數學,,,數學-數學,,百位,pah-uī
100731,百位數,十進記數法的基本位，在此位的數稱為「百位數」。,數學-數學,,,數學-數學,,百位數,pah uī sòo
100732,百位數字,十進記數法的基本位，在此位的數稱為「百位數字」。,數學-數學,,,,,百位數字,pah-uī sòo-jī
100733,百萬位,記錄幾個百萬的位置。,,數學-數學,,,,百萬位,pah-bān-uī
100734,百葉窗,一種用許多橫木板或塑膠片連綴組成的窗簾。可以調節角度或上下捲放，以利通風、遮蔽陽光。,,自然科學-自然科學,,自然科學-理化,,百葉窗  鱟百冊,pah-hio̍h-thang pah-ia̍p-thang hāu-peh-tsheh
100735,百葉箱,用以保護測定空氣溫度和溼度的儀器，使其不致直接受陽光、降水、凝結影響的木箱。須漆成白色，四週有百葉窗，使空氣流通。通常安置在離地數呎高的架上。,,自然科學-自然科學,,,,百葉箱,pah-hio̍h-siunn pah-ia̍p-siunn
100736,百億位,記錄幾個百億的位置。,,數學-數學,數學-數學,,,百億位,pah-ik-uī
100737,百數表,數學中幫助學生觀察數字規律的表格。,數學-數學,,,數學-數學,,百數表,pah sòo pió
100738,竹竿舞,一種舞蹈表演。由兩個表演者兩手各持竹竿的一端，配合音樂節奏左右來回開合，其他表演者以單腳在竹竿間跳躍，避免被夾到。,,,健康與體育-健康與體育,,,竹篙舞,tik-ko-bú
100739,米食,以大米為主食。,社會-生活課程 自然科學-生活課程 藝術-生活課程 綜合活動-生活課程,,社會-社會,,,米食,bí-si̍t
100740,羽化,昆蟲蛹化為成蟲，稱為「羽化」。,,自然科學-自然科學,,自然科學-生物,,羽化,ú-huà
100741,羽球,一種球類運動。由二人或四人在球網的兩邊各用網拍互擊一顆羽毛球，在一定的範圍內，擊球出界、球未能過網、球在己方落地，均失1分。男子單、雙打以一方滿15或21分為一局，女子單打以一方滿11分為一局，比賽採三局兩勝制。,健康與體育-健康與體育,,綜合活動-綜合活動 健康與體育-健康與體育,健康與體育-體育,,羽毛球,ú-môo-kiû
100742,羽調式,樂曲的起調或結束，以羽音為主音的調式稱為「羽調式」。 ,,,藝術-藝術,,,羽調式,ú-tiāu-sik
100743,老年人口,對六十歲以上的老年人所做的人數統計。依估計，臺灣地區到西元2000年時，老年人口將占總人口的8%，總人數約195萬人，這已超過7%的老年人口水準。,,社會-社會,社會-社會,社會-地理,社會-地理,老年人口,ló-liân jîn-kháu lāu-liân jîn-kháu
100744,老年期,一般指生物的生命周期一個階段，即中年到死亡的一段時間。心理學上指60歲以上至生命終了的時期。,,健康與體育-健康與體育,,,,老年期,lāu-liân-kî ló-liân-kî
100745,老師,對傳授道業、學問或技藝者的尊稱。,社會-生活課程 自然科學-生活課程 藝術-生活課程 綜合活動-生活課程 健康與體育-健康與體育,社會-社會 綜合活動-綜合活動 健康與體育-健康與體育,綜合活動-綜合活動,,,老師 先生   先的,lāu-su sian-sinn sin-senn sian-senn sian--ê
100746,老街,古老的街道。,,社會-社會,社會-社會,,,舊街,kū-ke
100747,考試,出試題測驗考生學習程度或能力。,,,,社會-公民與社會,,考試,khó-tshì
100748,考試院,我國中央政府五院之一，為全國最高的考試機關。掌理公務人員的考試、銓敘、保障、撫卹、退休、任免、考綪、級俸、陞遷、褒獎等事項；分設考選、銓敘兩部及公務人員保障暨培訓委員會、公務人員退休撫卹基金監理委員會等。,,,社會-社會,社會-公民與社會,,考試院,Khó-tshì-īnn
100749,肉食動物,只吃肉類，而不食用植物的動物。,,自然科學-自然科學,,自然科學-生物,,肉食動物,jio̍k-si̍t tōng-bu̍t
100750,肌力,指肌肉對抗某種阻力時所發出力量，一般而言是指肌肉在一次收縮時所能產生的最大力量。,,健康與體育-健康與體育,健康與體育-健康與體育,健康與體育-健康教育,,肌力,ki-li̍k
100751,肌耐力,肌肉維持使用某種肌力時，能持續用力的時間或反覆次數。,,健康與體育-健康與體育,健康與體育-健康與體育,健康與體育-體育,,肌耐力,ki-nāi-li̍k
100752,自由貿易,自由貿易（Free Trade）是指國與國之間免關稅的貨物及服務流通，是全球化的主體。,,,社會-社會,社會-地理,,自由貿易,tsū-iû bōo-i̍k
100753,自由權,人民在法律範圍內有行為的自由，非依法律，不受國家干涉的權利。如居住遷徙的自由、信仰宗教的自由等。,,,社會-社會,,社會-公民與社會,自由權,tsū-iû-khuân tsū-iû-kuân
100754,自序,作者自述其生平或自道著作旨趣的文章。,,語文-國語文,,語文-國語文,,自序,tsū-sū tsū-sī
100755,自身彈力傳播,果實成熟時彈開種子，達成傳播種子的目的。,,自然科學-自然科學,,,,自身彈力傳播,tsū-sin tân-li̍k thuân-pòo tsū-sin tân-li̍k thuân-pò
100756,自來水,經過濾淨處理，以水管及其他設施導引，合於衛生的公共給水,,自然科學-自然科學,,,,水道水,tsuí-tō-tsuí
100757,自治活動,係指由特定群體組成自治組織，從事自我管理與發展活動。,,社會-社會,,,,自治活動,tsū-tī ua̍h-tāng tsū-tī ua̍h-tōng
100758,自治組織,實行民主政治，在各地方由選舉產生權力機構，管理地方事務的團體。,,,,社會-公民與社會,,自治組織,tsū-tī tsoo-tsit
100759,自然,1.天然生成的東西，如空氣、日光、山河等皆是。 2.非由人工製造而是渾然天成的。,,,自然科學-自然科學,,,自然,tsū-jiân
100760,自然保育,保護、繁育自然生態景觀和天然資源，免於人為的破壞。,,,自然科學-自然科學,自然科學-生物,,自然保育,tsū-jiân pó-io̍k
100761,自然保留區,為保留區域內的自然景觀，立法禁止改變或破壞原有形態的區域。在此區域內除學術與教育以外，未申請核准的任何參觀活動、開發、建築、漁獵、觀光行為都在禁止之列。,,,社會-社會,社會-地理,,自然保留區,tsū-jiân pó-liû-khu
100762,自然段,段落由一至數個句子所組成。每個段落的第一行，以空兩格來表示，稱為自然段。,語文-國語文,語文-國語文,,,,自然段,tsū-jiân-tuānn
100763,自然界,生物和非生物界的統稱。包括動、植、礦物三界。,,,自然科學-自然科學,自然科學-生物,,自然界,tsū-jiân-kài
100764,自然神明,把自然界的現象如日月、星辰、風雨雷電、山川土地、樹木石頭附以神靈。,,,社會-社會,,,自然神明,tsū-jiân sîn-bîng
100765,自然崇拜,把自然界的現象如日月、星辰、風雨雷電、山川土地、樹木石頭視為神靈加以崇拜。,,社會-社會,社會-社會,,社會-歷史,自然崇拜,tsū-jiân tsông-pài
100766,自然景觀,地表受各種自然環境因子所形成的景觀，如山脈、河流、森林、草原等。,,社會-社會,社會-社會,社會-地理,社會-歷史 社會-地理,自然景觀,tsū-jiân kíng-kuan
100767,自然資源,自然界中蘊蓄且當代技術可利用的物質或能源。如水資源、礦物資源、生物資源及太陽能、風能等。,,社會-社會,社會-社會,社會-歷史 社會-地理,社會-地理 自然科學-生物,自然資源,tsū-jiân tsu-guân
100768,自然環境,指地球或一些區域上，生命和非生命的事物以自然的狀態呈現。這是一個環境涵蓋了所有生物之間的相互作用。,,社會-社會,社會-社會 健康與體育-健康與體育,社會-歷史 社會-地理 自然科學-生物,社會-地理,自然環境,tsū-jiân khuân-kíng
100769,色光,帶顏色的光。,,自然科學-自然科學,,自然科學-理化,,色光,sik-kng
100770,色散現象,太陽光沿著一定角度射入空氣中的水滴所引起的比較復雜的由折射和反射造成的一種色散現象。,,自然科學-自然科學,,自然科學-理化,,色散現象,sik-suànn hiān-siōng
100771,血緣關係,血統上的關係。,,,社會-社會,社會-歷史,社會-歷史,血緣關係,hiat-iân kuan-hē
100772,行板,稍緩的速度而含有優雅的情緒。義大利文原意為「行路」，故通譯為「行板」，這「行板」的意思是指「徐步而行」的速度。,,藝術-藝術,,藝術-音樂,,行板,hîng-pán
100773,行政,1.除了立法、司法、考試、監察權外，政府依據法令所執行的一切事務。 2.機關部門業務的推行與管理。,,,社會-社會,社會-歷史 社會-公民與社會,社會-公民與社會,行政,hîng-tsìng
100774,行政院,我國中央政府五院之一，為全國最高行政機關，掌理全國行政事務。,,,社會-社會,社會-公民與社會,社會-公民與社會,行政院,Hîng-tsìng-īnn
100775,行政區域圖,指國家對轄境進行的行政分區所製成之地圖。各國的行政區域，由於國情不同，名稱和分級各不相同。,,社會-社會,,社會-地理,,行政區域圖,hîng-tsìng khu-hi̍k tôo hîng-tsìng khu-i̍k tôo
100776,行政機關,執行國家行政事務的機構，分為中央與地方。,,社會-社會,社會-社會,社會-公民與社會,社會-公民與社會,行政機關,hîng-tsìng ki-kuan
100777,行星,1.依一定軌道繞行太陽的球形天體，其重力足以清空軌道上的其他天體。由於反射陽光而發光，依照軌道離太陽由近而遠，分別為水星、金星、地球、火星、木星、土星、天王星與海王星。 2.繞行其他恆星周圍的類似天體。,,,自然科學-自然科學,自然科學-地球科學,自然科學-地球科學,行星,kiânn-tshenn hîng-tshenn
100778,行書,書體名。筆勢和字形介於楷書與草書之間，比草書端莊，近於楷書，但筆勢較流暢活潑。書體自由，講究點畫、結構和墨色的變化。,,,語文-國語文,語文-國語文,,行書 半草楷,hîng-su puànn-tshó-khái
100779,行進樂隊,行進樂隊也稱為樂儀隊、步操樂隊等，是一項結合步操與樂器演奏的戶外表演和比賽方式，呈現的樂器主要銅管、木管和打擊樂器。 ,,,藝術-藝術,,,行進樂隊,hîng-tsìn ga̍k-tuī
100780,西太平洋,太平洋的西面。,,,社會-社會,社會-地理,社會-地理,西太平洋,se Thài-pîng-iûnn
100781,西半球,地球的西半部。從西經20度起向西到東經160度止，包括南、北美洲和南極洲的一部分。,,,社會-社會,社會-地理,,西半球,Sai-puànn-kiû
100782,西沙群島,群島名。位於海南島東南約三百三十公里處，即東經一百二十度、北緯十度附近，是南海四大群島之一。地當南洋航線的要衝，是海防重地。由宣德群島、永樂群島兩組島群的三十多個島嶼組成，其中永興島面積一點八五平方公里，是南海諸島的最大島嶼。,,,社會-社會,社會-地理,,西沙群島,Sai-sua kûn-tó
100783,西亞楔形文字,西元1845年英國人拉雅（Layard）在古亞述帝國國都尼尼微發現，為古代西亞一帶所普遍使用的文字。所知以居住在美索不達米亞的蘇美人為最早使用者。以草莖和木頭為筆，書寫在溼軟的泥磚上，筆畫呈楔狀，像釘頭或箭頭。故也稱為「釘頭文字」、「箭頭文字」。之後的巴比倫人、亞述人、西臺人等又相繼沿用數個世紀。,,,社會-社會,社會-歷史,,西亞楔形文字,Se-a siat-hîng bûn-jī
100784,西來庵事件,日本統治初期由余清芳等人領導的武裝抗日行動，又稱噍吧哖事件。,,,社會-社會,社會-歷史,社會-歷史,西來庵事件,Se-lâi-am Sū-kiānn
100785,西南季風,在季風氣候區，夏季時由海洋吹向陸地的風。因夾帶海上暖溼氣流，雨量豐沛，雨季較長。,,,社會-社會,社會-地理,社會-地理,西南季風,sai-lâm kuì-hong
100786,西部平原,臺灣西部平原指的是位在臺灣西部的海岸平原，全長約240公里，最寬處約是45公里。 主要由屏東平原和嘉南平原構成，北起臺中海岸線、彰化縣，南至高雄市、屏東縣。 北部狹長，南部寬廣。 臺灣西部平原是濁水溪、大肚溪、北港溪、八掌溪、曾文溪等河之沖積扇組成的沖積平原。,,,社會-社會,社會-地理,,西部平原,se-pōo pîng-guân
100787,西部走廊,臺灣西部，或稱西臺灣、臺灣西部走廊，是指臺灣西半邊的地理區域，包括北臺灣（不含宜蘭縣）、中臺灣與南臺灣的非山地地帶，瀕臨臺灣海峽，與中國大陸及金馬地區隔海相望，佔臺灣本島總面積約二分之一，為臺灣經濟發展重心。此地帶包含臺灣五個都會區與二個次都會區，分別為臺北都會區、桃園中壢都會區、臺中彰化都會區、臺南都會區、高雄都會區、新竹次都會區與嘉義次都會區。絕大部分的臺灣人口居於臺灣西部。,,,社會-社會,,,西部走廊,se-pōo tsáu-lông
100788,西部海岸,北起淡水河南岸，南至屏東縣枋寮附近的隆起海岸，為臺灣本島海積地形最顯著的地區，屬沙岸。海岸線全長約410公里。,,,社會-社會,,,西部海岸,se-pōo hái-huānn se-pōo hái-gān
100789,西經,本初子午線以西的經度或經線，稱為「西經」，共180度。,,,社會-社會,社會-地理,社會-地理,西經,se-king
100790,串聯,電路上各原件的頭與尾互相銜接而成一單行程的電流連結方式。,,自然科學-自然科學,,自然科學-理化,,串聯,tshuàn-liân
100791,估算,估計盤算。,數學-數學,,,,,估算,kóo-sǹg
100792,伸展,延長擴展。,,藝術-藝術,,,,伸展  伸勻,tshun-tián sin-tián tshun-ûn
100793,佃農,租用他人田地從事農業生產的農民。,,,社會-社會,社會-歷史,,田佃 佃戶,tshân-tiān tiān-hōo
100794,位值表,紀錄位值的表格。,數學-數學,,,,,位值表,uī-ta̍t-pió
100795,位值換算,位值間跨階單位的換算。,數學-數學,,,,,位值換算,uī-ta̍t uānn-sǹg
100796,位數,一個自然數數位的個數。,數學-數學,,,數學-數學,數學-數學,位數,uī sòo
100797,低沉,形容聲音低微沉重。,,藝術-藝術,,,,低沉,kē-tîm
100798,低氣壓中心,低氣壓指比周圍的氣壓低的地點而言，其中氣壓最低的地點，叫作低氣壓中心。,,,自然科學-自然科學,自然科學-地球科學,自然科學-地球科學,低氣壓中心,kē-khì-ap tiong-sim
100799,低脂乳品類,主要提供蛋白質及鈣質。牛奶、乳酪、發酵乳等。每人每天1.5至2杯。一杯約240c.c.。,,,健康與體育-健康與體育,,,低脂奶品類,kē-tsi ling-phín-luī kē-tsi lin-phín-luī
100800,住戶管理委員會,執行區分所有權人會議決議事項及公寓大廈管理維護工作，由區分所有權人選任住戶若干人為管理委員所設立之組織。,,社會-社會,,,,住戶管理委員會,tsū-hōo kuán-lí uí-uân-huē
100801,佛教,世界五大宗教之一。為釋迦牟尼佛所創。主張一切都是不圓滿的，凡是緣起的現象都是無常的，只有息滅貪、瞋、痴，證得圓滿智慧，才能得究竟解脫。,,,社會-社會,社會-歷史,社會-歷史,佛教,Hu̍t-kàu Pu̍t-kàu
100802,作文,練習寫作。,,,語文-國語文,語文-國語文,,作文 做文,tsok-bûn tsò-bûn
100803,作曲家,樂曲的創作者。,,藝術-藝術,,藝術-音樂,,作曲家,tsok-khik-ka
100804,作者,創作詩歌、文章或其他藝術品的人。,語文-國語文,語文-國語文,語文-國語文,語文-國語文,語文-國語文,作者,tsok-tsiá
100805,作品,文學藝術方面創作的成品。如文章、書畫、雕刻等。,,語文-國語文 藝術-藝術,語文-國語文,語文-國語文,語文-國語文,作品,tsok-phín
100806,作家,從事文學創作且有成就的人。,,語文-國語文,語文-國語文,語文-國語文,語文-國語文,作家,tsok-ka
100807,克（g）,量詞。計算重量的單位。即公克的簡稱。公制一克等於千分之一公斤。,,數學-數學,,,,公克 gu-lá-muh,kong-khik gu-lá-muh
100808,冷卻,物體釋出熱量而降低溫度。,,自然科學-自然科學,,自然科學-理化,,冷卻 囥予冷,líng-khiok khǹg hōo líng
100809,冷凍,將食物保存在低溫的狀態中，使食物凝固、凍結，以抑制細菌繁殖、防止有機體腐敗，達到保藏的效果。,,自然科學-自然科學,自然科學-自然科學,自然科學-理化,,冷凍,líng-tòng
100810,冷氣團,移動的大氣環流，如果本身溫度比所到區域的地面溫度低，便為冷氣團，會使天氣變冷。,,,自然科學-自然科學,,自然科學-地球科學,冷氣團,líng-khì-thuân
100811,冷鋒,勢力強大的冷氣團插入暖氣團的底部，並抬升暖空氣，使之成一道密度、溫度、風向等均不連續的鋒面。由於冷鋒的冷空氣密度較暖空氣大而重，故可使氣溫下降、風向改變及風速增強。會帶來雲雨或雷雨。,,,自然科學-自然科學,,自然科學-地球科學,冷鋒,líng-hong
100812,別字,1.因形音相似而寫錯的字。 2.本名之外另取的名字。,,語文-國語文,,,,白字 耽字,pe̍h-jī tânn-jī
100813,刪節號（……）,一種標點符號。用來表示節略原文或語句未完、意思未盡，其符號為「……」。,語文-國語文,語文-國語文,,語文-國語文,,刪節號,san-tsiat-hō
100814,助燃,一種利於燃燒的物質，可幫助其它物質燃燒。如氧、汽油等。,,,自然科學-自然科學,自然科學-理化,,助燃,tsōo-jiân
100815,助燃物,化學危險物品分類中的氧化劑類物質均為助燃物。除此之外，還包括一些未列入化學危險物品的氧化劑。,,,自然科學-自然科學,自然科學-理化,,助燃物,tsōo-jiân-bu̍t
100816,卵,1.卵生動物的蛋。 2.雌性的生殖細胞。,,自然科學-自然科學,,自然科學-生物,自然科學-生物,卵,nn̄g luán
100817,卵生,受精卵自母體排出，由卵內蛋黃提供營養，在體外孵化成新個體的生殖方法。如鳥類、魚類、爬蟲類等皆屬卵生動物。,,自然科學-自然科學,,自然科學-生物,,卵生,luán-sing
100818,卵生動物,指在有性生殖中，母體的卵受精後形成為個體的動物。新個體從母體排放出來後，以卵內的蛋白、蛋黃提供營養，繼續發育待完成。最後，新個體破卵而出。爬行類、兩生類、鳥類及哺乳類中的單孔目大多為卵生動物。,,自然科學-自然科學,,自然科學-生物,,卵生動物,luán-sing tōng-bu̍t
100819,吳沙,福建人，移居臺灣之後，以鹽、布料等民生用品與噶瑪蘭人交換鹿皮等物，也學會他們的語言。後來，吳沙招募人民，進入宜蘭地區開墾。,,,,社會-歷史,,吳沙,Ngôo Sua
100820,吸引,吸收導引。,,自然科學-自然科學,,自然科學-理化,自然科學-物理,吸引 唌,khip-ín siânn
100821,吹孔,樂器構造上的孔洞，透過氣流所產生震動，進而產生聲音。,,藝術-藝術,,,,歕空,pûn-khang
100822,吹奏,吹奏笙、簫等管樂器。泛指演奏音樂。,,藝術-藝術,,,,歕 吹奏,pûn tshue-tsàu
100823,均衡,均勻平衡。,,綜合活動 健康與體育-健康與體育,健康與體育-健康與體育,健康與體育-健康教育,,均衡,kin-hîng
100824,壯丁團,日治時期，警察為了控制地方及動員人力，組成的基層組織之一。,,,,社會-歷史,,壯丁團,tsòng-ting-thuân
100825,夾注號,一種標點符號。用為文中附加說明的符號；其符號為（）或──。,,語文-國語文,,語文-國語文,,夾注號 註解號,kiap-tsù-hō tsù-kái-hō
100826,孝道,孝順父母，敬事親長的精神與行為。,,社會-社會,社會-社會,,,孝道,hàu-tō
100827,宋江陣,一種民俗武術表演的陣式。由36天罡、72地煞組成，共108人。陣中備有盔甲、盾牌、短刀、雙斧等兵器，以表演傳統武術為主。或以為源出《水滸傳》中宋江操練部眾的陣式而得名。,,社會-社會,,,,宋江陣,Sòng-kang-tīn Siòng-kang-tīn
100828,完全溶解,"指溶質在溶劑中全部溶解,固體溶質的話就是沒有沉澱。",,自然科學-自然科學,,自然科學-理化,,完全溶解 完全溶去,uân-tsuân iûnn-kái uân-tsuân iûnn--khì
100829,完全數,凡等於本數以外諸整除數之和的自然數稱為「完全數」。如6為1、2、3的和，28為1、2、4、7、14的和，則6和28為最小的兩個完全數。簡稱為「完數」。,數學-數學,,,,,完全數,uân-tsuân-sòo
100830,完全變態,昆蟲自卵子孵化為蛹，而後再變化為成蟲的過程，稱為「完全變態」。,,自然科學-自然科學,,自然科學-生物,,完全變態,uân-tsuân piàn-thài
100831,完美數,完美數，又稱完全數或完備數，是一些特殊的自然數，它所有的真因子的和，恰好等於它本身。,數學-數學,,,,,完美數,uân-bí-sòo
100832,尾鰭,魚類脊椎末端突出的鰭，為魚類游泳動力的來源。,,自然科學-自然科學,,自然科學-生物,,魚尾叉,hî-bué-tshe
100833,希臘正教,基督教的一派。在西羅馬帝國滅亡後，以君士坦丁堡為中心的基督教教會與羅馬教會的關係愈來愈疏遠，逐漸形成另一個系統。後來在西元1054年與羅馬教會正式決裂，稱之為「希臘正教」。盛行於希臘、俄國等地。,,,,社會-歷史,,希臘正教,Hi-lia̍p-tsìng-kàu
100834,希臘神話,以古希臘的神及英雄事蹟為題材的神話傳說。對西方文化、藝術影響極大，許多偉大作家、藝術家，都曾自此汲取創作靈感。,,,,社會-歷史,,希臘神話,Hi-lia̍p Sîn-uē
100835,序文,文體的一種。陳述作品主旨、寫作過程，或對作品介紹評述的文字。,,,語文-國語文,,,頭序,thâu-sū thâu-sī
100836,序跋,序文和跋文。或為作者陳述著作的主旨或經過，或是他人對著作的介紹。一般而言，序在書前，跋在書尾，合稱為「序跋」。,,語文-國語文,,,,序跋,sū-pua̍t sī-pua̍t
100837,序數,表示事物次第的數目。通常有三種方式： 1. 在整數前加「第」字，如第一、第二。 2.直接於序數後接量詞或名詞。如二等、三樓、四號、五班。 3.習慣表示法。如頭一回、末一次、正月、大兒子、么女兒。,數學-數學,,,,,序數,sū-sòo
100838,形狀,物體呈現在外的樣式、模樣。,數學-數學,,,數學-數學,,形狀 形,hîng-tsōng hîng
100839,形容詞,形容事物的形態、性質的詞。常附加於名詞之上。,,語文-國語文,語文-國語文,語文-國語文,,形容詞,hîng-iông-sû
100840,形符,形聲字中代表形體的部分，稱為「形符」。可以表示出形聲字的意義。也稱為「意符」。,,,語文-國語文,語文-國語文,,形符,hîng-hû
100841,形態,1.形狀姿態。 2.事物在某一條件範圍下所呈現的模式。,,自然科學-自然科學,,自然科學-理化,,形態,hîng-thài
100842,形聲,六書中的形聲字。由音符與意符組合而成，意符表形，音符表聲。如江、河二字，從水取義，以工、可分標其聲。即指其以事類為主，再取其聲組合而成。也稱為「諧聲」、「象聲」。,,,語文-國語文,語文-國語文,,形聲,hîng-siann
100843,形聲字,六書中的形聲字。由音符與意符組合而成，意符表形，音符表聲。如江、河二字，從水取義，以工、可分標其聲。即指其以事類為主，再取其聲組合而成。也稱為「諧聲」、「象聲」。,,,語文-國語文,語文-國語文,,形聲字,hîng-siann-jī
100844,形體,物體的形狀及其結構。,數學-數學,,,,,形體,hîng-thé
100845,志工隊,指願意在公共或志願團體內，不受報酬而貢獻其力量的人所組成的團體。,,社會-社會,,,,志工隊,tsì-kang-tuī
100846,快板,一種曲藝。表演者通常自擊竹板和節子，按較快的節奏念誦唱詞。基本用七字句，押韻，或間以說白。,社會-生活課程 自然科學-生活課程 藝術-生活課程 綜合活動-生活課程,藝術-藝術,,藝術-音樂,藝術-音樂,快板,khuài-pán
100847,快速道路,臺灣的快速公路，又稱快速道路，是指服務品質介於高速公路與一般公路之間的汽車、大型重型機車專用道路。,,,社會-社會,社會-地理,社會-地理,快速道路,khuài-sok tō-lōo
100848,快慢,物體運動所花費的時間長短。,,,自然科學-自然科學,自然科學-理化,,緊慢,kín bān
100849,戒律,教徒所遵守的法規。,,,社會-社會,社會-歷史,,戒律,kài-lu̍t
100850,戒嚴,政府為了維護國家安全與秩序，所採取的軍事管制措施。,,,社會-社會,社會-歷史,社會-歷史 社會-公民與社會,戒嚴,kài-giâm
100851,戒嚴令,宣布戒嚴的命令。,,,社會-社會,社會-歷史,社會-歷史,戒嚴令,kài-giâm-līng
100852,戒嚴時期,宣布戒嚴的命令。,,,社會-社會,社會-歷史,社會-歷史,戒嚴時期,Kài-giâm Sî-kî
100853,扭轉,1.掉轉、旋轉。 2.扳轉、改變。,,藝術-藝術,,,,扳   反轉,pian pan penn huán-tsuán
100854,扮演,化裝演出。,,藝術-藝術,,,,扮演,pān-ián
100855,抑揚頓挫,抑，降低。揚，升高。頓，停頓。挫，轉折。抑揚頓挫形容詩文作品或音樂之聲響高低轉折，富變化又有節奏。也作「頓挫抑揚」。,,,語文-國語文,,,壓升謄轉 抑揚頓挫,ah sing thîng tsuán ik-iông-tùn-tshò
100856,抒情,抒發情懷。,,,語文-國語文,語文-國語文,語文-國語文,表達感情,piáu-ta̍t kám-tsîng
100857,投票權,一國公民在選舉、罷免、複決上參加投票的權利。是人民參與政治的基本權利。,,,社會-社會,,,投票權,tâu-phiò-khuân tâu-phiò-kuân
100858,投資,以資本、財物或勞務，直接或間接投入某種企業的經營，以企圖獲利的行為。,,,社會-社會,,社會-地理,投資,tâu-tsu
100859,投籃,籃球運動中，將球投向球架籃框中的動作。,,綜合活動 健康與體育-健康與體育,健康與體育-健康與體育,健康與體育-體育,,投籃,tâu-nâ
100860,抗力,物理學上稱槓桿上施於「重點」的作用力為「抗力」。,,自然科學-自然科學,,自然科學-理化,,抗力,khòng-li̍k
100861,抗力臂,從支點到抗力作用線的垂直距離。,,自然科學-自然科學,,自然科學-理化,,抗力臂,khòng-li̍k-pì
100862,抗力點,物理學上指抗力在槓桿上的作用點。,,自然科學-自然科學,,自然科學-理化,,抗力點,khòng-li̍k-tiám
100863,抗日運動,抗日運動是日本統治臺灣期間發生的反抗行動。行動大多發生於西元1895年－1915年之間，也就是在日本領臺的前20年。這20年的武裝抗日運動，大致上可以分成三個階段，第一期是西元1895年5月到10月為保衛「臺灣民主國」的乙未戰爭；第二期是緊接著臺灣民主國之後到1902年之間的抗日游擊戰，幾乎每年都有武裝抗日行動；第三期自1907年的北埔事件起，到1915年的西來庵事件為止。之後，臺灣抗日運動轉為維護臺灣文化的非武裝形式，不過期間發生了一件武裝對抗的霧社事件。,,,社會-社會,,社會-歷史,抗日運動,khòng Ji̍t ūn-tōng
100864,抗生素,由微生物所產生的化學物質，能抑制或殺死病菌，可用於治療感染症，常用的有青霉素、金霉素等。也稱為「抗菌素」。,,,自然科學-自然科學,自然科學-生物,自然科學-生物,抗生素,khòng-sing-sòo
100865,折射,光線或聲波射入密度不同的介質中，而改變行進方向的現象。也稱為「屈折」。,,自然科學-自然科學,,自然科學-理化,自然科學-物理,拗射,áu-siā
100866,折衷家庭,夫妻與父母及未婚子女組成，又稱為三代家庭或主幹家庭。,,,社會-社會,社會-地理,,折衷家庭,tsiat-thiong ka-tîng
100867,折線圖,是用直線段將各數據點連接起來而組成的圖形，以折線方式顯示數據的變化趨勢。,,數學-數學,自然科學-自然科學,數學-數學,,折線圖,tsiat-suànn-tôo
100868,改寫,將原先的作品修改重寫。,,語文-國語文,語文-國語文,語文-國語文,,改寫,kái-siá
100869,材料,一切可供製作的原料或可供取用的資料。,社會-生活課程 自然科學-生活課程 藝術-生活課程 綜合活動-生活課程,社會-社會 綜合活動-綜合活動 藝術-藝術,,,,材料,tsâi-liāu tshâi-liāu
100870,求偶,尋求配偶。,,自然科學-自然科學,自然科學-自然科學,自然科學-生物,自然科學-生物,揣對象,tshuē tuì-siōng
100871,求偶行為,尋求配偶的動作。,,,自然科學-自然科學,,,求偶行為,kiû-ngóo hîng-uî
100872,汽油,汽車等用作原動力的揮發油。石油於攝氏20─200℃間蒸餾所得的有機混合物，主要由低碳數碳氫化合物組成，揮發性高，燃點低，可作為汽車、內燃機等動力的燃料及化學溶劑等。,,自然科學-自然科學,,自然科學-理化,,汽油 ga-sóo-lín,khì-iû ga-sóo-lín
100873,汽艇,是由內燃引擎或電動馬達驅動的小型船艇，具有高速推進裝置。也稱為「摩托船」。,,自然科學-自然科學,自然科學-自然科學,,,mooh-tah船 汽艇,mooh-tah-tsûn khì-thíng
100874,沈葆楨,人名。（西元1820─1879）字翰宇，一字幼丹，清侯官人（今福建閩侯縣）。道光進士，授編修，咸豐間署廣信府。太平軍興，以守城有功，擢江西巡撫。同治間，總理福建船政十三年，日本窺伺臺灣，負責加強臺灣防務，以及開發等一切事宜。光緒初，官至兩江總督，卒諡文肅。,,,社會-社會,,社會-歷史,沈葆楨,Sím Pó-tsing
100875,沉水性,這類植物完全沉浸在水中，沒有水上形態，它們多生長在水較深的地方，根長在土裡，葉片通常呈線形、帶狀或絲狀。大部分的種類會在繁殖期將花挺出水面，以便授粉，少數如茨藻科植物，則一生完全在水中度過，就連開花也不例外。,,自然科學-自然科學,,,,沉水性,tîm-tsuí-sìng
100876,沉澱,化學上指某溶液遇其他溶液或氣體時，產生不溶性的物質而析出的現象。此析出物為沉澱物。,,自然科學-自然科學,,自然科學-生物,自然科學-生物,沉底,tîm-té tiâm-té
100877,沉積岩,地表岩石受到風化、侵蝕作用，使堅硬的岩石逐漸變成岩石碎屑，後受河水流動或風的吹動，使這些風化物搬移至低窪地方沉積下來，日久而堅固成層，稱為「沉積岩」。最常見的沉積岩為砂岩與頁岩。,,,自然科學-自然科學,,自然科學-地球科學,沉積岩,tîm-tsik-gâm tîm-tsik-giâm
100878,沖積平原,地理學上指由河川搬運來的砂礫、泥土等沉積而成的大平地。,,,社會-社會,社會-地理,,沖積平原,tshiâng-tsik pîng-guân
100879,沙岸,1.水邊沙地。指沙灘。 2.沙質地形的海岸。相對於岩岸而言。,,,社會-社會,社會-地理,社會-地理,沙岸,sua-huānn sua-gān
100880,沙洲,水流中由泥沙淤積而成的陸地。,,,社會-社會,社會-地理,社會-地理,浮崙 浮洲 浮嶼 沙線,phû-lūn phû-tsiu phû-sū sua-suànn
100881,沙漏,一種古代的計時器。元新安詹希元所創。大略如壺漏而改以沙代水，可避免結冰凝滯。,,自然科學-自然科學,,自然科學-理化,,漏壺,lāu-ôo
100882,沙漏計時器,一種計時儀器，又有沙鐘、沙壺等別稱。沙漏通常由兩個連在一起的流沙池組合而成，而內裏則視乎計算的時間密封裝有一定的流沙。,,自然科學-自然科學,,自然科學-理化,,漏壺計時器,lāu-ôo kè-sî-khì
100883,沙漠,地面覆蓋沙土，氣候乾旱、植物稀少的土地。多分布於南北緯15°到35°間的副熱帶高壓帶，平均年雨量不足250公厘。可分為熱帶沙漠，如撒哈拉沙漠，和溫帶沙漠，如塔克拉瑪干沙漠。,,,自然科學-自然科學,,,沙漠,sua-bo̍k
100884,沙雕,用潮溼的海沙進行雕刻，稱為「沙雕」。,,,藝術-藝術,,,沙雕,sua-tiau
100885,沙灘,水邊的沙地。,,社會-社會,社會-社會,社會-地理,,海沙埔,hái-sua-poo
100886,牡丹社抗日紀念碑,位於屏東縣車城鄉石門古戰場，為紀念在牡丹社事件中犧牲的原住民而設的紀念碑。,,,,社會-歷史,,牡丹社抗日紀念碑,Bóo-tan-siā khòng Ji̍t kì-liām-pi
100887,牡丹社事件,清同治13年（西元1874）3月，日本藉口琉球難民為臺灣牡丹社生番殺害，出兵犯臺，占據琅𤩝（今屏東縣恆春鎮），清廷派員與之交涉，時經半載，方於是年9月簽定中日北京臺事專約三條，而使日軍撤退，史稱為「牡丹社事件」。也稱為「琅𤩝事件」。,,,社會-社會,社會-歷史,社會-歷史,牡丹社事件,Bóo-tan-siā Sū-kiānn
100888,育幼,育幼行為是指動物培育幼體直至能獨立生存的行為，是生殖行為的繼續或不可分割的一部分。,,,自然科學-自然科學,自然科學-生物,,育幼,io̍k-iù
100889,角（∠）,幾何學上稱兩直線相交所夾成的空間。如：「直角」、「鈍角」、「對頂角」。簡寫為∠。,數學-數學,,,數學-數學,,角,kak
100890,角1,有關圖形的「角」，我們通常用符號「∠」代表「角」，所以「角1」代表「∠1」。,,數學-數學,,,,角1,kak it
100891,角度,數學上角的大小，稱為「角度」。,,數學-數學,,數學-數學,,角度,kak-tōo
100892,角柱,一種多面體。上下底面是對應邊互相平行的全等多邊形，側面則是平行四邊形。依其底面為何種角形，而分別稱為「三角柱」、「四角柱」、「n角柱」。體積等於底面積乘高。也稱為「稜柱體」。,,,數學-數學,數學-數學,,角柱,kak-thiāu
100893,角調式,樂曲的起調或結束，以角音為主音的調式稱為「角調式」。 ,,,藝術-藝術,,,角調式,kak-tiāu-sik
100894,角錐,一種多面體。由一個多邊形為底，和若干個同一頂點的三角形所構成。依其底面為何種角形，而分別稱為「三角錐」、「四角錐」、「n角錐」。體積等於三分之一底面積乘高。也稱為「稜錐」。,,,數學-數學,數學-數學,,角錐,kak-tsui
100895,豆魚肉蛋類,主要提供蛋白質。雞蛋、鴨蛋、黃豆、豆腐、豆漿、豆製品、魚類、蝦類、貝類、海產類、豬肉、牛肉、雞肉、鴨肉等。每人每天3至8份。每份相當於蛋一個或豆腐一塊或魚類一兩、或肉類一兩。,,,健康與體育-健康與體育,健康與體育-健康教育,,豆魚肉卵類,tāu hî bah nn̄g luī
100896,豆腐岩,岩層受到大地構造應力而產生兩組平行節理，切割岩體而形成塊狀的岩塊，很類似豆腐的外型，因此取其形而稱之為豆腐岩。,,,自然科學-自然科學,,,豆腐岩,tāu-hū-gâm tāu-hū-giâm
100897,赤崁樓,原名為「普羅民遮城」，為荷蘭在臺灣的行政與商業中心，亦有紅毛城、番仔樓之稱，也作「赤嵌樓」。,,,社會-社會,社會-歷史,,赤崁樓,Tshiah-khàm-lâu
100898,赤道,1.沿地球表面與地軸垂直的一條假想大圓圈，將地球劃分為南北半球，而赤道的緯度為零。 2.地球赤道外延至天球所成的假想圓圈。也稱為「天球赤道」。,,,社會-社會,社會-地理,社會-地理 自然科學-地球科學,赤道,tshik-tō tshiah-tō
100899,走莖,植株本身非匍匐性，但於其莖之基部長出伸長分枝平鋪於地面或岩壁，且會在節上長出不定根者。,,自然科學-自然科學,,,,趖莖 旋藤,sô-king suan-tîn
100900,足球,1.一種球類運動。比賽的主要規則為：與賽雙方各派11名球員出場，運用雙手以外的身體任何部分運球，以將球合法踢入對方球門次數多者為勝。 2.足球比賽所使用的球。圓形，內為充氣橡膠球膽，外面護以皮革或其他材質。周長27至28英寸。開賽前的重量需為14至16盎斯。,健康與體育-健康與體育,健康與體育-健康與體育,健康與體育-健康與體育,健康與體育-體育,,跤球,kha-kiû
100901,身分證,法定證明國民身分的證件，如國民身分證。,,社會-社會,,社會-公民與社會,社會-公民與社會,身份證,sin-hūn-tsìng
100902,身心障礙人士,身心障礙人士，指下列各款身體系統構造或功能，有損傷或不全導致顯著偏離或喪失，影響其活動與參與社會生活，經醫事、社會工作、特殊教育與職業輔導評量等相關專業人員組成的專業團隊鑑定及評估，領有身心障礙證明者。,,,社會-社會,,社會-公民與社會,身心障礙人士,sin-sim tsiòng-gāi jîn-sū
100903,身體自主權,是一個人對自己身心管理與主張的權利及能力。,,,健康與體育-健康與體育,社會-公民與社會 健康與體育-健康教育,,身體自主權,sin-thé tsū-tsú-khuân sin-thé tsū-tsú-kuân
100904,里民大會,里中定期舉行的聚會。由全里各戶長或代表參加，討論本里應當興建或改革的事項，並聽取政令宣導，以促進地方自治工作。,,,,,,里民大會,lí-bîn tāi-huē
100905,里長,現今介於鄰長和鄉、鎮、區長之間，負責管理一里民政事務的人。,,社會-社會,社會-社會,,社會-公民與社會,里長,lí-tiúnn
100906,防疫措施,預防疫病傳染的方法。,,,社會-社會,,,防疫措施,hông-i̍k tshòo-si
100907,防腐,預防皮肉的腐爛或食物的腐敗。,,,自然科學-自然科學,自然科學-理化,,防腐,hông-hú
100908,防鏽,防止金屬器物鏽蝕。,,,自然科學-自然科學,自然科學-理化,,防鉎,hông-sian
100909,並列,1.並排齊列，位置不分前後或主次。 2.同時存在。引申有地位相當、勢力相等的意義。,,語文-國語文,語文-國語文,語文-國語文,,並列 並排 平排 對排,pīng lia̍t pīng-pâi pênn-pâi tuì-pâi
100910,並列句,表達某一事物的多種情況同時存在，或動作交替出現的句子。,,,語文-國語文,語文-國語文,,並列句,pīng-lia̍t-kù
100911,並列關係,句子並排齊列，位置不分前後或主次，表達同時存在的幾種情況。,,,語文-國語文,語文-國語文,,並列關係,pīng-lia̍t kuan-hē
100912,並聯,電路系統的一種連結法，使每一單位實際上成一平行支線或分路。,,自然科學-自然科學,,自然科學-理化,,並聯,pīng-liân
100913,乳房,哺乳動物的乳腺匯集於胸部或腹部，呈左右相並而突出者，雄性乳房退化而小，雌性膨大，分娩後，則生乳汁。,,,健康與體育-健康與體育,健康與體育-健康教育,,奶苞  奶房  奶仔,ling-pôo lin-pôo ling-pâng lin-pâng ling-á lin-á
100914,乳酸菌,真細菌類乳酸菌科（屬），菌體桿狀較細長，微好氣性，分解單醣並使乳酸發酵的細菌。對於酸性有抵抗力，常用於發酵及酪品製造。,,,自然科學-自然科學,自然科學-理化,,奶酸菌,ling-sng-khún lin-sng-khún
100915,乳齒,小兒最初生長，未經脫換的牙齒。也稱為「奶牙」。,健康與體育-健康與體育,,,健康與體育-健康教育,,囡仔齒 奶齒,gín-á-khí ling-khí lin-khí
100916,亞洲,世界七大洲之一。位於東半球的東北部。,,,社會-社會,社會-地理,,亞洲,A-tsiu
100917,亞洲大陸,位於亞洲，地表巨大的陸塊。一般而言，地球有七大洲之大陸：亞洲、歐洲、非洲、北美洲、南美洲、大洋州和南極洲。其中歐、亞、非三洲之大陸稱為「舊大陸」，南、北美洲之大陸稱為「新大陸」。,,,社會-社會,社會-地理,,亞洲大陸,A-tsiu Tāi-lio̍k
100918,京劇,一種傳統劇種。距今有近兩百年歷史，中國清末以北京最為盛行，所以稱為「京劇」、「京戲」，後北京改名為「北平」，隨之改稱為「平劇」。表演時唱、做、唸、打並重，且融入武術技巧，多用虛擬性動作，內容則以歷史故事為主。其服飾考究，色澤鮮麗，具有獨特的風格。為世界三大表演體系之一。,,藝術-藝術,,藝術-表演藝術,,京戲,kiann-hì
100919,例句,用來做為例證的句子。,,語文-國語文,語文-國語文,語文-國語文,,例句,lē-kù
100920,例字,做為依據、舉證的字。,語文-國語文,,,,,例字,lē-jī
100921,依法行政,指行政行為應受法律及一般法律原則之拘束。,,,社會-社會,社會-公民與社會,,依法行政,i-huat hîng-tsìng
100922,兒童及少年福利與權益保障法,指政府為為保護兒童（未滿12歲）及少年（滿12 歲而未滿18 歲）權益，所訂定的法律。,,,社會 健康與體育-健康與體育,健康與體育-健康教育,,兒童及少年福利與權益保障法,Jî-tông ki̍p Siàu-liân Hok-lī ú Khuân-ik Pó-tsiong-huat Jî-tông ki̍p Siàu-liân Hok-lī ú Kuân-ik Pó-tsiong-huat
100923,兒童節,為兒童特別制訂的紀念日，藉以鼓勵兒童，並喚起社會注意兒童事業。西元1925年，國際兒童幸福促進會首倡，各國多響應實行。民國20年，我國政府公布，定4月4日為兒童節。,,社會-社會,,,,兒童節,Jî-tông-tseh
100924,兒童權利公約,聯合國為了保障兒童有接受特別養護與協助的權利，所制定的國際性約定。,,,社會-社會,社會-公民與社會,,兒童權利公約,Jî-tông Khuân-lī Kong-iok Jî-tông Kuân-lī Kong-iok
100925,兩生類,能夠生活或活動於水中和陸上的動物，又稱為「兩棲類」。,,,自然科學-自然科學,自然科學-生物,自然科學-生物,兩生類,lióng-senn-luī lióng-sing-luī
100926,典故,有出處、依據的故事典例。,,語文-國語文,語文-國語文,語文-國語文,語文-國語文,典故,tián-kòo
100927,刻度,儀表或量具等器物上所刻劃的標示，用以表示數量的大小、多寡。,,自然科學-自然科學,,,自然科學-生物,刻度,khik-tōo
100928,卑南文化,臺灣東海岸所發現的古文化遺址之一。約存於2000多年前，分布範圍包括南岸山脈和中央山脈縱谷。,,,社會-社會,社會-歷史,,卑南文化,Pi-lâm bûn-huà
100929,卑南溪,"位於臺灣東南部，是臺東縣境內的主要河流，舊稱卑南大溪，是臺東第一大溪，卑南之名是為了紀念卑南族的大頭目。全長約有84.35公里，流經臺東縣的七個鄉鎮市，分別是臺東市、卑南鄉、延平鄉、鹿野鄉、關山鎮、海端鄉、池上鄉，至中華大橋後注入太平洋。流域面積約有1,603.21平方公里，是灌溉臺東平原的主要河川。",,,社會-社會,,,卑南溪,Pi-lâm-khe
100930,卑南遺址,卑南遺址，位於臺灣臺東縣卑南山東南端的山麓，是屬於臺灣東部之新石器時代卑南文化的一個代表性遺址。,,社會-社會,社會-社會,,,卑南遺址,Pi-lâm uî-tsí
100931,協調性,是指身體統合神經、肌肉系統以產生正確、和諧優雅的活動能力。,,健康與體育-健康與體育,健康與體育-健康與體育,健康與體育-健康教育,,協調性,hia̍p-tiau-sìng hia̍p-tiāu-sìng
100932,受力,使物體改變其狀態作用的接受者。,,自然科學-自然科學,,自然科學-理化,自然科學-物理,受力,siū-li̍k
100933,受益權,又稱「社會基本權」（社會權）。受益權與社會權：關於基本人權的分類，主要有兩種：一、自由權、平等權、受益權、參政權；二、自由權、平等權、社會權、參政權。因此，學界在自由權、平等權、參政權的劃分較為一致，但在受益權或社會權方面的劃分則不盡相同。,,,社會-社會,,,受益權,siū-ik-khuân siū-ik-kuân
100934,受教權,接受教育並消除各級教育系統內的歧視、享有高質量教育的權利。,,,社會-社會,社會-公民與社會,,受教權,siū-kàu-khuân siū-kàu-kuân
100935,受熱,遇熱。,,,自然科學-自然科學,,自然科學-化學,受熱,siū-jia̍t
100936,周角,繞著圓心轉一圈所成的角。度數為360°。,,數學-數學,,數學-數學,,周角,tsiu-kak
100937,周長,圍繞一面積之邊界的長度。,數學-數學,數學-數學,,數學-數學,數學-數學,周長,tsiu-tn̂g
100938,周界,區隔封閉圖形內、外的線。,,數學-數學,,,,周界,tsiu-kài
100939,味覺,食物進入口腔後，刺激味覺感受器，經由味覺神經傳到大腦所產生的知覺。如酸、甜、苦、鹹等。,,藝術-藝術,,,,味覺,bī-kak
100940,呼應法,在文章結尾重複描述與開頭相似的內容，達到文章頭、尾相互呼應的效果。,,,語文-國語文,,,呼應法,hoo-ìng-huat
100941,命令,1.發出號令，使人遵行。 2.上對下的號令。,,語文-國語文,,,,命令,bīng-līng
100942,和,各數相加的總數。,數學-數學,,,數學-數學,數學-數學,和,hô
100943,和平紀念日,中華民國的國定紀念日之一，係於西元1995年設立，以紀念西元1947年2月28日爆發的二二八事件。,,社會-社會,,,,和平紀念日,Hô-pîng Kì-liām-ji̍t
100944,和弦,1.樂曲中數個音三度重疊，同時發聲。 2.調音、調弦。,,藝術-藝術,,藝術-音樂,藝術-音樂,和弦,hô-hiân
100945,和聲,1. 歌曲中一人或眾人應和的部分。 2.音樂上指兩個以上的音按一定規律同時發聲。,,,藝術-藝術,藝術-音樂,,和聲,hô-siann hô-sing
100946,固態,固體狀態。為物質存在的形態之一。,,自然科學-自然科學,,自然科學-理化,自然科學-化學,固態,kòo-thài
100947,固體,有一定形狀和體積的物體。分子間的內聚力強，即使受壓力，形狀和體積都不易改變。如金、銀、石等均屬之。,,自然科學-自然科學,,自然科學-理化,自然科學-化學,固體,kòo-thé
100948,坡度,山坡的傾斜度。,,自然科學-自然科學,,,,坡度 崎度,pho-tōo kiā-tōo
100949,坪,量詞。日本計算土地面積的單位。1坪合3.30579平方公尺，2934坪為1甲。臺灣目前民間仍沿用之。,,數學-數學,數學-數學,,,坪,pênn phênn phiânn
100950,垃圾減量,解決垃圾問題，首先以生活中減量觀念出發，做到分類回收，最後才是垃圾處理。,社會-生活課程 自然科學-生活課程 藝術-生活課程 綜合活動-生活課程,,綜合活動-綜合活動,,,糞埽減量,pùn-sò kiám-liōng
100951,奇數,不能被2整除的數，如1、3、5等。相對於偶數而言。,數學-數學,數學-數學,,數學-數學,數學-數學,奇數,khia-sòo
100952,始邊,旋轉前的邊。,數學-數學,,,,,始邊,sí-pinn
100953,姓,表示個人所屬家族或區別家族系統的符號。,,社會-社會,社會-社會,,,姓,sènn
100954,姓名,姓氏與名字。,,社會-社會,,,,姓名 名姓,sènn-miâ miâ-sènn
100955,孢子,孢子囊中孢子母細胞經減數分裂產生之微小細胞，具有單套染色體。即代表配子世代之第一個細胞。也作「胞子」。,,,自然科學-自然科學,自然科學-生物,,菌種 孢子,khún-tsíng pau-tsí
100956,孢子囊,植物產生及儲存孢子的囊狀結構。,,,自然科學-自然科學,自然科學-生物,,孢子囊,pau-tsí-lông
100957,孢子囊群,由多數孢子囊集合而成，如蕨類植物孢子囊群常有孢膜覆蓋，其形狀、排列方式及位置，為蕨類植物的分類特徵。也作「胞子囊群」、「孢子囊堆」。,,,自然科學-自然科學,自然科學-生物,,孢子囊群,pau-tsí-lông-kûn
100958,季風,因季節變化而改變風向的季節性風系。主要是由大範圍海陸性質的差異所造成。如夏季陸地熱，氣壓低，暖溼的風自海洋吹向陸地；冬季陸地比海洋冷，氣壓高，乾冷的風自內陸吹向海洋。,,,社會-社會,社會-地理,社會-地理,季風,kuì-hong
100959,宗教,利用人類對於宇宙、人生的神祕所發生的驚奇和敬畏心理，構成一種勸善懲惡的教義，並用來教化世人，使人信仰的，稱為「宗教」。如佛教、基督教等。,,社會-社會,社會-社會,社會-歷史 社會-地理,,宗教,tsong-kàu
100960,宗教信仰,利用人類對於宇宙、人生的神祕所發生的驚奇和敬畏心理，構成一種勸善懲惡的教義，並用來教化世人，使人信仰的。,,,社會-社會,社會-歷史,社會-歷史,宗教信仰,tsong-kàu sìn-gióng
100961,宗教慶典,臺灣各地由宗教活動或習俗所傳承的民俗慶典，如東港王船祭、大甲媽祖繞境、臺南鹽水蜂炮等，也極富地方信仰及文化特色。,,社會-社會,,,,宗教慶典,tsong-kàu khìng-tián
100962,宗族組織,同一姓氏世代相傳的家族組織。,,,社會-社會,社會-歷史,社會-歷史,宗族組織 房頭,tsong-tso̍k tsoo-tsit pâng-thâu
100963,宗親會,為聯絡同宗的親族而成立的組織。,,,社會-社會,,,宗親會,tsong-tshin-huē
100964,定期存款,存款人與金融單位訂定存款期限，到期憑存單才能提取存款，利息較活期存款高的一種存款方式。,,,社會-社會,,,定期存款,tīng-kî tsûn-khuán
100965,定滑輪,係一種滑輪，輪子位置不變但能轉動，可改變力的方向卻不能省力，目的在方便操作。,,,自然科學-自然科學,自然科學-理化,,定滑輪,tīng-ku̍t-lûn
100966,宜蘭平原,宜蘭平原，又稱蘭陽平原、噶瑪蘭平原，位於臺灣東北部的宜蘭縣境內，是一個面積約有320平方公里的小型平原，也是臺灣第三大的平原；主要由蘭陽溪沖積和地型升高造成，屬沖積扇平原。平原南北端各有烏石漁港及蘇澳港兩處港口，在早期為平原對外的重要口岸，今日已開發成為觀光漁港與商港。 蘭陽平原是臺灣東部最早開發的地區。,,社會-社會,社會-社會,社會-地理,,宜蘭平原,Gî-lân Pîng-guân
100967,岩石,構成地球外殼的礦物集合體。可分為火成岩、沉積岩、變質岩三種。是地球上岩石圈的主要物質。,,,自然科學-自然科學,,自然科學-地球科學,岩石,gâm-tsio̍h giâm-tsio̍h
100968,岩岸,一種海岸線類型。特點為海岸線曲折、多港灣和島嶼，灣闊水深，適宜航運和漁業的發展。,,,社會-社會,社會-地理,,岩岸,giâm-huānn giâm-gān
100969,岬角,由陸地突出至海中的尖形部分。常見於半島前端，如非洲南端的好望角。,,,社會-社會,社會-地理,,海角 海鼻,hái-kak hái-phīnn
100970,岬灣,岬灣海岸是山地海岸的代表類型，海岸帶主要由岬角及海灣組成，其中岬角的海蝕作用強烈，海蝕地貌也很發育；岬角之間為海灣，常常發育出砂礫質海灘，或由多列沿岸沙堤組成的沙質海岸平原。,,,社會-社會,,,岬灣,kap-uan
100971,岬灣海岸地形,岬角是海岸向外凸出的地形，岬灣的形成多因於海水與風力侵蝕而來。臺灣東北部強風多雨，千萬年的侵蝕風化，造就了多變的岬灣海岸地形。,,,社會-社會,,,岬灣海岸地形,kap-uan hái-huānn tē-hîng kap-uan hái-gān tē-hîng
100972,底,器物或物體的最下部分。,,,數學-數學,數學-數學,,底,té
100973,底角,等腰三角形中，兩個一樣大的角叫作底角。,,數學-數學,,數學-數學,,底角,té-kak
100974,底面,在幾何學中，底面是指一個立體圖形可供參照的平面，整個立體皆存在參照於該平面的性質，且可以決定整個幾何體的對稱性。,數學-數學,,數學-數學,數學-數學,數學-數學,底面,té-bīn
100975,底面積,立體圖形可供參照的底面面積。,,數學-數學,數學-數學,數學-數學,,底面積,té-bīn-tsik
100976,底邊,數學上指平面圖形內，平列在下端的一邊。,數學-數學,,數學-數學,數學-數學,數學-數學,底邊,té-pinn
100977,弦,半圓形的月亮。如：「上弦」、「下弦」。,,自然科學-自然科學,,,,弦,hiân
100978,弦樂器,利用振動絲弦而發聲的樂器。此類樂器均有共鳴箱以增加響度。如大提琴、小提琴、胡琴、吉他、豎琴等。,,藝術-藝術,,,藝術-音樂,弦樂器,hiân-ga̍k-khì
100979,弧,數學上指圓周的任意一段。,,,數學-數學,數學-數學,,弧,hôo
100980,弧形島嶼,位於大陸附近，向海洋凸出成圓弧狀的列島。 ,,,社會-社會,,,弧形島嶼,hôo-hîng tó-sū
100981,弧長,扇形上除了兩段半徑外，還有一段曲線，該段曲線的長度即為弧長。,數學-數學,,,數學-數學,,弧長,hôo-tn̂g
100982,弧線,彎曲如弓的線條。,,藝術-藝術,,,藝術-美術,弧線,hôo-suànn
100983,念唱,用念特定字音來唱出旋律節奏，即為念唱。,,藝術-藝術,,,,唸唱,liām-tshiùnn
100984,性別平等,指兩性應享有平等的公民權利，在政治、經濟、社會和家庭中應受到平等對待，又稱「性別平權」、「性別平等主義」。,,社會-社會,社會-社會,社會-公民與社會,,性別平等,sìng-pia̍t pîng-tíng
100985,性別偏見,性別偏見是對於性別角色與關係所具有之偏差、錯誤之見或因性別差異而產生對他人不公平的看法或態度。,,,,社會-公民與社會,,性別偏見,sìng-pia̍t phian-kiàn
100986,性侵害,指加害者以威脅、權力、暴力、金錢或甜言蜜語，引誘脅迫他人與其發生性關係，或在性方面造成對受害人的傷害的行為。,,社會-社會 健康與體育-健康與體育,綜合活動-綜合活動 健康與體育-健康與體育,社會-公民與社會 健康與體育-健康教育,,性侵害,sìng-tshim-hāi
100987,性騷擾,舉凡不為對方所接受之帶有性意味或性別歧視，致影響個人人格尊嚴與權益，但未達性侵害程度的言詞或行為。,,社會-社會,綜合活動-綜合活動 健康與體育-健康與體育,社會-公民與社會 健康與體育-健康教育,,性騷擾,sìng-so-jiáu
100988,抱拳,一種敬禮方式。一手握拳，另一手抱著拳頭，合靠在胸前。,,健康與體育-健康與體育,健康與體育-健康與體育,健康與體育-體育,,抱拳,phō-kûn
100989,抵抗力,抗拒外來侵入的力量。多指人體內的免疫能力而言。,健康與體育-健康與體育,健康與體育-健康與體育,,健康與體育-健康教育,,抵抗力,tí-khòng-li̍k té-khòng-li̍k
100990,押韻,詩詞歌賦中，某些句子的末字使用韻母相同或相近的字，使音調和諧優美。,,語文-國語文,語文-國語文,語文-國語文,語文-國語文,押韻 鬥句,ah-ūn tàu-kù
100991,拋球,從上兩腋下拋出球或上手拋球，或撞擊，球觸及連接前臂或平臺內部。在準備動作的基礎上，持球手的肘部漸漸伸直並向下靠近持球手同側的大腿，然後從腿側自下而上將球拋起。在整個動作過程中，手臂保持伸直的狀態，其走勢與地面垂直，掌心向上，以拇指、食指、中指三指將球平穩托起，盡量避免勾指、甩手腕等多餘的手部小動作，以免影響球的平穩走勢，球在空中的旋轉越少越好。,健康與體育-健康與體育,健康與體育-健康與體育,健康與體育-健康與體育,健康與體育-體育,,拋球,phau-kiû
100992,拍子,量詞。計算音樂節奏的單位。,,藝術-藝術,,,,板 板嘹,pán pán-liâu
100993,拍球,拍球是用手指觸球而非手心。,社會-生活課程 自然科學-生活課程 藝術-生活課程 綜合活動-生活課程 健康與體育-健康與體育,綜合活動-綜合活動 健康與體育-健康與體育,健康與體育-健康與體育,,,搭球,tah-kiû
100994,拔河,一種比賽力氣大小的運動。參賽者分成兩隊，各持繩索的一端，同時用力向後拉，以能將繩上的標識拉過一定界限者為優勝。古代的拔河方式，是兩隊隔河而拔，輸方會掉到水裡。,,,綜合活動-綜合活動 健康與體育-健康與體育,健康與體育-體育,,搝大索  拔大索 拔索,khiú-tuā-soh giú-tuā-soh pue̍h-tuā-soh pue̍h-soh
100995,放大圖,將原物件放大的圖。,數學-數學,,數學-數學,,,放大圖,hòng-tuā-tôo
100996,放大鏡,以凸透鏡裝置而成，可放大物體的單顯微鏡。,,自然科學-自然科學,,自然科學-理化,,譀鏡,hàm-kiànn
100997,放水燈,一種在佛教、道教普度前夕，招引水中孤魂的民俗儀式。,,社會-社會,,,,放水燈,pàng-tsuí-ting
100998,放學,學校結束一日課程後，放學生回家。,社會-生活課程 自然科學-生活課程 藝術-生活課程 綜合活動-生活課程 健康與體育-健康與體育,社會-社會 綜合活動-綜合活動 健康與體育-健康與體育,綜合活動-綜合活動,,,放學  散學,pàng-o̍h pàng-ha̍k suànn-o̍h suànn-ha̍k
100999,昆蟲,蟲類的總稱。多指身體由頭、胸、腹三部分組成，以氣管呼吸的節足動物。,,自然科學-自然科學,,自然科學-生物,,蟲豸 昆蟲,thâng-thuā khun-thiông
101000,明喻,1.譬喻修辭技巧的一種，凡喻體、喻詞、喻依三者具備的譬喻，稱為「明喻」。如「人生如夢」一句的「人生」是喻體，「如」是喻詞，「夢」是喻依。 2.明白指出兩物之間的相似性或比喻關係的修辭法。相對隱喻而言。,,,語文-國語文,語文-國語文,語文-國語文,明喻,bîng-jū
101001,明鄭時期,是指1662年至1683年間，由奉大明正朔的延平王鄭成功於南臺灣所建立之政權統治時期。明鄭時期前後歷經鄭成功、鄭經及鄭克塽三世統治21年。,,,社會-社會,,,明鄭時期,Bîng-Tēnn Sî-kî
101002,朋友,友人的通稱。,社會-生活課程 自然科學-生活課程 藝術-生活課程 綜合活動-生活課程 健康與體育-健康與體育,綜合活動-綜合活動,綜合活動-綜合活動,,,朋友,pîng-iú
101003,服兵役,依照我國兵役法規定，男子在18歲至45歲之間，接受國家軍事訓練，擔負保家衛民的責任。為國民對國家應盡的義務之一。役男以抽籤方式來決定陸、海、空等不同兵種。,,,社會-社會,,,服兵役 做兵,ho̍k ping-i̍k tsò-ping
101004,服務業,泛指一般非生產性行業。可分為對人身的服務，如美容、健身、服裝等；及提供技術的服務，如設計、修護等。,,社會-社會,社會-社會,社會-地理,社會-地理,服務業,ho̍k-bū-gia̍p
101005,東北季風,因季節變化而改變風向的季節性風系。主要是由大範圍海陸性質的差異所造成。如夏季陸地熱，氣壓低，暖溼的風自海洋吹向陸地；冬季陸地比海洋冷，氣壓高，乾冷的風自內陸吹向海洋。,,,社會-社會,社會-地理,社會-地理,東北季風,tang-pak kuì-hong
101006,東半球,地球的東半部，從西經20度起向東到東經160度止，包括歐、亞、非三洲、澳洲全部以及南極洲的大部分，陸地面積大於西半球一倍。,,,社會-社會,社會-地理,,東半球,Tang-puànn-kiû
101007,東沙群島,位於臺灣、海南島及菲律賓呂宋島之間的群島。由東沙島及南、北兩礁灘所組成，為我國南海諸島中，位置最北的群島。島上設有燈塔、氣象臺，現由我國國軍戍守。,,,社會-社會,社會-地理,,東沙群島,Tang-sua kûn-tó
101008,東亞地區,指亞洲東部，包括中國大陸、日本列島、臺灣島、朝鮮半島、琉球群島和蒙古高原等。,,,社會-社會,社會-地理,,東亞地區,Tang-a tē-khu
101009,東亞島弧,東亞島弧，為西太平洋一系列島嶼的統稱，形成原因是因為歐亞板塊及太平洋板塊的碰撞所致。由於位處兩塊板塊之間，因此東亞島弧也是全球主要的地震帶之一，分布了許多火山與火山群。,,,社會-社會,社會-地理,,東亞島弧,Tang-a tó-hôo
101010,東南亞,亞洲東南部地區。包括越南、柬埔寨、泰國、緬甸、馬來西亞、新加坡、菲律賓、印度尼西亞、汶萊等國。,,,社會-社會,社會-歷史 社會-地理,社會-歷史,東南亞,Tang-lâm-a
101011,東海,海洋名。指長江口以南、臺灣海峽以北，琉球群島以西的海域。,,,社會-社會,社會-地理,社會-地理,東海,Tang-hái
101012,東經,本初子午線以東的經度或經線，稱為「東經」，共180度。,,,社會-社會,社會-地理,社會-地理,東經,tang-king
101013,林口臺地,地名。位於臺灣的北部，居臺北盆地的西側，隸屬新北市及桃園市。頂部平坦，紅土層甚厚，平均高度約200公尺，境內農田散布，並遍植茶樹，人口極為稠密。,,,社會-社會,社會-地理,,林口臺地,Nâ-kháu Tâi-tē
101014,林爽文事件,臺灣清治時期三大民變之一，由天地會領袖林爽文發動的一場抗清行動。,,,社會-社會,社會-歷史,社會-歷史,林爽文事件,Lîm Sóng-bûn Sū-kiānn
101015,果實,植物體的種子部分。由植物的花經過受精後，子房部分逐漸成長而成。,,自然科學-自然科學,,自然科學-生物,,果實  果子,kó-si̍t kué-si̍t kué-tsí
101016,果實類,果實可以分為真果和假果。由受精後雌蕊子房單一發育起來而形成的果實，叫做真果，如桃、梅、李等果實。它們外面薄薄的一層一外果皮，肥厚多汁的果肉是中果皮，堅硬的核是內果皮，而核裡面的仁是種子。而假果則由子房加上花的其它部分（花萼、花被、花軸等）形成的果實。如蘋果、梨的果肉是由花托、雄蕊、花被的基部共同發育而成的，可吃的部分主要是花托。,,自然科學-自然科學,,自然科學-生物,,果實類  果子類,kó-si̍t-luī kué-si̍t-luī kué-tsí-luī
101017,枝條,樹木的細小枝幹。,,自然科學-自然科學,,自然科學-生物,,樹枝,tshiū-ki
101018,欣賞曲,音樂教學時，供學生欣賞以培養美感之曲目。,,藝術-藝術,,,,欣賞曲,him-sióng-khik
101019,武術,運用拳腳、兵器等攻擊和防禦的技術。,健康與體育-健康與體育,綜合活動-綜合活動 健康與體育-健康與體育,健康與體育-健康與體育,健康與體育-體育,,武術,bú-su̍t
101020,河口,河流的出口。河川流入海洋、湖泊或支流流入主流的地方。,,,自然科學-自然科學,,,海口 溪口 港喙,hái-kháu khe-kháu káng-tshuì
101021,河川流量,在特定時間（通常為一小時）內，向同一方向通過某一定點的水流量。,,,社會-社會,社會-地理,,河川流量,hô-tshuan liû-liōng
101022,河床,河水兩岸間凹下容水的部分。也稱為「河身」、「河槽」。,,,自然科學-自然科學,,自然科學-地球科學,河床,hô-tshn̂g
101023,河道,河水流經的通道。多指能通航的河流水道。,,,自然科學-自然科學,,,河道 港路,hô-tō káng-lōo
101024,油彩,舞臺化妝用的含有油質的顏料。,,藝術-藝術,,藝術-視覺藝術,藝術-美術,油彩,iû-tshái
101025,油畫,一種西洋繪畫。用容易乾燥的油料調和顏料，在布、木板或厚紙板上繪畫。其特點是顏料有較強的遮蓋力，能充分表現出物體的真實感和色彩效果。,,藝術-藝術,藝術-藝術,藝術-視覺藝術,,油畫,iû-uē
101026,治臺政策,治理臺灣的政策。,,,,社會-歷史,,治臺政策,tī Tâi tsìng-tshik
101027,法治,一切依據法律，力求公平公正，並依此施政、治理百姓的制度，與威權統治的人治相對。,,,社會-社會,社會-公民與社會,,法治,huat-tī
101028,法律,經由特定成員共同討論制訂，可為大家共同遵守並具有約束懲治效率的法規條文。,,,社會-社會,社會-公民與社會,,法律,huat-lu̍t
101029,法國號,銅管樂器。起源於十八世紀的英國，最常用的是F調。為英語French horn的意譯。為管弦樂團重要的銅管樂器，具有三個半八度的寬廣音域，音色柔美，亦為木管五重奏的一員。現在的法國號，還附有按鍵，亦可作半音演奏。,,,藝術-藝術,,藝術-音樂,法國號,Huat-kok-hō
101030,注音,用同音字或符號標明文字的讀音。,語文-國語文,語文-國語文,,語文-國語文,,注音,tsù-im
101031,注音符號,標注漢字字音的符號。分為二式：第一式即民國7年由教育部頒布推行的注音字母ㄅ、ㄆ、ㄇ、ㄈ等；第二式於民國75年公告，取代民國17年制訂的「國語羅馬字」，仍用a、b、c等來譯漢字的音。,語文-國語文,語文-國語文,,語文-國語文,,注音符號,tsù-im hû-hō
101032,注音輸入,以注音符號來輸入漢字的中文輸入法。,,語文-國語文,,,,注音輸入,tsù-im su-ji̍p
101033,注射筒,用來注射藥物或抽出體內液體的玻璃或塑膠管。,,自然科學-自然科學,,,,針筒 射筒 注射筒,tsiam-tâng siā-tâng tsù-siā-tâng
101034,注意,關注留意。,,藝術-藝術,,,,注意,tsù-ì
101035,注意力,關注某一事物的精神力量。,,藝術-藝術,,,,注意力,tsù-ì-li̍k
101036,注釋,以簡單的文字解釋複雜艱深的文句。,,,語文-國語文,語文-國語文,語文-國語文,注釋 註解,tsù-sik tsù-kái
101037,版畫,在銅版、鋅版、木版、石版等版面上以雕刻或腐蝕技法繪雕形象，再塗上油墨或水性顏料，以紙或布拓印出來的圖畫。,,藝術-藝術,,藝術-視覺藝術,藝術-美術,版畫,pán-uē
101038,玩具,可供遊戲玩樂的東西。,社會-生活課程 自然科學-生活課程 藝術-生活課程 綜合活動-生活課程 健康與體育-健康與體育,社會-社會 綜合活動-綜合活動 健康與體育-健康與體育,綜合活動-綜合活動,,,尪仔物 𨑨迌物  𨑨迌物仔  囡仔物 玩具,ang-á-mi̍h tshit-thô-mi̍h thit-thô-mi̍h tshit-thô-mih-á thit-thô-mih-á gín-á-mi̍h uán-kū uán-khū
101039,直式,1.由上而下的書寫方式。 2.將被加（減）數、加（減）數與運算結果用上下位置予以排列。,語文-國語文 數學-數學,語文-國語文,,語文-國語文,數學-數學,直式,ti̍t-sik
101040,直式計算,可用垂直的方式來排列計算的值，並且個位數與十位數分別對齊，接著則將計算的結果寫於橫線之下。,數學-數學,數學-數學,,,數學-數學,直式計算,ti̍t-sik kè-sǹg
101041,直式除法,用直式寫法進行除法計算的方式。,數學-數學,,,,數學-數學,直式除法,ti̍t-sik tî-huat
101042,直角,兩直線垂直相交所成的角。其角度為90°。,,數學-數學,,數學-數學,數學-數學,直角 屈尺角,ti̍t-kak khut-tshioh-kak
101043,直角三角形,有一個直角和兩個銳角的三角形。,數學-數學,數學-數學,,數學-數學,數學-數學,直角三角形 屈尺角三角形,ti̍t-kak sann-kak-hîng khut-tshioh kak-sann-kak-hîng
101044,直射,直接照射。,,,自然科學-自然科學,,自然科學-地球科學,直射 直照,ti̍t-siā ti̍t-tsiò
101045,直徑,連接圓周上的二點並通過圓心，或連接球面上的二點並通過球心的直線。,,數學-數學,,數學-數學,數學-數學,直徑,ti̍t-kìng
101046,直拳,先屈臂，然後快速直伸，以正拳攻擊對方正面部位的出拳方式。,健康與體育-健康與體育,,健康與體育-健康與體育,,,直拳 正拳,ti̍t-kûn tsiànn-kûn
101047,直接比較,透過疊合，直接比出大小。,數學-數學,,,,,直接比較,ti̍t-tsiap pí-kàu
101048,直笛,樂器名。一種直持吹奏的笛子。,,藝術-藝術,,,,𥰔仔,phín-á
101049,直線,二點之間距離最短、不彎曲的線。,數學-數學,,,數學-數學,數學-數學,直線,ti̍t-suànn
101050,直轄市政府,直轄市是中華民國之第一級行政區劃，與省平級，行政院直轄；根據《地方制度法》的規定，在人口聚居達125萬人以上，且在政治、經濟、文化及都會區域發展上有特殊需要之地區置之。目前共設有臺北市、新北市、桃園市、臺中市、臺南市、高雄市等6個，因各市皆是大都會，即簡稱為「都」，而集體總稱「六都」。,,,社會-社會,社會-公民與社會,社會-公民與社會,直轄市政府,ti̍t-hat-tshī tsìng-hú
101051,直轄市議會,直轄市的地方立法機關。,,,社會-社會,社會-公民與社會,社會-公民與社會,直轄市議會,ti̍t-hat-tshī gī-huē
101052,直觀比較,以知覺比較兩個不同物體的量。,數學-數學,,,,,直觀比較,ti̍t-kuan pí-kàu
101053,社交舞,社交場合所跳的舞。由民間舞蹈演變而成，多為男女二人對舞，舞步簡單。如華爾滋、恰恰、探戈、倫巴等，為國際流行的社交舞。,,,藝術-藝術,,,社交舞,siā-kau-bú
101054,社區,一群人以自由結合的方式所居住的特定區域。此範圍內的每一分子，皆可共享區域內所有的服務與利益。,健康與體育-健康與體育,社會-社會,社會-社會 健康與體育-健康與體育,社會-公民與社會 健康與體育-健康教育,,社區,siā-khu
101055,社區營造,因社區民眾的自主與參與，使生活空間獲得美化，生活品質獲得提升，文化、產業、經濟再行復興，原有的地景、地貌煥然一新，進而促使社區活力的再現。如此全面性、整體性的規畫與參與社區經營創造的過程。,,,社會-社會,社會-公民與社會,,社區營造,siā-khu îng-tsō
101056,社會,1.由人所形成的集合體。 2.某一階級或某些範圍的人所形成的集合體。其組合分子具有一定的關係。 3.國民小學授課的科目之一。內容大略介紹本國的歷史、地理等。,社會-生活課程 自然科學-生活課程 藝術-生活課程 綜合活動-生活課程,社會-社會,社會-社會,社會-歷史 社會-公民與社會 健康與體育-健康教育,,社會,siā-huē
101057,社會行為,社會成員對其他成員產生具有互動或溝通意含的動作及其表現方式。,,自然科學-自然科學,自然科學-自然科學,,,社會行為,siā-huē hîng-uî
101058,社會性昆蟲,在集群生活的昆蟲中，其集群的協調性和內部分化顯著者，稱為社會性昆蟲。,,自然科學-自然科學,,自然科學-生物,,社會性蟲豸 社會性昆蟲,siā-huē-sìng thâng-thuā siā-huē-sìng khun-thiông
101059,社會秩序,社會中個體與群體間的關係，形成結構化並可依從的情感互動與階序模式。,,社會-社會,社會-社會 健康與體育-健康與體育,社會-歷史 社會-公民與社會,,社會秩序,siā-huē tia̍t-sū
101060,社會組織,由一群依循一定規範，並擁有同一目標的社會成員所組聚而成的集合、群體。,,,社會-社會,,,社會組織,siā-huē tsoo-tsit
101061,社會規範,社會上共同認可的各種行為準則，常為不同社會群體權力爭鬥的產物，反映主流社會的價值。,,,社會-社會,社會-公民與社會,,社會規範,siā-huē kui-huān
101062,社會運動,凡不經政府以法令強制施行而純由民間部分人士，基於良知，協力提倡的社會改革行動。,,,社會-社會,社會-歷史,社會-歷史,社會運動,siā-huē ūn-tōng
101063,社會福利,總稱政府或民間機構，為適應社會變遷，改善民眾生活，所舉辦的各種有組織的福利措施。狹義的社會福利專指救助性的服務，廣義的尚包括預防性與發展性兩方面。,,社會-社會,社會-社會,社會-公民與社會,社會-公民與社會,社會福利,siā-huē hok-lī
101064,社會變遷,社會形態或社會結構發生改變的過程。,,社會-社會,社會-社會,社會-公民與社會,社會-公民與社會,社會變遷,siā-huē piàn-tshian
101065,空氣,包圍地球表面的氣體。主要成分是氮和氧，還有極少量的氦、氖、氪等惰性元素和水蒸氣、二氧化碳、微生物、雜質等。,,自然科學-自然科學,,自然科學-理化,,空氣,khong-khì
101066,空氣汙染,空氣中雜有灰塵、浮游塵、有害氣體等汙染物質，直接影響公眾健康的現象。工廠及交通工具所排放的廢氣、外洩的輻射線等均會造成空氣汙染。,,自然科學-自然科學,,,,空氣汙染,khong-khì u-jiám khong-khì ù-jiám
101067,空氣柱,管身中空的管狀空間充滿空氣，稱為「空氣柱」。空氣柱會振動而發出聲音。,,自然科學-自然科學,自然科學-自然科學,自然科學-理化,,空氣柱,khong-khì-thiāu
101068,空氣流動,空氣從密的地方流向疏的地方。空氣的上下流動叫做「對流」，空氣水平移動便是風。,,自然科學-自然科學,,自然科學-理化,,空氣流動,khong-khì liû-tōng
101069,空氣發射器,用塑膠瓶所製成發射器是利用空氣可被擠壓，當空氣被擠壓到不能再擠壓時，產生向外推的流動力量，將紙團發射出去。,,自然科學-自然科學,,,,空氣發射器,khong-khì huat-siā-khì
101070,空間感,根據透視原理，運用各種手法，如照明、光學、物體的不同顏色等，造成光影明暗、色彩的差別和對比，使其在平面上的繪畫或影片獲得立體、縱深的感覺。,,藝術-藝術,,藝術-視覺藝術,,空間感,khong-kan-kám
101071,肢體,身體四肢。,,綜合活動-綜合活動 健康與體育-健康與體育,綜合活動-綜合活動 健康與體育-健康與體育,健康與體育-健康教育,,肢體,ki-thé
101072,肥料,培植植物的滋養料，分天然肥料與化學肥料兩種。,,自然科學-自然科學,,自然科學-生物,,肥料,puî-liāu
101073,花,被子植物的生殖器官，由許多變形的葉集生而成。包括花萼、花冠、花蕊、花托。可供人觀賞。,,自然科學-自然科學,,自然科學-生物,,花,hue
101074,花朵,被子植物的生殖器官，由許多變形的葉集生而成。包括花萼、花冠、花蕊、花托。可供人觀賞。,,自然科學-自然科學,,自然科學-生物,,花蕊,hue-luí
101075,花東縱谷平原,海岸山脈與中央山脈之間，是臺灣最大的河谷。,,,社會-社會,社會-地理,,花東縱谷平原,Hua-Tang Tshiong-kok Pîng-guân
101076,花柱,植物雌蕊的一部分，連接子房和柱頭的構造，形狀多呈管狀。為花粉管進入子房的通路。也稱為「蕊柱」。,,自然科學-自然科學,,自然科學-生物,,花柱,hue-tsū
101077,花粉,植物雄蕊內花葯所產生的粉粒。,,自然科學-自然科學,,自然科學-生物,自然科學-生物,花粉,hue-hún
101078,花崗岩,屬於酸性的侵入岩，岩漿在地下深處冷卻而成。成分為長石、石英及少量的雲母。呈粗粒狀岩理。質地堅硬，色澤美觀，是很好的建築材料。,,自然科學-自然科學,,,自然科學-地球科學,花崗石,hua-kang-tsio̍h hua-kong-tsio̍h
101079,花絲,被子植物雄蕊支撐花藥的絲狀或柱狀構造，其頂端即著生花藥。,,自然科學-自然科學,,自然科學-生物,,花絲,hue-si
101080,花菜類,泛指花部特別肥嫩發達，以幼花序或花蕾供食用的蔬菜類。如青花菜、金針菜等。,,自然科學-自然科學,,自然科學-生物,,花菜類,hue-tshài-luī
101081,花萼,花的組成部分之一。為花中萼片的總稱。由花瓣變形而來，在花瓣之外，花開時托著花冠，是花的保護構造。,,自然科學-自然科學,,自然科學-生物,,花萼,hue-go̍k
101082,花綵列島,又稱東亞島弧，為西太平洋一系列島嶼的統稱，由於構成弧狀的島嶼群宛如花綵一般，因而得名。,,,社會-社會,,,花綵列島,Hua-tshái Lia̍t-tó
101083,花蓮溪,"位於臺灣東部，為花蓮縣的主要河川之一，本流河長57.28公里，水系河長則為81公里，流域面積1,507.09平方公里，主要支流有木瓜溪、壽豐溪、萬里溪、馬太鞍溪、光復溪等。其水系沿著花東縱谷向東北方向流，在海岸山脈最北端的花蓮山出海，進入太平洋。",,,社會-社會,,,花蓮溪,Hua-liân-khe
101084,花瓣,花冠的組織單位，位於花萼的內側，其細胞中含有各種不同的色素，故常有不同的顏色。連合者稱為「合瓣」，如牽牛花；分離者稱為「離瓣」，如玉蘭花。,,自然科學-自然科學,,自然科學-生物,,花葉 瓣  花瓣,hue-hio̍h bān pān hue-bān hue-pān
101085,花藥,花藥是花中雄蕊的一部分，附著於花絲頂端。花藥內部含有小孢子母細胞，並可行減數分裂產生花粉（內含雄配子）。典型的花藥有兩葉，並於中部或基部與花絲相連。,,自然科學-自然科學,自然科學-自然科學,自然科學-生物,,花藥,hue-io̍h
101086,表面積,物體外表的面積。,,數學-數學,數學-數學,數學-數學,數學-數學,表面積,piáu-bīn-tsik
101087,表現,將心中的思想以具體的形式傳遞給別人知道。,,藝術-藝術,,,,表現,piáu-hiān
101088,表達,將心中的思想藉語文或行為的方式傳遞給別人知道，或傳遞訊息。,,藝術-藝術,,,,表達,piáu-ta̍t
101089,表演,1.把情節內容或技藝公開表現出來，供人觀賞或學習。  2.把情節或技藝公開表現的方式。,,藝術-藝術,,,,表演,piáu-ián
101090,表演者,用動作、方法，把事情的內容或特點示範演出的人。,,藝術-藝術,,,,表演者,piáu-ián-tsiá
101091,表演藝術,由表演藝術家完成的直接訴諸人的視覺、聽覺的藝術種類。泛指必須通過表演完成的藝術形式，如音樂演奏、演唱、舞蹈、曲藝等。,,藝術-藝術,,藝術-表演藝術,,表演藝術,piáu-ián gē-su̍t
101092,近視,醫學上指眼球的前後徑過長，使得與視軸平行進入眼中的光線焦點落於視網膜之前，造成視覺影像的模糊，而患者必須靠近物體才能看得清楚。患者可以配戴凹透鏡矯正。,,健康與體育-健康與體育,,健康與體育-健康教育,,近視,kīn-sī
101093,近體詩,包括絕句、律詩、排律等形式，約形成於唐代，相對於古體詩而言。聲韻有定則，且除排律外，句數都有限制。也稱為「今體詩」。,,,語文-國語文,語文-國語文,語文-國語文,唐詩,Tông-si
101094,金門,金門縣的簡稱。,,,社會-社會,,社會-地理,金門,Kim-mn̂g
101095,金門島,縣名。位於廈門灣口，東隔臺灣海峽與臺灣相望，北與馬祖列島控扼大陸東南沿海，軍事地位極為重要。,,,社會-社會,,,金門島,Kim-mn̂g-tó
101096,金廣福公館,是一處位於新竹縣北埔鄉的國定古蹟，原為我國第一級古蹟中，唯一的宅第類古蹟。,,,社會-社會,社會-歷史,社會-歷史,金廣福公館,Kim-Kóng-Hok Kong-kuán
101097,金屬,黃金金屬元素及其他具有光澤、延展性、能導電及導熱的物質。如金、銀、銅、鐵、合金等。,,自然科學-自然科學,,自然科學-理化,自然科學-地球科學,金屬,kim-sio̍k
101098,金屬片,其外形為片狀之黃金金屬元素及其他具有光澤、延展性、能導電及導熱的物質。如金、銀、銅、鐵、合金等。,,自然科學-自然科學,,,,金屬片,kim-sio̍k-phìnn
101099,金屬器時代,公元前後人類發展出煉鐵技術、製陶技術的時期。例如臺灣的十三行文化。,,,社會-社會,社會-歷史,,金屬器時代,Kim-sio̍k-khì Sî-tāi
101100,金屬器時期,公元前後人類發展出煉鐵技術、製陶技術的時期。例如臺灣的十三行文化。,,,社會-社會,,,金屬器時期,Kim-sio̍k-khì Sî-kî
101101,長,兩端點之間的距離。,數學-數學,,,數學-數學,,長,tn̂g
101102,長方形,數學上指直角的平行四邊形。具有下列性質：四內角皆為直角、對角線相等且互相平分、對邊平行且相等、面積等於長乘寬。,數學-數學,,,數學-數學,數學-數學,長方形 長篙形 長株形,tiông-hong-hîng tn̂g-ko-hîng tn̂g-tu-hîng
101103,長方體,指各面都是長方形的六面體。,數學-數學,,,數學-數學,數學-數學,長方體,tn̂g-hong-thé
101104,長石,一種含鉀、鈉、鈣及鋇的鋁硅酸鹽類礦物。可分為鹼性長石、斜長石、歪長石三種。呈乳白、淡黃、綠、肉紅或灰色，具珍珠或玻璃光澤。主要用於陶瓷及玻璃工業，有些可作裝飾石料及次等寶石。為分布最廣的造岩礦物。,,,自然科學-自然科學,自然科學-理化,,長石,tn̂g-tsio̍h
101105,長度,兩端之間的距離。,數學-數學,,,自然科學-理化,數學-數學,長度,tn̂g-tōo
101106,長針,時鐘上的分針。也稱為「分針」。,數學-數學,,,,,長針,tn̂g-tsiam
101107,長條圖,用若干個長短不齊、平行排列的長條，來表示數量大小的統計圖形。各長條的寬度與間隔都有適當比例，可按需要做靈活排列。也稱為「條形圖」。,數學-數學,數學-數學,,數學-數學,,長條圖  長株圖,tn̂g-tiâu-tôo tn̂g-liâu-tôo tn̂g-tu-tôo
101108,長濱文化,臺灣東海岸所發現的古文化遺址之一。屬舊石器時代晚期，主要遺址有臺東縣長濱鄉八仙洞、屏東縣恆春鎮鵝鑾鼻。距今約五千年至一萬五千年。遺物以打製石器為主，另有少許骨器。,,,社會-社會,社會-歷史,,長濱文化,Tiông-pin bûn-huà
101109,長邊,長方形上較長的邊。,數學-數學,,,數學-數學,數學-數學,長邊,tn̂g-pinn
101110,門齒,位於牙床中央，犬齒以內的牙齒，上下各有四枚。也稱為「門牙」。,,健康與體育-健康與體育,,,,頭前齒,thâu-tsîng-khí
101111,阿里山山脈,"山脈名。位於玉山山脈西側，北起濁水溪南岸，向西南延伸至高雄市鳳山丘陵，高約1000至2000公尺，最高峰大塔山高2,663公尺。為臺灣名山，有日出、雲海、森林、神木等勝景。",,,社會-社會,社會-地理,,阿里山山脈,A-lí-san Suann-me̍h
101112,阿拉伯板塊,以阿拉伯半島為主體的小板塊。,,,社會-社會,,,阿拉伯板塊,A-la-pik Pán-khuài
101113,雨,空氣中的水蒸氣遇冷凝結而降落的小水滴。,社會-生活課程 自然科學-生活課程 藝術-生活課程 綜合活動-生活課程,,綜合活動-綜合活動,社會-地理,自然科學-地球科學,雨,hōo
101114,雨水,雨。,,自然科學-自然科學,,自然科學-地球科學,,雨水,hōo-tsuí
101115,雨量,1.大氣中的水氣在高空中因凝結作用，形成雨水降落地表之量，通稱為「雨量」。 2.任何形式降水之量。通常指由雨量器內所量出的量而言。現常以含義較為明確的「降水量」代替「雨量」。,,社會-社會,社會-社會,,自然科學-地球科學,雨量,hōo-liōng ú-liōng í-liōng
101116,雨量器,用以觀測降水量的儀器。一般都包括一個頂端開口的容器，上有刻度，以英寸或釐米為單位。也稱為「雨量計」。,,自然科學-自然科學,,自然科學-地球科學,,雨量器,hōo-liōng-khì
101117,青少年期,指青春期的年齡。青春期是指由兒童逐漸發育成為成年人的過渡時期。青春期是人體迅速生長發育的關鍵時期，也是繼嬰兒期後，人生第二個生長發育的的高峰。,,健康與體育-健康與體育,,,,青少年期,tshing-siàu-liân-kî
101118,青年節,民國32年3月29日，三民主義青年團第一次全國代表大會在重慶舉行，因民國前1年3月29日黃花岡72烈士的光輝事蹟，足為我中國青年的楷模，故定3月29日為青年節。,,社會-社會,,,,青年節,Tshing-liân-tseh
101119,青壯年人口,即15─64歲人口。,,社會-社會,社會-社會,,,青壯年人口,tshing-tsòng-liân jîn-kháu
101120,青春期,個體的生殖功能開始作用至性生理發展成熟的過渡時期。女性的青春期約介於10歲半至14歲，男性約介於12至16歲半。,,健康與體育-健康與體育,綜合活動-綜合活動 健康與體育-健康與體育,健康與體育-健康教育,,青春期,tshing-tshun-kî
101121,非洲,世界七大洲之一。在東半球的西南部，東瀕印度洋，西臨大西洋，北隔地中海與歐洲相望，地形北闊南尖，面積二千九百八十六萬二千七百平方公里，是世界第二大洲。簡稱為「非洲」。,,,社會-社會,社會-地理,,非洲,Hui-tsiu
101122,非洲板塊,非洲板塊是一個較大的板塊，幾乎包含整個非洲大陸，向西一至延伸到中大西洋海嶺。它是1968年勒皮雄提出的六大板塊之一，範圍基本沒有變動。 非洲板塊的西界是一個離散邊界，形成中大西洋海嶺的中段和南段，非洲板塊隔此邊界在北部與北美洲板塊相接，在南部與南美洲板塊相接。,,,社會-社會,,社會-地理,非洲板塊,Hui-tsiu Pán-khuài
101123,非接觸力,非接觸力即為不接觸的兩個物體之間的相互作用，一般場力皆屬於非接觸力。,,自然科學-自然科學,,自然科學-理化,,非接觸力,hui-tsiap-tshiok-li̍k
101124,亮度,發光體的明暗程度。,,自然科學-自然科學,,自然科學-理化,自然科學-地球科學,光度,kng-tōo
101125,亮星,泛指肉眼能看到的所有恆星。,,,自然科學-自然科學,自然科學-地球科學,,光星,kng-tshenn
101126,侵蝕,一種自然現象。河水、波浪、冰川、風等自然力，將地殼的岩石與土壤風化、溶解、磨蝕而使之疏鬆碎裂，並搬離原地的作用。也稱為「剝蝕作用」。,,,自然科學-自然科學,,自然科學-地球科學,侵蝕,tshim-si̍t
101127,侵蝕作用,河水、波浪、冰川、風等自然力，將地殼的岩石與土壤風化、溶解、磨蝕而使之疏鬆碎裂，並搬離原地的作用。它屬一部分的「剝蝕作用」。,,,社會-社會,,社會-地理,侵蝕作用,tshim-si̍t tsok-iōng
101128,侵蝕風化,河水、波浪、冰川、風等自然力，將地殼的岩石與土壤風化、溶解、磨蝕而使之疏鬆碎裂。,,,社會-社會,,社會-地理,侵蝕風化,tshim-si̍t hong-huà
101129,便條,沒有正式規格，隨意書寫的簡便紙條。,語文-國語文,語文-國語文,,語文-國語文,,字條仔,jī-tiâu-á
101130,俗語,通俗流行的話語。,,,語文-國語文,語文-國語文,,俗語 俗語話 俗諺,sio̍k-gí sio̍k-gí-uē sio̍k-gān
101131,保生大帝,民間供奉的神祇。傳說保生大帝俗姓吳，福建省泉州府同安縣人，生於北宋太宗年間，是紫薇君星降世。平生懸壺濟世，成神後又常化為人身救助災禍，故明朝皇帝晉封其為「保生大帝」。現約有一百多座以祂為主祀的廟宇，以臺北大龍峒保安宮、臺南興濟宮最為著名。醫師業通常以祂作為行神來祭祀。也稱為「大道公」、「花轎公」、「真人先師」、「恩主公」、「吳真君」、「吳真人」。,,,社會-社會,社會-歷史,社會-歷史,保生大帝,Pó-sing-tāi-tè
101132,保甲制度,保甲制度，為中國自宋代使用帶有軍事管理的戶籍管理制度，後來作罷。但於之後在各個朝代演變為農村基本政治制度，所以基本內容為10戶為「甲」，10甲為「保」，直到1912年中華民國成立以後才停止施行。,,,社會-社會,社會-歷史,,保甲制度,pó-kah tsè-tōo
101133,保育計畫,事先擬訂的具體方案或辦法為天然生態與自然資源的合理利用。,,藝術-藝術,,,,保育計畫,pó-io̍k kè-uē
101134,保育類生物,為保育野生動物，維護物種多樣性，與自然生態之平衡，係指各地特有或族群量稀少之野生動物。,,自然科學-自然科學,,自然科學-生物,,保育類生物,pó-io̍k-luī sing-bu̍t
101135,保溫,保持溫度。即使熱不發散。,,,自然科學-自然科學,自然科學-理化,,保溫,pó-un
101136,信,把言語寫成文字傳達給特定對象的書面文件。,語文-國語文,,,語文-國語文,,批 批信,phue phue-sìn
101137,信用卡,代表個人信用，並供其取代現金消費的卡片。,,社會-社會,社會-社會,,,信用卡,sìn-iōng-khah
101138,信仰,1.對某種主張、主義、宗教極為信服和尊崇，並引以為言行的榜樣或指南。 2.信仰的行為。,,社會-社會,社會-社會,社會-歷史,社會-歷史 社會-地理,信仰,sìn-gióng
101139,信封,書信的封套。也稱為「信皮兒」。,語文-國語文,,,語文-國語文,,批囊  批殼,phue-lông phue-long phue-khak
101140,冒號（：）,一種標點符號。用在總起下文，或舉例說明上文，其符號為「：」。在文章中引用到引語之前，經常要使用冒號。,語文-國語文,語文-國語文,,語文-國語文,,冒號,mōo-hō
101141,前後,前面與後面。,數學-數學,,,,,前後,tsîng-āu
101142,前項,數學上稱比的第一項、比例式的第一項及第三項，如3:1中的3，a:b＝c:d中的a、c。,,,數學-數學,數學-數學,,前項,tsîng-hāng
101143,前蛹,完全長成的幼蟲，在找尋到合適的場所作繭、築蛹室等準備後，在化蛹前，會有一段不吃不動的靜止狀態，這時候的幼蟲，形態上會稍微改變，但仍保有幼蟲的外皮，稱為前蛹，而這個時期則稱為前蛹期。,,自然科學-自然科學,,自然科學-生物,,前蛹,tsiân-ióng
101144,南半球,地球赤道以南的部分。其海洋面積多於陸地面積。,,,社會-社會,社會-地理,,南半球,Lâm-puànn-kiû
101145,南回歸線,地球上一條假想的緯線，約在南緯23.5°。北半球冬至時，太陽直射此線。,,,社會-社會,社會-地理,自然科學-地球科學,南回歸線,Lâm-huê-kui-suànn
101146,南沙群島,位於西沙群島東南的群島，是我國南海四群島之一。範圍廣泛，有暗沙、礁、島等，航行困難危險，多無居民。主島為太平島，現有國軍長期駐防。位於北緯4度的曾母暗沙，是我國領土的最南端。,,,社會-社會,社會-地理,,南沙群島,Lâm-sua kûn-tó
101147,南河三,南河三是一顆視星等為0.34的恆星，位於小犬座。其為恆星亮度列表中第9亮的恆星，同時也是該星座最亮的恆星。,,,自然科學-自然科學,自然科學-地球科學,,南河三,Lâm-hô-sann
101148,南極板塊,為南極洲板塊的簡稱，是一塊包括南極洲和周圍洋面的板塊。,,,社會-社會,,社會-地理,南極板塊,Lâm-ki̍k Pán-khuài
101149,南極圈,約南緯66.5度。南半球夏至時，太陽照射地表的最南界限，亦是寒帶與溫帶的界限。,,,社會-社會,社會-地理,,南極圈,Lâm-ki̍k-khuan
101150,南緯,地球表面若以經緯度坐標定位，位在赤道以南的緯度，稱為「南緯」。,,,社會-社會,社會-地理,社會-地理,南緯,lâm-huī lâm-uī
101151,南韓,大韓民國的通稱。位於亞洲東部的朝鮮半島上，在日本海與黃海之間。,,,社會-社會,,,南韓,Lâm-Hân
101152,厚,扁平物體上下之間距離較大的。與「薄」相對。,數學-數學,,,,,厚,kāu
101153,垂直,兩條直線，若交角為直角，則稱為「互相垂直」。兩個平面，若交角（二面角）為直角，則稱為「互相垂直」。一直線與一平面相交，若平面上通過交點的任一直線與該直線交角都是直角，則稱該直線與該平面「互相垂直」。,數學-數學,,,數學-數學,數學-數學,垂直 墜直,suî ti̍t tuī-ti̍t
101154,垂直現象,當有兩條直線的交角為90°時，稱為垂直現象。,數學-數學,,,,,垂直現象 墜直現象,suî-ti̍t hiān-siōng tuī-ti̍t hiān-siōng
101155,客家人,東晉五胡亂華之際，原居山西、陝西、河南、安徽一帶的居民，因女真人、蒙古人的入侵，集體向南遷移，在開墾江南的過程中，常和土著發生衝突，於是地方政府將原先居住的畬、傜等土著稱為「主籍」，從北方遷來的漢人通稱為「客籍」，這種主、客的區別，就是現在客家名稱的由來。客家人多分布於福建、江西、湖南、廣東交界的地區，以及廣西、四川若干縣，今臺灣屏東、高雄、新竹、苗栗等縣居民由廣東遷來的，也稱為「客家人」。客家人在聚居地區保持自己的習俗傳統，勤勞積極，山歌別具風格，語言中保留大量漢語音韻。,,社會-社會,,社會-歷史 社會-地理,社會-歷史 社會-地理,客人 客家人,Kheh-lâng Kheh-ka-lâng
101156,客家小調,臺灣的客家小調是指二十年前就有的歌曲，並非指目前的客家流行歌曲。這種小調是詞曲固定的，有別於詞曲可任意即興創作的客家山歌。,,,藝術-藝術,,,客家歌仔,kheh-ka kua-á
101157,客運,1.載運乘客的運輸部門。 2.用以載運旅客的汽車。,,社會-社會,,,,客運,kheh-ūn
101158,室內管樂團,以室內演奏的樂器表演爲主的樂團。,,藝術-藝術,,,,室內管樂團,sik-lāi kuán-ga̍k-thuân
101159,室外行進管樂團,集管樂演奏與各種表演於一體，題材廣泛、形式靈活，極富動感和視聽沖擊力。以室外演奏的樂器表演爲主的樂團。,,藝術-藝術,,,,室外行進管樂團,sik-guā hîng-tsìn kuán-ga̍k-thuân
101160,屏東平原,屏東平原為臺灣之一陷落沖積平原，為僅次於嘉南平原之臺灣第二大平原。,,,社會-社會,,,屏東平原,Pîn-tong Pîng-guân
101161,度,在樂理上，習慣以「度」來表示兩音之間的距離。在五線譜中，每個「線」、每個「間」都代表一個音級，當兩個音在同一個「線」或「間」時，稱為一度。若兩個音是在相鄰的「間」與「線」上，就稱為二度。其它度數以此類推。,,,藝術-藝術,,藝術-音樂,度,tōo
101162,度（°）,計算圓弧及角的單位。圓周的三百六十分之一為弧的一度；一度的弧所對的中心角，為角度的一度。符號用「 °」表示。,,數學-數學,,數學-數學,,度,tōo
101163,律動,有規律、節奏的變動。,社會-生活課程 自然科學-生活課程 藝術-生活課程 綜合活動-生活課程,健康與體育-健康與體育,健康與體育-健康與體育,,藝術-音樂,律動,lu̍t-tōng
101164,律詩,一種近體詩。形成於唐初，每首八句，二、四、六、八句要押韻，三四、五六兩句要對仗，每句有一定的平仄。可分為五言律詩、七言律詩兩種。,,,語文-國語文,語文-國語文,語文-國語文,律詩 律仔,lu̍t-si lu̍t-á
101165,後記,由作者或他人撰寫，刊在書籍、文章的最後，用以說明寫作旨趣、經過或補充個別內容的文字。,,語文-國語文,,,,後記,hiō-kì
101166,後項,數學上指相比的兩個數，在比號之前的稱為「前項」，在比號之後的稱為「後項」。如a:b＝3:1，則b、1為後項。,,,數學-數學,數學-數學,,後項,āu-hāng
101167,後腳,昆蟲或四肢動物，長在後面的兩隻腳。,,自然科學-自然科學,,自然科學-生物,,後跤,āu-kha
101168,恆星,本身能發出光和熱的星體。恆星的位置幾乎永遠不變，故名。銀河系內的恆星據估計為數約有幾千億，太陽為距離地球最近的恆星。,,,自然科學-自然科學,自然科學-地球科學,自然科學-地球科學,恆星 定星,hîng-tshenn tīng-tshenn
101169,恆春半島,半島名。位於臺灣的最南端，有墾丁國家公園、國立海洋生物博物館，以及鵝鸞鼻、佳樂水等觀光勝地。臺灣第三核能發電廠設於半島的南灣沿岸。,,,社會-社會,社會-地理,社會-地理,恆春半島,Hîng-tshun puànn-tó
101170,恆春城,同治13年（西元1874年）發生牡丹社事件後，沈葆楨奉命來臺督辦防務，抵琅𤩝（今恆春半島一帶）時，地方士紳向沈葆楨建議：「琅𤩝地勢險要，可為縣治。」沈氏在四處勘察後亦有同感，乃奏請設縣，並築城以守。其後，又有感於當地氣候四季如春，故改名為「恆春」。,,,社會-社會,,,恆春城,Hîng-tshun-siânn
101171,恆溫動物,體溫不隨環境溫度改變而升降，且維持一定溫度的動物。如鳥類、哺乳類都是。也稱為「常溫動物」、「溫血動物」。,,自然科學-自然科學,,自然科學-生物,自然科學-生物,恆溫動物,hîng-un tōng-bu̍t
101172,恆齒,人在六歲開始，乳齒脫落後所長出的永久性牙齒，通常共有三十二顆。也稱為「永久齒」。,健康與體育-健康與體育,,,,,大人齒,tuā-lâng-khí
101173,括號,原為數學用的符號，有括線、括弧兩種。括線用於數字之上，形為－；括弧用於數字之外，如（）、〔〕。今亦普遍被用於文章書寫上。,,數學-數學,,數學-數學,,括號,kuat-hō
101174,拼音,按照字或詞的音節，連綴音素而成音。,語文-國語文,,,,,拼音,phing-im
101175,持續音,在音符符頭的上方或下方加上一條橫線，稱為「持續音」。表示演奏或演唱時，須充分保持音的長度，音與音之間幾乎沒有距離。,,藝術-藝術,,,,連紲音,liân-suà-im
101176,指北針,一種利用磁針測定方位的儀器。常用於飛機、船舶的航行或用以觀測目標的方位。,,自然科學-自然科學,,自然科學-理化,,指北針,tsí-pak-tsiam
101177,指示劑,指示劑是化學試劑中的一類。在一定介質條件下，其顏色能發生變化、能產生渾濁或沉澱，以及有熒光現像等。常用它檢驗溶液的酸鹼性；滴定分析中用來指示滴定終點；環境檢測中檢驗有害物。,,,自然科學-自然科學,自然科學-理化,,指示劑,tsí-sī-tse
101178,指事,六書之一。因無具體形象，故以象徵性的符號來表示意義的造字方法。如上、下。也稱為「象事」、「處事」。,,,語文-國語文,語文-國語文,,指事,tsí-sū
101179,指事符號,指事為六書之一。因無具體形象，故以象徵性的符號來表示意義的造字方法，該符號即為指事符號。,,,語文-國語文,,,指事符號,tsí-sū hû-hō
101180,指法,學習技藝時，運用手指的各種技巧。如彈琴的指法、打字的指法及中醫針灸時捻針的指法。,,藝術-藝術,,,,指法,tsí-huat
101181,指揮家,音樂表演時，站在樂隊或合唱團前面手拿指揮棒、並結合肢體語言指示如何演奏或演唱的人。,,,藝術-藝術,,藝術-音樂,指揮家,tsí-hui-ka
101182,按音孔,笛子有六個按音孔，其功能為調節笛音。,,藝術-藝術,,,,音空,im-khang
101183,政府單位,是一個政治體系，於某個區域訂立、執行法律和管理的一套機構。,,,社會-社會,,,政府單位,tsìng-hú tan-uī
101184,政府機構,凡具有制定法律、執行法律的權利之政治組織。,,社會-社會,,,,政府機構,tsìng-hú ki-kòo
101185,政府機關,指中央、地方各級機關及其設立之實（試）驗、研究、文教、醫療及特種基金管理等機構。,,社會-社會,社會-社會,,社會-公民與社會,政府機關 官廳,tsìng-hú ki-kuan kuann-thiann
101186,政治,泛指政府制定法令，管理國家事務的一切行為。,,,,社會-歷史 社會-公民與社會,社會-公民與社會,政治,tsìng-tī
101187,政黨輪替,指在民主國家透過選舉，由不同政黨接替前一政黨執政，產生政權轉移的現象。,,,社會-社會,社會-歷史 社會-公民與社會,社會-歷史 社會-公民與社會,政黨輪替,tsìng-tóng lûn-thè
101188,施力,對物體的作用力。,,自然科學-自然科學,,自然科學-理化,自然科學-物理,施力,si-li̍k
101189,施力臂,從支點到施力點的距離。,,自然科學-自然科學,,自然科學-理化,,施力臂,si-li̍k-pì
101190,施力點,施力作用於槓桿的位置叫做「施力點」。,,自然科學-自然科學,,自然科學-理化,,施力點,si-li̍k-tiám
101191,施肥,給植物灑放肥料。,,自然科學-自然科學,,自然科學-生物,,落肥,lo̍h-puî
101192,施琅,人名。字尊侯，號琢公，清晉江人，生卒年不詳。初為明代鄭芝龍部將，降清後，平臺灣，滅鄭氏，封靖海侯，卒諡襄壯。,,,社會-社會,社會-歷史,,施琅,Si Lông
101193,星,宇宙中會發光或反射光的天體。如：恆星、行星、哈雷彗星。,,,自然科學-自然科學,,,星,tshenn
101194,星空,有星的夜空。,,,自然科學-自然科學,自然科學-地球科學,,星空,sing-khong
101195,星星,泛稱夜空中發光的星體。,,,自然科學-自然科學,自然科學-地球科學,,星 天星,tshenn thinn-tshenn
101196,星座,西方天文學上為便於表示恆星的位置，將星空劃分成若干區域，依其所組成的圖形聯想命名。如大熊星座、獵戶星座、仙女星座。,,,自然科學-自然科學,,自然科學-地球科學,星座,tshenn-tsō sing-tsō
101197,星座盤,旋轉星圖又稱活動星圖，是由兩個有著共同軸心，可調整的盤面組成，類似星圖的觀星工具。它可以調整顯示出任何日期和時間可以看見的星星，是協助如何辨認出恆星和星座的儀器。,,,自然科學-自然科學,自然科學-地球科學,,星座盤,tshenn-tsō-puânn sing-tsō-puânn
101198,星期制,七天一星期的制度。,,,社會-社會,社會-歷史,社會-歷史,星期制 禮拜制,sing-kî-tsè lé-pài-tsè
101199,星等,依地球上所接受的星球亮度而劃分的等級，星等愈小，表示亮度越高。,,,自然科學-自然科學,自然科學-地球科學,自然科學-地球科學,星等,tshenn-tíng
101200,春分,二十四節氣名稱之一。國曆3月20或21日，太陽直射赤道，這天晝夜長短平均，以後晝漸長，夜漸短。,,,自然科學-自然科學,自然科學-地球科學,,春分,tshun-hun
101201,春季大三角,是在天球上想像出來的三角形，由天琴座的織女星、天鷹座的牛郎星及天鵝座的天津四組成，其中織女星位於這個三角形的直角頂點上。這三顆星分別是它們所在星座中最明亮的星。,,,自然科學-自然科學,自然科學-地球科學,,春季大三角,Tshun-kuì Tuā Sann-kak
101202,春節,傳統節慶之一。舊時指立春，民國以來指農曆新年的假期。,,社會-社會,,,,春節,tshun-tseh
101203,架構,1.構築、建造。 2.結構、間架。,,藝術-藝術,,,,架構,kà-kòo
101204,柔軟度,任何可以屈、轉、彎、扭，而不使姿勢破壞的能力。柔軟度是人體各關節所能伸展活動的最大範圍。,健康與體育-健康與體育,健康與體育-健康與體育,健康與體育-健康與體育,健康與體育-體育,,柔軟度,jiû-nńg-tōo
101205,查生字,在字典上查找不熟識的字。,語文-國語文,,,,,查生字,tshâ sing-jī tshâ senn-jī tshâ tshenn-jī
101206,查字典,查找字典。,語文-國語文,語文-國語文,語文-國語文,,,查字典,tshâ jī-tián
101207,查讀,掃描式閱讀，是指用較短的時間快速掃視文章，查找具體信息或相關事實與細節的閱讀技巧。,,語文-國語文,,,,查讀,tshâ-tha̍k
101208,柱高,柱體的高度。以角柱為例，角柱的所有側面的邊都一樣長，稱為角柱的柱高。,數學-數學,,,,,柱懸,thiāu-kuân
101209,柱頭,雌蕊的花柱先端或近先端側面稍擴大處，是雌蕊受花粉的部位。形狀常呈膨大頭狀、圓盤狀（如百合）、羽狀（如禾本科）、或總狀（如酸模）等。,,,自然科學-自然科學,自然科學-生物,,柱仔頭,thiāu-á-thâu
101210,柱體,上下兩個底面是平行且全等的多邊形或圓形而側面是長方形的形體。,,,數學-數學,數學-數學,,柱仔形,thiāu-á-hîng
101211,段意,即段落大意。,,語文-國語文,,,,段落意義,tuānn-lo̍h ì-gī
101212,段落,文章、事物根據內容劃分後該停頓或結束的地方。,語文-國語文,語文-國語文,語文-國語文,語文-國語文,語文-國語文,段落,tuānn-lo̍h
101213,段落大意,一段文字的主要內容。,,語文-國語文,,,,段落大意,tuānn-lo̍h tāi-ì
101214,泉郊會館,泉郊會館創立於清乾隆49年（西元1784年），清朝時期是鹿港的八郊之首，因貿易對象多為泉州商行，因此命名為泉郊會館。後因在日據時期對於兩岸貿易有諸多限制，港口也因淤塞而停擺，泉郊會館成為八郊唯一營運中的會館，並在民國72年時轉為經營慈善公益事業至今。,,,社會-社會,社會-歷史,社會-歷史,泉郊會館,Tsuân-kau huē-kuán
101215,活動,為某種目的而採取的行動。,健康與體育-健康與體育,社會-社會 綜合活動-綜合活動 健康與體育-健康與體育,綜合活動-綜合活動,健康與體育-健康教育,,活動,ua̍h-tāng ua̍h-tōng
101216,活動報導,將活動透過報紙、雜誌、廣播等傳播媒體將新聞告知大眾。,,,語文-國語文,,,活動報導,ua̍h-tāng pò-tō ua̍h-tōng pò-tō
101217,活塞,一種金屬製或木製的塞子。多呈圓柱形，周圍附有彈性物質。裝在唧筒或機器內，可將蒸氣或燃料爆發的壓力轉換成機械能。,,自然科學-自然科學,自然科學-自然科學,,,活塞 活栓,ua̍h-that ua̍h-sng
101218,流行文化,也稱為青年文化、通俗文化、大眾文化，指那些從主流文化中分化出來的一些短期內為社會所接受、被社會大眾吹捧的文化趨勢。,,社會-社會,社會-社會,社會-歷史,社會-歷史,流行文化,liû-hîng bûn-huà
101219,玻片夾,顯微鏡的構造，功能為固定載玻片，使其不移動。,,,自然科學-自然科學,自然科學-理化,,玻片夾,po-phìnn-ngeh
101220,玻片樣本,載玻片是用顯微鏡觀察東西時用來放東西的玻璃片或石英片，製作樣本時，將細胞或組織切片放在載玻片上，將蓋玻片放置其上，用作觀察。,,,自然科學-自然科學,,,玻片樣本,po-phìnn iūnn-pún
101221,珊瑚礁,由造礁珊瑚和石灰質生物遺骸經長期堆積所構成的礁石。一般多形成於熱帶及亞熱帶的陸地邊緣水域。可分為裙礁、堡礁及環礁。,,社會-社會,社會-社會,社會-地理,社會-地理,珊瑚礁,suan-ôo-ta suan-lôo-ta
101222,珊瑚礁島,珊瑚礁島，它是分佈在海洋中水深較淺地方的一種石灰石（化學名字叫碳酸鈣）堆積物，是由海洋中能分泌石灰石的多種動植物在生長過程中形成的。,,,社會-社會,社會-地理,,珊瑚礁島,suan-ôo-ta tó suan-lôo-ta tó
101223,珊瑚礁海岸,珊瑚礁海岸是造礁珊瑚、有孔蟲、石灰藻等生物殘骸構成的海岸。依其特徵可分為岸礁、堡礁和環礁。,,,社會-社會,社會-地理,社會-地理,珊瑚礁海岸,suan-ôo-ta hái-huānn suan-ôo-ta hái-gān suan-lôo-ta hái-huānn suan-lôo-ta hái-gān
101224,疫苗注射,以死亡或減毒的病原體製成的懸浮液。注入人體後，可刺激人體免疫系統產生抗體，達到預防傳染病的目的。,,,社會-社會,,,注預防射,tsù ī-hông-siā
101225,皇民化運動,指第二次世界大戰期間，日本對其統治下的本國少數民族以及殖民地族群，推行的一系列同化政策，希望讓這些族群認同日本與日本天皇，同化為完全的日本人。主要影響地包括琉球、臺灣、朝鮮、與滿洲等地，其主要內容包括有宗教舊俗改革運動、國語運動、改姓名運動、志願兵制度等四項內容，又稱「日本化運動」。,,,社會-社會,社會-歷史,社會-歷史,皇民化運動,Hông-bîn-huà ūn-tōng
101226,盆地,四周被高山或高地圍繞而中間低平的地形。,,社會-社會,社會-社會,社會-地理,社會-地理,盆地,phûn-tē
101227,相反詞,兩個或兩個以上的詞，意義互為相反，即稱這些詞互為相反詞。,,語文-國語文,,,,對反詞 反義詞,tuì-huán-sû huán-gī-sû
101228,相斥,磁鐵的同極性會產生互相排斥的現象。,,自然科學-自然科學,,自然科學-理化,自然科學-物理,相斥,sio-thik
101229,相吸,磁鐵的異極性會產生互相吸引的現象。,,自然科學-自然科學,,自然科學-理化,自然科學-物理,相吸,sio-khip
101230,相聲,一種起源於北平的曲藝。以引人發笑為特色，分說、學、逗、唱等表現手法，擅長諷刺及反映社會現象。表演的形式有單口相聲、對口相聲、群口相聲等。,,語文-國語文 藝術-藝術,,語文-國語文 藝術-表演藝術,,答喙鼓 拍喙鼓,tap-tshuì-kóo phah-tshuì-kóo
101231,省略符號,由於資料種類日益龐雜，資料數量的逐步擴充，必須適當的將資料分組、歸類、簡化或省略無意義的資料時，於統計圖內使用省略符號。,,數學-數學,,數學-數學,,省略符號,síng-lio̍k hû-hō
101232,眉形月,又稱為眉形新月或眉月。指農曆初三至初五後只看到一小部份的月亮。,,自然科學-自然科學,,自然科學-地球科學,,眉形月,bî-hîng-gue̍h
101233,砂糖,1.粗製的褐色蔗糖。 2.由蔗糖精製成白色塊粒狀而質地較鬆的糖。,,自然科學-自然科學,,自然科學-理化,,砂糖,sua-thn̂g
101234,秋分,二十四節氣之一。當國曆9月23日或24日，這天太陽幾乎位在赤道的正上方，晝夜的時間相等。,,,自然科學-自然科學,自然科學-地球科學,,秋分,tshiu-hun
101235,秋季四邊形,也稱飛馬座四邊形，是位於飛馬座的巨大四邊形，由室宿一（飛馬座α）、室宿二（飛馬座β）、壁宿一（飛馬座γ）和壁宿二（仙女座α）四顆星組成，代表著飛馬的身體。,,,自然科學-自然科學,自然科學-地球科學,,秋季四邊形,Tshiu-kuì Sì-pinn-hîng
101236,科技,科學技術。,,社會-社會,社會-社會,,自然科學-化學,科技,kho-ki
101237,科技產業,研究開發費用占總產值（或銷售額）的比重、科技人員占總雇員的比重、高科技占產業的比重皆高的產業，如通訊設備、生物科技等。,,社會-社會,社會-社會,,,科技產業,kho-ki sán-gia̍p
101238,科普文章,科普文章是說明文的一種，內容廣泛，涉及天文、地理、生物、化學、醫學、物理等自然科學知識。,,,語文-國語文,語文-國語文,,科普文章,kho-phóo bûn-tsiong kho-phóo bûn-tsiunn
101239,科學,1.以一定對象為研究範圍，依據實驗與邏輯推理，求得統一、確實的客觀規律和真理。有廣義與狹義之別。廣義泛指一切有組織、有系統的知識而言，可分自然科學、應用科學、社會科學、人文科學四大類。狹義則專指自然科學而言。 2.合乎理性、邏輯的精神和方法。,,,社會-社會,,自然科學-化學,科學,kho-ha̍k
101240,科學家,廣義上指使用系統化的方法來探討新知識的人。狹義的指從事科學研究工作有一定成就的人。通常指研究自然科學的專家而言。如物理學家、原子科學家等。,,自然科學-自然科學,,,自然科學-生物,科學家,kho-ha̍k-ka
101241,科舉考試,隋唐到清代用以考選官吏的制度，因分為許多科目來拔舉人才，故稱為「科舉」。隋廢九品中正制，改置進士等科；唐時科目增至五十餘。後宋用帖括，明清用八股試士，仍沿用科舉的稱呼。至清光緒31年（西元1905年）始明令廢止。,,,社會-社會,社會-歷史,語文-國語文 社會-歷史,科舉考試,kho-kí khó-tshì
101242,秒,量詞： 1.計算時間的單位。每60秒為1分。 2.計算弧、角的單位。每60秒為1分，60分為1度。 3.計算經緯度的單位。每60秒為1分。,,數學-數學,,自然科學-理化,數學-數學,秒,bió
101243,秒速,每秒的移動速度。,,數學-數學,數學-數學,,,秒速,bió-sok
101244,紀錄,1.記載下來的資料。 2.在一定時間、範圍內記載下來的最高成績。,健康與體育-健康與體育,,,社會-歷史 社會-公民與社會 健康與體育-體育,,紀錄,kì-lo̍k kì-lio̍k
101245,約分,1.分數的分母分子，同以一公因數除之。如6/8=3/4。 1.分式的分母分子，同以一公因式除之。如(x2-1)/(x-1)=x+1。,,,數學-數學,數學-數學,數學-數學,約分,iok-hun
101246,約等於（≒）,實數或其他物件上的二元關係稱為「約等於」，在數學上用「≒」表示。,,,數學-數學,,,大約等於,tāi-iok tíng-î
101247,紅十字國際委員會,紅十字國際委員會是一個總部設於瑞士日內瓦的人道主義機構。,,,社會-社會,,社會-公民與社會,紅十字國際委員會,Âng-si̍p-jī Kok-tsè Uí-uân-huē
101248,紅毛人,亞洲多個地區對西洋人（白人）的稱呼。,,,社會-社會,,,紅毛人,Âng-mn̂g-lâng Âng-môo-lâng
101249,紅毛城,位於淡水鎮的名勝古蹟。明崇禎二年（西元1629），由西班牙人所創建，原稱為「聖多明哥城」。崇禎十五年由荷蘭人接管，改建為軍營，因當時荷蘭人被稱為「紅毛人」，遂稱為「紅毛城」。英人在淡水設立領事館，於同治六年（西元1867）與清廷訂立紅毛城永久租約，至民國六十一年三月撤館。六十九年六月三十日政府收為國有，整修後開放參觀。城的建築為兩層正方形稜堡，紅牆屹立，下可俯瞰淡水河。現屬一級古蹟。,,,社會-社會,社會-歷史 社會-地理,社會-歷史,紅毛城,Âng-mn̂g-siânn Âng-môo-siânn
101250,紅毛港,紅毛港是過去位於高雄市小港區的一個漁村，與鹽水港、大林蒲及中洲相接壤。據稱荷治時期時，因有部分自安平遭驅逐之荷蘭人於此小漁港出沒，因而得名紅毛港。日治時期於當地陸續設有公學校、信用組合、漁業組合等機構，同時也備有有水道、電氣等設施，且有相當稠密的的人口。,,,社會-社會,,,紅毛港,Âng-mn̂g-káng Âng-môo-káng
101251,紅色石蕊試紙,紅色石蕊試紙是將濾紙浸泡於酸性的石蕊溶液中製得。紅色石蕊試紙遇到鹼性物質，會轉變為藍色。,,,自然科學-自然科學,自然科學-理化,,紅色石蕊試紙,âng-sik tsio̍h-luí-tshì-tsuá
101252,美洲,世界五大洲之一。位於西半球，西界太平洋，北臨北極海，東界大西洋，南端是太平洋和大西洋的交會處，包括南北兩大陸、西印度群島及所屬島嶼，是世界第二大洲。因直到十五世紀，始為義大利探險家亞美利哥發現，故歐洲人稱美洲為「新大陸」。也稱為「亞美利加」。,,,社會-社會,社會-地理,,美洲,Bí-tsiu
101253,美洲板塊,以大西洋中脊為東界，以東太平洋海嶺為西界的板塊，可分為南美板塊和北美板塊。,,,社會-社會,,,美洲板塊,Bí-tsiu Pán-khuài
101254,美術館,收藏和展覽美術品的場所。,,,藝術-藝術,,藝術-美術,美術館,bí-su̍t-kuán
101255,美感,對美好事物的欣賞與體會所引發的感覺。,,藝術-藝術,,藝術-視覺藝術,藝術-美術,美感,bí-kám
101256,耶誕節,西洋節日之一。為紀念耶穌基督降生的節日。耶穌誕辰，自古傳說不一，西元四世紀時，羅馬人始定十二月二十五日為耶穌誕辰，是歐美重要節慶之一。,,社會-社會,,,,耶誕節 聖誕節,Iâ-tàn-tseh Sìng-tàn-tseh
101257,背鰭,魚類背部中央的鰭。也稱為「脊鰭」。,,自然科學-自然科學,,,,背鰭,puē-kî
101258,胎生,受精卵在母體中，靠母體補給的營養，經過適當發育而後產生新個體的生殖方法。,,,自然科學-自然科學,自然科學-生物,,胎生,thai-sing
101259,胎生動物,指受精卵在母體的子宮內發育為胎兒產出母體。胚胎通過諸如卵黃囊及胎盤等結構自母體獲得營養，直至出生時為止。哺乳類動物如猴、虎、牛、羊等，都是胎生，藍鯨是世界上最大的胎生動物。,,自然科學-自然科學,,自然科學-生物,,胎生動物,thai-sing tōng-bu̍t
101260,胎盤,介於子宮內壁和胎兒之間的圓餅狀組織，中央有臍帶和胎兒相連，胎兒可藉此取得氧氣、養分，及排出二氧化碳及廢物到母體血液內，亦分泌激素促進子宮和乳腺的生長。,,,自然科學-自然科學,自然科學-生物,,胎盤,thai-puânn
101261,胚胎,生物學上指動植物發育過程的早期，胎生動物的幼小個體，由受精卵發育至可以獨立生存前，寄生在母體內，稱為「胚胎」。,,,自然科學-自然科學,自然科學-生物,自然科學-生物,胚胎,phue-thai
101262,胚珠,種子植物之大孢子囊及其周圍的珠被，受精後可發育成種子，其成熟前多色白質軟，呈小球形。,,,自然科學-自然科學,自然科學-生物,,胚珠,phue-tsu
101263,苗栗丘陵,苗栗丘陵是位於苗栗縣後龍溪和大安溪中下游之間的小型丘陵。苗栗丘陵北臨後龍溪，南臨大安溪，西臨臺灣海峽，估計丘陵由南到北的總長約29公里，東至西的寬度約14公里，丘陵總共面積估計約358平方公里左右。丘陵最高點是在火炎山附近，標高約614公尺。 ,,社會-社會,社會-社會,社會-地理,,苗栗丘陵 苗栗山崙,Biâu-li̍k Khiu-lîng Biâu-li̍k suann-lūn
101264,苗栗事件,日本統治初期由羅福星領導的武裝抗日行動。,,,社會-社會,,,苗栗事件,Biâu-li̍k Sū-kiānn
101265,若蟲,不完全變態的昆蟲自孵化後，翅膀未長成，外形和成蟲相似，生殖器官尚未成熟，此時期的昆蟲稱為「若蟲」。,,自然科學-自然科學,,自然科學-生物,,若蟲,jio̍k-thâng jio̍k-thiông
101266,英法聯軍之役,清咸豐六年至十年（西元1856－1860年），英法聯軍進侵廣州，虜總督葉名琛，復入天津，犯北京，焚圓明園，清帝避於熱河，由俄使調停，訂北京條約，闢商埠，割九龍南端與英，並償英法軍費，聯軍始退。,,,社會-社會,社會-歷史,,英法聯軍之役,Ing-Huat Liân-kun tsi i̍k
101267,虹吸現象,一種流體力學現象。指液體因壓力關係，由高處經由倒Ｕ形彎管流入低處容器的現象。,,自然科學-自然科學,,自然科學-理化,,虹吸現象,hông-khip hiān-siōng
101268,計時,計算時間，按照時間計算。,,自然科學-自然科學,,自然科學-理化,,計時,kè-sî
101269,計算,核算數目。,數學-數學,,,,,計算,kè-sǹg
101270,負極,電位較低或帶負電的電極。,,自然科學-自然科學,,自然科學-理化,自然科學-化學,負極,hū-ki̍k
101271,軍事防禦,使用武力（軍事力量）為手段，抵制對方（敵方）對我方使用武力（軍事力量）。 ,,,社會-社會,社會-歷史,,軍事防禦,kun-sū hông-gū
101272,郊商,漢人到臺灣開墾時，在港口城市各商行為了商議工資、貨物價格，以及航班船隻與運費等問題，變組成名為「郊」的商業組織。,,,社會-社會,社會-歷史,社會-歷史,郊商,kau-siong
101273,重力,物理學上重力的廣義定義為萬有引力，狹義的定義則指地球對於地面上一切物體的引力。,,自然科學-自然科學,,,自然科學-物理,重力,tiōng-li̍k
101274,重量,物體所受重力的大小為「重量」。,數學-數學,,,數學-數學,數學-數學,重量,tāng-liōng
101275,降低半音,音樂演奏時，將某音降低半個音高。,,藝術-藝術,,,,降低半音,kàng-kē puàn-im
101276,降雨量,從天空降落到地面上的雨水，未經蒸發、滲透、流失而在水面上積聚的水層深度，稱為降雨量（以毫米為單位）。,,社會-社會,社會-社會,自然科學-地球科學,,降雨量,kàng-hōo-liōng kàng-ú-liōng kàng-í-liōng
101277,面,幾何學上稱線在空間移動而成的形跡，有長、寬度而無厚度。,數學-數學,數學-數學,,數學-數學,,面,bīn biān
101278,面具,遮護臉部或用來偽裝的面罩。,,藝術-藝術,,,,面具  小鬼仔殼,bīn-kū bin-khū siáu-kuí-á-khak
101279,面積,物體表面或平面圖形的大小。,,數學-數學,,數學-數學,數學-數學,面積,bīn-tsik
101280,音,1.聲響。 2.腔調。 3.字的音讀。,,藝術-藝術,,,,音,im
101281,音叉,一種用鋼材製成的測音儀器。形狀像叉子，敲之，即發出固定頻率的音。多用於樂器音調的校正或聲學實驗中。,,,自然科學-自然科學,自然科學-理化,,音叉,im-tshe
101282,音色,聲音的品質與特點。複合音的顫動形式不同，或者因音波式樣不同，波紋曲折不同，而導致音色有別。也稱為「音品」、「音質」。,,,自然科學-自然科學,自然科學-理化,,音色,im-sik
101283,音色渾厚,指聲音低沉有力。,,藝術-藝術,,,,音色真厚,im-sik tsin kāu
101284,音效,在廣播或影視節目中，配合節目內容所呈現的聲音效果。通常以現成的唱片或錄音帶播放，或由現場製作各種音響，以代替某種真實或象徵的聲音，用來烘托整體氣氛。,,藝術-藝術,,,,音效,im-hāu
101285,音高,聲音頻率的高低程度。由發音體在一定時間內所發生的顫動次數或音波次數而決定。音波振動次數多，聲音就高，反之則低。此種振動數稱為「頻率」，故也稱為「音頻」。,,藝術-藝術,,自然科學-理化,藝術-音樂,音懸,im-kuân
101286,音符,五線譜上用來表示樂音長短、高低的符號。有全音符、二分音符、四分音符、八分音符、十六分音符等。又有附點音符，時間較原音符長一半。,,藝術-藝術,,,藝術-音樂,音符,im-hû
101287,音程,每兩個音的距離稱為「音程」。相鄰兩個音的音程分為「全音」與「半音」兩種。「度」是用來表示音程的單位。,,藝術-藝術,藝術-藝術,藝術-音樂,藝術-音樂,音程,im-tîng
101288,音量,1.聲音的強弱程度。 2.聲音的大小。,,,自然科學-自然科學,自然科學-理化,,音量,im-liōng
101289,音階,以一音為基音，將其他音依高低次序排列而成的一組音列，稱為「音階」。,,,藝術-藝術,,,音階,im-kai
101290,音感,對音色、音高等音樂現象的辨識能力。,,藝術-藝術,,,,音感,im-kám
101291,音樂,由旋律、節奏、和聲等合成，用以傳達思想、感情的樂音。,社會-生活課程 自然科學-生活課程 藝術-生活課程 綜合活動-生活課程 健康與體育-健康與體育,綜合活動-綜合活動 藝術-藝術 健康與體育-健康與體育,綜合活動-綜合活動,,,音樂,im-ga̍k
101292,音樂世家,歷代均以音樂聞名於世之家族。,,藝術-藝術,,,,音樂世家,im-ga̍k sè-ka
101293,音樂家,對音樂有專長的人。通常指演奏或製作樂曲而有成就的人。,,藝術-藝術,,藝術-音樂,藝術-音樂,音樂家,im-ga̍k-ka
101294,音樂會,在公開場合演奏樂器或演唱等有關音樂活動的聚會。,,藝術-藝術,,,,音樂會,im-ga̍k-huē
101295,音譯,直接模仿原語的語音翻譯成另一種語詞，而不管其意義。,,,,語文-國語文,,音譯,im-i̍k
101296,風,空氣流動所造成的現象。,社會-生活課程 自然科學-生活課程 藝術-生活課程 綜合活動-生活課程,,綜合活動-綜合活動,社會-地理,,風,hong
101297,風力,風的力量。,,自然科學-自然科學,,,,風力,hong-li̍k
101298,風力計,風力計是用來測量風速的大小的。吸管風力計的原理是風從下邊的口進去，把泡沫塑膠球吹得越高，風就越大，吹的越低，風就越小。,,自然科學-自然科學,,,,風力計,hong-li̍k-kè
101299,風力發電,利用風車葉片接取風的動能，轉動發電機以產生電力的發電方式。分為陸地式與離岸式風力發電。,,社會-社會 自然科學-自然科學,社會-社會,,自然科學-化學,風力發電,hong-li̍k huat-tiān
101300,風力傳播,種子或果實常有翅或絨毛，可藉著大自然中的風力或氣流，使種子或果實飛離親代植株，直到著地再萌芽生長。,,自然科學-自然科學,,,,風力傳播,hong-li̍k thuân-pòo hong-li̍k thuân-pò
101301,風化,地質學上指岩石受氣候變化影響而破碎或分解的現象。,,自然科學-自然科學,,,自然科學-地球科學,風化,hong-huà
101302,風化作用,1.結晶體在空氣中失去其結晶水的一部或全部，因而失去其結晶形，稱為「風化作用」。 2.岩石經氣候及生物等化學與物理作用而形成土壤的過程，稱為「風化作用」。,,自然科學-自然科學,,自然科學-地球科學,,風化作用,hong-huà tsok-iōng
101303,風向,風吹的方向。,,自然科學-自然科學,,,自然科學-地球科學,風向,hong-hiòng hong-hiàng
101304,風俗民情,即民間風俗，指一個國家或民族中廣大民眾所創造、享用和傳承的生活文化。,,社會-社會,社會-社會,,,風俗民情,hong-sio̍k bîn-tsîng
101305,風俗習慣,一個國家、民族或地方在較長時間裡形成並流行的風尚和習慣。,,,社會-社會,社會-歷史,社會-地理,風俗習慣,hong-sio̍k si̍p-kuàn
101306,飛機,一種飛行工具。具有機身、機翼與發動機，藉翼面與空氣作用產生升力以航行於空中。飛機依用途可分為客機、貨機或軍機。,健康與體育-健康與體育,社會-社會,社會-社會,自然科學-理化,,飛行機,hue-lîng-ki hui-lîng-ki pue-lîng-ki
101307,食品添加物,食品製造、加工、調配過程中所添加的其他化學物質。如防腐劑、色素、維生素A等。可用以增加色味、營養素含量或防止食品腐敗，但若使用不當，則對人體有害，影響健康。,,,自然科學-自然科學,自然科學-理化,,食品添加物,si̍t-phín thiam-ka-bu̍t
101308,食鹽,供食用的鹽。主要成分為氯化鈉，色白，屬軸晶系，可由海水、鹹水湖或鹹水井水蒸發而成。,,自然科學-自然科學,,自然科學-理化,自然科學-化學,鹽,iâm
101309,食鹽水,生理學或臨床上常用的滲透壓與動物或人體血漿相等的氯化鈉溶液，其濃度用於兩棲類時是0.67─0.70％，用於哺乳類和人體時是0.85─0.90％。醫學上，生理鹽水指的是消毒過的氯化鈉溶液。但其只有使用靜脈注射的時候才是無菌的，其他方式生理鹽水也只是一種鹽水溶液。,,自然科學-自然科學,,自然科學-生物,自然科學-生物,鹽水,iâm-tsuí
101310,乘（×、．）,數學上的運算方法之一。,數學-數學,,,,,乘,sîng
101311,乘法,一種數學運算方式。求一數為某數的若干倍。,數學-數學,,,數學-數學,數學-數學,乘法,sîng-huat
101312,乘法估算,乘法的估計盤算，以得一個概數。,數學-數學,,,,,乘法估算,sîng-huat kóo-sǹg
101313,乘法算式,數值相乘的算式。,數學-數學,,,,,乘法算式,sîng-huat sǹg-sik
101314,乘除互逆,視乘除法運算互為逆運算，例如將「4」視為「28」的元素，4的7倍合成「28」，亦可逆向的解構28除以7得到4。,,,數學-數學,數學-數學,,乘除互逆,sîng-tî hōo-gi̍k
101315,乘號（×、．）,數學上表示相乘的符號，形狀為「×」、「．」。,數學-數學,,,,,乘號,sîng-hō
101316,乘數,乘法運算中用以乘別數的法數。如3×5=15，5為乘數。,數學-數學,,,,數學-數學,乘數,sîng-sòo
101317,修飾,修改潤飾文句。,,語文-國語文,語文-國語文,語文-國語文,,修飾 si-á-geh,siu-sik si-á-geh
101318,修飾性,修改潤飾的性質。,,語文-國語文,語文-國語文,語文-國語文,,修飾性,siu-sik-sìng
101319,修辭法,修辭學上指如何修飾文句，使作者的意象能精確而生動表現出來的一種藝術。,,,語文-國語文,語文-國語文,,修辭法,siu-sû-huat
101320,個人隱私,隱密而不使人知道的私事。,,社會-社會,社會-社會,,,個人隱私,kò-jîn ún-su
101321,個位,十進記數法的基本位，在此位的數稱為「個位數」。如365中的5。,數學-數學,,,數學-數學,數學-數學,個位,kò-uī
101322,個位數,在個位位置的數值。,數學-數學,數學-數學,,數學-數學,數學-數學,個位數,kò uī sòo
101323,個位數字,十進記數法的基本位，在此位的數稱為「個位數字」。如365中的5。,數學-數學,,,數學-數學,,個位數字,kò-uī sòo-jī
101324,個數,以個為單位的數量。,數學-數學,,,數學-數學,,個數,kò-sòo
101325,倍數,甲數可被乙數除盡，則甲數為乙數的倍數。如21、18、15都是3的倍數。,數學-數學,,數學-數學,數學-數學,數學-數學,倍數,puē-sòo
101326,倒敘,一種文學、戲劇的表現手法。先敘述事情的結局或某些情節，再回頭鋪敘過程，稱為「倒敘」。也作「逆敘」。,,語文-國語文,語文-國語文,語文-國語文,,倒敘,tò-sū
101327,倒敘法,一種文學、戲劇的表現手法。先敘述事情的結局或某些情節，再回頭鋪敘過程，稱為「倒敘」。也作「逆敘」。,,語文-國語文,語文-國語文,語文-國語文,,倒敘法,tò-sū-huat
101328,倒裝句,文法結構不依照通常的次序，形成文法成分先後顛倒的句型。也稱為「倒句」。,,,語文-國語文,,,倒反句,tò-píng-kù
101329,候鳥,隨季節變更而遷移的鳥類。可分為冬候鳥和夏候鳥兩種。冬候鳥有家燕、野鴨等，夏候鳥有大慈悲心鳥和八色鳥等。,,,自然科學-自然科學,自然科學-生物,,渡鳥,tōo-tsiáu
101330,倫理,人與人之間相處的常理。,,社會-社會,社會-社會,社會-公民與社會,,倫理,lûn-lí
101331,倫理道德,維繫人倫關係的道德準則。,,,社會-社會,社會-公民與社會,,倫理道德,lûn-lí tō-tik
101332,原文,1.寫作時對徵引或轉錄他人著述文字的稱謂。 2.翻譯外文時所根據原著的文字或詞句。,,語文-國語文,語文-國語文,語文-國語文,語文-國語文,原文,guân-bûn
101333,原句,原本的句子。,,,語文-國語文,,,原句,guân-kù
101334,原因,事情的起因。,語文-國語文,語文-國語文,,,,原因 緣故 因端,guân-in iân-kòo in-tuann
101335,原因法,為一種文章開頭的寫法。即在敘述主題之前，先把寫作的動機和事情發生的原因，清楚交代，讓讀者了解事件的原由。,,,語文-國語文,,,原因法,guân-in-huat
101336,原住民,指某地區原先定居的族群。目前官方所認定的「原住民」包含有阿美族、泰雅族、排灣族、布農族、卑南族、魯凱族、鄒族、賽夏族、雅美（達悟）族、太魯閣族、撒奇萊雅族、邵族、噶瑪蘭族、賽德克族、拉阿魯哇族及卡那卡那富族等十六族。,,社會-社會,語文-國語文 社會-社會,語文-國語文 社會-歷史,社會-歷史 社會-地理 社會-公民與社會,原住民,guân-tsū-bîn
101337,原住民文化,指某地方較早定居族群的文化。,,,語文-國語文 社會-社會,語文-國語文 社會-歷史,社會-歷史 社會-地理 社會-公民與社會,原住民文化,guân-tsū-bîn bûn-huà
101338,原住民族,原先居住在此地的族群，過去被稱為生番、蕃人、高砂族、高山族……等，後更名為原住民族。,,社會-社會,社會-社會,語文-國語文 社會-歷史,社會-歷史 社會-地理 社會-公民與社會,原住民族,Guân-tsū-bîn-tso̍k
101339,原作,未經改寫、改編或翻譯的文學、藝術類原創著作。,,,語文-國語文,,語文-國語文,原著,guân-tù
101340,原漢衝突,在臺灣特指漢人與原住民之間的武裝衝突。,,,,社會-歷史,,原漢衝突,Guân Hàn tshiong-tu̍t
101341,哺乳動物,屬最高等的脊椎動物，其特點是哺乳動物皆是靠母體乳腺分泌乳汁哺乳幼兒；除單孔類是卵生外，其餘皆是胎生。,,自然科學-自然科學,,自然科學-生物,,食奶動物  飼奶動物  哺乳動物,tsia̍h-ling tōng-bu̍t tsia̍h-lin tōng-bu̍t tshī-ling tōng-bu̍t tshī-lin tōng-bu̍t pōo-jú tōng-bu̍t
101342,哺乳類,動物分類上屬於脊椎動物亞門中的一綱，體面被毛，用肺呼吸，大都胎生，以母的乳汁養育其子，人及獸皆屬此類。,,自然科學-自然科學,,自然科學-生物,自然科學-生物,哺乳類 飼奶動物  食奶動物,pōo-jú-luī tshī-ling tōng-bu̍t tshī-lin tōng-bu̍t tsia̍h-ling tōng-bu̍t tsia̍h-lin tōng-bu̍t
101343,唐山過臺灣,清代福建、廣東兩省人口眾多，耕地有限，居民謀生不易，故冒險偷渡到臺灣尋求發展。,,,社會-社會,,社會-歷史,唐山過臺灣,Tn̂g-suann kuè Tâi-uân
101344,埃及太陽曆,只考慮地球繞太陽公轉，而忽略月相變化所制定的曆法。如埃及曆法及目前世界各國所通用的格勒哥里曆等皆是。簡稱為「陽曆」。,,,社會-社會,,,埃及太陽曆,Ai-ki̍p thài-iông-li̍k
101345,埔里盆地,埔里盆地群是臺灣位於南投縣中央地帶分布著大小不等的數十座盆地，其中以埔里盆地為埔里盆地群是面積最大，故以此命名。,,社會-社會,社會-社會,社會-地理,,埔里盆地,Poo-lí Phûn-tē
101346,夏至,二十四節氣之一。約當國曆6月21或22日，該日太陽直射北回歸線，北半球白晝最長，夜晚最短；南半球相反。也稱為「北至」、「夏節」。,,,自然科學-自然科學,,自然科學-地球科學,夏至,hē-tsì
101347,夏季,一年中最炎熱的季節。北半球定為從夏至到秋分的時期。,社會-生活課程 自然科學-生活課程 藝術-生活課程 綜合活動-生活課程,,社會-社會,,,夏季 熱冬 熱人 熱天,hā-kuì jua̍h-tang jua̍h--lâng jua̍h-thinn
101348,夏季大三角,是在天球上想像出來的三角形，由天琴座的織女星、天鷹座的牛郎星及天鵝座的天津四組成，其中織女星位於這個三角形的直角頂點上。這三顆星分別是它們所在星座中最明亮的星。,,,自然科學-自然科學,自然科學-地球科學,,夏季大三角,Hā-kuì Tuā Sann-kak
101349,宮廷舞,中世紀義大利及法國所普遍使用的名詞，指當時在各公爵宮廷所舉行的社交舞蹈。,,,藝術-藝術,,,宮廷舞,kiong-tîng-bú
101350,宮調式,以宮音作主音構成的調式。,,,藝術-藝術,,,宮調式,kiong-tiāu-sik
101351,家,眷屬共同生活的場所。,社會-生活課程 自然科學-生活課程 藝術-生活課程 綜合活動-生活課程,社會-社會 綜合活動-綜合活動,綜合活動-綜合活動 健康與體育-健康與體育,,,厝 兜,tshù tau
101352,家人,一家的人。,社會-生活課程 自然科學-生活課程 藝術-生活課程 綜合活動-生活課程 健康與體育-健康與體育,社會-社會 綜合活動-綜合活動 健康與體育-健康與體育,綜合活動-綜合活動 健康與體育-健康與體育,,,厝裡的人 厝內的人 家人,tshù--lí ê lâng tshù-lāi ê lâng ka-jîn
101353,家扶基金會,臺灣兒童暨家庭扶助基金會，簡稱家扶基金會、TFCF，是臺灣民間的國際性非營利組織，幫助對象為18歲以下弱勢兒童、青少年及其家庭，「經濟扶助」及「兒童保護」是兩大服務主軸。,,社會-社會,社會-社會,社會-公民與社會,社會-公民與社會,家扶基金會,Ka-hû Ki-kim-huē
101354,家庭,一種以婚姻、血緣、收養或同居等關係為基礎而形成的共同生活單位。,社會-生活課程 自然科學-生活課程 藝術-生活課程 綜合活動-生活課程 健康與體育-健康與體育,社會-社會 綜合活動-綜合活動 健康與體育-健康與體育,社會-社會 綜合活動-綜合活動 健康與體育-健康與體育,社會-公民與社會 健康與體育-健康教育,,家庭,ka-tîng
101355,家庭型態,家庭組織型態（單人、夫妻、單親、核心、祖孫、三代、其他）。,,,社會-社會,社會-公民與社會,,家庭型態,ka-tîng hîng-thài
101356,家庭計畫,家庭生育子女數量及時間的計畫。,,,社會-社會,,,家庭計畫,ka-tîng kè-uē
101357,家庭倫理,維繫家庭成員之間人倫關係的道德準則。,,社會-社會,,社會-公民與社會,,家庭倫理,ka-tîng lûn-lí
101358,家族聚居,以血統關係為基礎而形成的群體聚集在一處。,,,社會-社會,,,家族聚居,ka-tso̍k tsū-ki
101359,家鄉,故鄉。,,社會-社會,,,,家鄉 鄉里,ka-hiong hiunn-lí
101360,容量,中空容器所能容物的量。,數學-數學,,,數學-數學,數學-數學,容量,iông-liōng iông-liāng
101361,容器,盛物品的器具。,,自然科學-自然科學,,自然科學-理化,,容器,iông-khì
101362,容積,中空的容器或其他物體所能容受的體積。,數學-數學,,數學-數學,,數學-數學,容積,iông-tsik
101363,射門,足球、手球等運動比賽，將球踢向或投向對方球門，以獲取分數的動作。,,健康與體育-健康與體育,健康與體育-健康與體育,,,射門,siā-mn̂g
101364,差,數學上指兩數相減所得的數。,數學-數學,,,數學-數學,數學-數學,差 精差,tsha tsing-tsha
101365,扇形,以圓的兩半徑及其所截的弧圍成的部分。扇形通常小於半圓。,,,數學-數學,數學-數學,,扇形 葵扇形,sìnn-hîng khuê-sìnn-hîng
101366,扇形面積,兩條半徑和一段圓弧所圍成的圖形為扇形，其面積即為扇形面積。,,數學-數學,,,,扇形面積,sìnn-hîng bīn-tsik
101367,振動,物體往返於一定位置間，或物理現象及物理量以一定的振幅反覆進行，有一定的往返週期者，稱為「振動」。,,,自然科學-自然科學,自然科學-理化,,振動,tsín-tōng
101368,挺水性,這類植物通常生長在水邊或水位較淺的地方。和沉水性植物一樣，它們的根也長在土裡，但葉片或莖卻挺出水面。,,自然科學-自然科學,,,,挺水性,thíng-tsuí-sìng
101369,捏成,捏造塑成。用手指將軟東西搓捻成某種形狀。,,藝術-藝術,,,,捏成,lia̍p-sîng
101370,旁白,電影、電視或戲劇演出中，發音人在幕後直接對觀眾說話，以對畫面作說明解釋或交代人物內心的感受。,語文-國語文,語文-國語文,語文-國語文,,,旁白 邊白,pông-pe̍h pinn-pe̍h
101371,時,量詞。計算時間的單位。每1時為60分。,數學-數學,數學-數學,,,,小時 點鐘,sió-sî tiám-tsing
101372,時針,鐘錶上指示時刻的短針。相對於分針、秒針而言。,數學-數學,,,,,時針,sî-tsiam
101373,時速,運動的物體每一小時所經過的距離。,數學-數學,,數學-數學,數學-數學,,時速,sî-sok
101374,時間,有起點和終點的一段時刻。如年、月、日、時、分、秒等，都是時間的單位。,,自然科學-自然科學,,,自然科學-物理,時間,sî-kan
101375,時間換算,將A時間單位改寫成相同時間之B時間單位。,數學-數學,,,,,時間換算,sî-kan uānn-sǹg
101376,書名號（《》、〈〉、⌇）,一種標點符號。用在書名、篇名、歌曲名、影劇名等，其符號為「﹏﹏」。,語文-國語文,語文-國語文,,語文-國語文,,書名號,su-bîng-hō
101377,書法,1.毛筆字書寫的方法。主要講執筆、用筆、運筆、點畫、結構、間架、落款、用印等方法。是我國傳統藝術之一。 2.史家記事的體例筆法。 3.以毛筆書寫的文字作品。,,語文-國語文,語文-國語文,語文-國語文,,書法,su-huat
101378,書評,評論或介紹書籍的文章。,,,語文-國語文,,,書評,su-phîng
101379,書寫,用筆寫。,,語文-國語文,語文-國語文,語文-國語文,,書寫,su-siá
101380,朔,新月、月缺，指月亮無光之月相，一種天文現象。月球在繞行地球的軌道上，介合於太陽和地球之間之時，就會呈現此月相；在此刻，月球背向太陽的黑暗面朝向地球，因此從地球上以肉眼看不見月球。夏曆以「朔」定義每月初一。,,自然科學-自然科學,,自然科學-地球科學,,朔,sok
101381,朗讀,清晰而響亮的誦讀。,語文-國語文,語文-國語文,語文-國語文,語文-國語文,,朗讀 誦讀,lóng-tho̍k siōng-tho̍k
101382,校園,一學校所有的範圍。,社會-生活課程 自然科學-生活課程 藝術-生活課程 綜合活動-生活課程 健康與體育-健康與體育,社會-社會 綜合活動-綜合活動,綜合活動-綜合活動 健康與體育-健康與體育,社會-公民與社會,,校園,hāu-hn̂g
101383,校園安全,學校的安全。其範圍極為廣泛，舉凡與校園在生活空間中所發生的有關事物，都可以包括在內。,,社會-社會,健康與體育-健康與體育,,,校園安全,hāu-hn̂g an-tsuân
101384,校園安全地圖,說明校園自然景觀及維護校園秩序和確保師生生命財產安全情況的圖形。圖上標有符號、文字等，或著以顏色。,,,綜合活動-綜合活動,,,校園安全地圖,hāu-hn̂g an-tsuân tē-tôo
101385,校園霸凌,相同或不同學校學生與學生間，於校園內、外所發生之個人或集體持續以言語、文字、圖畫、符號、肢體動作或其他方式，直接或間接對他人為貶抑、排擠、欺負、騷擾或戲弄等行為，使他人處於具有敵意或不友善之校園學習環境，或難以抗拒，產生精神上、生理上或財產上之損害，或影響正常學習活動之進行。,,,社會-社會,社會-公民與社會 健康與體育-健康教育,,校園霸凌,hāu-hn̂g pà-lîng
101386,核能科技,核反應所釋出的能量。包含核分裂與核融合二種。所釋出的能量非常巨大，可用於發電或其他動力方面的用途上。,,,社會-社會,,,核能科技,hi̍k-lîng kho-ki hu̍t-lîng kho-ki
101387,核能發電,運用原子核分裂或融合所釋放的大量熱能，產生高溫高壓的蒸汽，來推動發電機渦輪，藉以產生電能的發電方法。縮稱為「核電」。也稱為「原子能發電」。,,自然科學-自然科學,,自然科學-理化,,核能發電,hi̍k-lîng huat-tiān hu̍t-lîng huat-tiān
101388,根,植物的基部，多半長在土裡，具有固定、吸收或貯藏水分、養分的功能。,,自然科學-自然科學,,,,根,kin
101389,根莖類,指植物根部、莖部肥嫩發達，可供蔬菜用者，種類甚多。,,自然科學-自然科學,,,,根莖類,kin-king-luī
101390,格式,規格樣式。,,,語文-國語文,語文-國語文,,格式,keh-sik
101391,格言,可以作為法則，砥礪言行的簡短詞語。,,,語文-國語文,語文-國語文,,格言 箴言,kik-giân tsim-giân
101392,格林威治天文臺,英國皇家天文臺，是世界著名的天文臺。通過該天文臺的經線，被定為零度經線。,,,社會-社會,社會-地理,社會-地理,格林威治天文臺,Kik-lîm-uī-tī Thian-bûn-tâi
101393,桃園國際機場,"位於桃園市大園區，瀕臨臺灣海峽，占地1,200公頃，是我國民航史上第一個現代化的國際機場。於民國68年完成第一期工程，為十大建設之一。原稱為「中正國際機場」，民國95年更名為「臺灣桃園國際機場」。也稱為「桃園國際機場」、「桃園國際航空站」。",,社會-社會,,,,桃園國際機場,Thô-hn̂g Kok-tsè Ki-tiûnn
101394,桌球,一種球類運動。英語table tennis翻譯而來。約於19、20世紀間起源於英格蘭。玩法是張網於長方桌上，兩人用球拍對拍乒乓球。分單打和雙打。以先得到21分為勝1局，一般比賽採3局2勝或5局3勝制。也稱為「乒乓」、「乒乓球」。,健康與體育-健康與體育,健康與體育-健康與體育,,健康與體育-體育,,桌球 phi̋n-phóng,toh-kiû phi̋n-phóng
101395,氣孔,1.植物葉表面由保衛細胞圍成的孔口，可供水蒸氣及空氣的進出。 2.昆蟲類軀體側面的呼吸器官。也稱為「氣門」。,,自然科學-自然科學,,,自然科學-生物,氣空 氣門,khì-khang khì-mn̂g
101396,氣室,挺水性有些植物的葉柄、莖或地下莖具有中空的洞，這些氣室可以儲存空氣，幫助它們適應水中的生活。,,,自然科學-自然科學,自然科學-生物,,氣室,khì-sik
101397,氣流,1.流動的空氣，稱為「氣流」；近地面者稱為「風」。 2.僅有氣息透出而不顫動聲帶的流音，稱為「氣流」。,,自然科學-自然科學,,,,氣流,khì-liû
101398,氣候,一個地區長期的平均天氣狀態。包括多年天氣的平均值、氣壓、溫度、風向、溼度、雲層和降水量等的日變化、年變化，以及出現的頻率、時間等。由緯度、地形、海拔高度、大氣環流等因素相互作用而形成。,,社會-社會,社會-社會,社會-地理,社會-地理,氣候,khì-hāu
101399,氣候型態,一個地區長期下來的天氣型貌、狀態。,,,社會-社會,社會-地理,,氣候型態,khì-hāu hîng-thài
101400,氣候變遷,氣候在一段時間內的波動變化，一段時間也可能是指幾十年或幾百萬年，波動範圍可以是區域性或全球性的，其平均氣象指數的變化。,,,社會-社會,社會-地理 健康與體育-健康教育,社會-公民與社會,氣候變遷,khì-hāu piàn-tshian
101401,氣象,一切大氣變化的狀態和現象，如颳風、下雨、打雷、閃電等的統稱。,,,社會-社會,社會-地理 健康與體育-健康教育,社會-地理 自然科學-地球科學,氣象,khì-siōng
101402,氣象報告,氣象報告是是使用現代科學技術對未來某一地點地球大氣層的狀態進行預測。,,自然科學-自然科學,,自然科學-地球科學,,氣象報告,khì-siōng pò-kò
101403,氣象預報,使用現代科學技術對未來某一地點地球大氣層的狀態進行預測。,,自然科學-自然科學,,自然科學-地球科學,,氣象預報,khì-siōng ī-pò
101404,氣象衛星,用於觀測氣象的衛星。,,自然科學-自然科學,,,,氣象衛星,khì-siōng uē-tshenn
101405,氣溫,大氣的溫度。,,社會-社會,社會-社會,社會-地理,社會-地理 自然科學-地球科學,氣溫,khì-un
101406,氣溫計,以煤油或酒精專門測量氣溫的工具。,,自然科學-自然科學,,自然科學-地球科學,,氣溫計,khì-un-kè
101407,氣團,大範圍的空氣在某一地區停留相當時間，使水平數千公里範圍內的這一大片空氣具有近似均勻的物理性質（以溫度、溼度為主），並達到平衡狀態時，即稱為「氣團」。其源地概為高壓的活動中心。,,,自然科學-自然科學,,,氣團,khì-thuân
101408,氣態,物質以氣體形態存在。其特點是無固定的體積、形狀，可充滿任何容器。,,自然科學-自然科學,,自然科學-理化,自然科學-化學,氣態,khì-thài
101409,氣壓,大氣的重量所產生的壓力。其壓力大小與高度、溫度、溼度等條件有關，一般都隨高度的增加而減少。通常把760毫米水銀柱的大氣壓力稱為「標準大氣壓」。,,,自然科學-自然科學,,自然科學-地球科學,氣壓,khì-ap
101410,氣體,物質三態之一。形狀和體積不固定，會隨容器而異，可充滿整個容器空間，如空氣即是。,,,自然科學-自然科學,自然科學-理化,自然科學-化學,氣體,khì-thé
101411,氧化,物質與氧氣化合的過程。如鐵生鏽、煤燃燒等。後亦指一原子失去電子的化學反應。如鐵與銅離子反應中，鐵原子易失去兩個電子生成亞鐵離子，則稱鐵被氧化。,,,自然科學-自然科學,自然科學-理化,自然科學-化學,氧化,ióng-huà
101412,氧氣(Ｏ2),一種化學元素。為無色、無臭雙原子分子氣體，可溶於水和酒精中，亦可與許多元素結合形成氧化物。約占空氣體積的五分之一，地殼中與水中的氧皆呈化合物狀態而存在，為地殼中含量最多的元素。,,,自然科學-自然科學,自然科學-地球科學,自然科學-地球科學,sàng-sòo,sàng-sòo
101413,浮力,力學上指液體對於沉入其中的物體向上擠壓之力。在空氣中亦有浮力，氣球可藉以上升。也稱為「上壓力」。,,自然科學-自然科學,,自然科學-理化,自然科學-物理,浮力,phû-li̍k
101414,浮葉性,這類型的水生植物大多生活在深水域環境中。它們的根莖或球莖固定 在水底的泥土裡，葉片由長長的葉柄支撐著，平貼在水面，葉片通常呈寬大的圓形或橢圓形。和挺水植物一 樣，浮葉性植物也會長出沉水葉。,,自然科學-自然科學,,,,浮葉性,phû-hio̍h-sìng
101415,浮雕,一種在木、石、銅等材料的表面，雕出凸起的半立體雕像，並留有背景的雕刻手法。一般分為深雕與淺雕兩種。,,,藝術-藝術,,藝術-美術,浮雕,phû-tiau
101416,海岸山脈,1.與海岸平行的山脈。 2.山脈名。在北美洲西部的太平洋岸，南起於美國加州南部，北行經俄勒岡州、華盛頓州至加拿大的溫哥華島。 3.臺灣五大山脈之一，位於臺灣本島之東緣。北起花蓮縣，南迄臺東縣，縱長150公里，東西之平均寬度為10公里，稜脈呈東北—西南走向，是五大山脈之中最低矮者。,,,社會-社會,社會-地理,,海岸山脈,Hái-huānn Suann-me̍h Hái-gān Suann-me̍h
101417,海岸地形,在水面和陸地接觸處，經波浪、潮汐、海流等作用下形成的濱水地帶，其中有眾多沉積物堆積而形成的岸稱為灘。緊鄰海濱，在海濱向陸一側，包括海崖、上升階地、陸側的低平地帶、沙丘或穩定的植被地帶。指海濱或濱海的陸地邊界、緊接海洋邊緣的陸地。,,,社會-社會,社會-地理,社會-地理,海岸地形,hái-huānn tē-hîng hái-gān tē-hîng
101418,海岸地區,海岸地區包括「濱海陸地」及「近岸海域」兩部份。,,,,社會-地理,社會-歷史,海岸地區,hái-huānn tē-khu hái-gān tē-khu
101419,海岸線,海水連接海岸或沙灘內側高坡所成的界線。,,,社會-社會,社會-地理 健康與體育-健康教育,社會-地理,海岸線,hái-huānn-suànn hái-gān-suànn
101420,海底火山,大洋底部形成的火山。,,,社會-社會,社會-地理,,海底火山,hái-té hué-suann
101421,海底溫泉,在海底板塊擴張的地方，海水沿著裂隙和斷層向下滲透的過程中，受到岩漿的加熱作用，水溫升高、密度降低，形成熱液，這些熱液會沿著特定的通道向上遷移，最後噴出海底，就形成海底溫泉。,,,,社會-地理,,海底溫泉,hái-té un-tsuânn
101422,海拔高度,以海平面為基準來度量陸地或山嶽等所得的高度，為陸地高出平均海平面的垂直距離。,,,社會-社會,社會-地理,社會-地理,海拔懸度,hái-pua̍t kuân-tōo
101423,海洋,地球表面除陸地外的廣大鹹水水域。包括太平洋、大西洋、印度洋、地中海、北極海等，約占地球表面的71%。,,,自然科學-自然科學,,自然科學-地球科學,海洋,hái-iûnn
101424,海洋能發電,海洋能發電是利用海洋運動過程生產出來的能源，這些能量包括潮汐能、波浪能、海流能、海洋溫差能和海水鹽差能等形式。,,自然科學-自然科學,,自然科學-理化,,海洋能發電,hái-iông-lîng huat-tiān hái-iûnn-lîng huat-tiān
101425,海洋資源,海洋中可供利用的物質或能量，如生物資源、礦物資源、能量資源等。,,,社會-社會,社會-地理,,海洋資源,hái-iûnn tsu-guân
101426,海禁,1.關於航海的各種禁令。 2.明清時代禁止外國人到中國沿海通商，或禁止中國人到海外經商所採取的措施。,,,社會-社會,社會-歷史,社會-歷史,海禁,hái-kìm
101427,海運,利用船舶在海上運輸貨物。,,,社會-社會,社會-地理,,海運,hái-ūn
101428,海蝕平臺,海岸受波浪侵蝕所造成的平臺。多見於岩石海岸，而出現在海蝕崖之後。,,,自然科學-自然科學,自然科學-理化,,海蝕平台,hái-si̍t pênn-tâi
101429,海蝕洞,常見於海崖上的岩石裂縫發育的地方，因受海浪不斷衝擊，岩石不斷碎落成空洞，稱之。它是機械侵蝕的產物，與化學溶解而成的許多內陸溶洞不同。,,,自然科學-自然科學,,,海蝕洞,hái-si̍t-tōng
101430,海蝕崖,海岸受波蝕而成的陡崖。多見於岩石海岸，尤其在波蝕強烈的島嶼、半島和岬角等突出陸地。,,,自然科學-自然科學,自然科學-理化,,海蝕崁,hái-si̍t-khàm
101431,消防局,積極預防火災、搶救災害及緊急救護，並提昇為民服務品質，以維護公共安全，確保人民生命財產的機關。,,社會-社會,,健康與體育-健康教育,,消防局,siau-hông-kio̍k
101432,消費,人類使用財物以滿足欲望的行為。,,社會-社會 健康與體育-健康與體育,社會-社會 健康與體育-健康與體育,社會-公民與社會,,消費,siau-huì
101433,消費行為,消費者用以產生購買決策之過程因素，包括影響選擇產品、使用與處置方式。,,,社會-社會 健康與體育-健康與體育,社會-公民與社會,,消費行為,siau-huì hîng-uî
101434,消費者,泛指使用、消耗商品的大眾。,,社會-社會 健康與體育-健康與體育,社會-社會 健康與體育-健康與體育,社會-公民與社會,,消費者,siau-huì-tsiá
101435,消費者文教基金會,為一公益性的財團法人組織。創立於民國69年11月1日，以保護消費者權益，提供消費者資訊為宗旨，簡稱「消基會」。,,,健康與體育-健康與體育,社會-公民與社會,,消費者文教基金會,Siau-huì-tsiá Bûn-kàu Ki-kim-huē
101436,消費者服務專線1950,政府於民國88年12月6日規劃建置，消費者如有任何消費問題要諮詢，可於上班時間（不含午休）撥打全國消費者服務專線1950，各地方政府消費者服務中心有專人提供專業及熱忱的諮詢服務。,,,健康與體育-健康與體育,社會-公民與社會,,消費者服務專線1950,siau-huì-tsiá ho̍k-bū tsuan-suànn it kiú ngóo khòng
101437,消費權益,指消費者依法享有的權利及該權利受到保護時而給消費者帶來的應得利益。其核心是消費者的權利，在廣義上，消費者的權利已包含了消費者的利益，前者的有效實現是後者實現的前提和基礎。,,,社會-社會 健康與體育-健康與體育,社會-公民與社會,,消費權益,siau-huì khuân-ik siau-huì kuân-ik
101438,特有種,指特有性之現象或性質，指「因歷史、生態或生理因素等原因，造成其分布僅侷限於某一特定的地理區域或大陸，而未在其他地方中出現」的物種。,,,自然科學-自然科學,,自然科學-生物,特有種,ti̍k-iú-tsíng ti̍k-iú-tsióng
101439,特色產業,具有地方特色之產業。,,,社會-社會,,,特色產業,ti̍k-sik sán-gia̍p
101440,特徵,事物特殊的徵象、標誌。,,自然科學-自然科學,,自然科學-理化,,特徵,ti̍k-ting
101441,班刊,班級刊物。,,,語文-國語文,,,班刊,pan-khan
101442,班級,現行教育制度上的一種編制。學校按學生的年齡或程度，把若干人合在一起以便教學所編成的單位。,,社會-社會,,,,班級 班,pan-kip pan
101443,班級公約,在學校班級中，於特定事項，所擬訂共同遵守的條約或章程。,,社會-社會,社會-社會,,,班級公約,pan-kip kong-iok
101444,班級自治,在班級的體系中，有適當的組織，讓學生彼此各職所司，分工合作，班務了合理的分配，班級的經營才能順利推動，因此強化班級組織，運用同儕力量，可以使伭位學生有榮辱與共、與整個班級緊尋相連的感覺。至於分工的部分，可由學生自選或自己決定。,,社會-社會,,,,班級自治,pan-kip tsū-tī
101445,班級幹部,經民主程序產生並賦予職位，以協助教師教學、班級經營及推動學校相關事務之學生。,,社會-社會,,,,班級幹部,pan-kip kàn-pōo
101446,班會,在各級學校中，由全班同學共同參加的定期集會，通常一週舉行一次。,,社會-社會,,社會-公民與社會,,班會,pan-huē
101447,琉球嶼,俗稱小琉球，為中華民國屏東縣東港鎮西南方的珊瑚礁島嶼。全島面積6.802平方公里。目前全境均屬中華民國屏東縣琉球鄉管轄，亦納入大鵬灣國家風景區範圍之內。,,,社會-社會,,,小琉球,Sió-liû-khiû Sió-liû-kiû
101448,留言條,用書面形式留下要說的話的文書。,語文-國語文,,,,,留言字條,liû-giân jī-tiâu
101449,畜牧業,飼養及繁殖家禽、牲畜，以取得禽、畜產品或役力的生產事業。如乳、肉、蛋、毛、皮、羽、骨等產品及役力與有機肥料。目前的畜牧業大多朝向集約化、機械化及自動化發展。,,社會-社會,社會-社會,社會-地理,社會-地理,畜牧業,thiok-bo̍k-gia̍p
101450,疾病,病症的總稱。指人的生理或心理違反常態的現象。,健康與體育-健康與體育,健康與體育-健康與體育,社會-社會 綜合活動-綜合活動 健康與體育-健康與體育,健康與體育-健康教育,,病疼 症頭,pēnn-thiànn tsìng-thâu
101451,病句,未符合語法規則的句子，或者是邏輯上矛盾的句子。,,語文-國語文,語文-國語文,,,病句,pēnn-kù
101452,病毒,一種能使有機體致病的細小微生物。僅能由電子顯微鏡觀察到。沒有生殖能力，只能在活寄主的細胞內增殖。,,,自然科學-自然科學,,自然科學-生物,病毒,pēnn-to̍k
101453,病媒蚊,傳播病原導致傳染疾病的蚊子。如三斑家蚊是傳染日本腦炎的病媒蚊、埃及斑蚊是傳播登革熱的病媒蚊。,,社會-社會 健康與體育-健康與體育,,健康與體育-健康教育,,病媒蠓,pēnn-muî-báng
101454,真分數,分子小於分母的分數。,,數學-數學,,數學-數學,,真分數,tsin-hun-sòo
101455,砝碼,以天平稱物時，用來計算重量的標準器，用銅鉛等金屬製成，有輕重大小的差別。也作「法馬」、「法碼」。,,,自然科學-自然科學,自然科學-理化,自然科學-物理,磅子,pōng-tsí
101456,破折號（──）,一種標點符號。表示語意的轉變、聲音的延續、時空的起止，或用為夾注號，其符號為「──」。,,語文-國語文,,語文-國語文,,轉折號,tsuán-tsiat-hō
101457,破題,1.一種作文方法。一開頭就直截了當地揭示題旨，以後再分別加以說明。 2.指唐宋人應舉詩賦和經義及明清八股文的起首，用一兩句話說破題目的要義。,,,,語文-國語文,,破題,phò-tê phuà-tê
101458,祖先崇拜,指一種供奉、祭祀祖先，類似宗教儀式與習慣的行為。,,,,,社會-歷史,祖先崇拜,tsóo-sian tsông-pài
101459,祖籍,祖先的原籍。,,,,社會-歷史,社會-歷史,祖籍,tsóo-tsi̍k
101460,祖靈,臺灣原住民對於祖先、天地萬物、自然界現象等的稱呼。,,社會-社會,社會-社會,社會-歷史,社會-歷史,祖靈,tsóo-lîng
101461,祖靈祭,泰雅語稱為Ps l kautas。泰雅族舉行祖靈祭的時間，大都在粟和黍的收割期後（大約在8、9月之間），才獻上一年之中辛勞所得到的五穀雜糧。,,社會-社會,社會-社會,社會-歷史,,祖靈祭,Tsóo-lîng-tsè
101462,祝福語,希望對方得到福分的話語。,語文-國語文,,,語文-國語文,,祝福語,tsiok-hok-gí
101463,神社,1.古代祭祀社神的場地。也指祭祀先祖的宗廟。 2.日本神道教的信仰中心。也指祭神活動的場所。,,,,,社會-歷史,神社,sîn-siā
101464,粉蠟筆,又稱油性粉彩、油粉彩，是一種繪畫工具，由顏料、蠟、油等原料所製成，沒有任何粉狀顏料，具有類似蠟筆的特點，但材質較軟，顏色較濃也較亮，可以疊色與混色，變化豐富，而且可與松節油混合彩繪，所以重塗後會產生如油畫般的效果。,,藝術-藝術,,,,粉蠟筆,hún-la̍h-pit
101465,納稅,繳納稅賦。,,,社會-社會,社會-歷史,,納稅,la̍p-suè
101466,紙片,碎裂的片狀紙張。,,藝術-藝術,,,,紙片,tsuá-phìnn
101467,紙片拼貼,將只撕成紙片，用以拼貼的方式進行創作。,,藝術-藝術,,,,紙片拼貼,tsuá-phìnn phing-tah
101468,紙黏土,一種以紙纖維為主要原料的黏土。可捏成各種人物、動物及器物造型，作法是以黏土捏成心目中的造型後，以水撫拭，使其光滑，且放置在室內陰涼處，待其自然風乾，再以水彩或廣告顏料塗上適當的顏色，最後塗上亮光漆，即可永久保存。,,藝術-藝術,藝術-藝術,,,紙黏塗,tsuá-liâm-thôo
101469,級進,前後兩個音的音程為二度，如C進行到D（大二度常等於自然音階的「全音」，小二度常等於自然音階的「半音」）。,,藝術-藝術,,,,級進,kip-tsìn
101470,素描,用單色描繪而不敷彩的畫。畫家為磨練基礎用的石膏素描及人體素描，為探求繪畫的構圖與造形而用單色表現的草稿，都稱為「素描」。常用木炭、鉛筆、毛筆、鋼筆等作為工具。,,藝術-藝術,藝術-藝術,藝術-視覺藝術,,素描,sòo-biô sòo-biâu
101471,翅膀,鳥類及昆蟲的翼。,,自然科學-自然科學,,自然科學-生物,,翼,si̍t
101472,耕者有其田,民生主義解決土地問題的政策。要點是減低田租，保障農民收入，切實扶植自耕農，使其有自己的田地可以耕種。自民國42年起實施。,,,社會-社會,社會-歷史,社會-歷史,耕者有其田,king--tsiá iú kî tiân
101473,胸部,動物頸部以下，腹部以上的部位。,,自然科學-自然科學,,自然科學-生物,,胸部 胸坎,hing-pōo hing-khám
101474,胸鰭,位於魚類胸部左右兩側的魚鰭，用以划水。,,自然科學-自然科學,,自然科學-生物,,魚擛,hî-ia̍t
101475,能量,物體或力場所具有的作功能力，即稱為該物體或力場具有的能量。,,,自然科學-自然科學,自然科學-理化,自然科學-生物,能量,lîng-liōng
101476,能源,可以產生能量的物質。一般可分三類：一、已開發的能源。如水力、煤、石油、天然氣。二、已確定的能源，但未大量開發者。如地熱、沼氣。三、替代性能源，正在研究開發者。如太陽能、風能、潮汐能等。,,健康與體育-健康與體育 自然科學-自然科學,社會-社會,,社會-地理 自然科學-化學,能源,lîng-guân
101477,能源危機,能源短缺所造成的危機。,,,社會-社會,,社會-歷史,能源危機,lîng-guân guî-ki
101478,草,草本植物的總稱。,,,自然科學-自然科學,,,草,tsháu
101479,草本莖,凡是植物的莖是柔軟或易折而且橫切面沒有年輪，就稱為草本莖。,,自然科學-自然科學,,,,草本莖,tsháu-pún-king
101480,草食動物,以植物為食料的動物。活在陸地上的草食性動物，主要為昆蟲、囓齒類動物以及蹄類動物，活在海洋中的為甲殼類。,,自然科學-自然科學,,,,草食動物,tsháu-si̍t tōng-bu̍t
101481,草原,1.雨量較少，僅生長耐旱短草的平原。多位於熱帶及沙漠之間。 2.泛指長滿青草的原野。,,,自然科學-自然科學,,,草埔,tsháu-poo
101482,草書,書體名。為書寫方便、快速而產生的字體，大約起於漢代。初創時稱為「章草」。將隸書草率寫成，簡省點畫，保存波勢。其字個個分離不相連綿。至漢末，相傳張芝脫去章草中保留的隸書筆畫形跡，而筆勢連綴，上下兩字時時相連，形成「今草」，即後世通行的「草書」。也稱為「草體」、「草字」。,,,語文-國語文,語文-國語文,,草書 草字,tshó-su tshó-jī
101483,記敘,記載敘述。,,語文-國語文,,語文-國語文,語文-國語文,記敘,kì-sū
101484,記敘文,文體名。泛指敘事、記人、寫景、狀物一類的文章。亦可包括日記、譜表一類文字。,,語文-國語文,語文-國語文,,語文-國語文,記敘文,kì-sū-bûn
101485,記憶力考驗,運用觀察力把事情看仔細，嘗試以身體的動作幫助大腦組織訊息。,,藝術-藝術,,,,記性考驗 記持考驗,kì-sìng khó-giām kì-tî khó-giām
101486,退位減法,當被減數中的個位數不夠減時，便要向十位數借一；這時該位數馬上變成10，並且可與個位數結合再消去減數中的個位數。,數學-數學,,,,,退位減法,thè-uī kiám-huat
101487,退潮,在海洋潮汐中，海面的水位由高至低逐漸下降的期間。,,,自然科學-自然科學,,自然科學-地球科學,洘流 退流,khó-lâu thè-lâu
101488,逆時針方向,和時針旋轉相反的方向。,數學-數學,,,,,逆時針方向,gi̍k-sî-tsiam hong-hiòng
101489,酒精,一種化學有機化合物。乙醇的通稱。無色易燃，有特殊氣味的液體，可溶於水。可用發酵方法，或用乙烯加硫酸和水反應取得。是石油工業的重要產品，其用途廣泛，可用來燃燒、消毒及當溶劑使用，也是酒類的基本成分。,,,自然科學-自然科學,自然科學-理化,自然科學-生物,酒精,tsiú-tsing
101490,酒精燈,以酒精為燃料的加熱儀器。常用於化學實驗。,,,自然科學-自然科學,自然科學-理化,自然科學-化學,酒精燈,tsiú-tsing-ting
101491,除（÷）,數學上的運算方法之一。用一數把另一數分成若干等分。符號以「÷」表示。,,數學-數學,,,,除,tî
101492,除法,數學上的運算方法之一。即用乙數把甲數分成若干等分，甲數稱為「被除數」，乙數稱為「除數」。,,數學-數學,,數學-數學,數學-數學,除法,tî-huat
101493,除法估算,除法的估計盤算，以得一個概數。,,數學-數學,,,,除法估算,tî-huat kóo-sǹg
101494,除法算式,紀錄除法計算時所列出的式子。,,數學-數學,,,,除法算式,tî-huat sǹg-sik
101495,除號（÷）,數學上表示除法的符號，以「÷」表示。,,數學-數學,,,,除號,tî-hō
101496,除數,數學上指兩數相除，用來除被除數的數，稱為「除數」。如15÷3＝5，則3為除數。,數學-數學,,,數學-數學,數學-數學,除數,tî-sòo
101497,飢餓問題,"飢餓問題可簡單區分為緊急情況造成的飢餓問題以及日常營養不足兩者，若是長期每日攝取熱量遠低於2,100卡路里，便被視為日常營養不足，日常營養不足更為肆虐，其所造成的影響更為廣泛。",,,社會-社會,,,飢餓問題 枵飢問題,ki-gō būn-tê iau-ki būn-tê
101498,馬步,兩腿分開，超過肩寬，採半蹲姿勢。,健康與體育-健康與體育,健康與體育-健康與體育,健康與體育-健康與體育,健康與體育-體育,,馬勢 跤馬,bé-sè kha-bé
101499,馬拉松,馬拉松賽跑的簡稱。一種長距離賽跑項目。馬拉松（Marathon）位於希臘雅典東部35公里處，為馬拉松賽跑的起源地。西元前490年，希臘與波斯交戰，希臘人斐德匹第斯為傳達希臘捷報，自馬拉松跑赴雅典，力竭而死，日後特舉行長途賽跑以為紀念。,,健康與體育-健康與體育,健康與體育-健康與體育,健康與體育-體育,,馬拉松,ma-lá-sóng
101500,馬祖,島名。位於福建省閩江口東北，屬連江縣。簡稱為「馬祖」。由南竿、北竿、大坵、高登、西引等十九個小島組成，總面積三十四平方公里，控福州對外交通的要衝，扼閩江出入的門戶。現由我軍駐守，島上山嶺起伏，以漁業及水產養殖業為主。也稱為「馬祖列島」、「馬祖群島」。,,,社會-社會,社會-地理,社會-地理 社會-歷史,馬祖,Má-tsóo
101501,馬祖列島,島名。位於福建省閩江口東北，屬連江縣。簡稱為「馬祖」。由南竿、北竿、大坵、高登、西引等19個小島組成，總面積34平方公里，控福州對外交通的要衝，扼閩江出入的門戶。現由我軍駐守，島上山嶺起伏，以漁業及水產養殖業為主。也稱為「馬祖群島」。,,,社會-社會,,社會-歷史,馬祖列島,Má-tsóo Lia̍t-tó
101502,馬偕牧師,加拿大首位海外宣教師，建立北臺灣基督長老教會，他所建立的醫院和學校，也成為臺灣現代化的里程碑，對啟迪民智、開通思想和變換社會風氣，均有深遠之貢獻。,,,社會-社會,社會-歷史,社會-歷史,馬偕牧師,Má Kai bo̍k-su
101503,馬達,一種能將電能轉變為機械能的發動機。主要功能是產生動力，基本構造與發電機差不多。廣用於電扇、電車等，是近代工業上的重要動力裝備。又稱電動機。,,自然科學-自然科學,,自然科學-理化,,mòo-tà,mòo-tà
101504,馬關條約,清朝光緒20年（西元1894年）發生「甲午戰爭」，清廷戰敗，簽訂馬關條約。,,,社會-社會,社會-歷史,社會-歷史,馬關條約,Má-kuan Tiâu-iok
101505,高,物體直立時上下的長度。,數學-數學,,數學-數學,數學-數學,數學-數學,懸,kuân
101506,高山,高聳的山陵。,,,自然科學-自然科學,,,懸山,kuân suann
101507,高山族,臺灣原住民族正名前的舊稱，為相對於平埔族的稱呼。漢族移民稱居住於平原地區的原住民叫「平埔族」，對居住於近山地區或山區的原住民則稱為「高山族」，日治時代稱為「高砂族」。高山族則保存較多傳統的語言及文化，昔日多以初級農耕兼漁獵為生。,,,社會-社會,社會-歷史,社會-歷史,高山族,Ko-san-tso̍k Ko-suann-tso̍k
101508,高亢,態度高傲亢直或聲調、情緒高昂激動。,,藝術-藝術,,,,懸閣強,kuân koh kiông
101509,高位,位值表上較大的位值。例如1789中1為高位。,數學-數學,,數學-數學,,,懸位,kuân-uī
101510,高屏溪,"高屏溪原名下淡水溪，發源於中央山脈玉山附近，流經高雄市、屏東縣，於林園區及新園鄉注入臺灣海峽，全長171公里，流域面積3,257平方公里，其主要支流有荖濃溪、旗山溪、隘寮溪、濁口溪、美濃溪，其中以荖濃溪及旗山溪為最大。",,,社會-社會,社會-地理,,高屏溪 下淡水溪,Ko-pîn-khe Ē-tām-tsuí-khe
101511,高度,1.地面高出平均海平面的垂直距離，也稱為「海拔」。 2.物體由底部到頂端的長度。,,,自然科學-自然科學,,,懸度,kuân-tōo
101512,高度角,即從一點至觀測目標的方向線與水平面間的夾角。是三角高程測量中計算兩點間高差的主要觀測量。,,,自然科學-自然科學,自然科學-地球科學,,懸度角,kuân-tōo-kak
101513,高科技產業,研究開發費用占總產值（或銷售額）的比重、科技人員占總雇員的比重、高科技占產業的比重皆高的產業，如通訊設備、生物科技等，通常相對於傳統產業。,,,社會-社會,社會-地理,社會-地理 社會-歷史,高科技產業,ko-kho-ki sán-gia̍p
101514,高科技製造業,需要高水準人才和設備的精密工業技術，以生產貨品、謀取利潤為主要目的的行業。,,,社會-社會,,,高科技製造業,ko-kho-ki tsè-tsō-gia̍p
101515,高音域,指某一樂器或人聲歌唱所能發出的最高音的範圍。,,藝術-藝術,,,,高音域,ko-im-hi̍k ko-im-i̍k
101516,高音譜記號,在五線譜上用來標示音符所在位置為高音之符號。,,藝術-藝術,,,,高音譜記號,ko-im-phóo kì-hō
101517,高氣壓中心,高氣壓指比周圍的氣壓高的地點而言，其中氣壓最高的地點，叫作高氣壓中心。,,,自然科學-自然科學,,自然科學-地球科學,高氣壓中心,ko-khì-ap tiong-sim
101518,高速公路,專供汽車高速行駛的高級道路。出入口完全控制，中央分隔雙向行駛，除起訖點外，並與其他道路立體交叉。,,社會-社會,社會-社會,社會-地理 社會-歷史,社會-地理 社會-歷史,高速公路,ko-sok kong-lōo
101519,高速鐵路,比一般鐵路速度快、運量大、用地省的鐵路運輸系統。使用電力驅動，時速在兩百公里以上。,,社會-社會,社會-社會,,社會-歷史,高速鐵路,ko-sok thih-lōo
101520,高齡化社會,在全部人口中，老年人占相當高比例的社會。根據世界衛生組織的界定，一個國家65歲以上人口比例超過總人口7%以上稱為高齡化社會（ageing society），14%以上稱為高齡社會（aged society），20%以上稱為超高齡社會（super aged society）。高齡化社會的特徵包括總勞動人口減少、生產力下降，以及老人福利支出比例增加等。,,,社會-社會,社會-地理 社會-公民與社會,社會-地理 社會-公民與社會,高齡化社會,ko-lîng-huà siā-huē
101521,乾電池,一種不需液態電解液的電池。是以鋅板製成圓筒作陰極，碳棒在筒中為陽極，中間填滿二氧化錳、石墨、氯化銨和澱粉漿等的糊狀物質作電解液，組合便成乾電池，電壓約為1.5伏特。,,自然科學-自然科學,,自然科學-理化,自然科學-化學,焦電池,ta-tiān-tî
101522,假分數,分子等於或大於分母的分數。,,數學-數學,,數學-數學,,假分數,ké-hun-sòo
101523,假借,六書之一。語言中某些字有音無字形，而借用同音字來表達。如「而」字本是長於兩頰的鬍子，後借為連接詞。,,,語文-國語文,,,假借,ká-tsioh ká-tsià
101524,假設句,前句說明假設的情況，後句說明假設狀況實現時，所產生的結果的複句。,,,語文-國語文,,,假設句,ká-siat-kù
101525,偏見,不公平或固執的見解。,,,健康與體育-健康與體育,社會-公民與社會,社會-公民與社會,偏見,phian-kiàn
101526,偏旁,泛指漢字合體字的上下左右任一部分。,,語文-國語文,,,,字爿,jī-pîng
101527,偏轉,物體受外力作用而改變方向或位置。,,,自然科學-自然科學,自然科學-理化,,偏轉,phian-tsuán
101528,做數,請學生畫出或擺放相同數量物品的學習方式。,數學-數學,,,,,做數,tsò-sòo
101529,停留記號,又稱延長記號。若記在小節線上，或音符與音符之間時，表示樂曲的進行，停止極短的時間。若記在複縱線上，又稱為終止記號或停止記號，表示樂曲的結束。若記在音符或休止符止，則稱為延長記號。拍數要適當延長，習摜上延長一倍或一倍半。,,藝術-藝術,,,,停留記號,thîng-liû kì-hō
101530,停頓,中止或暫停。,語文-國語文,,,語文-國語文,,頓蹬 停頓,tùn-tenn thîng-tùn
101531,健走,一種健身運動，通常在戶外進行，行走時抬頭、挺胸、縮腹、上身略微前傾、擺動雙臂，以較快速度大步前進。,健康與體育-健康與體育,健康與體育-健康與體育,,,,半行走,puànn-kiânn-tsáu
101532,側芽,植物之芽，是未伸展之枝、葉、花或花序的幼態，若其著生於小枝之側方而非頂端，即稱側芽。側芽多著生葉腋，也稱為「腋芽」。但某些植物之腋芽著生位置會上移成腋上生。,,自然科學-自然科學,,,,側芽,tshik-gê
101533,側面,旁邊的一面。,數學-數學,,,數學-數學,,邊面,pinn-bīn pian-bīn
101534,偵探小說,以偵探事件為題材的小說。描寫案件發生的經過和破案過程，通常情節曲折離奇，引人入勝。,,,語文-國語文,,,偵探小說,tsing-thàm sió-suat tsing-thàm siáu-suat
101535,偶數,雙數。即凡能以2除盡的數。相對於奇數而言。,數學-數學,數學-數學,,數學-數學,數學-數學,雙數,siang-sòo
101536,偷渡,非法出境或入境。,,,社會-社會,社會-歷史,社會-歷史,偷渡,thau-tōo
101537,剪紙,一種我國傳統民間藝術。運用不同的剪貼和摺疊方法，剪出各種花樣。多用作喜慶裝飾或窗花、燈花等，現代亦用作裝飾品。,,藝術-藝術,,,,剪紙,tsián-tsuá
101538,副標題,一篇文章中，寫於標題下方，用以補充標題內容的文字。,,,語文-國語文,,,副標題,hù-piau-tê hù-phiau-tê
101539,副熱帶氣候,副熱帶氣候，又稱為亞熱帶季風氣候或中國型氣候，其特點是夏季高溫並多雨，冬季較同緯度地區溫暖濕潤。主要分布於緯度在20°─35° 之間的大陸東部。 氣候特徵：夏季高溫多雨，冬季溫和少雨。,,,社會-社會,,,副熱帶氣候,hù-jia̍t-tài khì-hāu
101540,副熱帶氣候區,副熱帶氣候，又稱為亞熱帶氣候或中國型氣候，其特點是夏季高溫並多雨，冬季較同緯度地區溫暖濕潤。主要分布於緯度在20°－35°之間的大陸東部。 ,,,社會-社會,,,副熱帶氣候區,hù-jia̍t-tài khì-hāu-khu
101541,動力,使機械運動、作功的作用力，如人力、風力、水力、熱力、原子能均為動力來源。,,自然科學-自然科學,,,,動力,tōng-li̍k
101542,動力來源,使機械運動、作功的作用力，如人力、風力、水力、熱力、原子能均為動力來源。,,自然科學-自然科學,,自然科學-理化,,動力來源,tōng-li̍k lâi-guân
101543,動作,行為、態勢。,,藝術-藝術,,,,動作,tōng-tsok
101544,動物,相對於植物的另一大類生物。多可自行攝食有機物以維生，有神經、感覺，並具運動能力。生存範圍遍及世界各處。,健康與體育-健康與體育 社會-生活課程 自然科學-生活課程 藝術-生活課程 綜合活動-生活課程,社會-社會 綜合活動-綜合活動 健康與體育-健康與體育,綜合活動-綜合活動,健康與體育-健康教育 自然科學-生物,自然科學-生物,動物,tōng-bu̍t
101545,動物保護協會,以保護動物為目的所成立的組織。,,社會-社會,,,,動物保護協會,tōng-bu̍t pó-hōo hia̍p-huē
101546,動物傳播,此類植物的種子或果實常具有好蚩或有特殊吸附植物的方法，由動物的食用後丟棄或排泄，或動物的皮毛、衣物沾黏造成的不適走到一處撥下除去而傳播，例如各種好吃的水果就是藉著被吃而傳播；鬼針草、羊帶來（蒼耳）則是以黏附方式為主。,,自然科學-自然科學,,,,動物傳播,tōng-bu̍t thuân-pòo tōng-bu̍t thuân-pò
101547,動詞,表示人、物的行為、動作或事件的發生之詞，如鳴、見、有、會等。從動詞有無接受之對象來分，有外動詞、內動詞兩類；從它與其他動詞連用與否來分，則有一般動詞與助動詞兩類。也稱為「動字」、「謂詞」。,,語文-國語文,語文-國語文,語文-國語文,,動詞,tōng-sû
101548,動滑輪,滑輪的輪子可轉動但位置不固定，能隨物體的移動而移動，可達到省力或方便工作,,,自然科學-自然科學,自然科學-理化,,動滑輪,tōng-ku̍t-lûn
101549,動態描寫,對活動變化的事物進行的描寫。,,語文-國語文,,,,動態描寫,tōng-thài biô-siá tōng-thài biâu-siá
101550,動態感,一種運動的視覺感受效果。,,藝術-藝術,,,,動態感,tōng-thài-kám
101551,區公所,次於市的地方自治組織。設區長一人，綜理全區政務，並承市長之命，辦理自治行政及各項交辦事務。,,社會-社會,社會-社會,,社會-公民與社會,區公所,khu-kong-sóo
101552,區域特色,任一地區之事物所表現出獨特的色彩風格等。,,,社會-社會,,,區域特色,khu-hi̍k ti̍k-sik khu-i̍k ti̍k-sik
101553,參考體,參考體是用來確定物體的位置和描述它的機械運動而選作標準的另一個物體。為了用數值表達一個物體的位置，可在參考體上設置坐標系，稱為參考坐標系。參考系和參考坐標系都可以任意選擇，但同一個運動在不同參考系中的表現形式是不同的。,,自然科學-自然科學,,,,參考體,tsham-khó-thé
101554,參政權,人民參與政事的權利。如選舉、罷免、創制、複決等。,,,社會-社會,社會-公民與社會,,參政權,tsham-tsìng-khuân tsham-tsìng-kuân
101555,參宿七,參宿七，在拜耳命名法中稱為獵戶座β，是獵戶座中最亮的恆星，並且是全天第7亮星，它的視星等為0.12等。,,,自然科學-自然科學,自然科學-地球科學,,參宿七,Tsham-siù-tshit Sim-siù-tshit
101556,參宿四,參宿四也就是拜耳命名法中著名的獵戶座α，是全天第九亮星，也是獵戶座第二亮星，只比鄰近的參宿七（獵戶座β）暗淡一點。它是明顯的紅色半規則變星，視星等在0.2至1.2等之間變化著，是變光幅度最大的一等星。這顆恆星標示著冬季大三角的頂點和冬季六邊形的中心。,,,自然科學-自然科學,自然科學-地球科學,,參宿四,Tsham-siù-sì Sim-siù-sì
101557,商,某數以他數除之所得的數值。,,數學-數學,,數學-數學,數學-數學,商,siong
101558,商業,代表一種經由組織提供顧客商品與服務的行為，亦指從事此類行為機構之統稱，但亦有將商業侷限於從事流通業之行為或機構。,,,社會-社會,社會-地理 社會-歷史,,商業,siong-gia̍p
101559,商調式,樂曲的起調或結束，以商音為主音的調式稱為「商調式」。 ,,,藝術-藝術,,,商調式,siong-tiāu-sik
101560,問句,表示詢問或反問的語句。,語文-國語文,,語文-國語文,語文-國語文,,問句,būn-kù mn̄g-kù
101561,問候語,探問人的起居的話語。,語文-國語文,,,語文-國語文,,問候語,būn-hāu-gí
101562,問號（？）,一種標點符號。用在疑問句之後，其符號為「？」。,語文-國語文,語文-國語文,,語文-國語文,,問號  問點,būn-hō mn̄g-hō mn̄g-tiám
101563,國民教育,全體國民所應接受的基本教育，以養成基本的生活智能及國民道德，且具有義務教育的性質。,,,社會-社會,社會-公民與社會,社會-歷史,國民教育,kok-bîn kàu-io̍k
101564,國民義務教育,全體國民所應接受的基本教育。自民國57學年度開始，我國義務教育由6年延至9年，前6年為國民小學，後3年為國民中學。民國71年4月30日，立法院通過「強迫入學修正案」，明定6歲到15歲國民應強迫接受國民教育，否則得科父母或監護人新臺幣300元以下罰鍰，並得連續科罰至入學為止。其宗旨在培養健全國民，使具有基本的生活知能及國民道德。,,,社會-社會,社會-公民與社會,社會-歷史,國民義務教育,kok-bîn gī-bū kàu-io̍k
101565,國字,本國的文字。,語文-國語文,,語文-國語文,,,漢字,hàn-jī
101566,國姓爺,鄭成功臣事明唐王，賜姓朱，故稱為「國姓爺」。,,,社會-社會,社會-歷史,,國姓爺,Kok-sìng-iâ
101567,國定古蹟,國家所制定或核定的古代流傳下來的遺蹟。,,,社會-社會,社會-地理,,國定古蹟,kok-tīng kóo-tsik
101568,國家公園,設定國家某處具有特殊自然環境的區域，且不小於一萬公頃面積的範圍為國家級的公園。目的在保護此區域內特有的自然景觀、野生物與史蹟，並供國的育樂及研究。,,,社會-社會,社會-地理,,國家公園,Kok-ka Kong-hn̂g
101569,國語家庭,國語家庭為臺灣日治時期一家所有成員在家都講日語的家庭。認定方法採申請制，通過申請者即成為國語家庭，可獲得證書、獎章及刻有「國語家庭」字樣的門牌。「國語家庭」在當時不僅只是口頭讚賞，也會給予一些實質的優惠。,,,社會-社會,,社會-歷史,國語家庭,kok-gí ka-tîng
101570,國語傳習所,國語傳習所是1896年到1898年，臺灣日治時期的臺灣總督府於臺灣實施的基礎教育學制與場所。此學制或場所的制定或設立，確定日本統治者對臺灣在「放任驅逐」與「同化」兩教育政策中，選擇了後者。國語傳習所也成為臺灣首個西式教育的學校，更成為後來公學校的前身。因當時臺灣已屬日本領土，國語傳習所一詞中的「國語」即為日本語。,,,,,社會-歷史,國語傳習所,kok-gí thuân-si̍p-sóo
101571,國際公約,國與國之間對於特定事項，擬訂共同遵守的條約或章程。,,,社會-社會,社會-公民與社會,,國際公約,kok-tsè kong-iok
101572,國際組織,指三個或以上國家，為實現某方面的共同目標，或解決國與國之間某方面的爭端，依據其締結的條約或其他正式法規而建立的常設性機構，合作性質可涉及政治、經濟、外交、文化、環境、衞生等不同範疇。 國際組織主要分為政府間和非政府間兩類。,,,社會-社會,社會-歷史 社會-公民與社會,社會-歷史 社會-公民與社會,國際組織,kok-tsè tsoo-tsit
101573,國際勞工公約,聯合國為了促進對全世界勞動者的權利的保護所通過的國際標準。,,,社會-社會,,,國際勞工公約,Kok-tsè Lô-kang Kong-iok
101574,國際貿易,國與國之間商品的交換或買賣。依商品移動的方向觀察，可分為出口貿易、進口貿易與過境貿易。若從交易進行的方式而言，則有直接貿易和間接貿易之分。國際貿易如從本國立場來觀察，即為對外貿易。亦縮稱為「國貿」。,,,社會-社會,社會-歷史 社會-公民與社會,社會-歷史,國際貿易,kok-tsè bōo-i̍k
101575,國際管樂節,嘉義市國際管樂節，簡稱「嘉管」，由嘉義市政府文化局主辦。從1993年舉辦第一屆管樂節至今，已一共舉辦了24屆，每屆管樂節都舉辦在每年12月中下旬，是臺灣最盛大的古典音樂節。,,,藝術-藝術,,,國際管樂節,kok-tsè kuán-ga̍k-tseh
101576,國際競爭力,一個國家在世界經濟的大環境下，與各國的競爭力相比較，其創造增加值和國民財富持續增長的能力。,,,社會-社會,,,國際競爭力,kok-tsè kīng-tsing-li̍k
101577,國曆,由國家規定採用的曆法。我國於民國元年改以陽曆為國曆。,,自然科學-自然科學,,自然科學-地球科學,,新曆 陽曆,sin-li̍k iông-li̍k
101578,基本人權,1.人與生俱來就有的權利，也稱「天賦人權」。 2.人民在法律上所享有的權利，包括自由、人身安全、工作、受教育、集會結社、宗教信仰、財產等權利。,,,社會-社會,社會-公民與社會,社會-歷史 社會-公民與社會,基本人權,ki-pún jîn-khuân ki-pún jîn-kuân
101579,基因改造食品,利用現代分子生物技術，將某些生物的基因轉移到其他物種中去，改造生物的遺傳物質，使其在形狀、營養品質、消費品質等方面向人們所需要的目標轉變，從而形成的可以直接食用，或者作為加工原料生產的食品。,,,社會-社會,,,基因改造食品,ki-in kái-tsō si̍t-phín
101580,基隆,城市名。為我國第二級行政區，位於臺灣東北部，面積約132平方公里。舊名「雞籠」，光緒元年（西元1875年）因其名不雅而改為「基隆」，取基地昌隆之意。為臺灣北部第一大港，全臺第二大港。,,,社會-社會,社會-歷史,,基隆,Ke-lâng
101581,基準量,用來當作標準的數量。,,,數學-數學,,,基準量,ki-tsún-liōng
101582,基督宗教,西元一世紀由巴勒斯坦境內拿撒勒人耶穌所創立的宗教，初期流行於亞細亞西部，現遍及世界。十一世紀分裂為天主教和東正教，十六世紀宗教改革後又從天主教分裂出許多新教派，如長老會、聖公會、浸信會、衛理會等。我國統稱新教為「基督教」。,,,社會-社會,,社會-歷史,基督宗教,Ki-tok tsong-kàu
101583,基督教,西元一世紀由巴勒斯坦境內拿撒勒人耶穌所創立的宗教，初期流行於亞細亞西部，現遍及世界。十一世紀分裂為天主教和東正教，十六世紀宗教改革後又從天主教分裂出許多新教派，如長老會、聖公會、浸信會、衛理會等。我國統稱新教為「基督教」。,,社會-社會,社會-社會,社會-歷史,社會-歷史,基督教,Ki-tok-kàu
101584,堆肥,把動物的排泄物和植物等混合堆積，經腐化而成的肥料。,,,社會-社會,健康與體育-健康教育,,堆肥 𩛩肥 漚肥,tui-puî kauh-puî au-puî
101585,專名號,一種標點符號。用在人名、種族名、國名、地名、機構名等，其符號為「＿＿」。在作文寫作中，提到人名、國名等專有名詞當加注專名號，也就是在專有名詞左邊（直字）或下邊（橫字）加上一直線。,語文-國語文,語文-國語文,,語文-國語文,,專名號,tsuan-bîng-hō tsuan-miâ-hō
101586,專賣制度,國家對某種產品的生產、購銷實行壟斷經營和統一管理的一種制度。,,,社會-社會,社會-歷史,,專賣制度,tsuan-bē tsè-tōo
101587,帶分數,指帶有整數的分數。,,數學-數學,,數學-數學,,帶分數,tài-hun-sòo
101588,強力電磁鐵,在一塊鐵芯上纏繞可導電的線圈，就可形成一塊電磁鐵；電磁鐵是一種暫時性的磁鐵，只有通電時才會產生磁力。它的磁力強弱可依通過的電流大小來改變，因此電磁鐵有強也有弱，可以依不同的需要，應用在不同的地方。,,自然科學-自然科學,,自然科學-理化,,強力電磁鐵,kiông-li̍k tiān-tsû-thih
101589,強力磁鐵,強力磁鐵是指釹鐵硼磁鐵。它相比於鐵氧體磁鐵、鋁鎳鈷、釤鈷的磁性能大大的超越了其他幾種磁鐵。,,自然科學-自然科學,,自然科學-理化,,強力吸石  強力吸鐵,kiông-li̍k khip-tsio̍h kiông-li̍k khi̍p-tsio̍h kiông-li̍k khip-thih
101590,彩虹,大氣中的水氣受日光照射時，由於折射及反射作用，而於天空中形成弧形的帶狀景觀，由外圈到內圈呈紅、橙、黃、綠、藍、靛、紫七種顏色。,,自然科學-自然科學,,自然科學-地球科學,,虹,khīng
101591,情節,事情的變化、經過情形。,,藝術-藝術,,,,情節,tsîng-tsiat
101592,捷泳,一種泳式。伸直身體俯於水面漂浮，兩手由前向後交互划水，雙腿上下交互打水。,,健康與體育-健康與體育,健康與體育-健康與體育,健康與體育-體育,,覆水泅 掠篙泅,phak-tsuí-siû lia̍h-ko-siû
101593,捷運,一種快速而便捷的大眾運輸。由於在專用道上行駛，不受其他車輛或行人的干擾，可提供乘客快速的服務，故適用於大規模的都市。,,社會-社會,社會-社會,社會-地理,,捷運,tsia̍t-ūn
101594,授粉,植物繁殖中，雄蕊花藥裡的花粉經由風或昆蟲等媒介，傳到雌蕊的柱頭或胚珠的過程。是子房形成果實的必要條件，可分為自花授粉和異花授粉兩種。也稱為「傳粉」。,,,自然科學-自然科學,自然科學-生物,,弄花,lāng-hue
101595,排比,一種修辭手法。以三個或三個以上結構相似、字數大致相等的句法，表達出內容相關的意象。,,,語文-國語文,語文-國語文,語文-國語文,排比,pâi-pí
101596,排球,1.一種球類運動。由美國人所創，球場長方形，中央隔有高網。每隊六人，雙方分占一 邊，以手托球或擊球，使球在網上相互往來，不落地，球在同隊中互相傳不可超過三次，兩隊球員均不得握球、觸網，不得進入對方場地，不得一人連擊。比賽採三局兩勝制，只有發球隊可得分，先得十五分的一方勝一局。 2.排球運動中所使用的球。通常用人造皮革或牛皮做殼，橡膠做內胎。,,健康與體育-健康與體育,健康與體育-健康與體育,健康與體育-體育,,排球,pâi-kiû
101597,接目鏡,顯微鏡或望遠鏡貼近眼睛的透鏡。,,,自然科學-自然科學,自然科學-生物,,接目鏡,tsiap-bo̍k-kiànn
101598,接物鏡,顯微鏡上用於接近觀察物一端的透鏡。鏡頭較短的為低倍鏡，較長的為高倍鏡。,,,自然科學-自然科學,自然科學-生物,,接物鏡,tsiap-bu̍t-kiànn
101599,接球,足球、排球和籃球接球是指運動員有目的地用身體的合理部位（例腳或手）把運行中的球接下來，控制在所需要的範圍內，以便更好地銜接下一個技術動作。,健康與體育-健康與體育,健康與體育-健康與體育,健康與體育-健康與體育,健康與體育-體育,,承球 接球,sîn-kiû tsiap-kiû
101600,接觸力,因物體相互接觸而產生的效應力。如彈力、摩擦力、表面張力等。,,自然科學-自然科學,,自然科學-理化,自然科學-物理,接觸力,tsiap-tshiok-li̍k
101601,接觸面,是指一般情況下，選擇兩物體中硬度較大的一方為主動體（接觸體），其接觸表面稱為接觸面。,,,自然科學-自然科學,自然科學-理化,自然科學-化學,接觸面,tsiap-tshiok-bīn
101602,控制變因,控制變因：實驗中除了操控(作)變因外，其餘變因都需要控制好，避免影響實驗。,,,自然科學-自然科學,自然科學-理化,,控制變因,khòng-tsè piàn-in
101603,控球,控制球的速度、方向。,健康與體育-健康與體育,健康與體育-健康與體育,健康與體育-健康與體育,健康與體育-體育,,控球,khòng-kiû
101604,推荐序,通常放在正文前，推薦作品的文體。,,語文-國語文,,,,推薦序,thui-tsiàn-sū tshui-tsiàn-sū
101605,敘事,敘述事情。,,語文-國語文,,語文-國語文,語文-國語文,敘事,sū-sū
101606,敘述,陳述、陳說。,,語文-國語文,語文-國語文,語文-國語文,語文-國語文,敘述,sū-su̍t
101607,敘述語句,用來描述周遭環境經驗，具記述及報導的功能且可以查證真假的語句。,,,,語文-國語文,,敘述句,sū-su̍t-kù
101608,敘寫,敘述描寫。,,語文-國語文,語文-國語文,語文-國語文,,敘寫,sū-siá
101609,教育,1.教導培育。 2.一種有關培植人才，訓練技能，以支應國家建設、社會發展的事業。,,社會-社會,社會-社會,社會-歷史 社會-公民與社會,社會-歷史,教育,kàu-io̍k
101610,教育程度,接受教育後所到達的高低程度。,,社會-社會,,社會-地理 社會-公民與社會,社會-歷史,教育程度,kàu-io̍k thîng-tōo
101611,教室,學校裡進行教學活動的房間。,健康與體育-健康與體育 社會-生活課程 自然科學-生活課程 藝術-生活課程 綜合活動-生活課程,社會-社會 綜合活動-綜合活動,綜合活動-綜合活動,,,教室 課室,kàu-sik khò-sik
101612,教師節,我國國定節日之一。民國四十一年，政府為發揚至聖先師孔子的教育精神，特定孔子誕辰九月二十八日為「教師節」。當日多有表揚全國優良教師的活動。,,社會-社會,,,,教師節,Kàu-su-tseh
101613,旋律,若干高低、長短、強弱不同的樂音，依節奏上的一定組織關係連續奏出，稱為「旋律」。是構成音樂的基本要素，可以表現出音樂的內容、風格及體裁。,,藝術-藝術,,藝術-音樂,藝術-音樂,旋律,suân-lu̍t
101614,旋轉角,以順時針或逆時針方向旋轉所形成的角。,,數學-數學,,,,旋轉角,suân-tsuán-kak
101615,旋轉盤,可以旋轉調換多種不同倍率的物鏡。,,,自然科學-自然科學,自然科學-理化 自然科學-生物,,轉踅盤,tńg-se̍h-puânn
101616,族群,在特定時間內占據某一空間，物種相同所組成的個體群。,,社會-社會,社會-社會,社會-歷史,社會-地理 社會-歷史 社會-公民與社會,族群,tso̍k-kûn
101617,族群械鬥,不同的種族群體持器械相互打鬥。,,,社會-社會,,,族群械鬥,tso̍k-kûn hāi-tàu
101618,族譜,記載宗族或家族系統的譜牒。,,,社會-社會,社會-歷史,社會-歷史,族譜,tso̍k-phóo
101619,曹公圳,最早起建於清朝道光年間，位於臺灣南部高雄平原，由曹公舊圳、曹公新圳、鳳山圳、大寮圳、林園圳等五個水圳灌溉系統構成，灌溉範圍涵蓋大高雄所有農業精華區所在，是高雄地區最重要的水圳。,,,社會-社會,社會-歷史,,曹公圳,Tsô-kong-tsùn
101620,望,農曆每月十五，地球上所看見的滿月月相。後指農曆的每月十五。,,自然科學-自然科學,,自然科學-地球科學,,望,bōng
101621,望遠鏡,用來觀察天體或遠處物體的儀器。望遠鏡主要分折射望遠鏡和反射望遠鏡兩種。,,自然科學-自然科學,,,自然科學-地球科學,召鏡 千里鏡,tiàu-kiànn tshian-lí-kiànn
101622,梅雨,華南地區每年五至七月、日本南部六至七月初，因東南季風滯留而帶來綿綿不斷的雨水，因正值梅子成熟，故稱為「梅雨」。,,,社會-社會,社會-地理,社會-地理,黃酸雨,n̂g-sng-hōo
101623,梅雨季節,華南地區每年五至七月、日本南部六至七月初，因東南季風滯留而帶來綿綿不斷的雨水，因正值梅子成熟，故稱為「梅雨」，此時段便被稱作梅雨季節。,,自然科學-自然科學,,,,黃酸雨季節 芒種雨季節 梅雨季節,n̂g-sng-hōo kuì-tseh bông-tsíng-hōo kuì-tseh muî-ú kuì-tseh
101624,梆笛,一種形如曲笛而較短小，音比曲笛高四度的樂器。音色高亢、清脆，常用於北方的梆子戲中。,,藝術-藝術,,藝術-音樂,,梆笛,pang-ti̍k
101625,條件句,一種假定句。分一、必然性的條件句。,,,語文-國語文,,,條件句,tiâu-kiānn-kù
101626,梯形,四邊形中只有兩邊平行的稱為「梯形」。,,數學-數學,數學-數學,數學-數學,數學-數學,梯形,thui-hîng
101627,械鬥,雙方持器械打鬥。,,,社會-社會,社會-歷史,,械鬥 捙拚,hāi-tàu tshia-piànn
101628,毫公升（ml、cc）,計算容量的單位。公制1毫升等於千分之一升，即1立方公分。也稱為「西西」。可用ml或cc表示。,,,數學-數學,,,毫公升,hô-kong-tsin
101629,毫升（ml、cc）,量詞。計算容量的單位。公制1毫升等於千分之一公升。也稱為「西西」。可用ml或cc表示。,,數學-數學,,,,毫升,hô-tsin
101630,毫米（mm）,量詞。計算長度的單位。由英語millimeter翻譯得名。公制1毫米等於千分之一公尺。英文簡寫為㎜。,,數學-數學,,,,亳米 公厘 mí-lih,hô-bí kong-lî mí-lih
101631,液態,一種介於氣態和固態之間，易於流動而幾乎不可壓縮的狀態。是物質存在的一種基本形態，此時分子與分子之間距離相近，位置卻不固定，因此可隨意變形而體積不變。,,自然科學-自然科學,,自然科學-理化,自然科學-化學,液態,i̍k-thài
101632,液體,有一定體積，無一定形狀，而能流動的物質。如水、油等。,,自然科學-自然科學,,自然科學-理化,自然科學-化學,液體,i̍k-thé
101633,淡水,地名。在臺北市西北，淡水河河口的北岸。早期淡水港為貿易主要出入港，市面繁榮，而今河口淤塞，風光不再，街景多留有昔日色彩，具歷史意義。也稱為「滬尾」。,,社會-社會,社會-社會,社會-歷史,社會-歷史,淡水,Tām-tsuí
101634,淡水河,河川名。臺灣第三大河，發源於大霸尖山，到淡水鎮入海。因與南部的下淡水溪相對，故也稱為「上淡水」。,,,社會-社會,社會-地理,,淡水河,Tām-tsuí-hô
101635,混合計算,在一個算式中，同時有分數和小數，在進行運算時，可將分數改為小數或小數改為分數來計算。,數學-數學,,,,,混合計算,hūn-ha̍p kè-sǹg
101636,清水斷崖,位於臺灣花蓮縣秀林鄉的海岸斷崖，是蘇花公路上著名的旅遊景點。,,,社會-社會,,,清水斷崖,Tshing-tsuí Tuān-gâi
101637,清明節,中國傳統節日。國曆4月5日。清明原是節氣的名稱，後來因與與寒食節相近，漸成為紀念祖先和祭祖、掃墓的節日。西元1935年國民政府定清明節為民族掃墓節。又因距冬至日約106天，故稱為「百六」。也稱為「民族掃墓節」、「掃墓節」。,,社會-社會,社會-社會,,,清明節 清明,Tshing-bîng-tseh Tshing-bîng Tshinn-miâ
101638,清法戰爭,清光緒10年（西元1884），中國和法國因安南事件所引起的戰役。次年議和，訂立中法天津和約，越南自此淪為法國的殖民地。也稱為「甲申之役」。,,,,社會-歷史,,清法戰爭,Tshing-Huat Tsiàn-tsing
101639,清朝時期,指臺灣及澎湖由清朝統治的時期，又稱作清領時期、清據時期，從1683年清廷派施琅發兵攻滅南明勢力明鄭王朝起，至1895年《馬關條約》割讓予日本為止，共212年。,,,社會-社會,,,清朝時期,Tshing-tiâu Sî-kî
101640,現代化,社會、經濟及政治制度等各方面發生變化，演變成與傳統形態不同的過程。今多通稱具有現代先進科技水準的形態。,,,社會-社會,社會-歷史,社會-歷史,現代化,hiān-tāi-huà
101641,現代化建設,具有現代先進科技水準的設施。,,,社會-社會,社會-歷史,社會-歷史,現代化建設,hiān-tāi-huà kiàn-siat
101642,現代詩,詩體名。中國近代流行的一種詩體，流行於五四運動後，其特色除以白話為主外，也不遵守平仄、協韻的格律，完全不同於古時作詩的體例規則。頗為自由、活潑。也稱為「白話詩」、「新詩」。,,,語文-國語文,語文-國語文,語文-國語文,現代詩,hiān-tāi-si
101643,現象,通稱事物在發展演變過程中所表現出來的狀況、形態。,,自然科學-自然科學,,自然科學-理化 自然科學-生物 自然科學-地球科學,,現象,hiān-siōng
101644,球,數學上指以半圓的直徑為軸，使半圓旋轉一周而成，且由中心至表面各點距離皆相等的立體。,,,數學-數學,,,球,kiû
101645,球心,數學上指球的中心點。與球面任何部分的距離皆相等。,,,數學-數學,,,球心,kiû-sim
101646,球體,由球面所包圍的立體形狀。,,數學-數學,數學-數學,,,球體,kiû-thé
101647,理財,管理財務。,,社會-社會,社會-社會,,,理財,lí-tsâi
101648,產卵,卵生動物的卵在體內成熟後即產出體外，稱為「產卵」。,,自然科學-自然科學,,自然科學-生物,,生卵 放卵 湠卵,senn-nn̄g pàng-nn̄g thuànn-nn̄g
101649,產業,1.貨財、土地、屋宅等財產的總稱。 2.農、礦、工、商等經濟事業的總稱。也稱為「實業」。,,社會-社會,社會-社會,,社會-地理,產業,sán-gia̍p
101650,產業類別,資產、土地、經濟事業體的種類、類型。,,社會-社會,,社會-地理,,產業類別,sán-gia̍p luī-pia̍t
101651,畢宿五,畢宿五為橘紅色的巨星，經由月掩星法（Occultation metdod）所量得的畢宿五半徑為太陽的50倍。畢宿五為一雙星系統，其伴星Aldebaran B為11星等的白矮星。,,,自然科學-自然科學,自然科學-地球科學,,畢宿五,Pit-siù-gōo
101652,略寫,概括式的描述。,,,語文-國語文,語文-國語文,,略寫 大體仔寫,lio̍k-siá tāi-thé-á siá
101653,異形同音詞,讀音相同而詞形不同的字。,語文-國語文,,,,,異形同音詞 異形仝音詞,ī-hîng-tông-im-sû ī-hîng-kāng-im-sû ī-hîng-kâng-im-sû
101654,異極相吸,自由指向地球南方的叫磁鐵的S極，指向北方向的叫N極，當不同的磁極相互靠近所產生相吸現象。,,自然科學-自然科學,,自然科學-理化,,異極相吸,ī-ki̍k sio-khip
101655,祭典活動,祭典活動大多數是一年舉行一次，為所供奉的神明或者季節或歷史事件進行慶祝活動。,,社會-社會,社會-社會,,社會-歷史,祭典活動,tsè-tián ua̍h-tāng tsè-tián ua̍h-tōng
101656,祭祀,祭神祀祖的泛稱。,,社會-社會,社會-社會,社會-歷史,社會-歷史,祭祀,tsè-sū
101657,移民,1.人口在地理上或空間上的移動。包括移出、移入及內徙。 2.遷移到外國定居的人。,,,社會-社會,社會-歷史 社會-地理,社會-地理 社會-歷史,移民,î-bîn
101658,移民文化,由一地區的人民長期適應特定風土環境條件，並於社群歷史傳承陶養下，將其所孕育和創造的種種文化表現帶到另一個國家，包括思想觀念、儀式習俗、文物與藝術表現、慣習與生活方式等。,,,,社會-地理,,移民文化,î-bîn bûn-huà
101659,移植,1.將植物從生長的地方，移栽至另一地方。 2.將某動物體的器官組織，移到其他部位或另一動物體上。如皮膚、眼角膜等的移植。也作「移殖」。,,自然科學-自然科學,,自然科學-生物,,徙栽,suá-tsai
101660,移墾社會,因遷徙、墾荒所形成之移民群體或農業等生活環境。,,,,,社會-地理 社會-歷史,移墾社會,î-khún siā-huē
101661,章節,書的組成部分。通常一本書的大段落稱「章」，小段落稱「節」。,,,,語文-國語文,語文-國語文,章節,tsiunn-tsat tsiong-tsiat
101662,笛音,吹奏笛子所發出來的聲音。,,藝術-藝術,,,,𥰔仔音,phín-á-im
101663,笛聲,警笛、汽笛、笛子等所發出的聲音。,,藝術-藝術,,,,𥰔仔聲 笛仔聲,phín-á-siann ta̍t-á-siann
101664,笛類樂器,笛大多由中空的竹子製成，有一個吹孔、一個膜孔及六個按音孔。常見的笛類樂器有梆笛、曲笛。,,藝術-藝術,,,,𥰔仔類樂器,phín-á-luī ga̍k-khì
101665,符號,含特別意義以供辨識的記號。,語文-國語文,語文-國語文,語文-國語文,語文-國語文,,符號,hû-hō
101666,第一人稱,1.語法上指代自己的詞為第一人稱。如我、吾、余等。 2.一種敘述法。以我的位置來描述事件。意謂自己即是事件的主角，參與事件的進行。此方法可用於小說、電影的創作。,,,語文-國語文,語文-國語文,語文-國語文,第一人稱,tē-it jîn-tshing
101667,第一人稱法,寫作時依照第一人稱「我」或「我們」的角度來表達，作者藉由故事中的角色表達自己的想法，全文就像是一篇自述性的文章。,,,語文-國語文,語文-國語文,語文-國語文,第一人稱法,tē-it jîn-tshing-huat
101668,第二人稱,說話的對方，即「你」。,,,語文-國語文,語文-國語文,語文-國語文,第二人稱,tē-jī jîn-tshing
101669,第二人稱法,寫作時依照第二人稱「你」作為敘述主體，就像是作者在對著某個角色敘述事情、說明道理；或是向讀者陳述自己的看法，好像與讀者對話一般，能夠拉近和閱讀者的距離。,,,語文-國語文,語文-國語文,語文-國語文,第二人稱法,tē-jī jîn-tshing-huat
101670,第二性徵,雌雄動物受性腺分泌激素的影響，身體及性格方面的特殊表徵，以突顯性別。如女性的皮膚細膩、發音尖銳、愛美；男性的長鬚、發音低沉，都為兩性的第二性徵。,,,健康與體育-健康與體育,健康與體育-健康教育,,第二性徵,tē-jī sìng-ting
101671,第三人稱,1.你、我以外的第三者，稱為「第三人稱」。 2.一種小說敘述法。作者立於旁觀者的地位，以描寫第三者的情節。這種體裁就稱為以第三人稱敘述的小說。,,,語文-國語文,語文-國語文,語文-國語文,第三人稱,tē-sann jîn-tshing
101672,第三人稱法,以我、你以外的旁觀者作為敘述的主體，作者是以一個「旁觀者」的立場來敘述事情。,,,語文-國語文,語文-國語文,語文-國語文,第三人稱法,tē-sann jîn-tshing-huat
101673,粗調節輪,用以調整物鏡和載物臺間的距離，使物體影像清晰。,,自然科學-自然科學,,自然科學-生物,,粗調節輪,tshoo-tiâu-tsiat-lûn
101674,累加,累積相加。,,數學-數學,,數學-數學,,累加,luí-ka
101675,細菌,單細胞的微生物，依其外形可分為桿菌、球菌和螺旋菌三類，以分裂法繁殖，多靠寄生或腐生方法生活，遍布於土壤、水、空氣、有機物質或生物體內和體表。有些細菌會引起嚴重的疾病，如霍亂、破傷風等，有些則對人類有益處。,,,自然科學-自然科學,自然科學-生物,自然科學-生物,細菌,sè-khún
101676,細調節輪,微調以得到更清晰的影像。,,自然科學-自然科學,,自然科學-生物,,幼調節輪,iù-tiâu-tsiat-lûn
101677,細懸浮微粒,泛指懸浮在空氣中的固體顆粒或液滴，顆粒微小甚至肉眼難以辨識但仍有尺度的差異。,,,自然科學-自然科學,,自然科學-地球科學,細懸浮微粒,sè hiân-hû-bî-lia̍p
101678,終邊,旋轉後的邊。,數學-數學,,,,,終邊,tsiong-pinn
101679,組織,一群人為達特定目標，經由一定的程序所組成的團體。,,,社會-社會,,,組織,tsoo-tsit
101680,統計表,用表格形式來表示某一統計資料的特性，以及資料間的關係。因不用文字敘述，故在編印、傳遞方面，有很大的方便。,數學-數學,,數學-數學,,,統計表,thóng-kè-pió
101681,統計圖,一種平面或立體的圖形。利用點的多少、線的長短、面積或體積的大小、顏色的分別與濃淡、線條的疏密或曲線的傾斜角度，以表示統計表內各種數字的大小程度、變動情形、分布狀況或相互關係。種類繁多，有說明圖、計算圖、分析圖等。,,數學-數學,數學-數學,數學-數學,,統計圖,thóng-kè-tôo
101682,習性,長期養成的習慣與性情。,,自然科學-自然科學,自然科學-自然科學,自然科學-生物,,習性 癖性,si̍p-sìng phiah-sìng
101683,習慣,長期養成，一時不容易改變的行為模式或地方風尚。,健康與體育-健康與體育,社會-社會 綜合活動-綜合活動 健康與體育-健康與體育,綜合活動-綜合活動 健康與體育-健康與體育,健康與體育-健康教育,,慣勢 習慣,kuàn-sì si̍p-kuàn
101684,習寫字,會認也會寫的字。,語文-國語文,,,,,習寫字,si̍p-siá-jī
101685,聆聽,注意聽聞。,語文-國語文,語文-國語文 藝術-藝術,,,,聆聽 斟酌聽 注意聽,lîng-thiann tsim-tsiok thiann tsù-ì thiann
101686,荷西時代,自西元1624年，荷蘭人從今日臺灣安平登陸，占領臺灣南部起，到西元1662年間，由荷蘭、西班牙統治臺灣的期間。,,,社會-社會,,,荷西時代,Hô-Se Sî-tāi
101687,荷西時期,指荷蘭、西班牙於1624至1662年間，在臺灣的殖民統治時期。,,,社會-社會,,,荷西時期,Hô-Se Sî-kî
101688,荷蘭人,日耳曼人的支脈，為荷蘭的主要民族，並以荷蘭語作為其母語。,,,社會-社會,社會-歷史,社會-歷史,荷蘭人,Hô-lân-lâng
101689,荷蘭時期,荷蘭統治臺灣時期為1624至1662年間，荷蘭人與聯合東印度公司於南臺灣歷時38年的殖民統治，影響力遍及整個臺灣西部。若將澎湖群島與臺灣本島兩者視為一體，則可視1622年荷蘭人建風櫃尾城堡為本時期的開端。,,,社會-社會,,,荷蘭時期,Hô-lân Sî-kî
101690,莖,植物體的主幹，下部和根相連，上部多生有花、葉、果實。能輸送水分和養料到植物的各部分，並有貯存養料和支持枝、葉、花等的作用。一般生在地面上，也有長在地下的。,,自然科學-自然科學,,自然科學-生物,,稈 莖,kuáinn king
101691,莫氏硬度,一種測定礦物硬度所用的標準。為德國礦物學家莫氏（Friedrich Mohs）所定，共分十級，級數愈大，礦物硬度就愈大。是在礦物學或寶石學中使用的標準。,,,自然科學-自然科學,,,莫氏𠕇度,Bo̍h--sī tīng-tōo
101692,蛀牙,因口腔不潔而感染溶鏈菌所引起的疾病。當食物中的糖分附著在牙齒上時，鏈球菌會加以分解而產生酸，繼而破壞琺瑯質、齒質、石灰質，形成蛀洞。,健康與體育-健康與體育,健康與體育-健康與體育,,健康與體育-健康教育,,蛀齒,tsiù-khí
101693,被加數,甲數加上乙數，甲數稱為「被加數」。,數學-數學,,,,,被加數,pī-ka-sòo
101694,被扶養人口,「被扶養人口」又稱為「依賴人口」，年齡結構區分所列之0歲至14歲及65歲以上之人口。,,社會-社會,社會-社會,,,被扶養人口,pī-hû-ióng jîn-kháu
101695,被乘數,甲數乘以乙數，甲數稱為「被乘數」。,數學-數學,,,,,被乘數,pī-sîng-sòo
101696,被除數,甲數除以乙數，甲數稱為「被除數」。,數學-數學,數學-數學,,數學-數學,數學-數學,被除數,pī-tî-sòo
101697,被減數,甲數減乙數，甲數稱為「被減數」。,數學-數學,,,,,被減數,pī-kiám-sòo
101698,規律性,事物按一定步驟而運動的特性。,,自然科學-自然科學,,自然科學-生物,,規律性,kui-lu̍t-sìng
101699,規範,1.規則、規律。 2.典範、規模。,,社會-社會,社會-社會,社會-公民與社會,,規範,kui-huān
101700,覓食,尋找食物。,,自然科學-自然科學,,自然科學-生物,,揣食 討食 叨食 覓食,tshuē-tsia̍h thó-tsia̍h lo-tsia̍h bā-tsia̍h
101701,訪談,拜訪交談。,,社會-社會,,,,訪談,hóng-tâm
101702,設計,預先規畫，製訂圖樣。,,藝術-藝術,,,藝術-美術,設計,siat-kè
101703,設計者,一種職業。預先規畫，製訂圖樣的人。是對有關美學事物設計物者的一種專稱，古今可稱發明家。設計師是從人與事物分析再以有道理的構造。 ,,藝術-藝術,,,,設計者,siat-kè-tsiá
101704,設計師,專門為某一事物從事規劃的人。如預先制定圖樣，或擬定方案等。,,藝術-藝術,,,,設計師,siat-kè-su
101705,設問,講話行文時，忽然由平敘的語氣變為詢問語氣的修辭法。用以提起篇旨，製造文章餘韻，構成前後呼應，或加強語文氣勢。,,,語文-國語文,語文-國語文,語文-國語文,設問,siat-būn
101706,貧富差距,窮人與富人在各方面所存在的差異程度。,,,社會-社會,社會-公民與社會,社會-公民與社會,貧富差距,pîn-hù tsha-kī
101707,貨幣,凡是具有交換的媒介、價值的單位、價值儲藏與延期支付之工具等功能，均可稱為「貨幣」。,,,社會-社會,社會-歷史 社會-公民與社會,社會-歷史,貨幣,huè-pè
101708,逗號（，）,一種標點符號。用以分開句內各語或表示語氣的停頓，其符號為「，」。也作「逗點」、「點號」。,語文-國語文,語文-國語文,,語文-國語文,,逗點,tōo-tiám
101709,逗點（，）,一種標點符號。用以分開句內各語或表示語氣的停頓，其符號為「，」。也作「點號」、「逗號」。,語文-國語文,語文-國語文,,語文-國語文,,逗點,tōo-tiám
101710,通分,把幾個不同分母的分數，化為同分母的分數，這種算法稱為「通分」。也稱為「齊分法」。,數學-數學,,數學-數學,數學-數學,數學-數學,通分,thong-hun
101711,通訊工具,指用以有線、無線、衛星或其他電子傳輸設施傳送聲音、影像、文字或數據者的工具。,,社會-社會,,,,通訊工具,thong-sìn kang-kū thong-sìn kang-khū
101712,通訊設施,是指設置在一定地域上用以傳送電波信息的通訊器材的統稱。如通訊線路、衛星通訊設備等。,,社會-社會,,社會-歷史,,通訊設施,thong-sìn siat-si
101713,通路,電器元件的電流接通時，稱為「通路」。,,自然科學-自然科學,,自然科學-理化,,通路,thong-lōo
101714,通電,使電流通過。,,自然科學-自然科學,,自然科學-理化,自然科學-化學,通電,thong-tiān
101715,通電線圈,通電的線圈會使指針產生偏轉，具有磁場，線圈的兩端會吸引指針的不同端，然而無法吸引迴紋針。,,自然科學-自然科學,,,,通電線圈 通電線蜷,thong-tiān suànn-khuan thong-tiān suànn-khûn
101716,速度,1.事物進行過程的快慢程度。 2.物理學上指物體運動所行路程與所經時間的比率，含有方向及大小二義。,,,自然科學-自然科學,,自然科學-物理,速度,sok-tōo
101717,速度記號,樂譜上常用一些術語表示樂曲的速度、力度與風格。最常見的速度記號除了用來表示速度外，還可以表示樂曲的演奏或演唱表情。,,,藝術-藝術,,,速度記號,sok-tōo kì-hō
101718,速率,物理學上指物體運動的速度，僅有大小而不顧其方向。,,,數學-數學,數學-數學,,速率,sok-lu̍t
101719,造句,將字詞連綴成完整的句子。,語文-國語文,,,語文-國語文,,造句,tsō-kù
101720,造字方法,古人將造字的方法概括歸納為四種，即象形、指事、會意、形聲。,,,語文-國語文,語文-國語文,,造字方法,tsō-jī hong-huat
101721,造字法,指象形、指事、會意、形聲、轉注、假借等方法。,,,語文-國語文,語文-國語文,,造字法,tsō-jī-huat
101722,造型,創造、設計的型態。,,藝術-藝術,,藝術-視覺藝術,,造型,tsō-hîng
101723,造詞,把文字連綴成詞。,語文-國語文,,,,,造詞,tsō-sû
101724,連加,3個以上的數字連續相加。,數學-數學,,,數學-數學,,連加,liân ka
101725,連接詞,用來連結兩個或兩個以上的詞、語或句，以表示其相互聯絡的關係詞。也稱為「連詞」。,,語文-國語文,,語文-國語文,,連接詞,liân-tsiap-sû
101726,連接號,一種標點符號，用於標示時空的起止或數量的多寡，可自由選用—或～。,,語文-國語文,,語文-國語文,,連接號,liân-tsiap-hō
101727,連貫句,為了讓連續的動作或情況有順序的呈現出來所使用的句型。句子間會使用適當的詞來連接，如「首先……其次……」、「接著」以呈現前後次序。,,,語文-國語文,,,連貫句,liân-kuàn-kù
101728,連通管,利用容器底部壓力等於所盛液體的密度乘以高度的原理，將數個形狀不同的容器底部相通，注入定量的水，由於各容器底部壓力相等，所以各容器的水的高度相等，此原理稱為「連通管原理」。,,自然科學-自然科學,,自然科學-理化,,連通管,liân-thong-kóng
101729,連通管原理,利用容器底部壓力等於所盛液體的密度乘以高度的原理，將數個形狀不同的容器底部相通，注入定量的水，由於各容器底部壓力相等，所以各容器的水的高度相等，此原理稱為「連通管原理」。,,自然科學-自然科學,,自然科學-理化,,連通管原理,liân-thong-kóng guân-lí
101730,連通管現象,若任一容器內注入液體，當液體靜止時，容器的液面必在同一水平面。,,自然科學-自然科學,,自然科學-理化,,連通管現象,liân-thong-kóng hiān-siōng
101731,連減,3個以上的數字連續相減。,數學-數學,,,,,連減,liân kiám
101732,連結線,樂譜符號名。當兩個或兩個以上相同音高的音符用弧線連結時，第二個之後的音符不須唱奏，只須唱奏所有音符時值的總長度。,,藝術-藝術,,,,連結線 結合線,liân-kiat-suànn kiat-ha̍p-suànn
101733,連續記號,是一種樂譜符號，指從記號處再奏，指示演奏樂章至「D.S.」記號後歸回記號再次重複。,,,藝術-藝術,,,連續記號,liân-sio̍k kì-hō
101734,部首,字典、辭典按照字形結構，取形體偏旁相同者，分部排列，以便查閱；依此所分的形體偏旁類別，即稱為「部首」。,語文-國語文,語文-國語文,,語文-國語文,,部首 字爿 字部,pōo-siú jī-pîng jī-pōo
101735,部首索引,利用字詞的部首查找書籍、期刊、報紙、雜誌內容的方式。,語文-國語文,,,,,字爿索引 部首索引 字部索引,jī-pîng sik-ín pōo-siú sik-ín jī-pōo sik-ín
101736,部落,1.人民聚居的地方。 2.指以血緣為基礎的氏族系統、圖騰氏族，或指以地緣關係所形成親屬關係之村子，具有特定語言與文化。由親屬群體共同組成的祭祀團體，並以祖靈規範為家族和聚落的核心。社會制度為氏族世襲，有母系中心、父系中心、性別平權或男性長子中心等形式。其政治、經濟與宗教職務採取任務編制分工合作，重視分擔與分享。集會所為部落的行政、教育中心。,,社會-社會,社會-社會,社會-歷史,社會-地理 社會-歷史,部落,pōo-lo̍k
101737,郭懷一事件,郭懷一事件為西元1652年於臺灣發生的漢人農民武裝起事。當時農民因甘蔗業衰退而謀生困難，又不滿荷蘭東印度公司士兵在臨檢人頭稅時的各種惡行，公司也提不出辦法來改善農民的困境，農民不滿累積到了極點，因此引爆這場事件。,,,社會-社會,社會-歷史,,郭懷一事件,Kueh Huâi-it Sū-kiānn
101738,都市,人口密度較高、工商交通發達的地區。居民的職業多元化，以農、林、漁、牧業以外的職業為主，並設有正式的行政組織，以維持較高水準的公共建設和服務。,健康與體育-健康與體育,社會-社會,社會-社會,社會-地理,社會-地理,都市,too-tshī
101739,都市計畫,在一定地區內有關都市生活的經濟、交通、衛生、保安、國防、文教、康樂等重要設施，做有計畫的發展，並對土地使用做合理的規劃。,,,社會-社會,,社會-地理,都市計畫,too-tshī kè-uē
101740,野百合學運,又稱「三月學運」，是臺灣在西元1990年3月16日至3月22日發生的學生運動。在該次運動中，來自臺灣各地的大學生集結在中正紀念堂廣場上靜坐，並提出「解散國民大會」、「廢除臨時條款」、「召開國是會議」、「政經改革時間表」等四大訴求。這是中華民國政府遷臺以來發生的首次大規模學生抗議行動，他對臺灣的民主政治有著相當程度的影響。在學生運動後，時任中華民國總統李登輝依照其對學生的承諾，在不久後召開國是會議；且隨後在西元1991年廢除《動員戡亂時期臨時條款》，並結束「萬年國會」的運作，使臺灣的民主化進入新階段。,,,社會-社會,社會-歷史,社會-歷史 社會-公民與社會,野百合學運,Iá-pik-ha̍p Ha̍k-ūn
101741,釣魚臺列嶼,位於東海南部、臺灣與八重山群島以北、沖繩海槽南端西北方向的一組島嶼，由釣魚臺、黃尾嶼、赤尾嶼、南小島、北小島等島嶼及岩礁構成。,,,社會-社會,社會-地理,,釣魚台列嶼,Tiò-hî-tâi Lia̍t-sū
101742,陰莖,男子和雄性哺乳動物生殖器官的一部分。由一尿道海綿體組成。在性衝動時會因充血而勃起。為性交的交接器，並為排尿的通道。,,,,健康與體育-健康教育,,𡳞鳥 陽具  陽物,lān-tsiáu iông-kū iông-khū iông-bu̍t
101743,陶土,地質學指黏土中含有雜質者，可用來燒製陶器。,,藝術-藝術,藝術-藝術,,,粗瓷仔塗,tshoo-huî-á-thôo
101744,陶器,以陶土燒製成的器物。坯質不透明，具吸水性，經攝氏800∼1000度溫度焙燒。成品質地較為粗糙，叩之聲音混而示清。可分為細陶和粗陶，無釉和有釉。隨陶土成分和焙燒溫度的差異，坯體呈白、青、褐、棕等顏色。陶器在新石器時代大量出現。,,藝術-藝術,,,,陶器 粗瓷器,tô-khì tshoo-huî-khì
101745,陶藝家,職業名稱。以捏陶、鑄陶的技藝爲生的人。,,藝術-藝術,,,,瓷仔藝家,huî-á-gē-ka
101746,雪,空氣中的水蒸氣遇冷至零度以下而凝結降落的六角形白色晶體。,,自然科學-自然科學,,,自然科學-地球科學,雪,seh
101747,雪山山脈,臺灣五大山脈之一，位於中央山脈的西北方，東以蘭陽溪斷層谷與大甲溪上游縱谷與中央山脈分界。雪山山脈為臺灣最北方的山脈，呈現東北至西南走向，北起新北市貢寮區的三貂角，南迄南投縣名間鄉濁水溪北岸的濁水山，若以此計算，整個山脈長約260公里，寬約28公里。,,社會-社會,社會-社會,社會-地理,,雪山山脈,Suat-suann Suann-me̍h Suat-san Suann-me̍h
101748,雪霸國家公園,位於新竹、苗栗、臺中市境的國家公園，面積七萬六千餘公頃。以雪山山脈三條登山路線為景觀主軸，其區域範圍東自邊古巖山、喀拉業山、武佐野群山至大甲溪谷；南沿大甲溪而下，至志樂溪，沿稜線經宇羅尾山至三錐山；西界小雪山、南坑山、盡尾山、北抗山接樂山；北以觀霧、高嶺、境界山、南馬洋山為界。全區以高山及河谷等特殊地形的景觀聞名。境內有臺灣山薺、松葉蘭等六十一種稀有植物，及櫻花鉤吻鮭、臺灣黑熊、石虎、帝雉、笑鵰、臺灣山椒魚等瀕臨絕種的動物。,,,社會-社會,社會-地理,,雪霸國家公園,Suat-pà Kok-ka Kong-hn̂g
101749,頂角,三角形內對底邊的一角，或錐體的底面所對的一角。,,數學-數學,,數學-數學,,頂角,tíng-kak
101750,頂芽,指某些在莖軸頂端形成的芽之總稱，相對於側芽而言。,,自然科學-自然科學,,,,頂芽,tíng-gê
101751,頂點,數學上指三角形中任何兩邊相交所形成的交點或錐體的尖頂。,數學-數學,,,數學-數學,數學-數學,頂點,tíng-tiám
101752,魚鰓,魚類的呼吸器官。位在頭部的兩頰，用來吸取溶解在水裡的氧氣。,,自然科學-自然科學,,自然科學-生物,,魚鰓,hî-tshi
101753,魚鱗,魚類表皮的組織。為透明角質，由真皮變化而成，排列如覆瓦，可保護魚身。,,自然科學-自然科學,,自然科學-生物,,魚鱗,hî-lân
101754,鹿皮,臺灣荷西時期及明鄭時期主要出口物。,,,社會-社會,社會-歷史,社會-歷史,鹿皮,lo̍k-phuê
101755,鹿耳門水道,「鹿耳門」（Lakjemuyse）一詞最早出現於西元1640年熱蘭遮城竣工之後荷蘭人所繪的大員圖上，當時係指一條水道，是臺灣的咽喉、台江的主要航線。鹿耳門號稱天險，為兵家必爭之地，鄭成功驅荷、施琅平臺、朱一貴事變、蔡牽之亂，都由此出入。,,,社會-社會,社會-歷史,,鹿耳門水路,Lo̍k-ní-mn̂g tsuí-lōo
101756,麥克風,一種能將音波轉換成電波，使聲音放大的裝置。,,,藝術-藝術,,,mài-kuh,mài-kuh
101757,創作,出於己意而非模仿的文學或藝術作品的製作。,,藝術-藝術 語文-國語文,語文-國語文,藝術-表演藝術 語文-國語文,語文-國語文,創作,tshòng-tsok
101758,創意,表現出新意與巧思。,,藝術-藝術,語文-國語文,,,創意,tshòng-ì
101759,博物館,蒐集、陳列各式各樣物品，讓人觀賞，並永久保存及提供研究的場所。,,藝術-藝術,,,藝術-美術,博物館,phok-bu̍t-kuán
101760,博愛座,提供老弱婦孺、肢體障礙人士，及有需要者優先乘坐的座位。通常設置於捷運、公共汽車等大眾運輸工具的車門附近。,,,社會-社會,,,博愛座,phok-ài-tsō
101761,喇叭口,喇叭的口部。,,,藝術-藝術,,,喇叭喙,lá-pah-tshuì
101762,單位,計算物體數量的標準。,,自然科學-自然科學 數學-數學,,自然科學-理化,自然科學-物理,單位,tan-uī
101763,單位分數,整體1被平分成幾份後，每一份都是幾分之1，即單位分數。,,數學-數學,,數學-數學,,單位分數,tan-uī hun-sòo
101764,單位比較,利用相同個物的複製長度進行比較。,數學-數學,,,,,單位比較,tan-uī pí-kàu
101765,單極馬達,單極馬達是一種具有兩個磁極的直流馬達。其中的導體透過圍繞一個旋轉軸旋轉來切斷磁通量的單向磁力線來製造一個穩定的磁場。產生的電動勢在單一方向連續，故單極馬達不需要換向器，但仍需要集電環。,,自然科學-自然科學,,,,單極mòo-tah,tuann-ki̍k mòo-tah
101766,單槓,一種體操器械。由圓柱形鋼鐵製成，兩端固定於直柱上端的運動用具。長240公分，半徑2.8公分。運動者手握鐵槓，引身上升或旋轉，藉以鍛鍊臂力。,健康與體育-健康與體育,健康與體育-健康與體育,健康與體育-健康與體育,健康與體育-體育,,單槓 橫箍,tan-kǹg huâinn-khoo
101767,單親家庭,由父親或母親與未婚子女所組成的家庭。,,,社會-社會 健康與體育-健康與體育,社會-地理,,單親家庭,tan-tshin ka-tîng
101768,單擺,由一擺錘和一條輕質的擺線所組成的計時裝置。擺線之一端繫錘，另一端固定於一支點，使錘作自由來回擺動。,,自然科學-自然科學,,自然科學-理化,,單擺,tuann-pái tan-pái
101769,單擺計時器,運用一個擺線跟下方的重錘，利用規律性的擺盪來計算時間。,,自然科學-自然科學,,自然科學-理化,,單擺計時器,tuann-pái kè-sî-khì tan-pái kè-sî-khì
101770,單擺原理,用一條線吊一個重物可形成一個擺，如果只讓它作單一方向的擺動，就是一種單擺。當重物拉到一邊，再放開，單擺可在同一平面內平穩的來回擺動。,,自然科學-自然科學,,,,單擺原理,tuann-pái guân-lí tan-pái guân-lí
101771,場景,1.在攝影場內搭建的布景，用以表示實景。相對於外景而言。 2.場面、情景。,,藝術-藝術,,,,內場景,lāi-tiûnn-kíng
101772,富貴角,位居臺灣的最北端，為一海岬，岬頭附近山翠海碧，景象壯觀，因東北季風盛行，風稜石相當發達。,,,社會-社會,社會-地理,,富貴角,Hù-kuì-kak
101773,寒流,1.氣象學上指從高緯度地區吹向低緯度地區，使氣溫急速下降的強烈冷空氣。  2.水溫低於流經海域的洋流。其發生的原因與當地的海水密度、風的推動和大洋盆地的地形都有關係。能使所經過的陸地氣溫下降，少雨。,,社會-社會,社會-社會,社會-地理,社會-地理,寒流,hân-liû
101774,寒假,各級學校每逢冬季，從上學期結束後至下學期開學前的一段假期。,,社會-社會 綜合活動-綜合活動 健康與體育-健康與體育,綜合活動-綜合活動,,,歇寒 寒假,hioh-kuânn hân-ká
101775,寓言,以淺近假託的故事或自然物的擬人手法，表達某種哲理或隱含訓誨教育作用的文體。,,語文-國語文,語文-國語文,語文-國語文,語文-國語文,寓言,gū-giân
101776,寓言故事,以淺近假託的故事或用擬人手法，表達某種哲理的文學。常含有訓誨的教育作用，如古希臘的伊索寓言。,,語文-國語文,語文-國語文,語文-國語文,語文-國語文,寓言故事,gū-giân kòo-sū
101777,就業機會,勞動者去從事某個工作或職業的機會。,,社會-社會,社會-社會,社會-地理 社會-歷史 社會-公民與社會,社會-地理,就業機會,tsiū-gia̍p ki-huē
101778,幾分之幾,分數是用分式（分數式）表達成 a/b 的數，讀為a分之b。,數學-數學,,,,,幾分之幾,kuí hun tsi kuí
101779,幾點半,數學使學生認識時間為幾點30分的另一種說法。,數學-數學,,,,,幾點半,kuí tiám puànn
101780,幾點幾分,鐘面上的時刻，以幾點幾分表示。,數學-數學,,,,,幾點幾分,kuí tiám kuí hun
101781,惡性競爭,為達目的，不顧後果的爭逐、競賽。,,,,社會-歷史,,惡性競爭,ok-sìng kīng-tsing ok-sìng kìng-tsing
101782,描寫,以色彩、文字或圖畫等，把事物的形象、情狀表現出來。,語文-國語文,語文-國語文,語文-國語文,語文-國語文,語文-國語文,描寫,biô-siá biâu-siá
101783,提問,設問修辭之一種。為了凸顯重點，先提出問題再回答的寫作方式。,,語文-國語文,語文-國語文,語文-國語文,,提問,thê-mn̄g thê-būn
101784,插敘,敘述某一事件時，插入其他有關的情節內容。,,,語文-國語文,,,插敘,tshah-sū
101785,插敘法,敘述某一事件時，插入其他有關的情節內容的寫作方法。,,,語文-國語文,,,插敘法,tshah-sū-huat
101786,換句話說,以另一種說法表示。用於改變敘述的邏輯或說話的立場。,,語文-國語文,,語文-國語文,,嘛會使講,mā ē-sái kóng
101787,換算,把某種單位的數量折合成另一種單位的數量。,數學-數學,,,,數學-數學,換算,uānn-sǹg
101788,散文,指不用韻、不對偶、句法參差的文章。相對於韻文及駢文而言。現代的散文依其內容和形式，大約可分為雜文、小品、隨筆、報導文學等。,,語文-國語文,語文-國語文,語文-國語文,語文-國語文,散文,suànn-bûn
101789,散村,住宅分散於鄉間田野的聚落型態。通常水源充足、地勢崎嶇的地方較容易形成散村。,,,社會-社會,,社會-地理,散村,suánn-tshun suánn-tshuan
101790,散熱,散發熱氣。,,,自然科學-自然科學,自然科學-理化 自然科學-生物,,散熱,sàn-jia̍t
101791,普悠瑪號,全稱「普悠瑪自強號列車」，通稱普悠瑪號，為臺灣鐵路管理局（臺鐵）使用於2012年由日本製造之傾斜式電聯車TEMU2000型開行的特快列車。,,社會-社會,,,,普悠瑪號,phu-iu-má-hō phu-iu-mah-hō
101792,智慧財產權,係指人類精神活動之成果而能產生財產上之價值者，並由法律所創設並予以保護之一種權利。如商標權、專利權、著作權等。,,,社會-社會,,,智慧財產權,tì-huī tsâi-sán-khuân tì-huī tsâi-sán-kuân
101793,最大公因數,某幾個整數的公因數中，最大的那一個稱為最大公因數。,數學-數學,,數學-數學,數學-數學,,上大公因數,siōng-tuā kong-in-sòo
101794,最小公倍數,幾個整數共有的倍數中，最小的那一個就是最小公倍數。,數學-數學,,數學-數學,數學-數學,數學-數學,上細公倍數,siōng-sè kong-puē-sòo
101795,最低應繳金額,在信用卡帳單繳款截止日前應該繳納的最低金額，大約是應繳金額的1/10。,,,社會-社會,,,上低繳納金額,Siōng kē kiáu-la̍p kim-gia̍h
101796,最簡分數,已約分數。也稱為「最簡項」。,,數學-數學,數學-數學,數學-數學,數學-數學,最簡分數,tsuè-kán hun-sòo
101797,最簡單整數比,如果一個比的前項與後項都是整數而且互質，這樣的比叫作最簡單整數比。,數學-數學,,,,,最簡整數比,tsuè-kán tsíng-sòo-pí
101798,棒球,一種球類運動。相傳源於英國的板球運動，後由美國人朗特斯改良為棒球。西元1858年，美國正式組織棒球聯盟以推廣棒球運動。比賽方式固定，出場球員每隊九人，攻守互換，以得分多寡決定勝負。,健康與體育-健康與體育,健康與體育-健康與體育,,健康與體育-體育,,棒球 野球,pāng-kiû iá-kiû
101799,森林,樹木密生的寬廣地區。,,,自然科學-自然科學,,,森林,sim-lîm
101800,植物,百穀草木的總稱。為有機物之一，其細胞具有細胞壁，大部分內含葉綠素，可行光合作用，攝取光、水等無機物轉化成養分。植物通常固定於一處，種子可藉水、風、人等外力帶至各地繁殖。其種類繁多，至少有35萬種，約可分為草本、木本、藻類、苔蘚、菌類等五大類別。,社會-生活課程 自然科學-生活課程 藝術-生活課程 綜合活動-生活課程,社會-社會 綜合活動-綜合活動,綜合活動-綜合活動,自然科學-生物,,植物 草本,si̍t-bu̍t tsháu-bo̍k
101801,植樹綠化,種植樹木，目的是改善及綠化城市中的「水泥森林」的型態，讓人得到舒適的生活環境。,,藝術-藝術,,,,種樹綠化,tsìng-tshiū li̍k-huà
101802,減（-）,1.數學上指從一數中去掉另一數。 2.數學上的運算方法之一。即減法。符號為「-」。,數學-數學,,,數學-數學,,減,kiám
101803,減法,一種數學的運算方法。從某數減去他數，為計算兩數之差的方法。,數學-數學,,,數學-數學,數學-數學,減法,kiám-huat
101804,減法心算,不藉紙筆、算盤或計算機等器具而專用心思進行減法計算的方法。,數學-數學,,,,,減法心算 減法暗算,kiám-huat sim-sǹg kiám-huat àm-sǹg
101805,減法估算,減法的估計盤算，以得一個概數。,數學-數學,,,,,減法估算,kiám-huat kóo-sǹg
101806,減法計算,一種數學的運算方法。從某數減去他數，為計算兩數之差的方法。,數學-數學,,,,,減法計算,kiám-huat kè-sǹg
101807,減數,數學上指減法中減去的數。如10-2＝8，2即為「減數」。,數學-數學,,,,,減數,kiám-sòo
101808,渡海來臺,係指先民自大陸穿越臺灣海峽到臺灣開墾。,,社會-社會,社會-社會,社會-歷史,,渡海來臺,tōo-hái lâi Tâi
101809,渡臺禁令,渡臺禁令，是指清朝於西元1684年派遣施琅擊敗鄭氏政權並將臺灣納入版圖後所公布的移民政策，即「不許偷渡來臺、不許攜眷來臺、不許粵民來臺」。,,,社會-社會,社會-歷史,社會-歷史,渡臺禁令,tōo Tâi kìm-līng
101810,測量,使用儀器或量具以測定速度、長度等數值，或有關地形、地物之高下、大小等的狀態。,,自然科學-自然科學,,,,測量,tshik-liông tshik-liōng
101811,測量氣溫,使用儀器或量具以測定大氣的溫度。,,自然科學-自然科學,,自然科學-理化,,測量氣溫  量氣溫,tshik-liông khì-un tshik-liōng khì-un niû khì-un
101812,港埠型都市,港埠型都市也可以說是首要型都市，通常這種都市型態的行成在第三世界（二次大戰後獨立的國家）或是在非洲、中南美洲等之前受過殖民統治治的國家出現。殖民國為了掠取殖民地的資源通常會在海岸蓋港口以便將從內陸出產的資源經由港口運往其母國（殖民國）。 ,,,社會-社會,,,港埠型都市,káng-poo-hîng too-tshī
101813,游泳,一種體育運動。為人在水中靠自力漂浮，並以各種不同姿勢划水前進的水中運動。常用的游姿有捷泳、蛙泳、蝶泳、仰泳等。,健康與體育-健康與體育 社會-生活課程 自然科學-生活課程 藝術-生活課程 綜合活動-生活課程,健康與體育-健康與體育,綜合活動-綜合活動 健康與體育-健康與體育,健康與體育-體育,,泅水 游泳,siû-tsuí iû-íng
101814,無扇葉電風扇,利用噴氣式飛機引擎及汽車渦輪增壓中的技術，通過底部的吸風孔吸入空氣，圓環邊緣的內部隱藏的一個葉輪則把空氣以圓形軌跡噴出，最終形成一股不間斷的冷空氣流。重要的是這種空氣流動比普通風扇產生的風更平穩。,,自然科學-自然科學,,自然科學-理化,,無扇葉電風,bû sìnn-hio̍h tiān-hong
101815,無國界醫生,無國界醫生是一個獨立的國際醫療人道救援組織，致力為受武裝衝突、流行病、傳染病和天災影響，以及遭醫療體系排拒者提供緊急醫療援助。無國界醫生只會基於人們的需要提供援助，不受種族、宗教、性別或政治因素左右。,,,社會-社會,,,無國界醫生,Bû-kok-kài i-sing
101816,無條件捨去法,取概數到指定位數，指定位數之後不論是多少全部捨去指定位數的方法。,,數學-數學,數學-數學,,數學-數學,無條件放棄法,bô-tiâu-kiānn hòng-khì-huat
101817,無條件進入法,取概數到指定位數，指定位數之後不是全部為0，都要進1到指定位數的方法。,,數學-數學,,,,無條件進入法,bô-tiâu-kiānn tsìn-ji̍p-huat
101818,畫布,油畫所用的布，多用麻布製成。,,,藝術-藝術,藝術-視覺藝術,藝術-美術,畫布,uē-pòo
101819,畫面,1.圖畫、銀幕等表面所呈現的形象。 2.景致、圖像。,,藝術-藝術,,,,畫面,uē-bīn
101820,畫筆,用來進行藝術創作的筆類工具。,,藝術-藝術,,藝術-視覺藝術,藝術-美術,畫筆,uē-pit
101821,登革熱,病名。一種由黑斑蚊將病原體傳入人體的急性傳染病。患者全身疲倦、發燒、畏寒、頭痛及全身肌肉酸痛，並且皮膚出現紅疹等症狀。也稱為「天狗熱」、「骨痛熱」。,健康與體育-健康與體育 社會-生活課程 自然科學-生活課程 藝術-生活課程 綜合活動-生活課程,健康與體育-健康與體育,,健康與體育-健康教育,,天狗熱 骨疼熱 登革熱,thian-káu-jia̍t kut-thiànn-jia̍t ting-kik-jia̍t
101822,發光二極體,常見的光電元件。是一種化合物半導體，利用其能量間隙剛好在可見光區的特性，通上電流會發光。同時不同的化合物有不同的能量間隙，導致發出光波波長不同，產生不同顏色。因它具有反應快、體積小、低功率消耗、重量輕、壽命長、低阻抗、不易發熱等優點，今日已被廣泛使用在儀表面板、數字顯示器、照相機、家電產品上。英文縮寫為LED。,,自然科學-自然科學,,自然科學-理化,,發光二極體,huat-kng jī-ki̍k-thé
101823,發育,1.生物由生長而漸趨成熟的過程。 2.人自初生至成年，身體逐漸壯實，稱為「發育」。,健康與體育-健康與體育,健康與體育-健康與體育 自然科學-自然科學,綜合活動-綜合活動 健康與體育-健康與體育,健康與體育-健康教育 自然科學-生物,自然科學-生物,發育,huat-io̍k
101824,發球,球類比賽時，一方把球發出，使比賽開始或繼續。,,健康與體育-健康與體育,健康與體育-健康與體育,健康與體育-體育,,開球,khui-kiû
101825,發揮創意,將新意與巧思的能力或精神表現出來。,,藝術-藝術,,,,發揮創意,huat-hui tshòng-ì
101826,發電,產生電力。,,自然科學-自然科學,,,,發電,huat-tiān
101827,發電量,發電量是發電功率乘上發電時數，例如，核一廠一座反應爐運轉1小時的發電量是發電功率636MW乘上發電時數=636MW×1（hour）=636MWh。,,自然科學-自然科學,,,,發電量,huat-tiān-liōng
101828,發電機,由電磁感應作用而生電動勢，使外電路上有電流流通而產生電力的機械。,,自然科學-自然科學,,自然科學-理化,自然科學-物理,發電機,huat-tiān-ki
101829,發酵,一般指菌類或細菌或其離體的酵素在缺氧情況下，分解有機物的過程，尤常指分解醣類產生乳酸、二氧化碳或酒精等代謝產物的作用。也作「醱酵」。,,自然科學-自然科學,自然科學-自然科學,自然科學-生物,自然科學-生物,發酵 起酵 發,huat-kànn khí-kànn huat
101830,發霉,東西受潮後，黴菌滋生繁衍，於物體表面生出灰黑色毛狀物的現象。,,自然科學-自然科學,自然科學-自然科學,自然科學-生物,,生菇 上殕 臭殕,senn-koo tshiūnn-phú tshàu-phú
101831,短,長的相反詞：指距離或長度小。,,,數學-數學,,,短,té
101832,短文,短篇文章。,,語文-國語文,語文-國語文,語文-國語文,,短文,té-bûn
101833,短句,字數較少的句子。,,語文-國語文,,語文-國語文,,短句,té-kù
101834,短針,時針。為鐘面上最短的針。,數學-數學,,,,,短針,té-tsiam
101835,短除法,為算術中將除法轉換成一連串的運算的演算法，由長除法簡化而來。,,數學-數學,數學-數學,數學-數學,,短除法,té-tî-huat
101836,短語,簡短的語言、文字。,語文-國語文,,,,,短語,té-gí
101837,短篇小說,凡人物少、情節簡單、結構緊湊、篇幅短小，約數千字或一萬字左右的小說。相對於長篇小說而言。,,,語文-國語文,語文-國語文,語文-國語文,短篇小說,té-phinn sió-suat té-phinn siáu-suat
101838,短篇小說集,集結短篇小說的書籍。,,,,語文-國語文,,短篇小說集,té-phinn sió-suat-tsi̍p té-phinn siáu-suat-tsi̍p
101839,硬度,固體堅硬的程度。通常指金屬或其他材料對於壓痕、抓痕、磨蝕或切削的抗力或阻力。,,,自然科學-自然科學,自然科學-地球科學,,硬度 𠕇度,ngē-tōo tīng-tōo
101840,稍快板,原意是「愉快活潑」。在樂曲中，它不獨表明其速度，也說明其風格「快活生動」。,,藝術-藝術,藝術-藝術,藝術-音樂,,小快板,sió-khuài-pán
101841,童詩,寫給兒童讀的詩。,語文-國語文,語文-國語文,語文-國語文,語文-國語文,,童詩,tông-si
101842,童話,為兒童編寫的故事，適於兒童心理與興趣，行文淺易，多敘述神奇美妙的故事，啟發兒童的心智，增加幻想的空間。如《格林童話》、《安徒生童話》。,,語文-國語文,語文-國語文,語文-國語文,,童話 囡仔古,tông-uē gín-á-kóo
101843,童謠,兒童吟唱的歌謠。,,藝術-藝術,,,,童謠 囡仔歌,tông-iâu gín-á-kua
101844,筆畫,文字書寫的一筆一畫。我國書法將筆畫分為點、橫、豎、撇、折等。,語文-國語文,語文-國語文,語文-國語文,語文-國語文,,字劃 筆劃,jī-ue̍h pit-ue̍h
101845,筆畫數,一個字扣除部首後的筆畫數量。,語文-國語文,語文-國語文,,,,字劃數,jī-ue̍h-sòo
101846,筆順,書寫文字時，筆劃先後的順序，稱為「筆順」。,語文-國語文,,,,,筆順,pit-sūn
101847,等式,以等號連結成相等的兩個代數式。,,,數學-數學,數學-數學,數學-數學,等式,tíng-sik
101848,等於（＝）,係指兩個數值是相等的。用以「＝」符號表示。,,,數學-數學,,,等於,tíng-î
101849,等值分數,指在相同的整體單位量下，雖然分割份數（分母）與部分份數（分子）都不同，但兩分數所代表的量相同的情況。,,數學-數學,,數學-數學,,等值分數,tíng-ta̍t hun-sòo
101850,等量公理,在等號的兩邊同時加、減、乘、除一個相同的數，等號兩邊仍然相等。,,,數學-數學,數學-數學,,等量公理,tíng-liōng kong-lí
101851,等腰三角形,兩邊相等的三角形。也稱為「二等邊三角形」。,數學-數學,數學-數學,,數學-數學,數學-數學,等腰三角形,tíng-io sann-kak-hîng
101852,等腰直角三角形,有兩個邊等長且有一個角是直角，另兩角為45°銳角的三角形。,數學-數學,,數學-數學,數學-數學,數學-數學,等腰直角三角形,tíng-io ti̍t-kak sann-kak-hîng
101853,等號（＝）,數學上表示相等的符號。符號為「＝」。,數學-數學,,,,,等號,tíng-hō
101854,等壓線,將各地同時間相等氣壓連結而成的線，稱為「等壓線」。等壓線圖可表示氣壓的水平分布。,,,自然科學-自然科學,自然科學-地球科學,自然科學-地球科學,等壓線,tíng-ap-suànn
101855,紫色高麗菜汁指示劑,紫色高麗菜汁的植物色素，在不同的酸鹼環境中，會產生顏色互異的不同產物的性質，來當做酸鹼指示劑。它在中性溶液中呈現紫色，在酸性溶液中呈現紅色，在鹼性溶液中則呈現綠色或黃色。 ,,,自然科學-自然科學,自然科學-理化,,紫色高麗菜汁指示劑,tsí-sik ko-lê-tshài-tsiap tsí-sī-tse
101856,結冰,水在冰點以下時凝聚成冰。,,自然科學-自然科學,,自然科學-理化,,結冰,kiat-ping
101857,結合律,三個或三個以上的數目相加或相乘時，可任取若干項集合成若干群，而其結果均不變的定律。如：a+b+c＝a+(b+c)＝(a+b)+c。(a．b)．c=a．b．c=a．(b．c),數學-數學,,,數學-數學,數學-數學,結合律,kiat-ha̍p-lu̍t
101858,結果,事物最後的結局或歸宿。,語文-國語文,語文-國語文,,,,結果,kiat-kó
101859,結婚,男女正式結為夫妻。我國民法規定，結婚應以書面為之，雙方當事人須持有二人以上證人簽名之書約向戶政機關辦理登記，始具法律效力。以男年18、女年16為最低年齡限制。,健康與體育-健康與體育,社會-社會,社會-社會,社會-公民與社會,,結婚,kiat-hun
101860,結構,各組織成分的搭配、排列或構造。,語文-國語文,語文-國語文,語文-國語文,語文-國語文,語文-國語文,結構,kiat-kòo
101861,結構圖,表現各組織成分的搭配、排列或構造的圖。,語文-國語文,,,語文-國語文,,結構圖,kiat-kòo-tôo
101862,結膜炎,病名。多由細菌感染或物理、化學的刺激而引起。通常有結膜紅腫、流淚或化膿等病症。,,健康與體育-健康與體育,,健康與體育-健康教育,,紅目墘 結膜炎,âng-ba̍k-kînn kiat-mo̍oh-iām
101863,結論,對事物最後所下的論斷。,,,語文-國語文,語文-國語文,語文-國語文,結論,kiat-lūn
101864,絕句,一種近體詩。每首四句而合平仄格律的詩。分每句五個字的五言絕句，及每句七個字的七言絕句兩種。,,,語文-國語文,語文-國語文,語文-國語文,絕句,tsua̍t-kù
101865,絕緣體,極難導電或傳熱的物體。如大部分的非金屬、離子晶體、氣體等。也稱為「不導體」、「非導體」。,,自然科學-自然科學,,自然科學-理化,自然科學-物理,絕緣體,tsua̍t-iân-thé
101866,菌絲,真菌類的植物體，其多為圓桶形細胞連成之細長絲狀。細胞中無葉綠素，故無法行光合作用。但能吸收養分，並起無性繁殖的作用。,,,自然科學-自然科學,自然科學-生物,,菌絲,khún-si
101867,菜蟲,寄生於蔬菜中啃食蔬菜的害蟲。,,自然科學-自然科學,,自然科學-生物,,菜蟲,tshài-thâng
101868,華爾滋,一種交際舞蹈。為英語Waltz 的音譯。起源於奧地利民間的一種三拍子舞蹈。十七、八世紀後被引入宮廷及社交舞中。用圓舞曲伴奏，舞蹈時兩人成對旋轉，分快步與慢步兩種。,,,藝術-藝術,藝術-表演藝術,,ua-lú-tsuh,ua-lú-tsuh
101869,菱形,四邊相等的平行四邊形。,,數學-數學,數學-數學,數學-數學,數學-數學,麻芳斜 麻芳範 斜糕形,muâ-phang-tshua̍h muâ-phang-huān tshiâ-ko-hîng
101870,菲律賓海板塊,位於西太平洋菲律賓海的一個大洋板塊，其形狀略呈菱形。菲律賓海板塊由菲律賓海以下的大洋岩石圈構成，而菲律賓群島的大部分都位於該板塊以西。,,,社會-社會,社會-地理,社會-地理,菲律賓海板塊,Hui-lu̍t-pin-hái Pán-khuài
101871,著,1.撰述、寫作。 2.文章、作品的通稱。,,語文-國語文,,語文-國語文,語文-國語文,著 撰寫,tù tsuān-siá
101872,著作權,包含著作人格權與著作財產權，屬於無體財產權之一種。著作人格權指公開發表權、姓名表示權及禁止不當修改權等三種權利；著作財產權指重製權、公開口述權、公開播送權、公開傳輸、公開上映權、公開演出權、公開展示權、散布權、改作權、編輯權及出租權等。著作財產權，原則上存續於著作人之生存期間及其死亡後五十年。,,,社會-社會,語文-國語文,,著作權,tù-tsok-khuân tù-tsok-kuân
101873,蛙泳,一種模仿青蛙在水中動作的游泳方式。兩腿先縮後踢，手由左右向胸作抱水動作。,,,,健康與體育-體育,,蛤仔泅 田水雞泅 水雞泅 四跤仔泅,kap-á-siû tshân-tsuí-ke-siû tsuí-ke-siû sì-kha-á-siû
101874,街道圖,將供人車通行的道路用各種線條、形狀、色彩等描繪成的形象或畫面。,,社會-社會,,,,街路圖,ke-lōo-tôo
101875,視星等,觀測到的天體亮度等級，稱為「視星等」。,,,自然科學-自然科學,,自然科學-地球科學,視星等,sī-tshenn-tíng
101876,視覺,眼睛與物體形像接觸所生的感覺。是由於眼球網膜上錐狀細胞和柱狀細胞受光波的刺激所引起的反應。,,藝術-藝術,,,,視覺,sī-kak
101877,視覺摹寫,摹寫法的一種，包括色彩、景物、動作、空間等，能引起視覺意象的文字描寫。,,,語文-國語文,語文-國語文,語文-國語文,視覺描寫,sī-kak biô-siá sī-kak biâu-siá
101878,視覺藝術,1.稱有美感形象藉視覺以欣賞的藝術。如雕刻、繪畫等。也作「造形藝術」。 2.現代藝術潮流之一。利用照片、印刷、電影或人工的電光和音響，創造出特殊效果，讓欣賞者目眩神搖的動態藝術、超現實主義及普普藝術超寫實主義等，均屬於視覺藝術。,,藝術-藝術,,藝術-視覺藝術,藝術-美術,視覺藝術,sī-kak gē-su̍t
101879,詞,1.語言中的最小單位，具有完整觀念，能獨立自由的運用。 2.有組織的、成篇的，或能表達完整概念的語言文字。 3.唐宋時期興起的文體。由五、七言詩及民歌演變而來。句法多長短不一，且須遵守一 定的格律限制，其後遞變而為曲。,語文-國語文,語文-國語文,語文-國語文,語文-國語文,語文-國語文,詞,sû
101880,詞句,文詞和句子。,語文-國語文,語文-國語文,語文-國語文,語文-國語文,,詞句,sû-kù
101881,詞性,語詞在區別語法功能特點的詞類中，具有的屬性。如名詞、動詞、形容詞等為詞類，而「人」、「事」等詞的詞性為「名詞」。,,,語文-國語文,語文-國語文,,詞性,sû-sìng
101882,詞牌,詞調的名稱。如水調歌頭、菩薩蠻等。也稱為「詞牌子」。,,,語文-國語文,語文-國語文,語文-國語文,詞牌,sû-pâi
101883,詞彙,一種語言裡所有語詞和固定詞組的總稱。除一般語詞外，還包括古語、方言、外來語詞及各科術語。,,,語文-國語文,語文-國語文,,詞彙,sû-luī
101884,詞義,語詞表達的意義。,,語文-國語文,,語文-國語文,,詞義 詞意,sû-gī sû-ì
101885,詞語,言詞、話語。,語文-國語文,語文-國語文,語文-國語文,語文-國語文,語文-國語文,語詞,gí-sû
101886,象形,六書之一。根據物體的形象描繪而成文字的造字方法。如「日」為一個圓太陽，「月」為上弦月。,,,語文-國語文,語文-國語文,,象形,siōng-hîng
101887,距離,1.時間或空間、有形或無形的間隔。 2.相隔、相距。,,,自然科學-自然科學,,,距離,kī-lī kī-lî
101888,軸,貫穿車輪中心，控制輪子轉動的橫桿。,,,自然科學-自然科學,自然科學-理化,,軸 車心,ti̍k tshia-sim
101889,軸心,輪子中心的軸，可帶動輪子旋轉。,,自然科學-自然科學,,自然科學-理化,,軸心 車心 心仔,ti̍k-sim tshia-sim sim-á
101890,軸半徑,半徑大者為「輪」；半徑小者為「軸」，軸半徑即為小者之半徑。,,,自然科學-自然科學,自然科學-理化,,軸半徑,ti̍k-puànn-kìng
101891,軸根,植物之根，具由初生根發育成垂直向下生長的較粗之主根與旁生的較細支根所形成的根系，故稱為「軸根系」。,,自然科學-自然科學,,自然科學-理化,,軸根,ti̍k-kin
101892,進口,船隻駛入港口。今多借指外國的貨物輸入本國。,,,社會-社會,社會-歷史,,進口 輸入,tsìn-kháu su-ji̍p
101893,進行曲,原為舞曲的一種，為了工作時統一群體的行動節奏，藉以減輕疲勞。現代的進行曲則是指十七世紀以後，由管樂器所演奏的樂曲而言。主要用於軍隊閱兵隊伍行進時， 適合於演奏或演唱的樂曲。曲調雄壯有力，節奏鮮明。目的在整飭行列及鼓舞士氣。此外，亦有婚禮、喪禮、凱旋等不同用途的進行曲。,,藝術-藝術,,,,進行曲,tsìn-hîng-khik
101894,進位,一種運算形式，加法運算中，每一數位上的數等於基數時向前一位數進一。,,數學-數學,,,,進位,tsìn-uī
101895,進位加法,數學上指加法中每位數等於基數時向前一位數進一，稱為「進位」。如在十進位的算法中，個位滿10，在十位數中加1，十位滿10，在百位數中加1，其餘依此類推。,數學-數學,,,,,進位加法,tsìn-uī ka-huat
101896,鄉土文學,帶有地方色彩的文學作品。如描寫純樸的鄉土人物、鄉土故事及具有濃厚鄉土風味的作品皆是。,,,社會-社會 語文-國語文,社會-歷史,語文-國語文 社會-歷史,鄉土文學,hiong-thóo bûn-ha̍k
101897,鄉公所,縣以下的地方自治單位。設鄉長一人，綜理鄉（鎮市區）政。分設民政、財政、建設、戶籍、兵役等課，分掌各有關事項。,,社會-社會,社會-社會,,社會-公民與社會,鄉公所,hiong-kong-sóo
101898,鄉民代表會,由鄉民依法選舉鄉民代表組織之會議，為我國最基層之民意機構。,,社會-社會,社會-社會,,,鄉民代表會,hiong-bîn tāi-piáu-huē
101899,鄉村,人口的分布較城市分散，而且居民以從事農業為主的地區。,,社會-社會,社會-社會,社會-地理,社會-地理 社會-歷史,鄉村  庄跤,hiong-tshun hiong-tshuan tsng-kha
101900,量筒,計量液體體積的容器。為圓柱形玻璃筒，外部標有刻度，通常以立方公分（C.C.）為單位。,,自然科學-自然科學,,自然科學-理化,自然科學-生物,量筒,liông-tâng niû-tâng
101901,鈍角,數學上指大於90°而小於180°的角。,,數學-數學,,數學-數學,,鈍角,tūn-kak
101902,鈍角三角形,三角形中有一個角大於90°即為鈍角三角形。,數學-數學,數學-數學,,數學-數學,,鈍角三角形,tūn-kak sann-kak-hîng
101903,開放港口,國家公開宣佈或同意外國籍船舶可以進出停泊、上下旅客或裝卸貨物的商業性港口。,,,社會-社會,社會-歷史,,開放港口,khai-hòng káng-kháu
101904,開國紀念日,為紀念國家的建立而特設的節日。如我國在民國前1年10月10日，國民革命軍在武昌起義成功推翻滿清政府，各省代表在南京選舉孫中山先生為臨時大總統，於次年1月1日就職，宣布國號為「中華民國」，是為開國紀念日。,,社會-社會,,,,開國紀念日,Khai-kok Kì-liām-ji̍t
101905,開發土地,指單位或個人通過採取各種措施，將未利用土地改造成農用地或其他用地的活動。按開發後土地用途來劃分，土地開發可分為農用地開發和建設用地開發兩種形式。其中，農用地開發包括耕地、林地、草地、養殖水面等的開發；建設用地開髮指用於各類建築物、構築物用地的開發。,,社會-社會,,,,開發土地,khai-huat thóo-tē
101906,開漳聖王,「開漳聖王」，是源自奉祀中國歷史人物－唐代陳元光（西元657年－711年）的民間信仰，所謂的「漳」是指福建漳州，由於盛唐時陳政、陳元光父子率中原八十七姓將士平定閩地、後建置漳州，後世之閩南人為感念推崇陳政、陳元光父子開拓、建置漳州之功，故在陳元光亡故後，為其建祠立祀，間有神恩靈驗，經由唐、宋時期朝廷的誥封，遂成為流行於閩南、潮汕等地區的傳統信仰。,,,社會-社會,社會-歷史,社會-歷史,開漳聖王,Khai Tsiang Sìng-ông
101907,開墾,開闢荒地。,,社會-社會,社會-社會,社會-歷史,社會-歷史,開墾 開荒,khai-khún khui-hng
101908,開學,每一學期課業的開始。,社會-生活課程 自然科學-生活課程 藝術-生活課程 綜合活動-生活課程,社會-社會 綜合活動-綜合活動 健康與體育-健康與體育,綜合活動-綜合活動,,,開學,khai-ha̍k khai-o̍h
101909,開頭法,文章起頭的方法。,,,語文-國語文,,,開頭法,khui-thâu-huat khai-thâu-huat
101910,開齋節,伊斯蘭教的節日之一。伊斯蘭教曆九月封齋後的第二十九天黃昏，若能看見新月，則次日便是開齋節，否則順延一天。,,,,社會-地理,,開臊節,Khui-tsho-tseh
101911,閏年,指陽曆的二月有二十九天，或陰曆有閏月的一年。,,自然科學-自然科學,,,,閏年 大朝年,jūn-nî tuā-tiâu-nî
101912,間拔,指間隔拔掉，使密度不致太高。通常所播撒的種子，並非全部都會發芽，播種時所播下的種子應比實際需要更多，並且把成長情形不良及密度過密的幼苗拔掉，只留下健康的幼苗繼續栽培。,,自然科學-自然科學,,,,芟,sing
101913,間接比較,在無法進行直接比較的情境下，藉由複製來進行比較的數學活動。,數學-數學,,,,,間接比較,kàn-tsiap pí-kàu
101914,間隔號（．）,一種用來分別姓和名或間隔數字中整數與小數的標點符號。亦可用來表示書名與篇名間的間隔。,,語文-國語文,,語文-國語文,,間隔號,kàn-keh-hō
101915,陽光,太陽的光線。,,自然科學-自然科學,,自然科學-生物,,日頭光,ji̍t-thâu-kng
101916,雄花,只有雄蕊發育完整而沒有雌蕊或雌蕊退化的花。也稱為「雄蕊花」。,,自然科學-自然科學,,自然科學-生物,,公花,kang-hue
101917,雄蕊,植物的雄性生殖器官。位於花冠與雌蕊之間，由花絲、花藥及花粉所組成。雄蕊成熟後，花藥裂開，散出花粉。,,自然科學-自然科學,自然科學-自然科學,自然科學-生物,自然科學-生物,花鬚,hue-tshiu
101918,集村,聚居較為密集的村落。多指百家以上且有巷道相通的聚落。,,,社會-社會,,社會-地理,集村,tsi̍p-tshun tsi̍p-tshuan
101919,雲,水蒸氣遇冷，凝成細水滴，懸浮在空中的團狀物體。,,,自然科學-自然科學,自然科學-生物,,雲,hûn
101920,雲量,天空被雲遮蓋的分量。通常以天空被遮蓋八分數表示。,,,自然科學-自然科學,自然科學-生物,,雲量,hûn-liōng
101921,雲端科技,一種基於網際網路的運算方式，通過這種方式，共用的軟硬體資源和資訊可以按需求提供給電腦各種終端和其他裝置。,,,社會-社會,,,雲端科技 雲頂科技,hûn-tuan kho-ki hûn-tíng kho-ki
101922,雲層,雲由水氣層層相疊而成，故稱為「雲層」，氣象學上亦因高低不同而有不同的名稱。,,,自然科學-自然科學,自然科學-生物,,雲層,hûn-tsân
101923,順序,次序。,數學-數學,,,,,順序,sūn-sī sūn-sū
101924,順時針方向,順著時針旋轉的方向。,數學-數學,,,數學-數學,,順時針方向,sūn-sî-tsiam hong-hiòng
101925,順敘,一種文學、戲劇的表現手法。依據事情的先後順序表述，會給人條理清楚的感受。,,語文-國語文,語文-國語文,語文-國語文,語文-國語文,順敘,sūn-sū
101926,順敘法,一種文學、戲劇的表現手法。依據事情的先後順序表述，會給人條理清楚的感受。,,語文-國語文,語文-國語文,語文-國語文,語文-國語文,順敘法,sūn-sū-huat
101927,飲食文化,飲食文化，是人類不斷開拓食源、開發食品、製造食器、消費食物的過程，以及以飲食為基礎的習俗、思想和哲學，即由人們在飲食活動中的方式、過程和功能等結構組成的全部食事的總和。,,,社會-社會 健康與體育-健康與體育,社會-地理,社會-地理,飲食文化,ím-si̍t bûn-huà
101928,飲食習慣,指人們對食品和飲品的偏好。其中包括對飲食材料、烹調方法、烹調風味及佐料的偏好。物產、文化歷史的因素，變得十分多元。,健康與體育-健康與體育,社會-社會,社會-社會 健康與體育-健康與體育,社會-地理 健康與體育-健康教育,社會-歷史,飲食習慣,ím-si̍t si̍p-kuàn
101929,黑雲母,一種造岩礦物。單斜晶系，是鉀、鐵、鎂、鋁四種基性鋁矽酸鹽等不同比例的混合物，有黑色、棕黑、黑綠色等，呈薄片狀，富彈性。,,,自然科學-自然科學,自然科學-地球科學,自然科學-地球科學,烏雲母,oo-hûn-bú oo-hûn-bó
101930,傳粉,植物繁殖中，雄蕊花藥裡的花粉經由風或昆蟲等媒介，傳到雌蕊的柱頭或胚珠的過程。是子房形成果實的必要條件，可分為自花傳粉和異花傳粉兩種。也稱為「授粉」。,,,自然科學-自然科學,自然科學-生物,,傳粉,thuân-hún
101931,傳記,記述個人生平事蹟的文章。,,語文-國語文,語文-國語文,語文-國語文,,傳記,tuān-kì
101932,傳唱,口耳相傳的流唱。,,藝術-藝術,,,,傳唱,thuân-tshiùnn
101933,傳教士,傳布宗教教義的人。,,社會-社會,社會-社會,社會-歷史,社會-歷史,傳教士,thuân-kàu-sū
101934,傳球,籃球傳球技術，主要包括雙手胸前傳球，單手肩上傳球，單手側傳球，行進間傳球的技術。傳球技術是籃球的基本技術，籃球是一項團隊項目，練習傳球技術是非常重要的。,健康與體育-健康與體育,健康與體育-健康與體育,健康與體育-健康與體育,健康與體育-體育,,傳球,thuân-kiû
101935,傳統文化,具歷史承續並有相當程度廣泛傳播的文化。,,社會-社會,社會-社會,社會-歷史,,傳統文化,thuân-thóng bûn-huà
101936,傳統住屋,指歷史沿傳而來、人所建築以供居住的建築物。,,社會-社會,社會-社會,,社會-歷史,傳統厝 傳統徛家厝 古早厝,thuân-thóng-tshù thuân-thóng khiā-ke-tshù kóo-tsá-tshù
101937,傳統技藝,具有世代相傳，有傳承延續性質的社會因素，並講究技巧性的武藝、工藝。,,社會-社會,,,社會-歷史,傳統技藝,thuân-thóng ki-gē
101938,傳統社會,尚未具有或尚未普遍應用現代化科學與技術知識的社會。在社會結構上，人際連帶較為緊密，也較無現代都會的疏離感，社會階序尊卑分明，常由地方望族與信仰組織掌控分配社會資源；在文化上，主導的價值體系是各種非科學知識的世界觀；在經濟上，尚未運用現代科學與科技於生產活動；在政治上，尚未發展個人主義與民主參與，權力主要集中在貴族或大地主手上。,,,社會-社會,,社會-地理,傳統社會,thuân-thóng siā-huē
101939,傳統產業,由傳統技術支撐的、使用傳統技術規範來解決各種生產問題而形成的產業。,,,社會-社會,,社會-地理,傳統產業,thuân-thóng sán-gia̍p
101940,傳統祭典,歷史沿傳而來祭儀。,,社會-社會,社會-社會,,,傳統祭典,thuân-thóng tsè-tián
101941,傳統節慶,世代相傳，有傳承延續性質的節日慶典，在某種程度上反映了當地人們的生活與習俗。,,社會-社會,,,,傳統節慶,thuân-thóng tsiat-khìng
101942,傳統農漁業,傳統的農業與漁業。,,,社會-社會,,,傳統農漁業,thuân-thóng lông-hî-gia̍p
101943,傳統歌謠,世代相傳，有傳承延續性質的，可以唱的韻語。有樂曲伴奏的稱「歌」，沒有樂曲伴奏的稱「謠」。,,,藝術-藝術,,,傳統歌謠,thuân-thóng kua-iâu
101944,傳統聚落,具有歷史風貌或地域特色之建造物及附屬設施群，包括原住民部落、荷西時期街區、漢人街庄、清末洋人居留地、日治時期移民村、近代宿舍及眷村等。,,,社會-社會,,社會-地理,傳統聚落,thuân-thóng tsū-lo̍k thuân-thóng tsū-lo̍h
101945,傳導,1.物理學上指兩物體接觸時，溫度或電流由一物體傳至另一物體的現象。 2.生物學上指神經纖維將外界刺激傳至大腦、脊髓，或把大腦、脊髓的衝動傳至外圍神經的過程。,,,自然科學-自然科學,自然科學-理化,自然科學-物理,傳導,thuân-tō
101946,傳導作用,1.物理學上指兩物體接觸時，溫度或電流由一物體傳至另一物體的現象。 2.生物學上指神經纖維將外界刺激傳至大腦、脊髓，或把大腦、脊髓的衝動傳至外圍神經的過程。,,,自然科學-自然科學,自然科學-理化,,傳導現象,thuân-tō hiān-siōng
101947,匯率,通常指一國貨幣兌換另一國貨幣的比率。在浮動匯率制度下，匯率高低取決於供需關係。目前世界各國多以限制進口、鼓勵出口或通貨貶值的辦法來穩定匯率，使其符合國內的經濟需求。,,,,社會-公民與社會,,匯率,huē-lu̍t
101948,嗅覺,人體或一些動物鼻腔上的黏膜有嗅細胞，空氣中的氣味分子刺激嗅細胞後，由嗅神經傳到大腦而產生嗅覺，能辨別物體的香臭。,,藝術-藝術,,,,鼻覺,phīnn-kak
101949,圓,從中心到周圍每一點的距離都相等的形體。,,數學-數學,,數學-數學,數學-數學,圓 圓箍仔,înn înn-khoo-á
101950,圓山文化,位於臺北市西北部，其地有一圓形小山，下臨基隆河，略有山林之勝，附近曾發現貝塚，稱為「圓山貝塚」。,,,社會-社會,社會-歷史,,圓山仔文化,Înn-suann-á bûn-huà
101951,圓山遺址,位於臺北市西北部，其地有一圓形小山，下臨基隆河，略有山林之勝，附近曾發現貝塚，稱為「圓山貝塚」。,,,社會-社會,,,圓山仔遺址,Înn-suann-á uî-tsí
101952,圓心,圓形的中心點。,,數學-數學,,數學-數學,數學-數學,圓心 圓箍仔中心,înn-sim înn-khoo-á tiong-sim
101953,圓心角,指以圓心為頂點、半徑為兩邊的角。也稱為「中心角」。,,數學-數學,數學-數學,數學-數學,,圓箍仔中心角 圓心角,înn-khoo-á tiong-sim-kak înn-sim-kak
101954,圓形,以定點為圓心，任意長為半徑畫成的圖形。,數學-數學,數學-數學,,數學-數學,數學-數學,圓形,înn-hîng
101955,圓形百分圖,把一個圓的圓周分成100等分，每一等分是1%，依統計項目的百分率畫出的圓形圖，稱為「圓形百分圖」。,,數學-數學,,數學-數學,,圓形百分圖,înn-hîng pah-hun-tôo
101956,圓形圖,在一個圓內將統計資料用扇形面積表示的圖。,,數學-數學,,數學-數學,,圓形圖,înn-hîng-tôo
101957,圓周,平圓的圍線。,,數學-數學,,數學-數學,數學-數學,圓周,înn-tsiu
101958,圓周長,圓的周界長。,數學-數學,,數學-數學,數學-數學,數學-數學,圓周長,înn-tsiu-tn̂g
101959,圓周率（π）,指圓周的長與圓徑的比，其值約為3.1416，以π表示。,,數學-數學,,,,圓周率,înn-tsiu-lu̍t
101960,圓柱,一直線常與定直線平行，繞定直線而旋轉，又以平行的二平面橫截之，則二平面及旋成的圓面所界成的立體為「圓柱」。,,數學-數學,數學-數學,數學-數學,數學-數學,圓柱,înn-thiāu
101961,圓面積,一個圓的面積，公式為半徑乘以半徑乘以圓周率。,,數學-數學,數學-數學,數學-數學,數學-數學,圓面積,înn-bīn-tsik
101962,圓滑線,當兩個或兩個以上不同的音符用弧線連結時，須圓滑的唱奏每個音符。,,藝術-藝術,,,,圓滑線,înn-ku̍t-suànn
101963,圓號,又稱「法國號」。屬於中音域的銅管樂器，共有四個按鍵，前面三個，後面一個，演奏時右手放進喇叭口，可控制細微的音高變化。,,,藝術-藝術,,,圓鼓吹,înn-kóo-tshue
101964,圓舞曲,曲種名。一種每節三拍的舞曲。源於德國、奧國鄉間的民俗舞曲連德勒（Ländler），十七、八世紀流行維也納宮廷後，旋律速度加快，十九世紀以後風靡全歐洲。也稱為「華爾滋舞曲」。,,,藝術-藝術,藝術-表演藝術,,圓舞曲,Înn-bú-khik
101965,圓錐,平面上一定圓之圓周上的點，與此平面外的一定點相連結的所有直線，所圍成的立體。,,數學-數學,數學-數學 藝術-藝術,數學-數學,,圓錐,înn-tsui
101966,塑膠貨幣,泛指不必使用現金的消費支付工具，例如信用卡、簽帳卡、轉帳卡、儲值卡等都屬於塑膠貨幣。,,,,社會-公民與社會,,塑膠貨幣,sok-ka huè-pè
101967,塑膠製品,以人工合成的有機高分子聚合物，加入適量塑化劑、安定劑、阻燃劑等配料，經受熱後冷卻時加工塑造成型的產品。,社會-生活課程 自然科學-生活課程 藝術-生活課程 綜合活動-生活課程,,健康與體育-健康與體育 社會-社會,,,塑膠製品,sok-ka tsè-phín
101968,幹部,政黨或團體的中堅分子，統稱為幹部。,,社會-社會,,,,幹部,kàn-pōo
101969,微生物,一類肉眼看不到，要在顯微鏡下才能察覺的生物。,,自然科學-自然科學,自然科學-自然科學,自然科學-生物,自然科學-生物,微生物 微生菌,bî-sing-bu̍t bî-sing-khún
101970,想像力,分析、綜合既得的舊觀念，以重新建構思想與形象的能力。,,藝術-藝術,,藝術-視覺藝術,,想像力,sióng-siōng-li̍k
101971,意符,形聲字中指明意義類別的部分。如「江」字左邊的「水」、「劈」字下邊的「刀」。也稱為「形符」。,,,語文-國語文,,,意符,ì-hû
101972,意義,1.意旨、含意。 2.行為、事物的價值或重要性。,,語文-國語文,語文-國語文,語文-國語文,語文-國語文,意義,ì-gī
101973,意義段,依照文章內容的意思，將表達同一個意思的的自然段，合併成一大段，這一大段就稱為意義段。,,語文-國語文,,,,意義段落,ì-gī tuānn-lo̍h
101974,感受,感覺、領會。,,藝術-藝術,,,,感受,kám-siū
101975,感官,動物接收外界種種刺激的器官。如耳、目、鼻、舌、皮膚。也稱為「感覺器」。,健康與體育-健康與體育,社會-社會 綜合活動-綜合活動,,,,感官,kám-kuan
101976,感想法,在文章結尾採用感性的語詞作結，讓結尾情感濃厚、富有生命。,,語文-國語文,語文-國語文,,,感想法,kám-sióng-huat
101977,感謝,因受惠而表示謝意。,健康與體育-健康與體育 社會-生活課程 自然科學-生活課程 藝術-生活課程 綜合活動-生活課程,綜合活動-綜合活動 健康與體育-健康與體育,綜合活動-綜合活動,,,感謝 多謝 勞力,kám-siā to-siā lóo-la̍t
101978,慈善團體,為急難救助、扶弱濟貧等公共利益服務而成立的社會團體。,,社會-社會,社會-社會,,,慈善團體,tsû-siān thuân-thé
101979,搬運,把東西移動或運送到別處。,,,自然科學-自然科學,,自然科學-地球科學,搬徙 搬運,puann-suá puann-ūn
101980,搶孤,一種民俗活動。在中元普渡儀式結束或農曆7月30日鬼門關閉之夜，道士敲鑼撤除供品時，群眾蜂擁搶奪祭過野鬼的供品，稱為「搶孤」。此項活動具有宗教民俗和體能競賽的意義。,,社會-社會,,社會-歷史,,搶孤,tshiúnn-koo
101981,新石器文化,在新石器時代展的文化活動，例如大坌坑文化、牛罵頭文化、芝山岩文化。,,,社會-社會,,,新石器文化,Sin-tsio̍h-khì bûn-huà
101982,新石器時代,"石器時代的後期。為人類史前時代最晚的一個階段。約從西元前8,000年開始，迄西元前2,000年至1,400百年為止。主要特點包括使用經過琢磨的燧石和精製石器、飼養家畜、播種農作、製作陶器、建造石墓等。",,,社會-社會,社會-歷史,,新石器時代,Sin-tsio̍h-khì Sî-tāi
101983,新石器時期,"石器時代的後期。為人類史前時代最晚的一個階段。約從西元前8,000年開始，迄西元前2,000年至1,400百年為止。主要特點包括使用經過琢磨的燧石和精製石器、飼養家畜、播種農作、製作陶器、建造石墓等。",,,社會-社會,,,新石器時期,Sin-tsio̍h-khì Sî-kî
101984,新同學,因轉學、跳級等緣故，而從原班級轉至其他班或他校之學生，會在口語上被新班級同學稱呼為「新同學」。,社會-生活課程 自然科學-生活課程 藝術-生活課程 綜合活動-生活課程,社會-社會 健康與體育-健康與體育,綜合活動-綜合活動,,,新同學,sin tông-ha̍k sin tông-o̍h sin tâng-ha̍k sin tâng-o̍h
101985,新住民,是中華民國政府對1990年代解嚴後，經過跨國通婚、或其它原因取得中華民國國籍者的統稱。,,社會-社會,社會-社會,社會-公民與社會,社會-地理 社會-歷史 社會-公民與社會,新住民,sin-tsū-bîn
101986,新朋友,新相識結交的友人。,社會-生活課程 自然科學-生活課程 藝術-生活課程 綜合活動-生活課程,社會-社會 綜合活動-綜合活動,綜合活動-綜合活動,,,新朋友,sin pîng-iú
101987,新移民,又稱為新住民，指剛移民到另一個國家或地區的人士。,,,,,社會-地理,新移民,sin-î-bîn
101988,新港文,也有人稱之為「新港文書」，是今天臺灣臺南一帶平埔族社群西拉雅族所留傳下來的土地租借、買賣與借貸等方面的契約文書，民間俗稱「番仔契」。,,,社會-社會,社會-歷史,社會-歷史,新港文,Sin-káng-bûn
101989,新詩,一種五四運動後流行的白話詩體。其特色除以白話為主外，也不遵守平仄、協韻，完全不同於古時作詩的體例規則，較為自由、活潑。也稱為「白話詩」、「現代詩」。,,,語文-國語文,語文-國語文,語文-國語文,新詩,sin-si
101990,暖化,二氧化碳（CO2）及其他溫室氣體，排放到地球大氣層，造成地球的溫度上升。,,,社會-社會 健康與體育-健康與體育,社會-地理 健康與體育-健康教育,,暖化,luán-huà
101991,暖氣團,一種移動的氣團。本身的溫度比到達區域的地面溫度高，多在熱帶大陸或海洋上形成。,,,自然科學-自然科學,自然科學-地球科學,自然科學-地球科學,暖氣團,luán-khì-thuân
101992,暖鋒,暖氣團向前移動時，遇冷氣團就沿著冷氣團慢慢上升，並推著冷氣團向前移動，此時形成的鋒面，稱為「暖鋒」。,,,自然科學-自然科學,,自然科學-地球科學,暖鋒,luán-hong
101993,暗喻,隱而不顯的譬喻。相對於明喻而言。,,,語文-國語文,語文-國語文,語文-國語文,暗喻 隱喻,àm-jū ún-jū
101994,會意,六書之一。指合成兩個以上的字表示一個意義的造字法。如日月為明、人言為信。也稱為「象意」。,,,語文-國語文,語文-國語文,,會意,huē-ì
101995,極地,地球南北兩極圈內的地區。此區氣候寒冷，最高月平均溫度為攝氏10℃，海陸皆為冰雪覆蓋，少植物生長，亦不適合人居住。,,,自然科學-自然科學,,,極地,ki̍k-tē
101996,楷書,一種漢字書體。初指筆畫平直，端正工整的字體，唐宋以後專指由隸書演變而來的正體書法。與隸書的主要區別為省略尾部的挑筆。約起源於後漢，至魏完備成體，通行至今。也稱為「真書」、「真字」、「正楷」、「正書」。,,,語文-國語文,語文-國語文,,楷書 正楷 真書,khái-su tsiànn-khái tsin-su
101997,概數,大約的數目，是近似值，而非準確的數字。如好幾天、幾小時，都是概數。,數學-數學,,數學-數學,,,概數,khài-sòo
101998,概覽,概略地觀覽。,,語文-國語文,語文-國語文,,,概覽  瞭過 大體仔讀,kài-lám khài-lám lió--kuè tāi-thé-á tha̍k
101999,歇後語,一種漢語特有的隱語。通常由兩個部分組成，前半部如同前提，作為引導；後半部則像說明，為表達的重點。其特色在於使語言表達過程中，產生隱誨、恍悟與暫停、豁然的效果。若運用得當，可使意念的說明詼諧靈動，妙趣橫生。,,,語文-國語文,語文-國語文,,孽譎仔話 激骨話,gia̍t-khiat-á-uē kik-kut-uē
102000,毽子,一種遊戲用具。以皮或布包裹銅錢，並在錢孔中裝上羽毛或紙穗等製成。遊戲時，用腳連續踢它，使毽子上下起落，不墜於地。同時還可變化出各式各樣的踢法。,健康與體育-健康與體育,健康與體育-健康與體育,,健康與體育-體育,,毽子 錢仔,kiàn-tsí tsînn-á
102001,溪流,水流、河流。,,,自然科學-自然科學,自然科學-地球科學,,溪流,khe-lâu khe-liû
102002,溫室氣體,"溫室氣體（英語：Greenhouse Gas, GHG）或稱溫室效應氣體，是指大氣中促成溫室效應的氣體成分。自然溫室氣體包括二氧化碳（CO2）大約佔26%，其他還有臭氧（O3）、甲烷（CH4）、氧化亞氮（又稱笑氣，N2O）、以及人造溫室氣體氫氟碳化物（HFCs，含氯氟烴HCFCs及六氟化硫SF6）等。",,,社會-社會,健康與體育-健康教育,社會-公民與社會,溫室氣體,un-sik khì-thé
102003,溫度,冷熱程度的定量表示法。通常以常壓水結冰與沸騰時的溫度為基準，由溫度計及溫標定之。也稱為「熱度」。,,自然科學-自然科學,,,自然科學-化學,溫度,un-tōo
102004,溫度計,用來測量冷熱程度的儀器。多利用水銀或酒精柱長度、氣體的壓力或體積、白金線的電阻、熱偶電壓等的變化來製造。也稱為「溫度表」。,,自然科學-自然科學,,,自然科學-化學,度針 磅針,tōo-tsiam pōng-tsiam
102005,溶液,兩種或兩種以上的物質混合形成的均勻混合體。按聚集狀態可分為氣態溶液（如空氣）、液態溶液（如食鹽水）和固態溶液（如金屬合金）等類別。,,,自然科學-自然科學,自然科學-理化,自然科學-生物 自然科學-化學,溶液,iông-i̍k
102006,溶解,溶質的分子分散在溶劑中，形成溶液的過程。,,自然科學-自然科學,自然科學-自然科學,自然科學-理化,自然科學-生物 自然科學-化學,溶去,iûnn--khì
102007,溶解現象,兩種以上的物質相混合組成一個相的過程都可以為溶解，生成的固液混合物為溶液。一般在同一個反應中應呈均勻，穩定狀態，其構成成分的物質可以分子狀態或原子狀態相混合。,,自然科學-自然科學,,自然科學-理化,,溶解現象,iông-kái hiān-siōng
102008,溶解量,溶液中所溶解的溶質的質量。,,自然科學-自然科學,,自然科學-理化,,溶解量,iông-kái-liōng
102009,溶質,溶液中被溶解的物質。如食鹽溶液中的食鹽。,,,自然科學-自然科學,自然科學-理化,自然科學-化學,溶質,iông-tsit
102010,溶劑,可溶解其他溶質，而形成均勻混合物的液體。如水、酒精等。也稱為「溶媒」。,,,自然科學-自然科學,自然科學-理化,自然科學-化學,溶劑,iông-tse
102011,溼地,經常為水淹沒的地帶。通常是河口流域的邊際地帶，也是界於沿海水域和陸地間的過渡帶。溼地蘊育豐富的物種，是許多魚類、兩棲類、鳥類、爬蟲類樂於生活的環境，國際保育組織已將溼地保育列為優先目標。,,社會-社會,社會-社會,社會-地理,,溼地 湳仔地,sip-tē làm-á-tē
102012,溼度,空氣中水氣含量的程度。,,自然科學-自然科學,自然科學-自然科學,自然科學-理化,,溼度,sip-tōo
102013,滑石,礦物名，成份為含水的鎂質矽酸鹽。呈葉狀、粒狀或塊狀。質地軟，純淨者呈白、灰、淡綠色，有珍珠光澤。因有潤滑感，可製成爽身粉、面粉等潤滑劑，也可以做成石筆與印章材料。,,,自然科學-自然科學,自然科學-地球科學,,滑石,ku̍t-tsio̍h
102014,滑輪,一種外緣套有繩索或鏈帶，能繞軸心旋轉的圓輪，可用來牽引物體或傳遞動力。,,,自然科學-自然科學,自然科學-理化,,車轆 吊槔 滑車 撚錢,tshia-lak tiàu-oo ku̍t-tshia lián-tsînn
102015,獅子座,星座名。大部分位於北天，黃道星座之一，在室女座與巨蟹座之間。包含亮星軒轅十四。,,,自然科學-自然科學,自然科學-地球科學,,獅仔座,Sai-á-tsō
102016,矮靈祭,「巴斯達隘」（paSta'ay）的俗稱，此為生活在臺灣的賽夏族為紀念矮人族（'ta'ay）教導其播種、插秧、織布、造屋等而舉辦的傳統活動。每兩年（西元的雙數年）的秋季舉辦一次小祭，每十年舉辦一次大祭。相傳此祭典已有五百餘年的歷史。,,,社會-社會,,,矮靈祭,É-lîng-tsè
102017,節,1.植物枝幹分段的地方。 2.動物骨骼相連接的部分。,,自然科學-自然科學,,自然科學-生物,,節,tsat
102018,節日,值得慶祝或紀念的日子。各國因歷史文化、民俗信仰等不同，而各有其特殊的節日。,,社會-社會,,,,節日,tseh-ji̍t
102019,節拍,樂曲的節奏拍子。,,藝術-藝術,,,藝術-音樂,板 板嘹,pán pán-liâu
102020,節拍器,用來維持演奏家節拍穩定之器具。,,藝術-藝術,,,,拍拍器,phah-phik-khì
102021,節奏,音樂中交替出現有規律的強弱、長短的現象。,,藝術-藝術,,,藝術-音樂,節奏,tsiat-tsàu
102022,節奏感,是一種基本的音樂才能，對於音樂節奏認知上的感受，可以透過後天訓練來加強。,,藝術-藝術,,,,節奏感,tsiat-tsàu-kám
102023,節約用水,透過科技或是社會性的方式來減少淡水的使用量。,社會-生活課程 自然科學-生活課程 藝術-生活課程 綜合活動-生活課程,社會-社會,,健康與體育-健康教育,,節約用水 節省用水 省水,tsiat-iok iōng tsuí tsiat-síng iōng tsuí síng-tsuí
102024,節能減碳,以減少能源消耗及碳排放量的方式，保護資源，減少對環境的污染。,,,社會-社會,,自然科學-化學,節能減碳,tsiat-lîng kiám-thuànn
102025,節慶,節日慶典。,健康與體育-健康與體育,社會-社會,健康與體育-健康與體育,社會-公民與社會,,節慶,tsiat-khìng
102026,節錄,摘錄大要。,,語文-國語文,語文-國語文,語文-國語文,,摘錄,tiah-lo̍k tiah-lio̍k
102027,經度,地理上指地球表面東西距離的度數。以通過英國倫敦格林威治天文臺的經線為本初子午線，以東為東經，以西為西經，東西各180度。地球上某地的經度指通過該地的經線與本初子午線的夾角。,,,社會-社會,社會-地理,社會-地理,經度,king-tōo
102028,經線,地理上為推算地球表面某定點所假想的南北方向直線。每條經線均沿地球表面連接南北兩極，而與緯線相垂直。也稱為「子午線」。,,,社會-社會,社會-地理,社會-地理,經線,king-suànn
102029,經緯線,人們為了精確標示地球上每個地區的詳細地點而發明的假想線。連接北極與南極的直線稱為經線，而將地球平均分為南北兩半的線稱為赤道，與赤道平行的線則是緯線。,,,社會-社會,社會-地理,社會-地理,經緯線,king-huī-suànn king-uī-suànn
102030,經濟活動,人類為滿足生存要求及生活欲望，利用各種自然資源及財貨所從事的各種生產、交換、銷售等行為。,,社會-社會,社會-社會,社會-地理,,經濟活動,king-tsè ua̍h-tāng king-tsè ua̍h-tōng
102031,經濟發展,發掘、累積更多的生活資源，採用或發明更好的生產方法，以製造更多更好的產品，提高生活水準，使人類慾望得到進一步滿足的過程。,,社會-社會,社會-社會,社會-地理,社會-地理 社會-歷史,經濟發展,king-tsè huat-tián
102032,署名,在文書上簽名。,,語文-國語文,,語文-國語文,,徛名 落名,khiā-miâ lo̍h-miâ
102033,義務,1.泛稱人在社會中所應盡的職事。 2.出勞力而不接受報酬的行為。 3.依法律或契約的規定，強其作為或不作為的限制性。如服兵役、納稅。相對於權利而言。,,,社會-社會,社會-公民與社會,,義務,gī-bū
102034,義務教育,國民應受之教育。凡年滿規定入學年齡的兒童，國家可強迫使其入學，其入學年齡及受教年限各國不同。也稱為「強迫教育」。,,,社會-社會,社會-公民與社會,,義務教育,gī-bū kàu-io̍k
102035,腰,等腰三角形中，兩等長的邊叫作腰。,,數學-數學,,數學-數學,,腰,io
102036,腳,人或動物的腿，支撐身體接觸地面的部分。,,自然科學-自然科學,,自然科學-生物,,跤,kha
102037,腳踏車,一種利用雙腳踩踏板前進的輪車。也稱為「自行車」、「單車」、「自由車」、「自轉車」、「鐵馬」、「孔明車」。,健康與體育-健康與體育,社會-社會 綜合活動-綜合活動 自然科學-自然科學,,自然科學-理化 科技-生活科技,,鐵馬 孔明車 跤踏車 自轉車 自輪車,thih-bé khóng-bîng-tshia kha-ta̍h-tshia tsū-tsuán-tshia tsū-lián-tshia
102038,腹足,泛指腹足綱的軟體動物。頭頂有口，兩側生觸角及眼，腹部盤狀，有肉足，介殼作螺旋狀，包容軀幹。如蝸牛、田螺等。,,自然科學-自然科學,,自然科學-生物,,腹足,hok-tsiok
102039,腹面,動物身上胸部、腹部的那一面。,,自然科學-自然科學,,自然科學-生物,,腹面,pak-bīn
102040,腹部,動物的軀幹中在胸部與骨盤間的部分。由腰椎及肌肉壁構成，內含胃、大腸、小腸、肝、脾及腎等器官。,,自然科學-自然科學,,自然科學-生物,,腹肚,pak-tóo bak-tóo
102041,腹鰭,魚類腹部的鰭，左右各一，是轉換方向和支持身體平衡的器官。,,自然科學-自然科學,,自然科學-生物,,魚腹翼,hî-pak-si̍t
102042,萬分位,小數部分從小數點算起，右邊第四位叫做百分位，也可叫做小數第四位。,數學-數學,,,,,萬分位,bān-hun-uī
102043,萬位,記錄幾個萬的位置。,,數學-數學,,,,萬位,bān-uī
102044,落地生根,植物名。景天科落地生根屬，多年生草本。葉厚而富含水分，莖、葉落地即能生根長大。早春開淡紅色花，花冠圓筒形，下垂，裂片四枚。果為蓇葖果。原產於熱帶和亞熱帶地區。莖葉可用來入藥，有消腫退熱之效。,,自然科學-自然科學,,自然科學-生物,,落地生根 生刀草 倒吊蓮,lo̍h-tē-sing-kin tshenn-to-tsháu tò-tiàu-liân
102045,葉,植物的一部分。生於枝幹上，專營呼吸、蒸發等作用，部分植物的葉子則因變態而具有貯藏、保護或捕食的功能。,,自然科學-自然科學,,自然科學-生物,,葉仔,hio̍h-á
102046,葉子,植物之葉的通稱。,,自然科學-自然科學,,自然科學-生物,,葉仔,hio̍h-á
102047,葉片,葉的扁平部分，有葉肉和葉脈，是植物進行光合作用的主要部分。,,自然科學-自然科學,,自然科學-生物,,葉身,hio̍h-sin
102048,葉序,葉著生莖或枝上的排列方式，有一定排列的順序，稱為「葉序」。如對生、輪生、互生等。也稱為「葉列」。,,自然科學-自然科學,,自然科學-生物,,葉序,hio̍h-sī
102049,葉形,葉片的完整輪廓。為識別植物的重要特徵。,,自然科學-自然科學,,自然科學-生物,自然科學-生物,葉仔形,hio̍h-á-hîng
102050,葉柄,葉片下與莖相連的構造。常為圓柱狀，或鞘狀，有的膨大為球形或卵形的浮囊。,,自然科學-自然科學,,自然科學-生物,,葉仔柄,hio̍h-á-pènn
102051,葉面,指植物葉的表面，葉面是進行光合作用的重要器官，是植物與外界環境交換物質、能量的有效管道之一，因其暴露在大氣中，構成特定的微生物生境，為各種附生性微生物提供了聚集場所。,,自然科學-自然科學,,自然科學-生物,,葉面,hio̍h-bīn
102052,葉脈,植物葉片上網狀的脈紋，即維管束。有主脈、支脈、細脈之別，為強韌纖維所組成，有支持葉片及輸送水分、養料的功能。可分為平行脈、網狀脈兩大類。,,自然科學-自然科學,,自然科學-生物,,葉脈,hio̍h-me̍h
102053,葉菜類,葉部特別發達的蔬菜。一般為全株，包括根、莖、葉、花皆可供食用者。如白菜、菠菜等。,,自然科學-自然科學,,自然科學-生物,,葉菜類,hio̍h-tshài-luī
102054,葉緣,葉片的邊緣。有全緣、鋸齒緣、齒狀緣、淺裂緣等。,,自然科學-自然科學,,自然科學-生物,,葉仔邊,hio̍h-á-pinn
102055,號角聲,泛稱西方早期軍隊中用來傳達命令的管樂器所發出的聲音。早期多用獸角，後有木製與銅製品。,,,藝術-藝術,,,號頭聲,hō-thâu-siann
102056,蛹,昆蟲類的幼蟲，長成至一定階段，即不動不食，其狀如死，形體發生變化，多為棗核形狀，於適合的環境條件下變為成蟲。,,自然科學-自然科學,,自然科學-生物,,蛹,ióng
102057,蛻皮,節肢動物和部分爬蟲類，在生長的過程中，將原有的外骨骼脫落，另由表皮分泌新骨骼的現象。主要受激素調節，可使形體不斷變大，而其次數則隨種類及個體生理狀態而異。,,自然科學-自然科學,,自然科學-生物,,褪皮 褪殼,thǹg-phuê thǹg-khak
102058,裝飾,修飾、點綴。,,藝術-藝術,,,藝術-美術,妝娗 裝飾,tsng-thānn tsong-sik
102059,解嚴,解除戒嚴，恢復平常的狀態。,,,社會-社會,社會-歷史,社會-歷史,解嚴,kái-giâm
102060,解嚴令,1987年臺灣地區（臺灣本島、澎湖與其它附屬島嶼）頒布的總統令，解除了長達38年的戒嚴令。,,,社會-社會,,,解嚴令,kái-giâm-līng
102061,試紙,一種化學用品。浸過指示劑或試劑的紙條，用來檢驗液體的酸鹼性、物質中所含某種化合物或離子的存在。如石蕊試紙檢驗酸鹼性；澱粉碘化鉀試紙檢驗氧化劑如亞硝酸、雙氧水。,,,自然科學-自然科學,自然科學-理化,,試紙,tshì-tsuá
102062,詩,1.以精粹而富節奏的語言文字來表現美感、抒發情緒的文體。一般與文相對。 2.六經之一，即《詩經》。,,語文-國語文,語文-國語文,語文-國語文,語文-國語文,詩,si
102063,詩人,擅長作詩的人。,,語文-國語文,語文-國語文,語文-國語文,語文-國語文,詩人,si-jîn
102064,詩句,詩歌裡面的句子。,,語文-國語文,語文-國語文,語文-國語文,語文-國語文,詩句,si-kù
102065,詩作,泛指作詩、作對聯。,,,語文-國語文,語文-國語文,語文-國語文,詩作,si-tsok
102066,詩詞,詩和詞的合稱。,,語文-國語文,語文-國語文,語文-國語文,語文-國語文,詩詞,si-sû
102067,詩歌,詩的通稱。古今之詩，或可歌，或不可歌，統稱為「詩歌」。,,語文-國語文,語文-國語文,語文-國語文,語文-國語文,詩歌 歌詩,si-kua kua-si
102068,詩選,挑選較優良、較有名氣的詩，編輯而成的書冊。,,語文-國語文,語文-國語文,語文-國語文,語文-國語文,詩選,si-suán
102069,話語,言辭。,,語文-國語文,語文-國語文,語文-國語文,,話語,uē-gí
102070,詳寫,詳細描寫。,,,語文-國語文,語文-國語文,,詳寫,siông-siá
102071,誇飾,1.誇張鋪飾。 2.語言文字中誇張鋪飾，超過了客觀事實的修辭法。,,,語文-國語文,語文-國語文,,誇飾,khua-sik
102072,資訊科技,資訊技術（英語：Information Technology，縮寫：IT）也稱資訊和通訊技術（Information and Communications Technology，ICT），是主要用於管理和處理資訊所採用的各種技術總稱，主要是應用電腦科學和通訊技術來設計、開發、安裝和部屬資訊系統及應用軟體。,,,社會-社會,科技-資訊科技,社會-公民與社會,資訊科技,tsu-sìn kho-ki
102073,資訊產業,又稱IT業、電腦工業，為一切與電腦相關的軟硬體行業總稱，有硬體製造的類似傳統工業模式也有軟體撰寫和客戶服務的服務業。,,,社會-社會,科技-資訊科技,,資訊產業,tsu-sìn sán-gia̍p
102074,資訊電子業,電子資訊業又稱為電腦工業，為一切與電腦相關的軟硬體行業總稱，有硬體製造的類似傳統工業模式也有軟體撰寫和客戶服務的服務業。,,社會-社會,,科技-資訊科技,,資訊電子業,tsu-sìn tiān-tsú-gia̍p
102075,資源,可資利用的自然物質或人力。,,,自然科學-自然科學,,,資源,tsu-guân
102076,資源開發,資源開發是對地下礦物、土地、動植物、水力、旅遊等資源通過規劃和物化勞動以達到利用或提高其利用價值實現新的利用，後者也稱資源再開發或二次開發。,,,自然科學-自然科學,,,資源開發,tsu-guân khai-huat
102077,跳進,前後兩個音的音程為三度以上。跳進又分為「小跳」、「大跳」兩種︰ 1.小跳︰前後兩個音的音程正好為三度，如C進行到E。 2.大跳︰前後兩個音的音程為四度以上，如D進行到G。,,藝術-藝術,,,,跳進,thiàu-tsìn
102078,跳遠,一種田賽運動。有急行跳遠、立定跳遠、三級跳遠三種。現在跳遠通常指急行跳遠而言。競賽時，運動員加速助跑，以起跳板為定點單腳起跳，向前躍進沙坑，以最近起跳板的著地點計算距離，遠者為勝。,,健康與體育-健康與體育,健康與體育-健康與體育,健康與體育-體育,,跳遠,thiàu-hn̄g thiàu-uán
102079,跳箱,1. 體操項目之一。在跳箱上做跨跳、翻滾、撐越等動作。 2.體操運動用具。為四、五層長方形箱子，上窄下寬，可自由移動或調整高度。,健康與體育-健康與體育,健康與體育-健康與體育,綜合活動-綜合活動 健康與體育-健康與體育,健康與體育-體育,,跳箱,thiàu-siunn
102080,跳繩,1.  繩子兩端附有手柄以便掄動，供人跳躍的繩索。 2.一種跳過繩子的運動或遊戲。普通是把繩子掄成圓圈，人趁繩子近地時跳過去。有單腳跳、雙腳跳、交叉跳、轉身跳等多種花樣。,健康與體育-健康與體育,健康與體育-健康與體育,健康與體育-健康與體育,健康與體育-體育,,跳索仔,thiàu-soh-á
102081,躲避球,一種球類運動。分成2組，各組以25人為準，可協議增減。雙方在11公尺寬、22公尺長的球場上，奪球以攻擊對方隊員。最後以雙方所剩球員多寡決定勝負。,健康與體育-健康與體育,健康與體育-健康與體育,健康與體育-健康與體育,,,閃避球 相閃球,siám-pī-kiû sio-siám-kiû
102082,載物臺,放置玻片的平臺，中央有一面孔是光線之通路。,,,自然科學-自然科學,自然科學-生物,,載物臺,tsài-bu̍t-tâi
102083,農民曆,一種盛行於我國民間的曆書。通常用來查看吉日、良辰，或依照曆上記載的節氣而履行農事。,,社會-社會,,,,農民曆 通書 曆日,lông-bîn-li̍k thong-su la̍h-ji̍t
102084,農作物,栽種在農田的植物。如糧食作物、園藝作物等,,社會-社會,社會-社會,社會-地理,,農作物,lông-tsok-bu̍t
102085,農業,在土地上從事以栽培作物為主的生產事業。,,社會-社會,社會-社會,社會-地理 社會-歷史,社會-地理,農業,lông-gia̍p
102086,農業社會,以農業生產為主要生產方式的社會。,,社會-社會,社會-社會,社會-地理,社會-地理 社會-公民與社會,農業社會,lông-gia̍p siā-huē
102087,農漁牧業,泛指關於「農業」、「漁業」、「畜牧業」的經濟事業。,,,社會-社會,,,農漁牧業,lông-hî-bo̍k-gia̍p
102088,遊記,一種記載遊覽參觀等見聞、經歷的文體。,,語文-國語文,語文-國語文,語文-國語文,語文-國語文,遊記,iû-kì
102089,遊戲,嬉笑娛樂。,健康與體育-健康與體育 社會-生活課程 自然科學-生活課程 藝術-生活課程 綜合活動-生活課程,社會-社會 綜合活動-綜合活動 健康與體育-健康與體育 藝術,社會-社會 綜合活動-綜合活動 健康與體育-健康與體育,,藝術-美術,遊戲,iû-hì
102090,遊戲規則,1.本指各種遊戲進行的規則。 2.泛指各種事情進行時應有的規矩。,,健康與體育-健康與體育,社會-社會 健康與體育-健康與體育,,,耍的規定 遊戲規則,sńg ê kui-tīng iû-hì kui-tsik
102091,運動,物體相對於另一物體位置的變化。,,自然科學-自然科學,,自然科學-理化 自然科學-地球科學,自然科學-物理,運動,ūn-tōng
102092,運動傷害,不當的肌肉活動所造成的生理機能受傷。如肌肉拉傷、腰部扭傷。,,,健康與體育-健康與體育,健康與體育-體育,,運動傷害,ūn-tōng siong-hāi
102093,運球,一個選手控制球的移動，持續性的用一隻手拍到地面，再反彈到手中。,健康與體育-健康與體育,健康與體育-健康與體育,健康與體育-健康與體育,,,運球,ūn-kiû
102094,運筆法,寫字、畫畫時筆鋒的變化運用的方法。,,,藝術-藝術,,,運筆法,ūn-pit-huat
102095,運輸設施,利用交通工具，將人或物由一地運送到另一地的設備。,,社會-社會,,,,運輸設施,ūn-su siat-si
102096,過度開發,過度開發，又稱為過度捕撈，意指可收穫的再生資源到達收益遞減點，持續過度開發會導致該資源覆滅。,,,社會-社會,社會-地理 社會-歷史,,過度開發,kuè-tōo khai-huat
102097,過渡,上下文之間的銜接、轉換。過渡可以將不同的兩個段落、語意，巧妙的銜接，讓讀者閱讀時，不會感到內容轉換太突然，方法有用詞、句子、段落過渡。,,,語文-國語文,,,過渡,kuè-tōo
102098,過渡句,過渡句是指為了使所寫短文通順，連貫得體，在句子與句子之間過渡自然而存在於文本段落中間的一種句子。 ,,語文-國語文,語文-國語文,,,過渡句,kuè-tōo-kù
102099,過境鳥,候鳥在遷徙時經過某地，就被稱為是這個地方的「過境鳥」。,,,自然科學-自然科學,自然科學-生物,,過境鳥,kuè-kíng-tsiáu
102100,道具,戲劇表演、影視攝錄時所使用的器物及場景擺設。,,藝術-藝術,,,,道具,tō-kū tō-khū
102101,道家,先秦時期的一個思想派別。以老子、莊子為代表人物，主張順應自然，無為而治。後亦指崇尚黃帝、老莊之說者。,,,社會-社會,,,道家,Tō-ka
102102,道教,崇奉元始天尊及太上老君為教祖的宗教。相傳創於東漢張陵，陵著有道書二十篇，自號天師，故也稱為「天師道」。以符咒為人治病，講煉丹長生之術，入教者須繳納五斗米，時人稱為「五斗米道」。始盛行於蜀郡，後經弟子廣布，信徒漸增，遂正式成為道教，流傳於全國。,,,社會-社會,社會-公民與社會,社會-地理 社會-歷史,道教,Tō-kàu
102103,鈴鼓,樂器名。屬於打擊樂器。在圓形木框的一面，蒙上羊皮或驢皮等，木框的周圍嵌繫著銅、鐵製成的小鐃鈸，藉著敲打皮面、磨擦或搖動木框而帶動鐃鈸，發出輕快而熱鬧的聲響。多用於歌唱、舞蹈伴奏或器樂合奏等。,,藝術-藝術,,藝術-音樂,藝術-音樂,錢鼓,tsînn-kóo
102104,雷射,一種以晶體、氣體、半導體的物質為介質，使光波在介質內來回反射，引起連鎖反應，放射出強化光束的裝置。可作測量、傳送、切割、焊接、打孔等工作。多用於工業、軍事和醫療手術上。,,自然科學-自然科學,,,,雷射,luî-siā
102105,電,一種物質固有的能，亦為自然界基本現象之一，有正電（陽電）、負電（陰電）兩種性質。兩種電相觸，或失去均衡時，會發生放電作用，可產生光和熱。,,,自然科學-自然科學,自然科學-理化,,電,tiān
102106,電力,電流所產生的能量。,,自然科學-自然科學,,自然科學-理化,自然科學-生物,電力,tiān-li̍k
102107,電子地圖,將地表或傳統地圖上的資訊，以數值方式儲存和處理後製成的地圖。例如google地圖。,,社會-社會,社會-社會,社會-地理,社會-地理,電子地圖,tiān-tsú tē-tôo
102108,電子發票,指利用網際網路或其他電子方式，開立、傳輸或接收的統一發票。它包含雲端發票及電子發票證明聯。,,,,健康與體育-健康教育,,電子發票,tiān-tsú huat-phiò
102109,電池,將機械能以外的其他形式能量直接轉化為電能的裝置。如化學電池、太陽能電池等。,,自然科學-自然科學,,自然科學-理化,,電池,tiān-tî
102110,電池盒,收納、保存電池的盒子，防止短路潮濕生鏽損壞。,,自然科學-自然科學,,,,電池觳仔 電池篋仔 電池盒仔,tiān-tî khok-á tiān-tî kheh-á tiān-tî a̍p-á
102111,電流,電荷的流動。電荷受到電場或磁場的影響，會朝某一方向移動，這種電荷的連續運動，稱為「電流」。其單位為安培，即每秒流通的電荷庫侖量。,,自然科學-自然科學,,自然科學-理化,自然科學-物理,電流,tiān-liû
102112,電風扇,一種藉螺旋槳葉或渦輪鼓風器以帶動空氣，使空氣流通的裝置。,,自然科學-自然科學,,自然科學-理化,,電風,tiān-hong
102113,電量,物體所具電荷的多寡。為電流強度與電流流動時間的乘積。,,自然科學-自然科學,,自然科學-理化,自然科學-物理,電量,tiān-liōng
102114,電路,指由電源經導線、開關至各電器設備，讓電流通過供應電能使用的迴路。,,自然科學-自然科學,,自然科學-理化,自然科學-物理,電路,tiān-lōo
102115,電磁作用,電磁相互作用力是帶電荷粒子或具有磁矩粒子通過電磁場傳遞著相互之間的作用。,,自然科學-自然科學,,自然科學-理化,自然科學-物理,電磁作用,tiān-tsû tsok-iōng
102116,電磁波,因電磁場的振動，使其周圍空間中的電場及磁場，各以正規的正弦相互振動，呈波動式向四面八方或固定方向進行傳播的波動。與光波速度相同，具備光波的各種性質。如電波、紅外線、Ｘ射線等。,,自然科學-自然科學,,自然科學-理化,自然科學-地球科學 自然科學-物理,電磁波,tiān-tsû-pho
102117,電磁鐵,以電流來產生磁力的裝置。用覆有絕緣外層的導線周密地繞於鐵上，通過電流產生磁場的磁鐵。不通電時磁性消失。,,自然科學-自然科學,,自然科學-理化,自然科學-物理,電吸石  電吸鐵,tiān-khip-tsio̍h tiān-khi̍p-tsio̍h tiān-khip-thih
102118,電線,用來輸送電流的導線。通常以銅等導電性良好的金屬製成，外層再包上塑膠等絕緣體製成。,,自然科學-自然科學,,自然科學-理化,,電線,tiān-suànn
102119,電器,泛稱以電為動力來源的器具。如電扇、電冰箱、冷氣機等。,,自然科學-自然科學,,自然科學-理化,,電器,tiān-khì
102120,電鍍,利用電流將金屬覆蓋在物體表面，形成金屬塗層的過程。主要用於家庭用品或汽車的裝飾或防鏽。,,自然科學-自然科學,自然科學-自然科學,自然科學-理化,,電鍍 電金,tiān-tōo tiān-kim
102121,頓號（、）,一種標點符號。用在平列連用的單字、詞語之間，或標示條列次序的文字之後，其符號為「、」。,語文-國語文,語文-國語文,,語文-國語文,,頓號,tùn-hō
102122,嘉南大圳,以曾文溪及濁水溪為主要水源，延伸九十餘公里的灌溉水圳。範圍遍及雲林、嘉義、臺南等縣的農田達十五萬公頃，對於農業的發展，有重要的貢獻。,,社會-社會,社會-社會,社會-歷史,社會-歷史,嘉南大圳,Ka-lâm Tuā-tsùn
102123,嘉南平原,地名。包括雲林、嘉義、臺南、高雄等地，以栽培稻米、蔗糖為主，是臺灣最富庶的平原。,,,社會-社會,社會-地理,社會-地理,嘉南平原,Ka-lâm Pîng-guân
102124,圖形,由點、線、面集合而成的圖樣。,數學-數學,,數學-數學,數學-數學,數學-數學,圖形,tôo-hîng
102125,圖例,地理或統計等圖上所附有各種符號、標記的說明。一般位於圖的角落。,,社會-社會,,,,圖例,tôo-lē
102126,圖書館,將各種圖書、資料加以蒐集、組織、保存，供群眾閱覽參考的機構。,語文-國語文 社會-生活課程 自然科學-生活課程 藝術-生活課程 綜合活動-生活課程,語文-國語文 社會-社會 綜合活動-綜合活動,語文-國語文 綜合活動-綜合活動,,,圖書館,tôo-su-kuán tôo-tsu-kuán
102127,圖畫紙,繪圖用紙。紙質潔白厚實，紙面具有不規則的紋痕。耐摩擦，以便繪畫時用橡皮揩擦而不易起毛。並有較好的耐水性能，使在畫水彩畫時，不致有擴散現象。,,藝術-藝術,,,,畫圖紙,uē-tôo-tsuá
102128,團體活動,具有共同目標的人群所結合而成的集團或組織所採取的過程行動。,健康與體育-健康與體育,,,健康與體育-健康教育,,團體活動,thuân-thé ua̍h-tāng thuân-thé ua̍h-tōng
102129,孵化,昆蟲、魚、鳥、爬蟲或兩棲類等動物的卵，在一定的溫度和其他條件下變成幼蟲或小動物的過程。,,自然科學-自然科學,自然科學-自然科學,自然科學-生物,,孵出來,pū--tshut-lâi
102130,實驗,科學上為了要明瞭某種現象或驗證某種假設、理論，用各種方法反覆試驗，並觀察其變化。,,,自然科學-自然科學,自然科學-生物 自然科學-理化,自然科學-生物,實驗,si̍t-giām
102131,實驗室,學校或學術研究機構，設置各種器具藥品，供科學研究，實行試驗的特別房舍。,,自然科學-自然科學,,自然科學-生物 自然科學-理化,自然科學-化學,實驗室,si̍t-giām-sik
102132,實驗組,是在需要進行對比的科學實驗中，最主要且最能說明問題的單組實驗。,,,自然科學-自然科學,自然科學-生物 自然科學-理化,,實驗組,si̍t-giām-tsoo
102133,對口相聲,兩人搭配表演的相聲。,,語文-國語文,,,,答喙鼓 拍喙鼓,tap-tshuì-kóo phah-tshuì-kóo
102134,對比,兩種相反的觀念或事物，互相比較對照，使其特徵更加明顯。,,語文-國語文,,語文-國語文,語文-國語文,對比,tuì-pí
102135,對仗,詩文中運用音律、句法及詞性，使兩句子互相對稱。,,,語文-國語文,語文-國語文,語文-國語文,對句,tuì-kù
102136,對生,在莖的每個節上的相對兩側著生，如對生之葉序；或與不同器官著生在同一半徑軸上，如與花瓣對生之雄蕊。,,自然科學-自然科學,,自然科學-生物,,對生,tuì-sing
102137,對折剪,以對半折疊的方式剪裁。,,藝術-藝術,,,,對拗剪,tuì-áu-tsián
102138,對角,多邊形內，不相鄰的兩個頂點。,,數學-數學,數學-數學,數學-數學,,斜對角 斜角,tshua̍h-tuì-kak tshua̍h-kak
102139,對角線,多邊形內，聯接不相鄰的兩個頂點的線段，以及多面體內，聯接不在同平面上的兩個頂點的線段。,,數學-數學,數學-數學,數學-數學,數學-數學,斜對角線 對角線,tshua̍h-tuì-kak-suànn tuì-kak-suànn
102140,對流,因液體或氣體受熱產生的對向流動，而傳遞熱量的現象。,,,自然科學-自然科學,,自然科學-物理,對流,tuì-liû
102141,對照組,需要進行對比的科學實驗中，起輔助、對比作用，以突出並有力支持從實驗組所能得出結論的實驗。,,自然科學-自然科學,自然科學-自然科學,自然科學-生物 自然科學-理化,,對照組,tuì-tsiàu-tsoo
102142,對話,相互間的交談語句。,,語文-國語文,語文-國語文,語文-國語文,語文-國語文,對話,tuì-uē
102143,對稱角,線對稱的圖形沿著對稱軸對折後，互相重疊的角。,,,數學-數學,數學-數學,,對稱角,tuì-tshìng-kak
102144,對稱軸,以一條無形的線作軸，若在其上下或左右排列的形象完全相同。,,,數學-數學,數學-數學,數學-數學,對稱中心線,tuì-tshìng tiong-sim-suànn
102145,對稱點,線對稱的圖形沿著對稱軸對折後，互相重疊的點。,,,數學-數學,數學-數學,數學-數學,對稱點,tuì-tshìng-tiám
102146,對稱邊,線對稱的圖形沿著對稱軸對折後，互相重疊的邊。,數學-數學,,數學-數學,,,對稱邊,tuì-tshìng-pinn
102147,對應角,兩個相互重疊的圖形，完全重合的角。,,數學-數學,數學-數學,數學-數學,,對應角,tuì-ìng-kak
102148,對應點,全等的三角形疊合時，完全重合的點。,,數學-數學,,數學-數學,數學-數學,對應點,tuì-ìng-tiám
102149,對應邊,兩全等的多邊形中，疊合在一起的邊稱之。,數學-數學,,,數學-數學,,對應邊,tuì-ìng-pinn
102150,對邊,指多邊形中一角或一邊相對的另一邊。,數學-數學,,,數學-數學,數學-數學,對邊,tuì-pinn
102151,慣用腳,理論上慣用腳的認定可認為是力量的大小、功能上的使用、個人的喜好或是其他的觀點。,,,健康與體育-健康與體育,健康與體育-體育,,慣用跤,kuàn-iōng-kha
102152,摺法,摺紙的方法。,,藝術-藝術,,,,摺法,tsih-huat
102153,敲鼓,用木棒敲擊鼓面。,,藝術-藝術,,,,拍鼓,phah kóo
102154,敲鑼打鼓,敲打鑼鼓。多用於民間遊樂。,,,藝術-藝術,,,拍鑼拍鼓,phah-lô-phah-kóo
102155,構造,事物的組織。,,自然科學-自然科學,,,,構造,kòo-tsō
102156,槓桿,力學中的簡單機械。一桿上定有三點：加重物之點，稱為「受力點」；用力之點，稱為「施力點」；支持他物於其上之點，稱為「支點」。如支點距受力點近，距施力點遠時，則抬起重物時所用的力較小。,,,自然科學-自然科學,自然科學-理化,,槓桿,kǹg-kuáinn
102157,槓桿原理,槓桿是可以繞著支點旋轉的硬棒。當外力作用於槓桿內部任意位置時，槓桿的響應是其操作機制；假若外力的作用點是支點，則槓桿不會出現任何響應。,,,自然科學-自然科學,,,槓桿原理,kǹg-kuáinn guân-lí
102158,歌仔戲,一種民間戲曲。流行於閩、臺地區。明末閩南的錦歌、採茶曲、車鼓弄等民間藝術傳入臺灣後，吸收本地的民歌、說唱，並受京戲、四平戲的影響，逐漸發展成為獨立戲種。初期常在空地演出，稱為「落地掃」。主要曲調為七字調、大調、哭調、雜念調等。伴奏樂器以殼仔弦、大廣弦、月琴、臺灣笛為主，伴以鑼鼓等打擊樂器。今日在大陸閩南龍溪、薌江一帶，流行的歌仔戲，是由臺灣傳過去的。,,社會-社會 藝術-藝術,,藝術-表演藝術,社會-歷史,歌仔戲,kua-á-hì
102159,歌曲,結合曲調和歌詞，可供演唱的樂曲。,,藝術-藝術,,,,歌曲,kua-khik
102160,歌詞,歌曲中的文詞部分。,,,語文-國語文,語文-國語文,藝術-音樂,歌詞,kua-sû
102161,歌劇,一種以歌唱來傳達劇情內容的舞臺劇。十六世紀末起源於義大利，表演時以歌唱的形式敘述劇情，再配合聲樂、舞蹈、布景、動作等演出。歌詞多以義大利文或德文、法文寫成。現流行於歐美各地。,,,藝術-藝術,藝術-表演藝術,藝術-音樂,歌劇  烏撇仔,kua-ki̍k kua-kio̍k oo-phiat-á
102162,歌聲,歌唱的聲音。,,藝術-藝術,,,,歌聲,kua-siann
102163,歌謠,民間歌曲或通俗歌曲。,,,藝術-藝術,,,歌謠,kua-iâu
102164,滬尾,淡水鎮的舊稱。,,,社會-社會,,,滬尾,Hōo-bué
102165,滯留鋒,若冷暖空氣勢力相當時，會使鋒面近似停留不進。滯留鋒會造成連續不斷降雨的天氣。,,,自然科學-自然科學,,自然科學-地球科學,滯留鋒,tī-liû-hong
102166,滴管,化學、醫學上的用具。管的一頭尖細，另一頭裝有橡皮套，每次只滴一滴，用來量取定量液體。,,自然科學-自然科學,自然科學-自然科學,自然科學-理化,自然科學-化學,滴管,tih-kńg
102167,滾地球,在棒球、壘球賽中，球員將球擊出，球在地面滾動或彈跳，稱為「滾地球」。,健康與體育-健康與體育,健康與體育-健康與體育,健康與體育-健康與體育,健康與體育-體育,,góo-lòo,góo-lòo
102168,漁業,採捕或養殖水中動、植物的生產事業。,,社會-社會,社會-社會,社會-地理,,漁業,hî-gia̍p
102169,漁撈,從事大規模的捕魚工作。需具備專門技術與設備，對於漁期、漁區的正確判斷，亦為從業人員不可缺乏的常識。,,,,社會-地理,,掠魚 討海,lia̍h hî thó-hái
102170,漁獵,捕魚打獵。,,,,社會-歷史,,拍獵掠魚,phah-la̍h lia̍h-hî
102171,漂浮性,這類植物的根沒有固定在土裡，植物體會隨著水流四處漂行，而且通常體型較小、繁殖力驚人。典型的漂浮性植物有青萍、槐葉蘋等。,,自然科學-自然科學,,,,漂浮性,phiau-phû-sìng phiau-hû-sìng
102172,漆包線,由具導電性的金屬（例如：銅、鋁、銀、其他金屬或合金）製成線狀後，並將絕緣薄膜塗布於表面、經烘烤成型的產品，主要用途作為「電」的載體。,,,自然科學-自然科學,,,紅銅線,âng-tâng-suànn
102173,演化論,說明生物演化的學說或原理，稱為「演化論」。,,,社會-社會,,,演化論,ián-huà-lūn
102174,演出,公開表演。,,藝術-藝術,,,,演出,ián-tshut
102175,演奏,公開獨奏或合奏音樂。,,藝術-藝術,,,,演奏,ián-tsàu
102176,演員,從事表演工作的人員。,,藝術-藝術,,藝術-表演藝術,,演員,ián-uân
102177,演戲,表演戲劇。,,藝術-藝術,,,,演戲 搬戲 做戲,ián-hì puann-hì tsò-hì
102178,演講,向大眾講述自己對於某個問題的見解。也作「演說」。,,,語文-國語文,語文-國語文,,演講 講演 演說,ián-káng káng-ián ián-suat
102179,漢人,生活在東亞地區的一個民族。以中國人口為大宗。,,社會-社會,社會-社會,社會-歷史,社會-地理 社會-歷史,漢人,Hàn-jîn
102180,漢文化,漢文化是指漢民族的傳統文化，以夏商周三代的詩、書、禮、樂、易、春秋六藝、吉、凶、賓、軍、嘉五禮以及仁、義、禮、智、信五常為核心。,,,,社會-歷史,,漢文化,Hàn bûn-huà
102181,漢字,用以記錄漢語的傳統文字。形聲字占絕大多數。歷代發展出甲骨文、金文、篆書、隸書、草書、楷書等多種字體。除記錄語言的功能外，漢字的藝術性高。3000餘年歷史中，對日本、韓國、越南諸國語文曾產生極深遠的影響。也稱為「中國字」、「中國文字」。,,,語文-國語文,語文-國語文,,漢字,hàn-jī
102182,漢番界碑,是臺灣清治時期普遍設置的人文界線。清朝政府採原漢隔離政策，承認原住民自治土地權，並有種種措施來防止漢人侵墾「番地」。該界線主要功能即在在於區分漢人與原住民的生活區域，避免雙方的衝突；或是漢人與原住民相結反清，而事實上，土牛紅線也代表了清朝與原住民政權的分界線。,,,社會-社會,,,漢番界碑,Hàn-Huan kài-pi
102183,漫畫,抓住人物特點，用誇張、歪曲等手法，表現出滑稽、諷刺等感覺的繪畫。筆法簡單，不拘形式。題材自由變換，或出於想像，或從時事及真實人生中取材，而以趣味為主。,,,藝術-藝術,藝術-視覺藝術,,尪仔冊 bàng-gà,ang-á-tsheh bàng-gà
102184,漲潮,在潮汐中，海面水位上升，或該時段的通稱。主要因太陽、月亮的引力作用而形成。,,,自然科學-自然科學,自然科學-地球科學,自然科學-地球科學,海漲  滇流 飽流,hái-tiòng hái-tiùnn  tīnn-lâu pá-lâu
102185,漳泉械鬥,漳泉械鬥是發生在18世紀中到19世紀末的臺灣（臺灣清治時期），祖籍福建的兩大閩南語族群（泉州人與漳州人）間的武裝衝突。,,,社會-社會,社會-歷史,,漳泉械鬥 漳泉拚,Tsiang-Tsuân hāi-tàu Tsiang-Tsuân-piànn
102186,瑠公圳,臺灣臺北的灌溉水圳系統，為清朝乾隆年間由墾戶郭錫瑠（瑠公）興建，用於灌溉今臺北市東側地區的農田。,,,社會-社會,社會-歷史,,瑠公圳,Liû-kong-tsùn
102187,疑問,此指設問修辭中的「疑問」。,,語文-國語文,語文-國語文,語文-國語文,,疑問,gî-būn
102188,監察,監督視察。,,,,社會-公民與社會,,監察,kàm-tshat
102189,監察院,中華民國中央政府五院之一。民國二十年二月成立。監察院的創設是依據孫中山五權憲法的理論，依照《中華民國憲法》在中華民國五院裡負責行使彈劾權、糾舉權及審計權，為全國最高監察機關。下設許多委員會行使彈劾、糾舉及審計權。,,,社會-社會,社會-公民與社會,,監察院,Kàm-tshat-īnn
102190,碳鋅電池,又稱碳鋅乾電池、碳性電池、碳性電芯、乾電池、鹼性鋅碳電池。碳鋅電池有一層由鋅構成的外殼，作為電池的負極。一個碳鋅乾電池是一個一次電池，因為一旦電池放電完畢，不能夠被再次充電而只能被丟棄。,,自然科學-自然科學,,自然科學-理化,,碳鋅電池,thuànn-sin tiān-tî
102191,磁,吸引鐵、鈷、鎳等金屬的性質。,,自然科學-自然科學,,自然科學-理化,,磁,tsû
102192,磁力,異性磁極相引與同性磁極相斥的作用力。,,自然科學-自然科學,,自然科學-理化,自然科學-物理,磁力,tsû-li̍k
102193,磁力強弱,磁力線的疏密程度代表磁力的強弱，磁鐵的兩端磁力線最密，故在兩極磁場最強，而磁鐵的中央區域則因為磁力線稀疏，故磁場較弱。,,自然科學-自然科學,,自然科學-理化,,磁力強弱,tsû-li̍k kiông-jio̍k
102194,磁力現象,一種物理上的現象，專指電流流過電路時在其周圍產生磁場的現象。,,自然科學-自然科學,,,,磁力現象,tsû-li̍k hiān-siōng
102195,磁性,物質對於磁力作用所響應的性質，受磁鐵吸引或推斥的現象。,,自然科學-自然科學,自然科學-自然科學,自然科學-理化,,磁性,tsû-sìng
102196,磁浮列車,利用磁力之相斥或相吸，使車體上浮，不直接接觸鐵軌，而能快速行駛的無車輪火車。,,,自然科學-自然科學,自然科學-理化,,磁浮列車,tsû-hû lia̍t-tshia
102197,磁場,物理學用以表示磁力作用所及的空間。,,,自然科學-自然科學,自然科學-理化,自然科學-地球科學,磁場,tsû-tiûnn
102198,磁極,磁鐵兩端磁性最強的部分。,,,自然科學-自然科學,自然科學-理化,自然科學-物理,磁極,tsû-ki̍k
102199,磁鐵N極,磁極的判定是以細線懸掛一磁鐵，指向北方的磁極稱為指北極或N極。,,自然科學-自然科學,,自然科學-理化,,吸石N極  吸鐵N極,khip-tsio̍h N-ki̍k khi̍p-tsio̍h N-ki̍k khip-thih N-ki̍k
102200,磁鐵S極,磁極的判定是以細線懸掛一磁鐵，指向北方的磁極稱為指北極或N極。,,自然科學-自然科學,,自然科學-理化,,吸石S極  吸鐵S極,khip-tsio̍h S-ki̍k khi̍p-tsio̍h S-ki̍k khip-thih S-ki̍k
102201,磁鐵棒,磁鐵所製成之棒狀物。,,自然科學-自然科學,,自然科學-理化,,吸石條  吸鐵條,khip-tsio̍h-tiâu khi̍p-tsio̍h-tiâu khip-thih-tiâu
102202,福爾摩沙,西方人對臺灣的稱呼。十六世紀葡萄牙人航經臺灣東部太平洋時，遙望臺灣山明水秀，因稱之為「福爾摩沙」，意為「美麗之島」。,,,社會-社會,社會-歷史,社會-歷史,福爾摩沙,Hō-lú-môo-sa
102203,種小名,又稱種加詞，指雙名法中物種名的第二部分，另一部分為屬名。,,,自然科學-自然科學,自然科學-生物,,種小名,tsíng-sió-miâ
102204,種植,栽種培植。,,自然科學-自然科學,,自然科學-生物,,種作,tsìng-tsoh
102205,稱呼,對人口頭上的稱謂。,,社會-社會,,,,稱呼,tshing-hoo
102206,端午節,我國傳統民俗節日之一。相傳戰國時楚國大夫屈原在農曆五月五日自投汨羅江而死，後世為紀念他而有包粽子及龍舟競渡等風俗。,健康與體育-健康與體育 社會-生活課程 自然科學-生活課程 藝術-生活課程 綜合活動-生活課程,社會-社會 綜合活動-綜合活動,,,,肉粽節 五月節 五日節,Bah-tsàng-tseh Gōo-gue̍h-tseh Gōo-ji̍t-tseh
102207,算式,數學中利用四則運算符號，將數字或符號聯成相等的式子，以便演算者。,數學-數學,,,,數學-數學,計算式,kè-sǹg-sik
102208,管弦樂,集合多種管弦樂器共同演奏的合奏曲。也作「管絃樂」。,,藝術-藝術,,藝術-音樂,,管絃樂,kuán-hiân-ga̍k
102209,管弦樂團,orchestra中譯名。為樂器合奏團，涵蓋弦樂器、木管樂器、銅管樂器、擊樂器等，以演奏管弦樂曲為主。是當今世上編制最龐大、最複雜的樂團型態，擁有極強大而廣泛之音樂表現力。,,藝術-藝術,,藝術-音樂,,管弦樂團,kuán-hiân ga̍k-thuân
102210,管絃樂團,orchestra中譯名。為樂器合奏團，涵蓋弦樂器、木管樂器、銅管樂器、擊樂器等，以演奏管弦樂曲為主。是當今世上編制最龐大、最複雜的樂團型態，擁有極強大而廣泛之音樂表現力。,,藝術-藝術,,,,管絃樂團,kuán-hiân ga̍k-thuân
102211,管樂器,泛指以管作為共鳴體的樂器，由吹奏者吹氣或振唇，藉由吹口裝置震動管內空氣發聲，音的高低取決於管身的長度控制。可依其構成的材料，製作成各種不同類型的樂器。,,藝術-藝術,,,,管樂器,kuán-ga̍k-khì
102212,精緻農業, 精緻農業是藉由品種改良提升產品品質、 改種高經濟價值的作物， 以提高售價。,,,社會-社會,社會-地理,,精緻農業,tsing-tì lông-gia̍p
102213,精讀,仔細地研究閱讀，對語句及章節的內容與意涵深入理解。,,,語文-國語文,,,精讀,tsing-tho̍k
102214,綠色和平組織,綠色和平是一個在超過40個國家設有分部的非政府環保組織，總部設立在荷蘭阿姆斯特丹。,,,社會-社會,,,綠色和平組織,Li̍k-sik Hô-pîng Tsoo-tsit
102215,綠色建築,以人類的健康舒適為基礎，追求與地球環境共生共榮，及人類生活環境永續發展的建築設計」，都具有減少環境負荷，達到與環境共生共榮共利的共識。因此綠建築評估系統必須依據氣候條件、國情等的不同，而有所調整，並不是一體適用的。,,,自然科學-自然科學,科技-生活科技,,綠色建築,li̍k-sik kiàn-tio̍k
102216,綠色消費,一種將產品循環使用的消費觀念。配合資源回收的實行，在消費者方面，力行少買、少消費、少汙染的作法，即使在必須使用的物品上，也選擇可回收、低汙染、省能源的產品。,,,社會-社會,健康與體育-健康教育,,綠色消費,li̍k-sik siau-huì
102217,綠色能源,清潔能源，即綠色能源，是指不排放污染物、能夠直接用於生產生活的能源，它包括核能和可再生能源。,,自然科學-自然科學,,,自然科學-物理,綠色能源,li̍k-sik lîng-guân
102218,綠建築,以人類的健康舒適為基礎，追求與地球環境共生共榮，及人類生活環境永續發展的建築設計」，都具有減少環境負荷，達到與環境共生共榮共利的共識。因此綠建築評估系統必須依據氣候條件、國情等的不同，而有所調整，並不是一體適用的。,,社會-社會,社會-社會 健康與體育-健康與體育 自然科學-自然科學,健康與體育-健康教育,,綠建築,li̍k-kiàn-tio̍k
102219,綠島,島名。在臺東縣東部海面，島上有政治犯、流氓的管訓所。也稱為「火燒島」。,,,社會-社會,社會-地理,,綠島鄉 火燒島,Li̍k-tó-hiong Hué-sio-tó
102220,綠能產業,綠色能源主要指潔淨能源，舉凡對環境友善的能源使用種類及方式都含在綠能的定義中。 ,,,,,社會-公民與社會,綠能產業,li̍k-lîng sán-gia̍p
102221,維生素,維他命的別名。維持人體生存，促進新陳代謝的有機物質。為英語vitamin的音譯。現已發現25種。可分為兩大類：一為脂溶性維他命，如A、D、E、K。二為水溶性維他命，如B、C。人體本身可製造某些維他命，但仍需從外界攝取。缺乏時，易引起腳氣病、口角炎、傴僂、壞血病等疾病。也譯作「活力素」、「生活素」、「維生素」。,,健康與體育-健康與體育,健康與體育-健康與體育,健康與體育-健康教育 自然科學-生物,自然科學-生物,維生素 bî-tá-bín,uî-sing-sòo bî-tá-bín
102222,網狀脈,葉脈之大小分支相互連結成網狀，稱為「網狀脈」。簡稱為「網脈」。包括「羽狀網脈」及「掌狀網脈」。,,自然科學-自然科學,,自然科學-生物,,網狀脈,bāng-tsōng-me̍h
102223,網狀葉脈,通常雙子葉植物的葉片除了主脈外，又由側脈分出無數更小的細脈，形成密密麻麻的網狀稱為網狀胍。按側脈排列的情形又可分成：羽狀網脈、掌狀網脈。,,自然科學-自然科學,,自然科學-生物,,網狀葉脈,bāng-tsōng hio̍h-me̍h
102224,網球,1.一種球類運動。在長方形球場中，中央張網為界，由2人單打或4人雙打，兩方分立，各用拍子將碰地一次或在空中的球互擊過網，以使對方無法將球擊回為得分關鍵。先得4分為勝一局，先得6局為勝一盤，男子比賽採5盤3勝制，女子則為3盤2勝制。 2.網球運動所使用的球。裡面為橡膠，外面用尼龍或毛織品包裹。比賽用的網球為白色或黃色。,,健康與體育-健康與體育,健康與體育-健康與體育,健康與體育-體育,,網球 the-ní-suh,bāng-kiû the-ní-suh
102225,網路,1.多個廣播電臺由電纜、無線電或普通電線相連接而成的廣播網。 2.利用電纜線或現成的電信通訊線路，配合網路卡或數據機，將伺服器與各單獨電腦連接起來，在軟體的運作下，達成資訊傳輸、資料共享等功能。此種系統即稱為「網路」。如：「區域網路」、「網際網路」。,,社會-社會 綜合活動-綜合活動 健康與體育-健康與體育,社會-社會 健康與體育-健康與體育,健康與體育-健康教育 科技-資訊科技,社會-地理 社會-公民與社會,網路,bāng-lōo
102226,網路購物,利用電腦網路及網路商店來達成的消費行為。也稱為「電子購物」、「網上購物」。,,健康與體育-健康與體育,社會-社會,社會-公民與社會 科技-資訊科技,社會-地理,網路購物,bāng-lōo kòo-bu̍t
102227,網際網路,一種將許多不同的電腦網路連接起來所構成的網路環境。為英文internet的意譯。嚴格而言它並非實體的網路。主要的任務是在一致的通訊協定下，讓各種網路連接而發揮更大的網路等功能。,,社會-社會,社會-社會,健康與體育-健康教育 科技-資訊科技,社會-地理,網際網路,bāng-tsè-bāng-lōo
102228,緊急安置所,在災害發生後，提供作為避難生活所需的設施。,,社會-社會,,,,緊急安置所,kín-kip an-tì-sóo
102229,緊急聯絡,緊要急迫的聯繫。,社會-生活課程 自然科學-生活課程 藝術-生活課程 綜合活動-生活課程,,,,,緊急聯絡,kín-kip liân-lo̍k
102230,緊急聯絡電話號碼,緊要急迫時，用來聯繫電話用戶的號碼。,社會-生活課程 自然科學-生活課程 藝術-生活課程 綜合活動-生活課程,,,,,緊急連絡的電話號碼 急用的電話番,kín-kip liân-lo̍k ê tiān-uē hō-bé kip-iōng ê tiān-uē-huan
102231,罰球區,在足球場上，各距球門柱18碼的地方，向場內畫一條18碼長的垂直線，此二條線內的區域，稱為「罰球區域」。守方在此區內犯規時，對方可獲12碼直接自由球。也稱為「禁區」、「十八碼區」。,,,,健康與體育-體育,,罰球區,hua̍t-kiû-khu
102232,聚落,村落,,社會-社會,社會-社會,社會-地理,社會-地理,聚落,tsū-lo̍k tsū-lo̍h
102233,腐敗,腐爛敗壞。,,,自然科學-自然科學,自然科學-生物,,腐敗 臭去 漚去,hú-pāi tshàu--khì àu--khì
102234,臺中盆地,臺中盆地是臺灣中部一座盆地地形，於臺中市豐原區至南投縣名間鄉之間，並跨境於彰化縣芬園鄉下茄荖一帶，面積約380平方公里，是臺灣最大豬背盆地。,,社會-社會,社會-社會,社會-地理,,臺中盆地,Tâi-tiong Phûn-tē
102235,臺斤,量詞。表示質量的單位。一臺斤等於600克。普遍使用於臺灣。俗稱為「斤」。,,,數學-數學,,,臺斤,tâi-kin
102236,臺北盆地,地名。位於臺灣北部，由大屯火山群、林口和桃園臺地、雪山山脈的支脈包圍而成。盆底地勢東南部較高，而漸次向西北部斜下，形呈三角形，分別以樹林、南港和關渡為頂點。,,社會-社會,社會-社會,社會-地理,,臺北盆地,Tâi-pak Phûn-tē
102237,臺地,邊緣為陡坡的廣闊平坦的高地。地勢高度在數百公尺以下。,,社會-社會,社會-社會,社會-地理,,臺地,tâi-tē
102238,臺南孔廟,一級古蹟。位於臺南南門路。創建於明永曆19年（西元1665年），是臺灣孔廟建築中年代最久遠的。當年以此為開啟臺灣儒學的第一步，因此又稱為「全臺首學」。建築格式概仿自山東曲阜闕里孔廟，且仿古宮殿，朝南建築，屋頂覆蓋黃色琉璃瓦，屋脊有鴟尾，所有殿宇、牌坊都有定名。此廟自清迄今，雖屢見增建及改建，但大體仍保持清時面目。,,,社會-社會,社會-歷史,,臺南孔子廟,Tâi-lâm Khóng-tsú-biō
102239,臺員,「臺員」是明代時期，對於「臺灣」的稱呼之一。荷蘭人占領臺灣時，稱臺灣為「Taioan」（荷蘭語），閩南語音譯又寫作「大員」、「臺員」、「台員」、「大灣」、「臺窩灣」。,,,社會-社會,社會-歷史,,臺員,Tâi-uân
102240,臺詞,演戲時演員的說白。包括對白、獨白、旁白。,,藝術-藝術,藝術-藝術,藝術-表演藝術,,台詞 口白,tâi-sû kháu-pe̍h
102241,臺灣,狹義的臺灣是指臺灣本島，在此界定之下的臺灣不包含澎湖群島、金門、馬祖以及我國政府所統轄之其他地區。廣義的臺灣則是指除了臺灣本島之外，亦包含了澎湖群島、金門、馬祖以及我國政府所統轄之其他地區。,,,社會-社會,,社會-地理 社會-歷史,臺灣,Tâi-uân
102242,臺灣三大圳,指瑠公圳、八堡圳及曹公圳。,,,社會-社會,,,臺灣三大圳,Tâi-uân sann tuā-tsùn
102243,臺灣小調,流行於臺灣民間並富有地方色彩的民歌。小調音樂不僅反映人民的生活軌跡，也蘊含豐富的族群文化。,,,藝術-藝術,,,臺灣歌仔,Tâi-uân kua-á
102244,臺灣文化協會,臺灣文化協會，是臺灣日治時期影響臺灣甚巨的一個團體。承接自同化會、新民會。,,,社會-社會,社會-歷史,社會-歷史,臺灣文化協會,Tâi-uân Bûn-huà Hia̍p-huē
102245,臺灣本島,狹義的臺灣是指臺灣本島，在此界定之下的臺灣不包含澎湖群島、金門、馬祖以及我國政府所統轄之其他地區。,,,社會-社會,社會-地理 社會-歷史,社會-地理,臺灣本島,Tâi-uân pún-tó
102246,臺灣民主國,為西元1895年5月25日起短暫成立於臺灣的一個共和國政體。 起因於中日甲午戰爭戰敗，清廷被迫簽訂《馬關條約》， 將臺灣和澎湖割讓給日本。臺灣人民為免於被割讓， 丘逢甲倡議建立「臺灣民主國」， 推舉臺灣巡撫唐景崧為總統。,,,社會-社會,社會-歷史,,臺灣民主國,Tâi-uân Bîn-tsú-kok
102247,臺灣民報,《臺灣民報》，是臺灣日治時期中臺灣人所創辦影響力最大的報紙。前身為《臺灣青年》月刊（西元1920年創辦）、《臺灣》月刊。,,,社會-社會,社會-歷史,社會-歷史,臺灣民報,Tâi-uân Bîn-pò
102248,臺灣原住民,臺灣目前官方所認定的「原住民」包含有阿美族、泰雅族、排灣族、布農族、卑南族、魯凱族、鄒族、賽夏族、雅美（達悟）族、太魯閣族、撒奇萊雅族、邵族、噶瑪蘭族及賽德克族等十四族。,,,社會-社會,語文-國語文 社會-地理 社會-歷史,社會-地理 社會-歷史 社會-公民與社會,臺灣原住民,Tâi-uân Guân-tsū-bîn
102249,臺灣島,位於亞洲大陸東緣的一個島嶼，東邊是太平洋、北邊是東海、南邊是南中國海。,,,社會-社會,社會-歷史,社會-地理 社會-歷史,臺灣島, Tâi-uân tó
102250,臺灣海峽,位於臺灣本島和福建之間的海峽。自東北向西南走向，最狹處僅130公里。,,,社會-社會,社會-地理 社會-歷史,社會-歷史,臺灣海峽,Tâi-uân Hái-kiap
102251,臺灣總督府,日治時期臺灣最高統治機關。,,,社會-社會,社會-歷史,社會-歷史,臺灣總督府,Tâi-uân Tsóng-tok-hú
102252,臺灣議會,由林獻堂、蔣渭水等於1921年發起的臺灣議會設置請願運動，爭取向日本國會請願設置臺灣議會。,,,社會-社會,社會-歷史,社會-歷史,臺灣議會,Tâi-uân Gī-huē
102253,臺灣議會設置請願運動,臺灣議會設置請願運動發生於20世紀上半葉，是由新民會發起，向日本帝國議會爭取在臺灣設置自治議會的運動；這場運動是臺灣對日本統治從武力反抗轉為近代式政治運動的轉捩點，也是日治時期歷時最久、規模最大的政治運動。,,,社會-社會,社會-歷史,社會-歷史,臺灣議會設置請願運動,Tâi-uân Gī-huē Siat-tì Tshíng-guān Ūn-tōng
102254,舞臺,劇院中為演員表演提供的空間，也指進行某種活動的場所。,,,,藝術-表演藝術,,舞台 戲台,bú-tâi hì-tâi
102255,舞龍舞獅,一種民俗表演藝術。舞龍是由一群受過訓練的人舞弄以布、竹製作的長龍，或飛或盤，時翻時躍，配合前頭手持龍珠開道者的指揮前進。舞獅是因古代中國人將獅子視為瑞獸，認為舞獅可以驅邪辟鬼，並求吉納福。主要由二人或三人成一組，裝扮成獅子的樣子，隨鑼鼓聲作俯、仰、騰、躍各種動作。常在歲時節慶或迎神賽會中演出，增添祥和熱鬧的氣氛。,,社會-社會,,,,弄龍弄獅,lāng-lîng lāng-sai lāng-liông lāng-sai
102256,舞蹈,一種藝術形式。為人體配合音樂或節奏所作的各種動作。以有韻律的動作表達人內心的思想情感，並滿足人類的精神需求。,健康與體育-健康與體育,健康與體育-健康與體育,綜合活動-綜合活動 健康與體育-健康與體育,,,舞蹈,bú-tō
102257,艋舺,臺北市萬華的舊稱。位於淡水河與新店溪交會處的地區。早期因交通暢達，可以停泊大船，而成為平地與山地之水運中心。本是凱達格蘭族「獨木舟」一語的音譯。在新店溪與大漢溪交會處，因停泊許多艋舺來此交易，而被稱為「艋舺」，日治時代以日語雅化為同音字「萬華」。,,社會-社會,社會-社會,社會-歷史,,艋舺,Báng-kah
102258,蒸氣,液體遇熱蒸發或沸騰所產生的氣體。,,自然科學-自然科學,,自然科學-理化,自然科學-化學,蒸氣,tsing-khì
102259,蒸散作用,水分以水蒸氣形態經由植物氣孔或角質層隙縫擴散到大氣中的現象。此為植物調節體內含水量的一種生理作用，並有助於水分之運送。,,,自然科學-自然科學,自然科學-生物,,蒸散作用,tsing-suànn tsok-iōng tsing-sàn tsok-iōng
102260,蒸散現象,水分以水蒸氣形態經由植物氣孔或角質層隙縫擴散到大氣中的現象。,,,自然科學-自然科學,,,蒸散現象,tsing-suànn hiān-siōng tsing-sàn hiān-siōng
102261,蒸發,液體分子脫離液體表面轉化成氣體的現象。,,自然科學-自然科學,自然科學-自然科學,,自然科學-地球科學,蝕水 蒸發 消蝕,si̍t-tsuí tsing-huat siau-si̍t
102262,製造業,擁有生產設備，並僱用勞工，以生產貨品、謀取利潤為主要目的的行業。,,社會-社會,,社會-地理,社會-地理,製造業,tsè-tsō-gia̍p
102263,認字,識字。,語文-國語文,語文-國語文,,,,認字,jīn-jī
102264,認讀字,雖不會寫，但至少要能看、能認的字。,語文-國語文,,,,,認讀字,jīn-tha̍k-jī
102265,語文常識,有關語文的基本普通知識。,,,語文-國語文,,,語文常識,gí-bûn siông-sik
102266,語句,泛指成句的話。,語文-國語文,語文-國語文,語文-國語文,語文-國語文,語文-國語文,語句,gí-kù
102267,語言,人類用嘴說出來的話，由語音、語彙和語法所組成，是表達情意、傳遞思想的重要工具。,,語文-國語文,語文-國語文,,語文-國語文,語言 言語,gí-giân giân-gí
102268,語言表達,用言語的方式將心中的思想傳遞給別人知道，或傳遞訊息。,,藝術-藝術,,,,語言表達,gí-giân piáu-ta̍t
102269,語音,1.說話的聲音。 2.漢語在口語中所念的音。相對於讀音而言。,,語文-國語文,語文-國語文,,,語音,gí-im
102270,語氣,說話的口氣。有決定、商榷、疑問、驚嘆、祈使、命令等的分別。,語文-國語文,語文-國語文,語文-國語文,語文-國語文,語文-國語文,氣口 語氣,khuì-kháu gí-khì
102271,語氣詞,用來表示驚訝、讚賞、慨嘆、希冀、疑問、肯定等語氣的詞，亦包括助詞與嘆詞。,,,,語文-國語文,,語氣詞,gí-khì-sû
102272,語病,1.語文中措詞失當的地方。 2.發音上有缺陷，即言語蹇澀的毛病。,,,語文-國語文,語文-國語文,,話蝨 話骨 話縫,uē-sat uē-kut uē-phāng
102273,語詞,詞或詞組的合稱。,語文-國語文,語文-國語文,語文-國語文,語文-國語文,,語詞,gí-sû
102274,語意,話中所包含的意思。,,語文-國語文,語文-國語文,語文-國語文,,語意,gí-ì
102275,語境,語言使用時的環境，分為上下文語境和社會現實語境。,,,語文-國語文,語文-國語文,,語境,gí-kíng
102276,語調,說話時輕重、緩急、長短的聲調。,,語文-國語文,語文-國語文 藝術-藝術,,,語調,gí-tiāu
102277,語譯,將古文譯為白話文。,,語文-國語文,語文-國語文,語文-國語文,語文-國語文,語譯,gí-i̍k
102278,語體文,用詞、語法等各方面接近口頭語言的書面語。也稱為「白話文」。,,,語文-國語文,,,白話文 語體文,pe̍h-uē-bûn gí-thé-bûn
102279,說明,1.用言語或文字來解釋明白。 2.解釋的文字。,,語文-國語文,語文-國語文,語文-國語文,語文-國語文,說明,suat-bîng sueh-bîng
102280,說明文,用來解釋事物，說明意義，使人得到事理或物象的知識的文體。,,語文-國語文,語文-國語文,語文-國語文,,說明文,suat-bîng-bûn sueh-bîng-bûn
102281,說服,以言詞遊說，使人接受其意見。,,,語文-國語文,,,說服,suè-ho̍k
102282,說故事,說出傳說中的舊事，或杜撰的事情。,語文-國語文,語文-國語文,語文-國語文,,,講故事 講古,kóng kòo-sū kóng-kóo káng-kóo
102283,說話,發言、講話。,語文-國語文,語文-國語文,語文-國語文,,,講話 說話,kóng-uē sueh-uē
102284,豪雨,大雨。一日內降雨量達130公釐以上，並且在當日內曾出現每小時15公釐以上的降雨率。,,,自然科學-自然科學,,自然科學-地球科學,豪雨,hô-ú
102285,遞移關係,若a、b、c為三個數，若a=b且b=c，則a=c；若a>b且b>c，則a>c；若a<b且b<c，則a<c。,數學-數學,,,,,遞移關係,tē-î kuan-hē
102286,酵母菌,真菌子囊菌類的一群，菌體為單細胞，橢圓或正圓形，色黃白，無菌絲體或偶具少許菌絲，一般行無性的出芽生殖。其作用能使糖分解為酒精與二氧化碳。簡稱為「酵母」。,,,自然科學-自然科學,自然科學-生物,自然科學-生物,酵母菌,kànn-bú-khún kànn-bó-khún
102287,酸性,能使藍色石蕊試紙變成紅色，水溶液具酸味，會與鹼性物質及活性金屬反應的性質。,,,自然科學-自然科學,自然科學-理化,自然科學-化學,酸性,sng-sìng
102288,酸性水溶液,把水溶液滴到藍色的石蕊試紙，藍色的石蕊試紙會變成紅色，稱為酸性水溶液。如：醋酸、鹽酸、檸檬汁等。,,自然科學-自然科學,,自然科學-理化,,酸性水溶液,sng-sìng tsuí-iông-i̍k
102289,酸性溶液,能使藍色石蕊試紙變成紅色，水溶液具酸味，會與鹼性物質及活性金屬反應的性質。,,,自然科學-自然科學,自然科學-理化,,酸性溶液,sng-sìng iông-i̍k
102290,酸雨,由燃燒煤、石油的火力發電廠、煉油廠、汽車所排放出大量的二氧化硫及氮的氧化物，經由風力進入大氣中，和水蒸氣起化學反應形成硫酸和硝酸，以雨、雹方式降下。會危害健康、汙染湖泊、侵蝕土壤及腐蝕建築物等。常見於高度工業化國家。,,自然科學-自然科學,自然科學-自然科學,,自然科學-化學,酸雨,sng-hōo
102291,酸鹼中和,酸鹼中和滴定，是用已知物質量濃度的酸（或鹼）來測定未知物質的量濃度的鹼（或酸）的方法叫做酸鹼中和滴定。實驗中甲基橙、甲基紅、酚酞等做酸鹼指示劑來判斷是否完全中和。,,,自然科學-自然科學,自然科學-理化,自然科學-化學,酸鹼中和,sng-kinn tiong-hô
102292,酸鹼性,物質在酸鹼反應中呈現的特性，一般來說酸性物質可以使紫色石蕊試液變紅，鹼性物質可以使其變藍。,,,自然科學-自然科學,自然科學-理化,,酸鹼性,sng-kinn-sìng
102293,銅管樂器,泛稱銅製的管樂器，用嘴吹奏。包括短號、小號、法國號（圓號）、長號（伸縮號）、低音號（大號）等各種喇叭或號。,,藝術-藝術,,藝術-音樂,藝術-音樂,銅管樂器,tâng-kuán ga̍k-khì
102294,銅線,由銅製成的線狀物，因銅具有延展性佳、導熱性高與導電性高的特性，故常作為電線等用途。,,自然科學-自然科學,,自然科學-理化,自然科學-化學,銅線,tâng-suànn
102295,閩粵械鬥,閩南人與客家人的衝突。,,,社會-社會,社會-歷史,,閩粵械鬥 閩粵拚,Bân-Ua̍t hāi-tàu Bân-Ua̍t piànn
102296,雌花,僅有雌蕊而不具雄蕊或雄蕊退化的單性花。也稱為「雌蕊花」。,,自然科學-自然科學,,自然科學-生物,,母花,bú-hue bó-hue
102297,雌蕊,花的雌性構造，由單一或兩枚以上的心皮癒合而成。居於花的中心，分柱頭、花柱、子房三部分。子房內著生胚珠，受精後可發育為種子。,,自然科學-自然科學,自然科學-自然科學,自然科學-生物,自然科學-生物,花心,hue-sim
102298,領事館,政府派駐國外的外事機關，由領事負責掌理。依國際慣例，享有不可侵犯、公文不受搜索沒收等特權。,,,社會-社會,,,領事館,Líng-sū-kuán
102299,颱風眼,颱風的中心區域。風力微弱、天氣良好，此區域近乎圓形，其直徑自4哩至40哩以上不等，普通大小約為12至25哩。在颱風進行過程中，颱風眼的形式與大小常會改變。,,,自然科學-自然科學,自然科學-地球科學,自然科學-地球科學,風颱眼,hong-thai-gán
102300,儀器,凡物理學、化學等科學實驗所用的各種特製設備。,,自然科學-自然科學,,,,儀器,gî-khì
102301,億位,十進記數法的基本位。,,數學-數學,,,,億位,ik-uī
102302,劇情,戲劇中的情節內容。,,藝術-藝術,,藝術-表演藝術,,劇情,kio̍k-tsîng ki̍k-tsîng
102303,劇場,1.戲劇等表演藝術的演出場所。也稱為「劇院」。 2.表演藝術的單位或團體。,,藝術-藝術,,藝術-表演藝術,,劇場,kio̍k-tiûnn ki̍k-tiûnn
102304,噍吧哖事件,民國四年，臺灣尚在日本統治期間發生的抗日事件。民國成立之初，臺南長治人余清芳因不滿日本軍警鎮壓，暗地結合江定、羅俊等各地志士，以臺南噍吧哖（今玉井）西來庵為基地，計劃起義。四年五月，事機敗露，羅俊被捕。七月，余、江二人率義勇軍在噍吧哖支廳的牛港仔山和日警大戰，八月再攻南莊派出所。因武器彈藥不足，退至山區農莊，失敗被捕。抗日同志被捕犧牲，莊民數千人被集體射殺。此一事件是日本統治臺灣期間，規模最大、最為慘烈的抗日活動。,,,社會-社會,社會-歷史,,噍吧哖事件,Ta-pa-nî Sū-kiānn
102305,墨色,黑色。,,藝術-藝術,,,,墨色 烏色,ba̍k-sik oo-sik
102306,審題,作文的基本步驟之一，即看清題目，瞭解題意，把握重點，然後決定文體，發揮己意。,,語文-國語文,語文-國語文,,,審題,sím-tê
102307,寫字,書寫文字。,語文-國語文,語文-國語文,,,,寫字,siá-jī
102308,寫作,撰述，創作。,,語文-國語文,語文-國語文,語文-國語文,語文-國語文,寫作,siá-tsok
102309,寫法,1.寫作方法。 2.書寫方法。,語文-國語文,語文-國語文,語文-國語文,語文-國語文,語文-國語文,寫法,siá-huat
102310,寫景,描寫或繪畫景物。,,語文-國語文,語文-國語文,語文-國語文,語文-國語文,寫景,siá-kíng
102311,寬,數學上指長方形物體較長兩邊的相對距離。,,數學-數學,,數學-數學,數學-數學,闊 闊度,khuah khuah-tōo
102312,寬邊,長方形上較短的邊。,數學-數學,數學-數學,,,,闊邊,khuah-pinn
102313,廟宇,供奉神佛、先賢聖哲的處所。,,社會-社會,社會-社會,社會-歷史,,廟寺,biō-sī
102314,廟會,廟宇定期開放供人進香的集會，在附近常會形成臨時市集。,,社會-社會,社會-社會,社會-歷史,社會-歷史,廟會 鬧熱,biō-huē lāu-jia̍t
102315,廣播劇,專供在無線電中廣播的戲劇，特別著重音樂配合與音響效果等藝術方式，以創造聽覺形象，展開劇情。,,,藝術-藝術,藝術-表演藝術,,廣播劇,kóng-pòo-kio̍k kóng-pò-kio̍k
102316,彈劾,監察機關或民意機關，糾舉違法失職的官員，並追究其法律責任的行動，稱為「彈劾」。,,,社會-社會,社會-公民與社會,,彈劾,tân-hi̍k
102317,彈性限度,物體受到外力作用時，會產生形變，不致使物體產生永久形變的最大外力，稱為該物體的彈性限度。,,,自然科學-自然科學,自然科學-理化,,彈性限度,tân-sìng hān-tōo
102318,彈性疲乏,物體受外力作用時間太長，外力除去之後，卻不能立刻回復原狀的現象。,,,自然科學-自然科學,,,彈性疲乏,tân-sìng phî-hua̍t tuânn-sìng phî-hua̍t
102319,彈奏,演奏樂器。,,,藝術-藝術,,,彈奏,tuânn-tsàu
102320,彈鋼琴,演奏鋼琴。,,藝術-藝術,,,,彈鋼琴,tuânn kǹg-khîm
102321,彈簧,利用材料的彈性作用製成的零件，能在外力作用下，發生形變，除去外力後又可恢復原狀。,,,自然科學-自然科學,自然科學-理化,自然科學-地球科學,弓仔,king-á
102322,彈簧秤,利用彈簧受力後產生形變的原理，作為測量物體重量的儀器。,,,自然科學-自然科學,自然科學-理化,,弓仔秤,king-á-tshìn
102323,徵調式,樂曲的起調或結束，以徵音為主音的調式稱為「徵調式」。 ,,,藝術-藝術,,,徵調式,tí-tiāu-sik
102324,慶典,隆重而盛大的慶祝典禮。,,社會-社會,社會-社會,,,慶典,khìng-tián
102325,摩擦力,兩物體接觸面之間相對運動的阻力，與接觸面的大小無關，而與壓在表面的正向力成正比。可分為動摩擦力與靜摩擦力。,,自然科學-自然科學,,自然科學-理化,自然科學-地球科學,摩擦力,môo-tshat-li̍k
102326,摹寫,作者對各種事物的觀察、透過主觀感受加以形容描寫的修辭法。,,語文-國語文,語文-國語文,語文-國語文,語文-國語文,摹寫,bôo-siá
102327,播種祭,播種祭（smyatu）是泰雅重要的祭典之一。傳統上播種祭的日期由地方人士會議決定，會議中會選派去年收穫最好的兩家，由其各推派一人擔任祭主，以代表部落舉行播種儀式。兩名祭主必須每年輪流，不可與去年一樣。播種祭期間部落成員都必須回到部落中，非部落成員不可以參加儀式；各家戶內所生的火不可熄滅，也不可借火給他戶或向他戶借火，否則gaga會消失或變壞。祭祀中希望小米能夠發芽、豐收。相對於盛大的祖靈祭，播種祭較少有人聽聞，隨著時代習性的改變，再加上舉辦規模與時節都比不上祖靈祭，近年來播種祭活動漸漸沒落。,,社會-社會,社會-社會,,社會-歷史,掖種祭,Iā-tsíng-tsè
102328,數,計算事物的序碼。,,數學-數學,,數學-數學,數學-數學,數,sòo
102329,數字,表示數目的文字或符號。如漢字的「捌」和阿拉伯數字的「8」等。,數學-數學,,,,,數字,sòo-jī
102330,數位觀星,是一款開源的虛擬星象儀軟體。可以用3D方式模擬真實的天空，看起來就和使用肉眼、雙筒望遠鏡或天文望遠鏡看到的一樣。,,,自然科學-自然科學,,,數位觀星,sòo-uī-kuan-tshenn
102331,數量,總額的多寡。,數學-數學,,,,,數量,sòo-liōng
102332,數線,在一條線上，取一個點為起點，再向右畫出等間隔的刻度，並依序標出0、1、2、3……。,數學-數學,數學-數學,,數學-數學,數學-數學,數字線,sòo-jī-suànn
102333,樂曲,凡符合音樂三要素：旋律、節奏、和聲之有組織的聲音，是為「樂曲」。,,藝術-藝術,語文-國語文,語文-國語文 藝術-音樂,語文-國語文,樂曲,ga̍k-khik
102334,樂府詩,民間歌謠或可配樂歌唱的詩。,,,語文-國語文,語文-國語文,語文-國語文,樂府詩,ga̍k-hú-si
102335,樂段,也稱為一部曲式、一段體。相當於文學作品中的一個段，在音樂作品中是曲式中最小的結構，只包括一個或幾個樂句，可以表達一個相對完整的樂思，一般用以組成其他曲式中的一部分，但有時也可以自行成為一個完整的歌曲或樂曲。,,藝術-藝術,,藝術-音樂,藝術-音樂,樂段,ga̍k-tuānn
102336,樂音,物體規律振動所產生的和諧悅耳的聲音。如鋼琴、胡琴等所發出的都是樂音。相對於噪音而言。,,藝術-藝術,,藝術-音樂,,樂音,ga̍k-im
102337,樂章,1.大型套曲的組成部分，可單獨演奏。如交響樂的第一樂章、第二樂章等。 2.可歌唱的曲詞。,,,藝術-藝術,藝術-音樂,藝術-音樂,樂章,ga̍k-tsiong
102338,樂團,樂曲表演者所組成的團體。,,藝術-藝術,,藝術-音樂,,樂團,ga̍k-thuân
102339,樂器,奏樂所使用的器具。種類甚多，普通可分為弦樂器、管樂器、敲擊樂器三大類。,社會-生活課程 自然科學-生活課程 藝術-生活課程 綜合活動-生活課程,,,社會-歷史 藝術-音樂,,樂器,ga̍k-khì
102340,標點符號,在文句中，用來分別句讀和標明詞句性質、種類的符號。,語文-國語文,語文-國語文,語文-國語文,語文-國語文,,標點符號,piau-tiám hû-hō phiau-tiám hû-hō
102341,標題,標明文章或作品內容的簡短語句。,語文-國語文,語文-國語文,語文-國語文,語文-國語文,語文-國語文,標題,piau-tê phiau-tê
102342,歐亞板塊,為包括大部份歐亞地區的板塊，但不含括南亞的印度半島（印度次大陸）、西南亞的阿拉伯半島（阿拉伯次大陸）以及東西伯利亞的上揚斯克山脈以西的地區。,,,社會-社會,社會-地理,社會-地理,歐亞板塊,Au-A Pán-khuài
102343,歐洲,世界五大洲之一。位於歐亞大陸西岸，東以烏拉山、高加索山及裡海與亞洲為界，西瀕大西洋，南臨地中海，北沿北極海，海岸線很長而且河流縱橫，交通便利，面積一千餘萬方公里，居民大部分是高加索種。簡稱為「歐洲」。,,,社會-社會,社會-地理,,歐洲,Au-tsiu
102344,歐洲聯盟（EU）,源於二次大戰後的歐洲煤鋼組織，後來逐漸擴大規模，正式成立於西元1993年。會員國除在經貿、環境、安全等方面合作外，也發行了統一貨幣─歐元。,,,社會-社會,健康與體育-健康教育 社會-地理,社會-地理,歐洲聯盟,Au-tsiu Liân-bîng
102345,歐盟,源於二次大戰後的歐洲煤鋼組織，後來逐漸擴大規模，正式成立於西元1993年。會員國除在經貿、環境、安全等方面合作外，也發行了統一貨幣─歐元。,,,社會-社會,健康與體育-健康教育 社會-地理,社會-地理,歐盟,Au-bîng
102346,潑水節,東南亞一帶的新年習俗。象徵洗滌罪惡和除舊布新。中國雲南省境內的傣族人亦有此風俗。,,社會-社會,,,社會-地理,潑水節,Phuah-tsuí-tseh
102347,潔牙,潔牙是一種很好的牙齒保健手段，亦是治療牙周病的首要措施，通過定期的潔牙，不但可以徹底清除牙齒上的菌斑和結石，令牙周組織保持健康，防治牙周病，而且，潔牙時容易發現細小的不易覺察的牙病，如比較隱蔽的齲齒，從而達到早發現早治療的目的。,健康與體育-健康與體育 社會-生活課程 自然科學-生活課程 藝術-生活課程 綜合活動-生活課程,健康與體育-健康與體育,,健康與體育-健康教育,,洗喙,sé-tshuì
102348,潟湖,因海灣被沙洲所封閉而演變成的湖泊。原本的海灣，其出海處因為泥沙沉積而形成沙洲，之後將海灣與海洋分隔，而成為湖泊。,,,社會-社會,社會-地理,社會-地理,內海,lāi-hái
102349,澄清石灰水,即為氫氧化鈣（俗名熟石灰）的澄清水溶液，呈鹼性。澄清石灰水是常見的化學試劑之一，常用來檢驗二氧化碳、二氧化硫等（生成對應的鈣鹽沉澱和水）。,,自然科學-自然科學,自然科學-自然科學,自然科學-理化,,坐清石灰水 坐底石灰水,tsē-tshing tsio̍h-hue-tsuí tshē-té tsio̍h-hue-tsuí tsē-té tsio̍h-hue-tsuí
102350,澎湖群島,群島名。位於臺灣海峽，由大小64個島嶼組成，絕大多數為火山島，總面積約128平方公里，其中以澎湖島面積最大。軍事地位重要，島上漁業與觀光業發達。,,,社會-社會,社會-地理,社會-地理 社會-歷史,澎湖群島,Phînn-ôo kûn-tó
102351,熱,物體溫度升高所釋出的一種能。,,,自然科學-自然科學,自然科學-理化,自然科學-物理,熱,jia̍t
102352,熱帶性低氣壓,指接近中心最高持續風速只達每小時41至62公里或者22至30節的熱帶氣旋，即強風級的級別，對下一級為低壓區或熱帶擾動，而對上一級為熱帶風暴。最廣泛使用的稱呼是「熱帶低氣壓」，但臺灣中央氣象局把此級別稱為「熱帶性低氣壓」。,,,自然科學-自然科學,,,熱帶性低氣壓,jia̍t-tài-sìng kē-khì-ap
102353,熱帶雨林,熱帶雨林是地球上一種常見於赤道附近熱帶地區的森林生態系統，主要分佈於東南亞、澳大利亞北部、南美洲亞馬遜河流域、非洲剛果河流域、中美洲和眾多太平洋島嶼。亦是地球上抵抗力穩定性最高的生物群落，常年氣候炎熱，雨量充沛，季節差異極不明顯，生物群落演替速度極快，是世界上大於一半的動植物物種的棲息地。,,,自然科學-自然科學,,自然科學-生物,熱帶雨林,jia̍t-tài ú-lîm
102354,熱帶氣候,最冷月均溫在18攝氏度以上，終年高溫，氣溫年較差日較差均較小，但內部不同地區降水差異很大的氣候。,,,社會-社會,社會-地理,,熱帶氣候,jia̍t-tài khì-hāu
102355,熱帶氣候區,熱帶氣候區或稱低緯度氣候區，地處於赤道南北兩側跨20－40個緯度以內，與中、高緯度氣候不同的是，熱帶氣候的日照時間與溫度隨季節變化不明顯，全年溫度恆定，最冷月均溫在18 °C以上，季節變化則以降雨為主，年雨量在750毫米以上。,,,社會-社會,社會-地理,,熱帶氣候區,jia̍t-tài khì-hāu-khu
102356,熱脹冷縮,指物體受熱時會膨脹，遇冷時會收縮的特性。由於物體內的粒子（原子）運動會隨溫度改變，當溫度上升時，粒子的振動幅度加大，令物體膨脹；但當溫度下降時，粒子的振動幅度便會減少，使物體收縮。,,,自然科學-自然科學,自然科學-理化,,熱脹冷縮,jia̍t tiòng líng sok jia̍t tiòng líng siok
102357,熱傳導,物體各部分間因溫度差異引起由高溫移轉到低溫的能量傳遞。一般而言，金屬的熱傳導能力高於氣體。,,,自然科學-自然科學,自然科學-理化,自然科學-物理,熱傳導,jia̍t-thuân-tō
102358,熱對流,又稱對流傳熱，指流體中質點發生相對位移而引起的熱量傳遞過程，是傳熱的三種方式之一。,,,自然科學-自然科學,自然科學-理化,自然科學-地球科學,熱對流,jia̍t tuì-liû
102359,熱舞,又稱「街舞」。一種現代舞蹈，20世紀80年代中在美國黑人青年中發展出來，是嘻哈文化的組成部分。因為其表演場地主要為馬路邊、廣場上等非正式場合而得到了街舞的名稱。,,藝術-藝術,,,,熱舞,jia̍t-bú
102360,熱蘭遮城,位於臺灣臺南市的堡壘。最初建於1624年，是臺灣最早的要塞建築。自建城以來，曾是荷蘭人統治臺灣的中樞，也曾是鄭氏王朝統治者的住處。熱蘭遮城初稱「奧倫治城」，鄭成功病逝後普遍稱「王城」，日據時期日人改稱「荷蘭城」，現今則定名為「安平古堡」。,,,社會-社會,社會-歷史,,熱蘭遮城 王城 安平古堡,Jia̍t-lân-jia-siânn Ông-siânn An-pîng Kóo-pó
102361,篆書,書體名 1.廣義的篆書，是指隸書以前的所有書體，包括甲骨文、金文、籀文、六國文字及小篆等；狹義的篆書則指大篆及小篆。相傳大篆為周宣王太史籀所作；小篆為李斯取史籀大篆省改而成。現今所稱的篆書，則多指小篆而言。 2.王莽時六書之一，即小篆。,,,語文-國語文,語文-國語文,,篆書,thuàn-su
102362,篇幅,指文章的長短，或排版時所占版面的位置大小。,,,語文-國語文,語文-國語文,語文-國語文,篇幅,phian-hok
102363,線段圖,以直線段來表達數或量及其運算的方式。,數學-數學,,,數學-數學,,線段圖 線逝圖,suànn-tuānn-tôo suànn-tsuā-tôo
102364,線圈,以具有絕緣外層的導線，所繞製成的螺管狀電機零件。當電流通過時即產生磁場，廣泛應用於馬達、發電機、變壓機、發報機的電路上。,,,自然科學-自然科學,自然科學-理化,自然科學-物理,線圈 線蜷,suànn-khuan suànn-khûn
102365,線條,1.用筆繪成的直線、曲線或折線。 2.形容人的身材或物品的輪廓。,,藝術-藝術,,藝術-視覺藝術,,線條,suànn-tiâu
102366,線間,五線譜上每條線之間的空間。,,藝術-藝術,,,,線間,suànn-kan
102367,線對稱,對摺後兩邊能完全疊合的圖形。,,,數學-數學,數學-數學,數學-數學,線對稱 線對伨,suànn tuì-tshìng suànn tuì-thīn
102368,線對稱圖形,一個圖形上能找出一條直線，使得圖形沿著此直線對折之後能夠完全重疊。,,,數學-數學,數學-數學,,線對稱圖形 線對伨圖形,suànn tuì-tshìng tôo-hîng suànn tuì-thīn tôo-hîng
102369,緯度,一地與赤道間經線的弧度（角距離）。自赤道到南北兩極各分九十度，在北的稱作北緯，在南的稱為南緯。相對於經度而言。,,,社會-社會,社會-地理,社會-地理,緯度,huī-tōo uī-tōo
102370,緯線,地球上平行於赤道的假想圈線，用以計算緯度。相對於經線而言。,,,社會-社會,社會-地理,社會-地理,緯線,huī-suànn uī-suànn
102371,膜孔,笛子上介於吹孔與按音孔間的孔，供黏貼笛膜之用。,,藝術-藝術,,,,膜空,mo̍oh-khang
102372,膝關節,膝關節位於大腿與小腿之間，主要構造包含股骨（大腿骨）、髕骨、前後十字韌帶、軟骨及脛骨。,,健康與體育-健康與體育,健康與體育-健康與體育,健康與體育-健康教育,,跤頭趺,kha-thâu-u kha-thâu-hu
102373,蓮葉效應,也稱作荷葉效應，是指蓮葉表面具有超疏水性以及自潔（self-cleaning）的特性。在東方文化裡，蓮花是純淨的象徵。雖然，蓮花喜歡生長在泥濘的溼地，但其葉子和花仍保持乾淨，這就是自潔的效果。植物學家研究蓮葉表面發現它們有一個自然潔淨的機制。,,自然科學-自然科學,,自然科學-生物,,蓮葉效應,liân-hio̍h hāu-ìng
102374,蔬菜,一切可供食用的青菜瓜果。,,自然科學-自然科學,,自然科學-生物,,青菜 菜蔬,tshenn-tshài tshài-se
102375,蔬菜類,主要提供維生素、礦物質及膳食纖維。通常深綠色、深黃色的蔬菜含維生素及礦物質的量比淺色蔬菜多。每人每天3─5碟，其中至少一碟為深綠色或深黃色蔬菜。一碟的份量約100公克，三碟即300公克。,健康與體育-健康與體育,,健康與體育-健康與體育,健康與體育-健康教育,,蔬菜類 菜蔬類,soo-tshài-luī tshài-se-luī
102376,衛生,1.預防疾病，追求健康的觀念和措施。 2.清潔。,健康與體育-健康與體育,健康與體育-健康與體育,綜合活動-綜合活動,健康與體育-健康教育,,衛生,uē-sing uī-sing
102377,衛生所,政府推行衛生保健機構中最小的行政單位。縣轄市和每個鄉鎮區均設立，主要負責該地的保健防疫、環境衛生及行政管理等工作。,健康與體育-健康與體育,社會-社會,,,,衛生所,uē-sing-sóo uī-sing-sóo
102378,衛星雲圖,氣象衛星所拍攝的雲層影像，為氣象預報的重要參考資料。,,,自然科學-自然科學,,自然科學-地球科學,衛星雲圖,uē-tshenn-hûn-tôo uī-tshenn-hûn-tôo
102379,衛星影像圖,衛星影像圖，又稱衛星圖、衛星地圖、衛星圖像，是指搭載在人造衛星上的攝影設備拍攝的地球或其它星球的地圖式照片。,,社會-社會,社會-社會,社會-地理,,衛星影像圖,uē-tshenn iánn-siōng-tôo uī-tshenn iánn-siōng-tôo
102380,複合形體,複合形體是由幾種不同形體所組成，在數學運算中需掌握複合形體體積「分割」或「填補」後的長、寬、高的變化，以計算「分割」或「填補」而成的大、小體積，進行大、小體積間的相加或相減，可求出複合圖形的體積。,數學-數學,,,,,複合形體,ho̍k-ha̍p hîng-thé
102381,複合圖形,由各種形狀結合而成的圖樣。,數學-數學,,,數學-數學,,複合圖形,ho̍k-ha̍p tôo-hîng
102382,複式顯微鏡,一般為單眼觀察（比較高級的也有雙眼同時觀察），放大倍率較解剖顯微鏡高很多，甚至於千倍。為研究生物學一項不可或缺的工具。,,,自然科學-自然科學,自然科學-生物,自然科學-生物,複式顯微鏡,ho̍k-sik hián-bî-kiànn
102383,課文,教科書的正文。,語文-國語文,語文-國語文,語文-國語文,語文-國語文,語文-國語文,課文,khò-bûn
102384,課文大意,課文的大致意思。,,語文-國語文,,,,課文大意,khò-bûn tāi-ì
102385,課餘時間,上課以外的時間。,,社會-社會,,,,課餘時間 課外時間,khò-î sî-kan khò-guā sî-kan
102386,調式,調式是若干個具有不同音高的音的集合，這些音互相之間具有某種特定的音程關係，並在調式中擔任不同的角色。,,,藝術-藝術,,,調式,tiāu-sik
102387,調性,以一個中心音為基礎，所形成的音階關係。為英語tonality的意譯。如以C音為主音的大音階所表示的調性稱為「C大調」；以A音為主音的小音階所表示的調性稱為「A小調」。,,,藝術-藝術,藝術-音樂,藝術-音樂,調性,tiāu-sìng
102388,調節輪,位於顯微鏡鏡柱兩側，可調整載物臺的升降，以供對焦。,,自然科學-自然科學,,自然科學-生物,,調節輪,tiâu-tsiat-lûn
102389,調號,西洋音樂中用來表示曲調種類的記號。,,,藝術-藝術,藝術-音樂,,調號,tiāu-hō
102390,請求,1.懇切要求。 2.提出的要求。,,語文-國語文,,,,請求,tshíng-kiû
102391,請願,人民對國家政策、公共利害或其權益的維護，向民意機關或主管官署提出主張，稱為「請願」。,,,社會-社會,,,請願,tshíng-guān
102392,論據,立論的根據。,,自然科學-自然科學,語文-國語文,語文-國語文,,論據,lūn-kì
102393,論點,議論的主張或觀點。,,,語文-國語文,語文-國語文,,論點,lūn-tiám
102394,賞析,欣賞、分析。,,語文-國語文,語文-國語文,語文-國語文,語文-國語文,賞析 欣賞分析,sióng-sik him-sióng hun-sik
102395,質因數,數學上指一個質數是一個整數的因數時，稱此質數為此整數的「質因數」。,數學-數學,,數學-數學,數學-數學,數學-數學,質因數,tsit-in-sòo
102396,質因數分解,給出一個正整數，將其寫成幾個質因數的乘積。或稱「整數分解」。,數學-數學,,數學-數學,數學-數學,,質因數分解,tsit-in-sòo hun-kái
102397,質數,指只能被1和此整數本身整除的自然數。,數學-數學,,數學-數學,數學-數學,數學-數學,質數,tsit-sòo
102398,踢球,以腳觸擊球。,健康與體育-健康與體育,健康與體育-健康與體育,健康與體育-健康與體育,,,踢球,that kiû
102399,踢踏舞,一種舞蹈。在舞鞋的前端和後跟釘上鐵片，跳舞時上身多保持平穩，偶爾也有拍手、拍身的動作，腳下靈活敏捷，以腳尖、腳掌或腳跟擊地，發出響亮的踢躂聲。起源說法不一，一說源自英格蘭北部的傳統木鞋舞，一說源自墨西哥民間舞蹈。十九世紀，美國的黑人及模仿他們的白人更融合多種舞步，創新風格，使踢躂舞成為一種通俗舞蹈。,,藝術-藝術,,藝術-表演藝術,,踢踏舞,that-ta̍h-bú
102400,輪,裝在車、船或機器上可供旋轉運作的圓形物體。,,,自然科學-自然科學,自然科學-生物,,輪 輪仔,lián lián-á
102401,輪半徑,輪軸中心到圓周的直線。,,,自然科學-自然科學,自然科學-生物,,輪半徑,lián-puànn-kìng
102402,輪生,植物學上指每節著生三數以上的葉子，環生於莖、枝周圍而呈輪狀者。,,,自然科學-自然科學,自然科學-生物,,輪生,lûn-sing
102403,輪軸,利用槓桿原理製成的省力機械。由相互固定的輪子和同心軸組成。在輪的邊緣施力使其轉動，軸也隨之轉動。由於輪子的半徑大於軸的半徑，轉動輪子的力量可以在軸上產生更大的力量，藉以捲縮軸上的繩子而升高重物。,,,自然科學-自然科學,自然科學-理化,,車心,tshia-sim
102404,鄭氏王朝,鄭氏王朝為臺灣歷史上第一個漢人政權，建王都《東都明京》（後改為東寧，所以又稱東寧王朝），即今臺南市所在之地，雖奉南明正朔之永曆年號、禮遇許多明王朝宗室，但實際上是一個獨立行政、以鄭氏家族中人為最高元首的獨立王國。史稱為延平王國、鄭氏王朝、鄭氏王國、鄭氏治臺時期 。又當時西方人亦稱之為臺灣王國、福爾摩莎王國。,,,社會-社會,,,鄭氏王朝,Tēnn--sī Ông-tiâu
102405,鄭氏時代,是指西元1662年－1683年間，由奉大明正朔的延平王鄭成功於南臺灣所建立之政權統治時期。明鄭時期前後歷經鄭成功、鄭經及鄭克塽三世統治21年。,,,社會-社會,,,鄭氏時代,Tēnn--sī Sî-tāi
102406,鄭氏時期,是指西元1662年－1683年間，由奉大明正朔的延平王鄭成功於南臺灣所建立之政權統治時期。明鄭時期前後歷經鄭成功、鄭經及鄭克塽三世統治21年。,,,社會-社會,社會-歷史,社會-歷史,鄭氏時期 鄭氏時代,Tēnn--sī Sî-kî Tēnn--sī Sî-tāi
102407,鄭成功,人名。（西元1624－1662年）初名森，字大木，唐王賜姓朱，改名成功，為明末南安人。父平國公鄭芝龍降清，成功遁入海島與父絕。桂王封之為延平郡王招討大將軍，命率師攻閩浙，又大舉下江南各地，圍南京，祭孝陵，後兵失利，退取臺灣作為根據地，仍奉明年號，未幾而卒。,,,社會-社會,社會-歷史,社會-歷史,鄭成功,Tēnn Sîng-kong
102408,鄭克塽,人名。（西元1670－1707年）字實弘，號晦堂，明福建南安人。為鄭成功之孫，鄭經次子。年幼即位，為馮錫範所控，政事大亂。清乃趁機於康熙二十二年，遣施琅討伐，鄭軍潰敗，奉表請降，明正朔至此正式斷絕。,,,社會-社會,社會-歷史,,鄭克塽,Tēnn Khik-sóng
102409,鄭經,人名。（西元1642－1681年）字賢之，號式夫，明福建南安人，鄭成功的長子。繼承父志固守臺灣，後因清水師來攻，只得放棄金門、廈門諸地。曾乘三藩之亂，進兵福建、廣東。清康熙二十年卒，子克塽立。,,,社會-社會,社會-歷史,社會-歷史,鄭經,Tēnn King
102410,鄰長,一鄰之長。周代每五家為一鄰，設鄰長一人掌相糾相受，以輔助官治。現制則於村里與家戶之間設鄰，選出鄰長一人，掌一鄰的地方自治事務。,,,社會-社會,,,鄰長,lîn-tiúnn
102411,鄰邊,多邊形中相鄰的邊。,數學-數學,,數學-數學,數學-數學,數學-數學,相倚邊,sio-uá-pinn
102412,醋,以米、麥、高粱等釀成，用來調味的酸味液體。,,,自然科學-自然科學,,,醋,tshòo
102413,銳角,小於直角的角稱為「銳角」。,,數學-數學,,數學-數學,,尖角,tsiam-kak
102414,銳角三角形,三個角都是銳角的三角形。,數學-數學,數學-數學,,數學-數學,,尖角三角形,tsiam-kak sann-kak-hîng
102415,鋒面,氣象學上稱兩個冷暖不同的空氣團相遇，中間形成一道密度、溫度、風向等均不連續的界面為「鋒面」。,,,自然科學-自然科學,自然科學-地球科學,自然科學-地球科學,鋒面,hong-bīn
102416,鋰電池,鋰電池是以鋰金屬或鋰合金為陽極材料，使用非水電解質溶液的電池，鋰電池與鋰離子電池不一樣的是，前者是一次電池，後者是充電電池。鋰電池的發明者是愛迪生。,,自然科學-自然科學,,自然科學-理化,自然科學-物理,鋰電池,lí-tiān-tî
102417,鋰離子電池,鋰離子電池是一種充電電池，它主要依靠鋰離子在正極和負極之間移動來工作。鋰離子電池使用一個嵌入的鋰化合物作為一個電極材料。目前用作鋰離子電池的正極材料主要常見的有：鋰鈷氧化物、錳酸鋰、鎳酸鋰及磷酸鋰鐵。 ,,自然科學-自然科學,,自然科學-理化,自然科學-化學,鋰離子電池,lí-lî-tsú tiān-tî
102418,震央,從震源垂直延伸到地面上的一點，即震源投影到地面上的一點。一般以經緯度表示其位置。,,,自然科學-自然科學,,自然科學-地球科學,震央,tsìn-iong
102419,震度,地震的大小以地面受到震動或破壞的強烈程度來表示，稱為「震度」。,,,自然科學-自然科學,自然科學-地球科學,自然科學-地球科學,震度,tsìn-tōo
102420,震源,地球內部地震發源的地點。也就是斷層破裂、火山爆發或隕石撞擊的地點。,,,自然科學-自然科學,自然科學-地球科學,自然科學-地球科學,震源,tsìn-guân
102421,養分,富有營養的成分。,健康與體育-健康與體育,自然科學-自然科學 健康與體育-健康與體育,自然科學-自然科學,自然科學-生物,自然科學-生物,養份 營養份,ióng-hūn îng-ióng-hūn
102422,餘數,1.整數除法中，被除數減去商數乘以除數的結果，稱為「餘數」。 2.被減數減去減數所得的數稱為「餘數」。,數學-數學,數學-數學,,數學-數學,數學-數學,餘數,î-sòo
102423,齒輪,周緣呈齒狀排列的輪狀物。一齒輪的轉動，可因齒的嚙合，帶動另一齒輪的轉動，而傳遞動力或改變轉速。,,,自然科學-自然科學,自然科學-理化,,車齒 gí仔 狗齒仔 齒輪,tshia-khí gí-á káu-khí-á khí-lûn
102424,齒輪組,齒輪組是指由減速機、齒輪、滾動軸承、滑動軸承等需要潤滑的部件組成。,,,自然科學-自然科學,自然科學-理化,,車齒組 gí仔組 狗齒仔組 齒輪組,tshia-khí-tsoo gí-á-tsoo káu-khí-á-tsoo khí-lûn-tsoo
102425,儒家,先秦時期的一個思想派別，以孔子為宗師，主張禮治，強調倫常關係。後亦指崇尚孔孟之說或性理之學的學者。,,,社會-社會,語文-國語文 社會-歷史,語文-國語文 社會-歷史,儒家,Jû-ka
102426,儒家思想,先秦時期的一個思想派別，以孔子為宗師，主張禮治，強調倫常關係。後亦指崇尚孔孟之說或性理之學的學者。,,,社會-社會,語文-國語文,語文-國語文 社會-地理,儒家思想,Jû-ka su-sióng
102427,凝固,液體凝結成固體。,,自然科學-自然科學,,自然科學-理化,自然科學-化學,堅凍 堅冰,kian-tàng kian-ping
102428,凝結,1.液體變成固體或氣體變成液體的現象。 2.凝聚、集結。,,自然科學-自然科學,,自然科學-理化,自然科學-地球科學,堅 結冰,kian kiat-ping
102429,器樂曲,國內主要的器樂曲主要有嗩吶曲和民間樂班演奏曲兩種。,,藝術-藝術,,,藝術-音樂,器樂曲,khì-ga̍k-khik
102430,噪音,振動不規則，聽起來不悅耳的聲音。,健康與體育-健康與體育,社會-社會 綜合活動-綜合活動 健康與體育-健康與體育,綜合活動-綜合活動 健康與體育-健康與體育,社會-歷史 健康與體育-健康教育 藝術-音樂,,噪音,tshò-im
102431,學名,生物學上為求統一及研究學習，而以拉丁文為各種生物所定的名稱。由屬名及種名組成為世界各國學術界所通用。,,,自然科學-自然科學,自然科學-生物,自然科學-生物,學名,ha̍k-miâ
102432,學校,講學研習的教育機構。,社會-生活課程 自然科學-生活課程 藝術-生活課程 綜合活動-生活課程,社會-社會 綜合活動-綜合活動 健康與體育-健康與體育,社會-社會 綜合活動-綜合活動,社會-歷史 社會-公民與社會,,學校 學堂,ha̍k-hāu o̍h-tn̂g
102433,學唱,學習練唱。,,藝術-藝術,,,,學唱,o̍h tshiùnn
102434,學習活動,指透過教學傳授或從自身經驗提高能力，而採取的過程行動。,,社會-社會,,,,學習活動,ha̍k-si̍p ua̍h-tāng ha̍k-si̍p ua̍h-tōng
102435,學習資源,協助學生學習的教學軟硬體。,,社會-社會,,,,學習資源,ha̍k-si̍p tsu-guân
102436,學期,一般學校把一學年分為兩期，由本年八月到次年一月是第一學期，次年二月到七月是第二學期。又或從秋季開學到寒假為一學期，從春季開學到暑假為一學期。,,社會-社會 綜合活動-綜合活動 健康與體育-健康與體育,綜合活動-綜合活動,,,學期,ha̍k-kî
102437,導言,1.書籍或論文的開頭部分，敘述全書的主旨或主要內容。 2.一條新聞中起頭的部分，這一部分用字不多，但能敘述全部新聞內容的要點。,,,語文-國語文,,,導言,tō-giân
102438,導電,指物質能讓電流通過或傳導的性質。,,自然科學-自然科學,,自然科學-理化,自然科學-化學,引電 過電,ín-tiān kuè-tiān
102439,導電性,導電的性質。,,自然科學-自然科學,自然科學-自然科學,自然科學-理化,自然科學-化學,傳電性,tshuân-tiān-sìng
102440,導線,可導電的線材。多用銅或鋁製成。,,自然科學-自然科學,,自然科學-理化,自然科學-物理,導線,tō-suànn
102441,導讀,引導閱讀。,,,語文-國語文,語文-國語文,,導讀,tō-tho̍k
102442,導體,可傳導電、熱或光的物體。如金屬、電解質或電解質溶液等均為電的導體。,,自然科學-自然科學,,自然科學-理化,自然科學-化學,導體,tō-thé
102443,憲法,在一國之內，規定國家體制、政府組織、人民權利義務的基本法，稱為「憲法」。,,,社會-社會,社會-歷史 社會-公民與社會,社會-歷史 社會-公民與社會,憲法,hiàn-huat
102444,戰後初期,指二戰結束後，臺灣脫離日本統治由中華民國政府接收的初期，專指西元1945－1949年期間。,,,社會-社會,社會-歷史,,戰後初期,tsiàn-āu tshoo-kî
102445,戰後臺灣,戰後臺灣是指臺灣歷史上自西元1945年第二次世界大戰結束後迄今、由中華民國統治的時期，也稱為中華民國時期或國民政府時期。,,,社會-社會,社會-歷史,社會-歷史,戰後臺灣,tsiàn-āu Tâi-uân
102446,戰祭,鄒族戰祭（mayasvi），音「瑪雅斯比」，為鄒族部落中最重要的3大祭儀之一。,,社會-社會,,,社會-歷史,戰祭,Tsiàn-tsè
102447,操作,照一定的步驟、程序來進行工作或使用機器。,,自然科學-自然科學,,自然科學-理化,,操作,tshau-tsok
102448,操場,1.供體育活動的廣場。一般指學校的運動場。 2.供軍事操練的廣場。,健康與體育-健康與體育 社會-生活課程 自然科學-生活課程 藝術-生活課程 綜合活動-生活課程,社會-社會 綜合活動-綜合活動 健康與體育-健康與體育,健康與體育-健康與體育,健康與體育-體育,,運動埕,ūn-tōng-tiânn
102449,操縱變因,實驗中操作一種變因，並探討其對實驗結果影響者。,,自然科學-自然科學,自然科學-自然科學,,,操縱變因,tshau-tsiòng piàn-in
102450,整十倍,10的倍數。,,數學-數學,,,,整十倍,tsíng-tsa̍p-puē
102451,整百倍,100的倍數。,,數學-數學,,,,整百倍,tsíng-pah-puē
102452,整除,指被除數除以除數，所得的商數為整數，餘數為零。,,數學-數學,數學-數學,數學-數學,數學-數學,整除,tsíng-tî
102453,整數,數學上指不含真分數或無理數的數。包括零、自然數與帶負號的自然數。如-3、-2、-1、0、1、2等均屬之。,數學-數學,數學-數學,,數學-數學,數學-數學,整數 齊頭,tsíng-sòo tsê-thâu
102454,整數倍,倍數為整數，即一個數字乘以整數。,數學-數學,,,,,整數倍,tsíng-sòo-puē
102455,曆法,推算日月、星辰運行，以定歲時、節令的方法。以太陽為標準的，稱為「陽曆」；以月亮為標準的，稱為「陰曆」。,,,社會-社會,,,曆法,li̍k-huat
102456,樹,木本植物的總稱。,社會-生活課程 自然科學-生活課程 藝術-生活課程 綜合活動-生活課程,綜合活動-綜合活動,綜合活動-綜合活動,自然科學-生物,,樹 樹仔,tshiū tshiū-á
102457,機械,泛指各種機具、器械。,,,自然科學-自然科學,自然科學-理化,,機械,ki-hāi ki-kài
102458,橫式,1.由左而右的書寫方式。 2.橫式，是一種有運算符號、等號與數字的表徵格式，例如「3+5=8」。,語文-國語文,語文-國語文 數學-數學,,,數學-數學,橫式,huâinn-sik
102459,歷史故事,口耳相傳或是杜撰而來的人類過去的活動、人類所經歷過的事件。,,語文-國語文,語文-國語文,語文-國語文,,歷史故事,li̍k-sú kòo-sū
102460,激問,一種修辭學中的設問。說話或行文時，語氣從平敘轉為詢問，此種方式通常只為激使對方反省，至於答案則已有定見，且多在問題的反面。,,,語文-國語文,,,激問,kik-būn
102461,濁水溪,河川名。臺灣最長的溪，全長186公里。主源霧社溪，發自中央山脈合歡山南麓。因含沙量高，溪水長年混濁，故稱為「濁水溪」。,,社會-社會,社會-社會,社會-地理,社會-地理,濁水溪 西螺溪,Lô-tsuí-khe Sai-lê-khe
102462,濃淡,顏色的深和淺。,,藝術-藝術,,,,厚薄,kāu-po̍h
102463,燃料,可供燃燒的物質。,,自然科學-自然科學,自然科學-自然科學,自然科學-理化,自然科學-物理,燃料,jiân-liāu
102464,燃素說,燃素說（Phlogiston theory），是一個已被取代的化學理論，起源於17世紀。這個理論假設，任何物質在燃燒時，都會釋放出一種名叫燃素（Phlogiston）的成分。,,,自然科學-自然科學,,自然科學-化學,燃素說,jiân-sòo-suat
102465,燃燒,可燃物質在空氣中與氧劇烈化合，而產生光與熱的現象。,,自然科學-自然科學,自然科學-自然科學,自然科學-理化,自然科學-化學,燒,sio
102466,燃點,在沒有任何火源的情況下，物質開始燃燒所需的最低溫度。,,,自然科學-自然科學,自然科學-理化,,燃點,jiân-tiám
102467,燈泡,白熱電燈所用的真空玻璃球，內裝鎢絲，通電流後可發光，供照明用。,,自然科學-自然科學,,自然科學-理化,,電球 電球仔 電火球仔 電火泡仔,tiān-kiû tiān-kiû-á tiān-hué-kiû-á tiān-hué-pho̍k-á
102468,燈絲,燈泡或電子管內耐高溫的金屬絲，多為細鎢絲，通電時能直接發光、發熱、放射電子或產生射線。,,自然科學-自然科學,,自然科學-理化,,燈絲,ting-si
102469,燒杯,一種化學實驗器材。用薄玻璃或塑膠製成，可盛化學藥品，杯緣有口，以利傾倒液體。玻璃燒杯能耐高溫加熱。,,自然科學-自然科學,,自然科學-理化,自然科學-生物,燒杯,sio-pue
102470,積,數與數相乘的得數。例如：3乘5等於15；15為「積」。也稱為「積數」。,,數學-數學,,數學-數學,,積,tsik
102471,縣長,一縣的行政首長，每隔四年改選一次，由縣內公民投票選出。,,社會-社會,社會-社會,社會-公民與社會,社會-公民與社會,縣長,kuān-tiúnn
102472,縣政府,一縣的最高行政機關，設縣長一人，由縣民選舉產生，綜理縣政。分設民政、財政、建設、教育等局；社會、農林、兵役、地政等科；行政、人事、主計等室。,,社會-社會,社會-社會,社會-公民與社會,社會-公民與社會,縣政府,kuān-tsìng-hú
102473,縣議會,縣級地方民意機關，由縣民選舉議員，並由議員互選議長、副議長各一人組成，有代表縣民行使各種縣政事務的議決、接受人民請願等職權。,,社會-社會,社會-社會,社會-公民與社會,社會-公民與社會,縣議會,kuān-gī-huē
102474,興建工廠,營建、創建工廠。,,藝術-藝術,,,,起工廠 起工場,khí kang-tshiúnn khí kang-tiûnn
102475,蕃人公學校,西元1905年起，臺灣日治時期以中央或地方經費所開設的臺灣原住民兒童義務教育學校。,,,社會-社會,社會-歷史,社會-歷史,番人公學校,Huan-jîn kong-ha̍k-hāu
102476,蕨類植物,隱花植物的一大類群，不開花且不產生種子，主要以孢子繁殖的維管束植物。,,自然科學-自然科學,自然科學-自然科學,自然科學-生物,自然科學-生物,蕨類植物,kueh-luī si̍t-bu̍t
102477,融化,消溶、溶化。,,自然科學-自然科學,,自然科學-理化,,溶去,iûnn--khì
102478,螢光色彩,某些物體受電磁波或帶電粒子照射，吸收能量而放出電磁輻射的過程及現象。如硫化鋅被陰極線撞擊時，所發出的閃光，稱為「螢光」。,,藝術-藝術,,,,螢光色水,îng-kng sik-tsuí
102479,諧音,字詞的音相同或相近。,,,語文-國語文,語文-國語文,,諧音,hâi-im
102480,諺語,民間流傳的俗語。句形簡短、音調和諧。,,語文-國語文,語文-國語文,語文-國語文,,諺語,gān-gí
102481,輻射,廣義指以射線狀傳播的任何事物。特指光波及其他電磁波、聲波、放射性物質發出的波或粒子。最狹義的惟指電磁波。另外，熱不藉介質而傳播稱為「熱輻射」。,,,自然科學-自然科學,,自然科學-化學,輻射,hok-siā
102482,選材,1.挑選合適的材料或題材。 2.挑選人材。,,,語文-國語文,語文-國語文,,選材,suán-tsâi
102483,選擇句,列出兩種以上不同情況、只能從中選擇一種的句子。句子間有時會用適當的詞加以銜接，如「與其……不如……」。,,,語文-國語文,,,選擇句,suán-ti̍k-kù
102484,選舉,政治組織或社會團體中，依規定由全部或部分成員，選擇一個或少數人，擔任某種職務的程序。,,社會-社會,社會-社會,社會-歷史 社會-公民與社會,社會-歷史 社會-公民與社會,選舉,suán-kí
102485,鋼琴,樂器名。屬鍵盤樂器。形狀像風琴，體積較大，內裝有許多鋼絲弦和包絨氈的木錘，手指按動鍵盤時，牽動鍵盤下的小木錘敲打鋼絲弦而發出聲音。18世紀中葉以後廣泛流行。,,藝術-藝術,,,藝術-音樂,鋼琴 phi-á-nooh,kǹg-khîm phi-á-nooh
102486,鋼琴曲,以鋼琴伴奏的曲調。,,藝術-藝術,,,,鋼琴曲,kǹg-khîm-khik
102487,錄音,透過機械操作，將聲音記錄在唱片、錄音帶、膠片等適合的媒介物上。,,藝術-藝術,,,,錄音,lo̍k-im
102488,錐形瓶,為一種在化學實驗室中常見的玻璃瓶，外觀呈平底圓錐狀，下闊上狹、從側面看去呈等腰三角形，有一圓柱形頸部，上方有一較頸部闊的開口，有時可用由軟木或橡膠造成的塞子封閉。瓶身上多有數個刻度，以標示所能盛載的容量。由德國化學家理查．鄂倫麥爾於西元1861年發明。,,,自然科學-自然科學,自然科學-理化,自然科學-化學,三角形矸仔,sann-kak-hîng kan-á
102489,錐體,只有一個底面，頂點為錐狀的形體。,,,數學-數學,數學-數學,,錐體,tsui-thé
102490,錯別字,因字形、字音相似或筆誤而寫錯的字。,,語文-國語文,語文-國語文,,,重耽字 錯別字,tîng-tânn-jī tshò-pia̍t-jī
102491,雕刻品,指把木材、石頭或其他材料切割或雕刻成預期的作品。,,,藝術-藝術,,,雕刻品,tiau-khik-phín
102492,靜態描寫,寫作時，透過作者的觀察，描述出事物靜止的狀態或特色。,,語文-國語文,,,,靜態描寫,tsīng-thài biô-siá tsīng-thài biâu-siá
102493,頭,人或動物脖子以上的部分。,,自然科學-自然科學,,自然科學-生物,,頭,thâu
102494,頭部,頭的部位。,,自然科學-自然科學,,自然科學-生物,,頭部 頭殼,thâu-pōo thâu-khak
102495,龍捲風,風力極強而範圍不大，時間短而威力強，且具有破壞力的空氣渦旋。起風時，氣流呈漏斗狀向上旋轉，並急遽攀升。行進速度每小時30至60公里，中心風速可達每小時320公里以上，破壞力極大。在陸地上可把人、畜捲上天空，把大樹連根拔起，能摧毀建築物；在海洋上可把海水吸到空中形成水柱。,,自然科學-自然科學,,,自然科學-地球科學,絞螺仔風 捲螺仔風,ká-lê-á-hong kńg-lê-á-hong
102496,龜山島,島名。位於宜蘭縣頭城鎮外海。為一火山島，屬頭城鎮管轄。周圍海岸線長8.7公里，面積2.8平方公里，以形狀似龜而得名。,,,社會-社會,社會-地理,,龜山島,Ku-suann-tó
102497,儲蓄,積聚儲存以備應用。,,社會-社會,社會-社會,,,粒積,lia̍p-tsik
102498,壓印,壓印是在不使用油墨的情況下，將圖案、文字、LOGO等直接壓在紙上的方法。​,,藝術-藝術,,,,硩印,teh-ìn
102499,壓歲錢,舊俗於除夕尊長給小孩的錢，稱為「壓歲錢」。,社會-生活課程 自然科學-生活課程 藝術-生活課程 綜合活動-生活課程,社會-社會,,,,紅包 過年錢 硩年錢,âng-pau kuè-nî-tsînn teh-nî-tsînn
102500,應變變因,實驗中隨操控(作)變因改變後，實驗結果也隨之改變的變因。,,,自然科學-自然科學,自然科學-理化,,應變變因,ìng-piàn piàn-in
102501,戲曲,中國傳統舞臺表演的藝術形式。係綜合文學、音樂、舞蹈、武術等藝術，由演員以歌舞、動作、對白演出故事。,,藝術-藝術,語文-國語文,語文-國語文,語文-國語文,戲曲,hì-khik
102502,戲偶,戲偶身之軀幹與四肢都是用布料做出的服裝；演出時，將手套入戲偶的服裝中進行操偶表演。,,,藝術-藝術,,,戲尪仔 尪仔,hì-ang-á ang-á
102503,戲劇反應,進行劇場遊戲的體驗，身心理所感受到的反應。,,藝術-藝術,,,,戲劇反應,hì-kio̍k huán-ìng hì-ki̍k huán-ìng
102504,擊樂器,是一種以敲、打、搖動、摩擦、刮等產生聲音的樂器族群。為英語percussion的意譯。主要分為有確定音高與無確定音高兩種。現在一般西洋音樂常用的打擊樂器有定音鼓、大鼓、小鼓、三角鐵、鈴鼓、木琴、木魚、響板等。而中國傳統音樂中，也有不少打擊樂器，如特磬、編磬、鏞鐘、鎛鐘、雲鑼、鐃鈸、大鼓、堂鼓等皆是。也稱為「敲擊樂器」。,,藝術-藝術,,藝術-音樂,,擊樂器,kik-ga̍k-khì
102505,擬人化,將動物、抽象觀念或其他無生命的事物，賦予人類的形體、性格、情感等，使之表現人的舉動或思想情感的一種描寫方法。,,,,語文-國語文,,擬人化,gí-jîn-huà
102506,擬人法,一種修辭的方法。是以人類的性格、情感，賦予人以外的其他事物。,,,語文-國語文,語文-國語文,,擬人法,gí-jîn-huat
102507,濫墾,過度且不當地開墾。,,,自然科學-自然科學,,,濫糝開墾,lām-sám khai-khún
102508,營養素,從外界攝取以維持生命成長發育所需的物質，稱為「營養素」。一般分為蛋白質、脂肪、醣類、維生素和礦物質等五大類。水亦為重要營養素的一種。,,健康與體育-健康與體育,健康與體育-健康與體育,健康與體育-健康教育,,營養素,îng-ióng-sòo
102509,營養繁殖,營養繁殖是植物繁殖方式的一種，不通過有性途徑，而是利用營養器官：根、葉、莖等繁殖後代。營養繁殖能夠保持某些栽培物的優良性徵，而且繁殖速度較快。,,,自然科學-自然科學,,,營養繁殖,îng-ióng huân-si̍t
102510,環保,環境保護。泛指保護地表上有益於人類及其他生物賴以生活、生存的空間、資源及其他相關事物。,健康與體育-健康與體育 社會-生活課程 自然科學-生活課程 藝術-生活課程 綜合活動-生活課程,社會-社會,社會-社會,,社會-地理,環保,khuân-pó huân-pó
102511,環保人士,推動環保議題、促進人民重視環保的人士。,,藝術-藝術,,,,環保人士,khuân-pó jîn-sū huân-pó jîn-sū
102512,環保行動,為了保護人類以及其他生活在地球上的生物賴以生存的空間、環境與資源所付出的努力以及實際作為。,,,社會-社會,,,環保行動,khuân-pó hîng-tōng huân-pó hîng-tōng
102513,環保局,縣市政府中的一個機構。對本縣市的空氣、水源、噪音等汙染進行防治。目的在保護自然環境及維護生態平衡，並追求合於縣、市民的健康、安定、舒適的環境品質。,,社會-社會,,,,環保局,Khuân-pó-kio̍k Huân-pó-kio̍k
102514,環境,1.泛指地表上影響人類及其他生物賴以生活、生存的空間、資源以及其他有關事物的綜合。 2.周圍地方的狀況。,,自然科學-自然科學,,,,環境,khuân-kíng
102515,環境汙染,人類所居住的環境，如空氣、水質、土地等，受到化學物品、廢氣、廢水、垃圾、噪音等人為因素的改變，而影響自然生態系統的平衡，或使環境成分與狀態發生變化，進而影響人類的生活品質，並危及人類的生存。,,社會-社會,社會-社會,社會-地理 健康與體育-健康教育 自然科學-生物,社會-地理,環境汙染,khuân-kíng u-jiám khuân-kíng ù-jiám
102516,環境影響評估,指開發行為或政府政策對環境包括生活環境、自然環境、社會環境及經濟、文化、生態等可能影響之程度及範圍，事前以科學、客觀、綜合之調查、預測、分析及評定，提出環境管理計畫，並公開說明及審查。環境影響評估工作包括第一階段、第二階段環境影響評估及審查、追蹤考核等程序。,,社會-社會,自然科學-自然科學,,,環境影響評估,khuân-kíng íng-hióng phîng-kóo
102517,瞳孔,為眼珠前方，虹膜中心的圓孔。可隨瞳孔括約肌和瞳孔擴大肌的作用，使瞳孔縮小或擴大，以調節進入眼內的光線量。,,自然科學-自然科學,自然科學-自然科學,自然科學-生物,,烏仁 尪仔仁 尪仔頭,oo-jîn ang-á-jîn ang-á-thâu
102518,縮小圖,將原物件縮小的圖。,數學-數學,,,,,縮小圖,sok-sió-tôo
102519,縮圖,縮小原比例所繪製的圖。,,,數學-數學,,,縮圖,sok-tôo
102520,縮寫,拼音文字中，對於常用的語詞只簡寫其中一、兩個字母的方法。,,語文-國語文,語文-國語文,,,縮寫,sok-siá
102521,縱軸,直角坐標中鉛垂的軸線。,,數學-數學,,數學-數學,,縱軸,tshiong-ti̍k
102522,總統直選,由選民直接投票選出總統，相對概念為間接選舉。我國於1994年，第二屆國大臨時會中正式通過「總統、副總統由人民直接選舉」的憲法增修條文第10條，明訂「總統選舉方式自第九任總統改由人民直接投票產生」。,,,社會-社會,社會-歷史,社會-歷史 社會-公民與社會,總統直選,tsóng-thóng ti̍t-suán
102523,總筆畫數,一個字所有筆畫的數量。,語文-國語文,語文-國語文,,,,總字劃數,tsóng jī-ue̍h-sòo
102524,總督府,是殖民主義者派駐殖民地的行政首長居住和辦公地點。例如臺灣總督府是臺灣日治時期的最高統治機關。,,,社會-社會,社會-歷史,,總督府,Tsóng-tok-hú
102525,繁衍,因繁殖而逐漸增多或增廣。,,,自然科學-自然科學,自然科學-生物,,繁衍 生湠 傳種 湠種,huân-ián senn-thuànn thn̂g-tsíng thuànn-tsíng
102526,繁殖,繁衍生殖。,,,自然科學-自然科學,,自然科學-生物,生湠 湠種,senn-thuànn thuànn-tsíng
102527,聯合國,第二次世界大戰後，由中、美、英、蘇等國於西元1954年所發起的國際組織。總部設在紐約。主要機構有聯合國大會、安全理事會、經濟和社會理事會、祕書處等。宗旨在維持世界和平與安全，並促進國際間的友好合作。,,,社會-社會,社會-地理 社會-歷史 健康與體育-健康教育,社會-地理 社會-歷史 社會-公民與社會,聯合國,Liân-ha̍p-kok
102528,聯合國兒童基金會,聯合國兒童基金會是聯合國一個專門機構，於1946年12月11日在聯合國大會上成立，總部設於美國紐約，對開發中國家的母親和孩子進行長期的人道主義和發展援助。作為一個志願性的基金機構，聯合國兒童基金會依靠政府和私人的捐助。他的項目著重於提高社區服務水平，以提高兒童的健康。,,,社會-社會,,,聯合國兒童基金會,Liân-ha̍p-kok Jî-tông Ki-kim-huē
102529,聯合國教科文組織,聯合國附屬機構之一，英文簡稱為UNESCO。西元1946年成立，總部在巴黎。目的在於教育、科學與文化方面促成國際合作，以增進對正義法律與人權和聯合國憲章保障的基本自由。下設教育、自然科學、社會科學、文化與傳播資訊等五大領域。該組織贊助支持的項目包括文字和科技教師的訓練、國際科學課程、媒介自主與新聞自由、文化多樣性、世界文學翻譯、世界自然文化遺產之確保、數位落差的減少等。簡稱為「聯合國教科文組織」。,,,社會-社會,,社會-歷史 社會-公民與社會,聯合國教科文組織,Liân-ha̍p-kok Kàu-kho-bûn Tsoo-tsit
102530,聯想,由於某人、事或物而想起其他相關的人、事或物。亦指由某個概念而引發其他相關概念的現象。,,語文-國語文,語文-國語文,語文-國語文,語文-國語文,聯想,liân-sióng
102531,聲音三要素,聲音由音調、響度及音色三個要素組成。,,,自然科學-自然科學,自然科學-理化,,聲音三要素,siann-im sann-iàu-sòo
102532,聲帶,1.動物喉頭中間附列的兩條韌帶。繃於喉頭軟骨的兩旁，中留三角形的聲門， 2.錄有聲跡的膠片或磁帶。有光學聲帶及磁性聲帶。呼氣時，氣過聲門，激韌帶顫動而發聲。,,,藝術-藝術,,藝術-音樂,聲帶,siann-tuà
102533,聲符,形聲字的結構中表示讀音的部分，稱為「聲符」。,語文-國語文,,語文-國語文,語文-國語文,,聲符,siann-hû
102534,聲部,1.在音樂演奏和歌唱中，根據聲音的高低不同，分成若干部分，稱為聲部。 2.音樂上指凡結合兩行以上的旋律，或兩個以上的音同時進行，其中每一行旋律即為一個聲部。如混聲四部合唱分女高音、女低音、男高音、男低音四個。,,,藝術-藝術,藝術-音樂,藝術-音樂,聲部,siann-pōo
102535,聲調,1.聲音高低升降的調子。如國音所分的陰平聲、陽平聲、上聲、去聲、輕聲等讀法，或音樂中音階的高低。 2.詩文字句中音韻配置的抑揚頓挫。,語文-國語文,語文-國語文,語文-國語文,語文-國語文 藝術-音樂,,聲調,siann-tiāu
102536,聲響,聲音。,,藝術-藝術,,,藝術-音樂,聲音,siann-im
102537,臀鰭,魚類肛門後，腹中線的鰭。,,自然科學-自然科學,,,,臀鰭 尾鰭,tûn-kî bué-kî
102538,臨時動議,開會時，不屬預定的議事程序中，所提出的建議。,,社會-社會,,社會-公民與社會,,臨時動議,lîm-sî tōng-gī
102539,賽跑,一種比賽跑步速度的運動。包括短距離、中距離、長距離、超長距離、跨欄、接力、障礙和越野賽跑。,社會-生活課程 自然科學-生活課程 藝術-生活課程 綜合活動-生活課程,綜合活動-綜合活動 健康與體育-健康與體育,健康與體育-健康與體育,,,走相逐 走相掠 走標,tsáu-sio-jiok tsáu-sio-lia̍h tsáu-pio
102540,隱私,隱密而不使人知道的私事。,健康與體育-健康與體育,社會-社會,社會-社會,社會-公民與社會 健康與體育-健康教育,,隱私,ún-su
102541,隸書,漢字的一種字體。由篆書演化而成。創始於秦，通行於漢、魏。,,,語文-國語文,語文-國語文,,隸書,lē-su
102542,霜,接近地面的水蒸氣，遇冷而凝結成白色的結晶顆粒。,,自然科學-自然科學,自然科學-自然科學,自然科學-地球科學,自然科學-地球科學,霜,sng song
102543,點,1.計時的單位。一個小時稱為「一點」。 2.幾何學上稱沒有長、寬、厚、薄，而只有位置的為「點」。 3.小數點。如33.5讀作三十三點五。,數學-數學,,,數學-數學,數學-數學,點,tiám
102544,點燃,引火使其燃燒。,,自然科學-自然科學,,自然科學-理化,,點著,tiám-to̍h
102545,點鐘,量詞。計算時間的單位。1點鐘為1小時。,數學-數學,,,,,點鐘,tiám-tsing
102546,叢生,樹木聚集在一處生長。,,自然科學-自然科學,,自然科學-生物,,密密生,ba̍t-ba̍t-senn
102547,擴分,一個分數的分子與分母，同時乘上不是零的數，使分子與分母增大，而比值不變。,數學-數學,,數學-數學,數學-數學,數學-數學,擴分,khok-hun
102548,擴寫,指不改變句子的意思，而增加時間、地點、人物、形容景物或描寫動作的語詞，使句子變長，讓表達的意思更具體、更清楚的敘寫方式。,,語文-國語文,語文-國語文,,,擴寫,khok-siá
102549,擺長,單擺擺動的圓弧圓心到擺錘的距離。 ,,自然科學-自然科學,,自然科學-理化,自然科學-地球科學,擺長,pái-tn̂g
102550,擺動,搖擺移動。,,自然科學-自然科學,,自然科學-理化,,擺動 幌振動,pái-tōng hàinn-tín-tāng
102551,擺錘,懸掛於擺線末端的重物。,,自然科學-自然科學,,自然科學-理化,,鐘擺 hi̍t-á,tsing-pái hi̍t-á
102552,擺鐘,單擺的擺繩下懸掛的重物。,,自然科學-自然科學,,自然科學-理化,,搖擺鐘仔,iô-pái tsing-á
102553,斷音,在音符符頭的上方或下方加上一個小圓點，稱為「斷音」，表示演唱或演奏原來音符時值一半的長度。,,藝術-藝術,,,,閬音,làng-im
102554,斷路,電路中斷，以致不能通電。,,自然科學-自然科學,,自然科學-理化,,斷路 相拍電 短路,tn̄g-lōo sio-phah-tiān té-lōo
102555,斷層海岸,高山與深海平形相鄰。 臺灣東部的海岸地形是斷層海岸，海岸陡峭，沿海平原狹窄，港口較少，船隻不易停靠。主要河流出口有三角洲平原及特殊景觀清水斷崖。,,,社會-社會,社會-地理,,斷層海岸,tuān-tsân hái-huānn tuān-tsân hái-gān
102556,瀏覽,大略看看。,,,語文-國語文,,,瀏覽 影,liû-lám iánn
102557,獵戶座,星座名。跨越天球赤道，位於金牛座東南。為冬季夜空中容易辨認的星座。相當於中國的觜宿和參宿。包含亮星參宿四和參宿七。,,,自然科學-自然科學,自然科學-地球科學,自然科學-地球科學,獵戶座,La̍h-hōo-tsō
102558,禮俗,禮儀與習俗。,,,社會-社會 健康與體育-健康與體育,,,禮俗 人情世事,lé-sio̍k jîn-tsîng-sè-sū
102559,簡化計算,在一個算式中，從數個簡化的結果中找出規律的計算方法。,,,數學-數學,,數學-數學,簡化計算,kán-huà kè-sǹg
102560,簡化問題,1.將題目中的因子單純化，例如把題目中的數值改小。 2.將題目中的一個因子固定起來，再變更其他因子（如把數值改小）的方法。,,,數學-數學,,,簡化問題,kán-huà būn-tê
102561,簡單機械,能夠改變力的最基本機械設備，是複雜機械的基礎。可分為槓桿類和斜面類；槓桿類包括槓桿、滑輪、齒輪、輪軸等；斜面類包括斜面、螺旋和楔等。,,自然科學-自然科學,自然科學-自然科學,自然科學-理化,,簡單機械,kán-tan ki-hāi kán-tan ki-kài
102562,織女星,星名。屬天琴座，是夏秋夜空中一顆明亮的星，隔銀河與牽牛星相對。也稱為「天女」、「天孫」、「織女」。,,,自然科學-自然科學,自然科學-地球科學,自然科學-地球科學,織女星,Tsit-lí-tshenn
102563,繞口令,一種語言遊戲。將漢語中聲母、韻母、聲調容易混同的文字交錯編成句子，使人唸起來有些拗口，說快了則容易發生錯誤。,,語文-國語文,,,,盤喙錦,puânn-tshuì-gím puânn-tshuì-kím
102564,臍帶,連接胎兒與胎盤的帶狀構造，內含臍動脈與臍靜脈，胎兒經此由母體吸取養分並排出代謝物。,,,自然科學-自然科學,自然科學-生物,,臍帶,tsâi-tuà
102565,舊石器時代,考古學上指人類文化最早的一個階段。大約始於兩百萬年前，持續至一萬兩千年前，共占人類歷史的百分之九十九以上。以狩獵、捕魚和採集方式維生，而以使用打製石器為其特徵。因工具技術的不同，分為早、中、晚三期。至舊石器時代的後期，人類演化已至智人階段，精神生活愈見豐富。,,,社會-社會,社會-歷史,,舊石器時代,Kū-tsio̍h-khì Sî-tāi
102566,舊石器時期,考古學上指人類文化最早的一個階段。大約始於兩百萬年前，持續至一萬兩千年前，共占人類歷史的百分之九十九以上。以狩獵、捕魚和採集方式維生，而以使用打製石器為其特徵。因工具技術的不同，分為早、中、晚三期。至舊石器時代的後期，人類演化已至智人階段，精神生活愈見豐富。,,,社會-社會,,,舊石器時期,Kū-tsio̍h-khì Sî-kî
102567,藍地黃虎旗,臺灣民主國國旗，為1895年5月23日至10月期間於臺灣建立的臺灣民主國所使用的國旗，因其樣式為藍地黃虎，又稱「藍地黃虎旗」，同日，唐景崧發表「臺灣民主國獨立宣言」。過去一直被認為只有單面，國立臺灣博物館經過一年半的考證修復，2012年確定黃虎旗原來是雙面。正反兩面的老虎眼睛分別為白晝、闇暝與太極陰陽，象徵「日夜護國」。,,,社會-社會,社會-歷史,,藍地黃虎旗,nâ-tē n̂g-hóo-kî
102568,藍色公路,指利用船舶載客航行於水上，功能包括代替陸地上的交通運輸，也包含海上觀光遊覽的特性。,,,社會-社會,,,藍色公路,nâ-sik kong-lōo
102569,藍色石蕊試紙,藍色石蕊試紙是將濾紙浸入於石蕊的鹼性溶液中，經過晾乾後成為藍色。藍色石蕊試紙遇到酸性物質，會轉變為紅色。,,自然科學-自然科學,自然科學-自然科學,,,藍色石蕊試紙,nâ-sik tsio̍h-luí-tshì-tsuá
102570,藏書票,貼在自己所藏書籍扉頁前的標籤。往往是選擇一種特殊的圖誌以示所有。,,,藝術-藝術,藝術-視覺藝術,,藏書票,tsông-su-phiò
102571,豐水期,一區域在一年中降雨量特別豐富的時期。此時水庫蓄水量充裕，河川流量大，土壤含水量高，一切用水不虞匱乏。,,,社會-社會,社會-地理,,厚水期,kāu-tsuí-kî
102572,豐年祭,為臺灣原住民族收穫粟後舉行之祭典，有慶祝或祈求豐穫之義，有伴以歌舞，亦有純行儀式者。粟成熟收穫後舉行，亦稱收穫祭；最富盛名的是每年七、八月間花蓮、臺東地區阿美族部落的豐年祭。,,社會-社會 藝術-藝術,社會-社會,,社會-歷史,豐年祭,hong-nî-tsè hong-liân-tsè
102573,贅詞,過多不必要的話，或是重複同樣意思的詞語。,,語文-國語文,語文-國語文,,,話屎 加話,uē-sái ke-uē
102574,軀幹,1.人體由頸部至臀部的部分。 2.泛指身體。,,自然科學-自然科學,,自然科學-生物,,身軀身,sin-khu-sin
102575,轉化,描述一件事物時，轉變它原來的性質，化成另一種與本質截然不同之事物的修辭法。作用在於增加「人生情趣」。,,,語文-國語文,語文-國語文,,轉化,tsuán-huà
102576,轉告,輾轉傳達。,,語文-國語文,,,,寄話 ,kià-uē
102577,轉折句,由兩有轉折關係的分句組成，前後分句的意思相反或相對的句子。,,語文-國語文,語文-國語文,,,轉折句,tsuán-tsiat-kù
102578,轉注,六書之一。由一形衍化，音近義同，可以輾轉相注。,,,語文-國語文,,,轉注,tsuán-tsù
102579,醫療資源,醫療資源是指提供醫療服務的生產要素的總稱，通常包括人員、醫療費用、醫療機構、醫療床位、醫療設施和裝備、知識技能和信息等。,健康與體育-健康與體育,,健康與體育-健康與體育,社會-公民與社會,社會-公民與社會,醫療資源,i-liâu tsu-guân
102580,鎮公所,縣以下的地方自治單位。設鎮長一人，綜理鄉（鎮市區）政。分設民政、財政、建設、戶籍、兵役等課，分掌各有關事項。,,社會-社會,社會-社會,,社會-公民與社會,鎮公所,tìn-kong-sóo
102581,鎳氫電池,是由鎳鎘電池改良而來的，其以能吸收氫的金屬代替鎘。它以相同的價格提供比鎳鎘電池更高的電容量、較不明顯的記憶效應、以及較低的環境污染（不含有毒的鎘）。其回收再用的效率比鋰離子電池好，被稱為是最環保的電池。,,自然科學-自然科學,,自然科學-理化,自然科學-化學,鎳氫電池,gia̍t-khing tiān-tî
102582,雙氧水,過氧化氫的水溶液。無色，味微酸。醫藥上用來做為傷口消毒劑，化學上可用做氧化或還原劑。,,自然科學-自然科學,自然科學-自然科學,自然科學-理化,自然科學-化學,滾藥水,kún-io̍h-tsuí
102583,雜食動物,不論是動、植物，都可作為食物的動物。,,自然科學-自然科學,,,,雜食動物,tsa̍p-si̍t tōng-bu̍t
102584,雞籠,基隆市舊名。,,,社會-社會,社會-歷史,社會-歷史,雞籠,Ke-lâng
102585,離島,不與附近大陸塊相連的島嶼。,,社會-社會,社會-社會,社會-地理,社會-歷史,離島,lî-tó lī-tó
102586,題目,1.文章或詩篇的標名。 2.考試時要求應試人作答的問題。,,語文-國語文,,語文-國語文,語文-國語文,題目,tê-bo̍k tê-ba̍k
102587,顏料,繪畫、油漆時用來著色的材料。,,藝術-藝術,藝術-藝術,藝術-視覺藝術,藝術-美術,色料,sik-liāu
102588,鵝鑾鼻,地名。位於臺灣最南端，屬屏東縣，瀕巴士海峽。地勢東高西低，沿岸滿布珊瑚礁。南部高約94公尺的孤立山峰上，有巨型燈塔，初建於清德宗光緒八年（西元1882年），後因戰爭被毀，重建後成為高18公尺的白色圓柱形燈塔，燈光每10秒鐘閃爍一次，強度可達20海里，有「東亞之光」的美稱。其西側礁石林立，已闢建為公園，具有峽谷、洞穴、奇岩等自然景觀，為著名的觀光勝地。,,,社會-社會,社會-地理,,鵝鑾鼻,Gô-luân-phīnn
102589,壞菌,條件性有害菌，在一定條件下對人體有害，稱之為壞菌。,,,自然科學-自然科學,,,歹菌,pháinn-khún
102590,繪本,具故事情節、以圖畫為主體的書籍。,,,,語文-國語文,,繪本 畫本,huē-pún uē-pún
102591,羅馬字母拼音,「羅馬字母拼音」的定義是指用全世界通用的26個羅馬字母來拼寫任何一種語言，拼寫德文時叫做「德文字母」，拼寫日語時叫做「日語字母」，拼寫英文時才叫做「英文字母」。,,,,社會-歷史,,羅馬字,Lô-má-jī
102592,藝文活動,與藝術和文學有關的活動。,,社會-社會,,,,藝文活動,gē-bûn ua̍h-tāng gē-bûn ua̍h-tōng
102593,藝術,1.人所創作，以形象、聲音等表達概念，具有審美價值的事物。如詩詞歌賦、戲劇、音樂、繪畫、雕塑、建築等。 2.比喻富有技巧或創造性的方法或模式。,,藝術-藝術,,,,藝術,gē-su̍t
102594,藝術家,從事藝術工作而有相當成就的人。,,藝術-藝術,,藝術-視覺藝術 藝術-表演藝術,,藝術家,gē-su̍t-ka
102595,藝術創作,指藝術家以一定的世界觀為指導，運用一定的創作方法，通過對現實生活觀察、體驗、研究、分析、選擇、加工、提煉生活素材，塑造藝術形象，創作藝術作品的創造性勞動。,,藝術-藝術,,,,藝術創作,gē-su̍t tshòng-tsok
102596,識字,認識字。,語文-國語文,語文-國語文,,,,捌字,bat-jī pat-jī
102597,蹼,水鳥或爬蟲類趾間的薄膜。,,自然科學-自然科學,,自然科學-生物,,跤扒,kha-pê
102598,辭典,一種工具書。依據詞彙體系及一定的編輯體例蒐集詞、詞組、短語等資料，並加以解釋，以備查索、參考的工具書。可分普通及專業兩種。也作「詞典」。,語文-國語文,語文-國語文,語文-國語文,語文-國語文,,辭典,sû-tián
102599,邊,幾何學中夾成角或構成多角形的線段。,數學-數學,,,數學-數學,數學-數學,邊,pinn
102600,邊長,幾何圖形兩個相鄰頂點之間線段的長度。,數學-數學,數學-數學,,數學-數學,數學-數學,邊長,pinn-tn̂g
102601,鏡座,顯微鏡之最底部，固定並支撐顯微鏡。,,,自然科學-自然科學,自然科學-生物,,鏡座,kiànn-tsō
102602,鏡臂,支撐鏡筒及調節輪。也是拿取顯微鏡時手握住的地方。,,,自然科學-自然科學,自然科學-生物,,鏡臂,kiànn-pì
102603,關係圖,在數學上，二元關係用於討論兩種物件之間的聯繫，其所繪製而成的圖表稱為「關係圖」。,,,數學-數學,,,關係圖,kuan-hē-tôo
102604,關稅,為保護本國產業，凡貨物經過國境時，所課徵的租稅。,,,社會-社會,社會-地理 社會-歷史,社會-歷史,關稅,kuan-suè
102605,關節,身體中骨與骨相銜合而可轉動的部分。,健康與體育-健康與體育,健康與體育-健康與體育 自然科學-自然科學,綜合活動-綜合活動 健康與體育-健康與體育 自然科學-自然科學,健康與體育-健康教育 自然科學-生物,自然科學-生物,關節,kuan-tsat
102606,關鍵句,閱讀時採摘錄式紀錄段落重點的句子。,,語文-國語文,,語文-國語文,,關鍵句,kuan-kiān-kù
102607,關鍵字詞,描述內容的字詞。,,語文-國語文,語文-國語文,語文-國語文,,關鍵字詞,kuan-kiān jī-sû
102608,霧,空氣中接近地面的水蒸氣，因遇冷凝結成小水滴或冰晶，而漂浮在地表的一種現象。能見度低於1公里。,,,自然科學-自然科學,自然科學-地球科學,自然科學-地球科學,雺 霧 雺霧,bông bū bông-bū
102609,霧社事件,日治時期霧社泰雅族部落的抗日事件。日人治臺期間，實施「理蕃政策」，高壓歧視部落，部落族人怨憤至深。昭和五年（西元1930年）因日警吉村在婚禮上羞辱頭目之子莫那魯道率領族眾，趁舉行運動會時襲殺日軍、警百餘人。日軍調兵圍剿，莫那魯道負險頑抗，但勢孤力窮而失敗自殺。事至十二月初結束，計五十多天。臺灣光復後，政府立碑供人追思憑弔。,,,社會-社會,社會-歷史,社會-歷史,霧社事件,Bū-siā Sū-kiānn
102610,韻律,1.古代詩詞的平仄格式與押韻規則，亦指西方詩歌的節奏，以音節或音步為單位；一指散文作品中規則的律動。 2.舞蹈時以動作表現音樂的強弱、速度等稱為「韻律」。,,語文-國語文 藝術-藝術,語文-國語文,語文-國語文,語文-國語文,韻律,ūn-lu̍t
102611,韻腳,韻文句末所押的韻。,,,語文-國語文,語文-國語文,語文-國語文,韻跤,ūn-kha
102612,類句,類疊修辭法的一種，將同一個句子間隔重複使用。,,,語文-國語文,,,類句,luī-kù
102613,類字,類疊修辭法的一種，將同一個字詞間隔重複使用。,,,語文-國語文,,,類字,luī-jī
102614,類疊,修辭學上指同一個字詞語句，重疊反覆使用，或隔離反覆使用。,,語文-國語文,語文-國語文,語文-國語文,,類疊,luī-thia̍p luī-tha̍h
102615,懸浮微粒,懸浮顆粒或稱懸浮微粒、大氣懸浮微粒、顆粒，泛指懸浮在空氣中的固體顆粒或液滴，顆粒微小甚至肉眼難以辨識但仍有尺度的差異。,,,自然科學-自然科學,,自然科學-地球科學,懸浮微粒,hiân-hû-bî-lia̍p
102616,懸問,設問修辭的一種，作者心中真正有疑惑，所以把疑問在文章中提出。,,,語文-國語文,,,懸問 疑問,hiân-būn gî-būn
102617,礦物,一種經自然作用形成的無機物。具有一定的晶體構造，可以用化學式表示的化合物，物理性質相對固定。除了水銀之外，多以固體形態呈現。,,,自然科學-自然科學,自然科學-地球科學,自然科學-地球科學,礦物,khòng-bu̍t
102618,礦物質,含礦物成分的物質。在人體中約有鈣、磷、鐵等二十餘種礦物質，主要功能為構造細胞組織、調節生理機能。,,健康與體育-健康與體育,健康與體育-健康與體育,健康與體育-健康教育,,礦物質,khòng-bu̍t-tsit
102619,競爭力,相互競爭的能力。在市場上與同業競爭所表現之優勢力量。,,社會-社會,社會-社會,社會-地理 社會-歷史,社會-歷史,競爭力,kīng-tsing-li̍k kìng-tsing-li̍k
102620,籃球,一種球類運動。由美國人詹姆斯‧奈史密斯於西元1891年發明。因早期將球投於桃籃而稱「籃球」。並吸收橄欖球、足球、曲棍球和其他戶外球類運動規則，制定13條簡則。西元1893年成立國際業餘籃球會後，成為奧運正式比賽項目。西元1976年納入女子奧運正式比賽項目。,,綜合活動-綜合活動 健康與體育-健康與體育,綜合活動-綜合活動 健康與體育-健康與體育,健康與體育-體育,,籃球,nâ-kiû
102621,觸角,昆蟲、節足或軟體動物的感覺器官。生於頭部兩側、複眼近旁的觸角窩內，具有觸覺、嗅覺、及聽覺的機能，有絲狀、鞭狀、羽狀等等。如蝦、蟹的鬚，蝸牛、田螺頭部上的軟角。也稱為「觸鬚」。,,自然科學-自然科學,,自然科學-生物,,觸角,tshiok-kak
102622,觸電,動物的軀體接觸電流。所受的傷害，依電流強度和時間長短而有所不同，輕者感受到震擊，重者立即昏迷或死亡。,,自然科學-自然科學,自然科學-自然科學,自然科學-理化,,電著,tiān--tio̍h
102623,觸覺,皮膚輕觸外物所產生的感覺。,,藝術-藝術 自然科學-自然科學,,,,觸覺,tshiok-kak
102624,譬喻,一種借彼喻此的修辭法。凡二件或二件以上的事物中有類似之點，說話作文時運用有類似點的事物，來比方說明這件事物的方法。可以利用舊經驗引起對新事物的認識。,,語文-國語文,語文-國語文,語文-國語文,語文-國語文,譬喻 比喻 比論,phì-jū pí-jū pí-lūn
102625,譯,將一種語言文字，轉換為另一種語言文字，使人易於瞭解。,,語文-國語文,,語文-國語文,語文-國語文,翻譯,huan-i̍k
102626,譯者,翻譯著作的人。,,,語文-國語文,語文-國語文,語文-國語文,譯者,i̍k-tsiá
102627,議員,代議政治的國家，由人民選出具有合法資格，可代表人民行使政權的人。,,社會-社會,,,社會-公民與社會,議員,gī-uân
102628,議會,由人民代表組成的參政機關。可行使立法權。在內閣制國家中，且負有監督政府的權力。,,社會-社會,社會-社會,,社會-歷史 社會-公民與社會,議會,gī-huē
102629,議論,1.批評討論。 2.見解、說法。,,,語文-國語文,語文-國語文,語文-國語文,議論,gī-lūn
102630,議論文,文體名。旨在論證說明。,,,語文-國語文,語文-國語文,語文-國語文,議論文,gī-lūn-bûn
102631,釋文,注釋文字音義。,,,語文-國語文,,,釋文,sik-bûn
102632,鰓,魚類的呼吸器官。位在頭部的兩頰，用來吸取溶解在水裡的氧氣。,,自然科學-自然科學,,自然科學-生物,,鰓,tshi
102633,屬名,又稱雙名法，依照生物學上對生物種類的命名規則，爾後成為種的學名形式。每個物種學名的由兩個部分構成：屬名和種小名。此指所給定的學名之形式指拉丁詞或希臘詞或拉丁化的其他文字構成。,,,自然科學-自然科學,自然科學-生物,,屬名,sio̍k-miâ
102634,續寫,為一種寫作的基礎練習。就是把沒有寫完的文章或句子接續完成。,,語文-國語文,語文-國語文,,,紲接寫,suà-tsiap-siá
102635,纏足,舊時婦女用布帛緊裹雙足，使之纖小，以為美觀。纏足之風，始於五代，至宋朝大盛，遍及全國。也作「纏腳」。,,,社會-社會,社會-歷史,社會-歷史,縛跤,pa̍k-kha
102636,蘭陽溪,河川名。位於臺灣東北部，源於中央山脈，東流入太平洋。原名「宜蘭濁水溪」，長68公里，是宜蘭縣境內最大的河流。,,,社會-社會,,,蘭陽溪,Lân-iâng-khe Lân-iông-khe
102637,蘭嶼,島名。位於臺東縣東南海面，為臺灣所屬第二大島。面積48平方公里。原名「紅頭嶼」，因盛產蝴蝶蘭，而於民國35年改稱為「蘭嶼」。除沿海平原外，全為崎嶇山地。島嶼周圍多珊瑚礁，居民為雅美族（達悟族），以捕魚為生。是著名的觀光勝地。,,社會-社會,社會-社會,社會-地理,,蘭嶼 紅頭嶼,Lân-sū Âng-thâu-sū
102638,蠟質,表皮蠟質是覆蓋在植物角質層上的一種主要由直鏈脂肪烴和各種取代基構成的物質，可以防止植物表皮被弄濕及水分喪失。,,自然科學-自然科學,,,,蠟質,la̍h-tsit
102639,鐵人三項,一種體育競賽項目。西元1974年發源於美國。參加者必需先游泳1.5公里，再騎自行車40公里，再競跑馬拉松10公里，以所花時間短者為優勝。,,,健康與體育-健康與體育,健康與體育-健康教育,,鐵人三項,thih-lâng sann hāng
102640,鐵片,平薄而呈片狀的鐵。,,自然科學-自然科學,,自然科學-理化,,鐵鉼,thih-phiánn
102641,鐵生鏽,鐵放的時間長了就會生鏽。鐵容易生鏽，除了由於它的化學性質活潑以外，同時與外界條件也有很大關係。水分是使鐵容易生鏽的物質之一。,,,自然科學-自然科學,,,鐵生鉎,thih senn-sian
102642,鐵路,鋪設鐵軌，供火車、電車通行的道路。也稱為「鐵道」。,,社會-社會,社會-社會,社會-地理 社會-歷史,社會-地理 社會-歷史,鐵路 鐵枝路 鐵枝仔路 火車路,thih-lōo thih-ki-lōo thih-ki-á-lōo hué-tshia-lōo
102643,鐵製品,用鐵製成的東西、物件。,,自然科學-自然科學,,自然科學-理化,,鐵製品,thih-tsè-phín
102644,露,靠近地面的水蒸氣，夜間遇冷而凝結成的小水珠。,,,自然科學-自然科學,自然科學-地球科學,自然科學-地球科學,露水,lōo-tsuí
102645,魔方陣,為一數學問題，規則是方陣中每一行、每一列以及對角線三個數字的總和都要相等。,數學-數學,,,,,魔方陣,môo-hong-tīn
102646,鰭,魚類和其他水生脊椎動物的楫狀游泳器官，由刺狀的硬骨或軟骨間所張膜質而成。有調節運動速度、變換游泳方向以及保護身體的作用。,,自然科學-自然科學,,自然科學-生物,,鰭,kî
102647,權利,1.權勢和貨財。 2.人民依法律規定而應享有的利益。,,社會-社會,社會-社會,社會-公民與社會,社會-公民與社會,權利,khuân-lī kuân-lī
102648,歡迎,1.高興某人來而迎接他。 2.誠心希望，樂意接受。,健康與體育-健康與體育,健康與體育-健康與體育,綜合活動-綜合活動,,,歡迎,huan-gîng
102649,歡送詞,用於送別場合發表的短文。,,,語文-國語文,,,歡送詞,huan-sàng-sû
102650,歡唱,快活的歌唱。,,藝術-藝術,,,,歡唱,huan-tshiùnn
102651,疊句,詩詞戲曲文章中，重複使用的句子，稱為「疊句」。,,,語文-國語文,語文-國語文,,疊句,tha̍h-kù
102652,疊字,複詞的一種。由兩個相同的單字，重疊組成的詞語，稱為「疊字」。,,語文-國語文,語文-國語文,語文-國語文,,疊字,tha̍h-jī
102653,聽故事,利用故事的聆聽一種語文學習活動。,語文-國語文,語文-國語文,,,,聽故事,thiann kòo-sū
102654,聽覺,耳中受聲音的刺激，由神經傳於大腦所形成的知覺。,,藝術-藝術,,健康與體育-健康教育,,聽覺,thiann-kak
102655,讀者,閱讀書報雜誌文章的人。,,語文-國語文,語文-國語文,語文-國語文,語文-國語文,讀者,tho̍k-tsiá
102656,讀後心得,在閱讀文章後紀錄心中領會及所得的文體。,語文-國語文,語文-國語文,語文-國語文,,,閱讀心得,ua̍t-tho̍k sim-tik
102657,讀音,字的唸法。,語文-國語文,語文-國語文,語文-國語文,語文-國語文,,讀音,tha̍k-im
102658,讀音,漢字在文言詞裡的唸法。如：追奔逐北的「北」，讀音為ㄅㄛˋ，語音為ㄅㄟˇ。,,,語文-國語文,語文-國語文,,讀音 文讀 文音,tho̍k-im bûn-tho̍k bûn-im
102659,讀書報告,指有系統的研讀、統整，並書寫與主題有關的內容，目的是深入探討特定主題。,,,語文-國語文,,,讀冊報告 讀書報告,tha̍k-tsheh pò-kò tha̍k-tsu pò-kò
102660,讀劇,人坐在舞臺上拿著劇本，彼此沒有肢體上的互動，僅用聲音的表現來詮釋劇本演出。,,,藝術-藝術,,,讀劇,tha̍k-kio̍k tha̍k-ki̍k
102661,霾,懸浮於空氣中之煙、塵等微粒聚集形成的昏暗現象。,,,自然科學-自然科學,健康與體育-健康教育 自然科學-地球科學,,霾,bâi
102662,鬚根,植物的根。沒有明顯的主根，只有很多細長鬍鬚狀的根。,,自然科學-自然科學,,自然科學-生物,,鬚根,tshiu-kin
102663,變奏曲,根據某一主題為藍本，運用各種不同方法，陸續變化演奏出之樂曲，主題通過變奏後可得到多方面發揮。如貝多芬的Ｃ小調三十二次變奏曲。,,,藝術-藝術,藝術-音樂,,變奏曲,piàn-tsàu-khik
102664,變溫動物,隨環境溫度之不同而變化體溫之動物，稱為「變溫動物」。如魚類、兩棲類、爬蟲類及所有的無脊椎動物，都是變溫動物。也稱為「冷血動物」。,,自然科學-自然科學,,自然科學-生物,,變溫動物,piàn-un tōng-bu̍t
102665,變質岩,由變質作用所形成的岩石。是由地殼中先形成的岩漿岩或沉積岩，在環境條件改變的影響下，礦物成分、化學成分以及結構構造發生變化而形成的。,,,自然科學-自然科學,自然科學-生物,,變質岩,piàn-tsit-gâm piàn-tsit-giâm
102666,顯微鏡,一種用來觀察微小物體的光學儀器。由一直立的圓筒，與兩組凸透鏡組成。一般的顯微鏡放大倍數為100至1000倍。,,,自然科學-自然科學,自然科學-生物,自然科學-生物,顯微鏡,hián-bî-kiànn
102667,驗算,將計算好的算式，用相同方式或另一種方法再演算一遍，檢驗得出的結果是否正確。,數學-數學,,,數學-數學,,驗算,giām-sǹg
102668,驚嘆號（！）,一種標點符號。用在感嘆、命令、祈求、勸勉等語句之後。也稱為「嘆號」、「感嘆號」。,,語文-國語文,,語文-國語文,,驚嘆號 感嘆號,king-thàn-hō kám-thàn-hō
102669,體力,身體具有的力氣。,健康與體育-健康與體育,綜合活動-綜合活動,,健康與體育-體育,,體力,thé-la̍t
102670,體能,身體活動的能力。,健康與體育-健康與體育,健康與體育-健康與體育,健康與體育-健康與體育,健康與體育-體育,,體能,thé-lîng
102671,體溫,身體的溫度。人類正常的體溫維持在攝氏36度-37度。,,自然科學-自然科學,自然科學-自然科學,自然科學-生物,,體溫,thé-un
102672,體適能,身體適應生活與環境的綜合能力。,健康與體育-健康與體育,健康與體育-健康與體育,健康與體育-健康與體育,健康與體育-體育,,體適能,thé-sik-lîng
102673,體操,依據人類生活的需要而創造出鍛鍊身體的人為運動：（1）廣義的體操，是依種種規則來操練身體，目的為求強身。大約可分徒手體操、手具體操與器械體操。（2）狹義的體操，為一種運動項目，目的為求獲勝，故也稱為「競技體操」。,健康與體育-健康與體育,綜合活動-綜合活動 健康與體育-健康與體育,健康與體育-健康與體育,健康與體育-體育,,體操,thé-tshau
102674,體積,指物體在空間所占據的大小。單位是長度的立方數，如立方公尺、立方公分。,,數學-數學,,數學-數學 自然科學-理化,數學-數學,體積,thé-tsik
102675,靈感,思考活動中，忽然出現且超越平時思考層面的想法。,,藝術-藝術,,,,靈感,lîng-kám
102676,鹼性,化學物質在水溶液中可解離出氫氧根的性質，能使紅色石蕊試紙變成藍色。亦指可供給電子或接受氫離子的化學性質。,,,自然科學-自然科學,自然科學-理化,自然科學-化學,鹼性,kinn-sìng
102677,鹼性水溶液,把水溶液滴到紅色的石蕊試紙，紅色的石蕊試紙會變成藍色，稱為鹼性水溶液。如：小蘇打水、石灰水、肥皂水。,,自然科學-自然科學,,自然科學-理化,,鹼性水溶液,kinn-sìng tsuí-iông-i̍k
102678,鹼性電池,一種電解液為鹼性的乾電池。在使用時電壓幾乎不降，較適用於對電壓要求嚴格的一種電解液為鹼性的乾電池。在使用時電壓近乎不變，適用於對電壓準位要求嚴格的電器，但不適用在高溫環境或散熱不良的電器內部，因有產生氫爆之虞。電器，但不適用在高溫環境或散熱不好的電器，會產生氫爆。,,自然科學-自然科學,自然科學-自然科學,自然科學-理化,,鹼性電池,kinn-sìng tiān-tî
102679,觀光業,規劃一國的風景名勝、古蹟、文物等，並配合完善的交通、餐館、旅館等設施，以服務為主的事業。也稱為「無煙囪工業」。,,,社會-社會,社會-地理,,觀光業,kuan-kong-gia̍p
102680,觀光導覽圖,為了引導遊客觀光、導覽所繪製的地圖。,,社會-社會,,,,觀光導覽圖,kuan-kong tō-lám-tôo
102681,觀星,觀察、測量星象。,,,自然科學-自然科學,自然科學-地球科學,,觀星,kuan tshenn
102682,觀眾,觀看影視、表演、比賽、或展示的人。,,藝術-藝術,,,,觀眾,kuan-tsiòng
102683,觀測,1.觀察推測。 2.對事物的觀察與測量。,,自然科學-自然科學,,,,觀測,kuan-tshik
102684,觀測天氣,觀察、測量在一定區域和一定時間內，多種氣象要素綜合顯示的大氣狀況。,,自然科學-自然科學,,自然科學-地球科學,,觀測天氣,kuan-tshik thinn-khì
102685,觀察,仔細察看。,,自然科學-自然科學,,自然科學-地球科學,,觀察,kuan-tshat
102686,觀察力,是指大腦對事物的觀察能力，如通過觀察發現新奇的事物等，在觀察過程對聲音、氣味、溫度等事物有一個新的認識。,,藝術-藝術,,,,觀察力,kuan-tshat-li̍k
102687,A型流感,指每年週期性於人類間流行的季節性流感A(H1N1)及A(H3N2)以外，偶發出現感染人類的其他動物流感病毒，這些病毒主要感染對象為雞等禽鳥類或豬等哺乳類動物，屬於A型流感病毒，一旦感染人類，即統稱為「新型A型流感」病例。,,,健康與體育-健康與體育,,健康與體育-健康與護理,A型流感,A-hîng liû-kám
102688,B型肝炎,一種經由血液或體液傳染的病毒性肝炎。,,,健康與體育-健康與體育,健康與體育-健康教育,健康與體育-健康與護理,B型肝炎,B-hîng kuann-iām
102689,F大調音階,F大調是一個基於F音的大調，由F、G、A、B♭、C、D、E和F組成，調號有一個降號。相對小調是D小調，並行小調是F小調。,,,藝術-藝術,,,F大調音階,F tuā-tiāu im-kai
102690,G大調,G大調是一個基於G音的大調，由G、A、B、C、D、E、F♯、G組成，調號有一個升號。相對小調是E小調，並行小調是G小調。,,藝術-藝術,,藝術-音樂,,G大調,G tuā-tiāu
102691,K他命,Ｋ他命學名為氯胺酮，俗稱K仔、K粉、Ｋ他命、克他命，在臺灣，經常被稱為褲子。Ｋ他命是一種中樞神經傳導抑制劑。,,,健康與體育-健康與體育,健康與體育-健康教育,,K他命,K tha-bīng
102694,PH值,酸鹼度數值。,,,自然科學-自然科學,自然科學-理化,自然科學-化學,酸鹼度,sng-kinn-tōo
102697,一元一次不等式,如果不等式中，只有一種未知數，且未知數的次數為一次，則稱此不等式為一元一次不等式。,,,,數學-數學,數學-數學,一元一次不等式,it-guân it-tshù put-tíng-sik
102698,一日生活圈,一日生活圈是指能滿足一天生活機能的空間範圍，特別是通勤、醫藥、教育等。,,社會-社會,社會-社會,,,一日生活圈,tsi̍t-ji̍t sing-ua̍h-khuan
102701,一胎化,中國所實行的計劃生育政策。強調每對夫婦生育子女數最好一個，最多兩個，絕對不能生第三胎。,,,,社會-公民與社會,,一胎化,it-thai-huà
102702,一氧化碳（CO）,分子式CO，一種無色無臭無味的氣體，比空氣略輕，毒性極強，由炭或可燃性碳化合物燃燒不完全時產生。一氧化碳燃燒時發出淡藍色火焰，並放出大量的熱，可以用做燃料，也是化工原料。,,自然科學-自然科學,自然科學-自然科學 健康與體育-健康與體育,自然科學-理化,自然科學-化學,一氧化碳,it-ióng-huà-thuànn
102703,一氧化碳中毒,含碳物質燃燒不完全時，所產生的一氧化碳經由呼吸進入血液後，會與血紅素結合，使紅血球失去攝氧功能，產生缺氧狀態。主要症狀有頭痛、頭昏、耳鳴、麻痺等，嚴重時可導致死亡。,,,健康與體育-健康與體育,健康與體育-健康教育,,一氧化碳中毒,it-ióng-huà-thuànn tiòng-to̍k
102704,一貫道,清末新興的民間信仰，因其教義揉合儒、釋、道，強調「萬教歸一」理念，乃據論語「吾道一以貫之」命名。,,,社會-社會,,社會-歷史,一貫道,It-kuàn-tō
102705,一等星,古代天文學家將肉眼所見最亮的星星列等，稱為目視星等。最亮的為一等星，大約100顆燈泡的亮度。,,,自然科學-自然科學,,,一等星,it-tíng-tshenn
102706,乙醇,酒精的學名。一種有機化合物。可用發酵方法，亦可用石油工業的副產品乙烯，加硫酸和水反應取得。其用途廣泛，可用來燃燒、消毒等。俗稱為「酒精」。,,,,自然科學-理化 健康與體育-健康教育,自然科學-生物,乙醇 酒精,it-sûn tsiú-tsing
102707,七巧板,將一塊正方形的木片或厚紙裁成七塊，形狀、大小各不相同，可以拼成各種圖形，是一種啟發兒童智慧的玩具。也稱為「智慧板」。,數學-數學,,,,,七巧板,tshit-khá-pán
102708,七角柱,底面是七邊形的柱體。,,,數學-數學,,,七角柱,tshit-kak-thiāu
102710,七言,1.七個字的詩句。 2.七言詩。,,,語文-國語文,語文-國語文,語文-國語文,七言,tshit-giân
102711,七星瓢蟲,動物名。昆蟲綱鞘翅目瓢蟲科。體呈圓形，背部隆起，長約6－8公釐，翅呈橘黃色，上有七個橢圓形的黑色斑紋。成蟲、幼蟲皆以捕食蚜蟲為生。,,自然科學-自然科學,,,,七星龜仔,tshit-tshenn-ku-á
102712,七邊形,在幾何學中，七邊形是指有七條邊和七個頂點的多邊形，其內角和為900度。,,,數學-數學,,,七邊形,tshit-pinn-hîng
102713,九九乘法,從一到九，兩數逐一相乘的乘法。,,數學-數學,,,,九九乘法,kiú-kiú-sîng-huat
102714,九九乘法表,從一到九，兩數逐一相乘的乘法表。,,數學-數學,,,,九九乘法表,kiú-kiú-sîng-huat-pió
102715,九二一地震,即集集大地震。是西元1999年9月21日，芮氏規模7.3，發生於臺灣中部山區的逆斷層型地震。,,,自然科學-自然科學,,,九二一地動,kiú-jī-it tē-tāng
102716,九大行星,原用來稱呼太陽系當中繞行太陽的九顆大型天體，後因冥王星改分類為矮行星，目前太陽系當中有八顆行星。,,,自然科學-自然科學,,,九大行星,káu tuā hîng-tshenn káu tuā kiânn-tshenn
102717,九份,地名。位居新北市瑞芳區，曾因採金而繁盛一時。,,,社會-社會,,,九份仔,Káu-hūn-á
102718,九層塔,植物名。脣形科羅勒屬，一年生草本。株高60－90公分。葉對生，卵圓形或長橢圓形，花有白色、淡紅色或紫色，花苞成九層狀，尖端排列成九行，故稱為「九層塔」。嫩莖及葉可作蔬菜食用，因具特殊香氣，可提煉精油，為香料及其他工業原料。亦可入藥，有鎮咳、通經、助行血、消炎止痛等療效。,,,自然科學-自然科學,,,九層塔,káu-tsàn-thah
102719,二十四進位法,指每24小單位進1大單位的進位，僅套用於時間中，小時進位為天。,,,數學-數學,,,二十四進位法,jī-tsa̍p-sì tsìn-uī-huat
102720,二元一次聯立方程式,含有兩種未知數，且這兩種未知數的最高次方都是一次的等式。,,,,數學-數學,數學-數學,二元一次聯立方程式,jī-guân it-tshù liân-li̍p hong-tîng-sik
102721,二分休止符,當遇到需要休息的拍子時，則以休止符做為休息長度的標示，全休止符的二分之一，即休止兩拍。,,藝術-藝術,,藝術-音樂,藝術-音樂,二分休止符,jī-hun hiu-tsí-hû
102722,二名法,於一群事物中，先就某屬性分為有此屬性與無此屬性二類。再就另一屬性的有無，將已分者再分為二，如此逐層分類的方法，稱為「二名法」。,,,自然科學-自然科學,,自然科學-生物,二名法,jī-bîng-huat
102723,二字詞語,由兩個字結合而成的詞語。,,,語文-國語文,,,雙字詞,siang-jī-sû
102725,二次函數,若a、b、c為常數，且a≠0，則稱y=ax2+bx+c是x的二次函數。,,,,數學-數學,,二次函數,jī-tshù hâm-sòo
102726,二位純小數,整數為零且小數點後有兩位的數字。,,,數學-數學,,,兩位純小數,nn̄g uī sûn-sió-sòo
102727,二弦,南管樂器。屬拉弦樂器，琴桿為竹製，取材有嚴格的規定，一般為十三節，共鳴箱以林投樹頭製造，弦軫方向與奚琴同，與內外弦同側，使用絲弦，定音為士、工（5、2），採用軟弓。,,,藝術-藝術,,,二絃,jī-hiân
102729,二胡,樂器名。胡琴的一種，屬拉弦樂器。琴筒以木或竹製成，蒙上蟒皮或蛇皮。琴桿較南胡略短，二條弦。演奏時聲音低沉、清柔。,,,藝術-藝術,藝術-音樂,,二胡 南胡,jī-ôo lâm-ôo
102730,二重唱,一首歌曲由兩位歌者同時演唱不同聲部的演唱方式。,,,藝術-藝術,藝術-音樂,藝術-音樂,二重唱,jī-tiông-tshiùnn
102731,二氧化硫（SO2）,一種無色而有刺激性臭味的氣體或液體。遇水成亞硫酸，毒性強，可用以殺菌、防腐、製作漂白劑等。,,,自然科學-自然科學,自然科學-理化,自然科學-地球科學,二氧化硫,jī-ióng-huà-liû
102732,二氧化氮（NO2）,分子式NO2，室溫下為有刺激性氣味的紅棕色順磁性氣體，易溶於水，溶於水部分生成硝酸和一氧化氮。二氧化氮吸入後對肺組織具有強烈的刺激性和腐蝕性。,,,自然科學-自然科學,自然科學-理化,自然科學-化學,二氧化氮,jī-ióng-huà-tām
102733,二部合奏,二重奏。用兩種樂器進行的合奏。,,藝術-藝術,藝術-藝術,,,二部合奏,jī-pōo ha̍p-tsàu
102734,二部合唱,二部合唱是合唱歌曲共有兩個聲部，每個聲部都有一組人演唱，是和聲演唱。,,藝術-藝術,藝術-藝術,,,二部合唱,jī-pōo ha̍p-tshiùnn
102735,二部輪唱,一個合唱團將團員分成二組，每組按一定時距先後演唱同一旋律的歌曲。輪流唱歌或唱戲。,,藝術-藝術,,,,二部輪唱,jī-pōo lûn-tshiùnn
102736,二等星,古代天文學家將肉眼所見最亮的星星列等，稱為目視星等。次亮的為二等星，大約40顆燈泡的亮度。,,,自然科學-自然科學,,,二等星,jī-tíng-tshenn
102737,人口老化,在一定區域、期間內，高齡人口比例偏高的現象。,,社會-社會,社會-社會,社會-地理,社會-地理,人口老化,jîn-kháu nóo-huà
102738,人工繁殖,利用人為的方法、力量，使動、植物繁殖下一代。,,,自然科學-自然科學,,,人工湠種,jîn-kang thuànn-tsíng
102739,人面蜘蛛,是大木林蛛屬下的一種。,,自然科學-自然科學,,,,人面蜘蛛,jîn-bīn-ti-tu
102740,人馬座,1.星座名。位於南天，黃道星座之一，約相當於中國的箕宿、斗宿。目前冬至點在此星座內。銀河系中心亦位於此方向。 2.在西洋占星術中也稱為「射手座」，被視為主宰11月22日至12月22日前後的命宮。,,,自然科學-自然科學,,,人馬座,Jîn-má-tsō
102741,人造雨,在乾旱時，把乾冰撒在厚雲層上，導引水蒸氣凝成雨滴落下來，稱為「人造雨」。也稱為「人工降雨」。,,自然科學-自然科學,,自然科學-地球科學,,人造雨,jîn-tsō-hōo
102742,人造衛星,從地球發射或運載到上空，依一定軌道環繞地球或其他星球的物體。因有如衛星之繞恆星運行，故名之。可作為偵察、通訊之用。,,,社會-社會,自然科學-地球科學 社會-地理,自然科學-地球科學,人造衛星,jîn-tsō uē-tshenn jîn-tsō uī-tshenn
102743,人造纖維,一種用化學方法提煉礦、植物原料所製成的纖維。如尼龍、達克龍、奧克龍等。,,,,自然科學-理化,,人造纖維,jîn-tsō tshiam-uî
102745,人際,人與人之間的關係。,,,社會-社會 綜合活動-綜合活動,社會-公民與社會,,人際,jîn-tsè
102747,人聲合唱,無樂器伴奏的純人聲合唱。,,,藝術-藝術,,,人聲合唱,lâng-siann ha̍p-tshiùnn
102748,人類,人的總稱。,,自然科學-自然科學 藝術-藝術 健康與體育-健康與體育,自然科學-自然科學,自然科學-生物,社會-歷史,人類,jîn-luī
102749,入侵種,入侵種是引進物種的一個子集。如果一個物種經人為引入一個其先前不曾自然生存的地區，並有能力在無更多人為干預的情況下在當地發展成一定數量，以至威脅到當地的生物多樣性，成為當地公害，就可稱之為「入侵種」。,,,自然科學-自然科學,,,入侵種,ji̍p-tshim-tsíng
102750,入射角,入射線和法線之間的夾角。,,,,自然科學-理化,數學-數學,入射角,ji̍p-siā-kak
102751,入聲,一聲漢語調類。聲調短促而急。今國音中已無入聲，入聲分別歸入陰平、陽平、上聲、去聲四聲之中。,語文-國語文,,,語文-國語文,,入聲,ji̍p-siann
102752,八分休止符,音樂名詞。在五線譜上表示停頓時間長度的一種符號。為英語Eighth note rest的義譯。為全休止符的八分之一，相當於♪的長度。,,藝術-藝術,,藝術-音樂,藝術-音樂,八分休止符,peh-hun hiu-tsí-hû
102753,八色鳥,動物名。鳥綱燕雀目。額、頭頂至後頭為栗褐色，但頭上中央線是黑色。眉斑長，軟皮黃色。嘴、腮、頰、頭側至後項為黑色。背呈橄欖色，尾端天青色。喉部白色，胸、腹側及腋為淡灰黃色，但腹側中央及尾下覆羽為鮮紅色、腳為橙黃色。,,,自然科學-自然科學,,,青翼仔,tshenn-si̍t-á
102754,八角柱,底面是八邊形的柱體。,,,數學-數學,,,八角柱,peh-kak-thiāu
102755,八角錐,底面為八邊形的錐體。,,,數學-數學,數學-數學,,八角錐,peh-kak-tsui
102756,八卦山,山名。在彰化市東側，緊臨市區。最高點為海拔97公尺。山上塑有釋迦牟尼大佛像一尊。登臨其上，可俯瞰彰化市及鄰近農區，是彰化有名的風景區。,,社會-社會,社會-社會,,,八卦山,Pat-kuà-suann
102757,八邊形,幾何學中，八邊形，又稱八角形是指有八條邊和八個頂點的多邊形，其內角和為1080度。,,,數學-數學,,,八邊形,peh-pinn-hîng
102759,刀板,一種桌球選手握球拍的方式。選手將球拍橫握，像握菜刀似的。,,健康與體育-健康與體育,,,,刀板,to-pán
102760,刀法,篆刻或雕刻時運刀的方法。,,,藝術-藝術,,,刀路,to-lōo
102761,刀痕,刀傷後所留下的痕跡。,,,藝術-藝術,,,刀痕,to-hûn
102762,刀鋒,刀刃、刀口。,,,藝術-藝術,,,刀鋩,to-mê
102763,力度記號,樂譜上吹奏或彈奏樂器，表示音樂的力度即音樂中音的強弱程度。音樂中的力度和音樂中的其他要素一樣，與音樂的內容有著密切的關係。,,,,藝術-音樂,,力度記號,li̍k-tōo kì-hō
102764,十二指腸潰瘍,病名。因胃液分泌過多或幽門螺旋桿菌感染等因素，而引起的消化性潰瘍。通常發生於離幽門3公分以內的地方。症狀為上腹部灼熱、疼痛。治療時飲食應少量多餐，並避免刺激性食物和菸酒。,,,健康與體育-健康與體育,健康與體育-健康教育,自然科學-化學,十二指腸潰瘍,si̍p-jī-tsí-tn̂g khuì-iông
102765,十二段變奏,主題及其一系列變化反復，並按照統一的藝術構思而組成的樂曲。在拍子、速度、調性等方面加以變化而成十二段變奏。,,,藝術-藝術,,,十二段變奏,tsa̍p-jī-tuānn piàn-tsàu
102766,十六分休止符,當遇到需要休息的拍子時，則以休止符做為休息長度的標示，全休止符的十六分之一，比八分音符要快一倍的速度。,,藝術-藝術,,藝術-音樂,藝術-音樂,十六分休止符,tsa̍p-la̍k-hun hiu-tsí-hû
102767,十六分音符,在音樂記譜中，十六分音符是一種音符時值。在五線譜記法中，十六分音符表示為一個實心的橢圓符頭加上一個帶兩條旗幟狀的符尾的符桿。當十六分音符與其它有符尾的音符連寫時，可以共用符尾，這時旗幟狀的符尾變為兩根連接用的短線。當符頭位於五線譜第三線上方（包括第三線）時，符桿朝下，否則符桿朝上，符桿改變方向時，符頭的左右方向也要作相應改變。符尾的上下方向也改變，但始終在符桿右邊。,,藝術-藝術,,藝術-音樂,,十六分音符,tsa̍p-la̍k-hun im-hû
102768,十字交乘法,數學算式名稱。,,,,數學-數學,數學-數學,十字交乘法,si̍p-jī kau-sîng-huat
102769,十字花科,雙子葉植物的一科。多為草本，少部分為木本。單葉或羽狀複葉，互生，無托葉。花兩性，總狀花序；花瓣四枚，雄蕊六枚，子房上位，二室。果為角果。因花瓣呈十字形排列，故稱為十字花科。常見的蔬菜和油料作物，如白菜、甘藍、蘿蔔、花椰菜、大頭菜等，均屬此科。,,自然科學-自然科學,,,,十字花科,si̍p-jī-hue-kho
102770,十角柱,底面是十邊形的柱體。,,,數學-數學,,,十角柱,tsa̍p-kak-thiāu
102771,十進位,一種運算形式，加法運算中，一種滿10進位，基底為10的數字系統。,,數學-數學,,數學-數學,數學-數學,十進位,tsa̍p-tsìn-uī si̍p-tsìn-uī
102772,三角肌,俗稱「大頭肌」，圍繞著肩膀連接的肩胛骨、鎖骨及肱骨，肩部和上臂的大多數運動都離不開三角肌，它使肩膀堅固，並使手臂可以作出多方向的運動。,,健康與體育-健康與體育,,健康與體育-體育,健康與體育-體育,三角肌,sann-kak-ki
102773,三角板,繪直線的工具。外形為直角三角形的薄板。,,數學-數學,數學-數學,,數學-數學,三角尺,sann-kak-tshioh
102774,三角洲,在河口附近，因河川攜帶泥砂沉積所形成的三角形或扇狀的低平陸地。,,,自然科學-自然科學,自然科學-地球科學,社會-地理,三角洲,sann-kak-tsiu
102775,三角琴,巴拉萊卡琴又稱三角琴、俄羅斯吉他，是俄羅斯的一種弦樂器。巴拉萊卡琴的琴腹呈三角形，頸細長有品，背板平坦；有圓形音孔，有3根弦，品（фрет）可移動。,,,藝術-藝術,,,三角琴,sann-kak-khîm
102776,三和弦,三和弦是以三度關係疊置的三個音構成的和弦。,,,藝術-藝術,藝術-音樂,,三和絃,sann-hô-hiân
102777,三弦,樂器名。一種弦樂器，長柄，方槽，圓角，上蒙蟒皮，架三根弦，體積有大小之分。俗稱為「弦子」。,,,藝術-藝術,藝術-音樂,,三絃,sam-hiân
102778,三拍,小節所擁有的拍數，表示一小節有三拍。,,藝術-藝術,藝術-藝術,藝術-音樂,,三拍,sam-phik
102780,三原色,1.物理學上指色光紅、綠、藍。色覺學說謂人眼網膜對此三色光的感覺最敏銳，若三原色造成的刺激程度相同即感覺為白色，若程度不同即生各種色光感。 2.顏料中的紅、黃、藍色。因為可用它們配成各種色彩，故稱為「三原色」。,,自然科學-自然科學 綜合活動-綜合活動,,藝術-視覺藝術,,三原色,sann-guân-sik
102781,三振出局,棒球比賽時，二好球後，投手再投出好球而打擊者未揮棒，或投手投球後，打擊者揮棒落空，球被捕手捕接，此時，打擊者遭出局判決。也作「三振」。,,健康與體育-健康與體育,健康與體育-健康與體育,,健康與體育-體育,sa̋n-sín,sa̋n-sín
102783,三部合唱,分為高中低三個聲部的合唱型式。,,,藝術-藝術,,,三部合唱,sann-pōo ha̍p-tshiùnn
102784,三部曲,音樂上指由前、中、後三部成立的樂曲，是形式最完備的歌曲。,,,藝術-藝術,藝術-音樂,,三部曲,sann-pōo-khik
102785,三斑家蚊,動物名。蚊類。為日本腦炎的傳播媒介。喜歡在稻田中產卵，夏季時大量繁殖。,,,健康與體育-健康與體育,,,三斑蠓,sam-pan-báng
102786,三等星,古代天文學家將肉眼所見最亮的星星列等，稱為目視星等。最亮的為一等星，排名第三為三等星，大約16顆燈泡的亮度。,,,自然科學-自然科學,,,三等星,sam-tíng-tshenn
102787,上勾拳,勾拳發力迅速急促，運動路線短，在近身格鬥時是最常用的，勾拳使用得法是頗具威力的。勾拳手臂形狀如勾，臂肘彎曲度大約90度。,,,健康與體育-健康與體育,,,上勾拳,siōng-kau-kûn
102788,上四管,南管中的上四管指下列四種樂器：洞簫、二弦、三弦、琵琶。,,,藝術-藝術,藝術-音樂,藝術-音樂,頂四管,tíng-sì-kuán
102789,上聲,一種漢語調類。是低降高升調。今國音為第三聲，注音符號用「ˇ」來表示。,語文-國語文,,,語文-國語文,,上聲,sióng-siann tsiūnn-siann siōng-siann
102790,上癮,特別喜愛某種事物或慣用某種食物而成為癖好。,,健康與體育-健康與體育,健康與體育-健康與體育,健康與體育-健康教育,,起癮,khí-giàn
102791,下四管,指南管中的四種樂器南管樂器：響盞、雙鐘、叫鑼、四塊。,,,藝術-藝術,,藝術-音樂,下四管,ē-sì-kuán
102793,亡魂,死者的靈魂。,,社會-社會,,,,亡魂,bông-hûn
102794,千位數字,在千位位置的數值。,,數學-數學,,,,千位數字,tshing uī sòo-jī
102795,口風琴,樂器名。是一種有鍵盤的吹奏樂器，在樂器分類上和口琴同一類，屬於自由簧的吹奏樂器。為英語Melodica的義譯。口風琴上面有類似鋼琴的鍵盤，旁邊有吹嘴，可以在彈奏時吹氣，因此也可視為可吹奏的鍵盤樂器。口風琴的鍵盤長度大約是二至三個八度。,,藝術-藝術,,,,口風琴,kháu-hong-khîm
102796,口琴,樂器名。屬簧片風琴的最小型樂器。上面有兩行並列的小孔，裡面裝有銅製的笛簧，用口吹吸，能發出各種聲調。源於19世紀20年代的歐洲。,,,自然科學-自然科學,,,口琴,kháu-khîm
102797,口腔黏膜,口腔中由上皮組織和結締組織構成的膜狀結構。,,,健康與體育-健康與體育,健康與體育-健康教育,,喙空黏膜,tshuì-khang liâm-mo̍oh
102798,口罩,將紗布或夾帶有藥棉、活性炭等的布片，兩旁以帶子繫在兩耳，並罩在口鼻上，以防止塵土或異味侵入的衛生用品。,社會-生活課程 自然科學-生活課程 藝術-生活課程 綜合活動-生活課程 健康與體育-健康與體育,綜合活動-綜合活動 健康與體育-健康與體育,綜合活動-綜合活動,健康與體育-健康教育,健康與體育-健康與護理,喙罨,tshuì-am
102799,口語,談話時所用的語言。與書面語相對。,,語文-國語文,綜合活動-綜合活動,語文-國語文 社會-歷史,,口語,kháu-gí
102800,口蹄疫,偶蹄目動物的急性、熱性與接觸性傳染病，由病毒所引起。主要症狀為體溫升高，口腔黏膜、蹄冠及趾間皮膚的真皮部長水泡並且潰爛，口吐白沫。,,,社會-社會,,自然科學-生物,口蹄疫,kháu-tê-i̍k
102801,土星,行星名。距離太陽第六近的行星，目前已知有六十餘顆衛星，有明顯行星環。屬於類木行星，外觀呈黃棕色，大氣成分主要為氫和氦。古代稱為「鎮星」、「填星」、「信星」。,,,自然科學-自然科學,自然科學-地球科學,自然科學-地球科學,土星,Thóo-tshenn
102802,土壤汙染,土壤受外來化學物質的侵入，使土壤變質，失去種植的能力。汙染來源有工業、都市廢水、農業、水肥、重金屬汙染等。,,,自然科學-自然科學,自然科學-地球科學,,塗壤汙染,thôo-jióng u-jiám thôo-jióng ù-jiám
102803,土壤液化,指在含水的砂土層中，發生強烈地震時，因振動力激起砂粒間孔隙壓力，使砂土中水分溢出，土層出現類流砂般的現象。此種現象也會造成地表沉陷，而使地表上的建物遭到破壞。,,,自然科學-自然科學,,自然科學-地球科學,塗壤液化,thôo-jióng i̍k-huà
102804,土壤鹽化,是常發生於氣候炎熱、乾燥，實施灌溉卻排水不良之沙漠及沿海地區等農牧業地區的現象。,,,綜合活動-綜合活動,社會-地理,,塗壤鹽化,thôo-jióng iâm-huà
102805,大犬座,大犬座是一個位於天球南部的星座，是現代88個星座和托勒密定義的48個星座之一。它在拉丁文中的名字是大犬，與之對應的是小犬，分別指大犬座和小犬座。此外，銀河經過了大犬座區域，其邊界內有好幾個疏散星團，最著名的是M41。大犬座內有天狼星，由於其距離太陽系較近，並且自身也具有一定亮度，因此是地球上夜空中最亮的恆星。,,,自然科學-自然科學,,,大犬座,Tāi-khián-tsō
102806,大王椰子,植物名。棕櫚科大王椰子屬，高大喬木。高10－30公尺，樹幹筆直，單幹不分枝。葉羽狀全裂，長3－5公尺。花單性，排成肉穗花序。果實成熟後黃綠色轉紅色，橢圓形，長約15公厘。一般適用於行道樹及園景樹。,,自然科學-自然科學,,,,大王椰子,tāi-ông-iâ-tsí
102807,大王椰子樹,王棕，棕櫚科王棕屬植物，原產於古巴、牙買加、巴拿馬，是古巴的國樹，被廣泛種植於熱帶地區、亞熱帶地區作觀賞之用。,社會-生活課程 自然科學-生活課程 藝術-生活課程 綜合活動-生活課程,自然科學-自然科學,,,,大王椰子樹,tāi-ông-iâ-tsí-tshiū
102808,大甲,地名。隸屬於臺中市大甲區，位於臺中市西北隅，大甲溪溪口北側。面積約59平方公里，有縱貫鐵、公路經過此鎮。於清乾隆年間開發，本為平埔番泰耶族所居住，有劍井、鐵砧山等名勝古蹟。,,,社會-社會,,,大甲,Tāi-kah
102809,大甲溪,河川名。發源於中央山脈的雪山與南湖大山，為臺灣第四大溪流。全長124公里，水力資源豐富。,,社會-社會,社會-社會,,社會-地理,大甲溪,Tāi-kah-khe
102810,大坌坑,目前在臺灣發現最早的石器時代文化，因位於新北市八里區大坌坑史前遺址而得名，為一成熟發展的新石器時代文化，分布於臺灣本島西岸的北部、中部、南部，以及澎湖群島。,,,社會-社會,,,大坌坑,Tuā-pūn-khenn
102811,大肚魚,動物名。硬骨魚綱花鱂魚科。卵胎生，頭部及體側均被大圓鱗。眼大，位置較鱂魚略低。口小，開於吻端，上下頜、腭骨有細齒成齒帶，但鋤骨無齒。背鰭小，偏後，其起點在臀鰭後端略前之上方。臀鰭短，始位於體中部；雄者第三、四、五鰭條特別變形為交尾器。,,自然科學-自然科學 健康與體育-健康與體育,自然科學-自然科學,,,大肚魚仔 大肚仔,tuā-tōo-hî-á tuā-tōo-á
102812,大阮,樂器名，是一種彈撥樂器，「大阮」為阮咸的別名。,,,藝術-藝術,藝術-音樂,,大阮琴,tuā-guán-khîm
102813,大卷尾,為卷尾科卷尾屬的一種，又名黑卷尾，俗名吃杯茶、鐵煉甲、籬雞、鐵燕子、黑黎雞。,,自然科學-自然科學,自然科學-自然科學,,,烏鶖,oo-tshiu
102814,大波斯菊,是菊科秋英屬的一年生草本植物。,社會-生活課程 自然科學-生活課程 藝術-生活課程 綜合活動-生活課程,自然科學-自然科學,,,,大波斯菊,tuā-pho-su-kiok
102815,大花咸豐草,植物名。又稱鬼針草。菊科鬼針屬，一年生草本植物。羽狀裂葉對生。花冠黃色，頭狀花序單生，或不規則繖花房狀排裂，舌狀小花一至四朵，偶不存。瘦果頂上有芒刺，常附著於人的衣服上或動物的身體上，藉以散布、繁殖。,社會-生活課程 自然科學-生活課程 藝術-生活課程 綜合活動-生活課程,,自然科學-自然科學,,,鬼針草 刺查某 咸豐草,kuí-tsiam-tsháu tshià-tsa-bóo hâm-hong-tsháu
102816,大前鋒,籃球比賽中的一個球員位置。大前鋒通常都是隊上籃板搶得最多的人，他在禁區卡位，與中鋒配合，往往要挑起全隊的籃板重任。而在進攻時，他又常要幫隊友擋人，然後在隊友出手後設法擠進去抓進攻籃板，做第二波的進攻。,,,健康與體育-健康與體育,健康與體育-體育,,大前鋒,tuā-tsiân-hong
102817,大氣壓力,大氣的重量所產生的壓力。其壓力大小與高度、溫度、溼度等條件有關，一般都隨高度的增加而減少。通常把760毫米水銀柱的大氣壓力稱為「標準大氣壓」。簡稱為「大氣壓」、「氣壓」。,,,,自然科學-生物 自然科學-理化 社會-地理,自然科學-地球科學,大氣壓力,tāi-khì ap-li̍k
102819,大眾捷運系統,利用地面、地下或高架設施，不受其他地面交通干擾，使用特定的動力車輛行駛於特定路線，大量且密集的輸送都市及周圍地區旅客的公共運輸系統。,,,社會-社會,社會-地理,,大眾捷運系統,tāi-tsiòng tsia̍t-ūn hē-thóng
102820,大雪,二十四節氣之一。在國曆12月7日或8日。,,自然科學-自然科學,自然科學-自然科學,,,大雪,tāi-suat
102821,大麻,植物名。大麻科大麻屬，一年生草本。莖高七、八尺，掌狀複葉，小葉披針形。雌雄異株，雄花黃綠色，成圓錐花序；雌花綠色，簇生於梢頭而成穗狀花序。種子可以榨油，且可入藥，有潤腸、通腸、麻醉等作用。為煙草原料，具有毒性。,,,健康與體育-健康與體育,,健康與體育-健康與護理,大麻,tuā-muâ
102822,大寒,二十四節氣之一。約在國曆1月20日或21日。因氣候嚴寒，故稱之。,,,自然科學-自然科學,,,大寒,tāi-hân
102823,大提琴,樂器名。一種下中音弦樂器，演奏時置於兩膝間，左手按弦，右手引弓。音色壯麗而較為低沉，為合奏中之重要樂器。,,藝術-藝術,自然科學-自然科學 藝術-藝術,藝術-音樂,,大提琴,tuā-thê-khîm
102824,大暑,二十四節氣之一。在國曆7月23日或24日。,,,自然科學-自然科學,,,大暑,tāi-sú
102825,大象,動物名。哺乳綱長鼻目。力強，性溫馴。皮厚，毛少，耳大，鼻長圓筒狀，能伸捲自如，有一對長門牙自口伸出。,社會-生活課程 自然科學-生活課程 藝術-生活課程 綜合活動-生活課程 健康與體育-健康與體育,自然科學-自然科學,自然科學-自然科學,,,象,tshiūnn
102826,大腸,腸的下部。上接小腸，下連肛門，較小腸粗大而短，可依次分為盲腸、結腸與直腸三部分。大腸可吸收水分和少部分養分，主宰排遺作用。,,健康與體育-健康與體育,綜合活動-綜合活動 健康與體育-健康與體育,自然科學-生物 健康與體育-健康教育,,大腸,tuā-tn̂g
102827,大腸桿菌,一種寄居在人體或其他脊椎動物腸內的微生物，常引起腹膜炎、菌血症等疾病。,,,自然科學-自然科學,,自然科學-生物,大腸桿菌,tuā-tn̂g kuáinn-khún
102828,大腸癌,病名。大腸黏膜的惡性腫瘤。主要發生在結腸和直腸。形成原因不明，或與遺傳、飲食習慣有關。症狀為排便習慣改變、帶血和黏液的糞便、體重減輕等。,,,綜合活動-綜合活動 健康與體育-健康與體育,健康與體育-健康教育,健康與體育-健康與護理,大腸癌,tuā-tn̂g-gâm
102829,大葉桃花心木,大葉桃花心木，楝科常綠喬木，因木材呈現桃紅色紋路。,,自然科學-自然科學,,,,大葉桃花心木,tuā-hio̍h thô-hue-sim-bo̍k
102830,大調,西洋音樂調式。主音與其上方三度音、六度音構成大三度、大六度音程，而各相鄰兩音除主音上方的三、四兩音間和七、八兩音間為半音外，其餘的均為全音所組成的調式。為英語major的義譯。如：C大調、F大調等。大調的色彩通常比小調的色彩明朗。,,,,藝術-音樂,藝術-音樂,大調,tuā-tiāu
102832,大鍵琴,樂器名。一種古代鋼琴。外形類似現代的平臺鋼琴，其發聲方式乃利用機械裝置撥動琴弦，而非用機械敲擊的方法。音色清晰響亮，但音持續不長。18世紀後漸為鋼琴所取代。,,藝術-藝術,,藝術-音樂,藝術-音樂,大鍵琴,tuā-kiān-khîm
102833,大霸尖山,山名。位於苗栗縣與新竹縣交界處，高3570公尺。,,,自然科學-自然科學,,社會-地理,大霸尖山,Tāi-pà-tsiam-suann
102834,大鑼,樂器名，打擊樂器。銅製，體圓扁平，有邊，具多種型制，邊緣穿小孔以繫繩，演奏時，小型者可用手提，大型者多掛於架上，多用蒙布的木槌敲擊，常用於戲曲伴奏或民間樂器合奏。,,藝術-藝術,,藝術-音樂,藝術-音樂,大鑼,tuā-lô
102835,女低音,在歌唱方面，女低音（Contralto）是女聲中最低的聲部，音域通常是從中央C下的F音往上爬升二個八度（F3－F5）音色相比女高音較寬厚深沉，有時候一些音色比較磁性暗啞，而聲音又渾厚的女中音，也會被歸類為女低音。,,,藝術-藝術,藝術-音樂,藝術-音樂,女低音,lí-kē-im
102836,女高音,擅長唱高音的女性歌唱者。人聲域中最高者，聲域包含中間Do上方兩個以上的八度音程，為四聲部樂曲的最高聲部。可按音色、演唱的敏捷度及技巧等分成戲劇、抒情及花腔女高音。,,藝術-藝術,,藝術-音樂,藝術-音樂,女高音,lí-ko-im
102837,子孫,兒子和孫子。泛指後代。,,,社會-社會,,,囝孫,kiánn-sun
102838,子宮內膜,指構成哺乳類子宮內壁的一層。對雌激素和孕激素都起反應，因此可隨著性週期（發情週期、月經週期）發生顯著的變化。,健康與體育-健康與體育,,健康與體育-健康與體育,健康與體育-健康教育,自然科學-生物,子宮內膜,tsú-kiong lāi-mo̍oh
102839,子宮頸,位在子宮下端和陰道相接的管道。為精蟲游入子宮的進口。,,,自然科學-自然科學,自然科學-生物,健康與體育-健康與護理,子宮頭,tsú-kiong-thâu
102840,子數,又稱比較量。,,,數學-數學,,,子數,tsú-sòo
102841,孑孓,蚊的幼蟲。由蚊卵在水中孵化而成。體細長，游泳時身體屈伸蠕動，常有翻跟頭的動作。,,自然科學-自然科學 健康與體育-健康與體育,,,,水蛆 車蛆 蛆蟲,tsuí-tshi tshia-tshi tshi-thâng
102842,小月,農曆之中，只有29天的月份。,數學-數學,,,,,小月,sió-gue̍h
102843,小水鴨,動物名。又名綠翅鴨、小鳧、小麻鴨、小蜆鴨、小食鴨。,,,自然科學-自然科學 社會-社會,,,金翼仔,kim-si̍t-á
102844,小犬座,小犬座屬於現代88現代星座，也是托勒密48星座之一。據說象徵著獵戶座的獵犬之一，另一條獵犬是大犬座。小犬座包含中國古代的南河、水位星座。,,,自然科學-自然科學,,,小犬座,Siáu-khián-tsō
102845,小白菜,植物名。十字花科蕓薹屬，二年生草本。形似油菜，葉片短柄細小，葉柄呈白色。可食用，亦可入藥，具有卻熱、止咳、利腸胃等療效。,社會-生活課程 自然科學-生活課程 藝術-生活課程 綜合活動-生活課程,自然科學-自然科學,,,,小白菜,sió-pe̍h-tshài
102846,小行板,音樂速度術語，記號Andantino（每分鐘70－75拍）。,,藝術-藝術,藝術-藝術,藝術-音樂,,小行板,sió-hîng-pán
102847,小卷尾,小卷尾又名古銅色卷尾，為卷尾科卷尾屬的鳥類，俗名姬烏秋。,,,自然科學-自然科學,,,山烏鶖,suann-oo-tshiu
102848,小花蔓澤蘭,香港及中國大陸稱之為薇甘菊或小花假澤蘭。為菊科蔓澤蘭屬下的一個種。原產於南美洲，全球約有430種為菊科之中唯一的多年生攀爬植物。,,自然科學-自然科學,自然科學-自然科學 綜合活動-綜合活動 社會-社會,,,山瑞香,suann-suī-hiong
102849,小雨燕,動物名。又名家雨燕，為雨燕科雨燕屬下的一個種。,,,自然科學-自然科學,,,小雨燕,sió-ú-iàn
102850,小青足鷸,動物名。又名澤鷸，為鷸科鷸屬的鳥類。在中國大陸，分布於內蒙古、東部沿海、西至甘肅、新疆等地。,,,自然科學-自然科學,,,青跤仔鷸,tshenn-kha-á-u̍t
102851,小前鋒,指籃球運動中，在進攻時，小前鋒能夠在力量對抗和投籃得分中取得平衡，在防守的時候，小前鋒通常負責搶斷和籃板球。許多小前鋒球員都可以兼任得分後衛。,,,健康與體育-健康與體育,健康與體育-體育,,小前鋒,sió-tsiân-hong
102852,小雪,二十四節氣之一。約在國曆的11月22日或23日。是冬季的第二個節氣，此時黃河流域一帶開始降下少量的雪，而農家也開始忙著冬耕的事宜。,,自然科學-自然科學,自然科學-自然科學,,,小雪,siáu-suat
102853,小寒,二十四節氣之一。是農曆12月初旬的節氣，在冬至過後的第15天，約當國曆1月6日或7日。因為這時候氣候寒冷而得名。,,,自然科學-自然科學,,,小寒,siáu-hân
102854,小暑,二十四節氣之一。為國曆7月7日或7月8日。小暑為夏至後的節氣，這時候天氣非常熱，但還不是最熱，所以稱為「小暑」。,,,自然科學-自然科學,,,小暑,siáu-sú
102855,小節線,樂譜中以縱線分割各個小節，這個縱線叫「小節線」。,,藝術-藝術,,藝術-音樂,,小節線,sió-tsiat-suànn
102856,小過年,元宵節的別稱。,,社會-社會,,,,元宵,Guân-siau
102857,小鈸,鈸屬中國民樂中的打擊樂器。,,藝術-藝術,,藝術-音樂,,鈔仔,tshau-á
102858,小滿,二十四節氣之一。在國曆5月21日前後。,,,自然科學-自然科學,,,小滿,siáu-buán
102859,小調歌曲,以小調型態做成的歌曲。,,,藝術-藝術,,,小調歌曲,sió-tiāu kua-khik
102860,小蘇打,一種無機化合物。為白色結晶或粉末，溶於水呈弱鹼性。加熱至高溫或用酸處理之後，會放出二氧化碳。常用來製發酵粉、飲料、滅火劑及藥品。,,自然科學-自然科學,綜合活動-綜合活動,自然科學-理化,自然科學-化學,小蘇打,sió-soo-tánn sió-sooh-tah
102861,小蘇打粉,一種無機化合物。為白色結晶或粉末，溶於水呈弱鹼性。加熱至高溫或用酸處理之後，會放出二氧化碳。常用來製發酵粉、飲料、滅火劑及藥品。,,自然科學-自然科學,自然科學-自然科學,自然科學-理化,自然科學-化學,小蘇打粉,sió-soo-tánn-hún sió-sooh-tah-hún
102862,小鑼,銅製，中間略凸。演奏時，左手持鑼，右手持一木片敲擊鑼面。,,藝術-藝術,,藝術-音樂,,小鑼 鑼仔,sió-lô lô-á
102863,山川,山岳江河，泛指自然界的景色或形勢。,,自然科學-自然科學 綜合活動-綜合活動,,社會-地理,,山川,san-tshuan
102864,山水畫,以描繪山川自然景色為主體的繪畫。,,藝術-藝術,藝術-藝術,,藝術-美術,山水畫,san-suí-uē
102865,山羊,動物名。哺乳綱偶蹄目。形似綿羊而體較狹，頭長頸短，額有角一對，角尖向後，略呈三角形。四肢強壯，善於跳躍。毛直而不捲，公羊頷下有長鬚。毛皮可用來製衣褥。,,自然科學-自然科學,,,,山羊,suann-iûnn
102866,山坡地,山坡帶的土地。依山坡地保育利用條例中的定義範圍，包含國有林事業區、試驗用林地及保安林地。,,自然科學-自然科學 健康與體育-健康與體育 社會-社會,自然科學-自然科學 綜合活動-綜合活動 社會-社會,自然科學-地球科學,,山坡地,suann-pho-tē
102867,山崩,是指在重力的影響下，塊體沿著一段山坡下滑的現象。山崩的原因是山坡上的岩石或土壤吸收大量的水，導致內部的摩擦力降低，土壤或岩石喪失其穩固性而下滑。也稱為「坍方」。,,自然科學-自然科學 健康與體育-健康與體育,綜合活動-綜合活動 社會-社會,自然科學-地球科學,自然科學-地球科學,崩山,pang-suann
102868,山藥,植物名。薯蕷科薯蕷屬，多年生蔓性草本。雌雄異株，地下有長圓柱形大塊根，莖細有卷鬚以纏繞他物。葉對生，有長柄，心形。夏季生白色小花，花序穗狀。蒴果具有三翅。,,,自然科學-自然科學,,,柱薯 山藥薯,thiāu-tsî suann-io̍h-tsî
102869,山蘇,植物名。鐵角蕨科鐵角蕨屬。多年生常綠草本。根莖粗短，葉叢生，向四方開展成巢狀，長橢圓形，長可達70公尺以上，葉身下延至基部，葉柄不存，革質，全緣而微呈波狀，間有小缺刻，中肋粗大，背面隆起，兩側平行脈顯明。線形孢子囊群位中肋與葉緣之間，沿側脈著生，孢膜向上方開裂。著生於山中樹幹和潮溼的石頭上。也稱為「山蘇花」、「巢蕨」。,,自然科學-自然科學,自然科學-自然科學,,,覓鴞翼 雞母岫,bā-hio̍h-si̍t ke-bó-siū ke-bú-siū
102870,山櫻花,植物名。又名鐘花櫻桃、鐘花櫻花、緋寒櫻、緋櫻、臺灣山櫻、福建山櫻花，為薔薇科櫻屬的植物。,,自然科學-自然科學,,自然科學-生物,,山櫻花,suann-ing-hue
102871,工匠,具工藝專長的人。,,,社會-社會,藝術-表演藝術,,師傅,sai-hū
102872,工作列,作業系統上主要應用程式連結處。,,,,科技-資訊科技,,工作列,kang-tsok-lia̍t
102873,工務局,市政府所屬的機構。掌理交通、都市計畫、土木工程、建築管理、公共設施及觀光事業等事項。,,社會-社會,,,,工務局,Kang-bū-kio̍k
102874,工程,有一定計畫進程的工作。,,藝術-藝術,綜合活動-綜合活動,,,工程,kang-tîng kang-thîng
102875,工程師,對某一項技術性工作的設計、施工等具有高度專業知識及能力的專門人員。,,,社會-社會,,,工程師,kang-tîng-su kang-thîng-su
102876,工蜂,體型小而無生殖能力的雌蜂。於蜂群社會中專司營運、防禦、採食等工作。,,,自然科學-自然科學,,,工蜂,kang-phang
102877,工廠,將原料或半成品製成成品的地方。,,自然科學-自然科學 綜合活動-綜合活動 健康與體育-健康與體育 社會-社會,綜合活動-綜合活動 社會-社會,社會-地理,社會-歷史,工廠 工場,kang-tshiúnn kang-tiûnn
102878,工藝,技藝、手藝。,,,社會-社會,藝術-表演藝術,社會-歷史,工藝,kang-gē
102879,工藝品,由手工藝所生產出來的產品。,,,社會-社會,,,工藝品,kang-gē-phín
102880,工蟻,螞蟻中負責搜尋食物、撫育幼蟻等工作的雌蟻，遺傳上同女王蟻，體小，生產能力弱。,,,自然科學-自然科學,,,工蟻,kang-hiā
102881,干擾素,一種動物細胞和濾過性病毒互相作用所產生的蛋白質。可使其他細胞對病毒的感染具有抵抗力。,,,自然科學-自然科學,,,干擾素,kan-jiáu-sòo
102882,弓形,圓上的一條弦把圓分割成兩部分，所得的兩部分都稱為弓形。,,,,數學-數學,,弓形,king-hîng
102883,弓箭步,武術的基本動作之一。,,健康與體育-健康與體育,健康與體育-健康與體育,健康與體育-體育,健康與體育-體育,弓箭步,king-tsìnn-pōo
102884,不完全小節,音樂名詞。通常樂曲是由強拍開始，若樂曲從弱拍或次強拍開始，首尾小節的拍數加起來才為完整拍數，此首尾小節稱為不完全小節。,,藝術-藝術,,,,無完全小節,bô-uân-tsuân sió-tsat
102885,不完全燃燒,可燃物質無法完全被氧化的燃燒。,,,自然科學-自然科學,,,無完全燒化,bô-uân-tsuân sio-huà
102886,不定根,不定根是植物生長過程中，從莖或葉上長出的根，它不來自主根、側根。,,,自然科學-自然科學,,,不定根,put-tīng-kin
102889,中子,一種基本粒子。常以符號ｎ表示。為所有質量數大於一的原子核構成部分。不帶電，單獨存在時不穩定，容易衰變為質子和電子。因其不帶電，容易進入原子核，故可以用來衝擊原子核，引起核子反應。,,,,自然科學-理化,自然科學-地球科學,中子,tiong-tsú
102890,中子數,一核種所具有中子的數目。,,,,自然科學-理化,,中子數,tiong-tsú-sòo
102891,中山高速公路,我國第一條現代化的公路。位於臺灣本島西側，北起基隆市，南迄高雄市，連接臺灣西部各大都市、城鎮，以及北部的基隆港與南部的高雄港兩大國際港口。全長三百七十餘公里，民國59年開工，67年10月31日全線通車，105年又向南延伸近二公里。簡稱「中山高」。,,,社會-社會,社會-歷史,社會-歷史,中山高速公路,Tiong-san ko-sok kong-lōo
102892,中心點,正中央的位置。,,數學-數學 自然科學-自然科學,自然科學-自然科學,,藝術-音樂,中心點,tiong-sim-tiám
102893,中央C,中央C（Middle C）為西洋音樂術語，代表位於五線譜大譜表（Grand staff）正中間的音值，或等同於科學音調記號法（Scientific pitch notation）中的「C4」。,,藝術-藝術,,,,中央C,tiong-iong Ｃ
102894,中生代,地質年代的第四代。介於古生代與新生代之間，約當西元前二億二千五百年到六千五百萬年前之間，裸子植物與爬蟲類特別繁盛。,,,,自然科學-生物,自然科學-生物,中生代,tiong-sing-tāi
102895,中年期,40—50歲的年紀。,,健康與體育-健康與體育,,,,中年期,tiong-liân-kî
102896,中耳炎,病名。按病因可分為化膿性及非化膿性，前者由化膿性細菌侵入鼓室所引起，後者因耳咽管阻塞所致。按進程則可分為急性和慢性兩種，起因大半是由於感冒時鼻子或喉嚨的細菌通過耳道，傳至中耳引起發炎。一般的症狀為耳朵內劇痛、聽力衰退、耳鳴、發高燒、耳朵內流膿等。嚴重時會導致聽力障礙。,,健康與體育-健康與體育,,健康與體育-健康教育,健康與體育-健康與護理,中耳炎,tiong-hīnn-iām
102897,中位數,位置居中的數。若數值有奇數項，則中位數是總資料個數加1之後，除以2的項所對的數值。,,,數學-數學,數學-數學,,中位數,tiong-uī-sòo
102898,中和反應,是化學反應中複分解反應的一種，是指酸和鹼互相交換組分，生成鹽和水的反應，在中和的過程中，酸裏的氫離子和鹼中的氫氧根離子會結合成水。,,,自然科學-自然科學,自然科學-理化,自然科學-化學,中和反應,tiong-hô huán-ìng
102899,中性溶液,通常情況下（25℃、298K左右），當pH等於7的時候，溶液呈中性。,,,自然科學-自然科學,,,中性溶液,tiong-sìng iông-i̍k
102900,中度颱風,中心附近最大風速每秒達到32.7－50.9公尺的熱帶氣旋。,,,自然科學-自然科學,自然科學-地球科學,自然科學-地球科學,中度風颱,tiong-tōo hong-thai
102901,中洋脊,位於大西洋、印度洋及南太平洋間深洋底的廣大山脈。在三大洋中綿延長度達七萬餘公里，寬一千餘公里，為地表最大、最長的山脈，幾占海洋面積的三分之一。可分為頂峰區、側翼區和破裂帶三個部分。,,,,自然科學-地球科學,自然科學-地球科學,中洋脊 大洋中脊 中央海嶺,tiong-iûnn-tsit tuā-iûnn tiong-tsit tiong-iong hái-niá
102902,中胡,樂器名，拉弦樂器。1940年代國樂交響化時的產物，在二胡的基礎上創製而成。琴筒比二胡大，琴桿比二胡長，構造與二胡相同，音色渾厚，定音比二胡低五度。多用於合奏、伴奏，有時也用於獨奏。,,,藝術-藝術,藝術-音樂,,中胡,tiong-ôo
102903,中音直笛,中音直笛(Alto)：音色柔和，音域與人聲相近，以Fa為起音。,,藝術-藝術,,藝術-音樂,,中音笛仔,tiong-im ta̍t-á
102904,中氣層,離地面約50－80公里之間的大氣層。層內溫度隨高度向上遞減，平均每上升1公里，溫度約下降攝氏3度。,,,,自然科學-地球科學,自然科學-地球科學,中氣層,tiong-khì-tsân
102905,中笙,中音笙是長短不同的竹管製成，笙腳是笙管和笙座的連接體，它的管內有硃砂控制音高，硃砂多音色較低，硃砂少音色較高。,,,藝術-藝術,,,中笙,tiong-sing
102906,中提琴,樂器名，弓弦樂器。結構與小提琴相似，然體積較大，定音比小提琴低五度，音色柔和而渾厚。可用於獨奏、重奏、或合奏，在弦樂四重奏中具有特殊的作用，為室內樂的重要樂器。也稱為「中音提琴」。,,藝術-藝術,藝術-藝術,藝術-音樂,藝術-音樂,中提琴,tiong-thê-khîm
102907,中嗩,中音嗩吶它全長約48公分（含銅芯），最低音為E（高音譜號第一線），上把全按為C，全開為G，和廣州次中嗩同調但高了八度，按鍵結構大部份和中嗩相同但下把#F以下的按鍵指法和中嗩不同。,,,藝術-藝術,,,二號吹 中音鼓吹,jī-hō-tshue tiong-im kóo-tshue
102908,中慢板,音樂速度術語，包含了行板(Andante)、小行板(Andantino)。,,,藝術-藝術,,,中慢板,tiong-bān-pán
102909,中鋒,指籃球運動中，在進攻時，中鋒經常有機會站在靠近罰球線的禁區內（此乃整個進攻場的中心位置）接球，此時他也應具備不錯的導球能力，將球往較適當的角落送出。,,,健康與體育-健康與體育,健康與體育-體育,健康與體育-體育,中鋒,tiong-hong
102910,中藥,中華民族傳統藥物的總稱。,,健康與體育-健康與體育,,,,中藥 漢藥,tiong-io̍h hàn-io̍h
102911,互逆,相互逆向運算。,,,數學-數學,,,互逆,hōo-gi̍k
102912,互補,指兩補角的關係。,,,,數學-數學,,互補,hōo-póo
102913,互餘,指兩餘角的關係。,,,,數學-數學,,互餘,hōo-î hōo-û
102914,五人制足球賽,五人制足球賽是足球的一個變種。在五人制足球賽中，每支球隊只有5名隊員上場比賽而不是通常的11名。五人制足球賽與普通足球的其他不同包括在較小的場地比賽，使用較小的球門以及較小尺寸的足球，以及縮短了的比賽時間。,,健康與體育-健康與體育,,,,五人制跤球賽,gōo-lâng-tsè kha-kiû-sài
102915,五角柱,底面是五邊形的柱體。,,,數學-數學,數學-數學,,五角柱,gōo-kak-thiāu
102916,五角錐,底面為五邊形的錐體。,,,數學-數學,數學-數學,,五角錐,gōo-kak-tsui
102917,五言,每句五字的詩。為詩體的一種，有古詩、絕句、律詩、排律等形式。,,,語文-國語文,語文-國語文,語文-國語文,五言,ngóo-giân
102918,五重奏,五重奏（quintet）是由五件樂器分奏五個聲部的室內樂；分為弦樂五重奏（string quintet）和鋼琴五重奏（piano quintet）兩種。,,藝術-藝術,,,,五重奏,ngóo-tîng-tsàu
102919,五經,指《易經》、《書經》、《詩經》、《禮記》、《春秋》等五部經典。漢時訂為五經，為儒家用以講學的重要典籍。,,,語文-國語文 社會-社會,,社會-歷史,五經,ngóo-king
102920,元宵節,傳統節慶之一。因於每年第一個月圓之夜──農曆正月十五日晚上舉行慶祝活動，故稱為「元宵節」。當天，民間習慣通宵張燈，供人觀賞，並有舞龍、舞獅、踩高蹺、跑旱船、猜燈謎等活動。更以吃元宵、年糕、餃子等，象徵闔家團圓、生活美滿。也稱為「燈節」、「小過年」、「上元」、「上元節」、「元宵」。,,綜合活動-綜合活動 社會-社會,社會-社會,,社會-歷史,元宵 上元 上元暝,Guân-siau Siōng-guân Siōng-guân-mê
102921,內分泌,人或高等動物體體內由內分泌腺體所分泌的化學物質。直接進入血液中，循環到全身各組織器官，用以調節各種細胞的代謝作用、生長發育和生理機能。,,健康與體育-健康與體育,健康與體育-健康與體育,自然科學-生物 健康與體育-健康教育,,內分泌,lāi-hun-pì
102922,內分泌素,是人體的腺體之中的一種。這些腺體沒有導管因此又稱無管腺。它們分泌的激素直接進入腺體內的毛細血管，並隨著血液循環輸送到全身各處。,,,健康與體育-健康與體育,,,內分泌素 內分泌激素,lāi-hun-pì-sòo lāi-hun-pì kik-sòo
102924,內切圓,在數學中，若一個二維平面上的多邊形的每條邊都能與其內部的一個圓形相切，該圓就是多邊形的內切圓。,,,,數學-數學,,內切圓,lāi-tshiat-înn
102925,內心,三角形內切圓的圓心。由三角形三內角的三條平分線相交於一點，此點即為三角形內切圓的圓心。,,,,數學-數學,,內心,lāi-sim
102926,內角,多邊形內的各角，皆稱為「內角」。,,,數學-數學,數學-數學,,內角,lāi-kak
102927,內服藥,供病人口服的藥品。,健康與體育-健康與體育,,健康與體育-健康與體育,,,內服藥 口服藥,luē-ho̍k-io̍h kháu-ho̍k-io̍h
102928,內容綱要,事物內部所包含的實質或意義的綱領及要旨。,,語文-國語文,,,,內容綱要,luē-iông kong-iàu
102929,內陸,大陸內部，不與外海相鄰的地區。,,,社會-社會,自然科學-地球科學,社會-地理,內陸,lāi-lio̍k
102930,內錯角,在幾何學中，內錯角是兩個角之間的一種位置關係。,,,,數學-數學,,內錯角,lāi-tshok-kak
102931,內臟,人或動物的胸腔和腹腔內所包藏的各種器官。,,健康與體育-健康與體育,健康與體育-健康與體育,健康與體育-健康教育,,內臟,lāi-tsōng
102932,公丈,量詞。計算長度的單位。公制一公丈等於十公尺。,,,數學-數學,,,公丈,kong-tn̄g
102933,公勺,量詞。計算容量的單位。公制一公勺等於一公升的百分之一。,,,數學-數學,,,公勺,kong-sia̍h
102934,公寸,量詞。計算長度的單位。公制一公寸等於十分之一公尺。,,,數學-數學,自然科學-理化,,公寸,kong-tshùn
102935,公分母,幾個異分母的分數，通分時所化成的相同的分母，叫做這幾個分數的公分母。,,,數學-數學,,,公分母,kong-hun-bó kong-hun-bú
102936,公切線,一條線與兩圓同時相切的線，稱做公切線。,,,,數學-數學,,公切線,kong-tshiat-suànn
102937,公引,量詞。計算長度的單位。公制一公引等於一百公尺。也稱為「引」。,,,數學-數學,,,公引,kong-ín
102938,公斗,量詞。計算容量的單位。公制一公斗等於十公升。也稱為「斗」。,,,數學-數學,,,公斗,kong-táu
102939,公布欄,張貼或公告訊息的地方。,綜合活動-生活課程,藝術-藝術 綜合活動-綜合活動,,,,公佈欄,kong-pòo-nuâ
102940,公石,1.量詞。計算容積的單位。公制一公石等於一百公升。也稱為「石」。 2.量詞。計算重量的單位。一公石等於一百公斤。也作「公擔」。,,,數學-數學,,,公石,kong-tsio̍h
102941,公共建設,不以營利為目的，而能滿足大眾有關運輸、教育、醫療、衛生、遊憩等需求的各項建設。如道路的鋪設、公園的闢建、學校的設置、停車場的興建等。,,社會-社會,綜合活動-綜合活動 社會-社會,社會-地理,社會-歷史,公共建設,kong-kiōng kiàn-siat
102942,公合,量詞。表示容量的單位（舊制）。一公合等於十分之一公升。也稱為「合」。,,,數學-數學,,,公合,kong-kap
102943,公式,數學問題中所設諸數，用文字表示其解得的具體結果，可適合於相類問題的算式。,,,數學-數學,數學-數學,數學-數學,公式,kong-sik
102944,公告,一種對團體、大眾有所宣布時所用的公文。,,,綜合活動-綜合活動,,社會-公民與社會,公告,kong-kò
102945,公兩,量詞。計算重量的單位。公制一公兩等於十分之一公斤。也稱為「兩」。,,,數學-數學,,,公兩,kong-niú
102946,公制單位,國際單位制。,,,數學-數學,,,公制單位,kong-tsè tan-uī
102947,公厘,量詞。計算長度的單位。公制一公厘等於十分之一公分。,,,數學-數學,,,公厘,kong-lî
102948,公差,數學上指等差級數相鄰兩項的差永遠相等。此相等的差稱為「公差」。,,,,數學-數學,,公差,kong-tsha
102949,公益,社會公共的利益。,,綜合活動-綜合活動,社會-社會 綜合活動-綜合活動,社會-公民與社會,社會-公民與社會,公益,kong-ik
102950,公毫,量詞。計算重量的單位。公制一公毫等於百分之一公克。,,,數學-數學,,,公毫,kong-hô
102951,公絲,量詞。計算重量的單位。公制一公絲等於千分之一公克。,,數學-數學,,自然科學-理化,,公絲,kong-si
102952,公路,供車輛通行的道路。通常歸國家所有。,,社會-社會,社會-社會,社會-地理,社會-歷史,公路,kong-lōo
102953,公撮,量詞。計算容量的單位。公制一公撮等於千分之一公升。也稱為「撮」。,,,數學-數學,,,公撮,kong-tshok
102954,公擔,量詞。計算重量的單位。一公擔等於一百公斤。也作「公石」。,,,數學-數學,,,公擔,kong-tànn
102955,公衡,量詞。計算重量的單位。公制一公衡等於十公斤。,,,數學-數學,,,公衡,kong-hîng
102956,公錢,量詞。計算重量的單位。公制一公錢為百分之一公斤。也稱為「錢」。,,,數學-數學,,,公錢,kong-tsînn
102957,公聽會,民意及行政機關針對各項重大議題，為蒐集各方意見，邀請民意代表、學者專家和一般大眾進行討論的座談會。,,,社會-社會,社會-公民與社會,社會-公民與社會,公聽會,kong-thiann-huē
102958,六十進位法,六十進制是以60為基數的進位制，源於公元前3000年至公元前2000年的蘇美人，後傳至巴比倫，流傳至今仍用作紀錄時間、角度和地理座標。,,,數學-數學 社會-社會,,,六十進位法,la̍k-tsa̍p tsìn-uī-huat
102959,六角柱,底面是六邊形的柱體。,,,數學-數學,數學-數學,,六角柱,la̍k-kak-thiāu
102960,六角錐,底面為六邊形的錐體。,,,數學-數學,數學-數學,,六角錐,la̍k-kak-tsui
102961,六等星,古代天文學家將肉眼所見最亮的星星列等，稱為目視星等。最亮的為一等星，排名第六為六等星，大約1顆燈泡的亮度。,,,自然科學-自然科學,,,六等星,lio̍k-tíng-tshenn
102962,分公升,量詞。計算容量的單位。公制一分公升相當於十分之一公升。,,數學-數學,,,,分公升,hun-kong-tsin
102963,分貝器,最基本的噪音測量儀器。,,,自然科學-自然科學,,,分貝器,hun-puè-khì
102964,分擔,1.分別擔負。 2.代人承擔一部分。,社會-生活課程 自然科學-生活課程 藝術-生活課程 綜合活動-生活課程,健康與體育-健康與體育 社會-社會,綜合活動-綜合活動,,,分擔,hun-tam
102965,切分音,樂理規則中，經由同音的結合，使強弱拍子異動，稱為切分音。為英語syncopation的義譯。例如一個弱拍的音和強拍上同高度的音結合，使強拍變弱拍，或弱拍變強拍。,,藝術-藝術,藝術-藝術,,,切分音,tshiat-hun-im
102966,切換使用者,以帳號密碼區分使用者權限，可以需求進行切換。,,,,科技-資訊科技,,切換使用者,tshiat-uānn sú-iōng-tsiá
102967,切換視窗,作業系統上不同應用程式切換。,,,,科技-資訊科技,,切換視窗,tshiat-uānn sī-thang
102968,切結書,書面的保證文件，寫明當事人願負的責任。,,,社會-社會,,,切結書,tshiat-kiat-su
102969,勾拳,是一種弧線擊打的拳法，而且是作為近距離攻擊的拳法，勾拳的基本技術一般分作四種。平勾拳、上勾拳、側勾拳和斜上勾拳。這四種勾拳的擊打、發力方法、步法和重心都基本相同，只是擊打方向和目標部位不同而已。,,,健康與體育-健康與體育,,,勾拳,kau-kûn
102970,化學,研究物質的結構、性質及變化反應的一門科學。包括有機化學、生物化學、核化學等。,,自然科學-自然科學 健康與體育-健康與體育,自然科學-自然科學,自然科學-理化 社會-地理,自然科學-化學,化學,huà-ha̍k
102971,化學物質,化學物質，又稱化學物種，是有著固定化學成分和特定性質的一類物質。,,自然科學-自然科學 健康與體育-健康與體育,自然科學-自然科學,自然科學-理化 健康與體育-健康教育,,化學物質,huà-ha̍k bu̍t-tsit
102972,化學家,研究化學的專家。,,,自然科學-自然科學,,自然科學-生物,化學家,huà-ha̍k-ka
102973,升降記號,變音記號，又被稱為臨時升降記號，是音樂中一種改變音高的記譜方式。,,,藝術-藝術,藝術-音樂,,升降記號,sing-kàng kì-hō
102974,升高半音,指升高半音組成的音階。,,藝術-藝術,,,,升懸半音,sing-kuân puànn-im
102975,升冪,把一個多項式按某一個字母的指數由小至大順序排列。,,,數學-數學,數學-數學,,升冪,sing-bi̍k
102976,反手發球,反手擊球、抽球、打球等，手背向外，胳膊向前移動。,,,健康與體育-健康與體育,健康與體育-體育,,反手發球,huán-tshiú huat-kiû
102977,反比,數學上稱二個量其中一個量增加若干倍，另一個量則縮小到原來的若干分之一，或一個量縮小若干分之一，另一個量則增加到原來的若干倍，這兩個量的變化關係叫做反比。,,,,數學-數學,自然科學-物理,反比,huán-pí
102978,反白,電腦螢幕的高亮度顯示區，稱為「反白」。,,,,科技-資訊科技,,反白,huán-pe̍h
102979,反光板,1.照相、錄影時用來採光的反射板，常貼上金紙或銀紙增強反射效果。 2.安裝於汽車等後部的光線反射板，可讓後面的來車看到，以增加安全。,,自然科學-自然科學,,,,反光枋,huán-kng-pang
102980,反式脂肪,氫化過程會改變脂肪酸的分子結構（讓油更耐高溫、不易變質，並且增加保存期限），如果將脂肪酸完全氫化並無反式與順式脂肪酸差異，但不完全氫化時，部份的脂肪酸結構會變成反式結構，產生反式脂肪。,,,健康與體育-健康與體育,健康與體育-健康教育,自然科學-化學,反式脂肪,huán-sik tsi-hong
102981,反始記號,反始記號（義大利語：Da Capo，簡稱D.C.）是一種樂譜符號，指從頭再奏，指示演奏樂章至記號後歸回最初再次重複。功用上和重複相似，但反始可以更靈活使用。反始常見有Da Capo al fine和D.C. al Segno e poi la Coda（Da Capo al Coda），前者從頭再奏後，演奏至「Fine」或「Point d』orgue.svg」記號時終結全曲；後者從頭再奏後，然後演奏至記號，再跳至第二個記號完結。而擁有這種結構的歌劇則稱為反始詠嘆調，重複部分通常會加有裝飾音。,,藝術-藝術,,,,反始記號,huán-sí kì-hō
102982,反拍擊球,（網球、乒乓球等）持拍擊球的方式之一。對右手持拍的人而言，反手拍位子在身體的左邊；對左撇子而言，反手拍位子在身體的右邊。,,,健康與體育-健康與體育,,,反桮拍球,huán-pue phah-kiû
102983,反射光,光線在介質中進行時，遇到不同介質之介面則改變方向，射回原介質，稱為「反射光」。,,自然科學-自然科學,,自然科學-理化,,反射光,huán-siā-kng
102984,反詐騙諮詢專線,警政署為加強預防詐欺犯罪，設立「反詐騙諮詢專線165」電話，提供民眾諮詢。,,,社會-社會,,,反詐騙諮詢專線,huán-tsà-phiàn tsu-sûn tsuan-suànn
102985,反應時間,受到刺激之後，引起的最簡單的反應所花的時間。,,,,自然科學-生物,,反應時間,huán-ìng sî-kan
102986,天文臺,從事天體觀測及天文研究的機構。,,自然科學-自然科學,,,,天文台,thian-bûn-tâi
102987,天文學,研究天體位置、大小、運轉、形態及化學組成、物理狀態和演化的科學。,,,自然科學-自然科學 社會-社會,自然科學-地球科學,自然科學-地球科學,天文學,thian-bûn-ha̍k
102988,天文學家,研究天文學、宇宙學、天體物理學等相關學科的科學家。,,自然科學-自然科學,自然科學-自然科學,,自然科學-地球科學,天文學家,thian-bûn ha̍k-ka
102989,天災,天然災害。如水災、旱災、地震等。,,社會-社會,社會-社會,社會-地理 社會-公民與社會,社會-歷史,天災,thian-tsai
102990,天兔座,天兔座是獵戶座南邊的一個星座，可能代表著獵人追逐的兔子。是托勒密劃分的48星座之一，也是現代88星座之一。,,自然科學-自然科學,,,,天兔座,Thinn-thòo-tsō
102991,天竺葵,植物名。香葉草科天竺葵屬，多年生草本，莖強壯，多肉質。葉具長柄，呈圓心臟形，葉與莖均被短絨毛，有異味。夏日開花，繖形花序總梗長5－20公分，多花。花期長，花色有白色、紅色、粉色等。為觀賞用植物。原產於南非。,,自然科學-自然科學,,,,天竺葵,thian-tiok-khuê
102992,天氣觀測,對天氣的觀察與測量。,,自然科學-自然科學,,,,天氣觀測,thinn-khì kuan-tshik
102993,天然漁港,天然形成的漁港，如南方澳漁港三面環山，地形隱蔽且近漁場，為天然良港。,,,社會-社會,,,天然漁港,thian-jiân hî-káng
102994,天鵝座,天鵝座是北天星座之一。天鵝座的中心部分別名北十字星，相對於南十字星。天鵝座α星是全天21個1等星之一，天鵝座α星、天琴座的天琴座α星、天鷹座的天鷹座α星3個1等星組成夏季大三角。,,自然科學-自然科學,自然科學-自然科學,,,天鵝座,Thinn-gô-tsō
102995,太平天國,清道光、咸豐年間，洪秀全等所建立的國家。清道光23年（西元1843年），洪秀全創立反清組織上帝會，道光30年在廣西桂平縣金田村起義。咸豐3年，建立太平天國，定都南京，勢力所及達十餘省，凡14年（西元1851－1864年），後為曾國藩等所滅。,,,,社會-歷史,社會-歷史,太平天國,Tài-pîng-thian-kok
102996,太平洋暖氣團,太平洋暖氣團為暖高壓，形成原因為赤道附近的空氣受太陽照射、加熱，體積膨脹而上升，向南北散布。到了中緯度，空氣下降，形成高氣壓系統。氣團形成後，通常都會離開氣團源地，因此其性質會隨著所經過的地理環境而改變。例如冷氣團移往較低緯度時，較底層的氣體容易受熱；大陸氣團經過海面時，溼度也會因為吸收水氣而增加。,,,自然科學-自然科學,自然科學-地球科學,,太平洋暖氣團,thài-pîng-iûnn luán-khì-thuân
102997,太空人,在太空中操作太空船、從事太空探險研究的人。也稱為「太空飛行員」。,,自然科學-自然科學,,,自然科學-地球科學,太空人,thài-khong-jîn
102998,太空船,泛稱一切航行於太空中的飛行器。,,自然科學-自然科學,,,,太空船,thài-khong-tsûn
102999,太陽光,來自太陽所有頻譜的電磁輻射。,,自然科學-自然科學,自然科學-自然科學,自然科學-地球科學,自然科學-地球科學,日頭光 日鬚,ji̍t-thâu-kng ji̍t-tshiu
103000,太陽能光電板,一種可將光能轉化為電能的裝置。一般以矽、砷化鎵等材料製成。具有高效率、壽命長、低汙染、安全可靠等特性。,,,自然科學-自然科學,,,太陽能電枋,thài-iông-lîng tiān-pang
103001,太極拳,一種武術運動。按陰陽生剋的原理，合為十三式，習練時講究以靜制動、以柔克剛、借力打力，兼具防身與健身的效果。,,健康與體育-健康與體育,,,,太極拳,thài-ki̍k-kûn
103002,孔版,一種特殊印刷版種。將印版上的圖樣部分鏤空，或是沒有圖樣部分充填，使印墨透過版上的細孔，將圖樣印在承印物上。孔版可應用在畫作、卡片、海報等印刷設計方面。,,藝術-藝術,藝術-藝術,,,目版,ba̍k-pán
103003,孔版畫,利用圖版上的鏤空圖形，使顏料均勻透過，印製而成的畫作。孔版畫中以絹印版畫的應用最為廣泛。,,藝術-藝術,,藝術-視覺藝術,,目版畫,ba̍k-pán-uē
103004,尺規作圖,以直尺、圓規繪圖。,,,,數學-數學,數學-數學,尺規作圖,tshioh kui tsok-tôo
103005,巴松管,即「低音管」。雙簧管樂器之一。,,,藝術-藝術,,,ba-sóng管,ba-sóng-kuán
103006,巴洛克音樂,「巴洛克音樂」指歐洲在文藝復興之後開始興起，且在古典主義音樂形成之前所流行的音樂類型，延續期間大約從1600年到1750年之間的150年。「巴洛克音樂」的特點是極盡奢華，加入大量裝飾性的音符。節奏強烈、短促而律動，旋律精緻。,,藝術-藝術,,,,巴洛克音樂,Pa-lo̍k-khik im-ga̍k
103007,心血管病變,指心臟和血管的疾病，常見原因是動脈粥狀硬化導致血管阻塞引發血流不順，進而引發各式各樣的病症，症狀有心悸、呼吸困難、紫紺、眩暈、暈厥等。,,,健康與體育-健康與體育,,,心血管病變,sim-hueh-kńg pēnn-piàn
103008,心肺功能,心肺功能是人體心臟泵血及肺部吸入氧氣的能力，而兩者的能力又直接影響全身器官及肌肉的活動。心肺功能良好，也反應身體主要機能都可健康運作，從而可推斷出患慢性疾病如心血管病、內分泌系統疾病、呼吸系統疾病的機會較低。,,,健康與體育-健康與體育,健康與體育-體育,,心肺功能,sim-hì kong-lîng
103009,心肺適能,也可以稱為「心肺耐力」，是指個人的心肺系統將氧氣輸送到組織細胞加以使用的能力。可以說是個人的心臟、肺臟、血管、與組織細胞有氧能力的指標。,,,,健康與體育-體育,,心肺適能,sim-hì-sik-lîng
103010,心宿二,大約在天蠍座心臟的部位，有一顆紅色亮星，即為「心宿二」又稱為「大火」。,,,自然科學-自然科學,,,心宿二,Sim-siok-jī
103011,心理,泛指人的思想、情感等內心活動。,,綜合活動-綜合活動 健康與體育-健康與體育,綜合活動-綜合活動 健康與體育-健康與體育,健康與體育-健康教育,健康與體育-體育,心理,sim-lí
103012,心智圖,一種圖像式思維的工具以及一種利用圖像式思考輔助工具來表達思維的工具。,,社會-社會,綜合活動-綜合活動,藝術-表演藝術,,心智圖,sim-tì-tôo
103013,心絞痛,為血管的內徑變小，所以血流無法輸送足夠的氧氣與養份到達心臟肌肉，尤其是在心臟肌肉耗氧量大的時候，如運動或情緒激動時，會造成供應不敷需求，心肌缺氧會引起胸口有壓迫感或疼痛，有時症狀會轉移到左手上臂、脖子或下巴等地方。,,,健康與體育-健康與體育,健康與體育-健康教育,,心絞疼,sim-ká-thiànn
103014,心跳,心臟規律的跳動。,,健康與體育-健康與體育,綜合活動-綜合活動,自然科學-生物 健康與體育-健康教育,,心跳,sim-thiàu
103015,心算,不藉紙筆、算盤或計算機等器具而專用心思進行計算的方法。,數學-數學,,,,,心算,sim-sǹg
103016,心臟病,各種心臟疾病的總稱。種類很多，多因心臟本質或功能的異常所引起，任何年齡都可能發生。,,健康與體育-健康與體育,健康與體育-健康與體育,健康與體育-健康教育,健康與體育-健康與護理,心臟病,sim-tsōng-pēnn
103017,戶口普查,在指定的時間與地區，就人口靜態狀況，作普遍調查登記。,,,社會-社會,,,戶口普查,hōo-kháu phóo-tsa
103018,戶外活動,在屋外所從事的休閒活動。,健康與體育-健康與體育,綜合活動-綜合活動 健康與體育-健康與體育,,,,戶外活動,hōo-guā ua̍h-tang hōo-guā ua̍h-tōng
103019,手工業,以手工為主，運用簡單工具從事生產的小規模工業。,,社會-社會,,社會-歷史,社會-歷史,手工業,tshiú-kang-gia̍p
103020,手帕,隨身攜帶擦拭用的小方巾。,社會-生活課程 自然科學-生活課程 藝術-生活課程 綜合活動-生活課程,健康與體育-健康與體育,綜合活動-綜合活動,,健康與體育-健康與護理,手巾仔,tshiú-kin-á
103021,手拉胚,陶瓷器生產過程中的一道手續。,,,綜合活動-綜合活動,,,手搝坯,tshiú-khiú-phue tshiú-giú-phue
103022,手風琴,樂器名，自由簧樂器。有風箱、簧片、鍵盤等裝置，構造略同於風琴。演奏時用左手拉動風箱，右手按鍵盤，引入氣流顫動琴內的簧片發聲。為英語accordion的義譯。,,藝術-藝術,,,,手風琴,tshiú-hong-khîm
103023,手球,1.一種球類運動。揉合足球與籃球規則，每隊六名普通球員，一名守門員，依進門球數判定勝負。 2.手球運動使用的球。狀似足球，但比足球略小。,,,健康與體育-健康與體育,健康與體育-體育,,手球,tshiú-kiû
103024,手掌,手的中心部分。,健康與體育-健康與體育,藝術-藝術 健康與體育-健康與體育,自然科學-自然科學 健康與體育-健康與體育,,,手蹄仔,tshiú-tê-á
103025,手搖鈴,手搖鈴是一種敲擊樂器。由鈴身、手柄和擊錘三部分構成。鈴身決定手搖鈴發聲，也決定單個手鈴的音高，一般由銅製成。,社會-生活課程 自然科學-生活課程 藝術-生活課程 綜合活動-生活課程,藝術-藝術,,,,手搖鈴,tshiú-iô-lîng
103026,手電筒,以乾電池或充電電池為電源，便於攜帶的筒形照明器。,社會-生活課程 自然科學-生活課程 藝術-生活課程 綜合活動-生活課程 健康與體育-健康與體育,自然科學-自然科學 健康與體育-健康與體育,綜合活動-綜合活動,,,手電仔 手電,tshiú-tiān-á tshiú-tiān
103027,支氣管,氣管下端分出的小氣管。氣管進入肺部後，分成樹枝狀，形成很多小支氣管，為呼吸系統的一部分。,,健康與體育-健康與體育,健康與體育-健康與體育,自然科學-生物 健康與體育-健康教育,健康與體育-健康與護理,分肺管,hun-hì-kńg
103029,文化融合,指不同形態的文化或者文化特質之間的相互結合、相互吸收的過程。,,社會-社會,社會-社會,,,文化融合,bûn-huà iông-ha̍p
103030,文字編輯,文字的字體、大小、顏色等編輯功能。,,,,科技-資訊科技,,文字編輯,bûn-jī pian-tsi̍p
103031,文字檔,只有字元原生編碼構成的二進位電腦檔案。,,,,科技-資訊科技,,文字檔,bûn-jī-tóng bûn-jī-tòng
103032,文面,在臉上進行的刺紋，代表成年及其成就的標記，也作「紋面」。,,,社會-社會 綜合活動-綜合活動,,,文面,bûn-bīn
103033,文學體裁,1.作品的布局、架構。 2.文學的類別。依作品所表現的結構與性質上之差異而加以區分。,,,語文-國語文,,,文學體裁,bûn-ha̍k thé-tshâi
103034,文藝復興,文藝復興運動是一場發生在14－16世紀的歐洲的反封建、反神學的資產階級思想文化運動。它起源於義大利，後擴展至歐洲各國。文藝復興並不是復古，而是強調「人文主義」，以人為本。,,藝術-藝術,藝術-藝術,藝術-表演藝術 社會-歷史,藝術-藝術生活,文藝復興,bûn-gē ho̍k-hing
103035,文藝復興時期,文藝復興時期是指中世紀末葉起，以義大利為中心所掀起的西歐新文化，思想運動，大約自14世紀持續到16世紀（大約是當時中國的明朝）。,,藝術-藝術,,藝術-表演藝術,藝術-音樂,文藝復興時期,Bûn-gē Ho̍k-hing Sî-kî
103036,方向盤,操縱輪船、汽車等行駛方向的輪狀裝置。,,自然科學-自然科學,,,,方向盤 ha̋n-tóo-luh,hong-hiòng-puânn ha̋n-tóo-luh
103037,方位角,方位角乃是觀測中心座標系的量度之一，用來決定目標物的水平方位。,,,自然科學-自然科學,,,方位角,hong-uī-kak
103038,方位盤,又可稱羅盤。指把磁針和方位盤組合在一起，製造的定方位的儀器。,,自然科學-自然科學,,,,方位盤 羅經,hong-uī-puânn lô-kenn
103039,方格板,教學教具。,,數學-數學,,,,格仔枋,keh-á-pang
103040,日本海,海洋名。在太平洋西部，介於日本、俄羅斯、朝鮮與韓國之間。北有韃靼海峽接鄂霍次克海，東北有宗谷海峽，東有津輕海峽通太平洋，西南以大韓海峽與對馬海峽連接東海，面積約一百萬平方公里。,,,社會-社會,,社會-歷史,日本海,Ji̍t-pún-hái
103041,日本腦炎,病名。一種由濾過性病毒所引起的腦發炎，此病由蚊子作媒介，常發生於夏季。首先發生於日本，並由其分離證實其為濾過性病毒所引起的疾病，故命名為「日本腦炎」。,健康與體育-健康與體育,,,健康與體育-健康教育,自然科學-生物,日本腦炎,Ji̍t-pún náu-iām
103042,日夜變化,白天與黑夜的變化。,,自然科學-自然科學,,,,日夜變化,ji̍t-iā piàn-huà
103043,日曆,記載年、月、日、星期和節氣、紀念日等的印刷品，一年一本，一日一頁。,,,綜合活動-綜合活動,,,曆日 日誌,la̍h-ji̍t ji̍t-tsì
103044,月全食,地球運轉至月球與太陽之間時，月球無法反射太陽光至地球，造成月球完全被地球的影子遮蔽的現象。,,自然科學-自然科學,,自然科學-地球科學,,月全蝕,gue̍h-tsuân-sit
103045,月偏食,月食時，陰影局部遮蔽星體的現象。,,自然科學-自然科學,,自然科學-地球科學,,月偏蝕,gue̍h-phian-sit
103046,月琴,樂器名。弦樂器，用木頭製成，琴身為扁圓形或八角形，有四根弦或三根弦，用撥子彈奏。因最初形狀如月，發音似琴，故稱為「月琴」。,,藝術-藝術,藝術-藝術,藝術-音樂,,月琴,gue̍h-khîm
103047,月暈,月光受到稀薄而高的冰雲折射而形成的光環。,,,綜合活動-綜合活動,,,月圍箍 月戴笠,gue̍h uî-khoo gue̍h tì-le̍h
103048,月經週期,子宮內膜的周期性變化稱為月經週期。,,健康與體育-健康與體育,健康與體育-健康與體育,自然科學-生物,健康與體育-健康與護理,月經週期,gue̍h-king tsiu-kî
103049,木心板,將三片薄木板依年輪紋作直交式重疊，然後用黏合劑黏成的木板。可防腐、防水，為相當重要的建築材料。,,,,科技-生活科技,,木心枋,bo̍k-sim-pang
103050,木匠,製作或修理木器的工匠。,,藝術-藝術,藝術-藝術,,,木匠,ba̍k-tshiūnn
103051,木刻板畫,木刻版畫是在木板上刻出反向圖像，再印在紙上欣賞的一種版畫藝術。,,,藝術-藝術,,藝術-美術,木刻板畫,bo̍k-khik pán-uē
103052,木刻版,木刻版乃舊式印刷之一種。用棗梨或黃楊木刻成，棗木最粗，僅能鐫刻大字，梨木較細，可刻小字及簡單圖畫，最精細之文字圖畫，則用黃楊木。,,,藝術-藝術,,,木刻版,bo̍k-khik-pán
103053,木刻版畫,木刻版畫即「木版畫」，是用刀在木板上刻畫，再用紙拓印出來的一種圖畫，在中外版畫中是最早也是最常見的一種版畫形式。,,藝術-藝術,藝術-藝術,,,木刻版畫,bo̍k-khik pán-uē
103054,木板畫,一種西洋繪畫技法。將顏料調和蛋白、蛋黃和水，也有另加蜂蜜、樹皮等。如此塗料能使畫面有光澤，不裂，不剝落，且不褪色。流行於歐洲中世紀到文藝復興時期。,,藝術-藝術,,,,枋仔畫,pang-á-uē
103055,木星,行星名。距離太陽第五近的行星，也是太陽系中體積最大的行星，目前已知有六十餘顆衛星，有行星環。屬於類木行星，大氣成分主要為氫和氦，外觀可看到平行於赤道，呈現紅、棕、黃、白色各異的寬廣雲帶，另有大氣氣旋造成的大紅斑。古時分周天為十二次，木星每歲行經一次，十二歲而一周天，用以紀年，故也稱為「福星」、「歲星」。,,,自然科學-自然科學,自然科學-地球科學,自然科學-地球科學,木星,Bo̍k-tshenn
103056,木炭,一種將木材密閉於窯中，用火燜薰而成的燃料。色黑質硬，也可用來過濾液體和氣體。,,自然科學-自然科學,自然科學-自然科學,社會-地理,,火炭,hué-thuànn
103058,木琴,樂器名，打擊樂器。由若干長短不一的木條按音階編排而成。原分四排，現多為兩排。以小木槌擊奏，亦有在木片下裝設金屬共鳴管，發音更為嘹亮。為英語Xylophone的義譯。常用於獨奏或管弦樂隊。,,藝術-藝術,藝術-藝術,藝術-音樂,藝術-音樂,木琴,bo̍k-khîm
103059,木管,木製管樂器的總稱。為英語woodwind的義譯。可分為無簧的笛類樂器，如短笛、長笛、木笛等，以及有簧管類樂器，如單簧管、雙簧管、薩氏管等。,,,藝術-藝術,藝術-音樂,,木管,bo̍k-kuán
103060,木雕面具,用木工雕塑而成的面具。,,數學-數學,,,,木雕假面 木雕面具,bo̍k-tiau ké-bīn bo̍k-tiau bīn-kū
103061,止血,使傷口不再流血。,健康與體育-健康與體育,健康與體育-健康與體育,,健康與體育-健康教育,,止血,tsí-hueh
103062,比例,某一事物在整體中所占的分量。,,社會-社會,數學-數學 綜合活動-綜合活動,數學-數學 藝術-視覺藝術,,比例,pí-lē
103063,比重,物體重量和該物體體積的比值。,,自然科學-自然科學,,,自然科學-化學,比重,pí-tāng
103064,比率圖,統計圖表之一。通常用來方便理解大量數據，以及數據之間的關係。讓人們透過視覺化的符號，更快速的讀取原始數據。,,,數學-數學,,,比率圖,pí-lu̍t-tôo
103066,毛巾,一種棉紡織用品。,健康與體育-健康與體育,自然科學-自然科學 健康與體育-健康與體育,綜合活動-綜合活動 藝術-藝術 健康與體育-健康與體育,,,面布 面巾,bīn-pòo bīn-kin
103067,毛衣,用毛線所織成的衣服。,,,綜合活動-綜合活動,,,膨紗衫,phòng-se-sann
103068,毛重,貨物連同包裝材料的總重量。,,數學-數學,,,,毛重,môo-tāng
103069,水力,一種自然能源。藉由水流的力量所產生的動力，可用來發電。,,自然科學-自然科學,綜合活動-綜合活動,自然科學-地球科學 社會-地理,,水力,tsuí-li̍k
103070,水上活動,與水有關的活動。游泳、划船、潛水、水上芭蕾等。,,,健康與體育-健康與體育,,,水上活動,tsuí-siōng ua̍h-tāng tsuí-siōng ua̍h-tōng
103071,水上救生,是一種包含游泳及救生技巧的競技運動，為世界運動會競賽運動種類之一。,,,,健康與體育-體育,,水上救生,tsuí-siōng kiù-sing
103072,水中自救,在水中自行救助。,,,,,健康與體育-體育,水中自救,tsuí-tiong tsū-kiù
103073,水母漂,自救方式之一。游泳者頭縮，雙手抱膝，膝靠著胸，就可以像水母一樣漂起來，要注意自然缓慢吐氣，不可故意憋氣。,,,健康與體育-健康與體育,健康與體育-體育,健康與體育-體育,水母漂,tsuí-bó-phiau tsuí-bú-phiau
103074,水利工程,研究水的自然定律，而加以應用的工程。如灌溉農田、供給飲水、治河、築隄等。,,社會-社會,社會-社會,社會-歷史,社會-歷史,水利工程,tsuí-lī kang-tîng
103075,水泡,皮膚表層與皮下組織之間聚積體液的皮膚現象。,,健康與體育-健康與體育,健康與體育-健康與體育,健康與體育-健康教育,,水疱,tsuí-phā
103076,水星,行星名。距離太陽最近的行星，也是太陽系中體積最小的行星，只比月球略大。屬於類地行星。地表多隕石坑。幾乎沒有大氣，晝夜溫差極大。古稱「辰星」。,,自然科學-自然科學,自然科學-自然科學,自然科學-地球科學,自然科學-地球科學,水星,Tsuí-tshenn
103077,水韭,植物名。水韭科水韭屬，多年生草本。全株沉生於水中，地下莖短而肥，下面生鬚根，上部叢生狹線形葉片，葉的基部腹面凹穴內生有孢子囊，外覆蓋膜。因外形似韭，故稱為「水韭」。,,自然科學-自然科學,,,,水韭,tsuí-kú
103078,水氣,因潮溼而產生的溼氣。,,自然科學-自然科學,,自然科學-生物 社會-地理,自然科學-地球科學,水氣,tsuí-khì
103079,水彩盒,一種可以調配顏料的繪畫器具。,,藝術-藝術,,,,水彩盒仔,tsuí-tshái a̍p-á tsuí-tshái a̍h-á
103080,水彩畫,以水溶性顏料調水所作的畫。,,,藝術-藝術,藝術-視覺藝術,社會-歷史,水彩畫,tsuí-tshái-uē
103081,水彩筆,水彩畫所用之畫筆。,,,藝術-藝術,藝術-視覺藝術,,水彩筆,tsuí-tshái-pit
103082,水壺,裝水的器具。,社會-生活課程 自然科學-生活課程 藝術-生活課程 綜合活動-生活課程 健康與體育-健康與體育,自然科學-自然科學 綜合活動-綜合活動 健康與體育-健康與體育,綜合活動-綜合活動,,,水壺,tsuí-ôo 
103083,水晶,一種有良好結晶外形的石英。成分為氧化矽，大都無色透明，可製眼鏡、寶石、裝飾品、印章及透光鏡等物。,,自然科學-自然科學,自然科學-自然科學,自然科學-地球科學,,水晶,tsuí-tsinn
103084,水痘,病名。由濾過性病毒引發的急性傳染病。通常經由接觸或飛沫傳染，潛伏期約2－3週，症狀為出泡疹、發燒、全身無力、食慾不振等。流行季節約在初春，以2－6歲的幼童較易感染，病癒後具有終生免疫力。也稱為「水花兒」。,健康與體育-健康與體育,,,,,水珠,tsuí-tsu
103085,水溶性維生素,是能在水中溶解的一組維生素，常是輔酶或輔基的組成部分。,,,健康與體育-健康與體育,,,水溶性維生素  水溶性bî-tá-bín,tsuí-iông-sìng uî-sing-sòo tsuí-iûnn-sìng uî-sing-sòo tsuí-iông-sìng bî-tá-bín tsuí-iûnn-sìng bî-tá-bín
103086,水蜈蚣,莎草科水蜈蚣屬的植物。多年生草本；根狀莖匍匐，具有多數的節。,,自然科學-自然科學,,,,水蜈蚣,tsuí-giâ-kang
103087,水路,水上通行運輸的航線。,,,,科技-生活科技,,水路,tsuí-lōo
103088,水漬,被水滴到所留下的痕跡。,,綜合活動-綜合活動,,,,水跡 水印,tsuí-jiah tsuí-ìn
103089,水墨紙,水墨畫家創作時所使用的紙，可用於創作的紙類亦相當的豐富，但可稱得上是近代水墨畫家最鍾情的紙類，莫過於宣紙。,,藝術-藝術,,,,水墨紙,tsuí-ba̍k-tsuá
103090,水質,指水的物理性質和化學成分。前者包括水的溫度、透明度、味道、氣味、顏色等；後者包括水中礦物質的成分和含量。,健康與體育-健康與體育,自然科學-自然科學,綜合活動-綜合活動,社會-地理,,水質,tsuí-tsit
103091,水壓,水的壓力。即靜止的水，其單位面積上所承受的重力大小。,,自然科學-自然科學,,自然科學-理化,,水壓,tsuí-ap
103092,火花,物體燃燒或碰撞時，向四方迸射的火點。,,綜合活動-綜合活動,綜合活動-綜合活動,,,火星,hué-tshenn
103093,火星,行星名。距離太陽第四近的行星，有兩顆小衛星。屬於類地行星，外觀呈現紅棕色，大氣稀薄。表面的奧林帕斯山是太陽系的最高山峰。古稱「熒惑」。,,,自然科學-自然科學,自然科學-地球科學,自然科學-地球科學,火星,Hué-tshenn
103094,片麻岩,一種變質岩。因地殼運動或岩漿侵入，產生高溫高壓與熱液，受此影響而改變原有組成礦物組織所形成的岩石。其圓粒狀礦物和片狀礦物各自分凝成條帶，彼此交互穿插，構成所謂片麻狀組織，為此岩石的特徵。主要礦物成分是石英、雲母、長石及角閃石。,,,自然科學-自然科學,,自然科學-地球科學,片麻岩,phìnn-mâ-gâm phìnn-mâ-giâm phìnn-muâ-gâm phìnn-muâ-giâm
103095,牙周炎,又稱牙周病，是牙周組織的疾病。侵犯牙齦、牙周、牙周膜、牙周韌帶及牙槽骨等組織的慢性炎症。,,健康與體育-健康與體育,,,,牙周病,gê-tsiu-pēnn
103096,牙根,牙齒的根部。,,健康與體育-健康與體育,,健康與體育-健康教育,,齒頭仔 喙齒根,khí-thâu-á tshuì-khí-kin
103097,牙結石,牙齒表面上的不正常硬塊沉積物，由鈣鹽、食物顆粒及其他有機物組成。以齒齦脊為界，分為齒齦上和齒齦下結石。也稱為「齒石」。,,健康與體育-健康與體育,,健康與體育-健康教育,健康與體育-健康與護理,喙齒結石,tshuì-khí kiat-tsio̍h
103098,牙菌斑,在牙齒表面的沉積薄膜，無色，具黏著性。可成為細菌生長的培養基，造成齲齒症；亦可成為牙結石形成的核心，引起牙周疾病。,健康與體育-健康與體育,健康與體育-健康與體育,,健康與體育-健康教育,健康與體育-健康與護理,牙菌斑,gê-khún-pan
103099,牙齒模型,牙齒的摹擬製品。,,健康與體育-健康與體育,,,,齒模,khí-bôo
103100,牙齦,覆蓋在齒槽突及圍繞齒冠周圍的口腔黏膜。,健康與體育-健康與體育,健康與體育-健康與體育,,健康與體育-健康教育,健康與體育-健康與護理,齒岸,khí-huānn
103101,牙齦炎,牙齦炎是指牙齦感染發炎，初期患者不容易察覺，待炎症加重後，牙齦會產生紅腫脹痛等症狀，患者在刷牙或使用牙線時，會有出血情形。,,健康與體育-健康與體育,,健康與體育-健康教育,健康與體育-健康與護理,齒岸炎,khí-huānn-iām
103102,犬齒,人齒因其形狀與功能的不同，可分為門齒、犬齒、小臼齒及大臼齒等。犬齒冠尖銳，形似犬牙，適於齧裂強韌食物。也稱為「虎牙」、「犬牙」。,健康與體育-健康與體育,健康與體育-健康與體育,,自然科學-生物,,角齒,kak-khí
103103,世紀,計算年代的單位。歐美各國以耶穌降生的那年為紀元，每經一百年為一世紀。,,自然科學-自然科學,社會-社會,社會-歷史,,世紀,sè-kí
103104,丙酮（CH3COCH3）,分子式CH3COCH3，有特殊氣味的揮發性無色液體。揮發性大，易著火，可溶於水、乙醇及乙醚中。化學性質活潑，能起鹵化、加成、縮合等反應。可做為人造纖維、炸藥、油脂、乙炔等的溶劑。糖尿病患者尿中丙酮含量異常增多。,,自然科學-自然科學,,,自然科學-化學,丙酮,piánn-tông
103105,主旨,1.主要的目的和意義。 2.現代公文中的一項，用於說明行文的主要意旨。,,,語文-國語文,語文-國語文 藝術-表演藝術,語文-國語文,主旨,tsú-tsí
103106,主臥室,一般為家庭主人住宿的房間。,,,綜合活動-綜合活動,,,主人房,tsú-lâng-pâng
103107,主音,音樂名詞。調式音階的第一個音。即形成音階的基礎音，調的名稱就以此音的音名命名。如C大調的主音為C，宮調式的主音為宮。也作「主調音」。,,藝術-藝術,,藝術-音樂,,主音,tsú-im
103108,主機,擔任主要作用的機器。,,,,科技-資訊科技,,主機,tsú-ki
103109,主機板,構成複雜電子系統例如電子電腦的中心或者主電路板。,,,,科技-資訊科技,,主機枋,tsú-ki-pang
103110,主題情境法,描寫景物，烘托情境，導入主題的寫作法。,,,語文-國語文,,,主題情境法,tsú-tê tsîng-kíng-huat
103111,代入,數學裡面的代換。,,,數學-數學,,數學-數學,代入,tāi-ji̍p
103112,代數,一種利用符號來代替未知數，進而加以運算而解決問題的方法。,,,,數學-數學,數學-數學,代數,tāi-sòo
103113,以物易物,僅以物品或勞務，直接換取另一種物品或勞務的交易方式。,,社會-社會,,,,用物換物 以物易物,iōng mi̍h uānn mi̍h í bu̍t i̍k bu̍t
103114,冬季六邊形,冬季六邊形也稱為冬季大橢圓是一個看起來是六邊形的星群，在六個頂點上分別是獵戶座的參宿七、金牛座的畢宿五、御夫座的五車二、雙子座的北河三（跳過北河二）、小犬座的南河三與大犬座的天狼星。,,,自然科學-自然科學,,,冬季六邊形,Tang-kuì La̍k-pinn-hîng
103115,凸版印刷,印刷所用的印板，其文字或圖案的印紋，高於版面的非印紋部分，印刷時將油墨僅塗於凸出的印紋，以此種印板來印刷的技術，稱為「凸版印刷」。,,,,科技-生活科技,,噗版印刷,phok-pán ìn-suat
103116,凹版印刷,印版上著墨的印紋部分凹入版面，印刷時，版面塗布油墨後，再將平面上的油墨去除，僅留凹陷部分的油墨，然後覆紙、加壓，使版面低凹部分的油墨移印到紙面上，此種印刷方法稱為「凹版印刷」。,,,,科技-生活科技,,凹版印刷,nah-pán ìn-suat
103117,出生率,每年出生嬰兒數在總人口中所占的比率。,,,社會-社會,社會-地理,社會-地理,出生率,tshut-sing-lu̍t
103118,出局,比賽中喪失進攻權。,,健康與體育-健康與體育,健康與體育-健康與體育,,健康與體育-體育,àu-tsuh àu-tsirh,àu-tsuh àu-tsirh
103119,出版,將文稿、資料等編印成圖書報刊，以供出售或傳布。,,,社會-社會 藝術-藝術,語文-國語文,社會-歷史,出版,tshut-pán
103120,出草,舊日臺灣原住民埋伏於草叢中，捕殺入侵者或獵取他族的人頭，再將人頭去皮肉，置於髑髏架上，稱為「出草」。此一行為象徵自衛、勇敢，並具有宗教意義。,,,,,社會-歷史,出草,tshut-tsháu
103121,功夫,武術。,健康與體育-健康與體育,藝術-藝術 健康與體育-健康與體育,健康與體育-健康與體育,藝術-表演藝術,,功夫,kang-hu
103122,加工業,將成品或半成品再加以製造，使它成為更新、更精美、更符合消費者需要的工業。,,,社會-社會,社會-地理,,加工業,ka-kang-gia̍p
103123,加成,增加一定的比例。,,,數學-數學,,,加成,ka-siânn
103124,加侖,加侖是英美度量衡的容量單位，從前以計量用漢字寫作「嗧」。其同時是液體和乾量的容量單位，但兩者的容量略有不同。英制的加侖定義為4.54609公升。美制的液體加侖定義為231立方英寸=3.785411784公升。美制的乾貨加侖定義為268.8025立方英寸=4.40488377086公升。,,,數學-數學,,,加侖,ka-lûn
103126,加減乘除,數學上四則基本運算方式。,,,數學-數學,,數學-數學,加減乘除,ka kiám sîng tî
103127,加號,表示兩個自然數相加的符號。,數學-數學,,,,,加號,ka-hō
103129,包皮,覆蓋男性龜頭或女性陰蒂的皮膚。,,,健康與體育-健康與體育,健康與體育-健康教育,,包皮,pau-phuê
103130,北河二,北河二是一顆位於雙子座的恆星，是一顆著名的聚星，共為六顆星所組成，英文名Castor。北河二與北河三都是冬季夜空中的亮星之一。這兩個亮星在許多民族的神話中都視為一對。,,,自然科學-自然科學,,,北河二,Pak-hô-jī
103131,北河三,北河三，即雙子座β星，是一顆位於雙子座，距離太陽約34光年，已經演化呈現橙色色調的巨星。它是最接近太陽的巨星。自西元1943年迄今，這顆恆星的光譜是其它分類的依據標準之一。在2006年，發現它有一顆行星，被命名為北河三b，並已確認它的軌道。,,,自然科學-自然科學,,,北河三,Pak-hô-sann
103132,北管,流行在臺灣民間的大陸北方官話語系戲劇。以皮黃戲、梆子戲為主。也稱為「亂彈」、「亂彈戲」、「子弟戲」。,,社會-社會,藝術-藝術,,社會-歷史,北管,pak-kuán
103133,北管合奏,北管為一個臺灣漢族傳統音樂，歌曲及戲劇表演的籠統範疇，各個地區、館閣包含的音樂範圍跟種類可能不盡相同。北管對臺灣近代的傳統文化影響深遠。在21世紀的臺灣，雖較少有完整的北管表演，但是北管音樂仍常見於迎神賽會、陣頭，乃至於傳統或現代布袋戲表演中。北管借用中國北方音樂戲劇元素與官話。在臺灣與來自閩南地區（泉州、廈門）的南管互為對應，而得名北管。,,,藝術-藝術,,,北管合奏,pak-kuán ha̍p-tsàu
103134,北管音樂,北管音樂為中國大陸閩南與臺灣流傳廣遠的傳統音樂，歌曲及戲劇表演。,,藝術-藝術,藝術-藝術,藝術-音樂,,北管音樂,pak-kuán im-ga̍k
103135,北管陣頭,以北管樂隊為主的東亞民俗技藝，是一個民間祭祀、廟會喜慶的民俗之一。,,,藝術-藝術,,,北管陣頭,pak-kuán tīn-thâu
103136,北管樂,流行於閩南、臺灣一帶的中國傳統音樂，由北曲演變而來。依所使用的樂器，可分為西皮和福祿二派。唱腔上，福祿部分保存梆子腔系統，主奏樂器為殼仔弦（椰胡）；西皮部分保存皮黃腔系統，主奏樂器為吊鬼仔（京胡）。依此演出的戲劇，就稱為「北管戲」，也稱為「子弟戲」。,,,藝術-藝術,藝術-音樂,,北管樂,pak-kuán-ga̍k
103138,卡片,1.內含文字、圖畫，用來贈送或邀約他人的硬紙片。如賀年卡、生日卡、邀請卡等。 2.供一般登錄、處理資料時使用的硬紙片。,語文-國語文 健康與體育-健康與體育,藝術-藝術 健康與體育-健康與體育,語文-國語文 綜合活動-綜合活動,,,卡片,khah-phìnn
103139,去聲,中古四聲的第三聲，一種漢語調類。其聲清而遠，今為國音聲調中的第四聲。注音符號用「ˋ」來表示。,語文-國語文,,,語文-國語文,,去聲,khì-siann
103140,古典主義,17、18世紀歐洲文壇的主流，以追求摹仿古希臘、羅馬作家的典型為目的。古典主義作品強調理性與克制，注重形式與結構的統一，講求清晰、明確、簡單、平衡、合宜等原則，同時也是反映出復古與保守思維的美學表現。,,藝術-藝術,藝術-藝術,,,古典主義,Kóo-tián Tsú-gī
103141,古典音樂,古典音樂是指根植於西方音樂傳統（包括宗教音樂和世俗音樂）的藝術音樂，包含了從大約11世紀直至當代的廣大時間範圍。,,,藝術-藝術,藝術-音樂,,古典音樂,kóo-tián im-ga̍k
103142,古典詩,近體詩。即絕句、律詩。,,,語文-國語文,語文-國語文,語文-國語文,古典詩,kóo-tián-si
103143,古典舞,指在民間傳統舞蹈的基礎上，經過歷代專業工作者提煉、整理、加工、創造，並經過較長時期藝術實踐的檢驗，流傳下來的被認為是具有一定典範意義的和古典風格特點的舞蹈。,,藝術-藝術,,,,古典舞,kóo-tián-bú
103144,古箏,樂器名。中國的彈撥樂器。外形為木制長方形音箱，板面成弧狀。唐、宋時弦數增為十三弦，現已增至二十五根弦。,,,藝術-藝術,藝術-音樂,,古箏 箏,kóo-tsing tsing
103145,句式,民歌、說唱和戲曲唱腔中的句、逗結構形式。基本句式可分為五字句、七字句和十字句三種。五字句多為二二一句式，七字句多為二二三句式，十字句多為三三四句式。在曲牌體音樂的唱腔中，每一曲牌均有特定的句法組織形式，每句字數可為一字、二字以至十字不等，各句之長短及排列形式也因曲牌之不同而異。也稱為「句格」。,,,語文-國語文,語文-國語文,語文-國語文,句式,kù-sik
103146,句點（。）,一種標點符號。用於直述式文意已完足的句子，其符號為「。」。,語文-國語文,,,,,句點,kù-tiám
103147,另存新檔,將原檔案以不同格式或名稱儲存。,,,,科技-資訊科技,,另存新檔,līng-tsûn sin-tóng līng-tsûn sin-tòng
103148,台江國家公園,台江國家公園，為中華民國第八座國家公園，也是首座都市型國家公園，西元2009年12月28日正式掛牌成立。台江一名，源自歷史上的台江內海，多已陸化為濕地或魚塭。範圍包括臺南市安南區與七股區濱海陸域，包含四草、鹿耳門、原安順鹽田周遭、七股潟湖以及海域至澎湖縣東吉嶼。,,社會-社會,自然科學-自然科學 社會-社會,社會-地理,,台江國家公園,Tâi-kang Kok-ka Kong-hn̂g
103149,台灣優良農產品標章,CAS臺灣優良農產品標章(Certified Agricultural Standards)，簡稱CAS標章，是國產農產品及其加工品最高品質代表標章，是行政院農業委員會本著發展「優質農業」、「安全農業」、「精緻農業」的理念，自民國78年起著手推動的優良農產品標章，推行至今已普遍獲得國人的認同和信賴，並已逐漸成為國產優良農產品的代名詞。,,健康與體育-健康與體育,,,,台灣優良農產品標章,Tâi-uân iu-liông lông-sán-phín phiau-tsiong Tâi-uân iu-liông lông-sán-phín piau-tsiong
103150,司法院,我國中央政府五院之一。為全國最高司法機關。掌理民事、刑事、行政訴訟的審判、公務員的懲戒及政黨違憲解散案件審判權，並有解釋憲法、統一解釋法律及命令的權力。,,,社會-社會,社會-公民與社會,社會-公民與社會,司法院,Su-huat-īnn
103151,四分位數,是統計學中分位數的一種，即把所有數值由小到大置換並分成四等份，處於三個分割點位置的數值就是四分位數。,,,,數學-數學,,四分位數,sì-hun-uī-sòo
103152,四位小數,小數點後有四個數字，最後一位不是零。,,,數學-數學,,,四位小數,sì uī sió-sòo
103153,四角錐,底面為四邊形的錐體，稱為四角錐，若底面的四邊形為正方形的直四角錐時，此四角錐又稱為金字塔。,,,數學-數學,數學-數學,,四角錐,sì-kak-tsui
103154,四拍,小節所擁有的拍數，表示一小節有四拍。,,藝術-藝術,,藝術-音樂,,四拍,sù-phik
103155,四拍子指揮法,指揮法的一種，第1拍由中上而下，第2拍由中下而左，第3拍由左而右，第4拍由右而上中。,,,藝術-藝術,,,四拍指揮法,sù-phik tsí-hui-huat
103156,四則混合計算,計算式同時有加減乘除等運算方式。,,,數學-數學,,,四則混合運算,sì-tsik hūn-ha̍p ūn-suàn
103157,四重奏,由四種樂器共同演奏的樂曲。通常使用奏鳴曲套曲形式，有四個樂章。最常見的有以兩個小提琴、中提琴、大提琴演奏的弦樂四重奏及以小提琴、中提琴、大提琴、鋼琴演奏的鋼琴四重奏，也有由管樂器與弦樂器演奏的。,,藝術-藝術,藝術-藝術,,,四重奏,sù-tîng-tsàu
103158,四書,朱熹取《禮記》中的〈大學〉、〈中庸〉二篇，加上《論語》、《孟子》，稱為「四書」。,,,語文-國語文,,語文-國語文,四書,Sù-su
103159,四格漫畫,使用4個格數來構成一段故事的一種漫畫形式。,,藝術-藝術,,藝術-表演藝術,,四格尪仔圖,sì-keh ang-á-tôo
103160,四捨五入,數學上指遇多位小數時，為計算方便計，截取若干位，其餘的首位數如屬四以下，則捨去之，五以上則在所取數的末位上加一。如3.1419，取二位則為3.14，取三位則為3.142。,,,數學-數學,數學-數學,數學-數學,四捨五入,sì siá gōo ji̍p
103161,四等星,古代天文學家將肉眼所見最亮的星星列等，稱為目視星等。最亮的為一等星，排名第四為四等星，大約6顆燈泡的亮度。,,,自然科學-自然科學,,,四等星,sì-tíng-tshenn
103162,外心,外接圓的圓心。,,,,數學-數學,數學-數學,外心,guā-sim
103163,外戚,帝王母親或妻子的親族。,,,,,社會-歷史,外戚,guā-tshik
103164,外接圓,在數學中，一個二維平面上的多邊形的外接圓是一個使得該多邊形的所有頂點都在其上的圓形。,,,,數學-數學,數學-數學,外接圓,guā-tsiap-înn
103166,巨蟹座,1.星座名。位於北天，為黃道星座之一，在雙子座與獅子座之間，相當於中國的鬼宿。 2.西洋占星術中，被視為主宰6月22日至7月22日前後的命宮。,,,自然科學-自然科學,,,巨蟹座,Kī-hāi-tsō
103167,布袋戲偶,軀幹、四肢、服裝用布料做出的表演戲偶。,,藝術-藝術,,,,布袋戲尪仔,pòo-tē-hì ang-á
103168,平刀,一種雕刻工具。,,,藝術-藝術,,,平刀,pênn-to
103169,平仄,平，中古四聲中的平聲。仄，中古四聲中的上、去、入三聲。平仄指平聲和仄聲。舊時寫作韻文，用字須平仄相互交替，使其合於格律。,語文-國語文,,,語文-國語文,語文-國語文,平仄,piânn-tseh
103170,平方公寸,計算面積的單位。,,數學-數學,,,,平方公寸,pîng-hong kong-tshùn
103171,平方厘米,量詞。計算長度的單位。一厘米等於百分之一公尺。舊或作「釐米」。也稱為「公分」。,,數學-數學,,,,平方厘米,pîng-hong lî-bí
103172,平方根,數學算式名稱。,,,,數學-數學,數學-數學,平方根,pîng-hong-kin
103173,平方毫米,計算面積的單位。,,數學-數學,,,,平方毫米,pîng-hong hô-bí
103174,平年,公曆中沒有閏日的年份叫平年。,數學-數學,,,,,平常年,pîng-siông-nî
103175,平行四邊形柱,底面為平行四邊形的柱體。,,,數學-數學,,,平行四邊形柱,pîng-hîng sì-pinn-hîng-thiāu
103176,平行線,數學上指一平面上有二直線，同時垂直於一直線，則此二直線永不相交，稱為「平行線」。,,數學-數學,數學-數學,數學-數學,數學-數學,平行線,pîng-hîng-suànn
103177,平均,輕重相等，分量一致。,,健康與體育-健康與體育,數學-數學,數學-數學,,平均,pîng-kin
103178,平均溫度,將在不同時間所測量的空氣溫度，除以觀測次數所得的數值。,,,數學-數學,社會-地理,,平均溫度,pîng-kin un-tōo
103179,平均數,將諸數相加的總和，除以諸數的個數，所得的商數。,,,數學-數學,數學-數學,數學-數學,平均數,pîng-kin-sòo
103180,平板電腦,小型的、方便攜帶的個人電腦，以觸控式螢幕作為基本的輸入裝置。,,,,科技-資訊科技,,平板電腦,pênn-pán tiān-náu
103181,平版印刷,是以平面的印版印刷的一種方法，是目前世界上應用最廣泛的印刷工藝。,,,,科技-生活科技,,平版印刷,pênn-pán ìn-suat
103182,平面座標,表示平面上或空間中某一定點的位置標示。,,,數學-數學,,數學-數學,平面座標,pênn-bīn tsō-piau pênn-bīn tsō-phiau
103183,平飛球,棒球運動用語。棒球賽中打擊手擊出的球，接近平行地面而快速飛出者。,,健康與體育-健康與體育,,健康與體育-體育,,平飛球,pênn-pue-kiû
103184,平臺式鋼琴,鋼琴原本指的是平台型鋼琴，琴弦呈現水平方向，擁有豐富且多彩的音色。靈敏的觸鍵能充份將作曲家的樂曲，豐富且充滿感情的表現出來。,,藝術-藝術,,,,平臺式鋼琴,pênn-tâi-sik kǹg-khîm
103185,平聲,一種漢語調類。聲調平出，而沒有高低的變化。今國音分化為陰平、陽平二類，即第一聲、第二聲。第一聲注音符號不標調號，第二聲注音符號用「ˊ」來表示。,語文-國語文,,,語文-國語文,,平聲,piânn-siann
103186,幼兒期,幼兒期，不同的劃分標準，劃分的年齡段略有偏差。臨床醫學領域根據生理學的特徵，一般將1－3歲定義為幼兒期，也有觀點將3－7歲劃分為幼兒期。,健康與體育-健康與體育,,,健康與體育-健康教育,,幼兒期,iù-jî-kî
103187,幼葉,植物剛萌生而柔弱的葉子。,,自然科學-自然科學,,,,幼葉仔,iù-hio̍h-á
103188,打烊,商店營業時間已過。,,綜合活動-綜合活動,,,,上店窗,tshiūnn-tiàm-thang
103189,打擊樂器,是一種以敲、打、搖動、摩擦、刮等產生聲音的樂器族群。為英語percussion的義譯。主要分為有確定音高與無確定音高兩種。現在一般西洋音樂常用的打擊樂器有定音鼓、大鼓、小鼓、三角鐵、鈴鼓、木琴、木魚、響板等。而中國傳統音樂中，也有不少打擊樂器，如特磬、編磬、鏞鐘、鎛鐘、雲鑼、鐃鈸、大鼓、堂鼓等皆是。也稱為「敲擊樂器」。,社會-生活課程 自然科學-生活課程 藝術-生活課程 綜合活動-生活課程,藝術-藝術,,藝術-音樂,藝術-音樂,打擊樂器,tánn-kik ga̍k-khì tá-kik ga̍k-khì
103190,末啟詞,書信結構。表示寫信時恭敬的心意。,,語文-國語文,,語文-國語文,,末啟詞,bua̍t-khé-sû
103191,本金,1.借給他人以收取利息的母金。 2.經營事業所投下的資本。也稱為「本銀」。,,,數學-數學 社會-社會,,,母錢  本金 本錢,bú-tsînn bó-tsînn pún-kim pún-tsînn
103192,本島,居處在島嶼的人稱當地為「本島」。,,社會-社會,社會-社會,,,本島,pún-tó
103193,本葉,待植物生長一段時間，會從子葉上方長出葉子的稱為本葉。,,自然科學-自然科學,,,,本葉,pún-hio̍h
103194,本領,才學、技能。,,,綜合活動-綜合活動,,,本領,pún-líng
103195,本壘,棒球、壘球運動中，主審、打擊者、捕手所在的位置，亦為跑壘得分的起點和終點。,健康與體育-健康與體育,健康與體育-健康與體育,,,,本壘,pún-luí
103196,正十二邊形,指所有邊等長、所有角等角的十二邊形，由十二條相同長度的邊和十二個相同大小的角構成，是一種正多邊形。,,,數學-數學,,,正十二邊形,tsiànn-tsa̍p-jī-pinn-hîng
103197,正五邊形,指所有邊等長、所有角等角的五邊形，由五條相同長度的邊和五個相同大小的角構成，是一種正多邊形。,,,數學-數學,數學-數學,數學-數學,正五邊形,tsiànn-gōo-pinn-hîng
103198,正手發球,一種球技。球類運動中最基本及主要的擊球法。左手持球，高度和肩膀持平，肩膀大臂小臂與手同水平；右手持拍，手臂自然後擺，左腳在前，右腳在後，身體向右側；重心在前，右腳跟抬起，腳尖觸地。,,,健康與體育-健康與體育,健康與體育-體育,健康與體育-體育,順手發球,sūn-tshiú huat-kiû
103199,正比關係,在數學中，若兩個量的變化關係為以相同倍數增加或減少，即為正比關係。,,,數學-數學,,,正比關係,tsìng-pí kuan-hē
103200,正拍擊球,（網球、乒乓球等）持拍擊球的方式之一。對右手持拍的人而言，正手拍位子在身體的右邊；對左撇子而言，反手拍位子在身體的左邊。,,,健康與體育-健康與體育,,,正桮拍球,tsiànn-pue phah-kiû
103201,正廳,居中的大廳。,,社會-社會,,,,正廳,tsiànn-thian
103202,母數,基準量。,,,數學-數學,,,母數,bó-sòo bú-sòo
103203,民主,國家主權屬於全國人民，國家施政以民意為準則，人民得依法選舉民意代表，以控制國家政策的政治體制。,,社會-社會,社會-社會,社會-公民與社會 社會-歷史,社會-歷史,民主,bîn-tsú
103204,民主國家,採行民主制度的國家。,,,社會-社會,社會-公民與社會 社會-歷史,社會-公民與社會,民主國家,bîn-tsú kok-ka
103205,民俗文物,人民百姓的風俗習慣與傳統，是人類社會歷史發展過程中所遺留下來的具有價值的東西。,,,藝術-藝術,,,民俗文物,bîn-sio̍k bûn-bu̍t
103206,民俗曲藝,於民間產生，屬於民族基層文化的音樂。,,社會-社會,,,,民間說唱,bîn-kan suat-tshiùnn
103208,民俗藝陣,民俗藝陣包涵「藝閣」與「陣頭」兩大類，藝閣原稱「詩意閣」，是根據詩詞、神話、民間故事情節，將人物、場景裝置於平閣或車上，藉由人扛或車輛移動作展示，至今大都演變成電動燈車。陣頭則是以「落地掃」型式沿街作定點演出，其情節單純、表演時間短暫，且妝扮、音樂也較簡易。種類繁多的民俗藝陣依性質又可分為：宗教類、音樂類、歌舞類、遊藝類、武術類、體育類及其它等七種型態。,,藝術-藝術,,,,民俗藝陣,bîn-siok gē-tīn
103209,民族舞,具有鮮明色彩的民族風格和地方特性的傳統舞蹈。,,藝術-藝術,,,,民族舞,bîn-tso̍k-bú
103210,民族舞蹈,具有鮮明色彩的民族風格和地方特性的傳統舞蹈。,,藝術-藝術,,,社會-歷史,民族舞蹈,bîn-tso̍k bú-tō
103211,民間歌謠,民間歌曲。指由民間創作產生，並流行於民間，富地方性色彩，屬於民間的通俗歌曲。,,,語文-國語文,語文-國語文,語文-國語文,民間歌謠,bîn-kan kua-iâu
103212,民謠,民間流行的歌謠。由民間流傳下來的純樸音樂，形式簡單，真情流露而感人。,社會-生活課程 自然科學-生活課程 藝術-生活課程 綜合活動-生活課程,藝術-藝術,藝術-藝術,藝術-音樂,,民謠,bîn-iâu
103213,永夜,長夜。,,,自然科學-自然科學,自然科學-地球科學 社會-地理,自然科學-地球科學,永夜,íng-iā
103214,永晝,漫長的白日。,,,自然科學-自然科學,自然科學-地球科學 社會-地理,自然科學-地球科學,永晝,íng-tiù
103215,玄武岩,為火山噴出的超基性火山岩。主要由鈣質斜長石、斜輝石類的礦物所組成。質地堅硬細緻，通常不含石英，可作建材。顏色有暗灰、暗綠、褐色或紅色。,,,自然科學-自然科學 社會-社會,自然科學-地球科學,自然科學-地球科學,玄武岩,hiân-bú-gâm hiân-bú-giâm
103216,玄學,1.魏晉時代，何晏、王弼等發揮道家老莊思想，融合《周易》等儒家經義而形成的思想潮流。因為談論的主題為玄虛的道理，故稱為「玄學」。 2.哲學的一部門。源自亞理斯多德的哲學系統，探討所有現象、事物的存在基礎及理則特性。為超越物質而存在的基本問題。今多稱為「形而上學」。,,,,,社會-歷史,玄學,hiân-ha̍k
103217,玉米,玉蜀黍的別名。,,,綜合活動-綜合活動,自然科學-生物 健康與體育-健康教育 社會-地理,社會-歷史,番麥,huan-be̍h
103218,瓦楞板,瓦楞板是碳氫化合物(PP)熱熔壓製而成，外觀上呈中空無接縫，質輕但堪荷重、色彩豐富亮麗。,,,藝術-藝術,,,空心塑膠枋,khang-sim sok-ka-pang
103219,瓦楞紙,呈波浪形的紙板，可與平面紙板合成紙箱，使具彈性。,,藝術-藝術,,,,厚紙枋 空心紙枋,kāu-tsuá-pang khang-sim tsuá-pang
103220,瓦楞紙板,一種包裝紙板。分三層，上下兩層表面用平面紙板，中間用呈波浪形的紙板。,,,綜合活動-綜合活動,,,厚紙枋 空心紙枋,kāu-tsuá-pang khang-sim tsuá-pang
103221,生命力,維持生命活動或發展的能力。,,自然科學-自然科學,,,,性命力,sènn-miā-li̍k
103222,生長激素,動物體腦下腺所分泌的激素。能促進蛋白質的合成，使個體迅速生長。,,,健康與體育-健康與體育,自然科學-生物 健康與體育-健康教育,自然科學-生物,生長激素,sing-tióng kik-sòo
103223,生活公約,擬訂共同遵守的條約或章程。,,綜合活動-綜合活動,,,,生活公約,sing-ua̍h kong-iok
103224,生理期,指發育成熟的女性每個月都有一次的月經。很多人的月經量看上去很多，但實際完全在可承受範圍。發生人群一般是14－50歲左右的女性。,,,綜合活動-綜合活動 健康與體育-健康與體育,健康與體育-健康教育,,生理期,sing-lí-kî
103225,生產者,泛指製造物品、商品者。,,,社會-社會,自然科學-生物 社會-地理 社會-公民與社會,社會-地理,生產者,sing-sán-tsiá
103226,生產線,按照設計好的程序安排的成套生產設備。,,社會-社會,,,,生產線,sing-sán-suànn
103227,生殖系統,生殖系統(reproductive system)是生物體內的和生殖密切相關的器官（生殖器）成分的總稱。,,健康與體育-健康與體育,健康與體育-健康與體育,健康與體育-健康教育,健康與體育-健康與護理,生殖系統,sing-si̍t hē-thóng
103228,田徑,田徑運動。含括賽跑、跳遠、標鎗、鉛球等約三十種的運動。,健康與體育-健康與體育,綜合活動-綜合活動 健康與體育-健康與體育,綜合活動-綜合活動 健康與體育-健康與體育,健康與體育-體育,健康與體育-體育,田徑,tiân-kìng
103229,甲狀腺,是脊椎動物非常重要的腺體，屬於內分泌器官。在哺乳動物它位於頸部甲狀軟骨下方，氣管兩旁。人類的甲狀腺形似蝴蝶，猶如盾甲，故名。,,,健康與體育-健康與體育,自然科學-生物 健康與體育-健康教育,,甲狀腺 頷胿腺,kah-tsōng-suànn ām-kui-suànn
103230,甲狀腺激素,甲狀腺激素（英語：thyroid hormones）是由甲狀腺濾泡上皮細胞合成的酪氨酸碘化物。主要是四碘甲腺原氨酸（又名甲狀腺素，縮寫為T4）和三碘甲腺原氨酸（縮寫為T3），此外，還有少量逆-三碘甲腺原氨酸（縮寫為rT3）。注意，甲狀腺分泌的激素除了甲狀腺激素外，還有降鈣素。由於降鈣素是甲狀腺濾泡旁細胞產生的，所以，不屬於甲狀腺激素的範疇。,,,健康與體育-健康與體育,,,甲狀腺激素 頷胿腺激素,kah-tsōng-suànn kik-sòo ām-kui-suànn kik-sòo
103231,白羊座,1.星座名。位於北天，為黃道星座之一，在雙魚座與金牛座之間。 2.在西洋占星術中也稱為「牡羊座」，被視為主宰3月21日至4月20日前後的命宮。,,,自然科學-自然科學,,,白羊座,Pe̍h-iûnn-tsō
103232,白雲母,一種含鉀和鋁的矽酸鹽礦物。屬雲母礦物類，單斜晶系，呈晶體狀和片狀。產於變質岩、花崗岩、細粒沉積物和某些高矽質岩石中。因含鐵量低，是良好的電絕緣體和熱絕緣體。,,,自然科學-自然科學,自然科學-地球科學,自然科學-地球科學,白雲母,pe̍h-hûn-bó pe̍h-hûn-bú
103233,白話字,是漳泉人士日常使用的白話，因為這種書寫系統既不是高深的漢文，也不是非母語的官話，而是記錄日常生活的口語語言，所以叫做「白話字」。,,,語文-國語文,,社會-歷史,白話字,Pe̍h-uē-jī
103234,白膠,聚醋酸乙烯酯（Polyvinyl acetate，也稱作聚乙酸乙烯酯，簡稱PVA、PVAc）是一種有彈性的合成聚合物，又稱樹脂。乾後透明，用途廣範，可用於皮革、木材、布類、紙等物品黏著。,,藝術-藝術,藝術-藝術,藝術-表演藝術,,白黏膠 白糊仔,pe̍h-liâm-ka pe̍h-kôo-á
103235,白頭翁,動物名。鳥綱雀形目鵯科。形體像畫眉，色灰黑，腹白，頭後部有一撮白斑羽毛。,,自然科學-自然科學,,,,白頭鵠仔,pe̍h-thâu-khok-á
103236,白蟻,動物名。昆蟲綱等翅目。已知者約1900種，產於熱帶及亞熱帶。外形似螞蟻，但體色較淺，身體較柔軟，多以木質物為食。,,自然科學-自然科學,,,,白蟻 大水蟻,pe̍h-hiā tuā-tsuí-hiā
103237,白露,白露是農曆二十四節氣中的第十五個節氣，當太陽到達黃經165度時，天氣漸轉涼，會在清晨時分發現地面和葉子上有許多露珠，這是因夜晚水汽凝結在上面，故名白露。,,,自然科學-自然科學,,,白露,pe̍h-lōo
103238,皮下脂肪,皮下脂肪是貯存于皮下的脂肪組織，在真皮層以下，筋膜層以上。,,,自然科學-自然科學,自然科學-生物,健康與體育-健康與護理,皮下脂肪 皮下膩瓤,phuê-hā tsi-hong phuê-hā jī-nn̂g
103239,皮脂腺,皮膚上分泌油脂的腺體，分布於皮膚真皮中，通常依傍毛髮而生，能分泌皮脂，用以潤滑皮膚及其外面所生的毛髮。,,,健康與體育-健康與體育,健康與體育-健康教育,,皮脂腺,phuê-tsi-suànn
103240,皮膚,覆蓋於高等動物表面的構造。由外而內分為表皮、真皮和皮下組織三層，具有保護、呼吸、排泄、調節體溫等功用。,健康與體育-健康與體育,自然科學-自然科學 健康與體育-健康與體育,自然科學-自然科學,自然科學-生物 健康與體育-健康教育,自然科學-生物,皮膚,phuê-hu
103241,皮膚色,膚色根據不同族群而異，膚色的變異範圍可從深色到近乎白色。,,藝術-藝術,,,,皮膚色 肉色,phuê-hu-sik bah-sik
103242,石版畫,一種版畫。西元1798年，由德國息乃菲爾德（Alois Senefelder )應用油水相斥的原理首先發明。先在石版或加工金屬版上，以油質堊筆描繪圖案，再用海棉潤溼石版或加工金屬版，圖案部分即產生拒水作用。接著，以沾有油性藥墨的滾筒轉過石版或加工金屬版，版面上圖案以外的含水部分，則發生拒油作用，而描繪部分則著上油墨。最後，在版面上覆紙壓印即可。在商業美術方面應用至廣。,,藝術-藝術,,藝術-視覺藝術,藝術-藝術生活,石版畫,tsi̍oh-pán-uē
103244,立方公寸,容量計量單位。,,數學-數學,,自然科學-理化,,立方公寸,li̍p-hong kong-tshùn
103246,立冬,二十四節氣之一。國曆11月7日或8日，是進入冬季的開始。,,,自然科學-自然科學,,,立冬,li̍p-tang
103247,立定跳遠,指不用助跑從立定姿勢開始的跳遠，是集彈跳、爆發力、身體的協調性和技術等方面的身體素質於一體的運動。,,健康與體育-健康與體育,綜合活動-綜合活動 健康與體育-健康與體育,健康與體育-體育,健康與體育-體育,徛定跳遠,khiā-tiānn thiàu-hn̄g khiā-tiānn thiàu-uán
103248,立春,二十四節氣之一。國曆2月3日、4日或5日，我國以立春為春季的開始。,,,自然科學-自然科學,,,立春,li̍p-tshun
103249,立秋,二十四節氣之一。國曆8月7日、8日或9日，我國以立秋為秋季的開始。,,,自然科學-自然科學,,,立秋,li̍p-tshiu
103250,立夏,二十四節氣之一。國曆5月6日或7日，我國以立夏為夏季的開始。,,,自然科學-自然科學,,,立夏,li̍p-hē
103251,立體,數學上指以長、寬、高三個面，在空間中組合成一個占有一定位置的物體。,數學-數學,自然科學-自然科學 藝術-藝術 綜合活動-綜合活動,自然科學-自然科學 數學-數學 藝術-藝術,藝術-視覺藝術,,立體,li̍p-thé
103252,立體作品,在空間上有一定位置的創作品。,,,藝術-藝術,,,立體作品,li̍p-thé tsok-phín
103253,立體結構,指藝術品以立體形式呈現的結構概念，如雕塑、摺紙均為立體結構的應用呈現。,,,藝術-藝術,,自然科學-物理,立體結構,li̍p-thé kiat-kòo
103254,交尾,鳥獸、昆蟲等動物雌雄交配。,,自然科學-自然科學,,,,拍種 交尾,phah-tsíng kau-bué
103255,交流,比喻相互來往。,,綜合活動-綜合活動,綜合活動-綜合活動,藝術-表演藝術 社會-公民與社會,社會-歷史,交流,kau-liû
103256,交響樂,曲種名。指18世紀中葉後由奧國音樂家海頓所奠立，貝多芬逐漸擴充發展的多樂章器樂合奏曲。古典時期的交響曲通常分為四個樂章，每個樂章都遵循比較嚴格的音樂形式，第一樂章多半是快板、奏鳴曲式，中間樂章會涵蓋一個慢板樂章、一個小步舞曲或詼諧曲樂章，終樂章大部分為奏鳴曲式或輪旋曲式。浪漫時期之後的交響曲則擴大編制或增加樂章，以及加入更多新的元素，形式也較為自由。,,,藝術-藝術,藝術-音樂,,交響樂,kau-hióng-ga̍k kau-hiáng-ga̍k
103257,仰角度,數學上指人眼睛所在的水平線，與向上觀物的視線所夾成的角。,,自然科學-自然科學,,,,仰角度,gióng-kak-tōo
103259,仰漂,仰漂是游泳的一種基本技能，不帶漂浮物仰面朝天漂浮在水面，可以長時間漂浮，是游泳過程中深水處唯一的休息方法。,健康與體育-健康與體育,,健康與體育-健康與體育,健康與體育-體育,健康與體育-體育,死囡仔䖙  浮泅,sí-gín-á-the sí-gín-á-thenn phû-siû
103260,企鵝,動物名。鳥綱企鵝目游禽類。嘴尖而硬，頸長尾短，腳短有蹼。全身長滿細密羽毛。翅膀硬化，並與肩窩關節相連，不會飛翔，善於潛水。分布區域限於南半球，以南極大陸及其附近島嶼最多。,健康與體育-健康與體育,自然科學-自然科學,自然科學-自然科學,自然科學-生物,,徛鵝,khiā-gô
103261,伏地挺身,一種鍛鍊體力的運動。其姿勢是身體與地面平行，以手掌心和腳尖著地，利用手臂的屈伸，使全身上下起伏，以身體重量鍛鍊臂力。,,,健康與體育-健康與體育,健康與體育-體育,健康與體育-體育,覆地弓身 托體能,phak-tē-king-sin thuh-thé-lîng
103262,先乘除後加減,四則運算的計算順序。,,,數學-數學,,,先乘除後加減,sing sîng tî āu ka kiám
103263,光合作用,植物體以葉綠素或其他色素吸收可見光的能量，將二氧化碳還原，合成葡萄糖等醣類，且排出氧氣的作用，稱為「光合作用」。,,自然科學-自然科學,,自然科學-生物 社會-地理,自然科學-生物,光合作用,kong-ha̍p tsok-iōng
103264,光束,集中成束狀的光線。,,自然科學-自然科學,,,自然科學-物理,光束,kng-sok
103265,光能,光所具有的能量。如利用太陽能發電與雷射切割金屬，皆是光能的作用。,,自然科學-自然科學,,自然科學-生物,自然科學-生物,光能,kng-lîng
103266,光碟,一種碟狀裝置，具有螺旋狀的溝紋，能用雷射光讀取其中儲存的資料。原用在音響或錄影設備上。近來也用在電腦系統上，能儲存大量的資料。,語文-國語文,,,,,光碟,kong-tia̍p
103267,光碟機,一種利用雷射光來記錄或讀取資料的磁碟機。具有可處理影像、混合儲存音樂、圖形、文字與數字的特性。可分為唯讀型光碟機、可改寫一次型光碟機、磁性光碟機三種。,,,,科技-資訊科技,,光碟機,kong-tia̍p-ki
103268,光影戲,光影戲是指真人與影偶同台表演，後台有光源做疊影效果，類似電影淡入淡出的拍攝手法，場景疊場景，達到表演現場場景融合的戲劇張力，而且燈光會隨著角色隨時移動，製造影像忽大忽小的特殊幻影。,,,藝術-藝術,,,光影戲,kng-iánn-hì
103269,光影藝術創作,透過不同角度、距離、強弱、顏色的光源，照射出的影子的藝術作品。,,,藝術-藝術,,,光影藝術創作,kng-iánn gē-su̍t tshòng-tsok
103270,光線色散,自然光穿過不同的介質時發生折射，組成自然光的不同波長的光線分離現象。,,自然科學-自然科學,,,,光線色散,kng-suànn sik-suànn
103271,光學,研究光的產生、傳播、性質、現象及應用的科學。,,自然科學-自然科學,,自然科學-理化,自然科學-化學,光學,kong-ha̍k
103272,全文,整篇文章。文章的全篇文字。,,語文-國語文,語文-國語文,語文-國語文,語文-國語文,全文,tsuân-bûn
103273,全休止符,在音樂記譜中，全休止符是一種音符時值。指示樂譜中整個小節都不進行演奏，具體節拍數量需視實際情況而定。,,藝術-藝術,,藝術-音樂,藝術-音樂,全休止符,tsuân-hiu-tsí-hû
103275,全音符,在音樂記譜中，全音符是一種音符時值。在五線譜記法中，全音符表示為一個空心的橢圓符頭。,,藝術-藝術,,藝術-音樂,藝術-音樂,全音符,tsuân-im-hû
103276,全部量,求百分率的時候，部分量÷全部量＝百分率。,,,數學-數學,,,全部量,tsuân-pōo-liōng
103277,全程馬拉松,全程馬拉松，總長42.195公里。,,,健康與體育-健康與體育,,,全程馬拉松,tsuân-tîng ma-lá-sóng
103278,全等多邊形,由三條或三條以上的直線所圍成的平面圖形就是多邊形，兩個多邊形的對應邊、對應角都相等，則兩圖形稱為「全等」。通常用符號「≡」表示。,,,數學-數學,數學-數學,,全等多邊形,tsuân-tíng to-pinn-hîng
103279,全等梯形,兩梯形的對應邊、對應角都相等。,,,數學-數學,數學-數學,,全等梯形,tsuân-tíng thui-hîng
103280,全等圓形,兩個圓形的半徑相等，則兩圓形稱為「全等」。,,,數學-數學,數學-數學,,全等圓形,tsuân-tíng înn-hîng
103281,全壘打,棒球、壘球比賽中，打擊手擊出越過全壘打線的球，依規則可安全的經由一、二、三壘回到本壘得分。,,健康與體育-健康與體育,,健康與體育-體育,,全壘打 hőng-mú-láng,tsuân-luí-tánn hőng-mú-láng
103282,共同質因數,指兩個數共同的質因數，若無此數，則表示兩數互質。,,,數學-數學,,,共同質因數,kiōng-tông tsit-in-sòo
103283,再生資源,生產與消耗能長久持續循環下去，生生不息的農作及天然資源。如糧食、棉花、森林等。,,,社會-社會,,,再生資源,tsài-sing tsu-guân
103284,冰敷,冰敷是一種醫學上物理降溫的方式。,健康與體育-健康與體育,健康與體育-健康與體育,健康與體育-健康與體育,健康與體育-健康教育,健康與體育-健康與護理,焐冰,ù ping
103285,列式,列出計算式。,,,數學-數學,,,列式,lia̍t-sik
103286,列表法,運用列出表格來分析思考、尋找思路、求解問題的方法叫做列表法。,,,數學-數學,,,列表法,lia̍t-pió-huat
103287,列舉法,具體事物的特定對象(如特點、優缺點等)從邏輯上進行分析並將其本質內容全面地一一地羅列出來的手段，再針對列出的項目一一提出改進的方法。,,,數學-數學,,,列舉法,lia̍t-kí-huat
103288,劣弧,一弦把圓分為兩部分，每一部分都叫做弧，其中小於180度者稱為劣弧。,,,,數學-數學,,劣弧,lua̍t-hôo
103289,印刷,運用照相及分色技巧，把文字、圖畫等原稿製成印版，加上油墨壓印，並可連續印出的技術。依版式分為凸版、平版、凹版及網版等四種印刷方式。,,藝術-藝術,藝術-藝術,藝術-視覺藝術,社會-歷史,印刷,ìn-suat
103290,印刷術,排字製版印刷的技術。,,,社會-社會,,社會-歷史,印刷術,ìn-suat-su̍t
103292,印表機,電腦的一種輸出裝置。,,,,科技-資訊科技,,印表機,ìn-pió-ki
103293,印象主義,不以客觀的態度描寫事物，而以個人直接所感受的印象為主體的創作主張。,,藝術-藝術,,,藝術-藝術生活,印象主義,Ìn-siōng Tsú-gī
103294,合奏,多種樂器按照不同的聲部，聯合起來演奏。如弦樂合奏、管樂合奏、管弦樂合奏、國樂合奏等。ensemble中譯名。,,藝術-藝術,藝術-藝術,藝術-音樂,社會-歷史,合奏,ha̍p-tsàu
103295,合奏曲,多種樂器按照不同的聲部，聯合起來演奏。,,藝術-藝術,,,,合奏曲,ha̍p-tsàu-khik
103296,合奏樂器,按樂器種類的不同，分別組合成幾個樂器組，各組演奏各自的曲調，但綜合在一起，演奏同一首樂曲。如鋼琴合奏小喇叭合奏等。,,藝術-藝術,,,,合奏樂器,ha̍p-tsàu ga̍k-khì
103297,合唱曲,合唱的曲目。,,藝術-藝術,,藝術-音樂,藝術-音樂,合唱曲,ha̍p-tshiùnn-khik
103298,合球,一種男女混合組隊的運動。起源於荷蘭。其場地與手球場一般大小，分為三個區，距兩端十公尺各設籃框。比賽以投籃得分多少分勝負。規則類似籃球，但不能連續運球，帶球只可走一步，且男女分別一對一的防守。,,,,健康與體育-體育,,合球,ha̍p-kiû
103299,吉他,樂器名，彈撥樂器。六條弦。中世紀由摩爾人傳入西班牙，16世紀時，西班牙人首先發明五弦吉他，至18世紀末，德國人加上第六條弦。由於簡單易學，頗受一般年輕人的喜愛。也稱為「六弦琴」。,,,自然科學-自然科學 綜合活動-綜合活動,藝術-音樂,,gì-tà,gì-tà
103300,同分母,不同分數式分母相同。,,數學-數學,數學-數學,數學-數學,,仝分母,kāng-hun-bó kāng-hun-bú
103301,同分母分數,不同分數式但分母相同。,,數學-數學,數學-數學,數學-數學,,仝分母分數,kāng-hun-bó hun-sòo kāng-hun-bú hun-sòo
103302,同位角,在幾何學中，同位角是兩個角之間的一種位置關係。,,,,數學-數學,數學-數學,同位角,tông-uī-kak
103303,同儕,同輩。,,健康與體育-健康與體育,綜合活動-綜合活動 健康與體育-健康與體育,,,仝沿 仝輩 仝勻,kāng-iân kāng-puè kāng-ûn
103304,吐司,一片薄的四邊形麵包。,,綜合活動-綜合活動,,,,俗麭,sio̍k-pháng siok-pháng
103305,向右對齊,文字靠齊右側邊界。,,,,科技-資訊科技,,向正爿掠齊,hiòng tsiànn-pîng lia̍h-tsê
103306,向左對齊,文字靠齊左側邊界。,,,,科技-資訊科技,,向倒爿掠齊,hiòng tò-pîng lia̍h-tsê
103308,因數分解,數學上指分解一數為因數，常分解至質因數為止。,,,數學-數學,數學-數學,,因數分解,in-sòo hun-kái
103309,地下水,地面下的水。是雨水和其他地表水滲入地下，聚積在土壤或岩層的空隙中形成。,,自然科學-自然科學 健康與體育-健康與體育 社會-社會,自然科學-自然科學 綜合活動-綜合活動,自然科學-地球科學 社會-地理,自然科學-地球科學,地下水,tē-hā-tsuí
103310,地方,指地點或某空間。,社會-生活課程 自然科學-生活課程 藝術-生活課程 綜合活動-生活課程,綜合活動-綜合活動 健康與體育-健康與體育 社會-社會,綜合活動-綜合活動,社會-地理,,所在,sóo-tsāi
103311,地瓜,根莖類。除了供食用外，還能製成澱粉或粉絲；也可以作為酒精、燒酒、飴糖、醋、醬油等釀造原料。,,健康與體育-健康與體育,綜合活動-綜合活動,,,番薯,han-tsî
103312,地表水,指陸地表面上動態水和靜態水的總稱，亦稱「陸地水」。,,自然科學-自然科學,,社會-地理,,地表水,tē-piáu-tsuí
103313,地層凹陷,地層向下凹陷。,,,自然科學-自然科學,,,地層塌窩,tē-tsân lap-o
103314,地標,1.用來標示界線位置的目標物。 2.地區景觀上突出的特徵。,,自然科學-自然科學 健康與體育-健康與體育 社會-社會,社會-社會,社會-地理,,地標,tē-piau tē-phiau
103315,地盤隆起,地盤向上隆起。,,,自然科學-自然科學,,,地盤夯懸,tē-puânn giâ-kuân
103316,地質,泛指地殼中岩石或礦物的種類、性質、成分、分布和結構。,,,自然科學-自然科學 綜合活動-綜合活動 社會-社會,自然科學-地球科學 社會-地理,自然科學-地球科學,地質,tē-tsit
103317,地震帶,時常發生地震的區域常作成帶分布，其多與火山帶相近。,,,自然科學-自然科學 社會-社會,自然科學-地球科學 社會-地理,自然科學-地球科學,地動帶,tē-tāng-tài
103318,地震規模,以地震發生能量大小作為尺度，來表示地震本身的大小等級，稱為「地震規模」。,,自然科學-自然科學,自然科學-自然科學,自然科學-地球科學,自然科學-地球科學,地動規模,tē-tāng kui-bôo
103319,地錢蘚,青色的苔蘚。,,,自然科學-自然科學,,,青苔,tshenn-thî
103320,多位數,兩個或兩個以上的數位。,,數學-數學,,,,多位數,to uī sòo
103321,多項式,是代數學中的基礎概念，是由稱為未知數的變量和稱為係數的常數通過有限次加減法、乘法以及自然數冪次的乘方運算得到的代數表達式。,,,,數學-數學,數學-數學,多項式,to-hāng-sik
103322,多樣性,形式或規模呈現多種樣式。,,,社會-社會,自然科學-生物,自然科學-生物,多樣性,to-iūnn-sìng
103323,多點透視,透視法是一種把立體三維空間的形象表現在二維平面上的繪畫方法，使觀看的人對平面的畫有立體感，如同透過一個透明玻璃平面看立體的景物。多點透視即代表畫作中使用了超過一點以上的透視點來進行畫面編排的畫作。,,,藝術-藝術,,,多點透視 濟點透視,to-tiám thàu-sī tsē-tiám thàu-sī
103324,字母,1.拼音文字或音節文字的書寫符號。 2.傳統聲韻學稱聲母的代表字為「字母」。,語文-國語文,,,,,字母,jī-bú jī-bó
103325,字帖,1.學習書法所用的臨摹範本。 2.記有文字的便條、簡帖。,語文-國語文,,,,,字帖,jī-thiap
103326,存錢筒,貯聚金錢的器具。,綜合活動-生活課程,社會-社會,,,,錢筒仔,tsînn-tâng-á
103327,宇宙,時間與空間的總稱，即天地。,,,自然科學-自然科學,自然科學-地球科學,自然科學-地球科學,宇宙,ú-tiū
103328,守備,守禦防備。,,,綜合活動-綜合活動,健康與體育-體育,,守備,siú-pī
103329,安山岩,一種含鉀和鋁的矽酸鹽礦物。屬雲母礦物類，單斜晶系，呈晶體狀和片狀。產於變質岩、花崗岩、細粒沉積物和某些高矽質岩石中。因含鐵量低，是良好的電絕緣體和熱絕緣體。,,,自然科學-自然科學,自然科學-地球科學,自然科學-地球科學,安山岩,an-san-gâm an-san-giâm
103330,安全帽,保護頭部安全的帽子。,健康與體育-健康與體育,社會-社會,健康與體育-健康與體育 綜合活動-綜合活動,健康與體育-健康教育 社會-公民與社會,,安全帽,an-tsuân-bō
103331,安非他命,一種合成的結晶粉末。醫藥上原用為鎮靜藥，具有迷幻等副作用，後因太過濫用，故已列為禁藥。,,,健康與體育-健康與體育,,健康與體育-健康與護理,安非他命,an-hui-tha-bīng
103332,尖嘴鉗子,鉗頭為細長型，常見為半圓嘴鉗頭。,,藝術-藝術,,,,尖喙夾仔,tsiam-tshuì-ngeh-á
103334,成年期,成年期是25—60歲這個年齡段。按成年人的心理和生理特點，又可分為三個階段：即青年晚期(25—30歲)，成年前期(30—40歲)，成年中期(40—60歲)。在成年期，人的身體發育成熟，各種生理活動相對穩定。但隨著年齡的增長，人體各器官系統的功能開始向衰退過渡。,健康與體育-健康與體育,健康與體育-健康與體育,健康與體育-健康與體育,,,成年期,sîng-liân-kî
103335,成語典故,關於成語產生、形成、流傳的故事傳說。,,語文-國語文,語文-國語文,,,成語典故,sîng-gí tián-kòo
103336,成績,績效評量。,,健康與體育-健康與體育,綜合活動-綜合活動,數學-數學,,成績,sîng-tsik
103337,成藥,係指原料藥經加工調製，作用緩和，無積蓄性，耐久儲存，使用簡便，並明示其效能、用量、用法，其使用不需醫師指示，可自行購買使用者。成藥的定義詳見我國現行藥事法。,,,健康與體育-健康與體育,,健康與體育-健康與護理,成藥 便藥仔,sîng-io̍h piān-io̍h-á
103338,收納袋,儲放物品的袋子。,,,綜合活動-綜合活動,,,收納袋,siu-la̍p-tē
103339,收穫,泛指得到的成果或利益。,,綜合活動-綜合活動 健康與體育-健康與體育,綜合活動-綜合活動 社會-社會,社會-地理,,收成,siu-sîng
103340,曲,樂歌。如：「歌曲」、「小曲」。,,藝術-藝術,語文-國語文 藝術-藝術,語文-國語文 藝術-音樂,藝術-音樂,曲,khik
103341,曲目,劇本或歌曲目錄。亦指歌曲和其他音樂作品等的名目。,,藝術-藝術,綜合活動-綜合活動,藝術-音樂,,曲目,khik-bo̍k
103342,曲式,樂曲的構成方式。,,藝術-藝術,藝術-藝術,藝術-音樂,,曲式,khik-sik
103343,曲流,河流彎曲而似S狀流路者。,,,自然科學-自然科學,自然科學-地球科學,社會-地理,曲流,khiok-lâu
103344,曲風,即音樂風格，指音樂作品在整體上呈現出的樂曲風貌。,,,藝術-藝術,藝術-音樂,,曲風,khik-hong
103345,曲棍球,一種融合足球、冰球的激烈運動。可分為草地曲棍球、室內曲棍球、旱冰曲棍球、長曲棍球和水下曲棍球。,,,,健康與體育-體育,,曲棍球,khiok-kùn-kiû
103346,曲譜,戲曲、音樂等的樂譜。,,藝術-藝術,,語文-國語文 藝術-音樂,,曲譜,khik-phóo
103347,有效日期,指產品在規定的貯藏條件下的質量保證期限。,,健康與體育-健康與體育 社會-社會,健康與體育-健康與體育,,,有效日期,iú-hāu-ji̍t-kî
103348,有氧運動,一種運動。能提高心跳速率，並且持續一段適當的時間，以達到消耗高度氧氣的效果，藉以強化心、肺、血管、循環系統功能。如跑步、游泳、爬樓梯、舉重、舞蹈、跳繩等運動。,,健康與體育-健康與體育,健康與體育-健康與體育,健康與體育-體育,健康與體育-體育,有氧運動,iú-ióng ūn-tōng
103349,有氧舞蹈,一種運動。配合有節奏的音樂舞動全身，能提高心跳速率，消耗高度氧氣，使葡萄糖在有氧狀況下被氧化，藉以強化心、肺、血管、循環系統的功能。,,健康與體育-健康與體育,健康與體育-健康與體育,,健康與體育-健康與護理,有氧舞蹈,iú-ióng bú-tō
103350,有氧適能,體適能要素。是心血管循環效能、能否長時間從事較高強度運動的指標。可代表身體整體氧氣供輸系統能力的優劣，涉及的範圍包括：肺呼吸、心臟以及血循環系統的機能。,,健康與體育-健康與體育,,,,有氧適能,iú-ióng sik-lîng
103351,有理化,指的是將該原為無理數的分母化為有理數的過程，也就是將分母中的根號化去。有理化後通常方便運算，有理化的過程可能會影響分子，但分子及分母的比例不變。,,,,數學-數學,數學-數學,有理化,iú-lí-huà
103352,有機堆肥,是一種最常見的有機質肥料，其製造係將有機廢棄物堆積，藉由微生物代謝、分解作用之後所產生腐熟的有機質肥料。,,自然科學-自然科學,社會-社會,,,有機堆肥,iú-ki tui-puî
103353,有機農產品,一種較不污染環境、不破壞生態，並能提供消費者健康與安全農產品的生產方式。,,,,,健康與體育-健康與護理,有機農產品,iú-ki lông-sán-phín
103354,有機農業,遵守自然資源循環永續利用原則，不允許使用合成化學物質，強調水土資源保育與生態平衡之管理系統，並達到生產自然安全農產品目標之農業。,,自然科學-自然科學,社會-社會,社會-地理,健康與體育-健康與護理,有機農業,iú-ki lông-gia̍p
103355,朱一貴事件,清代臺灣第一起大規模的民變。朱一貴（西元1690年－1722年），清臺灣人。康熙年間臺灣人民不堪知府王珍的暴斂，群起謀變，因一貴姓朱，乃託為明朝後裔，奉為中興王，建元永和，為清水師提督施世驃所平。,,,社會-社會,社會-歷史,社會-歷史,朱一貴事件,Tsu It-kuì Sū-kiānn
103356,朱槿,錦葵科木槿屬，葉有柄，卵形，互生，花大，腋出，有朱紅、黃、白或桃紅色，蒴果闊卵形。,,自然科學-自然科學,自然科學-自然科學,,,大紅花 燈仔花 燈籃仔花,tuā-âng-hue ting-á-hue ting-nâ-á-hue
103357,次女高音,在音樂領域，次女高音（Mezzo-soprano，或稱為女中音）是指音域佔A3－A5的女歌唱家。次女高音的音色界乎女高音及女低音之間，聲帶通常比女高音略長和寬，高音厚實、有力，中聲區聲音特別豐滿圓潤。,,,藝術-藝術,,藝術-音樂,次女高音,tshù lú-ko-im
103358,次中音直笛,次中音笛(Tenor)音色柔美略帶傷感，以Do為起音。,,藝術-藝術,,藝術-音樂,,次中音笛仔,tshù tiong-im ta̍t-á
103359,死亡,喪失生命。,,自然科學-自然科學 健康與體育-健康與體育 社會-社會,綜合活動-綜合活動 社會-社會 健康與體育-健康與體育,自然科學-生物 社會-地理,,死亡,sí-bông
103360,汗衫,貼身、輕軟、能吸汗的短衣。,,,綜合活動-綜合活動,,,紗仔衫,se-á-sann
103361,池塘,蓄水的凹坑。,社會-生活課程 自然科學-生活課程 藝術-生活課程 綜合活動-生活課程,自然科學-自然科學 綜合活動-綜合活動 社會-社會,,自然科學-生物,,潭仔 池仔 埤仔,thâm-á tî-á pi-á
103362,灰色,介於黑、白之間的色彩。,,藝術-藝術,,藝術-視覺藝術,,鳥鼠仔色 殕色,niáu-tshí-á-sik phú-sik
103363,百分位數字,小數部分從小數點算起，右邊第二位叫做百分位，也可以叫做小數第二位。,,數學-數學,,,,百分位數字,pah-hun-uī sòo-jī
103364,百合花,百合所開的花。花蓋呈漏斗狀，花被六片，有多種花色。,,自然科學-自然科學,,,社會-歷史,百合花 iú-lih 司公鈃,pik-ha̍p-hue iú-lih sai-kong-giang
103365,百科全書,普遍搜羅各門類的知識，用分別條目的方式加以簡明介紹的工具書。內容有綜合性的、專業性的、國家與地區的，還有專為兒童寫的。體例上，有分類編排的，也有按條目的英文字母或中文筆畫順序編排的。,,社會-社會,語文-國語文,語文-國語文,,百科全書,pah-kho-tsuân-su
103366,百香果,西番蓮科，果實呈球形或橢圓形，皮厚硬，成熟時為紫色。,,自然科學-自然科學,,,,時計果,sî-kè-kó
103367,百家姓,書名。舊時童蒙課讀之書，不著作者姓名。用姓氏編成韻文，每句四字，以便誦讀，始趙而終司空。,,,語文-國語文,,社會-歷史,百家姓,Pik-ka-sènn
103368,竹籐藝,竹編的藝術品。,,,藝術-藝術,,,竹籐藝,tik-tîn-gē
103370,羽毛,鳥類身上的毛。具有飛翔、維持體溫、保護身體等作用。,社會-生活課程 自然科學-生活課程 藝術-生活課程 綜合活動-生活課程,自然科學-自然科學,自然科學-自然科學,自然科學-生物,自然科學-生物,羽毛,ú-môo
103371,羽毛球,1.羽毛球是一項隔著球網，使用長柄網狀球拍揮擊平口端紮有一圈羽毛的半球狀軟木的運動。 2.羽毛球運動所使用的球。,,,健康與體育-健康與體育,健康與體育-體育,,羽毛球,ú-môo-kiû
103372,老人年金,國民年金保險中的一項。被保險人於年輕時曾參加國民年金保險，並按時繳交保費，至年滿65歲且繳費滿一定期限，即可按年資的長短領取全額、減額或增額年金，是一種社會保險。,,,社會-社會,,,老人年金,lāu-lâng-nî-kim
103373,老化,事物隨著時間的變遷而陳舊、消退，失掉原有的功能。,,健康與體育-健康與體育,,健康與體育-健康教育,社會-歷史,老化,nóo-huà
103374,耳鳴,一種耳病症狀。無外界聲音來源，患者自己感覺耳中有蟬鳴或其他聲響，多由疲勞、血壓高或其他外在因素所引起。,健康與體育-健康與體育,健康與體育-健康與體育,,,健康與體育-健康與護理,耳空吱,hīnn-khang-ki
103375,耳機,戴在耳上或塞入耳中的受音器。,健康與體育-健康與體育,,,,,耳機,hīnn-ki
103376,肌肉痠痛,在從事超出一般運動量或做一些不習慣的運動後，肌肉產生酸痛，可能的原因，第一是肌肉纖維的拉傷，第二是肌肉在運動時及運動後，產生的一些化學物質刺激到肌肉中的感覺神經。,健康與體育-健康與體育,健康與體育-健康與體育,健康與體育-健康與體育,健康與體育-體育,健康與體育-體育,筋肉痠痛 肌肉痠痛,kin-bah sng-thiànn ki-bah sng-thiànn
103377,肌肉適能,保持良好的肌力和肌耐力對於促進健康、預防傷與提高工作效率有很大的幫助助，當肌力和肌耐力衰退時，肌肉本身往往無法勝任日活動及緊張的工作負荷，容易產生肌肉疲勞及疼痛現象。,,健康與體育-健康與體育,,健康與體育-體育,健康與體育-體育,筋肉適能 肌肉適能,kin-bah sik-lîng ki-bah sik-lîng
103378,肌群,指相同或鄰近部位肌肉構成的功能群體。,,健康與體育-健康與體育,健康與體育-健康與體育,,健康與體育-健康與護理,肌群,ki-kûn
103379,自由球,足球運動比賽的犯規處罰規則。球員如有嚴重、惡劣犯規或粗暴動作、危險動作、越位等，裁判皆判處自由球。其方式有二種：一種是間接自由球，即主罰球者踢出的球，如未經任何球員碰踢而進球門，則為無效；另一種是直接自由球，主罰球者可以直接攻門，也可以傳球給他人。一般來說，自由球往往是球隊獲勝的機會，對防守的球隊都極具危險性。,,,健康與體育-健康與體育,,,自由球,tsū-iû-kiû
103380,自由軟體,可以不受限制地自由使用、複製、研究、修改和分發之電腦程式。,,,,科技-資訊科技,,自由軟體,tsū-iû nńg-thé
103382,自我價值,指在個人生活和社會活動中，自我對社會作出貢獻，而後社會和他人對作為人的存在的一種肯定關係。包括人的尊嚴，和保證人的尊嚴的物質精神條件。自我價值的實現必然要以對社會的貢獻為基礎，以答謝社會為目的。,,,,社會-公民與社會,,自我價值,tsū-ngóo kè-ta̍t
103383,自動駕駛,由電腦系統操控車船、飛機等交通工具。,,,,科技-生活科技,,自動駕駛,tsū-tōng kà-sú
103384,自然文學,以自然題材為主所寫出的文學作品。,,,語文-國語文,語文-國語文,,自然文學,tsū-jiân bûn-ha̍k
103386,自然生態,自然界的生態現象。包括地理環境、動、植物等生態。,,自然科學-自然科學,綜合活動-綜合活動 社會-社會 健康與體育-健康與體育,社會-地理,,自然生態,tsū-jiân sing-thài
103387,自然科學,研究自然物質及自然現象的科學。如物理學、化學、動物學、植物學、礦物學、生理學、數學等。,社會-生活課程 自然科學-生活課程 藝術-生活課程 綜合活動-生活課程,自然科學-自然科學,綜合活動-綜合活動,,自然科學-化學,自然科學,tsū-jiân kho-ha̍k
103388,自然過渡法,根據上下文意做必要的自然銜接，或順著邏輯節奏而自然轉換，順勢發展，完成文章過渡的任務。,,,語文-國語文,,,自然過渡法,tsū-jiân kuè-tōo-huat
103389,自轉,天體自繞其軸而旋轉。,,自然科學-自然科學,自然科學-自然科學,自然科學-地球科學 社會-地理,自然科學-地球科學,自轉,tsū-tsuán
103391,臼齒,位於口腔後方兩側，用以咀嚼的牙齒。人類的臼齒分為小臼齒與大臼齒，小臼齒上下頜各四顆，大臼齒上下頜各六顆。也稱為「槽牙」。,健康與體育-健康與體育,健康與體育-健康與體育,,,健康與體育-健康與護理,後齻,āu-tsan
103392,色紙,有顏色的紙張。,社會-生活課程 自然科學-生活課程 藝術-生活課程 綜合活動-生活課程,藝術-藝術,,,,色紙,sik-tsuá
103393,色階,色階是表示圖像亮度強弱的指數標準，也就是我們說的色彩指數，在數字影像處理教程中，指的是灰度解析度（又稱為灰度級解析度或者幅度解析度）。圖像的色彩豐滿度和精細度是由色階決定的。色階指亮度，和顏色無關，但最亮的只有白色，最不亮的只有黑色。,,,藝術-藝術,藝術-視覺藝術,,色階,sik-kai
103394,色鉛筆,彩色鉛筆、筆芯帶顏色的鉛筆。,社會-生活課程 自然科學-生活課程 藝術-生活課程 綜合活動-生活課程,社會-社會 藝術-藝術,藝術-藝術,藝術-視覺藝術,,色鉛筆,sik-iân-pit
103395,色調,1.表現在顏色上明暗、濃淡、寒暖等的基調。 2.比喻文藝作品中所呈現思想感情的色彩。,,藝術-藝術,藝術-藝術,藝術-視覺藝術,藝術-藝術生活,色調,sik-tiāu
103396,色環,一種色彩學上圖表名稱。,,,藝術-藝術,藝術-視覺藝術,藝術-藝術生活,色環,sik-khuân
103397,色點,點的大小和色彩的運用，點在作品中以大小、色彩不同的色塊存在，面積、色彩不同的點對於畫面的影響也截然不同。點的面積過大，勢必會破壞設計主題。另外，點的色彩也應該以較為鮮艷和突出的色彩為主，只有這樣才能起到點綴和活躍畫面的作用。,,藝術-藝術,,,,色點,sik-tiám
103398,血液循環,血液經由一定路線，周而復始的循環作用。人體血液自左心室流向大動脈，經全身組織，交換養分、代謝物之後，由靜脈流入右心室，再經肺動脈，進入肺內交換氣體，由肺靜脈流回左心房後，即完成了一次血液循環。,,健康與體育-健康與體育,,自然科學-生物 健康與體育-健康教育,健康與體育-健康與護理,血路循環 血液循環,hueh-lōo sûn-khuân hueh-i̍k sûn-khuân
103399,血管,動物體內運輸血液的管道。有動脈、靜脈、微血管三種。,,健康與體育-健康與體育,,自然科學-生物 健康與體育-健康教育,自然科學-生物,血管,hueh-kńg
103400,血管硬化,脂肪、膽固醇淤積在血管壁上，血管彈性因而減弱，血液通過困難，使心臟負荷增大，容易造成血管破裂、中風等病症。,,,健康與體育-健康與體育,,,血管硬化,hueh-kńg ngē-huà
103402,衣架,吊掛衣服用的架子。,,,綜合活動-綜合活動,,,衫仔弓 衫弓仔 衫仔架 衫架仔,sann-á-king sann-king-á sann-á-kè sann-kè-á
103403,衣櫃,供人放置衣物的櫃子。,,,綜合活動-綜合活動,,,衫仔櫥 簞笥,sann-á-tû thàng-sù thàng-suh
103405,西卡紙,處女紙漿，未經塗佈加工，挺度與耐折性佳、適於簡易彩色印刷、卡片、吊牌、集郵卡、美勞用紙、書籍插頁。 ,,藝術-藝術,,,,西卡紙,se-khah-tsuá
103406,西醫,採用西洋醫術的醫生及醫療方法。,,健康與體育-健康與體育,,,,西醫,se-i
103407,伯勞鳥,鳥綱雀形目。較雀稍大，頭、額兩側黑色，背灰褐色，性猛，善鳴。,,自然科學-自然科學,,,,伯勞仔,pit-lô-á
103408,伴奏,以一種樂器或人聲為主，而以其他樂器配合。為英語accompainment的義譯。一般常用的伴奏樂器有鋼琴、吉他、魯特琴等。,社會-生活課程 自然科學-生活課程 藝術-生活課程 綜合活動-生活課程,藝術-藝術,藝術-藝術,藝術-音樂,藝術-音樂,伴奏,phuānn-tsàu
103409,伸縮喇叭,樂器名，吹管樂器。也稱為「伸縮號」、「長號」，是銅管樂器的成員之一，利用一條可以伸縮長短的彎管來發出高、低不同的音調。大約於西元1400年出現於歐洲，當時稱為低音喇叭，是所有管樂器中唯一可以不使用活塞按鍵來產生最接近人聲的樂器。,,,藝術-藝術,,,伸勼喇叭 長號,tshun-kiu lá-pah tn̂g-hō
103410,伸縮號,長號，亦稱伸縮喇叭或伸縮號，是一種銅管樂器。一如所有銅管樂器，長號透過吹奏者以雙唇振動空氣來發聲；而與其他使用按鍵的銅管樂器不同之處在於，長號透過吹奏者改變滑管（Slide）的長度來改變音高。最為常見的長號種類為次中音長號。,,藝術-藝術,自然科學-自然科學,,,伸勼喇叭 長號,tshun-kiu lá-pah tn̂g-hō
103411,位值,指的是個位、十位、百位……等的數值。,,數學-數學,,數學-數學,,位值,uī-ta̍t
103412,低手發球,排球運動中扣球技術的基礎技巧，屬安全性較高，但較無成功的發球法。,,,健康與體育-健康與體育,健康與體育-體育,,低手發球,kē-tshiú huat-kiû
103413,低音,樂譜中，低於基礎音的音。,,,自然科學-自然科學,藝術-音樂,,低音,kē-im
103414,低音直笛,低音直笛(Bass)：音色如老人般低沉、沙啞，以Fa為起音。,,藝術-藝術,,藝術-音樂,,低音笛仔,kē-im ta̍t-á
103415,低音提琴,低音提琴是近代管弦樂中最大的弦樂器，音域最低，構造和其他三種提琴有些微不同，直接由古代的弓弦樂器最低音提琴演變而成。,,藝術-藝術,藝術-藝術,藝術-音樂,藝術-音樂,低音提琴,kē-im thê-khîm
103416,低音號,低音號（Tuba）是一種低音銅管樂器。在管弦樂隊、管樂隊中經常使用，是音域最低，體積最大的銅管樂器。,,藝術-藝術,藝術-藝術,,藝術-音樂,低音喇叭,kē-im lá-pah
103417,低音管,低音管（英語：Bassoon，義大利語：Fagotto）或稱巴松管，是木管樂器中雙簧樂器家族的成員，自19世紀，低音管衍變成現在的樣子。它在管弦樂團和室內樂中一直扮演著重要的角色，音色獨特，低音域結實而有力，中音域及高音域如男中音歌聲般的音色。,,藝術-藝術,藝術-藝術,藝術-音樂,藝術-音樂,低音管,kē-im-kuán
103418,低笙,即低音笙，音域較低。笙是中國的一種自由簧管樂器，屬於八音中的「匏」類，以簧、管共振發聲，為中國吹管樂器裡面，唯一吹、吸皆可發聲的樂器，也是唯一可以吹奏和聲的樂器。,,,藝術-藝術,,,低笙,kē-sing
103419,低碳,低碳旨在倡導一種低能耗、低污染、低排放為基礎的經濟模式，減少有害氣體排放。這裡的「碳」主要指二氧化碳氣體。,健康與體育-健康與體育,綜合活動-綜合活動,,,,低碳,kē-thuànn
103420,低碳食物,在食品的生產過程和消費過程中（包括加工和運輸），耗能低、二氧化碳及其他溫室氣體排出量少的食物稱之為低碳食物。,健康與體育-健康與體育,,,,,低碳食物,kē-thuànn si̍t-bu̍t
103421,低碳飲食,低碳就是低碳水化合物，主要注重嚴格地限制碳水化合物的消耗量，增加蛋白質和脂肪的攝入量。,健康與體育-健康與體育,,,,,低碳飲食,kē-thuànn ím-si̍t
103422,作曲,製作樂曲。,,藝術-藝術,藝術-藝術,藝術-音樂,藝術-音樂,作曲,tsok-khik
103423,作畫,繪畫。,,藝術-藝術,,,,作畫 畫圖,tsok-uē uē-tôo
103424,作詞,依照詞牌規定的字數、平仄及四聲等格式將字填入，稱為「填詞」。現在也指將歌詞寫入曲譜。,,,藝術-藝術,藝術-音樂,,作詞,tsok-sû
103425,作業系統,控制電腦資源分配和周邊設備的軟體。,,,,科技-資訊科技,,作業系統,tsok-gia̍p hē-thóng
103427,免疫力,抵抗任何特殊疾病、微生物或毒素的能力。,,健康與體育-健康與體育,自然科學-自然科學,自然科學-生物 健康與體育-健康教育,自然科學-生物,免疫力,bián-i̍k-li̍k
103429,免疫系統,免疫系統是生物體體內一系列的生物學結構和進程所組成的疾病防禦系統。,,,健康與體育-健康與體育,健康與體育-健康教育,,免疫系統,bián-i̍k hē-thóng
103430,冷空氣,冷空氣和暖空氣是從氣溫水準方向上的差別來定義的，位於低溫區的空氣稱為冷空氣。遙遠的北冰洋、嚴寒的西伯利亞是冷空氣的發源地。,,自然科學-自然科學,,自然科學-地球科學 社會-地理,自然科學-地球科學,冷空氣,líng-khong-khì
103431,判別式,是代數學中的概念。一個實係數或復係數多項式的判別式是一個與之相關的表達式。,,,,數學-數學,數學-數學,判別式,phuànn-pia̍t-sik
103433,助詞,一種附著在詞、詞組或句子上，表達某種附加意義的虛詞。國語的助詞包括結構助詞、時態助詞和語氣助詞。,,,,語文-國語文,語文-國語文,助詞,tsōo-sû
103434,助燃性,可燃物能在某物質中燃燒，就說這種物質具有助燃性。通常情況下，氧氣都具有助燃性。當鎂在氮氣、二氧化碳中燃燒時，氮氣、二氧化碳也具有助燃性。,,,自然科學-自然科學,自然科學-理化,,助燃性,tsōo-jiân-sìng
103435,卵子,動植物的雌性生殖細胞，成熟後可受精產生第二代。,,,自然科學-自然科學 健康與體育-健康與體育,健康與體育-健康教育,健康與體育-健康與護理,卵子,luán-tsú
103436,卵胎生,受精卵在母體內發育孵化成幼體，始由母體產出。,,,自然科學-自然科學,,,卵胎生,luán-thai-sing
103437,卵巢,雌性脊椎動物的生殖腺官。位於骨盆腔內，呈卵圓形，左右各一，卵在其內形成，並可分泌激素促進子宮、陰道、乳腺等發育。,,,健康與體育-健康與體育,自然科學-生物 健康與體育-健康教育,自然科學-生物,卵巢,nn̄g-tsâu
103438,含苞,花朵含著花苞，尚未綻放。,,自然科學-自然科學,,,,拍莓 結莓,phah-m̂ kiat-m̂
103439,吸力,物理學上指磁性物質吸引他物的力量。,,自然科學-自然科學,,,,吸力,khip-li̍k
103440,吸水紙,用來吸取多餘水分的紙。,,,藝術-藝術,,,吸水紙 欶水紙,khip-tsuí-tsuá suh-tsuí-tsuá
103441,吹口,笛子的吹氣口。,,藝術-藝術,自然科學-自然科學,,,歕空,pûn-khang
103442,吹管樂器,鼓動空氣發出聲音來的樂器。就材質上來說，可分為木製吹奏樂器和銅製吹奏樂器兩種，前者如長笛、短笛、雙簧管等，簡稱木管；後者如小喇叭、大喇叭等，簡稱銅管。,,藝術-藝術,,藝術-音樂,藝術-音樂,歕管樂器,pûn-kuán ga̍k-khì
103443,吹嘴,吹嘴指的是由嘴巴吹氣的零件，吹嘴一般為活動部件，可拆卸。有些吹嘴需要搭配簧片，如竹片或膠片因為空氣震動而產生聲音。,,藝術-藝術,藝術-藝術,,,歕喙仔,pûn-tshuì-á
103444,均衡飲食,為每日由飲食中獲得身體所需且足量的各種營養素，且吃入與消耗的熱量達到平衡。,健康與體育-健康與體育,,健康與體育-健康與體育,健康與體育-健康教育,健康與體育-健康與護理,均衡飲食,kin-hîng ím-si̍t
103445,坐標平面,由一條水平線(x軸)與一條鉛直線(y軸)所構成的平面。,,,,數學-數學,數學-數學,坐標平面,tsō-piau pênn-bīn tsō-phiau pênn-bīn
103446,壯年期,為人類成長一個時期，青年結束後進入壯年。指31－44歳的成人。,健康與體育-健康與體育,,健康與體育-健康與體育,,,壯年期,tsòng-liân-kî
103447,宋詞,詞以宋代最盛，為宋代文學的代表。故稱宋代詞作為「宋詞」。作品大致上可分為二派，一為婉約派，以清新婉麗為主；一為豪放派，雄渾曠達為主。,,,語文-國語文,語文-國語文,語文-國語文,宋詞,Sòng-sû
103448,完全小節,音樂名詞。在同一首曲子中，各小節的拍數，應該要完全一樣，而具有正確拍數的，就稱為完全小節。,,藝術-藝術,,,,完全小節,uân-tsuân sió-tsat
103449,尾巴,動物或物體末梢突出的部分。,社會-生活課程 自然科學-生活課程 藝術-生活課程 綜合活動-生活課程,自然科學-自然科學,,,,尾溜 尾仔,bué-liu bué-á
103450,尾羽,鳥類的尾椎並不像其它多種脊椎動物那樣向體外突出而形成尾，而是由其末端長出一組扇狀的正羽，稱之為尾羽。,,自然科學-自然科學,,,,尾羽,bué-ú
103451,尾針,最後用針的方法。,,,藝術-藝術,,,尾針,bué-tsiam
103452,尾線,線的末端。,,,藝術-藝術,,,線尾,suànn-bué
103453,尾翼,飛機上用以保持平衡，及提供飛機安定性與操縱性的構件。,,自然科學-自然科學,,,,尾翼,bué-si̍t
103454,尾聲,比喻事情的最後部分。,,綜合活動-綜合活動,,藝術-表演藝術,,尾聲 尾局,bué-siann bué-kio̍k
103455,尿床,不自覺的排尿現象，常發生在幼童身上。,,,綜合活動-綜合活動,,,泄尿,tshuā-jiō
103456,尿道,膀胱向外伸展的管道，為尿液排泄的通路。,健康與體育-健康與體育,,,自然科學-生物 健康與體育-健康教育,健康與體育-健康與護理,尿道,jiō-tō
103458,局外人,與某事不相干的人。,,,綜合活動-綜合活動,,,外人,guā-lâng
103459,巫婆,以通鬼神，為人祈福消災、占卜等為職業的女子。,,綜合活動-綜合活動,,,,尪姨,ang-î
103461,序奏,又叫作前奏，是一首樂曲開頭的一個小樂段。通常佔全首樂曲的比重非常小，海頓大部份的交響曲第一樂章都有一段序奏，然後才會進入樂曲。,,,藝術-藝術,,,序奏,sū-tsàu
103462,形變,物體受外界因素影響時，而產生的形狀變化。,,自然科學-自然科學,自然科學-自然科學,,自然科學-物理,形變,hîng-piàn
103463,快門,相機中控制底片曝光時間長短的機件。因其開合速度的不同，可使底片得到適度感光，或使被攝體的動態在底片上靜止而成為清晰的影像。,,,,藝術-表演藝術,,快門,khuài-mn̂g
103464,快速鍵,指通過某些特定的按鍵、按鍵順序或按鍵組合來完成一個操作。,,,,科技-資訊科技,,快速鍵 快速齒,khuài-sok-kiān khuài-sok-khí
103465,扭傷,身體在活動時用力過猛，而使筋骨或肌肉受傷。,健康與體育-健康與體育,健康與體育-健康與體育,健康與體育-健康與體育,健康與體育-體育,健康與體育-體育,扭著,láu--tio̍h náu--tio̍h
103466,扮仙戲,扮仙戲又被稱為吉祥戲，通常出場的人物（神仙）都有其象徵意義，例如最常見的福祿壽三仙，可以明顯看出其意涵，扮仙戲同時也是向神明表達人們心中的祈願，也希望透過這樣的吉祥戲賜福給人們，因此扮仙在臺灣漢族的宗教信仰、民間戲曲習俗中仍相當神聖。,,藝術-藝術,藝術-藝術,,,扮仙,pān-sian
103467,扮家家酒,小孩間各自扮演家庭角色，擬構各種情節進行遊戲，可單人玩，也可以多人玩。,綜合活動-生活課程,,,,,扮公伙仔,pān-kong-hué-á
103468,扯鈴,一種民俗體育運動。玩耍時，兩手各執一棍，將圓輪架在兩棍間的繩索上，以雙手拉動繩索使之轉動發聲，並可藉由拋、接等動作，變化出多種花樣。,,綜合活動-綜合活動 健康與體育-健康與體育,綜合活動-綜合活動 健康與體育-健康與體育,健康與體育-體育,,拍風雷,phah hong-luî
103469,把脈,一種診察脈象的方法。,,健康與體育-健康與體育,,,,節脈,tsat-me̍h tsat-be̍h
103470,抓週,小孩滿週歲時，長輩將書本、算盤、筆墨等各種物品擺在孩子面前，讓他隨意抓取，藉此預測其未來志向和性情的一種習俗。,,,社會-社會,社會-公民與社會,,度晬,tōo-tsè
103471,投票率,投票率是指在選舉中，有投票權的選民參與投票的人數佔選民總人數的比率。,,,數學-數學,,社會-歷史,投票率,tâu-phiò-lu̍t
103472,投影,利用光線將物體的形狀投射到一個面上。,,,自然科學-自然科學,藝術-視覺藝術,,投影,tâu-iánn
103473,投影片,一種透明片。上可書寫或影印字體、圖形等，放置在投影機上，可將其上的字體、圖形投射到預定的面上。,,藝術-藝術,,,,投影片,tâu-iánn-phìnn
103474,抗體,人或動物受病毒或病菌感染後，啟動免疫系統，在血清中產生的具有抵抗或殺死病毒、病菌作用的蛋白質。抗體只能與特定的抗原結合，而消弭抗原的毒性。,,健康與體育-健康與體育,,自然科學-生物 健康與體育-健康教育,自然科學-生物,抗體,khòng-thé
103475,折子戲,元雜劇一本通常分四場，一場稱為「一折」，因觀眾特別喜看戲中某「一折」，故而將此一高潮場次抽出以單獨上演的演出型式，即稱為「折子戲」。約始於崑曲後期。,,,藝術-藝術,,,折仔戲,tsiat-á-hì
103477,折扣,貨物按照定價減去一個數目後出售。,,,數學-數學 綜合活動-綜合活動,,,折扣,tsiat-khàu
103478,折返跑,根據兩個標誌物，從其中一點（起點）開始，按照要求根據一定距離跑至另一標誌物（終點）處，用腳或用手碰倒標誌物後立即轉身（無需繞過標誌物）跑回起點，繼續轉身跑向終點，循環進行，按照練習要求在起點和終點間做若干個來回折返。,健康與體育-健康與體育,健康與體育-健康與體育,健康與體育-健康與體育,,健康與體育-體育,去倒走,khì-tò-tsáu
103479,折射現象,光線或聲波射入密度不同的介質中，而改變行進方向的現象。,,自然科學-自然科學,,,,拗射現象,áu-siā hiān-siōng
103480,改編,根據原著重新編寫。改編所用體裁往往與原著不同。,,藝術-藝術,語文-國語文,藝術-表演藝術,,改編,kái-pian
103481,材質,工業設計或藝術創作上所稱的創作材料。,,自然科學-自然科學 藝術-藝術 健康與體育-健康與體育 社會-社會,自然科學-自然科學 藝術-藝術,藝術-視覺藝術,藝術-美術,材質,tsâi-tsit
103482,決賽,各種競賽中，最後一次決定勝負、名次的比賽。,,健康與體育-健康與體育,,,,決賽,kuat-sài
103483,沉水性植物,是指整株植物完全沉浸在水中的植物。其根部定著在水底的泥淖中，葉子和莖多呈線形或絲狀，細長且柔軟，如此則能隨著水流擺動，減少水流的衝擊，而且還能隨著水位的高低而伸展或彎曲，使植物整株能夠保持在水面下成長，而細小的葉片能增加植物體與水流接觸的表面積，並因此提高接收水中氣體的效率，再者，其錯開生長的葉片，使葉子能隨著水流擺動的同時，接受到來自不同角度的陽光，這以金魚藻、苦草、水蘊草及海帶為代表性的植物。,,自然科學-自然科學,,,,沉水性植物,tîm-tsuí-sìng si̍t-bu̍t
103484,沉思,深思。,,,社會-社會 綜合活動-綜合活動,,,恬恬想 愖 深想,tiām-tiām siūnn sīm tshim-siūnn
103485,沖、脫、泡、蓋、送,燒傷急救五步驟的口訣。,,,,,健康與體育-健康與護理,沖、褪、泡、崁、送,tshiâng、thǹg、phàu、khàm、sàng
103486,沖積,山地河流流過山麓後，因為坡度變緩，流速降低，河道變寬，河水攜帶的砂石大量堆積，使河床抬高的現象。,,,社會-社會,社會-地理,,沖積,tshiong-tsik
103487,沙池,一個裝載沙的範圍，可作為遊戲或跳遠之用。,,,健康與體育-健康與體育,,,沙池,sua-tî
103488,沙發椅,裝有彈簧或厚泡沫塑膠座墊的椅子。,,,綜合活動-綜合活動,,,膨椅,phòng-í
103489,沙鈴,沙鈴，亦稱為沙錘、砂槌、沙槌或沙球，是一種敲擊樂器，屬於體鳴樂器，沿自南美洲哥倫比亞。大概已有超過1500年的歷史。除哥倫比亞外，在不少的南美國家都可以找到相近的古代砂槌證據。包括有牙買加、委內瑞拉、古巴和特立尼達島等。和擊木一樣，砂槌較常以一對演奏，但單使用一隻亦可以。,,藝術-藝術,,藝術-音樂,藝術-音樂,沙鈴,sua-lîng
103490,沙灘排球,一種球類。沙地上比賽，場地大小和比賽規則與排球基本相同。國際正式比賽有兩人制、四人制和男女混合製，隊員穿泳裝，赤腳。,,,,健康與體育-體育,,沙埔排球,sua-poo pâi-kiû
103491,男中音,音域A－a1共15度的男歌唱家，通常兼備有男高音和男低音的音質，既亮堂、柔潤，又莊重、沉著。,,,藝術-藝術,,藝術-音樂,男中音,lâm-tiong-im
103492,男低音,音域F－f1共15度（按譜所示低8度）的歌唱家，音色低沉、渾厚、老成、持重。,,,藝術-藝術,,藝術-音樂,男低音,lâm-kē-im
103493,私塾,舊時家庭或教師自己設立的教學場所。,,社會-社會,社會-社會,社會-歷史,社會-歷史,學仔 漢學仔,o̍h-á hàn-o̍h-á
103494,肘關節,連接肱骨與前臂骨的關節。,,健康與體育-健康與體育,健康與體育-健康與體育,健康與體育-健康教育,健康與體育-體育,手曲關節,tshiú-khiau kuan-tsat
103495,肚臍,臍帶脫落後在腹部所留下的痕跡。也稱為「肚臍眼」。,,健康與體育-健康與體育,自然科學-自然科學,,,肚臍,tōo-tsâi
103496,肝炎,肝臟受到濾過性病毒的感染或某些化學物的刺激所引起的炎症。,,,健康與體育-健康與體育,健康與體育-健康教育,健康與體育-健康與護理,肝炎,kuann-iām
103497,肝硬化,因營養不良、病毒感染或慢性中毒等原因，導致肝組織被破壞，發生纖維化，血管床變形的慢性肝病，症狀有食慾不振、消瘦、肝臟變硬、腹部積水等。也稱為「肝硬變症」。,,,健康與體育-健康與體育,自然科學-生物 健康與體育-健康教育,健康與體育-健康與護理,肝硬化,kuann-ngē-huà
103498,肝癌,發生在肝臟的惡性腫瘤。以原發性肝癌居多，繼發性肝癌主要由消化道或其他器官惡性腫瘤轉移而來。患者有全身倦怠、厭食、腹痛等症狀。,,,健康與體育-健康與體育,健康與體育-健康教育,,肝癌,kuann-gâm
103499,芒果,漆樹科檬果，果實長橢圓形，熟時黃色。,,自然科學-自然科學 健康與體育-健康與體育,自然科學-自然科學,,社會-歷史,檨仔,suāinn-á
103501,角色,1.戲劇中演員所扮演的劇中人物。有主角、配角之分。也作「腳色」。 2.一個人在團體中，依其地位所擔負的責任或所表現的行為。,語文-國語文,語文-國語文 藝術-藝術 綜合活動-綜合活動 健康與體育-健康與體育 社會-社會,語文-國語文 藝術-藝術 綜合活動-綜合活動,藝術-表演藝術 社會-公民與社會,語文-國語文,角色 腳數,kak-sik kioh-siàu
103502,角柱底面,角柱體的底面。,,,數學-數學,,,角柱底面,kak-thiāu té-bīn
103503,角球,足球賽中，若球由己方碰觸、踢出己方端線，則由另一方於端線與邊線的交叉點踢自由球，稱為「角球」。,,,健康與體育-健康與體育,,健康與體育-體育,角球,kak-kiû
103504,言詞,由語言表達的詞句或語彙。,,語文-國語文 健康與體育-健康與體育,,,語文-國語文,言詞,giân-sû
103505,言語霸凌,通常是指人與人之間權力不平等的欺凌與壓迫，它一直長期存在於社會中，包括語言（辱罵、嘲弄、惡意中傷）的攻擊。,健康與體育-健康與體育,,,健康與體育-健康教育 社會-公民與社會,健康與體育-健康與護理,言語霸凌,giân-gí pà-lîng
103506,言論自由,一種基本人權，指公民可以按照個人意願的表達意見和想法的法定政治權利，這些意見表達不用受任何人「事前」的審查及限制，也無需擔心受到政府或他人報復。,,,社會-社會,社會-公民與社會,社會-公民與社會,言論自由,giân-lūn tsū-iû
103507,貝氏刷牙法,又稱齦溝清掃法或水平顫動法，是美國牙科協會推薦的一種有效去除齦緣附近及齦溝內菌斑的方法。,健康與體育-健康與體育,,,健康與體育-健康教育,,貝氏洗喙法,Puè--sī sé-tshuì-huat
103508,赤尾青竹絲,動物名。一種蛇。爬蟲綱有鱗目。背部呈草綠色，尾部赤色，體長約1尺7寸，含劇毒，常棲息在草樹叢中。,,自然科學-自然科學,,,,青竹絲 赤尾鮐,tshenn-tik-si tshiah-bué-tai
103509,走位,在球場或舞臺上依有利、需要或設計好的路線移動位置。,,,藝術-藝術 綜合活動-綜合活動,,,行位,kiânn-uī
103510,走步,1.籃球運動中指在不應移動雙腳的情形下，移動了腳的位置，應判犯規，球歸對方。 2.一種舞蹈的基本步法。按著一個慢步、兩個快步的節拍以略圓形的路線繞場一周即可。,,,健康與體育-健康與體育,,,行步,kiânn-pōo
103511,走廊,屋簷下可供人通行往來的走道。,社會-生活課程 自然科學-生活課程 藝術-生活課程 綜合活動-生活課程 健康與體育-健康與體育,綜合活動-綜合活動 健康與體育-健康與體育 社會-社會,綜合活動-綜合活動 健康與體育-健康與體育,,,走廊,tsáu-lông
103512,足尖,足部的腳趾部位。,健康與體育-健康與體育,,,,,跤尾,kha-bué
103513,足背,相對於足底的位置。,健康與體育-健康與體育,健康與體育-健康與體育,,,,跤盤,kha-puânn
103514,足跡,留下的腳形踪跡或到過的地方。,,社會-社會,自然科學-自然科學 綜合活動-綜合活動,,,跤印 跤跡,kha-ìn kha-jiah
103516,身心健康,生理及心理兩方面都健康。,,社會-社會,社會-社會 健康與體育-健康與體育,,健康與體育-健康與護理,身心健康,sin-sim kiān-khong
103517,身材,體態、體型。,,健康與體育-健康與體育 社會-社會,綜合活動-綜合活動,,,身材 體格,sin-tsâi thé-keh
103518,身體質量指數（BMI）,用身高及體重數值來衡量身體狀況，又稱「身高體重指數」，英文為Body Mass Index，簡稱BMI。是一個計算值，主要用於統計用途。 「身高體重指數」這個概念，是由19世紀中期的比利時統計學家及數學家凱特勒（Lambert Adolphe Jacques Quetelet）最先提出。,,健康與體育-健康與體育,健康與體育-健康與體育,數學-數學,健康與體育-健康與護理,身體質量指數,sin-thé tsit-liōng tsí-sòo
103519,身體機能,是指人的整體及其組成的各器官，系統所表現的生命活動。,,,,健康與體育-健康教育,,身體機能,sin-thé ki-lîng
103520,阮,樂器名。一種彈撥樂器。,,,藝術-藝術,藝術-音樂,,雙清 阮琴,siang-tshing guán-khîm
103521,防守,防護守衛。,健康與體育-健康與體育,健康與體育-健康與體育,健康與體育-健康與體育,健康與體育-體育,健康與體育-體育,防守,hông-siú
103522,防毒軟體,使用於偵測、移除電腦病毒之電腦程式。,,,,科技-資訊科技,,防毒軟體,hông-to̍k nńg-thé
103523,防腐劑,用於防止腐敗的藥劑。,,,自然科學-自然科學 健康與體育-健康與體育,健康與體育-健康教育,自然科學-化學,防腐劑,hông-hú-tse
103524,防颱,事先做好準備，預防颱風來襲可能帶來的災害。,,健康與體育-健康與體育,自然科學-自然科學,,,防風颱,hông hong-thai
103525,防蟲,防止蟲害。,,自然科學-自然科學,,,,防蟲,hông-thâng
103526,防晒乳,一種防止皮膚曝露在紫外線下的產品，以乳液製成。,健康與體育-健康與體育,,,,,防曝膏,hông-pha̍k-ko
103527,乳酸,為無色透明或淡黃色的液體，由糖類、澱粉等發酵而成，有酸味。常應用於食品、紡織、醫藥等方面。,,,自然科學-自然科學,,自然科學-生物,奶酸,ling-sng lin-sng
103528,乳癌,乳房所發生的一種癌症病變。多由乳管或乳腺引發，症狀為可觸摸的硬塊、乳頭凹陷或有異樣分泌物、腫大的腋下淋巴腺、乳房皮膚有橘皮樣變化，紅腫或潰爛等。治療方式有手術治療、放射線治療、荷爾蒙療法及化學治療等。,,,健康與體育-健康與體育,健康與體育-健康教育,自然科學-生物,奶癌,ling-gâm lin-gâm
103529,亞麻布,亞麻布是經亞麻捻成線織成的，表面不像化纖和棉布那樣平滑，具有生動的凹凸紋理，畫家常常利用亞麻布這一微妙有趣的材質美感。同時除合成纖維外，亞麻布是紡織品中最結實的一種。亞麻布其纖維強度高，不易撕裂或戳破，可任由調色刀在上面刮、壓。,,藝術-藝術,,,,亞麻布,a-muâ-pòo
103530,亞運,亞洲運動會的簡稱。每四年舉辦一次的亞洲運動會。其前身為遠東運動會。西元1951年起，此後每四年輪流在亞洲各大城市舉辦一次。,,,,,社會-歷史,亞運,A-ūn
103531,京胡,樂器名，擦弦樂器，張二弦。竹製琴筒，音色高亢，主要用於京劇伴奏，故得名。,,,,藝術-音樂,,吊鬼仔,tiàu-kuí-á
103532,併步,併步指前腳先移動，後腳跟上的動作。,,,健康與體育-健康與體育,健康與體育-體育,,併步,pìng-pōo
103533,依賴性,是一種產生生理性或精神性的依賴和需求的現象。,,,健康與體育-健康與體育,健康與體育-健康教育,,依賴性,i-nāi-sìng i-lāi-sìng
103534,兒童文學,專為兒童閱讀或以兒童為本位而創作的文學作品。文字淺明，富有趣味，適合兒童的智力、興趣。如兒歌、神話、童話等。,,語文-國語文,語文-國語文,語文-國語文,語文-國語文,兒童文學,jî-tông bûn-ha̍k
103535,兒童合唱團,以兒童為成員的演唱團體，由若干人分成幾個聲部所組成的以演唱多聲部的曲調為主。由若干人組成的小型樂團。通常有一位主唱，其他團員則負責和音與演奏樂器等。,,藝術-藝術,,,,兒童合唱團,jî-tông ha̍p-tshiùnn-thuân
103536,兒童書,兒童讀物或書籍。,,,綜合活動-綜合活動,,,囡仔冊 囡仔書,gín-á-tsheh gín-á-tsu
103537,兒童期,指介於嬰兒期與青少年期之間的階段。,健康與體育-健康與體育,健康與體育-健康與體育,,健康與體育-健康教育,,兒童期,jî-tông-kî
103538,兒童劇,內容符合兒童經驗，而且受到兒童喜愛的戲劇稱為兒童劇（child play）。,,藝術-藝術,,,,囡仔戲 囡仔齣,gín-á-hì gín-á-tshut
103539,兒童劇場,劇場表演，題材設計主要訴諸對象為年少者。,,,藝術-藝術,,,兒童劇場,jî-tiông kio̍k-tiûnn jî-tiông ki̍k-tiûnn
103540,兒童戲劇,由成人專業兒童劇團演出、供兒童欣賞之高水準戲劇藝術。,,,藝術-藝術,,,兒童戲劇  囡仔戲,jî-tông hì-kio̍k jî-tông hì-ki̍k gín-á-hì
103541,兒歌,為兒童所創作的歌謠。以言語淺白、容易記憶、韻律活潑為特色。,語文-國語文 社會-生活課程 自然科學-生活課程 藝術-生活課程 綜合活動-生活課程,藝術-藝術,藝術-藝術,語文-國語文 藝術-音樂,,囡仔歌,gín-á-kua
103542,兩位小數,在小數點的右邊（小數部分）表示出兩個小數，在百分位上，就是兩位小數。,,,數學-數學,,,兩位小數,nn̄g uī sió-sòo
103543,兩拍,樂譜上八分音符即兩拍。,,藝術-藝術,,,,兩拍,nn̄g-phik
103544,兩棲類,能夠同時生活在水中和陸地動物的統稱。屬脊椎動物，通常為變溫動物。卵多產於水中，幼體用鰓呼吸，長成以後，可生活在陸地上，用肺和皮膚呼吸。通常沒有鱗片及爪，皮膚光滑、潮溼。,,自然科學-自然科學,,,自然科學-地球科學,兩棲類,lióng-tshe-luī
103545,具象主義,認為在人類的認知中，我們對物體之理解與感知，與物體獨立於我們心靈之外的實際存在是一致的。,,,藝術-藝術,,,具象主義,Kū-siōng Tsú-gī
103546,具體描寫,具體而非抽象的以色彩、文字或圖畫等，把事物的形象、情狀表現出來。,,語文-國語文,,,,具體描寫,kū-thé biô-siá kū-thé biâu-siá
103547,刮刀,用來刨削木頭的工具。,,綜合活動-綜合活動,,,,剾刀,khau-to
103548,刮痧,在病人身體的施治部位上順序重複刮動的治療方法。,,健康與體育-健康與體育,,,,掠痧,lia̍h-sua
103549,刻,雕刻、鏤刻。,,,藝術-藝術,,,刻,khik
103550,刻板印象,對某人、事、物或情境獲得印象後，所持的固定的態度或觀念稱為「刻板印象」。當再遇到同類的人事、情境，則給以固著的反應或觀念。,,健康與體育-健康與體育,綜合活動-綜合活動 健康與體育-健康與體育,社會-公民與社會,社會-公民與社會,刻板印象,khik-pán ìn-siōng
103551,協奏曲,泛指一件或數件獨奏樂器和樂團協同演奏，通常為三個樂章。為英語concerto的義譯。由獨奏樂器與管弦樂團以平等地位聯合演奏，既有競爭，亦有協奏的意思。,,藝術-藝術,藝術-藝術 綜合活動-綜合活動,藝術-音樂,藝術-音樂,協奏曲,hia̍p-tsàu-khik
103552,協調能力,協調能力是指決策過程中的協調指揮才能。,健康與體育-健康與體育,,,,,協調能力,hia̍p-tiâu lîng-li̍k
103553,取消鍵,取消處理動作的按鍵。,,,,科技-資訊科技,,取消鍵 取消齒,tshú-siau-kiān tshú-siau-khí
103554,取景,選取景物做為攝影或寫生的對象。,,,藝術-藝術,藝術-表演藝術,,取景,tshú-kíng
103555,受虐,遭受殘暴狠毒的對待。,,,綜合活動-綜合活動,,,予人苦毒 受虐待,hōo lâng khóo-to̍k siū gi̍k-thāi
103556,受精卵,精核和卵結合而成的細胞。,,自然科學-自然科學,自然科學-自然科學,自然科學-生物 健康與體育-健康教育,自然科學-生物,受精卵 有雄卵(家禽),siū-tsing-luán ū-hîng-nn̄g
103557,周長公式,計算圍繞一面積之邊界的長度公式。,,,數學-數學,,,周長公式,tsiu-tn̂g kong-sik
103558,味覺摹寫,修辭學上指對食物入口腔後，刺激味覺感受器，經由味覺神經傳到大腦所產生的知覺的各種描寫。,,,語文-國語文,語文-國語文,,味覺摹寫,bī-kak bôo-siá
103559,呼吸系統,指生物體內將呼吸氣吸入體內並進行氣體交換的系統。,,,自然科學-自然科學 綜合活動-綜合活動,自然科學-生物 健康與體育-健康教育,,呼吸系統,hoo-khip hē-thóng
103560,固定唱名,固定唱名法是把音名C、D、E、F、G、A、B，分別唱做do、re、mi、fa、sol、la、si的唱法。音名和唱名以及五線譜上的位置、鋼琴的鍵盤都是一一對應的關係，它不依調性調式的變化而改變唱法。,,藝術-藝術,,藝術-音樂,,固定唱名,kòo-tīng tshiùnn-miâ
103561,垃圾分類,將垃圾丟置時，做不同性質的分類處理方式。如分成「可燃燒」、「不可燃燒」；或「金屬」、「塑膠」、「紙」、「木石雜物」等，有助於資源回收，是一種進步的環保觀念。,社會-生活課程 自然科學-生活課程 藝術-生活課程 綜合活動-生活課程,自然科學-自然科學,,,,糞埽分類,pùn-sò hun-luī
103562,垃圾場,集中垃圾或廢棄物的地方。,,健康與體育-健康與體育,社會-社會 綜合活動-綜合活動,,,糞埽場,pùn-sò-tiûnn
103563,夜行性,是一種動物行為，形容這些生物會於日間休息，卻在晚間活躍，正好與我們所熟悉的日行性行為相反。,,自然科學-自然科學,,,,夜行性,iā-hîng-sìng
103564,夜鷺,鳥綱鸛形目鷺科。嘴黑，上嘴嚙喙先端有缺刻，頸肥短，有白色飾羽，胸腹白，背覆羽有同色三角斑。,,,自然科學-自然科學,,,暗光鳥,àm-kong-tsiáu
103565,奇幻小說,含有奇幻要素的文學作品。,,,語文-國語文,語文-國語文,,奇幻小說,kî-huàn sió-suat kî-huàn siáu-suat
103566,奈米,微觀尺度的長度單位，1奈米（nm）= 10埃（Å）=10-9m。,,,數學-數學,數學-數學 自然科學-理化,數學-數學,奈米,nāi-bí
103567,季風氣候,因受季風影響而形成的氣候。主要特徵為夏季受海洋氣流影響，高溫多雨；冬季受大陸氣流影響，低溫乾燥。,,,社會-社會,,社會-地理,季風氣候,kuì-hong khì-hāu
103568,宗教舞蹈,宗教文化中一種重要的藝術形式。具有宗教文化的內涵，又具有強烈的舞蹈藝術價值。源於宗教文化的舞蹈活動，是基於宗教活動的需求所形成的某種特定的舞蹈形式。宗教活動中的舞蹈功能，主要在於強化宗教的信仰，豐富宗教的儀式，深化宗教文化的意涵。,,藝術-藝術,,,,宗教舞蹈,tsong-kàu bú-tō
103569,官方語言,一個國家的公民與其政府機關通訊時使用的語言。,語文-國語文,,,社會-地理 社會-公民與社會,,官方語言,kuann-hong gí-giân
103570,定位板,教學教具。,數學-數學,數學-數學,,,,定位枋,tīng-uī-pang
103571,定音鼓,樂器名。一種膜鳴樂器。為英語timpani的義譯。鼓身用銅製成，狀似碗，鼓面蒙皮，以金屬環固定，四周裝有螺絲，可調節皮面的鬆緊，調整所需的音高。因兼有敲擊樂器和定音樂器的性格，所以常用於管弦樂團中，通常五個為一組。,,藝術-藝術,藝術-藝術,藝術-音樂,藝術-音樂,定音鼓,tīng-im-kóo
103572,定價,訂定的價格。,,,數學-數學,,,定價,tīng-kè
103573,定點投籃,定點投籃乃是所有投籃方式的基礎，在罰球線位置原地投籃。,,,健康與體育-健康與體育,,,定點投籃,tīng-tiám tâu-nâ
103574,居住環境,住家周圍的各種居住條件。,,社會-社會,社會-社會 綜合活動-綜合活動,,,蹛的環境,tuà ê khuân-kíng
103575,岩漿,地球內部尚在熔融狀態的流體物質。主要成分為矽酸鹽，也含一些氧化物、硫化物、水、氣體等，冷卻後則形成火成岩。,,,自然科學-自然科學,自然科學-地球科學,自然科學-地球科學,岩漿,gâm-tsiunn giâm-tsiunn
103576,岬,伸入海中的尖形陸地。,,,社會-社會,,,海角,hái-kak
103577,底盤,在汽車、機踏車或拖拉機上，除發動機和車身外，其他所有機件的組合。包括轉向、傳動、制動及行路系統等。,,,自然科學-自然科學,,,底盤,té-puânn
103578,底邊長,在梯形中，互相平行的兩邊的長度。,,數學-數學,,數學-數學,數學-數學,底邊長,té-pinn-tn̂g
103579,弦切角,過圓上同一點的弦與切線所夾的角，稱為弦切角。,,,,數學-數學,,弦切角,hiân-tshiat-kak
103580,弦樂,用弦樂器演奏出的音樂。,,藝術-藝術,藝術-藝術,藝術-音樂,藝術-音樂,弦樂,hiân-ga̍k
103581,弦樂四重奏,弦樂四重奏是一種音樂演奏形式，或是說一種音樂作品，由四把弦樂器負責，通常是兩把小提琴，一把中提琴和一把大提琴。,,,藝術-藝術,藝術-音樂,藝術-音樂,弦樂四重奏,hiân-ga̍k sù-tîng-tsàu
103582,弦樂團,主要由弦樂器家族組成的樂團，一般的西洋弦樂團使用的樂器多為弓弦樂器，如小提琴、中提琴、大提琴和低音大提琴。弦樂團演奏的曲目形式多元，包括弦樂曲、古典音樂、輕音樂、民俗音樂或流行音樂等等。弦樂團的組成沒有標準限制，可由室內樂團少數的12－22人到交響樂團弦樂部的60人。,,藝術-藝術,,,,弦樂團,hiân-ga̍k-thuân
103583,念謠,念謠是臺灣土生土長的說唱藝術，是結合民間文學與民間歌樂的藝術結晶，形式以七言四句押韻為主，俗稱四句連仔或七字仔，大都演唱民間故事、勸世歌、歷史新聞等。,,藝術-藝術,,,,唸謠,liām-iâu
103584,性別,生理學上指男性、女性、雌性、雄性或其他可能的性徵區別。,健康與體育-健康與體育,綜合活動-綜合活動 健康與體育-健康與體育 社會-社會,綜合活動-綜合活動 社會-社會,自然科學-生物 健康與體育-健康教育 社會-公民與社會,自然科學-生物,性別,sìng-pia̍t
103585,性別歧視,在觀念、行為或制度上對於各種性別種種不平等的對待方式。,,,社會-社會,社會-公民與社會,社會-公民與社會,性別歧視,sìng-pia̍t kî-sī
103586,性格,指個體在生活歷程中對人、己、事、物、環境所顯現的獨特個性。,,,健康與體育-健康與體育,社會-公民與社會,,性格 個性,sìng-keh kò-sìng
103587,性教育,關於人類的性表象的教育，內容包括情感關係和責任、人類的性生殖器結構、性行為、性生殖、最低合法性交年齡、生殖健康、生育權、安全性行為、避孕以及性禁慾。涵蓋以上範疇的性教育稱為綜合性性教育。,,,,,健康與體育-健康與護理,性教育,sìng-kàu-io̍k
103588,性荷爾蒙,促進生殖器官發育及第二性徵成熟的內分泌。,,,健康與體育-健康與體育,,,性hoo-lú-bóng,sìng hoo-lú-bóng
103589,性霸凌,以語言、肢體或暴力對他人的身體外表、性別氣質、性取向、性特徵取笑或評論的行為且非屬性騷擾者。包括有關性或身體部位的嘲諷玩笑、評論或譏笑。,健康與體育-健康與體育,,,健康與體育-健康教育 社會-公民與社會,,性霸凌,sìng-pà-lîng
103590,抹布,擦拭用的小塊布。,社會-生活課程 自然科學-生活課程 藝術-生活課程 綜合活動-生活課程 健康與體育-健康與體育,自然科學-自然科學 綜合活動-綜合活動,綜合活動-綜合活動,,,桌布,toh-pòo
103591,抽筋,筋肉痙攣作痛。,健康與體育-健康與體育,健康與體育-健康與體育,健康與體育-健康與體育,自然科學-生物 健康與體育-體育,健康與體育-體育,糾筋 挽脈,kiù-kin bán-me̍h
103592,抽象,泛指籠統概括，難以想像。相對於具體而言。,,,語文-國語文,藝術-表演藝術,語文-國語文,抽象,thiu-siōng
103593,抽象畫,摒棄具體形象，完全憑著直覺和想像作畫。,,藝術-藝術,藝術-藝術,藝術-表演藝術,社會-歷史,抽象畫,thiu-siōng-uē
103594,拉力,拉引的力量。,,自然科學-自然科學,自然科學-自然科學,自然科學-理化 社會-地理,自然科學-物理,搝力,khiú-li̍k giú-li̍k
103595,拉弦樂器,中國民族樂器中的拉弦樂器，又稱弓弦樂器，以各種形制的胡琴為主，如二胡、京胡、板胡等。,,藝術-藝術,,藝術-音樂,,挨絃樂器,e-hiân ga̍k-khì
103596,拋物線,拋擲物體落地時所循的曲線，有一定點與一定直線，聯結其等距的諸點，則成拋物線。,,健康與體育-健康與體育,,數學-數學,數學-數學,拋物線,phau-bu̍t-suànn
103597,拍板,樂器名。一種打擊樂器，由三片堅木組成，兩前一後，以細弦或布帶連結。敲擊時，左手持後板，使下面突起的部分撞擊前面兩塊木板發聲。一般用於戲曲伴奏和器樂合奏，常與板鼓合用。,,藝術-藝術,藝術-藝術,,,拍板,phik-pán
103598,拍號,拍號以分數的形式寫出，分數的值以全音符為一個單位。,,藝術-藝術,藝術-藝術,藝術-音樂,,拍號,phik-hō
103599,拓印,將石碑上的字、畫摹印在紙張上，稱為「拓印」。,社會-生活課程 自然科學-生活課程 藝術-生活課程 綜合活動-生活課程,藝術-藝術,,,,拓印,thok-ìn
103600,拓展,開拓發展。,,綜合活動-綜合活動,綜合活動-綜合活動,,,拓展 開展,thok-tián khai-tián
103601,拔罐,中醫治療方法。,,健康與體育-健康與體育,,,,吊杯 拔封,tiàu-pue pue̍h-hong
103602,拖延,指做事拖拖拉拉不積極。,,,綜合活動-綜合活動,,,延延,iân-tshiân
103603,放大,使圖像、聲音等由小變大。,,,,科技-資訊科技,,放大,hòng-tuā
103604,斧足,屬軟體動物門。體二側對稱，殼左右二枚，無頭、頜及齒舌，但有成對發達的鰓，均為水產。,,自然科學-自然科學,,,,斧足,hú-tsiok
103605,明礬,一種無色透明的結晶體，有澀味，溶於水。可淨化水質或供工業、醫學上之用。,,自然科學-自然科學,,,自然科學-化學,明礬 清礬 礬,bîng-huân tshing-huân huân
103606,服裝儀容,穿著與儀表容貌。,,綜合活動-綜合活動,綜合活動-綜合活動,,,服裝儀容,ho̍k-tsong gî-iông
103607,服飾,服裝和佩飾。,,社會-社會,綜合活動-綜合活動,藝術-視覺藝術 社會-公民與社會,社會-歷史,服飾,ho̍k-sik
103608,松鼠,哺乳綱齧齒目松鼠科。,社會-生活課程 自然科學-生活課程 藝術-生活課程 綜合活動-生活課程,自然科學-自然科學,自然科學-自然科學 綜合活動-綜合活動,,,膨鼠 火鼠 膨尾鼠,phòng-tshí hué-tshí phòng-bué-tshí
103609,板岩,泥岩、粉砂岩等受低度區域變質作用所造成的變質岩，具有良好的板狀結構，為細粒而片理發達、且富含雲母的岩石。,,,自然科學-自然科學,自然科學-地球科學,自然科學-地球科學,板岩  板狀岩,pán-gâm pán-giâm pán-tsōng-gâm pán-tsōng-giâm
103610,枝葉,樹枝和樹葉。,,自然科學-自然科學 健康與體育-健康與體育,,,,枝葉,ki-hio̍h
103611,欣賞,享受美好的事物，領略其中的趣味。,健康與體育-健康與體育,語文-國語文 藝術-藝術 綜合活動-綜合活動 健康與體育-健康與體育 社會-社會,綜合活動-綜合活動,藝術-表演藝術,,欣賞,him-sióng
103612,武俠小說,描寫武林人物、俠義故事的小說。,,,語文-國語文,語文-國語文,,武俠小說,bú-kiap sió-suat bú-kiap siáu-suat
103613,河谷,由河流侵蝕形成的谷地。,,,自然科學-自然科學,社會-地理,社會-地理,河谷,hô-kok
103614,河流,天然水流的統稱。,,自然科學-自然科學 社會-社會,自然科學-自然科學 綜合活動-綜合活動,自然科學-地球科學 社會-地理,,河流,hô-liû
103615,沸騰,液體在一定壓力下，加熱至一定的溫度時，液體表面及內部發生汽化的現象。,,自然科學-自然科學,,自然科學-理化,自然科學-化學,滾 沖沖滾,kún tshiâng-tshiâng-kún
103616,油脂,從動植物體中提取高級不飽和脂肪酸與甘油結合的酯，在常溫下為液體者，稱為「油」；固體者稱為「脂肪」。純油脂為無味、無色、無臭的中性物質，可供食用及製造肥皂、蠟燭等。,健康與體育-健康與體育,健康與體育-健康與體育,綜合活動-綜合活動,自然科學-生物 自然科學-理化 健康與體育-健康教育,自然科學-化學,油脂,iû-tsi
103617,油脂類,從動植物中提取長鏈脂肪酸與甘油結合的酯，在常溫下為液體者，稱為「油」；固體者稱為「脂肪」。純油脂為無味、無色、無臭的中性物質。久置於空氣中，會變色酸敗。為橄欖油、花生油、菜油等的主要成分。可供食用、製肥皂、蠟燭等。,,健康與體育-健康與體育,,,,油脂類,iû-tsi-luī
103618,油漬,物體上所沾染的油汙。,,健康與體育-健康與體育,,,,油跡,iû-jiah
103619,沼澤,水草茂密且樹木、灌木叢生的潮溼泥濘地。主要由於湖泊裡面的物質長期沉積，湖水越來越淺，湖底長滿苔蘚等植物而形成。,,自然科學-自然科學,,,社會-地理,湳地 湳仔,làm-tē làm-á
103620,沼澤地,分布在各大河的出海口、海岸邊或是內陸排水不良的窪地。,,社會-社會,,,,澹水地 湳仔地,tâm-tsuí-tē làm-á-tē
103621,法規,法規（英語：Statute；制定法）是由立法機關正式明文寫成的律例，用以管治國家、城市或地方。,,,社會-社會,社會-地理 社會-公民與社會,社會-公民與社會,法規,huat-kui
103622,泡棉膠,以EVA或者是PE泡棉為基材，在其一面或兩面塗以溶劑型（或熱熔型）壓敏膠再復以離型紙製造而成。具有密封、減震的作用。具有出色的密封性、抗壓縮變形性、阻燃性、浸潤性等。,,,藝術-藝術,,,泡棉膠,phàu-mî-ka
103624,牧夫座,星座名。位於獵犬座與仙后座之間。包含明亮的大角星。,,,自然科學-自然科學,,,牧夫座,Bo̍k-hu-tsō
103625,物流中心,批發供應連鎖商店貨物的進出貨中心。因進出貨量龐大，可藉此提高貨品迴轉率、達到合理庫存量、降低貨物成本，以增加商店利潤營收。,,,,科技-生活科技,,物流中心,bu̍t-liû tiong-sim
103627,直立式鋼琴,直立式鋼琴中的琴弦是垂直豎起，可讓空間更有效利用。,,藝術-藝術,,,,坦徛鋼琴 直立式鋼琴,thán-khiā kǹg-khîm ti̍t-li̍p-sik kǹg-khîm
103628,直式加法,可用垂直的方式來排列計算的值，並且個位數與十位數分別對齊，接著則將計算的結果寫於橫線之下的加法。,數學-數學,,,,,直式加法,ti̍t-sik ka-huat
103629,直式信封,標準信封格式。收件人姓名書於中央，地址書於右側，郵遞區號以阿拉伯數字端正書於右上角紅框格內。寄件人地址、姓名書於左下側，郵遞區號以阿拉伯數字書於左下角紅框格內。郵票貼於左上角。,語文-國語文,,,語文-國語文,,直式批囊  直式批殼,ti̍t-sik phue-lông ti̍t-sik phue-long ti̍t-sik phue-khak
103630,直式乘法,兩個相乘的數可用垂直的方式來排列，並且個位數與十位數分別對齊，接著則將相乘的結果寫於橫線之下。,,數學-數學,,,,直式乘法,ti̍t-sik sîng-huat
103631,直式減法,可用垂直的方式來排列計算的值，並且個位數與十位數分別對齊，接著則將計算的結果寫於橫線之下的減法。,數學-數學,,,,,直式減法,ti̍t-sik kiám-huat
103632,直角坐標系,座標系的一種。,,,,數學-數學,數學-數學,直角坐標系,ti̍t-kak tsō-piau-hē ti̍t-kak tsō-phiau-hē
103633,直角柱,側棱垂直於底面的角柱叫做直角柱。,,,數學-數學,數學-數學,,直角柱 屈尺角柱,ti̍t-kak-thiāu khut-tshioh-kak-thiāu
103634,直角記號,用來標記直角90度的符號，通常會在直角處加上一橫、一豎構成一個小正方形。,,數學-數學,,,,直角記號 屈尺角記號,ti̍t-kak kì-hō khut-tshioh-kak kì-hō
103635,直角規,一種度量兩平面是否垂直或畫直角線的工具。,,,,科技-生活科技,,屈尺,khut-tshioh
103636,直排輪,一種改良式的滑輪溜冰鞋。比較傳統舊有的雙排滑輪鞋，此種型式的輪刀鞋，鞋底下只有中間一排滑輸，滑行時行動更方便、速度也更快。也稱為「直排溜冰鞋」。,健康與體育-健康與體育,健康與體育-健康與體育,綜合活動-綜合活動,,,直排輪,ti̍t-pâi-lûn
103637,直轄市,由中央政府直接管轄的都市。如臺北市、高雄市。,,社會-社會,社會-社會,社會-地理,社會-歷史,直轄市,ti̍t-hat-tshī
103638,知識,學問、所知道的事理。,語文-國語文 社會-生活課程 自然科學-生活課程 藝術-生活課程 綜合活動-生活課程,語文-國語文 綜合活動-綜合活動 健康與體育-健康與體育 社會-社會,綜合活動-綜合活動,,語文-國語文,智識,tì-sik
103639,社會服務,以解決、預防社會問題或調劑人與人之關係為起點，發動組織力量，利用有系統的活動，改善處在不利情況下之人們的生活狀況，進而達到促進社會進步目的的服務。,,,綜合活動-綜合活動 社會-社會,,社會-歷史,社會服務,siā-huē ho̍k-bū
103640,社會救助,社會行政機構或私立社會福利機構，對貧苦、失依、不幸或遭遇其他困難、無力自助之個人或家庭，所提供的經濟援助或其他服務。,,,社會-社會,社會-公民與社會,社會-公民與社會,社會救助,siā-huē kiù-tsōo
103641,社會責任,指一個人有義務為了整個社會的利益而與其他個人和組織一起工作和合作。社會責任是每個人都必須履行的責任，以保持經濟與生態系統之間的平衡。,,,社會-社會,,,社會責任,siā-huē tsik-jīm
103642,社會階級,社會中具有同等財富、權力、聲望地位的人所構成的群體。同一個社會階級的成員經常具有類似的價值、品味、態度與行為。,,,社會-社會,健康與體育-健康教育 社會-地理 社會-歷史,,社會階級,siā-huē kai-kip
103643,空手道,不帶任何武器的徒手空拳武術。,,,健康與體育-健康與體育,健康與體育-體育,,空手道,khang-tshiú-tō
103644,空白鍵,鍵盤上可輸入空格的按鍵。,,,,科技-資訊科技,,空白鍵 空白齒,khàng-pe̍h-kiān khàng-pe̍h-khí
103645,空地,沒有加以利用或空無所有的地。,健康與體育-健康與體育,綜合活動-綜合活動,,,,空地,khàng-tē
103646,肢體霸凌,通常是指人與人之間權力不平等的欺凌與壓迫，它一直長期存在於社會中，包括肢體（肉體上的欺凌行為）的攻擊。,健康與體育-健康與體育,,,健康與體育-健康教育 社會-公民與社會,健康與體育-健康與護理,肢體霸凌,ki-thé pà-lîng
103647,肥胖,因體內脂肪積存過多，以致造成形體粗大的現象。,健康與體育-健康與體育,健康與體育-健康與體育,健康與體育-健康與體育,,健康與體育-健康與護理,大箍,tuā-khoo
103648,肩上發球,又稱「高手發球」，是排球運動中扣球技術的基礎技巧，屬於非跳躍姿勢的扣球。,,,健康與體育-健康與體育,健康與體育-體育,健康與體育-體育,懸發球,kuân-huat-kiû
103649,肺,動物的呼吸器官之一。以人體言，位於胸腔，分左右兩扇，左二葉，右三葉。,,自然科學-自然科學,,自然科學-生物 健康與體育-健康教育,,肺,hì
103650,肺泡,位於最小支氣管的末端，是肺臟的實質組織最末端的分支，形似小泡。由單層薄膜構成，外繞微血管，血液在此進行氣體交換。成人肺中肺泡數目約為3億個。也稱為「氣胞」。,,,健康與體育-健康與體育,自然科學-生物 健康與體育-健康教育,自然科學-化學,肺泡,hì-phàu
103651,肺炎,肺臟發炎的病症。會出現發燒、發冷、咳嗽、咯痰、胸疼及呼吸困難等症狀，常由細菌、病毒等引起。,,,健康與體育-健康與體育,健康與體育-健康教育,健康與體育-健康與護理,肺炎,hì-iām
103652,肺活量,為用力吸氣後盡力呼出的氣體總量，能夠反映一次呼吸時的最大通氣能力。,,,健康與體育-健康與體育,健康與體育-健康教育,,肺活量,hì-ua̍h-liōng
103653,肺癌,是惡性的肺部腫瘤，肇因於肺部組織細胞不受控制地生長。,,,健康與體育-健康與體育,健康與體育-健康教育,,肺癌,hì-gâm
103654,肺臟,物的呼吸器官之一。以人體言，位於胸腔，分左右兩扇，左二葉，右三葉。,,,,自然科學-生物,健康與體育-體育,肺臟,hì-tsōng
103655,臥鉤,漢字組成的基本筆畫。,語文-國語文,,,,,䖙鉤,the-kau thenn-kau
103656,芭蕾舞,歐洲古典舞劇的統稱。芭蕾為英語ballet的音譯。起源於15世紀義大利宮廷，為一種典雅帶有戲劇性的舞蹈。有一套完整的訓練方式，強調足尖舞蹈技巧，並以動作表現多種感情。舞者必須保持高度平衡及輕盈，展現高尚文雅的儀態。,,,,藝術-表演藝術,藝術-音樂,芭蕾舞,pa-lê-bú
103657,花瓶,供插花的瓶子。,健康與體育-健康與體育,藝術-藝術,,,,花瓶 花矸,hue-pân hue-kan
103658,花蜜,植物蜜腺之分泌物，為一種含有糖分之蜜汁。,社會-生活課程 自然科學-生活課程 藝術-生活課程 綜合活動-生活課程,自然科學-自然科學,自然科學-自然科學,自然科學-生物,,花蜜,hue-bi̍t
103659,花磚,瓷磚。一種質地細緻的磚。表面經塗釉處理，具有瓷器般的光澤。,,藝術-藝術,,,,花磚,hue-tsng
103660,花蕊,花朵中心細鬚的部分。有雄蕊、雌蕊的分別，為植物的生殖器官。,,自然科學-自然科學,,,,花蕊 花心,hue-luí hue-sim
103661,虎克定律,彈簧或彈性物體在其彈性限度內，形變與恢復力成正比。,,,自然科學-自然科學,自然科學-理化,自然科學-物理,虎克定律,Hóo-khik tīng-lu̍t
103662,表面,物體跟外界接觸的部分。,,自然科學-自然科學,自然科學-自然科學 數學-數學,自然科學-生物 數學-數學,,表面,piáu-bīn
103664,金牛座,1.星座名。位於北天，為黃道星座之一，在雙子座與白羊座之間，相當於中國的昴宿、畢宿。包含亮星畢宿五。目前夏至點在此星座內。 2.在西洋的占星術中，被視為主宰4月21日至5月22日前後的命宮。,,,自然科學-自然科學,,,金牛座,Kim-gû-tsō
103665,金星,行星名。距離太陽第二近的行星，較地球略小。屬於類地行星。外觀呈現淡黃色，擁有濃厚大氣層，溫室效應劇烈，是太陽系中最熱的行星。中國古代，將日出前出現在東方的金星稱為「啟明」，黃昏時出現在西方的金星則稱為「長庚」。,,,自然科學-自然科學,自然科學-地球科學,自然科學-地球科學,金星,Kim-tshenn
103666,金剛石,一種礦石。由純炭質而成，為八面或十二面體的結晶。硬度最高，其佳者無色透明，折光力極強，可製飾物及切割玻璃、岩石等材料。也稱為「金剛鑽」、「鑽石」。,,,自然科學-自然科學,自然科學-地球科學,自然科學-化學,金剛石,kim-kong-tsio̍h
103668,長度單位,長度單位是指丈量空間距離上的基本單位。,,,數學-數學,自然科學-理化,,長度單位,tn̂g-tōo tan-uī
103669,長笛,樂器名，吹管樂器。橫吹，無簧木管樂器。早期的長笛是烏木或椰木製，現多半用合金或銀製成。可分成吹口管、本管、尾管三部分；吹口管上有一個吹口，本管上有十三個音孔，每孔有鍵盤，尾管上有鍵機。為英語Flute的義譯。音色純潔清澄，有田園的清雅風味，可獨奏或合奏，為現代管弦樂團或木管室內樂中主要的高音旋律樂器。,,藝術-藝術,自然科學-自然科學 藝術-藝術,藝術-音樂,藝術-音樂,長𥰔仔,tn̂g-phín-á
103670,長處,好處、優點。,,綜合活動-綜合活動 社會-社會,綜合活動-綜合活動,,,優點,iu-tiám
103671,長號,樂器名，吹管樂器。也稱為「伸縮號」、「伸縮喇叭」，是銅管樂器的成員之一，利用一條可以伸縮長短的彎管來發出高、低不同的音調。大約於西元1400年出現於歐洲，當時稱為低音喇叭，是所有管樂器中唯一可以不使用活塞按鍵來產生最接近人聲的樂器。,,,藝術-藝術,藝術-音樂,藝術-音樂,長號 伸勼喇叭,tn̂g-hō tshun-kiu lá-pah
103672,長頓點,漢字組成的基本筆畫。,語文-國語文,,,,,長頓點,tn̂g-tùn-tiám
103673,長篇,人物眾多、情節複雜、篇幅長。,,語文-國語文,,,語文-國語文,長篇,tn̂g-phinn
103674,阻撓,阻擋、妨礙。,,,綜合活動-綜合活動,,,阻礙,tsóo-gāi
103676,阿美族竹鼓,屬原住民打擊樂器「裂痕鼓」的一種，為阿美族所特有。竹鼓製作以兩端有節的大型竹筒為材料，過去是選用藤皮細絲環狀纏繞於竹筒兩端，製成閉口型的裂痕鼓，然後將鼓懸掛起來用一對木槌敲打。竹鼓演奏方式共有四種，可放在腿上、垂於胸前、懸於樹枝及置於地上。竹鼓的節奏強烈，除可在祭典歌舞時伴奏外，亦作為旱稻、小米成熟時驅趕飛禽之用。,,,藝術-藝術,,,Amis族竹鼓 Amis竹鼓,A-bí-tso̍k tik-kóo A-mí-suh tik-kóo
103677,陀螺,一種木頭製的圓錐形玩具。,社會-生活課程 自然科學-生活課程 藝術-生活課程 綜合活動-生活課程,社會-社會,健康與體育-健康與體育 綜合活動-綜合活動,健康與體育-體育,,干樂,kan-lo̍k
103678,附錄,附於正文之後的記錄或參考資料。,,,語文-國語文,語文-國語文,,附錄,hù-lo̍k hù-lio̍k
103679,附點二分休止符,如以四分音符為一拍，二分休止符是二拍附點二分休止符就是休止三拍。,,藝術-藝術,,藝術-音樂,,附點二分休止符,hù-tiám jī-hun hiu-tsí-hû hū-tiám jī-hun hiu-tsí-hû
103681,附點八分音符,以四分音符為一拍，附點八分音符為半拍，是四分之三拍。,,藝術-藝術,藝術-藝術,藝術-音樂,,附點八分音符,hù-tiám peh-hun im-hû hū-tiám peh-hun im-hû
103684,附點音符,音符的一種。分單複二種：單附點音符，即單純音符符頭之右旁加一小點，其音長較原有音符加二分之一；複附點音符即於單附點音符符頭之右旁再加一小點，其音長較原有音符加四分之三。,,,藝術-藝術,,藝術-音樂,附點音符,hù-tiám im-hû hū-tiám im-hû
103685,附屬應用程式,附屬在作業系統的程式。,,,,科技-資訊科技,,附屬應用程式,hù-sio̍k ìng-iōng tîng-sik hù-sio̍k ìng-iōng thîng-sik hū-sio̍k ìng-iōng tîng-sik hū-sio̍k ìng-iōng thîng-sik
103686,雨林,一種分布在終年高溫多雨地區的森林類型。樹種繁多，大多由闊葉常綠喬木組成，樹幹高大，株距很密，通常分布在赤道附近的潮溼熱帶高地和低地。,,,自然科學-自然科學 社會-社會,,,雨林,ú-lîm
103687,雨層雲,暖溼空氣上升遇冷，水氣大量凝結所形成的雲。顏色灰暗，成層狀而厚。,,,自然科學-自然科學,,社會-地理,雨層雲,hōo-tsân-hûn
103688,青年期,生理學上常將青年期界定為居於青春期（puberty）與成熟之間的時期；具體言之，當個體出現第一性徵和第二性徵時，即為青年期的起點。唯個人出現性徵的時間有很大的差異，有的早在9、10歲即開始，有的則延至14、15歲才出現。此外，男女生出現性徵的時間亦有差別。青年期的個體在軀體、情緒和認知發展方面皆有很大的變化。,,,健康與體育-健康與體育,,,青年期,tshing-liân-kî
103689,青壯年期,一般是指年齡在31－40歲（或41歲）周歲年紀的成人。,健康與體育-健康與體育,,,,,青壯年期,tshing-tsòng-liân-kî
103690,青黴素,從青黴菌培養液中分離製出的抗生素。為英國人弗萊明（Alexander Fleming）所發現。對葡萄球菌、鏈球菌、淋球菌、肺炎雙球菌等有抑制作用。也稱為「盤尼西林」。,,,自然科學-自然科學 社會-社會,自然科學-生物,自然科學-化學,青黴素 phe-ní-sí-lín,tshenn-bî-sòo phe-ní-sí-lín
103691,青黴菌,是最常見的真菌（半知菌）中的一種。肉眼可見其孢子的顏色為藍綠色，因而得名。但是並非所有青黴屬的黴菌都為藍綠色，也有白色或者綠色。在顯微鏡下，可見其呈筆一樣形狀的筆狀體（penicillus）構造，尖端上帶有孢子。,,,自然科學-自然科學,自然科學-生物,,青黴菌,tshenn-bî-khún
103692,便祕,糞便在大腸停留的時間過長，水分被大量吸收，造成大便乾硬不易排出的現象。,,健康與體育-健康與體育,健康與體育-健康與體育,健康與體育-健康教育,健康與體育-健康與護理,祕結,pì-kiat
103693,俗名,一時或一地內，通俗傳用的名稱。,,,自然科學-自然科學,自然科學-生物,,俗名 土名,sio̍k-miâ thóo-miâ
103694,俗諺,流傳於地方的通俗語詞。,,,語文-國語文,語文-國語文,語文-國語文,俗諺 俗語 俗語話,sio̍k-gān sio̍k-gí sio̍k-gí-uē
103695,保母,替人保育子女的婦人。,,健康與體育-健康與體育,社會-社會,,,奶母,ling-bú lin-bú ling-bó lin-bó
103696,保育,對天然資源的保護及合理利用。,,自然科學-自然科學 綜合活動-綜合活動,綜合活動-綜合活動 社會-社會,自然科學-生物 社會-地理,,保育,pó-io̍k
103697,保育類動物,保育類動物所指的是瀕臨絕種，珍貴稀有及其他應予保育的動物。,,自然科學-自然科學,綜合活動-綜合活動 社會-社會,,,保育類動物,pó-io̍k-luī tōng-bu̍t
103699,保麗龍膠,保麗龍膠是一般乳狀膠，專使用於黏貼珍珠板等材質。,,藝術-藝術,藝術-藝術,,,pho-lé-lóng膠,pho-lé-lóng-ka
103700,保齡球,1.一種室內球類運動。比賽每局十輪，每輪每人擲兩次球。運動員將球向前滾出，沿木製球道擊倒末端十個呈三角形排列的木瓶。一次把球瓶全部擊倒稱為「一次全倒」，若未全部擊倒，則需拿出死瓶再擲第二個球。擊倒的球瓶越多，所得分數越高。 2.保齡球運動所使用的球。直徑約21.6公分，重量不超過7.3公斤。以橡皮、塑膠等材料製成。球面上有三個指孔用以握球。,健康與體育-健康與體育,,,,,保齡球,pó-lîng-kiû
103701,削皮器,用來削去蔬果外皮的器具。,,綜合活動-綜合活動,,,,剾仔,khau-á
103703,前後文意,前後文章段落的意思。,,語文-國語文,,,,前後文意,tsîng-āu bûn-ì
103704,前滾翻,是體操運動的基礎動作之一。前滾翻由蹲撐開始。人重心前移，兩腿蹬直離地，同時屈膝，低頭、含胸、提臀，以頭的後部在兩手支點前著墊，依次經頸、背、腰、臀向前滾動。當滾至背部著墊時迅速收腹屈膝，人上體緊跟大腿團身抱膝成蹲立。,,健康與體育-健康與體育,健康與體育-健康與體育,健康與體育-體育,健康與體育-體育,捙畚斗,tshia-pùn-táu
103705,前踢,跆拳道基本姿勢的開始。右腳蹬地髖關節向左旋轉，右腿以髖關節為軸屈膝上提。當大腿抬至水平或稍高時，關節向前送，向前頂，小腿以膝關節為軸快速向前上方踢出，力達腿尖，整條腿踹直。踢擊後迅速放鬆，右腿沿原路線彈回，將右腳放置在左腳前面仍成實戰姿勢。動作要領：膝關節夾緊，小腿放鬆，要有彈性；往前送，高踢時往上送；小腿回收與前踢的速度一樣快。主要攻擊部位有面部，下頦，腹部，襠部。前踢亦可用於防守。,,健康與體育-健康與體育,健康與體育-健康與體育,健康與體育-體育,,前踢,tsîng-that
103706,南北管,即「南管」、「北管」。南管是宋元以後，流行於福建、臺灣及東南亞地區的古樂。它和古代的樂曲有密切的關係，且逐步融和了當地的民間音樂。歌者執拍板，伴奏樂器以琵琶為主，再配以洞簫、三弦、二弦、四塊板等樂器。南管樂曲通常分為指、譜、曲三種。其音樂平和端雅，因曾在乾隆皇帝前演奏，而有御前清音的雅號。也稱為「南樂」。北管是流行在臺灣民間的大陸北方官話語系戲劇。以皮黃戲、梆子戲為主。也稱為「亂彈」、「亂彈戲」、「子弟戲」。,,藝術-藝術,,,,南北管,Lâm-pak-kuán
103707,南胡,樂器名。一種胡琴，屬拉弦樂器。木製琴筒，琴桿較長，蒙以蛇皮或蟒皮，聲音柔和圓潤，因流行於江南一帶，南方人稱為「南胡」。,,,藝術-藝術,藝術-音樂,,南胡 二胡,lâm-ôo jī-ôo
103708,南拳,中國南派拳術的通稱。派別眾多，一般以龍、虎、豹、蛇、鶴等五種拳法為基礎，各派又分若干流派。通常與北腿對稱。,,,健康與體育-健康與體育,,,南拳,Lâm-kûn
103709,南海,位於中國南方的海洋。自臺灣海峽經福建南端至廣東之雷州半島、海南半島一帶的海面。,,,社會-社會,社會-地理,社會-歷史,南海,Lâm-hái
103710,南管,宋元以後，流行於福建、臺灣及東南亞地區的古樂。它和古代的樂曲有密切的關係，且逐步融和了當地的民間音樂。歌者執拍板，伴奏樂器以琵琶為主，再配以洞簫、三弦、二弦、四塊板等樂器。南管樂曲通常分為指、譜、曲三種。其音樂平和端雅，因曾在乾隆皇帝前演奏，而有御前清音的雅號。也稱為「南樂」。,,,,藝術-音樂,社會-歷史,南管,Lâm-kuán
103711,南管音樂,宋元以後，流行於福建、臺灣及東南亞地區的古樂。它和古代的樂曲有密切的關係，且逐步融和了當地的民間音樂。歌者執拍板，伴奏樂器以琵琶為主，再配以洞簫、三弦、二弦、四塊板等樂器。南管樂曲通常分為指、譜、曲三種。其音樂平和端雅，因曾在乾隆皇帝前演奏，而有御前清音的雅號。也稱為「南樂」。,,藝術-藝術,藝術-藝術,藝術-音樂,,南管音樂,Lâm-kuán im-ga̍k
103712,南管樂,1.宋元以後，流行於福建、臺灣及東南亞地區的音樂。以古代的樂曲融合當地的民間音樂而成。歌者執拍板，伴奏樂器以琵琶為主，再配以洞蕭、三弦、二弦、四塊板等。南管樂曲通常分為指、譜、曲三種。 2.一種以南管樂曲為主的地方戲劇總稱。主要流行於閩南、臺灣及東南亞。以閩南方言發音，多半為文戲。,,,藝術-藝術,,,南管樂,Lâm-kuán-ga̍k
103713,南鯤鯓代天府,寺廟名，位於臺灣臺南市北門區之王爺廟，為臺灣五府千歲的王爺總廟，主祀「代天巡狩」李、池、吳、朱、范 府千歲五府千歲。廟址在臺南市之西北方，位居槺榔山虎峰，俗稱南鯤鯓王爺廟、南鯤鯓王爺宮，並與歸仁保西代天府、佳里金唐殿一同被稱為「南瀛古三大代天府」。也是臺南面積最大廟宇。,,,社會-社會,,,南鯤鯓代天府,Lâm-khun-sin Tāi-thian-hú
103714,厘米,量詞。計算長度的單位。一厘米等於百分之一公尺。,,,數學-數學,自然科學-理化,,厘米,lî-bí
103715,厚度,扁平物體兩面之間的距離。,數學-數學,,數學-數學,,,厚度,kāu-tōo
103717,品德故事,關於品性道德的傳說中的舊事，或杜撰的事情。,,語文-國語文,,,,品德故事,phín-tik kòo-sū
103718,垂直平分,一直線垂直於一線段，且經過這線段的中點。,,,數學-數學,數學-數學,,垂直平分 墜直平分,suî-ti̍t pîng-hun tuī-ti̍t pîng-hun
103719,垂直傳染,致病原經由胎盤血液進入胎兒體內，如愛滋病、B型肝炎、梅毒等。,,,健康與體育-健康與體育,健康與體育-健康教育,,垂直傳染,suî-ti̍t thuân-jiám
103720,城市,有寬廣繁盛的街道，人口集中，為政治、經濟、文化的中心。,,綜合活動-綜合活動,綜合活動-綜合活動 社會-社會,社會-地理,,城市,siânn-tshī
103721,娃娃魚,動物名。脊椎動物亞門兩棲綱有尾目。外形似蠑螈，身體扁長，頭部扁圓，眼小口大，四肢短，前肢有四趾，後肢五趾。棲於溪流岸旁洞穴，捕食蛙及魚類。能登樹食山椒皮，體臭略帶山椒味，因其聲音像嬰兒哭聲。也稱為「大鯢」、「山椒魚」、「人魚」、「娃娃魚」。,,,自然科學-自然科學,,,囡仔魚,gín-á-hî
103723,客製化,依個人需求製作。,,,,社會-公民與社會,,定做 訂做,tiānn-tsò tīng-tsò
103725,宣言,政府、政黨或其他團體為說明對事件的主張、態度或立場所發表的言論或文件。,,健康與體育-健康與體育,,社會-公民與社會,,宣言,suan-giân
103726,宣紙,一種高級的書畫用紙。原產於安徽省宣城縣。以橝樹皮和稻稈為原料製成。紙質細密均勻，柔軟潔白，經久不變色，不易蛀蝕，適合創作中國書畫。,語文-國語文,,,藝術-視覺藝術,,宣紙,suan-tsuá
103727,室女座,1.星座名。位於天球赤道，為黃道星座之一，在獅子座與天秤座之間。包含亮星角宿一。目前秋分點在此星座內。 2.在西洋占星術中稱為處女座，被視為主宰8月23日至9月22日前後的命宮。,,,自然科學-自然科學,,,室女座,Sik-lú-tsō
103728,室內樂,1.廣義的是指在小型廳堂中演奏的音樂，從獨唱、獨奏到十多人編制的樂曲。 2.狹義的是指18世紀以來，多在歐洲貴族宮廷中演奏的小型器樂曲，一般是2－8人的編制，每樣樂器擔任一個聲部，通常不含獨奏，例如小提琴奏鳴曲、鋼琴三重奏、弦樂四重奏、木管五重奏。,,藝術-藝術,,,藝術-音樂,室內樂,sik-lāi-ga̍k
103729,室宿一,室宿一是飛馬座的第3亮星，也是組成飛馬座四邊形的四顆恆星中的一員。英文名Markab。室宿一是一顆相對中等的恆星，處於接近其進化歷程的末端的主序星階段。室宿一即將進入氦燃燒階段而逐漸膨脹為一顆紅巨星。它在其生命最終階段將和太陽一樣成為白矮星。,,,自然科學-自然科學,,,室宿一,Sik-siù-it
103730,室宿二,室宿二是在飛馬座的一顆恆星，它固有的英文名字是Scheat，但這個名字有時也用來稱呼羽林軍二十六，因此會造成混淆。和像太陽這樣的恆星比較，室宿二在恆星中是表面溫度是較低的亮星。室宿二是一顆紅巨星，比太陽大95倍，亮度是太陽的1500倍。它也是一顆不規則變星，視星等在+2.31－+2.74之間變動。,,,自然科學-自然科學,,,室宿二,Sik-siù-jī
103731,封殺出局,棒球比賽時，進攻球隊打擊出去時，因擊球員成為跑壘員，防守隊員持球或傳球使強迫進壘的跑壘員出局的動作。,,健康與體育-健康與體育,,,,封殺 封殺出局,hong-sat hong-sat tshut-kio̍k
103732,帝雉,動物名。鳥綱雞形目雉科。圍眼部裸出，紅色。尾羽比身體長，有白色橫紋。雌鳥體型較雄鳥小。臺灣亦產，大多棲息在中央山脈針葉林中，性善隱蔽，不易被發現。,,,自然科學-自然科學,,,烏雉雞,oo-thī-ke
103734,後天免疫缺乏症候群,病名。由愛滋病毒所引起，一般經由血液或性行為傳染，能破壞人類的免疫系統，使人體失去抵抗疾病的能力。英文簡稱為AIDS。也稱為「愛滋病」。,,健康與體育-健康與體育,,健康與體育-健康教育,,後天免疫缺乏症候群,hiō-thian bián-i̍k khuat-hua̍t tsìng-hāu-kûn
103735,後滾翻,體操動作。,,,健康與體育-健康與體育,健康與體育-體育,健康與體育-體育,倒拋,tò-pha
103736,後衛,足球或籃球等比賽中，以擔任防守為主要角色的球員。,,,健康與體育-健康與體育,,,後衛,hōo-uē āu-uē
103737,後踢,後踢是跆拳道比賽中最為常用的動作之一，也是運動員反擊對方進攻的主要技術。有些人將之稱為「虎尾腿」。,,,健康與體育-健康與體育,,,後踢,āu-that
103738,急性肝炎,指肝臟受到急性破壞，肝指數GOT、GPT瞬間上升。,,,健康與體育-健康與體育,,健康與體育-健康與護理,急性肝炎,kip-sìng kuann-iām
103740,急救,對病症或意外受傷所做的緊急救治。,,健康與體育-健康與體育,綜合活動-綜合活動,健康與體育-健康教育 社會-公民與社會,健康與體育-健康與護理,急救,kip-kiù
103741,拱門,帶有弧形的門。,,,藝術-藝術,,,圓栱門,uân-kong-mn̂g
103742,拼貼,拼湊黏貼。,,藝術-藝術,藝術-藝術,藝術-視覺藝術,藝術-美術,拼貼,phing-tah
103743,拼貼法,又稱「特藝彩色」，是用照相方法製作模片，用三色套版印刷方式生產彩色影片的工藝。,,,藝術-藝術,藝術-視覺藝術,,拼貼法,phing-tah-huat
103744,拼貼畫,拼貼畫（Collage），是為使用黏合劑把實物貼在畫面上的一種特殊技法的意思，並有其獨自的繪畫意義。該手法是由西元1911年喬治·布拉克所創造，因有其獨特的繪畫意義，所以與一般的「剪畫」「貼畫」不同。,,藝術-藝術,藝術-藝術,,,拼貼畫,phing-tah-uē
103745,拾荒,拾荒，現代用語為收資源回收的。,,,綜合活動-綜合活動,,,抾字紙,khioh jī-tsuá
103746,指示符號,與對象之間有存在性的關聯，具有邏輯關係性的記號。,,,語文-國語文,,,指示符號,tsí-sī  hû-hō
103747,指示藥,藥性溫和，安全性較「處方藥」高，由醫師或藥事人員推薦並且指示用法之藥品。,,,健康與體育-健康與體育,,健康與體育-健康與護理,指示藥,tsí-sī-io̍h
103748,指針,鐘錶或儀表上用以標示時間或度數的針。,,數學-數學 自然科學-自然科學,自然科學-自然科學,,,指針,tsí-tsiam
103749,指揮法,音樂術語。樂團指揮是領導協助樂團在彩排和演出時之音樂進行。指揮通常是用指揮棒和手勢，及表情來暗示或控制音樂進行時的情況，如拍子的更換和速度的變化、音色與力度的掌控和對比，聲部的進出時間和節奏之清晰及整齊度等。,,,藝術-藝術,藝術-音樂,藝術-音樂,指揮法,tsí-hui-huat
103750,指數律,數學算式名稱。,,,,數學-數學,數學-數學,指數律,tsí-sòo-lu̍t
103751,指標,以可觀察或測量的現象，作為另一無法測量事物的情況或屬性的指示。,,健康與體育-健康與體育 社會-社會,,藝術-表演藝術,,指標,tsí-piau tsí-phiau
103753,挑選,擇取、揀選、選擇。,,綜合活動-綜合活動,,,,挑選 揀,thiau-suán kíng
103754,星光,星的光芒。,,自然科學-自然科學,,,,星光,tshenn-kng
103755,星宿,天空的列星。,,,自然科學-自然科學,,自然科學-地球科學,星宿,sing-siù
103756,星球,宇宙中的星體，由於多呈圓球形，故稱為「星球」。,,自然科學-自然科學,自然科學-自然科學,自然科學-地球科學,,星球,sing-kiû tshenn-kiû
103757,星象,星體的明、暗、薄、蝕等現象，古人往往據此推測人事的吉凶禍福。,,,自然科學-自然科學,,,星象,sing-siōng tshenn-siōng
103758,星雲,呈雲霧狀的發光天體，由宇宙氣體和宇宙塵所構成。,,,自然科學-自然科學,自然科學-地球科學,自然科學-地球科學,星雲,sing-hûn tshenn-hûn
103759,星圖,依照天體位置繪製而成的圖，猶如地圖繪製地球表面。,,,自然科學-自然科學,,,星圖,sing-tôo tshenn-tôo
103760,星體,星球。,,,自然科學-自然科學,,自然科學-地球科學,星體,sing-thé tshenn-thé
103761,春聯,農曆新年時，以紅紙書寫並張貼在門兩側的吉祥聯語。,社會-生活課程 自然科學-生活課程 藝術-生活課程 綜合活動-生活課程,語文-國語文,,語文-國語文,,春聯,tshun-liân
103762,枯水期,一區域在一年中降雨量特別稀少的時期。此時容易出現乾旱缺水的現象。,,自然科學-自然科學,社會-社會,社會-地理,,焦水期,ta-tsuí-kî
103763,染布,著色於布帛等物體上的動作。,,,綜合活動-綜合活動,,社會-歷史,染布,ní-pòo
103764,染印法,是一種以工業規模大量生產彩色片的方法。,,,藝術-藝術,,,染印法,ní-ìn-huat
103766,柔道,一種徒手搏擊的武術運動。由中國柔術傳至日本發展而成。攻防、對練時以柔能克剛、剛柔並濟為特點，近似於摔跤。,,,,健康與體育-體育,健康與體育-體育,柔道,jiû-tō
103767,柱狀玄武岩,為火山噴出的超基性火山岩。主要由鈣質斜長石、斜輝石類的礦物所組成。由於其凝結後產生六方晶體節理，被風化後形成六方柱狀。,,,自然科學-自然科學,社會-地理,社會-地理,柱狀玄武岩,tsū-tsōng hiân-bú-gâm tsū-tsōng hiân-bú-giâm
103768,柳琴,樂器名，彈撥樂器。形似琵琶而略小，通體長約65公分。早期為二弦、三弦，今有四軫，四弦，一般為二十四品位，亦有增加到廿八品位，按半音排列。流行於山東、江蘇、安徽三省交界處，是柳琴戲、泗州戲和亂彈的主要伴奏樂器，亦用於常州絲弦。近年成為民族樂團的高音樂器，開始出現獨奏曲和協奏曲。也稱為「柳葉琴」、「土琵琶」、「小琵琶」、「金剛腿」。,,,藝術-藝術,藝術-音樂,,柳琴,liú-khîm
103769,毒品,刑法上指鴉片、罌粟、罌粟種子、麻煙或其他抵癮物品，以及嗎啡、古柯鹼、海洛英或其它合成製品。,,,健康與體育-健康與體育,健康與體育-健康教育,健康與體育-健康與護理,毒品,to̍k-phín
103770,氟化物,氟化物是存在於水源中的天然礦物質。由於氟化物有助於預防蛀牙，因此有些社區會在飲用水中添加額外的氟化物。,健康與體育-健康與體育,,,自然科學-理化,健康與體育-健康與護理,氟化物,hut-huà-bu̍t
103771,氟氯碳化物,碳氫化合物中部分的氫被氯、氟置換後的化合物。,,自然科學-自然科學,綜合活動-綜合活動,自然科學-生物 社會-地理,,氟氯碳化物,hut-lio̍k-thuànn-huà-bu̍t
103772,洋娃娃,用土、木、金屬等材料製成的人像或圖像。,綜合活動-生活課程,,,,,oo-lín-gióo,oo-lín-gióo
103773,洗衣粉,肥皂粉，可用來洗滌衣物的粉狀顆粒。,綜合活動-生活課程,,綜合活動-綜合活動,健康與體育-健康教育,,洗衫粉 雪文粉,sé-sann-hún sap-bûn-hún
103774,洞簫,樂器名，吹管樂器：(1)竹製，直吹。正面五孔，背面一孔。為獨奏樂器，亦常用於傳統絲竹樂合奏或古琴合奏中。(2)特指海南島黎族的吹奏樂器。以一根無節長竹管製成，有二吹孔，四個按音孔，前三後一，音色深沉且柔和，音量較小。,,,藝術-藝術,,社會-歷史,洞簫,tōng-siau
103775,活字版印刷術,一種印刷方法，使用可以移動的木刻字、金屬或膠泥字塊，用來取代傳統的抄寫，或是無法重複使用的雕版印刷。,,,社會-社會,藝術-視覺藝術,藝術-音樂,活字版印刷術,ua̍h-jī-pán ìn-suat-su̍t
103776,活動中心,專供人休閒、娛樂、運動或集會等的場所。,,健康與體育-健康與體育 社會-社會,健康與體育-健康與體育,社會-公民與社會,,活動中心,ua̍h-tāng tiong-sim ua̍h-tōng tiong-sim
103777,活塞按鍵,活塞按鍵可使銅管樂器的音域擴大，其原理就是透過活塞改變樂器的管長，藉以轉調或調整音高。,,,藝術-藝術,,,活鈕,ua̍h-liú
103778,流行,盛行於當時、時髦。,,,社會-社會 綜合活動-綜合活動,藝術-表演藝術,社會-歷史,流行 時行,liû-hîng sî-kiânn
103779,角結膜炎,多由細菌感染或物理、化學的刺激而引起。通常有結膜紅腫、流淚或化膿等病症。,健康與體育-健康與體育,,,,,角結膜炎,kak-kiat-mo̍oh-iām
103780,流行性感冒,由濾過性病毒引起的急性流行傳染病。病人口水、鼻涕中的病毒藉咳嗽、噴嚏、說話時散播在空氣中，造成感染。患者出現發燒、上呼吸道發炎、肌肉及神經痛等症狀。,健康與體育-健康與體育,健康與體育-健康與體育 社會-社會,,健康與體育-健康教育,自然科學-生物,流行性感冒,liû-hîng-sìng kám-mōo
103781,流浪狗,指無人飼養或被棄養，到處流浪的狗。,,社會-社會,綜合活動-綜合活動,,,野狗 流浪狗,iá-káu liû-lōng-káu
103782,流感,流感是由流感病毒引起的急性呼吸道感染疾病。,健康與體育-健康與體育,健康與體育-健康與體育,,健康與體育-健康教育,健康與體育-健康與護理,流感,liû-kám
103783,流線型,可減小流體阻力的圓弧外型。,,自然科學-自然科學,,健康與體育-體育,,流線型,liû-suànn-hîng
103784,炭筆,作畫稿或素描所用的筆，以柳木燒焦而成。,,,藝術-藝術,藝術-視覺藝術,,炭筆,thuànn-pit
103785,玻璃紙,用天然纖維素產生化學變化而製成的透明紙。具有柔韌、無孔眼、機械強度好的優點，並可染成各種顏色。廣用於各種包裝紙。,,藝術-藝術,自然科學-自然科學 藝術-藝術,,,玻璃紙,po-lê-tsuá
103786,玻璃棒,用玻璃製成的棒子。,,自然科學-自然科學,,自然科學-生物,自然科學-生物,玻璃棍仔,po-lê-kùn-á
103787,珍珠板,又稱「合成板」，是美術設計及勞作常用的材料。不易起泡、脫膠，輕巧且防水，室內外皆可使用，一般美工刀即可裁切。,,,藝術-藝術,,,真珠枋,tsin-tsu-pang
103788,珍珠版畫,珍珠版畫已經廣泛地在幼兒教育或小學裡使用，因為珍珠版取得方便，而且可以直接構圖，不需要雕刻刀。,,藝術-藝術,,,,真珠版畫,tsin-tsu pán-uē
103789,甚快板,音樂術語，記號為Vivo、Vivace，其速度則介於「快板」與「急板」之間。,,藝術-藝術,藝術-藝術,藝術-音樂,,甚快板,sīm-khuài-pán
103790,疫苗,疫苗是用細菌、病毒、腫瘤細胞等製成的可使機體產生特異性免疫的生物製劑，通過疫苗接種使接受方獲得免疫力。,健康與體育-健康與體育,健康與體育-健康與體育 社會-社會,社會-社會 自然科學-自然科學 健康與體育-健康與體育,自然科學-生物 健康與體育-健康教育,健康與體育-健康與護理,疫苗,i̍k-biâu
103791,相反,互相違反。,,,數學-數學,,,相反,siong-huán
103792,相加,用加法運算求幾個數的和。,,,數學-數學,,數學-數學,相加,siong-ka
103793,相交,交叉。,,,數學-數學,,數學-數學,相交 相交叉,siong-kau sio-kau-tshe
103794,相乘,數值相乘。,數學-數學,,數學-數學,,數學-數學,相乘,siong-sîng
103795,相差,數值相差。,數學-數學,數學-數學,,,,相差 精差,siong-tsha tsing-tsha
103796,相除,數值相除。,,數學-數學,,,數學-數學,相除,siong-tî
103797,相等,數值相等。,,數學-數學,數學-數學,,數學-數學,相仝,sio-kāng sio-kâng
103798,相鄰,互相接近。,,藝術-藝術,數學-數學,,數學-數學,相鄰,siong-lîn
103799,省道,是臺灣主要的普通公路系統，目前共有98條路線（含支線），其中16條為快速公路，其餘82條為一般公路。興建與養護機關為交通部公路總局。,,社會-社會,,,社會-地理,省道,síng-tō
103801,看圖說話,看著圖畫，並運用想像力，將之串連成一個故事。,語文-國語文,,,,,看圖講話,khuànn tôo kóng-uē
103802,砂岩,是一種碎屑沉積岩。碎屑可以是岩石或礦物晶體，膠結碎屑的物質一般是方解石、黏土或石英。碎屑的粒徑在0.0625－2公厘之間。,,,自然科學-自然科學,自然科學-地球科學,自然科學-地球科學,砂岩,sua-gâm sua-giâm
103804,祈使句,一種表示請求、勸告、命令等語氣的句子。通常省略主詞。,,語文-國語文,,語文-國語文,,祈使句,kî-sú-kù
103805,科幻小說,一種小說體裁。以現有的科技資料作根據，對未來世界或過去情景作幻想式的描述。創作上講究科學性、知識性及趣味性。,,,語文-國語文,語文-國語文,,科幻小說,kho-huàn sió-suat kho-huàn siáu-suat
103806,科舉,隋唐到清代用以考選官吏的制度，因分為許多科目來拔舉人才，故稱為「科舉」。隋廢九品中正制，改置進士等科；唐時科目增至五十餘。後宋用帖括，明清用八股試士，仍沿用科舉的稱呼。至清光緒31年（西元1905年）始明令廢止。,,,社會-社會,社會-歷史,語文-國語文,科舉,kho-kí
103807,秒針,鐘錶上計秒的針。,,數學-數學,,,,秒針,bió-tsiam
103808,穿線器,穿線器又可叫做穿孔器和穿管器，它是管道中牽引引導繩的最佳輔助工具。,,,藝術-藝術,,,穿線器,tshng-suànn-khì
103809,紀錄片,對某一政治、經濟、軍事、文化生活或歷史性事件作系統、完整紀錄報導的影片。通常取材於現實社會，不容任何虛構，由於題材和表現方法的不同，可分為時事報導、文獻、傳記、自然和地理等類。,,,藝術-藝術 社會-社會,藝術-表演藝術,,紀錄片,kì-lo̍k-phìnn kì-lio̍k-phìnn
103810,紅眼症,紅眼就是血管較為噴張，但也有可能是眼內其它部位發炎。其實就是結膜發炎，通常是看起來眼睛比較紅而且分泌物較多。,健康與體育-健康與體育,,,,,紅目症,âng-ba̍k-tsìng
103811,紅紫色,介於紅色和紫色之間的顏色。,,藝術-藝術,,,,紅茄仔色 紅紫色,âng-kiô-á-sik âng-tsí-sik
103812,紅橙色,比火紅色稍紅，淺而且濃，波長630－600奈米之間。,,藝術-藝術,,,,紅柑仔色,âng-kam-á-sik
103813,紅燈,設於十字路口的交通指示燈，若顯示紅色，表示危險、停車或禁止。,社會-生活課程 自然科學-生活課程 藝術-生活課程 綜合活動-生活課程 健康與體育-健康與體育,綜合活動-綜合活動,,,,紅燈,âng-ting
103814,紅霞,紅色雲霞。,,,綜合活動-綜合活動,,,紅霞 火燒雲 彩霞,âng-hê hué-sio-hûn tshái-hâ
103815,耐力,可以忍受的程度。,,健康與體育-健康與體育,健康與體育-健康與體育,,健康與體育-體育,耐力,nāi-li̍k
103816,耐力運動,生理、訓練學名詞。指肌肉克服或抵抗阻力最大努力收縮產生的張力。也就是某作用肌群產生的最大力量。在生理學所稱的肌肉張力，於運動表現上稱為肌力。運動訓練上，肌力相當於一次最大反覆的肌肉力量。,,,健康與體育-健康與體育,,,耐力運動,nāi-li̍k ūn-tōng
103817,耐熱材質,能抗高溫的材料。,,,自然科學-自然科學,,,耐熱材質,nāi-jia̍t tsâi-tsit
103818,耶穌,人名。猶太人，基督教的創始者。宣傳博愛和平的教旨，因法利賽人惡其擾亂舊章，屢謀害之，於是至巴力斯坦諸地，後至耶路撒冷說教，從者雲集，但因與猶太傳統宗教牴牾，被羅馬官吏釘死在十字架上。,,,社會-社會,社會-歷史,社會-歷史,耶穌,Iâ-soo
103819,胃,動物的消化器官之一。形狀像口袋，上端與食道相連，下端與十二指腸相連。能分泌胃液，消化食物。,健康與體育-健康與體育,健康與體育-健康與體育,,自然科學-生物,,胃,uī
103820,胃酸,是胃中的一種主要分泌物，為一種消化液，形成於胃用來消化食物。,,健康與體育-健康與體育,,自然科學-生物,健康與體育-健康與護理,胃酸,uī-sng
103821,胃潰瘍,病名。胃黏膜如被某些原因破壞時，胃壁受到胃酸和胃液的侵蝕、消化的疾病。症狀包括燒痛、噁心、空腹感、飢餓感或吐酸水等。,,,健康與體育-健康與體育,自然科學-生物 健康與體育-健康教育,健康與體育-健康與護理,胃潰瘍,uī-khuì-iông uī-huì-iông uī-huī-iông
103822,背心,無袖無領的上衣。,,,綜合活動-綜合活動,,,䘥仔 吊䘥仔,kah-á tiàu-kah-á
103823,背風面,指山脈迎風面的相對面。,,自然科學-自然科學,社會-社會,自然科學-地球科學,自然科學-地球科學,背風面,puē-hong-bīn
103824,背誦,不看書，憑記憶將原文句唸出來。,,綜合活動-綜合活動,綜合活動-綜合活動,,,暗唸 背冊,àm-liām puē-tsheh
103825,胎生苗,有些紅樹林植物，其果實仍在母樹上時，胚即自種子長出且伸出果實，最後而形成具胚莖和根的胎生苗。幼苗垂掛在枝條上，可自母株吸取養份。胚莖上有多數皮孔，可進行氣體交換。當幼苗脫離母株時，有些可插入泥中，側根再長出，再長成幼樹。,,,自然科學-自然科學,自然科學-生物,,胎生苗 胎生栽,thai-sing-biâu thai-sing-tsai
103826,胎兒期,妊娠第十週起。胎兒的主要器官已經形成，並持續發育生長。,,健康與體育-健康與體育,,,,胎兒期,thai-jî-kî
103827,胚盤,卵生或卵胎生動物在卵受精時，卵黃上的白色小圓點，稱為「胚盤」。由此可形成幼體。,,,自然科學-自然科學,,健康與體育-健康與護理,胚盤,phue-puânn
103828,胡琴,樂器名，擦弦樂器。古代漢人稱域外民族為「胡」，因而泛指從域外傳過來的琴稱之為胡琴。以木、竹、椰殼等為筒，筒上蒙蛇皮或木板，筒設桿柄，柄端穿一橫孔，再以二軸貫穿，由軸至筒，主要為兩弦，另用竹弓張馬尾置於兩弦之間，摩擦發聲。,綜合活動-生活課程,,藝術-藝術,藝術-音樂,社會-歷史,絃仔,hiân-á
103829,苔蘚類,陸上生長的綠色植物中最原始的一類。約二萬種。植株多矮小，喜生長在潮溼的環境中。生活史中以獨立生活之配子體為優勢，孢子體寄生於配子體。包括苔類、蘚類及角蘚類三大類。沒有真正的根、莖、葉分化和維管束組織。覆蓋在岩石、林木及落葉層上，具有保存水分及減緩水土流失的功用。也稱為「蘚苔植物」、「苔蘚」。,,,自然科學-自然科學,,,青苔類,tshenn-thî-luī
103830,苧麻,植物名。蕁麻科苧麻屬，多年生亞灌木。高約一公尺，木質。葉廣卵形，先端銳形，有鋸齒，背面生白毛，具長葉柄。夏秋間開小花，雌雄同株，圓錐花序腋生，花細小。瘦果球形，光滑。莖的皮部可採纖維以供織布。根、葉則可供藥用。,,,社會-社會,,藝術-美術,苧仔,tē-á
103831,英文,英國的語言和文字。,語文-國語文,,,,,英文,Ing-bûn
103832,英仙座,星座名。位於北天，在仙女座與金牛座之間。包含著名的變星大陵五。,,,自然科學-自然科學,,自然科學-地球科學,英仙座,Ing-sian-tsō
103833,英里,量詞。英美計算長度的單位。1英里等於1609公尺。,,,數學-數學,,,英里,ing-lí
103834,英國管,樂器名。木製圓管複簧片樂器，音程比雙簧管低五度。音量幅廣豐富，曲調悠揚，適於田園風格的樂曲。,,,藝術-藝術,藝術-音樂,,英國管,Ing-kok-kuán
103835,英語,英、美等民族的語言。屬於印歐語系，在世界六大洲廣泛使用。分布在英國、美國、加拿大、澳大利亞等地。文字採用拉丁字母。,語文-國語文,,,,語文-英語文,英語,Ing-gí
103836,虹吸瓶,水管虹吸瓶為虹吸現象實驗的容器，將寶特瓶和軟水管浸入水中，使瓶子和水管充滿水，將水管插入瓶中一起移出水族箱，提高甲瓶高度，使部分水流出，輪流將甲瓶或乙瓶的位置提高，關水的流動方向。,,自然科學-自然科學,,,,虹吸瓶,hông-khip-pân
103837,虹膜,虹膜又稱黃仁，眼睛構造的一部分。虹膜中心有一圓形開口，稱為瞳孔，其大小可透過虹膜內肌肉的收緊放鬆調整，以適應環境光暗情況，調節光線進入眼睛的強度，猶如相機當中的光圈。,,,,健康與體育-健康教育,,虹膜,hông-mo̍oh
103838,訂定,制定。,,綜合活動-綜合活動,綜合活動-綜合活動,社會-公民與社會,,訂定,tīng-tīng
103839,計時工具,計算時間的器具。,,自然科學-自然科學,,,,計時工具,kè-sî kang-kū kè-sî kang-khū
103840,計時器,利用特定的原理來測量時間的裝置。提供了基本的計時控制功能，包括：開始計時、停止計時、繼續計時、操作界面簡便易用複零、調整計時。,,自然科學-自然科學,,,,計時器,kè-sî-khì
103841,重心,數學上指三角形中，三條中線的共同交點。,,,,數學-數學,,重心,tāng-sim
103842,重奏,兩種樂器以上的合奏。,,,藝術-藝術,,,重奏,tîng-tsàu
103843,重音,對某一拍或某一拍的一部分在音量上加以強調，叫做重音。,,,藝術-藝術,藝術-音樂,,重音,tāng-im
103844,重唱,每個聲部均由一人或多人演唱的多聲部歌曲。,,,藝術-藝術,藝術-音樂,藝術-音樂,重唱,tiông-tshiùnn
103845,重量單位,計算重量的單位。,,,數學-數學,,,重量單位,tāng-liōng tan-uī
103846,重新命名,更改資料夾或文件名稱。,,社會-社會,,,,重號名,tîng hō-miâ
103847,重新啟動,作業系統重新啟動。,,,,科技-資訊科技,,重開 重起動,tîng-khui tîng khí-tōng
103848,降半音,音樂術語。以鋼琴為例，兩個相鄰的白鍵即為半音，如EF、BC。,,,藝術-藝術,,,降半音,kàng puànn-im
103849,降雨,下雨。氣象學上因雨水累積時間的不同，可分為雨、有雨、偶雨、短暫雨四種。,,自然科學-自然科學 社會-社會,自然科學-自然科學 綜合活動-綜合活動 社會-社會,自然科學-生物,,降雨,kàng-ú kàng-hōo
103850,降冪,把一個多項式按某一個字母的指數由大至小順序排列。,,,,數學-數學,數學-數學,降冪,kàng-bi̍k
103851,面積公式,數學中，可用於解析地面、物體表面、平面圖形的大小等相類問題的算式。,,,數學-數學,數學-數學,數學-數學,面積公式,bīn-tsik kong-sik
103852,面積單位,計算面積的單位。,,,數學-數學,,,面積單位,bīn-tsik tan-uī
103853,革胡,革胡於1950年代由楊雨森為取代交響化後的民族樂團中的大提琴而發明，在結構、發聲原理、定弦、演奏方法皆模仿大提琴。,,,藝術-藝術,藝術-音樂,,革胡,kik-ôo
103854,音名,音樂上所使用音律的名稱。如西洋的C、D、E、F、G、A、B，中國的宮、商、角、徵、羽等。,,藝術-藝術,,藝術-音樂,藝術-音樂,音名,im-miâ
103855,音符名稱,五線譜上用來表示樂音長短、高低的名目稱謂。,,藝術-藝術,,,,音符名稱,im-hû miâ-tshing
103856,音符符號,五線譜上用來表示樂音長短、高低且含有特別意義以供辨識的記號。,,藝術-藝術,,,,音符符號,im-hû hû-hō
103857,音樂天分,音樂方面的天賦、天資。,,,藝術-藝術,,,音樂天份,im-ga̍k thian-hūn
103858,音樂記號,在樂譜裡常用的符號，用以表達聲音的不同特性，如音高、時值、音量、表情記號以及演奏技巧的提示。,,,藝術-藝術,,,音樂記號,im-ga̍k kì-hō
103859,音樂創作,出於己意而非模仿的旋律、節奏、和聲等樂音。,,,藝術-藝術,藝術-音樂,,音樂創作,im-ga̍k tshòng-tsok
103860,音樂聲,人或樂器發出有一定規則、組織，用以傳達思想、感情的樂聲。,社會-生活課程 自然科學-生活課程 藝術-生活課程 綜合活動-生活課程,,,,,音樂聲,im-ga̍k-siann
103861,音樂廳,舉行音樂會及音樂相關活動的場所，是人們感受音樂魅力的地方。,,藝術-藝術,藝術-藝術,藝術-音樂,,音樂廳,im-ga̍k-thiann
103862,音標,標記語音的符號。,語文-國語文,,,語文-國語文,,音標,im-piau im-phiau
103863,音響,1.聲音及回響。 2.線電收音機、電唱機等發音收音設備的總稱。,,藝術-藝術,自然科學-自然科學 藝術-藝術,藝術-音樂,,音響,im-hióng
103864,頁岩,一種由黏土、粉砂硬化而成的沉積岩。常見者為灰色，岩質緻密。由水中泥質物沉澱堆積，先形成泥岩，再漸次成為頁岩。因沉澱時間先後不同，物質成分亦有差異，而呈現出如一片片書頁的薄層紋理，故稱為「頁岩」。,,,自然科學-自然科學 綜合活動-綜合活動,自然科學-地球科學,自然科學-地球科學,頁岩,ia̍h-gâm ia̍h-giâm
103865,風能,空氣流動所產生的動能。,,自然科學-自然科學,,自然科學-理化 社會-地理,自然科學-物理,風能,hong-lîng
103866,風笛,樂器名，吹管樂器。由風囊、吹管和若干簧管組成，是用簧片的氣鳴樂器。為英語Bagpipes的義譯。流行於歐洲民間。尤其在蘇格蘭地區非常流行，是蘇格蘭傳統文化的一部分。,,,藝術-藝術,藝術-音樂,,風笛,hong-ti̍k
103867,風速,單位時間內空氣沿水平方向流動的距離。普通以一秒鐘內移動多少公尺或一小時內移動多少公里來計算。,健康與體育-健康與體育,自然科學-自然科學,自然科學-自然科學,自然科學-地球科學,自然科學-地球科學,風速,hong-sok
103868,風景畫,以風景為題材的畫作。,,,藝術-藝術,,,風景畫,hong-kíng-uē
103869,風琴,鍵盤樂器。外形類似直立式鋼琴，通過腳下的踏板送風，吹響音管，並配合雙手鍵盤彈奏的一種樂器。,,藝術-藝術,藝術-藝術,,,風琴,hong-khîm
103870,風箏,以竹骨糊紙，引線乘風而飛升，以為遊戲的玩具。,社會-生活課程 自然科學-生活課程 藝術-生活課程 綜合活動-生活課程,自然科學-自然科學,,,,風吹,hong-tshue
103871,飛沫傳染,感染症的傳染途徑之一，屬於直接傳染的一種，是大部分的呼吸道感染的傳播途徑。存在於病人呼吸道分泌物中的致病原，經由咳嗽等動作隨著飛沫散播出來，在近距離的人因吸入帶有致病原的飛沫而發生感染。,,健康與體育-健康與體育,,健康與體育-健康教育,健康與體育-健康與護理,瀾鬚穢人 瀾鬚傳染,nuā-tshiu uè--lâng nuā-tshiu thuân-jiám
103872,飛馬座,星座名。位於北天，在雙魚座、天鵝座與仙女座之間。,,,自然科學-自然科學,,,飛馬座,Hui-má-tsō
103873,飛翔,鳥蟲利用翅膀在空中往來活動。,,自然科學-自然科學 綜合活動-綜合活動,自然科學-自然科學,,自然科學-生物,飛,pue
103874,飛盤,一種休閒運動。可一人獨玩或多人共玩，玩時投擲圓形的盤狀物，使它旋轉並向前平飛。西元1940年，由美國人摩理森所發明，因玩法簡單，廣為大眾接受，成為流行的運動。飛盤運動所使用的器材。為圓形的盤狀物，多為塑膠製品。,社會-生活課程 自然科學-生活課程 藝術-生活課程 綜合活動-生活課程 健康與體育-健康與體育,健康與體育-健康與體育,健康與體育-健康與體育,健康與體育-體育,,飛盤,hui-puânn
103875,食物,食物又稱食品，通常以碳水化合物、脂肪、蛋白質或水構成，能夠藉由進食或飲用為人類或者生物維持生命、提供營養或愉悅的物質。,社會-生活課程 自然科學-生活課程 藝術-生活課程 綜合活動-生活課程 健康與體育-健康與體育,自然科學-自然科學 綜合活動-綜合活動 健康與體育-健康與體育,自然科學-自然科學 綜合活動-綜合活動,自然科學-生物 健康與體育-健康教育 社會-地理,,食物,si̍t-bu̍t
103876,食品標示,食品中營養成分分析。,,,健康與體育-健康與體育,健康與體育-健康教育,,食品標示,si̍t-phín piau-sī si̍t-phín phiau-sī
103877,食指,第二個手指頭。,,綜合活動-綜合活動,,自然科學-生物,,指指,kí-tsáinn
103878,食道,消化管中的一段，介於咽腔與胃之間，具有輸送口中食物到胃中消化的功用。,健康與體育-健康與體育,,,自然科學-生物 健康與體育-健康教育,,食道,si̍t-tō
103879,食慾不振,沒有吃東西的胃口、慾望。形成原因有過分勞累或身體不適等。,,,,健康與體育-健康教育,,胃口䆀 脾土無開,uī-kháu bái pî-thóo bô khui
103880,食療,是一種中醫及印度醫學等的固有醫學概念，而現代醫學則歸類為替代醫學。,,健康與體育-健康與體育,,,,食療,si̍t-liâu
103881,首調唱名,不管是什麼調，都參考自然大調 (Natural Major Scale) 的音程關係，根音都唱Do，也就是都從Do開始唱。,,藝術-藝術,,藝術-音樂,,首調唱名,siú-tiāu tshiùnn-miâ
103883,香港腳,病名。一種由皮癬菌感染足部所形成的皮膚病。症狀是起水泡、奇癢、抓破後流黃水，嚴重時會導致潰瀾。腳趾之間為好發部位，也稱為「足癬」、「腳癬」。,,,健康與體育-健康與體育,,,香港跤,hiong-káng-kha
103884,乘式,乘法的計算式。,,數學-數學,,數學-數學,,乘式,sîng-sik
103885,乘法分配律,兩數之和與第三數相乘，可先將各加數同第三數相乘再將乘積相加，所得結果相同的運算定律。,,,數學-數學,數學-數學,,乘法分配律,sîng-huat hun-phuè-lu̍t
103886,乘法表,從一到九，兩數逐一相乘的乘法表。,數學-數學,數學-數學,,,,乘法表,sîng-huat-pió
103887,乘除混合,一列數值同時有乘、除。,,,數學-數學,,,乘除混合,sîng tî hūn-ha̍p
103888,乘積,兩數或多數相乘所得的結果。簡稱為「積」。,,,數學-數學,數學-數學,數學-數學,乘積,sîng-tsik
103889,修辭,修辭學上指如何修飾文句，使作者的意象能精確而生動表現出來的一種藝術。,,語文-國語文,語文-國語文,語文-國語文,語文-國語文,修辭,siu-sû
103890,倉庫,儲藏糧食或物資的建築物。,,,綜合活動-綜合活動,,,倉庫 棧間 棧房,tshng-khòo tsàn-king tsàn-pâng
103891,倉儲,用來儲存貨物的建築物。,,,,,社會-歷史,倉儲,tshng-tû
103893,倍式,數學算式名稱。,,,,數學-數學,數學-數學,倍式,puē-sik
103894,倍革胡,低音革胡又稱倍革胡，於1950年代由楊雨森為取代交響化後的民族樂團中的低音提琴而發明，在結構、發聲原理、定弦、演奏方法皆模仿低音提琴。,,,藝術-藝術,藝術-音樂,,倍革胡,puē-kik-ôo
103895,倍率,用光學儀器，對實物放大的倍數。,,,自然科學-自然科學,自然科學-生物,,倍率,puē-lu̍t
103896,倍數表,記載各數值倍數的表單。,,數學-數學,,,,倍數表,puē-sòo-pió
103897,倒立,以兩手支撐身體，頭朝下，兩腿向上豎起。,,健康與體育-健康與體育,健康與體育-健康與體育,自然科學-理化,健康與體育-體育,倒徛騰,tò-khiā-thîng
103898,倭寇,指明初侵擾中國沿海各省的日本海盜。,,,,社會-歷史,社會-歷史,倭寇 倭番 矮奴 矮寇,o-khòo ue-huan é-lôo é-khòo
103899,值勤,在規定的時間內執行勤務。,,綜合活動-綜合活動,綜合活動-綜合活動,,,當值 值班,tong-ti̍t ti̍t-pan
103900,凍土,高山或高緯度區，溫度長期在攝氏零度以下，土壤中水分終年凍結，故稱為「凍土」。,,,,社會-地理,,凍塗,tòng-thôo
103901,剖析,分析闡明、說明某件事。,,,綜合活動-綜合活動,語文-國語文,,分析 解說,hun-sik kái-sueh
103902,剖腹生產,人工生產方式。,,健康與體育-健康與體育,,,,破腹生產 抱生,phuà-pak sing-sán phō-senn
103903,原子筆,書寫時筆尖的圓珠滾動，筆管中的油墨自動流出而寫成字。,語文-國語文,綜合活動-綜合活動,藝術-藝術 綜合活動-綜合活動,藝術-視覺藝術,,原子筆,guân-tsú-pit
103904,原生生物,原生生物統稱真核生物域中，不屬於植物、動物和真菌的那些一般個體微小、多數為單細胞的、有細胞核和原生質膜包圍的細胞器的真核生物。,,自然科學-自然科學,,自然科學-生物,自然科學-生物,原生生物,guân-sing sing-bu̍t
103905,原生物種,又稱本土物種。在生物學中，若一物種被認為是「原生物種」，表示其在該地的分布純粹是自然因素造成的，沒有人為因素夾雜其中。每種野生生物都有一定的自然分布範圍，在該範圍內，該生物被視為是原生物種。,,自然科學-自然科學,,,自然科學-生物,原生物種,guân-sing bu̍t-tsióng guân-sing bu̍t-tsíng
103906,原生種,原生種不一定是特有種，在生物學及生態學中，特有種是指分布僅侷限於某一地區的某物種，而原生種則可能在分布於某區域的同時，亦分布於另一區域。原生種及特有種的觀念都不表示該物種一定起源或演化自該區域。,,,自然科學-自然科學,,,原生種,guân-sing-tsióng guân-sing-tsíng
103908,原著,指未經修改前的原作品。,,語文-國語文,語文-國語文,藝術-表演藝術,語文-國語文,原著,guân-tù
103909,原價,原定的價格。,,,數學-數學,,,原價,guân-kè
103910,原點,解析幾何學上，坐標系的中心，即所有坐標軸的交點。,,,數學-數學,自然科學-地球科學 數學-數學,數學-數學,原點,guân-tiám
103911,哨子,用來示警或作信號的發聲器。,社會-生活課程 自然科學-生活課程 藝術-生活課程 綜合活動-生活課程,健康與體育-健康與體育,綜合活動-綜合活動,,藝術-音樂,觱仔,pi-á
103912,哭調,臺灣歌仔戲中文戲的重要唱腔曲調。多用於悲傷場面，主要是以臺灣各地的地方小調為基礎而加以變化，故種類繁多。,,,,藝術-音樂,,哭調仔,khàu-tiāu-á
103913,唐詩,唐代詩歌的總稱。包括古詩、律詩、絕句等體裁，是唐朝文學的代表。可分為初、盛、中、晚四期，和宋詞、元曲並稱於世。,語文-國語文,,,語文-國語文,語文-國語文,唐詩,Tông-si
103914,埃及斑蚊,中國大陸、香港、澳門、馬新稱埃及伊蚊，是一種會傳播登革熱、屈公熱、茲卡熱、黃熱病與其他疾病的蚊子。此蚊可藉由腿部的白色標記與胸節上表面的里拉琴形狀來辨識。埃及斑蚊起源於非洲，但如今則可在全球熱帶與亞熱帶區域發現到。,健康與體育-健康與體育,健康與體育-健康與體育,健康與體育-健康與體育,健康與體育-健康教育,自然科學-生物,埃及花蠓,Ai-ki̍p hue-báng
103915,害喜,婦女懷孕初期有噁心、嘔吐、飲食習慣異於平常等現象。,綜合活動-生活課程,,,健康與體育-健康教育,,病囝,pēnn-kiánn
103916,宴席,酒席。,,綜合活動-綜合活動,,,,宴席 酒桌 筵席,iân-sia̍h tsiú-toh iàn-si̍k
103917,家扶中心,中華兒童暨家庭扶助基金會為兒童福利及家庭輔導機構，以扶助貧困兒童及其家庭為目的，採認養制，由基金會徵認養人，每人認養若干兒童，負擔其生活及教育費。同時推展童保護服務，協助受虐及發育遲緩兒童，以保障兒童權益，另有中輟生輔導及寄養服務。,,,綜合活動-綜合活動 社會-社會,,,家扶中心,Ka-hû Tiong-sim
103918,家庭暴力,對家庭成員實施的暴力行為。,,社會-社會,綜合活動-綜合活動,健康與體育-健康教育 社會-公民與社會,,家庭暴力,ka-tîng pō-li̍k ka-tîng po̍k-li̍k
103919,家訓,治家立身用以垂訓子孫之言。,,,語文-國語文 社會-社會,,社會-歷史,家訓,ka-hùn
103920,家電用品,家中得插電或裝電池才可使用的器具。,,綜合活動-綜合活動,綜合活動-綜合活動,,,電器用品 家電,tiān-khì iōng-phín ka-tiān
103921,射箭,一種體育運動。目前全球約有68個國家有射箭運動的組織。西元1931年成立國際射箭總會，每兩年舉行世界錦標賽，而且也是奧運的正式比賽項目。比賽時男性射手的靶距為90、70、50、30公尺，女性射手為70、60、50、30公尺，在上述四個定點各發36隻箭，合計所射出的總得分，以決定勝負。,,,,健康與體育-體育,,射箭,siā-tsìnn
103922,射線,由中心出發，以直線形式向四周散發的射線。,,,,數學-數學,自然科學-物理,射線,siā-suànn
103923,展演,有關空間展示行為或行為在空間之呈現，其目的、主題、機能、觀念均可為展演之範疇。 ,,藝術-藝術 健康與體育-健康與體育,藝術-藝術 綜合活動-綜合活動 社會-社會,藝術-表演藝術,,展演,tián-ián
103924,島嶼,四周被水圍繞的小面積陸地。,,,社會-社會,自然科學-地球科學 社會-地理,社會-地理,島嶼,tó-sū
103925,差異,差別、不同。,,自然科學-自然科學 綜合活動-綜合活動 健康與體育-健康與體育,綜合活動-綜合活動,社會-公民與社會,,差異 差別 精差,tsha-ī tsha-pia̍t tsing-tsha
103926,座標,表示平面上或空間中某一定點的位置標示。,,,數學-數學,自然科學-地球科學 社會-地理,社會-地理,座標,tsō-piau tsō-phiau
103929,弱起拍子,樂曲的拍子如用弱拍開始，稱為弱起拍子。,,藝術-藝術,,,,弱起拍,jio̍k-khí-phik
103930,恐龍化石,指恐龍死後身體中的軟組織因腐爛而消失，骨骼（包括牙齒）等硬體組織沉積在泥沙中，處於隔絕氧氣的環境下，經過幾千萬年甚至上億年的沉積作用，骨骼完全礦物化而得以保存。,,,自然科學-自然科學,,,恐龍化石,khióng-liông huà-tsio̍h
103931,扇子,一種搖動生風以袪熱的用具。,社會-生活課程 自然科學-生活課程 藝術-生活課程 綜合活動-生活課程,自然科學-自然科學,,,,扇 葵扇,sìnn khuê-sìnn
103932,扇形周長,扇形周長為扇形弧長加兩個半徑長。,,,數學-數學,,,扇形周長,sìnn-hîng tsiu-tn̂g
103933,扇形弧長,弧長等於半徑乘以圓心角弧度數。,,,數學-數學,,,扇形弧長,sìnn-hîng hôo-tn̂g
103934,挫傷,肌肉組織，直接遭到強烈外力的撞擊，所產生的一連串的血腫和發炎的反應。,,健康與體育-健康與體育,健康與體育-健康與體育,,健康與體育-體育,挫傷,tshò-siong
103935,振幅,振動體振動時離開平衡點的最大位移。,,,自然科學-自然科學,自然科學-理化,自然科學-物理,振幅,tsín-hok
103936,挺水性植物,通常生長在水邊或水位較淺的地方，根也是長在土裡，而葉片或莖卻挺出水面，再者，挺水性植物的花多數在水面上開放，典型的草本挺水植物有野慈菇、水稻、蘆葦、茭白筍、荷花與香蒲等。另有挺水性木本植物，這通常是指生活於河流的出海口及半淡鹹水的湖沼旁，而以紅樹林植物，如水筆仔等為主要代表植物。,,自然科學-自然科學,,,,挺水性植物,thíng-tsuí-sìng si̍t-bu̍t
103938,捎口訊,傳話給訊息。,,,綜合活動-綜合活動,,,寄話 帶口信,kià-uē tuà kháu-sìn
103939,捕蟲網,捕捉昆蟲的網子。,,自然科學-自然科學,,,,掠蟲網仔,lia̍h-thâng-bāng-á
103940,時刻,時間、時候。,數學-數學,數學-數學,自然科學-自然科學 綜合活動-綜合活動,,自然科學-物理,時刻,sî-khik
103941,時數,以小時為單位，計算出的時間數。,,健康與體育-健康與體育,數學-數學,,數學-數學,時數,sî-sòo
103942,書名,書本的名稱。,語文-國語文 社會-生活課程 自然科學-生活課程 藝術-生活課程 綜合活動-生活課程,語文-國語文,語文-國語文 藝術-藝術,語文-國語文,,冊名,tsheh-miâ
103943,書面語,書面上交際使用的語言。以口語為基礎，用文字書寫表達。多使用於科學著述和政治論文，亦可用於文藝作品及正式公文中。書面語的產生，使語言在時間和地域上的流傳範圍擴大，並加強了語言的交際效能。,,語文-國語文,,,,書面語,su-bīn-gí
103944,書聖,書法精妙，造詣極高的大書法家。,,語文-國語文,語文-國語文,語文-國語文,,書聖,su-sìng
103945,書櫃,放書的櫥櫃。,,綜合活動-綜合活動,,,,冊櫥 書櫥,tsheh-tû tsu-tû
103946,柴油,石油經蒸餾時，沸點約在攝氏175－300度，碳數10－16的部分，稱為「柴油」。揮發性比潤滑油高，比煤油低，主要用途為柴油引擎、噴射機燃料及照明等。,,自然科學-自然科學,,自然科學-地球科學,,柴油,tshâ-iû
103947,校隊,代表學校參加比賽的各種隊伍。,,健康與體育-健康與體育,綜合活動-綜合活動,,,校隊,hāu-tuī
103948,核心家庭,核心家庭是人類家庭的一種組合形式，指以婚姻為基礎，父母與未婚子女共同居住和生活的家庭。,,,社會-社會,社會-公民與社會,,核心家庭,hi̍k-sim ka-tîng hu̍t-sim ka-tîng
103949,根部,植物的營養器官之一，多生長在土裡，具有固定、吸收或貯藏水分、養分的功能。,健康與體育-健康與體育,自然科學-自然科學,,自然科學-生物,,根部,kin-pōo
103951,氣生根,由植物莖上發生的，生長在地面以上的、暴露在空氣中的不定根，一般無根冠和根毛的結構，如吊蘭和龜背竹等，能起到吸收氣體或支撐植物體向上生長，有保持水分的作用。常見於多年生的草本或木本植物中。,社會-生活課程 自然科學-生活課程 藝術-生活課程 綜合活動-生活課程,自然科學-自然科學,自然科學-自然科學,,,鬚根 氣生根,tshiu-kin khì-sing-kin
103952,氣味,芳香或臭惡的味道。,健康與體育-健康與體育,自然科學-自然科學 健康與體育-健康與體育,自然科學-自然科學 綜合活動-綜合活動,自然科學-生物,,氣味,khì-bī
103953,氣象局,是以天氣預報、氣候預測、人工影響天氣、乾旱監測與預報、雷電防禦、農業氣象等服務項目為主要工作的政府部門。,,自然科學-自然科學,,自然科學-地球科學,,氣象局,khì-siōng-kio̍k
103954,氣象專家,研究大氣的物理特性及其變化的專業人士。,,自然科學-自然科學,,自然科學-地球科學,,氣象專家,khì-siōng tsuan-ka
103955,氣象觀測,觀測一般的地面氣象測報外，尚包含大氣理化觀測、密集的自動化雨量觀測網及農業氣象觀測等。,,自然科學-自然科學,,自然科學-地球科學,社會-地理,氣象觀測,khì-siōng kuan-tshik
103956,氣體中毒,接觸有毒氣體造成的中毒現象。,,,健康與體育-健康與體育,,,氣體中毒,khì-thé tiòng-to̍k
103957,浮葉性植物,根、莖或是塊莖固定在土裡，葉片漂浮在水面的水生植物。,,自然科學-自然科學,,,,浮葉性植物,phû-hio̍h-sìng si̍t-bu̍t
103958,海蝕,海水對海岸地帶的侵蝕。,,,社會-社會,,,海蝕,hái-si̍t
103959,海嘯,海底地震、坍方、火山爆發等地盤變動，引起海面水位變化所造成的巨大海浪。,,,自然科學-自然科學 綜合活動-綜合活動,自然科學-地球科學 健康與體育-健康教育,自然科學-地球科學,海漲,hái-tiòng hái-tiùnn
103960,海邊,鄰接海洋邊緣的陸地。,社會-生活課程 自然科學-生活課程 藝術-生活課程 綜合活動-生活課程,自然科學-自然科學 綜合活動-綜合活動 健康與體育-健康與體育 社會-社會,,,健康與體育-體育,海邊仔,hái-pinn
103961,消化,食物在體內經過種種變化成為身體能夠利用物質的過程。,健康與體育-健康與體育,健康與體育-健康與體育,自然科學-自然科學,自然科學-生物,,消化,siau-huà
103962,消化器官,是多細胞生物用以進食、消化食物、獲取能量和營養、排遺剩餘廢物的一組器官。,,,健康與體育-健康與體育,,,消化器官,siau-huà khì-kuan
103963,消防栓,一種提供水源的消防設備。通常設在消防車易於到達的地方，或公眾使用的建築物內。,,社會-社會,綜合活動-綜合活動,,,消防栓,siau-hông-sng
103964,消費者保護法,為保護消費者權益，促進國民消費生活安全，提昇國民消費生活品質，所制定的法規。民國83年1月11日立法院三讀通過，總統公布施行，內容共分為7章64條。,,,社會-社會,社會-公民與社會,社會-歷史,消費者保護法,siau-huì-tsiá pó-hōo-huat
103965,消費者權益,指由國家法律通常是由一國的消費者權益基本法所確認的，在消費領域消費者能夠作出或不作出一定行為，以及其要求經營者相應作出或不作出一定行為的許可和保障。,,,,社會-公民與社會,,消費者權益,siau-huì-tsiá khuân-ik siau-huì-tsiá kuân-ik
103966,烏克麗麗,烏克麗麗在英國等地則拼為ukelele，簡稱uku或uke，彈奏者稱ukuer或uker，是一種夏威夷的撥弦樂器，歸屬在魯特琴樂器一族，通常有四條弦。,,,自然科學-自然科學 藝術-藝術 綜合活動-綜合活動,藝術-音樂,,四弦琴,sì-hiân-khîm
103967,烏腳病,因飲用含砷量過高的水而導致肢體末梢血管阻塞，繼而引發手腳壞死的疾病。病人有麻木、發冷及皮膚發黑、鑽痛、腐爛的症狀。一旦感染，通常自腳盤伸延，侵蝕到腎、臂，甚至全身。,,健康與體育-健康與體育,,,,烏跤病 烏焦蛇,oo-kha-pēnn oo-ta-tsuâ
103968,特性,某人或某事物所具有的獨特性質。,,自然科學-自然科學 藝術-藝術 綜合活動-綜合活動 健康與體育-健康與體育,自然科學-自然科學,自然科學-生物,,特性,ti̍k-sìng
103969,特長,特殊專長。,健康與體育-健康與體育,健康與體育-健康與體育,,,,特長,ti̍k-tióng
103970,特產,地方有名的作物或食品。,,社會-社會,綜合活動-綜合活動,社會-地理,,特產 土產 名產,ti̍k-sán thóo-sán bîng-sán
103971,特質,事物所表現出獨特優異的地方。,,語文-國語文 綜合活動-綜合活動  健康與體育-健康與體育,語文-國語文 藝術-藝術 綜合活動-綜合活動 健康與體育-健康與體育,藝術-表演藝術 健康與體育-健康教育,,特質,ti̍k-tsit
103972,珠螺,紅螺。軟體動物。,,綜合活動-綜合活動,,,,珠螺,tsu-lê
103973,留言板,可以留下溝通訊息的板子或位置。,社會-生活課程 自然科學-生活課程 藝術-生活課程 綜合活動-生活課程,,綜合活動-綜合活動,,,留言枋,lâu-giân-pang
103974,病原體,病原體(pathogen)能引起疾病的微生物和寄生蟲的統稱。微生物佔絕大多數，包括病毒、衣原體、立克次體、支原體、細菌、螺旋體和真菌；寄生蟲主要有原蟲和嚅蟲。病原體屬於寄生性生物，所寄生的自然宿主為動植物和人。能感染人的微生物超過400種，它們廣泛存在於人的口、鼻、咽、消化道、泌尿生殖道以及皮膚中。,,,健康與體育-健康與體育,自然科學-生物 健康與體育-健康教育,自然科學-生物,病原體,pēnn-guân-thé
103975,病菌,使人或其他生物致病的細菌。,健康與體育-健康與體育,健康與體育-健康與體育 社會-社會,,自然科學-生物 健康與體育-健康教育,,病菌,pēnn-khún
103976,砷（As）,化學元素。符號為As。質脆，有毒。可與鉛、銅等製成合金，做為槍彈的材料；化合物則可做為殺蟲劑和醫療用。,,自然科學-自然科學,,自然科學-理化,自然科學-化學,砷 砒素,sin phi-sòo
103977,神怪故事,荒誕無稽或奇異難解的故事。,,,語文-國語文,,,神怪故事,sîn-kuài kòo-sū
103978,神經,分布於人體全身的感應組織，主知覺、運動及聯絡各部器官相互間的關係。,,,,自然科學-生物,,神經,sîn-king
103979,祠堂,祭祀祖先、先賢或烈士的廟宇或殿堂。,,,社會-社會 綜合活動-綜合活動,社會-歷史,社會-歷史,祖廟 公廳 宗祠,tsóo-biō kong-thiann tsong-sû
103980,租界,一國在通商口岸劃定界限，租給外國人民居住、通商的區域。租借國通常以締結條約的方式，取得租借期間對租界的統治權，但出租國仍保有最後的主權，可以在條約規定的期限屆滿後，將之收回。,,,,社會-歷史,社會-歷史,租界,tsoo-kài
103981,粉紅色,淺淺粉粉的淡紅色。,社會-生活課程 自然科學-生活課程 藝術-生活課程 綜合活動-生活課程,,,,,粉紅仔色 水紅仔色,hún-âng-á-sik tsuí-âng-á-sik
103982,粉筆,用白堊或熟石膏製成，細條狀，用來在黑板書寫、畫圖的筆。,,綜合活動-綜合活動,藝術-藝術,,,粉筆,hún-pit
103983,紋理,物體表面上呈現的線形花紋。也作「紋路」。,,藝術-藝術,,,,紋理,bûn-lí
103984,紋路,物體表面上呈現的線形條紋。也作「紋理」。,社會-生活課程 自然科學-生活課程 藝術-生活課程 綜合活動-生活課程 健康與體育-健康與體育,藝術-藝術,,藝術-視覺藝術,,紋路,bûn-lōo
103985,純女聲,指一種只有女聲的合唱，屬於同聲合唱。,,,藝術-藝術,,,純女聲,sûn lí-siann
103986,純小數,整數為零的小數。,,數學-數學,,,,純小數,sûn-sió-sòo
103987,純男聲,指一種只有男聲的合唱，屬於同聲合唱。,,,藝術-藝術,,,純男聲,sûn lâm-siann
103988,純樂器,純粹由樂器演奏，不帶有人聲、電子混音的音樂。,,,藝術-藝術,,,純樂器,sûn ga̍k-khì
103989,紙,日常用品之一。主要原料為植物纖維，可供於書畫、印刷、包裹等用途。,社會-生活課程 自然科學-生活課程 藝術-生活課程 綜合活動-生活課程,藝術-藝術,藝術-藝術 綜合活動-綜合活動,藝術-視覺藝術,,紙,tsuá
103990,紙本,繪在宣紙上的字畫，稱為紙本。,,藝術-藝術,,藝術-表演藝術,,紙本,tsuá-pún
103991,紙板,具有一定的定量與厚度堆疊而成，一般將定量超過200g/m2、厚度大於0.5mm的稱為紙板。,,健康與體育-健康與體育,藝術-藝術,藝術-視覺藝術,,紙枋,tsuá-pang
103992,紙偶,用紙製成的偶具。,,藝術-藝術,,,,紙尪仔,tsuá-ang-á
103993,紙條,用以留言、備忘的便條紙。,,,綜合活動-綜合活動,,,紙條 字條仔,tsuá-tiâu jī-tiâu-á
103994,紙牌,紙製的娛樂用品，可用作賭具。,,,藝術-藝術,,,紙牌,tsuá-pâi
103996,紙鎮,用來壓平、鎮住紙張的器物。,,,藝術-藝術,,,字硩 紙硩,jī-teh tsuá-teh
103997,素食,蔬食飲食。,,,健康與體育-健康與體育,健康與體育-健康教育,,素食,sòo-si̍t
103998,紡織,紡紗與織布。,,,社會-社會,社會-地理,社會-歷史,紡織,pháng-tsit
103999,索引,將書籍、期刊、報紙、雜誌中的內容要項或重要語詞摘記下來，經過整理編排，標明所在的頁數，以供讀者檢索查閱。,語文-國語文,,語文-國語文,,,索引,sik-ín
104000,耆老,老人，多指德高望重者。,,綜合活動-綜合活動 社會-社會,社會-社會,,社會-歷史,耆老 老大 耆老老大,kî-ló lāu-tuā kî-ló-lāu-tuā
104001,胰島素,由胰臟蘭氏細胞所分泌於血液中的一種蛋白質激素。能管制醣的新陳代謝，調整體內血糖含量。如果分泌異常則會引起糖尿病。胰島素製劑可治療糖尿病。,,,健康與體育-健康與體育,自然科學-生物,自然科學-生物,胰島素,î-tó-sòo
104002,胰臟,人類消化器官之一。位於胃及十二指腸之間，分布在腸繫膜上。淡黃色，呈顆粒狀，可分泌消化液，經胰臟注入十二指腸，以消化食物。,,,健康與體育-健康與體育,自然科學-生物 健康與體育-健康教育,自然科學-生物,腰尺,io-tshioh
104003,胸腺,角錐形的淋巴器官。位於胸骨後心臟水平處。胸腺組織分為皮質和髓質兩部分，主要由淋巴細胞和網狀細胞組成。胸腺產生的淋巴細胞，可刺激源自骨髓的淋巴細胞產生抗體。因此，幼年時期如切除胸腺，其免疫系統將無法發動而導致死亡。青春期之後，胸腺自行萎縮。成年後，胸腺對健康已無影響。,,,健康與體育-健康與體育,健康與體育-健康教育,,胸腺,hing-suànn
104004,胸腺激素,是胸腺所分泌的蛋白質，為一群多肽和蛋白質激素，屬於小分子多肽，能在動物組織中發現，這些蛋白質被稱為胸腺肽是因為剛開始被發現於胸腺中，但最近在許多器官組織中也發現它們的存在。,,,健康與體育-健康與體育,,,胸腺激素,hing-suànn kik-sòo
104005,能力,本領、才幹。,社會-生活課程 自然科學-生活課程 藝術-生活課程 綜合活動-生活課程 健康與體育-健康與體育,綜合活動-綜合活動 健康與體育-健康與體育 社會-社會,綜合活動-綜合活動,,,能力,lîng-li̍k
104006,脂肪,1.高級飽和脂肪酸與甘油組合的酯類，在常溫下為白色固體者，稱為「脂肪」。為牛油及豬油等的主要成分，可製造肥皂。 2.主要由碳、氫、氧三元素組成，有些並含有磷及氮。不溶於水，能為人體消化及吸收。亦可儲存於體內，作為未來熱能的來源。,,健康與體育-健康與體育,自然科學-自然科學 健康與體育-健康與體育,健康與體育-健康教育,自然科學-化學,膩瓤 膋 脂肪,jī-nn̂g lâ tsi-hong
104007,脂肪肝,脂肪肝由肝臟細胞積聚脂肪而成。當飲食攝取的脂肪多過人體所能應付時，肝臟便會漸漸積聚脂肪組織。如果肝臟內的脂肪佔肝臟5%以上，這情況便稱為脂肪肝。,,,健康與體育-健康與體育,,,肝包油,kuann-pau-iû
104008,臭氧（O3）,分子式為O3，為氧氣的同素異形體。具有特殊氣味，無色，溶於水。由氧氣通電而生，雷鳴之際，空氣中因閃電常產生臭氧。可用為漂白消毒劑。,,,自然科學-自然科學,自然科學-地球科學,自然科學-地球科學,臭氧,tshàu-ióng
104009,航空,飛機、飛船等的飛行。,,社會-社會,社會-社會,,社會-地理,航空,hâng-khong
104010,航運,水上運輸。包括內河航運、沿海航運及遠洋航運。,,,社會-社會,社會-地理,社會-歷史,航運,hâng-ūn
104011,茭白筍,為多年生宿根水生草本植物，花期為夏季和秋季。,,,自然科學-自然科學,,,茭白筍,kha-pe̍h-sún
104012,茶壺,用以燒煮開水或容置茶水的器具。,健康與體育-健康與體育,,綜合活動-綜合活動,,,茶鈷 茶罐,tê-kóo tê-kuàn
104013,草蓆,用乾草編織而成的蓆子。,,社會-社會,,,社會-歷史,草蓆,tsháu-tshio̍h
104014,草稿,未成定稿或未謄清的文稿，也指初步完成的畫作。,,,語文-國語文,藝術-視覺藝術,,草稿,tshó-kó
104015,荒島,荒涼偏遠，人煙稀少的島嶼。,,綜合活動-綜合活動,,,,無人島 荒島,bû-jîn-tó hong-tó
104016,蚊香,趨蚊的香環。,,綜合活動-綜合活動,,健康與體育-健康教育,,蠓仔香 蠓仔薰,báng-á-hiunn báng-á-hun
104017,訊息,音訊消息。,語文-國語文 社會-生活課程 自然科學-生活課程 藝術-生活課程 綜合活動-生活課程,語文-國語文 綜合活動-綜合活動,綜合活動-綜合活動,,,訊息,sìn-sit
104018,訓練,經由有計畫、步驟的指導，並實地操作練習，使受訓者具有某種特長或技能。,,綜合活動-綜合活動 健康與體育-健康與體育,綜合活動-綜合活動,健康與體育-體育,,訓練,hùn-liān
104019,記人,記敘文文體。以描寫人物為主的文章。,,語文-國語文,,,語文-國語文,記人,kì lâng
104020,記者,傳播事業中負責採訪新聞與撰稿的外勤人員。有時亦兼指編輯、評論、攝影、播報等新聞從業人員。,,社會-社會 綜合活動-綜合活動 健康與體育-健康與體育,綜合活動-綜合活動,,,記者,kì-tsiá
104021,記帳,把金錢收支或買賣的物品價款登記於帳冊上。,,社會-社會,綜合活動-綜合活動 社會-社會,,,記數,kì-siàu
104022,記載,用文字記下來。,,,語文-國語文 綜合活動-綜合活動,語文-國語文,,記載,kì-tsài
104023,財產權,有經濟利益價值的權利，如物權、準物權、債權和無體財產權。原則上可由所有者自由處分之。,,,社會-社會,社會-公民與社會,社會-公民與社會,財產權,tsâi-sán-khuân tsâi-sán-kuân
104024,貢獻,1.挪出物資或奉獻才智心力於社會公眾。 2.對社會公眾有所助益的行為。,,綜合活動-綜合活動 社會-社會 健康與體育-健康與體育,,社會-公民與社會,,貢獻,kòng-hiàn
104025,起水泡,皮膚經過磨擦後，在表面的地方形成一個液囊。,,,健康與體育-健康與體育,,,膨疱,phòng-phā
104026,起重機,一種用來將重物吊起、提高、放低或水平移動的機械。可分為移動式和固定式兩種。多用於造船廠、工廠、建築工地、碼頭和礦場等地。,,,自然科學-自然科學,,,吊車,tiàu-tshia
104027,起音,發聲練習的第一個音，稱它為歌唱時的「起音」或「起聲」。歌唱的起聲可分為激起聲、軟起聲、舒起聲。,,藝術-藝術,藝術-藝術,,,起音,khí-im
104028,退化,1.生物在演化過程中，某種器官構造逐漸簡化，或功能逐漸喪失且常伴同形體縮小的現象。如仙人掌的葉子退化成針狀。 2.衰退、衰落。,,自然科學-自然科學 健康與體育-健康與體育,綜合活動-綜合活動 健康與體育-健康與體育,,自然科學-生物,退化,thè-huà
104029,退片鈕,光碟機退出光碟片的按鈕。,,,,科技-資訊科技,,退片鈕,thè-phìnn-liú
104030,配色,搭配顏色。,,,,藝術-視覺藝術,,配色,phuè-sik
104031,配角,戲劇中配搭的角色。,,,,藝術-表演藝術,,配角,phuè-kak
104032,配音,將電影、電視或戲劇中演員的對白，用別人的聲音來代替或用不同的語言翻譯出來，稱為「配音」。,,,藝術-藝術,藝術-音樂,,配音,phuè-im
104033,配送,是物流的一個縮影或在某小範圍中物流全部活動的體現。,社會-生活課程 自然科學-生活課程 藝術-生活課程 綜合活動-生活課程,,,,,配送,phuè-sàng
104034,配偶,結婚後，夫妻彼此間互為配偶。,,,社會-社會 綜合活動-綜合活動,社會-公民與社會,社會-歷史,配偶 頭對,phuè-ngóo thâu-tuì
104035,配眼鏡,配出最適合個人需求的眼鏡。,,綜合活動-綜合活動,,,,和目鏡,hô ba̍k-kiànn
104036,配給,1.按照規定的數量和價格出售給消費者。 2.按照需要、規定數量所供給的貨物。,,,社會-社會,,,配給,phuè-kip
104037,酒癮,慢性而長期性無法自制的飲酒，稱為「酒癮」。是一種病態性的飲酒，造成酒精依賴和濫用。通常為維持日常工作而天天喝酒，無法停止或減量，喝醉後一兩天仍處於酩酊狀態，並有健忘的現象，引發社會適應困難。,,,健康與體育-健康與體育,健康與體育-健康教育,,酒癮,tsiú-giàn
104038,針灸,用針侵入性的治療。,,健康與體育-健康與體育,健康與體育-健康與體育,健康與體育-健康教育,健康與體育-健康與護理,針灸,tsiam-kù
104039,針筆,一種鋼筆型的繪圖筆。除可書寫文字外，亦可繪製直線和複線。,,藝術-藝術,,,,針筆,tsiam-pit
104040,陡坡,和水平面形成的角度較大的坡。,,社會-社會,,,社會-地理,崎坡,kiā-pho
104041,陣頭,民俗節慶時，參加表演的業餘樂團或遊藝團體。如臺灣地區廟會時迎神行列中的南管、北管、宋江陣、車鼓弄等。,,藝術-藝術,藝術-藝術 綜合活動-綜合活動,藝術-表演藝術,社會-歷史,陣頭,tīn-thâu
104042,骨折,骨頭因為直接或間接的外力造成碎裂或變形。,健康與體育-健康與體育,健康與體育-健康與體育,綜合活動-綜合活動,健康與體育-健康教育,健康與體育-健康與護理,骨折,kut-tsi̍h
104043,骨質疏鬆,骨頭中的鈣質不斷流失所造成的骨密度下降。,,健康與體育-健康與體育,健康與體育-健康與體育,自然科學-生物 健康與體育-健康教育,自然科學-化學,骨質疏鬆 骨頭冇冇,kut-tsit soo-sang kut-thâu phànn-phànn
104044,骨質疏鬆症,骨骼中的骨質流失，鈣儲量減少；導致骨骼強度變低、多孔、鬆散、易碎的症狀。,,,健康與體育-健康與體育,,,骨質疏鬆症 骨質鬆冇症,kut-tsit soo-sang-tsìng kut-tsit sang-phànn-tsìng
104045,骨骼肌,肌纖維在顯微鏡下顯現明暗相間的橫紋。肌肉的兩端附著在骨骼上，它的活動可以由人的意識來控制，也稱為「隨意肌」、「橫紋肌」。,,健康與體育-健康與體育,,健康與體育-健康教育,,骨骼肌,kut-keh-ki
104046,高手,學有專精的人。,健康與體育-健康與體育 綜合活動-生活課程,健康與體育-健康與體育,,,,高手 𠢕人,ko-tshiú gâu-lâng
104047,高手托球,排球托球動作，雙手在頭的上方，手指自然開張，虎口相對，大拇指、食指在額頭前方形成三角形狀。,,,健康與體育-健康與體育,,,懸手托球,kuân-tshiú thuh-kiû
104048,高手傳球,高手傳球又稱托球，是排球傳球技術中準確度較高的一種傳球方式。觀察來球，迅速移動至球體將落下的地點，兩腳前後開立，調整正對傳球方向，膝部微屈，上身挺起，重心趨前，雙手自然上提置於額頭前。,健康與體育-健康與體育,,,,健康與體育-體育,懸手傳球,kuân-tshiú thuân-kiû
104049,高血壓,病名。血壓偏高症。血壓隨著年齡而增加，但如在60歲前，收縮壓及舒張壓經常超過160/95Hg，即可診斷為此症。,,健康與體育-健康與體育,健康與體育-健康與體育,健康與體育-健康教育,自然科學-生物,高血壓,ko-hueh-ap
104050,高低木魚,木製打擊樂器，具有高低兩種音，可用於打擊刷奏。,,藝術-藝術,,,,懸低木魚 懸低嘓魚,kuân-kē bo̍k-hî kuân-kē kho̍k-hî kuân-kē go̍k-hî
104051,高度角觀測器,測量月亮在天空位置的儀器。,,自然科學-自然科學,自然科學-自然科學,,,懸度角觀測器,kuân-tōo-kak kuan-tshik-khì
104052,高科技,需要高水準人才和設備的精密工業技術。,,,藝術-藝術 社會-社會,社會-地理,,高科技,ko-kho-ki
104053,高胡,樂器名。一種胡琴，屬拉弦樂器。外形像南胡，琴筒較細。聲音清脆嘹亮，定音比南胡高出四度或五度。,,,藝術-藝術,藝術-音樂,,高胡,ko-ôo
104054,高音,音譜中高於基礎音的音調。,,藝術-藝術,,藝術-音樂,,懸音,kuân-im
104055,高音木琴,木琴（Xylophone）是鍵盤敲擊樂器的一種。將木製琴鍵置於共鳴管之上，以琴棒敲打以產生旋律。琴鍵排列方式類似於鋼琴鍵盤。一般所指的木琴為高音木琴，琴鍵較窄，音域較高，音色清脆。,,藝術-藝術,,,,懸音木琴,kuân-im bo̍k-khîm
104056,高音直笛,高音直笛(Soprano)：音色如鳥鳴般清脆、可人，以Do為起音。,,藝術-藝術,,藝術-音樂,,懸音笛仔,kuân-im ta̍t-á
104057,高音譜號,音樂中表示音調區位高低的符號。高音譜號的另一個名稱是G譜號。,,藝術-藝術,,藝術-音樂,,懸音譜號,kuân-im phóo-hō
104058,高飛球,棒球比賽中，被打擊者擊出成為高空飛行的球，稱為「高飛球」。,,健康與體育-健康與體育,,,,懸飛球,kuân-pue-kiû
104059,高爾夫球,高爾夫球運動所使用的球。表面用硬橡皮製成，直徑約1.62－1.68英寸，最大重量規定為1.62盎司。,健康與體育-健康與體育,,社會-社會,健康與體育-體育,健康與體育-體育,山球 goo-lú-huh,suann-kiû goo-lú-huh
104060,高齡化,在全部人口中，老年人占相當高比例的社會。根據世界衛生組織的界定，一個國家65歲以上人口比例超過總人口7%以上稱為高齡化社會（ageing society），14%以上稱為高齡社會（aged society），20%以上稱為超高齡社會（super aged society）。高齡化社會的特徵包括總勞動人口減少、生產力下降，以及老人福利支出比例增加等。,,,社會-社會 綜合活動-綜合活動,社會-地理 社會-公民與社會,社會-歷史,高齡化,ko-lîng-huà
104061,高纖維,指富含膳食纖維的食物。,,,,健康與體育-健康教育,,高纖維,ko-tshiam-uî
104062,乾涸,水分乾竭。,,自然科學-自然科學,社會-社會,社會-地理,,焦涸涸,ta-khok-khok
104063,乾燥劑,容易吸收水氣的化學物質。如生石灰、濃硫酸、氯化鈣等。,,,自然科學-自然科學,,自然科學-化學,焦燥劑,ta-sò-tse
104064,偏折,光線的前進方向與水面不互相垂直時，光由空氣進入水中後，光線的行進方向會發生偏折。,,自然科學-自然科學,,自然科學-理化,,偏折,phian-tsiat
104065,停車場,車輛停放的場地。,,綜合活動-綜合活動 社會-社會,,,,停車場,thîng-tshia-tiûnn
104066,健身房,供人鍛鍊身體的房舍，內部設有各種健身器材。,,社會-社會,,,,健身房,kiān-sin-pâng
104067,健美,一種體育運動。是一種以促住人體肌肉發育為目的的體育運動，顯示發達的肌肉和特異的體型以取得整體美的效果。健美比賽可分為三個賽程，前二個賽程以參賽者全身各部分的比例及肌肉的整體性與輪廓為評分標準；最後一個賽程，則由參賽者在身上塗滿油脂，在限定的時間內做出各種動作，以展現肌肉群的最佳效果。比賽名次，就由這三個賽程所得分數的總和決定。,,健康與體育-健康與體育,,,健康與體育-體育,健美,kiān-bí
104068,健康,生理及心理機能正常，強壯安適，沒有缺陷和疾病。,社會-生活課程 自然科學-生活課程 藝術-生活課程 綜合活動-生活課程 健康與體育-健康與體育,綜合活動-綜合活動 藝術-藝術 健康與體育-健康與體育,綜合活動-綜合活動 健康與體育-健康與體育,健康與體育-健康教育,健康與體育-健康與護理,健康 勇健,kiān-khong ióng-kiānn
104070,側勾拳,側勾拳是橫向擊打的拳法，所擊目標是從對方頭部側面擊打其腮面下頦部。,,,健康與體育-健康與體育,,,側勾拳,tshik-kau-kûn
104071,側併步,側併步(Shuffle Steps)又稱螃蟹步，就是雙腳微蹲，快速向兩側橫移，在整個過程中，兩腳不能交叉。,健康與體育-健康與體育,健康與體育-健康與體育,,,,側併步,tshik-pìng-pōo
104072,側踢,側踢又叫側踹。是直線進攻型的技法，攻擊威力特別大，殺傷力最強。側踢表面看起來與散打中的側踹相似，其實發力方法有很大的不同。,,,健康與體育-健康與體育,,,側踢,tshik-that
104073,偷窺,從小洞、縫隙或隱密的地方偷看。,,,綜合活動-綜合活動,,,偷看 偷䀐,thau khuànn. thau siam
104074,偽造,模仿真品而加以製造。,,,社會-社會,,,偽造,guī-tsō
104075,剪裁,縫製衣服或切割紙張時，按照一定的尺寸或式樣剪開。,,藝術-藝術,藝術-藝術,藝術-視覺藝術,,剪裁,tsián-tshâi
104077,剪輯,將拍攝完成的影像帶或有聲帶，刪剪整理，編輯成一部結構完整的影片。,,,藝術-藝術 綜合活動-綜合活動,,,剪輯,tsián-tsi̍p
104078,副詞,區別或限制事物的動作、形態、性質的詞，常附加於動詞、形容詞或其他副詞之上。,,,語文-國語文,語文-國語文,語文-國語文,副詞,hù-sû
104079,勒索,用威脅或暴力等非法手段強行索求他人財物。,,社會-社會,綜合活動-綜合活動,,,勒索 叨撚,li̍k-sik lo-lián
104080,動物園,畜養各種動物，供人觀賞、研究或教學的場所。,社會-生活課程 自然科學-生活課程 藝術-生活課程 綜合活動-生活課程,自然科學-自然科學 社會-社會,,,,動物園,tōng-bu̍t-hn̂g
104081,動脈,指在生物體內、從心臟運送血液到全身各器官（包括心臟本身）的多條血管。,,健康與體育-健康與體育,,自然科學-生物 健康與體育-健康教育,,動脈,tōng-me̍h tōng-be̍h
104082,動畫,一種電影及電視的拍攝、製作技術。將人、物的表情、動作、變化等，以靜態的圖畫或物品，單格拍攝，然後將其連續播映，便產生了動態的畫面，稱為「動畫」。,,,,藝術-視覺藝術,藝術-藝術生活,動畫 bàng-gà,tōng-uē bàng-gà
104083,動畫檔,儲存成.gif動畫格式的檔案。,,,,科技-資訊科技,,動畫檔,tōng-uē-tóng tōng-uē-tòng
104084,動態,1.情勢變遷的發展狀態。 2.偏向於肢體活動的。 3.活動或行為的情形。,健康與體育-健康與體育,語文-國語文 藝術-藝術,,語文-國語文 藝術-表演藝術,,動態,tōng-thài
104085,匾額,將字題刻在木、石板上，並懸掛在門楣、壁上的橫額。,,社會-社會,,語文-國語文,藝術-美術,匾 牌匾,pián pâi-pián
104086,區別,分別、辨別。,,,語文-國語文 綜合活動-綜合活動,,,區別,khu-pia̍t
104087,區域,地區、範圍。,健康與體育-健康與體育,綜合活動-綜合活動 健康與體育-健康與體育 社會-社會,社會-社會,自然科學-地球科學 社會-地理,,區域,khu-hi̍k khu-i̍k
104088,參考,查證有關材料來幫助研究和了解。,,社會-社會 綜合活動-綜合活動 健康與體育-健康與體育,綜合活動-綜合活動,,,參考,tsham-khó
104089,參考書目,供參考的圖書目錄。,,,語文-國語文,,,參考書目,tsham-khó su-bo̍k
104090,參宿一,參宿一是獵戶座的一顆三合星，距離太陽系800光年，俗名Alnitak。它與參宿三、參宿二一起組成獵戶的腰帶，參宿一位於最左邊。,,,自然科學-自然科學,,,參宿一,Tsham-siù-it Sim-siù-it
104091,參宿二,參宿二位於獵戶座，西方則稱之為Alnilam，在佛蘭斯蒂德命名法中則稱為獵戶座46。從地球上觀測參宿二，會發現它位在獵戶座的腰帶上,,,自然科學-自然科學,,,參宿二,Tsham-siù-jī Sim-siù-jī
104092,參宿三,參宿三，是獵戶座的恆星，俗名Mintaka，距離地球約900光年。它與參宿一、參宿二組成獵戶座的腰帶。北半球的觀測者面朝南方可以看到，當獵戶座接近中天時，參宿三位於腰帶的最右邊。 ,,,自然科學-自然科學,,,參宿三,Tsham-siù-sann Sim-siù-sann
104093,參宿五,參宿五，亦作獵戶座γ，是獵戶座中的一顆恆星，位於參宿四（獵戶座α）以西5°的位置。,,,自然科學-自然科學,,,參宿五,Tsham-siù-gōo Sim-siù-gōo
104094,參宿六,參宿六是獵戶座的第六亮星，俗名Saiph，其名稱來源於阿拉伯語saif al jabbar，字面意思是巨人之劍。參宿六組成獵戶座四邊形的西南角。北半球的觀測者可以在南方看到它位於獵戶座的左下角；而南半球的觀測者則可以在北方看到它位於獵戶座的右上角。,,,自然科學-自然科學,,,參宿六,Tsham-siù-la̍k Sim-siù-la̍k
104095,售價,商品貨物販售的價格。,,,數學-數學 綜合活動-綜合活動 社會-社會,,,售價 賣價,siū-kè bē-kè
104096,唱片,一種利用機械錄音方法記錄聲音的膠製圓片。上有記錄聲音變化的螺旋細溝，可放在唱機上旋轉，沿著槽紋滑動的唱針尖端發生機械振動，通過唱頭把所錄的聲音重放出來。現今亦包括鐳射唱片。,,,,藝術-音樂,,曲盤 唱片,khik-puânn tshiùnn-phìnn
104097,唱名,按名冊高聲點名。,,藝術-藝術,藝術-藝術,藝術-表演藝術,藝術-音樂,唱名,tshiùnn-miâ
104098,唱奏,唱歌演奏。,,藝術-藝術,,,,唱奏,tshiùnn-tsàu
104099,商店,買賣貨物的店鋪。,健康與體育-健康與體育,綜合活動-綜合活動 健康與體育-健康與體育 社會-社會,綜合活動-綜合活動,,,商店 店頭,siong-tiàm tiàm-thâu
104100,商港,供商船進出貿易的港口。,,,社會-社會,,社會-歷史,商港,siong-káng
104101,商量,商談討論，交換意見。,,社會-社會,,,,商量 參詳 討論 協商,siong-liông tsham-siông thó-lūn hia̍p-siong
104102,問卷,一種設計成問答方式的意見調查表，由被調查人自行填答。,,社會-社會,綜合活動-綜合活動,,,問卷,būn-kuàn mn̄g-kǹg
104103,問題,1.足以引人研究討論，或尚待解決的事。 2.考試時的題目。,語文-國語文,綜合活動-綜合活動 健康與體育-健康與體育 社會-社會,社會-社會 綜合活動-綜合活動,,,問題,būn-tê
104104,啟示,啟發開示。也指從啟發開示中得到的思想、道理或心得。,,語文-國語文,語文-國語文 綜合活動-綜合活動,,語文-國語文,啟示,khé-sī
104105,啟蒙教材,開導初學者學習基礎的知識或技能的教材。,,,語文-國語文,,,啟蒙教材,khé-bông kàu-tsâi
104106,國中,國民中學。,,社會-社會,綜合活動-綜合活動,,,國中,kok-tiong
104107,國文,本國的語文、文學和文化。,語文-國語文,,,,,國文,kok-bûn
104108,國家公權力,國家立於統治權的優越地位，為維護公益，處理公務而動用的權力。,,,社會-社會,社會-歷史,,國家公權力,kok-ka kong-khuân-li̍k kok-ka kong-kuân-li̍k
104109,國家音樂廳,由國家設立的音樂廳，可供國內外大型音樂表演、演奏的室內場地。中華民國國家音樂廳，設於臺北，已於民國76年10月正式開幕啟用。,,藝術-藝術,藝術-藝術,,,國家音樂廳,Kok-ka Im-ga̍k-thiann
104110,國家語言,在事實上或在法律上，能代表一個國家或地區人民的的語言。,語文-國語文,,,,,國家語言,kok-ka gí-giân
104111,國道,屬於國有的道路。,,社會-社會,社會-社會,,社會-地理,國道,kok-tō
104112,國語,1.全國統一使用的標準語，有別於方言。 2.本國特有的語言。,語文-國語文,,社會-社會 綜合活動-綜合活動,,社會-歷史,國語,kok-gí
104113,國際,國與國之間，與各國相關的。,,健康與體育-健康與體育,藝術-藝術 社會-社會 綜合活動-綜合活動,社會-公民與社會 社會-歷史,,國際,kok-tsè
104114,國際化,隨世界潮流演變調適，而兼具多國性質或特色的現象。,,,社會-社會,,社會-歷史,國際化,kok-tsè-huà
104115,國際反地雷組織,國際反地雷組織，是一個由反對製造和使用反步兵地雷的非政府組織組成的國際性聯盟，總部位於瑞士日內瓦。,,,社會-社會,,,國際反地雷組織,Kok-tsè Huán-tē-luî Tsoo-tsit
104116,國際舞臺,比喻世界各國間相互往來的活動範疇。,,社會-社會,,,,國際舞台,kok-tsè bú-tâi
104117,國慶日,由一個國家制定的用來慶祝並紀念國家（national）的國家地位或國家（state）本身的法定假日。它們通常是這個國家的建立、獨立、革命、簽署憲法、元首誕辰或其他有重大紀念意義的周年紀念日；也有些是這個國家守護神的「聖人節」。,,社會-社會,,,,國慶日,Kok-khìng-ji̍t
104118,國樂,本國固有的、傳統的音樂。,,,社會-社會 藝術-藝術,藝術-音樂,,國樂,kok-ga̍k
104119,執行,實行、實施。,,綜合活動-綜合活動 健康與體育-健康與體育 社會-社會,綜合活動-綜合活動,,,執行,tsip-hîng
104121,培養皿,玻璃或塑膠製的實驗器具，用以培養細胞。,,自然科學-自然科學,自然科學-自然科學,自然科學-理化,自然科學-化學,培養皿,puê-ióng-bíng
104122,基金會,為興辦、發展某種事業或活動而組成的團體。資金來源可經由社會募捐或工商業界出資等方式取得。人員有的採固定編制，有些則是義務性協助。,,社會-社會,綜合活動-綜合活動 社會-社會,社會-公民與社會,社會-公民與社會,基金會,ki-kim-huē
104123,堂鼓,樂器名，打擊樂器。是指中國傳統樂器中的大堂鼓（大鼓）、小堂鼓（小鼓），是使用最頻繁的打擊樂器，其地位與日本太鼓、韓國太極鼓相當。以木為框，形圓鼓腹，兩面蒙牛皮。演奏時置於木架上，以鼓槌敲擊。常用於戲曲樂隊和一般民間節慶、廟會樂曲的演奏。鼓身外觀顏色多為紅色，少數是黑色、木材色。古代更被使用在宮廷宴會、升堂、報晨昏、戰爭。,,藝術-藝術,藝術-藝術,藝術-音樂,,通鼓,thong-kóo
104125,婚姻,二人因結婚而產生互為配偶的關係。,,社會-社會,社會-社會,社會-公民與社會,社會-歷史,婚姻,hun-in
104126,婚喪喜慶,泛指結婚、死亡、出生、升官、喬遷等人生大事。,,社會-社會,健康與體育-健康與體育,健康與體育-健康教育,,婚喪喜慶,hun-song-hí-khìng
104127,寄託,1.把理想、希望、情感等交付在某人或某種事物上。 2.寄情託興，借題發揮。,,社會-社會 綜合活動-綜合活動,綜合活動-綜合活動,藝術-表演藝術,語文-國語文,寄託,kià-thok
104128,密集,稠密集結的。,,社會-社會 綜合活動-綜合活動,,,,密集,bi̍t-tsi̍p
104129,密碼,一種特別編定的祕密數碼。經常用於電訊傳遞，也有用於重要文件或其他事物者，藉以達成祕密通訊的目的。,,綜合活動-綜合活動,社會-社會,,,密碼 暗號,bi̍t-bé àm-hō
104130,專有名詞,屬於人、事、物、地所專用的名稱。相對於普通名詞而言。,,語文-國語文,語文-國語文,語文-國語文,,專有名詞,tsuan-iú miâ-sû tsuan-iú bîng-sû
104131,專長,專門而擅長的學問、技能。,健康與體育-健康與體育,綜合活動-綜合活動 健康與體育-健康與體育 社會-社會,綜合活動-綜合活動 健康與體育-健康與體育,,,專長,tsuan-tióng
104132,專業化,職業團體走向具有專門職業特性的趨勢及過程。,,,社會-社會,社會-地理 社會-公民與社會,社會-歷史,專業化,tsuan-gia̍p-huà
104133,崇拜,尊敬佩服。,,社會-社會 綜合活動-綜合活動,綜合活動-綜合活動,,,崇拜,tsông-pài
104134,崑曲,流行於大陸地區江浙一帶的劇種。始於元代，最初是江蘇崑山一帶民間所流行的清唱腔調，故稱為「崑山腔」。明嘉靖年間，魏良輔以崑山腔為基礎，綜合我國各地方腔調，揉合南北曲，以笛、管、笙、琵琶、鑼鼓等為樂器，旋律婉轉細緻，擅長抒情，有「水磨調」之稱，為集南北曲大成的時曲，是明代到清中葉以前我國主要的戲曲腔調。由於所唱的是曲牌，故稱為「崑曲」；因以江南蘇州崑山一帶的語言演出，故也稱為「崑劇」。,,藝術-藝術,,,社會-歷史,崑曲,khun-khik
104135,帳單,記載帳目的單子。,,社會-社會,綜合活動-綜合活動,,,數單,siàu-tuann
104136,帶小數,整數部分不是零的小數叫做帶小數。,,數學-數學,,,,帶小數,tài-sió-sòo
104137,帶原者,指受到傳染病的感染或帶有隱性（recessive）遺傳疾病的不正常基因，卻不表現症狀的人。,,,健康與體育-健康與體育,健康與體育-健康教育,,帶原者,tài-guân-tsiá
104138,帶領,率領。,健康與體育-健康與體育,綜合活動-綜合活動 健康與體育-健康與體育,綜合活動-綜合活動,,,帶領  𤆬領 引𤆬,tuà-niá tài-niá tshuā-niá ín-tshuā
104139,康熙,清聖祖的年號。,,社會-社會,,社會-歷史,社會-歷史,康熙,Khong-hi
104140,強拍,音樂術語，就是小節裡應著重的一個或幾個音。,,,藝術-藝術,,,強拍,kiông-phik
104141,強酸,指在水溶液中幾乎能完全解離的酸。其溶於水時產生大量的氫離子。如硫酸、硝酸、鹽酸、氫溴酸、氫碘酸、過氯酸等。俗稱為「鏹水」。,,,自然科學-自然科學,自然科學-理化,自然科學-化學,強酸,kiông-sng
104142,強鹼,一種腐蝕性極強的鹼，在水溶液中能產生大量的氫氧根離子。,,,自然科學-自然科學,自然科學-理化,自然科學-化學,強鹼,kiông-kinn
104143,彩色,多種顏色。,社會-生活課程 自然科學-生活課程 藝術-生活課程 綜合活動-生活課程,藝術-藝術,,藝術-視覺藝術,,彩色,tshái-sik
104144,彩色筆,彩色筆，是一種兒童用水性彩色繪圖筆。通常筆身為圓筒形塑膠製品，內含墨水，筆頭為纖維製品，並附有塑膠筆蓋。彩色筆的造型及材質與水性麥克筆相似，但筆身較粗，方便兒童使用；筆頭也較粗，適合較大面積塗色，與麥克筆用來畫出「記號」的設計理念略有不同。,社會-生活課程 自然科學-生活課程 藝術-生活課程 綜合活動-生活課程,藝術-藝術 綜合活動-綜合活動,,,,彩色筆,tshái-sik-pit
104145,彩度,色彩因所含水分或其他色素的占有比例，而改變原來色彩明暗濃淡的程度區別。,,,藝術-藝術,藝術-視覺藝術,藝術-藝術生活,彩度,tshái-tōo
104146,彩筆,畫筆。,,藝術-藝術,,,,彩筆,tshái-pit
104147,彩繪,器物或建築上彩色的圖案。,,社會-社會 藝術-藝術,藝術-藝術,藝術-視覺藝術,社會-歷史,彩繪,tshái-huē
104148,得分,得分是指在測驗、體育、遊戲中取得分數。,健康與體育-健康與體育,健康與體育-健康與體育,健康與體育-健康與體育,,健康與體育-體育,得分,tit-hun
104149,御夫座,星座名。位於北天，在英仙座以東。包含亮星五車二。,,,自然科學-自然科學 藝術-藝術,,,御夫座,Gū-hu-tsō
104150,情緒,心理學上指個體因外在的刺激或內在的身體狀況所引起的心理狀態。,健康與體育-健康與體育,語文-國語文 綜合活動-綜合活動 健康與體育-健康與體育 社會-社會,藝術-藝術 綜合活動-綜合活動 健康與體育-健康與體育,藝術-表演藝術 健康與體育-健康教育,健康與體育-健康與護理,情緒,tsîng-sū tsîng-sû
104151,捲軸,可上下瀏覽文件的功能。,,,,科技-資訊科技,,捲軸,kńg-ti̍k
104152,捷式,又稱爬泳，人在水中成俯臥姿勢，兩腿交替上下打水，兩臂輪流划水，動作很像爬行。,,,健康與體育-健康與體育,,,掠篙泅,lia̍h-ko-siû
104153,捷徑,快速連結到某個資料夾。,,,,科技-資訊科技,,捷徑 近路 ,tsia̍t-kìng kīn-lōo
104154,捷運系統,快捷運輸的交通網路。是服務於都會區內安全、舒適且無公害的運輸系統。藉由電腦系統的控制，以經過特別設計的電聯車，行駛於專用軌道上，利用地面、地下或高架路軌設施，提供都市及鄰近地區大量輸送旅客。具有減輕或緩和幹線道路的交通密度或交通流量的功能，是解決大都會交通問題最現代、最有效的工具。,,社會-社會,社會-社會,,,捷運系統,tsia̍t-ūn hē-thóng
104155,掃描,利用電子光束、雷射光、無線電波、聲波、超音波等，依次定向、來回、有順序、週期性的移動過程。如雷達、聲納、電視、電腦都是藉著掃描，方能呈現或接收影像。,,自然科學-自然科學,,,,掃描,sàu-biâu
104156,掃墓,祭拜打掃墳墓。,,社會-社會,社會-社會,,,掃墓 培墓 探墓厝,sàu-bōng puē-bōng thàm-bōng-tshù
104157,排水溝,通稱排洩汙水、雨水的溝渠。,,社會-社會,綜合活動-綜合活動,,,排水溝 消水溝,pâi-tsuí-kau siau-tsuí-kau
104158,排列,排隊。依照次序排成行列。,數學-數學,數學-數學 藝術-藝術 健康與體育-健康與體育,綜合活動-綜合活動,數學-數學 藝術-表演藝術,,排列,pâi-lia̍t
104159,排序,能將一串資料依照特定排序方式進行排列的一種演算法。,,,,數學-數學,,排序,pâi-sī pâi-sū
104160,排隊,依照順序排列成行伍。,社會-生活課程 自然科學-生活課程 藝術-生活課程 綜合活動-生活課程 健康與體育-健康與體育,健康與體育-健康與體育 社會-社會,,,,排隊,pâi-tuī
104161,排灣族鼻笛,鼻笛泛指各種以鼻吹奏的樂器，通常具有以鼻吹氣的吹口，以及用以改變音高的指孔，亦有以控制氣速改變音高。排灣族有世界獨有的直吹式雙管鼻笛，一管無音孔以長奏低音，另一管開3、4音孔，吹奏需同時使用兩個鼻孔；用於婚喪、祭祀、迎客等場合。為排灣重要樂器，因排灣人認為，氣息乃生命的要素。,,,藝術-藝術,,,Paiwan族鼻笛；Paiwan族鼻笛仔,Pâi-uan-tso̍k phīnn-ta̍t Pâi-uan-tso̍k phīnn-ta̍t-á
104162,掠奪,搶奪、奪取。,,,,,社會-歷史,搶剝 搶,tshiúnn-pak tshiúnn
104163,採購,挑選購買。,健康與體育-健康與體育,綜合活動-綜合活動 健康與體育-健康與體育,,,,採購,tshái-kòo
104164,探查,探訪查尋。,,社會-社會,,,,探查,thàm-tsa
104165,接力賽,一種田徑運動中團體競賽的項目。在規定的距離中，由數人分跑等距的長度，以傳遞接力棒方式接替跑完全程。,健康與體育-健康與體育,,藝術-藝術 健康與體育-健康與體育,,,接力賽,tsiap-li̍k-sài
104166,接納,接受、採納。,,綜合活動-綜合活動  健康與體育-健康與體育 社會-社會,綜合活動-綜合活動,健康與體育-健康教育,,接納 接受,tsiap-la̍p tsiap-siū
104167,控制鈕,放置在表單或是工作表上的一些圖形物件，可以用來顯示或輸入資料、執行動作。,,,,科技-資訊科技,,控制鈕,khòng-tsè-liú
104168,推力,用來推動事物的力量。在物理上是指引擎或動力螺旋所產生的力。,,自然科學-自然科學,自然科學-自然科學,自然科學-理化 社會-地理,自然科學-物理,推力,thui-li̍k
104170,推理小說家,善於寫以推理為主題的作家。,,,語文-國語文,,,推理小說家,tshui-lí sió-suat-ka tshui-lí siáu-suat-ka
104171,推舉,推選薦舉。,,社會-社會,綜合活動-綜合活動,,,推舉,thui-kí tshui-kí
104172,措施,為解決某種情況所採取的處理方法。,,社會-社會 綜合活動-綜合活動 健康與體育-健康與體育,綜合活動-綜合活動,社會-公民與社會 社會-歷史,,措施,tshòo-si
104173,敏捷性,具迅速快捷的性質。,健康與體育-健康與體育,,,健康與體育-體育,健康與體育-體育,敏捷性,bín-tsia̍t-sìng
104174,敏捷度,反應迅速快捷。,,,健康與體育-健康與體育,,,敏捷度,bín-tsia̍t-tōo
104175,救援,救助、援助。,,綜合活動-綜合活動 健康與體育-健康與體育 社會-社會,社會-社會 綜合活動-綜合活動,,,救援,kiù-uān
104176,救濟,用財物幫助貧苦的人。,,,社會-社會,社會-公民與社會,社會-歷史,救濟,kiù-tsè
104177,敘述句,敘說一件完整事件的句子。這種句子敘說部分有動詞為其中心成分。,,語文-國語文,語文-國語文,語文-國語文,,敘述句,sū-su̍t-kù
104178,敘寫方式,用敘述的角度來描寫人和事物的方式。,,語文-國語文,,,,敘寫方式,sū-siá hong-sik
104179,教師,教授學生，傳授知識的人。,,健康與體育-健康與體育 社會-社會,綜合活動-綜合活動,,,教師 老師,kàu-su lāu-su
104180,教堂,基督教教徒集會傳教與舉行儀式的建築物。,,社會-社會,綜合活動-綜合活動 社會-社會,社會-歷史,社會-歷史,教堂 禮拜堂,kàu-tn̂g lé-pài-tn̂g
104181,教義,宗教的義理與宗旨。,,,社會-社會,社會-地理 社會-公民與社會 社會-歷史,社會-歷史,道理,tō-lí
104182,斜鉤,漢字組成的基本筆畫。,語文-國語文,,,,,斜鉤,tshiâ-kau
104183,梁柱,用來支撐房屋等建築物的條柱。,,健康與體育-健康與體育,綜合活動-綜合活動,藝術-表演藝術,,梁柱,niû-thiāu
104184,梆子,樂器名。由兩根硬木棒組成。音響脆而堅實，為梆子戲的主要擊節樂器。,,,藝術-藝術,藝術-音樂,,柝仔 柝仔板,kho̍k-á kho̍k-á-pán
104185,條約,國與國之間所締結的盟約。,,,社會-社會,社會-歷史,,條約,tiâu-iok
104186,梯田,山坡上呈階梯狀的田地。階與階之間以矮埂相隔，有利於耕作及蓄水。,,社會-社會,社會-社會,社會-地理,,捋仔田 坪仔田,lua̍h-á-tshân pênn-á-tshân
104187,梯形四角柱,底面是梯形的柱體。,,,數學-數學,,,梯形四角柱,thui-hîng sì-kak-thiāu
104188,棄嬰,被父母遺棄的嬰兒。,,,社會-社會,,,棄嬰,khì-ing
104189,氫氧離子,化學符號為OH-。其中氫和氧之間以共價鍵連接，整體帶一單位的負電荷。,,,自然科學-自然科學,,自然科學-化學,氫氧離子,khing-ióng-lî-tsú
104190,液化石油氣,從石油中提煉出來並經高壓液化的燃料。為英語 Liquefied Petroleum Gas的義譯。是天然氣之外的主要家庭燃料，目前家庭用的桶裝瓦斯即是。英文縮寫為LPG。,,,自然科學-自然科學,自然科學-理化,,液化石油氣,i̍k-huà tsio̍h-iû-khì
104191,液晶,某些具有液體的流動性及表面張力，又表現出某方面晶體光學性質的有機物質。其分子排列規律，可由外加電壓影響，常用來作顯示之用。,,,社會-社會,,,液晶,i̍k-tsinn i̍k-tsing
104192,淋浴,一種以水澆灑身體的洗澡方式。,社會-生活課程 自然科學-生活課程 藝術-生活課程 綜合活動-生活課程 健康與體育-健康與體育,綜合活動-綜合活動,綜合活動-綜合活動,健康與體育-健康教育,,灇浴 沖浴,tsâng-i̍k tshiâng-i̍k
104193,淘汰,經由選擇或競爭，剔除較低劣的人或物。,,,綜合活動-綜合活動,,,淘汰,tô-thài
104194,淤積,水中泥沙因水流緩慢或停滯而沉積。,,社會-社會 綜合活動-綜合活動,綜合活動-綜合活動,社會-地理,,積窒,tsik-that
104195,淨山,使山上乾淨。,,綜合活動-綜合活動,綜合活動-綜合活動,,,淨山,tsīng-suann
104196,淨重,物品除去包裝或容器後的實際重量。,,數學-數學,,,,淨重,tsīng-tāng
104197,混色效果,不同色相的色料混合後所產生的效果。,,藝術-藝術,,,,濫色效果,lām-sik hāu-kó
104198,混色紙,兩色以上的色紙。,,藝術-藝術,,,,濫色紙,lām-sik-tsuá
104200,添加物,為了某種用途而增加進去的東西。,,健康與體育-健康與體育,自然科學-自然科學 綜合活動-綜合活動 健康與體育-健康與體育,健康與體育-健康教育 社會-地理,健康與體育-健康與護理,添加物,thiam-ka-bu̍t
104201,清水,清澈而不含雜質的水。,社會-生活課程 自然科學-生活課程 藝術-生活課程 綜合活動-生活課程,健康與體育-健康與體育,自然科學-自然科學 社會-社會,自然科學-理化,,清水,tshing-tsuí
104202,清明,二十四節氣之一。國曆4月4、5或6日。,,,自然科學-自然科學,,,清明,tshing-bîng tshinn-miâ
104203,清真寺,回教徒禮拜的場所。寺旁有尖塔，寺內不得供奉任何偶像或供品，寺外有宣禮塔，宣禮員在塔上呼喚信徒參加每日五次的禮拜。,,社會-社會,社會-社會,社會-地理,社會-歷史,清真寺,tshing-tsin-sī
104204,清朝,朝代名。（西元1644－1911年）滿族愛新覺羅氏所建。為中國最後一個王朝，亡於辛亥革命。,,,社會-社會,社會-地理 社會-歷史,社會-歷史,清朝,Tshing-tiâu
104205,烹飪,1.烹煮調理。 2.烹煮調理食物的事。,,綜合活動-綜合活動,社會-社會,社會-地理,,煮食,tsú-tsia̍h
104206,烽火,古時軍隊用來示警、傳遞軍情的煙火。,,,社會-社會,,,火號 白火,hué-hō pe̍h-hué
104207,犁,1.翻土用的農具。 2.耕土、翻土。,,社會-社會,,,社會-歷史,犁,lê
104209,現代舞,愛莎多娜．鄧肯於19世紀末、20世紀初所倡導的一種舞蹈。強調自然、自由、美的表現。也稱為「近代舞」、「新舞蹈」。,,藝術-藝術,,藝術-表演藝術,社會-歷史,現代舞,hiān-tāi-bú
104210,球拍,打球用的拍子。,,,綜合活動-綜合活動,,健康與體育-體育,球桮,kiû-pue
104211,球面,球體的表面。,健康與體育-健康與體育,,數學-數學 健康與體育-健康與體育,,,球面,kiû-bīn
104212,球桿,打球用的桿子。,健康與體育-健康與體育,,,,健康與體育-體育,球箠,kiû-tshuê
104213,球場,球類運動的場所。,健康與體育-健康與體育,綜合活動-綜合活動 健康與體育-健康與體育,社會-社會 健康與體育-健康與體育,,,球場 球埕,kiû-tiûnn kiû-tiânn
104214,球賽,球類競賽。,,綜合活動-綜合活動,,,,球賽,kiû-sài
104215,球類運動,統稱以各類球具為運動器材的活動。,,健康與體育-健康與體育,綜合活動-綜合活動 健康與體育-健康與體育,,,球類運動,kiû-luī ūn-tōng
104216,理念,理性概念，由思考或推理而得的概念或想法。,,,社會-社會,藝術-表演藝術 社會-公民與社會,社會-歷史,理念,lí-liām
104217,瓷器,以瓷土燒製成的器物。一般燒製過程為：以經過精選或淘洗過的瓷土為原料，坯質具半透明性，不吸水，經攝氏1200－1300度的高溫焙燒。成品質地堅硬細緻，叩之有金石聲。表面塗有玻璃質的釉，細膩富光澤。,,藝術-藝術 自然科學-自然科學,社會-社會,社會-歷史,社會-歷史,瓷仔 幼瓷,huî-á iù-huî
104218,產地履歷,產銷履歷是自願性農產品驗證制度，通過驗證的產品才可宣稱「產銷履歷」，並且受法律保障相關權益。,,,社會-社會,,,產地履歷,sán-tē lí-li̍k
104219,產值,產品換算成貨幣計算的價值。通常隨時間、經濟變化而波動。,,,社會-社會,社會-地理,,產值,sán-ta̍t
104220,產量,物品出產的總量。,,,社會-社會,社會-歷史,社會-歷史,產量,sán-liōng
104221,產道,產道包括骨產道（骨盆腔）及軟產道（子宮下段、子宮頸、陰道、外陰），是胎兒經陰道娩出的通道。,,,健康與體育-健康與體育,自然科學-生物 健康與體育-健康教育,,產道,sán-tō
104222,畢氏定理,是平面幾何中一個基本而重要的定理。,,,,數學-數學,數學-數學,畢氏定理,Pit--sī tīng-lí
104223,畢業,在學校或訓練班修完規定的課程。,健康與體育-健康與體育,,綜合活動-綜合活動,,,出業 畢業,tshut-gia̍p pit-gia̍p
104224,畢業典禮,為畢業生所舉行的畢業儀式。,健康與體育-健康與體育,,綜合活動-綜合活動,,,畢業典禮,pit-gia̍p-tián-lé
104226,異味,奇特的味道。,,,綜合活動-綜合活動,,,異味怪味,ī-bī kuài-bī
104227,異國文化,外國或他國的文字、語言、建築、飲食、工具、技能、技術、知識、習俗、藝術等。,,,綜合活動-綜合活動 社會-社會,,,異國文化,ī-kok bûn-huà
104228,疏忽,做事粗心大意，不周密。,,綜合活動-綜合活動 健康與體育-健康與體育,綜合活動-綜合活動,,,疏忽 失覺察,soo-hut sit-kak-tshat
104229,疏散,把密集的人員、物質、裝備搬移分散開來。,,社會-社會,,,藝術-美術,疏散 疏開,soo-sàn soo-khai
104230,痕跡,事物留下的跡象。,,社會-社會,綜合活動-綜合活動,,,痕跡,hûn-jiah
104231,眷村,官兵眷屬所居住的村落。,,,綜合活動-綜合活動 社會-社會,社會-地理 社會-公民與社會,社會-歷史,眷村,kuàn-tshun kuàn-tshuan
104232,眼鏡蛇,動物名。爬蟲類有鱗目。長4、5尺，背褐色，腹青白色，毒牙有溝，可注毒液。頸部有一對白邊黑心的環狀斑紋，形如眼鏡，怒則頸膨大，昂首直立。晝伏夜出。,,自然科學-自然科學,,,,飯匙銃,pn̄g-sî-tshìng
104233,眾數,指一組數據中出現次數最多的數據值。,,,數學-數學,數學-數學,,眾數,tsiòng-sòo
104234,硫磺,一種非金屬元素。在常溫下為黃色固體，性烈易燃，可用來製造火藥、火柴、農藥、肥料、染料等，也可作為藥品。,,,自然科學-自然科學,自然科學-理化,自然科學-化學,硫磺,liû-hông
104235,祭品,祭祀時使用的供品。,,綜合活動-綜合活動 社會-社會,社會-社會,健康與體育-健康教育,社會-歷史,祭品,tsè-phín
104236,祭拜,祭祀禮拜。,,社會-社會,,,,祭拜 拜拜 獻敬,tsè-pài pài-pài hiàn-kìng
104237,笙,樂器名，吹管樂器。源自中國的簧管樂器。用13－17根裝有簧片的竹管和一根吹氣管，裝在一個鍋形的底座上製成。演奏時以口接於吹管，分別以指按簧管，吹之發聲。能奏和聲，吹氣及吸氣皆能發聲，其音色清晰透亮。今常用的高音笙多為三十六簧，常用於獨奏與合奏。目前還有中音笙、次中音笙、低音笙，多用於合奏。,,,藝術-藝術,藝術-音樂,,笙,sing
104238,笛子,樂器名，吹管樂器，橫吹。現今的笛子多為開八孔，最左邊的是吹孔，其次是膜孔，之下有六個按音孔。所吹奏的音調範圍極廣，除伴奏外，尚可獨奏。笛子的形制大小不一，最常用的有梆笛、曲笛兩種。現有木、竹、金屬、塑膠等不同材質。,,藝術-藝術,藝術-藝術,藝術-音樂,,𥰔仔,phín-á
104239,笛孔,笛子上的音孔。,,藝術-藝術,藝術-藝術,,,𥰔仔空,phín-á-khang
104240,笛膜,貼於笛子膜孔上的薄膜。是利用蘆葦內或竹內的薄膜製成，有擴大音量並使音色清脆明亮的作用。,,藝術-藝術,,,,𥰔仔膜,phín-á-mo̍oh
104241,符值,也稱為音符時值，在樂譜中用來表達各音符之間的相對持續時間。,,藝術-藝術,,,,符值,hû-ta̍t
104242,符頭,符頭為音符的一部分，它可以在五線譜的線或間上。符頭的位置可以標示樂器的音高，而爵士鼓的樂譜中其位置和形狀可以標示樂器的種類。,,藝術-藝術,,,,音符頭,im-hû-thâu
104243,第一小提琴,第一小提琴，是管弦樂團中的聲部之一。在管弦樂團中，小提琴聲部分分為兩組：第一小提琴和第二小提琴。第一小提琴負責樂曲主音部分，一般位於舞台的左前方。,,,藝術-藝術,藝術-音樂,藝術-音樂,第一小提琴,tē-it sió-thê-khîm
104244,第二小提琴,第一小提琴，是管弦樂團中的聲部之一。在管弦樂團中，小提琴聲部分分為兩組：第一小提琴和第二小提琴。第二小提琴負責和音部分，大多是伴奏型態。襯托第一小提琴的分部，編制一般與第一小提琴相等或少兩人。,,,藝術-藝術,藝術-音樂,藝術-音樂,第二小提琴,tē-jī sió-thê-khîm
104245,第二次世界大戰,西元1939年9月1日德國攻擊波蘭，至西元1945年9月2日日本投降的世界大戰。由中、美、英、法、蘇等同盟國，抵抗德、義、日等軸心國的侵略；戰場包括歐、亞、非、澳四大洲；方式為陸海空之立體戰。,,,社會-社會,社會-地理 社會-歷史,社會-歷史,第二次世界大戰,Tē-jī-tshù Sè-kài Tāi-tsiàn
104246,粗糙,不光滑、不細緻。,,,社會-社會,,,粗 粗澀,tshoo tshoo-siap
104247,粗鹽,粗鹽為海水或鹽井、鹽池、鹽泉中的鹽水經煎曬而成的結晶，即天然鹽，是未經加工的大粒鹽，主要成分為氯化鈉，但因含有氯化鎂等雜質，在空氣中較易潮解，因此存放時應注意濕度。粗鹽能刺激和促進皮脂腺的分泌，有助於排出體內老化物和去除表面死皮層，從而令肌膚得以更新。,,自然科學-自然科學,,自然科學-理化,,粗鹽,tshoo-iâm
104248,細胞,構成生物體的基本單位。由細胞核、細胞質和細胞膜所組成。植物的細胞膜外面還有細胞壁。,健康與體育-健康與體育,自然科學-自然科學,自然科學-自然科學,自然科學-生物 健康與體育-健康教育,自然科學-生物,細胞,sè-pau
104249,細鹽,細鹽也叫加工鹽或精鹽，是經過去除雜質後再次結晶析出的鹽，雜質少，經過加工後有些微量元素也被去除了，有時還要加入碘，特意制出加碘鹽，用來預防甲狀腺病。,,自然科學-自然科學,,,,幼鹽,iù-iâm
104250,終止線,作為樂曲的結束的稱為終止線，是內細外粗的雙直線。,,藝術-藝術,,藝術-音樂,,終止線,tsiong-tsí-suànn
104251,組曲,由幾首短曲組合成套的樂曲。可分為古代組曲和現代組曲兩種。前者流行於17、18世紀間，由同一調性的各種舞曲串連而成。後者則無嚴格的組成規範，既可從歌劇、戲劇、電視等的音樂中選出若干段樂曲合輯而成，也可根據特定的主題專門創作。,社會-生活課程 自然科學-生活課程 藝術-生活課程 綜合活動-生活課程,藝術-藝術,綜合活動-綜合活動,藝術-音樂,藝術-音樂,組曲,tsoo-khik
104252,絆倒,走路時，腳部碰到東西，受到攔阻，使身體失去重心而跌倒。,,綜合活動-綜合活動 健康與體育-健康與體育,,,,經倒,kenn--tó
104253,統一發票,政府為防止漏稅，規定公司行號使用的同一種收據、憑證。營業人於交易時，按貨物銷售價格開立發票，一聯存根，一聯交予顧客收執及對獎，政府亦憑此課稅。,,社會-社會,社會-社會,,,統一發票,thóng-it-huat-phiò
104254,統治,政府為維持國家的生存與發展而運用國權，以支配領土和國民的行為。,,,社會-社會,社會-歷史,社會-歷史,統治,thóng-tī
104255,脫臼,骨頭末端因跌倒或骨頭受撞擊等外力影響而脫離關節的位置。,,健康與體育-健康與體育,健康與體育-健康與體育,,健康與體育-體育,脫輪,thu̍t-lûn
104256,脫氧劑,指可吸收氧氣、減緩氧化作用的添加劑。,,,自然科學-自然科學,自然科學-理化,,脫氧劑,thuat-ióng-tse
104257,脫離,離開、斷絕。,,綜合活動-綜合活動,社會-社會,,,脫離,thuat-lī
104258,荷爾蒙,正式的醫學名詞為激素，是身體裡面各器官之間傳導訊息的化學物質，是由內分泌腺所製造的。,,,健康與體育-健康與體育,自然科學-生物 健康與體育-健康教育,,hoo-lú-bóng,hoo-lú-bóng
104260,處方箋,藥單。,,健康與體育-健康與體育,健康與體育-健康與體育,,健康與體育-健康與護理,藥方 藥單 處方,io̍h-hng io̍h-tuann tshú-hng
104261,處暑,二十四節氣之一。陽曆8月23或24日，此日過後，夏天的暑氣漸將結束，天氣漸轉涼爽。,,,自然科學-自然科學,,,處暑,tshù-sú
104262,蛋白,包在蛋黃外面的透明黏液，是未成形幼鳥的養料。也稱為「蛋清」。,,,自然科學-自然科學,自然科學-生物,,卵清,nn̄g-tshing
104263,蛋白質,生物體內一種大分子，由多種胺基酸聚合而成；為生物體生存、生長、繁殖等功能所不可或缺。,健康與體育-健康與體育,健康與體育-健康與體育,,自然科學-生物 健康與體育-健康教育,自然科學-生物,卵白質,nn̄g-pe̍h-tsit
104264,蛋黃,鳥類卵裡的黃色膠狀物體。球形，有一個小圓點為胚盤、胚點，幼鳥即由此發育生長。,,健康與體育-健康與體育,自然科學-自然科學,,,卵仁,nn̄g-jîn
104265,蛋糕,用雞蛋、麵粉、糖、香料等和勻烘烤製成的糕點。,綜合活動-生活課程,健康與體育-健康與體育,,,,雞卵糕,ke-nn̄g-ko
104266,設定,電子裝置中由用戶所決定使用的功能或功能的效果。,,綜合活動-綜合活動 健康與體育-健康與體育,,,,設定,siat-tīng
104267,設計感,富有美感及創意的設計作品或理念。,,,藝術-藝術,,,設計感,siat-kè-kám
104268,設計圖,預先丈量規劃製成的圖樣。製作者或施工的人據比例即可做成成品。,,藝術-藝術,,,,設計圖,siat-kè-tôo
104269,設問法,講話行文時，忽然由平敘的語氣變為詢問語氣的修辭法。用以提起篇旨，製造文章餘韻，構成前後呼應，或加強語文氣勢。,,,語文-國語文,,,設問法,siat-būn-huat
104270,設備,建築或器物的設置、設備。,健康與體育-健康與體育,社會-社會 綜合活動-綜合活動 健康與體育-健康與體育,藝術-藝術 綜合活動-綜合活動,社會-地理,,設備,siat-pī
104271,貧血,血液中的紅血球細胞濃度減少、血色素降低或血液稀薄的狀態。,,,健康與體育-健康與體育,健康與體育-健康教育,健康與體育-健康與護理,貧血 欠血,pîn-hiat khiàm-hueh
104273,貨櫃,一種長立方巨型鐵箱，可裝貨物並便利各種聯運而提高裝卸效能。通常以貨櫃船載運至碼頭後，以起重機吊至貨櫃車上送達目的地。,,,社會-社會,,,貨櫃,huè-kuī
104275,責任,本分應做的事。,健康與體育-健康與體育,綜合活動-綜合活動 健康與體育-健康與體育 社會-社會,綜合活動-綜合活動 健康與體育-健康與體育,健康與體育-健康教育 社會-公民與社會,,責任,tsik-jīm
104276,軟體,使電腦系統能順利運作和正確提供使用者所需訊息的一些程式集的統稱。與可觸摸到的硬體不同。,,,綜合活動-綜合活動,,,軟體,nńg-thé
104277,透明膠帶,塗有黏膠，可用於纏裹物體、黏貼物品的透明帶狀物。,,,藝術-藝術,,,透明黏布,thàu-bîng liâm-pòo thò-bîng liâm-pòo
104278,透視法,使平面繪畫作品呈現出長、寬、深的立體繪畫技巧。,,,藝術-藝術,,藝術-藝術生活,透視法,thàu-sī-huat
104279,途徑,方法、門道。,,社會-社會 健康與體育-健康與體育,,,,途徑 路徑,tôo-kìng lōo-kìng
104280,通知,1.傳達訊息使他人知曉。 2.機關對內部單位或平行機構，所發出之洽辦或告知事情的文書。,,語文-國語文 綜合活動-綜合活動,,,,通知,thong-ti
104281,通訊,信件、訊息或信號的傳遞。,,社會-社會,社會-社會,社會-地理 社會-公民與社會 社會-歷史,社會-歷史,通訊,thong-sìn
104282,通婚,不同的家庭或種族間，以婚姻結成姻親關係。,,,社會-社會,社會-歷史,社會-歷史,通婚,thong-hun
104283,通貨膨脹,因貨幣流通量增加導致幣值跌落，使物價大幅上漲的現象。,,,社會-社會,,社會-歷史,通貨膨脹,thong-huè phòng-tiòng
104284,通勤,就業或就學者以搭乘交通工具的方式，往返於住家與工作地或學校之間。,,,社會-社會,社會-地理,,通勤,thong-khîn
104285,通緝,法院發出緝捕文書，通令各地檢察官或司法警察機關捉拿在逃的嫌犯或受刑人。,,,社會-社會,,,通緝,thong-tsi̍p thong-tship
104286,造字,創造文字。,,,語文-國語文,語文-國語文,,造字,tsō-jī
104287,造紙,製作紙張。,,,社會-社會,,社會-歷史,造紙,tsō-tsuá
104288,造船,製造船隻。,,,社會-社會,社會-地理,社會-歷史,造船,tsō-tsûn
104289,連比,三個或三個以上的數連續相比，這樣的比叫做連比。,,,數學-數學,數學-數學,,連比,liân-pí
104290,連續加減法,三個數字以上的連續加法或減法運算。,,數學-數學,,,,連續加減法,liân-sio̍k ka-kiám-huat
104291,連續乘除法,三個數字以上的連續乘法或除法運算。,,數學-數學,,,,連續乘除法,liân-sio̍k sîng-tî-huat
104292,部分量,求百分率的時候，部分量÷全部量＝百分率。,,,數學-數學,,,部份量,pōo-hūn-liōng
104293,都市化,使發展成為都市。,,,自然科學-自然科學 社會-社會,社會-地理,社會-歷史,都市化,too-tshī-huà
104294,都會,指大都市。,,,社會-社會,社會-地理,,都會,too-huē
104295,酗酒,飲酒沒有節制且已成癮。,,,健康與體育-健康與體育,健康與體育-健康教育,健康與體育-健康與護理,糝啉,sám-lim
104296,野生動物,非經人工飼養繁殖，在野外自然生長的動物。,,自然科學-自然科學 綜合活動-綜合活動,綜合活動-綜合活動,,,野生動物,iá-sing tōng-bu̍t
104297,野柳,地名。位於新北市萬里區的一個小漁村，海岸地形景觀特殊，為著名觀光風景區。,,,社會-社會,,社會-地理,野柳,Iá-liú
104298,陰道,女性生殖器官的一部分。為自子宮下端達於外陰部前後的扁平膜管，具擴張性。除供交合外，並作為產道。,,,健康與體育-健康與體育,自然科學-生物 健康與體育-健康教育,健康與體育-健康與護理,陰道,im-tō
104299,陰囊,男性外生殖器的一部分。包藏睪丸的囊，位於腹部下面，兩股根部的中間。也稱為「腎囊」。,,,健康與體育-健康與體育,健康與體育-健康教育,健康與體育-健康與護理,𡳞脬,lān-pha
104300,陳情書,向上級機關陳述實情的文書。,,,社會-社會,,,陳情書,tîn-tsîng-su
104301,陵寢,古代帝王的墳墓。今亦用以尊稱國家領袖的墓地。,,,社會-社會,,社會-歷史,陵寢,lîng-tshím
104302,陶瓷纖維網,用鐵線作成的方形鐵網，加熱時的熱傳導性良好。,,自然科學-自然科學,,自然科學-生物,自然科學-化學,瓷仔纖維網,huî-á tshiam-uî-bāng
104303,陶笛,陶笛（拉丁語：Ocarina），是一種具有悠久歷史的吹管樂器。現代陶笛的雛型曾在不同文化中出現。,,藝術-藝術,,,,塗觱哹,thôo-pi-pu
104304,陸運,以鐵路、公路等陸地交通工具進行的運輸。,,社會-社會,社會-社會,社會-地理,社會-歷史,陸運,lio̍k-ūn
104305,魚,水生脊椎動物的總稱。冷血、卵生或卵胎生、有鱗，以鰓呼吸，以鰭游泳，種類繁多，分布於各種水域中。,社會-生活課程 自然科學-生活課程 藝術-生活課程 綜合活動-生活課程,自然科學-自然科學 健康與體育-健康與體育,自然科學-自然科學 綜合活動-綜合活動 社會-社會,,社會-歷史,魚,hî
104306,魚苗,剛由魚卵孵化成的魚仔。,,社會-社會,,,,魚栽,hî-tsai
104307,魚塭,在海邊平地上，挖掘出來引水養殖魚類的池塘。,,自然科學-自然科學 社會-社會,自然科學-自然科學 社會-社會,社會-地理,,魚塭 塭仔,hî-ùn ùn-á
104308,魚餌,釣魚時引魚上鉤的食品。,,綜合活動-綜合活動,,,,釣餌,tiò-jī
104309,魚蝦,魚和蝦。泛指各種水產。,,綜合活動-綜合活動,社會-社會 綜合活動-綜合活動,,,魚蝦,hî-hê
104310,鳥類,脊椎動物的一綱，全身被有羽毛，尖喙、卵生，為恆溫動物。,,自然科學-自然科學,自然科學-自然科學 綜合活動-綜合活動 社會-社會,自然科學-生物,自然科學-生物,鳥類,tsiáu-luī
104311,鹿,動物名。哺乳綱偶啼目鹿科。體型細長，腿長，褐色毛，性溫順，雄鹿有角。棲息於沙漠、凍原、沼澤和高山坡地等地區。肉可食用，皮可製革，角可供作裝飾品。,,,社會-社會,,,鹿,lo̍k
104312,鹿茸,初生的鹿角。鹿角在未發育完成前較為柔軟，上面覆蓋著密布血管的皮膚，長著天鵝絨般的細毛，故稱為「鹿茸」。是一種珍貴的中藥材，中醫用作滋補強壯劑，對體質虛弱、精神衰弱等有療效。,,,社會-社會,,,鹿茸,lo̍k-jiông
104313,麻花步,舞步的一種。第一拍左腳向左；第二拍右腳踩於左腳前方；第三拍左腳順勢向左採；第四拍右腳併向左腳。,,健康與體育-健康與體育,,,健康與體育-體育,索仔步,soh-á-pōo
104314,麻糬,一種用糯米製成，軟而韌性強的食品。,社會-生活課程 自然科學-生活課程 藝術-生活課程 綜合活動-生活課程,社會-社會,,,,麻糍,muâ-tsî
104315,傀儡戲,用木偶來表演的戲。廣義的包括所有的木偶戲，狹義的指杖頭傀儡和懸絲傀儡。相傳周、秦時代就有木偶戲，宋有杖頭傀儡、懸絲傀儡、藥發傀儡、水傀儡等，元、明、清以來傀儡戲皆有流行。近世多稱為「木偶戲」。又古代演傀儡戲的人在扁擔的一端，挑著圓形的箱籠，另一端附著一個戲臺，挑著到處表演。也稱為「扁擔戲」。,,,社會-社會 藝術-藝術,藝術-表演藝術,社會-歷史,傀儡戲,ka-lé-hì
104316,備份,檔案的拷貝。,,,,科技-資訊科技,,備份,pī-hūn
104317,割讓,因戰敗或受侵略，被迫劃分部分領土給外國。,,,社會-社會,,,割讓,kuah-niū
104318,創作者,指創造文學藝術作品之作者。,,藝術-藝術,藝術-藝術,藝術-表演藝術,,創作者,tshòng-tsok-tsiá
104319,創制權,憲法賦予人民參政權之一。即人民有要求議會制定某種法律，或自行起草法律案，提交議會表決之權。,,,社會-社會,,社會-公民與社會,創制權,tshòng-tsè-khuân tshòng-tsè-kuân
104320,勞力,1.勞動力。 2.使用體力工作。,,社會-社會,社會-社會,社會-地理 社會-公民與社會,社會-歷史,勞力,lô-li̍k
104321,勞工,受僱從事勞動工作以獲取薪資的人。,,,社會-社會,社會-地理 社會-公民與社會,社會-歷史,勞工,lô-kang
104322,勞動基準法,規定勞動條件最低標準的法規。,,,社會-社會,社會-公民與社會,社會-公民與社會,勞動基準法,lô-tōng ki-tsún-huat
104323,博覽會,廣集各式工商產品，陳列展覽，藉以促進文化交流、工商業進步的展覽會。,,,社會-社會,,社會-歷史,博覽會,phok-lám-huē
104324,喇叭,音響系統裡，利用電能轉成聲音的裝置。其構造主要有兩部分：一是固定位置的永久磁鐵，一是和線圈相連的紙製圓錐。當線圈內的電流產生變化時，受磁鐵作用的力量也起變化，紙製圓錐跟著振動，因而發出聲音。,社會-生活課程 自然科學-生活課程 藝術-生活課程 綜合活動-生活課程,,自然科學-自然科學 社會-社會,,,喇叭,lá-pah
104325,喉結,男性在青春期後，於頸部前面，由喉部甲狀軟骨所生成的隆起物。,,,健康與體育-健康與體育 綜合活動-綜合活動,自然科學-生物 健康與體育-健康教育,,頷頸珠 頷珠 雄骨,ām-kún-tsu ām-tsu hiông-kut
104326,喪葬,辦理人死後的一切事宜。,,,社會-社會,,社會-歷史,喪葬,song-tsòng
104327,單口相聲,說唱藝術。由一個人表演，講述笑話。,,語文-國語文,,藝術-表演藝術,,個人答喙鼓,kò-jîn tap-tshuì-kóo
104328,單皮鼓,樂器名，打擊樂器。單面蒙皮，鼓框用堅實的木料製成，圓形，鼓腔內呈喇叭形，鼓面中間部分稍凸起，為鼓心。京劇和北方戲曲使用的板鼓鼓心較小，南方十番鑼鼓的鼓心較大。演奏時，將鼓空懸在繫有繩子的竹製或木製的架子上，用兩根鼓簽敲擊。在戲曲伴奏和民間樂器合奏中居指揮地位，有時用於獨奏。也稱為「梆鼓」、「板鼓」。,,,藝術-藝術,藝術-音樂,,煏鼓,piak-kóo
104329,單位換算,把一種單位的數量折合成另一種單位的數量。,,,數學-數學,,,單位換算,tan-uī uānn-sǹg
104330,單價,貨物一單位的賣價。,,,數學-數學,,,單價,tan-kè
104331,單數,數學上指正的奇數。,,數學-數學,,,語文-英語文,單數,tan-sòo
104332,單簧管,樂器名，吹管樂器。直吹的木管樂器。從夏盧摩笛（法語：Chalumeau，一種古代的單簧低音樂器）發展而來的，形成於17世紀末。藉由吹奏者所吹的氣和下脣的適當壓力，使固定於吹口上的簧片產生振動而發聲。也稱為「黑管」、「豎笛」。,,藝術-藝術,藝術-藝術,藝術-音樂,藝術-音樂,單簧管 烏笛仔,tan-hông-kuán oo-ta̍t-á
104333,圍兜,幼兒穿掛在胸前，用來承接口水，防止衣服潮溼或汙染的穿著物。,,,綜合活動-綜合活動,,,頷垂 瀾垂,ām-sê nuā-sê
104334,圍剿,包圍起來消滅。,,,,,社會-歷史,圍剿,uî-tsâu
104335,報告,1.陳述，一般多為下對上。 2.報告的言語內容或文書。 3.應用文的一種。用於下級人員向上級陳述時。,語文-國語文 社會-生活課程 自然科學-生活課程 藝術-生活課程 綜合活動-生活課程,綜合活動-綜合活動 社會-社會,綜合活動-綜合活動,,,報告,pò-kò
104336,報酬,對出力者所提供的酬資、回饋。,,社會-社會 綜合活動-綜合活動,綜合活動-綜合活動 社會-社會,社會-公民與社會,,報酬,pò-siû
104337,場地,為某種需要而設立的地方或空地。,,健康與體育-健康與體育 綜合活動-綜合活動,健康與體育-健康與體育,藝術-表演藝術,,場地,tiûnn-tē
104338,媒體,傳播資料訊息的工具。如電視、廣播、報章雜誌等。,,,綜合活動-綜合活動 社會-社會,藝術-表演藝術 社會-公民與社會,社會-公民與社會,媒體,muî-thé
104340,富翁,財富很多的人。,綜合活動-生活課程,,綜合活動-綜合活動,,,好額人,hó-gia̍h-lâng
104341,寒色系,綠色、藍色和藍綠色等，皆是屬於寒色系的顏色。,,藝術-藝術,,,,冷色系,líng-sik-hē
104342,寒帶,地球表面距兩極各23.5度以內的地帶。在北的稱為「北寒帶」，在南的稱為「南寒帶」。氣候終年寒冷，有極晝和極夜現象。,,,社會-社會,社會-地理,,寒帶,hân-tài
104343,寒露,二十四節氣之一。國曆10月8日或9日。此時入秋，露氣寒冷，為秋收秋種之時。,,,自然科學-自然科學,,,寒露,hân-lōo
104344,就地取材,在自己所在的地方，選取所需的材料。後亦用於指在自己所處之地，選取合意的人才或事物。,,社會-社會,綜合活動-綜合活動,,,就地取材,tsiū-tē-tshú-tsâi
104345,就業,任職、從事工作。,,社會-社會,綜合活動-綜合活動 社會-社會,社會-公民與社會,,就業 食頭路,tsiū-gia̍p tsia̍h-thâu-lōo
104346,幾何圖形,二維中的幾何圖形又稱為平面圖形。許多平面圖形可以透過一個點集或一系列頂點和一系列與那些頂點相連的且封閉的邊來定義，而使用點和邊定義的幾何圖形稱為多邊形，例如三角形、正方形等。,,藝術-藝術,數學-數學 藝術-藝術,數學-數學 藝術-表演藝術,數學-數學,幾何圖形,kí-hô tôo-hîng
104347,廁所,大小便的地方。,社會-生活課程 自然科學-生活課程 藝術-生活課程 綜合活動-生活課程 健康與體育-健康與體育,綜合活動-綜合活動 健康與體育-健康與體育 社會-社會,綜合活動-綜合活動,,,便所,piān-sóo
104348,復原,取消現在處理動作回復到前一處理動作。,,自然科學-自然科學 健康與體育-健康與體育,健康與體育-健康與體育,健康與體育-健康教育,,復原,ho̍k-guân
104349,循環小數,以同數字依同順序連續重列的無限小數。可分為純循環小數和混循環小數兩種。,,,,數學-數學,數學-數學,循環小數,sûn-khuân sió-sòo
104351,描寫方式,以色彩、文字或圖畫等，表現事物的情狀採行的一定方法、模式。,,語文-國語文,,,,描寫方式,biô-siá hong-sik biâu-siá hong-sik
104352,提案,在會議中提出議案。,,綜合活動-綜合活動 社會-社會,社會-社會,社會-公民與社會,社會-公民與社會,提案,thê-àn
104353,插枝,將植物的枝條斜切，插入水中或土壤中，保持適宜溫度，使其生根成長的繁殖方式。,,,自然科學-自然科學,,,插枝 硩枝,tshah-ki teh-ki
104354,插座,承受電器插頭的座架。,,健康與體育-健康與體育 社會-社會,自然科學-自然科學,自然科學-理化,,插座,tshah-tsō
104355,插秧,將稻的秧苗插植於田地中。為栽種水稻的過程之一。,社會-生活課程 自然科學-生活課程 藝術-生活課程 綜合活動-生活課程,社會-社會 綜合活動-綜合活動,綜合活動-綜合活動,,,佈田 佈稻仔,pòo-tshân pòo-tiū-á
104356,插畫,書籍或報刊雜誌中插印的相片、圖畫。用以提高閱讀興趣、輔助讀者了解內容及美化版面。,,語文-國語文 藝術-藝術,藝術-藝術,藝術-視覺藝術,,插畫,tshah-uē
104357,插畫家,又稱插畫師，是以繪製插畫為職業的人，主要工作包括替書籍、雜誌、報紙、說明書、小說、教科書等刊物繪製插畫、封面，也從事繪畫賀卡、海報、廣告、噴畫、幽默畫等。,,藝術-藝術,藝術-藝術,藝術-視覺藝術,,插畫家,tshah-uē-ka
104358,揚琴,樂器名，擊弦樂器。明末由中東、波斯（伊朗）一帶傳入中國。以木為盒，如扇面狀，上張銅絲或鋼絲為弦，以琴竹敲擊發聲。亦稱為洋琴、打琴、敲琴、扇面琴、蝙蝠琴、蝴蝶琴等，現代幾乎統一稱作「揚琴」，一般多為四橋半，四個八度，普遍使用於民族器樂合奏。,,,藝術-藝術,藝術-音樂,社會-歷史,揚琴,iâng-khîm
104359,換氣,屏氣後再呼吸。,健康與體育-健康與體育,藝術-藝術 健康與體育-健康與體育,健康與體育-健康與體育,健康與體育-體育,健康與體育-體育,換氣,uānn-khuì
104360,散文集,輯錄式的散文出版品。,,,語文-國語文,語文-國語文,語文-國語文,散文集,suànn-bûn-tsi̍p
104361,普及,遍布於。,,,社會-社會,,,普及,phóo-ki̍p
104362,普渡,1.佛教、道教上指廣行佛法，以救眾生。 2.民俗稱於中元節舉行的盂蘭盆會。,,綜合活動-綜合活動 社會-社會,綜合活動-綜合活動 社會-社會,,社會-歷史,普渡,póo-tōo
104363,暑假,學校因暑熱而放假，稱為「暑假」。,語文-國語文 社會-生活課程 自然科學-生活課程 藝術-生活課程 綜合活動-生活課程 健康與體育-健康與體育,綜合活動-綜合活動 健康與體育-健康與體育,綜合活動-綜合活動,,,暑假 歇熱,sú-ká hioh-jua̍h
104364,曾文溪,河川名。發源於阿里山山脈萬壽山的西麓。往西南流經臺南市進入嘉南平原，再經東勢寮、麻豆區、海寮溪南寮等地，至七股鄉及青草崙入海。主流全長約138公里，流域面積約1177平方公里，為著名的嘉南大圳南幹線水源。,,,社會-社會,,社會-地理,曾文溪,Tsan-bûn-khe
104365,朝露,早上的露水，太陽一出就會被晒乾。,,,綜合活動-綜合活動,,,朝露,tiau-lōo
104366,棋藝,下棋的技術。,,綜合活動-綜合活動,,,,棋藝,kî-gē
104367,棕色,像棕毛一樣的顏色。,,藝術-藝術,,,,棕色,tsang-sik
104368,棲息地,又稱生境、棲地，是指包涵多個「物種種群」（包括動物、植物其它各類生物）生活和生長的自然環境。,,自然科學-自然科學,自然科學-自然科學 社會-社會,自然科學-生物 健康與體育-健康教育 社會-地理,,棲息地,tshe-sik-tē
104369,棺材,裝殮屍體的器具。,,,社會-社會,,,棺柴,kuann-tshâ
104370,植物學家,研究植物形態解剖、生長發育、生理生態、系統進化、分類以及與人類的關係的人。,,自然科學-自然科學,,,自然科學-生物,植物學家,si̍t-bu̍t ha̍k-ka
104371,植株,指能繼續成長的植物體，包含根、莖、葉等部分。,,自然科學-自然科學,自然科學-自然科學,自然科學-生物,自然科學-生物,植物欉,si̍t-bu̍t-tsâng
104372,殖民,強權以武力或經濟力量對弱小的民族與區域進行壓迫、統治、奴役和剝削的一貫政策。通常表現在海外移民、資本輸出、商品傾銷、原料掠奪、文化支配和奴隸販賣等方面。,,,社會-社會,社會-地理 社會-歷史,社會-歷史,殖民,si̍t-bîn
104373,殖民文化,通過戰爭、文學、影視、漫畫等媒介實施的一種文化侵略結果。,,,社會-社會,,,殖民文化,si̍t-bîn bûn-huà
104374,殖民地,強國以武力或經濟力量，開拓或侵占本土以外的疆土，並獲得管轄權，而被剝奪政治、經濟等獨立權力的區域或國家則稱為「殖民地」。,,,社會-社會,社會-地理 社會-歷史,社會-歷史,殖民地,si̍t-bîn-tē
104375,殖民統治,大國以政治干涉、經濟和軍事侵略把弱小國變成殖民地、半殖民地的政策。,,,社會-社會,社會-地理 社會-歷史,社會-歷史,殖民統治,si̍t-bîn thóng-tī
104376,殖民經濟,指國家透過殖民手段對殖民地進行不平等、帶有剝削性質的資源汲取經濟政策。,,,社會-社會,,社會-歷史,殖民經濟,si̍t-bîn king-tsè
104377,殼仔弦,殼仔弦，又作殼子弦，亦簡稱殼子或殼仔，中國、東南亞歌仔音樂及歌仔戲、布袋戲等戲曲音樂使用的特性胡琴類樂器，純5度定弦。形制類似民樂板胡，但琴筒和整體通常比板胡小，琴筒用的椰子殼較薄。早期曾用蠶絲弦，現在都用鋼弦。殼仔弦名稱的來源是臺灣台語，意思是小殼胡琴或椰子殼胡琴。它是臺灣亂彈戲古路流派的領奏胡琴樂器。,,,藝術-藝術,,,殼仔絃,khak-á-hiân
104378,減法算式,數值相減的算式。,數學-數學,,,,,減法算式,kiám-huat sǹg-sik
104379,減號,數學上表示減法的符號，其形為「-」。也稱為「差號」。,數學-數學,,,,數學-數學,減號,kiám-hō
104380,渡輪,專門載運人、貨物、車輛等橫渡江河、湖泊或海峽的輪船。,,社會-社會,,,,渡船,tōo-tsûn
104381,測試,對機械、儀器等的性能和安全各方面進行測量考核。,,自然科學-自然科學,自然科學-自然科學,,藝術-美術,測試,tshik-tshì
104382,港口,在河、海岸邊設置碼頭，便於船隻停泊、乘客上下和貨物裝卸的地方。,,社會-社會,社會-社會,社會-地理,社會-歷史,港口 碼頭,káng-kháu bé-thâu
104383,渲染法,水彩在濕潤的紙面上染化，形成精彩而特殊渲開、滲染效果的畫法。,,,藝術-藝術,,,渲染法,suàn-jiám-huat
104384,游標,電腦螢幕上的指示標識，可分為滑鼠游標與鍵盤游標兩種，前者表示目前滑鼠點擊的位置；後者則為目前鍵盤輸入的位置。,,,,科技-資訊科技,,游標,iû-phiau iû-piau
104385,湍急,水勢急速。,,,社會-社會,自然科學-地球科學,,雄流 挽水 掣流,hiông-lâu bán-tsuí tshuah-lâu
104386,湖泊,位在內陸具有相當面積和深度的積水。按成因可分為構造湖、火口湖、堰塞湖、冰川湖、岩溶湖、風蝕湖及人工湖。按湖泊與徑流關係，則可分為內陸湖及外流湖。按含鹽度，可分為淡水湖、微鹹水湖、鹹水湖和鹽湖。,,自然科學-自然科學 社會-社會,自然科學-自然科學,自然科學-生物 社會-地理,自然科學-地球科學,湖,ôo hôo
104387,無條件進位法,若原所取位數之右有非0的數字，則進位。,,數學-數學,,,,無條件進位法,bô-tiâu-kiānn tsìn-uī-huat
104388,無線電,信號不經由導線傳遞，而是以電磁波的形式發射至空中，再接收而得的一種通訊方式。,,,社會-社會,,,無線電,bô-suànn-tiān
104389,無線電波,也稱無線電、射頻等，是一種電磁波，其波長在電磁波譜中比紅外線長。,,,,自然科學-理化,自然科學-地球科學,無線電波,bô-suànn tiān-pho
104390,牌位,設位致祭所供奉的神主，及一切作為祭祀對象的木牌。,,社會-社會,,,社會-歷史,神主牌 神主牌仔 牌位,sîn-tsú-pâi sîn-tsú-pâi-á pâi-uī
104391,琵琶,樂器名，彈撥樂器。又稱枇杷。這個名稱來自所謂「推手為枇，引手為杷」之最基本的彈撥技巧。在唐朝以前，琵琶也是漢語裡對所有短頸魯特琴族彈撥樂器的總稱。秦代人民根據圓的形式創出直柄、圓形音箱的彈撥樂器，至秦漢不斷改進，定型為四弦十二品位，用手彈撥的樂器，為今阮弦之前身。西元4世紀，西域文化交流，致使半梨形音箱，四弦四柱的琵琶傳入中原。唐、宋以來在這兩種琵琶基礎上不斷改進，逐漸形成現今半梨形音箱，以桐木板蒙面，琴頸向後彎曲，稱為曲項琵琶，今日常見有南管琵琶和國樂常使用的琵琶。琴桿與琴面上皆為四相四弦。除用於歌唱、曲藝、戲曲和歌舞伴奏外，也用於樂器的合奏、伴奏和獨奏。也稱為「鼙婆」。,,,藝術-藝術,藝術-音樂,,琵琶,pî-pê
104392,番茄,植物名。茄科番茄屬，一至多年生草本。莖略呈蔓生狀態，高約1公尺，著地部分隨處生根。葉互生，羽狀複葉或羽狀深裂，夏秋開花，圓錐狀聚繖花序腋外生，花冠輻形，五至六裂，黃色。漿果也稱為「番茄」，扁圓形或小球形，為紅色或黃色，可供食用。,社會-生活課程 自然科學-生活課程 藝術-生活課程 綜合活動-生活課程 健康與體育-健康與體育,自然科學-自然科學,自然科學-自然科學,,,柑仔蜜 臭柿仔 thoo-má-tooh,kam-á-bi̍t tshàu-khī-á thoo-má-tooh
104393,畫刀,油畫使用的工具。依功能性、技法可分為「作畫用的畫刀」、「調色刀」、「刮刀」。,,,藝術-藝術,,藝術-美術,畫刀,uē-to
104394,畫作,藝術家繪畫之作品。,,,藝術-藝術,藝術-視覺藝術,社會-歷史,畫作,uē-tsok
104395,畫板,繪畫時用來固定畫紙的板子。,,,藝術-藝術,藝術-視覺藝術,藝術-美術,畫枋,uē-pang
104396,畫者,描繪作畫的作者。,,,藝術-藝術,,,畫者,uē-tsiá
104397,畫架,用以繃緊畫布或支撐畫板，以便作畫的木架。,,,藝術-藝術,藝術-視覺藝術,,畫架,uē-kè
104398,畫面尺寸,指影像的長寬比、大小。,,藝術-藝術,,,,畫面寸尺,uē-bīn tshùn-tshioh
104399,畫風,繪畫所呈現的風格與特色。,,,藝術-藝術,藝術-視覺藝術,社會-歷史,畫風,uē-hong
104400,畫家,精於繪畫的人，也稱為「畫手」。,,健康與體育-健康與體育 藝術-藝術,,藝術-視覺藝術,社會-歷史,畫家,uē-ka
104401,畫展,繪畫展覽會。,,,,,社會-歷史,畫展,uē-tián
104402,畫紙,畫圖時所使用的紙張。,,藝術-藝術,,藝術-視覺藝術,,畫紙,uē-tsuá
104403,畫記,以文字或圖畫的方式做紀錄。,數學-數學,,,,,畫記,uē-kì
104404,畫廊,專供畫展用或陳列藝術品的場所。,,,,藝術-視覺藝術,,畫廊,uē-lông
104405,畫像,1.描繪人物的形象。 2.人物肖像。,,藝術-藝術,,,,畫像,uē-siōng
104407,痙攣,肌肉發生急遽而不自主的收縮，並有疼痛的感覺及機能的障礙。中樞神經系統的疾病、急性傳染病、過度疲勞等，都會導致肌肉的痙攣現象。,,,健康與體育-健康與體育,健康與體育-健康教育,健康與體育-體育,糾筋 挽脈 挽搣,kiù-kin bán-me̍h bán-me
104408,登山,一種攀登山嶺的運動。,健康與體育-健康與體育,綜合活動-綜合活動 健康與體育-健康與體育 社會-社會,綜合活動-綜合活動,,健康與體育-體育,山,peh-suann
104409,登陸,從海上行進至陸地。,,社會-社會,,自然科學-地球科學,藝術-美術,登陸,ting-lio̍k
104410,發言權,發表意見的權利。,,,社會-社會,,社會-歷史,發言權,huat-giân-khuân huat-giân-kuân
104411,發炎,身體因受傷遭細菌感染而產生發紅、腫脹或疼痛等症狀。,健康與體育-健康與體育,健康與體育-健康與體育,健康與體育-健康與體育,自然科學-生物 健康與體育-健康教育,健康與體育-健康與護理,發炎 發癀,huat-iām huat-hông
104412,發音,泛指發出聲音。也用於指發出語音或樂音。,語文-國語文 健康與體育-健康與體育,語文-國語文 健康與體育-健康與體育  藝術-藝術,語文-國語文,,,發音,huat-im
104413,發揮,將能力、精神等充分表現出來。,健康與體育-健康與體育 綜合活動-生活課程,藝術-藝術 綜合活動-綜合活動 健康與體育-健康與體育,綜合活動-綜合活動,,,發揮,huat-hui
104414,發酵作用,一般指菌類或細菌或其離體的酵素在缺氧情況下，分解有機物的過程，尤常指分解醣類產生乳酸、二氧化碳或酒精等代謝產物的作用。也作「醱酵」。,,,自然科學-自然科學,自然科學-生物,自然科學-生物,發酵作用,huat-kànn tsok-iōng huat-kà tsok-iōng
104415,發燒,因病毒、細菌感染或其他傷害，引起體溫調節中樞的異常，而使體內溫度失去平衡，呈現高於常溫的狀態。,健康與體育-健康與體育,健康與體育-健康與體育 社會-社會,,健康與體育-健康教育,健康與體育-健康與護理,發燒,huat-sio
104416,盜版,透過不正當的途徑翻印或翻拷具有版權的書本或錄音帶等所得的版本。,,,社會-社會,社會-公民與社會,,盜版,tō-pán
104417,盜壘,在棒球中，盜壘指跑壘員在投手投球時提前離開原壘包成功占領前方壘包的行為。,,健康與體育-健康與體育,,,健康與體育-體育,盜壘,tō-luí
104418,短文集,輯錄短篇文章等的書籍。,,,語文-國語文,,,短文集,té-bûn-tsi̍p
104419,短笛,短笛（piccolo），是長笛家族的一種變種樂器，名稱源自義大利文「flauto piccolo」，長度為普通長笛的一半。音域則比長笛高1個八度，所以部份義大利作曲家亦會以「ottavino」稱呼短笛。,,,藝術-藝術,藝術-音樂,,短𥰔仔,té-phín-á
104420,短篇,篇幅短小，文字不多的作品。,,語文-國語文,,,語文-國語文,短篇,té-phinn
104421,硬碟,一種電腦儲存裝置。密封式的磁碟機。主要是由一組盤狀的金屬片及機械裝置的讀寫臂所組成，因其讀寫的磁片為硬式而得名。速度比軟式磁碟機快，記憶容量很大。,,,,科技-資訊科技,,硬碟 há-ti,ngē-tia̍p há-ti
104422,硯臺,用來研墨、盛放磨好的墨汁和掭筆。,語文-國語文,語文-國語文,藝術-藝術,,,硯台 墨盤 墨硯,hīnn-tâi ba̍k-puânn ba̍k-hīnn
104423,稀鹽酸,濃度較低的鹽酸。,,,自然科學-自然科學,自然科學-理化,,薄鹽酸,po̍h iâm-sng
104424,稅金,納稅的金額。,,,社會-社會,社會-地理,,稅金,suè-kim
104425,童話故事,為兒童編寫的故事，適於兒童心理與興趣，行文淺易，多敘述神奇美妙的故事，啟發兒童的心智，增加幻想的空間。,,藝術-藝術,語文-國語文,語文-國語文,,童話故事 囡仔古,tông-uē kòo-sū gín-á-kóo
104426,筆尖,毛筆筆毛呈尖形時，筆毛前端為「筆尖」。,,健康與體育-健康與體育 藝術-藝術,,藝術-視覺藝術,,筆尖 筆尾,pit-tsiam pit-bué
104427,筆法,1.寫字作畫時用筆的方法。 2.行文所用的句法、章法。即寫作技巧。,,語文-國語文,語文-國語文,語文-國語文 藝術-視覺藝術,語文-國語文,筆法,pit-huat
104428,筆洗,用陶瓷、石器、貝殼等製成以供清洗毛筆的器具。,社會-生活課程 自然科學-生活課程 藝術-生活課程 綜合活動-生活課程,,藝術-藝術,,,筆洗,pit-sé
104429,等分,把一個整體平均分成若干部分。,數學-數學,數學-數學,,數學-數學,,平分,pênn-pun
104430,等比中項,數學名稱。,,,,數學-數學,,等比中項,tíng-pí tiong-hāng
104431,等長,相同長度。,,數學-數學,數學-數學,數學-數學,,平長,pênn tn̂g
104432,等差中項,等差數列的中間數值。,,,,數學-數學,,等差中項,tíng-tsha tiong-hāng
104433,等差級數,一串等差數字依次以加號連接起來所成的式子。,,,,數學-數學,,等差級數,tíng-tsha kip-sòo
104434,等差數列,數列的一種，在數列中相互之間有相同的差。,,,,數學-數學,數學-數學,等差數列,tíng-tsha sòo-lia̍t
104435,等寬,寬度相等。,,數學-數學,,,數學-數學,平闊,pênn khuah
104436,等邊三角形,三邊長相等的三角形，也就是正三角形。,數學-數學,,,數學-數學,,等邊三角形,tíng-pinn sann-kak-hîng
104437,紫外線,一種電磁波，真空波長介於紫光與Ｘ射線之間。以三稜鏡分散日光時，熱線折射而排列於光譜中紫色部分以外，故稱為「紫外線」。它不易穿過普通玻璃，但能使照片底片感光，且會傷害眼睛。可用來治療軟骨症、殺菌等。,,自然科學-自然科學 社會-社會,健康與體育-健康與體育,自然科學-生物 健康與體育-健康教育,自然科學-地球科學,紫外線,tsí-guā-suànn
104438,結尾敬語,結局、收場中用於表達敬意的語句。,語文-國語文,,,語文-國語文,,結尾敬語,kiat-bué kìng-gí
104439,結社,多數人為達特定目的，而依一定的規章、組織所組成的社會團體。一般可分為政治結社、公共事務結社及祕密結社三種。,,,社會-社會,社會-公民與社會,社會-歷史,結社,kiat-siā
104440,結核病,病名。由結核桿菌引起的傳染病。人體內各組織都可能受侵犯，以肺臟最多。病患常有疲乏、食慾不振、消瘦等症狀。以抗結核藥治療為主，必要時再加手術治療。除了人之外，家畜也可能發生。簡稱為「結核」。,,,健康與體育-健康與體育,健康與體育-健康教育,健康與體育-健康與護理,結核病,kiat-hu̍t-pēnn
104441,結核桿菌,結核桿菌，即結核分枝桿菌（學名：Mycobacterium tuberculosis）是專性需氧微生物，是結核病的病原體。,,,健康與體育-健康與體育,健康與體育-健康教育,,結核桿菌,kiat-hi̍k kuáinn-khún
104442,結盟,締結盟約。,,,社會-社會,社會-歷史,,結盟,kiat-bîng
104443,結語,結論、結束語。,,語文-國語文,,語文-國語文,,結論,kiat-lūn
104444,結霜,凝結成霜。,,自然科學-自然科學,,,,結霜,kiat-sng
104445,絕對值,用來表示一個數至原點的距離之大小。絕對值的概念也可以定義在複數、有序環以及域上。,,,,數學-數學,數學-數學,絕對值,tsua̍t-tuì-ta̍t
104446,絕種,生物的種類斷絕滅亡，不再生存於世界。,,,社會-社會,自然科學-生物,,絕種,tse̍h-tsíng
104447,絕緣,斷絕電的通路。,,,自然科學-自然科學,自然科學-理化,自然科學-物理,絕緣,tsua̍t-iân
104448,絕緣膠帶,一種在修補電線等情況下使用的的膠帶，有阻絕電流的功效。,,,自然科學-自然科學,自然科學-理化,,電火布,tiān-hué-pòo
104449,絲綢,絲織品的通稱。,,,社會-社會,社會-歷史,社會-歷史,絲綢,si-tiû
104450,脾氣,人的性情、習性。,健康與體育-健康與體育,社會-社會 綜合活動-綜合活動 健康與體育-健康與體育,綜合活動-綜合活動,,,性地 脾氣,sìng-tē phî-khì
104451,腎臟病,腎臟相關疾病。,,,,,自然科學-生物,腰子病,io-tsí-pēnn
104452,菖蒲,植物名。鳶尾科唐菖蒲屬，多年生草本。球根，葉形雍容如蘭，花色極多，有黃色、紅色、粉色等，穗狀花序，是國內所產花卉八大金釵之一。,社會-生活課程 自然科學-生活課程 藝術-生活課程 綜合活動-生活課程,,社會-社會,,,菖蒲  劍草,tshiong-pôo tshiang-pôo kiàm-tsháu
104453,華氏,一種溫度標示法。由德國物理學家華倫海（Fahrenheit）發明。在一大氣壓下，水的凝固點定為華氏32度，水的沸點為華氏212度。簡稱為「華氏」。,,自然科學-自然科學 社會-社會,,自然科學-理化 社會-地理,,華氏,Huâ--sī
104454,華語,華人的共通語言。為外國人士及海外華人地區所稱，或為臺灣及大陸地區對外所稱。,語文-國語文,,,社會-地理,社會-歷史,華語,Huâ-gí
104455,虛步,武術之一。兩手握拳於腰側或平伸。挺胸，塌腰，腳跟外蹬，膝不過腳尖。要求前腿虛，後腿實，虛實分明。要把身體的主要力量放在支撐腿上，虛步佔三分。,,,健康與體育-健康與體育,健康與體育-體育,,虛步,hi-pōo
104456,虛構,憑空捏造想像。,,,語文-國語文,,語文-國語文,虛構,hi-kòo
104457,街,城鎮中兩旁有商店，且較為熱鬧的道路。也泛指一般馬路。,,,社會-社會,,,街,ke
104458,街道,供人車通行的道路。,,綜合活動-綜合活動 社會-社會,綜合活動-綜合活動,,,街仔路 街仔,ke-á-lōo ke-á
104459,視力,視覺的靈敏度及清晰度。,健康與體育-健康與體育,健康與體育-健康與體育,,健康與體育-健康教育,健康與體育-體育,視力,sī-li̍k
104460,視力檢查,指常人在一定距離內，眼睛辨識事物的檢測。,健康與體育-健康與體育,,,健康與體育-健康教育,,視力檢查,sī-li̍k kiám-tsa
104461,視訊,影像、畫面、聲音所轉化成的電波訊息。,,社會-社會,社會-社會 綜合活動-綜合活動,,,視訊,sī-sìn
104462,視野,1.視力所及的範圍。 2.比喻見聞。,健康與體育-健康與體育,社會-社會,綜合活動-綜合活動,,,視野 眼界,sī-iá gán-kài
104464,訴訟,法律上指因私權不獲履行、受到侵害、或其他事項爭執不能解決時，請求司法機構本於司法權，依法裁判的行為。,,,社會-社會,社會-公民與社會,社會-公民與社會,拍官司,phah-kuann-si
104465,診所,醫生私人開設，以醫治病人的小型醫院。,健康與體育-健康與體育,健康與體育-健康與體育 社會-社會,綜合活動-綜合活動 健康與體育-健康與體育,,,診所 醫生館,tsín-sóo i-sing-kuán
104466,診療,檢視病情而加以治療。,,,社會-社會,,,診療,tsín-liâu
104467,註釋,補充解釋說明。,,,綜合活動-綜合活動,,,註解,tsù-kái
104468,詐騙,欺詐騙取。,社會-生活課程 自然科學-生活課程 藝術-生活課程 綜合活動-生活課程,綜合活動-綜合活動,綜合活動-綜合活動 社會-社會,健康與體育-健康教育,,拐騙 詐騙 諞,kuái-phiàn tsà-phiàn pián
104469,評量,評估考量。,,綜合活動-綜合活動,,,,評量,phîng-liông
104470,評論,1.批評議論。 2.批評議論的文章。,,,語文-國語文,語文-國語文,語文-國語文,評論,phîng-lūn
104471,象限,數學上指一平面上，兩條相互垂直的線，將平面分割成的四個部分。,,,,數學-數學,數學-數學,象限,siōng-hān
104472,貴族,貴顯的世族。歐洲古代及中世紀有貴族、平民的分別，貴族為政治上的特權階級，如皇族、領主等。,,,社會-社會,,社會-歷史,貴族,kuì-tso̍k
104473,貸款,1.指金融機構放款或向金融機構借款。一般要規定利率和償還日期。 2.借貸的款項。,,,社會-社會,社會-公民與社會,社會-歷史,貸款,tāi-khuán tāi-khuánn
104474,貿易,買賣交易。,,,社會-社會,社會-地理 社會-歷史,社會-歷史,貿易,bōo-i̍k
104475,貿易協定,兩國或多國之間，經貿易談判之後，所定下的書面協定。,,,社會-社會,,社會-歷史,貿易協定,bōo-i̍k hia̍p-tīng
104476,超連結,超文字內由一檔案連接至另一檔案的連結。,,,,科技-資訊科技,,超連結,tshiau-liân-kiat
104477,超距力,凡是兩物體不須互相接觸，而在相隔一段距離時，就可產生力的效應的力，稱為非接觸力或超距力。 ,,自然科學-自然科學,,自然科學-理化,自然科學-物理,超距力,tshiau-kī-li̍k
104478,跑壘,打棒球時，跑壘員往前跑向下一壘的動作。,健康與體育-健康與體育,健康與體育-健康與體育,,健康與體育-體育,健康與體育-體育,走壘,tsáu-luí
104479,週末,一星期的最後一天，通常指星期六。,健康與體育-健康與體育,,綜合活動-綜合活動,,,拜六禮拜 週末,paì-la̍k lé-paì tsiu-bua̍t
104480,週歲,嬰兒出生滿一年。也作「周歲」。,,,綜合活動-綜合活動,社會-公民與社會,,度晬,tōo-tsè
104481,進攻,向前攻擊。,健康與體育-健康與體育,健康與體育-健康與體育,,健康與體育-體育,健康與體育-體育,進攻,tsìn-kong
104482,進貨,商店為了銷售營利而買進貨品。,,,綜合活動-綜合活動,,,進貨,tsìn-huè
104483,郵局,辦理郵政事務的機關。,,綜合活動-綜合活動 社會-社會,綜合活動-綜合活動 社會-社會,社會-歷史,社會-歷史,郵局,iû-kio̍k
104484,郵政,指郵局將吸收的存款全數轉存中央銀行。因為郵局不是金融機構，所以其吸收的存款不能從事放款業務，全數轉存中央銀行。,,,社會-社會,社會-歷史,,郵政,iû-tsìng
104485,郵購,以郵寄的方式購買物品。,,,社會-社會,,,郵購,iû-kòo
104486,量,1.以儀器來計算物體的長短、大小、多少或高低等。 2.數量、數目。,數學-數學,,數學-數學,,,量,niû（動詞） liōng（名詞）
104487,量販店,倉庫型的百貨批發店。通常賣場廣闊、開放，採自助式經營方式。因為大量進貨，成本低廉，可以低價供應零售商，也吸引一般消費者前往大量採購。,,健康與體育-健康與體育 社會-社會,,,,大賣場,tuā-bē-tiûnn
104488,量詞,表示事物或動作的單位詞。,語文-國語文,語文-國語文,語文-國語文,語文-國語文,語文-國語文,量詞,liōng-sû
104489,量體溫,以儀器來計算人體溫度的高低。,,社會-社會,綜合活動-綜合活動,健康與體育-健康教育,,量體溫 磅體溫,niû thé-un pōng thé-un
104490,鈔票,紙幣。,,社會-社會,社會-社會,,,銀票 紙票,gîn-phiò tsuá-phiò
104491,鈕釦電池,指形狀如鈕扣、按鈕、硬幣、豆粒等的小型電池。,,自然科學-自然科學,,,,鈕仔電池,liú-á tiān-tî
104492,開合跳,一種有氧運動。透過上下跳躍的同時，手腳張開而達成。,健康與體育-健康與體育,健康與體育-健康與體育,健康與體育-健康與體育,,健康與體育-體育,開合跳,khui-ha̍p-thiàu
104493,開合跳步,十分常見的燃脂運動的和經典的熱身動作，這個動作更簡單，隨時隨地都可以進行。最大的優勢是能快速提高心率，從而加快新陳代謝。站姿跳躍，雙腳往外張開約1.5個肩膀寬，雙手往頭頂方向擊掌，注意手肘盡量伸直在頭部兩側夾緊，可同時使身體往上延伸。再跳一次後雙腳併攏，雙手拍大腿兩側，注意身體仍要往頭頂方向延伸，盡量不要駝背。重複動作1至2共約30秒。,,健康與體育-健康與體育,健康與體育-健康與體育,,,開合跳步,khui-ha̍p-thiàu-pōo
104494,開放性肺結核,具傳播性的結核病。通常經由飛沫傳染的方式來散播結核菌。患者是傳播肺結核病的主要來源。,,,健康與體育-健康與體育,健康與體育-健康教育,健康與體育-健康與護理,開放性肺癆,khai-hòng-sìng hì-lô
104495,開花植物,開花植物又名被子植物或有花植物，是植物界最多樣化的種類。開花植物是現時地球上演化最先進及最具優勢的植物種類。開花植物可以由一系列的衍徵將其與其他的種子植物相區隔。,,自然科學-自然科學,自然科學-自然科學,自然科學-生物,自然科學-生物,開花植物,khui-hue si̍t-bu̍t
104497,開罐器,用來開啟罐頭的器具。,,綜合活動-綜合活動,,,,酒開仔 開仔,tsiú-khui-á khui-á
104498,間隔數,間隔數量。,,,數學-數學,,,閬隔數,làng-keh-sòo
104499,陽明山國家公園,民國74年9月1日所成立的國家公園。位居臺灣北部臺北盆地東北面之陽明山區，其範圍以大屯山、七星山火山群為中心，東面至磺嘴山、五指山東側坡腳，西面至烘爐山、面天山側，北面包括竹子山及其北面土地山嶺，南至紗帽山南側，並向東延伸至平等里東側山谷線。為面積最小，具火山地形與豐富自然景觀的國家公園。,,,社會-社會 自然科學-自然科學,社會-地理,社會-地理,陽明山國家公園,Iûnn-bîng-suann Kok-ka Kong-hn̂g Iông-bîng-san Kok-ka Kong-hn̂g
104500,隊友,同一隊伍或組織中的人。,健康與體育-健康與體育,健康與體育-健康與體育,健康與體育-健康與體育,,,隊友,tuī-iú
104501,階級,稱社會中職業屬性、經濟收入、生活水準與價值觀念相近的群體。,,,社會-社會,社會-公民與社會,,階級,kai-kip
104502,雄性激素,一種主要影響雄性生殖系統生長發育的激素。,,,健康與體育-健康與體育,自然科學-生物,,雄性激素,hiông-sìng kik-sòo
104503,雄黃酒,攙有雄黃的酒。民間習於端午節飲用，或將其灑在屋角牆壁間，傳說可避毒物和袪邪。,社會-生活課程 自然科學-生活課程 藝術-生活課程 綜合活動-生活課程,社會-社會,,,,雄黃酒,hiông-hông-tsiú
104504,集散地,大宗物產集中收購和銷售運銷的地方。,,社會-社會,社會-社會,,,集散地,tsi̍p-sàn-tē
104505,集會遊行,為保障人民集會、遊行之自由，並維持社會秩序而制定的法律。前身全名為《動員戡亂時期集會遊行法》，民國77年1月22日公布施行。於民國81年7月27日修正更名為《集會遊行法》，並公布施行。,,,社會-社會,,社會-歷史,集會遊行,tsi̍p-huē iû-hîng
104506,雲門舞集,林懷民先生於民國62年創立的職業現代舞團。,,,藝術-藝術,藝術-表演藝術,社會-歷史,雲門舞集,Hûn-bûn-bú-tsi̍p
104507,雲端,是一種基於網際網路的運算方式，通過這種方式，共用的軟硬體資源和資訊可以按需求提供給電腦各種終端和其他裝置，使用服務商提供的電腦基建作運算和資源。,,,,科技-資訊科技,,雲端,hûn-tuan
104508,韌帶,白色帶狀的結締組織，質堅韌而富彈性，有連接骨骼，並可固定肝、脾、腎等臟器位置的功能。,,健康與體育-健康與體育,,健康與體育-體育,健康與體育-體育,筋帶,kin-tuà
104509,飲食均衡,身體所需的營養素來自各類食物，而各類食物所提供營養素不盡相同，每一大類食物是無法互相取代，在做選擇的同時，以未加工的食物為優先。參考每日飲食指南建議，依照個人年齡和活動強度，找出合適的熱量需求，均衡攝取六大類食物，並且在各類食物中多樣化的選擇，才能得到均衡的營養。,健康與體育-健康與體育,,,,健康與體育-健康與護理,飲食均衡,ím-si̍t kin-hîng
104510,黃花酢醬草,酢漿草科酢漿草屬下的一個種。,,,自然科學-自然科學,,,黃花鹽酸仔草,n̂g-hue iâm-sng-á-tsháu
104511,黃疸,一種因血中膽紅素含量增加，導致人體皮膚、眼膜變黃的病症。多見於肝膽疾病及溶血性貧血，最常見的病例是新生兒黃疸。,,,健康與體育-健康與體育,健康與體育-健康教育,,黃疸,n̂g-thán
104512,傳承,傳接繼承。,,自然科學-自然科學 社會-社會,綜合活動-綜合活動,藝術-表演藝術 社會-歷史,社會-歷史,傳承,thuân-sîng
104513,傳染,病原從病體侵入另一個生物體內的過程。,健康與體育-健康與體育,社會-社會 健康與體育-健康與體育,,健康與體育-健康教育 社會-公民與社會,,傳染,thuân-jiám
104514,傳染病,將病原體傳染給別人的疾病。這些病原體大都是細菌、病毒等微生物，經由口、呼吸道、直接接觸而感染，或是藉由昆蟲與動物的散播而傳染。,,健康與體育-健康與體育 社會-社會,社會-社會 健康與體育-健康與體育,自然科學-生物 健康與體育-健康教育 社會-歷史,健康與體育-健康與護理,傳染病,thuân-jiám-pēnn
104515,傳真,利用電波傳送文字、圖片或影像等。,,社會-社會,,,,傳真,thuân-tsin
104516,傳統,世代相傳，有傳承延續性質的社會因素，如風俗、道德、習慣、信仰、思想等。,,藝術-藝術 健康與體育-健康與體育 社會-社會,綜合活動-綜合活動,藝術-表演藝術 社會-公民與社會,,傳統,thuân-thóng
104517,傳統詩歌,世代相傳具有傳承延續性質的詩。,,,語文-國語文,,,傳統詩歌,thuân-thóng si-kua
104518,傳熱速度,經由物質傳遞熱量的速度。,,,自然科學-自然科學,,,傳熱速度,thuân-jia̍t sok-tōo
104519,傳輸速率,資料傳送的速度。,,,,科技-資訊科技,,傳輸速率,thuân-su sok-lu̍t
104520,傷口,皮膚、肌肉等受傷而破裂的地方。,健康與體育-健康與體育,自然科學-自然科學 健康與體育-健康與體育,綜合活動-綜合活動,,,空喙 傷口,khang-tshuì siong-kháu
104521,募款,募集錢財。,,,社會-社會,,,募款 題緣,bōo-khuán tê-iân
104522,匯款,1.把錢匯出。 2.匯寄的錢。,,,社會-社會,,社會-地理,匯款,huē-khuán
104523,嗅覺摹寫,作者對各種事物的觀察，透過嗅覺的主觀感受加以形容描寫的修辭法。,,,語文-國語文,語文-國語文,語文-國語文,嗅覺摹寫,hiù-kak bôo-siá
104524,圓形周長,圓的周長大約是直徑的3.14倍，「直徑乘以圓周率」就是圓周長。,,,數學-數學,,,圓形周長,înn-hîng tsiu-tn̂g
104525,圓形面積,圓形的面積，計算公式為半徑的平方乘以圓周率。,,,數學-數學,,,圓形面積,înn-hîng bīn-tsik
104526,圓弧,圓周中的任何一段。,,數學-數學,數學-數學,數學-數學,數學-數學,圓弧,înn-hôo
104527,圓柱體,圓柱面與其內部所圍成的立體區。,數學-數學,,,,數學-數學,圓柱體 圓箍仔柱,înn-thiāu-thé înn-khoo-á-thiāu
104528,圓扇形,以圓的兩半徑及其所截的弧所圍成的部分。,,,數學-數學,,,圓扇形,înn-sìnn-hîng
104529,圓扇形面積,以圓的兩半徑及其所截的弧所圍成的圖形大小。,,,數學-數學,,,圓扇形面積,înn-sìnn-hîng bīn-tsik
104530,圓規,用以畫圓形或弧線的器具，具有二腳相連於頂端者。,,社會-社會,數學-數學,,,圓規 圓尺,înn-kui înn-tshioh
104531,塊根,植物的鬚根之中，貯藏大量養分，肥大而成塊狀者。,,數學-數學,自然科學-自然科學,自然科學-生物,數學-數學,塊根,khuài-kin
104532,塊莖,地下莖呈塊狀者，如馬鈴薯、菊芋等。可分割成數塊，供繁殖新個體使用。,,自然科學-自然科學,自然科學-自然科學,自然科學-生物,,地下莖,tē-hā-king
104533,塑膠袋,以塑膠材料製成的袋子。,社會-生活課程 自然科學-生活課程 藝術-生活課程 綜合活動-生活課程,綜合活動-綜合活動 健康與體育-健康與體育,綜合活動-綜合活動,,,塑膠袋仔 塑膠橐仔,sok-ka-tē-á sok-ka-lok-á
104535,奧運,奧林匹克運動會的簡稱。國際性的運動競賽大會。起源於古希臘人每四年一次在奧林匹克舉行祭典競技，第一屆的奧林匹克運動會於西元1896年在雅典舉行。而後每隔四年舉辦一次，地點由奧委會選定。,,,社會-社會,健康與體育-體育,社會-歷史,奧運,Ò-ūn
104536,媽祖,民間對「天上聖母」親切的稱謂。,,社會-社會,綜合活動-綜合活動 社會-社會,社會-歷史,社會-歷史,媽祖,Má-tsóo
104537,意譯,1.翻譯外國文字，只譯出大體的意義，而不逐字的翻譯。相對於直譯而言。 2.根據某種語言詞語的意義譯成另一語言的詞語。相對於音譯而言。,,,語文-國語文,語文-國語文,,意譯,ì-i̍k
104538,愛滋病（AIDS）,愛滋為英語AIDS的音譯。由愛滋病毒所引起的疾病，一般經由血液或性行為傳染，能破壞人類的免疫系統，使人體失去抵抗疾病的能力，又稱「後天免疫缺乏症候群」。,,健康與體育-健康與體育,健康與體育-健康與體育,自然科學-生物,自然科學-生物,愛滋病,ài-tsu-pēnn
104539,感化教育,對有犯罪行為，但不適宜刑事處分的保護事件少年，將其收容在特定處所，不施以刑役，而施予改善行為習性之特殊教育，協助其在受處分結束後得以返回學校，並培養重新適應社會生活之能力。,,,社會-社會,,社會-公民與社會,感化教育,kám-huà kàu-io̍k
104540,感冒,以鼻症狀和發燒為主要特徵的人類最常見疾病。,社會-生活課程 自然科學-生活課程 藝術-生活課程 綜合活動-生活課程 健康與體育-健康與體育,健康與體育-健康與體育,健康與體育-健康與體育,健康與體育-健康教育,健康與體育-健康與護理,感冒 感著 寒著 風邪 傷風,kám-mōo kám--tio̍h kuânn--tio̍h hong-siâ siong-hong
104541,感染,傳染、受染。,,健康與體育-健康與體育,,自然科學-生物 健康與體育-健康教育,健康與體育-健康與護理,感染,kám-jiám
104542,慈善機構,從事救濟、輔導等社會福利工作的民間機構。,,社會-社會,社會-社會,,,慈善機構,tsû-siān ki-kòo
104543,搖頭丸,毒品，其主要成分是MDMA。,,,健康與體育-健康與體育,,健康與體育-健康與護理,搖頭丸,iô-thâu-uân
104544,敬語,用於表達敬意的語句。,語文-國語文,,,,,敬語,kìng-gí
104545,新式教育,日治時代，總督府為了方便統治，並順利推行政令，所以引進現代化的教育制度。,,,社會-社會,社會-歷史,社會-歷史,新式教育,sin-sik kàu-io̍k
104546,新型流感,H1N1新型流感傳染途徑主要是透過飛沫傳染與接觸傳染，一般成人在症狀出現前一天到發病後七天均有傳染性，亦不能排除其發病期間繼續散播病毒。,,健康與體育-健康與體育,,健康與體育-健康教育,,新型流感,sin-hîng liû-kám
104547,新笛,新笛又稱作十一孔笛，以十二平均律的原理改製的笛子。最早在西元1930年代由丁西林（西元1893－1974年）所設計及製作。新笛是在原本6個按孔的傳統笛子上增加5個按孔，較於簫多3個。增加按孔在於試圖解決傳統笛、簫不易控制半音的缺點。藉由11個孔的設計，能夠完整吹出8度音中任何1個半音，而轉調時可因調性不同，讓不同的手指固定按住孔，即可達成轉調的目的，省去傳統笛子轉調常必須換樂器的情形。,,,藝術-藝術,,,新𥰔仔,sin-phín-á
104548,新陳代謝,生物體細胞中各種化學反應的總稱。包括合成代謝和分解代謝。前者指細胞將簡單物質轉變為較複雜物質，後者指將複雜物質轉變為較簡單物質。二者交互作用，以維持生命所需。,,健康與體育-健康與體育,健康與體育-健康與體育,健康與體育-健康教育,健康與體育-健康與護理,新陳代謝,sin-tîn-tāi-siā
104549,新聞,報社、廣播電臺、電視臺等，對國內外所發生重要的事件而做的最新報導。,語文-國語文,綜合活動-綜合活動 健康與體育-健康與體育,綜合活動-綜合活動,語文-國語文,,新聞,sin-bûn
104550,暈車藥,預防暈車的藥物。,,健康與體育-健康與體育,綜合活動-綜合活動 健康與體育-健康與體育,,,眩車藥仔,hîn-tshia io̍h-á
104551,暈染法,亦作漸隱法、朦朧法等，是文藝復興繪畫的技法之一，與換色法、明暗對照法、統合法同為文藝復興四大經典繪畫技法。,,藝術-藝術,,,,暈染法,ūn-jiám-huat
104552,暖色系,暖色系，指的是暖光組成的系列。可見光可分為7種顏色：赤橙黃綠青藍紫，一些光給人以溫暖的感覺，通常稱為暖光。介於暖色系和寒色系的顏色為綠、紫。,,藝術-藝術,,藝術-視覺藝術,,暖色系,luán-sik-hē
104553,暖色調,色彩學中指紅、橙、黃等能使人產生溫暖感覺的色系。,,,藝術-藝術,藝術-視覺藝術,藝術-藝術生活,暖色調,luán-sik-tiāu
104554,暖空氣,暖空氣是指位於高溫區的空氣，暖空氣一般為高壓，經常和冷空氣交鋒。,,自然科學-自然科學,,自然科學-地球科學 社會-地理,自然科學-地球科學,暖空氣 燒空氣,luán-khong-khì sio-khong-khì
104556,暗紅色,顔色更深的紅色。,,,,自然科學-生物,,烏𪐞紅 豬肝色,oo-tòo-âng ti-kuann-sik
104557,會社,1.日本稱商業公司為「會社」。 2.舊時指社會團體或組織。,,,社會-社會,社會-歷史,社會-歷史,會社,huē-siā
104558,會議,為商議事情而依一定議程進行的集會。,,綜合活動-綜合活動 社會-社會,綜合活動-綜合活動,,,會議,huē-gī
104559,楷模,模範、榜樣。,,綜合活動-綜合活動,綜合活動-綜合活動,,,楷模,khái-bôo
104560,毽球,1.一種由中國傳統的踢毽子遊戲發展起來的運動。大約在民國30年左右，興起於廣州。由6人組成一隊，其規則與排球相似。 2.毽球運動所使用的球。由毽毛、毽墊等所構成。,,健康與體育-健康與體育,,,,毽球,kiàn-kiû
104562,溜滑梯,兒童運動器械。,社會-生活課程 自然科學-生活課程 藝術-生活課程 綜合活動-生活課程 健康與體育-健康與體育,綜合活動-綜合活動,,,,跙流籠,tshū-liû-lông
104563,溪谷,溪流的谷道。,,社會-社會,綜合活動-綜合活動,,,溪谷 坑谷,khe-kok khenn-kok
104565,溶氧量,水中所溶解的氧氣含量。主要來自大氣，隨深度遞減，影響水中生物甚鉅。,,,自然科學-自然科學,自然科學-理化,,溶氧量,iûnn-ióng-liōng
104566,溺水,沒入水中。,,綜合活動-綜合活動,綜合活動-綜合活動,健康與體育-體育,健康與體育-體育,駐水,tū-tsuí
104567,滑音,滑音（glissando）是一種音樂的表現手法，指音樂進行中的兩個音之間不直接作音程的跳躍，而是連續地變化音高以連接兩音。因有滑行的感覺，故稱作滑音。,,藝術-藝術,,藝術-音樂,,滑音,ku̍t-im
104568,滑鼠,一種可在電腦螢幕上顯示游標，隨意移動的小型手控裝置。,,,,科技-資訊科技,,滑鼠,ku̍t-tshí
104569,滑壘,指跑壘員為求安全上壘，使用滑行的方式，用最短的時間減速以停留在壘包上。,,健康與體育-健康與體育,,,,趨壘,tshu-luí
104570,煙斗,吸食鴉片的煙槍之一端有陶質球狀，可放置煙泡，點燃後吸食。,,,社會-社會,,,薰吹,hun-tshue
104571,煤,古代植物埋藏地下，分解而成的含碳物質。主要成分是碳、氫、氧和氮。色黑、質堅。按形成階段和碳化程度的不同，主要可分為泥煤、褐煤、煙煤和無煙煤四種。可為燃料及化學原料。也稱為「石炭」、「煤炭」。,,自然科學-自然科學,自然科學-自然科學 社會-社會,自然科學-理化 社會-地理,社會-歷史,塗炭,thôo-thuànn
104572,照片,相片。,健康與體育-健康與體育,藝術-藝術 綜合活動-綜合活動 健康與體育-健康與體育 社會-社會,藝術-藝術 綜合活動-綜合活動,藝術-視覺藝術,,相片,siòng-phìnn
104573,瑜伽,一種運動。本為印度哲學的宗派。後亦指此宗派尊奉的修行方法。分為肉體和精神兩部分，藉由調節呼吸、身體姿勢、靜坐冥想等修練，達到身體強健、心境平和的狀態。,,,健康與體育-健康與體育,,,ió-gà,ió-gà
104574,瑞士,國名。位於歐洲中部，為一永久中立國，面積41293平方公里，人口約475萬。首都為伯恩（Berne）。人民多信仰天主教及基督教，德語、法語、義語均為官方語文。西元1815年維也納會議承認其獨立與永久中立的國際地位。幣制為瑞士法郎。該國介於法、德、奧、義之間，為多民族國家，境內山水明媚，風景絕佳，是著名的觀光勝地。其精細工業如鐘錶、儀器、雕刻及刺繡等亦舉世聞名。,,,社會-社會,,社會-地理,瑞士,Suī-sū
104575,瑞穗,鄉鎮名。位於花蓮縣中部，面積約136平方公里。為秀姑巒溪、馬蘭鉤溪等河流的匯合處。北迴歸線通過此地。,,,社會-社會,,,水尾 瑞穗,Tsuí-bué Suī-suī
104576,睪丸,男人或雄性生殖器官的一部分，為製造精子的地方，可分泌睪丸素酮。也稱為「精巢」、「外腎」。,,,健康與體育-健康與體育,自然科學-生物,自然科學-生物,𡳞核,lān-hu̍t
104577,硼酸,一種白色結晶形的粉屑。可溶於水，防腐消毒性強，可作消毒及醫藥用。,,,自然科學-自然科學,,,硼酸,pîng-sng
104578,碑文,刻在石碑上的文字。,,社會-社會,,,,碑文,pi-bûn
104579,碗筷,吃飯用的飯碗、筷子。,社會-生活課程 自然科學-生活課程 藝術-生活課程 綜合活動-生活課程,健康與體育-健康與體育,綜合活動-綜合活動,,,碗箸,uánn-tī
104580,禁令,禁止某種行為的法令。,,,社會-社會,社會-歷史,社會-歷史,禁令,kìm-līng
104581,禽流感,鳥禽類的傳染疾病。,,,健康與體育-健康與體育,自然科學-生物,自然科學-生物,禽流感,khîm-liû-kám
104582,節水器,限制、控制水量的器具。,,,綜合活動-綜合活動,,,省水器,síng-tsuí-khì
104583,經濟蕭條,經濟景氣循環中，因需求量遠低於生產量而出現生產過剩、銷貨減少且售價普遍降低的現象，導致企業關閉，生產縮小而失業擴大，各種社會問題隨之產生的一種現象。,,,社會-社會,,,景氣䆀,kíng-khì bái
104584,經驗,1.親自實踐而得的知識或技能。 2.經歷體驗。,社會-生活課程 自然科學-生活課程 藝術-生活課程 綜合活動-生活課程 健康與體育-健康與體育,社會-社會 綜合活動-綜合活動 健康與體育-健康與體育,綜合活動-綜合活動,社會-公民與社會,,經驗,king-giām
104585,置中對齊,文字不靠齊左右側邊界，而是左右側對著文件中間點靠攏。,,,,科技-資訊科技,,對中掠齊,tuì-tiong lia̍h-tsê
104586,群口相聲,說唱藝術。由兩人以上表演，講述笑話。,,語文-國語文,,藝術-表演藝術,,濟人答喙鼓,tsē-lâng tap-tshuì-kóo
104587,義賣,為了籌措公益費用而舉辦的售物活動。,,,社會-社會 綜合活動-綜合活動,社會-公民與社會,,義賣,gī-bē
104588,聖火,奧林匹克運動會開幕時點燃的火炬。古希臘在奧林匹亞舉行競賽前的祭典中，引太陽光點燃火炬，輾轉相傳，表示繼往開來。現代的奧運會及世界各地運動會開幕典禮中也都援例有點燃聖火的儀式。,,健康與體育-健康與體育,,,,聖火,sìng-hué
104589,聖經,基督教的經典。分《舊約》、《新約》兩部。《舊約》主要記載基督降生以前的以色列歷史，《新約》則敘述耶穌在世期間的言行及作為。各國譯本多達千餘種。,,,社會-社會,,社會-歷史,聖經,sìng-king
104590,腦下垂體,位於中腦下面，可分為腦下垂體前葉、後葉，為內分泌控制中心。也稱為「垂體」、「腦下腺」、「腦垂腺」、「腦垂體」。,,,健康與體育-健康與體育,健康與體育-健康教育,,腦下垂體,náu-ē-suî-thé náu-hā-suî-thé
104591,腦中風,腦出血與腦梗塞的統稱，簡稱中風。,,健康與體育-健康與體育,健康與體育-健康與體育,健康與體育-健康教育,健康與體育-健康與護理,腦中風,náu-tiòng-hong
104592,腦筋急轉彎,換個方向思考。,,綜合活動-綜合活動,,,,腦筋踅輾轉,náu-kin se̍h-liàn-tńg náu-kin se̍h-lìn-tńg
104593,腸胃炎,腸胃發炎。,健康與體育-健康與體育,健康與體育-健康與體育,健康與體育-健康與體育,健康與體育-健康教育,自然科學-生物,胃腸炎,uī-tn̂g-iām
104594,腸病毒,又稱腸道病毒，是一種主要寄生於腸道的正股單股RNA病毒，和人類及哺乳類的疾病有關。,健康與體育-健康與體育,社會-社會 健康與體育-健康與體育,自然科學-自然科學 健康與體育-健康與體育,健康與體育-健康教育,,腸病毒,tn̂g-pēnn-to̍k
104595,萬有引力,宇宙間的一切物體都具有相互吸引的力量。此力的量值與兩物體質量的乘積成正比，而與其間距離的平方成反比。,,,社會-社會,自然科學-理化,自然科學-地球科學,萬有引力,bān-iú-ín-li̍k
104596,落山風,臺灣恆春半島的季節風。臺灣地區每年秋、冬以後，東北季風盛行，恆春地區因受地形的影響，當遇強盛的冷空氣南下時，受中央山脈阻隔擠壓的寒風，至此奔騰而下，形成凌厲寒冽的強風。,,社會-社會,社會-社會,自然科學-地球科學 社會-地理,社會-地理,落山風,lo̍h-suann-hong
104597,落地掃,落地掃為歌仔戲最早的表演形式，近似於褒歌、車鼓小戲，無論生旦都由男性演員演出，採即席演出。,,,藝術-藝術,藝術-表演藝術,,落地掃,lo̍h-tē-sàu
104598,落實,澈底執行。,,綜合活動-綜合活動 健康與體育-健康與體育,社會-社會 綜合活動-綜合活動,,,落實,lo̍k-si̍t
104599,葡萄牙,國名。位於歐洲的西南部，伊比利半島西部。,,,社會-社會,社會-歷史,社會-歷史,葡萄牙,Phû-tô-gâ
104600,蜂炮,將數萬枝五顏六色的火燄沖天炮，一排排的綁在木架上，高度各有不同，外形很像蜂巢的炮陣。點燃時，沖天炮帶著火燄向四方奔竄飛舞，就像是群蜂出巢。,,社會-社會 綜合活動-綜合活動,,,,蜂仔炮,phang-á-phàu
104601,蜂蛹,蜂由幼蟲變為成蟲之前所經歷一段不動不食、其狀如死的狀態，是一種過度型態。,,,綜合活動-綜合活動,,,蜂蝦,phang-hê
104602,蜂窩,蜜蜂的窩巢。,,健康與體育-健康與體育,綜合活動-綜合活動,,自然科學-生物,蜂岫,phang-siū
104603,補角,兩角和為180度，則兩角稱為補角。,,,,數學-數學,,補角,póo-kak
104604,裝置藝術,裝置藝術（Installation art）許多人追溯根源到法國藝術家杜尚，他使用現成的物件而非傳統上要求手工技巧的雕塑來創作。因此構成裝置藝術作品的現成品，成為一種類似於「語素」的意義最小單位，在空間中按照藝術家的意願，組成能產生意義的「句子」，即「裝置藝術作品」。,,自然科學-自然科學,藝術-藝術,藝術-視覺藝術,藝術-藝術生活,裝置藝術,tsong-tì gē-su̍t
104605,裝飾音,是一種用來裝飾音符的音，通常依附在音符上很快地演奏，音型通常是固定的，跟它所裝飾的主旋律中的某一音符有密切的關係。為英語embellishment、grace notes、ornaments的義譯。原為演奏者為增添樂曲趣味所作的即興演奏，後亦收入正式樂譜中。例如倚音、震音、迴音、漣音、琶音等。,,藝術-藝術,藝術-藝術,藝術-音樂,藝術-音樂,裝飾音 花指,tsong-sik-im hue-tsáinn
104606,解析度,泛指量測或顯示系統對細節的分辨能力。此概念可以用時間、空間等領域的量測。日常用語中之解析度多用於影像的解析度。,,,,,自然科學-生物,解析度,kái-sik-tōo
104607,解題,解答題目。,,,數學-數學,,,解題,kái-tê
104608,試管,一種化學實驗器具。為圓柱形玻璃管，一端開口，一端為密封半球形。具有各種不同口徑及長度的規格，抗蝕性強。,,,自然科學-自然科學,自然科學-生物,自然科學-生物,試管,tshì-kuán
104609,資料夾,電腦中用於儲放不同分類資料檔案，俾利使用與辨識。,,,,科技-資訊科技,,資料篋仔,tsu-liāu-kheh-á
104610,資訊,1.電腦上指對使用者有用的資料和訊息的總稱。以別於未經處理過的資料。 2.泛指一般資料和訊息。,,社會-社會 綜合活動-綜合活動 健康與體育-健康與體育,綜合活動-綜合活動 社會-社會,,語文-英語文,資訊,tsu-sìn
104611,資源回收筒,操作系統中的系統資料夾，用來暫時存放已刪除的檔案。,,,,科技-資訊科技,,資源回收桶,tsu-guân huê-siu-tháng
104613,跳水,1.跳入水中。 2.一種水上運動。一般是由跳臺或跳板，以頭朝下躍入水中的瞬間，同時做出直體、屈體、抱膝等體操姿勢及技巧動作。,健康與體育-健康與體育,健康與體育-健康與體育,,健康與體育-體育,健康與體育-體育,跳水 栽水,thiàu-tsuí tsai-tsuí
104614,跳音,跳音又稱斷音或斷奏，指音符的實際時值比譜上所示的短，而減短的部分則可不作聲，並於音符上加上一小點表示。,,藝術-藝術,,藝術-音樂,,跳音,thiàu-im
104615,跳格子,兒童遊戲，在地面畫定的圖上跳動。,健康與體育-健康與體育,,健康與體育-健康與體育,,,跳年 蹌跤雞  跳格仔,thiàu-nî tshiáng-kha-ke tshíng-kha-ke thiàu-keh-á
104616,跳蚤,動物名。昆蟲綱微翅目。體形很小，暗褐色，後腿長而有力，善跳躍。多寄生在哺乳動物或禽鳥身上，以吸吮血液為生。,,自然科學-自然科學,,自然科學-生物,,虼蚤,ka-tsáu
104617,跳蚤市場,拍賣二手貨的市場。,社會-生活課程 自然科學-生活課程 藝術-生活課程 綜合活動-生活課程,綜合活動-綜合活動 社會-社會,,,,中古市仔 賊仔市,tiong-kóo tshī-á tsha̍t-á-tshī
104618,跳馬,1.一種體操器械。有點像馬，背部無環，用皮革包裹，高低可調節，是木馬的一種。男子比賽時縱向放置，女子比賽馬橫向放置。 2.競技體操項目之一。西元1896年第一屆奧運會列為正式比賽項目。規定必須用臂支撐馬背，騰越馬身，作各種動作，整個動作要求跑得快，騰空高，轉體快，落點遠，立得穩。由於全部動作過程時間短，技術複雜，對運動員能增強肌腱、關節的力量，對發展下肢和肩帶肌肉的爆發力以及空中辨別方向的能力有特殊的作用。,,,,,健康與體育-體育,跳馬,thiàu-bé
104619,跳高,一種田賽運動。有急行跳高、撐竿跳高和立定跳高三種，前兩種是正式比賽項目。跳高通常指急行跳高。運動員經一段距離助跑加速後，單腳起跳，身體凌越橫竿即判成功。若同一高度失敗三次，即判失敗，取消繼續比賽資格。,,,健康與體育-健康與體育,,健康與體育-體育,跳懸,thiàu-kuân
104621,農田,可供耕種的田地。,,自然科學-自然科學 社會-社會,綜合活動-綜合活動,,,田 田園,tshân tshân-hn̂g
104622,農耕,耕種稼穡等農務。,,社會-社會,自然科學-自然科學 社會-社會,社會-地理,社會-歷史,農耕 作穡,lông-king tsoh-sit
104623,農藥,農業生產過程中所使用的藥劑。用來防止農林作物遭受病蟲鼠害和雜草的侵害、調節農林作物的生長、促進有益昆蟲的繁殖。,,自然科學-自然科學 社會-社會,綜合活動-綜合活動 社會-社會 健康與體育-健康與體育,社會-地理,健康與體育-健康與護理,農藥,lông-io̍h
104624,遊戲軟體,具有遊戲目的之電腦程式集統稱。,,,,科技-資訊科技,,遊戲軟體,iû-hì nńg-thé
104625,遊戲器材,嬉戲、娛樂活動所使用的器具。,,綜合活動-綜合活動 社會-社會,綜合活動-綜合活動 健康與體育-健康與體育,,,遊戲器材,iû-hì khì-tsâi
104626,運動表現,1.體育活動的表現。 2.指宇宙間所發生的一切變化和過程，從簡單的位置變動到復雜的人類思維，都是物質運動的表現。,,,,健康與體育-體育,,運動表現,ūn-tōng piáu-hiān
104627,運動習慣,長期養成有定期、且定量的運動行為。,健康與體育-健康與體育,健康與體育-健康與體育,,,,運動習慣,ūn-tōng si̍p-kuàn
104628,運動場,進行體育活動的場所。,健康與體育-健康與體育,社會-社會,,,,運動埕 運動場,ūn-tōng-tiânn ūn-tōng-tiûnn
104629,運動量,運動的份量、時間長度。,健康與體育-健康與體育,,,,,運動量,ūn-tōng-liōng
104630,運動會,體育運動競賽的集會。,,健康與體育-健康與體育 社會-社會,綜合活動-綜合活動 健康與體育-健康與體育,健康與體育-體育,,運動會,ūn-tōng-huē
104632,運輸,利用交通工具，將人或物由一地運送到另一地。,,自然科學-自然科學 綜合活動-綜合活動 健康與體育-健康與體育 社會-社會,綜合活動-綜合活動,社會-地理,,運輸,ūn-su
104633,過敏原,是指能引起過敏的物質。,,,,健康與體育-健康教育,健康與體育-健康與護理,過敏原,kuè-bín-guân
104634,過渡段,承上啟下的自然段，通常在文章的中部，上半句承上，表示前一段的段意；下半句啟下，表示後一段的段意。,,語文-國語文,,,,過渡段,kuè-tōo-tuānn
104635,違例,違反規定條例。,,,健康與體育-健康與體育,,健康與體育-體育,違例,uî-lē
104636,違章建築,在建築法適用地區內，未經申請當地主管建築機關的審查、許可並發給執照，而擅自建造的建築物。或雖依法定程序領得執照，然其內容或使用與所許可的設計、規格或使用不符的部分，亦屬之。,,社會-社會,,,,違章建築,uî-tsiong kiàn-tio̍k
104637,酬謝,以財物或行動答謝。,,,社會-社會,,,謝神,siā-sîn
104638,鈸,樂器名，打擊樂器。銅製。由兩個中間凸起的圓形銅片相撞擊發聲。一般直徑從15－69公分不等，亞洲民間亦有11公分以下尺寸，而有小鈸、大鈸、低鈸之分。傳統上常用於民間音樂與戲曲。也稱為「銅鈸」。,,藝術-藝術,藝術-藝術,藝術-音樂,藝術-音樂,鈔,tshau
104639,鉛垂線,鉛錘於絲線末端，使它自然下垂，靜止時，絲線呈一筆直直線。,,,數學-數學,數學-數學,數學-數學,徛直線,khiā-ti̍t-suànn
104640,鉛球,一種田賽運動。運動員以手托住鉛球，由肩上用力的推出，以推擲最遠的人獲勝。,,,,,健康與體育-體育,鉛球,iân-kiû
104641,隔代家庭,由祖父母或外祖父母與孫子女同住，所組成的家庭。孫子女的父母因工作等因素而無法與他們同住。,,,社會-社會,,,隔代家庭,keh-tāi ka-tîng
104642,隔代教養家庭,祖父母取代孫子女的父母親，擔負起大部分對於孫子女的教養暨照顧責任。,,,社會-社會,社會-公民與社會,,隔代教養家庭,keh-tāi kàu-ióng ka-tîng
104643,零用錢,零碎花用的錢。,,社會-社會,社會-社會,,,所費,sóo-huì
104644,零食,正餐外的零星食品。,,健康與體育-健康與體育 綜合活動-綜合活動,綜合活動-綜合活動 健康與體育-健康與體育,,,四秀仔 喙食物,sì-siù-á tshuì-tsia̍h-mi̍h
104645,零錢,面值小，不成整數的錢。,,,綜合活動-綜合活動,,,零星 零星錢 銀角仔,lân-san lân-san-tsînn gîn-kak-á
104646,雷射光,一種能產生並放大光波的裝置。其原理是以晶體、氣體、半導體的物質為介質，使光波在介質內來回反射，引起連鎖反應，放射出強化光束。雷射光強烈明亮，平行成束，頻率穩定，具有方向性，單色性及強大的能量，可用來從事測量、傳送、切割、焊接、打孔等工作。最初只用於工業和軍事上，近幾年也應用在醫療手術上。,,自然科學-自然科學,,,,雷射光,luî-siā-kng
104647,雷達,利用電磁波探測目標位置、距離、方位、速度和數量的無線電設備。由電波發射器發出無線電波，遇目標物後立即反彈，經雷達天線接收顯示於螢光幕。廣泛應用於軍事、氣象、航海、航空和航太等方面。,,,社會-社會,,,雷達,luî-ta̍t
104648,電子支付,指電子交易的當事人，包括消費者、廠商和金融機構，使用安全電子支付手段，通過網路進行的貨幣支付或資金流轉。,,,,,社會-地理,電子支付,tiān-tsú tsi-hù
104649,電子媒體,指電視、廣播等透過電傳傳輸訊息的中介體。,,,,藝術-表演藝術,,電子媒體,tiān-tsú muî-thé
104650,電扇,利用電動機轉動風扇葉片，使空氣流動的裝置。,社會-生活課程 自然科學-生活課程 藝術-生活課程 綜合活動-生活課程,,綜合活動-綜合活動,自然科學-理化,,電風,tiān-hong
104651,電視購物,電視機的商品介紹頻道，可供民眾選購所需物品。此種頻道往往提供電話及網路訂購服務。,,健康與體育-健康與體育,社會-社會,,健康與體育-健康與護理,電視購物,tiān-sī kòo-bu̍t
104652,電源開關,開啟或關閉電源的按鍵或按鈕。,,,,科技-資訊科技,,電源開關,tiān-guân khai-kuan
104653,電腦,一種能接受資料並按照人為指示的方法處理，產生有效結果的裝置。通常由輸出入設備、中央處理器、主記憶體、算術和邏輯單元等五大部門組成。,,健康與體育-健康與體育,綜合活動-綜合活動,科技-資訊科技,社會-歷史,電腦,tiān-náu
104654,電腦數值控制,是利用數位訊號操作系統來控制生產系統內的製程設備，目前數值控制工具機大多利用電腦來運算控制。,,,,科技-生活科技,,電腦數值控制,tiān-náu sòo-ta̍t khòng-tsè
104655,電解質,熔化或溶解在溶劑中，會解離成離子且能導電的物質。如酸類、鹼類及鹽類。依其解離度，又可分為強電解質及弱電解質。,,,健康與體育-健康與體育,自然科學-理化,自然科學-化學,電解質,tiān-kái-tsit
104656,預防注射,對人體注射疫苗或免疫血清，使體內產生特殊的抵抗力，以達到預防感染的目的。,,綜合活動-綜合活動,,健康與體育-健康教育,,預防注射 注預防射,ī-hông tsù-siā tsù ī-hông-siā
104657,預防接種,將疫苗注射進入健康的人體中，藉由體內之主動免疫反應產生對於特定或類似病原的抗體，以達到增強對該疾病之抵抗力或預防感染的目的。也稱為「預防注射」。,健康與體育-健康與體育,健康與體育-健康與體育,,,,預防接種 注預防射,ī-hông tsiap-tsíng tsù ī-hông-siā
104658,預覽,文件列印前進行瀏覽的功能，降低列印錯誤。,,,,科技-資訊科技,,預覽,ī-lám
104659,飽和脂肪,脂肪分子由三個脂肪酸與甘油組成，大部分的脂肪酸是直鍊結構，乃是由碳原子排列而成，若是直鍊上的碳原子與碳原子以單鍵結合，則稱為「飽和脂肪酸」，飽和脂肪酸組成的脂肪稱為「飽和脂肪」。是血液中膽固醇的主要來源，動物性油脂與棕櫚油都含有大量飽和脂肪。,,,健康與體育-健康與體育,,自然科學-化學,飽和脂肪,pá-hô tsi-hong
104660,鼓,樂器名，打擊樂器。用皮革蒙在中空木桶上所製成的樂器之泛稱，常以手、木棒或鼓槌擊奏。其形狀大小不一，聲音因其大小、深淺各有不同音量與音色。,,藝術-藝術,自然科學-自然科學,藝術-音樂,社會-歷史,鼓,kóo
104661,鼓吹樂,為金革與竹木類吹打樂器的組合。源於漢代的鼓吹，後分為以嗩吶為主的鼓吹樂與以管子為主的吹歌樂。,,,藝術-藝術,藝術-音樂,藝術-音樂,鼓吹樂,kóo-tshue-ga̍k
104662,鼓掌,拍手表示讚賞或歡喜。,綜合活動-生活課程,,,,,拍噗仔,phah-pho̍k-á
104663,鼓膜,外耳與中耳間的傳音膜。膜薄且呈卵圓形，聲波震動鼓膜後，使聽骨發生振動，進而產生聽覺。也稱為「耳膜」。,,健康與體育-健康與體育,,,,耳鏡 耳空鬼仔,hīnn-kiànn hīnn-khang-kuí-á
104664,圖示,用圖片或表格來表示。,,健康與體育-健康與體育 藝術-藝術 社會-社會,,,,圖示,tôo-sī
104665,圖表,表示統計數字的圖形表格。為標明各種情況和注明各種數字的圖和表的總稱。,,語文-國語文 數學-數學 社會-社會,數學-數學 綜合活動-綜合活動,數學-數學,語文-英語文,圖表,tôo-pió
104666,圖鑑,以圖畫、照片為主，並附有文字說明的著作。,,自然科學-自然科學 社會-社會,語文-國語文 綜合活動-綜合活動,語文-國語文,,圖鑑,tôo-kàm
104667,團體,具有共同目標的人群所結合而成的集團或組織。,健康與體育-健康與體育,綜合活動-綜合活動 健康與體育-健康與體育 社會-社會,社會-社會 綜合活動-綜合活動 健康與體育-健康與體育,社會-地理 社會-公民與社會,,團體,thuân-thé
104668,實木,用天然的原木加工成的純木質的材料。,,,,科技-生活科技,,實木,si̍t-bo̍k
104669,實測,實際測量、測試。,數學-數學,數學-數學,數學-數學,,,實際測量,si̍t-tsè tshik-liông si̍t-tsè tshik-liōng
104670,實踐,實行、履行。,,綜合活動-綜合活動 健康與體育-健康與體育 社會-社會,綜合活動-綜合活動,,,實踐,si̍t-tsiān
104671,對比色,色相的性質相反，光度明暗懸殊的兩種顏色。,,藝術-藝術,,藝術-視覺藝術,藝術-美術,對比色,tuì-pí-sik
104672,對白,戲劇或文章中腳色之間的對話。,,語文-國語文,語文-國語文 藝術-藝術,語文-國語文 藝術-表演藝術,,對白,tuì-pe̍h
104673,對流作用,液體或氣體受熱的部分上升，未受熱的部分下降，循環運動以傳熱的現象。,,,自然科學-自然科學,自然科學-理化,,對流作用,tuì-liû tsok-iōng
104674,對頂角,在幾何學中，對頂角是兩個角之間的一種位置關係。兩條直線相交時會產生一個交點，並產生以這個交點為頂點的四個角。稱其中不相鄰的兩個角互為對頂角。,,,,數學-數學,,對頂角,tuì-tíng-kak
104675,對焦,對準焦點。,,,,藝術-視覺藝術,,對焦,tuì-tsiau
104676,對照表,對比兩者的表格。,,,數學-數學,,,對照表,tuì-tsiàu-pió
104677,對話練習,相互間的交談反覆學習，以求熟練。,語文-國語文,,,,,對話練習,tuì-uē liān-si̍p
104678,對齊,以相同基準排列整齊。,,數學-數學,,,,掠齊,lia̍h-tsê
104679,對應,一個系統中某一項在性質、作用、位置或數量上跟另一系統中某一項相當的，稱為「對應」。,,綜合活動-綜合活動,數學-數學,數學-數學,數學-數學,對應,tuì-ìng
104680,對應頂點,兩個相互重疊的圖形，對應的頂點。,,數學-數學,數學-數學,數學-數學,,對應頂點,tuì-ìng tíng-tiám
104681,對聯,字數相同，用字互相對仗的兩個句子。,,社會-社會,語文-國語文,語文-國語文,語文-國語文,對聯 聯對,tuì-liân liân-tuì
104682,態度,人的容貌舉止。,,綜合活動-綜合活動 健康與體育-健康與體育 社會-社會,綜合活動-綜合活動,,,態度,thāi-tōo thài-tōo
104683,慢性疾病,指人類的健康狀況或者是疾病，其影響是持續，或者長期存在，或者是隨時間推移而發展的疾病。,,健康與體育-健康與體育,,,自然科學-生物,慢性疾病,bān-sìng tsi̍t-pēnn bān-sìng tsi̍k-pēnn
104684,慢性病,指人類的健康狀況或者是疾病，其影響是持續，或者長期存在，或者是隨時間推移而發展的疾病。,,,健康與體育-健康與體育,健康與體育-健康教育,健康與體育-健康與護理,慢性病,bān-sìng-pēnn
104685,慢板,音樂速度用語。一般指介於行版（andante）與廣板（largo）之間。adagio中譯名。,,,藝術-藝術,藝術-音樂,藝術-音樂,慢板,bān-pán
104686,截面,物體被切斷後，所呈現的切面。也稱為「剖面」。,,,數學-數學,,,截面,tsia̍t-bīn
104687,摘要,以簡潔的文字作扼要敘述。,,語文-國語文,語文-國語文,語文-國語文,,摘要,tiah-iàu
104688,摘述,以簡潔的文字作扼要敘述。,,,綜合活動-綜合活動,,,摘述,tiah-su̍t
104689,摘錄式,閱讀筆記方式。將文章中精彩的句子或重要片段摘抄下來。,,語文-國語文,,,,摘錄式,tiah-lo̍k-sik tiah-lio̍k-sik
104690,摺棉被,折疊被子。,綜合活動-生活課程,,,,,摺被,tsih-phuē
104691,撇,漢字組成的基本筆畫。,語文-國語文,,語文-國語文,,,撇,phiat
104692,撇頓點,漢字組成的基本筆畫。,語文-國語文,,,,,撇頓點,phiat-tùn-tiám
104693,撇橫,漢字組成的基本筆畫。,語文-國語文,,,,,撇橫,phiat-huâinn
104695,滯銷,貨物銷售不出去。,,,社會-社會,,,敗市,pāi-tshī
104696,漁港,供漁船停泊、進出，且具備便利漁業經營條件的港灣。,,社會-社會,綜合活動-綜合活動 社會-社會,,,漁港,hî-káng
104697,漂浮性植物,漂浮性植物為沒有根固定在土裡的水生植物，植物體本身會隨著水流四處漂移。,,自然科學-自然科學,,,,漂浮性植物,phiau-phû-sìng si̍t-bu̍t phiau-hû-sìng si̍t-bu̍t
104698,演奏曲,演奏的曲目。,,藝術-藝術,藝術-藝術,,,演奏曲,ián-tsàu-khik
104699,演說,向大眾講述自己對於某個問題的見解。,語文-國語文,,語文-國語文,語文-國語文,,演說,ián-suat
104700,熔化,固體加熱到一定溫度時變成液態的現象。,,健康與體育-健康與體育,自然科學-自然科學,自然科學-理化,自然科學-化學,熔去,iûnn--khì
104701,疑問句,表示詢問或反問的語句。,,語文-國語文,語文-國語文,語文-國語文,,疑問句,gî-būn-kù
104702,疑惑,懷疑、不明白。,,健康與體育-健康與體育,語文-國語文 綜合活動-綜合活動,,,疑惑,gî-hi̍k
104703,監護人,法律上對未成年人及禁治產人，盡監督保護之責者，稱為「監護人」。,,,社會-社會,健康與體育-健康教育,社會-公民與社會,監護人,kàm-hōo-jîn
104704,睡眠,眼睛閉上、身心鬆弛的一種休息狀態。,健康與體育-健康與體育,綜合活動-綜合活動 健康與體育-健康與體育 社會-社會,,,,睏眠,khùn-bîn
104705,碳化,含碳物質經化學作用形成碳質的過程。,,自然科學-自然科學,,,,碳化,thuànn-huà
104706,磁力線,描述磁場強度和方向的假想圖線。在此假想線上一點的切線方向，即為該點的磁場強度方向，磁力線越密代表磁場越強。,,自然科學-自然科學,,自然科學-理化,自然科學-物理,磁力線,tsû-li̍k-suànn
104707,箏形,即「鳶形」。四邊形的兩雙鄰邊分別相等者。,,,數學-數學,數學-數學,,箏形 風吹形,tsing-hîng hong-tshue-hîng
104708,算法,計算的方法。,,數學-數學,,,,算法,sǹg-huat
104709,管弦樂器,管樂器及弦樂器的合稱。弦樂器是指以弦振動而發出聲音的樂器之總稱，可分為擊弦樂器、撥弦樂器、弓弦樂器；管樂器又分為木管及銅管樂器。,,藝術-藝術,,,,管弦樂器,kuán-hiân ga̍k-khì
104710,管風琴,樂器名。用不同音高的管子構成，由風箱壓縮空氣通過管子而發出聲音。,,藝術-藝術,,藝術-音樂,藝術-音樂,管風琴,kuán-hong-khîm
104711,管路,由金屬、塑膠或水泥等材料製成的管子，藉以輸送或排放大量物質到遠處的管道。,,,,科技-生活科技,,管路,kóng-lōo
104712,管道,方法、途徑。,,綜合活動-綜合活動 健康與體育-健康與體育,綜合活動-綜合活動,自然科學-理化 健康與體育-健康教育,,管道 門路,kuán-tō mn̂g-lōo
104713,管樂,利用空氣柱的振動而發聲的樂器。如笙、簫、喇叭等皆屬於管樂器。,,,綜合活動-綜合活動 藝術-藝術,,,管樂,kuán-ga̍k
104714,管樂隊,以銅管、木管和打擊樂器合奏而組成的樂隊。如一般的軍樂隊皆是此種類型。,,藝術-藝術,,,,管樂隊,kuán-ga̍k-tuī
104715,管樂團,是由木管樂器、銅管樂器以及打擊樂器所組成。它多變的曲目包括原創的管樂曲、改編的古典音樂、輕音樂、以及流行音樂。,,藝術-藝術,,藝術-音樂,,管樂團,kuán-ga̍k-thuân
104717,綠肥,將植物的莖、葉翻埋於土中，經過發酵分解而成的肥料。可增加土中的養分和有機質。,,,社會-社會,,,綠肥,li̍k-puî
104719,維生素D,維生素D（簡稱VD）是一種脂溶性維生素，乃環戊烷多氫菲類化合物，一組結構上與固醇有關，功能上可防止佝僂病的維生素，最主要的是維生素D3與D2。食物來源以含脂肪高的海魚、動物肝、蛋黃、奶油相對較多，魚肝油中含量高。,,健康與體育-健康與體育,,,健康與體育-健康與護理,維生素D bi-tá-bín D,uî-sing-sòo D bi-tá-bín D
104721,維管束,植物體內具有運輸及支持功能的構造。,,,自然科學-自然科學,自然科學-生物,,維管束,uî-kńg-sok
104722,網版印刷,印刷的一種方法。,,,,科技-生活科技,,網版印刷,bāng-pán ìn-suat
104723,網頁檔,儲存成.html網頁格式的檔案。,,,,科技-資訊科技,,網頁檔,bāng-ia̍h-tóng bāng-ia̍h-tòng
104724,網路直播,透過網際網路將影像、聲音直接撥送出去，讓觀眾能即時觀看。,,,,社會-地理,,網路直播,bāng-lōo ti̍t-pòo bāng-lōo ti̍t-pò
104725,網路攝影機,具有視訊攝影、傳播和靜態圖像捕捉等基本功能。,,,,科技-資訊科技,,網路攝影機,bāng-lōo liap-iánn-ki
104726,網路霸凌,通常是指人與人之間權力不平等的欺凌與壓迫，它一直長期存在於社會中，包括網路以手機簡訊、電子郵件、部落格等的攻擊。,健康與體育-健康與體育,,社會-社會,健康與體育-健康教育 社會-公民與社會,,網路霸凌,bāng-lōo pà-lîng
104727,罰球,被犯規端可於一定距離且不受干擾進行得分投球或踢球。,,,健康與體育-健康與體育,健康與體育-體育,健康與體育-體育,罰球,hua̍t-kiû
104728,腐蝕作用,凡物體因酸類、鹼類或鹽類的化學作用，而逐漸消損或傷毀。,,,自然科學-自然科學,,,腐蝕作用,hú-si̍t-tsok-iōng
104729,腐蝕性,凡物體因酸類、鹼類或鹽類的化學作用，而逐漸消損或傷毀。,,,自然科學-自然科學,自然科學-理化,,腐蝕性,hú-si̍t-sìng
104730,膀胱,泌尿系統中儲尿的器官。為平滑肌與膜質形成的囊，位於骨盤腔的前方，腹腔的下方，呈卵圓形，其形狀會因尿量而改變。也稱為「尿胞」、「尿脬」。,健康與體育-健康與體育,,健康與體育-健康與體育,自然科學-生物 健康與體育-健康教育,健康與體育-健康與護理,膀胱,phông-kong
104731,臺北赤蛙,兩棲綱赤蛙科，頭大，外鼻孔接近吻端，背部赤褐，體側微黃，腹白，頷骨有齒，舌尖呈二分叉。,,自然科學-自然科學,,,,臺北赤蛤仔,Tâi-pak tshiah-kap-á
104732,臺灣高速鐵路,臺灣高鐵，全名臺灣高速鐵路，通稱高鐵，是臺灣的高速鐵路系統，全線縱貫臺灣人口密集的西部地區，路線全長349.5公里，最高營運時速300公里，連結臺灣南北成為一日生活圈，往返臺北高雄間最快只需105分鐘，並連結桃園、臺中、臺南等都會區。於西元2007年1月5日通車，成為臺灣西部重要的長途運輸工具之一，亦為臺灣軌道工業指標。,,,社會-社會,,,臺灣高速鐵路,Tâi-uân Ko-sok Thih-lōo
104734,舞獅,一種民俗體育運動。相傳原為驅邪逐鬼而設。由二人分執獅頭獅尾，配合鑼鼓節奏翻躍舞動，一人飾大頭和尚於其前引逗耍弄，三人合作演出各種動作。常在歲時節慶演出，增添年節氣氛。,,社會-社會,藝術-藝術 綜合活動-綜合活動,,,弄獅,lāng-sai
104735,舞龍,一種民俗活動。,,社會-社會,藝術-藝術 綜合活動-綜合活動,,,弄龍,lāng-lîng
104736,蒸汽機,利用蒸汽熱能產生動力的機器。通常由鍋鑪供應的熱蒸汽在壓力下膨脹，熱能轉化產生動力的機器。簡稱為「汽機」。,,自然科學-自然科學,社會-社會,自然科學-理化,自然科學-化學,蒸氣機,tsing-khì-ki
104737,蒸蛋,以蒸的方式料理蛋。,,健康與體育-健康與體育 綜合活動-綜合活動,,,,炊卵,tshue-nn̄g
104738,語文,1.語言和文字的合稱。 2.泛指與語言或文字有關的事項。,語文-國語文,語文-國語文,語文-國語文 綜合活動-綜合活動,,,語文,gí-bûn
104739,語文能力,與語言或文字有關的能力。,,,語文-國語文,,,語文能力,gí-bûn lîng-li̍k
104740,語言列,作業系統上切換輸入法或語言功能。,,,,科技-資訊科技,,語言列,gí-giân-lia̍t
104742,遠距教學,一種結合電腦資訊與通信網路技術，提供給學習者一個不需與老師現場面對面授課的雙向、互動的學習途徑。,,社會-社會,,,,遠距教學,uán-kī kàu-ha̍k
104743,酸,化學上指在水溶液中進行電解時，能產生氫離子的化合物。酸性溶液以石蕊試之，呈紅色。,,,自然科學-自然科學,自然科學-理化,,酸,sng
104744,酸性混合水溶液,能讓藍色石蕊試紙變紅色。,,自然科學-自然科學,,,,酸性混合水溶液,sng-sìng hūn-ha̍p tsuí-iông-i̍k
104745,酸鹼指示劑,又稱pH指示劑、氫離子濃度指示劑，是用來測試pH值的化學試劑。,,,自然科學-自然科學,自然科學-理化,自然科學-化學,酸鹼指示劑,sng-kinn tsí-sī-tse
104746,鉻（Cr）,化學元素。符號為Cr。過渡金屬元素之一，色灰黑如鋼，質地堅硬，鎔點頗高，接觸空氣不會氧化。其化合物可作顏料，並可與其他種類的金屬結為合金，工業用途廣泛。,,,自然科學-自然科學,自然科學-理化,自然科學-化學,鉻,kok
104747,銀白色,近似銀的色彩。,,,,自然科學-理化,,銀色,gîn-sik
104748,銀行,一種金融機構。以存款、放款、匯兌為主要業務，或兼事票券經理、紙幣兌換、代理國庫之出納等業務。,,綜合活動-綜合活動 社會-社會,綜合活動-綜合活動 社會-社會,,,銀行,gîn-hâng
104750,銀髮族,銀白色頭髮的一族，指老年人。,,健康與體育-健康與體育,綜合活動-綜合活動 社會-社會,健康與體育-健康教育,,濟歲人,tsē-huè-lâng
104752,銅管,銅製的管樂器，用嘴吹奏。包括短號、小號、法國號（圓號）、伸縮號（長號）、低音音號（大號）等各種喇叭或號。,,,藝術-藝術,藝術-音樂,,銅管,tâng-kuán
104753,銅管五重奏,銅管五重奏是由五個銅管樂器聲部構成的重奏團，最常見的編制由兩把小號、一把法國號、一把長號和一把低音號構成。,,藝術-藝術,,,,銅管五重奏,tâng-kuán ngóo-tîng-tsàu tâng-kuán gōo-tîng-tsàu
104754,銅鑼,樂器名。屬於打擊樂器。由青銅製成，鑼面呈圓盤形，中央微鼓起。演奏時用槌敲擊鑼面中心點，可因力道強弱，而表現出不同的音響效果。,,,藝術-藝術,藝術-音樂,藝術-音樂,銅鑼,tâng-lô
104756,雌性激素,是一類主要的女性荷爾蒙，包括雌酮、雌二醇等，而雌二醇是最重要的雌激素。,,,健康與體育-健康與體育,自然科學-生物,,雌性激素,tshu-sìng kik-sòo
104757,領域,事物的範圍。,,綜合活動-綜合活動 社會-社會,綜合活動-綜合活動,藝術-表演藝術,社會-歷史,領域,líng-hi̍k líng-i̍k
104758,領貨,受取物品。,,綜合活動-綜合活動,,,,領貨,niá huè
104759,骰子,一種用象牙、獸骨、塑膠等製成的方塊賭具。,綜合活動-生活課程,健康與體育-健康與體育,,,,骰仔 十八骰子 十八仔,tâu-á si̍p-pat-tâu-á si̍p-pat-á
104760,a小調,A小調是一個於A音開始的音樂的小調，組成的音有A、B、C、D、E、F、G及A（自然小調）。A小調是一個沒有升號和降號的調。,,,藝術-藝術,藝術-音樂,,a小調,a sió-tiāu
104761,A型肝炎,A型肝炎又稱為傳染性肝炎，由A型肝炎病毒所引起，主要由食用受污染的食物或水而感染。,,,健康與體育-健康與體育,健康與體育-健康教育,,A型肝炎,A-hîng kuann-iām