tl,hanzi
a-lú-mih,a-lú-mih
a-móo-ní-á,a-móo-ní-á
a-ní-khih,a-ní-khih
a-sír-phí-lín,a-sír-phí-lín
a̋i-sat-tsirh,a̋i-sat-tsuh
a̋i-sat-tsuh,a̋i-sat-tsuh
a̋i-sīr-khu-lìn-mù,a̋i-sīr-khu-lìn-mù
a̍t-sá-lih,a̍t-sá-lih
bai-óo-lín,bai-óo-lín
bak-kuh,bak-kuh
bat-tah,bat-tah
ba̋i-khín,ba̋i-khín
ba̍t-té-lih,ba̍t-té-lih
bi-tá-bín,bi-tá-bín
biat-tooh,biat-tooh
bo̍k-sìn-gù,bo̍k-sìn-gù
bu-là-jià,bu-là-jià
bu-lá-tsià,bu-lá-tsià
bàn-bà,bàn-bà
bàng-gà,bàng-gà
bá-luh,bá-luh
bá-sirh,bá-sirh
bá-sirh,bá-suh
bá-suh,bá-suh
bá-tah,bá-tah
bì-lù,bì-lù
bí-sooh,bí-sooh
bòo-lù,bòo-lù
bòo-tòo,bòo-tòo
e-pú-lóng,e-pú-lóng
ga-sóo-lín,ga-sóo-lín
gat-lá-iû,gat-lá油
gi-lòo-sià,gi-lòo-sià
giāng,giāng
goo-lú-huh,goo-lú-huh
gá-lah,gá-lah
gá-suh,gá-suh
gì-tà,gì-tà
gōo-bōo,gōo-bōo
ha-móo-ní-khah,ha-móo-ní-khah
ha-sí-khah,ha-sí-khah
ha̋i-khé-khá-khuh,ha̋i-khé-khá-kuh
ha̋i-khé-khá-kuh,ha̋i-khé-khá-kuh
ha̋n-tóo-luh,ha̋n-tóo-luh
ha̋ng-góo,ha̋ng-góo
he-nú-miat-tooh,he-nú-miat-tooh
hi-nóo-khih,hi-nóo-khih
hoo-lú-bóng,hoo-lú-bóng
hoo-té-luh,hoo-té-luh
hài-ià,hài-ià
há-muh,há-muh
hái-kat-lá,hái-kat-lá
hú-looh,hú-looh
ia̋n-jín,ia̋n-jín
iá-mih,iá-mih
ió-bih,ió-bih
iú-lih,iú-lih
iő-káng,iő-káng
ji-lò-sià,ji-lò-sià
ji-lòo-sià,ji-lòo-sià
ji-lú-bah,ji-lú-bah
ji-siá-kuh,ji-siá-kuh
jiak-khuh,jiak-khuh
jiak-kuh,jiak-kuh
jiàn-bà,jiàn-bà
jiá-khuh,jiá-khuh
jiá-kuh,jiá-kuh
jió-toh,jió-toh
kha-báng,kha-báng
kha-lá-óo-khe,kha-lá-óo-khe
kha-mé-lah,kha-mé-lah
kha-tián,kha-tián
kha-tá-lok-guh,kha-tá-lok-guh
kha̋n-jióo,kha̋n-jióo
kha̋ng-páng,kha̋ng-páng
khe-tsiap-puh,khe-tsiap-puh
khi-móo-tsih,khi-móo-tsih
khit-teh,khit-teh
khiā-hang,khiā-hang
khiű-khé,khiű-khé
khok-puh,khok-puh
khoo-lé-lah,khoo-lé-lah
khoo-mí-sióng,khoo-mí-sióng
khu-lá-tsih,khu-lá-tsih
khu-lì-mù,khu-lì-mù
khu-lìn-mù,khu-lì-mù
khà-sàng,khà-sàng
khà-tsiàng,khà-tsiàng
khí-looh,khí-looh
khòng-buh,khòng-buh
khòo-tòo,khòo-tòo
khōng-ku-lí,khōng-ku-lí
la-jí-ooh,la-jí-ooh
la-khiat-tooh,la-kiat-tooh
la-kiat-tooh,la-kiat-tooh
la-mú-neh,la-mú-neh
la̋i-jiòo-bù,la̋i-jiòo-bù
la̋i-lìn-gù,la̋i-lìn-gù
le-khòo-tòo,le-khòo-tòo
li-lò-sià,li-lò-sià
li-á-khah,li-á-khah
lia̋n-táng,lia̋n-táng
li̋n-jín,li̋n-jín
loo-lài-bà,loo-lài-bà
lài-tah,lài-tah
lè-sìr,lè-sìr
lê-bóng,lê-bóng
lìn-gò,lìn-gòo
lìn-gòo,lìn-gòo
lò-sù,lòo-suh
lòo-suh,lòo-suh
lòo-sìr,lòo-sìr
lòo-sù,lòo-sù
lòo-sù-bah,lòo-sù肉
ló-lí-á,ló-lí仔
lóo-lí-á,lóo-lí-á
lóo-sú-bah,lóo-sú肉
ma-lá-lí-á,ma-lá-lí-á
ma-lá-sóng,ma-lá-sóng
ma-sà-tsì,ma-sà-tsì
me-lí-á,me-lí-á
me-lóng,me-lóng
mi-sín,mi-sín
mi-só-sí-luh,mi-só-sí-luh
mài-kù,mài-kù
mè-sì,mè-sì
mè-sù,mè-sù
mí-soh,mí-soh
mí-soh,mí-sooh
mí-sooh,mí-sooh
mòo-tà,mòo-tà
na̋i-lóng,na̋i-lóng
ne-kut-tái,ne-kut-tái
nè-tsiàng,nè-tsiàng
nóo-lih,nóo-lih
nőo-sín,nőo-sín
o-lín-gio,o-lín-gio
o-lín-gio̍h,o-lín-gio̍h
o-lín-gió,o-lín-gió
oo-bá-sáng,oo-bá-sáng
oo-jí-sáng,oo-jí-sáng
oo-khà-sàng,oo-khà-sàng
oo-lián,oo-lián
oo-lín-gióo,oo-lín-gióo
oo-nè-sàng,oo-nè-sàng
oo-tóo-bái,oo-tóo-bái
pha-tsìn-kòo,pha-tsìn-kòo
pha̋-siàn-tòo,pha̋-siàn-tòo
phi-á-nooh,phi-á-nooh
phih-pheh-kiò,phih-pheh叫
phiàn-tsih,phiàn-tsih
phi̋n-phóng,phi̋n-phóng
phu-lóo-phé-lá,phu-lóo-phé-lá
phàng-kù,phàng-kù
pháng,pháng
phòng-phù,phòng-phù
pu-lù-sù,pu-lù-sù
sa-khá-lí-bah,sa-khá-lí-bah
sa-khú-lah,sa-khú-lah
sa-sí-mih,sa-sí-mih
sak-khuh,sak-khuh
sa̋-bì-sù,sa̋-bì-sù
sa̋m-phú-luh,sa̋m-phú-luh
se-bí-looh,se-bí-looh
si-á-geh,si-á-geh
sia-sín,sia-sín
siat-tooh,siat-tooh
siat-tsuh,siat-tsuh
sio̍k-pháng,sio̍k-pháng
sir-bé-lí-lái,sir-bé-lí-lái
sir-lit-pah,sir-lit-pah
sir-lí-pah,sir-lí-pah
sir-tián-lè-sù,sir-tián-lè-sù
si̍p-pán-ná,si̍p-pán-ná
su-khù-tà,su-khù-tà
su-lit-pah,su-lit-pah
su-lí-pah,su-lí-pah
su-tó-lip-puh,su-tó-lip-puh
sài-sù,sài-sù
sàn-bah,sàn-bah
sè-hù,sè-hù
sòo-sù,sòo-sù
sú-sih,sú-sih
tha-khú-sih,tha-khú-sih
tha-khú-áng,tha-khú-áng
tha-thá-mih,tha-thá-mih
thak-khooh,thak-khooh
that-bí,that-bí
the-ní-suh,the-ní-suh
thia̋n-pú-lah,thia̋n-pú-lah
thoo-lá-khuh,thoo-lá-khuh
thoo-má-tooh,thoo-má-tooh
thài-ià,thài-ià
thài-lù,thài-lù
thàn-gòo,thàn-gòo
thàng-sù,thàng-sù
tshia̋n-pá-lah,tshia̋n-pá-lah
tsiak-kuh,tsiak-kuh
tsiok-kih,tsiok-kih
tsioo-kóo-lè-tòo,tsioo-kóo-lè-tòo
tsit-puh,tsit-puh
tòo-sàng,tòo-sàng
u-lóng,u-lóng
oo-kám-má-tooh,ua-khá-móo-tooh
ua-khá-móo-tooh,ua-khá-móo-tooh
ua-lù-tsuh,ua-lù-tsuh
ua-sá-bih,ua-sá-bih
ua̋i-siat-tsuh,ua̋i-siat-tsuh
àn-nāi,àn-nāi
àu-tsirh,àu-tsuh
àu-tsuh,àu-tsuh
á-geh,á-geh
òo-bà,òo-bà
ùn-tsiàng,ùn-tsiàng
gat-lá,ガラ
ga̍t-là,ガラ
ga̍t-lá,ガラ
gat-lá-thuànn,ガラ炭
ga̍t-la-thuànn,ガラ炭
thoo-má-tooh,トマト
hông,㑂
thú,㑏
hîng,㑞
māu,㑤
tsi̍t,㑵
ba̍t,㑻
iong,㒕
tsn̂g,㒰
tsuînn,㒰
tok,㓸
kong,㓻
lân,㔂
lân kam-tsià,㔂甘蔗
ap,㔩
ián,㕣
áu,㕭
hú,㕮
hong,㕼
tsiu,㖄
kin,㚬
kun,㚬
i,㛄
tshàn,㛑
bám,㛧
am,㛺
í,㝢
ú,㝢
thuí,㞂
ku,㞐
tsîm,㞥
kong,㟵
hong,㠦
hān,㢃
bî,㣲
gê,㤉
gê-siâu,㤉潲
gê-ba̍k,㤉目
iok,㤢
mau,㧌
khê,㧎
hiat,㧒
tu,㧣
tu-hong,㧣風
nái,㧱
tok,㧻
tàng,㨂
tòng,㨂
tàng-kah,㨂甲
tsang,㨑
liû,㨨
hainnh,㨪
ba̍t,㨸
tsānn,㨻
tsānn hî,㨻魚
tsānn hû,㨻魚
ku,㪺
hu,㭪
iû,㳺
bāu,㴘
bāu mī,㴘麵
tsha̍p,㴙
tsha̍p-tsha̍p-liām,㴙㴙唸
tsha̍p-tsha̍p-tih,㴙㴙滴
tsha̍p-tsha̍p-lo̍h,㴙㴙落
bî,㵟
ap,㷈
ia̍p,㷈
thui,㷟
tsau,㷮
hong,㸼
thu,㻬
iong,㻾
sìm,㽎
kong,㽘
khiap,㾀
khiap-sì,㾀勢
khiap-sì-miā,㾀勢命
khiap-miā,㾀命
khiap-sái,㾀屎
ian,㾓
kông,㾠
thuí,㾽
siam,䀐
ku,䀠
hong,䀱
au,䁱
hông,䂫
hông,䃔
iong,䄃
bái,䆀
bái bī,䆀味
bái-tshiú,䆀手
bái-tshiú-á-kuāi,䆀手仔拐
bái-tsâi,䆀才
bái-tsáinn,䆀指
bái-tah,䆀搭
bái-liāu,䆀料
bái-khuì,䆀氣
bái-hué,䆀火
bái-hé,䆀火
bái-kâu,䆀猴
bái-khang,䆀空
bái-tāu-á,䆀豆仔
hông,䆖
ham,䈄
hông,䉺
bîng,䊅
kiān,䊕
tsiū,䊘
hîng,䊺
huân,䌓
hòng,䌙
hóng,䌙
tok,䐁
tsit,䐈
ióng,䑆
tsha,䑡
gôo,䓊
bâu,䓮
hu,䓵
siau,䔥
sio,䔥
hù,䔰
ka,䕒
bî,䕳
the,䖙
thenn,䖙
the-í,䖙椅
thenn-í,䖙椅
bîng,䖟
khut,䖦
thē,䖳
bí,䖹
ióng,䖹
tiông,䗅
ian,䗡
kah,䘥
kap,䘥
kah-á,䘥仔
uán,䘼
uínn,䘼
ńg,䘼
kián,䙭
kong,䚗
hīng,䛭
tshau,䜈
bāi,䜕
hông,䜶
bông,䝉
ku,䝻
iàn,䞁
ián,䞁
thong,䞶
ak,䠎
tshê,䠡
tshiāng,䢢
tshiāng-tú-tshiāng,䢢拄䢢
hù,䣱
hù,䣴
am,䤃
bîng,䥰
at,䦪
hong,䦭
tsiu,䨂
tshán,䩆
phué,䫌
àm,䬓
bí,䭧
hông,䭰
at,䯉
hîng,䯒
at,䰲
kong,䰸
iong,䱀
bí,䱊
kui,䲅
iân,䳒
bîng,䳟
hu,䴸
thong,䵯
hû,䵾
tsi̍t,一
it,一
tsi̍t-ē,一下
tsi̍t-ē-á,一下仔
tsi̍t-ē-tshiú,一下手
tsi̍t-sì-lâng,一世人
it--lâi,一來
tsi̍t kò ge̍h,一個月
tsi̍t kò gue̍h,一個月
it-tsài,一再
it-to-lióng-tuān,一刀兩斷
it-tshè,一切
tsi̍t-puànn,一半
tsi̍t-puànn-ê-á,一半个仔
tsi̍t-puànn-pái-á,一半擺仔
tsi̍t-puànn-ji̍t-á,一半日仔
tsi̍t-puànn-li̍t-á,一半日仔
tsi̍t kháu tsàu,一口灶
it-hiòng,一向
tsi̍t-sì-kuè,一四界
tsi̍t-sì-kè,一四界
tsi̍t-phû-sái,一垺屎
tsi̍t-pû-sái,一垺屎
it-iā-tsîng,一夜情
tsi̍t-iā-tsîng,一夜情
tsi̍t-tuā-tui,一大堆
tsi̍t-tuā-thua,一大拖
tsi̍t-tuā-phìnn,一大片
tsi̍t-thò-sann,一套衫
it-jī-pênn,一字平
it-jī-pînn,一字平
it-tīng,一定
tsi̍t-ke-hué-á,一家伙仔
tsi̍t-ke-hé-á,一家伙仔
tsi̍t-kuá,一寡
tsi̍t-kuá-á,一寡仔
tsi̍t tuì-sî,一對時
tsi̍t-sut-á,一屑仔
tsi̍t-kang,一工
tsi̍t-thiap-io̍h,一帖藥
tsi̍t-thiap-io̍rh,一帖藥
tsi̍t-thiap-io̍h-á,一帖藥仔
tsi̍t-thiap-io̍rh-á,一帖藥仔
tsi̍t-king,一弓
tsi̍t-kiong,一弓
it-lu̍t,一律
it-sim,一心
it-sim-it-ì,一心一意
it-pit-it-tiòng,一必一中
tsi̍t-gi̍t,一日
tsi̍t-ji̍t,一日
tsi̍t-li̍t,一日
tsi̍t-ji̍t-kàu-àm,一日到暗
tsi̍t-li̍t-kàu-àm,一日到暗
it-tàn,一旦
tsi̍t-sî,一時
tsi̍t-sî-á,一時仔
tsi̍t-poo,一晡
tsi̍t ge̍h-li̍t,一月日
tsi̍t gue̍h-ji̍t,一月日
tsi̍t-ho̍k-io̍h,一服藥
tsi̍t-pî,一枇
tsi̍t-pînn,一枇
tsi̍t-pue,一桮
it-khài,一概
it-kài,一概
it-bôo-it-iūnn,一模一樣
tsi̍t-lóo,一櫓
tsi̍t-tsâng-tshiū,一欉樹
tsi̍t-tsâng-tshiǔ,一欉樹
tsi̍t-tsâng-tshiū-á,一欉樹仔
tsi̍t-pōo-tshú,一步取
it-liû,一流
it-phiàn,一片
tsi̍t-bān-kam,一瓣柑
tsi̍t-bǎn-kam,一瓣柑
tsi̍t-pān-kam,一瓣柑
tsi̍t-pān-kam-á,一瓣柑仔
it-sing,一生
tsi̍t kah-tsí,一甲子
tsi̍t-phí-á,一疕仔
tsi̍t-pah khòng-it,一百空一
tsi̍t-pah-khòng-it,一百空一
tsi̍t-pah-khòng-tsi̍t,一百空一
tsi̍t-ba̍k-nih,一目𥍉
tsi̍t-ba̍k-nih-á,一目𥍉仔
it-ti̍t,一直
tsi̍t-khùn-á,一睏仔
tsi̍t-ha̍k-sái,一礐屎
tsi̍t-khoo,一箍
tsi̍t-khoo-gîn,一箍銀
tsi̍t-khoo-gîrn,一箍銀
tsi̍t-ko,一篙
it-lia̍p-it,一粒一
tsi̍t-si-á,一絲仔
it-tì,一致
it-puann,一般
it-puann-ti̍k,一般的
tsi̍t-tak-kú-á,一觸久仔
tsi̍t-táu-kú-á,一觸久仔
it-kuàn,一貫
tsi̍t-lōo,一路
tsi̍t-sian,一身
tsi̍t-sin,一身
tsi̍t-su-sann,一軀衫
it-liân-tshuàn,一連串
tsi̍t-pinn,一邊
tsi̍t-tsiah-gû,一隻牛
tsi̍t-tsiah-gû-á,一隻牛仔
tsi̍t-sang,一雙
tsi̍t-siang,一雙
tsi̍t-tiap-á-kú,一霎仔久
tsi̍t-bīn,一面
tsi̍t-niá-sann,一領衫
it-thé,一體
tsi̍t-tiám-á,一點仔
ting,丁
ting-kháu,丁口
khó,丂
tshit,七
tshit-tóo,七堵
tshit-tóo-khu,七堵區
tshit-sia̍h,七夕
tshit-si̍k,七夕
tshit-niû-má,七娘媽
tshit-niû-má-senn,七娘媽生
tshit-niû-má-sinn,七娘媽生
tshit-khóng,七孔
tshit-jī-á,七字仔
tshit-lī-á,七字仔
tshit-tsàn-thah,七層塔
tshit-tiunn,七張
tshit-tsá-peh-tsá,七早八早
tshit-tsá-pueh-tsá,七早八早
tshit-tshenn,七星
tshit-tshinn,七星
tshit-tshenn-suann,七星山
tshit-tshinn-suann,七星山
tshit-uànn-peh-uànn,七晏八晏
tshit-uànn-pueh-uànn,七晏八晏
tshit-ge̍h-puànn,七月半
tshit-gue̍h-puànn,七月半
tshit-iâ,七爺
tshit-iâ peh-iâ,七爺八爺
tshit-iâ pueh-iâ,七爺八爺
tshit-bí-hiong,七美鄉
tshit-lāu-peh-lāu,七老八老
tshit-lāu-pueh-lāu,七老八老
tshit-kóo-khu,七股區
tshit-kóo-liâu,七股寮
tshit-lí-hiong,七里香
bān,万
tiāng,丈
tiōng,丈
tiōnn,丈
tiūnn,丈
tiǔnn,丈
tn̄g,丈
tiūnn-lâng,丈人
tiūnn-lâng-kong,丈人公
tiūnn-lâng-má,丈人媽
tiūnn-lâng-pâ,丈人爸
tiōnn-kong,丈公
tiūnn-kong,丈公
tiǔnn-kong,丈公
tiūnn-ḿ,丈姆
tiūnn-ḿ-pô,丈姆婆
sann,三
sam,三
sàm,三
sam-tshit-á,三七仔
sam-put-gōo-sî,三不五時
sam-put-ho̍k,三不服
sam-put-tíng,三不等
sann-nn̄g-ē-tshiú,三兩下手
sam-pat,三八
sam-pat-khuì,三八氣
sam-pat-hōo,三八雨
sam-lio̍k-á,三六仔
sam-tshe-hô,三叉河
sann-ha̍p-īnn,三合院
sam-hô kok-tiong,三和國中
sam-kok,三國
sam-tē-mn̂g-hiong,三地門鄉
sann-tè-tshù,三塊厝
sam-to siong-khuan,三多商圈
sann-kak-înn-khuân,三多商圈
sam-thài-tsú,三太子
sann-koo,三姑
sam-sìng-kiô,三姓橋
sam-tsân,三層
sam-tsân-á,三層仔
sam-tsân-á-bah,三層仔肉
sam-tsân-bah,三層肉
sam-san-kok-ông,三山國王
sam-san-kok-ông-biō,三山國王廟
sam-kiap-khu,三峽區
sam-kiap-hô,三峽河
sann-tshiân-sì-tshiân,三延四延
sam-sim-lióng-ì,三心兩意
sàm-su,三思
sam-kàu,三教
sam-bûn-hî,三文魚
sam-bûn-hû,三文魚
sann-ji̍t-tseh,三日節
sann-li̍t-tsueh,三日節
sam-sing-hiong,三星鄉
sam-sî-iú-tsūn,三時有陣
sann-kenn,三更
sann-kinn,三更
sann-kenn-puànn-mê,三更半暝
sann-kinn-puànn-mî,三更半暝
sann-ge̍h-tsueh,三月節
sann-ge̍rh-tsueh,三月節
sam-bîn,三民
sam-bîn-khu,三民區
sam-bîn ko-tiong,三民高中
sam-un-luán,三溫暖
sam-uan-hiong,三灣鄉
sam-sing,三牲
sam-kài-kong,三界公
sam-kài-niû-á,三界娘仔
sam-huan-lióng-tshù,三番兩次
sam-hiân,三絃
sam-suànn-lōo,三線路
sam-gī,三義
sam-gī-hiong,三義鄉
sann-ki-tshiú,三肢手
sam-tsi-khu,三芝區
sann-tshin-la̍k-jīn,三親六認
sann-tshin-la̍k-līn,三親六認
sann-kak,三角
sann-kak-la̍k-tsiam,三角六尖
sann-kak-la̍k-king,三角六肩
sann-kak-tiàm,三角店
sann-kak-íng,三角湧
sann-kak-thang,三角窗
sann-kak-king,三角肩
sann-kak-khòo,三角褲
sann-kak-king,三角間
sam-tiau-niá,三貂嶺
sann-kha-niau,三跤貓
sann-kha-bé,三跤馬
sam-kun,三軍
sann-lián-á-tshia,三輪仔車
sann-lún-á-tshia,三輪仔車
sann-lián-tshia,三輪車
sann-lín-tshia,三輪車
sam-thong,三通
sam-tiông-khu,三重區
sam-tiông kok-sió,三重國小
sam-tiông-poo,三重埔
sann-tîng-poo,三重埔
sann-tn̂g-nn̄g-té,三長兩短
sann-tû-sì-khàu,三除四扣
sann tǹg,三頓
tsiōnn,上
tsiūnn,上
siāng,上
siōng,上
tshiōnn,上
tshiūnn,上
tshiǔnn,上
tsiǔnn,上
sióng,上
siōng-hā,上下
siāng-kú,上久
siōng-kú,上久
tsiūnn-jīm,上任
tsiūnn-līm,上任
siōng-guân,上元
siōng-guân-mê,上元暝
siōng-guân-mî,上元暝
siāng-ke,上加
siōng-ke,上加
tsiūnn-pak,上北
siōng-sing,上升
siōng-ngóo,上午
tsiūnn-siap-buē-liap,上卌袂攝
tsiūnn-siap-bē-liap,上卌袂攝
tsiūnn-tâi,上台
siōng-guân,上員
siōng-pênn-khe,上坪溪
siōng-pîng-khe,上坪溪
tsiūnn-tiûnn,上場
tshiūnn-bōng,上墓
tshiūnn-bōo,上墓
siōng-thian,上天
siāng hó,上好
siōng hó,上好
tsiūnn-o̍h,上學
siōng-kuan,上官
siōng-tsiòng,上將
siāng-tshe-kong,上尺工
siāng-bué,上尾
siōng-bué,上尾
siōng-bé,上尾
tsiūnn-suann,上山
tsiūnn-suann-thâu,上山頭
tsiūnn-huānn,上岸
tsiūnn-kiā,上崎
tsiūnn-tshī,上市
siōng-tè,上帝
siōng-tè-kong,上帝公
siōng-su,上師
siāng bān,上慢
siōng bān,上慢
tsiūnn-tshiú,上手
tsiūnn-kà,上教
siōng-hāu,上校
siōng-kàu,上校
tsiūnn-toh,上桌
tsiūnn-kuī,上櫃
tshiūnn-phú,上殕
tshiōnn-tsuí,上水
tshiū-tsuí,上水
tshiūnn-tsuí,上水
tshiǔnn-tsuí,上水
tshiūnn-lùn,上潤
siāng tsuē,上濟
siāng tsē,上濟
siōng tsuē,上濟
siōng tsē,上濟
siāng-bô,上無
siōng-bô,上無
siōng-pan,上班
tsiūnn-ba̍k,上目
tsiūnn-tâng,上童
siōng-tíng,上等
tsiūnn-sǹg,上算
tsiūnn-pān,上範
tsiūnn-bāng,上網
siāng kín,上緊
siōng kín,上緊
sióng-siann,上聲
siōng-siann,上聲
tsiūnn-siann,上聲
tsiūnn-kioh,上腳
tsiūnn-lo̍h,上落
siāng-kài,上蓋
siōng-kài,上蓋
siōng-sòo,上訴
siōng-khò,上課
tsiūnn-lōo,上路
tsiūnn-tshia,上車
tsiūnn-lio̍k,上陸
tshiūnn-tshenn-thî,上青苔
tshiūnn-tshenn-tî,上青苔
tshiūnn-tshinn-thî,上青苔
tshiūnn-tshinn-tî,上青苔
siāng-thâu-á,上頭仔
siōng-thâu-á,上頭仔
hā,下
ē,下
hē,下
e,下
hā-līng,下令
hā-guân,下元
ē-tang,下冬
hā-huān,下凡
ē-ûn,下勻
hā-ngóo,下午
ē-puànn-sì-lâng,下半世人
ē-puànn-mê,下半暝
ē-puànn-mî,下半暝
ē-puànn-sin,下半身
hā-tâi,下台
ē-si,下司
ē-huê,下回
hā-suî,下垂
ē-pi-thâu,下埤頭
hā-tiûnn,下場
ē-tsàn,下層
hā-san,下山
ē-pang,下幫
ē-tué,下底
ē-té,下底
hē-sim-sîn,下心神
hē-sènn-miā,下性命
hē-sìnn-miā,下性命
hē-tshiú,下手
ē-tshiú,下手
ē-pái,下擺
ē-kái,下改
ē-táu,下斗
ē-ji̍t,下日
ē-li̍t,下日
ē-ji̍t-á,下日仔
ē-li̍t-á,下日仔
e-tsá,下早
e-tsái,下早
e-tsái-á,下早仔
hā-sûn,下旬
e-hng,下昏
e-huinn,下昏
enn-hng,下昏
ē-hng,下昏
e-hng-àm,下昏暗
enn-hng-àm,下昏暗
e-hng-tǹg,下昏頓
enn-hng-tǹg,下昏頓
ē-hng-tǹg,下昏頓
e-tàu,下晝
ē-tàu,下晝
ēnn-tàu,下晝
e-tàu-tǹg,下晝頓
ē-tàu-tǹg,下晝頓
e-poo,下晡
enn-poo,下晡
ē-poo,下晡
e-àm,下暗
enn-àm,下暗
hē-pún,下本
ē-nâ-á,下林仔
ē-so-kûn,下梭裙
hā-to̍k,下毒
hē-to̍k,下毒
hā-suí,下水
hā-suí-thng,下水湯
ē-iân,下沿
hā-liû,下流
ē-káng,下港
ē-iânn-khu,下營區
hā-pan,下班
hā-siau,下痟
hā-tíng,下等
hē-lo̍h,下落
hā-khò,下課
ē-kha,下跤
ē-kha-tshiú-lâng,下跤手人
ē-sin,下身
hā-tsài,下載
ē-puè,下輩
hā-hiong,下鄉
hā-kàng,下降
ē-bīn,下面
ē-huâi,下頦
ē-hâi,下頦
ě-hâi,下頦
ē-thâu,下頭
ē-ām,下頷
ē-gok,下顎
ē-khok,下顎
ē-kok,下顎
hē-guān,下願
ē-ham,下𦜆
ki,丌
kì,丌
kî,丌
put,不
puh,不
put-sam-put-sù,不三不四
put-sam-sî,不三時
put-sám-sî,不三時
put-tiòng-iōng,不中用
put-jîn,不仁
put-lîn,不仁
put-tān,不但
put-piān,不便
put-pat-put-tshit,不八不七
put-tsài,不再
put-tsún,不准
put-lī,不利
put-tōng-sán,不動產
put-tsí,不只
put-khó,不可
put-khó-su-gī,不可思議
put-kiat,不吉
put-jû,不如
put-lû,不如
put-īn,不孕
put-hàu,不孝
put-hàu-tsú,不孝子
put-an,不安
put-gî,不宜
put-si̍t,不實
put-pîng,不平
put-hīng,不幸
put-tik,不得
put-tik-liáu,不得了
put-tit-liáu,不得了
put-tik-í,不得已
put-tit-í,不得已
put-tiong,不忠
put-tsâi,不才
put-kám-tong,不敢當
put-tuān,不斷
put-bîng,不明
put-sî,不時
put-ho̍k,不服
put-tsí,不止
put-tsí-á,不止仔
put-sú-kuí,不死鬼
put-pí,不比
put-kiû-jîn,不求人
put-kiû-lîn,不求人
put-huat,不法
put-buán,不滿
put-tsīn,不盡
put-ti-put-kak,不知不覺
put-tíng,不等
put-tap-put-tshit,不答不七
put-kuán,不管
put-kuán-sî,不管時
put-gī,不義
put-jî-kò,不而過
put-lî-kò,不而過
put-siàu,不肖
put-siàu-tsú,不肖子
put-liông,不良
put-kái,不解
put-kai,不該
put-lūn,不論
put-piàn,不變
put-tsiok,不足
put-kò,不過
bián,丏
kat,丐
kài,丐
thiú,丑
thiú-á,丑仔
tshiánn,且
tshiánn-bān,且慢
tshé-bān,且慢
phi,丕
sì,世
sè,世
sè-siōng,世上
sè-sū,世事
sè-jîn,世人
sè-lîn,世人
sè-tāi,世代
sè-sio̍k,世俗
sè-sio̍k-lâng,世俗人
sè-ka,世家
sè-tsîng,世情
sè-kài,世界
sè-kí,世紀
sè-ūn,世運
sè-kan,世間
sè-kan-lâng,世間人
khu,丘
khiu,丘
piánn,丙
píng,丙
sîng,丞
tiu,丟
lióng,両
iú,丣
lióng,两
phīng,並
pīng,並
pīng-tshiánn,並且
khún,丨
kiu,丩
kò,个
kòo,个
ê,个
tiong,中
ting,中
tiòng,中
tìng,中
tiong-tiong--á,中中仔
tiong-lâng,中人
tiòng-siong,中傷
tiong-guân,中元
tiong-khu,中區
tiong-lâm-hái,中南海
tiong-lâm-bí,中南美
tiong-lâm-pōo,中南部
tiong-guân,中原
tiong-kóo,中古
tiong-hô,中和
tiong-hô-khu,中和區
tiong-kok,中國
tiong-hîng,中型
tiong-poo-hiong,中埔鄉
tiong-li̍k,中壢
tiong-li̍k-khu,中壢區
ting-ing,中央
tiong-iang,中央
tiong-iong,中央
tiong-ng,中央
tiong-iong kong-hn̂g,中央公園
tiong-iang-tsiam-suann,中央尖山
tiong-iong-tsiam-suann,中央尖山
tiong-iang suann-me̍h,中央山脈
tiong-iong suann-me̍h,中央山脈
tiong-ha̍k,中學
tiong-o̍h,中學
tiong-liâu-hiong,中寮鄉
tiong-san,中山
tiong-san-khu,中山區
tiong-san kok-tiong,中山國中
tiong-san kok-sió,中山國小
tiong-liân,中年
tiong-sik,中式
tiong-sim,中心
tiong-sìng,中性
tìng-ì,中意
tiong-tsuínn,中指
tiong-tsái,中指
tiong-tsáinn,中指
tiong-tsán,中指
tiong-bûn,中文
tiong-sûn,中旬
tiong-tàu,中晝
tiong-tàu-sim,中晝心
tiong-tàu-sî,中晝時
tiong-tàu-tǹg,中晝頓
tiong-tàu-pn̄g,中晝飯
tiong-kî,中期
tiong-hāu,中校
tiong-kàu,中校
tiong-ênn,中楹
tiong-niôo,中樑
tiong-niû,中樑
tiong-su,中樞
tiong-tshu,中樞
tiong-tsí,中止
tiong-tsìng,中正
tiong-tsìng-khu,中正區
tiong-tsìng kì-liām-tn̂g,中正紀念堂
tiòng-to̍k,中毒
tiong-iû,中油
tiong-tsiu,中洲
tiong-káng-khe,中港溪
tiòng-tsióng,中獎
tiong-sing-tāi,中生代
tiòng-iōng,中用
tiong-puânn,中盤
tiong-gián-īnn,中研院
tiong-tshiu,中秋
tiong-tshiu-tseh,中秋節
tiong-tshiu-tsueh,中秋節
tiong-tshiu-piánn,中秋餅
tiong-li̍p,中立
tiong-tsām,中站
tiong-tíng,中等
tiong-pān,中範
tiong-bí,中美
tìng-thiann,中聽
tiong-tsit,中脊
tiong-tsit-ênn,中脊楹
tiong-tsit-înn,中脊楹
tiong-hing,中興
tiong-io̍h,中藥
tiong-io̍h-tiàm,中藥店
tiong-se,中西
tiong-se-khu,中西區
tiòng-kè,中計
tiong-tôo,中途
tiòng-suán,中選
tiong-suán-huē,中選會
tiong-pōo,中部
tiong-i,中醫
tiong-lí,中里
tiong-hong,中鋒
tiong-kan,中間
tiong-im,中音
tiòng-hong,中風
kik,丮
hong,丰
kài,丰
kuàn,丱
tshuàn,串
tshuìnn,串
tshǹg,串
tshǹg-á,串仔
tshuàn-liân,串聯
tshuàn-kóng,串講
tshuàn-thong,串通
sán,丳
tshiok,丵
huân,丸
uân,丸
uân-á,丸仔
tan,丹
tan-tuā-suann,丹大山
tan-tāi-suann,丹大山
tan-to̍k,丹毒
tan-tiân,丹田
tan-hōng,丹鳳
tsú,主
tsú-lâng,主人
tsú-jīm,主任
tsú-līm,主任
tsú-li̍k,主力
tsú-tōng,主動
tsú-tshiùnn,主唱
tsú-in,主因
tsú-uí,主委
tsú-hun,主婚
tsú-hū,主婦
tsú-tsái,主宰
tsú-tsáinn,主宰
tsú-tsiòng,主將
tsú-tō,主導
tsú-si̍k,主席
tsú-tiunn,主張
tsú-ì,主意
tsú-tshî,主持
tsú-pò,主播
tsú-pòo,主播
tsú-kàu,主教
tsú-toh,主桌
tsú-ki,主機
tsú-ki-pán,主機板
tsú-khuân,主權
tsú-kuân,主權
tsú-tī,主治
tsú-liû,主流
tsú-ián,主演
tsú-kuán,主管
tsú-pian,主編
tsú-gī,主義
tsú-tshài,主菜
tsú-iàu,主要
tsú-kiàn,主見
tsú-kuan,主觀
tsú-kak,主角
tsú-káng,主講
tsú-pān,主辦
tsú-tuê,主題
tsú-tê,主題
tsú-kòo,主顧
tsú-kòo-kheh,主顧客
tsú-si̍t,主食
tsú-thé,主體
tom,丼
tsíng,丼
tôm,丼
phuat,丿
hut,乀
lia̍t,乀
gāi,乂
ngāi,乂
tshē,乂
nái,乃
kiú,久
kú,久
kú-kú,久久
kú-kú-tn̂g-tn̂g,久久長長
kiú-gióng,久仰
kiú-ióng,久仰
kú--lâi,久來
kú-nî,久年
kiú-kiàn,久見
kú-tn̂g,久長
kú-tn̂g-pēnn,久長病
kú-tn̂g-pīnn,久長病
kiú,乆
tik,乇
tsik,乇
io,么
iau,么
tsi,之
tsi-tiong,之中
tsi-guā,之外
tsi-kan,之間
tsà,乍
tsā,乍
tsànn,乍
honnh,乎
hoo,乎
ha̍t,乏
hua̍t,乏
phi̋n-phóng,乒乓
phīn-phōng-siû,乒乓泅
piàng,乓
kuai,乖
kuai-khá,乖巧
sîng,乘
sīng,乘
it,乙
mih,乜
tsiat,乜
mí,乜
káu,九
kiú,九
káu-hūn-jī-suann,九份二山
káu-tè-tshù,九塊厝
kiú-jû-hiong,九如鄉
kiú-khóng,九孔
káu-kháng,九孔
káu-tsàn-thah,九層塔
káu-tsàn-tshah,九層塔
káu-tiunn-lê,九張犁
kiú-tik,九德
kiú-khiok-tông,九曲堂
káu--ge̍h tiông-iông,九月重陽
káu--gue̍h tiông-iông,九月重陽
káu-gue̍h-tiông-iông,九月重陽
káu-gēr-tiông-iông,九月重陽
kiú-tsuân,九泉
káu-khang-á,九空仔
kiú-kiong-á,九芎仔
kiú-kiong-á-tshâ,九芎仔柴
kiú-kiong-á-tshiū,九芎仔樹
kiú-kiong-nâ,九芎林
káu-tsàn-thâu,九讚頭
káu-kàng-hong,九降風
khit,乞
khit--ê,乞的
khit-tsia̍h,乞食
khit-tsiā,乞食
khit-tsia̍h-miā,乞食命
khit-tsia̍h-khîm,乞食琴
khit-tsia̍h-thâu,乞食頭
khit-ku,乞龜
iá,也
iā,也
ā,也
iā hó,也好
ā-hó,也好
iā sī,也是
ā sī,也是
ki,乩
luān,乱
gí,乳
jí,乳
jú,乳
lú,乳
jí-miâ,乳名
jú-miâ,乳名
lí-miâ,乳名
lú-miâ,乳名
tsiá,乸
kan,乹
khiân,乹
khiân,乾
kan,乾
kuann,乾
kan-á-sun,乾仔孫
kan-pue,乾杯
ta-khe,乾溪
thai,乿
tî,乿
tī,乿
luān,亂
lān,亂
luān-tshi-pa-tsau,亂七八糟
luān-sè,亂世
luān-sú,亂使
luān-lâi,亂來
lān-thân,亂彈
luān-tshau-tshau,亂操操
luān-guân,亂源
luān-bé,亂碼
luān-kóng,亂講
luān-siōng,亂象
luān-tsing-á,亂鐘仔
kuat,亅
liáu,了
liáu-put-khí,了不起
liáu-liáu,了了
liáu--khìr,了去
liáu-bué-á-kiánn,了尾仔囝
liáu-bé-á-kiánn,了尾仔囝
liáu-kang,了工
liáu-āu,了後
liáu-tsia̍t,了捷
liáu-pún,了本
liáu-jiân,了然
liáu-liân,了然
liáu-kiat,了結
liáu-kái,了解
liáu-tsînn,了錢
hōo,予
hǒo,予
í,予
î,予
ú,予
û,予
hōng-n̂g-tsior,予人招
hōo-n̂g-tsio,予人招
hǒo-lâng-tsio,予人招
hōo i,予伊
hōo-tsio--ê,予招个
hōo i-sing khuànn,予醫生看
tsing,争
sīr,事
sū,事
sǐr,事
tāi,事
sū-tsú,事主
sū-sū-hāng-hāng,事事項項
sū-kiānn,事件
sū-sian,事先
sū-bū,事務
sū-bū-sóo,事務所
sū-gî,事宜
sū-si̍t,事實
sū-bué,事尾
sū-bé,事尾
sū-sái,事屎
sū-āu,事後
sū-kòo,事故
sū-gia̍p,事業
sū-bu̍t,事物
sū-lí,事理
sū-tsik,事蹟
sū-hāng,事項
gī,二
jī,二
lī,二
jī-káu-mê,二九暝
lī-káu-mî,二九暝
jī-jī-pat kong-hn̂g,二二八公園
jī-jîn-khe,二仁溪
jī--á,二仔
jī-á-peh,二仔八
jī-á-pueh,二仔八
lī-á-pueh,二仔八
lǐ-á-pueh,二仔八
jī-pat-tsuí,二八水
jī-lūn-á,二崙仔
jī-lūn-hiong,二崙鄉
jī-pâng,二房
lī-pâng,二房
jī-tshiú,二手
lī-tshiú,二手
jī-tshiú-huè,二手貨
lī-tshiú-hè,二手貨
jī-tsáinn,二指
lī-tsáinn,二指
jī-tshau,二操
jī-lîm-tìn,二林鎮
lǐ-kè,二架
jī-kènn,二桱
jī-kìnn,二桱
lī-kìnn,二桱
jī-pōo-tshit-á,二步七仔
lī-pōo-tshit-á,二步七仔
jī-ióng-huà-thuànn,二氧化碳
jī-tsuí,二水
jī-tsuí-hiong,二水鄉
jī-tik-uî,二竹圍
jī-kiat,二結
jī-bān-pênn,二萬坪
tshiok,亍
i,于
u,于
î,于
û,于
în,云
ûn,云
hōo,互
hōo-sìn,互信
hōo-tsōo,互助
hōo-tōng,互動
hōo-huī,互惠
hōo-siong,互相
hōo-póo,互補
kî,亓
ki,亓
kì,亓
gōo,五
ngóo,五
gǒo,五
ngóo-jîn,五仁
ngóo-lîn,五仁
gōo-hun-á-tshia,五分仔車
gōo-hun-tshia,五分車
ngóo-ka-pî,五加皮
gōo-tshe-tsuí-lōo,五叉水路
gōo-sì-sann,五四三
gōo-siânn-pó,五城堡
gōo-tóo,五堵
gōo-tè-tshù,五塊厝
gōo-jí-ti̍t,五子直
gōo-lí-ti̍t,五子直
ngóo-kuan,五官
ngóo-hong-hiong,五峰鄉
ngóo-tshái,五彩
ngóo-tsí-suann,五指山
ngóo-tsáng-thâu,五摠頭
gōo-ji̍t-tseh,五日節
gōo-li̍t-tsueh,五日節
gōo-sing-kip,五星級
gōo-tshenn-kip,五星級
gōo-tshinn-kip,五星級
gōo-ge̍h-tsueh,五月節
gōo-ge̍rh-tsueh,五月節
gōo-gue̍h-tseh,五月節
gōo-gēr-tsereh,五月節
ngóo-liú-ki,五柳居
ngóo-liú-ku,五柳居
ngóo-khuân,五權
ngóo-khuân kok-sió,五權國小
gōo-jiáu-á,五爪仔
ngóo-hok,五福
ngóo-hok-kiong,五福宮
ngóo-kok,五穀
gōo-kin-kê,五筋膎
gōo-kirn-kerê,五筋膎
gōo-kun-kuê,五筋膎
gǒo-kun-kuê,五筋膎
gōo-kiat-hiong,五結鄉
gōo-kóo-khu,五股區
gōo-kóo-khenn,五股坑
gōo-kóo-khinn,五股坑
ngóo-tsōng,五臟
ngóo-tsōng-lio̍k-hú,五臟六腑
gōo-hue,五花
gōo-kha-khì,五跤氣
ngóo-lōo,五路
ngóo-kim,五金
ngóo-kim-hâng,五金行
gōo-king-tshù,五間厝
ngóo-hiang,五香
tsénn,井
tsínn,井
tsíng,井
tsénn-té koo-tai,井底鮕鮘
tsínn-tué koo-tai,井底鮕鮘
tsénn-tsuí,井水
tsínn-tsuí,井水
huân,亘
khìng,亙
kìng,亙
sia,些
a,亜
à,亜
a,亞
à,亞
a-thài,亞太
a-tang pēnn-īnn,亞東醫院
a-tang pīnn-īnn,亞東醫院
a-tsiu,亞洲
a-kun,亞軍
a-ūn,亞運
a-iân,亞鉛
a-iân-suànn,亞鉛線
a-iân-phiánn,亞鉛鉼
khì,亟
kik,亟
bông,亡
bông-kok,亡國
bông-hûn,亡魂
khong,亢
khòng,亢
khòng-huānn,亢旱
khòng-hān,亢旱
tuā,亣
kau,交
ka,交
kiau,交
kau-tiāng,交仗
kau-tiōng,交仗
kau-hù,交付
kau-tài,交代
kau-pó,交保
kau-kuah,交割
ka-li̍k-pênn,交力坪
kau-li̍k-pênn,交力坪
kau-tshe,交叉
kau-iú,交友
kau-tiānn,交定
kau-óng,交往
kau-tsîng,交情
ka-líng-sún,交懍恂
ka-lún-sún,交懍恂
ka-nńg-sún,交懍恂
ka-nńg-sńg,交懍恂
kau-tsiàn,交戰
kau-tsiap,交接
kau-tshap,交插
kau-uānn,交換
ka-ia̍h,交易
kau-i̍k,交易
kau-thuè,交替
kau-thè,交替
kau-huē,交會
kau-í,交椅
kau-liû,交流
kau-sia̍p,交涉
kau-kài,交界
kau-kiat,交結
kau-penn,交繃
kau-pinn,交繃
kau-tsit,交織
kau-tînn,交纏
ka-la̍uh,交落
ka-la̍uh-tsím,交落枕
ka-la̍uh-sin,交落身
kau-kat,交葛
kau-kuah,交葛
kau-tâm,交談
kau-huè,交貨
kau-hè,交貨
kau-thong,交通
kau-kuan,交關
kau-puê,交陪
kau-tsè,交際
kau-hiáng-khik,交響曲
kau-hióng-khik,交響曲
kau-hiáng-ga̍k,交響樂
kau-hióng-ga̍k,交響樂
hāi,亥
ia̍h,亦
i̍k,亦
hing,亨
hiáng,享
hióng,享
hiáng-siū,享受
hióng-siū,享受
hiáng-iú,享有
hióng-iú,享有
hiáng-iōng,享用
hiáng-hok,享福
hióng-hok,享福
kiann,京
king,京
kiann-hì,京戲
tân,亭
tîng,亭
tîng-á,亭仔
tîng-á-kha,亭仔跤
liāng,亮
liōng,亮
tsin,亲
po̍k,亳
thán,亶
tian,亶
tsian,亶
tán,亶
liâm,亷
bí,亹
bûn,亹
gîn,人
jîn,人
lîn,人
lâng,人
jîn-ting,人丁
lîn-ting,人丁
jîn-sè,人世
lîn-sè,人世
jîn-tiong,人中
lîn-tiong,人中
jîn-tiong-khí,人中齒
jîn-sū,人事
lîn-sū,人事
jîn-sū-kio̍k,人事局
lîn-sū-kio̍k,人事局
lâng-lâng,人人
lâng--á,人仔
lâng-á,人仔
lâng-á-tsir,人仔書
jîn-lûn,人倫
lîn-lûn,人倫
jîn-kang-kóo,人公鼓
jîn-li̍k,人力
lîn-li̍k,人力
gîn-som,人參
jîn-sam,人參
jîn-sim,人參
jîn-som,人參
jîn-song,人參
lîn-sam,人參
lîn-serm,人參
lîn-sim,人參
lîn-som,人參
jîn-sim-á,人參仔
jîn-kháu,人口
lîn-kháu,人口
jîn-bīng,人命
lâng-miā,人命
jîn-hô,人和
lîn-hô,人和
jîn-phín,人品
lîn-phín,人品
jîn-guân,人員
jîn-uân,人員
lîn-guân,人員
lîn-uân,人員
jîn-sū,人士
lîn-sū,人士
jîn-siū,人壽
lîn-siū,人壽
lâng-kheh,人客
jîn-ke,人家
lîn-ke,人家
jîn-ke-tshù-á,人家厝仔
lîn-ke-tshù-á,人家厝仔
lâng-kang,人工
lâng-iánn,人影
jîn-sim,人心
lîn-sim,人心
jîn-sìng,人性
lîn-sìng,人性
jîn-tsîng,人情
lîn-tsîng,人情
jîn-tsîng-sè-sū,人情世事
lîn-tsîng-sè-sū,人情世事
jîn-tsîng-bī,人情味
lîn-tsîng-bī,人情味
lâng-kuân-hàn-tuā,人懸漢大
lâng-tsâi,人才
jîn-sòo,人數
lîn-sòo,人數
jîn-bûn,人文
lîn-bûn,人文
jîn-bōng,人望
lîn-bōng,人望
jîn-keh,人格
lîn-keh,人格
jîn-khuân,人權
jîn-kuân,人權
lîn-khuân,人權
lîn-kuân,人權
jîn-tshù,人次
lîn-tshù,人次
jîn-bîn,人民
lîn-bîn,人民
jîn-khì,人氣
lîn-khì,人氣
jîn-tiâu,人潮
lîn-tiâu,人潮
jîn-uî,人為
lîn-uî,人為
jîn-bu̍t,人物
lîn-bu̍t,人物
jîn-sing,人生
lîn-sing,人生
jîn-tsióng,人種
lîn-tsióng,人種
lâng-pān,人範
lâng-iân,人緣
jîn-kûn,人群
lîn-kûn,人群
lâng-kûn-káu-tóng,人群狗黨
jîn-tsit,人質
lîn-tsit,人質
jîn-sin,人身
lîn-sin,人身
jîn-tsō,人造
lîn-tsō,人造
jîn-tō,人道
lîn-tō,人道
jîn-suán,人選
lîn-suán,人選
jîn-kan,人間
lîn-kan,人間
jîn-tsè,人際
lîn-tsè,人際
lâng-bīn,人面
lâng-thâu,人頭
lâng-gia̍h,人額
jîn-luī,人類
lîn-luī,人類
jîn-má,人馬
lîn-má,人馬
jîn-thé,人體
lîn-thé,人體
ji̍p,亼
tsi̍p,亼
si̍p,什
gîn,仁
jîn,仁
lîn,仁
jîn-tan,仁丹
lîn-tan,仁丹
jîn-jîn-jîn,仁仁仁
lîn-lîn-lîn,仁仁仁
jîn-hô-kiong,仁和宮
jîn-tik,仁德
jîn-tik-khu,仁德區
jîn-ài,仁愛
lîn-ài,仁愛
jîn-ài-khu,仁愛區
jîn-ài-hiong,仁愛鄉
jîn-tsû,仁慈
lîn-tsû,仁慈
jîn-bú-khu,仁武區
jîn-gī,仁義
lîn-gī,仁義
li̍k,仂
ting,仃
tseh,仄
tsik,仄
hù,仅
phak,仆
phok,仆
kiû,仇
siû,仇
siû-jîn,仇人
siû-lîn,仇人
siû-hīn,仇恨
siû-hūn,仇恨
pat,仈
tsiáng,仉
tsióng,仉
kim,今
kin,今
tann,今
tann-á,今仔
kin-á-ji̍t,今仔日
kin-á-li̍t,今仔日
kin-nî,今年
kim-āu,今後
kài,介
kài-ji̍p,介入
kài-li̍p,介入
kài-tsāi,介在
kài-siāu,介紹
kài-bīn,介面
ping,仌
jîng,仍
tsú,仔
á,仔
ah,仔
sū,仕
tha,他
thann,他
tô,他
tôo,他
thann-jîn,他人
thann-lîn,他人
thann-hiong,他鄉
ta-lí-bū,他里霧
tiāng,仗
tiōng,仗
hù,付
hù-tshut,付出
hù-khuán,付款
hù-huì,付費
sian,仙
sián,仙
sian-tan,仙丹
sian-jîn,仙人
sian-lîn,仙人
sian-kong-biō,仙公廟
sian-kíng,仙境
sian-lí,仙女
sian-lú,仙女
sian-koo,仙姑
sian-piànn-sian,仙拚仙
sian-thô,仙桃
sian-tōng,仙洞
sian--ê,仙的
sian-tsháu,仙草
tshan-tsháu,仙草
tshian-tsháu,仙草
sian-sē,仙逝
hian,仚
thok,仛
hông,仜
tâng,仝
kâng,仝
tsuân,仝
tông,仝
kāng,仝
kāng-ûn,仝勻
kāng-sim,仝心
kāng-pâng-thâu,仝房頭
kāng-khuán,仝款
kāng-iân,仝沿
kāng-pē-koh-bó,仝爸各母
kāng-pē-koh-bú,仝爸各母
kāng-puè,仝輩
jīm,仞
tshian,仟
git,仡
gut,仡
gu̍t,仡
tsiok,仢
tāi,代
tē,代
tài,代
tāi-kè,代價
tāi-sing,代先
tāi-lô,代勞
tāi-bîng-sû,代名詞
tè-thian-hú,代天府
tāi-thian-hú,代天府
tāi-kang,代工
tāi-si,代書
tāi-su,代書
tāi-thuè,代替
tāi-thè,代替
tāi-pōo,代步
tāi-lí,代理
tāi-bé,代碼
tāi-pit,代筆
tāi-hō,代號
tāi-piáu,代表
tāi-giân-jîn,代言人
tāi-giân-lîn,代言人
tāi-tsì,代誌
tāi-khò,代課
tāi-siā,代謝
tāi-pān,代辦
tāi-siau,代銷
lîng,令
līng,令
lîng-hôo,令狐
í,以
í-siōng,以上
í-hā,以下
í-lâi,以來
í-bián,以免
í-lāi,以內
í-tsîng,以前
í-ki̍p,以及
í-guā,以外
í-óng,以往
í-āu,以後
í-tsá,以早
í-uî,以為
huán,仮
biáu,仯
tshiàu,仯
giáng,仰
gióng,仰
ióng,仰
khiâm,仱
tiōng,仲
pí,仳
pî,仳
gua̍t,仴
ngóo,仵
kiānn,件
kài,价
iáu,仸
hong,仹
gîm,任
gīm,任
jîm,任
jīm,任
lîm,任
līm,任
jīm-hô,任何
līm-hô,任何
jīm-lāi,任內
līm-lāi,任內
jīm-bū,任務
līm-bū,任務
jīm-bīng,任命
līm-bīng,任命
jīm-sìng,任性
līm-sìng,任性
jīm-ì,任意
līm-ì,任意
jīm-kî,任期
līm-kî,任期
jīm-tsit,任職
līm-tsit,任職
ông,仼
hūn,份
hūn-tsú,份子
hūn-huē-á,份會仔
hūn-hē-á,份會仔
hūn-liōng,份量
hūn-gia̍h,份額
hóng,仿
hóng-á,仿仔
hóng-á-ke,仿仔雞
hóng-á-kue,仿仔雞
hóng--ê,仿的
tsiong,伀
khì,企
khì-tôo,企圖
khì-gia̍p,企業
khì-kuán,企管
phài,伂
î,伃
û,伃
tiàu,伄
tún,伅
bún,伆
i̍k,伇
sím,伈
khòng,伉
kong,伉
i,伊
ī,伊
i-se,伊西
kip,伋
khip,伋
ài,伌
ngóo,伍
kî,伎
kī,伎
ho̍k,伏
hua̍h,伐
hua̍t,伐
huā,伐
hiu,休
hiu-ká,休假
hiu-ha̍k,休學
hiu-sik,休息
hiu-hân,休閒
hiu-kuán,休館
tsiòng,众
iu,优
hué,伙
hé,伙
hé-kì,伙計
hér-kì,伙計
hué-si̍t,伙食
hé-si̍t,伙食
thīn,伨
thīn--lâng--ah,伨人矣
thīn-thâu,伨頭
hiân,伭
lôo,伮
pik,伯
peh,伯
phik,伯
pit,伯
peh-kong,伯公
pit-lôo,伯勞
pit-lô-á,伯勞仔
pit-lôr-á,伯勞仔
kóo,估
kóo-kè,估價
kóo-sǹg,估算
kóo-kè,估計
ní,伱
ní,伲
siat,伳
phuān,伴
phuānn,伴
phuānn-tshiùnn,伴唱
phuānn-tsàu,伴奏
phuānn-niû,伴娘
phuānn-tshuā,伴娶
phuānn-kè,伴嫁
phuānn-tshiú,伴手
phuǎnn-tshiú,伴手
phuǎnn-kiânn,伴行
hik,伵
hiù,伵
líng,伶
lîng,伶
líng-lī,伶俐
sin,伸
tshng,伸
tshun,伸
tshun-tshut,伸出
tshun-ûn,伸勻
tshun-kiu,伸勼
tshng-tshiú,伸手
tshun-tshiú,伸手
tshun-tshia,伸捙
sin-káng-hiong,伸港鄉
tshun-kun-bán-ām,伸筋挽頷
tshun-kha,伸跤
tshun-lûn,伸輪
tshun-tn̂g,伸長
tshun-tn̂g-tshiú,伸長手
su,伺
sū,伺
phing,伻
phenn,伻
sāi,似
sū,似
ka,伽
kiâ,伽
phi,伾
huì,佀
sū,佀
tsing,佂
tiān,佃
tiān-hōo,佃戶
māi,佅
tān,但
niā,但
nā,但
tān-sī,但是
thí,佇
thú,佇
tī,佇
tīr,佇
tū,佇
tǐr,佇
tī-leh,佇咧
pòo,佈
pòo-kio̍k,佈局
pòo-buán,佈滿
pòo-muá,佈滿
pòo-tshân,佈田
pòo-tshân-kóng,佈田管
pòo-tshân-hue,佈田花
pòo-tiū,佈稻
pòo-tiū-á,佈稻仔
pòo-tì,佈置
khu,佉
sú,佌
tshú,佌
uī,位
uī-guân,位元
uī-tì,位置
te,低
kē,低
kē-tshù-á,低厝仔
kē-kip,低級
kē-lōo,低路
kē-lōo-sai,低路師
kē-im,低音
tsū,住
tsū-tsí,住址
tsū-the̍h,住宅
tsū-hōo,住戶
tsū-sóo,住所
tsò,佐
tsòo,佐
iū,佑
iong,佒
iòng,佒
ióng,佒
pūn,体
thé,体
tsiàm,佔
hô,何
hôo,何
uâ,何
hô-mí-khóo,何乜苦
hô-pit,何必
hô-sî,何時
hô-hóng,何況
hô-khóo,何苦
pit,佖
pi̍t,佖
tah,佗
thò,佗
thō,佗
tio̍h,佗
tá,佗
tô,佗
toh,佗
tó,佗
tó tsi̍t ê,佗一个
toh-uī,佗位
tó-uī,佗位
tór-uī,佗位
tá-uī-á,佗位仔
tah-lo̍h,佗落
toh-lo̍h,佗落
tá-lo̍h,佗落
tó-lo̍h,佗落
siâ,佘
sû,余
tôo,余
î,余
û,余
î-iônn,余楊
î-iûnn,余楊
û-iônn,余楊
û-iûnn,余楊
i̍k,佚
tia̍t,佚
hu̍t,佛
pu̍t,佛
hu̍t-á,佛仔
pu̍t-á,佛仔
hu̍t-siōng,佛像
pu̍t-siōng,佛像
hu̍t-kong-san,佛光山
hu̍t-tián,佛典
pu̍t-tián,佛典
hu̍t-tn̂g,佛堂
pu̍t-tn̂g,佛堂
hu̍t-ha̍k,佛學
pu̍t-ha̍k,佛學
hu̍t-sī,佛寺
hu̍t-siú-kam,佛手柑
hu̍t-tshiú-kam,佛手柑
hu̍t-tshiú-kue,佛手瓜
pu̍t-tshiú-kue,佛手瓜
hu̍t-kàu,佛教
pu̍t-kàu,佛教
hu̍t-huat,佛法
pu̍t-huat,佛法
hu̍t-tsu,佛珠
pu̍t-tsu,佛珠
hu̍t-tsóo,佛祖
pu̍t-tsóo,佛祖
hu̍t-tsóo-senn,佛祖生
hu̍t-tsóo-sinn,佛祖生
pu̍t-tsóo-senn,佛祖生
pu̍t-tsóo-sinn,佛祖生
hu̍t-king,佛經
pu̍t-king,佛經
hu̍t-mn̂g,佛門
pu̍t-kham,佛龕
tsoh,作
tsok,作
tsok-luān,作亂
tsok-phín,作品
tsoh-hn̂g--ê,作園的
tsoh-huînn--ê,作園的
tsorh-hn̂g--ê,作園的
tsok-gia̍t,作孽
tsok-ka,作家
tsok-lōng,作弄
tsoh-piah,作弊
tsok-pè,作弊
tsok-kuài,作怪
tsok-tsiàn,作戰
tsok-bûn,作文
tsok-gia̍p,作業
tsok-huat,作法
tsok-uî,作為
tsok-bu̍t,作物
tsok-iōng,作用
tsoh-tshân,作田
tsoh-tshân-lâng,作田人
tsoh-sit,作穡
tsorh-sit,作穡
tsoh-sit-lâng,作穡人
tsoh-sit--ê,作穡的
tsorh-sit--ê,作穡的
tsok-tsiá,作者
tsok-hong,作風
khòo,佝
kòo,佝
līn,佞
tông,佟
tong,佟
ní,你
jínn,你
jú,你
lí,你
lír,你
lú,你
lí-hiann-guá-tī,你兄我弟
sian,佡
kū,佢
puē,佩
phuè,佩
phuè-ho̍k,佩服
puē-ho̍k,佩服
ho̍k,佫
liâu,佬
ló,佬
láu,佬
láu--á,佬仔
láu-á,佬仔
hâng,佭
kah,佮
kap,佮
kah-lâng-teh-tiānn--ah,佮人硩定矣
kah-tshuì,佮喙
kah-ì,佮意
kap-kóo,佮股
iông,佯
tènn,佯
tìnn,佯
tènn-gōng,佯戇
tìnn-gōng,佯戇
tènn-m̄-tsai,佯毋知
tìnn-m̄-tsai,佯毋知
tènn-tshenn,佯生
tìnn-tshinn,佯生
tènn-siáu,佯痟
tìnn-siáu,佯痟
tènn-tian-tènn-gōng,佯顛佯戇
tìnn-tian-tìnn-gōng,佯顛佯戇
pah,佰
pik,佰
huat,佱
bíng,佲
ka,佳
ka-jîn,佳人
ka-lîn,佳人
ka-tsok,佳作
ka-tang,佳冬
ka-tang-hiong,佳冬鄉
ka-tsài,佳哉
kai-tsài,佳哉
ka-kî,佳期
ka-lí-khu,佳里區
ka-im,佳音
jī,佴
nāi,佴
pìng,併
pìng-huat-tsìng,併發症
kiat,佶
hîng,佷
hua̍t,佸
kuat,佸
khuí,佹
kui,佹
kuí,佹
tshuan,佺
tsuân,佺
iâu,佻
thiau,佻
tiáu,佻
tiâu,佻
káu,佼
tshù,佽
i̍k,佾
sài,使
sái,使
sù,使
sú,使
sú-bīng,使命
sái-tshuì,使喙
sái-lōng,使弄
sái-sìng,使性
sái-sìng-tuē,使性地
sái-sìng-tē,使性地
sái-sìng-la̍k-tuē,使性搦地
sái-sìng-la̍k-tē,使性搦地
sái-àm-pōo,使暗步
sái-àm-to̍k,使暗毒
sái-àm-tsìnn,使暗箭
sái-phài,使派
sú-iōng,使用
sú-iōng-lâng,使用人
sú-iōng-khuân,使用權
sú-iōng-kuân,使用權
sú-iōng-tsiá,使用者
sái-phiah,使癖
sái-ba̍k-bué,使目尾
sái-ba̍k-bé,使目尾
sái-ba̍k-bér,使目尾
sái-ba̍k-tsìnn,使目箭
sái-uē-tú,使話拄
hîng,侀
sin,侁
thok,侂
to̍k,侂
khán,侃
ti̍t,侄
tsit,侄
kai,侅
lâi,來
lâi-sè,來世
lâi-lâi-khì-khì,來來去去
lâi-hâm,來函
lâi-khì,來去
lâi-leh-sé,來咧洗
lâi-huê,來回
lâi-hê,來回
lâi-óng,來往
lâi-li̍k,來歷
lâi-seré,來洗
lâi-sué,來洗
lâi-sé,來洗
lâi-guân,來源
lâi-siā,來社
lâi-gī-hiong,來義鄉
lâi-tsū,來自
lâi-pin,來賓
lâi-lōo,來路
lâi-tiān,來電
tshí,侈
khu,侉
khua,侉
kong,侊
lē,例
lī,例
lē-guā,例外
im,侌
sāi,侍
sī,侍
sū,侍
sū-hāu,侍候
bi,侎
mi,侎
tsu,侏
huì,侐
iū,侑
an,侒
lu̍t,侓
bôo,侔
jî,侕
lûn,侖
thong,侗
thóng,侗
tong,侗
tông,侗
tòng,侗
tòng-gōng,侗戇
thi̍k,侘
thà,侘
tshà,侘
sùn,侚
king,供
kiong,供
kiòng,供
kìng,供
kiong-ìng,供應
kiong-kip,供給
king-thé,供體
tsiu,侜
i,依
i-uá,依倚
i-kì,依據
i-kù,依據
i-huat,依法
i-tsiàu,依照
i-lāi,依賴
i-nāi,依賴
i-hù,依附
i-hū,依附
jû,侞
bú,侮
bú-jio̍k,侮辱
bú-lio̍k,侮辱
hâu,侯
kâu,侯
hiô,侯
hôo,侯
khún,侰
tsin,侲
tsìn,侲
tshò,侳
tso,侳
tshim,侵
tshim-ji̍p,侵入
tshim-li̍p,侵入
tshim-hāi,侵害
tshim-huān,侵犯
tshim-lio̍k,侵略
tshim-mn̂g-ta̍h-hōo,侵門踏戶
lū,侶
kio̍k,侷
kio̍k-hān,侷限
thíng,侹
thiānn,侹
sīm,侺
thuat,侻
lâm,侽
hau,侾
piân,便
piān,便
pân,便
piān-piān,便便
piān-lī,便利
piān-muê-lâng,便媒人
piān-muî-lâng,便媒人
pân-gî,便宜
piān-sóo,便所
piān-sóo-thâng,便所蟲
piān-ho̍k,便服
piān-tiâu-á,便條仔
piān-tiâu-tsuá,便條紙
piān-tong,便當
piān-tong-a̍h-á,便當盒仔
piān-tong-a̍p-á,便當盒仔
piān-tong-kheh-á,便當篋仔
piān-khuànn,便看
piān-nā,便若
piān-tshài,便菜
piān-tshài-pn̄g,便菜飯
piān-io̍h-á,便藥仔
piān-i,便衣
piān-sann,便衫
piān-huè,便貨
piān-hè,便貨
piān-pn̄g,便飯
thuí,俀
gú,俁
hē,係
hē-hāng,係項
tshik,促
tshiok,促
tshiok-sú,促使
tshiok-sîng,促成
tshik-huè-siū,促歲壽
tshik-hè-siū,促歲壽
tshiok-tsìn,促進
tshiok-siau,促銷
gô,俄
ngôo,俄
kiû,俅
kòng,俇
kông,俇
khok,俈
gōo,俉
tsùn,俊
ip,俋
hú,俌
liông,俍
liōng,俍
lāng,俍
tsóo,俎
tshiàu,俏
tshio,俏
lī,俐
ióng,俑
thòng,俑
hūn,俒
kìng,俓
hián,俔
sàm,俕
phué,俖
puē,俖
sio̍h,俗
sio̍k,俗
sio̍k-kè,俗價
sio̍k-miâ,俗名
sio̍k-mi̍h,俗物
sio̍k-mn̍gh,俗物
sio̍k-gí,俗語
sio̍k-gú,俗語
sio̍k-gí-uē,俗語話
sio̍k-gú-uē,俗語話
sio̍k-gān,俗諺
sio̍k-huè,俗貨
sio̍k-hè,俗貨
sio̍k-buē,俗賣
sio̍k-bē,俗賣
siok-pháng,俗麭
sio̍k-pháng,俗麭
hu,俘
hu-lóo,俘虜
hi,俙
lí,俚
bián,俛
hú,俛
pó,保
póo,保
pór,保
pó-kiān,保健
pó-tsuân,保全
pó-tuann,保單
pó-kòo,保固
pó-tsûn,保存
pó-siú,保守
pó-an,保安
pó-an-king,保安宮
pó-an-kiong,保安宮
pó-ke,保家
pó-bi̍t,保密
pó-pì,保庇
pó-hōo,保戶
pó-tshî,保持
pó-tsiànn,保正
pó-tsìng,保正
pó-un-pue,保溫杯
pó-sing-tāi-tè,保生大帝
pó-liû,保留
pó-kuán,保管
pó-io̍k,保育
pó-uē,保衛
pó-uī,保衛
pó-tsìng,保證
pó-tsìng-jîn,保證人
pó-tsìng-lîn,保證人
pó-tsìng-kim,保證金
pó-hōo,保護
pó-huì,保費
pó-sin-hû,保身符
pó-sàng,保送
pó-tiōng,保重
pó-pio,保鏢
pó-tsiong,保障
pó-tsiòng,保障
pó-hiám,保險
pó-hiám-huì,保險費
pó-hiám-kim,保險金
pó-niá,保領
pó-gia̍h,保額
pó-ióng,保養
pó-ióng-phín,保養品
pó-ióng-tiûnn,保養場
pó-lîng-kiû,保齡球
jî,俞
jû,俞
lû,俞
kî,俟
sū,俟
kiap,俠
sìn,信
sìn-gióng,信仰
sìn-ióng,信仰
sìn-kiānn,信件
sìn-jīm,信任
sìn-līm,信任
sìn-hōng,信奉
sìn-tôo,信徒
sìn-sim,信心
sìn-liām,信念
sìn-sit,信息
sìn-bu̍t,信物
sìn-iōng,信用
sìn-tsiòng,信眾
sìn-siunn,信箱
sìn-táu,信篤
sìn-gī,信義
sìn-gī-khu,信義區
sìn-gī kok-sió,信義國小
sìn-gī an-hô,信義安和
sìn-gī-hiong,信義鄉
sìn-hō,信號
sìn-thok,信託
sìn-lāi,信賴
sìn-nāi,信賴
ki,俥
ku,俥
siu,修
siu-tsián,修剪
siu-ho̍k,修復
siu-hiàn,修憲
siu-kái,修改
siu-tsíng,修整
siu-tsìng,修正
siu-huat,修法
siu-lí,修理
siu-liān,修練
siu-si̍p,修習
siu-hīng,修行
siu-póo,修補
siu-tīng,修訂
siu-hōo,修護
siu-sû,修辭
siu-bīn,修面
siu-ióng,修養
hú,俯
hō,俰
khū,俱
ki,俱
ku,俱
khū-lo̍k-pōo,俱樂部
hāu,俲
pâi,俳
pai,俳
tsián,俴
piáu,俵
siok,俶
thik,俶
tshiok,俶
huí,俷
hōng,俸
iam,俺
iàm,俺
án,俺
án-jī--á,俺二仔
án-kong,俺公
án-tsé,俺姊
án-niâ--á,俺娘仔
án-má,俺媽
án-bú,俺母
án-pâ,俺爸
án-pē,俺爸
án-tia,俺爹
án-tsóo,俺祖
pī,俻
io̍k,俼
tsiok,俼
him,俽
phi,俾
pi,俾
pī,俾
tiông,倀
tshîng,倀
kiū,倃
hâu,倄
tsut,倅
lióng,倆
uán,倇
lâi,倈
lāi,倈
tshong,倉
tshng,倉
tshng-khòo,倉庫
kò,個
kòo,個
kò-jîn,個人
kò-lîn,個人
kò-pia̍t,個別
kò-guā-ge̍h,個外月
kò-guā-gue̍h,個外月
kóo-guā-ge̍h,個外月
kóo-guā-gue̍h,個外月
kò-tián,個展
kò-sìng,個性
kò-àn,個案
kò-thé,個體
kuan,倌
kuann,倌
puē,倍
pē,倍
pēr,倍
pěr,倍
puē-sòo,倍數
thián,倎
siok,倏
suā,倏
bûn,們
būn,們
tò,倒
tòo,倒
tòr,倒
tó,倒
tóo,倒
tór,倒
tho̍h,倒
tò-khau,倒剾
tò-kiu,倒勼
tò-khap,倒匼
tò--khì,倒去
tò-píng,倒反
tò-tiàu,倒吊
tò-tiàu-tsí,倒吊子
tò-hiànn,倒向
tó-tiàm,倒店
tò-tuānn,倒彈
tò-tshiú,倒手
tò-tshiú-á-khau-to,倒手仔剾刀
tò-tshiú-á-kuāi,倒手仔拐
tò-tshiú-á-kâu,倒手仔猴
tò-tshiú-á-uainnh,倒手仔𨂿
tò-tshiú-kuat,倒手抉
tò-tshiú-kuaih,倒手拐
tò-tshiú-kuái,倒手拐
tòr-tshiú-kuainnh,倒手拐
tòr-tshiú-kuáinn,倒手拐
tò-tshiú-kuáinn-á,倒手拐仔
tò-tshiú-pîng,倒手爿
tòr-pha-siû,倒拋泅
tò-áu,倒拗
tò-siàng-hiànn,倒摔向
tó-tànn,倒擔
tó-siàu,倒數
tó-huē,倒會
tó-huē-á,倒會仔
tó-hē-á,倒會仔
tò-tsai,倒栽
tò-pîn,倒爿
tò-pîng,倒爿
tòr-pîng,倒爿
tò-tê,倒茶
tò-phak,倒覆
tò-thiap,倒貼
tò-ta̍h,倒踏
tò-ta̍h liân-hue,倒踏蓮花
tò-tńg,倒轉
tò-tńg--lâi,倒轉來
tò-tńg--khì,倒轉去
tò-thè,倒退
tò-thè-lu,倒退攄
tó-ūn,倒運
tò-bīn,倒面
tòr-bīn,倒面
tò-thâu,倒頭
tò-thâu-tsai,倒頭栽
tò-thâu-thuî,倒頭槌
tò-thâu-senn,倒頭生
tò-thâu-sinn,倒頭生
tò-thâu-kiânn,倒頭行
tò-thuē,倒頹
tò-thē,倒頹
tâm,倓
tām,倓
ku̍t,倔
suî,倕
hīng,倖
sīng,倖
pîng,倗
thóng,倘
hāu,候
hiō,候
hōo,候
hāu-be̍h,候脈
hāu-me̍h,候脈
hāu-póo,候補
hiō-suán-jîn,候選人
hiō-suán-lîn,候選人
hāu-suán-jîn,候選人
hāu-suán-lîn,候選人
uá,倚
í,倚
uá-piah,倚壁
uá-suann-tsia̍h-suann,倚山食山
uá-nî,倚年
uá-ì,倚意
uá-tàu,倚晝
uá-tuà,倚蹛
uá-kīn,倚近
uá-kūn,倚近
í-tiōng,倚重
uá-khò,倚靠
khi,倛
thik,倜
tiû,倜
kàn,倝
kiāng,倞
kiōng,倞
kīng,倞
liōng,倞
tsioh,借
tsià,借
tsioh--lâng,借人
tsioh-mn̄g,借問
tsioh-tuann,借單
tsioh-jī,借字
tsioh-lī,借字
tsioh-kì,借據
tsioh-kù,借據
tsioh-tiâu,借條
tsioh-khuán,借款
tsioh-iōng,借用
tsioh-īng,借用
tsioh-tuà,借蹛
tsioh-kuè,借過
tsioh-kè,借過
tsioh tsînn,借錢
hui,倠
tshiang,倡
tshiong,倡
tshiàng,倡
tshiòng,倡
tsiap,倢
tsia̍p,倢
tsia̍t,倢
hóng,倣
khong,倥
khòng,倥
khóng,倥
khong--ê,倥的
kuān,倦
tsong,倧
kì,倨
kù,倨
tshiàn,倩
tshiànn,倩
tshìng,倩
tshiànn--ê,倩个
tshiànn--ê,倩的
guê,倪
gê,倪
lûn,倫
lûn-lí,倫理
tok,倬
e,倭
ui,倭
huá,倮
kó,倮
siông,倯
sông,倯
lîng,倰
līng,倰
hún,倱
hūn,倱
tòng,倲
tsù,倳
ta̍t,值
ti̍t,值
ta̍t-tit,值得
ti̍t-pan,值班
ta̍t-tsînn,值錢
ing,偀
tsian,偂
tsián,偂
ián,偃
ián-tó,偃倒
luān,偄
tsióng,偅
tshún,偆
ká,假
ké,假
kà,假
kè,假
ké-sian,假仙
ké-sian-ké-tak,假仙假觸
ká-sú,假使
ké-tsuè,假做
ké-tsò,假做
ké-pâu,假包
ké-pâu--ê,假包的
ké-tshuì-khí,假喙齒
ké-hó-sue,假好衰
ká-tīng,假定
ké-iánn,假影
ká-sióng,假想
ké-ì,假意
ká-ji̍t,假日
ká-li̍t,假日
kà-kî,假期
ká-kî,假期
ké-sí,假死
ké-sí-ké-ua̍h,假死假活
ké-bô-ì,假無意
ké-siáu,假痟
ké-pān,假範
ká-siat,假設
ké-siōng,假象
ká-sik,假釋
ké-gîn-phiò,假銀票
ké-gûn-phiò,假銀票
ké-kuí-ké-kuài,假鬼假怪
ké-gâu,假𠢕
khì,偈
kiat,偈
kia̍t,偈
uí,偉
uí-tāi,偉大
í,偊
ú,偊
píng,偋
pīng,偋
jiá,偌
juā,偌
luā,偌
guā,偌
guā-kú,偌久
juā-kú,偌久
luā-kú,偌久
guā-tsuē,偌濟
guā-tsē,偌濟
juā-tsuē,偌濟
juā-tsē,偌濟
luā-tsuē,偌濟
luā-tsē,偌濟
guā-nī,偌爾
juā-nī,偌爾
luā-nī,偌爾
tê,偍
ue,偎
phian,偏
phinn,偏
phian-phian,偏偏
phian-phian-á,偏偏仔
phian-phiah,偏僻
phian-miâ,偏名
phian-tsha,偏差
phian-sim,偏心
phian-phau,偏拋
phian-su,偏私
phian-kiàn,偏見
phian-uán,偏遠
phian-tiōng,偏重
phinn-thâu,偏頭
gān,偐
hong,偑
thóng,偒
ak,偓
òo,偓
go̍k,偔
kai,偕
tshiá,偖
tshé,偖
síng,偗
tserè,做
tsuè,做
tsò,做
tsòr,做
tsuè--tsi̍t-ē,做一下
tsuè-tshit,做七
tsò-tshit,做七
tsuè-tshit-li̍t,做七日
tsuè--lâng,做人
tsuè-lâng,做人
tsò--lâng,做人
tsò-lâng,做人
tsuè--lâng--looh,做人囉
tsuè-lîn-tsîng,做人情
tsò-jîn-tsîng,做人情
tsuè--lâng--ah,做人矣
tsò--lâng--ah,做人矣
tsòr--lâng--ah,做人矣
tsuè-sian,做仙
tsò-sian,做仙
tserè-hér,做伙
tsuè-hé,做伙
tsuè-hér,做伙
tsò-hué,做伙
tsòr-hué,做伙
tsuè-phuānn,做伴
tsò-phuānn,做伴
tsuè-ping,做兵
tsò-ping,做兵
tsuè-tshut,做出
tsò-tshut,做出
tsuè-tsîng,做前
tsò-tsîng,做前
tsuè-kong-tik,做功德
tsò-kong-tik,做功德
tsuè-sai-kong,做司公
tsò-sai-kong,做司公
tsuè-bî-sī,做唯是
tsuè-bī-sī,做唯是
tsò-bî-sī,做唯是
tsò-bī-sī,做唯是
tsuè-buê,做囮
tsò-buê,做囮
tsuè-thôo-tsuí,做塗水
tsuè-thôo-tsuí--ê,做塗水的
tsò-thôo-tsuí--ê,做塗水的
tsuè-tuā-tsuí,做大水
tsò-tuā-tsuí,做大水
tsòr-tuā-tsuí,做大水
tsò-kuann,做官
tsuè-kheh,做客
tsò-kheh,做客
tsuè-tuì,做對
tsò-tuì,做對
tsuè-tuì-thâu,做對頭
tsò-tuì-thâu,做對頭
tsuè-kang,做工
tsò-kang,做工
tsuè-kang-á,做工仔
tsò-khang-khuè,做工課
tsuè tiàm-bīn,做店面
tsò tiàm-bīn,做店面
tsuè-tit-lâi,做得來
tsò-tit-lâi,做得來
tsuè-khī,做忌
tsuè-kì,做忌
tsuè-kī,做忌
tsò-kī,做忌
tsòr-kī,做忌
tsuè-hì,做戲
tsò-hì,做戲
tsuè-sûn,做旬
tsò-sûn,做旬
tsòr-sûn,做旬
tsuè-uānn,做旱
tsò-uānn,做旱
tsuè-ge̍h-lāi,做月內
tsò-gue̍h-lāi,做月內
tsuè-ba̍k--ê,做木的
tsò-ba̍k--ê,做木的
tsòr-ba̍k--ê,做木的
tsuè-pháinn,做歹
tsò-pháinn,做歹
tsuè-tsuí,做水
tsò-tsuí,做水
tsuè-huat,做法
tsò-huat,做法
tsuè-uî,做為
tsò-uî,做為
tsuè-gê,做牙
tsò-gê,做牙
tsuè-sinn-li̍t,做生日
tsò-senn-ji̍t,做生日
tserè-sing-lí,做生理
tsuè-sing-lí,做生理
tsò-sing-lí,做生理
tsòr-sing-lí,做生理
tsò-lī,做痢
tsuè-sán-khuì,做瘦氣
tsò-sán-khuì,做瘦氣
tsuè-sîn,做神
tsò-sîn,做神
tsuè-sit,做穡
tsuè-sit--ê,做穡的
tsuè-khiò,做竅
tsò-khiò,做竅
tsuè-siann,做聲
tsò-siann,做聲
tsuè-bah-piánn,做肉餅
tsò-bah-piánn,做肉餅
tsuè-tshàu-lâng,做臭人
tsò-tshàu-lâng,做臭人
tsuè-sik,做色
tsò-sik,做色
tsuè-tsng,做莊
tsuè-tsong,做莊
tsò-tsng,做莊
tsò-tsong,做莊
tsuè-tshin-tsiânn,做親情
tsò-tshin-tsiânn,做親情
tsuè-gī-niū,做議量
tsò-gī-niū,做議量
tsuè-khiàn-sńg,做譴損
tsò-khiàn-sńg,做譴損
tsuè-tsiò,做醮
tsò-tsiò,做醮
tsòr-tsiòr,做醮
tsuè-tīn,做陣
tsò-tīn,做陣
tsuè-thâu,做頭
tsò-thâu,做頭
tsuè-thâu-tsîng,做頭前
tsò-thâu-tsîng,做頭前
tsuè-hong-thai,做風颱
tsò-hong-thai,做風颱
tsuè-thé-guē,做體藝
tsò-thé-gē,做體藝
tsuè-lāu-lia̍t,做鬧熱
tsuè-nāu-lia̍t,做鬧熱
tsò-lāu-jia̍t,做鬧熱
tsò-nāu-jia̍t,做鬧熱
tsuè-kuí,做鬼
tsò-kuí,做鬼
tshap,偛
thîng,停
thîng-khan,停刊
thîng-kang,停工
thîng-tshiú,停手
thîng-sún,停損
thîng-tsí,停止
thîng-hué,停火
thîng-hé,停火
thîng-liû,停留
thîng-khùn,停睏
thîng-kha,停跤
thîng-tshia,停車
thîng-tiān,停電
thîng-khò,停靠
puē,偝
iāng,偝
āinn,偝
iāng-gín--á,偝囡仔
tsiāng-gín--á,偝囡仔
āinn-gín-á,偝囡仔
iāng-kin,偝巾
iāng-kun,偝巾
iǎng-kun,偝巾
āinn-kin,偝巾
āng-kirn,偝巾
ia̍p,偞
hông,偟
iáu,偠
tiám,偡
tshiàu,偢
tshiù,偢
iam,偣
iû,偤
kiān,健
kiānn,健
kiān-tiu,健丟
kiān-pó,健保
kiān-tsuân,健全
kiān-tsāi,健在
kiān-khong,健康
kiānn-tsâng,健欉
kiān-bí,健美
kiān-sin,健身
tshi,偨
hū,偩
pik,偪
tī,偫
biān,偭
tship,偮
siat,偰
su,偲
tshai,偲
tuan,偳
tshik,側
tsing,偵
tsing-tshat,偵察
tsing-thàm,偵探
tsing-tsa,偵查
tsing-tshik,偵測
tsing-pān,偵辦
gió,偶
ngóo,偶
ngóo-siōng,偶像
thau,偷
thio,偷
thoo,偷
thau-lâi-àm-khì,偷來暗去
thau-tsuè-tshiú,偷做手
thau-tsò-tshiú,偷做手
thau-thau-á,偷偷仔
thau-kā-ke,偷咬雞
thau-kā-kue,偷咬雞
thau-kā-ke-á,偷咬雞仔
thau-kā-kue-á,偷咬雞仔
thau-kang-kiám-liāu,偷工減料
thau ni,偷拈
thau-lia̍h,偷掠
thau-e̍h,偷提
thau-the̍h,偷提
thau-thue̍h,偷提
thau-iap,偷揜
thau-senn--ê,偷生的
thau-sinn--ê,偷生的
thau khuànn,偷看
thau thiann,偷聽
thau-tsáu,偷走
thau-tsáu-tshù,偷走厝
thau-tsáu-o̍h,偷走學
thau-tsáu-tsu,偷走書
thau tsia̍h,偷食
thau-tsia̍h-pōo,偷食步
tsa,偺
tsím,偺
guī,偽
guī-tsō,偽造
khuí,傀
kui,傀
ka,傀
ka-lé,傀儡
ka-lé-hì,傀儡戲
ka-lé-kuan,傀儡關
tí,傂
sòo,傃
hat,傄
pòo,傅
hù,傅
hū,傅
jióng,傇
jiông,傇
lik,傈
lo̍k,傉
káng,傋
bé,傌
mā,傌
pn̄g,傍
pōng,傍
pn̄g-kuann-sè,傍官勢
pn̄g-kuann-sì,傍官勢
pn̄g-kuann-khuì,傍官氣
pn̄g-kuann-khò-sè,傍官靠勢
pn̄g-kuann-khò-sì,傍官靠勢
tian,傎
hó,傐
kia̍t,傑
kia̍t-tsok,傑作
kia̍t-tshut,傑出
hê,傒
khiàm,傔
khiām,傔
kak,傕
khak,傕
tshing,傖
tshong,傖
tsong,傖
thiok,傗
suànn,傘
sàn,傘
pī,備
pī-hūn,備份
pī-tsa,備查
pī-iōng,備用
pī-tsù,備註
pī-pān,備辦
hāu,傚
ióng,傛
iông,傛
iâu,傜
thap,傝
so,傞
áng,傟
ka,傢
tsham,傪
luí,傫
luī,傫
tshui,催
tshui-iû,催油
tshui-sing,催生
tshui-bîn,催眠
iông,傭
tshiong,傭
tso,傮
tsóng,傯
pîng,傰
sióng,傱
tsiông,傱
tsông,傱
tsông-tsînn,傱錢
gō,傲
ngōo,傲
tuān,傳
thn̂g,傳
thuân,傳
thuînn,傳
tn̂g,傳
tuân,傳
thuân-līng,傳令
thuân-lâi,傳來
thuân-tshut,傳出
thuân-tuann,傳單
thuân-huê,傳回
thuân-hê,傳回
thuân-kî,傳奇
thuân-muî,傳媒
thuân-ka-pó,傳家寶
thn̂g-hiō-sû,傳後嗣
thn̂g-hiō-sū,傳後嗣
thuân-sîng,傳承
thuân-siū,傳授
thuân-pò,傳播
thuân-pòo,傳播
thuân-kàu,傳教
thuân-jiám,傳染
thuân-liám,傳染
thuân-kiû,傳球
thuân-tsin,傳真
thuân-sîn,傳神
thuân-phiò,傳票
thn̂g-tsíng,傳種
thuân-thóng,傳統
thuân-bûn,傳聞
thuân-gē tiong-sim,傳藝中心
thuân-giân,傳言
tuān-kì,傳記
thuân-uē,傳話
thuân-suat,傳說
thuân-su,傳輸
thuân-sàng,傳送
thuân-tō,傳道
thuân-ta̍t,傳達
thuân-tē,傳遞
thn̂g-hiunn-ian,傳香煙
tsè,債
tsè-tsú,債主
tsè-kǹg,債券
tsè-bū,債務
tsè-thuah,債挩
tsè-khuân,債權
tsè-kuân,債權
tshiok,傶
tshok,傶
siang,傷
siong,傷
sionn,傷
siunn,傷
siong-bông,傷亡
siong-sè,傷勢
siong-kháu,傷口
siong-thian-hāi-lí,傷天害理
siong-hāi,傷害
siong-hân,傷寒
siong-sim,傷心
siong-pún,傷本
siong-hûn,傷痕
siong-tsiá,傷者
siong-náu-kin,傷腦筋
siong-náu-kun,傷腦筋
siong-jiah,傷跡
siong-liah,傷跡
siong-tiōng,傷重
siong-hong,傷風
siong-hong-pāi-sio̍k,傷風敗俗
tshióng,傸
thè,傺
sá,傻
hàn,傼
tsiong,傽
khing,傾
khing-hiòng,傾向
khing-siau,傾銷
ian,傿
iàn,傿
siat,僁
lôo,僂
lú,僂
phiau,僄
phiàu,僄
kín,僅
kīn,僅
lián,僆
liān,僆
nuā,僆
lio̍k,僇
bān,僈
tshiam,僉
sian,僊
thàm,僋
siàn,僎
tsun,僎
tsuān,僎
siōng,像
tshiāng,像
tshiōnn,像
tshiūnn,像
kiâu,僑
kiâu-sing,僑生
kiâu-pau,僑胞
khún,僒
tuê,僓
tsún,僔
po̍k,僕
hi,僖
lô,僗
lō,僗
kong,僙
liâu,僚
khi,僛
tshan,僝
han,僠
huan,僠
phuan,僠
tshuàn,僢
tshún,僢
thiat,僣
tshiàm,僣
siān,僤
tān,僤
giâu,僥
hiau,僥
iâu,僥
kiau,僥
hiau-hīng,僥倖
hiau-hīng-tsînn,僥倖錢
hiau-sim,僥心
tsiū,僦
tsing,僧
sing,僧
hùn,僨
hún,僨
phun,僨
hán,僩
kuat,僪
oh,僫
ok,僫
oo,僫
orh,僫
òo,僫
oh tsuè,僫做
oh tsò,僫做
oh kóng,僫講
oh-kuè,僫過
oh-kè,僫過
tsiau,僬
tshiàm,僭
tsiàm,僭
tshiàm-uī,僭位
tsiàm-uī,僭位
tshiàm-khuân,僭權
tshiàm-kuân,僭權
tsiàm-khuân,僭權
tsiàm-kuân,僭權
tsiàm-uē,僭話
tong,僮
tông,僮
lín,僯
lîn,僯
po̍k,僰
hōo,僱
kòo,僱
khiong,僵
kiang,僵
kiong,僵
bín,僶
ia̍p,僷
kìm,僸
kà,價
kè,價
kè-ta̍t,價值
kè-tsha,價差
kè-siàu,價數
kè-tsînn,價錢
tshiáu,僺
phiah,僻
phik,僻
phiah-tsīng,僻靜
hong,僼
tshiu,僽
tsoo,僽
ài,僾
sì,僿
gî,儀
gî-khì,儀器
gî-sik,儀式
tsùn,儁
lông,儂
siân,儃
siān,儃
ik,億
tong,儅
tòng,儅
kíng,儆
huân,儇
kuè,儈
khiām,儉
khiām-khiām-á īng,儉儉仔用
khiām-tn̂g-neh-tōo,儉腸凹肚
khiām-tsînn,儉錢
khiǎm-tsînn,儉錢
tshóo,儊
tshù,儊
tam,儋
hiau,儌
kiáu,儌
pìn,儐
gam,儑
gām,儑
gām-bīn,儑面
gām-thâu-gām-bīn,儑頭儑面
jî,儒
jû,儒
lû,儒
jû-ka,儒家
lû-ka,儒家
tâi,儓
tiû,儔
tse,儕
tshâi,儕
lâm,儖
gí,儗
tsín,儘
tsīn,儘
bîng,儚
bú,儛
sióng,償
siông,償
siông-huân,償還
lia̍p,儠
luí,儡
lé,儡
lū,儢
khòng,儣
pò,儤
io̍k,儥
phiau,儦
iu,優
iu-sian,優先
iu-sìng,優勝
iu-sè,優勢
iu-thāi,優待
iu-thāi-phiò,優待票
iu-huī,優惠
iu-ī,優異
iu-siù,優秀
iu-bí,優美
iu-liông,優良
iu-tsit,優質
iu-ua̍t,優越
iu-suán,優選
iu-ngá,優雅
iu-tiám,優點
tshin,儭
tshìn,儭
li̍k,儮
láng,儱
lóng,儱
thî,儲
thû,儲
tî,儲
tû,儲
thîr-thiok,儲蓄
tshâm,儳
sâm,儳
sām-io,儳腰
jiông,儴
siong,儴
siok,儵
huī,儶
lî,儷
lē,儷
lô,儸
tsán,儹
lô,儺
thóng,儻
giám,儼
giám-ngē,儼硬
giám-ngī,儼硬
luí,儽
jîn,儿
gu̍t,兀
gut,兀
ín,允
ún,允
ín--lâng,允人
ún--lâng,允人
ín-tsún,允准
ún-tsún,允准
ín-thâu-lōo,允頭路
ún-thâu-lōo,允頭路
guân,元
guân-kiānn,元件
guân-siau,元宵
guân-siau-mê,元宵暝
guân-siau-mî,元宵暝
guân-tsiáng,元掌
guân-tsióng,元掌
guân-khì,元氣
guân-sîn,元神
guân-sòo,元素
guân-ló,元老
guân-nóo,元老
guân-tsióng-hiong,元長鄉
guân-im,元音
guân-siú,元首
hiann,兄
hing,兄
hiann-ko,兄哥
hiann-muē-á,兄妹仔
hiann-só,兄嫂
hiann-sór,兄嫂
hiann-tī,兄弟
hiann-tǐ,兄弟
hiann-tī-á,兄弟仔
hiann-tī-tsí-bē,兄弟姊妹
hiann-tī-tsí-muāi,兄弟姊妹
hiann-tī-tsí-muē,兄弟姊妹
hing-tióng,兄長
tshiong,充
tshiong-kong,充公
tshiong-hun,充分
tshiong-si̍t,充實
tshiong-buán,充滿
tshiong-hiat,充血
tshiong-tsiok,充足
tshiong-tiān,充電
tiāu,兆
tiō,兆
hiong,兇
hiong-ok,兇惡
hiong-siú,兇手
hiong-tshiú,兇手
hiong-kông,兇狂
sing,先
sian,先
sin,先
sian-jîn,先人
sian-lîn,先人
sian-sik-kiong,先嗇宮
sian-thian,先天
sian-bîn,先民
sian-senn,先生
sian-sinn,先生
sin-senn,先生
sian-senn-niû,先生娘
sian-sinn-niû,先生娘
sin-senn-niû,先生娘
sian-senn-má,先生媽
sian-sinn-má,先生媽
sin-senn-má,先生媽
sian-huat,先發
sian--ê,先的
sian-ti,先知
sian-kak,先覺
sian-puè,先輩
sian-tsìn,先進
sian-hong,先鋒
kng,光
kuinn,光
kong,光
kong-tshái,光彩
kong-ho̍k,光復
kong-ho̍k-khe,光復溪
kong-ho̍k-hiong,光復鄉
kong-bîng,光明
kong-bîng-tsìng-tāi,光明正大
kng-iànn-iànn,光映映
kong-kíng,光景
kong-îng,光榮
kong-îng bé-thâu,光榮碼頭
kng-guân,光源
kng-ku̍t,光滑
kng-iām-iām,光炎炎
kng-iānn-iānn,光焱焱
kng-sih-sih,光爍爍
kong-tia̍p,光碟
kng-suànn,光線
kong-lîm,光臨
kong-bông,光芒
kng-siám-siám,光閃閃
kng-bīn,光面
kng-thâu,光頭
kng-phiāng-phiāng,光龐龐
tuê,兊
khik,克
khik-ho̍k,克服
khik-khui,克虧
tuē,兌
tuī,兌
tuī-uānn,兌換
bián,免
bián-put-liáu,免不了
bián siàu-siūnn,免數想
bián-i̍k,免疫
bián-i̍k-li̍k,免疫力
bián-suè,免稅
bián-sè,免稅
bián-huì,免費
bián-tsînn-pn̄g,免錢飯
bián-tû,免除
bián-kiann,免驚
thòo,兎
gî,児
jî,児
lî,児
gî,兒
jî,兒
lî,兒
thòo,兔
thòo-á,兔仔
thòo-á-bué,兔仔尾
thòo-á-bé,兔仔尾
sū,兕
ián,兗
tóng,党
tau,兜
sin,兟
king,兢
kin-sim,兢心
gi̍p,入
ji̍p,入
li̍p,入
ji̍p-tsú,入主
li̍p-tsú,入主
ji̍p-ngóo,入伍
li̍p-ngóo,入伍
ji̍p-lâi,入來
li̍p-lâi,入來
ji̍p-lâi-khì,入來去
li̍p-lâi-khì,入來去
ji̍p-tshim,入侵
li̍p-tshim,入侵
ji̍p-tshù,入厝
li̍p-tshù,入厝
ji̍p-khì,入去
li̍p-khì,入去
ji̍p-kháu,入口
li̍p-kháu,入口
ji̍p-uî,入圍
li̍p-uî,入圍
ji̍p-thóo,入土
li̍p-thóo,入土
ji̍p-tiûnn,入場
li̍p-tiûnn,入場
ji̍p-tiûnn-kuàn,入場券
ji̍p-tiûnn-kǹg,入場券
li̍p-tiûnn-kuàn,入場券
li̍p-tiûnn-kǹg,入場券
ji̍p-kíng,入境
li̍p-kíng,入境
ji̍p-ha̍k,入學
ji̍p-o̍h,入學
li̍p-ha̍k,入學
li̍p-o̍h,入學
ji̍p-sim,入心
li̍p-sim,入心
ji̍p-kàu,入教
li̍p-kàu,入教
ji̍p-huē,入會
li̍p-huē,入會
ji̍p-bo̍k,入木
li̍p-bo̍k,入木
ji̍p-liām,入殮
li̍p-liām,入殮
ji̍p-káng,入港
li̍p-káng,入港
ji̍p-ga̍k,入獄
li̍p-ga̍k,入獄
ji̍p-ní,入耳
li̍p-ní,入耳
ji̍p-siann,入聲
li̍p-siann,入聲
ji̍p-kóo,入股
li̍p-kóo,入股
ji̍p-suán,入選
li̍p-suán,入選
ji̍p-mn̂g,入門
li̍p-mn̂g,入門
ji̍p-īnn,入院
li̍p-īnn,入院
bông,兦
luē,內
lāi,內
lāi-kah--á,內䘥仔
lāi-kah-á,內䘥仔
lǎi-kah-á,內䘥仔
lāi-siong,內傷
lāi-kong,內公
lāi-hun-pì,內分泌
lāi-bū,內務
lāi-khîn,內勤
lāi-khûn,內勤
luē-tsāi,內在
lāi-tsāi,內在
lāi-tuē,內地
lāi-tē,內地
lāi-poo,內埔
lāi-poo-hiong,內埔鄉
lāi-tiânn,內埕
lāi-tiûnn,內場
lāi-li̍k,內壢
lāi-guā,內外
lāi-thò,內套
lāi-lin,內奶
lāi-ling,內奶
lāi-ni,內奶
lāi-má,內媽
lāi-sun,內孫
lāi-ke,內家
luē-iông,內容
lāi-iông,內容
lāi-suann,內山
lāi-suann-táu-tué,內山斗底
lāi-suann-táu-té,內山斗底
luē-bōo,內幕
lāi-bōo,內幕
lāi-teré,內底
lāi-tué,內底
lāi-té,內底
luē-sim,內心
lāi-sim,內心
luē-tsîng,內情
lāi-uî,內惟
lāi-tsiàn,內戰
lāi-tsâi,內才
luē-tsìng,內政
lāi-tsìng,內政
luē-hâm,內涵
lāi-ôo,內湖
lāi-ôo-khu,內湖區
lāi-uan,內灣
lāi-uan-suànn,內灣線
lāi-sai,內獅
lāi-tī,內痔
lāi-kho,內科
lāi-lî-á,內籬仔
luē-tsōng,內臟
lāi-hâng,內行
lāi-hâng-lâng,內行人
lāi-hâng--ê,內行的
lāi-sann,內衫
lāi-lí,內裡
lāi-ki,內裾
lāi-ku,內裾
lāi-khòo,內褲
lāi-sī-kiànn,內視鏡
lāi-kak,內角
luē-pōo,內部
lāi-pōo,內部
lāi-iá,內野
lāi-siau,內銷
lāi-bûn-khu,內門區
luē-koh,內閣
lāi-koh,內閣
lāi-lio̍k,內陸
lāi-bīn,內面
tsn̂g,全
tsuînn,全
tsuân,全
tsuân-li̍k,全力
tsuân-kok,全國
tsuân-luí-tánn,全壘打
tsuân-uí-huē,全委會
tsuân-ke,全家
tsuân-bûn,全文
tsuân-sin,全新
tsuân-bîn,全民
tsuân-jiân,全然
tsuân-liân,全然
tsuân-kiû,全球
tsuân-phiò,全票
tsuân-thîng,全程
tsuân-tîng,全程
tsuân-tsit,全職
tsuân-lîng,全能
tsuân-sin,全身
tsuân-pōo,全部
tsuân-bīn,全面
tsuân-thé,全體
liáng,兩
lióng,兩
nióo,兩
niú,兩
nn̄g,兩
nňg,兩
nōo,兩
nn̄g-sann-liàn-tshiú,兩三輾手
nn̄g-sann-liàn-tńg,兩三輾轉
lióng-kong,兩光
lióng-tsuân,兩全
lióng-huānn,兩岸
lióng-sìng,兩性
lióng-tshe,兩棲
nn̄g-pōo-tshit-á,兩步七仔
nn̄g-pîng,兩爿
nn̄g-pah-peh,兩百八
nn̄g-pah-pueh,兩百八
nňg-pah-pueh,兩百八
nn̄g-pah-peh-tsa̍p,兩百八十
nn̄g-pah-pueh-tsa̍p,兩百八十
lióng-lân,兩難
pat,八
peh,八
pueh,八
pat-sian,八仙
pat-sian-toh,八仙桌
pat-sian-tshái,八仙綵
pat-kuà,八卦
pat-kuà-san,八卦山
pat-kuà-suann,八卦山
peh-tóo,八堵
peh-tè-tshù,八塊厝
peh-jī,八字
pueh-lī,八字
pat-jī-kha,八字跤
pat-lī-kha,八字跤
pat-ka-tsiòng,八家將
pat-tik-khu,八德區
pat-tsiáng-khe,八掌溪
pat-tsióng-khe,八掌溪
peh-táu-á,八斗子
peh-gue̍h-puànn,八月半
pueh-ge̍h-puànn,八月半
pat-tin,八珍
pat-kiok,八腳
pat-tsi-lân,八芝蘭
peh-kak,八角
pueh-kak,八角
pat-thong-kuan-tuā-suann,八通關大山
pat-lí-khu,八里區
pat-lí-hun,八里坌
kang,公
kong,公
kong-tsú,公主
kong-sū,公事
kong-pòo,公佈
kong-sìn-li̍k,公信力
kong-tsè,公債
kong-guân,公元
kong-khik,公克
kong-kiōng,公共
kong-hun,公分
kong-pun,公分
kong-bū,公務
kong-bū-guân,公務員
kong-bū-uân,公務員
kong-lî,公厘
kong-si,公司
kong-kò,公告
kong-tùn,公噸
kong-hn̂g,公園
kong-poo,公埔
kong-pò,公報
kong-bōng,公墓
kong-tāi,公大
kong-pô,公婆
kong-má,公媽
kong-tsú,公子
kong-sun,公孫
kong-ha̍k-hāu,公學校
kong-ha̍k-hǎu,公學校
kong-an,公安
kong-ka,公家
kong-ke,公家
kong-gū,公寓
kong-ú,公寓
kong-tshioh,公尺
kong-pênn,公平
kong-pînn,公平
kong-thiann,公廳
kong-sik,公式
kong-tik-sim,公德心
kong-sóo,公所
kong-tâu,公投
kong-bûn,公文
kong-kin,公斤
kong-kun,公斤
kong-tso̍k,公族
kong-tso̍k-á,公族仔
kong-huē,公會
kong-iú,公有
kong-khuân,公權
kong-kuân,公權
kong-tsiànn,公正
kong-tsìng,公正
kang-bó,公母
kang-bú,公母
kong-bîn,公民
kong-ián,公演
kong-jiân,公然
kong-liân,公然
kong-îng,公營
kong-tsiok,公爵
kong-iōng,公用
kang--ê,公的
kong-ik,公益
kong-tsiòng,公眾
kong-su,公私
kong-li̍p,公立
kong-iok,公約
kong-sú,公署
kong-iông,公羊
kong-tsit,公職
kong-tshin,公親
kong-jīn,公認
kong-līn,公認
kong-tsìng,公證
kong-huì,公費
kong-buē-kio̍k,公賣局
kong-bē-kio̍k,公賣局
kong-lōo,公路
kong-tshia,公車
kong-tsuán,公轉
kong-tō,公道
kong-tō-lâng,公道人
kong-lí,公里
kong-khai,公開
kong-khui,公開
kong-kuan,公關
kong-khíng,公頃
kong-kuán,公館
kong-kuán-hiong,公館鄉
la̍k,六
lio̍k,六
lio̍k-ha̍p,六合
la̍k-tè-tshù,六塊厝
la̍k-ka,六家
la̍k-ka-suànn,六家線
la̍k-tiunn-lê,六張犁
lio̍k-su,六書
la̍k-ge̍h-tang,六月冬
la̍k-gue̍h-tang,六月冬
la̍k-ge̍h-thinn,六月天
la̍k-gue̍h-thinn,六月天
la̍k-kin-tsng,六根莊
lio̍k-huat-tsuân-su,六法全書
la̍k-kah-khu,六甲區
lio̍k-thiok,六畜
la̍k-kha-hiong,六腳鄉
la̍k-kha-tiān-tsng,六跤佃莊
la̍k-khin,六輕
la̍k-ku-khu,六龜區
la̍k-ku-lí-siā,六龜里社
hê,兮
kiōng,共
kā,共
kāng,共
kiōng-tông,共同
kiōng-hô,共和
kiōng-tsûn,共存
kiōng-iú,共有
kiōng-huān,共犯
kiōng-sán,共產
kiōng-sik,共識
kiōng-thong,共通
kiōng-bîng,共鳴
tshiàu,关
ping,兵
ping-á,兵仔
ping-li̍k,兵力
ping-i̍k,兵役
ping-iânn,兵營
kî,其
kî-tiong,其中
kî-thann,其他
kî-si̍t,其實
kî-tshù,其次
khū,具
kū,具
kū-pī,具備
kū-thé,具體
tián,典
tián-hîng,典型
tián-lé,典禮
tián-huān,典範
tián-tsông,典藏
tián-ngá,典雅
kiam,兼
kiam-jīm,兼任
kiam-līm,兼任
kiam-tsit,兼職
kiam-kòo,兼顧
kì,兾
kì,冀
king,冂
kíng,冂
phànn,冇
phànn-sim,冇心
phànn-tshiú,冇手
phànn-siàu,冇數
phànn-thuànn,冇炭
phànn-tsio̍h,冇石
phànn-tsio̍h-á,冇石仔
phànn-tsio̍rh-á,冇石仔
phànn-lóo-kóo,冇硓𥑮
phànn-kóng-á-tsháu,冇管仔草
phànn-tshik,冇粟
phànn-tsîm,冇蟳
phànn-tâm,冇談
jiám,冉
tsheh,冊
tshik,冊
tsheh-pau,冊包
tsheh-kio̍k,冊局
tsheh-tiàm,冊店
tsheh-pâng,冊房
tsheh-phāinn-á,冊揹仔
tsheh-kè-á,冊架仔
tsheh-toh-á,冊桌仔
tsheh-tû,冊櫥
tsheh-thiap-á,冊疊仔
híng,冋
tshik,册
tsài,再
tsài-sann,再三
tsài-tōo,再度
tsài-huē,再會
tsài-pán,再版
tsài-sing,再生
tsài-kiàn,再見
tsài-tsō,再造
king,冏
kíng,冏
mōo,冐
tiū,冑
mōo,冒
mōo-huān,冒犯
mōo-hiám,冒險
koo,冓
kòo,冓
kóo,冓
hu,冔
hú,冔
bián,冕
bi̍k,冖
gióng,冗
jióng,冗
lióng,冗
liōng,冗
līng,冗
lǐng,冗
liōng-siōng,冗剩
liōng-tsá,冗早
iû,冘
îm,冘
bî,冞
kuan,冠
kuàn,冠
kuan-kun,冠軍
kuàn-kun,冠軍
thióng,冢
uan,冤
uan-siû,冤仇
uan-siû-lâng,冤仇人
uan-ke,冤家
uan-ke-niû-tsè,冤家量債
uan-khut,冤屈
uan-óng,冤枉
uan-hûn,冤魂
bîng,冥
bîng-hun,冥婚
bîng-sióng,冥想
khòo,冦
pù,冨
hù,冨
bi̍k,冪
ping,冫
tong,冬
tang,冬
tang-á,冬仔
tang-thinn,冬天
tang-bué,冬尾
tang-bé,冬尾
tang-suann,冬山
tang-suann-hiong,冬山鄉
tang-kue,冬瓜
tang-kue-suann,冬瓜山
tang-kue-tê,冬瓜茶
tang-sún,冬筍
tang-tseh,冬節
tang-tsereh,冬節
tang-tsueh,冬節
tang-tseh-înn,冬節圓
tang-tsueh-înn,冬節圓
tang-hún,冬粉
tang-tshài,冬菜
kong,冮
ping,冰
ping-suann,冰山
ping-tsím,冰枕
ping-ki,冰枝
ping-tû,冰櫥
ping-tsuí,冰水
ping-hô,冰河
ping-liâng,冰涼
ping-kî-lîm,冰淇淋
ping--ê,冰的
ping-tshuah,冰礤
ping-siunn,冰箱
pin-thn̂g,冰糖
ping-thn̂g,冰糖
ping-ká,冰絞
ping-kak,冰角
ping-pha̍uh,冰雹
ping-phàu,冰雹
ping-phāu,冰雹
hōo,冱
tshiong,冲
kuat,决
hòng,况
hóng,况
iá,冶
líng,冷
líng-tòng,冷凍
líng-ki-ki,冷吱吱
líng-sàu,冷嗽
líng-tué,冷底
líng-té,冷底
líng-tsiàn,冷戰
líng-khì,冷氣
líng-tsuí,冷水
líng-tām,冷淡
líng-tshing,冷清
líng-bo̍k,冷漠
líng-puânn,冷盤
líng--tio̍h,冷著
líng-sin,冷身
líng-mn̂g,冷門
líng-tsīng,冷靜
líng-hong,冷風
bín,冺
sián,冼
lia̍t,冽
bián,凂
muí,凂
thôo,凃
tshe,凄
kòo,凅
tsún,准
tsīng,凈
liông,凉
tshìn,凊
tshìng,凊
tshìn-sàu,凊嗽
tshìn-tshái,凊彩
tshìn-sim,凊心
tshìn-kuānn,凊汗
tshìn-bê,凊糜
tshìn-muâi,凊糜
tshìn-muê,凊糜
tshìn-bīn,凊面
tshìn-thâu-tshìn-bīn,凊頭凊面
tshìn-pn̄g,凊飯
tshìn-puīnn,凊飯
tshìn-pňg,凊飯
tiau,凋
lîng,凌
lîng-lik,凌勒
lîng-li̍k,凌勒
lîng-tī,凌治
lîng-tî,凌遲
tòng,凍
tàng,凍
tàng-tshuì-khí,凍喙齒
tòng-kiat,凍結
tàng-tsi̍h,凍舌
tàng-sng,凍霜
tàng-lōo-tsuí,凍露水
kiám,减
kî,凒
lik,凓
tsuê,凗
khím,凚
kìm,凚
lím,凜
gîng,凝
gîng-sim,凝心
gîng-hueh,凝血
gîng-huih,凝血
kí,几
huân,凡
huān,凡
hān,凡
huân-sū,凡事
huān-sè,凡勢
huān-nā,凡若
huān-kan,凡間
hān-kan,凡間
huàn,凢
huân,凢
ku,凥
tshù,処
tshú,処
hong,凮
hóng,凮
hông,凰
khái,凱
khái-suân,凱旋
khái-suân tiong-huâ,凱旋中華
khái-suân jī-sìng,凱旋二聖
khái-suân kong-hn̂g,凱旋公園
khái-suân bú-tshiong,凱旋武昌
khái-suân suī-tiân,凱旋瑞田
tìng,凳
khám,凵
hiong,凶
hiong-nî,凶年
hiong-tôo,凶徒
hiong-ok,凶惡
hiong-suah,凶煞
tu̍t,凸
au,凹
nah,凹
neh,凹
lap-á-té,凹子底
āu-lâng,凹浪
nah--lo̍h-khì,凹落去
nah-phīnn,凹鼻
tshut,出
tshut-ting,出丁
tshut-sì,出世
tshut-sū,出事
tshut-lâng-tsiân,出人前
tshut-lâng-tsîng,出人前
tshut-tāi-tsì,出代誌
tshut-jīm,出任
tshut-līm,出任
tshut-lâi,出來
tshut-lâi-khì,出來去
tshut-kè,出價
tshut-ji̍p,出入
tshut-li̍p,出入
tshut-khan,出刊
tshut-la̍t,出力
tshut-tōng,出動
tshut-khîn,出勤
tshut-khûn,出勤
tshut-khì,出去
tshut-kháu,出口
tshut-miâ,出名
tshut-phín,出品
tshut-tshuì,出喙
tshut-kok,出國
tshut-thuân,出團
tshut-thóo,出土
tshut-tsāi,出在
tshut-tiûnn,出場
tshut-kíng,出境
tshut-guā,出外
tshut-guā-lâng,出外人
tshut-guā-kheh,出外客
tshut-tuā-ji̍t,出大日
tshut-kè,出嫁
tshut-ke,出家
tshut-suann,出山
tshut-sûn,出巡
tshut-tshai,出差
tshut-tshe,出差
tshut-phâng,出帆
tshut-sai,出師
tshut-si̍k,出席
tshut-tîng,出庭
tshut-tshiúnn,出廠
tshut-tiunn,出張
tshut-tshiú,出手
tshut-kik,出擊
tshut-tioh,出擢
tshut-ji̍t,出日
tshut-ji̍t-thâu,出日頭
tshut-gia̍p,出業
tshut-khuì,出氣
tshut-tsuí,出水
tshut-tsuí-tsu,出水珠
tshut-hái,出海
tshut-káng,出港
tshut-lôo,出爐
tshut-pán,出版
tshut-ga̍k,出獄
tshut-tsu,出珠
tshut-hiān,出現
tshut-senn,出生
tshut-sinn,出生
tshut-sán,出產
tshut-muâ-á,出痲仔
tshut-phia̍h,出癖
tshut-phia̍h-á,出癖仔
tshut-phiā-á,出癖仔
tshut-huat,出發
tshut-phōo--á,出皰仔
tshut-tsiòng,出眾
tshut-tsìng,出眾
tshut-phuà,出破
tshut-sîn,出神
tshut-tsoo,出租
tshut-tshuê,出箠
tshut-tshê,出箠
tshut-siann,出聲
tshut-thuat,出脫
tshut-kioh,出腳
tshut-lâng,出膿
tshut-sik,出色
tshut-gê,出芽
tshut-m̂-á,出茅仔
tshut-tsòng,出葬
tshut-hueh,出血
tshut-huih,出血
tshut-huè,出貨
tshut-hè,出貨
tshut-buē,出賣
tshut-bē,出賣
tshut-lōo,出路
tshut-sin,出身
tshut-ūn,出運
tshut-tsiú,出酒
tshut-mn̂g,出門
tshut-īnn,出院
tshut-bīn,出面
tshut-thâu,出頭
tshut-thâu-thinn,出頭天
tshut-hong-kháu,出風口
tshut-hong-thâu,出風頭
tshut-má,出馬
hâm,函
hâm-sòo,函數
hâm,凾
to,刀
too,刀
tor,刀
to-á,刀仔
to-kū,刀具
to-tshuì,刀喙
to-pènn,刀柄
to-pìnn,刀柄
to-tsio̍h,刀石
to-tiam,刀砧
to-bah,刀肉
to-khing,刀銎
to-mê,刀鋩
to-mî,刀鋩
tiau,刁
thiau,刁
tiau-kóo-tóng,刁古董
thiau-kang,刁工
tiau-kang,刁工
thiau-ì-kòo,刁意故
tiau-ì-kòo,刁意故
thiau-tî,刁持
tiau-tî,刁持
thiau-kòo-ì,刁故意
tiau-kòo-ì,刁故意
thiau-lân,刁難
tiau-lân,刁難
jīm,刃
jīm,刄
tshong,刅
hun,分
hūn,分
pun,分
hun-hiáng,分享
hun-hióng,分享
pun-phenn,分伻
hun-pòo,分佈
hun-hun--á,分分仔
hun-hun-á,分分仔
hun-pia̍t,分別
hun-kuah,分割
hun-huà,分化
hun-khu,分區
hun-tsú,分子
pun-ke-hué,分家伙
pun-ke-hé,分家伙
hun-tshùn,分寸
hun-kio̍k,分局
hun-ki,分居
hun-ku,分居
hun-kang,分工
hun-tiàm,分店
pun-tiunn,分張
hun-sim,分心
hun-tshiú,分手
hun-tam,分擔
hun-thuann,分攤
hun-tsi,分支
hun-suànn,分散
hun-sòo,分數
hun-bîng,分明
hun-sik,分析
hun-hāu,分校
hun-ki,分機
hun-kî,分歧
hun-pì,分泌
hun-phài,分派
hun-huat,分發
pun--ê,分的
pun-âng,分紅
hun-kip,分級
hun-tsoo,分組
hun-hâng,分行
hun-lia̍t,分裂
hun-kái,分解
hun-puè,分貝
hun-sin,分身
hun-piān,分辨
hun-phuè,分配
hun-phè,分配
pun-tsînn,分錢
hun-tsing,分鐘
hun-khui,分開
pun-khui,分開
pun-khui-tsia̍h,分開食
hun-tuī,分隊
hun-lî,分離
hun-lī,分離
hun-luī,分類
pun-tsia̍h,分食
tshiat,切
tshè,切
khi̍t-teh,切手
tshiat-tshiú,切手
tshiat-uānn,切換
tshiat-tn̄g,切斷
tshiat-phìnn,切片
tshiat-khui,切開
tshiat-tû,切除
gē,刈
ngāi,刈
khan,刊
khan-bu̍t,刊物
khan-ting,刊登
khan-tsài,刊載
khan,刋
tshún,刌
bún,刎
táinn,刐
tán,刐
hîng,刑
hîng-sū,刑事
hîng-kî,刑期
hîng-huat,刑法
hîng-hua̍t,刑罰
hîng-kìng,刑警
hîng-kíng,刑警
huâ,划
kò,划
kò-tsûn,划船
guân,刓
kuat,刔
gua̍t,刖
li̍h,列
lia̍t,列
lia̍t-tshut,列出
lia̍t-ìn,列印
lia̍t-si̍k,列席
lia̍t-kí,列舉
lia̍t-kú,列舉
lia̍t-tshia,列車
lâu,刘
hut,刜
phut,刜
tshe,初
tshue,初
tshere,初
tshoo,初
tshe-it,初一
tshoo-it,初一
tshue-it,初一
tshoo-tshoo,初初
tshoo-ha̍k-tsiá,初學者
tshoo-luân,初戀
tshoo-kî,初期
tshoo-pōo,初步
tshoo-pán,初版
tshoo-kó,初稿
tshoo-tíng,初等
tshoo-kip,初級
tshoo-kìnn-bīn,初見面
tshoo-tsín,初診
tshoo-tshì,初試
tshoo-suán,初選
bín,刡
lîng,刢
līng,刢
tsiong,刣
thâi,刣
thâi--sí,刣死
thâi-ke-kà-kâu,刣雞教猴
thâi-kue-kà-kâu,刣雞教猴
thâi-thâu,刣頭
phuàn,判
phuànn,判
phuànn-hîng,判刑
phuànn-kuann,判官
phuànn-tīng,判定
phuànn-tuàn,判斷
phuànn-kuat,判決
phuànn-tsuē,判罪
piat,別
pa̍t,別
pia̍t,別
pia̍t-sè,別世
pa̍t-ê,別个
pa̍t-lâng,別人
pa̍t-uī,別位
pa̍t-kang,別工
pa̍t-tah,別搭
pa̍t-ji̍t,別日
pa̍t-li̍t,別日
pa̍t-ji̍t-á,別日仔
pa̍t-li̍t-á,別日仔
pa̍t-khuán,別款
pia̍t-tsong,別莊
pa̍t-hāng,別項
kiap,刦
kiap,刧
pâu,刨
lāi,利
lī,利
lī-piān,利便
lāi-kiàm-kiàm,利劍劍
lī-hāi,利害
lī-jiō,利尿
lī-liō,利尿
lī-tshī,利市
lī-sik,利息
lī-sit,利息
lī-jūn,利潤
lī-lūn,利潤
lī-lu̍t,利率
lī-iōng,利用
lī-ik,利益
lī-sûn,利純
lī-thâu,利頭
san,刪
san-tî,刪除
san-tû,刪除
piat,别
kuat,刮
kueh,刮
kuih,刮
khe,刮
kuih-kuih--leh,刮刮咧
tàu,到
tò,到
tòo,到
kàu,到
kàu-tann,到今
kàu-uī,到位
kàu-hun,到分
kàu-tè,到地
kàu-bué,到尾
kàu-bé,到尾
tàu-tué,到底
tàu-té,到底
tò-tshiú-phang,到手芳
kàu-sî,到時
kàu-kî,到期
kàu-tsām,到站
tshong,刱
tshòng,刱
ke,刲
kuì,刲
khua,刳
koo,刳
tò,刴
jī,刵
tsè,制
tsì,制
tsè-tīng,制定
tsè-tōo,制度
tsè-sik,制式
tsè-hiàn,制憲
tsè-ho̍k,制服
tsè-suah,制煞
tsè-tshâi,制裁
suat,刷
kuàn,券
kuìnn,券
kǹg,券
kuàn-siong,券商
tshiah,刺
tshì,刺
tshik,刺
tshì-kui,刺䲅
tshì-á,刺仔
tshì-giâ-giâ,刺夯夯
tshiah-jī,刺字
tshiah-lī,刺字
tshì-thàm,刺探
tshiah-tsa-bóo,刺查某
tshì-sat,刺殺
tshì-mî-á-thâng,刺毛仔蟲
tshì-mî-káu-thâng,刺毛狗蟲
tshì-môo-thâng,刺毛蟲
tshì-pho,刺波
tshì-khik,刺激
tshì-kik,刺激
tshì-kue,刺瓜
tshì-kue-á,刺瓜仔
tshiah-ia̍h,刺疫
tshì-tik,刺竹
tshì-tik-sún,刺竹筍
tshiah-siù,刺繡
tshì-lô-á-thâng,刺羅仔蟲
tshiah-pê-pê,刺耙耙
tshiah-phòng-se,刺膨紗
tshiah-hue,刺花
tshì-kak-á-thâng,刺角仔蟲
tshiah-sng,刺酸
tshì-tsha̍k,刺鑿
khik,刻
khik-ìn-á,刻印仔
khik-pán,刻板
khik-po̍k,刻薄
tok,剁
tò,剁
thih,剃
thè,剃
thì,剃
thì-thâu,剃頭
thì-thâu-to,剃頭刀
thì-thâu-tiàm,剃頭店
kíng,剄
tsik,則
tshò,剉
tshòr,剉
tshò-tshâ,剉柴
siah,削
siat,削
siah-siah-kiò,削削叫
khik,剋
la̍t,剌
tsiân,前
tsâinn,前
tsîng,前
tsûn,前
tsîng-sì,前世
tsîng-sì-lâng,前世人
tsîng-lâng-kiánn,前人囝
tsîng--á,前仔
tsîng-jīm,前任
tsîng-līm,前任
tsiân-lē,前例
tsîng-lē,前例
tsîng-puànn-sì-lâng,前半世人
tsiân-in-hiō-kó,前因後果
tsun--nî,前年
tsûn--nî,前年
tsū-nî,前年
tsűn--nî,前年
tsiân-óng,前往
tsîng-āu,前後
tsîng-khok,前擴
tsîng-ji̍t,前日
tsîng-li̍t,前日
tsiân-kíng,前景
tsîng-bóo,前某
tsîng-kau-bué,前溝尾
tsiân-kho,前科
tsiân-thîng,前程
tsiân-tîng,前程
tsiân-suànn,前線
tsîng-ang,前翁
tsiân-uē,前衛
tsiân-uī,前衛
tsiân-giân,前言
tsîng-siā,前謝
tsiân-sin,前身
tsiân-puè,前輩
tsiân-tôo,前途
tsiân-kim,前金
tsiân-kim-khu,前金區
tsiân-hong,前鋒
tsiân-tìn tsi tshenn,前鎮之星
tsiân-tìn-khu,前鎮區
tsiân-tìn ko-tiong,前鎮高中
tsîng-ia̍h,前驛
tsîng-khí,前齒
tshat,剎
tshòng,剏
tshok,剒
lê,剓
lì,剓
lē,剓
thak,剔
thik,剔
thak-thik,剔斥
huì,剕
phió,剖
phóo,剖
tshán,剗
tsù,剚
kong,剛
uan,剜
uán,剜
pak,剝
pok,剝
pak-siah,剝削
pak-phuê,剝皮
pak-phê,剝皮
kí,剞
kî,剞
tsuat,剟
tuat,剟
king,剠
iám,剡
siám,剡
iam,剦
hi̍k,剨
siōng,剩
sīn,剩
sīng,剩
tsián,剪
tsián-á-ku,剪仔龜
tsián-pòo,剪布
tsián-kiáu,剪筊
tsián-jiông-á-hue,剪絨仔花
tsián-liông-á-hue,剪絨仔花
tsián-tshái,剪綵
tsián-liú,剪綹
tsián-liú--á,剪綹仔
tsián-liú-á,剪綹仔
tsián-tsua̍h,剪蚻
tsián-thâng,剪蟲
tsián-tshâi,剪裁
tsián-tsi̍p,剪輯
to̍k,剫
tōo,剫
tuan,剬
ok,剭
kuánn,剮
hù,副
hù-tsok-iōng,副作用
hù-khan,副刊
hù-tshiú,副手
hù-pún,副本
hù-gia̍p,副業
hù-lí,副理
hù-tsóng,副總
kat,割
kuah,割
kuah-kè,割價
kuah-pau,割包
kuah-âu,割喉
kuah-tiàm,割店
kat-ín,割引
kuah-ín,割引
kuah-kau-tshài-kue,割溝菜瓜
kuah-tiū-á,割稻仔
kuah-tiū-á-bué,割稻仔尾
kuah-tiū-á-bé,割稻仔尾
kuah-pē,割耙
kuah-bah,割肉
kuah-huè,割貨
kuah-hè,割貨
kuah-kim,割金
kuah-hiunn,割香
gâi,剴
kai,剴
khái,剴
kài,剴
tshong,創
tshòng,創
tshòng-hā,創下
tshòng-tsok,創作
tshòng-khan,創刊
tshòng-sí,創始
tshòng-ì,創意
tshòng-sin,創新
tshòng-kíng,創景
tshòng-gia̍p,創業
tshòng-tī,創治
tshòng-khang,創空
tshòng-li̍p,創立
tshòng-kí,創舉
tshòng-kú,創舉
tshòng-pān,創辦
tshòng-tsō,創造
sán,剷
thuánn,剷
tshán,剷
thuánn tsháu,剷草
tsuan,剸
tsuán,剸
lì,剺
le̍h,剺
lì-phuà,剺破
le̍h tōo,剺肚
le̍h-hue,剺花
hôo,剻
phíng,剻
phiau,剽
phiàu,剽
phiáu,剽
khau,剾
khio,剾
khoo,剾
khau--á,剾仔
khau-á,剾仔
khau-to,剾刀
khau-to-hue,剾刀花
khau-to-lian,剾刀蔫
khau-siah,剾削
khau-khau--leh,剾剾咧
khau-sué,剾洗
khau-sé,剾洗
khau-sua,剾痧
khau phuê,剾皮
khau phê,剾皮
khau-hong,剾風
tsâu,剿
kuat,劀
tsiàu,劁
tsiâu,劁
khuat,劂
hi̍k,劃
i̍k,劃
ue̍h,劃
ui̍h,劃
ue̍h-puah,劃撥
kio̍k,劇
ki̍k,劇
kia̍k,劇
kio̍k-thuân,劇團
ki̍k-thuân,劇團
kio̍k-tiûnn,劇場
kio̍k-tsîng,劇情
ki̍k-tsîng,劇情
kio̍k-pún,劇本
ki̍k-lia̍t,劇烈
kio̍k-īnn,劇院
ki̍k-īnn,劇院
phik,劈
lâu,劉
liû,劉
lâu-tionn,劉張
lâu-tiunn,劉張
lâu-huān,劉范
lâu-khóo,劉許
lâu-n̂g,劉黃
lâu-uînn,劉黃
kuè,劊
tsîng,劊
kuè,劌
uè,劌
kuì,劌
kiàm,劍
kiàm-á-tshài,劍仔菜
kiàm-lâm-lōo,劍南路
kiàm-thâm,劍潭
kiàm-tik,劍竹
kiàm-sún,劍筍
hok,劐
tse,劑
tsè,劑
tsè-liōng,劑量
kiàm,劒
gē,劓
gī,劓
pi̍t,劓
pī,劓
tsit,劕
siám,劖
tshâm,劖
bî,劘
môo,劘
la̍t,力
li̍k,力
lí,力
li̍k-ha̍k,力學
la̍t-tsháu,力草
li̍k-liōng,力量
la̍t-thâu,力頭
khuàn,劝
kang,功
kong,功
kong-lī,功利
kong-li̍k,功力
kong-lô,功勞
kang-hu,功夫
kong-tik,功德
kong-hāu,功效
kong-lu̍t,功率
kong-iōng,功用
kong-lîng,功能
kong-sîn,功臣
kong-khò,功課
ka,加
ke,加
ka-siōng,加上
ka-puē,加倍
ka-ji̍p,加入
ka-li̍p,加入
ka-hun,加分
ka-nn̂g,加圇
ke-kang,加工
ka-kiông,加強
ka-tann,加擔
ka-iû,加油
ka-iû-tsām,加油站
ka-huat,加法
ka-thiam,加添
ke-thinn,加添
ke-kiám,加減
ka-pan,加班
ka-bîng,加盟
ka-lo̍k,加祿
ka-bāng-hî,加網魚
ka-bāng-hû,加網魚
ka-tsì-á,加薦仔
ka-tsù-á,加薦仔
ka-bāng,加蚌
ke-uē,加話
ke-kóng-uē,加講話
ka-hōo,加護
ka-tsáu-uan,加走灣
ka-tshia,加車
ka-lak-á,加轆仔
ka-sok,加速
ka-iam-kuânn,加陰寒
ka-tsui,加鵻
luat,劣
lua̍t,劣
hia̍p,劦
tsōo,助
tsōo-li̍k,助力
tsōo-tshiú,助手
tsōo-kong,助攻
tsōo-kàu,助教
tsōo-lí,助理
tsōo-sán-sū,助產士
tsōo-ik,助益
tsōo-suán,助選
tsōo-tīn,助陣
lóo,努
lóo-li̍k,努力
kiap,劫
kiap-sòo,劫數
kiap-ki,劫機
khu,劬
kû,劬
siāu,劭
lô,劳
hāu,効
khong,劻
khiat,劼
kiat,劼
hik,劾
hāi,劾
khik,劾
khik,勀
kìng,勁
kīng,勁
pu̍t,勃
bín,勄
thik,勅
lông,勆
ióng,勇
ióng-kiānn,勇健
ióng-sū,勇士
ióng-tsòng,勇壯
ióng-tsiòng,勇將
ióng-kám,勇敢
ióng-khì,勇氣
ióng-bíng,勇猛
ióng-tsiá,勇者
ióng-kha,勇跤
bián,勉
bián-lē,勉勵
bián-kióng,勉強
king,勍
khiang,勍
khiang-á,勍仔
li̍k,勒
bián,勔
bín,勔
tāng,動
tōng,動
tōng-luān,動亂
tōng-jîn,動人
tōng-lîn,動人
tōng-tsok,動作
tōng-li̍k,動力
tōng-guân,動員
tōng-uân,動員
tāng-thóo,動土
tāng-kang,動工
tōng-thài,動態
tāng-tshiú,動手
tōng-iâu,動搖
tōng-ki,動機
tōng-bu̍t,動物
tōng-bu̍t-hn̂g,動物園
tōng-sán,動產
tōng-iōng,動用
tōng-uē,動畫
tāng-tī,動箸
tāng-tū,動箸
tōng-me̍h,動脈
tōng-sû,動詞
tōng-tshia,動車
tōng-lián-tshia,動輪車
tōng-tsīng,動靜
hiok,勖
hiok,勗
kham,勘
khàm,勘
kham-giām,勘驗
bū,務
bū-si̍t,務實
hun,勛
sing,勝
sìng,勝
sìng-lī,勝利
sìng-tuē,勝地
sìng-tē,勝地
sìng-suàn,勝算
sìng-sòo,勝訴
lô,勞
lôo,勞
lō,勞
lōo,勞
lóo,勞
lô-pó,勞保
lóo-la̍t,勞力
lô-li̍k,勞力
lô-tōng,勞動
lô-ki-huat,勞基法
lô-uí-huē,勞委會
lô-kang,勞工
lô-sim,勞心
lô-kái,勞改
lô-huân,勞煩
lô-lo̍k-miā,勞碌命
lô-khóo,勞苦
lô-tsu,勞資
lô-lí-sán,勞里散
bōo,募
bōo-kuan,募捐
bōo-khuán,募款
bōo-tsi̍p,募集
lio̍k,勠
sè,勢
sì,勢
sè-li̍k,勢力
sè-bīn,勢面
sè-thâu,勢頭
tsik,勣
khîn,勤
khûn,勤
khîrn,勤
khîn-khiām,勤儉
khîrn-khiām,勤儉
khûn-khiām,勤儉
khîn-bū,勤務
khûn-bū,勤務
kióng,勥
kiông,勥
khiàng,勥
khiàng-kha,勥跤
tshau,勦
tsâu,勦
īnn,勩
kiok,勪
hia̍p,勰
māi,勱
hun,勳
lū,勴
lē,勵
jiông,勷
khuàn,勸
khuìnn,勸
khǹg,勸
khǹg-hô,勸和
khuàn-siān,勸善
khuàn-kái,勸解
pau,勹
tsiok,勺
ûn,勻
ûn-á,勻仔
ûn-á-sī,勻仔是
ûn-ûn-á,勻勻仔
ûn-ûn-á-sī,勻勻仔是
ûn-ûn-á-hué,勻勻仔火
ûn-ûn-á-hé,勻勻仔火
ûn-liâu-á,勻聊仔
kiu,勼
kiu-kiu-neh-neh,勼勼凹凹
kiu--khì,勼去
kiu-tshiú,勼手
kiu-tsuí,勼水
kiu-kha,勼跤
kiu-kha-kiu-tshiú,勼跤勼手
kiu-thè,勼退
pāu,勽
kau,勾
kio,勾
koo,勾
kau-ín,勾引
kau-kiat,勾結
bu̍t,勿
pí,匂
kat,匃
kài,匃
kài,匄
pau,包
pâu,包
pau-á,包仔
pau-hâm,包含
pau-siong,包商
pau-uî,包圍
pau-iông,包容
pau-sim-tshài,包心菜
pau-kuat,包括
pau-kó,包果
pau-hâm,包涵
pau-phuê,包皮
pau-phê,包皮
pau-tsióng-tê,包種茶
pau-sit-thâu,包穡頭
pau-ún,包穩
pau-kuán,包管
pau-ho̍k,包袱
pau-ho̍k-á,包袱仔
pau-ho̍k-kin,包袱巾
pau-ho̍k-kun,包袱巾
pau-tsong,包裝
pau-kó,包裹
pau-pa̍k,包贌
pau-iânn,包贏
pau-pān,包辦
pau-niá,包領
pau-pn̄g,包飯
pau-tshī--ê,包飼的
pau-ānn,包餡
tshong,匆
hiong,匈
kiok,匊
iâu,匋
tô,匋
tō,匋
khap,匌
pôo,匍
ap,匎
pâu,匏
pû,匏
pû-á,匏仔
pû-hia,匏桸
po̍k,匐
tap,匒
huà,匕
pí,匕
huà,化
huè,化
hua,化
huà-tsong,化妝
huà-ha̍k,化學
huà-kang,化工
huà-tsio̍h,化石
huà-iân,化緣
huà-kái,化解
huà-sin,化身
huà-giām,化驗
pak,北
pok,北
pak-jī-ko,北二高
pak-lī-ko,北二高
pak-kiann,北京
pak-sì-khe,北勢溪
pak-khu,北區
pak-puànn-kiû,北半球
pak-ha̍p-huan-suann,北合歡山
pak-poo,北埔
pak-poo-hiong,北埔鄉
pak-tūn-khu,北屯區
pak-tūn tsóng-tsām,北屯總站
pak-tâu,北投
pak-tâu-khu,北投區
pak-tshah-thian-suann,北插天山
pak-tshah-thinn-suann,北插天山
pak-táu-tshenn,北斗星
pak-táu-tshinn,北斗星
pak-táu-tìn,北斗鎮
pak-sin-tik,北新竹
pak-hong,北方
pak-ki̍k,北極
pak-ki̍k-tiān,北極殿
pak-au,北歐
pak-káng-khe,北港溪
pak-káng-tìn,北港鎮
pak-ôo,北湖
pak-pîng,北爿
pak-kan-hiong,北竿鄉
pak-kuán,北管
pak-bí,北美
pak-bí-tsiu,北美洲
pak-bí-kuán,北美館
pak-pōo,北部
pak-mn̂g,北門
pak-mn̂g-khu,北門區
pak-mn̂g-sū,北門嶼
ló,匘
sî,匙
hong,匚
hé,匚
tsat,匝
khòng,匟
tshiāng,匠
tshiōng,匠
tshiōnn,匠
tshiūnn,匠
tshiǔnn,匠
khong,匡
ong,匡
a̍p,匣
kiap,匧
huí,匪
huí-tôo,匪徒
huí-luī,匪類
jú,匬
khuí,匭
kuí,匭
huē,匯
huē-ji̍p,匯入
huē-li̍p,匯入
huē-tshut,匯出
huē-tshī,匯市
huē-khuán,匯款
huē-lu̍t,匯率
huē-phiò,匯票
huē-tsi̍p,匯集
tan,匰
kuī,匱
uī,匱
liâm,匲
suàn,匴
phit,匹
khap,匼
khap-pue,匼桮
iàn,匽
ián,匽
pián,匾
li̍k,匿
oo,區
khi,區
khu,區
khu-kong-sóo,區公所
khu-hun,區分
khu-pia̍t,區別
khu-hi̍k,區域
khu-i̍k,區域
khu-tuānn,區段
khu-ūn,區運
khu-tiúnn,區長
khu-kan,區間
si̍p,十
tsa̍p,十
tsa̍p-it-tsik,十一叔
tsa̍p-it-ko,十一哥
tsa̍p-it-kor,十一哥
tsa̍p-jī-hun,十二分
tsa̍p-lī-hun,十二分
si̍p-jī-tsí-tn̂g,十二指腸
si̍p-lī-tsí-tn̂g,十二指腸
tsa̍p-jī-tsí-tn̂g,十二指腸
tsa̍p-lī-tsí-tn̂g,十二指腸
tsa̍p-jī senn-siùnn,十二生相
tsa̍p-lī sinn-siùnn,十二生相
si̍p-tsuân,十全
tsa̍p-tsn̂g,十全
si̍p-tsuân-si̍p-bí,十全十美
si̍p-pat-á,十八仔
tsa̍p-peh-ông-kong-biō,十八王公廟
tsa̍p-peh-piàn,十八變
tsa̍p-pueh-piàn,十八變
si̍p-pat-tâu-á,十八骰仔
si̍p-pat-tāu-á,十八骰仔
tsa̍p-hūn,十分
tsa̍p-sì-tiunn,十四張
si̍p-jī-kè,十字架
si̍p-lī-kè,十字架
si̍p-jī-lōo,十字路
si̍p-lī-lōo,十字路
tsa̍p-hue-gōo-sik,十花五色
tsa̍p-tsiok,十足
tshian,千
tshing,千
tshian-tshian-bān-bān,千千萬萬
tshian-kóo,千古
tshian-tú-tshian,千拄千
tshian-kin-tshìn,千斤秤
tshian-kun-tshìn,千斤秤
tshian-kah,千甲
tshian-bān,千萬
tshian-giân-bān-gí,千言萬語
tshian-giân-bān-gú,千言萬語
tshian-sin-bān-khóo,千辛萬苦
tshian-lí-gán,千里眼
tshian-lí-kiànn,千里鏡
tshian-kim,千金
tshian-kim-phóo,千金譜
sa̍p,卅
sing,升
tsin,升
sing-ha̍k,升學
sing-kî,升旗
sing-tíng,升等
sing-kip,升級
sing-tshian,升遷
gōo,午
ngóo,午
gōo-sî,午時
ngóo-sî,午時
gōo-sî-tsuí,午時水
huì,卉
huí,卉
huī,卉
puàn,半
puànn,半
puànn-the-tó,半䖙倒
puànn-thenn-tó,半䖙倒
puàn-ting,半丁
puànn-ting,半丁
puànn-tsiūnn-lōo-ē,半上路下
puànn-tsiūnn-lōo-tsām,半上路站
puànn-sì-lâng,半世人
puànn-tiong-ng,半中央
puànn-tiong-tsām,半中站
puànn-tiong-tôo,半中途
puàn-sian,半仙
puànn-hóng-á,半仿仔
puàn-sìn-puàn-gî,半信半疑
puànn-sìn-puànn-gî,半信半疑
puànn-kè,半價
puàn-thian-sún,半天筍
puànn-kan-tiong,半奸忠
puàn-tsú,半子
puànn-tō-thé,半導體
puànn-sió-sí,半小死
puànn-pîng-suann,半屏山
puàn-tó,半島
puàn-tóo,半島
puànn-kang,半工
puànn-nî,半年
puànn-kìng,半徑
puànn-e-the,半挨推
puànn-ue-the,半挨推
puàn-sòo,半數
puànn-sòo,半數
puànn-ji̍t,半日
puànn-li̍t,半日
puànn-tàu,半晝
puànn-poo,半晡
puànn-mê,半暝
puànn-mî,半暝
puànn ge̍h-li̍t,半月日
puànn gue̍h-ji̍t,半月日
puànn-tháng-sái,半桶屎
puànn-tháng-sai-á,半桶師仔
puànn-lâu-á,半樓仔
puànn-sio-líng,半燒冷
puànn-sior-líng,半燒冷
puànn-tshenn-si̍k,半生熟
puànn-tshinn-si̍k,半生熟
puàn-pēnn,半病
puàn-pīnn,半病
puàn-pēnn-á,半病仔
puàn-pīnn-á,半病仔
puànn-phiò,半票
puànn-khong-tiong,半空中
puànn-tsat,半節
puànn-tsiann-pe̍h,半精白
puànn-tsiann-puî,半精肥
puànn-suànn,半線
puànn-ló-lāu,半老老
puànn-puî-sán,半肥瘦
puànn-lōo,半路
puànn-lōo-sai,半路師
puànn-lōo-tiàm,半路店
puànn-lōo-tik,半路竹
puànn-sin,半身
puàn-sin-put-suī,半身不遂
puàn-sin-put-suî,半身不隨
puànn-tôo,半途
piàn-suī,半遂
puàn-suī,半遂
puàn-suǐ,半遂
puànn-suī,半遂
puànn-tshénn-puànn-khùn,半醒半睏
puànn-tshínn-puànn-khùn,半醒半睏
puànn-iam-iûnn,半陰陽
puànn-iam-iônn-á,半陰陽仔
puànn-iam-iûnn-á,半陰陽仔
puànn-iam-muî-á,半陰陽仔
puànn-lam-niû-á,半陰陽仔
siak,卌
siap,卌
bān,卐
pi,卑
pi-lâm,卑南
pi-lâm-tsú-suann,卑南主山
pi-lâm-khe,卑南溪
pi-lâm-hiong,卑南鄉
pi-tsiān,卑賤
pi-phí,卑鄙
tsut,卒
tsut-á,卒仔
toh,卓
tok,卓
toh-khe-hiong,卓溪鄉
toh-lân-tìn,卓蘭鎮
tá-lân-tìn,卓蘭鎮
hia̍p,協
ha̍h,協
hia̍p-li̍k,協力
hia̍p-tsōo,協助
hia̍p-tông,協同
hia̍p-siong,協商
hia̍p-tīng,協定
hia̍p-huē,協會
hia̍p-lí,協理
hia̍p-iok,協約
hia̍p-tiau,協調
hia̍p-tiāu,協調
hia̍p-gī,協議
hia̍p-pān,協辦
lâm,南
lâm-a,南亞
lâm-kiann sam-bîn,南京三民
lâm-kiann ho̍k-hing,南京復興
lâm-jîn-suann,南仁山
lâm-sì,南勢
lâm-sì-kak,南勢角
lâm-huà-khu,南化區
lâm-pak,南北
lâm-pak-jī-lōo,南北二路
lâm-pak-lī-lōo,南北二路
lâm-khu,南區
lâm-kiong,南宮
lâm-tūn,南屯
lâm-tūn-khu,南屯區
lâm-tsiu,南州
lâm-tsiu-hiong,南州鄉
lâm-pîng,南平
lâm-tsng-hiong,南庄鄉
lâm-tâu-tshī,南投市
lâm-tâu-kuān,南投縣
lâm-hong,南方
lâm-ki̍k,南極
lâm-tshiū-nâ,南樹林
lâm-sua,南沙
lâm-iûnn,南洋
lâm-lâu,南流
lâm-hái,南海
lâm-káng,南港
lâm-káng-khu,南港區
lâm-káng tián-lám-kuán,南港展覽館
lâm-ôo-tuā-suann,南湖大山
lâm-ò,南澳
lâm-ò-hiong,南澳鄉
lâm-pîng,南爿
lâm-iâu-kiong,南瑤宮
lâm-kho,南科
lâm-kan-hiong,南竿鄉
lâm-kuán,南管
lâm-tsng,南莊
lâm-lōo-ing,南路鷹
lâm-huê-thih-lōo,南迴鐵路
lâm-pōo,南部
lâm-tsīng,南靖
tsi̍p,卙
phok,博
phok-thóo,博土
phok-sū,博士
phok-sū-phok,博士博
phok-ài,博愛
phok-bu̍t,博物
phok-bu̍t-kuán,博物館
phok-lám-huē,博覽會
poh,卜
pok,卜
pok-kuà,卜卦
pok-tshiam-si,卜籤詩
poh-bīn,卜面
piān,卞
ke,卟
tsiam,占
tsiàm,占
tsiàm-tuē,占地
tsiàm-tē,占地
tsiàm-iú-lu̍t,占有率
tsiàm-iōng,占用
tsiàm-iânn,占贏
tsiàm-niá,占領
khah,卡
khá,卡
tsa̍h,卡
tsa̍p,卡
kha̍h,卡
khah-phìnn,卡片
khah-tshia,卡車
iú,卣
iû,卣
kuà,卦
gōo,卧
ngōo,卧
gō,卧
tsiat,卩
gióng,卬
gông,卬
tsi,卮
báu,卯
mauh,卯
mauh-tshuì,卯喙
báu--sí--ah,卯死矣
ìn,印
ìn-á,印仔
ìn-suat,印刷
ìn-tông,印堂
ìn-sik,印色
ìn-hue,印花
ìn-tsìng,印證
ìn-sióng,印象
ìn-siōng,印象
ìn-kàm,印鑑
guî,危
huî,危
luî,危
uî,危
guî-hāi,危害
guî-kip,危急
uî-kip,危急
guî-ki,危機
uî-ki,危機
guî-hiám,危險
huî-hiám,危險
uî-hiám,危險
siāu,卲
siō,卲
tsik,即
tsik-khik,即刻
tsik-sî,即時
khioh,却
khiok,却
luán,卵
nn̄g,卵
nuī,卵
nňg,卵
nn̄g-gîn,卵仁
nn̄g-jîn,卵仁
nn̄g-lîn,卵仁
nuī-jîn,卵仁
nňg-lîn,卵仁
nn̄g-pau,卵包
nn̄g-tsâu,卵巢
nn̄g-khak,卵殼
nn̄g-tshing,卵清
nuī-tshing,卵清
nňg-tshing,卵清
nn̄g-pe̍h-tsit,卵白質
nn̄g-tuann,卵蛋
kuàn,卷
kuán,卷
kuìnn,卷
kuínn,卷
kńg,卷
kǹg,卷
kuàn-tsong,卷宗
sià,卸
sià-sì-tsiūnn,卸世上
sià-sì-sià-tsìng,卸世卸眾
sià-sí-sià-tsìng,卸世卸眾
sià-sì-tsìng,卸世眾
sià-jīm,卸任
sià-līm,卸任
sià-tsóo-kong,卸祖公
sià-sue,卸衰
sià-huè,卸貨
sià-hè,卸貨
sià-huè-té,卸貨底
sià-hè-tué,卸貨底
sià-tsik-jīm,卸責任
sià-tsik-līm,卸責任
sià-bīn-tsú,卸面子
sià-bīn-phuê,卸面皮
sià-bīn-phê,卸面皮
sut,卹
khiok,卻
khiak,卻
khiok-sī,卻是
gut,卼
tsik,卽
khing,卿
gān,厂
hàn,厂
eh,厄
ik,厄
gān,厈
ngá,厊
tsí,厎
tí,厎
tsik,厏
tsà,厏
gâi,厓
tsit,厔
bâng,厖
pâng,厖
lî,厘
lî-tíng,厘戥
sià,厙
kāu,厚
hiō,厚
hōo,厚
kǎu,厚
kāu-sū-sái,厚事屎
kāu-sū-lōo,厚事路
kāu-kháu-sia̍t--ê,厚口舌的
kāu-bī,厚味
kāu tsí,厚子
kāu-jiō,厚尿
kāu-liō,厚尿
kāu-sái,厚屎
kāu-sái-jiō,厚屎尿
kāu-sái-liō,厚屎尿
kāu-kang,厚工
kāu-tōo,厚度
kāu-sìng-tuē,厚性地
kāu-sìng-tē,厚性地
kāu-tshau-huân,厚操煩
kāu-sua-sap,厚沙屑
kāu-lé-sòo,厚禮數
kāu-tsuá-phe,厚紙坯
kāu-tsuá-phue,厚紙坯
kāu-po̍h,厚薄
kāu-hun,厚薰
kāu-hīng,厚行
kāu-uē,厚話
kāu-uē-sái,厚話屎
kāu-khiàn-sńg,厚譴損
kāu tsiú,厚酒
kāu-tāng,厚重
kāu-bīn-phuê,厚面皮
kāu-bīn-phê,厚面皮
tsui,厜
tshok,厝
tshòo,厝
tshù,厝
tshù-tsú,厝主
tshù-lāi,厝內
tshù-lāi-lâng,厝內人
tshù-tuē,厝地
tshù-tē,厝地
tshù-tiûnn,厝場
tshù-khuè,厝契
tshù-khè,厝契
tshù-the̍h,厝宅
tshù-bué-tíng,厝尾頂
tshù-bé-tíng,厝尾頂
tshù-hiā,厝瓦
tshù-hiǎ,厝瓦
tshù-huā,厝瓦
tshù-huǎ,厝瓦
tshù-suè,厝稅
tshù-sè,厝稅
tshù-kuà,厝蓋
tshù--lí,厝裡
tshù--nih,厝裡
tshù-kak-thâu,厝角頭
tshù-kak-tsiáu,厝角鳥
tshù-kak-tsiáu-á,厝角鳥仔
tshù-kha,厝跤
tshù-pinn,厝邊
tshù-pinn-tau,厝邊兜
tshù-pinn keh-piah,厝邊隔壁
tshù-pinn-keh-piah,厝邊隔壁
tshù-pinn-thâu-bué,厝邊頭尾
tshù-pinn-thâu-bé,厝邊頭尾
tshù-tíng,厝頂
tshù-tíng-kuà,厝頂蓋
tshù-thâu-ke,厝頭家
tshù-tsiáu-á,厝鳥仔
huì,厞
guân,原
guân-uī,原位
guân-tsū-bîn,原住民
guân-tsok,原作
guân-lâi,原來
guân-kè,原價
guân-sian,原先
guân-tsuân,原全
guân-tsik,原則
guân-tshòng,原創
guân-tōng-li̍k,原動力
guân-kò,原告
guân-bī,原味
guân-in,原因
guân-tsāi,原在
guân-hîng,原型
guân-sí,原始
guân-tsú,原子
guân-tsú-pit,原子筆
guân-tué,原底
guân-té,原底
guân-tshiúnn,原廠
guân-hîng,原形
guân-sìng,原性
guân-ì,原意
guân-bûn,原文
guân-liāu,原料
guân-tsá,原早
guân-iú,原有
guân-bo̍k,原木
guân-pún,原本
guân-iû,原油
guân-pán,原版
guân-tsōng,原狀
guân-lí,原理
guân-tù,原著
guân-tsong,原裝
guân-tīng,原訂
guân-liōng,原諒
guân-thâu,原頭
guân-tiám,原點
tshè,厠
khuat,厥
hā,厦
kiù,厩
kì,厩
ngôo,厫
khuí,厬
kuí,厬
iam,厭
ià,厭
iàm,厭
iàn,厭
iàn-khì,厭氣
ià-siān,厭𤺪
lē,厲
lī,厲
lī-hāi,厲害
iám,厴
bóo,厶
su,厶
king,厷
jiú,厹
kiû,厹
khu,厺
khù,厺
khú,厺
khì,去
khìr,去
khù,去
khì-liáu-liáu,去了了
khì-tò,去倒
khì-siong-kái-ut,去傷解鬱
khìr--ooh,去囉
khì-tî,去除
khì-tû,去除
sam,叁
sam,參
serm,參
sim,參
som,參
song,參
tsham,參
sam-á,參仔
sim-á,參仔
som-á,參仔
sam-á-khuì,參仔氣
sim-á-khuì,參仔氣
som-á-khuì,參仔氣
tsham-ka,參加
tsham-tián,參展
tsham-tshi,參差
tsham-tsìng,參政
tsham-sòo,參數
tsham-tsiàu,參照
tsham-khó,參考
tsham-khó-tsheh,參考冊
tsham-ú,參與
tsham-ū,參與
sim-jiông,參茸
sim-liông,參茸
som-jiông,參茸
som-liông,參茸
tsham-kiàn,參見
tsham-kuan,參觀
tsham-hóng,參訪
tsham-siâng,參詳
tsham-siông,參詳
tsham-sài,參賽
tsham-suán,參選
tsham,叅
iū,又
iū-koh,又閣
tsha,叉
tshe,叉
tshe-á,叉仔
ki̍p,及
ki̍p-sî,及時
ki̍p-keh,及格
iú,友
iú-siān,友善
iú-tsîng,友情
iú--ê,友的
iú-pang,友邦
sang,双
siang,双
song,双
huán,反
puínn,反
páinn,反
pán,反
píng,反
píng-lâi-píng-khì,反來反去
huán-king,反供
huán-tò-tńg,反倒轉
huán-hiau,反僥
huán-tsè,反制
píng-ka-tsì,反加薦
huán-kháu-king,反口供
huán-mn̄g,反問
huán-tshuì,反喙
huán-thinn,反天
huán-siā,反射
huán-tuì,反對
huán-siông,反常
huán-tuânn,反彈
huán-hîng,反形
huán-hué,反悔
huán-kám,反感
huán-ìng,反應
huán-khòng,反抗
huán-kong,反攻
huán-ìng,反映
píng-toh,反桌
huán-tsìng,反正
píng-sí-káu-á,反死狗仔
píng-pîng,反爿
huán-tsìng,反症
píng-pe̍h-jîn,反白仁
píng-pe̍h-lîn,反白仁
píng-pe̍h-kâinn,反白睚
huán-bo̍k,反目
huán-síng,反省
huán-tsíng,反種
píng-tōo,反肚
píng-tōo-sua,反肚痧
huán-puē,反背
píng-pak,反腹
píng-tsûn,反船
píng-pìnn,反變
huán-khí-huán-tó,反起反倒
píng-tshia,反車
píng-lián-káu-á,反輦狗仔
píng-liàn-káu-á,反輾狗仔
píng-liàn-tńg,反輾轉
píng-lìn-tńg,反輾轉
huán-tsuán,反轉
huán-pok,反駁
jio̍k,叒
tsik,叔
siok,叔
tsik-peh,叔伯
tsik-peh-hiann-tī,叔伯兄弟
tsik-peh-hiann-tǐ,叔伯兄弟
tsik-peh-tsí-bē,叔伯姊妹
tsik-peh-tsí-muāi,叔伯姊妹
tsik-peh-tsí-muē,叔伯姊妹
tsik-peh--ê,叔伯的
tsik-kong,叔公
tsik-sun,叔孫
tsik-sun-á,叔孫仔
tuat,叕
tshí,取
tshú,取
tshú-tiong-pān,取中範
tshú-tāi,取代
tshú-tik,取得
tshú-tit,取得
tshú-kíng,取景
tshú-siau,取消
tshú-tè,取締
siū,受
siū-tsè,受債
siū-siong,受傷
siū-hîng-jîn,受刑人
siū-hîng-lîn,受刑人
siū-khùn,受困
siū-hāi,受害
siū-hāi-tsiá,受害者
siū-kà,受教
siū-kàu,受教
siū-khì,受氣
siūnn-khì,受氣
siǔnn-khì,受氣
siū-lí,受理
siū-tng-buē-khí,受當袂起
siū-tng-bē-khí,受當袂起
siū-tong-buē-khí,受當袂起
siū-tong-bē-khí,受當袂起
siū-ik,受益
siū-tsuē,受罪
siū-khóo,受苦
siū-buē-khí,受袂起
siū-bē-khí,受袂起
siū-hùn,受訓
siū-thok-jîn,受託人
siū-thok-lîn,受託人
siū-hān,受限
siū-lān,受難
siū-phiàn,受騙
hâ,叚
ká,叚
puān,叛
puān-luān,叛亂
sió,叟
sóo,叟
juē,叡
luē,叡
tsâng,叢
tsông,叢
khió,口
kháu,口
khóo,口
káu,口
kháu-king,口供
kháu-bī,口味
kháu-tsō,口座
kháu-tsâi,口才
kháu-ho̍k,口服
kháu-khì,口氣
kháu-ôo-hiong,口湖鄉
kháu-tsàu,口灶
kháu-khîm,口琴
kháu-pe̍h,口白
kháu-hō,口號
kháu-tshì,口試
kháu-gí,口語
kháu-gú,口語
kháu-i̍k,口譯
kháu-bīn,口面
kháu-im,口音
kháu-thâu,口頭
kóo,古
kóo-tîng,古亭
kóo-kim,古今
kóo-tāi,古代
kóo-tián,古典
kóo-tsheh,古冊
kóo-tshù,古厝
kóo-khenn-hiong,古坑鄉
kóo-pó,古堡
kóo-kuài,古怪
kóo-ì,古意
kóo-ì-lâng,古意人
kóo-tsá,古早
kóo-tsá-bī,古早味
kóo-tsu,古書
kóo-pán,古板
kóo-bu̍t,古物
kóo-bu̍t-siong,古物商
kóo-ló,古老
kóo-nóo,古老
kóo-tóng,古董
kóo-tsik,古蹟
kóo-too,古都
kóo-tsui,古錐
kù,句
kù-tāu,句讀
kù-tiám,句點
līng,另
līng-guā,另外
līng-kang,另工
līng-ji̍t,另日
līng-li̍t,另日
ler,叨
lir,叨
lo,叨
lor,叨
lu,叨
tho,叨
lo tsînn,叨錢
tho tsînn,叨錢
khiò,叩
khàu,叩
khòo,叩
khiò-siā,叩謝
khàu-siā,叩謝
khàu-thâu,叩頭
khiò-siú,叩首
tsí,只
tsí-hó,只好
tsí-sī,只是
tsí-ū,只有
tsí-iàu,只要
kiàu,叫
kiò,叫
kiò-tsuè,叫做
kiò-tsò,叫做
kiò-kheh,叫客
kiò-sī,叫是
kiò-m̄-kánn,叫毋敢
kiò-khóo,叫苦
kiò-tshài,叫菜
kiò-mn̂g,叫門
kiò tiān-uē,叫電話
tiàu,召
tiàu-huàn,召喚
tiàu-kiànn,召鏡
tiàu-khui,召開
tiàu-tsi̍p,召集
phuat,叭
pah,叭
ting,叮
tìng,叮
ting-lîng,叮嚀
khuá,可
khó,可
khónn,可
khór,可
khoo,可
khóo,可
khó-í,可以
khó-tshú,可取
khoo-khóo-ah,可可仔
khó-phà,可怕
khónn-phànn,可怕
khó-hūn,可恨
khó-sioh,可惜
khó-ònn,可惡
khónn-ònn,可惡
khó-náu,可惱
khónn-náu,可惱
khó-ài,可愛
khó-liân,可憐
khó-liân-tāi,可憐代
khó-pí,可比
khó-gî,可疑
khó-lîng,可能
khónn-lîng,可能
khó-kiàn,可見
khó-kuì,可貴
khó-khò,可靠
thai,台
tâi,台
tâi-kin,台斤
tâi-kun,台斤
tâi-sû,台詞
tâi-tiúnn,台長
thik,叱
sái,史
sú,史
sú-ha̍k,史學
sú-liāu,史料
iū,右
kiû,叴
phó,叵
ia̍p,叶
hia̍p,叶
hô,号
si,司
su,司
sai,司
su-līng,司令
su-gî,司儀
sai-kong,司公
sai-kong-á,司公仔
sai-kong-á-siūnn-pue,司公仔象桮
sai-kong-á-sīn-pue,司公仔象桮
sai-kong-tuânn,司公壇
sai-kong-giang,司公鈃
sai-nai,司奶
sai-sun,司孫
sai-sun-á,司孫仔
su-tôo,司徒
su-ki,司機
su-huat,司法
su-tiúnn,司長
su-má,司馬
li̍k,叻
thiáu,叼
hong,叿
hông,叿
be,吀
bí,吀
me,吀
mi,吀
gut,吃
khik,吃
khit,吃
koh,各
kok,各
kok-lâng,各人
kok-uī,各位
kok-kok,各國
kok-tuē,各地
kok-tē,各地
koh-sim,各心
koh-iūnn,各樣
kok-kài,各界
kok-tsióng,各種
kok-hâng-kok-gia̍p,各行各業
kok-pih,各馝
iau,吆
ha̍p,合
ha̍h,合
kap,合
kah,合
ha̍p-á-thàn,合仔趁
ha̍p-tsok,合作
ha̍p-pìng,合併
ha̍p-uá,合倚
ha̍p-li̍k,合力
ha̍h-kháu-bī,合口味
ha̍h-bī,合味
ha̍p-tshiùnn,合唱
ha̍p-tshuì,合喙
ha̍p-tsàu,合奏
ha̍p-ka,合家
ha̍p-ke,合家
ha̍p-sîng,合成
ha̍p tsióng,合掌
ha̍p-keh,合格
ha̍p-huat,合法
ha̍p-lí,合理
ha̍h-īng,合用
ha̍p-sǹg,合算
ha̍p-iok,合約
ha̍p-kóo,合股
ha̍p-hing,合興
ha̍p-kè,合計
ha̍p-kai,合該
ha̍p-kai-jiân,合該然
ha̍p-kai-liân,合該然
ha̍p-tsu,合資
ha̍h-su,合軀
ha̍p-tsi̍p,合輯
ha̍p-pān,合辦
kiat,吉
jì,吉
kiat-tiāu,吉兆
kiat-hiong,吉凶
kiat-an,吉安
kiat-an-hiong,吉安鄉
kiat-ji̍t,吉日
kiat-li̍t,吉日
jì-puh,吉普
kiat-siông,吉祥
kiat-iá,吉野
tiàu,吊
tiàu-kah-á,吊䘥仔
tiàu-siong,吊傷
tiàu tuā-tâng,吊大筒
tiàu-tuà,吊帶
tiàu-kuân-kè,吊懸價
tiàu-oo,吊槔
tiàu-kiô,吊橋
tiàu--sí,吊死
tiàu-kâu,吊猴
tiàu-hông,吊癀
tiàu-nâ,吊籃
tiàu-nâ-á-hue,吊籃仔花
tiàu-tāu,吊脰
tiàu-tǎu,吊脰
tiàu-ko,吊膏
tiàu-tshia,吊車
tiàu-tshia-bué,吊車尾
tiàu-tshia-bé,吊車尾
tiàu-ām,吊頷
tiàu-kuí-á,吊鬼仔
tiàu-tiánn,吊鼎
tshùn,吋
tâng,同
tông,同
tông-sū,同事
tông-jîn,同仁
tông-lîn,同仁
tâng-phuānn,同伴
tông-phuānn,同伴
tông-liâu,同僚
tâng-sāi,同姒
tâng-sāi--á,同姒仔
tâng-sāi-á,同姒仔
tâng-sǎi-á,同姒仔
tông-ha̍k,同學
tông-o̍h,同學
tông-ki,同居
tông-ku,同居
tâng-nî,同年
tông-sim,同心
tông-tsì,同志
tông-sìng,同性
tông-tsîng,同情
tông-ì,同意
tông-ì-su,同意書
tông-kám,同感
tông-sî,同時
tông-gia̍p,同業
tông-lo̍k,同樂
tông-kui-sóo,同歸所
tông-tī-tsháu,同治草
tông-bîng,同盟
tông-tshong,同窗
tông-tshong-huē,同窗會
tông-pau,同胞
tông-hâng,同行
tâng-mn̂g,同門
tâng-mn̂g--ê,同門的
tâng-tsê,同齊
miâ,名
bîng,名
miâ-tsheh,名冊
bîng-lī,名利
bîng-sìng,名勝
miâ-tuann,名單
miâ-jī,名字
miâ-lī,名字
bîng-bōng,名望
miâ-bōng,名望
miâ-tiâu,名條
miâ-tshù,名次
bîng-phìnn,名片
miâ-pâi,名牌
bîng-sán,名產
miâ-tshing,名稱
miâ-phōo,名簿
bîng-gī,名義
miâ-siann,名聲
miâ-hō,名號
bîng-sû,名詞
miâ-sû,名詞
bîng-ū,名譽
miâ-ū,名譽
bîng-i,名醫
miâ-i,名醫
bîng-kan-hiong,名間鄉
miâ-gia̍h,名額
hiō,后
hōo,后
hiōr,后
āu,后
āu-lí,后里
āu-lí-khu,后里區
lī,吏
thòo,吐
thóo,吐
thóo-thóo,吐吐
thóo-eh,吐呃
thóo-erh,吐呃
thóo-èr,吐呃
thóo-tuā-khuì,吐大氣
thòo-liân-siân,吐憐涎
thóo-khuì,吐氣
thóo-ba̍k,吐目
thòo-suī,吐穗
thóo-bah-tsìnn,吐肉箭
thóo-tn̂g-thâu,吐腸頭
thóo-tsi̍h,吐舌
thòo-hueh,吐血
thòo-huih,吐血
hiàng,向
hiòng,向
ànn,向
ǹg,向
hiànn,向
hiòng-tsiân,向前
hiànn-hiànn,向向
hiòng-siān,向善
hiòng-thian-ôo-suann,向天湖山
hiàng-sî,向時
ǹg-bāng,向望
hiànn-lâu,向流
ànn-io,向腰
hiàng-tsūn-á,向陣仔
ànn-thâu,向頭
tshia,吒
tshà,吒
kun,君
kun-tsú,君子
kun-ông,君王
līn,吝
thun,吞
thun-lún,吞忍
thun-siau,吞霄
gîm,吟
gîm-tshiùnn,吟唱
gîm-si,吟詩
huī,吠
puī,吠
puǐ,吠
tshìm,吢
tshìm,吣
phóo,吥
hónn,否
phí,否
hónn-tīng,否定
hóo-tīng,否定
hónn-kuat,否決
hóo-kuat,否決
hónn-jīn,否認
hónn-līn,否認
hóo-jīn,否認
hóo-līn,否認
pa,吧
pa-tâi,吧台
pa-lí-kok,吧哩嘓
tûn,吨
huan,吩
hun,吩
huan-hù,吩咐
gô,吪
ngôo,吪
o-á,吪仔
or-á,吪仔
êr--á,吪仔
ô-á,吪仔
o-á-pà,吪仔霸
êr-a,吪啊
hâm,含
kâm,含
kânn,含
kâm-á-thn̂g,含仔糖
hâm-uan,含冤
hâm-ì,含意
hâm-sau,含梢
hâm-tshiàu,含笑
hâm-hôo,含糊
kâm-hueh-phùn-thinn,含血噴天
kâm-huih-phùn-thinn,含血噴天
kâm-hueh-bū-thinn,含血霧天
kâm-huih-bū-thinn,含血霧天
hâm-liōng,含量
gín,听
thìng,听
hông,吭
khòng,吭
khóng,吭
khngh,吭
khōng,吭
khōng-kha-khiàu,吭跤翹
tshńg,吮
tsn̄g,吮
tsuīnn,吮
tsňg,吮
ún,吮
tshńg-uē-phāng,吮話縫
hông,吰
khì,吱
tsi,吱
ki,吱
ki-siân,吱蟬
gôo,吳
ngôo,吳
gôo-iû,吳游
ngôo-iû,吳游
gôo-kueh-hî,吳郭魚
gôo-kueh-hû,吳郭魚
ngôo-kueh-hî,吳郭魚
ngôo-kueh-hû,吳郭魚
gôo-tēnn,吳鄭
gôo-tīnn,吳鄭
ngôo-tēnn,吳鄭
ngôo-tīnn,吳鄭
gôo,吴
ngôo,吴
tshá,吵
tsháu,吵
tshá-ke-lā-the̍h,吵家抐宅
tshá-ke-lā-kè,吵家抐計
tshá-lā,吵抐
tshá-nāu,吵鬧
lu̍t,吶
nā,吶
nā-tshuì-tsi̍h,吶喙舌
nā-tshuì-tsī,吶喙舌
nǎ-tsi̍h,吶舌
kuat,吷
khip,吸
khip-ín,吸引
khip-siu,吸收
khip-tsio̍h,吸石
khi̍p-tsio̍h,吸石
khip-tsio̍h-á,吸石仔
khi̍p-tsio̍rh-á,吸石仔
hiap-thih,吸鐵
khip-thih,吸鐵
tshe,吹
tsher,吹
tshue,吹
tshui,吹
tshe-káu-lê,吹狗螺
tsher-káu-lêr,吹狗螺
tshue-káu-lê,吹狗螺
tsher-lêr,吹螺
tshe-hong,吹風
tshue-hong,吹風
tshe-hong-ki,吹風機
tshue-hong-ki,吹風機
bún,吻
hió,吼
háu,吼
hóo,吼
ha̍unnh-tshi̍h-tshi̍h,吼叱叱
im,吽
tsiong,吽
gôo,吾
ngôo,吾
gâ,呀
kun,呁
lī,呂
lū,呂
lī tōng-pin,呂洞賓
lū tōng-pin,呂洞賓
eh,呃
ik,呃
eh-tshiah-sng,呃刺酸
phái,呆
pháinn,呆
tai,呆
tiânn,呈
thîng,呈
tîng,呈
thîng-pò,呈報
thîng-hiān,呈現
kò,告
kòo,告
kò-pia̍t,告別
kò-pia̍t-sik,告別式
kò-bi̍t,告密
kò-huat,告發
kò-pe̍h,告白
kò-ti,告知
kò-sī,告示
kò-sòo,告訴
kò-sî,告辭
kiàu,呌
thah,呔
thài,呔
thah ē,呔會
thài ē,呔會
thài-thó,呔討
thái-thó,呔討
ko,呙
koo,呙
phún,呠
bún,呡
lî,呢
nî,呢
neh,呢
nih,呢
ne,呢
iu,呦
tí,呧
ti,呧
tsiu,周
tsiu-tsuân,周全
tsiu-khan,周刊
tsiu-tò,周到
tsiu-uî,周圍
tsiu-bi̍t,周密
tsiu-tsì,周至
tsiu-siông,周詳
tsiu-tsuán,周轉
tsiu-pinn,周邊
tsiu-n̂g,周黃
tsiu-uînn,周黃
tsiù,呪
thiam,呫
thiap,呫
hì,呬
lîng,呬
tsí,呰
tsú,呰
koo,呱
kop,呱
kua̍t,呱
oo,呱
ua,呱
kuā,呱
ua̋k-ua̋k,呱呱
kua̍k-kua̍k-kiò,呱呱叫
tshū,呲
bī,味
bī-sòo,味素
bī-sòo-hún,味素粉
bī-kak,味覺
hoo,呴
hu,呴
hú,呴
ku,呴
ho,呵
hoo,呵
o,呵
or,呵
o-ló,呵咾
or-lór,呵咾
ha-tê,呵茶
lau,呶
lâu,呶
lôo,呶
nâu,呶
a̍p,呷
hap,呷
phi,呸
phuì,呸
phuì-nuā,呸瀾
phuì-thâm,呸痰
phuì-hueh,呸血
phuì-huih,呸血
phuì-bīn,呸面
hiau,呺
hô,呺
hō,呺
hau-la̍k,呺六
sin,呻
tshan,呻
hoo,呼
khoo,呼
honn,呼
hoo-kiò,呼叫
khoo-eh-á,呼呃仔
khoo-irh-á,呼呃仔
khoo-uh-á,呼噎仔
khoo-si-á,呼噓仔
khoo-sir-á,呼噓仔
khoo-su-á,呼噓仔
khoo-su̍t-á,呼噓仔
khoo-sīr-á,呼噓仔
khoo-si-sū,呼噓噓
khoo-si-si-á,呼噓噓仔
khoo-sir-sir-á,呼噓噓仔
khoo-sái-eh,呼屎呃
khoo-sái-è,呼屎呃
khoo-sái-èr,呼屎呃
hoo-ìng,呼應
hoo-io̍k,呼籲
hoo-siann,呼聲
kher-lua,呼蛋
khoo-lua,呼蛋
khoo-nua,呼蛋
khoo-tuann,呼蛋
khoo-pi-á,呼觱仔
hoo-tshiánn,呼請
hoo-im,呼音
bīng,命
miā,命
bīng-līng,命令
miā-tué-hó,命底好
miā-té-hó,命底好
miā-àn,命案
miā-lí,命理
miā-si-á,命絲仔
miā-ūn,命運
bīng-tuê,命題
bīng-tê,命題
tàn,呾
tànn,呾
kha,呿
khiap,呿
khu,呿
khuh,呿
khuh-khuh-sàu,呿呿嗽
tsóo,咀
hâm,咁
khiám,咁
kām-kuainn-á,咁胿仔
tsat,咂
tsa̍p,咂
tsa̍p-tsa̍p-kiò,咂咂叫
tho,咃
tu̍t,咄
pâu,咆
pit,咇
phi̍h,咇
phi̍h-phi̍h-tshuah,咇咇掣
phi̍h-pho̍k-thiàu,咇噗跳
hut,咈
iong,咉
hô,咊
tsik,咋
tsà,咋
huê,和
hê,和
hâm,和
hô,和
hôo,和
hō,和
hōo,和
hām,和
hô-jîn,和仁
hô-hó,和好
huê-siōnn,和尚
huê-siūnn,和尚
hê-siūnn,和尚
hêr-siūnn,和尚
hêr-siǔnn,和尚
huê-siūnn-á,和尚仔
huê-siūnn-tsiu,和尚洲
hê-siūnn-tsiu,和尚洲
hô-pîng,和平
hô-pîng-khu,和平區
hô-pîng-khe,和平溪
hô-khì,和氣
hô-bo̍k,和睦
hô-bí-tìn,和美鎮
hô-kái,和解
hô-hâi,和諧
hô-sūn,和順
hô-tsuê,和齊
hô-tsê,和齊
hai,咍
kiū,咎
īng,咏
hù,咐
tah,咑
tsiù,咒
tsiù-sí-tse̍h-tsuā,咒死絕誓
tsiù-mā,咒罵
tsiù-mē,咒罵
tsiù-tsuā,咒誓
tsiù-tsuǎ,咒誓
tsiù-tshàm,咒讖
kū-kú-kong,咕咕公
ka,咖
ka-lí,咖哩
ka-lí-liân-lô,咖哩嗹囉
ka-pi,咖啡
ka-pi-sik,咖啡色
ip,咠
tship,咠
jî,咡
jī,咡
go̍k,咢
tshà,咤
tòo,咤
hì,咥
leh,咧
lia̍t,咧
teh,咧
teh-beh,咧欲
teh-bueh,咧欲
tih-beh,咧欲
tih-bueh,咧欲
leh-thàn--ê,咧趁的
tsu,咨
bí,咩
meh,咩
bî,咪
be,咪
bi,咪
bí,咪
me,咪
mi,咪
bî-bî,咪咪
bi̋-bi,咪咪
tsí,咫
kā,咬
kǎ,咬
ngáu,咬
kā-tshuì,咬喙
kā-tshuì-khí-kin,咬喙齒根
kā-tshuì-khí-kun,咬喙齒根
kā-tsi̍h,咬舌
khiat,咭
kiat,咭
tiù,咮
tsu,咮
ko̍k,咯
lo̍k,咯
kha̍k,咯
ko̍k-ko̍k-ke,咯咯雞
kha̍k-thâm,咯痰
kha̍k-hueh,咯血
kha̍k-huih,咯血
tsa,咱
lán,咱
lán-lâng,咱人
tshiàu,咲
hâi,咳
khik,咳
khài,咳
ka,咳
kha,咳
ka-sàu,咳嗽
tô,咷
hâm,咸
hâm-hong-tsháu,咸豐草
at,咹
àn,咹
huan,咺
suan,咺
hiu,咻
hiu-hiu-kiò,咻咻叫
ko,咼
koo,咼
khua,咼
ian,咽
iat,咽
ló,咾
ló-kó-tsiō,咾𥑮石
ai,哀
ai-siong,哀傷
ai-uàn,哀怨
ai-kiû,哀求
ai-pē-kiò-bó,哀爸叫母
ai-pē-kiò-bú,哀爸叫母
phín,品
phín-phīng,品並
phín-pó,品寶
phín-phóng,品捧
phín-bîng,品明
phín-pâi,品牌
phín-tsióng,品種
phín-tsíng,品種
phín-kuán,品管
phín-hīng,品行
phín-tsit,品質
sím,哂
sín,哂
hóng,哄
hōng,哄
hong,哅
to,哆
tshiá,哆
tshí,哆
to-lô-buán,哆囉滿
ua,哇
gap,哈
ha,哈
hah,哈
ha̍h,哈
hah-hì,哈唏
hah-hǐ,哈唏
hah-tshiùnn,哈啾
há-má-sing,哈瑪星
ha-lê,哈螺
há-má-sing,哈馬星
tsai,哉
tsài,哉
iok,哊
io̍k,哊
tiā,哋
hióng,响
ai,哎
aih,哎
ai-iō-uê,哎喲喂
gûn,哏
gīn,哏
nî,哖
guân,員
uân,員
înn,員
ūn,員
guân-guē,員外
uân-guē,員外
înn-suann-hiong,員山鄉
guân-kang,員工
uân-kang,員工
uân-lîm,員林
uân-lîm-tshī,員林市
guân-kíng,員警
uân-kíng,員警
lōng,哢
bâng,哤
ko,哥
koo,哥
koh,哥
ko--koh,哥哥
ko-ko,哥哥
gô,哦
ngôo,哦
ónn-káu,哦口
hik,哧
siàu,哨
sàu,哨
sàu-kak,哨角
lí,哩
lī,哩
lih,哩
li,哩
mai,哩
li̋-li,哩哩
li-li-lo-lo,哩哩囉囉
lô,哪
ná,哪
ná ē,哪會
nà buē,哪未
nà bē,哪未
ná buē,哪未
ná bē,哪未
ná m̄,哪毋
ná-tio̍h,哪著
ná-thang,哪通
tshiok,哫
tsiok,哫
khok,哭
khàu,哭
khàu-tshan,哭呻
khàu-iau,哭枵
khàu-pē,哭爸
khàu-pē-khàu-bó,哭爸哭母
khàu-pē-khàu-bú,哭爸哭母
khàu-tiāu-á,哭調仔
khàu-luā,哭賴
khàu-lōo-thâu,哭路頭
khàu-tshut,哭齣
hau,哮
hàu-tshuán,哮喘
hiān,哯
phū,哱
pu̍t,哱
phū-tsuí,哱水
tiat,哲
thiat,哲
thiat-ha̍k,哲學
tiat-ha̍k,哲學
thiat-lí,哲理
tiat-lí,哲理
tia̍t,哳
lông,哴
pat,哵
be,哶
bí,哶
me,哶
mi,哶
pu,哹
pōo,哺
pǒo,哺
hān,哻
hmh,哼
hngh,哼
hainn,哼
hainn-hainn-kiò,哼哼叫
kénn,哽
kê,哽
kíng,哽
kínn,哽
kénn-kui,哽胿
kínn-kui,哽胿
kénn--tio̍h,哽著
kénn--tio̍rh,哽著
kénn-tio̍h,哽著
kê--tio̍h,哽著
kínn--tio̍h,哽著
khó,哿
gān,唁
kok,唂
puè,唄
pài,唄
hâm,唅
hām,唅
hannh,唅
so,唆
soo,唆
sō,唆
sûn,唇
tûn,唇
ap,唈
ip,唈
ai,唉
haih,唉
iân,唌
siân,唌
siânn,唌
siânn--lâng,唌人
uán,唍
uân,唍
hi,唏
hí,唏
hì,唏
hì-heh-kiò,唏嚇叫
tn̂g,唐
tông,唐
tn̂g-suann,唐山
tông-si,唐詩
ngôo,唔
onn,唔
onn-onn-khùn,唔唔睏
phi,唗
tshim,唚
tsim,唚
tsim-tshuì,唚喙
tsik,唧
hóng,唪
pāng,唪
gîm,唫
kìm,唫
hau,唬
hô,唬
hā,唬
hóo,唬
hóo--lâng,唬人
hóo-tshìn-thâu,唬秤頭
ki-lí-gān,唭哩岸
kì-lí-gān,唭哩岸
siû,售
siū,售
siū-kè,售價
uî,唯
î,唯
uî-it,唯一
suat,唰
tshiàng,唱
tshiòng,唱
tshiùnn,唱
tshiò,唱
tshiònn,唱
tshiòr,唱
tshiàng-kè,唱價
tshiùnn-tshut,唱出
tshiùnn-kua,唱歌
tshiùnn-huat,唱法
tshiàng-tù,唱注
tshiòr-phìnn,唱片
tshiùnn-phìnn,唱片
tshiùnn-puânn,唱盤
tshiàng-phiò,唱票
tshiàng-siann,唱聲
jî,唲
ua,唲
lē,唳
khiòng,唴
am,唵
tsià,唶
io̍k,唷
ioh,唷
liām,唸
liām-kua,唸歌
liām-iâu,唸謠
lâi,唻
tsat,唼
tshiap,唼
thò,唾
thòo,唾
hut,唿
gâi,啀
tiau,啁
to,啁
tsiu,啁
khíng,啃
sip,啃
teh,啄
terh,啄
tok,啄
teh-tsiù,啄蛀
terh-tsiù,啄蛀
tok-tsiù,啄蛀
tok-phīnn-á,啄鼻仔
tok-phīnn-á-hue,啄鼻仔花
tok-ku,啄龜
tok,啅
siang,商
siong,商
siong-bū,商務
siong-phín,商品
siong-khuan,商圈
siong-tiûnn,商場
siong-ka,商家
siong-tián,商展
siong-tiàm,商店
siong-gia̍p,商業
siong-phiau,商標
siong-piau,商標
siong-ki,商機
siong-iōng,商用
siong-tsûn,商船
siong-hâng,商行
siong-liông,商量
siong-tuī,商隊
hìng,啈
lim,啉
lâm,啉
lim tsuí,啉水
lim thng,啉湯
lim tê,啉茶
lim tsiú,啉酒
lim-tsiú-tsuì,啉酒醉
ò,啊
ah,啊
tshai,啋
khong,啌
kong,啌
hing,啍
kok,啍
tun,啍
ngōo,啎
mn̄g,問
muī,問
būn,問
mňg,問
būn-kuàn,問卷
mn̄g-kǹg,問卷
mn̄g-ang-î,問尪姨
būn-tsìng,問政
būn-tap,問答
mn̄g-uē,問話
mn̄g-lōo,問路
būn-tuê,問題
būn-tê,問題
suì,啐
tshuì,啐
tsut,啐
tsuè,啐
tshiap,啑
tsiap,啑
khé,啓
khé,啔
tô,啕
tám,啖
tām,啖
tam,啖
tām-sám,啖糝
tām-sám-á,啖糝仔
tám,啗
tām,啗
tshuat,啜
tuat,啜
á,啞
é,啞
à,啞
é-káu,啞口
énn-káu,啞口
khé,啟
khé-sū,啟事
khé-bîng,啟明
khé-huat,啟發
khé-sī,啟示
hui,啡
pi,啡
hâm,啣
pî-tsiú,啤酒
sannh,啥
siannh,啥
siánn,啥
sánn,啥
siánn-lâng,啥人
siánn-khuán,啥款
siánn-siâu,啥潲
siánn-mih,啥物
siánn-mi̍h,啥物
siánn-mí,啥物
siánn-mih-lâng,啥物人
siánn-mí-lâng,啥物人
siánn-huè,啥貨
siánn-hè,啥貨
sánn-huè,啥貨
sánn-hè,啥貨
sánn-hèr,啥貨
la,啦
lah,啦
tshì,啻
thê,啼
thî,啼
thî-khàu,啼哭
thî-thî-khàu-khàu,啼啼哭哭
gâm,啽
tshiu,啾
tsiu,啾
tshiùnn,啾
khik,喀
khe̍nnh,喀
khe̍nnh-khe̍nnh-sàu,喀喀嗽
khe̍nnh thâm,喀痰
gû,喁
gū,喁
ueh,喂
ui,喂
uì,喂
eh,喂
uê,喂
lâm,喃
nauh,喃
siān,善
siān-jîn,善人
siān-lîn,善人
siān-huà,善化
siān-huà-khu,善化區
siān-pò,善報
siān-tō-sī,善導寺
siān-sim,善心
siān-ok,善惡
siān-ì,善意
siān-lâm-sìn-lí,善男信女
siān-lâm-sìn-lú,善男信女
siān-liông,善良
io̍k,喅
khiat,喆
tiat,喆
tsiat,喆
lâ,喇
lat,喇
lá,喇
lá-pah,喇叭
kai,喈
kainn,喈
hiô,喉
hôo,喉
âu,喉
âu-tīnn,喉滇
âu-ta-tshuì-khuah,喉焦喙渴
âu-ta-tsi̍h-khuah,喉焦舌渴
âu-khang,喉空
âu-tsing,喉鐘
âu-ūn,喉韻
hám,喊
hán,喊
hiàm,喊
sah,喋
tia̍p,喋
thi̍h,喋
thi̍h-siông,喋詳
tsiok,喌
tsiu,喌
tsû,喌
tsű,喌
tsiuh,喌
tsû-tsû,喌喌
tsű-tsu,喌喌
tshâ,喍
ua,喎
jiá,喏
im,喑
ìnn,喑
ìnn-ònn,喑噁
iau,喓
iaunn,喓
ooh,喔
ok,喔
op-op,喔喔
tshuán,喘
tshuán-tuā-khuì,喘大氣
tshuán-khuì,喘氣
huī,喙
tshuì,喙
tshuì-phué,喙䫌
tshuì-phuí,喙䫌
tshuì-phé,喙䫌
tshuì-phué-bah,喙䫌肉
tshuì-ē-táu,喙下斗
tshuì-tshìn,喙凊
tshuì-kháu,喙口
tshuì-bué,喙尾
tshuì-bé,喙尾
tshuì-pínn,喙扁
tshuì-táu,喙斗
tshuì-pe,喙桮
tshuì-pue,喙桮
tshuì-tsuânn,喙殘
tshuì-suí,喙水
tshuì-nuā,喙瀾
tshuì-nuā-tsuí,喙瀾水
tshuì-ta,喙焦
tshuì-ta-âu-khuah,喙焦喉渴
tshuì-jiáu,喙爪
tshuì-pe̍h,喙白
tshuì-khang,喙空
tshuì-tshiò-ba̍k-tshiò,喙笑目笑
tshuì-khoo,喙箍
tshuì-am,喙罨
tshuì-tûn,喙脣
tshuì-tûn-phuê,喙脣皮
tshuì-tûn-phê,喙脣皮
tshuì-tshàu,喙臭
tshuì-tsi̍h,喙舌
tshuì-tsī,喙舌
tshuì-hue,喙花
tshuì-kak,喙角
tshuì-tshiu,喙鬚
tshuì-khí,喙齒
tshuì-khí-kin,喙齒根
tshuì-khí-kun,喙齒根
tshuì-khí-phāng,喙齒縫
huàn,喚
hí,喜
hí-sū,喜事
hí-kio̍k,喜劇
hí-iàn,喜宴
hí-thiap,喜帖
hí-khì,喜氣
hí-tsiú,喜酒
hí-tshik,喜鵲
hat,喝
huah,喝
há,喝
huah-kè,喝價
huah-hiu,喝咻
huah-kûn,喝拳
huah-kiù-lâng,喝救人
huah-lin-long,喝玲瑯
huah-siann,喝聲
huah-khí-huah-tó,喝起喝倒
huah-hî-á,喝魚仔
huah-hû-á,喝魚仔
huí,喟
uí,喟
tshap,喢
sannh,喢
hú,喣
hông,喤
to̍k,喥
tòo,喥
giâm,喦
gâm,喦
suan,喧
liōng,喨
liang,喨
liang-á,喨仔
jī,喩
jū,喩
lū,喩
sng,喪
song,喪
sòng,喪
song-sū,喪事
sòng-sit,喪失
song-ka,喪家
song-ke,喪家
sòng-sing,喪生
giat,喫
gia̍t,喫
khik,喫
khè,喫
kiâu,喬
gān,喭
siān,單
tan,單
tuann,單
tan-it,單一
tuann-á,單仔
tan-uī,單位
tan-guân,單元
tan-jī,單字
tan-lī,單字
tan-tánn,單打
tuann-kì,單據
tuann-kù,單據
tuann-khik,單曲
tan-to̍k,單獨
tan-sûn,單純
tan-hîng-tō,單行道
tan-tiāu,單調
tuann-kha-tshiú,單跤手
tuann-sin,單身
tuann-tsuā,單逝
tuann-thâu,單頭
phùn,喯
iok,喲
iō,喲
tsa,喳
tshā,喳
miau,喵
ngiau,喵
niau,喵
jī,喻
jū,喻
lū,喻
sò,喿
hak,嗀
hok,嗃
sà,嗄
sah,嗄
hiù,嗅
tshiong,嗆
siah,嗇
sik,嗇
iong,嗈
sòo,嗉
hòng,嗊
hóng,嗊
ak,嗌
ik,嗌
sok,嗍
sòo,嗍
má,嗎
mā,嗎
tsha,嗏
hāi,嗐
a̍p,嗑
khap,嗑
tap,嗒
thap,嗒
sóng,嗓
thiân,嗔
tsin,嗔
jio̍k,嗕
nauh,嗕
ngauh,嗕
phngh,嗙
pòng,嗙
oo,嗚
onn,嗚
oo-hoo,嗚呼
hâm,嗛
khiám,嗛
sī,嗜
kik,嗝
keh,嗝
tsia,嗟
ong,嗡
ua̍t,嗢
sîr,嗣
sû,嗣
sū,嗣
tshi,嗤
tshi̍h-tshn̍gh,嗤噌
tshi-bú-tshi̍h-tshū,嗤舞嗤呲
so,嗦
hai,嗨
hai̍h,嗨
hái,嗨
te,嗲
teh,嗲
pit,嗶
gô,嗷
ngôo,嗷
oh,嗷
uh,嗷
âu,嗷
ô,嗷
liân,嗹
sui,嗺
tsia,嗻
bo̍k,嗼
siò,嗽
sàu,嗽
sòo,嗽
sòo,嗾
sóo,嗾
tso̍k,嗾
tsa̍k,嗾
tsa̍k--tio̍h,嗾著
tsa̍k-tio̍h,嗾著
thám,嗿
tsat,嘁
kiau,嘄
thàn,嘆
tsô,嘈
tsha̍uh,嘈
tsō,嘈
tsha̍uh-tsha̍uh-liām,嘈嘈唸
tsha̍uh-tsha̍uh-tih,嘈嘈滴
ka,嘉
ka-pak,嘉北
ka-huī,嘉惠
ka-tsióng,嘉獎
ka-gī,嘉義
ka-gī-tshī,嘉義市
ka-gī-kuān,嘉義縣
ka-pin,嘉賓
ka-la̍h,嘉鱲
gâi,嘊
phiàu,嘌
lôo,嘍
kat,嘎
khiat,嘎
khia̍k,嘎
kóo,嘏
hau,嘐
kau,嘐
lô,嘐
hau-siâu,嘐潲
hau-siâu-uē,嘐潲話
hoo,嘑
hà,嘑
huī,嘒
khok,嘓
kho̍k,嘓
kok,嘓
go̍k,嘓
ko̍k,嘓
khok-á,嘓仔
kho̍k-tsí,嘓子
go̍k-hî,嘓魚
go̍k-hû,嘓魚
kho̍k-hî,嘓魚
kho̍k-hîr,嘓魚
kho̍k-hû,嘓魚
ió,嘔
áu,嘔
óo,嘔
áu-sim-hiat,嘔心血
áu-hông,嘔紅
áu-hueh,嘔血
áu-huih,嘔血
áu-sng-tsuí,嘔酸水
tsik,嘖
tsheh,嘖
siâng,嘗
siông,嘗
mah,嘛
mà,嘛
mā,嘛
mà-mà-háu,嘛嘛吼
mā sī,嘛是
mā beh,嘛欲
mā bueh,嘛欲
mā-bueh,嘛欲
too,嘟
tū,嘟
tū-tū,嘟嘟
hua,嘩
huā,嘩
mái,嘪
tsuè,嘬
lo,嘮
siàu,嘯
ki,嘰
tau,嘲
tsuí,嘴
hiau,嘵
hiau-tshit-tshit,嘵叱叱
su,嘶
hô,嘷
liâu,嘹
liâu-phik,嘹拍
khiau,嘺
hi,嘻
hi-hi-hua-hua,嘻嘻嘩嘩
hi-hi-huā-huā,嘻嘻嘩嘩
thiok,嘼
than,嘽
hennh,嘿
bi̍k,嘿
bo̍k,嘿
hiàu,嘿
hènn,嘿
hēnn,嘿
heh,嘿
hènn--lah,嘿啦
sùn,噀
ok,噁
òo,噁
ònn,噁
tsún,噂
huan,噃
huân,噃
tshám,噆
tsám,噆
tshiok,噈
hám,噉
kám,噉
tám,噉
tsing,噌
tsiàu,噍
tsiāu,噍
ta-pa-nî,噍吧哖
ap,噎
it,噎
uh,噎
hip,噏
khì,噐
hu,噓
si,噓
si liō,噓尿
si-jiō,噓尿
si-jiōr,噓尿
si-liō,噓尿
su̍t-jiō,噓尿
su̍t-liō,噓尿
su̍t-liǒ,噓尿
pho̍k,噗
phok,噗
pok,噗
pho̍k-á-siann,噗仔聲
pok-hun,噗薰
khuat,噘
khîm,噙
giám,噞
giām,噞
ìng,噟
auh,噢
a̍uh,噢
hiok,噢
tiù,噣
tok,噣
tòo,噣
khiōnn,噤
khiūnn,噤
kìm,噤
khiōnn-tshuì,噤喙
khiūnn-tshuì,噤喙
kìm-tshuì,噤喙
lông,噥
uè,噦
khì,器
khì-khū,器具
khì-kū,器具
khì-kuan,器官
khì-tsâi,器材
khì-tiōng,器重
go̍k,噩
soh,噪
sorh,噪
sò,噪
tshò,噪
tshò-lâng-hī,噪人耳
tshò-lâng-hīnn,噪人耳
tshò-hī,噪耳
tshò-hīnn,噪耳
sorh-hueh,噪血
tshò-im,噪音
sē,噬
khiàu,噭
kiàu,噭
kiàu-kiàu-kiò,噭噭叫
ài,噯
aih,噯
ài-á,噯仔
iong,噰
kio̍k,噱
kia̍k-kia̍k-kiò,噱噱叫
kuè,噲
gú,噳
phùn,噴
phùn-ba̍k,噴墨
phùn-siā,噴射
phùn-siā-ki,噴射機
phùn-tsuí,噴水
phùn-tsuí-tî,噴水池
phùn-tshat,噴漆
phùn-tiám,噴點
kat,噶
kat-má,噶瑪
kat-má-lán,噶瑪蘭
hm̍h,噷
hm̍h-hm̍h,噷噷
tòng,噸
tùn,噸
tang,噹
tong,噹
piah,噼
ta̍p,嚃
thap,嚃
guā,嚄
hi̍k,嚄
jû,嚅
hau,嚆
ô,嚆
heh,嚇
hennh,嚇
hiannh,嚇
hik,嚇
hánn,嚇
heh-heh-kiò,嚇嚇叫
hē-hē-kiò,嚇嚇叫
heh-kiann,嚇驚
hennh-kiann,嚇驚
hì,嚊
pī,嚊
kai,嚌
tsai,嚌
tsê,嚌
hô,嚎
thì,嚏
tshat,嚓
tshia̍k,嚓
tshia̍k-tshia̍k-tiô,嚓嚓趒
lóo,嚕
iu,嚘
giat,嚙
gè,嚙
gûn,嚚
bi̍k,嚜
bī,嚜
iat,嚥
iàn,嚥
li̍k,嚦
lôo,嚧
lông,嚨
nâ,嚨
nâ-âu,嚨喉
nâ-âu-tsu-á,嚨喉珠仔
nâ-âu-khang,嚨喉空
nâ-âu-kńg,嚨喉管
nâ-âu-tì-á,嚨喉蒂仔
nâ-âu-lin--á,嚨喉鈴仔
nâ-âu-ling--á,嚨喉鈴仔
nâ-âu-ling-á,嚨喉鈴仔
nâ-âu-lîng-á,嚨喉鈴仔
nâ-âu-tsing,嚨喉鐘
nâ-âu-tsing-á,嚨喉鐘仔
tshìn,嚫
pîn,嚬
phí,嚭
hiàng,嚮
hiòng,嚮
tò,嚲
khok,嚳
giâm,嚴
giâm-bi̍t,嚴密
giâm-tsùn,嚴峻
giâm-keh,嚴格
giâm-siok,嚴肅
giâm-kín,嚴謹
giâm-tiōng,嚴重
thâm,嚵
tshâm,嚵
enn,嚶
ing,嚶
inn,嚶
ìnn-ōnn,嚶哦
giáng,嚷
gióng,嚷
jiáng,嚷
jióng,嚷
lióng,嚷
tsiok,嚼
huan,嚾
uang,嚾
tsuán,囀
liap,囁
hiau,囂
hia-pai,囂俳
hiau-pai,囂俳
tshap,囃
thián,囅
gē,囈
loh,囉
looh,囉
lô,囉
lo,囉
lō,囉
lo-so,囉嗦
lông,囊
long,囊
tsat,囋
tsàn,囋
tsiok,囑
giat,囓
uî,囗
huê,囘
in,囙
siû,囚
siû-huān,囚犯
sì,四
sìr,四
sù,四
sì-thīn,四伨
sù-thīn,四伨
sì-kù-liân,四句聯
sì-siânn,四城
sì-tsàng,四壯
sù-kuì,四季
sù-siông,四常
sù-sī,四序
sì-suànn,四散
sì-hng,四方
sù-hong,四方
sì-tsiànn,四正
sù-hái,四海
sì-lâm-suî,四淋垂
sì-ôo,四湖
sì-ôo-hiong,四湖鄉
sì-pîng,四爿
sì-phìnn-á,四片仔
sù-bu̍t-á,四物仔
sì-kuè,四界
sì-kè,四界
sì-kuè-sô,四界趖
sì-kè-sô,四界趖
sì-phuà,四破
sù-sîn-thng,四神湯
sì-siù-á,四秀仔
sì-khoo-uî-á,四箍圍仔
sì-khoo-liàn-tńg,四箍輾轉
sì-khoo-lìn-tńg,四箍輾轉
sù-uî kok-sió,四維國小
sù-ki,四肢
sì-kha-tîng,四腳亭
sù-sik-pâi,四色牌
sì-kha-á,四跤仔
sì-kha-á-tōo-tīng,四跤仔杜定
sì-kha-á-siû,四跤仔泅
sì-kha-tōo-tīng,四跤杜定
sì-kha-tsuâ,四跤蛇
sì-kha-tsuâ-á,四跤蛇仔
sì-kha-hî,四跤魚
sì-kha-hû,四跤魚
sì-lián,四輪
sù-thong-pat-ta̍t,四通八達
sì-pinn,四邊
sù-phuè,四配
sù-phè,四配
sì-tîng-khe,四重溪
sì-bīn,四面
kián,囝
kiánn,囝
kán,囝
kánn,囝
kín,囝
kiánn-jî,囝兒
kiánn-lî,囝兒
kiánn-sài,囝婿
kánn-sài,囝婿
kiánn-sài-phuānn,囝婿伴
kiánn-sài-thìnn,囝婿牚
kiánn-sun,囝孫
huê,回
hê,回
hêr,回
huê-sing,回升
hê-sing,回升
huê-kok,回國
hê-kok,回國
huê-pò,回報
hê-pò,回報
huê-sim-tsuán-ì,回心轉意
hê-sim-tsuán-ì,回心轉意
huê-sióng,回想
hê-sióng,回想
huê-ik,回憶
hê-ik,回憶
huê-ìng,回應
hê-ìng,回應
huê-phue,回批
hê-phue,回批
huê-siu,回收
hê-siu,回收
huê-kàu,回教
hê-kàu,回教
huê-kui,回歸
hê-kui,回歸
huê-liû,回流
hê-liû,回流
huê-thîng,回程
huê-tîng,回程
hê-thîng,回程
hê-tîng,回程
huê-tap,回答
hê-tap,回答
huê-hok,回覆
hê-hok,回覆
huê-tsín,回診
huê-iû,回郵
hê-iû,回郵
huê-hiáng,回響
huê-hióng,回響
hê-hióng,回響
huê-thâu,回頭
hê-thâu,回頭
huê-kòo,回顧
hê-kòo,回顧
huê-kuī,回饋
hê-kuī,回饋
huê-hûn,回魂
hê-hûn,回魂
sìn,囟
in,因
in-ìng,因應
in-kó,因果
in-tshú,因此
in-uī,因為
in-tuann,因端
in-sòo,因素
in-iân,因緣
lia̍p,囡
gín,囡
gín--á,囡仔
gín-á,囡仔
gín-á-lâng,囡仔人
gín-á-phuānn,囡仔伴
gín-á-hiann,囡仔兄
gín-á-kóo,囡仔古
gín-á-kiánn,囡仔囝
gín-á-enn,囡仔嬰
gín-á-inn,囡仔嬰
gín-á-kang,囡仔工
gín-á-siàng,囡仔性
gín-á-sìng,囡仔性
gín-á-tsai,囡仔栽
gín-á-khuán,囡仔款
gín-á-kua,囡仔歌
gín-á-mi̍h,囡仔物
gín-á-mn̍gh,囡仔物
gín-á-phí,囡仔疕
gín-á-sńg,囡仔耍
gín-á-uē,囡仔話
gín-á-thâu-ông,囡仔頭王
tún,囤
tún-huè,囤貨
tún-hè,囤貨
khòng,囥
khǹg,囥
khǹg-pōo,囥步
khǹg-huè,囥歲
khǹg-hè,囥歲
khǹg-uē,囥話
tshong,囪
hut,囫
huê,囬
guân,园
buê,囮
ngôo,囮
khùn,困
khùn-kíng,困境
khùn-jiáu,困擾
khùn-liáu,困擾
khùn-khóo,困苦
khùn-lân,困難
khún,囷
khûn,囷
lîng,囹
kòo,固
kòo-tsip,固執
kòo-tīng,固定
kòo-jiân,固然
kòo-liân,固然
kok,国
iū,囿
huān,圂
hūn,圂
phóo,圃
gú,圄
hâm,圅
lûn,圇
n̂g,圇
lun,圇
lun-ku,圇痀
khuân,圈
khuan,圈
khian,圈
khian-á,圈仔
khuan-thò,圈套
gú,圉
tshing,圊
kok,國
kok-tiong,國中
kok-lāi,國內
kok-lāi-guā,國內外
kok-thóo,國土
kok-guā,國外
kok-sìng-poo,國姓埔
kok-sìng-iâ,國姓爺
kok-sìng-giô,國姓蟯
kok-sìng-hiong,國姓鄉
kok-the̍h,國宅
kok-an-kio̍k,國安局
kok-an-huē,國安會
kok-ka,國家
kok-pó,國寶
kok-sió,國小
kok-hú,國府
kok-tōo,國度
kok-khòo,國庫
kok-tsîng,國情
kok-tshiú,國手
kok-bûn,國文
kok-kî,國旗
kok-huē,國會
kok-iú,國有
kok-hāu,國校
kok-kua,國歌
kok-bîn,國民
kok-huat,國法
kok-îng,國營
kok-hū,國父
kok-hū kì-liām-kuán,國父紀念館
kok-phìnn,國片
kok-ông,國王
kok-sán,國產
kok-sán-tshia,國產車
kok-kài,國界
kok-huat-huē,國發會
kok-kho-huē,國科會
kok-suè-kio̍k,國稅局
kok-sè-kio̍k,國稅局
kok-li̍p,國立
kok-tsi̍k,國籍
kok-kū,國舅
kok-gí,國語
kok-gú,國語
kok-puê,國賠
kok-pê,國賠
kok-kun,國軍
kok-tō,國道
kok-hông,國防
kok-tsè,國際
uî,圍
û,圍
uî-á-lāi,圍仔內
uî-tóo,圍堵
uî-kin,圍巾
uî-kun,圍巾
uî-póo,圍捕
uî-kî,圍棋
uî-pio,圍標
uî-lôo,圍爐
uî-tshiûnn,圍牆
uî-kûn-á,圍裙仔
uî-kuan,圍觀
iû-siu-kûn,圍軀裙
uî-sir-kûn,圍軀裙
uî-su-kûn,圍軀裙
û-su-kûn,圍軀裙
uî-su-kûn-á,圍軀裙仔
û-su-kûn-á,圍軀裙仔
hn̂g,園
huînn,園
uân,園
hn̂g-khu,園區
uân-khu,園區
hn̂g-tuē,園地
hn̂g-tē,園地
uân-tuē,園地
uân-tē,園地
uân-gē,園藝
uân-iû-huē,園遊會
uân,圓
înn,圓
înn-á,圓仔
înn-á-thng,圓仔湯
înn-á-tshuè,圓仔粞
înn-á-tshè,圓仔粞
înn-á-hue,圓仔花
înn-înn,圓圓
înn-suann-á,圓山仔
înn-hîng,圓形
înn-tshia-tshia,圓捙捙
uân-kong-kiô,圓栱橋
uân-kióng-mn̂g,圓栱門
uân-kong-mn̂g,圓栱門
uân-kóng-mn̂g,圓栱門
înn-kùn,圓棍
înn-kùn-kùn,圓棍棍
uân-buán,圓滿
înn-khuân,圓環
înn-khoo-á,圓箍仔
înn-kō-kō,圓翱翱
înn-lin-lin,圓輪輪
înn-liàn-liàn,圓輾輾
înn-lìn-lìn,圓輾輾
ip,圔
tôo,圖
tôo-siōng,圖像
tôo-hîng,圖形
tôo-su,圖書
tôo-su-kuán,圖書館
tôo-tsu-kuán,圖書館
tôo-àn,圖案
tôo-iūnn,圖樣
tôo-phìnn,圖片
tôo-sī,圖示
tôo-pió,圖表
tôo-thîng,圖騰
tôo,圗
thuân,團
thuân-guân,團員
thuân-uân,團員
thuân-uân,團圓
thuân-înn,團圓
thuân-kiat,團結
thuân-huì,團費
thuân-tiúnn,團長
thuân-tuī,團隊
thuân-thé,團體
i̍k,圛
huân,圜
uân,圜
luân,圝
tōo,土
thóo,土
thôo,土
thóo-lâng,土人
thóo-kong-á,土公仔
thóo-kong-á-sìng,土公仔性
thóo-pau-á,土包仔
thóo-huí,土匪
thóo-tuē,土地
thóo-tē,土地
thóo-lī-kong,土地公
thóo-tī-kong,土地公
thôo-siânn,土城
thôo-siânn-khu,土城區
thóo-sai,土師
thôo-khòo-tìn,土庫鎮
thóo-sìng,土性
thóo-siūnn,土想
thóo-tshenn,土星
thóo-tshinn,土星
thóo-ba̍k,土木
thóo-bo̍k,土木
thóo-suāinn-á,土檨仔
thóo-senn-á,土生仔
thóo-sinn-á,土生仔
thóo-senn-kiánn,土生囝
thóo-sinn-kiánn,土生囝
thóo-sán,土產
thóo-ting,土登
thóo-ti̍t,土直
thóo-hû-á,土符仔
thóo-pa̍t-á,土菝仔
thóo-pua̍t-á,土菝仔
thóo-uē,土話
thóo-ke-á,土雞仔
thóo-kue-á,土雞仔
thóo-hong-bú,土風舞
at,圠
thíng,圢
kuài,圣
tsāi,在
tsāi-hā,在下
tsāi-sè,在世
tsāi-lâng,在人
tsāi-uī,在位
tsāi-lâi-bí,在來米
tsāi-sian,在先
tsāi-lāi,在內
tsāi-tuē,在地
tsāi-tē,在地
tsāi-tuē-lâng,在地人
tsāi-tē-lâng,在地人
tsāi-tuē-tsiáu,在地鳥
tsāi-tē-tsiáu,在地鳥
tsāi-tiûnn,在場
tsāi-guā,在外
tsāi-sik-lí,在室女
tsāi-sik-lír,在室女
tsāi-sik-lú,在室女
tsāi-tsit-lí,在室女
tsǎi-sik-lír,在室女
tsāi-sik-lâm,在室男
tsāi-sik--ê,在室的
tsāi-tsō,在座
tsāi-tshiú,在手
tsāi-tsâng--ê,在欉的
tsāi-tsâng-n̂g,在欉黃
tsāi-senn,在生
tsāi-sinn,在生
tsāi-tsit,在職
tsāi-tánn,在膽
tsāi-iá,在野
tsāi-iá-tóng,在野黨
tsāi-gia̍h,在額
ke,圭
kui,圭
hóo,圮
kí,圮
terē,地
tuē,地
tuě,地
tè,地
tèr,地
tē,地
tī,地
tuē-hā,地下
tē-hā,地下
tuē-hā-sik,地下室
tē-hā-sik,地下室
tuē-hā-tō,地下道
tē-hā-tō,地下道
tuē-hā-thih,地下鐵
tē-hā-thih,地下鐵
tuē-tsú,地主
tē-tsú,地主
tuē-uī,地位
tē-uī,地位
tuē-kè,地價
tē-kè,地價
tuē-lī,地利
tē-lī,地利
terē-tāng,地動
tuē-tāng,地動
tē-tāng,地動
tuē-khu,地區
tē-khu,地區
tuē-miâ,地名
tē-miâ,地名
tuē-tôo,地圖
tē-tôo,地圖
tuē-tsí,地址
tē-tsí,地址
tuē-hi̍k,地域
tuē-i̍k,地域
tē-hi̍k,地域
tē-i̍k,地域
tuē-ki,地基
tē-ki,地基
tuē-ki-tsú,地基主
tē-ki-tsú,地基主
tuē-khuè,地契
tē-khè,地契
tuē-tsân,地層
tē-tsân,地層
tuē-tài,地帶
tē-tài,地帶
tuē-hîng,地形
tē-hîng,地形
tuē-tsi,地支
tē-tsi,地支
tuē-hng,地方
tē-hng,地方
tuē-pán,地板
tē-pán,地板
tuē-phiau,地標
tuē-piau,地標
tē-phiau,地標
tē-piau,地標
tuē-kiám-sú,地檢署
tē-kiám-sú,地檢署
tuē-pōo,地步
tē-pōo,地步
tuē-tuānn,地段
tē-tuānn,地段
tuē-thán,地毯
tē-thán,地毯
terē-gû-huan-sin,地牛翻身
tuē-gû-huan-sin,地牛翻身
tē-gû-huan-sin,地牛翻身
tuē-ga̍k,地獄
tē-ga̍k,地獄
tuē-kiû,地球
tē-kiû,地球
tuē-lí,地理
tē-lí,地理
tē-lí-sian,地理仙
tuē-lí-su,地理師
tē-lí-su,地理師
tuē-sán,地產
tē-sán,地產
tuē-kài,地界
tē-kài,地界
tuē-phê,地皮
tē-phuê,地皮
tuē-puânn,地盤
tē-puânn,地盤
tuē-tsoo,地租
tē-tsoo,地租
tuē-hō-miâ,地號名
tē-hō-miâ,地號名
tuē-piáu,地表
tē-piáu,地表
tuē-tsit,地質
tē-tsit,地質
tuē-hām,地陷
tē-hām,地陷
tuē-luî,地雷
tē-luî,地雷
tuē-bīn,地面
tē-bīn,地面
tuē-thâu,地頭
tē-thâu,地頭
tuē-tiám,地點
tē-tiám,地點
tsùn,圳
tsùn-kau,圳溝
kî,圻
liap,圼
bu̍t,圽
sap,圾
khiat,圿
tsí,址
tí,坁
puánn,坂
pán,坂
i̍k,坄
gîm,坅
khím,坅
kím,坅
hún,坆
hûn,坆
kin,均
kun,均
thūn,坉
thūn-thôo,坉塗
thūn-pênn,坉平
thūn-pînn,坉平
thūn-tsînn,坉錢
hng,坊
hong,坊
hun,坋
hún,坋
hún,坌
tam,坍
khám,坎
gám-á,坎仔
khám-á,坎仔
kham-kham-khia̍t-khia̍t,坎坎坷坷
khám-khám-khia̍t-khia̍t,坎坎坷坷
khám-tsām,坎站
phi,坏
phue,坏
tsē,坐
tsēr,坐
tsěr,坐
tsō,坐
tsōo,坐
tshē,坐
tshē-put-sī,坐不是
tsē-put-sī,坐不是
tsē-uī,坐位
tsē-hiòng,坐向
tshē-tué,坐底
tshē-té,坐底
tsē-tué,坐底
tsē-té,坐底
tsē-tànn,坐擔
tshē-siàu,坐數
tsē-táu,坐斗
tsē-toh,坐桌
tshē-m̄-tio̍h,坐毋著
tsē-m̄-tio̍h,坐毋著
tsē-tshing,坐清
tsē-kann,坐監
tsē-siâm,坐禪
tsē-siân,坐禪
tsē-tsuē,坐罪
khenn,坑
khing,坑
khinn,坑
khenn-khàm,坑崁
khinn-khàm,坑崁
khenn-kau,坑溝
khinn-kau,坑溝
pī,坒
làm,坔
pho,坡
phoo,坡
phuán,坢
puān,坢
tông,坣
khun,坤
thán,坦
thánn,坦
thán-tó,坦倒
thán-khiā,坦徛
thán-khi,坦敧
thán-khi-sin,坦敧身
thán-tshua̍h,坦斜
thán-huâinn,坦橫
thán-huînn,坦橫
thán-huâinn-senn,坦橫生
thán-huînn-sinn,坦橫生
thán-jiân,坦然
thán-liân,坦然
thán-pe̍h,坦白
thán-pi̍k,坦白
thán-ti̍t,坦直
thán-tshiò,坦笑
thán-phak,坦覆
kham,坩
khann,坩
khann-á,坩仔
phiânn,坪
phîng,坪
pênn,坪
pîng,坪
pînn,坪
phênn,坪
phînn,坪
phênn-sòo,坪數
phînn-sòo,坪數
pênn-sòo,坪數
pînn-sòo,坪數
pênn-nâ-khu,坪林區
pînn-nâ-khu,坪林區
pênn-nâ-bué,坪林尾
pînn-nâ-bé,坪林尾
tiam,坫
tiàm,坫
lê,坭
nî,坭
phi,坯
phue,坯
phe,坯
king,坰
kíng,坰
iong,坱
óng,坱
ing,坱
ing-ia,坱埃
ing-phōng-phōng,坱蓬蓬
hu̍t,坲
au,坳
áu,坳
lio̍k,坴
khiu,坵
khu,坵
khia̍t,坷
khó,坷
khónn,坷
tsí,坻
tî,坻
thik,坼
tshik,坼
suê,垂
suî,垂
sê,垂
suê-king,垂肩
lah,垃
lâ,垃
lâ-sâm,垃儳
lâ-sâm-á,垃儳仔
lâ-sâm-huang,垃儳風
lah-sap,垃圾
lap-sap,垃圾
lah-sap-á,垃圾仔
lah-sap-pēnn,垃圾病
lah-sap-pīnn,垃圾病
lah-sap-uē,垃圾話
lah-sap-kuí,垃圾鬼
hua̍t,垈
hîng,型
hîng-sik,型式
hîng-thài,型態
hîng-lio̍k,型錄
hîng-lo̍k,型錄
kì,垍
hik,垎
kai,垓
ian,垔
in,垔
tiāu,垗
giâu,垚
tó,垛
khuí,垝
kuí,垝
iông,垟
gûn,垠
kió,垢
káu,垢
kóo,垢
huân,垣
uân,垣
tia̍t,垤
ti̍t,垤
an,垵
hiān,垷
uân,垸
pang,垹
pû,垺
pà,垻
gìn,垽
gīn,垽
īn,垽
hān,垾
king,埂
ai,埃
ia,埃
hông,埄
kak,埆
khak,埆
ióng,埇
bâi,埋
tâi,埋
bâi-ho̍k,埋伏
bâi-uàn,埋怨
lông,埌
lōng,埌
kuan,埍
kuàn,埍
siânn,城
sîng,城
siânn-pó,城堡
siânn-tshī,城市
siânn-mn̂g,城門
sîng-hông,城隍
sîng-hông-biō,城隍廟
iân,埏
lua̍h,埒
lua̍t,埒
poo,埔
poo-kiunn,埔姜
poo-kiunn-lūn,埔姜崙
poo-kiunn-thâu,埔姜頭
poo-sim,埔心
poo-sim-hiong,埔心鄉
poo-lí-tìn,埔里鎮
poo-iâm-hiong,埔鹽鄉
tiânn,埕
tîng,埕
tiânn-táu,埕斗
iá,埜
hi̍k,域
i̍k,域
pōo,埠
poo,埠
poo-thâu,埠頭
óo,埡
kuán,埢
pi,埤
pî,埤
pi-thâu-hiong,埤頭鄉
uán,埦
kū,埧
tāi,埭
tē,埭
iám,埯
tshài,埰
khám,埳
si̍t,埴
tì,埴
to,埵
gē,埶
tsip,執
tsip-khîn,執勤
tsip-khûn,執勤
tsip-ì,執意
tsip-tsìng,執政
tsip-gia̍p,執業
tsip-sí-kuat,執死訣
tsip-huat,執法
tsip-tsiàu,執照
tsip-phiah,執癖
tsip-ngē,執硬
tsip-ngī,執硬
tsip-pit,執筆
tsip-hîng,執行
tsip-kuat,執訣
i̍k,埸
puê,培
puē,培
puē-bōng,培墓
puē-bōo,培墓
pěr-bōo,培墓
puê-io̍k,培育
puê-hùn,培訓
puê-ióng,培養
ki,基
ke,基
ki-in,基因
ki-tuē,基地
ki-tē,基地
ki-tsân,基層
ki-pún,基本
ki-tsún,基準
ki-tok,基督
ki-tok-kàu,基督教
ki-tshóo,基礎
ki-kim,基金
ki-kim-huē,基金會
ke-lâng,基隆
ke-lâng-suann,基隆山
ke-lâng-tshī,基隆市
ke-lâng-hô,基隆河
ke-lâng-káng,基隆港
tun,埻
sò,埽
lê,埿
nî,埿
khut,堀
ku̍t,堀
khò,堁
tn̂g,堂
tông,堂
tông-tông,堂堂
tông--ê,堂的
khun,堃
kian,堅
kian-kuann,堅乾
kian-sìn,堅信
kian-tàng,堅凍
kian-kòo,堅固
kian-tīng,堅定
kian-pa,堅巴
kian-kiông,堅強
kian-sim,堅心
kian-tshî,堅持
kian-kuat,堅決
kian-phí,堅疕
kian-pôo,堅痡
kian-hueh,堅血
kian-huih,堅血
kian-hong,堅風
tui,堆
tui-tsik,堆積
tui-puî,堆肥
kín,堇
kīn,堇
kong,堈
io̍k,堉
ok,堊
pîng,堋
ian,堙
in,堙
pik,堛
ko,堝
tia̍p,堞
hōo,堠
pó,堡
póo,堡
thê,堤
kai,堦
ke,堦
juán,堧
luān,堧
at,堨
khìng,堩
kìng,堩
kham,堪
jû,堬
hông,堭
giâu,堯
iàn,堰
ián,堰
pò,報
pòo,報
pòr,報
pò-siû,報仇
pò-kè,報價
pò-uan,報冤
pò-uan-siû,報冤仇
pò-khan,報刊
pò-tò,報到
pò-miâ,報名
pò-miâ-huì,報名費
pò-kò,報告
pò-song,報喪
pò-tō,報導
pò-huì,報廢
pò-ho̍k,報復
pò-in,報恩
pò-un,報恩
pò-ìng,報應
pò-hōo-kháu,報戶口
pò-siàu,報數
pò-tshun-hue,報春花
pò-àn,報案
pò-gia̍p,報業
pò-tsuí-phi,報水披
pò-siā,報社
pò-suè,報稅
pò-sè,報稅
pò-tap,報答
pò-tsuá,報紙
pò-khó,報考
pò-pió,報表
pò-kìng,報警
pò-kíng,報警
pò-lōo,報路
pò-siû,報酬
pò-siau,報銷
pò-thâu,報頭
pò-bé-á,報馬仔
pò-niáu-tshí-á-uan,報鳥鼠仔冤
pò-niáu-tshú-á-uan,報鳥鼠仔冤
tsik,堲
bî,堳
tiông,場
tiônn,場
tiûnn,場
tshiâng,場
tiûnn-ha̍p,場合
tiûnn-tuē,場地
tiûnn-tē,場地
tiûnn-sóo,場所
tiûnn-bīn,場面
tóo,堵
tô,堶
tō,堶
am,堷
kì,塈
tsik,塉
khuài,塊
tè,塊
tèr,塊
îng,塋
lap,塌
la̍p,塌
thap,塌
lap-tué,塌底
lap-té,塌底
thap-pún,塌本
thap-khang,塌空
lap-o,塌窩
thap-phāng,塌縫
thap-kheh,塌缺
thap-khueh,塌缺
lap--lo̍h,塌落
thap--lo̍h,塌落
thap-kha,塌跤
thap-tsînn,塌錢
sîng,塍
khái,塏
sok,塑
sòo,塑
sok-ka,塑膠
sok-ka-tháng,塑膠桶
sok-ka-lok-á,塑膠橐仔
sok-ka-tē-á,塑膠袋仔
sok-sin,塑身
sok-tsō,塑造
sî,塒
bi̍k,塓
thap,塔
thah,塔
àng,塕
òng,塕
thôo,塗
tôo,塗
thôo-kak,塗墼
thôo-kat,塗墼
thôo-kak-tshù,塗墼厝
thôo-kat-tshù,塗墼厝
thôo-ang-á,塗尪仔
thôo-tsiu,塗州
thôo-sai,塗師
thôo-khòo-tsng,塗庫莊
thôo-thio,塗挑
thôo-phâng,塗捀
thôo-tsuí,塗水
thôo-tsuí-sai,塗水師
thôo-sua,塗沙
thôo-sua-hún,塗沙粉
thôo-iû,塗油
thôo-kau-muê,塗溝糜
thôo-kau-bê-á,塗溝糜仔
thôo-thuànn,塗炭
thôo-thuànn-uân,塗炭丸
thôo-gû-huan-sin,塗牛翻身
thôo-tsio̍h-liû,塗石流
thôo-tsio̍h-lâu,塗石流
thôo-lâng,塗礱
thôo-iô,塗窯
thôo-hún,塗粉
thôo-bê,塗糜
thôo-muâi,塗糜
thôo-muê,塗糜
thôo-bêr-tsiunn,塗糜漿
thôo-bah,塗肉
thôo-sik,塗色
thôo-sat,塗虱
thôo-ún,塗蚓
thô-tāu,塗豆
thôo-tāu,塗豆
thôo-tāu-jîn,塗豆仁
thôo-tāu-lîn,塗豆仁
thôo-tāu-iû,塗豆油
thôo-tāu-thn̂g,塗豆糖
thôo-tāu-hu,塗豆麩
thôo-tsit,塗質
thôo-kha,塗跤
thôo-tshiah,塗鍤
thôo-thoh,塗魠
thôo-thuh,塗魠
thôo-liông,塗龍
tn̂g,塘
tông,塘
thióng,塚
thióng-á-poo,塚仔埔
thióng-suann,塚山
thióng,塜
sài,塞
sik,塞
sat,塞
siap-tsînn-hōo--lâng,塞錢予人
sat-phīnn,塞鼻
oo,塢
óo,塢
hun,塤
iâm,塩
thiân,填
thiām,填
tiân,填
thiām-pún,填本
thiām-hái,填海
ùn,塭
ùn-á,塭仔
liù,塯
liû,塯
lông,塱
lōng,塱
hông,塳
tîn,塵
tsām,塹
muî,塺
môo,塺
bo̍k,塻
sio̍k,塾
lóo,塿
tî,墀
bān,墁
kíng,境
kíng-lāi,境內
kíng-tuē,境地
kíng-tē,境地
kíng-kài,境界
tshik,墄
sū,墅
tē,墆
tsiong,墇
tsiòng,墇
khàm,墈
khàm-kha,墈跤
iông,墉
tiām,墊
tshám,墋
tsik,墌
kīn,墐
bōng,墓
bōo,墓
bāng-á-poo,墓仔埔
bōng-á-poo,墓仔埔
bōng-tē,墓地
bōo-tuē,墓地
bōng-tiânn,墓埕
bōo-tiânn,墓埕
bōng-khòng,墓壙
bōng-pâi,墓牌
bōo-pâi,墓牌
bōng-tsuá,墓紙
bōo-tsuá,墓紙
bōng-ku,墓龜
bōo-ku,墓龜
khiân,墘
kînn,墘
tuī,墜
tuī-á,墜仔
tuī-tsîn,墜繩
tuī-liông,墜腸
tuī-tiông,墜腸
tuǐ-tiông,墜腸
tuī-lo̍h,墜落
tuī-kha-khì,墜跤氣
khau,墝
khàu,墝
tsing,增
tsing-ka,增加
tsing-thiam,增添
tsing-sing,增生
tsing-tsu,增資
tsing-tsìn,增進
tsing-tióng,增長
hu,墟
hi,墟
siān,墠
phok,墣
tuê,墤
huan,墦
huân,墦
phuan,墦
ba̍k,墨
bi̍k,墨
ba̍k-táu,墨斗
ba̍k-tsuí,墨水
ba̍k-tsiap,墨汁
ba̍k-puânn,墨盤
ba̍k-hīnn,墨硯
ba̍k-tsa̍t,墨賊
ba̍k-tsa̍t-á,墨賊仔
tun,墩
tshīng,墭
tuī,墮
tuī-thai,墮胎
thâm,墰
ting,墱
hûn,墳
phûn,墳
tshiông,墻
kat,墼
kik,墼
khún,墾
piah,壁
pik,壁
piah-tóo,壁堵
piah-tû,壁櫥
piah-lôo,壁爐
piah-uē,壁畫
piah-khang,壁空
piah-tsuá,壁紙
piah-hóo,壁虎
piah-kak,壁角
iòng,壅
ìng,壅
ìng tshân,壅田
ìng puî,壅肥
ha̍k,壆
tuânn,壇
tân,壇
lám,壈
hun,壎
hok,壑
khài,壒
ái,壒
ah,壓
ap,壓
ah-tó,壓倒
ap-tó,壓倒
ap-tsè,壓制
ap-li̍k,壓力
ah-bī,壓味
ah-suah,壓煞
ap-sok,壓縮
ah-lo̍h-tué,壓落底
ah-lo̍h-té,壓落底
ah-lo̍h-sìng,壓落性
ap-pik,壓迫
ah-pà,壓霸
tó,壔
hô,壕
hôo,壕
luí,壘
khòng,壙
lôo,壚
thâm,壜
uí,壝
uī,壝
huāi,壞
lóng,壟
lióng,壠
lóng,壠
li̍k,壢
jióng,壤
pà,壩
pè,壩
sū,士
sū-ping,士兵
sū-kuann,士官
sū-lîm,士林
sū-lîm-khu,士林區
sū-khì,士氣
gîm,壬
jîm,壬
lîm,壬
jīm,壬
līm,壬
tsòng,壯
tsòng-uî-hiong,壯圍鄉
tsòng-tāi,壯大
tsòng-kuan,壯觀
tsòng-lē,壯麗
hôo,壷
ôo,壷
it,壹
hôo,壺
ôo,壺
ôo,壼
siū,壽
siǔ,壽
siū-miā,壽命
siū-san,壽山
siū-suann,壽山
siū-suann kong-hn̂g,壽山公園
siū-pán,壽板
siū-pang,壽枋
siū-i,壽衣
siū-hong,壽豐
siū-hong-khe,壽豐溪
siū-hong-hiong,壽豐鄉
siū-kim,壽金
siū-hiám,壽險
siū-mī,壽麵
siū-ku,壽龜
tsun,壿
sue,夂
tsí,夂
kàng,夅
hông,夆
lîng,夌
hok,复
tshò,夎
tsō,夎
hā,夏
hē,夏
hē-á,夏仔
hā-līng-iânn,夏令營
hā-hiô,夏侯
hā-hôo,夏侯
hā-thinn,夏天
hā-ji̍t,夏日
hā-li̍t,夏日
hē-tsì,夏至
kuî,夔
sia̍h,夕
si̍k,夕
si̍k-iông,夕陽
guā,外
guē,外
guā-kau,外交
guā-lâng,外人
guā-uī,外位
guā-lâi,外來
guā-tsè,外債
guā-siong,外傷
guā-kong,外公
guǎ-kong,外公
guā-li̍k,外力
guā-bū,外務
guā-lô,外勞
guā-pau,外包
guā-huē,外匯
guā-kháu,外口
guā-hiòng,外向
guā-siong,外商
guā-kok,外國
guā-kok-lâng,外國人
guā-uî,外圍
guā-tsāi,外在
guā-tuē,外地
guā-tē,外地
guā-hîng,外型
guā-poo-khu,外埔區
guā-tiânn,外埕
guā-poo-thâu,外埠頭
guā-tiûnn,外場
guā-guā,外外
guā-thò,外套
guā-má,外媽
guā-sun,外孫
guā-ke,外家
guā-ke-tshù,外家厝
guā-tsng-thâu,外庄頭
guā-hîng,外形
guā-tsâi,外才
guā-bûn,外文
guā-khak,外殼
guā-lâu,外流
guā-hái,外海
guā-ò,外澳
guē-sing,外甥
guē-sing-á,外甥仔
guā-iōng,外用
guā-kài,外界
guā-tī,外痔
guā-kho,外科
guā-î,外移
guā-tsi̍k,外籍
guā-hō,外號
guā-hâng,外行
guā-hâng-lâng,外行人
guā-piáu,外表
guā-sann,外衫
guā-kuan,外觀
guā-kak,外角
guā-māu,外貌
guā-tsu,外資
guā-lōo-á,外路仔
guā-pōo,外部
guā-iá,外野
guā-siau,外銷
guā-bīn,外面
guā-thâu,外頭
uan,夗
uán,夗
báu,夘
siok,夙
to,多
too,多
to-sū,多事
to-guân,多元
to-muî-thé,多媒體
to-siáu,多少
to-tsîng,多情
to-sòo,多數
to-lîm,多林
to-nâ,多林
to-iūnn,多樣
to-kak-huà,多角化
to-siā,多謝
to-siǎ,多謝
tor-siā,多謝
iā,夜
iā-khîn,夜勤
iā-khûn,夜勤
iā-pô,夜婆
iā-pôr,夜婆
iǎ-pô,夜婆
iā-pôr-á,夜婆仔
iā-tshī,夜市
iā-kíng,夜景
iā-tsóng-huē,夜總會
iā-sik,夜色
iā-kan,夜間
iā-kan-pōo,夜間部
kòo,够
kiò,夠
kàu,夠
kòo,夠
kàu-kàu,夠夠
kàu-kang,夠工
kàu-ge̍h,夠月
kàu-gue̍h,夠月
kàu-pún,夠本
kàu-khuì,夠氣
kàu-tsuí,夠水
kàu-iōng,夠用
kàu-īng,夠用
kàu-gia̍h,夠額
bāng,夢
bōng,夢
bāng-tiong,夢中
bāng-kíng,夢境
bōng-huàn,夢幻
bāng-sióng,夢想
bāng-sî-tāi,夢時代
bāng-kìnn,夢見
bōng,夣
în,夤
hué,夥
hé,夥
hónn,夥
hué-kì,夥計
hé-khì,夥計
hé-kì,夥計
hér-kì,夥計
hué-kì-á,夥計仔
tuā,大
tāi,大
ta,大
tuā-khâm,大㘛
tāi-tiōng-hu,大丈夫
tuā-ē,大下
tāi-put-liáu,大不了
tuā-tsú-tuā-ì,大主大意
tuā-sū,大事
tāi-sū,大事
tuā-lâng,大人
tāi-jîn,大人
tāi-lîn,大人
tuā-lâng-tuā-tsíng,大人大種
tāi-sian-sī,大仙寺
tuā tāi-tsì,大代誌
tuā-peh,大伯
tuā-peh-á,大伯仔
tuā-uī,大位
tuā-ka-la̍h,大佳臘
tāi-sài,大使
tāi-piān,大便
tuǎ-kâinn,大個
tuā-hiann,大兄
tuā-lāi-khu,大內區
tuā-tshut,大出
tuā-tshut-tshiú,大出手
tuā-tsûn--nî,大前年
tuā-kuah,大割
tuā-la̍t,大力
tuā-tshù,大厝
tuā-tshù hōo-lîng,大厝護龍
tuā-tshù-khí,大厝起
tāi-tông,大同
tāi-tông-á,大同仔
tāi-tông-khu,大同區
tāi-tông-hiong,大同鄉
tuā-miâ,大名
tuā-ko,大哥
tuā-nâ-âu-khang,大嚨喉空
tuā-sì-kuè,大四界
tuā-sì-kè,大四界
tuā-kiánn,大囝
tuā-hn̂g-khu,大園區
tuā-înn,大圓
tāi-tuē,大地
tāi-tē,大地
tuā-pînn-nâ,大坪林
tuā-khu-hn̂g,大坵園
tuā-hîng,大型
tuā-siânn-hiong,大城鄉
tuā-poo-sim,大埔心
tuā-poo-nâ,大埔林
tuā-poo-hiong,大埔鄉
tuǎ-tiânn,大埕
tuā-pi-hiong,大埤鄉
tuā-bōng-kong,大墓公
tuā-bōo-kong,大墓公
tuā-tuī-tiông,大墜腸
tuā-pà-á,大壩仔
tuā-siū,大壽
tuǎ-siǔ,大壽
tuā-to-sòo,大多數
tāi-to-sòo,大多數
tuā-kīm,大妗
tuā-kīm-tshuì,大妗喙
tuā-ḿ,大姆
tuā-tsé,大姊
tuā-tsí,大姊
tuā-tsí-thâu-á,大姊頭仔
tuā-koo,大姑
tuā-koo-á,大姑仔
tuā-î,大姨
tuā-niôo-koo,大娘姑
tuā-niû-koo,大娘姑
tuā-só,大嫂
tuā-sun,大孫
tuā-o̍h,大學
tāi-ha̍k,大學
tāi-an,大安
tāi-an-khu,大安區
tāi-an-khe,大安溪
tuā-tsong,大宗
tāi-tsong,大宗
ta-kuann,大官
tuā-kuann-á,大官仔
tuā-kuann-hóo,大官虎
ta-ke,大家
tuā-ke-á,大家仔
tuā-ke-kháu,大家口
ta-ke-kuann,大家官
tāi-hô,大富
tuā-pù,大富
tuā-hù-tuā-kuì,大富大貴
tuā-pù-ong,大富翁
tuā-kuânn,大寒
tāi-hân,大寒
tuā-siá,大寫
tuā-liâu,大寮
tuā-liâu-khu,大寮區
tāi-tsiòng,大將
tāi-tsuan,大專
tuā-sió-tsiá,大小姐
tuā-bué--ê,大尾的
tuā-bé--ê,大尾的
tāi-kio̍k,大局
tuā-tūn-suann,大屯山
tāi-tūn-suann,大屯山
tuā-suann,大山
tuā-suann-lua̍h,大山剌
tuā-kho-khàm,大嵙崁
tuā-khoo-khàm,大嵙崁
tuā-kho-hām,大嵙陷
tuā-khoo-hām,大嵙陷
tuā-sū,大嶼
tāi-su,大師
tuā-nî tuā-tseh,大年大節
tuā-nî tuā-tsueh,大年大節
tuā-tsng,大庄
tuā-kóng-hiân,大廣絃
tuā-thiann,大廳
tuā-tiunn--ê,大張的
tuā-āu--nî,大後年
tuā-āu--ji̍t,大後日
tuā-āu--li̍t,大後日
tuā-sim-khuì,大心氣
tāi-khìng,大慶
tāi-tsiàn,大戰
tuā-hì,大戲
tuā-hōo,大戶
tuā-pâng,大房
tuā-tshiú-pit,大手筆
tuā-tshiú-bīn,大手面
tāi-tsâi,大才
tuā-phe,大批
tuā-phue,大批
tuā-bó-kong,大拇公
tuā-bú-kong,大拇公
tuā-bú-ong,大拇翁
tuā-bó-thâu,大拇頭
tuā-bú-thâu,大拇頭
tuā-thua,大拖
tuā-pōo-bú,大捗拇
tuǎ-pǒo-bú,大捗拇
tuā-pu-ong,大捗翁
tuā-tshia-piànn,大捙拚
tuā-piànn-sàu,大摒掃
tāi-hong,大方
tuā-ji̍t,大日
tuā-li̍t,大日
tuā-ji̍t-hóo,大日虎
tuā-li̍t-hóo,大日虎
tuā-tso̍h--ji̍t,大昨日
tuā-tso̍h--li̍t,大昨日
tuā-poo-ji̍t,大晡日
tuā-poo-li̍t,大晡日
tāi-sú,大暑
tāi-huē,大會
tuā-ge̍h,大月
tuā-gue̍h,大月
tuā-ba̍k,大木
tuā-pún,大本
tuā-pún-iânn,大本營
tāi-tshuan,大村
tāi-tshuan-hiong,大村鄉
tāi-tang,大東
tuā-nâ,大林
tuā-nâ-tìn,大林鎮
tuā-bóo,大某
tāi-khài,大概
tāi-kài,大概
tuā-lâu,大樓
tuā-tshiū-khu,大樹區
tuā-tshiū-kha,大樹跤
tuā-kiô,大橋
tuā-kiô-thâu,大橋頭
tuǎ-tû,大櫥
tuā-tsâng,大欉
tāi-bú,大武
thái-bú-suann,大武山
tāi-bú-suann,大武山
tāi-bú-hiong,大武鄉
tāi-tuān,大段
tuā-khuì,大氣
tāi-khì,大氣
tuā-khuì-tshuán,大氣喘
tuǎ-khuì-tshuán,大氣喘
tuā-tsuí,大水
tuā-tsuí-tshâ,大水柴
tuā-tsuí-hiā,大水蟻
tuā-tù,大注
tuā-hái,大海
tuā-káng,大港
tuā-ôo,大湖
tuā-ôo kong-hn̂g,大湖公園
tuā-ôo-kháu,大湖口
tuā-ôo-hiong,大湖鄉
tuā-íng,大湧
tāi-khe,大溪
tāi-khe-khu,大溪區
tuā-hàn,大漢
tuā-hàn-kiánn,大漢囝
tāi-hàn-khe,大漢溪
tuā-hué,大火
tuā-hé,大火
tuā-tsàu,大灶
tuā-phàu,大炮
tuā-jua̍h,大熱
tuā-lua̍h,大熱
tuā-iâ jī-iâ,大爺二爺
tuā-pîng,大爿
tuā-pâi,大牌
tuā-tsióng,大獎
tāi-ông,大王
tāi-lí-tsio̍h,大理石
tāi-kah,大甲
tāi-kah-khu,大甲區
tāi-kah-khe,大甲溪
tāi-kah-tshio̍h,大甲蓆
tāi-lio̍k,大略
tuā-pah,大百
tuā--ê,大的
tuā-puânn,大盤
tuā-ba̍k,大目
tuā-ba̍k-khóng,大目孔
tuā-ba̍k-kàng,大目降
tāi-ti̍t,大直
tāi-tsiòng,大眾
tāi-tsiòng-iâ,大眾爺
tuā-ta-khe,大礁溪
tuā-tann-khe,大礁溪
tuā-siā,大社
tuā-siā-khu,大社區
tāi-siông,大祥
tuā-tshìn,大秤
tuā-khut-tsháu,大窟草
tāi-tuan,大端
tuā-lue̍h,大笠
tuā-pit,大筆
tuā-tâng,大筒
tuā-khoo,大箍
tuǎ-khoo,大箍
tuā-khoo-tai,大箍呆
tuā-khoo-pé,大箍把
tuā-pān,大範
tuā-lia̍p-huan-kiunn-á,大粒番薑仔
tāi-iok,大約
tuā-âng-hue,大紅花
tuā-suè,大細
tuā-sè,大細
tuā-suè-tiūnn,大細丈
tuǎ-suè-tiǔnn,大細丈
tuā-serè-sian,大細仙
tuā-suè-sian,大細仙
tuā-sè-sian,大細仙
tuǎ-suè-sian,大細仙
tuā-suè-sim,大細心
tuā-sè-sim,大細心
tuā-suè-hàn,大細漢
tuā-sè-hàn,大細漢
tuā-suè-ba̍k,大細目
tuā-sè-ba̍k,大細目
tuā-suè-siann,大細聲
tuā-sè-siann,大細聲
tuā-sè-siān,大細腎
tuā-sè-lián,大細輦
tāi-kong,大綱
tuā-huan-thâu,大翻頭
tuā-hī,大耳
tuā-hīnn,大耳
tuā-siann,大聲
tuā-siann-uē,大聲話
tuā-siann-iá-âu,大聲野喉
tuā-tōo,大肚
tuā-tōo-á-hû,大肚仔魚
tuā-tōo-khu,大肚區
tuā-tōo-suann,大肚山
tuā-tōo-kui,大肚胿
tuā-puî,大肥
tuā-náu,大腦
tuā-tn̂g,大腸
tuā-tn̂g-kiànn,大腸鏡
tuā-bak-tóo,大腹肚
tuā-bat-tóo,大腹肚
tuā-pak-tóo,大腹肚
tuā-thuí,大腿
tuā-thuí-kut,大腿骨
tuā-tánn,大膽
tāi-tsū-jiân,大自然
tāi-tsū-liân,大自然
tuā-kū,大舅
tāi-hin-kiong,大興宮
tuā-tsi̍h,大舌
tuā-tsī,大舌
tuǎ-tsi̍h,大舌
tuā-tsi̍h-kháu,大舌口
tuā-sik-huè,大色貨
tuā-sik-hè,大色貨
tāi-huâ,大華
tuā-hio̍h-lám-jîn-tshiū,大葉欖仁樹
tuā-hio̍h-lám-lîn-tshiū,大葉欖仁樹
tuā-tshang-thâu,大蔥頭
tuā-lē,大蛚
tuā-i,大衣
tāi-se-iûnn,大西洋
tuā-uē,大話
tuā-tāu,大豆
tuā-buē,大賣
tuā-bē,大賣
tuā-buē-tiûnn,大賣場
tuā-bē-tiûnn,大賣場
tuā-thàn-tsînn,大趁錢
tuā-kha-tâng,大跤胴
tuā-lōo,大路
tuā-sin-miā,大身命
tuā-sin-tuā-miā,大身大命
tuā-thong,大通
tuā-thong-lōo,大通路
tāi-tō-kong,大道公
tāi-suán,大選
tuā-pōo-hūn,大部份
tāi-pōo-hūn,大部份
tāi-lí,大里
tāi-lí-khu,大里區
tāi-lí-khi̍t,大里杙
tāi-lí-khe,大里溪
tuā-niū,大量
tāi-liōng,大量
tuā-gîn,大銀
tuā-gûn,大銀
tuǎ-tsha,大鎈
tuā-mn̂g,大門
tuā tīn,大陣
tāi-lio̍k,大陸
tuā-ài,大隘
tāi-ngé-khu,大雅區
tuā-hōo,大雨
tāi-suat,大雪
tuā-suat-suann,大雪山
tāi-siat-suann,大雪山
tuā-pà-tsiam-suann,大霸尖山
tuā-bīn-sîn,大面神
tāi-sūn bîn-tso̍k,大順民族
tuā-thâu-bó,大頭拇
tuā-thâu-bú,大頭拇
tuā-thâu-káu-bó,大頭狗母
tuā-thâu-káu-bú,大頭狗母
tuā-thâu-tshài,大頭菜
tuā-thâu-tshang,大頭蔥
tuā-thâu-tshú-á,大頭鼠仔
tuā-ām-kui,大頷胿
tuā-tsia̍h,大食
tuā-pn̄g-tiàm,大飯店
tuā-piánn,大餅
tuā-kiann-sió-kuài,大驚小怪
tāi-thé,大體
tuā-sua,大鯊
tuā-mī,大麵
tuā-mī-kuann,大麵乾
tuā-muâ,大麻
tuā-kóo,大鼓
tuā-lông-pōng,大龍泵
tuā-phiāng,大龐
tuā-lān-pha,大𡳞脬
thian,天
thinn,天
thian-hā,天下
thian-kiú-pâi,天九牌
thian-tsénn,天井
thian-tsínn,天井
thinn-tsénn,天井
thinn-tsínn,天井
thian-hūn,天份
thinn-sài,天使
thian-kè,天價
thinn-kng,天光
thinn-kuinn,天光
thinn-kong,天公
thinn-kong-á-kiánn,天公仔囝
thinn-kong-peh--á,天公伯仔
thinn-kong-tuē-tō,天公地道
thinn-kong-tē-tō,天公地道
thinn-kong-senn,天公生
thinn-kong-sinn,天公生
thinn-kong-tsóo,天公祖
thinn-kong-kim,天公金
thinn-huán-tuē-luān,天反地亂
thinn-huán-tē-luān,天反地亂
thian-hiō,天后
thian-hōo,天后
thian-hiō-kiong,天后宮
thian-hōo-kiong,天后宮
thian-bīng,天命
thian-tuē,天地
thian-tē,天地
thinn-tuē,天地
thinn-tē,天地
thian-tông,天堂
thian-pîng,天平
thinn-nî,天年
thian-tîng,天庭
thian-sìng,天性
thian-ì,天意
thinn-ì,天意
thian-tsâi,天才
thian-bûn,天文
thian-bûn-tâi,天文臺
thian-bûn-kuán,天文館
thinn-tshinn,天星
thian-sî,天時
thinn-sî,天時
thian-kiô,天橋
thian-ki,天機
thinn-beh-kng,天欲光
thinn-bueh-kng,天欲光
thinn-khì,天氣
thian-gâi,天涯
thian-tsai,天災
thian-jiân,天然
thian-liân,天然
thian-jiân-tāu,天然痘
thian-ting,天燈
thinn-ting,天燈
thian-káu-jia̍t,天狗熱
thian-káu-lia̍t,天狗熱
thian-káu-tsia̍h-ji̍t,天狗食日
thian-káu-tsia̍h-li̍t,天狗食日
thian-káu-tsia̍h-ge̍h,天狗食月
thian-káu-tsia̍h-gue̍h,天狗食月
thian-ông,天王
thian-lí,天理
thinn-lí,天理
thian-sing,天生
thian-tsin,天真
thian-pîng,天秤
thinn-khong-sik,天空色
thinn-thang,天窗
thian-phông,天篷
thian-pông,天篷
thian-suànn,天線
thian-liông,天良
thinn-sik,天色
thian-hue,天花
thian-hua-pán,天花板
thian-hù,天賦
thinn-kha-ē,天跤下
thian-gia,天遮
thian-jia,天遮
thian-tsia,天遮
thinn-pinn,天邊
thian-tsè,天際
thinn-tíng,天頂
thian-thé,天體
thian-gô,天鵝
thài,太
thài-pó,太保
thài-pó-tshī,太保市
thài-kong,太公
thài-guân,太原
thài-thài,太太
thài-muē,太妹
thài-tsú,太子
thài-phîng,太平
thài-pîng,太平
thài-pîng-khu,太平區
thài-pîng-iûnn,太平洋
thài-ki̍k,太極
thài-ki̍k-kûn,太極拳
thài-pi̍k-tshenn,太白星
thài-pi̍k-tshinn,太白星
thài-pe̍h-hún,太白粉
thài-pe̍h-tsiú,太白酒
thài--ê,太的
thài-kàm,太監
thài-khong,太空
thài-iâng,太陽
thā-lóo-kooh-tuā-suann,太魯閣大山
thāi-lóo-kooh-tuā-suann,太魯閣大山
thài-mâ-lí,太麻里
thài-mâ-lí-hiong,太麻里鄉
hu,夫
hu-jîn,夫人
hu-lîn,夫人
hu-kun,夫君
hu-tshe,夫妻
hu-hū,夫婦
kuat,夬
kuái,夬
iau,夭
iáu,夭
iáu-siū,夭壽
iáu-siū-á,夭壽仔
iáu-siū sí-gín-á,夭壽死囡仔
iáu-siū-té-miā,夭壽短命
iáu-siū-kut,夭壽骨
iáu-tsiat,夭折
iang,央
iong,央
ng,央
iang-sann-thok-sì,央三託四
iang-tshiànn,央倩
iong-tshiànn,央倩
iang-kah,央教
iang-kà,央教
iong-kah,央教
iang-tshiánn,央請
gia̍h,夯
giâ,夯
háng,夯
khóng,夯
kiâ,夯
giâ-kê,夯枷
giâ-tsio̍h-lián,夯石碾
giâ-ngē-ko,夯硬篙
giâ-ngī-ko,夯硬篙
kó,夰
sit,失
sit-sū,失事
sit-lâng-lé,失人禮
sit-sìn,失信
sit-khì,失去
sit-bī,失味
sit-siông,失常
sit-tik,失德
sit-tsì,失志
sit-ì,失意
sit-luân,失戀
sit-tshiú,失手
sit-siu,失收
sit-hāu,失效
sit-pāi,失敗
sit-kìng,失敬
sit-bîng,失明
sit-bōng,失望
sit-gia̍p,失業
sit-khuì,失氣
sit-tsin,失真
sit-bîn,失眠
sit-sîn,失神
sit-lé,失禮
sit-suàn,失算
sit-sǹg,失算
sit-iok,失約
sit-siann,失聲
sit-lo̍h,失落
sit-kak-tshat,失覺察
sit-giân,失言
sit-gōo,失誤
sit-ngōo,失誤
sit-tiâu,失調
sit-tsong,失蹤
sit-tāng,失重
sit-puê,失陪
sit-tiān,失電
sit-bīn-tsú,失面子
sit-thé-biān,失體面
sit-thé-bīn,失體面
tho,夲
î,夷
khu,夸
khua,夸
kiap,夾
gereh,夾
gueh,夾
kueh,夾
ngeh,夾
ngueh,夾
ngeh-á,夾仔
ngeh-tshài,夾菜
ngueh-tshài,夾菜
kiap-e,夾鍋
kiap-ue,夾鍋
kiap-tiánn,夾鼎
iam,奄
iám,奄
phàu,奅
phānn,奅
kî,奇
kha,奇
khia,奇
ki,奇
kî-biāu,奇妙
kî-miāu,奇妙
kî-giâm,奇岩
kî-khá,奇巧
kî-huàn,奇幻
kî-kuài,奇怪
khia-sòo,奇數
kî-bú-tsut,奇武卒
kî-ī,奇異
kî-bí,奇美
kî-tsik,奇蹟
nāi,奈
tā,奈
ta,奈
nāi-hô,奈何
hōng,奉
hōng-khǹg,奉勸
hōng-thian-kiong,奉天宮
hōng-thāi,奉待
hōng-hiàn,奉獻
hōng-tê,奉茶
hōng-sàng,奉送
khiat,奊
kuî,奊
ke,奎
kui,奎
tsiò,奏
tsàu,奏
tsòo,奏
tsàu-ga̍k,奏樂
huàn,奐
kherè,契
khiat,契
khuè,契
khè,契
siat,契
kherè-hiann,契兄
khuè-hiann,契兄
khè-hiann,契兄
khuè-kiánn,契囝
khè-kiánn,契囝
khuè-bú,契母
khè-bó,契母
khè-bú,契母
khuè-pē,契爸
khè-pē,契爸
khuè-iok,契約
khè-iok,契約
hai,奒
khai,奒
sia,奓
tshí,奓
phun,奔
phun-pho,奔波
pun-pho,奔波
phun-tsáu,奔走
pun-tsáu,奔走
i̍k,奕
ī,奕
ǐ,奕
thò,套
thòo,套
thò-hó,套好
thò-pâng,套房
thò-tsong,套裝
thò-uē,套話
thò-bôo,套謀
thò-thâu-uē,套頭話
tsōng,奘
hê,奚
ke,奞
kui,奞
tiān,奠
ngōo,奡
tshia,奢
tshia-hua,奢華
tshia-iānn,奢颺
îng,奣
ò,奥
ò,奧
òo,奧
ò-biāu,奧妙
ò-miāu,奧妙
ò-ūn,奧運
liâm,奩
tua̍t,奪
un,奫
sik,奭
hùn,奮
hùn-tsiàn,奮戰
pùn-ki-ôo,奮起湖
hùn-tàu,奮鬥
pī,奰
lí,女
lír,女
lú,女
lí-tiong,女中
lú-tiong,女中
lú-jîn,女人
lú-lîn,女人
lú-jî,女兒
lú-lî,女兒
lí-sū,女士
lú-sū,女士
lí-tsú,女子
lú-tsú,女子
lú-tsiòng,女將
lí-sìng,女性
lú-sìng,女性
lí-hong,女方
lú-hong,女方
lú-ông,女王
lí-sîn,女神
lú-sîn,女神
lí-tsong,女裝
lú-tsong,女裝
lôo,奴
lôo-tsâi,奴才
lôo-lē,奴隸
lin,奶
ling,奶
ni,奶
nái,奶
nai,奶
ne,奶
lin-kah--á,奶䘥仔
lin-á,奶仔
ne-á,奶仔
ni-á-phè,奶仔帕
ling-á-bah,奶仔肉
lin-tshuì-á,奶喙仔
ling-tshuì-á,奶喙仔
ni-tshuì-á,奶喙仔
ni-phà,奶帕
lin-phè-á,奶帕仔
ling-phè-á,奶帕仔
ni-phè-á,奶帕仔
lin-bú,奶母
ling-bó,奶母
ling-bú,奶母
ni-bó,奶母
ni-bú,奶母
lin-bú-tshia,奶母車
ling-bó-tshia,奶母車
ling-bú-tshia,奶母車
ni-bó-tshia,奶母車
ni-bú-tshia,奶母車
lin-tsuí,奶水
ling-tsuí,奶水
ni-tsuí,奶水
lin-gâm,奶癌
ling-gâm,奶癌
ni-gâm,奶癌
ling-hún,奶粉
ni-hún,奶粉
lin-tà,奶罩
ling-bah,奶肉
lin-tê,奶茶
ling-tê,奶茶
ni-tê,奶茶
lin-thâu,奶頭
ling-thâu,奶頭
ni-thâu,奶頭
lin-khí,奶齒
ling-khí,奶齒
ni-khí,奶齒
kan,奸
kan-siong,奸商
kan-khiáu,奸巧
kan-tshiò,奸笑
kan-suè,奸細
kan-sè,奸細
kan-sîn,奸臣
kan-sîn-á-tshiò,奸臣仔笑
kan-kuí,奸詭
kan-hiám,奸險
kan-hiông,奸雄
thà,奼
tòo,奼
hònn,好
hó,好
hónn,好
hór,好
hó-sū,好事
hó-lâng,好人
hó-tāi,好代
hó tāi-tsì,好代誌
hó-hūn,好份
hó-ka-tsài,好佳哉
hó-kè,好價
hó-hiann-tī,好兄弟
hó-sè,好勢
hó-kiat-tiāu,好吉兆
hó-miā,好命
hó-bî-sī,好唯是
hó-bī-sī,好唯是
hó-tshuì,好喙
hó-tshuì-táu,好喙斗
hó-tshuì-suí,好喙水
hó-kiánn,好囝
hó-pò,好報
hó pò-ìng,好報應
hó-thinn,好天
hònn-kî,好奇
hó-hó,好好
hó-hó-lâng,好好人
hó-hó-á,好好仔
hó-jī-ūn,好字運
hó-lī-ūn,好字運
hònn-kheh,好客
hó-nî-tang,好年冬
hó-tshái-thâu,好彩頭
hó-tit,好得
hó-sim,好心
hó-sìng-tuē,好性地
hó-sìng-tē,好性地
hó-ì,好意
hó-kám,好感
hó-tsâi,好才
hó liú-la̍k,好扭搦
hó-liāu--ê,好料的
hó-ji̍t,好日
hó-li̍t,好日
hó-ki-kut,好枝骨
hó-khuán,好款
hó-pháinn,好歹
hó-sí,好死
hó-sí-m̄-sí,好死毋死
hó siau-sit,好消息
hó-hàn,好漢
hó-káu-ūn,好狗運
hònn-hiân,好玄
hó-iōng,好用
hó-īng,好用
hó-khuànn,好看
hó-khuànn-thâu,好看頭
hó-lé,好禮
hó-lé-á,好禮仔
hó-khang,好空
hó-tshiò,好笑
hó-tshiò-sîn,好笑神
hó-thiann,好聽
hó-io-tshī,好育飼
hó-tánn,好膽
hònn-sik,好色
hó-tshù,好處
hó-uē,好話
hó-ūn,好運
hó-tsiú,好酒
hó-liōng,好量
hó-thâu-tshuì,好頭喙
hó-thâu-tshái,好頭彩
hó-gia̍h,好額
hó-gia̍h-lâng,好額人
hó-giā-lâng,好額人
hór-gia̍h-lâng,好額人
hór-giā-lâng,好額人
hó-hong-ji̍t,好風日
hó-hong-li̍t,好風日
hó-tsia̍h,好食
hó-tsia̍h-khùn,好食睏
hó-phīnn-sai,好鼻獅
tsiok,妁
jî,如
jû,如
lû,如
lî,如
jû-kim,如今
lû-kim,如今
jû-hô,如何
lû-hô,如何
jû-lâi,如來
lû-lâi,如來
jû-lâi-hu̍t-tsóo,如來佛祖
jû-lâi-pu̍t-tsóo,如來佛祖
lû-lâi-hu̍t-tsóo,如來佛祖
lû-lâi-pu̍t-tsóo,如來佛祖
jû-tông,如同
lû-tông,如同
jû-hu-jîn,如夫人
lû-hu-lîn,如夫人
jû-ì,如意
lû-ì,如意
jû-kó,如果
lû-kó,如果
jî-tshú,如此
jû-tshú,如此
lî-tshú,如此
lû-tshú,如此
jî-tshú-jî-tshú,如此如此
jû-tshú-jû-tshú,如此如此
lî-tshú-lî-tshú,如此如此
lû-tshú-lû-tshú,如此如此
hui,妃
bōng,妄
jīm,妊
tsíng,妌
gian,妍
gián,妍
giân,妍
hâi,妎
kài,妎
bûn,妏
būn,妏
tsiong,妐
pa,妑
tòo,妒
ki,妓
kī,妓
ki-lí,妓女
ki-lú,妓女
ki-lí-hōo,妓女戶
ki-lír-hōo,妓女戶
ki-lú-hōo,妓女戶
ki-lú-īnn,妓女院
iau,妖
iau-kiau,妖嬌
iau-gia̍t,妖孽
iau-kuài,妖怪
iau-tsiann,妖精
iau-su̍t,妖術
iau-tō,妖道
kīm,妗
kīm-á,妗仔
kīm-pô,妗婆
în,妘
ûn,妘
biāu,妙
miāu,妙
biāu-hng,妙方
miāu-hng,妙方
kuat,妜
tsng,妝
tsong,妝
tsng-thānn,妝娗
liú,妞
àn,妟
la̍p,妠
him,妡
pí,妣
î,妤
û,妤
thò,妥
thò-hia̍p,妥協
thò-tòng,妥當
hong,妦
guán,妧
hông,妨
hông-hāi,妨害
hông-gāi,妨礙
tòo,妬
nî,妮
thiu,妯
tio̍k,妯
tiû,妯
ti̍k-lí,妯娌
tat,妲
thán,妲
nái,妳
hiân,妶
muī,妹
bē,妹
bēr,妹
běr,妹
muāi,妹
muē,妹
māi,妹
bē-sài,妹婿
bēr-sài,妹婿
běr-sài,妹婿
muāi-sài,妹婿
muē-sài,妹婿
tshe,妻
tshue,妻
tshe-kū,妻舅
tshie-kǔ,妻舅
tshiap,妾
hú,姁
hua̍t,姂
tsing,姃
phuàn,姅
puàn,姅
bóo,姆
ḿ,姆
ḿ--á,姆仔
ḿ-pô,姆婆
ḿ-pôr,姆婆
lîng,姈
tsí,姉
tsé,姊
tsí,姊
tsé--á,姊仔
tsí--á,姊仔
tsié-hu,姊夫
tsé-hu,姊夫
tsí-hu,姊夫
tsí-bē,姊妹
tsí-bēr,姊妹
tsí-běr,姊妹
tsí-muāi,姊妹
tsí-muē,姊妹
tsí-māi,姊妹
tsí-bē-á,姊妹仔
tsí-bēr-á,姊妹仔
tsí-bē-á-phuānn,姊妹仔伴
tsí-muāi-á-phuānn,姊妹仔伴
tsí-muē-á-phuānn,姊妹仔伴
sí,始
sú,始
san,姍
sat,姍
sian,姍
tsiá,姐
tsiá-tē-á,姐弟仔
tsiá-bó,姐母
tsiáu-bó,姐母
tsiá-bó-á,姐母仔
koo,姑
koo-tiōnn,姑丈
koo-tiūnn,姑丈
koo-tiǔnn,姑丈
koo-tiǔnn-kong,姑丈公
koo-put-tsiong,姑不將
koo-put-jî-tsiong,姑不而將
koo-put-lî-tsiong,姑不而將
koo-î,姑姨
koo-î-kū-kīm,姑姨舅妗
koo-niû,姑娘
koo-pô,姑婆
koo-pôr,姑婆
koo-tsiânn,姑情
koo-uānn-só,姑換嫂
koo-iâ,姑爺
koo-piáu,姑表
sāi,姒
sū,姒
sènn,姓
sìng,姓
sìnn,姓
sènn-miâ,姓名
sìng-bîng,姓名
sìnn-miâ,姓名
uí,委
uí-jīm,委任
uí-līm,委任
uí-guân,委員
uí-uân,委員
uí-guân-huē,委員會
uí-uân-huē,委員會
uí-khut,委屈
uí-phài,委派
uí-thok,委託
tshu,姕
tshû,姕
san,姗
phing,姘
jîm,姙
jīm,姙
iâu,姚
iô,姚
tōng,姛
khiang,姜
khiong,姜
khiunn,姜
kiang,姜
khionn,姜
kiong,姜
kionn,姜
kiunn,姜
khiong-lîm,姜林
kiang-lîm,姜林
tu,姝
khiat,姞
kiat,姞
hāu,姣
káu,姣
kòo,姤
bóo,姥
kan,姦
kàn,姦
kàn-lín-niâ,姦恁娘
kàn-lín-niâ-tsi-bai,姦恁娘膣屄
kan-tsîng,姦情
kàn-kiāu,姦撟
î,姨
î-tiōnn,姨丈
î-tiūnn,姨丈
î-tiǔnn,姨丈
î-tiǔnn-kong,姨丈公
î--á,姨仔
î-á,姨仔
î-pô,姨婆
î-pôr,姨婆
î-piáu,姨表
ti̍t,姪
tsit,姪
ti̍t--á,姪仔
ti̍t-á,姪仔
ti̍t-sin-pū,姪新婦
tsín,姫
ki,姬
tsín,姬
hiàm,姭
hîng,姮
khua,姱
bîng,姳
puē,姵
ap,姶
iū,姷
gian,姸
giân,姸
tòo,姹
sian,姺
sin,姺
ian,姻
in,姻
im-iân,姻緣
in-iân,姻緣
tshit,姼
tshí,姼
tshit-á,姼仔
tshit-á-khue,姼仔詼
guí,姽
khuí,姽
tsu,姿
tsu-sè,姿勢
tsu-niû,姿娘
tsu-thài,姿態
tsu-sik,姿色
siong,娀
ui,威
ui-li̍k,威力
ui-hik,威嚇
ui-giâm,威嚴
ui-khuân,威權
ui-kuân,威權
ui-hia̍p,威脅
ui-hong,威風
ua,娃
phing,娉
phìng,娉
hián,娊
tshiok,娋
lí,娌
sîng,娍
sīng,娍
so,娑
bí,娓
tshiok,娕
tshiok,娖
tîng,娗
liâng,娘
liông,娘
niôo,娘
niû,娘
niâ,娘
niû--á,娘仔
niû-á,娘仔
niû-á-tshiū,娘仔樹
niû-á-tshiū-tsí,娘仔樹子
niû-á-tsâng,娘仔欉
niû-á-si,娘仔絲
niû-á-kián,娘仔繭
niû-á-kán,娘仔繭
niû-á-hio̍h,娘仔葉
niû-á-hê,娘仔蝦
niû-á-khok,娘仔觳
niû-á-phok,娘仔觳
niû-á-khok-á,娘仔觳仔
niû-á-tāu,娘仔豆
niû-kiánn,娘囝
niû-niû,娘娘
niôo-lé,娘嬭
niû-lé,娘嬭
niû-kán,娘𡢃
híng,娙
hîng,娙
gî,娛
gôo,娛
gû,娛
gōo,娛
ngôo,娛
ngōo,娛
gôo-lo̍k,娛樂
gû-lo̍k,娛樂
ngôo-lo̍k,娛樂
lô,娜
ná,娜
kuan,娟
sin,娠
tē,娣
ngôo,娥
bián,娩
buán,娩
bú,娬
hi,娭
lī,娳
tsoo,娵
tshù,娶
tshū,娶
tshuā,娶
tshuā-sin-niû,娶新娘
tshuā-sin-pū,娶新婦
tshuā-bóo,娶某
tshuǎ-bóo,娶某
khi,娸
tshuat,娺
tshiang,娼
tshiong,娼
tshang,娼
lo̍k,娽
ó,婀
liô,婁
lôo,婁
lô,婁
pô,婆
pôo,婆
pôr,婆
pô-á,婆仔
pô-tsiá,婆姐
pôr-tsiá,婆姐
tshái,婇
uán,婉
piáu,婊
piáu-kiánn,婊囝
piáu-king,婊間
piáu-thâu,婊頭
siok,婌
khí,婍
hui,婓
huî,婓
tsiap,婕
tsia̍t,婕
guê,婗
gê,婗
kuàn,婘
kuân,婘
hun,婚
hun-in,婚姻
hun-lé,婚禮
hun-iok,婚約
híng,婞
hīng,婞
pī,婢
ian,婣
in,婣
tshiok,婥
hū,婦
pū,婦
hū-jîn-lâng,婦人人
hū-lîn-lâng,婦人人
hū-lí,婦女
hū-lú,婦女
hū-sán-kho,婦產科
tshìng,婧
tsīng,婧
gān,婩
lâm,婪
îm,婬
à,婭
tîng,婷
tōng,婸
giang,婸
iau,婹
bo̍k,婺
bū,婺
tshiok,婼
sài,婿
sè,婿
uî,媁
giû,媃
jiû,媃
liû,媃
bí,媄
jūn,媆
luán,媆
lūn,媆
hûn,媈
tsian,媊
tsiân,媊
biâu,媌
mâu,媌
bâ,媌
bâ-á,媌仔
hū,媍
tsiá,媎
hm̂,媒
hûn,媒
muâi,媒
muê,媒
muî,媒
m̂,媒
hm̂-lâng,媒人
hûn-lâng,媒人
muâi-lâng,媒人
muê-lâng,媒人
muî-lâng,媒人
hm̂-lâng-kong,媒人公
muê-lâng-kong,媒人公
muî-lâng-kong,媒人公
hm̂-lâng-tshuì,媒人喙
muê-lâng-tshuì,媒人喙
muî-lâng-tshuì,媒人喙
hm̂-lâng-pô,媒人婆
muâi-lâng-pôr,媒人婆
muê-lâng-pô,媒人婆
muî-lâng-pô,媒人婆
muê-lâng-pô--á,媒人婆仔
hm̂-lâng-lé,媒人禮
muê-lâng-lé,媒人禮
muî-lâng-lé,媒人禮
muî-kài,媒介
muî-thé,媒體
hông,媓
ing,媖
huan,媗
suan,媗
bī,媚
uân,媛
uān,媛
tsing,媜
tê,媞
siat,媟
thò,媠
suí,媠
suí-miā,媠命
suí-tang-tang,媠噹噹
suí-khuì,媠氣
suí-sik,媠色
suí-bīn,媠面
mōo,媢
jiám,媣
jiām,媣
uī,媦
kua,媧
o,媧
ua,媧
thoo,媮
guī,媯
tshu,媰
iâu,媱
pì,媲
pî,媲
sik,媳
sit,媳
īn,媵
tshi,媸
bí,媺
phuân,媻
puân,媻
ut,媼
áu,媼
ùn,媼
ún,媼
má,媽
ma,媽
mah,媽
má-î,媽姨
ma-ma,媽媽
ma-mah,媽媽
má-mah,媽媽
má-sun-á,媽孫仔
má-king,媽宮
má-tsóo,媽祖
má-tsóo-pô,媽祖婆
má-tsóo-pô senn-ji̍t,媽祖婆生日
má-tsóo-pô sinn-li̍t,媽祖婆生日
má-tsóo-king,媽祖宮
má-tsóo-biō,媽祖廟
má-tsóo-senn,媽祖生
má-tsóo-sinn,媽祖生
má-tsóo senn-ji̍t,媽祖生日
má-tsóo sinn-li̍t,媽祖生日
má-tsóo-tshân,媽祖田
koo,媾
kòo,媾
khuì,媿
kà,嫁
kè,嫁
kè-tshuā,嫁娶
kè tsa-bóo-kiánn,嫁查某囝
kè-tsng,嫁粧
kè-ang,嫁翁
só,嫂
sóo,嫂
sór,嫂
guân,嫄
iông,嫆
bîng,嫇
ing,嫈
tsi̍k,嫉
liáu,嫋
hiâm,嫌
hiâm-huān,嫌犯
hiâm-gî,嫌疑
hiâu,嫐
liáu,嫐
phiâu,嫖
phiâu-kheh,嫖客
óo,嫗
suân,嫙
bān,嫚
tsiong,嫜
lî,嫠
tik,嫡
kui,嫢
kuí,嫢
ian,嫣
tsuan,嫥
siông,嫦
siông-ngôo,嫦娥
jūn,嫩
luán,嫩
lūn,嫩
lô,嫪
lō,嫪
bi̍k,嫫
bôo,嫫
hōo,嫭
hōo,嫮
phiat,嫳
piat,嫳
koo,嫴
bú,嫵
hân,嫺
hân,嫻
liáu,嫽
liâu,嫽
huā,嬅
huè,嬇
huì,嬇
uì,嬇
jiáu,嬈
jiâu,嬈
hiâu,嬈
hiâu-hue,嬈花
hi,嬉
siân,嬋
kiau,嬌
ì,嬑
huān,嬔
phì,嬖
pì,嬖
siân,嬗
tshiông,嬙
khîng,嬛
hiau,嬝
niáu,嬝
ài,嬡
lîng,嬣
bó,嬤
thiáu,嬥
tiâu,嬥
ti̍k,嬥
tsû,嬨
pîn,嬪
pīn,嬪
nái,嬭
lé,嬭
iàm,嬮
enn,嬰
ing,嬰
inn,嬰
ìnn,嬰
enn-á,嬰仔
inn--á,嬰仔
ìnn-bó-á,嬰母仔
ìnn-bú-á,嬰母仔
liáu,嬲
siáu,嬲
îng,嬴
sím,嬸
tsím,嬸
tsím-pô,嬸婆
tsím-pôr,嬸婆
lán,嬾
iàn,嬿
song,孀
jióng,孃
jiông,孃
liông,孃
siam,孅
lê,孋
luân,孌
sio̍k,孎
tsiok,孎
tsí,子
tsír,子
tsú,子
jí,子
lí,子
tsí-á,子仔
tsú-lí,子女
tsú-lú,子女
tsír-sun-tháng,子孫桶
tsú-sun-tháng,子孫桶
tsú-kiong,子宮
tsú-tē,子弟
tsú-tē-hì,子弟戲
tsú-sî,子時
tsú-bîn,子民
tsú-im,子音
khiat,孑
khóng,孔
kháng,孔
khóng-tsú-kong,孔子公
khóng-tsú-biō,孔子廟
khóng-bîng-ting,孔明燈
khóng-bîng-tshia,孔明車
khóng-tshiok,孔雀
īn,孕
īn-io̍k,孕育
tsu,孖
gī,字
jī,字
lī,字
jū,字
lǐ,字
tsū,字
jī-tián,字典
lī-tián,字典
jī-ue̍h,字劃
lī-ue̍h,字劃
gī-ûn,字勻
jī-ûn,字勻
lī-ûn,字勻
jī-hîng,字型
lī-hîng,字型
gī-sènn,字姓
jī-sènn,字姓
lī-sìnn,字姓
jī-bōo,字幕
lī-bōo,字幕
jī-kì,字據
lī-kù,字據
jī-tiâu,字條
lī-tiâu,字條
jī-tiâu-á,字條仔
lī-tiâu-á,字條仔
jī-iūnn,字樣
lī-iūnn,字樣
jī-bó,字母
jī-bú,字母
lī-bó,字母
lī-bú,字母
jī-pîng,字爿
lī-pîng,字爿
jī-ba̍k,字目
lī-ba̍k,字目
jī-gán,字眼
lī-gán,字眼
jī-tsuá,字紙
lī-tsuá,字紙
jī-tsuá-láng,字紙籠
lī-tsuá-láng,字紙籠
jī-hō,字號
lī-hō,字號
jī-ūn,字運
lī-ūn,字運
jī-thé,字體
lī-thé,字體
tshûn,存
tsûn,存
tsûn-tshú,存取
tsûn-tsāi,存在
tshûn-āu-pōo,存後步
tshûn-sim,存心
tsûn-sim,存心
tsûn-hōo,存戶
tsûn-tòng,存檔
tsûn-tóng,存檔
tsûn-khuán,存款
tsûn-khuánn,存款
tshûn-sí,存死
tshūn-sí,存死
tsûn-ua̍h,存活
tshûn-pān,存範
tshūn-pān,存範
tsûn-huè,存貨
tsûn-hè,存貨
hu,孚
puē,孛
pu̍t,孛
tsu,孜
hà,孝
hàu,孝
hàu-tai,孝呆
hàu-lí,孝女
hàu-lú,孝女
hàu-tsú,孝子
hàu-koo,孝孤
hà-bué,孝尾
hà-bé,孝尾
hà-bué-kiánn,孝尾囝
hà-bé-kiánn,孝尾囝
hàu-sim,孝心
hàu-kìng,孝敬
hà-thn̄g,孝杖
hàu-lâm,孝男
hàu-lâm-bīn,孝男面
hà-sann,孝衫
bīng,孟
kuì,季
kuì-khan,季刊
kuì-tseh,季節
kuì-tsiat,季節
kuì-tsueh,季節
kuì-kun,季軍
koo,孤
koo-láu,孤佬
koo-jî,孤兒
koo-lî,孤兒
koo-tsiàm,孤占
koo-tuann,孤單
koo-kiánn,孤囝
koo-sng,孤孀
koo-tsa-bóo-kiánn,孤查某囝
koo-pênn,孤棚
koo-pînn,孤棚
koo-moo,孤毛
koo-môo,孤毛
koo-moo-tse̍h-tsíng,孤毛絕種
koo-moo-tse̍rh-tsíng,孤毛絕種
koo-ta̍k,孤獨
koo-to̍k,孤獨
koo-li̍p,孤立
koo-hâng-to̍k-tshī,孤行獨市
koo-kha-tshiú,孤跤手
koo-sin,孤身
koo-mn̂g-to̍k-tshī,孤門獨市
koo-ke-á,孤雞仔
koo-kue-á,孤雞仔
koo-sng,孤霜
koo-niáu,孤鳥
koo-tsiáu,孤鳥
koo-khut,孤𣮈
koo-khu̍t,孤𣮈
koo-khu̍t--ê,孤𣮈的
koo-khu̍t-tse̍h-tsíng,孤𣮈絕種
lôo,孥
hâi,孩
sng,孫
suinn,孫
sun,孫
sun--á,孫仔
sun-á,孫仔
sng-lâu,孫劉
suinn-lâu,孫劉
sun-lâu,孫劉
sun-sài,孫婿
sun-só,孫嫂
sun-sin-pū,孫新婦
sng-lîm,孫林
suinn-lîm,孫林
sun-lîm,孫林
uāi,孬
tsông,孮
sio̍k,孰
tshan,孱
tsu,孳
hu,孵
pū,孵
pū-nn̄g,孵卵
pū-nuī,孵卵
pǔ-nňg,孵卵
pū-siū,孵岫
pū-lâng,孵膿
o̍h,學
ha̍k,學
o̍rh,學
o̍h--lâng,學人
o̍h-á,學仔
o̍h-á-sian,學仔仙
ha̍k-uī,學位
ha̍k-hun,學分
ha̍k-li̍k,學力
ha̍k-khu,學區
ha̍k-miâ,學名
ha̍k-guân,學員
ha̍k-uân,學員
ha̍k-būn,學問
o̍h-tn̂g,學堂
ha̍k-sū,學士
ha̍k-liâu,學寮
o̍h-liâu,學寮
o̍h kang-hu,學工夫
ha̍k-nî,學年
ha̍k-nî-tōo,學年度
ha̍k-hú,學府
ha̍k-huē,學會
ha̍k-kî,學期
ha̍k-hāu,學校
ha̍k-gia̍p,學業
ha̍k-li̍k,學歷
ha̍k-lí,學理
ha̍k-sing,學生
ha̍k-kah-khu,學甲區
ha̍k-kài,學界
ha̍k-kho,學科
ha̍k-si̍p,學習
ha̍k-tsiá,學者
ha̍k-su̍t,學術
o̍h-uē,學話
ha̍k-suat,學說
ha̍k-sik,學識
ha̍k-huì,學費
ha̍k-tióng,學長
ha̍k-tiúnn,學長
ha̍k-īnn,學院
jû,孺
luán,孺
nâi,孻
gia̍t,孽
gia̍t-á-uē,孽仔話
gia̍t-tsú,孽子
gia̍t-siâu,孽潲
gia̍t-thiok-á-uē,孽畜仔話
gia̍t-khiat-á-uē,孽譎仔話
luan,孿
luân,孿
biân,宀
thú,宁
tô,它
thò,它
thō,它
khuí,宄
kuí,宄
the̍h,宅
thi̍k,宅
í,宇
ú,宇
ú-tiū,宇宙
siù,守
siú,守
tsiú,守
tsiúnn,守
siú-pī,守備
siú-tsik,守則
siú-kiong,守宮
tsiú-kuá,守寡
tsiúnn-kuánn,守寡
tsiú-mê,守暝
tsiú-mî,守暝
siú-huat,守法
tsiú khang-pâng,守空房
tsiúnn khang-pâng,守空房
siú-tsiat,守節
siú-uē,守衛
siú-uī,守衛
siú-hōo,守護
an,安
uann,安
an-hūn,安份
an-tsuân,安全
an-tsuân-tuà,安全帶
an-lâm-khu,安南區
an-thóo,安土
an thài-suè,安太歲
an-the̍h,安宅
an-tīng,安定
an-tīng-khu,安定區
an-ka,安家
an-ke,安家
an-lîng,安寧
an-pîng-khu,安平區
an-pîng-tìn,安平鎮
an-tshn̂g,安床
àm-khinn,安康
an-sim,安心
an-uì,安慰
an-tánn,安打
an-pâi,安排
an-tshah,安插
an-tah,安搭
an-lo̍k-khu,安樂區
an-sán,安產
an-bîn,安眠
an-ún,安穩
an-tì,安置
an-thai,安胎
an-tsòng,安葬
an-tsong,安裝
an-siông,安詳
an-sin,安身
an-lîng,安靈
an-tsīng,安靜
an-ióng,安養
an-iúnn,安養
sàng,宋
sòng,宋
siòng-kang-tīn,宋江陣
sòng-kang-tīn,宋江陣
sòng-phàn--ê,宋盼的
sòng-bí-á,宋米仔
uân,完
uân-pī,完備
uân-tsuân,完全
uân-siān,完善
uân-hun,完婚
uân-kang,完工
uân-sîng,完成
uân-tsíng,完整
uân-kiat,完結
uân-kiat-phinn,完結篇
uân-bí,完美
hông,宏
hông-kuan,宏觀
ho̍k,宓
bi̍t,宓
thōng,宕
tōng,宕
hông,宖
tsong,宗
tsong-kàu,宗教
tsong-tso̍k,宗族
tsong-tsí,宗旨
tsong-sû,宗祠
tsong-tshin,宗親
kuann,官
kuan,官
kuann-tiān,官佃
kuann-liâu,官僚
kuann-ping,官兵
kuann-si,官司
kuann-lī,官吏
kuann-guân,官員
kuann-uân,官員
kuann-tiûnn,官場
kuann-thiann,官廳
kuann-hong,官方
kuann-tiān-khu,官田區
kuann-tiān-khe,官田溪
kuann-tsit,官職
kuann-uē,官話
tiū,宙
tiānn,定
tīng,定
tīng-uī,定位
tiānn-tsuè,定做
tiānn-tsò,定做
tīng-tsuè,定做
tīng-tsò,定做
tīng-kè,定價
tīng-kong-hu̍t-biō,定光佛廟
tiānn--khì,定去
tīng-tsûn,定存
tiānn-tiānn,定定
tīng-ki,定居
tīng-ku,定居
tīng-lu̍t,定律
tīng-sìng,定性
tīng-sî,定時
tīng-kî,定期
tīng-àn,定案
tīng-tòng,定當
tīng-tsuē,定罪
tīng-gī,定義
tiānn-tio̍h,定著
tīng-kui,定規
tīng-tshin,定親
tīng-lūn,定論
tiānn-huè,定貨
tiānn-hè,定貨
tīng-huè,定貨
tīng-hè,定貨
tīng-sok,定速
tiānn-kim,定金
tiānn-gîn,定銀
tiānn-gûn,定銀
tīng-gia̍h,定額
tīng-tiám,定點
uán,宛
uán-jiân,宛然
uán-liân,宛然
gî,宜
gî-lân,宜蘭
gî-lân-tshī,宜蘭市
gî-lân-hô,宜蘭河
gî-lân-kuān,宜蘭縣
pó,宝
póo,宝
kheh,客
khik,客
kheh-tshuàn,客串
kheh-lâng,客人
kheh-ka,客家
kheh-tiàm,客店
kheh-thiann,客廳
kheh-hōo,客戶
kheh-pâng,客房
kheh-tsàn,客棧
kheh-ki,客機
kheh-khì,客氣
kheh-guân,客源
kheh-buán,客滿
kheh-muá,客滿
kheh-kuan,客觀
khik-kuan,客觀
kheh-uē,客話
kheh-gí,客語
kheh-gú,客語
kheh-ūn,客運
kheh-tsiáu,客鳥
suan,宣
suan-pòo,宣佈
suan-thuân,宣傳
suan-phuànn,宣判
suan-kò,宣告
suan-tō,宣導
suan-tsiàn,宣戰
suan-iông,宣揚
suan-sī,宣示
suan-tshing,宣稱
suan-giân,宣言
suan-sè,宣誓
suan-tho̍k,宣讀
sik,室
sit,室
sik-lāi,室內
sik-guā,室外
sik-un,室溫
iū,宥
huān,宦
sîng,宬
kûn,宭
king,宮
kiong,宮
king-kong,宮公
kiong-lí,宮女
kiong-lú,宮女
king-biō,宮廟
kiong-biō,宮廟
kiong-tîng,宮廷
kiong-tiān,宮殿
tsáinn,宰
tsái,宰
hāi,害
hāi-liáu-liáu,害了了
hāi--khì,害去
hāi-thâng,害蟲
iàn,宴
iàn-huē,宴會
iàn-tshiánn,宴請
siau,宵
siau-iā,宵夜
siau-kìm,宵禁
ke,家
ka,家
ka-sū,家事
ke-hué,家伙
ke-hé,家伙
ke-hér,家伙
ke lāi,家內
ke-lāi,家內
ka-khū,家具
ka-kū,家具
ka-bū,家務
ke-kháu,家口
ka-hn̂g,家園
ka-kíng,家境
ke-pô,家婆
ke-ke-hōo-hōo,家家戶戶
ka-sio̍k,家屬
ka-kī,家己
ka-tī,家己
kai-kī,家己
ka-kī-lâng,家己人
ka-tī-lâng,家己人
ka-tîng,家庭
ka-biō,家廟
ke-āu,家後
ka-hû,家扶
ka-hû tiong-sim,家扶中心
ka-kàu,家教
ka-tso̍k,家族
ka-sán,家產
ka-iōng,家用
ke-kah,家甲
ka-kuàn,家眷
ka-khîm,家禽
ke-si,家私
ke-si-thâu,家私頭
ke-si-thâu--á,家私頭仔
ke-si-thâu-á,家私頭仔
ka-phóo,家譜
ka-hiong,家鄉
ka-tiúnn,家長
ka-mn̂g,家門
ka-tiān,家電
sîn,宸
iông,容
iông-ín,容允
iông-ún,容允
iông-ī,容易
iông-tsik,容積
iông-tsik-lu̍t,容積率
iông-māu,容貌
bi̍t,宻
pin,宾
siù,宿
siok,宿
sok,宿
siok-bīng,宿命
sok-miā,宿命
siok-uàn,宿怨
siok-sià,宿舍
sok-sià,宿舍
siok-tuê,宿題
siok-tê,宿題
tshái,寀
tsia̍t,寁
tsám,寁
tsi̍k,寂
tsi̍p,寂
tsi̍t,寂
siok,寂
siok-bo̍k,寂寞
tsi̍k-bo̍k,寂寞
uan,寃
kià,寄
kì,寄
kiat-á-sinn,寄仔生
kià-hù,寄付
kià-tshuì,寄喙
kià-ki,寄居
kià-ku,寄居
kià-phue,寄批
kià-bāng,寄望
kià-sinn,寄生
kiànn-sinn,寄生
kià-senn-á,寄生仔
kià-sinn-á,寄生仔
kiànn-senn-á,寄生仔
kiànn-sinn-á,寄生仔
kià-senn-thâng,寄生蟲
kià-sinn-thâng,寄生蟲
kià-tsuē,寄罪
kià-siann,寄聲
kià-io̍h-pau,寄藥包
kià-thok,寄託
kià-uē,寄話
kià-buē,寄賣
kià-bē,寄賣
kià-kha,寄跤
kià-kim-phōo-á,寄金簿仔
în,寅
ba̍t,密
bi̍t,密
bi̍t-tshiat,密切
bi̍t-kò,密告
ba̍t-tsiuh-tsiuh,密喌喌
bi̍t-pô,密婆
bi̍t-sik,密室
ba̍t-ba̍t,密密
ba̍t-ba̍t-sī,密密是
ba̍t-tsa̍t,密實
bi̍t-tōo,密度
bi̍t-bé,密碼
bi̍t-tsi̍p,密集
khiò,寇
khòo,寇
khak,寉
kián,寋
pù,富
hù,富
hù-kong,富岡
hù-kiông,富強
hù-hōo,富戶
hù-guân,富源
hù-guân-khe,富源溪
hù-jū,富裕
hù-lū,富裕
hù-kuì,富貴
hù-kuì-kak,富貴角
hù-tsiok,富足
hù-lí,富里
hù-lí-hiong,富里鄉
lîng,寍
pìng,寎
píng,寎
bī,寐
hân,寒
kuânn,寒
gân,寒
kuânn--lâng,寒人
hân-ká,寒假
hân-líng,寒冷
kuânn-thinn,寒天
kuânn-thinn--lâng,寒天人
hân-tài,寒帶
hân-liû,寒流
kuânn-jua̍h,寒熱
kuânn-lua̍h,寒熱
kuânn-jia̍t-á,寒熱仔
kuânn-lia̍t-á,寒熱仔
kuânn--tio̍h,寒著
kuânn--tio̍rh,寒著
kuânn-sann,寒衫
hân-san,寒酸
hân-suan,寒酸
hân-lōo,寒露
gī,寓
gū,寓
ù,寓
ú,寓
si̍t,寔
tsìm,寖
bīng,寗
lîng,寗
līn,寗
līng,寗
tì,寘
khuann,寛
bo̍k,寞
tshat,察
kù,寠
kú,寠
lú,寠
kuá,寡
kuánn,寡
kuá-hū,寡婦
kuánn-hū,寡婦
tshím,寢
khím,寢
khím-sik,寢室
tshím-sik,寢室
tshím-khai-sí,寢開始
tshím-thâu,寢頭
tshím-thâu-á,寢頭仔
gōo,寤
ngōo,寤
liâu,寥
si̍t,實
tsa̍t,實
tsa̍t-ham,實䈄
si̍t-lē,實例
si̍t-kè,實價
si̍t-li̍k,實力
si̍t-bū,實務
si̍t-tsāi,實在
si̍t-tuē,實地
si̍t-tē,實地
tsa̍t-tsa̍t,實實
si̍t-tsîng,實情
si̍t-tsiàn,實戰
tsa̍t-thóng-thóng,實捅捅
si̍t-si,實施
tsa̍t-tsinn,實櫼
si̍t-hóng,實況
si̍t-hiān,實現
si̍t-iōng,實用
si̍t-si̍p,實習
tsa̍t-pak,實腹
tsa̍t-mo̍oh,實膜
si̍t-hîng,實行
si̍t-uē,實話
si̍t-tsit,實質
si̍t-tsiān,實踐
si̍t-tsè,實際
tsa̍t-thâu,實頭
tsa̍t-thâu-tsa̍t-náu,實頭實腦
si̍t-giām,實驗
si̍t-thé,實體
tsa̍t-phīnn,實鼻
lîng,寧
lîng-khó,寧可
lîng-tsīng,寧靜
tsē,寨
sím,審
sím-phuànn,審判
sím-mn̄g,審問
sím-tīng,審定
sím-tsa,審查
sím-hi̍k,審核
sím-lí,審理
sím-sī,審視
sím-gī,審議
guî,寪
uí,寪
siá,寫
siá-tsok,寫作
siá-jī,寫字
siá-lī,寫字
siá-lǐ,寫字
siá-jī-toh,寫字桌
siá-lī-toh,寫字桌
siá-si̍t,寫實
siá-tsiàu,寫照
siá-sing,寫生
siá-tsin,寫真
siá-tsin-tsi̍p,寫真集
khuann,寬
khuan,寬
khuan-iông,寬容
khuann-khuann-á,寬寬仔
khuann-khuann-á-sī,寬寬仔是
khuan-sù,寬恕
khuann-kiânn,寬行
khuan-jū,寬裕
khuan-lū,寬裕
khuan-hān,寬限
khuan-ān,寬限
khuan-pîn,寬頻
liâu,寮
liâu-á,寮仔
tsùn,寯
huân,寰
gē,寱
thióng,寵
thíng,寵
thíng-sīng,寵倖
thióng-bu̍t,寵物
pó,寶
póo,寶
pór,寶
pó-tián,寶典
pó-kiàm,寶劍
pó-tuē,寶地
pó-tē,寶地
pó-san-hiong,寶山鄉
pó-tó,寶島
pó-tóo,寶島
pó-tsō,寶座
pó-sioh,寶惜
pó-táu,寶斗
pó-song-tsng,寶桑莊
pó-tsio̍h,寶石
pó-tsōng,寶藏
pó-puè,寶貝
pó-kuì,寶貴
tshùn,寸
tshùn-tshioh,寸尺
tshùn-tsó,寸棗
sī,寺
sī-īnn,寺院
hong,封
pang,封
hong-tshuì,封喙
hong-kiàn,封建
hong-tiâu,封條
pang-tiâu,封條
hong-sat,封殺
hong-bah,封肉
hong-ting,封釘
hong-só,封鎖
hong-pì,封閉
hong-kuan,封關
hong-thâu-piah,封頭壁
hu,尃
i̍k,射
siā,射
siā-thîng,射程
siā-tîng,射程
siā-tâng,射筒
siā-tsìnn,射箭
siā-mn̂g,射門
khik,尅
tsiang,將
tsiong,將
tsiàng,將
tsiòng,將
tsiong-lâi,將來
tsiòng-sū,將士
tsiong-sim-pí-sim,將心比心
tsiàng-tsâi,將才
tsiòng-tsâi,將才
tsiong-kun,將軍
tsiong-kun-khu,將軍區
tsiong-kun-tsng,將軍莊
tsiong-kīn,將近
tsiong-kūn,將近
tsuan,專
tsuan-jîn,專人
tsuan-lâng,專人
tsuan-lîn,專人
tsuan-jīm,專任
tsuan-līm,專任
tsuan-lī,專利
tsuan-tsè,專制
tsuan-guân,專員
tsuan-uân,專員
tsuan-ka,專家
tsuan-kang,專工
tsuan-sim,專心
tsuan-tsâi,專才
tsuan-kong,專攻
tsuan-tsìng,專政
tsuan-su,專書
tsuan-àn,專案
tsuan-gia̍p,專業
tsuan-ki,專機
tsuan-kuī,專櫃
tsuan-lân,專欄
tsuan-nuâ,專欄
tsuan-khuân,專權
tsuan-kuân,專權
tsuan-tsù,專注
tsuan-iōng,專用
tsuan-kho,專科
tsuan-tsing,專精
tsuan-suànn,專線
tsuan-tsit,專職
tsuan-hóng,專訪
tsuan-kuàn,專貫
tsuan-tsi̍p,專輯
tsuan-tióng,專長
tsuan-bûn,專門
tsuan-tuê,專題
tsuan-tê,專題
ut,尉
uì,尉
ut-tî,尉遲
tsun,尊
tsun-giâm,尊嚴
tsun-tshûn,尊存
tsun-kìng,尊敬
tsun-tshing,尊稱
tsun-kuì,尊貴
tsun-tiōng,尊重
tsun-tióng,尊長
jîm,尋
tsîm,尋
siâm,尋
sîm,尋
sū,尌
tuì,對
uì,對
tuì-put-tsū,對不住
tuì-put-khí,對不起
tuì-hù,對付
tuì-pun,對分
tuì-tshian,對千
tuì-puànn,對半
tuì-huán,對反
tuì-tâng,對同
tuì-hiòng,對向
tuì-tshuì,對喙
tuì-guā,對外
tuì-huānn,對岸
tuì-nî,對年
tuì-thāi,對待
tuì-ìng,對應
tuì-tshiú,對手
tuì-ke̍h,對扴
tuì-khòng,對抗
tuì-tú,對拄
tuì-áu,對拗
tuì-tsí,對指
tuì-uānn,對換
tuì-tshi̍k,對摵
tuì-siàu,對數
tuì-hong,對方
tuì-sî,對時
tuì-pí,對比
tuì-tshiong,對沖
tuì-tsún,對準
tuì-tsiau,對焦
tuì-tsiàu,對照
tuì-pe̍h,對白
tuì-siàng,對相
tuì-siòng,對相
tuì-khuànn,對看
tuì-li̍p,對立
tuì-tap,對答
tuì-tshik,對策
tuì-pān,對範
tuì-tsîn,對繩
tuì-khim--á,對襟仔
tuì-khim-á,對襟仔
tuì-khim-á-sann,對襟仔衫
tuì-uē,對話
tuì-tiàu,對調
tuì-tâm,對談
tuì-siòng,對象
tuì-siōng,對象
tuì-lōo,對路
tuì-tiōng,對重
tuì-bīn,對面
tuì-bīn-khim-á,對面襟仔
tuì-bīn-hong,對面風
tuì-thâu,對頭
tuì-thâu-tshin,對頭親
tuì-thâu-gōo,對頭誤
tuì-thâu-hong,對頭風
tuì-ko-ga̍k,對高岳
tō,導
tōo,導
tō-su,導師
tō-ián,導演
tō-hâng,導航
tō-lám,導覽
tō-iû,導遊
siáu,小
sió,小
siór,小
siáu-thiú-á,小丑仔
siáu-thiúnn-á,小丑仔
sió-sū,小事
siáu-jîn,小人
siáu-lîn,小人
siáu-sú,小使
siáu-sú-á,小使仔
siáu-piān,小便
sió-piān,小便
siáu-jî,小兒
siáu-lî,小兒
siáu-jî-kho,小兒科
siáu-lî-kho,小兒科
sió-jî-kho,小兒科
sió-lî-kho,小兒科
sió-jî-bâ-pì,小兒麻痺
sió-lî-bâ-pì,小兒麻痺
sió-lâm-mn̂g,小南門
sió-tsik,小叔
sió-tsik--á,小叔仔
sió-tsik-á,小叔仔
sió-kháu,小口
sió-khuá-á,小可仔
sió-miâ,小名
sió-kiánn,小囝
sió-hîng,小型
sió-bē,小妹
sió-muē,小妹
sia̋u-tsê,小姐
sió-tsiá,小姐
sió-koo,小姑
sió-koo-á,小姑仔
siór-koo-á,小姑仔
sió-tsím,小嬸
sió-ha̍k,小學
sió-o̍h,小學
sió-ha̍k-sing,小學生
siáu-hân,小寒
siáu-kio̍k,小局
sió-kio̍k,小局
sió-tó,小島
sió-kang,小工
sió-tī,小弟
sió-sim,小心
sió-thê-khîm,小提琴
sió-sòo,小數
sió-sòo-tiám,小數點
sió-tuànn,小旦
sió-sî,小時
siáu-sú,小暑
sió-ge̍h,小月
sió-gue̍h,小月
sió-ba̍k,小木
sió-pún,小本
siáu-huat,小法
sió-káng,小港
sió-káng-khu,小港區
sió-buán,小滿
sió-gio̍k-á,小玉仔
sió-sing,小生
siáu-sán,小產
sió-pe̍h-tshài,小白菜
sió-puânn,小盤
sió-phik-thâm,小碧潭
sió-ta-khe,小礁溪
sió-tann-khe,小礁溪
sió-phiò,小票
sió-tán,小等
sió-kńg-á,小管仔
sió-tsoo,小組
sió-tōo,小肚
sió-tn̂g,小腸
sió-kuan-im-suann,小觀音山
siáu-kái,小解
siáu-suat,小說
sió-suat,小說
sió-huì,小費
sió-buē,小賣
sió-bē,小賣
sió-lōo,小路
sió-lōo-á,小路仔
sió-gîn,小銀
sió-gûn,小銀
sió-tìn,小鎮
siáu-suat,小雪
sió-tsia̍h,小食
siáu-kuí-á-khak,小鬼仔殼
sió-tshut,小齣
siàu,少
siáu,少
tsió,少
tsiór,少
siàu-lí,少女
siàu-lú,少女
siáu-nái-nái,少奶奶
siàu-tsiòng,少將
siáu-tsiòng,少將
siàu-liân,少年
siàu-liân-lâng,少年人
siàu-liân-ke,少年家
tsió-sòo,少數
siàu-hāu,少校
siáu-kàu,少校
siàu-pāng,少棒
tsió-huè,少歲
tsió-hè,少歲
siàu-iâ,少爺
tsió-kheh,少缺
tsió-khueh,少缺
jínn,尒
jú,尒
ní,尒
jínn,尔
jú,尔
ní,尔
tsiam,尖
tsiam-to,尖刀
tsiam-tshuì-ngeh-á,尖喙夾仔
tsiam-tshuì-ku̍t-á,尖喙掘仔
tsiam-suann,尖山
tsiam-thio,尖挑
tsiam-ku̍t,尖掘
tsiam-tsio̍h-hiong,尖石鄉
tsiam-kha-iù-tshiú,尖跤幼手
tsiam-tsǹg,尖鑽
ke,尗
siāng,尚
siōng,尚
siōnn,尚
siūnn,尚
siǔnn,尚
sióng,尚
liâu,尞
sián,尟
ong,尢
ong,尣
iû,尤
iû-kî,尤其
liāu,尥
bâng,尨
ong,尩
ang,尪
ang-á,尪仔
ang-á-tsheh,尪仔冊
ang-á-tsir,尪仔書
ang-á-tsu,尪仔書
ang-á-phiau,尪仔標
ang-á-mi̍h,尪仔物
ang-á-mn̍gh,尪仔物
ang-á-bīn,尪仔面
ang-á-thâu,尪仔頭
ang-kong-á,尪公仔
ang-î,尪姨
ang-pô,尪婆
ang-kè-toh,尪架桌
ong,尫
kài,尬
tsióng,尰
tio̍h,就
tiō,就
to̍h,就
tsiū,就
tō,就
tsiū-jīm,就任
tsiū-līm,就任
tsiū-án-ne,就按呢
tsū-án-ne,就按呢
tiō sī,就是
tsiū sī,就是
tō sī,就是
tsiū-gia̍p,就業
tsiū-tsit,就職
tsiū-kīn,就近
tsiū-kūn,就近
tsiū-i,就醫
kiam,尲
si,尸
ín,尹
ún,尹
tshik,尺
tshioh,尺
tshiorh,尺
tshe,尺
khau,尻
kho,尻
kha,尻
kha-tshng,尻川
kha-tshuinn,尻川
kha-tshng-phué,尻川䫌
kha-tshng-kháu,尻川口
kha-tshng-āu,尻川後
kha-tshng-āu-uē,尻川後話
kha-tshng-táu,尻川斗
kha-tshuinn-táu,尻川斗
kha-tshng-kau,尻川溝
kha-tshng-khang,尻川空
kha-tshng-thâu,尻川頭
kha-tshng-kut,尻川骨
ka-tsiah,尻脊
kha-tsiah,尻脊
ka-tsiah-āu,尻脊後
kha-tsiah-āu,尻脊後
kha-tsiah-pê-á,尻脊扒仔
ka-tsiah-phiann,尻脊骿
kha-tsiah-phiann,尻脊骿
lî,尼
nî,尼
luî-koo,尼姑
lî-koo,尼姑
nî-koo,尼姑
lî-koo-am,尼姑庵
nî-koo-am,尼姑庵
bué,尾
bé,尾
bér,尾
bí,尾
bué-jī-tsáinn,尾二指
bé-lī-tsáinn,尾二指
bué--á,尾仔
bué-á,尾仔
bé-á,尾仔
bué-á-kiánn,尾仔囝
bé-á-kiánn,尾仔囝
bué--lâi,尾來
bé--lâi,尾來
bér-kiánn,尾囝
bué-pang-tshia,尾幫車
bé-pang-tshia,尾幫車
bué-āu,尾後
bé-āu,尾後
bué-tshiú,尾手
bé-tshiú,尾手
bér-tshiú,尾手
bé-niuh--á,尾抅仔
bué-tsáinn,尾指
bé-tsáinn,尾指
bér-tsuínn,尾指
bér-tsáinn,尾指
bér-tsái--á,尾指仔
bué-tsíng-tsáinn,尾指指
bué-tsíng-tsáinn-á,尾指指仔
bué-tsíng-thâu-á,尾指頭仔
bué-kíng,尾景
bé-kíng,尾景
bué-àm--á,尾暗仔
bér-àm-á,尾暗仔
bué-sau,尾梢
bé-sau,尾梢
bué-liu,尾溜
bé-liu,尾溜
bué-gê,尾牙
bé-gê,尾牙
bué-siann,尾聲
bé-siann,尾聲
bué-tâng-kut,尾胴骨
bé-tâng-kut,尾胴骨
bué-tsui,尾脽
bé-tsui,尾脽
bué-ia̍h,尾蝶
bé-ia̍h,尾蝶
bér-ia̍h,尾蝶
bué-ia̍h-á,尾蝶仔
bué-ia̍h-á-siû,尾蝶仔泅
bé-ia̍h-á-siû,尾蝶仔泅
giāu,尿
giō,尿
jiāu,尿
jiō,尿
jiōr,尿
liāu,尿
liō,尿
liǒ,尿
giō-ôo,尿壺
jiō-hôo,尿壺
jiō-ôo,尿壺
liō-hôo,尿壺
liō-ôo,尿壺
jiō-phè-á,尿帕仔
liō-phè-á,尿帕仔
jiō-táu,尿斗
liō-táu,尿斗
jiō-táu-á,尿斗仔
liō-táu--á,尿斗仔
giō-tháng,尿桶
jiō-tháng,尿桶
liō-tháng,尿桶
jiō-hia,尿桸
jiōr-hia,尿桸
liō-hia,尿桸
liǒ-hia,尿桸
jiō-tái,尿滓
liō-tái,尿滓
liō-ôo--á,尿盂仔
jiō-kóng,尿管
jiō-tsū-á,尿苴仔
liō-tsū-á,尿苴仔
jiō-tsū-á-kauh,尿苴仔𩛩
liō-tsū-á-kauh,尿苴仔𩛩
jiō-tē,尿袋
liō-tē,尿袋
jiō-kûn-á,尿裙仔
liō-kûn-á,尿裙仔
jiō-tō,尿道
liō-tō,尿道
kio̍k,局
ki̍k,局
kio̍k-sè,局勢
kio̍k-pōo,局部
kio̍k-tiúnn,局長
kio̍k-hān,局限
kio̍k-bīn,局面
phuì,屁
phì,屁
phuì-that-á,屁窒仔
pi,屄
bai,屄
ki,居
ku,居
kir,居
ki-bîn,居民
ku-bîn,居民
ki-tsâi,居財
ku-tsâi,居財
kài,屆
khut,屈
khut-sè,屈勢
khut-ho̍k,屈服
khut-bé-sè,屈馬勢
kài,届
ok,屋
tiáu,屌
si,屍
si-thé,屍體
sái,屎
sí,屎
sú,屎
sái-bué,屎尾
sái-bé,屎尾
sái-jiō,屎尿
sái-liō,屎尿
sái-jiō-pòo,屎尿布
sái-liō-pòo,屎尿布
sái-pe,屎桮
sái-pue,屎桮
sái-pue-tshuì,屎桮喙
sái-pue-bī,屎桮篾
sái-pue-bi̍h-á,屎桮篾仔
sái-pe-khí,屎桮齒
sái-pue-khí,屎桮齒
sái-tháng,屎桶
sái-tháng-khok-á,屎桶觳仔
sái-ha̍k,屎礐
sái-ha̍k-á,屎礐仔
sái-ha̍k-á-thâng,屎礐仔蟲
sái-ha̍k-á-king,屎礐仔間
sái-ha̍k-thâng,屎礐蟲
sái-bīn,屎面
sái-ku,屎龜
sái-khat-á,屎𣁳仔
pîn,屏
pîng,屏
pîn-tong,屏東
pîn-tong-tshī,屏東市
pîn-tong-suànn,屏東線
pîn-tong-kuān,屏東縣
pîn-hong,屏風
khia̍h,屐
kia̍h,屐
kio̍k,屐
ki̍k,屐
sap,屑
siat,屑
sut,屑
hì,屓
tián,展
thián,展
tián-tshut,展出
tián-ui,展威
tián-pó,展寶
tián-bōng,展望
tián-hiān,展現
tián-sī,展示
thián-si̍t,展翼
tián-lám,展覽
thián-khui,展開
tián-khui,展開
tián-hong-sîn,展風神
ban,屘
ban-á,屘仔
ban-á-kiánn,屘仔囝
ban-á-kánn,屘仔囝
ban-kiánn,屘囝
píng,屛
pîn,屛
pîng,屛
thuah,屜
thè,屜
thuah-á,屜仔
huì,屝
tôo,屠
tôo-sat,屠殺
lí,屢
lú,屢
sú,屣
tsân,層
tsîng,層
tsàn,層
tsân-tshù,層次
tsân-kip,層級
tsân-bīn,層面
lí,履
lí-li̍k,履歷
lí-li̍k-pió,履歷表
lí-hîng,履行
siap,屧
siat,屧
siap-tshiú-phāng,屧手縫
siap-thiap,屧貼
siap-tia̍p,屧貼
kù,屨
kiok,屩
kio̍k,屩
liâu,屪
sio̍k,屬
tsiok,屬
sio̍k-sìng,屬性
sio̍k-î,屬於
hì,屭
tsó,屮
tun,屯
tûn,屯
tūn,屯
gi̍k,屰
san,山
suann,山
san-siōng-khu,山上區
suann-á-kha,山仔跤
suann-á-tíng,山仔頂
san-phik-ing-tâi,山伯英台
suann-kha,山佳
suann-lāi,山內
suann-lua̍h,山剌
suann-sè,山勢
suann-sì,山勢
suann-khu,山區
suann-tuē,山地
suann-tē,山地
suann-tē-mn̂g,山地門
suann-pho,山坡
suann-pho-tuē,山坡地
suann-pho-tē,山坡地
suann-phiânn,山坪
suann-niû-á,山娘仔
suann-tsiam,山尖
suann-bué-liu,山尾溜
suann-bé-liu,山尾溜
suann-khàm,山崁
suann-kiā,山崎
suann-lūn,山崙
suann-niá,山嶺
suann-āu-tsiáu,山後鳥
suann-tang-pe̍h-á,山東白仔
san-ko,山歌
san-suí,山水
suann-tsuânn-tsuí,山泉水
suann-tōng,山洞
suann-kau,山溝
suann-gû-káng,山牛犅
san-tin-hái-bī,山珍海味
suann-kiû,山球
san-bîng-hái-sè,山盟海誓
suann-khang,山空
suann-suànn,山線
suann-iûnn,山羊
suann-me̍h,山脈
suann-io,山腰
suann-pak,山腹
suann-tang-o,山苳蒿
suann-kiô,山茄
san-tsong,山莊
suann-io̍h,山藥
suann-io̍h-tsî,山藥薯
suann-io̍h-tsû,山藥薯
suann--lí,山裡
suann-kok,山谷
suann-ti,山豬
suann-tu,山豬
suann-hô,山貉
suann-niau,山貓
suann-tsha̍t,山賊
suann-kha,山跤
suann-lōo,山路
san-lí,山里
suann-bông,山雺
suann-tíng,山頂
suann-tíng-bué-liu,山頂尾溜
suann-tíng-bé-liu,山頂尾溜
suann-thâu,山頭
li̍k,屴
gia̍t,屵
git,屹
gut,屹
kí,屺
gut,屼
gua̍t,岄
bu̍t,岉
tsiat,岊
gi̍p,岋
gi̍p,岌
kip,岌
khian,岍
guân,岏
kî,岐
gîm,岑
khîm,岑
tsha,岔
thi̍k,岝
tsik,岝
kū,岠
kong,岡
kong-san,岡山
kong-san-khu,岡山區
kong-san tshia-tsām,岡山車站
kong-san ko-i,岡山高醫
khó,岢
kóo,岣
kū,岣
li̍p,岦
tiâu,岧
tsóo,岨
giâm,岩
gâm,岩
giâm-tsio̍h,岩石
gâm-tsio̍h,岩石
hu̍t,岪
siū,岫
kap,岬
lîng,岭
tāi,岱
ga̍k,岳
hōo,岵
phik,岶
bîn,岷
gān,岸
huānn,岸
huānn-pinn,岸邊
bā,峇
khap,峇
bā-sngh-sngh,峇sngh-sngh
bâ,峇
bā-sà,峇嗄
bâ-bui,峇微
sûn,峋
tia̍t,峌
kai,峐
tông,峒
khiong,峕
guî,峗
huân,峘
sī,峙
iū,峟
gô,峨
ngôo,峨
ngôo-bî-hiong,峨眉鄉
gô,峩
ngôo,峩
io̍k,峪
kok,峪
siáu,峭
khun,峮
hong,峯
hong,峰
lô,峱
hián,峴
hîng,峵
hông,峵
tó,島
tóo,島
tór,島
tó-sū,島嶼
tóo-sū,島嶼
tôo,峹
kīng,峺
tsùn,峻
kiap,峽
gôo,峿
khàm,崁
khàm-á-kha,崁仔跤
khàm-kuà,崁蓋
khàm-kha,崁跤
khàm-tíng,崁頂
khàm-tíng-hiong,崁頂鄉
khàm-thâu-khàm-bīn,崁頭崁面
khong,崆
tsông,崇
tsông-tik,崇德
tsông-pài,崇拜
huā,崋
ku,崌
lâi,崍
khi,崎
kiā,崎
kî,崎
kiǎ,崎
kiā-á,崎仔
kiā-tíng,崎頂
khun,崑
tshuì,崒
tsuì,崒
tsu̍t,崒
tshui,崔
gâi,崕
gâi,崖
kang,崗
kong,崗
lûn,崘
lūn,崘
lûn,崙
lūn,崙
lūn-á,崙仔
lūn-á-tíng,崙仔頂
lūn-puè-hiong,崙背鄉
lūn-puē-hiong,崙背鄉
lîng,崚
ku̍t,崛
kok,崞
gîm,崟
khím,崟
hâm,崡
tsing,崢
ngâu,崤
pî,崥
iam,崦
siông,崧
tsia̍p,崨
pang,崩
phing,崩
ping,崩
pang-suann,崩山
pang-huānn,崩岸
pang-puânn,崩盤
pang-phoh,崩駁
pang-poh,崩駁
tshuì,崪
tsik,崱
hông,崲
ue,崴
ui,崴
iông,崵
tōng,崵
hong,崶
tsáinn,崽
go̍k,崿
kham,嵁
lu̍t,嵂
giān,嵃
ke,嵆
khe,嵆
ke,嵇
khe,嵇
sīng,嵊
bî,嵋
kham,嵌
khiâm,嵌
khàm,嵌
khàm-thâu-ok,嵌頭屋
gû,嵎
tsong,嵏
lâm,嵐
giâm,嵓
gâm,嵓
tôo,嵞
hê,嵠
ong,嵡
óng,嵡
îng,嵤
óo,嵨
siong,嵩
tsu,嵫
guî,嵬
tshu,嵯
tshi,嵳
tshu,嵳
tsia,嵳
sióng,嵷
liâu,嵺
khong,嵻
sán,嵼
tsham,嵾
tíng,嵿
lú,嶁
tsiòng,嶂
tshâm,嶃
tsám,嶄
tsiám-jiân,嶄然
tsiám-liân,嶄然
tsám-jiân,嶄然
tsám-liân,嶄然
tsám-jiân-á,嶄然仔
tsám-liân-á,嶄然仔
khu,嶇
tó,嶋
tóo,嶋
si̍p,嶍
tsîng,嶒
po,嶓
pò,嶓
khim,嶔
tsiau,嶕
lîn,嶙
liâu,嶚
liâu,嶛
tìng,嶝
tō,嶞
tsun,嶟
kiâu,嶠
khuat,嶡
giâu,嶢
giâu,嶤
i̍k,嶧
gî,嶬
gia̍t,嶭
hiám,嶮
hāi,嶰
hê,嶲
gi̍k,嶷
gî,嶷
îng,嶸
líng,嶺
niá,嶺
niá-kha,嶺腳
tsia̍t,嶻
sī,嶼
sīr,嶼
sū,嶼
sǐr,嶼
ga̍k,嶽
tsai,巀
tsat,巀
tsia̍t,巀
hê,巂
îng,巆
hi,巇
siám,巉
tshâm,巉
kui,巋
guî,巍
thiáu,巐
tsuan,巑
luân,巒
tian,巔
giâm,巖
gâm,巖
giâm,巗
gâm,巗
gián,巘
giân,巘
hiàn,巘
tshuan,巛
tshuan,川
tshng,川
tshuan-tshit,川七
tshuan-kiong,川芎
tshuan-puè,川貝
tsiu,州
king,巠
sûn,巡
sûn-tsa,巡查
sûn-lé,巡禮
sûn-hâng,巡航
sûn-sī,巡視
sûn-huê,巡迴
sûn-lô,巡邏
tsâu,巢
lia̍p,巤
kang,工
kong,工
khang,工
kang-sū,工事
kang-lâng,工人
kang-á,工仔
kang-tsok,工作
kang-khū,工具
kang-kū,工具
kang-iú,工友
kang-siong,工商
kang-siong-kài,工商界
kang-tuē,工地
kang-tē,工地
kang-tiûnn,工場
kang-hu,工夫
kang-liâu,工寮
kang-tshiúnn,工廠
kang-huē,工會
kang-kî,工期
kang-gia̍p,工業
kang-gián-īnn,工研院
kang-thîng,工程
kang-tîng,工程
kang-thîng-su,工程師
kang-tîng-su,工程師
kang-gē,工藝
khang-khuè,工課
khang-khè,工課
khang-khèr,工課
khang-khìr,工課
kang-tho̍k-sing,工讀生
kang-tsu,工資
kang-tsînn,工錢
kang-thâu,工頭
tsó,左
tsóo,左
tsó-iū,左右
tsó-phài,左派
tsó-iânn,左營
tsó-iânn-khu,左營區
tsó-tìn-khu,左鎮區
khiáu,巧
khá,巧
kháu,巧
khá-ha̍p,巧合
khiáu-khì,巧氣
khá-khì,巧氣
khiáu-sîn,巧神
khiáu-kut,巧骨
kī,巨
kū,巨
kī-tàn,巨蛋
kū-tàn,巨蛋
kióng,巩
bû,巫
tsha,差
tshai,差
tshe,差
tsha-put-to,差不多
tsha-pia̍t,差別
tshe-kah,差教
tshe-kà,差教
tsha-ī,差異
tsha-kī,差距
tsha-kū,差距
tsha-tshò,差錯
tsha-gia̍h,差額
kí,己
kī,己
í,已
í-king,已經
sū,巳
tsī,巳
pa,巴
pa-lóng-ué,巴壟衛
pa-kiat,巴結
pa-tsiah,巴脊
pa-lang,巴郎
pa-lîng,巴陵
pa-lóng,巴陵
tsi,巵
hāng,巷
hāng-á,巷仔
hāng-á-lāi--ê,巷仔內的
hāng-á-kháu,巷仔口
hāng-á-thâu,巷仔頭
hāng-kóng-á,巷管仔
hāng-lōo,巷路
hāng-lōo-á,巷路仔
kín,巹
sùn,巽
kin,巾
kirn,巾
kun,巾
kin-á,巾仔
kun-á,巾仔
tshī,市
tshī-kè,市價
tshī-lāi,市內
tshī-khu,市區
tshī-tiônn,市場
tshī-tiûnn,市場
tshī-guā,市外
tshī-iông,市容
tshī-tsìng,市政
tshī-tsìng-hú,市政府
tshī-bîn,市民
tshī-tsháu,市草
tshī-gī-huē,市議會
tshī-tiúnn,市長
tshī-bīn,市面
pòo,布
pòo-tshioh,布尺
pòo-tshī-á,布市仔
pòo-iù-á,布幼仔
pòo-tué,布底
pòo-té,布底
pòo-lu-á,布攄仔
pòo-liāu,布料
pòo-kíng,布景
pòo-pênn,布棚
pòo-pînn,布棚
pòo-kui,布機
pòo-ba̍k,布目
pòo-phâng,布篷
pòo-tē,布袋
pòo-tē-tshuì,布袋喙
pòo-tē-hì,布袋戲
pòo-tē-tìn,布袋鎮
pòo-tsit,布質
pòo-sin,布身
pòo-uê,布鞋
pòo-ê,布鞋
pòo-thâu,布頭
pòo-thâu-pòo-bué,布頭布尾
pòo-thâu-pòo-bé,布頭布尾
huân,帆
phâng,帆
phâng-pòo,帆布
phâng-tsûn,帆船
hun,帉
phànn,帊
hi,希
hi-bāng,希望
hi-bōng,希望
lôo,帑
thóng,帑
bua̍t,帓
phi,帔
phī,帔
phè,帕
phà,帕
phè--á,帕仔
phè-á,帕仔
phè-bué,帕尾
phè-bé,帕尾
thiap,帖
thiap-á,帖仔
liâm,帘
tia̍t,帙
siú,帚
tshiú,帚
tsiú,帚
pe̍h,帛
pi̍k,帛
tè,帝
tè-kok,帝國
tè-ông,帝王
i̍k,帟
gé,帠
ping,帡
píng,帡
khap,帢
kuàn,帣
jû,帤
suè,帥
sut,帥
suì,帥
suè,帨
tuè,帨
tsin,帪
tsìn,帪
su,師
sai,師
sir,師
sai-á,師仔
sai-á-kang,師仔工
sai-hū,師傅
sai-hiann,師兄
su-hiann,師兄
su-koo,師姑
su-tôo,師徒
su-bió,師母
su-bó,師母
su-hū,師父
su-sing,師生
su-huān,師範
su-huān--ê,師範的
su-tsu,師資
su-tiúnn,師長
kûn,帬
tshio̍h,席
sia̍h,席
si̍k,席
si̍k-tshù,席次
pang,帮
tiàng,帳
tiòng,帳
tiònn,帳
tiùnn,帳
uan,帵
uán,帵
tuà,帶
tài,帶
tuà-lâi,帶來
tài-lâi,帶來
tài-tōng,帶動
tuà-hà,帶孝
tài-liām,帶念
tuà-tshiú,帶手
tuà-tshiú-mn̍gh,帶手物
tài-thô-hue,帶桃花
tài-tsōng,帶狀
tài-pēnn,帶病
tài-pīnn,帶病
tuà-kuī,帶膭
tài-sue,帶衰
tài-tsâi,帶財
tuà-sin-lâng,帶身人
tài-sin-lâng,帶身人
tài-sin-miā,帶身命
tuà-niá,帶領
tài-niá,帶領
tài-ia̍h-bé,帶驛馬
uî,帷
siâng,常
siông,常
tshiâng,常
siông-bū,常務
tshiâng-tsāi,常在
siông-siông,常常
siông-iōng,常用
siông-sik,常識
kî,帺
bō,帽
bōr,帽
mōo,帽
bō-á,帽仔
bōr-á,帽仔
bǒ-á,帽仔
tóo,帾
tsìng,幀
bi̍k,幂
uî,幃
ak,幄
hok,幅
pak,幅
hok-tōo,幅度
pang,幇
kong,幊
phuân,幋
hóng,幌
hàinn,幌
hàinn-tiong-tshiu,幌中秋
hàinn-tiong-tshiu,幌中鞦
hàinn-tong-tshiu,幌中鞦
hàinn-kong-tshiu,幌公鞦
hàinn-kô,幌笱
hàinn-lôr-á,幌籮仔
hiù-tshian-tshiu,幌韆鞦
hàinn-khan-thiu,幌韆鞦
hàinn-tshan-tshiu,幌韆鞦
hàinn-tshian-tshiu,幌韆鞦
hàinn-thâu,幌頭
hàinn-thâu-á,幌頭仔
tho,幍
bi̍k,幎
bîng,幎
tîng,幐
bān,幔
mua,幔
mua--leh,幔咧
mua-kin,幔巾
mua-kun,幔巾
mua-phuē-á,幔被仔
mua-phē-á,幔被仔
muà-phuē-á,幔被仔
muà-phē-á,幔被仔
bo̍k,幕
bōo,幕
bōo-liâu,幕僚
bōo-āu,幕後
kok,幗
tsik,幘
bo̍k,幙
bōo,幙
tshián,幝
tshì,幟
tsì,幟
bû,幠
hoo,幠
huan,幡
huan-á,幡仔
tông,幢
tông-huan,幢幡
pè,幣
bi̍k,幦
tshiau,幧
tshiam,幨
hún,幩
hûn,幩
bóng,幪
bông,幪
pang,幫
png,幫
pang-tsōo,幫助
pang-bâng,幫忙
pang-phài,幫派
phóng-phuh,幫浦
phóng-phu-á,幫浦仔
phóng-phú-á,幫浦仔
pang-tsān,幫贊
tó,幬
bia̍t,幭
tû,幮
hián,幰
lân,幱
kan,干
kan-á,干仔
kan-hiu,干休
kan-kan-á,干干仔
kan-jiáu,干擾
kan-liáu,干擾
kan-lo̍k,干樂
kan-sia̍p,干涉
kan-na,干焦
kan-ta,干焦
kan-tann,干焦
kan-kinn,干經
kan-tsìng,干證
kan-puè,干貝
pîng,平
pênn,平
pînn,平
piânn,平
pîng-kau-tō,平交道
piânn-tseh,平仄
pîng-sìn,平信
pîng-huân,平凡
pênn-pun,平分
pînn-pun,平分
pîng-guân,平原
pîng-huán,平反
pênn-tâi,平台
pîng-tâi,平台
pînn-tâi,平台
pîng-hô,平和
pênn-tē,平地
pînn-tuē,平地
pîng-kin,平均
pîng-kun,平均
pênn-thán,平坦
pênn-thánn,平坦
pînn-thán,平坦
pînn-thánn,平坦
pênn-thánn-thánn,平坦坦
pînn-thánn-thánn,平坦坦
pênn-poo,平埔
pînn-poo,平埔
pênn-poo guân-tsū-bîn,平埔原住民
pînn-poo guân-tsū-bîn,平埔原住民
pênn-poo-tso̍k,平埔族
pînn-poo-tso̍k,平埔族
pênn-poo tso̍k-kûn,平埔族群
pînn-poo tso̍k-kûn,平埔族群
pênn-poo-huan,平埔番
pînn-poo-huan,平埔番
pênn-pò-phûn,平報盆
pînn-pò-phûn,平報盆
pîng-an,平安
pîng-siông,平常
pîng-siông-sî,平常時
pîng-siông-sî-á,平常時仔
pênn-pênn,平平
pînn-pînn,平平
pênn-tshiú,平手
pînn-tshiú,平手
pîng-hong,平方
pîng-ji̍t,平日
pîng-li̍t,平日
pîng-sî,平時
pênn-pāng,平棒
pînn-pāng,平棒
pênn-tsiànn,平正
pînn-tsiànn,平正
pîng-bîn,平民
pênn-pho-pho,平波波
pînn-pho-pho,平波波
pênn-iûnn,平洋
pînn-iûnn,平洋
pînn-ôo,平湖
pênn-liu-liu,平溜溜
pînn-liu-liu,平溜溜
pîng-khe,平溪
pînn-khue,平溪
pîng-khe-khu,平溪區
pîng-khue-khu,平溪區
pîng-khe-suànn,平溪線
pênn-ti̍t,平直
pînn-ti̍t,平直
pîng-ún,平穩
pîng-tíng,平等
pîng-sòo-sî,平素時
pîng-hîng,平行
pîng-hîng,平衡
pênn-puè,平輩
pînn-puè,平輩
pîng-tìn-khu,平鎮區
pênn-kai,平階
pînn-kai,平階
pîng-tsīng,平靜
pênn-bīn,平面
pînn-bīn,平面
pîng-sūn,平順
pênn-tiánn-á,平鼎仔
pînn-tiánn-á,平鼎仔
liân,年
nî,年
nî-kú-ge̍h-tshim,年久月深
nî-kú-gue̍h-tshim,年久月深
nî-á-tseh-á,年仔節仔
nî-á-tsueh-á,年仔節仔
nî-tāi,年代
nî-hūn,年份
nî-tau,年兜
nî-tang,年冬
nî-tang-ge̍h-tsueh,年冬月節
nî-tang-gue̍h-tseh,年冬月節
nî-tshe,年初
nî-tshue,年初
nî-bué,年尾
nî-bé,年尾
nî-bué gín-á,年尾囡仔
nî-bé gín-á,年尾囡仔
nî-tué,年底
nî-té,年底
nî-tōo,年度
nî-huē,年會
nî-kam,年柑
nî-huè,年歲
nî-hè,年歲
nî-tseh,年節
nî-tsueh,年節
nî-tseh-sî-á,年節時仔
nî-tsueh-sî-á,年節時仔
nî-kí,年紀
nî-kip,年級
nî-tsiong,年終
nî-lāu,年老
nî-hng,年荒
nî-sin,年薪
nî-pió,年表
nî-huì,年費
nî-tsu,年資
nî-kim,年金
nî-kàm,年鑑
nî-kuan,年關
nî-hān,年限
nî-thâu,年頭
nî-lîng,年齡
khian,幵
kian,幵
pìng,并
pìng,幷
hīng,幸
hīng-hok,幸福
hīng-ūn,幸運
kàn,幹
kàn-sū,幹事
kàn-suè-pau,幹細胞
kàn-sè-pau,幹細胞
kàn-pōo,幹部
iau,幺
huàn,幻
huàn-sióng,幻想
huàn-bia̍t,幻滅
iù,幼
iù-jî,幼兒
iù-lî,幼兒
iù-kiánn,幼囝
iù-kang,幼工
iù-khang-khuè,幼工課
iù-khang-khè,幼工課
iù-kàu,幼教
iù-ki-kut,幼枝骨
iù-siù,幼秀
iù-tī,幼稚
iù-tī-hn̂g,幼稚園
iù-sit,幼穡
iù-khng,幼糠
iù-siann,幼聲
iù-tsínn,幼茈
iù-huè,幼貨
iù-hè,幼貨
iù-lōo,幼路
iù-lōo-kang,幼路工
iù-kut,幼骨
iù-mī,幼麵
iù-mī-mī,幼麵麵
iù-khí,幼齒
iu,幽
iu-iu-á-thiànn,幽幽仔疼
iu-ngá,幽雅
ki,幾
kuí,幾
kí,幾
kí-hô,幾何
kuí kang,幾工
kuí-lō,幾若
kuí-nā,幾若
kuí-ā,幾若
kuí-nā kang,幾若工
kuí-ā kang,幾若工
iám,广
phí,庀
pí,庀
tsng,庄
tsong,庄
tsng-kha,庄跤
tsng-kha-lâng,庄跤人
tsng-thâu,庄頭
môo,庅
pì,庇
pì-iū,庇佑
pí-iū,庇佑
khîm,庈
tún,庉
tûn,庉
tshn̂g,床
tshông,床
sn̂g,床
tshn̂g-kin,床巾
tshn̂g-kun,床巾
tshn̂g-tiùnn,床帳
tshn̂g-bó,床母
tshn̂g-bór,床母
tshn̂g-bú,床母
tshn̂g-phoo,床鋪
tshn̂g-thâu,床頭
khuí,庋
gâ,庌
gā,庌
pài,庍
kài,庎
sī,序
sū,序
sī-tuā,序大
sī-tuā-lâng,序大人
sū-bōo,序幕
sī-suè,序細
sī-sè,序細
tué,底
té,底
teré,底
tī,底
tī-tāi,底代
tué-kè,底價
té-kè,底價
tī-sî,底時
tué-phìnn,底片
té-phìnn,底片
tī-tang-sî,底當時
tué-puânn,底盤
té-puânn,底盤
tué-hē,底系
té-hē,底系
tué-suè,底細
té-sè,底細
tué-suànn,底線
té-suànn,底線
tué-tì,底蒂
té-tì,底蒂
tué-sin,底薪
té-sin,底薪
tué-pōo,底部
té-pōo,底部
pâu,庖
tiàm,店
tiàm-tsú,店主
tiàm-tîng-á,店亭仔
tiàm-á,店仔
tiàm-á-kháu,店仔口
tiàm-guân,店員
tiàm-uân,店員
tiàm-hō,店號
tiàm-tiúnn,店長
tiàm-bīn,店面
tiàm-thâu,店頭
tiàm-thâu-ke,店頭家
biāu,庙
kenn,庚
kinn,庚
king,庚
tshù,庛
tshû,庛
hú,府
hú-tiong,府中
hú-siânn,府城
siông,庠
tsik,庢
thiau,庣
tiâu,庣
sī,庤
tī,庤
hiu,庥
tōo,度
to̍k,度
tǒo,度
tōo-sió-ge̍h,度小月
tōo-sió-gua̍t,度小月
tōo-sió-gue̍h,度小月
tōo-sòo,度數
tōo-tsè,度晬
tōo-tsèr,度晬
tǒo-tsèr,度晬
tōo-kuè,度過
tōo-liōng,度量
tōo-tsam,度針
tōo-tsiam,度針
tǒo-tsam,度針
tsō,座
tsōo,座
tsō-tâm,座談
hau,庨
khuí,庪
khòo,庫
khòo-tsûn,庫存
khòo-pâng,庫房
khòo-gîn,庫銀
khòo-gûn,庫銀
khòo-tsînn,庫錢
bâng,庬
pâng,庬
tiânn,庭
tîng,庭
pìng,庰
píng,庰
lâi,庲
pi,庳
pî,庳
pī,庳
am,庵
am-kóo-khenn,庵古坑
sì,庶
sù,庶
khng,康
khong,康
khong-kiān,康健
khong-kiānn,康健
khng-tionn,康張
khng-tiunn,康張
khong-lo̍k,康樂
iônn,庸
iûnn,庸
iông,庸
tô,庹
thò,庹
gū,庽
jí,庾
jú,庾
lú,庾
tshè,廁
siang,廂
siong,廂
siunn,廂
kì,廄
a̍p,廅
liû,廇
hā,廈
liâm,廉
lông,廊
soo,廋
sóo,廋
tí,廌
phōo,廍
kiù,廏
kì,廐
kīn,廑
gô,廒
ngôo,廒
khok,廓
ìm,廕
liāu,廖
liāu-tshuà,廖蔡
tôo,廚
tû,廚
tô-tsí,廚子
tôo-tsí,廚子
tû-pâng,廚房
tiân,廛
su,廝
him,廞
biāu,廟
biō,廟
biō-á,廟仔
biō-kong,廟公
biōr-kong,廟公
biō-kháu,廟口
biō-tiânn,廟埕
biō-sī,廟寺
biō-huē,廟會
biō-tsiok,廟祝
biōr-tsiok,廟祝
tshiáng,廠
tshióng,廠
tshiónn,廠
tshiúnn,廠
tshiúnn-siong,廠商
tshiúnn-pâng,廠房
tshiúnn-pâi,廠牌
tshiúnn-tiúnn,廠長
bú,廡
bû,廡
huè,廢
huì,廢
huè-khì,廢棄
huì-khì,廢棄
huè-khì-bu̍t,廢棄物
huì-khì-bu̍t,廢棄物
huè-pio,廢標
huì-pio,廢標
huè-tsí,廢止
huì-tsí,廢止
huè-khì,廢氣
huì-khì,廢氣
huè-tsuí,廢水
huì-tsuí,廢水
huè-bu̍t,廢物
huì-bu̍t,廢物
huì-uē,廢話
huè-tî,廢除
huè-tû,廢除
huì-tî,廢除
huì-tû,廢除
kuínn,廣
kńg,廣
kóng,廣
kóng-kò,廣告
kóng-tāi,廣大
kóng-pò,廣播
kóng-pòo,廣播
kóng-pò-kio̍k,廣播劇
kóng-pòo-kio̍k,廣播劇
kóng-huàn,廣泛
kóng-hok-kiong,廣福宮
kóng-gī,廣義
kóng-tiān,廣電
kuè,廥
tshiông,廧
kài,廨
lím,廩
lî,廬
lû,廬
lôo-san,廬山
sián,廯
iong,廱
thiann,廳
thing,廳
thiann-tn̂g,廳堂
thiann-thâu,廳頭
ín,廴
iân,延
tshiân,延
iân-sin,延伸
iân-pîng-hiong,延平鄉
iân-tshiân,延延
iân-āu,延後
iân-kî,延期
iân-sio,延燒
iân-sio̍k,延續
iân-gōo,延誤
iân-tî,延遲
iân-tn̂g,延長
iân-lîng,延陵
tshiân-lîng,延陵
tîng,廷
ti̍k,廸
kiàn,建
kiàn-kóo,建古
kiàn-siong,建商
kiàn-tsâi,建材
kiàn-tsâi-hâng,建材行
kiàn-kòo,建構
kiàn-tī-ke-āu,建治家後
kiàn-tsiàu,建照
kiàn-bu̍t,建物
kiàn-li̍p,建立
kiàn-tio̍k,建築
kiàn-tì,建置
kiàn-giân,建言
kiàn-siat,建設
kiàn-gī,建議
kiàn-tsō,建造
huê,廻
nái,廼
ji̍h,廾
kióng,廾
gia̍p,廿
jia̍p,廿
lia̍p,廿
jia̍p-it,廿一
lia̍p-it,廿一
piān,弁
kí,异
īnn,异
lāng,弄
lōng,弄
lāng-tshuì-hue,弄喙花
lōng-ke-suànn-the̍h,弄家散宅
lāng-sin-niû,弄新娘
lāng-kuân,弄權
lōng-khuân,弄權
lōng-káu-sio-kā,弄狗相咬
lāng-sai,弄獅
lāng-hue,弄花
lāng-lâu,弄鐃
lāng-hong,弄風
lāng-lîng,弄龍
hún,弅
hûn,弅
iàm,弇
iám,弇
lâm,弇
i̍k,弈
pè,弊
pē,弊
piah,弊
pè-àn,弊案
pè-tuan,弊端
i̍k,弋
it,弌
jī,弍
sam,弎
sik,式
sit,式
sì,弒
king,弓
kiong,弓
king-á,弓仔
kin-tsio,弓蕉
kin-tsior,弓蕉
king-tsio,弓蕉
kirn-tsio,弓蕉
king-tsio-iû,弓蕉油
king--khui,弓開
tiàu,弔
ín,引
ín-ji̍p,引入
ín-li̍p,引入
ín-tōo,引渡
ín-iōng,引用
ín-huat,引發
ín-tsiàn,引薦
ín-giân,引言
ín-iú,引誘
ín-khí,引起
ín-su̍t,引述
ín-tsìn,引進
ín-líng,引領
ín-hûn,引魂
ín-tshuā,引𤆬
hut,弗
hông,弘
hông-huat,弘法
sí,弛
pà,弝
tē,弟
tī,弟
tē-hū-á,弟婦仔
tě-hǔ-á,弟婦仔
tē-tsú,弟子
tho,弢
hù,弣
tí,弤
hiân,弦
hiân-ga̍k,弦樂
hôo,弧
tsiau,弨
lóo,弩
lōo,弩
bí,弭
kuan,弮
kuàn,弮
sau,弰
gio̍k,弱
jio̍k,弱
lio̍k,弱
jio̍k-sè,弱勢
lio̍k-sè,弱勢
jio̍k-tsiá,弱者
lio̍k-tsiá,弱者
jio̍k-tiám,弱點
lio̍k-tiám,弱點
tionn,張
tiunn,張
tiang,張
tiong,張
tng,張
tionn-liāu,張廖
tiunn-liāu,張廖
tiunn-tiunn-tshuah-tshuah,張張掣掣
tiunn-tî,張持
tiunn-tuah,張掇
tionn-lí,張李
tiunn-lí,張李
tionn-iônn,張楊
tiunn-iûnn,張楊
tng-tán,張等
tionn-kán,張簡
tiunn-kán,張簡
tiunn-lāu,張老
tionn-khóo,張許
tiunn-khóo,張許
tionn-tiō,張趙
tiunn-tiō,張趙
tiunn-sin-sè,張身勢
tionn-tân,張陳
tiunn-tân,張陳
tng niáu-tshí,張鳥鼠
tng niáu-tshú,張鳥鼠
kiōng,弶
kiâng,強
kiông,強
kiáng,強
kióng,強
kiāng,強
kiōng,強
kiông-tsè,強制
kiông-li̍k,強力
kiông-sè,強勢
kiông-huà,強化
kiông-tsòng,強壯
kiông-tāi,強大
kiông-kan,強姦
kiông-tōo,強度
kiông-jio̍k,強弱
kiông-lio̍k,強弱
kiōng-kiōng,強強
kiông-tôo,強徒
kiông ah,強押
kiông-tshiúnn,強搶
kiông-kòng,強摃
kiông-khuân,強權
kiông-kuân,強權
kiōng-beh,強欲
kiōng-bueh,強欲
kiông-kiû,強求
kiông-lia̍t,強烈
kiông-tō,強盜
kiông-ngē,強硬
kiông-ngī,強硬
kiông-tiāu,強調
kiông-piān,強辯
kiông-pik,強迫
phing,弸
ping,弸
kiâng,强
kiông,强
kióng,强
pi̍t,弼
kòo,彀
khoo,彄
thân,彈
tuânn,彈
tuānn,彈
tân,彈
tān,彈
tuânn-tsàu,彈奏
tuânn-khîm,彈琴
kiong,彊
kióng,彊
kiông,彊
kiōng,彊
mí,彌
bí,彌
bî,彌
mî,彌
nî,彌
bî-long,彌濃
mí-póo,彌補
ní-póo,彌補
bî-lô-khu,彌陀區
mî-lô-khu,彌陀區
mî-tô-khu,彌陀區
bî-lô-káng,彌陀港
hok,彍
uan,彎
uan-lâi-uat-khì,彎來斡去
uan-uan-uat-uat,彎彎斡斡
uan-khiau,彎曲
kī,彐
kui,归
kuī,归
lo̍k,彔
thuàn,彖
huī,彗
luī,彙
î,彞
hîng,形
hîng-sè,形勢
hîng-iông,形容
hîng-sik,形式
hîng-iánn,形影
hîng-thài,形態
hîng-sîng,形成
hîng-tsōng,形狀
hîng-siōng,形象
bûn,彣
tông,彤
giān,彥
gān,彥
giān,彦
gān,彦
hiok,彧
tshái,彩
tshái-kuàn,彩券
tshái-kǹg,彩券
tshái-tsong,彩妝
tshái-huē,彩繪
tshái-sik,彩色
tshái-thâu,彩頭
piu,彪
tiau,彫
pin,彬
phênn,彭
phînn,彭
phîng,彭
phiau,彯
tsiang,彰
tsiong,彰
tsiang-huà,彰化
tsiong-huà,彰化
tsiong-huà-tshī,彰化市
tsiong-huà-kuān,彰化縣
tsiong-hián,彰顯
iánn,影
íng,影
iánn-siōng,影像
iánn-ìn,影印
iánn-tuânn,影壇
iánn-tián,影展
iánn-tuà,影帶
iánn-hì,影戲
iánn-tshenn,影星
iánn-tshinn,影星
iánn-pún,影本
iánn-phìnn,影片
iánn-ba̍k,影目
iánn-sī,影視
iánn-jiah,影跡
iánn-liah,影跡
iánn-tsiah,影跡
iánn-bê,影迷
iánn-tsi̍p,影集
iánn-im,影音
íng-hióng,影響
tshik,彳
tsiok,彴
hóng,彷
hóng-hut,彷彿
tsiong,彸
ia̍h,役
i̍k,役
i̍k-lâm,役男
pí,彼
he,彼
hit,彼
hit-tsi̍t-ji̍t,彼一日
hit-tsi̍t-li̍t,彼一日
hit ê,彼个
hit-tah,彼搭
hit pái,彼擺
hit-sî,彼時
hit iūnn,彼樣
hit khuán,彼款
hit pîng,彼爿
hit-tong-sî,彼當時
hit-tang-tsūn,彼當陣
hit-tang-tsūn-á,彼當陣仔
hit tsióng,彼種
hit-tsām,彼站
hit-hō,彼號
hit-lō,彼號
hit-jiah,彼跡
hit-liah,彼跡
hit-tsūn,彼陣
hit-thâu,彼頭
te,彽
hut,彿
íng,往
óng,往
óng-sū,往事
óng-lâi,往來
óng-huê--ê,往回的
óng-hê--ê,往回的
íng-nî,往年
óng-nî,往年
íng-íng,往往
óng-ho̍k,往復
íng-pái,往擺
íng-ji̍t,往日
íng-li̍t,往日
óng-ji̍t,往日
óng-li̍t,往日
íng-sî,往時
óng-sing,往生
óng-tsín,往診
íng-kuè,往過
íng-kè,往過
íng-kèr,往過
tsing,征
tsing-ho̍k,征服
tsoo,徂
óng,徃
thāi,待
tāi,待
thāi-bīng,待命
thāi-gū,待遇
sûn,徇
hún,很
iông,徉
huê,徊
lu̍t,律
lu̍t-si,律師
lu̍t-sir,律師
lu̍t-su,律師
hiō,後
hiōr,後
hiǒ,後
hāu,後
hōo,後
āu,後
āu-sì,後世
āu-sì-lâng,後世人
āu--á,後仔
hiō-tāi,後代
āu-tāi,後代
āu--lâi,後來
āu-lâi,後來
āu kò ge̍h,後個月
āu kò gue̍h,後個月
āu-tshut-sì,後出世
āu-ngē,後勁
āu-khîn,後勤
āu-khûn,後勤
āu-puànn-sì-lâng,後半世人
āu-tsik,後叔
āu-tâi,後台
hiō-sîr,後嗣
hiō-sû,後嗣
hiō-sū,後嗣
āu-huê,後回
āu-tsē,後坐
āu-khut-khe,後堀溪
āu-tiûnn,後場
āu-piah,後壁
āu-piah-khu,後壁區
āu-piah-liâu,後壁厝
āu-piah-tshù,後壁厝
āu-piah-suann,後壁山
āu-lâng,後壟
āu-tshuā,後娶
āu-bué,後尾
āu-bé,後尾
āu-bué-á,後尾仔
āu-bé-á,後尾仔
āu-bué-mn̂g,後尾門
āu-bé-mn̂g,後尾門
āu-suann,後山
āu-suann-pi,後山埤
āu-siū,後岫
ǎu-siǔ,後岫
āu-pang,後幫
āu--nî,後年
āu-nî,後年
āu-tsng,後庄
āu-tsō,後座
hiō-hué,後悔
hōo-hué,後悔
āu-tshiú,後手
āu-khok,後擴
āu-pái,後擺
āu-kái,後改
āu-táu,後斗
āu--gi̍t,後日
āu--ji̍t,後日
āu--li̍t,後日
āu-ji̍t,後日
āu-li̍t,後日
āu-ji̍t-á,後日仔
āu-li̍t-á,後日仔
āu ge̍h-li̍t,後月日
āu gue̍h-ji̍t,後月日
āu-kî,後期
hiō-kó,後果
āu-bóo,後某
āu-tshâ-pê,後柴耙
āu-pōo,後步
āu-bó,後母
āu-bú,後母
āu-bó-bīn,後母面
āu-bú-bīn,後母面
āu-pē,後爸
hāu-senn,後生
hāu-sinn,後生
hǎu-sinn,後生
hāu--ê,後的
hiō-tsiá,後者
hōo-uē,後衛
āu-uē,後衛
hōo-è,後裔
āu-kiàn,後見
āu-siā,後謝
āu-kha,後跤
hiō-puè,後輩
āu-puè,後輩
āu-tsìn,後進
āu-piàn,後遍
āu-kuè,後過
āu-kè,後過
āu-liú,後鈕
āu-bīn,後面
āu-thâu,後頭
āu-thâu-tshù,後頭厝
āu-ia̍h,後驛
āu-tsan,後齻
āu-tsan-khí,後齻齒
āu-lâng,後龍
āu-lâng-khe,後龍溪
āu-lâng-tìn,後龍鎮
tshî,徐
sîr,徐
sû,徐
tshî-huē tiong-ha̍k,徐匯中學
tshî-siā,徐謝
tshî-tsiā,徐謝
tshî-koo,徐辜
tshî-tân,徐陳
kìng,徑
tôo,徒
tôo-tē,徒弟
tik,得
tit,得
tik-lâng-sioh,得人惜
tit-lâng-sioh,得人惜
tik-lâng-thiànn,得人疼
tit-lâng-thiànn,得人疼
tik-sè,得勢
tit-sè,得勢
tik-sit,得失
tit-sit,得失
tik-tiānn,得定
tik-ì,得意
tit-ì,得意
tik-phiò,得票
tit-phiò,得票
tik-phiò-lu̍t,得票率
tit-phiò-lu̍t,得票率
tik-tsuē,得罪
tit-tsuē,得罪
pâi,徘
suá,徙
sí,徙
sú,徙
suá-uī,徙位
suá-siū,徙岫
suá-tsai,徙栽
suá-kha,徙跤
suá-phoo,徙鋪
khi,徛
khiā,徛
khiǎ,徛
kì,徛
khiā-tshe-á,徛叉仔
khiā-tâi,徛台
khiā-miâ,徛名
khiā-siū,徛壽
khiā-ke,徛家
khiā-ke-tshù,徛家厝
khiā-pîn,徛屏
khiā-sim,徛心
khiā-sim-pîng,徛心爿
khiā-toh-thâu,徛桌頭
khiǎ-toh-thâu,徛桌頭
khiā-siû,徛泅
khiā-ting-ko,徛燈篙
khiā-bâi,徛眉
khiā-phiò,徛票
khiā-tshiu,徛秋
khiā-sǹg,徛算
khiā-sǹg-kóng,徛算講
khiā-uē-ping,徛衛兵
khiā-tsènn-ông,徛諍王
khiā-tsìnn-ông,徛諍王
khiā-khí,徛起
khiā-lîng,徛靈
khiā-thâu,徛頭
khiā-bé-sè,徛馬勢
khiā-bé-sì,徛馬勢
khiā-thîng-thîng,徛騰騰
khiā-gô,徛鵝
khiā-n̂g,徛黃
siông,徜
tsiông,從
tshiong,從
tsn̂g,從
tsîng,從
tsiông-sū,從事
tsiông-lâi,從來
tsîng-kàu-tann,從到今
tsiông-tshú,從此
tsiu,徟
lâi,徠
lāi,徠
gī,御
gū,御
kiān,徤
piàn,徧
hông,徨
ho̍k,復
hiū,復
hok,復
ho̍k-siû,復仇
ho̍k-kiān,復健
ho̍k-guân,復原
ho̍k-kóo,復古
ho̍k-kang,復工
ho̍k-soo,復甦
ho̍k-huat,復發
ho̍k-si̍p,復習
ho̍k-tsit,復職
ho̍k-hing,復興
ho̍k-hing-khu,復興區
ho̍k-hing-kong,復興崗
sûn,循
sūn,循
sûn-khuân,循環
pòng,徬
iâu,徭
bî,微
bui,微
bî-biāu,微妙
bî-miāu,微妙
bî-jio̍k,微弱
bî-lio̍k,微弱
bui-bui,微微
bî-bî-á,微微仔
bî-bî-á tshiò,微微仔笑
bî-pho,微波
bî-pho-lôo,微波爐
hê,徯
tin,徵
ting,徵
tsing,徵
ting-tiàu,徵召
tin-siu,徵收
ting-siu,徵收
ting-bûn,徵文
ting-kiû,徵求
ting-sûn,徵詢
ting-suán,徵選
tik,德
tik-huà-tn̂g,德化堂
tik-hīng,德行
thiat,徹
huē,徻
uè,徻
hiau,徼
khiàu,徼
kiàu,徼
khiò,徼
khiò-tiāu,徼兆
hui,徽
liōng,徿
lóng,徿
siong,忀
sim,心
sim-tiong,心中
sim-sū,心事
sim-lāi,心內
sim-lāi-uē,心內話
sim-li̍k,心力
sim-tōng,心動
sim-kíng,心境
sim-tō-kńg,心導管
sim-tik,心得
sim-su,心思
sim-sìng,心性
sim-būn,心悶
sim-tsiânn,心情
sim-tsîng,心情
sim-tshíng,心惝
sim-ì,心意
sim-ài,心愛
sim-thài,心態
sim tso-tso,心慒慒
sim-tì,心智
sim-tsô,心槽
sim-ki,心機
sim-hué,心火
sim-hé,心火
sim-sóng,心爽
sin-sóng,心爽
sim-kông-hué-jia̍t,心狂火熱
sim-kông-hé-lia̍t,心狂火熱
sim-kông-hué-to̍h,心狂火著
sim-kông-hé-to̍h,心狂火著
sim-kông-sò-jia̍t,心狂燥熱
sim-kông-sò-lia̍t,心狂燥熱
sim-lí,心理
sim-kam-tsîng-guān,心甘情願
sim-bo̍k-tiong,心目中
sim-sîn,心神
sim-suàn,心算
sim-siann,心聲
sim-kuann,心肝
sim-kuann-á-kiánn,心肝仔囝
sim-kuann-ínn-á,心肝穎仔
sim-kuann-khut-á,心肝窟仔
sim-kuann-tì,心肝蒂
sim-kuann-thâu,心肝頭
sim-hing,心胸
sim-tn̂g,心腸
sim-pak,心腹
sim-tsōng,心臟
sim-tsōng-pēnn,心臟病
sim-tsōng-pīnn,心臟病
sim-hue-khui,心花開
sim-hiat,心血
sim-hīng,心行
sim-thiàu,心跳
sim-sik,心適
sim-sik-hìng,心適興
sim-sng,心酸
sim-tiān-tôo,心電圖
sim-lîng,心靈
sim-thâu,心頭
sim-guān,心願
sim-kiann-tánn-hiannh,心驚膽嚇
pit,必
pit-siu,必修
pit-tshe,必叉
pit-tīng,必定
pit-sûn,必巡
pit-jiân,必然
pit-liân,必然
pit-hûn,必痕
pit-iàu,必要
pit--khui,必開
pit-su,必需
pit-su,必須
thiau,忉
to,忉
khī,忌
kī,忌
khī-tshuì,忌喙
khī-tshn̂g,忌床
kī-tshn̂g,忌床
khī-ji̍t,忌日
khī-li̍t,忌日
kī-ji̍t,忌日
kī-li̍t,忌日
gím,忍
jím,忍
lím,忍
lún,忍
jím-siū,忍受
lím-siū,忍受
lún-jiō,忍尿
lún-liō,忍尿
jím-sim,忍心
lím-sim,忍心
jím-khì,忍氣
lún-khì,忍氣
jím-tsiá,忍者
lím-tsiá,忍者
jím-nāi,忍耐
lím-nāi,忍耐
khún,忐
thám,忐
thik,忑
thik,忒
hu,忓
kan,忓
gut,忔
thài,忕
tshún,忖
tsì,志
tsì-ha̍k,志學
tsì-kang,志工
tsì-khì,志氣
tsì-guān,志願
bông,忘
bōng,忘
bông-un-puē-gī,忘恩背義
bōng-un-puē-gī,忘恩背義
bâng,忙
bông,忙
he,忚
thiám,忝
thiám-thâu,忝頭
bîn,忞
tiong,忠
tiong-hōo,忠厚
tiong-hàu ho̍k-hing,忠孝復興
tiong-hàu tun-huà,忠孝敦化
tiong-hàu sin-sing,忠孝新生
tiong-si̍t,忠實
tiong-ti̍t,忠直
tiong-gī,忠義
tiong-sîng,忠誠
tshiong,忡
gōo,忤
ngóo,忤
ngóo-gi̍k,忤逆
hì,忥
guán,忨
tshong,忩
tsiong,忪
khuài,快
khuàinn,快
khuànn,快
khuìnn,快
khuài-kám,快感
khuài-lo̍k,快樂
khuànn-ua̍h,快活
khuìnn-ua̍h,快活
khuài-tshia,快車
khuài-sok,快速
khuài-mn̂g,快門
khuài-tshan,快餐
piān,忭
khì,忮
kī,忮
tshì,忮
tsì,忮
sî,忯
sī,忯
tsí,忯
sîm,忱
tun,忳
tûn,忳
tūn,忳
liām,念
liām-tsiù,念咒
liām-tsu,念珠
liām-king,念經
liām-thâu,念頭
hûn,忶
lik,忸
liok,忸
liú,忸
hiam,忺
him,忺
him,忻
hian,忻
khóng,忼
hut,忽
hut-jiân,忽然
hut-liân,忽然
hut-lio̍k,忽略
hut-sī,忽視
hún,忿
hù,怀
kū,怇
tshiau,怊
phi,怌
phí,怌
tso̍k,怍
tsà,怍
tsuánn,怎
tsím,怎
tsuánn-iūnn,怎樣
tsáinn-iūnn,怎樣
iòng,怏
ǹg,怏
khòo,怐
kòo,怐
khòo-khòo,怐怐
lōo,怒
nōo,怒
lâu,怓
nâu,怓
tsing,怔
phà,怕
phànn,怕
pòo,怖
thiap,怗
hōo,怙
kōo,怙
tshoo,怚
tsu,怚
tat,怛
thán,怛
tàn,怛
lîng,怜
su,思
si,思
sù,思
su-liām,思念
su-sióng,思想
su-bōo,思慕
su-uî,思維
su-khó,思考
iû,怞
iū,怞
tāi,怠
î,怡
thiat,怢
tu̍t,怢
hù,怤
hú,怤
kip,急
kip-sìng,急性
kip-kiù,急救
kip-tsuí-khe,急水溪
kip-sio-á,急燒仔
kip-tsìng,急症
kip-tsín,急診
kip-lān,急難
phing,怦
phēnn,怦
phēnn-phēnn-tshuán,怦怦喘
phīnn-phānn-tshuán,怦怦喘
phīnn-phēnn-tshuán,怦怦喘
phīnn-phīnn-tshuán,怦怦喘
sènn,性
sìnn,性
sìng,性
sìng-pia̍t,性別
sènn-miā,性命
sìnn-miā,性命
sìng-tuē,性地
sìng-tē,性地
sìng-tsîng,性情
sìng-ài,性愛
sìng-kám,性感
sìng-keh,性格
sìng-phiah,性癖
sìng-lîng,性能
sìng-tsit,性質
uàn,怨
uàn-thàn,怨嘆
uàn-thinn-uàn-tuē,怨天怨地
uàn-thinn-uàn-tē,怨天怨地
uàn-tòo,怨妒
uàn-hūn,怨恨
uàn-tsheh,怨慼
uàn-tshueh,怨慼
uàn-giân,怨言
nî,怩
kuài,怪
kuè,怪
kuài-sū,怪事
kuài--lâng,怪人
kuài-lâng,怪人
kuài-kî,怪奇
kuài-kuài,怪怪
kuài-tshiú,怪手
kuài-siâu,怪潲
kuài-bu̍t,怪物
kuài-ī,怪異
kuài-phiah,怪癖
kuài-tsuē,怪罪
huì,怫
phut,怫
pit,怭
pi̍t,怭
iu,怮
khiap,怯
tshong,怱
hóng,怳
thut,怵
tshí,恀
jím,恁
jîm,恁
lín,恁
lín-niâ,恁娘
lín-pē,恁爸
sun,恂
sún,恂
sûn,恂
sī,恃
ló,恅
hîng,恆
hîng-tshun-tìn,恆春鎮
khong,恇
hia̍p,恊
luân,恋
luān,恋
thiau,恌
tiâu,恌
huánn,恍
hóng,恍
khióng,恐
khióng-hat,恐喝
khióng-pòo,恐怖
khióng-kiann,恐驚
khióng-liông,恐龍
guî,恑
kuí,恑
hîng,恒
se,恓
hāu,恔
káu,恔
sù,恕
hoo,恗
khua,恗
iōng,恙
huī,恚
huê,恛
khiat,恝
kài,恝
hiong,恟
kuài,恠
līn,恡
khue,恢
hue,恢
hue-ho̍k,恢復
khue-ho̍k,恢復
tsù,恣
sut,恤
thí,恥
thí-tshiò,恥笑
liok,恧
lok,恧
hīn,恨
hīrn,恨
hūn,恨
hīn-bē-tit,恨袂得
hūn-buē-tit,恨袂得
in,恩
un,恩
irn,恩
un-tsú-kong-biō,恩主公廟
un-jîn,恩人
un-lîn,恩人
un-uàn,恩怨
in-tsîng,恩情
un-tsîng,恩情
in-tsîng-lâng,恩情人
un-tsîng-lâng,恩情人
in-ài,恩愛
un-ài,恩愛
khak,恪
khok,恪
thong,恫
tōng,恫
thiâm,恬
tiām-tshinn-tshinn,恬tshinn-tshinn
tiām-tsih-tsih,恬tsih-tsih
tiām,恬
tiām-tsut-tsut,恬卒卒
tiām--khì,恬去
tiām-tsiuh-tsiuh,恬喌喌
tiām-tsa̍t,恬實
tiām-tiām,恬恬
tiām-tsâi,恬才
tiām-tsīng,恬靜
kiong,恭
kiong-hí,恭喜
sik,息
sit,息
khap,恰
phing,恲
bông,恾
ióng,恿
kuan,悁
kuàn,悁
uan,悁
khún,悃
tshiáu,悄
ia̍t,悅
ua̍t,悅
thôo,悇
tôo,悇
kài,悈
sik,悉
sit,悉
tiat,悊
līn,悋
tē,悌
hán,悍
hān,悍
hō,悎
thik,悐
ip,悒
hué,悔
huí,悔
hi,悕
puē,悖
buân,悗
sióng,悚
sóng,悚
tshióng,悚
tshuan,悛
tsùn,悛
thíng,悜
khue,悝
lí,悝
gōo,悞
ngōo,悞
gōo,悟
ngōo,悟
iu,悠
iû,悠
huān,患
huān-tsiá,患者
tshong,悤
lín,您
ní,您
tsong,悰
huí,悱
pi,悲
pi-siong,悲傷
pi-kio̍k,悲劇
pi-ai,悲哀
pi-tsîng,悲情
pi-tshám,悲慘
pi-kuan,悲觀
tsuī,悴
tiòng,悵
būn,悶
būn-būn,悶悶
lē,悷
kuì,悸
kuàn,悹
kuán,悹
kuàn,悺
kuán,悺
híng,悻
tō,悼
tōo,悼
tshe,悽
tshi,悽
tshinn,悽
tshi-tshám,悽慘
tshinn-tshám,悽慘
tshi-tshám-lo̍k-phik,悽慘落魄
tshinn-tshám-lo̍k-phik,悽慘落魄
khong,悾
khong-khong,悾悾
khong-khám,悾歁
khong--ê,悾的
khong-am,悾闇
khong-tian,悾顛
sik,惁
khám,惂
khun,惃
lik,惄
tsiânn,情
tsîng,情
tsîng-jîn,情人
tsîng-lîn,情人
tsîng-hūn,情份
tsîng-sè,情勢
tsîng-pò,情報
tsîng-kíng,情境
tsîng-hîng,情形
tsîng-ì,情意
tsîng-ài,情愛
tsîng-kám,情感
tsîng-huâi,情懷
tsîng-kíng,情景
tsîng-kua,情歌
tsîng-tī,情治
tsîng-hóng,情況
tsîng-lí,情理
tsîng-tsiat,情節
tsîng-kat,情結
tsîng-bāng,情網
tsîng-sû,情緒
tsîng-sū,情緒
tsîng-iân,情緣
tsîng-gī,情義
tsîng-gî,情誼
tsîng-bīn,情面
tsîng-guān,情願
tiû,惆
sûn,惇
tun,惇
kó,惈
tiam,惉
liông,惊
uán,惋
uan,惌
kim,惍
kī,惎
lâm,惏
hi̍k,惑
khuân,惓
kuân,惓
kuān,惓
tâm,惔
hut,惕
thik,惕
tōng,惕
hut,惖
liap,惗
bóng,惘
tuat,惙
hut,惚
hun,惛
sik,惜
sioh,惜
sioh-pia̍t,惜別
sioh-miā-miā,惜命命
sioh-kiánn,惜囝
sioh-lio̍h,惜略
sioh-phuê,惜皮
sioh-phê,惜皮
sik-hok,惜福
sioh-hok,惜福
sioh hue liân phûn,惜花連盆
sioh bīn-phuê,惜面皮
sioh bīn-phê,惜面皮
thóng,惝
tshíng,惝
uî,惟
î,惟
huī,惠
huī-tsè-kiong,惠濟宮
ok,惡
ònn,惡
òo,惡
ok-lâng,惡人
ok-lâng bô-tánn,惡人無膽
ok-huà,惡化
ok-pò,惡報
ok-bāng,惡夢
ok-sìng,惡性
ok-ì,惡意
ok-to̍k,惡毒
ok-khia̍k-khia̍k,惡確確
ok-tsit,惡質
ok-pà,惡霸
ok-bé,惡馬
ok-môo,惡魔
só,惢
tiān,惦
khū,惧
tîng,惩
tuānn,惰
tō,惰
tōo,惰
ló,惱
lóo,惱
náu,惱
lóo-khì,惱氣
nóo-khì,惱氣
hún,惲
khún,惲
ún,惲
ûn,惲
siáng,想
sióng,想
siōnn,想
siūnn,想
siǔnn,想
sióng-siōng,想像
siūnn-tang-siūnn-sai,想東想西
siūnn-beh,想欲
siūnn-bueh,想欲
siūnn-huat,想法
siūnn-khang-siūnn-phāng,想空想縫
siūnn-kóng,想講
siūnn-khí,想起
siūnn-thè-hué,想退悔
tshuí,惴
tia̍p,惵
hiânn,惶
hông,惶
tshiong,惷
khîng,惸
giá,惹
jiá,惹
liá,惹
jiá-sū,惹事
liá-sū,惹事
jiá-tāi-tsì,惹代誌
liá-tāi-tsì,惹代誌
jiá-hō,惹禍
jiá-ē,惹禍
liá-hō,惹禍
liá-ē,惹禍
sing,惺
tshik,惻
pián,惼
hun,惽
tshiu,愀
tshiáu,愀
tshiû,愀
tshiô,愁
tshiû,愁
huan,愃
huán,愃
suan,愃
khian,愆
jú,愈
lú,愈
jî,愉
jû,愉
lû,愉
pik,愊
suan,愋
bián,愍
bín,愍
hok,愎
pik,愎
pi̍k,愎
ì,意
ì-hiòng,意向
ì-tôo,意圖
ì-kíng,意境
ì-guā,意外
ì-tsì,意志
ì-liām,意念
ì-sù,意思
ì-ài,意愛
ì-liāu,意料
ì-khì,意氣
ì-hâm,意涵
ì-gī,意義
ì-kiàn,意見
ì-sik,意識
ì-siōng,意象
ì-guān,意願
ì-mī,意麵
bián,愐
biān,愐
hat,愒
khiat,愒
khài,愒
khè,愒
siong,愓
im,愔
go̍k,愕
sīm,愖
kha,愘
khā,愘
khak,愙
khok,愙
gî,愚
gû,愚
ài,愛
ài-jîn,愛人
ài-lîn,愛人
ài-jîn-á,愛人仔
ài-lîn-á,愛人仔
ài-khàu,愛哭
ài-kok,愛國
ài-suí,愛媠
ài-kiau,愛嬌
ài-tián,愛展
ài-sim,愛心
ài-tsîng,愛情
ài-sioh,愛惜
ài-hô tsi sim,愛河之心
ài-khùn,愛睏
ài-khùn-sîn,愛睏神
ài-khùn-tsháu,愛睏草
ài-khùn-io̍h-á,愛睏藥仔
ài-hōo,愛護
kiap,愜
juán,愞
kám,感
kám-siong,感傷
kám-mōo,感冒
kám-tōng,感動
kám-huà,感化
kám-siū,感受
kám-thàn,感嘆
kám-kuan,感官
kám-sim,感心
kám-liām,感念
kám-sìng,感性
kám-un,感恩
kám-tsîng,感情
kám-sióng,感想
kám-khài,感慨
kám-ìng,感應
kám-jiám,感染
kám-liám,感染
kám-kik,感激
kám--tio̍h,感著
kám--tio̍rh,感著
kám-kak,感覺
kám-tshiok,感觸
kám-siā,感謝
tshong,愡
gāng,愣
khuì,愧
khak,愨
sòo,愫
hóng,愰
kut,愲
khū,愳
tshiong,愴
tshòng,愴
hia̍p,愶
khái,愷
sùn,愻
hì,愾
khài,愾
guān,愿
hūn,慁
ióng,慂
lik,慄
la̍k,慄
la̍k-la̍k-tshuah,慄慄掣
tho,慆
un,慇
tsû,慈
tsû-siān,慈善
tsû-thian-kiong,慈天宮
tsû-pi,慈悲
tsû-ài,慈愛
tsû-tsè-kiong,慈濟宮
hiok,慉
thiok,慉
hiâm,慊
khiap,慊
khiám,慊
thài,態
thāi,態
thài-tōo,態度
thāi-tōo,態度
hong,慌
ùn,慍
sīn,慎
sīn-tiōng,慎重
bíng,慏
tso,慒
tso-sim,慒心
phiau,慓
bo̍k,慔
bōo,慔
bōo,慕
bōo-iông,慕容
tshám,慘
tshám-lia̍t,慘烈
tshâm,慙
tshâm,慚
lik,慝
thik,慝
tsiong,慞
tōng,慟
bān,慢
bǎn,慢
bān-tshiánn,慢且
bān-tshiánn-sī,慢且是
bān-tang,慢冬
bān-hun,慢分
bān-thun-thun,慢吞吞
bān-sìng,慢性
bān-bān,慢慢
bān-bān-á,慢慢仔
bān-bān-á-sī,慢慢仔是
bān-tshiú,慢手
bān-sí-sô,慢死趖
bān-khuì,慢氣
bān-hué,慢火
bān-hé,慢火
bān-kiânn,慢行
bān-tshia,慢車
bān-tūn,慢鈍
kuàn,慣
kuàn-lē,慣例
kuàn-sì,慣勢
khak,慤
tshò,慥
kiû,慦
huē,慧
huī,慧
huī-gán,慧眼
khài,慨
au,慪
sóng,慫
tshióng,慫
kín,慬
lī,慮
līr,慮
lū,慮
lǐr,慮
uì,慰
uì-lô,慰勞
uì-lō,慰勞
uì-būn,慰問
uì-būn-kim,慰問金
thuân,慱
buân,慲
kian,慳
si̍p,慴
iông,慵
khìng,慶
khìng-tián,慶典
khìng-an-kiong,慶安宮
khìng-tsiok,慶祝
khìng-hō,慶賀
khóng,慷
khóng-kau,慷交
khóng-khài,慷慨
tsip,慹
lôo,慺
lú,慺
tsheh,慼
tshereh,慼
tshik,慼
tshueh,慼
tsheh-sim,慼心
tshueh-sim,慼心
tshik,慽
io̍k,慾
io̍k-bōng,慾望
liâu,憀
iu,憂
iu-siong,憂傷
iu-būn,憂悶
iu-tshiû,憂愁
iu-kat-kat,憂結結
iu-thâu-kat-bīn,憂頭結面
iu-thâu-khóo-bīn,憂頭苦面
tsiong,憃
khè,憇
pāi,憊
phiat,憋
piat,憋
kiau,憍
tsing,憎
liân,憐
lîn,憐
liân-bín,憐憫
lîn-bín,憐憫
pîn,憑
pîng,憑
pîn-kì,憑據
pîn-kù,憑據
pîng-kì,憑據
pîng-kù,憑據
pîn-tsún,憑準
pîn-liông-sim,憑良心
pîng-liông-sim,憑良心
pîn-tsìng,憑證
huē,憒
kuì,憒
huī,憓
tsiâu,憔
gûn,憖
gīn,憖
gûn,憗
gīn,憗
hi,憘
hì,憘
hí,憘
hi,憙
hì,憙
hí,憙
tān,憚
tuì,憝
tūn,憝
siok,憟
khuat,憠
kuat,憠
giâu,憢
giâu-gî,憢疑
hùn,憤
hún,憤
hùn-nōo,憤怒
hùn-khài,憤慨
lô,憥
lō,憥
lō,憦
tshiong,憧
ham,憨
khè,憩
hān,憪
bín,憫
kíng,憬
liáu,憭
liâu,憭
bú,憮
bû,憮
hoo,憮
hu,憮
tshám,憯
khiat,憰
kuat,憰
hiàn,憲
hiàn-ping,憲兵
hiàn-tsìng,憲政
hiàn-huat,憲法
thám,憳
sîng,憴
phik,憵
ik,憶
it,憶
it-tio̍h,憶著
tshoo,憷
siam,憸
tshiam,憸
lông,憹
tām,憺
kíng,憼
tshong,憽
hām,憾
hiau,憿
kuè,懀
uè,懀
kuàn,懁
táng,懂
tóng,懂
táng-hiannh,懂嚇
khûn,懃
kù,懅
kû,懅
tshò,懆
khún,懇
khún-kiû,懇求
hāi,懈
ing,應
ìng,應
ìn,應
ìng-hù,應付
iòng-kong-á,應公仔
ìng-kong-á,應公仔
ìn-tshuì,應喙
ìn-tshuì-ìn-tsi̍h,應喙應舌
ìng-tuì,應對
ìng-ting,應徵
ìng-kip,應急
ìng-hāu,應效
ìng-iōng,應用
ing-tong,應當
ìng-tong,應當
ìn-siann,應聲
ìn-uē,應話
ing-kai,應該
ìng-kai,應該
ing-kai-jiân,應該然
ing-kai-liân,應該然
ìng-kai-jiân,應該然
ìng-kai-liân,應該然
ìng-piàn,應變
ìng-iau,應邀
ìng-siû,應酬
ìng-giām,應驗
àu,懊
ò,懊
òo,懊
àu-tū-tū,懊嘟嘟
àu-tū-bīn,懊嘟面
àu-náu,懊惱
bōo,懋
i̍k,懌
lún,懍
lún-tiûnn,懍場
lún-neh,懍懾
lún-tánn,懍膽
iam,懕
thì,懘
bōng,懜
tuī,懟
tse,懠
tsê,懠
buán,懣
būn,懣
tiû,懤
tiū,懤
nōo,懦
nōo-nōo,懦懦
lîng,懧
ióng,懩
thì,懫
tsì,懫
tì,懫
khòng,懭
kóng,懭
iu,懮
iú,懮
hu,懯
liú,懰
liû,懰
tîng,懲
bòng,懵
bóng,懵
bòng-sian,懵仙
bóng-tóng,懵懂
bòng-tánn,懵膽
lán,懶
nuā,懶
lán-si,懶屍
nuā-sìng,懶性
lán-lán,懶懶
nuā siùnn,懶相
kuī,懷
huâi,懷
kuî,懷
huâi-tiong-sī,懷忠祠
huâi-liām,懷念
huâi-gî,懷疑
huâi-thai,懷胎
hiân,懸
kuâinn,懸
kuân,懸
kuân-kē,懸低
kuân-kē-gám,懸低坎
kuân-kē-khám,懸低坎
kuân kè,懸價
kuân-kia̍h,懸屐
kuân-kia̍h-á,懸屐仔
kuân suann,懸山
kuân-tōo,懸度
kuân-tah,懸踏
kuân-ta̍h,懸踏
kuân-ta̍h-á,懸踏仔
kuân-ta̍h-á-ê,懸踏仔鞋
kuân-ta̍h-ê,懸踏鞋
kuâinn-tíng,懸頂
kuân-tíng,懸頂
tshàm,懺
kì,懻
khū,懼
kī,懼
kū,懼
huan,懽
kuàn,懽
liap,懾
liap-tánn,懾膽
ì,懿
luân,戀
luān,戀
luân-tsîng,戀情
luân-ài,戀愛
lán,戁
thóng,戃
ha̍k,戄
kio̍k,戄
gōng,戇
gōng-lâng,戇人
gōng-tai,戇呆
gōng-tuā-tai,戇大呆
gōng-kang,戇工
gōng-siūnn,戇想
gōng-gōng,戇戇
gōng-kâu,戇猴
gōng--ê,戇的
gōng-ba̍k,戇目
gōng-ti̍t,戇直
gōng-sîn,戇神
gōng-tánn,戇膽
gōng-uē,戇話
gōng-tsînn,戇錢
gōng-thâu-gōng-bīn,戇頭戇面
ko,戈
ua̍t,戉
bōo,戊
sut,戌
sù,戍
giông,戎
jiông,戎
liông,戎
sîng,成
tshiânn,成
siânn,成
tsiânn,成
sîng-kau,成交
sîng-jîn,成人
sîng-lîn,成人
tsiânn-lâng,成人
sîng-hūn,成份
tsiânn-tsuè,成做
tsiânn-tsò,成做
sîng-tsuân,成全
sîng-kong,成功
sîng-kong-tìn,成功鎮
sîng-phín,成品
sîng-guân,成員
sîng-uân,成員
sîng-in,成因
sîng-ka,成家
sîng-tsiū,成就
sîng-liân,成年
sîng-hāu,成效
sîng-pāi,成敗
tsiânn ge̍h-li̍t,成月日
tsiânn gue̍h-ji̍t,成月日
sîng-pún,成本
sîng-kó,成果
tshiânn-keh,成格
tshiânn-kik,成格
tsiânn-iūnn,成樣
tsiânn-khuán,成款
sîng-uî,成為
sîng-sio̍k,成熟
sîng-si̍k,成熟
tsiânn-mi̍h,成物
tsiânn-mn̍gh,成物
sîng-li̍p,成立
sîng-tsik,成績
sîng-kûn-ká-tóng,成群絞黨
sîng-kiàn,成見
sîng-tshin,成親
sîng-gí,成語
sîng-gú,成語
sîng-tióng,成長
guá,我
ngóo,我
guá pí lí khah tsē,我比你較濟
guá pí lír khah tsuē,我比你較濟
guá-pí-lí-khah-tsē,我比你較濟
guá-pí-lír-khah-tserē,我比你較濟
guá-pí-lír-khah-tsuē,我比你較濟
guá-pí-lír-khah-tsuě,我比你較濟
guá-pí-lú-khah-tsuē,我比你較濟
kài,戒
kài-pī,戒備
kài-giâm,戒嚴
kài-sim,戒心
tsian,戔
tsân,戔
tshiông,戕
hi̍k,或
hi̍k-tsiá,或者
tōng,戙
tshik,戚
khiat,戛
khiat-á-thâu,戛仔頭
khiat-hué,戛火
khiat-hé,戛火
kik,戟
sì,戠
tsit,戠
kham,戡
tship,戢
kuî,戣
tíng,戥
tín-á,戥仔
tíng-á,戥仔
tshong,戧
tsián,戩
tsia̍t,截
tsue̍h,截
tsia̍t-tsí,截止
tsia̍t-kó,截稿
ián,戭
iú,戭
ín,戭
lio̍k,戮
lak,戮
lak-khang,戮空
lak-tsǹg,戮鑽
tsiàn,戰
tsiàn-luān,戰亂
tsiàn-sū,戰事
tsiàn-pī,戰備
tsiàn-li̍k,戰力
tsiàn-khu,戰區
tsiàn-kok,戰國
tsiàn-tiûnn,戰場
tsiàn-sū,戰士
tsiàn-i̍k,戰役
tsiàn-āu,戰後
tsiàn-ki,戰機
tsiàn-hóng,戰況
tsiàn-hué,戰火
tsiàn-hé,戰火
tsiàn-tsing,戰爭
tsiàn-lio̍k,戰略
tsiàn-sîn,戰神
tsiàn-tsik,戰績
tsiàn-kàm,戰艦
tsiàn-lām,戰艦
tsiàn-su̍t,戰術
tsiàn-tshia,戰車
tsiàn-tàu,戰鬥
hoo,戱
hì,戱
hì,戲
hì-kio̍k,戲劇
hì-ki̍k,戲劇
hì-tâi,戲台
hì-hn̂g,戲園
hì-lāng,戲弄
hí-lāng,戲弄
hì-bûn,戲文
hì-khik,戲曲
hì-pênn,戲棚
hì-pînn,戲棚
hì-pan,戲班
hì-láng,戲籠
hì-īnn,戲院
hì-tshut,戲齣
thok,戳
tsho̍k,戳
tè,戴
tài,戴
tèr,戴
tì,戴
tì siáu-kuí-á-khak,戴小鬼仔殼
tè-iônn,戴楊
tè-iûnn,戴楊
hōo,戶
hōo-kháu,戶口
hōo-kháu-miâ,戶口名
hōo-kháu-tshau-pún,戶口抄本
hōo-miâ,戶名
hōo-guā,戶外
hōo-tsìng,戶政
hōo-sòo,戶數
hōo-tāinn,戶橂
hōo-tīng,戶橂
hǒo-tǐng,戶橂
hōo-tīng-kha,戶橂跤
hōo-tsi̍k,戶籍
hōo-thâu,戶頭
sì,戺
sū,戺
hòo,戽
hòo-táu,戽斗
hòo-táu--ê,戽斗的
hòo-sia̍h,戽杓
hòo-tsuí,戽水
lē,戾
pâng,房
pông,房
pâng-tuē-sán,房地產
pâng-tē-sán,房地產
pâng-ok,房屋
pâng-tshī,房市
pâng-king,房間
pâng-thâu,房頭
sé,所
sóo,所
sóo-í,所以
sóo-tsāi,所在
sóo-tik,所得
sóo-tit,所得
sóo-tik-suè,所得稅
sóo-tik-sè,所得稅
sóo-tit-suè,所得稅
sóo-tit-sè,所得稅
sóo-pái,所擺
sóo-iú,所有
sóo-ū,所有
sóo-iú-khuân,所有權
sóo-iú-kuân,所有權
sóo-tì,所致
sóo-uī,所謂
sóo-huì,所費
sóo-tiúnn,所長
pián,扁
pínn,扁
pún,扁
pínn-tshuì,扁喙
pín-tann,扁擔
pún-tann,扁擔
pínn-tāu,扁豆
pínn-tsǹg,扁鑽
phián-si̍t,扁食
pián-si̍t,扁食
pán-si̍t,扁食
pínn-hî,扁魚
pínn-hû,扁魚
tiām,扂
king,扃
kíng,扃
í,扆
siàn,扇
sìnn,扇
sìnn-bīn,扇面
hōo,扈
hui,扉
iám,扊
siú,手
tshiú,手
tshiú-uínn,手䘼
tshiú-ńg,手䘼
tshiú-hā,手下
tshiú-ē,手下
tshiú-tiong,手中
tshiú-tsheh,手冊
tshiú-tōng,手動
tshiú-sè,手勢
tshiú-ìn,手印
tshiú-long,手囊
tshiú-lôm,手囊
tshiú-lông,手囊
tshiú-lông-á,手囊仔
tshiú-thò,手套
tshiú-bué,手尾
tshiú-bé,手尾
tshiú-bué-la̍t,手尾力
tshiú-bé-la̍t,手尾力
tshiú-bué-tsînn,手尾錢
tshiú-bé-tsînn,手尾錢
tshiú-kang,手工
tshiú-kun,手巾
tshiú-kin-á,手巾仔
tshiú-kirn-á,手巾仔
tshiú-kun--á,手巾仔
tshiú-kun-á,手巾仔
tshiú-tué,手底
tshiú-té,手底
tshiú-hîng,手形
tshiú-āu-khiau,手後曲
tshiú-sim,手心
tshiú-huānn-á,手扞仔
tshiú-tsí,手指
tshiú-tsíng-thâu-á,手指頭仔
tshiú-pôo,手捗
tshiú-tsiáng,手掌
tshiú-tsiúnn,手掌
tshiú-pâi,手排
tshiú-tsih-phōo-á,手摺簿仔
tshiú-tsí-phōo-á,手摺簿仔
tshiú-tòng,手擋
tshiú-kia̍h-á-hué,手攑仔火
tshiú-sòo-liāu,手數料
tshiú-khiau,手曲
tshiú-se-gia̍h-kuân,手梳攑懸
tshiú-bôo,手模
tshiú-lok--á,手橐仔
tshiú-lok-á,手橐仔
tshiú-ki-á,手機仔
tshiú-tuānn,手段
tshiú-huat,手法
tshiú-sio̍h,手液
tshiú-jiáu,手爪
tshiú-niáu,手爪
tshiú-jiáu-tsiān,手爪賤
tshiú-niáu-tsiān,手爪賤
tshiú-khuân,手環
tshiú-hûn,手痕
tshiú-puânn,手盤
tshiú-ba̍k,手目
tshiú-uánn,手碗
tshiú-uánn-kut,手碗骨
tshiú-kó,手稿
tshiú-pit,手筆
tshiú-sòo-liāu,手素料
tshiú-phāng lang,手縫櫳
tshiú-phāng se,手縫疏
tshiú-sio̍k,手續
tshiú-sio̍k-huì,手續費
tshiú-pē,手耙
tshiú-tóo,手肚
tshiú-tóo-jîn,手肚仁
tshiú-tóo-lîn,手肚仁
tshiú-tóo-bah,手肚肉
tshiú-kóo,手股
tshiú-kóo-thâu,手股頭
tshiú-gē,手藝
tshiú-su̍t,手術
tshiú-gí,手語
tshiú-gú,手語
tshiú-tsiān,手賤
tshiú-lōo,手路
tshiú-lōo-tshài,手路菜
tshiú-tuê-á,手蹄仔
tshiú-tê-á,手蹄仔
tshiú-tshìng,手銃
tshiú-khàu,手銬
tshiú-pió,手錶
tshiú-pió-á,手錶仔
tshiú-piór-á,手錶仔
tshiú-mn̂g,手門
tshiú-tiān,手電
tshiú-tiān-á,手電仔
tshiú-tiān-hér,手電火
tshiú-bīn,手面
tshiú-bīn-thàn-tsia̍h,手面趁食
tshiú-thâu,手頭
tshiú-hong-khîm,手風琴
tshiú-kut,手骨
tsâi,才
tshâi,才
tsiah,才
tsâi-lí,才女
tsâi-lú,才女
tsâi-tsú,才子
tsâi-tsîng,才情
tsiah-sī,才是
tsiah ē,才會
tsâi-lîng,才能
tsâi-huâ,才華
tsâi-gē,才藝
tsâi-tiāu,才調
tsiah-koh,才閣
tsat,扎
tsah,扎
tsat-se,扎西
li̍k,扐
phok,扑
pat,扒
pài,扒
pê,扒
pe,扒
pê-á,扒仔
pê-tsiūnn,扒癢
pê-tsiōnn--ê,扒癢的
pe-pn̄g,扒飯
pê-lîng-tsûn,扒龍船
tánn,打
tá,打
tánn-tōng,打動
tánn-ap,打壓
tánn-tsah,打扎
tá-pān,打扮
tánn-pān,打扮
tánn-tsiat,打折
tá-thàm,打探
tánn-thàm,打探
tánn-tia̍p,打揲
tá-kik,打擊
tánn-kik,打擊
tá-jiáu,打擾
tá-liáu,打擾
tánn-jiáu,打擾
tánn-liáu,打擾
tá-tháng,打桶
tánn-tháng,打桶
tá-káu,打狗
tánn-káu,打狗
tánn-niau,打貓
tánn-tsō,打造
tánn-má-bú-khut,打馬武窟
tiám-má-ka,打馬膠
tá-má-ka,打馬膠
tiám-má-ka-lōo,打馬膠路
tá-má-ka-lōo,打馬膠路
jîng,扔
thok,托
thuh,托
thok-jî-sóo,托兒所
thok-lî-sóo,托兒所
tik,扚
tsiok,扚
kng,扛
kong,扛
kng-kioh,扛轎
kng-kiō,扛轎
kng-kiǒ,扛轎
hán,扞
hān,扞
huānn,扞
huānn-ke,扞家
huānn-siàu,扞數
huānn-puânn,扞盤
huānn-be̍h,扞脈
huānn-thâu,扞頭
huānn-tiánn-tsàu,扞鼎灶
tsha,扠
sì,扡
sū,扡
tho,扡
git,扢
gut,扢
hut,扢
kut,扢
khiò,扣
khàu,扣
khòo,扣
khau,扣
khàu-tí,扣抵
khàu-ah,扣押
khàu-tiāu,扣掉
khàu-liû,扣留
khàu-tî,扣除
khàu-tû,扣除
gut,扤
gu̍t,扤
tshian,扦
tshuann,扦
liú,扭
láu,扭
ngiú,扭
niú,扭
náu,扭
gió kha-tshng,扭尻川
ngiú kha-tshng,扭尻川
liú-lia̍h,扭掠
liú-la̍k,扭搦
niú-khiok,扭曲
pān,扮
pān-sian,扮仙
pān-kong-hué-á,扮公伙仔
pān-kong-hé-á,扮公伙仔
pān-kong-hér--á,扮公伙仔
pān-kong-hér-á,扮公伙仔
pān-kong-ke-hué-á,扮公家伙仔
pān-kong-ke-hé-á,扮公家伙仔
pān-kong-hè--á,扮公貨仔
pǎn-koo-lê-á,扮咕咧仔
pān-koo-hér-á,扮姑伙仔
pān-ke-hué-á,扮家伙仔
pān-ke-hé-á,扮家伙仔
pān-ián,扮演
pān-tshiò-bīn,扮笑面
tshé,扯
kip,扱
tshap,扱
khi̍p,扱
gîm,扲
khiâm,扲
khîm,扲
gīm,扲
gīm-tshiú,扲手
pan,扳
phan,扳
pian,扳
pán-á,扳仔
pan--kuè-lâi,扳過來
pan--kè-lâi,扳過來
pian--kuè-lâi,扳過來
pian--kè-lâi,扳過來
ke̍h,扴
ke̍h-bī,扴味
ke̍h-uē,扴話
oo,扵
hû,扶
phôo,扶
hû-tsōo,扶助
phôo-kha-tshng,扶尻川
phôo-āu-kha,扶後跤
hû-tshî,扶持
phôo-thánn,扶挺
hû-tshah,扶插
hû-ióng,扶養
phôo-lān-pha,扶𡳞脬
phôo-lǎn-pha,扶𡳞脬
hó,扷
ió,扷
phe,批
phi,批
phue,批
phue-sìn,批信
phue-tsún,批准
phue-phuànn,批判
phue-long,批囊
phue-lông,批囊
phue-tháng,批桶
phe-lok-á,批橐仔
phue-lok-á,批橐仔
phue-khak,批殼
phue-tsuí-phue,批水批
phue-tsuí-phi,批水披
phue-hiā-phue,批瓦批
phue-hiā-phèr,批瓦杮
phue-tâng,批筒
phue-tsuá,批紙
phue-phîng,批評
khám,扻
ik,扼
i̍k,扼
tùn,扽
huâ,找
tsāu,找
tsāu-tsînn,找錢
tsǎu-tsînn,找錢
sânn,承
sîng,承
sîn,承
sîng-pau,承包
sîng-siū,承受
sîng-thian-hú,承天府
sîng-tsiap,承接
sîng-tam,承擔
sîng-lám,承攬
sîn-tsuí,承水
sîng-jīn,承認
sîng-līn,承認
sîng-lo̍k,承諾
sîng-pān,承辦
ki,技
kī,技
ki-kang,技工
ki-khá,技巧
ki-su,技師
ki-kik-kuán,技擊館
ki-lîng,技能
ki-gē,技藝
ki-su̍t,技術
ún,抁
piān,抃
tshau,抄
tshau-siá,抄寫
tshau-si̍p,抄襲
tshau-li̍k,抄錄
bún,抆
būn,抆
gua̍t,抈
kuat,抉
pé,把
pá,把
pà,把
pé-siú,把守
pá-hì,把戲
pá-ak,把握
tám,抌
tìm,抌
ún,抎
la̍p,抐
lā,抐
ah,抑
a̍h,抑
iah,抑
ia̍h,抑
ik,抑
ah-sī,抑是
a̍h-sī,抑是
iah-sī,抑是
ia̍h-sī,抑是
ah-bô,抑無
iah-bô,抑無
ah-bô-kàu-tsi̍t-puànn,抑無夠一半
thú,抒
giàu,抓
giáu,抓
jiàu,抓
jiáu,抓
liàu,抓
liáu,抓
ngiàu,抓
niàu,抓
niàu ka-tsiah hit ki,抓尻脊彼枝
giàu-pê-á,抓耙仔
jiàu-pê-á,抓耙仔
liàu-pê-á,抓耙仔
niàu-pê-á,抓耙仔
phoo,抔
pôo,抔
put,抔
tiô,投
tâu,投
tôo,投
tâu-pó,投保
tâu-ji̍p,投入
tâu-li̍p,投入
tâu-siā,投射
tâu-iánn,投影
tâu-tshiú,投手
tâu-àn,投案
tâu-pio,投標
tâu-ki,投機
tâu-tsù,投注
tâu-kiû,投球
tâu-phiò,投票
tâu-kó,投稿
tâu-nâ,投籃
tâu-thai,投胎
tâu-tsu,投資
tâu-hâng,投降
tâu-khò,投靠
tóo,抖
khòng,抗
khòng-tsing,抗爭
khòng-sing-sòo,抗生素
khòng-io̍h-sìng,抗藥性
khòng-hîng,抗衡
khòng-gī,抗議
khòng-thé,抗體
tsiat,折
tsik,折
tsi̍h,折
tsiat-khàu,折扣
tsiat-buâ,折磨
tsi̍h-tsām,折站
tsiat-kū,折舊
pìng,抦
píng,抦
tsí,抧
phiann,抨
piann,抨
pîng,抨
pòo,抪
phi,披
phi-á,披仔
phi--leh,披咧
phi-tsuí-phi,披水披
phi-tsuí-phí-á,披水疕仔
phi-sann,披衫
thai,抬
tsa,抯
tshiánn,抯
tshé,抯
iong,抰
ióng,抰
uinn,抰
phāu,抱
phō,抱
phōr,抱
phǒ,抱
pō,抱
phō-sim,抱心
phō-sim-pîng,抱心爿
phō-khiam,抱歉
phō-khiàm,抱歉
phō-khiám,抱歉
phō--ê,抱的
té,抵
tí,抵
tí-tsè,抵制
té-khòng,抵抗
tí-khòng,抵抗
té-ah,抵押
tí-ah,抵押
tí-gia̍h,抵額
sik,抶
thik,抶
tsat,抸
buah,抹
buat,抹
buah-to,抹刀
buah-piah,抹壁
buah-oo,抹烏
buah-oo-tshat-pe̍h,抹烏漆白
buah-hún,抹粉
buah-bīn,抹面
buah iâm,抹鹽
bī,抺
ah,押
ap,押
ah-miâ,押名
ah-bué,押尾
ah-bé,押尾
ah-bué-āu,押尾後
ah-bé-āu,押尾後
ah-bué-tshiú,押尾手
ah-bé-tshiú,押尾手
ah-āu,押後
ah-sàng,押送
ah-ūn,押韻
liu,抽
thiu,抽
thiu-tshut,抽出
thiu-kuân,抽懸
thiu-uānn,抽換
thiu-tong-á,抽東仔
thiu-tsióng,抽獎
thiu-thiànn,抽疼
thiu-suè,抽稅
thiu-sè,抽稅
liu-tshiam,抽籤
thiu-tshiam,抽籤
thiu-tsi,抽脂
thiu-hueh,抽血
thiu-huih,抽血
thiu-siōng,抽象
thiu-ti-bó-suè,抽豬母稅
thiu-ti-bú-suè,抽豬母稅
thiu-tu-bó-sè,抽豬母稅
thiu-tu-bú-sè,抽豬母稅
thiu-liò,抽躼
thiu-lò,抽躼
thiu-thè,抽退
thiu-tn̂g,抽長
thiu-thâu,抽頭
thiu-giām,抽驗
liu-khau,抽鬮
thiu-khau,抽鬮
liu-khau-á,抽鬮仔
thiu-khau-á,抽鬮仔
khioh,抾
khu,抾
khioh-ting-tsînn,抾丁錢
khioh-kiánn-bó,抾囝母
khioh-kiánn-bú,抾囝母
khiorh-kiánn-bú,抾囝母
khioh-gín--á,抾囡仔
khioh-gín-á,抾囡仔
khiorh-gín-á,抾囡仔
khioh-jī-tsuá--ê,抾字紙的
khioh-lī-tsuá--ê,抾字紙的
khioh-kheh,抾客
khioh-hīn,抾恨
khioh-hūn,抾恨
khioh-si̍p,抾拾
khioh-ka̍k,抾捔
khioh-tshâ,抾柴
khioh-tsuí,抾水
khioh-tsìng-tsînn,抾眾錢
khioh-suè,抾稅
khioh-sè,抾稅
khioh-âng-tiám,抾紅點
khiorh-âng-tiám,抾紅點
khioh-âng-tiám-á,抾紅點仔
khioh-iân-tsînn,抾緣錢
khioh-bah-iù-á,抾肉幼仔
khioh tshài,抾菜
khioh-tio̍h,抾著
khioh-io̍h,抾藥
khioh-kán,抾襇
khioh-kíng,抾襇
khiorh-kíng,抾襇
khioh-khí-kha,抾起跤
khioh-nńg-á,抾軟仔
khioh-kim,抾金
khioh-tsînn,抾錢
khioh-hong-suí,抾風水
khioh-kut,抾骨
khioh-kut-thâu,抾骨頭
bín,抿
bín-á,抿仔
hut,拂
pi̍t,拂
tsú,拄
tú,拄
tú-tshiāng,拄䢢
tú-á,拄仔
tú-á-hó,拄仔好
tú-tshian,拄千
tú-leh,拄咧
tú-lih,拄咧
tú-teh,拄咧
tú-tshuì,拄喙
tú-hó,拄好
tú-tsiah,拄才
tú-tú,拄拄
tú-tú-á,拄拄仔
tú-tú-á-hó,拄拄仔好
tú-tú-hó,拄拄好
tú-tn̄g,拄搪
tú-siàu,拄數
tú beh,拄欲
tú bueh,拄欲
tú-tio̍h,拄著
tú-khai-sí,拄開始
khiat,担
thán,担
liah,拆
thiah,拆
thik,拆
thiah-tuann,拆單
thiah-jī,拆字
thiah-lī,拆字
thiah-tshuann,拆扦
thiah-suànn,拆散
thiah-ji̍t-á,拆日仔
thiah-li̍t-á,拆日仔
thiah-hué-tsàu,拆火灶
thiah-hé-tsàu,拆火灶
thiah-hué-tiánn,拆火鼎
thiah-hé-tiánn,拆火鼎
thiah-pe̍h-kóng,拆白講
thiah-phuà,拆破
thiah-phiò,拆票
thiah-ha̍h,拆箬
thiah-kóo,拆股
thiah-thuí,拆腿
thiah-io̍h,拆藥
thiah-io̍h-á,拆藥仔
thiah-io̍rh-á,拆藥仔
thiah-iō-á,拆藥仔
thiah-khui,拆開
thiah-tû,拆除
thiah-tsia̍h-lo̍h-pak,拆食落腹
bó,拇
bóo,拇
bú,拇
liam,拈
liâm,拈
ni,拈
ne,拈
liam-tshân-enn,拈田嬰
liam-tshân-inn,拈田嬰
liam-hiunn,拈香
liam-khau,拈鬮
liap,拉
lia̍p,拉
la,拉
la̍p,拉
lá,拉
la-ting,拉丁
la-lûn-á-sio,拉圇仔燒
lâ-lûn-á-sio,拉圇仔燒
lâ-lûn-sio,拉圇燒
lá-lá-san,拉拉山
la-un-á,拉溫仔
ba-un-á-sio,拉溫仔燒
la-un-á-sio,拉溫仔燒
hú,拊
hú-á,拊仔
pha,拋
phau,拋
pha-pha-tsáu,拋拋走
pha-tshia-lian,拋捙輪
pha-tshia-lin,拋捙輪
pha-tiānn,拋碇
pha bāng,拋網
pha-hng,拋荒
pha-tshia,拋車
pha-lín-táu,拋輦斗
pha-liàn-táu,拋輾斗
pha-lìn-táu,拋輾斗
phann-lìn-táu,拋輾斗
pha-lìn-káu,拋輾狗
pha-kīn-lōo,拋近路
pha-kūn-lōo,拋近路
pha-hî,拋魚
pha-hû,拋魚
pha-ki-lin,拋麒麟
pha-kî-lîn,拋麒麟
phuan,拌
puàn,拌
puān,拌
puānn,拌
puǎnn,拌
puānn báng-á,拌蠓仔
phah,拍
phik,拍
phah-ka-la̍uh,拍交落
phah-phit-phok-á,拍匹噗仔
phah-eh,拍呃
phah-erh,拍呃
phah-è,拍呃
phah-erh-á,拍呃仔
phah-ko̍k-ke,拍咯家
phah-kok-ke,拍咯雞
phah-ko̍k-ke,拍咯雞
phah-ka-tshiùnn,拍咳啾
phah-kha-tshiùnn,拍咳啾
phah-tshuì-kóo,拍喙鼓
phah-uh-á,拍噎仔
phah-pho̍k,拍噗
phah-pho̍k-á,拍噗仔
phah-phòo--á,拍噗仔
phah-jī-ki,拍字機
phah-lī-ki,拍字機
phah-kuann-si,拍官司
phah-tiānn,拍定
phah-kha-tshng,拍尻川
phah-tsân,拍層
phah-hì,拍戲
phah-tshiú,拍手
phah-tshiú-tshìng,拍手銃
phah-lâ-liâng,拍抐涼
phah-lā-liâng,拍抐涼
phah-tsiat,拍折
phah-phik,拍拍
phah-piànn,拍拚
phah-kûn,拍拳
phah kûn-thâu,拍拳頭
phah-sńg,拍損
phah-siak,拍摔
phah-nuá,拍撋
phah-tn̄g,拍斷
phah-bóo-tshài,拍某菜
phah-pháinn,拍歹
phah-sí-lâng hōo,拍死人雨
phah-phú-á-kng,拍殕仔光
phah-phú-kng,拍殕光
phah-m̄-kìnn,拍毋見
phah-tsuí-phia̍k-á,拍水擗仔
phah-phài,拍派
phah-phōng-siû,拍滂泅
phah-pōng-siû,拍滂泅
phah-hué,拍火
phah-hé,拍火
phah-hué-tshia,拍火車
phah-hé-tshia,拍火車
phah-bô--khì,拍無去
phah-phìnn,拍片
phah-la̍h,拍獵
phah-kiû,拍球
phah-tshenn-kiann,拍生驚
phah-tshinn-kiann,拍生驚
phah-tsio̍h,拍石
phah-tsio̍h-sai,拍石師
phah-phuà,拍破
phah-tsíng,拍種
phah-sǹg,拍算
phah-sǹg-puânn,拍算盤
phah-kat,拍結
phah-kat-khiû,拍結毬
phah-kat-kiû,拍結毬
phah-phún,拍翸
phah-m̂,拍莓
phah-tshik-sue,拍觸衰
phah-buē,拍賣
phah-bē,拍賣
phah-thong-kuan,拍通關
phah-sok,拍速
phah-tshénn,拍醒
phah-tshínn,拍醒
phah kim-á,拍金仔
phah-tsam,拍針
phah-thih,拍鐵
phah-thih-á,拍鐵仔
phah-thih-á-sai,拍鐵仔師
phah-thih-á-sai-hū,拍鐵仔師父
phah-thih-á-khòo,拍鐵仔褲
phah-thih-sai,拍鐵師
phah-thih-sai-hū,拍鐵師父
phah-thih--ê,拍鐵的
phah-hîng,拍雄
phah tiān-uē,拍電話
phah-lân,拍鱗
phah-tsiáu-bō,拍鳥帽
phah-tsiáu-bō-á,拍鳥帽仔
phah-tsiáu-king-á,拍鳥弓仔
phah-buâ-tshiok,拍麻雀
phah-bâ-tshiok,拍麻雀
phah-muâ-tshiok,拍麻雀
phah-mâ-tshiok,拍麻雀
lîng,拎
ná,拏
kuái,拐
kuāinn,拐
kuái-lōng,拐弄
kuái-phiàn,拐騙
khiâm,拑
khînn,拑
kiâm,拑
khînn-ke,拑家
khînn-tiâu-tiâu,拑牢牢
kī,拒
kū,拒
kī-tsua̍t,拒絕
kū-tsua̍t,拒絕
thok,拓
thuh--á,拓仔
thok-khuan,拓寬
thok-tián,拓展
pua̍t,拔
pue̍h,拔
pui̍h,拔
pua̍h,拔
pue̍h-tuā-soh,拔大索
pua̍h-tháng,拔桶
pua̍nnh-tháng,拔桶
pua̍h-tháng-á,拔桶仔
pui̍h-soh,拔索
pue̍h-kut,拔骨
pui̍h-kut,拔骨
thua,拖
tho,拖
thoo,拖
thua-á,拖仔
thua-tiàu,拖吊
thua-tiàu-tshia,拖吊車
thua-miā,拖命
thua-sái-liân,拖屎連
thua-phâng,拖帆
thua-iân,拖延
thua-pênn,拖棚
thua-pînn,拖棚
thua-sua,拖沙
thua-buâ,拖磨
thua-luī,拖累
thua-sin-thua-miā,拖身拖命
áu,拗
áu-uan,拗彎
áu-hûn,拗痕
áu-tsuá,拗紙
áu-bân,拗蠻
áu-pôo,拗裒
áu-ut,拗鬱
khi,拘
khu,拘
khu-sok,拘束
khu-liû,拘留
tsuat,拙
piànn,拚
piān,拚
piànn-sio̍k,拚俗
piànn-tshìn-kuānn,拚凊汗
piànn-sè,拚勢
piànn-miā,拚命
piànn-sènn-miā,拚性命
piànn-sìnn-miā,拚性命
piànn-mê-kang,拚暝工
piànn-mî-kang,拚暝工
piànn-kuānn,拚汗
piànn-senn-sí,拚生死
piànn-sinn-sí,拚生死
piànn-sing-lí,拚生理
piànn-ngē-á,拚硬仔
piànn-ngī-á,拚硬仔
piànn-hiat,拚血
piànn-hueh,拚血
piànn-huih,拚血
piànn-su-iânn,拚輸贏
piànn-thâu-khak,拚頭殼
tsio,招
tsiau,招
tsio-bōo,招募
tsio-hoo,招呼
tsio-kiánn-sài,招囝婿
tsiau-thāi,招待
tsiau-tāi,招待
tsio-huē-á,招會仔
tsio-hē-á,招會仔
tsio-pio,招標
tsiau-pâi,招牌
tsio-sing,招生
tsio-ang,招翁
tsio-khó,招考
tsiau-jīn,招認
tsiau-līn,招認
tsiau-hûn,招魂
pài,拜
pài-it,拜一
pài-pu̍t,拜佛
pài-hāu,拜候
pài kong-má,拜公媽
pài-la̍k,拜六
pài-tn̂g,拜堂
pài-bōng,拜墓
pài-nî,拜年
pài-pài,拜拜
pài-huē,拜會
pài-phiò,拜票
pài-thok,拜託
pài-hóng,拜訪
pài-tshiánn,拜請
hun,拫
kuat,括
kuah,括
sik,拭
tshit,拭
tshit-á,拭仔
tshit-kha-tshng,拭尻川
tshit-piánn,拭餅
tshit-piánn-kauh,拭餅𩛩
khiat,拮
tsín,拯
tsín-kiù,拯救
jím,拰
kióng,拱
kíng,拱
khióng,拲
kuân,拳
kûn,拳
kûn-thâu,拳頭
kûn-thâu-sai,拳頭師
kûn-thâu-bó,拳頭拇
kûn-thâu-bór,拳頭拇
kûn-thâu-bú,拳頭拇
tshuan,拴
tshuân,拴
tsûn,拵
suán,拶
khó,拷
khó-tsuí-tshinn,拷水星
hia̍p,拹
hia̍p-tsuí,拹水
phing,拼
phìng,拼
ping,拼
phing-im,拼音
si̍p,拾
tsa̍p,拾
ná,拿
tshî,持
tî,持
tshî-iú,持有
tshî-kóo,持股
huā,挂
kuà,挂
kuì,挂
kuì-bōng-tsuá,挂墓紙
kuì-bōo-tsuá,挂墓紙
kuì-tsuá,挂紙
kuì-tsuá-tsînn,挂紙錢
tsik,挃
ti̍h,挃
tó,挅
tó,挆
kí,指
tsí,指
tsíng,指
tsńg,指
tsáinn,指
tsí-līng,指令
tsí-tshut,指出
tsí-lâm,指南
tsí-lâm-kiong,指南宮
tsí-miâ,指名
tsí-tīng,指定
tsí-tō,指導
tsí-ín,指引
kí-tsuínn,指指
kí-tsái,指指
kí-tsáinn,指指
kí-tsán,指指
kí-kí-tu̍h-tu̍h,指指揬揬
tsí-khòng,指控
tsí-hui,指揮
tsí-kàu,指教
tsí-sòo,指數
tsí-phiau,指標
tsí-piau,指標
tsí-bôo,指模
tsí-tsìng,指正
tsí-phài,指派
tsín-kah,指甲
tsíng-kah,指甲
tsńg-kah,指甲
tsíng-kah-tshuann,指甲扦
tsíng-kah-bâi,指甲眉
tsńg-kah-bâi,指甲眉
tsíng-kah-hue,指甲花
tsí-sī,指示
tsí-bûn,指紋
tsí pak uî hun,指腹為婚
tsí-jīn,指認
tsí-līn,指認
tsí-tsik,指責
tsín-thâu--á,指頭仔
tsíng-thâu-á,指頭仔
tsńg-thâu--á,指頭仔
tsńg-thâu-á,指頭仔
tsíng-thâu-á-hûn,指頭仔痕
tsín-thâu-bó,指頭拇
tsíng-thâu-bú-kong,指頭拇公
tsńg-thâu-bú-kong,指頭拇公
tsí-tiám,指點
khe̍h,挈
siat,挈
àn,按
án,按
àn-hā,按下
án-ne,按呢
án-ni,按呢
án-ne-senn,按呢生
án-ní-sinn,按呢生
án-nuá,按怎
án-ná,按怎
án-tsuánn,按怎
án-tsuánn-iūnn,按怎樣
àn-sî,按時
àn-tsiàu,按照
àn-sǹg,按算
àn-be̍h,按脈
àn-me̍h,按脈
àn-gia̍h,按額
tsín,挋
kik,挌
keh,挌
kàu,挍
tông,挏
tōng,挏
jî,挐
jû,挐
ná,挐
lû,挐
jî-tsháng-tsháng,挐氅氅
jû-tsháng-tsháng,挐氅氅
lû-tsháng-tsháng,挐氅氅
jî-ká-ká,挐絞絞
jû-ká-ká,挐絞絞
lû-ká-ká,挐絞絞
jî-thâu,挐頭
jû-thâu,挐頭
lû-thâu,挐頭
thiau,挑
thio,挑
thiáu,挑
thiau-lāng,挑俍
thiau-tsiàn,挑戰
thiáu-tsiàn,挑戰
thio-tshiú-pîng,挑手爿
thio-hue-tshiah-siù,挑花刺繡
thiau-suán,挑選
tsa,挓
thà,挓
thà-hué,挓火
thà-hé,挓火
hiannh,挔
hìnn,挕
hìnn-sak,挕捒
hìnn-tiāu,挕掉
uat,挖
ué,挖
óo,挖
ué-thôo,挖塗
óo-thôo,挖塗
ué-sim-kuann,挖心肝
óo-sim-kuann,挖心肝
ué-khang,挖空
óo-khang,挖空
ai,挨
e,挨
ere,挨
ue,挨
e-e-tīn-tīn,挨挨陣陣
ue-ue-tīn-tīn,挨挨陣陣
e-e-kheh-kheh,挨挨𤲍𤲍
ue-ue-khueh-khueh,挨挨𤲍𤲍
e-the,挨推
e-bō,挨磨
ue-bō,挨磨
e-kiáu,挨筊
e-bí,挨米
e-kué,挨粿
e-ké,挨粿
e hiân-á,挨絃仔
thuah,挩
thuat,挩
thuah-pang,挩枋
thuah-pang-á,挩枋仔
thuah-thang,挩窗
thuah-liān,挩鍊
thuah-liān-á,挩鍊仔
thuah-mn̂g,挩門
lô,挪
ná,挪
tshò,挫
tshòo,挫
pu̍t,挬
kíng,挭
tsín,振
tín,振
tsin,振
tsìn,振
tín-tāng,振動
tsín-hing,振興
tîng,挰
so,挲
sor,挲
so-înn,挲圓
so-înn-á-thng,挲圓仔湯
so-înn tēnn-pínn,挲圓捏扁
so-oo-bīn,挲烏面
so-tsháu,挲草
so-iâm,挲鹽
lōng,挵
lòng,挵
lòng-kiû,挵球
lòng-phuà,挵破
lòng tsing,挵鐘
lòng mn̂g,挵門
lòng kóo,挵鼓
kiok,挶
pang,挷
ip,挹
ip-bōng-kué,挹墓粿
ip-bōo-ké,挹墓粿
thánn,挺
thíng,挺
iân,挻
sian,挻
juê,挼
jê,挼
jêr,挼
lê,挼
lêr,挼
bán,挽
bán tshuì-khí,挽喙齒
bán-huê,挽回
bán-hê,挽回
bán-kiù,挽救
bán-kue-tshiû-tîn,挽瓜揫藤
bán-kin,挽筋
bán-kun,挽筋
bán-be̍h,挽脈
bán-me̍h,挽脈
bán hue,挽花
bán tê,挽茶
bán tsháu,挽草
bán-bīn,挽面
gia̍p,挾
gue̍h,挾
hia̍p,挾
nge̍h,挾
ngue̍h,挾
hông,捀
phâng,捀
phâng-tiûnn,捀場
phâng-táu,捀斗
phâng-tsuí,捀水
phâng-tê,捀茶
kiáu,捁
káu,捁
gōo,捂
ngôo,捂
ngōo,捂
khùn,捃
kiû,捄
thóng,捅
thóng-thâu,捅頭
khún,捆
khún-pa̍k,捆縛
tshiok,捉
phau,捊
pâu,捊
lua̍h,捋
lua̍t,捋
luah,捋
lua̍h-á,捋仔
lua̍ih--á,捋仔
lua̍ih-á,捋仔
luā-á,捋仔
lua̍h thâu-mn̂g,捋頭毛
bat,捌
pat,捌
bat-tāi-tsì,捌代誌
bat-jī,捌字
bat-lī,捌字
pat-jī,捌字
pat-lī,捌字
bat-siūnn,捌想
pat-siūnn,捌想
bat-huè,捌貨
bat-hè,捌貨
pat-huè,捌貨
pat-hè,捌貨
hán,捍
hān,捍
sa,捎
sau,捎
sa-bô-tsáng,捎無摠
sa-tsînn,捎錢
liap,捏
lia̍p,捏
tēnn,捏
tīnn,捏
liap-bér-á-kiánn,捏尾仔囝
lia̍p-mī-ang-á,捏麵尪仔
kuan,捐
kuan-tsōo,捐助
kuan-khuán,捐款
sok,捒
tshik,捒
sak,捒
sak-tsuè-tui,捒做堆
sak-tsò-tui,捒做堆
sak-tsáu,捒走
iâ,捓
kak,捔
ka̍k,捔
póo,捕
pōo,捕
póo-tshiú,捕手
uân,捖
uān,捖
pô,捗
pōo,捗
pôo,捗
tsùn,捘
tsūn,捘
tsǔn,捘
tshia,捙
tshia-tó,捙倒
tshia-pha-lin,捙拋輪
tshia-piànn,捙拚
tshia-tháng-tò,捙桶倒
tshia-pùn-táu,捙畚斗
tshia-puânn,捙盤
tshia-tshi,捙蛆
tshia-pua̍h-píng,捙跋反
tshia-liàn-táu,捙輾斗
tshia-lìn-táu,捙輾斗
uan,捥
uínn,捥
áinn,捥
ńg,捥
khiâm,捦
khîm,捦
hóng,捧
phóng,捧
siá,捨
siá-sì,捨施
lē,捩
bún,捫
bûn,捫
bú,捬
hù,捬
hú,捬
pâi,捭
kù,据
gâi,捱
kuán,捲
kuínn,捲
kńg,捲
kńg-sim-pe̍h,捲心白
kńg-ki-á,捲枝仔
kńg-hun,捲薰
kńg-lê--á,捲螺仔
kńg-lê-á,捲螺仔
kuínn-lê-á-tsuīnn,捲螺仔旋
kńg-lê-á-tsn̄g,捲螺仔旋
kńg-lê-á-tsuí,捲螺仔水
kńg-lêr-á-tsuí,捲螺仔水
kuínn-lê-á-hong,捲螺仔風
kńg-lê-á-hong,捲螺仔風
kńg-lêr-á-hong,捲螺仔風
kńg-lêr-á-huang,捲螺仔風
thián,捵
tsuí,捶
tuí,捶
tuî,捶
tuî-sim-kuann,捶心肝
tsia̍p,捷
tsia̍t,捷
tsia̍p-tsia̍p,捷捷
tsia̍t-ūn,捷運
phun,捹
lat,捺
lia̍p,捻
liām,捻
liàm,捻
juê,捼
lô,捼
uí,捼
sut,捽
sut-á,捽仔
sut-thóo-tī,捽土地
sut-āu-phàu,捽後炮
sut-ba̍k-bué,捽目尾
sut-ba̍k-bé,捽目尾
sut-tsîn,捽繩
sut-khí,捽齒
su̍t-khí,捽齒
kuán,捾
uat,捾
uán,捾
kuānn,捾
kuānn-tiānn,捾定
kuānn-tháng,捾桶
kuānn-tháng-á,捾桶仔
kuānn-tsuí,捾水
kuǎnn-tsuí,捾水
hian,掀
tiam,掂
tìm,掂
tìm-táu,掂篤
sàu,掃
sò,掃
sòo,掃
sòr,掃
sàu-tshù,掃厝
sàu-tè,掃地
sàu-tèr,掃地
sàu thôo-kha,掃塗跤
sàu-thôo-kha,掃塗跤
sàu-bōng,掃墓
sàu-bōo,掃墓
sàu-siú,掃帚
sàu-tshiú,掃帚
sàu-tsiú,掃帚
sàu-siú-tshenn,掃帚星
sàu-siú-tshinn,掃帚星
sàu-tshiú-tshenn,掃帚星
sàu-tshiú-tshinn,掃帚星
sàu-tsiú-tshenn,掃帚星
sàu-tsiú-tshinn,掃帚星
sàu-biâu,掃描
sàu-se,掃梳
sàu-sue,掃梳
sàu-se-gím-á,掃梳笒仔
sàu-sue-giám-á,掃梳笒仔
sàu-se-lám-á,掃梳荏仔
sàu-sue-lám-á,掃梳荏仔
sàu-kiā,掃祛
sàu-kha-tau,掃跤兜
sàu-tî,掃除
sàu-tû,掃除
sàu-n̂g,掃黃
lûn,掄
tshìng,掅
kong,掆
tuah,掇
tuat,掇
tua̍h,掇
siū,授
siū-khuân,授權
siū-kuân,授權
siū-khò,授課
tiāu,掉
am,掊
phoo,掊
phóo,掊
puê,掊
tsí,掋
tsiónn,掌
tsiúnn,掌
tsiáng,掌
tsióng,掌
tsiáng-ak,掌握
tsióng-ak,掌握
tsióng-ap,掌握
tsiáng-khuân,掌權
tsióng-khuân,掌權
tsióng-kuân,掌權
tsiáng-kuán,掌管
tsióng-kuán,掌管
tsióng-siann,掌聲
hūn,掍
kún,掍
tho,掏
tô,掏
khap,掐
khi̍p,掐
pâi,排
pâi-á-kut,排仔骨
pâi-tshut,排出
pâi-lia̍t,排列
pâi-luán,排卵
pâi-miâ,排名
pâi-hòng,排放
pâi-thik,排斥
pâi-ū-senn-siùnn,排有生相
pâi-ū-sinn-siùnn,排有生相
pâi-pí,排比
pâi-khì,排氣
pâi-tsuí,排水
pâi-tsuí-kóng,排水管
pâi-ián,排演
pâi-pán,排版
pâi-pan,排班
pâi-kiû,排球
pâi-liān,排練
pâi-hâng,排行
pâi-kái,排解
pâi-tî,排除
pâi-tû,排除
pâi-tuī,排隊
pâi-kut-soo,排骨酥
khian,掔
lîng,掕
i̍k,掖
iā,掖
iā ng-á,掖秧仔
iā-tsíng,掖種
ku̍t,掘
ku̍t--á,掘仔
ku̍t-á,掘仔
tshing,掙
tsìng,掙
tsiānn,掙
khuà,掛
kuà,掛
kuà-miâ,掛名
khuà-sim,掛心
kuà-sim,掛心
khuà-liām,掛念
kuà-liām,掛念
khuà-ì,掛意
kuà-ì,掛意
khuà-lī,掛慮
khuà-lū,掛慮
kuà-lī,掛慮
kuà-lū,掛慮
kuà-pâi,掛牌
khuà-gāi,掛礙
kuà-gāi,掛礙
kuà-hō,掛號
kuà-ti̍k,掛軸
kuà-kut,掛骨
gé,掜
gí,掜
liap,掜
tau,掜
hi̍k,掝
iám,掞
siām,掞
tīng,掟
lia̍h,掠
lio̍k,掠
lia̍h-tiong-hô,掠中和
lia̍h-tiong-nuâ,掠中欄
lia̍h-kau-thuè,掠交替
lia̍h-kau-thè,掠交替
lia̍h-tsuè,掠做
lia̍h-tsò,掠做
lia̍h-thòo-á,掠兔仔
lia̍h-pau,掠包
lia̍h-thán-huâinn,掠坦橫
lia̍h-thán-huînn,掠坦橫
lia̍h-iau,掠枵
lia̍h-sí-kuat,掠死訣
lia̍h-sua-kin,掠沙筋
lia̍h-sua-kun,掠沙筋
lia̍h-tsún,掠準
lia̍h-lāu,掠漏
lia̍h-bô-thâu-tsáng,掠無頭摠
lia̍h-kông,掠狂
lia̍h-kâu,掠猴
lia̍h-sua,掠痧
lia̍h-sua-kin,掠痧筋
lia̍h-sua-kun,掠痧筋
lia̍h-ti̍t,掠直
lia̍h-kin,掠筋
lia̍h-kun,掠筋
lia̍h-ko-siû,掠篙泅
lia̍h-be̍h,掠脈
lia̍h-uē-sái,掠話屎
lia̍h-uē-sat,掠話蝨
lia̍h-uē-kut,掠話骨
lia̍h-kha-lia̍h-tshiú,掠跤掠手
lia̍h-tshia,掠車
lia̍h-tn̂g-póo-té,掠長補短
lia̍h-lîng,掠龍
lia̍h-lîng--ê,掠龍的
lia̍h-ku-tsáu-pih,掠龜走鱉
tshái,採
tshái-tshú,採取
tshái-siu,採收
tshái-iōng,採用
tshái-īng,採用
tshái-la̍p,採納
tshái-hue-phang,採花蜂
tshái-hóng,採訪
tshái-káng,採購
tshái-kòo,採購
tshái-tsi̍p,採集
tham,探
thàm,探
thàn,探
thàm-bōng-tshù,探墓厝
thàm-bōo-tshù,探墓厝
thàn-gòo,探戈
thàm-bōng,探望
thàm-tshik,探測
thàm-kann,探監
thàm-kiù,探究
thàm-soh,探索
thàm-thiann,探聽
thàm-tshin,探親
thàm-thó,探討
thàm-hóng,探訪
thàm-thâu,探頭
tshiat,掣
tshuah,掣
tshuah tsi̍t tiô,掣一趒
tshuah-lâu,掣流
tshuah--khí-lâi,掣起來
ping,掤
tsih,接
tsiap,接
tsiap-jīm,接任
tsiap-līm,接任
tsih-la̍t,接力
tsiap-siū,接受
tsiap-tshuì,接喙
tsiap-tuann,接單
tsih-ang,接尪
tsiap-thāi,接待
tsiap-ìng,接應
tsiap-tshiú,接手
tsiap-tsiáng,接掌
tsiap-tsióng,接掌
tsih-tsiap,接接
tsiap-siu,接收
tsiap-thuè,接替
tsiap-thè,接替
tsiap-ki,接枝
tsiap-pan,接班
tsih-sîn,接神
tsiap-kuán,接管
tsiap-la̍p,接納
tsiap-phāng,接縫
tsiap-sio̍k,接續
tsiap-kiàn,接見
tsiap-sio̍k,接觸
tsiap-tshiok,接觸
tsiap-kha,接跤
tsih-tsài,接載
tsih-tsài buē tiâu,接載袂牢
tsih-tsài bē tiâu,接載袂牢
tsiap-kīn,接近
tsiap-kūn,接近
tsiap-sàng,接送
tsiap-kut,接骨
khòng,控
khàng,控
khòng-tsè,控制
khòng-kò,控告
khòng-kuán,控管
khòng-sòo,控訴
the,推
ther,推
thui,推
tshui,推
thui-tshut,推出
tshui-tshut,推出
thui-tōng,推動
tshui-tōng,推動
thui-tián,推展
tshui-tián,推展
thui-kóng,推廣
tshui-kóng,推廣
the-sak,推捒
thui-pâi,推排
tshui-pâi,推排
thui-tshiâu,推撨
tshui-tshiâu,推撨
thui-tuàn,推斷
tshui-tuàn,推斷
thui-àn,推案
tshui-àn,推案
thui-tshik,推測
tshui-tshik,推測
thui-lí,推理
tshui-lí,推理
thui-sǹg,推算
tshui-sǹg,推算
thui-huan,推翻
thui-kí,推舉
thui-kú,推舉
tshui-kí,推舉
tshui-kú,推舉
thui-tsiàn,推薦
tshui-tsiàn,推薦
thui-hîng,推行
tshui-hîng,推行
thui-lūn,推論
tshui-lūn,推論
thui-nńg-á,推軟仔
the-sî,推辭
thui-tsìn,推進
tshui-tsìn,推進
thui-siau,推銷
tshui-siau,推銷
am,掩
iám,掩
ng,掩
uinn,掩
om,掩
am-lâi-tshé-khì,掩來扯去
am-ko̍k-ke,掩咯家
ng-ko̍k-ke,掩咯家
uinn-ko̍k-ke,掩咯家
am-ko̍k-ke,掩咯雞
am-ko̍k-kue,掩咯雞
ng-ko̍k-ke,掩咯雞
ng-ko̍k-kue,掩咯雞
am-khàm,掩崁
ng-ng-iap-iap,掩掩揜揜
ng-iap,掩揜
ng-khóo-kue,掩苦雞
iám-hōo,掩護
tshòo,措
tshòo-si,措施
tsoo,掫
kiok,掬
kháinn,掮
khainn,掮
khìng,掯
pué,掰
pé,掰
pér,掰
pué-tshiú-bīn,掰手面
pué-huē,掰會
pé-hē,掰會
pué-khui,掰開
bíng,掹
phìng,掽
iān,掾
kán,揀
kíng,揀
kíng-tê,揀茶
káinn-tshài,揀菜
kíng-tshài,揀菜
kíng-tsia̍h,揀食
tsing,揁
tsian,揃
tsián,揃
iâu,揄
iû,揄
jû,揄
gian,揅
khuí,揆
kuí,揆
kuî,揆
kuî-tsuí,揆水
puî-tsuí,揆水
lám,揇
hong,揈
giû,揉
jiû,揉
liû,揉
su,揌
sai,揌
bok,揍
suan,揎
biâu,描
biô,描
biâu-siá,描寫
biô-siá,描寫
biâu-huē,描繪
biâu-su̍t,描述
thê,提
e̍h,提
the̍h,提
thue̍h,提
thē,提
thê-kiong,提供
thê-tshut,提出
thê-sing,提升
thê-miâ,提名
e̍h-gín-á,提囡仔
the̍h-gín-á,提囡仔
thue̍h-gín-á,提囡仔
thê-pò,提報
thê-pua̍t,提拔
thê-tsá,提早
thê-sing,提昇
thê-àn,提案
thê-liān,提煉
thê-sī,提示
the̍h-âng-pau,提紅包
thê-tshin,提親
thê-gī,提議
thê-khí,提起
thê-tshénn,提醒
thê-tshínn,提醒
thê-hông,提防
thê-thâu,提頭
thê-ko,提高
gé,揑
gí,揑
liap,揑
lia̍p,揑
tshah,插
tshap,插
tshap-tsi̍t-kha,插一跤
tshap tāi-tsì,插代誌
tshap-tshuì,插喙
tshap-tshuì-tshap-tsi̍h,插喙插舌
tshah-tôo,插圖
tshah-tsō,插座
tshap-tshiú,插手
tshah-pò,插播
tshah-pòo,插播
tshah-khik,插曲
tshah-ki,插枝
tshap-siâu,插潲
tshap-lām,插濫
tshap-pâi,插牌
tshah-pan,插班
tshah-uē,插畫
tshah-ng,插秧
tshah-ng-á,插秧仔
tshah-koh,插胳
tshah-hue,插花
tshah-hue-á,插花仔
tshah-uē,插話
tshah-tshia,插車
tshap-tsa̍p,插雜
tshah-thâu,插頭
sí,揓
thìm,揕
tim,揕
tsim,揕
ip,揖
tship,揖
sûn,揗
sūn,揗
iâng,揚
iông,揚
huān,換
uānn,換
uānn-tsuè,換做
uānn-tsò,換做
uānn-tshuì,換喙
uānn tshuì-khí,換喙齒
uānn-thiap--ê,換帖的
uānn-tshiú,換手
uānn-tsún,換準
uānn-âng,換紅
uānn-tōo,換肚
uānn-phoo,換鋪
uānn-tsia̍h,換食
iám,揜
iap,揜
iap-bué-káu,揜尾狗
iap-bé-káu,揜尾狗
iap-thiap,揜貼
ám,揞
su,揟
at,揠
ak,握
ok,握
ap,握
ak-tshiú,握手
at-tshiú,握手
khik,揢
tshuí,揣
tshuē,揣
tshē,揣
tshēr,揣
tshěr,揣
tshēr-sann-koo,揣三姑
tshē-i-sing,揣醫生
tshuē thâu-lōo,揣頭路
tshē thâu-lōo,揣頭路
tshuē-tsia̍h,揣食
tshē-tsia̍h,揣食
ji̍h,揤
jī,揤
li̍h,揤
tshi̍h,揤
tshī,揤
tsiat,揤
ji̍h tiān-lîng,揤電鈴
tshi̍h tiān-lîng,揤電鈴
thè,揥
tè,揥
la̍t,揦
la̍t,揧
khai,揩
khài,揩
tsiû,揪
tshiû,揫
tsiû,揫
tshiû-bōng,揫墓
tshiû-bōo,揫墓
tuh,揬
tu̍h,揬
tu̍t,揬
tū,揬
khiat,揭
kia̍t,揭
kiat,揭
hui,揮
khíng,揯
tiōng,揰
tshiòng,揰
siau,揱
siok,揱
sok,揱
sia̍p,揲
tia̍p,揲
siat,揳
uân,援
uān,援
uān-tsōo,援助
uān-tsâu-iū,援巢右
khiân,揵
kián,揵
kiān,揵
iâ,揶
phāinn,揹
phǎinn,揹
pē,揹
phāinn-tsheh-pau,揹冊包
phāinn-tsir-pau,揹書包
phāinn-tsu-pau,揹書包
pē-tsir-pau,揹書包
ui,揻
koo,搆
kòo,搆
khak,搉
khà-sih-nà,搉爍爁
tshiu,搊
tsoo,搊
thí,搋
tián,搌
suínn,損
sún,損
sńg,損
sún-siong,損傷
sún-sit,損失
sńg-sit,損失
sún-hāi,損害
sún-ik,損益
sún-sîn,損神
sńg-sîn,損神
sńg-tn̄g,損蕩
sun,搎
phok,搏
thiok,搐
tiuh,搐
jióng,搑
pông,搒
tsho,搓
jiáu,搔
so,搔
khap,搕
iâu,搖
iô,搖
iô bué,搖尾
iô bé,搖尾
iôr-tshn̂g,搖床
iô-tshiú,搖手
iô-lóo,搖櫓
iô-kô,搖笱
iôr-kôr,搖笱
iô-nâ,搖籃
iôr-nâ,搖籃
oo-nâ,搖籃
ôo-nâ,搖籃
iô-thâu,搖頭
iô-kóo,搖鼓
iô-kóo-long,搖鼓瑯
tó,搗
tsi,搘
la̍k,搙
lōo,搙
jio̍k,搙
lio̍k,搙
kiam,搛
liâm,搛
sio,搜
soo,搜
tshiau,搜
tshiau-tshuē,搜揣
tshiau-tshē,搜揣
soo-kiù,搜救
soo-tsa,搜查
tshiau sin-khu,搜身軀
giú,搝
khiú,搝
giú-tuā-soh,搝大索
giú-tuā-sorh,搝大索
giú-tuǎ-soh,搝大索
khiú-tuā-soh,搝大索
giú-āu-kha,搝後跤
khiú-āu-kha,搝後跤
khiú-khiú-la̍k-la̍k,搝搝搦搦
giú-phiò,搝票
khiú-phiò,搝票
giú-soh-á,搝索仔
khau,搞
káu,搞
hián,搟
sok,搠
sóng,搡
tsìn,搢
tsìnn,搢
tsìnn-tsuè-tsîng,搢做前
tsìnn-tsò-tsîng,搢做前
tsìnn-hong,搢風
bia̍t,搣
me,搣
mi,搣
me-io̍h-á,搣藥仔
ik,搤
iah,搤
iah-khang,搤空
tuî,搥
jio̍k,搦
li̍k,搦
la̍k,搦
la̍k-sái-la̍k-jiō,搦屎搦尿
la̍k-sái-la̍k-liō,搦屎搦尿
la̍k-khuân,搦權
la̍k-kuân,搦權
siàn,搧
sàm,搧
siàn-tshuì-phué,搧喙䫌
siàn-tuā-hī,搧大耳
siàn-tuā-hīnn,搧大耳
siàn-tsuí-bī,搧水沬
siàn-iân-tâu,搧緣投
siàn-bak-tóo-pinn,搧腹肚邊
siàn-pak-tóo-pinn,搧腹肚邊
siàn-hong,搧風
tap,搨
thap,搨
kia̍t,搩
kiat,搩
tông,搪
tn̄g,搪
tn̄g-tio̍h,搪著
tn̄g-thâu,搪頭
puan,搬
puann,搬
puann-tshù,搬厝
puann-suá,搬徙
puann-hì,搬戲
puann-uē,搬話
puann-tshiánn,搬請
puann-ūn,搬運
puan-tshian,搬遷
puann-tshian,搬遷
tah,搭
tap,搭
tah-hiannh,搭嚇
tah-kè,搭架
tah-í-tah-toh,搭椅搭桌
tah iû,搭油
tah-lia̍p,搭粒
tah-hing-khám,搭胸坎
tā-lí-buh,搭里霧
tah-kau-á,搭鉤仔
lik,搮
tho,搯
tô,搯
hut,搰
khut,搰
khian,搴
ùn,搵
ùn-liāu,搵料
ùn tsuí,搵水
ùn tāu-iû,搵豆油
tshiáng,搶
tshióng,搶
tshiónn,搶
tshiúnn,搶
tshiúnn-kiap,搶劫
tshiúnn-tua̍t,搶奪
tshiúnn-koo,搶孤
tshiúnn-tshī,搶市
tshiúnn-kiù,搶救
tshiúnn-àn,搶案
tshiúnn-hué-sio,搶火燒
tshiúnn-hé-sio,搶火燒
tshiúnn-thâu-pio,搶頭標
tshiúnn-thâu-hiunn,搶頭香
tian,搷
tiân,搷
kik,搹
hê,携
tshâ,搽
óo,摀
hmh,摁
kòng,摃
kòng-tuā-kheh,摃大客
kòng-thuî-á,摃槌仔
kòng-kiû,摃球
kòng-gîn-gû,摃銀牛
kòng-gûn-gû,摃銀牛
kòng-tsînn,摃錢
kòng-tsing,摃鐘
kòng tiān-uē,摃電話
kòng-kóo,摃鼓
kòng-ku,摃龜
sat,摋
sán,摌
khiu,摎
tshiong,摐
tshong,摐
kik,摑
kok,摑
piànn,摒
pìng,摒
piànn-hìnn-sak,摒挕捒
piànn-sàu,摒掃
piànn-pún,摒本
piànn-tn̄g,摒盪
piànn-huè-té,摒貨底
piànn-hè-tué,摒貨底
hông,摓
sak,摔
siak,摔
siàng,摔
siak--tó,摔倒
siàng-tuā-bîn,摔大眠
siak-tháng,摔桶
siak-tshik,摔粟
tshuè,摖
tshè,摖
tiah,摘
tik,摘
tiah-miâ-tiah-sènn,摘名摘姓
tiah-miâ-tiah-sìnn,摘名摘姓
tiah-tshau,摘抄
tiah-iàu,摘要
lián,摙
lî,摛
kuàn,摜
kik,摝
lo̍k,摝
lô,摞
lō,摞
lôo,摟
phi,摠
pî,摠
tsóng,摠
tsáng,摠
tsáng-thâu,摠頭
khài,摡
tshióng,摤
thóng,摥
tshui,摧
môo,摩
môo-se,摩西
kui,摫
tsik,摭
tsià,摭
tsì,摯
tsām,摲
khu,摳
kha̍unnh,摳
thu,摴
sik,摵
tshiok,摵
tshi̍k,摵
tshi̍k-á,摵仔
tshi̍k-á-mī,摵仔麵
thuân,摶
bong,摸
boo,摸
bo̍k,摸
bôo,摸
moo,摸
bong-bô-lōo,摸無路
bong-me̍h,摸脈
moo-hui,摸飛
bôo,摹
bōo,摹
tsiap,摺
tsih,摺
tsih-tsuá,摺紙
tsih-sann,摺衫
tsham,摻
tshàm,摻
tsham-lām,摻濫
khing,摼
phiau,摽
piáu,摽
khuat,撅
pih,撆
pih-tshiú-ńg,撆手䘼
pih-tsah,撆紮
pih-khòo-kha,撆褲跤
phiat,撇
phiat-pōo,撇步
lô,撈
lō,撈
hôo,撈
lāu-á,撈仔
tun,撉
hán,撊
hān,撊
juân,撋
juê,撋
nuá,撋
gîm,撏
jîm,撏
lîm,撏
sîm,撏
the,撐
thenn,撐
thing,撐
the-tōo,撐渡
thenn-tōo,撐渡
the-ko,撐篙
thenn-ko,撐篙
the-tsûn,撐船
thenn-tsûn,撐船
sat,撒
suah,撒
suah hôo-tsio,撒胡椒
suah tāu-iû,撒豆油
sāi-thái,撒體
suah iâm,撒鹽
láu,撓
ngiáu,撓
su,撕
tsún,撙
tsún-tsat,撙節
lián,撚
lián-khap-tshiò,撚匼笑
lián-pó,撚寶
lián-tsǹg,撚鑽
lián-tâu-á,撚骰仔
lián-tǎu-á,撚骰仔
hui,撝
uî,撝
tōng,撞
tōng-kiû,撞球
tōng-phuà,撞破
tōng-tu̍t,撞突
tōng-tio̍h,撞著
kiáu,撟
kiāu,撟
kik,撠
giah,撠
giah tshì,撠刺
tham,撢
thâm,撢
tân,撣
tān,撣
thiat,撤
thiat-thè,撤退
thiat-siau,撤銷
thiat-lī,撤離
puah,撥
puat,撥
puah-hù,撥付
puah-kang,撥工
puah-khuán,撥款
puah--khui,撥開
puah-khui,撥開
puah-kà,撥駕
tshiá,撦
tshé,撦
tshiâu,撨
tshâu,撨
tsiâu,撨
tshiâu-suá,撨徙
tshâu-suá,撨徙
tshiâu-tshi̍k,撨摵
tshiâu sî-tsing,撨時鐘
liáu,撩
liâu,撩
liān,撩
liô,撩
liô-iû,撩油
bú,撫
hu,撫
hú,撫
hú-uì,撫慰
bú-ióng,撫養
hiau,撬
khiau,撬
kiāu,撬
kiǎu,撬
pòo,播
pò,播
pò-tshut,播出
pòo-tshut,播出
pò-hòng,播放
pòo-hòng,播放
pò-sàng,播送
pòo-sàng,播送
pò-im,播音
pòo-im,播音
tshuat,撮
tsuat,撮
tshok,撮
tsuān,撰
tsuān-siá,撰寫
thò,撱
thó,撱
phok,撲
that,撻
hám,撼
khiau,撽
kik,撽
ko,撾
tshua,撾
kiám,撿
liám,撿
kán,擀
ióng,擁
ióng-hōo,擁護
luî,擂
luî-thuî,擂槌
luî-puah,擂缽
luî kóo,擂鼓
lông,擃
lóo,擄
siān,擅
ti̍k,擇
to̍h,擇
sio̍k,擉
tak,擉
ta̍k,擉
thak,擉
tiak,擉
tshiok,擉
tsiok,擉
tia̍k,擉
tia̍k-á,擉仔
tak-sǹg-puânn,擉算盤
thak-sǹg-puânn,擉算盤
tiak-sǹg-puânn,擉算盤
tia̍k sǹg-puânn,擉算盤
tia̍k-sǹg-puânn,擉算盤
kik,擊
kik-thè,擊退
tòng,擋
tóng,擋
tòng--leh,擋咧
tòng-tiām,擋恬
tòng-soh--á,擋索仔
tòng buē tiâu,擋袂牢
tòng bē tiâu,擋袂牢
tòng-tshia,擋車
tòng-thâu,擋頭
tshau,操
tsho,操
tshoo,操
tshò,操
tshòo,操
tshau-á,操仔
tshau-tsok,操作
tshau-lô,操勞
tshau-siú,操守
tshau-sim,操心
tshau-khòng,操控
tshau-huân,操煩
tshiau-huân,操煩
tshau-puânn,操盤
tshau-liān,操練
khîng,擎
king,擎
huān,擐
suan,擐
khîm,擒
khuài,擓
tam,擔
tann,擔
tànn,擔
tànn-á,擔仔
tànn-á-mī,擔仔麵
tam-jīm,擔任
tam-līm,擔任
tam-pó,擔保
tann-sái,擔屎
tann-kang,擔工
tam-tài,擔帶
tam-sim,擔心
tam-iu,擔憂
tann-tsuí,擔水
tam-tng,擔當
tann-tsuē,擔罪
tann-puî,擔肥
tam-su-iânn,擔輸贏
tam-niá,擔領
tànn-thâu,擔頭
hê,擕
kat,擖
phiak,擗
phia̍k,擗
phik,擗
pia̍k,擗
pi̍t,擗
phia̍k-á,擗仔
pia̍k-pia̍k-á,擗擗仔
peh,擘
phik,擘
peh-hā,擘哈
peh-pak,擘腹
peh-kim,擘金
peh--khui,擘開
peh-khui,擘開
kì,據
kìr,據
kù,據
kì-tsāi,據在
kù-tsāi,據在
kì-tiám,據點
kù-tiám,據點
ia̍t,擛
ia̍t-tshiú,擛手
ia̍t-hong,擛風
tse,擠
tsè,擠
tsé,擠
tsik,擠
tsik thiāu-á,擠𤶃仔
tso̍k,擢
tioh,擢
tioh-tsi̍h-kin,擢舌根
tioh-tsi̍h-kun,擢舌根
tó,擣
híng,擤
síng,擤
tshǹg,擤
tshìng,擤
sǹg-phī,擤鼻
tshìng-phīnn,擤鼻
tshǹg-phī,擤鼻
tshǹg-phīnn,擤鼻
lâm,擥
tshat,擦
tshat-á,擦仔
jú,擩
jû,擩
iap,擪
iám,擪
gí,擬
gí-tīng,擬定
gí-tīng,擬訂
hok,擭
huā,擭
hōo,擭
tsia̍t,擮
tsik,擮
pìn,擯
lîng,擰
kok,擱
ti̍k,擲
tàn,擲
tàn-hiat-ka̍k,擲㧒捔
tàn-hìnn-sak,擲挕捒
tàn-sak,擲捒
tàn-tiāu,擲掉
khok,擴
khok-tshiong,擴充
khok-tāi,擴大
khok-tián,擴展
khok-kiàn,擴建
khok-tiong,擴張
khok-khok,擴擴
phok-phok,擴擴
khok-thâu,擴頭
khiat,擷
lia̍p,擸
bā,擸
pái,擺
páinn,擺
pái-puah,擺撥
pái-thuat,擺脫
sóo,擻
lóo,擼
lóo tiān-uē,擼電話
lio̍k,擽
ngiau,擽
iau-ti,擽呧
ngiau-ti,擽呧
giáu,擾
jiáu,擾
liáu,擾
jiáu-luān,擾亂
liáu-luān,擾亂
thik,擿
tik,擿
ti̍k,擿
phan,攀
phan-giâm,攀岩
phan-gâm,攀岩
luī,攂
sat,攃
tshat,攃
lu,攄
thu,攄
lu-á,攄仔
lu-thôo-ki,攄塗機
lu-thâu-mn̂g,攄頭毛
lián,攆
hok,攉
la̍t,攋
nāi,攋
lôo,攎
láng,攏
lóng,攏
lóng sī,攏是
láng-khuân,攏權
láng-kuân,攏權
lóng-tsóng,攏總
láng khòo,攏褲
khian,攐
gia̍h,攑
khiân,攑
gia̍h-kuân,攑懸
gia̍h-tshiú,攑手
gia̍h-kî-kun-á,攑旗軍仔
gia̍h-ngē-ko,攑硬篙
gia̍h-ngī-ko,攑硬篙
gia̍h tī,攑箸
gia̍h tū,攑箸
gia̍h-thâu,攑頭
gia̍h-thâu-hiunn,攑頭香
gia̍h-hiunn-tuè-pài,攑香綴拜
gia̍h-hiunn-tè-pài,攑香綴拜
lân,攔
nuâ,攔
ânn,攔
ânn-koo-lâng,攔孤人
ânn-koo-pîng,攔孤爿
tshiám,攕
tshiam,攕
tshiám-á,攕仔
tshiam-tann,攕擔
ing,攖
giāng,攘
jióng,攘
jiông,攘
jiāng,攘
jiōng,攘
giǎng-kûn,攘拳
giāng-kim,攘金
giāng-kim-puē,攘金桮
tshâm,攙
tshuàn,攛
hê,攜
liap,攝
liap-sái,攝屎
liap-iánn,攝影
liap-kíng,攝襇
ló,攞
tshuân,攢
tsuan,攢
tsuàn,攢
tshuân-pān,攢辦
luân,攣
luān,攣
than,攤
thuann,攤
thuann-huàn,攤販
tóng,攩
kiáu,攪
kiáu-tshá,攪吵
kiáu-jiáu,攪擾
kiáu-liáu,攪擾
kiáu-ká,攪絞
khiok,攫
khok,攫
lám,攬
lám-bué,攬尾
lám-bé,攬尾
lóng,攮
ki,支
tsi,支
tsi-hù,支付
tsi-tshut,支出
tsi-ìng,支應
tsi-tshî,支持
tsi-uān,支援
tsi-liû,支流
tsi-lí,支理
tsi-phiò,支票
tsi-phuè,支配
tsi-phè,支配
khuì,攰
khi,攲
siu,收
siu-kiānn,收件
siu-ji̍p,收入
siu-li̍p,收入
siu-tang,收冬
siu-kuah,收割
siu-tshuì,收喙
siu-huê,收回
siu-hê,收回
siu-kian,收堅
siu-tiûnn,收場
siu-iông,收容
siu-bué,收尾
siu-bé,收尾
siu-suann,收山
siu-kang,收工
siu-sim,收心
siu-sîng,收成
siu-ah,收押
siu-si̍p,收拾
siu-tànn,收擔
siu-kì,收據
siu-kù,收據
siu-tsi,收支
siu-siàu,收數
siu-sok,收束
siu-tsuí,收水
siu-ám,收泔
siu-nuā,收瀾
siu-suah,收煞
siu-liû,收留
siu-huat,收發
siu-ik,收益
siu-puânn,收盤
siu-khuànn,收看
siu-tsoo,收租
siu-sok,收縮
siu-thiann,收聽
siu-tsông,收藏
siu-sī,收視
siu-huì,收費
siu-kha-sué-tshiú,收跤洗手
siu-kha-sé-tshiú,收跤洗手
siu-lio̍k,收錄
siu-lo̍k,收錄
siu-tsi̍p,收集
siu-im-ki,收音機
siu-ióng,收養
siu-kiann,收驚
khó,攷
iû,攸
iu,攸
kué,改
ké,改
kái,改
kái-tsè,改制
kái-siān,改善
kái-koo-thueh,改孤裼
kái-siá,改寫
kái-kiàn,改建
kái-uānn,改換
kái-tsìng,改正
kái-iōng,改用
kái-īng,改用
kái-tsoo,改組
kái-pian,改編
kái-liông,改良
kái-hun,改薰
kái-tsong,改裝
kái-piàn,改變
kái-tôo,改途
kái-tsō,改造
kái-tsìn,改進
kái-ūn,改運
kái-kò-tsū-sin,改過自新
kái-suán,改選
kái-tsiú,改酒
kái-kik,改革
kong,攻
kong-sè,攻勢
kong-tánn,攻打
kong-kik,攻擊
kong-tho̍k,攻讀
pan,攽
pin,攽
hòng,放
pàng,放
hòng-jīm,放任
hòng-līm,放任
pàng-phuānn,放伴
hòng-kà,放假
hòng-ká,放假
pàng-kà,放假
pàng-ká,放假
pàng-tsè,放債
pàng-līng,放冗
pàng-tiau,放刁
pàng-nn̄g,放卵
pàng-guā-guā,放外外
hòng-tuā,放大
pàng-o̍h,放學
hòng-khuan,放寬
hòng-siā,放射
hòng-siā-suànn,放射線
pàng-jiō,放尿
pàng-liō,放尿
pàng-giō-khòo-á,放尿褲仔
pàng-phuì,放屁
pàng-phuì-tāu,放屁豆
pàng-sái,放屎
pàng-kang,放工
pàng-thiap-á,放帖仔
hòng-sim,放心
pàng-tshiú,放手
pàng-pha-hng,放拋荒
pàng-sak,放捒
pàng-sat,放捒
hòng-hòng,放放
pàng-hòng-hòng,放放放
pàng-siàu,放數
hòng-khì,放棄
hòng-pńg,放榜
hòng-khuán,放款
pàng-sí-tu-á-lâu,放死豬仔流
pàng-to̍k,放毒
pàng-tsuí-ting,放水燈
pàng-hué,放火
pàng-hé,放火
pàng-ian-hué,放煙火
pàng-ian-hé,放煙火
hòng-bo̍k,放牧
pàng-bo̍k,放牧
hòng-sing,放生
pàng-senn,放生
pàng-sinn,放生
pàng-tsīn-pōng,放盡磅
pàng-ba̍k,放目
pàng-khang,放空
pàng-hû-á,放符仔
pàng-hún-tsiáu,放粉鳥
pàng-tsuá-hóo,放紙虎
pàng-siann,放聲
hòng-sù,放肆
pàng-tshàu-phuì,放臭屁
hòng-tōng,放蕩
pàng-hueh,放血
pàng-huih,放血
pàng-pôo,放裒
hòng-sàng,放送
hòng-sàng-thâu,放送頭
pàng tāng-lāi,放重利
pàng-tshìng,放銃
pàng--khui,放開
pàng-hōo-pe̍h,放雨白
pàng-hong-siann,放風聲
pàng-sang,放鬆
tsìng,政
tsìng-bū,政務
tsìng-tuânn,政壇
tsìng-kheh,政客
tsìng-kio̍k,政局
tsìng-hú,政府
tsìng-tsiàn,政戰
tsìng-khuân,政權
tsìng-kuân,政權
tsìng-tī,政治
tsìng-kài,政界
tsìng-tshik,政策
tsìng-kiàn,政見
tsìng-tóng,政黨
tiam,敁
khòo,敂
bín,敃
bîn,敃
kòo,故
kòo-sū,故事
kòo-kiong,故宮
kòo-kiong phok-bu̍t-īnn,故宮博物院
kòo-ì,故意
kòo-hiong,故鄉
kòo-tsiong,故障
kòo-tsiòng,故障
kap,敆
kap-tsoh,敆作
kap-lôo,敆爐
kap-hûn,敆痕
kap-phāng,敆縫
kap-io̍h,敆藥
kap-io̍h-á,敆藥仔
kap-io̍rh-á,敆藥仔
kap-tsuā,敆逝
kap-iu,敆釉
hāu,效
hāu-li̍k,效力
hāu-tiong,效忠
hāu-ìng,效應
hāu-kó,效果
hāu-huat,效法
hāu-lu̍t,效率
hāu-ik,效益
hāu-lîng,效能
bí,敉
bín,敏
bín-kám,敏感
bín-tsia̍t,敏捷
bín-tāu,敏豆
kiù,救
kiù-sè-tsú,救世主
kiù-lâng,救人
kiù-ping,救兵
kiù-tsōo,救助
kiù-si̍p-pat,救十八
kiù-miā,救命
kiù-uān,救援
kiù-tshenn,救星
kiù-tshinn,救星
kiù-tī,救治
kiù-tsè,救濟
kiù-hué,救火
kiù-hé,救火
kiù-tsai,救災
kiù-hōo,救護
kiù-hōo-tshia,救護車
kiù-sio̍k,救贖
kiù-lān,救難
gú,敔
thik,敕
ngôo,敖
gô,敖
gō,敖
ngōo,敖
pāi,敗
pāi-kè,敗價
pāi-huāi,敗壞
pāi-hāi,敗害
pāi-ke,敗家
pāi-tshī,敗市
pāi-tsâng,敗欉
pāi-sīn,敗腎
pāi-hueh-tsìng,敗血症
pāi-huih-tsìng,敗血症
pāi-lōo,敗露
pāi-bé,敗馬
sī,敘
sū,敘
sū-sū,敘事
sū-su̍t,敘述
kà,教
kàu,教
kà-kuai,教乖
kàu-khū,教具
kàu-kū,教具
kà-tsheh,教冊
kàu-bū,教務
kàu-guân,教員
kàu-uân,教員
kàu-tn̂g,教堂
kàu-ha̍k,教學
kàu-tsong,教宗
kàu-kuann,教官
kàu-sik,教室
kàu-tō,教導
kàu-su,教師
kàu-tîng,教廷
kàu-siū,教授
kàu-kái,教改
kàu-huē,教會
kàu-tsâi,教材
kàu-àn,教案
kàu-tiâu,教條
kà-huat,教法
kàu-huat,教法
kàu-phài,教派
kà-sī,教示
kàu-kho-bûn,教科文
kàu-kho-su,教科書
kàu-liān,教練
kàu-tsit,教職
kàu-tsit-guân,教職員
kàu-tsit-uân,教職員
kàu-io̍k,教育
kàu-hùn,教訓
kàu-ióng,教養
pè,敝
pē,敝
tshióng,敞
tuat,敠
kám,敢
kánn,敢
kiám-sī,敢是
kám-sī,敢是
kánn-sī,敢是
kám ū,敢有
kánn-sí,敢死
kám m̄ sī,敢毋是
ká-ná,敢若
kán-ná,敢若
kánn-ná,敢若
kám-kóng,敢講
kám thang,敢通
suànn,散
suánn,散
sàn,散
sán,散
suànn-sian,散仙
sàn-pòo,散佈
sàn-hiong,散凶
sàn-hing-lâng,散凶人
sàn-hiong-lâng,散凶人
suànn-o̍h,散學
suànn-kang,散工
suánn-kang,散工
suànn-hîng,散形
suánn-hōo,散戶
suànn-iā-iā,散掖掖
suànn-suànn,散散
suànn-bûn,散文
suànn-huē,散會
sàn-huē,散會
sàn-pōo,散步
sàn-huat,散發
suánn-phiò,散票
suánn-buē,散賣
suánn-bē,散賣
sàn-tshiah,散赤
sàn-tshiah-lâng,散赤人
suànn-tīn,散陣
sàn-tsia̍h,散食
sàn-tsia̍h-lâng,散食人
sàn-kuí,散鬼
iām,敥
tun,敦
tun-hông,敦煌
khi,敧
thió,敨
tháu,敨
thóo,敨
tháu tiong-khuì,敨中氣
tháu-pàng,敨放
tháu-khuì,敨氣
tháu--khui,敨開
tháu-khui,敨開
kik,敫
kìng,敬
kìng-phuè,敬佩
kìng-puē,敬佩
kìng-ì,敬意
kìng-tsiú,敬酒
kìng-tiōng,敬重
khái,敱
kháinn,敱
khau,敲
khà,敲
khà-iû,敲油
khà-hóo-lān,敲虎𡳞
khà-mn̂g,敲門
khà tiān-uē,敲電話
tsíng,整
tsíng-siu,整修
tsíng-kò,整個
tsíng-kô,整個
tsíng-ha̍p,整合
tsíng-hîng,整型
tsíng-iông,整容
tsíng-kiàn,整建
tsíng-sòo,整數
tsíng-pún,整本
tsíng-tī,整治
tsíng-lí,整理
tsíng-kiáu,整筊
tsíng-tùn,整頓
tsíng-thé,整體
tsíng-tsê,整齊
ti̍k,敵
ti̍k-jîn,敵人
ti̍k-lîn,敵人
ti̍k-tuì,敵對
ti̍k-ì,敵意
ti̍k-tshiú,敵手
hu,敷
siàu,數
sòo,數
sòo-uī,數位
siàu-tiáu,數佻
sòo-ti̍t,數值
siàu-tuann,數單
sòo-jī,數字
sòo-lī,數字
sòo-ha̍k,數學
siàu-liām,數念
siàu-siūnn,數想
siàu-pâng,數房
sòo-kì,數據
sòo-kù,數據
siàu-kuī,數櫃
siàu-ba̍k,數目
siàu-phōo,數簿
sòo-sû,數詞
sòo-liōng,數量
siàu-gia̍h,數額
liâu,敹
khu,敺
áu,敺
óo,敺
hiàn,敻
khîng,敻
i̍k,斁
to̍k,斁
tòo,斁
liám,斂
pē,斃
ha̍k,斆
bûn,文
bûn-jîn,文人
bûn-lîn,文人
bûn-kiānn,文件
bûn-kong-tshioh,文光尺
bûn-khū,文具
bûn-kū,文具
bûn-huà,文化
bûn-huà tiong-sim,文化中心
bûn-tuânn,文壇
bûn-jī,文字
bûn-lī,文字
bûn-ha̍k,文學
bûn-kuann,文官
bûn-suan,文宣
bûn-san,文山
bûn-san-khu,文山區
bûn-tshī,文市
bûn-kiàn-huē,文建會
bûn-tik,文德
bûn-sim tiong-tshing,文心中清
bûn-sim tsông-tik,文心崇德
bûn-sim ing-hue,文心櫻花
bûn-pîn,文憑
bûn-pîng,文憑
bûn-tsâi,文才
bûn-kàu,文教
bûn-bûn-á-tshiò,文文仔笑
bûn-tàn,文旦
bûn-bîng,文明
bûn-si,文書
bûn-su,文書
bûn-àn,文案
bûn-lo̍k,文樂
bûn-bú,文武
bûn-bú-tiûnn,文武場
bûn-bú-biō,文武廟
bûn-bú sìng-tiān,文武聖殿
bûn-huat,文法
bûn-bu̍t,文物
bûn-hiàn,文獻
bûn-kho,文科
bûn-tsiong,文章
bûn-tsiunn,文章
bûn-pit,文筆
bûn-huâ ko-tiong,文華高中
bûn-gē,文藝
bûn-giân,文言
bûn-sin,文身
bûn-ngá,文雅
bûn-kik,文革
ha̍k,斈
pin,斌
hui,斐
huí,斐
pan,斑
pan-tsat-hê,斑節蝦
pan-tsi,斑芝
pian-tsi,斑芝
pan-bé,斑馬
pan-má,斑馬
pan-bé-suànn,斑馬線
pan-má-suànn,斑馬線
pan-kah,斑鴿
pan,斒
lân,斕
tió,斗
táu,斗
tóo,斗
táu-á,斗仔
táu-la̍k,斗六
táu-la̍k-tshī,斗六市
táu-la̍k-mn̂g,斗六門
táu-lâm,斗南
táu-lâm-tìn,斗南鎮
táu-kài,斗概
táu-láng,斗籠
liāu,料
liāu-siáu,料小
liāu-sióng,料想
liāu-sióng-buē-kàu,料想袂到
liāu-sióng-bē-kàu,料想袂到
liāu-lí,料理
liāu-sǹg,料算
liāu-sin,料身
ha̍k,斛
siâ,斜
tshiâ,斜
tshua̍h,斜
tshiâ-ba̍k,斜目
siâ-sī,斜視
tshua̍h-kak,斜角
ká,斝
jú,斞
tsim,斟
thîn,斟
thîn tê,斟茶
thîn-tê,斟茶
tsim-tsiok,斟酌
thîn tsiú,斟酒
uat,斡
uat-kak,斡角
thóo,斢
kin,斤
kirn,斤
kun,斤
kin-niú,斤兩
kun-niú,斤兩
thik,斥
hú,斧
phú,斧
póo,斧
póo-thâu,斧頭
póo-thâu-tsinn-á,斧頭櫼仔
póo-thâu-khing,斧頭銎
tshiong,斨
tshiok,斫
tsiok,斫
tsám,斬
tsánn,斬
tsám-tse̍h,斬截
tsám-tsue̍h,斬截
tsánn-tiū-á-bué,斬稻仔尾
tsánn-tiū-á-bé,斬稻仔尾
tshiok,斮
su,斯
suh,斯
su-bûn,斯文
su-tong-sî,斯當時
sin,新
sin-siōng kok-sió,新上國小
sin-lâng,新人
sin-jīm,新任
sin-līm,新任
sin-kong-hn̂g,新公園
sin-kio̍k,新劇
sin-ki̍k,新劇
sin-huà-khu,新化區
sin-pak-tshī,新北市
sin-pak-tâu,新北投
sin-tshù,新厝
sin-tshù-á,新厝仔
sin-tshù-tsng,新厝莊
sin-hô kok-sió,新和國小
sin-hn̂g-hiong,新園鄉
sin-hîng,新型
sin-siânn,新城
sin-siânn-hiong,新城鄉
sin-poo,新埔
sin-poo bîn-sing,新埔民生
sin-poo-tìn,新埔鎮
sin-pi-hiong,新埤鄉
sin-pi-thâu,新埤頭
sin-tsing,新增
sin-kî,新奇
sin-niôo,新娘
sin-niû,新娘
sin-niû-pâng,新娘房
sin-niû-toh,新娘桌
sin-niû-thìnn,新娘牚
sin-niû-hue,新娘花
sin-niû-tsháu,新娘草
sin-hun,新婚
sin-pū,新婦
sin-pū--á,新婦仔
sin-pū-á,新婦仔
sin-pǔ-á,新婦仔
sin-pǔ-á-io,新婦仔育
sin-ian,新嫣
sin-hù,新富
sin-ok-khu,新屋區
sin-tsó-iânn,新左營
sin-tshī,新市
sin-tshī-it-lōo,新市一路
sin-tshī-khu,新市區
sin-nî,新年
sin-tiàm,新店
sin-tiàm-khu,新店區
sin-tiàm khu-kong-sóo,新店區公所
sin-tiàm-khe,新店溪
sin-kóng,新廣
sin-sik,新式
sin-tshun,新春
sin-li̍k,新曆
sin-khuán,新款
sin-tsiann,新正
sin-tsiann-nî-thâu,新正年頭
sin-káng,新港
sin-káng-hiong,新港鄉
sin-oo-ji̍t,新烏日
sin-iânn,新營
sin-iânn-khu,新營區
sin-sing,新生
sin-ti,新知
sin-siā-khu,新社區
sin-tik,新竹
sin-tik-tshī,新竹市
sin-tik-kuān,新竹縣
sin-bûn,新聞
sin-bûn-tsuá,新聞紙
sin-kioh-siàu,新腳數
sin-tâi-pè,新臺幣
sin-tâi-phiò,新臺票
sin-hing,新興
sin-hing-khu,新興區
sin-kū,新舊
sin-tsng,新莊
sin-tsng hù-too-sim,新莊副都心
sin-tsng-khu,新莊區
sin-hong,新豐
sin-hong-hiong,新豐鄉
sin-kha-siàu,新跤數
sin-tsìn,新進
sin-lông,新郎
sin-tîn-tāi-siā,新陳代謝
sin-bé,新馬
sin-má,新馬
sin-sian,新鮮
sin-sián,新鮮
sin-tsiáu,新鳥
sin-tiám-tiám,新點點
tok,斲
kín,斳
kīn,斳
tok,斵
tshiok,斶
tn̄g,斷
tuàn,斷
tuān,斷
tuīnn,斷
tňg,斷
tn̄g-kau,斷交
tuān-kau,斷交
tn̄g-lin,斷奶
tn̄g-ling,斷奶
tn̄g-ni,斷奶
tuàn-tīng,斷定
tuān-tīng,斷定
tuān-gâi,斷崖
tn̄g-tsiáng,斷掌
tn̄g-tsiúnn,斷掌
tn̄g-kin,斷根
tn̄g-kun,斷根
tn̄g-khuì,斷氣
tn̄g-tsíng,斷種
tn̄g-tsām,斷站
tn̄g-tsat,斷節
tuān-tsua̍t,斷絕
tn̄g-náu-kin,斷腦筋
tn̄g-náu-kun,斷腦筋
tuīnn-náu-kin,斷腦筋
tn̄g-sìn,斷訊
tn̄g-lōo,斷路
tn̄g-tiān,斷電
tn̄g-thâu,斷頭
tňg-thâu-nóo-kun,斷頭腦筋
tsiok,斸
png,方
puinn,方
hng,方
hong,方
hong-uī,方位
hong-piān,方便
hong-hiòng,方向
hong-sik,方式
hong-àn,方案
hong-huat,方法
hong-giân,方言
hong-gân,方言
png-tse,方鄒
png-tsio,方鄒
png-tsoo,方鄒
puinn-tse,方鄒
puinn-tsoo,方鄒
hong-tsiam,方針
hong-bīn,方面
i,於
u,於
î,於
û,於
si,施
sì,施
si-ap,施壓
si-tián,施展
si-kang,施工
si-siá,施捨
si-tsìng,施政
si-hîng,施行
iû,斿
pông,旁
pông-thiann,旁聽
pông-kuan,旁觀
pông-kuan-tsiá,旁觀者
pông-pinn,旁邊
kî,旂
tsian,旃
môo,旄
lí,旅
lú,旅
lí-kheh,旅客
lú-kheh,旅客
lí-siā,旅社
lír-siā,旅社
lír-siǎ,旅社
lú-siā,旅社
lí-hîng,旅行
lú-hîng,旅行
lí-huì,旅費
lú-huì,旅費
lí-tôo,旅途
lú-tôo,旅途
lí-iû,旅遊
lú-iû,旅遊
lí-ūn tiong-sim,旅運中心
lí-kuán,旅館
lú-kuán,旅館
phài,旆
liû,旈
hóng,旊
suân,旋
suan,旋
tsn̄g,旋
tsuīnn,旋
tsňg,旋
suân-lu̍t,旋律
suan-tîn,旋藤
suan-liu,旋鰡
sing,旌
tsing,旌
nî,旎
tso̍k,族
tso̍k-jîn,族人
tso̍k-lîn,族人
tso̍k-kûn,族群
tso̍k-tshin,族親
tso̍k-phóo,族譜
tiāu,旐
liû,旒
sau,旓
siau,旓
i,旖
í,旖
kî,旗
kî-hā,旗下
kî-bué-suann,旗尾山
kî-san-khu,旗山區
kî-san-khe,旗山溪
kî-āu,旗後
kî-kuann,旗杆
kî-tin-khu,旗津區
kî-hî,旗魚
kî-hû,旗魚
tshì,旘
tsì,旘
huan,旛
kuè,旝
bû,无
kì,无
bû,旡
kì,旡
kì,既
kì-jiân,既然
kì-liân,既然
kì,旣
gi̍t,日
ji̍t,日
li̍t,日
ji̍t-tiong-tàu,日中晝
li̍t-tiong-tàu,日中晝
ji̍t-kng,日光
li̍t-kng,日光
ji̍t-kong-ting,日光燈
li̍t-kong-ting,日光燈
ji̍t-tshut,日出
li̍t-tshut,日出
ji̍t-kio̍k,日劇
ji̍t-ki̍k,日劇
li̍t-kio̍k,日劇
li̍t-ki̍k,日劇
ji̍t-lâm,日南
ji̍t-siong,日商
li̍t-siong,日商
ji̍t-pò,日報
li̍t-pò,日報
ji̍t-iā,日夜
li̍t-iā,日夜
gi̍t-pô,日婆
li̍t-pô,日婆
ji̍t-tsí,日子
li̍t-tsí,日子
ji̍t-siông,日常
li̍t-siông,日常
ji̍t-sik,日式
li̍t-sik,日式
ji̍t-āu,日後
li̍t-āu,日後
ji̍t-thiah,日拆
ji̍t-bûn,日文
li̍t-bûn,日文
gi̍t--sî,日時
ji̍t--sî,日時
li̍t--sî,日時
ji̍t--sî-á,日時仔
li̍t--sî-á,日時仔
ji̍t-tàu-tàu,日晝晝
li̍t-tàu-tàu,日晝晝
ji̍t-su,日書
ji̍t-gua̍t-thâm,日月潭
li̍t-gua̍t-thâm,日月潭
ji̍t-gua̍t-ham,日月蚶
li̍t-gua̍t-ham,日月蚶
ji̍t-gua̍t-than,日月蟶
li̍t-gua̍t-than,日月蟶
ji̍t-kî,日期
li̍t-kî,日期
ji̍t-pún-á-khue-sìnn,日本仔葵扇
li̍t-pún-tāu-tsiùnn,日本豆醬
ji̍t-boh-àm,日欲暗
li̍t-berh-àm,日欲暗
ji̍t-sán,日產
li̍t-sán,日產
ji̍t-thîng,日程
ji̍t-tîng,日程
li̍t-thîng,日程
li̍t-tîng,日程
ji̍t-hue,日花
li̍t-hue,日花
li̍t-sit,日蝕
ji̍t-kì,日記
li̍t-kì,日記
ji̍t-tsì,日誌
li̍t-tsì,日誌
ji̍t-gí,日語
li̍t-gú,日語
ji̍t-khah-mńg,日較晚
ji̍t-kan,日間
li̍t-kan,日間
ji̍t-thâu,日頭
li̍t-thâu,日頭
ji̍t-thâu-kng,日頭光
li̍t-thâu-kng,日頭光
ji̍t-thâu-kong,日頭公
li̍t-thâu-kong,日頭公
ji̍t-thâu beh lo̍h-suann,日頭欲落山
ji̍t-thâu-hue,日頭花
li̍t-thâu-hue,日頭花
ji̍t-tshiu,日鬚
li̍t-tshiu,日鬚
tuànn,旦
tàn,旦
tàn-tsing,旦增
tàn-pa,旦巴
kiū,旧
tsí,旨
tsá,早
tsái,早
tsó,早
tsóo,早
tsá-tang,早冬
tsá-tsîng,早前
tsá-pò,早報
tsá-nî,早年
tsá-bān,早慢
tsá-ji̍t,早日
tsá-li̍t,早日
tsá-sî,早時
tsái-sî,早時
tsá-sî-á,早時仔
tsái-sî-á,早時仔
tsá-uànn,早晏
tsá-poo,早晡
tsá-àm,早暗
tsá-kî,早期
tsá-sán,早產
tsá-khùn,早睏
tsá-khí,早起
tsái-khí,早起
tsá-khí-sî,早起時
tsái-khí-sî,早起時
tsá-khí-sî-á,早起時仔
tsá-khí-poo,早起晡
tsá-khí-tǹg,早起頓
tsái-khí-tǹg,早起頓
tsá-tǹg,早頓
tsái-tǹg,早頓
tsá-thâu,早頭
tsá-tsai,早齋
hia̍p,旪
sûn,旬
hiok,旭
hiok,旮
hán,旰
huānn,旱
hān,旱
uānn,旱
hān-khe,旱溪
ōng,旺
ōng-sīng,旺盛
bîn,旻
bûn,旻
bîn,旼
bûn,旼
ngóo,旿
în,昀
ûn,昀
gông,昂
tsik,昃
pán,昄
khun,昆
khun-thiông,昆蟲
khun-iông,昆陽
sing,昇
sing-huâ,昇華
hóng,昉
hō,昊
hōo,昊
tshiang,昌
tshiong,昌
huan,昍
suan,昍
bîng,明
mê,明
miâ,明
bîn,明
bîn-á-ji̍t,明仔日
bîn-á-li̍t,明仔日
miâ-á-ji̍t,明仔日
miâ-á-li̍t,明仔日
bîn-á-tsá-khí,明仔早起
bîn-á-tsái-khí,明仔早起
miâ-á-tsá-khí,明仔早起
bîn-á-àm,明仔暗
miâ-á-àm,明仔暗
bîn-á-tsài,明仔載
miâ-á-tsài,明仔載
bîng-ki-tsai,明其知
bîng-ki-tsai-iánn,明其知影
bîng-hoo,明呼
bîng-hoo bîng-tshiàng,明呼明唱
bîng-phín,明品
bîn-nî,明年
muâ-nî,明年
mâ-nî,明年
mê-nî,明年
mî-nî,明年
bîng-tik,明德
bîng-bîng,明明
bîng-sing,明星
bîng-tshenn,明星
bîng-tshinn,明星
bîng-tì,明智
bîng-lóng,明朗
bîng-khì,明氣
bîng-lí,明理
bîng-pi̍k,明白
bîng-liâu,明瞭
bîng-tsai,明知
bîng-khak,明確
mê-lo̍h-āu--ji̍t,明落後日
bîng-kóng,明講
bîng-hián,明顯
hng,昏
huinn,昏
hun,昏
hūn,昏
hūn--tó,昏倒
hūn--khì,昏去
hng-hng,昏昏
hūn-bê,昏迷
hun,昐
khím,昑
hut,昒
ia̍h,易
i̍k,易
ī,易
īnn,易
ia̍h-king,易經
i̍k-king,易經
sik,昔
him,昕
iông,昜
tsám,昝
píng,昞
tshenn,星
tshinn,星
sing,星
san,星
sing-siù,星宿
sing-tsō,星座
iàng,映
iòng,映
ìng,映
hiân,昡
phut,昢
tsín,昣
lîng,昤
tshun,春
tshun-á-hue,春仔花
tshun-ká,春假
tshun-hun,春分
tshun-hā,春夏
tshun-thinn,春天
tshun-kuínn,春捲
tshun-ji̍t-hiong,春日鄉
tshun-hui,春暉
tshing-gû-tôo,春牛圖
tshun-giû-tôo,春牛圖
tshun-gû-tôo,春牛圖
tshun-tseh,春節
tshun-tsiat,春節
tshun-tsueh,春節
tshun-liân,春聯
tshun-hong,春風
tshun-pn̄g,春飯
tshun-piánn,春餅
tshun-siānn,春𣛮
muī,昧
māi,昧
tsa,昨
tso̍h,昨
tso̍k,昨
tsa̍h-li̍t,昨日
tsoh--ji̍t,昨日
tsoh--li̍t,昨日
tsoo-li̍t,昨日
tsorh-ji̍t,昨日
tso̍h--ji̍t,昨日
tso̍h--li̍t,昨日
tso̍rh--ji̍t,昨日
tsō--ji̍t,昨日
tsa-hng,昨昏
tsa-huinn,昨昏
tsa̍h-hng,昨昏
tsa-àm,昨暗
tsa-mê,昨暝
tsa-mî,昨暝
hú,昫
hun,昬
tsiau,昭
tsiau-ìng-kiong,昭應宮
sī,是
sǐ,是
sī--lah,是啦
sī-nî-peh-tseh,是年八節
sī-nî-pueh-tsueh,是年八節
sī-nî-sī-tseh,是年是節
sī-nî-sī-tsueh,是年是節
sī-án-tsuánn,是按怎
sī-kóng,是講
sī-hui,是非
sū-hui,是非
io̍k,昱
tia̍t,昳
báu,昴
lik,昵
li̍k,昵
tshióng,昶
tshiáng,昶
píng,昺
tiâu,晁
tiāu,晁
sî,時
sî-sè,時世
sî-tāi,時代
sî-hāu,時候
sî-kè,時價
sî-kong,時光
sî-khik,時刻
sî-sè,時勢
sî-pò,時報
sî-tsha,時差
sî-siông,時常
sî-sòo,時數
sî-ji̍t,時日
sî-li̍t,時日
sî-sî,時時
sî-sî-khik-khik,時時刻刻
sî-kíng,時景
sî-kî,時期
sî-ki,時機
sî-tuānn,時段
sî-khong,時空
sî-kiânn,時行
sî-tsong,時裝
sî-kè-kó,時計果
sî-sîn,時辰
sî-sok,時速
sî-ūn,時運
sî-tsing,時鐘
sî-tsing-kue,時鐘瓜
sî-kan,時間
sî-kan-pió,時間表
sî-sūn,時陣
sî-tsūn,時陣
sî-tsǔn,時陣
hóng,晃
huánn,晃
hóng,晄
kóng,晄
suan,晅
kiáu,晈
tsìn,晉
tsit,晊
tsìn,晋
hiòng,晌
sióng,晌
uànn,晏
àn,晏
uànn khí--lâi,晏起來
kai,晐
sà,晒
tsùn,晙
buán,晚
muí,晚
mńg,晚
buán-tang,晚冬
mńg-tang,晚冬
mńg-kiánn,晚囝
buán-an,晚安
hián,晛
hiān,晛
tiù,晝
tàu,晝
tàu--ah,晝矣
hi,晞
sîng,晟
sīng,晟
tshiânn,晟
tshiânn-tî,晟持
tshiânn-ióng,晟養
poo,晡
tsiat,晢
tsè,晢
tsè,晣
gōo,晤
ngōo,晤
uán,晥
huè,晦
hō,晧
hōo,晧
sîn,晨
tsuì,晬
tsè,晬
tsèr,晬
phóo,普
puh,普
phóo-ki̍p,普及
phóo-phóo-á,普普仔
phóo-tsa,普查
phóo-tōo,普渡
phóo-thong,普通
phóo-phiàn,普遍
phóo-suán,普選
kíng,景
kíng-an,景安
kíng-suann-khe,景山溪
kíng-pîng,景平
kíng-bûn kho-tāi,景文科大
kíng-khì,景氣
kíng-hóng,景況
kíng-bu̍t,景物
kíng-hok-kiong,景福宮
kíng-tì,景緻
kíng-tī,景緻
kíng-bué,景美
kíng-bé,景美
kíng-bí,景美
kíng-bué-khe,景美溪
kíng-bé-khe,景美溪
kíng-tì,景致
kíng-sik,景色
kíng-kuan,景觀
kíng-siōng,景象
kíng-tiám,景點
sik,晰
sik,晳
tsênn,晴
tsîng,晴
tsînn,晴
tsing,晶
tsinn,晶
tsing-phìnn,晶片
khuí,晷
kuí,晷
tsíng,晸
i̍k,晹
sik,晹
tì,智
tì-li̍k,智力
tì-siong,智商
tì-huī,智慧
tì-lîng,智能
tì-kak,智覺
tì-sik,智識
iám,晻
ám,晻
uán,晼
liōng,晾
nê,晾
nî,晾
suan,暄
hā,暇
hē,暇
n̄g,暈
uīnn,暈
ūn,暈
hui,暉
bín,暋
bîn,暋
ke,暌
hat,暍
iòng,暎
tóo,暏
uí,暐
sí,暑
sú,暑
sú-ká,暑假
sú-kî,暑期
tsîng,暒
luán,暖
luán-luán,暖暖
luán-luán-khu,暖暖區
àm,暗
àm-tiong,暗中
àm-tsoh-kî,暗作期
àm-kong-tsiáu,暗光鳥
àm-liām,暗唸
àm-pò,暗報
àm-ba̍k-ba̍k,暗墨墨
àm-o̍h-á,暗學仔
àm-an,暗安
àm-khàm,暗崁
àm-siūnn,暗想
àm-pâng,暗房
àm-so-so,暗挲挲
àm-bong-bong,暗摸摸
àm-moo-moo,暗摸摸
àm-sî,暗時
àm-sî-á,暗時仔
àm-mê,暗暝
àm-mî,暗暝
àm-huē,暗會
àm-pōo,暗步
àm-phú,暗殕
àm-sat,暗殺
àm-sàm,暗毿
àm-sàm-pēnn,暗毿病
àm-sàm-pīnn,暗毿病
àm-tām,暗淡
àm-bo̍k-bo̍k,暗漠漠
àm-pan,暗班
àm-bîn-bong,暗眠摸
àm-bîn-bong-suann-niau,暗眠摸山貓
àm-sī,暗示
àm-sik,暗色
àm-hō,暗號
àm-hīng,暗行
àm-tē-á,暗袋仔
àm-kì,暗記
àm-hóng,暗訪
àm-sô-sô,暗趖趖
àm-lōo,暗路
àm-king-á,暗間仔
àm-tsīnn,暗靜
àm-tǹg,暗頓
àm-thâu-á,暗頭仔
àm-pn̄g,暗飯
iông,暘
sik,暘
bîng,暝
mê,暝
mî,暝
mê-bué,暝尾
mî-bé,暝尾
mê-kang,暝工
mî-kang,暝工
mê-ji̍t,暝日
mî-li̍t,暝日
mê--sî,暝時
mî--sî,暝時
mî-sî,暝時
mê-tshia,暝車
mî-tshia,暝車
kiáu,暞
khái,暟
hō,暠
kó,暠
óng,暡
thiàng,暢
thiòng,暢
gut,暨
kì,暨
bún,暪
tsiām,暫
tsiām-tshiánn,暫且
tsiām-thîng,暫停
tsiām-tōo,暫度
tsiām-sî,暫時
bōo,暮
bo̍k,暯
li̍k,暱
li̍t,暱
huī,暳
pā,暴
po̍k,暴
pō,暴
pōo,暴
pok,暴
po̍k-luān,暴亂
pō-luān,暴亂
po̍k-li̍k,暴力
pō-li̍k,暴力
po̍k-tōng,暴動
pō-tōng,暴動
pō-kun,暴君
pō-bîn,暴民
pok-gê,暴牙
pok-ínn,暴穎
po̍k-lōo,暴露
hàn,暵
suân,暶
liâu,暸
siām,暹
thun,暾
iap,曄
la̍h,曆
li̍k,曆
la̍h-ji̍t,曆日
la̍h-li̍t,曆日
lā-ji̍t,曆日
thâm,曇
tông,曈
hiáu,曉
i̍k,曎
hiòng,曏
hióng,曏
kiáu,曒
kìng,曔
ài,曖
ài-māi,曖昧
sī,曙
sū,曙
bông,曚
hun,曛
iāu,曜
pha̍k,曝
pho̍k,曝
pha̍k-kuann,曝乾
pha̍k-ji̍t,曝日
pha̍k-li̍t,曝日
pha̍k-gi̍t-thâu,曝日頭
pha̍k-ji̍t-thâu,曝日頭
pha̍k-li̍t-thâu,曝日頭
pha̍k tshik,曝粟
pha̍k iâm,曝鹽
khòng,曠
khòng-tshn̂g,曠床
khòng-khuah,曠闊
ian,曣
hi,曦
lông,曨
lóng,曩
luân,曫
sài,曬
lē,曬
sà,曬
thóng,曭
ua̍t,曰
khiau,曲
khik,曲
khiok,曲
khiau--khì,曲去
khiau--khìr,曲去
khiau-ku,曲痀
khik-puânn,曲盤
khiok-suànn,曲線
khik-tiāu,曲調
khiau-kha,曲跤
kenn,更
king,更
kinn,更
kìng,更
kìng-ka,更加
king-liân-kî,更年期
king-kái,更改
king-sin,更新
king-tsìng,更正
king-sing,更生
hut,曶
hat,曷
at,曷
ia̍h,曷
a̍h,曷
a̍h-sái,曷使
ia̍h-sái,曷使
a̍h-ū-tsi̍t-ê,曷有一个
a̍h-tio̍h,曷著
ia̍h-tio̍h,曷著
si,書
su,書
tsu,書
su-khan,書刊
su-siá,書寫
su-tián,書展
tsu-tiàm,書店
tsu-pâng,書房
tsu-kè,書架
tsu-kè-á,書架仔
tsu-tû,書櫥
su-huat,書法
su-phîng,書評
su-bīn,書面
tsô,曹
tsôo,曹
tsôr,曹
tsô,曺
tsôo,曺
bān,曼
tsan,曽
tsan,曾
tsing,曾
tsîng,曾
tsan-bûn-khe,曾文溪
tsan-lîm,曾林
tsan-kang,曾江
therè,替
thuè,替
thè,替
thuè-tshiú,替手
thè-tshiú,替手
thuè-uānn,替換
thè-uānn,替換
thuè-sin,替身
thè-sin,替身
tsuè,最
tsuè-āu,最後
tsuè-kīn,最近
tsuè-kūn,最近
tshám,朁
tsiâm,朁
kuè,會
erē,會
huē,會
uē,會
ē,會
ě,會
huē-put-sī,會不是
huē-á,會仔
hē-á,會仔
huē-á-kha,會仔跤
huē-á-tsînn,會仔錢
hē-á-tsînn,會仔錢
erē-sái,會使
ē-saih,會使
ē-sái,會使
ě-sái,會使
ē-sái--tit,會使得
ē-sái-eh,會使得
ē-sái-lit,會使得
ē-sái-tit,會使得
ē-sái-tsit,會使得
ē-tsuè-eh,會做得
ē-tsuè-lit,會做得
ē-tsuè-tit,會做得
ē-tsuè-tsit,會做得
ē-tsò-eh,會做得
ē-tsò-lit,會做得
ē-tsò-tit,會做得
ē-tsò-tsit,會做得
huē-kham,會勘
huē-bū,會務
huē-ha̍p,會合
huē-tông,會同
ē-hô,會和
ē-hô-puânn,會和盤
huē-guân,會員
huē-uân,會員
huē-siong,會商
ē-kham-eh,會堪得
ē-kham-lit,會堪得
ē-kham-tit,會堪得
ē-kham-tsit,會堪得
huē-pò,會報
huē-tiûnn,會場
huē-sit-lé,會失禮
hē-sit-lé,會失禮
ē-tit,會得
ē-tit-thang,會得通
ē-tit-kuè,會得過
ē-tit-kè,會得過
erē-hiáu,會曉
ē-hiáng,會曉
ē-hiáu,會曉
ě-hiáu,會曉
huē-kî,會期
huē-m̄-tio̍h,會毋著
hē-m̄-tio̍h,會毋著
ē-īng--eh,會用得
ē-īng-eh,會用得
ē-īng-lit,會用得
ē-īng-tit,會用得
ē-īng-tsit,會用得
erē-tàng,會當
ē-tàng,會當
ě-tàng,會當
huē-siā,會社
huē-khó,會考
ē-kìnn-tsìng,會見眾
huē-kè,會計
kuè-kè,會計
ē-kì--eh,會記得
ē-kì--lih,會記得
ē-kì--lit,會記得
ē-kì--tit,會記得
ē-kì--tsit,會記得
huē-tâm,會談
huē-gī,會議
ē-hù,會赴
ē-hù-tshī,會赴市
huē-kha,會跤
ē-thong,會通
huē-tiúnn,會長
huē-thâu,會頭
hē-thâu,會頭
huē-kuán,會館
huē-tsuê,會齊
huē-tsê,會齊
khiat,朅
ge̍h,月
gue̍h,月
ge̍rh,月
gua̍t,月
gua̍t-hā-nóo-jîn,月下老人
gua̍t-hā-nóo-lîn,月下老人
ge̍h-tiong,月中
gue̍h-tiong,月中
gue̍h-liāng,月亮
ge̍h-á-tsînn,月仔錢
gue̍h-á-tsînn,月仔錢
ge̍h-hūn,月份
gue̍h-hūn,月份
ge̍h-lâi-hiong,月來香
gue̍h-lâi-hiong,月來香
ge̍h-hōng,月俸
gue̍h-hōng,月俸
ge̍h-kng,月光
gue̍h-kng,月光
ge̍h-kng-mî,月光暝
gue̍h-kng-mê,月光暝
ge̍h-lāi,月內
gue̍h-lāi,月內
ge̍h-lāi-lâng,月內人
gue̍h-lāi-lâng,月內人
ge̍h-lāi-pâng,月內房
gue̍h-lāi-pâng,月內房
ge̍h-lāi-hong,月內風
gue̍h-lāi-hong,月內風
ge̍h-khan,月刊
gue̍h-khan,月刊
ge̍h-tshue,月初
gue̍h-tshe,月初
ge̍h-puànn,月半
gue̍h-puànn,月半
gua̍t-tâi,月台
gue̍h-tâi,月台
ge̍h uî-khoo,月圍箍
gue̍h uî-khoo,月圍箍
ge̍h-guā-li̍t,月外日
gue̍h-guā-ji̍t,月外日
ge̍h-niû,月娘
ge̍rh-niû,月娘
gue̍h-niôo,月娘
gue̍h-niû,月娘
ge̍rh-pô,月婆
ge̍h-bé,月尾
gue̍h-bué,月尾
ge̍h-tué,月底
gue̍h-té,月底
gue̍h tì-le̍h,月戴笠
ge̍h-li̍t,月日
gue̍h-ji̍t,月日
ge̍h-àm-mî,月暗暝
gue̍h-àm-mê,月暗暝
ge̍h-thô,月桃
gua̍t-tin-káng,月津港
ge̍h-kiû,月球
gue̍h-kiû,月球
ge̍h-khîm,月琴
gue̍h-khîm,月琴
ge̍h-bâi,月眉
gue̍h-bâi,月眉
ge̍h-phiò,月票
gue̍h-phiò,月票
ge̍h-tsoo-huì,月租費
gue̍h-tsoo-huì,月租費
ge̍h-kip,月給
gue̍h-kip,月給
ge̍h-king,月經
ge̍rh-king,月經
gue̍h-king,月經
ge̍h-king-tuà,月經帶
ge̍h-khó,月考
gue̍h-khó,月考
ge̍h-sik,月色
gue̍h-sik,月色
ge̍h-sin,月薪
gue̍h-sin,月薪
ge̍rh-sit,月蝕
ge̍h-thâu,月頭
gue̍h-thâu,月頭
ge̍h-piánn,月餅
gue̍h-piánn,月餅
iú,有
ū,有
ǔ,有
ū tsi̍t ê khuán,有一个款
ū-tsi̍t-ji̍t,有一日
ū-tsi̍t-li̍t,有一日
ū-tsi̍t-bô-nn̄g,有一無兩
ū-lâng-iân,有人緣
ū-kè,有價
iú-lī,有利
ū-la̍t,有力
iú-sú í-lâi,有史以來
ū-miâ,有名
ū-tè,有塊
ū-kàu,有夠
iú-hàu,有孝
ū-kio̍k,有局
ū-tué,有底
ū-té,有底
iú-hîng,有形
ū-hîng,有形
ū-iánn,有影
ū-sim,有心
iú-tsì,有志
ū-tsîng,有情
iú-ì,有意
iú-ìng-kong,有應公
iú-hun-kong,有應公
iú-iòng-kong,有應公
iú-iong-kong-á,有應公仔
iú-ìng-kong-á,有應公仔
iú-tsâi,有才
ū tsâi-tiāu,有才調
ū-tòng-thâu,有擋頭
ū-tànn-thâu--ah,有擔頭矣
iú-hāu,有效
ū-hāu,有效
ū-sî,有時
ū-sî-á,有時仔
ū-sî-ū-tsūn,有時有陣
ū-sî-tsūn,有時陣
ū-pán,有板
iú-ki,有機
ū-khuán,有款
ū-pōo,有步
ū pōo-sòo,有步數
ū-huè,有歲
ū-hè,有歲
iú-kiû-pit-ìng,有求必應
ū-huat-tōo,有法度
ū-lí,有理
ū-tang-sî-á,有當時仔
ū--ê-bô--ê,有的無的
ū-sîn,有神
ū-lé-sòo,有禮數
ū-lé-māu,有禮貌
ū-khang,有空
ū-khang-bô-sún,有空無榫
ū-pān,有範
ū-suà,有紲
iú-suànn,有線
iú-iân,有緣
ū-iân,有緣
ū-hī-bô-tshuì,有耳無喙
ū-hīnn-bô-tshuì,有耳無喙
ū-siànn,有聖
ū-kuī,有膭
ū-gē,有藝
ū iàu-kín,有要緊
ū-tshin,有親
ū-tshun,有賰
ū-lōo-lâi,有路來
ū-lōo-bô-tshù,有路無厝
ū-lōo-iōng,有路用
ū-lōo-īng,有路用
ū-sin,有身
ǔ-sin,有身
ū pān-huat,有辦法
ū-thong,有通
ū-liōng,有量
ū-tsînn,有錢
ū-tsînn-lâng,有錢人
ū-îng,有閒
iú-kuan,有關
iú-hān,有限
ū-hîng,有雄
ū-thâu-ū-bué,有頭有尾
ū-thâu-ū-bé,有頭有尾
ū-gia̍h,有額
pîng,朋
pîng-iú,朋友
hûn,朌
ho̍k,服
ho̍k-sāi,服侍
ho̍k-bū,服務
ho̍k-i̍k,服役
ho̍k-tsiông,服從
ho̍k-iōng,服用
ho̍k-io̍h,服藥
ho̍k-tsong,服裝
ho̍k-sik,服飾
huí,朏
phut,朏
khu,朐
kû,朐
thiáu,朓
sok,朔
tīm,朕
lóng,朗
láng,朗
lóng-tho̍k,朗讀
suan,朘
tsuê,朘
bîng,朙
bōng,望
bāng,望
bāng-tang,望冬
bāng-tang-tiuh-á,望冬搐仔
bāng-kóo,望古
bōng-kóo,望古
bāng-uann-hiong,望安鄉
bōng-gán-kiànn,望眼鏡
bāng kài á tshang,望蓋仔蔥
bōng-uán-kiànn,望遠鏡
tiau,朝
tiâu,朝
tiâu-tāi,朝代
tiâu-tē,朝代
tiâu-thian-kiong,朝天宮
tiâu-tîng,朝廷
tiâu-tsìng,朝政
tiâu-iá,朝野
ki,朞
kî,朞
ki,期
kî,期
kî-khan,期刊
kî-thāi,期待
kî-bōng,期望
kî-huè,期貨
kî-hè,期貨
kî-kan,期間
kî-hān,期限
bōng,朢
tông,朣
liâu,朥
lô,朥
bông,朦
lông,朧
ba̍k,木
bo̍k,木
ba̍k-tshiōnn,木匠
ba̍k-tshiūnn,木匠
ba̍k-tshiūnn-sai,木匠師
ba̍k-kia̍h,木屐
ba̍k-kiā,木屐
ba̍k-kia̍h-liâu,木屐寮
ba̍k-kang,木工
ba̍k-sai,木師
bo̍k-sim-pang,木心枋
bo̍k-tshenn,木星
bo̍k-tshinn,木星
bo̍k-tshâi,木材
bo̍k-tsâi,木材
ba̍k-sa,木柵
ba̍k-sa tōng-bu̍t-hn̂g,木柵動物園
bo̍k-mî,木棉
bo̍k-luân-á,木欒仔
bo̍k-kue,木瓜
bo̍k-kue-suann,木瓜山
bo̍k-kue-tshuan,木瓜村
bo̍k-kue-khe,木瓜溪
bo̍k-jí,木耳
bo̍k-jínn,木耳
bo̍k-mí,木耳
bo̍k-ní,木耳
ba̍k-sat,木蝨
bo̍k-tiau,木雕
bo̍k-gîr,木魚
bo̍k-hî,木魚
bo̍k-hû,木魚
bo̍k-muâ-hông,木麻黃
bo̍k-mâ-hông,木麻黃
buē,未
bē,未
bēr,未
běr,未
bī,未
bī-bông-jîn,未亡人
bī-bông-lîn,未亡人
bī-lâi,未來
bī-bián,未免
bī-hun,未婚
buē-tsîng,未曾
bē-tsîng,未曾
buē-tsîng-buē,未曾未
bē-tsîng-bē,未曾未
bī-ti,未知
bua̍h,末
bua̍t,末
bua̍h-bua̍h,末末
bua̍t-thàn,末趁
pún,本
pńg,本
pún-sū,本事
pún-lâng,本人
pún-hūn,本份
pún-lâi,本來
pún-miâ,本名
pún-miā-tsînn,本命錢
pún-thóo,本土
pún-tuē,本地
pún-tē,本地
pún-tuē-lâng,本地人
pún-tē-lâng,本地人
pún-poo,本埠
pún-luí,本壘
pún-ki,本居
pún-ku,本居
pún-ki-tē,本居地
pún-ku-tuē,本居地
pún-nî-tōo,本年度
pún-tué,本底
pún-té,本底
pún-sìng,本性
pún-ì,本意
pún-tsiânn,本成
pún-bûn,本文
pún-gia̍p,本業
pún-phiò,本票
pún-tíng,本等
pún-tsi̍k,本籍
pún-lîng,本能
pún-tsit,本質
pún-sin,本身
pún-kim,本金
pún-tsînn,本錢
pún-líng,本領
pún-thé,本體
tsat,札
tsat-se,札西
tsu̍t,朮
su̍t,朮
tsu,朱
tsu-gôo,朱吳
tsu-ngôo,朱吳
tsu-âng,朱紅
tsu-ang,朱翁
tsu-ong,朱翁
tsu-tân,朱陳
jîn,朲
pat,朳
phok,朴
phoh,朴
phoh-á-kha,朴仔跤
phoh-tsú-tshī,朴子市
phoh-tsú-khe,朴子溪
tó,朵
tóo,朵
tó,朶
tóo,朶
kiû,朹
kiū,朹
ki,机
kí,机
kiû,朻
hiú,朽
hiú-nuā,朽爛
ting,朾
tshì,朿
tshù,朿
kan,杆
kuainn,杆
kuann,杆
kuinn,杆
tsha,杈
tshai,杈
sam,杉
sam-á,杉仔
sam-á-tshâ,杉仔柴
sam-nâ-khu,杉林區
huân,杋
gut,杌
lí,李
lí-á,李仔
lí-á-tshiám,李仔攕
lí-á-kiâm,李仔鹹
lí-lîm,李林
lí-niôo,李梁
lí-niû,李梁
lí-ông,李王
lí-tân,李陳
lí-n̂g,李黃
lí-uînn,李黃
hīng,杏
hīng-jîn,杏仁
hīng-lîn,杏仁
hīng-jîn-tê,杏仁茶
hīng-lîn-tê,杏仁茶
tsâi,材
tshâi-liāu,材料
tsâi-liāu,材料
tsâi-tsit,材質
tshun,村
tshng,村
tshuan,村
tshuinn,村
tshuan-bîn,村民
tshun-bîn,村民
tshuan-tiúnn,村長
tshun-tiúnn,村長
phiau,杓
piau,杓
sia̍h,杓
tsiak,杓
tsiok,杓
sia̍h-á,杓仔
siā-á,杓仔
tshiā-á,杓仔
thok,杔
tē,杕
thn̄g,杖
tiāng,杖
tiōng,杖
bîng,杗
bông,杗
i̍k,杙
khi̍t,杙
khi̍t-á,杙仔
khit-tsiáu--á,杙鳥仔
tōo,杜
tōo-peh-á,杜伯仔
tōo-tīng,杜定
tōo-tǐng,杜定
tuā-kâu,杜猴
tōo-kâu,杜猴
tǒo-kâu,杜猴
tōo-kín,杜蚓
tōo-ún,杜蚓
tǒo-lún,杜蚓
tōo-kún-á,杜蚓仔
tōo-ún-á,杜蚓仔
tōo-ui-á,杜蝛仔
tōo-kuan,杜鵑
tî,杝
kí,杞
sok,束
sok-kiat,束結
sok-pa̍k,束縛
sok-io,束腰
kang,杠
kong,杠
lâi,来
lāi,来
biáu,杪
guân,杬
guán,杬
hâng,杭
hông,杭
huì,杮
phuè,杮
phè,杮
pue,杯
pue-á,杯仔
kia̍t,杰
tang,東
tong,東
tang-a,東亞
tang-tó-sai-uai,東倒西歪
tang-sì-khu,東勢區
tang-sì-tshù,東勢厝
tang-sì-kak,東勢角
tang-sì-hiong,東勢鄉
tong-pau,東包
tang-pak,東北
tang-khu,東區
tang-lâm-a,東南亞
tang-poo-lā-khe,東埔蚋溪
tong-poo-la̍k-khe,東埔蚋溪
tong-san-tsài-khí,東山再起
tong-san-khu,東山區
tang-huānn,東岸
tang-ín-hiong,東引鄉
tong-hong,東方
tang-hong,東方
tang-au,東歐
tang-sua,東沙
tong-hô-hiong,東河鄉
tang-iûnn,東洋
tang-hái,東海
tang-káng-khe,東港溪
tang-káng-tìn,東港鎮
tang-ôo,東湖
tang-ò,東澳
tang-pîng,東爿
tang-tsio̍h-hiong,東石鄉
tang-tik,東竹
tong kiáu,東筊
tong-kiáu,東筊
tang-sai-lâm-pak,東西南北
tang-pōo,東部
tang-pōo-kàn-suànn,東部幹線
tang-lí,東里
tang-mn̂g,東門
tang-hong,東風
hó,杲
kó,杲
biáu,杳
hiam,杴
hiam-á,杴仔
thú,杵
tshí,杵
tshú,杵
thun,杶
tshun,杶
pâ,杷
pê,杷
sû,杸
liú,杻
thú,杼
siông,松
tshîng,松
tsîng,松
sóng,松
siông-san,松山
siông-san-khu,松山區
siông-san ki-tiûnn,松山機場
siông-ngôo,松梧
siông-kang lâm-kiann,松江南京
siông-tik,松竹
siông-ka,松膠
siông-jiông,松茸
siông-liông,松茸
pán,板
pán-á,板仔
pán-liâu,板嘹
pang-sin,板新
pang-kiô,板橋
pang-kiô-khu,板橋區
pán-lâ,板膋
pán-kim,板金
kiap,极
kiat,极
ke,枅
pî,枇
gî-pê,枇杷
khî-pê,枇杷
pî-pê,枇杷
tî-pê,枇杷
óng,枉
óng-khut,枉屈
óng-sí,枉死
óng-huì,枉費
gông,枊
pang,枋
hong,枋
pang-á,枋仔
pang-tóo,枋堵
pang-liâu,枋寮
pang-liâu-hiong,枋寮鄉
pang-suann,枋山
pang-suann-hiong,枋山鄉
pang-bôo,枋模
pang-kiô-thâu,枋橋頭
hûn,枌
hu,枎
hû,枎
lâm,枏
sik,析
hōo,枑
gâ,枒
tóo,枓
tsím,枕
tsím-thâu,枕頭
tsím-thâu-long,枕頭囊
tsím-thâu-lông,枕頭囊
lîm,林
nâ,林
ná,林
nâ-á-pu̍t,林仔菝
nâi-á-pu̍t,林仔菝
nâ-á-pinn,林仔邊
nâ-lāi,林內
nâ-lāi-hiong,林內鄉
lîm-bū-kio̍k,林務局
nâ-kháu,林口
nâ-kháu-khu,林口區
lîm-gôo,林吳
lîm-ngôo,林吳
lîm-hn̂g-khu,林園區
nâ-tâu,林投
nâ-tâu-tsé--á,林投姊仔
nâ-tâu-tsí--á,林投姊仔
nâ-tâu-tik-tshì,林投竹刺
lîm-bo̍k,林木
lîm-kí-poo,林杞埔
lîm-gia̍p,林業
lîm-îng sin-kong,林榮新光
ná-pua̍t,林菝
niá-pua̍t-á,林菝仔
ná-pa̍t-á,林菝仔
ná-pua̍t-á,林菝仔
nâ-pinn,林邊
nâ-pinn-hiong,林邊鄉
lîm-hōng-iânn,林鳳營
juē,枘
muî,枚
kó,果
kóo,果
kué,果
ké,果
kér,果
kué-tsí,果子
ké-tsí,果子
kér-tsí,果子
kué-tsí-hn̂g,果子園
ké-tsí-hn̂g,果子園
kué-tsí-tsai,果子栽
ké-tsí-tsai,果子栽
kué-tsí-bâ,果子猫
ké-tsí-bâ,果子猫
kér-tsí-bâ,果子猫
ké-tsí-bâ-á,果子猫仔
kér-tsí-bâ-á,果子猫仔
kó-tsiap,果汁
kó-jiân,果然
kó-liân,果然
ki,枝
tsi,枝
ki-á-ping,枝仔冰
koo,枯
koo-ta,枯焦
koo-tâ,枯焦
phîng,枰
pîng,枰
sí,枲
tsí,枳
kuái,枴
kuáinn,枴
kuái-á,枴仔
kuáinn-á,枴仔
hiau,枵
iau,枵
iau-sò,枵燥
iau-kuè-ki,枵過飢
iau-ki-sit-tǹg,枵飢失頓
iau-pá-tshá,枵飽吵
iau-sâi,枵饞
iau-kuí,枵鬼
kà,架
kè,架
khuè,架
khè,架
kè-á,架仔
kè-sè,架勢
kà-kòo,架構
kà-siat,架設
khuè kha,架跤
khè kha,架跤
ka,枷
kuê,枷
ké,枷
kê,枷
kha,枷
ka-tshia-tîn,枷車藤
kha-tshia-tîn,枷車藤
kóo,枸
kóo-kí,枸杞
hu,枹
hû,枹
ia̍p,枼
khī,枾
phí,柀
pí,柀
tô,柁
tî,柂
lîng,柃
pènn,柄
pìng,柄
pìnn,柄
ní,柅
sû,柌
hu,柎
hū,柎
peh,柏
pik,柏
bió,某
bóo,某
bóo-mí-lâng,某乜人
móo-mí-lâng,某乜人
bóo-lâng,某人
bóo-kiánn,某囝
bóo-tuā-tsí,某大姊
kam,柑
kam-á,柑仔
kam-á-te,柑仔得
kam-á-sik,柑仔色
kam-á-bi̍t,柑仔蜜
tshit,柒
tshik,柒
giám,染
jiám,染
liám,染
ní,染
ní-pòo,染布
ní-liāu,染料
ní-sik,染色
ní-sik-thé,染色體
jiám-gân,染顏
giû,柔
jiû,柔
liû,柔
jiû-tsîng,柔情
liû-tsîng,柔情
jiû-bí,柔美
liû-bí,柔美
jiû-nńg,柔軟
liû-nńg,柔軟
jiû-tō,柔道
liû-tō,柔道
tsià,柘
tòo,柘
a̍p,柙
kah,柙
iū,柚
iū-á,柚仔
iǔ-á,柚仔
sin,柛
kuī,柜
kū,柜
kho̍k,柝
thok,柝
kho̍k-á-thâu,柝仔頭
tsik,柞
tsi̍k,柞
tso̍k,柞
jiám,柟
lâm,柟
te,柢
tí,柢
tsa,柤
tsa,查
tse,查
tshâ,查
tsa-tshut,查出
tshâ-tshut,查出
ta-poo,查埔
tsa-poo,查埔
ta-poo-lâng,查埔人
tsa-poo-lâng,查埔人
tsa-poo-kiánn,查埔囝
ta-poo gín-á,查埔囡仔
ta-poo-gín-á,查埔囡仔
tsa-poo gín-á,查埔囡仔
tsa-poo-gín--á,查埔囡仔
tsa-poo-gín-á,查埔囡仔
tsa-poo-tsóo,查埔祖
tsa-poo-kán-á,查埔𡢃仔
tsa-hong,查封
tshâ-hong,查封
tsa-khàu,查扣
tshâ-khàu,查扣
tshâ-siàu,查數
tsa-bîng,查明
tshâ-bîng,查明
tsa-bóo,查某
tsa-bóo-lâng,查某人
tsa-bóo-kiánn,查某囝
tsa-bóo-kiánn-ji̍t,查某囝日
tsa-bóo-kiánn-li̍t,查某囝日
tsa-bóo gín-á,查某囡仔
tsa-bóo-gín--á,查某囡仔
tsa-bóo-gín-á,查某囡仔
tsa-bóo-sun,查某孫
tsa-bóo-hîng,查某形
tsa-bóo-tsóo,查某祖
tsa-bóo-king,查某間
tsa-bóo-hōo,查某雨
tsa-bóo-thué,查某體
tsa-bóo-thé,查某體
tsa-bóo-kán,查某𡢃
tsa-bóo-kán-á,查某𡢃仔
tsa-bóo-iânn,查畝營
tsa-sûn,查詢
tshâ-sûn,查詢
tsa-tsìng,查證
tshâ-tsìng,查證
koo,柧
kiū,柩
put,柫
kán,柬
pua̍t,柭
puē,柭
lu̍t,柮
tu̍t,柮
kua,柯
kho,柯
khoo,柯
nāi,柰
thiāu,柱
tsū,柱
thiāu-á,柱仔
thiāu-á-kha,柱仔跤
thiāu-tsî,柱薯
thiāu-tsû,柱薯
liú,柳
liú-ting,柳丁
liú-ting-tsiap,柳丁汁
liú-iânn,柳營
liú-iânn-khu,柳營區
tshâ,柴
tshâi,柴
tshâ-tsau,柴㷮
tshâ-pu̍t,柴佛
tshâ-to,柴刀
tshâ-siânn,柴城
tshâ-liâu,柴寮
tshâ-khia̍h,柴屐
tshâ-kia̍h,柴屐
tshâ-kiā,柴屐
tshâ-suann,柴山
tshâ-khi̍t,柴杙
tshâ-tshâ,柴柴
tshâ-tháng,柴桶
sâ-se,柴梳
tshâ-se,柴梳
tshâ-sere,柴梳
tshâ-sue,柴梳
tshâ-iû,柴油
tshâ-ba̍k,柴目
tshâ-tiam,柴砧
tshâ-khoo,柴箍
tshâ-pê,柴耙
tshâ-tsháu,柴草
tshâ-khî,柴蜞
tshâ-kha-tháng,柴跤桶
tshâ-keh,柴鍥
tshâ-kueh,柴鍥
tshâ-mn̂g,柴門
tshâ-thâu,柴頭
tshâ-thâu-ang-á,柴頭尪仔
tshâ-hî,柴魚
tshâ-hû,柴魚
sa,柵
tshik,柵
tsiok,柷
kuái,柺
khī,柿
khǐ,柿
khī-á,柿仔
khī-kué,柿粿
khī-ké,柿粿
khī-sng,柿霜
khī-song,柿霜
khī-song-hún,柿霜粉
khī-piánn,柿餅
liú,栁
bóo,栂
bôo,栂
lím,标
íng,栐
sún,栒
sng,栓
suan,栓
suinn,栓
tshng,栓
tshuan,栓
tshuinn,栓
sng-á,栓仔
khè,栔
se,栖
tshe,栖
la̍t,栗
li̍k,栗
la̍t-tsí,栗子
tīm,栚
lē,栛
kuat,栝
thiam,栝
thiám,栝
khan,栞
ping,栟
pìng,栟
hāu,校
kàu,校
hāu-khan,校刊
hāu-khu,校區
hāu-iú,校友
hāu-hn̂g,校園
kàu-tuì,校對
hāu-kang,校工
hāu-khìng,校慶
hāu-hong,校方
kàu-tsìng,校正
hāu-sià,校舍
hāu-kui,校規
hāu-tiúnn,校長
peh,栢
hú,栩
tsu,株
tu,株
tshiàn,栫
tsun,栫
tsûn,栫
jî,栭
iú,栯
iū,栯
hua̍t,栰
kióng,栱
kóng,栱
kông,栱
kong,栱
khó,栲
kó,栲
ló,栳
tsian,栴
lia̍t,栵
lē,栵
hi̍k,核
hu̍t,核
ha̍t,核
hi̍k-tsún,核准
hi̍k-tsú,核子
hu̍t-tsú,核子
hi̍k-tīng,核定
hi̍k-sim,核心
hu̍t-sim,核心
hi̍k-bú,核武
hu̍t-bú,核武
hi̍k-huat,核發
hi̍k-lîng,核能
hu̍t-lîng,核能
kin,根
kun,根
kin-ki,根基
kun-ki,根基
kin-té,根底
kun-tué,根底
kin-kì,根據
kun-kù,根據
kin-pún,根本
kun-pún,根本
kin-guân,根源
kun-guân,根源
kin-tsat,根節
kun-tsat,根節
kin-thâu,根頭
kun-thâu,根頭
sik,栻
thik,栻
keh,格
kik,格
keh-á,格仔
keh-sik,格式
kik-song,格桑
keh-tiāu,格調
tsai,栽
tsai-puê,栽培
luân,栾
ho̍k,栿
kia̍t,桀
hîng,桁
hông,桁
kuì,桂
kuì-tik,桂竹
kuì-tik-sún,桂竹筍
kuì-hue,桂花
thô,桃
thôr,桃
tô,桃
thô--á,桃仔
thô-á,桃仔
thôr-á,桃仔
thô-á-hn̂g,桃仔園
thô-á-huînn,桃仔園
thô-hn̂g,桃園
thô-hn̂g-khu,桃園區
thô-hn̂g-tshī,桃園市
thô-guân-khu,桃源區
thô-hue,桃花
kong,桄
guî,桅
uî,桅
khing,框
khong,框
jî,桇
jû,桇
lû,桇
uànn,案
àn,案
àn-kiānn,案件
àn-lē,案例
àn-nāi,案內
àn-tué,案底
àn-té,案底
àn-tsîng,案情
uànn-toh,案桌
àn-toh,案桌
àn-iû,案由
àn,桉
kuàn,桊
toh,桌
tok,桌
torh,桌
toh-á,桌仔
torh-á,桌仔
toh-thuah,桌屜
toh-khàm,桌崁
torh-khàm,桌崁
toh-kin,桌巾
toh-kun,桌巾
toh-pòo,桌布
tooh-pòo,桌布
torh-pòo,桌布
toh-uî,桌帷
toh-kuī,桌櫃
toh-kiû,桌球
toh-tà,桌罩
toh-tàu,桌罩
torh-tà,桌罩
torh-kuà,桌蓋
toh-kûn,桌裙
toh-kha,桌跤
toh-bīn,桌面
toh-tíng,桌頂
toh-thâu,桌頭
torh-thâu,桌頭
torh-kám,桌𥴊
koo,桍
tsik,桎
tsit,桎
kiông,桏
thâng,桐
tâng,桐
tông,桐
tâng-iû,桐油
song,桑
sng,桑
sáng,桑
sng-á-tshiū,桑仔樹
sng-tsâi,桑材
sng-tsâi-á,桑材仔
sng-tsâi-tshiǔ,桑材樹
sng-suî,桑椹
sng-suînn,桑椹
sng-suî-tshiū,桑椹樹
huân,桓
kiat,桔
kiat--á,桔仔
kiat-á,桔仔
kit-á,桔仔
kiat-á-tsiap,桔仔汁
kiat-á-piánn,桔仔餅
liú,桞
so,桫
sa,桬
pue,桮
thing,桯
kènn,桱
kìng,桱
kìnn,桱
kènn-á,桱仔
kìnn-á,桱仔
pu̍t,桲
hu,桴
hôo,桴
tháng,桶
thóng,桶
tháng-á,桶仔
tháng-kuānn,桶捾
tháng-kam,桶柑
tháng-puânn,桶盤
tháng-sún,桶筍
tháng-khoo,桶箍
tháng-kuà,桶蓋
kak,桷
kak--á,桷仔
kak-á,桷仔
kak-á-phêr,桷仔皮
hia,桸
lông,桹
tshik,桼
tship,桼
kun,桾
kuáinn,桿
kuánn,桿
kuínn,桿
kán,桿
sok,梀
tshiok,梀
niôo,梁
niû,梁
liâng,梁
liông,梁
niû-thiāu,梁柱
kiû,梂
thíng,梃
muî,梅
buê,梅
muâi,梅
muê,梅
m̂,梅
muâi-á,梅仔
muê-á,梅仔
m̂-á,梅仔
muê-á-khenn,梅仔坑
muî-á-khenn,梅仔坑
buê-á-tê,梅仔茶
muâi-á-tê,梅仔茶
muê-á-tê,梅仔茶
m̂-á-tê,梅仔茶
muâi-á-piánn,梅仔餅
muê-á-piánn,梅仔餅
m̂-á-piánn,梅仔餅
muî-san-hiong,梅山鄉
muâi-to̍k,梅毒
muê-to̍k,梅毒
muî-to̍k,梅毒
muî-tshng,梅瘡
muî-hue,梅花
pang,梆
tôo,梌
khok,梏
pē,梐
tsú,梓
tsú-kuann-khu,梓官區
ki,梔
tsi,梔
kú,梖
puè,梖
kénn,梗
kíng,梗
kínn,梗
hiān,梘
kián,梘
kíng-bué,梘尾
kíng-bé,梘尾
huān,梙
buán,梚
kiap,梜
liâu,條
tiâu,條
tiâu-kiānn,條件
tiâu-lē,條例
tiâu-bûn,條文
tiâu-khuán,條款
tiâu-khuánn,條款
tiâu-ti̍t,條直
tiâu-iok,條約
hiau,梟
hiau-hiông,梟雄
lū,梠
khuán,梡
sau,梢
sau-sau,梢梢
sau-siann,梢聲
tsîm,梣
hun,梤
bōng,梦
gôo,梧
ngôo,梧
ngôo-tông,梧桐
gôo-tshe-khu,梧棲區
lâi,梨
lê,梨
lâi--á,梨仔
lâi-á,梨仔
lâi-á-kue,梨仔瓜
lê-hn̂g-liâu,梨園寮
lî,梩
tōo,梪
tshím,梫
so,梭
soo,梭
kiok,梮
the,梯
thui,梯
the-tshù,梯次
hāi,械
khún,梱
thuat,梲
tsuat,梲
se,梳
soo,梳
sue,梳
se-tsng,梳妝
sue-tsng,梳妝
se-tsng-tánn-pān,梳妝打扮
sue-tsng-tánn-pān,梳妝打扮
se-thâu,梳頭
sue-thâu,梳頭
sere-thâu-tsang,梳頭鬃
iân,梴
huān,梵
huān-bûn,梵文
lê,棃
khì,棄
khì-sè,棄世
khì-hiâm,棄嫌
khì-khuân,棄權
khì-kuân,棄權
pìng,棅
tshong,棇
biân,棉
mî,棉
mî-á,棉仔
mî-á-ki,棉仔枝
mî-se,棉紗
mî-hue,棉花
mî-phuē,棉被
mî-hiû,棉裘
mî-tsioh,棉襀
mî-tsioh-phuē,棉襀被
mî-tsioh-phē,棉襀被
ki,棊
kî,棊
kî,棋
kî-jí,棋子
kî-lí,棋子
kî-puânn,棋盤
tshái,棌
kùn,棍
kùn-á,棍仔
siâm,棎
huí,棐
pâi,棑
pâi-á-thâu,棑仔頭
pāng,棒
pāng-kiû,棒球
pue,棓
puê,棓
kuat,棔
tsang,棕
tsong,棕
tsang-tshíng-á,棕筅仔
tsang-sui,棕蓑
tsang-lù-á,棕鑢仔
tiông,棖
tshîng,棖
tsó,棗
tsór,棗
tsó--á,棗仔
tsó-á,棗仔
tsór-á,棗仔
kik,棘
lia̍t,棙
phiânn,棚
pênn,棚
pîng,棚
pînn,棚
io̍k,棛
khún,棞
tàng,棟
tòng,棟
tang,棠
tông,棠
kong,棡
bóng,棢
tāi,棣
tē,棣
tī,棣
sik,棤
tshiok,棤
huân,棥
thing,棦
thîng,棦
tsàn,棧
tsān,棧
tsàn-king,棧間
khè,棨
hi̍k,棫
kuan,棬
sim,森
som,森
sam,森
sim-lîm,森林
jím,棯
liām,棯
tshuê,棰
tshê,棰
lîng,棱
se,棲
tshe,棲
thuat,棳
tsuat,棳
lāi,棶
tsoo,棷
tsoo,棸
tsāu,棹
kuan,棺
kuann,棺
kuan-bo̍k,棺木
kuann-tshâ,棺柴
kuann-tshâ-pún,棺柴本
kuann-tshâ-pang,棺柴枋
hun,棻
hun,棼
uán,椀
kok,椁
tsiap,椄
í,椅
í-á,椅仔
í-tiām-á,椅墊仔
í-toh,椅桌
í-liâu,椅條
í-tiâu,椅條
í-tsū,椅苴
í-kiō,椅轎
í-kiō-á,椅轎仔
í-kiōr-á,椅轎仔
í-thâu-á,椅頭仔
tiû,椆
kiok,椈
tsuī,椊
tsu̍t,椊
liông,椋
khong,椌
si̍k,植
si̍t,植
tì,植
ti̍t,植
si̍t-bu̍t,植物
ti̍t-bu̍t,植物
tsi̍t-bu̍t,植物
tsui,椎
thuî,椎
tuî,椎
ue,椏
ku,椐
pi,椑
tsiau,椒
tsio,椒
ti,椓
tok,椓
tsu,椔
tīng,椗
phòng,椪
phòng-kam,椪柑
iâ,椰
iâ-tsí,椰子
hui,椲
uí,椲
ue,椳
ká,椴
tuān,椴
hâm,椷
tsim,椹
thuân,椽
thun,椿
tshun,椿
í,楀
ú,楀
tsa,楂
pian,楄
piân,楄
pik,楅
kó,楇
su,楈
sú,楈
jio̍k,楉
iônn,楊
iûnn,楊
iâng,楊
iông,楊
tshiûnn,楊
iônn-tôr,楊桃
iûnn-thô,楊桃
iûnn-tô,楊桃
iûnn-tôr,楊桃
iônn-tôr-tsiap,楊桃汁
iûnn-thô-tsap,楊桃汁
iûnn-tô-tsap,楊桃汁
iûnn-tô-tsiap,楊桃汁
iûnn-tôr-tsiap,楊桃汁
iûnn-tô-thng,楊桃湯
iûnn-buê,楊梅
iûnn-muî,楊梅
iûnn-muî-khu,楊梅區
iûnn-muî-li̍k,楊梅壢
la̍t,楋
hui,楎
hûn,楎
su,楒
hong,楓
png,楓
puinn,楓
png-á,楓仔
png-á-tshiū,楓仔樹
png-á-hio̍h,楓仔葉
seh,楔
sereh,楔
siat,楔
sueh,楔
seh-āu-tshiú,楔後手
seh-tshiú-phāng,楔手縫
seh-khang,楔空
seh-phāng,楔縫
tsik,楖
kiān,楗
kāinn,楗
kān,楗
kīng,楗
kǐng,楗
kāinn--ê,楗个
kāinn-khang,楗空
kāinn-tsînn,楗錢
bo̍k,楘
bōo,楙
tshóo,楚
tshó,楚
hōo,楛
hôo,楜
ôo,楜
liān,楝
līng,楝
lǐng,楝
lîng,楞
gông,楞
tîng,楟
lâm,楠
lâm-á,楠仔
lâm-á-khe,楠仔坑
lâm-á-khenn,楠仔坑
lâm-tsú,楠梓
lâm-tsú-khu,楠梓區
lâm-se-khu,楠西區
iû,楢
bâi,楣
bî,楣
tshong,楤
huàn,楥
uân,楥
huàn,楦
hùn,楦
ing,楧
tsing,楨
piân,楩
piān,楩
ia̍p,楪
tship,楫
at,楬
khia̍t,楬
at-á,楬仔
gia̍p,業
gia̍p-tsú,業主
gia̍p-tsè,業債
gia̍p-bū,業務
gia̍p-bū-guân,業務員
gia̍p-bū-uân,業務員
gia̍p-miā,業命
gia̍p-kài,業界
gia̍p-siòng,業相
gia̍p-sîn,業神
gia̍p-tsik,業績
gia̍p-tsiá,業者
gia̍p-î,業餘
gia̍p-û,業餘
tsí,楮
tsú,楮
tóo,楮
tún,楯
muî,楳
m̂,楳
thè,楴
tè,楴
ki̍k,極
ki̍k-li̍k,極力
ki̍k-ke,極加
ki̍k-tōo,極度
ki̍k-tuan,極端
tsiat,楶
khái,楷
khái-bôo,楷模
tshiu,楸
ênn,楹
îng,楹
înn,楹
ênn-á,楹仔
înn-á,楹仔
jiú,楺
jiû,楺
lâu,楼
khài,概
kài,概
kài-tshioh,概尺
khài-liām,概念
kài-liām,概念
khài-hóng,概況
kài-hóng,概況
kài-lūn,概論
jiû,榆
jî,榆
jû,榆
liû,榆
lû,榆
ká,榎
tián,榐
bi̍t,榓
lông,榔
nn̂g,榔
iông,榕
siông,榕
tshîng,榕
tsîng,榕
siông-á,榕仔
tshîng-á,榕仔
tsîng-á,榕仔
tshîng-á-tshiū,榕仔樹
tsîng-tshiū,榕樹
kok,榖
tsiàn,榗
tsìn,榗
tsin,榛
póng,榜
pńg,榜
guân,榞
kà,榢
kia̍t,榤
hóng,榥
kàn,榦
huí,榧
tsà,榨
tsà-tshài,榨菜
mā,榪
sún,榫
sún-khang,榫空
sún-thâu,榫頭
siā,榭
îng,榮
îng-hīng,榮幸
îng-bîn,榮民
îng-iāu,榮耀
îng-huâ,榮華
îng-ū,榮譽
sî,榯
tsi,榰
sue,榱
tîng,榳
liû,榴
liû-liân,榴槤
kak,榷
khak,榷
thah,榻
thap,榻
khap,榼
kut,榾
khi,榿
kó,槁
sun,槂
phuân,槃
puân,槃
tho,槄
kik,槅
sûn,槆
lōo,槈
sok,槊
so̍k,槊
kiò,構
kòo,構
kòo-tôo,構圖
kòo-su,構思
kòo-sióng,構想
kòo-sîng,構成
kòo-tsō,構造
thuî,槌
thuî-á,槌仔
thuî-thuî,槌槌
tshiang,槍
tshiong,槍
tshionn,槍
tshiunn,槍
tsa,槎
khiám,槏
huâi,槐
kòng,槓
kǹg,槓
kǹg-á,槓仔
không-á-liâu,槓仔寮
oo,槔
tok,槕
tian,槙
tsin,槙
si̍p,槢
ki,槣
kì,槣
lián,槤
liân,槤
huī,槥
tsām,槧
kok,槨
khài,槩
hû,槫
sik,槭
tshiok,槭
sam,槮
sim,槮
iú,槱
ha̍k,槲
tsiáng,槳
tsióng,槳
tsiónn,槳
tsiúnn,槳
tsiúnn-á,槳仔
hōo,槴
huān,槵
giat,槷
gē,槸
khong-lông,槺榔
kui,槻
tsô,槽
tsôo,槽
tsôr,槽
tsô-thâu,槽頭
bān,槾
kín,槿
kīn,槿
tik,樀
tsiong,樁
tsong,樁
ga̍k,樂
lo̍k,樂
ngāu,樂
ga̍k-khì,樂器
lo̍k-hn̂g,樂園
ga̍k-thuân,樂團
ga̍k-tuânn,樂壇
lo̍k-thian-ti-bīng,樂天知命
ga̍k-tshiú,樂手
lo̍k-kuan,樂捐
lo̍k-thiòng,樂暢
ga̍k-khik,樂曲
lo̍k-lo̍k-khe,樂樂溪
ga̍k-kài,樂界
ga̍k-tsiong,樂章
lo̍k-kuan,樂觀
ga̍k-phóo,樂譜
lo̍k-tô,樂跎
ga̍k-bê,樂迷
ga̍k-tuī,樂隊
ga̍k-im,樂音
tîn,樄
tshiong,樅
lî,樆
huân,樊
hân,樊
thong,樋
luí,樏
lóo,樐
liâng,樑
liông,樑
niôo,樑
niû,樑
bi̍t,樒
lâu,樓
liô,樓
lôo,樓
lâu-á,樓仔
lâu-á-tshù,樓仔厝
lâu-bué-tíng,樓尾頂
lâu-bé-tíng,樓尾頂
lâu-tsàn,樓層
lâu-kông,樓栱
lâu-thui,樓梯
lâu-kha,樓跤
lâu-tíng,樓頂
tshau,樔
sok,樕
thu,樗
phiau,標
piau,標
pio,標
phiau-kè,標價
piau-kè,標價
phiau-bîng,標明
piau-bîng,標明
pio-huē-á,標會仔
pio-hē-á,標會仔
piau-pún,標本
phiau-tsún,標準
piau-tsún,標準
phiau-sī,標示
piau-sī,標示
phiau-tshiam,標籤
piau-tshiam,標籤
phiau-tì,標致
piau-tì,標致
phiau-kì,標記
piau-kì,標記
phiau-tsì,標誌
piau-tsì,標誌
phiau-gí,標語
phiau-gú,標語
piau-gí,標語
piau-gú,標語
phiau-thâu,標頭
piau-thâu,標頭
pio-thâu,標頭
phiau-tuê,標題
phiau-tê,標題
piau-tuê,標題
piau-tê,標題
phiau-tiám,標點
piau-tiám,標點
lo̍k,樚
khiu,樛
tsià,樜
tsa,樝
tshu,樞
tsiang,樟
tsiong,樟
tsionn,樟
tsiunn,樟
tsionn-á,樟仔
tsiunn-á,樟仔
tsiunn-á-tshiū,樟仔樹
tsiunn-ló,樟腦
tsiunn-ló-uân,樟腦丸
tsiunn-ló-liâu,樟腦寮
tsiunn-nóo-liâu,樟腦寮
buân,樠
bûn,樠
miâ,樠
bôo,模
bôo-hóng,模仿
bôo-hîng,模型
bôo-sik,模式
bôo-gí,模擬
bôo-iūnn,模樣
bôo-huān,模範
bôo-tsoo,模組
oo,樢
iāng,樣
iōng,樣
iōnn,樣
iūnn,樣
iǔnn,樣
iūnn-sik,樣式
se,樨
huâinn,横
huînn,横
hîng,横
jī,樲
ti̍k,樲
tsiâu,樵
tshông,樷
phok,樸
phoh,樸
phoh-si̍t,樸實
tshiū,樹
sī,樹
sū,樹
tshiūnn,樹
tshiū-á,樹仔
tshiū-lin,樹奶
tshiū-ling,樹奶
tshiū-ni,樹奶
tshiū-ni-king-á,樹奶弓仔
tshiū-lin-tshit-á,樹奶拭仔
tshiū-ling-tshit-á,樹奶拭仔
tshiū-ni-tshit-á,樹奶拭仔
tshiū-ling-phia̍k-á,樹奶擗仔
tshiū-lin-sok-á,樹奶束仔
tshiū-ling-sok-á,樹奶束仔
tshiū-ni-sok-á,樹奶束仔
tshiū-lin-thn̂g,樹奶糖
tshiū-ling-thn̂g,樹奶糖
tshiū-ni-thn̂g,樹奶糖
tshiū-tsí,樹子
tshiū-bué,樹尾
tshiū-bé,樹尾
tshiū-iánn,樹影
tshiū-tik ka-siong,樹德家商
tshiū-ba̍k,樹木
tshiū-bo̍k,樹木
tshiū-kí-nâ,樹杞林
tshiū-nâ,樹林
tshiū-nâ-khu,樹林區
tshiū-nâ-kháu,樹林口
tshiū-ki,樹枝
tshiǔ-ki,樹枝
tshiū-kin,樹根
tshiū-kirn,樹根
tshiū-kun,樹根
tshiǔ-kun,樹根
tshiū-tsai,樹栽
tshiū-m̂,樹梅
tshiū-ue,樹椏
tshiū-uāinn,樹椏
tshiū-khoo,樹箍
tshiū-le,樹絡
tshiū-hio̍h,樹葉
tshiū-ńg,樹蔭
tshiǔ-ńg,樹蔭
tshiū-tsî,樹薯
tshiū-tsû,樹薯
tshiū-tāu,樹豆
tshiū-niau,樹貓
tshiū-sin,樹身
tshiū-thâu,樹頭
huâ,樺
huā,樺
kuī,樻
tsun,樽
ua̍t,樾
siān,樿
tsiàn,樿
tīng,橂
hua̍t,橃
kan,橄
kann,橄
kám,橄
kan-ná,橄欖
kann-ná,橄欖
bôo,橅
bú,橆
bû,橆
khiau,橇
jiâu,橈
lāu,橈
lín,橉
līn,橉
liû,橊
kiô,橋
kiâu,橋
kiô-á-thâu,橋仔頭
kiô-hô,橋和
kiô-tun,橋墩
kiô-kha,橋跤
kiô-tíng,橋頂
kiô-thâu,橋頭
kiô-thâu-khu,橋頭區
kiô-thâu hué-tshia-tsām,橋頭火車站
kiô-thâu thn̂g-tshiúnn,橋頭糖廠
huân,橎
thok,橐
lak,橐
lok,橐
lop,橐
lak-á,橐仔
lok-á,橐仔
lak-tē-á,橐袋仔
lak-tēr-á,橐袋仔
liâu,橑
ló,橑
tun,橔
tuê,橔
tîng,橕
tông,橖
bîng,橗
kiat,橘
kiok,橘
tshiâng,橙
tshîng,橙
tìng,橙
tîng,橙
siau,橚
siok,橚
khuat,橛
kua̍t,橛
kue̍h,橛
khuat,橜
kuat,橜
thâm,橝
tâm,橝
huī,橞
ki,機
kui,機
ki-tsè,機制
ki-tōng,機動
ke-khì,機器
ki-khì,機器
ke-khì-lâng,機器人
ki-khì-lâng,機器人
ke-khì-tháng,機器桶
ki-hì-tháng,機器桶
ki-khì-tháng,機器桶
ki-hîng,機型
ki-tiûnn,機場
ki-tiûnn lí-kuán,機場旅館
ki-bi̍t,機密
ki-su,機師
ki-pâng,機房
ki-huē,機會
ki-hâi,機械
ki-hāi,機械
ki-kài,機械
ki-kòo,機構
ki-iû,機油
ki-lu̍t,機率
ki-phiò,機票
ki-tsióng,機種
ki-iân,機緣
ki-lîng,機能
ki-sin,機身
ki-tshia,機車
ki-tiúnn,機長
ki-kuan,機關
ki-kuan-tshìng,機關銃
ki-tiān,機電
siōng,橡
thò,橢
thó,橢
tông,橦
tsing,橧
ian,橪
jián,橪
huâinn,橫
huînn,橫
hîng,橫
huênn,橫
huâinn-hiòng,橫向
huînn-hiòng,橫向
huâinn-suann,橫山
huâinn-suann-hiong,橫山鄉
huâinn-ke̍h,橫扴
huînn-ke̍h,橫扴
huâinn-hiân,橫痃
huâinn-ti̍t,橫直
huînn-ti̍t,橫直
huâinn-tsâi,橫財
huînn-tsâi,橫財
hîng-gi̍k,橫逆
huâinn-pà-pà,橫霸霸
huînn-pà-pà,橫霸霸
kan,橺
kán,橺
kiong,橿
thiânn,檀
tuânn,檀
tân,檀
lím,檁
hi̍k,檄
tshing,檉
kiok,檋
ik,檍
khîm,檎
iân,檐
liâm,檐
tàm,檐
luî,檑
hong,檒
tòng,檔
tóng,檔
tòng-miâ,檔名
tóng-miâ,檔名
tòng-kî,檔期
tóng-kî,檔期
tòng-àn,檔案
tóng-àn,檔案
hē,檕
ke,檕
suī,檖
phik,檗
tshua,檛
kuè,檜
ká,檟
kîng,檠
kiânn,檠
kiám,檢
kiám-tīng,檢定
kiám-tshat-kuann,檢察官
kiám-hong,檢方
kiám-tsa,檢查
kiám-tshik,檢測
kiám-i̍k,檢疫
kiám-sik,檢索
kiám-kí,檢舉
kiám-kú,檢舉
kiám-sī,檢視
kiám-thó,檢討
kiám-tiāu,檢調
kiám-kìng,檢警
kiám-kíng,檢警
kiám-tshái,檢采
kiám-giām,檢驗
kiám-tiám,檢點
tshiông,檣
gí,檥
suāinn,檨
suāinn--á,檨仔
suāinn-á,檨仔
suān--á,檨仔
suǎinn-á,檨仔
suāinn-á-tshenn,檨仔青
suāinn-á-tshinn,檨仔青
tshat,檫
tshat-á,檫仔
bông,檬
bóng,檬
tó,檮
tô,檮
tâi,檯
tâi-bīn,檯面
pin,檳
pin-nn̂g,檳榔
pun-nn̂g,檳榔
hok,檴
hōo,檴
lê,檸
líng,檸
lîng,檸
lê-bóng,檸檬
hô,檺
kó,檺
lām,檻
ìn,檼
juán,檽
lōo,檽
khíng,檾
iàm,檿
iám,檿
bi̍t,櫁
tsāu,櫂
kuī,櫃
kuī-tâi,櫃台
tse,櫅
tsê,櫅
phó,櫇
pô,櫇
tìng,櫈
biân,櫋
iu,櫌
hóng,櫎
tshian,櫏
luí,櫑
luî,櫑
lóo,櫓
huī,櫘
lû,櫚
tsiat,櫛
to̍k,櫝
iân,櫞
li̍k,櫟
lo̍k,櫟
tsiok,櫡
tū,櫡
tû,櫥
tû-á,櫥仔
tû-thuah,櫥屜
tû-thang,櫥窗
tsu,櫧
lôo,櫨
li̍k,櫪
kuàn,櫬
tshàn,櫬
tshìn,櫬
soo,櫯
gia̍t,櫱
lông,櫳
lang,櫳
lông-á,櫳仔
lông-á-lāi,櫳仔內
lang-lang,櫳櫳
kú,櫸
lîng,櫺
ing,櫻
ing-thô,櫻桃
ing-hue,櫻花
tsiam,櫼
tsinn,櫼
siong,欀
phok,欂
po̍k,欂
tsham,欃
tshâm,欃
lân,欄
nuâ,欄
lân-uī,欄位
nuâ-uī,欄位
lân-kan,欄杆
liap,欇
tsâng,欉
tsōng,欉
khuân,權
kuân,權
khuân-lī,權利
kuân-lī,權利
khuân-li̍k,權力
kuân-li̍k,權力
khuân-sè,權勢
kuân-sè,權勢
khuân-ui,權威
kuân-ui,權威
khuân-ik,權益
kuân-ik,權益
khuân-hān,權限
kuân-hān,權限
kû,欋
lô,欏
lē,欐
tsuàn,欑
luân,欒
tòng,欓
khok,欔
lám,欖
ná,欖
lám-jîn,欖仁
lám-lîn,欖仁
lám-jîn-tshiū,欖仁樹
lám-lîn-tshiū,欖仁樹
pà,欛
lîng,欞
khiàm,欠
khiàm-tsè,欠債
khiàm-an,欠安
khiàm-kì,欠據
khiàm-kù,欠據
khiàm-siàu,欠數
khiàm-iōng,欠用
khiàm-īng,欠用
khiàm-kheh,欠缺
khiàm-khuat,欠缺
khiàm-khueh,欠缺
khiàm-hueh,欠血
khiàm-huih,欠血
khiàm-tiám,欠點
tshù,次
tshìr,次
tshù-sū,次序
tshù-iàu,次要
tshù-tiúnn,次長
him,欣
him-siān,欣羨
him-sióng,欣賞
hu,欨
khài,欬
in,欭
khuat,欮
kuat,欮
khiat,欯
ha̍p,欱
hop,欱
hâm,欱
hap,欱
beh,欲
berh,欲
boh,欲
bueh,欲
io̍k,欲
beh-nî,欲呢
bueh-nî,欲呢
beh-khàu-beh-thî,欲哭欲啼
bueh-khàu-bueh-thî,欲哭欲啼
beh-khàu-beh-nih,欲哭欲𥍉
bueh-khàu-bueh-nih,欲哭欲𥍉
beh-tàu-á,欲晝仔
bueh-tàu-á,欲晝仔
beh-àm--á,欲暗仔
beh-àm-á,欲暗仔
berh-àm--á,欲暗仔
bueh-àm-á,欲暗仔
beh àm--ah,欲暗矣
berh-àm--ah,欲暗矣
io̍k-bōng,欲望
beh-sí,欲死
bueh-sí,欲死
beh-sí-beh-ua̍h,欲死欲活
bueh-sí-bueh-ua̍h,欲死欲活
beh-sí-tōng-hàinn,欲死盪幌
bueh-sí-tōng-hàinn,欲死盪幌
beh-tsai,欲知
bueh-tsai,欲知
khuán,欵
sok,欶
suh,欶
suh lin,欶奶
suh ling,欶奶
suh ni,欶奶
suh tsuí,欶水
suh-kóng,欶管
hi,欷
ái,欸
eh,欸
khi,欹
khia,欹
khia-khang,欹空
khi,欺
khi-muâ,欺瞞
khi-hū,欺負
khi-pîn-tiōng-hù,欺貧重富
khi-phiàn,欺騙
hut,欻
tshí,欼
khim,欽
khuán,款
khuánn,款
khuán-sè,款勢
khuán-sì,款勢
khuán-khǹg,款勸
khuán-sik,款式
khuán-thāi,款待
khuán-tsè,款製
hám,欿
kham,欿
khám,欿
tham,欿
kham,歁
khám,歁
khám-khám,歁歁
khám--ê,歁的
khám-uē,歁話
khám-thâu-khám-bīn,歁頭歁面
tshuan,歂
tshap,歃
him,歆
hat,歇
heh,歇
hennh,歇
hiat,歇
hioh,歇
hiorh,歇
hioh-kà,歇假
hioh-ká,歇假
hioh-tang,歇冬
hioh-tshuán,歇喘
hioh-kuânn,歇寒
hioh-kang,歇工
hioh-tàu,歇晝
hioh-àm,歇暗
hioh-mê,歇暝
hioh-mî,歇暝
heh-liâng,歇涼
hennh-liâng,歇涼
hioh-liâng,歇涼
hioh-jua̍h,歇熱
hioh-lua̍h,歇熱
heh-khùn,歇睏
hennh-khùn,歇睏
hioh-khùn,歇睏
hiorh-khùn,歇睏
heh-khùn-ji̍t,歇睏日
hennh-khùn-ji̍t,歇睏日
hioh-khùn-ji̍t,歇睏日
hioh-khùn-li̍t,歇睏日
heh-khùn-sî-á,歇睏時仔
hennh-khùn-sî-á,歇睏時仔
hioh-khùn-sî-á,歇睏時仔
jû,歈
khiàm,歉
khiám,歉
khiam,歉
hiau,歊
ko,歌
koo,歌
kua,歌
kua-á,歌仔
kua-á-sian,歌仔先
kua-á-tsheh,歌仔冊
kua-á-hì,歌仔戲
kuai-á-hì,歌仔戲
kua-á-phōo,歌仔簿
kua-kio̍k,歌劇
kua-ki̍k,歌劇
kua-tuânn,歌壇
kua-thiann,歌廳
kua-tshiú,歌手
kua-tshenn,歌星
kua-tshinn,歌星
kua-khik,歌曲
kua-siann,歌聲
kua-bú,歌舞
kua-bú-thuân,歌舞團
kua-sû,歌詞
kua-si,歌詩
kua-iâu,歌謠
kua-bê,歌迷
oo,歍
thàn,歎
au,歐
io,歐
oo,歐
au-sik,歐式
au-lí,歐李
au-bîng,歐盟
au-iâng,歐陽
au-iông,歐陽
hoo,歑
hu,歔
phun,歕
pûn,歕
pûn-tā-pi-á,歕咑觱仔
pûn-tshuì-pi,歕喙觱
pûn-hué,歕火
pûn-hé,歕火
pûn pi-á,歕觱仔
pûn-pi--á,歕觱仔
pûn-pi-á,歕觱仔
pûn-pi-pi-á,歕觱觱仔
pûn kue-kui,歕雞胿
pûn-ke-kui,歕雞胿
pûn-kere-kui,歕雞胿
pûn-kue-kui,歕雞胿
pûn ke-kui-á,歕雞胿仔
pûn kere-kui-á,歕雞胿仔
pûn kue-kui-á,歕雞胿仔
pûn-hong,歕風
hi,歖
hí,歖
hut,歘
hip,歙
hâm,歛
tshiok,歜
tsiok,歜
tshuat,歠
huan,歡
huann,歡
huan-hoo,歡呼
huann-hí,歡喜
huan-lo̍k,歡樂
huann-huann-hí-hí,歡歡喜喜
huan-gîng,歡迎
huan-sàng,歡送
huann-thâu-hí-bīn,歡頭喜面
tsí,止
tsí tshuì-ta,止喙焦
tsí-sàu,止嗽
tsí-iau,止枵
tsí-khuah,止渴
tsí-thiànn,止疼
tsí-hueh,止血
tsí-huih,止血
tsí-ki,止飢
tsiànn,正
tsìng,正
tsiann,正
tsiànn-tiong-tàu,正中晝
tsìng-bîng,正名
tsiànn-tsong,正宗
tsìng-siông,正常
tsìng-sik,正式
tsiànn-tshiú,正手
tsiànn-tshiú-pîng,正手爿
tsiànn-sī,正是
tsiann--ge̍h,正月
tsiann--gue̍h,正月
tsiann-ge̍h,正月
tsiann-gue̍h,正月
tsiann-ge̍h-tsiann-sî,正月正時
tsiann-gue̍h-tsiann-sî,正月正時
tsiànn-pún,正本
tsìng-phài,正派
tsiànn-káng,正港
tsiànn-pîn,正爿
tsiànn-pîng,正爿
tsiànn-pâi,正牌
tsiànn-huan-kang,正番公
tsìng-tong,正當
tsiànn-tong-sî,正當時
tsìng-khak,正確
tsiànn-pān,正範
tsiànn-thóng,正統
tsìng-thóng,正統
tsìng-king,正經
tsìng-gī,正義
tsiànn-tio̍h-sî,正著時
tsìng-sī,正視
tsiànn-lōo,正路
tsiànn-sin,正身
tsiànn-sin hōo-lîng,正身護龍
tsiànn-tôo,正途
tsìng-tôo,正途
tsiànn-mn̂g,正門
tsiànn-bīn,正面
tsiànn-im,正音
tsiànn-tǹg,正頓
tsiànn-khí,正齒
tshú,此
tsiùnn-tiong-tàu,此中晝
tshú-guā,此外
tsiùnn-tsái-khí,此早起
tshú-sî,此時
tsiùnn-mî-hng,此暝昏
pōo,步
pǒo,步
pōo-ji̍p,步入
pōo-li̍p,步入
pōo-sòo,步數
pōo-tiāu,步調
pōo-lián,步輦
pōo-tō,步道
pōo-pîn,步頻
bú,武
bú-kiap,武俠
bú-li̍k,武力
bú-kong,武功
bú-khì,武器
bú-thah,武塔
bú-sū,武士
bú-sū-nâ,武士林
bú-tsiòng,武將
bú-tshī,武市
bú-lîm,武林
bú-lok-khe,武洛溪
bú-lo̍k-khe,武洛溪
bú-liu-uan,武溜灣
bú-sing,武生
bú-sìng-biō,武聖廟
bú-gē,武藝
bú-su̍t,武術
bú-tsong,武裝
bú-tshia,武車
kî,歧
kî-sī,歧視
uai,歪
uai-ko,歪哥
uai-kor,歪哥
uai-tshuì,歪喙
uai-tshua̍h,歪斜
uai-ko-tshi̍h-tshua̍h,歪膏揤斜
tsióng,歱
huè,歲
hè,歲
suè,歲
hèr,歲
huè-siū,歲壽
hè-siū,歲壽
huè-sòo,歲數
hè-sòo,歲數
suè-gua̍t,歲月
huè-siann,歲聲
hè-siann,歲聲
huè-thâu,歲頭
hè-thâu,歲頭
li̍k,歷
li̍k-tāi,歷代
li̍k-lâi,歷來
li̍k-sú,歷史
li̍k-sú phok-bu̍t-kuán,歷史博物館
li̍k-liān,歷練
ka,歸
kui,歸
kui-jîn-khu,歸仁區
kui-lâi,歸來
kui-bué,歸尾
kui-bé,歸尾
kui-sio̍k,歸屬
kui-la̍p,歸納
kui-luī,歸類
phái,歹
tái,歹
pháinn,歹
phái-sū,歹事
pháinn-sū,歹事
pháinn-lâng,歹人
pháinn-tāi,歹代
phái tāi-tsì,歹代誌
pháinn tāi-tsì,歹代誌
phái-kè,歹價
pháinn-kè,歹價
pháinn-thì-thâu,歹剃頭
phái-sè,歹勢
pháinn-sè,歹勢
phái--khì,歹去
pháinn--khì,歹去
phái-kiat-tiāu,歹吉兆
pháinn-kiat-tiāu,歹吉兆
pháinn-miā,歹命
phái miā-lâng,歹命人
pháinn-miā-lâng,歹命人
pháinn-tshuì,歹喙
pháinn-tshuì-táu,歹喙斗
pháinn-kiánn,歹囝
phái-kiánn-tsìng,歹囝症
pháinn-kiánn-tsìng,歹囝症
pháinn-thinn,歹天
pháinn-nî-tang,歹年冬
phái-tshái-thâu,歹彩頭
pháinn-tshái-thâu,歹彩頭
pháinn-tôo,歹徒
tái-tôo,歹徒
pháinn-sim,歹心
pháinn-sìng-tuē,歹性地
pháinn-sìng-tē,歹性地
pháinn-ì,歹意
pháinn-tshiú-jiáu,歹手爪
pháinn-tshiú-niáu,歹手爪
pháinn-liú-la̍k,歹扭搦
phái-liāu,歹料
pháinn-liāu,歹料
phái-li̍t,歹日
pháinn-ji̍t,歹日
phái-tshenn,歹星
phái-tshinn,歹星
pháinn-tshenn,歹星
pháinn-tshinn,歹星
pháinn-khuán,歹款
pháinn-sí,歹死
phái siau-sit,歹消息
pháinn siau-sit,歹消息
pháinn-mi̍h,歹物
pháinn-mn̍gh,歹物
pháinn-mih-á,歹物仔
phái-káu,歹狗
pháinn-káu,歹狗
pháinn-tsìng-thâu,歹症頭
pháinn-phiah,歹癖
pháinn-khuànn,歹看
pháinn-khuànn-siùnn,歹看相
phái-khuànn-bīn,歹看面
pháinn-khuànn-bīn,歹看面
pháinn-khùn,歹睏
pháinn-tsik-tik,歹積德
pháinn-khang,歹空
phái-pháng,歹紡
pháinn-pháng,歹紡
pháinn-siann-sàu,歹聲嗽
pháinn-thiann,歹聽
pháinn-io-tshī,歹育飼
pháinn-bak-tóo,歹腹肚
pháinn-bat-tóo,歹腹肚
pháinn-pak-tóo,歹腹肚
pháinn-tshìng-tshìng,歹衝衝
pháinn-uē,歹話
pháinn-kóng,歹講
pháinn-lōo,歹路
pháinn-ūn,歹運
phái-kè,歹過
pháinn-kuè,歹過
pháinn kuè-ji̍t,歹過日
pháinn kè-li̍t,歹過日
phái-tâng-kū-siah,歹銅舊錫
pháinn-tâng-kū-siah,歹銅舊錫
phái-bīn,歹面
pháinn-bīn,歹面
phái-bīn-sio-khuànn,歹面相看
pháinn-bīn-sio-khuànn,歹面相看
pháinn bīn-tshiunn,歹面腔
phái-thâu-tshái,歹頭彩
pháinn-thâu-tshái,歹頭彩
pháinn-tsia̍h,歹食
pháinn-kuí-bú tshuā-thâu,歹鬼母𤆬頭
pháinn-kuí-kuí,歹鬼鬼
phái-kuí-tshuā-thâu,歹鬼𤆬頭
pháinn-kuí-tshuā-thâu,歹鬼𤆬頭
pháinn-tshuā-thâu,歹𤆬頭
sí,死
sú,死
sí-bông,死亡
sí-lâng,死人
sí-lâng-khuán,死人款
sí-lâng-bīn,死人面
sí-siong,死傷
sí-hîng,死刑
sí--khì,死去
sí--khìr,死去
sí--khù,死去
sí-tshuì,死喙
sí-in,死因
sí-gín-á,死囡仔
sí-gín-á-the,死囡仔䖙
sí-gín-á-thenn,死囡仔䖙
sí-gín-á-póo,死囡仔脯
sí-tsē-ua̍h-tsia̍h,死坐活食
sí-hó,死好
sí-sim,死心
sí-tiong,死忠
sí-sìng,死性
sí-huē,死會
sí-hē,死會
sí-pán,死板
sí-giān-giān,死殗殗
sí-m̄-tshē-jīn,死毋坐認
sí-m̄-tshē-līn,死毋坐認
sí-tsuí,死水
sí-tsuânn,死泉
sí-ua̍h,死活
sí-hái,死海
sí-bô-lâng,死無人
sí-tsìng,死症
sí-ba̍k,死目
sí-sîn,死神
sí-khut-á-tsuí,死窟仔水
sí-kat,死結
sí-tse̍h,死絕
sí-tsuē,死罪
sí-tsiá,死者
sí-bah,死肉
sí-kak,死角
sí-kuat,死訣
sí-tsènn,死諍
sí-tsìnn,死諍
sí-ti-á-kè,死豬仔價
sí-tu-á-kè,死豬仔價
sí-luā--lâng,死賴人
sí-sô,死趖
sí-lōo,死路
sí-lōo-pông,死路旁
sí-tsînn,死錢
sí-thé,死體
sí-kiâm,死鹹
bu̍t,歾
bún,歾
bu̍t,歿
iáu,殀
tsoo,殂
iang,殃
iong,殃
thián,殄
tsín,殄
tāi,殆
sûn,殉
sîr,殊
sû,殊
piáu,殍
īnn,殔
phú,殕
phú-phú,殕殕
phú--ê,殕的
phú-sik,殕色
si̍k,殖
si̍t,殖
si̍t-bîn,殖民
si̍t-bîn-tsiá,殖民者
giān,殗
tshân,殘
tsuânn,殘
tsân,殘
tsân-jím,殘忍
tsân-lím,殘忍
tshân-tshân,殘殘
tsân-liû,殘留
tsân-khok,殘酷
tsân-tsiòng,殘障
tsân-hâi,殘骸
būn,殙
hun,殙
kik,殛
un,殟
ut,殟
kīn,殣
siong,殤
huē,殨
tan,殫
tshián,殫
khiong,殭
kiang,殭
kiong,殭
khiong-si,殭屍
kiong-si,殭屍
liām,殮
pin,殯
pìn,殯
pin-gî-kuán,殯儀館
to̍k,殰
siam,殲
tshiam,殲
sû,殳
bu̍t,殳
tuān,段
tuānn,段
tuānn-lo̍h,段落
in,殷
un,殷
ûn,殷
sat,殺
sat-jîn,殺人
sat-lîn,殺人
sat-hāi,殺害
sat-tshiú,殺手
sat-khì,殺氣
sat-sing,殺生
khak,殼
khok,殼
khak-á-hiân,殼仔絃
ngâu,殽
tiān,殿
huí,毀
huí-bia̍t,毀滅
khak,毃
khau,毃
khok,毃
hē,毄
kik,毄
gē,毅
gī,毅
ió,毆
oó,毆
khu,毆
áu,毆
óo,毆
bû,毋
bôo,毋
bú,毋
m̄,毋
m̄-niā,毋但
m̄-nā,毋但
m̄-ta̍t,毋值
m̄-bián,毋免
m̄-tsún,毋准
m̄ hó,毋好
m̄ hó-sè,毋好勢
m̄-tiō,毋就
m̄-tō,毋就
m̄-tsîng-guān,毋情願
m̄-tsiânn,毋成
m̄-tsiânn-lâng,毋成人
m̄-tsiânn-kiánn,毋成囝
m̄-tsiânn-gín-á,毋成囡仔
m̄-tsiânn-iūnn,毋成樣
m̄-tsiânn-khuán,毋成款
m̄-tsiânn-mi̍h,毋成物
m̄-tsiânn-mn̍gh,毋成物
m̄-tsiânn-kâu,毋成猴
m̄-tsiah,毋才
m̄-tú-hó,毋拄好
m̄-ti̍h,毋挃
m̄-ti̍nnh,毋挃
m̄ bat,毋捌
m̄ pat,毋捌
m̄ kánn,毋敢
m̄ sī,毋是
m̄-sī,毋是
m̄-sǐ,毋是
m̄-tsī,毋是
m̄-sī-sè,毋是勢
m̄-sī-khuán,毋是款
m̄-kam,毋甘
m̄-kam hiâm,毋甘嫌
m̄ kam-guān,毋甘願
m̄ tsai,毋知
m̄-tsai-lâng,毋知人
m̄ tsai-iánn,毋知影
m̄-tsai-sí,毋知死
m̄-kuán,毋管
m̄-tio̍h,毋著
m̄-thang,毋通
m̄-koh,毋過
m̄-kò,毋過
m̄-kù,毋過
m̄-guān,毋願
m̄ kiann,毋驚
bió,母
bóo,母
biór,母
bó,母
bú,母
bó--á,母仔
bú--á,母仔
bó-á-kiánn,母仔囝
bú-á-kiánn,母仔囝
bó-kiánn-í,母囝椅
bú-kiánn-í,母囝椅
bú-kánn-í,母囝椅
bó-kīm,母妗
bú-kīm,母妗
bú-hîng,母形
bú-hāu,母校
bó--ê,母的
bú--ê,母的
bó-kū,母舅
bú-kū,母舅
bó-kū-kong,母舅公
bú-kū-kong,母舅公
bió-tshin,母親
bóo-tshin,母親
bú-tshin,母親
bó-gí,母語
bó-gú,母語
bú-gí,母語
bú-gú,母語
bó-sin,母身
bú-sin,母身
bó-kim,母金
bú-kim,母金
bó-tsînn,母錢
bú-tsînn,母錢
bó-im,母音
bú-im,母音
bó-thé,母體
bú-thé,母體
muí,每
muí-nî,每年
muí-ji̍t,每日
muí-li̍t,每日
ai,毐
ái,毐
tsiá,毑
to̍k,毒
thāu,毒
thǎu,毒
to̍k-phín,毒品
to̍k-hāi,毒害
ta̍k-sim,毒心
to̍k-sìng,毒性
to̍k-tshiú,毒手
to̍k-khì,毒氣
to̍k-sòo,毒素
to̍k-io̍h,毒藥
to̍k-kè,毒計
io̍k,毓
pí,比
pí-phīng,比並
pí-lē,比例
phí-jū,比喻
phí-lū,比喻
pí-jū,比喻
pí-lū,比喻
pí-ka,比嘉
pí-jû,比如
pí-lû,比如
pí-tuì,比對
pí-tshiú-uē-to,比手畫刀
pí-sòo,比數
pí-bú,比武
pí-tsiàu,比照
pí-lu̍t,比率
pí-lūn,比論
pí-sài,比賽
pí-kha-pí-tshiú,比跤比手
pí-kha-uē-tshiú,比跤畫手
pí-kàu,比較
pí-tāng,比重
pì,毖
pî,毗
pî,毘
tshâm,毚
môo,毛
mn̂g,毛
moo,毛
môo-lī,毛利
môo-lī-lu̍t,毛利率
môo-honn,毛呼
mn̂g-bué-á,毛尾仔
mn̂g-bé-á,毛尾仔
môo-liāu,毛料
môo-thán,毛毯
môo-pēnn,毛病
môo-pīnn,毛病
môo-pit,毛筆
mn̂g-kńg,毛管
môo-kńg,毛管
mn̂g-sui,毛繐
moo-sui,毛繐
môo-sui,毛繐
mn̂g-gerē,毛蟹
mn̂g-huē,毛蟹
mn̂g-huě,毛蟹
moo-heh,毛蟹
moo-hē,毛蟹
môo-huē,毛蟹
môo-hē,毛蟹
mn̂g-kha,毛跤
tsian,毡
bo̍k,毣
thuè,毤
thò,毤
jī,毦
jiông,毧
sián,毨
hô,毫
hôo,毫
hô-khik,毫克
hô-bí,毫米
kiû,毬
thám,毯
thán,毯
thán-á,毯仔
puê,毰
kiok,毱
tshuì,毳
su,毸
jû,毹
jû,毺
thò,毻
at,毼
kiàn,毽
kiàn-tsí,毽子
thap,毾
sam,毿
sàm,毿
lî,氂
tông,氃
jiông,氄
tshióng,氅
póng,氆
tsian,氈
tsinn,氈
tsian,氊
lóo,氌
lô,氌
kû,氍
sī,氏
te,氐
tí,氐
bîn,民
bîn-tsú,民主
bîn-sū,民事
bîn-tāi,民代
bîn-sio̍k,民俗
bîn-kok,民國
bîn-tsòng-uî,民壯圍
bîn-sim,民心
bîn-uàn,民怨
bîn-ì,民意
bîn-tsìng-kio̍k,民政局
bîn-tso̍k,民族
bîn-kuân-se-lōo,民權西路
bîn-kua,民歌
bîn-huat,民法
bîn-îng,民營
bîn-îng-huà,民營化
bîn-sing,民生
bîn-tsiòng,民眾
bîn-hâng,民航
bîn-hâng-kio̍k,民航局
bîn-tiàu,民調
bîn-tiāu,民調
bîn-iâu,民謠
bîn-suán,民選
bîn-kan,民間
bîn-hiông,民雄
bîn-hiông-hiong,民雄鄉
bîn,氓
khit,气
khì,气
hun,氛
iông,氜
khuì,氣
khì,氣
khì-hāu,氣候
khuì-la̍t,氣力
khì-kong,氣功
khì-sè,氣勢
khuì-kháu,氣口
khì-bī,氣味
khì-bǐ,氣味
khì-ap,氣壓
khì-phut-phut,氣怫怫
khì-tshuah-tshuah,氣掣掣
khì-sòo,氣數
khì-thiòng-lún,氣暢忍
khì-khài,氣概
khì-hun,氣氛
khì-phài,氣派
khì-liû,氣流
khì-un,氣溫
khì-kńg,氣管
khuì-si-á,氣絲仔
khì-sik,氣色
khì-siōng,氣象
khì-tsit,氣質
khì-sin-lóo-miā,氣身惱命
khì-ūn,氣運
khì-thé,氣體
khì-phik,氣魄
in,氤
ióng,氧
ióng-huà,氧化
un,氳
tsuí,水
suí,水
tsuí-siāng,水上
tsuí-siōng,水上
tsuí-siāng-hiong,水上鄉
tsuí-siōng-hiong,水上鄉
tsuí-tsénn,水井
tsuí-tsínn,水井
tsuí-sian,水仙
tsuí-sian-kiong,水仙宮
tsuí-hūn,水份
tsuí-uī,水位
tsuí-lī,水利
tsuí-thóo,水土
tsuí-tsùn,水圳
tsuí-káu,水垢
tsuí-hi̍k,水域
tsuí-i̍k,水域
tsuí-khut-thâu,水堀頭
tsuí-thah,水塔
tsuí-ba̍k,水墨
tsuí-ap,水壓
tsuí-an-kiong,水安宮
tsuí-tshioh,水尺
tsuí-bué,水尾
tsuí-bé,水尾
tsuí-pang-suann,水崩山
tsuí-phè,水帕
tsuí-pênn,水平
tsuí-pîng,水平
tsuí-pînn,水平
tsuí-tshn̂g,水床
tsuí-té,水底
tsuí-khòo,水庫
tsuí-tshái,水彩
tsuí-siú,水手
tsuí-tshiú,水手
tsuí-thiu-á,水抽仔
tsuí-hia̍p-á,水拹仔
tsuí-tsinn,水晶
tsuí-nâ-hiong,水林鄉
tsuí-kó,水果
tsuí-kór,水果
tsuí-khī,水柿
tsuí-tháng,水桶
tsuí-lâi-á,水梨仔
tsuí-tsô,水槽
tsuí-kuī,水櫃
tsuí-bó,水母
tsuí-bú,水母
tsuí-khì,水氣
tsuí-tî,水池
tsuí-tshiâng,水沖
tsuí-iû,水油
tsuí-tsuânn,水泉
tsuí-iann,水泱
tsuí-khó,水洘
tsuí-tsìm-kué,水浸粿
tsuí-tsìm-ké,水浸粿
tsuí-guân,水源
tsuí-guân-thâu,水源頭
tsuí-tsún,水準
tsuí-kau,水溝
tsuí-un,水溫
tsuí-tīnn,水滇
tsuí-tiòng,水漲
tsuí-tiùnn,水漲
tsuí-tsuānn-á,水濺仔
tsuí-tsai,水災
tsuí-ting,水燈
tsuí-tshàn-nâ,水燦林
suí-gû,水牛
tsuí-gû,水牛
tsuí-gû-káng,水牛犅
tsuí-thuah,水獺
tsuí-tsu,水珠
tsuí-sán,水產
tsuí-tiân,水田
tsuí-tshân,水田
tsuí-phā,水疱
tsuí-tuì,水碓
tsuí-pōng--á,水磅仔
tsuí-siā-liâu,水社寮
tsuí-tsoo,水租
suí-tshìn,水秤
tsuí khut,水窟
tsuí-khut-á,水窟仔
tsuí-pit-á,水筆仔
tsuí-khiò,水筧
tsuí-kíng,水筧
tsuí-kóng,水管
tsuí-âng-á-sik,水紅仔色
tsuí-kng,水缸
tsuí-me̍h,水脈
tsuí-ōo-á,水芋仔
tsuí-ìng-tshài,水蕹菜
tsuí-kiunn,水薑
tsuí-kiunn-á,水薑仔
suí-hun-tsher,水薰吹
tsuí-hun-tshe,水薰吹
tsuí-hun-tsher,水薰吹
tsuí-hun-tshue,水薰吹
tsuí-phiô,水薸
tsuí-phiôr,水薸
tsuí-tshi,水蛆
tsuí-tshu,水蛆
tsuí-bi̍t-thô,水蜜桃
tsuí-khî,水蜞
tsuí-lê,水螺
tsuí-lí-khenn,水裡坑
tsuí-khok-á,水觳仔
tsuí-huè,水貨
tsuí-hè,水貨
tsuí-huì,水費
tsuí-tsit,水質
tsuí-kha,水跤
tsuí-lōo,水路
tsuí-tshia,水車
tsuí-tńg-kha,水返腳
tsuí-thuè,水退
tsuí-thè,水退
tsuí-tō,水道
tsuí-tō-tsuí,水道水
tsuí-tō-thâu,水道頭
tsuí-lí,水里
tsuí-lí-hiong,水里鄉
tsuí-liōng,水量
tsuí-sian,水鉎
tsuí-gîn,水銀
tsuí-gûn,水銀
tsuí-kiànn,水鏡
tsuí-mn̂g,水門
tsuí-tsa̍h,水閘
tsuí-lio̍k,水陸
tsuí-siang-tshe,水雙叉
suí-ke,水雞
suí-kue,水雞
tsuí-ke,水雞
tsuí-kere,水雞
tsuí-kue,水雞
suí-ke-á-lāng-lâu,水雞仔弄鐃
tsuí-ke-á-siû,水雞仔泅
tsuí-ke-siû,水雞泅
tsuí-kue-siû,水雞泅
tsuí-tiān,水電
tsuí-bīn,水面
tsuí-thâu,水頭
tsuí-kiáu,水餃
tsuí-tsiáu,水鳥
tsuí-uan-iunn,水鴛鴦
tsuí-ah,水鴨
tsuí-lîng,水龍
tsuí-lîng-tshia,水龍車
tsuí-ku,水龜
ping,氷
íng,永
íng-kiú,永久
íng-hô-khu,永和區
íng-an-khu,永安區
íng-an tshī-tiûnn,永安市場
íng-lîng,永寧
íng-khong,永康
íng-khong-khu,永康區
íng-tshun,永春
íng-lo̍k,永樂
íng-sio̍k,永續
íng-uán,永遠
íng-tsīng,永靖
íng-tsīng-hiong,永靖鄉
li̍k,氻
jio̍k,氼
li̍k,氼
huàn,氾
khuí,氿
thing,汀
tsap,汁
tsiap,汁
tsip,汁
kiû,求
kiû-hun,求婚
kiû-tsîng,求情
kiû-tsâi,求才
kiû-sing,求生
kiû-sîn-mn̄g-pu̍t,求神問佛
kiû-tsit,求職
kiû-ku,求龜
phat,汃
pin,汃
thún,汆
tshiok,汋
tsiok,汋
huân,汍
uân,汍
huàn,汎
that,汏
tāi,汏
si̍k,汐
si̍k-tsí,汐止
si̍p-tsí,汐止
si̍k-tsí-khu,汐止區
si̍p-tsí-khu,汐止區
si̍k-kho,汐科
bóng,汒
bông,汒
siû,汓
git,汔
sàn,汕
hān,汗
kuānn,汗
kuānn-tsuí,汗水
kuānn-lâu-tsiap-tih,汗流汁滴
tshian,汘
u,汙
ù,汙
u-jiám,汙染
u-liám,汙染
sìn,汛
kí,汜
sū,汜
jí,汝
jú,汝
lú,汝
hóng,汞
hōng,汞
kang,江
kang-lâm,江南
kang-tsiu,江周
káng-á-tshuì,江子翠
kang-san,江山
kang-ngôo,江湖
kang-ôo,江湖
kang-tiân,江田
kang-tiā,江謝
kang-tsiā,江謝
tî,池
tî-siōng,池上
tî-siōng-hiong,池上鄉
u,污
ù,污
khian,汧
bi̍k,汨
it,汨
ku̍t,汨
ua̍t,汨
ang,汪
ong,汪
ha̍unnh,汪
hóm,汪
na̍uh,汪
ngáu,汪
ong-iông,汪洋
tsiánn,汫
tsiánn-tsuí,汫水
tsiánn-tsuí-hî,汫水魚
tsiánn-tsuí-hû,汫水魚
juē,汭
hîng,汯
hông,汯
thuā,汰
thuǎ,汰
thài,汰
thuā-sann,汰衫
khip,汲
piān,汳
piān,汴
bûn,汶
būn,汶
hong,汸
phong,汸
kuat,決
kuat-tīng,決定
kuat-sim,決心
kuat-tsiàn,決戰
kuat-bîng,決明
kuat-pio,決標
kuat-tshik,決策
kuat-suàn,決算
kuat-gī,決議
kuat-sài,決賽
khì,汽
khì-tsuí,汽水
khì-iû,汽油
khì-tshia,汽車
hun,汾
hûn,汾
sim,沁
sìm,沁
tshìm,沁
kî,沂
kîn-ám,沂泔
ak,沃
ak-tsuí,沃水
ak-tâm,沃澹
ak-puî,沃肥
ak-hue,沃花
ak-hōo,沃雨
ûn,沄
guán,沅
guân,沅
khòng,沆
ián,沇
sím,沈
sím-iû,沈游
tiâm,沉
tîm,沉
tîm-tué,沉底
tîm-té,沉底
tîm-bê,沉迷
tîm-tāng,沉重
tūn,沌
hōo,沍
tshiat,沏
bo̍k,沐
bak,沐
bo̍k tshuì,沐喙
bak-tshiú,沐手
bak tsuí,沐水
bo̍k-bo̍k-siû,沐沐泅
bu̍t,沒
bu̍t-siu,沒收
ta̍p,沓
ta̍uh,沓
ta̍uh-ta̍uh-á,沓沓仔
ta̍p-ta̍p-tih-tih,沓沓滴滴
ta̍p-tih,沓滴
bián,沔
bi̍t,沕
bu̍t,沕
tshiong,沖
tshiâng,沖
tshiâng-tsuí,沖水
tshiâng-tshiâng-kún,沖沖滾
tshiong-huān,沖犯
tshiong-siau,沖銷
sua,沙
sa,沙
se,沙
sua-poo,沙埔
sua-sap,沙屑
sua-lūn,沙崙
sua-lūn-suànn,沙崙線
sa-bui,沙微
sa-lá-iû,沙拉油
sua-thio,沙挑
sua-tong-kiong,沙東宮
sua-sua,沙沙
sua-bo̍k,沙漠
sua-bôo,沙漠
sua-uē,沙畫
sua-suànn,沙線
sua-pê,沙耙
sua-pê-á,沙耙仔
sua-hì,沙肺
sa-te,沙茶
sua-lak,沙轆
sua-lak,沙鹿
sua-lak-khu,沙鹿區
sa-long-pa-suh,沙龍巴斯
tsí,沚
phài,沛
phuàn,沜
uí,沝
ti̍k,沢
tshioh,沢
bua̍t,沫
huè,沫
phe̍h,沫
phe̍rh,沫
phue̍h,沫
muī,沬
bī,沬
bī-tsuí,沬水
su̍t,沭
tsian,沮
tsu,沮
tsóo,沮
thok,沰
tô,沱
tô,沲
hô,河
hôo,河
hôr,河
hô-tshuan,河川
hô-tshn̂g,河床
hô-liû,河流
hô-khe,河溪
hô-khue,河溪
hôr-khe,河溪
ôo-khue,河溪
ôr-khe,河溪
hô-pinn,河邊
lē,沴
tián,沴
sī,沶
tî,沶
huì,沸
iû,油
iû-kè,油價
iû-káu,油垢
iû-khia̍h,油寄
iû-khiā-á,油寄仔
iû-kia̍h-á,油寄仔
iû-kia̍h-á-hé,油寄仔火
iû-kia̍h-á-hér,油寄仔火
iû-tshiúnn kok-sió,油廠國小
iû-sìng,油性
iû-thiu,油抽
iû-kia̍h-á,油攑仔
iû-tâng-hue,油桐花
iû-tông-hue,油桐花
iû-tiâu,油條
iû-tsuí,油水
iû-sué-sué,油洗洗
iû-sé-sé,油洗洗
iû-tse,油渣
iû-tái,油滓
iû-tshat,油漆
iû-lāu-á,油漏仔
iû-tshia-ké,油炸粿
iû-tshia-kér,油炸粿
iû-tsia̍h-kué,油炸粿
iû-tsia̍h-ké,油炸粿
iû-tsia̍h-kér,油炸粿
iû-ian,油煙
iû-ting,油燈
iû-ting--á,油燈仔
iû-uē,油畫
iû-tâng-á,油筒仔
iû-tsuá,油紙
iû-kuàn-tshia,油罐車
iû-lô-khe,油羅溪
iû-hī,油耳
iû-hīnn,油耳
iû-leh-leh,油肭肭
iû-i,油胰
iû-tsi,油脂
iû-tsho,油臊
iû-tshài,油菜
iû-tshài-hue,油菜花
iû-tshang,油蔥
iû-tshang-kué,油蔥粿
iû-tshang-ké,油蔥粿
iû-tshia,油車
iû-tshia-king,油車間
iû-mn̂g,油門
iû-pn̄g,油飯
iû-hî,油魚
iû-hû,油魚
tiân,沺
tī,治
tī-an,治安
tī-iau,治枵
tī-pēnn,治病
tī-pīnn,治病
tī-liâu,治療
tī-tsuē,治罪
tsiáu,沼
kū-tsām,沼平
tsau-pîng,沼平
koo,沽
kóo,沽
thiam,沾
tiam,沾
tiap,沾
tsam,沾
iân,沿
iân-huānn,沿岸
iân-hái,沿海
iân-suànn,沿線
iân-lōo,沿路
iân-tôo,沿途
hòng,況
hóng,況
kíng,泂
koo,泃
kù,泃
siat,泄
tshuā,泄
tshuā-jiō,泄尿
tshuā-liō,泄尿
siû,泅
siû-tsuí,泅水
siû-tsuí-khoo,泅水箍
siû-tsuí-khoo-á,泅水箍仔
i̍k,泆
tia̍t,泆
ka,泇
tsuânn,泉
tsuân,泉
tsuânn-tsuí,泉水
tsuân-guân,泉源
po̍k,泊
phik,泊
pì,泌
phun,泍
pūn,泍
tsuat,泏
tut,泏
tsuah,泏
tsuh,泏
lik,泐
hông,泓
hám,泔
kam,泔
ám,泔
ám-bê-á,泔糜仔
ám-muâi-á,泔糜仔
ám-muê-á,泔糜仔
huat,法
huat-jîn,法人
huat-lîn,法人
huat-līng,法令
huat-tsik,法則
huat-li̍k,法力
huat-bū,法務
huat-tiûnn,法場
huat-kuann,法官
huat-tīng,法定
huat-pó,法寶
huat-su,法師
huat-tōo,法度
huat-tîng,法庭
huat-lu̍t,法律
huat-bûn,法文
huat-huē,法會
huat-àn,法案
huat-tī,法治
huat-bāng,法網
huat-su̍t,法術
huat-kui,法規
huat-kìng,法警
huat-kíng,法警
huat-pān,法辦
huat-i,法醫
huat-bûn,法門
huat-mn̂g,法門
huat-īnn,法院
báu,泖
sù,泗
phîng,泙
pîng,泙
tshé,泚
tshú,泚
huàn,泛
huān,泛
hàm,泛
hàm-tir-thâu-phêr,泛豬頭皮
tî,泜
sòo,泝
thú,泞
lîng,泠
phàu,泡
phò,泡
phòr,泡
pho,泡
pho̍k,泡
phàu tê,泡茶
phàu-mī,泡麵
pho,波
po,波
phoo,波
pho-tōng,波動
pho-lōng,波浪
pho-tn̂g,波長
khip,泣
nî,泥
kiok,泦
tsù,注
tù,注
tsù-ji̍p,注入
tsù-li̍p,注入
tsù-siā,注射
tsù-siǎ,注射
tsù-siā-tâng,注射筒
tsù-sim,注心
tsù-ì,注意
tsù-bûn,注文
tsù-bo̍k,注目
tsù-sîn,注神
tsù-hueh,注血
tsù-huih,注血
tsù-hueh-siā,注血射
tsù-huih-siā,注血射
tsù-tiōng,注重
tsù-im,注音
sing,泩
luī,泪
lē,泪
hiân,泫
hiat,泬
hu,泭
phuàn,泮
bín,泯
thài,泰
thài-kok-pa̍t-á,泰國菝仔
thài-kok-pua̍t-á,泰國菝仔
thài-an,泰安
thài-an-hiong,泰安鄉
thài-san,泰山
thài-san-khu,泰山區
thài-san kuì-hô,泰山貴和
thài-bú-hiong,泰武鄉
iang,泱
iong,泱
tsé,泲
íng,泳
īng,泳
tūn,泵
i̍k,洂
huê,洄
huê-liân,洄瀾
sîng,洆
guî,洈
tsiàn,洊
tsûn,洊
iônn,洋
iûnn,洋
iâng,洋
iông,洋
ia̋ng-uá-ua,洋娃娃
iûnn-ho̍k,洋服
iûnn-lâu,洋樓
iûnn-tshang,洋蔥
iûnn-tsong,洋裝
lia̍t,洌
lē,洌
kì,洎
jî,洏
ho̍k,洑
sá,洒
sè,洒
sián,洒
tsí,洔
sué,洗
sé,洗
seré,洗
sián,洗
sué-tshuì,洗喙
sé-tshuì,洗喙
sué-thuā,洗汰
sé-thuā,洗汰
sué-i̍k,洗浴
sé-i̍k,洗浴
sué-tsīng,洗淨
sé-tsīng,洗淨
sué-pâi,洗牌
sé-pâi,洗牌
sué-tn̄g,洗盪
sé-tn̄g,洗盪
sué-tsio̍h-á,洗石仔
sé-tsio̍h-á,洗石仔
sué-lé,洗禮
sé-lé,洗禮
sué-sann,洗衫
sé-sann,洗衫
sué-sann-tiàm,洗衫店
sé-sann-tiàm,洗衫店
seré-sann-pang,洗衫枋
sué-sann-pang,洗衫枋
sé-sann-pang,洗衫枋
seré-sing-khu,洗身軀
sué-siang-khu,洗身軀
sué-sin-khu,洗身軀
sué-sing-khu,洗身軀
sé-hun-su,洗身軀
sé-sin-khu,洗身軀
sé-sing-khu,洗身軀
sué-sing-khu-tháng,洗身軀桶
sué-sin-khu-king,洗身軀間
sé-sin-khu-king,洗身軀間
sué-mn̂g-hong,洗門風
sé-mn̂g-hong,洗門風
sué-bīn,洗面
sé-bīn,洗面
sué-kut,洗骨
sé-kut,洗骨
sué-huat-tsing,洗髮精
sé-huat-tsing,洗髮精
khó,洘
khór,洘
khò-huānn,洘旱
khò-uānn,洘旱
khòr-huānn,洘旱
khó-huānn,洘旱
khó-uānn,洘旱
khóo-huǎnn,洘旱
khóo-uānn,洘旱
khó-lâu,洘流
khó-tsu̍t-tsu̍t,洘秫秫
khó-thâu-bê,洘頭糜
khó-thâu-muâi,洘頭糜
khó-thâu-muê,洘頭糜
sû,洙
tsu,洙
hông,洚
kàng,洚
lo̍h,洛
lo̍k,洛
lo̍k-sîn,洛神
lo̍k-sîn-hue,洛神花
tōng,洞
tōng-pông,洞房
tōng-siau,洞簫
tōng-kat,洞葛
bí,洣
tin,津
tsin,津
tin-thiap,津貼
uí,洧
gâu,洨
hâu,洨
siat,洩
sia̍p,洩
sia̍p-tsuí,洩水
hông,洪
âng,洪
âng-khóo,洪許
hik,洫
hok,洫
siok,洬
khong,洭
iâu,洮
tho,洮
tô,洮
kiat,洯
jínn,洱
jī,洱
tsiu,洲
jû,洳
phîng,洴
sûn,洵
hiong,洶
kong,洸
huân,洹
uân,洹
bîng,洺
hua̍t,活
ua̍h,活
hua̍t-li̍k,活力
ua̍h-li̍k,活力
ua̍h-tāng,活動
ua̍h-tōng,活動
ua̍h-miā,活命
ua̍h-sìng,活性
ua̍h-huē,活會
ua̍h-hē,活會
ua̍h-kî,活期
ua̍h-beh,活欲
ua̍h-bueh,活欲
ua̍h-tsuí,活水
hua̍t-phuat,活潑
ua̍t-phuat,活潑
ua̍h-kat,活結
ua̍h-bē,活賣
ua̍h-lōo,活路
ua̍h-thiàu,活跳
ua̍h-thiàu-thiàu,活跳跳
ua̍h-tsînn,活錢
ua̍h-kut,活骨
hua̍t-hî-tsai,活魚栽
hua̍t-hû-tsai,活魚栽
ke,洼
ua,洼
hia̍p,洽
phài,派
phài-ping,派兵
phài-tshut-sóo,派出所
phài-pia̍t,派別
phài-guân,派員
phài-uân,派員
phài-hē,派系
phài-khián,派遣
phài-thâu,派頭
phài-tsù,派駐
phài-tsū,派駐
oo,洿
ua,洿
liû,流
lâu,流
liû-thuân,流傳
lâu-ji̍p,流入
lâu-li̍p,流入
lâu-tshìn-kuānn,流凊汗
liû-tōng,流動
liû-tōng-sìng,流動性
liû-tōng-lu̍t,流動率
lâu-hiòng,流向
liû-hi̍k,流域
liû-i̍k,流域
liû-sit,流失
liû-kám,流感
lâu-pái,流擺
liû-sing,流星
liû-tshenn,流星
liû-tshinn,流星
liû-huē,流會
liû-pio,流標
lâu-pio,流標
liû-suí,流水
lâu-suí,流水
lâu-tsuí,流水
lâu-kuānn,流汗
lâu-kuānn-lâu-khó,流汗流洘
lâu-kuānn-sám-tih,流汗糝滴
liû-lōng,流浪
lâu-thng,流湯
lâu-nuā,流瀾
lâu-nuā-sê,流瀾垂
liû-sán,流產
lâu ba̍k-sái,流目屎
liû-thîng,流程
liû-tîng,流程
liû-tshuàn,流竄
liû-lông,流籠
lâu-tsî,流糍
liû-suànn,流線
lâu-hueh,流血
lâu-huih,流血
lâu-hueh-lâu-tih,流血流滴
lâu-huih-lâu-tih,流血流滴
liû-hîng,流行
lâu-ti-ko-nuā,流豬哥瀾
lâu-tu-ko-nuā,流豬哥瀾
liû-tsit,流質
liû-tsuán,流轉
liû-thong,流通
liû-sok,流速
liû-liân,流連
liû-liōng,流量
liû-lōo,流露
lâu-phīnn,流鼻
lâu phīnn-tsuí,流鼻水
i̍t,浂
tsiat,浙
tsùn,浚
phing,浜
bâng,浝
tshiok,浞
tshio̍k,浞
hi,浠
pu̍t,浡
phu̍h,浡
phū,浡
thóo,浢
tōo,浢
uán,浣
uān,浣
hîng,浤
hông,浤
ip,浥
phóo,浦
íng,浧
hō,浩
hōo,浩
lōng,浪
lōng-tsú,浪子
lōng-bān,浪漫
lōng-tōng,浪蕩
lōng-huì,浪費
phû,浮
hû,浮
phû-phànn,浮冇
phû-thām,浮動
phû-tāng,浮動
phû-lūn,浮崙
phû-tîm,浮沉
phû-lōng-kòng,浮浪貢
phû-iû,浮游
phû-hiān,浮現
phû-tsio̍h,浮石
phû-tiau,浮雕
phû-thâu,浮頭
ngôo,浯
lī,浰
hông,浲
io̍k,浴
i̍k,浴
io̍k-hu̍t-ji̍t,浴佛日
io̍k-hu̍t-li̍t,浴佛日
io̍k-hu̍t-tseh,浴佛節
io̍k-hu̍t-tsueh,浴佛節
i̍k-tiûnn,浴場
i̍k-tháng,浴桶
i̍k-tî,浴池
i̍k-king-á,浴間仔
tông,浵
hái,海
hái-siōng,海上
hái-lāi-guā,海內外
hái-hia̍p-huē,海協會
hái-sam,海參
hái-sim,海參
hái-som,海參
hái-kháu,海口
hái-kháu-khiunn,海口腔
hái-bī,海味
hái-huê-siūnn,海和尚
hái-phiânn,海坪
hái-poo,海埔
hái-hi̍k,海域
hái-i̍k,海域
hái-ki-huē,海基會
hái-pò,海報
hái-kînn,海墘
hái-kînn-á,海墘仔
hái-kînn-iânn,海墘營
hái-guā,海外
hái-san,海山
hái-gān,海岸
hái-huānn,海岸
hái-tó,海島
hái-kiap,海峽
hái-tuà,海帶
hái-tué,海底
hái-té,海底
hái-pua̍t,海拔
hái-tông,海棠
hái-tsuí,海水
hái-tsuí tò-kik,海水倒激
hái-tsuí i̍k-tiûnn,海水浴場
hái-sua-poo,海沙埔
hái-pho,海波
hái-iûnn,海洋
hái-iûnn sing-bu̍t-kuán,海洋生物館
hái-phû-tsio̍h,海浮石
hái-hái,海海
hái-íng,海湧
hái-tiòng,海漲
hái-tiùnn,海漲
hái-uan,海灣
hái-káu,海狗
hái-thuah,海獺
hái-kue-tsí,海瓜子
hái-sán,海產
hái-sán-bê,海產糜
hái-sán-muâi,海產糜
hái-sán-muê,海產糜
hái-kho-kuán,海科館
hái-tuan,海端
hái-tuan-hiong,海端鄉
hái-mî,海綿
hái-suànn,海線
hái-ang,海翁
hái-iang,海翁
hái-tshài,海菜
hái-ka-tsua̍h,海虼蚻
hái-tsuâ,海蛇
hái-ti,海豬
hái-tir,海豬
hái-tu,海豬
hái-ti-á,海豬仔
hái-tir-á,海豬仔
hái-tu-á,海豬仔
hái-ti-á-siû,海豬仔泅
hái-tu-á-siû,海豬仔泅
hái-pà,海豹
hái-tsha̍t,海賊
hái-kun,海軍
hái-ūn,海運
hái-pinn,海邊
hái-pinn-á,海邊仔
hái-liōng,海量
hái-kuan,海關
hái-kuan phok-bu̍t-kuán,海關博物館
hái-bīn,海面
hái-hong,海風
hái-bé,海馬
hái-muâ,海鰻
hái-lē-á,海鱺仔
hái-tshú,海鼠
hái-lîng-ông,海龍王
hái-ku,海龜
tsìm,浸
tsìm-khī,浸柿
tsìng-khī,浸柿
hia̍p,浹
kiap,浹
tsiap,浹
tshiong,浺
bián,浼
muí,浼
sui,浽
phài,浿
puè,浿
thôo,涂
tôo,涂
liap,涅
hān,涆
king,涇
siau,消
siau-huà,消化
siau-ki-huē,消基會
siau-sit,消失
siau-tiānn,消定
siau-sit,消息
siau-tháu,消敨
siau-ki̍k,消極
siau-to̍k,消毒
siau-tsuí,消水
siau-bia̍t,消滅
siau-tsai-kái-eh,消災解厄
siau-sán-lo̍h-bah,消瘦落肉
siau-môo,消磨
siau-si̍h,消蝕
siau-huì,消費
siau-huì-tsiá,消費者
siau-khián,消遣
siau-hông,消防
siau-hông-tuī,消防隊
siau-tû,消除
siau-hong,消風
sia̍p,涉
sia̍p-hiâm,涉嫌
sia̍p-àn,涉案
jím,涊
lián,涊
ióng,涌
iân,涎
siân,涎
sik,涑
kun,涒
thun,涒
un,涒
kuan,涓
gîm,涔
thè,涕
lē,涖
lī,涖
suat,涗
suè,涗
sè,涗
sū,涘
hôo,涪
hû,涪
híng,涬
suat,涮
suán,涮
gâi,涯
i̍k,液
sio̍h,液
i̍k-thé,液體
uán,涴
hâm,涵
âm,涵
âm-kau,涵溝
âm-khang,涵空
âm-khang-ku,涵空龜
hâm-kài,涵蓋
thò,涶
tong,涷
hok,涸
khok,涸
ku,涺
liâng,涼
liông,涼
niôo,涼
niû,涼
liâng-tîng,涼亭
liâng-tîng-á-kha,涼亭仔跤
lîng-tîng-á-kha,涼亭仔跤
niû-suànn,涼傘
liâng-líng,涼冷
liâng-sè,涼勢
liâng-tsuí,涼水
liâng-tsuí-tsu-á,涼水珠仔
liâng-sóng,涼爽
liâng--ê,涼的
liâng-khiang,涼腔
liâng-hong,涼風
hun,涽
tok,涿
tiān,淀
tik,淂
tsu,淄
sik,淅
ngâu,淆
kî,淇
khut,淈
hám,淊
lâm,淋
lîm,淋
lâm-tsuí,淋水
lîm-pēnn,淋病
lîm-pīnn,淋病
lâm-thn̄g,淋碭
lâm-hōo,淋雨
tshiòng,淌
hō,淏
hōo,淏
siok,淑
siok-lí,淑女
siok-lú,淑女
tshe,淒
tshe-liâng,淒涼
hong,淓
lāu,淖
tshiok,淖
tsāu,淖
tô,淘
tôo,淘
tô-tsénn,淘井
tô-tsínn,淘井
tô-thài,淘汰
tsong,淙
luī,淚
lē,淚
phing,淜
huî,淝
siông,淞
thián,淟
pì,淠
tām,淡
tānn,淡
tām-huà,淡化
tām-tsuí,淡水
tām-tsuí-khu,淡水區
tām-tsuí-hô,淡水河
tām-kang tāi-ha̍k,淡江大學
tām-hái sin-tshī-tìn,淡海新市鎮
tām-po̍h,淡薄
tām-po̍h-á,淡薄仔
tām-kim pak-sin,淡金北新
tām-kim tīng-kong,淡金鄧公
hik,淢
hi̍k,淢
i,淤
u,淤
ì,淤
ù,淤
lo̍k,淥
khàm,淦
kàm,淦
lam,淦
tsīng,淨
tsīng-lī,淨利
tsīng-huà,淨化
tsīng-hiunn,淨香
lîng,淩
lûn,淪
lûn-hām,淪陷
îm,淫
îm-luān,淫亂
tsut,淬
huâi,淮
huâi-san,淮山
io̍k,淯
liám,淰
sím,淰
tshim,深
tshim-tsénn,深井
tshim-tsínn,深井
tshim-kau,深交
tshim-ji̍p,深入
tshim-li̍p,深入
tshim-khik,深刻
tshim-khenn,深坑
tshim-khinn,深坑
tshim-khenn-khu,深坑區
tshim-khinn-khu,深坑區
tshim-iā,深夜
tshim-tsân,深層
tshim-suann-nâ-lāi,深山林內
tshim-tōo,深度
tshim-tsîng,深情
tshim-tîm,深沉
tshim-tshim,深深
tshim-tshián,深淺
tshim-ò-suànn,深澳線
tshim-ba̍k,深目
tshim-iân,深緣
tshim-sik,深色
tshim-tsō,深造
tshim-uán,深遠
sûn,淳
sûn-i,淳于
sûn-u,淳于
ian,淵
ian-guân,淵源
lāi,淶
hūn,混
hūn-luān,混亂
hūn-ha̍p,混合
iam,淹
im,淹
im-tuā-tsuí,淹大水
im--sí,淹死
im-tsuí,淹水
tshián,淺
khín,淺
tshián-á-tiánn,淺仔鼎
tshián-siūnn,淺想
tshián-thua,淺拖
tshián-thua-á,淺拖仔
tshián-hiān,淺現
khín-bîn,淺眠
tshián-bîn,淺眠
tshián-iân,淺緣
tshián-sik,淺色
tshián-kiàn,淺見
thiam,添
thinn,添
thiam-ting,添丁
thinn-kè,添價
thiam-siū,添壽
thiam-iû-hiunn,添油香
thiam-hok-siū,添福壽
thiam-tsng,添粧
thinn-uē,添話
thinn-pn̄g,添飯
biáu,淼
tsí,淽
tshinn,清
tshing,清
tshuinn,清
tshing-tsénn,清井
tshing-tsínn,清井
tshing-tāi,清代
tshing-tuann,清單
tshing-hân,清寒
tshing-iu,清幽
tshing-liâm,清廉
tshing-tshái,清彩
tshing-sim,清心
tshing-sàu,清掃
tshing-siàu,清數
tshing-sin,清新
tshing-bîng,清明
tshinn-miâ,清明
tshuinn-miâ,清明
tshing-tsa,清查
tshing-tshó,清楚
tshing-tshóo,清楚
tshing-khì,清氣
tshing-khì-siùnn,清氣相
tshing-suí,清水
tshing-tsuí,清水
tshing-tsuí-khu,清水區
tshing-tsuí-giâm,清水巖
tshing-tsuí-khe,清水溪
tshing-sué,清洗
tshing-sé,清洗
tshing-liâng,清涼
tshing-tsīng,清淨
tshing-kiat,清潔
tshing-hué,清火
tshing-hé,清火
tshing-sóng,清爽
tshing-lí,清理
tshing-pi̍k,清白
tshing-tsin-sī,清真寺
tshing-siù,清秀
tshing-suàn,清算
tshing-sǹg,清算
tshing-bê,清糜
tshing-muâi,清糜
tshing-muê,清糜
tshing-phang,清芳
tshing-tê,清茶
tshing-tshài,清菜
tshing-ūn,清運
tshing-tsiú,清酒
tshing-tshénn,清醒
tshing-tshínn,清醒
tshing-îng,清閒
tshing-îng-miā,清閒命
tshing-tî,清除
tshing-tû,清除
tshing-pn̄g,清飯
tshing-tsai,清齋
pì,渒
jiû,渘
huàn,渙
tsí,渚
tsú,渚
kiám,減
kiám-bián,減免
kiám-tsió,減少
kiám-jio̍k,減弱
kiám-lio̍k,減弱
kiám-huat,減法
kiám-sán,減產
kiám-síng,減省
kiám-suè,減稅
kiám-sè,減稅
kiám-puî,減肥
kiám-khin,減輕
luán,渜
luān,渜
jî,渝
jû,渝
lû,渝
û,渝
tîng,渟
kî,渠
kû,渠
tōo,渡
tōo-ká,渡假
tōo-kháu,渡口
tōo-hái,渡海
tōo-tsûn,渡船
tōo-tsûn-thâu,渡船頭
tōo-kuè,渡過
tōo-thâu,渡頭
tōo-tsiáu,渡鳥
hong,渢
huàn,渢
hông,渢
tsa,渣
tse,渣
pu̍t,渤
ak,渥
ko,渦
tè,渧
ue,渨
un,温
sia̍t,渫
tia̍p,渫
tshik,測
tshik-liông,測量
tshik-liōng,測量
tshik-giām,測驗
uī,渭
ko,渮
káng,港
káng-á-tshuì,港仔喙
káng-khu,港區
káng-kháu,港口
káng-kînn,港墘
káng-uan,港灣
káng-lōo,港路
káng-too,港都
iam,渰
iám,渰
suàn,渲
khat,渴
khuah,渴
iû,游
iû-íng,游泳
iû-íng-tî,游泳池
iû-íng-khoo,游泳箍
iû-íng-khoo-á,游泳箍仔
iû-bo̍k,游牧
hông,渹
tshìng,渹
biáu,渺
bí,渼
hûn,渾
hūn,渾
phài,湃
pài,湃
bî,湄
liān,湅
khip,湆
tiâm,湉
tiân,湉
tsòo,湊
uí,湋
uî,湋
thuan,湍
tshuan,湍
bián,湎
biān,湎
bín,湎
hue,湏
su,湑
sú,湑
tship,湒
phùn,湓
phûn,湓
tsian,湔
tsiàn,湔
tsiân,湔
hôo,湖
ôo,湖
ôo-lāi-khu,湖內區
ôo-kháu,湖口
ôo-kháu-hiong,湖口鄉
ôo-sai-hiong,湖西鄉
ôo-bīn,湖面
siong,湘
siang,湘
i̍k,湙
tām,湛
sîm,湛
tam,湛
tsim,湛
si̍t,湜
kai,湝
tsing,湞
hông,湟
thàn,湠
thuànn,湠
thuànn-kin,湠根
thuànn-kun,湠根
thuànn-tsíng,湠種
thuànn--khui,湠開
thuànn-khui,湠開
pih,湢
pik,湢
bín,湣
hun,湣
tu̍t,湥
sing,湦
ióng,湧
íng,湧
tòng,湩
tông,湩
tshiu,湫
iû,湭
ian,湮
in,湮
thng,湯
thong,湯
thng-sî,湯匙
thng-sî-á,湯匙仔
thng-sî-á-tshài,湯匙仔菜
thng-thâu,湯頭
hik,湱
uân,湲
làm,湳
lám,湳
làm-á,湳仔
làm-á-tē,湳仔地
làm-thôo,湳塗
làm-tshân,湳田
pān,湴
liāng,湸
liōng,湸
liap,湼
kui,溈
uî,溈
khài,溉
kài,溉
tông,溏
guân,源
guân-tsuânn,源泉
guân-tsū,源自
guân-thâu,源頭
liâm,溓
iáu,溔
tsún,準
tsún-tsuè,準做
tsún-tsò,準做
tsún-pī,準備
tsún-tsik,準則
tsún-tú-hó,準拄好
tsún-tú-suah,準拄煞
tsún-sî,準時
tsún-suah,準煞
tsún-khak,準確
tsún-sǹg,準算
tsún-nā,準若
tsún-kóng,準講
khap,溘
ua,溛
liu,溜
liū,溜
liu-suan,溜旋
kau,溝
kio,溝
koo,溝
kau-á,溝仔
koo-thong,溝通
bîng,溟
tsha,溠
tsà,溠
sî,溡
tshî,溡
ik,溢
ik-tshiah-sng,溢刺酸
ik-lin,溢奶
ik-ling,溢奶
ik-ni,溢奶
lūn,溣
pâng,溤
phóo,溥
bî,溦
lik,溧
óo,溩
khe,溪
khere,溪
khue,溪
khe-á,溪仔
khue-á,溪仔
khe-á-kînn,溪仔墘
khue-á-kînn,溪仔墘
khe-kháu-hiong,溪口鄉
khe-ko-á,溪哥仔
khe-kor-á,溪哥仔
khue-ko-á,溪哥仔
khe-poo,溪埔
khue-poo,溪埔
khe-tsiu,溪州
khe-tsiu-hiong,溪州鄉
khe-tsuí,溪水
khue-tsuí,溪水
khe-liû,溪流
khe-lâu,溪流
khue-liû,溪流
khue-lâu,溪流
khe-ôo-tìn,溪湖鎮
khe-kau,溪溝
khue-kau,溪溝
khe-thâu,溪頭
khue-thâu,溪頭
khere-pha-á,溪鮊仔
un,溫
un-hô,溫和
un-sik hāu-ìng,溫室效應
un-tōo,溫度
un-tōo-kè,溫度計
un-luán,溫暖
un-jiû,溫柔
un-liû,溫柔
un-tsuânn,溫泉
un-pân,溫瓶
un-kuàn,溫罐
un-si̍p,溫習
un-sûn,溫馴
si,溮
su,溮
sok,溯
sòo,溯
kî,溰
tsin,溱
soo,溲
sóo,溲
hûn,溳
ûn,溳
hiù,溴
iông,溶
iônn,溶
iûnn,溶
hūn,溷
li̍k,溺
sip,溼
sip-tuē,溼地
sip-tē,溼地
sip-tōo,溼度
sip-sip,溼溼
sip-tsín,溼疹
jio̍k,溽
thiok,滀
tû,滁
pông,滂
phōng,滂
óng,滃
tshong,滄
tshong-song,滄桑
bia̍t,滅
bia̍t-bông,滅亡
hi̍k,滆
kik,滆
tian,滇
tīnn,滇
tǐnn,滇
tīnn-lâu,滇流
hō,滈
kok,滈
hóng,滉
tsu,滋
tsu-bī,滋味
tsu-jūn,滋潤
tsu-lūn,滋潤
tsu-ióng,滋養
ti̍k,滌
îng,滎
kia̍t,滐
hu̍t,滑
ku̍t,滑
ku̍t--tó,滑倒
ku̍t--tór,滑倒
ku̍t-tó,滑倒
ku̍t-liu,滑溜
ku̍t-liū,滑溜
ku̍t-liu-liu,滑溜溜
ku̍t-liu-siûnn,滑溜𣻸
ku̍t--lo̍h,滑落
ku̍t-tshí,滑鼠
ku̍t-tshú,滑鼠
kō,滒
tsái,滓
tsáinn,滓
tsú,滓
lái,滓
tái,滓
tho,滔
tîng,滕
kàu,滘
huâi,滙
siu,滫
hōo,滬
hōo-bué,滬尾
hōo-bé,滬尾
pit,滭
piu,滮
tī,滯
tù,滯
tù-tù,滯滯
siàm,滲
sìm,滲
siàm-jiō,滲尿
siàm-liō,滲尿
siàm-sái,滲屎
siàm-sái-jiō,滲屎尿
siàm-sái-liō,滲屎尿
tih,滴
tik,滴
lóo,滷
lóo-nn̄g,滷卵
lóo-bī,滷味
lóo-sio̍k-bah,滷熟肉
lóo-bah,滷肉
lóo-bah-pn̄g,滷肉飯
lóo-mī,滷麵
hóo,滸
hóo-thî,滸苔
hoo,滹
iu,滺
iû,滺
sán,滻
kún,滾
kún-tsuí,滾水
kún-tsuí-pân,滾水瓶
kún-tsuí-kuàn,滾水罐
kún-tshiò,滾笑
kún-ká,滾絞
kún-ká-thiànn,滾絞疼
kún-sńg-tshiò,滾耍笑
kún-liòng,滾躘
kún-lìng,滾躘
muá,滿
buán,滿
buán-uân,滿員
muá-sì-kuè,滿四界
muá-sì-kè,滿四界
buán-luí,滿壘
muá-luí,滿壘
muá-suann-âng,滿山紅
buán-tsiu-hiong,滿州鄉
muá-ì,滿意
muá-ge̍h,滿月
muá-ge̍rh,滿月
muá-gue̍h,滿月
muá-guē,滿月
muá-gēr,滿月
muá-lâu,滿流
buán-buán,滿滿
muá-muá,滿滿
muá-muá-sī,滿滿是
buán-hàn-tsuân-si̍k,滿漢全席
muá-pak,滿腹
buán-tsiok,滿足
muá-bīn,滿面
muá-bīn-tshun-hong,滿面春風
khìng,漀
gî,漁
gû,漁
hî,漁
hû,漁
hî-tiûnn,漁場
hû-tiûnn,漁場
hî-huē,漁會
hû-huē,漁會
hî-tshuan,漁村
hî-tshun,漁村
hû-tshuan,漁村
hû-tshun,漁村
hî-gia̍p,漁業
hû-gia̍p,漁業
hî-bîn,漁民
hû-bîn,漁民
hî-káng,漁港
hû-káng,漁港
hî-bāng,漁網
hû-bāng,漁網
hî-tsûn,漁船
hû-tsûn,漁船
phiau,漂
phiàu,漂
phiò,漂
phiau-liû,漂流
phiò-pe̍h,漂白
phiò-pe̍h-hún,漂白粉
pio-tsng-á-phè,漂磚仔杮
tsâu,漅
tshat,漆
tshik,漆
tsè,漈
lok,漉
lo̍k,漉
lo̍k-tshuì,漉喙
lo̍k-koo-á-muê,漉溝仔糜
lo̍k-koo-bê-á,漉溝糜仔
lo̍k-kôo-á-muâi,漉糊仔糜
lo̍k-kôo-bê,漉糊糜
lo̍k-kôo-muâi,漉糊糜
lo̍k-kôo-muê,漉糊糜
lo̍k-kôo-muê-á,漉糊糜仔
lú,漊
liō,漏
lāu,漏
lōo,漏
lāu-á,漏仔
lāu-sia̍p,漏洩
lāu-suè,漏稅
lāu-sè,漏稅
lî,漓
ián,演
ián-tshut,演出
ián-huà,演化
ián-guân,演員
ián-uân,演員
ián-tshiùnn,演唱
ián-tsàu,演奏
ián-hì,演戲
ián-ki,演技
ián-liān,演練
ián-gī,演義
ián-si̍p,演習
ián-gē,演藝
ián-suat,演說
ián-káng,演講
ián-piàn,演變
ián-tsìn,演進
tsô,漕
kà,漖
tûn,漘
thuân,漙
au,漚
io,漚
iò,漚
oo,漚
àu,漚
òo,漚
áu,漚
àu-kóo,漚古
àu-kheh,漚客
àu-sái,漚屎
àu-sái-pōo,漚屎步
àu-sái-bīn,漚屎面
àu-hì-thua-pênn,漚戲拖棚
àu-hì-thua-pînn,漚戲拖棚
àu-tah,漚搭
àu-pōo,漚步
àu-jua̍h,漚熱
àu-lua̍h,漚熱
àu-hip,漚翕
àu-hip-jua̍h,漚翕熱
àu-hip-lua̍h,漚翕熱
au-puî,漚肥
àu-kioh,漚腳
àu-sik,漚色
àu huè,漚貨
àu hè,漚貨
àu-ut-jua̍h,漚鬱熱
àu-ut-lua̍h,漚鬱熱
au-kiâm-tshài,漚鹹菜
tîng,漛
bo̍k,漠
bôo,漠
hàn,漢
hàn-jîn,漢人
hàn-lîn,漢人
hàn-jī,漢字
hàn-lī,漢字
hàn-o̍h-á-sian,漢學仔先
hàn-bûn,漢文
hàn-pún,漢本
hàn-sing,漢聲
hàn-tsháu,漢草
hàn-io̍h,漢藥
hàn-io̍h-tiàm,漢藥店
hàn-i,漢醫
liân,漣
lám,漤
ua,漥
lâi,漦
lî,漦
hông,漨
suan,漩
suân,漩
suān,漩
suān-jiō,漩尿
suān-liō,漩尿
suan-tháng,漩桶
suān-tháng,漩桶
i,漪
bān,漫
bān-tâm,漫談
bān-iû,漫遊
tsù,漬
bóng,漭
luí,漯
phing,漰
suah kháu,漱口
tiàng,漲
tiòng,漲
tiònn,漲
tiùnn,漲
tiòng-tuā-tsuí,漲大水
tiùnn-kuân-kè,漲懸價
tsiang,漳
tsing,漳
tsiong,漳
tsiang-hô,漳和
tsiong-hô,漳和
tsiang-tsuân-lām,漳泉濫
sū,漵
khok,漷
kok,漷
tsiām,漸
tsiām-tsiām,漸漸
ian,漹
liâu,漻
tsuê,漼
iōng,漾
tsiang,漿
tsiong,漿
tsionn,漿
tsiunn,漿
tsiunn-kiànn-senn,漿寄生
tsiunn-ám,漿泔
tsiunn-sué,漿洗
tsiunn-sé,漿洗
tsiunn-sann,漿衫
tshông,潀
íng,潁
siù,潃
sòo,潄
phiat,潎
piat,潎
khiat,潏
kiat,潏
phuah,潑
phuat,潑
phuah-hōo,潑雨
thóng,潒
tóng,潒
kiat,潔
bú,潕
tsi̍p,潗
phuann,潘
phuan,潘
phun,潘
phun-tháng,潘桶
phun-tsuí,潘水
phun-ám,潘泔
tsiâm,潛
tsiâm-ho̍k-kî,潛伏期
tsiâm-li̍k,潛力
tsiâm-lîng,潛能
tsiâm,潜
hip,潝
lōo,潞
sik,潟
sùn,潠
hóng,潢
hông,潢
bín,潣
jūn,潤
lūn,潤
jūn-piánn,潤餅
lūn-piánn,潤餅
lǔn-piánn,潤餅
jūn-piánn-kauh,潤餅𩛩
lūn-piánn-kauh,潤餅𩛩
lǔn-piánn-kauh,潤餅𩛩
ló,潦
nóo,潦
ló-tshó,潦草
than,潬
thâm,潭
thâm-á,潭仔
thâm-á-kînn,潭仔墘
thâm-tsú,潭子
thâm-tsú-khu,潭子區
tiâu,潮
tiô,潮
tiau,潮
tiô-tsiu,潮州
tiô-tsiu-tìn,潮州鎮
tiâu-liû,潮流
sîm,潯
huì,潰
huē,潰
khuì,潰
khuì-iông,潰瘍
siâu,潲
siôr,潲
sáu,潲
pit,潷
san,潸
tshan,潺
tông,潼
lîn,潾
siap,澀
sip,澀
siap,澁
sip,澁
tîng,澂
tîng,澄
tîng-tshing,澄清
hiau,澆
jiâu,澆
kiau,澆
liâu,澆
lô,澇
lō,澇
thiat,澈
thiat-tué,澈底
thiat-té,澈底
thiat-thò,澈透
kám,澉
su,澌
sū,澍
tsù,澍
tshū,澍
phênn,澎
phîng,澎
phînn,澎
phênn-ôo-kuān,澎湖縣
phînn-ôo-kuān,澎湖縣
phênn-ôo tshài-kue,澎湖菜瓜
phînn-ôo tshài-kue,澎湖菜瓜
hûn,澐
ûn,澐
liù,澑
liû,澑
hóng,澒
hāng,澒
hōng,澒
hok,澓
ho̍k,澓
hō,澔
hōo,澔
kàn,澗
kán-á-li̍k,澗仔壢
gû,澞
lím,澟
bín,澠
sîng,澠
tsó,澡
tsóo,澡
tong,澢
uán,澣
ti̍k,澤
hāi,澥
lé,澧
sē,澨
ha̍k,澩
ha̍unnh,澩
ha̍unnh-ha̍unnh,澩澩
lîng,澪
tsu,澬
iong,澭
kuè,澮
ò,澳
òo,澳
ù,澳
siân,澶
bān,澷
tām,澹
tâm,澹
tâm-tsuí-tuē,澹水地
tâm-tsuí-tē,澹水地
tâm-lok-lok,澹漉漉
tâm-kôo-kôo,澹糊糊
tâm-hī,澹耳
tâm-hīnn,澹耳
phik,澼
kik,激
kik-ngóo-jîn,激五仁
kik-ngóo-lîn,激五仁
kik-la̍t,激力
kik-tōng,激動
ki̍k-tōng,激動
kik-lē,激勵
kik-guā-guā,激外外
kik-sái,激屎
kik-sim,激心
kik-khòo-khòo,激怐怐
kik-tiām-tiām,激恬恬
kik-tsîng,激情
kik-thuî-thuî,激槌槌
kik-khuì,激氣
kik-khì,激氣
kik-phài-thâu,激派頭
kik-lia̍t,激烈
ki̍k-lia̍t,激烈
kik-phî-phî,激皮皮
kik-khang,激空
kik-ló,激腦
kik-kak,激角
kik-tsiú,激酒
kik-bīn-tshiunn,激面腔
kik-thâu-khak,激頭殼
kik-thâu-náu,激頭腦
kik-kut,激骨
kik-kut-uē,激骨話
ta̍k,濁
to̍k,濁
tso̍k,濁
lô,濁
lô-kháu-khe,濁口溪
lô-tsuí,濁水
lô-tsuí-khe,濁水溪
lô-lô,濁濁
lôr-lôr,濁濁
liâm,濂
lông,濃
lông-tōo,濃度
lông-sok,濃縮
hûn,濆
bùn,濆
sik,濇
tship,濈
uè,濊
tshóo,濋
thìng,濎
tíng,濎
lé,濔
sip,濕
bi̍k,濗
líng,濘
lîng,濘
līng,濘
îng,濙
îng,濚
bông,濛
tsīn,濜
pì,濞
pī,濞
tsé,濟
tserē,濟
tsuē,濟
tsuě,濟
tsè,濟
tsē,濟
tsuē-tsió,濟少
tsē-tsió,濟少
tsuē hè,濟歲
tsuē-tsuē,濟濟
tsē-tsē,濟濟
tsuē-uē,濟話
tsē-uē,濟話
hô,濠
jû,濡
su,濡
tô,濤
tôo,濤
īn,濥
hok,濩
hōo,濩
tshìng,濪
lām,濫
lām-sú,濫使
lām-sám,濫糝
tsùn,濬
po̍k,濮
phok,濮
po̍k-iông,濮陽
tso̍k,濯
uî,濰
î,濰
pin,濱
pin-hái sua-lūn,濱海沙崙
pin-hái gī-san,濱海義山
pin,濵
khuah,濶
khuat,濶
tsiān,濺
tsuānn,濺
tsuānn tsuí,濺水
lo̍k,濼
lī,濾
lū,濾
lē,濿
iōng,瀁
îng,瀅
to̍k,瀆
sià,瀉
sià-io̍h,瀉藥
sià-io̍h-á,瀉藥仔
sím,瀋
phiau,瀌
tiân,瀍
liû,瀏
pho̍k,瀑
pō,瀑
pho̍k-pòo,瀑布
po̍k-phòo,瀑布
po̍k-pòo,瀑布
pin,瀕
pîn,瀕
lôo,瀘
lū,瀘
hān,瀚
îng,瀛
iông,瀜
li̍k,瀝
tsīng,瀞
siau,瀟
îng,瀠
tshuí,瀡
hāi,瀣
tsu,瀦
liông,瀧
lông,瀧
liông-khe,瀧溪
luā,瀨
lāi,瀨
nāi,瀨
lâm,瀮
îng,瀯
bí,瀰
bî,瀰
liám,瀲
tshînn,瀳
tsiân,瀳
tshînn-hong,瀳風
hùn,瀵
i̍k,瀷
siam,瀸
tsiam,瀸
io̍k,瀹
iāu,瀹
tshâm,瀺
jiông,瀼
lân,瀾
nuā,瀾
nuǎ,瀾
nuā-sê,瀾垂
nuǎ-sê,瀾垂
nuā-se̍rh,瀾踅
nuā-tshiu,瀾鬚
huân,瀿
tshiok,灂
hong,灃
liap,灄
tsâng,灇
tsâng-tsuí,灇水
kû,灈
iong,灉
sîm,灊
tsiâm,灊
huat,灋
kuàn,灌
kuàn-tsuí,灌水
kuàn-tsù,灌注
kuàn tn̂g,灌腸
kuàn-tshiâng,灌腸
kuàn hong,灌風
khuat,灍
iām,灎
sá,灑
tsàn,灒
luân,灓
iām,灔
than,灘
thuann,灘
kiáu,灚
hō,灝
pà,灞
lám,灠
lām,灠
lóng,灢
uan,灣
uân,灣
uan-á-lāi,灣仔內
uan-lí-ke,灣里街
uan-lí-kue,灣里街
luân,灤
iām,灧
kám,灨
iām,灩
hué,火
hé,火
hér,火
hónn,火
hué-kng,火光
hé-kng,火光
hér-uih--á,火劃仔
hué-li̍k,火力
hé-li̍k,火力
hué-ka-lāu,火加落
hué-tuā,火大
hé-tuā,火大
hué-ngeh,火夾
hé-ngeh,火夾
hé-ngueh,火夾
hér-gue̍h,火夾
hué-sái,火屎
hé-sái,火屎
hué-suann,火山
hé-suann,火山
hué-suann-giâm,火山巖
hué-ín,火引
hé-ín,火引
hué-tshit-á,火拭仔
hé-tshit-á,火拭仔
hé-thio,火挑
hér-thio,火挑
hué-ngiáu,火撓
hér-tshat--á,火擦仔
hué-tshenn,火星
hé-tshinn,火星
hué-bó,火母
hé-bú,火母
hué-khì,火氣
hé-khì,火氣
hué-tsai,火災
hé-tsai,火災
hué-iām-suann,火炎山
hué-thuànn,火炭
hé-thuànn,火炭
hér-thuànn,火炭
hué-hu,火烌
hé-hu,火烌
hué-hu-sìng,火烌性
hé-hu-sìng,火烌性
hué-hu-pê-á,火烌耙仔
hué-lang,火熥
hué-thang,火熥
hé-thang,火熥
hér-lang,火熥
hér-thang,火熥
hué-sio,火燒
hué-sior,火燒
hé-sio,火燒
hér-sio,火燒
hué-sio-tshù,火燒厝
hué-sior-tshù,火燒厝
hé-sio-tshù,火燒厝
hér-sio-tshù,火燒厝
hué-sio-poo,火燒埔
hé-sio-poo,火燒埔
hué-sio-suann,火燒山
hué-sior-suann,火燒山
hé-sio-suann,火燒山
hué-sio-tó,火燒島
hué-sio-sim,火燒心
hé-sio-sim,火燒心
hué-lôo,火爐
hé-lôo,火爐
hér-lôo,火爐
hué-tsu-á,火珠仔
hé-tsu-á,火珠仔
hué-tsio̍h-á,火石仔
hé-tsio̍h-á,火石仔
hué-tsíng,火種
hé-tsíng,火種
hué-kńg,火管
hé-kńg,火管
hué-tsìnn,火箭
hé-tsìnn,火箭
hué-tī,火箸
hé-tū,火箸
hué-thuí,火腿
hé-thuí,火腿
hué-tsi̍h,火舌
hé-tsi̍h,火舌
hué-hun,火薰
hé-hun,火薰
hé-hun-kóng-á,火薰管仔
hué-io̍h,火藥
hé-io̍h,火藥
hué-kíng,火警
hé-kíng,火警
hué-tshia,火車
hé-tshia,火車
hér-tshia,火車
hué-tshia-bó,火車母
hé-tshia-bú,火車母
hué-tshia-tsām,火車站
hé-tshia-tsām,火車站
hué-tshia-lōo,火車路
hé-tshia-lōo,火車路
hué-tshia-thâu,火車頭
hé-tshia-thâu,火車頭
hué-kim-tshenn,火金星
hé-kim-tshinn,火金星
hér-kim-tshinn,火金星
hué-kim-koo,火金蛄
hé-kim-koo,火金蛄
hér-kim-koo,火金蛄
hué-khînn,火鉗
hé-khînn,火鉗
hér-khînn,火鉗
hué-ko,火鍋
hé-ko,火鍋
hué-tshiah,火鍤
hué-ke,火雞
hé-kue,火雞
hér-kere,火雞
hér-kue,火雞
hué-ke-bó,火雞母
hué-ke-bú,火雞母
hé-kue-bó,火雞母
hé-kue-bú,火雞母
hué-tshí,火鼠
hué-tshú,火鼠
he,灰
hue,灰
her,灰
hue-sî-á,灰匙仔
hue-iô,灰窯
hông,灴
lîng,灵
tsàu,灶
tsò,灶
tsòo,灶
tsàu-kha,灶跤
tsàu-thâu,灶頭
kiù,灸
kù,灸
hiok,灹
tō,灺
tsiok,灼
tsai,災
tse,災
tser,災
tsai-khu,災區
tsai-eh,災厄
tsai-hāi,災害
tsai-tsîng,災情
tsai-bîn,災民
tsai-hō,災禍
tsai-ē,災禍
tsai-lān,災難
khì,炁
tshe,炊
tsher,炊
tshue,炊
tshui,炊
tshe-sn̂g,炊床
tshue-sn̂g,炊床
tshe-táu,炊斗
tshue-táu,炊斗
tshe-hún,炊粉
tshue-hún,炊粉
tshe ké,炊粿
tshe-ké,炊粿
tsher-kér,炊粿
tshue kué,炊粿
tshue-kué,炊粿
iām,炎
iām-jua̍h,炎熱
iām-lua̍h,炎熱
tshá,炒
tsháu,炒
tshá-tsok,炒作
liâu,炓
khòng,炕
khòng-iô,炕窯
khòng-bah,炕肉
khòng-bah-pn̄g,炕肉飯
khòng-tshài-thâu,炕菜頭
him,炘
tsik,炙
tsià,炙
tsiau,炤
tsiàu,炤
tshiō,炤
hiân,炫
hiān,炫
kū,炬
thuànn,炭
thàn,炭
thuànn-uân,炭丸
thuànn-sái,炭屎
thuànn-kang,炭工
thuànn-kiû,炭球
thuànn-khòng,炭礦
thuànn-khòng-hu,炭礦夫
thuànn-khang,炭空
thuànn-iô,炭窯
phàu,炮
pâu,炮
phàu-á,炮仔
phàu-tâi,炮台
phàu-tuânn,炮彈
kíng,炯
pû,炰
te,炱
ter,炱
thai,炱
tâi,炱
píng,炳
thong,炵
tông,炵
tsù,炷
tsà,炸
tsia̍h,炸
tsuànn,炸
tsà-tuânn,炸彈
tsà-tân,炸彈
tsuànn-iû,炸油
tsà-io̍h,炸藥
tsuànn-ti-iû,炸豬油
tiám,点
uî,為
uī,為
uî-tsú,為主
uī-hô,為何
uî-tsí,為止
uī-tio̍h,為著
uî-lân,為難
uî-hui-tsok-tái,為非作歹
uî-hui-sám-tsò,為非糝做
tshuán,烇
le̍h,烈
lia̍t,烈
lia̍t-sū-hiong,烈嶼鄉
iông,烊
hau,烋
hiu,烋
hu,烌
oo,烏
oo-khâm-khâm,烏khâm-khâm
oo-lu-lu,烏lu-lu
u,烏
oo-sìm-sìm,烏㽎㽎
oo-lâng,烏人
oo-jîn,烏仁
oo-lîn,烏仁
oo-jîn-ba̍k-kiànn,烏仁目鏡
oo-lîn-ba̍k-kiànn,烏仁目鏡
u-lai-khu,烏來區
oo-sir-báng,烏司蠓
oo-su-báng-á,烏司蠓仔
oo-miâ-tuann,烏名單
oo-tshuì-pit-á,烏喙筆仔
oo-mà-mà,烏嘛嘛
oo-khiu-hiong,烏坵鄉
oo-khu-hiong,烏坵鄉
oo-thôo,烏塗
oo-ba̍k,烏墨
oo-thinn-àm-tuē,烏天暗地
oo-thinn-àm-tē,烏天暗地
oo-jí-á-tshài,烏子仔菜
oo-tsí-á-tshài,烏子仔菜
oo-kuânn,烏寒
oo-bué-tang,烏尾冬
oo-bé-tang,烏尾冬
oo-tshī,烏市
oo-iánn,烏影
oo-sim-tsio̍h,烏心石
oo-sim-kuann,烏心肝
oo-tshiú,烏手
oo-pan,烏斑
oo-ji̍t,烏日
oo-ji̍t-khu,烏日區
oo-hng,烏昏
oo-àm,烏暗
oo-àm-hîn,烏暗眩
oo-iú,烏有
oo-pán-tshat,烏板擦
oo-pang,烏枋
oo-pang-tshit-á,烏枋拭仔
oo-keh-á,烏格仔
oo-muâi-á-tsiú,烏梅仔酒
oo-muê-á-tsiú,烏梅仔酒
oo-m̂-á-tsiú,烏梅仔酒
oo-tsó,烏棗
oo-mng,烏毛
oo-moo,烏毛
oo-tsuí-kau,烏水溝
oo-tsiap-tsiap,烏汁汁
oo-iû,烏油
oo-khe,烏溪
oo-lái-hueh,烏滓血
oo-lái-huih,烏滓血
oo-lok-tōo,烏漉肚
oo-lo̍k-tōo,烏漉肚
oo-áu,烏漚
oo-ta-sán,烏焦瘦
oo-ian,烏煙
oo-ian-thûn,烏煙黗
oo-ìnn--á,烏燕仔
oo-pâi,烏牌
oo-káu,烏狗
oo-káu-hiann,烏狗兄
oo-suān-tsio̍h,烏璇石
oo-àng-tshǹg,烏甕串
oo-tinn-á-tshài,烏甜仔菜
oo-kì,烏痣
oo-pe̍h,烏白
oo-pe̍h-lâi,烏白來
oo-pe̍h-tshiat,烏白切
oo-pe̍h-kóng,烏白講
oo-tsin-tsu,烏真珠
oo-ta̍t-á,烏笛仔
oo-thn̂g,烏糖
oo-thn̂g-kué,烏糖粿
oo-thn̂g-ké,烏糖粿
oo-hī-muâ,烏耳鰻
oo-hīnn-muâ,烏耳鰻
oo-bah-tué,烏肉底
oo-bah-té,烏肉底
oo-sik,烏色
oo-bui,烏蝛
oo-bui-á,烏蝛仔
oo-bui-á-báng,烏蝛仔蠓
oo-thâng,烏蟲
oo-se,烏西
oo-sie,烏西
oo-tāu,烏豆
oo-niau,烏貓
oo-niau-tsé--á,烏貓姊仔
oo-niau-tsí--á,烏貓姊仔
oo-niau-niau,烏貓貓
oo-sô-sô,烏趖趖
oo-kha-hiunn,烏跤香
oo-piān-pe̍h,烏辨白
oo-tō,烏道
oo-tshòo,烏醋
oo-kim,烏金
oo-sian,烏鉎
oo-king,烏間
oo-im,烏陰
oo-im-thinn,烏陰天
oo-hûn,烏雲
oo-tshenn,烏青
oo-tshinn,烏青
oo-tshenn gîng-hueh,烏青凝血
oo-tshinn gîng-huih,烏青凝血
oo-bīn-lā-pue,烏面抐桮
oo-bīn-tsha̍t,烏面賊
oo-thâu-á-tshia,烏頭仔車
oo-kut-ke,烏骨雞
oo-kut-kue,烏骨雞
oo-kuí-á-tshài,烏鬼仔菜
oo-kuí-kuí,烏鬼鬼
oo-hî,烏魚
oo-hû,烏魚
oo-hî-tsí,烏魚子
oo-hû-tsí,烏魚子
oo-hî-piō,烏魚鰾
oo-hû-piō,烏魚鰾
oo-lóo-bo̍k-tsè,烏魯木齊
oo-tshiunn,烏鯧
oo-a,烏鴉
oo-a-tshuì,烏鴉喙
oo-tshiu,烏鶖
oo-muâ,烏麻
oo-muâ-á,烏麻仔
oo-muâ-iû,烏麻油
oo-tiám,烏點
oo-liông,烏龍
oo-liông-á,烏龍仔
oo-lîng-á,烏龍仔
oo-liông-tê,烏龍茶
oo-ku,烏龜
oo-kui,烏龜
oo-kui-á,烏龜仔
oo-kui-thâu,烏龜頭
oo-tâi-á,烏𩸙仔
oo-tòo-âng,烏𪐞紅
bia̍t,烕
hang,烘
hong,烘
hang-hué,烘火
hang-hé,烘火
hang-lôo,烘爐
hang-lôo-sìnn,烘爐扇
hang-bah,烘肉
lo̍k,烙
lō,烙
hia̍p,烚
tsiok,烛
huí,烜
suan,烜
tsing,烝
pok,烞
ian,烟
in,烟
khó,烤
hôo,烰
phû,烰
kíng,烱
kīng,烴
uân,烷
phing,烹
lóng,烺
lōng,烺
hong,烽
hok,焀
hi,焁
siok,焂
hun,焄
khò,焅
ian,焉
iàn,焉
iân,焉
tsùn,焌
ù,焐
ko̍k,焗
puē,焙
pē,焙
pēr,焙
pěr,焙
puē-tê,焙茶
hûn,焚
hûn-huà-lôo,焚化爐
hūn,焜
khun,焜
sûn,焞
thui,焞
thun,焞
sik,焟
tshuì,焠
tshuh,焠
bô,無
bôr,無
bû,無
bô-it-tīng,無一定
bô-tsi̍t-sî-tiānn,無一時定
bô-hē-lo̍h,無下落
bô-liáu-sî,無了時
bô-sū-sái,無事使
bô-sū-bô-kòo,無事無故
bô-sū-bô-pe̍h,無事無白
bô-lâng-iân,無人緣
bô kâng,無仝
bô kāng,無仝
bô-tāi-bô-tsì,無代無誌
bô-tī--leh,無佇咧
bô-i-bô-uá,無依無倚
bô-sio̍h,無俗
bô-guā-kú,無偌久
bô-juā-kú,無偌久
bô-luā-kú,無偌久
bô-thn̂g,無傳
bô-thuân,無傳
bô-thuînn,無傳
bôr-thn̂g,無傳
bô-kè,無價
bô-niú-siúnn,無兩想
bô-niú-bô-siúnn,無兩無想
bô-hun-bô-huē,無分無會
bô-hun-bô-hē,無分無會
bô kàu tsi̍t-puànn,無到一半
bô-la̍t,無力
bô-puànn-phiat,無半撇
bô-puànn-pōo,無半步
bô-puànn-si,無半絲
bô-puànn-hāng,無半項
bô khì,無去
bô--khì,無去
bô--khìr,無去
bû-khó-nāi-hô,無可奈何
bô-bī,無味
bô-bī-bô-sòo,無味無素
bô-miā,無命
bô-phín,無品
bô-siánn-mih,無啥物
bô-siánn-mi̍h,無啥物
bô-siánn-huè,無啥貨
bô-siánn-hè,無啥貨
bôr-sû,無嗣
bô-in-bô-tuann,無因無端
bô-in-tuann,無因端
bô-in-tì-tuann,無因致端
bô-kàu,無夠
bô-kàu-ge̍h,無夠月
bô-kàu-gue̍h,無夠月
bô-kàu-tāng,無夠重
bô-kàu-gia̍h,無夠額
bô-tuā-bô-suè,無大無細
bô-tuā-bô-sè,無大無細
bô thian-lí,無天理
bô thinn-lí,無天理
bô-thian-liông,無天良
bô-nāi,無奈
bô-ta-uâ,無奈何
bû-hông,無妨
bô-tiānn,無定
bô-tiānn-tio̍h,無定著
bô-sió-sim,無小心
bô-bué-hāng,無尾巷
bô-bé-hāng,無尾巷
bô-bué-hîm,無尾熊
bô-bé-hîm,無尾熊
bô-kio̍k,無局
bô-tsha,無差
bû-siông,無常
bô-tué,無底
bô-té,無底
bô-tī-tāi,無底代
bô-tí-tsí,無底止
bô-tī-bô-tāi,無底無代
bô-tiunn-tî,無張持
bô-tiunn-bô-tî,無張無持
bô-hîng,無形
bû-hîng,無形
bô-tshái,無彩
bô-tshái-kang,無彩工
bô-iánn,無影
bô-iánn-bô-tsiah,無影無跡
bô-tik-bô-tiānn,無得無定
bô-sim,無心
bô-sim-tsiânn,無心情
bô-sim-tsîng,無心情
bô-sim-kuann,無心肝
bô-tsîng,無情
bô-ì-tiong,無意中
bô-ì-bô-sù,無意無思
bô ài,無愛
bôr ài,無愛
bû-sóo-uì,無所謂
bû-sóo-uī,無所謂
bô-tsâi,無才
bô tsâi-tiāu,無才調
bô-tá-kín,無打緊
bô-tánn-kín,無打緊
bô-tú-hó,無拄好
bô-án-nuá,無按怎
bô-án-ná,無按怎
bô-án-tsuánn,無按怎
bô-siá-sì,無捨施
bô-siá-bô-sì,無捨無施
bô-khuà,無掛
bô-khà,無掛
bô-lám-bô-ne,無攬無拈
bô-hāu,無效
bû-sòo,無數
bô-sî-thîng,無時停
bô-sî-tiānn,無時定
bô-sî-tik-tiānn,無時得定
bô-sî-tiām,無時恬
bô-sî-bô-tsūn,無時無陣
bô-sî-îng,無時閒
bô-sî-tsūn,無時陣
bô-mê-bô-ji̍t,無暝無日
bô-mî-bô-li̍t,無暝無日
bô-bāng,無望
bô-bóo-bô-kâu,無某無猴
bô-pue,無桮
bô-pōo,無步
bô m̄-tio̍h,無毋著
bû-pí,無比
bô-khuì,無氣
bô-tap-sap,無沓屑
bô-tap-bô-sap,無沓無屑
bô-huat--i,無法伊
bô-huat-tōo,無法度
bû-huat-bû-thian,無法無天
bô-tsù-ì,無注意
bû-lí,無理
bô-gî,無疑
bô-gî-gōo,無疑悟
bô-gî-ngōo,無疑悟
bô-tik-khak,無的確
bô-puânn,無盤
bô-siong-kan,無相干
bô-bîn,無眠
bû-ti,無知
bô-gāi-tio̍h,無礙著
bô-sîn,無神
bô-lé,無禮
bô-lé-sòo,無禮數
bô-lé-māu,無禮貌
bô-khang,無空
bô-tuann-bô-kòo,無端無故
bô-tsing-tsha,無精差
bô-suè-lī,無細膩
bô-sè-jī,無細膩
bô-suànn,無線
bô-suànn-tiān,無線電
bô-iân,無緣
bô-iân-bô-kòo,無緣無故
bô-liâu,無聊
bô-liâu-bô-lē,無聊無賴
bô-siann,無聲
bô-siann-bô-seh,無聲無說
bô-siann-bô-sueh,無聲無說
bô-lîng,無能
bû-lîng,無能
bô-tánn,無膽
bô-tshàu-siâu,無臭潲
bô-tshàu-bô-siâu,無臭無潲
bô-liông-sim,無良心
bô-gē,無藝
bô-iàu-bô-kín,無要無緊
bô iàu-kín,無要緊
bô-iàu-kín,無要緊
bô-á-kín,無要緊
bôr-á-kín,無要緊
bô uē kóng ka-ló,無話講茭荖
bô uē thang kóng,無話通講
bô-lūn,無論
bô-kóng-bô-tànn,無講無呾
bô-gī-niū,無議量
bô-lōo,無路
bô-lōo-lâi,無路來
bô-lōo-iōng,無路用
bô-lōo-īng,無路用
bô-khah-tsua̍h,無較縒
bô-su-iânn,無輸贏
bô-su-siang,無輸雙
bû-koo,無辜
bô pān-huat,無辦法
bô-thong,無通
bû-pian,無邊
bô-liōng,無量
bô-siau,無銷
bô-tshò,無錯
bô-îng,無閒
bô-îng-tshih-tshih,無閒𩑾𩑾
bô-kuan-hē,無關係
bôr-kuan-hē,無關係
bô-hān,無限
bû-hān,無限
bû-hui,無非
bô-bīn-tsú,無面子
bô-thâu-sîn,無頭神
bô-kiâm-bô-siam,無鹹無纖
ta,焦
tsiau,焦
na,焦
ta-liāu,焦料
ta-sué,焦洗
ta-sé,焦洗
ta-khok-khok,焦涸涸
ta-sò,焦燥
ta-hī,焦耳
ta-hīnn,焦耳
ta-lian,焦蔫
ta-sang,焦鬆
tsiau-tiám,焦點
juat,焫
him,焮
hìm,焮
tok,焯
tshiok,焯
tsiok,焯
iām,焰
iām,焱
iānn,焱
i̍k,焲
kong,焵
kòng,焵
giân,然
jiân,然
liân,然
jiân-āu,然後
liân-āu,然後
sîm,煁
tsióng,煄
hui,煇
hun,煇
liān,煉
huan,煊
suan,煊
sing,煋
hông,煌
tsiáu,煍
tsian,煎
tsuann,煎
tsian-sî,煎匙
tsian-kué,煎粿
tsian-ké,煎粿
tsuann tê,煎茶
tsuann-io̍h,煎藥
tsuann io̍h-á,煎藥仔
tsuann-io̍h-á,煎藥仔
tsuann-io̍rh-á,煎藥仔
tsian-piánn,煎餅
pik,煏
piak,煏
piak-toh,煏桌
piak-iû,煏油
piak-khang,煏空
uí,煒
huan,煖
luán,煖
suan,煖
luán,煗
ian,煙
ian-á-hî,煙仔魚
ian-á-hû,煙仔魚
ian-n̄g,煙暈
ian-hué,煙火
ian-hé,煙火
ian-tâng,煙筒
ian-tâng-kóng,煙筒管
ian-tshiân,煙腸
ian-tshiâng,煙腸
ian-bū,煙霧
ian-thûn,煙黗
io̍k,煜
sat,煞
suah,煞
sannh,煞
suah-liáu-tāi,煞了代
suah--khì,煞去
suah-bué,煞尾
suah-bé,煞尾
suah-bué-á-kiánn,煞尾仔囝
suah-bé-á-kiánn,煞尾仔囝
suah-bér-á-kiánn,煞尾仔囝
suah-bér-kiánn,煞尾囝
suah-bué-tsáinn,煞尾指
suah-kang,煞工
sannh-sim,煞心
suah-hì,煞戲
suah-suah--khì,煞煞去
suah-sîn,煞神
suah--tio̍h,煞著
suah-kóo,煞鼓
ia̍p,煠
sah,煠
sa̍h,煠
sā,煠
khi̍t,煡
jiú,煣
buê,煤
muê,煤
muî,煤
huàn,煥
hú,煦
tsiàu,照
tsiò,照
tsiàu-lē,照例
tsiàu-guân,照原
tsiàu-hoo-tsiàu-kiânn,照呼照行
tsiàu-phín-tsiàu-kiânn,照品照行
tsiàu-si̍t,照實
tsiò-siā,照射
tsiàu-siông,照常
tsiàu-bîng,照明
tsiò-bîng,照明
tsiàu-huē,照會
tsiàu-iūnn,照樣
tsiàu-pōo-lâi,照步來
tsiàu-kóng,照講
tsiàu-hōo,照護
tsiàu-khí-kang,照起工
tsiàu-pān,照辦
tsiò-kiànn,照鏡
tsiò-tiān-kong,照電光
tsiàu-kòo,照顧
ue,煨
huân,煩
huân-sim,煩心
huân-ló,煩惱
iû,煪
tshiu,煪
tsiu,煪
iâng,煬
iông,煬
iāng,煬
tsí,煮
tsír,煮
tsú,煮
tsú-tsia̍h,煮食
tsú-tsiā--ê,煮食的
tsú-tsia̍h-kûn-á,煮食裙仔
tsí-puīnn--ê,煮飯的
tsír-pn̄g--ê,煮飯的
tsír-pňg--ê,煮飯的
tsú-pn̄g--ê,煮飯的
khò,煰
kò,煰
ôo,煳
tông,煻
tsháu,煼
siàn,煽
siàn-tōng,煽動
un,煾
hóng,熀
liap,熀
hah,熁
hannh,熁
hiap,熁
hia̍p,熁
hannh-sio,熁燒
sik,熄
sit,熄
un,熅
hok,熇
ho,熇
ho-jua̍h,熇熱
ho-lua̍h,熇熱
hîm,熊
hiông,熊
hîm-tánn,熊膽
hun,熏
khiam,熑
liâm,熑
îng,熒
óo,熓
iông,熔
iônn,熔
iûnn,熔
kòng,熕
tshìng,熗
hi,熙
pit,熚
phiau,熛
sio̍k,熟
si̍k,熟
si̍k-sāi,熟似
si̍k-sāi-lâng,熟似人
si̍k-tshiú,熟手
si̍k-liān,熟練
si̍k-thih,熟鐵
ip,熠
sip,熠
si̍p,熠
thang,熥
thn̄g,熥
thong,熥
thuīnn,熥
thňg,熥
ut,熨
ut-táu,熨斗
ut-kim,熨金
gô,熬
ngâu,熬
ngôo,熬
liâu,熮
liú,熮
liû,熮
hàn,熯
au,熰
gia̍t,熱
jia̍t,熱
jua̍h,熱
lia̍t,熱
lua̍h,熱
jua̍h--lâng,熱人
juā--lâng,熱人
lua̍h--lâng,熱人
jia̍t-tshiat,熱切
lia̍t-tshiat,熱切
jia̍t-sàu,熱嗽
lia̍t-sàu,熱嗽
jua̍h-thinn,熱天
juā-thinn,熱天
lua̍h-thinn,熱天
lua̍h-thinn--lâng,熱天人
jia̍t-tài,熱帶
lia̍t-tài,熱帶
jia̍t-té,熱底
lia̍t-tué,熱底
jia̍t-tōo,熱度
lia̍t-tōo,熱度
jia̍t-sim,熱心
lia̍t-sim,熱心
jia̍t-tsîng,熱情
lia̍t-tsîng,熱情
jia̍t-ài,熱愛
lia̍t-ài,熱愛
jia̍t-luân,熱戀
lia̍t-luân,熱戀
jia̍t-to̍k,熱毒
lia̍t-to̍k,熱毒
jia̍t-tsuí-kuàn,熱水罐
jia̍t-tiâu,熱潮
lia̍t-tiâu,熱潮
jia̍t-hué,熱火
lia̍t-hué,熱火
jia̍t-lia̍t,熱烈
lia̍t-lia̍t,熱烈
jua̍h-ta̍k-ta̍k,熱篤篤
lua̍h-ta̍k-ta̍k,熱篤篤
jia̍t-suànn,熱線
lia̍t-suànn,熱線
jua̍h-hip-hip,熱翕翕
lua̍h-hip-hip,熱翕翕
jia̍t-bú,熱舞
lia̍t-bú,熱舞
jua̍h--tio̍h,熱著
jua̍h--tio̍rh,熱著
juā--tio̍h,熱著
lua̍h--tio̍h,熱著
jia̍t-sîng,熱誠
lia̍t-sîng,熱誠
jia̍t-liōng,熱量
lia̍t-liōng,熱量
jia̍t-mn̂g,熱門
lia̍t-mn̂g,熱門
kíng,熲
tsiam,熸
hi,熹
hi,熺
hip,熻
tshì,熾
siān,燀
tshian,燀
iap,燁
thâm,燂
tsiâm,燂
giân,燃
hiânn,燃
jiân,燃
liân,燃
jiân-liāu,燃料
liân-liāu,燃料
hiânn-tshâ,燃柴
hiânn-tsuí,燃水
hiânn-hué,燃火
hiânn-hé,燃火
iām,燄
ting,燈
ting-á-hé,燈仔火
ting-á-hue,燈仔花
ting-kng,燈光
ting-khū,燈具
ting-kū,燈具
ting-thah,燈塔
ting-tsō,燈座
ting-sim,燈心
ting-iû,燈油
ting-hué,燈火
ting-hé,燈火
ting-tshai,燈猜
ting-nâ-á-hue,燈籃仔花
ting-tà,燈罩
ting-lâ,燈膋
tun,燉
tūn,燉
sin,燊
tsiau,燋
liâu,燎
liāu,燎
lîn,燐
siau,燒
sio,燒
sior,燒
sio-hut-hut,燒唿唿
sio-khì,燒氣
sio-tsuí,燒水
sio-tsuí-kuàn,燒水罐
sio-tsuí-tē,燒水袋
sio-kún-kún,燒滾滾
sio-hōng-hōng,燒烘烘
sio-lō,燒烙
sio-ho,燒熇
sio-jua̍h,燒熱
sio-lua̍h,燒熱
sio-thǹg-thǹg,燒燙燙
sio-kuàn,燒罐
sior-kuàn,燒罐
sio-bah,燒肉
sio-tio̍h,燒著
sio-tsiú,燒酒
sio-tsiú-lê,燒酒螺
sio-tsiú-ke,燒酒雞
sio-tsiú-kue,燒酒雞
sio-kim,燒金
sio-hong,燒風
sio-hiunn,燒香
huan,燔
huân,燔
ian,燕
iàn,燕
ìnn,燕
ìnn--á,燕仔
ìnn-á,燕仔
ìnn-á-tsiáu,燕仔鳥
iàn-tsâu-khu,燕巢區
iàn-o,燕窩
sîm,燖
tsiâm,燖
tīm,燖
tīm-póo,燖補
tīm-e,燖鍋
tīm-ue,燖鍋
hué,燘
thǹg,燙
tōng,燙
būn,燜
būn-pn̄g,燜飯
iânn,營
îng,營
îng-lī,營利
îng-kiàn,營建
îng-siu,營收
îng-gia̍p,營業
îng-tsō,營造
îng-ūn,營運
iânn-tuī,營隊
îng-ióng,營養
îng-ióng-su,營養師
hiok,燠
sò,燥
sòo,燥
sòr,燥
sò-tsuí,燥水
tshàn,燦
tshàn-lān,燦爛
suī,燧
huí,燬
tsik,燭
tsiok,燭
tsik-kng,燭光
tsik-tâi,燭台
siat,燮
lâm,燷
khó,燺
hun,燻
sīn,燼
tsīn,燼
tiû,燽
tô,燽
tō,燽
tô,燾
tō,燾
iāu,燿
lám,爁
lām,爁
nà,爁
nah,爁
nah-ji̍t,爁日
nah-li̍t,爁日
nà-ji̍t,爁日
nà-li̍t,爁日
po̍k,爆
po̍k-tsah,爆炸
po̍k-tsà,爆炸
po̍k-huat,爆發
jia̍t,爇
jua̍t,爇
siat,爇
lia̍p,爉
hùn,爋
lik,爍
lo̍k,爍
siok,爍
sih,爍
sih-nah,爍爁
sih-nà,爍爁
sinnh-nah,爍爁
sinnh-nà,爍爁
sih-sih-tsùn,爍爍顫
lôo,爐
lôo-tan,爐丹
lôo-tsú,爐主
iâm,爓
iām,爓
io̍k,爚
lān,爛
nuā,爛
nuǎ,爛
nuā-thôo,爛塗
nuā-thôo-bê,爛塗糜
nuā-thôo-muâi,爛塗糜
nuā-thôo-muê,爛塗糜
nuā-hiú-hiú,爛朽朽
nuā-kau-á-bê,爛溝仔糜
nuā-koo-á-bêr,爛溝仔糜
nuā-kau-bê-á,爛溝糜仔
nuā-sián,爛癬
nuā-kôo-kôo,爛糊糊
nuā-khî,爛蜞
nuā-thiāu-á,爛𤶃仔
tsiok,爝
thiông,爞
kuàn,爟
tshuàn,爨
giáu,爪
jiáu,爪
niáu,爪
jiáu-á,爪仔
niáu-á,爪仔
pâ,爬
pê,爬
tsenn,爭
tsing,爭
tsinn,爭
tsing-tshú,爭取
tsing-tsip,爭執
tsing-tua̍t,爭奪
tsing-khuân-tua̍t-lī,爭權奪利
tsing-kuân-tua̍t-lī,爭權奪利
tsing-lūn,爭論
tsing-gī,爭議
tsing-piān,爭辯
uân,爰
uān,爰
tsiak,爵
tsiok,爵
tsik,爵
hū,父
hū-hing,父兄
hū-bió,父母
hū-ló,父老
hū-tshin,父親
pa,爸
pâ,爸
pó,爸
póo,爸
pē,爸
pah,爸
pâ--á,爸仔
pē-á-kiánn,爸仔囝
pē-kong-gia̍p,爸公業
pē-bó,爸母
pē-bú,爸母
pě-bú,爸母
pa-pa,爸爸
pa-pah,爸爸
pá-pah,爸爸
pē-lāu-kiánn-iù,爸老囝幼
tia,爹
iâ,爺
gâu,爻
ngâu,爻
sóng,爽
sńg,爽
sóng-khuài,爽快
sóng-uainn-uainn,爽歪歪
ní,爾
jínn,爾
jú,爾
niā,爾
nī,爾
niā-niā,爾爾
tsiông,爿
pîng,爿
tshông,牀
ko,牁
tsong,牂
tshiâng,牆
tshiông,牆
tshiônn,牆
tshiûnn,牆
tshiûnn-á,牆仔
tshiûnn-uî,牆圍
phiàn,片
phìnn,片
phìnn-siong,片商
phìnn-tshiúnn,片廠
phiàn-tuān,片段
phìnn-thâu,片頭
pán,版
pán-tôo,版圖
pán-pún,版本
pán-khuân,版權
pán-kuân,版權
pán-uē,版畫
pán-bīn,版面
phuàn,牉
tsian,牋
pâi,牌
pâi-á,牌仔
pâi-pián,牌匾
pâi-tsú,牌子
pâi-tsiàu,牌照
pâi-tsiò,牌照
tshong,牎
jū,牏
tsù,牏
tù,牏
tia̍p,牒
póng,牓
pông,牓
iú,牗
to̍k,牘
gê,牙
gâ,牙
gê-tsô,牙槽
gê-tsô-kut,牙槽骨
thing,牚
thìng,牚
thènn,牚
thènn-kuân,牚懸
thènn-thuí,牚腿
thì-thuí,牚腿
thìnn-thuí,牚腿
thènn-thâu,牚頭
gû,牛
giû,牛
gû-á-kiánn,牛仔囝
gû-á-khòo,牛仔褲
gû-kang,牛公
gû-ko,牛哥
gû-kor,牛哥
gû-tshuì-am,牛喙罨
gû-tshuì-lam,牛喙罨
gû-lin,牛奶
gû-ling,牛奶
gû-ni,牛奶
gû-lin-tshuì-á,牛奶喙仔
gû-ling-tshuì-á,牛奶喙仔
gû-ni-tshuì-á,牛奶喙仔
gû-lin-hún,牛奶粉
gû-ling-hún,牛奶粉
gû-ni-hún,牛奶粉
gû-lin-thn̂g,牛奶糖
gû-ling-thn̂g,牛奶糖
gû-ni-thn̂g,牛奶糖
gû-lin-sik,牛奶色
gû-ling-sik,牛奶色
gû-ni-sik,牛奶色
gû-sái-sik,牛屎色
gû-sái-tsiáu-á,牛屎鳥仔
gû-sái-ku,牛屎龜
gû-sut-á,牛捽仔
gû-pâi,牛排
gû-tann,牛擔
gû-khi̍t-á,牛杙仔
gû-bó,牛母
gû-bór,牛母
gû-bú,牛母
gû-iû,牛油
gû-tiâu,牛牢
gû-káng,牛犅
gû-káng-á,牛犅仔
gû-káng-uainnh,牛犅𨂿
gû-tsíng,牛種
gû-tsíng-á,牛種仔
gû-soh,牛索
gû-má-thâu,牛罵頭
gû-mâ-thâu,牛罵頭
gû-siann-bé-âu,牛聲馬喉
gû-bah,牛肉
gû-tōo,牛肚
gû-tōo-pi,牛肚螕
gû-lám,牛腩
gû-tn̂g-bé-tōo,牛腸馬肚
gû-tsi̍h-piánn,牛舌餅
gû-sat,牛蝨
gû-pi,牛螕
gû-moo,牛蟊
gû-kak,牛角
gû-kak-hue,牛角花
gû-kak-kóo,牛角鼓
gû-kak-uainnh,牛角𨂿
gû-kak-uainnh-á,牛角𨂿仔
gû-kǹg,牛貫
gû-tshia,牛車
gû-nn̂g,牛郎
gû-niā,牛陵
gû-tùn-tsháu,牛頓草
gû-thâu,牛頭
gû-thâu bé-bīn,牛頭馬面
gû-phīnn-khian,牛鼻圈
gû-phīnn-khian-á,牛鼻圈仔
gû-phīnn-khuân,牛鼻環
gû-lān-pha-suāinn,牛𡳞脬檨
pín,牝
pīn,牝
bôo,牟
bóo,牡
bóo-tan,牡丹
bóo-tan-khenn,牡丹坑
bóo-tan-siā,牡丹社
bóo-tan-hiong,牡丹鄉
lô,牢
lôo,牢
tiâu,牢
tiâu-pak,牢腹
tiâu-tsâi,牢財
tiâu-tiánn,牢鼎
jīm,牣
môo,牦
bo̍k,牧
bo̍k-tiûnn,牧場
bo̍k-su,牧師
káng,牨
bu̍t,物
mi̍h,物
mn̍gh,物
mih,物
mih-á,物仔
mī-á,物仔
bìn-tāi,物代
mih-tāi,物代
mi̍h-kiānn,物件
mn̄g-kiānn,物件
mn̍gh-kiānn,物件
mī-kiānn,物件
bu̍t-kè,物價
bu̍t-phín,物品
bu̍t-lí,物理
bu̍t-sán,物產
bu̍t-tsióng,物種
bu̍t-tsìng,物證
bu̍t-tsu,物資
bu̍t-tsit,物質
mi̍h-phuè,物配
mn̍gh-phè,物配
mi̍h-tsia̍h,物食
mn̍gh-tsia̍h,物食
bu̍t-thé,物體
tsiàn,牮
kóo,牯
senn,牲
sing,牲
sinn,牲
sing-lé,牲醴
tí,牴
kuàn,牶
tshuan,牷
tsuân,牷
jū,牸
ti̍k,特
ti̍k-sài,特使
ti̍k-lē,特例
ti̍k-kè,特價
ti̍k-pia̍t,特別
ti̍k-bū,特務
ti̍k-khu,特區
ti̍k-tīng,特定
ti̍k-ting,特徵
ti̍k-sìng,特性
ti̍k-ki,特技
ti̍k-hāu,特效
ti̍k-hāu-io̍h,特效藥
ti̍k-iú,特有
ti̍k-khuân,特權
ti̍k-kuân,特權
ti̍k-sû,特殊
ti̍k-phài-guân,特派員
ti̍k-phài-uân,特派員
ti̍k-sán,特產
ti̍k-tsióng,特種
ti̍k-iok,特約
ti̍k-sik,特色
ti̍k-tsit,特質
ti̍k-siú,特首
ti̍k-tiám,特點
bâng,牻
khing,牼
king,牼
khan,牽
khian,牽
khan-bông,牽亡
khan-kong,牽公
khian-tsè,牽制
khan-ang-î,牽尪姨
khan sai-á,牽師仔
khan-ín,牽引
khan-sîng,牽成
khan-tshiú,牽手
khan-khioh,牽抾
khan-thua,牽拖
khan-bán,牽挽
khan-kà,牽教
khan-ha̍t-á,牽核仔
khan-sia̍p,牽涉
khan-gû,牽牛
khan-kâu-á,牽猴仔
khan--ê,牽的
khan-kha̍p,牽磕
khan-hún,牽粉
khan-âng-î,牽紅姨
khan-si,牽絲
khan-suànn,牽線
khan-koo,牽罟
khan-lô-kenn,牽羅經
khan-lô-kinn,牽羅經
khan-kenn,牽羹
khan-kinn,牽羹
khan-tîn,牽藤
khan-ti-ko,牽豬哥
khan-tu-ko,牽豬哥
khan-tshia,牽車
khan-liân,牽連
khan-kha̍h,牽闔
khan-ku-lo̍h-làm,牽龜落湳
ngôo,牾
ngōo,牾
khok,牿
kiáu,牿
sai,犀
se,犀
sai-gû,犀牛
sai-gû-tsiò-kak,犀牛照角
luê,犁
lê,犁
lerê,犁
luê-hn̂g,犁園
luê-tshân,犁田
lê-tshân,犁田
lê-thâu-tiàm,犁頭店
luê,犂
lê,犂
khi,犄
kong,犅
káng,犅
ti̍k,犆
phun,犇
sûn,犉
kian,犍
kiān,犍
hong,犎
khò,犒
khòo,犒
khò-tsiòng,犒將
khò-kun,犒軍
hì,犔
lo̍k,犖
kài,犗
môo,犘
lî,犛
tông,犝
to̍k,犢
hi,犧
hi-sing,犧牲
siû,犨
khián,犬
huān,犯
huǎn,犯
huān-lâng,犯人
huān-lâng-khia,犯人欹
huān-àn,犯案
huān-huat,犯法
huān-tsuē,犯罪
huān-tio̍h,犯著
huān-kui,犯規
huān-tshò,犯錯
tshâi,犲
gān,犴
hân,犴
git,犵
khiat,犵
khòng,犺
hóo,犼
tsn̄g,狀
tsōng,狀
tsiōng,狀
tsiōng-guân,狀元
tsiōng-guân-kué,狀元粿
tsiōng-guân-ké,狀元粿
tsn̄g-sir,狀師
tsōng-thài,狀態
tsōng-hóng,狀況
ún,狁
kông,狂
liú,狃
ti̍k,狄
phi,狉
khik,狊
kik,狊
a̍p,狎
hôo,狐
hôo-lî,狐狸
hôo-lî-tsiann,狐狸精
hôo-kûn-káu-tóng,狐群狗黨
huì,狒
iū,狖
kió,狗
káu,狗
kóo,狗
káu-á,狗仔
káu-kang,狗公
káu-kang-io,狗公腰
káu-sái-ūn,狗屎運
káu-siū,狗岫
káu-bó,狗母
káu-bú,狗母
káu-bó-tsuâ,狗母蛇
káu-bó-e,狗母鍋
káu-bó-ue,狗母鍋
káu-bó-hî,狗母魚
káu-bó-hû,狗母魚
káu-bú-hî,狗母魚
káu-bú-hû,狗母魚
káu-bó-so,狗母鮻
káu-bú-so,狗母鮻
káu-mn̂g-á-thâng,狗毛仔蟲
káu-gê,狗牙
káu-khang,狗空
káu-bah-siàu,狗肉數
káu-sat,狗蝨
káu-hiā,狗蟻
káu-hiǎ,狗蟻
káu-hiā-ti̍h-á,狗蟻碟仔
káu-sua,狗鯊
káu-gām-á,狗𩸶仔
káu-kām-á,狗𩸶仔
huat,狘
ua̍t,狘
tshù,狙
tsu,狙
gûn,狠
hún,狠
káu,狡
káu-kuài,狡怪
kiat,狤
jiông,狨
siù,狩
siú,狩
ló,狫
pè,狴
pí,狴
pē,狴
bâng,狵
hi,狶
hí,狶
kuàn,狷
lî,狸
lî-bâ,狸猫
ere̍h,狹
e̍h,狹
hia̍p,狹
ue̍h,狹
e̍h-tsinn-tsinn,狹櫼櫼
ue̍h-tsinn-tsinn,狹櫼櫼
gûn,狺
suan,狻
tsùn,狻
liông,狼
lông,狼
lông-to̍k,狼毒
liông-puē,狼狽
lông-puē,狼狽
puē,狽
hau,猇
ngâu,猇
tî,猇
gê,猊
jî,猊
lî,猊
phiau,猋
gīn,猌
tshiok,猎
tsik,猎
iam,猒
iàm,猒
kó,猓
tshiang,猖
tshiong,猖
hê,猗
tsing,猙
bíng,猛
mé,猛
bíng-tsiòng,猛將
mé-lia̍h,猛掠
mé-hué,猛火
mé-hé,猛火
bíng-siù,猛獸
bíng-khîm,猛禽
mé-tshénn,猛醒
mé-tshínn,猛醒
tshai,猜
tshai-sióng,猜想
tshai-gî,猜疑
tsut,猝
hôo,猢
ôo,猢
ue,猥
uân,猨
sing,猩
sing-sing,猩猩
ti,猪
tsu,猪
tu,猪
biâu,猫
bâ,猫
bâ-á,猫仔
iân,猭
hiàn,献
khiat,猰
jiû,猱
lô,猱
hiat,猲
ka,猳
kâu,猴
hiô,猴
hôo,猴
kâu-á,猴仔
kâu-gín-á,猴囡仔
kâu-san,猴山
kâu san--á,猴山仔
kâu-san--á,猴山仔
kâu-san-á,猴山仔
kâu-hì,猴戲
kâu-tshiū-káng,猴樹港
kâu-sí-gín-á,猴死囡仔
kâu-tōng,猴硐
kâu tsê-thian,猴齊天
iû,猶
ah,猶
iah,猶
iu,猶
iá,猶
á,猶
iáu,猶
iu-guân,猶原
ah-sī,猶是
iah-sī,猶是
iá-sī,猶是
iáu-sī,猶是
á-sī,猶是
iáu-ū,猶有
ah-buē,猶未
ah-bē,猶未
iah-buē,猶未
iah-bē,猶未
iá-buē,猶未
iá-bē,猶未
iáu-buē,猶未
iáu-bē,猶未
á-buē,猶未
á-bē,猶未
ah-m̄-kò,猶毋過
iah-m̄-kò,猶毋過
iá-m̄-kò,猶毋過
iáu-m̄-koh,猶毋過
á-m̄-kò,猶毋過
ah-koh,猶閣
iah-koh,猶閣
iá-koh,猶閣
iáu-koh,猶閣
á-koh,猶閣
ah-koh teh,猶閣咧
iah-koh teh,猶閣咧
iá-koh teh,猶閣咧
iáu-koh teh,猶閣咧
á-koh teh,猶閣咧
iû,猷
iâu,猺
sun,猻
ku̍t,猾
uân,猿
mā,獁
gâi,獃
ga̍k,獄
gi̍k,獄
sai,獅
su,獅
sai-á-phīnn,獅仔鼻
sai-á-hiong,獅子鄉
sai-thâm-hiong,獅潭鄉
sai-kah,獅甲
sai-thâu-suann,獅頭山
kìng,獍
tsiáng,獎
tsióng,獎
tsióng-kuàn,獎券
tsióng-kǹg,獎券
tsióng-tsōo,獎助
tsióng-tsōo-kim,獎助金
tsióng-lē,獎勵
tsióng-phín,獎品
tsióng-ha̍k-kim,獎學金
tsióng-pâi,獎牌
tsióng-tsn̄g,獎狀
tsióng-kim,獎金
tsióng-hāng,獎項
bi̍k,獏
bôo,獏
tsiong,獐
tshâm,獑
gô,獒
ngôo,獒
khuat,獗
kuè,獗
pè,獘
pē,獘
lîn,獜
khiat,獝
tông,獞
liâu,獠
hiau,獢
kiau,獢
hiau,獥
kuàn,獧
ta̍k,獨
to̍k,獨
to̍k-it-bû-jī,獨一無二
to̍k-it-bû-lī,獨一無二
to̍k-tsiàm,獨占
to̍k-tsàu,獨奏
to̍k-ka,獨家
to̍k-to̍k,獨獨
to̍k-li̍p,獨立
to̍k-li̍p-suann,獨立山
to̍k-tsū,獨自
to̍k-tshâi,獨裁
to̍k-sin,獨身
to̍k-sin-á,獨身仔
kuè,獪
hiám,獫
hāi,獬
sián,獮
hun,獯
lîng,獰
hi̍k,獲
jû,獳
lōo,獳
la̍h,獵
lia̍p,獵
kóng,獷
siù,獸
siù-i,獸醫
lôo,獹
that,獺
thuah,獺
hiàn,獻
hiàn-kìng,獻敬
hiàn-tsuá,獻紙
hiàn kè,獻計
hiàn-sin,獻身
bî,獼
huan,獾
hiám,玁
khok,玃
hiân,玄
biāu,玅
lu̍t,率
sut,率
lôo,玈
gio̍k,玉
gi̍k,玉
gio̍k-tsénn-khu,玉井區
gio̍k-á,玉仔
gi̍k-á,玉仔
gio̍k-san,玉山
gio̍k-suann,玉山
gi̍k-khuân,玉環
gio̍k-hông-tāi-tè,玉皇大帝
gio̍k-bí,玉米
gio̍k-lân-hue,玉蘭花
gio̍k-lí,玉里
gio̍k-lí-tìn,玉里鎮
ông,王
ông-lâu,王劉
ông-hiō,王后
ông--ko-liú--ko,王哥柳哥
ông-kok,王國
ông-hui,王妃
ông-tsú,王子
ông-ia̍h,王易
ông-tiâu,王朝
ông-lí,王李
ông-lâi,王梨
ông-lâi-soo,王梨酥
ông-iâ,王爺
ông-iâ-tsè,王爺債
ông-pâi,王牌
ông-lo̍k-á,王祿仔
ông-kiàn-ông,王見王
ông-gân,王顏
ting,玎
tik,玓
tshuan,玔
kan,玕
káu,玖
kiú,玖
î,玗
û,玗
khí,玘
kí,玘
kong,玜
hu,玞
bîn,玟
bûn,玟
kài,玠
pin,玢
pāng,玤
gua̍t,玥
kuat,玦
ún,玧
kak,玨
guán,玩
uán,玩
muî,玫
muî-kuì,玫瑰
muî-kuì tiong-kok-siânn,玫瑰中國城
muî-kuì-hue,玫瑰花
lîng,玲
lin,玲
lîn-lo̍k-siā,玲珞社
lin-long-á,玲瑯仔
lin-long-kóo,玲瑯鼓
tāi,玳
kè,玴
ē,玴
gâm,玵
pîng,玶
tiam,玷
tiàm,玷
hiân,玹
hiān,玹
po,玻
poo,玻
por,玻
po-lê,玻璃
po-lê-tshing,玻璃清
po-lê-tshài,玻璃菜
tshé,玼
tshû,玼
góo,玽
kió,玽
phik,珀
kho,珂
sin,珅
î,珆
tsóo,珇
ka,珈
bîn,珉
san,珊
suan,珊
suan-lôo,珊瑚
suan-ôo,珊瑚
pit,珌
tin,珍
tsin,珍
tin-pó,珍寶
tin-sioh,珍惜
tin-tsông,珍藏
tin-kuì,珍貴
tin-tiōng,珍重
tin,珎
kak,珏
kàu,珓
kióng,珙
hiok,珛
hiù,珛
hú,珝
lo̍k,珞
tsu,珠
tsu-á,珠仔
tsu-á-ting,珠仔釘
tsu-á-tsiam,珠仔針
tsu-á-ku,珠仔龜
tsu-pó,珠寶
tsu-luī,珠淚
tsu-tshang,珠蔥
tsu-lê,珠螺
tsu-lê-kuê,珠螺膎
tsu-lê-kê,珠螺膎
tsu-ting,珠釘
sûn,珣
jínn,珥
jī,珥
hiòng,珦
iâu,珧
hâng,珩
hîng,珩
ke,珪
kui,珪
tshiong,珫
sut,珬
pan,班
pan-kip,班級
pan-tiúnn,班長
puē,珮
puè,珮
gô,珴
ngôo,珴
tîng,珵
tē,珶
bú,珷
gôo,珸
sîng,珹
kūn,珺
muî,珻
puè,珼
thíng,珽
hiàn,現
hiān,現
hiān-sì,現世
hiān-kau-kuan,現交關
hiān-kim,現今
hiān-á,現仔
hiān-tāi,現代
hiān-tāi-lâng,現代人
hiān-jīm,現任
hiān-līm,現任
hiān-tsāi,現在
hiān-tiûnn,現場
hiān-si̍t,現實
hiān-sîng,現成
hiān-tú-hiān,現拄現
hiān-sî,現時
hiān-iú,現有
hiān-tshú-sî,現此時
hiān-tsú-sî,現此時
hiān-hóng,現況
hiān-lâu-á,現流仔
hiān-tsōng,現狀
hiān-hiān,現現
hiàn-hing,現胸
hiān-siōng,現象
hiān-huè,現貨
hiān-hè,現貨
hiàn-sin,現身
hiān-kim,現金
hâm,琀
suân,琁
kiû,球
kiû-iú,球友
kiû-guân,球員
kiû-uân,球員
kiû-thuân,球團
kiû-tiûnn,球場
kiû-kuì,球季
kiû-ki,球技
kiû-pe,球桮
kiû-pue,球桮
kiû-tshuê,球箠
kiû-tshê,球箠
kiû-sài,球賽
kiû-bê,球迷
kiû-king,球間
kiû-tuī,球隊
kiû-uê,球鞋
kiû-ê,球鞋
kiû-luī,球類
hiân,琄
kuan,琄
lông,琅
lí,理
lí-sū,理事
lí-huà,理化
lí-ke,理家
lí-kang,理工
lí-liām,理念
lí-sìng,理性
lí-sióng,理想
lí-sóo-tong-jiân,理所當然
lí-sóo-tong-liân,理所當然
lí-tì,理智
lí-khì,理氣
lí-iû,理由
lí-kàm-sū,理監事
lí-kái,理解
lí-lūn,理論
lí-tsâi,理財
lí-lōo,理路
siù,琇
hu,琈
liû,琉
liû-khiû-hiong,琉球鄉
liû-kiû-hiong,琉球鄉
iâ,琊
hi,琋
lîng,琌
lī,琍
tsán,琖
ku,琚
thim,琛
bîn,琝
thián,琠
tián,琠
tshiok,琡
tsiok,琡
tok,琢
tsing,琤
hóo,琥
kî,琦
khun,琨
kî,琪
póng,琫
uán,琬
tsong,琮
kuan,琯
kuán,琯
iám,琰
tiau,琱
puē,琲
lîm,琳
khîm,琴
khîm-jí,琴子
khîm-tsing-á,琴鐘仔
pî,琵
pî-pê,琵琶
pâ,琶
pê,琶
khîm,琹
huat,琺
hûn,琿
í,瑀
ú,瑀
mōo,瑁
puē,瑁
suan,瑄
thê,瑅
giû,瑈
jiû,瑈
liû,瑈
bîn,瑉
hâm,瑊
tsim,瑊
uí,瑋
juán,瑌
luān,瑌
huàn,瑍
thuân,瑑
iông,瑒
tsuân,瑔
hâ,瑕
uān,瑗
ló,瑙
lóo,瑙
hôo,瑚
ôo,瑚
ing,瑛
jî,瑜
jû,瑜
lû,瑜
û,瑜
hông,瑝
suī,瑞
suī-hô,瑞和
suī-guân,瑞源
suī-suī,瑞穗
tsuí-bué,瑞穗
suī-suī-hiong,瑞穗鄉
suī-hong,瑞芳
suī-hong-khu,瑞芳區
sik,瑟
sit,瑟
liû,瑠
iông,瑢
tshó,瑣
só,瑣
sóo,瑣
iâu,瑤
oo,瑦
oó,瑦
óo,瑦
tsin,瑧
tsìn,瑨
îng,瑩
bé,瑪
má,瑪
má-ka-hiong,瑪家鄉
bé-ló,瑪瑙
má-sok,瑪鋉
liû,瑬
tông,瑭
li̍k,瑮
li̍t,瑮
lông,瑯
long,瑯
lông-kiau,瑯嶠
kuì,瑰
thiàn,瑱
tiân,瑱
tsin,瑱
tshiong,瑲
tshong,瑲
tsho,瑳
su,瑹
tshiong,瑽
kín,瑾
kīn,瑾
hê,瑿
tsuê,璀
tshong,璁
kî,璂
lê,璃
lî,璃
kíng,璄
íng,璄
tsó,璅
kiû,璆
suân,璇
suān,璇
suān-tsio̍h,璇石
suān-tsio̍rh,璇石
suān-tsiō,璇石
suǎn-tsio̍h,璇石
suān-tsio̍h-tshuì,璇石喙
suān-pit,璇筆
gô,璈
ngôo,璈
lián,璉
buân,璊
bûn,璊
tsiong,璋
lōo,璐
tōng,璗
lîn,璘
hîng,璜
hông,璜
phok,璞
phoh-si̍h-koh,璞石閣
phok-si̍k-koh,璞石閣
kíng,璟
íng,璟
huan,璠
huân,璠
tsin,璡
tsìn,璡
liû,璢
ki,璣
kìng,璥
kíng,璥
ài,璦
phik,璧
tshàn,璨
kî,璩
kû,璩
tsó,璪
tong,璫
khuân,環
huân,環
huân-pó,環保
khuân-pó,環保
khuân-pak,環北
khuân-kíng,環境
khuân-tó,環島
khuân-tóo,環島
khuân-kiû,環球
khuân-tsiat,環節
sik,璱
suī,璲
î,璵
û,璵
būn,璺
hùn,璺
sí,璽
sú,璽
suân,璿
juán,瓀
li̍k,瓅
khiông,瓊
khîng,瓊
khîng-hue,瓊花
liông,瓏
lông,瓏
lôo,瓐
lān,瓓
ing,瓔
siong,瓖
kuàn,瓘
tsàn,瓚
hiàn,瓛
huân,瓛
kua,瓜
kue,瓜
kue-á,瓜仔
kue-á-nî,瓜仔哖
kue-khau-á,瓜剾仔
kue-tsí,瓜子
kua-kó,瓜果
kue-le̍h-á,瓜笠仔
kua-kat,瓜葛
tia̍t,瓞
pâu,瓟
hôo,瓠
pû-láu-khok-á,瓠佬觳仔
pû-hia-bō,瓠桸帽
pû-hia-khok,瓠桸觳
puî-hia-khok-á,瓠桸觳仔
phiâu,瓢
phiô,瓢
pān,瓣
bān,瓣
giông,瓤
jiông,瓤
liông,瓤
nn̂g,瓤
hiā,瓦
huā,瓦
uá,瓦
hiā-tshù,瓦厝
uá-sir,瓦斯
hiā-phuè,瓦杮
hiā-phè,瓦杮
hiā-phuè-á,瓦杮仔
hiā-phè-á,瓦杮仔
hiā-iô,瓦窯
hāu-phiann,瓦缾
uá-kái,瓦解
hóng,瓬
òng,瓮
hôo,瓳
lîng,瓴
pân,瓶
pîn,瓶
tsû,瓷
huî,瓷
huî-á,瓷仔
huî-á-tiàm,瓷仔店
thi,瓻
tshi,瓻
tóng,瓽
tōng,瓽
phóo,瓿
tshiù,甃
tsin,甄
tsin-tshì,甄試
gia̍t,甈
khè,甈
lóo,甊
tik,甋
au,甌
io,甌
oo,甌
au-á,甌仔
bîng,甍
bòng,甍
bōng,甍
phìng,甏
tsing,甑
tsīng,甑
bú,甒
phia̍h,甓
phi̍k,甓
tam,甔
àng,甕
òng,甕
àng-á,甕仔
àng-tōo,甕肚
ing,甖
gián,甗
hiàn,甗
kam,甘
kam-sim,甘心
kam-tinn,甘甜
kam-tshó,甘草
kam-tsià,甘蔗
kam-tsià-phoh,甘蔗粕
kam-guān,甘願
sīm,甚
sīm-tsì,甚至
tinn,甜
tiâm,甜
tinn-thng,甜湯
tinn-kue,甜瓜
tinn-but-but,甜粅粅
tinn-kué,甜粿
tinn-ké,甜粿
tinn-kér,甜粿
tinn-tê,甜茶
tinn-bi̍t,甜蜜
tinn-giân-bi̍t-gí,甜言蜜語
tinn-giân-bi̍t-gú,甜言蜜語
tinn-tāu,甜豆
tinn-lōo,甜路
tinn-thâu,甜頭
tshenn,生
tshinn,生
senn,生
sing,生
sinn,生
senn-á,生仔
sinn-á,生仔
senn-hūn,生份
sinn-hūn,生份
tshenn-hūn,生份
tshinn-hūn,生份
senn-hūn-lâng,生份人
sinn-hūn-lâng,生份人
tshenn-hūn-lâng,生份人
tshinn-hūn-lâng,生份人
senn-tsò,生做
sinn-tsuè,生做
tshenn-líng,生冷
tshinn-líng,生冷
tshenn-tshìn-hong,生凊風
tshinn-tshìn-hong,生凊風
sing-li̍k-kun,生力軍
sing-tōng,生動
sing-huà,生化
senn-nn̄g,生卵
sinn-nn̄g,生卵
senn-kiánn,生囝
sinn-kiánn,生囝
senn gín-á,生囡仔
senn-gín-á,生囡仔
sinn gín-á,生囡仔
sinn-gín--á,生囡仔
sinn-gín-á,生囡仔
sing-tsûn,生存
sing-pîng,生平
senn-tiunn,生張
sinn-tiunn,生張
sing-thài,生態
sing-thài hn̂g-khu,生態園區
senn-sîng,生成
senn-tsiânn,生成
sinn-sîng,生成
sinn-tsiânn,生成
tshenn-tshiú,生手
tshinn-tshiú,生手
sing-hāu,生效
senn-ji̍t,生日
sinn-li̍t,生日
senn-sî-ji̍t-gue̍h,生時日月
sinn-sî-li̍t-ge̍h,生時日月
senn-pún,生本
sinn-pún,生本
senn-kin,生根
sinn-kin,生根
senn-suāinn-á,生檨仔
sinn-suāinn-á,生檨仔
sinn-suǎinn-á,生檨仔
senn-sí,生死
sinn-sí,生死
senn-tsuí,生水
sinn-tsuí,生水
sing-ua̍h,生活
sing-gâi,生涯
senn-thuànn,生湠
sinn-thuànn,生湠
tshenn-gû-á,生牛仔
tshinn-gû-á,生牛仔
sing-bu̍t,生物
tshenn-kông,生狂
tshinn-kông,生狂
tshenn-kâu,生猴
tshinn-kâu,生猴
sing-lí,生理
sing-lí-lâng,生理人
sing-lí-tiûnn,生理場
sing-lí-hóo,生理虎
sinn-kue,生瓜
sing-sán,生產
tshenn-huan,生番
tshinn-huan,生番
tshenn-soo,生疏
tshinn-soo,生疏
senn-kè,生疥
sinn-kerè,生疥
sinn-kuè,生疥
senn-tshng,生瘡
sinn-tshng,生瘡
senn sián,生癬
sinn sián,生癬
senn-ing,生癰
sinn-ing,生癰
sinn-ing-á,生癰仔
sinn-ba̍k-tsiam,生目尖
sinn-ba̍k-sái-tsiam,生目屎針
senn-ba̍k-tsiam,生目針
sinn-ba̍k-tsiam,生目針
senn-siùnn,生相
sinn-siùnn,生相
tshenn-tsin,生真
tshinn-tsin,生真
sinn-lia̍p,生粒
senn-lia̍p-á,生粒仔
sinn-lia̍p-á,生粒仔
sing-io̍k,生育
senn-tn̂g,生腸
sinn-tn̂g,生腸
senn-koo,生菇
sinn-koo,生菇
tshenn-tshài,生菜
tshinn-tshài,生菜
tshenn-kiunn,生薑
tshinn-kiunn,生薑
senn-giân-tsō-gí,生言造語
sinn-giân-tsō-gú,生言造語
sing-kè,生計
senn-uē,生話
sinn-uē,生話
tshenn-kha-siàu,生跤數
tshinn-kha-siàu,生跤數
senn-lōo,生路
sinn-lōo,生路
senn-sian,生鉎
sinn-sian,生鉎
senn-ue,生鍋
sinn-e,生鍋
sinn-er,生鍋
senn-ue-á,生鍋仔
sinn-e-á,生鍋仔
senn-thih,生鐵
sinn-thih,生鐵
sing-tióng,生長
senn-tn̂g-miā-té,生長命短
sinn-tn̂g-miā-tué,生長命短
senn-mn̂g,生門
sinn-mn̂g,生門
tshenn-thâu-tshìn-bīn,生頭凊面
tshinn-thâu-tshìn-bīn,生頭凊面
tshenn-kiann,生驚
tshinn-kiann,生驚
sin,甡
sán,產
sán-phín,產品
sán-tuē,產地
sán-tē,產地
sán-pô,產婆
sán-pôr,產婆
sán-hū,產婦
sán-pâng,產房
sán-gia̍p,產業
sán-bu̍t,產物
sán-sing,產生
sán-lîng,產能
sán-liōng,產量
sán-siau,產銷
juî,甤
sing,甥
soo,甦
iōng,用
īng,用
iōng-lâi,用來
īng-lâi,用來
iōng-kū,用具
iōng-kong,用功
iōng-phín,用品
iōng-tuē,用地
iōng-tē,用地
iōng-sim,用心
iōng-ì,用意
iōng-hōo,用戶
iōng-huat,用法
īng-huat,用法
iōng-gí,用語
iōng-gú,用語
iōng-tôo,用途
suè,甩
lut,甪
hú,甫
ióng,甬
bàng,甭
bīng,甯
lîng,甯
līn,甯
līng,甯
tiân,田
tshân,田
tiân-tiong,田中
tshân-tiong-ng,田中央
tiân-tiong-tìn,田中鎮
tshân-tiān,田佃
tshân-kiâu,田僑
tshân-kiâu-á,田僑仔
tshân-hn̂g,田園
tshân-tuē,田地
tshân-tē,田地
tshân-khuè,田契
tshân-khè,田契
iam-mi,田嬰
tshân-enn,田嬰
tshân-inn,田嬰
tshân-ne,田嬰
tshân-ni,田嬰
tshân-liâu-khu,田寮區
tshân-bué-hiong,田尾鄉
tshân-huānn,田岸
tshân-huānn-lōo,田岸路
tshân-tsng,田庄
tshân-tsng-lâng,田庄人
tshân-pe,田桮
tshân-tsoo,田租
tshân-kap-á,田蛤仔
tshân-kap-á-siû,田蛤仔泅
tshân-lê,田螺
tshân-lêr,田螺
tiân-iá,田野
iû,由
iû-lâi,由來
iû-tsāi,由在
kah,甲
kap,甲
kah-sian-khu,甲仙區
kah-tsí,甲子
kah-sī,甲是
kah-pán,甲板
kah-ha̍h-le̍h,甲箬笠
kah-nā,甲若
kah-bé,甲馬
sin,申
sin-uan,申冤
sin-pò,申報
sin-tôo,申屠
sin-sòo,申訴
sin-tshíng,申請
sin-pān,申辦
hut,甶
lâm,男
lâm-sū,男士
lâm-lí,男女
lâm-lú,男女
lâm-tsú,男子
lâm-tsú-hàn,男子漢
lâm-sìng,男性
lâm-hong,男方
lâm-tsong,男裝
sìng,甸
tiân,甸
tiān,甸
iû,甹
phing,甹
ting,町
tíng,町
huā,画
khián,甽
tsu,甾
bîng,甿
bông,甿
bóo,畆
ûn,畇
huàn,畈
king,畊
tiân,畋
kuè,界
kài,界
kè,界
kài-guā-kiû,界外球
kài-tīng,界定
kài-suànn,界線
kài-hān,界限
khián,畎
uì,畏
uì-kuânn,畏寒
uì-ngiau-tsháu,畏擽草
uì-jua̍h,畏熱
uì-lua̍h,畏熱
uì-siáu-jîn,畏羞人
uì-siáu-lîn,畏羞人
uì-siáu-lé,畏羞禮
hok,畐
puān,畔
kiong,畕
hok,畗
lâu,留
liû,留
lâu-miâ,留名
liû-ha̍k,留學
liû-ì,留意
liû-luân,留戀
liû-kip,留級
pùn,畚
pún,畚
pūn,畚
pùn-táu,畚斗
pùn-ki,畚箕
pùn-ki-á,畚箕仔
pùn-ki-káng,畚箕港
tsín,畛
thik,畜
thiok,畜
thik-senn,畜生
thik-sinn,畜生
bió,畝
bóo,畝
bóo,畞
tshik,畟
tsik,畟
pit,畢
pit-gia̍p,畢業
pit-gia̍p-sing,畢業生
pit-kìng,畢竟
sī,畤
tsí,畤
lio̍h,略
lio̍k,略
lio̍h-á,略仔
lio̍h-lio̍h-á,略略仔
hê,畦
ke,畦
lio̍k,畧
huan,番
han,番
huan-á,番仔
huan-á-mua,番仔幔
huan-á-uat,番仔挖
huan-á-lâu,番仔樓
huan-á-iû,番仔油
huan-á-hué,番仔火
huan-á-hé,番仔火
huan-á-hér,番仔火
huan-á-tshân,番仔田
huan-á-tsng,番仔莊
huan-á-kionn,番仔薑
huan-á-kiunn,番仔薑
huan-á-kionn-tsiònn,番仔薑醬
huan-á-kiunn-tsiùnn,番仔薑醬
huan-á-lôo-sué,番仔蘆黍
huan-á-lōo,番仔路
huan-pô,番婆
huan-mua,番幔
huan-siā,番社
huan-kiô,番茄
huan-kiunn,番薑
huan-kiunn-á,番薑仔
huan-kiunn-á-tsiùnn,番薑仔醬
huan-kiunn-tsiùnn,番薑醬
an-tsîr,番薯
han-tsî,番薯
han-tsîr,番薯
han-tsû,番薯
han-tsî-á-kiánn,番薯仔囝
han-tsû-á-kiánn,番薯仔囝
han-tsî-tshuah-á,番薯礤仔
han-tsî-lîng,番薯稜
han-tsî-khoo,番薯箍
han-tsû-khoo,番薯箍
han-tsî-tshiam,番薯簽
han-tsû-tshiam,番薯簽
han-tsî-hún,番薯粉
han-tsû-hún,番薯粉
huan-hō,番號
huan-lōo-hiong,番路鄉
huan-tian,番顛
huan-ah,番鴨
huan-ah-bór,番鴨母
huan-ah-kak,番鴨鵤
huan-be̍h,番麥
huan-bē,番麥
huan-sué,番黍
huan-sé,番黍
huan-tiánn-á,番鼎仔
huā,畫
uā,畫
uē,畫
uě,畫
uī,畫
uē-siōng,畫像
uē-tôo,畫圖
uě-tôo,畫圖
uī-tôo,畫圖
uē-tsng,畫妝
uē-ka,畫家
uē-ang-á,畫尪仔
uē-tián,畫展
uē-san-uē-suí,畫山畫水
uē-sûn,畫巡
uē-lông,畫廊
uē-kè,畫架
uī-kè,畫架
uē-huat,畫法
uē-kó,畫稿
uī-kó,畫稿
uē-hû-á,畫符仔
uē-pit,畫筆
uē-thn̂g-ang-á,畫糖尪仔
uē-hóo-lān,畫虎𡳞
uě-hóo-lǎn,畫虎𡳞
uī-hóo-lān,畫虎𡳞
uē-tsit,畫質
uē-bīn,畫面
uē-liông-uē-hōng,畫龍畫鳳
siâ,畬
tsùn,畯
ī,異
īnn,異
ī-tōng,異動
ī-kok,異國
ī-siông,異常
ī-sìng,異性
ī-bu̍t,異物
ī-gī,異議
ī-hiong,異鄉
liû,畱
huā,畵
tann,當
tang,當
tng,當
tong,當
tàng,當
tòng,當
tǹg,當
tang-tiong,當中
tong-tiong,當中
tong-sū-jîn,當事人
tong-sū-lîn,當事人
tong-kim,當今
tong-tāi,當代
tong-ti̍t,當值
tòng-tsuè,當做
tòng-tsò,當做
tong-tshoo,當初
tong-tshe-sî,當初時
tong-tshoo-sî,當初時
tong-tshue-sî,當初時
tong-tsiân,當前
tng-teh,當咧
tng-tih,當咧
tong-tuē,當地
tong-tē,當地
tong-tuē-lâng,當地人
tong-tē-lâng,當地人
tong-tiûnn,當場
tong-kio̍k,當局
tong-nî,當年
tǹg-tiàm,當店
tong-ji̍t,當日
tong-li̍t,當日
tang-sî,當時
tong-sî,當時
tong-kui,當歸
tong-jiân,當然
tong-liân,當然
tng-tang,當當
tng-tong,當當
tng-tong-sî,當當時
tǹg-phiò,當票
tng-âng,當紅
tòng-suán,當選
tng-bīn,當面
tng-thâu-tuì-bīn,當頭對面
tng-thâu-pe̍h-ji̍t,當頭白日
tng-thâu-pe̍h-li̍t,當頭白日
tsuat,畷
tsuè,畷
tuat,畷
kî,畸
uán,畹
khiong,畺
kiong,畺
thong,畽
thuán,畽
luí,畾
luî,畾
ki,畿
kî,畿
liû,疁
thong,疃
lîn,疄
līn,疄
kiang,疆
kiong,疆
tiû,疇
tha̍h,疊
thia̍p,疊
tha̍h-kè,疊價
thia̍p-huè,疊貨
thia̍p-hè,疊貨
phit,疋
soo,疏
se,疏
sue,疏
sòo,疏
soo-hut,疏忽
soo-sàn,疏散
se-lang,疏櫳
soo-thong,疏通
soo-uán,疏遠
soo-khai,疏開
gî,疑
gî-būn,疑問
gî-sim,疑心
gî-hi̍k,疑惑
gî-sîn-gî-kuí,疑神疑鬼
gî-lân,疑難
gî-tiám,疑點
lik,疒
nái,疓
ting,疔
ting-á,疔仔
phí,疕
pí,疕
kong,疘
git,疙
kì,疙
kiù,疚
hā,疜
sàn,疝
thìm,疢
thìn,疢
iû,疣
pa,疤
kerè,疥
kuè,疥
kài,疥
kè,疥
kî,疧
khî,疧
gâ,疨
pì,疪
ia̍h,疫
i̍k,疫
i̍k-tsîng,疫情
i̍k-biâu,疫苗
phā,疱
phî,疲
phî-lô,疲勞
kam,疳
kam-tshng,疳瘡
kam-tsik,疳積
khā,疴
tshû,疵
siat,疶
tshuah,疶
tshuah-sái,疶屎
tshuah-sái-tshenn,疶屎星
tshuah-sái-tshinn,疶屎星
thán,疸
tán,疸
tsín,疹
hua̍t,疺
tsi,疻
tsí,疻
tông,疼
thiànn,疼
thiànn-miā-miā,疼命命
thiànn-sim,疼心
thiànn-sioh,疼惜
thiànn-bóo-tshài,疼某菜
thiànn-thàng,疼痛
thiànn-hong,疼風
tsu,疽
tsi̍k,疾
tsi̍t,疾
huì,疿
ku,痀
ku-puè,痀背
siam,痁
tiàm,痁
ka,痂
kâ,痂
tsà,痄
pēnn,病
pīng,病
pīnn,病
pǐnn,病
pēnn-lâng,病人
pīnn-lâng,病人
pēnn-lē,病例
pīnn-lē,病例
pēnn-sú,病史
pīnn-sú,病史
pēnn-kiánn,病囝
pīnn-kiánn,病囝
pǐnn-kánn,病囝
pēnn-tshn̂g,病床
pīnn-tshn̂g,病床
pēnn-huān,病患
pīnn-huān,病患
pēnn-tsîng,病情
pīnn-tsîng,病情
pēnn-thài,病態
pīnn-thài,病態
pēnn-pâng,病房
pīnn-pâng,病房
pēnn-kin,病根
pīnn-kun,病根
pēnn-li̍k,病歷
pīnn-li̍k,病歷
pēnn-bó,病母
pīnn-bú,病母
pēnn-to̍k,病毒
pīnn-to̍k,病毒
pēnn-guân,病源
pīnn-guân,病源
pēnn-lí,病理
pīnn-lí,病理
pēnn-thiànn,病疼
pīnn-thiànn,病疼
pēnn-tsìng,病症
pīnn-tsìng,病症
pēnn-siunn-si,病相思
pīnn-siunn-si,病相思
pēnn-khún,病菌
pīnn-khún,病菌
pēnn-thâng-hāi,病蟲害
pīnn-thâng-hāi,病蟲害
pēnn-piàn,病變
pīnn-piàn,病變
pēnn-ìnn,病院
pēnn-īnn,病院
pīnn-ìnn,病院
pīnn-īnn,病院
pǐnn-ǐnn,病院
pēnn-thé,病體
pīnn-thé,病體
tsìng,症
tsìng-thâu,症頭
tshuan,痊
thong,痌
tông,痌
kai,痎
iū,痏
uí,痏
huê,痐
sí,痑
than,痑
ióng,痒
iông,痒
siông,痒
tī,痔
tī-tshng,痔瘡
tǐ-tshng,痔瘡
hûn,痕
hûn-jiah,痕跡
hûn-liah,痕跡
huè,痗
muī,痗
tiō,痘
tāu,痘
tōo,痘
hau,痚
he,痚
he-ku,痚呴
he-ku-sàu,痚呴嗽
thàng,痛
thòng,痛
thòng-hūn,痛恨
thàng-thiànn,痛疼
thòng-khóo,痛苦
phí,痞
siau,痟
siáu,痟
siáu-lâng,痟人
siáu-káu,痟狗
siáu-káu-íng,痟狗湧
siáu-káu-pēnn,痟狗病
siáu-káu-pīnn,痟狗病
siáu-káu-tsìng,痟狗症
siáu-siáu,痟痟
siáu--ê,痟的
siáu uē,痟話
siáu-niau,痟貓
siáu-tham,痟貪
sng,痠
suan,痠
suinn,痠
sng-thiu-thiànn,痠抽疼
sng-thiànn,痠疼
sng-nńg,痠軟
hu,痡
hú,痡
pôo,痡
pôo-sim,痡心
lī,痢
kì,痣
tsì,痣
tsô,痤
tua̍t,痥
sa,痧
se,痧
sua,痧
phing,痭
kuán,痯
thâm,痰
thâm-ôo,痰壺
thâm-nuā,痰瀾
thâm-kuàn,痰罐
puì,痱
puì-á,痱仔
puì-á-hún,痱仔粉
bâ,痲
muâ,痲
muâ-á,痲仔
bâ-huang,痲瘋
mâ-hong-tsìng,痲瘋症
lîm,痳
tshi,痴
tshi-ko,痴哥
tshi-ko-sîn,痴哥神
tshi-ko-tsháu,痴哥草
tshi-tsîng,痴情
tshi-bê,痴迷
kuì,痵
am,痷
pì,痹
pì,痺
bîn,痻
hun,痻
hun-ài,痻愛
in-ài,痻愛
un-ài,痻愛
kòo,痼
juê,痿
ue,痿
ui,痿
i,瘀
u,瘀
ì,瘀
ù,瘀
sin,瘁
tsuī,瘁
tsióng,瘇
khè,瘈
jú,瘉
jû,瘉
hâu,瘊
hong,瘋
la̍t,瘌
iâng,瘍
iông,瘍
tôo,瘏
jú,瘐
jû,瘐
hûn,瘒
thuán,瘓
khòo,瘔
hâ,瘕
im,瘖
so,瘙
khuat,瘚
sik,瘜
kuan,瘝
un,瘟
un-i̍k,瘟疫
tsi̍k,瘠
tshng,瘡
tshong,瘡
pan,瘢
hué,瘣
huê,瘣
liû,瘤
tsho,瘥
tshà,瘥
sió,瘦
sóo,瘦
sán,瘦
sán-pi-pa,瘦卑巴
sán-thio,瘦抽
sán-thiu,瘦抽
sán-kâu,瘦猴
sán tshân,瘦田
sán-phí-phí,瘦疕疕
sán-bah,瘦肉
gio̍k,瘧
tian,瘨
tap,瘩
tso̍k,瘯
luí,瘰
luì,瘰
bí-la̍t,瘰癧
lí-la̍t,瘰癧
tshiòng,瘲
thiu,瘳
tsiòng,瘴
tshài,瘵
tsè,瘵
sok,瘶
khuê,瘸
khê,瘸
kâ,瘸
kher-tshiú,瘸手
khue-tshiú,瘸手
khuê-tshiú,瘸手
khê-tshiú,瘸手
khuê-kha,瘸跤
khê-kha,瘸跤
khêr-kha,瘸跤
lōo,瘺
lú,瘻
lōo,瘻
bo̍k,瘼
mo̍oh,瘼
hông,癀
liâu,療
liāu,療
liâu-huat,療法
liâu-thîng,療程
liâu-tîng,療程
liâu-ióng,療養
liông,癃
tsiau,癄
tsiâu,癄
liû,癅
lô,癆
hân,癇
huè,癈
tan,癉
thán,癉
tàn,癉
tò,癉
ìm,癊
gâm,癌
gâm-tsìng,癌症
kuè,癐
ui,癐
phiah,癖
phia̍h,癖
phik,癖
phiah-sìng,癖性
luî,癗
lē,癘
sú,癙
tshú,癙
tiō,癜
tsé,癠
tsê,癠
tshi,癡
iáng,癢
ióng,癢
tsiōnn,癢
tsiūnn,癢
tsiǔnn,癢
tsiat,癤
ting,癥
li̍k,癧
hok,癨
nāi,癩
thái,癩
thái-ko,癩𰣻
thái-kor,癩𰣻
thái-ko-nuā-lô,癩𰣻爛癆
thái-ko-nuǎ-lô,癩𰣻爛癆
thái-kor-nuā-lôr,癩𰣻爛癆
thái-ko-pēnn,癩𰣻病
thái-ko-pīnn,癩𰣻病
thái-ko-ia̍h-á,癩𰣻蛾仔
thái-ko-kuí,癩𰣻鬼
sián,癬
ing,癭
ín,癮
ún,癮
giàn,癮
giàn-sian-ko,癮仙哥
giàn-thâu,癮頭
kû,癯
ing,癰
iong,癰
ing-á,癰仔
than,癱
tian,癲
luân,癵
kuì,癸
kuí,癸
phuat,癹
ting,登
ting-ki,登機
ting-kì,登記
ting-lio̍k,登錄
ting-lo̍k,登錄
ting-lio̍k,登陸
huat,發
puh,發
hua̍t,發
huat-pòo,發佈
huat-tsoh,發作
huat-tsok,發作
huat-kng,發光
huat-tshut,發出
huat-hâm,發函
huat-tōng,發動
huat-pau,發包
huat tshuì-khí,發喙齒
huat-siā,發射
huat-tián,發展
huat-tshái,發彩
huat-sìng-tuē,發性地
huat-sìng-tē,發性地
huat-iông,發揚
huat-hui,發揮
huat-hòng,發放
huat-bîng,發明
huat-tiâu,發條
huat-tsuí,發水
huat-guân-tuē,發源地
huat-guân-tē,發源地
huat-hué,發火
huat-hé,發火
huat-iām,發炎
huat-sio,發燒
huat-lôo,發爐
huat-kông,發狂
huat-hiān,發現
huat-sing,發生
huat-pēnn,發病
huat-pīnn,發病
huat-hông,發癀
huat-phiò,發票
huat-ínn,發穎
puh-ínn,發穎
huat-hún,發粉
huat-kué,發粿
huat-ké,發粿
huat-kér,發粿
huat-siann,發聲
huat-io̍k,發育
huat-gê,發芽
puh-gê,發芽
hua̍t-lo̍h,發落
huat-hîng,發行
huat-piáu,發表
huat-piáu-huē,發表會
huat-kiàn,發見
huat-kak,發覺
huat-kak,發角
huat-giân,發言
huat-tsâi,發財
huat-tsâi-á-tshia,發財仔車
huat-khí,發起
huat-tshia,發車
huat-lián,發輦
huat-sàng,發送
huat-ta̍t,發達
huat-kà,發酵
huat-kànn,發酵
huat-tiān,發電
huat-im,發音
huat-guān,發願
pe̍h,白
pi̍k,白
pē,白
pe̍h-phau-phau,白phau-phau
pe̍h-lâng,白人
pe̍h-jîn,白仁
pe̍h-lîn,白仁
pe̍h-lāi-tsiàng,白內障
pe̍h-lāi-tsiòng,白內障
pe̍h-pau,白包
pe̍h-âu,白喉
pe̍h-ba̍k,白墨
pi̍k-kiong,白宮
pe̍h-thiap-á,白帖仔
pe̍h-tài,白帶
pi̍k-tài,白帶
pe̍h-tuà-hî,白帶魚
pe̍h-tuà-hû,白帶魚
pe̍h-pan,白斑
pe̍h-bo̍k-jí,白木耳
pe̍h-bo̍k-ní,白木耳
pe̍h-iū,白柚
pe̍h-sí-sí,白死死
pe̍h-sí-sat,白死殺
pe̍h-sí-pe̍h-sí,白死白死
pe̍h-tsiánn-bô-bī,白汫無味
pe̍h-sua-tun,白沙屯
pe̍h-sua-hiong,白沙鄉
pe̍h-hô-khu,白河區
pe̍h-kún-tsuí,白滾水
pe̍h-sa̍h,白煠
pe̍h-má,白瑪
pe̍h-tshi,白痴
pe̍h-tiò,白癜
pe̍h-tiō,白癜
pe̍h-sián,白癬
pe̍h-pe̍h,白白
pe̍h-ba̍k,白目
pe̍h-ti̍t,白直
pe̍h-bí,白米
pe̍h-thn̂g,白糖
pe̍h-thn̂g-tshang,白糖蔥
pe̍h-līng-si,白翎鷥
pue̍h-līng-si,白翎鷥
pe̍h-bah,白肉
pe̍h-bah-tué,白肉底
pe̍h-bah-té,白肉底
pe̍h-pak-á,白腹仔
pe̍h-sik,白色
pē-sik,白色
pe̍h-tê,白茶
pe̍h-tshài,白菜
pe̍h-tshài-lóo,白菜滷
pe̍h-tshang-tshang,白蔥蔥
pe̍h-hóo-thng,白虎湯
pe̍h-hiā,白蟻
pe̍h-hueh-kiû,白血球
pe̍h-huih-kiû,白血球
pe̍h-uē,白話
pe̍h-uē-jī,白話字
pe̍h-uē-lī,白話字
pe̍h-kóng,白講
pe̍h-tsha̍t,白賊
pē-tsha̍t,白賊
pe̍h-tsha̍t-tshit--á,白賊七仔
pe̍h-tsha̍t-uē,白賊話
pe̍h-kha-tê,白跤蹄
pe̍h-tshòo,白醋
pe̍h-kim,白金
pe̍h-gîn,白銀
pe̍h-gûn,白銀
pe̍h-thih-á,白鐵仔
pē-thih-á,白鐵仔
pe̍h-siak-siak,白鑠鑠
pe̍h-hûn,白雲
pe̍h-lōo,白露
pe̍h-kú-tshài,白韭菜
pe̍h-thâu-khok,白頭鵠
pē-thâu-khik,白頭鵠
pe̍h-thâu-khiat-á,白頭鵠仔
pe̍h-thâu-khok--á,白頭鵠仔
pe̍h-thâu-khok-á,白頭鵠仔
pē-thâu-khiat-á,白頭鵠仔
pe̍h-tsia̍h,白食
pe̍h-pn̄g,白飯
pe̍h-hî,白魚
pe̍h-hû,白魚
pe̍h-tshiunn,白鯧
pe̍h-ho̍h,白鶴
pe̍h-thâng-si,白鶶鷥
pe̍h-lōo-si,白鷺鷥
pe̍h-muâ,白麻
pe̍h-muâ-iû,白麻油
pē-phī-bâ,白鼻猫
ah,百
pah,百
peh,百
pik,百
pah-jī,百二
pah-lī,百二
pah-hun-tsi-pah,百分之百
pah-hun-pí,百分比
peh-sènn,百姓
peh-sìnn,百姓
pah-sènn-kong-á,百姓公仔
peh-sènn-kong-á,百姓公仔
pah-nî,百年
pah-ji̍t,百日
pah-li̍t,百日
pah-ji̍t-sàu,百日嗽
pah-li̍t-sàu,百日嗽
pah-ji̍t-âng,百日紅
pah-li̍t-âng,百日紅
pah-iūnn,百樣
pah-pōo-tsuâ,百步蛇
pah-huè-nî-lāu,百歲年老
pah-hè-nî-lāu,百歲年老
pah-pah-khuán,百百款
pah-pah-khang,百百空
pah-hok,百福
pah-kho,百科
pah-puann,百般
pah-bān,百萬
pah-kíng-kûn,百襇裙
pah-huè,百貨
pah-hè,百貨
pah-huè kong-si,百貨公司
pah-hè kong-si,百貨公司
pah-bīn,百面
kiâ,癿
tsó,皁
tsō,皁
tsó,皂
tsō,皂
tsō-oo-tshat-pe̍h,皂烏漆白
tik,的
ti̍k,的
ê,的
tik-khak,的確
kai,皆
hông,皇
hông-siōng,皇上
hông-hiō,皇后
hông-hōo,皇后
hông-sik,皇室
hông-kiong,皇宮
hông-tè,皇帝
hông-tè-tāu,皇帝豆
hông-hú,皇甫
kui,皈
kuī,皈
lîng,皊
ko,皋
hô,皋
hō,皋
kiáu,皎
ko,皐
hō,皓
hōo,皓
uán,皖
sik,皙
gâi,皚
khái,皚
biáu,皛
kíng,皛
hó,皜
kó,皜
hō,皞
hō,皡
pho,皤
pô,皤
kiáu,皦
li̍k,皪
phiáu,皫
tsiok,皭
phuê,皮
phê,皮
phêr,皮
phî,皮
pî,皮
phuê-kiānn,皮件
phê-kiānn,皮件
phuê-pau-á,皮包仔
phê-pau-á,皮包仔
phuê-tuà,皮帶
phê-tuà,皮帶
phuê-í,皮椅
phê-í,皮椅
phuê-kâu-hì,皮猴戲
phê-kâu-hì,皮猴戲
phî-phî,皮皮
phuê-phuê-á,皮皮仔
phê-phê-á,皮皮仔
phuê-siunn,皮箱
phê-siunn,皮箱
phuê-hu,皮膚
phê-hu,皮膚
phî-tàn,皮蛋
phuê-ê,皮鞋
phê-uê,皮鞋
phàu,皰
sik,皵
tshiok,皵
kóo,皷
kun,皸
tshiù,皺
tsòo,皺
jiâu,皺
liâu,皺
jiâu-hûn,皺痕
liâu-hûn,皺痕
jiâu-phé-phé,皺襞襞
liâu-phé-phé,皺襞襞
tsa,皻
tsián,皽
tān,皽
bíng,皿
û,盂
pue,盃
thiông,盅
phûn,盆
phûn-tsai,盆栽
phûn-kha-kut,盆跤骨
a̍p,盇
îng,盈
îng-î,盈餘
îng-û,盈餘
hô,盉
iah,益
ik,益
ik-tshù,益處
ik-se,益西
uán,盌
a̍p,盍
khah,盍
khah ē,盍會
khah ū,盍有
iòng,盎
a̍h,盒
a̍p,盒
a̍h-á,盒仔
a̍p-á,盒仔
a̍p-á-piánn,盒仔餅
khue,盔
kài,盖
tō,盗
hó,盙
siānn,盛
sīng,盛
sīng-tāi,盛大
sīng-huē,盛會
tō,盜
tōo,盜
tō-pán,盜版
lo̍k,盝
tsuánn,盞
tsán,盞
bîng,盟
bîng-iú,盟友
tsìn,盡
tsīn,盡
tsīn-li̍k,盡力
tsīn-sim,盡心
tsīn-tiong,盡忠
tsīn-pōng,盡磅
tsīn-liōng,盡量
tsīn-thâu,盡頭
kàm,監
kam,監
kann,監
kann-siû,監囚
kann-siûnn,監囚
kàm-tshat,監察
kàm-kang,監工
kàm-khòng,監控
kann-lô,監牢
ka-ga̍k,監獄
kann-ga̍k,監獄
kàm-ga̍k,監獄
kàm-lí,監理
kàm-tok,監督
kam-kìm,監禁
kàm-thiann,監聽
kàm-sī,監視
kàm-hōo,監護
phuân,盤
puân,盤
puânn,盤
puânn-á,盤仔
phuân-kóo,盤古
puânn-tshuì-gím,盤喙錦
puânn-tshuì-kím,盤喙錦
puânn-suann-kuè-niá,盤山過嶺
puânn-suann-kè-niá,盤山過嶺
puânn-suann-kuè-tsuí,盤山過水
puânn-suann-kè-tsuí,盤山過水
puânn-nuá,盤撋
puânn-siàu,盤數
puânn-uē,盤話
puânn-tshia,盤車
kuàn,盥
kuán,盥
am,盦
ap,盦
lôo,盧
tiū,盩
tsiu,盩
tn̄g,盪
tňg,盪
tōng,盪
am,盫
ap,盫
kóo,盬
lē,盭
ba̍k,目
bo̍k,目
ba̍k-kng,目光
ba̍k-tsîng,目前
bo̍k-tsiân,目前
ba̍k-ka-liu,目加溜
ba̍k-tuē,目地
ba̍k-tē,目地
ba̍k-kînn,目墘
ba̍k-khóng,目孔
ba̍k-tsiam,目尖
ba̍k-bué,目尾
ba̍k-bé,目尾
ba̍k-sái,目屎
ba̍k-sái-ko,目屎膏
ba̍k-sái-kor,目屎膏
ba̍k-sái-tsiam,目屎針
ba̍k-tshái,目彩
bo̍k-phiau,目標
bo̍k-piau,目標
ba̍k-iû,目油
ba̍k-káu-tsiam,目狗針
bo̍k-tik,目的
bo̍k-ti̍k,目的
ba̍k-bâi,目眉
ba̍k-tsiah-mn̂g,目睫毛
ba̍k-tsiap-mn̂g,目睫毛
ba̍k-tsiu,目睭
ba̍k-tsiu-jîn,目睭仁
ba̍k-tsiu-lîn,目睭仁
ba̍k-tsiu-iám,目睭掩
ba̍k-tsiu-mn̂g,目睭毛
ba̍k-tsiu-lô,目睭濁
ba̍k-tsiu-phuê,目睭皮
ba̍k-tsiu-phê,目睭皮
ba̍k-tsiu-hue,目睭花
ba̍k-tsiu-jia,目睭遮
ba̍k-tsiu-lia,目睭遮
ba̍k-tsiu-bông-bū,目睭雺霧
ba̍k-sîn,目神
ba̍k-khang,目空
ba̍k-khang-tshiah,目空赤
ba̍k-khoo,目箍
ba̍k-sik,目色
ba̍k-hue,目花
ba̍k-io̍h-tsuí,目藥水
ba̍k-ham,目蚶
ba̍k-tsiam,目針
bo̍k-lio̍k,目錄
bo̍k-lo̍k,目錄
ba̍k-kiànn,目鏡
ba̍k-kiànn-jîn,目鏡仁
ba̍k-kiànn-lîn,目鏡仁
ba̍k-kiànn-tsuâ,目鏡蛇
ba̍k-kàng-tshiu-tshàng,目降鬚聳
ba̍k-thâu,目頭
ba̍k-nih-á,目𥍉仔
tìng,盯
tîng,盯
bîng,盲
bông,盲
môo,盲
mê,盲
mî,盲
môo-tn̂g,盲腸
môo-tn̂g-iām,盲腸炎
bông-tiám,盲點
ti̍t,直
ti̍t-ka-lòng,直加弄
ti̍t-sing-ki,直升機
ti̍t-kìng,直徑
ti̍t-tsiap,直接
ti̍t-pò,直播
ti̍t-pòo,直播
ti̍t-liu-liu,直溜溜
ti̍t-ba̍k,直目
ti̍t-ti̍t,直直
ti̍t-hē,直系
ti̍t-suànn,直線
ti̍t-tn̂g-ti̍t-tōo,直腸直肚
ti̍t-kak,直覺
ti̍t-thàu,直透
ti̍t-suán,直選
ti̍t-siau,直銷
guán,盶
siònn,相
siùnn,相
siang,相
siong,相
sionn,相
siunn,相
siàng,相
siòng,相
sann,相
sio,相
sio-kau-tshap,相交插
sio-kâng,相仝
sio-kāng,相仝
sann-thīn,相伨
sio-thīn,相伨
sann-kap,相佮
siong-sìn,相信
sio-uá,相倚
sio-uá-pn̄g,相倚傍
sio-uá-khò,相倚靠
sio-tsioh-mn̄g,相借問
sio-tsioh-tshuì,相借喙
sio-ián,相偃
sio-pn̄g-uá,相傍倚
siong-thuân,相傳
siòng-kong,相公
siùnn-kang,相公
sio-tshut-lōo,相出路
sio-thâi,相刣
sio-khik,相剋
sio-sià-tāi,相卸代
sann-kiò-tshuì,相叫喙
siong-tông,相同
sann-hiòng,相向
sio-hiòng,相向
sio-kò,相告
siòng-miā,相命
siòng-miā-sian,相命仙
sio-tsim,相唚
sio-jiáng,相嚷
sio-jióng,相嚷
sio-lióng,相嚷
siong-hó,相好
sio-kàn,相姦
sio-iông,相容
siong-iông,相容
sio-siâm,相尋
siong-tuì,相對
sio-tuì-hiòng,相對向
siong-tsha,相差
siong-kan,相干
siunn-si,相思
sionn-si-á,相思仔
siu-si-á,相思仔
siunn-si-á,相思仔
siunn-si-tshiū,相思樹
siu-si-tsâng,相思欉
siong-ài,相愛
sio-tú,相拄
sio-tú-tn̄g,相拄搪
sio-tú-thâu,相拄頭
sann-phah,相拍
sio-phah,相拍
sior-phah,相拍
sio-phah-ke-á,相拍雞仔
sio-phah-kue-á,相拍雞仔
sio-phah-tiān,相拍電
sio-tsio,相招
sann-ue-the,相挨推
sio-e-the,相挨推
sio-e-sio-the,相挨相推
sann-ue-sann-khueh,相挨相𤲍
sio-e-sio-kheh,相挨相𤲍
sio-bat,相捌
sio-pat,相捌
sann-tsiap,相接
sio-tsiap,相接
sio-the,相推
sio-pué-huē,相掰會
sio-uānn,相換
sio-uānn-kang,相換工
sann-tshē,相揣
sio-tshuē,相揣
sio-tshuē-tsē,相揣坐
sio-tshē-tsē,相揣坐
sio-tn̄g-thâu,相搪頭
sio-lám,相攬
sio-pàng-phuānn,相放伴
siong-huē,相會
sio-kīng,相楗
sann-kāinn--á,相楗仔
sann-kāinn--ê,相楗的
sio-khiàm-tsè,相欠債
sio-khiàm-siàu,相欠數
sann-pí,相比
sio-pí,相比
siong-pí,相比
sio-kik,相激
sann-tsenn,相爭
sann-tsinn,相爭
sio-tsenn,相爭
sio-tsinn,相爭
siòng-phìnn,相片
siong-tong,相當
sio-tha̍h,相疊
sio-thia̍p,相疊
sann-thiànn-thàng,相疼痛
sio-thiànn-thàng,相疼痛
sio-muâ,相瞞
siong-hû,相符
siòng-phōo,相簿
sio-iok,相約
sio-suà,相紲
sann-mā,相罵
sio-mā,相罵
sio-mē,相罵
sio-mī,相罵
sio-mǎ,相罵
sior-mē,相罵
sann-mā-pún,相罵本
sio-mē-pún,相罵本
sann-tānn-gōo,相耽誤
sio-tānn-gōo,相耽誤
sio-tsing,相舂
sio-phua̍h,相袚
sio-po-kua,相褒歌
sann-kìnn,相見
sio-kìnn,相見
siòng-tshin,相親
sio-tak,相觸
sio-tshiánn,相請
sio-tsènn,相諍
sio-tsìnn,相諍
sior-tsènn,相諍
siong-sik,相識
sio-niū,相讓
siòng-māu,相貌
sio-thàn-sio-hán,相趁相喊
sann-su,相輸
sio-su,相輸
sio-sî,相辭
sio-thàng,相迵
sio-sàng,相送
siong-thong,相通
siong-hông,相逢
sio-liân,相連
siong-liân,相連
sio-liân-suà,相連紲
siong-phuè,相配
siong-phè,相配
sio-siám-sin,相閃身
sio-siám-tshia,相閃車
siong-kuan,相關
siong-keh,相隔
siong-suî,相隨
sann-tsia̍h-ànn,相食向
sann-tsia̍h-tshīng,相食穿
sann-tshuā,相𤆬
sio-tshuā,相𤆬
sio-tshuā-tsáu,相𤆬走
sio-siâng,相𫝛
sio-siāng,相𫝛
tún,盹
tuh,盹
tuh-ka-tsuē,盹瞌睡
tuh-ka-tsē,盹瞌睡
tuh-ka-tsēr,盹瞌睡
tuh-ku,盹龜
him,盺
gé,盻
hē,盻
phàn,盼
phàn-á,盼仔
hong,盽
tún,盾
bîng,眀
sénn,省
síng,省
síng-sū,省事
síng-sū-sū-síng,省事事省
síng-la̍t,省力
síng-kang,省工
síng-pún,省本
síng-lio̍k,省略
síng-li̍p,省立
síng-tsînn,省錢
sī,眂
bián,眄
biān,眄
phan,眅
phán,眅
hóng,眆
biáu,眇
tam,眈
bâi,眉
bî,眉
bâi-khe,眉溪
mōo,眊
khan,看
khuànn,看
khàn,看
khuànn-lâng-bô,看人無
khuànn--lâi,看來
khuànn-tshut,看出
khuànn-tshut-tshut,看出出
khuànn-kháu,看口
khuànn-miā,看命
khuànn-miā-sian,看命仙
khuànn-thāi,看待
khuànn-ji̍t,看日
khuànn-li̍t,看日
khuànn-ē-khí,看會起
khuànn-ū,看有
khuànn-ū-khí,看有起
khuànn-iūnn,看樣
khuànn-khuán,看款
khuànn-huat,看法
khuànn-bô,看無
khuànn-bô-khí,看無起
khuànn-hiān-hiān,看現現
khuànn-pēnn,看病
khuànn-pīnn,看病
khuànn-phuà,看破
khuànn-phuà-kha-tshiú,看破跤手
khuànn-sue,看衰
khuànn-buē-tsiūnn-ba̍k,看袂上目
khuànn-bē-tsiūnn-ba̍k,看袂上目
khuànn-buē-khí,看袂起
khuànn-bē-khí,看袂起
khuànn-kìnn,看見
khuànn-māi,看覓
khàn-hōo,看護
khàn-hōo-hū,看護婦
khàn-lōo-hū,看護婦
khuànn-khin,看輕
khuànn-i-sing,看醫生
khuànn-tiōng,看重
khuànn-thâu,看頭
khuànn-kòo,看顧
khuànn-hong-suí,看風水
tsing,眐
tsìng,眐
áu,眑
tsín,眕
hòng,眖
muī,眛
thú,眝
tsin,眞
tsin,真
tsin-si̍t,真實
tsin-sim,真心
tsin-tsîng,真情
tsin-ài,真愛
tsin-ài bé-thâu,真愛碼頭
tsin-tú-hó,真拄好
tsin-tsiànn,真正
tsin-tsu,真珠
tsin-tsu-á,真珠仔
tsin-lí,真理
tsin-siòng,真相
tsin-khong,真空
tsin-tsiânn,真誠
biân,眠
bîn,眠
bîn--tsi̍t-ē,眠一下
bîn-bāng,眠夢
bîn-tshn̂g,眠床
mn̂g-tshn̂g,眠床
mî-tshn̂g,眠床
bîn-tshn̂g-pang,眠床枋
bîn-bîn,眠眠
uan,眢
hik,眣
thik,眣
tia̍t,眣
tshu,眥
tshú,眥
tshû,眥
tshu,眦
tshú,眦
tshû,眦
tshiáu,眧
tshiap,眨
tsha̍p,眨
tsha̍p-tsha̍p-nih,眨眨𥍉
hiân,眩
hîn,眩
hîn-tsûn,眩船
hîn-tshia,眩車
hîn-tshia-tan,眩車丹
píng,眪
kuì,眭
hê,眭
bí,眯
bî,眯
hiàn,眴
tshi,眵
tshuh,眵
tshuh-ba̍k,眵目
tshuh-tshuh,眵眵
khong,眶
kuàn,眷
kuàn-sio̍k,眷屬
kuàn-tshuan,眷村
kuàn-tshun,眷村
biô,眸
bôo,眸
tsiap,眹
thiàu,眺
thiáu,眺
gán,眼
gíng,眼
gán-kong,眼光
gán-tsiân,眼前
gán-tsîng,眼前
gán-li̍k,眼力
gán-ap,眼壓
gán-kài,眼界
gán-sîn,眼神
gán-kho,眼科
bi̍k,眽
tsiòng,眾
tsìng,眾
tsìng-lâng,眾人
tsiòng-to,眾多
tsiòng-sing,眾生
tsiòng-sîn,眾神
bî,睂
hān,睅
uán,睅
uān,睅
uán,睆
uān,睆
tē,睇
tshò,睉
kuàn,睊
hián,睍
hiān,睍
hi,睎
khùn,睏
khùn-tsi̍t-tshénn,睏一醒
khùn-tsi̍t-tshínn,睏一醒
khùn-tiong-tàu,睏中晝
khùn thán-khi,睏坦敧
khùn-bué,睏尾
khùn-bé,睏尾
khùn-tshn̂g,睏床
khùn-pâng,睏房
khùn-tàu,睏晝
khùn-phiah,睏癖
khùn-bîn,睏眠
khùn-sann,睏衫
khùn-khòo,睏褲
khùn-tshénn,睏醒
khùn-tshínn,睏醒
siám,睒
lîng,睖
kîng,睘
gâi,睚
kâinn,睚
tsing,睛
tsing,睜
tsīng,睜
lāi,睞
nāi,睞
suì,睟
kuàn,睠
kuân,睠
suī,睡
tsuē,睡
tsē,睡
tshu,睢
tsu,睢
sui,睢
tsui,睢
tok,督
tok-ha̍k,督學
phì,睥
bo̍k,睦
hun,睧
gé,睨
gîn,睨
gîrn,睨
gûn,睨
i̍k,睪
tsiah,睫
tsiap,睫
tshái,睬
tsiu,睭
hâ,睱
hā,睱
ká,睱
tóo,睹
hôo,睺
thê,睼
ke,睽
juē,睿
luē,睿
bo̍k,瞀
bōo,瞀
hua̍t,瞂
iû,瞅
tshiu,瞅
tsóo,瞅
óng,瞈
thiân,瞋
tsin,瞋
khap,瞌
kheh,瞌
khereh,瞌
khueh,瞌
ka,瞌
sóo,瞍
hat,瞎
khîng,瞏
kîng,瞏
suân,瞏
biân,瞑
bîng,瞑
hùn,瞓
tsiòng,瞕
oo,瞘
bo̍k,瞙
sùn,瞚
lî,瞝
buân,瞞
muâ,瞞
muâ-thinn-kuè-hái,瞞天過海
muâ-thinn-kè-hái,瞞天過海
muâ-khàm,瞞崁
muâ-phiàn,瞞騙
phiau,瞟
thing,瞠
tông,瞠
bīng,瞢
phiat,瞥
piat,瞥
pè,瞥
tsiâu,瞧
phok,瞨
tènn,瞪
tìng,瞪
tìnn,瞪
tîng,瞪
tènn-la̍t,瞪力
tìnn-la̍t,瞪力
tènn-sái,瞪屎
tìnn-sái,瞪屎
sùn,瞬
sùn-kan,瞬間
liáu,瞭
liâu,瞭
lió,瞭
hān,瞯
khàm,瞰
hiat,瞲
hit,瞲
khiat,瞲
tông,瞳
huē,瞶
kuì,瞶
ài,瞹
tsing,瞺
tsiam,瞻
kóo,瞽
tsiàu,瞾
khû,瞿
kù,瞿
kû,瞿
tshiu,矁
líng,矃
hun,矄
bông,矇
khòng,矌
khok,矍
kio̍k,矍
lôo,矑
lê,矖
lî,矖
tshiok,矗
thóng,矘
khàm,矙
tsiok,矚
bâu,矛
mâu,矛
môo,矛
mâu-tún,矛盾
khim,矜
king,矜
hut,矞
u̍t,矞
sí,矢
ah,矣
ì,矣
í,矣
ti,知
tsai,知
tsai-uī,知位
ti-miâ-tōo,知名度
ti-kí,知己
tsai-iánn,知影
ti-pún,知本
tsai-sí,知死
tsai-khóo,知苦
ti-tsiok,知足
tsai-khin-tāng,知輕重
tsai-tńg-thâu,知轉頭
ti-im,知音
hâu,矦
kâu,矦
hôo,矦
hōo,矦
sín,矧
gíng,矨
kí,矩
kír,矩
kú,矩
tsô,矬
tuán,短
té,短
tér,短
té-ńg,短䘼
té-miā,短命
té-kang,短工
tuán-tánn,短打
té-kî,短期
té-pún,短本
té-huè-siū,短歲壽
té-hè-siū,短歲壽
té-tsām,短站
té-suànn,短線
té-khòo,短褲
té-khòo-tsat-á,短褲節仔
té-lōo,短路
té-tshìng,短銃
eré,矮
ué,矮
ái,矮
é,矮
ué-lâng,矮人
é-lâng,矮人
é-á,矮仔
ué-á-tang-kue,矮仔冬瓜
é-á-tang-kue,矮仔冬瓜
é-á-kâu,矮仔猴
é-á-tsâi,矮仔財
é-á-kóo,矮仔鼓
ué-puî,矮肥
é-puî,矮肥
é-lò-peh--á,矮躼伯仔
ué-tǹg,矮頓
é-tǹg,矮頓
ué-kóo,矮鼓
é-kóo,矮鼓
é-kóo-ting,矮鼓丁
kiáu,矯
kiáu-tsìng,矯正
tsing,矰
hōo,矱
tsio̍h,石
si̍k,石
sia̍h,石
tsio̍h-á,石仔
tsio̍h-ping-á,石兵仔
tsio̍h-huà,石化
tsio̍h-gám,石坎
tsio̍h-khám,石坎
tsio̍h-siânn,石城
tsio̍h-kng-khu,石岡區
tsio̍h-kang,石工
tsio̍h-tshit-á,石拭仔
si̍k-kám-tong,石敢當
tsio̍h-kám-tong,石敢當
tsio̍h-pán,石板
tsio̍h-pang,石枋
tsio̍h-thiāu,石柱
sia̍h-liû,石榴
siā-liû,石榴
tsio̍h-liû,石榴
tsio̍h-iû,石油
tsio̍h-tōng,石洞
tsio̍h-he,石灰
tsio̍h-her,石灰
tsio̍h-hue,石灰
tsio̍rh-hue,石灰
tsiō-her,石灰
tsiō-hue,石灰
tsio̍h-pâi,石牌
tsio̍h-sai,石獅
tsio̍h-kńg-á,石硿仔
tsio̍h-tīng-khu,石碇區
tsio̍h-pi,石碑
tsio̍h-lún,石碖
tsio̍h-lián,石碾
tsio̍h-bō,石磨
tsio̍h-bō-á-sim,石磨仔心
tsio̍h-ko,石膏
tsio̍h-tsing-khū,石舂臼
tsio̍h-hue,石花
tsio̍h-ing,石英
tsio̍h-kuan-im,石觀音
tsio̍h-kī,石距
tsio̍h-kū,石距
tsio̍h-tsām,石鏨
tsio̍h-mn̂g-khu,石門區
tsio̍h-kàng,石降
tsio̍h-thâu,石頭
tsio̍h-thâu-á,石頭仔
tsio̍h-phoh,石駁
tsio̍h-poh,石駁
tsio̍h-kóo,石鼓
tsio̍h-ku,石龜
tìng,矴
hān,矸
kan,矸
kan-á,矸仔
gut,矹
gut,矻
kang,矼
khong,矼
khòng,矼
kong,矼
sa,砂
se,砂
sua,砂
sua-tsio̍h,砂石
sua-tsio̍h-á-tshia,砂石仔車
sua-thn̂g,砂糖
sua-bé-á,砂馬仔
lē,砅
phing,砅
hu,砆
bîn,砇
huah,砉
khing,砊
khong,砊
khòng,砊
kih,砌
tshè,砌
khám,砍
kài,砎
gā,砑
phi,砒
pi,砒
phi-sng,砒霜
phînn-sng,砒霜
gián,研
gán,研
gíng,研
nguí,研
ngái,研
gián-phuànn,研判
gíng-tâi,研台
gíng-thuî,研槌
gíng-tsô,研槽
gíng-tsôr,研槽
nguí-tsô,研槽
ngái-tsô,研槽
gián-huat,研發
gián-kiù,研究
gián-kiù-sóo,研究所
gíng-puah,研缽
gián-si̍p,研習
gián-thó,研討
gián-tho̍k,研讀
gîm,砛
gîm-á,砛仔
gîm-tsînn,砛簷
tsu,砠
gio̍k,砡
khó,砢
tô,砣
tsí,砥
tí,砥
tsē,砦
tiam,砧
tsim,砧
tiam-phuê-ê,砧皮鞋
tiam-phê-uê,砧皮鞋
tsú,砫
li̍p,砬
pián,砭
lóo,砮
lôo,砮
phing,砰
lîng,砱
phàu,砲
phuà,破
phò,破
phòo,破
phò-siong-hong,破傷風
phò-kong,破功
phuà-thóo,破土
phò-huāi,破壞
phò-hāi,破壞
phuà-siàu-liân,破少年
phuà-pòo-tsí,破布子
phuà tshâ,破柴
phuà-keh,破格
phuà-keh-tshuì,破格喙
phuà-keh-tsiáu,破格鳥
phò-àn,破案
phò-bia̍t,破滅
phuà-pîng,破爿
phò-sán,破產
phuà-pēnn,破病
phuà-pīnn,破病
phuà-pǐnn,破病
phuà-siùnn,破相
phò-tshuì,破碎
phuà-khang,破空
phuà-kôo-kôo,破糊糊
phuà-pak,破腹
phuà-tánn,破膽
phò-kái,破解
phò-tāu,破豆
phòr-tāu,破豆
phò-tsâi,破財
phò-huì,破費
phuà--khui,破開
phuà-khui,破開
phò-tî,破除
phò-tû,破除
phuà-ke-tshíng,破雞筅
phuà-kue-tshíng,破雞筅
phuà-sàm,破鬖
phuà-tiánn,破鼎
puat,砵
tsat,砸
tông,砼
tsu,硃
tsu-se-kì,硃砂痣
gap,硆
khap,硆
khia̍t,硈
lio̍k,硉
lu̍t,硉
lo̍k,硌
hān,硍
khùn,硍
hîng,硎
tông,硐
lóo,硓
lóo-kóo-tsio̍h,硓𥑮石
khing,硜
king,硜
siau,硝
khok,硞
kho̍k,硞
kho̍k-á,硞仔
kho̍k-kho̍k,硞硞
kho̍k-tio̍h,硞著
lông,硠
hia̍p,硤
tshia,硨
teh,硩
thiat,硩
teh-sàu,硩嗽
teh-bōng-tsuá,硩墓紙
teh-bōo-tsuá,硩墓紙
teh-tiānn,硩定
teh-tīng-liáu--ah,硩定了矣
teh-nî-tsînn,硩年錢
teh-pínn,硩扁
teh-lián-pó,硩撚寶
teh-ki,硩枝
teh-tù,硩注
teh-suah,硩煞
teh han-tsî,硩番薯
teh han-tsû,硩番薯
teh-tsuá,硩紙
teh--lo̍h,硩落
teh--lo̍h--khìr,硩落去
teh--lo̍h-khì,硩落去
teh--lo̍rh-khì,硩落去
teh-kiann,硩驚
gô,硪
ngóo,硪
ngôo,硪
liû,硫
liû-hông,硫磺
liû-n̂g,硫磺
gīng,硬
ngē,硬
ngī,硬
ngǐ,硬
ngē-huà,硬化
ngī-huà,硬化
ngē-tshuì,硬喙
ngī-tshuì,硬喙
ngē-ah,硬押
ngī-ah,硬押
ngē-tú-ngē,硬拄硬
ngī-tú-ngī,硬拄硬
ngē-áu,硬拗
ngī-áu,硬拗
ngē-tsiānn,硬掙
ngī-tsiānn,硬掙
ngē-tshah,硬插
ngī-tshah,硬插
ngē-khì,硬氣
ngī-khì,硬氣
ngē-gê,硬牙
ngī-gê,硬牙
ngē-gê--ê,硬牙的
ngī-gê--ê,硬牙的
ngē-tia̍p,硬碟
ngī-tia̍p,硬碟
ngē-táu,硬篤
ngī-táu,硬篤
ngē-piàng-piàng,硬迸迸
ngī-piàng-piàng,硬迸迸
ngē-kut,硬骨
ngī-kut,硬骨
ngē-thé,硬體
ngī-thé,硬體
ngē-phīnn,硬鼻
ngī-phīnn,硬鼻
bông,硭
khak,确
hīnn,硯
hiān,硯
tok,硺
phîng,硼
phîng-se,硼砂
pîng-se,硼砂
tuī,硾
khong,硿
ki,碁
kî,碁
pho,碆
tiānn,碇
tīng,碇
tiau,碉
li̍k,碌
lo̍k,碌
lo̍k-kho̍k-bé,碌硞馬
lo̍k-kho̍k-bé-á,碌硞馬仔
gāi,碍
tshuì,碎
tshuì-phìnn,碎片
tshuì-kôo-kôo,碎糊糊
tshuì-iâm-iâm,碎鹽鹽
sik,碏
tshiok,碏
pi,碑
pi-bûn,碑文
gîm,碒
khím,碒
tuì,碓
bú,碔
khi,碕
kî,碕
lún,碖
lûn,碖
uán,碗
uánn,碗
uáinn-á-kér,碗仔粿
uánn-kong,碗公
uánn-táu,碗斗
uánn-puânn,碗盤
uánn-kiang,碗礓
uánn-tī,碗箸
uánn-tū,碗箸
uánn-kué,碗粿
uánn-ké,碗粿
uánn-kér,碗粿
uánn-ko,碗糕
uánn-ko-ké,碗糕粿
uánn-ko-kér,碗糕粿
uánn-thâu-á,碗頭仔
juán,碝
luān,碝
giâm,碞
gâm,碞
tia̍p,碟
ti̍h,碟
ti̍h-á,碟仔
ta̍k,碡
to̍k,碡
kia̍t,碣
khat-á,碣仔
khiat-á,碣仔
pian,碥
khik,碦
phik,碧
phik-hâ-kiong,碧霞宮
ue,碨
si̍k,碩
si̍t,碩
sik,碩
sik-sū,碩士
si̍k-sū,碩士
tiam,碪
tsim,碪
thuàn,碫
tōng,碭
thn̄g,碭
ló,碯
phòng,碰
pōng,碰
pōng-piah,碰壁
phòng-ting,碰釘
thuànn,碳
thàn,碳
khak,確
khia̍k,確
khak-pó,確保
khak-tīng,確定
khak-si̍t,確實
khak-li̍p,確立
khak-jīn,確認
khak-līn,確認
khak,碻
bé,碼
má,碼
bé-thâu,碼頭
kong,碽
lián,碾
tián,碾
tsû,磁
tông,磄
phong,磅
pōng,磅
pōng-á,磅仔
pǒng-á,磅仔
pōng-tsí,磅子
pǒng-tsí,磅子
pōng-thiu,磅抽
phòng-phuh--á,磅浦仔
phóng-phu-á,磅浦仔
phóng-phu̍h-á,磅浦仔
pōng-phuê,磅皮
pōng-phê,磅皮
pōng-khang,磅空
pōng-bí-phang,磅米芳
pōng-tāng,磅重
pōng-tsam,磅針
pōng-tsiam,磅針
pōng-tsim,磅針
pōng-pió,磅錶
ku̍t,磆
pi,磇
khuí,磈
uí,磈
sóng,磉
luí,磊
tsho,磋
tshoo,磋
tiân,磌
khe,磎
liâm,磏
phuân,磐
puânn,磐
uī,磑
kia̍t,磔
khap,磕
kha̍p,磕
kha̍p-buē-tio̍h,磕未著
kha̍p-bē-tio̍h,磕未著
kha̍p-tio̍h,磕著
kha̍p-buē-tio̍h,磕袂著
kha̍p-bē-tio̍h,磕袂著
kha̍p-thâu,磕頭
tsng,磚
tsuan,磚
tsuinn,磚
tsng-á,磚仔
tsuinn-á,磚仔
tsng-á-iô,磚仔窯
tsng-á-kak,磚仔角
tsng-phuè-á,磚杮仔
tsng-phè-á,磚杮仔
tshâm,磛
tshè,磜
gô,磝
ngôo,磝
phing,磞
pîng,磞
la̍k,磟
lio̍k,磟
la̍k-ta̍k,磟碡
lóo,磠
khàm,磡
tshióng,磢
tshám,磣
tsik,磧
buâ,磨
bō,磨
môo,磨
bōr,磨
buâ-khann,磨坩
bō-kué,磨粿
bō-ké,磨粿
buâ-liān,磨練
tsuê,磪
khìng,磬
gín,磭
tshiok,磭
ki,磯
kû,磲
tsing,磳
ting,磴
tìng,磴
lîn,磷
lîng,磷
līn,磷
tiām,磹
hông,磺
n̂g,磺
uînn,磺
hông-tsuí,磺水
hông-hué,磺火
hông-hé,磺火
phuân,磻
pòo,磻
tsa̍p,磼
khau,磽
te,磾
ta,礁
tsiau,礁
ta-khe,礁溪
tann-khe,礁溪
tann-khenn,礁溪
ta-khe-hiong,礁溪鄉
tann-khe-hiong,礁溪鄉
tann-khenn-hiong,礁溪鄉
kiâu,礄
hi̍k,礉
khau,礉
khàu,礉
luí,礌
luī,礌
tshóo,礎
ha̍k,礐
ha̍k-á,礐仔
ha̍k-á-thâng,礐仔蟲
gí,礒
kiang,礓
kiong,礓
gāi,礙
ngāi,礙
gāi-ba̍k,礙目
ngāi-ba̍k,礙目
gāi-tio̍h,礙著
gāi-gio̍h,礙虐
ngāi-gio̍h,礙虐
po̍k,礡
ióng,礢
bia̍t,礣
bi̍k,礣
tshat,礤
tshuah,礤
tshuah--á,礤仔
tshuah-á,礤仔
tshuah-ping,礤冰
tshuah-tshiam,礤簽
hiân,礥
khòng,礦
khòng-kang,礦工
khòng-gia̍p,礦業
khòng-tsuânn-tsuí,礦泉水
khòng-bu̍t,礦物
khòng-bu̍t-tsit,礦物質
khòng-tsio̍h,礦石
luí,礧
luî,礧
luī,礧
lē,礪
lè,礪
li̍k,礫
huân,礬
lâng,礱
lông,礱
song,礵
kuàn,礶
kî,示
sī,示
sī-ui,示威
sī-huān,示範
lé,礼
jîng,礽
siā,社
siā-kau,社交
siā-khu,社區
siā-guân,社員
siā-uân,社員
siā-thuân,社團
siā-kàu,社教
siā-kàu-kuán,社教館
siā-huē,社會
siā-lūn,社論
siā-tiúnn,社長
siā-thâu,社頭
siā-thâu-hiong,社頭鄉
io̍k,礿
sāi,祀
sū,祀
tshāi,祀
sū-tián-bú-biō,祀典武廟
kî,祁
kài,祄
hian,祅
iau,祅
kî,祇
tsi,祇
kî,祈
kî-kiû,祈求
kî-hok,祈福
kî-tó,祈禱
tsí,祉
pang,祊
ping,祊
tuat,祋
tài,祋
si̍k,祏
iū,祐
tia̍t,祑
ti̍t,祑
hù,祔
hū,祔
pì,祕
pì-bi̍t,祕密
pì-hng,祕方
pì-si,祕書
pì-su,祕書
pì-ki̍p,祕笈
pì-kiat,祕結
pì-kuat,祕訣
tsóo,祖
tsóo-thuân pì-hng,祖傳祕方
tsóo-sian,祖先
tsóo-kong,祖公
tsóo-kong-á-sái,祖公仔屎
tsóo-kong-á-sán,祖公仔產
tsóo-kong-sái,祖公屎
tsóo-kong-sán,祖公產
tsóo-tshù,祖厝
tsóo-kok,祖國
tsóo-má,祖媽
tsóo-su-biō,祖師廟
tsóo-biō,祖廟
tsóo-gia̍p,祖業
tsóo-sán,祖產
tsóo-tsóo,祖祖
kî,祗
tsi,祗
bia̍t,祙
tsà,祚
tsōo,祚
hōo,祜
tsiok,祝
tsiok-siū,祝壽
tsiok-suann,祝山
tsiok-hok,祝福
tsiok-hō,祝賀
sîn,神
sîn-tsí-pâi-á,神主牌仔
sîn-tsú-pâi-á,神主牌仔
sîn-uī,神位
sîn-siōng,神像
sîn--khì,神去
sîn-tuânn,神壇
sîn-kî,神奇
sin-kong-khu,神岡區
sin-kóng-khu,神岡區
sîn-thài,神態
sîn-bîng,神明
sîn-bo̍k,神木
sîn-toh,神桌
sîn-hū,神父
sîn-pì,神祕
sîn-sîn,神神
sîn-king,神經
sîn-sìng,神聖
sîn-uē,神話
sîn-kiō,神轎
sîn-thong,神通
sîn-hûn,神魂
sui,祟
sû,祠
tshâi,祡
lú,祣
hú,祤
ú,祤
siâng,祥
siông,祥
siông-hô,祥和
thiau,祧
thiāu,祧
thiāu-á-lāi,祧仔內
phiàu,票
phiò,票
phiò-kè,票價
phiò-kuàn,票券
phiò-kǹg,票券
phiò-pâng,票房
phiò-kì,票據
phiò-kù,票據
phiò-sòo,票數
phiò-guân,票源
phiò-siunn,票箱
phiò-suán,票選
hia̍p,祫
tsè,祭
tsè-tián,祭典
tsè-phín,祭品
tsè-bōng,祭墓
tsè-bōo,祭墓
tsè-koo,祭孤
tsè-pài,祭拜
tsè-bûn,祭文
tsè-hiàn,祭獻
tsè-sū,祭祀
tsè-tsóo,祭祖
tshim,祲
sīn,祳
kai,祴
thô,祹
tô,祹
kî,祺
kuàn,祼
lo̍k,祿
kìm,禁
kìm-līng,禁令
kìm-khu,禁區
kìm-tshuì,禁喙
kìm-jiō,禁尿
kìm-liō,禁尿
kìm-tôo,禁屠
kìm-khī,禁忌
kìm-kī,禁忌
kìm-tsí,禁止
kìm-khuì,禁氣
kìm-iōng,禁用
kìm-hun,禁薰
tó,禂
thí,禇
thú,禇
hui,禈
khiat,禊
in,禋
hō,禍
hōo,禍
ē,禍
tsing,禎
hok,福
hok-iū-kiong,福佑宮
hok-lī,福利
hok-lī-siā,福利社
hok-siū-lê,福壽螺
hok-tik-tsìng-sîn,福德正神
hok-sam,福杉
hok-khì,福氣
hok-siòng,福相
hok-gíng,福眼
hok-hing-hiong,福興鄉
hok-liông,福隆
hok-im,福音
iông,禓
siong,禓
thê,禔
tê,禔
i,禕
muî,禖
thè,禘
tē,禘
tsiok,禚
tsin,禛
îng,禜
īng,禜
su,禠
mā,禡
suan,禢
huan,禤
gī,禦
gū,禦
hi,禧
ki,禨
siân,禪
siān,禪
siâm-su,禪師
siân-su,禪師
tām,禫
kuè,禬
lé,禮
lé-gî,禮儀
lé-gî-siā,禮儀社
lé-phín,禮品
lé-tn̂g,禮堂
lé-pài,禮拜
lé-pài-tn̂g,禮拜堂
lé-pài-ji̍t,禮拜日
lé-pài-li̍t,禮拜日
lé-sòo,禮數
lé-ho̍k,禮服
lé-bu̍t,禮物
lé-a̍p,禮盒
lé-māu,禮貌
lé-gū,禮遇
lé-siānn,禮𣛮
bí,禰
jínn,禰
lé,禰
ní,禰
tó,禱
tóo,禱
lē,禲
jiông,禳
io̍k,禴
tsàn,禶
jiú,禸
kiû,禸
í,禹
ú,禹
gû,禺
lî,离
khîm,禽
khîm-siù,禽獸
hô,禾
hôo,禾
thuh,禿
thut,禿
thut-thâu,禿頭
thuh-hia̍h,禿額
siàu,秀
siù,秀
siù-koo-luân-suann,秀姑巒山
siù-koo-luân-khe,秀姑巒溪
siù-lóng-kiô,秀朗橋
siù-lîm-hiong,秀林鄉
siù-se-á,秀梳仔
siù-sue-á,秀梳仔
siù-khì,秀氣
siù-tsuí-hiong,秀水鄉
siù-tshuê-á,秀箠仔
siù-tshê-á,秀箠仔
siù-lē,秀麗
sai,私
si,私
su,私
su-hā,私下
su-sū,私事
su-kau,私交
su-jîn,私人
su-lîn,私人
su-phian,私偏
su-lī,私利
sai-kha,私奇
sai-khia,私奇
sai-khiann-tsînn,私奇錢
su-bi̍t,私密
su-tué-hā,私底下
su-té-hā,私底下
su-sim,私心
su-tsîng,私情
su-hāu,私校
su-sing-tsú,私生子
su-li̍p,私立
su-thong,私通
tshâ,秅
tòo,秅
kán,秆
gē,秇
sian,秈
píng,秉
liân,秊
tshiu,秋
tshiu-á,秋仔
tshiu-tang,秋冬
tshio-tshìn,秋凊
tshior-tshìn,秋凊
tshiu-tshìn,秋凊
tshiu-hun,秋分
tshiu-thinn,秋天
thiông,种
huè,秏
hònn,秏
ûn,秐
khe,科
kho,科
khoo,科
kho-guân,科員
kho-uân,科員
kho-ha̍k,科學
kho-ha̍k phok-bu̍t-kuán,科學博物館
kho-ha̍k-ka,科學家
kho-kang-kuán,科工館
kho-ki,科技
kho-ki tuā-lâu,科技大樓
kho-bo̍k,科目
kho-hē,科系
kho-tiúnn,科長
biáu,秒
bió,秒
bió-tsing,秒鐘
king,秔
pí,秕
tsi,秖
pì,秘
khòo,秙
nî,秜
li̍k,秝
tsoo,租
tsoo-tshù,租厝
tsoo-iok,租約
tsoo-tshia,租車
tsoo-kim,租金
phi,秠
lîng,秢
bua̍t,秣
buē,秣
pîng,秤
tshìn,秤
tshìng,秤
tshìn-á,秤仔
tshìn-á-hue,秤仔花
tshìn-thô,秤砣
tshìn-tô,秤砣
tshìn-tôo,秤砣
tshìn-thuî,秤錘
tshìn-thuî-á,秤錘仔
tshìn-thâu,秤頭
tsîn,秦
iang,秧
iong,秧
ng,秧
ng-á,秧仔
ng-tsûn,秧船
tia̍t,秩
tia̍t-sū,秩序
te,秪
ti,秪
tsu̍t,秫
tsu̍t-bí,秫米
tsu̍t-bí-pn̄g,秫米飯
kú,秬
tsí,秭
tai,秮
tai-á,秮仔
tai-á-bí,秮仔米
tsik,秷
khiat,秸
î,移
î-kau,移交
î-tōng,移動
î-ku,移居
î-su,移師
î-suá,移徙
î-bîn,移民
î-tsuán,移轉
î-sàng,移送
hú,秿
hi,稀
hi-kî,稀奇
hi-bî,稀微
hi-hán,稀罕
lông,稂
hu,稃
suè,稅
sè,稅
sèr,稅
suè-tsè,稅制
sè-tsè,稅制
suè-bū,稅務
sè-bū,稅務
suè-tshù,稅厝
sè-tshù,稅厝
sèr-tshù,稅厝
suè-siu,稅收
sè-siu,稅收
suè-guân,稅源
sè-guân,稅源
suè-lu̍t,稅率
sè-lu̍t,稅率
suè-hù,稅賦
sè-hù,稅賦
suè-kim,稅金
sè-kim,稅金
suè-gia̍h,稅額
sè-gia̍h,稅額
khún,稇
kuáinn,稈
kuánn,稈
kuínn,稈
kán,稈
king,稉
tê,稊
thiânn,程
thîng,程
tîng,程
thîng-sū,程序
tîng-sū,程序
thîng-tōo,程度
thîng-sik,程式
tîng-sik,程式
tôo,稌
sàu,稍
sáu,稍
tshiáu,稍
lún,稐
lio̍k,稑
jím,稔
sím,稔
tsûn,稕
phuē,稗
phē,稗
pāi,稗
phuē-á,稗仔
phuě-á,稗仔
phē-á,稗仔
phē-á-tsháu,稗仔草
ki,稘
si̍t,稙
thik,稙
tī,稚
lîng,稜
līng,稜
khò,稞
pín,稟
pín-kò,稟告
khit,稠
tiû,稠
i,稦
pian,稨
luán,稬
lō,稬
khiat,稭
tsióng,種
tsíng,種
tsiòng,種
tsìng,種
tsìng-tsoh,種作
tsíng-tsí,種子
tsíng-tso̍k,種族
tsìng-tsu,種珠
tsìng-tshân,種田
tsióng-tsióng,種種
tsióng-luī,種類
tshing,稱
tshìng,稱
tshing-hoo,稱呼
liâm,稴
tsik,稷
tō,稻
tōo,稻
tiū,稻
tiū-tiânn,稻埕
tiū-kó,稻稿
tiū-kó-tsháu,稻稿草
tiū-suī,稻穗
tiū-tsháu,稻草
tiū-tsháu-lâng,稻草人
tiū-tsháu-khûn,稻草囷
kà,稼
khe,稽
ke,稽
khé,稽
khe-sué,稽洗
khe-sé,稽洗
khe-khó,稽考
kó,稾
kóo,稾
kó,稿
kó-huì,稿費
kak,穀
kok,穀
kok-ú,穀雨
jiông,穁
tsè,穄
khong,穅
bo̍k,穆
sam,穇
bûn,穈
kì,穊
lio̍k,穋
soo,穌
tsik,積
tsik-hun,積分
tsik-tik,積德
tsik-ki̍k,積極
tsik-tsuí,積水
íng,穎
ínn,穎
suī,穗
tiông,穜
tông,穜
suī,穟
jiông,穠
lông,穠
sik,穡
sit,穡
sit-thâu,穡頭
uè,穢
è,穢
èr,穢
uè--lâng,穢人
è--lâng,穢人
èr--lâng,穢人
uè-suè,穢涗
è-sè,穢涗
lōo,穤
tsè,穧
ún,穩
ún-á-tang,穩仔冬
ún-kiān,穩健
ún-tīng,穩定
ún-sim-á,穩心仔
ún-tàng,穩當
ún-tak-tak,穩觸觸
ún-tiōng,穩重
tshìng,穪
hi̍k,穫
kóng,穬
lú,穭
lū,穭
phiau,穮
giông,穰
jiông,穰
liông,穰
jióng,穰
tshiok,穱
tsiok,穱
lî,穲
hia̍t,穴
uat,穵
kiù,究
kiù-khàm,究勘
kiù-tsin,究真
kiù-kìng,究竟
si̍k,穸
kiong,穹
khang,空
khong,空
khàng,空
khòng,空
khong-tiong,空中
khang-uī,空位
khong-tsiân,空前
khang-tshù-king,空厝間
khang-tshuì,空喙
khang-tshuì-pōo-tsi̍h,空喙哺舌
khàng-tuē,空地
khàng-tē,空地
khong-tāi,空大
khong-tsiá,空姐
khang-su-bāng-sióng,空思夢想
khong-su-bōng-sióng,空思夢想
khong-tsiàn,空戰
khang-pâng,空房
khang-tshiú,空手
khong-ho̍k,空服
khang-sún,空榫
khang-khak,空殼
khang-khak-tshù,空殼厝
khang-khak-tsi-phiò,空殼支票
khong-khì,空氣
khàng-pe̍h,空白
khang-phāng,空縫
khang-pak,空腹
khang-hi,空虛
khong-si̍p,空襲
khong-tiâu,空調
khang-sin,空身
khong-kun,空軍
khong-ūn,空運
khang-king,空間
khong-kan,空間
khang-khiah,空隙
khong-lān,空難
khang-thâu,空頭
tsīng,穽
iàu,穾
iáu,穾
tshiōng,穿
tshng,穿
tshuan,穿
tshuinn,穿
tshīng,穿
tshǐng,穿
tshīng-tshah,穿插
tshīng-sún,穿榫
tshng--kuè,穿過
tun,窀
tu̍t,突
tu̍t-tshut,突出
thu̍t-jiân,突然
thu̍t-liân,突然
tu̍t-jiân,突然
tu̍t-liân,突然
tu̍t-huat,突發
tu̍t-phuà,突破
tu̍t-piàn,突變
tu̍t-hián,突顯
tshiap,窃
tsik,窄
biáu,窅
biân,窅
iáu,窅
piàn,窆
iáu,窈
ua,窊
tu̍t,窋
kàu,窌
iâu,窑
khau,窑
tsik,窒
that,窒
that-á,窒仔
that-tó-ke,窒倒街
that-tó-kue,窒倒街
that-tshuì-khang,窒喙空
that-tshia,窒車
tshong,窓
biáu,窔
thiáu,窕
kàu,窖
thang,窗
tshong,窗
thang-á,窗仔
thang-á-iám,窗仔掩
thang-á-khing,窗仔框
thang-á-lî,窗仔簾
thang-á-mn̂g,窗仔門
thang-guā,窗外
khún,窘
hau,窙
tám,窞
thām,窞
thām-thuī,窞倕
thām-tóo,窞肚
khut,窟
khut-á,窟仔
kho,窠
hi̍k,窢
sut,窣
su̍t,窣
im,窨
ìm,窨
o,窩
ua,窪
jû,窬
tau,窬
khîng,窮
kiông,窮
kîng,窮
khing-hun,窮分
khîng-hun,窮分
khîng-si̍t,窮實
khîng-tsin,窮真
kîng-tsin,窮真
khîng-kiù,窮究
iâu,窯
iô,窯
iâu,窰
khau,窰
tiāu,窱
liāu,窲
tsâu,窲
jú,窳
jû,窳
ua,窳
tian,窴
tiân,窴
tiàu,窵
kù,窶
kú,窶
lú,窶
si,窸
si̍h,窸
sī,窸
sī-suā,窸倏
si̍h-su̍t-kiò,窸窣叫
si-si-su̍t-su̍t,窸窸窣窣
khui,窺
kui,窺
tshong,窻
khuán,窾
liông,窿
thing,竀
tshuì,竁
tshuàn,竄
tshǹg-tsuí-bī,竄水沬
khiàu,竅
khiò,竅
kiông,竆
tōo,竇
tiō,竇
lóng,竉
tshiap,竊
tshiat,竊
tshiap-tō,竊盜
li̍p,立
li̍p-tang,立冬
li̍p-tiûnn,立場
li̍p-hā,立夏
li̍p-hē,立夏
li̍p-uí,立委
li̍p-tsì,立志
li̍p-tshun,立春
li̍p-àn,立案
li̍p-huat,立法
li̍p-huat-īnn,立法院
li̍p-tshiu,立秋
li̍p-īnn,立院
li̍p-thé,立體
hông,竑
kî,竒
tsām,站
tsām-tsat,站節
tsām-tiúnn,站長
liông,竜
pìng,竝
kìng,竟
kìng-jiân,竟然
kìng-liân,竟然
tsiang,章
tsiong,章
tsionn,章
tsiunn,章
tsiong-thîng,章程
tsiong-tîng,章程
tsiong-tsiat,章節
tsùn,竣
hîng,竤
hông,竤
tâng,童
tông,童
tâng-ki,童乩
tâng-ki-toh-thâu,童乩桌頭
tông-liân,童年
tông-uē,童話
tông-iâu,童謠
tông-kun,童軍
sióng,竦
sóng,竦
tshióng,竦
sī,竪
sū,竪
tsīng,竫
kia̍t,竭
kia̍t-á-ko,竭仔哥
kia̍t-á-thâu,竭仔頭
tuann,端
tuan,端
tuan-bo̍k,端木
tuan-tsìng,端正
tuan-tiah,端的
tuann-tiah,端的
tuan-tsong,端莊
tsing,竲
hua,竵
kīng,競
kìng-ki,競技
kīng-ki,競技
kìng-pio,競標
kīng-pio,競標
kìng-tsing,競爭
kīng-tsing,競爭
kìng-tsing-li̍k,競爭力
kīng-tsing-li̍k,競爭力
kìng-sài,競賽
kīng-sài,競賽
kìng-suán,競選
kīng-suán,競選
tiok,竹
tik,竹
tik-ham,竹䈄
tik-tiong,竹中
tik-á,竹仔
tik-á-suann,竹仔山
tik-á-sìnn,竹仔扇
tik-á-sàu-tsiú,竹仔掃帚
tik-á-ki,竹仔枝
tik-pak,竹北
tik-pak-tshī,竹北市
tik-lâm,竹南
tik-lâm-tìn,竹南鎮
tik-tn̂g-hiong,竹塘鄉
tik-tshàm,竹塹
tik-tsām,竹塹
tik-san-tìn,竹山鎮
tik-kiā,竹崎
tik-kiā-hiong,竹崎鄉
tik-tshuann,竹扦
tik-phi-á,竹披仔
tik-sàu,竹掃
tik-sàu-tsiú,竹掃帚
tik-tang,竹東
tik-tang-tìn,竹東鎮
tik-pue,竹桮
tik-pâi,竹棑
tik-bôo,竹模
tik-tshân,竹田
tik-tshân-enn,竹田嬰
tik-tshân-inn,竹田嬰
tik-tshân-hiong,竹田鄉
tik-ba̍k,竹目
tik-tshíng,竹筅
tik-sún,竹筍
tik-tâng,竹筒
tik-khoo,竹箍
tik-kóng,竹管
tik-kóng-á-pn̄g,竹管仔飯
tik-ha̍h,竹箬
tik-ko,竹篙
tik-ko-tshù,竹篙厝
tik-ko-tshe,竹篙叉
tik-bi̍h-á,竹篾仔
tik-pê,竹耙
tik-mo̍oh,竹膜
tik-hio̍h,竹葉
tik-tshio̍h,竹蓆
tik-hóo,竹虎
tik-than,竹蟶
tik-kha,竹跤
tik-phō,竹部
tik-ke-á,竹雞仔
tik-kue-á,竹雞仔
tik-ke-á-tshia,竹雞仔車
tik-kue-á-tshia,竹雞仔車
tik-thâu-kiā,竹頭崎
tiok,竺
li̍k,竻
kan,竿
kuann,竿
kuann-tsin-nâ,竿蓁林
ke,笄
pa,笆
khip,笈
ki̍p,笈
tsó,笊
tsuá-lî,笊籬
tsuánn-lî,笊籬
hut,笏
kong,笐
siàu,笑
tshiàu,笑
tshiò,笑
tshiòr,笑
tshiò-bún-bún,笑吻吻
tshiò-hai-hai,笑咍咍
tshiò-iông,笑容
tshiò-bi-bi,笑微微
tshiò-pue,笑桮
tshiòr-pue,笑桮
tshiò-hún,笑粉
tshiò-siann,笑聲
tshiò-sik,笑色
tshiò-uē,笑話
tshiò-khe,笑詼
tshiò-khue,笑詼
tshiò-khe-tshut,笑詼齣
tshiò-khue-tshut,笑詼齣
tshiàu-tâm,笑談
tshiò-bīn,笑面
tshiò-bīn-hóo,笑面虎
tshiò-thâu-tshiò-bīn,笑頭笑面
giám,笒
gím,笒
pì,笓
tshiam,笘
sing,笙
ta̍t,笛
ti̍k,笛
ta̍t-á,笛仔
lia̍p,笝
thai,笞
thi,笞
koo,笟
lere̍h,笠
le̍h,笠
li̍p,笠
lue̍h,笠
lerē-á,笠仔
le̍h-á,笠仔
lue̍h--á,笠仔
lue̍h-á,笠仔
lē-á,笠仔
tshiánn,笡
bín,笢
pau,笣
tiâu,笤
su,笥
hû,符
hû-á,符仔
hû-á-tsuí,符仔水
hû-á-lōo,符仔路
hû-līng,符令
hû-ha̍p,符合
hû-tsiù,符咒
hû-má,符碼
hû-hō,符號
pūn,笨
pūn-tshia-tshia,笨tshia-tshia
pùn-káng,笨港
pūn-káng,笨港
pūn-kha-pūn-tshiú,笨跤笨手
tàn,笪
tsí,笫
tuē,第
tē,第
tuē-it,第一
tē-it,第一
tuē-sann-tsiá,第三者
tē-sann-tsiá,第三者
tuē-lī-tshun,第二春
tē-jī-tshun,第二春
tē-ngóo,第五
tuē-sì-tâi,第四台
tē-sì-tâi,第四台
lîng,笭
tsik,笮
tsà,笮
hut,笰
kóo,笱
kô,笱
huân,笲
ka,笳
khó,笴
kó,笴
phó,笸
sè,笹
sì,笹
kiông,笻
kuì,筀
iâu,筄
sián,筅
tsháinn,筅
tshíng,筅
tshíng-á,筅仔
tshán-á-king,筅仔莖
tshíng-thûn,筅黗
pit,筆
pit-sè,筆勢
pit-iú,筆友
pit-huat,筆法
pit-tsiá,筆者
pit-kì,筆記
pit-tshì,筆試
pit-tsik,筆跡
pit-lio̍k,筆錄
pit-lo̍k,筆錄
kuat,筈
tán,等
tíng,等
tán--tsi̍t-ē,等一下
tán-hāu,等候
tán-kàu,等到
tán--leh,等咧
tán-thāi,等待
tíng-î,等於
tíng-tíng,等等
tíng-kip,等級
tíng-hō,等號
tán-lōo,等路
kiáu,筊
kiáu-sian,筊仙
kiáu-tiûnn,筊場
kiáu-siū,筊岫
kiáu-pún,筊本
kiáu-tong,筊東
kiáu khut,筊窟
kiáu-khut,筊窟
kiáu-kha,筊跤
kiáu-king,筊間
kiáu-kuí,筊鬼
kin,筋
kirn,筋
kun,筋
kin-tsat,筋節
kun-tsat,筋節
kin-le,筋絡
kun-le,筋絡
kin-bah,筋肉
kun-bah,筋肉
kin-kut,筋骨
kun-kut,筋骨
tshuan,筌
sún,筍
sún-kuann,筍乾
sún-á,筍仔
sún-si,筍絲
sún-ku,筍龜
jú,筎
jû,筎
hua̍t,筏
khing,筐
khong,筐
khing-á,筐仔
tiok,筑
tâng,筒
tông,筒
tâng-á-bí-ko,筒仔米糕
ke,筓
tap,答
tah,答
tap-tshuì-kóo,答喙鼓
tah-ìng,答應
tap-àn,答案
tap-hok,答覆
tap-siā,答謝
hîng,筕
tsheh,策
tshik,策
tshik-lio̍k,策略
tshik-uē,策畫
ûn,筠
pâ,筢
liông,筤
lông,筤
kú,筥
kuán,筦
kián,筧
kíng,筧
khiò,筧
ióng,筩
tông,筩
suàn,筭
sē,筮
siáu,筱
sau,筲
soo,筲
tîng,筳
kiap,筴
tshik,筴
iân,筵
lâi,箂
pi,箄
pín,箅
pín-á,箅仔
pín-á-kut,箅仔骨
pì,箆
kò,箇
tsian,箋
khoo,箍
khoo-puànn,箍半
khoo-lo̍h,箍絡
tî,箎
tsing,箏
tsing,箐
tsia̍t,箑
tsiú,箒
po̍h,箔
ki,箕
lîm,箖
suàn,算
suìnn,算
sǹg,算
sǹg-tsuè,算做
sǹg-tsò,算做
sǹg-miā,算命
sǹg-siàu,算數
sǹg-sī,算是
sǹg-ē-hô,算會和
sǹg-huat,算法
sǹg-bô-puânn,算無盤
suìnn-puânn,算盤
sǹg-puânn,算盤
suàn-su̍t,算術
sǹg-su̍t,算術
sǹg-buē-hô,算袂和
sǹg-bē-hô,算袂和
sǹg-kóng,算講
sǹg-gia̍h,算額
khún,箘
ho̍k,箙
koo,箛
khong,箜
khiâm,箝
suî,箠
tshuê,箠
tshê,箠
tshêr,箠
tshuê-á,箠仔
tshê-á,箠仔
kuán,管
kuínn,管
kńg,管
kóng,管
kóng-á-kué,管仔粿
kóng-á-ké,管仔粿
kuán-tsè,管制
kuán-khu,管區
kuán-khu--ê,管區的
kuán-ke,管家
kuán-ke-pô,管家婆
kuán-hiân,管弦
kuán-thāi,管待
kuán-thāi--i,管待伊
kuán-kà,管教
kuán-siàu,管數
kuán-lí,管理
kóng-suànn,管線
kuán-hat,管轄
kuán-tō,管道
kuán-kòo,管顧
uán,箢
gio̍k,箬
ha̍h,箬
jio̍k,箬
lio̍k,箬
ha̍h-lue̍h-á,箬笠仔
tsiàn,箭
tsìnn,箭
tsìnn-tik-á-sún,箭竹仔筍
tsìnn-thâu,箭頭
huan,箮
suan,箮
pian,箯
siang,箱
siong,箱
sionn,箱
siunn,箱
siunn-á,箱仔
siunn-láng,箱籠
tsim,箴
síng,箵
tsing,箵
hôo,箶
ôo,箶
si,箷
tī,箸
tīr,箸
tū,箸
tǐr,箸
tī-lang,箸籠
tī-lāng,箸籠
tū-lang,箸籠
tū-lāng,箸籠
siau,箾
tsat,節
tseh,節
tsiat,節
tsueh,節
tsereh,節
tsiat-khiām,節儉
tsiat-tsè,節制
tsat-la̍t,節力
tsiat-tsàu,節奏
tseh-ji̍t,節日
tsueh-li̍t,節日
tseh-khuì,節氣
tsueh-khuì,節氣
tsiat-bo̍k,節目
tsiat-síng,節省
tsiat-suè,節稅
tsiat-sè,節稅
tsiat-iok,節約
tsiat-io̍k,節育
tsat-be̍h,節脈
tsat-bē,節脈
tsat-meh,節脈
tsat-me̍h,節脈
tsat-mē,節脈
hông,篁
huān,範
huǎn,範
pān,範
huān-lē,範例
pān-sè,範勢
huān-uî,範圍
pān-siann,範聲
thuàn,篆
phian,篇
phinn,篇
phian-hok,篇幅
tiok,築
tio̍k,築
hông,篊
kiap,篋
kheh,篋
kheh-á,篋仔
hôo,篌
hûn,篔
uân,篔
a̍k,篗
hok,篗
khok,篗
o̍k,篗
tsoo,篘
ko,篙
kor,篙
huí,篚
koo,篝
siáu,篠
siāu,篠
tshuàn,篡
kám,篢
tok,篤
tauh,篤
táu,篤
lik,篥
pìn,篦
tshiok,篧
tû,篨
sai,篩
thai,篩
thai-á,篩仔
thai-táu,篩斗
tî,篪
lî,篱
luē,篱
lē,篱
huī,篲
pit,篳
tio̍k,篴
ti̍k,篴
hông,篷
phâng,篷
pông,篷
tsuān,篹
bia̍t,篾
bi̍h,篾
bi̍h-á,篾仔
bi̍h-á-sìnn,篾仔扇
bi̍h-si-nâ-á,篾絲籃仔
bi̍h-tshio̍h,篾蓆
tsik,簀
tsè,簀
khòo,簆
tshok,簇
tshiù,簉
tsòo,簉
khuí,簋
kuí,簋
sok,簌
lóo,簍
lôo,簍
tshik,簎
tsi̍k,簎
lo̍k,簏
soo,簑
sue,簑
phok,簙
bi̍k,簚
tōng,簜
liâu,簝
tan,簞
thàng-sirh,簞笥
thàng-suh,簞笥
thàng-sù,簞笥
tiām,簟
hú,簠
kán,簡
kán-kài,簡介
kán-piān,簡便
kán-huà,簡化
kán-tan,簡單
kán-pò,簡報
kán-tshing,簡稱
kán-tsiong,簡章
kán-thé-jī,簡體字
kán-thé-lī,簡體字
kuī,簣
kiau,簥
ting,簦
hông,簧
sún,簨
tsam,簪
tsiam,簪
tsim,簪
siau,簫
kàn,簳
kū,簴
lōo,簵
iâm,簷
liâm,簷
tsînn,簷
puà,簸
pò,簸
pòo,簸
puà-ki,簸箕
puà-ki-kah,簸箕甲
puànn-ki-kah,簸箕甲
tong,簹
sài,簺
khó,簻
tshiam,簽
tshiam-á,簽仔
tshiam-tò,簽到
tshiam-miâ,簽名
tshiam-jī,簽字
tshiam-lī,簽字
tshiam iok,簽約
tshiam-sú,簽署
tshiam-tīng,簽訂
tshiam-tsìng,簽證
liâm,簾
lî,簾
nî,簾
nî-tsînn,簾簷
nî-tsînn-kha,簾簷跤
phōo,簿
phǒo,簿
po̍k,簿
pho̍k,簿
pho̍k-á,簿仔
phōo-á,簿仔
phōo-á-tsuá,簿仔紙
tiū,籀
nâ,籃
lâm,籃
nâ-á,籃仔
nâ-tsân,籃層
nâ-pán,籃板
nâ-khing,籃框
nâ-kiû,籃球
î,籅
û,籅
tsin,籈
tâi,籉
ti̍k,籊
tiû,籌
tiû-pī,籌備
tiû-bōo,籌募
tiû-pān,籌辦
tsi̍k,籍
tsi̍k-kuàn,籍貫
tîn,籐
tîng,籐
tîn-tiâu,籐條
huân,籓
sóo,籔
khok,籗
khah,籗
khah-á,籗仔
lio̍k,籙
lôo,籚
tsian,籛
tsián,籛
thok,籜
îng,籝
nāi,籟
lông,籠
láng,籠
lâng,籠
lóng,籠
lam,籠
lang,籠
lāng,籠
láng-á,籠仔
lâng-sn̂g,籠床
láng-bīn,籠面
lân,籣
tshiam,籤
tshiam-tâng,籤筒
tshiam-si,籤詩
io̍k,籥
kù,籧
kû,籧
pian,籩
tuān,籪
lî,籬
lî-á-lāi,籬仔內
lî-pa,籬笆
luâ,籮
lô,籮
lôo,籮
îng,籯
o̍k,籰
khok,籱
io̍k,籲
jū,籲
lū,籲
bí,米
bí-á-hu,米仔麩
bí-kè,米價
bí-lin,米奶
bí-ling,米奶
bí-ni,米奶
bí-tiàm,米店
bí-tshiám,米攕
bí-táu,米斗
bí-tsiunn,米漿
bí-phun,米潘
bí-àng,米甕
bí-kóng,米管
bí-kńg,米管
bí-thai,米篩
bí-thai-lāu,米篩漏
bí-thai-ba̍k,米篩目
bí-nâ,米籃
bí-luâ,米籮
bí-hún,米粉
bí-hún-tshá,米粉炒
bí-tshik,米粟
bí-láu,米粩
bí-ko,米糕
bí-kor,米糕
bí-ko-bê,米糕糜
bí-ko-muâi,米糕糜
bí-ko-muê,米糕糜
bí-ko-siûnn,米糕𣻸
bí-khng,米糠
bí-niû,米糧
bí-ká,米絞
bí-sik,米色
bí-phang,米芳
bí-thâng,米蟲
bí-hueh,米血
bí-huih,米血
bí-tsiú,米酒
bí-tsiú-thâu-á,米酒頭仔
bí-king,米間
bí-ku,米龜
bí-tâi,米𧉟
tô,籴
sin,籸
jú,籹
lú,籹
tsú,籽
pí,粃
but,粅
sa,粆
hún,粉
hún-înn,粉圓
hún-tshit-á,粉拭仔
hún-tshat,粉擦
hún-tiâu,粉條
hún-pit,粉筆
hún-kué,粉粿
hún-ké,粉粿
hún-âng,粉紅
hún-kuann,粉肝
hún-tn̂g,粉腸
hún-tshiân,粉腸
hún-tshiâng,粉腸
hún-tn̂g-á,粉腸仔
hún-giô,粉蟯
hún-giôr-á,粉蟯仔
hún-piánn,粉餅
hún-tsiáu,粉鳥
lia̍p,粒
lia̍p-á,粒仔
lia̍p-tsú,粒子
lia̍p-tsik,粒積
kū,粔
phoh,粕
phok,粕
phorh,粕
phoh-phoh,粕粕
tshoo,粗
tshoo-lâng,粗人
tshoo-sio̍k,粗俗
tshoo-sio̍k-mih-á,粗俗物仔
tshoo-sio̍k-huè,粗俗貨
tshoo-sio̍k-hè,粗俗貨
tshoo-ióng,粗勇
tshoo-phe,粗坯
tshoo-phue,粗坯
tshoo-kang,粗工
tshoo-khang-khuè,粗工課
tshoo-khang-khè,粗工課
tshoo-pòo,粗布
tshoo-iù,粗幼
tshoo-pún,粗本
tshoo-peh-peh,粗柏柏
thoo-tháng,粗桶
tshio-tháng,粗桶
tshoo-tháng,粗桶
tshoo-hia,粗桸
tshoo-tshân,粗殘
tshoo-tshián,粗淺
tshoo-piak-piak,粗煏煏
tshoo-gê,粗牙
tshoo-huî,粗瓷
tshoo-īng,粗用
tshoo-tshīng,粗穿
tshoo-pūn,粗笨
tshoo-khng,粗糠
tshoo-khng-hī,粗糠耳
tshoo-khng-hīnn,粗糠耳
thoo-tsuá,粗紙
tshoo-tsuá,粗紙
tshoo-si,粗絲
tshoo-pê-pê,粗耙耙
tshoo-tshài piān-pn̄g,粗菜便飯
tshoo-kha-tshoo-tshiú,粗跤粗手
tshoo-kha-tāng-tuê,粗跤重蹄
tshoo-kha-tāng-tê,粗跤重蹄
tshoo-tāng,粗重
tshoo-pá,粗飽
tshoo-lóo,粗魯
liâm,粘
tshuè,粞
tshè,粞
tshik,粟
siok,粟
tshik-á,粟仔
tshik-tshng,粟倉
tshik-tiânn,粟埕
tshik-tsíng,粟種
tshik-tshenn,粟青
tshik-tshinn,粟青
tshik-tsiáu,粟鳥
tshik-tsiáu-á,粟鳥仔
hông,粠
kiòng,粠
tsu,粢
tsiok,粥
lîn,粦
līn,粦
tsng,粧
tsong,粧
láu,粩
khiok,粬
kiok,粬
liông,粮
hiān,粯
liâng,粱
liông,粱
tshàn,粲
king,粳
ua̍t,粵
lo̍k,粶
kî,粸
suì,粹
tshuì,粹
pāi,粺
tiong,粻
tsiong,粻
lîn,粼
lîng,粼
līn,粼
tsàng,粽
tsòng,粽
tsàng-ha̍h,粽箬
tsiann,精
tsing,精
tsinn,精
tsing-kong,精光
tsing-li̍k,精力
tsing-phín,精品
tsing-tsú,精子
tsing-bi̍t,精密
tsing-khá,精巧
tsing-tsha,精差
tsing-tshái,精彩
tsing-sim,精心
tsing-bú,精武
tsing-iû,精油
tsing-senn,精牲
tsing-sinn,精牲
tsing-senn-á,精牲仔
tsing-khak,精確
tsing-sîn,精神
tsing-bí,精美
tsiann-bah,精肉
tsing-liông,精良
tsing-ing,精英
tsing-huâ,精華
tsing-tsong,精裝
tsing-sîng,精誠
tsing-thong,精通
tsing-tsìn,精進
tsing-suán,精選
kué,粿
ké,粿
kér,粿
kó,粿
kóo,粿
kue-á,粿仔
kué-á,粿仔
ké-á,粿仔
kér-á,粿仔
ké-á-liâu,粿仔條
kér-á-liâu,粿仔條
kér-á-tiâu,粿仔條
kué-ìn,粿印
ké-ìn,粿印
ké-tiâu,粿條
kué-bôo,粿模
ké-bôo,粿模
kué-tshè,粿粞
ké-tshuè,粿粞
kér-tsherè,粿粞
kér-tshuè,粿粞
kué-tsàng,粿粽
ké-tsàng,粿粽
kér-tsàng,粿粽
kué-hio̍h,粿葉
ké-hio̍h,粿葉
kué-lōo,粿路
ké-lōo,粿路
kué-pôo,粿酺
ké-pôo,粿酺
sám,糂
jiú,糅
jiû,糅
hôo,糇
hôo,糊
kôo,糊
kôo--lâng,糊人
kôo-á,糊仔
hôo-tôo,糊塗
hôo-luì-luì,糊瘰瘰
tsiàn,糋
tsìnn,糋
tsìnn-tsó-á,糋棗仔
tsî,糍
tsû,糍
hu,糐
thuân,糐
pāi,糒
pī,糒
siu,糔
siú,糔
ko,糕
koo,糕
kor,糕
ko-á,糕仔
ko-á-thâu,糕仔頭
ko-á-piánn,糕仔餅
thn̂g,糖
tông,糖
thn̂g-tan,糖丹
thn̂g-á,糖仔
thn̂g-á-piánn,糖仔餅
thn̂g-kâm-á,糖含仔
thn̂g-jiō-pēnn,糖尿病
thn̂g-liō-pīnn,糖尿病
thn̂g-phōo,糖廍
thn̂g-tshiúnn,糖廠
thn̂g-tsuí,糖水
thn̂g-kam-bi̍t-tinn,糖甘蜜甜
thn̂g-hún,糖粉
thn̂g-kué,糖粿
thn̂g-ké,糖粿
thn̂g-ko,糖膏
thn̂g-tshang,糖蔥
thn̂g-sng,糖霜
hiù,糗
tshò,糙
tshòo,糙
tshòr,糙
tshò-bí,糙米
tshòr-bí,糙米
bî,糜
bê,糜
bêr,糜
mai,糜
muâi,糜
muê,糜
mâi,糜
mi,糜
mi-mi-mauh-mauh,糜糜卯卯
bê-pn̄g,糜飯
muâi-pn̄g,糜飯
muê-pn̄g,糜飯
sám,糝
sám-hún,糝粉
hùn,糞
pùn,糞
pùn-kháu,糞口
pùn-kháu-thâng,糞口蟲
pùn-sò,糞埽
pùn-sòr,糞埽
pùn-sò-tshī-á,糞埽市仔
pùn-sò-tshī-tiûnn,糞埽市場
pùn-sò-tháng,糞埽桶
pùn-sò-láng,糞埽籠
pùn-sò-tshia,糞埽車
pùn-tui,糞堆
tsau,糟
tso,糟
tsoo,糟
khng,糠
khong,糠
khng-tâi,糠𧉟
kiōng,糡
sàn,糤
hi,糦
tshì,糦
liâng,糧
liông,糧
niôo,糧
niû,糧
niû-tsháu,糧草
niû-si̍t,糧食
kiōng,糨
huân,糫
lō,糯
thuân,糰
tuân,糰
lē,糲
tô,糴
tia̍h,糴
ti̍k,糴
tia̍h-bí,糴米
tia̍k-bí,糴米
tiā-bí,糴米
thiàu,糶
thiò,糶
thiò-bí,糶米
thiòr-bí,糶米
lān,糷
bi̍k,糸
kiú,糺
hē,系
hē-lia̍t,系列
hē-sóo,系所
hē-thóng,系統
kiù,糾
kiú,糾
kiù-tuà,糾帶
kiù-tsìng,糾正
kiù-kin,糾筋
kiù-kun,糾筋
kiù-hun,糾紛
kí,紀
kì,紀
kì-guân,紀元
khí-nî,紀年
kí-nî,紀年
kì-lu̍t,紀律
kì-liām,紀念
kì-lio̍k,紀錄
kì-lo̍k,紀錄
tiū,紂
sûn,紃
ioh,約
iok,約
iak,約
iok-tīng,約定
iok-tīng-sio̍k-sîng,約定俗成
iok-huē,約會
iok-sok,約束
iok-tsín,約診
iok-tâm,約談
hông,紅
âng,紅
âng-lī,紅利
âng-pau,紅包
âng-si̍p-jī-huē,紅十字會
âng-si̍p-lī-huē,紅十字會
âng-thôo,紅塗
hông-tîn,紅塵
âng-guā-suànn,紅外線
âng-î,紅姨
âng-înn,紅姨
âng-niû--á,紅娘仔
âng-inn,紅嬰
âng-enn-á,紅嬰仔
âng-inn-á,紅嬰仔
âng-bué-tang,紅尾冬
âng-bé-tang,紅尾冬
âng-thiap-á,紅帖仔
âng-khī,紅柿
âng-tsó,紅棗
âng-tshiū-nâ,紅樹林
â-bûn-thôo,紅毛塗
âng-bûn-thôo,紅毛塗
âng-mn̂g-thôo,紅毛塗
âng-moo-thôo,紅毛塗
âng-môo-thôo,紅毛塗
âng-mn̂g-káng,紅毛港
âng-môo-tshân,紅毛田
âng-ting,紅燈
âng-sio,紅燒
âng-pâi,紅牌
âng-gê,紅牙
âng-hiā-tshù-á,紅瓦厝仔
âng-phuê-tshài,紅皮菜
âng-phê-tshài,紅皮菜
âng-ba̍k,紅目
âng-ba̍k-kînn,紅目墘
âng-ba̍k-liân,紅目鰱
âng-kin,紅筋
âng-kun,紅筋
âng-tsau,紅糟
âng-kòng-kòng,紅絳絳
âng-tshái,紅綵
âng-bah-lí,紅肉李
âng-ko-tshiah-tshi̍h,紅膏赤蠘
âng-sik,紅色
âng-tê,紅茶
âng-hīng-tshài,紅莧菜
âng-tshài,紅菜
âng-tshài-sik,紅菜色
âng-tshài-thâu,紅菜頭
âng-hio̍h-suann,紅葉山
âng-hio̍h-khe,紅葉溪
âng-tshang-á-thâu,紅蔥仔頭
âng-tshang-thâu,紅蔥頭
âng-io̍h-tsuí,紅藥水
âng-lo̍k-po̍k-á,紅蘿蔔仔
âng-tsîm,紅蟳
âng-hueh-kiû,紅血球
âng-huih-kiû,紅血球
âng-kì-kì,紅記記
âng-tāu,紅豆
âng-tāu-á,紅豆仔
âng-tāu-piánn,紅豆餅
âng-tsiú,紅酒
âng-hê,紅霞
âng-lōo-tsiú,紅露酒
âng-bīn,紅面
âng-bīn-ah,紅面鴨
âng-thâu-suann,紅頭山
âng-thâu-sū,紅頭嶼
âng-kam,紅魽
âng-liân-hî,紅鰱魚
âng-liân-hû,紅鰱魚
âng-hōng-tshài,紅鳳菜
âng-ku,紅龜
âng-ku-á-ké,紅龜仔粿
âng-ku-kué,紅龜粿
âng-ku-ké,紅龜粿
âng-ku-kér,紅龜粿
kàn,紆
git,紇
hu̍t,紇
huân,紈
uân,紈
jîn,紉
būn,紊
bûn,紋
bûn-lí,紋理
bûn-lōo,紋路
bûn-gîn,紋銀
bûn-gûn,紋銀
la̍p,納
la̍p-ji̍p,納入
la̍p-li̍p,納入
la̍p-siàu,納數
la̍p-suè,納稅
la̍p-sè,納稅
la̍p-tsînn,納錢
thóo,紏
liú,紐
hu,紑
hû,紑
su,紓
sûn,純
sûn-tsîng,純情
sûn-tsīng,純淨
sûn-kiat,純潔
sûn-jiân,純然
sûn-liân,純然
sûn-ik,純益
sûn-tsin,純真
sûn-tshuì,純粹
sûn-kim,純金
phi,紕
pî,紕
pī,紕
ín,紖
sa,紗
se,紗
se-á,紗仔
se-á-sann,紗仔衫
se-pòo,紗布
se-bō-suann,紗帽山
se-thang,紗窗
sua-thang,紗窗
hîng,紘
hông,紘
tsuá,紙
tsí,紙
tsuá-tshù,紙厝
tsuá-phe,紙坯
tsuá-phue,紙坯
tsuá-jī,紙字
tsuá-lī,紙字
tsuá-sìnn,紙扇
tsuá-kìng,紙敬
tsuá-pang,紙枋
tsuá-tiâu,紙條
tsuá-liâu-á,紙條仔
tsuá-tiâu-á,紙條仔
tsuá-lok-á,紙橐仔
tsuá-ting,紙燈
tsuá-pâi,紙牌
tsuá-a̍p,紙盒
tsuá-phiò,紙票
tsuá-kheh-á,紙篋仔
tsuá-khue-sìnn,紙葵扇
tsuá-tē-á,紙袋仔
tsuá-tsînn,紙錢
kip,級
hun,紛
hun-luān,紛亂
hun-jiáu,紛擾
hun-liáu,紛擾
hun-hun,紛紛
hun-tsa̍p,紛雜
ûn,紜
jîm,紝
tám,紞
khim,紟
kim,紟
sòo,素
sòo-siông,素常
sòo-biâu,素描
sòo-biô,素描
sòo-liāu,素料
sòo-tsâi,素材
sòo-sòo,素素
sòo-sik,素色
sòo-tshài,素菜
sòo-tsit,素質
sòo-bīn,素面
sòo-si̍t,素食
sòo-ióng,素養
sòo-tsai,素齋
hóng,紡
pháng,紡
pháng-se,紡紗
pháng-tsit,紡織
pháng-tshia,紡車
pháng-tshia-á,紡車仔
sik,索
soh,索
sorh,索
soh-á,索仔
sik-lâm,索南
soh-lâm,索南
sik-ín,索引
kiú,紤
thiat,紩
thīnn,紩
thǐnn,紩
tia̍t,紩
thīnn-sann,紩衫
tshé,紪
tsí,紫
tsú,紫
tsí-guā-suànn,紫外線
tsí-tuânn,紫檀
tsí-sik,紫色
tsí-tshài,紫菜
thiu,紬
tiû,紬
tsah,紮
tsat,紮
tsap,紮
tsah-pòo,紮布
tsah tsînn,紮錢
luí,累
luī,累
luí-tsik,累積
luí-kè,累計
suè,細
sè,細
serè,細
suè-uī,細位
sè-uī,細位
suè-tsik,細叔
sè-tsik,細叔
sè-tsik-á,細叔仔
suè-kiánn,細囝
sè-kiánn,細囝
suè-înn,細圓
sè-înn,細圓
suè-koo,細姑
sè-koo,細姑
suè-koo-á,細姑仔
sè-koo-á,細姑仔
serè-î,細姨
suè-î,細姨
sè-î,細姨
serè-hàn,細漢
suè-hàn,細漢
sè-hàn,細漢
sè-hàn-kiánn,細漢囝
suè-hàn--ê,細漢的
sè-hàn--ê,細漢的
suè--ê,細的
sè--ê,細的
suè-tsiat,細節
sè-tsiat,細節
suè-lia̍p-tsí,細粒子
sè-lia̍p-tsí,細粒子
suè-siann,細聲
sè-siann,細聲
suè-phe--ê,細胚的
sè-phue--ê,細胚的
suè-pau,細胞
sè-pau,細胞
suè-lī,細膩
sè-jī,細膩
suè-kū--á,細舅仔
suè-khún,細菌
sè-khún,細菌
suè-hio̍h-lám-lîn-tshiū,細葉欖仁樹
sè-hio̍h-lám-jîn-tshiū,細葉欖仁樹
suè-pōo,細部
sè-pōo,細部
suè-tsia̍h,細食
sè-tsia̍h,細食
hut,紱
siat,紲
suà,紲
suà-tshuì,紲喙
suà-tshuì-bué,紲喙尾
suà-tshuì-bé,紲喙尾
suà-tshiú,紲手
suà-phah,紲拍
suà-tsiap,紲接
suà-thuann,紲攤
suà-khuì,紲氣
suà--lo̍h-lâi,紲落來
suà--lo̍h-khì,紲落去
suà-uē,紲話
sin,紳
sin-sū,紳士
thú,紵
siāu,紹
siō,紹
tsiau,紹
siāu-kài,紹介
siāu-hin-tsiú,紹興酒
siāu-hing-tsiú,紹興酒
khàm,紺
khóng,紺
kàm,紺
khóng--ê,紺的
khóng-sik,紺色
hut,紼
tô,紽
tsín,紾
thai,紿
tāi,紿
thut,絀
si,絁
tsiong,終
tsiong-kî-bué,終其尾
tsiong-kî-bé,終其尾
tsiong-nî,終年
tsiong-î,終於
tsiong-kiat,終結
tsiong-sin,終身
tsiong-tiám,終點
hiân,絃
hiân-á,絃仔
tsoo,組
tsóo,組
tsoo-kiānn,組件
tsoo-pia̍t,組別
tsoo-ha̍p,組合
tsoo-sîng,組成
tsoo-tsit,組織
tsoo-tiúnn,組長
tsoo-thâu,組頭
kíng,絅
tông,絅
puàn,絆
puànn,絆
khu,絇
jîm,絍
siat,絏
kat,結
kiat,結
kiat-kau,結交
kiat-uan,結冤
kiat-ping,結冰
kiat-ha̍p,結合
kiat-uang-kiat-tóng,結嚾結黨
kiat-hun,結婚
kiat-tsí,結子
kiat-si̍t,結實
kiat-kio̍k,結局
kiat-tshī,結市
kiat-uàn,結怨
kiat-pài,結拜
kiat-siàu,結數
kiat-tsing,結晶
kiat-tsinn,結晶
kiat-sok,結束
kiat-kó,結果
kiat-kó-tàn-sak,結果擲捒
kiat-kó-tàn-tiāu,結果擲掉
kiat-àn,結案
kiat-gia̍p,結業
kiat-kòo,結構
kiat-bîng,結盟
kiat-tsio̍h,結石
kiat-suī,結穗
kiat-sǹg,結算
kat-tshái,結綵
kiat-iân,結緣
kiat-m̂,結莓
kiat-tshin,結親
kiat-lūn,結論
kiat-lan,結趼
kiat-thâu-tshài,結頭菜
kuà,絓
bi̍k,絔
tse̍h,絕
tse̍rh,絕
tsua̍t,絕
tsua̍t-kau,絕交
tsua̍t-sû,絕嗣
tse̍h kiánn tse̍h sun,絕囝絕孫
tsua̍t-tuì,絕對
tsua̍t-tsîng,絕情
tsua̍t-bōng,絕望
tse̍h-khuì,絕氣
tsua̍t-khuì,絕氣
tsua̍t-pán,絕版
tse̍h-tsíng,絕種
tse̍rh-tsíng,絕種
tsua̍t-tsíng,絕種
tsēr-tsíng,絕種
tsua̍t-lōo,絕路
tsua̍t-si̍t,絕食
khòng,絖
king,絚
ân,絚
tho,絛
hiat,絜
hia̍t,絜
khiat,絜
kiat,絜
ká,絞
káu,絞
ká-iânn,絞營
ká-kûn,絞群
ká-kûn-ká-tóng,絞群絞黨
ká-bah,絞肉
ká-lê-á-tsuí,絞螺仔水
ká-lê-á-hong,絞螺仔風
lo̍k,絡
le,絡
lo̍h,絡
hiàn,絢
sûn,絢
phing,絣
ping,絣
pī,絥
kip,給
thong,絧
giông,絨
jiông,絨
liông,絨
jiông-á-pòo,絨仔布
liông-á-pòo,絨仔布
in,絪
luí,絫
kuàn,絭
sì,絮
sù,絮
tia̍t,絰
thóng,統
thóng-it,統一
thóng-ha̍p,統合
thóng-tī,統治
thóng-kè,統計
si,絲
si-á-bue̍h,絲仔襪
si-jiông,絲絨
si-liông,絲絨
kàng,絳
kòng,絳
kuàn,絹
kìn,絹
thi,絺
bián,絻
būn,絻
kiû,絿
soo,綀
páng,綁
páng-phiò,綁票
thóng,綂
sau,綃
siau,綃
uān,綄
tshim,綅
tsìm,綅
kīng,綆
tê,綈
siù,綉
hông,綋
khik,綌
hut,綍
juî,綏
sui,綏
khún,綑
king,經
kenn,經
kinn,經
king-tián,經典
king-siong,經商
kenn-pòo,經布
kinn-pòo,經布
king-kiàn-huē,經建會
king-bûn,經文
king-kî,經期
king-li̍k,經歷
king-tsè,經濟
king-îng,經營
king-lí,經理
king-iû,經由
kenn-si,經絲
kinn-si,經絲
kenn-suànn,經線
kinn-suànn,經線
king-huì,經費
king-bōo,經貿
king-bōo hn̂g-khu,經貿園區
kenn-kha-kenn-tshiú,經跤經手
kinn-kha-kinn-tshiú,經跤經手
king-kuè,經過
king-kè,經過
king-siau,經銷
king-giām,經驗
iân,綖
hōng,綘
kàng,綘
tsong,綜
tsòng,綜
tsong-ha̍p,綜合
tsong-gē,綜藝
thim,綝
tó,綞
tóo,綞
lē,綟
lio̍k,綠
li̍k,綠
li̍k-huà,綠化
li̍k-khah,綠卡
li̍k-tó-hiong,綠島鄉
li̍k-tik,綠竹
li̍k-tik-sún,綠竹筍
li̍k-sik,綠色
li̍k-tāu-á,綠豆仔
li̍k-tāu-phòng,綠豆膨
li̍k-tāu-kuí,綠豆鬼
liông,綡
tiû,綢
tiû-á,綢仔
khuán,綣
kuán,綣
kî,綦
ki,綦
ki,綨
kî,綨
tshing,綪
tsing,綪
sàn,綫
siū,綬
uî,維
î,維
uî-siu,維修
î-siu,維修
uî-tshî,維持
î-tshî,維持
uî-sing-sòo,維生素
uî-hōo,維護
î-hōo,維護
khé,綮
tô,綯
kuán,綰
uán,綰
kuānn,綰
kong,綱
bóng,網
bāng,網
bāng-á,網仔
bāng-á-mn̂g,網仔門
bāng-iú,網友
bāng-tsí,網址
bāng-hi̍k,網域
bāng-i̍k,網域
bāng-kiû,網球
bāng-tsām,網站
bāng-se-kńg,網紗卷
bāng-se-iû,網紗油
bāng-lōo,網路
bāng-tsè,網際
bāng-tsè-bāng-lōo,網際網路
bāng-uann,網鞍
bāng-ia̍h,網頁
tuat,綴
tuè,綴
tè,綴
tèr,綴
tuè-lâng-tsáu,綴人走
tè-lâng-tsáu,綴人走
tuè-tsîng-tuè-āu,綴前綴後
tè-tsîng-tè-āu,綴前綴後
tuè-tshiú,綴手
tè-tshiú,綴手
tuè-huē-á,綴會仔
tè-hē-á,綴會仔
tuè-lōo,綴路
tè-lōo,綴路
tè-kiō-āu,綴轎後
tuè-kiō-āu--ê,綴轎後的
tè-kiō-āu--ê,綴轎後的
tèr-kiō-āu--ê,綴轎後的
tèr-kiō-ǎu--ê,綴轎後的
tèr-kiǒ-ǎu--ê,綴轎後的
tshái,綵
kó,綶
kuan,綸
lûn,綸
liú,綹
khí,綺
thán,綻
tiān,綻
tshàn,綻
tìng,綻
tshiok,綽
lîng,綾
lîng-lô-tiû-tuān,綾羅綢緞
biân,綿
mî,綿
mî-á-tsuá,綿仔紙
biân-iân,綿延
mî-sí-mî-nuā,綿死綿爛
mî-nuā,綿爛
mî-tsinn,綿精
mî-mî-tsinn-tsinn,綿綿精精
mî-iûnn,綿羊
tshe,緀
tshiap,緁
tam,緂
thám,緂
hûn,緄
khún,緄
kún,緄
tsoo,緅
sik,緆
tsu,緇
lióng,緉
kín,緊
kín-sū-khuann-pān,緊事寬辦
kín-tiunn,緊張
kín-kip,緊急
kín-sìng,緊性
kín-bān,緊慢
kín-tshiú,緊手
kín-khuì,緊氣
kín-kông,緊狂
kín-sī-suā,緊窸倏
kín-tsua̍h-bān,緊縒慢
kín kiânn,緊行
kín-kha,緊跤
kín-kha-kín-tshiú,緊跤緊手
kín-piàng-piàng,緊迸迸
hui,緋
juê,緌
juî,緌
hi̍k,緎
sī,緒
sū,緒
siong,緗
hâm,緘
khiâm,緘
kiam,緘
khik,緙
kik,緙
sàn,線
suànn,線
suànn-bué,線尾
suànn-bé,線尾
suànn-sái,線屎
suànn-tsâi,線材
suànn-tiâu,線條
suànn-soh,線索
suànn-sai-hiong,線西鄉
suànn-lōo,線路
suànn-tíng,線頂
suànn-thâu,線頭
suànn-hiunn,線香
tship,緝
tsi̍p,緝
tuān,緞
thōng,緟
thè,締
tè,締
tè-tsō,締造
biân,緡
bín,緡
bîn,緡
hun,緡
biâu,緢
báu,緢
iân,緣
iân-hūn,緣份
iân-tâu,緣投
iân-kòo,緣故
iân-kim,緣金
su,緦
siú,緧
tshiu,緧
pian,編
pinn,編
pian-lia̍t,編列
pian-tsè,編制
pian-kio̍k,編劇
pian-ki̍k,編劇
pian-pâi,編排
pian-khik,編曲
pian-tsit,編織
pian-bú,編舞
pian-hō,編號
pian-i̍k,編譯
pian-i̍k-kuán,編譯館
pian-tsi̍p,編輯
uān,緩
uān-kî,緩期
hîng,緪
king,緪
tshong,緫
bián,緬
biān,緬
huī,緯
uī,緯
kau,緱
kâu,緱
biáu,緲
liān,練
liān-sian,練仙
liān-jī,練字
liān-lī,練字
liān-kiû,練球
liān-siáu-uē,練痟話
liān-si̍p,練習
piân,緶
ūn,緷
thê,緹
tì,緻
tī,緻
hâ,縀
îng,縈
tsìn,縉
tuī,縋
luī,縋
pang,縍
pòng,縍
póng,縍
kut,縎
tshiù,縐
tsiò,縐
tsò,縐
tsòo,縐
kiam,縑
tsua̍h,縒
guân,縓
tshuàn,縓
un,縕
ùn,縕
ha̍h,縖
hâ,縖
hâ-io-kirn,縖腰巾
hâ kûn,縖裙
sue,縗
tho,縚
pa̍k,縛
po̍k,縛
pa̍k tsàng,縛粽
pa̍k-tsàng,縛粽
pa̍k-pa̍k,縛縛
pa̍k-kha,縛跤
pa̍k-kha-pòo,縛跤布
pa̍k-kha-pa̍k-tshiú,縛跤縛手
ûn,縜
tsin,縝
tsín,縝
kó,縞
jio̍k,縟
hok,縠
kok,縠
tsáinn,縡
thîng,縢
hiān,縣
kuāinn,縣
kuān,縣
kuīnn,縣
kuǎn,縣
kuān-tshī,縣市
kuān-hú,縣府
kuān-tsìng,縣政
kuān-bîn,縣民
kuān-li̍p,縣立
kuān-tiúnn,縣長
tshài,縩
piat,縪
pit,縪
hông,縫
hōng,縫
phāng,縫
pâng,縫
pâng-thīnn,縫紩
pâng-sann,縫衫
lî,縭
siok,縮
sok,縮
sok-siá,縮寫
sok-sió,縮小
sok-iánn,縮影
sok-té,縮短
sok-tê-sim,縮茶心
ián,縯
ín,縯
sú,縰
tshiong,縱
tshiòng,縱
tshióng,縱
luî,縲
kuàn,縳
thuàn,縳
thuân,縳
tuān,縳
khian,縴
bān,縵
tsip,縶
lú,縷
phiau,縹
bî,縻
suàn,縼
suân,縼
tsáng,總
tsóng,總
tsóng-kè,總價
tsóng-kiōng,總共
tsóng-bū,總務
tsóng-lám,總攬
tsóng-siàu,總數
tsóng-sòo,總數
tsóng--sī,總是
tsóng-kin-thâu,總根頭
tsóng-kun-thâu,總根頭
tsóng-guân-thâu,總源頭
tsóng-lí,總理
tsóng--ê,總的
tsóng-tok,總督
tsóng sǹg,總算
tsóng-kuán,總管
tsóng-kiat,總結
tsóng-thóng,總統
tsóng-thóng-hú-gê,總統府衙
tsóng-king-lí,總經理
tsóng-phòo,總舖
tsóng-phòo-sai,總舖師
tsóng-tshâi,總裁
tsóng-kè,總計
tsóng kóng,總講
tsóng-kóng--tsi̍t-kù,總講一句
tsóng-ba̍uh,總貿
tsóng-bāu,總貿
tsóng-á-king,總趕宮
tsóng-pōo,總部
tsóng-phoo,總鋪
tsóng-tuī,總隊
tsóng-gia̍h,總額
tsóng-thé,總體
tseh,績
tsik,績
tsik-iu-kóo,績優股
tsik-hāu,績效
suì,繀
huân,繁
huân-îng,繁榮
huân-huâ,繁華
lu̍t,繂
penn,繃
ping,繃
pinn,繃
soo,繅
biāu,繆
biû,繆
biū,繆
iâu,繇
iû,繇
kióng,繈
jiân,繎
sǹg,繏
sǹg nâ-âu,繏嚨喉
sǹg io,繏腰
huī,繐
suè,繐
sui,繐
tsing,繒
tsīng,繒
tsuat,繓
tsit,織
tsit-lí,織女
tsit-lú,織女
tsit-lír,織女
tsit pòo,織布
kīng,繕
siān,繕
sàn,繖
sán,繖
u̍t,繘
huan,繙
liâu,繚
liāu,繚
liāu-soh,繚索
tsun,繜
tsún,繜
giáu,繞
jiáu,繞
liáu,繞
jiâu,繞
jiàu-kíng,繞境
liàu-kíng,繞境
siân,繟
tshián,繟
siù,繡
siù-pâng,繡房
siù-kiû,繡球
siù-kiû-hue,繡球花
siù-hue,繡花
huì,繢
kuī,繢
huā,繣
uā,繣
sîng,繩
tsîn,繩
huē,繪
hē,繫
kián,繭
kíng,繭
kián-á,繭仔
kiong,繮
hiân,繯
huān,繯
so,繰
tsó,繰
kài,繲
kiáu,繳
kiáu-khuán,繳款
kiáu-suè,繳稅
kiáu-sè,繳稅
kiáu-la̍p,繳納
kiáu-huì,繳費
phik,繴
pik,繴
tân,繵
tān,繵
ik,繶
suī,繸
i̍k,繹
su,繻
kè,繼
kè-sîng,繼承
kè-sio̍k,繼續
khián,繾
hun,纁
tshuàn,纂
bi̍k,纆
luī,纇
khiat,纈
khòng,纊
sio̍k,續
luî,纍
tiân,纏
tînn,纏
tînn-tuè,纏綴
tînn-tè,纏綴
tînn suànn,纏線
tînn-hue,纏花
tînn-kha-pòo,纏跤布
tînn-kha-puànn-tshiú,纏跤絆手
tînn-kha-tînn-tshiú,纏跤纏手
tînn-sin,纏身
lôo,纑
enn,纓
iann,纓
ing,纓
inn,纓
inn-tînn,纓纏
san,纔
tshâi,纔
jiông,纕
siong,纕
siam,纖
tshiam,纖
tsàn,纘
tsàn-buē-tiâu,纘袂牢
tsàn-bē-tiâu,纘袂牢
lí,纚
lî,纚
sá,纚
to̍k,纛
tō,纛
lám,纜
lām,纜
hiú,缶
hóo,缶
kng,缸
kong,缸
kheh,缺
kherh,缺
khih,缺
khuat,缺
khueh,缺
khih-tshuì,缺喙
khuat-sit,缺失
khuat-si̍k,缺席
khuat-hām,缺憾
kheh-khiàm,缺欠
khueh-khiàm,缺欠
khih-kak,缺角
khuat-hān,缺限
khuat-hām,缺陷
khuat-tiám,缺點
hóo,缻
puah,缽
puat,缽
hāng,缿
kong,罁
îng,罃
khìng,罄
hà,罅
thâm,罈
khè,罊
iong,罋
òng,罋
ing,罌
luî,罍
kuàn,罐
kuàn-á,罐仔
kuàn-tsng,罐裝
kuàn-thâu,罐頭
kuàn-thâu-khui-á,罐頭開仔
bóng,网
bóng,罔
bóng tōo,罔度
bóng io,罔育
bóng kiânn,罔行
bóng tshī,罔飼
hán,罕
hán-tit,罕得
hán-iú,罕有
hán-hán--á,罕罕仔
hán-kiânn,罕行
hán-kiàn,罕見
hu,罘
hôo,罘
koo,罛
tsia,罝
tsu,罝
mâu,罞
koo,罟
kóo,罟
koo-á,罟仔
koo-liâu,罟寮
kong,罡
khuà,罣
kián,罥
hu,罦
lîm,罧
sim,罧
iám,罨
am,罨
tà,罩
tàu,罩
tà-lân,罩蘭
tà-sann,罩衫
tà-phuē-á,罩被仔
tà-phē-á,罩被仔
tà-bông,罩雺
tà-môo,罩雺
tà-bông-bū,罩雺霧
tà-bông-bǔ,罩雺霧
tà-môo-bū,罩雺霧
tà-bū,罩霧
tsuē,罪
tsē,罪
tsuē-jîn,罪人
tsuē-lîn,罪人
tsuē-miâ,罪名
tsuē-hiâm,罪嫌
tsuē-ok,罪惡
tsuē-ok-kám,罪惡感
tsuē-gia̍p,罪業
tsuē-huān,罪犯
tsuē-kuà,罪過
tsuē-kò,罪過
tsē-kuà,罪過
tì,置
hua̍t,罰
hua̍t-tuann,罰單
hua̍t-khiā,罰徛
hua̍t-khuán,罰款
hua̍t-khuánn,罰款
hua̍t-kiû,罰球
hua̍t-kim,罰金
lám,罱
sī,署
sū,署
sú,署
sú-miâ,署名
sú-tiúnn,署長
su,罳
mā,罵
mē,罵
mī,罵
mǎ,罵
liú,罶
pā,罷
pā-bián,罷免
pā-kang,罷工
pā-tshī,罷市
lî,罹
lô,罹
uì,罻
kè,罽
tsing,罾
tsan,罾
tsan-á,罾仔
tsan-hî,罾魚
tsan-hû,罾魚
tông,罿
bi̍k,羃
lô,羅
lôo,羅
lôr,羅
lô-tong,羅東
lô-tong-khe,羅東溪
lô-tong-tìn,羅東鎮
lô-hàn-lāi-bûn,羅漢內門
lô-hàn-kha,羅漢跤
lô-hàn-kha-á,羅漢跤仔
lôr-hàn-kha-á,羅漢跤仔
lô-kenn,羅經
lô-kinn,羅經
lôr-kenn,羅經
lô-má-jī,羅馬字
lô-má-lī,羅馬字
phî,羆
ki,羇
ki,羈
luân,羉
iônn,羊
iûnn,羊
iâng,羊
iông,羊
iûnn-á,羊仔
iûnn-á-ba̍k,羊仔目
iûnn-kang,羊公
iônn-kor,羊哥
iûnn-ko,羊哥
iûnn-kor,羊哥
iônn-bór,羊母
iûnn-bó,羊母
iûnn-bór,羊母
iûnn-bú,羊母
iûnn-mn̂g,羊毛
iûnn-mn̂g-sann,羊毛衫
iûnn-môo-sann,羊毛衫
iônn-káng,羊犅
iûnn-káng,羊犅
iônn-hîn,羊眩
iûnn-hîn,羊眩
iûnn-bah,羊肉
iûnn-mo̍oh,羊膜
iûnn-kak-tāu-á,羊角豆仔
iûnn-thâu-hîn,羊頭眩
bí,羋
khiong,羌
kiong,羌
kionn,羌
kiunn,羌
kiunn-á,羌仔
kiunn-á-liâu,羌仔寮
that,羍
bí,美
bí-jîn,美人
bí-lîn,美人
bí-huà,美化
bí-siong,美商
bí-kok-sian-tan,美國仙丹
bí-kok-thôo-tāu,美國塗豆
bí-kok-sî-kan,美國時間
bí-bāng,美夢
bí-lí,美女
bí-lú,美女
bí-hó,美好
bí-biāu,美妙
bí-miāu,美妙
bí-ha̍k,美學
bí-iông,美容
bí-kang,美工
bí-sik,美式
bí-tik,美德
bí-kám,美感
bí-hong,美方
bí-kíng,美景
bí-tsiu,美洲
bí-buán,美滿
bi-long-khu,美濃區
bi-long-khe,美濃溪
bí-tsi̍k,美籍
bí-pian,美編
bí-sik,美色
bí-su̍t,美術
bí-su̍t-kuán,美術館
bí-kui,美規
bí-kuan,美觀
bí-kun,美軍
bí-kim,美金
bí-si̍t,美食
bí-lē,美麗
bí-lē-tó,美麗島
iú,羑
hûn,羒
pa,羓
ko,羔
koo,羔
iōng,羕
kóo,羖
khiong,羗
kiong,羗
hiòng,羗
lîng,羚
thú,羜
te,羝
siu,羞
tshiu,羞
iân,羡
suān,羡
jiông,羢
kûn,羣
kûn,群
kûn-tó,群島
kûn-tóo,群島
kûn-tsiòng,群眾
kûn-thé,群體
siān,羨
suān,羨
gī,義
gī-bū,義務
gī-tsú,義子
gī-kang,義工
gī-bîn-biō,義民廟
gī-khì,義氣
gī-lí,義理
gī-tik-hiong,義竹鄉
gī-tsín,義診
gī-buē,義賣
gī-bē,義賣
khong,羫
khiâm,羬
jû,羭
king,羮
kiat,羯
guân,羱
hi,羲
huân,羳
tsian,羴
hún,羵
hûn,羵
tsian,羶
hiàn,羶
liám,羷
juê,羸
kenn,羹
king,羹
kinn,羹
kenn-pn̄g,羹飯
kinn-pn̄g,羹飯
kenn-mī,羹麵
kinn-mī,羹麵
sán,羼
tshán,羼
í,羽
ú,羽
ú-môo,羽毛
kòng,羾
gē,羿
thiong,翀
thiông,翀
ang,翁
ong,翁
ang-á-tsiá,翁仔姐
ang-á-bóo,翁仔某
ang-sài,翁婿
ang-lîm,翁林
ong-lîm,翁林
ang-bóo,翁某
hông,翃
kî,翄
tshí,翄
tshì,翅
phún,翉
i̍k,翊
la̍p,翋
i̍k,翌
pho,翍
lîng,翎
līng,翎
liâu,翏
liù,翏
kú,翑
si̍p,習
si̍p-kuàn,習慣
siâng,翔
siông,翔
hip,翕
hip--sí,翕死
hip-kuānn,翕汗
hip-jua̍h,翕熱
hip-juā,翕熱
hip-lua̍h,翕熱
hip-au,翕甌
hip-siòng,翕相
hip-siōng,翕相
hip-siòng-ki,翕相機
hip-siōng-ki,翕相機
hip-siòng-kuán,翕相館
hip-siōng-kuán,翕相館
hip-tio̍h-lua̍h,翕著熱
hip tāu-tshài,翕豆菜
kô,翗
siau,翛
siok,翛
ti̍k,翟
tshuì,翠
huí,翡
huí-tshuì,翡翠
sap,翣
siat,翣
tshiap,翣
tsú,翥
tsián,翦
tshì,翨
phian,翩
guán,翫
hui,翬
hik,翮
kik,翮
ha̍k,翯
hān,翰
gô,翱
ngôo,翱
kō,翱
kō-kō-liàn,翱翱輾
phiau,翲
è,翳
ì,翳
phún,翸
khiàu,翹
khiàu-khiàu,翹翹
huan,翻
huan-tshù,翻厝
huan-kháu-king,翻口供
huan-tshiùnn,翻唱
huan-sin,翻新
huan-àn,翻案
huan-lâu,翻流
huan-pán,翻版
huan-tsháu,翻草
huan-i̍k,翻譯
huan-sin,翻身
huan-tńg-nî,翻轉年
huan-thâu,翻頭
huan-tiám,翻點
i̍k,翼
si̍t,翼
si̍t-kóo,翼股
huì,翽
uè,翽
huân,翾
tô,翿
iāu,耀
lāu,老
láu,老
ló,老
lóo,老
lǎu,老
nóo,老
lāu-put-siu,老不修
lāu-lâng,老人
lāu-lâng-pan,老人斑
lāu-lâng-ba̍k,老人目
lāu-lâng-hiàn,老人羶
lāu-phuānn,老伴
lāu-tò-kiu,老倒勼
lāu-tò-thuē,老倒頹
lāu-tò-thē,老倒頹
lāu-hiann,老兄
lāu-kong-á,老公仔
lāu-ping,老兵
nóo-huà,老化
lāu--khì,老去
lāu--khìr,老去
lāu--khù,老去
lāu-khìr,老去
lāu--khì--ah,老去矣
lāu-miā,老命
láu-tuā,老大
lāu-tuā-lâng,老大人
lāu-tuā-kong,老大公
lāu-thài-thài,老太太
lāu-koo-pô,老姑婆
lāu-koo-pôr,老姑婆
lǎu-koo-pô,老姑婆
lāu-tshang-thâu,老娼頭
lāu-pô-á,老婆仔
lāu-koo-khu̍t,老孤𣮈
láu-si̍t,老實
lāu-sir,老師
lāu-su,老師
lǎu-sir,老師
lāu-khong-kiān,老康健
lōo-tóng,老懂
ló-tsáinn,老指
láu-tsá,老早
lāu-pún,老本
láu-pán,老板
lāu-khuán,老款
lāu-pōo-tiānn,老步定
lāu-huè-á,老歲仔
lāu-hè-á,老歲仔
lāu-hèr-á,老歲仔
lāu-huè-á-ba̍k,老歲仔目
lāu-hè-á-ba̍k,老歲仔目
lāu-bó,老母
lāu-bór,老母
lāu-bú,老母
lǎu-bú,老母
lāu-pē,老爸
lǎu-pě,老爸
láu-pâi,老牌
lāu-pâi-tsú,老牌子
lāu-hôo-lî,老狐狸
lāu-kâu,老猴
lǎu-kâu,老猴
lāu-sing,老生
lāu-tshân-liâu-khe,老田寮溪
lāu-huan-thian,老番顛
lāu-huan-tian,老番顛
láu-peh-sènn,老百姓
láu-peh-sìnn,老百姓
lāu--ê,老的
lāu-siùnn,老相
lāu-khok-khok,老硞硞
lāu-sîn-tsāi-tsāi,老神在在
láu-liān,老練
lāu-ōo-á,老芋仔
lāu-kiunn,老薑
lāu-ke-khe,老街溪
lāu-kue-khue,老街溪
láu-nî,老連
lāu-tsām-thâu,老鏨頭
lāu-tiâng-siū,老長壽
lāu-tiông-siū,老長壽
lāu-a-peh,老阿伯
lāu-a-pô,老阿婆
lāu-thuē,老頹
lāu-thē,老頹
lāu-thian-tho̍h,老顛倒
lāu-hong-liû,老風流
lāu-hong-so,老風騷
lāu-tsiáu,老鳥
khó,考
khónn,考
khór,考
khó-kǹg,考卷
khó-tiûnn,考場
khó-kuann,考官
khó-tshat,考察
khó-lī,考慮
khó-lū,考慮
khó-hi̍k,考核
khó-tsuí-phi,考水披
khó-sing,考生
khó-tshì,考試
khó-tshì-tuann,考試單
khó-tsìng,考證
khó-giām,考驗
mōo,耄
tsiá,者
kî,耆
kóo,耇
kóo,耈
tia̍t,耋
gî,而
jî,而
lî,而
jî-tshiánn,而且
lî-tshiánn,而且
jî-bué,而尾
jî-āu,而後
sá,耍
sńg,耍
juán,耎
luán,耎
jî,耏
nāi,耏
nāi,耐
nāi-miā,耐命
nāi-sim,耐心
nāi-sìng,耐性
nāi-iōng,耐用
nāi-īng,耐用
tsuan,耑
tuan,耑
juê,耒
juē,耒
luī,耒
tsú,耔
king,耕
tshau,耖
hònn,耗
ûn,耘
pê,耙
pā,耙
pē,耙
pê-á,耙仔
pê-kut,耙柫
pê-put,耙柫
ka,耞
kénn,耞
kínn,耞
kénn-á,耞仔
kínn-á,耞仔
kū,耟
thû,耡
tsōo,耡
lún,耣
lûn,耣
tsià,耤
tsi̍k,耤
ngóo,耦
lōo,耨
káng,耩
lôo,耬
iu,耰
hī,耳
hīnn,耳
hǐ,耳
jí,耳
ní,耳
hī--á,耳仔
hī-á,耳仔
hīnn-á,耳仔
hǐ-á,耳仔
hī-sái,耳屎
hīnn-sái,耳屎
hī-pê-á,耳扒仔
hīnn-pê-á,耳扒仔
hīnn-ki,耳機
hī-tsu,耳珠
hīnn-tsu,耳珠
hī-khuân,耳環
hīnn-khuân,耳環
hī-àng-á,耳甕仔
hīnn-àng-á,耳甕仔
jí-bo̍k,耳目
ní-bo̍k,耳目
hī-khang,耳空
hīnn-khang,耳空
hī-khang-lō,耳空lō
hīnn-khang-lō,耳空lō
hī-khang-háu,耳空吼
hīnn-khang-háu,耳空吼
hī-khang-tuānn,耳空彈
hīnn-khang-tuānn,耳空彈
hī-khang-khin,耳空輕
hīnn-khang-khin,耳空輕
hī-khang-tāng,耳空重
hīnn-khang-tāng,耳空重
hī-khang-tân,耳空霆
hīnn-khang-tân,耳空霆
hī-khang-kuí-á,耳空鬼仔
hīnn-khang-kuí-á,耳空鬼仔
hī-kau,耳鉤
hīnn-kau,耳鉤
hī-kiànn,耳鏡
hīnn-kiànn,耳鏡
git,耴
tiap,耴
tíng,耵
iâ,耶
iâ-soo,耶穌
iâ-tàn,耶誕
tap,耷
tam,耽
tânn,耽
tam-gōo,耽誤
hông,耾
kíng,耿
tam,聃
lîng,聆
liâu,聊
liâu-liâu-á,聊聊仔
liâu-liâu-á-sī,聊聊仔是
gia̍t,聐
gut,聐
kuat,聒
siànn,聖
sìng,聖
sìng-jîn,聖人
sìng-lîn,聖人
sìng-kong pēnn-īnn,聖功醫院
sìng-kong pīnn-īnn,聖功醫院
sìng-ing,聖嬰
sìng-tsiàn,聖戰
siànn-tú-siànn,聖拄聖
sìng-tsí,聖旨
siànn-pue,聖桮
sìng-bió,聖母
sìng-bó,聖母
sìng-hué,聖火
sìng-hé,聖火
sìng-king,聖經
sìng-tàn,聖誕
sìng-hiân,聖賢
phìng,聘
phìng-jīm,聘任
phìng-līm,聘任
phìng-su,聘書
phìng-iōng,聘用
phìng-lé,聘禮
phìng-iok,聘約
phìng-tshiánn,聘請
phìng-kim,聘金
tsī,聚
tsū,聚
tsū-huē,聚會
tsū-tsi̍p,聚集
hi̍k,聝
kok,聝
bûn,聞
bûn-bîng,聞名
tîng,聤
tshong,聦
ke,聧
àng-láng,聬儱
áng-láng,聬儱
liân,聯
liân-ha̍p,聯合
liân-ha̍p pēnn-īnn,聯合醫院
liân-ha̍p pīnn-īnn,聯合醫院
liân-tuì,聯對
liân-si̍k-huē,聯席會
liân-sióng,聯想
liân-tshiú,聯手
liân-tsiau,聯招
liân-tsiau-huē,聯招會
liân-pò,聯播
liân-pòo,聯播
liân-bîng,聯盟
liân-lo̍k,聯絡
liân-khó,聯考
liân-gî,聯誼
liân-kun,聯軍
liân-pang,聯邦
liân-tuī,聯隊
tshang,聰
tshong,聰
tshong-bîng,聰明
gô,聱
ngôo,聱
ngōo,聱
siann,聲
sing,聲
siann-sè,聲勢
siann-sàu,聲嗽
siann-uān,聲援
sing-uān,聲援
sing-bîng,聲明
siann-bōng,聲望
sing-bōng,聲望
siann-lōng,聲浪
sing-tshing,聲稱
siann-siann-kù-kù,聲聲句句
siann-seh,聲說
siann-sueh,聲說
siann-tiāu,聲調
siann-im,聲音
siann-ūn,聲韻
tshióng,聳
sáng,聳
tshàng,聳
sáng-sè,聳勢
tshàng-tshiu,聳鬚
huài,聵
huè,聵
uè,聵
liap,聶
lia̍p,聶
tia̍p,聶
tsiap,聶
tsit,職
tsit-uī,職位
tsit-bū,職務
tsit-guân,職員
tsit-uân,職員
tsit-gia̍p,職業
tsit-khuân,職權
tsit-kuân,職權
tsit-tsai,職災
tsit-nâ,職籃
tsit-kheh,職缺
tsit-khueh,職缺
tsit-lîng,職能
tsit-hùn,職訓
tsit-tsik,職責
lîng,聹
ní,聻
tsik,聻
thiann,聽
thing,聽
thìng,聽
thìng-hāu,聽候
thiann-li̍k,聽力
thiann-iú,聽友
thiann-tshuì,聽喙
thìng-hó,聽好
thiann-tsiòng,聽眾
thiann-tâng,聽筒
thiann-tio̍h,聽著
thiann--kìnn,聽見
thiann-uē,聽話
thiann-seh,聽說
thiann-sueh,聽說
thiann-khò,聽課
thiann-kóng,聽講
thiann-hiunn,聽香
lâng,聾
lông,聾
u̍t,聿
sù,肂
īnn,肄
siok,肅
siok-tham,肅貪
siok-tsīng,肅靜
sù,肆
tiāu,肇
gio̍k,肉
hi̍k,肉
jio̍k,肉
lio̍k,肉
bah,肉
bah-uân,肉丸
bah-uân-á,肉丸仔
bah-kuann,肉乾
bah-pau,肉包
bah-kuínn,肉卷
bah-kńg,肉卷
bah-phín,肉品
bah-uân,肉圓
bah-sut,肉屑
bah-iù-á,肉幼仔
bah-kám,肉感
bah-hú,肉拊
jio̍k-kuì,肉桂
lio̍k-kuì,肉桂
bah-sò,肉燥
bah-sò-pn̄g,肉燥飯
bah-liû,肉瘤
bah-phuê,肉皮
bah-phê,肉皮
bah-tiam,肉砧
bah-tsàng,肉粽
bah-tsàng-tseh,肉粽節
bah-tsàng-tsueh,肉粽節
bah-tsàng-kak,肉粽角
bah-tsìnn,肉糋
bah-si,肉絲
bah-kián,肉繭
bah-kián-á,肉繭仔
bah-kenn,肉羹
bah-kinn,肉羹
bah-póo,肉脯
bah-sik,肉色
bah-tāu,肉豆
bah-sīnn-á,肉豉仔
bah-tsit,肉質
bah-kha-á,肉跤仔
bah-soo,肉酥
bah-ke-á,肉雞仔
bah-kue-á,肉雞仔
bah-luī,肉類
bah-si̍t,肉食
bah-piánn,肉餅
bah-kut,肉骨
bah-thé,肉體
jio̍k-thé,肉體
lio̍k-thé,肉體
bah-hî-á,肉魚仔
bah-hû-á,肉魚仔
bah-tsit-á,肉鯽仔
li̍k,肋
ki,肌
ki-hu,肌膚
khíng,肎
ik,肐
bông,肓
hong,肓
jīm,肕
siàu,肖
tiú,肘
uan,肙
tóo,肚
tōo,肚
tǒo,肚
tōo-uî-á,肚圍仔
tóo-kuānn,肚綰
tōo-kuai-á,肚胿仔
tōo-kui-á,肚胿仔
tóo-tiòng,肚脹
tōo-tn̂g,肚腸
tōo-tsâi,肚臍
tōo-tsâi-khang,肚臍空
tōo-kuê,肚蛙
tōo-liōng,肚量
kong,肛
iông,肜
kan,肝
kuann,肝
kuann-iām,肝炎
kuann-pēnn,肝病
kuann-pīnn,肝病
kuann-gâm,肝癌
kuann-tsōng,肝臟
kuann-liân,肝𦟪
kóo,股
kóo-á-kiánn,股仔囝
kóo-hūn,股份
kóo-kè,股價
kóo-lī,股利
kóo-tshī,股市
kóo-pún,股本
kóo-tong,股東
kóo-khuân,股權
kóo-kuân,股權
kóo-phiò,股票
kóo-tiúnn,股長
ki,肢
tsi,肢
ki-thé,肢體
huî,肥
puî,肥
puî-tué,肥底
puî-té,肥底
puî-liāu,肥料
puî-lut-lut,肥朒朒
puî-tsut-tsut,肥朒朒
puî-hia,肥桸
puî-bah,肥肉
puî-nńg,肥軟
hàng,肨
hàng-lin,肨奶
hàng-ling,肨奶
hàng-ni,肨奶
kian,肩
king,肩
king-kah,肩胛
king-kah-mua,肩胛幔
king-kah-thâu,肩胛頭
king-thâu,肩頭
hong,肪
tun,肫
iû,肬
lu̍t,肭
khíng,肯
khíng-tīng,肯定
jiân,肰
king,肱
io̍k,育
io,育
io-kiánn,育囝
io gín-á,育囡仔
io-gín-á-kua,育囡仔歌
io̍k-iù-īnn,育幼院
io̍k-lo̍k-hn̂g,育樂園
io-tshī,育飼
io-tshǐ,育飼
ior-tshī,育飼
io-tshuā,育𤆬
bún,肳
ngâu,肴
kî,肵
hut,肷
kiám,肷
hik,肸
huì,肺
hì,肺
phài,肺
hì-iām,肺炎
hì-lô,肺癆
hì-gâm,肺癌
hì-kńg,肺管
hì-pōo,肺部
uī,胃
uī-hā-suî,胃下垂
uī-tshut-hueh,胃出血
uī-tshut-huih,胃出血
uī-kháu,胃口
uī tso-tso,胃慒慒
uī-huì-iông,胃潰瘍
uī-huī-iông,胃潰瘍
uī-khuì-iông,胃潰瘍
uī-pēnn,胃病
uī-pīnn,胃病
uī-gâm,胃癌
uī-tn̂g,胃腸
uī-io̍h,胃藥
tia̍t,胅
pua̍t,胈
puè,背
puē,背
puē-tsheh,背冊
puē-iánn,背影
puē-āu,背後
puē-kíng,背景
puē-iok,背約
puē-kut,背骨
koo,胍
thai,胎
the,胎
thai-uī,胎位
thai-jî,胎兒
thai-lî,胎兒
thai-kàu,胎教
thai-sing,胎生
thai-sîn,胎神
thai-mo̍oh,胎膜
thai-ui,胎衣
khut,胐
tsi,胑
pîng,胓
tsù,胔
phuân,胖
phuàn,胖
phàng,胖
tsín,胗
hiân,胘
kiān,胘
tso̍k,胙
tsōo,胙
phe,胚
pher,胚
phi,胚
phue,胚
kah,胛
kap,胛
kah-sim-bah,胛心肉
sing,胜
te,胝
tsi,胝
pau,胞
bóo,胟
khu,胠
hôo,胡
ôo,胡
ôo-huán,胡反
ôo-tsiu,胡周
hôo-tsio,胡椒
hôo-sîn,胡蠅
hôo-sîn-sái-kì,胡蠅屎痣
hôo-sîn-phah-á,胡蠅拍仔
hôo-sîn-tsuá,胡蠅紙
hôo-sîn-hóo,胡蠅虎
hôo-sîn-thi,胡蠅黐
īn,胤
si,胥
su,胥
iong,胦
lóo,胬
ian,胭
ian-tsi,胭脂
pâng,胮
hàng,胮
khua,胯
khòo,胯
î,胰
kong,胱
kai,胲
kik,胳
kok,胳
koh,胳
koh-ē-khang,胳下空
kueh-ē-khang,胳下空
kueh-ě-khang,胳下空
kuih-ē-khang,胳下空
kueh-ē-lang,胳下胴
kueh-hīnn-khang,胳耳空
kueh-lang-kha,胳胴跤
kueh-tang-kha,胳胴跤
tōng,胴
tâng,胴
tshi,胵
hâu,胶
hiong,胷
hing,胸
hiong,胸
hing-tsîng,胸前
hing-khám,胸坎
hing-khám-kut,胸坎骨
hing-kuà-kut,胸掛骨
jî,胹
at,胺
hîng,胻
hīng,胻
piân,胼
lîng,能
lîng-li̍k,能力
lîng-guân,能源
lîng-nāi,能耐
lîng-liōng,能量
tsù,胾
kuai,胿
kui,胿
thiau,脁
tsi,脂
tshuì,脃
hia̍p,脅
tshuì,脆
tshè,脆
tshèr,脆
tshè-miā,脆命
tshè-sap-sap,脆屑屑
tshuì-jio̍k,脆弱
tshè-khī,脆柿
tshè-khuì,脆氣
tshè-phuê,脆皮
tshè-phê,脆皮
hia̍p,脇
be̍h,脈
bi̍k,脈
me̍h,脈
mē,脈
bi̍k,脉
tsiah,脊
tsik,脊
tsit,脊
pu̍t,脖
bín,脗
bún,脗
kuán,脘
kiok,脚
hīng,脛
kīng,脛
hing,脝
tshò,脞
thíng,脡
muî,脢
tûn,脣
sīn,脤
siu,脩
him,脪
hùn,脪
thuat,脫
thuah,脫
thut,脫
thu̍t,脫
thuat-tshiú,脫手
thuat-tsuí,脫水
thuat-tsíng,脫種
thut-tshuê,脫箠
thut-tshê,脫箠
thuat-suànn,脫線
thu̍t-ther,脫胎
thu̍t-tiông,脫腸
thu̍t-tn̂g,脫腸
thuat-i-bú,脫衣舞
thuat-tsáu,脫走
thuat-sin,脫身
thu̍t-lûn,脫輪
thuat-lî,脫離
thuat-lī,脫離
pha,脬
phau,脬
hú,脯
póo,脯
póo-póo,脯脯
pôo-pôo,脯脯
tiō,脰
tāu,脰
tōo,脰
tiàng,脹
tiòng,脹
tiònn,脹
tiùnn,脹
tiùnn-khì,脹氣
tiùnn-tōo,脹肚
tiùnn-kui,脹胿
tiùnn-lâng,脹膿
tshuì,脺
suî,脽
tsui,脽
phî,脾
pî,脾
pî-thóo,脾土
phî-khì,脾氣
pî-uī,脾胃
lûn,腀
piân,腁
suî,腄
thián,腆
tsing,腈
gê,腉
nâi,腉
sik,腊
i̍k,腋
am,腌
iam,腌
ip,腌
a,腌
a-tsa,腌臢
a-tsam,腌臢
am-tsam,腌臢
jím,腍
siān,腎
sīn,腎
hú,腐
hū,腐
hú-huà,腐化
hú-pāi,腐敗
hú-nuā,腐爛
hú,腑
ku,腒
huî,腓
khiang,腔
khiong,腔
khionn,腔
khiunn,腔
tshionn,腔
tshiunn,腔
khiunn-kháu,腔口
uán,腕
uánn,腕
muî,腜
juán,腝
luán,腝
lūn,腝
lê,腡
lô,腡
lôo,腡
gû,腢
am,腤
sing,腥
tshenn,腥
tshinn,腥
tshènn,腥
tshìnn,腥
tshe-tshau,腥臊
tshenn-tshau,腥臊
ló,腦
lóo,腦
náu,腦
nóo,腦
náu-li̍k,腦力
náu-hái,腦海
náu-kin,腦筋
náu-kun,腦筋
náu-kun-tn̄g,腦筋斷
náu-mo̍oh-iām,腦膜炎
náu-pîn-hiat,腦貧血
náu-pōo,腦部
náu-tshué,腦髓
náu-tshé,腦髓
lám,腩
hun,腪
tsióng,腫
tsíng,腫
tsíng-bí-ku,腫米龜
tsíng-ām,腫頷
go̍k,腭
su,腮
tshi,腮
thún,腯
tu̍t,腯
tún,腯
tūn,腯
iau,腰
io,腰
ior,腰
io-lāi-bah,腰內肉
io-tsí,腰子
ior-tsí,腰子
io-tsí-pēnn,腰子病
io-tsí-pīnn,腰子病
io-tshioh,腰尺
ior-tshiorh,腰尺
io-tuà,腰帶
io-tháng,腰桶
io-sng-puē-thiànn,腰痠背疼
ior-tóo-á,腰肚仔
io-tsiah-kut,腰脊骨
io-kut,腰骨
kiàn,腱
kiān,腱
kiàn-tsí-bah,腱子肉
kioh,腳
kiok,腳
kioh-siàu,腳數
jû,腴
tuān,腶
tiông,腸
tn̂g,腸
tshiâng,腸
tshiân,腸
tn̂g-á,腸仔
tn̂g-á-iām,腸仔炎
tn̂g-á-jia̍t,腸仔熱
tn̂g-á-lia̍t,腸仔熱
tn̂g-á-siûnn,腸仔𣻸
tn̂g-pēnn-to̍k,腸病毒
tn̂g-pīnn-to̍k,腸病毒
tn̂g-tōo,腸肚
hok,腹
pak,腹
pak-lāi,腹內
bak-tóo,腹肚
bat-tóo,腹肚
pak-tóo,腹肚
pat-tóo,腹肚
bak-tóo-bué,腹肚尾
bak-tóo-bé,腹肚尾
pak-tóo-bué,腹肚尾
pak-tóo-bé,腹肚尾
bak-tóo-iau,腹肚枵
pak-tóo-iau,腹肚枵
pak-tn̂g,腹腸
sàn,腺
thuí,腿
thuí-khòo,腿庫
thuí-khòo-bah,腿庫肉
phông,膀
pông,膀
phông-kong,膀胱
pông-kong,膀胱
liám,膁
liám-tóo,膁肚
lú,膂
ut,膃
sòo,膆
keh,膈
kik,膈
phok,膊
liâu,膋
lô,膋
lâ,膋
pî,膍
hâi,膎
kerê,膎
kuê,膎
kê,膎
ko,膏
koo,膏
kô,膏
kō-si̍p-pat-á,膏十八仔
koo-bông,膏肓
koo-hong,膏肓
koo-hông,膏肓
ko-ko-tînn,膏膏纏
kô-kô-tînn,膏膏纏
ko-io̍h,膏藥
koo-io̍h,膏藥
lú,膐
hi̍k,膕
kok,膕
tsuâi,膗
phiau,膘
kióng,膙
hu,膚
hu-tsit,膚質
thong,膛
bo̍k,膜
mo̍oh,膜
sik,膝
sit,膝
tshik,膝
lu̍t,膟
ka,膠
kau,膠
tsi,膣
tsi-bai,膣屄
lián,膦
phîng,膨
phòng,膨
phòng-á-kér,膨仔粿
phòng-tāi-hái,膨大海
phòng-bué-tshí,膨尾鼠
phòng-bé-tshú,膨尾鼠
phòng-tshn̂g,膨床
phòng-í,膨椅
phòng-sai-sai,膨獅獅
phòng-phā,膨疱
phòng-phuê,膨皮
phòng-phê,膨皮
phòng-hún,膨粉
phòng-se,膨紗
phòng-se-sann,膨紗衫
phòng-tōo-té-miā,膨肚短命
phòng-tǒo-té-miā,膨肚短命
phòng-hong,膨風
phòng-hong-ku,膨風龜
phòng-piánn,膨餅
phòng-tshí,膨鼠
phòng-tshú,膨鼠
gī,膩
jī,膩
lī,膩
jī-nn̂g,膩瓤
lī-nn̂g,膩瓤
jī-nn̂g-bah,膩瓤肉
jī-nn̄g-bah,膩瓤肉
lī-nn̂g-bah,膩瓤肉
liâu,膫
lô,膫
tshuì,膬
kuī,膭
kuī-tsuí,膭水
hiáu,膮
hiâu,膮
huan,膰
huân,膰
tsit,膱
tsiau,膲
siān,膳
bú,膴
hoo,膴
tsuī,膵
hiong,膷
ing,膺
thán,膻
tshua,膼
tám,膽
tánn,膽
tám-hân,膽寒
tánn-tsiap,膽汁
tap-kuann,膽肝
tám-kuann,膽肝
tám-tám,膽膽
tám-sik,膽識
tám-liōng,膽量
tánn-thâu,膽頭
kuè,膾
lâng,膿
lông,膿
liâm,臁
pì,臂
iong,臃
kio̍k,臄
tshiok,臅
tsiok,臅
ik,臆
ioh,臆
iorh,臆
ip,臆
ioh-tshut-tshut,臆出出
tsián,臇
kat,臈
liám,臉
lián,臉
so,臊
tsho,臊
tshau,臊
tsho-tshài,臊菜
kóo,臌
tsâi,臍
tsê,臍
tshuì,臎
pîn,臏
pīn,臏
hun,臐
jû,臑
hián,臔
phiau,臕
piau,臕
hìng,臖
la̍h,臘
lia̍p,臘
la̍h-bah,臘肉
ian,臙
lôo,臚
lú,臚
lû,臚
hok,臛
ló,臝
kû,臞
tsn̄g,臟
tsōng,臟
luán,臠
luân,臠
lê,臡
tsam,臢
tsa,臢
sîn,臣
gō,臥
ngōo,臥
tsong,臧
tsông,臧
tsōng,臧
lîm,臨
liâm,臨
lím,臨
lîm-tshn̂g,臨床
lîm-kip,臨急
lîm-sî,臨時
liâm-sî-liâm-iāu,臨時臨曜
lîm-sî-lîm-iāu,臨時臨曜
liâm-sî-liâm-tsūn,臨時臨陣
lîm-sî-lîm-tsūn,臨時臨陣
lîm-ki-ìng-piàn,臨機應變
lîm-kiám,臨檢
lîm-tsiong,臨終
lím-lím--á,臨臨仔
tsū,自
tsīr,自
tsǐr,自
tsū-tsú,自主
tsū-tsok-gia̍t,自作孽
tsū-tsok-tsū-siū,自作自受
tsū-tsok-tsū-tsuan,自作自專
tsū-lâi,自來
tsū-lâi-tsuí,自來水
tsū-pó,自保
tsū-sìn,自信
tsū-siu,自修
tsū-tuān,自傳
tsū-tsōo,自助
tsū-tōng,自動
tsīr-tōng-tshia,自動車
tsū-tōng-tshia,自動車
tsǐr-tǒng-tshia,自動車
tsū-pi,自卑
tsū-tsāi,自在
tsū-ka-iōng--ê,自家用的
tsū-ka-īng--ê,自家用的
tsū-tsun-sim,自尊心
tsū-kí,自己
tsū-tué,自底
tsū-té,自底
tsū-kiông,自強
tsū-lu̍t,自律
tsū-tsiông,自從
tsū-ngóo,自我
tsū-pâi,自排
tsū-sin,自新
tsū-tsá,自早
tsū-pún,自本
tsū-sat,自殺
tsū-tī,自治
tsū-jiân,自然
tsū-liân,自然
tsū-jiân-jîn,自然人
tsū-liân-lîn,自然人
tsū-iōng,自用
tsū-iû,自由
tsū-su,自私
tsū-tshing,自稱
tsū-li̍p,自立
tsū-uē,自衛
tsū-uī,自衛
tsū-kak,自覺
tsū-jīn,自認
tsū-līn,自認
tsū-khiam,自謙
tsū-tsik,自責
tsū-huì,自費
tsū-sin,自身
tsīr-lián-tshia,自輪車
tsū-lián-tshia,自輪車
tsū-tsuán-tshia,自轉車
tsǐr-tsuán-tshia,自轉車
tsū-thâu,自頭
tsū-guān,自願
tsū-siú,自首
giat,臬
gia̍t,臬
hiù,臭
tshiù,臭
tshàu,臭
tshàu-uân,臭丸
tshàu-lâng,臭人
tshàu-pit-lôr-á,臭伯勞仔
tshàu-miâ,臭名
tshàu-tshuì-kak,臭喙角
tshàu-thôo-bī,臭塗味
tshiàu-ni-á-hiàn,臭奶仔羶
tshàu-ling-á-hiàn,臭奶仔羶
tshàu-lin-tai,臭奶呆
tshàu-ling-tai,臭奶呆
tshàu-ni-tai,臭奶呆
tshàu-lin-hiàn,臭奶羶
tshàu-ling-hiàn,臭奶羶
tshàu-ni-hiàn,臭奶羶
tshàu-jiō-phuà-bī,臭尿破味
tshàu-liō-phuà-bī,臭尿破味
tshàu-jiō-phuà-hiàn,臭尿破羶
tshàu-liō-phuà-hiàn,臭尿破羶
tshàu-jiō-hiam,臭尿薟
tshàu-liō-hiam,臭尿薟
tshàu-phuì,臭屁
tshàu-phuì-sian,臭屁仙
tshàu-tuānn,臭彈
tshàu-tuǎnn,臭彈
tshàu-khī-á,臭柿仔
tshàu-phú,臭殕
tshàu-tsuí,臭水
tshàu-tsuí-tsng,臭水庄
tshàu-kuānn-sng,臭汗酸
tshàu-iû,臭油
tshàu-iû-káu,臭油垢
tshàu-iû-ai,臭油餲
tshàu-kau-á,臭溝仔
tshàu-hué-ta,臭火焦
tshàu-hé-ta,臭火焦
tshàu-hué-sio,臭火燒
tshàu-hé-sio,臭火燒
tshàu-hué-hun,臭火薰
tshàu-hé-hun,臭火薰
tshàu-ta,臭焦
tshàu-iāng,臭煬
tshàu-tshenn-hng,臭生荒
tshàu-tshinn-hng,臭生荒
tshàu-huân,臭礬
tshàu-hiàn,臭羶
tshàu-lāu,臭老
tshàu-lāu-lâng-hiàn,臭老人羶
tshàu-lāu-hiàn,臭老羶
tshàu-hī-àng-á,臭耳甕仔
tshàu-hīnn-àng-á,臭耳甕仔
tshàu-hī-lâng,臭耳聾
tshàu-hīnn-lâng,臭耳聾
tshàu-hǐ-lâng,臭耳聾
tshàu-bah-ing-á,臭肉癰仔
tshàu-tshinn,臭腥
tshàu-tshènn,臭腥
tshàu-tshìnn,臭腥
tshàu-tshenn-á,臭腥仔
tshàu-tshenn-kong,臭腥公
tshàu-tshinn-kong,臭腥公
tshàu-tshènn-kong,臭腥公
tshàu-tshìnn-kong,臭腥公
tshàu-tshinn-bī,臭腥味
tshàu-tshènn-bī,臭腥味
tshàu-tshinn-bú,臭腥母
tshàu-tshinn-khuì,臭腥氣
tshàu-tshènn-ku-á,臭腥龜仔
tshàu-tshìnn-ku-á,臭腥龜仔
tshàu-tsho,臭臊
tshàu-koo,臭菇
tshàu-hiam-hiam,臭薟薟
tshàu-io̍h-uân-á,臭藥丸仔
tshàu-tāu-hū,臭豆腐
tshàu-tsiān,臭賤
tshàu-kha-sio̍h,臭跤液
tshàu-sng,臭酸
tshàu-bīn,臭面
tshàu-thâu,臭頭
tshàu-thâu-ke-á,臭頭雞仔
tshàu-thâu-kue-á,臭頭雞仔
tshàu-hong,臭風
tshàu-hiunn,臭香
giat,臲
tsì,至
tsì-tsió,至少
tsì-tshin,至親
tì,致
tì-sú,致使
tì-kàu,致到
tì-sim,致心
tì-sim-tì-miā,致心致命
tì-sim-tì-hueh,致心致血
tì-sim-tì-huih,致心致血
tì-ì,致意
tì-pēnn,致病
tì-pīnn,致病
tì-ìm,致蔭
tì-sû,致詞
tì-siā,致謝
tì-sin-miā,致身命
tì-sû,致辭
tâi,臺
tâi-tiong,臺中
tâi-tiong-tshī,臺中市
tâi-tiong-káng,臺中港
tâi-pak,臺北
tâi-pak sió-siânn,臺北小城
tâi-pak sió-kī-tàn,臺北小巨蛋
tâi-pak sió-kū-tàn,臺北小巨蛋
tâi-pak-tshī,臺北市
tâi-pak thàm-soh-kuán,臺北探索館
tâi-pak kòo-sū-kuán,臺北故事館
tâi-pak-kiô,臺北橋
tâi-pak hái-iûnn-kuán,臺北海洋館
tâi-pak tshia-tsām,臺北車站
tâi-lâm,臺南
tâi-lâm-tshī,臺南市
tâi-lâm-hú,臺南府
tâi-siong,臺商
tâi-tāi pēnn-īnn,臺大醫院
tâi-tāi pīnn-īnn,臺大醫院
tâi-pè,臺幣
tâi-tang,臺東
tâi-tang-tshī,臺東市
tâi-tang-kuān,臺東縣
tâi-hái,臺海
tâi-phiò,臺票
tâi-pau,臺胞
tâi-se-hiong,臺西鄉
tâi-thih,臺鐵
tâi-thih bí-su̍t-kuán,臺鐵美術館
tâi-tiān,臺電
tâi-tiān tuā-lâu,臺電大樓
tsin,臻
khū,臼
kiū,臼
hām,臽
khám,臽
ióng,臾
jû,臾
kuī,臾
tshap,臿
iáu,舀
ió,舀
iónn,舀
iúnn,舀
iúnn-tsuí,舀水
iúnn-puî,舀肥
kú,舁
tsing,舂
tsiong,舂
tsing-piàng,舂乓
tsing-bō-á,舂磨仔
tsing-bí,舂米
tsing-khū,舂臼
tsing-khū--á,舂臼仔
tsing-khū-á,舂臼仔
tsing-khǔ-á,舂臼仔
tsing-khū-á-kiánn,舂臼仔囝
kiū,舅
kū,舅
kū-á,舅仔
kǔ-á,舅仔
kū-á-thàm-pâng,舅仔探房
kū-kong,舅公
kǔ-kong,舅公
í,與
ú,與
ī,與
ū,與
í-huē,與會
ú-huē,與會
hin,興
hing,興
hìn,興
hìng,興
hing-huà-phōo,興化廍
hing-lâm,興南
hing-kiàn,興建
hing-pāi,興敗
hing-ōng,興旺
hing-sue,興衰
hìng-tshù,興趣
hìng tsiú,興酒
hìng-thâu,興頭
kí,舉
kú,舉
kír,舉
kí-lē,舉例
kú-lē,舉例
kí-tshut,舉出
kú-tshut,舉出
kí-tōng,舉動
kú-tōng,舉動
kí-tsiàn,舉荐
kú-tsiàn,舉荐
kí-hîng,舉行
kú-hîng,舉行
kí-pān,舉辦
kú-pān,舉辦
kū,舊
kiū,舊
kǔ,舊
kū-tsûn--nî,舊前年
kū-tsū-nî,舊前年
kū-tshù,舊厝
kū-nî,舊年
kū-tué,舊底
kū-té,舊底
kū-sik,舊式
kū-siàu,舊數
kū-li̍k,舊曆
kū-àu-kū-tshàu,舊漚舊臭
kū-tsìng-thâu,舊症頭
kū-siā,舊社
sia̍t,舌
tsi̍h,舌
tsī,舌
sià,舍
siá,舍
tsn̄g,舐
tsī,舐
tsīnn,舐
tsǐnn,舐
si,舒
su,舒
tshi,舒
tshir,舒
tshu,舒
soo,舒
tshir-phěr,舒被
tshu-phuē,舒被
tshu-phē,舒被
tsī,舓
phòo,舖
kuán,舘
tshuàn,舛
tshún,舛
sùn,舜
bú,舞
bú-tōng,舞動
bú-tâi,舞台
bú-tâi-kio̍k,舞台劇
bú-tâi-ki̍k,舞台劇
bú-thuân,舞團
bú-lí,舞女
bú-lú,舞女
bú-thiann,舞廳
bú-khik,舞曲
bú-huē,舞會
bú-pōo,舞步
bú-tî,舞池
bú-lâm,舞男
bú-tō,舞蹈
tsiu,舟
to,舠
hông,舡
sam,舢
sam-pán-á,舢舨仔
pa,舥
pán,舨
suân,舩
tsûn,舩
hâng,航
hông,航
hâng-khuân,航權
hâng-kuân,航權
hâng-pan,航班
hâng-thîng,航程
hâng-tîng,航程
hâng-khong,航空
hâng-tsām,航站
hâng-suànn,航線
hâng-hîng,航行
hâng-ūn,航運
hong,舫
hóng,舫
pan,般
puann,般
lîng,舲
tio̍k,舳
ti̍k,舳
tik,舴
tsik,舴
tuā,舵
tāi,舵
tō,舵
tāi-kong,舵公
pi̍k,舶
hiân,舷
khó,舸
ko,舸
suân,船
tsûn,船
tsûn-tsú,船主
tsûn-á,船仔
tsûn-guân,船員
tsûn-uân,船員
tsûn-bué,船尾
tsûn-bé,船尾
tsûn-tshiúnn,船廠
tsûn-kî,船期
tsûn-pe,船桮
tsûn-pue,船桮
tsûn-tshng,船艙
tsûn-tiúnn,船長
tsûn-tsiah,船隻
tsûn-thâu,船頭
kap,舺
phông,舽
pông,舽
sàu,艄
thíng,艇
bíng,艋
báng-kah,艋舺
liām,艌
ku,艍
hông,艎
siú,艏
phian,艑
pián,艑
tia̍p,艓
pòng,艕
tsha,艖
ik,艗
so,艘
soo,艘
tshng,艙
tshong,艙
tsô,艚
tsôo,艚
lôo,艛
tài,艜
iāu,艞
tông,艟
tong,艡
tshiông,艢
lóo,艣
gí,艤
tship,艥
lām,艦
kàm,艦
kàm-tuī,艦隊
lām-tuī,艦隊
hok,艧
hōo,艧
bông,艨
tsê,艩
lóo,艪
lôo,艫
song,艭
kùn,艮
liâng,良
liông,良
liông-hó,良好
liông-sim,良心
liông-sìng,良性
liông-ti,良知
kan,艱
kan-khóo,艱苦
kan-khóo-lâng,艱苦人
kan-khóo-senn,艱苦生
kan-khóo-sinn,艱苦生
kan-khóo-tsē-kuà,艱苦罪過
kan-khóo-kuè,艱苦過
kan-khóo-kè,艱苦過
kan-lân,艱難
sik,色
sik-tshái,色彩
sik-tsîng,色情
sik-tsuí,色水
sik-bông,色盲
sik-sòo,色素
sik-tī,色緻
hut,艴
pu̍t,艴
iām,艶
iām,艷
tshó,艸
li̍k,艻
tíng,艼
kau,艽
khiu,艽
kiû,艽
gāi,艾
hiānn,艾
ngāi,艾
hiānn-tsháu,艾草
jîng,艿
hông,芃
phông,芃
huân,芄
uân,芄
tshian,芊
tshiàn,芊
ōo,芋
ū,芋
ǒo,芋
ōo-á,芋仔
ǒo-á,芋仔
ōo-á-ping,芋仔冰
ōo-ping,芋冰
ōo-înn,芋圓
ōo-khiau,芋曲
ōo-kuínn,芋梗
ōo-nî,芋泥
ōo-kuáinn,芋稈
ōo-kué,芋粿
ōo-ké,芋粿
ōo-kér,芋粿
ōo-kué-khiau,芋粿曲
ōo-ké-khiau,芋粿曲
ōo-kér-khiau,芋粿曲
ǒo-kér-khiau,芋粿曲
ōo-huâinn,芋莖
ōo-huînn,芋莖
ǒo-huînn,芋莖
tsiok,芍
tsiak,芍
kiong,芎
kiong-nâ-hiong,芎林鄉
thóo,芏
hōo,芐
khí,芑
kí,芑
bâng,芒
bông,芒
bông-kó,芒果
bông-tsíng,芒種
bông-tsíng-hōo,芒種雨
bâng-tsháu,芒草
tsí,芓
tsú,芓
huì,芔
huí,芔
pì,芘
hû,芙
phû,芙
thun,芚
tûn,芚
uí,芛
tsi,芝
tsi-san,芝山
tsi-lân-sam-pó,芝蘭三堡
gut,芞
khit,芞
san,芟
sing,芟
sng,芟
bûn,芠
khiàm,芡
khiàn,芡
khiàn-lóo,芡滷
khiàn-phang,芡芳
jîn,芢
hôo,芣
khu,芤
kuà,芥
kài,芥
kè,芥
kài-buah,芥末
kài-bua̍h,芥末
kài-buā,芥末
kuà-tshài,芥菜
kè-nâ-á,芥藍仔
kè-nê-á,芥藍仔
kài-lua̍h,芥辣
kài-luā,芥辣
lôo,芦
sū,芧
ki̍p,芨
khîm,芩
guân,芫
iân,芫
ian-sui,芫荽
iân-sui,芫荽
iân-suinn,芫荽
uan-sui,芫荽
hun,芬
hun-hn̂g-hiong,芬園鄉
pa,芭
pa-tsio,芭蕉
pa-lé,芭蕾
pa-lê,芭蕾
juē,芮
luē,芮
sim,芯
kī,芰
hua,花
hue,花
hue-á-huê-siūnn,花仔和尚
hue-á-pòo,花仔布
hue-á-tsuá,花仔紙
hue-á-tshài,花仔菜
hue-li-lo,花哩囉
hue-sà-sà,花嗄嗄
hue-lo-lo,花囉囉
hue-hn̂g,花園
hue-khann,花坩
hue-tiânn,花埕
hue-tuânn,花壇
hue-tuânn-hiong,花壇鄉
hua-thian-tsiú-tuē,花天酒地
hua-thian-tsiú-tē,花天酒地
hue-pa-li-niau,花巴哩貓
hue-tiàm,花店
hue-lok-lok,花彔彔
hue-pan-bé,花斑馬
hue-tuànn,花旦
hue-ki,花枝
hue-tsai,花栽
hue-tiâu-bé,花條馬
hue-iūnn,花樣
hue-tsâng,花欉
hue-ting,花燈
hue-khuân,花環
hue-pân,花瓶
hue-bî,花眉
hue-kan,花矸
hue-tsng,花磚
hue-khoo,花箍
hue-nâ,花籃
hue-hún,花粉
hue-kô-kô,花膏膏
hue-hue--á,花花仔
hua-hua-kong-tsú,花花公子
hue-tê,花茶
hue-tsháu,花草
hue-m̂,花莓
hue-tshài,花菜
hua-lian,花蓮
hua-liân,花蓮
hue-lian,花蓮
hua-lian-tshī,花蓮市
hua-liân-tshī,花蓮市
hue-lian-tshī,花蓮市
hua-lian-káng,花蓮港
hua-liân-káng,花蓮港
hue-lian-káng,花蓮港
hua-lian-khe,花蓮溪
hua-liân-khe,花蓮溪
hue-lian-khe,花蓮溪
hua-lian-kuān,花蓮縣
hua-liân-kuān,花蓮縣
hue-lian-kuān,花蓮縣
hue-luí,花蕊
hue-kap-á,花蛤仔
hue-báng,花蠓
hue-hiat,花血
hue-buē-tiâu-ki,花袂牢枝
hue-bē-tiâu-ki,花袂牢枝
hua-giân-khá-gí,花言巧語
hua-giân-khá-gú,花言巧語
hue-niau-niau,花貓貓
hue-sin-á,花身仔
hue-tshia,花車
hue-kiō,花轎
hue-hui,花飛
hue-thiâu,花鮡
phang,芳
hong,芳
phang-bī,芳味
phang-liāu,芳料
phang-tsuí,芳水
phang-kue,芳瓜
phang-hún,芳粉
hong-uán-hiong,芳苑鄉
phang-tê-khoo,芳茶箍
phang-tshìng-tshìng,芳衝衝
phang-kòng-kòng,芳貢貢
phang-sap-bûn,芳雪文
bu̍t,芴
kuat,芵
kió,芶
kóo,芶
tsí,芷
ûn,芸
khîn,芹
khîrn,芹
khûn,芹
khîn-tshài,芹菜
khûn-tshài,芹菜
khîn-tshài-tsu,芹菜珠
khûn-tshài-tsu,芹菜珠
khîn-tshài-tsu-á,芹菜珠仔
khûn-tshài-tsu-á,芹菜珠仔
iau,芺
thin,芺
tsoo,芻
môo,芼
mōo,芼
gâ,芽
gê,芽
huì,芾
hut,苐
uán,苑
uán-lí,苑裡
uán-lí-tìn,苑裡鎮
giám,苒
jiám,苒
jiâm,苒
liám,苒
liâm,苒
lîng,苓
lîng-ngá-khu,苓雅區
thai,苔
thî,苔
tî,苔
tiâu,苕
biâu,苗
biâu-li̍k,苗栗
miâu-li̍k,苗栗
biâu-li̍k-tshī,苗栗市
miâu-li̍k-tshī,苗栗市
biâu-li̍k-kuān,苗栗縣
miâu-li̍k-kuān,苗栗縣
khíng,苘
li̍p,苙
kho,苛
khoo,苛
o,苛
khô,苛
khô-thâu,苛頭
khôr-thâu,苛頭
bia̍t,苜
bo̍k,苜
bua̍t,苜
pau,苞
kió,苟
kóo,苟
bîn,苠
í,苡
kū,苣
phi,苤
gio̍k,若
jio̍k,若
lio̍k,若
ná,若
nā,若
ná-tshiūnn,若像
nā-sī,若是
ná ū ná bô,若有若無
nā-tsún,若準
nā-bô,若無
nā-kah,若甲
ná-tshan-tshiūnn,若親像
ná-tshin-tshiūnn,若親像
khóo,苦
ku,苦
ku-lí,苦力
khóo-khǹg,苦勸
khóo-kang,苦工
khóo-sim,苦心
khóo-būn,苦悶
khóo-tsîng,苦情
khóo-tuànn,苦旦
khóo-kó,苦果
khóo-līng,苦楝
khóo-lǐng,苦楝
khóo-līng-á,苦楝仔
khóo-līng-á-kū,苦楝仔舅
khóo-līng-kū,苦楝舅
khóo-to̍k,苦毒
khóo-mn̂g-á,苦毛仔
khóo-hái,苦海
khóo-thng,苦湯
khóo-bô,苦無
khóo-kue,苦瓜
khóo-kue-hong,苦瓜封
khóo-kam,苦甘
khóo-hue,苦花
khóo-khóo,苦苦
khóo-tê-iû,苦茶油
khóo-thiong,苦衷
khóo-buē-tit,苦袂得
khóo-bē-tit,苦袂得
khóo-lān,苦難
khóo-tshut,苦齣
terē,苧
thí,苧
thú,苧
tuē,苧
tē,苧
tuē-á,苧仔
tē-á,苧仔
ní,苨
pa,苩
pha,苩
siam,苫
thiam,苫
siû,苬
sian,苮
ing,英
ing-tshùn,英吋
ing-siong,英商
ing-tshioh,英尺
ing-tsâi,英才
ing-bûn,英文
ing-gí,英語
ing-gú,英語
ing-lí,英里
ing-pōng,英鎊
ing-hiông,英雄
tso̍k,苲
tsà,苲
tang,苳
tong,苳
tang-o,苳蒿
tshu,苴
tsu,苴
tsū,苴
liap,苶
phîng,苹
hû,苻
koo,苽
bi̍t,苾
pit,苾
pi̍t,苾
hut,茀
pi̍t,茀
tsuat,茁
biō,茂
bōo,茂
ām,茂
ōm,茂
bōo-lîm-khu,茂林區
huān,范
huān-kiong,范姜
huān-khiang,范姜
huān-kiang,范姜
huān siā tsiong-kun,范謝將軍
ka,茄
kiô,茄
kâ,茄
kiô-á-sik,茄仔色
ka-pua̍t,茄拔
kiô-sik,茄色
kiô-hue-sik,茄花色
kiôr-hue-sik,茄花色
ka-tang,茄苳
ka-tang-tiānn-á,茄苳萣仔
ka-tang-kha,茄苳跤
ka-bua̍h-tshài,茄茉菜
ka-tiānn-khu,茄萣區
hm̂,茅
mâu,茅
hm̂-á-tsháu,茅仔草
m̂-á-tsháu,茅仔草
hm̂-tsháu-kin,茅草根
hm̂-tsháu-kun,茅草根
hm̂-tsháu-gê,茅草芽
bâ,茆
báu,茆
pua̍t,茇
tshâ,茈
tshú,茈
tshû,茈
tsínn,茈
tsínn-kionn,茈薑
tsínn-kiunn,茈薑
tsínn-tsiáu-á,茈鳥仔
ba̍k,茉
bua̍h,茉
bua̍t,茉
bua̍h-tsháu,茉草
ba̍k-nī-hue,茉莉花
kió,茍
kóo,茍
bâ,茒
kik,茖
kok,茖
bíng,茗
bîng,茗
jiông,茙
kùn,茛
tshiàn,茜
tshí,茞
hiu,茠
lia̍t,茢
gôo,茣
ngôo,茣
tshik,茦
tshì,茦
tsu,茨
tsû,茨
kóo,茩
bâng,茫
bông,茫
bông-bông-biáu-biáu,茫茫渺渺
sî,茬
ka,茭
kau,茭
kha,茭
ka-pe̍h-sún,茭白筍
kha-pe̍h-sún,茭白筍
ka-ló-á,茭荖仔
ho̍k,茯
ho̍k-lîng-ko,茯苓糕
jû,茰
tsu,茱
tsu,茲
kong,茳
huê,茴
in,茵
tê,茶
tshâ,茶
tê-á-iû,茶仔油
tê-pau,茶包
tê-hn̂g,茶園
tê-suann,茶山
tê-tiàm-á,茶店仔
tê-sim,茶心
tê-sim-phoh,茶心粕
tê-sim-tê,茶心茶
tê-pue,茶杯
tê-pue-á,茶杯仔
tê-tsâng,茶欉
tê-iû,茶油
tê-sué,茶洗
tê-sé,茶洗
tê-thng,茶湯
tê-tái,茶滓
tê-au,茶甌
tê-au-á,茶甌仔
tê-puânn,茶盤
tê-khoo,茶箍
tê-khah,茶籗
tê-bí,茶米
tê-bí-tê,茶米茶
tê-kuàn,茶罐
tê-tsng,茶莊
tê-hio̍h,茶葉
tê-hio̍rh,茶葉
tê-gē-kuán,茶藝館
tê-kóo,茶鈷
tê-kuán,茶館
hua̍t,茷
huī,茷
giông,茸
jiông,茸
liông,茸
jî,茹
jû,茹
lû,茹
jí,茹
jú,茹
lú,茹
tshiong,茺
tông,茼
tiok,茿
sûn,荀
huân,荁
tshuan,荃
tsuân,荃
kai,荄
tap,荅
king,荆
hīng,荇
tshún,荈
tsháu,草
tshó,草
tshóo,草
tshór,草
tsháu-lâng,草人
tsháu-á,草仔
tsháu-á-tsí,草仔子
tsháu-á-kué,草仔粿
tsháu-á-ké,草仔粿
tsháu-tshù-á,草厝仔
tsháu-khûn,草囷
tsháu-tuē,草地
tsháu-tē,草地
tsháu-tuē-lâng,草地人
tsháu-tē-lâng,草地人
tsháu-tuē-sông,草地倯
tsháu-tē-sông,草地倯
tsháu-pênn,草坪
tsháu-pînn,草坪
tsháu-pû,草垺
tsháu-poo,草埔
tsháu-tui,草堆
tsháu-tiûnn,草場
tsháu-liâu-á,草寮仔
tsháu-lí-á,草履仔
tsháu-tùn-tìn,草屯鎮
tsháu-suann,草山
tsháu-suann hîng-kuán,草山行館
tshó-àn,草案
tshó-kan-á,草橄仔
tshó-kan-ná,草橄欖
tshór-kan-ná,草橄欖
tsháu-kâu,草猴
tshó-kó,草稿
tshó-that-á,草窒仔
tsháu-le̍h-á,草笠仔
tsháu-lue̍h-á,草笠仔
tsháu-soh,草索
tsháu-soh-á,草索仔
tsháu-in,草絪
tsháu-m̂,草莓
tsháu-koo,草菇
tsháu-tshio̍h,草蓆
tsháu-tshiō,草蓆
tsháu-tshio̍h-á,草蓆仔
tsháu-tshio̍rh-á,草蓆仔
tsháu-tshiō-á,草蓆仔
tsháu-se,草蔬
tsháu-io̍h,草藥
tsháu-nih,草蛉
tsháu-nih-kong,草蛉公
tsháu-khî,草蜞
tsháu-neh,草蜢
tsháu-nih,草蜢
tsháu-meh-á,草蜢仔
tsháu-nih-á,草蜢仔
tsháu-meh-á-kong,草蜢仔公
tsháu-meh-kong,草蜢公
tsháu-neh-kong,草蜢公
tsháu-ni-kong,草蜢公
tsháu-nih-kong,草蜢公
tsháu-hê,草蝦
tsháu-báng,草蠓
tsháu-gê,草衙
tsháu-ta̍h,草踏
tsháu-keh-á,草鍥仔
tsháu-kueh-á,草鍥仔
tsháu-pà-ông,草霸王
tsháu-uê,草鞋
tsháu-ê,草鞋
tsháu-ê-tun,草鞋墩
tsháu-hî,草魚
tsháu-hîr,草魚
tsháu-hû,草魚
tshó-kak-kué,草麴粿
tshó-khak-ké,草麴粿
king,荊
jî,荋
kiâu,荍
siô,荍
tia̍t,荎
tî,荎
gím,荏
jím,荏
lám,荏
lím,荏
lám-nuā,荏懶
lám-sin,荏身
lám-sin-miā,荏身命
tsiàn,荐
tê,荑
hng,荒
huinn,荒
hong,荒
hng-poo,荒埔
hong-huì,荒廢
hong-kau,荒郊
phing,荓
lē,荔
nāi,荔
lāi-tsi,荔枝
lē-tsi,荔枝
nāi-tsi,荔枝
nǎi-tsi,荔枝
láu,荖
ló,荖
lóo,荖
lāu-lông-khe,荖濃溪
láu-tîn,荖藤
tōo,荰
tiō,荳
tāu,荳
tōo,荳
jím,荵
hô,荷
hō,荷
huê,荷
hâ,荷
hoo-lin-tāu,荷仁豆
hô-lîn-tāu,荷仁豆
hôo-lin-tāu,荷仁豆
hû-jîn-tāu,荷仁豆
hû-lin-tāu,荷仁豆
hûn-lin-tāu,荷仁豆
hâ-pau,荷包
hoo-lian-tāu,荷蘭豆
huê-liân-tāu,荷蘭豆
pu̍t,荸
pōo,荹
ún,荺
ûn,荺
ti̍k,荻
tshâ,荼
tôo,荼
sui,荽
sîng,荿
lông,莀
hi,莃
li̍k,莅
hú,莆
pôo,莆
bu̍t,莈
nī,莉
tî,莉
lī,莉
tsng,莊
tsong,莊
tsng-gôo,莊吳
tsng-ngôo,莊吳
tsong-giâm,莊嚴
thok,莌
tua̍t,莌
kiû,莍
sa,莎
so,莎
soo,莎
kí,莒
kú,莒
kí-kong-hiong,莒光鄉
muî,莓
m̂,莓
hīng,莕
huâinn,莖
huînn,莖
king,莖
sin,莘
kún,莙
iân,莚
tîng,莛
thiau,莜
tshò,莝
uán,莞
uân,莞
hâm,莟
hām,莟
iú,莠
siù,莠
gereh,莢
gueh,莢
kiap,莢
kueh,莢
ngeh,莢
ngueh,莢
sau,莦
siau,莦
hiān,莧
hāng,莧
hīng,莧
hǐng,莧
hāng-tshài,莧菜
hīng-tshài,莧菜
hǐng-tshài,莧菜
lông,莨
hu,莩
hôo,莩
piáu,莩
gô,莪
ngôo,莪
bo̍h,莫
bo̍k,莫
mài,莫
mài-khìr,莫去
bo̍k-bîng,莫名
bo̍k-bîng-kî-biāu,莫名其妙
bo̍k-bîng-kî-miāu,莫名其妙
bo̍k-kuài,莫怪
mài-kóng,莫講
bo̍k-hui,莫非
lâm,莮
bóng,莽
bóng,莾
tshì,莿
tshì-tông,莿桐
tshì-tông-hāng,莿桐巷
tshì-tông-hiong,莿桐鄉
uan,菀
ut,菀
uán,菀
tshenn,菁
tshinn,菁
tsing,菁
tshenn-á,菁仔
tshinn-á,菁仔
tshenn-á-tsâng,菁仔欉
tshinn-á-tsâng,菁仔欉
tshenn-tông,菁桐
tshinn-tông,菁桐
tsing-ing,菁英
tik,菂
tong,菄
kan,菅
kuan,菅
kuann,菅
kuann-bang,菅芒
kuann-bâng,菅芒
kuann-bâng--á,菅芒仔
kuann-tsháu,菅草
kuann-tsin,菅蓁
kuann-tsin-á,菅蓁仔
tsoo,菆
koo,菇
la̍p,菈
lio̍k,菉
kak,菊
kiok,菊
kiok-hue,菊花
bī,菋
khún,菌
tsai,菑
tsu,菑
kó,菓
ho̍k,菔
po̍k,菔
lûn,菕
tshiang,菖
tshiong,菖
tshiang-pôo,菖蒲
tshiong-pôo,菖蒲
tiû,菗
siông,菘
tshài,菜
tshài-to,菜刀
tshài-pau,菜包
tshài-tuann,菜單
tshài-hn̂g,菜園
tshài-tn̂g,菜堂
tshài-koo,菜姑
tshài-tsí,菜子
tshài-tsí-iû,菜子油
tshài-the̍h,菜宅
tshài-liâu,菜寮
tshài-bué,菜尾
tshài-bé,菜尾
tshài-tshī-á,菜市仔
tshài-tshī-á-miâ,菜市仔名
tshài-tué,菜底
tshài-té,菜底
tshài-tiàm,菜店
tshài-tiàm-piu,菜店彪
tshài-tiàm-tsa-bóo,菜店查某
tshài-sim,菜心
tshài-khok,菜擴
tshài-liāu,菜料
tshài-kè-á,菜架仔
tshài-toh,菜桌
tshài-tsio,菜椒
tshài-tû,菜櫥
tshài-iû,菜油
tshài-thng,菜湯
tshài-iàn,菜燕
tshài-kiû,菜球
tshài-kue,菜瓜
tshài-kue-pòo,菜瓜布
tshài-kue-tshè,菜瓜摖
tshài-kue-pôo,菜瓜蒲
tshài-tiam,菜砧
tshài-tshuah,菜礤
tshài-nâ,菜籃
tshài-tsàng,菜粽
tshài-kóo,菜股
tshài-póo,菜脯
tshài-póo-tshiam,菜脯簽
tshài-póo-bí,菜脯米
tshài-sik,菜色
tshài-hue,菜花
tshài-se,菜蔬
tshài-thâng,菜蟲
tshài-tsîm,菜蟳
tshài-tāu,菜豆
tshài-huàn-á,菜販仔
tshài-kha,菜跤
tshài-phuè,菜配
tshài-phè,菜配
tshài-lù-á,菜鑢仔
tshài-thâu,菜頭
tshài-thâu-tsáng,菜頭摠
tshài-thâu-kué,菜頭粿
tshài-thâu-ké,菜頭粿
tshài-thâu-kér,菜頭粿
tshài-pn̄g,菜飯
tshài-kuán,菜館
tshài-tsiáu,菜鳥
tshài-tsiáu-á,菜鳥仔
tshài-ah,菜鴨
tshài-kap-ba̍k,菜鴿目
tshài-kiâm,菜鹹
pa̍t,菝
pua̍t,菝
pa̍t-á,菝仔
pua̍t-á,菝仔
pa̍t-á-phiò,菝仔票
thòo,菟
pe,菠
per,菠
po,菠
poo,菠
pue,菠
pe-lîng,菠薐
pue-lîng,菠薐
pe-lîng-á,菠薐仔
per-lîng-á,菠薐仔
pue-lîng-á,菠薐仔
pe-lîng-á-tshài,菠薐仔菜
pue-lîng-á-tshài,菠薐仔菜
pe-lîng-tshài,菠薐菜
per-lîng-tshài,菠薐菜
hâm,菡
pāu,菢
kuán,菤
sik,菥
su,菥
phôo,菩
phôo-thê-tshiū,菩提樹
phôo-sat,菩薩
tông,菪
tōng,菪
kín,菫
huà,華
hua,華
huâ,華
huâ-jîn,華人
huâ-lîn,華人
huâ-kiâu,華僑
huâ-hú,華府
huâ-bûn,華文
huâ-è,華裔
huâ-gí,華語
huâ-gú,華語
koo,菰
lîng,菱
lîng-kak,菱角
hui,菲
huí,菲
am,菴
bóng,菵
hông,菶
póng,菶
tshu,菹
tsia,菹
tsu,菹
lím,菻
lîm,菻
thám,菼
siok,菽
ki,萁
kî,萁
tsuī,萃
tô,萄
tôr,萄
tshun,萅
tshún,萅
pi,萆
pi̍k,萆
pè,萆
tiông,萇
lâi,萊
tshe,萋
bîng,萌
phiô,萍
phîng,萍
pîng,萍
uí,萎
ui,萎
tám,萏
tsui,萑
uân,萑
gî,萓
gē,萟
sam,萩
tshiu,萩
kho,萪
bān,萬
bān-it,萬一
bān-tn̄g-tshim-khenn,萬丈深坑
bān-tn̄g-tshim-khinn,萬丈深坑
bān-put-it,萬不一
bān-put-jī,萬不二
bān-put-lī,萬不二
bān-put-hīng,萬不幸
bān-put-tik-í,萬不得已
bān-sè,萬世
bān-tan-hiong,萬丹鄉
bān-sū,萬事
bān-sīr-iâ,萬事爺
bān-sū-thong,萬事通
bān-tāi,萬代
bān-tsuân,萬全
bān-hô-kiong,萬和宮
bān-siān-kong,萬善公
bān-siān-tông,萬善堂
bān-sènn-kong,萬姓公
bān-sìnn-kong,萬姓公
bān-bân-hiong,萬巒鄉
bān-luân-hiong,萬巒鄉
bān-liân-kiú-uán,萬年久遠
bān-nî-kiú-uán,萬年久遠
bān-nî-kú-tn̂g,萬年久長
bān-liân-pit,萬年筆
bān-hīng,萬幸
bān-îng,萬榮
bān-îng-hiong,萬榮鄉
bān-bû-it-sit,萬無一失
bān-bu̍t,萬物
bān-lîng,萬能
bān-puan,萬般
bān-puann,萬般
bān-hong siā-khu,萬芳社區
bān-hong pēnn-īnn,萬芳醫院
bān-hong pīnn-īnn,萬芳醫院
báng-kah,萬華
bān-huâ,萬華
bān-huâ-khu,萬華區
bān-bān,萬萬
bān-lí-khu,萬里區
bān-lí-kiô,萬里橋
bān-lí-khe,萬里溪
bān-liông,萬隆
bān-hāng,萬項
í,萭
ú,萭
jû,萮
suan,萱
suan,萲
e,萵
ue,萵
e-á-tshài,萵仔菜
er-á-tshài,萵仔菜
meh-á-tshài,萵仔菜
ue-á-tshài,萵仔菜
jî,萸
jû,萸
pián,萹
go̍k,萼
làu,落
lak,落
lo̍h,落
lo̍k,落
la̍uh,落
loh,落
làu-ham,落䈄
lo̍h-hā,落下
làu-ē-hâi,落下頦
làu-lâng,落人
lo̍h-lâng-ê-tshuì,落人的喙
lo̍k-ngóo,落伍
lo̍h-lâi,落來
lo̍h-kè,落價
lo̍h-ji̍p,落入
lo̍h-li̍p,落入
làu-kau,落勾
lo̍h-lâm,落南
lo̍h-khì,落去
lo̍h-tâi,落台
lo̍h-miâ,落名
làu-thòo-tsìng,落吐症
lo̍h-âu,落喉
lo̍h-tshē,落坐
lo̍h-thôo,落塗
lo̍h-tsng,落妝
lo̍h-tiānn,落定
lo̍h-si̍t,落實
lo̍k-si̍t,落實
lo̍h-bué,落尾
lo̍h-bé,落尾
lōo-bué,落尾
lōo-bé,落尾
lo̍h-bué-tshiú,落尾手
lo̍h-bé-tshiú,落尾手
lō-bér-tshiú,落尾手
lōo-bué-tshiú,落尾手
lōo-bé-tshiú,落尾手
làu-sái,落屎
làu-sái-tshenn,落屎星
làu-sái-tshinn,落屎星
làu-sái-bé,落屎馬
lo̍h-suann,落山
lo̍h-suann-hong,落山風
lo̍h-kiā,落崎
lo̍h-kang,落工
lo̍h-kang-hu,落工夫
lo̍h-bōo,落幕
loh-āu--nî,落後年
loh-āu--ji̍t,落後日
loh-āu--li̍t,落後日
lo̍k-sîng,落成
lo̍h-tshiú,落手
loh-tso̍h--ji̍t,落昨日
loh-tso̍h--li̍t,落昨日
lo̍h-pún,落本
làu-sia̍h,落杓
lak-khak,落殼
làu-khuì,落氣
lo̍h-tsuí,落水
lo̍h-tù,落注
lo̍h-làm,落湳
lak-tshat,落漆
làu-sià-thòo,落瀉吐
lo̍h-bîn,落眠
làu-khang-tshia,落空車
làu-khang-tsuā,落空逝
lo̍k-tē,落第
làu-si̍t-á,落翼仔
lo̍h-hīnn,落耳
lo̍h-puî,落肥
làu-the,落胎
làu-ther,落胎
lak-lián,落臉
lo̍h-tsûn,落船
lak-sik,落色
lo̍h-khóo-sim,落苦心
làu-làu,落落
lo̍h-tsòng,落葬
lak-sui,落衰
lo̍h-sue,落衰
làu-khòo,落褲
làu-tsâi,落財
lo̍h-huè,落貨
lo̍h-hè,落貨
làu-phâu,落跑
lo̍h-kha-khì,落跤氣
lo̍h-tshia,落車
lo̍h-nńg,落軟
lo̍k-suán,落選
lo̍h-lān,落難
lo̍h-hōo,落雨
lo̍rh-hōo,落雨
lo̍h-hōo-thinn,落雨天
lo̍h-hǒo-thinn,落雨天
lo̍h-seh,落雪
lo̍h-sng,落霜
làu-hong,落風
lo̍k-phik,落魄
kiong,葁
pó,葆
jiû,葇
liû,葇
ia̍p,葉
hio̍h,葉
hio̍h-á,葉仔
hio̍h-á-lōo,葉仔路
ia̍p-lâu,葉劉
hok,葍
lu̍t,葎
phûn,葐
hong,葑
hông,葒
hông,葓
tio̍h,著
tio̍k,著
tio̍rh,著
to̍h,著
to̍rh,著
tù,著
tù-tsok,著作
tio̍h-siong,著傷
tio̍h-tshìn-mo̍oh,著凊瘼
tio̍h-la̍t,著力
tio̍h-tiàu,著吊
tio̍h-bī,著味
tio̍h-ka-tsa̍k,著咳嗾
tio̍h-kiánn-kam,著囝甘
tio̍h kuânn-jia̍t-á,著寒熱仔
tio̍h kuânn-lia̍t-á,著寒熱仔
tio̍h-kip,著急
tio̍h-ài,著愛
tio̍h-sî,著時
tio̍h-to̍k,著毒
tio̍h-tsuí-tshi,著水蛆
tio̍h-tsuí-tshu,著水蛆
tio̍h-tsu-bī,著滋味
to̍h-hué,著火
to̍h-hé,著火
tio̍h-tse,著災
tio̍h-tser,著災
tio̍rh-tse,著災
tiō-tse,著災
tio̍h-oo-tsu,著烏珠
tio̍h-kâu,著猴
tio̍h-tsiáng,著獎
tio̍h-tsióng,著獎
tio̍h-tshenn-kiann,著生驚
tio̍h-tshinn-kiann,著生驚
tio̍h-pēnn,著病
tio̍h-pīnn,著病
tio̍h-sua,著痧
tio̍rh-sua,著痧
tiō-sua,著痧
tio̍h-tíng,著等
tio̍h-thâng,著蟲
tio̍h-tak,著觸
tio̍h-tsha̍t-thau,著賊偷
tio̍h-tshìng,著銃
tio̍h-thâu,著頭
tio̍h-kiann,著驚
siong,葙
sîm,葚
tám,葚
kat,葛
kuah,葛
kuah-tsî,葛薯
kuah-tsîr,葛薯
kuah-tsû,葛薯
khap,葜
sim,葠
phû,葡
pôo,葡
phuê-tôr,葡萄
phô-tô,葡萄
phô-tôr,葡萄
phôr-tôr,葡萄
phû-tô,葡萄
pô-tô,葡萄
pû-tô,葡萄
phû-tô-kuann,葡萄乾
phû-tô-tsiú,葡萄酒
khap,葢
kài,葢
táng,董
tóng,董
táng-sū,董事
táng-sū-tiúnn,董事長
tsiân,葥
tsiān,葥
uí,葦
ue,葨
pha,葩
hôo,葫
ôo-tsiu,葫洲
hôo-lôo,葫蘆
hôo-lôo-tun,葫蘆墩
tsòng,葬
ka,葭
tuān,葮
io̍k,葯
sui,葰
tsùn,葰
tshong,葱
ui,葳
kuî,葵
khuê,葵
kher-sìnn,葵扇
khue-sìnn,葵扇
khuê-sìnn,葵扇
tîng,葶
hun,葷
sí,葸
tship,葺
iau,葽
iàu,葽
tè,蒂
tì,蒂
tì-thâu,蒂頭
hua,蒍
uí,蒍
soo,蒐
sî,蒔
sī,蒔
bông,蒙
suàn,蒜
sǹg,蒜
suàn-á,蒜仔
suàn-á-hue,蒜仔花
suàn-jiông,蒜茸
suàn-liông,蒜茸
suàn-thâu,蒜頭
guân,蒝
li̍k,蒞
lī,蒞
kú,蒟
pông,蒡
tû,蒢
tiám,蒧
tshiàn,蒨
sûn,蒪
kuái,蒯
khuài,蒯
khuái,蒯
pôo,蒱
pôo,蒲
la̍p,蒳
tsin,蒸
tsing,蒸
kiam,蒹
tsi̍k,蒺
jio̍k,蒻
tshong,蒼
bê,蒾
ho,蒿
o,蒿
hoo,蒿
sun,蓀
tsin,蓁
bîng,蓂
hak,蓄
thiok,蓄
hak-tshù,蓄厝
hak-kè-tsng,蓄嫁粧
si̍k,蓆
tshio̍h,蓆
tshio̍h-á,蓆仔
tshio̍h-tsháu,蓆草
lông,蓈
iông,蓉
ong,蓊
kài,蓋
kah,蓋
kuà,蓋
kap,蓋
kah-mî-phē,蓋棉被
kah-mî-phēr,蓋棉被
kài-la̍h,蓋蠟
kah-phuē,蓋被
kah-phē,蓋被
kah-phēr,蓋被
si,蓍
ló,蓏
jio̍k,蓐
sue,蓑
sui,蓑
hian,蓒
puē,蓓
pi,蓖
thiau,蓧
tiâu,蓧
bū,蓩
mōo,蓩
thong,蓪
thong-tshó,蓪草
tio̍k,蓫
hông,蓬
phōng,蓬
pōng,蓬
pōng-sim,蓬心
hông-lâi-bí,蓬萊米
phōng-phōng-ing,蓬蓬坱
phōng-song,蓬鬆
liân,蓮
lân,蓮
nâi,蓮
lián,蓮
liân-tsí,蓮子
liân-hue,蓮花
liân-hue-kim,蓮花金
liân-hue-thâu,蓮花頭
liân-pôo-thâu,蓮苞頭
liân-tsiau,蓮蕉
lân-tsiau,蓮蕉
liân-tsiau-hue,蓮蕉花
liân-tsio-hue,蓮蕉花
lân-tsiau-hue,蓮蕉花
liân-ngāu,蓮藕
liân-ngǎu,蓮藕
liám-bū,蓮霧
lián-bū,蓮霧
lián-bǔ,蓮霧
tshiong,蓯
tsóng,蓯
sú,蓰
kín,蓳
tsia̍p,蓵
tsia̍t,蓵
uî,蓶
î,蓶
tshui,蓷
gē,蓺
tsip,蓺
lio̍k,蓼
liáu,蓼
ló,蓼
pit,蓽
siok,蓿
pōo,蔀
lô,蔂
kióng,蔃
kiông,蔃
bān,蔄
lîng,蔆
khài,蔇
kì,蔇
kún,蔉
hán,蔊
ti̍k,蔋
sok,蔌
siat,蔎
siong,蔏
bia̍t,蔑
bān,蔓
muā,蔓
po̍k,蔔
tài,蔕
tè,蔕
tsià,蔗
tsià-ha̍h,蔗箬
sam,蔘
uì,蔚
lôo,蔞
tshok,蔟
tsòo,蔟
tshuà,蔡
tshài,蔡
tshuà-n̂g,蔡黃
tshuà-uînn,蔡黃
tsiónn,蔣
tsiúnn,蔣
tsiáng,蔣
tsióng,蔣
bi̍t,蔤
tshang,蔥
tshong,蔥
tshang-á,蔥仔
tshang-á-tsu,蔥仔珠
tshang-á-thâu,蔥仔頭
tshang-á-piánn,蔥仔餅
tshang-tshè,蔥脆
tshang-thâu,蔥頭
liáu,蔦
niáu,蔦
suī,蔧
ian,蔫
lian,蔫
lian-lian,蔫蔫
se,蔬
soo,蔬
sue,蔬
ìm,蔭
ńg,蔭
ìm-e̍rh,蔭呃
ìm-tsuí,蔭水
ìm-kue-á,蔭瓜仔
ìm-sī,蔭豉
ìm-sīnn,蔭豉
ìm-sīnn-á,蔭豉仔
ìm-sī-phoh-á,蔭豉粕仔
ìm-sin,蔭身
kok,蔮
tîn,蔯
muâ,蔴
bâ,蔴
mâ,蔴
môo,蔴
khòo,蔻
pè,蔽
lê,蔾
tâm,蕁
huan,蕃
huân,蕃
han-tsî-liâu,蕃薯寮
han-tsû-liâu,蕃薯寮
thián,蕆
sín,蕈
sîm,蕈
tsiau,蕉
tsio,蕉
luí,蕊
luí,蕋
jî,蕍
jû,蕍
kiau,蕎
kiâu,蕎
giō,蕎
hua,蕐
kan,蕑
hûn,蕓
iû,蕕
kû,蕖
lōo,蕗
lā-giō,蕗蕎
lā-jiō,蕗蕎
lōo-giō,蕗蕎
lōo-giōr,蕗蕎
lōo-giǒ,蕗蕎
lōo-jiōr,蕗蕎
lōo-kioh,蕗蕎
lōo-kiō,蕗蕎
nōo-giō,蕗蕎
giâu,蕘
jiâu,蕘
liâu,蕘
giô,蕘
huī,蕙
go̍k,蕚
tshuat,蕝
tsuē,蕝
tshuat,蕞
tsuē,蕞
hûn,蕡
kuī,蕢
sùn,蕣
juê,蕤
sui,蕤
khuat,蕨
kueh,蕨
keh-niau,蕨貓
kerh-niau,蕨貓
kueh-niau,蕨貓
kuè-niau,蕨貓
kè-niau,蕨貓
kèr-niau,蕨貓
kèr-niau-á,蕨貓仔
tn̄g,蕩
tōng,蕩
bû,蕪
tóng,蕫
tông,蕫
si,蕬
siau,蕭
sio,蕭
siau-lang,蕭壟
siau-lâng,蕭壟
siau-tiâu,蕭條
sik,蕮
kan-tan,蕳砃
kan-tan-tsîr,蕳砃薯
hâ,蕸
ka,蕸
iong,蕹
ìng,蕹
ìng-tshài,蕹菜
kik,蕺
tship,蕺
hāng,蕻
luí,蕾
un,薀
hiok,薁
ò,薁
ò-giô,薁蕘
òr-giôr,薁蕘
po̍k,薄
po̍h,薄
po̍rh,薄
po̍h-lī,薄利
po̍k-bīng,薄命
po̍k-tsîng,薄情
po̍h-pún,薄本
po̍h-pán,薄板
po̍h-pán-á,薄板仔
po̍h-li-si,薄縭絲
po̍h-hô,薄荷
po̍k-hô,薄荷
po̍h-piánn,薄餅
ho,薅
hoo,薅
khau,薅
khau tsháu,薅草
ài,薆
bî,薇
huē,薈
hē,薈
kuè,薈
uè,薈
uè,薉
kè,薊
hiong,薌
guān,薍
luān,薍
ì,薏
ì-jîn,薏仁
ì-lîn,薏仁
lîng,薐
kiang,薑
kiong,薑
kionn,薑
kiunn,薑
kionn-bór,薑母
kiunn-bó,薑母
kiunn-bór,薑母
kiunn-bú,薑母
kiunn-bó-ah,薑母鴨
kiunn-bú-ah,薑母鴨
kiunn-si,薑絲
tshiâng,薔
tshiông,薔
tshiônn,薔
tshiûnn,薔
kho,薖
ta̍t,薘
thè,薙
sih,薛
pī,薛
siat,薛
sih-lîm,薛林
phik,薜
tám,薝
hiam,薟
hiang,薟
liâm,薟
hiam-tsio-á,薟椒仔
hiam-tsior-á,薟椒仔
hiam-tsio-á-tsiùnn,薟椒仔醬
hiam-kiunn-á,薟薑仔
hiam-kiunn-á-tsiùnn,薟薑仔醬
hiam-kiunn-tsiùnn,薟薑醬
huân,薠
tíng,薡
kái,薢
hāi,薤
tsiàn,薦
tsì,薦
khó,薧
kó,薧
ing,薨
sat,薩
sin,薪
sin-thuân,薪傳
sin-suí,薪水
sin-tsu,薪資
tsî,薯
tsîr,薯
tsû,薯
hun,薰
hun-tshe,薰吹
hun-tsher,薰吹
hun-tshue,薰吹
hun-tshuì-á,薰喙仔
hun-hn̂g,薰園
hun-sái,薰屎
hun-khok-á,薰觳仔
hun-thâu,薰頭
uán,薳
uì,薳
lîng,薴
bâi,薶
jû,薷
phiâu,薸
phiô,薸
phiôr,薸
phiô-á,薸仔
tâi,薹
tsé,薺
tsî,薺
tsin,薽
ní,薾
tsí,薾
gí,薿
kó,藁
tshông,藂
hiauh,藃
hiauh-hiauh,藃藃
hiau-than,藃蟶
hiauh-than,藃蟶
kî,藄
su,藇
sū,藇
tsiah,藉
tsik,藉
tsià,藉
tsioh,藉
thiàu,藋
nâ,藍
lâm,藍
nâ-tôo,藍圖
lâm--ê,藍的
lâm-sik,藍色
nâ-sik,藍色
nâ-tiāu,藍調
tsīn,藎
tsông,藏
tsōng,藏
tshàng,藏
tshàng-tsuí-bī,藏水沬
tshàng-tsuí-bǐ,藏水沬
tshàng-bī,藏沬
tshàng--khí-lâi,藏起來
tsông-kiànn-jîn,藏鏡人
tsông-kiànn-lîn,藏鏡人
tshàng-thâu-bī,藏頭沬
tshàng-phī,藏鼻
biáu,藐
biáu-sī,藐視
khiat,藒
gió,藕
ngóo,藕
ngāu,藕
lû,藘
gē,藙
sio̍k,藚
siá,藛
lê,藜
guē,藝
gē,藝
gē-jîn,藝人
gē-lîn,藝人
gē-phín,藝品
gē-tuânn,藝壇
gē-bûn,藝文
gē-tuànn,藝旦
gē-su̍t,藝術
gē-su̍t-ka,藝術家
luá,藞
luí,藟
tîn,藤
tîng,藤
ia̍k,藥
io̍h,藥
io̍k,藥
io̍h-uân,藥丸
io̍h-tan,藥丹
io̍h-á,藥仔
io̍h-tse,藥劑
io̍h-tsè-su,藥劑師
io̍h-pau,藥包
io̍h-phín,藥品
io̍h-tuann,藥單
io̍h-kio̍k,藥局
io̍h-su,藥師
io̍h-tshiúnn,藥廠
io̍h-pâng,藥房
io̍h-hāu,藥效
io̍h-hng,藥方
io̍h-tsâi,藥材
io̍h-tû,藥櫥
io̍h-tsuí,藥水
io̍h-tsuí-pòo,藥水布
io̍h-sué,藥洗
io̍h-sé,藥洗
io̍h-tse,藥渣
io̍h-phìnn,藥片
io̍h-bu̍t,藥物
io̍h-hún,藥粉
io̍h-phoh,藥粕
io̍h-ko,藥膏
io̍h-tê,藥茶
io̍h-tsháu,藥草
io̍h-tsiú,藥酒
io̍h-kóo-á,藥鈷仔
io̍h-thâu,藥頭
io̍h-thâu-á,藥頭仔
io̍h-piánn,藥餅
môo,藦
piáu,藨
huan,藩
phuan,藩
sóo,藪
tuê,藬
kiông,藭
li̍k,藶
tsu,藷
ái,藹
līn,藺
tsó,藻
nāi,藾
hok,藿
thok,蘀
kî,蘄
hîng,蘅
lôo,蘆
lôo-tsiu,蘆洲
lôo-tsiu-khu,蘆洲區
lôo-tik,蘆竹
lôo-tik-khu,蘆竹區
lôo-tik-tshù,蘆竹厝
lôo-sún,蘆筍
lôo-huē,蘆薈
lôo-tîn,蘆藤
lôo-sué,蘆黍
lôo-sé,蘆黍
soo,蘇
soo-ò,蘇澳
soo-ò-sin-tsām,蘇澳新站
soo-ò-káng,蘇澳港
soo-ò-tìn,蘇澳鎮
soo-tân,蘇陳
tuê,蘈
bông,蘉
ùn,蘊
phông,蘋
pîn,蘋
phîng-kó,蘋果
phông-kó,蘋果
phông-kór,蘋果
phông-kó-suāinn,蘋果檨
môo,蘑
môo-koo,蘑菇
gia̍t,蘖
jiông,蘘
sián,蘚
liám,蘝
liâm,蘝
liám,蘞
liâm,蘞
tshiông,蘠
ing,蘡
liông,蘢
lóng,蘢
lông,蘢
pô,蘤
uí,蘤
kî,蘧
kû,蘧
kù,蘧
iâu,蘨
iû,蘨
huân,蘩
bî,蘪
lân,蘭
liân,蘭
lân-sū-hiong,蘭嶼鄉
lân-hue,蘭花
lân-iâng-khe,蘭陽溪
lân-iông-khe,蘭陽溪
luí,蘲
luî,蘲
guī,蘶
tsàm,蘸
huâi,蘹
lî,蘺
bî,蘼
luí,蘽
lô,蘿
luí,虆
luî,虆
hoo,虍
hóo,虎
hu,虎
hóo-tsínn-bi̍t,虎井蜜
hóo-kháu,虎口
hóo-kháu-tshuì,虎口喙
hóo-kháu-mn̂g,虎口門
hóo-kā-ti,虎咬豬
hóo-kā-tu,虎咬豬
hóo-koo-pô,虎姑婆
hóo-bué-tìn,虎尾鎮
hóo-phuê,虎皮
hóo-phê,虎皮
hóo-pà-bú,虎豹母
hóo-thâu-ngeh-á,虎頭夾仔
hóo-thâu-suann,虎頭山
hóo-thâu-kam,虎頭柑
hóo-thâu-phang,虎頭蜂
hóo-kut-tsiú,虎骨酒
hóo-tshiu,虎鬚
hóo-phīnn-sai,虎鼻師
gia̍k,虐
gio̍k,虐
gi̍k,虐
gio̍h,虐
gi̍k-thāi,虐待
tuê,虒
hau,虓
khiân,虔
khiân-sîng,虔誠
tshì,處
tshìr,處
tshí,處
tshù,處
tshú,處
tshú-hūn,處份
tshú-kíng,處境
tshú-lí,處女
tshú-lú,處女
tshú-hng,處方
tshù-sú,處暑
tshú-lí,處理
tshú-tì,處置
tshú-hua̍t,處罰
tshù-tiúnn,處長
hoo,虖
ho̍k,虙
hū,虙
hi,虛
hu,虛
hi-jio̍k,虛弱
hi-lio̍k,虛弱
hi-gí,虛擬
hi-kòo,虛構
hi-hué,虛火
hi-hé,虛火
hi-lám,虛荏
hi-hua,虛華
hi-sin-lám-tué,虛身荏底
hi-sin-lám-té,虛身荏底
lóo,虜
gî,虞
gû,虞
hō,號
hōo,號
hōr,號
hǒ,號
lō,號
hō-līng,號令
hō-tsuè,號做
hō-tsò,號做
hō-tiàu,號召
hō-miâ,號名
hō-guā,號外
hō-bé,號碼
hō-thâu,號頭
khik,虢
pō,虣
tsiàn,虥
tsiàn,虦
khui,虧
khui-sim,虧心
khui-sún,虧損
khui-sńg,虧損
khui-khiàm,虧欠
khui-khong,虧空
hik,虩
khik,虩
sik,虩
huí,虫
thiông,虫
khiû,虬
kiu,虬
kiû,虬
khiû,虯
kiû,虯
khiû-khiām,虯儉
khiû-khiǎm,虯儉
khiû-mn̂g,虯毛
khiû-moo,虯毛
khiû-môo,虯毛
khiû-khiû,虯虯
ting,虰
sat,虱
sik,虱
sat-ba̍k,虱目
sat-ba̍k-á-hîr,虱目仔魚
sat-ba̍k-hî,虱目魚
sat-ba̍k-hîr,虱目魚
sat-ba̍k-hû,虱目魚
ioh,虳
tô,虵
hông,虹
khīng,虹
khǐng,虹
huí,虺
khuí,虺
kik,虼
ka,虼
ka-tsáu,虼蚤
ka-tsua̍h,虼蚻
ka-tsuā,虼蚻
pa,蚆
pha,蚆
tshik,蚇
bûn,蚊
báng-sut,蚊蟀
juē,蚋
luē,蚋
pāng,蚌
pî,蚍
ua̍t,蚎
kî,蚑
kún,蚓
ín,蚓
thián,蚕
tshâm,蚕
guân,蚖
kuat,蚗
kî,蚚
tshì,蚝
kang,蚣
kong,蚣
tsáu,蚤
tsó,蚤
tsóo,蚤
kài,蚧
hû,蚨
tshi,蚩
tóo,蚪
khiu,蚯
iû,蚰
tsik,蚱
tsā,蚱
tî,蚳
hô,蚵
ô,蚵
ôr,蚵
ô-á,蚵仔
ôr-á,蚵仔
ô-á-tsian,蚵仔煎
ô-á-mī-suànn,蚵仔麵線
ô-te,蚵炱
ham,蚶
ham-á,蚶仔
li̍k,蚸
hū,蚹
jiám,蚺
tsat,蚻
tsua̍h,蚻
phî,蚽
phó,蚾
pò,蚾
hiân,蚿
tsiù,蛀
tsù,蛀
tsiù-khut-á,蛀窟仔
tsiù-thâng,蛀蟲
tsiù-phīnn,蛀鼻
tsiù-khí,蛀齒
tsiù-ku,蛀龜
tsiù-ku-á,蛀龜仔
píng,蛃
koo,蛄
tsiam,蛅
tshi,蛆
tshir,蛆
tshu,蛆
tsi,蛆
tsu,蛆
siâ,蛇
tsuâ,蛇
tsuâ-kue,蛇瓜
thiat,蛈
tia̍t,蛈
lîng,蛉
tàn,蛋
tān,蛋
tuann,蛋
koo,蛌
khiok,蛐
bôo,蛑
kik,蛒
tshì,蛓
tshù,蛓
huê,蛔
huê,蛕
iông,蛘
ua,蛙
tsu,蛛
tu,蛛
khuat,蛞
kuat,蛞
kau,蛟
kau-liông,蛟龍
khiat,蛣
kiat,蛣
kiat-le,蛣蛚
kap,蛤
kap-á,蛤仔
kap-á-siû,蛤仔泅
kap-á-lān,蛤仔難
kap-kuainn-á,蛤胿仔
khiông,蛩
kiông,蛩
kiông,蛬
tia̍t,蛭
tsit,蛭
bân,蛮
hing,蛵
kiû,蛷
sau,蛸
siau,蛸
ióng,蛹
kiap,蛺
thuè,蛻
thuì,蛻
gô,蛾
ngôo,蛾
ia̍h,蛾
ia̍h-á,蛾仔
sio̍k,蜀
hong,蜂
phang,蜂
phang-á-phàu,蜂仔炮
phang-siū,蜂岫
phang-bi̍t,蜂蜜
phang-hê,蜂蝦
sīn,蜃
hú,蜅
poo,蜅
hián,蜆
suat,蜇
tsiat,蜇
gôo,蜈
ngôo,蜈
giâ,蜈
giâ-kang,蜈蚣
gôo-khî,蜈蜞
môo-khî,蜈蜞
ngôo-khî,蜈蜞
ngôo-khî-ting,蜈蜞釘
hôo,蜉
lâ,蜊
lî,蜊
lâ-á,蜊仔
lâi--á,蜊仔
lâi-á,蜊仔
liông,蜋
lông,蜋
pē,蜌
sî,蜍
sû,蜍
tsî,蜍
tsû,蜍
iân,蜎
kuan,蜎
iú,蜏
kiap,蜐
tān,蜑
tîng,蜒
iân,蜓
thíng,蜓
tiān,蜔
ti,蜘
ti-tu,蜘蛛
ti-tu-bāng,蜘蛛網
hui,蜚
huí,蜚
bi̍t,蜜
bi̍t-gua̍t,蜜月
bi̍t-tsian,蜜餞
kî,蜝
khî,蜞
kî,蜞
iok,蜟
khûn,蜠
tshiok,蜡
bíng,蜢
bīng,蜢
meh,蜢
khiong,蜣
sik,蜥
suat,蜥
lē,蜧
tia̍p,蜨
tsiat,蜨
tiâu,蜩
khun,蜫
hi̍k,蜮
huí,蜰
huî,蜰
uí,蜲
i̍k,蜴
sik,蜴
kuân,蜷
khûn,蜷
juē,蜹
gê,蜺
tshing,蜻
tsing,蜻
kó,蜾
uan,蜿
uán,蜿
tòng,蝀
tuat,蝃
tè,蝃
kho,蝌
tsik,蝍
giat,蝎
hat,蝎
biân,蝒
bīn,蝒
bīn-thâng,蝒蟲
būn-thâng,蝒蟲
bǔn-thâng,蝒蟲
gūn-thâng,蝒蟲
jû,蝓
si̍h,蝕
si̍k,蝕
sit,蝕
sit-ji̍t,蝕日
sit-li̍t,蝕日
sit-ge̍h,蝕月
sit-ge̍rh,蝕月
sit-gue̍h,蝕月
sit-guē,蝕月
sit-gēr,蝕月
si̍h-pún,蝕本
si̍h-pńg,蝕本
sī-pún,蝕本
si̍h-tāng,蝕重
hông,蝗
ián,蝘
pián,蝙
pián-hok,蝙蝠
jiû,蝚
ui,蝛
bui,蝛
huân,蝝
iân,蝝
uī,蝟
hok,蝠
juán,蝡
jún,蝡
iû,蝣
iû,蝤
tsiu,蝤
tsiû,蝤
bôo,蝥
mâu,蝥
hâ,蝦
hê,蝦
hê-jîn,蝦仁
hê-lîn,蝦仁
hê-á,蝦仔
hê-pi,蝦卑
hê-kńg,蝦卷
hê-kâu,蝦猴
hê-kô,蝦笱
hê-bí,蝦米
hê-kián,蝦繭
hê-kuê,蝦膎
hê-kê,蝦膎
hê-koo,蝦蛄
hê-koo-phiak-á,蝦蛄擗仔
hê-koo-phia̍k-á,蝦蛄擗仔
hê-koo-thâu,蝦蛄頭
sat,蝨
sik,蝨
sat-bó,蝨母
sat-bór,蝨母
sat-bú,蝨母
sat-pìn,蝨篦
thong,蝪
tōng,蝪
tsu,蝫
tè,蝭
tê,蝭
hok,蝮
uân,蝯
bîng,蝱
bông,蝱
hôo,蝴
ôo,蝴
ôo-tia̍p,蝴蝶
ia̍h,蝶
tia̍p,蝶
ia̍h-á,蝶仔
iā-á,蝶仔
ia̍h-á-siû,蝶仔泅
ia̍h-pô,蝶婆
tia̍p-sik,蝶式
ua,蝸
un,蝹
lâm,蝻
lâm-tsuâ,蝻蛇
thuè,螁
bông,螂
liông,螂
lông,螂
pông,螃
su,螄
hê,螇
guân,螈
ong,螉
liâm,螊
hiông,融
iông,融
iông-kuàn,融券
iông-ha̍p,融合
iông-tsu,融資
tsîn,螓
pi,螕
tông,螗
gí,螘
tòo,螙
má,螞
bîng,螟
hîng,螢
îng,螢
îng-bōo,螢幕
ti̍k,螣
tîng,螣
tshong,螥
sik,螫
tsô,螬
lî,螭
tài,螮
tè,螮
gô,螯
ngôo,螯
lo̍k,螰
tsik,螲
tông,螳
tông-bông,螳螂
phiau,螵
lê,螺
lêr,螺
lôo,螺
lê-á,螺仔
lê-á-kuí,螺仔鬼
lôo-si,螺絲
lôo-si-káng,螺絲港
lôo-si-ká,螺絲絞
lôo-si-ting,螺絲釘
lê-iâng,螺陽
lôo,螻
khím,螼
tsiong,螽
în,螾
tshiang,螿
tshiong,螿
tsiong,螿
tsionn,螿
tsiunn,螿
tsionn-tsû,螿蜍
tsiunn-tsî,螿蜍
tsiunn-tsîr,螿蜍
tsiunn-tsû,螿蜍
sut,蟀
bûn,蟁
ti̍k,蟄
ti̍p,蟄
ti̍t,蟄
bo̍k,蟆
bôo,蟆
bo̍k,蟇
bôo,蟇
kok,蟈
liú,蟉
liû,蟉
mâu,蟊
sih,蟋
sik,蟋
sik-sut,蟋蟀
sik-suì,蟋蟀
tik-sut,蟋蟀
sih-sut-á,蟋蟀仔
pi,蟌
tsiang,蟑
tsiong,蟑
tsionn,蟑
tsiunn,蟑
báng,蟒
bóng,蟒
tshuì,蟕
ti̍k,蟘
phîng,蟛
kiáu,蟜
phiat,蟞
piat,蟞
liâu,蟟
huân,蟠
hí,蟢
ki,蟣
kí,蟣
hông,蟥
huì,蟦
lô,蟧
lâ,蟧
lâ-giâ,蟧蜈
lâ-giâ-tshia,蟧蜈車
khuat,蟨
kuat,蟨
huī,蟪
sîm,蟫
tham,蟫
îm,蟫
siân,蟬
siân--á,蟬仔
siân-á,蟬仔
siân-ni,蟬蠳
siān,蟮
siān-ang-á,蟮尪仔
sin-lâng,蟮螂
siān-lâng,蟮螂
sīn-lâng,蟮螂
siān-lâng-á,蟮蟲仔
siān-thâng-á,蟮蟲仔
siān-tâng-á,蟮蟲仔
siān-âng-á,蟮蟲仔
sîn-âng-á,蟮蟲仔
giâu,蟯
giô,蟯
jiâu,蟯
liâu,蟯
ngia̍uh,蟯
giô-á,蟯仔
giô-pe,蟯桮
giô-pue,蟯桮
giôr-pue,蟯桮
giô-pe-á,蟯桮仔
ngia̍uh-ngia̍uh-sô,蟯蟯趖
bû,蟱
thiông,蟲
thâng,蟲
thâng-á,蟲仔
thâng-thuā,蟲豸
sîm,蟳
tsîm,蟳
tsîm-á,蟳仔
tsîm-kóng,蟳管
tsîm-ko,蟳膏
than,蟶
tshing,蟶
huē,蟹
hāi,蟹
hē,蟹
siān,蟺
gí,蟻
hiā,蟻
siâm,蟾
siâm-sîr,蟾蜍
khè,蟿
kè,蟿
hióng,蠁
ló,蠃
lô,蠃
khîm,蠄
sîn,蠅
sîng,蠅
māi,蠆
tshài,蠆
tsi̍k,蠈
huân,蠉
sio̍k,蠋
tsiok,蠋
giat,蠍
iat,蠍
giat-á,蠍仔
tsê,蠐
îng,蠑
báng,蠓
bóng,蠓
báng-á,蠓仔
báng-á-tsuí,蠓仔水
báng-á-hun,蠓仔薰
báng-á-hiunn,蠓仔香
báng-tiùnn,蠓帳
báng-sut-á,蠓捽仔
báng-tà,蠓罩
báng-tàu,蠓罩
báng-thâng,蠓蟲
hô,蠔
jû,蠕
lùn,蠕
lû,蠕
hōo,蠖
tsia̍t,蠘
tshi̍h,蠘
tshi̍h-á,蠘仔
pin,蠙
bia̍t,蠛
huân,蠜
la̍h,蠟
la̍p,蠟
la̍h-tiâu,蠟條
la̍h-tsik,蠟燭
la̍h-pit,蠟筆
la̍h-tsuá,蠟紙
bi̍t,蠠
lé,蠡
lê,蠡
lô,蠡
tshún,蠢
lē,蠣
tòo,蠧
tsû,蠩
lông,蠪
hong,蠭
iat,蠮
kóo,蠱
kuan,蠲
hê,蠵
thâm,蠶
tshâm,蠶
tshân,蠶
thâm-á,蠶仔
tshân-tāu,蠶豆
tòo,蠹
bân,蠻
bân-phuê,蠻皮
bân-phê,蠻皮
bân-phuê-sián,蠻皮癬
bân-phê-sián,蠻皮癬
bân-bân,蠻蠻
tsia̍t,蠽
sio̍k,蠾
tsiok,蠾
hiat,血
hueh,血
huih,血
hueh-tàng,血凍
huih-tàng,血凍
hueh-hîng,血型
huih-hîng,血型
hueh-ap,血壓
huih-ap,血壓
hueh-pang-suann,血崩山
huih-pang-suann,血崩山
hueh-phō-sim,血抱心
huih-phō-sim,血抱心
hueh-kong-sim,血攻心
huih-kong-sim,血攻心
hiat-hūn,血暈
hueh-khì,血氣
huih-khì,血氣
hueh-tsuí,血水
huih-tsuí,血水
hueh-i̍k,血液
huih-i̍k,血液
hueh-tshing,血清
huih-tshing,血清
hueh-tái,血滓
huih-tái,血滓
hueh-kiû,血球
huih-kiû,血球
hueh-gâm,血癌
huih-gâm,血癌
hueh-kin,血筋
huih-kun,血筋
hueh-kńg,血管
huih-kńg,血管
hiat-thóng,血統
hueh-si,血絲
huih-si,血絲
hiat-iân,血緣
hueh-me̍h,血脈
huih-me̍h,血脈
hueh-sik,血色
huih-sik,血色
hueh-ham,血蚶
huih-ham,血蚶
hiat-tshin,血親
hueh-kak,血角
huih-kak,血角
hueh-jiah,血跡
huih-liah,血跡
hiat-lōo,血路
hueh-lōo,血路
huih-lōo,血路
hong,衁
lok,衂
phue,衃
jio̍k,衄
lok,衄
hùn,衅
tsiòng,衆
jī,衈
khik,衉
bia̍t,衊
hik,衋
hīng,行
hâng,行
hîng,行
kiânn,行
lîng,行
hîng-sū-li̍k,行事曆
hîng-sú,行使
hâng-lia̍t,行列
hîng-tōng,行動
kiânn--khì,行去
kiânn--khìr,行去
kiânn--khì--ah,行去矣
hâng-guân,行員
hâng-uân,行員
hîng-thian-kiong,行天宮
kiânn-suann,行山
hâng-khòo,行庫
kiânn-āu-bué-mn̂g,行後尾門
kiânn-āu-bé-mn̂g,行後尾門
kiânn-suá,行徙
hâng-tsîng,行情
hîng-tsìng,行政
hîng-bûn,行文
hîng-tshenn,行星
hîng-tshinn,行星
kiânn-tshun,行春
hîng-lí,行李
kiânn-kî,行棋
hâng-gia̍p,行業
kiânn-khì,行氣
hîng-uî,行為
kiânn-té-lōo,行短路
kiânn-lé,行禮
hîng-thîng,行程
hîng-tîng,行程
kiânn-king,行經
kiânn-tsûn,行船
kiânn-tsûn-lâng,行船人
hâng-hō,行號
kiânn-buē-khui-kha,行袂開跤
kiânn-bē-khui-kha,行袂開跤
kiânn-kha-hue,行跤花
kiânn-lōo,行路
kiânn-lōo-kang,行路工
kiânn-ta̍h,行踏
hîng-tsong,行蹤
hîng-tshia,行車
hîng-kun,行軍
kiânn-thàu-thàu,行透透
kiânn-ūn,行運
hâng-kau,行郊
hîng-i,行醫
hîng-siau,行銷
ián,衍
ián-sing,衍生
khàn,衎
khán,衎
hiân,衒
hiān,衒
su̍t,術
su̍t-á,術仔
tông,衕
hāng,衖
kai,街
ke,街
kere,街
kue,街
ke-á,街仔
kue-á,街仔
ke-á-lōo,街仔路
kue-á-lōo,街仔路
ke-tshī,街市
kue-tshī,街市
ke-bú,街舞
ke-lōo,街路
kue-lōo,街路
ke-thâu,街頭
kue-thâu,街頭
gê,衙
gê-mn̂g,衙門
gê-mn̂g-kháu,衙門口
hôo,衚
ôo,衚
uē,衛
uē-ping,衛兵
uī-ping,衛兵
uē-kàu,衛教
uī-kàu,衛教
uē-tshenn,衛星
uē-tshinn,衛星
uī-tshenn,衛星
uī-tshinn,衛星
uē-bú-iânn,衛武營
uē-i̍k,衛浴
uī-i̍k,衛浴
uē-sing,衛生
uī-sing,衛生
uē-sing-kio̍k,衛生局
uē-sing-tī,衛生箸
uē-sing-tū,衛生箸
uē-sing-tsuá,衛生紙
uī-sing-tsuá,衛生紙
tshiong,衝
tshìng,衝
tshóng,衝
tshiong-tōng,衝動
tshiong-kik,衝擊
tshóng-pōng,衝碰
tshiong-tu̍t,衝突
uē,衞
hîng,衡
kû,衢
i,衣
ui,衣
pió,表
piáu,表
piáu-hiann,表兄
piáu-hiann-tī,表兄弟
piáu-tsé,表姊
piáu-tsí,表姊
piáu-sió-bē,表小妹
piáu-sió-muē,表小妹
piáu-sió-tī,表小弟
piáu-tsân,表層
piáu-tsiong,表彰
piáu-tsîng,表情
piáu-thài,表態
piáu-iông,表揚
piáu-bîng,表明
pió-keh,表格
piáu-kuat,表決
piáu-ián,表演
piáu-hiān,表現
piáu-pi̍k,表白
piáu--ê,表的
piáu-sī,表示
piáu-tshin,表親
piáu-ta̍t,表達
piáu-bīn,表面
tshà,衩
sam,衫
sann,衫
sann-á-king,衫仔弓
sann-á-kè,衫仔架
sann-á-tû,衫仔櫥
sann-á-ki,衫仔裾
sann-á-ku,衫仔裾
sann-á-khòo,衫仔褲
sann-king-á,衫弓仔
sann-kè-á,衫架仔
sann-tû,衫櫥
hu,衭
hû,衭
kún,衮
hun,衯
sue,衰
sue-bái,衰䆀
sue-bué,衰尾
sue-bé,衰尾
sue-bué-tō-jîn,衰尾道人
sue-bé-tō-lîn,衰尾道人
sue-jio̍k,衰弱
sue-lio̍k,衰弱
sue-bî,衰微
sue-pāi,衰敗
sue-ōng,衰旺
sue-siâu,衰潲
sue-siâu-ūn,衰潲運
sue-thè,衰退
sue-ūn,衰運
sue-tuê,衰頹
kiap,衱
kip,衱
la̍p,衲
ji̍t,衵
lik,衵
li̍k,衵
thiong,衷
kuí,衼
jím,衽
khim,衾
khim,衿
kim,衿
kun,袀
uân,袁
buē,袂
buě,袂
bē,袂
māi,袂
buē-bái,袂䆀
bē-bái,袂䆀
buē-tshun-tshia,袂伸捙
bē-tshun-tshia,袂伸捙
buē sái,袂使
buē-saih,袂使
buē-sái,袂使
buě-sái,袂使
bē-saih,袂使
bē-sái,袂使
buē-saih-eh,袂使得
buē-saih-lit,袂使得
buē-saih-tsit,袂使得
buē-sái-tit,袂使得
bē-saih-eh,袂使得
bē-saih-lit,袂使得
bē-saih-tsit,袂使得
bē-sái-tit,袂使得
buē-tsuè--tit,袂做得
bē-tsò--tit,袂做得
buē-phok-ké-phok,袂博假博
bē-phok-ké-phok,袂博假博
buē ha̍h,袂合
bē ha̍h,袂合
buē-hô,袂和
bē-hô,袂和
buē-hô-puânn,袂和盤
bē-hô-puânn,袂和盤
buē-kham-eh,袂堪得
buē-kham-lit,袂堪得
buē-kham-tit,袂堪得
buē-kham-tsit,袂堪得
bē-kham-eh,袂堪得
bē-kham-lit,袂堪得
bē-kham-tit,袂堪得
bē-kham-tsit,袂堪得
buē-tit,袂得
bē-tit,袂得
buē-tit-thang,袂得通
bē-tit-thang,袂得通
buē-tit kè,袂得過
bē-tit kuè,袂得過
buē-tú-hó,袂拄好
bē-tú-hó,袂拄好
buē àn-sǹg,袂按算
bē àn-sǹg,袂按算
buē tsih-la̍t,袂接力
bē tsih-la̍t,袂接力
buē-siu-suann,袂收山
bē-siu-suann,袂收山
buē-hiáng,袂曉
buē-hiáu,袂曉
buě-hiáu,袂曉
bē-hiáng,袂曉
bē-hiáu,袂曉
buē-hiáu-sue,袂曉衰
bē-hiáu-sue,袂曉衰
buē pháinn,袂歹
bē pháinn,袂歹
buē-sóng,袂爽
bē-sóng,袂爽
buē-īng--tit,袂用得
buē-īng-eh,袂用得
buē-īng-lit,袂用得
buē-īng-tit,袂用得
buē-īng-tsit,袂用得
buě-ǐng--tit,袂用得
bē-īng--eh,袂用得
bē-īng-eh,袂用得
bē-īng-lit,袂用得
bē-īng-tit,袂用得
bē-īng-tsit,袂用得
buē-tàng,袂當
buě-tàng,袂當
bē-tàng,袂當
buē-ti̍t,袂直
bē-ti̍t,袂直
buē-khuànn-kháu,袂看口
bē-khuànn-kháu,袂看口
buē-khuànn-kháu-tit,袂看口得
bē-khuànn-kháu-tit,袂看口得
buē-kha̍p--tit,袂磕得
bē-kha̍p--tit,袂磕得
buē-huan-tshia,袂翻捙
bē-huan-tshia,袂翻捙
buē-iàu-kín,袂要緊
buē-á-kín,袂要緊
bē-iàu-kín,袂要緊
buē-kìnn-tsìng,袂見眾
bē-kìnn-tsìng,袂見眾
buē-kiàn-siàu,袂見笑
bē-kiàn-siàu,袂見笑
buē-kì-eh,袂記得
buē-kì-lit,袂記得
buē-kì-tit,袂記得
buē-kì-tsit,袂記得
bē-kì-eh,袂記得
bē-kì-lit,袂記得
bē-kì-tit,袂記得
bē-kì-tsit,袂記得
buē-kóng-eh,袂講得
buē-kóng-lit,袂講得
buē-kóng-tit,袂講得
buē-kóng-tsit,袂講得
bē-kóng-eh,袂講得
bē-kóng-lit,袂講得
bē-kóng-tit,袂講得
bē-kóng-tsit,袂講得
buē-hù,袂赴
bē-hù,袂赴
buē-hù-tshī,袂赴市
bē-hù-tshī,袂赴市
buē-su,袂輸
bē-su,袂輸
buē-su-kóng,袂輸講
bē-su-kóng,袂輸講
buē-tsia̍h-buē-khùn,袂食袂睏
bē-tsia̍h-bē-khùn,袂食袂睏
ka,袈
líng,袊
tāi,袋
tē,袋
tēr,袋
těr,袋
tē-á,袋仔
tēr-á,袋仔
phàu,袍
phâu,袍
pâu,袍
iàu,袎
áu,袎
siāu,袑
thán,袒
tsia,袓
tsī,袓
tsū,袓
siù,袖
siū,袖
siù-tin phok-bu̍t-kuán,袖珍博物館
tsín,袗
phànn,袙
hut,袚
phua̍h,袚
pua̍t,袚
phua̍h-kin,袚巾
phua̍h-kun,袚巾
phua̍h-liān,袚鍊
tí,袛
kún,袞
kún-song,袞桑
phuàn,袢
bōo,袤
thok,袥
hiân,袨
hiān,袨
khu,袪
phuē,被
phē,被
phēr,被
pī,被
phēr-iāng,被偝
pī-tōng,被動
pī-kò,被告
phuē-tuann,被單
phē-tuann,被單
phuē-long,被囊
phuē-lông,被囊
phē-long,被囊
phē-lông,被囊
pī-hāi,被害
pī-hāi-jîn,被害人
pī-hāi-lîn,被害人
pī-pik,被迫
ho̍k,袱
khuà,袴
khòo,袴
jím,袵
khap,袷
kiap,袷
khiat,袺
kiat,袺
jî,袻
kok,袼
jû,袽
tsu,袾
in,裀
tshâi,裁
tshâi-to,裁刀
tshâi-phuànn,裁判
tshâi-guân,裁員
tshâi-uân,裁員
tshâi-tīng,裁定
tshâi-kuat,裁決
tshâi-sī,裁示
tshâi-hông,裁縫
tshâi-hông-tiàm,裁縫店
tshâi-hông-tshia,裁縫車
tshâi-hông-tshia-á,裁縫車仔
liah,裂
lia̍t,裂
li̍h,裂
li̍h-sai-sai,裂獅獅
li̍h-hûn,裂痕
li̍h--khui,裂開
khùn,裉
niáu,裊
sū,裋
tuán,裋
kiap,裌
kiap-hiû,裌裘
khún,裍
thíng,裎
thîng,裎
tîng,裎
lí,裏
piô,裒
pôo,裒
è,裔
ì,裔
jī,裕
jū,裕
lū,裕
kiû,裘
hiû,裘
hiû-á,裘仔
kûn,裙
ip,裛
póo,補
póo-sióng,補償
póo-siông,補償
póo-tshiong,補充
póo-tang,補冬
póo-tsōo,補助
póo-tsōo-huì,補助費
póo-tsōo-kim,補助金
póo tshuì-khí,補喙齒
póo-kiông,補強
póo-kiù,補救
póo-hāu,補校
póo-tsìng,補正
póo-thiam,補添
póo-thinn,補添
póo-bîn,補眠
póo-phuà-bāng,補破網
póo-thīnn,補紩
póo-kip,補給
póo-kiáu,補繳
póo-si̍p,補習
póo-io̍h,補藥
póo-hueh,補血
póo-huih,補血
póo-thiap,補貼
póo-tsiok,補足
póo-ūn,補運
póo-ūn-tsînn,補運錢
póo-suán,補選
póo-tiánn,補鼎
tsng,裝
tsong,裝
tsong-pī,裝備
tsong-hông,裝潢
tsong-kah,裝甲
tsng-siáu--ê,裝痟的
tsong-tì,裝置
sa,裟
se,裟
lí,裡
thám,裧
tshiam,裧
pi,裨
pî,裨
lîng,裬
tshiong,裮
tiû,裯
to,裯
tû,裯
tuat,裰
piáu,裱
siông,裳
puê,裴
pâi,裴
puê,裵
hui,裶
lōo,裸
kó,裹
kóo,裹
iám,裺
tok,裻
thik,裼
theh,裼
tsè,製
tsì,製
tsè-tsok,製作
tsè-phín,製品
tsè-sîng,製成
tsè-pò,製播
tsè-pòo,製播
tsè-huat,製法
tsè-phìnn,製片
tsè-io̍h,製藥
tsè-tsō,製造
ki,裾
ku,裾
kuà,褂
thè,褅
tè,褅
sī,褆
hok,複
ho̍k,複
ho̍k-lī,複利
ho̍k-ha̍p,複合
ho̍k-sím,複審
ho̍k-si̍p,複習
ho̍k-sài,複賽
ho̍k-tsa̍p,複雜
hē,褉
pián,褊
khun,褌
kun,褌
hat,褐
uān,褑
po,褒
poo,褒
por,褒
po-so,褒嗦
po-lo-so,褒囉嗦
po-lô-so,褒囉嗦
po-tiong-tîng,褒忠亭
po-tiong-hiong,褒忠鄉
po-kua,褒歌
po-tsióng,褒獎
pó,褓
jû,褕
thuàn,褖
ián,褗
uî,褘
puè,褙
pè,褙
thí,褚
thú,褚
tsú,褚
thí-uán,褚阮
thí-uínn,褚阮
thí-ńg,褚阮
thú-uán,褚阮
thú-ńg,褚阮
tap,褟
koo,褠
tap,褡
huâi,褢
jio̍k,褥
lio̍k,褥
gio̍k,褥
nāi,褦
kíng,褧
thuìnn,褪
thùn,褪
thǹg,褪
thǹg-khak,褪殼
thǹg-mn̂g,褪毛
thǹg-moo,褪毛
thǹg-phuê,褪皮
thǹg-phê,褪皮
thǹg-phuà-theh,褪破裼
thuìnn-pak-theh,褪腹裼
thǹg-bak-theh,褪腹裼
thǹg-bat-theh,褪腹裼
thǹg-pak-theh,褪腹裼
thǹg-pat-theh,褪腹裼
thǹg-phat-theh,褪腹裼
thǹg-sann,褪衫
thǹg-khòo,褪褲
thǹg-khòo-lān,褪褲𡳞
thǹg-tshiah-kha,褪赤跤
thǹg-tsiah-kha,褪赤跤
thǹg-khí,褪齒
thí,褫
thí--khui,褫開
niáu,褭
tsià,褯
khian,褰
kián,褰
huâi,褱
khòo,褲
khòo-tuà,褲帶
khòo-tuà kat sio-liâm,褲帶結相黏
khòo-tē-á,褲袋仔
khòo-kha,褲跤
khòo-thâu,褲頭
liân,褳
lî,褵
si̍p,褶
lú,褸
gē,褹
siat,褻
tshian,褼
tsioh,襀
kióng,襁
iū,襃
siang,襄
siong,襄
siong-lí,襄理
pok,襆
kíng,襇
tshuat,襊
kik,襋
puat,襏
jiâu,襓
to̍k,襗
huē,襘
kuè,襘
tsing,襘
suī,襚
lông,襛
liâm,襜
tshiam,襜
liâm,襝
tshiam,襝
phik,襞
phé,襞
khim,襟
khim-hing,襟胸
khîm-hing,襟胸
tong,襠
sio̍k,襡
siān,襢
thán,襢
pī,襣
lâm,襤
lâm-lâm-luì-luì,襤襤褸褸
jû,襦
sio̍k,襩
to̍k,襩
be̍h,襪
be̍rh,襪
bua̍t,襪
bue̍h,襪
be̍h-á,襪仔
be̍rh-á,襪仔
bue̍h-á,襪仔
buē-á,襪仔
bēr-á,襪仔
sik,襫
khiat,襭
phok,襮
tshàn,襯
tshìn,襯
liông,襱
lông,襱
si̍p,襲
si̍t,襲
siam,襳
tshiam,襳
lân,襴
liap,襵
tsiap,襵
tài,襶
kián,襺
phàn,襻
hà,襾
sai,西
se,西
si,西
se-guân,西元
sai-to-tsi̍h,西刀舌
sai-sì,西勢
sai-pak,西北
sai-pak-hōo,西北雨
sai-pak-hǒo,西北雨
sai-khu,西區
se-khu,西區
se-lâm,西南
se-thian,西天
se-á-uân,西子灣
sai-tūn-khu,西屯區
se-tūn-khu,西屯區
se-huānn,西岸
sai-sū-hiong,西嶼鄉
se-sik,西式
se-sit,西式
se-hong,西方
se-li̍k,西曆
se-au,西歐
se-iûnn,西洋
se-iûnn-lâng,西洋人
sai-káng-á,西港仔
sai-káng-khu,西港區
se-ôo,西湖
se-ôo-hiong,西湖鄉
sai-tsiò-ji̍t,西照日
sai-tsiò-li̍t,西照日
sai-pîng,西爿
se-kue,西瓜
si-kue,西瓜
se-tsîn-ông-iâ,西秦王爺
se-io̍h,西藥
se-io̍h-pâng,西藥房
sai-lê-tìn,西螺鎮
se-tsong,西裝
se-tsìn,西進
se-pōo,西部
se-pōo-kàn-suànn,西部幹線
se-i,西醫
se-mn̂g,西門
se-mn̂g-ting,西門町
se-tshan,西餐
iau,要
iàu,要
iàu-kiānn,要件
iàu-ì,要意
iau-kiû,要求
iàu-sòo,要素
iàu-kín,要緊
iàu-tō,要道
iàu-líng,要領
iàu-tiám,要點
huān,覂
hōng,覂
sîm,覃
thâm,覃
tsîm,覃
sím,覃
hok,覆
phak,覆
phak-tshài,覆菜
pà,覇
hi̍k,覈
hu̍t,覈
ki,覊
kìnn,見
kiàn,見
khiàn,見
kìnn-kong-hāu,見功效
khiàn-thian,見天
kiàn-kuài,見怪
kiàn-pái,見擺
kiàn-hāu,見效
kiàn-pún,見本
kìnn-tsin,見真
kìnn-tsin-tiunn,見真張
kiàn-siàu,見笑
kiàn-siàu-tāi,見笑代
kiàn-siàu-hue,見笑花
kiàn-siàu-tsháu,見笑草
kiàn-gī-ióng-uî,見義勇為
kiàn-si̍p,見習
kiàn-nā,見若
kìnn-nā,見若
kiàn-kái,見解
kiàn-tsìng,見證
kiàn-sik,見識
kìnn-bīn,見面
kuan,覌
kuàn,覌
kui,規
kui-sì-lâng,規世人
kui-ê,規个
kui-tsik,規則
kui-tshing-bān,規千萬
kui-puànn-kang,規半工
kui-puànn-poo,規半晡
kui-uang-kui-kuah,規嚾規括
kui-uang-kui-tóng,規嚾規黨
kui-tui,規堆
kui-tuā-tui,規大堆
kui-tīng,規定
kui-ke-hué-á,規家伙仔
kui-ke-hé-á,規家伙仔
kui-suann-phiânn,規山坪
kui-kang,規工
kui-nî-thàng-thinn,規年迵天
kui-lu̍t,規律
kui-sim,規心
kui-ji̍t,規日
kui-li̍t,規日
kui-poo,規晡
kui-poo-kú,規晡久
kui-keh,規格
kui-bôo,規模
kui-khì,規氣
kui-pîng,規爿
kui-uē,規畫
kui-kí,規矩
kui-kú,規矩
kui-uánn-phâng,規碗捀
kui-tsiong,規章
kui-huān,規範
kui-pak-hué,規腹火
kui-pak-hé,規腹火
kui-huì,規費
kui-lōo,規路
kui-sin-khu,規身軀
kui-tīn,規陣
kui bīn,規面
kak,覐
bi̍k,覓
buâ,覓
bā,覓
bǎ,覓
māi,覓
bā-kere-á,覓雞仔
buā-kue-ing,覓雞鷹
bā thâu-lōo,覓頭路
bā-tsia̍h,覓食
bi̍k,覔
bia̍t,覕
bih,覕
bih-tshuì,覕喙
bih-sio-tshuē,覕相揣
bih-sio-tshē,覕相揣
bih-sior-tshuē,覕相揣
bih--khí-lâi,覕起來
bih-hōo,覕雨
bih-ām-iaunn,覕頷喓
bih-tshiu,覕鬚
sī,視
sī-li̍k,視力
sī-tshat,視察
sī-suànn,視線
sī-kak,視覺
sī-sìn,視訊
sī-iá,視野
su,覗
tiam,覘
bi̍k,覛
thiàu,覜
tsì,覟
hi̍k,覡
jû,覦
lám,覧
tóo,覩
tshenn,親
tshin,親
tshinn,親
tshin-sū,親事
tshin-lâng,親人
tshan-tshiūnn,親像
tshin-tshiūnn,親像
tshin-tshiat,親切
tshin-iú,親友
tshin-hô,親和
tshin-hô-li̍k,親和力
tshin-siān,親善
tshin-tshuì,親喙
tshin-tông,親堂
tshenn-ḿ,親姆
tshinn-ḿ,親姆
tshenn-ḿ-pô,親姆婆
tshinn-ḿ-pô,親姆婆
tshin-tsú,親子
tshin-ke,親家
tshing-ke,親家
tshin-ke-kong,親家公
tshin-bi̍t,親密
tshin-sio̍k,親屬
tshin-tsiânn,親情
tshin-tsîng,親情
tshin-tsiânn-gōo-tsa̍p,親情五十
tshin-ài,親愛
tshin-tshik,親戚
tshin-hòo-hòo,親戽戽
tshin-tshiú,親手
tshin-tso̍k,親族
tshin-jia̍t,親熱
tshin-lia̍t,親熱
tshin-senn,親生
tshin-sinn,親生
tshin-tha̍h-tshin,親疊親
tshin-ba̍k,親目
tshin-pit,親筆
tshin-tsū,親自
tshin-sin,親身
tshin-kīn,親近
tshin-kūn,親近
tshin-kut-jio̍k,親骨肉
tshin-kut-lio̍k,親骨肉
khái,覬
kì,覬
bîng,覭
kòo,覯
kīn,覲
lô,覶
tshù,覷
hán,覸
kàn,覸
kak,覺
kak-gōo,覺悟
kak-ngōo,覺悟
kak-tshénn,覺醒
kak-tshínn,覺醒
lô,覼
lám,覽
to̍k,覿
kuan,觀
kuàn,觀
kuan-kong,觀光
kuan-tsîng-kòo-āu,觀前顧後
kuan-tshat,觀察
kuan-liām,觀念
kuan-sióng,觀想
kuan-kám,觀感
kuan-môo,觀摩
kuan-bōng,觀望
kuan-tshik,觀測
kuan-tsiàu,觀照
kuan-khuànn,觀看
kuan-tsiòng,觀眾
kuan-sióng,觀賞
kuan-im,觀音
kuan-im-khu,觀音區
kuan-im-sī,觀音寺
kuan-im-suann,觀音山
kuan-im-tik,觀音竹
kuan-tiám,觀點
kak,角
kak-sì,角勢
kak-tōo,角度
kak-pán-suann,角板山
kak-kue,角瓜
kak-kóng,角管
kak-sik,角色
kak-phang,角蜂
kak-thâu,角頭
kak-kóo,角鼓
kak-khí,角齒
kun,觔
tshiok,觕
tshoo,觕
khuat,觖
kuat,觖
koo,觚
tsui,觜
tí,觝
huá,觟
hāi,觟
kik,觡
kuè,解
kè,解
kué,解
kái,解
ké,解
kái-eh,解厄
kái-giâm,解嚴
kái-uî,解圍
kái-thò,解套
kái-koo-thé,解姑體
kái-sim-būn,解心悶
kái-būn,解悶
kái-tshiû,解愁
kái-hòng,解放
kái-kiù,解救
kái-sàn,解散
kái-sik,解析
kái-to̍k,解毒
kái-kuat,解決
kái-má,解碼
kái-kìm,解禁
kái-tap,解答
kái-tshiam,解籤
kái-tshiam-si,解籤詩
kái-iok,解約
kái-thuat,解脫
kái-seh,解說
kái-sueh,解說
kái-tho̍k,解讀
kái-tsiú,解酒
kái-sik,解釋
kái-tû,解除
kái-thé,解體
king,觥
kong,觥
kái,觧
kiû,觩
sok,觫
khi,觭
kî,觭
tánn,觰
pi,觱
pit,觱
pi-á,觱仔
sin,觲
khok,觳
kho̍k,觳
khok-á,觳仔
khok-á-te,觳仔炱
khóo-á-te,觳仔炱
khok-á-piánn,觳仔餅
siong,觴
king,觵
kong,觵
tì,觶
tshik,觸
tshiok,觸
tak,觸
tak-tshuì,觸喙
tshik-ì,觸意
tshiok-huān,觸犯
tak-tînn,觸纏
tak-tsi̍h,觸舌
tak-liú-á,觸鈕仔
kuat,觼
hê,觿
giân,言
gân,言
giân-hîng,言行
giân-sû,言詞
giân-gí,言語
giân-gú,言語
giân-lūn,言論
tìng,訂
tīng,訂
tīng-tsuè,訂做
tīng-tsò,訂做
tīng-tuann,訂單
tīng-hun,訂婚
tīng-tīng,訂定
tīng-hōo,訂戶
tīng-tsè,訂製
tīng-huè,訂貨
tīng-hè,訂貨
hù,訃
hù-im,訃音
kiû,訄
kiû,訅
kiàu,訆
hông,訇
ing,訇
kè,計
kì,計
kè-tì,計智
kè-uē,計畫
khè-thîng-tshia,計程車
kè-thîng-tshia,計程車
kè-tîng-tshia,計程車
kè-tshik,計策
kè-sǹg,計算
kè-biô,計謀
kè-bôo,計謀
kè-kàu,計較
sìn,訊
sìn-sit,訊息
sìn-hō,訊號
hông,訌
kong,訌
thó,討
thóo,討
thór,討
thó-jîn-tsîng,討人情
thó-lîn-tsîng,討人情
thó-tsè,討債
thó-tsè-kiánn,討債囝
thó-ià,討厭
thó-miā,討命
thó-khuè-hiann,討契兄
thó-khè-hiann,討契兄
thó-siàu,討數
thó-hái,討海
thó-hái-lâng,討海人
thó-phuê-thiànn,討皮疼
thó-phê-thiànn,討皮疼
thó-sue,討衰
thó-sue-siâu,討衰潲
thó-lūn,討論
thó-thàn,討趁
thó-tsînn,討錢
thó-tsia̍h,討食
thó-iâm-senn,討鹽生
thó-iâm-sinn,討鹽生
hú,訏
khiat,訐
si,訑
jīm,訒
hùn,訓
hùn-liān,訓練
san,訕
siàn,訕
sàn,訕
suān,訕
suan-siah,訕削
suān-siah,訕削
suan-siâu,訕潲
suān-siâu,訕潲
gut,訖
thok,託
thok-hù,託付
thok-bāng,託夢
kì,記
kì-sìng,記性
kì-ik,記憶
kì-ik-thé,記憶體
kì-tî,記持
kì-siàu,記數
kì-tsiá,記者
kì-hō,記號
kì-jīn,記認
kì-līn,記認
kì-tsài,記載
kì-kò,記過
kì-lio̍k,記錄
kì-lo̍k,記錄
gô,訛
ngôo,訛
gā,訝
siōng,訟
sín,訠
hi,訢
him,訢
kuat,訣
lu̍t,訥
iû,訧
tsí,訨
hiong,訩
hóng,訪
hóng-būn,訪問
hóng-kheh,訪客
hóng-tsa,訪查
hóng-tâm,訪談
tshau,訬
siat,設
siat-sú,設使
siat-pī,設備
siat-tīng,設定
siat-kio̍k,設局
siat-tshiúnn,設廠
siat-sióng,設想
siat-si,設施
siat-huat,設法
siat-li̍p,設立
siat-iân-tâu,設緣投
siat-tì,設置
siat-kè,設計
khóo,許
hí,許
hír,許
hú,許
hí-khó,許可
hú-khó,許可
sòo,訴
sòo-kiû,訴求
sòo-tsn̄g,訴狀
honn,訶
sut,訹
tsín,診
tsín-tshat,診察
tsín-sóo,診所
tsín-tuàn,診斷
tsín-liâu,診療
tsù,註
tsù-tsheh,註冊
tsù-hó-hó,註好好
tsù-tiānn,註定
tsù-bîng,註明
tsù-sí,註死
tsù-senn-niû-niû,註生娘娘
tsù-sinn-niû-niû,註生娘娘
tsù-kái,註解
tsù-siau,註銷
tsìng,証
tshú,訾
tshû,訾
tshú,訿
tshû,訿
tiam,詀
tshiam,詀
tsām,詀
kóo,詁
tia̍t,詄
lîng,詅
tí,詆
leré,詈
lué,詈
lé,詈
lī,詈
lué-mā,詈罵
lâu,詉
lōo,詉
tsiù,詋
khàm,詌
kū,詎
iàu,詏
áu,詏
tsà,詐
tsà-khi,詐欺
tsà-niá,詐領
thô,詑
tô,詑
thài,詒
tâi,詒
î,詒
tsiàu,詔
phîng,評
phîng-kóo,評估
phîng-kè,評價
phîng-hun,評分
phîng-phuànn,評判
phîng-tīng,評定
phîng-sím,評審
phîng-pí,評比
phîng-gí,評語
phîng-gú,評語
phîng-lūn,評論
phîng-suán,評選
phîng-liông,評量
phîng-kàm,評鑑
phî,詖
pì,詖
híng,詗
khut,詘
thut,詘
tsóo,詛
thú,詝
sû,詞
sû-luī,詞彙
īng,詠
hú,詡
sûn,詢
gē,詣
hóng,詤
sì,試
tshì,試
tshì-siā,試射
tshì-thàm,試探
tshì-iōng,試用
tshì-khuànn,試看
tshì khuànn-māi,試看覓
tshì-māi,試覓
tshì-tshia,試車
tshì-pān,試辦
tshì-tuê,試題
tshì-tê,試題
tshì-pe,試飛
tshì-pue,試飛
tshì-giām,試驗
tshì kiâm-tsiánn,試鹹汫
tshì kiâm-tānn,試鹹淡
hau,詨
kau,詨
si,詩
si-jîn,詩人
si-lîn,詩人
si-tsok,詩作
si-kù,詩句
si-ì,詩意
si-kua,詩歌
si-sû,詩詞
hún,詪
khún,詪
kún,詪
thà,詫
tshà,詫
hōo,詬
kòo,詬
kāu,詬
kāu-kāu-liām,詬詬唸
khuí,詭
kuí,詭
kuí-kè,詭計
tshuan,詮
khiat,詰
huā,話
uā,話
uē,話
uē-jîn,話仁
uē-lîn,話仁
uē-á-jîn,話仔仁
uē-á-lîn,話仔仁
uē-sian,話仙
uē-kio̍k,話劇
uē-ki̍k,話劇
uē-bué,話尾
uē-bé,話尾
uē-sái,話屎
uē-pènn,話柄
uē-pìnn,話柄
uē-bó,話母
uē-bú,話母
uē-phāng,話縫
uē-sat,話蝨
uē-gí,話語
uē-gú,話語
uē-kuan,話關
uē-thâu,話頭
uē-tuê,話題
uē-tê,話題
uē-kut,話骨
kai,該
kai-sí,該死
kai-jiân,該然
kai-liân,該然
kai-tong,該當
siâng,詳
siông,詳
siông-tsîng,詳情
siông-tsīn,詳盡
siông-sè,詳細
sin,詵
siû,詶
tshiû,詶
tsiù,詶
tông,詷
tsiam,詹
bi,詺
gi̍k,詻
go̍k,詻
khe,詼
khue,詼
khue-sian,詼仙
khe-hâi,詼諧
khue-hâi,詼諧
gan,詽
hian,詽
kuà,詿
thiáu,誂
tshí,誃
luí,誄
tu,誅
khong,誆
khòng,誆
kòng,誆
khua,誇
khua-kháu,誇口
tsì,誌
gīn,認
jīn,認
līn,認
jīn-hūn,認份
līn-hūn,認份
jīn-tông,認同
līn-tông,認同
jīn-miā,認命
līn-miā,認命
jīn-tīng,認定
līn-tīng,認定
jīn-bat,認捌
līn-bat,認捌
jīn-uî,認為
līn-uî,認為
jīn-tsin,認真
līn-tsin,認真
jīn-ti,認知
līn-ti,認知
jīn-tsuē,認罪
līn-tsuē,認罪
jīn-tsìng,認證
līn-tsìng,認證
jīn-lōo,認路
līn-lōo,認路
jīn-su,認輸
līn-su,認輸
jīn-tshò,認錯
līn-tshò,認錯
jīn-niá,認領
līn-niá,認領
jīn-ióng,認養
līn-ióng,認養
tshì,誎
lóng,誏
lōng,誏
ngôo,誐
kòng,誑
hi,誒
sè,誓
sē,誓
tsuā,誓
sè-put-lióng-li̍p,誓不兩立
tàn,誕
tān,誕
tàn-sing,誕生
puē,誖
pu̍t,誖
iú,誘
iú-in,誘因
iú-hi̍k,誘惑
iú-kuái,誘拐
siàu,誚
gí,語
gír,語
gú,語
gí-bûn,語文
gú-bûn,語文
gí-khì,語氣
gú-khì,語氣
gí-huat,語法
gú-huat,語法
gí-gī,語義
gú-gī,語義
gí-giân,語言
gú-giân,語言
gí-tiāu,語調
gú-tiāu,語調
gí-im,語音
gú-im,語音
sîng,誠
tsiânn,誠
sîng-si̍t,誠實
tsiânn-si̍t,誠實
sîng-sim,誠心
sîng-ì,誠意
sîng-khún,誠懇
kài,誡
bû,誣
bû-luā,誣賴
gōo,誤
gōo-tsha,誤差
gōo-huē,誤會
gōo-kái,誤解
khò,誥
siōng,誦
siōng-king,誦經
phoo,誧
huè,誨
kīng,誩
seh,說
serh,說
suat,說
sueh,說
suè,說
suat-tshiùnn,說唱
seh-to-siā,說多謝
sueh-to-siā,說多謝
suè-kheh,說客
seh-bîng,說明
suat-bîng,說明
sueh-bîng,說明
suè-ho̍k,說服
seh-siā,說謝
sueh-siā,說謝
siâng,誰
suî,誰
tiâng,誰
tsiâ,誰
tsuî,誰
tsuī,誰
tsia̍t,誱
khuè,課
khè,課
khèr,課
khì,課
khìr,課
khò,課
khòo,課
khò-tn̂g,課堂
khò-bûn,課文
khò-pún,課本
khò-gia̍p,課業
khò-suè,課稅
khò-sè,課稅
khò-thîng,課程
khò-tîng,課程
khò-tiúnn,課長
khò-tuê,課題
khò-tê,課題
tsông,誴
suì,誶
tsuī,誶
tsu̍t,誶
bóng,誷
huí,誹
huí-pòng,誹謗
gî,誼
gī,誼
gûn,誾
tiāu,調
tiau,調
tiàu,調
tiâu,調
tiâu-thîng,調停
tiàu-tōng,調動
tiâu-hô,調和
tiàu-tōo,調度
tiâu-tsíng,調整
tiâu-tsa,調查
tiàu-phài,調派
tiâu-lí,調理
tiâu-tsiat,調節
thâu-king-á,調羹仔
tiàu-tsit,調職
tiâu-tsè,調製
tiâu-kái,調解
tiâu-phuè,調配
tiâu-phè,調配
tiâu-kàng,調降
tiâu-pîn,調頻
tiâu-ióng,調養
tsùn,諄
tun,諄
tâm,談
tâm-phuànn,談判
tâm-bûn,談文
tâm-uē,談話
tâm-lūn,談論
tâm-khí,談起
uí,諉
tshiánn,請
tshíng,請
tshiánn-lâng-kheh,請人客
tshíng-ká,請假
tshíng-bīng,請命
tshiánn-mn̄g,請問
tshiánn-tsē,請坐
tshíng-an,請安
tshiánn-thiap,請帖
tshíng-kàu,請教
tshiánn-toh,請桌
tshíng-kiû,請求
tshíng-sī,請示
tshiánn-sîn,請神
tshíng-tsuē,請罪
tshíng-sî,請辭
tshíng-guān,請願
tsènn,諍
tsìng,諍
tsìnn,諍
tsènn-tshuì,諍喙
tsìnn-tshuì,諍喙
tshòo,諎
tsik,諎
tsoo,諏
khian,諐
tok,諑
liāng,諒
liōng,諒
liōng-tsîng,諒情
liōng-kái,諒解
tshián,諓
tsian,諓
tsián,諓
hô,諕
lūn,論
lūn-tuânn,論壇
lūn-tsiàn,論戰
lūn-bûn,論文
lūn-tsin,論真
lūn-tiāu,論調
lūn-su̍t,論述
lūn-tiám,論點
sím,諗
piān,諚
jû,諛
jū,諛
tia̍p,諜
su,諝
sú,諝
phian,諞
pián,諞
pián-sian,諞仙
pián-sian-á,諞仙仔
sī,諟
suan,諠
gùn,諢
hūn,諢
go̍k,諤
tsiòng,諥
tè,諦
hâi,諧
kàn,諫
khé,諬
jī,諭
jū,諭
lū,諭
tsu,諮
tsu-siong,諮商
tsu-sûn,諮詢
tsuan,諯
huì,諱
in,諲
am,諳
hâm,諴
lâm,諵
sîm,諶
hóng,諷
tsi,諸
tsu,諸
ti-ló-sán,諸羅山
tsu-lô-san,諸羅山
tsu-kat,諸葛
iâng,諹
iông,諹
gān,諺
suan,諼
lo̍k,諾
hànn,諾
hioh,諾
tship,諿
biô,謀
biôr,謀
bôo,謀
môo,謀
bôo-tshú,謀取
bôo-sat,謀殺
bôo-tsâi-hāi-bīng,謀財害命
iat,謁
uī,謂
thîng,謄
thîng-pún,謄本
tshau,謅
tsháu,謅
tsoo,謅
siàn,謆
kián,謇
phok,謈
pâu,謈
hong,謊
hóng,謊
ko,謌
bē,謎
bī,謎
bî-tshai,謎猜
bī-tshai,謎猜
bi̍k,謐
tshong,謒
giok,謔
gio̍h,謔
hiok,謔
siok,謖
pòng,謗
khiam,謙
khiam-pi,謙卑
khiam-hi,謙虛
ik,謚
káng,講
kóng,講
kóng-bàng-gà,講bàng-gà
káng-sian-kóo,講仙古
kóng-sian-kóo,講仙古
kóng-kè,講價
káng-kóo,講古
kóng-kóo,講古
káng-tâi,講台
kóng-hô,講和
kóng-hau-siâu,講嘐潲
kóng hau-siâu-uē,講嘐潲話
káng-tn̂g,講堂
kóng tuā-siann-uē,講大聲話
kóng-hó,講好
káng-su,講師
káng-tsō,講座
kóng-tsîng,講情
kóng-gōng-uē,講戇話
káng-siū,講授
kóng-bîng,講明
káng-kiû,講求
kóng-huat,講法
káng-ián,講演
kóng-lí,講理
kóng-pe̍h-tsha̍t,講白賊
kóng-phuà,講破
káng-kiù,講究
kóng-tshiò,講笑
kóng-tshiò-khe,講笑詼
kóng-tshiò-khue,講笑詼
káng-gī,講義
káng-si̍p,講習
kóng-sńg-tshiò,講耍笑
kóng-tshin-tsiânn,講親情
káng-kái,講解
káng-phîng,講評
kóng-uē,講話
kóng-khí,講起
káng-su̍t,講述
kóng-thong-hô,講通和
kóng-thong-thò,講通套
siā,謝
tsiā,謝
siā-ì,謝意
siā-lîm,謝林
tsiā-lîm,謝林
siā-sîn,謝神
siā-lé,謝禮
siā-tsua̍t,謝絕
siā-tsuē,謝罪
siā-kim,謝金
siā-guān,謝願
hau,謞
tho,謟
iâu,謠
iâu-giân,謠言
khìng,謦
lî,謧
bôo,謨
siong,謪
tik,謫
biū,謬
tsián,謭
tsa,謯
lôo,謱
tsham,謲
io,謳
oo,謳
kùn,謴
gô,謷
gō,謷
ngôo,謷
ngōo,謷
kín,謹
kín-sīn,謹慎
tsip,謺
hoo,謼
hooh,謼
kiōng,謽
bān,謾
hàm,譀
hàm-kóo,譀古
hàm-kuā-kuā,譀呱呱
hàm-phu̍h,譀浡
hàm-uē,譀話
hàm-hàm,譀譀
hàm-kiànn,譀鏡
hua,譁
huā,譁
tshián,譂
hiok,譃
hu,譃
hi,譆
tshia,譇
tuī,譈
tsìn,證
tsìng,證
tsìng-kau-sóo,證交所
tsìng-jîn,證人
tsìng-lîn,證人
tsìng-kiānn,證件
tsìng-kuàn,證券
tsìng-si̍t,證實
tsìng-kì,證據
tsìng-kù,證據
tsìng-bîng,證明
tsìng-su,證書
tsìng-tsiàu,證照
lau,譊
gô,譌
ìng,譍
khiat,譎
ki,譏
tsún,譐
kiáu,譑
pò,譒
pòo,譒
huī,譓
tsuān,譔
bôo,譕
bû,譕
tshìm,譖
tsiàm,譖
tsìm,譖
sik,識
sit,識
tsiâu,譙
thâm,譚
tâm,譚
phóo,譜
phóo-khik,譜曲
sò,譟
tshò,譟
kìng,警
kíng,警
kíng-li̍k,警力
kíng-huí,警匪
kìng-kò,警告
kíng-kò,警告
kìng-guân,警員
kíng-uân,警員
kìng-pò,警報
kíng-pò,警報
kìng-kuann,警官
kíng-kuann,警官
kìng-tshat,警察
kíng-tshat,警察
kìng-tshat-kio̍k,警察局
kíng-tshat-kio̍k,警察局
kìng-kio̍k,警局
kíng-kio̍k,警局
kíng-kóng,警廣
kìng-kài,警戒
kíng-kài,警戒
kíng-tsìng,警政
kìng-hong,警方
kíng-hong,警方
kíng-siau,警消
kíng-kài,警界
kíng-uē,警衛
kíng-uī,警衛
kíng-kak,警覺
kìng-tshia,警車
kíng-tshia,警車
kìng-tiúnn,警長
kíng-tiúnn,警長
tsiam,譫
phì,譬
phì-jū,譬喻
phì-lū,譬喻
phì-jû,譬如
phì-lû,譬如
phì-siùnn,譬相
phì-lūn,譬論
phì-lūn-kóng,譬論講
huí,譭
huē,譮
hāi,譮
tsing,譮
i̍k,譯
i̍k-tsiá,譯者
gī,議
gī-sū,議事
gī-guân,議員
gī-uân,議員
gī-tiûnn,議場
gī-huē,議會
gī-àn,議案
gī-thîng,議程
gī-tîng,議程
gī-lūn,議論
gī-tiúnn,議長
gī-tuê,議題
gī-tê,議題
khiàn,譴
khián,譴
khiàn-sńg,譴損
khiàn-tsik,譴責
khián-tsik,譴責
hōo,護
hōo-sīr,護士
hōo-sū,護士
hōo-lân,護欄
hōo-nuâ,護欄
hōo-huat,護法
hōo-tsiàu,護照
hōo-tsiò,護照
hōo-lí,護理
hōo-puânn,護盤
hōo-hu,護膚
hōo-hâng,護航
hōo-uē,護衛
hōo-sin-hû,護身符
hōo-lîng,護龍
tiû,譸
tsiu,譸
hô,譹
gí,譺
ī,譽
ū,譽
tsián,譾
huī,譿
tha̍k,讀
tho̍k,讀
tōo,讀
tāu,讀
tha̍k-tsheh,讀冊
tha̍k-tsheh-lâng,讀冊人
tha̍k-tsir,讀書
tha̍k-tsu,讀書
tho̍k-pún,讀本
tha̍k-sí-tsheh,讀死冊
tho̍k-bu̍t,讀物
tho̍k-tsiá,讀者
tho̍k-im,讀音
luí,讄
piàn,變
pìnn,變
piàn-tsuè,變做
piàn-tsò,變做
piàn-tōng,變動
piàn-huà,變化
piàn-kuà,變卦
pìnn-siánn-báng,變啥魍
pìnn-sánn-báng,變啥魍
piàn-thinn,變天
pìnn-kang-gē,變工藝
pìnn-lāng,變弄
piàn-hîng,變形
piàn-sim,變心
piàn-thài,變態
piàn-sîng,變成
piàn-uānn,變換
piàn-lián,變撚
piàn-sòo,變數
piàn-king,變更
piàn-khuán,變款
pìnn-khuán,變款
piàn-pōo,變步
piàn-bô-lián,變無撚
pìnn-bô-lián,變無撚
piàn-bô-khang,變無空
pìnn-bô-khang,變無空
piàn-bô-lōo,變無路
pìnn-bô-lōo,變無路
pìnn-bô-báng,變無魍
pìnn-kâu-lāng,變猴弄
piàn-ī,變異
piàn-siòng,變相
pìnn-siùnn,變相
pìnn-khang,變空
pìnn-khang-pìnn-sún,變空變榫
piàn-khiàu,變竅
piàn-sik,變色
piàn-tsit,變質
piàn-thong,變通
piàn-sok,變速
piàn-suī,變遂
piàn-tshian,變遷
pìnn-bīn,變面
piàn-kik,變革
pìnn-kuí,變鬼
pìnn-kuí-pìnn-kuài,變鬼變怪
pìnn-báng,變魍
iàn,讌
go̍k,讍
siû,讎
tshâm,讒
giōng,讓
jiōng,讓
liōng,讓
niōo,讓
niū,讓
niū-uī,讓位
niū-tshiú,讓手
niū-pōo,讓步
jiōng-tōo,讓渡
liōng-tōo,讓渡
lân,讕
tshàm,讖
hi̍k,讗
liap,讘
huan,讙
tsàn,讚
tsán,讚
tsàn-iông,讚揚
tsàn-bí,讚美
gē,讛
tóng,讜
gia̍t,讞
hiàn,讞
to̍k,讟
kok,谷
tshian,谸
hâ,谺
hâm,谽
hê,谿
khe,谿
hê,豀
khe,豀
hat,豁
tāu,豆
tiō,豆
tōo,豆
tāu-gí,豆乳
tāu-jí,豆乳
tāu-jínn,豆乳
tāu-jú,豆乳
tāu-lí,豆乳
tāu-lú,豆乳
tāu-kuann,豆乾
tāu-kuann-tsìnn,豆乾糋
tāu-á,豆仔
tāu-á-poo,豆仔埔
tāu-á-tsî,豆仔薯
tāu-á-tsîr,豆仔薯
tāu-á-tsû,豆仔薯
tāu-á-hî,豆仔魚
tāu-á-hû,豆仔魚
tāu-lin,豆奶
tāu-ling,豆奶
tāu-ni,豆奶
tāu-se,豆沙
tāu-sie,豆沙
tāu-iû,豆油
tāu-iû-ko,豆油膏
tāu-phuê,豆皮
tāu-phê,豆皮
tāu-khoo,豆箍
tāu-tshiam,豆簽
tāu-phoh,豆粕
tāu-hū,豆腐
tāu-hǔ,豆腐
tāu-hū-sua,豆腐鯊
tāu-kuê,豆膎
tāu-hue,豆花
tāu-ngeh,豆莢
tāu-tshài,豆菜
tāu-tshài-tué--ê,豆菜底的
tāu-tshài-té--ê,豆菜底的
tāu-tsîr,豆薯
tāu-tsû,豆薯
tāu-tîn,豆藤
tāu-sī,豆豉
tāu-sīnn,豆豉
tāu-pôo,豆酺
tāu-tsiònn,豆醬
tāu-tsiùnn,豆醬
tāu-tsiùnn-thng,豆醬湯
tāu-thâu,豆頭
tāu-piánn,豆餅
tāu-ānn,豆餡
tāu-kiâm,豆鹹
kong,豇
khí,豈
khí-iú-tshú-lí,豈有此理
sī,豉
sīnn,豉
sǐnn,豉
sīnn-kuê,豉膎
sīnn-kê,豉膎
sīnn-tshài-thâu,豉菜頭
sǐnn-tshài-thâu,豉菜頭
sīnn-iâm,豉鹽
lé,豊
ting,豋
uan,豌
pi,豍
sū,豎
hong,豐
phang,豐
phong,豐
hong-guân,豐原
hong-guân-khu,豐原區
hong-pênn-khe,豐坪溪
hong-hù,豐富
hong-nî,豐年
hong-nî-tsè,豐年祭
hong-siu,豐收
hong-lo̍k kong-hn̂g,豐樂公園
phong-phài,豐沛
hong-pin-hiong,豐濱鄉
hong-tiân,豐田
ti̍t,豑
iām,豓
iām,豔
iām-sik,豔色
iām-lē,豔麗
sí,豕
thiok,豖
tiok,豖
hue,豗
thûn,豚
tûn,豚
thûn-bó,豚母
thûn-bór,豚母
thûn-bú,豚母
i̍k,豛
gian,豜
kian,豜
pa,豝
ik,豟
siāng,象
siōng,象
tshiōnn,象
tshiūnn,象
tshiǔnn,象
siòng,象
sióng,象
siūnn,象
tshiūnn-suann,象山
siōng-ting,象徵
siōnn-pue,象桮
siūnn-pue,象桮
sīn-pue,象桮
tshiūnn-kî,象棋
tshiūnn-gê,象牙
tshiūnn-phīnn-ôo,象鼻湖
huān,豢
khún,豤
kù,豦
kū,豦
hi,豨
hí,豨
hô,豪
hôo,豪
hô-huâ,豪華
ī,豫
ū,豫
ti,豬
tir,豬
tsi,豬
tsu,豬
tu,豬
ti-á,豬仔
tu-á,豬仔
ti-á-kiánn,豬仔囝
tir-á-kiánn,豬仔囝
tu-á-kiánn,豬仔囝
tu-á-kánn,豬仔囝
ti-kang,豬公
ti-kong,豬公
tir-kang,豬公
tir-kong,豬公
tu-kang,豬公
tu-kong,豬公
ti-ko,豬哥
ti-kor,豬哥
tir-ko,豬哥
tu-ko,豬哥
ti-ko-gê,豬哥牙
tu-ko-gê,豬哥牙
ti-ko-sîn,豬哥神
tu-ko-sîn,豬哥神
tir-tshioh,豬尺
ti-tôo,豬屠
tu-tôo,豬屠
ti-sim,豬心
tu-sim,豬心
ti-tsô,豬槽
tu-tsô,豬槽
ti-bó,豬母
ti-bór,豬母
ti-bú,豬母
tir-bó,豬母
tir-bú,豬母
tu-bó,豬母
tu-bú,豬母
ti-bó-lin,豬母奶
ti-bó-ling,豬母奶
ti-bú-ling,豬母奶
tu-bó-ni,豬母奶
tu-bú-ni,豬母奶
ti-bó-lin-á,豬母奶仔
ti-bó-ling-á,豬母奶仔
ti-bú-ling-á,豬母奶仔
tu-bó-ni-á,豬母奶仔
tu-bú-ni-á,豬母奶仔
ti-bó-tian,豬母癲
ti-bór-tian,豬母癲
ti-bú-tian,豬母癲
tir-bú-tian,豬母癲
tu-bú-tian,豬母癲
ti-bó-tshài,豬母菜
ti-bú-tshài,豬母菜
tu-bó-tshài,豬母菜
tu-bú-tshài,豬母菜
ti-iû,豬油
tu-iû,豬油
ti-iû-phoh,豬油粕
tu-iû-phoh,豬油粕
ti-iû-phoh-á,豬油粕仔
tu-iû-phoh-á,豬油粕仔
ti-tsàu,豬灶
tu-tsàu,豬灶
ti-tiâu,豬牢
tu-tiâu,豬牢
ti-káu-tsing-senn,豬狗精牲
tu-káu-tsing-sinn,豬狗精牲
ti-tiam,豬砧
tu-tiam,豬砧
ti-bah,豬肉
tu-bah,豬肉
ti-tōo,豬肚
tu-tōo,豬肚
ti-kuann,豬肝
tu-kuann,豬肝
ti-kuann-sik,豬肝色
tu-kuann-sik,豬肝色
ti-hì,豬肺
tu-hì,豬肺
tir-pher,豬胚
tu-phe,豬胚
ti-phe-á,豬胚仔
ti-phue-á,豬胚仔
tir-pher-á,豬胚仔
tu-phe-á,豬胚仔
ti-tn̂g-á,豬腸仔
tu-tn̂g-á,豬腸仔
ti-tsi̍h,豬舌
ti-tsī,豬舌
tir-tsi̍h,豬舌
tir-tsī,豬舌
tu-tsi̍h,豬舌
ti-tshài,豬菜
tu-tshài,豬菜
ti-hueh,豬血
tir-huih,豬血
tu-huih,豬血
ti-hueh-kué,豬血粿
tu-huih-ké,豬血粿
tir-thûn-á,豬豚仔
ti-kha,豬跤
tir-kha,豬跤
tu-kha,豬跤
ti-kha-khoo,豬跤箍
tu-kha-khoo,豬跤箍
ti-kha-mī-suànn,豬跤麵線
tu-kha-mī-suànn,豬跤麵線
ti-phoo,豬鋪
tir-phoo,豬鋪
tu-phoo,豬鋪
tir-phoo-á,豬鋪仔
ti-thâu-pîng,豬頭爿
tir-thâu-pîng,豬頭爿
tu-thâu-pîng,豬頭爿
ti-thâu-hông,豬頭癀
ti-thâu-phuê,豬頭皮
ti-thâu-phê,豬頭皮
tir-thâu-phêr,豬頭皮
tu-thâu-phê,豬頭皮
ti-thâu-puî,豬頭肥
tu-thâu-puî,豬頭肥
ka,豭
un,豱
pin,豳
tsong,豵
hûn,豶
hì,豷
thuā,豸
tsāi,豸
tí,豸
pà,豹
tshâi,豺
kan,豻
lu̍t,豽
lu̍t,貀
iú,貁
tiau,貂
hiu,貅
huân,貆
hok,貈
bi̍k,貉
ho̍k,貉
hô,貉
bi̍k,貊
bāu,貌
māu,貌
lî,貍
pí,貏
thuan,貒
thuàn,貒
biâu,貓
bâ,貓
niau,貓
niau-á,貓仔
niau-á-siàng,貓仔相
niau-á-tsia̍h,貓仔食
bâ-jî-tik,貓兒竹
bâ-lî-tik,貓兒竹
bâ-kang,貓公
bâ-káng,貓公
niau-bî,貓咪
niau-mi,貓咪
niau-mî,貓咪
niau-suá-siū,貓徙岫
niau-moo,貓毛
niau-sîn,貓神
niau-thāng,貓筩
bâ-lô-khe,貓羅溪
bâu-lô-khe,貓羅溪
niau-niau,貓貓
niau-niau-siòng,貓貓相
niau-niau-khuànn,貓貓看
bâ-lí,貓里
bâ-lî,貓里
bâ-bū-á-kng,貓霧仔光
bâ-bū-kng,貓霧光
niau-bīn,貓面
niau-thâu-tsiáu,貓頭鳥
niau-thâu-ing,貓頭鷹
pî,貔
bi̍k,貘
khu,貙
puè,貝
tsing,貞
ūn,貟
hū,負
hū-tsè,負債
hū-tam,負擔
hū-tsik,負責
hū-bīn,負面
tsâi,財
tsâi-tsú,財主
tsâi-li̍k,財力
tsâi-bū,財務
tsâi-thuân,財團
tsâi-tsú-siū,財子壽
tsâi-hù,財富
tsâi-pó,財寶
tsâi-tsìng,財政
tsâi-guân,財源
tsâi-bu̍t,財物
tsâi-sán,財產
tsâi-sîn,財神
tsâi-sîn-iâ,財神爺
tsâi-suè,財稅
tsâi-sè,財稅
tsâi-king,財經
kòng,貢
kòng-uân,貢丸
kòng-pòo,貢佈
kòng-liâu,貢寮
kòng-liâu-khu,貢寮區
kòng-hiàn,貢獻
kòng-thn̂g,貢糖
thik,貣
pîn,貧
pîn-hân,貧寒
pân-tuānn,貧惰
pân-tuǎnn,貧惰
pîn-tuānn,貧惰
pîn-tuǎnn,貧惰
pûn-tuānn,貧惰
pān-tuānn,貧惰
pîn-tuānn-thâng,貧惰蟲
pân-tuānn-kut,貧惰骨
pîn-tuānn-kut,貧惰骨
pûn-tuānn-kut,貧惰骨
pān-tuānn-kut,貧惰骨
pîn-hiat,貧血
pîn-tō,貧道
huè,貨
hè,貨
hèr,貨
hònn,貨
hò,貨
huè-tsú,貨主
hè-tsú,貨主
huè-bué,貨尾
hè-bé,貨尾
huè-pè,貨幣
hè-pè,貨幣
huè-té,貨底
hè-tué,貨底
huè-iūnn,貨樣
hè-iūnn,貨樣
huè-kuī,貨櫃
hè-kuī,貨櫃
huè-khuán,貨款
hè-khuán,貨款
huè-bu̍t,貨物
hè-bu̍t,貨物
huè-tsûn,貨船
hè-tsûn,貨船
huè-sik,貨色
hè-sik,貨色
huè-tsháu,貨草
hè-tsháu,貨草
huè-tshia,貨車
hè-tshia,貨車
huè-ūn,貨運
hè-ūn,貨運
huè-thâu,貨頭
hè-thâu,貨頭
huàn,販
phuànn,販
huàn-á,販仔
huàn-á-pe̍h,販仔白
huàn-á-king,販仔間
huàn-tshù,販厝
phuà-huè,販貨
phuà-hè,販貨
phuànn-huè,販貨
phuànn-hè,販貨
huàn-buē,販賣
huàn-bē,販賣
tham,貪
tham-kuann-ù-lī,貪官汙吏
tham-sim,貪心
tham-luân,貪戀
tham-u,貪汙
tham-ú,貪汙
tham-tsâi,貪財
tham-tsia̍h,貪食
kuàn,貫
kuìnn,貫
kǹg,貫
kuàn-tshuàn,貫串
kǹg-kuānn,貫捾
kuàn-tshuan,貫穿
kǹg-hī,貫耳
kǹg-hīnn,貫耳
kǹg-hī-á,貫耳仔
kǹg-hīnn-á,貫耳仔
kǹg-tsiam,貫針
tsik,責
tsik-jīm,責任
tsik-līm,責任
tsik-pī,責備
tsik-mā,責罵
tsik-mē,責罵
tsit,貭
thí,貯
thú,貯
tué,貯
té,貯
tué-pn̄g,貯飯
tué-pňg,貯飯
té-pn̄g,貯飯
té-puīnn,貯飯
sè,貰
pì,貱
tsu,貲
gī,貳
jī,貳
lī,貳
kuì,貴
kuì-jîn,貴人
kuì-lîn,貴人
kuì-sam-sam,貴參參
kuì-som-som,貴參參
kuì-kenn,貴庚
kuì-kinn,貴庚
kuì-tso̍k,貴族
kuì-khì,貴氣
kuì-pin,貴賓
kuì-tiōng,貴重
phián,貵
pián,貶
bué,買
bé,買
mái,買
bué-tsú,買主
bé-tsú,買主
bué-miā,買命
bé-miā,買命
bué-tshiú,買手
bé-tshiú,買手
bué-siu,買收
bé-siu,買收
bué-phiò,買票
bé-phiò,買票
bué-buē,買賣
bué-buě,買賣
bé-bē,買賣
bué-tsìn,買進
bé-tsìn,買進
tāi,貸
tāi-khuán,貸款
tāi-khuánn,貸款
sìng,貹
hòng,貺
hóng,貺
hān,貺
hīng,貺
hǐng,貺
huì,費
pì,費
huì-sim-sîn,費心神
huì-khì,費氣
huì-khì-huì-tak,費氣費觸
huì-lu̍t,費率
huì-iōng,費用
huì-sîn,費神
tah,貼
thiap,貼
thiap-lâng-tsia̍h,貼人食
tah-tué,貼底
tah-té,貼底
tah-sim,貼心
thiap-pún,貼本
tah-tsuá,貼紙
tah-tah,貼貼
î,貽
ba̍uh,貿
biō,貿
bāu,貿
bōo,貿
ba̍uh-kang,貿工
bāu-kang,貿工
bōo-i̍k,貿易
ba̍uh-huè-té,貿貨底
ba̍uh-hè-tué,貿貨底
bāu-huè-té,貿貨底
bāu-hè-tué,貿貨底
ba̍uh-thâu,貿頭
bāu-thâu,貿頭
hō,賀
hōo,賀
hō-khah,賀卡
huî,賁
huì,賁
hûn,賁
phun,賁
pì,賁
lōo,賂
gīm,賃
jīm,賃
lîm,賃
hué,賄
hué-suán,賄選
kai,賅
tsu,資
tsu-tsìng,資政
tsu-liāu,資料
tsu-pún,資本
tsu-keh,資格
tsu-li̍k,資歷
tsu-tshim,資深
tsu-guân,資源
tsu-sán,資產
tsu-sìn,資訊
tsu-kim,資金
ká,賈
kóo,賈
tsa̍t,賊
tsha̍t,賊
tsi̍k,賊
tsha̍t-á,賊仔
tsha̍t-á-tshī,賊仔市
tsha̍t-á-huè,賊仔貨
tsha̍t-á-hè,賊仔貨
tsha̍t-á-tshia,賊仔車
tsha̍t-tsûn,賊船
tsha̍t-thâu,賊頭
ing,賏
tsín,賑
tsín-tsai,賑災
sia,賒
sia-siàu,賒數
sia-khiàm,賒欠
pin,賓
pin-kuán,賓館
pin,賔
kiû,賕
tsiu,賙
nāi,賚
sù,賜
thim,賝
siónn,賞
siúnn,賞
siáng,賞
sióng,賞
siúnn-ping,賞兵
siúnn-ge̍h,賞月
siúnn-gue̍h,賞月
siúnn-tsn̄g,賞狀
siúnn-uē,賞畫
siúnn-hua̍t,賞罰
siúnn-hue,賞花
siúnn-sù,賞賜
siúnn-kim,賞金
siúnn-tsînn,賞錢
puê,賠
pê,賠
pêr,賠
puê-sióng,賠償
puê-siông,賠償
pê-sióng,賠償
pê-siông,賠償
puê-tsuē,賠罪
pê-tsuē,賠罪
puê-tsînn,賠錢
pê-tsînn,賠錢
king,賡
hiân,賢
hiân-huē,賢慧
buē,賣
bē,賣
māi,賣
buē-tshut,賣出
bē-tshut,賣出
buē-miā,賣命
bē-miā,賣命
buē-tiûnn,賣場
bē-tiûnn,賣場
buē-tuā-ting,賣大燈
buě-tuǎ-ting,賣大燈
buē-tiāu,賣掉
bē-tiāu,賣掉
buē-iô-kóo,賣搖鼓
buě-iô-kóo--ê,賣搖鼓的
buē-sin,賣身
bē-sin,賣身
tsiān,賤
tsiān-thâng,賤蟲
hù,賦
tām,賧
tsit,質
tsit-mn̄g,質問
tsit-tuē,質地
tsit-tē,質地
tsit-kám,質感
tsit-liāu,質料
tsit-gî,質疑
tsit-sûn,質詢
tsit-liōng,質量
tiòng,賬
tóo,賭
tóo-kiông,賭強
tóo-khì,賭氣
khîng,賯
tshún,賰
tshun,賰
tshun--ê,賰的
tshun-tsînn,賰錢
tshun-pn̄g,賰飯
ún,賱
luā,賴
lāi,賴
nāi,賴
luā-luā-sô,賴賴趖
hōng,賵
tshòng,賶
tse,賷
sīng,賸
īn,賸
tsiām,賺
tsuán,賺
tām,賺
tsuán-tsia̍h,賺食
hù,賻
hū,賻
kiò,購
káng,購
kòo,購
kòo-pìng,購併
kòo-bué,購買
kòo-bé,購買
sài,賽
sè,賽
sài-thîng,賽程
sài-tîng,賽程
tsik,賾
uí,贀
tshím,贂
tsì,贄
tsuè,贅
tsīng,贈
tsīng-phín,贈品
tsīng-í,贈與
tsīng-ú,贈與
tsīng-sàng,贈送
tsān,贊
tsàn,贊
tsàn-tsōo,贊助
tsàn-tông,贊同
tsàn-tshuì,贊喙
tsàn-sîng,贊成
tsàn-siann,贊聲
gān,贋
pa̍k,贌
pa̍k-tshân,贌田
siām,贍
iânn,贏
îng,贏
iânn-kiû,贏球
iânn-bīn,贏面
sīn,贐
tsīn,贐
hiân,贒
tsng,贓
tsong,贓
tsong-bu̍t,贓物
pī,贔
to̍k,贕
sio̍k,贖
sio̍k-huê,贖回
sio̍k-hê,贖回
sio̍k-sin,贖身
gān,贗
kòng,贛
tshiah,赤
tshik,赤
tshiah-ma-á,赤媽仔
tshiah-khàm,赤崁
tshiah-iānn-iānn,赤焱焱
tshiah-gû,赤牛
tshiah-gû-á,赤牛仔
tshiah-ba̍k,赤目
tshiah-sua,赤砂
tshiah-bah,赤肉
tshiah-kiunn,赤蜣
tshiah-kha,赤跤
tshiah-kha-sian-á,赤跤仙仔
tshiah-tsang,赤鯮
hik,赥
sià,赦
sià-bián,赦免
sià-tsuē,赦罪
lán,赧
tông,赨
hik,赫
tshing,赬
tsing,赬
tsiá,赭
hâ,赮
tsió,走
tsáu,走
tsóo,走
tsáu-tsông,走傱
tsáu-bī,走味
tsáu-tshiàng,走唱
tsáu-tshiùnn,走唱
tsáu-o̍h,走學
tsáu-suann,走山
tsáu-lông,走廊
tsáu-suá,走徙
tsáu-tshuē,走揣
tsáu-tshē,走揣
tsáu-tshua̍h,走斜
tsáu-tsu,走書
tsáu-toh,走桌
tsáu-toh--ê,走桌的
tsáu-torh--ê,走桌的
tsáu-pio,走標
tsáu-tsuí,走水
tsáu-kang-ôo,走江湖
tsáu-lāu,走漏
tsáu-bô-lōo,走無路
tsáu-káu,走狗
tsáu-sann-lia̍h,走相掠
tsáu-sio-lia̍h,走相掠
tsáu-sann-giok,走相逐
tsáu-sann-lip,走相逐
tsáu-sann-tsip,走相逐
tsáu-sio-jik,走相逐
tsáu-sio-jiok,走相逐
tsáu-sio-jip,走相逐
tsáu-sio-lip,走相逐
tsáu-sior-jiok,走相逐
tsáu-su,走私
tsáu-tsing,走精
tsáu-tsua̍h,走縒
tsáu-thai,走胎
tsáu-pak,走腹
tsáu-sik,走色
tsáu-ke-á-sian,走街仔仙
tsáu-kue-á-sian,走街仔仙
tsáu-buē-khui-kha,走袂開跤
tsáu-bē-khui-kha,走袂開跤
tsáu-buē-lī,走袂離
tsáu-bē-lī,走袂離
tsáu-hóng,走訪
tsáu-sià-bé,走赦馬
tsáu-lōo,走路
tsáu-thiàu,走跳
tsáu-siám,走閃
tsáu-im,走音
tsáu-bé-ting,走馬燈
kiú,赳
kiū,赳
hù,赴
hù-lâu-tsuí,赴流水
kán,赶
khí,起
khí-sū,起事
khí-lâi,起來
khí-kè,起價
khí-sing,起先
khí-tshìn-nah,起凊凹
khí-tshì-nà,起凊瘼
khí-tshìn-mooh,起凊瘼
khí-tshìn-mo̍nnh,起凊瘼
khí-tshìn-mo̍oh,起凊瘼
khí-tshìn-mòo,起凊瘼
khí-tshìn-mō,起凊瘼
khí-tshìn-mōo,起凊瘼
khí-tshoo,起初
khí-tshù,起厝
khí-khì,起去
khí-phuì-bīn,起呸面
khí-in,起因
khí-ki,起基
khí-ke,起家
khí-suann,起山
khí-kang,起工
khí-phâng,起帆
khí-tshn̂g,起床
khí-tué,起底
khí-té,起底
khí-sìng-tuē,起性地
khí-sìng-tē,起性地
khí-tsheh,起慼
khí-tshueh,起慼
khí-gōng,起戇
khí-tshiú,起手
khí-jî,起挐
khí-jû,起挐
khí-lû,起挐
khí-pōo,起步
khí-moo,起毛
khí-moo bái,起毛䆀
khí-moo giang,起毛婸
khí-mn̂g-kńg,起毛管
khí-môo-kńg,起毛管
khí-guân,起源
khí-hué,起火
khí-hé,起火
khí-bô-khang,起無空
khí-kông,起狂
khí-gīn,起猌
khí-gīn-sîn,起猌神
khí-huan,起番
khí-siáu,起痟
khí-tiànn,起碇
khí-tiānn,起碇
khí-bé,起碼
khí-má,起碼
khí-pōng,起磅
khí-thîng,起程
khí-tîng,起程
khí-tâng,起童
khí-pèr-á,起背仔
khí-tì,起致
khí-sik,起色
khí-tshó,起草
khí-lo̍h,起落
khí-io̍h-tshi,起藥蛆
khí-io̍h-tshu,起藥蛆
khí-kau-lîng,起蛟龍
khí-kiânn,起行
khí-sòo,起訴
khí-sè,起誓
khí-pà-hong,起豹風
khí-pà-pio,起豹飆
khí-huè,起貨
khí-hè,起貨
khí-kha,起跤
khí-kha-tāng-tshiú,起跤動手
khí-kha-lōng,起跤踉
khí-lōng,起踉
khí-sin,起身
khí-tsō,起造
khí-tsiú-siáu,起酒痟
khí-hiông,起雄
khí-ke-bó-phuê,起雞母皮
khí-ke-bú-phuê,起雞母皮
khí-kue-bó-phê,起雞母皮
khí-kue-bú-phê,起雞母皮
khí-thâu,起頭
khí-hong,起風
khí-pe,起飛
khí-pue,起飛
khí-kà,起駕
khí-tiám,起點
khí-kóo,起鼓
khí-tshio,起𪁎
su,赼
kuat,赽
thìn,趁
tsín,趁
thàn,趁
thàn-tuā-tsînn,趁大錢
thàn-tsá,趁早
thàn-lâu-tsuí,趁流水
thàn sio,趁燒
thàn-sai-khia,趁私奇
thàn-tsînn,趁錢
thàn-tsia̍h,趁食
thàn-tsia̍h-lâng,趁食人
thàn-tsia̍h-tsa-bóo,趁食查某
thàn-tsiā-tsa-bóo,趁食查某
thàn-tsia̍h-king,趁食間
thàn-tsia̍h-king-á,趁食間仔
thìn,趂
tsín,趂
tshu,趄
tsoo,趄
tshiau,超
thiau,超
tshiau-jîn,超人
tshiau-lîn,超人
tshiau-huân,超凡
tshiau-tshī,超市
tshiau-tōo,超度
tshiau-siu,超收
tshiau-jiân,超然
tshiau-liân,超然
tshiau-sing,超生
tshiau-pōng,超磅
tshiau-kip,超級
tshiau-ua̍t,超越
tshiau-sok,超速
tshiau-kuè,超過
tshiau-kè,超過
tshiau-im-pho,超音波
jip,趇
ua̍t,越
ua̍t-liām,越唸
ua̍t-tsiàn,越戰
ua̍t-khuân,越權
ua̍t-thâu,越頭
tshu,趋
tî,趍
kuat,趏
i̍k,趐
tsu,趑
tiâu,趒
tiô,趒
thiôr-tâng,趒童
tiô-tâng,趒童
tiô-kha-tǹg-tê,趒跤頓蹄
lia̍t,趔
kuánn,趕
kuánn-kang,趕工
kuánn-óng,趕往
kuánn-kông,趕狂
kuánn-kín,趕緊
kuánn-lōo,趕路
kuánn-piàng-piàng,趕迸迸
so,趖
sô,趖
sôr,趖
sô-kha-sô-tshiú,趖跤趖手
hi̍k,趘
tiō,趙
gím,趛
kìm,趛
kiām,趝
liām,趝
tshiōng,趟
tshîng,趟
tok,趠
uí,趡
tshì,趣
tshù,趣
tshù-bī,趣味
tshi,趨
tshu,趨
tshu--tó,趨倒
tshu--tór,趨倒
tshu-ping,趨冰
tshu-sè,趨勢
hông,趪
kong,趪
kiâu,趫
iāu,趭
sò,趮
io̍k,趯
thik,趯
tsàn,趲
tsán,趲
tsiok,足
tsok,足
pâ,趴
tsiok,趵
khòo,趶
gut,趷
kuat,趹
hu,趺
u,趺
khian,趼
kián,趼
lan,趼
tsí,趾
khip,趿
gua̍t,跀
pâ,跁
pā,跁
khì,跂
kué,跂
ké,跂
kér,跂
kî,跂
kué kha,跂跤
ké kha,跂跤
thok,跅
lián,跈
thián,跈
pua̍h,跋
pua̍t,跋
pua̍h--tó,跋倒
pua̍h--tór,跋倒
pua̍h-tó,跋倒
pua̍h-tór,跋倒
puā-tó,跋倒
pua̍h-kuà,跋卦
pua̍h-kám-tsîng,跋感情
pua̍h-pue,跋桮
puā-pue,跋桮
pua̍h-phái-kiáu,跋歹筊
pua̍h-pháinn-kiáu,跋歹筊
pua̍h-pâi-á,跋牌仔
pua̍h-kiáu,跋筊
puā-kiáu,跋筊
pua̍h-tshàu,跋臭
pua̍h-lo̍h-bé,跋落馬
pua̍h-lōo-kiáu,跋路筊
pua̍h-bé,跋馬
tia̍t,跌
koo,跍
khû,跍
tô,跎
ka,跏
tshú,跐
pháu,跑
phâu,跑
pháu-tshia,跑車
pháu-tō,跑道
pháu-bé,跑馬
kà,跒
tsū,跓
ku,跔
liam,跕
thiap,跕
tiap,跕
liam-kha,跕跤
tsik,跖
hu,跗
hū,跗
tshǔ,跙
tsóo,跙
tshū,跙
tshū tsi̍t tó,跙一倒
tshū-tó,跙倒
tshū-tór,跙倒
tshū-ping,跙冰
tshū-liû-lông,跙流籠
san,跚
phó,跛
pái,跛
pái-kha,跛跤
páinn-kha,跛跤
kī,距
kū,距
kin,跟
kun,跟
kin-tuè,跟綴
kun-tè,跟綴
kin-suî,跟隨
kun-suî,跟隨
liah,跡
tsiah,跡
tsik,跡
jiah,跡
to,跢
tài,跢
sián,跣
kha,跤
khau,跤
kha-á,跤仔
kha-lâi-tshiú-lâi,跤來手來
kha-tau,跤兜
kha-to,跤刀
kha-tsiam-tshiú-iù,跤尖手幼
kha-bué,跤尾
kha-bé,跤尾
kha-bué-tsuá,跤尾紙
kha-bé-tsuá,跤尾紙
kha-bué-tsînn,跤尾錢
kha-bé-tsînn,跤尾錢
kha-bué-pn̄g,跤尾飯
kha-bé-pn̄g,跤尾飯
kha-pe̍h,跤帛
kha-pē-á,跤帛仔
kha-tué,跤底
kha-té,跤底
kha-āu-nn̄g,跤後卵
kha-āu-khiau,跤後曲
kha-āu-tóo,跤後肚
kha-āu-tóo-jîn,跤後肚仁
kha-āu-tóo-lîn,跤後肚仁
kha-ǎu-tóo-lîn,跤後肚仁
kha-āu-tóo-bah,跤後肚肉
kha-āu-tenn,跤後蹬
kha-āu-tinn,跤後蹬
kha-ǎu-tinn,跤後蹬
kha-tshiú,跤手
kha-tshiú bān-tūn,跤手慢鈍
kha-tshiú liú-lia̍h,跤手扭掠
kha-tsíng-thâu-á,跤指頭仔
kha-pôo,跤捗
kha-tòng,跤擋
kha-siàu,跤數
kha-táu,跤斗
kha-táu-á,跤斗仔
kha-khiau,跤曲
kha-kê,跤枷
kha-tháng,跤桶
kha-sau,跤梢
kha-sau-king,跤梢間
kha-sau-king-á,跤梢間仔
kha-bôo,跤模
kha-bôo-tshiú-ìn,跤模手印
kha-pōo,跤步
kha-sio̍h,跤液
kha-jiáu,跤爪
kha-niáu,跤爪
kha-kiû,跤球
kha-puânn,跤盤
kha-ba̍k,跤目
kha-uánn,跤碗
kha-kin,跤筋
kha-kun,跤筋
kha-phāng,跤縫
kha-phǎng,跤縫
kha-tóo,跤肚
kha-tóo-jîn,跤肚仁
kha-tóo-lîn,跤肚仁
kha-tóo-bah,跤肚肉
kha-tóo-kiān,跤肚腱
kha-tóo-kut,跤肚骨
kha-tâng,跤胴
kha-tâng-kut,跤胴骨
kha-thuí,跤腿
kha-liâm,跤臁
kha-jiah,跤跡
kha-liah,跤跡
kha-sau-king,跤踃間
kha-ta̍h-á,跤踏仔
kha-ta̍h-tshia,跤踏車
kha-tê,跤蹄
kha-tinn,跤蹬
kha-thâu-uánn,跤頭碗
kha-thâu-hu,跤頭趺
kha-thâu-u,跤頭趺
kha-kut,跤骨
kha-bâ-tshiú-pì,跤麻手痺
kha-phīnn-liâm,跤鼻臁
tu,跦
tû,跦
tshuan,跧
khua,跨
khuà,跨
khòo,跨
tsuāinn,跩
kuī,跪
kuǐ,跪
kuī-pài,跪拜
kiông,跫
khuí,跬
siat,跬
tú,跬
tia̍t,跮
lōo,路
lōo-siōng,路上
lōo-kháu,路口
lōo-bué,路尾
lōo-bé,路尾
lōo-bér,路尾
lōo-bué--á,路尾仔
lōo-kìng,路徑
lōo-pông-si,路旁屍
lōo-phiau,路標
lōo-piau,路標
lōo-tuānn,路段
lōo-tshiong,路沖
lōo-hóng,路況
lōo-koo-á-muê,路溝仔糜
lōo-ting,路燈
lōo-īng,路用
lōo-tsè,路祭
lōo-thîng,路程
lōo-tîng,路程
lōo-tik,路竹
lōo-tik-khu,路竹區
lōo-suànn,路線
lōo-tsháu,路草
lōo-huì,路費
lōo-tôo,路途
lōo-pinn,路邊
lōo-pinn-tànn-á,路邊擔仔
lōo-tn̂g,路長
lōo-bīn,路面
lōo-thâu,路頭
kiap,跲
kip,跲
thiàu,跳
thiàu-ka-kuan,跳加冠
thiàu-tōng,跳動
thiàu-nî,跳年
thiàu-kuân,跳懸
thiàu-kî,跳棋
thiàu-lâu,跳樓
thiàu-tsuí,跳水
thiàu-káng,跳港
thiàu-phiò,跳票
thiàu-tâng,跳童
thiàu-soh-á,跳索仔
thiàu-thuat,跳脫
thiàu-bú,跳舞
thiàu-thah,跳踢
thiàu-that,跳踢
thiàu-tsuā,跳逝
thiàu-hn̄g,跳遠
thiàu-uán,跳遠
thiàu-tsiam,跳針
tshái,跴
tó,跺
kio̍k,跼
kī,跽
tôo,跿
tshiok,踀
siau,踃
po̍k,踄
pōo,踄
se̍h,踅
se̍rh,踅
sua̍t,踅
thè,踅
se̍h-lin-long,踅玲瑯
se̍h-sîn,踅神
se̍h-lê-thui,踅螺梯
se̍h-ke,踅街
se̍h-kue,踅街
se̍h-se̍h-liām,踅踅唸
se̍h-liàn-tńg,踅輾轉
se̍h-thâu,踅頭
tsun,踆
tsùn,踆
liông,踉
lông,踉
ióng,踊
ta̍h,踏
ta̍p,踏
tā,踏
ta̍h-li̍p,踏入
ta̍p-ji̍p,踏入
ta̍h-tshut,踏出
ta̍h-tsha,踏差
ta̍h-táu,踏斗
ta̍h-pang,踏枋
ta̍h-ngē,踏硬
ta̍h-ngī,踏硬
ta̍h-uē-thâu,踏話頭
ta̍h-kha-khiau,踏跤蹺
ta̍h-khiau,踏蹺
tā-khiau,踏蹺
tsiān,踐
ki,踑
kî,踑
ui,踒
tshi̍k,踔
tsik,踖
kiok,踘
lìng,踜
huá,踝
khuà,踝
ku,踞
kù,踞
tî,踟
kuân,踡
that,踢
thik,踢
that-kiàn-tsí,踢毽子
that phuē,踢被
that phē,踢被
po̍k,踣
puê,踣
tsut,踤
tshiap,踥
khi,踦
kî,踦
siok,踧
ti̍k,踧
tshái,踩
tshái-ke,踩街
tshái-kue,踩街
tàm,踮
tiàm,踮
tiàm-tsuí-bī,踮水沬
tiàm-bī,踮沬
tiàm-sio-tshuē,踮相揣
tiàm-khang-ku,踮空龜
jû,踰
to̍k,踱
tshún,踳
ióng,踴
ióng-io̍k,踴躍
tsióng,踵
tê,踶
tē,踶
tóo,踷
tshím,踸
thuàn,踹
kiān,踺
thóng,踼
hú,踽
kú,踽
pik,踾
pi̍k,踾
tsiok,踿
tia̍p,蹀
phiân,蹁
phîn,蹁
pian,蹁
jiú,蹂
jiû,蹂
jio̍k,蹃
lo̍k,蹃
terê,蹄
tuê,蹄
tê,蹄
tsa,蹅
kián,蹇
tō,蹈
tōo,蹈
tsho,蹉
tshoo,蹉
hê,蹊
khi,蹊
khi-khiau,蹊蹺
ta̍p,蹋
thap,蹋
tshiong,蹌
tshiáng,蹌
tshiáng-khoo-lê,蹌箍螺
tshiáng-kha-kê,蹌跤枷
tshiáng-kha-ke,蹌跤雞
tshiáng-kha-kue,蹌跤雞
tshíng-kha-ke,蹌跤雞
tshíng-kha-kue,蹌跤雞
tian,蹎
tsik,蹐
lau,蹓
tsàm,蹔
tsàm-kha-pōo,蹔跤步
pit,蹕
tsiong,蹖
tsong,蹖
liâu,蹘
tshiok,蹙
tài,蹛
tuà,蹛
tuà-īnn,蹛院
siok,蹜
sú,蹝
tsik,蹟
tsik,蹠
tshiong,蹡
tik,蹢
ti̍k,蹢
buân,蹣
tsong,蹤
tsau,蹧
tso,蹧
tsau-that,蹧躂
tsiau-that,蹧躂
jián,蹨
jiân,蹨
phiat,蹩
piat,蹩
kiok,蹫
tenn,蹬
ting,蹬
tinn,蹬
tīng,蹬
tsīng,蹭
tshian,蹮
huân,蹯
tsiong,蹱
tsun,蹲
tshiok,蹴
tshiok,蹵
khuat,蹶
khuè,蹶
kuè,蹶
khiau,蹺
khiau,蹻
kiok,蹻
kiáu,蹻
pok,蹼
liâu,蹽
liâu khe-á,蹽溪仔
liâu khue-á,蹽溪仔
liâu--lo̍h-khì,蹽落去
sò,躁
that,躂
phih,躄
phik,躄
phī,躄
to̍k,躅
tsiok,躅
tî,躇
tû,躇
tún,躉
tiû,躊
tiû-tû,躊躇
tse,躋
tsè,躋
io̍k,躍
ia̍k,躍
ik-kau-á-lin,躍跤仔輪
lia̍p,躐
ti̍k,躑
li̍k,躒
tsì,躓
tiân,躔
tiān,躔
tû,躕
uē,躗
liông,躘
lìng,躘
liòng,躘
liòng phuē,躘被
liòng phē,躘被
lìng phuē,躘被
lìng phē,躘被
sian,躚
tshian,躚
lân,躝
liap,躡
neh,躡
nih,躡
neh-kha-bué,躡跤尾
nih-kha-bé,躡跤尾
tsuan,躦
tsàn,躦
sú,躧
khok,躩
līn,躪
sin,身
sian,身
sin--siōng,身上
sin-sè,身世
sin-hūn,身份
sin-kè,身價
sin-miā,身命
sin-si,身屍
sin-iánn,身影
sin-sim,身心
sin-kuân,身懸
sin-tsâi,身材
sin-tuānn,身段
sin-uî,身為
hun-su,身軀
siang-khu,身軀
sin-khu,身軀
sing-khu,身軀
sin-khu-pinn,身軀邊
sin-pinn,身邊
sin-thé,身體
kiong,躬
tó,躱
tó,躲
kiong,躳
lông,躴
lō,躶
ái,躷
thóng,躺
liò,躼
lò,躼
lòr,躼
liò-kha,躼跤
lò-kha,躼跤
liò-kha-á,躼跤仔
lò-kha-á,躼跤仔
lò-kha--ê,躼跤的
liò-kha-báng,躼跤蠓
lò-kha-báng,躼跤蠓
lòr-kha-báng,躼跤蠓
nuà,躽
khong,躿
khu,軀
su,軀
lú,軁
nng,軁
nuì,軁
nǹg,軁
nǹg-káu-khang-á,軁狗空仔
nǹg-tsînn-khang,軁錢空
nǹg-tsǹg,軁鑽
lò,軂
thò,軃
tsit,軄
gio̍k,軉
ki,車
ku,車
kir,車
tshia,車
tshia-tsú,車主
tshia-á,車仔
tshia-á-suànn,車仔線
tshia-á-tsiam,車仔針
tshia-uī,車位
tshia-kè,車價
ki-tsiân-tsháu,車前草
ku-tsiân-tsháu,車前草
tshia-siong,車商
tshia-tuann,車單
tshia-hîng,車型
tshia-siânn-hiong,車城鄉
tshâ-siânn-hiong,車城鄉
tshia-tiânn,車埕
tshia-tián,車展
tshia pòo-pinn,車布邊
tshia-pang,車幫
tshia-khòo,車庫
tshia-siunn,車廂
tshia-tshiúnn,車廠
tshia-āu-táu,車後斗
tshia-sim,車心
tshia-tshiú,車手
tshia-tsiáng,車掌
tshia-tsióng,車掌
tshia-tòng,車擋
tshia-táu,車斗
tshia-khuán,車款
tshia-khak,車殼
tshia-bó,車母
tshia-bú,車母
tshia-hóng,車況
tshia-ting,車燈
tshia-pâi,車牌
tshia-phiò,車票
tshia-hō,車禍
tshia-tsióng,車種
tshia-thang,車窗
tshia-tsām,車站
tshia-hō,車號
tshia-hâng,車行
tshia-sann-tshia-á,車衫車仔
tshia-lōo,車路
tshia-sin,車身
tshia-lióng,車輛
tshia-lián,車輪
tshia-lián-kué,車輪粿
tshia-lián-ké,車輪粿
tshia-bê,車迷
tshia-tō,車道
tshia-tsînn,車錢
tshia-mn̂g,車門
tshia-tuī,車隊
tshia-tíng,車頂
tshia-thâu,車頭
tshia-thé,車體
tshia-kóo,車鼓
tshia-kóo-hì,車鼓戲
at,軋
ut,軋
kauh,軋
khuí,軌
kuí,軌
kuí-tō,軌道
kun,軍
kun-sū,軍事
kun-jîn,軍人
kun-lîn,軍人
kun-pī,軍備
kun-li̍k,軍力
kun-thuân,軍團
kun-kuann,軍官
kun-su,軍師
kun-hong,軍方
kun-huat,軍法
kun-hué,軍火
kun-iōng,軍用
kun-kàm,軍艦
kun-lām,軍艦
kun-tuī,軍隊
kun-kai,軍階
gua̍t,軏
tē,軑
hian,軒
ian,軒
hian-uân,軒轅
huān,軓
jīm,軔
tûn,軘
ik,軛
lik,軛
la̍p,軜
kî,軝
luán,軟
nuí,軟
nńg,軟
nńg-sìm-sìm,軟㽎㽎
nńg-thôo-tshim-ku̍t,軟塗深掘
nńg-tshī,軟市
nńg-tshn̂g,軟床
luán-jio̍k,軟弱
luán-lio̍k,軟弱
nńg-sim,軟心
nńg-poo,軟晡
nńg-tsiánn,軟汫
nńg-si-á,軟絲仔
nńg-kô-kô,軟膏膏
nńg-siô-siô,軟荍荍
nńg-khî,軟蜞
nńg-kha,軟跤
nńg-kha-hê,軟跤蝦
nńg-kiō,軟轎
nńg-kut,軟骨
nńg-thé,軟體
nńg-thé hn̂g-khu,軟體園區
nńg-kauh-kauh,軟𩛩𩛩
kû,軥
tí,軧
tsín,軫
koo,軲
jióng,軵
ik,軶
tio̍k,軸
ti̍k,軸
tsí,軹
iâu,軺
kho,軻
ia̍t,軼
i̍k,軼
tia̍t,軼
sik,軾
pîn,軿
jî,輀
khiok,輂
kà,較
kàu,較
khah,較
kah,較
khah-thîng-á,較停仔
khah-ke,較加
khah-tuā-bīn,較大面
khah khuài,較快
khah-tsá,較早
khah bô tsi̍t-puànn,較無一半
khah bôr tsi̍t-puànn,較無一半
khah-bô-tsi̍t-puànn,較無一半
khah-sè-ê-lua̍h-á,較細的捋仔
khah-kóng,較講
kà-tshia,較車
khah-su,較輸
lōo,輅
tshuan,輇
tsiu,輈
tsài,載
tsái,載
tsáinn,載
tsāi,載
tsài-ji̍p,載入
tsài-li̍p,載入
tsài-kheh,載客
tsì,輊
tì,輊
huān,輐
uān,輐
khûn,輑
tiap,輒
buán,輓
buán-liân,輓聯
hú,輔
hū,輔
phóo,輔
hú-tsōo,輔助
hú-tāi,輔大
hú-tō,輔導
hú-suán,輔選
hú-im,輔音
khin,輕
khing,輕
khin-bóng-bóng,輕bóng-bóng
khin-piān,輕便
khing-piān,輕便
khing-piān-tshia,輕便車
khin-sìn,輕信
khin-siong,輕傷
khin-niú-siúnn,輕兩想
khin-khó,輕可
khin-hîng,輕型
khin-khuài,輕快
khin-tshiú,輕手
khing-ti̍k,輕敵
khin-ī,輕易
khin-jiû,輕柔
khin-liû,輕柔
khin-tshìn,輕秤
khin-siann,輕聲
khin-siann-suè-seh,輕聲細說
khin-siann-sè-sueh,輕聲細說
khin-po̍h,輕薄
khin-báng-báng,輕蠓蠓
khin-sī,輕視
khin-thih ki-tshiúnn,輕軌機廠
khin-khin-sang-sang,輕輕鬆鬆
khin-tāng,輕重
khin-gîn,輕銀
khin-gûn,輕銀
khing-gûn,輕銀
khin-gîn-á,輕銀仔
khing-gîn-á,輕銀仔
khin-sang,輕鬆
tsiu,輖
gê,輗
lîng,輘
tsiàn,輚
liáng,輛
lióng,輛
liāng,輛
liōng,輛
tsu,輜
hui,輝
hui-hông,輝煌
bóng,輞
tuat,輟
hó,輠
tshiàn,輤
kún,輥
lián,輦
lián-kiō-á,輦轎仔
kuán,輨
puè,輩
lûn,輪
lin,輪
lián,輪
lián-á,輪仔
lûn-ti̍t,輪值
lián-khing,輪框
lûn-í,輪椅
lûn-liû,輪流
lûn-hué-khau,輪火鬮
lûn-hé-khau,輪火鬮
lûn-pan,輪班
lûn-huê,輪迴
lûn-khau,輪鬮
liông,輬
juán,輭
luán,輭
jiú,輮
jiû,輮
tship,輯
tsi̍p,輯
tsòo,輳
tun,輴
at,輵
kat,輵
iû,輶
su,輸
su-ji̍p,輸入
su-li̍p,輸入
su-tshut,輸出
su-hueh,輸血
su-huih,輸血
su-iânn,輸贏
su-sàng,輸送
su-bīn,輸面
hok,輹
hok,輻
hok-siā,輻射
liàn,輾
lìn,輾
tián,輾
lìn-tsu-á,輾珠仔
liàn-tńg,輾轉
lìn-tńg,輾轉
î,輿
û,輿
ī,輿
ū,輿
kok,轂
hat,轄
ha̍t,轄
uân,轅
lo̍k,轆
lak,轆
kau,轇
tsâu,轈
tsuán,轉
tsuān,轉
tsuǎn,轉
tuínn,轉
tńg,轉
tsuán-sè,轉世
tsuán-jīm,轉任
tsuán-līm,轉任
tńg--lâi,轉來
tńg--lâi-khì,轉來去
tsuán-ji̍p,轉入
tsuán-li̍p,轉入
tsuán-huà,轉化
tńg--khì,轉去
tńg--khìr,轉去
tńg--khì--ah,轉去矣
tsuán-hiòng,轉向
tńg-tshuì,轉喙
tsuán-hîng,轉型
tńg guā-ke,轉外家
tńg-tuā-lâng,轉大人
tsuán-ha̍k,轉學
tńg-uan,轉彎
tńg-uan-se̍h-kak,轉彎踅角
tńg āu-thâu,轉後頭
tńg-tsiânn,轉成
tsuán-tshiú,轉手
tsuán-tsiat,轉折
tsuán-tsiap,轉接
tsuán-uānn,轉換
tsuán-pò,轉播
tsuán-pòo,轉播
tńg-uat,轉斡
tńg-khuì,轉氣
tsuán-î,轉移
tńg-siann,轉聲
tńg-tsâi,轉臍
tsuán-piàn,轉變
tńg-khí-tńg-tó,轉起轉倒
tńg-se̍h,轉踅
tsuán-tsài,轉載
tńg-lûn,轉輪
tsuán-sàng,轉送
tsuán-sok,轉速
tńg-sok,轉速
tsuán-tsìn,轉進
tsuán-ūn-tsām,轉運站
tsuán-ta̍t,轉達
tńg-tsînn-khang,轉錢空
tńg-kut,轉骨
tia̍t,轍
kiāu,轎
kiō,轎
kiau,轎
kiau-tshia,轎車
kiǒ-tshia-í,轎車椅
tsiàn,轏
phok,轐
po̍k,轐
huan,轓
lîn,轔
kat,轕
khám,轗
huân,轘
lām,轞
hong,轟
ing,轟
hong-tōng,轟動
hong-tsà,轟炸
pì,轡
li̍k,轢
li̍k,轣
lôo,轤
sin,辛
sin-hāi,辛亥
sin-lô,辛勞
sin-lôr,辛勞
sin-lô-á,辛勞仔
sin-khóo,辛苦
sin-khóo-pēnn-thiànn,辛苦病疼
sin-khóo-pīnn-thiànn,辛苦病疼
koo,辜
koo-hū,辜負
phik,辟
phiah-tsáu,辟走
phik-siâ,辟邪
la̍t,辢
lua̍t,辢
lua̍h,辣
lua̍t,辣
la̍h-tsiau,辣椒
lua̍h-tsio,辣椒
lua̍h-tsio-tsiùnn,辣椒醬
piān,辦
pān,辦
pān-sū,辦事
pān-sū-tshù,辦事處
pān-kong,辦公
pān-kong-sik,辦公室
pān-àn,辦案
pān-toh,辦桌
pān-huat,辦法
pān-lí,辦理
pān-huè,辦貨
pān-hè,辦貨
pān,辧
piān,辨
piān-pia̍t,辨別
piān-jīn,辨認
piān-līn,辨認
piān-sik,辨識
sî,辭
sû,辭
sû-tián,辭典
sî-pia̍t,辭別
sî-tsit,辭職
sî thâu-lōo,辭頭路
piān,辮
pīnn,辮
piān,辯
piān-sū,辯士
piān-kái,辯解
piān-uē-kut,辯話骨
piān-lūn,辯論
piān-hōo,辯護
piān-hōo-sū,辯護士
piǎn-hōo-sǐr,辯護士
sîn,辰
gio̍k,辱
jio̍k,辱
lio̍k,辱
lông,農
lông-tsok-bu̍t,農作物
lông-khū,農具
lông-kū,農具
lông-tuē,農地
lông-tē,農地
lông-tiûnn,農場
lông-uí-huē,農委會
lông-li̍k,農曆
lông-huē,農會
lông-tshuan,農村
lông-tshun,農村
lông-lîm,農林
lông-gia̍p,農業
lông-bîn,農民
lông-bîn-li̍k,農民曆
lông-sán-phín,農產品
lông-sià,農舍
lông-io̍h,農藥
tshiok,辵
tshian,迁
git,迄
gut,迄
sìn,迅
sìn-sok,迅速
kò,过
gîng,迊
ōng,迋
thô,迌
thôr,迌
tun,迍
giâ,迎
gîng,迎
ngiâ,迎
gîng-tsiàn,迎戰
gîng-tsiap,迎接
gîng-tsih,迎接
ngiâ-tsih,迎接
gîng-sin,迎新
ngiâ-sin,迎新
ngiâ-sin-khì-kū,迎新棄舊
giâ-ting,迎燈
ngiâ-ting,迎燈
ngiâ-sîn,迎神
giâ-nāu-jia̍t,迎鬧熱
giâ-nāu-lia̍t,迎鬧熱
ngiâ-lāu-jia̍t,迎鬧熱
ngiâ-lāu-lia̍t,迎鬧熱
kīn,近
kūn,近
kīrn,近
kǔn,近
kīn-tāi,近代
kūn-tāi,近代
kīn-lâi,近來
kūn-lâi,近來
kīn-uá,近倚
kūn-uá,近倚
kīn-tau,近兜
kūn-tau,近兜
kīn-nî,近年
kūn-nî,近年
kīn-biō-khi-sîn,近廟欺神
kūn-biō-khi-sîn,近廟欺神
kīn-ji̍t,近日
kūn-li̍t,近日
kīn-kî,近期
kūn-kî,近期
kīn-sī,近視
kūn-sī,近視
kīn-tshin,近親
kūn-tshin,近親
hâ,迒
hâng,迒
hông,迒
hānn,迒
gā,迓
huán,返
gōo,迕
ngóo,迕
huan,还
gān,这
siâu,迢
tiâu,迢
híng,迥
kíng,迥
ka,迦
khia,迦
kia,迦
tāi,迨
ti̍k,迪
pik,迫
pik-tshik,迫促
pik-tshiok,迫促
pik-uá,迫倚
pik-tshiat,迫切
pik-hāi,迫害
pik-kīn,迫近
pik-kūn,迫近
tia̍t,迭
tsik,迮
tsok,迮
tô,迯
su̍t,述
huê,迴
huê-phiah,迴避
huê-pī,迴避
huê-liông,迴龍
thàng,迵
thàng-hái,迵海
thàng--kuè,迵過
thàng--kè,迵過
bê,迷
bê-luān,迷亂
bê-lâng,迷人
bê-sìn,迷信
bê-sit,迷失
bê-kiong,迷宮
bê-su,迷思
bê-hi̍k,迷惑
bê-luân,迷戀
piàng,迸
pìng,迸
tsik,迹
nái,迺
tui,追
tui-hun,追分
tui-ka,追加
tui-su,追思
tui-póo,追捕
tui-kik,追擊
tui-tsa,追查
tui-sat,追殺
tui-kiû,追求
tui-sòo,追溯
tui-kiù,追究
tui-jīn,追認
tui-līn,追認
tui-kuánn,追趕
tui-tsong,追蹤
tui-suî,追隨
sûn,迿
tsùn,迿
thuè,退
thè,退
thèr,退
thè-ngóo,退伍
thè-hiu,退休
thè-ping,退冰
thè-tshut,退出
thuè-khûn,退勤
thè-khîn,退勤
thè-huà,退化
thè-tiûnn,退場
thè-hun,退婚
thè-ha̍k,退學
thè-tiānn,退定
thè-āu,退後
thè-hué,退悔
thè-sî,退時
thè-sî-kiânn,退時行
thè-pōo,退步
thè-lâu,退流
thè-hué,退火
thè-hé,退火
thè-jia̍t,退熱
thè-lia̍t,退熱
thè-sio,退燒
thè-hông,退癀
thè-phiò,退票
thè-suè,退稅
thè-sè,退稅
thè-tâng,退童
thè-kóo,退股
thè-sik,退色
thè-hîng,退還
thè-tsiú,退酒
sàng,送
sòng,送
sàng-tsiūnn-suann,送上山
sàng-tsiūnn-suann-thâu,送上山頭
sàng-kau,送交
sàng-tshut-suann,送出山
sàng-pia̍t,送別
sòng-pia̍t,送別
sàng-kè,送嫁
sàng-tiānn,送定
sàng-suann,送山
sàng-suann-thâu,送山頭
sàng-ji̍t-á,送日仔
sàng-li̍t-á,送日仔
sàng-sîn,送神
sàng-lé,送禮
sàng-tsòng,送葬
sàng-hîng,送行
sòng-hîng,送行
sàng-i,送醫
kuat,适
tô,逃
tôo,逃
tô-bông,逃亡
tô-ping,逃兵
tô-miā,逃命
tô-huān,逃犯
tô-senn,逃生
tô-sing,逃生
tô-sinn,逃生
tô-thuat,逃脫
tô-tsáu,逃走
tô-phiah,逃避
tô-pī,逃避
tô-lān,逃難
pâng,逄
hōo,逅
gi̍k,逆
gi̍k-kíng,逆境
gi̍k-thinn,逆天
gi̍k-tsú,逆子
pôo,逋
iû,逌
siau,逍
siau-iâu,逍遙
thiò,透
thàu,透
thò,透
thòo,透
thàu-sì-lâng,透世人
thàu-tiong-tàu,透中晝
thàu-thinn,透天
thàu-bué,透尾
thàu-bé,透尾
thàu-nî,透年
thàu-tué,透底
thàu-té,透底
thàu-sim-liâng,透心涼
thàu-thiu,透抽
thàu-tsi,透支
thàu-ji̍t,透日
thàu-li̍t,透日
thàu-tsá,透早
thàu-bîng,透明
thàu-àm,透暗
thàu-mê,透暝
thàu-mî,透暝
thàu-ki,透機
thàu-lâu,透流
thàu-thiat,透澈
thàu-lām,透濫
thàu-sī,透視
thàu-thàu,透透
thàu-kuè,透過
thàu-kè,透過
thàu-hōo,透雨
thàu-lōo,透露
thàu-hong,透風
thàu-pìn-hôo,透鬢鬍
giok,逐
jik,逐
jiok,逐
jip,逐
lip,逐
ta̍k,逐
tio̍k,逐
tsip,逐
ta̍k ê,逐个
ta̍k-ke,逐家
ta̍k-kang,逐工
ta̍k-nî,逐年
ta̍k-pái,逐擺
ta̍k-ji̍t,逐日
ta̍k-li̍t,逐日
ta̍k-àm,逐暗
ta̍k hāng,逐項
kiû,逑
tuē,逓
tôo,途
kìng,逕
ti̍k,逖
tōo,逗
gān,這
tsé,這
tse,這
tsit,這
tsit-sì-lâng,這世人
tsit ê,這个
tsit-tah,這搭
tsiah-sî,這時
tsit-sî,這時
tsiàng-sî,這時
tsit iūnn,這樣
tsit khuán,這款
tsit-khuì,這氣
tsit-tang-tsūn,這當陣
tsit tsióng,這種
tsit-tsām,這站
tsit-siann,這聲
tsit-hō,這號
tsit-lō,這號
tsit-lǒo-bér,這路尾
tsit-kuè,這過
tsit-kè,這過
tsit tsūn,這陣
tsit-tsūn,這陣
tsit-má,這馬
tsit-tiám-á,這點仔
thang,通
thong,通
thong-lâng,通人
thong-lâng-tsai,通人知
thong-sio̍k,通俗
thong-sìn,通信
thang-kng,通光
thong-khîn,通勤
thong-khûn,通勤
thong-kò,通告
thong-pò,通報
thang-hó,通好
thong-kan,通姦
thong-hāng,通巷
thong-siông,通常
thong-kuî-á,通懷仔
thong-phue,通批
thong-si,通書
thong-sir,通書
thong-su,通書
thong-tsir,通書
thong-tsu,通書
thong-iōng,通用
thong-puânn,通盤
thong-ti,通知
thong-tsi̍p,通緝
thong-hâng,通航
thong-hîng,通行
thong-sìn,通訊
thong-bôo,通謀
thong-i̍k,通譯
thong-lōo,通路
thong-tshia,通車
thong-kuè,通過
thong-kè,通過
thong-kuan,通關
thong-tiān,通電
thong-siau,通霄
thong-siau-tìn,通霄鎮
thang-hong,通風
thong-kóo,通鼓
kòng,逛
kóng,逛
sē,逝
tsuā,逝
thíng,逞
thíng-kiông,逞強
thíng-sìng,逞性
sok,速
sok-tōo,速度
sok-lu̍t,速率
tsō,造
tsōo,造
tsō-tsok,造作
tsō-sè,造勢
tsō-huà,造化
tsō-huán,造反
tsō-hîng,造型
tsō-tsiū,造就
tsō-hîng,造形
tsō-sîng,造成
tsō-lîm,造林
tsō-kiô,造橋
tsō-kiô-hiong,造橋鄉
tsō-hok,造福
tsō-tsûn,造船
tsō-uē,造話
tsō-lōo,造路
tsùn,逡
hông,逢
pâng,逢
liân,連
liâm,連
nî,連
liân-jīm,連任
liân-līm,連任
liân-tōng,連動
liân-huê,連回
liân-tài,連帶
liân-tsiap,連接
liân-ji̍t,連日
liân-li̍t,連日
liân-lîm,連林
liân-kang-kuān,連江縣
liân-khuân,連環
liân-sio-suà,連相紲
liân-luī,連累
liân-suà,連紲
liân-kiat,連結
liân-suànn,連線
liân-hē,連繫
liân-sio̍k,連續
liân-sio̍k-kio̍k,連續劇
liân-sú,連署
liân-khim,連襟
liân-kuàn,連貫
liân-liân,連連
liân-só,連鎖
liân-tiúnn,連長
liâm-mi,連鞭
liâm-pinn,連鞭
phun,逩
phùn,逩
kuat,逫
tuat,逫
kuán,逭
tāi,逮
lio̍h,逯
lio̍k,逯
tsiu,週
tsiu-khan,週刊
tsiu-nî,週年
tsiu-kî,週期
tsiu-pinn,週邊
tsìn,進
tsìn-tsi̍t-pōo,進一步
tsìn-siu,進修
tsìn-ji̍p,進入
tsìn-li̍p,進入
tsìn-tshut,進出
tsìn-tsîng,進前
tsìn-huà,進化
tsìn-kháu,進口
tsìn-tián,進展
tsìn-tōo,進度
tsìn-kong,進攻
tsìn-pōo,進步
tsìn-iōng,進用
tsìn-hîng,進行
tsìn-huè,進貨
tsìn-hè,進貨
tsìn-kun,進軍
tsìn-thè,進退
tsìn-kai,進階
tsìn-hiunn,進香
tsìn-tsù,進駐
tsìn-tsū,進駐
kuî,逵
ui,逶
ia̍t,逸
i̍k,逸
i̍t,逸
iat,逸
pik,逼
piat-tshiam-si,逼籤詩
pik-tshiam-si,逼籤詩
pik-kīn,逼近
pik-kūn,逼近
jû,逾
tông,逿
tōng,逿
tūn,遁
suī,遂
tê,遆
gī,遇
gū,遇
bū,遇
bǔ,遇
gū-tio̍h,遇著
iû,遊
iû-ha̍k,遊學
iû-kheh,遊客
iû-lo̍k,遊樂
iû-lo̍k-khu,遊樂區
iû-lo̍k-hn̂g,遊樂園
iû-bîn,遊民
iû-hîng,遊行
iû-lám,遊覽
iû-lám-tshia,遊覽車
iû-suè,遊說
iû-lûn,遊輪
ūn,運
īn,運
ūn-tsok,運作
ūn-tōng,運動
ūn-tōng-tiânn,運動埕
ūn-tōng-huē,運動會
ūn-sè,運勢
ūn-miā,運命
ūn-puann,運搬
ūn-khì,運氣
ūn-hô,運河
ūn-iōng,運用
ūn-suàn,運算
ūn-hîng,運行
ūn-huì,運費
ūn-su,運輸
ūn-tsuán,運轉
ūn-tsuán-tshiú,運轉手
ūn-sàng,運送
ūn-tôo,運途
ūn-liōng,運量
ūn-tshau-tshia,運鈔車
phiàn,遍
piàn,遍
piàn-pòo,遍佈
kò,過
kòo,過
koh,過
kuè,過
kè,過
kèr,過
kuà,過
kuè-hūn,過份
kè-hūn,過份
kuè--lâi,過來
kuè-tang-tsiáu,過冬鳥
kè-tang-tsiáu,過冬鳥
kuè-hun,過分
kè-hun,過分
kuè-sīng,過剩
kuè-tshù,過厝
kè-tshù,過厝
kuè-khì,過去
kè-khì,過去
kè-khù,過去
kuè-miâ,過名
kè-miâ,過名
kuè-tshuì,過喙
kè-tshuì,過喙
kuè-kíng,過境
kè-kíng,過境
kuè-sit,過失
kè-sit,過失
kuè-the̍h,過宅
kè-the̍h,過宅
kuè-tiānn,過定
kè-tiānn,過定
kuè-tiānn--ah,過定矣
kuè-ke,過家
kè-ke,過家
kuè-nî,過年
kè-nî,過年
kuè-nî-kuè-tseh,過年過節
kè-nî-kè-tsueh,過年過節
kuè-tōo,過度
kè-tōo,過度
kuè-óng,過往
kè-óng,過往
kuè-āu,過後
kè-āu,過後
kuè-sim,過心
kè-sim,過心
kuè-ì,過意
kè-ì,過意
kuè-lī,過慮
kè-lū,過慮
kuè-hōo,過戶
kè-hōo,過戶
kuè-pâng,過房
kè-pâng,過房
kuè-tshiú,過手
kè-tshiú,過手
kuè-bín,過敏
kè-bín,過敏
kuè-siàu,過數
kè-siàu,過數
kuè-ji̍t,過日
kè-li̍t,過日
kuè-sî,過時
kè-sî,過時
kuè-tàu,過晝
kè-tàu,過晝
kuè-mê,過暝
kè-mî,過暝
kuè-kî,過期
kè-kî,過期
kuè-kiô,過橋
kuè-khuì,過氣
kè-khuì,過氣
kuè-tsuí,過水
kè-tsuí,過水
kuè-tsuí-huè,過水貨
kuè-tsuí-hè,過水貨
kuè-tōo,過渡
kè-tōo,過渡
kuè-lī,過濾
kè-lī,過濾
kuè-hué,過火
kè-hé,過火
kuè-lôo,過爐
kè-lôo,過爐
kuè-giàn,過癮
kè-giàn,過癮
kuè-ba̍k,過目
kè-ba̍k,過目
kuè-pōng,過磅
kè-pōng,過磅
kuè-thîng,過程
kuè-tîng,過程
kè-thîng,過程
kè-tîng,過程
kè--tio̍h,過著
kòo-khiam,過謙
kuè-lōo-lâng,過路人
kè-lōo-lâng,過路人
kuè-sin,過身
kè-sin,過身
kèr-sin,過身
kuè-thong-kuan,過通關
kè-thong-kuan,過通關
kuè-liōng,過量
kè-liōng,過量
kuè-mn̂g,過門
kè-mn̂g,過門
kuè-kuan,過關
kè-kuan,過關
kuè-tiān,過電
kè-tiān,過電
kuè-bīn,過面
kè-bīn,過面
kuè-thâu,過頭
kè-thâu,過頭
kuè-hong,過風
kè-hong,過風
kuè-kiâm-tsuí--ê,過鹹水的
kè-kiâm-tsuí--ê,過鹹水的
at,遏
at-tshiú-pà,遏手把
at-ám,遏泔
hia,遐
hiâ,遐
hiô,遐
hâ,遐
hô,遐
hiah,遐
hiah-nī,遐爾
hiah-nī-á,遐爾仔
hia--ê,遐的
hông,遑
iû,遒
tō,道
tōo,道
tō-iú,道友
tō-tiûnn,道場
tō-sū,道士
tō-sū-á,道士仔
tō-tik,道德
tō-kàu,道教
tō-lí,道理
tō-gī,道義
tō-hīng,道行
tō-lōo,道路
ta̍t,達
ta̍t-jîn-hiong,達仁鄉
ta̍t-kàu,達到
ta̍t-sîng,達成
uî,違
uî-huán,違反
uî-kiàn,違建
uî-hiàn,違憲
uî-khòng,違抗
uî-huat,違法
uî-kìm-phín,違禁品
uî-iok,違約
uî-iok-kim,違約金
uî-puē,違背
uî-kui,違規
kòo,遘
iâu,遙
iâu-khòng,遙控
iâu-uán,遙遠
liû,遛
liù,遛
liù-tshiú,遛手
liù-phí-á,遛疕仔
liù-phuê,遛皮
liù-phê,遛皮
liù-phêr,遛皮
sùn,遜
ta̍p,遝
tē,遞
uān,遠
hn̄g,遠
huīnn,遠
hňg,遠
uán,遠
hn̄g-tau,遠兜
uán-tsing,遠征
uán-kíng,遠景
uán-tong,遠東
uán-iûnn,遠洋
uán-kiàn,遠見
uán-sī,遠視
uán-tshin,遠親
uán-tsiok,遠足
uán-lî,遠離
uán-lī,遠離
thap,遢
khián,遣
gô,遨
ngôo,遨
sik,適
sik-ha̍p,適合
sik-ìng,適應
sik-iōng,適用
sik-tong,適當
sik-tòng,適當
sik-liōng,適量
thik,遫
sok,遬
tso,遭
tsoo,遭
tso-siū,遭受
tso-gū,遭遇
jia,遮
lia,遮
tsia,遮
tsiâ,遮
tsiô,遮
tsiah,遮
jia-khàm,遮崁
lia-khàm,遮崁
jia-ji̍t,遮日
lia-li̍t,遮日
tsiah-nī,遮爾
tsiah-nī-á,遮爾仔
tsia--ê,遮的
jia-muâ,遮瞞
lia-muâ,遮瞞
jia-tsa̍h,遮閘
lia-tsa̍h,遮閘
jia-hōo,遮雨
lia-hōo,遮雨
jia-hong,遮風
lia-hong,遮風
tūn,遯
tài,遰
tē,遰
lôo,遱
tî,遲
tî-tò,遲到
lîn,遴
līn,遴
lîn-suán,遴選
tsun,遵
tsun-bīng,遵命
tsun-siú,遵守
tsun-tsiàu,遵照
jiáu,遶
jiâu,遶
tshian,遷
tshian-ji̍p,遷入
tshian-li̍p,遷入
tshian-ki,遷居
tshian-ku,遷居
tshian-suá,遷徙
suán,選
suán-tshut,選出
suán-bū,選務
suán-khu,選區
suán-tuann,選單
suán-tīng,選定
suán-tsîng,選情
suán-tsiàn,選戰
suán-tshiú,選手
suán-ti̍k,選擇
suán-bîn,選民
suán-iōng,選用
suán-īng,選用
suán-phiò,選票
suán-pā-huat,選罷法
suán-kí,選舉
suán-kú,選舉
suán-kòo,選購
suán-hāng,選項
u̍t,遹
uî,遺
i,遺
uî-thuân,遺傳
uî-tsiok,遺囑
uî-tsí,遺址
uî-hām,遺憾
uî-si,遺書
uî-su,遺書
uî-sán,遺產
uî-giân,遺言
uî-tsik,遺蹟
uî-thé,遺體
go̍k,遻
gōo,遻
liâu,遼
kù,遽
phiah,避
pī,避
phiah-bián,避免
pī-bián,避免
phiah-lān,避難
pī-lān,避難
iau,邀
io,邀
iau-iok,邀約
iau-tshiánn,邀請
iau-tsi̍p,邀集
māi,邁
hāi,邂
huân,還
hâinn,還
hân,還
hîng,還
huān,還
huân-sio̍k,還俗
hîng-tsè,還債
hîng siàu,還數
hîng tsînn,還錢
hîng-guān,還願
tsian,邅
jínn,邇
biáu,邈
pinn,邊
pian,邊
pinn--á,邊仔
pinn-á-kak,邊仔角
pian-kài,邊界
pian-iân,邊緣
pinn--thâu,邊頭
lia̍p,邋
lô,邏
lō,邏
lô-tsi̍p,邏輯
lí,邐
ip,邑
kī,邔
iong,邕
hân,邘
bông,邙
giông,邛
kiông,邛
báu,邜
pin,邠
hong,邡
hóng,邡
hîng,邢
lô,那
ná,那
na-gá-sih,那卡西
na-khá-sih,那卡西
na-má-siah-khu,那瑪夏區
pang,邦
pang-kau,邦交
guân,邧
tshuan,邨
tshun,邨
siâ,邪
siâ-ok,邪惡
siâ-suat,邪說
hân,邯
ham,邯
thai,邰
khu,邱
khiu,邱
khu-n̂g,邱黃
khu-uînn,邱黃
pi̍t,邲
pì,邲
pi,邳
phi,邳
píng,邴
pìng,邴
siāu,邵
siō,邵
puē,邶
tí,邸
tsau,邹
tse,邹
tsio,邹
tsoo,邹
ke,邽
kui,邽
tsu,邾
tu,邾
hiok,郁
ha̍p,郃
khik,郄
tsit,郅
huân,郇
sûn,郇
hōo,郈
kau,郊
kau-khu,郊區
kau-guā,郊外
kau-iû,郊遊
lông,郎
nn̂g,郎
lang,郎
lông-kun,郎君
iân,郔
sîng,郕
hi,郗
thi,郗
gôo,郚
ngôo,郚
hu,郛
khò,郜
khok,郜
hik,郝
hi̍k,郝
hok,郝
sik,郝
kiap,郟
kūn,郡
thíng,郢
íng,郢
pu̍t,郣
khik,郤
pōo,部
phō,部
pōo-hā,部下
pōo-hūn,部份
pōo-uī,部位
pōo-sio̍k,部屬
pōo-huē,部會
pōo-pian-pún,部編本
pōo-lo̍k,部落
pōo-tiúnn,部長
pōo-mn̂g,部門
pōo-tuī,部隊
tshe,郪
pì,郫
keh,郭
kueh,郭
kerh,郭
kok,郭
keh-lí,郭李
kueh-lí,郭李
keh-âng,郭洪
kueh-âng,郭洪
keh-n̂g,郭黃
kueh-n̂g,郭黃
kueh-uînn,郭黃
tâm,郯
pîn,郱
lâi,郲
gê,郳
thim,郴
iû,郵
iû-kiānn,郵件
iû-piān-kio̍k,郵便局
iû-kio̍k,郵局
iû-tshai,郵差
iû-tsìng,郵政
iû-tsìng phok-bu̍t-kuán,郵政博物館
iû-phiò,郵票
iû-phiòr,郵票
iû-tâng,郵筒
iû-tsu,郵資
iû-kòo,郵購
too,都
to,都
too-ha̍p,都合
too-sîng-hông-biō,都城隍廟
too-tshī,都市
too-huē,都會
too-huē kong-hn̂g,都會公園
ián,郾
bî,郿
jio̍k,鄀
go̍k,鄂
jû,鄃
su,鄃
kuàn,鄄
ūn,鄆
hôo,鄇
hiang,鄉
hiong,鄉
hionn,鄉
hiunn,鄉
hiong-thóo,鄉土
hiong-tshiû,鄉愁
hiong-tshuan,鄉村
hiong-tshun,鄉村
hiong-bîn,鄉民
hiong-tshin,鄉親
hiunn-lí,鄉里
hiong-tìn,鄉鎮
hiong-tiúnn,鄉長
sik,鄎
jio̍k,鄏
tsìn,鄑
tsau,鄒
tse,鄒
tsio,鄒
tsiu,鄒
tsoo,鄒
oo,鄔
óo,鄔
ûn,鄖
hō,鄗
khau,鄗
iông,鄘
phí,鄙
bo̍k,鄚
hu,鄜
lo̍k,鄜
liáu,鄝
khîn,鄞
khûn,鄞
gûn,鄞
tsuan,鄟
hōo,鄠
ian,鄢
tsiong,鄣
tsiòng,鄣
bân,鄤
khiau,鄥
tīng,鄧
tīng-kong-biō,鄧公廟
sîm,鄩
tsing,鄫
uî,鄬
tēnn,鄭
tīnn,鄭
tīng,鄭
tēnn--sī ka-biō,鄭氏家廟
tīng-tiōng,鄭重
tēnn-n̂g,鄭黃
tēnn-uînn,鄭黃
tīnn-n̂g,鄭黃
bōo,鄮
lîn,鄰
lîn-kīn,鄰近
lîn-kūn,鄰近
lîn-tiúnn,鄰長
phuân,鄱
tan,鄲
bông,鄳
gia̍p,鄴
tshò,鄵
kuè,鄶
hong,鄷
tsoo,鄹
khòng,鄺
kóng,鄺
iu,鄾
lîng,酃
hê,酅
hong,酆
tsàn,酇
li̍k,酈
lê,酈
iú,酉
tíng,酊
siû,酋
tsiok,酌
phuè,配
phè,配
phèr,配
phuè-kiānn,配件
phè-kiānn,配件
phuè-pī,配備
phè-pī,配備
phuè-ha̍p,配合
phè-ha̍p,配合
phuè-thò,配套
phè-thò,配套
phuè-tuì,配對
phè-tuì,配對
phuè-liāu,配料
phè-liāu,配料
phuè-hng,配方
phè-hng,配方
phuè-ga̍k,配樂
phè-ga̍k,配樂
phuè-huat,配發
phè-huat,配發
phuè-tsíng,配種
phè-tsíng,配種
phuè-kip,配給
phè-kip,配給
phuè-tì,配置
phè-tì,配置
phuè-kóo,配股
phè-kóo,配股
phuè-sik,配色
phè-sik,配色
phuè-kak,配角
phè-kak,配角
phuè-sàng,配送
phè-sàng,配送
phuè-im,配音
phè-im,配音
phuè-thâu,配頭
phè-thâu,配頭
phuè-gia̍h,配額
phè-gia̍h,配額
tiū,酎
tsiú,酒
tsiú-sian,酒仙
tsiú-līng,酒令
tsiú-pa,酒吧
tsiú-ka,酒家
tsiú-tiàm,酒店
tsiú-huē,酒會
tsiú-pue,酒杯
tsiú-lâu,酒樓
tsiú-bú,酒母
tsiú-lāu-á,酒漏仔
tsiú-pân,酒瓶
tsiú-au,酒甌
tsiú-àng,酒甕
tsiú-tinn,酒甜
tsiú-phiah,酒癖
tsiú-kan,酒矸
tsiú-kan-á-só,酒矸仔嫂
tsiú-kan-that-á,酒矸窒仔
tsiú-khut--á,酒窟仔
tsiú-khut-á,酒窟仔
tsiú-tsing,酒精
tsiú-tsau,酒糟
tsiú-kuàn-á,酒罐仔
tsiú-tshài,酒菜
tsiú-phuè,酒配
tsiú-phè,酒配
tsiú-tsuì,酒醉
tsiú-liōng,酒量
tsiú-khui-á,酒開仔
môo,酕
tam,酖
thìm,酖
tôo,酘
tô,酡
niàu,酢
tshòo,酢
tso̍k,酢
ham,酣
koo,酤
soo,酥
soo-io,酥腰
bíng,酩
lo̍k,酪
siû,酬
tîng,酲
īn,酳
tôo,酴
kà,酵
kànn,酵
kàu,酵
kà-bú,酵母
kànn-bó,酵母
kànn-bú,酵母
kànn-sòo,酵素
muî,酶
khok,酷
khok-hîng,酷刑
sng,酸
suan,酸
suinn,酸
sng-bui,酸微
sng-kam,酸甘
sng-lam,酸甘
sng-kam-tinn,酸甘甜
sng-lam-tinn,酸甘甜
sng-sún,酸筍
sng-hōo,酸雨
luī,酹
pôo,酺
lio̍k,醁
am,醃
iam,醃
am-kue,醃瓜
iâm-kue,醃瓜
âm-kue,醃瓜
iâm-kue-á,醃瓜仔
âm-kue-á,醃瓜仔
am-kng,醃缸
iam-kng,醃缸
âm-kng,醃缸
tô,醄
phue,醅
tsán,醆
sûn,醇
tsuì,醉
tuat,醊
tshòo,醋
tshòo-tháng,醋桶
thé,醍
thê,醍
ôo,醐
síng,醒
tshénn,醒
tshínn,醒
síng-ngōo,醒悟
tshénn-gōo,醒悟
tshínn-gōo,醒悟
tshénn-ba̍k,醒目
tshínn-ba̍k,醒目
tham,醓
thám,醓
tshiú,醜
ùn,醞
īng,醟
tsà,醡
tsà-bú-tsháu,醡母草
tsà-tsiunn-tsháu,醡漿草
hái,醢
phiáu,醥
sam,醦
tshám,醦
lî,醨
lô,醪
i,醫
i-ha̍k,醫學
i-su,醫師
i-tī,醫治
i-sing,醫生
i-sing-kuán,醫生館
i-kài,醫界
i-liâu,醫療
i-io̍h,醫藥
i-su̍t,醫術
i-hōo,醫護
i-īnn,醫院
tsiàng,醬
tsiòng,醬
tsiònn,醬
tsiùnn,醬
tsiùnn-liāu,醬料
tsiònn-kue,醬瓜
tsiùnn-kue,醬瓜
tsiùnn-kue-á,醬瓜仔
tsiùnn-tshài,醬菜
tsiùnn-kiâm,醬鹹
phok,醭
po̍k,醭
tsiàu,醮
tsiò,醮
he,醯
thâm,醰
puat,醱
lông,醲
lé,醴
kio̍k,醵
jú,醹
jû,醹
hun,醺
bî,醾
bî,醿
jiāng,釀
jiōng,釀
liōng,釀
hùn,釁
tsiok,釂
tsiàu,釂
su,釃
bî,釄
giâm,釅
piān,釆
tshái,采
iu,釉
iū,釉
sik,釋
sik-tshut,釋出
sik-hiàn,釋憲
sik-hòng,釋放
sik-khia,釋迦
sik-khiau,釋迦
sik-kia,釋迦
sik-kiau,釋迦
lí,里
lí-bîn,里民
lí-káng-hiong,里港鄉
lí-tiúnn,里長
tiông,重
tîng,重
tiōng,重
tāng,重
tǎng,重
tāng-hinnh-hinnh,重hinnh-hinnh
tāng-hi̍nnh-hi̍nnh,重hi̍nnh-hi̍nnh
tāng-huainnh-huainnh,重huainnh-huainnh
tāng-huàinn-huàinn,重huàinn-huàinn
tāng-innh-innh,重innh-innh
tāng-thuī-thuī,重thuī-thuī
tîng-lâi,重來
tîng-puē,重倍
tāng-siong,重傷
tāng-lāi,重利
tiông-ue̍h-khu,重劃區
tîng-kù,重句
tāng-hîng,重型
tiōng-tāi,重大
tîng-sûn,重巡
tiông-kiàn,重建
tiōng-sim,重心
tāng-tshiú,重手
tāng-tshiú-thâu,重手頭
tiông-pò,重播
tiông-pòo,重播
tîng-pò,重播
tîng-pòo,重播
tāng-tànn,重擔
tāng-khi-pîng,重敧爿
tiông-tsíng,重整
tiông-sin,重新
tāng-pún,重本
tiông-hiān,重現
tiông-sing,重生
tîng-tha̍h,重疊
tāng-pēnn,重病
tāng-pīnn,重病
tiōng-bîn,重眠
tiōng-tshīng,重穿
tāng-tauh-tauh,重篤篤
tāng-tsuē,重罪
tîng-tânn,重耽
tāng-siann,重聲
tiông-ho̍k,重複
tiōng-iàu,重要
tiōng-sī,重視
tîng-tîng-tha̍h-tha̍h,重重疊疊
tāng-liōng,重量
tiōng-tsînn,重錢
tiông-iông,重陽
tiông-iông-tseh,重陽節
tiông-iông-tsueh,重陽節
tiông-iâng-tseh,重陽節
tāng-im,重音
tāng-thâu-khin,重頭輕
tiōng-tsia̍h,重食
tāng-kiâm,重鹹
tiōng-tiám,重點
iá,野
iá-sam,野參
iá-tâi-hì,野台戲
iá-bī,野味
iá-guā,野外
iá-sim,野心
iá-sìng,野性
iá-gû,野牛
iá-lông,野狼
iá-siù,野獸
iá-kiû,野球
iá-sing,野生
iá-hue,野花
iá-bân,野蠻
iá-ke-á-tshia,野雞仔車
iá-kue-á-tshia,野雞仔車
iá-tshan,野餐
iá-bé,野馬
liâng,量
liông,量
liāng,量
liōng,量
niôo,量
niû,量
niōo,量
niū,量
niō-á,量仔
niū-á,量仔
liōng-kî-iok,量其約
liōng-kî-iok-á,量其約仔
liōng-sán,量產
lî,釐
kim,金
kim-tsú,金主
kim-á,金仔
kim-á-tiàm,金仔店
kim-kong-tóng,金光黨
kim-kong-tsio̍h,金剛石
kim-pau-lí,金包里
kim-kâm,金含
kim-kiánn,金囝
kim-siânn-tìn,金城鎮
kim-hun,金婚
kim-jī-thah,金字塔
kim-lī-thah,金字塔
kim-lîng-hiong,金寧鄉
kim-sio̍k,金屬
kim-suann,金山
kim-san-khu,金山區
kim-hong-hiong,金峰鄉
kim-lun,金崙
kim-lūn,金崙
kim-pè,金幣
kim-khòo,金庫
kim-táu,金斗
kim-táu-kong,金斗公
kim-táu-àng-á,金斗甕仔
kim-tshenn,金星
kim-tshinn,金星
kim-khik,金曲
kim-khiok,金曲
kim-kam,金柑
kim-kam-á,金柑仔
kim-kiat-á,金桔仔
kim-tiâu,金條
kim-tsó,金棗
kim-póng,金榜
kim-pńg,金榜
kim-sua-tìn,金沙鎮
kim-ôo-tìn,金湖鎮
kim-ku̍t,金滑
kim-nà-nà,金爁爁
kim-sih-sih,金爍爍
kim-lôo,金爐
kim-pâi,金牌
kim-kue,金瓜
kim-po̍h,金箔
kim-hún,金粉
kim-tsuá,金紙
kim-tsuá-tiàm,金紙店
kim-si-kâu,金絲猴
kim-suànn-liân,金線蓮
kim-sik,金色
kim-tsio,金蕉
kim-iông,金融
kim-sîn,金蠅
kim-giân,金言
kim-giân-gio̍k-gí,金言玉語
kim-giân-gio̍k-gú,金言玉語
kim-sin,金身
kim-kim,金金
kim-kim-siòng,金金相
kim-kim-khuànn,金金看
kim-tsam,金針
kim-tsiam,金針
kim-tsiam-koo,金針菇
kim-kau-hê,金鉤蝦
kim-tsînn,金錢
kim-liān-á,金鍊仔
kim-siak-siak,金鑠鑠
kim-mn̂g-kuān,金門縣
kim-siám-siám,金閃閃
kim-gia̍h,金額
kim-hiunn-tsik,金香燭
kim-hî,金魚
kim-hû,金魚
kim-n̂g,金黃
kim-tiánn,金鼎
kim-ku,金龜
kim-ku-li̍k,金龜綠
it,釔
to,釖
tsiau,釗
tan,釘
ting,釘
tìng,釘
ting-á,釘仔
ting-á-khînn,釘仔鉗
tìng-koo-ki,釘孤枝
tìng-kin,釘根
tìng-kun,釘根
tìng-tiám,釘點
hú,釜
tsam,針
tsiam,針
tsim,針
tsiam-tuì,針對
tsiam-tsáinn,針指
tsiam-kù,針灸
tsiam-khang,針空
tsiam-tâng,針筒
tsam-tshia,針車
tsiam-tshia,針車
tsiam-thâu,針頭
tsiam-tsí,針黹
tsiam-phīnn,針鼻
tsip,釞
tiàu,釣
tiò,釣
tiò--á,釣仔
tiò-iú,釣友
tiò-kuann,釣竿
tiòr-kuann-á,釣竿仔
tiò-tshêr,釣箠
tiò-ko,釣篙
tiò-kau,釣鉤
tiò-jī,釣餌
tiò-lī,釣餌
tiò-hî,釣魚
tiò-hû,釣魚
tiò-hî-tâi,釣魚台
tiò-hî-ang,釣魚翁
tiò-hû-ang,釣魚翁
sam,釤
sàm,釤
khòo,釦
khóo,釦
tshuan,釧
tshuàn,釧
huân,釩
hua,釫
huâ,釫
hān,釬
kong,釭
tē,釱
i̍k,釴
the,釵
thue,釵
tshai,釵
iâ,釾
kun,釿
pa,鈀
hong,鈁
kian,鈃
giang,鈃
giang-á,鈃仔
thió,鈄
thóo,鈄
gua̍t,鈅
iân,鈆
hu,鈇
la̍p,鈉
sim,鈊
tshìm,鈊
ngôo,鈋
tun,鈍
tūn,鈍
tùn,鈍
tūn-to,鈍刀
tūn-tshī,鈍市
tūn-ba̍k,鈍目
tūn-kha-tūn-tshiú,鈍跤鈍手
koo,鈎
khiâm,鈐
khip,鈒
sap,鈒
tshà,鈔
tshau,鈔
liú,鈕
liú-á,鈕仔
liú-á-khang,鈕仔空
liú liú-á,鈕鈕仔
uínn,鈗
ńg,鈗
ńg-á,鈗仔
pî,鈚
hîng,鈜
kin,鈞
kun,鈞
bián,鈣
thài,鈦
lik,鈪
lîng,鈴
liâng-á,鈴仔
lîng-á,鈴仔
sū,鈶
kóo,鈷
pua̍h,鈸
pua̍t,鈸
phi,鈹
gio̍k,鈺
tiân,鈿
tiān,鈿
kap,鉀
thiat,鉄
kū,鉅
khiâm,鉆
tiam,鉆
tô,鉈
hiân,鉉
tsiau,鉊
phāu,鉋
pâu,鉋
san,鉎
sian,鉎
sing,鉎
thû,鉏
tsoo,鉏
tsóo,鉏
po̍k,鉑
tsù,鉒
khiâm,鉗
khînn,鉗
khînn-á,鉗仔
kóng,鉚
iân,鉛
iân-tsí,鉛子
iân-tháng,鉛桶
iân-tháng-á,鉛桶仔
iân-kiû,鉛球
iân-pit,鉛筆
iân-pit-á,鉛筆仔
iân-pit-khau,鉛筆剾
iân-pit-ká-á,鉛筆絞仔
iân-kóng,鉛管
iân-suànn,鉛線
iân-phiánn,鉛鉼
ua̍t,鉞
kiap,鉣
kau,鉤
kio,鉤
koo,鉤
kau-á,鉤仔
kau-hī,鉤耳
kau-hīnn,鉤耳
tsing,鉦
bóng,鉧
hîng,鉶
ka,鉸
kau,鉸
ka-to,鉸刀
ka-tor,鉸刀
ka-to-pîng,鉸刀爿
ka-tsián,鉸剪
ka-tsián-to,鉸剪刀
ka-lián,鉸攆
píng,鉼
phiánn,鉼
pín,鉼
pín-tsiam,鉼針
gîn,銀
gûn,銀
gîrn,銀
gîn-á-kak,銀仔角
gûn-á-kak,銀仔角
gîn-khì,銀器
gûn-khì,銀器
gîn-bōo,銀幕
gûn-bōo,銀幕
gîn-lâu,銀樓
gûn-lâu,銀樓
gîrn-hô,銀河
gûn-hô,銀河
gîn-phiò,銀票
gîn-phiòr,銀票
gîrn-phiò,銀票
gûn-phiò,銀票
gîn-tsuá,銀紙
gûn-tsuá,銀紙
gîn-sik,銀色
gûn-sik,銀色
gîn-hâng,銀行
gîrn-hâng,銀行
gûn-hâng,銀行
gîn-kak-á,銀角仔
gûn-kak-á,銀角仔
kun,銁
tshiòng,銃
tshìng,銃
tshìng-tsí,銃子
tshìng-tshiú,銃手
tshìng-sat,銃殺
tshìng-khang,銃空
tshìng-io̍h,銃藥
tâng,銅
tông,銅
tâng-lâng,銅人
tâng-sián,銅仙
tâng-sián-tsînn-á,銅仙錢仔
tâng-siōng,銅像
tâng-pâi,銅牌
tâng-khuân,銅環
tâng-tshuah,銅礤
tâng-kóng,銅管
tâng-kóng-á,銅管仔
tâng-kóng-á-tshia,銅管仔車
tâng-suànn,銅線
tâng-tsînn,銅錢
tâng-e,銅鍋
tâng-ue,銅鍋
tâng-e-á,銅鍋仔
tâng-ue-á,銅鍋仔
tâng-lui,銅鐳
tâng-lô,銅鑼
tâng-lô-uan,銅鑼灣
tâng-lô-hiong,銅鑼鄉
tâng-tiánn,銅鼎
tâng-tiánn-á,銅鼎仔
luī,銇
tsūn,銌
tsik,銍
tsit,銍
khiong,銎
khing,銎
sián,銑
tshuan,銓
suān,銓
thiat,銕
sû,銖
tsu,銖
hiō,銗
hōo,銗
bîng,銘
khuá,銙
tiāu,銚
siam,銛
thiám,銛
hâm,銜
kun,銞
i,銥
an,銨
iú,銪
khàu,銬
huānn,銲
hān,銲
juē,銳
luē,銳
kiû,銶
siau,銷
siau-siū,銷售
siau-lōo,銷路
siau-liōng,銷量
siù,銹
tsho,銼
tshò,銼
lú,鋁
lī,鋁
līr,鋁
lū,鋁
muî,鋂
lông,鋃
kiám,鋄
tsú,鋅
ûn,鋆
puè,鋇
ak,鋈
ok,鋈
sok,鋉
io̍k,鋊
thíng,鋌
pu̍t,鋍
giap,鋏
kiap,鋏
giap-á,鋏仔
hîng,鋐
hông,鋐
tshuan,鋑
tsùn,鋑
hong,鋒
tsì,鋕
ngôo,鋘
gú,鋙
tshuàn,鋛
luat,鋝
tshím,鋟
tshim-á,鋟仔
tshìm-tshìm-tshenn-á,鋟鋟鎈仔
tshìm-tshenn-á,鋟鎈仔
tshím-tshenn-á,鋟鎈仔
sīn,鋠
iâ,鋣
thî,鋤
thû,鋤
tî,鋤
tîr,鋤
tû,鋤
tî-thâu,鋤頭
tû-thâu,鋤頭
kiok,鋦
hiān,鋧
bông,鋩
mê,鋩
mê-kak,鋩角
phoo,鋪
phoo-pâi,鋪排
phoo-pâi-uē,鋪排話
phoo-mî-hiû,鋪棉裘
phoo-lōo,鋪路
phoo-bīn than,鋪面蟶
sîng,鋮
khò,鋯
kì,鋸
kìr,鋸
kù,鋸
kì-á,鋸仔
kù-á,鋸仔
kì-sut-hu,鋸屑烌
kù-sut-hu,鋸屑烌
kì-lē-á,鋸鑢仔
kù-luē-á,鋸鑢仔
kì-khí,鋸齒
kù-khí,鋸齒
kong,鋼
kòng,鋼
kǹg,鋼
kǹg-gê,鋼牙
kǹg-khîm,鋼琴
kǹg-pit,鋼筆
kǹg-kin,鋼筋
kǹg-kun,鋼筋
kǹg-si,鋼絲
kǹg-ting,鋼釘
kǹg-thih,鋼鐵
tô,鋾
kó,錁
lio̍k,錄
li̍k,錄
lo̍k,錄
lio̍k-tshú,錄取
lo̍k-tshú,錄取
lio̍k-iánn,錄影
lo̍k-iánn,錄影
lio̍k-iōng,錄用
lo̍k-iōng,錄用
lio̍k-tsè,錄製
lo̍k-tsè,錄製
lo̍k-im,錄音
lo̍k-im-tuà,錄音帶
lo̍k-im-ki,錄音機
kuán,錈
pîng,錋
tsui,錐
o,錒
thap,錔
hûn,錕
khun,錕
suî,錘
thuî,錘
tsu,錙
tsing,錚
tshānn,錚
phun,錛
liap,錜
tsòng,錝
tsông,錝
sûn,錞
tuī,錞
tiānn,錠
tīng,錠
gî,錡
kî,錡
í,錡
tsînn,錢
tsiân,錢
tshiân,錢
tsînn-kin,錢根
tsînn-kun,錢根
tsînn-toh-á,錢桌仔
tsînn-kuī,錢櫃
tsînn-tsuí,錢水
tsînn-bo̍k kì-liām-kuán,錢穆紀念館
tsînn-tâng,錢筒
tsînn-tâng-á,錢筒仔
tsînn-siann,錢聲
tsînn-tsng,錢莊
tsînn-tē-á,錢袋仔
tsînn-tsâi,錢財
tsînn-kǹg,錢貫
tsînn-kuan,錢關
tsînn-hāng,錢項
tsînn-gia̍h,錢額
tsînn-kuí,錢鬼
tsînn-muâ,錢鰻
tsînn-tshí,錢鼠
tsînn-tshú,錢鼠
tuat,錣
ki,錤
kî,錤
io̍k,錥
gím,錦
kím,錦
gìm,錦
gím-piau,錦標
kím-piau,錦標
gìm-ku,錦痀
gím-tsuâ,錦蛇
kím-tsuâ,錦蛇
kuán,錧
biâu,錨
bâ,錨
tshiang,錩
tshiong,錩
siah,錫
sik,錫
sik-kháu,錫口
siah-tháng,錫桶
tiau,錭
to,錭
tô,錭
kòo,錮
tshok,錯
tshò,錯
tshòo,錯
tshò-luān,錯亂
tshò-sit,錯失
tshò-tshiú,錯手
tshò-kak,錯覺
tshò-gōo,錯誤
tshò-ngōo,錯誤
piáu,錶
pió,錶
pió-á,錶仔
hiam,鍁
kai,鍇
ing,鍈
sî,鍉
tê,鍉
liān,鍊
liān-á,鍊仔
liân-thuànn,鍊炭
liān-thuànn,鍊炭
e,鍋
er,鍋
ko,鍋
ue,鍋
e-á,鍋仔
er-á,鍋仔
ue-á,鍋仔
tōo,鍍
uí,鍏
uî,鍏
go̍k,鍔
tsa̍h,鍘
tsa̍t,鍘
thuàn,鍛
tuàn,鍛
thuàn-liān,鍛鍊
tuàn-liān,鍛鍊
gû,鍝
hông,鍠
ue,鍡
tshap,鍤
tshiah,鍤
tshiah-ki,鍤箕
keh,鍥
khiat,鍥
kueh,鍥
keh-á,鍥仔
kueh-á,鍥仔
hong,鍧
bôo,鍪
mâu,鍪
tshiau,鍫
tshiâu,鍫
tshiau,鍬
tshiâu,鍬
hôo,鍭
thoo,鍮
huân,鍰
tia̍p,鍱
kiān,鍵
suan,鍹
tsiam,鍼
tsim,鍼
tsing,鍾
tsiong,鍾
tsing-tionn,鍾張
tsing-tiunn,鍾張
tsiong-tionn,鍾張
tsiong-tiunn,鍾張
bí,鎂
tsha-á,鎈仔
pông,鎊
hat,鎋
liâm,鎌
sik,鎍
liû,鎏
lōo,鎒
iâng,鎔
iông,鎔
iônn,鎔
iûnn,鎔
tshó,鎖
só,鎖
sóo,鎖
sór,鎖
só-sî,鎖匙
sór-sî,鎖匙
só-tīng,鎖定
só-kńg,鎖管
só mn̂g,鎖門
só-thâu,鎖頭
sór-thâu,鎖頭
tshiong,鎗
li̍k,鎘
sok,鎙
thuî,鎚
tsui,鎚
phok,鎛
pi,鎞
pî,鎞
kong,鎠
tsu,鎡
îng,鎣
hong,鎤
hóng,鎤
liû,鎦
khái,鎧
sún,鎨
sat,鎩
so,鎪
soo,鎪
hō,鎬
kó,鎬
tìn,鎮
tìn-uī,鎮位
tìn-tè,鎮地
tìn-ap,鎮壓
tìn-an,鎮安
tìn-bîn,鎮民
tìn-lân-kiong,鎮瀾宮
tìn-suah,鎮煞
tìn-lōo,鎮路
tìn-tiúnn,鎮長
tìn-tsīng,鎮靜
tìn-tsīng-tse,鎮靜劑
ik,鎰
gia̍t,鎳
ka,鎵
tshó,鎻
tso̍k,鏃
suân,鏇
suān,鏇
liân,鏈
gō,鏊
ngōo,鏊
bo̍k,鏌
liû,鏐
tik,鏑
lo̍k,鏕
phiau,鏖
khian,鏗
tshiang,鏘
tshiong,鏘
tshik,鏚
thong,鏜
tông,鏜
buán,鏝
iông,鏞
sán,鏟
kiànn,鏡
kìng,鏡
kiànn-tâi,鏡台
kiànn-khing,鏡框
kiànn-phìnn,鏡片
kiànn-siunn-á,鏡箱仔
kiànn-thâu,鏡頭
phiau,鏢
piau,鏢
pio,鏢
lô,鏤
lôo,鏤
tshiong,鏦
tshong,鏦
tsām,鏨
tsǎm,鏨
tsām-á,鏨仔
tsām-thâu,鏨頭
tsām-thâu-té-miā,鏨頭短命
tsǎm-thâu-té-miā,鏨頭短命
lōo,鏴
hua,鏵
po̍k,鏷
kióng,鏹
phuat,鏺
siù,鏽
sàn,鏾
kuī,鐀
lâu,鐃
nâ,鐃
luâ-pua̍h,鐃鈸
hîng,鐄
hông,鐄
suī,鐆
huan,鐇
kiâu,鐈
thóng,鐋
kuat,鐍
tsiau,鐎
tsun,鐏
liâu,鐐
tun,鐓
sîm,鐔
tshiám,鐕
tshâm,鐕
ki,鐖
tsing,鐘
tsiong,鐘
tsing-kán,鐘簡
tsiong-kán,鐘簡
ting,鐙
tìng,鐙
kán,鐧
suī,鐩
liâm,鐮
sò,鐰
khiām,鐱
tshiam,鐱
sio̍k,鐲
to̍k,鐲
lui,鐳
luî,鐳
thih,鐵
thiat,鐵
thih-lâng,鐵人
thih-á,鐵仔
thih-á-thuànn,鐵仔炭
thih-thôo,鐵塗
thih-kang,鐵工
thih-sàu-tshiú,鐵掃帚
thih-kiāu,鐵撬
thih-pang,鐵枋
thih-ki,鐵枝
thih-ki-á-lōo,鐵枝仔路
thih-ki-lōo,鐵枝路
thih-tháng,鐵桶
thih-thuî,鐵槌
thih-kuī,鐵櫃
thih-gû-á,鐵牛仔
thih-kah,鐵甲
thih-uánn-bō-á,鐵碗帽仔
thih-thang,鐵窗
thih-sann,鐵衫
thih-tsit,鐵質
thih-lōo,鐵路
thih-lǒo,鐵路
thih-tō,鐵道
thih-tō-lōo,鐵道路
thih-kim-ku,鐵金龜
thih-ting,鐵釘
thih-ting-á,鐵釘仔
thih-ting-ngeh,鐵釘夾
thih-ting-bán,鐵釘挽
thih-sian,鐵鉎
thih-phiánn,鐵鉼
thih-tshiah,鐵鍤
thih-mn̂g,鐵門
thih-thâu,鐵頭
thih-bé,鐵馬
thih-kut-á-senn,鐵骨仔生
thih-kut-á-sinn,鐵骨仔生
thih-khí,鐵齒
thih-khí tâng-gê-tsô,鐵齒銅牙槽
huân,鐶
to̍k,鐸
thong,鐺
tong,鐺
kù,鐻
ì,鐿
ài,鑀
tsù,鑄
tsù-sinn-á,鑄生仔
hōo,鑊
lîng,鑏
jû,鑐
su,鑐
kàm,鑑
kàm-tīng,鑑定
kàm-sióng,鑑賞
kàm,鑒
tsit,鑕
kóng,鑛
lia̍p,鑞
lik,鑠
liok,鑠
siok,鑠
siak,鑠
siak-phānn,鑠奅
lerē,鑢
luē,鑢
luě,鑢
lē,鑢
lū,鑢
lù,鑢
lù-á,鑢仔
lù-khah,鑢卡
lù-khá,鑢卡
phiau,鑣
lôo,鑪
him,鑫
lān,鑭
phok,鑮
po̍k,鑮
tsiam,鑯
ia̍k,鑰
io̍h,鑰
io̍k,鑰
tshâm,鑱
tshîm,鑱
tshîm-á,鑱仔
siong,鑲
hê,鑴
tshuan,鑴
kuàn,鑵
liap,鑷
lô,鑼
lôo,鑼
lô-kóo,鑼鼓
tsuàn,鑽
tsuìnn,鑽
tsǹg,鑽
tsuìnn-á,鑽仔
tsǹg--á,鑽仔
tsǹg-á,鑽仔
tshǹg-tsuí-bī,鑽水沬
tsǹg-tsuí-bī,鑽水沬
tsǹg-tsuí-phī,鑽水鼻
tsǹg-bī,鑽沬
tsǹg-khang,鑽空
tsǹg hī,鑽耳
tsǹg hīnn,鑽耳
luân,鑾
tsha̍k,鑿
tsho̍k,鑿
tsha̍k-á,鑿仔
tsha̍k-ba̍k,鑿目
tsha̍k-tsha̍k,鑿鑿
khok,钁
tn̂g,長
tiáng,長
tiâng,長
tióng,長
tiónn,長
tiông,長
tiúnn,長
tshiâng,長
tsióng,長
tn̂g-ńg,長䘼
tn̂g-kú,長久
tn̂g-miā,長命
tiông-hô-kiong,長和宮
tn̂g-siânn,長城
tn̂g-siū,長壽
tióng-tsú,長子
tióng-kuann,長官
tn̂g-kha-tshng,長尻川
tn̂g-bué-suann-niû,長尾山娘
tn̂g-bé-suann-niû,長尾山娘
tn̂g-bué-tshenn,長尾星
tn̂g-bé-tshinn,長尾星
tn̂g-bué-tik,長尾竹
tn̂g-bé-tik,長尾竹
tn̂g-bué-tīn-á,長尾陣仔
tn̂g-bé-tīn-á,長尾陣仔
tn̂g-kang,長工
tn̂g-nî,長年
tn̂g-nî-tshài,長年菜
tiông-kenn pēnn-īnn,長庚醫院
tiông-kinn pīnn-īnn,長庚醫院
tn̂g-tōo,長度
tsiáng-tsì,長志
tsióng-tsì,長志
tiúnn-pâng,長房
tn̂g-kî,長期
tn̂g-pún,長本
tn̂g-tu-hîng,長株形
tn̂g-toh,長桌
tióng-îng tāi-ha̍k,長榮大學
tn̂g-huè-siū,長歲壽
tn̂g-hè-siū,長歲壽
tióng-tī-hiong,長治鄉
tiông-tī-hiong,長治鄉
tiông-pin-hiong,長濱鄉
tióng-lâm,長男
tn̂g-té,長短
tn̂g-té-kha-uē,長短跤話
tn̂g-kóng-hia,長管靴
tn̂g-ko-hîng,長篙形
tn̂g-suànn,長線
tióng-ló,長老
tiúnn-ló,長老
tn̂g-sann,長衫
tn̂g-kûn,長裙
tn̂g-khòo,長褲
tn̂g-liò-sò,長躼埽
tn̂g-lò-sò,長躼埽
tióng-puè,長輩
tn̂g-tôo,長途
tióng-tsìn,長進
tn̂g-ām-lo̍k,長頷鹿
liáu,镽
liâu,镽
bûn,門
mn̂g,門
muî,門
mn̂g-ē-ho̍k,門下栿
mn̂g-ē-pha̍k,門下栿
mn̂g-ē-khū,門下臼
mn̂g-kháu,門口
mn̂g-kháu-tiânn,門口埕
mn̂g-tshuì,門喙
mn̂g-khian,門圈
mn̂g-tshī,門市
mn̂g-āu-khū,門後臼
bûn-tôo,門徒
bûn-hōo,門戶
mn̂g-hōo,門戶
mn̂g-sìnn,門扇
mn̂g-tòng-á,門擋仔
mn̂g-táu,門斗
mn̂g-kông,門栱
bîn-tān,門橂
mn̂g-pâi,門牌
mn̂g-gê,門牙
bûn-sing,門生
mn̂g-sîn,門神
mn̂g-phiò,門票
mn̂g-thang,門窗
mn̂g-lî,門簾
mn̂g-nî,門簾
mn̂g-phāng,門縫
mn̂g-liân,門聯
mn̂g-hō,門號
mn̂g-tsín,門診
mn̂g-kha-tau,門跤兜
mn̂g-kha-kháu,門跤口
mn̂g-lōo,門路
mn̂g-tshuànn,門閂
mn̂g-thâu,門頭
mn̂g-hong,門風
mn̂g-khí,門齒
suan,閂
tshuànn,閂
siám,閃
siám-kng,閃光
siám-kong-ting,閃光燈
siám-sih,閃爍
siám-tio̍h,閃著
siám-phiah,閃避
siám-pī,閃避
siám--khui,閃開
siám-khui,閃開
siám-tiān,閃電
siám-hong,閃風
giâm,閆
iâm,閆
hān,閈
pì,閉
pì-bōo,閉幕
pì-sù,閉思
khui,開
khai,開
khui-á,開仔
khui-kè,開價
khai-guân-sī,開元寺
khui-to,開刀
khai-tshòng,開創
khai-tōng,開動
khai-huà-sī,開化寺
khai-kháu,開口
khui-tshuì,開喙
khui-tuann,開單
khui-liông-âu,開嚨喉
khai-ki,開基
khai-ki-tsóo,開基祖
khai-khún,開墾
khai-sí,開始
khai-ha̍k,開學
khai-tián,開展
khui-tshī,開市
khai-bōo,開幕
khui-bōo,開幕
khui-tiàm,開店
khui-tîng,開庭
khai-tiong,開張
khai-tsiàn,開戰
khui-hōo,開戶
khui-thiah,開拆
khai-thok,開拓
khai-tshái,開採
khai-pò,開播
khai-pòo,開播
khai-tsi,開支
khai-hòng,開放
khui-huē,開會
khai-lóng,開朗
khai-tsa-bóo,開查某
khui-toh,開桌
khai-gia̍p,開業
khui-pio,開標
khui-ki,開機
khui-tsiann,開正
khai-īng,開用
khai-huat,開發
khui-puânn,開盤
khui-phuà,開破
khui-phiò,開票
khui-khiàu,開竅
khai-tuan,開端
khui kiáu-king,開筊間
khui-âng-puânn,開紅盤
khui-siann,開聲
khui-pî,開脾
khui-tsho,開臊
khui-hue,開花
khui-io̍h-á,開藥仔
khui-ki,開裾
khui-ku,開裾
khui-khòo-khang,開褲空
khai-siat,開設
khui-khò,開課
khai-káng,開講
khui-kha-khòo,開跤褲
khui-kha-khòo-á,開跤褲仔
khui-lōo,開路
khui-tshia,開車
khai-pān,開辦
khai-siau,開銷
khai-tsînn,開錢
khui-mn̂g,開門
khui--khui,開開
khui-khui,開開
khui-khuah,開闊
khai-kuan,開關
khai-tî,開除
khai-tû,開除
khui-bīn,開面
khong,閌
khòng,閌
hông,閎
jūn,閏
lūn,閏
jūn-gue̍h,閏月
lūn-ge̍h,閏月
lūn-ge̍rh,閏月
lūn-gue̍h,閏月
lūn-guē,閏月
lūn-gēr,閏月
hân,閑
hân,閒
âinn,閒
îng,閒
îng-lâng,閒人
îng-á-uē,閒仔話
îng-sian-sian,閒仙仙
îng-kang,閒工
îng-huân,閒煩
îng-uē,閒話
îng-sin,閒身
îng-tsînn,閒錢
îng-king,閒間
kan,間
kainn,間
king,間
kàn,間
king-á,間仔
kàn-tsiap,間接
king-keh,間格
kàn-tia̍p,間諜
bín,閔
gâ,閕
tsa̍h,閘
tsa̍p,閘
tsa̍h kng,閘光
tsa̍h-pîn,閘屏
tsa̍h ji̍t,閘日
tsa̍h li̍t,閘日
tsa̍h-lōo,閘路
tsa̍h tshia,閘車
tsa̍h-hōo-pênn,閘雨棚
tsa̍h-hōo-pînn,閘雨棚
tsa̍h hong,閘風
phing,閛
khó,閜
pì,閟
gāi,閡
hāi,閡
khai,閡
khái,閡
kuan,関
koh,閣
kok,閣
koh-tsài,閣再
koh-guân,閣員
koh-uân,閣員
koh-lâu,閣樓
koh-khah,閣較
ha̍p,閤
khap,閤
hua̍t,閥
tshiok,閦
hāng,閧
ke,閨
kui,閨
bân,閩
lòng,閬
lông,閬
lōng,閬
làng,閬
làng-kang,閬工
làng-ge̍h,閬月
làng-gue̍h,閬月
làng-káng,閬港
làng-tsām,閬站
làng-phāng,閬縫
làng-liâu,閬蹘
làng hōo-phāng,閬雨縫
lî,閭
lû,閭
kiok,閰
ia̍t,閱
ua̍t,閱
ua̍t-tho̍k,閱讀
tshiong,閶
iam,閹
iam-ke,閹雞
iam-kue,閹雞
iam-ke-kiânn,閹雞行
iam-kue-kiânn,閹雞行
bûn,閺
būn,閺
giâm,閻
iâm,閻
giâm-kun,閻君
giâm-ông,閻王
giâm-lô-ông,閻羅王
at,閼
hun,閽
hi̍k,閾
bûn,閿
būn,閿
hāng,闀
phàn,闆
pán,闆
am,闇
àm,闇
ám,闇
uî,闈
ian,闉
in,闉
khuah,闊
khuat,闊
khuah-tshuì,闊喙
khuah-pak,闊腹
khuah-bóng-bóng,闊莽莽
khuah-lòng-lòng,闊閬閬
khuat,闋
lân,闌
siâ,闍
too,闍
thiân,闐
giat,闑
gia̍t,闑
thap,闒
khai,闓
khái,闓
ha̍p,闔
khap,闔
kha̍h,闔
khuat,闕
tshuàng,闖
kuan,闗
kui,闚
kuan,關
kuainn,關
kuinn,關
kuan-á-niá,關仔嶺
kuan-hē,關係
kuan-to,關刀
kuan-tshiat,關切
kuan-khah,關卡
kuan-san,關山
kuan-san-tìn,關山鎮
kuan-tè-biō,關帝廟
kuan-tè-biō-ke,關帝廟街
kuan-tè-iâ,關帝爺
kuan-biō-khu,關廟區
kuan-sim,關心
kuan-ài,關愛
kuan-huâi,關懷
kuan-î,關於
kuainn-ki,關機
kuinn-ki,關機
kuan-tsù,關注
kan-tāu,關渡
kan-tāu-king,關渡宮
kan-tāu-má,關渡宮
kuan-tsiàu,關照
kuan-suè,關稅
kuan-sè,關稅
kuan-tâng,關童
kuan-tsat,關節
kuan-tsat-iām,關節炎
kuan-liân,關聯
kuan-lo̍h-im,關落陰
kuan-se-tìn,關西鎮
kuan-liân,關連
kuan-kiān,關鍵
kuainn-mn̂g,關門
kuinn-mn̂g,關門
khàm,闞
hám,闞
hip,闟
khip,闟
huē,闠
tshián,闡
pi̍k,闢
pi̍t,闢
tòng,闣
huân,闤
that,闥
hū,阜
hū,阝
lik,阞
tshian,阡
tshí,阤
tóo,阧
ik,阨
lik,阨
ài,阨
huán,阪
pán,阪
khing,阬
ún,阭
uán,阮
uínn,阮
guán,阮
gúan,阮
gún,阮
ńg,阮
uán-lī,阮呂
uán-lū,阮呂
uínn-lī,阮呂
ńg-lī,阮呂
ńg-lū,阮呂
gún-thâu-ke,阮頭家
tsí,阯
tsīng,阱
hông,防
hông-pī,防備
hông-siú,防守
hông-tsí,防止
hông-to̍k,防毒
hông-tsuí,防水
hông-tī,防治
hông-hué,防火
hông-hé,防火
hông-tsai,防災
hông-i̍k,防疫
hông-tō,防盜
hông-gū,防禦
hông-khong,防空
hông-khong-hô,防空壕
hông-huān,防範
hông-hú-tse,防腐劑
hông-uē,防衛
hông-uī,防衛
hông-hōo,防護
iông,阳
im,阴
khù,阹
tsóo,阻
tsóo-la̍t,阻力
tsóo-li̍k,阻力
tsóo-tòng,阻擋
tsóo-tsí,阻止
tsóo-gāi,阻礙
tsóo-keh,阻隔
tsòo,阼
tiàm,阽
o,阿
oo,阿
a,阿
a-tiūnn,阿丈
a-put-táu,阿不倒
a-put-tó,阿不倒
a-put-torh-á,阿不倒仔
a-put-tó-á,阿不倒仔
a-peh,阿伯
a-hiann,阿兄
a-kong,阿公
a-kong-tiàm,阿公店
a-kong-tiàm-khe,阿公店溪
a-tsik,阿叔
a-tsik-á,阿叔仔
a-tok-á,阿啄仔
a-lian-siā,阿嗹社
a-kīm,阿妗
a-kǐm,阿妗
a-ḿ,阿姆
a-tsé,阿姊
a-tsí,阿姊
a-koo,阿姑
a-koo-á,阿姑仔
a-î,阿姨
a-niâ,阿娘
a-pô,阿婆
a-má,阿媽
a-só,阿嫂
a-sór,阿嫂
a-tsím,阿嬸
a-tsiàng,阿將
a-hú,阿府
oo-mí-tôo-hu̍t,阿彌陀佛
a-sáng,阿桑
a-bó,阿母
a-bór,阿母
a-bú,阿母
a-bú--á,阿母仔
a-sa-puh-luh,阿沙不魯
a-pa,阿爸
a-pah,阿爸
a-pâ,阿爸
a-tia,阿爹
a-kâu,阿猴
a-tsóo,阿祖
a-tà-bū,阿罩霧
a-kū,阿舅
a-kǔ,阿舅
a-sià,阿舍
a-sià-kiánn,阿舍囝
a-lian-khu,阿蓮區
a-se,阿西
a-tah--ê,阿貼的
a-lí-put-ta̍t,阿里不達
a-lí-lóng,阿里壟
a-lí-san,阿里山
a-lí-san-hiong,阿里山鄉
a-lí-káng,阿里港
a-lí-kuan,阿里關
tô,陀
tôo,陀
tô,陁
phi,陂
hù,附
hū,附
hù-ka,附加
hū-ka,附加
hù-sio̍k,附屬
hū-sio̍k,附屬
hù-tài,附帶
hū-tài,附帶
hù-siat,附設
hū-siat,附設
hù-kīn,附近
hù-kūn,附近
hū-kīn,附近
hū-kūn,附近
hù-lio̍k,附錄
hù-lo̍k,附錄
tó,陊
liō,陋
lōo,陋
bi̍k,陌
kàng,降
hâng,降
kàng-kē,降低
kàng-kè,降價
kàng-un,降溫
kàng-lîm,降臨
kàng-lo̍h,降落
hān,限
ān,限
hān-tsè,限制
hān-tiānn,限定
hān-tōo,限度
ān-siàu,限數
hān-sî,限時
hān-sî-phe,限時批
hān-sî-phue,限時批
hān-kî,限期
hān-liōng,限量
hān-tiān,限電
hān-gia̍h,限額
jî,陑
jîng,陑
kai,陔
tshiáu,陗
hîng,陘
king,陘
kìng,陘
pè,陛
pē,陛
siám,陝
hia̍p,陝
sing,陞
thik,陟
tóo,陡
iān,院
īnn,院
īnn-khu,院區
īnn-sū,院士
īnn-huē,院會
īnn-hāu,院校
īnn-tiúnn,院長
tsūn,陣
tīn,陣
tīn-tuē,陣地
tīn-tē,陣地
tīn-iông,陣容
tīn-iânn,陣營
tsūn-thiànn,陣疼
tsūn-hōo,陣雨
tīn-thâu,陣頭
tî,除
tîr,除
tû,除
tî-liáu,除了
tû-liáu,除了
tî-miâ,除名
tû-miâ,除名
tî-kuân,除權
tû-khuân,除權
tû-hui,除非
puê,陪
puê-phuānn,陪伴
puê-tuè,陪綴
puê-tè,陪綴
tsoo,陬
khî,陭
iam,陰
im,陰
im-tuē,陰地
im-tē,陰地
im-hú,陰府
im-iánn,陰影
im-tik,陰德
im-àm,陰暗
im-li̍k,陰曆
im-pue,陰桮
im-biô,陰謀
im-bôo,陰謀
im-kan,陰間
im-iông,陰陽
im-hûn,陰魂
im-thim,陰鴆
suî,陲
tân,陳
tîn,陳
tân-sann-gōo-niû,陳三五娘
tîn-lia̍t,陳列
tân-gôo,陳吳
tân-ngôo,陳吳
tân-lī,陳呂
tân-lū,陳呂
tîn-nî,陳年
tân-liāu,陳廖
tân-phênn,陳彭
tân-phînn,陳彭
tîn-tsîng,陳情
tân-iú-lân-khe,陳有蘭溪
tân-lí,陳李
tîn-phî,陳皮
tîn-siat,陳設
tân-khóo,陳許
tân-koo,陳辜
tân-n̂g,陳黃
tân-uînn,陳黃
pî,陴
niā,陵
lîng,陵
tô,陶
tôo,陶
hām,陷
hām-khenn,陷坑
hām-khinn,陷坑
hām-hāi,陷害
hām-bîn,陷眠
hām-tsénn,陷阱
hām-tsínn,陷阱
lio̍k,陸
la̍k,陸
lo̍k,陸
lio̍k-tuē,陸地
lio̍k-tē,陸地
lio̍k-uí-huē,陸委會
lio̍k-kiô,陸橋
lo̍k-kiô,陸橋
lio̍k-sio̍k,陸續
lio̍k-huì,陸費
lio̍k-pì,陸費
li̍k-huì,陸費
li̍k-pì,陸費
lio̍k-kun,陸軍
ian,陻
in,陻
tsú,陼
iônn,陽
iûnn,陽
iâng,陽
iông,陽
iông-bîng-san,陽明山
iûnn-bîng-suann,陽明山
iông-tshun,陽春
iông-li̍k,陽曆
iông-kan,陽間
jî,陾
jîng,陾
iam,隂
jî,隃
jû,隃
lû,隃
thê,隄
gû,隅
liông,隆
liông-tiân,隆田
liông-tiōng,隆重
ue,隈
giat,隉
tuī,隊
tuī-ngóo,隊伍
tuī-iú,隊友
tuī-guân,隊員
tuī-uân,隊員
tuī-tiúnn,隊長
suî,隋
tō,隋
im,隌
ám,隌
hông,隍
kai,階
kai-tsân,階層
kai-tuānn,階段
kai-kip,階級
khiám,隒
keh,隔
kik,隔
keh-piah,隔壁
keh-kang,隔工
keh-nî,隔年
keh-ji̍t,隔日
keh-li̍t,隔日
keh-mê,隔暝
keh-mî,隔暝
keh-jia̍t,隔熱
keh-lia̍t,隔熱
keh-kài,隔界
keh-pak,隔腹
keh-tńg-kang,隔轉工
keh-tńg-nî,隔轉年
keh-tńg-ji̍t,隔轉日
keh-tńg-li̍t,隔轉日
keh--khui,隔開
keh-king,隔間
keh-lī,隔離
uân,隕
ún,隕
oo,隖
óo,隖
guí,隗
uî,隗
ài,隘
ài-liâu-ē,隘寮下
ài-liâu-khe,隘寮溪
khiah,隙
khik,隙
tsè,際
tsiàng,障
tsiòng,障
tsiong,障
tsiòng-gāi,障礙
tuê,隤
tìng,隥
suī,隧
suî,隨
suî-lâng-tsia̍h,隨人食
suî-piān,隨便
suî-tsāi,隨在
suî-tsāi--lí,隨在你
suî-āu,隨後
suî-ì,隨意
suî-tshiú,隨手
suî-sî,隨時
suî-ki,隨機
suî-ki-ìng-piàn,隨機應變
suî-iân,隨緣
suî-sin,隨身
hiok,隩
hiám,險
hiám-á,險仔
hiám-hiám,險險
hiám-hiám-á,險險仔
jîng,隭
tse,隮
tsè,隮
sip,隰
ún,隱
ún-tsoh-kî,隱作期
ún-ki,隱居
ún-ku,隱居
ún-king-tsio,隱弓蕉
ún-ku,隱痀
ún-ku-kiô,隱痀橋
ún-muâ,隱瞞
ún-su,隱私
ún-tsông,隱藏
liông,隴
lóng,隴
īnn,隶
lē,隷
lē,隸
tsui,隹
ho̍k,隺
tsiah,隻
tsik,隻
tsún,隼
lân,难
lān,难
tshik,雀
tshiok,雀
tshiok-pan,雀斑
gān,雁
hiông,雄
hîng,雄
hiông-uí,雄偉
hiông-sim,雄心
hiông-hiông,雄雄
hiông-kut,雄骨
hiông-hông,雄黃
hiông-hông-tsiú,雄黃酒
ngá,雅
ngé,雅
ngá-pâng,雅房
ngá-khì,雅氣
ngá-tì,雅緻
ngá-liōng,雅量
tsi̍p,集
tsi̍p-tiong,集中
tsi̍p-ha̍p,集合
tsi̍p-thuân,集團
tsi̍p-ìng-biō,集應廟
tsi̍p-huē,集會
tsi̍p-khuân,集權
tsi̍p-kuân,集權
tsi̍p-tsi̍p,集集
tsi̍p-tsi̍p-suànn,集集線
tsi̍p-tsi̍p-tìn,集集鎮
tsi̍p-thé,集體
kòo,雇
thī,雉
tī,雉
thī-ke,雉雞
thī-kue,雉雞
kòo,雊
tsùn,雋
tshuan,雋
tsuān,雋
tshu,雌
iong,雍
tsi,雎
tsu,雎
tshu,雎
lo̍k,雒
siû,雔
tiau,雕
tiau-siōng,雕像
tiau-khik,雕刻
tiau-sok,雕塑
sui,雖
sui-jiân,雖然
sui-liân,雖然
sui-bóng,雖罔
hān,雗
ok,雘
sang,雙
siang,雙
song,雙
siang-lâng,雙人
siang-tshe-lōo,雙叉路
siang-hiòng,雙向
siang-siânn,雙城
siang-tsàn,雙層
siang-tsân,雙層
siang-tshiú,雙手
siang-tánn,雙打
siang-hong,雙方
siang-pênn-tàu,雙棚鬥
siang-pînn-tàu,雙棚鬥
siang-khe,雙溪
siang-khe-khu,雙溪區
siang-khe-kháu,雙溪口
siang-pîng,雙爿
siang-senn-á,雙生仔
siang-sinn-á,雙生仔
siang-ko-jūn,雙糕潤
siang-ko-lūn,雙糕潤
siang-thuí,雙腿
siang-tshin,雙親
siang-iânn,雙贏
siang-liân,雙連
siang-tîng,雙重
siang-mn̂g,雙門
siang-bīn,雙面
siang-bīn-to-kuí,雙面刀鬼
siang-thâu,雙頭
kuàn,雚
tshi,雛
tshu,雛
tsa̍p,雜
tsa̍p-liām,雜唸
tsa̍p-tshe-á,雜差仔
tsa̍p-tshe-á-kang,雜差仔工
tsa̍p-tshap,雜插
tsa̍p-sèr-á-tiàm,雜稅仔店
tsa̍p-tsíng-á,雜種仔
tsa̍p-tsíng-á-kiánn,雜種仔囝
tsa̍p-sè,雜細
tsa̍p-sik-pâi,雜色牌
tsa̍p-tsháu,雜草
tsa̍p-tshài-mī,雜菜麵
tsa̍p-tsì,雜誌
tsa̍p-huè,雜貨
tsa̍p-hè,雜貨
tsa̍p-huè-á,雜貨仔
tsa̍p-hè-á,雜貨仔
tsa̍p-huè-á-tiàm,雜貨仔店
tsa̍p-hè-á-tiàm,雜貨仔店
tsa̍p-hèr-á-tiàm,雜貨仔店
tsa̍p-tsit,雜質
tsa̍p-im,雜音
iong,雝
ke,雞
kue,雞
kere,雞
ke-á,雞仔
kue-á,雞仔
ke-á-kiánn,雞仔囝
kere-á-kánn,雞仔囝
kue-á-kiánn,雞仔囝
kue-á-kánn,雞仔囝
ke-á-ba̍k,雞仔目
kere-á-ba̍k,雞仔目
kue-á-ba̍k,雞仔目
kue-nuā,雞僆
ke-nuā-á,雞僆仔
kere-nuā-á,雞僆仔
kue-luā-á,雞僆仔
kue-luāi--á,雞僆仔
kue-nuā-á,雞僆仔
ke-kang,雞公
kue-kang,雞公
ke-nn̄g,雞卵
kue-nn̄g,雞卵
ke-nn̄g-kńg,雞卵卷
kue-nn̄g-kńg,雞卵卷
ke-nn̄g-tshing,雞卵清
ke-nn̄g-ko,雞卵糕
ke-nn̄g-kor,雞卵糕
ke-nuī-ko,雞卵糕
kere-nn̄g-ko,雞卵糕
kue-nn̄g-ko,雞卵糕
kue-nňg-ko,雞卵糕
ke-nn̄g-bīn,雞卵面
ke-kńg,雞卷
kere-kńg,雞卷
kue-kńg,雞卷
ke-tshuì piàn ah-tshuì,雞喙變鴨喙
ke-tshuì pìnn ah-tshuì,雞喙變鴨喙
kue-tshuì piàn ah-tshuì,雞喙變鴨喙
kue-tshuì pìnn ah-tshuì,雞喙變鴨喙
ke-bué-tsui,雞尾脽
kue-bé-tsui,雞尾脽
ke-sái-ūn,雞屎運
kue-sái-ūn,雞屎運
ke-pâi,雞排
kue-pâi,雞排
ke-bong,雞摸
kue-bong,雞摸
kue-thô,雞桃
ke-thô-á,雞桃仔
ke-thôr-á,雞桃仔
kue-thô--á,雞桃仔
kue-thô-á,雞桃仔
ke-jiû,雞榆
kue-liû,雞榆
ke-bó,雞母
ke-bór,雞母
ke-bú,雞母
kere-bú,雞母
kue-bó,雞母
kue-bú,雞母
ke-bó-phuê,雞母皮
ke-bú-phuê,雞母皮
kue-bó-phê,雞母皮
kue-bú-phê,雞母皮
ke-bó-thâng,雞母蟲
ke-bór-thâng,雞母蟲
ke-bú-thâng,雞母蟲
kue-bó-thâng,雞母蟲
kue-bú-thâng,雞母蟲
ke-mn̂g-tshíng,雞毛筅
kue-mn̂g-tshíng,雞毛筅
ke-mn̂g-kóng-á,雞毛管仔
ke-moo-kóng-á,雞毛管仔
kue-mn̂g-kóng-á,雞毛管仔
ke-iû,雞油
kue-iû,雞油
ke-tse,雞災
kue-tse,雞災
kere-jiáu,雞爪
kue-niáu-á,雞爪仔
ke-tiâu,雞牢
kue-tiâu,雞牢
kue-ba̍k,雞目
kue-tsíng,雞種
kue-tsíng-á,雞種仔
ke-tshíng,雞筅
kue-tshíng,雞筅
ke-tshuê,雞箠
kue-tshê,雞箠
ke-lâng,雞籠
kue-lâng,雞籠
ke-lam,雞籠
kue-lam,雞籠
ke-tsing,雞精
kue-tsing,雞精
ke-tà,雞罩
kue-tà,雞罩
kere-ang,雞翁
kue-ang,雞翁
ke-si̍t,雞翼
kue-si̍t,雞翼
ke-bah,雞肉
kue-bah,雞肉
ke-kiān,雞胘
kue-kiān,雞胘
ke-hing,雞胸
kue-hing,雞胸
ke-kui,雞胿
kere-kui,雞胿
kue-kui,雞胿
ke-kui-á,雞胿仔
kue-kui-á,雞胿仔
ke-pak-lāi,雞腹內
kue-pak-lāi,雞腹內
kue-thûn,雞豚
ke-thûn-á,雞豚仔
kere-thûn-á,雞豚仔
kue-thûn-á,雞豚仔
kue-kha-pê,雞跤扒
ke-kha-giáu,雞跤爪
ke-kha-jiáu,雞跤爪
kue-kha-jiáu,雞跤爪
kue-kha-liáu,雞跤爪
kue-kha-niáu,雞跤爪
ke-tsiú,雞酒
kue-tsiú,雞酒
ke-kuè,雞髻
kere-kèr,雞髻
kue-kerh,雞髻
kue-kè,雞髻
kue-kèr,雞髻
ke-kak,雞鵤
kue-kak,雞鵤
ke-kak-á,雞鵤仔
ke-kak-á-tshia,雞鵤仔車
kue-kak-á-tshia,雞鵤仔車
ke-tâi,雞𧉟
kere-tâi,雞𧉟
kue-tâi,雞𧉟
lî,離
lī,離
li,離
lī-pia̍t,離別
lî-kî,離奇
lī-hun,離婚
lī-ka-tshut-tsáu,離家出走
lī-tshiú,離手
lî-sàn,離散
lī-sàn,離散
lī-king,離經
lī-iân,離緣
lî-tsit,離職
lī-tsit,離職
lī-phóo,離譜
lī-kha-tshiú,離跤手
lī-khui,離開
lī-lī,離離
li-li-lak-lak,離離落落
lân,難
lān,難
lân-sū,難事
lân-bián,難免
lân-tit,難得
lân-bông,難忘
lân-bōng,難忘
lān-bîn,難民
lân-sán,難產
lân-kuan,難關
lân-tuê,難題
lân-tê,難題
hōo,雨
hǒo,雨
í,雨
ú,雨
hōo-lâi-thinn,雨來天
hōo-suànn,雨傘
hōo-suànn-tshiū,雨傘樹
hōo-suànn-lok,雨傘橐
hōo-suànn-tsat,雨傘節
hǒo-suànn-tsat,雨傘節
hōo-suànn-kíng,雨傘襇
hōo-mua,雨幔
hōo-sut-á,雨捽仔
hōo-phiat-á,雨撇仔
hōo-pênn,雨棚
hōo-pînn,雨棚
hōo-pênn-á,雨棚仔
hōo-pînn-á,雨棚仔
hōo-mn̂g-á,雨毛仔
hōo-tsuí,雨水
ú-suí,雨水
hōo-pe̍h,雨白
hōo-lē,雨笠
hōo-phâng,雨篷
hōo-i,雨衣
hōo-sann,雨衫
hōo-khòo,雨褲
hǒo-khòo,雨褲
hōo-jia,雨遮
hōo-lia,雨遮
hōo-tsa̍h,雨閘
hōo-tsa̍h-á,雨閘仔
hōo-sap-á,雨霎仔
hōo-erê,雨鞋
hōo-uê,雨鞋
hōo-ê,雨鞋
hǒo-uê,雨鞋
î,雩
û,雩
suat,雪
seh,雪
serh,雪
sap,雪
seh-á-kam,雪仔柑
suat-san,雪山
suat-suann,雪山
suat-mua,雪幔
sap-bûn,雪文
sap-muî,雪文
sap-bûn-phue̍h,雪文沫
sap-muî-phe̍h,雪文沫
sap-muî-phe̍rh,雪文沫
sap-bûn-pho,雪文波
sap-bûn-phor,雪文波
sap-muî-pho,雪文波
sap-bûn-hún,雪文粉
bûn,雯
hun,雰
hong,雱
phong,雱
hûn,雲
în,雲
ûn,雲
hûn-ang,雲尪
hûn-lîm-kuān,雲林縣
lân,零
lîng,零
lîng-kiānn,零件
lîng-siū,零售
lân-san,零星
lân-san--ê,零星的
lân-san-bah,零星肉
lân-san-tsînn,零星錢
luî,雷
luî-kong,雷公
luî-kong-sìng,雷公性
luî-siā,雷射
luî-ta̍t,雷達
kam,雸
pa̍k,雹
phau,雹
pha̍uh,雹
phàu,雹
bông,雺
bông-bū,雺霧
tiān,電
tiān-sìn,電信
tiān-sìn-kio̍k,電信局
tiān-kong,電光
tiān-kong-phìnn,電光片
tiān-ping-siunn,電冰箱
tiān-li̍k,電力
tiān-tōng,電動
tiān-tâi,電台
tiān-khì,電器
tiān-pò,電報
tiān-thôo,電塗
tiān-ap,電壓
tiān-tsú,電子
tiān-tsú-phue,電子批
tiān-iánn,電影
tiān-iánn-hì-hn̂g,電影戲園
tiān-thui,電梯
tiān-ki̍k,電極
tiān-ki,電機
tiān-khì,電氣
tiān-tî,電池
tiān-pho,電波
tiān-liû,電流
tiān-guân,電源
tiān-hué,電火
tiān-hé,電火
tiān-hué-pòo,電火布
tiān-hé-pòo,電火布
tiān-hué-thiāu,電火柱
tiān-hé-thiāu,電火柱
tiān-hué-pho̍k-á,電火泡仔
tiān-hé-pho̍k-á,電火泡仔
tiān-hué-kiû-á,電火球仔
tiān-hé-kiû-á,電火球仔
tiān-hué-suànn,電火線
tiān-hé-suànn,電火線
tiān-lôo,電爐
tiān-gán,電眼
tiān-tsû,電磁
tiān-suànn,電線
tiān-lám,電纜
tiān-kuàn,電罐
tiān-liân-tshia,電聯車
tiān-náu,電腦
tiān-sī,電視
tiān-sìn,電訊
tiān-uē,電話
tiān-lōo,電路
tiān-tshia,電車
tiān-lîng,電鈴
tiān-pió,電錶
tiān-ko,電鍋
tiān-tsóo,電阻
tiān-thâu-mn̂g,電頭毛
tiān-thâu-mn̂g-tiàm,電頭毛店
tiān-thâu-moo-tiàm,電頭毛店
tiān-thâu-tsang-tiàm,電頭鬃店
tiān-hong,電風
su,需
su-kiû,需求
su-iàu,需要
bo̍k,霂
sio,霄
siau,霄
siàu,霄
ap,霅
io̍k,霅
sap,霅
tân,霆
tîng,霆
tân-tsuí-lê,霆水螺
tân-luî,霆雷
tân-luî-kong,霆雷公
tsìn,震
tsìn-tōng,震動
tsìn-tōng,震盪
phài,霈
muî,霉
tshe,霋
hok,霍
ho̍k-luān,霍亂
sap,霎
tiap,霎
sap-sap-á-hōo,霎霎仔雨
sa̍p-sa̍p-á-hōo,霎霎仔雨
hui,霏
tiam,霑
gê,霓
lîm,霖
ing,霙
lîng,霛
sng,霜
song,霜
sng-á,霜仔
sng-á-tshiám,霜仔攕
sng-á-ki,霜仔枝
sng-á-kak,霜仔角
sng-ki,霜枝
sng-kàng,霜降
sng-seh,霜雪
sng-hong,霜風
lîng,霝
hâ,霞
hê,霞
bi̍k,霡
bi̍k,霢
liù,霤
pin,霦
bū,霧
bǔ,霧
bū-sà-sà,霧嗄嗄
bū-hong-khu,霧峰區
bū-tsuí,霧水
bū-tâi-hiong,霧臺鄉
bū-bū,霧霧
uì,霨
khok,霩
kok,霩
îm,霪
sip,霫
si̍p,霫
tìng,霯
sàn,霰
lōo,露
lo̍k,露
lòo-tsuí,露水
lōo-tsuí,露水
lǒo-tsuí,露水
lo̍k-iânn,露營
lōo-iânn,露營
lōo-lê,露螺
lōo-lêr,露螺
lǒo-lêr,露螺
tship,霵
pà,霸
pà-tsiàm,霸占
pà-khuân,霸權
pà-kuân,霸權
pà-ông,霸王
phik,霹
phik-li̍k,霹靂
hì,霼
hí,霼
tsè,霽
bâi,霾
li̍k,靂
ái,靄
tāi,靆
lîng,靈
lîng-tan,靈丹
lîng-uī,靈位
lîng-tshù,靈厝
lîng-khá,靈巧
lîng-kám,靈感
lîng-bín,靈敏
lîng-ua̍h,靈活
lîng-thâm-pi,靈潭陂
lîng-siànn,靈聖
liân-tsi,靈芝
lîng-tsi,靈芝
lîng-thong,靈通
lîng-giām,靈驗
lîng-kut-thah,靈骨塔
lîng-hûn,靈魂
ái,靉
pìng,靐
tshing,靑
tshenn,青
tshinn,青
tshing,青
tshenn-kong-gán,青光眼
tshinn-kong-gán,青光眼
tshinn-ki-á,青吱仔
tshenn-poo,青埔
tshing-thian,青天
tshing-san,青山
tshing-san-kok-ông-biō,青山國王廟
tshing-liân,青年
tshenn-sún-sún,青恂恂
tshinn-sún-sún,青恂恂
tshing-tshun,青春
tshenn-kue-á,青瓜仔
tshinn-kue-á,青瓜仔
tshenn-huan-á-kionn,青番仔薑
tshinn-huan-kiunn,青番薑
tshenn-mê,青盲
tshinn-mî,青盲
tshenn-mê-gû,青盲牛
tshinn-mî-gû,青盲牛
tshenn-pōng-pe̍h-pōng,青磅白磅
tshinn-pōng-pe̍h-pōng,青磅白磅
tshenn-tik-si,青竹絲
tshinn-tik-si,青竹絲
tshenn-kin,青筋
tshinn-kun,青筋
tshenn-âng-ting,青紅燈
tshinn-âng-ting,青紅燈
tshenn-tshuì,青翠
tshinn-tshuì,青翠
tshenn-kî,青耆
tshinn-kî,青耆
tshenn-sik,青色
tshinn-sik,青色
tshenn-thî,青苔
tshenn-tî,青苔
tshinn-thî,青苔
tshenn-thî-á,青苔仔
tshenn-tî-á,青苔仔
tshinn-thî-á,青苔仔
tshinn-tî-á,青苔仔
tshenn-tsháu,青草
tshinn-tsháu,青草
tshenn-tsháu-á-tiàm,青草仔店
tshinn-tsháu-á-tiàm,青草仔店
tshenn-tsháu-á-tê,青草仔茶
tshinn-tsháu-á-tê,青草仔茶
tshenn-tshài,青菜
tshinn-tshài,青菜
tshenn-lang-lang,青蘢蘢
tshenn-ling-ling,青蘢蘢
tshenn-lìng-lìng,青蘢蘢
tshinn-lang-lang,青蘢蘢
tshinn-ling-ling,青蘢蘢
tshinn-lìng-lìng,青蘢蘢
tshenn-bīn-liâu-gê,青面獠牙
tshinn-bīn-liâu-gê,青面獠牙
tsīng,靖
tshing,靘
tshìng,靘
tshínn-sik,靘色
tsīng,靚
tiān,靛
tiānn,靛
tāinn,靛
tīng,靛
tsēnn,靜
tsīng,靜
tsīnn,靜
tsīng-tsō,靜坐
tsīng-thài,靜態
tsīng-me̍h,靜脈
tsīng-tiān,靜電
tsīng-im,靜音
tsīng-ióng,靜養
hui,非
hui-huân,非凡
hui-siông,非常
hui-huat,非法
khò,靠
khòo,靠
khòr,靠
khuà,靠
khò-sio̍k,靠俗
khò-siong,靠傷
khò-sè,靠勢
khò-suann,靠山
khuà-huānn,靠岸
khò-huānn,靠岸
khò-tio̍h,靠著
bí,靡
biān,面
bīn,面
bǐn,面
bīn-tsheh,面冊
bīn-tsîng,面前
bīn-tsú,面子
bīn-iông,面容
biān-tuì,面對
bīn-tuì,面對
bīn-kin,面巾
bīn-kirn,面巾
bīn-kun,面巾
bǐn-kun,面巾
bīn-pòo,面布
bīn-hîng,面形
bīn-iu-bīn-kat,面憂面結
bīn-pôo,面捗
biān-huē,面會
bīn-khing,面框
bīn-tháng,面桶
bīn-tháng-á-kiánn,面桶仔囝
bīn-bôo,面模
bīn-bôo-á,面模仔
bīn-tsuí,面水
bīn-iû,面油
bīn-àu-bīn-tshàu,面漚面臭
bīn-si̍k,面熟
bīn-phuê,面皮
bīn-phê,面皮
bīn-phûn,面盆
bīn-bo̍k,面目
bīn-tsik,面積
bīn-tsuá,面紙
bīn-bah,面肉
bīn-tshiunn,面腔
bīn-mo̍oh,面膜
biān-lîm,面臨
bīn-sik,面色
biān-tshì,面試
biān-tâm,面談
bīn-tâm,面談
bīn-māu,面貌
bīn-tíng,面頂
bīn-thâu-tsîng,面頭前
bīn-bé,面馬
biān,靣
thián,靦
huè,靧
iap,靨
iám,靨
kik,革
kik-bīng,革命
kik-sin,革新
ting,靪
tsha,靫
tik,靮
kìn,靳
khùn,靳
hia,靴
hia-kóng,靴管
pà,靶
pé,靶
ín,靷
kip,靸
bua̍t,靺
tat,靼
thán,靼
puàn,靽
iàu,靿
áu,靿
hông,鞃
phok,鞄
pâu,鞄
iàng,鞅
iáng,鞅
iòng,鞅
ióng,鞅
in,鞇
khap,鞈
kiap,鞈
erê,鞋
hâi,鞋
uê,鞋
ê,鞋
uê-tuà,鞋帶
ê-tuà,鞋帶
uê-bín-á,鞋抿仔
ê-bín-á,鞋抿仔
uê-pue̍h,鞋拔
uê-pui̍h,鞋拔
erê-pue̍h-á,鞋拔仔
uê-pue̍h-á,鞋拔仔
uê-pui̍h-á,鞋拔仔
ê-pue̍h-á,鞋拔仔
uê-thua,鞋拖
uê-pinn,鞋揙
uê-kiah,鞋撠
uê-iû,鞋油
ê-iû,鞋油
ê-kóng,鞋管
ê-pê,鞋耙
uê-tsū,鞋苴
ê-tsū,鞋苴
an,鞍
uann,鞍
kióng,鞏
khōng,鞏
buán,鞔
buân,鞔
kīng,鞕
siàu,鞘
siò,鞘
siù,鞘
hiân,鞙
kuan,鞙
khòng,鞚
ta̍p,鞜
tsióng,鞝
píng,鞞
kok,鞟
kiok,鞠
kiok-kiong,鞠躬
jiú,鞣
jiû,鞣
pang,鞤
ap,鞥
tshiu,鞦
hat,鞨
kiok,鞫
kian,鞬
kiān,鞬
pian,鞭
pinn,鞭
mi,鞭
tê,鞮
thap,鞳
phuân,鞶
puân,鞶
ūn,鞸
kok,鞹
khiau,鞽
kiâu,鞽
hia,鞾
ki,鞿
kiong,韁
tshiàm,韂
that,韃
tshian,韆
tshian-tshiu,韆鞦
bia̍t,韈
tsian,韉
uí,韋
uî,韋
gīm,韌
jīm,韌
jūn,韌
līm,韌
lūn,韌
lǔn,韌
jūn-miā,韌命
lūn-miā,韌命
jūn-pòo-pòo,韌布布
lūn-pòo-pòo,韌布布
jūn-phīnn,韌鼻
lūn-phīnn,韌鼻
muī,韎
kiap,韐
hân,韓
hân-tsiàn,韓戰
tiòng,韔
tiōng,韔
ūn,韗
siat,韘
uí,韙
pāi,韛
tho,韜
koo,韝
un,韞
ùn,韞
uí,韡
to̍k,韣
kiú,韭
kú,韭
kú-tshài,韭菜
kú-tshài-hue,韭菜花
kiú,韮
hāi,韰
siam,韱
im,音
im-hāu,音效
im-ga̍k,音樂
im-ga̍k-siann,音樂聲
im-phiau,音標
im-piau,音標
im-hû,音符
im-sik,音色
im-tiāu,音調
im-tsit,音質
im-liōng,音量
im-ūn,音韻
im-hiáng,音響
im-hióng,音響
ūn,韵
siâu,韶
siau,韶
hong,韸
ūn,韻
ūn-bī,韻味
ūn-lu̍t,韻律
hong,韼
hiáng,響
hióng,響
hiáng-liāng,響亮
hiáng-ìng,響應
ia̍h,頁
ia̍p,頁
tíng,頂
tíng-ē,頂下
tíng-ē-huè,頂下歲
tíng-ē-hè,頂下歲
tíng-sì-lâng,頂世人
tíng-tang,頂冬
tíng-iân,頂勻
tíng-ûn,頂勻
tíng-puànn-sì-lâng,頂半世人
tíng-puànn-mê,頂半暝
tíng-puànn-mî,頂半暝
tíng-puànn-sin,頂半身
tíng-si,頂司
tíng-huê,頂回
tíng-poo,頂埔
tíng-tsiam,頂尖
tíng-tsàn,頂層
tíng-pang,頂幫
tíng-kuân,頂懸
tíng-tshiú,頂手
tíng-pái,頂擺
tíng-kái,頂改
tíng-ji̍t,頂日
tíng-li̍t,頂日
tíng-ji̍t-á,頂日仔
tíng-li̍t-á,頂日仔
tíng-poo,頂晡
tíng-thuè,頂替
tíng-thè,頂替
tíng-ge̍h,頂月
tíng-gue̍h,頂月
tíng ge̍h-li̍t,頂月日
tíng gue̍h-ji̍t,頂月日
tíng-iân,頂沿
tíng-káng,頂港
tíng-khe,頂溪
tíng-khue,頂溪
tíng-tsin,頂真
tíng-kong-kut,頂肱骨
tíng-pak-kuà,頂腹蓋
tíng-lo̍h,頂落
tíng-kiàn,頂見
tíng-puè,頂輩
tíng-piàn,頂遍
tíng-kuè,頂過
tíng-kè,頂過
tíng-bīn,頂面
tíng-thâu,頂頭
tíng-ham,頂𦜆
khing,頃
khíng,頃
kiû,頄
kuî,頄
uân,頄
hāng,項
hāng-bo̍k,項目
sūn,順
sūn-sū,順事
sūn-lī,順利
sūn-sè,順勢
sūn-sī,順序
sūn-sū,順序
sūn-tsiông,順從
sūn-tshiú,順手
sūn-ge̍h,順月
sūn-gue̍h,順月
sūn-gán,順眼
sūn-suà,順紲
sūn-kiânn,順行
sūn-thàn,順趁
sūn-lōo,順路
sūn-hong,順風
sūn-hong-ní,順風耳
han,頇
hân,頇
hân-bān,頇顢
hân-bǎn,頇顢
si,須
su,須
tsik,頉
hiok,頊
siōng,頌
khuí,頍
khún,頎
kî,頎
hông,頏
khòng,頏
ī,預
īr,預
ū,預
ǐr,預
ī-pī,預備
ū-pī,預備
ī-sian,預先
ū-sian,預先
ī-kò,預告
ū-kò,預告
ī-pò,預報
ū-pò,預報
ī-tīng,預定
ū-tīng,預定
ī-kám,預感
ū-kám,預感
ī-liāu,預料
ū-liāu,預料
ī-tshik,預測
ū-tshik,預測
ī-sán-kî,預產期
ū-sán-kî,預產期
ī-liû,預留
ū-liû,預留
ī-ti,預知
ū-ti,預知
ī-suàn,預算
ū-suàn,預算
ī-iok,預約
ū-iok,預約
ī-giân,預言
ū-giân,預言
ī-tīng,預訂
ū-tīng,預訂
ī-siat,預設
ū-siat,預設
ī-kíng,預警
ū-kíng,預警
ī-sài,預賽
ū-sài,預賽
ī-hông,預防
ū-hông,預防
guân,頑
pan,頒
pan-pòo,頒佈
pan-tsióng,頒獎
pan-huat,頒發
tuìnn,頓
tǹg,頓
tùn,頓
tǹg-ìn,頓印
tùn-gōo,頓悟
tùn-ngōo,頓悟
tùn-tshiú,頓手
tǹg-í-tǹg-toh,頓椅頓桌
tùn-tenn,頓蹬
tùn-tinn,頓蹬
tǹg-ku,頓龜
tìm,頕
tàm,頕
tàm-kē,頕低
tàm-suê,頕垂
thìm-thâu,頕頭
tàm-thâu,頕頭
tìm-thâu,頕頭
phuàn,頖
phó,頗
phóo,頗
phó-lio̍k-á,頗略仔
líng,領
niá,領
líng-sū,領事
líng-sian,領先
líng-siū,領受
niá-siū,領受
líng-thóo,領土
líng-hi̍k,領域
líng-i̍k,領域
líng-tō,領導
niá-kin,領巾
niá-kun,領巾
niá-tuà,領帶
líng-kàu,領教
niá-pio,領標
líng-hái,領海
niá-pan,領班
líng-hâng,領航
líng-siù,領袖
niá-kun,領軍
niá-tsînn,領錢
líng-tuī,領隊
niá-tuī,領隊
hat,頜
khap,頜
at,頞
gi̍k,頟
guí,頠
kòo,頠
khiat,頡
kiat,頡
sín,頣
î,頤
huâi,頦
hâi,頦
hú,頫
thiàu,頫
thiô,頭
thâu,頭
thôo,頭
thiôr,頭
thâu-tshit,頭七
thâu-tsiūnn-á,頭上仔
thâu-lâng,頭人
thâu--á,頭仔
thâu-hūn-tìn,頭份鎮
thâu-hiann,頭兄
thâu-sing,頭先
thâu-sing-á,頭先仔
thâu-kàu,頭到
thâu-tsâinn,頭前
thâu-tsân,頭前
thâu-tsîng,頭前
thâu-tsîng-tsng,頭前庄
thâu-tsîng-khe,頭前溪
thâu-tsîng-khí,頭前齒
thâu-miâ,頭名
thâu-tshuì,頭喙
thâu-uî,頭圍
thâu-siânn,頭城
thâu-siânn-tìn,頭城鎮
thâu--ke,頭家
thâu-ke,頭家
thâu-ke-tshù,頭家厝
thâu-ke-niû,頭家娘
thâu-bué,頭尾
thâu-bé,頭尾
thâu-ok-hiong,頭屋鄉
thâu-pe̍h,頭帛
thâu-pang-tshia,頭幫車
thâu-tshiú,頭手
tha̍h-tú-á,頭拄仔
thâu-tú-á,頭拄仔
thâu-tsáng,頭摠
thâu-khok,頭擴
thâu-pái,頭擺
thâu-kî,頭旗
thâu-sûn,頭旬
thâu-phuè-á,頭杮仔
thâu-sue,頭梳
thâu-khak,頭殼
thâu-khak-uánn,頭殼碗
thâu-khak-hia̍h-á,頭殼額仔
thâu-khak-tshué,頭殼髓
thâu-khak-tshé,頭殼髓
thâu-mn̂g,頭毛
thâu-moo,頭毛
thâu-mn̂g-tshài,頭毛菜
thâu-mn̂g-giap-á,頭毛鋏仔
thâu-mn̂g-ngeh-á,頭毛鋏仔
thâu-tsuí,頭水
thâu-piān-khenn-khe,頭汴坑溪
thâu-pān-khenn-khe,頭汴坑溪
thâu-gê,頭牙
thâu-sinn-á,頭牲仔
thâu-tsióng,頭獎
thâu-thiànn,頭疼
thâu-phuê,頭皮
thâu-phê,頭皮
thâu-khue,頭盔
thâu-ba̍k,頭目
thâu-ba̍k-tsiáu,頭目鳥
thâu-hîn-ba̍k-àm,頭眩目暗
thâu-tíng-tshng,頭等艙
thâu-thai-á,頭篩仔
thâu-the,頭胎
thâu-ló,頭腦
thâu-náu,頭腦
thâu-nóo,頭腦
thâu-khí-sing,頭起先
thâu-lōo,頭路
thâu-khah-tuā-sin,頭較大身
thâu-tńg-kheh,頭轉客
thâu-tīn,頭陣
thâu-bīn,頭面
thâu-tíng,頭頂
thâu-hia̍h,頭額
thâu-tsang,頭鬃
thâu-tsang-bué,頭鬃尾
thâu-tsang-bé,頭鬃尾
thâu-tsang-khoo-á,頭鬃箍仔
thâu-pho,頭麩
thâu-phoo,頭麩
huè,頮
hiap,頰
kiap,頰
thíng,頲
tshing,頳
íng,頴
kun,頵
un,頵
hám,頷
hâm,頷
ām,頷
ām-á-niá,頷仔領
ām-á-kún,頷仔頸
ām-sê,頷垂
ām-sê-á,頷垂仔
ām-kin,頷巾
ām-kun,頷巾
ām-tsu,頷珠
ām-kui,頷胿
ām-tshi,頷腮
ām-niá,頷領
ām-kún,頷頸
ǎm-kún,頷頸
ām-kún-á,頷頸仔
ām-kún-tsu,頷頸珠
ām-kún-niá,頷頸領
ǎm-kún-niá,頷頸領
kíng,頸
kún,頸
tuê,頹
pîn,頻
pîn-khuan,頻寬
pîn-lu̍t,頻率
pîn-huân,頻繁
pîn-tō,頻道
pîn-pîn,頻頻
hâm,顄
khò,顆
terê,題
tuê,題
tê,題
tuê-khòo,題庫
tê-khòo,題庫
tuê-tsâi,題材
tê-tsâi,題材
tuê-bo̍k,題目
tê-bo̍k,題目
tuê-iân,題緣
tê-iân,題緣
tuê-iân-kim,題緣金
tê-iân-kim,題緣金
gia̍h,額
gi̍k,額
hia̍h,額
gia̍h-guā,額外
gia̍h-tōo,額度
hia̍h-thâu,額頭
khok,顎
kok,顎
gân,顏
hiông,顒
iông,顒
tshuan,顓
tsuan,顓
tsuan-sun,顓孫
gân,顔
hián,顕
gí,顗
khái,顗
khí,顗
guān,願
guān-ì,願意
guān-bōng,願望
tian,顛
thian,顛
thian-tho̍h,顛倒
tian-tò,顛倒
tian-tò-píng,顛倒反
tian-tò-thâu,顛倒頭
tian-hong,顛峰
tian-hok,顛覆
luī,類
luī-sū,類似
luī-pia̍t,類別
luī-hîng,類型
luī-kóo,類股
gē,顡
gī,顡
buân,顢
bān,顢
tshik,顣
tshiok,顣
hō,顥
tsiâu,顦
kòo,顧
kòo-sann-tǹg,顧三頓
kòo-lâng-uàn,顧人怨
kòo-tshù,顧厝
kòo-būn,顧問
kòo-gín--á,顧囡仔
kòo-gín-á,顧囡仔
kòo-kheh,顧客
kòo-ke,顧家
kòo-suann,顧山
kòo-biō--ê,顧廟的
kòo-lī,顧慮
kòo-lū,顧慮
kòo-mê,顧暝
kòo-mî,顧暝
kòo-kenn,顧更
kòo-kinn,顧更
kòo-mn̂g,顧門
tsian,顫
tsiàn,顫
tsùn,顫
tsùn-būn,顫悶
hián,顯
hiánn,顯
hián-tshut,顯出
hián-bî-kiànn,顯微鏡
hián-hiān,顯現
hiánn-ba̍k,顯目
hián-sī,顯示
hián-sìng,顯聖
hián-tù,顯著
hián-lōo,顯露
hiánn-thâu,顯頭
pîn,顰
lôo,顱
jiap,顳
kuàn,顴
kuân,顴
hong,風
hong-sio̍k,風俗
hong-li̍k,風力
hong-sè,風勢
hong-hiòng,風向
hong-tshe,風吹
hong-tsher,風吹
hong-tshue,風吹
huang-tshe,風吹
hong-tshe-lián,風吹輪
hong-tshue-lián,風吹輪
hú-loh,風呂
hú-looh,風呂
hú-ló-háng,風呂桶
hú-lóo-tháng,風呂桶
hong-bī,風味
hong-tshuì-kháu,風喙口
hong-tîn,風塵
hong-bué,風尾
hong-bé,風尾
hong-mua,風幔
hong-tōo,風度
hong-tsîng,風情
hong-sìnn,風扇
hong-thiu,風抽
hong-thiu-á,風抽仔
hong-tsu̍t-á,風捽仔
hong-kíng,風景
hong-pō,風暴
hong-keh,風格
hong-kuī,風櫃
hong-kuǐ,風櫃
hong-khì,風氣
hong-suí,風水
hong-tsuí,風水
hong-suí-sian,風水仙
hong-tsuí-sian,風水仙
hong-suí-sai,風水師
hong-pho,風波
hong-liû,風流
hong-íng,風湧
hong-sip,風溼
hong-tiâu,風潮
hong-kuàn,風灌
hong-kuàn-á,風灌仔
hong-hué,風火
hong-hé,風火
hong-hué-thâu,風火頭
hong-hé-thâu,風火頭
hong-khîm,風琴
hong-thiànn,風疼
hong-sîn,風神
hong-tâng,風筒
hong-huān,風範
hong-siann,風聲
hong-siann-pòng-iánn,風聲嗙影
hong-huâ,風華
hong-tshang,風蔥
huang-tshang,風蔥
hong-hîng,風行
hong-phîng,風評
hong-tiâu-ú-sūn,風調雨順
hong-māu,風貌
hong-tshia,風車
hong-siâ,風邪
hong-tshái,風采
hong-hiám,風險
hong-hōo,風雨
hong-ú,風雨
hong-hûn,風雲
hong-luî,風雷
hong-song,風霜
hong-thâu,風頭
hong-hong-ú-ú,風風雨雨
hong-thai,風颱
hong-thai-thinn,風颱天
hong-thai-bué,風颱尾
hong-thai-bé,風颱尾
hong-thai-hōo,風颱雨
hong-pue-sua,風飛沙
hong-so,風騷
hong-kóo,風鼓
huang-kóo,風鼓
piu,颩
hû,颫
hâ,颬
tsiam,颭
phiau,颮
pâu,颮
sap,颯
hut,颰
thai,颱
lia̍t,颲
kuat,颳
kū,颶
su,颸
iâng,颺
iông,颺
iānn,颺
tshiônn,颺
tshiûnn,颺
iānn-tshik,颺粟
tshiûnn-tshik,颺粟
iānn-hong,颺風
tshiûnn-hong,颺風
iānn-iānn-pue,颺颺飛
iâu,颻
soo,颼
hông,颿
liû,飀
liâu,飂
liû,飂
phiau,飄
phiau-iông,飄揚
phiau-phiat,飄撇
phiau,飆
hui,飛
pe,飛
pue,飛
per,飛
hue,飛
hui-an,飛安
hui-tuânn,飛彈
hui-ki,飛機
pue-oo,飛烏
hui-bú,飛舞
hui-hâng,飛航
pe-hâng,飛航
pue-hâng,飛航
per-tsûn,飛船
pue-tsûn,飛船
hui-hîng,飛行
hue-lîng-ki,飛行機
hue-nn̄g-ki,飛行機
hui-hîng-ki,飛行機
hui-lîng-ki,飛行機
pue-lîng-ki,飛行機
hui-niáu,飛鳥
pue-tsiáu,飛鳥
pue-tshí,飛鼠
pue-tshú,飛鼠
huan,飜
si̍t,食
tsia̍h,食
tsiā,食
tsia̍h--lâng,食人
tsia̍h-lâng-kàu-kàu,食人夠夠
tsia̍h-piān-niá-hiān,食便領現
tsia̍h-sông,食倯
tsia̍h-la̍t,食力
tsia̍h-miâ,食名
tsia̍h-miā,食命
si̍t-phín,食品
si̍t-tn̂g,食堂
tsia̍h-guā-kháu,食外口
tsia̍h-lin,食奶
tsia̍h-ling,食奶
tsia̍h-ni,食奶
tsia̍h hó-liāu,食好料
tsia̍h-ka-kī,食家己
tsia̍h-ka-tī,食家己
tsia̍h-tshī,食市
tsia̍h-tànn,食擔
tsia̍h-tàu,食晝
tsia̍h-àm,食暗
si̍t-tsâi,食材
tsia̍h-toh,食桌
tsia̍h-sí-sí,食死死
tsia̍h-tshing,食清
tsia̍h-tshing-niá-piān,食清領便
tsia̍h-tsiunn,食漿
si̍t-bu̍t,食物
tsia̍h-mi̍h,食物
tsia̍h-mn̍gh,食物
si̍t-iōng,食用
si̍t-liâu,食療
tsia̍h-tsóo,食祖
tsia̍h-hok,食福
tsia̍h-tshìn-thâu,食秤頭
tsia̍h-tshīng,食穿
tsia̍h-sòo,食素
tsiā-sòo,食素
tsia̍h-tsuē,食罪
tsia̍h-lāu,食老
tsia̍h-lāu-tshut-phia̍h,食老出癖
tsia̍h-lāu-pún,食老本
tsia̍h-siann,食聲
tsia̍h-phòng-piánn,食膨餅
tsia̍h-tsho,食臊
tsia̍h-tshor,食臊
tsiā-tsho,食臊
tsia̍h-sik,食色
tsia̍h-khóo,食苦
tsia̍h-tê,食茶
tsia̍h-tshài,食菜
tsiā-tshài,食菜
tsia̍h-hun,食薰
tsia̍h-khui,食虧
si̍t-póo,食補
tsia̍h-póo,食補
tsia̍h-po,食褒
si̍t-giân,食言
tsia̍h-jīn,食認
tsia̍h-līn,食認
si̍t-phóo,食譜
tsia̍h-lōo,食路
tsia̍h-nńg-á,食軟仔
tsia̍h-nńg-kiann-ngē,食軟驚硬
tsia̍h-nńg-kiann-ngī,食軟驚硬
tsia̍h-tshòo,食醋
tsia̍h-tāng-kiâm,食重鹹
tsia̍h-tâng-tsia̍h-thih,食銅食鐵
tsia̍h-tsînn,食錢
tsiā-tsînn,食錢
tsia̍h-tsînn-kuann,食錢官
tsia̍h-thâu-lōo,食頭路
tsia̍h-hong,食風
tsia̍h-si̍t,食食
tsia̍h-pn̄g-thiann,食飯廳
tsia̍h-pn̄g-huē,食飯會
tsia̍h-pn̄g-toh,食飯桌
tsia̍h-pá,食飽
tsia̍h-tshan-thiann,食餐廳
tsia̍h-kinn,食鹼
tshan,飡
ki,飢
ki-hng,飢荒
tìng,飣
thok,飥
kan,飦
tsian,飦
tûn,飩
tūn,飩
jím,飪
uì,飫
ìr,飫
uì-tshuì,飫喙
thik,飭
huān,飯
pn̄g,飯
puīnn,飯
pňg,飯
pn̄g-uân,飯丸
pn̄g-pau,飯包
pn̄g-sî,飯匙
puīnn-sî,飯匙
pňg-sî,飯匙
pn̄g sî tshìng,飯匙銃
pn̄g-sî-tshìng,飯匙銃
puīnn-sî-tshìng,飯匙銃
pňg-sî-tshìng,飯匙銃
pn̄g-sî-kut,飯匙骨
pn̄g-sî-gô,飯匙鵝
pn̄g-khann,飯坩
pn̄g-tiàm,飯店
pn̄g-thiann,飯廳
pn̄g-táu,飯斗
pn̄g-sia̍h,飯杓
pn̄g-tháng,飯桶
puīnn-tháng,飯桶
pňg-tháng,飯桶
pn̄g-hia,飯桸
pn̄g-thng,飯湯
pn̄g-phí,飯疕
puīnn-phí,飯疕
pňg-phí,飯疕
pn̄g-phí-á,飯疕仔
pn̄g-a̍h,飯盒
pn̄g-a̍h-á,飯盒仔
pn̄g-a̍p-á,飯盒仔
pn̄g-uánn,飯碗
pn̄g-kheh-á,飯篋仔
pn̄g-luē,飯篱
pn̄g-lē,飯篱
puīnn-lē,飯篱
pňg-luě,飯篱
pn̄g-tshài,飯菜
pn̄g-luē,飯鑢
pn̄g-tǹg,飯頓
ím,飲
ím-phín,飲品
ím-liāu,飲料
ím-iōng,飲用
ím-iōng-tsuí,飲用水
ím-si̍t,飲食
ím-si̍t tiàm,飲食店
sū,飴
pit,飶
pi̍t,飶
sū,飼
tshī,飼
tshǐ,飼
tshī-lin,飼奶
tshī-ling,飼奶
tshī-ni,飼奶
tshī-liāu,飼料
tshī-tsa-bóo,飼查某
pá,飽
páu,飽
pá-jîn,飽仁
pá-lîn,飽仁
pá-eh,飽呃
pá-tsuí,飽水
pá-lâu,飽流
pá-tīnn,飽滇
pá-buán,飽滿
pá-muá,飽滿
pá-tsiunn,飽漿
pá-bîn,飽眠
pá-suī,飽穗
pá-tiùnn,飽脹
pá-kuī,飽膭
pá-tsiok,飽足
sik,飾
ngāi,餀
jím,餁
thiám,餂
tiâm,餂
kiáu,餃
kàu,餃
kiap,餄
piánn,餅
píng,餅
piánn-iù-á,餅幼仔
piánn-tiàm,餅店
tsû,餈
hiàng,餉
hiòng,餉
iónn,養
iúnn,養
iáng,養
ióng,養
ióng-hūn,養份
iáng-lí,養女
ióng-lí,養女
ióng-lír,養女
ióng-lú,養女
ióng-tsú,養子
iúnn-tsú,養子
ióng-sîng,養成
ióng-lo̍k-to,養樂多
iúnn-bó,養母
iúnn-bú,養母
iúnn-pē,養爸
ióng-sing,養生
ióng-pēnn,養病
ióng-pīnn,養病
ióng--ê,養的
iúnn--ê,養的
ióng-sîn,養神
ióng-ló,養老
ióng-io̍k,養育
ióng-tshī,養飼
iúnn-tshī,養飼
gī,餌
jī,餌
lī,餌
tshan,餐
tshan-thiann,餐廳
tshan-huē,餐會
tshan-ím,餐飲
tshan-tiám,餐點
pu̍t,餑
lué,餒
lué-tsì,餒志
gō,餓
gōr,餓
gǒ,餓
ngōo,餓
gō--sí,餓死
pôo,餔
pōo,餔
tsùn,餕
tōo,餖
sok,餗
î,餘
û,餘
ngâu,餚
hûn,餛
khun,餛
kó,餜
tsiàn,餞
tsián,餞
tsuè,餟
tuat,餟
hām,餡
ānn,餡
ānn-piánn,餡餅
tâm,餤
tsiong,餦
lué,餧
uí,餧
kuán,館
kuán-tsàn,館棧
kuán-tiúnn,館長
luán,餪
ūn,餫
hôo,餬
ôo,餬
hông,餭
thiat,餮
sióng,餯
hô,餱
hôo,餱
ái,餲
king,餳
sing,餳
thông,餳
tshing,餳
tông,餳
hun,餴
uì,餵
ko,餻
hì,餼
kuī,餽
liû,餾
liū,餾
liū-kué,餾粿
liū-ké,餾粿
iap,饁
buân,饅
bân,饅
bán,饅
bán-thâu,饅頭
bán-thô,饅頭
bán-thôr,饅頭
siu,饈
kīn,饉
sán,饊
kuī,饋
tsuān,饌
hi,饎
tshì,饎
it,饐
ki,饑
giâu,饒
jiâu,饒
liâu,饒
jiâu-miā,饒命
liâu-miā,饒命
jiâu-jū,饒裕
liâu-lū,饒裕
jiâu-sià,饒赦
liâu-sià,饒赦
iong,饔
tho,饕
uè,饖
hiáng,饗
hióng,饗
tsian,饘
hun,饙
iàm,饜
môo,饝
tshâm,饞
sâi,饞
sâi-tsia̍h,饞食
siong,饟
siù,首
siú,首
siú-sian,首先
siú-si̍k,首席
siú-siòng,首相
siú-too,首都
siú-tiúnn,首長
siú-ia̍h,首頁
siú-líng,首領
kuî,馗
hi̍k,馘
hionn,香
hiunn,香
hiang,香
hiong,香
hiong-san,香山
hiong-san-khu,香山區
hiunn-uànn,香案
hiunn-uànn-toh,香案桌
hiunn-àn-toh,香案桌
hiunn-înn,香櫞
hiunn-iân-kue,香櫞瓜
hiunn-înn-kue,香櫞瓜
hiang-iû,香油
hiong-káng-kha,香港跤
hionn-hué,香火
hiunn-hué,香火
hiunn-hé,香火
hiunn-hér,香火
hiunn-hu,香烌
hiunn-ian,香煙
hiunn-lôo,香爐
hiunn-kue-á,香瓜仔
hiunn-phang,香芳
hiunn-koo,香菇
hiunn-koo-bah-bê,香菇肉糜
hiunn-koo-bah-muâi,香菇肉糜
hiunn-koo-bah-muê,香菇肉糜
hiunn-tē-á,香袋仔
hiunn-kha,香跤
hûn,馚
ní,馜
pih,馝
phut,馞
pu̍t,馞
hui,馡
huí,馡
tsian,馢
hok,馥
un,馧
hiann,馨
hing,馨
hiong,馨
hûn,馩
bé,馬
má,馬
ma,馬
má-siāng,馬上
má-siōng,馬上
bé-á,馬仔
má-king-tshī,馬公市
bé-la̍t,馬力
ma-ká-táu,馬卡道
ma-tá-án,馬大安
má-tāi-an,馬大安
má-tāi-an-khe,馬太鞍溪
bé-hì,馬戲
ma-lá-sóng,馬拉松
bé-tháng,馬桶
má-ní-tong-hong,馬耳東風
bé-hue-tsìnn,馬花糋
bé-tsî,馬薺
bé-kuà,馬褂
má-se-má-se,馬西馬西
bé-lōo,馬路
bé-tshia,馬車
má-lí-bu̍t,馬里勿
bé-lîng-tsî,馬鈴薯
bé-lîng-tsîr,馬鈴薯
má-lîng-tsî,馬鈴薯
má-lîng-tsîr,馬鈴薯
má-lîng-tsû,馬鈴薯
má-lîng-tsî-phìnn,馬鈴薯片
má-lîng-tsû-phìnn,馬鈴薯片
bé-bīn,馬面
bé-uann,馬鞍
bé-pinn,馬鞭
bé-thâu,馬頭
má-má-hu-hu,馬馬虎虎
bé-ka,馬鮫
bé-khí-tāu,馬齒豆
gū,馭
pâng,馮
hông,馮
pîn,馮
pông,馮
tik,馰
tô,馱
lo̍k,馲
thok,馲
tî,馳
sûn,馴
tsù,馵
ji̍t,馹
ki̍p,馺
sap,馺
tsip,馽
poh,駁
pok,駁
pok-jī tāi-gī,駁二大義
pok-jī hông-lâi,駁二蓬萊
pok-huê,駁回
pok-hê,駁回
phoh-huānn,駁岸
poh-huānn,駁岸
poh-khàm,駁崁
kuat,駃
kíng,駉
kū,駏
tsù,駐
tū,駐
tū--sí,駐死
tū-tsuí,駐水
tsù-kun,駐軍
tsū-kun,駐軍
lôo,駑
khi,駒
khu,駒
phi,駓
tsóng,駔
tsóo,駔
kà,駕
kà-tsiàu,駕照
kà-sú,駕駛
lîng,駖
thai,駘
thāi,駘
tâi,駘
hū,駙
sái,駛
sú,駛
sái-tsûn,駛船
sái-tshia,駛車
pit,駜
pī,駜
tô,駝
tôo,駝
sù,駟
liû,駠
mā,駡
piân,駢
tiāu,駣
jiông,駥
siong,駥
tshuan,駩
sin,駪
jínn,駬
hái,駭
pak,駮
in,駰
lo̍h,駱
lo̍k,駱
lo̍k-tô,駱駝
lo̍k-tôr,駱駝
liû,駵
sióng,駷
tshim,駸
bâng,駹
hān,駻
tôo,駼
hiân,駽
thuè,駾
tsùn,駿
phìng,騁
sin,騂
gái,騃
lio̍k,騄
tsui,騅
sià,騇
piân,騈
lâi,騋
khò,騍
khiâ,騎
khî,騎
khî-sū,騎士
khiâ-tshia,騎車
khiâ-bé,騎馬
kî,騏
giām,騐
hui,騑
iáu,騕
bū,騖
tshong,騘
phiàn,騙
phiàn--lâng,騙人
phiàn-gín-á,騙囡仔
phiàn-tsú,騙子
phiàn-kio̍k,騙局
phiàn-siáu--ê,騙痟的
phiàn-su̍t,騙術
phiàn-kuí,騙鬼
thê,騠
hâ,騢
kuî,騤
giû,騥
jiû,騥
liû,騥
kua,騧
ua,騧
hian,騫
khian,騫
sīng,騬
tsing,騬
thik,騭
tsik,騭
liû,騮
thîng,騰
thîng-sin,騰身
tshó,騲
guân,騵
tsoo,騶
tsōo,騶
so,騷
soo,騷
siàn,騸
tsì,騺
song,騻
lêr,騾
lô,騾
lê-á,騾仔
bi̍k,驀
gô,驁
gō,驁
ngôo,驁
ngōo,驁
tsham,驂
phiàu,驃
tshong,驄
khi,驅
khu,驅
khu-tōng,驅動
i̍k,驆
lu̍t,驈
u̍t,驈
huâ,驊
siok,驌
hiau,驍
lîn,驎
līn,驎
tun,驐
tô,驒
thâm,驔
kiau,驕
kiau-ngōo,驕傲
thiat,驖
giām,驗
giām siong,驗傷
giām-si,驗屍
giām-siu,驗收
giām-hueh,驗血
giām-huih,驗血
giām-tsìng,驗證
lô,驘
tsian,驙
kenn,驚
kiann,驚
king,驚
kinn,驚
kiann--lâng,驚人
kiann-lâng,驚人
kiann-hí,驚喜
kiann-thinn-tāng-tuē,驚天動地
kiann-thinn-tāng-tē,驚天動地
kiann-hiânn,驚惶
kiann bóo,驚某
kiann--sí,驚死
kiann-sí,驚死
kiann-sí-lâng,驚死人
kiann tshenn-hūn,驚生份
kiann tshinn-hūn,驚生份
kiann-senn-hūn,驚生份
kiann-sinn-hūn,驚生份
kenn-ti̍t,驚蟄
kiann-kiàn-siàu,驚見笑
ia̍h,驛
i̍k,驛
thok,驝
tsōo,驟
lî,驢
lîr,驢
lû,驢
lî-á,驢仔
lîr-á,驢仔
lû-á,驢仔
siong,驤
kì,驥
song,驦
sóng,驦
huan,驩
lê,驪
kut,骨
kut-la̍t,骨力
kut-tsi̍h,骨折
kut-kè,骨架
kut-keh,骨格
kut-khì,骨氣
kut-hu,骨烌
kut-ba̍k,骨目
kut-tsat,骨節
kut-jio̍k,骨肉
kut-lio̍k,骨肉
kut-tsit,骨質
kut-lûn,骨輪
kut-thâu,骨頭
kut-thâu-hu,骨頭烌
kut-keh,骨骼
kut-tshué,骨髓
kut-tshé,骨髓
uí,骫
hān,骭
kàn,骭
khóng,骯
tiô,骰
tâu,骰
tôo,骰
tāu-káu,骰九
tâu-á,骰仔
tāu--á,骰仔
kái,骱
kái-pinn,骱邊
phī,骳
pī,骳
tsù,骴
koo,骷
hâi,骸
khua,骻
khuà,骻
kik,骼
kok,骼
thuí,骽
kíng,骾
kīng,骾
piân,骿
phiann,骿
phiann-ki-kut,骿支骨
phiann-liâu,骿條
phiann-liâu-kut,骿條骨
pī,髀
khò,髁
khā,髂
phok,髆
tsho,髊
lôo,髏
to̍k,髑
tsòng,髒
tshué,髓
tshuí,髓
tshé,髓
tshér,髓
thué,體
thé,體
thái,體
thé-lāi,體內
thé-tsè,體制
thué-thak,體剔
thé-thak,體剔
thé-la̍t,體力
thé-hîng,體型
thé-uí-huē,體委會
thé-liām,體念
thé-ngōo,體悟
thé-tshau,體操
thé-huē,體會
thé-keh,體格
thé-kiám,體檢
thé-un,體溫
thé-tsik,體積
thé-hē,體系
thé-thóng,體統
thé-io̍k,體育
thé-io̍k tāi-ha̍k,體育大學
thé-lîng,體能
thé-liōng,體諒
thé-thiap,體貼
thé-tsit,體質
thé-tāng,體重
thé-biān,體面
thé-bīn,體面
thé-giām,體驗
pìn,髕
pīn,髕
khuan,髖
lôo,髗
ko,高
kau,高
koo,高
ko-tiong,高中
ko-tuē,高地
ko-tē,高地
ko-ap,高壓
ko-lí,高女
ko-lú,高女
ko-sióng,高尚
ko-siōng,高尚
ko-pîn-khe,高屏溪
ko-tsân,高層
ko-hong,高峰
ko-tshiú,高手
ko-bîng,高明
ko-kè,高架
ko-lâu,高樓
ko-tshiū-kha,高樹跤
ko-tshiū-hiong,高樹鄉
ko-tòng,高檔
ko-tóng,高檔
ko-un,高溫
ko-tiau,高潮
ko-tíng,高等
kau-liâng-tsiú,高粱酒
ko-liâng-tsiú,高粱酒
ko-liông-tsiú,高粱酒
kor-liâng-tsiú,高粱酒
kor-liông-tsiú,高粱酒
ko-kip,高級
ko-tsit,高職
ko-hueh-ap,高血壓
ko-huih-ap,高血壓
ko-kiàn,高見
ko-kuì,高貴
ko-sok,高速
ko-thih,高鐵
ko-thih thô-hn̂g-tsām,高鐵桃園站
ko-thih tâi-tiong-tsām,高鐵臺中站
kau-tshiâng,高長
ko-tshiâng,高長
ko-tshiâng sì-tsàng,高長四壯
ko-tshiâng tuā-hàn,高長大漢
ko-kai,高階
ko-hiông,高雄
ko-hiông tián-lám-kuán,高雄展覽館
ko-hiông-tshī,高雄市
ko-hiông-káng,高雄港
ko-hiông tshia-tsām,高雄車站
ko-hiông ko-kang,高雄高工
ko-ngá,高雅
ko-im,高音
ko-lê,高麗
ko-lê-sam,高麗參
ko-lê-sim,高麗參
ko-lê-som,高麗參
ko-lê-tshài,高麗菜
ko-lê-tshài-ínn-á,高麗菜穎仔
ko-lîng,高齡
ko,髙
khiáu,髜
phiau,髟
piu,髟
khun,髠
khun,髡
hóng,髣
hiu,髤
jiám,髥
môo,髦
tē,髦
tám,髧
siâu,髫
tiâu,髫
tsu,髭
huat,髮
jiám,髯
phī,髲
pī,髲
bôo,髳
mâu,髳
môo,髳
hut,髴
huì,髴
jî,髵
hiu,髹
kuat,髺
kuè,髻
kè,髻
kèr,髻
kuè-á-tsang,髻仔鬃
kè-á-tsang,髻仔鬃
hông,髼
tshua,髽
sau,髾
sa,髿
thè,鬀
tsang,鬃
tsong,鬃
thè,鬄
pîng,鬅
sang,鬆
song,鬆
sang-nńg,鬆軟
tsing,鬇
kuân,鬈
tsián,鬋
tó,鬌
hôo,鬍
hôo-tshiu,鬍鬚
kî,鬐
tsin,鬒
hông,鬔
sam,鬖
sàm,鬖
sàm-mn̂g-kuí,鬖毛鬼
bân,鬘
tsing,鬙
su,鬚
tshiu,鬚
huân,鬟
lîng,鬡
pìn,鬢
pìn-sui,鬢繐
pìn-kak,鬢角
pìn-kha,鬢跤
pìn-pinn,鬢邊
lia̍p,鬣
jiông,鬤
tàu,鬥
tiò,鬥
tòo,鬥
tàu-tsuè-hé,鬥做伙
tàu-tsò-hué,鬥做伙
tàu-kù,鬥句
tàu-hué-kì,鬥夥計
tàu-hé-kì,鬥夥計
tàu ang-kong-á-pó,鬥尪公仔寶
tàu-pang-tsān,鬥幫贊
tàu-tah,鬥搭
tàu-sún,鬥榫
tàu-sún-thâu,鬥榫頭
tàu-bô-îng,鬥無閒
tàu-tsing,鬥爭
tàu-sann-kāng,鬥相共
tàu-sann-kǎng,鬥相共
tàu-khang,鬥空
tàu-kóo,鬥股
tàu-tsáu,鬥走
tàu-kha-tshiú,鬥跤手
tàu-liú-á,鬥鈕仔
tàu-tīn,鬥陣
tàu-tǐn,鬥陣
tàu-thâu,鬥頭
tàu-lāu-jia̍t,鬥鬧熱
tàu-lāu-lia̍t,鬥鬧熱
tàu-nāu-jia̍t,鬥鬧熱
tàu-nāu-lia̍t,鬥鬧熱
tòo,鬦
lāu,鬧
nāu,鬧
nāu-tâi,鬧台
nāu-thiann,鬧廳
nāu-pâng,鬧房
lāu-jia̍t,鬧熱
lāu-lia̍t,鬧熱
nāu-jia̍t,鬧熱
nāu-lia̍t,鬧熱
lāu-jia̍t-kún-kún,鬧熱滾滾
lāu-lia̍t-kún-kún,鬧熱滾滾
nāu-jia̍t-kún-kún,鬧熱滾滾
nāu-lia̍t-kún-kún,鬧熱滾滾
lāu-jia̍t-tshih-tshah,鬧熱𩑾插
lāu-lia̍t-tshih-tshah,鬧熱𩑾插
lāu-jia̍t-tshih-tshih,鬧熱𩑾𩑾
lāu-lia̍t-tshih-tshih,鬧熱𩑾𩑾
nāu-tshai-tshai,鬧猜猜
nāu-tsing-á,鬧鐘仔
hāng,鬨
gé,鬩
hik,鬩
tòo,鬪
hàm,鬫
hám,鬫
tòo,鬬
khau,鬮
khiu,鬮
thiòng,鬯
ut,鬱
ut-siong,鬱傷
ut-tsut,鬱卒
ut-káu,鬱口
ut-áu,鬱拗
ut-áunn,鬱拗
ut-huè,鬱歲
ut-hè,鬱歲
ut-jua̍h,鬱熱
ut-lua̍h,鬱熱
kik,鬲
li̍k,鬲
hú,鬴
sîm,鬵
io̍k,鬻
tiau,鬻
tsháu,鬻
tsiok,鬻
kuí,鬼
kuí-á,鬼仔
kuí-á-hong,鬼仔風
kuí-thì-thâu,鬼剃頭
kuí-ge̍h,鬼月
kuí-gue̍h,鬼月
kuí-sîn,鬼神
kuí-tsiann,鬼精
kuí-mn̂g,鬼門
kuí-mn̂g-kuan,鬼門關
kuí-thâu-to,鬼頭刀
kuí-thâu-kuí-náu,鬼頭鬼腦
bī,鬽
muī,鬽
khue,魁
hûn,魂
hûn-phik,魂魄
phik,魄
phik-li̍k,魄力
bī,魅
muī,魅
bī-li̍k,魅力
siau,魈
hi̍k,魊
tuê,魋
bóng,魍
báng,魍
lióng,魎
guī,魏
lî,魑
phiau,魒
môo,魔
môo-li̍k,魔力
môo-huat,魔法
môo-sîn-á,魔神仔
môo-su̍t,魔術
môo-kuí,魔鬼
ki,魕
kî,魕
tshiú,魗
iap,魘
iám,魘
tsik,魙
tsiām,魙
hî,魚
hû,魚
gî,魚
gû,魚
hîr,魚
hî-uân,魚丸
hû-uân,魚丸
hî-kuann,魚乾
hû-kuann,魚乾
hî-á-tshī,魚仔市
hû-á-tshī,魚仔市
hî-tshì,魚刺
hû-tshì,魚刺
hî-ùn,魚塭
hû-ùn,魚塭
hî-tsí,魚子
hû-tsí,魚子
hî-hú,魚拊
hû-hú,魚拊
hî-tsai,魚栽
hû-tsai,魚栽
hî-tî,魚池
hû-tî,魚池
hî-tî-hiong,魚池鄉
hî-tsiunn,魚漿
hû-tsiunn,魚漿
hî-tshê,魚箠
hîr-tshêr,魚箠
hî-bāng,魚網
hû-bāng,魚網
hî-kûn,魚群
hû-kûn,魚群
hî-tshì,魚翅
hû-tshì,魚翅
hî-hi̍k-bah,魚肉肉
hî-kuann-iû,魚肝油
hû-kuann-iû,魚肝油
hî-póo,魚脯
hû-póo,魚脯
hî-tsho,魚臊
hû-tsho,魚臊
hî-tîn,魚藤
hû-tîn,魚藤
hî-soo,魚酥
hû-soo,魚酥
hî-tiò-á,魚釣仔
hû-tiò-á,魚釣仔
hî-thâu,魚頭
hû-thâu,魚頭
hî-luī,魚類
hû-luī,魚類
hî-jī,魚餌
hû-lī,魚餌
hî-hî-bah-bah,魚魚肉肉
hû-hû-bah-bah,魚魚肉肉
hî-tshinn,魚鮮
hû-tshinn,魚鮮
hî-tshi,魚鰓
hû-tshi,魚鰓
hî-liu,魚鰡
hîr-liu,魚鰡
hû-liu,魚鰡
hî-piō,魚鰾
hû-piō,魚鰾
hî-lân,魚鱗
hû-lân,魚鱗
hî-lân-tshuì,魚鱗𤺅
hî-lân-tsuè,魚鱗𤺅
hîr-lân-tserè,魚鱗𤺅
hîr-lân-tshe̍h,魚鱗𤺅
hû-lân-tsuè,魚鱗𤺅
hî-lân-tsheh-á,魚鱗𤺅仔
hî-lân-tshuì-á,魚鱗𤺅仔
hî-lân-tshè-á,魚鱗𤺅仔
hî-lân-tsè-á,魚鱗𤺅仔
hîr-lân-tsèr-á,魚鱗𤺅仔
hû-lân-tshuì-á,魚鱗𤺅仔
hû-lân-tshè-á,魚鱗𤺅仔
to,魛
jîn,魜
kiat,魝
hang,魟
kong,魟
hang-á-hî,魟仔魚
hang-á-hû,魟仔魚
hang-hî,魟魚
hang-hû,魟魚
thoh,魠
thok,魠
thuh,魠
sa,魦
tûn,魨
bua̍t,魩
but,魩
but-á-hî,魩仔魚
but-á-hû,魩仔魚
kài,魪
pán,魬
puánn,魬
puánn-hî,魬魚
puánn-hû,魬魚
lóo,魯
luh,魯
hang,魴
hong,魴
la̍p,魶
iû,魷
hô,魺
khu,魼
ham,魽
kam,魽
tô,鮀
siû,鮂
pit,鮅
tshú,鮆
bua̍t,鮇
iû,鮋
liam,鮎
tsing,鮏
thai,鮐
pāu,鮑
pau,鮑
páu,鮑
pâu,鮑
pau-hî,鮑魚
pau-hû,鮑魚
hū,鮒
tsà,鮓
tsā,鮓
koo,鮕
koo-tai,鮕鮘
tai,鮘
jî,鮞
guî,鮠
thiâu,鮡
tsu-kuè,鮢鱖
tsu-kè,鮢鱖
tông,鮦
uí,鮪
ka,鮫
kau,鮫
koo,鮬
hâi,鮭
kui,鮭
sian,鮮
sián,鮮
tshinn,鮮
sian-i,鮮于
sian-u,鮮于
tshinn-tshioh,鮮沢
tshinn-hue,鮮花
huê,鮰
ló,鮱
bián,鮸
bián-hî,鮸魚
bián-hû,鮸魚
sau,鮹
lué,鮾
kún,鯀
kíng,鯁
kīng,鯁
gôo,鯃
ngôo,鯃
phoo,鯆
hān,鯇
uán,鯇
iû,鯈
lí,鯉
lí-hî,鯉魚
lí-hîr,鯉魚
lí-hû,鯉魚
lē-hî,鯉魚
lě-hîr,鯉魚
lí-hî-bué,鯉魚尾
lí-hî-bé,鯉魚尾
sa,鯊
sua,鯊
sua-hî,鯊魚
sua-hû,鯊魚
sua-hî-ian,鯊魚煙
sua-hû-ian,鯊魚煙
sa,鯋
khò,鯌
tsu,鯔
tshing,鯖
siáng,鯗
sióng,鯗
siónn,鯗
siúnn,鯗
kuì,鯚
tiau,鯛
kòo,鯝
lāi,鯠
gé,鯢
khun,鯤
tshiang,鯧
tshiong,鯧
tshionn,鯧
tshiunn,鯧
king,鯨
kiang-hî,鯨魚
lîng,鯪
lâ,鯪
lâ-lí,鯪鯉
tsoo,鯫
tsang,鯮
liâm,鯰
liâm-á-hîr,鯰仔魚
liâm-hî,鯰魚
liâm-hû,鯰魚
tê,鯷
hôo,鯸
tsing,鯹
la̍t,鯻
tshì,鯻
tsong,鯼
tsik,鯽
tsit,鯽
tsit-á-hî,鯽仔魚
tsit-á-hû,鯽仔魚
uán,鰀
uān,鰀
tsi̍k,鰂
tshun,鰆
giû,鰇
jiû,鰇
liû,鰇
jiû-hî,鰇魚
liû-hû,鰇魚
jiû-hî-kenn,鰇魚羹
liû-hû-kinn,鰇魚羹
jiû-hî-tshiu,鰇魚鬚
liû-hû-tshiu,鰇魚鬚
thap,鰈
tia̍p,鰈
hông,鰉
ián,鰋
iû,鰌
tshiu,鰌
iû,鰍
tshiu,鰍
go̍k,鰐
ho̍k,鰒
sai,鰓
su,鰓
tshi,鰓
kám,鰔
hâ,鰕
hôo,鰗
hôo-liu,鰗鰡
kiam,鰜
kó,鰝
liû,鰡
liu,鰡
má,鰢
sî,鰣
kuan,鰥
tsu,鰦
thap,鰨
iâu,鰩
iông,鰫
kî,鰭
un,鰮
un-á-hî,鰮仔魚
un-á-hû,鰮仔魚
liân,鰱
liân-hî,鰱魚
liân-hû,鰱魚
gô,鰲
ngôo,鰲
li̍k,鰳
bín,鰵
tiâu,鰷
kian,鰹
bân,鰻
muâ,鰻
muâ-á-tsai,鰻仔栽
muâ-tsai,鰻栽
muâ-suànn,鰻線
muâ-hî-tsai,鰻魚栽
muâ-hû-tsai,鰻魚栽
siû,鰽
tsiu,鰽
piáu,鰾
piō,鰾
thuân,鱄
tsuan,鱄
iông,鱅
tsiong,鱆
suat,鱈
suat-hî,鱈魚
suat-hû,鱈魚
piat,鱉
pih,鱉
u̍t,鱊
puat,鱍
kiáu,鱎
hông,鱑
tsún,鱒
siān,鱔
tshuānn,鱔
siān-hî,鱔魚
siān-hîr,鱔魚
siān-hû,鱔魚
siǎn-hîr,鱔魚
siān-liu,鱔鰡
kuè,鱖
kè,鱖
kèr,鱖
kuè-hî,鱖魚
kè-hû,鱖魚
lân,鱗
lîn,鱗
sîm,鱘
giâu,鱙
jiâu,鱙
liâu,鱙
jiâu-á-hî,鱙仔魚
liâu-á-hû,鱙仔魚
hùn,鱝
hāu,鱟
hāu-hia,鱟桸
hǎu-phiô,鱟薸
hāu-khat-á,鱟𣁳仔
kuè,鱠
tsi̍k,鱡
siān,鱣
tsian,鱣
kám,鱤
sîng,鱦
lé,鱧
siông,鱨
tsé,鱭
sū,鱮
hōo,鱯
lē,鱱
lia̍p,鱲
la̍h,鱲
tsim,鱵
go̍k,鱷
kho̍k,鱷
go̍k-hî,鱷魚
go̍k-hû,鱷魚
kho̍k-hî,鱷魚
kho̍k-hû,鱷魚
lôo,鱸
lôo-hî,鱸魚
lôo-hîr,鱸魚
lôo-hû,鱸魚
lôo-muâ,鱸鰻
lôo-muâ-pô,鱸鰻婆
lē,鱺
pa,鲃
liâm,鲇
so,鳋
niáu,鳥
tsiáu,鳥
tsiáu-á,鳥仔
tsiáu-á-siū,鳥仔岫
tsiáu-á-king,鳥仔弓
tsiáu-á-phiang,鳥仔擗
tsiáu-á-ta̍h,鳥仔踏
tsiáu-tok,鳥啄
tsiáu-phiak-á,鳥擗仔
tsiáu-phia̍k-á,鳥擗仔
tsiáu-tshîng-khu,鳥松區
tsiáu-tshîng-kha,鳥松跤
tsiáu-lâi-á,鳥梨仔
tsiáu-tshìng,鳥銃
tsiáu-tsiah,鳥隻
tsiáu-luī,鳥類
niáu-tshí,鳥鼠
niáu-tshír,鳥鼠
niáu-tshú,鳥鼠
niáu-tshú-á,鳥鼠仔
niáu-tshí-á-uan,鳥鼠仔冤
niáu-tshú-á-uan,鳥鼠仔冤
niáu-tshí-á-tsìng,鳥鼠仔症
niáu-tshú-á-tsìng,鳥鼠仔症
niáu-tshí-á-thn̂g,鳥鼠仔糖
niáu-tshú-á-thn̂g,鳥鼠仔糖
niáu-tshí-á-sik,鳥鼠仔色
niáu-tshír-á-sik,鳥鼠仔色
niáu-tshú-á-sik,鳥鼠仔色
niáu-tshí-tng,鳥鼠張
niáu-tshú-tng,鳥鼠張
niáu-tshí-phiak-á,鳥鼠擗仔
niáu-tshí-phia̍k-á,鳥鼠擗仔
niáu-tshú-phiak-á,鳥鼠擗仔
niáu-tshú-phia̍k-á,鳥鼠擗仔
niáu-tshí-tak-á,鳥鼠觸仔
niáu-tshí-ta̍k-á,鳥鼠觸仔
niáu-tshú-tak-á,鳥鼠觸仔
niáu-tshú-ta̍k-á,鳥鼠觸仔
hû,鳧
li̍k,鳨
khiu,鳩
pok,鳪
tiau,鳭
hōng,鳯
kan,鳱
si,鳲
hōng,鳳
hōng-hông,鳳凰
hōng-hông-bo̍k,鳳凰木
hōng-suann,鳳山
hōng-suann-khu,鳳山區
hōng-suann kok-tiong,鳳山國中
hōng-suann-khe,鳳山溪
hōng-suann-sai-tsām,鳳山西站
hōng-lîm,鳳林
hōng-lîm-tìn,鳳林鎮
hōng-kah bûn-huà-kuán,鳳甲文化館
bîng,鳴
iân,鳶
hun,鳻
gian,鳽
kian,鳽
gio̍k,鳿
oo,鳿
kiat,鴂
kiat,鴃
kik,鴃
kuat,鴃
phit,鴄
thim,鴆
thìm,鴆
pó,鴇
gān,鴈
a,鴉
a-phiàn,鴉片
a-phiàn-sian,鴉片仙
lîng,鴒
līng,鴒
tô,鴕
tô-tsiáu,鴕鳥
li̍p,鴗
pián,鴘
uan,鴛
uan-iunn,鴛鴦
kû,鴝
hiau,鴞
hio̍h,鴞
tshi,鴟
bā,鴟
lāi,鴟
ba̍h-hio̍h,鴟鴞
ba̍h-hiō,鴟鴞
bā-hio̍h,鴟鴞
lā-hio̍h,鴟鴞
lāi-hio̍rh,鴟鴞
lāi-hiō,鴟鴞
muā-hio̍h,鴟鴞
na̍h-hio̍rh,鴟鴞
nā-hio̍h,鴟鴞
tàn,鴠
koo,鴣
koo-n̂g,鴣黃
u̍t,鴥
iang,鴦
iong,鴦
ionn,鴦
iunn,鴦
ah,鴨
ap,鴨
ah--á,鴨仔
ah-á,鴨仔
ah-á-kiánn,鴨仔囝
ah-á-kánn,鴨仔囝
ah-á-tan,鴨仔癉
ah-kang-siann,鴨公聲
ah-nn̄g,鴨卵
ah-nn̄g-bīn,鴨卵面
ah-bî-á,鴨咪仔
ah-pô-á,鴨婆仔
ah-tsiáng,鴨掌
ah-tsiúnn,鴨掌
ah-bó,鴨母
ah-bór,鴨母
ah-bú,鴨母
ah-bó-tshuì,鴨母喙
ah-bú-tshuì,鴨母喙
ah-bó-tê,鴨母蹄
ah-bú-tê,鴨母蹄
ah-hiàn,鴨羶
ah-bah,鴨肉
ah-kak,鴨角
ah-kak-á,鴨角仔
ah-hîng,鴨雄
ah-hîng-á,鴨雄仔
ah-hîng-á-siann,鴨雄仔聲
ah-siúnn,鴨鯗
ah-kak,鴨鵤
hoo,鴮
oo,鴮
kuat,鴰
gāi,鴱
àn,鴳
khiat,鴶
lia̍t,鴷
hông,鴻
hông-hi bí-su̍t-kuán,鴻禧美術館
jû,鴽
kah,鴿
kap,鴿
jīm,鵀
kau,鵁
ka,鵁
ka-līng,鵁鴒
ka-lǐng,鵁鴒
hiu,鵂
tsiu,鵃
tôo,鵌
kuan,鵑
io̍k,鵒
pu̍t,鵓
kik,鵙
kuat,鵙
thok,鵚
thê,鵜
giâ,鵝
gô,鵝
gôr,鵝
ngôo,鵝
gô-á-tshài,鵝仔菜
gôr-á-tshài,鵝仔菜
giâ-kóng-á,鵝管仔
gô-kóng-á,鵝管仔
ngôo,鵞
go̍k,鵠
khok,鵠
bú,鵡
kak,鵤
ian,鵪
phîng,鵬
pîng,鵬
phik,鵯
pi,鵯
tiau,鵰
tshiok,鵲
tshik-tsiáu-á,鵲鳥仔
kiok,鵴
uan,鵷
tsui,鵻
tuat,鵽
khun,鵾
kî,鶀
gi̍k,鶂
gê,鶂
gi̍k,鶃
gê,鶃
tshing,鶄
tsing,鶄
lâi,鶆
tshun,鶉
tun,鶉
king,鶊
ku,鶋
tshik,鶒
tshiu,鶖
thê,鶗
hôo,鶘
ôo,鶘
go̍k,鶚
kai,鶛
ián,鶠
hat,鶡
uân,鶢
ôo,鶦
thuàn,鶨
bo̍k,鶩
bū,鶩
kik,鶪
tshiong,鶬
tshong,鶬
ing,鶯
ing-ko,鶯歌
ing-ko-khu,鶯歌區
ing-ko-tsio̍h,鶯歌石
hian,鶱
khian,鶱
ho̍h,鶴
ho̍k,鶴
tshu,鶵
liû,鶹
tsik,鶺
kut,鶻
ku̍t,鶻
kiam,鶼
tsû,鶿
tsî,鶿
tsû,鷀
ik,鷁
iâu,鷂
iāu,鷂
àn,鷃
ke,鷄
khòo,鷇
the,鷈
tuê,鷈
tuê,鷉
gi̍k,鷊
muî,鷍
tian,鷏
tiân,鷏
sîn,鷐
tsià,鷓
tsià-koo-tshài,鷓鴣菜
ngôo,鷔
ngōo,鷔
iáu,鷕
uí,鷕
io,鷗
oo,鷗
tsì,鷙
liù,鷚
pit,鷝
song,鷞
sóng,鷞
tso̍k,鷟
si,鷥
tsiau,鷦
piat,鷩
tshióng,鷩
siok,鷫
kiau,鷮
kiâu,鷮
liâu,鷯
tsiū,鷲
hân,鷳
hân,鷴
lu̍t,鷸
u̍t,鷸
ing,鷹
ing-á-ba̍k,鷹仔目
ing-á-hóo,鷹仔虎
ing-kè,鷹架
lōo,鷺
lōo-tsiu,鷺洲
ak,鷽
phik,鷿
sio̍k,鸀
lô,鸁
lō,鸁
gî,鸃
tik,鸅
tsian,鸇
ok,鸌
ing,鸎
ti̍k,鸐
ga̍k,鸑
luí,鸓
lôo,鸕
lôo-tsî,鸕鶿
ing,鸚
ing-ko,鸚哥
ing-kor,鸚哥
ing-ko-tsiáu,鸚哥鳥
ing-ko-phīnn,鸚哥鼻
kuàn,鸛
lê,鸝
luân,鸞
lóo,鹵
hâm,鹹
kiâm,鹹
kiâm-kong-piánn,鹹光餅
kiâm-nn̄g,鹹卵
kiâm-înn-á,鹹圓仔
kiâm-poo,鹹埔
kiâm-buê,鹹梅
kiâm-muê,鹹梅
kiâm-m̂,鹹梅
kiâm-tsuí,鹹水
kiâm-tsuí-huè,鹹水貨
kiâm-tsuí-hè,鹹水貨
kiâm-tsuí-hî,鹹水魚
kiâm-tsuí-hû,鹹水魚
kiâm-tsiánn,鹹汫
kiâm-tuâ,鹹淘
kiâm-tānn,鹹淡
kiâm-siap,鹹澀
kiâm-ko̍k-ke,鹹焗雞
kiâm-ko̍k-kue,鹹焗雞
kiâm-tok-tok,鹹篤篤
kiâm-tsàng,鹹粽
kiâm-kué,鹹粿
kiâm-ké,鹹粿
kiâm-kér,鹹粿
kiâm-bê,鹹糜
kiâm-muâi,鹹糜
kiâm-muê,鹹糜
kiâm-kuê,鹹膎
kiâm-kê,鹹膎
kiâm-tsháu,鹹草
kiâm-tshài,鹹菜
kiâm-tshài-pênn,鹹菜甕
kiâm-tshài-àng,鹹菜甕
kiâm-tshài-in,鹹菜絪
kiâm-soo-ke,鹹酥雞
kiâm-soo-kue,鹹酥雞
kiâm-sng-tinn,鹹酸甜
kiâm-suinn-tinn,鹹酸甜
kiâm-sng-khóo-tsiánn,鹹酸苦汫
kiâm-koh-siap,鹹閣澀
kiâm-hî,鹹魚
kiâm-hû,鹹魚
kiâm-liân-hî,鹹鰱魚
kiâm-liân-hû,鹹鰱魚
tsho,鹺
kiam,鹻
kiám,鹻
kinn,鹼
kiám,鹼
kinn-á-kué,鹼仔粿
kinn-á-ké,鹼仔粿
kinn-sìng,鹼性
kinn-tsàng,鹼粽
iâm,鹽
iām,鹽
iâm-hūn,鹽份
iâm-poo-hiong,鹽埔鄉
iâm-tiânn,鹽埕
iâm-tiânn-khu,鹽埕區
iâm-tiânn-poo,鹽埕埔
iâm-sng-á,鹽桑仔
iâm-tsuí,鹽水
kiâm-tsuí-khu,鹽水區
kiâm-tsuí-khe,鹽水溪
iâm-àng-á,鹽甕仔
iâm-hue-á,鹽花仔
iâm-sng,鹽酸
iâm-sng-á,鹽酸仔
iâm-sng-á-tsâng,鹽酸仔欉
lo̍k,鹿
lo̍k-á,鹿仔
lo̍k-á-káng,鹿仔港
lo̍k-á-tsháu-tsng,鹿仔草庄
lo̍k-liâu,鹿寮
lo̍k-liâu-khe,鹿寮溪
lo̍k-káng-tìn,鹿港鎮
lo̍k-jiông,鹿茸
lo̍k-liông,鹿茸
lo̍k-tsháu-hiong,鹿草鄉
lo̍k-kak,鹿角
lo̍k-kak-ku,鹿角龜
lo̍k-kok-hiong,鹿谷鄉
lo̍k-iá,鹿野
lo̍k-iá-khe,鹿野溪
lo̍k-iá-hiong,鹿野鄉
lo̍k-muâ-sán,鹿麻產
iu,麀
kí,麂
phiau,麃
tshoo,麄
pâu,麅
tsóo,麆
tsōo,麆
khún,麇
kûn,麇
bî,麋
khun,麋
gú,麌
sîn,麎
lîn,麐
līn,麐
gê,麑
kî,麒
kî-lîn,麒麟
kî-lîn-lo̍k,麒麟鹿
lo̍k,麓
kiū,麔
khun,麕
khún,麕
kûn,麕
king,麖
lê,麗
lē,麗
hiong,麘
ka,麚
bê,麛
siā,麝
siā-hiunn,麝香
tsiong,麞
lîn,麟
lîn-kong,麟光
lîn-lo̍k,麟洛
lîn-lo̍k-hiong,麟洛鄉
lîng,麢
tshoo,麤
be̍h,麥
bi̍k,麥
be̍h-á,麥仔
bē-á-ko,麥仔膏
be̍h-á-tê,麥仔茶
be̍h-á-tsiú,麥仔酒
bē-á-tsiú,麥仔酒
be̍h-liâu-hiong,麥寮鄉
be̍h-phìnn,麥片
be̍h-gê,麥芽
be̍h-gê-thn̂g,麥芽糖
be̍h-bê-ko,麥芽膏
be̍h-gê-ko,麥芽膏
be̍h-gê-kor,麥芽膏
be̍h-lê-ko,麥芽膏
bē-gê-ko,麥芽膏
bi̍k,麦
hik,麧
hu,麩
phoo,麩
biān,麪
phàu,麭
pháng,麭
khiok,麯
kiok,麯
bôo,麰
hu,麱
khak,麴
khiok,麴
kiok,麴
biān,麵
mī,麵
mī-kuann,麵乾
mī-pau,麵包
mī-tshi̍k-á,麵摵仔
mī-tànn-á,麵擔仔
mī-thô,麵桃
mī-tsià,麵炙
mī-kâu,麵猴
mī-hún,麵粉
mǐ-hún,麵粉
mī-hún-kué,麵粉粿
mī-hún-ké,麵粉粿
mī-hún-kué-á,麵粉粿仔
mī-hún-ké-á,麵粉粿仔
mī-suànn,麵線
mī-suànn-kôo,麵線糊
mī-tê,麵茶
bīn-thâu,麵頭
mī thâu,麵頭
mī-thâu,麵頭
mī-thi,麵麶
mī-ku,麵龜
thi,麶
muâ,麻
mâu,麻
bâ,麻
mâ,麻
muâ-á-kin,麻仔根
muâ-hn̂g-liâu,麻園寮
bâ-siā,麻射
muâ-pòo,麻布
muâ-iû,麻油
muâ-iû-tsiú,麻油酒
muâ-iû-ke,麻油雞
muâ-iû-kue,麻油雞
mâ-huân,麻煩
bâ-pì,麻痺
muâ-ínn,麻穎
muâ-tik,麻竹
muâ-tik-sún,麻竹筍
muâ-láu,麻粩
muâ-tsî,麻糍
muâ-soh,麻索
muâ-láu-lāu,麻荖漏
bâ-io̍h,麻藥
muâ-sat-ba̍k,麻虱目
muâ-sat-ba̍k-á,麻虱目仔
muâ-sann,麻衫
muâ-tē,麻袋
muâ-tāu-khu,麻豆區
bâ-tsuì,麻醉
bâ-lí-tsik-kháu,麻里折口
bâ-tshiok,麻雀
muâ-tshiok,麻雀
mâ-tshiok,麻雀
bâ-tshiok-jí-á,麻雀子仔
bâ-tshiok-lí-á,麻雀子仔
muâ-tshiok-jí-á,麻雀子仔
muâ-tshiok-lí-á,麻雀子仔
mâ-tshiok-jí-á,麻雀子仔
mâ-tshiok-lí-á,麻雀子仔
môo,麼
móo,麼
hui,麾
uî,麾
hûn,黂
n̂g,黃
uînn,黃
hông,黃
n̂g-gôo,黃吳
n̂g-ngôo,黃吳
uînn-gôo,黃吳
uînn-ngôo,黃吳
hông-hun,黃昏
hông-hun-tshī-á,黃昏市仔
n̂g-ki-á-hue,黃梔仔花
n̂g-sím,黃沈
uînn-sím,黃沈
hông-tsuân,黃泉
n̂g-gû,黃牛
n̂g-kue,黃瓜
n̂g-kue-á,黃瓜仔
n̂g-thán,黃疸
n̂g-ba̍k-tsí,黃目子
n̂g-ba̍k-tshiū,黃目樹
n̂g-si-tuà,黃絲帶
n̂g-sik,黃色
n̂g-tāu,黃豆
n̂g-nî,黃連
uînn-liân,黃連
uînn-nî,黃連
n̂g-tsiú,黃酒
n̂g-sng,黃酸
n̂g-sng-hōo,黃酸雨
n̂g-kim,黃金
n̂g-gìm-gìm,黃錦錦
n̂g-hî,黃魚
n̂g-hû,黃魚
n̂g,黄
uînn,黄
kong,黆
thóo,黈
hông,黌
seré,黍
sué,黍
sé,黍
sí,黍
sú,黍
sik-á,黍仔
sué--á,黍仔
sué-á,黍仔
sé-á,黍仔
lê,黎
lê-bîng,黎明
liâm,黏
liâm-thôo,黏塗
liâm-mo̍oh,黏膜
liâm-ka,黏膠
liâm-thi-thi,黏黐黐
lê,黐
lî,黐
thi,黐
hik,黑
i̍k,黓
khiâm,黔
thûn,黗
bi̍k,默
khiâm,黚
tāi,黛
thuh,黜
thut,黜
thuh--á,黜仔
thuh-á,黜仔
thuh-thôo-ki,黜塗機
thuh-phuà,黜破
thuh-tshàu,黜臭
iú,黝
tiám,點
tiám-miâ,點名
tiám-sim,點心
tiám-sim-tànn,點心擔
tiám-tuh,點拄
tiám-pò,點播
tiám-pòo,點播
tiám-kì,點痣
tiám-gán,點眼
tiám-phuà,點破
tiám-hia̍t,點穴
tiám-suán,點選
tiám-tshénn,點醒
tiám-tshínn,點醒
tiám-tsing,點鐘
tiám-tiám-tih-tih,點點滴滴
i,黟
hat,黠
king,黥
iat,黦
ut,黦
lê,黧
tóng,黨
táng,黨
tóng-bū,黨務
tóng-guân,黨員
tóng-uân,黨員
tóng-thuân,黨團
tóng-kang,黨工
tóng-tsìng,黨政
tóng-kî,黨旗
tóng-phài,黨派
tóng-tsiong,黨章
tóng-tsi̍k,黨籍
tóng-tsit,黨職
tóng-pōo,黨部
iám,黭
sîm,黮
tám,黮
ám,黯
tsín,黰
tshám,黲
bî,黴
hui,黴
iám,黶
to̍k,黷
tsí,黹
hún,黺
hut,黻
hú,黼
bín,黽
bín,黾
guân,黿
ua,鼃
gô,鼇
ngôo,鼇
ngôo,鼉
tiánn,鼎
tíng,鼎
tiánn-á,鼎仔
tiánn-khàm,鼎崁
tiánn-tshuè,鼎摖
tiánn-tshè,鼎摖
tiánn-phí,鼎疕
tiánn-tshíng,鼎筅
tiánn-kuà,鼎蓋
tiánn-pinn-sô,鼎邊趖
bi̍k,鼏
nāi,鼐
kóo,鼓
kóo-tsénn,鼓井
kóo-tsínn,鼓井
kóo-tsénn tsuí,鼓井水
kóo-tsínn tsuí,鼓井水
kóo-tsénn tsuí-ke,鼓井水雞
kóo-tsínn tsuí-kue,鼓井水雞
kóo-á-ting,鼓仔燈
kóo-lē,鼓勵
kóo-tshe,鼓吹
kóo-tsher,鼓吹
kóo-tshue,鼓吹
kóo-tshui,鼓吹
kóo-tshe-hue,鼓吹花
kóo-tshue-hue,鼓吹花
kóo-san,鼓山
kóo-san-khu,鼓山區
kóo-san khu-kong-sóo,鼓山區公所
kóo-thuî,鼓槌
kóo-tī,鼓箸
kóo-tū,鼓箸
kóo-bú,鼓舞
kóo tiān-uē,鼓電話
kóo,鼔
tong,鼕
tông,鼕
hûn,鼖
tô,鼗
ian,鼘
pî,鼙
ko,鼛
thong,鼞
sí,鼠
sú,鼠
tshí,鼠
tshír,鼠
tshú,鼠
tshír-bér-hong,鼠尾風
tshír-tsha̍t--á,鼠賊仔
tshí-khak-kué,鼠麴粿
tshí-khak-ké,鼠麴粿
tshír-khak-kér,鼠麴粿
tshú-khak-kué,鼠麴粿
tshú-khak-ké,鼠麴粿
tshí-khak-tsháu,鼠麴草
tshú-khak-tsháu,鼠麴草
hun,鼢
hún,鼢
bùn,鼢
bùn-tē-tshí,鼢地鼠
bùn-tshí,鼢鼠
bùn-tshír,鼢鼠
bùn-tshú,鼢鼠
tsiong,鼨
tông,鼨
sing,鼪
si̍k,鼫
iū,鼬
ngôo,鼯
tsing,鼱
hun,鼲
hûn,鼲
tu̍t,鼵
hê,鼷
khiám,鼸
ián,鼹
phī,鼻
phīnn,鼻
phǐ,鼻
pī,鼻
phī-á,鼻仔
phīnn-á,鼻仔
phīnn-to,鼻刀
phīnn-sái,鼻屎
phīnn-sái-ko,鼻屎膏
phīnn-tsuí,鼻水
phīnn-iām,鼻炎
phīnn-ba̍k-tshuì,鼻目喙
phīnn-khang,鼻空
phīnn-khang-hong,鼻空風
phīnn-si̍t,鼻翼
phīnn-phang,鼻芳
phīnn-hueh,鼻血
phīnn-huih,鼻血
phīnn-sô,鼻趖
phīnn-im,鼻音
phīnn-thâu,鼻頭
phīnn-liông,鼻龍
khiàu,鼼
kiú,鼼
kiû,鼽
hán,鼾
hân,鼾
hān,鼾
huânn,鼾
kônn,鼾
huânn-huânn-kiò,鼾鼾叫
khòo,齁
ku,齁
honn,齁
hiù,齅
òng,齆
àng,齆
àng-siann,齆聲
àng-phīnn,齆鼻
àng-phīnn-siann,齆鼻聲
tsa,齇
lông,齈
lóng,齉
tsiâu,齊
tsâu,齊
tsê,齊
tserê,齊
tsuê,齊
tsê-pī,齊備
tsiâu-tsn̂g,齊全
tsê-tsuân,齊全
tsiâu-ûn,齊勻
tsuê-sim,齊心
tsê-sim,齊心
tsiâu-thàu,齊透
tsê-thâu,齊頭
tsai,齋
tse,齋
tsai-bîng-sī,齋明寺
tsai-niû,齋糧
tsai-tshài,齋菜
tsu,齍
tse,齎
khí,齒
tshí,齒
khí-pau,齒包
khí-huānn,齒岸
khí-thok,齒戳
khí-thok-á,齒戳仔
khí-bián,齒抿
khí-bín,齒抿
khí-bín-á,齒抿仔
khí-pue,齒杯
khí-kho,齒科
khí-hún,齒粉
khí-phāng,齒縫
khí-ko,齒膏
khí-khok-á,齒觳仔
khí-siûnn,齒𣻸
huà,齓
tshín,齓
huà,齔
tshín,齔
hik,齕
gâ,齖
gûn,齗
hāi,齘
pâu,齙
sè,齛
tsu,齜
tshi,齝
tsóo,齟
tsú,齟
tiau,齠
lîng,齡
tshut,齣
tshut-thâu,齣頭
gûn,齦
khún,齦
giat,齧
kheh,齧
khereh,齧
khueh,齧
khuè,齧
khè,齧
ngáu,齩
tshiok,齪
tshok,齪
tsak,齪
tsak-tsō,齪嘈
gú,齬
ngôo,齬
gé,齯
tshiok,齱
tsoo,齱
kú,齲
gún,齳
khún,齳
gián,齴
giàng,齴
giàng-gê,齴牙
gû,齵
go̍k,齶
ak,齷
ok,齷
ak-tsak,齷齪
ak-tsak-jua̍h,齷齪熱
ak-tsak-lua̍h,齷齪熱
ik,齸
tsan,齻
tshóo,齼
ap,齾
liông,龍
lîng,龍
gîng,龍
long,龍
liông-tsénn,龍井
liông-tsínn,龍井
liông-tsénn-khu,龍井區
liông-tsínn-khu,龍井區
liông-á-gîn,龍仔銀
liông-á-gûn,龍仔銀
liông-san-sī,龍山寺
liông-kiā-khu,龍崎區
lîng-kńg-hong,龍捲風
lîng-tsuânn,龍泉
lîng-káng,龍港
liông-thâm-khu,龍潭區
lîng-ba̍k-tsínn,龍目井
gîng-gán,龍眼
gîng-gíng,龍眼
gîng-kíng,龍眼
gîng-ngái,龍眼
liâng-gíng,龍眼
lîng-gíng,龍眼
lîng-kíng,龍眼
gîng-gíng-kuann,龍眼乾
lîng-gíng-kuann,龍眼乾
liông-me̍h,龍脈
lîng-be̍h,龍脈
liông-tsûn,龍船
lîng-tsûn,龍船
liông-huâ kok-sió,龍華國小
liông-hê,龍蝦
lîng-hê,龍蝦
liông-kak,龍角
lîng-kak,龍角
liông-gîn,龍銀
lîng-gûn,龍銀
liông-kut,龍骨
lîng-kut,龍骨
liông-kut-tshia,龍骨車
liông-hōng,龍鳳
lîng-hōng,龍鳳
bâng,龎
pâng,龎
bâng,龐
pâng,龐
phiāng,龐
lióng,龓
lóng,龓
lông,龓
kiong,龔
kióng,龔
kíng,龔
kham,龕
biáu,龘
ta̍p,龘
ku,龜
kui,龜
ku-á,龜仔
ku-suann,龜山
ku-suann-khu,龜山區
ku-suann-tó-suann,龜山島山
ku-lun-siā,龜崙社
ku-khak,龜殼
ku-khak-hue,龜殼花
ku-moo,龜毛
ku-moo-sîn,龜毛神
ku-sui,龜祟
ku-tsiann,龜精
ku-sîn,龜蠅
ku-kha,龜跤
ku-ku-pih-pih,龜龜鱉鱉
io̍k,龠
tshui,龡
tshuì,龡
hô,龢
hâi,龤
io̍k,龥
jū,龥
siāng,
gàn,
khak,嗀
bâng,𠈵
ia̍p,𠉪
thok,𠊴
tsip,𠌷
līng,𠍐
tsi̍p,𠍱
kián,𠎾
kián,𠏯
kián,𠐻
kak,𠔌
tīng,𠕆
tāinn,𠕇
tān,𠕇
tīng,𠕇
tǐng,𠕇
tīng-khok-khok,𠕇硞硞
tīng-tauh,𠕇篤
tsit,𠘖
kong,𠜛
tsha,𠞊
tsuî,𠞩
liô,𠞭
liô-hue,𠞭花
gâu,𠢕
gâu-lâng,𠢕人
gâu-tshńg-tsia̍h,𠢕吮食
gâu khǹg-huè,𠢕囥歲
gâu khǹg-hè,𠢕囥歲
gâu-tsá,𠢕早
gâu khai,𠢕開
huà,𠤎
huè,𠤎
si̍p,𠯗
tsi̍p,𠯗
si̍p--tsi̍t-ē,𠯗一下
tsi̍p--tsi̍t-ē,𠯗一下
hông,𠰈
ióng,𠹍
ián,𠻤
si̍t,𡁃
tsip,𡁉
hu,𡃧
bî,𡄣
iong,𡄸
at,𡇼
thôo,𡍼
tôo,𡍼
khing,𡖖
bi̍k,𡠜
kán,𡢃
kán-pī,𡢃婢
tsi̍p,𡧯
ku,𡨢
bīng,𡩋
lîng,𡩋
līn,𡩋
līng,𡩋
iâu,𡰐
lān,𡳞
līn,𡳞
lān-hu̍t,𡳞核
lǎn-hu̍t,𡳞核
lān-hu̍t-á,𡳞核仔
lān-hu̍t-á-tsí,𡳞核仔子
lān-sîn,𡳞神
lān-sîn-khuì,𡳞神氣
lān-pha,𡳞脬
lǎn-pha,𡳞脬
lān-muā,𡳞蔓
lān-tsiáu,𡳞鳥
lǎn-tsiáu,𡳞鳥
lān-tsiáu-thâu,𡳞鳥頭
lān-sui,𡳞𦉎
at,𡴭
gōng,𡵙
huè,𡻕
hè,𡻕
suè,𡻕
bi̍k,𡻟
thong,𢂓
hông,𢂔
thong,𢄟
thok,𢅍
hōng,𢇫
at,𢉥
ian,𢏮
tsiù,𢓟
tsiòng,𢕔
a̍p,𢘉
ài,𢟰
thóng,𢡂
hān,𢩆
hông,𢪋
hōng,𢪋
but,𢪱
bu̍t,𢪱
iong,𢫕
tsiú,𢫧
mooh,𢯾
mooh-piah-kuí,𢯾壁鬼
mooh-phuē-á,𢯾被仔
mooh-phē-á,𢯾被仔
mooh-phīnn,𢯾鼻
kong,𢱫
iāu,𢲷
lōo,𢲸
háng,𢴦
thong,𢴳
bân,𢺳
pa,𢼌
kú,𣁄
khat,𣁳
khat-á,𣁳仔
khat-á-tshia,𣁳仔車
hóng,𣄙
hóng,𣆖
iônn,𣓾
iûnn,𣓾
thok,𣔳
siānn,𣛮
siǎnn,𣛮
siānn-khàm,𣛮崁
siā-nâ,𣛮籃
siānn-nâ,𣛮籃
siǎnn-nâ,𣛮籃
ài,𣩄
ài,𣩱
kuàn,𣬂
khut,𣮈
khu̍t,𣮈
khu̍t-thâu-suann,𣮈頭山
kòng,𣹟
hû,𣻜
siônn,𣻸
siûnn,𣻸
siûnn-lap-lap,𣻸塌塌
siûnn-la̍p-la̍p,𣻸塌塌
siûnn-luah-luah,𣻸捋捋
siûnn-leh-leh,𣻸肭肭
siûnn-le̍h-le̍h,𣻸肭肭
tshat,𣾰
iām,𤄝
tshuā,𤆬
tshuā-lōo,𤆬路
tshuǎ-lōo,𤆬路
tshuā-lōo-ke,𤆬路雞
tshuā-lōo-kue,𤆬路雞
tshuā-niá,𤆬領
tshuā-thâu,𤆬頭
tshuā-thâu--ê,𤆬頭的
kûn,𤉙
ia̍p,𤑷
tsiòng,𤕭
hâng,𤝷
iong,𤢐
kong,𤭛
hóng,𤰟
tshik,𤰠
tshàu,𤰬
kheh,𤲍
khueh,𤲍
kheh-sio,𤲍燒
khueh-sio,𤲍燒
thiâu,𤶃
thiāu,𤶃
thiāu-á,𤶃仔
thiāu-á-tsí,𤶃仔子
tshè,𤺅
tsèr--á,𤺅仔
siān,𤺪
siān-hōo,𤺪雨
siān-thâu,𤺪頭
siān-siān,𤺪𤺪
hān,𤿧
thuat,𤿫
bāi-be̍h,𥌚脈
bāi-me̍h,𥌚脈
liap,𥍉
nih,𥍉
nih-ba̍k,𥍉目
nih-nih-khuànn,𥍉𥍉看
phiat,𥐵
phiat-á,𥐵仔
àu,𥑑
áu,𥑑
kóo,𥑮
hông,𥔀
au,𥕥
tshe,𥘉
tshue,𥘉
hu,𥞂
hú,𥠵
hông,𥮕
kong,𥮕
phín,𥰔
phín-á,𥰔仔
phín-á-tsat-tsuâ,𥰔仔節蛇
kám,𥴊
kám-á,𥴊仔
kám-á-tiàm,𥴊仔店
kám-á-luā,𥴊仔賴
kám-ôo,𥴊壺
hong,𥿪
sui,𦉎
lîng,𦊓
lîng-á,𦊓仔
kong,𦊫
iônn,𦍋
iûnn,𦍋
kòng,𦏺
hông,𦐌
hû,𦑉
hóng,𦕷
ham,𦜆
liân,𦟪
iāu,𦡱
hîng,𦣍
hong,𦪪
hm̂,𦮦
kong,𦱌
tsiu,𦵩
hû,𦽏
nâ,𦾐
kòng,𧆐
tâi,𧉟
am,𧌄
iam,𧌄
iâm-ô--á,𧌄吪仔
ham-koo-tshêr,𧌄哺蠐
iam-ko-tsê,𧌄哺蠐
âm-buê,𧌄梅
âm-buê-á,𧌄梅仔
âm-muî--á,𧌄梅仔
âm-muî-á,𧌄梅仔
àm-kuai-á,𧌄胿仔
am-poo-tshê,𧌄蜅蠐
am-poo-tsê,𧌄蜅蠐
hám-koo-tshê,𧌄蜅蠐
ám-poo-tsê-á,𧌄蜅蠐仔
âm-ui-á,𧌄蝛仔
ióng,𧍛
ián,𧍢
hu,𧏺
bi̍k,𧐎
hông,𧗝
ióng,𧗴
thok,𧘐
thóng,𧙥
bân,𧜞
suan,𧝁
iong,𧝸
bi̍k,𧠨
kong,𧢸
tsiu,𧧔
kián,𧬯
kián,𧮈
tshoh,𧮙
tshorh,𧮙
tsho̍h,𧮙
iong,𧲱
tsiú,𧳜
thuàn,𧳩
hòng,𧵦
hóng,𧵦
liâu,𧽽
thún,𧿬
thún-ta̍h,𧿬踏
phu̍t,𧿳
phu̍t-phu̍t-thiàu,𧿳𧿳跳
thong,𨀜
ku,𨁺
làm,𨂾
uaih,𨂿
uainnh,𨂿
uáinn,𨂿
uaih-tio̍h,𨂿著
uáinn-tio̍h,𨂿著
iâu,𨍳
khian,𨐋
thit,𨑨
tsit,𨑨
tshit,𨑨
thit-thô,𨑨迌
tshit-thô,𨑨迌
thit-thô-lâng,𨑨迌人
tshit-thô-lâng,𨑨迌人
thit-thô-ìn-á,𨑨迌印仔
tshit-thô-ìn-á,𨑨迌印仔
thit-thô gín-á,𨑨迌囡仔
tshit-thô-gín-á,𨑨迌囡仔
tshit-thô-tsa-bóo,𨑨迌查某
thit-thô-mi̍h,𨑨迌物
thit-thô-mn̍gh,𨑨迌物
tshit-thô-mi̍h,𨑨迌物
tshit-thô-mn̍gh,𨑨迌物
thit-thô-mih-á,𨑨迌物仔
tshit-thô-mih-á,𨑨迌物仔
ián,𨒄
tāi,𨓻
giâm,𨶒
iâm,𨶒
hông,𨹁
lo̍h,𨿅
tsháu,𩈎
áu,𩈏
a̍p,𩉾
iong,𩍓
hong,𩐠
tshih,𩑾
hong,𩒼
hông,𩒼
khiū,𩚨
khiū-teh-teh,𩚨嗲嗲
bám,𩛎
kauh,𩛩
kauh-puî,𩛩肥
tsip,𩡳
tsiu,𩭓
hú,𩳐
ngóo,𩵱
ngóo-á,𩵱仔
ngóo-á-hî,𩵱仔魚
tāi,𩸙
tâi-á,𩸙仔
tāi-á,𩸙仔
tāi-á-hî,𩸙仔魚
tāi-hî,𩸙魚
tāi-hû,𩸙魚
tǎi-hîr,𩸙魚
gām,𩸶
thok,𩽆
hâng,𩾱
tshio,𪁎
tshio-ko,𪁎哥
tshio-tiô,𪁎趒
tshio-ke,𪁎雞
tshio-kue,𪁎雞
tshio-ke-kak,𪁎雞鵤
tshio-kue-kak,𪁎雞鵤
thok,𪌂
hông,𪏙
bâ,𪐎
tòo,𪐞
tòo-tsuá,𪐞紙
ài,𪕭
at,𪖐
tshi,𪗪
in,𪜶
bīng,𪧟
lîng,𪧟
līn,𪧟
līng,𪧟
bōo,𪷂
bông,𫎇
gàn,𫝏
gàn-tshuì-khí,𫝏喙齒
gàn-tsuí,𫝏水
gàn-kǹg,𫝏鋼
gàn-tsînn,𫝏錢
siāng,𫝛
siāng-lâng,𫝛人
siāng-ûn,𫝛勻
siāng-nî,𫝛年
siāng-sim,𫝛心
siāng-sî,𫝛時
siāng-khuán,𫝛款
siāng-tôo,𫝛途
hiù,𫝺
huê,𫝻
tshāi,𫞼
tshāi-tsènn-ông,𫞼諍王
tshāi-tsìnn-ông,𫞼諍王
hân,𫟂
tsô,𫡼
tsôo,𫡼
bo̍k,𬓽
peh,𬦰
peh-suann,𬦰山
peh-kiā,𬦰崎
peh-kuân-peh-kē,𬦰懸𬦰低
peh lâu-thui,𬦰樓梯
peh-khí-kha,𬦰起跤
huân,丸
thóo,兔
hòng,况
pau,包
pâu,包
tsiu,周
tn̂g,唐
tông,唐
bāng,夢
kìng,敬
mōo,冒
kí,杞
kì,紀
hua,花
khí,起
muâ,麻
mâu,麻
ko,𰣻
kî,􀀻
