tl,hanzi,frequency,poj,tl_num,poj_num
tio̍h,著,46783,tio̍h,tioh8,tioh8
m̄,毋,39475,m̄,m7,m7
koh,閣,29890,koh,koh4,koh4
lí,你,27089,lí,li2,li2
hōo,予,24836,hō͘,hoo7,hoo7
hó,好,23707,hó,ho2,ho2
tsiū,就,21083,chiū,tsiu7,chiu7
teh,咧,17229,teh,teh4,teh4
lāi,內,14406,lāi,lai7,lai7
ji̍t,日,14244,ji̍t,jit8,jit8
tsāi,在,14062,chāi,tsai7,chai7
kang,工,12379,kang,kang1,kang1
lāu,老,11954,lāu,lau7,lau7
bē,袂,11866,bē,be7,be7
lí,理,11858,lí,li2,li2
láng,攏,11219,láng,lang2,lang2
thiann,聽,10741,thiaⁿ,thiann1,thiann1
tshuì,喙,9364,chhùi,tshui3,chhui3
hong,風,9297,hong,hong1,hong1
iánn,影,9036,iáⁿ,iann2,iann2
leh,咧,8857,leh,leh4,leh4
kah,甲,8530,kah,kah4,kah4
hái,海,8273,hái,hai2,hai2
hiān,現,6999,hiān,hian7,hian7
àm,暗,6574,àm,am3,am3
thong,通,6564,thong,thong1,thong1
miâ,名,6546,miâ,mia5,mia5
tshing,清,6424,chheng,tshing1,chheng1
í,已,5841,í,i2,i2
khai,開,5693,khai,khai1,khai1
suah,煞,4845,soah,suah4,soah4
tsí,子,4660,chí,tsi2,chi2
tik,竹,4383,tek,tik4,tek4
sái,屎,4331,sái,sai2,sai2
tshân,田,4120,chhân,tshan5,chhan5
khuân,權,3973,khoân,khuan5,khoan5
hūn,份,3815,hūn,hun7,hun7
pn̄g,飯,3685,pn̄g,png7,png7
kut,骨,3660,kut,kut4,kut4
kak,角,3575,kak,kak4,kak4
sai,師,3410,sai,sai1,sai1
ti̍k,特,3397,te̍k,tik8,tek8
thôo,塗,3339,thô͘,thoo5,thoo5
tìn,鎮,2950,tìn,tin3,tin3
làu,落,2916,làu,lau3,lau3
sû,詞,2871,sû,su5,su5
tó,倒,2836,tó,to2,to2
uá,倚,2834,óa,ua2,oa2
pîng,爿,2834,pêng,ping5,peng5
tshuā,𤆬,2833,chhōa,tshua7,chhoa7
suí,媠,2774,súi,sui2,sui2
kíng,景,2750,kéng,king2,keng2
tâu,投,2494,tâu,tau5,tau5
gâu,𠢕,2377,gâu,gau5,gau5
piah,壁,2374,piah,piah4,piah4
tsiáu,鳥,2362,chiáu,tsiau2,chiau2
kenn,經,2304,keⁿ,kenn1,kenn1
tān,但,2284,tān,tan7,tan7
kóo,鼓,2258,kó͘,koo2,koo2
ìn,印,2149,ìn,in3,in3
tsu,珠,2117,chu,tsu1,chu1
a,亞,2083,a,a1,a1
nńg,軟,1998,nńg,nng2,nng2
tàu,鬥,1921,tàu,tau3,tau3
tshuē,揣,1852,chhōe,tshue7,chhoe7
tsíng,整,1822,chéng,tsing2,cheng2
tóo,肚,1802,tó͘,too2,too2
iù,幼,1785,iù,iu3,iu3
phài,派,1780,phài,phai3,phai3
ta̍h,踏,1736,ta̍h,tah8,tah8
kán,簡,1691,kán,kan2,kan2
tsia,遮,1669,chia,tsia1,chia1
si̍k,熟,1569,se̍k,sik8,sek8
tshî,持,1563,chhî,tshi5,chhi5
hián,顯,1494,hián,hian2,hian2
bê,迷,1479,bê,be5,be5
pâi,牌,1400,pâi,pai5,pai5
kiám,減,1370,kiám,kiam2,kiam2
siū,壽,1350,siū,siu7,siu7
tuè,綴,1323,tòe,tue3,toe3
tè,綴,1323,tè,te3,te3
kuà,掛,1299,kòa,kua3,koa3
phiàn,騙,1265,phiàn,phian3,phian3
kau,溝,1206,kau,kau1,kau1
kāu,厚,1200,kāu,kau7,kau7
kiâm,鹹,1200,kiâm,kiam5,kiam5
pìnn,變,1154,pìⁿ,pinn3,pinn3
gōng,戇,1150,gōng,gong7,gong7
tsio,招,1116,chio,tsio1,chio1
khǹg,囥,1062,khǹg,khng3,khng3
thiam,添,967,thiam,thiam1,thiam1
tshē,坐,939,chhē,tshe7,chhe7
siáu,痟,850,siáu,siau2,siau2
tàu,到,825,tàu,tau3,tau3
io̍k,欲,814,io̍k,iok8,iok8
tsū,聚,804,chū,tsu7,chu7
sńg,耍,779,sńg,sng2,sng2
lak,落,767,lak,lak4,lak4
jî,而,757,jî,ji5,ji5
lî,而,757,lî,li5,li5
ping,冰,750,peng,ping1,peng1
bū,霧,750,bū,bu7,bu7
gíng,研,729,géng,ging2,geng2
mài,莫,688,mài,mai3,mai3
bōng,墓,650,bōng,bong7,bong7
tshap,插,650,chhap,tshap4,chhap4
gán,眼,650,gán,gan2,gan2
pōng,磅,650,pōng,pong7,pong7
muê,糜,650,môe,mue5,moe5
tshó,草,622,chhó,tsho2,chho2
bán,挽,600,bán,ban2,ban2
tshau,操,600,chhau,tshau1,chhau1
phoo,鋪,600,pho͘,phoo1,phoo1
hia̍h,額,587,hia̍h,hiah8,hiah8
ûn,勻,550,ûn,un5,un5
pho,波,550,pho,pho1,pho1
tak,觸,550,tak,tak4,tak4
lāi,利,544,lāi,lai7,lai7
kà,較,539,kà,ka3,ka3
âu,喉,500,âu,au5,au5
sûn,巡,500,sûn,sun5,sun5
tshia,捙,500,chhia,tshia1,chhia1
sô,趖,500,sô,so5,so5
uân,園,460,oân,uan5,oan5
khiām,儉,450,khiām,khiam7,khiam7
lāng,弄,450,lāng,lang7,lang7
khàu,扣,450,khàu,khau3,khau3
thuî,槌,450,thûi,thui5,thui5
tî,池,450,tî,ti5,ti5
hôo,胡,450,hô͘,hoo5,hoo5
thǹg,褪,450,thǹg,thng3,thng3
king,弓,400,keng,king1,keng1
puann,搬,400,poaⁿ,puann1,poann1
ò,澳,400,ò,o3,o3
kông,狂,400,kông,kong5,kong5
phoh,粕,400,phoh,phoh4,phoh4
thinn,添,362,thiⁿ,thinn1,thinn1
siunn,相,357,siuⁿ,siunn1,siunn1
liông,量,356,liông,liong5,liong5
gî,宜,350,gî,gi5,gi5
áu,拗,350,áu,au2,au2
sńg,損,350,sńg,sng2,sng2
suāinn,檨,350,soāiⁿ,suainn7,soainn7
sip,溼,350,sip,sip4,sip4
suī,瑞,350,sūi,sui7,sui7
liâu,療,350,liâu,liau5,liau5
la̍p,納,350,la̍p,lap8,lap8
koo,菇,350,ko͘,koo1,koo1
hiau,僥,300,hiau,hiau1,hiau1
tsiàm,占,300,chiàm,tsiam3,chiam3
luí,壘,300,lúi,lui2,lui2
khong,康,300,khong,khong1,khong1
tsû,慈,300,chû,tsu5,chu5
íng,湧,300,éng,ing2,eng2
khut,窟,300,khut,khut4,khut4
si̍t,翼,300,si̍t,sit8,sit8
bông,雺,300,bông,bong5,bong5
kí,紀,295,kí,ki2,ki2
sut,捽,250,sut,sut4,sut4
liap,攝,250,liap,liap4,liap4
tsiánn,汫,250,chiáⁿ,tsiann2,chiann2
khó,洘,250,khó,kho2,kho2
phun,潘,250,phun,phun1,phun1
tâm,澹,250,tâm,tam5,tam5
hu,烌,250,hu,hu1,hu1
pān,範,250,pān,pan7,pan7
khiû,虯,250,khiû,khiu5,khiu5
ham,蚶,250,ham,ham1,ham1
thuh,黜,250,thuh,thuh4,thuh4
the,䖙,200,the,the1,the1
giâ,夯,200,giâ,gia5,gia5
tūn,屯,200,tūn,tun7,tun7
iā,掖,200,iā,ia7,ia7
tshuah,掣,200,chhoah,tshuah4,chhoah4
khiú,搝,200,khiú,khiu2,khiu2
siàn,搧,200,siàn,sian3,sian3
lám,攬,200,lám,lam2,lam2
tháu,敨,200,tháu,thau2,thau2
î,於,200,î,i5,i5
tsú,梓,200,chú,tsu2,chu2
hâm,涵,200,hâm,ham5,ham5
hang,烘,200,hang,hang1,hang1
kha̍p,磕,200,kha̍p,khap8,khap8
lâng,膿,200,lâng,lang5,lang5
ìm,蔭,200,ìm,im3,im3
giô,蟯,200,giô,gio5,gio5
bih,覕,200,bih,bih4,bih4
tsiān,賤,200,chiān,tsian7,chian7
tiô,趒,200,tiô,tio5,tio5
khiâ,騎,200,khiâ,khia5,khia5
khau,鬮,200,khau,khau1,khau1
peh,百,162,peh,peh4,peh4
hiong,兇,150,hiong,hiong1,hiong1
ki,吱,150,ki,ki1,ki1
khòng,壙,150,khòng,khong3,khong3
tshe,妻,150,chhe,tshe1,chhe1
hàinn,幌,150,hàiⁿ,hainn3,hainn3
phôo,扶,150,phô͘,phoo5,phoo5
am,掩,150,am,am1,am1
tshiám,攕,150,chhiám,tshiam2,chhiam2
thuann,攤,150,thoaⁿ,thuann1,thoann1
thuā,汰,150,thōa,thua7,thoa7
iû,游,150,iû,iu5,iu5
lông,濃,150,lông,long5,long5
tsuànn,炸,150,chòaⁿ,tsuann3,choann3
siāu,紹,150,siāu,siau7,siau7
hak,蓄,150,hak,hak4,hak4
sian,鉎,150,sian,sian1,sian1
tân,霆,150,tân,tan5,tan5
jī,餌,150,jī,ji7,ji7
kán,𡢃,150,kán,kan2,kan2
tòo,𪐞,150,tò͘,too3,too3
gê,㤉,100,gê,ge5,ge5
khing,傾,100,kheng,khing1,kheng1
khiàng,勥,100,khiàng,khiang3,khiang3
ànn,向,100,àⁿ,ann3,ann3
tiat,哲,100,tiat,tiat4,tiat4
siânn,唌,100,siâⁿ,siann5,siann5
pho̍k,噗,100,pho̍k,phok8,phok8
huāi,壞,100,hoāi,huai7,hoai7
hiâu,嬈,100,hiâu,hiau5,hiau5
siâm,尋,100,siâm,siam5,siam5
khiáu,巧,100,khiáu,khiau2,khiau2
kng,扛,100,kng,kng1,kng1
tshiau,搜,100,chhiau,tshiau1,chhiau1
tiah,摘,100,tiah,tiah4,tiah4
tsik,擠,100,chek,tsik4,chek4
tioh,擢,100,tioh,tioh4,tioh4
sim,森,100,sim,sim1,sim1
thài,汰,100,thài,thai3,thai3
tsuānn,濺,100,chōaⁿ,tsuann7,choann7
kuáinn,稈,100,koáiⁿ,kuainn2,koainn2
tsîn,繩,100,chîn,tsin5,chin5
kiān,胘,100,kiān,kian7,kian7
tsínn,茈,100,chíⁿ,tsinn2,chinn2
kok,谷,100,kok,kok4,kok4
kueh,郭,100,koeh,kueh4,koeh4
khok,酷,100,khok,khok4,khok4
giap,鋏,100,giap,giap4,giap4
hâi,頦,100,hâi,hai5,hai5
siān,𤺪,100,siān,sian7,sian7
khiū,𩚨,100,khiū,khiu7,khiu7
giāng,giāng,50,giāng,giang7,giang7
pháng,pháng,50,pháng,phang2,phang2
soo,soo,50,so͘,soo1,soo1
tshn̍gh,tshn̍gh,50,chhn̍gh,tshngh8,chhngh8
tsang,㨑,50,chang,tsang1,chang1
luí,䉪,50,lúi,lui2,lui2
thenn,䖙,50,theⁿ,thenn1,thenn1
sîng,乘,50,sêng,sing5,seng5
hing,亨,50,heng,hing1,heng1
thīn,伨,50,thīn,thin7,thin7
tshng,伸,50,chhng,tshng1,chhng1
kai,偕,50,kai,kai1,kai1
jû,儒,50,jû,ju5,ju5
kuinn,光,50,kuiⁿ,kuinn1,kuinn1
tāu,兜,50,tāu,tau7,tau7
jiám,冉,50,jiám,jiam2,jiam2
phut,刜,50,phut,phut4,phut4
ge,刮,50,ge,ge1,ge1
khe,刮,50,khe,khe1,khe1
lâu,劉,50,lâu,lau5,lau5
tshuinn,千,50,chhuiⁿ,tshuinn1,chhuinn1
sa̍p,卅,50,sa̍p,sap8,sap8
hùi,卉,50,hùi,hui3,hui3
húi,卉,50,húi,hui2,hui2
hūi,卉,50,hūi,hui7,hui7
nuī,卵,50,nūi,nui7,nui7
tsňg,吮,50,chňg,tsng6,chng6
bài,唄,50,bài,bai3,bai3
hannh,唅,50,haⁿh,hannh4,hannh4
sánn,啥,50,sáⁿ,sann2,sann2
hiàm,喊,50,hiàm,hiam3,hiam3
hiau,囂,50,hiau,hiau1,hiau1
tún,囤,50,tún,tun2,tun2
huînn,園,50,hûiⁿ,huinn5,huinn5
tâi,埋,50,tâi,tai5,tai5
tīnn,填,50,tīⁿ,tinn7,tinn7
hông,夆,50,hông,hong5,hong5
phānn,奅,50,phāⁿ,phann7,phann7
ne,奶,50,ne,ne1,ne1
bōng,妄,50,bōng,bong7,bong7
gián,妍,50,gián,gian2,gian2
ua,娃,50,oa,ua1,oa1
tîng,婷,50,têng,ting5,teng5
hông,宏,50,hông,hong5,hong5
uan,宛,50,oan,uan1,oan1
uàn,宛,50,oàn,uan3,oan3
uán,宛,50,oán,uan2,oan2
uân,宛,50,oân,uan5,oan5
sîn,宸,50,sîn,sin5,sin5
tshik,尺,50,chhek,tshik4,chhek4
lâm,嵐,50,lâm,lam5,lam5
tó,嶋,50,tó,to2,to2
tshî,徐,50,chhî,tshi5,chhi5
gū,御,50,gū,gu7,gu7
kōo,怙,50,kō͘,koo7,koo7
î,怡,50,î,i5,i5
uî,惟,50,ûi,ui5,ui5
siōnn,想,50,siōⁿ,sionn7,sionn7
khái,愷,50,khái,khai2,khai2
jiông,戎,50,jiông,jiong5,jiong5
tse̍h,截,50,che̍h,tseh8,cheh8
tse̍re,截,50,che̍re,tsere8,chere8
tsue̍h,截,50,choe̍h,tsueh8,choeh8
tsha̋i,才,50,chhăi,tshai1,chhai9
khok,扣,50,khok,khok4,khok4
tshé,扯,50,chhé,tshe2,chhe2
tih,抵,50,tih,tih4,tih4
gia̍p,挾,50,gia̍p,giap8,giap8
nge̍h,挾,50,nge̍h,ngeh8,ngeh8
luah,捋,50,loah,luah4,loah4
tshih,揤,50,chhih,tshih4,chhih4
ui,揻,50,ui,ui1,ui1
giáu,搝,50,giáu,giau2,giau2
giú,搝,50,giú,giu2,giu2
me,搣,50,me,me1,me1
mi,搣,50,mi,mi1,mi1
tsô,摷,50,chô,tso5,cho5
ngiáu,撓,50,ngiáu,ngiau2,ngiau2
to̍h,擇,50,to̍h,toh8,toh8
tiak,擉,50,tiak,tiak4,tiak4
tshuân,攢,50,chhoân,tshuan5,chhoan5
thik,敕,50,thek,thik4,thek4
png,方,50,png,png1,png1
tsuīnn,旋,50,chūiⁿ,tsuinn7,chuinn7
hiok,旭,50,hiok,hiok4,hiok4
hō,昊,50,hō,ho7,ho7
io̍k,昱,50,io̍k,iok8,iok8
tshióng,昶,50,chhióng,tshiong2,chhiong2
sīng,晟,50,sēng,sing7,seng7
hui,暉,50,hui,hui1,hui1
iāu,曜,50,iāu,iau7,iau7
phak,朴,50,phak,phak4,phak4
phoh,朴,50,phoh,phoh4,phoh4
phok,朴,50,phok,phok4,phok4
pho̍h,朴,50,pho̍h,phoh8,phoh8
kông,栱,50,kông,kong5,kong5
huân,桓,50,hoân,huan5,hoan5
huān,梵,50,hoān,huan7,hoan7
som,森,50,som,som1,som1
hùn,楦,50,hùn,hun3,hun3
hop,欱,50,hop,hop4,hop4
nái,氖,50,nái,nai2,nai2
hāi,氦,50,hāi,hai7,hai7
khin,氫,50,khin,khin1,khin1
li̍k,氯,50,le̍k,lik8,lek8
ki̍t,汔,50,ki̍t,kit8,kit8
suann,汕,50,soaⁿ,suann1,soann1
hóng,汞,50,hóng,hong2,hong2
phe̍h,沫,50,phe̍h,pheh8,pheh8
phe̍rh,沫,50,phe̍rh,pherh8,pherh8
pho,泡,50,pho,pho1,pho1
khip,泣,50,khip,khip4,khip4
phū,浡,50,phū,phu7,phu7
nuā,涎,50,nōa,nua7,noa7
siânn,涎,50,siâⁿ,siann5,siann5
hiù,溴,50,hiù,hiu3,hiu3
kut,滑,50,kut,kut4,kut4
tshak,漆,50,chhak,tshak4,chhak4
kà,漖,50,kà,ka3,ka3
phuann,潘,50,phoaⁿ,phuann1,phoann1
siap,澀,50,siap,siap4,siap4
bî,瀰,50,bî,bi5,bi5
tsia̍h,炸,50,chia̍h,tsiah8,chiah8
iok,煜,50,iok,iok4,iok4
iāng,煬,50,iāng,iang7,iang7
thn̄g,熥,50,thn̄g,thng7,thng7
lîn,燐,50,lîn,lin5,lin5
giû,牛,50,giû,giu5,giu5
lerê,犁,50,lêre,lere5,lere5
luê,犁,50,lôe,lue5,loe5
khián,犬,50,khián,khian2,khian2
hiân,玄,50,hiân,hian5,hian5
sú,璽,50,sú,su2,su2
suân,璿,50,soân,suan5,soan5
hê,畦,50,hê,he5,he5
luî,癗,50,lûi,lui5,lui5
pik,百,50,pek,pik4,pek4
gîn,睨,50,gîn,gin5,gin5
king,矜,50,keng,king1,keng1
tsainn,知,50,chaiⁿ,tsainn1,chainn1
sia̍k,矽,50,sia̍k,siak8,siak8
kih,砌,50,kih,kih4,kih4
nguí,研,50,ngúi,ngui2,ngui2
ngái,研,50,ngái,ngai2,ngai2
lún,碖,50,lún,lun2,lun2
iū,祐,50,iū,iu7,iu7
jiông,禳,50,jiông,jiong5,jiong5
tōo,竇,50,tō͘,too7,too7
ta̍t,笛,50,ta̍t,tat8,tat8
ti̍k,笛,50,te̍k,tik8,tek8
lerē,笠,50,lēre,lere7,lere7
thuàn,篆,50,thoàn,thuan3,thoan3
buê,糜,50,bôe,bue5,boe5
bêr,糜,50,bêr,ber5,ber5
muâi,糜,50,moâi,muai5,moai5
kuǎn,縣,50,koǎn,kuan6,koan6
kong,罡,50,kong,kong1,kong1
siông,翔,50,siông,siong5,siong5
u̍t,聿,50,u̍t,ut8,ut8
ôo,胡,50,ô͘,oo5,oo5
ngōo,臥,50,ngō͘,ngoo7,ngoo7
tship,艥,50,chhip,tship4,chhip4
kho5,苛,50,khô,kho5,kho5
tshiang,菖,50,chhiang,tshiang1,chhiang1
suan,萱,50,soan,suan1,soan1
pha,葩,50,pha,pha1,pha1
phà,葩,50,phà,pha3,pha3
tshong,蒼,50,chhong,tshong1,chhong1
kueh,蕨,50,koeh,kueh4,koeh4
khing,虹,50,kheng,khing1,kheng1
khīng,虹,50,khēng,khing7,kheng7
hā,蚶,50,hā,ha7,ha7
huē,蟹,50,hōe,hue7,hoe7
hē,蟹,50,hē,he7,he7
phēr,被,50,phēr,pher7,pher7
buâ,覓,50,bôa,bua5,boa5
bā,覓,50,bā,ba7,ba7
bǎ,覓,50,bǎ,ba6,ba6
tshik,觸,50,chhek,tshik4,chhek4
gân,言,50,gân,gan5,gan5
suan,訕,50,soan,suan1,soan1
khóo,許,50,khó͘,khoo2,khoo2
siōng,誦,50,siōng,siong7,siong7
tshoh,誶,50,chhoh,tshoh4,chhoh4
hioh,諾,50,hioh,hioh4,hioh4
tsán,讚,50,chán,tsan2,chan2
hô,豪,50,hô,ho5,ho5
thuā,豸,50,thōa,thua7,thoa7
tsāi,豸,50,chāi,tsai7,chai7
tí,豸,50,tí,ti2,ti2
ba̍uh,貿,50,bau̍h,bauh8,bauh8
tsi̍k,賊,50,che̍k,tsik8,chek8
thng,賰,50,thng,thng1,thng1
tsuāi,跩,50,choāi,tsuai7,choai7
tsuāinn,跩,50,choāiⁿ,tsuainn7,choainn7
tenn,蹬,50,teⁿ,tenn1,tenn1
khing,輕,50,kheng,khing1,kheng1
hui,輝,50,hui,hui1,hui1
huán,返,50,hoán,huan2,hoan2
ngôo,遨,50,ngô͘,ngoo5,ngoo5
u̍t,遹,50,u̍t,ut8,ut8
ip,邑,50,ip,ip4,ip4
puē,邶,50,pōe,pue7,poe7
tsiàu,醮,50,chiàu,tsiau3,chiau3
kun,鈞,50,kun,kun1,kun1
phî,鈹,50,phî,phi5,phi5
sik,銫,50,sek,sik4,sek4
tiānn,錠,50,tiāⁿ,tiann7,tiann7
bíng,錳,50,béng,bing2,beng2
tsiong,鍾,50,chiong,tsiong1,chiong1
bí,鎂,50,bí,bi2,bi2
lui,鐳,50,lui,lui1,lui1
him,鑫,50,him,him1,him1
siunn,鑲,50,siuⁿ,siunn1,siunn1
khuat,闊,50,khoat,khuat4,khoat4
khuat,闕,50,khoat,khuat4,khoat4
tshuàng,闖,50,chhoàng,tshuang3,chhoang3
khàm,闞,50,khàm,kham3,kham3
pha̍uh,雹,50,phau̍h,phauh8,phauh8
gê,霓,50,gê,ge5,ge5
huān,飯,50,hoān,huan7,hoan7
gî,騎,50,gî,gi5,gi5
khî,騎,50,khî,khi5,khi5
khuan,髖,50,khoan,khuan1,khoan1
khiu,鬮,50,khiu,khiu1,khiu1
hîr,魚,50,hîr,hir5,hir5
tsun,鱒,50,chun,tsun1,chun1
khiu,鳩,50,khiu,khiu1,khiu1
phîng,鵬,50,phêng,phing5,pheng5
pîng,鵬,50,pêng,ping5,peng5
pháng,麭,50,pháng,phang2,phang2
hik,黑,50,hek,hik4,hek4
ngôo,鼇,50,ngô͘,ngoo5,ngoo5
tshāi,,50,chhāi,tshai7,chhai7
bú-iânn,Bú-iânn,25,bú-iâⁿ,bu2iann5,bu2iann5
khé-sih,Khé-sih,25,khé-sih,khe2sih4,khe2sih4
nóo-sut,NO捽,25,nó͘-sut,noo2sut4,noo2sut4
ok-tah,OK貼,25,ok-tah,ok4tah4,ok4tah4
phái-sòng,Phái-sòng,25,phái-sòng,phai2song3,phai2song3
só-ut,Só-ut,25,só-ut,so2ut4,so2ut4
uí-khih,Uí-khih,25,úi-khih,ui2khih4,ui2khih4
ap-lóo,ap-lóo,25,ap-ló͘,ap4loo2,ap4loo2
bak-kuh,bak-kuh,25,bak-kuh,bak4kuh4,bak4kuh4
bat-tah,bat-tah,25,bat-tah,bat4tah4,bat4tah4
bán-bah,bán-bah,25,bán-bah,ban2bah4,ban2bah4
ba̋i-khín,ba̋i-khín,25,băi-khín,bai1khin2,bai9khin2
bian-jín,bian-jín,25,bian-jín,bian1jin2,bian1jin2
biat-tooh,biat-tooh,25,biat-to͘h,biat4tooh4,biat4tooh4
bàn-bà,bàn-bà,25,bàn-bà,ban3ba3,ban3ba3
bàng-gà,bàng-gà,25,bàng-gà,bang3ga3,bang3ga3
bàng-kah,bàng-kah,25,bàng-kah,bang3kah4,bang3kah4
bá-á,bá 仔,25,bá-á,ba2a2,ba2a2
bá-luh,bá-luh,25,bá-luh,ba2luh4,ba2luh4
bá-suh,bá-suh,25,bá-suh,ba2suh4,ba2suh4
bá-tah,bá-tah,25,bá-tah,ba2tah4,ba2tah4
bái-bāi,bái-bāi,25,bái-bāi,bai2bai7,bai2bai7
báng-gà,báng-gà,25,báng-gà,bang2ga3,bang2ga3
bì-lù,bì-lù,25,bì-lù,bi3lu3,bi3lu3
bí-sooh,bí-sooh,25,bí-so͘h,bi2sooh4,bi2sooh4
bòo-lù,bòo-lù,25,bò͘-lù,boo3lu3,boo3lu3
bòo-tòo,bòo-tòo,25,bò͘-tò͘,boo3too3,boo3too3
giat-láu,giat-láu,25,giat-láu,giat4lau2,giat4lau2
gioh-toh,gioh-toh,25,gioh-toh,gioh4toh4,gioh4toh4
gàn-tshut,gàn出,25,gàn-chhut,gan3tshut4,gan3chhut4
gá-lah,gá-lah,25,gá-lah,ga2lah4,ga2lah4
gá-suh,gá-suh,25,gá-suh,ga2suh4,ga2suh4
gì-tà,gì-tà,25,gì-tà,gi3ta3,gi3ta3
gōo-bōo,gōo-bōo,25,gō͘-bō͘,goo7boo7,goo7boo7
ha̋ng-góo,ha̋ng-góo,25,hăng-gó͘,hang1goo2,hang9goo2
hài-iah,hài-iah,25,hài-iah,hai3iah4,hai3iah4
hài-ià,hài-ià,25,hài-ià,hai3ia3,hai3ia3
há-muh,há-muh,25,há-muh,ha2muh4,ha2muh4
há-puh,há-puh,25,há-puh,ha2puh4,ha2puh4
há-ti,há-ti,25,há-ti,ha2ti1,ha2ti1
hì-tah,hì-tah,25,hì-tah,hi3tah4,hi3tah4
hú-looh,hú-looh,25,hú-lo͘h,hu2looh4,hu2looh4
ia̋n-jín,ia̋n-jín,25,iăn-jín,ian1jin2,ian9jin2
iá-mih,iá-mih,25,iá-mih,ia2mih4,ia2mih4
ió-bih,ió-bih,25,ió-bih,io2bih4,io2bih4
ióo-kah,ióo-kah,25,ió͘-kah,ioo2kah4,ioo2kah4
iú-lih,iú-lih,25,iú-lih,iu2lih4,iu2lih4
iő-káng,iő-káng,25,iŏ-káng,io1kang2,io9kang2
jiah-khuh,jiah-khuh,25,jiah-khuh,jiah4khuh4,jiah4khuh4
jiak-kuh,jiak-kuh,25,jiak-kuh,jiak4kuh4,jiak4kuh4
jiàn-bà,jiàn-bà,25,jiàn-bà,jian3ba3,jian3ba3
jiá-kuh,jiá-kuh,25,jiá-kuh,jia2kuh4,jia2kuh4
jió-toh,jió-toh,25,jió-toh,jio2toh4,jio2toh4
ji̋n-jín,ji̋n-jín,25,jĭn-jín,jin1jin2,jin9jin2
khí-puânn,key盤,25,khí-pôaⁿ,khi2puann5,khi2poann5
kha-báng,kha-báng,25,kha-báng,kha1bang2,kha1bang2
kha-tián,kha-tián,25,kha-tián,kha1tian2,kha1tian2
kha̋n-jióo,kha̋n-jióo,25,khăn-jió͘,khan1jioo2,khan9jioo2
kha̋ng-páng,kha̋ng-páng,25,khăng-páng,khang1pang2,khang9pang2
khit-teh,khit-teh,25,khit-teh,khit4teh4,khit4teh4
khiu-niú,khiu-niú,25,khiu-niú,khiu1niu2,khiu1niu2
khiā-háng,khiā-háng,25,khiā-háng,khia7hang2,khia7hang2
khiű-ián,khiű-ián,25,khiŭ-ián,khiu1ian2,khiu9ian2
khiű-khé,khiű-khé,25,khiŭ-khé,khiu1khe2,khiu9khe2
khok-puh,khok-puh,25,khok-puh,khok4puh4,khok4puh4
khu-sióng,khu-sióng,25,khu-sióng,khu1siong2,khu1siong2
khut-sè,khut-sè,25,khut-sè,khut4se3,khut4se3
khà-suh,khà-suh,25,khà-suh,kha3suh4,kha3suh4
khà-sàng,khà-sàng,25,khà-sàng,kha3sang3,kha3sang3
khà-tsiàng,khà-tsiàng,25,khà-chiàng,kha3tsiang3,kha3chiang3
khà-tòo,khà-tòo,25,khà-tò͘,kha3too3,kha3too3
khá-phooh,khá-phooh,25,khá-pho͘h,kha2phooh4,kha2phooh4
khè-sù,khè-sù,25,khè-sù,khe3su3,khe3su3
khé-lih,khé-lih,25,khé-lih,khe2lih4,khe2lih4
khí-looh,khí-looh,25,khí-lo͘h,khi2looh4,khi2looh4
khí-pòo,khí-pòo,25,khí-pò͘,khi2poo3,khi2poo3
khòng-buh,khòng-buh,25,khòng-buh,khong3buh4,khong3buh4
khòo-lah,khòo-lah,25,khò͘-lah,khoo3lah4,khoo3lah4
khòo-tah,khòo-tah,25,khò͘-tah,khoo3tah4,khoo3tah4
khòo-tòo,khòo-tòo,25,khò͘-tò͘,khoo3too3,khoo3too3
khóo-khooh,khóo-khooh,25,khó͘-kho͘h,khoo2khooh4,khoo2khooh4
kián-muh,kián-muh,25,kián-muh,kian2muh4,kian2muh4
kīnn-kuāinn,kīnn-kuāinn,25,kīⁿ-koāiⁿ,kinn7kuainn7,kinn7koainn7
kōng-kiauh,kōng-kiauh,25,kōng-kiauh,kong7kiauh4,kong7kiauh4
lat-tè,lat-tè,25,lat-tè,lat4te3,lat4te3
le-bóng,le-bóng,25,le-bóng,le1bong2,le1bong2
li-kōo,li-kōo,25,li-kō͘,li1koo7,li1koo7
lia̋n-táng,lia̋n-táng,25,liăn-táng,lian1tang2,lian9tang2
li̋n-jín,li̋n-jín,25,lĭn-jín,lin1jin2,lin9jin2
li̋n-tsín,li̋n-tsín,25,lĭn-chín,lin1tsin2,lin9chin2
lop-lop,lop-lop,25,lop-lop,lop4lop4,lop4lop4
lài-tah,lài-tah,25,lài-tah,lai3tah4,lai3tah4
làng-káng,làng-káng,25,làng-káng,lang3kang2,lang3kang2
làu-tshe̍h,làu-tshe̍h,25,làu-chhe̍h,lau3tsheh8,lau3chheh8
lè-sìr,lè-sìr,25,lè-sìr,le3sir3,le3sir3
lìn-gòo,lìn-gòo,25,lìn-gò͘,lin3goo3,lin3goo3
lòm-lòm,lòm-lòm,25,lòm-lòm,lom3lom3,lom3lom3
lòo-suh,lòo-suh,25,lò͘-suh,loo3suh4,loo3suh4
lòo-sìr,lòo-sìr,25,lò͘-sìr,loo3sir3,loo3sir3
lóo-sìr,lóo-sìr,25,ló͘-sìr,loo2sir3,loo2sir3
lā-thé,lā-thé,25,lā-thé,la7the2,la7the2
me-lóng,me-lóng,25,me-lóng,me1long2,me1long2
me-me,me-me,25,me-me,me1me1,me1me1
mi-sín,mi-sín,25,mi-sín,mi1sin2,mi1sin2
mooh-phīnn,mooh鼻,25,mo͘h-phīⁿ,mooh4phinn7,mooh4phinn7
má-too,má-too,25,má-to͘,ma2too1,ma2too1
mái-khuh,mái-khuh,25,mái-khuh,mai2khuh4,mai2khuh4
mái-kù,mái-kù,25,mái-kù,mai2ku3,mai2ku3
mè-sì,mè-sì,25,mè-sì,me3si3,me3si3
mè-sù,mè-sù,25,mè-sù,me3su3,me3su3
mí-soh,mí-soh,25,mí-soh,mi2soh4,mi2soh4
mí-sòoh,mí-sòoh,25,mí-sò͘h,mi2sooh3,mi2sooh3
mòo-tà,mòo-tà,25,mò͘-tà,moo3ta3,moo3ta3
móo-khah,móo-khah,25,mó͘-khah,moo2khah4,moo2khah4
móo-oh,móo-oh,25,mó͘-oh,moo2oh4,moo2oh4
mā-tsia,mā-tsia,25,mā-chia,ma7tsia1,ma7chia1
na̋i-lóng,na̋i-lóng,25,năi-lóng,nai1long2,nai9long2
ngiauh-kiauh,ngiauh-kiauh,25,ngiauh-kiauh,ngiauh4kiauh4,ngiauh4kiauh4
ni-sín,ni-sín,25,ni-sín,ni1sin2,ni1sin2
nóo-lih,nóo-lih,25,nó͘-lih,noo2lih4,noo2lih4
nőo-sín,nőo-sín,25,nŏ͘-sín,noo1sin2,noo9sin2
oo-lián,oo-lián,25,o͘-lián,oo1lian2,oo1lian2
pa-suh,pa-suh,25,pa-suh,pa1suh4,pa1suh4
pha̍t-tái,pha̍t-tái,25,pha̍t-tái,phat8tai2,phat8tai2
phiu-tsuí,phiu水,25,phiu-chúi,phiu1tsui2,phiu1chui2
phiàn-tsih,phiàn-tsih,25,phiàn-chih,phian3tsih4,phian3chih4
phi̋n-phóng,phi̋n-phóng,25,phĭn-phóng,phin1phong2,phin9phong2
phàng-kù,phàng-kù,25,phàng-kù,phang3ku3,phang3ku3
phá-nah,phá-nah,25,phá-nah,pha2nah4,pha2nah4
phí-sah,phí-sah,25,phí-sah,phi2sah4,phi2sah4
phí-tsah,phí-tsah,25,phí-chah,phi2tsah4,phi2chah4
phòng-phù,phòng-phù,25,phòng-phù,phong3phu3,phong3phu3
pit-tsah,pit-tsah,25,pit-chah,pit4tsah4,pit4chah4
sak-khuh,sak-khuh,25,sak-khuh,sak4khuh4,sak4khuh4
se-bùn,se-bùn,25,se-bùn,se1bun3,se1bun3
seh-seh,seh-seh,25,seh-seh,seh4seh4,seh4seh4
sia-sín,sia-sín,25,sia-sín,sia1sin2,sia1sin2
siak-phānn,siak-phānn,25,siak-phāⁿ,siak4phann7,siak4phann7
siat-tooh,siat-tooh,25,siat-to͘h,siat4tooh4,siat4tooh4
siat-tsuh,siat-tsuh,25,siat-chuh,siat4tsuh4,siat4chuh4
sio̍k-pháng,sio̍k-pháng,25,sio̍k-pháng,siok8phang2,siok8phang2
siàm-phuh,siàm-phuh,25,siàm-phuh,siam3phuh4,siam3phuh4
sà-suh,sà-suh,25,sà-suh,sa3suh4,sa3suh4
sài-sù,sài-sù,25,sài-sù,sai3su3,sai3su3
sàm-io,sàm腰,25,sàm-io,sam3io1,sam3io1
sàn-bah,sàn-bah,25,sàn-bah,san3bah4,san3bah4
sá-keh,sá-keh,25,sá-keh,sa2keh4,sa2keh4
sè-hù,sè-hù,25,sè-hù,se3hu3,se3hu3
sòo-sù,sòo-sù,25,sò͘-sù,soo3su3,soo3su3
sú-sih,sú-sih,25,sú-sih,su2sih4,su2sih4
sīng-tsiú,sīng酒,25,sēng-chiú,sing7tsiu2,seng7chiu2
tang-lóo,tang-lóo,25,tang-ló͘,tang1loo2,tang1loo2
thak-khooh,thak-khooh,25,thak-kho͘h,thak4khooh4,thak4khooh4
theh-puh,theh-puh,25,theh-puh,theh4puh4,theh4puh4
thài-ià,thài-ià,25,thài-ià,thai3ia3,thai3ia3
thài-lù,thài-lù,25,thài-lù,thai3lu3,thai3lu3
thàn-gòo,thàn-gòo,25,thàn-gò͘,than3goo3,than3goo3
thàng-sù,thàng-sù,25,thàng-sù,thang3su3,thang3su3
tshenn-tso̍h,tshenn-tso̍h,25,chheⁿ-cho̍h,tshenn1tsoh8,chhenn1choh8
tshià-lih,tshià-lih,25,chhià-lih,tshia3lih4,chhia3lih4
tshuaih-kóng,tshuaih講,25,chhoaih-kóng,tshuaih4kong2,chhoaih4kong2
tshè-luî,tshè-雷,25,chhè-lûi,tshe3lui5,chhe3lui5
tshì-juh,tshì-juh,25,chhì-juh,tshi3juh4,chhi3juh4
tshì-suh,tshì-suh,25,chhì-suh,tshi3suh4,chhi3suh4
tsiak-kuh,tsiak-kuh,25,chiak-kuh,tsiak4kuh4,chiak4kuh4
tsiok-kih,tsiok-kih,25,chiok-kih,tsiok4kih4,chiok4kih4
tsit-puh,tsit-puh,25,chit-puh,tsit4puh4,chit4puh4
tsiű-tsiú,tsiű-tsiú,25,chiŭ-chiú,tsiu1tsiu2,chiu9chiu2
táng-lóo,táng-lóo,25,táng-ló͘,tang2loo2,tang2loo2
tòo-sàng,tòo-sàng,25,tò͘-sàng,too3sang3,too3sang3
tóo-muh,tóo-muh,25,tó͘-muh,too2muh4,too2muh4
tóo-sàng,tóo-sàng,25,tó͘-sàng,too2sang3,too2sang3
tānn-sit,tānn失,25,tāⁿ-sit,tann7sit4,tann7sit4
u-lóng,u-lóng,25,u-lóng,u1long2,u1long2
u-tóng,u-tóng,25,u-tóng,u1tong2,u1tong2
uah-saih,uah-saih,25,oah-saih,uah4saih4,oah4saih4
uân-á,uân-á,25,oân-á,uan5a2,oan5a2
àn-nāi,àn-nāi,25,àn-nāi,an3nai7,an3nai7
àu-tsuh,àu-tsuh,25,àu-chuh,au3tsuh4,au3chuh4
á-geh,á-geh,25,á-geh,a2geh4,a2geh4
á-tah,á-tah,25,á-tah,a2tah4,a2tah4
áng-lái,áng-lái,25,áng-lái,ang2lai2,ang2lai2
òo-bà,òo-bà,25,ò͘-bà,oo3ba3,oo3ba3
ùn-tsiàng,ùn-tsiàng,25,ùn-chiàng,un3tsiang3,un3chiang3
ūn-lâng,ūn膿,25,ūn-lâng,un7lang5,un7lang5
sè-lù,セル,25,sè-lù,se3lu3,se3lu3
làng-kàng,㝗港,25,làng-kàng,lang3kang3,lang3kang3
láng-káng,㝗港,25,láng-káng,lang2kang2,lang2kang2
gê-lān,㤉𡳞,25,gê-lān,ge5lan7,ge5lan7
khê-khê,㧎㧎,25,khê-khê,khe5khe5,khe5khe5
khê-khang,㧎空,25,khê-khang,khe5khang1,khe5khang1
khê-kuan,㧎關,25,khê-koan,khe5kuan1,khe5koan1
khê-bé,㧎馬,25,khê-bé,khe5be2,khe5be2
tu-hong,㧣風,25,tu-hong,tu1hong1,tu1hong1
tàng-kah,㨂甲,25,tàng-kah,tang3kah4,tang3kah4
tsānn-hî,㨻魚,25,chāⁿ-hî,tsann7hi5,chann7hi5
tsānn-hû,㨻魚,25,chāⁿ-hû,tsann7hu5,chann7hu5
khiap-sái,㾀屎,25,khiap-sái,khiap4sai2,khiap4sai2
bái-tshiú,䆀手,25,bái-chhiú,bai2tshiu2,bai2chhiu2
bái-tsâi,䆀才,25,bái-châi,bai2tsai5,bai2chai5
bái-kuat,䆀抉,25,bái-koat,bai2kuat4,bai2koat4
bái-liāu,䆀料,25,bái-liāu,bai2liau7,bai2liau7
bái-iūnn,䆀樣,25,bái-iūⁿ,bai2iunn7,bai2iunn7
bái-hué,䆀火,25,bái-hóe,bai2hue2,bai2hoe2
bái-huè,䆀貨,25,bái-hòe,bai2hue3,bai2hoe3
luí-tsînn,䉪錢,25,lúi-chîⁿ,lui2tsinn5,lui2chinn5
thē-á,䖳仔,25,thē-á,the7a2,the7a2
thē-hî,䖳魚,25,thē-hî,the7hi5,the7hi5
tshiāng-óng,䢢往,25,chhiāng-óng,tshiang7ong2,chhiang7ong2
tsi̍t-ê,一个,25,chi̍t-ê,tsit8e5,chit8e5
tsi̍t-hūn,一份,25,chi̍t-hūn,tsit8hun7,chit8hun7
tsi̍t-lia̍t,一列,25,chi̍t-lia̍t,tsit8liat8,chit8liat8
tsi̍t-ue̍h,一劃,25,chi̍t-oe̍h,tsit8ueh8,chit8oeh8
tsi̍t-ui̍h,一劃,25,chi̍t-u̍ih,tsit8uih8,chit8uih8
tsi̍t-jí,一子,25,chi̍t-jí,tsit8ji2,chit8ji2
tsi̍t-kang,一工,25,chi̍t-kang,tsit8kang1,chit8kang1
tsi̍t-nî,一年,25,chi̍t-nî,tsit8ni5,chit8ni5
it-tó,一度,25,it-tó,it4to2,it4to2
tsi̍t-kńg,一捲,25,chi̍t-kńg,tsit8kng2,chit8kng2
tsi̍t-phuat,一撇,25,chi̍t-phoat,tsit8phuat4,chit8phoat4
tsi̍t-pái,一擺,25,chi̍t-pái,tsit8pai2,chit8pai2
tsi̍t-pue,一桮,25,chi̍t-poe,tsit8pue1,chit8poe1
tsi̍t-huâinn,一橫,25,chi̍t-hoâiⁿ,tsit8huainn5,chit8hoainn5
tsi̍t-huînn,一橫,25,chi̍t-hûiⁿ,tsit8huinn5,chit8huinn5
tsi̍t-pah,一百,25,chi̍t-pah,tsit8pah4,chit8pah4
tsi̍t-pà,一百,25,chi̍t-pà,tsit8pa3,chit8pa3
it-tsīn,一盡,25,it-chīn,it4tsin7,it4chin7
it-tíng,一等,25,it-téng,it4ting2,it4teng2
tsi̍t-láng,一籠,25,chi̍t-láng,tsit8lang2,chit8lang2
tsi̍t-kuàn,一罐,25,chi̍t-koàn,tsit8kuan3,chit8koan3
tsi̍t-luí,一蕊,25,chi̍t-lúi,tsit8lui2,chit8lui2
tsi̍t-sin,一身,25,chi̍t-sin,tsit8sin1,chit8sin1
tsi̍t-piàn,一遍,25,chi̍t-piàn,tsit8pian3,chit8pian3
tsi̍t-tsiah,一隻,25,chi̍t-chiah,tsit8tsiah4,chit8chiah4
tshit-si̍k,七夕,25,chhit-se̍k,tshit4sik8,chhit4sek8
tshit-iāu,七曜,25,chhit-iāu,tshit4iau7,chhit4iau7
tshit-tiám,七點,25,chhit-tiám,tshit4tiam2,chhit4tiam2
tiūnn-ḿ,丈姆,25,tiūⁿ-ḿ,tiunn7m2,tiunn7m2
sam-guân,三元,25,sam-goân,sam1guan5,sam1goan5
sam-uî,三圍,25,sam-ûi,sam1ui5,sam1ui5
sann-pó,三寶,25,saⁿ-pó,sann1po2,sann1po2
sam-hiân,三弦,25,sam-hiân,sam1hian5,sam1hian5
sann-tsáinn,三指,25,saⁿ-cháiⁿ,sann1tsainn2,sann1chainn2
sann-kái,三改,25,saⁿ-kái,sann1kai2,sann1kai2
sam-bîng,三明,25,sam-bêng,sam1bing5,sam1beng5
sam-sing,三星,25,sam-seng,sam1sing1,sam1seng1
sàm-sóng,三爽,25,sàm-sóng,sam3song2,sam3song2
sam-li̍p,三立,25,sam-li̍p,sam1lip8,sam1lip8
sam-tiông,三重,25,sam-tiông,sam1tiong5,sam1tiong5
sam-tîng,三重,25,sam-têng,sam1ting5,sam1teng5
sam-bûn,三門,25,sam-bûn,sam1bun5,sam1bun5
siōng-thuân,上傳,25,siōng-thoân,siong7thuan5,siong7thoan5
tsiūⁿ-thuân,上傳,25,chiūⁿ-thoân,tsiuⁿ7thuan5,chiunn7thoan5
sîng-guân,上元,25,sêng-goân,sing5guan5,seng5goan5
siōng-siânn,上城,25,siōng-siâⁿ,siong7siann5,siong7siann5
siāng-suí,上媠,25,siāng-súi,siang7sui2,siang7sui2
siōng-suí,上媠,25,siōng-súi,siong7sui2,siong7sui2
siōng-ài,上愛,25,siōng-ài,siong7ai3,siong7ai3
siāng-kuân,上懸,25,siāng-koân,siang7kuan5,siang7koan5
siōng-hâng,上杭,25,siōng-hâng,siong7hang5,siong7hang5
tsiūnn-kè,上架,25,chiūⁿ-kè,tsiunn7ke3,chiunn7ke3
siāng-hái,上海,25,siāng-hái,siang7hai2,siang7hai2
siāng-tsē,上濟,25,siāng-chē,siang7tse7,siang7che7
tsiūnn-sik,上色,25,chiūⁿ-sek,tsiunn7sik4,chiunn7sek4
tsiūnn-lo̍h,上落,25,chiūⁿ-lo̍h,tsiunn7loh8,chiunn7loh8
siōng-gû,上虞,25,siōng-gû,siong7gu5,siong7gu5
tsiūnn-bông,上雺,25,chiūⁿ-bông,tsiunn7bong5,chiunn7bong5
hē-giô,下giô,25,hē-giô,he7gio5,he7gio5
hē-tsoh,下作,25,hē-choh,he7tsoh4,he7choh4
hā-guân,下元,25,hā-goân,ha7guan5,ha7goan5
ē-siânn,下城,25,ē-siâⁿ,e7siann5,e7siann5
ē-poo,下埔,25,ē-po͘,e7poo1,e7poo1
ē-tsá,下早,25,ē-chá,e7tsa2,e7cha2
ē-tsái,下早,25,ē-chái,e7tsai2,e7chai2
e-huinn,下昏,25,e-huiⁿ,e1huinn1,e1huinn1
ē-tàu,下晝,25,ē-tàu,e7tau3,e7tau3
ē-kue̍h,下橛,25,ē-koe̍h,e7kueh8,e7koeh8
ē-iânn,下營,25,ē-iâⁿ,e7iann5,e7iann5
hā-siau,下痟,25,hā-siau,ha7siau1,ha7siau1
ē-tuan,下端,25,ē-toan,e7tuan1,e7toan1
put-tan,不丹,25,put-tan,put4tan1,put4tan1
put-kiat,不吉,25,put-kiat,put4kiat4,put4kiat4
put-tsāi,不在,25,put-chāi,put4tsai7,put4chai7
put-jû,不如,25,put-jû,put4ju5,put4ju5
put-pí,不比,25,put-pí,put4pi2,put4pi2
put-thong,不通,25,put-thong,put4thong1,put4thong1
sîng-siùnn,丞相,25,sêng-siùⁿ,sing5siunn3,seng5siunn3
pīng-tshiánn,並且,25,pēng-chhiáⁿ,ping7tshiann2,peng7chhiann2
tiong-lâng,中人,25,tiong-lâng,tiong1lang5,tiong1lang5
tiong-kài,中介,25,tiong-kài,tiong1kai3,tiong1kai3
tiong-guân,中元,25,tiong-goân,tiong1guan5,tiong1goan5
tiong-hô,中和,25,tiong-hô,tiong1ho5,tiong1ho5
tiong-kok,中國,25,tiong-kok,tiong1kok4,tiong1kok4
tiong-tsong,中宗,25,tiong-chong,tiong1tsong1,tiong1chong1
tiong-hang,中烘,25,tiong-hang,tiong1hang1,tiong1hang1
tiong-huân,中環,25,tiong-hoân,tiong1huan5,tiong1hoan5
tiong-khuân,中環,25,tiong-khoân,tiong1khuan5,tiong1khoan5
tiong-tshiu,中秋,25,tiong-chhiu,tiong1tshiu1,tiong1chhiu1
tiong-kan,中間,25,tiong-kan,tiong1kan1,tiong1kan1
tiong-lî,中離,25,tiong-lî,tiong1li5,tiong1li5
tiong-thi,中麶,25,tiong-thi,tiong1thi1,tiong1thi1
tshuàn-ue,串椏,25,chhoàn-oe,tshuan3ue1,chhoan3oe1
tshuàn-ínn,串穎,25,chhoàn-íⁿ,tshuan3inn2,chhoan3inn2
tshuàn-kóng,串講,25,chhoàn-kóng,tshuan3kong2,chhoan3kong2
uân-á,丸仔,25,oân-á,uan5a2,oan5a2
tan-tshing,丹青,25,tan-chheng,tan1tshing1,tan1chheng1
tòng-pn̄g,丼飯,25,tòng-pn̄g,tong3png7,tong3png7
kiú-pia̍t,久別,25,kiú-pia̍t,kiu2piat8,kiu2piat8
sîng-pho,乘波,25,sêng-pho,sing5pho1,seng5pho1
sīng-suà,乘紲,25,sēng-sòa,sing7sua3,seng7soa3
it-thaì,乙太,25,it-thài,it4thai3,it4thai3
it-thài,乙太,25,it-thài,it4thai3,it4thai3
kiú-ngóo,九五,25,kiú-ngó͘,kiu2ngoo2,kiu2ngoo2
kiú-jû,九如,25,kiú-jû,kiu2ju5,kiu2ju5
kiú-lû,九如,25,kiú-lû,kiu2lu5,kiu2lu5
káu-bué,九尾,25,káu-bóe,kau2bue2,kau2boe2
káu-bé,九尾,25,káu-bé,kau2be2,kau2be2
kiú-tsiu,九州,25,kiú-chiu,kiu2tsiu1,kiu2chiu1
kiú-kui,九歸,25,kiú-kui,kiu2kui1,kiu2kui1
ta-khe,乾溪,25,ta-khe,ta1khe1,ta1khe1
khiân-phiàn,乾片,25,khiân-phiàn,khian5phian3,khian5phian3
kan-kia̍t,乾竭,25,kan-kia̍t,kan1kiat8,kan1kiat8
luān-liû,亂流,25,loān-liû,luan7liu5,loan7liu5
liáu-jiân,了然,25,liáu-jiân,liau2jian5,liau2jian5
liáu-liân,了然,25,liáu-liân,liau2lian5,liau2lian5
liáu-tiān,了電,25,liáu-tiān,liau2tian7,liau2tian7
hōo-lâng,予人,25,hō͘-lâng,hoo7lang5,hoo7lang5
hōo-lí,予你,25,hō͘-lí,hoo7li2,hoo7li2
ho-tsò,予做,25,ho-chò,ho1tso3,ho1cho3
hōo-lán,予咱,25,hō͘-lán,hoo7lan2,hoo7lan2
sū-ká,事假,25,sū-ká,su7ka2,su7ka2
sū-sian,事先,25,sū-sian,su7sian1,su7sian1
ji-tsa̍p,二十,25,ji-cha̍p,ji1tsap8,ji1chap8
jī-tsa̍p,二十,25,jī-cha̍p,ji7tsap8,ji7chap8
jī-uî,二圍,25,jī-ûi,ji7ui5,ji7ui5
jī-hiân,二弦,25,jī-hiân,ji7hian5,ji7hian5
jī-tsiàn,二戰,25,jī-chiàn,ji7tsian3,ji7chian3
jī-gue̍h,二月,25,jī-goe̍h,ji7gueh8,ji7goeh8
jī-lîm,二林,25,jī-lîm,ji7lim5,ji7lim5
ûn-kíng,云境,25,ûn-kéng,un5king2,un5keng2
ûn-tsng,云庄,25,ûn-chng,un5tsng1,un5chng1
hōo-thik,互斥,25,hō͘-thek,hoo7thik4,hoo7thek4
ngóo-jîn,五仁,25,ngó͘-jîn,ngoo2jin5,ngoo2jin5
gōo-uî,五圍,25,gō͘-ûi,goo7ui5,goo7ui5
ngóo-tshinn,五星,25,ngó͘-chhiⁿ,ngoo2tshinn1,ngoo2chhinn1
gōo-lâu,五樓,25,gō͘-lâu,goo7lau5,goo7lau5
gōo-kah,五甲,25,gō͘-kah,goo7kah4,goo7kah4
ngóo-kok,五穀,25,ngó͘-kok,ngoo2kok4,ngoo2kok4
gōo-kiat,五結,25,gō͘-kiat,goo7kiat4,goo7kiat4
gōo-hue,五花,25,gō͘-hoe,goo7hue1,goo7hoe1
gōo-sài,五賽,25,gō͘-sài,goo7sai3,goo7sai3
tsénn-khàm,井崁,25,chéⁿ-khàm,tsenn2kham3,chenn2kham3
a-tong,亞當,25,a-tong,a1tong1,a1tong1
a-è,亞裔,25,a-è,a1e3,a1e3
khòng-huānn,亢旱,25,khòng-hōaⁿ,khong3huann7,khong3hoann7
kau-tang,交冬,25,kau-tang,kau1tang1,kau1tang1
kau-kuah,交割,25,kau-koah,kau1kuah4,kau1koah4
kau-in,交姻,25,kau-in,kau1in1,kau1in1
kau-tsiap,交接,25,kau-chiap,kau1tsiap4,kau1chiap4
kau-kiû,交球,25,kau-kiû,kau1kiu5,kau1kiu5
kau-kuan,交關,25,kau-koan,kau1kuan1,kau1koan1
hâi-kik,亥革,25,hâi-kek,hai5kik4,hai5kek4
gîn-som,人參,25,gîn-som,gin5som1,gin5som1
ji̋n-jín,人參,25,jĭn-jín,jin1jin2,jin9jin2
jîn-sim,人參,25,jîn-sim,jin5sim1,jin5sim1
jîn-som,人參,25,jîn-som,jin5som1,jin5som1
lîn-som,人參,25,lîn-som,lin5som1,lin5som1
lâng-ling,人奶,25,lâng-leng,lang5ling1,lang5leng1
jîn-sim,人心,25,jîn-sim,jin5sim1,jin5sim1
jîn-khì,人氣,25,jîn-khì,jin5khi3,jin5khi3
lâng-tse,人災,25,lâng-che,lang5tse1,lang5che1
lâng-un,人瘟,25,lâng-un,lang5un1,lang5un1
lâng-pān,人範,25,lâng-pān,lang5pan7,lang5pan7
lâng-sik,人色,25,lâng-sek,lang5sik4,lang5sek4
lâng-pôo,人酺,25,lâng-pô͘,lang5poo5,lang5poo5
lâng-bīn,人面,25,lâng-bīn,lang5bin7,lang5bin7
jîn-tsong,仁宗,25,jîn-chong,jin5tsong1,jin5chong1
kin-thian,今天,25,kin-thian,kin1thian1,kin1thian1
tann-sik,今式,25,taⁿ-sek,tann1sik4,tann1sek4
kim-ji̍t,今日,25,kim-ji̍t,kim1jit8,kim1jit8
kīn-ji̍t,今日,25,kīn-ji̍t,kin7jit8,kin7jit8
im-àm,今暗,25,im-àm,im1am3,im1am3
sian-tâi,仙台,25,sian-tâi,sian1tai5,sian1tai5
sian-ku,仙居,25,sian-ku,sian1ku1,sian1ku1
sian-thô,仙桃,25,sian-thô,sian1tho5,sian1tho5
sian-iû,仙遊,25,sian-iû,sian1iu5,sian1iu5
kâng-sim,仝心,25,kâng-sim,kang5sim1,kang5sim1
kāng-the,仝梯,25,kāng-the,kang7the1,kang7the1
kâng-khuán,仝款,25,kâng-khoán,kang5khuan2,kang5khoan2
kâng-siann,仝聲,25,kâng-siaⁿ,kang5siann1,kang5siann1
ko-ló,仡佬,25,ko-ló,ko1lo2,ko1lo2
ko-nóo,仡佬,25,ko-nó͘,ko1noo2,ko1noo2
tāi-sing,代先,25,tāi-seng,tai7sing1,tai7seng1
tāi-pè,代幣,25,tāi-pè,tai7pe3,tai7pe3
tāi-tsâi,代才,25,tāi-châi,tai7tsai5,tai7chai5
tāi-kau,代溝,25,tāi-kau,tai7kau1,tai7kau1
tāi-lí,代理,25,tāi-lí,tai7li2,tai7li2
līng-hô,令和,25,lēng-hô,ling7ho5,leng7ho5
í-sat,以撒,25,í-sat,i2sat4,i2sat4
tiōng-iû,仲由,25,tiōng-iû,tiong7iu5,tiong7iu5
hūn-pó,份保,25,hūn-pó,hun7po2,hun7po2
khì-ue̍h,企劃,25,khì-oe̍h,khi3ueh8,khi3oeh8
i-bī,伊未,25,i-bī,i1bi7,i1bi7
i-ê,伊的,25,i-ê,i1e5,i1e5
kī-lióng,伎倆,25,kī-lióng,ki7liong2,ki7liong2
hū-hi,伏羲,25,hū-hi,hu7hi1,hu7hi1
ho̍k-bīn,伏面,25,ho̍k-bīn,hok8bin7,hok8bin7
hiu-khan,休刊,25,hiu-khan,hiu1khan1,hiu1khan1
hiu-king,休耕,25,hiu-keng,hiu1king1,hiu1keng1
pek-giû,伯牛,25,pek-giû,pek4giu5,pek4giu5
phuānn-lī,伴侶,25,phōaⁿ-lī,phuann7li7,phoann7li7
phuānn-lū,伴侶,25,phōaⁿ-lū,phuann7lu7,phoann7lu7
phuānn-tshiú,伴手,25,phōaⁿ-chhiú,phuann7tshiu2,phoann7chhiu2
phuānn-kíng,伴景,25,phōaⁿ-kéng,phuann7king2,phoann7keng2
phuānn-kiânn,伴行,25,phōaⁿ-kiâⁿ,phuann7kiann5,phoann7kiann5
tshun-kiu,伸勼,25,chhun-kiu,tshun1kiu1,chhun1kiu1
phenn-khin,伻輕,25,pheⁿ-khin,phenn1khin1,phenn1khin1
phinn-khin,伻輕,25,phiⁿ-khin,phinn1khin1,phinn1khin1
phenn-hîng,伻還,25,pheⁿ-hêng,phenn1hing5,phenn1heng5
phenn-phoo,伻鋪,25,pheⁿ-pho͘,phenn1phoo1,phenn1phoo1
tān-tān,但但,25,tān-tān,tan7tan7,tan7tan7
tān-tsāi,但在,25,tān-chāi,tan7tsai7,tan7chai7
tī-tshù,佇厝,25,tī-chhù,ti7tshu3,ti7chhu3
tī-leh,佇咧,25,tī-leh,ti7leh4,ti7leh4
tī-hia,佇遐,25,tī-hia,ti7hia1,ti7hia1
tī-tsia,佇遮,25,tī-chia,ti7tsia1,ti7chia1
kē-ap,低壓,25,kē-ap,ke7ap4,ke7ap4
kē-tiāu,低調,25,kē-tiāu,ke7tiau7,ke7tiau7
kē-lōo,低路,25,kē-lō͘,ke7loo7,ke7loo7
tsò-tun,佐敦,25,chò-tun,tso3tun1,cho3tun1
tsiàm-suànn,佔線,25,chiàm-sòaⁿ,tsiam3suann3,chiam3soann3
toh-lo̍h,佗落,25,toh-lo̍h,toh4loh8,toh4loh8
tá-lo̍h,佗落,25,tá-lo̍h,ta2loh8,ta2loh8
tó-lo̍h,佗落,25,tó-lo̍h,to2loh8,to2loh8
û-thian,余天,25,û-thian,u5thian1,u5thian1
î-iâu,余姚,25,î-iâu,i5iau5,i5iau5
î-hâng,余杭,25,î-hâng,i5hang5,i5hang5
hu̍t-kok,佛國,25,hu̍t-kok,hut8kok4,hut8kok4
pu̍t-sim,佛心,25,pu̍t-sim,put8sim1,put8sim1
tsok-sit,作息,25,chok-sit,tsok4sit4,chok4sit4
tsoh-sit,作穡,25,choh-sit,tsoh4sit4,choh4sit4
lí-hó,你好,25,lí-hó,li2ho2,li2ho2
láu-á,佬仔,25,láu-á,lau2a2,lau2a2
láu-ak,佬沃,25,láu-ak,lau2ak4,lau2ak4
tènn-tshenn,佯生,25,tèⁿ-chheⁿ,tenn3tshenn1,tenn3chhenn1
tìnn-tshinn,佯生,25,tìⁿ-chhiⁿ,tinn3tshinn1,tinn3chhinn1
ka-ngóo,佳偶,25,ka-ngó͘,ka1ngoo2,ka1ngoo2
lâi-sê,來洗,25,lâi-sê,lai5se5,lai5se5
lâi-tńg,來轉,25,lâi-tńg,lai5tng2,lai5tng2
tòng-gōng,侗戇,25,tòng-gōng,tong3gong7,tong3gong7
king-siān,供膳,25,keng-siān,king1sian7,keng1sian7
kiong-siān,供膳,25,kiong-siān,kiong1sian7,kiong1sian7
tshim-khuân,侵權,25,chhim-khoân,tshim1khuan5,chhim1khoan5
piān-phín,便品,25,piān-phín,pian7phin2,pian7phin2
piān-sóo,便所,25,piān-só͘,pian7soo2,pian7soo2
piān-tshah,便插,25,piān-chhah,pian7tshah4,pian7chhah4
piān-í,便椅,25,piān-í,pian7i2,pian7i2
piān-mi̍h,便物,25,piān-mi̍h,pian7mih8,pian7mih8
piān-tong,便當,25,piān-tong,pian7tong1,pian7tong1
piān-nā,便若,25,piān-nā,pian7na7,pian7na7
hē-hāng,係項,25,hē-hāng,he7hang7,he7hang7
gô-kok,俄國,25,gô-kok,go5kok4,go5kok4
gô-lô,俄羅,25,gô-lô,go5lo5,go5lo5
sio̍k-mi̍h,俗物,25,sio̍k-mi̍h,siok8mih8,siok8mih8
sio̍k-bé,俗買,25,sio̍k-bé,siok8be2,siok8be2
sio̍k-buē,俗賣,25,sio̍k-bōe,siok8bue7,siok8boe7
sio̍k-bē,俗賣,25,sio̍k-bē,siok8be7,siok8be7
sio̍k-pháng,俗麭,25,sio̍k-pháng,siok8phang2,siok8phang2
pó-tsuân,保全,25,pó-choân,po2tsuan5,po2choan5
pó-sian,保鮮,25,pó-sian,po2sian1,po2sian1
siu-tsìng,修正,25,siu-chèng,siu1tsing3,siu1cheng3
pâi-iu,俳優,25,pâi-iu,pai5iu1,pai5iu1
án-kong,俺公,25,án-kong,an2kong1,an2kong1
án-nia,俺娘,25,án-nia,an2nia1,an2nia1
tshng-suann,倉山,25,chhng-soaⁿ,tshng1suann1,chhng1soann1
tshng-tshí,倉鼠,25,chhng-chhí,tshng1tshi2,chhng1chhi2
kò-tsu,個資,25,kò-chu,ko3tsu1,ko3chu1
tò-khau,倒剾,25,tò-khau,to3khau1,to3khau1
tò-kiu,倒勼,25,tò-kiu,to3kiu1,to3kiu1
tò-hiànn,倒向,25,tò-hiàⁿ,to3hiann3,to3hiann3
tò-tshiú,倒手,25,tò-chhiú,to3tshiu2,to3chhiu2
tò-pān,倒扮,25,tò-pān,to3pan7,to3pan7
tò-tsai,倒栽,25,tò-chai,to3tsai1,to3chai1
tò-se̍h,倒踅,25,tò-se̍h,to3seh8,to3seh8
tò-ta̍h,倒踏,25,tò-ta̍h,to3tah8,to3tah8
khut-kiông,倔強,25,khut-kiông,khut4kiong5,khut4kiong5
hâu-bîn,候眠,25,hâu-bîn,hau5bin5,hau5bin5
hâunn-bîn,候眠,25,hâuⁿ-bîn,haunn5bin5,haunn5bin5
uá-bong,倚摸,25,óa-bong,ua2bong1,oa2bong1
uá-tàu,倚晝,25,óa-tàu,ua2tau3,oa2tau3
uá-toh,倚桌,25,óa-toh,ua2toh4,oa2toh4
uá-beh,倚欲,25,óa-beh,ua2beh4,oa2beh4
uá-tiâu,倚牢,25,óa-tiâu,ua2tiau5,oa2tiau5
uá-kha̍p,倚磕,25,óa-kha̍p,ua2khap8,oa2khap8
uá-tuā,倚舵,25,óa-tōa,ua2tua7,oa2toa7
uá-tshin,倚親,25,óa-chhin,ua2tshin1,oa2chhin1
uá-hiám,倚險,25,óa-hiám,ua2hiam2,oa2hiam2
uá-im,倚音,25,óa-im,ua2im1,oa2im1
uá-kà,倚駕,25,óa-kà,ua2ka3,oa2ka3
tsioh-tshia,借車,25,chioh-chhia,tsioh4tshia1,chioh4chhia1
sông-sông,倯倯,25,sông-sông,song5song5,song5song5
ké-pai,假俳,25,ké-pai,ke2pai1,ke2pai1
ké-ióng,假勇,25,ké-ióng,ke2iong2,ke2iong2
ké-bat,假捌,25,ké-bat,ke2bat4,ke2bat4
ké-siàu,假數,25,ké-siàu,ke2siau3,ke2siau3
ké-siáu,假痟,25,ké-siáu,ke2siau2,ke2siau2
ká-suat,假說,25,ká-soat,ka2suat4,ka2soat4
ké-tsînn,假錢,25,ké-chîⁿ,ke2tsinn5,ke2chinn5
guā-nī,偌爾,25,gōa-nī,gua7ni7,goa7ni7
phian-hiong,偏鄉,25,phian-hiong,phian1hiong1,phian1hiong1
phinn-thâu,偏頭,25,phiⁿ-thâu,phinn1thau5,phinn1thau5
tsò-tshit,做七,25,chò-chhit,tso3tshit4,cho3chhit4
tsò-lâng,做人,25,chò-lâng,tso3lang5,cho3lang5
tsò-kù,做句,25,chò-kù,tso3ku3,cho3ku3
tsuè-buê,做囮,25,chòe-bôe,tsue3bue5,choe3boe5
tsò-buê,做囮,25,chò-bôe,tso3bue5,cho3boe5
tsò-huînn,做園,25,chò-hûiⁿ,tso3huinn5,cho3huinn5
tsò-thôo,做塗,25,chò-thô͘,tso3thoo5,cho3thoo5
tsò-suann,做山,25,chò-soaⁿ,tso3suann1,cho3soann1
tsò-siū,做岫,25,chò-siū,tso3siu7,cho3siu7
tsò-sîng,做成,25,chò-sêng,tso3sing5,cho3seng5
tsò-huānn,做旱,25,chò-hōaⁿ,tso3huann7,cho3hoann7
tsò-uānn,做旱,25,chò-ōaⁿ,tso3uann7,cho3oann7
tsò-gue̍h,做月,25,chò-goe̍h,tso3gueh8,cho3goeh8
tsò-ba̍k,做木,25,chò-ba̍k,tso3bak8,cho3bak8
tsò-tshân,做田,25,chò-chhân,tso3tshan5,cho3chhan5
tsò-sik,做色,25,chò-sek,tso3sik4,cho3sek4
thîng-khan,停刊,25,thêng-khan,thing5khan1,theng5khan1
thîng-pán,停版,25,thêng-pán,thing5pan2,theng5pan2
thîng-tiānn,停碇,25,thêng-tiāⁿ,thing5tiann7,theng5tiann7
kiān-tiu,健丟,25,kiān-tiu,kian7tiu1,kian7tiu1
thau-khiang,偷坑,25,thau-khiang,thau1khiang1,thau1khiang1
thau-luí,偷壘,25,thau-lúi,thau1lui2,thau1lui2
thau-bî,偷微,25,thau-bî,thau1bi5,thau1bi5
thau-thiann,偷聽,25,thau-thiaⁿ,thau1thiann1,thau1thiann1
thau-tshuā,偷𤆬,25,thau-chhōa,thau1tshua7,thau1chhoa7
suâinn-suâinn,傖傖,25,soâiⁿ-soâiⁿ,suainn5suainn5,soainn5soainn5
pī-khò,備課,25,pī-khò,pi7kho3,pi7kho3
tsông-tsînn,傱錢,25,chông-chîⁿ,tsong5tsinn5,chong5chinn5
ngōo-kiau,傲嬌,25,ngō͘-kiau,ngoo7kiau1,ngoo7kiau1
thuân-tō,傳導,25,thoân-tō,thuan5to7,thoan5to7
siunn-kài,傷介,25,siuⁿ-kài,siunn1kai3,siunn1kai3
siunn-uànn,傷晏,25,siuⁿ-òaⁿ,siunn1uann3,siunn1oann3
siong-pún,傷本,25,siong-pún,siong1pun2,siong1pun2
siunn-tse,傷濟,25,siuⁿ-che,siunn1tse1,siunn1che1
siunn-tsue,傷濟,25,siuⁿ-choe,siunn1tsue1,siunn1choe1
siunn-tinn,傷甜,25,siuⁿ-tiⁿ,siunn1tinn1,siunn1tinn1
siunn-hàm,傷譀,25,siuⁿ-hàm,siunn1ham3,siunn1ham3
siunn-hn̄g,傷遠,25,siuⁿ-hn̄g,siunn1hng7,siunn1hng7
siong-tiōng,傷重,25,siong-tiōng,siong1tiong7,siong1tiong7
hiau-hīng,僥倖,25,hiau-hēng,hiau1hing7,hiau1heng7
hiau-tshuē,僥揣,25,hiau-chhōe,hiau1tshue7,hiau1chhoe7
hiau-tshē,僥揣,25,hiau-chhē,hiau1tshe7,hiau1chhe7
hiau-khí,僥起,25,hiau-khí,hiau1khi2,hiau1khi2
oh-tsuè,僫做,25,oh-chòe,oh4tsue3,oh4choe3
oh-tsò,僫做,25,oh-chò,oh4tso3,oh4cho3
oh-tshiâu,僫撨,25,oh-chhiâu,oh4tshiau5,oh4chhiau5
oh-kóng,僫講,25,oh-kóng,oh4kong2,oh4kong2
oh-thàn,僫趁,25,oh-thàn,oh4than3,oh4than3
oh-tshia,僫車,25,oh-chhia,oh4tshia1,oh4chhia1
oh-pān,僫辦,25,oh-pān,oh4pan7,oh4pan7
tsiàm-uē,僭話,25,chiàm-ōe,tsiam3ue7,chiam3oe7
khiām-tshuì,儉喙,25,khiām-chhùi,khiam7tshui3,khiam7chhui3
khiām-tsuí,儉水,25,khiām-chúi,khiam7tsui2,khiam7chui2
khiām-gia̍h,儉額,25,khiām-gia̍h,khiam7giah8,khiam7giah8
gām-bīn,儑面,25,gām-bīn,gam7bin7,gam7bin7
jû-i,儒醫,25,jû-i,ju5i1,ju5i1
sâm-io,儳腰,25,sâm-io,sam5io1,sam5io1
sām-io,儳腰,25,sām-io,sam7io1,sam7io1
giám-ngē,儼硬,25,giám-ngē,giam2nge7,giam2nge7
giám-ngī,儼硬,25,giám-ngī,giam2ngi7,giam2ngi7
ún-tsún,允准,25,ún-chún,un2tsun2,un2chun2
ín-pue,允桮,25,ín-poe,in2pue1,in2poe1
guân-siau,元宵,25,goân-siau,guan5siau1,goan5siau1
guân-tsióng,元掌,25,goân-chióng,guan5tsiong2,goan5chiong2
guân-khik,元曲,25,goân-khek,guan5khik4,goan5khek4
hiann-tī,兄弟,25,hiaⁿ-tī,hiann1ti7,hiann1ti7
tshiong-kong,充公,25,chhiong-kong,tshiong1kong1,chhiong1kong1
tiāu-thâu,兆頭,25,tiāu-thâu,tiau7thau5,tiau7thau5
hiong-kông,兇狂,25,hiong-kông,hiong1kong5,hiong1kong5
sian-senn,先生,25,sian-seⁿ,sian1senn1,sian1senn1
sian-sinn,先生,25,sian-siⁿ,sian1sinn1,sian1sinn1
sin-senn,先生,25,sin-seⁿ,sin1senn1,sin1senn1
sian-puè,先輩,25,sian-pòe,sian1pue3,sian1poe3
sia̋n-pái,先輩,25,siăn-pái,sian1pai2,sian9pai2
kng-kng,光光,25,kng-kng,kng1kng1,kng1kng1
kong-ho̍k,光復,25,kong-ho̍k,kong1hok8,kong1hok8
kng-bîng,光明,25,kng-bêng,kng1bing5,kng1beng5
kng-kueh,光潔,25,kng-koeh,kng1kueh4,kng1koeh4
kong-ti̍k,光澤,25,kong-te̍k,kong1tik8,kong1tek8
kng-liâu,光療,25,kng-liâu,kng1liau5,kng1liau5
kng-ba̍k,光目,25,kng-ba̍k,kng1bak8,kng1bak8
kong-khoo,光箍,25,kong-kho͘,kong1khoo1,kong1khoo1
kng-kim,光金,25,kng-kim,kng1kim1,kng1kim1
kng-hiánn,光顯,25,kng-hiáⁿ,kng1hiann2,kng1hiann2
kng-khu̍t,光𣮈,25,kng-khu̍t,kng1khut8,kng1khut8
khik-tsè,克制,25,khek-chè,khik4tse3,khek4che3
bián-kiann,免驚,25,bián-kiaⁿ,bian2kiann1,bian2kiann1
jî-kho,兒科,25,jî-kho,ji5kho1,ji5kho1
lî-kho,兒科,25,lî-kho,li5kho1,li5kho1
tau-lâu,兜樓,25,tau-lâu,tau1lau5,tau1lau5
tau-bû,兜無,25,tau-bû,tau1bu5,tau1bu5
tau-thâng,兜蟲,25,tau-thâng,tau1thang5,tau1thang5
ji̍p-li̍k,入力,25,ji̍p-le̍k,jip8lik8,jip8lek8
gi̍p-bī,入味,25,gi̍p-bī,gip8bi7,gip8bi7
ji̍p-bī,入味,25,ji̍p-bī,jip8bi7,jip8bi7
li̍p-bī,入味,25,li̍p-bī,lip8bi7,lip8bi7
ji̍p-khenn,入坑,25,ji̍p-kheⁿ,jip8khenn1,jip8khenn1
ji̍p-tsí,入子,25,ji̍p-chí,jip8tsi2,jip8chi2
ji̍p-bîn,入眠,25,ji̍p-bîn,jip8bin5,jip8bin5
ji̍p-khang,入空,25,ji̍p-khang,jip8khang1,jip8khang1
ji̍p-tsînn,入錢,25,ji̍p-chîⁿ,jip8tsinn5,jip8chinn5
lāi-kan,內奸,25,lāi-kan,lai7kan1,lai7kan1
lāi-ke,內家,25,lāi-ke,lai7ke1,lai7ke1
lāi-iân,內緣,25,lāi-iân,lai7ian5,lai7ian5
luē-tsōng,內臟,25,lōe-chōng,lue7tsong7,loe7chong7
tsuân-uân,全員,25,choân-oân,tsuan5uan5,choan5oan5
tsuân-pan,全班,25,choân-pan,tsuan5pan1,choan5pan1
tsuân-liân,全聯,25,choân-liân,tsuan5lian5,choan5lian5
tsuân-huat,全髮,25,choân-hoat,tsuan5huat4,choan5hoat4
nn̄g-ê,兩個,25,nn̄g-ê,nng7e5,nng7e5
lióng-kong,兩光,25,lióng-kong,liong2kong1,liong2kong1
nn̄g-khoo,兩箍,25,nn̄g-kho͘,nng7khoo1,nng7khoo1
lióng-hân,兩韓,25,lióng-hân,liong2han5,liong2han5
nn̄g-tiám,兩點,25,nn̄g-tiám,nng7tiam2,nng7tiam2
pat-tin,八珍,25,pat-tin,pat4tin1,pat4tin1
pat-kiok,八腳,25,pat-kiok,pat4kiok4,pat4kiok4
kong-tāi,公代,25,kong-tāi,kong1tai7,kong1tai7
kong-tsè,公債,25,kong-chè,kong1tse3,kong1che3
kong-ín,公允,25,kong-ín,kong1in2,kong1in2
kong-ún,公允,25,kong-ún,kong1un2,kong1un2
kong-sing,公升,25,kong-seng,kong1sing1,kong1seng1
kong-ti̍k,公敵,25,kong-te̍k,kong1tik8,kong1tek8
kong-hioh,公歇,25,kong-hioh,kong1hioh4,kong1hioh4
kong-sī,公視,25,kong-sī,kong1si7,kong1si7
kong-tshin,公親,25,kong-chhin,kong1tshin1,kong1chhin1
kong-tshia,公車,25,kong-chhia,kong1tshia1,kong1chhia1
lio̍k-tui,六堆,25,lio̍k-tui,liok8tui1,liok8tui1
la̍k-tóo,六堵,25,la̍k-tó͘,lak8too2,lak8too2
la̍k-bué,六尾,25,la̍k-bóe,lak8bue2,lak8boe2
la̍k-bé,六尾,25,la̍k-bé,lak8be2,lak8be2
la̍k-nî,六年,25,la̍k-nî,lak8ni5,lak8ni5
lio̍k-tiâu,六朝,25,lio̍k-tiâu,liok8tiau5,liok8tiau5
lio̍k-gē,六藝,25,lio̍k-gē,liok8ge7,liok8ge7
la̍k-tiám,六點,25,la̍k-tiám,lak8tiam2,lak8tiam2
kāng-phuānn,共伴,25,kāng-phōaⁿ,kang7phuann7,kang7phoann7
kiōng-kong,共工,25,kiōng-kong,kiong7kong1,kiong7kong1
kā-guá,共我,25,kā-góa,ka7gua2,ka7goa2
kāng-tīn,共陣,25,kāng-tīn,kang7tin7,kang7tin7
ping-tuann,兵單,25,peng-toaⁿ,ping1tuann1,peng1toann1
ping-khòo,兵庫,25,peng-khò͘,ping1khoo3,peng1khoo3
tián-sè,典世,25,tián-sè,tian2se3,tian2se3
kiam-kià,兼寄,25,kiam-kià,kiam1kia3,kiam1kia3
phànn-tâm,冇談,25,phàⁿ-tâm,phann3tam5,phann3tam5
jiám-jiám,冉冉,25,jiám-jiám,jiam2jiam2,jiam2jiam2
jiám-kîu,冉求,25,jiám-kiû,jiam2kiu5,jiam2kiu5
tsài-pāi,再敗,25,chài-pāi,tsai3pai7,chai3pai7
mōo-hiám,冒險,25,mō͘-hiám,moo7hiam2,moo7hiam2
bián-liû,冕旒,25,bián-liû,bian2liu5,bian2liu5
līng-ân,冗絚,25,lēng-ân,ling7an5,leng7an5
tang-bō,冬帽,25,tang-bō,tang1bo7,tang1bo7
tang-hún,冬粉,25,tang-hún,tang1hun2,tang1hun2
ping-guân,冰原,25,peng-goân,ping1guan5,peng1goan5
ping-tē,冰地,25,peng-tē,ping1te7,peng1te7
ping-tó,冰島,25,peng-tó,ping1to2,peng1to2
ping-sua,冰沙,25,peng-soa,ping1sua1,peng1soa1
ping-siunn,冰箱,25,peng-siuⁿ,ping1siunn1,peng1siunn1
ping-thn̂g,冰糖,25,peng-thn̂g,ping1thng5,peng1thng5
ping-kak,冰角,25,peng-kak,ping1kak4,peng1kak4
líng-lāi,冷利,25,léng-lāi,ling2lai7,leng2lai7
líng-king,冷宮,25,léng-keng,ling2king1,leng2keng1
líng-sìng,冷性,25,léng-sèng,ling2sing3,leng2seng3
líng-pâng,冷房,25,léng-pâng,ling2pang5,leng2pang5
líng-tshing,冷清,25,léng-chheng,ling2tshing1,leng2chheng1
líng-kuán,冷管,25,léng-koán,ling2kuan2,leng2koan2
líng-mī,冷麵,25,léng-mī,ling2mi7,leng2mi7
tshìn-tiûnn,凊場,25,chhìn-tiûⁿ,tshin3tiunn5,chhin3tiunn5
tshìn-tshī,凊市,25,chhìn-chhī,tshin3tshi7,chhin3chhi7
ta-tiú,凋肘,25,ta-tiú,ta1tiu2,ta1tiu2
tiau-lîng,凋零,25,tiau-lêng,tiau1ling5,tiau1leng5
tòng-gōng,凍戇,25,tòng-gōng,tong3gong7,tong3gong7
tàng-ki,凍機,25,tàng-ki,tang3ki1,tang3ki1
tàng-tsuí,凍水,25,tàng-chúi,tang3tsui2,tang3chui2
tàng-kah,凍甲,25,tàng-kah,tang3kah4,tang3kah4
tàng-sng,凍霜,25,tàng-sng,tang3sng1,tang3sng1
gîng-hueh,凝血,25,gêng-hoeh,ging5hueh4,geng5hoeh4
gîng-huih,凝血,25,gêng-huih,ging5huih4,geng5huih4
kiàn-tīng,凝𠕇,25,kiàn-tēng,kian3ting7,kian3teng7
huān-sè,凡勢,25,hoān-sè,huan7se3,hoan7se3
huān-sì,凡勢,25,hoān-sì,huan7si3,hoan7si3
hông-hōng,凰鳳,25,hông-hōng,hong5hong7,hong5hong7
khái-tō,凱道,25,khái-tō,khai2to7,khai2to7
tshut-kiò,出叫,25,chhut-kiò,tshut4kio3,chhut4kio3
tshut-kíng,出境,25,chhut-kéng,tshut4king2,chhut4keng2
tshut-guā,出外,25,chhut-gōa,tshut4gua7,chhut4goa7
tshut-sûn,出巡,25,chhut-sûn,tshut4sun5,chhut4sun5
tshut-kiong,出恭,25,chhut-kiong,tshut4kiong1,chhut4kiong1
tshut-liāu,出料,25,chhut-liāu,tshut4liau7,chhut4liau7
tshut-ji̍t,出日,25,chhut-ji̍t,tshut4jit8,chhut4jit8
tshut-tû,出櫥,25,chhut-tû,tshut4tu5,chhut4tu5
tshut-tsuí,出水,25,chhut-chúi,tshut4tsui2,chhut4chui2
tshut-tsuânn,出泉,25,chhut-chôaⁿ,tshut4tsuann5,chhut4choann5
tshut-hái,出海,25,chhut-hái,tshut4hai2,chhut4hai2
tshut-siâu,出潲,25,chhut-siâu,tshut4siau5,chhut4siau5
tshut-tsu,出珠,25,chhut-chu,tshut4tsu1,chhut4chu1
tshut-tsìng,出眾,25,chhut-chèng,tshut4tsing3,chhut4cheng3
tshut-tshuê,出箠,25,chhut-chhôe,tshut4tshue5,chhut4chhoe5
tshut-tshê,出箠,25,chhut-chhê,tshut4tshe5,chhut4chhe5
tshut-m̂,出茅,25,chhut-m̂,tshut4m5,chhut4m5
tshut-khīng,出虹,25,chhut-khēng,tshut4khing7,chhut4kheng7
tshut-thâu,出頭,25,chhut-thâu,tshut4thau5,chhut4thau5
tshut-ióng,出養,25,chhut-ióng,tshut4iong2,chhut4iong2
hâm-sàng,函送,25,hâm-sàng,ham5sang3,ham5sang3
to-á,刀仔,25,to-á,to1a2,to1a2
to-tshuì,刀喙,25,to-chhùi,to1tshui3,to1chhui3
to-niá,刀嶺,25,to-niá,to1nia2,to1nia2
hun-kiánn,分囝,25,hun-kiáⁿ,hun1kiann2,hun1kiann2
hun-tsí,分子,25,hun-chí,hun1tsi2,hun1chi2
pun-tsí,分子,25,pun-chí,pun1tsi2,pun1chi2
hun-si,分屍,25,hun-si,hun1si1,hun1si1
pun-tiunn,分張,25,pun-tiuⁿ,pun1tiunn1,pun1tiunn1
hun-gia̍p,分業,25,hun-gia̍p,hun1giap8,hun1giap8
hun-kî,分歧,25,hun-kî,hun1ki5,hun1ki5
hun-bú,分母,25,hun-bú,hun1bu2,hun1bu2
tshiat-bu̍t,切勿,25,chhiat-bu̍t,tshiat4but8,chhiat4but8
tshiat-pak,切腹,25,chhiat-pak,tshiat4pak4,chhiat4pak4
tshiat-tshài,切菜,25,chhiat-chhài,tshiat4tshai3,chhiat4chhai3
lia̍t-uī,列位,25,lia̍t-ūi,liat8ui7,liat8ui7
lia̍t-tuann,列單,25,lia̍t-toaⁿ,liat8tuann1,liat8toann1
lia̍t-tó,列島,25,lia̍t-tó,liat8to2,liat8to2
phut-tsháu,刜草,25,phut-chháu,phut4tshau2,phut4chhau2
tshoo-tiong,初中,25,chho͘-tiong,tshoo1tiong1,chhoo1tiong1
tshoo-tsín,初診,25,chho͘-chín,tshoo1tsin2,chhoo1chin2
thâi-kè,刣價,25,thâi-kè,thai5ke3,thai5ke3
thâi-kuah,刣割,25,thâi-koah,thai5kuah4,thai5koah4
thâi-bûn,刣文,25,thâi-bûn,thai5bun5,thai5bun5
thâi-ti,刣豬,25,thâi-ti,thai5ti1,thai5ti1
pa̍t-ji̍t,別日,25,pa̍t-ji̍t,pat8jit8,pat8jit8
lī-póng,利綁,25,lī-póng,li7pong2,li7pong2
kàu-tann,到今,25,kàu-taⁿ,kau3tann1,kau3tann1
kàu-tī,到佇,25,kàu-tī,kau3ti7,kau3ti7
kàu-tè,到塊,25,kàu-tè,kau3te3,kau3te3
kàu-bué,到尾,25,kàu-bóe,kau3bue2,kau3boe2
kàu-bé,到尾,25,kàu-bé,kau3be2,kau3be2
kàu-tsām,到站,25,kàu-chām,kau3tsam7,kau3cham7
tio̍h-tio̍h,到著,25,tio̍h-tio̍h,tioh8tioh8,tioh8tioh8
kàu-tshut,到齣,25,kàu-chhut,kau3tshut4,kau3chhut4
tsè-khò,制誥,25,chè-khò,tse3kho3,che3kho3
tshì-kui,刺䲅,25,chhì-kui,tshi3kui1,chhi3kui1
tshì-pho,刺波,25,chhì-pho,tshi3pho1,chhi3pho1
tshì-kiû,刺球,25,chhì-kiû,tshi3kiu5,chhi3kiu5
tshiah-ia̍h,刺疫,25,chhiah-ia̍h,tshiah4iah8,chhiah4iah8
tshì-tshang,刺蔥,25,chhì-chhang,tshi3tshang1,chhi3chhang1
tshì-khiû,刺虯,25,chhì-khiû,tshi3khiu5,chhi3khiu5
tshì-uī,刺蝟,25,chhì-ūi,tshi3ui7,chhi3ui7
tshiah-be̍h,刺襪,25,chhiah-be̍h,tshiah4beh8,chhiah4beh8
tshiah-bue̍h,刺襪,25,chhiah-boe̍h,tshiah4bueh8,chhiah4boeh8
tshì-tsha̍k,刺鑿,25,chhì-chha̍k,tshi3tshak8,chhi3chhak8
tshiah-bīn,刺面,25,chhiah-bīn,tshiah4bin7,chhiah4bin7
tshì-tshí,刺鼠,25,chhì-chhí,tshi3tshi2,chhi3chhi2
tshì-tshú,刺鼠,25,chhì-chhú,tshi3tshu2,chhi3chhu2
thì-thâu,剃頭,25,thì-thâu,thi3thau5,thi3thau5
siah-phānn,削奅,25,siah-phāⁿ,siah4phann7,siah4phann7
siah-ô,削蚵,25,siah-ô,siah4o5,siah4o5
tsîng-á,前仔,25,chêng-á,tsing5a2,cheng5a2
tsîng-nî,前年,25,chêng-nî,tsing5ni5,cheng5ni5
tsîng-khok,前擴,25,chêng-khok,tsing5khok4,cheng5khok4
tsîng-mn̂g,前毛,25,chêng-mn̂g,tsing5mng5,cheng5mng5
tsiân-suànn,前線,25,chiân-sòaⁿ,tsian5suann3,chian5soann3
kong-kó,剛果,25,kong-kó,kong1ko2,kong1ko2
tsián-á,剪仔,25,chián-á,tsian2a2,chian2a2
tsián-kiáu,剪筊,25,chián-kiáu,tsian2kiau2,chian2kiau2
tsián-jiông,剪絨,25,chián-jiông,tsian2jiong5,chian2jiong5
tsián-tsua̍h,剪蚻,25,chián-choa̍h,tsian2tsuah8,chian2choah8
tsián-thâng,剪蟲,25,chián-thâng,tsian2thang5,chian2thang5
tsián-tshia,剪車,25,chián-chhia,tsian2tshia1,chian2chhia1
tsián-thâu,剪頭,25,chián-thâu,tsian2thau5,chian2thau5
hù-kià,副寄,25,hù-kià,hu3kia3,hu3kia3
hù-kua,副歌,25,hù-koa,hu3kua1,hu3koa1
hù-khīng,副虹,25,hù-khēng,hu3khing7,hu3kheng7
hù-sû,副詞,25,hù-sû,hu3su5,hu3su5
kuah-tsháu,割草,25,koah-chháu,kuah4tshau2,koah4chhau2
kuah-kim,割金,25,koah-kim,kuah4kim1,koah4kim1
kuah-hiunn,割香,25,koah-hiuⁿ,kuah4hiunn1,koah4hiunn1
kuah-pháng,割麭,25,koah-pháng,kuah4phang2,koah4phang2
tshòng-siánn,創啥,25,chhòng-siáⁿ,tshong3siann2,chhong3siann2
tshòng-kíng,創景,25,chhòng-kéng,tshong3king2,chhong3keng2
tshòng-tī,創治,25,chhòng-tī,tshong3ti7,chhong3ti7
tshòng-khang,創空,25,chhòng-khang,tshong3khang1,chhong3khang1
thuánn-tsháu,剷草,25,thóaⁿ-chháu,thuann2tshau2,thoann2chhau2
le̍h-hue,剺花,25,le̍h-hoe,leh8hue1,leh8hoe1
khau-á,剾仔,25,khau-á,khau1a2,khau1a2
khau-to,剾刀,25,khau-to,khau1to1,khau1to1
khau-sé,剾洗,25,khau-sé,khau1se2,khau1se2
khau-ta,剾焦,25,khau-ta,khau1ta1,khau1ta1
khau-phuê,剾皮,25,khau-phôe,khau1phue5,khau1phoe5
khau-phê,剾皮,25,khau-phê,khau1phe5,khau1phe5
lâu-pī,劉備,25,lâu-pī,lau5pi7,lau5pi7
kiàm-kiap,劍俠,25,kiàm-kiap,kiam3kiap4,kiam3kiap4
kiàm-tsit,劍脊,25,kiàm-chit,kiam3tsit4,kiam3chit4
kiàm-lîng,劍靈,25,kiàm-lêng,kiam3ling5,kiam3leng5
kiàm-liông,劍龍,25,kiàm-liông,kiam3liong5,kiam3liong5
kiàm-lîng,劍龍,25,kiàm-lêng,kiam3ling5,kiam3leng5
la̍t-tè,力帝,25,la̍t-tè,lat8te3,lat8te3
li̍k-tiāu,力調,25,le̍k-tiāu,lik8tiau7,lek8tiau7
kong-khò,功課,25,kong-khò,kong1kho3,kong1kho3
ke-ke,加加,25,ke-ke,ke1ke1,ke1ke1
ka-n̂g,加圇,25,ka-n̂g,ka1ng5,ka1ng5
ka-bi̍t,加密,25,ka-bi̍t,ka1bit8,ka1bit8
ka-tshî,加持,25,ka-chhî,ka1tshi5,ka1chhi5
ke-kuà,加掛,25,ke-kòa,ke1kua3,ke1koa3
ka-huat,加法,25,ka-hoat,ka1huat4,ka1hoat4
ka-thiam,加添,25,ka-thiam,ka1thiam1,ka1thiam1
ke-iōng,加用,25,ke-iōng,ke1iong7,ke1iong7
ka-tshiam,加簽,25,ka-chhiam,ka1tshiam1,ka1chhiam1
ka-lí,加里,25,ka-lí,ka1li2,ka1li2
ka-tsui,加鵻,25,ka-chui,ka1tsui1,ka1chui1
tsōo-pha̍k,助曝,25,chō͘-pha̍k,tsoo7phak8,choo7phak8
kiap-sòo,劫數,25,kiap-sò͘,kiap4soo3,kiap4soo3
ióng-kiap,勇俠,25,ióng-kiap,iong2kiap4,iong2kiap4
khiang-á,勍仔,25,khiang-á,khiang1a2,khiang1a2
tōng-bān,動漫,25,tōng-bān,tong7ban7,tong7ban7
tōng-tshia,動車,25,tōng-chhia,tong7tshia1,tong7chhia1
tōng-liōng,動量,25,tōng-liōng,tong7liong7,tong7liong7
lóo-la̍t,勞力,25,ló͘-la̍t,loo2lat8,loo2lat8
bōo-khuán,募款,25,bō͘-khoán,boo7khuan2,boo7khoan2
khǹg-sè,勸世,25,khǹg-sè,khng3se3,khng3se3
ûn-á,勻仔,25,ûn-á,un5a2,un5a2
kau-kiat,勾結,25,kau-kiat,kau1kiat4,kau1kiat4
pau-pau,包包,25,pau-pau,pau1pau1,pau1pau1
pau-tuà,包帶,25,pau-tòa,pau1tua3,pau1toa3
pau-liâu,包療,25,pau-liâu,pau1liau5,pau1liau5
bau-tûn,包脣,25,bau-tûn,bau1tun5,bau1tun5
pau-ióng,包養,25,pau-ióng,pau1iong2,pau1iong2
pau-lān,包𡳞,25,pau-lān,pau1lan7,pau1lan7
hiong-lôo,匈奴,25,hiong-lô͘,hiong1loo5,hiong1loo5
huà-kíng,化景,25,hòa-kéng,hua3king2,hoa3keng2
pak-lûn,北侖,25,pak-lûn,pak4lun5,pak4lun5
pak-siânn,北城,25,pak-siâⁿ,pak4siann5,pak4siann5
pak-sîng,北成,25,pak-sêng,pak4sing5,pak4seng5
khong-lia̍t,匡列,25,khong-lia̍t,khong1liat8,khong1liat8
huí-luī,匪類,25,húi-lūi,hui2lui7,hui2lui7
huē-tsíng,匯整,25,hōe-chéng,hue7tsing2,hoe7cheng2
huē-tsuí,匯水,25,hōe-chúi,hue7tsui2,hoe7chui2
huē-tsînn,匯錢,25,hōe-chîⁿ,hue7tsinn5,hoe7chinn5
khap-pue,匼桮,25,khap-poe,khap4pue1,khap4poe1
pián-gia̍h,匾額,25,pián-gia̍h,pian2giah8,pian2giah8
tsa̍p-tsn̂g,十全,25,cha̍p-chn̂g,tsap8tsng5,chap8chng5
tsa̍p-peh,十八,25,cha̍p-peh,tsap8peh4,chap8peh4
tsa̍p-pueh,十八,25,cha̍p-poeh,tsap8pueh4,chap8poeh4
tsa̍p-khoo,十箍,25,cha̍p-kho͘,tsap8khoo1,chap8khoo1
tshing-phiò,千票,25,chheng-phiò,tshing1phio3,chheng1phio3
tshian-ia̍p,千葉,25,chhian-ia̍p,tshian1iap8,chhian1iap8
tshing-bí,千鎂,25,chheng-bí,tshing1bi2,chheng1bi2
ngóo-an,午安,25,ngó͘-an,ngoo2an1,ngoo2an1
puànn-miā,半命,25,pòaⁿ-miā,puann3mia7,poann3mia7
puànn-phiânn,半坪,25,pòaⁿ-phiâⁿ,puann3phiann5,poann3phiann5
puàn-hā,半夏,25,poàn-hā,puan3ha7,poan3ha7
puànn-khàm,半崁,25,pòaⁿ-khàm,puann3kham3,poann3kham3
puànn-poo,半晡,25,pòaⁿ-po͘,puann3poo1,poann3poo1
puànn-io,半腰,25,pòaⁿ-io,puann3io1,poann3io1
puànn-bīn,半面,25,pòaⁿ-bīn,puann3bin7,poann3bin7
pi-lâm,卑南,25,pi-lâm,pi1lam5,pi1lam5
toh-khe,卓溪,25,toh-khe,toh4khe1,toh4khe1
toh-lân,卓蘭,25,toh-lân,toh4lan5,toh4lan5
hia̍p-tsok,協作,25,hia̍p-chok,hiap8tsok4,hiap8chok4
lâm-uann,南安,25,lâm-oaⁿ,lam5uann1,lam5oann1
lâm-tūn,南屯,25,lâm-tūn,lam5tun7,lam5tun7
lâm-khàm,南崁,25,lâm-khàm,lam5kham3,lam5kham3
lâm-huâinn,南橫,25,lâm-hoâiⁿ,lam5huainn5,lam5hoainn5
lâm-ôo,南湖,25,lâm-ô͘,lam5oo5,lam5oo5
lâm-sîm,南潯,25,lâm-sîm,lam5sim5,lam5sim5
lâm-îng,南瀛,25,lâm-êng,lam5ing5,lam5eng5
lâm-kan,南竿,25,lâm-kan,lam5kan1,lam5kan1
phok-khiat,博孑,25,phok-khiat,phok4khiat4,phok4khiat4
khah-suh,卡斯,25,khah-suh,khah4suh4,khah4suh4
khah-thong,卡通,25,khah-thong,khah4thong1,khah4thong1
khah-ta̍t,卡達,25,khah-ta̍t,khah4tat8,khah4tat8
kha̍h-kuan,卡關,25,kha̍h-koan,khah8kuan1,khah8koan1
ìn-kang,印工,25,ìn-kang,in3kang1,in3kang1
ìn-pán,印版,25,ìn-pán,in3pan2,in3pan2
nuī-jîn,卵仁,25,nūi-jîn,nui7jin5,nui7jin5
nn̄g-á,卵仔,25,nn̄g-á,nng7a2,nng7a2
nn̄g-thah,卵塔,25,nn̄g-thah,nng7thah4,nng7thah4
nn̄g-tsú,卵子,25,nn̄g-chú,nng7tsu2,nng7chu2
nn̄g-thng,卵湯,25,nn̄g-thng,nng7thng1,nng7thng1
nn̄g-sò,卵燥,25,nn̄g-sò,nng7so3,nng7so3
nn̄g-tsu,卵珠,25,nn̄g-chu,nng7tsu1,nng7chu1
nn̄g-si,卵絲,25,nn̄g-si,nng7si1,nng7si1
nn̄g-piánn,卵餅,25,nn̄g-piáⁿ,nng7piann2,nng7piann2
nuī-piánn,卵餅,25,nūi-piáⁿ,nui7piann2,nui7piann2
sià-king,卸肩,25,sià-keng,sia3king1,sia3keng1
khiok-sī,卻是,25,khiok-sī,khiok4si7,khiok4si7
kāu-kang,厚工,25,kāu-kang,kau7kang1,kau7kang1
kāu-khó,厚洘,25,kāu-khó,kau7kho2,kau7kho2
kāu-kin,厚筋,25,kāu-kin,kau7kin1,kau7kin1
kāu-ham,厚蚶,25,kāu-ham,kau7ham1,kau7ham1
kāu-uē,厚話,25,kāu-ōe,kau7ue7,kau7oe7
kāu-thi,厚麶,25,kāu-thi,kau7thi1,kau7thi1
tshù-hiā,厝瓦,25,chhù-hiā,tshu3hia7,chhu3hia7
tshù-tsînn,厝簷,25,chhù-chîⁿ,tshu3tsinn5,chhu3chinn5
tshù-tāi,厝貸,25,chhù-tāi,tshu3tai7,chhu3tai7
tshù-phuè,厝配,25,chhù-phòe,tshu3phue3,chhu3phoe3
guân-á,原仔,25,goân-á,guan5a2,goan5a2
uân-á,原仔,25,oân-á,uan5a2,oan5a2
guân-tsuân,原全,25,goân-choân,guan5tsuan5,goan5choan5
guân-tsí,原子,25,goân-chí,guan5tsi2,goan5chi2
guân-tsá,原早,25,goân-chá,guan5tsa2,goan5cha2
guân-sán,原產,25,goân-sán,guan5san2,goan5san2
guân-bé,原碼,25,goân-bé,guan5be2,goan5be2
guân-phoo,原鋪,25,goân-pho͘,guan5phoo1,goan5phoo1
ià-sè,厭世,25,ià-sè,ia3se3,ia3se3
iàm-lú,厭女,25,iàm-lú,iam3lu2,iam3lu2
ià-lán,厭懶,25,ià-lán,ia3lan2,ia3lan2
iàn-khì,厭氣,25,iàn-khì,ian3khi3,ian3khi3
khì-hōo,去予,25,khì-hō͘,khi3hoo7,khi3hoo7
khì-tò,去倒,25,khì-tò,khi3to3,khi3to3
khì-sí,去死,25,khì-sí,khi3si2,khi3si2
khì-sip,去濕,25,khì-sip,khi3sip4,khi3sip4
khì-khùn,去睏,25,khì-khùn,khi3khun3,khi3khun3
khì-huat,去髮,25,khì-hoat,khi3huat4,khi3hoat4
som-á,參仔,25,som-á,som1a2,som1a2
tsham-ka,參加,25,chham-ka,tsham1ka1,chham1ka1
tsham-kìnn,參見,25,chham-kìⁿ,tsham1kinn3,chham1kinn3
tshe-kái,叉改,25,chhe-kái,tshe1kai2,chhe1kai2
tsha-sio,叉燒,25,chha-sio,tsha1sio1,chha1sio1
iú-gî,友誼,25,iú-gî,iu2gi5,iu2gi5
huán-hiau,反僥,25,hoán-hiau,huan2hiau1,hoan2hiau1
huān-sè,反勢,25,hoān-sè,huan7se3,hoan7se3
huán-hiòng,反向,25,hoán-hiòng,huan2hiong3,hoan2hiong3
huán-tshuì,反喙,25,hoán-chhùi,huan2tshui3,hoan2chhui3
huán-thinn,反天,25,hoán-thiⁿ,huan2thinn1,hoan2thinn1
huán-tsha,反差,25,hoán-chha,huan2tsha1,hoan2chha1
huán-hîng,反形,25,hoán-hêng,huan2hing5,hoan2heng5
hân-khóo,反抗,25,hân-khó͘,han5khoo2,han5khoo2
píng-toh,反桌,25,péng-toh,ping2toh4,peng2toh4
huán-oo,反烏,25,hoán-o͘,huan2oo1,hoan2oo1
huán-tsíng,反種,25,hoán-chéng,huan2tsing2,hoan2cheng2
huán-puē,反背,25,hoán-pōe,huan2pue7,hoan2poe7
píng-pak,反腹,25,péng-pak,ping2pak4,peng2pak4
siū-lia̍h,受掠,25,siū-lia̍h,siu7liah8,siu7liah8
siū-khì,受氣,25,siū-khì,siu7khi3,siu7khi3
siū-sû,受詞,25,siū-sû,siu7su5,siu7su5
puān-kheh,叛客,25,poān-kheh,puan7kheh4,poan7kheh4
tsông-tâm,叢談,25,chông-tâm,tsong5tam5,chong5tam5
kháu-tsō,口座,25,kháu-chō,khau2tso7,khau2cho7
kháu-kám,口感,25,kháu-kám,khau2kam2,khau2kam2
khió-tàu,口罩,25,khió-tàu,khio2tau3,khio2tau3
kháu-tà,口罩,25,kháu-tà,khau2ta3,khau2ta3
kóo-khenn,古坑,25,kó͘-kheⁿ,koo2khenn1,koo2khenn1
kóo-ì,古意,25,kó͘-ì,koo2i3,koo2i3
kóo-tshân,古田,25,kó͘-chhân,koo2tshan5,koo2chhan5
kóo-tsiam,古箏,25,kó͘-chiam,koo2tsiam1,koo2chiam1
kóo-tsui,古錐,25,kó͘-chui,koo2tsui1,koo2chui1
kù-kiánn,句囝,25,kù-kiáⁿ,ku3kiann2,ku3kiann2
kù-hîng,句型,25,kù-hêng,ku3hing5,ku3heng5
līng-guā,另外,25,lēng-gōa,ling7gua7,leng7goa7
līng-tsuā,另逝,25,lēng-chōa,ling7tsua7,leng7choa7
lo-lián,叨撚,25,lo-lián,lo1lian2,lo1lian2
lo-lut,叨甪,25,lo-lut,lo1lut4,lo1lut4
kiò-jī,叫字,25,kiò-jī,kio3ji7,kio3ji7
kiò-lī,叫字,25,kiò-lī,kio3li7,kio3li7
siāu-lâm,召南,25,siāu-lâm,siau7lam5,siau7lam5
khó-í,可以,25,khó-í,kho2i2,kho2i2
khó-pí,可比,25,khó-pí,kho2pi2,kho2pi2
tâi-tiong,台中,25,tâi-tiong,tai5tiong1,tai5tiong1
tâi-tāi,台大,25,tâi-tāi,tai5tai7,tai5tai7
tâi-kan,台奸,25,tâi-kan,tai5kan1,tai5kan1
tâi-tsiu,台州,25,tâi-chiu,tai5tsiu1,tai5chiu1
tâi-bûn,台文,25,tâi-bûn,tai5bun5,tai5bun5
tâi-tang,台東,25,tâi-tang,tai5tang1,tai5tang1
tâi-phài,台派,25,tâi-phài,tai5phai3,tai5phai3
tâi-phiò,台票,25,tâi-phiò,tai5phio3,tai5phio3
tâi-lô,台羅,25,tâi-lô,tai5lo5,tai5lo5
tâi-uē,台話,25,tâi-ōe,tai5ue7,tai5oe7
tâi-gí,台語,25,tâi-gí,tai5gi2,tai5gi2
tâi-gír,台語,25,tâi-gír,tai5gir2,tai5gir2
tâi-gú,台語,25,tâi-gú,tai5gu2,tai5gu2
tâi-thih,台鐵,25,tâi-thih,tai5thih4,tai5thih4
sú-tiat,史哲,25,sú-tiat,su2tiat4,su2tiat4
sír-kì,史記,25,sír-kì,sir2ki3,sir2ki3
sú-kì,史記,25,sú-kì,su2ki3,su2ki3
kok-pih,各馝,25,kok-pih,kok4pih4,kok4pih4
ha̍h-jīm,合任,25,ha̍h-jīm,hah8jim7,hah8jim7
ha̍p-uá,合倚,25,ha̍p-óa,hap8ua2,hap8oa2
kah-kuà,合掛,25,kah-kòa,kah4kua3,kah4koa3
ha̍h-nuâ,合欄,25,ha̍h-nôa,hah8nua5,hah8noa5
ha̍h-ân,合絚,25,ha̍h-ân,hah8an5,hah8an5
ha̍h-iân,合緣,25,ha̍h-iân,hah8ian5,hah8ian5
ha̍p-kûn,合群,25,ha̍p-kûn,hap8kun5,hap8kun5
ha̍h-tâi,合臺,25,ha̍h-tâi,hah8tai5,hah8tai5
ha̍p-kim,合金,25,ha̍p-kim,hap8kim1,hap8kim1
ha̍p-tâng,合銅,25,ha̍p-tâng,hap8tang5,hap8tang5
ha̍p-tiám,合點,25,ha̍p-tiám,hap8tiam2,hap8tiam2
kiat-siâng,吉祥,25,kiat-siâng,kiat4siang5,kiat4siang5
kiat-iá,吉野,25,kiat-iá,kiat4ia2,kiat4ia2
tiàu-ting,吊燈,25,tiàu-teng,tiau3ting1,tiau3teng1
tiàu-kâu,吊猴,25,tiàu-kâu,tiau3kau5,tiau3kau5
tiàu-khòo,吊褲,25,tiàu-khò͘,tiau3khoo3,tiau3khoo3
tông-o̍h,同學,25,tông-o̍h,tong5oh8,tong5oh8
tâng-pâng,同房,25,tâng-pâng,tang5pang5,tang5pang5
tông-pâng,同房,25,tông-pâng,tong5pang5,tong5pang5
bîng-tshuì,名喙,25,bêng-chhùi,bing5tshui3,beng5chhui3
bîng-kan,名間,25,bêng-kan,bing5kan1,beng5kan1
hiō-gē,后羿,25,hiō-gē,hio7ge7,hio7ge7
thò͘-sái,吐屎,25,thò͘-sái,tho͘3sai2,thoo3sai2
thóo-ba̍k,吐目,25,thó͘-ba̍k,thoo2bak8,thoo2bak8
hiòng-thinn,向天,25,hiòng-thiⁿ,hiong3thinn1,hiong3thinn1
hiàng-sî,向時,25,hiàng-sî,hiang3si5,hiang3si5
ǹg-bāng,向望,25,ǹg-bāng,ng3bang7,ng3bang7
ànn-thâu,向頭,25,àⁿ-thâu,ann3thau5,ann3thau5
kâm-tûn,含脣,25,kâm-tûn,kam5tun5,kam5tun5
kâm-kiô,含茄,25,kâm-kiô,kam5kio5,kam5kio5
kâm-pian,含鞭,25,kâm-pian,kam5pian1,kam5pian1
ki-siân,吱蟬,25,ki-siân,ki1sian5,ki1sian5
ngôo-kong,吳剛,25,ngô͘-kong,ngoo5kong1,ngoo5kong1
ngôo-hing,吳興,25,ngô͘-heng,ngoo5hing1,ngoo5heng1
tshá-pan,吵班,25,chhá-pan,tsha2pan1,chha2pan1
tshá-im,吵音,25,chhá-im,tsha2im1,chha2im1
khip-puânn,吸盤,25,khip-pôaⁿ,khip4puann5,khip4poann5
tshue-ta,吹焦,25,chhoe-ta,tshue1ta1,chhoe1ta1
háu-ke,吼雞,25,háu-ke,hau2ke1,hau2ke1
háu-kue,吼雞,25,háu-koe,hau2kue1,hau2koe1
háu-bīn,吼面,25,háu-bīn,hau2bin7,hau2bin7
lū-sòng,呂宋,25,lū-sòng,lu7song3,lu7song3
kò-tsn̄g,告狀,25,kò-chn̄g,ko3tsng7,ko3chng7
thài-ē,呔會,25,thài-ē,thai3e7,thai3e7
tsiu-lâm,周南,25,chiu-lâm,tsiu1lam5,chiu1lam5
tsiu-lîng,周寧,25,chiu-lêng,tsiu1ling5,chiu1leng5
tsiu-jû,周瑜,25,chiu-jû,tsiu1ju5,chiu1ju5
o-ló,呵咾,25,o-ló,o1lo2,o1lo2
phuì-nuā,呸瀾,25,phùi-nōa,phui3nua7,phui3noa7
hoo-tshiánn,呼請,25,ho͘-chhiáⁿ,hoo1tshiann2,hoo1chhiann2
miā-tsheh,命冊,25,miā-chheh,mia7tsheh4,mia7chheh4
miā-sòo,命數,25,miā-sò͘,mia7soo3,mia7soo3
hô-gû,和牛,25,hô-gû,ho5gu5,ho5gu5
hô-hiân,和絃,25,hô-hiân,ho5hian5,ho5hian5
hô-ái,和藹,25,hô-ái,ho5ai2,ho5ai2
tsiù-mā,咒罵,25,chiù-mā,tsiu3ma7,chiu3ma7
tsiù-mē,咒罵,25,chiù-mē,tsiu3me7,chiu3me7
tsiù-tsuā,咒誓,25,chiù-chōa,tsiu3tsua7,chiu3choa7
tsiù-gí,咒語,25,chiù-gí,tsiu3gi2,chiu3gi2
leh-khùn,咧睏,25,leh-khùn,leh4khun3,leh4khun3
teh-khùn,咧睏,25,teh-khùn,teh4khun3,teh4khun3
kā-ha̍p,咬合,25,kā-ha̍p,ka7hap8,ka7hap8
kā-siū,咬岫,25,kā-siū,ka7siu7,ka7siu7
kā-tsi̍h,咬舌,25,kā-chi̍h,ka7tsih8,ka7chih8
lán-kok,咱國,25,lán-kok,lan2kok4,lan2kok4
hiu-huah,咻喝,25,hiu-hoah,hiu1huah4,hiu1hoah4
ai-hainn,哀哼,25,ai-haiⁿ,ai1hainn1,ai1hainn1
ai-uàn,哀怨,25,ai-oàn,ai1uan3,ai1oan3
phín-bîng,品明,25,phín-bêng,phin2bing5,phin2beng5
phín-keh,品格,25,phín-keh,phin2keh4,phin2keh4
phín-hīng,品行,25,phín-hēng,phin2hing7,phin2heng7
ua-á,哇仔,25,oa-á,ua1a2,oa1a2
há-tok,哈啄,25,há-tok,ha2tok4,ha2tok4
hah-ji̍t,哈日,25,hah-ji̍t,hah4jit8,hah4jit8
ha-ta̍t,哈達,25,ha-ta̍t,ha1tat8,ha1tat8
hah-hân,哈韓,25,hah-hân,hah4han5,hah4han5
li-lo,哩囉,25,li-lo,li1lo1,li1lo1
lô-tshia,哪吒,25,lô-chhia,lo5tshia1,lo5chhia1
ná-ū,哪有,25,ná-ū,na2u7,na2u7
khàu-iau,哭枵,25,khàu-iau,khau3iau1,khau3iau1
khàu-pē,哭爸,25,khàu-pē,khau3pe7,khau3pe7
khàu-luā,哭賴,25,khàu-lōa,khau3lua7,khau3loa7
pōo-hun,哺薰,25,pō͘-hun,poo7hun1,poo7hun1
hāinn-tiám,唉點,25,hāiⁿ-tiám,hainn7tiam2,hainn7tiam2
siânn-ài,唌愛,25,siâⁿ-ài,siann5ai3,siann5ai3
siânn-khùn,唌睏,25,siâⁿ-khùn,siann5khun3,siann5khun3
siânn-bê,唌迷,25,siâⁿ-bê,siann5be5,siann5be5
tn̂g-suann,唐山,25,tn̂g-soaⁿ,tng5suann1,tng5soann1
tông-tsong,唐裝,25,tông-chong,tong5tsong1,tong5chong1
tông-hong,唐風,25,tông-hong,tong5hong1,tong5hong1
onn-káu,唔口,25,oⁿ-káu,onn1kau2,onn1kau2
tshiùnn-ki,唱機,25,chhiùⁿ-ki,tshiunn3ki1,chhiunn3ki1
tshiàng-siann,唱聲,25,chhiàng-siaⁿ,tshiang3siann1,chhiang3siann1
tok-phīnn,啄鼻,25,tok-phīⁿ,tok4phinn7,tok4phinn7
muī-sian,問仙,25,mūi-sian,mui7sian1,mui7sian1
būn-tôo,問徒,25,būn-tô͘,bun7too5,bun7too5
mn̄g-hō,問號,25,mn̄g-hō,mng7ho7,mng7ho7
mn̄g-tiám,問點,25,mn̄g-tiám,mng7tiam2,mng7tiam2
tām-sám,啖糝,25,tām-sám,tam7sam2,tam7sam2
khé-tì,啟智,25,khé-tì,khe2ti3,khe2ti3
siánn-siâu,啥潲,25,siáⁿ-siâu,siann2siau5,siann2siau5
sánn-siâu,啥潲,25,sáⁿ-siâu,sann2siau5,sann2siau5
siánn-mih,啥物,25,siáⁿ-mih,siann2mih4,siann2mih4
siān-iân,善緣,25,siān-iân,sian7ian5,sian7ian5
lah-mah,喇嘛,25,lah-mah,lah4mah4,lah4mah4
âu-ūn,喉韻,25,âu-ūn,au5un7,au5un7
hiàm-tshia,喊車,25,hiàm-chhia,hiam3tshia1,hiam3chhia1
thi̍h-siông,喋常,25,thi̍h-siông,thih8siong5,thih8siong5
thi̍h-siông,喋詳,25,thi̍h-siông,thih8siong5,thih8siong5
ìnn-ònn,喑噁,25,ìⁿ-òⁿ,inn3onn3,inn3onn3
tshuì-kháu,喙口,25,chhùi-kháu,tshui3khau2,chhui3khau2
tshuì-hoo,喙呼,25,chhùi-ho͘,tshui3hoo1,chhui3hoo1
tshuì-ba̍t,喙密,25,chhùi-ba̍t,tshui3bat8,chhui3bat8
tshuì-ìng,喙應,25,chhùi-èng,tshui3ing3,chhui3eng3
tshuì-táu,喙斗,25,chhùi-táu,tshui3tau2,chhui3tau2
tshuì-lang,喙櫳,25,chhùi-lang,tshui3lang1,chhui3lang1
tshuì-suí,喙水,25,chhùi-súi,tshui3sui2,chhui3sui2
tshuì-ku̍t,喙滑,25,chhùi-ku̍t,tshui3kut8,chhui3kut8
tshuì-siâu,喙潲,25,chhùi-siâu,tshui3siau5,chhui3siau5
tshuì-nuā,喙瀾,25,chhùi-nōa,tshui3nua7,chhui3noa7
tshuì-jiáu,喙爪,25,chhùi-jiáu,tshui3jiau2,chhui3jiau2
tshuì-khîm,喙琴,25,chhùi-khîm,tshui3khim5,chhui3khim5
tshuì-ngē,喙硬,25,chhùi-ngē,tshui3nge7,chhui3nge7
tshuì-iok,喙約,25,chhùi-iok,tshui3iok4,chhui3iok4
tshuì-kín,喙緊,25,chhùi-kín,tshui3kin2,chhui3kin2
tshuì-tà,喙罩,25,chhùi-tà,tshui3ta3,chhui3ta3
tshuì-tûn,喙脣,25,chhùi-tûn,tshui3tun5,chhui3tun5
tshuì-hue,喙花,25,chhùi-hoe,tshui3hue1,chhui3hoe1
tshuì-kak,喙角,25,chhùi-kak,tshui3kak4,chhui3kak4
tshuì-kóng,喙講,25,chhùi-kóng,tshui3kong2,chhui3kong2
tshuì-lōo,喙路,25,chhùi-lō͘,tshui3loo7,chhui3loo7
tshuì-pinn,喙邊,25,chhùi-piⁿ,tshui3pinn1,chhui3pinn1
tshuì-tun,喙鈍,25,chhùi-tun,tshui3tun1,chhui3tun1
tshuì-ān,喙限,25,chhùi-ān,tshui3an7,chhui3an7
tshiù-tshiu,喙鬚,25,chhiù-chhiu,tshiu3tshiu1,chhiu3chhiu1
tshuì-tshiu,喙鬚,25,chhùi-chhiu,tshui3tshiu1,chhui3chhiu1
tshì-tshiu,喙鬚,25,chhì-chhiu,tshi3tshiu1,chhi3chhiu1
tshiù-khí,喙齒,25,chhiù-khí,tshiu3khi2,chhiu3khi2
tshuì-khí,喙齒,25,chhùi-khí,tshui3khi2,chhui3khi2
tshuì-tshio,喙𪁎,25,chhùi-chhio,tshui3tshio1,chhui3chhio1
huàn-sū,喚士,25,hoàn-sū,huan3su7,hoan3su7
hí-tsiú,喜酒,25,hí-chiú,hi2tsiu2,hi2chiu2
hí-tuê,喜題,25,hí-tôe,hi2tue5,hi2toe5
hí-tê,喜題,25,hí-tê,hi2te5,hi2te5
hat-tok,喝卓,25,hat-tok,hat4tok4,hat4tok4
huah-hiu,喝咻,25,hoah-hiu,huah4hiu1,hoah4hiu1
huah-hi,喝唏,25,hoah-hi,huah4hi1,hoah4hi1
huah-hut,喝拂,25,hoah-hut,huah4hut4,hoah4hut4
song-ká,喪假,25,song-ká,song1ka2,song1ka2
sòng-si,喪屍,25,sòng-si,song3si1,song3si1
sòng-tánn,喪膽,25,sòng-táⁿ,song3tann2,song3tann2
song-tsiong,喪鐘,25,song-chiong,song1tsiong1,song1chiong1
khiâu-lâng,喬人,25,khiâu-lâng,khiau5lang5,khiau5lang5
kiâu-bo̍k,喬木,25,kiâu-bo̍k,kiau5bok8,kiau5bok8
khiâu-khok,喬酷,25,khiâu-khok,khiau5khok4,khiau5khok4
tan-jī,單字,25,tan-jī,tan1ji7,tan1ji7
tuann-sûn,單巡,25,toaⁿ-sûn,tuann1sun5,toann1sun5
tuann-kǹg,單槓,25,toaⁿ-kǹg,tuann1kng3,toann1kng3
tuann-tsuí,單水,25,toaⁿ-chúi,tuann1tsui2,toann1chui2
tshi̍h-tshn̍gh,嗤噌,25,chhi̍h-chhn̍gh,tshih8tshngh8,chhih8chhngh8
tshi̍nnh-tshn̍gh,嗤噌,25,chhi̍ⁿh-chhn̍gh,tshinnh8tshngh8,chhinnh8chhngh8
ka-siān,嘉善,25,ka-siān,ka1sian7,ka1sian7
ka-lông,嘉農,25,ka-lông,ka1long5,ka1long5
hau-siâu,嘐潲,25,hau-siâu,hau1siau5,hau1siau5
áu-làu,嘔落,25,áu-làu,au2lau3,au2lau3
mā-ū,嘛有,25,mā-ū,ma7u7,ma7u7
sau-phî,嘲皮,25,sau-phî,sau1phi5,sau1phi5
sau-tshiò,嘲笑,25,sau-chhiò,sau1tshio3,sau1chhio3
sau-lián,嘲臉,25,sau-lián,sau1lian2,sau1lian2
tau-hóng,嘲諷,25,tau-hóng,tau1hong2,tau1hong2
tshn̍gh-phīnn,噌鼻,25,chhn̍gh-phīⁿ,tshngh8phinn7,chhngh8phinn7
pok-hun,噗薰,25,pok-hun,pok4hun1,pok4hun1
tshò-hīnn,噪耳,25,chhò-hīⁿ,tsho3hinn7,chho3hinn7
phùn-khing,噴傾,25,phùn-kheng,phun3khing1,phun3kheng1
phùn-siâu,噴潲,25,phùn-siâu,phun3siau5,phun3siau5
phùn-nuā,噴瀾,25,phùn-nōa,phun3nua7,phun3noa7
hm̍h-hm̍h,噷噷,25,hm̍h-hm̍h,hmh8hmh8,hmh8hmh8
heh-tsí,嚇止,25,heh-chí,heh4tsi2,heh4chi2
hánn-thâu,嚇頭,25,háⁿ-thâu,hann2thau5,hann2thau5
nâ-âu,嚨喉,25,nâ-âu,na5au5,na5au5
hiau-pai,囂俳,25,hiau-pai,hiau1pai1,hiau1pai1
sì-thīn,四伨,25,sì-thīn,si3thin7,si3thin7
sì-uî,四圍,25,sì-ûi,si3ui5,si3ui5
sì-siânn,四城,25,sì-siâⁿ,si3siann5,si3siann5
sù-thīn,四媵,25,sù-thīn,su3thin7,su3thin7
sù-sī,四序,25,sù-sī,su3si7,su3si7
sì-tsáinn,四指,25,sì-cháiⁿ,si3tsainn2,si3chainn2
sì-gue̍h,四月,25,sì-goe̍h,si3gueh8,si3goeh8
sì-kiat,四結,25,sì-kiat,si3kiat4,si3kiat4
kiánn-jî,囝兒,25,kiáⁿ-jî,kiann2ji5,kiann2ji5
kiánn-sài,囝婿,25,kiáⁿ-sài,kiann2sai3,kiann2sai3
huê-lâm,回南,25,hôe-lâm,hue5lam5,hoe5lam5
huê-bûn,回文,25,hôe-bûn,hue5bun5,hoe5bun5
huê-tóng,回檔,25,hôe-tóng,hue5tong2,hoe5tong2
huê-hué,回火,25,hôe-hóe,hue5hue2,hoe5hoe2
sìn-bō,囟帽,25,sìn-bō,sin3bo7,sin3bo7
gín-á,囡仔,25,gín-á,gin2a2,gin2a2
tún-tsuí,囤水,25,tún-chúi,tun2tsui2,tun2chui2
khǹg-huè,囥歲,25,khǹg-hòe,khng3hue3,khng3hoe3
kok-tiong,國中,25,kok-tiong,kok4tiong1,kok4tiong1
kok-sìng,國姓,25,kok-sèng,kok4sing3,kok4seng3
kok-hui,國徽,25,kok-hui,kok4hui1,kok4hui1
kok-thí,國恥,25,kok-thí,kok4thi2,kok4thi2
kok-un,國恩,25,kok-un,kok4un1,kok4un1
kok-hiàn,國憲,25,kok-hiàn,kok4hian3,kok4hian3
kok-tshik,國戚,25,kok-chhek,kok4tshik4,kok4chhek4
kok-hāu,國校,25,kok-hāu,kok4hau7,kok4hau7
kok-thài,國泰,25,kok-thài,kok4thai3,kok4thai3
kok-gí,國語,25,kok-gí,kok4gi2,kok4gi2
kok-tsha̍t,國賊,25,kok-chha̍t,kok4tshat8,kok4chhat8
kok-tsi̍k,國賊,25,kok-che̍k,kok4tsik8,kok4chek8
kok-hong,國風,25,kok-hong,kok4hong1,kok4hong1
uî-uî,圍圍,25,ûi-ûi,ui5ui5,ui5ui5
uî-tshiâng,圍場,25,ûi-chhiâng,ui5tshiang5,ui5chhiang5
uî-luí,圍壘,25,ûi-lúi,ui5lui2,ui5lui2
uî-lôo,圍爐,25,ûi-lô͘,ui5loo5,ui5loo5
uân-tiúnn,園長,25,oân-tiúⁿ,uan5tiunn2,oan5tiunn2
uân-phâng,圓篷,25,oân-phâng,uan5phang5,oan5phang5
uân-niá,圓領,25,oân-niá,uan5nia2,oan5nia2
înn-niá,圓領,25,îⁿ-niá,inn5nia2,inn5nia2
înn-pháng,圓麭,25,îⁿ-pháng,inn5phang2,inn5phang2
thuân-bué,團買,25,thoân-bóe,thuan5bue2,thoan5boe2
thuân-bé,團買,25,thoân-bé,thuan5be2,thoan5be2
thóo-keh,土keh,25,thó͘-keh,thoo2keh4,thoo2keh4
thóo-senn,土生,25,thó͘-seⁿ,thoo2senn1,thoo2senn1
thóo-sinn,土生,25,thó͘-siⁿ,thoo2sinn1,thoo2sinn1
thóo-siōng,土象,25,thó͘-siōng,thoo2siong7,thoo2siong7
tsāi-ngóo,在伍,25,chāi-ngó͘,tsai7ngoo2,chai7ngoo2
tsāi-tī,在佇,25,chāi-tī,tsai7ti7,chai7ti7
tsāi-tuē,在地,25,chāi-tōe,tsai7tue7,chai7toe7
tsāi-tē,在地,25,chāi-tē,tsai7te7,chai7te7
tsāi-tshú,在此,25,chāi-chhú,tsai7tshu2,chai7chhu2
tsāi-tsuí,在水,25,chāi-chúi,tsai7tsui2,chai7chui2
tsāi-tsún,在準,25,chāi-chún,tsai7tsun2,chai7chun2
tsāi-tsíng,在種,25,chāi-chéng,tsai7tsing2,chai7cheng2
tē-bī,地味,25,tē-bī,te7bi7,te7bi7
tē-khè,地契,25,tē-khè,te7khe3,te7khe3
tē-kann,地監,25,tē-kaⁿ,te7kann1,te7kann1
tē-kip,地級,25,tē-kip,te7kip4,te7kip4
tē-tsit,地質,25,tē-chit,te7tsit4,te7chit4
té-tō,地道,25,té-tō,te2to7,te2to7
tē-thih,地鐵,25,tē-thih,te7thih4,te7thih4
tuē-tsùn,地顫,25,tōe-chùn,tue7tsun3,toe7chun3
tē-tsùn,地顫,25,tē-chùn,te7tsun3,te7chun3
tsùn-kau,圳溝,25,chùn-kau,tsun3kau1,chun3kau1
tsûn-kàu,圳溝,25,chûn-kàu,tsun5kau3,chun5kau3
thūn-thôo,坉塗,25,thūn-thô͘,thun7thoo5,thun7thoo5
thūn-tīnn,坉滇,25,thūn-tīⁿ,thun7tinn7,thun7tinn7
khám-tsām,坎站,25,khám-chām,kham2tsam7,kham2cham7
tsē-sè,坐勢,25,chē-sè,tse7se3,che7se3
tsē-tiām,坐墊,25,chē-tiām,tse7tiam7,che7tiam7
tshē-tué,坐底,25,chhē-tóe,tshe7tue2,chhe7toe2
tshē-té,坐底,25,chhē-té,tshe7te2,chhe7te2
tsē-tshing,坐清,25,chē-chheng,tse7tshing1,che7chheng1
tsē-tsûn,坐船,25,chē-chûn,tse7tsun5,che7chun5
tshē-lo̍h,坐落,25,chhē-lo̍h,tshe7loh8,chhe7loh8
tsē-tshia,坐車,25,chē-chhia,tse7tshia1,che7chhia1
tsē-kiō,坐轎,25,chē-kiō,tse7kio7,che7kio7
khenn-á,坑仔,25,kheⁿ-á,khenn1a2,khenn1a2
khenn-khàm,坑崁,25,kheⁿ-khàm,khenn1kham3,khenn1kham3
khenn-tōng,坑洞,25,kheⁿ-tōng,khenn1tong7,khenn1tong7
khinn-tō,坑道,25,khiⁿ-tō,khinn1to7,khinn1to7
thán-tshiò,坦笑,25,thán-chhiò,than2tshio3,than2chhio3
pînn-nâ,坪林,25,pîⁿ-nâ,pinn5na5,pinn5na5
ing-ia,坱埃,25,eng-ia,ing1ia1,eng1ia1
lâ-sâm,垃儳,25,lâ-sâm,la5sam5,la5sam5
lah-sap,垃圾,25,lah-sap,lah4sap4,lah4sap4
bâi-bua̍t,埋沒,25,bâi-boa̍t,bai5buat8,bai5boat8
siânn-tia̍p,城堞,25,siâⁿ-tia̍p,siann5tiap8,siann5tiap8
siânn-siunn,城廂,25,siâⁿ-siuⁿ,siann5siunn1,siann5siunn1
siânn-khang,城空,25,siâⁿ-khang,siann5khang1,siann5khang1
lua̍h-té,埒底,25,loa̍h-té,luah8te2,loah8te2
poo-kînn,埔墘,25,po͘-kîⁿ,poo1kinn5,poo1kinn5
poo-ti̍t,埔直,25,po͘-ti̍t,poo1tit8,poo1tit8
poo-láu,埔蛯,25,po͘-láu,poo1lau2,poo1lau2
poo-iâm,埔鹽,25,po͘-iâm,poo1iam5,poo1iam5
pi-tn̂g,埤塘,25,pi-tn̂g,pi1tng5,pi1tng5
pē-kng,培根,25,pē-kng,pe7kng1,pe7kng1
ki-gâm,基岩,25,ki-gâm,ki1gam5,ki1gam5
ki-ki̍k,基極,25,ki-ke̍k,ki1kik8,ki1kek8
ki-suànn,基線,25,ki-sòaⁿ,ki1suann3,ki1soann3
kian-tàng,堅凍,25,kian-tàng,kian1tang3,kian1tang3
kian-kó,堅果,25,kian-kó,kian1ko2,kian1ko2
pó-pau,堡包,25,pó-pau,po2pau1,po2pau1
thê-hông,堤防,25,thê-hông,the5hong5,the5hong5
kham-kai,堪該,25,kham-kai,kham1kai1,kham1kai1
pò-lōo,報路,25,pò-lō͘,po3loo7,po3loo7
pò-thâu,報頭,25,pò-thâu,po3thau5,po3thau5
tiônn-bīn,場面,25,tiôⁿ-bīn,tionn5bin7,tionn5bin7
lap-té,塌底,25,lap-té,lap4te2,lap4te2
thap-kha̍p,塌磕,25,thap-kha̍p,thap4khap8,thap4khap8
thôo-khip,塗吸,25,thô͘-khip,thoo5khip4,thoo5khip4
thôo-bī,塗味,25,thô͘-bī,thoo5bi7,thoo5bi7
thôo-kak,塗埆,25,thô͘-kak,thoo5kak4,thoo5kak4
thôo-tui,塗堆,25,thô͘-tui,thoo5tui1,thoo5tui1
thôo-phe̍h,塗堛,25,thô͘-phe̍h,thoo5pheh8,thoo5pheh8
thôo-phue̍h,塗堛,25,thô͘-phoe̍h,thoo5phueh8,thoo5phoeh8
thôo-jióng,塗壤,25,thô͘-jióng,thoo5jiong2,thoo5jiong2
thôo-tsiu,塗州,25,thô͘-chiu,thoo5tsiu1,thoo5chiu1
thôo-sai,塗師,25,thô͘-sai,thoo5sai1,thoo5sai1
thôo-tshiâng,塗戕,25,thô͘-chhiâng,thoo5tshiang5,thoo5chhiang5
thôo-phang,塗捀,25,thô͘-phang,thoo5phang1,thoo5phang1
thôo-tsuí,塗水,25,thô͘-chúi,thoo5tsui2,thoo5chui2
thôo-sua,塗沙,25,thô͘-soa,thoo5sua1,thoo5soa1
thôo-thuànn,塗炭,25,thô͘-thòaⁿ,thoo5thuann3,thoo5thoann3
thôo-gû,塗牛,25,thô͘-gû,thoo5gu5,thoo5gu5
thôo-kâu,塗猴,25,thô͘-kâu,thoo5kau5,thoo5kau5
thôo-lâng,塗礱,25,thô͘-lâng,thoo5lang5,thoo5lang5
thôo-khut,塗窟,25,thô͘-khut,thoo5khut4,thoo5khut4
thôo-sún,塗筍,25,thô͘-sún,thoo5sun2,thoo5sun2
thôo-muê,塗糜,25,thô͘-môe,thoo5mue5,thoo5moe5
thôo-bah,塗肉,25,thô͘-bah,thoo5bah4,thoo5bah4
thôo-tsòng,塗葬,25,thô͘-chòng,thoo5tsong3,thoo5chong3
thôo-tîn,塗藤,25,thô͘-tîn,thoo5tin5,thoo5tin5
thôo-sat,塗虱,25,thô͘-sat,thoo5sat4,thoo5sat4
thôo-phang,塗蜂,25,thô͘-phang,thoo5phang1,thoo5phang1
thôo-tsit,塗質,25,thô͘-chit,thoo5tsit4,thoo5chit4
thôo-bīn,塗面,25,thô͘-bīn,thoo5bin7,thoo5bin7
thôo-thâu,塗頭,25,thô͘-thâu,thoo5thau5,thoo5thau5
thôo-kut,塗骨,25,thô͘-kut,thoo5kut4,thoo5kut4
thôo-thoh,塗魠,25,thô͘-thoh,thoo5thoh4,thoo5thoh4
thôo-thuh,塗魠,25,thô͘-thuh,thoo5thuh4,thoo5thuh4
thôo-liông,塗龍,25,thô͘-liông,thoo5liong5,thoo5liong5
tìn-uī,填位,25,tìn-ūi,tin3ui7,tin3ui7
tîn-pi,塵蜱,25,tîn-pi,tin5pi1,tin5pi1
tiām-tiānn,墊定,25,tiām-tiāⁿ,tiam7tiann7,tiam7tiann7
tiām-tsa̍t,墊實,25,tiām-cha̍t,tiam7tsat8,tiam7chat8
bōng-khòng,墓壙,25,bōng-khòng,bong7khong3,bong7khong3
tuī-tn̂g,墜腸,25,tūi-tn̂g,tui7tng5,tui7tng5
tuī-lo̍h,墜落,25,tūi-lo̍h,tui7loh8,tui7loh8
piah-tóo,壁堵,25,piah-tó͘,piah4too2,piah4too2
piah-gâm,壁癌,25,piah-gâm,piah4gam5,piah4gam5
piah-hóo,壁虎,25,piah-hó͘,piah4hoo2,piah4hoo2
piah-tsuâ,壁蛇,25,piah-chôa,piah4tsua5,piah4choa5
ah-pà,壓霸,25,ah-pà,ah4pa3,ah4pa3
luí-tsînn,壘錢,25,lúi-chîⁿ,lui2tsinn5,lui2chinn5
tsòng-uî,壯圍,25,chòng-ûi,tsong3ui5,chong3ui5
tsòng-ōng,壯旺,25,chòng-ōng,tsong3ong7,chong3ong7
tshuàng-káng,壯犅,25,chhoàng-káng,tshuang3kang2,chhoang3kang2
siū-khū,壽具,25,siū-khū,siu7khu7,siu7khu7
siu-si,壽司,25,siu-si,siu1si1,siu1si1
siū-lîng,壽寧,25,siū-lêng,siu7ling5,siu7leng5
siū-pang,壽枋,25,siū-pang,siu7pang1,siu7pang1
guā-lô,外勞,25,gōa-lô,gua7lo5,goa7lo5
guā-pè,外幣,25,gōa-pè,gua7pe3,goa7pe3
guā-khuán,外款,25,gōa-khoán,gua7khuan2,goa7khoan2
guā-tshiûnn,外牆,25,gōa-chhiûⁿ,gua7tshiunn5,goa7chhiunn5
guā-phiò,外票,25,gōa-phiò,gua7phio3,goa7phio3
guā-iân,外緣,25,gōa-iân,gua7ian5,goa7ian5
guā-lián,外輪,25,gōa-lián,gua7lian2,goa7lian2
guā-sàng,外送,25,gōa-sàng,gua7sang3,goa7sang3
to-hîng,多型,25,to-hêng,to1hing5,to1heng5
to-sū,多士,25,to-sū,to1su7,to1su7
to-ik,多益,25,to-ek,to1ik4,to1ek4
to-thâu,多頭,25,to-thâu,to1thau5,to1thau5
iā-tiàm,夜店,25,iā-tiàm,ia7tiam3,ia7tiam3
kàu-pún,夠本,25,kàu-pún,kau3pun2,kau3pun2
bāng-sióng,夢想,25,bāng-sióng,bang7siong2,bang7siong2
bōng-siat,夢泄,25,bōng-siat,bong7siat4,bong7siat4
tuā-tô,大tô,25,tōa-tô,tua7to5,toa7to5
tuā-thâi,大刣,25,tōa-thâi,tua7thai5,toa7thai5
tuā-tshù,大厝,25,tōa-chhù,tua7tshu3,toa7chhu3
tuā-tshue,大吹,25,tōa-chhoe,tua7tshue1,toa7chhoe1
tāi-hô,大和,25,tāi-hô,tai7ho5,tai7ho5
tāi-uân,大員,25,tāi-oân,tai7uan5,tai7oan5
tuā-tsùn,大圳,25,tōa-chùn,tua7tsun3,toa7chun3
tuā-tun,大墩,25,tōa-tun,tua7tun1,toa7tun1
tāi-tun,大墩,25,tāi-tun,tai7tun1,tai7tun1
tuā-siū,大壽,25,tōa-siū,tua7siu7,toa7siu7
tuā-tuā,大大,25,tōa-tōa,tua7tua7,toa7toa7
tuā-jī,大字,25,tōa-jī,tua7ji7,toa7ji7
tuā-bō,大帽,25,tōa-bō,tua7bo7,toa7bo7
tuā-nî,大年,25,tōa-nî,tua7ni5,toa7ni5
tuā-tsng,大庄,25,tōa-chng,tua7tsng1,toa7chng1
tuā-sn̂g,大床,25,tōa-sn̂g,tua7sng5,toa7sng5
tāi-hā,大廈,25,tāi-hā,tai7ha7,tai7ha7
tuā-ku̍t,大掘,25,tōa-ku̍t,tua7kut8,toa7kut8
tāi-iâng,大揚,25,tāi-iâng,tai7iang5,tai7iang5
tāi-hong,大方,25,tāi-hong,tai7hong1,tai7hong1
tāi-sí,大暑,25,tāi-sí,tai7si2,tai7si2
tāi-kun,大根,25,tāi-kun,tai7kun1,tai7kun1
tuā-tshiū,大樹,25,tōa-chhiū,tua7tshiu7,toa7chhiu7
tuā-lâu,大流,25,tōa-lâu,tua7lau5,toa7lau5
tuā-hái,大海,25,tōa-hái,tua7hai2,toa7hai2
tuā-káng,大港,25,tōa-káng,tua7kang2,toa7kang2
tuā-íng,大湧,25,tōa-éng,tua7ing2,toa7eng2
tuā-làm,大湳,25,tōa-làm,tua7lam3,toa7lam3
tuā-kau,大溝,25,tōa-kau,tua7kau1,toa7kau1
tuā-khe,大溪,25,tōa-khe,tua7khe1,toa7khe1
tuā-ò,大澳,25,tōa-ò,tua7o3,toa7o3
tuā-hué,大火,25,tōa-hóe,tua7hue2,toa7hoe2
tuā-hé,大火,25,tōa-hé,tua7he2,toa7he2
tuā-ting,大燈,25,tōa-teng,tua7ting1,toa7teng1
tāi-tshân,大田,25,tāi-chhân,tai7tshan5,tai7chhan5
tuā-pah,大百,25,tōa-pah,tua7pah4,toa7pah4
tuā-puânn,大盤,25,tōa-pôaⁿ,tua7puann5,toa7poann5
tuā-ti̍t,大直,25,tōa-ti̍t,tua7tit8,toa7tit8
tuā-siā,大社,25,tōa-siā,tua7sia7,toa7sia7
tāi-ú,大禹,25,tāi-ú,tai7u2,tai7u2
tuā-khut,大窟,25,tōa-khut,tua7khut4,toa7khut4
tuā-khoo,大箍,25,tōa-kho͘,tua7khoo1,toa7khoo1
tuā-siunn,大箱,25,tōa-siuⁿ,tua7siunn1,toa7siunn1
tuā-tōo,大肚,25,tōa-tō͘,tua7too7,toa7too7
tuā-náu,大腦,25,tōa-náu,tua7nau2,toa7nau2
tuā-thuí,大腿,25,tōa-thúi,tua7thui2,toa7thui2
tuā-tsi̍h,大舌,25,tōa-chi̍h,tua7tsih8,toa7chih8
tuā-tsī,大舌,25,tōa-chī,tua7tsi7,toa7chi7
tuā-huê,大茴,25,tōa-hôe,tua7hue5,toa7hoe5
tuā-tsháu,大草,25,tōa-chháu,tua7tshau2,toa7chhau2
tuā-lē,大蛚,25,tōa-lē,tua7le7,toa7le7
tuā-iânn,大贏,25,tōa-iâⁿ,tua7iann5,toa7iann5
tuā-kha,大跤,25,tōa-kha,tua7kha1,toa7kha1
tuā-lōo,大路,25,tōa-lō͘,tua7loo7,toa7loo7
tuā-khui,大開,25,tōa-khui,tua7khui1,toa7khui1
tāi-pi̍t,大闢,25,tāi-pi̍t,tai7pit8,tai7pit8
tāi-pán,大阪,25,tāi-pán,tai7pan2,tai7pan2
tuā-ài,大隘,25,tōa-ài,tua7ai3,toa7ai3
tāi-ngé,大雅,25,tāi-ngé,tai7nge2,tai7nge2
tuā-bông,大雺,25,tōa-bông,tua7bong5,toa7bong5
tuā-bīn,大面,25,tōa-bīn,tua7bin7,toa7bin7
tuā-kut,大骨,25,tōa-kut,tua7kut4,toa7kut4
tuā-phiāng,大龐,25,tōa-phiāng,tua7phiang7,toa7phiang7
thian-kiat,天kiat,25,thian-kiat,thian1kiat4,thian1kiat4
thian-tóng,天丼,25,thian-tóng,thian1tong2,thian1tong2
thian-sú,天使,25,thian-sú,thian1su2,thian1su2
thinn-kuinn,天光,25,thiⁿ-kuiⁿ,thinn1kuinn1,thinn1kuinn1
thinn-kong,天公,25,thiⁿ-kong,thinn1kong1,thinn1kong1
thian-tâi,天台,25,thian-tâi,thian1tai5,thian1tai5
thian-bōo,天幕,25,thian-bō͘,thian1boo7,thian1boo7
thinn-tshenn,天星,25,thiⁿ-chheⁿ,thinn1tshenn1,thinn1chhenn1
thinn-tshinn,天星,25,thiⁿ-chhiⁿ,thinn1tshinn1,thinn1chhinn1
thinn-tsênn,天晴,25,thiⁿ-chêⁿ,thinn1tsenn5,thinn1chenn5
thinn-tsînn,天晴,25,thiⁿ-chîⁿ,thinn1tsinn5,thinn1chinn5
thian-káng,天港,25,thian-káng,thian1kang2,thian1kang2
thinn-káng,天港,25,thiⁿ-káng,thinn1kang2,thinn1kang2
thian-ting,天燈,25,thian-teng,thian1ting1,thian1teng1
thinn-ting,天燈,25,thiⁿ-teng,thinn1ting1,thinn1teng1
thinn-pē,天爸,25,thiⁿ-pē,thinn1pe7,thinn1pe7
thian-kong,天罡,25,thian-kong,thian1kong1,thian1kong1
thian-lîng,天能,25,thian-lêng,thian1ling5,thian1leng5
thian-tshia,天車,25,thian-chhia,thian1tshia1,thian1chhia1
thài-thài,太太,25,thài-thài,thai3thai3,thai3thai3
thài-hō,太昊,25,thài-hō,thai3ho7,thai3ho7
thài-iâng,太陽,25,thài-iâng,thai3iang5,thai3iang5
iáu-siū,夭壽,25,iáu-siū,iau2siu7,iau2siu7
giâ-kê,夯枷,25,giâ-kê,gia5ke5,gia5ke5
giâ-tāng,夯重,25,giâ-tāng,gia5tang7,gia5tang7
sit-bîn,失 眠,25,sit-bîn,sit4bin5,sit4bin5
sit-tsú,失主,25,sit-chú,sit4tsu2,sit4chu2
sit-ji̍t,失日,25,sit-ji̍t,sit4jit8,sit4jit8
sit-tì,失智,25,sit-tì,sit4ti3,sit4ti3
sit-gue̍h,失月,25,sit-goe̍h,sit4gueh8,sit4goeh8
sit-keh,失格,25,sit-keh,sit4keh4,sit4keh4
sit-tsuí,失水,25,sit-chúi,sit4tsui2,sit4chui2
ngeh-tshài,夾菜,25,ngeh-chhài,ngeh4tshai3,ngeh4chhai3
nge̍h-tshài,夾菜,25,nge̍h-chhài,ngeh8tshai3,ngeh8chhai3
kiap-tiánn,夾鼎,25,kiap-tiáⁿ,kiap4tiann2,kiap4tiann2
kî-hîng,奇形,25,kî-hêng,ki5hing5,ki5heng5
kî-lâi,奇萊,25,kî-lâi,ki5lai5,ki5lai5
kî-kha,奇跤,25,kî-kha,ki5kha1,ki5kha1
nāi-bí,奈米,25,nāi-bí,nai7bi2,nai7bi2
hōng-huà,奉化,25,hōng-hòa,hong7hua3,hong7hoa3
hōng-sāi,奉祀,25,hōng-sāi,hong7sai7,hong7sai7
hōng-tshiánn,奉請,25,hōng-chhiáⁿ,hong7tshiann2,hong7chhiann2
khè-tsok,契作,25,khè-chok,khe3tsok4,khe3chok4
khuè-hiann,契兄,25,khòe-hiaⁿ,khue3hiann1,khoe3hiann1
khè-hiann,契兄,25,khè-hiaⁿ,khe3hiann1,khe3hiann1
kheh-bú,契母,25,kheh-bú,kheh4bu2,kheh4bu2
ī-tsiá,奕者,25,ī-chiá,i7tsia2,i7chia2
ī-sńg,奕耍,25,ī-sńg,i7sng2,i7sng2
thò-tiâu,套牢,25,thò-tiâu,tho3tiau5,tho3tiau5
thò-tshan,套餐,25,thò-chhan,tho3tshan1,tho3chhan1
tshia-hua,奢華,25,chhia-hoa,tshia1hua1,chhia1hoa1
tshia-iānn,奢颺,25,chhia-iāⁿ,tshia1iann7,chhia1iann7
lú-sú,女使,25,lú-sú,lu2su2,lu2su2
lí-ua,女媧,25,lí-oa,li2ua1,li2oa1
lú-ua,女媧,25,lú-oa,lu2ua1,lu2oa1
lú-o̍h,女學,25,lú-o̍h,lu2oh8,lu2oh8
lú-bû,女巫,25,lú-bû,lu2bu5,lu2bu5
ne-ne,奶奶,25,ne-ne,ne1ne1,ne1ne1
ling-sûn,奶巡,25,leng-sûn,ling1sun5,leng1sun5
ling-sik,奶昔,25,leng-sek,ling1sik4,leng1sek4
ling-tsuânn,奶泉,25,leng-chôaⁿ,ling1tsuann5,leng1choann5
lin-pân,奶瓶,25,lin-pân,lin1pan5,lin1pan5
ling-sòo,奶素,25,leng-sò͘,ling1soo3,leng1soo3
ling-khí,奶齒,25,leng-khí,ling1khi2,leng1khi2
ni-khí,奶齒,25,ni-khí,ni1khi2,ni1khi2
hó-sè,好勢,25,hó-sè,ho2se3,ho2se3
hó-miā,好命,25,hó-miā,ho2mia7,ho2mia7
hó-lim,好啉,25,hó-lim,ho2lim1,ho2lim1
hònn-kiông,好強,25,hòⁿ-kiông,honn3kiong5,honn3kiong5
hó-kiông,好強,25,hó-kiông,ho2kiong5,ho2kiong5
hó-liāu,好料,25,hó-liāu,ho2liau7,ho2liau7
hó-bîn,好眠,25,hó-bîn,ho2bin5,ho2bin5
hó-khang,好空,25,hó-khang,ho2khang1,ho2khang1
hó-ūn,好運,25,hó-ūn,ho2un7,ho2un7
tsng-thānn,妝娗,25,chng-thāⁿ,tsng1thann7,chng1thann7
bē-á,妹仔,25,bē-á,be7a2,be7a2
muē-á,妹仔,25,mōe-á,mue7a2,moe7a2
tsí-hu,姊夫,25,chí-hu,tsi2hu1,chi2hu1
koo-sûn,姑巡,25,ko͘-sûn,koo1sun5,koo1sun5
koo-tsiânn,姑情,25,ko͘-chiâⁿ,koo1tsiann5,koo1chiann5
sènn-sannh,姓啥,25,sèⁿ-saⁿh,senn3sannh4,senn3sannh4
kàn-kóo,姦古,25,kàn-kó͘,kan3koo2,kan3koo2
kàn-kiāu,姦撟,25,kàn-kiāu,kan3kiau7,kan3kiau7
î-á,姨仔,25,î-á,i5a2,i5a2
ti̍t-á,姪仔,25,ti̍t-á,tit8a2,tit8a2
niû-kán,娘𡢃,25,niû-kán,niu5kan2,niu5kan2
tshuā-bóo,娶某,25,chhōa-bó͘,tshua7boo2,chhoa7boo2
uán-khuàn,婉勸,25,oán-khoàn,uan2khuan3,oan2khoan3
piáu-á,婊仔,25,piáu-á,piau2a2,piau2a2
hun-ká,婚假,25,hun-ká,hun1ka2,hun1ka2
hun-tsí,婚指,25,hun-chí,hun1tsi2,hun1chi2
hū-kho,婦科,25,hū-kho,hu7kho1,hu7kho1
bū-siânn,婺城,25,bū-siâⁿ,bu7siann5,bu7siann5
suí-khuì,媠氣,25,súi-khùi,sui2khui3,sui2khui3
suí-bīn,媠面,25,súi-bīn,sui2bin7,sui2bin7
suí-thé,媠體,25,súi-thé,sui2the2,sui2the2
má-king,媽宮,25,má-keng,ma2king1,ma2keng1
kè-ang,嫁翁,25,kè-ang,ke3ang1,ke3ang1
kiau-tshuán,嬌喘,25,kiau-chhoán,kiau1tshuan2,kiau1chhoan2
kiau-bân,嬌蠻,25,kiau-bân,kiau1ban5,kiau1ban5
kiau-thâu,嬌頭,25,kiau-thâu,kiau1thau5,kiau1thau5
ne-óng,嬭枉,25,ne-óng,ne1ong2,ne1ong2
tsí-á,子仔,25,chí-á,tsi2a2,chi2a2
tsú-hā,子夏,25,chú-hā,tsu2ha7,chu2ha7
tsír-iû,子游,25,chír-iû,tsir2iu5,chir2iu5
tsú-iû,子游,25,chú-iû,tsu2iu5,chu2iu5
tsú-kòng,子貢,25,chú-kòng,tsu2kong3,chu2kong3
tsú-lōo,子路,25,chú-lō͘,tsu2loo7,chu2loo7
khóng-kàu,孔教,25,khóng-kàu,khong2kau3,khong2kau3
khóng-hong,孔方,25,khóng-hong,khong2hong1,khong2hong1
jī-tián,字典,25,jī-tián,ji7tian2,ji7tian2
jī-khah,字卡,25,jī-khah,ji7khah4,ji7khah4
jī-puânn,字盤,25,jī-pôaⁿ,ji7puann5,ji7poann5
jī-tsuá,字紙,25,jī-chóa,ji7tsua2,ji7choa2
jī-kut,字骨,25,jī-kut,ji7kut4,ji7kut4
hàu-tai,孝呆,25,hàu-tai,hau3tai1,hau3tai1
hàu-koo,孝孤,25,hàu-ko͘,hau3koo1,hau3koo1
pau-tsí,孢子,25,pau-chí,pau1tsi2,pau1chi2
koo-tsiàm,孤佔,25,ko͘-chiàm,koo1tsiam3,koo1chiam3
koo-láu,孤佬,25,ko͘-láu,koo1lau2,koo1lau2
koo-bī,孤味,25,ko͘-bī,koo1bi7,koo1bi7
koo-jī,孤字,25,ko͘-jī,koo1ji7,koo1ji7
koo-ji̍t,孤日,25,ko͘-ji̍t,koo1jit8,koo1jit8
koo-tsàn,孤棧,25,ko͘-chàn,koo1tsan3,koo1chan3
koo-chiáu,孤鳥,25,ko͘-chiáu,koo1chiau2,koo1chiau2
koo-tsiáu,孤鳥,25,ko͘-chiáu,koo1tsiau2,koo1chiau2
pū-pho,孵泡,25,pū-pho,pu7pho1,pu7pho1
ha̍k-muē,學妹,25,ha̍k-mōe,hak8mue7,hak8moe7
ha̍k-tsí,學姐,25,ha̍k-chí,hak8tsi2,hak8chi2
ha̍k-tī,學弟,25,ha̍k-tī,hak8ti7,hak8ti7
ha̍k-tshik,學測,25,ha̍k-chhek,hak8tshik4,hak8chhek4
ha̍k-tâi,學臺,25,ha̍k-tâi,hak8tai5,hak8tai5
ha̍k-ūn,學運,25,ha̍k-ūn,hak8un7,hak8un7
ha̍k-pà,學霸,25,ha̍k-pà,hak8pa3,hak8pa3
gia̍t-bu̍t,孽物,25,gia̍t-bu̍t,giat8but8,giat8but8
gia̍t-iân,孽緣,25,gia̍t-iân,giat8ian5,giat8ian5
the̍h-the̍h,宅宅,25,the̍h-the̍h,theh8theh8,theh8theh8
an-tok,安卓,25,an-tok,an1tok4,an1tok4
an-thò,安套,25,an-thò,an1tho3,an1tho3
an-hui,安徽,25,an-hui,an1hui1,an1hui1
an-tah,安搭,25,an-tah,an1tah4,an1tah4
an-khe,安溪,25,an-khe,an1khe1,an1khe1
an-khue,安溪,25,an-khoe,an1khue1,an1khoe1
an-iânn,安營,25,an-iâⁿ,an1iann5,an1iann5
an-khok,安酷,25,an-khok,an1khok4,an1khok4
sòng-sû,宋詞,25,sòng-sû,song3su5,song3su5
uân-hong,完封,25,oân-hong,uan5hong1,oan5hong1
uân-niû,完糧,25,oân-niû,uan5niu5,oan5niu5
tsong-thiāu,宗祧,25,chong-thiāu,tsong1thiau7,chong1thiau7
kuann-bāng,官網,25,koaⁿ-bāng,kuann1bang7,koann1bang7
tiānn-tiānn,定定,25,tiāⁿ-tiāⁿ,tiann7tiann7,tiann7tiann7
tiāⁿ-sò͘,定數,25,tiāⁿ-sò͘,tiaⁿ7so͘3,tiann7soo3
tīng-gia̍p,定業,25,tēng-gia̍p,ting7giap8,teng7giap8
tīng-ia̍t,定閱,25,tēng-ia̍t,ting7iat8,teng7iat8
tīng-ua̍t,定閱,25,tēng-oa̍t,ting7uat8,teng7oat8
uán-jiân,宛然,25,oán-jiân,uan2jian5,oan2jian5
kheh-ho̍k,客服,25,kheh-ho̍k,kheh4hok8,kheh4hok8
kheh-tsàn,客棧,25,kheh-chàn,kheh4tsan3,kheh4chan3
kheh-uē,客話,25,kheh-ōe,kheh4ue7,kheh4oe7
kheh-gí,客語,25,kheh-gí,kheh4gi2,kheh4gi2
kheh-ūn,客運,25,kheh-ūn,kheh4un7,kheh4un7
kheh-bīn,客面,25,kheh-bīn,kheh4bin7,kheh4bin7
tsáinn-ngóo,宰我,25,cháiⁿ-ngó͘,tsainn2ngoo2,chainn2ngoo2
hāi-mi̍h,害物,25,hāi-mi̍h,hai7mih8,hai7mih8
hāi-huè,害貨,25,hāi-hòe,hai7hue3,hai7hoe3
hāi-hè,害貨,25,hāi-hè,hai7he3,hai7he3
ka-siok,家宿,25,ka-siok,ka1siok4,ka1siok4
ka-kī,家己,25,ka-kī,ka1ki7,ka1ki7
ka-ti,家己,25,ka-ti,ka1ti1,ka1ti1
ka-tī,家己,25,ka-tī,ka1ti7,ka1ti7
ke-āu,家後,25,ke-āu,ke1au7,ke1au7
ka-pō,家暴,25,ka-pō,ka1po7,ka1po7
ka-tī,家治,25,ka-tī,ka1ti7,ka1ti7
iông-khì,容器,25,iông-khì,iong5khi3,iong5khi3
siok-bū,宿霧,25,siok-bū,siok4bu7,siok4bu7
sok-bū,宿霧,25,sok-bū,sok4bu7,sok4bu7
siok-tuê,宿題,25,siok-tôe,siok4tue5,siok4toe5
siok-tê,宿題,25,siok-tê,siok4te5,siok4te5
siok-bo̍k,寂寞,25,siok-bo̍k,siok4bok8,siok4bok8
kià-hù,寄付,25,kià-hù,kia3hu3,kia3hu3
kià-tuà,寄蹛,25,kià-tòa,kia3tua3,kia3toa3
kià-gîn,寄銀,25,kià-gîn,kia3gin5,kia3gin5
kià-gûn,寄銀,25,kià-gûn,kia3gun5,kia3gun5
kià-tsînn,寄錢,25,kià-chîⁿ,kia3tsinn5,kia3chinn5
ba̍t-tshuì,密喙,25,ba̍t-chhùi,bat8tshui3,bat8chhui3
bi̍t-pô,密婆,25,bi̍t-pô,bit8po5,bit8po5
bi̍t-tsiap,密接,25,bi̍t-chiap,bit8tsiap4,bit8chiap4
bi̍t-hō,密號,25,bi̍t-hō,bit8ho7,bit8ho7
hù-iông,富陽,25,hù-iông,hu3iong5,hu3iong5
kuânn-bō,寒帽,25,kôaⁿ-bō,kuann5bo7,koann5bo7
si̍t-tsoh,實作,25,si̍t-choh,sit8tsoh4,sit8choh4
tsa̍t-âu,實喉,25,cha̍t-âu,tsat8au5,chat8au5
si̍t-jī,實字,25,si̍t-jī,sit8ji7,sit8ji7
tsa̍t-ba̍k,實目,25,cha̍t-ba̍k,tsat8bak8,chat8bak8
tsa̍t-thâu,實頭,25,cha̍t-thâu,tsat8thau5,chat8thau5
lîng-huà,寧化,25,lêng-hòa,ling5hua3,leng5hoa3
lîng-tek,寧德,25,lêng-tek,ling5tek4,leng5tek4
lîng-pho,寧波,25,lêng-pho,ling5pho1,leng5pho1
lîng-hái,寧海,25,lêng-hái,ling5hai2,leng5hai2
siá-phiò,寫票,25,siá-phiò,sia2phio3,sia2phio3
siá-khóo,寫許,25,siá-khó͘,sia2khoo2,sia2khoo2
khuann-tsáu,寬走,25,khoaⁿ-cháu,khuann1tsau2,khoann1chau2
pó-táu,寶斗,25,pó-táu,po2tau2,po2tau2
pó-lê,寶螺,25,pó-lê,po2le5,po2le5
pó-tshuan,寶釧,25,pó-chhoan,po2tshuan1,po2chhoan1
hong-tshuì,封喙,25,hong-chhùi,hong1tshui3,hong1chhui3
hong-siânn,封城,25,hong-siâⁿ,hong1siann5,hong1siann5
hong-tâng,封筒,25,hong-tâng,hong1tang5,hong1tang5
hong-tsng,封裝,25,hong-chng,hong1tsng1,hong1chng1
siā-tsing,射精,25,siā-cheng,sia7tsing1,sia7cheng1
tsiong-lâi,將來,25,chiong-lâi,tsiong1lai5,chiong1lai5
tsiòng-tsâi,將才,25,chiòng-châi,tsiong3tsai5,chiong3chai5
tsiàng-sî,將時,25,chiàng-sî,tsiang3si5,chiang3si5
tsiong-lo̍k,將樂,25,chiong-lo̍k,tsiong1lok8,chiong1lok8
tsiang-tsīn,將盡,25,chiang-chīn,tsiang1tsin7,chiang1chin7
tsiong-tsīn,將盡,25,chiong-chīn,tsiong1tsin7,chiong1chin7
tsiang-kūn,將近,25,chiang-kūn,tsiang1kun7,chiang1kun7
tsun-pi,尊卑,25,chun-pi,tsun1pi1,chun1pi1
tuì-tâng,對同,25,tùi-tâng,tui3tang5,tui3tang5
uì-hiòng,對向,25,ùi-hiòng,ui3hiong3,ui3hiong3
tuì-huè,對歲,25,tùi-hòe,tui3hue3,tui3hoe3
tuì-tsîn,對繩,25,tùi-chîn,tui3tsin5,tui3chin5
tuì-tio̍h,對著,25,tùi-tio̍h,tui3tioh8,tui3tioh8
tuì-ke̍h,對逆,25,tùi-ke̍h,tui3keh8,tui3keh8
tuì-bīn,對面,25,tùi-bīn,tui3bin7,tui3bin7
sió-pau,小包,25,sió-pau,sio2pau1,sio2pau1
sió-tshue,小吹,25,sió-chhoe,sio2tshue1,sio2chhoe1
sió-ha̍k,小學,25,sió-ha̍k,sio2hak8,sio2hak8
sió-hân,小寒,25,sió-hân,sio2han5,sio2han5
sió-kio̍k,小局,25,sió-kio̍k,sio2kiok8,sio2kiok8
siáu-sí,小暑,25,siáu-sí,siau2si2,siau2si2
sió-sí,小暑,25,sió-sí,sio2si2,sio2si2
sió-hioh,小歇,25,sió-hioh,sio2hioh4,sio2hioh4
sió-tiâu,小潮,25,sió-tiâu,sio2tiau5,sio2tiau5
sió-ò,小澳,25,sió-ò,sio2o3,sio2o3
sió-náu,小腦,25,sió-náu,sio2nau2,sio2nau2
sió-tsu,小資,25,sió-chu,sio2tsu1,sio2chu1
sió-suat,小雪,25,sió-soat,sio2suat4,sio2soat4
sió-tshut,小齣,25,sió-chhut,sio2tshut4,sio2chhut4
siàu-hō,少昊,25,siàu-hō,siau3ho7,siau3ho7
tsiam-suann,尖山,25,chiam-soaⁿ,tsiam1suann1,chiam1soann1
siōng-tshiánn,尚且,25,siōng-chhiáⁿ,siong7tshiann2,siong7chhiann2
siōng-sir,尚書,25,siōng-sir,siong7sir1,siong7sir1
iû-khe,尤溪,25,iû-khe,iu5khe1,iu5khe1
ang-á,尪仔,25,ang-á,ang1a2,ang1a2
tsiū-uī,就位,25,chiū-ūi,tsiu7ui7,chiu7ui7
tō-ài,就愛,25,tō-ài,to7ai3,to7ai3
tshioh-kut,尺骨,25,chhioh-kut,tshioh4kut4,chhioh4kut4
kha-tshng,尻川,25,kha-chhng,kha1tshng1,kha1chhng1
kha-tshuinn,尻川,25,kha-chhuiⁿ,kha1tshuinn1,kha1chhuinn1
kha-tshng,尻穿,25,kha-chhng,kha1tshng1,kha1chhng1
bué-á,尾仔,25,bóe-á,bue2a2,boe2a2
bér-kháu,尾口,25,bér-kháu,ber2khau2,ber2khau2
bué-tshiú,尾手,25,bóe-chhiú,bue2tshiu2,boe2chhiu2
bué-tsiap,尾接,25,bóe-chiap,bue2tsiap4,boe2chiap4
bué-tuè,尾綴,25,bóe-tòe,bue2tue3,boe2toe3
bué-hō,尾號,25,bóe-hō,bue2ho7,boe2ho7
bué-suî,尾隨,25,bóe-sûi,bue2sui5,boe2sui5
jiō-puī,尿蜚,25,jiō-pūi,jio7pui7,jio7pui7
liō-puī,尿蜚,25,liō-pūi,lio7pui7,lio7pui7
jiō-sui,尿𦉎,25,jiō-sui,jio7sui1,jio7sui1
phuì-kiánn,屁囝,25,phùi-kiáⁿ,phui3kiann2,phui3kiann2
phuì-uē,屁話,25,phùi-ōe,phui3ue7,phui3oe7
khut-kē,屈低,25,khut-kē,khut4ke7,khut4ke7
khut-sè,屈勢,25,khut-sè,khut4se3,khut4se3
khut-sí,屈死,25,khut-sí,khut4si2,khut4si2
khut-kak,屈角,25,khut-kak,khut4kak4,khut4kak4
khut-lio̍k,屈辱,25,khut-lio̍k,khut4liok8,khut4liok8
sái-lâng,屎人,25,sái-lâng,sai2lang5,sai2lang5
sái-bué,屎尾,25,sái-bóe,sai2bue2,sai2boe2
sái-bé,屎尾,25,sái-bé,sai2be2,sai2be2
sái-jiō,屎尿,25,sái-jiō,sai2jio7,sai2jio7
sái-puah,屎撥,25,sái-poah,sai2puah4,sai2poah4
sái-khang,屎空,25,sái-khang,sai2khang1,sai2khang1
pîng-lâm,屏南,25,pêng-lâm,ping5lam5,peng5lam5
tián-kua,展歌,25,tián-koa,tian2kua1,tian2koa1
ban-tsik,屘叔,25,ban-chek,ban1tsik4,ban1chek4
ban-koo,屘姑,25,ban-ko͘,ban1koo1,ban1koo1
tsân-hûn,層雲,25,chân-hûn,tsan5hun5,chan5hun5
sio̍k-tī,屬佇,25,sio̍k-tī,siok8ti7,siok8ti7
sio̍k-thok,屬託,25,sio̍k-thok,siok8thok4,siok8thok4
suann-lua̍h,山剌,25,soaⁿ-loa̍h,suann1luah8,soann1loah8
suann-phiânn,山坪,25,soaⁿ-phiâⁿ,suann1phiann5,soann1phiann5
suann-nāi,山奈,25,soaⁿ-nāi,suann1nai7,soann1nai7
san-sī,山寺,25,san-sī,san1si7,san1si7
suann-sī,山寺,25,soaⁿ-sī,suann1si7,soann1si7
suann-tsiam,山尖,25,soaⁿ-chiam,suann1tsiam1,soann1chiam1
suann-khàm,山崁,25,soaⁿ-khàm,suann1kham3,soann1kham3
suann-gâm,山巖,25,soaⁿ-gâm,suann1gam5,soann1gam5
suann-tué,山底,25,soaⁿ-tóe,suann1tue2,soann1toe2
suann-té,山底,25,soaⁿ-té,suann1te2,soann1te2
sian-tsa,山楂,25,sian-cha,sian1tsa1,sian1cha1
suann-tsuí,山水,25,soaⁿ-chúi,suann1tsui2,soann1chui2
suann-tshân,山田,25,soaⁿ-chhân,suann1tshan5,soann1chhan5
san-té,山短,25,san-té,san1te2,san1te2
suann-tik,山竹,25,soaⁿ-tek,suann1tik4,soann1tek4
suann-tsiann,山精,25,soaⁿ-chiaⁿ,suann1tsiann1,soann1chiann1
suann-tsinn,山精,25,soaⁿ-chiⁿ,suann1tsinn1,soann1chinn1
suann-be̍h,山脈,25,soaⁿ-be̍h,suann1beh8,soann1beh8
suann-sai,山西,25,soaⁿ-sai,suann1sai1,soann1sai1
suann-khok,山觳,25,soaⁿ-khok,suann1khok4,soann1khok4
suann-niau,山貓,25,soaⁿ-niau,suann1niau1,soann1niau1
suann-muî,山門,25,soaⁿ-mûi,suann1mui5,soann1mui5
suann-īnn,山院,25,soaⁿ-īⁿ,suann1inn7,soann1inn7
suann-niā,山陵,25,soaⁿ-niā,suann1nia7,soann1nia7
suann-tíng,山頂,25,soaⁿ-téng,suann1ting2,soann1teng2
suann-thâu,山頭,25,soaⁿ-thâu,suann1thau5,soann1thau5
sam-siau,山魈,25,sam-siau,sam1siau1,sam1siau1
kî-hū,岐阜,25,kî-hū,ki5hu7,ki5hu7
kong-san,岡山,25,kong-san,kong1san1,kong1san1
kong-suann,岡山,25,kong-soaⁿ,kong1suann1,kong1soann1
giâm-tsionn,岩漿,25,giâm-chioⁿ,giam5tsionn1,giam5chionn1
giâm-tsiunn,岩漿,25,giâm-chiuⁿ,giam5tsiunn1,giam5chiunn1
gâm-tsionn,岩漿,25,gâm-chioⁿ,gam5tsionn1,gam5chionn1
gâm-iûnn,岩熔,25,gâm-iûⁿ,gam5iunn5,gam5iunn5
tāi-san,岱山,25,tāi-san,tai7san1,tai7san1
bā-táu,峇斗,25,bā-táu,ba7tau2,ba7tau2
bâ-lí,峇里,25,bâ-lí,ba5li2,ba5li2
tó-kûn,島群,25,tó-kûn,to2kun5,to2kun5
tóo-kûn,島群,25,tó͘-kûn,too2kun5,too2kun5
khàm-hā,崁下,25,khàm-hā,kham3ha7,kham3ha7
khàm-pōo,崁步,25,khàm-pō͘,kham3poo7,kham3poo7
khàm-kuà,崁蓋,25,khàm-kòa,kham3kua3,kham3koa3
khàm-kha,崁跤,25,khàm-kha,kham3kha1,kham3kha1
khàm-bīn,崁面,25,khàm-bīn,kham3bin7,kham3bin7
kiā-lūn,崎崙,25,kiā-lūn,kia7lun7,kia7lun7
kiā-lōo,崎路,25,kiā-lō͘,kia7loo7,kia7loo7
pang-phiânn,崩坪,25,pang-phiâⁿ,pang1phiann5,pang1phiann5
pang-suann,崩山,25,pang-soaⁿ,pang1suann1,pang1soann1
pang-sim,崩心,25,pang-sim,pang1sim1,pang1sim1
pang-tshuah,崩疶,25,pang-chhoah,pang1tshuah4,pang1chhoah4
sīng-tsiu,嵊州,25,sēng-chiu,sing7tsiu1,seng7chiu1
tshuan-phóo,川普,25,chhoan-phó͘,tshuan1phoo2,chhoan1phoo2
tsiu-tiúnn,州長,25,chiu-tiúⁿ,tsiu1tiunn2,chiu1tiunn2
sun̂-kíng,巡境,25,sûn-kéng,sun5king2,sun5keng2
sûn-tsng,巡庄,25,sûn-chng,sun5tsng1,sun5chng1
kong-tshe,工尺,25,kong-chhe,kong1tshe1,kong1chhe1
tsó-tìn,左鎮,25,chó-tìn,tso2tin3,cho2tin3
khiáu-hóo,巧虎,25,khiáu-hó͘,khiau2hoo2,khiau2hoo2
kī-jîn,巨人,25,kī-jîn,ki7jin5,ki7jin5
kī-hē,巨蟹,25,kī-hē,ki7he7,ki7he7
bû-i,巫醫,25,bû-i,bu5i1,bu5i1
tsua̍h-bī,差味,25,choa̍h-bī,tsuah8bi7,choah8bi7
tsha-tshò,差錯,25,chha-chhò,tsha1tsho3,chha1chho3
kí-hāi,己亥,25,kí-hāi,ki2hai7,ki2hai7
pa-hí,巴喜,25,pa-hí,pa1hi2,pa1hi2
bá-suh,巴士,25,bá-suh,ba2suh4,ba2suh4
pa-kiat,巴結,25,pa-kiat,pa1kiat4,pa1kiat4
pa-la̍uh,巴落,25,pa-lau̍h,pa1lauh8,pa1lauh8
tshī-á,市仔,25,chhī-á,tshi7a2,chhi7a2
tshī-tiônn,市場,25,chhī-tiôⁿ,tshi7tionn5,chhi7tionn5
pòo-phâng,布帆,25,pò͘-phâng,poo3phang5,poo3phang5
pòo-pînn,布棚,25,pò͘-pîⁿ,poo3pinn5,poo3pinn5
pòo-phâng,布篷,25,pò͘-phâng,poo3phang5,poo3phang5
phâng-tshù,帆厝,25,phâng-chhù,phang5tshu3,phang5chhu3
hi-iú,希有,25,hi-iú,hi1iu2,hi1iu2
phè-á,帕仔,25,phè-á,phe3a2,phe3a2
phè-bué,帕尾,25,phè-bóe,phe3bue2,phe3boe2
phè-bé,帕尾,25,phè-bé,phe3be2,phe3be2
pe̍h-liû,帛琉,25,pe̍h-liû,peh8liu5,peh8liu5
pe̍k-liû,帛琉,25,pe̍k-liû,pek8liu5,pek8liu5
tè-khok,帝嚳,25,tè-khok,te3khok4,te3khok4
tè-giâu,帝堯,25,tè-giâu,te3giau5,te3giau5
tè-sùn,帝舜,25,tè-sùn,te3sun3,te3sun3
su-tiūnn,師丈,25,su-tiūⁿ,su1tiunn7,su1tiunn7
su-ong,師翁,25,su-ong,su1ong1,su1ong1
tiùnn-uî,帳帷,25,tiùⁿ-ûi,tiunn3ui5,tiunn3ui5
tiùnn-bōo,帳幕,25,tiùⁿ-bō͘,tiunn3boo7,tiunn3boo7
tiùnn-pâng,帳房,25,tiùⁿ-pâng,tiunn3pang5,tiunn3pang5
tiùnn-pînn,帳棚,25,tiùⁿ-pîⁿ,tiunn3pinn5,tiunn3pinn5
tài-guân,帶原,25,tài-goân,tai3guan5,tai3goan5
tài-sái,帶屎,25,tài-sái,tai3sai2,tai3sai2
tài-sue,帶衰,25,tài-soe,tai3sue1,tai3soe1
tshiâng-tsāi,常在,25,chhiâng-chāi,tshiang5tsai7,chhiang5chai7
hàinn-kha,幌跤,25,hàiⁿ-kha,hainn3kha1,hainn3kha1
hàinn-lān,幌𡳞,25,hàiⁿ-lān,hainn3lan7,hainn3lan7
bōo-hú,幕府,25,bō͘-hú,boo7hu2,boo7hu2
kan-hē,干係,25,kan-hē,kan1he7,kan1he7
kan-î,干於,25,kan-î,kan1i5,kan1i5
kan-lo̍k,干樂,25,kan-lo̍k,kan1lok8,kan1lok8
kan-tāu,干豆,25,kan-tāu,kan1tau7,kan1tau7
kan-ip,干邑,25,kan-ip,kan1ip4,kan1ip4
pênn-á,平仔,25,pêⁿ-á,penn5a2,penn5a2
pînn-á,平仔,25,pîⁿ-á,pinn5a2,pinn5a2
pîng-siâng,平常,25,pêng-siâng,ping5siang5,peng5siang5
pîng-siông,平常,25,pêng-siông,ping5siong5,peng5siong5
pêⁿ-pêⁿ,平平,25,pêⁿ-pêⁿ,peⁿ5peⁿ5,penn5penn5
pîng-khuân,平懸,25,pêng-khoân,ping5khuan5,peng5khoan5
pîng-kuân,平懸,25,pêng-koân,ping5kuan5,peng5koan5
pênn-pán,平板,25,pêⁿ-pán,penn5pan2,penn5pan2
pîng-pán,平板,25,pêng-pán,ping5pan2,peng5pan2
pînn-pán,平板,25,pîⁿ-pán,pinn5pan2,pinn5pan2
pênn-pang,平枋,25,pêⁿ-pang,penn5pang1,penn5pang1
pînn-pang,平枋,25,pîⁿ-pang,pinn5pang1,pinn5pang1
pîng-ôo,平湖,25,pêng-ô͘,ping5oo5,peng5oo5
pînn-ôo,平湖,25,pîⁿ-ô͘,pinn5oo5,pinn5oo5
pîng-khue,平溪,25,pêng-khoe,ping5khue1,peng5khoe1
pîng-thâm,平潭,25,pêng-thâm,ping5tham5,peng5tham5
pîng-tìn,平鎮,25,pêng-tìn,ping5tin3,peng5tin3
pîng-iông,平陽,25,pêng-iông,ping5iong5,peng5iong5
nî-á,年仔,25,nî-á,ni5a2,ni5a2
nî-tau,年兜,25,nî-tau,ni5tau1,ni5tau1
nî-siù,年獸,25,nî-siù,ni5siu3,ni5siu3
liân-khin,年輕,25,liân-khin,lian5khin1,lian5khin1
kàn-tǹg,幹當,25,kàn-tǹg,kan3tng3,kan3tng3
iù-lú,幼女,25,iù-lú,iu3lu2,iu3lu2
iù-ki,幼妓,25,iù-ki,iu3ki1,iu3ki1
iù-kang,幼工,25,iù-kang,iu3kang1,iu3kang1
iù-kioh,幼腳,25,iù-kioh,iu3kioh4,iu3kioh4
iù-khí,幼齒,25,iù-khí,iu3khi2,iu3khi2
iu-phû,幽浮,25,iu-phû,iu1phu5,iu1phu5
kuí-ê,幾个,25,kúi-ê,kui2e5,kui2e5
kuí-nî,幾年,25,kúi-nî,kui2ni5,kui2ni5
kuí-huan,幾番,25,kúi-hoan,kui2huan1,kui2hoan1
kuí-lō,幾若,25,kúi-lō,kui2lo7,kui2lo7
kuí-hō,幾號,25,kúi-hō,kui2ho7,kui2ho7
kuí-tiám,幾點,25,kúi-tiám,kui2tiam2,kui2tiam2
tshn̂g-té,床底,25,chhn̂g-té,tshng5te2,chhng5te2
sī-tuā,序大,25,sī-tōa,si7tua7,si7toa7
té-tì,底蒂,25,té-tì,te2ti3,te2ti3
té-khòo,底褲,25,té-khò͘,te2khoo3,te2khoo3
tiàm-thâu,店頭,25,tiàm-thâu,tiam3thau5,tiam3thau5
hú-gio̍k,府玉,25,hú-gio̍k,hu2giok8,hu2giok8
tōo-tsiam,度針,25,tō͘-chiam,too7tsiam1,too7chiam1
sù-bîn,庶民,25,sù-bîn,su3bin5,su3bin5
khong-hi,康熙,25,khong-hi,khong1hi1,khong1hi1
ē-mn̂g,廈門,25,ē-mn̂g,e7mng5,e7mng5
ìm-hua,廕化,25,ìm-hoa,im3hua1,im3hoa1
ìm-hué,廕火,25,ìm-hóe,im3hue2,im3hoe2
ìm-hé,廕火,25,ìm-hé,im3he2,im3he2
ìm-hér,廕火,25,ìm-hér,im3her2,im3her2
liāu-tsùn,廖峻,25,liāu-chùn,liau7tsun3,liau7chun3
tôo-tsí,廚子,25,tô͘-chí,too5tsi2,too5chi2
biō-kong,廟公,25,biō-kong,bio7kong1,bio7kong1
biō-tiânn,廟埕,25,biō-tiâⁿ,bio7tiann5,bio7tiann5
biō-sī,廟寺,25,biō-sī,bio7si7,bio7si7
huè-tuī,廢墜,25,hòe-tūi,hue3tui7,hoe3tui7
huì-tuī,廢墜,25,hùi-tūi,hui3tui7,hui3tui7
huì-bûn,廢文,25,hùi-bûn,hui3bun5,hui3bun5
kńg-tshiu,廣州,25,kńg-chhiu,kng2tshiu1,kng2chhiu1
kóng-pò,廣播,25,kóng-pò,kong2po3,kong2po3
kńg-tang,廣東,25,kńg-tang,kng2tang1,kng2tang1
kóng-hing,廣興,25,kóng-heng,kong2hing1,kong2heng1
iân-tshiân,延延,25,iân-chhiân,ian5tshian5,ian5chhian5
iân-pit,延畢,25,iân-pit,ian5pit4,ian5pit4
iân-náu,延腦,25,iân-náu,ian5nau2,ian5nau2
kiàn-kóo,建古,25,kiàn-kó͘,kian3koo2,kian3koo2
kiàn-lîng,建寧,25,kiàn-lêng,kian3ling5,kian3leng5
kiàn-tik,建德,25,kiàn-tek,kian3tik4,kian3tek4
kiàn-au,建甌,25,kiàn-au,kian3au1,kian3au1
kiàn-iông,建陽,25,kiàn-iông,kian3iong5,kian3iong5
lōng-tsénn,弄井,25,lōng-chéⁿ,long7tsenn2,long7chenn2
lōng-tsínn,弄井,25,lōng-chíⁿ,long7tsinn2,long7chinn2
lāng-gīn,弄猌,25,lāng-gīn,lang7gin7,lang7gin7
lāng-sai,弄獅,25,lāng-sai,lang7sai1,lang7sai1
lāng-sîn,弄臣,25,lāng-sîn,lang7sin5,lang7sin5
lāng-tsi̍h,弄舌,25,lāng-chi̍h,lang7tsih8,lang7chih8
lāng-hue,弄花,25,lāng-hoe,lang7hue1,lang7hoe1
king-tsìnn,弓箭,25,keng-chìⁿ,king1tsinn3,keng1chinn3
ia̋n-jín,引擎,25,iăn-jín,ian1jin2,ian9jin2
iân-jín,引擎,25,iân-jín,ian5jin2,ian5jin2
ín-khìng,引磬,25,ín-khèng,in2khing3,in2kheng3
ín-iú,引誘,25,ín-iú,in2iu2,in2iu2
ín-tshuā,引𤆬,25,ín-chhōa,in2tshua7,in2chhoa7
hut-sòo,弗素,25,hut-sò͘,hut4soo3,hut4soo3
tionn-tî,張持,25,tioⁿ-tî,tionn1ti5,tionn1ti5
tiunn-tî,張持,25,tiuⁿ-tî,tiunn1ti5,tiunn1ti5
kiông-kan,強姦,25,kiông-kan,kiong5kan1,kiong5kan1
kiông-tsú,強子,25,kiông-chú,kiong5tsu2,kiong5chu2
tân-hi̍k,彈劾,25,tân-he̍k,tan5hik8,tan5hek8
tân-hāi,彈劾,25,tân-hāi,tan5hai7,tan5hai7
tuânn-tiāu,彈掉,25,tôaⁿ-tiāu,tuann5tiau7,toann5tiau7
tshái-kuàn,彩劵,25,chhái-koàn,tshai2kuan3,chhai2koan3
tshái-uē,彩畫,25,chhái-ōe,tshai2ue7,chhai2oe7
tshái-hûn,彩雲,25,chhái-hûn,tshai2hun5,chhai2hun5
tshái-hê,彩霞,25,chhái-hê,tshai2he5,chhai2he5
tsiang-huà,彰化,25,chiang-hòa,tsiang1hua3,chiang1hoa3
iánn-siōng,影像,25,iáⁿ-siōng,iann2siong7,iann2siong7
iánn-tè,影帝,25,iáⁿ-tè,iann2te3,iann2te3
iánn-sìn,影訊,25,iáⁿ-sìn,iann2sin3,iann2sin3
ia̍h-tiûnn,役場,25,ia̍h-tiûⁿ,iah8tiunn5,iah8tiunn5
hit-kú,彼久,25,hit-kú,hit4ku2,hit4ku2
hit-jī,彼字,25,hit-jī,hit4ji7,hit4ji7
hit-àm,彼暗,25,hit-àm,hit4am3,hit4am3
hit-tsūn,彼陣,25,hit-chūn,hit4tsun7,hit4chun7
hit-thâu,彼頭,25,hit-thâu,hit4thau5,hit4thau5
óng-huê,往回,25,óng-hôe,ong2hue5,ong2hoe5
óng-hê,往回,25,óng-hê,ong2he5,ong2he5
óng-tsín,往診,25,óng-chín,ong2tsin2,ong2chin2
lu̍t-huat,律法,25,lu̍t-hoat,lut8huat4,lut8hoat4
lu̍t-si,律詩,25,lu̍t-si,lut8si1,lut8si1
āu-ā,後也,25,āu-ā,au7a7,au7a7
āu-á,後仔,25,āu-á,au7a2,au7a2
āu-tāi,後代,25,āu-tāi,au7tai7,au7tai7
āu-lâi,後來,25,āu-lâi,au7lai5,au7lai5
āu-khok,後擴,25,āu-khok,au7khok4,au7khok4
āu-táu,後斗,25,āu-táu,au7tau2,au7tau2
āu-tháng,後桶,25,āu-tháng,au7thang2,au7thang2
au-bú,後母,25,au-bú,au1bu2,au1bu2
āu-pîng,後爿,25,āu-pêng,au7ping5,au7peng5
āu-liú,後紐,25,āu-liú,au7liu2,au7liu2
āu-tsuā,後逝,25,āu-chōa,au7tsua7,au7choa7
āu-piàn,後遍,25,āu-piàn,au7pian3,au7pian3
āu-tsa̍h,後閘,25,āu-cha̍h,au7tsah8,au7chah8
āu-bīn,後面,25,āu-bīn,au7bin7,au7bin7
āu-ia̍h,後驛,25,āu-ia̍h,au7iah8,au7iah8
tit-tshú,得取,25,tit-chhú,tit4tshu2,tit4chhu2
tit-tiānn,得定,25,tit-tiāⁿ,tit4tiann7,tit4tiann7
tik-tio̍h,得著,25,tek-tio̍h,tik4tioh8,tek4tioh8
suá-tshù,徙厝,25,sóa-chhù,sua2tshu3,soa2chhu3
suá-kang,徙工,25,sóa-kang,sua2kang1,soa2kang1
khiā-tī,徛佇,25,khiā-tī,khia7ti7,khia7ti7
khiā-nn̄g,徛卵,25,khiā-nn̄g,khia7nng7,khia7nng7
khiā-miâ,徛名,25,khiā-miâ,khia7mia5,khia7mia5
khiā-leh,徛咧,25,khiā-leh,khia7leh4,khia7leh4
khiā-sàu,徛哨,25,khiā-sàu,khia7sau3,khia7sau3
khiā-piah,徛壁,25,khiā-piah,khia7piah4,khia7piah4
khiā-kenn,徛更,25,khiā-keⁿ,khia7kenn1,khia7kenn1
khiā-kê,徛格,25,khiā-kê,khia7ke5,khia7ke5
khiā-pue,徛桮,25,khiā-poe,khia7pue1,khia7poe1
khiā-khîm,徛琴,25,khiā-khîm,khia7khim5,khia7khim5
khiā-kha,徛跤,25,khiā-kha,khia7kha1,khia7kha1
khiā-tiàm,徛踮,25,khiā-tiàm,khia7tiam3,khia7tiam3
khiā-tàm,徛踮,25,khiā-tàm,khia7tam3,khia7tam3
khiā-hia,徛遐,25,khiā-hia,khia7hia1,khia7hia1
khiā-tsia,徛遮,25,khiā-chia,khia7tsia1,khia7chia1
khiā-tshí,徛鼠,25,khiā-chhí,khia7tshi2,khia7chhi2
ho̍k-tsín,復振,25,ho̍k-chín,hok8tsin2,hok8chin2
ho̍k-hua̍t,復活,25,ho̍k-hoa̍t,hok8huat8,hok8hoat8
ho̍k-io̍k,復育,25,ho̍k-io̍k,hok8iok8,hok8iok8
bî-hun,微分,25,bî-hun,bi5hun1,bi5hun1
bî-tshòng,微創,25,bî-chhòng,bi5tshong3,bi5chhong3
bî-luán,微軟,25,bî-loán,bi5luan2,bi5loan2
bî-nńg,微軟,25,bî-nńg,bi5nng2,bi5nng2
tik-huà,德化,25,tek-hòa,tik4hua3,tek4hoa3
tik-tshing,德清,25,tek-chheng,tik4tshing1,tek4chheng1
tik-hīng,德行,25,tek-hēng,tik4hing7,tek4heng7
tik-gí,德語,25,tek-gí,tik4gi2,tek4gi2
tik-gú,德語,25,tek-gú,tik4gu2,tek4gu2
thiat-lí,徹理,25,thiat-lí,thiat4li2,thiat4li2
khiàu-tiāu,徼兆,25,khiàu-tiāu,khiau3tiau7,khiau3tiau7
sim-á,心仔,25,sim-á,sim1a2,sim1a2
sim-lāi,心內,25,sim-lāi,sim1lai7,sim1lai7
sim-li̍k,心力,25,sim-le̍k,sim1lik8,sim1lek8
sim-tshuì,心碎,25,sim-chhùi,sim1tshui3,sim1chhui3
sim-kuann,心肝,25,sim-koaⁿ,sim1kuann1,sim1koann1
sim-kiann,心驚,25,sim-kiaⁿ,sim1kiann1,sim1kiann1
pit-sûn,必巡,25,pit-sûn,pit4sun5,pit4sun5
pit-tsà,必祚,25,pit-chà,pit4tsa3,pit4cha3
pit-tsah,必紮,25,pit-chah,pit4tsah4,pit4chah4
lún-jiō,忍尿,25,lún-jiō,lun2jio7,lun2jio7
thiám-thâu,忝頭,25,thiám-thâu,thiam2thau5,thiam2thau5
khuài-tshú,快取,25,khoài-chhú,khuai3tshu2,khoai3chhu2
khuìnn-ua̍h,快活,25,khùiⁿ-oa̍h,khuinn3uah8,khuinn3oah8
khuài-thai,快篩,25,khoài-thai,khuai3thai1,khoai3thai1
khuài-liông,快龍,25,khoài-liông,khuai3liong5,khoai3liong5
liām-si,念詩,25,liām-si,liam7si1,liam7si1
ǹg-tǹg,怏頓,25,ǹg-tǹg,ng3tng3,ng3tng3
nōo-tshing,怒青,25,nō͘-chheng,noo7tshing1,noo7chheng1
su-bîng,思明,25,su-bêng,su1bing5,su1beng5
su-î,思維,25,su-î,su1i5,su1i5
kip-sò,急躁,25,kip-sò,kip4so3,kip4so3
sìng-tshim,性侵,25,sèng-chhim,sing3tshim1,seng3chhim1
sìng-tē,性地,25,sèng-tē,sing3te7,seng3te7
sìng-pîng,性平,25,sèng-pêng,sing3ping5,seng3peng5
sìng-io̍k,性慾,25,sèng-io̍k,sing3iok8,seng3iok8
kuài-kî,怪奇,25,koài-kî,kuai3ki5,koai3ki5
kuài-kha,怪跤,25,koài-kha,kuai3kha1,koai3kha1
lín-pē,恁爸,25,lín-pē,lin2pe7,lin2pe7
hîng-tīng,恆定,25,hêng-tēng,hing5ting7,heng5teng7
hîng-siông,恆常,25,hêng-siông,hing5siong5,heng5siong5
tiām-tiām,恬恬,25,tiām-tiām,tiam7tiam7,tiam7tiam7
tiām-iâm,恬鹽,25,tiām-iâm,tiam7iam5,tiam7iam5
būn-pn̄g,悶飯,25,būn-pn̄g,bun7png7,bun7png7
tshi-tshám,悽慘,25,chhi-chhám,tshi1tsham2,chhi1chham2
khong-khong,悾悾,25,khong-khong,khong1khong1,khong1khong1
khong-khám,悾歁,25,khong-khám,khong1kham2,khong1kham2
khong-am,悾闇,25,khong-am,khong1am1,khong1am1
tsîng-phe,情批,25,chêng-phe,tsing5phe1,cheng5phe1
tsîng-phue,情批,25,chêng-phoe,tsing5phue1,cheng5phoe1
tsîng-tsho,情操,25,chêng-chho,tsing5tsho1,cheng5chho1
tsîng-sí,情死,25,chêng-sí,tsing5si2,cheng5si2
hi̍k-tshenn,惑星,25,he̍k-chheⁿ,hik8tshenn1,hek8chhenn1
hi̍k-tshinn,惑星,25,he̍k-chhiⁿ,hik8tshinn1,hek8chhinn1
sioh-miā,惜命,25,sioh-miā,sioh4mia7,sioh4mia7
ok-tshù,惡厝,25,ok-chhù,ok4tshu3,ok4chhu3
ok-kiau,惡嬌,25,ok-kiau,ok4kiau1,ok4kiau1
ok-iân,惡緣,25,ok-iân,ok4ian5,ok4ian5
ok-tsit,惡質,25,ok-chit,ok4tsit4,ok4chit4
siūnn-lí,想你,25,siūⁿ-lí,siunn7li2,siunn7li2
siūnn-sióng,想像,25,siūⁿ-sióng,siunn7siong2,siunn7siong2
siūnn-tshiāng,想像,25,siūⁿ-chhiāng,siunn7tshiang7,siunn7chhiang7
siūnn-tshù,想厝,25,siūⁿ-chhù,siunn7tshu3,siunn7chhu3
siūnn-beh,想欲,25,siūⁿ-beh,siunn7beh4,siunn7beh4
siūnn-bueh,想欲,25,siūⁿ-boeh,siunn7bueh4,siunn7boeh4
siūnn-bô,想無,25,siūⁿ-bô,siunn7bo5,siunn7bo5
ì-kok,意國,25,ì-kok,i3kok4,i3kok4
ì-ki,意基,25,ì-ki,i3ki1,i3ki1
ì-guān,意願,25,ì-goān,i3guan7,i3goan7
gû-gōng,愚戇,25,gû-gōng,gu5gong7,gu5gong7
ài-uān,愛媛,25,ài-oān,ai3uan7,ai3oan7
ài-suí,愛媠,25,ài-súi,ai3sui2,ai3sui2
ài-lā,愛抐,25,ài-lā,ai3la7,ai3la7
ài-khùn,愛睏,25,ài-khùn,ai3khun3,ai3khun3
ài-ti,愛知,25,ài-ti,ai3ti1,ai3ti1
ài-âng,愛紅,25,ài-âng,ai3ang5,ai3ang5
ài-tsènn,愛諍,25,ài-chèⁿ,ai3tsenn3,ai3chenn3
ài-tsìnn,愛諍,25,ài-chìⁿ,ai3tsinn3,ai3chinn3
kám-mōo,感冒,25,kám-mō͘,kam2moo7,kam2moo7
kám-líng,感冷,25,kám-léng,kam2ling2,kam2leng2
kám-un,感恩,25,kám-un,kam2un1,kam2un1
kám-kak,感覺,25,kám-kak,kam2kak4,kam2kak4
kám-siâ,感邪,25,kám-siâ,kam2sia5,kam2sia5
gāng-ba̍k,愣目,25,gāng-ba̍k,gang7bak8,gang7bak8
gāng-lōo,愣路,25,gāng-lō͘,gang7loo7,gang7loo7
gāng-bīn,愣面,25,gāng-bīn,gang7bin7,gang7bin7
tsû-lī,慈利,25,chû-lī,tsu5li7,chu5li7
tsû-bó,慈母,25,chû-bó,tsu5bo2,chu5bo2
tsû-khe,慈谿,25,chû-khe,tsu5khe1,chu5khe1
tso-sim,慒心,25,cho-sim,tso1sim1,cho1sim1
tshám-tsheh,慘慼,25,chhám-chheh,tsham2tsheh4,chham2chheh4
tshám-tshueh,慘慼,25,chhám-chhoeh,tsham2tshueh4,chham2chhoeh4
tshâm-khuì,慚愧,25,chhâm-khùi,tsham5khui3,chham5khui3
bān-tsáu,慢走,25,bān-cháu,ban7tsau2,ban7chau2
bān-sô,慢趖,25,bān-sô,ban7so5,ban7so5
bān-tshia,慢車,25,bān-chhia,ban7tshia1,ban7chhia1
bān-tiám,慢點,25,bān-tiám,ban7tiam2,ban7tiam2
kuàn-liān,慣練,25,koàn-liān,kuan3lian7,koan3lian7
huī-kin,慧根,25,hūi-kin,hui7kin1,hui7kin1
khài-thàn,慨嘆,25,khài-thàn,khai3than3,khai3than3
khing-guân,慶元,25,kheng-goân,khing1guan5,kheng1goan5
tsheh-sim,慼心,25,chheh-sim,tsheh4sim1,chheh4sim1
iu-lu,憂慮,25,iu-lu,iu1lu1,iu1lu1
ìn-bí,應米,25,ìn-bí,in3bi2,in3bi2
bòng-tánn,懵膽,25,bòng-táⁿ,bong3tann2,bong3tann2
nuā-pū,懶孵,25,nōa-pū,nua7pu7,noa7pu7
lán-si,懶屍,25,lán-si,lan2si1,lan2si1
huâi-lôo,懷爐,25,hoâi-lô͘,huai5loo5,hoai5loo5
kuân-khám,懸坎,25,koân-khám,kuan5kham2,koan5kham2
kuân-ap,懸壓,25,koân-ap,kuan5ap4,koan5ap4
kuan-tshiông,懸牆,25,koan-chhiông,kuan1tshiong5,koan1chhiong5
kuân-ta̍h,懸踏,25,koân-ta̍h,kuan5tah8,koan5tah8
gōng-á,戇仔,25,gōng-á,gong7a2,gong7a2
gōng-tai,戇呆,25,gōng-tai,gong7tai1,gong7tai1
gōng-gōng,戇戇,25,gōng-gōng,gong7gong7,gong7gong7
gōng-ti̍t,戇直,25,gōng-ti̍t,gong7tit8,gong7tit8
gōng-sîn,戇神,25,gōng-sîn,gong7sin5,gong7sin5
gōng-ti,戇豬,25,gōng-ti,gong7ti1,gong7ti1
gōng-sô,戇趖,25,gōng-sô,gong7so5,gong7so5
gōng-ku,戇龜,25,gōng-ku,gong7ku1,gong7ku1
bōo-sut,戊戌,25,bō͘-sut,boo7sut4,boo7sut4
tsiânn-tsiânn,成成,25,chiâⁿ-chiâⁿ,tsiann5tsiann5,chiann5chiann5
tshiânn-keh,成格,25,chhiâⁿ-keh,tshiann5keh4,chhiann5keh4
tshiânn-kik,成格,25,chhiâⁿ-kek,tshiann5kik4,chhiann5kek4
guá-khì,我去,25,góa-khì,gua2khi3,goa2khi3
guá-beh,我欲,25,góa-beh,gua2beh4,goa2beh4
guá-tsia,我遮,25,góa-chia,gua2tsia1,goa2chia1
tshiâng-á,戕仔,25,chhiâng-á,tshiang5a2,chhiang5a2
tse̍h-tôo,截圖,25,che̍h-tô͘,tseh8too5,cheh8too5
tse̍re-tôo,截圖,25,che̍re-tô͘,tsere8too5,chere8too5
tsia̍t-tôo,截圖,25,chia̍t-tô͘,tsiat8too5,chiat8too5
tsue̍h-tôo,截圖,25,choe̍h-tô͘,tsueh8too5,choeh8too5
tsia̍t-ki,截肢,25,chia̍t-ki,tsiat8ki1,chiat8ki1
lak-suān,戮璇,25,lak-soān,lak4suan7,lak4soan7
lak-khang,戮空,25,lak-khang,lak4khang1,lak4khang1
lak-tsuìnn,戮鑽,25,lak-chùiⁿ,lak4tsuinn3,lak4chuinn3
lak-tsǹg,戮鑽,25,lak-chǹg,lak4tsng3,lak4chng3
tsiàn-kiā,戰崎,25,chiàn-kiā,tsian3kia7,chian3kia7
tsiàn-pāi,戰敗,25,chiàn-pāi,tsian3pai7,chian3pai7
tsiàn-íng,戰湧,25,chiàn-éng,tsian3ing2,chian3eng2
tsiàn-tsing,戰爭,25,chiàn-cheng,tsian3tsing1,chian3cheng1
tsiàn-lông,戰狼,25,chiàn-lông,tsian3long5,chian3long5
hì-tsiann,戲精,25,hì-chiaⁿ,hi3tsiann1,hi3chiann1
hì-bah,戲肉,25,hì-bah,hi3bah4,hi3bah4
thok-á,戳仔,25,thok-á,thok4a2,thok4a2
thok-thàu,戳透,25,thok-thàu,thok4thau3,thok4thau3
thok-thâu,戳頭,25,thok-thâu,thok4thau5,thok4thau5
hōo-tīng,戶橂,25,hō͘-tēng,hoo7ting7,hoo7teng7
pâng-tāi,房貸,25,pâng-tāi,pang5tai7,pang5tai7
sóo-pái,所擺,25,só͘-pái,soo2pai2,soo2pai2
sóo-pān,所辦,25,só͘-pān,soo2pan7,soo2pan7
pínn-huē,扁蟹,25,píⁿ-hōe,pinn2hue7,pinn2hoe7
phián-si̍t,扁食,25,phián-si̍t,phian2sit8,phian2sit8
pán-si̍t,扁食,25,pán-si̍t,pan2sit8,pan2sit8
tshiú-kang,手工,25,chhiú-kang,tshiu2kang1,chhiu2kang1
tshiu-tsainn,手指,25,chhiu-chaiⁿ,tshiu1tsainn1,chhiu1chainn1
tshiú-so,手挲,25,chhiú-so,tshiu2so1,chhiu2so1
tshiú-khòng,手控,25,chhiú-khòng,tshiu2khong3,chhiu2khong3
tshiú-bong,手摸,25,chhiú-bong,tshiu2bong1,chhiu2bong1
tshiú-tòng,手擋,25,chhiú-tòng,tshiu2tong3,chhiu2tong3
tshiú-tuānn,手段,25,chhiú-tōaⁿ,tshiu2tuann7,chhiu2toann7
tshiú-sio,手燒,25,chhiú-sio,tshiu2sio1,chhiu2sio1
tshiú-kìm,手禁,25,chhiú-kìm,tshiu2kim3,chhiu2kim3
tshiú-ko,手膏,25,chhiú-ko,tshiu2ko1,chhiu2ko1
tshiú-gē,手藝,25,chhiú-gē,tshiu2ge7,chhiu2ge7
tshiú-lê,手螺,25,chhiú-lê,tshiu2le5,chhiu2le5
tshiú-tsiān,手賤,25,chhiú-chiān,tshiu2tsian7,chhiu2chian7
tshiú-kiō,手轎,25,chhiú-kiō,tshiu2kio7,chhiu2kio7
tshiú-suî,手隨,25,chhiú-sûi,tshiu2sui5,chhiu2sui5
tshiú-pà,手霸,25,chhiú-pà,tshiu2pa3,chhiu2pa3
tsiah-tú,才拄,25,chiah-tú,tsiah4tu2,chiah4tu2
tsâi-tiāu,才調,25,châi-tiāu,tsai5tiau7,chai5tiau7
pe-pn̄g,扒飯,25,pe-pn̄g,pe1png7,pe1png7
tánn-kiānn,打件,25,táⁿ-kiāⁿ,tann2kiann7,tann2kiann7
tánn-kiap,打劫,25,táⁿ-kiap,tann2kiap4,tann2kiap4
tánn-kua,打歌,25,táⁿ-koa,tann2kua1,tann2koa1
tá-lân,打瀾,25,tá-lân,ta2lan5,ta2lan5
tá-káu,打狗,25,tá-káu,ta2kau2,ta2kau2
tá-bâ,打猫,25,tá-bâ,ta2ba5,ta2ba5
tánn-niau,打貓,25,táⁿ-niau,tann2niau1,tann2niau1
thok-ūn,托運,25,thok-ūn,thok4un7,thok4un7
kng-kiō,扛轎,25,kng-kiō,kng1kio7,kng1kio7
huānn-tshiú,扞手,25,hōaⁿ-chhiú,huann7tshiu2,hoann7chhiu2
huānn-thui,扞梯,25,hōaⁿ-thui,huann7thui1,hoann7thui1
liú-tsang,扭㨑,25,liú-chang,liu2tsang1,liu2chang1
liú-lia̍h,扭掠,25,liú-lia̍h,liu2liah8,liu2liah8
láu-tio̍h,扭著,25,láu-tio̍h,lau2tioh8,lau2tioh8
náu-tio̍h,扭著,25,náu-tio̍h,nau2tioh8,nau2tioh8
pān-thâu,扮頭,25,pān-thâu,pan7thau5,pan7thau5
tshé-siau,扯消,25,chhé-siau,tshe2siau1,chhe2siau1
tshé-suah,扯煞,25,chhé-soah,tshe2suah4,chhe2soah4
ke̍h-hīnn,扴耳,25,ke̍h-hīⁿ,keh8hinn7,keh8hinn7
ke̍h-kô,扴膏,25,ke̍h-kô,keh8ko5,keh8ko5
ke̍h-lōo,扴路,25,ke̍h-lō͘,keh8loo7,keh8loo7
phôo-thánn,扶挺,25,phô͘-tháⁿ,phoo5thann2,phoo5thann2
hû-si̍t,扶植,25,hû-si̍t,hu5sit8,hu5sit8
phi-á,批仔,25,phi-á,phi1a2,phi1a2
phe-tshia,批車,25,phe-chhia,phe1tshia1,phe1chhia1
phe-kuán,批館,25,phe-koán,phe1kuan2,phe1koan2
phue-kuán,批館,25,phoe-koán,phue1kuan2,phoe1koan2
tùn-tiunn,扽張,25,tùn-tiuⁿ,tun3tiunn1,tun3tiunn1
tùn-tenn,扽蹬,25,tùn-teⁿ,tun3tenn1,tun3tenn1
tùn-tinn,扽蹬,25,tùn-tiⁿ,tun3tinn1,tun3tinn1
tsāu-tsînn,找錢,25,chāu-chîⁿ,tsau7tsinn5,chau7chinn5
tshau-té,抄底,25,chhau-té,tshau1te2,chhau1te2
pé-tsuí,把水,25,pé-chúi,pe2tsui2,pe2chui2
pá-kuan,把關,25,pá-koan,pa2kuan1,pa2koan1
pé-kuan,把關,25,pé-koan,pe2kuan1,pe2koan1
tìm-tiāu,抌掉,25,tìm-tiāu,tim3tiau7,tim3tiau7
tìm-táu,抌篤,25,tìm-táu,tim3tau2,tim3tau2
lā-sái,抐屎,25,lā-sái,la7sai2,la7sai2
lā-ki,抐枝,25,lā-ki,la7ki1,la7ki1
lā-tsi̍h,抐舌,25,lā-chi̍h,la7tsih8,la7chih8
ia̍h-sī,抑是,25,ia̍h-sī,iah8si7,iah8si7
tâu-ting,投丁,25,tâu-teng,tau5ting1,tau5teng1
tâu-bûn,投文,25,tâu-bûn,tau5bun5,tau5bun5
tâu-tsiá,投者,25,tâu-chiá,tau5tsia2,tau5chia2
phō-tshî,抱持,25,phō-chhî,pho7tshi5,pho7chhi5
phō-tsím,抱枕,25,phō-chím,pho7tsim2,pho7chim2
buah-phìnn,抹片,25,boah-phìⁿ,buah4phinn3,boah4phinn3
buah-hún,抹粉,25,boah-hún,buah4hun2,boah4hun2
buat-tê,抹茶,25,boat-tê,buat4te5,boat4te5
tiuh-khah,抽卡,25,tiuh-khah,tiuh4khah4,tiuh4khah4
thiu-ko,抽篙,25,thiu-ko,thiu1ko1,thiu1ko1
thiu-hueh,抽血,25,thiu-hoeh,thiu1hueh4,thiu1hoeh4
thiu-huih,抽血,25,thiu-huih,thiu1huih4,thiu1huih4
khioh-kiánn,抾囝,25,khioh-kiáⁿ,khioh4kiann2,khioh4kiann2
khioh-má,抾媽,25,khioh-má,khioh4ma2,khioh4ma2
khioh-si̍p,抾拾,25,khioh-si̍p,khioh4sip8,khioh4sip8
khioh-ka̍k,抾捔,25,khioh-ka̍k,khioh4kak8,khioh4kak8
khioh-hi̍k,抾獲,25,khioh-he̍k,khioh4hik8,khioh4hek8
khioh-suè,抾稅,25,khioh-sòe,khioh4sue3,khioh4soe3
khioh-kat,抾結,25,khioh-kat,khioh4kat4,khioh4kat4
khioh-si̍p,抾習,25,khioh-si̍p,khioh4sip8,khioh4sip8
khioh-tshài,抾菜,25,khioh-chhài,khioh4tshai3,khioh4chhai3
khioh-tio̍h,抾著,25,khioh-tio̍h,khioh4tioh8,khioh4tioh8
khioh-tsînn,抾錢,25,khioh-chîⁿ,khioh4tsinn5,khioh4chinn5
tú-tsiah,拄才,25,tú-chiah,tu2tsiah4,tu2chiah4
tú-tio̍h,拄著,25,tú-tio̍h,tu2tioh8,tu2tioh8
thiah-tuann,拆單,25,thiah-toaⁿ,thiah4tuann1,thiah4toann1
thiah-phiò,拆票,25,thiah-phiò,thiah4phio3,thiah4phio3
thiah-ha̍h,拆箬,25,thiah-ha̍h,thiah4hah8,thiah4hah8
thiah-tsia̍h,拆食,25,thiah-chia̍h,thiah4tsiah8,thiah4chiah8
liam-khau,拈鬮,25,liam-khau,liam1khau1,liam1khau1
ni-khau,拈鬮,25,ni-khau,ni1khau1,ni1khau1
la-mī,拉麵,25,la-mī,la1mi7,la1mi7
pha-tiānn,拋碇,25,pha-tiāⁿ,pha1tiann7,pha1tiann7
phah-lâng,拍人,25,phah-lâng,phah4lang5,phah4lang5
phah-kè,拍價,25,phah-kè,phah4ke3,phah4ke3
phah-tshìn,拍凊,25,phah-chhìn,phah4tshin3,phah4chhin3
phah-pau,拍包,25,phah-pau,phah4pau1,phah4pau1
phah-khah,拍卡,25,phah-khah,phah4khah4,phah4khah4
phah-tiānn,拍定,25,phah-tiāⁿ,phah4tiann7,phah4tiann7
phah-hāi,拍害,25,phah-hāi,phah4hai7,phah4hai7
phah-hù,拍富,25,phah-hù,phah4hu3,phah4hu3
phah-kang,拍工,25,phah-kang,phah4kang1,phah4kang1
phah-piànn,拍拚,25,phah-piàⁿ,phah4piann3,phah4piann3
phah-lua̍h,拍捋,25,phah-loa̍h,phah4luah8,phah4loah8
phah-suànn,拍散,25,phah-sòaⁿ,phah4suann3,phah4soann3
phah-kua,拍歌,25,phah-koa,phah4kua1,phah4koa1
phah-tâm,拍澹,25,phah-tâm,phah4tam5,phah4tam5
phah-phàu,拍炮,25,phah-phàu,phah4phau3,phah4phau3
phah-bô,拍無,25,phah-bô,phah4bo5,phah4bo5
phah-sóng,拍爽,25,phah-sóng,phah4song2,phah4song2
phah-kiû,拍球,25,phah-kiû,phah4kiu5,phah4kiu5
phah-phiò,拍票,25,phah-phiò,phah4phio3,phah4phio3
phah-suìnn,拍算,25,phah-sùiⁿ,phah4suinn3,phah4suinn3
phah-sǹg,拍算,25,phah-sǹg,phah4sng3,phah4sng3
phah-hing,拍胸,25,phah-heng,phah4hing1,phah4heng1
phah-kuī,拍膭,25,phah-kūi,phah4kui7,phah4kui7
phah-hng,拍荒,25,phah-hng,phah4hng1,phah4hng1
phah-po̍h,拍薄,25,phah-po̍h,phah4poh8,phah4poh8
phah-phang,拍蜂,25,phah-phang,phah4phang1,phah4phang1
phah-la̍h,拍蠟,25,phah-la̍h,phah4lah8,phah4lah8
phah-kuánn,拍趕,25,phah-kóaⁿ,phah4kuann2,phah4koann2
phah-jī,拍餌,25,phah-jī,phah4ji7,phah4ji7
phah-lī,拍餌,25,phah-lī,phah4li7,phah4li7
phah-phiàn,拍騙,25,phah-phiàn,phah4phian3,phah4phian3
phah-kóo,拍鼓,25,phah-kó͘,phah4koo2,phah4koo2
khînn-ke,拑家,25,khîⁿ-ke,khinn5ke1,khinn5ke1
thok-tiong,拓張,25,thok-tiong,thok4tiong1,thok4tiong1
pue̍h-tshut,拔出,25,poe̍h-chhut,pueh8tshut4,poeh8chhut4
pue̍h-ko,拔高,25,poe̍h-ko,pueh8ko1,poeh8ko1
thua-sua,拖沙,25,thoa-soa,thua1sua1,thoa1soa1
áu-uan,拗彎,25,áu-oan,au2uan1,au2oan1
áu-thia̍p,拗疊,25,áu-thia̍p,au2thiap8,au2thiap8
áu-kha,拗跤,25,áu-kha,au2kha1,au2kha1
áu-ūn,拗韻,25,áu-ūn,au2un7,au2un7
piànn-la̍t,拚力,25,piàⁿ-la̍t,piann3lat8,piann3lat8
piànn-sè,拚勢,25,piàⁿ-sè,piann3se3,piann3se3
piànn-mê,拚暝,25,piàⁿ-mê,piann3me5,piann3me5
pài-sann,拜三,25,pài-saⁿ,pai3sann1,pai3sann1
pài-jī,拜二,25,pài-jī,pai3ji7,pai3ji7
pài-gōo,拜五,25,pài-gō͘,pai3goo7,pai3goo7
pài-la̍k,拜六,25,pài-la̍k,pai3lak8,pai3lak8
pài-ji̍t,拜日,25,pài-ji̍t,pai3jit8,pai3jit8
gióng-sú,拱墅,25,gióng-sú,giong2su2,giong2su2
kûn-kik,拳擊,25,kûn-kek,kun5kik4,kun5kek4
hia̍p-koh,拹閣,25,hia̍p-koh,hiap8koh4,hiap8koh4
kí-suann,指山,25,kí-soaⁿ,ki2suann1,ki2soann1
tsáinn-khòng,指控,25,cháiⁿ-khòng,tsainn2khong3,chainn2khong3
án-ne,按呢,25,án-ne,an2ne1,an2ne1
àn-lu̍t,按律,25,àn-lu̍t,an3lut8,an3lut8
án-tsuánn,按怎,25,án-chóaⁿ,an2tsuann2,an2choann2
án-huē,按會,25,án-hōe,an2hue7,an2hoe7
àn-huat,按法,25,àn-hoat,an3huat4,an3hoat4
án-ná,按那,25,án-ná,an2na2,an2na2
àn-liú,按鈕,25,àn-liú,an3liu2,an3liu2
thiau-lāng,挑俍,25,thiau-lāng,thiau1lang7,thiau1lang7
hìnn-sak,挕捒,25,hìⁿ-sak,hinn3sak4,hinn3sak4
e-lâng,挨礱,25,e-lâng,e1lang5,e1lang5
ue-lâng,挨礱,25,oe-lâng,ue1lang5,oe1lang5
ná-ui,挪威,25,ná-ui,na2ui1,na2ui1
nô-ui,挪威,25,nô-ui,no5ui1,no5ui1
tshò-siong,挫傷,25,chhò-siong,tsho3siong1,chho3siong1
so-tshiú,挲手,25,so-chhiú,so1tshiu2,so1chhiu2
so-tsháu,挲草,25,so-chháu,so1tshau2,so1chhau2
lòng-tsénn,挵井,25,lòng-chéⁿ,long3tsenn2,long3chenn2
lòng-tsínn,挵井,25,lòng-chíⁿ,long3tsinn2,long3chinn2
lòng-tio̍h,挵著,25,lòng-tio̍h,long3tioh8,long3tioh8
lòng-khò,挵課,25,lòng-khò,long3kho3,long3kho3
lòng-kuan,挵關,25,lòng-koan,long3kuan1,long3koan1
ip-puî,挹肥,25,ip-pûi,ip4pui5,ip4pui5
bán-kin,挽筋,25,bán-kin,ban2kin1,ban2kin1
bán-bah,挽肉,25,bán-bah,ban2bah4,ban2bah4
bán-tsháu,挽草,25,bán-chháu,ban2tshau2,ban2chhau2
bán-tshài,挽菜,25,bán-chhài,ban2tshai3,ban2chhai3
bán-io̍h,挽藥,25,bán-io̍h,ban2ioh8,ban2ioh8
gia̍p-tio̍h,挾著,25,gia̍p-tio̍h,giap8tioh8,giap8tioh8
nge̍h-tio̍h,挾著,25,nge̍h-tio̍h,ngeh8tioh8,ngeh8tioh8
phâng-tiûnn,捀場,25,phâng-tiûⁿ,phang5tiunn5,phang5tiunn5
phâng-tshài,捀菜,25,phâng-chhài,phang5tshai3,phang5chhai3
thóng-phīnn,捅鼻,25,thóng-phīⁿ,thong2phinn7,thong2phinn7
sak-bûn,捒文,25,sak-bûn,sak4bun5,sak4bun5
sak-phàu,捒炮,25,sak-phàu,sak4phau3,sak4phau3
sak-hong,捒風,25,sak-hong,sak4hong1,sak4hong1
tshia-piànn,捙拚,25,chhia-piàⁿ,tshia1piann3,chhia1piann3
tshia-tshi,捙蛆,25,chhia-chhi,tshia1tshi1,chhia1chhi1
tshia-tshir,捙蛆,25,chhia-chhir,tshia1tshir1,chhia1chhir1
tshia-tshu,捙蛆,25,chhia-chhu,tshia1tshu1,chhia1chhu1
kńg-âu,捲喉,25,kńg-âu,kng2au5,kng2au5
kńg-tsn̄g,捲旋,25,kńg-chn̄g,kng2tsng7,kng2chng7
kńg-ti̍k,捲軸,25,kńg-te̍k,kng2tik8,kng2tek8
kńg-hong,捲風,25,kńg-hong,kng2hong1,kng2hong1
tsia̍p-tsia̍p,捷捷,25,chia̍p-chia̍p,tsiap8tsiap8,chiap8chiap8
tsia̍p-iōng,捷用,25,chia̍p-iōng,tsiap8iong7,chiap8iong7
tsia̍t-ūn,捷運,25,chia̍t-ūn,tsiat8un7,chiat8un7
liàm-hue,捻花,25,liàm-hoe,liam3hue1,liam3hoe1
liàm-tshài,捻菜,25,liàm-chhài,liam3tshai3,liam3chhai3
sut-kùn,捽棍,25,sut-kùn,sut4kun3,sut4kun3
kuānn-tiānn,捾定,25,kōaⁿ-tiāⁿ,kuann7tiann7,koann7tiann7
siū-sìn,授信,25,siū-sìn,siu7sin3,siu7sin3
pâi-jiō,排尿,25,pâi-jiō,pai5jio7,pai5jio7
pâi-liō,排尿,25,pâi-liō,pai5lio7,pai5lio7
pâi-tshah,排插,25,pâi-chhah,pai5tshah4,pai5chhah4
pâi-jua̍h,排熱,25,pâi-joa̍h,pai5juah8,pai5joah8
pâi-suànn,排線,25,pâi-sòaⁿ,pai5suann3,pai5soann3
ku̍t-thôo,掘塗,25,ku̍t-thô͘,kut8thoo5,kut8thoo5
ku̍t-khut,掘窟,25,ku̍t-khut,kut8khut4,kut8khut4
khuà-sim,掛心,25,khòa-sim,khua3sim1,khoa3sim1
kuà-ì,掛意,25,kòa-ì,kua3i3,koa3i3
kuà-lū,掛慮,25,kòa-lū,kua3lu7,koa3lu7
kuà-tōo,掛肚,25,kòa-tō͘,kua3too7,koa3too7
tau-hún,掜粉,25,tau-hún,tau1hun2,tau1hun2
lia̍h-pó,掠寶,25,lia̍h-pó,liah8po2,liah8po2
lia̍h-lāu,掠漏,25,lia̍h-lāu,liah8lau7,liah8lau7
lia̍h-kông,掠狂,25,lia̍h-kông,liah8kong5,liah8kong5
lia̍h-kâu,掠猴,25,lia̍h-kâu,liah8kau5,liah8kau5
lia̍h-bah,掠肉,25,lia̍h-bah,liah8bah4,liah8bah4
lia̍h-thâng,掠蟲,25,lia̍h-thâng,liah8thang5,liah8thang5
lia̍h-tshia,掠車,25,lia̍h-chhia,liah8tshia1,liah8chhia1
lia̍h-hāu,掠鱟,25,lia̍h-hāu,liah8hau7,liah8hau7
thàm-kiô,探橋,25,thàm-kiô,tham3kio5,tham3kio5
tham-khòng,探礦,25,tham-khòng,tham1khong3,tham1khong3
thàm-khòng,探礦,25,thàm-khòng,tham3khong3,tham3khong3
thàm-khóng,探礦,25,thàm-khóng,tham3khong2,tham3khong2
thàm-sak,探索,25,thàm-sak,tham3sak4,tham3sak4
thàm-sik,探索,25,thàm-sek,tham3sik4,tham3sek4
thàm-sok,探索,25,thàm-sok,tham3sok4,tham3sok4
thàm-thâu,探頭,25,thàm-thâu,tham3thau5,tham3thau5
tshuah-tshuah,掣掣,25,chhoah-chhoah,tshuah4tshuah4,chhoah4chhoah4
tshuah-lâu,掣流,25,chhoah-lâu,tshuah4lau5,chhoah4lau5
tsiap-siū,接受,25,chiap-siū,tsiap4siu7,chiap4siu7
tsiap-sû,接辭,25,chiap-sû,tsiap4su5,chiap4su5
khàng-suann,控山,25,khàng-soaⁿ,khang3suann1,khang3soann1
khòng-kóo,控股,25,khòng-kó͘,khong3koo2,khong3koo2
khàng-tsînn,控錢,25,khàng-chîⁿ,khang3tsinn5,khang3chinn5
thui-thò,推套,25,thui-thò,thui1tho3,thui1tho3
thui-thò,推妥,25,thui-thò,thui1tho3,thui1tho3
tshui-tshiâu,推撨,25,chhui-chhiâu,tshui1tshiau5,chhui1chhiau5
thui-bûn,推文,25,thui-bûn,thui1bun5,thui1bun5
tshui-tha̍h,推疊,25,chhui-tha̍h,tshui1thah8,chhui1thah8
thui-la̍h,推蠟,25,thui-la̍h,thui1lah8,thui1lah8
iám-sin,掩身,25,iám-sin,iam2sin1,iam2sin1
iám-mn̂g,掩門,25,iám-mn̂g,iam2mng5,iam2mng5
am-bīn,掩面,25,am-bīn,am1bin7,am1bin7
pué-tshuì,掰喙,25,póe-chhùi,pue2tshui3,poe2chhui3
pué-huē,掰會,25,póe-hōe,pue2hue7,poe2hoe7
pué-lī,掰離,25,póe-lī,pue2li7,poe2li7
bok-sin,揍身,25,bok-sin,bok4sin1,bok4sin1
biâu-suat,描說,25,biâu-soat,biau5suat4,biau5soat4
thê-tsîng,提前,25,thê-chêng,the5tsing5,the5cheng5
thê-tsá,提早,25,thê-chá,the5tsa2,the5cha2
the̍h-toh,提桌,25,the̍h-toh,theh8toh4,theh8toh4
the̍h-tio̍h,提著,25,the̍h-tio̍h,theh8tioh8,theh8tioh8
the̍h-tsáu,提走,25,the̍h-cháu,theh8tsau2,theh8chau2
tshap-tshuì,插喙,25,chhap-chhùi,tshap4tshui3,chhap4chhui3
tshah-tiâu,插條,25,chhah-tiâu,tshah4tiau5,chhah4tiau5
tshap-lām,插濫,25,chhap-lām,tshap4lam7,chhap4lam7
tshah-pit,插筆,25,chhah-pit,tshah4pit4,chhah4pit4
tshah-kóng,插管,25,chhah-kóng,tshah4kong2,chhah4kong2
tshah-tshia,插車,25,chhah-chhia,tshah4tshia1,chhah4chhia1
uānn-tóng,換檔,25,ōaⁿ-tóng,uann7tong2,oann7tong2
uānn-âng,換紅,25,ōaⁿ-âng,uann7ang5,oann7ang5
uānn-io̍h,換藥,25,ōaⁿ-io̍h,uann7ioh8,oann7ioh8
uānn-tshut,換齣,25,ōaⁿ-chhut,uann7tshut4,oann7chhut4
iap-thiap,揜貼,25,iap-thiap,iap4thiap4,iap4thiap4
tshuē-kiû,揣求,25,chhōe-kiû,tshue7kiu5,chhoe7kiu5
tshē-kiû,揣求,25,chhē-kiû,tshe7kiu5,chhe7kiu5
tshuē-bô,揣無,25,chhōe-bô,tshue7bo5,chhoe7bo5
tshuē-tio̍h,揣著,25,chhōe-tio̍h,tshue7tioh8,chhoe7tioh8
tshuē-tsînn,揣錢,25,chhōe-chîⁿ,tshue7tsinn5,chhoe7chinn5
tshē-tsînn,揣錢,25,chhē-chîⁿ,tshe7tsinn5,chhe7chinn5
tshēr-tsînn,揣錢,25,chhēr-chîⁿ,tsher7tsinn5,chher7chinn5
ji̍h-tiàu,揤吊,25,ji̍h-tiàu,jih8tiau3,jih8tiau3
tshi̍h-jí,揤子,25,chhi̍h-jí,tshih8ji2,chhih8ji2
tshi̍h-khòng,揤控,25,chhi̍h-khòng,tshih8khong3,chhih8khong3
tshih-loh,揤落,25,chhih-loh,tshih4loh4,chhih4loh4
tshi̍h-loh,揤落,25,chhi̍h-loh,tshih8loh4,chhih8loh4
tshi̍h-tsán,揤讚,25,chhi̍h-chán,tshih8tsan2,chhih8chan2
tshi̍h-liú,揤鈕,25,chhi̍h-liú,tshih8liu2,chhih8liu2
tshiû-bōng,揫墓,25,chhiû-bōng,tshiu5bong7,chhiu5bong7
tu̍h-tshàu,揬臭,25,tu̍h-chhàu,tuh8tshau3,tuh8chhau3
tu̍h-lān,揬𡳞,25,tu̍h-lān,tuh8lan7,tuh8lan7
khiat-sī,揭示,25,khiat-sī,khiat4si7,khiat4si7
hui-huat,揮發,25,hui-hoat,hui1huat4,hui1hoat4
phāinn-á,揹仔,25,phāiⁿ-á,phainn7a2,phainn7a2
ui-tsiam,揻針,25,ui-chiam,ui1tsiam1,ui1chiam1
thí-khui,搋開,25,thí-khui,thi2khui1,thi2khui1
sńg-tn̄g,損蕩,25,sńg-tn̄g,sng2tng7,sng2tng7
phok-tōng,搏動,25,phok-tōng,phok4tong7,phok4tong7
phok-hú,搏拊,25,phok-hú,phok4hu2,phok4hu2
tiuh-tiuh,搐搐,25,tiuh-tiuh,tiuh4tiuh4,tiuh4tiuh4
iô-tshn̂g,搖床,25,iô-chhn̂g,io5tshng5,io5chhng5
iô-kuáinn,搖桿,25,iô-koáiⁿ,io5kuainn2,io5koainn2
iô-hong,搖風,25,iô-hong,io5hong1,io5hong1
iô-kóo,搖鼓,25,iô-kó͘,io5koo2,io5koo2
tshiau-thôo,搜塗,25,chhiau-thô͘,tshiau1thoo5,chhiau1thoo5
tshiau-té,搜底,25,chhiau-té,tshiau1te2,chhiau1te2
tshiau-tshuē,搜揣,25,chhiau-chhōe,tshiau1tshue7,chhiau1chhoe7
tshiau-kànn,搜酵,25,chhiau-kàⁿ,tshiau1kann3,chhiau1kann3
giú-kheh,搝客,25,giú-kheh,giu2kheh4,giu2kheh4
khiú-kheh,搝客,25,khiú-kheh,khiu2kheh4,khiu2kheh4
khiú-la̍k,搝搦,25,khiú-la̍k,khiu2lak8,khiu2lak8
giú-phiò,搝票,25,giú-phiò,giu2phio3,giu2phio3
khiú-phiò,搝票,25,khiú-phiò,khiu2phio3,khiu2phio3
tsìnn-tuī,搢兌,25,chìⁿ-tūi,tsinn3tui7,chinn3tui7
iah-thôo,搤塗,25,iah-thô͘,iah4thoo5,iah4thoo5
iah-tsuí,搤水,25,iah-chúi,iah4tsui2,iah4chui2
la̍k-iú,搦有,25,la̍k-iú,lak8iu2,lak8iu2
la̍k-khuân,搦權,25,la̍k-khoân,lak8khuan5,lak8khoan5
siàn-bīn,搧面,25,siàn-bīn,sian3bin7,sian3bin7
tn̄g-sann,搪衫,25,tn̄g-saⁿ,tng7sann1,tng7sann1
tah-bā,搭峇,25,tah-bā,tah4ba7,tah4ba7
tah-iû,搭油,25,tah-iû,tah4iu5,tah4iu5
tah-tsûn,搭船,25,tah-chûn,tah4tsun5,tah4chun5
tah-tshia,搭車,25,tah-chhia,tah4tshia1,tah4chhia1
tah-liân,搭連,25,tah-liân,tah4lian5,tah4lian5
ùn-liāu,搵料,25,ùn-liāu,un3liau7,un3liau7
ùn-tâm,搵澹,25,ùn-tâm,un3tam5,un3tam5
ùn-tsiùnn,搵醬,25,ùn-chiùⁿ,un3tsiunn3,un3chiunn3
tshiúnn-tuī,搶兌,25,chhiúⁿ-tūi,tshiunn2tui7,chhiunn2tui7
tshiónn-hì,搶戲,25,chhióⁿ-hì,tshionn2hi3,chhionn2hi3
tshiúnn-hì,搶戲,25,chhiúⁿ-hì,tshiunn2hi3,chhiunn2hi3
tshiúnn-tshiú,搶手,25,chhiúⁿ-chhiú,tshiunn2tshiu2,chhiunn2chhiu2
tshiúnn-soo,搶酥,25,chhiúⁿ-so͘,tshiunn2soo1,chhiunn2soo1
kòng-uân,摃丸,25,kòng-oân,kong3uan5,kong3oan5
kòng-kòo,摃寇,25,kòng-kò͘,kong3koo3,kong3koo3
kòng-kiû,摃球,25,kòng-kiû,kong3kiu5,kong3kiu5
kòng-khang,摃空,25,kòng-khang,kong3khang1,kong3khang1
kòng-thn̂g,摃糖,25,kòng-thn̂g,kong3thng5,kong3thng5
kòng-ku,摃龜,25,kòng-ku,kong3ku1,kong3ku1
siak-phah,摔拍,25,siak-phah,siak4phah4,siak4phah4
siak-tháng,摔桶,25,siak-tháng,siak4thang2,siak4thang2
siak-sí,摔死,25,siak-sí,siak4si2,siak4si2
siak-tshik,摔粟,25,siak-chhek,siak4tshik4,siak4chhek4
siàng-hing,摔胸,25,siàng-heng,siang3hing1,siang3heng1
tshuè-á,摖仔,25,chhòe-á,tshue3a2,chhoe3a2
tshè-á,摖仔,25,chhè-á,tshe3a2,chhe3a2
tshè-siong,摖傷,25,chhè-siong,tshe3siong1,chhe3siong1
tiah-ngeh,摘夾,25,tiah-ngeh,tiah4ngeh4,tiah4ngeh4
tiah-tshài,摘菜,25,tiah-chhài,tiah4tshai3,tiah4chhai3
tiah-tha̍k,摘讀,25,tiah-tha̍k,tiah4thak8,tiah4thak8
tshuê-á,摧仔,25,chhôe-á,tshue5a2,chhoe5a2
môo-kiat,摩羯,25,mô͘-kiat,moo5kiat4,moo5kiat4
bong-ling,摸奶,25,bong-leng,bong1ling1,bong1leng1
boo-ni,摸奶,25,bo͘-ni,boo1ni1,boo1ni1
bong-khòng,摸控,25,bong-khòng,bong1khong3,bong1khong3
moo-hui,摸飛,25,mo͘-hui,moo1hui1,moo1hui1
tsham-lām,摻濫,25,chham-lām,tsham1lam7,chham1lam7
tshàm-sik,摻色,25,chhàm-sek,tsham3sik4,chham3sek4
phia̍t-á,撇仔,25,phia̍t-á,phiat8a2,phiat8a2
phiat-pōo,撇步,25,phiat-pō͘,phiat4poo7,phiat4poo7
sāi-thái,撒體,25,sāi-thái,sai7thai2,sai7thai2
lián-tsînn,撚錢,25,lián-chîⁿ,lian2tsinn5,lian2chinn5
tōng-tsénn,撞井,25,tōng-chéⁿ,tong7tsenn2,tong7chenn2
tōng-tsínn,撞井,25,tōng-chíⁿ,tong7tsinn2,tong7chinn2
tōng-tu̍t,撞突,25,tōng-tu̍t,tong7tut8,tong7tut8
thiat-ióng,撤勇,25,thiat-ióng,thiat4iong2,thiat4iong2
puah-kang,撥工,25,poah-kang,puah4kang1,poah4kang1
puah-khui,撥開,25,poah-khui,puah4khui1,poah4khui1
tshiâu-tshik,撨測,25,chhiâu-chhek,tshiau5tshik4,chhiau5chhek4
tshiâu-uē,撨話,25,chhiâu-ōe,tshiau5ue7,chhiau5oe7
liâu-pòo,撩布,25,liâu-pò͘,liau5poo3,liau5poo3
liâu-tshâ,撩柴,25,liâu-chhâ,liau5tsha5,liau5chha5
hám-á,撼仔,25,hám-á,ham2a2,ham2a2
luî-hún,擂粉,25,lûi-hún,lui5hun2,lui5hun2
to̍h-tshài,擇菜,25,to̍h-chhài,toh8tshai3,toh8chhai3
tia̍k-á,擉仔,25,tia̍k-á,tiak8a2,tiak8a2
tòng-phiat,擋撇,25,tòng-phiat,tong3phiat4,tong3phiat4
tòng-thâu,擋頭,25,tòng-thâu,tong3thau5,tong3thau5
tshau-ping,操兵,25,chhau-peng,tshau1ping1,chhau1peng1
tsho-to,操刀,25,chho-to,tsho1to1,chho1to1
tshau-sim,操心,25,chhau-sim,tshau1sim1,chhau1sim1
tshau-khik,操曲,25,chhau-khek,tshau1khik4,chhau1khek4
tsho-tsiu,操舟,25,chho-chiu,tsho1tsiu1,chho1chiu1
tann-tànn,擔擔,25,taⁿ-tàⁿ,tann1tann3,tann1tann3
tam-tng,擔當,25,tam-tng,tam1tng1,tam1tng1
tann-thâu,擔頭,25,taⁿ-thâu,tann1thau5,tann1thau5
phiak-ku,擗龜,25,phiak-ku,phiak4ku1,phiak4ku1
peh-ha,擘哈,25,peh-ha,peh4ha1,peh4ha1
ia̍t-tshiú,擛手,25,ia̍t-chhiú,iat8tshiu2,iat8chhiu2
tioh-kî,擢棋,25,tioh-kî,tioh4ki5,tioh4ki5
tshat-á,擦仔,25,chhat-á,tshat4a2,chhat4a2
gí-tôo,擬徒,25,gí-tô͘,gi2too5,gi2too5
gí-liû,擬流,25,gí-liû,gi2liu5,gi2liu5
tàn-tiāu,擲掉,25,tàn-tiāu,tan3tiau7,tan3tiau7
pái-puah,擺撥,25,pái-poah,pai2puah4,pai2poah4
ngiau-ti,擽呧,25,ngiau-ti,ngiau1ti1,ngiau1ti1
lu-moo,攄毛,25,lu-mo͘,lu1moo1,lu1moo1
lóng-tsò,攏做,25,lóng-chò,long2tso3,long2cho3
lóng-sī,攏是,25,lóng-sī,long2si7,long2si7
lóng-ū,攏有,25,lóng-ū,long2u7,long2u7
lóng-tsóng,攏總,25,lóng-chóng,long2tsong2,long2chong2
lóng-huat,攏髮,25,lóng-hoat,long2huat4,long2hoat4
tshiám-to,攕刀,25,chhiám-to,tshiam2to1,chhiam2to1
tshiam-hueh,攕血,25,chhiam-hoeh,tshiam1hueh4,chhiam1hoeh4
tshiam-huih,攕血,25,chhiam-huih,tshiam1huih4,chhiam1huih4
liap-jiō,攝尿,25,liap-jiō,liap4jio7,liap4jio7
liap-sái,攝屎,25,liap-sái,liap4sai2,liap4sai2
liap-tiâu,攝牢,25,liap-tiâu,liap4tiau5,liap4tiau5
liap-kíng,攝襉,25,liap-kéng,liap4king2,liap4keng2
kiáu-jiáu,攪擾,25,kiáu-jiáu,kiau2jiau2,kiau2jiau2
kiáu-sik,攪色,25,kiáu-sek,kiau2sik4,kiau2sek4
lám-hing,攬胸,25,lám-heng,lam2hing1,lam2heng1
tsi-lí,支理,25,chi-lí,tsi1li2,chi1li2
tsi-ná,支那,25,chi-ná,tsi1na2,chi1na2
siu-khǹg,收囥,25,siu-khǹg,siu1khng3,siu1khng3
siu-tit,收得,25,siu-tit,siu1tit4,siu1tit4
siu-sok,收束,25,siu-sok,siu1sok4,siu1sok4
siu-tsuí,收水,25,siu-chúi,siu1tsui2,siu1chui2
siu-kann,收監,25,siu-kaⁿ,siu1kann1,siu1kann1
kái-ut,改鬱,25,kái-ut,kai2ut4,kai2ut4
pàng-tiānn,放定,25,pàng-tiāⁿ,pang3tiann7,pang3tiann7
pàng-jiō,放尿,25,pàng-jiō,pang3jio7,pang3jio7
pàng-liō,放尿,25,pàng-liō,pang3lio7,pang3lio7
pàng-sái,放屎,25,pàng-sái,pang3sai2,pang3sai2
pàng-sak,放捒,25,pàng-sak,pang3sak4,pang3sak4
pàng-moo,放毛,25,pàng-mo͘,pang3moo1,pang3moo1
pàng-siann,放聲,25,pàng-siaⁿ,pang3siann1,pang3siann1
hòng-sàng,放送,25,hòng-sàng,hong3sang3,hong3sang3
pàng-tsiáu,放鳥,25,pàng-chiáu,pang3tsiau2,pang3chiau2
tsìng-hô,政和,25,chèng-hô,tsing3ho5,cheng3ho5
kòo-sū,故事,25,kò͘-sū,koo3su7,koo3su7
kap-uá,敆倚,25,kap-óa,kap4ua2,kap4oa2
kap-bā,敆峇,25,kap-bā,kap4ba7,kap4ba7
kap-lōo,敆路,25,kap-lō͘,kap4loo7,kap4loo7
kap-tīn,敆陣,25,kap-tīn,kap4tin7,kap4tin7
kap-piánn,敆餅,25,kap-piáⁿ,kap4piann2,kap4piann2
bín-kám,敏感,25,bín-kám,bin2kam2,bin2kam2
kiù-sio̍k,救贖,25,kiù-sio̍k,kiu3siok8,kiu3siok8
thik-līng,敕令,25,thek-lēng,thik4ling7,thek4leng7
thik-hong,敕封,25,thek-hong,thik4hong1,thek4hong1
pāi-khì,敗去,25,pāi-khì,pai7khi3,pai7khi3
pāi-tshī,敗市,25,pāi-chhī,pai7tshi7,pai7chhi7
pāi-ki,敗機,25,pāi-ki,pai7ki1,pai7ki1
pāi-hìng,敗興,25,pāi-hèng,pai7hing3,pai7heng3
pāi-lián,敗輪,25,pāi-lián,pai7lian2,pai7lian2
kàu-tsú,教主,25,kàu-chú,kau3tsu2,kau3chu2
kàu-uân,教員,25,kàu-oân,kau3uan5,kau3oan5
kàu-su,教師,25,kàu-su,kau3su1,kau3su1
kánn-tān,敢但,25,káⁿ-tān,kann2tan7,kann2tan7
kánn-sī,敢是,25,káⁿ-sī,kann2si7,kann2si7
kám-ū,敢有,25,kám-ū,kam2u7,kam2u7
kám-kóng,敢講,25,kám-kóng,kam2kong2,kam2kong2
suànn-sian,散仙,25,sòaⁿ-sian,suann3sian1,soann3sian1
suànn-hîng,散形,25,sòaⁿ-hêng,suann3hing5,soann3heng5
sàn-pún,散本,25,sàn-pún,san3pun2,san3pun2
sàn-tshiah,散赤,25,sàn-chhiah,san3tshiah4,san3chhiah4
suànn-seh,散雪,25,sòaⁿ-seh,suann3seh4,soann3seh4
sàn-tsia̍h,散食,25,sàn-chia̍h,san3tsiah8,san3chiah8
khi-khi,敧敧,25,khi-khi,khi1khi1,khi1khi1
khà-nn̄g,敲卵,25,khà-nn̄g,kha3nng7,kha3nng7
khà-jī,敲字,25,khà-jī,kha3ji7,kha3ji7
khà-iû,敲油,25,khà-iû,kha3iu5,kha3iu5
khà-uánn,敲碗,25,khà-óaⁿ,kha3uann2,kha3oann2
tsíng-huē,整匯,25,chéng-hōe,tsing2hue7,cheng2hoe7
tsíng-tsînn,整錢,25,chéng-chîⁿ,tsing2tsinn5,cheng2chinn5
hu-niau,敷貓,25,hu-niau,hu1niau1,hu1niau1
siàu-liām,數念,25,siàu-liām,siau3liam7,siau3liam7
siàu-siūnn,數想,25,siàu-siūⁿ,siau3siunn7,siau3siunn7
sòo-to̍k,數獨,25,sò͘-to̍k,soo3tok8,soo3tok8
sóo-to̍k,數獨,25,só͘-to̍k,soo2tok8,soo2tok8
siàu-ba̍k,數目,25,siàu-ba̍k,siau3bak8,siau3bak8
sòo-bé,數碼,25,sò͘-bé,soo3be2,soo3be2
sòo-má,數碼,25,sò͘-má,soo3ma2,soo3ma2
siàu-hō,數號,25,siàu-hō,siau3ho7,siau3ho7
sò͘-chōa,數逝,25,sò͘-chōa,so͘3choa7,soo3choa7
sò͘-tīn,數陣,25,sò͘-tīn,so͘3tin7,soo3tin7
bûn-tshòng,文創,25,bûn-chhòng,bun5tshong3,bun5chhong3
bûn-khòo,文庫,25,bûn-khò͘,bun5khoo3,bun5khoo3
bûn-sîng,文成,25,bûn-sêng,bun5sing5,bun5seng5
bûn-pún,文本,25,bûn-pún,bun5pun2,bun5pun2
bûn-tho̍k,文讀,25,bûn-tho̍k,bun5thok8,bun5thok8
bûn-tshing,文青,25,bûn-chheng,bun5tshing1,bun5chheng1
pan-bé,斑馬,25,pan-bé,pan1be2,pan1be2
táu-kat,斗葛,25,táu-kat,tau2kat4,tau2kat4
liāu-siáu,料小,25,liāu-siáu,liau7siau2,liau7siau2
tshiâ-lui,斜lui,25,chhiâ-lui,tshia5lui1,chhia5lui1
tshiâ-lu̍t,斜率,25,chhiâ-lu̍t,tshia5lut8,chhia5lut8
tshua̍h-suànn,斜線,25,chhoa̍h-sòaⁿ,tshuah8suann3,chhoah8soann3
tshiâ-tsuā,斜逝,25,chhiâ-chōa,tshia5tsua7,chhia5choa7
tsim-tsiok,斟酌,25,chim-chiok,tsim1tsiok4,chim1chiok4
pú-thâu,斧頭,25,pú-thâu,pu2thau5,pu2thau5
su-khong,斯康,25,su-khong,su1khong1,su1khong1
sin-kio̍k,新劇,25,sin-kio̍k,sin1kiok8,sin1kiok8
sin-tshù,新厝,25,sin-chhù,sin1tshu3,sin1chhu3
sin-siânn,新城,25,sin-siâⁿ,sin1siann5,sin1siann5
sin-siok,新宿,25,sin-siok,sin1siok4,sin1siok4
sin-sok,新宿,25,sin-sok,sin1sok4,sin1sok4
sin-nî,新年,25,sin-nî,sin1ni5,sin1ni5
sin-tshiong,新昌,25,sin-chhiong,sin1tshiong1,sin1chhiong1
sin-tsiann,新正,25,sin-chiaⁿ,sin1tsiann1,sin1chiann1
sin-káng,新港,25,sin-káng,sin1kang2,sin1kang2
sin-kài,新界,25,sin-kài,sin1kai3,sin1kai3
sin-tik,新竹,25,sin-tek,sin1tik4,sin1tek4
sin-lô,新羅,25,sin-lô,sin1lo5,sin1lo5
tn̄g-tsàn,斷層,25,tn̄g-chàn,tng7tsan3,tng7chan3
tn̄g-tsân,斷層,25,tn̄g-chân,tng7tsan5,tng7chan5
tuān-gâi,斷崖,25,toān-gâi,tuan7gai5,toan7gai5
hong-tīn,方陣,25,hong-tīn,hong1tin7,hong1tin7
si-lông,施琅,25,si-lông,si1long5,si1long5
pông-pinn,旁邊,25,pông-piⁿ,pong5pinn1,pong5pinn1
lí-tîng,旅程,25,lí-têng,li2ting5,li2teng5
lú-tîng,旅程,25,lú-têng,lu2ting5,lu2teng5
suân-hong,旋風,25,soân-hong,suan5hong1,soan5hong1
kî-tin,旗津,25,kî-tin,ki5tin1,ki5tin1
ji̍t-iông,日傭,25,ji̍t-iông,jit8iong5,jit8iong5
jit-mian,日冕,25,jit-mian,jit4mian1,jit4mian1
jit-kuan,日冠,25,jit-koan,jit4kuan1,jit4koan1
ji̍t-tsí,日子,25,ji̍t-chí,jit8tsi2,jit8chi2
ji̍t-thiah,日拆,25,ji̍t-thiah,jit8thiah4,jit8thiah4
ji̍t-pha̍k,日曝,25,ji̍t-pha̍k,jit8phak8,jit8phak8
ji̍t-phiò,日票,25,ji̍t-phiò,jit8phio3,jit8phio3
li̍t-gír,日語,25,li̍t-gír,lit8gir2,lit8gir2
tsái-tshī,早市,25,chái-chhī,tsai2tshi7,chai2chhi7
tsá-sî,早時,25,chá-sî,tsa2si5,cha2si5
tsá-poo,早晡,25,chá-po͘,tsa2poo1,cha2poo1
tsá-thâu,早頭,25,chá-thâu,tsa2thau5,cha2thau5
tsá-tshio,早𪁎,25,chá-chhio,tsa2tshio1,cha2chhio1
hàn-tē,旱地,25,hàn-tē,han3te7,han3te7
hān-siōng,旱象,25,hān-siōng,han7siong7,han7siong7
āng-siann,旺聲,25,āng-siaⁿ,ang7siann1,ang7siann1
ōng-kak,旺角,25,ōng-kak,ong7kak4,ong7kak4
âng-siann,昂聲,25,âng-siaⁿ,ang5siann1,ang5siann1
bîng-kî,明其,25,bêng-kî,bing5ki5,beng5ki5
bîn-tun,明墩,25,bîn-tun,bin5tun1,bin5tun1
bîng-thian,明天,25,bêng-thian,bing5thian1,beng5thian1
muâ-nî,明年,25,môa-nî,mua5ni5,moa5ni5
bîng-sing,明星,25,bêng-seng,bing5sing1,beng5seng1
bîng-tshenn,明星,25,bêng-chheⁿ,bing5tshenn1,beng5chhenn1
bîng-tōng,明洞,25,bêng-tōng,bing5tong7,beng5tong7
bîng-khe,明溪,25,bêng-khe,bing5khe1,beng5khe1
bîng-thé,明體,25,bêng-thé,bing5the2,beng5the2
hun-thâu,昏頭,25,hun-thâu,hun1thau5,hun1thau5
tshenn-á,星仔,25,chheⁿ-á,tshenn1a2,chhenn1a2
tshenn-tun,星墩,25,chheⁿ-tun,tshenn1tun1,chhenn1tun1
tshinn-tun,星墩,25,chhiⁿ-tun,tshinn1tun1,chhinn1tun1
sing-siù,星宿,25,seng-siù,sing1siu3,seng1siu3
sing-kî,星期,25,seng-kî,sing1ki5,seng1ki5
sing-kiû,星球,25,seng-kiû,sing1kiu5,seng1kiu5
sing-khong,星空,25,seng-khong,sing1khong1,seng1khong1
tshenn-hē,星系,25,chheⁿ-hē,tshenn1he7,chhenn1he7
tshun-á,春仔,25,chhun-á,tshun1a2,chhun1a2
tshun-tsiú,春酒,25,chhun-chiú,tshun1tsiu2,chhun1chiu2
tshun-im,春陰,25,chhun-im,tshun1im1,chhun1im1
tsa-huinn,昨昏,25,cha-huiⁿ,tsa1huinn1,cha1huinn1
sī-tsuî,是誰,25,sī-chûi,si7tsui5,si7chui5
sī-tǹg,是頓,25,sī-tǹg,si7tng3,si7tng3
sî-khu,時區,25,sî-khu,si5khu1,si5khu1
sî-kio̍k,時局,25,sî-kio̍k,si5kiok8,si5kiok8
sî-thài,時態,25,sî-thài,si5thai3,si5thai3
sî-sî,時時,25,sî-sî,si5si5,si5si5
sî-tsām,時站,25,sî-chām,si5tsam7,si5cham7
sî-kiânn,時行,25,sî-kiâⁿ,si5kiann5,si5kiann5
sî-tsūn,時陣,25,sî-chūn,si5tsun7,si5chun7
tsìn-an,晉安,25,chìn-an,tsin3an1,chin3an1
tsìn-kang,晉江,25,chìn-kang,tsin3kang1,chin3kang1
muí-poo,晚晡,25,múi-po͘,mui2poo1,mui2poo1
mńg-poo,晚晡,25,mńg-po͘,mng2poo1,mng2poo1
tàu-ah,晝矣,25,tàu-ah,tau3ah4,tau3ah4
phóo-thai,普篩,25,phó͘-thai,phoo2thai1,phoo2thai1
phóo-thong,普通,25,phó͘-thong,phoo2thong1,phoo2thong1
phóo-tô,普陀,25,phó͘-tô,phoo2to5,phoo2to5
kíng-lîng,景寧,25,kéng-lêng,king2ling5,keng2leng5
kíng-tsho,景差,25,kéng-chho,king2tsho1,keng2chho1
tsing-tsu,晶珠,25,cheng-chu,tsing1tsu1,cheng1chu1
tì-kak,智覺,25,tì-kak,ti3kak4,ti3kak4
tì-tsiòng,智障,25,tì-chiòng,ti3tsiong3,ti3chiong3
nê-sann,晾衫,25,nê-saⁿ,ne5sann1,ne5sann1
luán-bō,暖帽,25,loán-bō,luan2bo7,loan2bo7
luán-sin,暖身,25,loán-sin,luan2sin1,loan2sin1
àm-pò,暗報,25,àm-pò,am3po3,am3po3
àm-khàm,暗崁,25,àm-khàm,am3kham3,am3kham3
àm-huē,暗會,25,àm-hōe,am3hue7,am3hoe7
àm-sàm,暗毿,25,àm-sàm,am3sam3,am3sam3
àm-tōng,暗洞,25,àm-tōng,am3tong7,am3tong7
àm-tīnn,暗滇,25,àm-tīⁿ,am3tinn7,am3tinn7
àm-giàn,暗癮,25,àm-giàn,am3gian3,am3gian3
àm-khang,暗空,25,àm-khang,am3khang1,am3khang1
àm-hō,暗號,25,àm-hō,am3ho7,am3ho7
àm-khīng,暗虹,25,àm-khēng,am3khing7,am3kheng7
àm-hâ,暗霞,25,àm-hâ,am3ha5,am3ha5
mê-bué,暝尾,25,mê-bóe,me5bue2,me5boe2
thiòng-jiō,暢尿,25,thiòng-jiō,thiong3jio7,thiong3jio7
thiòng-khuài,暢快,25,thiòng-khoài,thiong3khuai3,thiong3khoai3
thiòng-thâu,暢頭,25,thiòng-thâu,thiong3thau5,thiong3thau5
tsiām-bān,暫慢,25,chiām-bān,tsiam7ban7,chiam7ban7
tsiām-tsat,暫節,25,chiām-chat,tsiam7tsat4,chiam7chat4
pok-ínn,暴蘖,25,pok-íⁿ,pok4inn2,pok4inn2
pō-liông,暴龍,25,pō-liông,po7liong5,po7liong5
siâm-lô,暹羅,25,siâm-lô,siam5lo5,siam5lo5
siām-lô,暹羅,25,siām-lô,siam7lo5,siam7lo5
pha̍k-ji̍t,曝日,25,pha̍k-ji̍t,phak8jit8,phak8jit8
pha̍k-ta,曝焦,25,pha̍k-ta,phak8ta1,phak8ta1
pha̍k-sann,曝衫,25,pha̍k-saⁿ,phak8sann1,phak8sann1
khiau-ku,曲痀,25,khiau-ku,khiau1ku1,khiau1ku1
khik-puânn,曲盤,25,khek-pôaⁿ,khik4puann5,khek4poann5
a̍h-tsai,曷知,25,a̍h-chai,ah8tsai1,ah8chai1
tsu-tai,書呆,25,chu-tai,tsu1tai1,chu1tai1
sir-king,書經,25,sir-keng,sir1king1,sir1keng1
su-king,書經,25,su-keng,su1king1,su1keng1
tsu-giap,書鋏,25,chu-giap,tsu1giap4,chu1giap4
tsô-tshò,曹操,25,chô-chhò,tso5tsho3,cho5chho3
tsô-tso̍k,曹族,25,chô-cho̍k,tso5tsok8,cho5chok8
tsô-hong,曹風,25,chô-hong,tso5hong1,cho5hong1
thè-hō,替號,25,thè-hō,the3ho7,the3ho7
tsuè-āu,最後,25,chòe-āu,tsue3au7,choe3au7
ē-hô,會和,25,ē-hô,e7ho5,e7ho5
huē-tsiòng,會眾,25,hōe-chiòng,hue7tsiong3,hoe7chiong3
ē-thang,會通,25,ē-thang,e7thang1,e7thang1
gue̍h-sū,月事,25,goe̍h-sū,gueh8su7,goeh8su7
gue̍h-liāng,月亮,25,goe̍h-liāng,gueh8liang7,goeh8liang7
gue̍h-sìn,月信,25,goe̍h-sìn,gueh8sin3,goeh8sin3
gue̍h-kuinn,月光,25,goe̍h-kuiⁿ,gueh8kuinn1,goeh8kuinn1
ge̍h-niû,月娘,25,ge̍h-niû,geh8niu5,geh8niu5
gue̍h-niû,月娘,25,goe̍h-niû,gueh8niu5,goeh8niu5
ge̍h-toh,月桌,25,ge̍h-toh,geh8toh4,geh8toh4
gue̍h-toh,月桌,25,goe̍h-toh,gueh8toh4,goeh8toh4
ge̍h-siâu,月潲,25,ge̍h-siâu,geh8siau5,geh8siau5
ge̍rh-kiû,月球,25,ge̍rh-kiû,gerh8kiu5,gerh8kiu5
gua̍t-kiû,月球,25,goa̍t-kiû,guat8kiu5,goat8kiu5
ge̍h-bâi,月眉,25,ge̍h-bâi,geh8bai5,geh8bai5
gue̍h-bâi,月眉,25,goe̍h-bâi,gueh8bai5,goeh8bai5
gue̍h-khoo,月箍,25,goe̍h-kho͘,gueh8khoo1,goeh8khoo1
gue̍h-king,月經,25,goe̍h-keng,gueh8king1,goeh8keng1
gua̍t-nóo,月老,25,goa̍t-nó͘,guat8noo2,goat8noo2
gue̍h-lē,月鱧,25,goe̍h-lē,gueh8le7,goeh8le7
ū-kio̍k,有局,25,ū-kio̍k,u7kiok8,u7kiok8
ū-huè,有歲,25,ū-hòe,u7hue3,u7hoe3
ū-hè,有歲,25,ū-hè,u7he3,u7he3
ho̍k-bīn,服面,25,ho̍k-bīn,hok8bin7,hok8bin7
tiâu-bō,朝帽,25,tiâu-bō,tiau5bo7,tiau5bo7
kî-bué,期尾,25,kî-bóe,ki5bue2,ki5boe2
kî-bāng,期望,25,kî-bāng,ki5bang7,ki5bang7
kî-tsûn,期船,25,kî-chûn,ki5tsun5,ki5chun5
ba̍k-kia̍h,木屐,25,ba̍k-kia̍h,bak8kiah8,bak8kiah8
ba̍k-kang,木工,25,ba̍k-kang,bak8kang1,bak8kang1
bē-kàu,未到,25,bē-kàu,be7kau3,be7kau3
bua̍h-bua̍h,末末,25,boa̍h-boa̍h,buah8buah8,boah8boah8
pún-uī,本位,25,pún-ūi,pun2ui7,pun2ui7
pún-jiân,本然,25,pún-jiân,pun2jian5,pun2jian5
pún-pang,本邦,25,pún-pang,pun2pang1,pun2pang1
pún-gîn,本銀,25,pún-gîn,pun2gin5,pun2gin5
phò-tsú,朴子,25,phò-chú,pho3tsu2,pho3chu2
sam-á,杉仔,25,sam-á,sam1a2,sam1a2
sam-nâ,杉林,25,sam-nâ,sam1na5,sam1na5
tshun-lo̍h,村落,25,chhun-lo̍h,tshun1loh8,chhun1loh8
tōo-tīng,杜定,25,tō͘-tēng,too7ting7,too7teng7
tōo-pài,杜拜,25,tō͘-pài,too7pai3,too7pai3
sok-tuà,束帶,25,sok-tòa,sok4tua3,sok4toa3
so̍k-tuà,束帶,25,so̍k-tòa,sok8tua3,sok8toa3
sok-i,束衣,25,sok-i,sok4i1,sok4i1
sok-huat,束髮,25,sok-hoat,sok4huat4,sok4hoat4
hâng-tsiu,杭州,25,hâng-chiu,hang5tsiu1,hang5chiu1
tang-poo,東埔,25,tang-po͘,tang1poo1,tang1poo1
tang-lîng,東寧,25,tang-lêng,tang1ling5,tang1leng5
tang-suann,東山,25,tang-soaⁿ,tang1suann1,tang1soann1
tong-san,東山,25,tong-san,tong1san1,tong1san1
tang-ôo,東湖,25,tang-ô͘,tang1oo5,tang1oo5
tang-tsio̍h,東石,25,tang-chio̍h,tang1tsioh8,tang1chioh8
tong-iông,東陽,25,tong-iông,tong1iong5,tong1iong5
siông-á,松仔,25,siông-á,siong5a2,siong5a2
tshîng-pik,松柏,25,chhêng-pek,tshing5pik4,chheng5pek4
siông-khe,松溪,25,siông-khe,siong5khe1,siong5khe1
siông-iông,松陽,25,siông-iông,siong5iong5,siong5iong5
pán-lâ,板膋,25,pán-lâ,pan2la5,pan2la5
pán-kim,板金,25,pán-kim,pan2kim1,pan2kim1
pang-á,枋仔,25,pang-á,pang1a2,pang1a2
pang-kiô,枋橋,25,pang-kiô,pang1kio5,pang1kio5
lîm-tsoân,林全,25,lîm-choân,lim5tsoan5,lim5choan5
lîm-sim,林森,25,lîm-sim,lim5sim1,lim5sim1
niâ-pua̍t,林菝,25,niâ-poa̍t,nia5puat8,nia5poat8
nâ-pua̍t,林菝,25,nâ-poa̍t,na5puat8,na5poat8
kué-hn̂g,果園,25,kóe-hn̂g,kue2hng5,koe2hng5
kué-huînn,果園,25,kóe-hûiⁿ,kue2huinn5,koe2huinn5
ké-hn̂g,果園,25,ké-hn̂g,ke2hng5,ke2hng5
kér-hn̂g,果園,25,kér-hn̂g,ker2hng5,ker2hng5
kué-tsiap,果汁,25,kóe-chiap,kue2tsiap4,koe2chiap4
ké-tsiap,果汁,25,ké-chiap,ke2tsiap4,ke2chiap4
kér-tsap,果汁,25,kér-chap,ker2tsap4,ker2chap4
kó-tshài,果菜,25,kó-chhài,ko2tshai3,ko2chhai3
kuáinn-tioh,枴著,25,koáiⁿ-tioh,kuainn2tioh4,koainn2tioh4
iau-sí,枵死,25,iau-sí,iau1si2,iau1si2
iau-a,枵矣,25,iau-a,iau1a1,iau1a1
iau-gō,枵餓,25,iau-gō,iau1go7,iau1go7
iau-sâi,枵饞,25,iau-sâi,iau1sai5,iau1sai5
iau-kuí,枵鬼,25,iau-kúi,iau1kui2,iau1kui2
tshâ-tshuē,查揣,25,chhâ-chhōe,tsha5tshue7,chha5chhoe7
tshâ-tshē,查揣,25,chhâ-chhē,tsha5tshe7,chha5chhe7
kho-siânn,柯城,25,kho-siâⁿ,kho1siann5,kho1siann5
kua-kó,柯果,25,koa-kó,kua1ko2,koa1ko2
kho-kiô,柯橋,25,kho-kiô,kho1kio5,kho1kio5
thiāu-pîng,柱爿,25,thiāu-pêng,thiau7ping5,thiau7peng5
liú-ting,柳丁,25,liú-teng,liu2ting1,liu2teng1
liú-iânn,柳營,25,liú-iâⁿ,liu2iann5,liu2iann5
tshâ-khik,柴刻,25,chhâ-khek,tsha5khik4,chha5khek4
tshâ-sut,柴屑,25,chhâ-sut,tsha5sut4,chha5sut4
tshâ-san,柴山,25,chhâ-san,tsha5san1,chha5san1
tshâ-suann,柴山,25,chhâ-soaⁿ,tsha5suann1,chha5soann1
tshâ-pê,柴扒,25,chhâ-pê,tsha5pe5,chha5pe5
tshâ-phuè,柴杮,25,chhâ-phòe,tsha5phue3,chha5phoe3
tshâ-kiô,柴橋,25,chhâ-kiô,tsha5kio5,chha5kio5
tshâ-hu,柴烌,25,chhâ-hu,tsha5hu1,chha5hu1
tshâ-tshiûnn,柴牆,25,chhâ-chhiûⁿ,tsha5tshiunn5,chha5chhiunn5
tshâ-khián,柴犬,25,chhâ-khián,tsha5khian2,chha5khian2
tshâ-kiû,柴球,25,chhâ-kiû,tsha5kiu5,chha5kiu5
tshâ-ba̍k,柴目,25,chhâ-ba̍k,tsha5bak8,chha5bak8
tshâ-thn̂g,柴糖,25,chhâ-thn̂g,tsha5thng5,chha5thng5
tshâ-pê,柴耙,25,chhâ-pê,tsha5pe5,chha5pe5
tshâ-kiō,柴轎,25,chhâ-kiō,tsha5kio7,chha5kio7
tshâ-kau,柴鉤,25,chhâ-kau,tsha5kau1,chha5kau1
tshâ-tiau,柴雕,25,chhâ-tiau,tsha5tiau1,chha5tiau1
tshâ-luî,柴雷,25,chhâ-lûi,tsha5lui5,chha5lui5
tshâ-ku,柴龜,25,chhâ-ku,tsha5ku1,chha5ku1
la̍t-tsí,栗子,25,la̍t-chí,lat8tsi2,lat8chi2
hu̍t-tsí,核子,25,hu̍t-chí,hut8tsi2,hut8chi2
hu̍t-tuānn,核彈,25,hu̍t-tōaⁿ,hut8tuann7,hut8toann7
hu̍t-bú,核武,25,hu̍t-bú,hut8bu2,hut8bu2
kin-tsat,根節,25,kin-chat,kin1tsat4,kin1chat4
kun-tsat,根節,25,kun-chat,kun1tsat4,kun1chat4
kin-tshài,根菜,25,kin-chhài,kin1tshai3,kin1chhai3
kun-tshài,根菜,25,kun-chhài,kun1tshai3,kun1chhai3
tsai-á,栽仔,25,chai-á,tsai1a2,chai1a2
khong-khoo,框箍,25,khong-kho͘,khong1khoo1,khong1khoo1
àn-hā,案下,25,àn-hā,an3ha7,an3ha7
toh-ī,桌奕,25,toh-ī,toh4i7,toh4i7
toh-hué,桌火,25,toh-hóe,toh4hue2,toh4hoe2
toh-kak,桌角,25,toh-kak,toh4kak4,toh4kak4
toh-tsì,桌誌,25,toh-chì,toh4tsi3,toh4chi3
toh-tiúnn,桌長,25,toh-tiúⁿ,toh4tiunn2,toh4tiunn2
tông-lû,桐廬,25,tông-lû,tong5lu5,tong5lu5
tâng-hue,桐花,25,tâng-hoe,tang5hue1,tang5hoe1
tông-hiong,桐鄉,25,tông-hiong,tong5hiong1,tong5hiong1
sng-suî,桑suî,25,sng-sûi,sng1sui5,sng1sui5
sng-suī,桑穗,25,sng-sūi,sng1sui7,sng1sui7
sng-tsâi,桑臍,25,sng-châi,sng1tsai5,sng1chai5
sng-sûinn,桑葚,25,sng-sûiⁿ,sng1suinn5,sng1suinn5
tháng-khuh,桶呿,25,tháng-khuh,thang2khuh4,thang2khuh4
mûi-lia̍t,梅列,25,mûi-lia̍t,mui5liat8,mui5liat8
muî-to̍k,梅毒,25,mûi-to̍k,mui5tok8,mui5tok8
tsú-kuann,梓官,25,chú-koaⁿ,tsu2kuann1,chu2koann1
ngē-pang,梗枋,25,ngē-pang,nge7pang1,nge7pang1
kíng-bué,梘尾,25,kéng-bóe,king2bue2,keng2boe2
kíng-bé,梘尾,25,kéng-bé,king2be2,keng2be2
tiâu-ti̍t,條直,25,tiâu-ti̍t,tiau5tit8,tiau5tit8
tiâu-bé,條碼,25,tiâu-bé,tiau5be2,tiau5be2
thui-tōo,梯度,25,thui-tō͘,thui1too7,thui1too7
hāi-kheh,械客,25,hāi-kheh,hai7kheh4,hai7kheh4
hāi-tòo,械鬥,25,hāi-tò͘,hai7too3,hai7too3
se-tsng,梳妝,25,se-chng,se1tsng1,se1chng1
sue-tsng,梳妝,25,soe-chng,sue1tsng1,soe1chng1
tsang-sui,棕蓑,25,chang-sui,tsang1sui1,chang1sui1
tàng-ki,棟機,25,tàng-ki,tang3ki1,tang3ki1
tsàn-tsûn,棧船,25,chàn-chûn,tsan3tsun5,chan3chun5
som-pa,森巴,25,som-pa,som1pa1,som1pa1
tshuê-á,棰仔,25,chhôe-á,tshue5a2,chhoe5a2
tshê-á,棰仔,25,chhê-á,tshe5a2,chhe5a2
í-phīng,椅並,25,í-phēng,i2phing7,i2pheng7
í-liâu,椅條,25,í-liâu,i2liau5,i2liau5
tsiau-kang,椒江,25,chiau-kang,tsiau1kang1,chiau1kang1
iâ-ting,椰丁,25,iâ-teng,ia5ting1,ia5teng1
iûnn-eng,楊英,25,iûⁿ-eng,iunn5eng1,iunn5eng1
kāinn-tsînn,楗錢,25,kāiⁿ-chîⁿ,kainn7tsinn5,kainn7chinn5
tshóo-kok,楚國,25,chhó͘-kok,tshoo2kok4,chhoo2kok4
gông-suann,楞山,25,gông-soaⁿ,gong5suann1,gong5soann1
hùn-tōng,楦動,25,hùn-tōng,hun3tong7,hun3tong7
gia̍p-miā,業命,25,gia̍p-miā,giap8mia7,giap8mia7
gia̍p-sîn,業神,25,gia̍p-sîn,giap8sin5,giap8sin5
ki̍k-kng,極光,25,ke̍k-kng,kik8kng1,kek8kng1
ki̍k-ki̍k,極極,25,ke̍k-ke̍k,kik8kik8,kek8kek8
kik-tsún,極準,25,kek-chún,kik4tsun2,kek4chun2
kài-sîng,概成,25,kài-sêng,kai3sing5,kai3seng5
khài-lu̍t,概率,25,khài-lu̍t,khai3lut8,khai3lut8
kài-lu̍t,概率,25,kài-lu̍t,kai3lut8,kai3lut8
kài-la̍h,概蠟,25,kài-la̍h,kai3lah8,kai3lah8
kok-í,榖雨,25,kok-í,kok4i2,kok4i2
kok-ú,榖雨,25,kok-ú,kok4u2,kok4u2
póng-gán,榜眼,25,póng-gán,pong2gan2,pong2gan2
huí-tsí,榧子,25,húi-chí,hui2tsi2,hui2chi2
tsà-tshài,榨菜,25,chà-chhài,tsa3tshai3,cha3chhai3
îng-íng,榮影,25,êng-éng,ing5ing2,eng5eng2
kó-huānn,槁旱,25,kó-hōaⁿ,ko2huann7,ko2hoann7
kǹg-kuáinn,槓桿,25,kǹg-koáiⁿ,kng3kuainn2,kng3koainn2
oo-thiāu,槔柱,25,o͘-thiāu,oo1thiau7,oo1thiau7
ga̍k-tshing,樂清,25,ga̍k-chheng,gak8tshing1,gak8chheng1
lo̍k-tô,樂跎,25,lo̍k-tô,lok8to5,lok8to5
phiau-thâu,標頭,25,phiau-thâu,phiau1thau5,phiau1thau5
bôo-á,模仔,25,bô͘-á,boo5a2,boo5a2
bôo-pang,模枋,25,bô͘-pang,boo5pang1,boo5pang1
tshiū-guī,樹gūi,25,chhiū-gūi,tshiu7gui7,chhiu7gui7
tshiū-lám,樹攬,25,chhiū-lám,tshiu7lam2,chhiu7lam2
tshiū-hîm,樹熊,25,chhiū-hîm,tshiu7him5,chhiu7him5
tshiū-thuah,樹獺,25,chhiū-thoah,tshiu7thuah4,chhiu7thoah4
tshiū-si,樹絲,25,chhiū-si,tshiu7si1,chhiu7si1
tshiū-tsòng,樹葬,25,chhiū-chòng,tshiu7tsong3,chhiu7chong3
tshiū-puī,樹蜚,25,chhiū-pūi,tshiu7pui7,chhiu7pui7
tshiū-sô,樹趖,25,chhiū-sô,tshiu7so5,chhiu7so5
tshiū-sng,樹霜,25,chhiū-sng,tshiu7sng1,chhiu7sng1
tshiū-ku,樹龜,25,chhiū-ku,tshiu7ku1,chhiu7ku1
giô-pue,橈桮,25,giô-poe,gio5pue1,gio5poe1
jiâu-kut,橈骨,25,jiâu-kut,jiau5kut4,jiau5kut4
kiô-hô,橋和,25,kiô-hô,kio5ho5,kio5ho5
lak-lâng,橐膿,25,lak-lâng,lak4lang5,lak4lang5
ki-á,機仔,25,ki-á,ki1a2,ki1a2
ki-pang,機幫,25,ki-pang,ki1pang1,ki1pang1
ki-tsuā,機逝,25,ki-chōa,ki1tsua7,ki1choa7
huâinn-ke̍h,橫扴,25,hoâiⁿ-ke̍h,huainn5keh8,hoainn5keh8
huînn-ke̍h,橫扴,25,hûiⁿ-ke̍h,huinn5keh8,huinn5keh8
huâinn-kho,橫柯,25,hoâiⁿ-kho,huainn5kho1,hoainn5kho1
huînn-kho,橫柯,25,hûiⁿ-kho,huinn5kho1,huinn5kho1
tsânn-hué,橫火,25,châⁿ-hóe,tsann5hue2,chann5hoe2
tsânn-hé,橫火,25,châⁿ-hé,tsann5he2,chann5he2
huâinn-ko,橫篙,25,hoâiⁿ-ko,huainn5ko1,hoainn5ko1
huâinn-tn̂g,橫腸,25,hoâiⁿ-tn̂g,huainn5tng5,hoainn5tng5
huînn-tn̂g,橫腸,25,hûiⁿ-tn̂g,huinn5tng5,huinn5tng5
huâinn-pà,橫霸,25,hoâiⁿ-pà,huainn5pa3,hoainn5pa3
kuè-hong,檜風,25,kòe-hong,kue3hong1,koe3hong1
kiám-pún,檢本,25,kiám-pún,kiam2pun2,kiam2pun2
kiám-tshái,檢采,25,kiám-chhái,kiam2tshai2,kiam2chhai2
ing-tó,櫻島,25,eng-tó,ing1to2,eng1to2
khuân-sè,權勢,25,khoân-sè,khuan5se3,khoan5se3
kuân-sè,權勢,25,koân-sè,kuan5se3,koan5se3
khuân-pìng,權柄,25,khoân-pèng,khuan5ping3,khoan5peng3
kuân-pìng,權柄,25,koân-pèng,kuan5ping3,koan5peng3
khuân-tsìng,權證,25,khoân-chèng,khuan5tsing3,khoan5cheng3
khiàm-bī,欠味,25,khiàm-bī,khiam3bi7,khiam3bi7
khiàm-phah,欠拍,25,khiàm-phah,khiam3phah4,khiam3phah4
khiàm-siàu,欠數,25,khiàm-siàu,khiam3siau3,khiam3siau3
khiàm-bé,欠碼,25,khiàm-bé,khiam3be2,khiam3be2
khiàm-khuat,欠缺,25,khiàm-khoat,khiam3khuat4,khiam3khoat4
khiàm-huè,欠貨,25,khiàm-hòe,khiam3hue3,khiam3hoe3
tshù-guân,次元,25,chhù-goân,tshu3guan5,chhu3goan5
tshù-hong,次方,25,chhù-hong,tshu3hong1,chhu3hong1
beh-tàu,欲晝,25,beh-tàu,beh4tau3,beh4tau3
beh-koh,欲閣,25,beh-koh,beh4koh4,beh4koh4
suh-khuì,欶氣,25,suh-khùi,suh4khui3,suh4khui3
suh-hueh,欶血,25,suh-hoeh,suh4hueh4,suh4hoeh4
suh-huih,欶血,25,suh-huih,suh4huih4,suh4huih4
suh-niau,欶貓,25,suh-niau,suh4niau1,suh4niau1
khia-khang,欹空,25,khia-khang,khia1khang1,khia1khang1
khi-muâ,欺瞞,25,khi-môa,khi1mua5,khi1moa5
heh-tang,歇冬,25,heh-tang,heh4tang1,heh4tang1
hioh-tshī,歇市,25,hioh-chhī,hioh4tshi7,hioh4chhi7
au-phiò,歐票,25,au-phiò,au1phio3,au1phio3
au-lô,歐羅,25,au-lô,au1lo5,au1lo5
huann-hí,歡喜,25,hoaⁿ-hí,huann1hi2,hoann1hi2
tsí-la̍t,止力,25,chí-la̍t,tsi2lat8,chi2lat8
tsí-thiànn,止疼,25,chí-thiàⁿ,tsi2thiann3,chi2thiann3
tsiànn-khau,正剾,25,chiàⁿ-khau,tsiann3khau1,chiann3khau1
tsìng-siông,正常,25,chèng-siông,tsing3siong5,cheng3siong5
tsiànn-uat,正斡,25,chiàⁿ-oat,tsiann3uat4,chiann3oat4
tsiànn-gia̍p,正業,25,chiàⁿ-gia̍p,tsiann3giap8,chiann3giap8
tsiànn-káng,正港,25,chiàⁿ-káng,tsiann3kang2,chiann3kang2
tsiànn-pān,正範,25,chiàⁿ-pān,tsiann3pan7,chiann3pan7
tsìng-kui,正規,25,chèng-kui,tsing3kui1,cheng3kui1
tsiànn-se̍h,正踅,25,chiàⁿ-se̍h,tsiann3seh8,chiann3seh8
tsiànn-tiān,正電,25,chiàⁿ-tiān,tsiann3tian7,chiann3tian7
tsiànn-bīn,正面,25,chiàⁿ-bīn,tsiann3bin7,chiann3bin7
tsiū-sî,此時,25,chiū-sî,tsiu7si5,chiu7si5
tsiū-àm,此暗,25,chiū-àm,tsiu7am3,chiu7am3
tsiū-mî,此暝,25,chiū-mî,tsiu7mi5,chiu7mi5
pōo-sòo,步數,25,pō͘-sò͘,poo7soo3,poo7soo3
pōo-lōo,步路,25,pō͘-lō͘,poo7loo7,poo7loo7
bú-lîng,武凌,25,bú-lêng,bu2ling5,bu2leng5
bú-pîng,武平,25,bú-pêng,bu2ping5,bu2peng5
bú-lí,武理,25,bú-lí,bu2li2,bu2li2
bú-gī,武義,25,bú-gī,bu2gi7,bu2gi7
bú-sìng,武聖,25,bú-sèng,bu2sing3,bu2seng3
bú-kíng,武警,25,bú-kéng,bu2king2,bu2keng2
bú-tshing,武青,25,bú-chheng,bu2tshing1,bu2chheng1
uai-kua,歪歌,25,oai-koa,uai1kua1,oai1koa1
uai-tsuāi,歪跩,25,oai-choāi,uai1tsuai7,oai1choai7
uai-tsuāinn,歪跩,25,oai-choāiⁿ,uai1tsuainn7,oai1choainn7
kuī-uī,歸位,25,kūi-ūi,kui7ui7,kui7ui7
kui-tsuē,歸罪,25,kui-chōe,kui1tsue7,kui1choe7
pháinn-ē,歹下,25,pháiⁿ-ē,phainn2e7,phainn2e7
pháinn-tshòng,歹創,25,pháiⁿ-chhòng,phainn2tshong3,phainn2chhong3
pháinn-sè,歹勢,25,pháiⁿ-sè,phainn2se3,phainn2se3
pháinn-tshuì,歹喙,25,pháiⁿ-chhùi,phainn2tshui3,phainn2chhui3
pháinn-kiánn,歹囝,25,pháiⁿ-kiáⁿ,phainn2kiann2,phainn2kiann2
phái-thinn,歹天,25,phái-thiⁿ,phai2thinn1,phai2thinn1
pháinn-thinn,歹天,25,pháiⁿ-thiⁿ,phainn2thinn1,phainn2thinn1
pháinn-tshiâu,歹撨,25,pháiⁿ-chhiâu,phainn2tshiau5,phainn2chhiau5
pháinn-sí,歹死,25,pháiⁿ-sí,phainn2si2,phainn2si2
pháinn-huat,歹發,25,pháiⁿ-hoat,phainn2huat4,phainn2hoat4
pháinn-khang,歹空,25,pháiⁿ-khang,phainn2khang1,phainn2khang1
pháinn-sńg,歹耍,25,pháiⁿ-sńg,phainn2sng2,phainn2sng2
pháinn-bú,歹舞,25,pháiⁿ-bú,phainn2bu2,phainn2bu2
pháinn-pìnn,歹變,25,pháiⁿ-pìⁿ,phainn2pinn3,phainn2pinn3
sú-sū,死侍,25,sú-sū,su2su7,su2su7
sí-la̍t,死力,25,sí-la̍t,si2lat8,si2lat8
sí-tsē,死坐,25,sí-chē,si2tse7,si2che7
sí-tsí,死子,25,sí-chí,si2tsi2,si2chi2
sí-tsú,死子,25,sí-chú,si2tsu2,si2chu2
sí-siú,死守,25,sí-siú,si2siu2,si2siu2
sí-si,死屍,25,sí-si,si2si1,si2si1
sí-uan,死彎,25,sí-oan,si2uan1,si2oan1
sí-tiong,死忠,25,sí-tiong,si2tiong1,si2tiong1
sí-pe̍h,死白,25,sí-pe̍h,si2peh8,si2peh8
sí-ti̍t,死直,25,sí-ti̍t,si2tit8,si2tit8
sí-sîn,死神,25,sí-sîn,si2sin5,si2sin5
sí-tsuē,死罪,25,sí-chōe,si2tsue7,si2choe7
sí-phòng,死膨,25,sí-phòng,si2phong3,si2phong3
sí-kak,死角,25,sí-kak,si2kak4,si2kak4
sí-tsènn,死諍,25,sí-chèⁿ,si2tsenn3,si2chenn3
sí-tsìnn,死諍,25,sí-chìⁿ,si2tsinn3,si2chinn3
sí-ūn,死運,25,sí-ūn,si2un7,si2un7
sí-khàu,死釦,25,sí-khàu,si2khau3,si2khau3
phú-sik,殕色,25,phú-sek,phu2sik4,phu2sek4
tshân-tshân,殘殘,25,chhân-chhân,tshan5tshan5,chhan5chhan5
tsân-tánn,殘膽,25,chân-táⁿ,tsan5tann2,chan5tann2
sat-kè,殺價,25,sat-kè,sat4ke3,sat4ke3
sat-kiû,殺球,25,sat-kiû,sat4kiu5,sat4kiu5
tìnn-tsuí,殿水,25,tìⁿ-chúi,tinn3tsui2,tinn3chui2
tìnn-hong,殿風,25,tìⁿ-hong,tinn3hong1,tinn3hong1
huí-pòng,毀謗,25,húi-pòng,hui2pong3,hui2pong3
m̄-nā,毋但,25,m̄-nā,m7na7,m7na7
m̄-sài,毋使,25,m̄-sài,m7sai3,m7sai3
m̄-lâi,毋來,25,m̄-lâi,m7lai5,m7lai5
m̄-bián,毋免,25,m̄-bián,m7bian2,m7bian2
m̄-tsún,毋准,25,m̄-chún,m7tsun2,m7chun2
m̄-tann,毋單,25,m̄-taⁿ,m7tann1,m7tann1
m̄-ài,毋愛,25,m̄-ài,m7ai3,m7ai3
m̄-bat,毋捌,25,m̄-bat,m7bat4,m7bat4
m̄-tshap,毋插,25,m̄-chhap,m7tshap4,m7chhap4
m̄-tsí,毋止,25,m̄-chí,m7tsi2,m7chi2
m̄-niā,毋爾,25,m̄-niā,m7nia7,m7nia7
m̄-kam,毋甘,25,m̄-kam,m7kam1,m7kam1
m̄-uì,毋畏,25,m̄-ùi,m7ui3,m7ui3
m̄-khùn,毋睏,25,m̄-khùn,m7khun3,m7khun3
m̄-kuán,毋管,25,m̄-koán,m7kuan2,m7koan2
m̄-khíng,毋肯,25,m̄-khéng,m7khing2,m7kheng2
m̄-tio̍h,毋著,25,m̄-tio̍h,m7tioh8,m7tioh8
m̄-kìnn,毋見,25,m̄-kìⁿ,m7kinn3,m7kinn3
m̄-thang,毋通,25,m̄-thang,m7thang1,m7thang1
m̄-koh,毋過,25,m̄-koh,m7koh4,m7koh4
m̄-guān,毋願,25,m̄-goān,m7guan7,m7goan7
bú-ling,母奶,25,bú-leng,bu2ling1,bu2leng1
bú-thng,母湯,25,bú-thng,bu2thng1,bu2thng1
to̍k-tshuì,毒喙,25,to̍k-chhùi,tok8tshui3,tok8chhui3
mn̂g-kāu,毛厚,25,mn̂g-kāu,mng5kau7,mng5kau7
mn̂g-tsa̍t,毛實,25,mn̂g-cha̍t,mng5tsat8,mng5chat8
mn̂g-bō,毛帽,25,mn̂g-bō,mng5bo7,mng5bo7
moo-tn̄g,毛斷,25,mo͘-tn̄g,moo1tng7,moo1tng7
mn̂g-ām,毛茂,25,mn̂g-ām,mng5am7,mng5am7
mn̂g-ōm,毛茂,25,mn̂g-ōm,mng5om7,mng5om7
moo-khî,毛蜞,25,mo͘-khî,moo1khi5,moo1khi5
môo-khî,毛蜞,25,mô͘-khî,moo5khi5,moo5khi5
moo-la̍h,毛蠟,25,mo͘-la̍h,moo1lah8,moo1lah8
tsinn-bō,氈帽,25,chiⁿ-bō,tsinn1bo7,chinn1bo7
bîn-siok,民宿,25,bîn-siok,bin5siok4,bin5siok4
bîn-sok,民宿,25,bîn-sok,bin5sok4,bin5sok4
bîn-tshuì,民粹,25,bîn-chhùi,bin5tshui3,bin5chhui3
bîn-sī,民視,25,bîn-sī,bin5si7,bin5si7
bîn-hiông,民雄,25,bîn-hiông,bin5hiong5,bin5hiong5
hun-uî,氛圍,25,hun-ûi,hun1ui5,hun1ui5
khuì-la̍t,氣力,25,khùi-la̍t,khui3lat8,khui3lat8
khì-ha̍k,氣學,25,khì-ha̍k,khi3hak8,khi3hak8
khuì-bué,氣尾,25,khùi-bóe,khui3bue2,khui3boe2
khì-hun,氣氛,25,khì-hun,khi3hun1,khi3hun1
khì-pho,氣泡,25,khì-pho,khi3pho1,khi3pho1
khì-tà,氣罩,25,khì-tà,khi3ta3,khi3ta3
khì-hi,氣虛,25,khì-hi,khi3hi1,khi3hi1
tsuí-tò,水倒,25,chúi-tò,tsui2to3,chui2to3
tsuí-pà,水壩,25,chúi-pà,tsui2pa3,chui2pa3
tsuí-ôo,水壺,25,chúi-ô͘,tsui2oo5,chui2oo5
tsuí-thò,水套,25,chúi-thò,tsui2tho3,chui2tho3
tsuí-tsē,水寨,25,chúi-chē,tsui2tse7,chui2che7
tsuí-bué,水尾,25,chúi-bóe,tsui2bue2,chui2boe2
tsuí-bé,水尾,25,chúi-bé,tsui2be2,chui2be2
tsuí-phuè,水帕,25,chúi-phòe,tsui2phue3,chui2phoe3
tsuí-khòo,水庫,25,chúi-khò͘,tsui2khoo3,chui2khoo3
tsuí-tu̍h,水揬,25,chúi-tu̍h,tsui2tuh8,chui2tuh8
tsuí-tsn̄g,水旋,25,chúi-chn̄g,tsui2tsng7,chui2chng7
tsuí-tshenn,水星,25,chúi-chheⁿ,tsui2tshenn1,chui2chhenn1
tsuí-tshinn,水星,25,chúi-chhiⁿ,tsui2tshinn1,chui2chhinn1
tsuí-nâ,水林,25,chúi-nâ,tsui2na5,chui2na5
tsuí-thiāu,水柱,25,chúi-thiāu,tsui2thiau7,chui2thiau7
tsuí-sé,水洗,25,chúi-sé,tsui2se2,chui2se2
tsuí-íng,水湧,25,chúi-éng,tsui2ing2,chui2eng2
tsuí-làm,水湳,25,chúi-làm,tsui2lam3,chui2lam3
tsuí-kau,水溝,25,chúi-kau,tsui2kau1,chui2kau1
tsuí-lô,水濁,25,chúi-lô,tsui2lo5,chui2lo5
tsuí-tsai,水災,25,chúi-chai,tsui2tsai1,chui2chai1
tsuí-tshiûnn,水牆,25,chúi-chhiûⁿ,tsui2tshiunn5,chui2chhiunn5
tsuí-uánn,水碗,25,chúi-óaⁿ,tsui2uann2,chui2oann2
tsuí-khut,水窟,25,chúi-khut,tsui2khut4,chui2khut4
tsuí-tâng,水筒,25,chúi-tâng,tsui2tang5,chui2tang5
tsuí-hún,水粉,25,chúi-hún,tsui2hun2,chui2hun2
tsuí-sòo,水素,25,chúi-sò͘,tsui2soo3,chui2soo3
tsúi-sòo,水素,25,chúi-sò͘,tsui2soo3,chui2soo3
tsuí-siann,水聲,25,chúi-siaⁿ,tsui2siann1,chui2siann1
tsuí-lo̍h,水落,25,chúi-lo̍h,tsui2loh8,chui2loh8
tsuí-lôo,水蔞,25,chúi-lô͘,tsui2loo5,chui2loo5
tsuí-khî,水蜞,25,chúi-khî,tsui2khi5,chui2khi5
tsuí-kái,水解,25,chúi-kái,tsui2kai2,chui2kai2
tsuí-siōng,水象,25,chúi-siōng,tsui2siong7,chui2siong7
tsuí-gi̍k,水逆,25,chúi-ge̍k,tsui2gik8,chui2gek8
tsuí-kóo,水鈷,25,chúi-kó͘,tsui2koo2,chui2koo2
suí-ke,水雞,25,súi-ke,sui2ke1,sui2ke1
tsuí-ke,水雞,25,chúi-ke,tsui2ke1,chui2ke1
tsuí-lo̍k,水鹿,25,chúi-lo̍k,tsui2lok8,chui2lok8
tsuí-lîng,水龍,25,chúi-lêng,tsui2ling5,chui2leng5
tsuí-ku,水龜,25,chúi-ku,tsui2ku1,chui2ku1
íng-kiat,永吉,25,éng-kiat,ing2kiat4,eng2kiat4
íng-an,永安,25,éng-an,ing2an1,eng2an1
íng-tīng,永定,25,éng-tēng,ing2ting7,eng2teng7
íng-tshun,永春,25,éng-chhun,ing2tshun1,eng2chhun1
íng-ē,永會,25,éng-ē,ing2e7,eng2e7
íng-thài,永泰,25,éng-thài,ing2thai3,eng2thai3
huàn-tsuí,氾水,25,hoàn-chúi,huan3tsui2,hoan3chui2
huàn-lām,氾濫,25,hoàn-lām,huan3lam7,hoan3lam7
kiû-khit,求乞,25,kiû-khit,kiu5khit4,kiu5khit4
kîu-hîng,求刑,25,kiû-hêng,kiu5hing5,kiu5heng5
kiû-huà,求化,25,kiû-hòa,kiu5hua3,kiu5hoa3
kiû-tshuē,求揣,25,kiû-chhōe,kiu5tshue7,kiu5chhoe7
kiû-tsān,求贊,25,kiû-chān,kiu5tsan7,kiu5chan7
kiû-i,求醫,25,kiû-i,kiu5i1,kiu5i1
si̍k-kho,汐科,25,se̍k-kho,sik8kho1,sek8kho1
kuānn-sip,汗溼,25,kōaⁿ-sip,kuann7sip4,koann7sip4
u-jiám,汙染,25,u-jiám,u1jiam2,u1jiam2
u-bia̍t,汙蔑,25,u-bia̍t,u1biat8,u1biat8
kang-pak,江北,25,kang-pak,kang1pak4,kang1pak4
kang-kan,江干,25,kang-kan,kang1kan1,kang1kan1
tsiánn-bê,汫糜,25,chiáⁿ-bê,tsiann2be5,chiann2be5
tsiánn-muâi,汫糜,25,chiáⁿ-moâi,tsiann2muai5,chiann2moai5
tsiánn-muê,汫糜,25,chiáⁿ-môe,tsiann2mue5,chiann2moe5
tîm-té,沈底,25,tîm-té,tim5te2,tim5te2
tîm-lak,沈落,25,tîm-lak,tim5lak4,tim5lak4
tiâm-té,沉底,25,tiâm-té,tiam5te2,tiam5te2
tîm-lûn,沉淪,25,tîm-lûn,tim5lun5,tim5lun5
tîm-kiû,沉球,25,tîm-kiû,tim5kiu5,tim5kiu5
tîm-tsuì,沉醉,25,tîm-chùi,tim5tsui3,tim5chui3
bi̍t-lo̍h,沒落,25,bi̍t-lo̍h,bit8loh8,bit8loh8
bu̍t-lo̍h,沒落,25,bu̍t-lo̍h,but8loh8,but8loh8
ta̍uh-ta̍uh,沓沓,25,tau̍h-tau̍h,tauh8tauh8,tauh8tauh8
ta̍p-tih,沓滴,25,ta̍p-tih,tap8tih4,tap8tih4
tshiong-sîng,沖繩,25,chhiong-sêng,tshiong1sing5,chhiong1seng5
sua-á,沙仔,25,soa-á,sua1a2,soa1a2
sa-teh,沙嗲,25,sa-teh,sa1teh4,sa1teh4
suann-phiânn,沙坪,25,soaⁿ-phiâⁿ,suann1phiann5,soann1phiann5
sa-la,沙拉,25,sa-la,sa1la1,sa1la1
sua-thuann,沙灘,25,soa-thoaⁿ,sua1thuann1,soa1thoann1
sua-kè,沙疥,25,soa-kè,sua1ke3,soa1ke3
sua-hún,沙粉,25,soa-hún,sua1hun2,soa1hun2
sua-kuān,沙縣,25,soa-koān,sua1kuan7,soa1koan7
sua-hì,沙肺,25,soa-hì,sua1hi3,soa1hi3
sua-lak,沙轆,25,soa-lak,sua1lak4,soa1lak4
sua-lîng,沙鈴,25,soa-lêng,sua1ling5,soa1leng5
sua-tshiu,沙鰍,25,soa-chhiu,sua1tshiu1,soa1chhiu1
hô-khe,河溪,25,hô-khe,ho5khe1,ho5khe1
hô-khue,河溪,25,hô-khoe,ho5khue1,ho5khoe1
hô-tông,河童,25,hô-tông,ho5tong5,ho5tong5
hô-ti,河豬,25,hô-ti,ho5ti1,ho5ti1
hô-pinn,河邊,25,hô-piⁿ,ho5pinn1,ho5pinn1
hô-bé,河馬,25,hô-bé,ho5be2,ho5be2
hô-tāi,河鮘,25,hô-tāi,ho5tai7,ho5tai7
iû-khoo,油箍,25,iû-kho͘,iu5khoo1,iu5khoo1
iû-î,油胰,25,iû-î,iu5i5,iu5i5
iû-tsûn,油船,25,iû-chûn,iu5tsun5,iu5chun5
iû-kim,油金,25,iû-kim,iu5kim1,iu5kim1
iû-kut,油骨,25,iû-kut,iu5kut4,iu5kut4
iû-mī,油麵,25,iû-mī,iu5mi7,iu5mi7
tī-thâng,治蟲,25,tī-thâng,ti7thang5,ti7thang5
hòng-tshiánn,況且,25,hòng-chhiáⁿ,hong3tshiann2,hong3chhiann2
tsûan-káng,泉港,25,choân-káng,tsuan5kang2,choan5kang2
tsuat-phue̍h,泏沫,25,choat-phoe̍h,tsuat4phueh8,choat4phoeh8
huat-jîn,法人,25,hoat-jîn,huat4jin5,hoat4jin5
huat-tsik,法則,25,hoat-chek,huat4tsik4,hoat4chek4
huat-bông,法盲,25,hoat-bông,huat4bong5,hoat4bong5
huat-ló,法老,25,hoat-ló,huat4lo2,hoat4lo2
huat-lê,法螺,25,hoat-lê,huat4le5,hoat4le5
huat-bē,法賣,25,hoat-bē,huat4be7,hoat4be7
huàn-li̍k,泛綠,25,hoàn-le̍k,huan3lik8,hoan3lek8
huàn-im,泛音,25,hoàn-im,huan3im1,hoan3im1
pho-pho,波波,25,pho-pho,pho1pho1,pho1pho1
pho-pak,波腹,25,pho-pak,pho1pak4,pho1pak4
tsù-siā,注射,25,chù-siā,tsu3sia7,chu3sia7
tsù-bûn,注文,25,chù-bûn,tsu3bun5,chu3bun5
tsù-ba̍k,注目,25,chù-ba̍k,tsu3bak8,chu3bak8
tsù-sîn,注神,25,chù-sîn,tsu3sin5,chu3sin5
tsù-hueh,注血,25,chù-hoeh,tsu3hueh4,chu3hoeh4
thài-lîng,泰寧,25,thài-lêng,thai3ling5,thai3leng5
thài-kûn,泰拳,25,thài-kûn,thai3kun5,thai3kun5
thài-bú,泰武,25,thài-bú,thai3bu2,thai3bu2
thài-sūn,泰順,25,thài-sūn,thai3sun7,thai3sun7
íng-khòo,泳褲,25,éng-khò͘,ing2khoo3,eng2khoo3
iông-liû,洋流,25,iông-liû,iong5liu5,iong5liu5
sé-thuā,洗汰,25,sé-thōa,se2thua7,se2thoa7
sué-tso̍k,洗濯,25,sóe-cho̍k,sue2tsok8,soe2chok8
sé-tso̍k,洗濯,25,sé-cho̍k,se2tsok8,se2chok8
sé-hîm,洗熊,25,sé-hîm,se2him5,se2him5
sé-pán,洗版,25,sé-pán,se2pan2,se2pan2
sé-pe̍h,洗白,25,sé-pe̍h,se2peh8,se2peh8
sué-sīn,洗腎,25,sóe-sīn,sue2sin7,soe2sin7
sé-sīn,洗腎,25,sé-sīn,se2sin7,se2sin7
sé-sann,洗衫,25,sé-saⁿ,se2sann1,se2sann1
sé-tsînn,洗錢,25,sé-chîⁿ,se2tsinn5,se2chinn5
sé-bīn,洗面,25,sé-bīn,se2bin7,se2bin7
khó-lâu,洘流,25,khó-lâu,kho2lau5,kho2lau5
khó-thng,洘湯,25,khó-thng,kho2thng1,kho2thng1
khó-hng,洘荒,25,khó-hng,kho2hng1,kho2hng1
lo̍k-kang,洛江,25,lo̍k-kang,lok8kang1,lok8kang1
tōng-khang,洞空,25,tōng-khang,tong7khang1,tong7khang1
tōng-thâu,洞頭,25,tōng-thâu,tong7thau5,tong7thau5
ua̍h-miā,活命,25,oa̍h-miā,uah8mia7,oah8mia7
ua̍h-jī,活字,25,oa̍h-jī,uah8ji7,oah8ji7
hua̍t-lo̍k,活樂,25,hoa̍t-lo̍k,huat8lok8,hoat8lok8
ua̍h-tsuí,活水,25,oa̍h-chúi,uah8tsui2,oah8chui2
oa̍h-kioh,活腳,25,oa̍h-kioh,oah8kioh4,oah8kioh4
ua̍h-hê,活蝦,25,oa̍h-hê,uah8he5,oah8he5
lâu-tshut,流出,25,lâu-chhut,lau5tshut4,lau5chhut4
liû-hîng,流形,25,liû-hêng,liu5hing5,liu5heng5
liû-suí,流水,25,liû-súi,liu5sui2,liu5sui2
lâu-thng,流湯,25,lâu-thng,lau5thng1,lau5thng1
lâu-tīnn,流滇,25,lâu-tīⁿ,lau5tinn7,lau5tinn7
lâu-ká,流絞,25,lâu-ká,lau5ka2,lau5ka2
lâu-kuè,流過,25,lâu-kòe,lau5kue3,lau5koe3
lâu-pá,流飽,25,lâu-pá,lau5pa2,lau5pa2
tsiat-lâm,浙南,25,chiat-lâm,tsiat4lam5,chiat4lam5
phu̍h-ting,浡丁,25,phu̍h-teng,phuh8ting1,phuh8teng1
uān-hîm,浣熊,25,oān-hîm,uan7him5,oan7him5
phóo-siânn,浦城,25,phó͘-siâⁿ,phoo2siann5,phoo2siann5
phóo-kang,浦江,25,phó͘-kang,phoo2kang1,phoo2kang1
lōng-to̍k,浪毒,25,lōng-to̍k,long7tok8,long7tok8
làng-káng,浪港,25,làng-káng,lang3kang2,lang3kang2
phû-tōng,浮動,25,phû-tōng,phu5tong7,phu5tong7
phû-bī,浮沬,25,phû-bī,phu5bi7,phu5bi7
phû-tsiu,浮洲,25,phû-chiu,phu5tsiu1,phu5chiu1
phû-kiû,浮球,25,phû-kiû,phu5kiu5,phu5kiu5
phû-khang,浮空,25,phû-khang,phu5khang1,phu5khang1
i̍k-ôo,浴壺,25,e̍k-ô͘,ik8oo5,ek8oo5
i̍k-bō,浴帽,25,e̍k-bō,ik8bo7,ek8bo7
i̍k-pâng,浴房,25,e̍k-pâng,ik8pang5,ek8pang5
hái-thē,海䖳,25,hái-thē,hai2the7,hai2the7
hái-á,海仔,25,hái-á,hai2a2,hai2a2
hái-kháu,海口,25,hái-kháu,hai2khau2,hai2khau2
hái-siàu,海嘯,25,hái-siàu,hai2siau3,hai2siau3
hái-poo,海埔,25,hái-po͘,hai2poo1,hai2poo1
hái-kînn,海墘,25,hái-kîⁿ,hai2kinn5,hai2kinn5
hái-huānn,海岸,25,hái-hōaⁿ,hai2huann7,hai2hoann7
hái-khiā,海徛,25,hái-khiā,hai2khia7,hai2khia7
hái-sàu,海掃,25,hái-sàu,hai2sau3,hai2sau3
hái-sū,海曙,25,hái-sū,hai2su7,hai2su7
hái-tsó,海棗,25,hái-chó,hai2tso2,hai2cho2
hái-tshiâng,海沖,25,hái-chhiâng,hai2tshiang5,hai2chhiang5
hái-im,海淹,25,hái-im,hai2im1,hai2im1
hái-íng,海湧,25,hái-éng,hai2ing2,hai2eng2
hái-kau,海溝,25,hái-kau,hai2kau1,hai2kau1
hái-uan,海灣,25,hái-oan,hai2uan1,hai2oan1
hái-gâ,海牙,25,hái-gâ,hai2ga5,hai2ga5
hái-káu,海狗,25,hái-káu,hai2kau2,hai2kau2
hái-uánn,海碗,25,hái-óaⁿ,hai2uann2,hai2oann2
hái-tóo,海肚,25,hái-tó͘,hai2too2,hai2too2
hái-huē,海蟹,25,hái-hōe,hai2hue7,hai2hoe7
hái-kak,海角,25,hái-kak,hai2kak4,hai2kak4
hái-kha,海跤,25,hái-kha,hai2kha1,hai2kha1
hái-tiò,海釣,25,hái-tiò,hai2tio3,hai2tio3
hái-tshing,海青,25,hái-chheng,hai2tshing1,hai2chheng1
hái-tsiáu,海鳥,25,hái-chiáu,hai2tsiau2,hai2chiau2
hái-phīnn,海鼻,25,hái-phīⁿ,hai2phinn7,hai2phinn7
hái-ku,海龜,25,hái-ku,hai2ku1,hai2ku1
tsìm-thàu,浸透,25,chìm-thàu,tsim3thau3,chim3thau3
siau-tháu,消敨,25,siau-tháu,siau1thau2,siau1thau2
siau-liâng,消涼,25,siau-liâng,siau1liang5,siau1liang5
siau-khián,消遣,25,siau-khián,siau1khian2,siau1khian2
hâm-iông,涵容,25,hâm-iông,ham5iong5,ham5iong5
âm-kang,涵江,25,âm-kang,am5kang1,am5kang1
âm-kau,涵溝,25,âm-kau,am5kau1,am5kau1
liâng-phuānn,涼伴,25,liâng-phōaⁿ,liang5phuann7,liang5phoann7
liâng-tâi,涼台,25,liâng-tâi,liang5tai5,liang5tai5
liâng-bō,涼帽,25,liâng-bō,liang5bo7,liang5bo7
liâng-hún,涼粉,25,liâng-hún,liang5hun2,liang5hun2
liâng-khiang,涼腔,25,liâng-khiang,liang5khiang1,liang5khiang1
liâng-tê,涼茶,25,liâng-tê,liang5te5,liang5te5
liâng-mī,涼麵,25,liâng-mī,liang5mi7,liang5mi7
tshe-ai,淒哀,25,chhe-ai,tshe1ai1,chhe1ai1
luī-suànn,淚腺,25,lūi-sòaⁿ,lui7suann3,lui7soann3
tsīng-than,淨灘,25,chēng-than,tsing7than1,cheng7than1
tshim-tsùn,深圳,25,chhim-chùn,tshim1tsun3,chhim1chun3
tshim-hang,深烘,25,chhim-hang,tshim1hang1,chhim1hang1
tshim-khû,深跍,25,chhim-khû,tshim1khu5,chhim1khu5
sûn-an,淳安,25,sûn-an,sun5an1,sun5an1
hūn-siann,混聲,25,hūn-siaⁿ,hun7siann1,hun7siann1
im-khì,淹去,25,im-khì,im1khi3,im1khi3
im-sí,淹死,25,im-sí,im1si2,im1si2
im-tsuí,淹水,25,im-chúi,im1tsui2,im1chui2
tshián-bī,淺沬,25,chhián-bī,tshian2bi7,chhian2bi7
tshián-hang,淺烘,25,chhián-hang,tshian2hang1,chhian2hang1
thiam-pang,添幫,25,thiam-pang,thiam1pang1,thiam1pang1
thinn-pn̄g,添飯,25,thiⁿ-pn̄g,thinn1png7,thinn1png7
thinn-tsan,添齻,25,thiⁿ-chan,thinn1tsan1,thinn1chan1
tshing-hiu,清休,25,chheng-hiu,tshing1hiu1,chheng1hiu1
tshing-bîng,清明,25,chheng-bêng,tshing1bing5,chheng1beng5
tshing-khì,清氣,25,chheng-khì,tshing1khi3,chheng1khi3
tshing-im,清音,25,chheng-im,tshing1im1,chheng1im1
kiám-síng,減省,25,kiám-séng,kiam2sing2,kiam2seng2
kiám-sok,減縮,25,kiám-sok,kiam2sok4,kiam2sok4
tshik-tshì,測試,25,chhek-chhì,tshik4tshi3,chhek4chhi3
káng-kháu,港口,25,káng-kháu,kang2khau2,kang2khau2
biáu-siáu,渺小,25,biáu-siáu,biau2siau2,biau2siau2
tshàu-khám,湊坎,25,chhàu-khám,tshau3kham2,chhau3kham2
tsháu-khiáu,湊巧,25,chháu-khiáu,tshau2khiau2,chhau2khiau2
ôo-lāi,湖內,25,ô͘-lāi,oo5lai7,oo5lai7
ôo-tsiu,湖州,25,ô͘-chiu,oo5tsiu1,oo5chiu1
ôo-lí,湖里,25,ô͘-lí,oo5li2,oo5li2
thuànn-tsâng,湠叢,25,thòaⁿ-châng,thuann3tsang5,thoann3chang5
thuànn-sing,湠生,25,thòaⁿ-seng,thuann3sing1,thoann3seng1
thuànn-khui,湠開,25,thòaⁿ-khui,thuann3khui1,thoann3khui1
thng-pau,湯包,25,thng-pau,thng1pau1,thng1pau1
thng-thâu,湯頭,25,thng-thâu,thng1thau5,thng1thau5
làm-á,湳仔,25,làm-á,lam3a2,lam3a2
làm-tē,湳地,25,làm-tē,lam3te7,lam3te7
làm-thôo,湳塗,25,làm-thô͘,lam3thoo5,lam3thoo5
lòm-thôo,湳塗,25,lòm-thô͘,lom3thoo5,lom3thoo5
làm-lâu,湳流,25,làm-lâu,lam3lau5,lam3lau5
làm-tshân,湳田,25,làm-chhân,lam3tshan5,lam3chhan5
tsún-tsò,準做,25,chún-chò,tsun2tso3,chun2cho3
tsún-pue,準桮,25,chún-poe,tsun2pue1,chun2poe1
tsún-suah,準煞,25,chún-soah,tsun2suah4,chun2soah4
tsún-kuè,準過,25,chún-kòe,tsun2kue3,chun2koe3
tsún-kè,準過,25,chún-kè,tsun2ke3,chun2ke3
liu-suan,溜旋,25,liu-soan,liu1suan1,liu1soan1
kau-á,溝仔,25,kau-á,kau1a2,kau1a2
kau-tíng,溝頂,25,kau-téng,kau1ting2,kau1teng2
khe-pîng,溪坪,25,khe-pêng,khe1ping5,khe1peng5
khe-huānn,溪岸,25,khe-hōaⁿ,khe1huann7,khe1hoann7
khe-khàm,溪崁,25,khe-khàm,khe1kham3,khe1kham3
khe-tsiu,溪州,25,khe-chiu,khe1tsiu1,khe1chiu1
khe-tsiu,溪洲,25,khe-chiu,khe1tsiu1,khe1chiu1
khue-tsiu,溪洲,25,khoe-chiu,khue1tsiu1,khoe1chiu1
khe-kau,溪溝,25,khe-kau,khe1kau1,khe1kau1
khe-pinn,溪邊,25,khe-piⁿ,khe1pinn1,khe1pinn1
un-niá,溫嶺,25,un-niá,un1nia2,un1nia2
un-tsiu,溫州,25,un-chiu,un1tsiu1,un1chiu1
un-sioh,溫惜,25,un-sioh,un1sioh4,un1sioh4
iûnn-khì,溶去,25,iûⁿ-khì,iunn5khi3,iunn5khi3
iông-i̍k,溶液,25,iông-e̍k,iong5ik8,iong5ek8
iûnn-seh,溶雪,25,iûⁿ-seh,iunn5seh4,iunn5seh4
sip-tōo,溼度,25,sip-tō͘,sip4too7,sip4too7
sip-kuānn,溼汗,25,sip-kōaⁿ,sip4kuann7,sip4koann7
bia̍t-hué,滅火,25,bia̍t-hóe,biat8hue2,biat8hoe2
bia̍t-hé,滅火,25,bia̍t-hé,biat8he2,biat8he2
tsu-jūn,滋潤,25,chu-jūn,tsu1jun7,chu1jun7
kut-khue,滑詼,25,kut-khoe,kut4khue1,kut4khoe1
ku̍t-khe,滑詼,25,ku̍t-khe,kut8khe1,kut8khe1
kō-hún,滒粉,25,kō-hún,ko7hun2,ko7hun2
tù-tàu,滯到,25,tù-tàu,tu3tau3,tu3tau3
siàm-jiō,滲尿,25,siàm-jiō,siam3jio7,siam3jio7
lóo-nuī,滷卵,25,ló͘-nūi,loo2nui7,loo2nui7
lóo-nňg,滷卵,25,ló͘-nňg,loo2nng6,loo2nng6
lóo-tshài,滷菜,25,ló͘-chhài,loo2tshai3,loo2chhai3
hóo-thî,滸苔,25,hó͘-thî,hoo2thi5,hoo2thi5
kún-ká,滾絞,25,kún-ká,kun2ka2,kun2ka2
kún-liòng,滾躘,25,kún-liòng,kun2liong3,kun2liong3
kún-lìng,滾躘,25,kún-lèng,kun2ling3,kun2leng3
buán-tsiu,滿州,25,boán-chiu,buan2tsiu1,boan2chiu1
buán-tsiu,滿洲,25,boán-chiu,buan2tsiu1,boan2chiu1
hî-hu,漁夫,25,hî-hu,hi5hu1,hi5hu1
gû-bîn,漁民,25,gû-bîn,gu5bin5,gu5bin5
gû-ong,漁翁,25,gû-ong,gu5ong1,gu5ong1
hî-ong,漁翁,25,hî-ong,hi5ong1,hi5ong1
hî-tsûn,漁船,25,hî-chûn,hi5tsun5,hi5chun5
tshat-seh,漆刷,25,chhat-seh,tshat4seh4,chhat4seh4
lāu-ôo,漏壺,25,lāu-ô͘,lau7oo5,lau7oo5
ián-sai,演師,25,ián-sai,ian2sai1,ian2sai1
àu-kheh,漚客,25,àu-kheh,au3kheh4,au3kheh4
àu-pōo,漚步,25,àu-pō͘,au3poo7,au3poo7
àu-khueh,漚缺,25,àu-khoeh,au3khueh4,au3khoeh4
àu-kha,漚跤,25,àu-kha,au3kha1,au3kha1
àu-uînn,漚黃,25,àu-ûiⁿ,au3uinn5,au3uinn5
hàn-pó,漢堡,25,hàn-pó,han3po2,han3po2
hàn-jī,漢字,25,hàn-jī,han3ji7,han3ji7
hàn-bûn,漢文,25,hàn-bûn,han3bun5,han3bun5
hàn-ho̍k,漢服,25,hàn-ho̍k,han3hok8,han3hok8
hàn-lô,漢羅,25,hàn-lô,han3lo5,han3lo5
suan-bîn,漩民,25,soan-bîn,suan1bin5,soan1bin5
suān-bîn,漩民,25,soān-bîn,suan7bin5,soan7bin5
bàng-gah,漫畫,25,bàng-gah,bang3gah4,bang3gah4
bàng-kah,漫畫,25,bàng-kah,bang3kah4,bang3kah4
tiòng-tsuí,漲水,25,tiòng-chúi,tiong3tsui2,tiong3chui2
tiùnn-tiâu,漲潮,25,tiùⁿ-tiâu,tiunn3tiau5,tiunn3tiau5
tsiang-hô,漳和,25,chiang-hô,tsiang1ho5,chiang1ho5
tsiong-hô,漳和,25,chiong-hô,tsiong1ho5,chiong1ho5
tsiang-tsiu,漳州,25,chiang-chiu,tsiang1tsiu1,chiang1chiu1
tsiunn-phîng,漳平,25,chiuⁿ-phêng,tsiunn1phing5,chiunn1pheng5
tsiunn-phóo,漳浦,25,chiuⁿ-phó͘,tsiunn1phoo2,chiunn1phoo2
tsiunn-ám,漿泔,25,chiuⁿ-ám,tsiunn1am2,chiunn1am2
liâu-khue,潦溪,25,liâu-khoe,liau5khue1,liau5khoe1
tiâu-si̍k,潮汐,25,tiâu-se̍k,tiau5sik8,tiau5sek8
siâu-tsí,潲子,25,siâu-chí,siau5tsi2,siau5chi2
siap-phānn,澀奅,25,siap-phāⁿ,siap4phann7,siap4phann7
tshū-jiō,澍尿,25,chhū-jiō,tshu7jio7,chhu7jio7
tshū-liō,澍尿,25,chhū-liō,tshu7lio7,chhu7lio7
ha̍unnh-ha̍unnh,澩澩,25,hau̍ⁿh-hau̍ⁿh,haunnh8haunnh8,haunnh8haunnh8
tiān-hún,澱粉,25,tiān-hún,tian7hun2,tian7hun2
ò-mn̂g,澳門,25,ò-mn̂g,o3mng5,o3mng5
tâm-tē,澹地,25,tâm-tē,tam5te7,tam5te7
tâm-sué,澹洗,25,tâm-sóe,tam5sue2,tam5soe2
tâm-sé,澹洗,25,tâm-sé,tam5se2,tam5se2
kik-sim,激心,25,kek-sim,kik4sim1,kek4sim1
kik-gông,激昂,25,kek-gông,kik4gong5,kek4gong5
khik-sòo,激素,25,khek-sò͘,khik4soo3,khek4soo3
lô-tsuí,濁水,25,lô-chúi,lo5tsui2,lo5chui2
lô-lô,濁濁,25,lô-lô,lo5lo5,lo5lo5
lô-im,濁音,25,lô-im,lo5im1,lo5im1
to̍k-im,濁音,25,to̍k-im,tok8im1,tok8im1
tsē-hûn,濟雲,25,chē-hûn,tse7hun5,che7hun5
ìm-lâu,濥流,25,ìm-lâu,im3lau5,im3lau5
pin-kang,濱江,25,pin-kang,pin1kang1,pin1kang1
tsuānn-siâu,濺潲,25,chōaⁿ-siâu,tsuann7siau5,choann7siau5
lī-kuà,濾掛,25,lī-kòa,li7kua3,li7koa3
lū-kuà,濾掛,25,lū-kòa,lu7kua3,lu7koa3
sià-hiat,瀉血,25,sià-hiat,sia3hiat4,sia3hiat4
po̍k-lap,瀑塌,25,po̍k-lap,pok8lap4,pok8lap4
po̍k-pòo,瀑布,25,po̍k-pò͘,pok8poo3,pok8poo3
po̍k-khòo,瀑庫,25,po̍k-khò͘,pok8khoo3,pok8khoo3
po̍k-bo̍k,瀑沐,25,po̍k-bo̍k,pok8bok8,pok8bok8
tshînn-tuī,瀳兌,25,chhîⁿ-tūi,tshinn5tui7,chhinn5tui7
tshînn-tsuí,瀳水,25,chhîⁿ-chúi,tshinn5tsui2,chhinn5chui2
tshînn-hué,瀳火,25,chhîⁿ-hóe,tshinn5hue2,chhinn5hoe2
tshînn-hé,瀳火,25,chhîⁿ-hé,tshinn5he2,chhinn5he2
tshînn-hong,瀳風,25,chhîⁿ-hong,tshinn5hong1,chhinn5hong1
kuàn-tsuí,灌水,25,koàn-chúi,kuan3tsui2,koan3chui2
kuàn-kui,灌胿,25,koàn-kui,kuan3kui1,koan3kui1
kuàn-tiān,灌電,25,koàn-tiān,kuan3tian7,koan3tian7
hé-khik,火刻,25,hé-khek,he2khik4,he2khek4
hué-hua,火化,25,hóe-hoa,hue2hua1,hoe2hoa1
hué-ìn,火印,25,hóe-ìn,hue2in3,hoe2in3
hé-ìn,火印,25,hé-ìn,he2in3,he2in3
hué-khiat,火戛,25,hóe-khiat,hue2khiat4,hoe2khiat4
hué-hu,火烌,25,hóe-hu,hue2hu1,hoe2hu1
hué-sio,火燒,25,hóe-sio,hue2sio1,hoe2sio1
hué-hôo,火狐,25,hóe-hô͘,hue2hoo5,hoe2hoo5
hué-huat,火發,25,hóe-hoat,hue2huat4,hoe2hoat4
hé-huat,火發,25,hé-hoat,he2huat4,he2hoat4
hué-kuínn,火管,25,hóe-kúiⁿ,hue2kuinn2,hoe2kuinn2
hué-kńg,火管,25,hóe-kńg,hue2kng2,hoe2kng2
hué-to̍h,火著,25,hóe-to̍h,hue2toh8,hoe2toh8
hué-siōng,火象,25,hóe-siōng,hue2siong7,hoe2siong7
hé-siōng,火象,25,hé-siōng,he2siong7,he2siong7
hue-tsit,灰質,25,hoe-chit,hue1tsit4,hoe1chit4
tsàu-thâu,灶頭,25,chàu-thâu,tsau3thau5,chau3thau5
tshe-táu,炊斗,25,chhe-táu,tshe1tau2,chhe1tau2
tshue-táu,炊斗,25,chhoe-táu,tshue1tau2,chhoe1tau2
tshue-khì,炊氣,25,chhoe-khì,tshue1khi3,chhoe1khi3
tshue-kué,炊粿,25,chhoe-kóe,tshue1kue2,chhoe1koe2
tshe-pn̄g,炊飯,25,chhe-pn̄g,tshe1png7,chhe1png7
tshue-pn̄g,炊飯,25,chhoe-pn̄g,tshue1png7,chhoe1png7
tshue-puīnn,炊飯,25,chhoe-pūiⁿ,tshue1puinn7,chhoe1puinn7
tshue-kiáu,炊餃,25,chhoe-kiáu,tshue1kiau2,chhoe1kiau2
iām-hué,炎火,25,iām-hóe,iam7hue2,iam7hoe2
iām-bú,炎舞,25,iām-bú,iam7bu2,iam7bu2
tshá-bah,炒肉,25,chhá-bah,tsha2bah4,chha2bah4
tshá-tshài,炒菜,25,chhá-chhài,tsha2tshai3,chha2chhai3
khòng-bah,炕肉,25,khòng-bah,khong3bah4,khong3bah4
thuànn-sái,炭屎,25,thòaⁿ-sái,thuann3sai2,thoann3sai2
thuànn-tshi,炭疽,25,thòaⁿ-chhi,thuann3tshi1,thoann3chhi1
thuànn-sòo,炭素,25,thòaⁿ-sò͘,thuann3soo3,thoann3soo3
phàu-lām,炮艦,25,phàu-lām,phau3lam7,phau3lam7
oo-lap,烏塌,25,o͘-lap,oo1lap4,oo1lap4
u-lóng,烏壟,25,u-lóng,u1long2,u1long2
oo-sái,烏屎,25,o͘-sái,oo1sai2,oo1sai2
oo-suann,烏山,25,o͘-soaⁿ,oo1suann1,oo1soann1
oo-hng,烏昏,25,o͘-hng,oo1hng1,oo1hng1
oo-àm,烏暗,25,o͘-àm,oo1am3,oo1am3
oo-keh,烏格,25,o͘-keh,oo1keh4,oo1keh4
oo-tōng,烏洞,25,o͘-tōng,oo1tong7,oo1tong7
oo-phìnn,烏片,25,o͘-phìⁿ,oo1phinn3,oo1phinn3
oo-tsu,烏珠,25,o͘-chu,oo1tsu1,oo1chu1
oo-khang,烏空,25,o͘-khang,oo1khang1,oo1khang1
oo-tshi,烏蛆,25,o͘-chhi,oo1tshi1,oo1chhi1
oo-phang,烏蜂,25,o͘-phang,oo1phang1,oo1phang1
oo-pà,烏豹,25,o͘-pà,oo1pa3,oo1pa3
oo-niau,烏貓,25,o͘-niau,oo1niau1,oo1niau1
oo-lián,烏輪,25,o͘-lián,oo1lian2,oo1lian2
oo-thī,烏雉,25,o͘-thī,oo1thi7,oo1thi7
oo-hōo,烏雨,25,o͘-hō͘,oo1hoo7,oo1hoo7
oo-tshenn,烏青,25,o͘-chheⁿ,oo1tshenn1,oo1chhenn1
oo-tshinn,烏青,25,o͘-chhiⁿ,oo1tshinn1,oo1chhinn1
oo-a,烏鴉,25,o͘-a,oo1a1,oo1a1
hang-tû,烘櫥,25,hang-tû,hang1tu5,hang1tu5
hang-ke,烘雞,25,hang-ke,hang1ke1,hang1ke1
hang-pháng,烘麭,25,hang-pháng,hang1phang2,hang1phang2
phing-tsú,烹煮,25,pheng-chú,phing1tsu2,pheng1chu2
ù-ping,焐冰,25,ù-peng,u3ping1,u3peng1
ù-khah,焐卡,25,ù-khah,u3khah4,u3khah4
ù-sio,焐燒,25,ù-sio,u3sio1,u3sio1
puē-pháng,焙麭,25,pōe-pháng,pue7phang2,poe7phang2
bô-lâng,無人,25,bô-lâng,bo5lang5,bo5lang5
bô-kāng,無仝,25,bô-kāng,bo5kang7,bo5kang7
bô-sè,無勢,25,bô-sè,bo5se3,bo5se3
bô-miâ,無名,25,bô-miâ,bo5mia5,bo5mia5
bô-phín,無品,25,bô-phín,bo5phin2,bo5phin2
bô-nāi,無奈,25,bô-nāi,bo5nai7,bo5nai7
bô-tsio,無招,25,bô-chio,bo5tsio1,bo5chio1
bô-liap,無攝,25,bô-liap,bo5liap4,bo5liap4
bô-hāu,無效,25,bô-hāu,bo5hau7,bo5hau7
bû-ti̍k,無敵,25,bû-te̍k,bu5tik8,bu5tek8
bô-hioh,無歇,25,bô-hioh,bo5hioh4,bo5hioh4
bô-khùi,無氣,25,bô-khùi,bo5khui3,bo5khui3
bô-lām,無濫,25,bô-lām,bo5lam7,bo5lam7
bô-tiâu,無牢,25,bô-tiâu,bo5tiau5,bo5tiau5
bô-giàn,無癮,25,bô-giàn,bo5gian3,bo5gian3
bû-ti,無知,25,bû-ti,bu5ti1,bu5ti1
bô-tshun,無賰,25,bô-chhun,bo5tshun1,bo5chhun1
bô-thang,無通,25,bô-thang,bo5thang1,bo5thang1
bô-tshînn,無錢,25,bô-chhîⁿ,bo5tshinn5,bo5chhinn5
bô-tsînn,無錢,25,bô-chîⁿ,bo5tsinn5,bo5chinn5
bô-îng,無閒,25,bô-êng,bo5ing5,bo5eng5
bô-tiān,無電,25,bô-tiān,bo5tian7,bo5tian7
ta-khì,焦 去,25,ta-khì,ta1khi3,ta1khi3
ta-sàu,焦嗽,25,ta-sàu,ta1sau3,ta1sau3
ta-thôo,焦塗,25,ta-thô͘,ta1thoo5,ta1thoo5
ta-khe,焦溪,25,ta-khe,ta1khe1,ta1khe1
ta-siap,焦澀,25,ta-siap,ta1siap4,ta1siap4
ta-thn̂g,焦糖,25,ta-thn̂g,ta1thng5,ta1thng5
ta-hue,焦花,25,ta-hoe,ta1hue1,ta1hoe1
ta-mī,焦麵,25,ta-mī,ta1mi7,ta1mi7
liān-tan,煉丹,25,liān-tan,lian7tan1,lian7tan1
tsian-pau,煎包,25,chian-pau,tsian1pau1,chian1pau1
tsian-kiáu,煎餃,25,chian-kiáu,tsian1kiau2,chian1kiau2
piak-lôo,煏爐,25,piak-lô͘,piak4loo5,piak4loo5
piak-khang,煏空,25,piak-khang,piak4khang1,piak4khang1
ian-tshiân,煙腸,25,ian-chhiân,ian1tshian5,ian1chhian5
ian-thûn,煙黗,25,ian-thûn,ian1thun5,ian1thun5
suah-bué,煞尾,25,soah-bóe,suah4bue2,soah4boe2
sannh-sim,煞心,25,saⁿh-sim,sannh4sim1,sannh4sim1
suah-hì,煞戲,25,soah-hì,suah4hi3,soah4hi3
suah-king,煞經,25,soah-keng,suah4king1,soah4keng1
sat-tio̍h,煞著,25,sat-tio̍h,sat4tioh8,sat4tioh8
sa̍h-nn̄g,煠卵,25,sa̍h-nn̄g,sah8nng7,sah8nng7
tsiàu-ûn,照勻,25,chiàu-ûn,tsiau3un5,chiau3un5
tsiàu-ti̍t,照直,25,chiàu-ti̍t,tsiau3tit8,chiau3tit8
tsiàu-thâu,照頭,25,chiàu-thâu,tsiau3thau5,chiau3thau5
tsí-thiám,煮忝,25,chí-thiám,tsi2thiam2,chi2thiam2
tsú-thiám,煮忝,25,chú-thiám,tsu2thiam2,chu2thiam2
thí-hái,煮海,25,thí-hái,thi2hai2,thi2hai2
tsú-si̍k,煮熟,25,chú-se̍k,tsu2sik8,chu2sek8
hah-sè,熁勢,25,hah-sè,hah4se3,hah4se3
hannh-tio̍h,熁著,25,haⁿh-tio̍h,hannh4tioh8,hannh4tioh8
ho-sin,熇身,25,ho-sin,ho1sin1,ho1sin1
hîm-á,熊仔,25,hîm-á,him5a2,him5a2
hîm-tshī,熊市,25,hîm-chhī,him5tshi7,him5chhi7
hîm-tsiúnn,熊掌,25,hîm-chiúⁿ,him5tsiunn2,him5chiunn2
hîm-niau,熊貓,25,hîm-niau,him5niau1,him5niau1
iûnn-khì,熔去,25,iûⁿ-khì,iunn5khi3,iunn5khi3
iûnn-khù,熔去,25,iûⁿ-khù,iunn5khu3,iunn5khu3
iûnn-tsiap,熔接,25,iûⁿ-chiap,iunn5tsiap4,iunn5chiap4
si̍k-sāi,熟似,25,se̍k-sāi,sik8sai7,sek8sai7
si̍k-tshuì,熟喙,25,se̍k-chhùi,sik8tshui3,sek8chhui3
si̍k-sū,熟士,25,se̍k-sū,sik8su7,sek8su7
si̍k-sik,熟悉,25,se̍k-sek,sik8sik4,sek8sek4
si̍k-tshiú,熟手,25,se̍k-chhiú,sik8tshiu2,sek8chhiu2
si̍k-si̍k,熟熟,25,se̍k-se̍k,sik8sik8,sek8sek8
si̍k-hue,熟花,25,se̍k-hoe,sik8hue1,sek8hoe1
ngâu-thn̂g,熬糖,25,ngâu-thn̂g,ngau5thng5,ngau5thng5
jia̍t-tiûnn,熱場,25,jia̍t-tiûⁿ,jiat8tiunn5,jiat8tiunn5
jia̍t-ha̍k,熱學,25,jia̍t-ha̍k,jiat8hak8,jiat8hak8
jia̍t-tshī,熱市,25,jia̍t-chhī,jiat8tshi7,jiat8chhi7
jua̍h-bō,熱帽,25,joa̍h-bō,juah8bo7,joah8bo7
jia̍t-tsîng,熱情,25,jia̍t-chêng,jiat8tsing5,jiat8cheng5
jia̍t-lōng,熱浪,25,jia̍t-lōng,jiat8long7,jiat8long7
lia̍t-lōng,熱浪,25,lia̍t-lōng,liat8long7,liat8long7
jia̍t-káu,熱狗,25,jia̍t-káu,jiat8kau2,jiat8kau2
jua̍h-káu,熱狗,25,joa̍h-káu,juah8kau2,joah8kau2
jia̍t-kuán,熱管,25,jia̍t-koán,jiat8kuan2,jiat8koan2
jua̍h-khòo,熱褲,25,joa̍h-khò͘,juah8khoo3,joah8khoo3
jia̍t-kuàn,熱貫,25,jia̍t-koàn,jiat8kuan3,jiat8koan3
jia̍t-tsînn,熱錢,25,jia̍t-chîⁿ,jiat8tsinn5,jiat8chinn5
hiânn-tsuí,燃水,25,hiâⁿ-chúi,hiann5tsui2,hiann5chui2
ting-huē,燈會,25,teng-hōe,ting1hue7,teng1hoe7
ting-lâu,燈樓,25,teng-lâu,ting1lau5,teng1lau5
ting-lâ,燈膋,25,teng-lâ,ting1la5,teng1la5
tūn-tê,燉蹄,25,tūn-tê,tun7te5,tun7te5
sio-pau,燒包,25,sio-pau,sio1pau1,sio1pau1
sio-suann,燒山,25,sio-soaⁿ,sio1suann1,sio1soann1
sio-toh,燒桌,25,sio-toh,sio1toh4,sio1toh4
sio-káu,燒狗,25,sio-káu,sio1kau2,sio1kau2
sio-kiû,燒球,25,sio-kiû,sio1kiu5,sio1kiu5
sio-tshiân,燒腸,25,sio-chhiân,sio1tshian5,sio1chhian5
sio-hun,燒薰,25,sio-hun,sio1hun1,sio1hun1
sio-khòo,燒褲,25,sio-khò͘,sio1khoo3,sio1khoo3
iàn-tsâu,燕巢,25,iàn-châu,ian3tsau5,ian3chau5
iàn-be̍h,燕麥,25,iàn-be̍h,ian3beh8,ian3beh8
iânn-tiùnn,營帳,25,iâⁿ-tiùⁿ,iann5tiunn3,iann5tiunn3
îng-gia̍p,營業,25,êng-gia̍p,ing5giap8,eng5giap8
sò-sìng,燥性,25,sò-sèng,so3sing3,so3seng3
sò-tsuí,燥水,25,sò-chúi,so3tsui2,so3chui2
sò-kuānn,燥汗,25,sò-kōaⁿ,so3kuann7,so3koann7
sò-ta,燥焦,25,sò-ta,so3ta1,so3ta1
sūi-jîn,燧人,25,sūi-jîn,sui7jin5,sui7jin5
tsik-kóo,燭鼓,25,chek-kó͘,tsik4koo2,chek4koo2
po̍k-kik,爆擊,25,po̍k-kek,pok8kik4,pok8kek4
po̍k-liāu,爆料,25,po̍k-liāu,pok8liau7,pok8liau7
nuā-sìng,爛性,25,nōa-sèng,nua7sing3,noa7seng3
jiáu-pang,爪枋,25,jiáu-pang,jiau2pang1,jiau2pang1
pē-bú,爸母,25,pē-bú,pe7bu2,pe7bu2
sóng-tsáu,爽走,25,sóng-cháu,song2tsau2,song2chau2
phìnn-tuann,片單,25,phìⁿ-toaⁿ,phinn3tuann1,phinn3toann1
phìnn-tuānn,片段,25,phìⁿ-tōaⁿ,phinn3tuann7,phinn3toann7
phìnn-tsat,片節,25,phìⁿ-chat,phinn3tsat4,phinn3chat4
pán-tsú,版主,25,pán-chú,pan2tsu2,pan2chu2
thènn-thuí,牚腿,25,thèⁿ-thúi,thenn3thui2,thenn3thui2
gû-kang,牛公,25,gû-kang,gu5kang1,gu5kang1
gû-li̍k,牛力,25,gû-le̍k,gu5lik8,gu5lek8
gû-poo,牛埔,25,gû-po͘,gu5poo1,gu5poo1
gû-ling,牛奶,25,gû-leng,gu5ling1,gu5leng1
gû-tshī,牛市,25,gû-chhī,gu5tshi7,gu5chhi7
gû-nuâ,牛欄,25,gû-nôa,gu5nua5,gu5noa5
gû-lông,牛籠,25,gû-lông,gu5long5,gu5long5
giû-iok,牛約,25,giû-iok,giu5iok4,giu5iok4
gû-lông,牛郎,25,gû-lông,gu5long5,gu5long5
gû-nn̂g,牛郎,25,gû-nn̂g,gu5nng5,gu5nng5
bóo-iûnn,牡羊,25,bó͘-iûⁿ,boo2iunn5,boo2iunn5
tiâu-pak,牢腹,25,tiâu-pak,tiau5pak4,tiau5pak4
tiâu-tio̍h,牢著,25,tiâu-tio̍h,tiau5tioh8,tiau5tioh8
tiâu-tshia,牢車,25,tiâu-chhia,tiau5tshia1,tiau5chhia1
tiâu-tiánn,牢鼎,25,tiâu-tiáⁿ,tiau5tiann2,tiau5tiann2
mih-tāi,物代,25,mih-tāi,mih4tai7,mih4tai7
bu̍t-liû,物流,25,bu̍t-liû,but8liu5,but8liu5
khan-bông,牽亡,25,khan-bông,khan1bong5,khan1bong5
khan-tshiú,牽手,25,khan-chhiú,khan1tshiu2,khan1chhiu2
khan-thua,牽拖,25,khan-thoa,khan1thua1,khan1thoa1
khan-bán,牽挽,25,khan-bán,khan1ban2,khan1ban2
khan-gāi,牽礙,25,khan-gāi,khan1gai7,khan1gai7
khan-tsáu,牽走,25,khan-cháu,khan1tsau2,khan1chau2
huān-hiám,犯險,25,hoān-hiám,huan7hiam2,hoan7hiam2
tsn̄g-su,狀師,25,chn̄g-su,tsng7su1,chng7su1
tsōng-su,狀師,25,chōng-su,tsong7su1,chong7su1
tsn̄g-tsuá,狀紙,25,chn̄g-chóa,tsng7tsua2,chng7choa2
kông-bōng,狂妄,25,kông-bōng,kong5bong7,kong5bong7
káu-sái,狗屎,25,káu-sái,kau2sai2,kau2sai2
káu-gê,狗牙,25,káu-gê,kau2ge5,kau2ge5
káu-kuài,狡怪,25,káu-koài,kau2kuai3,kau2koai3
lông-jîn,狼人,25,lông-jîn,long5jin5,long5jin5
lông-káu,狼狗,25,lông-káu,long5kau2,long5kau2
mé-lia̍h,猛掠,25,mé-lia̍h,me2liah8,me2liah8
bíng-po̍k,猛爆,25,béng-po̍k,bing2pok8,beng2pok8
bâ-khang,猫空,25,bâ-khang,ba5khang1,ba5khang1
kâu-kuài,猴怪,25,kâu-koài,kau5kuai3,kau5koai3
kâu-penn,猴繃,25,kâu-peⁿ,kau5penn1,kau5penn1
kâu-tsià,猴蔗,25,kâu-chià,kau5tsia3,kau5chia3
iá-sàm,猶搧,25,iá-sàm,ia2sam3,ia2sam3
iáu-sī,猶是,25,iáu-sī,iau2si7,iau2si7
iah-buē,猶未,25,iah-bōe,iah4bue7,iah4boe7
iah-bē,猶未,25,iah-bē,iah4be7,iah4be7
iá-buē,猶未,25,iá-bōe,ia2bue7,ia2boe7
iá-bē,猶未,25,iá-bē,ia2be7,ia2be7
iáu-ê,猶的,25,iáu-ê,iau2e5,iau2e5
sai-á,獅仔,25,sai-á,sai1a2,sai1a2
sai-thâm,獅潭,25,sai-thâm,sai1tham5,sai1tham5
to̍k-it,獨乙,25,to̍k-it,tok8it4,tok8it4
to̍k-kok,獨國,25,to̍k-kok,tok8kok4,tok8kok4
to̍k-sûn,獨巡,25,to̍k-sûn,tok8sun5,tok8sun5
to̍k-e̍k,獨逸,25,to̍k-e̍k,tok8ek8,tok8ek8
hi̍k-tik,獲得,25,he̍k-tek,hik8tik4,hek8tek4
hi̍k-tit,獲得,25,he̍k-tit,hik8tit4,hek8tit4
siù-lâng,獸人,25,siù-lâng,siu3lang5,siu3lang5
hiàn-bái,獻䆀,25,hiàn-bái,hian3bai2,hian3bai2
hiàn-hueh,獻血,25,hiàn-hoeh,hian3hueh4,hian3hoeh4
hiân-bú,玄武,25,hiân-bú,hian5bu2,hian5bu2
hiân-gî,玄疑,25,hiân-gî,hian5gi5,hian5gi5
hiân-hōng,玄鳳,25,hiân-hōng,hian5hong7,hian5hong7
gio̍k-thòo,玉兔,25,gio̍k-thò͘,giok8thoo3,giok8thoo3
gio̍k-sim,玉參,25,gio̍k-sim,giok8sim1,giok8sim1
gio̍k-khuân,玉環,25,gio̍k-khoân,giok8khuan5,giok8khoan5
gio̍k-sú,玉璽,25,gio̍k-sú,giok8su2,giok8su2
ông-gōo,王五,25,ông-gō͘,ong5goo7,ong5goo7
ông-kong,王公,25,ông-kong,ong5kong1,ong5kong1
ông-lú,王女,25,ông-lú,ong5lu2,ong5lu2
ông-king,王宮,25,ông-keng,ong5king1,ong5keng1
ông-thok,王拓,25,ông-thok,ong5thok4,ong5thok4
ông-hong,王風,25,ông-hong,ong5hong1,ong5hong1
kong-tāi,玜玳,25,kong-tāi,kong1tai7,kong1tai7
bûn-jû,玟儒,25,bûn-jû,bun5ju5,bun5ju5
guán-tsiá,玩者,25,goán-chiá,guan2tsia2,goan2chia2
tsu-luī,珠淚,25,chu-lūi,tsu1lui7,chu1lui7
tsu-tshang,珠蔥,25,chu-chhang,tsu1tshang1,chu1chhang1
pan-bó,班母,25,pan-bó,pan1bo2,pan1bo2
pan-kip,班級,25,pan-kip,pan1kip4,pan1kip4
hiān-bán,現挽,25,hiān-bán,hian7ban2,hian7ban2
hiān-lâu,現流,25,hiān-lâu,hian7lau5,hian7lau5
hiān-bué,現買,25,hiān-bóe,hian7bue2,hian7boe2
hiān-bé,現買,25,hiān-bé,hian7be2,hian7be2
hiān-tsia,現遮,25,hiān-chia,hian7tsia1,hian7chia1
kiû-á,球仔,25,kiû-á,kiu5a2,kiu5a2
kiû-tiânn,球埕,25,kiû-tiâⁿ,kiu5tiann5,kiu5tiann5
kiû-tshuê,球箠,25,kiû-chhôe,kiu5tshue5,kiu5chhoe5
kiû-thé,球體,25,kiû-thé,kiu5the2,kiu5the2
lí-tsik,理則,25,lí-chek,li2tsik4,li2chek4
lí-lōo,理路,25,lí-lō͘,li2loo7,li2loo7
liû-khiû,琉球,25,liû-khiû,liu5khiu5,liu5khiu5
jû-ka,瑜伽,25,jû-ka,ju5ka1,ju5ka1
sūi-hūi,瑞穗,25,sūi-hūi,sui7hui7,sui7hui7
suī-hong,瑞芳,25,sūi-hong,sui7hong1,sui7hong1
lông-kiau,瑯嶠,25,lông-kiau,long5kiau1,long5kiau1
suān-á,璇仔,25,soān-á,suan7a2,soan7a2
huân-tō,環道,25,hoân-tō,huan5to7,hoan5to7
khuân-tō,環道,25,khoân-tō,khuan5to7,khoan5to7
kue-gue̍h,瓜月,25,koe-goe̍h,kue1gueh8,koe1goeh8
kua-kó,瓜果,25,koa-kó,kua1ko2,koa1ko2
hiā-sian,瓦sian,25,hiā-sian,hia7sian1,hia7sian1
uá-su,瓦斯,25,óa-su,ua2su1,oa2su1
hûi-á,瓷仔,25,hûi-á,hui5a2,hui5a2
au-hái,甌海,25,au-hái,au1hai2,au1hai2
àng-tōo,甕肚,25,àng-tō͘,ang3too7,ang3too7
kam-kí,甘杞,25,kam-kí,kam1ki2,kam1ki2
kam-tinn,甘甜,25,kam-tiⁿ,kam1tinn1,kam1tinn1
tinn-thô,甜桃,25,tiⁿ-thô,tinn1tho5,tinn1tho5
tinn-tinn,甜甜,25,tiⁿ-tiⁿ,tinn1tinn1,tinn1tinn1
tinn-kér,甜粿,25,tiⁿ-kér,tinn1ker2,tinn1ker2
tinn-sòo,甜素,25,tiⁿ-sò͘,tinn1soo3,tinn1soo3
tshenn-tshìn,生凊,25,chheⁿ-chhìn,tshenn1tshin3,chhenn1chhin3
senn-pô,生婆,25,seⁿ-pô,senn1po5,senn1po5
sinn-hîng,生形,25,siⁿ-hêng,sinn1hing5,sinn1heng5
sing-si̍t,生殖,25,seng-si̍t,sing1sit8,seng1sit8
tshinn-thuànn,生炭,25,chhiⁿ-thòaⁿ,tshinn1thuann3,chhinn1thoann3
tshenn-kông,生狂,25,chheⁿ-kông,tshenn1kong5,chhenn1kong5
sinn-kue,生瓜,25,siⁿ-koe,sinn1kue1,sinn1koe1
senn-tshng,生瘡,25,seⁿ-chhng,senn1tshng1,senn1chhng1
tshenn-tê,生茶,25,chheⁿ-tê,tshenn1te5,chhenn1te5
tshinn-tê,生茶,25,chhiⁿ-tê,tshinn1te5,chhinn1te5
tshenn-ô,生蚵,25,chheⁿ-ô,tshenn1o5,chhenn1o5
tshinn-ô,生蚵,25,chhiⁿ-ô,tshinn1o5,chhinn1o5
sing-hong,生風,25,seng-hong,sing1hong1,seng1hong1
senn-tshiu,生鬚,25,seⁿ-chhiu,senn1tshiu1,senn1chhiu1
sán-ká,產假,25,sán-ká,san2ka2,san2ka2
sán-kho,產科,25,sán-kho,san2kho1,san2kho1
lut-jīm,甪任,25,lut-jīm,lut4jim7,lut4jim7
lut-lin,甪奶,25,lut-lin,lut4lin1,lut4lin1
lut-ling,甪奶,25,lut-leng,lut4ling1,lut4leng1
lut-ni,甪奶,25,lut-ni,lut4ni1,lut4ni1
lut-kuann,甪官,25,lut-koaⁿ,lut4kuann1,lut4koann1
lut-tshiú,甪手,25,lut-chhiú,lut4tshiu2,lut4chhiu2
lut-sak,甪捒,25,lut-sak,lut4sak4,lut4sak4
lut-tsit,甪職,25,lut-chit,lut4tsit4,lut4chit4
lut-sian,甪鉎,25,lut-sian,lut4sian1,lut4sian1
lu̍t-sian,甪鉎,25,lu̍t-sian,lut8sian1,lut8sian1
tshân-kînn,田墘,25,chhân-kîⁿ,tshan5kinn5,chhan5kinn5
tshân-inn,田嬰,25,chhân-iⁿ,tshan5inn1,chhan5inn1
tshân-kìng,田徑,25,chhân-kèng,tshan5king3,chhan5keng3
tshân-pue,田桮,25,chhân-poe,tshan5pue1,chhan5poe1
tshân-iônn,田洋,25,chhân-iôⁿ,tshan5ionn5,chhan5ionn5
tshân-iûnn,田洋,25,chhân-iûⁿ,tshan5iunn5,chhan5iunn5
iû-î,由於,25,iû-î,iu5i5,iu5i5
kah-tiū,甲冑,25,kah-tiū,kah4tiu7,kah4tiu7
lâm-sú,男使,25,lâm-sú,lam5su2,lam5su2
lâm-iú,男友,25,lâm-iú,lam5iu2,lam5iu2
lâm-koân,男權,25,lâm-koân,lam5koan5,lam5koan5
uì-tông,畏同,25,ùi-tông,ui3tong5,ui3tong5
uì-kuânn,畏寒,25,ùi-kôaⁿ,ui3kuann5,ui3koann5
uì-lán,畏懶,25,ùi-lán,ui3lan2,ui3lan2
lâu-uē,留話,25,lâu-ōe,lau5ue7,lau5oe7
pùn-ki,畚箕,25,pùn-ki,pun3ki1,pun3ki1
huan-tē,番地,25,hoan-tē,huan1te7,hoan1te7
huan-kài,番界,25,hoan-kài,huan1kai3,hoan1kai3
huan-huan,番番,25,hoan-hoan,huan1huan1,hoan1hoan1
huan-siā,番社,25,hoan-siā,huan1sia7,hoan1sia7
huan-kiunn,番薑,25,hoan-kiuⁿ,huan1kiunn1,hoan1kiunn1
huan-huè,番貨,25,hoan-hòe,huan1hue3,hoan1hoe3
huan-lōo,番路,25,hoan-lō͘,huan1loo7,hoan1loo7
huan-sé,番黍,25,hoan-sé,huan1se2,hoan1se2
huan-tshí,番鼠,25,hoan-chhí,huan1tshi2,hoan1chhi2
uē-sian,畫仙,25,ōe-sian,ue7sian1,oe7sian1
uē-tsok,畫作,25,ōe-chok,ue7tsok4,oe7chok4
uē-sū,畫士,25,ōe-sū,ue7su7,oe7su7
uē-pún,畫本,25,ōe-pún,ue7pun2,oe7pun2
uē-khing,畫框,25,ōe-kheng,ue7khing1,oe7kheng1
uē-sòo,畫素,25,ōe-sò͘,ue7soo3,oe7soo3
ī-kàu,異教,25,ī-kàu,i7kau3,i7kau3
ī-kài,異界,25,ī-kài,i7kai3,i7kai3
ī-siōng,異象,25,ī-siōng,i7siong7,i7siong7
siâ-tso̍k,畲族,25,siâ-cho̍k,sia5tsok8,sia5chok8
tong-tshoo,當初,25,tong-chho͘,tong1tshoo1,tong1chhoo1
tǹg-ki,當機,25,tǹg-ki,tng3ki1,tng3ki1
tong-tshiong,當沖,25,tong-chhiong,tong1tshiong1,tong1chhiong1
tng-tong,當當,25,tng-tong,tng1tong1,tng1tong1
tǹg-phòo,當鋪,25,tǹg-phò͘,tng3phoo3,tng3phoo3
kiong-hi̍k,疆域,25,kiong-he̍k,kiong1hik8,kiong1hek8
kiong-i̍k,疆域,25,kiong-e̍k,kiong1ik8,kiong1ek8
thia̍p-á,疊仔,25,thia̍p-á,thiap8a2,thiap8a2
tha̍h-thōng,疊緟,25,tha̍h-thōng,thah8thong7,thah8thong7
thia̍p-thōng,疊緟,25,thia̍p-thōng,thiap8thong7,thiap8thong7
tha̍h-sû,疊詞,25,tha̍h-sû,thah8su5,thah8su5
thia̍p-huè,疊貨,25,thia̍p-hòe,thiap8hue3,thiap8hoe3
thia̍p-hè,疊貨,25,thia̍p-hè,thiap8he3,thiap8he3
thia̍p-kha,疊跤,25,thia̍p-kha,thiap8kha1,thiap8kha1
thia̍p-poh,疊駁,25,thia̍p-poh,thiap8poh4,thiap8poh4
soo-kó,疏果,25,so͘-kó,soo1ko2,soo1ko2
se-lang,疏櫳,25,se-lang,se1lang1,se1lang1
se-khí,疏齒,25,se-khí,se1khi2,se1khi2
gî-gā,疑訝,25,gî-gā,gi5ga7,gi5ga7
gî-ngái,疑訝,25,gî-ngái,gi5ngai2,gi5ngai2
ia̍h-tsîng,疫情,25,ia̍h-chêng,iah8tsing5,iah8cheng5
tshuah-sái,疶屎,25,chhoah-sái,tshuah4sai2,chhoah4sai2
thiànn-thiànn,疼疼,25,thiàⁿ-thiàⁿ,thiann3thiann3,thiann3thiann3
thiànn-ūn,疼運,25,thiàⁿ-ūn,thiann3un7,thiann3un7
thiànn-hong,疼風,25,thiàⁿ-hong,thiann3hong1,thiann3hong1
tsi̍k-huān,疾患,25,che̍k-hoān,tsik8huan7,chek8hoan7
tsi̍t-huān,疾患,25,chi̍t-hoān,tsit8huan7,chit8hoan7
ku-lún,痀崙,25,ku-lún,ku1lun2,ku1lun2
pēnn-kiánn,病囝,25,pēⁿ-kiáⁿ,penn7kiann2,penn7kiann2
pīnn-kiánn,病囝,25,pīⁿ-kiáⁿ,pinn7kiann2,pinn7kiann2
pēnn-kiau,病嬌,25,pēⁿ-kiau,penn7kiau1,penn7kiau1
pēnn-pún,病本,25,pēⁿ-pún,penn7pun2,penn7pun2
pīnn-īnn,病院,25,pīⁿ-īⁿ,pinn7inn7,pinn7inn7
pǐnn-ǐnn,病院,25,pǐⁿ-ǐⁿ,pinn6inn6,pinn6inn6
tī-á,痔仔,25,tī-á,ti7a2,ti7a2
he-ku,痚呴,25,he-ku,he1ku1,he1ku1
thàng-thiànn,痛疼,25,thàng-thiàⁿ,thang3thiann3,thang3thiann3
siáu-iú,痟友,25,siáu-iú,siau2iu2,siau2iu2
siáu-íng,痟湧,25,siáu-éng,siau2ing2,siau2eng2
siáu-siáu,痟痟,25,siáu-siáu,siau2siau2,siau2siau2
siáu-thiàu,痟跳,25,siáu-thiàu,siau2thiau3,siau2thiau3
suinn-nuí,痠軟,25,suiⁿ-núi,suinn1nui2,suinn1nui2
lī-tsi̍t,痢疾,25,lī-chi̍t,li7tsit8,li7chit8
un-sîn,瘟神,25,un-sîn,un1sin5,un1sin5
sán-lim,瘦啉,25,sán-lim,san2lim1,san2lim1
sán-tsia̍h,瘦食,25,sán-chia̍h,san2tsiah8,san2chiah8
gia̍k-tsi̍k,瘧疾,25,gia̍k-che̍k,giak8tsik8,giak8chek8
tsiòng-khì,瘴氣,25,chiòng-khì,tsiong3khi3,chiong3khi3
kher-tshiú,瘸手,25,kher-chhiú,kher1tshiu2,kher1chhiu2
khêr-kha,瘸跤,25,khêr-kha,kher5kha1,kher5kha1
liâu-sè,療勢,25,liâu-sè,liau5se3,liau5se3
thái-ko,癩󿗧,25,thái-ko,thai2ko1,thai2ko1
giàn-thâu,癮頭,25,giàn-thâu,gian3thau5,gian3thau5
than-thuán,癱瘓,25,than-thoán,than1thuan2,than1thoan2
ting-ji̍p,登入,25,teng-ji̍p,ting1jip8,teng1jip8
ting-tshut,登出,25,teng-chhut,ting1tshut4,teng1chhut4
huat-tiâu,發條,25,hoat-tiâu,huat4tiau5,hoat4tiau5
puh-phe̍h,發沫,25,puh-phe̍h,puh4pheh8,puh4pheh8
puh-phue̍h,發沫,25,puh-phoe̍h,puh4phueh8,puh4phoeh8
puh-pho,發波,25,puh-pho,puh4pho1,puh4pho1
huat-senn,發生,25,hoat-seⁿ,huat4senn1,hoat4senn1
huat-sinn,發生,25,hoat-siⁿ,huat4sinn1,hoat4sinn1
huat-hún,發粉,25,hoat-hún,huat4hun2,hoat4hun2
huat-kér,發粿,25,hoat-kér,huat4ker2,hoat4ker2
puh-lâng,發膿,25,puh-lâng,puh4lang5,puh4lang5
huat-ínn,發蘖,25,hoat-íⁿ,huat4inn2,hoat4inn2
huat-khui,發開,25,hoat-khui,huat4khui1,hoat4khui1
pe̍h-pang,白板,25,pe̍h-pang,peh8pang1,peh8pang1
pe̍h-tshat,白漆,25,pe̍h-chhat,peh8tshat4,peh8chhat4
pe̍h-tshi,白痴,25,pe̍h-chhi,peh8tshi1,peh8chhi1
pe̍h-tshi,白癡,25,pe̍h-chhi,peh8tshi1,peh8chhi1
pe̍h-ba̍k,白目,25,pe̍h-ba̍k,peh8bak8,peh8bak8
pe̍h-mah,白肉,25,pe̍h-mah,peh8mah4,peh8mah4
pe̍h-tám,白膽,25,pe̍h-tám,peh8tam2,peh8tam2
pe̍h-hê,白蝦,25,pe̍h-hê,peh8he5,peh8he5
pi̍k-tho̍k,白讀,25,pe̍k-tho̍k,pik8thok8,pek8thok8
pe̍h-tsit,白質,25,pe̍h-chit,peh8tsit4,peh8chit4
pe̍h-tshòo,白醋,25,pe̍h-chhò͘,peh8tshoo3,peh8chhoo3
pe̍h-ke,白雞,25,pe̍h-ke,peh8ke1,peh8ke1
pe̍h-tsia̍h,白食,25,pe̍h-chia̍h,peh8tsiah8,peh8chiah8
pe̍h-mī,白麵,25,pe̍h-mī,peh8mi7,peh8mi7
pik-tsè,百濟,25,pek-chè,pik4tse3,pek4che3
pah-phiò,百票,25,pah-phiò,pah4phio3,pah4phio3
pah-kíng,百襇,25,pah-kéng,pah4king2,pah4keng2
pah-bīn,百面,25,pah-bīn,pah4bin7,pah4bin7
tsô-lē,皂隸,25,chô-lē,tso5le7,cho5le7
phuê-tsâi,皮材,25,phôe-châi,phue5tsai5,phoe5chai5
phuê-tsiūnn,皮癢,25,phôe-chiūⁿ,phue5tsiunn7,phoe5chiunn7
phuê-phuê,皮皮,25,phôe-phôe,phue5phue5,phoe5phoe5
phî-phî,皮皮,25,phî-phî,phi5phi5,phi5phi5
phî-lián,皮臉,25,phî-lián,phi5lian2,phi5lian2
jiâu-sûn,皺巡,25,jiâu-sûn,jiau5sun5,jiau5sun5
liâu-sûn,皺巡,25,liâu-sûn,liau5sun5,liau5sun5
liâu-khang,皺空,25,liâu-khang,liau5khang1,liau5khang1
jiâu-bûn,皺紋,25,jiâu-bûn,jiau5bun5,jiau5bun5
it-huat,益發,25,it-hoat,it4huat4,it4hoat4
tō-iōng,盜用,25,tō-iōng,to7iong7,to7iong7
tsīn-ke,盡加,25,chīn-ke,tsin7ke1,chin7ke1
tsīn-liōng,盡量,25,chīn-liōng,tsin7liong7,chin7liong7
puânn-tshuì,盤喙,25,pôaⁿ-chhùi,puann5tshui3,poann5chhui3
puânn-tsíng,盤整,25,pôaⁿ-chéng,puann5tsing2,poann5cheng2
puânn-ki,盤機,25,pôaⁿ-ki,puann5ki1,poann5ki1
puânn-kiû,盤球,25,pôaⁿ-kiû,puann5kiu5,poann5kiu5
tn̄g-tn̄g,盪盪,25,tn̄g-tn̄g,tng7tng7,tng7tng7
ba̍k-khóng,目孔,25,ba̍k-khóng,bak8khong2,bak8khong2
ba̍k-tshái,目彩,25,ba̍k-chhái,bak8tshai2,bak8chhai2
ba̍k-tsiap,目汁,25,ba̍k-chiap,bak8tsiap4,bak8chiap4
ba̍k-ham,目蚶,25,ba̍k-ham,bak8ham1,bak8ham1
ba̍k-tē,目袋,25,ba̍k-tē,bak8te7,bak8te7
ba̍k-sik,目識,25,ba̍k-sek,bak8sik4,bak8sek4
ti̍t-kak,直覺,25,ti̍t-kak,tit8kak4,tit8kak4
siong-sîng,相乘,25,siong-sêng,siong1sing5,siong1seng5
sio-kāng,相仝,25,sio-kāng,sio1kang7,sio1kang7
sio-thīn,相伨,25,sio-thīn,sio1thin7,sio1thin7
sio-thâi,相刣,25,sio-thâi,sio1thai5,sio1thai5
sann-tâng,相同,25,saⁿ-tâng,sann1tang5,sann1tang5
sann-hô,相和,25,saⁿ-hô,sann1ho5,sann1ho5
sio-tshiàng,相唱,25,sio-chhiàng,sio1tshiang3,sio1chhiang3
sio-kàn,相姦,25,sio-kàn,sio1kan3,sio1kan3
sio-tuà,相帶,25,sio-tòa,sio1tua3,sio1toa3
sio-tshé,相扯,25,sio-chhé,sio1tshe2,sio1chhe2
sio-ke̍h,相扴,25,sio-ke̍h,sio1keh8,sio1keh8
sio-bat,相捌,25,sio-bat,sio1bat4,sio1bat4
sio-pat,相捌,25,sio-pat,sio1pat4,sio1pat4
sann-tshē,相揣,25,saⁿ-chhē,sann1tshe7,sann1chhe7
sio-tshuē,相揣,25,sio-chhōe,sio1tshue7,sio1chhoe7
sann-puann,相搬,25,saⁿ-poaⁿ,sann1puann1,sann1poann1
siòng-khing,相框,25,siòng-kheng,siong3khing1,siong3kheng1
sio-pōng,相碰,25,sio-pōng,sio1pong7,sio1pong7
sio-kha̍p,相磕,25,sio-kha̍p,sio1khap8,sio1khap8
sio-tán,相等,25,sio-tán,sio1tan2,sio1tan2
sio-tuè,相綴,25,sio-tòe,sio1tue3,sio1toe3
siong-kìnn,相見,25,siong-kìⁿ,siong1kinn3,siong1kinn3
sio-tak,相觸,25,sio-tak,sio1tak4,sio1tak4
sio-tâm,相談,25,sio-tâm,sio1tam5,sio1tam5
siong-tâm,相談,25,siong-tâm,siong1tam5,siong1tam5
siong-hông,相逢,25,siong-hông,siong1hong5,siong1hong5
sann-sái,相駛,25,saⁿ-sái,sann1sai2,sann1sai2
phàn-á,盼仔,25,phàn-á,phan3a2,phan3a2
síng-kiám,省減,25,séng-kiám,sing2kiam2,seng2kiam2
bâi-pit,眉筆,25,bâi-pit,bai5pit4,bai5pit4
khuànn-hóng,看仿,25,khòaⁿ-hóng,khuann3hong2,khoann3hong2
khuànn-siánn,看啥,25,khòaⁿ-siáⁿ,khuann3siann2,khoann3siann2
khuànn-suí,看媠,25,khòaⁿ-súi,khuann3sui2,khoann3sui2
khuànn-ū,看有,25,khòaⁿ-ū,khuann3u7,khoann3u7
kha̋ng-páng,看板,25,khăng-páng,khang1pang2,khang9pang2
khàn-pán,看板,25,khàn-pán,khan3pan2,khan3pan2
khuànn-khang,看空,25,khòaⁿ-khang,khuann3khang1,khoann3khang1
khuànn-lo̍h,看落,25,khòaⁿ-lo̍h,khuann3loh8,khoann3loh8
khuànn-māi,看覓,25,khòaⁿ-māi,khuann3mai7,khoann3mai7
khàn-hōo,看護,25,khàn-hō͘,khan3hoo7,khan3hoo7
khuànn-khí,看起,25,khòaⁿ-khí,khuann3khi2,khoann3khi2
khuànn-kuè,看過,25,khòaⁿ-kòe,khuann3kue3,khoann3koe3
khuànn-khui,看開,25,khòaⁿ-khui,khuann3khui1,khoann3khui1
tsin-kú,真久,25,chin-kú,tsin1ku2,chin1ku2
tsìn-kú,真久,25,chìn-kú,tsin3ku2,chin3ku2
tsin-lāi,真利,25,chin-lāi,tsin1lai7,chin1lai7
tsin-hai,真咍,25,chin-hai,tsin1hai1,chin1hai1
tsin-hó,真好,25,chin-hó,tsin1ho2,chin1ho2
tsin-suí,真媠,25,chin-súi,tsin1sui2,chin1sui2
tsin-thiám,真忝,25,chin-thiám,tsin1thiam2,chin1thiam2
tsin-tsiànn,真正,25,chin-chiàⁿ,tsin1tsiann3,chin1chiann3
tsin-pháinn,真歹,25,chin-pháiⁿ,tsin1phainn2,chin1phainn2
tsin-tsuē,真濟,25,chin-chōe,tsin1tsue7,chin1choe7
tsin-tsē,真濟,25,chin-chē,tsin1tse7,chin1che7
tsin-iāng,真煬,25,chin-iāng,tsin1iang7,chin1iang7
tsin-hàm,真譀,25,chin-hàm,tsin1ham3,chin1ham3
tsin-tsán,真讚,25,chin-chán,tsin1tsan2,chin1chan2
tsin-lò,真躼,25,chin-lò,tsin1lo3,chin1lo3
tsin-gâu,真𠢕,25,chin-gâu,tsin1gau5,chin1gau5
tsin-siān,真𤺪,25,chin-siān,tsin1sian7,chin1sian7
bîn-bāng,眠夢,25,bîn-bāng,bin5bang7,bin5bang7
bîn-náu,眠腦,25,bîn-náu,bin5nau2,bin5nau2
tshuh-ba̍k,眵目,25,chhuh-ba̍k,tshuh4bak8,chhuh4bak8
tshuh-tshuh,眵眵,25,chhuh-chhuh,tshuh4tshuh4,chhuh4chhuh4
gán-sûn,眼巡,25,gán-sûn,gan2sun5,gan2sun5
gán-liâm,眼簾,25,gán-liâm,gan2liam5,gan2liam5
ka-tsuē,瞌睡,25,ka-chōe,ka1tsue7,ka1choe7
muâ-khàm,瞞崁,25,môa-khàm,mua5kham3,moa5kham3
muâ-phiàn,瞞騙,25,môa-phiàn,mua5phian3,moa5phian3
kí-tīn,矩陣,25,kí-tīn,ki2tin7,ki2tin7
kú-tīn,矩陣,25,kú-tīn,ku2tin7,ku2tin7
té-kûn,短裙,25,té-kûn,te2kun5,te2kun5
té-sìn,短訊,25,té-sìn,te2sin3,te2sin3
té-tsuā,短途,25,té-chōa,te2tsua7,te2choa7
té-tôo,短途,25,té-tô͘,te2too5,te2too5
té-tsuā,短逝,25,té-chōa,te2tsua7,te2choa7
tsio̍h-tshiāng,石像,25,chio̍h-chhiāng,tsioh8tshiang7,chioh8chhiang7
tsio̍h-ba̍k,石墨,25,chio̍h-ba̍k,tsioh8bak8,chioh8bak8
si̍k-kong,石岡,25,se̍k-kong,sik8kong1,sek8kong1
tsio̍h-kong,石岡,25,chio̍h-kong,tsioh8kong1,chioh8kong1
tsio̍h-pan,石斑,25,chio̍h-pan,tsioh8pan1,chioh8pan1
tsio̍h-thui,石梯,25,chio̍h-thui,tsioh8thui1,chioh8thui1
tsio̍h-hōo,石滬,25,chio̍h-hō͘,tsioh8hoo7,chioh8hoo7
tsio̍h-ta,石礁,25,chio̍h-ta,tsioh8ta1,chioh8ta1
tsio̍h-hóo,石虎,25,chio̍h-hó͘,tsioh8hoo2,chioh8hoo2
tsio̍h-poh,石駁,25,chio̍h-poh,tsioh8poh4,chioh8poh4
tsio̍h-ku,石龜,25,chio̍h-ku,tsioh8ku1,chioh8ku1
phi-sòo,砒素,25,phi-sò͘,phi1soo3,phi1soo3
gíng-hu,研烌,25,géng-hu,ging2hu1,geng2hu1
gíng-tê,研茶,25,géng-tê,ging2te5,geng2te5
tiam-á,砧仔,25,tiam-á,tiam1a2,tiam1a2
tiam-tiam,砧砧,25,tiam-tiam,tiam1tiam1,tiam1tiam1
tiam-uê,砧鞋,25,tiam-ôe,tiam1ue5,tiam1oe5
tiam-ê,砧鞋,25,tiam-ê,tiam1e5,tiam1e5
piang-khì,砰去,25,piang-khì,piang1khi3,piang1khi3
phuà-bâ,破媌,25,phòa-bâ,phua3ba5,phoa3ba5
phuà-tshâ,破柴,25,phòa-chhâ,phua3tsha5,phoa3chha5
phuà-keh,破格,25,phòa-keh,phua3keh4,phoa3keh4
phuà-pîng,破爿,25,phòa-pêng,phua3ping5,phoa3peng5
phuà-khang,破空,25,phòa-khang,phua3khang1,phoa3khang1
phuà-thai,破胎,25,phòa-thai,phua3thai1,phoa3thai1
phuà-ô,破蚵,25,phòa-ô,phua3o5,phoa3o5
phuà-tuann,破蛋,25,phòa-toaⁿ,phua3tuann1,phoa3toann1
phuà-hong,破風,25,phòa-hong,phua3hong1,phoa3hong1
phuà-muâ,破麻,25,phòa-môa,phua3mua5,phoa3moa5
phuà-tiánn,破鼎,25,phòa-tiáⁿ,phua3tiann2,phoa3tiann2
ke-sòo,硅素,25,ke-sò͘,ke1soo3,ke1soo3
kho̍k-kho̍k,硞硞,25,kho̍k-kho̍k,khok8khok8,khok8khok8
tshia-kû,硨磲,25,chhia-kû,tshia1ku5,chhia1ku5
teh-siong,硩傷,25,teh-siong,teh4siong1,teh4siong1
teh-thâm,硩痰,25,teh-thâm,teh4tham5,teh4tham5
teh-tshng,硩瘡,25,teh-chhng,teh4tshng1,teh4chhng1
teh-tsuá,硩紙,25,teh-chóa,teh4tsua2,teh4choa2
teh-thōng,硩緟,25,teh-thōng,teh4thong7,teh4thong7
teh-tio̍h,硩著,25,teh-tio̍h,teh4tioh8,teh4tioh8
teh-tsài,硩載,25,teh-chài,teh4tsai3,teh4chai3
teh-tāng,硩重,25,teh-tāng,teh4tang7,teh4tang7
ngē-khǹg,硬勸,25,ngē-khǹg,nge7khng3,nge7khng3
ngī-khǹg,硬勸,25,ngī-khǹg,ngi7khng3,ngi7khng3
ngē-áu,硬拗,25,ngē-áu,nge7au2,nge7au2
ngē-tsiānn,硬掙,25,ngē-chiāⁿ,nge7tsiann7,nge7chiann7
ngī-tsiānn,硬掙,25,ngī-chiāⁿ,ngi7tsiann7,ngi7chiann7
ngē-tshah,硬插,25,ngē-chhah,nge7tshah4,nge7chhah4
ngī-tshah,硬插,25,ngī-chhah,ngi7tshah4,ngi7chhah4
ngē-sí,硬死,25,ngē-sí,nge7si2,nge7si2
ngē-ha̍unnh,硬澩,25,ngē-hau̍ⁿh,nge7haunnh8,nge7haunnh8
ngī-ha̍unnh,硬澩,25,ngī-hau̍ⁿh,ngi7haunnh8,ngi7haunnh8
ngē-kńg,硬管,25,ngē-kńg,nge7kng2,nge7kng2
ngī-kńg,硬管,25,ngī-kńg,ngi7kng2,ngi7kng2
ngē-si,硬絲,25,ngē-si,nge7si1,nge7si1
ngē-tsènn,硬諍,25,ngē-chèⁿ,nge7tsenn3,nge7chenn3
ngī-tsìnn,硬諍,25,ngī-chìⁿ,ngi7tsinn3,ngi7chinn3
ngē-phīnn,硬鼻,25,ngē-phīⁿ,nge7phinn7,nge7phinn7
tshuì-ping,碎冰,25,chhùi-peng,tshui3ping1,chhui3peng1
tshuì-tsio̍h,碎石,25,chhùi-chio̍h,tshui3tsioh8,chhui3chioh8
pōng-bīn,碰面,25,pōng-bīn,pong7bin7,pong7bin7
khak-tsín,確診,25,khak-chín,khak4tsin2,khak4chin2
bé-thâu,碼頭,25,bé-thâu,be2thau5,be2thau5
lián-kiû,碾球,25,lián-kiû,lian2kiu5,lian2kiu5
pōng-kì,磅去,25,pōng-kì,pong7ki3,pong7ki3
pōng-té,磅底,25,pōng-té,pong7te2,pong7te2
pōng-hóng,磅況,25,pōng-hóng,pong7hong2,pong7hong2
pōng-siâu,磅潲,25,pōng-siâu,pong7siau5,pong7siau5
pōng-lān,磅𡳞,25,pōng-lān,pong7lan7,pong7lan7
poân-an,磐安,25,poân-an,poan5an1,poan5an1
kha̍p-lòng,磕挵,25,kha̍p-lòng,khap8long3,khap8long3
kha̍p-suànn,磕線,25,kha̍p-sòaⁿ,khap8suann3,khap8soann3
kha̍p-thâu,磕頭,25,kha̍p-thâu,khap8thau5,khap8thau5
la̍k-ta̍k,磟碡,25,la̍k-ta̍k,lak8tak8,lak8tak8
buâ-lo̍k,磨碌,25,bôa-lo̍k,bua5lok8,boa5lok8
buâ-hún,磨粉,25,bôa-hún,bua5hun2,boa5hun2
hông-káng,磺港,25,hông-káng,hong5kang2,hong5kang2
ta-á,礁仔,25,ta-á,ta1a2,ta1a2
ha̍k-khi,礐敧,25,ha̍k-khi,hak8khi1,hak8khi1
gāi-hī,礙耳,25,gāi-hī,gai7hi7,gai7hi7
gāi-hīnn,礙耳,25,gāi-hīⁿ,gai7hinn7,gai7hinn7
gāi-gio̍h,礙虐,25,gāi-gio̍h,gai7gioh8,gai7gioh8
ngāi-káng,礙講,25,ngāi-káng,ngai7kang2,ngai7kang2
gāi-lān,礙𡳞,25,gāi-lān,gai7lan7,gai7lan7
tshuah-ping,礤冰,25,chhoah-peng,tshuah4ping1,chhoah4peng1
khòng-ha̍k,礦學,25,khòng-ha̍k,khong3hak8,khong3hak8
khòng-tshia,礦車,25,khòng-chhia,khong3tshia1,khong3chhia1
huânn-sòo,礬素,25,hôaⁿ-sò͘,huann5soo3,hoann5soo3
siā-kûn,社群,25,siā-kûn,sia7kun5,sia7kun5
pì-kiat,祕結,25,pì-kiat,pi3kiat4,pi3kiat4
pì-lóo,祕魯,25,pì-ló͘,pi3loo2,pi3loo2
sîng-tsú,祖先,25,sêng-chú,sing5tsu2,seng5chu2
sîn-kiong,神宮,25,sîn-kiong,sin5kiong1,sin5kiong1
sîn-tsun,神尊,25,sîn-chun,sin5tsun1,sin5chun1
sin-gong,神岡,25,sin-gong,sin1gong1,sin1gong1
sin-kóng,神岡,25,sin-kóng,sin1kong2,sin1kong2
sîn-góng,神岡,25,sîn-góng,sin5gong2,sin5gong2
sîn-kóng,神岡,25,sîn-kóng,sin5kong2,sin5kong2
sîn-kóng,神廣,25,sîn-kóng,sin5kong2,sin5kong2
sîn-sóng,神爽,25,sîn-sóng,sin5song2,sin5song2
sîn-siā,神社,25,sîn-siā,sin5sia7,sin5sia7
sîn-lông,神農,25,sîn-lông,sin5long5,sin5long5
phiàu-kin,票根,25,phiàu-kin,phiau3kin1,phiau3kin1
phiò-siann,票聲,25,phiò-siaⁿ,phio3siann1,phio3siann1
kìm-hiàng,禁向,25,kìm-hiàng,kim3hiang3,kim3hiang3
kìm-tshuì,禁喙,25,kìm-chhùi,kim3tshui3,kim3chhui3
kìm-jiō,禁尿,25,kìm-jiō,kim3jio7,kim3jio7
kìm-khuì,禁氣,25,kìm-khùi,kim3khui3,kim3khui3
hok-tsíng,福井,25,hok-chéng,hok4tsing2,hok4cheng2
hok-tó,福島,25,hok-tó,hok4to2,hok4to2
hok-tsiu,福州,25,hok-chiu,hok4tsiu1,hok4chiu1
hok-sîng,福成,25,hok-sêng,hok4sing5,hok4seng5
hok-tshing,福清,25,hok-chheng,hok4tshing1,hok4chheng1
hok-bah,福肉,25,hok-bah,hok4bah4,hok4bah4
hok-kim,福金,25,hok-kim,hok4kim1,hok4kim1
hok-tíng,福鼎,25,hok-téng,hok4ting2,hok4teng2
siâm-tsē,禪坐,25,siâm-chē,siam5tse7,siam5che7
lé-pài,禮拜,25,lé-pài,le2pai3,le2pai3
lé-kì,禮記,25,lé-kì,le2ki3,le2ki3
khîm-hing,禽胸,25,khîm-heng,khim5hing1,khim5heng1
thut-hia̍,禿額,25,thut-hia̍,thut4hia8,thut4hia8
thut-huat,禿髮,25,thut-hoat,thut4huat4,thut4hoat4
siù-sū,秀嶼,25,siù-sū,siu3su7,siu3su7
siù-tsiu,秀洲,25,siù-chiu,siu3tsiu1,siu3chiu1
sai-kha,私奇,25,sai-kha,sai1kha1,sai1kha1
sai-khia,私奇,25,sai-khia,sai1khia1,sai1khia1
su-khia,私奇,25,su-khia,su1khia1,su1khia1
tshiu-tshìn,秋凊,25,chhiu-chhìn,tshiu1tshin3,chhiu1chhin3
tshiu-bō,秋帽,25,chhiu-bō,tshiu1bo7,chhiu1bo7
tshiu-sò,秋燥,25,chhiu-sò,tshiu1so3,chhiu1so3
tshiu-tiân,秋田,25,chhiu-tiân,tshiu1tian5,chhiu1tian5
khe-ha̍k,科學,25,khe-ha̍k,khe1hak8,khe1hak8
tsîn-tiâu,秦朝,25,chîn-tiâu,tsin5tiau5,chin5tiau5
tsîn-hong,秦風,25,chîn-hong,tsin5hong1,chin5hong1
î-khún,移墾,25,î-khún,i5khun2,i5khun2
î-kang,移工,25,î-kang,i5kang1,i5kang1
hi-bî,稀微,25,hi-bî,hi1bi5,hi1bi5
pín-kiû,稟求,25,pín-kiû,pin2kiu5,pin2kiu5
tsíng-thn̂g,種傳,25,chéng-thn̂g,tsing2thng5,cheng2thng5
tsìng-tsu,種珠,25,chèng-chu,tsing3tsu1,cheng3chu1
tsìng-hue,種花,25,chèng-hoe,tsing3hue1,cheng3hoe1
tsíng-tio̍h,種著,25,chéng-tio̍h,tsing2tioh8,cheng2tioh8
tiū-hê,稻蝦,25,tiū-hê,tiu7he5,tiu7he5
khé-tsha,稽查,25,khé-chha,khe2tsha1,khe2chha1
khue-sué,稽洗,25,khoe-sóe,khue1sue2,khoe1soe2
khe-khó,稽考,25,khe-khó,khe1kho2,khe1kho2
tsik-ki̍k,積極,25,chek-ke̍k,tsik4kik8,chek4kek8
tsik-tái,積滓,25,chek-tái,tsik4tai2,chek4tai2
tsik-tsū,積聚,25,chek-chū,tsik4tsu7,chek4chu7
ínn-hô,穎豪,25,íⁿ-hô,inn2ho5,inn2ho5
uè-bûn,穢聞,25,òe-bûn,ue3bun5,oe3bun5
è-bûn,穢聞,25,è-bûn,e3bun5,e3bun5
ún-sí,穩死,25,ún-sí,un2si2,un2si2
ún-tàng,穩當,25,ún-tàng,un2tang3,un2tang3
ún-iânn,穩贏,25,ún-iâⁿ,un2iann5,un2iann5
kiù-khàm,究勘,25,kiù-khàm,kiu3kham3,kiu3kham3
kiù-si̍t,究實,25,kiù-si̍t,kiu3sit8,kiu3sit8
kiù-jiân,究然,25,kiù-jiân,kiu3jian5,kiu3jian5
kiù-tsin,究真,25,kiù-chin,kiu3tsin1,kiu3chin1
kiong-tshong,穹蒼,25,kiong-chhong,kiong1tshong1,kiong1chhong1
khang-thiam,空添,25,khang-thiam,khang1thiam1,khang1thiam1
khong-káng,空港,25,khong-káng,khong1kang2,khong1kang2
khong-ní,空耳,25,khong-ní,khong1ni2,khong1ni2
khang-kiânn,空行,25,khang-kiâⁿ,khang1kiann5,khang1kiann5
khang-thâu,空頭,25,khang-thâu,khang1thau5,khang1thau5
tshīng-sann,穿衫,25,chhēng-saⁿ,tshing7sann1,chheng7sann1
tu̍t-bián,突勉,25,tu̍t-bián,tut8bian2,tut8bian2
tsik-sòo,窒素,25,chek-sò͘,tsik4soo3,chek4soo3
that-tshia,窒車,25,that-chhia,that4tshia1,that4chhia1
thang-á,窗仔,25,thang-á,thang1a2,thang1a2
tshong-hing,窗兄,25,chhong-heng,tshong1hing1,chhong1heng1
thang-khàm,窗崁,25,thang-khàm,thang1kham3,thang1kham3
thām-thuî,窞錘,25,thām-thûi,tham7thui5,tham7thui5
khut-á,窟仔,25,khut-á,khut4a2,khut4a2
khîng-tsînn,窮錢,25,khêng-chîⁿ,khing5tsinn5,kheng5chinn5
khîng-tàu,窮鬥,25,khêng-tàu,khing5tau3,kheng5tau3
khîng-tsiâu,窮齊,25,khêng-chiâu,khing5tsiau5,kheng5chiau5
khîng-tsê,窮齊,25,khêng-chê,khing5tse5,kheng5che5
sī-suā,窸倏,25,sī-sōa,si7sua7,si7soa7
tuan-khái,端楷,25,toan-khái,tuan1khai2,toan1khai2
kìng-bé,競買,25,kèng-bé,king3be2,keng3be2
kīng-tshia,競車,25,kēng-chhia,king7tshia1,keng7chhia1
tik-tshàm,竹塹,25,tek-chhàm,tik4tsham3,tek4chham3
tik-tsām,竹塹,25,tek-chām,tik4tsam7,tek4cham7
tik-an,竹安,25,tek-an,tik4an1,tek4an1
tik-khàm,竹崁,25,tek-khàm,tik4kham3,tek4kham3
tik-tang,竹東,25,tek-tang,tik4tang1,tek4tang1
tik-kho,竹科,25,tek-kho,tik4kho1,tek4kho1
tik-tshíng,竹筅,25,tek-chhéng,tik4tshing2,tek4chheng2
tik-tī,竹箸,25,tek-tī,tik4ti7,tek4ti7
tik-phang,竹蜂,25,tek-phang,tik4phang1,tek4phang1
tshiò-pue,笑桮,25,chhiò-poe,tshio3pue1,chhio3poe1
tshiò-tāu,笑豆,25,chhiò-tāu,tshio3tau7,chhio3tau7
ta̍t-á,笛仔,25,ta̍t-á,tat8a2,tat8a2
pūn-pang,笨枋,25,pūn-pang,pun7pang1,pun7pang1
pùn-káng,笨港,25,pùn-káng,pun3kang2,pun3kang2
pūn-káng,笨港,25,pūn-káng,pun7kang2,pun7kang2
pit-hîng,筆型,25,pit-hêng,pit4hing5,pit4heng5
pit-tun,筆鈍,25,pit-tun,pit4tun1,pit4tun1
pit-tiān,筆電,25,pit-tiān,pit4tian7,pit4tian7
pit-tshú,筆鼠,25,pit-chhú,pit4tshu2,pit4chhu2
tán-uat,等斡,25,tán-oat,tan2uat4,tan2oat4
tíng-hō,等號,25,téng-hō,ting2ho7,teng2ho7
tán-lōo,等路,25,tán-lō͘,tan2loo7,tan2loo7
kiáu-pô,筊婆,25,kiáu-pô,kiau2po5,kiau2po5
kiáu-sat,筊虱,25,kiáu-sat,kiau2sat4,kiau2sat4
kiáu-tsînn,筊錢,25,kiáu-chîⁿ,kiau2tsinn5,kiau2chinn5
kin-bah,筋肉,25,kin-bah,kin1bah4,kin1bah4
kin-lūn,筋韌,25,kin-lūn,kin1lun7,kin1lun7
sún-ku,筍龜,25,sún-ku,sun2ku1,sun2ku1
tap-ìng,答應,25,tap-èng,tap4ing3,tap4eng3
khoo-khoo,箍箍,25,kho͘-kho͘,khoo1khoo1,khoo1khoo1
khoo-lo̍h,箍絡,25,kho͘-lo̍h,khoo1loh8,khoo1loh8
khoo-pue,箍飛,25,kho͘-poe,khoo1pue1,khoo1poe1
tshuê-á,箠仔,25,chhôe-á,tshue5a2,chhoe5a2
kuán-thāi,管待,25,koán-thāi,kuan2thai7,koan2thai7
kóng-kiû,管球,25,kóng-kiû,kong2kiu5,kong2kiu5
siunn-á,箱仔,25,siuⁿ-á,siunn1a2,siunn1a2
tsim-giân,箴言,25,chim-giân,tsim1gian5,chim1gian5
tsat-la̍t,節力,25,chat-la̍t,tsat4lat8,chat4lat8
tsat-tiám,節點,25,chat-tiám,tsat4tiam2,chat4tiam2
thuàn-khik,篆刻,25,thoàn-khek,thuan3khik4,thoan3khek4
thai-á,篩仔,25,thai-á,thai1a2,thai1a2
thai-kiám,篩檢,25,thai-kiám,thai1kiam2,thai1kiam2
thàng-suh,簞笥,25,thàng-suh,thang3suh4,thang3suh4
kán-tan,簡單,25,kán-tan,kan2tan1,kan2tan1
kán-tsia̍t,簡捷,25,kán-chia̍t,kan2tsiat8,kan2chiat8
kán-su̍t,簡述,25,kán-su̍t,kan2sut8,kan2sut8
tsînn-lîng,簷龍,25,chîⁿ-lêng,tsinn5ling5,chinn5leng5
tshiam-kàu,簽到,25,chhiam-kàu,tshiam1kau3,chhiam1kau3
tshiam-tiâu,簽條,25,chhiam-tiâu,tshiam1tiau5,chhiam1tiau5
nî-tsînn,簾簷,25,nî-chîⁿ,ni5tsinn5,ni5chinn5
láng-kiû,籠球,25,láng-kiû,lang2kiu5,lang2kiu5
tshiam-á,籤仔,25,chhiam-á,tshiam1a2,chhiam1a2
bí-tsin,米升,25,bí-chin,bi2tsin1,bi2chin1
bí-kok,米國,25,bí-kok,bi2kok4,bi2kok4
bí-ling,米奶,25,bí-leng,bi2ling1,bi2leng1
bí-kó,米果,25,bí-kó,bi2ko2,bi2ko2
bí-hueh,米血,25,bí-hoeh,bi2hueh4,bi2hoeh4
bí-tē,米袋,25,bí-tē,bi2te7,bi2te7
bí-seh,米雪,25,bí-seh,bi2seh4,bi2seh4
bí-tshí,米鼠,25,bí-chhí,bi2tshi2,bi2chhi2
bí-tshàng,米𥺆,25,bí-chhàng,bi2tshang3,bi2chhang3
mí-tshàng,米𥺆,25,mí-chhàng,mi2tshang3,mi2chhang3
hún-bī,粉味,25,hún-bī,hun2bi7,hun2bi7
hún-té,粉底,25,hún-té,hun2te2,hun2te2
hún-si,粉絲,25,hún-si,hun2si1,hun2si1
hún-giô,粉蕘,25,hún-giô,hun2gio5,hun2gio5
hún-giô,粉蟯,25,hún-giô,hun2gio5,hun2gio5
hún-king,粉間,25,hún-keng,hun2king1,hun2keng1
lia̍p-tsí,粒子,25,lia̍p-chí,liap8tsi2,liap8chi2
lia̍p-tsia̍p,粒捷,25,lia̍p-chia̍p,liap8tsiap8,liap8chiap8
tshoo-sio̍k,粗俗,25,chho͘-sio̍k,tshoo1siok8,chhoo1siok8
tshoo-kiānn,粗健,25,chho͘-kiāⁿ,tshoo1kiann7,chhoo1kiann7
tshoo-lua̍t,粗劣,25,chho͘-loa̍t,tshoo1luat8,chhoo1loat8
tshoo-tshuì,粗喙,25,chho͘-chhùi,tshoo1tshui3,chhoo1chhui3
tshoo-tshân,粗殘,25,chho͘-chhân,tshoo1tshan5,chhoo1chhan5
tshoo-gâ,粗牙,25,chho͘-gâ,tshoo1ga5,chhoo1ga5
tshoo-tsuá,粗紙,25,chho͘-chóa,tshoo1tsua2,chhoo1choa2
tshoo-sè,粗細,25,chho͘-sè,tshoo1se3,chhoo1se3
tshoo-hue,粗花,25,chho͘-hoe,tshoo1hue1,chhoo1hoe1
ua̍t-gí,粵語,25,oa̍t-gí,uat8gi2,oat8gi2
ua̍t-gír,粵語,25,oa̍t-gír,uat8gir2,oat8gir2
ua̍t-gú,粵語,25,oa̍t-gú,uat8gu2,oat8gu2
tsing-suí,精粹,25,cheng-súi,tsing1sui2,cheng1sui2
tsing-sùi,精粹,25,cheng-sùi,tsing1sui3,cheng1sui3
tsing-tshuì,精粹,25,cheng-chhùi,tsing1tshui3,cheng1chhui3
tsing-kim,精金,25,cheng-kim,tsing1kim1,cheng1kim1
tsing-lîng,精靈,25,cheng-lêng,tsing1ling5,cheng1leng5
tsing-suí,精髓,25,cheng-súi,tsing1sui2,cheng1sui2
tsing-tshuí,精髓,25,cheng-chhúi,tsing1tshui2,cheng1chhui2
kué-lōo,粿路,25,kóe-lō͘,kue2loo7,koe2loo7
ké-lōo,粿路,25,ké-lō͘,ke2loo7,ke2loo7
kér-lōo,粿路,25,kér-lō͘,ker2loo7,ker2loo7
kôo-á,糊仔,25,kô͘-á,koo5a2,koo5a2
tsìnn-tè,糋塊,25,chìⁿ-tè,tsinn3te3,chinn3te3
tsìnn-liāu,糋料,25,chìⁿ-liāu,tsinn3liau7,chinn3liau7
tsìnn-lōo,糋路,25,chìⁿ-lō͘,tsinn3loo7,chinn3loo7
tsìnn-suán,糋選,25,chìⁿ-soán,tsinn3suan2,chinn3soan2
thn̂g-sim,糖心,25,thn̂g-sim,thng5sim1,thng5sim1
thn̂g-oo,糖烏,25,thn̂g-o͘,thng5oo1,thng5oo1
thn̂g-tshòo,糖醋,25,thn̂g-chhò͘,thng5tshoo3,thng5chhoo3
thn̂g-sng,糖霜,25,thn̂g-sng,thng5sng1,thng5sng1
tshò-bí,糙米,25,chhò-bí,tsho3bi2,chho3bi2
pùn-kháu,糞口,25,pùn-kháu,pun3khau2,pun3khau2
tia̍h-tshiú,糴手,25,tia̍h-chhiú,tiah8tshiu2,tiah8chhiu2
thiò-tshiú,糶手,25,thiò-chhiú,thio3tshiu2,thio3chhiu2
hē-pān,系辦,25,hē-pān,he7pan7,he7pan7
kiù-tôo,糾圖,25,kiù-tô͘,kiu3too5,kiu3too5
kiù-sim,糾心,25,kiù-sim,kiu3sim1,kiu3sim1
kiù-tsuá,糾紙,25,kiù-chóa,kiu3tsua2,kiu3choa2
kiù-kat,糾結,25,kiù-kat,kiu3kat4,kiu3kat4
kiù-kat,糾葛,25,kiù-kat,kiu3kat4,kiu3kat4
iok-tàn,約旦,25,iok-tàn,iok4tan3,iok4tan3
hông-tsng,紅妝,25,hông-chng,hong5tsng1,hong5chng1
âng-tsio̍h,紅石,25,âng-chio̍h,ang5tsioh8,ang5chioh8
âng-khàm,紅磡,25,âng-khàm,ang5kham3,ang5kham3
âng-pit,紅筆,25,âng-pit,ang5pit4,ang5pit4
âng-lê,紅藜,25,âng-lê,ang5le5,ang5le5
âng-thâng,紅蟲,25,âng-thâng,ang5thang5,ang5thang5
âng-khak,紅麴,25,âng-khak,ang5khak4,ang5khak4
âng-kiok,紅麴,25,âng-kiok,ang5kiok4,ang5kiok4
âng-ku,紅龜,25,âng-ku,ang5ku1,ang5ku1
bûn-pan,紋斑,25,bûn-pan,bun5pan1,bun5pan1
la̍p-suè,納稅,25,la̍p-sòe,lap8sue3,lap8soe3
la̍p-tāu,納豆,25,la̍p-tāu,lap8tau7,lap8tau7
la̍p-tsînn,納錢,25,la̍p-chîⁿ,lap8tsinn5,lap8chinn5
liú-ân,紐絚,25,liú-ân,liu2an5,liu2an5
sûn-tōo,純度,25,sûn-tō͘,sun5too7,sun5too7
tsuá-lī,紙字,25,chóa-lī,tsua2li7,choa2li7
tsuá-teh,紙硩,25,chóa-teh,tsua2teh4,choa2teh4
tsuá-po̍h,紙箔,25,chóa-po̍h,tsua2poh8,choa2poh8
sak-tshú,索取,25,sak-chhú,sak4tshu2,sak4chhu2
tsí-bí,紫米,25,chí-bí,tsi2bi2,chi2bi2
tsah-tsáu,紮走,25,chah-cháu,tsah4tsau2,chah4chau2
sè-tsoh,細作,25,sè-choh,se3tsoh4,se3choh4
sè-î,細姨,25,sè-î,se3i5,se3i5
sè-jī,細字,25,sè-jī,se3ji7,se3ji7
sè-pah,細百,25,sè-pah,se3pah4,se3pah4
sè-kuàn,細罐,25,sè-koàn,se3kuan3,se3koan3
sè-tsiah,細隻,25,sè-chiah,se3tsiah4,se3chiah4
suà-tshiànn,紲倩,25,sòa-chhiàⁿ,sua3tshiann3,soa3chhiann3
suà-phah,紲拍,25,sòa-phah,sua3phah4,soa3phah4
suà-tsáng,紲摠,25,sòa-cháng,sua3tsang2,soa3chang2
suà-tsang,紲鬃,25,sòa-chang,sua3tsang1,soa3chang1
tsiong-á,終仔,25,chiong-á,tsiong1a2,chiong1a2
tsiong-û,終於,25,chiong-û,tsiong1u5,chiong1u5
tsiong-kài,終界,25,chiong-kài,tsiong1kai3,chiong1kai3
phuānn-tsuí,絆水,25,phōaⁿ-chúi,phuann7tsui2,phoann7chui2
kiat-sái,結屎,25,kiat-sái,kiat4sai2,kiat4sai2
kiat-pài,結拜,25,kiat-pài,kiat4pai3,kiat4pai3
kiat-sok,結束,25,kiat-sok,kiat4sok4,kiat4sok4
kiat-liân,結連,25,kiat-liân,kiat4lian5,kiat4lian5
kiat-tiánn,結鼎,25,kiat-tiáⁿ,kiat4tiann2,kiat4tiann2
kiat-tīng,結𠕇,25,kiat-tēng,kiat4ting7,kiat4teng7
ká-pang,絞幫,25,ká-pang,ka2pang1,ka2pang1
ká-thiànn,絞疼,25,ká-thiàⁿ,ka2thiann3,ka2thiann3
ká-kûn,絞群,25,ká-kûn,ka2kun5,ka2kun5
jiông-bō,絨帽,25,jiông-bō,jiong5bo7,jiong5bo7
thóng-muî,統媒,25,thóng-mûi,thong2mui5,thong2mui5
si-pau,絲包,25,si-pau,si1pau1,si1pau1
king-ha̍k,經學,25,keng-ha̍k,king1hak8,keng1hak8
king-tōo,經度,25,keng-tō͘,king1too7,keng1too7
king-li̍k,經歷,25,keng-le̍k,king1lik8,keng1lek8
king-lo̍k,經絡,25,keng-lo̍k,king1lok8,keng1lok8
kenn-suànn,經線,25,keⁿ-sòaⁿ,kenn1suann3,kenn1soann3
king-suànn,經線,25,keng-sòaⁿ,king1suann3,keng1soann3
kinn-suànn,經線,25,kiⁿ-sòaⁿ,kinn1suann3,kinn1soann3
kenn-bue̍h,經襪,25,keⁿ-boe̍h,kenn1bueh8,kenn1boeh8
kinn-be̍h,經襪,25,kiⁿ-be̍h,kinn1beh8,kinn1beh8
king-hong,經風,25,keng-hong,king1hong1,keng1hong1
li̍k-phìnn,綠片,25,le̍k-phìⁿ,lik8phinn3,lek8phinn3
uî-khik,維刻,25,ûi-khek,ui5khik4,ui5khek4
uî-ki,維基,25,ûi-ki,ui5ki1,ui5ki1
uî-tshî,維持,25,ûi-chhî,ui5tshi5,ui5chhi5
bāng-tshenn,網星,25,bāng-chheⁿ,bang7tshenn1,bang7chhenn1
bāng-tshinn,網星,25,bāng-chhiⁿ,bang7tshinn1,bang7chhinn1
bāng-hông,網紅,25,bāng-hông,bang7hong5,bang7hong5
bāng-se,網紗,25,bāng-se,bang7se1,bang7se1
bāng-le,網絡,25,bāng-le,bang7le1,bang7le1
bāng-me̍h,網脈,25,bāng-me̍h,bang7meh8,bang7meh8
bāng-tshìng,網衝,25,bāng-chhèng,bang7tshing3,bang7chheng3
bāng-tsìng,網衝,25,bāng-chèng,bang7tsing3,bang7cheng3
bāng-tsì,網誌,25,bāng-chì,bang7tsi3,bang7chi3
bāng-lōo,網路,25,bāng-lō͘,bang7loo7,bang7loo7
bāng-kun,網軍,25,bāng-kun,bang7kun1,bang7kun1
bāng-liān,網鍊,25,bāng-liān,bang7lian7,bang7lian7
bāng-tíng,網頂,25,bāng-téng,bang7ting2,bang7teng2
bāng-ia̍h,網驛,25,bāng-ia̍h,bang7iah8,bang7iah8
bāng-tiám,網點,25,bāng-tiám,bang7tiam2,bang7tiam2
tè-li̍p,綴入,25,tè-li̍p,te3lip8,te3lip8
tuè-pài,綴拜,25,tòe-pài,tue3pai3,toe3pai3
tuè-tshuē,綴揣,25,tòe-chhōe,tue3tshue7,toe3chhoe7
tè-tshē,綴揣,25,tè-chhē,te3tshe7,te3chhe7
tuè-tsham,綴摻,25,tòe-chham,tue3tsham1,toe3chham1
tuè-tio̍h,綴著,25,tòe-tio̍h,tue3tioh8,toe3tioh8
tuè-lōo,綴路,25,tòe-lō͘,tue3loo7,toe3loo7
tuè-thè,綴退,25,tòe-thè,tue3the3,toe3the3
tuè-tsìn,綴進,25,tòe-chìn,tue3tsin3,toe3chin3
mî-tsinn,綿櫼,25,mî-chiⁿ,mi5tsinn1,mi5chinn1
mî-nuā,綿爛,25,mî-nōa,mi5nua7,mi5noa7
mî-tsinn,綿精,25,mî-chiⁿ,mi5tsinn1,mi5chinn1
mî-mî,綿綿,25,mî-mî,mi5mi5,mi5mi5
mî-im,綿音,25,mî-im,mi5im1,mi5im1
kín-suan,緊旋,25,kín-soan,kin2suan1,kin2soan1
kín-kiû,緊球,25,kín-kiû,kin2kiu5,kin2kiu5
kín-tsáu,緊走,25,kín-cháu,kin2tsau2,kin2chau2
kín-sok,緊速,25,kín-sok,kin2sok4,kin2sok4
hui-bûn,緋聞,25,hui-bûn,hui1bun5,hui1bun5
khiâm-bi̍t,緘默,25,khiâm-bi̍t,khiam5bit8,khiam5bit8
suànn-sái,線屎,25,sòaⁿ-sái,suann3sai2,soann3sai2
siàn-thiu,線抽,25,siàn-thiu,sian3thiu1,sian3thiu1
siàn-pôo,線裒,25,siàn-pô͘,sian3poo5,sian3poo5
suànn-jiah,線跡,25,sòaⁿ-jiah,suann3jiah4,soann3jiah4
suànn-tíng,線頂,25,sòaⁿ-téng,suann3ting2,soann3teng2
thōng-bô,緟無,25,thōng-bô,thong7bo5,thong7bo5
iân-hūn,緣份,25,iân-hūn,ian5hun7,ian5hun7
iân-tâu,緣投,25,iân-tâu,ian5tau5,ian5tau5
pian-bé,編碼,25,pian-bé,pian1be2,pian1be2
uān-khùn,緩困,25,oān-khùn,uan7khun3,oan7khun3
bián-tiān,緬甸,25,bián-tiān,bian2tian7,bian2tian7
hūi-tōo,緯度,25,hūi-tō͘,hui7too7,hui7too7
uí-tōo,緯度,25,úi-tō͘,ui2too7,ui2too7
uī-suànn,緯線,25,ūi-sòaⁿ,ui7suann3,ui7soann3
tsìn-hûn,縉雲,25,chìn-hûn,tsin3hun5,chin3hun5
hâ-to,縖刀,25,hâ-to,ha5to1,ha5to1
hâ-phâng,縖帆,25,hâ-phâng,ha5phang5,ha5phang5
hâ-ân,縖絚,25,hâ-ân,ha5an5,ha5an5
hâ-niá,縖領,25,hâ-niá,ha5nia2,ha5nia2
pa̍k-tsàng,縛粽,25,pa̍k-chàng,pak8tsang3,pak8chang3
pâng-thīnn,縫紩,25,pâng-thīⁿ,pang5thinn7,pang5thinn7
siok-tôo,縮圖,25,siok-tô͘,siok4too5,siok4too5
sok-siá,縮寫,25,sok-siá,sok4sia2,sok4sia2
sok-ta,縮焦,25,sok-ta,sok4ta1,sok4ta1
sok-ân,縮絚,25,sok-ân,sok4an5,sok4an5
tsóng-láng,總攏,25,chóng-láng,tsong2lang2,chong2lang2
chóng-sò͘,總數,25,chóng-sò͘,chong2so͘3,chong2soo3
tsóng-sī,總是,25,chóng-sī,tsong2si7,chong2si7
tsóng-la̍p,總納,25,chóng-la̍p,tsong2lap8,chong2lap8
tsóng-phòo,總舖,25,chóng-phò͘,tsong2phoo3,chong2phoo3
tsóng-phoo,總鋪,25,chóng-pho͘,tsong2phoo1,chong2phoo1
phing-tuà,繃帶,25,pheng-tòa,phing1tua3,pheng1toa3
penn-ân,繃絚,25,peⁿ-ân,penn1an5,penn1an5
pinn-ân,繃絚,25,piⁿ-ân,pinn1an5,pinn1an5
sǹg-ân,繏絚,25,sǹg-ân,sng3an5,sng3an5
sǹg-ām,繏頷,25,sǹg-ām,sng3am7,sng3am7
jiàu-kíng,繞境,25,jiàu-kéng,jiau3king2,jiau3keng2
jiáu-kíng,繞境,25,jiáu-kéng,jiau2king2,jiau2keng2
huē-sū,繪士,25,hōe-sū,hue7su7,hoe7su7
huē-pún,繪本,25,hōe-pún,hue7pun2,hoe7pun2
hē-nî,繫年,25,hē-nî,he7ni5,he7ni5
kián-á,繭仔,25,kián-á,kian2a2,kian2a2
tînn-puànn,纏絆,25,tîⁿ-pòaⁿ,tinn5puann3,tinn5poann3
tînn-mî,纏綿,25,tîⁿ-mî,tinn5mi5,tinn5mi5
khih-tshuì,缺喙,25,khih-chhùi,khih4tshui3,khih4chhui3
kheh-kiánn,缺囝,25,kheh-kiáⁿ,kheh4kiann2,kheh4kiann2
khueh-kiánn,缺囝,25,khoeh-kiáⁿ,khueh4kiann2,khoeh4kiann2
khuat-huānn,缺旱,25,khoat-hōaⁿ,khuat4huann7,khoat4hoann7
tah-lân,罩蘭,25,tah-lân,tah4lan5,tah4lan5
tà-bông,罩雺,25,tà-bông,ta3bong5,ta3bong5
hua̍t-kiû,罰球,25,hoa̍t-kiû,huat8kiu5,hoat8kiu5
hua̍t-tsînn,罰錢,25,hoa̍t-chîⁿ,huat8tsinn5,hoat8chinn5
pā-khó,罷考,25,pā-khó,pa7kho2,pa7kho2
lô-guân,羅源,25,lô-goân,lo5guan5,lo5goan5
iônn-lám,羊腩,25,iôⁿ-lám,ionn5lam2,ionn5lam2
iônn-ám,羊腩,25,iôⁿ-ám,ionn5am2,ionn5am2
iûnn-lám,羊腩,25,iûⁿ-lám,iunn5lam2,iunn5lam2
iûnn-tô,羊駝,25,iûⁿ-tô,iunn5to5,iunn5to5
bí-kim,美金,25,bí-kim,bi2kim1,bi2kim1
lîng-iûnn,羚羊,25,lêng-iûⁿ,ling5iunn5,leng5iunn5
kûn-tshòng,群創,25,kûn-chhòng,kun5tshong3,kun5chhong3
kûn-tsoo,群組,25,kûn-cho͘,kun5tsoo1,kun5choo1
kûn-má,群馬,25,kûn-má,kun5ma2,kun5ma2
gī-oo,義烏,25,gī-o͘,gi7oo1,gi7oo1
gī-tik,義竹,25,gī-tek,gi7tik4,gi7tek4
gī-bí,義美,25,gī-bí,gi7bi2,gi7bi2
kenn-pn̄g,羹飯,25,keⁿ-pn̄g,kenn1png7,kenn1png7
kenn-puīnn,羹飯,25,keⁿ-pūiⁿ,kenn1puinn7,kenn1puinn7
kinn-pn̄g,羹飯,25,kiⁿ-pn̄g,kinn1png7,kinn1png7
kinn-puīnn,羹飯,25,kiⁿ-pūiⁿ,kinn1puinn7,kinn1puinn7
siông-an,翔安,25,siông-an,siong5an1,siong5an1
hip-ha̍p,翕合,25,hip-ha̍p,hip4hap8,hip4hap8
hip-ba̍t,翕密,25,hip-ba̍t,hip4bat8,hip4bat8
hip-siàng,翕相,25,hip-siàng,hip4siang3,hip4siang3
khiàu-tsit,翹脊,25,khiàu-chit,khiau3tsit4,khiau3chit4
huan-tó,翻倒,25,hoan-tó,huan1to2,hoan1to2
huan-toh,翻桌,25,hoan-toh,huan1toh4,hoan1toh4
lāu-thuā,老thuē,25,lāu-thōa,lau7thua7,lau7thoa7
lāu-thuē,老傫,25,lāu-thōe,lau7thue7,lau7thoe7
lāu-su,老師,25,lāu-su,lau7su1,lau7su1
lōo-tóng,老懂,25,lō͘-tóng,loo7tong2,loo7tong2
láu-pún,老本,25,láu-pún,lau2pun2,lau2pun2
lāu-bú,老母,25,lāu-bú,lau7bu2,lau7bu2
láu-phòo,老舖,25,láu-phò͘,lau2phoo3,lau2phoo3
ló-phòo,老舖,25,ló-phò͘,lo2phoo3,lo2phoo3
lāu-hóo,老虎,25,lāu-hó͘,lau7hoo2,lau7hoo2
lau-ke,老街,25,lau-ke,lau1ke1,lau1ke1
lau-kue,老街,25,lau-koe,lau1kue1,lau1koe1
khó-siàu,考數,25,khó-siàu,kho2siau3,kho2siau3
jî-tshiánn,而且,25,jî-chhiáⁿ,ji5tshiann2,ji5chhiann2
jî-bué,而尾,25,jî-bóe,ji5bue2,ji5boe2
jî-āu,而後,25,jî-āu,ji5au7,ji5au7
sńg-ī,耍奕,25,sńg-ī,sng2i7,sng2i7
sńg-lāng,耍弄,25,sńg-lāng,sng2lang7,sng2lang7
sńg-hì,耍戲,25,sńg-hì,sng2hi3,sng2hi3
sńg-tsuí,耍水,25,sńg-chúi,sng2tsui2,sng2chui2
sńg-íng,耍湧,25,sńg-éng,sng2ing2,sng2eng2
sńg-tsiá,耍者,25,sńg-chiá,sng2tsia2,sng2chia2
king-ûn,耕耘,25,keng-ûn,king1un5,keng1un5
hīnn-kuà,耳掛,25,hīⁿ-kòa,hinn7kua3,hinn7koa3
hīnn-pue,耳桮,25,hīⁿ-poe,hinn7pue1,hinn7poe1
hīnn-tûn,耳脣,25,hīⁿ-tûn,hinn7tun5,hinn7tun5
hīnn-thâng,耳蟲,25,hīⁿ-thâng,hinn7thang5,hinn7thang5
hīnn-hóng,耳訪,25,hīⁿ-hóng,hinn7hong2,hinn7hong2
hīnn-hong,耳風,25,hīⁿ-hong,hinn7hong1,hinn7hong1
tam-koh,耽擱,25,tam-koh,tam1koh4,tam1koh4
tānn-hī,耽耳,25,tāⁿ-hī,tann7hi7,tann7hi7
tānn-hīnn,耽耳,25,tāⁿ-hīⁿ,tann7hinn7,tann7hinn7
kíng-sóng,耿爽,25,kéng-sóng,king2song2,keng2song2
siànn-pue,聖桮,25,siàⁿ-poe,siann3pue1,siann3poe1
sìng-sîn,聖神,25,sèng-sîn,sing3sin5,seng3sin5
sìng-lîng,聖靈,25,sèng-lêng,sing3ling5,seng3leng5
tsū-tsiau,聚焦,25,chū-chiau,tsu7tsiau1,chu7chiau1
àng-láng,聬儱,25,àng-láng,ang3lang2,ang3lang2
siann-tuà,聲帶,25,siaⁿ-tòa,siann1tua3,siann1toa3
sing-tuà,聲帶,25,seng-tòa,sing1tua3,seng1toa3
siann-hāu,聲效,25,siaⁿ-hāu,siann1hau7,siann1hau7
siann-bóo,聲母,25,siaⁿ-bó͘,siann1boo2,siann1boo2
siann-kak,聲角,25,siaⁿ-kak,siann1kak4,siann1kak4
tshàng-mn̂g,聳毛,25,chhàng-mn̂g,tshang3mng5,chhang3mng5
tshàng-tshiu,聳鬚,25,chhàng-chhiu,tshang3tshiu1,chhang3chhiu1
tsit-pang,職棒,25,chit-pang,tsit4pang1,chit4pang1
thiann-tuâ,聽帶,25,thiaⁿ-tôa,thiann1tua5,thiann1toa5
thiann-ū,聽有,25,thiaⁿ-ū,thiann1u7,thiann1u7
thiann-bô,聽無,25,thiaⁿ-bô,thiann1bo5,thiann1bo5
thiann-tâng,聽筒,25,thiaⁿ-tâng,thiann1tang5,thiann1tang5
u̍t-tio̍h,聿著,25,u̍t-tio̍h,ut8tioh8,ut8tioh8
tiāu-sū,肇事,25,tiāu-sū,tiau7su7,tiau7su7
bah-uân,肉丸,25,bah-oân,bah4uan5,bah4oan5
bah-pau,肉包,25,bah-pau,bah4pau1,bah4pau1
bah-înn,肉圓,25,bah-îⁿ,bah4inn5,bah4inn5
bah-kńg,肉捲,25,bah-kńg,bah4kng2,bah4kng2
bah-tshah,肉插,25,bah-chhah,bah4tshah4,bah4chhah4
bah-tshiau,肉搜,25,bah-chhiau,bah4tshiau1,bah4chhiau1
bah-kap,肉敆,25,bah-kap,bah4kap4,bah4kap4
bah-sò,肉燥,25,bah-sò,bah4so3,bah4so3
bah-phìnn,肉片,25,bah-phìⁿ,bah4phinn3,bah4phinn3
bah-tiam,肉砧,25,bah-tiam,bah4tiam1,bah4tiam1
bah-kin,肉筋,25,bah-kin,bah4kin1,bah4kin1
bah-sún,肉筍,25,bah-sún,bah4sun2,bah4sun2
bah-khoo,肉箍,25,bah-kho͘,bah4khoo1,bah4khoo1
bah-tsìnn,肉糋,25,bah-chìⁿ,bah4tsinn3,bah4chinn3
bah-kha,肉跤,25,bah-kha,bah4kha1,bah4kha1
hik-sin,肉身,25,hek-sin,hik4sin1,hek4sin1
bah-tsiùnn,肉醬,25,bah-chiùⁿ,bah4tsiunn3,bah4chiunn3
bah-piánn,肉餅,25,bah-piáⁿ,bah4piann2,bah4piann2
bah-ānn,肉餡,25,bah-āⁿ,bah4ann7,bah4ann7
bah-bâ,肉麻,25,bah-bâ,bah4ba5,bah4ba5
jio̍k-bâ,肉麻,25,jio̍k-bâ,jiok8ba5,jiok8ba5
lio̍k-bâ,肉麻,25,lio̍k-bâ,liok8ba5,liok8ba5
ki-kiàn,肌腱,25,ki-kiàn,ki1kian3,ki1kian3
tōo-hiunn,肚香,25,tō͘-hiuⁿ,too7hiunn1,too7hiunn1
kuann-liân,肝連,25,koaⁿ-liân,kuann1lian5,koann1lian5
puî-thng,肥湯,25,pûi-thng,pui5thng1,pui5thng1
puî-mah,肥肉,25,pûi-mah,pui5mah4,pui5mah4
puî-niau,肥貓,25,pûi-niau,pui5niau1,pui5niau1
puî-nńg,肥軟,25,pûi-nńg,pui5nng2,pui5nng2
hàng-lin,肨奶,25,hàng-lin,hang3lin1,hang3lin1
hàng-ling,肨奶,25,hàng-leng,hang3ling1,hang3leng1
hàng-puî,肨肥,25,hàng-pûi,hang3pui5,hang3pui5
khíng-o̍h,肯學,25,khéng-o̍h,khing2oh8,kheng2oh8
io-tshī,育飼,25,io-chhī,io1tshi7,io1chhi7
hì-phā,肺疱,25,hì-phā,hi3pha7,hi3pha7
hì-ing,肺癭,25,hì-eng,hi3ing1,hi3eng1
ūi-hú,胃腑,25,ūi-hú,ui7hu2,ui7hu2
uī-tāu,胃豆,25,ūi-tāu,ui7tau7,ui7tau7
puē-tshì,背刺,25,pōe-chhì,pue7tshi3,poe7chhi3
puē-kheh,背客,25,pōe-kheh,pue7kheh4,poe7kheh4
thai-jî,胎兒,25,thai-jî,thai1ji5,thai1ji5
the-jî,胎兒,25,the-jî,the1ji5,the1ji5
ian-tsi,胭脂,25,ian-chi,ian1tsi1,ian1chi1
hàng-phuê,胮皮,25,hàng-phôe,hang3phue5,hang3phoe5
hàng-phê,胮皮,25,hàng-phê,hang3phe5,hang3phe5
hàng-ha̍h,胮箬,25,hàng-ha̍h,hang3hah8,hang3hah8
hàng-tsíng,胮腫,25,hàng-chéng,hang3tsing2,hang3cheng2
hiong-tsiong,胸章,25,hiong-chiong,hiong1tsiong1,hiong1chiong1
hing-siann,胸聲,25,heng-siaⁿ,hing1siann1,heng1siann1
lîng-khiah,能隙,25,lêng-khiah,ling5khiah4,leng5khiah4
tsi-hông,脂肪,25,chi-hông,tsi1hong5,chi1hong5
tshuì-phìnn,脆片,25,chhùi-phìⁿ,tshui3phinn3,chhui3phinn3
tsik-tsui,脊椎,25,chek-chui,tsik4tsui1,chek4chui1
thuat-huà,脫化,25,thoat-hòa,thuat4hua3,thoat4hoa3
thut-tshuê,脫箠,25,thut-chhôe,thut4tshue5,thut4chhoe5
thut-tshê,脫箠,25,thut-chhê,thut4tshe5,thut4chhe5
thu̍t-the,脫胎,25,thu̍t-the,thut8the1,thut8the1
am-puì,腌屁,25,am-pùi,am1pui3,am1pui3
a-tsa,腌臢,25,a-cha,a1tsa1,a1cha1
am-puī,腌蜚,25,am-pūi,am1pui7,am1pui7
sīn-û,腎盂,25,sīn-û,sin7u5,sin7u5
uán-li̍k,腕力,25,oán-le̍k,uan2lik8,oan2lek8
náu-kiánn,腦囝,25,náu-kiáⁿ,nau2kiann2,nau2kiann2
náu-iām,腦炎,25,náu-iām,nau2iam7,nau2iam7
náu-liû,腦瘤,25,náu-liû,nau2liu5,nau2liu5
tsíng-ām,腫頷,25,chéng-ām,tsing2am7,cheng2am7
io-tshioh,腰尺,25,io-chhioh,io1tshioh4,io1chhioh4
iau-hua,腰花,25,iau-hoa,iau1hua1,iau1hoa1
kioh-siàu,腳數,25,kioh-siàu,kioh4siau3,kioh4siau3
kha-uán,腳腕,25,kha-oán,kha1uan2,kha1oan2
tn̂g-kut,腸骨,25,tn̂g-kut,tng5kut4,tng5kut4
pak-tsuí,腹水,25,pak-chúi,pak4tsui2,pak4chui2
pak-ki,腹肌,25,pak-ki,pak4ki1,pak4ki1
pak-tóo,腹肚,25,pak-tó͘,pak4too2,pak4too2
pat-tóo,腹肚,25,pat-tó͘,pat4too2,pat4too2
put-tóo,腹肚,25,put-tó͘,put4too2,put4too2
pak-tn̂g,腹腸,25,pak-tn̂g,pak4tng5,pak4tng5
pak-tsâi,腹臍,25,pak-châi,pak4tsai5,pak4chai5
pak-kuà,腹蓋,25,pak-kòa,pak4kua3,pak4koa3
suànn-thé,腺體,25,sòaⁿ-thé,suann3the2,soann3the2
liám-tóo,膁肚,25,liám-tó͘,liam2too2,liam2too2
ut-lut,膃肭,25,ut-lut,ut4lut4,ut4lut4
ka-lông,膠囊,25,ka-lông,ka1long5,ka1long5
ka-tsit,膠質,25,ka-chit,ka1tsit4,ka1chit4
tsi-bai,膣屄,25,chi-bai,tsi1bai1,chi1bai1
phòng-tshn̂g,膨床,25,phòng-chhn̂g,phong3tshng5,phong3chhng5
phòng-phuê,膨皮,25,phòng-phôe,phong3phue5,phong3phoe5
phòng-phê,膨皮,25,phòng-phê,phong3phe5,phong3phe5
phòng-kiànn,膨鏡,25,phòng-kiàⁿ,phong3kiann3,phong3kiann3
pòng-hong,膨風,25,pòng-hong,pong3hong1,pong3hong1
siān-huì,膳費,25,siān-hùi,sian7hui3,sian7hui3
tsuī-tsōng,膵臟,25,chūi-chōng,tsui7tsong7,chui7chong7
tám-hàn,膽漢,25,tám-hàn,tam2han3,tam2han3
ik-tshik,臆測,25,ek-chhek,ik4tshik4,ek4chhek4
la̍h-bah,臘肉,25,la̍h-bah,lah8bah4,lah8bah4
lîm-an,臨安,25,lîm-an,lim5an1,lim5an1
lîm-hái,臨海,25,lîm-hái,lim5hai2,lim5hai2
tsū-tsok,自作,25,chū-chok,tsu7tsok4,chu7chok4
tsū-khau,自剾,25,chū-khau,tsu7khau1,chu7khau1
tsū-hip,自翕,25,chū-hip,tsu7hip4,chu7hip4
tsū-huî,自肥,25,chū-hûi,tsu7hui5,chu7hui5
tsū-pì,自閉,25,chū-pì,tsu7pi3,chu7pi3
tsū-thâu,自頭,25,chū-thâu,tsu7thau5,chu7thau5
tshàu-tshuì,臭喙,25,chhàu-chhùi,tshau3tshui3,chhau3chhui3
tshàu-tuānn,臭憚,25,chhàu-tōaⁿ,tshau3tuann7,chhau3toann7
tshàu-tsuí,臭水,25,chhàu-chúi,tshau3tsui2,chhau3chui2
tshàu-sio̍h,臭液,25,chhàu-sio̍h,tshau3sioh8,chhau3sioh8
tshàu-sòo,臭素,25,chhàu-sò͘,tshau3soo3,chhau3soo3
tshàu-lâng,臭聾,25,chhàu-lâng,tshau3lang5,chhau3lang5
tshàu-hia̍k,臭肉,25,chhàu-hia̍k,tshau3hiak8,chhau3hiak8
tshàu-iū,臭鼬,25,chhàu-iū,tshau3iu7,chhau3iu7
tì-ìm,致廕,25,tì-ìm,ti3im3,ti3im3
tâi-kang,臺江,25,tâi-kang,tai5kang1,tai5kang1
tâi-uân,臺灣,25,tâi-oân,tai5uan5,tai5oan5
tâi-se,臺西,25,tâi-se,tai5se1,tai5se1
tâi-uē,臺話,25,tâi-ōe,tai5ue7,tai5oe7
tâi-gí,臺語,25,tâi-gí,tai5gi2,tai5gi2
tâi-gú,臺語,25,tâi-gú,tai5gu2,tai5gu2
hìng-thi̍h,興喋,25,hèng-thi̍h,hing3thih8,heng3thih8
hìng-tshù,興趣,25,hèng-chhù,hing3tshu3,heng3chhu3
hing-ngá,興雅,25,heng-ngá,hing1nga2,heng1nga2
kū-tshù,舊厝,25,kū-chhù,ku7tshu3,ku7chhu3
kū-phín,舊品,25,kū-phín,ku7phin2,ku7phin2
kū-sî,舊時,25,kū-sî,ku7si5,ku7si5
kū-iânn,舊營,25,kū-iâⁿ,ku7iann5,ku7iann5
tsi̍h-kut,舌骨,25,chi̍h-kut,tsih8kut4,chih8kut4
tsīnn-kiōng,舐共,25,chīⁿ-kiōng,tsinn7kiong7,chinn7kiong7
tsīnn-giô,舐蟯,25,chīⁿ-giô,tsinn7gio5,chinn7gio5
tshu-kha,舒跤,25,chhu-kha,tshu1kha1,chhu1kha1
bú-siánn,舞啥,25,bú-siáⁿ,bu2siann2,bu2siann2
bú-pōo,舞步,25,bú-pō͘,bu2poo7,bu2poo7
bú-tsiá,舞者,25,bú-chiá,bu2tsia2,bu2chia2
tsiu-san,舟山,25,chiu-san,tsiu1san1,chiu1san1
tāi-kong,舵公,25,tāi-kong,tai7kong1,tai7kong1
tsûn-tuann,船單,25,chûn-toaⁿ,tsun5tuann1,chun5toann1
tsûn-thâu,船頭,25,chûn-thâu,tsun5thau5,chun5thau5
sik-mê,色盲,25,sek-mê,sik4me5,sek4me5
ōo-thâu,芋頭,25,ō͘-thâu,oo7thau5,oo7thau5
sing-tsháu,芟草,25,seng-chháu,sing1tshau2,seng1chhau2
kài-lua̍h,芥辣,25,kài-loa̍h,kai3luah8,kai3loah8
hue-thiāu,花柱,25,hoe-thiāu,hue1thiau7,hoe1thiau7
hue-kue,花瓜,25,hoe-koe,hue1kue1,hoe1koe1
hue-tshi,花痴,25,hoe-chhi,hue1tshi1,hoe1chhi1
hue-tsng,花磚,25,hoe-chng,hue1tsng1,hoe1chng1
hue-sù,花絮,25,hoe-sù,hue1su3,hoe1su3
hue-m̂,花莓,25,hoe-m̂,hue1m5,hoe1m5
hue-hui,花飛,25,hoe-hui,hue1hui1,hoe1hui1
hue-thiâu,花鮡,25,hoe-thiâu,hue1thiau5,hoe1thiau5
hue-tshiu,花鰍,25,hoe-chhiu,hue1tshiu1,hoe1chhiu1
phang-phang,芳芳,25,phang-phang,phang1phang1,phang1phang1
phang-soo,芳酥,25,phang-so͘,phang1soo1,phang1soo1
lîng-ngá,苓雅,25,lêng-ngá,ling5nga2,leng5nga2
kho-sò,苛燥,25,kho-sò,kho1so3,kho1so3
nā-sī,若是,25,nā-sī,na7si7,na7si7
khóo-kang,苦工,25,khó͘-kang,khoo2kang1,khoo2kang1
khóo-m̄,苦毋,25,khó͘-m̄,khoo2m7,khoo2m7
khóo-sòo,苦素,25,khó͘-sò͘,khoo2soo3,khoo2soo3
khóo-tsháu,苦草,25,khó͘-chháu,khoo2tshau2,khoo2chhau2
ing-tsio̍h,英石,25,eng-chio̍h,ing1tsioh8,eng1chioh8
ing-lân,英蘭,25,eng-lân,ing1lan5,eng1lan5
huān-lê,范蠡,25,hoān-lê,huan7le5,hoan7le5
ka-tâu,茄投,25,ka-tâu,ka1tau5,ka1tau5
ka-sui,茄榱,25,ka-sui,ka1sui1,ka1sui1
ka-tiānn,茄萣,25,ka-tiāⁿ,ka1tiann7,ka1tiann7
tsû-sîng,茨城,25,chû-sêng,tsu5sing5,chu5seng5
bông-bū,茫霧,25,bông-bū,bong5bu7,bong5bu7
tsu-jû,茱萸,25,chu-jû,tsu1ju5,chu1ju5
tê-tàng,茶凍,25,tê-tàng,te5tang3,te5tang3
tê-tiàm,茶店,25,tê-tiàm,te5tiam3,te5tiam3
tê-bua̍h,茶末,25,tê-boa̍h,te5buah8,te5boah8
tê-bua̍t,茶末,25,tê-boa̍t,te5buat8,te5boat8
tê-bí,茶米,25,tê-bí,te5bi2,te5bi2
tê-bú,茶舞,25,tê-bú,te5bu2,te5bu2
tê-tsûn,茶船,25,tê-chûn,te5tsun5,te5chun5
tê-hâng,茶行,25,tê-hâng,te5hang5,te5hang5
tê-kóo,茶鈷,25,tê-kó͘,te5koo2,te5koo2
tâng-o,茼蒿,25,tâng-o,tang5o1,tang5o1
sûn-tsú,荀子,25,sûn-chú,sun5tsu2,sun5chu2
tsháu-khûn,草囷,25,chháu-khûn,tshau2khun5,chhau2khun5
tsháu-pînn,草坪,25,chháu-pîⁿ,tshau2pinn5,chhau2pinn5
tsháu-suann,草山,25,chháu-soaⁿ,tshau2suann1,chhau2soann1
tsháu-kâu,草猴,25,chháu-kâu,tshau2kau5,chhau2kau5
tshó-khoo,草箍,25,chhó-kho͘,tsho2khoo1,chho2khoo1
tshì-pho,草莓,25,chhì-pho,tshi3pho1,chhi3pho1
tsháu-khî,草蜞,25,chháu-khî,tshau2khi5,chhau2khi5
tsháu-pà,草豹,25,chháu-pà,tshau2pa3,chhau2pa3
tsháu-ta̍h,草踏,25,chháu-ta̍h,tshau2tah8,chhau2tah8
tsháu-tshìng,草銃,25,chháu-chhèng,tshau2tshing3,chhau2chheng3
tsháu-keh,草鍥,25,chháu-keh,tshau2keh4,chhau2keh4
lám-nuā,荏懶,25,lám-nōa,lam2nua7,lam2noa7
hong-biū,荒謬,25,hong-biū,hong1biu7,hong1biu7
nāi-siânn,荔城,25,nāi-siâⁿ,nai7siann5,nai7siann5
phôo-tiân,莆田,25,phô͘-tiân,phoo5tian5,phoo5tian5
phôo-tshân,莆田,25,phô͘-chhân,phoo5tshan5,phoo5chhan5
tsong-tiōng,莊重,25,chong-tiōng,tsong1tiong7,chong1tiong7
mài-ké,莫假,25,mài-ké,mai3ke2,mai3ke2
mài-khì,莫去,25,mài-khì,mai3khi3,mai3khi3
mài-tshá,莫吵,25,mài-chhá,mai3tsha2,mai3chha2
bo̍k-ní,莫耳,25,bo̍k-ní,bok8ni2,bok8ni2
koo-kiánn,菇囝,25,ko͘-kiáⁿ,koo1kiann2,koo1kiann2
tshài-liâu,菜寮,25,chhài-liâu,tshai3liau5,chhai3liau5
tshài-tiàm,菜店,25,chhài-tiàm,tshai3tiam3,chhai3tiam3
tshài-tsio,菜椒,25,chhài-chio,tshai3tsio1,chhai3chio1
tshài-kiû,菜球,25,chhài-kiû,tshai3kiu5,chhai3kiu5
tshài-tiam,菜砧,25,chhài-tiam,tshai3tiam1,chhai3tiam1
tshài-tsàng,菜粽,25,chhài-chàng,tshai3tsang3,chhai3chang3
tshài-tsìnn,菜糋,25,chhài-chìⁿ,tshai3tsinn3,chhai3chinn3
tshài-kóo,菜股,25,chhài-kó͘,tshai3koo2,chhai3koo2
tshài-póo,菜脯,25,chhài-pó͘,tshai3poo2,chhai3poo2
tshài-hue,菜花,25,chhài-hoe,tshai3hue1,chhai3hoe1
tshài-thâu,菜頭,25,chhài-thâu,tshai3thau5,chhai3thau5
pa̍t-á,菝仔,25,pa̍t-á,pat8a2,pat8a2
phô͘-thê,菩提,25,phô͘-thê,pho͘5the5,phoo5the5
hûa-an,華安,25,hôa-an,hua5an1,hoa5an1
huâ-bûn,華文,25,hôa-bûn,hua5bun5,hoa5bun5
bān-bân,萬巒,25,bān-bân,ban7ban5,ban7ban5
bān-pho,萬波,25,bān-pho,ban7pho1,ban7pho1
bān-mi̍h,萬物,25,bān-mi̍h,ban7mih8,ban7mih8
làu-kau,落勾,25,làu-kau,lau3kau1,lau3kau1
làu-kháu,落口,25,làu-kháu,lau3khau2,lau3khau2
lo̍h-tsng,落妝,25,lo̍h-chng,loh8tsng1,loh8chng1
lo̍h-tiānn,落定,25,lo̍h-tiāⁿ,loh8tiann7,loh8tiann7
lo̍h-bué,落尾,25,lo̍h-bóe,loh8bue2,loh8boe2
lōo-bué,落尾,25,lō͘-bóe,loo7bue2,loo7boe2
lo̍h-suann,落山,25,lo̍h-soaⁿ,loh8suann1,loh8soann1
lo̍h-kiā,落崎,25,lo̍h-kiā,loh8kia7,loh8kia7
làu-keh,落格,25,làu-keh,lau3keh4,lau3keh4
lo̍h-làm,落湳,25,lo̍h-làm,loh8lam3,loh8lam3
lak-tshat,落漆,25,lak-chhat,lak4tshat4,lak4chhat4
loh-tse,落災,25,loh-che,loh4tse1,loh4che1
lo̍h-tse,落災,25,lo̍h-che,loh8tse1,loh8che1
lo̍h-phìnn,落片,25,lo̍h-phìⁿ,loh8phinn3,loh8phinn3
lo̍h-ba̍k,落目,25,lo̍h-ba̍k,loh8bak8,loh8bak8
làu-tsûn,落船,25,làu-chûn,lau3tsun5,lau3chun5
lo̍h-tsong,落莊,25,lo̍h-chong,loh8tsong1,loh8chong1
làu-làu,落落,25,làu-làu,lau3lau3,lau3lau3
làu-hiat,落血,25,làu-hiat,lau3hiat4,lau3hiat4
lo̍h-sue,落衰,25,lo̍h-soe,loh8sue1,loh8soe1
lo̍h-tshu,落趨,25,lo̍h-chhu,loh8tshu1,loh8chhu1
làu-phâu,落跑,25,làu-phâu,lau3phau5,lau3phau5
lo̍h-seh,落雪,25,lo̍h-seh,loh8seh4,loh8seh4
làu-hûn,落雲,25,làu-hûn,lau3hun5,lau3hun5
lo̍h-bông,落雺,25,lo̍h-bông,loh8bong5,loh8bong5
lak-kut,落骨,25,lak-kut,lak4kut4,lak4kut4
làu-lîng,落龍,25,làu-lêng,lau3ling5,lau3leng5
ia̍p-sng,葉酸,25,ia̍p-sng,iap8sng1,iap8sng1
ia̍p-bûn,葉門,25,ia̍p-bûn,iap8bun5,iap8bun5
to̍h-kng,著光,25,to̍h-kng,toh8kng1,toh8kng1
tio̍h-tiàu,著吊,25,tio̍h-tiàu,tioh8tiau3,tioh8tiau3
tio̍h-sī,著是,25,tio̍h-sī,tioh8si7,tioh8si7
tio̍h-sî,著時,25,tio̍h-sî,tioh8si5,tioh8si5
tio̍h-to̍k,著毒,25,tio̍h-to̍k,tioh8tok8,tioh8tok8
tio̍h-tse,著災,25,tio̍h-che,tioh8tse1,tioh8che1
tio̍h-kâu,著猴,25,tio̍h-kâu,tioh8kau5,tioh8kau5
tio̍h-tsiáng,著獎,25,tio̍h-chiáng,tioh8tsiang2,tioh8chiang2
tio̍h-tsióng,著獎,25,tio̍h-chióng,tioh8tsiong2,tioh8chiong2
tio̍h-gâm,著癌,25,tio̍h-gâm,tioh8gam5,tioh8gam5
tio̍h-ka,著膠,25,tio̍h-ka,tioh8ka1,tioh8ka1
tio̍h-tio̍h,著著,25,tio̍h-tio̍h,tioh8tioh8,tioh8tioh8
tio̍h-sue,著衰,25,tio̍h-soe,tioh8sue1,tioh8soe1
tio̍h-tak,著觸,25,tio̍h-tak,tioh8tak4,tioh8tak4
tio̍h-tshìng,著銃,25,tio̍h-chhèng,tioh8tshing3,tioh8chheng3
tì-thâu,蒂頭,25,tì-thâu,ti3thau5,ti3thau5
tsing-khì,蒸氣,25,cheng-khì,tsing1khi3,cheng1khi3
tshong-lâm,蒼南,25,chhong-lâm,tshong1lam5,chhong1lam5
hak-tshù,蓄厝,25,hak-chhù,hak4tshu3,hak4chhu3
kap-pa,蓋仔,25,kap-pa,kap4pa1,kap4pa1
kài-sîng,蓋成,25,kài-sêng,kai3sing5,kai3seng5
kài-tsuē,蓋濟,25,kài-chōe,kai3tsue7,kai3choe7
kài-tsē,蓋濟,25,kài-chē,kai3tse7,kai3che7
kài-la̍h,蓋蠟,25,kài-la̍h,kai3lah8,kai3lah8
liân-too,蓮都,25,liân-to͘,lian5too1,lian5too1
liám-bū,蓮霧,25,liám-bū,liam2bu7,liam2bu7
tsiáu-tshîng,蔦松,25,chiáu-chhêng,tsiau2tshing5,chiau2chheng5
ìm-pe̍h,蔭白,25,ìm-pe̍h,im3peh8,im3peh8
ìm-ńg,蔭蔭,25,ìm-ńg,im3ng2,im3ng2
ìm-tsiú,蔭酒,25,ìm-chiú,im3tsiu2,im3chiu2
muâ-ínn,蔴潁,25,môa-íⁿ,mua5inn2,moa5inn2
tsio-siânn,蕉城,25,chio-siâⁿ,tsio1siann5,chio1siann5
siau-san,蕭山,25,siau-san,siau1san1,siau1san1
kán-tan,蕳砃,25,kán-tan,kan2tan1,kan2tan1
ò-giô,薁蕘,25,ò-giô,o3gio5,o3gio5
po̍k-ping,薄冰,25,po̍k-peng,pok8ping1,pok8peng1
po̍k-gi̍k,薄玉,25,po̍k-ge̍k,pok8gik8,pok8gek8
po̍h-tsuá,薄紙,25,po̍h-chóa,poh8tsua2,poh8choa2
po̍h-io̍h,薄藥,25,po̍h-io̍h,poh8ioh8,poh8ioh8
po̍h-phuē,薄被,25,po̍h-phōe,poh8phue7,poh8phoe7
po̍k-pian,薄鞭,25,po̍k-pian,pok8pian1,pok8pian1
po̍h-piánn,薄餅,25,po̍h-piáⁿ,poh8piann2,poh8piann2
po̍h-thi,薄麶,25,po̍h-thi,poh8thi1,poh8thi1
khau-tsháu,薅草,25,khau-chháu,khau1tshau2,khau1chhau2
khau-tshài,薅菜,25,khau-chhài,khau1tshai3,khau1chhai3
hiong-siânn,薌城,25,hiong-siâⁿ,hiong1siann5,hiong1siann5
kiunn-bó,薑母,25,kiuⁿ-bó,kiunn1bo2,kiunn1bo2
kiunn-bú,薑母,25,kiuⁿ-bú,kiunn1bu2,kiunn1bu2
kiunn-tsuí,薑水,25,kiuⁿ-chúi,kiunn1tsui2,kiunn1chui2
kiunn-thn̂g,薑糖,25,kiuⁿ-thn̂g,kiunn1thng5,kiunn1thng5
kiunn-n̂g,薑黃,25,kiuⁿ-n̂g,kiunn1ng5,kiunn1ng5
siâm-po̍k,薝蔔,25,siâm-po̍k,siam5pok8,siam5pok8
hiam-iû,薟油,25,hiam-iû,hiam1iu5,hiam1iu5
hiam-lua̍h,薟辣,25,hiam-loa̍h,hiam1luah8,hiam1loah8
tsî-tiâu,薯條,25,chî-tiâu,tsi5tiau5,chi5tiau5
tsû-tiâu,薯條,25,chû-tiâu,tsu5tiau5,chu5tiau5
tsî-tshiam,薯簽,25,chî-chhiam,tsi5tshiam1,chi5chhiam1
hun-tshuì,薰喙,25,hun-chhùi,hun1tshui3,hun1chhui3
hun-bué,薰尾,25,hun-bóe,hun1bue2,hun1boe2
hun-bah,薰肉,25,hun-bah,hun1bah4,hun1bah4
hun-tô,薰陶,25,hun-tô,hun1to5,hun1to5
tsioh-tio̍h,藉著,25,chioh-tio̍h,tsioh4tioh8,chioh4tioh8
nâ-pit,藍筆,25,nâ-pit,na5pit4,na5pit4
lâm-si,藍絲,25,lâm-si,lam5si1,lam5si1
nâ-si,藍絲,25,nâ-si,na5si1,na5si1
tshàng-miâ,藏名,25,chhàng-miâ,tshang3mia5,chhang3mia5
tshàng-khang,藏空,25,chhàng-khang,tshang3khang1,chhang3khang1
tshàng-bih,藏覕,25,chhàng-bih,tshang3bih4,chhang3bih4
tshàng-kiànn,藏鏡,25,chhàng-kiàⁿ,tshang3kiann3,chhang3kiann3
io̍h-tshi,藥疽,25,io̍h-chhi,ioh8tshi1,ioh8chhi1
tsó-tsuí,藻水,25,chó-chúi,tso2tsui2,cho2chui2
tsó-ta,藻礁,25,chó-ta,tso2ta1,cho2ta1
tsó-luī,藻類,25,chó-lūi,tso2lui7,cho2lui7
lôo-tsiu,蘆洲,25,lô͘-chiu,loo5tsiu1,loo5chiu1
lôo-tà,蘆趵,25,lô͘-tà,loo5ta3,loo5ta3
soo-tánn,蘇打,25,so͘-táⁿ,soo1tann2,soo1tann2
soo-ut,蘇鬱,25,so͘-ut,soo1ut4,soo1ut4
lân-tsiu,蘭州,25,lân-chiu,lan5tsiu1,lan5chiu1
lân-khe,蘭溪,25,lân-khe,lan5khe1,lan5khe1
hóo-bō,虎帽,25,hó͘-bō,hoo2bo7,hoo2bo7
hóo-hî,虎魚,25,hó͘-hî,hoo2hi5,hoo2hi5
hóo-lān,虎𡳞,25,hó͘-lān,hoo2lan7,hoo2lan7
gio̍k-káng,虐講,25,gio̍k-káng,giok8kang2,giok8kang2
tshù-sí,處暑,25,chhù-sí,tshu3si2,chhu3si2
hi-jī,虛字,25,hi-jī,hi1ji7,hi1ji7
hu-jī,虛字,25,hu-jī,hu1ji7,hu1ji7
hi-kòo,虛構,25,hi-kò͘,hi1koo3,hi1koo3
hi-hàng,虛肨,25,hi-hàng,hi1hang3,hi1hang3
hi-hua,虛華,25,hi-hoa,hi1hua1,hi1hoa1
hi-sû,虛詞,25,hi-sû,hi1su5,hi1su5
hi-kha,虛跤,25,hi-kha,hi1kha1,hi1kha1
hu-kha,虛跤,25,hu-kha,hu1kha1,hu1kha1
hō-uī,號位,25,hō-ūi,ho7ui7,ho7ui7
hō-tsuè,號做,25,hō-chòe,ho7tsue3,ho7choe3
khui-khiàm,虧欠,25,khui-khiàm,khui1khiam3,khui1khiam3
khiû-kin,虯筋,25,khiû-kin,khiu5kin1,khiu5kin1
khiû-kun,虯筋,25,khiû-kun,khiu5kun1,khiu5kun1
khîng-á,虹仔,25,khêng-á,khing5a2,kheng5a2
khīng-tshái,虹彩,25,khēng-chhái,khing7tshai2,kheng7chhai2
khīng-kî,虹旗,25,khēng-kî,khing7ki5,kheng7ki5
khīng-gê,虹霓,25,khēng-gê,khing7ge5,kheng7ge5
ka-tsê,虼蠐,25,ka-chê,ka1tse5,ka1che5
báng-sut,蚊蟀,25,báng-sut,bang2sut4,bang2sut4
tshi-iû,蚩尤,25,chhi-iû,tshi1iu5,chhi1iu5
ô-te,蚵炱,25,ô-te,o5te1,o5te1
ham-á,蚶仔,25,ham-á,ham1a2,ham1a2
tsiù-ku,蛀龜,25,chiù-ku,tsiu3ku1,chiu3ku1
tsuâ-bo̍k,蛇木,25,chôa-bo̍k,tsua5bok8,choa5bok8
tsuâ-pang,蛇枋,25,chôa-pang,tsua5pang1,choa5pang1
kiat-le,蛣蛚,25,kiat-le,kiat4le1,kiat4le1
kap-kài,蛤kài,25,kap-kài,kap4kai3,kap4kai3
kap-kài,蛤蚧,25,kap-kài,kap4kai3,kap4kai3
bi̍t-tsìm,蜜浸,25,bi̍t-chìm,bit8tsim3,bit8chim3
si̍h-tǎng,蝕重,25,si̍h-tǎng,sih8tang6,sih8tang6
he-phuê,蝦皮,25,he-phôe,he1phue5,he1phoe5
hê-tsìnn,蝦糋,25,hê-chìⁿ,he5tsinn3,he5chinn3
siak-phānn,蝦趴,25,siak-phāⁿ,siak4phann7,siak4phann7
hê-piánn,蝦餅,25,hê-piáⁿ,he5piann2,he5piann2
ia̍h-á,蝶仔,25,ia̍h-á,iah8a2,iah8a2
nâ-giâ,螂蜈,25,nâ-giâ,na5gia5,na5gia5
lê-bó,螺母,25,lê-bó,le5bo2,le5bo2
lê-bú,螺母,25,lê-bú,le5bu2,le5bu2
lê-iâng,螺陽,25,lê-iâng,le5iang5,le5iang5
káu-hiā,螻蟻,25,káu-hiā,kau2hia7,kau2hia7
tsiong-su,螽蟴,25,chiong-su,tsiong1su1,chiong1su1
tsionn-tsû,螿蜍,25,chioⁿ-chû,tsionn1tsu5,chionn1chu5
tsiunn-tsî,螿蜍,25,chiuⁿ-chî,tsiunn1tsi5,chiunn1chi5
tsián-á,蟫仔,25,chián-á,tsian2a2,chian2a2
siân-ni,蟬蠳,25,siân-ni,sian5ni1,sian5ni1
siān-thâng,蟮蟲,25,siān-thâng,sian7thang5,sian7thang5
giô-á,蟯仔,25,giô-á,gio5a2,gio5a2
giô-pue,蟯桮,25,giô-poe,gio5pue1,gio5poe1
thâng-pau,蟲包,25,thâng-pau,thang5pau1,thang5pau1
thâng-khang,蟲空,25,thâng-khang,thang5khang1,thang5khang1
thâng-thuā,蟲豸,25,thâng-thōa,thang5thua7,thang5thoa7
giat-á,蠍仔,25,giat-á,giat4a2,giat4a2
báng-pô,蠓婆,25,báng-pô,bang2po5,bang2po5
báng-bui,蠓蝛,25,báng-bui,bang2bui1,bang2bui1
báng-sut,蠓蟀,25,báng-sut,bang2sut4,bang2sut4
tshâm-si̍t,蠶食,25,chhâm-si̍t,tsham5sit8,chham5sit8
tshân-si̍t,蠶食,25,chhân-si̍t,tshan5sit8,chhan5sit8
tòo-hî,蠹魚,25,tò͘-hî,too3hi5,too3hi5
hiat-hūn,血暈,25,hiat-hūn,hiat4hun7,hiat4hun7
hueh-kun,血筋,25,hoeh-kun,hueh4kun1,hoeh4kun1
huih-kin,血筋,25,huih-kin,huih4kin1,huih4kin1
hueh-kuínn,血管,25,hoeh-kúiⁿ,hueh4kuinn2,hoeh4kuinn2
huih-kuínn,血管,25,huih-kúiⁿ,huih4kuinn2,huih4kuinn2
hiat-tîn,血藤,25,hiat-tîn,hiat4tin5,hiat4tin5
huih-ham,血蚶,25,huih-ham,huih4ham1,huih4ham1
hueh-kak,血角,25,hoeh-kak,hueh4kak4,hoeh4kak4
huih-kak,血角,25,huih-kak,huih4kak4,huih4kak4
hâng-lia̍t,行列,25,hâng-lia̍t,hang5liat8,hang5liat8
kiânn-tû,行櫥,25,kiâⁿ-tû,kiann5tu5,kiann5tu5
kiânn-tho̍k,行讀,25,kiâⁿ-tho̍k,kiann5thok8,kiann5thok8
kiânn-tah,行貼,25,kiâⁿ-tah,kiann5tah4,kiann5tah4
kiânn-ta̍h,行踏,25,kiâⁿ-ta̍h,kiann5tah8,kiann5tah8
hîng-siau,行銷,25,hêng-siau,hing5siau1,heng5siau1
su̍t-á,術仔,25,su̍t-á,sut8a2,sut8a2
ke-á,街仔,25,ke-á,ke1a2,ke1a2
ke-khu,街區,25,ke-khu,ke1khu1,ke1khu1
ke-iú,街友,25,ke-iú,ke1iu2,ke1iu2
kue-iú,街友,25,koe-iú,kue1iu2,koe1iu2
ke-pak,街腹,25,ke-pak,ke1pak4,ke1pak4
kue-pak,街腹,25,koe-pak,kue1pak4,koe1pak4
uē-bián,衛冕,25,ōe-bián,ue7bian2,oe7bian2
uī-tshenn,衛星,25,ūi-chheⁿ,ui7tshenn1,ui7chhenn1
uī-tshinn,衛星,25,ūi-chhiⁿ,ui7tshinn1,ui7chhinn1
uē-hong,衛風,25,ōe-hong,ue7hong1,oe7hong1
tshìng-kuân,衝懸,25,chhèng-koân,tshing3kuan5,chheng3koan5
tshìng-tsuí,衝水,25,chhèng-chúi,tshing3tsui2,chheng3chui2
tshiong-íng,衝湧,25,chhiong-éng,tshiong1ing2,chhiong1eng2
tshìng-kik,衝激,25,chhèng-kek,tshing3kik4,chheng3kek4
kû-tsiu,衢州,25,kû-chiu,ku5tsiu1,ku5chiu1
kû-kang,衢江,25,kû-kang,ku5kang1,ku5kang1
i-tsiûnn,衣裳,25,i-chiûⁿ,i1tsiunn5,i1chiunn5
piáu-tuann,表單,25,piáu-toaⁿ,piau2tuann1,piau2toann1
pió-tuann,表單,25,pió-toaⁿ,pio2tuann1,pio2toann1
sue-bî,衰微,25,soe-bî,sue1bi5,soe1bi5
sue-pāi,衰敗,25,soe-pāi,sue1pai7,soe1pai7
sue-kia̍t,衰竭,25,soe-kia̍t,sue1kiat8,soe1kiat8
sue-sap,衰颯,25,soe-sap,sue1sap4,soe1sap4
la̍p-be̍h,衲襪,25,la̍p-be̍h,lap8beh8,lap8beh8
la̍p-bue̍h,衲襪,25,la̍p-boe̍h,lap8bueh8,lap8boeh8
bē-bái,袂䆀,25,bē-bái,be7bai2,be7bai2
bē-thîng,袂停,25,bē-thêng,be7thing5,be7theng5
bē-tāng,袂動,25,bē-tāng,be7tang7,be7tang7
bē-ha̍h,袂合,25,bē-ha̍h,be7hah8,be7hah8
bē-tsāi,袂在,25,bē-chāi,be7tsai7,be7chai7
bē-giang,袂婸,25,bē-giang,be7giang1,be7giang1
bē-tsió,袂少,25,bē-chió,be7tsio2,be7chio2
bē-tit,袂得,25,bē-tit,be7tit4,be7tit4
bē-tiām,袂恬,25,bē-tiām,be7tiam7,be7tiam7
bē-thiòng,袂暢,25,bē-thiòng,be7thiong3,be7thiong3
buē-suah,袂煞,25,bōe-soah,bue7suah4,boe7soah4
bē-suah,袂煞,25,bē-soah,be7suah4,be7soah4
bē-sóng,袂爽,25,bē-sóng,be7song2,be7song2
bē-senn,袂生,25,bē-seⁿ,be7senn1,be7senn1
bē-tàng,袂當,25,bē-tàng,be7tang3,be7tang3
buē-giàn,袂癮,25,bōe-giàn,bue7gian3,boe7gian3
bē-giàn,袂癮,25,bē-giàn,be7gian3,be7gian3
bē-su,袂輸,25,bē-su,be7su1,be7su1
bē-thang,袂通,25,bē-thang,be7thang1,be7thang1
bē-thong,袂通,25,bē-thong,be7thong1,be7thong1
bē-khò,袂靠,25,bē-khò,be7kho3,be7kho3
bē-kiann,袂驚,25,bē-kiaⁿ,be7kiann1,be7kiann1
bē-tàu,袂鬥,25,bē-tàu,be7tau3,be7tau3
buē-tshio,袂𪁎,25,bōe-chhio,bue7tshio1,boe7chhio1
bē-tshio,袂𪁎,25,bē-chhio,be7tshio1,be7chhio1
tē-tshiú,袋鼠,25,tē-chhiú,te7tshiu2,te7chhiu2
pī-póo,被捕,25,pī-pó͘,pi7poo2,pi7poo2
ho̍k-bīn,袱面,25,ho̍k-bīn,hok8bin7,hok8bin7
tshâi-tsió,裁少,25,chhâi-chió,tshai5tsio2,chhai5chio2
tshâi-tōo,裁度,25,chhâi-tō͘,tshai5too7,chhai5too7
tshâi-hông,裁縫,25,chhâi-hông,tshai5hong5,chhai5hong5
niáu-niáu,裊裊,25,niáu-niáu,niau2niau2,niau2niau2
kûn-tuà,裙帶,25,kûn-tòa,kun5tua3,kun5toa3
póo-bîn,補眠,25,pó͘-bîn,poo2bin5,poo2bin5
póo-tiám,補點,25,pó͘-tiám,poo2tiam2,poo2tiam2
tsng-puânn,裝盤,25,chng-pôaⁿ,tsng1puann5,chng1poann5
tsng-huè,裝貨,25,chng-hòe,tsng1hue3,chng1hoe3
tsng-hè,裝貨,25,chng-hè,tsng1he3,chng1he3
ho̍k-lī,複利,25,ho̍k-lī,hok8li7,hok8li7
ho̍k-ìn,複印,25,ho̍k-ìn,hok8in3,hok8in3
ho̍k-kua,複歌,25,ho̍k-koa,hok8kua1,hok8koa1
ho̍k-tshì,複試,25,ho̍k-chhì,hok8tshi3,hok8chhi3
thǹg-khòo,褪褲,25,thǹg-khò͘,thng3khoo3,thng3khoo3
thùn-lióng,褪躘,25,thùn-lióng,thun3liong2,thun3liong2
khòo-tē,褲袋,25,khò͘-tē,khoo3te7,khoo3te7
luí-tshuì,褸碎,25,lúi-chhùi,lui2tshui3,lui2chhui3
khim-hing,襟胸,25,khim-heng,khim1hing1,khim1heng1
lâm-luī,襤褸,25,lâm-lūi,lam5lui7,lam5lui7
lâm-lùi,襤褸,25,lâm-lùi,lam5lui3,lam5lui3
lâm-lú,襤褸,25,lâm-lú,lam5lu2,lam5lu2
be̍h-tháng,襪桶,25,be̍h-tháng,beh8thang2,beh8thang2
bue̍h-tháng,襪桶,25,boe̍h-tháng,bueh8thang2,boeh8thang2
be̍h-tshiûnn,襪牆,25,be̍h-chhiûⁿ,beh8tshiunn5,beh8chhiunn5
bue̍h-tshiûnn,襪牆,25,boe̍h-chhiûⁿ,bueh8tshiunn5,boeh8chhiunn5
be̍h-àng,襪甕,25,be̍h-àng,beh8ang3,beh8ang3
bue̍h-àng,襪甕,25,boe̍h-àng,bueh8ang3,boeh8ang3
tshàn-phuê,襯皮,25,chhàn-phôe,tshan3phue5,chhan3phoe5
tshàn-phê,襯皮,25,chhàn-phê,tshan3phe5,chhan3phe5
se-liâu,西寮,25,se-liâu,se1liau5,se1liau5
se-tánn,西打,25,se-táⁿ,se1tann2,se1tann2
se-si,西施,25,se-si,se1si1,se1si1
sai-káng,西港,25,sai-káng,sai1kang2,sai1kang2
sai-ôo,西湖,25,sai-ô͘,sai1oo5,sai1oo5
se-kue,西瓜,25,se-koe,se1kue1,se1koe1
se-bīn,西面,25,se-bīn,se1bin7,se1bin7
sai-hong,西風,25,sai-hong,sai1hong1,sai1hong1
iàu-jī,要字,25,iàu-jī,iau3ji7,iau3ji7
iàu-ì,要意,25,iàu-ì,iau3i3,iau3i3
iàu-sû,要詞,25,iàu-sû,iau3su5,iau3su5
phak-tshài,覆菜,25,phak-chhài,phak4tshai3,phak4chhai3
hok-bīn,覆面,25,hok-bīn,hok4bin7,hok4bin7
kiàn-kóng,見講,25,kiàn-kóng,kian3kong2,kian3kong2
kui-tuà,規帶,25,kui-tòa,kui1tua3,kui1toa3
kui-kuàn,規罐,25,kui-koàn,kui1kuan3,kui1koan3
kui-tīn,規陣,25,kui-tīn,kui1tin7,kui1tin7
ba̍h-á,覓仔,25,ba̍h-á,bah8a2,bah8a2
bih-tang,覕冬,25,bih-tang,bih4tang1,bih4tang1
bih-miâ,覕名,25,bih-miâ,bih4mia5,bih4mia5
bih-tshuì,覕喙,25,bih-chhùi,bih4tshui3,bih4chhui3
bih-tshiu,覕秋,25,bih-chhiu,bih4tshiu1,bih4chhiu1
bih-khang,覕空,25,bih-khang,bih4khang1,bih4khang1
bih-ńg,覕蔭,25,bih-ńg,bih4ng2,bih4ng2
bih-tshiu,覕鬚,25,bih-chhiu,bih4tshiu1,bih4chhiu1
tshin-tshiūnn,親像,25,chhin-chhiūⁿ,tshin1tshiunn7,chhin1chhiunn7
tshin-tông,親同,25,chhin-tông,tshin1tong5,chhin1tong5
kuan-tn̂g,觀塘,25,koan-tn̂g,kuan1tng5,koan1tng5
kuan-lám,觀覽,25,koan-lám,kuan1lam2,koan1lam2
kak-phang,角蜂,25,kak-phang,kak4phang1,kak4phang1
kak-tāu,角豆,25,kak-tāu,kak4tau7,kak4tau7
kak-piánn,角餅,25,kak-piáⁿ,kak4piann2,kak4piann2
kái-bi̍t,解密,25,kái-bi̍t,kai2bit8,kai2bit8
kái-hong,解封,25,kái-hong,kai2hong1,kai2hong1
kái-iu,解憂,25,kái-iu,kai2iu1,kai2iu1
kué-tshua̍h,解斜,25,kóe-chhoa̍h,kue2tshuah8,koe2chhoah8
kái-to̍k,解毒,25,kái-to̍k,kai2tok8,kai2tok8
kái-iûnn,解溶,25,kái-iûⁿ,kai2iunn5,kai2iunn5
kái-ut,解鬱,25,kái-ut,kai2ut4,kai2ut4
tak-khê,觸㧎,25,tak-khê,tak4khe5,tak4khe5
tak-tshuì,觸喙,25,tak-chhùi,tak4tshui3,tak4chhui3
tshiok-khòng,觸控,25,chhiok-khòng,tshiok4khong3,chhiok4khong3
tak-kha̍p,觸磕,25,tak-kha̍p,tak4khap8,tak4khap8
giân-gí,言語,25,giân-gí,gian5gi2,gian5gi2
giân-gír,言語,25,giân-gír,gian5gir2,gian5gir2
giân-gú,言語,25,giân-gú,gian5gu2,gian5gu2
tīng-toh,訂桌,25,tēng-toh,ting7toh4,teng7toh4
tīng-ua̍t,訂閱,25,tēng-oa̍t,ting7uat8,teng7oat8
thó-hái,討海,25,thó-hái,tho2hai2,tho2hai2
thó-thàn,討趁,25,thó-thàn,tho2than3,tho2than3
suān-siâu,訕潲,25,soān-siâu,suan7siau5,soan7siau5
suān-siàu,訕笑,25,soān-siàu,suan7siau3,soan7siau3
kì-miâ,記名,25,kì-miâ,ki3mia5,ki3mia5
kì-tsiong,記章,25,kì-chiong,ki3tsiong1,ki3chiong1
tsù-tiānn,註定,25,chù-tiāⁿ,tsu3tiann7,chu3tiann7
tsù-sí,註死,25,chù-sí,tsu3si2,chu3si2
tsù-kái,註解,25,chù-kái,tsu3kai2,chu3kai2
tsiàu-an,詔安,25,chiàu-an,tsiau3an1,chiau3an1
sû-tián,詞典,25,sû-tián,su5tian2,su5tian2
sû-luī,詞彙,25,sû-lūi,su5lui7,su5lui7
tshì-tsiu,試週,25,chhì-chiu,tshi3tsiu1,chhi3chiu1
si-phian,詩篇,25,si-phian,si1phian1,si1phian1
uē-kháu,話口,25,ōe-kháu,ue7khau2,oe7khau2
uē-sái,話屎,25,ōe-sái,ue7sai2,oe7sai2
uē-tâng,話筒,25,ōe-tâng,ue7tang5,oe7tang5
uē-gí,話語,25,ōe-gí,ue7gi2,oe7gi2
uē-tiāu,話調,25,ōe-tiāu,ue7tiau7,oe7tiau7
siông-kái,詳解,25,siông-kái,siong5kai2,siong5kai2
khue-hâi,詼諧,25,khoe-hâi,khue1hai5,khoe1hai5
jīn-bat,認捌,25,jīn-bat,jin7bat4,jin7bat4
jīn-tsit,認職,25,jīn-chit,jin7tsit4,jin7chit4
sè-iok,誓約,25,sè-iok,se3iok4,se3iok4
iú-hi̍k,誘惑,25,iú-he̍k,iu2hik8,iu2hek8
gí-sòo,語素,25,gí-sò͘,gi2soo3,gi2soo3
gír-giân,語言,25,gír-giân,gir2gian5,gir2gian5
gí-lo̍k,語錄,25,gí-lo̍k,gi2lok8,gi2lok8
gú-lo̍k,語錄,25,gú-lo̍k,gu2lok8,gu2lok8
tsiânn-khú,誠khú,25,chiâⁿ-khú,tsiann5khu2,chiann5khu2
tsiânn-kú,誠久,25,chiâⁿ-kú,tsiann5ku2,chiann5ku2
tsiânn-oh,誠僫,25,chiâⁿ-oh,tsiann5oh4,chiann5oh4
tsiânn-hó,誠好,25,chiâⁿ-hó,tsiann5ho2,chiann5ho2
tsiânn-thiám,誠忝,25,chiâⁿ-thiám,tsiann5thiam2,chiann5thiam2
tsiânn-tsē,誠濟,25,chiâⁿ-chē,tsiann5tse7,chiann5che7
tshiânn-kông,誠狂,25,chhiâⁿ-kông,tshiann5kong5,chhiann5kong5
tsiânn-kín,誠緊,25,chiâⁿ-kín,tsiann5kin2,chiann5kin2
tsiânn-tsán,誠讚,25,chiâⁿ-chán,tsiann5tsan2,chiann5chan2
tsiânn-kuì,誠貴,25,chiâⁿ-kùi,tsiann5kui3,chiann5kui3
tsiânn-îng,誠閒,25,chiâⁿ-êng,tsiann5ing5,chiann5eng5
tsiânn-hiông,誠雄,25,chiâⁿ-hiông,tsiann5hiong5,chiann5hiong5
gōo-siā,誤射,25,gō͘-siā,goo7sia7,goo7sia7
tsènn-tshuì,諍喙,25,chèⁿ-chhùi,tsenn3tshui3,chenn3chhui3
liāng-pit,諒必,25,liāng-pit,liang7pit4,liang7pit4
liōng-pit,諒必,25,liōng-pit,liong7pit4,liong7pit4
liōng-kái,諒解,25,liōng-kái,liong7kai2,liong7kai2
lūn-guân,論元,25,lūn-goân,lun7guan5,lun7goan5
lūn-lí,論理,25,lūn-lí,lun7li2,lun7li2
lūn-tsin,論真,25,lūn-chin,lun7tsin1,lun7chin1
hóng-tshì,諷刺,25,hóng-chhì,hong2tshi3,hong2chhi3
tsu-hôo,諸侯,25,chu-hô͘,tsu1hoo5,chu1hoo5
tsu-tó,諸島,25,chu-tó,tsu1to2,chu1to2
tsu-kì,諸暨,25,chu-kì,tsu1ki3,chu1ki3
pòng-to̍k,謗瀆,25,pòng-to̍k,pong3tok8,pong3tok8
káng-kóo,講古,25,káng-kó͘,kang2koo2,kang2koo2
kóng-siánn,講啥,25,kóng-siáⁿ,kong2siann2,kong2siann2
kóng-suah,講煞,25,kóng-soah,kong2suah4,kong2soah4
kóng-tio̍h,講著,25,kóng-tio̍h,kong2tioh8,kong2tioh8
hàm-hóng,譀仿,25,hàm-hóng,ham3hong2,ham3hong2
hàm-kóo,譀古,25,hàm-kó͘,ham3koo2,ham3koo2
hàm-kiànn,譀鏡,25,hàm-kiàⁿ,ham3kiann3,ham3kiann3
tsìng-si,證書,25,chèng-si,tsing3si1,cheng3si1
khiat-tsiat,譎節,25,khiat-chiat,khiat4tsiat4,khiat4chiat4
gī-niū,議量,25,gī-niū,gi7niu7,gi7niu7
khiàn-sńg,譴損,25,khiàn-sńg,khian3sng2,khian3sng2
khiàn-siùnn,譴相,25,khiàn-siùⁿ,khian3siunn3,khian3siunn3
hōo-huānn,護岸,25,hō͘-hōaⁿ,hoo7huann7,hoo7hoann7
tha̍k-kàu,讀教,25,tha̍k-kàu,thak8kau3,thak8kau3
tho̍k-si,讀詩,25,tho̍k-si,thok8si1,thok8si1
tho̍k-im,讀音,25,tho̍k-im,thok8im1,thok8im1
piàn-thinn,變天,25,piàn-thiⁿ,pian3thinn1,pian3thinn1
pìnn-lāng,變弄,25,pìⁿ-lāng,pinn3lang7,pinn3lang7
piàn-tsíng,變種,25,piàn-chéng,pian3tsing2,pian3cheng2
piàn-khiàu,變竅,25,piàn-khiàu,pian3khiau3,pian3khiau3
piàn-tiāu,變調,25,piàn-tiāu,pian3tiau7,pian3tiau7
piàn-suī,變遂,25,piàn-sūi,pian3sui7,pian3sui7
pìnn-kuí,變鬼,25,pìⁿ-kúi,pinn3kui2,pinn3kui2
nuâ-thâu,讕頭,25,nôa-thâu,nua5thau5,noa5thau5
kok-poo,谷埔,25,kok-po͘,kok4poo1,kok4poo1
tāu-kuê,豆膎,25,tāu-kôe,tau7kue5,tau7koe5
tāu-pôo,豆酺,25,tāu-pô͘,tau7poo5,tau7poo5
hong-ti̍k,豐澤,25,hong-te̍k,hong1tik8,hong1tek8
iām-sik,豔色,25,iām-sek,iam7sik4,iam7sek4
iām-lē,豔麗,25,iām-lē,iam7le7,iam7le7
thûn-kut,豚骨,25,thûn-kut,thun5kut4,thun5kut4
tshiūnn-hu,象夫,25,chhiūⁿ-hu,tshiunn7hu1,chhiunn7hu1
siōng-san,象山,25,siōng-san,siong7san1,siong7san1
siōng-tsing,象徵,25,siōng-cheng,siong7tsing1,siong7cheng1
siōnn-pue,象桮,25,siōⁿ-poe,sionn7pue1,sionn7poe1
siūnn-pue,象桮,25,siūⁿ-poe,siunn7pue1,siunn7poe1
sīn-pue,象桮,25,sīn-poe,sin7pue1,sin7poe1
ti-á,豬仔,25,ti-á,ti1a2,ti1a2
ti-tshài,豬菜,25,ti-chhài,ti1tshai3,ti1chhai3
ti-kut,豬骨,25,ti-kut,ti1kut4,ti1kut4
tu-kut,豬骨,25,tu-kut,tu1kut4,tu1kut4
pin-hong,豳風,25,pin-hong,pin1hong1,pin1hong1
pà-thâu,豹頭,25,pà-thâu,pa3thau5,pa3thau5
tiau-bō,貂帽,25,tiau-bō,tiau1bo7,tiau1bo7
bâ-kong,貓公,25,bâ-kong,ba5kong1,ba5kong1
niau-siâu,貓潲,25,niau-siâu,niau1siau5,niau1siau5
niau-hîm,貓熊,25,niau-hîm,niau1him5,niau1him5
niau-sîn,貓神,25,niau-sîn,niau1sin5,niau1sin5
niau-khang,貓空,25,niau-khang,niau1khang1,niau1khang1
niàu-khang,貓空,25,niàu-khang,niau3khang1,niau3khang1
niau-thāng,貓筩,25,niau-thāng,niau1thang7,niau1thang7
niau-lān,貓𡳞,25,niau-lān,niau1lan7,niau1lan7
niau-lǎn,貓𡳞,25,niau-lǎn,niau1lan6,niau1lan6
pî-hiu,貔貅,25,pî-hiu,pi5hiu1,pi5hiu1
tsing-tsho,貞操,25,cheng-chho,tsing1tsho1,cheng1chho1
hū-tiān,負電,25,hū-tiān,hu7tian7,hu7tian7
huàn-sau,販獀,25,hoàn-sau,huan3sau1,hoan3sau1
tham-sio̍k,貪俗,25,tham-sio̍k,tham1siok8,tham1siok8
kuì-tsiu,貴州,25,kùi-chiu,kui3tsiu1,kui3chiu1
kuì-khì,貴氣,25,kùi-khì,kui3khi3,kui3khi3
bé-bu̍t,買物,25,bé-bu̍t,be2but8,be2but8
bé-khang,買空,25,bé-khang,be2khang1,be2khang1
bé-tsiá,買者,25,bé-chiá,be2tsia2,be2chia2
bé-tshài,買菜,25,bé-chhài,be2tshai3,be2chhai3
tah-pòo,貼布,25,tah-pò͘,tah4poo3,tah4poo3
tah-iû,貼油,25,tah-iû,tah4iu5,tah4iu5
hûn-mn̂g,賁門,25,hûn-mn̂g,hun5mng5,hun5mng5
tsu-kang,資工,25,chu-kang,tsu1kang1,chu1kang1
tsha̍t-thau,賊偷,25,chha̍t-thau,tshat8thau1,chhat8thau1
tsha̍t-khiò,賊寇,25,chha̍t-khiò,tshat8khio3,chhat8khio3
tsha̍t-khòo,賊寇,25,chha̍t-khò͘,tshat8khoo3,chhat8khoo3
tshat-kâu,賊猴,25,chhat-kâu,tshat4kau5,chhat4kau5
tsha̍t-thâu,賊頭,25,chha̍t-thâu,tshat8thau5,chhat8thau5
sia-khiàm,賒欠,25,sia-khiàm,sia1khiam3,sia1khiam3
sia-kim,賒金,25,sia-kim,sia1kim1,sia1kim1
pin-tsiu,賓州,25,pin-chiu,pin1tsiu1,pin1chiu1
siúnn-kim,賞金,25,siúⁿ-kim,siunn2kim1,siunn2kim1
buē-tē,賣地,25,bōe-tē,bue7te7,boe7te7
bē-tē,賣地,25,bē-tē,be7te7,be7te7
bē-tsiá,賣者,25,bē-chiá,be7tsia2,be7chia2
tsiān-jîn,賤人,25,chiān-jîn,tsian7jin5,chian7jin5
tsit-tsú,質子,25,chit-chú,tsit4tsu2,chit4chu2
tóo-ba̍uh,賭貿,25,tó͘-bau̍h,too2bauh8,too2bauh8
luā-hô,賴和,25,lōa-hô,lua7ho5,loa7ho5
tsuán-tsînn,賺錢,25,choán-chîⁿ,tsuan2tsinn5,choan2chinn5
tsàn-siann,贊聲,25,chàn-siaⁿ,tsan3siann1,chan3siann1
pī-hí,贔屭,25,pī-hí,pi7hi2,pi7hi2
sio̍k-huê,贖回,25,sio̍k-hôe,siok8hue5,siok8hoe5
tshiah-kiunn,赤kiunn,25,chhiah-kiuⁿ,tshiah4kiunn1,chhiah4kiunn1
tshik-pik,赤壁,25,chhek-pek,tshik4pik4,chhek4pek4
tshiah-thiāu,赤柱,25,chhiah-thiāu,tshiah4thiau7,chhiah4thiau7
tshiah-thiǎu,赤柱,25,chhiah-thiǎu,tshiah4thiau6,chhiah4thiau6
tshiah-tō,赤道,25,chhiah-tō,tshiah4to7,chhiah4to7
tshiah-kiunn,赤韁,25,chhiah-kiuⁿ,tshiah4kiunn1,chhiah4kiunn1
tshiah-thé,赤體,25,chhiah-thé,tshiah4the2,chhiah4the2
tshiah-tsang,赤鯮,25,chhiah-chang,tshiah4tsang1,chhiah4chang1
sià-hiòng,赦餉,25,sià-hiòng,sia3hiong3,sia3hiong3
tsáu-kiānn,走健,25,cháu-kiāⁿ,tsau2kiann7,chau2kiann7
tsáu-suann,走山,25,cháu-soaⁿ,tsau2suann1,chau2soann1
tsáu-tsua̍h,走差,25,cháu-choa̍h,tsau2tsuah8,chau2choah8
tsáu-phik,走拍,25,cháu-phek,tsau2phik4,chau2phek4
tsáu-lòng,走挵,25,cháu-lòng,tsau2long3,chau2long3
tsáu-tshuē,走揣,25,cháu-chhōe,tsau2tshue7,chau2chhoe7
tsáu-tshē,走揣,25,cháu-chhē,tsau2tshe7,chau2chhe7
tsáu-ji̍t,走日,25,cháu-ji̍t,tsau2jit8,chau2jit8
tsáu-pio,走標,25,cháu-pio,tsau2pio1,chau2pio1
tsáu-khoo,走箍,25,cháu-kho͘,tsau2khoo1,chau2khoo1
tsáu-tsing,走精,25,cháu-cheng,tsau2tsing1,chau2cheng1
tsáu-khiunn,走腔,25,cháu-khiuⁿ,tsau2khiunn1,chau2khiunn1
tsáu-lōo,走路,25,cháu-lō͘,tsau2loo7,chau2loo7
tsáu-tsuā,走逝,25,cháu-chōa,tsau2tsua7,chau2choa7
tsáu-gîn,走銀,25,cháu-gîn,tsau2gin5,chau2gin5
tsáu-tuê,走題,25,cháu-tôe,tsau2tue5,chau2toe5
tsáu-tê,走題,25,cháu-tê,tsau2te5,chau2te5
khí-tshoo,起初,25,khí-chho͘,khi2tshoo1,khi2chhoo1
khí-pu̍t,起勃,25,khí-pu̍t,khi2put8,khi2put8
khih-lih,起去,25,khih-lih,khih4lih4,khih4lih4
khí-khì,起去,25,khí-khì,khi2khi3,khi2khi3
khí-huán,起反,25,khí-hoán,khi2huan2,khi2hoan2
khí-kang,起工,25,khí-kang,khi2kang1,khi2kang1
khí-khong,起悾,25,khí-khong,khi2khong1,khi2khong1
khí-gue̍h,起月,25,khí-goe̍h,khi2gueh8,khi2goeh8
khí-phái,起歹,25,khí-phái,khi2phai2,khi2phai2
khí-phe̍h,起沫,25,khí-phe̍h,khi2pheh8,khi2pheh8
khí-phue̍h,起沫,25,khí-phoe̍h,khi2phueh8,khi2phoeh8
khí-tsu,起珠,25,khí-chu,khi2tsu1,khi2chu1
khí-huan,起番,25,khí-hoan,khi2huan1,khi2hoan1
khí-pōng,起磅,25,khí-pōng,khi2pong7,khi2pong7
khí-suān,起訕,25,khí-soān,khi2suan7,khi2soan7
khí-lōo,起路,25,khí-lō͘,khi2loo7,khi2loo7
khí-tshio,起𪁎,25,khí-chhio,khi2tshio1,khi2chhio1
thàn-hi,趁墟,25,thàn-hi,than3hi1,than3hi1
thàn-hu,趁墟,25,thàn-hu,than3hu1,than3hu1
tshiau-bē,超賣,25,chhiau-bē,tshiau1be7,chhiau1be7
ua̍t-siânn,越城,25,oa̍t-siâⁿ,uat8siann5,oat8siann5
tiô-nńg,趒軟,25,tiô-nńg,tio5nng2,tio5nng2
kuánn-kín,趕緊,25,kóaⁿ-kín,kuann2kin2,koann2kin2
kuánn-tio̍k,趕逐,25,kóaⁿ-tio̍k,kuann2tiok8,koann2tiok8
sô-á,趖仔,25,sô-á,so5a2,so5a2
tshu-luí,趨壘,25,chhu-lúi,tshu1lui2,chhu1lui2
tshu-kiā,趨崎,25,chhu-kiā,tshu1kia7,chhu1kia7
tshu-pán,趨板,25,chhu-pán,tshu1pan2,chhu1pan2
tshu-pang,趨枋,25,chhu-pang,tshu1pang1,chhu1pang1
tshu-íng,趨湧,25,chhu-éng,tshu1ing2,chhu1eng2
tshu-kiû,趨球,25,chhu-kiû,tshu1kiu5,chhu1kiu5
tshu-tshong,趨蹌,25,chhu-chhong,tshu1tshong1,chhu1chhong1
tsiok-phānn,足phānn,25,chiok-phāⁿ,tsiok4phann7,chiok4phann7
tsiok-kú,足久,25,chiok-kú,tsiok4ku2,chiok4ku2
tsiok-líng,足冷,25,chiok-léng,tsiok4ling2,chiok4leng2
tsiok-suí,足媠,25,chiok-súi,tsiok4sui2,chiok4sui2
tsiok-thiám,足忝,25,chiok-thiám,tsiok4thiam2,chiok4thiam2
tsiok-ài,足愛,25,chiok-ài,tsiok4ai3,chiok4ai3
tsiok-tsia̍p,足捷,25,chiok-chia̍p,tsiok4tsiap8,chiok4chiap8
tsiok-tsē,足濟,25,chiok-chē,tsiok4tse7,chiok4che7
tsiok-jua̍h,足熱,25,chiok-joa̍h,tsiok4juah8,chiok4joah8
tsiok-ngē,足硬,25,chiok-ngē,tsiok4nge7,chiok4nge7
tsiok-phang,足芳,25,chiok-phang,tsiok4phang1,chiok4phang1
tsiok-kuì,足貴,25,chiok-kùi,tsiok4kui3,chiok4kui3
pua̍h-tó,跋倒,25,poa̍h-tó,puah8to2,poah8to2
pua̍h-pue,跋桮,25,poa̍h-poe,puah8pue1,poah8poe1
pua̍h-tshàu,跋臭,25,poa̍h-chhàu,puah8tshau3,poah8chhau3
khû-piān,跍便,25,khû-piān,khu5pian7,khu5pian7
pháu-khok,跑酷,25,pháu-khok,phau2khok4,phau2khok4
pháu-má,跑馬,25,pháu-má,phau2ma2,phau2ma2
liam-kha,跕跤,25,liam-kha,liam1kha1,liam1kha1
hū-kut,跗骨,25,hū-kut,hu7kut4,hu7kut4
tshū-pang,跙枋,25,chhū-pang,tshu7pang1,chhu7pang1
tshū-íng,跙湧,25,chhū-éng,tshu7ing2,chhu7eng2
kin-tuè,跟綴,25,kin-tòe,kin1tue3,kin1toe3
kun-tè,跟綴,25,kun-tè,kun1te3,kun1te3
kha-á,跤仔,25,kha-á,kha1a2,kha1a2
kha-tau,跤兜,25,kha-tau,kha1tau1,kha1tau1
kha-tshiú,跤手,25,kha-chhiú,kha1tshiu2,kha1chhiu2
kha-siàu,跤數,25,kha-siàu,kha1siau3,kha1siau3
kha-khiau,跤曲,25,kha-khiau,kha1khiau1,kha1khiau1
kha-sau,跤梢,25,kha-sau,kha1sau1,kha1sau1
kha-moo,跤毛,25,kha-mo͘,kha1moo1,kha1moo1
kha-àng,跤甕,25,kha-àng,kha1ang3,kha1ang3
kha-kóo,跤股,25,kha-kó͘,kha1koo2,kha1koo2
kha-uánn,跤腕,25,kha-óaⁿ,kha1uann2,kha1oann2
kha-sik,跤色,25,kha-sek,kha1sik4,kha1sek4
kha-u,跤趺,25,kha-u,kha1u1,kha1u1
kha-lōo,跤路,25,kha-lō͘,kha1loo7,kha1loo7
kha-tenn,跤蹬,25,kha-teⁿ,kha1tenn1,kha1tenn1
kha-tshia,跤車,25,kha-chhia,kha1tshia1,kha1chhia1
khuà-kok,跨國,25,khòa-kok,khua3kok4,khoa3kok4
khuà-liân,跨年,25,khòa-liân,khua3lian5,khoa3lian5
khuà-nî,跨年,25,khòa-nî,khua3ni5,khoa3ni5
tsuāi-tn̄g,跩斷,25,choāi-tn̄g,tsuai7tng7,choai7tng7
tsuāinn-tn̄g,跩斷,25,choāiⁿ-tn̄g,tsuainn7tng7,choainn7tng7
tsuāi-tio̍h,跩著,25,choāi-tio̍h,tsuai7tioh8,choai7tioh8
tsuāinn-tio̍h,跩著,25,choāiⁿ-tio̍h,tsuainn7tioh8,choainn7tioh8
tsuāi-tsuāi,跩跩,25,choāi-choāi,tsuai7tsuai7,choai7choai7
tsuāinn-tsuāinn,跩跩,25,choāiⁿ-choāiⁿ,tsuainn7tsuainn7,choainn7choainn7
lōo-tsik,路則,25,lō͘-chek,loo7tsik4,loo7chek4
lōo-kînn,路墘,25,lō͘-kîⁿ,loo7kinn5,loo7kinn5
lōo-bué,路尾,25,lō͘-bóe,loo7bue2,loo7boe2
lōo-kiô,路橋,25,lō͘-kiô,loo7kio5,loo7kio5
thiàu-tshiûnn,跳牆,25,thiàu-chhiûⁿ,thiau3tshiunn5,thiau3chhiunn5
thiàu-kiû,跳球,25,thiàu-kiû,thiau3kiu5,thiau3kiu5
thiàu-tsio̍h,跳石,25,thiàu-chio̍h,thiau3tsioh8,thiau3chioh8
thiàu-thah,跳踢,25,thiàu-thah,thiau3thah4,thiau3thah4
thiàu-that,跳踢,25,thiàu-that,thiau3that4,thiau3that4
thiàu-tsuā,跳逝,25,thiàu-chōa,thiau3tsua7,thiau3choa7
thiàu-kuè,跳過,25,thiàu-kòe,thiau3kue3,thiau3koe3
thiàu-tiān,跳電,25,thiàu-tiān,thiau3tian7,thiau3tian7
thiàu-kuí,跳鬼,25,thiàu-kúi,thiau3kui2,thiau3kui2
se̍h-kíng,踅境,25,se̍h-kéng,seh8king2,seh8keng2
se̍h-uat,踅斡,25,se̍h-oat,seh8uat4,seh8oat4
se̍h-kiû,踅球,25,se̍h-kiû,seh8kiu5,seh8kiu5
se̍h-sîn,踅神,25,se̍h-sîn,seh8sin5,seh8sin5
ta̍h-tak,踏觸,25,ta̍h-tak,tah8tak4,tah8tak4
ta̍h-ta̍k,踏逐,25,ta̍h-ta̍k,tah8tak8,tah8tak8
ta̍h-khui,踏開,25,ta̍h-khui,tah8khui1,tah8khui1
that-kuán,踢館,25,that-koán,that4kuan2,that4koan2
tshái-ke,踩街,25,chhái-ke,tshai2ke1,chhai2ke1
tiàm-bī,踮沬,25,tiàm-bī,tiam3bi7,tiam3bi7
jiú-līn,蹂躪,25,jiú-līn,jiu2lin7,jiu2lin7
tuà-īnn,蹛院,25,tòa-īⁿ,tua3inn7,toa3inn7
liâu-tsuí,蹽水,25,liâu-chúi,liau5tsui2,liau5chui2
tún-la̍p,躉納,25,tún-la̍p,tun2lap8,tun2lap8
sin-hîng,身形,25,sin-hêng,sin1hing5,sin1heng5
sin-tuè,身綴,25,sin-tòe,sin1tue3,sin1toe3
hun-su,身軀,25,hun-su,hun1su1,hun1su1
hun-sun,身軀,25,hun-sun,hun1sun1,hun1sun1
siang-khu,身軀,25,siang-khu,siang1khu1,siang1khu1
lò-iâ,躼爺,25,lò-iâ,lo3ia5,lo3ia5
lò-kha,躼跤,25,lò-kha,lo3kha1,lo3kha1
nuà-tshn̂g,躽床,25,nòa-chhn̂g,nua3tshng5,noa3chhng5
khu-kàn,軀幹,25,khu-kàn,khu1kan3,khu1kan3
nuì-khang,軁空,25,nùi-khang,nui3khang1,nui3khang1
nǹg-khang,軁空,25,nǹg-khang,nng3khang1,nng3khang1
tshia-á,車仔,25,chhia-á,tshia1a2,chhia1a2
tshia-eh,車厄,25,chhia-eh,tshia1eh4,chhia1eh4
tshia-pang,車幫,25,chhia-pang,tshia1pang1,chhia1pang1
tshia-tòng,車擋,25,chhia-tòng,tshia1tong3,chhia1tong3
tshia-bú,車母,25,chhia-bú,tshia1bu2,chhia1bu2
tshia-tsuí,車水,25,chhia-chúi,tshia1tsui2,chhia1chui2
tshia-tsām,車站,25,chhia-chām,tshia1tsam7,chhia1cham7
tshia-kuà,車蓋,25,chhia-kòa,tshia1kua3,chhia1koa3
tshia-tsuā,車逝,25,chhia-chōa,tshia1tsua7,chhia1choa7
tshia-tsiah,車隻,25,chhia-chiah,tshia1tsiah4,chhia1chiah4
tshia-kóo,車鼓,25,chhia-kó͘,tshia1koo2,chhia1koo2
kun-bō,軍帽,25,kun-bō,kun1bo7,kun1bo7
kun-tsìng,軍政,25,kun-chèng,kun1tsing3,kun1cheng3
kun-hua̍t,軍閥,25,kun-hoa̍t,kun1huat8,kun1hoat8
hian-uàn,軒轅,25,hian-oàn,hian1uan3,hian1oan3
nńg-piān,軟便,25,nńg-piān,nng2pian7,nng2pian7
nńg-tshī,軟市,25,nńg-chhī,nng2tshi7,nng2chhi7
nńg-bō,軟帽,25,nńg-bō,nng2bo7,nng2bo7
nńg-tshiâ,軟斜,25,nńg-chhiâ,nng2tshia5,nng2chhia5
nńg-khak,軟殼,25,nńg-khak,nng2khak4,nng2khak4
nuí-lio̍h,軟略,25,núi-lio̍h,nui2lioh8,nui2lioh8
nńg-lio̍h,軟略,25,nńg-lio̍h,nng2lioh8,nng2lioh8
nńg-tsiánn,軟茈,25,nńg-chiáⁿ,nng2tsiann2,nng2chiann2
nńg-tsiam,軟針,25,nńg-chiam,nng2tsiam1,nng2chiam1
ti̍k-suànn,軸線,25,te̍k-sòaⁿ,tik8suann3,tek8soann3
khah-kē,較低,25,khah-kē,khah4ke7,khah4ke7
khah-tōa,較大,25,khah-tōa,khah4toa7,khah4toa7
khah-hó,較好,25,khah-hó,khah4ho2,khah4ho2
khah-tshám,較慘,25,khah-chhám,khah4tsham2,khah4chham2
khah-tsá,較早,25,khah-chá,khah4tsa2,khah4cha2
khah-sī,較是,25,khah-sī,khah4si7,khah4si7
khah-tsē,較濟,25,khah-chē,khah4tse7,khah4che7
khah-sè,較細,25,khah-sè,khah4se3,khah4se3
khah-kín,較緊,25,khah-kín,khah4kin2,khah4kin2
khah-iânn,較贏,25,khah-iâⁿ,khah4iann5,khah4iann5
kà-tshia,較車,25,kà-chhia,ka3tshia1,ka3chhia1
khah-su,較輸,25,khah-su,khah4su1,khah4su1
tsài-kang,載工,25,chài-kang,tsai3kang1,chai3kang1
tsài-gîn,載銀,25,chài-gîn,tsai3gin5,chai3gin5
tsài-gûn,載銀,25,chài-gûn,tsai3gun5,chai3gun5
tsài-tsînn,載錢,25,chài-chîⁿ,tsai3tsinn5,chai3chinn5
hú-hē,輔系,25,hú-hē,hu2he7,hu2he7
khing-tām,輕淡,25,kheng-tām,khing1tam7,kheng1tam7
khing-kuí,輕軌,25,kheng-kúi,khing1kui2,kheng1kui2
khin-thih,輕鐵,25,khin-thih,khin1thih4,khin1thih4
khing-tih,輕鐵,25,kheng-tih,khing1tih4,kheng1tih4
lián-pán,輪板,25,lián-pán,lian2pan2,lian2pan2
lûn-ki,輪機,25,lûn-ki,lun5ki1,lun5ki1
lûn-pān,輪辦,25,lûn-pān,lun5pan7,lun5pan7
su-iânn,輸贏,25,su-iâⁿ,su1iann5,su1iann5
liàn-tshn̂g,輾床,25,liàn-chhn̂g,lian3tshng5,lian3chhng5
tńg-khì,轉去,25,tńg-khì,tng2khi3,tng2khi3
tsuán-siá,轉寫,25,choán-siá,tsuan2sia2,choan2sia2
tńg-uan,轉彎,25,tńg-oan,tng2uan1,tng2oan1
tsuán-piàn,轉變,25,choán-piàn,tsuan2pian3,choan2pian3
tńg-se̍h,轉踅,25,tńg-se̍h,tng2seh8,tng2seh8
tsuán-lûn,轉輪,25,choán-lûn,tsuan2lun5,choan2lun5
kiau-á,轎仔,25,kiau-á,kiau1a2,kiau1a2
sin-thiú,辛丑,25,sin-thiú,sin1thiu2,sin1thiu2
sin-lô,辛勞,25,sin-lô,sin1lo5,sin1lo5
sin-uân,辛烷,25,sin-oân,sin1uan5,sin1oan5
phik-siâ,辟邪,25,phek-siâ,phik4sia5,phek4sia5
lua̍h-tshiú,辣手,25,loa̍h-chhiú,luah8tshiu2,loah8chhiu2
lua̍h-tsio,辣椒,25,loa̍h-chio,luah8tsio1,loah8chio1
lua̍h-tsiùnn,辣醬,25,loa̍h-chiùⁿ,luah8tsiunn3,loah8chiunn3
sî-nî,辭年,25,sî-nî,si5ni5,si5ni5
sû-luī,辭彙,25,sû-lūi,su5lui7,su5lui7
sî-tû,辭櫥,25,sî-tû,si5tu5,si5tu5
piān-sū,辯士,25,piān-sū,pian7su7,pian7su7
sîn-tshenn,辰星,25,sîn-chheⁿ,sin5tshenn1,sin5chhenn1
lông-sán,農產,25,lông-sán,long5san2,long5san2
u-khu,迂拘,25,u-khu,u1khu1,u1khu1
ging-tsiap,迎接,25,geng-chiap,ging1tsiap4,geng1chiap4
hānn-nî,迒年,25,hāⁿ-nî,hann7ni5,hann7ni5
huê-lông,迴廊,25,hôe-lông,hue5long5,hoe5long5
huê-tn̂g,迴腸,25,hôe-tn̂g,hue5tng5,hoe5tng5
thàng-kng,迵光,25,thàng-kng,thang3kng1,thang3kng1
thàng-hái,迵海,25,thàng-hái,thang3hai2,thang3hai2
bê-li̍k,迷力,25,bê-le̍k,be5lik8,be5lek8
bê-in,迷因,25,bê-in,be5in1,be5in1
bê-tsiòng,迷眾,25,bê-chiòng,be5tsiong3,be5chiong3
tui-tshuē,追揣,25,tui-chhōe,tui1tshue7,tui1chhoe7
tui-tshē,追揣,25,tui-chhē,tui1tshe7,tui1chhe7
thè-pó,退保,25,thè-pó,the3po2,the3po2
thè-tiâu,退潮,25,thè-tiâu,the3tiau5,the3tiau5
sàng-tiong,送中,25,sàng-tiong,sang3tiong1,sang3tiong1
sàng-tiānn,送定,25,sàng-tiāⁿ,sang3tiann7,sang3tiann7
sàng-kū,送舊,25,sàng-kū,sang3ku7,sang3ku7
sàng-tiānn,送訂,25,sàng-tiāⁿ,sang3tiann7,sang3tiann7
gi̍k-kuainn,逆乖,25,ge̍k-koaiⁿ,gik8kuainn1,gek8koainn1
gi̍k-kháu,逆口,25,ge̍k-kháu,gik8khau2,gek8khau2
gi̍k-ba̍k,逆目,25,ge̍k-ba̍k,gik8bak8,gek8bak8
thò-thiu,透抽,25,thò-thiu,tho3thiu1,tho3thiu1
thàu-pàng,透放,25,thàu-pàng,thau3pang3,thau3pang3
thàu-tsá,透早,25,thàu-chá,thau3tsa2,thau3cha2
thàu-khuì,透氣,25,thàu-khùi,thau3khui3,thau3khui3
thàu-lām,透濫,25,thàu-lām,thau3lam7,thau3lam7
thàu-hong,透風,25,thàu-hong,thau3hong1,thau3hong1
ta̍k-kang,逐工,25,ta̍k-kang,tak8kang1,tak8kang1
ta̍k-pái,逐擺,25,ta̍k-pái,tak8pai2,tak8pai2
tōo-tiám,逗點,25,tō͘-tiám,too7tiam2,too7tiam2
tsit-kú,這久,25,chit-kú,tsit4ku2,chit4ku2
tsit-jī,這字,25,chit-jī,tsit4ji7,chit4ji7
tsit-kái,這改,25,chit-kái,tsit4kai2,chit4kai2
tsit-táu,這斗,25,chit-táu,tsit4tau2,chit4tau2
tse-sī,這是,25,che-sī,tse1si7,che1si7
tsit-sî,這時,25,chit-sî,tsit4si5,chit4si5
tsit-huan,這番,25,chit-hoan,tsit4huan1,chit4hoan1
tsit-jiah,這跡,25,chit-jiah,tsit4jiah4,chit4jiah4
thong-kò,通告,25,thong-kò,thong1ko3,thong1ko3
thong-tháu,通敨,25,thong-tháu,thong1thau2,thong1thau2
thong-tsuí,通水,25,thong-chúi,thong1tsui2,thong1chui2
thong-kóo,通鼓,25,thong-kó͘,thong1koo2,thong1koo2
sok-kín,速緊,25,sok-kín,sok4kin2,sok4kin2
sok-sok,速速,25,sok-sok,sok4sok4,sok4sok4
hông-kah,逢甲,25,hông-kah,hong5kah4,hong5kah4
liân-ká,連假,25,liân-ká,lian5ka2,lian5ka2
liân-tsiàn,連戰,25,liân-chiàn,lian5tsian3,lian5chian3
liân-kang,連江,25,liân-kang,lian5kang1,lian5kang1
liân-suànn,連線,25,liân-sòaⁿ,lian5suann3,lian5soann3
liâm-pinn,連鞭,25,liâm-piⁿ,liam5pinn1,liam5pinn1
tsìn-tsîng,進前,25,chìn-chêng,tsin3tsing5,chin3cheng5
sūi-tshiong,遂昌,25,sūi-chhiong,sui7tshiong1,sui7chhiong1
iû-bîn,遊眠,25,iû-bîn,iu5bin5,iu5bin5
iû-sîn,遊神,25,iû-sîn,iu5sin5,iu5sin5
iû-sńg,遊耍,25,iû-sńg,iu5sng2,iu5sng2
iû-tsûn,遊船,25,iû-chûn,iu5tsun5,iu5chun5
ùn-tsiàng,運將,25,ùn-chiàng,un3tsiang3,un3chiang3
ūn-kim,運金,25,ūn-kim,un7kim1,un7kim1
piàn-thé,遍體,25,piàn-thé,pian3the2,pian3the2
kuè-uī,過位,25,kòe-ūi,kue3ui7,koe3ui7
kuè-khì,過去,25,kòe-khì,kue3khi3,koe3khi3
kuè-sûn,過巡,25,kòe-sûn,kue3sun5,koe3sun5
kuè-tsiânn,過成,25,kòe-chiâⁿ,kue3tsiann5,koe3chiann5
kè-tsiânn,過成,25,kè-chiâⁿ,ke3tsiann5,ke3chiann5
kèr-tsiânn,過成,25,kèr-chiâⁿ,ker3tsiann5,ker3chiann5
kuè-tàu,過晝,25,kòe-tàu,kue3tau3,koe3tau3
kuè-giàn,過癮,25,kòe-giàn,kue3gian3,koe3gian3
kuè-liâu,過聊,25,kòe-liâu,kue3liau5,koe3liau5
kuè-bi̍t,過蜜,25,kòe-bi̍t,kue3bit8,koe3bit8
kè-bi̍t,過蜜,25,kè-bi̍t,ke3bit8,ke3bit8
kuè-im,過音,25,kòe-im,kue3im1,koe3im1
kuè-gia̍h,過額,25,kòe-gia̍h,kue3giah8,koe3giah8
kuè-hong,過風,25,kòe-hong,kue3hong1,koe3hong1
at-tsè,遏制,25,at-chè,at4tse3,at4che3
at-tsì,遏制,25,at-chì,at4tsi3,at4chi3
at-ám,遏泔,25,at-ám,at4am2,at4am2
tō-lí,道理,25,tō-lí,to7li2,to7li2
tō-kin,道筋,25,tō-kin,to7kin1,to7kin1
tō-kirn,道筋,25,tō-kirn,to7kirn1,to7kirn1
tō-kun,道筋,25,tō-kun,to7kun1,to7kun1
tō-tiúnn,道長,25,tō-tiúⁿ,to7tiunn2,to7tiunn2
tō-kuán,道館,25,tō-koán,to7kuan2,to7koan2
uî-ke̍h,違扴,25,ûi-ke̍h,ui5keh8,ui5keh8
ia̋u-khóng,遙控,25,iău-khóng,iau1khong2,iau9khong2
iâu-khòng,遙控,25,iâu-khòng,iau5khong3,iau5khong3
iâu-suàn,遙算,25,iâu-soàn,iau5suan3,iau5soan3
iâu-sǹg,遙算,25,iâu-sǹg,iau5sng3,iau5sng3
liù-bō,遛帽,25,liù-bō,liu3bo7,liu3bo7
liù-tshiú,遛手,25,liù-chhiú,liu3tshiu2,liu3chhiu2
hn̄g-pîng,遠爿,25,hn̄g-pêng,hng7ping5,hng7peng5
hn̄g-khuànn,遠看,25,hn̄g-khòaⁿ,hng7khuann3,hng7khoann3
hn̄g-tuan,遠端,25,hn̄g-toan,hng7tuan1,hng7toan1
uán-tsiok,遠足,25,oán-chiok,uan2tsiok4,oan2chiok4
uán-kī,遠距,25,oán-kī,uan2ki7,oan2ki7
uán-kū,遠距,25,oán-kū,uan2ku7,oan2ku7
tsiah-tsē,遮濟,25,chiah-chē,tsiah4tse7,chiah4che7
tsiah-nī,遮爾,25,chiah-nī,tsiah4ni7,chiah4ni7
jia-muâ,遮瞞,25,jia-môa,jia1mua5,jia1moa5
lia-muâ,遮瞞,25,lia-môa,lia1mua5,lia1moa5
tsia-tsia̍h,遮食,25,chia-chia̍h,tsia1tsiah8,chia1chiah8
tsiah-gâu,遮𠢕,25,chiah-gâu,tsiah4gau5,chiah4gau5
tî-khik,遲刻,25,tî-khek,ti5khik4,ti5khek4
suán-kóo,選股,25,soán-kó͘,suan2koo2,soan2koo2
suán-kak,選角,25,soán-kak,suan2kak4,soan2kak4
suán-iânn,選贏,25,soán-iâⁿ,suan2iann5,soan2iann5
uî-hâi,遺骸,25,ûi-hâi,ui5hai5,ui5hai5
pī-īn,避孕,25,pī-īn,pi7in7,pi7in7
pī-ūn,避孕,25,pī-ūn,pi7un7,pi7un7
phiah-tsáu,避走,25,phiah-cháu,phiah4tsau2,phiah4chau2
huân-tsāi,還在,25,hoân-chāi,huan5tsai7,hoan5chai7
lô-tsik,邏則,25,lô-chek,lo5tsik4,lo5chek4
ná-pà,那霸,25,ná-pà,na2pa3,na2pa3
pang-tiúnn,邦長,25,pang-tiúⁿ,pang1tiunn2,pang1tiunn2
siâ-kàu,邪教,25,siâ-kàu,sia5kau3,sia5kau3
siâ-khì,邪氣,25,siâ-khì,sia5khi3,sia5khi3
siâ-suī,邪祟,25,siâ-sūi,sia5sui7,sia5sui7
siō-bú,邵武,25,siō-bú,sio7bu2,sio7bu2
puē-hong,邶風,25,pōe-hong,pue7hong1,poe7hong1
tí-hā,邸下,25,tí-hā,ti2ha7,ti2ha7
pōo-phín,部品,25,pō͘-phín,poo7phin2,poo7phin2
iû-tsûn,郵船,25,iû-chûn,iu5tsun5,iu5chun5
iû-lûn,郵輪,25,iû-lûn,iu5lun5,iu5lun5
too-king,都更,25,to͘-keng,too1king1,too1keng1
too-lân,都蘭,25,to͘-lân,too1lan5,too1lan5
too-luân,都鑾,25,to͘-loân,too1luan5,too1loan5
hiong-guān,鄉愿,25,hiong-goān,hiong1guan7,hiong1goan7
hing-tshun,鄉村,25,heng-chhun,hing1tshun1,heng1chhun1
iông-hong,鄘風,25,iông-hong,iong5hong1,iong5hong1
phí-lî,鄙厘,25,phí-lî,phi2li5,phi2li5
phí-lián,鄙臉,25,phí-lián,phi2lian2,phi2lian2
gûn-tsiu,鄞州,25,gûn-chiu,gun5tsiu1,gun5chiu1
tēnn-sim,鄭森,25,tēⁿ-sim,tenn7sim1,tenn7sim1
tēnn-king,鄭經,25,tēⁿ-keng,tenn7king1,tenn7keng1
tīng-hong,鄭風,25,tēng-hong,ting7hong1,teng7hong1
phuè-tshin,配親,25,phòe-chhin,phue3tshin1,phoe3chhin1
tsiú-khong,酒悾,25,chiú-khong,tsiu2khong1,chiu2khong1
tsiú-pôo,酒酺,25,chiú-pô͘,tsiu2poo5,chiu2poo5
tsiú-kà,酒駕,25,chiú-kà,tsiu2ka3,chiu2ka3
tsiú-sái,酒駛,25,chiú-sái,tsiu2sai2,chiu2sai2
soo-io,酥腰,25,so͘-io,soo1io1,soo1io1
suan-bîn,酸民,25,soan-bîn,suan1bin5,soan1bin5
sng-sòo,酸素,25,sng-sò͘,sng1soo3,sng1soo3
sàng-sòo,酸素,25,sàng-sò͘,sang3soo3,sang3soo3
tsuì-sái,醉駛,25,chùi-sái,tsui3sai2,chui3sai2
tshòo-tháng,醋桶,25,chhò͘-tháng,tshoo3thang2,chhoo3thang2
tshòo-sng,醋酸,25,chhò͘-sng,tshoo3sng1,chhoo3sng1
i-su,醫師,25,i-su,i1su1,i1su1
i-kuán,醫館,25,i-koán,i1kuan2,i1koan2
sik-jī,釋字,25,sek-jī,sik4ji7,sek4ji7
tîng-puē,重倍,25,têng-pōe,ting5pue7,teng5poe7
tāng-lāi,重利,25,tāng-lāi,tang7lai7,tang7lai7
tîng-kù,重句,25,têng-kù,ting5ku3,teng5ku3
tîng-tânn,重耽,25,têng-tâⁿ,ting5tann5,teng5tann5
tāng-hùn,重訓,25,tāng-hùn,tang7hun3,tang7hun3
tāng-im,重音,25,tāng-im,tang7im1,tang7im1
iá-iàn,野宴,25,iá-iàn,ia2ian3,ia2ian3
iá-liân,野蓮,25,iá-liân,ia2lian5,ia2lian5
liōng-tsú,量子,25,liōng-chú,liong7tsu2,liong7chu2
liōng-tsá,量早,25,liōng-chá,liong7tsa2,liong7cha2
kim-kong,金剛,25,kim-kong,kim1kong1,kim1kong1
kim-tshuì,金喙,25,kim-chhùi,kim1tshui3,kim1chhui3
kim-tsun,金尊,25,kim-chun,kim1tsun1,kim1chun1
kim-tang,金東,25,kim-tang,kim1tang1,kim1tang1
kim-oo,金烏,25,kim-o͘,kim1oo1,kim1oo1
kim-gán,金眼,25,kim-gán,kim1gan2,kim1gan2
kim-ní,金耳,25,kim-ní,kim1ni2,kim1ni2
kim-suan,金萱,25,kim-soan,kim1suan1,kim1soan1
kim-tsio,金蕉,25,kim-chio,kim1tsio1,kim1chio1
kim-kha,金跤,25,kim-kha,kim1kha1,kim1kha1
kim-bīn,金面,25,kim-bīn,kim1bin7,kim1bin7
kim-uann,金鞍,25,kim-oaⁿ,kim1uann1,kim1oann1
tìng-iâm,釘鹽,25,tèng-iâm,ting3iam5,teng3iam5
hú-san,釜山,25,hú-san,hu2san1,hu2san1
tsiam-iû,針油,25,chiam-iû,tsiam1iu5,chiam1iu5
tsiam-uī,針蝟,25,chiam-ūi,tsiam1ui7,chiam1ui7
tūn-tshī,鈍市,25,tūn-chhī,tun7tshi7,tun7chhi7
kah-sòo,鉀素,25,kah-sò͘,kah4soo3,kah4soo3
iân-pit,鉛筆,25,iân-pit,ian5pit4,ian5pit4
iân-tsînn,鉛錢,25,iân-chîⁿ,ian5tsinn5,ian5chinn5
kau-kóo,鉤股,25,kau-kó͘,kau1koo2,kau1koo2
kau-kau,鉤鉤,25,kau-kau,kau1kau1,kau1kau1
ka-tôo,鉸圖,25,ka-tô͘,ka1too5,ka1too5
gîn-liú,銀柳,25,gîn-liú,gin5liu2,gin5liu2
gîn-kin,銀根,25,gîn-kin,gin5kin1,gin5kin1
gîn-hô,銀河,25,gîn-hô,gin5ho5,gin5ho5
gîrn-hô,銀河,25,gîrn-hô,girn5ho5,girn5ho5
gûn-hô,銀河,25,gûn-hô,gun5ho5,gun5ho5
gîn-khòng,銀礦,25,gîn-khòng,gin5khong3,gin5khong3
gûn-khòng,銀礦,25,gûn-khòng,gun5khong3,gun5khong3
gîn-kho,銀顆,25,gîn-kho,gin5kho1,gin5kho1
tshìng-tshiunn,銃槍,25,chhèng-chhiuⁿ,tshing3tshiunn1,chheng3chhiunn1
tâng-sián,銅仙,25,tâng-sián,tang5sian2,tang5sian2
tâng-sian,銅鉎,25,tâng-sian,tang5sian1,tang5sian1
tsn̂g-sū,銓敘,25,chn̂g-sū,tsng5su7,chng5su7
thû-kut,鋤骨,25,thû-kut,thu5kut4,thu5kut4
mê-kak,鋩角,25,mê-kak,me5kak4,me5kak4
phoo-bûn,鋪文,25,pho͘-bûn,phoo1bun5,phoo1bun5
phoo-bāng,鋪網,25,pho͘-bāng,phoo1bang7,phoo1bang7
kǹg-pán,鋼板,25,kǹg-pán,kng3pan2,kng3pan2
lio̍k-iánn,錄影,25,lio̍k-iáⁿ,liok8iann2,liok8iann2
tsînn-tuann,錢單,25,chîⁿ-toaⁿ,tsinn5tuann1,chinn5toann1
tsînn-pún,錢本,25,chîⁿ-pún,tsinn5pun2,chinn5pun2
tsînn-kin,錢根,25,chîⁿ-kin,tsinn5kin1,chinn5kin1
tsînn-pue,錢桮,25,chîⁿ-poe,tsinn5pue1,chinn5poe1
tsînn-phiò,錢票,25,chîⁿ-phiò,tsinn5phio3,chinn5phio3
tsînn-tâng,錢筒,25,chîⁿ-tâng,tsinn5tang5,chinn5tang5
gím-tsuâ,錦蛇,25,gím-chôa,gim2tsua5,gim2choa5
kím-tsuâ,錦蛇,25,kím-chôa,kim2tsua5,kim2choa5
sik-kháu,錫口,25,sek-kháu,sik4khau2,sek4khau2
siah-khì,錫器,25,siah-khì,siah4khi3,siah4khi3
sik-khòng,錫礦,25,sek-khòng,sik4khong3,sek4khong3
sik-lân,錫蘭,25,sek-lân,sik4lan5,sek4lan5
ko-sio,鍋燒,25,ko-sio,ko1sio1,ko1sio1
e-kuà,鍋蓋,25,e-kòa,e1kua3,e1koa3
er-kuà,鍋蓋,25,er-kòa,er1kua3,er1koa3
ue-kuà,鍋蓋,25,oe-kòa,ue1kua3,oe1koa3
tshiah-pe,鍘扒,25,chhiah-pe,tshiah4pe1,chhiah4pe1
tshiah-thôo,鍤塗,25,chhiah-thô͘,tshiah4thoo5,chhiah4thoo5
kiān-gí,鍵語,25,kiān-gí,kian7gi2,kian7gi2
kiān-gú,鍵語,25,kiān-gú,kian7gu2,kian7gu2
só-âu,鎖喉,25,só-âu,so2au5,so2au5
tìn-uī,鎮位,25,tìn-ūi,tin3ui7,tin3ui7
tìn-tshenn,鎮星,25,tìn-chheⁿ,tin3tshenn1,tin3chhenn1
tìn-hái,鎮海,25,tìn-hái,tin3hai2,tin3hai2
tìn-lōo,鎮路,25,tìn-lō͘,tin3loo7,tin3loo7
tsām-jī,鏨字,25,chām-jī,tsam7ji7,cham7ji7
tsām-lōo,鏨路,25,chām-lō͘,tsam7loo7,cham7loo7
tsing-siann,鐘聲,25,cheng-siaⁿ,tsing1siann1,cheng1siann1
tsing-hiáng,鐘響,25,cheng-hiáng,tsing1hiang2,cheng1hiang2
liâm-to,鐮刀,25,liâm-to,liam5to1,liam5to1
thih-nn̄g,鐵卵,25,thih-nn̄g,thih4nng7,thih4nng7
thih-bō,鐵帽,25,thih-bō,thih4bo7,thih4bo7
thih-tuânn,鐵彈,25,thih-tôaⁿ,thih4tuann5,thih4toann5
thih-tá,鐵打,25,thih-tá,thih4ta2,thih4ta2
thih-kiāu,鐵撬,25,thih-kiāu,thih4kiau7,thih4kiau7
thih-ki,鐵支,25,thih-ki,thih4ki1,thih4ki1
thih-kái,鐵改,25,thih-kái,thih4kai2,thih4kai2
thih-thuî,鐵槌,25,thih-thûi,thih4thui5,thih4thui5
thih-tâng,鐵胴,25,thih-tâng,thih4tang5,thih4tang5
thih-tah,鐵貼,25,thih-tah,thih4tah4,thih4tah4
tsù-jī,鑄字,25,chù-jī,tsu3ji7,chu3ji7
siak-phānn,鑠奅,25,siak-phāⁿ,siak4phann7,siak4phann7
siak-pha,鑠葩,25,siak-pha,siak4pha1,siak4pha1
lù-á,鑢仔,25,lù-á,lu3a2,lu3a2
lù-khah,鑢卡,25,lù-khah,lu3khah4,lu3khah4
lù-sian,鑢鉎,25,lù-sian,lu3sian1,lu3sian1
siunn-kînn,鑲墘,25,siuⁿ-kîⁿ,siunn1kinn5,siunn1kinn5
siunn-pinn,鑲邊,25,siuⁿ-piⁿ,siunn1pinn1,siunn1pinn1
tsha̍k-ba̍k,鑿目,25,chha̍k-ba̍k,tshak8bak8,chhak8bak8
tsha̍k-tsha̍k,鑿鑿,25,chha̍k-chha̍k,tshak8tshak8,chhak8chhak8
tsha̍k-lān,鑿𡳞,25,chha̍k-lān,tshak8lan7,chhak8lan7
tiông-kî,長奇,25,tiông-kî,tiong5ki5,tiong5ki5
tiâng-kenn,長庚,25,tiâng-keⁿ,tiang5kenn1,tiang5kenn1
tiâng-kinn,長庚,25,tiâng-kiⁿ,tiang5kinn1,tiang5kinn1
tiông-kenn,長庚,25,tiông-keⁿ,tiong5kenn1,tiong5kenn1
tiông-kinn,長庚,25,tiông-kiⁿ,tiong5kinn1,tiong5kinn1
tsiáng-tsì,長志,25,chiáng-chì,tsiang2tsi3,chiang2chi3
tiông-lo̍k,長樂,25,tiông-lo̍k,tiong5lok8,tiong5lok8
tiông-ting,長汀,25,tiông-teng,tiong5ting1,tiong5teng1
tiông-thuà,長泰,25,tiông-thòa,tiong5thua3,tiong5thoa3
tn̂g-tsiàu,長照,25,tn̂g-chiàu,tng5tsiau3,tng5chiau3
tiông-hing,長興,25,tiông-heng,tiong5hing1,tiong5heng1
tn̂g-tsuā,長逝,25,tn̂g-chōa,tng5tsua7,tng5choa7
tiông-huat,長髮,25,tiông-hoat,tiong5huat4,tiong5hoat4
mn̂g-tsiòng,門將,25,mn̂g-chiòng,mng5tsiong3,mng5chiong3
mn̂g-tú,門拄,25,mn̂g-tú,mng5tu2,mng5tu2
mn̂g-tshuah,門掣,25,mn̂g-chhoah,mng5tshuah4,mng5chhoah4
bûn-phài,門派,25,bûn-phài,bun5phai3,bun5phai3
mn̂g-phài,門派,25,mn̂g-phài,mng5phai3,mng5phai3
muî-gê,門牙,25,mûi-gê,mui5ge5,mui5ge5
mn̂g-khí,門齒,25,mn̂g-khí,mng5khi2,mng5khi2
siám-tann,閃擔,25,siám-taⁿ,siam2tann1,siam2tann1
siám-sih,閃爍,25,siám-sih,siam2sih4,siam2sih4
siám-hiān,閃現,25,siám-hiān,siam2hian7,siam2hian7
siám-tio̍h,閃著,25,siám-tio̍h,siam2tioh8,siam2tioh8
siám-khui,閃開,25,siám-khui,siam2khui1,siam2khui1
pì-sù,閉思,25,pì-sù,pi3su3,pi3su3
khui-á,開仔,25,khui-á,khui1a2,khui1a2
khui-to,開刀,25,khui-to,khui1to1,khui1to1
khui-hiàng,開向,25,khui-hiàng,khui1hiang3,khui1hiang3
khui-hòng,開放,25,khui-hòng,khui1hong3,khui1hong3
khai-thài,開泰,25,khai-thài,khai1thai3,khai1thai3
khai-guân,開源,25,khai-goân,khai1guan5,khai1goan5
khui-hing,開胸,25,khui-heng,khui1hing1,khui1heng1
jūn-bió,閏秒,25,jūn-bió,jun7bio2,jun7bio2
kàinn-tn̄g,間斷,25,kàiⁿ-tn̄g,kainn3tng7,kainn3tng7
kàn-tn̄g,間斷,25,kàn-tn̄g,kan3tng7,kan3tng7
king-keh,間格,25,keng-keh,king1keh4,keng1keh4
kàinn-sik,間色,25,kàiⁿ-sek,kainn3sik4,kainn3sek4
kàinn-tsuā,間逝,25,kàiⁿ-chōa,kainn3tsua7,kainn3choa7
tsa̍h-uá,閘倚,25,cha̍h-óa,tsah8ua2,chah8oa2
tsa̍h-tôo,閘圖,25,cha̍h-tô͘,tsah8too5,chah8too5
tsa̍h-tn̄g,閘斷,25,cha̍h-tn̄g,tsah8tng7,chah8tng7
tsa̍h-tsuí,閘水,25,cha̍h-chúi,tsah8tsui2,chah8chui2
koh-tsài,閣再,25,koh-chài,koh4tsai3,koh4chai3
koh-ū,閣有,25,koh-ū,koh4u7,koh4u7
koh-khah,閣較,25,koh-khah,koh4khah4,koh4khah4
bân-hâu,閩侯,25,bân-hâu,ban5hau5,ban5hau5
bân-tshing,閩清,25,bân-chheng,ban5tshing1,ban5chheng1
bân-gí,閩語,25,bân-gí,ban5gi2,ban5gi2
bân-ua̍t,閩越,25,bân-oa̍t,ban5uat8,ban5oat8
làng-káng,閬港,25,làng-káng,lang3kang2,lang3kang2
làng-liâu,閬蹘,25,làng-liâu,lang3liau5,lang3liau5
lòng-lòng,閬閬,25,lòng-lòng,long3long3,long3long3
làng-hûn,閬雲,25,làng-hûn,lang3hun5,lang3hun5
làng-hong,閬風,25,làng-hong,lang3hong1,lang3hong1
kha̍h-bông,闔雺,25,kha̍h-bông,khah8bong5,khah8bong5
kuan-to,關刀,25,koan-to,kuan1to1,koan1to1
kuan-sòo,關數,25,koan-sò͘,kuan1soo3,koan1soo3
kuainn-kann,關監,25,koaiⁿ-kaⁿ,kuainn1kann1,koainn1kann1
kuan-sai,關西,25,koan-sai,kuan1sai1,koan1sai1
kuan-kiān,關鍵,25,koan-kiān,kuan1kian7,koan1kian7
kuainn-mn̂g,關門,25,koaiⁿ-mn̂g,kuainn1mng5,koainn1mng5
kuinn-muî,關門,25,kuiⁿ-mûi,kuinn1mui5,kuinn1mui5
guán-tau,阮兜,25,goán-tau,guan2tau1,goan2tau1
gún-tau,阮兜,25,gún-tau,gun2tau1,gun2tau1
gún-pâ,阮爸,25,gún-pâ,gun2pa5,gun2pa5
guán-ang,阮翁,25,goán-ang,guan2ang1,goan2ang1
gún-ang,阮翁,25,gún-ang,gun2ang1,gun2ang1
hông-pha̍k,防曝,25,hông-pha̍k,hong5phak8,hong5phak8
a-ióng,阿勇,25,a-ióng,a1iong2,a1iong2
a-thài,阿太,25,a-thài,a1thai3,a1thai3
a-tsé,阿姊,25,a-ché,a1tse2,a1che2
a-tsí,阿姊,25,a-chí,a1tsi2,a1chi2
a-má,阿媽,25,a-má,a1ma2,a1ma2
a-the̍h,阿宅,25,a-the̍h,a1theh8,a1theh8
a-la,阿拉,25,a-la,a1la1,a1la1
a-bîng,阿明,25,a-bêng,a1bing5,a1beng5
a-bān,阿曼,25,a-bān,a1ban7,a1ban7
a-bú,阿母,25,a-bú,a1bu2,a1bu2
a-pa,阿爸,25,a-pa,a1pa1,a1pa1
a-tsóo,阿祖,25,a-chó͘,a1tsoo2,a1choo2
a-siā,阿舍,25,a-siā,a1sia7,a1sia7
a-lian,阿蓮,25,a-lian,a1lian1,a1lian1
a-se,阿西,25,a-se,a1se1,a1se1
hù-tio̍k,附著,25,hù-tio̍k,hu3tiok8,hu3tiok8
hù-môo,附魔,25,hù-mô͘,hu3moo5,hu3moo5
siám-sai,陝西,25,siám-sai,siam2sai1,siam2sai1
tû-sip,除溼,25,tû-sip,tu5sip4,tu5sip4
tîr-tsháu,除草,25,tîr-chháu,tir5tshau2,tir5chhau2
im-jī,陰字,25,im-jī,im1ji7,im1ji7
im-sìng,陰性,25,im-sèng,im1sing3,im1seng3
im-pue,陰桮,25,im-poe,im1pue1,im1poe1
im-ki̍k,陰極,25,im-ke̍k,im1kik8,im1kek8
im-tûn,陰脣,25,im-tûn,im1tun5,im1tun5
im-sat,陰蝨,25,im-sat,im1sat4,im1sat4
im-tiān,陰電,25,im-tiān,im1tian7,im1tian7
im-thim,陰鴆,25,im-thim,im1thim1,im1thim1
tân-iâu,陳瑤,25,tân-iâu,tan5iau5,tan5iau5
tân-îng,陳瑩,25,tân-êng,tan5ing5,tan5eng5
tân-kiok,陳菊,25,tân-kiok,tan5kiok4,tan5kiok4
tân-síng,陳誠,25,tân-séng,tan5sing2,tan5seng2
tân-hik,陳赫,25,tân-hek,tan5hik4,tan5hek4
tân-tsìn,陳進,25,tân-chìn,tan5tsin3,tan5chin3
tîn-hong,陳風,25,tîn-hong,tin5hong1,tin5hong1
hām-bîn,陷眠,25,hām-bîn,ham7bin5,ham7bin5
hām-puî,陷肥,25,hām-pûi,ham7pui5,ham7pui5
hām-tshài,陷菜,25,hām-chhài,ham7tshai3,ham7chhai3
lio̍k-ping,陸兵,25,lio̍k-peng,liok8ping1,liok8peng1
lio̍k-thê,陸提,25,lio̍k-thê,liok8the5,liok8the5
lio̍k-ku,陸龜,25,lio̍k-ku,liok8ku1,liok8ku1
iông-jī,陽字,25,iông-jī,iong5ji7,iong5ji7
iông-tiān,陽電,25,iông-tiān,iong5tian7,iong5tian7
kai-sîng,階乘,25,kai-sêng,kai1sing5,kai1seng5
keh-tang,隔冬,25,keh-tang,keh4tang1,keh4tang1
keh-king,隔宮,25,keh-keng,keh4king1,keh4keng1
keh-khang,隔空,25,keh-khang,keh4khang1,keh4khang1
keh-hō,隔號,25,keh-hō,keh4ho7,keh4ho7
suî-lâi,隨來,25,sûi-lâi,sui5lai5,sui5lai5
suî-pī,隨備,25,sûi-pī,sui5pi7,sui5pi7
suî-tiān,隨電,25,sûi-tiān,sui5tian7,sui5tian7
hiám-eh,險厄,25,hiám-eh,hiam2eh4,hiam2eh4
hiám-lān,險難,25,hiám-lān,hiam2lan7,hiam2lan7
ún-khǹg,隱囥,25,ún-khǹg,un2khng3,un2khng3
ín-hîng,隱形,25,ín-hêng,in2hing5,in2heng5
ún-hîng,隱形,25,ún-hêng,un2hing5,un2heng5
ún-ku,隱痀,25,ún-ku,un2ku1,un2ku1
ún-muâ,隱瞞,25,ún-môa,un2mua5,un2moa5
ngá-tián,雅典,25,ngá-tián,nga2tian2,nga2tian2
tsi̍p-uá,集倚,25,chi̍p-óa,tsip8ua2,chip8oa2
tsi̍p-bí,集美,25,chi̍p-bí,tsip8bi2,chip8bi2
iong-tsìng,雍正,25,iong-chèng,iong1tsing3,iong1cheng3
siang-tsú,雙子,25,siang-chú,siang1tsu2,siang1chu2
siang-iân,雙沿,25,siang-iân,siang1ian5,siang1ian5
siang-hî,雙魚,25,siang-hî,siang1hi5,siang1hi5
tsa̍p-tshap,雜插,25,cha̍p-chhap,tsap8tshap4,chap8chhap4
tsa̍p-thâu,雜頭,25,cha̍p-thâu,tsap8thau5,chap8thau5
tsa̍p-hî,雜魚,25,cha̍p-hî,tsap8hi5,chap8hi5
tsa̍p-hû,雜魚,25,cha̍p-hû,tsap8hu5,chap8hu5
ke-kang,雞公,25,ke-kang,ke1kang1,ke1kang1
ke-nuī,雞卵,25,ke-nūi,ke1nui7,ke1nui7
kere-nňg,雞卵,25,kere-nňg,kere1nng6,kere1nng6
kue-nuī,雞卵,25,koe-nūi,kue1nui7,koe1nui7
kue-nňg,雞卵,25,koe-nňg,kue1nng6,koe1nng6
ke-thî,雞啼,25,ke-thî,ke1thi5,ke1thi5
ke-khuài,雞塊,25,ke-khoài,ke1khuai3,ke1khoai3
ke-tsáinn,雞指,25,ke-cháiⁿ,ke1tsainn2,ke1chainn2
ke-hu̍t,雞核,25,ke-hu̍t,ke1hut8,ke1hut8
ke-thng,雞湯,25,ke-thng,ke1thng1,ke1thng1
ke-ba̍k,雞目,25,ke-ba̍k,ke1bak8,ke1bak8
ke-tsng,雞磚,25,ke-chng,ke1tsng1,ke1chng1
ke-lâng,雞籠,25,ke-lâng,ke1lang5,ke1lang5
ke-si̍t,雞翼,25,ke-si̍t,ke1sit8,ke1sit8
kue-si̍t,雞翼,25,koe-si̍t,kue1sit8,koe1sit8
kue-kiān,雞胗,25,koe-kiān,kue1kian7,koe1kian7
ke-kak,雞角,25,ke-kak,ke1kak4,ke1kak4
ke-tāu,雞豆,25,ke-tāu,ke1tau7,ke1tau7
ke-ná,雞那,25,ke-ná,ke1na2,ke1na2
lī-tû,離櫥,25,lī-tû,li7tu5,li7tu5
lī-liâu,離療,25,lī-liâu,li7liau5,li7liau5
lî-king,離經,25,lî-keng,li5king1,li5keng1
lī-tuê,離題,25,lī-tôe,li7tue5,li7toe5
lī-tê,離題,25,lī-tê,li7te5,li7te5
lân-uî,難為,25,lân-ûi,lan5ui5,lan5ui5
hōo-bō,雨帽,25,hō͘-bō,hoo7bo7,hoo7bo7
hōo-tsênn,雨晴,25,hō͘-chêⁿ,hoo7tsenn5,hoo7chenn5
hōo-tsînn,雨晴,25,hō͘-chîⁿ,hoo7tsinn5,hoo7chinn5
í-suí,雨水,25,í-súi,i2sui2,i2sui2
hōo-sîn,雨神,25,hō͘-sîn,hoo7sin5,hoo7sin5
hōo-tsām,雨站,25,hō͘-chām,hoo7tsam7,hoo7cham7
hōo-le̍h,雨笠,25,hō͘-le̍h,hoo7leh8,hoo7leh8
hōo-lue̍h,雨笠,25,hō͘-loe̍h,hoo7lueh8,hoo7loeh8
seh-bō,雪帽,25,seh-bō,seh4bo7,seh4bo7
suat-muê,雪梅,25,soat-môe,suat4mue5,soat4moe5
seh-hue,雪花,25,seh-hoe,seh4hue1,seh4hoe1
hûn-thun,雲吞,25,hûn-thun,hun5thun1,hun5thun1
hûn-hô,雲和,25,hûn-hô,hun5ho5,hun5ho5
hûn-íng,雲湧,25,hûn-éng,hun5ing2,hun5eng2
hûn-tsio̍h,雲石,25,hûn-chio̍h,hun5tsioh8,hun5chioh8
hûn-tuan,雲端,25,hûn-toan,hun5tuan1,hun5toan1
hûn-sio,雲霄,25,hûn-sio,hun5sio1,hun5sio1
ûn-sio,雲霄,25,ûn-sio,un5sio1,un5sio1
hûn-tíng,雲頂,25,hûn-téng,hun5ting2,hun5teng2
luî-khu,雷丘,25,lûi-khu,lui5khu1,lui5khu1
luî-tsiáu,雷鳥,25,lûi-chiáu,lui5tsiau2,lui5chiau2
bông-ian,雺煙,25,bông-ian,bong5ian1,bong5ian1
bông-bū,雺霧,25,bông-bū,bong5bu7,bong5bu7
bông-lōo,雺露,25,bông-lō͘,bong5loo7,bong5loo7
tiān-tōng,電動,25,tiān-tōng,tian7tong7,tian7tong7
tiān-hi̍k,電域,25,tiān-he̍k,tian7hik8,tian7hek8
tiān-tiônn,電場,25,tiān-tiôⁿ,tian7tionn5,tian7tionn5
tiān-tiûnn,電場,25,tiān-tiûⁿ,tian7tiunn5,tian7tiunn5
tiān-tsí,電子,25,tiān-chí,tian7tsi2,tian7chi2
tian-iông,電容,25,tian-iông,tian1iong5,tian1iong5
tiān-hôo,電弧,25,tiān-hô͘,tian7hoo5,tian7hoo5
tiān-sàu,電掃,25,tiān-sàu,tian7sau3,tian7sau3
tiān-sam,電杉,25,tiān-sam,tian7sam1,tian7sam1
tiān-thui,電梯,25,tiān-thui,tian7thui1,tian7thui1
tiān-hér,電火,25,tiān-hér,tian7her2,tian7her2
tiān-lôo,電爐,25,tiān-lô͘,tian7loo5,tian7loo5
tiān-khîm,電琴,25,tiān-khîm,tian7khim5,tian7khim5
tiān-kài,電界,25,tiān-kài,tian7kai3,tian7kai3
tiān-pōng,電磅,25,tiān-pōng,tian7pong7,tian7pong7
tiān-tshìn,電秤,25,tiān-chhìn,tian7tshin3,tian7chhin3
tiān-tâng,電筒,25,tiān-tâng,tian7tang5,tian7tang5
tiān-hì,電肺,25,tiān-hì,tian7hi3,tian7hi3
tiān-hun,電薰,25,tiān-hun,tian7hun1,tian7hun1
tiān-io̍k,電藥,25,tiān-io̍k,tian7iok8,tian7iok8
tiān-tshia,電車,25,tiān-chhia,tian7tshia1,tian7chhia1
tiān-tsǹg,電鑽,25,tiān-chǹg,tian7tsng3,tian7chng3
tiān-im,電音,25,tiān-im,tian7im1,tian7im1
tiān-huat,電髮,25,tiān-hoat,tian7huat4,tian7hoat4
tiān-ku,電龜,25,tiān-ku,tian7ku1,tian7ku1
tsìn-tōo,震度,25,chìn-tō͘,tsin3too7,chin3too7
hok-luān,霍亂,25,hok-loān,hok4luan7,hok4loan7
gê-hông,霓虹,25,gê-hông,ge5hong5,ge5hong5
sng-á,霜仔,25,sng-á,sng1a2,sng1a2
sng-tàng,霜凍,25,sng-tàng,sng1tang3,sng1tang3
hâ-phóo,霞浦,25,hâ-phó͘,ha5phoo2,ha5phoo2
bū-pho,霧泡,25,bū-pho,bu7pho1,bu7pho1
bū-bū,霧霧,25,bū-bū,bu7bu7,bu7bu7
bū-bâi,霧霾,25,bū-bâi,bu7bai5,bu7bai5
lōo-tâi,露台,25,lō͘-tâi,loo7tai5,loo7tai5
lōo-phâng,露篷,25,lō͘-phâng,loo7phang5,loo7phang5
lōo-lê,露螺,25,lō͘-lê,loo7le5,loo7le5
pà-lîng,霸凌,25,pà-lêng,pa3ling5,pa3leng5
phik-li̍k,霹靂,25,phek-le̍k,phik4lik8,phek4lek8
tshing-sim,青森,25,chheng-sim,tshing1sim1,chheng1sim1
tshing-tiân,青田,25,chheng-tiân,tshing1tian5,chheng1tian5
tshenn-mê,青盲,25,chheⁿ-mê,tshenn1me5,chhenn1me5
tshenn-sik,青色,25,chheⁿ-sek,tshenn1sik4,chhenn1sek4
tshenn-hue,青花,25,chheⁿ-hoe,tshenn1hue1,chhenn1hoe1
tshinn-hue,青花,25,chhiⁿ-hoe,tshinn1hue1,chhinn1hoe1
tshenn-hui,青飛,25,chheⁿ-hui,tshenn1hui1,chhenn1hui1
tshinn-hui,青飛,25,chhiⁿ-hui,tshinn1hui1,chhinn1hui1
tshing-niáu,青鳥,25,chheng-niáu,tshing1niau2,chheng1niau2
tiān-sik,靛色,25,tiān-sek,tian7sik4,tian7sek4
tuīnn-sik,靛色,25,tūiⁿ-sek,tuinn7sik4,tuinn7sek4
hui-tsiu,非洲,25,hui-chiu,hui1tsiu1,hui1chiu1
hui-è,非裔,25,hui-è,hui1e3,hui1e3
bīn-tsheh,面冊,25,bīn-chheh,bin7tsheh4,bin7chheh4
bīn-siān,面善,25,bīn-siān,bin7sian7,bin7sian7
bīn-phè,面帕,25,bīn-phè,bin7phe3,bin7phe3
bīn-tsir,面書,25,bīn-chir,bin7tsir1,bin7chir1
bīn-tsu,面書,25,bīn-chu,bin7tsu1,bin7chu1
bīn-pang,面枋,25,bīn-pang,bin7pang1,bin7pang1
bīn-kôo,面糊,25,bīn-kô͘,bin7koo5,bin7koo5
bīn-tshiunn,面腔,25,bīn-chhiuⁿ,bin7tshiunn1,bin7chhiunn1
bīn-phóo,面譜,25,bīn-phó͘,bin7phoo2,bin7phoo2
kik-tshut,革出,25,kek-chhut,kik4tshut4,kek4chhut4
kik-tio̍k,革逐,25,kek-tio̍k,kik4tiok8,kek4tiok8
hia-kóng,靴管,25,hia-kóng,hia1kong2,hia1kong2
pé-lām,靶艦,25,pé-lām,pe2lam7,pe2lam7
ê-á,鞋仔,25,ê-á,e5a2,e5a2
jīm-tài,韌帶,25,jīm-tài,jim7tai3,jim7tai3
jūn-thé,韌體,25,jūn-thé,jun7the2,jun7the2
hân-jī,韓字,25,hân-jī,han5ji7,han5ji7
hân-jú,韓愈,25,hân-jú,han5ju2,han5ju2
hân-bûn,韓文,25,hân-bûn,han5bun5,han5bun5
im-guân,音元,25,im-goân,im1guan5,im1goan5
im-tsí,音子,25,im-chí,im1tsi2,im1chi2
im-phiau,音標,25,im-phiau,im1phiau1,im1phiau1
im-piau,音標,25,im-piau,im1piau1,im1piau1
im-tsat,音節,25,im-chat,im1tsat4,im1chat4
im-siann,音聲,25,im-siaⁿ,im1siann1,im1siann1
im-i̍k,音譯,25,im-e̍k,im1ik8,im1ek8
im-piàn,音變,25,im-piàn,im1pian3,im1pian3
im-tsa̍h,音閘,25,im-cha̍h,im1tsah8,im1chah8
ūn-bué,韻尾,25,ūn-bóe,un7bue2,un7boe2
ūn-bó,韻母,25,ūn-bó,un7bo2,un7bo2
ūn-bú,韻母,25,ūn-bú,un7bu2,un7bu2
ūn-lô,韻鑼,25,ūn-lô,un7lo5,un7lo5
hióng-pán,響板,25,hióng-pán,hiong2pan2,hiong2pan2
hiáng-thàu,響透,25,hiáng-thàu,hiang2thau3,hiang2thau3
ia̍h-bīn,頁面,25,ia̍h-bīn,iah8bin7,iah8bin7
tíng-huê,頂回,25,téng-hôe,ting2hue5,teng2hoe5
tíng-pang,頂幫,25,téng-pang,ting2pang1,teng2pang1
tíng-kái,頂改,25,téng-kái,ting2kai2,teng2kai2
tíng-iân,頂沿,25,téng-iân,ting2ian5,teng2ian5
tíng-liû,頂流,25,téng-liû,ting2liu5,teng2liu5
tíng-pîng,頂爿,25,téng-pêng,ting2ping5,teng2peng5
tíng-khuànn,頂看,25,téng-khòaⁿ,ting2khuann3,teng2khoann3
tíng-tsin,頂真,25,téng-chin,ting2tsin1,teng2chin1
tíng-tuan,頂端,25,téng-toan,ting2tuan1,teng2toan1
tíng-tûn,頂脣,25,téng-tûn,ting2tun5,teng2tun5
tíng-sī,頂視,25,téng-sī,ting2si7,teng2si7
sūn-sī,順序,25,sūn-sī,sun7si7,sun7si7
sūn-sū,順序,25,sūn-sū,sun7su7,sun7su7
sūn-tshiong,順昌,25,sūn-chhiong,sun7tshiong1,sun7chhiong1
sīn-pue,順桮,25,sīn-poe,sin7pue1,sin7poe1
sūn-pōo,順步,25,sūn-pō͘,sun7poo7,sun7poo7
ī-iok,預約,25,ī-iok,i7iok4,i7iok4
tùn-tsénn,頓井,25,tùn-chéⁿ,tun3tsenn2,tun3chenn2
tùn-tsínn,頓井,25,tùn-chíⁿ,tun3tsinn2,tun3chinn2
tǹg-ìn,頓印,25,tǹg-ìn,tng3in3,tng3in3
tùn-tsuí,頓水,25,tùn-chúi,tun3tsui2,tun3chui2
tùn-bu̍t,頓物,25,tùn-bu̍t,tun3but8,tun3but8
tǹg-phiò,頓票,25,tǹg-phiò,tng3phio3,tng3phio3
tǹg-hing,頓胸,25,tǹg-heng,tng3hing1,tng3heng1
tùn-siú,頓首,25,tùn-siú,tun3siu2,tun3siu2
tàm-thâu,頕頭,25,tàm-thâu,tam3thau5,tam3thau5
tìm-thâu,頕頭,25,tìm-thâu,tim3thau5,tim3thau5
tòm-thâu,頕頭,25,tòm-thâu,tom3thau5,tom3thau5
niá-tsînn,領錢,25,niá-chîⁿ,nia2tsinn5,nia2chinn5
thâu-lâng,頭人,25,thâu-lâng,thau5lang5,thau5lang5
thâu-tsîng,頭前,25,thâu-chêng,thau5tsing5,thau5cheng5
thâu-tshuì,頭喙,25,thâu-chhùi,thau5tshui3,thau5chhui3
thâu-uî,頭圍,25,thâu-ûi,thau5ui5,thau5ui5
thâu-tiûnn,頭場,25,thâu-tiûⁿ,thau5tiunn5,thau5tiunn5
thâu-jí,頭子,25,thâu-jí,thau5ji2,thau5ji2
thâu-tshùn,頭寸,25,thâu-chhùn,thau5tshun3,thau5chhun3
thâu-bué,頭尾,25,thâu-bóe,thau5bue2,thau5boe2
thâu-ok,頭屋,25,thâu-ok,thau5ok4,thau5ok4
thâu-kang,頭工,25,thâu-kang,thau5kang1,thau5kang1
thâu-tsiap,頭接,25,thâu-chiap,thau5tsiap4,thau5chiap4
thâu-tshah,頭插,25,thâu-chhah,thau5tshah4,thau5chhah4
thâu-pái,頭擺,25,thâu-pái,thau5pai2,thau5pai2
thâu-thuî,頭槌,25,thâu-thûi,thau5thui5,thau5thui5
thâu-khak,頭殼,25,thâu-khak,thau5khak4,thau5khak4
thâu-mn̂g,頭毛,25,thâu-mn̂g,thau5mng5,thau5mng5
thâu-tsióng,頭獎,25,thâu-chióng,thau5tsiong2,thau5chiong2
thâu-puânn,頭盤,25,thâu-pôaⁿ,thau5puann5,thau5poann5
thâu-hîn,頭眩,25,thâu-hîn,thau5hin5,thau5hin5
thâu-tuè,頭綴,25,thâu-tòe,thau5tue3,thau5toe3
thâu-hâm,頭銜,25,thâu-hâm,thau5ham5,thau5ham5
thâu-ia̍h,頭頁,25,thâu-ia̍h,thau5iah8,thau5iah8
thâu-hiunn,頭香,25,thâu-hiuⁿ,thau5hiunn1,thau5hiunn1
ām-khoo,頷箍,25,ām-kho͘,am7khoo1,am7khoo1
ām-kún,頷頸,25,ām-kún,am7kun2,am7kun2
kíng-tsui,頸椎,25,kéng-chui,king2tsui1,keng2chui1
tuê-iân,題緣,25,tôe-iân,tue5ian5,toe5ian5
hia̍h-á,額仔,25,hia̍h-á,hiah8a2,hiah8a2
hia̍h-tsiánn,額𩟗,25,hia̍h-chiáⁿ,hiah8tsiann2,hiah8chiann2
gân-huê,顏回,25,gân-hôe,gan5hue5,gan5hoe5
gân-tì,顏智,25,gân-tì,gan5ti3,gan5ti3
tshuan-hiok,顓頊,25,chhoan-hiok,tshuan1hiok4,chhoan1hiok4
lūi-pia̍t,類別,25,lūi-pia̍t,lui7piat8,lui7piat8
kòo-bōng,顧墓,25,kò͘-bōng,koo3bong7,koo3bong7
kòo-lōo,顧路,25,kò͘-lō͘,koo3loo7,koo3loo7
tsùn-im,顫音,25,chùn-im,tsun3im1,chun3im1
hiánn-tiûnn,顯場,25,hiáⁿ-tiûⁿ,hiann2tiunn5,hiann2tiunn5
jiap-kut,顳骨,25,jiap-kut,jiap4kut4,jiap4kut4
hong-thuân,風傳,25,hong-thoân,hong1thuan5,hong1thoan5
hong-tiām,風恬,25,hong-tiām,hong1tiam7,hong1tiam7
hong-tháng,風桶,25,hong-tháng,hong1thang2,hong1thang2
hong-suí,風水,25,hong-súi,hong1sui2,hong1sui2
hong-tiau,風潮,25,hong-tiau,hong1tiau1,hong1tiau1
hong-kiû,風球,25,hong-kiû,hong1kiu5,hong1kiu5
hong-huān,風範,25,hong-hoān,hong1huan7,hong1hoan7
hong-seh,風說,25,hong-seh,hong1seh4,hong1seh4
hong-suat,風說,25,hong-soat,hong1suat4,hong1soat4
hong-siōng,風象,25,hong-siōng,hong1siong7,hong1siong7
thai-hong,颱風,25,thai-hong,thai1hong1,thai1hong1
phiau-phiat,飄撇,25,phiau-phiat,phiau1phiat4,phiau1phiat4
phiau-liông,飆龍,25,phiau-liông,phiau1liong5,phiau1liong5
hui-kuann,飛官,25,hui-koaⁿ,hui1kuann1,hui1koann1
hui-puânn,飛盤,25,hui-pôaⁿ,hui1puann5,hui1poann5
pue-puânn,飛盤,25,poe-pôaⁿ,pue1puann5,poe1poann5
pue-tsuâ,飛蛇,25,poe-chôa,pue1tsua5,poe1choa5
hui-lûn,飛輪,25,hui-lûn,hui1lun5,hui1lun5
tsia̍h-lâng,食人,25,chia̍h-lâng,tsiah8lang5,chiah8lang5
tsia̍h-thau,食偷,25,chia̍h-thau,tsiah8thau1,chiah8thau1
si̍t-tn̂g,食堂,25,si̍t-tn̂g,sit8tng5,sit8tng5
tsia̍h-thôo,食塗,25,chia̍h-thô͘,tsiah8thoo5,chiah8thoo5
tsia̍h-sái,食屎,25,chia̍h-sái,tsiah8sai2,chiah8sai2
tsia̍h-tshī,食市,25,chia̍h-chhī,tsiah8tshi7,chiah8chhi7
tsia̍h-tàu,食晝,25,chia̍h-tàu,tsiah8tau3,chiah8tau3
tsia̍h-to̍k,食毒,25,chia̍h-to̍k,tsiah8tok8,chiah8tok8
tsia̍h-liâng,食涼,25,chia̍h-liâng,tsiah8liang5,chiah8liang5
tsia̍h-lôo,食爐,25,chia̍h-lô͘,tsiah8loo5,chiah8loo5
tsia̍h-ba̍k,食目,25,chia̍h-ba̍k,tsiah8bak8,chiah8bak8
tsia̍h-tshīng,食穿,25,chia̍h-chhēng,tsiah8tshing7,chiah8chheng7
tsia̍h-kué,食粿,25,chia̍h-kóe,tsiah8kue2,chiah8koe2
tsia̍h-hun,食薰,25,chia̍h-hun,tsiah8hun1,chiah8hun1
tsia̍h-io̍h,食藥,25,chia̍h-io̍h,tsiah8ioh8,chiah8ioh8
tsia̍h-tiān,食電,25,chia̍h-tiān,tsiah8tian7,chiah8tian7
tsia̍h-hong,食風,25,chia̍h-hong,tsiah8hong1,chiah8hong1
tsia̍h-pn̄g,食飯,25,chia̍h-pn̄g,tsiah8png7,chiah8png7
tsia̍h-kinn,食鹼,25,chia̍h-kiⁿ,tsiah8kinn1,chiah8kinn1
tsia̍h-mī,食麵,25,chia̍h-mī,tsiah8mi7,chiah8mi7
pn̄g-ta,飯焦,25,pn̄g-ta,png7ta1,png7ta1
pn̄g-tsian,飯煎,25,pn̄g-chian,png7tsian1,png7chian1
tshī-tsuí,飼水,25,chhī-chúi,tshi7tsui2,chhi7chui2
tshī-tshìng,飼銃,25,chhī-chhèng,tshi7tshing3,chhi7chheng3
pá-înn,飽圓,25,pá-îⁿ,pa2inn5,pa2inn5
pá-lâu,飽流,25,pá-lâu,pa2lau5,pa2lau5
piánn-tshuì,餅碎,25,piáⁿ-chhùi,piann2tshui3,piann2chhui3
piánn-hu,餅麩,25,piáⁿ-hu,piann2hu1,piann2hu1
piánn-kauh,餅𩛩,25,piáⁿ-kauh,piann2kauh4,piann2kauh4
û-iâu,餘姚,25,û-iâu,u5iau5,u5iau5
î-un,餘溫,25,î-un,i5un1,i5un1
û-un,餘溫,25,û-un,u5un1,u5un1
î-tsiòng,餘眾,25,î-chiòng,i5tsiong3,i5chiong3
û-tsiòng,餘眾,25,û-chiòng,u5tsiong3,u5chiong3
kuán-tsàn,館棧,25,koán-chàn,kuan2tsan3,koan2chan3
tho-thiat,饕餮,25,tho-thiat,tho1thiat4,tho1thiat4
sâi-tshuì,饞喙,25,sâi-chhùi,sai5tshui3,sai5chhui3
sâi-tsia̍h,饞食,25,sâi-chia̍h,sai5tsiah8,sai5chiah8
siú-ní,首爾,25,siú-ní,siu2ni2,siu2ni2
hionn-hué,香火,25,hioⁿ-hóe,hionn1hue2,hionn1hoe2
hionn-hé,香火,25,hioⁿ-hé,hionn1he2,hionn1he2
bé-nn̄g,馬卵,25,bé-nn̄g,be2nng7,be2nng7
má-bué,馬尾,25,má-bóe,ma2bue2,ma2boe2
bé-tsháu,馬草,25,bé-chháu,be2tshau2,be2chhau2
má-sài,馬賽,25,má-sài,ma2sai3,ma2sai3
pok-jī,駁二,25,pok-jī,pok4ji7,pok4ji7
poh-tshuì,駁喙,25,poh-chhùi,poh4tshui3,poh4chhui3
poh-huānn,駁岸,25,poh-hōaⁿ,poh4huann7,poh4hoann7
poh-khàm,駁崁,25,poh-khàm,poh4kham3,poh4kham3
tū-tsuí,駐水,25,tū-chúi,tu7tsui2,tu7chui2
tū-iâm,駐鹽,25,tū-iâm,tu7iam5,tu7iam5
gâi-tsînn,騃錢,25,gâi-chîⁿ,gai5tsinn5,gai5chinn5
khiâ-íng,騎湧,25,khiâ-éng,khia5ing2,khia5eng2
phiàn-tshuì,騙喙,25,phiàn-chhùi,phian3tshui3,phian3chhui3
phiàn-tsia̍h,騙食,25,phiàn-chia̍h,phian3tsiah8,phian3chiah8
so-jiáu,騷擾,25,so-jiáu,so1jiau2,so1jiau2
khu-sài,驅使,25,khu-sài,khu1sai3,khu1sai3
khu-tio̍k,驅逐,25,khu-tio̍k,khu1tiok8,khu1tiok8
kiau-thâu,驕頭,25,kiau-thâu,kiau1thau5,kiau1thau5
kiann-sè,驚世,25,kiaⁿ-sè,kiann1se3,kiann1se3
kiann-lâng,驚人,25,kiaⁿ-lâng,kiann1lang5,kiann1lang5
king-hí,驚喜,25,keng-hí,king1hi2,keng1hi2
kiann-hiânn,驚惶,25,kiaⁿ-hiâⁿ,kiann1hiann5,kiann1hiann5
kiann-tshuah,驚掣,25,kiaⁿ-chhoah,kiann1tshuah4,kiann1chhoah4
kiann-kiann,驚驚,25,kiaⁿ-kiaⁿ,kiann1kiann1,kiann1kiann1
ia̍h-thâu,驛頭,25,ia̍h-thâu,iah8thau5,iah8thau5
kut-tshì,骨刺,25,kut-chhì,kut4tshi3,kut4chhi3
kut-la̍t,骨力,25,kut-la̍t,kut4lat8,kut4lat8
kut-puânn,骨盤,25,kut-pôaⁿ,kut4puann5,kut4poann5
kut-hâi,骨骸,25,kut-hâi,kut4hai5,kut4hai5
kái-pinn,骱邊,25,kái-piⁿ,kai2pinn1,kai2pinn1
thé-sut,體恤,25,thé-sut,the2sut4,the2sut4
thé-jīn,體認,25,thé-jīn,the2jin7,the2jin7
ko-khám,高坎,25,ko-khám,ko1kham2,ko1kham2
ko-kiā,高崎,25,ko-kiā,ko1kia7,ko1kia7
ko-bîng,高明,25,ko-bêng,ko1bing5,ko1beng5
ko-kun,高根,25,ko-kun,ko1kun1,ko1kun1
ko-tshiū,高樹,25,ko-chhiū,ko1tshiu7,ko1chhiu7
ko-tíng,高等,25,ko-téng,ko1ting2,ko1teng2
ko-hiông,高雄,25,ko-hiông,ko1hiong5,ko1hiong5
khun-mn̂g,髡毛,25,khun-mn̂g,khun1mng5,khun1mng5
khun-moo,髡毛,25,khun-mo͘,khun1moo1,khun1moo1
khun-huat,髡髮,25,khun-hoat,khun1huat4,khun1hoat4
huat-tsing,髮僧,25,hoat-cheng,huat4tsing1,hoat4cheng1
sang-piánn,鬆餅,25,sang-piáⁿ,sang1piann2,sang1piann2
hôo-tshiu,鬍鬚,25,hô͘-chhiu,hoo5tshiu1,hoo5chhiu1
tàu-tôo,鬥圖,25,tàu-tô͘,tau3too5,tau3too5
tiàu-tah,鬥搭,25,tiàu-tah,tiau3tah4,tiau3tah4
tàu-tah,鬥搭,25,tàu-tah,tau3tah4,tau3tah4
ut-káu,鬱口,25,ut-káu,ut4kau2,ut4kau2
ut-tsu̍t,鬱悴,25,ut-chu̍t,ut4tsut8,ut4chut8
ut-khiau,鬱曲,25,ut-khiau,ut4khiau1,ut4khiau1
ut-tiâu,鬱牢,25,ut-tiâu,ut4tiau5,ut4tiau5
ut-tsìng,鬱症,25,ut-chèng,ut4tsing3,ut4cheng3
kuí-tshuì,鬼喙,25,kúi-chhùi,kui2tshui3,kui2chhui3
kuí-tshe,鬼差,25,kúi-chhe,kui2tshe1,kui2chhe1
kuí-gue̍h,鬼月,25,kúi-goe̍h,kui2gueh8,kui2goeh8
kuí-phìnn,鬼片,25,kúi-phìⁿ,kui2phinn3,kui2phinn3
kuí-ông,鬼王,25,kúi-ông,kui2ong5,kui2ong5
mǹg-sngh,魍魎,25,mǹg-sngh,mng3sngh4,mng3sngh4
mǹg-sǹg,魍魎,25,mǹg-sǹg,mng3sng3,mng3sng3
guī-hong,魏風,25,gūi-hong,gui7hong1,gui7hong1
lî-mūi,魑魅,25,lî-mūi,li5mui7,li5mui7
môo-lú,魔女,25,mô͘-lú,moo5lu2,moo5lu2
môo-ông,魔王,25,mô͘-ông,moo5ong5,moo5ong5
môo-kiànn,魔鏡,25,mô͘-kiàⁿ,moo5kiann3,moo5kiann3
môo-kuí,魔鬼,25,mô͘-kúi,moo5kui2,moo5kui2
hî-niá,魚嶺,25,hî-niá,hi5nia2,hi5nia2
hî-ia̍t,魚擛,25,hî-ia̍t,hi5iat8,hi5iat8
hî-kue̍h,魚橛,25,hî-koe̍h,hi5kueh8,hi5koeh8
hî-káu,魚狗,25,hî-káu,hi5kau2,hi5kau2
hî-kué,魚粿,25,hî-kóe,hi5kue2,hi5koe2
hî-tsìnn,魚糋,25,hî-chìⁿ,hi5tsinn3,hi5chinn3
hî-póo,魚脯,25,hî-pó͘,hi5poo2,hi5poo2
hû-póo,魚脯,25,hû-pó͘,hu5poo2,hu5poo2
hî-lám,魚腩,25,hî-lám,hi5lam2,hi5lam2
hû-lám,魚腩,25,hû-lám,hu5lam2,hu5lam2
hî-kak,魚角,25,hî-kak,hi5kak4,hi5kak4
lóo-sian,魯仙,25,ló͘-sian,loo2sian1,loo2sian1
lóo-tsuâ,魯蛇,25,ló͘-chôa,loo2tsua5,loo2choa5
lóo-sô,魯趖,25,ló͘-sô,loo2so5,loo2so5
lóo-kha,魯跤,25,ló͘-kha,loo2kha1,loo2kha1
koo-tai,鮕鮘,25,ko͘-tai,koo1tai1,koo1tai1
lí-siânn,鯉城,25,lí-siâⁿ,li2siann5,li2siann5
tshun-hî,鰆魚,25,chhun-hî,tshun1hi5,chhun1hi5
thuah-se,鰨紗,25,thoah-se,thuah4se1,thoah4se1
pih-kang,鱉公,25,pih-kang,pih4kang1,pih4kang1
pih-bú,鱉母,25,pih-bú,pih4bu2,pih4bu2
hāu-sia̍h,鱟杓,25,hāu-sia̍h,hau7siah8,hau7siah8
hǎu-hǐa,鱟桸,25,hǎu-hiǎ,hau6hia6,hau6hia6
hāu-liú,鱟鈕,25,hāu-liú,hau7liu2,hau7liu2
lē-hî,鱧魚,25,lē-hî,le7hi5,le7hi5
go̍k-bé,鱷馬,25,go̍k-bé,gok8be2,gok8be2
kho̍k-hî,鱷魚,25,kho̍k-hî,khok8hi5,khok8hi5
kho̍k-hû,鱷魚,25,kho̍k-hû,khok8hu5,khok8hu5
tsiáu-á,鳥仔,25,chiáu-á,tsiau2a2,chiau2a2
tsiáu-kak,鳥鵤,25,chiáu-kak,tsiau2kak4,chiau2kak4
hōng-gán,鳳眼,25,hōng-gán,hong7gan2,hong7gan2
hōng-lê,鳳螺,25,hōng-lê,hong7le5,hong7le5
hōng-bîng,鳳鳴,25,hōng-bêng,hong7bing5,hong7beng5
koo-n̂g,鴣黃,25,ko͘-n̂g,koo1ng5,koo1ng5
ah-kha,鴨跤,25,ah-kha,ah4kha1,ah4kha1
ah-hîng,鴨雄,25,ah-hêng,ah4hing5,ah4heng5
ah-pà,鴨霸,25,ah-pà,ah4pa3,ah4pa3
ah-kak,鴨鵤,25,ah-kak,ah4kak4,ah4kak4
ka-līng,鵁鴒,25,ka-lēng,ka1ling7,ka1leng7
ka-lǐng,鵁鴒,25,ka-lěng,ka1ling6,ka1leng6
giâ-nn̄g,鵝卵,25,giâ-nn̄g,gia5nng7,gia5nng7
gô-nn̄g,鵝卵,25,gô-nn̄g,go5nng7,go5nng7
giâ-bah,鵝肉,25,giâ-bah,gia5bah4,gia5bah4
gô-bah,鵝肉,25,gô-bah,go5bah4,go5bah4
an-thûn,鵪鶉,25,an-thûn,an1thun5,an1thun5
lāi-hio̍h,鶆鴞,25,lāi-hio̍h,lai7hioh8,lai7hioh8
ho̍h-hn̂g,鶴園,25,ho̍h-hn̂g,hoh8hng5,hoh8hng5
lōo-tsiu,鷺洲,25,lō͘-chiu,loo7tsiu1,loo7chiu1
ing-bú,鸚鵡,25,eng-bú,ing1bu2,eng1bu2
kiâm-tsuí,鹹水,25,kiâm-chúi,kiam5tsui2,kiam5chui2
kiâm-tsháu,鹹草,25,kiâm-chháu,kiam5tshau2,kiam5chhau2
kiâm-tsuí,鹽水,25,kiâm-chúi,kiam5tsui2,kiam5chui2
iâm-sòo,鹽素,25,iâm-sò͘,iam5soo3,iam5soo3
lo̍k-siânn,鹿城,25,lo̍k-siâⁿ,lok8siann5,lok8siann5
lo̍k-liâu,鹿寮,25,lo̍k-liâu,lok8liau5,lok8liau5
lo̍k-buán,鹿滿,25,lo̍k-boán,lok8buan2,lok8boan2
lo̍k-tsháu,鹿草,25,lo̍k-chháu,lok8tshau2,lok8chhau2
lo̍k-kíng,鹿頸,25,lo̍k-kéng,lok8king2,lok8keng2
bî-lo̍k,麋鹿,25,bî-lo̍k,bi5lok8,bi5lok8
lē-tsúi,麗水,25,lē-chúi,le7tsui2,le7chui2
be̍h-liâu,麥寮,25,be̍h-liâu,beh8liau5,beh8liau5
be̍h-tshân,麥田,25,be̍h-chhân,beh8tshan5,beh8chhan5
be̍h-gê,麥芽,25,be̍h-gê,beh8ge5,beh8ge5
pháng-gia̍p,麭業,25,pháng-gia̍p,phang2giap8,phang2giap8
pháng-kiû,麭球,25,pháng-kiû,phang2kiu5,phang2kiu5
pháng-kauh,麭𩛩,25,pháng-kauh,phang2kauh4,phang2kauh4
mī-tshè,麵粞,25,mī-chhè,mi7tshe3,mi7chhe3
mī-kué,麵粿,25,mī-kóe,mi7kue2,mi7koe2
mī-ké,麵粿,25,mī-ké,mi7ke2,mi7ke2
mī-kér,麵粿,25,mī-kér,mi7ker2,mi7ker2
mī-i,麵衣,25,mī-i,mi7i1,mi7i1
mī-sann,麵衫,25,mī-saⁿ,mi7sann1,mi7sann1
mī-thi,麵麶,25,mī-thi,mi7thi1,mi7thi1
muâ-á,麻仔,25,môa-á,mua5a2,moa5a2
má-tsih,麻吉,25,má-chih,ma2tsih4,ma2chih4
muâ-kôo,麻糊,25,môa-kô͘,mua5koo5,moa5koo5
muâ-ínn,麻芛,25,môa-íⁿ,mua5inn2,moa5inn2
bâ-lua̍h,麻辣,25,bâ-loa̍h,ba5luah8,ba5loah8
hông-giâm,黃岩,25,hông-giâm,hong5giam5,hong5giam5
n̂g-tè,黃帝,25,n̂g-tè,ng5te3,ng5te3
n̂g-tsia̍p,黃捷,25,n̂g-chia̍p,ng5tsiap8,ng5chiap8
n̂g-thán,黃疸,25,n̂g-thán,ng5than2,ng5than2
n̂g-si,黃絲,25,n̂g-si,ng5si1,ng5si1
uînn-si,黃絲,25,ûiⁿ-si,uinn5si1,uinn5si1
n̂g-sng,黃酸,25,n̂g-sng,ng5sng1,ng5sng1
hông-lê,黃鸝,25,hông-lê,hong5le5,hong5le5
n̂g-tiám,黃點,25,n̂g-tiám,ng5tiam2,ng5tiam2
liâm-ka,黏膠,25,liâm-ka,liam5ka1,liam5ka1
liâm-tāu,黏豆,25,liâm-tāu,liam5tau7,liam5tau7
hik-tōng,黑洞,25,hek-tōng,hik4tong7,hek4tong7
hik-pi̍k,黑白,25,hek-pe̍k,hik4pik8,hek4pek8
oo-lián,黑輪,25,o͘-lián,oo1lian2,oo1lian2
bi̍k-ai,默哀,25,be̍k-ai,bik8ai1,bek8ai1
thuh-bûn,黜文,25,thuh-bûn,thuh4bun5,thuh4bun5
thuh-kiû,黜球,25,thuh-kiû,thuh4kiu5,thuh4kiu5
thuh-tshàu,黜臭,25,thuh-chhàu,thuh4tshau3,thuh4chhau3
thuh-ô,黜蚵,25,thuh-ô,thuh4o5,thuh4o5
tiám-tuh,點拄,25,tiám-tuh,tiam2tuh4,tiam2tuh4
tiám-phuat,點撇,25,tiám-phoat,tiam2phuat4,tiam2phoat4
tiám-lù,點攄,25,tiám-lù,tiam2lu3,tiam2lu3
tóng-ú,黨羽,25,tóng-ú,tong2u2,tong2u2
ba̋i-khín,黴菌,25,băi-khín,bai1khin2,bai9khin2
tiánn-phok,鼎phok,25,tiáⁿ-phok,tiann2phok4,tiann2phok4
tiánn-tshíng,鼎筅,25,tiáⁿ-chhéng,tiann2tshing2,tiann2chheng2
kóo-tîng,鼓亭,25,kó͘-têng,koo2ting5,koo2teng5
kóo-san,鼓山,25,kó͘-san,koo2san1,koo2san1
kóo-suann,鼓山,25,kó͘-soaⁿ,koo2suann1,koo2soann1
kóo-lâu,鼓樓,25,kó͘-lâu,koo2lau5,koo2lau5
kóo-tshiûnn,鼓牆,25,kó͘-chhiûⁿ,koo2tshiunn5,koo2chhiunn5
kóo-hong,鼓風,25,kó͘-hong,koo2hong1,koo2hong1
phīnn-khian,鼻圈,25,phīⁿ-khian,phinn7khian1,phinn7khian1
phīnn-tsiam,鼻尖,25,phīⁿ-chiam,phinn7tsiam1,phinn7chiam1
phīnn-tī,鼻痔,25,phīⁿ-tī,phinn7ti7,phinn7ti7
phīnn-khiàu,鼻竅,25,phīⁿ-khiàu,phinn7khiau3,phinn7khiau3
phīnn-ko,鼻膏,25,phīⁿ-ko,phinn7ko1,phinn7ko1
phī-sô,鼻趖,25,phī-sô,phi7so5,phi7so5
phīnn-sô,鼻趖,25,phīⁿ-sô,phinn7so5,phinn7so5
phīnn-kut,鼻骨,25,phīⁿ-kut,phinn7kut4,phinn7kut4
tsê-kok,齊國,25,chê-kok,tse5kok4,che5kok4
tsê-hong,齊風,25,chê-hong,tse5hong1,che5hong1
khí-king,齒弓,25,khí-keng,khi2king1,khi2keng1
khí-puânn,齒盤,25,khí-pôaⁿ,khi2puann5,khi2poann5
khí-tsio̍h,齒石,25,khí-chio̍h,khi2tsioh8,khi2chioh8
khí-kóng,齒管,25,khí-kóng,khi2kong2,khi2kong2
khí-sùann,齒線,25,khí-sòaⁿ,khi2suann3,khi2soann3
giàng-gê,齴牙,25,giàng-gê,giang3ge5,giang3ge5
ak-tsak,齷齪,25,ak-chak,ak4tsak4,ak4chak4
liông-kiā,龍崎,25,liông-kiā,liong5kia7,liong5kia7
lîng-nâ,龍巖,25,lêng-nâ,ling5na5,leng5na5
liông-bûn,龍文,25,liông-bûn,liong5bun5,liong5bun5
liông-tsuân,龍泉,25,liông-choân,liong5tsuan5,liong5choan5
liông-hái,龍海,25,liông-hái,liong5hai2,liong5hai2
liông-iû,龍游,25,liông-iû,liong5iu5,liong5iu5
liông-uan,龍灣,25,liông-oan,liong5uan1,liong5oan1
liông-phuân,龍磐,25,liông-phoân,liong5phuan5,liong5phoan5
liông-be̍h,龍脈,25,liông-be̍h,liong5beh8,liong5beh8
liông-kut,龍骨,25,liông-kut,liong5kut4,liong5kut4
lîng-kut,龍骨,25,lêng-kut,ling5kut4,leng5kut4
ku-á,龜仔,25,ku-á,ku1a2,ku1a2
ku-piah,龜壁,25,ku-piah,ku1piah4,ku1piah4
ku-kuài,龜怪,25,ku-koài,ku1kuai3,ku1koai3
ku-kun,龜根,25,ku-kun,ku1kun1,ku1kun1
ku-sîn,龜神,25,ku-sîn,ku1sin5,ku1sin5
ku-kué,龜粿,25,ku-kóe,ku1kue2,ku1koe2
ku-ké,龜粿,25,ku-ké,ku1ke2,ku1ke2
ku-kér,龜粿,25,ku-kér,ku1ker2,ku1ker2
ku-tsuâ,龜蛇,25,ku-chôa,ku1tsua5,ku1choa5
ku-sîn,龜蠅,25,ku-sîn,ku1sin5,ku1sin5
ku-kòo,龜顧,25,ku-kò͘,ku1koo3,ku1koo3
hân-kiû,球,25,hân-kiû,han5kiu5,han5kiu5
tīng-phànn,𠕇冇,25,tēng-phàⁿ,ting7phann3,teng7phann3
tīng-kó,𠕇果,25,tēng-kó,ting7ko2,teng7ko2
tīng-khak,𠕇殼,25,tēng-khak,ting7khak4,teng7khak4
tīng-tauh,𠕇篤,25,tēng-tauh,ting7tauh4,teng7tauh4
tēng-thé,𠕇體,25,tēng-thé,teng7the2,teng7the2
liô-hue,𠞭花,25,liô-hoe,lio5hue1,lio5hoe1
gâu-lâng,𠢕人,25,gâu-lâng,gau5lang5,gau5lang5
gâu-tsá,𠢕早,25,gâu-chá,gau5tsa2,gau5cha2
gâu-po,𠢕褒,25,gâu-po,gau5po1,gau5po1
gâu-khai,𠢕開,25,gâu-khai,gau5khai1,gau5khai1
kán-á,𡢃仔,25,kán-á,kan2a2,kan2a2
kán-pi,𡢃婢,25,kán-pi,kan2pi1,kan2pi1
kán-pī,𡢃婢,25,kán-pī,kan2pi7,kan2pi7
lān-pha,𡳞脬,25,lān-pha,lan7pha1,lan7pha1
lān-muā,𡳞蔓,25,lān-mōa,lan7mua7,lan7moa7
lān-tsiáu,𡳞鳥,25,lān-chiáu,lan7tsiau2,lan7chiau2
mooh-piah,𢯾壁,25,mo͘h-piah,mooh4piah4,mooh4piah4
mooh-mooh,𢯾𢯾,25,mo͘h-mo͘h,mooh4mooh4,mooh4mooh4
tshuā-pháinn,𤆬歹,25,chhōa-pháiⁿ,tshua7phainn2,chhoa7phainn2
tshuā-pan,𤆬班,25,chhōa-pan,tshua7pan1,chhoa7pan1
tshuā-lōo,𤆬路,25,chhōa-lō͘,tshua7loo7,chhoa7loo7
tshuā-thâu,𤆬頭,25,chhōa-thâu,tshua7thau5,chhoa7thau5
kheh-tuī,𤲍兌,25,kheh-tūi,kheh4tui7,kheh4tui7
khueh-tuī,𤲍兌,25,khoeh-tūi,khueh4tui7,khoeh4tui7
kheh-tse̍h,𤲍截,25,kheh-che̍h,kheh4tseh8,kheh4cheh8
khueh-tsue̍h,𤲍截,25,khoeh-choe̍h,khueh4tsueh8,khoeh4choeh8
siān-neh,𤺪呢,25,siān-neh,sian7neh4,sian7neh4
phín-á,𥰔仔,25,phín-á,phin2a2,phin2a2
thit-thô,𨑨迌,25,thit-thô,thit4tho5,thit4tho5
tshit-thô,𨑨迌,25,chhit-thô,tshit4tho5,chhit4tho5
kauh-kuānn,𩛩汗,25,kauh-kōaⁿ,kauh4kuann7,kauh4koann7
kauh-bông,𩛩雺,25,kauh-bông,kauh4bong5,kauh4bong5
tshio-ko,𪁎膏,25,chhio-ko,tshio1ko1,chhio1ko1
tshio-tiô,𪁎趒,25,chhio-tiô,tshio1tio5,chhio1tio5
tshio-tîo,𪁎趒,25,chhio-tiô,tshio1tio5,chhio1tio5
thun-un,𪎶縕,25,thun-un,thun1un1,thun1un1
huê-nn̄g,𫝻卵,25,hôe-nn̄g,hue5nng7,hoe5nng7
peh-kiā,𬦰崎,25,peh-kiā,peh4kia7,peh4kia7
ha̍p-pa̍k-khì,Ha̍p-pa̍k-khì,16,ha̍p-pa̍k-khì,hap8pak8khi3,hap8pak8khi3
hu̍t-lóo-it,Hu̍t-lóo-it,16,hu̍t-ló͘-it,hut8loo2it4,hut8loo2it4
ka-puà-suá,Ka-puà-suá,16,ka-pòa-sóa,ka1pua3sua2,ka1poa3soa2
khá-sū-khòo,Khá-sū-khòo,16,khá-sū-khò͘,kha2su7khoo3,kha2su7khoo3
ma-khu-to͘h,Ma-khu-to͘h,16,ma-khu-to͘h,ma1khu1to͘h4,ma1khu1tooh4
moo-hí-tooh,Moo-hí-tooh,16,mo͘-hí-to͘h,moo1hi2tooh4,moo1hi2tooh4
thi-siá-tsù,T siá-tsù,16,thi-siá-chù,thi1sia2tsu3,thi1sia2chu3
thāi-lóo-kooh,Thāi-lóo-kooh,16,thāi-ló͘-ko͘h,thai7loo2kooh4,thai7loo2kooh4
tsiù-tse-á,Tsiù tse á,16,chiù-che-á,tsiu3tse1a2,chiu3che1a2
tsu-ná-mih,Tsu-ná-mih,16,chu-ná-mih,tsu1na2mih4,chu1na2mih4
a-lú-mih,a-lú-mih,16,a-lú-mih,a1lu2mih4,a1lu2mih4
a-ní-khih,a-ní-khih,16,a-ní-khih,a1ni2khih4,a1ni2khih4
a̋i-sat-tsuh,a̋i-sat-tsuh,16,ăi-sat-chuh,ai1sat4tsuh4,ai9sat4chuh4
a̍t-sá-lih,a̍t-sá-lih,16,a̍t-sá-lih,at8sa2lih4,at8sa2lih4
ba-lú-buh,ba-lú-buh,16,ba-lú-buh,ba1lu2buh4,ba1lu2buh4
bai-óo-lín,bai-óo-lín,16,bai-ó͘-lín,bai1oo2lin2,bai1oo2lin2
bat-té-lih,bat-té-lih,16,bat-té-lih,bat4te2lih4,bat4te2lih4
ba̋ng-sóo-khóo,ba̋ng-sóo-khóo,16,băng-só͘-khó͘,bang1soo2khoo2,bang9soo2khoo2
ba̍t-té-lih,ba̍t-té-lih,16,ba̍t-té-lih,bat8te2lih4,bat8te2lih4
bi-tá-bín,bi-tá-bín,16,bi-tá-bín,bi1ta2bin2,bi1ta2bin2
bih-luh-tóo,bih-luh 肚,16,bih-luh-tó͘,bih4luh4too2,bih4luh4too2
bo̍k-sìn-gù,bo̍k-sìn-gù,16,bo̍k-sìn-gù,bok8sin3gu3,bok8sin3gu3
bu-là-jià,bu-là-jià,16,bu-là-jià,bu1la3jia3,bu1la3jia3
bu-lá-tsià,bu-lá-tsià,16,bu-lá-chià,bu1la2tsia3,bu1la2chia3
bu-láu-sah,bu-láu-sah,16,bu-láu-sah,bu1lau2sah4,bu1lau2sah4
e-móo-jih,e-móo-jih,16,e-mó͘-jih,e1moo2jih4,e1moo2jih4
e-pú-lóng,e-pú-lóng,16,e-pú-lóng,e1pu2long2,e1pu2long2
ga-sóo-lín,ga-sóo-lín,16,ga-só͘-lín,ga1soo2lin2,ga1soo2lin2
gat-lá-iû,gat-lá-油,16,gat-lá-iû,gat4la2iu5,gat4la2iu5
goo-lú-huh,goo-lú-huh,16,go͘-lú-huh,goo1lu2huh4,goo1lu2huh4
gá-suh-tháng,gá-suh桶,16,gá-suh-tháng,ga2suh4thang2,ga2suh4thang2
ha-sí-khah,ha-sí-khah,16,ha-sí-khah,ha1si2khah4,ha1si2khah4
ha̋n-tóo-luh,ha̋n-tóo-luh,16,hăn-tó͘-luh,han1too2luh4,han9too2luh4
hi-nóo-khih,hi-nóo-khih,16,hi-nó͘-khih,hi1noo2khih4,hi1noo2khih4
hia̋n-tóo-sián,hia̋n-tóo-sián,16,hiăn-tó͘-sián,hian1too2sian2,hian9too2sian2
hoo-lú-bóng,hoo-lú-bóng,16,ho͘-lú-bóng,hoo1lu2bong2,hoo1lu2bong2
hoo-té-luh,hoo-té-luh,16,ho͘-té-luh,hoo1te2luh4,hoo1te2luh4
hu-lóo-king,hu-lóo-間,16,hu-ló͘-keng,hu1loo2king1,hu1loo2keng1
hái-kat-lá,hái-kat-lá,16,hái-kat-lá,hai2kat4la2,hai2kat4la2
hóo-suh-kóng,hóo-suh管,16,hó͘-suh-kóng,hoo2suh4kong2,hoo2suh4kong2
hùn-liān-su,hùn-liān su,16,hùn-liān-su,hun3lian7su1,hun3lian7su1
hō-luh-bóng,hō-luh-bóng,16,hō-luh-bóng,ho7luh4bong2,ho7luh4bong2
i--á,i--á,16,i--á,i1a2,i1a2
i-tshí-gooh,i-tshí-gooh,16,i-chhí-go͘h,i1tshi2gooh4,i1chhi2gooh4
iu-tsí-ián,iu-tsí-ián,16,iu-chí-ián,iu1tsi2ian2,iu1chi2ian2
iân-jín-kah,iân-jín蓋,16,iân-jín-kah,ian5jin2kah4,ian5jin2kah4
ji-lò-sià,ji-lò-sià,16,ji-lò-sià,ji1lo3sia3,ji1lo3sia3
ji-lòo-sià,ji-lòo-sià,16,ji-lò͘-sià,ji1loo3sia3,ji1loo3sia3
ji-lú-bah,ji-lú-bah,16,ji-lú-bah,ji1lu2bah4,ji1lu2bah4
ji-siá-kuh,ji-siá-kuh,16,ji-siá-kuh,ji1sia2kuh4,ji1sia2kuh4
kha-mé-lah,kha-mé-lah,16,kha-mé-lah,kha1me2lah4,kha1me2lah4
khe-tsi-páng,khe-tsi-páng,16,khe-chi-páng,khe1tsi1pang2,khe1chi1pang2
khe-tsiap-puh,khe-tsiap-puh,16,khe-chiap-puh,khe1tsiap4puh4,khe1chiap4puh4
khe-tsí-báng,khe-tsí-báng,16,khe-chí-báng,khe1tsi2bang2,khe1chi2bang2
khi-móo-tsih,khi-móo-tsih,16,khi-mó͘-chih,khi1moo2tsih4,khi1moo2chih4
khoo-lé-lah,khoo-lé-lah,16,kho͘-lé-lah,khoo1le2lah4,khoo1le2lah4
khoo-lé-lù,khoo-lé-lù,16,kho͘-lé-lù,khoo1le2lu3,khoo1le2lu3
khoo-mí-sióng,khoo-mí-sióng,16,kho͘-mí-sióng,khoo1mi2siong2,khoo1mi2siong2
khu-lá-tsih,khu-lá-tsih,16,khu-lá-chih,khu1la2tsih4,khu1la2chih4
khu-lì-mù,khu-lì-mù,16,khu-lì-mù,khu1li3mu3,khu1li3mu3
khu-lí-muh,khu-lí-muh,16,khu-lí-muh,khu1li2muh4,khu1li2muh4
khōng-ku-lí,khōng-ku-lí,16,khōng-ku-lí,khong7ku1li2,khong7ku1li2
khőng-jiak-kuh,khőng-jiak-kuh,16,khŏng-jiak-kuh,khong1jiak4kuh4,khong9jiak4kuh4
khőng-niá-kuh,khőng-niá-kuh,16,khŏng-niá-kuh,khong1nia2kuh4,khong9nia2kuh4
kinn-ka-kê,kinn-ka-kê,16,kiⁿ-ka-kê,kinn1ka1ke5,kinn1ka1ke5
kiuh-siú-á,kiuh 首仔,16,kiuh-siú-á,kiuh4siu2a2,kiuh4siu2a2
la-jí-ooh,la-jí-ooh,16,la-jí-o͘h,la1ji2ooh4,la1ji2ooh4
la-kiat-tooh,la-kiat-tooh,16,la-kiat-to͘h,la1kiat4tooh4,la1kiat4tooh4
la-mè-ǹg,la-mè-ǹg,16,la-mè-ǹg,la1me3ng3,la1me3ng3
la-mú-neh,la-mú-neh,16,la-mú-neh,la1mu2neh4,la1mu2neh4
lam-má-khóng,lam-má-khóng,16,lam-má-khóng,lam1ma2khong2,lam1ma2khong2
lam-á-khóng,lam-á-khóng,16,lam-á-khóng,lam1a2khong2,lam1a2khong2
la̋i-jiòo-bù,la̋i-jiòo-bù,16,lăi-jiò͘-bù,lai1jioo3bu3,lai9jioo3bu3
la̋i-lín-gù,la̋i-lín-gù,16,lăi-lín-gù,lai1lin2gu3,lai9lin2gu3
le-khoo-tòo,le-khoo-tòo,16,le-kho͘-tò͘,le1khoo1too3,le1khoo1too3
li-mó͘-khóng,li-mó͘-khóng,16,li-mó͘-khóng,li1mo͘2khong2,li1moo2khong2
li-á-khah,li-á-khah,16,li-á-khah,li1a2khah4,li1a2khah4
lo-lí-á,lo-lí-仔,16,lo-lí-á,lo1li2a2,lo1li2a2
loo-lái-bà,loo-lái-bà,16,lo͘-lái-bà,loo1lai2ba3,loo1lai2ba3
lán-lîn-pau,lán-lîn-pau,16,lán-lîn-pau,lan2lin5pau1,lan2lin5pau1
lòo-sù-bah,lòo-sù-肉,16,lò͘-sù-bah,loo3su3bah4,loo3su3bah4
lóo-lí-á,lóo-lí-á,16,ló͘-lí-á,loo2li2a2,loo2li2a2
lī-móo-khòng,lī-móo-khòng,16,lī-mó͘-khòng,li7moo2khong3,li7moo2khong3
ma-lá-sóng,ma-lá-sóng,16,ma-lá-sóng,ma1la2song2,ma1la2song2
ma-sà-tsì,ma-sà-tsì,16,ma-sà-chì,ma1sa3tsi3,ma1sa3chi3
me-lí-á,me-lí-á,16,me-lí-á,me1li2a2,me1li2a2
me-lóo-tih,me-lóo-tih,16,me-ló͘-tih,me1loo2tih4,me1loo2tih4
má-khá-lóng,má-khá-lóng,16,má-khá-lóng,ma2kha2long2,ma2kha2long2
mâ-kha-lóng,mâ-kha-lóng,16,mâ-kha-lóng,ma5kha1long2,ma5kha1long2
mé-lóng-pháng,mé-lóng麭,16,mé-lóng-pháng,me2long2phang2,me2long2phang2
ne-kut-tái,ne-kut-tái,16,ne-kut-tái,ne1kut4tai2,ne1kut4tai2
o-lín-gió,o-lín-gió,16,o-lín-gió,o1lin2gio2,o1lin2gio2
oo-bá-sán,oo-bá-sán,16,o͘-bá-sán,oo1ba2san2,oo1ba2san2
oo-jí-sáng,oo-jí-sáng,16,o͘-jí-sáng,oo1ji2sang2,oo1ji2sang2
oo-khà-sàng,oo-khà-sàng,16,o͘-khà-sàng,oo1kha3sang3,oo1kha3sang3
oo-lín-gióo,oo-lín-gióo,16,o͘-lín-gió͘,oo1lin2gioo2,oo1lin2gioo2
oo-nè-sàng,oo-nè-sàng,16,o͘-nè-sàng,oo1ne3sang3,oo1ne3sang3
oo-tóo-bái,oo-tóo-bái,16,o͘-tó͘-bái,oo1too2bai2,oo1too2bai2
pha-tshìn-kò,pha-tshìn-kò,16,pha-chhìn-kò,pha1tshin3ko3,pha1chhin3ko3
pha-tsìn-kòo,pha-tsìn-kòo,16,pha-chìn-kò͘,pha1tsin3koo3,pha1chin3koo3
pha̋-siàn-tòo,pha̋-siàn-tòo,16,phă-siàn-tò͘,pha1sian3too3,pha9sian3too3
phi-á-nooh,phi-á-nooh,16,phi-á-no͘h,phi1a2nooh4,phi1a2nooh4
phok-phok-thn̂g,phok-phok糖,16,phok-phok-thn̂g,phok4phok4thng5,phok4phok4thng5
phū-lōng-kòng,phū-lōng-kòng,16,phū-lōng-kòng,phu7long7kong3,phu7long7kong3
pu-lù-sù,pu-lù-sù,16,pu-lù-sù,pu1lu3su3,pu1lu3su3
sa-khú-lah,sa-khú-lah,16,sa-khú-lah,sa1khu2lah4,sa1khu2lah4
sa-sí-mih,sa-sí-mih,16,sa-sí-mih,sa1si2mih4,sa1si2mih4
sa̋-bì-sù,sa̋-bì-sù,16,să-bì-sù,sa1bi3su3,sa9bi3su3
sa̋m-phú-luh,sa̋m-phú-luh,16,săm-phú-luh,sam1phu2luh4,sam9phu2luh4
se-bí-looh,se-bí-looh,16,se-bí-lo͘h,se1bi2looh4,se1bi2looh4
si-siá-mooh,si-siá-mooh,16,si-siá-mo͘h,si1sia2mooh4,si1sia2mooh4
si-á-geh,si-á-geh,16,si-á-geh,si1a2geh4,si1a2geh4
sio̍k-pháng-kauh,sio̍k-pháng-𩛩,16,sio̍k-pháng-kauh,siok8phang2kauh4,siok8phang2kauh4
sir-lí-pah,sir-lí-pah,16,sir-lí-pah,sir1li2pah4,sir1li2pah4
si̍p-pán-án,si̍p-pán-án,16,si̍p-pán-án,sip8pan2an2,sip8pan2an2
su-khù-tà,su-khù-tà,16,su-khù-tà,su1khu3ta3,su1khu3ta3
su-lit-pah,su-lit-pah,16,su-lit-pah,su1lit4pah4,su1lit4pah4
su-lài-tah,su-lài-tah,16,su-lài-tah,su1lai3tah4,su1lai3tah4
sű-lí-khóng,sű-lí-khóng,16,sŭ-lí-khóng,su1li2khong2,su9li2khong2
tha-khú-sih,tha-khú-sih,16,tha-khú-sih,tha1khu2sih4,tha1khu2sih4
tha-khú-áng,tha-khú-áng,16,tha-khú-áng,tha1khu2ang2,tha1khu2ang2
tha-thá-mih,tha-thá-mih,16,tha-thá-mih,tha1tha2mih4,tha1tha2mih4
the-ní-suh,the-ní-suh,16,the-ní-suh,the1ni2suh4,the1ni2suh4
thia̋n-pú-lah,thia̋n-pú-lah,16,thiăn-pú-lah,thian1pu2lah4,thian9pu2lah4
tho-lu-kî,tho-lu-kî,16,tho-lu-kî,tho1lu1ki5,tho1lu1ki5
thoo-lá-khuh,thoo-lá-khuh,16,tho͘-lá-khuh,thoo1la2khuh4,thoo1la2khuh4
thoo-má-tooh,thoo-má-tooh,16,tho͘-má-to͘h,thoo1ma2tooh4,thoo1ma2tooh4
thí-siat-tsuh,thí-siat-tsuh,16,thí-siat-chuh,thi2siat4tsuh4,thi2siat4chuh4
ua-lú-tsuh,ua-lú-tsuh,16,oa-lú-chuh,ua1lu2tsuh4,oa1lu2chuh4
ua-sá-bih,ua-sá-bih,16,oa-sá-bih,ua1sa2bih4,oa1sa2bih4
uan-iunn-io,uan-iunn 腰,16,oan-iuⁿ-io,uan1iunn1io1,oan1iunn1io1
ua̋i-siat-tsuh,ua̋i-siat-tsuh,16,oăi-siat-chuh,uai1siat4tsuh4,oai9siat4chuh4
á-nī-mè,á-nī-mè,16,á-nī-mè,a2ni7me3,a2ni7me3
ba-lú-bù,バルブ,16,ba-lú-bù,ba1lu2bu3,ba1lu2bu3
ba-lú-hù,バルブ,16,ba-lú-hù,ba1lu2hu3,ba1lu2hu3
hu-lú-góo,フルゴ,16,hu-lú-gó͘,hu1lu2goo2,hu1lu2goo2
phu-lá-kuh,プラグ,16,phu-lá-kuh,phu1la2kuh4,phu1la2kuh4
lân-kam-tsià,㔂甘蔗,16,lân-kam-chià,lan5kam1tsia3,lan5kam1chia3
kap-tsuá-ki,㪉紙機,16,kap-chóa-ki,kap4tsua2ki1,kap4choa2ki1
bái-tshiú-á,䆀手仔,16,bái-chhiú-á,bai2tshiu2a2,bai2chhiu2a2
ló-lí-á,䇭履仔,16,ló-lí-á,lo2li2a2,lo2li2a2
thē-ái-tsúi,䖳仔水,16,thē-ái-chúi,the7ai2tsui2,the7ai2chui2
lìm-tsi̍t-ē,䫐一下,16,lìm-chi̍t-ē,lim3tsit8e7,lim3chit8e7
tsi̍t-thōng-tsînn,一thiōng錢,16,chi̍t-thōng-chîⁿ,tsit8thong7tsinn5,chit8thong7chinn5
tsi̍t-tòng-tsînn,一tòng錢,16,chi̍t-tòng-chîⁿ,tsit8tong3tsinn5,chit8tong3chinn5
tsi̍t-ē-luî,一下雷,16,chi̍t-ē-lûi,tsit8e7lui5,chit8e7lui5
it-put-tsok,一不作,16,it-put-chok,it4put4tsok4,it4put4chok4
tsi̍t-ê-lâng,一个人,16,chi̍t-ê-lâng,tsit8e5lang5,chit8e5lang5
tsi̍t-ê-so,一个挲,16,chi̍t-ê-so,tsit8e5so1,chit8e5so1
it-kiú-khàu,一九扣,16,it-kiú-khàu,it4kiu2khau3,it4kiu2khau3
tsi̍t-lâng-tì,一人智,16,chi̍t-lâng-tì,tsit8lang5ti3,chit8lang5ti3
tsi̍t-hun-tsing,一分鐘,16,chi̍t-hun-cheng,tsit8hun1tsing1,chit8hun1cheng1
it-pí-tiòng,一匕中,16,it-pí-tiòng,it4pi2tiong3,it4pi2tiong3
it-khá-thong,一卡通,16,it-khá-thong,it4kha2thong1,it4kha2thong1
tsi̍t-tshuì-khuì,一喙氣,16,chi̍t-chhùi-khùi,tsit8tshui3khui3,chit8chhui3khui3
tsi̍t-khûn-tsháu,一囷草,16,chi̍t-khûn-chháu,tsit8khun5tshau2,chit8khun5chhau2
tsi̍t-khu-tshân,一坵田,16,chi̍t-khu-chhân,tsit8khu1tshan5,chit8khu1chhan5
tsi̍t-pak-tôo,一幅圖,16,chi̍t-pak-tô͘,tsit8pak4too5,chit8pak4too5
tsi̍t-lia̍h-tn̂g,一掠長,16,chi̍t-lia̍h-tn̂g,tsit8liah8tng5,chit8liah8tng5
tsi̍t-tshok-á,一撮仔,16,chi̍t-chhok-á,tsit8tshok4a2,chit8chhok4a2
it-ki-iô,一枝搖,16,it-ki-iô,it4ki1io5,it4ki1io5
tsi̍t-tiâu-kua,一條歌,16,chi̍t-tiâu-koa,tsit8tiau5kua1,chit8tiau5koa1
tsi̍t-tiâu-tsînn,一條錢,16,chi̍t-tiâu-chîⁿ,tsit8tiau5tsinn5,chit8tiau5chinn5
tsi̍t-pōo-tsha,一步差,16,chi̍t-pō͘-chha,tsit8poo7tsha1,chit8poo7chha1
tsi̍t-tù-tsînn,一注錢,16,chi̍t-tù-chîⁿ,tsit8tu3tsinn5,chit8tu3chinn5
tsi̍t-tsù-hiunn,一炷香,16,chi̍t-chù-hiuⁿ,tsit8tsu3hiunn1,chit8chu3hiunn1
it-lí-thong,一理通,16,it-lí-thong,it4li2thong1,it4li2thong1
tsi̍t-hê-tshân,一畦田,16,chi̍t-hê-chhân,tsit8he5tshan5,chit8he5chhan5
it-huan-tsióng,一番獎,16,it-hoan-chióng,it4huan1tsiong2,it4hoan1chiong2
tsi̍t-pah-khoo,一百箍,16,chi̍t-pah-kho͘,tsit8pah4khoo1,chit8pah4khoo1
tsi̍t-ba̍k-nih,一目𥍉,16,chi̍t-ba̍k-nih,tsit8bak8nih4,chit8bak8nih4
it-ti̍t-leh,一直咧,16,it-ti̍t-leh,it4tit8leh4,it4tit8leh4
tsi̍t-lé-pài,一禮拜,16,chi̍t-lé-pài,tsit8le2pai3,chit8le2pai3
tsi̍t-pit-tsînn,一筆錢,16,chi̍t-pit-chîⁿ,tsit8pit4tsinn5,chit8pit4chinn5
tsi̍t-khoo-lâng,一箍人,16,chi̍t-kho͘-lâng,tsit8khoo1lang5,chit8khoo1lang5
tsi̍t-tsiat-khò,一節課,16,chi̍t-chiat-khò,tsit8tsiat4kho3,chit8chiat4kho3
it-lia̍p-it,一粒一,16,it-lia̍p-it,it4liap8it4,it4liap8it4
tsi̍t-ngauh-hāu,一耦鱟,16,chi̍t-ngauh-hāu,tsit8ngauh4hau7,chit8ngauh4hau7
tsi̍t-pha-hué,一葩火,16,chi̍t-pha-hóe,tsit8pha1hue2,chit8pha1hoe2
tsi̍t-huân-tsi̍t,一還一,16,chi̍t-hoân-chi̍t,tsit8huan5tsit8,chit8hoan5chit8
tsi̍t-khai-sí,一開始,16,chi̍t-khai-sí,tsit8khai1si2,chit8khai1si2
tsi̍t-tīn-lâng,一陣人,16,chi̍t-tīn-lâng,tsit8tin7lang5,chit8tin7lang5
tsi̍t-tsiah-kiánn,一隻囝,16,chi̍t-chiah-kiáⁿ,tsit8tsiah4kiann2,chit8chiah4kiann2
tsi̍t-siú-kua,一首歌,16,chi̍t-siú-koa,tsit8siu2kua1,chit8siu2koa1
tsit-tiám-á,一點仔,16,chit-tiám-á,tsit4tiam2a2,chit4tiam2a2
tsi̍t-tshut-tshài,一齣菜,16,chi̍t-chhut-chhài,tsit8tshut4tshai3,chit8chhut4chhai3
ting-jī-khòo,丁字褲,16,teng-jī-khò͘,ting1ji7khoo3,teng1ji7khoo3
ting-buat-kok,丁抹國,16,teng-boat-kok,ting1buat4kok4,teng1boat4kok4
ting-sī-ting,丁是丁,16,teng-sī-teng,ting1si7ting1,teng1si7teng1
tshit--á,七仔,16,chhit--á,tshit4a2,chhit4a2
tshit-tshái-pit,七彩筆,16,chhit-chhái-pit,tshit4tshai2pit4,chhit4chhai2pit4
tshit-gue̍h-puànn,七月半,16,chhit-goe̍h-pòaⁿ,tshit4gueh8puann3,chhit4goeh8poann3
tshit-gue̍h-bué,七月尾,16,chhit-goe̍h-bóe,tshit4gueh8bue2,chhit4goeh8boe2
tshit--ê,七的,16,chhit--ê,tshit4e5,chhit4e5
tshit-sik-tôo,七色圖,16,chhit-sek-tô͘,tshit4sik4too5,chhit4sek4too5
tshit-hio̍h-lân,七葉蘭,16,chhit-hio̍h-lân,tshit4hioh8lan5,chhit4hioh8lan5
tshit-hō-á,七號仔,16,chhit-hō-á,tshit4ho7a2,chhit4ho7a2
sam-khe-tóng,三K黨,16,sam-khe-tóng,sam1khe1tong2,sam1khe1tong2
sann-put-tíng,三不等,16,saⁿ-put-téng,sann1put4ting2,sann1put4teng2
sann-ê-lâng,三个人,16,saⁿ-ê-lâng,sann1e5lang5,sann1e5lang5
sam-sian-tâi,三仙台,16,sam-sian-tâi,sam1sian1tai5,sam1sian1tai5
sam-ho̍k-thinn,三伏天,16,sam-ho̍k-thiⁿ,sam1hok8thinn1,sam1hok8thinn1
sam-pat-tsi,三八膣,16,sam-pat-chi,sam1pat4tsi1,sam1pat4chi1
sam-pat-hōo,三八雨,16,sam-pat-hō͘,sam1pat4hoo7,sam1pat4hoo7
sann-hun-kiû,三分球,16,saⁿ-hun-kiû,sann1hun1kiu5,sann1hun1kiu5
sann-tsa̍p-thóng,三十捅,16,saⁿ-cha̍p-thóng,sann1tsap8thong2,sann1chap8thong2
sann-tsa̍p-mê,三十暝,16,saⁿ-cha̍p-mê,sann1tsap8me5,sann1chap8me5
sann-tsa̍p-mî,三十暝,16,saⁿ-cha̍p-mî,sann1tsap8mi5,sann1chap8mi5
sam-tshe-hô,三叉河,16,sam-chhe-hô,sam1tshe1ho5,sam1chhe1ho5
sann-tshe-hô,三叉河,16,saⁿ-chhe-hô,sann1tshe1ho5,sann1chhe1ho5
sann-ha̍p-it,三合一,16,saⁿ-ha̍p-it,sann1hap8it4,sann1hap8it4
sam-kok-tsì,三國志,16,sam-kok-chì,sam1kok4tsi3,sam1kok4chi3
sam-tē-mn̂g,三地門,16,sam-tē-mn̂g,sam1te7mng5,sam1te7mng5
sann-tè-tshù,三塊厝,16,saⁿ-tè-chhù,sann1te3tshu3,sann1te3chhu3
sam-jī-king,三字經,16,sam-jī-keng,sam1ji7king1,sam1ji7keng1
sam-bi̍t-tsik,三密擠,16,sam-bi̍t-chek,sam1bit8tsik4,sam1bit8chek4
sam-pó-gân,三寶顏,16,sam-pó-gân,sam1po2gan5,sam1po2gan5
sam-bué-gû,三尾牛,16,sam-bóe-gû,sam1bue2gu5,sam1boe2gu5
sann-bué-gû,三尾牛,16,saⁿ-bóe-gû,sann1bue2gu5,sann1boe2gu5
sann-kap-thih,三敆鐵,16,saⁿ-kap-thih,sann1kap4thih4,sann1kap4thih4
sam-bûn-hî,三文魚,16,sam-bûn-hî,sam1bun5hi5,sam1bun5hi5
sann-ji̍t-tseh,三日節,16,saⁿ-ji̍t-cheh,sann1jit8tseh4,sann1jit8cheh4
sann--ge̍h,三月,16,saⁿ--ge̍h,sann1geh8,sann1geh8
sann--gue̍h,三月,16,saⁿ--goe̍h,sann1gueh8,sann1goeh8
sann-gue̍h-tseh,三月節,16,saⁿ-goe̍h-cheh,sann1gueh8tseh4,sann1goeh8cheh4
sam-lîm-tìn,三林鎮,16,sam-lîm-tìn,sam1lim5tin3,sam1lim5tin3
sann-khi-nn̄g,三欺兩,16,saⁿ-khi-nn̄g,sann1khi1nng7,sann1khi1nng7
sann-siau-pēnn,三消病,16,saⁿ-siau-pēⁿ,sann1siau1penn7,sann1siau1penn7
sann-siau-tsìng,三消症,16,saⁿ-siau-chèng,sann1siau1tsing3,sann1siau1cheng3
sann-ba̍k-thih,三目鐵,16,saⁿ-ba̍k-thih,sann1bak8thih4,sann1bak8thih4
sann-tsat-á,三節仔,16,saⁿ-chat-á,sann1tsat4a2,sann1chat4a2
sam-sik-tāu,三色豆,16,sam-sek-tāu,sam1sik4tau7,sam1sek4tau7
sann-kak-tiàm,三角店,16,saⁿ-kak-tiàm,sann1kak4tiam3,sann1kak4tiam3
sann-kak-muê,三角梅,16,saⁿ-kak-môe,sann1kak4mue5,sann1kak4moe5
sann-kak-huat,三角法,16,saⁿ-kak-hoat,sann1kak4huat4,sann1kak4hoat4
sann-kak-ba̍k,三角目,16,saⁿ-kak-ba̍k,sann1kak4bak8,sann1kak4bak8
sann-kak-luè,三角礪,16,saⁿ-kak-lòe,sann1kak4lue3,sann1kak4loe3
sann-kak-lè,三角礪,16,saⁿ-kak-lè,sann1kak4le3,sann1kak4le3
sann-kak-bah,三角肉,16,saⁿ-kak-bah,sann1kak4bah4,sann1kak4bah4
sann-kak-ki,三角肌,16,saⁿ-kak-ki,sann1kak4ki1,sann1kak4ki1
sam-kak-ia̍h,三角蛾,16,sam-kak-ia̍h,sam1kak4iah8,sam1kak4iah8
sann-kak-sin,三角身,16,saⁿ-kak-sin,sann1kak4sin1,sann1kak4sin1
sann-kak-tsǹg,三角鑽,16,saⁿ-kak-chǹg,sann1kak4tsng3,sann1kak4chng3
sann-kak-liông,三角龍,16,saⁿ-kak-liông,sann1kak4liong5,sann1kak4liong5
sam-tiau-kak,三貂角,16,sam-tiau-kak,sam1tiau1kak4,sam1tiau1kak4
sann-kha-á,三跤仔,16,saⁿ-kha-á,sann1kha1a2,sann1kha1a2
sann-kha-bé,三跤馬,16,saⁿ-kha-bé,sann1kha1be2,sann1kha1be2
sann-kha-pih,三跤鱉,16,saⁿ-kha-pih,sann1kha1pih4,sann1kha1pih4
sam-tiông-poo,三重埔,16,sam-tiông-po͘,sam1tiong5poo1,sam1tiong5poo1
sann-tn̄g-tsîng,三頓前,16,saⁿ-tn̄g-chêng,sann1tng7tsing5,sann1tng7cheng5
sann-thâu-tsiáu,三頭鳥,16,saⁿ-thâu-chiáu,sann1thau5tsiau2,sann1thau5chiau2
siōng-ē-kha,上下跤,16,siōng-ē-kha,siong7e7kha1,siong7e7kha1
siōng-tāi-sing,上代先,16,siōng-tāi-seng,siong7tai7sing1,siong7tai7seng1
tshiūnn-tshìn-mooh,上凊瘼,16,chhiūⁿ-chhìn-mo͘h,tshiunn7tshin3mooh4,chhiunn7chhin3mooh4
siōng-hó-sī,上好是,16,siōng-hó-sī,siong7ho2si7,siong7ho2si7
siōng--uì,上尉,16,siōng--ùi,siong7ui3,siong7ui3
siōng-bué-á,上尾仔,16,siōng-bóe-á,siong7bue2a2,siong7boe2a2
siōng-búe-suànn,上尾線,16,siōng-bóe-sòaⁿ,siong7bue2suann3,siong7boe2soann3
tsiūnn-tshè-sóo,上廁所,16,chiūⁿ-chhè-só͘,tsiunn7tshe3soo2,chiunn7chhe3soo2
siōng-buán-puânn,上滿盤,16,siōng-boán-pôaⁿ,siong7buan2puann5,siong7boan2poann5
siōng-phok-kut,上膊骨,16,siōng-phok-kut,siong7phok4kut4,siong7phok4kut4
siōng-kài-gōng,上蓋戇,16,siōng-kài-gōng,siong7kai3gong7,siong7kai3gong7
tsiūnn-lī-tiàu,上離吊,16,chiūⁿ-lī-tiàu,tsiunn7li7tiau3,chiunn7li7tiau3
siâng-thâu-á,上頭仔,16,siâng-thâu-á,siang5thau5a2,siang5thau5a2
sîng-thâu-á,上頭仔,16,sêng-thâu-á,sing5thau5a2,seng5thau5a2
siōng-go̍k-kut,上顎骨,16,siōng-go̍k-kut,siong7gok8kut4,siong7gok8kut4
ē-tsi̍t-ê,下一个,16,ē-chi̍t-ê,e7tsit8e5,e7chit8e5
ē-tsi̍t-iân,下一沿,16,ē-chi̍t-iân,e7tsit8ian5,e7chit8ian5
ē-tsi̍t-tsām,下一站,16,ē-chi̍t-chām,e7tsit8tsam7,e7chit8cham7
hā-ngóo-tê,下午茶,16,hā-ngó͘-tê,ha7ngoo2te5,ha7ngoo2te5
ē-puànn-kang,下半工,16,ē-pòaⁿ-kang,e7puann3kang1,e7poann3kang1
ē-puànn-poo,下半晡,16,ē-pòaⁿ-po͘,e7puann3poo1,e7poann3poo1
ē-pi-thâu,下埤頭,16,ē-pi-thâu,e7pi1thau5,e7pi1thau5
ē-ha̍k-kî,下學期,16,ē-ha̍k-kî,e7hak8ki5,e7hak8ki5
e-tsái-á,下早仔,16,e-chái-á,e1tsai2a2,e1chai2a2
ē-tsái-tshī,下早市,16,ē-chái-chhī,e7tsai2tshi7,e7chai2chhi7
e-tsái-tǹg,下早頓,16,e-chái-tǹg,e1tsai2tng3,e1chai2tng3
e-tsái-pn̄g,下早飯,16,e-chái-pn̄g,e1tsai2png7,e1chai2png7
e-hng-àm,下昏暗,16,e-hng-àm,e1hng1am3,e1hng1am3
ē-tàu-tǹg,下晝頓,16,ē-tàu-tǹg,e7tau3tng3,e7tau3tng3
ē-tàu-pn̄g,下晝飯,16,ē-tàu-pn̄g,e7tau3png7,e7tau3png7
e-poo-tshī,下晡市,16,e-po͘-chhī,e1poo1tshi7,e1poo1chhi7
e-poo-tê,下晡茶,16,e-po͘-tê,e1poo1te5,e1poo1te5
ē-poo-tê,下晡茶,16,ē-po͘-tê,e7poo1te5,e7poo1te5
e-àm-tǹg,下暗頓,16,e-àm-tǹg,e1am3tng3,e1am3tng3
e-àm-pn̄g,下暗飯,16,e-àm-pn̄g,e1am3png7,e1am3png7
hā-tsuí-tō,下水道,16,hā-chúi-tō,ha7tsui2to7,ha7chui2to7
ē-káng-lâng,下港人,16,ē-káng-lâng,e7kang2lang5,e7kang2lang5
ē-lé-pài,下禮拜,16,ē-lé-pài,e7le2pai3,e7le2pai3
hā-kha-liāu,下跤料,16,hā-kha-liāu,ha7kha1liau7,ha7kha1liau7
ē-hâi-kut,下頦骨,16,ē-hâi-kut,e7hai5kut4,e7hai5kut4
put-sú-kuí,不使鬼,16,put-sú-kúi,put4su2kui2,put4su2kui2
put-hàu-tsú,不孝子,16,put-hàu-chú,put4hau3tsu2,put4hau3chu2
put-tit-put,不得不,16,put-tit-put,put4tit4put4,put4tit4put4
put-sîng-suàn,不成蒜,16,put-sêng-soàn,put4sing5suan3,put4seng5soan3
put-tsiap-it,不接一,16,put-chiap-it,put4tsiap4it4,put4chiap4it4
put-kiàn-thian,不見天,16,put-kiàn-thian,put4kian3thian1,put4kian3thian1
put-thong-put,不通不,16,put-thong-put,put4thong1put4,put4thong1put4
put-thong-siâu,不通潲,16,put-thong-siâu,put4thong1siau5,put4thong1siau5
thiú-á-kha,丑仔跤,16,thiú-á-kha,thiu2a2kha1,thiu2a2kha1
sè-kài-pue,世界杯,16,sè-kài-poe,se3kai3pue1,se3kai3poe1
tiong-jī-pēnn,中二病,16,tiong-jī-pēⁿ,tiong1ji7penn7,tiong1ji7penn7
tiong-lī-pīnn,中二病,16,tiong-lī-pīⁿ,tiong1li7pinn7,tiong1li7pinn7
tiong-guân-tseh,中元節,16,tiong-goân-cheh,tiong1guan5tseh4,tiong1goan5cheh4
tiong-kok-kat,中國結,16,tiong-kok-kat,tiong1kok4kat4,tiong1kok4kat4
tiong-kok-uē,中國話,16,tiong-kok-ōe,tiong1kok4ue7,tiong1kok4oe7
tiong-san-lōo,中山路,16,tiong-san-lō͘,tiong1san1loo7,tiong1san1loo7
ting-lūn-á,中崙仔,16,teng-lūn-á,ting1lun7a2,teng1lun7a2
tiong-tsìng-lōo,中正路,16,tiong-chèng-lō͘,tiong1tsing3loo7,tiong1cheng3loo7
tiong-tshim-hang,中深烘,16,tiong-chhim-hang,tiong1tshim1hang1,tiong1chhim1hang1
tiòng-tsuâ-kóo,中蛇蠱,16,tiòng-chôa-kó͘,tiong3tsua5koo2,tiong3choa5koo2
tiong-i-ha̍k,中醫學,16,tiong-i-ha̍k,tiong1i1hak8,tiong1i1hak8
uân-á-kiû,丸仔球,16,oân-á-kiû,uan5a2kiu5,oan5a2kiu5
uân-á-thâng,丸仔蟲,16,oân-á-thâng,uan5a2thang5,oan5a2thang5
tsú-ki-pang,主機枋,16,chú-ki-pang,tsu2ki1pang1,chu2ki1pang1
tsú-tuê-khik,主題曲,16,chú-tôe-khek,tsu2tue5khik4,chu2toe5khek4
tsú-tê-khik,主題曲,16,chú-tê-khek,tsu2te5khik4,chu2te5khek4
tôm-pa-su,丼巴斯,16,tôm-pa-su,tom5pa1su1,tom5pa1su1
ha̍t-tiānn-tio̍h,乏定著,16,ha̍t-tiāⁿ-tio̍h,hat8tiann7tioh8,hat8tiann7tioh8
sîng-ha̍p-á,乘合仔,16,sêng-ha̍p-á,sing5hap8a2,seng5hap8a2
sīng-àm-oo,乘暗烏,16,sēng-àm-o͘,sing7am3oo1,seng7am3oo1
it-thài-hng,乙太坊,16,it-thài-hng,it4thai3hng1,it4thai3hng1
it-thài-hong,乙太坊,16,it-thài-hong,it4thai3hong1,it4thai3hong1
it-thài-pè,乙太幣,16,it-thài-pè,it4thai3pe3,it4thai3pe3
káu-ê-bué,九个尾,16,káu-ê-bóe,kau2e5bue2,kau2e5boe2
kiú-kiú-suàn,九九算,16,kiú-kiú-soàn,kiu2kiu2suan3,kiu2kiu2soan3
káu-hun-á,九份仔,16,káu-hun-á,kau2hun1a2,kau2hun1a2
káu-hūn-á,九份仔,16,káu-hūn-á,kau2hun7a2,kau2hun7a2
káu-tè-tshù,九塊厝,16,káu-tè-chhù,kau2te3tshu3,kau2te3chhu3
káu-bué-kim,九尾金,16,káu-bóe-kim,kau2bue2kim1,kau2boe2kim1
káu-ki-bué,九支尾,16,káu-ki-bóe,kau2ki1bue2,kau2ki1boe2
kiú-hong-tīn,九方陣,16,kiú-hong-tīn,kiu2hong1tin7,kiu2hong1tin7
kiú-kui-khak,九歸殼,16,kiú-kui-khak,kiu2kui1khak4,kiu2kui1khak4
kiú-kiong-siânn,九芎城,16,kiú-kiong-siâⁿ,kiu2kiong1siann5,kiu2kiong1siann5
káu-kàng-hong,九降風,16,káu-kàng-hong,kau2kang3hong1,kau2kang3hong1
káu-kàng-huang,九降風,16,káu-kàng-hoang,kau2kang3huang1,kau2kang3hoang1
káu-tiám-jī,九點二,16,káu-tiám-jī,kau2tiam2ji7,kau2tiam2ji7
kâu--lông,九龍,16,kâu--lông,kau5long5,kau5long5
iā-hó-khì,也好氣,16,iā-hó-khì,ia7ho2khi3,ia7ho2khi3
iā-hó-tshiò,也好笑,16,iā-hó-chhiò,ia7ho2tshio3,ia7ho2chhio3
kan-tsìnn-ke,乾糋雞,16,kan-chìⁿ-ke,kan1tsinn3ke1,kan1chinn3ke1
kan-tsìnn-kue,乾糋雞,16,kan-chìⁿ-koe,kan1tsinn3kue1,kan1chinn3koe1
luān-tsú-giân,亂主言,16,loān-chú-giân,luan7tsu2gian5,loan7chu2gian5
luān-sú-siūnn,亂使想,16,loān-sú-siūⁿ,luan7su2siunn7,loan7su2siunn7
luān-sú-kóng,亂使講,16,loān-sú-kóng,luan7su2kong2,loan7su2kong2
lūan-sú-tsáu,亂使走,16,loān-sú-cháu,luan7su2tsau2,loan7su2chau2
liáu--khì,了去,16,liáu--khì,liau2khi3,liau2khi3
liáu-ke-hué,了家伙,16,liáu-ke-hóe,liau2ke1hue2,liau2ke1hoe2
liáu-tsînn-huè,了錢貨,16,liáu-chîⁿ-hòe,liau2tsinn5hue3,liau2chinn5hoe3
hōo-lâng-tshiánn,予人請,16,hō͘-lâng-chhiáⁿ,hoo7lang5tshiann2,hoo7lang5chhiann2
hōo--lí,予你,16,hō͘--lí,hoo7li2,hoo7li2
hōo-lí-ù,予你焐,16,hō͘-lí-ù,hoo7li2u3,hoo7li2u3
hōo-lí-ut,予你熨,16,hō͘-lí-ut,hoo7li2ut4,hoo7li2ut4
hōo-lí-ioh,予你臆,16,hō͘-lí-ioh,hoo7li2ioh4,hoo7li2ioh4
hōo--guá,予我,16,hō͘--góa,hoo7gua2,hoo7goa2
hōo-guá-tshiánn,予我請,16,hō͘-góa-chhiáⁿ,hoo7gua2tshiann2,hoo7goa2chhiann2
sū-gia̍p-sûn,事業巡,16,sū-gia̍p-sûn,su7giap8sun5,su7giap8sun5
sū-gia̍p-suànn,事業線,16,sū-gia̍p-sòaⁿ,su7giap8suann3,su7giap8soann3
jī-tshit-á,二七仔,16,jī-chhit-á,ji7tshit4a2,ji7chhit4a2
jī-put-hiu,二不休,16,jī-put-hiu,ji7put4hiu1,ji7put4hiu1
jī-káu-mê,二九暝,16,jī-káu-mê,ji7kau2me5,ji7kau2me5
jī-jī-pat,二二八,16,jī-jī-pat,ji7ji7pat4,ji7ji7pat4
jī-gōo-kin,二五斤,16,jī-gō͘-kin,ji7goo7kin1,ji7goo7kin1
jī--gue̍h,二月,16,jī--goe̍h,ji7gueh8,ji7goeh8
jī-tik-uî,二竹圍,16,jī-tek-ûi,ji7tik4ui5,ji7tek4ui5
jī-tsìn-uī,二進位,16,jī-chìn-ūi,ji7tsin3ui7,ji7chin3ui7
jī-huân-jī,二還二,16,jī-hoân-jī,ji7huan5ji7,ji7hoan5ji7
hōo-lī-ū,互利有,16,hō͘-lī-ū,hoo7li7u7,hoo7li7u7
hōo-liân-bāng,互聯網,16,hō͘-liân-bāng,hoo7lian5bang7,hoo7lian5bang7
ngóo-si̍p-lâm,五十嵐,16,ngó͘-si̍p-lâm,ngoo2sip8lam5,ngoo2sip8lam5
gōo-sì-sann,五四三,16,gō͘-sì-saⁿ,goo7si3sann1,goo7si3sann1
ngóo-kuan-khì,五官器,16,ngó͘-koan-khì,ngoo2kuan1khi3,ngoo2koan1khi3
ngóo-tshái-uē,五彩畫,16,ngó͘-chhái-ōe,ngoo2tshai2ue7,ngoo2chhai2oe7
ngóo-tsáng-thâu,五摠頭,16,ngó͘-cháng-thâu,ngoo2tsang2thau5,ngoo2chang2thau5
gōo-ji̍t-tseh,五日節,16,gō͘-ji̍t-cheh,goo7jit8tseh4,goo7jit8cheh4
gōo-gue̍h-thinn,五月天,16,gō͘-goe̍h-thiⁿ,goo7gueh8thinn1,goo7goeh8thinn1
ngóo-liú-ki,五柳居,16,ngó͘-liú-ki,ngoo2liu2ki1,ngoo2liu2ki1
ngóo-liú-ku,五柳居,16,ngó͘-liú-ku,ngoo2liu2ku1,ngoo2liu2ku1
gōo-jiáu-á,五爪仔,16,gō͘-jiáu-á,goo7jiau2a2,goo7jiau2a2
gōo-kha-khì,五跤氣,16,gō͘-kha-khì,goo7kha1khi3,goo7kha1khi3
ngóo-hiang-hún,五香粉,16,ngó͘-hiang-hún,ngoo2hiang1hun2,ngoo2hiang1hun2
a-má-sùn,亞馬遜,16,a-má-sùn,a1ma2sun3,a1ma2sun3
bông-lâng-tseh,亡人節,16,bông-lâng-cheh,bong5lang5tseh4,bong5lang5cheh4
bông-lâng-tsueh,亡人節,16,bông-lâng-choeh,bong5lang5tsueh4,bong5lang5choeh4
bông-kok-lôo,亡國奴,16,bông-kok-lô͘,bong5kok4loo5,bong5kok4loo5
ka-líng-sún,交冷恂,16,ka-léng-sún,ka1ling2sun2,ka1leng2sun2
ka-lún-sún,交懍恂,16,ka-lún-sún,ka1lun2sun2,ka1lun2sun2
kau-thong-tshia,交通車,16,kau-thong-chhia,kau1thong1tshia1,kau1thong1chhia1
jîn-tiong-khí,人中齒,16,jîn-tiong-khí,jin5tiong1khi2,jin5tiong1khi2
jîn-sū-bu̍t,人事物,16,jîn-sū-bu̍t,jin5su7but8,jin5su7but8
jîn-kang-kóo,人公鼓,16,jîn-kang-kó͘,jin5kang1koo2,jin5kang1koo2
jîn-sim-tshîng,人參榕,16,jîn-sim-chhêng,jin5sim1tshing5,jin5sim1chheng5
lâng-ke-li,人家女,16,lâng-ke-li,lang5ke1li1,lang5ke1li1
jîn-tsîng-bī,人情味,16,jîn-chêng-bī,jin5tsing5bi7,jin5cheng5bi7
lâng-pí-lâng,人比人,16,lâng-pí-lâng,lang5pi2lang5,lang5pi2lang5
jîn-bîn-phiò,人民票,16,jîn-bîn-phiò,jin5bin5phio3,jin5bin5phio3
jîn-khì-kua,人氣歌,16,jîn-khì-koa,jin5khi3kua1,jin5khi3koa1
lâng-iân-bái,人緣䆀,16,lâng-iân-bái,lang5ian5bai2,lang5ian5bai2
jîn-tsik-tsìng,人質症,16,jîn-chek-chèng,jin5tsik4tsing3,jin5chek4cheng3
lâng-bīn-tsheh,人面冊,16,lâng-bīn-chheh,lang5bin7tsheh4,lang5bin7chheh4
jîn-jîn-jîn,仁仁仁,16,jîn-jîn-jîn,jin5jin5jin5,jin5jin5jin5
lîn-lîn-lîn,仁仁仁,16,lîn-lîn-lîn,lin5lin5lin5,lin5lin5lin5
kin-á-àm,今仔暗,16,kin-á-àm,kin1a2am3,kin1a2am3
sian-jîn-tsióng,仙人掌,16,sian-jîn-chióng,sian1jin5tsiong2,sian1jin5chiong2
sian-lîn-tsióng,仙人掌,16,sian-lîn-chióng,sian1lin5tsiong2,sian1lin5chiong2
sian-jîn-tsháu,仙人草,16,sian-jîn-chháu,sian1jin5tshau2,sian1jin5chhau2
sian-lîn-tsháu,仙人草,16,sian-lîn-chháu,sian1lin5tshau2,sian1lin5chhau2
sian-pa-tsióng,仙巴掌,16,sian-pa-chióng,sian1pa1tsiong2,sian1pa1chiong2
sian-m̄-thang,仙毋通,16,sian-m̄-thang,sian1m7thang1,sian1m7thang1
kāng-tsi̍t-iūnn,仝一樣,16,kāng-chi̍t-iūⁿ,kang7tsit8iunn7,kang7chit8iunn7
kâng-jī-sènn,仝字姓,16,kâng-jī-sèⁿ,kang5ji7senn3,kang5ji7senn3
kāng-jī-sènn,仝字姓,16,kāng-jī-sèⁿ,kang7ji7senn3,kang7ji7senn3
kāng-sìng-luân,仝性戀,16,kāng-sèng-loân,kang7sing3luan5,kang7seng3loan5
kâng-un-tîng,仝溫重,16,kâng-un-têng,kang5un1ting5,kang5un1teng5
kāng-un-tîng,仝溫重,16,kāng-un-têng,kang7un1ting5,kang7un1teng5
kāng-tshut-thâu,仝齣頭,16,kāng-chhut-thâu,kang7tshut4thau5,kang7chhut4thau5
tāi-thè-kim,代替金,16,tāi-thè-kim,tai7the3kim1,tai7the3kim1
hóng-á-kiánn,仿仔囝,16,hóng-á-kiáⁿ,hong2a2kiann2,hong2a2kiann2
hóng-sing-jîn,仿生人,16,hóng-seng-jîn,hong2sing1jin5,hong2seng1jin5
khì-gia̍p-ka,企業家,16,khì-gia̍p-ka,khi3giap8ka1,khi3giap8ka1
hué-kì-á,伙計仔,16,hóe-kì-á,hue2ki3a2,hoe2ki3a2
pik-lī-hîng,伯利恆,16,pek-lī-hêng,pik4li7hing5,pek4li7heng5
phuānn-lī-bîng,伴侶盟,16,phōaⁿ-lī-bêng,phuann7li7bing5,phoann7li7beng5
tshun-kiu-tuà,伸勼帶,16,chhun-kiu-tòa,tshun1kiu1tua3,chhun1kiu1toa3
sin-khò-kiû,伸課球,16,sin-khò-kiû,sin1kho3kiu5,sin1kho3kiu5
tshun-thâu-siam,伸頭䀐,16,chhun-thâu-siam,tshun1thau5siam1,chhun1thau5siam1
phenn-phoo-la̍p,伻鋪納,16,pheⁿ-pho͘-la̍p,phenn1phoo1lap8,phenn1phoo1lap8
phenn-phoo-hîng,伻鋪還,16,pheⁿ-pho͘-hêng,phenn1phoo1hing5,phenn1phoo1heng5
tī-tó-uī,佇佗位,16,tī-tó-ūi,ti7to2ui7,ti7to2ui7
uī-guân-pè,位元幣,16,ūi-goân-pè,ui7guan5pe3,ui7goan5pe3
uī-guân-tsoo,位元組,16,ūi-goân-cho͘,ui7guan5tsoo1,ui7goan5choo1
uī-guân-tsînn,位元錢,16,ūi-goân-chîⁿ,ui7guan5tsinn5,ui7goan5chinn5
toh-tsi̍t-uī,佗一位,16,toh-chi̍t-ūi,toh4tsit8ui7,toh4chit8ui7
tó-tsi̍t-kang,佗一工,16,tó-chi̍t-kang,to2tsit8kang1,to2chit8kang1
toh-uī-á,佗位仔,16,toh-ūi-á,toh4ui7a2,toh4ui7a2
û-uán-jû,余宛如,16,û-oán-jû,u5uan2ju5,u5oan2ju5
û-uán-lû,余宛如,16,û-oán-lû,u5uan2lu5,u5oan2lu5
û-tshing-hong,余清芳,16,û-chheng-hong,u5tshing1hong1,u5chheng1hong1
hu̍t-lân-se,佛蘭西,16,hu̍t-lân-se,hut8lan5se1,hut8lan5se1
tsò-hué-tsuānn,作伙濺,16,chò-hóe-chōaⁿ,tso3hue2tsuann7,cho3hoe2choann7
lí-khì-sí,你去死,16,lí-khì-sí,li2khi3si2,li2khi3si2
lí-pàng-phuì,你放屁,16,lí-pàng-phùi,li2pang3phui3,li2pang3phui3
lí-tsin-oo,你真烏,16,lí-chin-o͘,li2tsin1oo1,li2chin1oo1
lí-bē-bái,你袂䆀,16,lí-bē-bái,li2be7bai2,li2be7bai2
lí-kóng-siánn,你講啥,16,lí-kóng-siáⁿ,li2kong2siann2,li2kong2siann2
lí-tsiok-suí,你足媠,16,lí-chiok-súi,li2tsiok4sui2,li2chiok4sui2
lí-tsiok-gōng,你足戇,16,lí-chiok-gōng,li2tsiok4gong7,li2chiok4gong7
kah-ì-lí,佮意你,16,kah-ì-lí,kah4i3li2,kah4i3li2
kap-tshâ-thiāu,佮柴柱,16,kap-chhâ-thiāu,kap4tsha5thiau7,kap4chha5thiau7
tènn-tiām-tiām,佯恬恬,16,tèⁿ-tiām-tiām,tenn3tiam7tiam7,tenn3tiam7tiam7
tènn-m̄-tsai,佯毋知,16,tèⁿ-m̄-chai,tenn3m7tsai1,tenn3m7chai1
tìnn-m̄-tsai,佯毋知,16,tìⁿ-m̄-chai,tinn3m7tsai1,tinn3m7chai1
ka-sat-khik,佳薩克,16,ka-sat-khek,ka1sat4khik4,ka1sat4khek4
sái-sìng-tē,使性地,16,sái-sèng-tē,sai2sing3te7,sai2seng3te7
sái-sìng-tsiáu,使性鳥,16,sái-sèng-chiáu,sai2sing3tsiau2,sai2seng3chiau2
sái-lā-tsuí,使抐水,16,sái-lā-chúi,sai2la7tsui2,sai2la7chui2
sú-iōng-lâng,使用人,16,sú-iōng-lâng,su2iong7lang5,su2iong7lang5
sái-ba̍k-tsìnn,使目箭,16,sái-ba̍k-chìⁿ,sai2bak8tsinn3,sai2bak8chinn3
sái-phuà-nuā,使破爛,16,sái-phòa-nōa,sai2phua3nua7,sai2phoa3noa7
i-lāi-tē,依賴地,16,i-lāi-tē,i1lai7te7,i1lai7te7
hâu-peh-liâu,侯伯寮,16,hâu-peh-liâu,hau5peh4liau5,hau5peh4liau5
piān-lī-tah,便利貼,16,piān-lī-tah,pian7li7tah4,pian7li7tah4
piān-áu-í,便拗椅,16,piān-áu-í,pian7au2i2,pian7au2i2
piān-pōo-nā,便步若,16,piān-pō͘-nā,pian7poo7na7,pian7poo7na7
piān-nā-sī,便若是,16,piān-nā-sī,pian7na7si7,pian7na7si7
gô-lô-su,俄羅斯,16,gô-lô-su,go5lo5su1,go5lo5su1
sio̍k-mih-á,俗物仔,16,sio̍k-mih-á,siok8mih4a2,siok8mih4a2
sio̍k-pháng-kauh,俗麭𩛩,16,sio̍k-pháng-kauh,siok8phang2kauh4,siok8phang2kauh4
pó-jîn-siū,保人壽,16,pó-jîn-siū,po2jin5siu7,po2jin5siu7
pó-ke-jī,保家字,16,pó-ke-jī,po2ke1ji7,po2ke1ji7
pó-sènn-miā,保性命,16,pó-sèⁿ-miā,po2senn3mia7,po2senn3mia7
pó-sìnn-miā,保性命,16,pó-sìⁿ-miā,po2sinn3mia7,po2sinn3mia7
pó-tsuí-hiám,保水險,16,pó-chúi-hiám,po2tsui2hiam2,po2chui2hiam2
pó-hué-hiám,保火險,16,pó-hóe-hiám,po2hue2hiam2,po2hoe2hiam2
pó-hé-hiám,保火險,16,pó-hé-hiám,po2he2hiam2,po2he2hiam2
pó-hōo-līng,保護令,16,pó-hō͘-lēng,po2hoo7ling7,po2hoo7leng7
pó-hiám-thò,保險套,16,pó-hiám-thò,po2hiam2tho3,po2hiam2tho3
pó-hiám-thiāu,保險柱,16,pó-hiám-thiāu,po2hiam2thiau7,po2hiam2thiau7
pó-hiám-si,保險絲,16,pó-hiám-si,po2hiam2si1,po2hiam2si1
pó-tshinn-mo̍oh,保鮮膜,16,pó-chhiⁿ-mo̍͘h,po2tshinn1mooh8,po2chhinn1mooh8
sìn-iōng-khah,信用卡,16,sìn-iōng-khah,sin3iong7khah4,sin3iong7khah4
sìn-iōng-phìnn,信用片,16,sìn-iōng-phìⁿ,sin3iong7phinn3,sin3iong7phinn3
sìn-iâ-soo,信耶穌,16,sìn-iâ-so͘,sin3ia5soo1,sin3ia5soo1
siu-tsìng-i̍k,修正液,16,siu-chèng-e̍k,siu1tsing3ik8,siu1cheng3ek8
kò-jîn-tshn̂g,個人床,16,kò-jîn-chhn̂g,ko3jin5tshng5,ko3jin5chhng5
kok-jîn-pâng,個人房,16,kok-jîn-pâng,kok4jin5pang5,kok4jin5pang5
tò-kiu-ting,倒勼燈,16,tò-kiu-teng,to3kiu1ting1,to3kiu1teng1
tò-páinn-tsha,倒反差,16,tò-páiⁿ-chha,to3painn2tsha1,to3painn2chha1
tò-píng-tsha,倒反差,16,tò-péng-chha,to3ping2tsha1,to3peng2chha1
tò-tiàu-hông,倒吊癀,16,tò-tiàu-hông,to3tiau3hong5,to3tiau3hong5
tò--leh,倒咧,16,tò--leh,to3leh4,to3leh4
tò-tshiú-á,倒手仔,16,tò-chhiú-á,to3tshiu2a2,to3chhiu2a2
tò-tshiú-kuat,倒手抉,16,tò-chhiú-koat,to3tshiu2kuat4,to3chhiu2koat4
tò-tshiú-kuái,倒手枴,16,tò-chhiú-koái,to3tshiu2kuai2,to3chhiu2koai2
tò-tshiú-kuāi,倒手枴,16,tò-chhiú-koāi,to3tshiu2kuai7,to3chhiu2koai7
tò-tshiú-kut,倒手骨,16,tò-chhiú-kut,to3tshiu2kut4,to3chhiu2kut4
tò-siàng-hiànn,倒摔向,16,tò-siàng-hiàⁿ,to3siang3hiann3,to3siang3hiann3
tò-pîng-se̍h,倒爿踅,16,tò-pêng-se̍h,to3ping5seh8,to3peng5seh8
tò-khoo-se̍h,倒箍踅,16,tò-kho͘-se̍h,to3khoo1seh8,to3khoo1seh8
tò-ta̍h-sǹg,倒踏算,16,tò-ta̍h-sǹg,to3tah8sng3,to3tah8sng3
tò-nih-tshinn,倒躡青,16,tò-nih-chhiⁿ,to3nih4tshinn1,to3nih4chhinn1
tò-thuè-lu,倒退攄,16,tò-thòe-lu,to3thue3lu1,to3thoe3lu1
tò-thè-lu,倒退攄,16,tò-thè-lu,to3the3lu1,to3the3lu1
tò-thè-hāu,倒退鱟,16,tò-thè-hāu,to3the3hau7,to3the3hau7
tò-thâu-tshah,倒頭插,16,tò-thâu-chhah,to3thau5tshah4,to3thau5chhah4
tò-thâu-tsai,倒頭栽,16,tò-thâu-chai,to3thau5tsai1,to3thau5chai1
tò-thâu-sǹg,倒頭算,16,tò-thâu-sǹg,to3thau5sng3,to3thau5sng3
uá-toh-á,倚桌仔,16,óa-toh-á,ua2toh4a2,oa2toh4a2
uá-thang-á,倚窗仔,16,óa-thang-á,ua2thang1a2,oa2thang1a2
uá-kui-pîng,倚規爿,16,óa-kui-pêng,ua2kui1ping5,oa2kui1peng5
tsioh--guá,借我,16,chioh--góa,tsioh4gua2,chioh4goa2
sông-piah-piah,倯壁壁,16,sông-piah-piah,song5piah4piah4,song5piah4piah4
ké-tuā-pān,假大範,16,ké-tōa-pān,ke2tua7pan7,ke2toa7pan7
ké-hó-sue,假好衰,16,ké-hó-soe,ke2ho2sue1,ke2ho2soe1
ké-bô-ì,假無意,16,ké-bô-ì,ke2bo5i3,ke2bo5i3
ké-hiān-si̍t,假現實,16,ké-hiān-si̍t,ke2hian7sit8,ke2hian7sit8
ké--ê,假的,16,ké--ê,ke2e5,ke2e5
ké-ná-tsin,假若真,16,ké-ná-chin,ke2na2tsin1,ke2na2chin1
guā-tsē-pái,偌濟擺,16,gōa-chē-pái,gua7tse7pai2,goa7che7pai2
guā-tsē-tsînn,偌濟錢,16,gōa-chē-chîⁿ,gua7tse7tsinn5,goa7che7chinn5
phian-khe-khih,偏溪缺,16,phian-khe-khih,phian1khe1khih4,phian1khe1khih4
phian-sit-ji̍t,偏蝕日,16,phian-sit-ji̍t,phian1sit4jit8,phian1sit4jit8
tsò-tsi̍t-tshuì,做一喙,16,chò-chi̍t-chhùi,tso3tsit8tshui3,cho3chit8chhui3
tsò--lâng,做人,16,chò--lâng,tso3lang5,cho3lang5
tsò-kong-tshin,做公親,16,chò-kong-chhin,tso3kong1tshin1,cho3kong1chhin1
tsò-kong-tik,做功德,16,chò-kong-tek,tso3kong1tik4,cho3kong1tek4
tsò-sai-kong,做司公,16,chò-sai-kong,tso3sai1kong1,cho3sai1kong1
tsò-huînn-ê,做園的,16,chò-hûiⁿ-ê,tso3huinn5e5,cho3huinn5e5
tsò-thôo-tsuí,做塗水,16,chò-thô͘-chúi,tso3thoo5tsui2,cho3thoo5chui2
tsò-tuā-tsuí,做大水,16,chò-tōa-chúi,tso3tua7tsui2,cho3toa7chui2
tsò-khang-khuè,做工課,16,chò-khang-khòe,tso3khang1khue3,cho3khang1khoe3
tsuè-khiàu-tiāu,做徼兆,16,chòe-khiàu-tiāu,tsue3khiau3tiau7,choe3khiau3tiau7
tsò-khiàu-tiāu,做徼兆,16,chò-khiàu-tiāu,tso3khiau3tiau7,cho3khiau3tiau7
tsò-hì-khong,做戲悾,16,chò-hì-khong,tso3hi3khong1,cho3hi3khong1
tsò-ē-kàu,做會到,16,chò-ē-kàu,tso3e7kau3,cho3e7kau3
tsò-gue̍h-lâi,做月內,16,chò-goe̍h-lâi,tso3gueh8lai5,cho3goeh8lai5
tsò-ba̍k-ê,做木的,16,chò-ba̍k-ê,tso3bak8e5,cho3bak8e5
tsuè-ua̍h-hì,做活戲,16,chòe-oa̍h-hì,tsue3uah8hi3,choe3oah8hi3
tsò-ua̍h-hì,做活戲,16,chò-oa̍h-hì,tso3uah8hi3,cho3oah8hi3
tsò-sit-ê,做穡的,16,chò-sit-ê,tso3sit4e5,cho3sit4e5
tsò-inn-tînn,做纓纏,16,chò-iⁿ-tîⁿ,tso3inn1tinn5,cho3inn1tinn5
tsò-bah-tiam,做肉砧,16,chò-bah-tiam,tso3bah4tiam1,cho3bah4tiam1
tsuè-bah-piánn,做肉餅,16,chòe-bah-piáⁿ,tsue3bah4piann2,choe3bah4piann2
tsò-bah-piánn,做肉餅,16,chò-bah-piáⁿ,tso3bah4piann2,cho3bah4piann2
tsuè-buē-khì,做袂去,16,chòe-bōe-khì,tsue3bue7khi3,choe3boe7khi3
tsò-bē-khì,做袂去,16,chò-bē-khì,tso3be7khi3,cho3be7khi3
tsò-gī-niū,做議量,16,chò-gī-niū,tso3gi7niu7,cho3gi7niu7
thîng-sio-phīng,停相並,16,thêng-sio-phēng,thing5sio1phing7,theng5sio1pheng7
thîng-tshia-tiûnn,停車場,16,thêng-chhia-tiûⁿ,thing5tshia1tiunn5,theng5chhia1tiunn5
kiān-pó-khah,健保卡,16,kiān-pó-khah,kian7po2khah4,kian7po2khah4
kiān-pó-khá,健保卡,16,kiān-pó-khá,kian7po2kha2,kian7po2kha2
kiān-pó-sú,健保署,16,kiān-pó-sú,kian7po2su2,kian7po2su2
kiān-bōng-tsìng,健忘症,16,kiān-bōng-chèng,kian7bong7tsing3,kian7bong7cheng3
tsing-tshik-khì,偵測器,16,cheng-chhek-khì,tsing1tshik4khi3,cheng1chhek4khi3
thau-lia̍h-ke,偷掠雞,16,thau-lia̍h-ke,thau1liah8ke1,thau1liah8ke1
thau-lia̍h-kue,偷掠雞,16,thau-lia̍h-koe,thau1liah8kue1,thau1liah8koe1
thau-tsáu-luí,偷走壘,16,thau-cháu-lúi,thau1tsau2lui2,thau1chau2lui2
thau-tsáu-pan,偷走班,16,thau-cháu-pan,thau1tsau2pan1,thau1chau2pan1
ka-lé-kuan,傀儡關,16,ka-lé-koan,ka1le2kuan1,ka1le2koan1
tshui-luī-tuânn,催淚彈,16,chhui-lūi-tôaⁿ,tshui1lui7tuann5,chhui1lui7toann5
tshui-bîn-khiok,催眠曲,16,chhui-bîn-khiok,tshui1bin5khiok4,chhui1bin5khiok4
tsui-sok-á,催速仔,16,chui-sok-á,tsui1sok4a2,chui1sok4a2
tshui-sok-khì,催速器,16,chhui-sok-khì,tshui1sok4khi3,chhui1sok4khi3
tsông-gû-tseh,傱牛節,16,chông-gû-cheh,tsong5gu5tseh4,chong5gu5cheh4
thuân-pēnn-báng,傳病蠓,16,thoân-pēⁿ-báng,thuan5penn7bang2,thoan5penn7bang2
thuân-pīnn-báng,傳病蠓,16,thoân-pīⁿ-báng,thuan5pinn7bang2,thoan5pinn7bang2
thuân-sìn-suànn,傳訊線,16,thoân-sìn-sòaⁿ,thuan5sin3suann3,thoan5sin3soann3
thuân-su-suànn,傳輸線,16,thoân-su-sòaⁿ,thuan5su1suann3,thoan5su1soann3
siunn-hàm-kóo,傷譀古,16,siuⁿ-hàm-kó͘,siunn1ham3koo2,siunn1ham3koo2
hiau--lâng,僥人,16,hiau--lâng,hiau1lang5,hiau1lang5
oh-tàu-tīn,僫鬥陣,16,oh-tàu-tīn,oh4tau3tin7,oh4tau3tin7
gām-thâu-kuài,儑頭怪,16,gām-thâu-koài,gam7thau5kuai3,gam7thau5koai3
iu-khik-lân,優克蘭,16,iu-khek-lân,iu1khik4lan5,iu1khek4lan5
iu-lo̍k-ling,優酪乳,16,iu-lo̍k-leng,iu1lok8ling1,iu1lok8leng1
iu-lo̍k-ni,優酪乳,16,iu-lo̍k-ni,iu1lok8ni1,iu1lok8ni1
tshiong-tiān-khì,充電器,16,chhiong-tiān-khì,tshiong1tian7khi3,chhiong1tian7khi3
hiong-sí-phah,兇死拍,16,hiong-sí-phah,hiong1si2phah4,hiong1si2phah4
sing-phín-bîng,先品明,16,seng-phín-bêng,sing1phin2bing5,seng1phin2beng5
sian-ang-á,先尪仔,16,sian-ang-á,sian1ang1a2,sian1ang1a2
sian-senn-á,先生仔,16,sian-seⁿ-á,sian1senn1a2,sian1senn1a2
sian-sinn-niû,先生娘,16,sian-siⁿ-niû,sian1sinn1niu5,sian1sinn1niu5
sian-senn-má,先生媽,16,sian-seⁿ-má,sian1senn1ma2,sian1senn1ma2
sing-hîng-niû,先行糧,16,seng-hêng-niû,sing1hing5niu5,seng1heng5niu5
kng-ha̍p-sîng,光合成,16,kng-ha̍p-sêng,kng1hap8sing5,kng1hap8seng5
kng-bué-tsháu,光尾草,16,kng-bóe-chháu,kng1bue2tshau2,kng1boe2chhau2
kong-bîng-huē,光明會,16,kong-bêng-hōe,kong1bing5hue7,kong1beng5hoe7
kng-khó-suann,光洘山,16,kng-khó-soaⁿ,kng1kho2suann1,kng1kho2soann1
kong-tia̍p-ki,光碟機,16,kong-tia̍p-ki,kong1tiap8ki1,kong1tiap8ki1
kng-siám-siám,光閃閃,16,kng-siám-siám,kng1siam2siam2,kng1siam2siam2
kng-khu̍t-khu̍t,光𣮈𣮈,16,kng-khu̍t-khu̍t,kng1khut8khut8,kng1khut8khut8
kuinn-khu̍t-khu̍t,光𣮈𣮈,16,kuiⁿ-khu̍t-khu̍t,kuinn1khut8khut8,kuinn1khut8khut8
bián-kheh-khì,免客氣,16,bián-kheh-khì,bian2kheh4khi3,bian2kheh4khi3
bián-suè-phín,免稅品,16,bián-sòe-phín,bian2sue3phin2,bian2soe3phin2
bián-sè-jī,免細膩,16,bián-sè-jī,bian2se3ji7,bian2se3ji7
jî-tông-kio̍k,兒童局,16,jî-tông-kio̍k,ji5tong5kiok8,ji5tong5kiok8
lî-tông-kio̍k,兒童局,16,lî-tông-kio̍k,li5tong5kiok8,li5tong5kiok8
thòo-gá-suh,兔gá-suh,16,thò͘-gá-suh,thoo3ga2suh4,thoo3ga2suh4
ji̍p-lâi-tsē,入來坐,16,ji̍p-lâi-chē,jip8lai5tse7,jip8lai5che7
ji̍p-jī-huat,入字法,16,ji̍p-jī-hoat,jip8ji7huat4,jip8ji7hoat4
ji̍p-sió-ha̍k,入小學,16,ji̍p-sió-ha̍k,jip8sio2hak8,jip8sio2hak8
ji̍p-iù-ha̍k,入幼學,16,ji̍p-iù-ha̍k,jip8iu3hak8,jip8iu3hak8
ji̍p-lê-tiān,入螺鈿,16,ji̍p-lê-tiān,jip8le5tian7,jip8le5tian7
lāi-kah-á,內䘥仔,16,lāi-kah-á,lai7kah4a2,lai7kah4a2
lāi-suann-sông,內山倯,16,lāi-soaⁿ-sông,lai7suann1song5,lai7soann1song5
lāi-té-tsē,內底坐,16,lāi-té-chē,lai7te2tse7,lai7te2che7
lāi-té-tsia̍h,內底食,16,lāi-té-chia̍h,lai7te2tsiah8,lai7te2chiah8
lāi-tshiâ-sī,內斜視,16,lāi-chhiâ-sī,lai7tshia5si7,lai7chhia5si7
lāi-hái-á,內海仔,16,lāi-hái-á,lai7hai2a2,lai7hai2a2
lāi-hm̂-poo,內茅埔,16,lāi-hm̂-po͘,lai7hm5poo1,lai7hm5poo1
luē-hua-ta̍t,內華達,16,lōe-hoa-ta̍t,lue7hua1tat8,loe7hoa1tat8
lāi-sī-kiànn,內視鏡,16,lāi-sī-kiàⁿ,lai7si7kiann3,lai7si7kiann3
lāi-tîng-sûn,內重巡,16,lāi-têng-sûn,lai7ting5sun5,lai7teng5sun5
tsuân-sè-kài,全世界,16,choân-sè-kài,tsuan5se3kai3,choan5se3kai3
tsuân-sit-ji̍t,全失日,16,choân-sit-ji̍t,tsuan5sit4jit8,choan5sit4jit8
tsuân-sit-ji̍t,全蝕日,16,choân-sit-ji̍t,tsuan5sit4jit8,choan5sit4jit8
tsuân-bīn-tik,全面的,16,choân-bīn-tek,tsuan5bin7tik4,choan5bin7tek4
nn̄g-hiann-tī,兩兄弟,16,nn̄g-hiaⁿ-tī,nng7hiann1ti7,nng7hiann1ti7
nn̄g-khi-it,兩欺一,16,nn̄g-khi-it,nng7khi1it4,nng7khi1it4
nn̄g-tshìn-puànn,兩秤半,16,nn̄g-chhìn-pòaⁿ,nng7tshin3puann3,nng7chhin3poann3
nn̄g-bān-gōo,兩萬五,16,nn̄g-bān-gō͘,nng7ban7goo7,nng7ban7goo7
nn̄g-tǹg-āu,兩頓後,16,nn̄g-tǹg-āu,nng7tng3au7,nng7tng3au7
pat-sian-kó,八仙果,16,pat-sian-kó,pat4sian1ko2,pat4sian1ko2
pat-kuà-hông,八卦紅,16,pat-kòa-hông,pat4kua3hong5,pat4koa3hong5
pat-pó-thng,八寶湯,16,pat-pó-thng,pat4po2thng1,pat4po2thng1
peh-táu-á,八斗仔,16,peh-táu-á,peh4tau2a2,peh4tau2a2
peh-kha-hî,八跤魚,16,peh-kha-hî,peh4kha1hi5,peh4kha1hi5
pat-lí-sa,八里沙,16,pat-lí-sa,pat4li2sa1,pat4li2sa1
kong-tsú-phō,公主抱,16,kong-chú-phō,kong1tsu2pho7,kong1chu2pho7
kong-kau-tshia,公交車,16,kong-kau-chhia,kong1kau1tshia1,kong1kau1chhia1
kong-pòo-lân,公佈欄,16,kong-pò͘-lân,kong1poo3lan5,kong1poo3lan5
kong-bū-uân,公務員,16,kong-bū-oân,kong1bu7uan5,kong1bu7oan5
kong-kò-lân,公告欄,16,kong-kò-lân,kong1ko3lan5,kong1ko3lan5
kong-ka-tsè,公家債,16,kong-ka-chè,kong1ka1tse3,kong1ka1che3
kong-ke-la̍p,公家納,16,kong-ke-la̍p,kong1ke1lap8,kong1ke1lap8
kong-tsìng-si,公眾私,16,kong-chèng-si,kong1tsing3si1,kong1cheng3si1
kong-thiann-huē,公聽會,16,kong-thiaⁿ-hōe,kong1thiann1hue7,kong1thiann1hoe7
kong-tshia-liông,公車龍,16,kong-chhia-liông,kong1tshia1liong5,kong1chhia1liong5
la̍k-ê-ba̍k,六个目,16,la̍k-ê-ba̍k,lak8e5bak8,lak8e5bak8
la̍k-bué-âng,六尾紅,16,la̍k-bóe-âng,lak8bue2ang5,lak8boe2ang5
la̍k-ki-bué,六支尾,16,la̍k-ki-bóe,lak8ki1bue2,lak8ki1boe2
la̍k-kènn-tshn̂g,六桱床,16,la̍k-kèⁿ-chhn̂g,lak8kenn3tshng5,lak8kenn3chhng5
la̍k-kìnn-tshn̂g,六桱床,16,la̍k-kìⁿ-chhn̂g,lak8kinn3tshng5,lak8kinn3chhng5
la̍k-kak-suànn,六角傘,16,la̍k-kak-sòaⁿ,lak8kak4suann3,lak8kak4soann3
la̍k-kak-sán,六角散,16,la̍k-kak-sán,lak8kak4san2,lak8kak4san2
la̍k-liân-la̍k,六連六,16,la̍k-liân-la̍k,lak8lian5lak8,lak8lian5lak8
kā-lâng-tiau,共人刁,16,kā-lâng-tiau,ka7lang5tiau1,ka7lang5tiau1
kā-lâng-siânn,共人唌,16,kā-lâng-siâⁿ,ka7lang5siann5,ka7lang5siann5
kā-lâng-phngh,共人嗙,16,kā-lâng-phngh,ka7lang5phngh4,ka7lang5phngh4
kiōng-sán-tóng,共產黨,16,kiōng-sán-tóng,kiong7san2tong2,kiong7san2tong2
ping-á-phuānn,兵仔伴,16,peng-á-phōaⁿ,ping1a2phuann7,peng1a2phoann7
ping-á-tsiáu,兵仔鳥,16,peng-á-chiáu,ping1a2tsiau2,peng1a2chiau2
ping-khòo-kuān,兵庫縣,16,peng-khò͘-koān,ping1khoo3kuan7,peng1khoo3koan7
jiám-tiōng-kiong,冉仲弓,16,jiám-tiōng-kiong,jiam2tiong7kiong1,jiam2tiong7kiong1
tsheh-kha-tsiah,冊尻脊,16,chheh-kha-chiah,tsheh4kha1tsiah4,chheh4kha1chiah4
tsheh-seh-á,冊楔仔,16,chheh-seh-á,tsheh4seh4a2,chheh4seh4a2
tsheh-lù-á,冊鑢仔,16,chheh-lù-á,tsheh4lu3a2,chheh4lu3a2
tsheh-ku-á,冊龜仔,16,chheh-ku-á,tsheh4ku1a2,chheh4ku1a2
līng--khì,冗去,16,lēng--khì,ling7khi3,leng7khi3
uan-óng-kiû,冤枉球,16,oan-óng-kiû,uan1ong2kiu5,oan1ong2kiu5
bîng-ông-tshenn,冥王星,16,bêng-ông-chheⁿ,bing5ong5tshenn1,beng5ong5chhenn1
tang-kue-suann,冬瓜山,16,tang-koe-soaⁿ,tang1kue1suann1,tang1koe1soann1
tang-kue-thn̂g,冬瓜糖,16,tang-koe-thn̂g,tang1kue1thng5,tang1koe1thng5
tang-tseh-înn,冬節圓,16,tang-cheh-îⁿ,tang1tseh4inn5,tang1cheh4inn5
ping-kî-lîn,冰麒麟,16,peng-kî-lîn,ping1ki5lin5,peng1ki5lin5
líng-tòng-tsiáu,冷凍鳥,16,léng-tòng-chiáu,ling2tong3tsiau2,leng2tong3chiau2
líng-kún-tsuí,冷滾水,16,léng-kún-chúi,ling2kun2tsui2,leng2kun2chui2
líng-tshiò-uē,冷笑話,16,léng-chhiò-ōe,ling2tshio3ue7,leng2chhio3oe7
tshìng-iû-pn̄g,凊油飯,16,chhèng-iû-pn̄g,tshing3iu5png7,chheng3iu5png7
tàng-tsuí-ki,凍水機,16,tàng-chúi-ki,tang3tsui2ki1,tang3chui2ki1
tàng-lōo-tsuí,凍露水,16,tàng-lō͘-chúi,tang3loo7tsui2,tang3loo7chui2
gîng-ok-ok,凝惡惡,16,gêng-ok-ok,ging5ok4ok4,geng5ok4ok4
huân-nā-sī,凡若是,16,hoân-nā-sī,huan5na7si7,hoan5na7si7
khái-suân-mn̂g,凱旋門,16,khái-soân-mn̂g,khai2suan5mng5,khai2soan5mng5
naih-tsi̍t-khut,凹一窟,16,naih-chi̍t-khut,naih4tsit8khut4,naih4chit8khut4
tshut-lâi-kóng,出來講,16,chhut-lâi-kóng,tshut4lai5kong2,chhut4lai5kong2
tshut-khì-sńg,出去耍,16,chhut-khì-sńg,tshut4khi3sng2,chhut4khi3sng2
tshut-su-piáu,出師表,16,chhut-su-piáu,tshut4su1piau2,chhut4su1piau2
tshut-ji̍t-thâu,出日頭,16,chhut-ji̍t-thâu,tshut4jit8thau5,chhut4jit8thau5
tshut-tsuí-tsu,出水珠,16,chhut-chúi-chu,tshut4tsui2tsu1,chhut4chui2chu1
tshut-tsuí-tâng,出水筒,16,chhut-chúi-tâng,tshut4tsui2tang5,chhut4chui2tang5
tshut-muâ-á,出痲仔,16,chhut-môa-á,tshut4mua5a2,chhut4moa5a2
tshut-phia̍h-á,出癖仔,16,chhut-phia̍h-á,tshut4phiah8a2,chhut4phiah8a2
tshut-thâu-thinn,出頭天,16,chhut-thâu-thiⁿ,tshut4thau5thinn1,chhut4thau5thinn1
to-hú-siú,刀斧手,16,to-hú-siú,to1hu2siu2,to1hu2siu2
to-lōo-tshim,刀路深,16,to-lō͘-chhim,to1loo7tshim1,to1loo7chhim1
hun-tan-jī,分單字,16,hun-tan-jī,hun1tan1ji7,hun1tan1ji7
hun-bián-ká,分娩假,16,hun-bián-ká,hun1bian2ka2,hun1bian2ka2
hun-buán-ká,分娩假,16,hun-boán-ká,hun1buan2ka2,hun1boan2ka2
hun-pì-mi̍h,分泌物,16,hun-pì-mi̍h,hun1pi3mih8,hun1pi3mih8
pun-meh-sih,分蜢薛,16,pun-meh-sih,pun1meh4sih4,pun1meh4sih4
tshiat-á-kiû,切仔球,16,chhiat-á-kiû,tshiat4a2kiu5,chhiat4a2kiu5
tshiat-kiat-su,切結書,16,chhiat-kiat-su,tshiat4kiat4su1,chhiat4kiat4su1
táinn-kám-tsîng,刐感情,16,táiⁿ-kám-chêng,tainn2kam2tsing5,tainn2kam2cheng5
hîng-bū-sóo,刑務所,16,hêng-bū-só͘,hing5bu7soo2,heng5bu7soo2
kò-pâi-á,划棑仔,16,kò-pâi-á,ko3pai5a2,ko3pai5a2
kò-huâinn-lâu,划橫流,16,kò-hoâiⁿ-lâu,ko3huainn5lau5,ko3hoainn5lau5
kò-huînn-lâu,划橫流,16,kò-hûiⁿ-lâu,ko3huinn5lau5,ko3huinn5lau5
lia̍t-tiū-bâ,列宙峇,16,lia̍t-tiū-bâ,liat8tiu7ba5,liat8tiu7ba5
tshoo-tiong-sing,初中生,16,chho͘-tiong-seng,tshoo1tiong1sing1,chhoo1tiong1seng1
tshoo-jī-pēnn,初二病,16,chho͘-jī-pēⁿ,tshoo1ji7penn7,chhoo1ji7penn7
thâi-bah-á,刣肉仔,16,thâi-bah-á,thai5bah4a2,thai5bah4a2
bián-kheh-khì,別客氣,16,bián-kheh-khì,bian2kheh4khi3,bian2kheh4khi3
pa̍t-ji̍t-á,別日仔,16,pa̍t-ji̍t-á,pat8jit8a2,pat8jit8a2
lī-piān-tiàm,利便店,16,lī-piān-tiàm,li7pian7tiam3,li7pian7tiam3
lī-lo̍k-hông,利樂皇,16,lī-lo̍k-hông,li7lok8hong5,li7lok8hong5
lī-ti̍k-kán,利澤簡,16,lī-te̍k-kán,li7tik8kan2,li7tek8kan2
kàu--ah,到矣,16,kàu--ah,kau3ah4,kau3ah4
tshì-khak-á,刺殼仔,16,chhì-khak-á,tshi3khak4a2,chhi3khak4a2
tshì-môo-lua̍h,刺毛捋,16,chhì-mô͘-loa̍h,tshi3moo5luah8,chhi3moo5loah8
tshiah-hái-bé,刺海馬,16,chhiah-hái-bé,tshiah4hai2be2,chhiah4hai2be2
tshì-kiû-ti,刺球豬,16,chhì-kiû-ti,tshi3kiu5ti1,chhi3kiu5ti1
tshì-kue-á,刺瓜仔,16,chhì-koe-á,tshi3kue1a2,chhi3koe1a2
tshì-lô-thâng,刺羅蟲,16,chhì-lô-thâng,tshi3lo5thang5,chhi3lo5thang5
tshì-ti-tshí,刺豬鼠,16,chhì-ti-chhí,tshi3ti1tshi2,chhi3ti1chhi2
tshì-tshí-koo,刺鼠菇,16,chhì-chhí-ko͘,tshi3tshi2koo1,chhi3chhi2koo1
tshì-liông-á,刺龍仔,16,chhì-liông-á,tshi3liong5a2,chhi3liong5a2
tshì-liông-kang,刺龍公,16,chhì-liông-kang,tshi3liong5kang1,chhi3liong5kang1
tshì-liông-pē,刺龍爸,16,chhì-liông-pē,tshi3liong5pe7,chhi3liong5pe7
thì-pênn-thâu,剃平頭,16,thì-pêⁿ-thâu,thi3penn5thau5,thi3penn5thau5
tshò-tshiū-á,剉樹仔,16,chhò-chhiū-á,tsho3tshiu7a2,chho3chhiu7a2
sià-sià-kiò,削削叫,16,sià-sià-kiò,sia3sia3kio3,sia3sia3kio3
tsîng-tsi̍t-kang,前一工,16,chêng-chi̍t-kang,tsing5tsit8kang1,cheng5chit8kang1
tsîng-lâng-kiánn,前人囝,16,chêng-lâng-kiáⁿ,tsing5lang5kiann2,cheng5lang5kiann2
pak-tshuì-am,剝喙罨,16,pak-chhùi-am,pak4tshui3am1,pak4chhui3am1
sīn--ê,剩的,16,sīn--ê,sin7e5,sin7e5
tsián-á-ku,剪仔龜,16,chián-á-ku,tsian2a2ku1,chian2a2ku1
tsián-thâu-tsang,剪頭鬃,16,chián-thâu-chang,tsian2thau5tsang1,chian2thau5chang1
tsián-ku-á,剪龜仔,16,chián-ku-á,tsian2ku1a2,chian2ku1a2
hù-tsok-iōng,副作用,16,hù-chok-iōng,hu3tsok4iong7,hu3chok4iong7
kuah-lê-á,割犁仔,16,koah-lê-á,kuah4le5a2,koah4le5a2
kuah-tiū-á,割稻仔,16,koah-tiū-á,kuah4tiu7a2,koah4tiu7a2
kuah-tiū-bué,割稻尾,16,koah-tiū-bóe,kuah4tiu7bue2,koah4tiu7boe2
kuah-ti-bah,割豬肉,16,koah-ti-bah,kuah4ti1bah4,koah4ti1bah4
kuah-tshia-tuann,割車單,16,koah-chhia-toaⁿ,kuah4tshia1tuann1,koah4chhia1toann1
tshòng-siánn-lah,創啥啦,16,chhòng-siáⁿ-lah,tshong3siann2lah4,chhong3siann2lah4
tshòng-siánn-siâu,創啥潲,16,chhòng-siáⁿ-siâu,tshong3siann2siau5,chhong3siann2siau5
tshòng-siánn-mih,創啥物,16,chhòng-siáⁿ-mih,tshong3siann2mih4,chhong3siann2mih4
tshòng-siánn-huè,創啥貨,16,chhòng-siáⁿ-hòe,tshong3siann2hue3,chhong3siann2hoe3
tshòng-khang-kiû,創空球,16,chhòng-khang-kiû,tshong3khang1kiu5,chhong3khang1kiu5
tshòng-pān-jîn,創辦人,16,chhòng-pān-jîn,tshong3pan7jin5,chhong3pan7jin5
khau-tshuì-tshiu,剾喙鬚,16,khau-chhùi-chhiu,khau1tshui3tshiu1,khau1chhui3chhiu1
khau-tshiú-tshìng,剾手銃,16,khau-chhiú-chhèng,khau1tshiu2tshing3,khau1chhiu2chheng3
khau-pa̍t-á,剾菝仔,16,khau-pa̍t-á,khau1pat8a2,khau1pat8a2
khau-pua̍t-á,剾菝仔,16,khau-poa̍t-á,khau1puat8a2,khau1poat8a2
lâu-éng-hok,劉永福,16,lâu-éng-hok,lau5eng2hok4,lau5eng2hok4
lâu-bîng-thuân,劉銘傳,16,lâu-bêng-thoân,lau5bing5thuan5,lau5beng5thoan5
kuè-tsú-siú,劊子手,16,kòe-chú-siú,kue3tsu2siu2,koe3chu2siu2
kuè-tsú-tshiú,劊子手,16,kòe-chú-chhiú,kue3tsu2tshiu2,koe3chu2chhiu2
kuì-tsú-siú,劊子手,16,kùi-chú-siú,kui3tsu2siu2,kui3chu2siu2
kiàm-ing-tsháu,劍英草,16,kiàm-eng-chháu,kiam3ing1tshau2,kiam3eng1chhau2
ke-liáu-kang,加了工,16,ke-liáu-kang,ke1liau2kang1,ke1liau2kang1
ka-hó-iú,加好友,16,ka-hó-iú,ka1ho2iu2,ka1ho2iu2
ka-kang-huì,加工費,16,ka-kang-hùi,ka1kang1hui3,ka1kang1hui3
ka-ná-ta,加拿大,16,ka-ná-ta,ka1na2ta1,ka1na2ta1
ke-hioh-khùn,加歇睏,16,ke-hioh-khùn,ke1hioh4khun3,ke1hioh4khun3
ke-huann-hí,加歡喜,16,ke-hoaⁿ-hí,ke1huann1hi2,ke1hoann1hi2
ke-bô-îng,加無閒,16,ke-bô-êng,ke1bo5ing5,ke1bo5eng5
ke-hiān-si̍t,加現實,16,ke-hiān-si̍t,ke1hian7sit8,ke1hian7sit8
ke-ê-jī,加的字,16,ke-ê-jī,ke1e5ji7,ke1e5ji7
ka-tap-jî,加答兒,16,ka-tap-jî,ka1tap4ji5,ka1tap4ji5
ka-tsì-á,加薦仔,16,ka-chì-á,ka1tsi3a2,ka1chi3a2
ka-la̍h-á,加蚋仔,16,ka-la̍h-á,ka1lah8a2,ka1lah8a2
ka-tshia-kóo,加車股,16,ka-chhia-kó͘,ka1tshia1koo2,ka1chhia1koo2
ka-tsia-tîn,加車藤,16,ka-chia-tîn,ka1tsia1tin5,ka1chia1tin5
kha-tshia-tîn,加車藤,16,kha-chhia-tîn,kha1tshia1tin5,kha1chhia1tin5
ka-thè-suán,加退選,16,ka-thè-soán,ka1the3suan2,ka1the3soan2
ka-sok-tōo,加速度,16,ka-sok-tō͘,ka1sok4too7,ka1sok4too7
tsōo-thiann-khì,助聽器,16,chō͘-thiaⁿ-khì,tsoo7thiann1khi3,choo7thiann1khi3
pu̍t-gâ-lī,勃牙利,16,pu̍t-gâ-lī,put8ga5li7,put8ga5li7
tōng-li̍k-ha̍k,動力學,16,tōng-le̍k-ha̍k,tong7lik8hak8,tong7lek8hak8
tōng-bîng-sû,動名詞,16,tōng-bêng-sû,tong7bing5su5,tong7beng5su5
tōng-bu̍t-phuānn,動物伴,16,tōng-bu̍t-phōaⁿ,tong7but8phuann7,tong7but8phoann7
tōng-lián-tshia,動輪車,16,tōng-lián-chhia,tong7lian2tshia1,tong7lian2chhia1
tōng-lián-tshia,動鏈車,16,tōng-lián-chhia,tong7lian2tshia1,tong7lian2chhia1
tōng-liâm-sua,動黏沙,16,tōng-liâm-soa,tong7liam5sua1,tong7liam5soa1
lô-li̍k-sū,勞力士,16,lô-le̍k-sū,lo5lik8su7,lo5lek8su7
lô-lí-sán,勞里散,16,lô-lí-sán,lo5li2san2,lo5li2san2
sè-uī-jī,勢位字,16,sè-ūi-jī,se3ui7ji7,se3ui7ji7
khiàng-tsa-bóo,勥查某,16,khiàng-cha-bó͘,khiang3tsa1boo2,khiang3cha1boo2
ûn-á-sī,勻仔是,16,ûn-á-sī,un5a2si7,un5a2si7
ûn-uī-jī,勻位字,16,ûn-ūi-jī,un5ui7ji7,un5ui7ji7
kiu-suè-ting,勼細燈,16,kiu-sòe-teng,kiu1sue3ting1,kiu1soe3teng1
kiu-sè-ting,勼細燈,16,kiu-sè-teng,kiu1se3ting1,kiu1se3teng1
pau-á-kiánn,包仔囝,16,pau-á-kiáⁿ,pau1a2kiann2,pau1a2kiann2
pau-á-inn,包仔嬰,16,pau-á-iⁿ,pau1a2inn1,pau1a2inn1
pau-tshuí-kiáu,包水餃,16,pau-chhúi-kiáu,pau1tshui2kiau2,pau1chhui2kiau2
pau-tsuí-kiáu,包水餃,16,pau-chúi-kiáu,pau1tsui2kiau2,pau1chui2kiau2
pau--ê,包的,16,pau--ê,pau1e5,pau1e5
pau-bīn-phuê,包面皮,16,pau-bīn-phôe,pau1bin7phue5,pau1bin7phoe5
hiong-gâ-lī,匈牙利,16,hiong-gâ-lī,hiong1ga5li7,hiong1ga5li7
pû-á-liâu,匏仔寮,16,pû-á-liâu,pu5a2liau5,pu5a2liau5
huà-tsong-phín,化妝品,16,hòa-chong-phín,hua3tsong1phin2,hoa3chong1phin2
huà-tsong-tsuí,化妝水,16,hòa-chong-chúi,hua3tsong1tsui2,hoa3chong1chui2
huà-tsong-king,化妝間,16,hòa-chong-keng,hua3tsong1king1,hoa3chong1keng1
pak-gōo-tóo,北五堵,16,pak-gō͘-tó͘,pak4goo7too2,pak4goo7too2
pak-kiann-uē,北京話,16,pak-kiaⁿ-ōe,pak4kiann1ue7,pak4kiann1oe7
pak-kiann-gí,北京語,16,pak-kiaⁿ-gí,pak4kiann1gi2,pak4kiann1gi2
pak-kiann-ah,北京鴨,16,pak-kiaⁿ-ah,pak4kiann1ah4,pak4kiann1ah4
pak-si-khau,北絲鬮,16,pak-si-khau,pak4si1khau1,pak4si1khau1
pak-mn̂g-sū,北門嶼,16,pak-mn̂g-sū,pak4mng5su7,pak4mng5su7
sî-á-thn̂g,匙仔糖,16,sî-á-thn̂g,si5a2thng5,si5a2thng5
huē-liû-pâi,匯流排,16,hōe-liû-pâi,hue7liu5pai5,hoe7liu5pai5
khu-pia̍t-jī,區別字,16,khu-pia̍t-jī,khu1piat8ji7,khu1piat8ji7
khu-pia̍t-pōo,區別部,16,khu-pia̍t-pō͘,khu1piat8poo7,khu1piat8poo7
khu-tè-liān,區塊鏈,16,khu-tè-liān,khu1te3lian7,khu1te3lian7
khu-kan-tshia,區間車,16,khu-kan-chhia,khu1kan1tshia1,khu1kan1chhia1
tsa̍p-sann-hâng,十三行,16,cha̍p-saⁿ-hâng,tsap8sann1hang5,chap8sann1hang5
si̍p-pat-káu,十八狗,16,si̍p-pat-káu,sip8pat4kau2,sip8pat4kau2
tsa̍p-sì-tiunn,十四張,16,cha̍p-sì-tiuⁿ,tsap8si3tiunn1,chap8si3tiunn1
si̍p-jī-ke,十字街,16,si̍p-jī-ke,sip8ji7ke1,sip8ji7ke1
si̍p-jī-kue,十字街,16,si̍p-jī-koe,sip8ji7kue1,sip8ji7koe1
si̍p-lī-kue,十字街,16,si̍p-lī-koe,sip8li7kue1,sip8li7koe1
si̍p-jī-kun,十字軍,16,si̍p-jī-kun,sip8ji7kun1,sip8ji7kun1
si̍p-lī-kun,十字軍,16,si̍p-lī-kun,sip8li7kun1,sip8li7kun1
si̍p-pán-á,十扳仔,16,si̍p-pán-á,sip8pan2a2,sip8pan2a2
tsa̍p-kènn-tshn̂g,十桱床,16,cha̍p-kèⁿ-chhn̂g,tsap8kenn3tshng5,chap8kenn3chhng5
tsa̍p-kìnn-tshn̂g,十桱床,16,cha̍p-kìⁿ-chhn̂g,tsap8kinn3tshng5,chap8kinn3chhng5
si̍p-kok-bí,十穀米,16,si̍p-kok-bí,sip8kok4bi2,sip8kok4bi2
tshian-tú-tshian,千拄千,16,chhian-tú-chhian,tshian1tu2tshian1,chhian1tu2chhian1
tshian-pún-ing,千本櫻,16,chhian-pún-eng,tshian1pun2ing1,chhian1pun2eng1
tshian-ia̍p-kuān,千葉縣,16,chhian-ia̍p-koān,tshian1iap8kuan7,chhian1iap8koan7
tshian-lí-khu,千里駒,16,chhian-lí-khu,tshian1li2khu1,chhian1li2khu1
sing-kî-tâi,升旗台,16,seng-kî-tâi,sing1ki5tai5,seng1ki5tai5
puànn-the-sí,半䖙死,16,pòaⁿ-the-sí,puann3the1si2,poann3the1si2
puànn-tiong-tn̂g,半中段,16,pòaⁿ-tiong-tn̂g,puann3tiong1tng5,poann3tiong1tng5
puàn-tō-thé,半導體,16,poàn-tō-thé,puan3to7the2,poan3to7the2
puànn-suann-á,半山仔,16,pòaⁿ-soaⁿ-á,puann3suann1a2,poann3soann1a2
puànn-suann-tóo,半山肚,16,pòaⁿ-soaⁿ-tó͘,puann3suann1too2,poann3soann1too2
puànn-suann-io,半山腰,16,pòaⁿ-soaⁿ-io,puann3suann1io1,poann3soann1io1
puànn-mê-á,半暝仔,16,pòaⁿ-mê-á,puann3me5a2,poann3me5a2
puànn-tiâu-miā,半條命,16,pòaⁿ-tiâu-miā,puann3tiau5mia7,poann3tiau5mia7
puànn-kiám-kî,半減期,16,pòaⁿ-kiám-kî,puann3kiam2ki5,poann3kiam2ki5
puànn-si̍k-nn̄g,半熟卵,16,pòaⁿ-se̍k-nn̄g,puann3sik8nng7,poann3sek8nng7
puànn-tshiûnn-á,半牆仔,16,pòaⁿ-chhiûⁿ-á,puann3tshiunn5a2,poann3chhiunn5a2
puànn-lâm-iûnn,半男陽,16,pòaⁿ-lâm-iûⁿ,puann3lam5iunn5,poann3lam5iunn5
puànn-kiânn-tsáu,半行走,16,pòaⁿ-kiâⁿ-cháu,puann3kiann5tsau2,poann3kiann5chau2
puànn-lōo-tsām,半路站,16,pòaⁿ-lō͘-chām,puann3loo7tsam7,poann3loo7cham7
puànn-iam-iûnn,半陰陽,16,pòaⁿ-iam-iûⁿ,puann3iam1iunn5,poann3iam1iunn5
puànn-hiáng-á,半響仔,16,pòaⁿ-hiáng-á,puann3hiang2a2,poann3hiang2a2
puànn-thit-thô,半𨑨迌,16,pòaⁿ-thit-thô,puann3thit4tho5,poann3thit4tho5
toh-îng-thài,卓榮泰,16,toh-êng-thài,toh4ing5thai3,toh4eng5thai3
lâm-ki̍k-tsiu,南極洲,16,lâm-ke̍k-chiu,lam5kik8tsiu1,lam5kek8chiu1
lâm-kan-tn̂g,南竿塘,16,lâm-kan-tn̂g,lam5kan1tng5,lam5kan1tng5
lâm-bông-kóo,南蒙古,16,lâm-bông-kó͘,lam5bong5koo2,lam5bong5koo2
lâm-pōo-lâng,南部人,16,lâm-pō͘-lâng,lam5poo7lang5,lam5poo7lang5
tsiàm-pân-gî,占便宜,16,chiàm-pân-gî,tsiam3pan5gi5,chiam3pan5gi5
tsiam-mái-ka,占買加,16,chiam-mái-ka,tsiam1mai2ka1,chiam1mai2ka1
tsiam-mái-kah,占買甲,16,chiam-mái-kah,tsiam1mai2kah4,chiam1mai2kah4
tsiam-mái-kak,占買角,16,chiam-mái-kak,tsiam1mai2kak4,chiam1mai2kak4
khá-ting-tshia,卡丁車,16,khá-teng-chhia,kha2ting1tshia1,kha2teng1chhia1
khah-mi-ku,卡咪龜,16,khah-mi-ku,khah4mi1ku1,khah4mi1ku1
khah-pí-siù,卡比獸,16,khah-pí-siù,khah4pi2siu3,khah4pi2siu3
báu-sī-báu,卯是卯,16,báu-sī-báu,bau2si7bau2,bau2si7bau2
ìn-jī-ki,印字機,16,ìn-jī-ki,in3ji7ki1,in3ji7ki1
ìn-pán-tiàm,印版店,16,ìn-pán-tiàm,in3pan2tiam3,in3pan2tiam3
ìn-hue-phiò,印花票,16,ìn-hoe-phiò,in3hue1phio3,in3hoe1phio3
tsik-sî-thong,即時通,16,chek-sî-thong,tsik4si5thong1,chek4si5thong1
nn̄g-jîn-soo,卵仁酥,16,nn̄g-jîn-so͘,nng7jin5soo1,nng7jin5soo1
nn̄g-jîn-tsiùnn,卵仁醬,16,nn̄g-jîn-chiùⁿ,nng7jin5tsiunn3,nng7jin5chiunn3
nn̄g-pau-pn̄g,卵包飯,16,nn̄g-pau-pn̄g,nng7pau1png7,nng7pau1png7
nn̄g-pū-á,卵孵仔,16,nn̄g-pū-á,nng7pu7a2,nng7pu7a2
nn̄g-lā-á,卵抐仔,16,nn̄g-lā-á,nng7la7a2,nng7la7a2
nn̄g-tshá-pn̄g,卵炒飯,16,nn̄g-chhá-pn̄g,nng7tsha2png7,nng7chha2png7
nn̄g-tsian-piánn,卵煎餅,16,nn̄g-chian-piáⁿ,nng7tsian1piann2,nng7chian1piann2
nn̄g-sè-pau,卵細胞,16,nn̄g-sè-pau,nng7se3pau1,nng7se3pau1
nn̄g-piánn-tsian,卵餅煎,16,nn̄g-piáⁿ-chian,nng7piann2tsian1,nng7piann2chian1
sià-sì-tsìng,卸世眾,16,sià-sì-chèng,sia3si3tsing3,sia3si3cheng3
eh-lah-sòo,厄垃素,16,eh-lah-sò͘,eh4lah4soo3,eh4lah4soo3
kāu-tshau-huân,厚操煩,16,kāu-chhau-hoân,kau7tshau1huan5,kau7chhau1hoan5
kāu-lē-khê,厚篱㧎,16,kāu-lē-khê,kau7le7khe5,kau7le7khe5
kāu-tsu-liāu,厚資料,16,kāu-chu-liāu,kau7tsu1liau7,kau7chu1liau7
tshù-lāi-ku,厝內龜,16,chhù-lāi-ku,tshu3lai7ku1,chhu3lai7ku1
tshù-bué-tíng,厝尾頂,16,chhù-bóe-téng,tshu3bue2ting2,chhu3boe2teng2
tshù-kín-piān,厝緊便,16,chhù-kín-piān,tshu3kin2pian7,chhu3kin2pian7
tshù-tíng-khí,厝頂起,16,chhù-téng-khí,tshu3ting2khi2,chhu3teng2khi2
tshù-tsiáu-á,厝鳥仔,16,chhù-chiáu-á,tshu3tsiau2a2,chhu3chiau2a2
guân-tshoo-tsiáu,原初鳥,16,goân-chho͘-chiáu,guan5tshoo1tsiau2,goan5chhoo1chiau2
guân-sí-bé,原始碼,16,goân-sí-bé,guan5si2be2,goan5si2be2
guân-tsí-tuānn,原子彈,16,goân-chí-tōaⁿ,guan5tsi2tuann7,goan5chi2toann7
guân-tsí-lîng,原子能,16,goân-chí-lêng,guan5tsi2ling5,goan5chi2leng5
guân-tsí-tsing,原子鐘,16,goân-chí-cheng,guan5tsi2tsing1,goan5chi2cheng1
guân-hîng-tsit,原形質,16,goân-hêng-chit,guan5hing5tsit4,goan5heng5chit4
iàm-si̍t-tsìng,厭食症,16,iàm-si̍t-chèng,iam3sit8tsing3,iam3sit8cheng3
khí--lih,去--lih,16,khí--lih,khi2lih4,khi2lih4
khì-liáu-liáu,去了了,16,khì-liáu-liáu,khi3liau2liau2,khi3liau2liau2
khù-liáu-liáu,去了了,16,khù-liáu-liáu,khu3liau2liau2,khu3liau2liau2
khì-tó-uī,去佗位,16,khì-tó-ūi,khi3to2ui7,khi3to2ui7
khì-piān-sóo,去便所,16,khì-piān-só͘,khi3pian7soo2,khi3pian7soo2
khì-tò-bái,去倒䆀,16,khì-tò-bái,khi3to3bai2,khi3to3bai2
khì-tò-phah,去倒拍,16,khì-tò-phah,khi3to3phah4,khi3to3phah4
khù-tò-phah,去倒拍,16,khù-tò-phah,khu3to3phah4,khu3to3phah4
khì-lín-tau,去恁兜,16,khì-lín-tau,khi3lin2tau1,khi3lin2tau1
khì-sip-ki,去濕機,16,khì-sip-ki,khi3sip4ki1,khi3sip4ki1
sam-á-khuì,參仔氣,16,sam-á-khùi,sam1a2khui3,sam1a2khui3
sim-á-khuì,參仔氣,16,sim-á-khùi,sim1a2khui3,sim1a2khui3
som-á-khuì,參仔氣,16,som-á-khùi,som1a2khui3,som1a2khui3
tsham-sím-tsè,參審制,16,chham-sím-chè,tsham1sim2tse3,chham1sim2che3
tsham-sài-tsiá,參賽者,16,chham-sài-chiá,tsham1sai3tsia2,chham1sai3chia2
tshe-á-kiû,叉仔球,16,chhe-á-kiû,tshe1a2kiu5,chhe1a2kiu5
iú-thuh-peh,友禿伯,16,iú-thuh-peh,iu2thuh4peh4,iu2thuh4peh4
siang-tshe-lōo,双叉路,16,siang-chhe-lō͘,siang1tshe1loo7,siang1chhe1loo7
huán-tōng-phài,反動派,16,hoán-tōng-phài,huan2tong7phai3,hoan2tong7phai3
huán-khòng-kî,反抗期,16,hoán-khòng-kî,huan2khong3ki5,hoan2khong3ki5
huán-lia̍p-tsú,反粒子,16,hoán-lia̍p-chú,huan2liap8tsu2,hoan2liap8chu2
píng-tshia-hî,反車魚,16,péng-chhia-hî,ping2tshia1hi5,peng2chhia1hi5
siū-hāi-tsiá,受害者,16,siū-hāi-chiá,siu7hai7tsia2,siu7hai7chia2
puān-gi̍k-kî,叛逆期,16,poān-ge̍k-kî,puan7gik8ki5,poan7gek8ki5
kháu-bī-bái,口味䆀,16,kháu-bī-bái,khau2bi7bai2,khau2bi7bai2
kháu-tê-i̍k,口蹄疫,16,kháu-tê-e̍k,khau2te5ik8,khau2te5ek8
kóo-tsá-bī,古早味,16,kó͘-chá-bī,koo2tsa2bi7,koo2cha2bi7
kóo-tshing-bîng,古清明,16,kó͘-chheng-bêng,koo2tshing1bing5,koo2chheng1beng5
līng-pái-á,另擺仔,16,lēng-pái-á,ling7pai2a2,leng7pai2a2
tho-gú-tiûnn,叨語場,16,tho-gú-tiûⁿ,tho1gu2tiunn5,tho1gu2tiunn5
kiò-tiān-uē,叫電話,16,kiò-tiān-ōe,kio3tian7ue7,kio3tian7oe7
tiàu-ji̍t-á,召日仔,16,tiàu-ji̍t-á,tiau3jit8a2,tiau3jit8a2
khóo-kiat-toh,可吉卓,16,khó͘-kiat-toh,khoo2kiat4toh4,khoo2kiat4toh4
khó-pí-kóng,可比講,16,khó-pí-kóng,kho2pi2kong2,kho2pi2kong2
khó-hîng-sìng,可行性,16,khó-hêng-sèng,kho2hing5sing3,kho2heng5seng3
tâi-uân-lâng,台灣人,16,tâi-oân-lâng,tai5uan5lang5,tai5oan5lang5
tâi-uân-tó,台灣島,16,tâi-oân-tó,tai5uan5to2,tai5oan5to2
tâi-uân-bûn,台灣文,16,tâi-oân-bûn,tai5uan5bun5,tai5oan5bun5
tâi-uân-kâu,台灣猴,16,tâi-oân-kâu,tai5uan5kau5,tai5oan5kau5
tâi-uân-tshài,台灣菜,16,tâi-oân-chhài,tai5uan5tshai3,tai5oan5chhai3
tâi-uân-uē,台灣話,16,tâi-oân-ōe,tai5uan5ue7,tai5oan5oe7
tâi-uân-gí,台灣語,16,tâi-oân-gí,tai5uan5gi2,tai5oan5gi2
tâi-uân-gú,台灣語,16,tâi-oân-gú,tai5uan5gu2,tai5oan5gu2
tâi-tsik-tiān,台積電,16,tâi-chek-tiān,tai5tsik4tian7,tai5chek4tian7
tâi-lô-jī,台羅字,16,tâi-lô-jī,tai5lo5ji7,tai5lo5ji7
tâi-uē-bûn,台話文,16,tâi-ōe-bûn,tai5ue7bun5,tai5oe7bun5
tâi-gí-tâi,台語台,16,tâi-gí-tâi,tai5gi2tai5,tai5gi2tai5
sai-kong-á,司公仔,16,sai-kong-á,sai1kong1a2,sai1kong1a2
sai-sun-á,司孫仔,16,sai-sun-á,sai1sun1a2,sai1sun1a2
su-póo-tshia,司捕車,16,su-pó͘-chhia,su1poo2tshia1,su1poo2chhia1
ha̍p-tshiùnn-thuân,合唱團,16,ha̍p-chhiùⁿ-thoân,hap8tshiunn3thuan5,hap8chhiunn3thoan5
ha̍p-kín-tsiú,合巹酒,16,ha̍p-kín-chiú,hap8kin2tsiu2,hap8kin2chiu2
ha̍p-tsiáng-bō,合掌帽,16,ha̍p-chiáng-bō,hap8tsiang2bo7,hap8chiang2bo7
ha̍p-tsióng-bō,合掌帽,16,ha̍p-chióng-bō,hap8tsiong2bo7,hap8chiong2bo7
kiat-lîm-síng,吉林省,16,kiat-lîm-séng,kiat4lim5sing2,kiat4lim5seng2
kiat-siông-nn̄g,吉祥卵,16,kiat-siông-nn̄g,kiat4siong5nng7,kiat4siong5nng7
kiat-puè-sú,吉貝耍,16,kiat-pòe-sú,kiat4pue3su2,kiat4poe3su2
tiàu-kah-á,吊䘥仔,16,tiàu-kah-á,tiau3kah4a2,tiau3kah4a2
tiàu-koo-kńg,吊孤槓,16,tiàu-ko͘-kńg,tiau3koo1kng2,tiau3koo1kng2
tiàu-kôan-kē,吊懸低,16,tiàu-koân-kē,tiau3koan5ke7,tiau3koan5ke7
tiàu-tshiū-kâu,吊樹猴,16,tiàu-chhiū-kâu,tiau3tshiu7kau5,tiau3chhiu7kau5
tông-sìng-ài,同性愛,16,tông-sèng-ài,tong5sing3ai3,tong5seng3ai3
tông-sìng-luân,同性戀,16,tông-sèng-loân,tong5sing3luan5,tong5seng3loan5
tâng-un-tsân,同溫層,16,tâng-un-chân,tang5un1tsan5,tang5un1chan5
tông-un-tsân,同溫層,16,tông-un-chân,tong5un1tsan5,tong5un1chan5
tông-lí-sim,同理心,16,tông-lí-sim,tong5li2sim1,tong5li2sim1
tâng-tsê-háu,同齊吼,16,tâng-chê-háu,tang5tse5hau2,tang5che5hau2
tâng-kap-la̍p,同齊納,16,tâng-kap-la̍p,tang5kap4lap8,tang5kap4lap8
bîng-jîn-tông,名人堂,16,bêng-jîn-tông,bing5jin5tong5,beng5jin5tong5
bîng-kóo-ok,名古屋,16,bêng-kó͘-ok,bing5koo2ok4,beng5koo2ok4
miâ-siann-tháu,名聲敨,16,miâ-siaⁿ-tháu,mia5siann1thau2,mia5siann1thau2
thóo-tsi̍h-bō,吐舌帽,16,thó͘-chi̍h-bō,thoo2tsih8bo7,thoo2chih8bo7
thóo-kio̍k-hûn,吐谷渾,16,thó͘-kio̍k-hûn,thoo2kiok8hun5,thoo2kiok8hun5
hiòng-tsiân-kiânn,向前行,16,hiòng-chiân-kiâⁿ,hiong3tsian5kiann5,hiong3chian5kiann5
hiòng-a-kiōng,向阿共,16,hiòng-a-kiōng,hiong3a1kiong7,hiong3a1kiong7
ànn-thâu-tso̍k,向頭族,16,àⁿ-thâu-cho̍k,ann3thau5tsok8,ann3thau5chok8
kun-tsú-só,君子鎖,16,kun-chú-só,kun1tsu2so2,kun1chu2so2
kâm-tsuí-liōng,含水量,16,kâm-chúi-liōng,kam5tsui2liong7,kam5chui2liong7
khngh-khngh-kiò,吭吭叫,16,khngh-khngh-kiò,khngh4khngh4kio3,khngh4khngh4kio3
khōng-khiàu-pang,吭翹枋,16,khōng-khiàu-pang,khong7khiau3pang1,khong7khiau3pang1
khōng-kha-khiàu,吭跤翹,16,khōng-kha-khiàu,khong7kha1khiau3,khong7kha1khiau3
tsn̄g-tsi-bai,吮膣屄,16,chn̄g-chi-bai,tsng7tsi1bai1,chng7chi1bai1
ki-ki-kiò,吱吱叫,16,ki-ki-kiò,ki1ki1kio3,ki1ki1kio3
tsi-uâ-uâ,吱娃娃,16,chi-ôa-ôa,tsi1ua5ua5,chi1oa5oa5
ngôo-tun-gī,吳敦義,16,ngô͘-tun-gī,ngoo5tun1gi7,ngoo5tun1gi7
khip-tîn-khì,吸塵器,16,khip-tîn-khì,khip4tin5khi3,khip4tin5khi3
khip-sàu-khì,吸掃器,16,khip-sàu-khì,khip4sau3khi3,khip4sau3khi3
khip-tshing-khì,吸清器,16,khip-chheng-khì,khip4tshing1khi3,khip4chheng1khi3
khip-tsio̍h-á,吸石仔,16,khip-chio̍h-á,khip4tsioh8a2,khip4chioh8a2
khip-tsio̍h-kuài,吸石怪,16,khip-chio̍h-koài,khip4tsioh8kuai3,khip4chioh8koai3
tshue-thâu-moo,吹頭毛,16,chhoe-thâu-mo͘,tshue1thau5moo1,chhoe1thau5moo1
tshue-thâu-tsang,吹頭鬃,16,chhoe-thâu-chang,tshue1thau5tsang1,chhoe1thau5chang1
háu-kiù-kiù,吼救救,16,háu-kiù-kiù,hau2kiu3kiu3,hau2kiu3kiu3
lū-siù-liân,呂秀蓮,16,lū-siù-liân,lu7siu3lian5,lu7siu3lian5
kò-ha̍k-tâi,告學臺,16,kò-ha̍k-tâi,ko3hak8tai5,ko3hak8tai5
tsiu-tsú-jû,周子瑜,16,chiu-chú-jû,tsiu1tsu2ju5,chiu1chu2ju5
tsiu-î-î,周怡怡,16,chiu-î-î,tsiu1i5i5,chiu1i5i5
tsiu-kia̍t-lûn,周杰倫,16,chiu-kia̍t-lûn,tsiu1kiat8lun5,chiu1kiat8lun5
tsiu-pek-ngá,周柏雅,16,chiu-pek-ngá,tsiu1pek4nga2,chiu1pek4nga2
bī-soh-tsháu,味噌草,16,bī-soh-chháu,bi7soh4tshau2,bi7soh4chhau2
tshan-tsia̍h-lâng,呻食人,16,chhan-chia̍h-lâng,tshan1tsiah8lang5,chhan1chiah8lang5
hoo-pat-im,呼八音,16,ho͘-pat-im,hoo1pat4im1,hoo1pat4im1
hoo-khip-khì,呼吸器,16,ho͘-khip-khì,hoo1khip4khi3,hoo1khip4khi3
hoo-khip-tō,呼吸道,16,ho͘-khip-tō,hoo1khip4to7,hoo1khip4to7
khoo-ki-á,呼機仔,16,kho͘-ki-á,khoo1ki1a2,khoo1ki1a2
phi̍h-phi̍h-tshuah,咇咇掣,16,phi̍h-phi̍h-chhoah,phih8phih8tshuah4,phih8phih8chhoah4
phi̍h-pho̍k-tshíng,咇噗惝,16,phi̍h-pho̍k-chhéng,phih8phok8tshing2,phih8phok8chheng2
phi̍h-pho̍k-thiàu,咇噗跳,16,phi̍h-pho̍k-thiàu,phih8phok8thiau3,phih8phok8thiau3
phi̍h-phēnn-tshuán,咇怦喘,16,phi̍h-phēⁿ-chhoán,phih8phenn7tshuan2,phih8phenn7chhoan2
hô-sū-ló,和事老,16,hô-sū-ló,ho5su7lo2,ho5su7lo2
huê-siūnn-kiánn,和尚囝,16,hôe-siūⁿ-kiáⁿ,hue5siunn7kiann2,hoe5siunn7kiann2
hê-siūnn-kiánn,和尚囝,16,hê-siūⁿ-kiáⁿ,he5siunn7kiann2,he5siunn7kiann2
huê-siūnn-bō,和尚帽,16,hôe-siūⁿ-bō,hue5siunn7bo7,hoe5siunn7bo7
hê-siūnn-bō,和尚帽,16,hê-siūⁿ-bō,he5siunn7bo7,he5siunn7bo7
huê-siūnn-tsiu,和尚洲,16,hôe-siūⁿ-chiu,hue5siunn7tsiu1,hoe5siunn7chiu1
hê-siūnn-tsiu,和尚洲,16,hê-siūⁿ-chiu,he5siunn7tsiu1,he5siunn7chiu1
huê-siūnn-ku,和尚龜,16,hôe-siūⁿ-ku,hue5siunn7ku1,hoe5siunn7ku1
hô-ba̍k-kiànn,和目鏡,16,hô-ba̍k-kiàⁿ,ho5bak8kiann3,ho5bak8kiann3
hām-bah-kap,和肉敆,16,hām-bah-kap,ham7bah4kap4,ham7bah4kap4
hô-só-sî,和鎖匙,16,hô-só-sî,ho5so2si5,ho5so2si5
ka-lí-pn̄g,咖哩飯,16,ka-lí-pn̄g,ka1li2png7,ka1li2png7
ka-pi-hn̂g,咖啡園,16,ka-pi-hn̂g,ka1pi1hng5,ka1pi1hng5
ka-pi-ôo,咖啡壺,16,ka-pi-ô͘,ka1pi1oo5,ka1pi1oo5
ka-pi-pue,咖啡杯,16,ka-pi-poe,ka1pi1pue1,ka1pi1poe1
ka-pi-ki,咖啡機,16,ka-pi-ki,ka1pi1ki1,ka1pi1ki1
ka-pi-tsâng,咖啡欉,16,ka-pi-châng,ka1pi1tsang5,ka1pi1chang5
ka-pi-au,咖啡甌,16,ka-pi-au,ka1pi1au1,ka1pi1au1
ka-pi-tshân,咖啡田,16,ka-pi-chhân,ka1pi1tshan5,ka1pi1chhan5
ka-pi-bō,咖啡磨,16,ka-pi-bō,ka1pi1bo7,ka1pi1bo7
ka-pi-kuàn,咖啡罐,16,ka-pi-koàn,ka1pi1kuan3,ka1pi1koan3
ka-pi-kuán,咖啡館,16,ka-pi-koán,ka1pi1kuan2,ka1pi1koan2
kā-pin-nn̂g,咬檳榔,16,kā-pin-nn̂g,ka7pin1nng5,ka7pin1nng5
kā-khí-kin,咬齒根,16,kā-khí-kin,ka7khi2kin1,ka7khi2kin1
kā-khí-kun,咬齒根,16,kā-khí-kun,ka7khi2kun1,ka7khi2kun1
ai-li̍k-pik,哀勒伯,16,ai-le̍k-pek,ai1lik8pik4,ai1lek8pek4
ai-jínn-lân,哀耳蘭,16,ai-jíⁿ-lân,ai1jinn2lan5,ai1jinn2lan5
to-lô-kok,哆囉嘓,16,to-lô-kok,to1lo5kok4,to1lo5kok4
to-lô-buán,哆囉滿,16,to-lô-boán,to1lo5buan2,to1lo5boan2
ha-ha-kiànn,哈哈鏡,16,ha-ha-kiàⁿ,ha1ha1kiann3,ha1ha1kiann3
ha--looh,哈囉,16,ha--lo͘h,ha1looh4,ha1looh4
ha-pa-káu,哈巴狗,16,ha-pa-káu,ha1pa1kau2,ha1pa1kau2
ha-iâ-kok,哈耶國,16,ha-iâ-kok,ha1ia5kok4,ha1ia5kok4
há-má-sing,哈馬星,16,há-má-seng,ha2ma2sing1,ha2ma2seng1
înn-suann-á,員山仔,16,îⁿ-soaⁿ-á,inn5suann1a2,inn5soann1a2
siàu-kak-tuī,哨角隊,16,siàu-kak-tūi,siau3kak4tui7,siau3kak4tui7
pōo-pin-nn̂g,哺檳榔,16,pō͘-pin-nn̂g,poo7pin1nng5,poo7pin1nng5
pōo-tāu-á,哺豆仔,16,pō͘-tāu-á,poo7tau7a2,poo7tau7a2
siânn--lâng,唌人,16,siâⁿ--lâng,siann5lang5,siann5lang5
siânn-lâng-khùn,唌人睏,16,siâⁿ-lâng-khùn,siann5lang5khun3,siann5lang5khun3
hì-heh-kiò,唏嚇叫,16,hì-heh-kiò,hi3heh4kio3,hi3heh4kio3
tông-sam-tsōng,唐三藏,16,tông-sam-chōng,tong5sam1tsong7,tong5sam1chong7
tông-jîn-ke,唐人街,16,tông-jîn-ke,tong5jin5ke1,tong5jin5ke1
tn̂g-kíng-siông,唐景崧,16,tn̂g-kéng-siông,tng5king2siong5,tng5keng2siong5
tông-nóo-ah,唐老鴨,16,tông-nó͘-ah,tong5noo2ah4,tong5noo2ah4
tn̂g-ah-á,唐鴨仔,16,tn̂g-ah-á,tng5ah4a2,tng5ah4a2
onn-káu-á,唔口仔,16,oⁿ-káu-á,onn1kau2a2,onn1kau2a2
kì-lí-gān,唭哩岸,16,kì-lí-gān,ki3li2gan7,ki3li2gan7
tshiònn-puânn-ki,唱盤機,16,chhiòⁿ-pôaⁿ-ki,tshionn3puann5ki1,chhionn3poann5ki1
tshiùnn-puânn-ki,唱盤機,16,chhiùⁿ-pôaⁿ-ki,tshiunn3puann5ki1,chhiunn3poann5ki1
liām-thò-thâu,唸套頭,16,liām-thò-thâu,liam7tho3thau5,liam7tho3thau5
lim-hōo-ta,啉予焦,16,lim-hō͘-ta,lim1hoo7ta1,lim1hoo7ta1
lim-ka-pi,啉咖啡,16,lim-ka-pi,lim1ka1pi1,lim1ka1pi1
lim-sio-tsiú,啉燒酒,16,lim-sio-chiú,lim1sio1tsiu2,lim1sio1chiu2
lim-kah-pá,啉甲飽,16,lim-kah-pá,lim1kah4pa2,lim1kah4pa2
lim-thàng-hái,啉迵海,16,lim-thàng-hái,lim1thang3hai2,lim1thang3hai2
lim-tsia̍h-tshit,啉食𨑨,16,lim-chia̍h-chhit,lim1tsiah8tshit4,lim1chiah8chhit4
ah-m̄-tō,啊毋就,16,ah-m̄-tō,ah4m7to7,ah4m7to7
khé-lōo-le̍h,啟露笠,16,khé-lō͘-le̍h,khe2loo7leh8,khe2loo7leh8
pi-pi-á,啡啡子,16,pi-pi-á,pi1pi1a2,pi1pi1a2
pha-la-kheng,啪啦拳,16,pha-la-kheng,pha1la1kheng1,pha1la1kheng1
khe̍nnh-thâm-io̍h,喀痰藥,16,khe̍ⁿh-thâm-io̍h,khennh8tham5ioh8,khennh8tham5ioh8
kainn-kainn-kiò,喈喈叫,16,kaiⁿ-kaiⁿ-kiò,kainn1kainn1kio3,kainn1kainn1kio3
tshuán-tuā-khuì,喘大氣,16,chhoán-tōa-khùi,tshuan2tua7khui3,chhoan2toa7khui3
tshuì-phué-âng,喙䫌紅,16,chhùi-phóe-âng,tshui3phue2ang5,chhui3phoe2ang5
tshuì-phè-kut,喙䫌骨,16,chhùi-phè-kut,tshui3phe3kut4,chhui3phe3kut4
tshuì-ē-hâi,喙下頦,16,chhùi-ē-hâi,tshui3e7hai5,chhui3e7hai5
tshuì-ē-ham,喙下𦜆,16,chhùi-ē-ham,tshui3e7ham1,chhui3e7ham1
tshuì-thuân-tshuì,喙傳喙,16,chhùi-thoân-chhùi,tshui3thuan5tshui3,chhui3thoan5chhui3
tshuì-kháu-tiānn,喙口定,16,chhùi-kháu-tiāⁿ,tshui3khau2tiann7,chhui3khau2tiann7
tshuì-kháu-uē,喙口話,16,chhùi-kháu-ōe,tshui3khau2ue7,chhui3khau2oe7
tshuì-kháu-guān,喙口願,16,chhùi-kháu-goān,tshui3khau2guan7,chhui3khau2goan7
tshuì-liām-king,喙念經,16,chhùi-liām-keng,tshui3liam7king1,chhui3liam7keng1
tshuì-tsiap-tshuì,喙接喙,16,chhùi-chiap-chhùi,tshui3tsiap4tshui3,chhui3chiap4chhui3
tshuì-ng-á,喙掩仔,16,chhùi-ng-á,tshui3ng1a2,chhui3ng1a2
tshuì-sī-hong,喙是風,16,chhùi-sī-hong,tshui3si7hong1,chhui3si7hong1
tshuì-nuā-tsuí,喙瀾水,16,chhùi-nōa-chúi,tshui3nua7tsui2,chhui3noa7chui2
tshuì-nuā-suànn,喙瀾腺,16,chhùi-nōa-sòaⁿ,tshui3nua7suann3,chhui3noa7soann3
tshuì-nuā-hue,喙瀾花,16,chhùi-nōa-hoe,tshui3nua7hue1,chhui3noa7hoe1
tshuì-ba̍k-phīnn,喙目鼻,16,chhùi-ba̍k-phīⁿ,tshui3bak8phinn7,chhui3bak8phinn7
tshuì-khang-gâm,喙空癌,16,chhùi-khang-gâm,tshui3khang1gam5,chhui3khang1gam5
tshuì-am-lông,喙罨囊,16,chhùi-am-lông,tshui3am1long5,chhui3am1long5
tshuì-tûn-ko,喙脣膏,16,chhùi-tûn-ko,tshui3tun5ko1,chhui3tun5ko1
tshuì-hue-lāi,喙花利,16,chhùi-hoe-lāi,tshui3hue1lai7,chhui3hoe1lai7
tshuì-ta̍h-thut,喙踏脫,16,chhùi-ta̍h-thut,tshui3tah8thut4,chhui3tah8thut4
tshuì-khí-thiànn,喙齒疼,16,chhùi-khí-thiàⁿ,tshui3khi2thiann3,chhui3khi2thiann3
kiâu-tī-a,喬治亞,16,kiâu-tī-a,kiau5ti7a1,kiau5ti7a1
tan-jîn-tshn̂g,單人床,16,tan-jîn-chhn̂g,tan1jin5tshng5,tan1jin5chhng5
tuann-tuā-khînn,單大鉗,16,toaⁿ-tōa-khîⁿ,tuann1tua7khinn5,toann1toa7khinn5
tan-jī-guân,單字元,16,tan-jī-goân,tan1ji7guan5,tan1ji7goan5
tan-jī-bué,單字尾,16,tan-jī-bóe,tan1ji7bue2,tan1ji7boe2
tan-jī-khòo,單字庫,16,tan-jī-khò͘,tan1ji7khoo3,tan1ji7khoo3
tan-jī-luī,單字彙,16,tan-jī-lūi,tan1ji7lui7,tan1ji7lui7
tan-jī-sìng,單字性,16,tan-jī-sèng,tan1ji7sing3,tan1ji7seng3
tan-jī-tuè,單字綴,16,tan-jī-tòe,tan1ji7tue3,tan1ji7toe3
tan-jī-thâu,單字頭,16,tan-jī-thâu,tan1ji7thau5,tan1ji7thau5
tan-hîng-tō,單行道,16,tan-hêng-tō,tan1hing5to7,tan1heng5to7
tsō--sí,嘈死,16,chō--sí,tso7si2,cho7si2
ka-liân-huâ,嘉年華,16,ka-liân-hôa,ka1lian5hua5,ka1lian5hoa5
kho̍k-á-thuî,嘓仔槌,16,kho̍k-á-thûi,khok8a2thui5,khok8a2thui5
mā-koh-kánn,嘛閣敢,16,mā-koh-káⁿ,ma7koh4kann2,ma7koh4kann2
ònn-ònn-jiáng,噁噁嚷,16,òⁿ-òⁿ-jiáng,onn3onn3jiang2,onn3onn3jiang2
ta-pa-nî,噍吧哖,16,ta-pa-nî,ta1pa1ni5,ta1pa1ni5
hìnn-heh-kiò,噓嚇叫,16,hìⁿ-heh-kiò,hinn3heh4kio3,hinn3heh4kio3
phok-tóo-huānn,噗肚岸,16,phok-tó͘-hōaⁿ,phok4too2huann7,phok4too2hoann7
tshò-lâng-hī,噪人耳,16,chhò-lâng-hī,tsho3lang5hi7,chho3lang5hi7
tshò-lâng-hīnn,噪人耳,16,chhò-lâng-hīⁿ,tsho3lang5hinn7,chho3lang5hinn7
tshò-hīnn-siann,噪耳聲,16,chhò-hīⁿ-siaⁿ,tsho3hinn7siann1,chho3hinn7siann1
phùn-tshut-giâm,噴出岩,16,phùn-chhut-giâm,phun3tshut4giam5,phun3chhut4giam5
phùn-tshut-gâm,噴出岩,16,phùn-chhut-gâm,phun3tshut4gam5,phun3chhut4gam5
phùn-hué-liông,噴火龍,16,phùn-hóe-liông,phun3hue2liong5,phun3hoe2liong5
kat-ha-bû,噶哈巫,16,kat-ha-bû,kat4ha1bu5,kat4ha1bu5
kā-ha-bu,噶哈巫,16,kā-ha-bu,ka7ha1bu1,ka7ha1bu1
hann--nih,嚇呢,16,haⁿ--nih,hann1nih4,hann1nih4
heh-heh-kiò,嚇嚇叫,16,heh-heh-kiò,heh4heh4kio3,heh4heh4kio3
hē-hē-kiò,嚇嚇叫,16,hē-hē-kiò,he7he7kio3,he7he7kio3
tshia̍k-tshia̍k-tiô,嚓嚓趒,16,chhia̍k-chhia̍k-tiô,tshiak8tshiak8tio5,chhiak8chhiak8tio5
nâ-âu-kńg,嚨喉管,16,nâ-âu-kńg,na5au5kng2,na5au5kng2
giâm-ka-kàm,嚴家淦,16,giâm-ka-kàm,giam5ka1kam3,giam5ka1kam3
long-khoo-á,囊箍仔,16,long-kho͘-á,long1khoo1a2,long1khoo1a2
sù-ngāi-bâ,四乂猫,16,sù-ngāi-bâ,su3ngai7ba5,su3ngai7ba5
sì-tshe-niau,四叉貓,16,sì-chhe-niau,si3tshe1niau1,si3chhe1niau1
sì-tè-tshù,四塊厝,16,sì-tè-chhù,si3te3tshu3,si3te3chhu3
sù-tshuan-síng,四川省,16,sù-chhoan-séng,su3tshuan1sing2,su3chhoan1seng2
sì-ki-tshiú,四支手,16,sì-ki-chhiú,si3ki1tshiu2,si3ki1chhiu2
sì-ki-tóng,四支擋,16,sì-ki-tóng,si3ki1tong2,si3ki1tong2
sì-suànn-lâi,四散來,16,sì-sòaⁿ-lâi,si3suann3lai5,si3soann3lai5
sì-suànn-kóng,四散講,16,sì-sòaⁿ-kóng,si3suann3kong2,si3soann3kong2
sù-hong-tsuá,四方紙,16,sù-hong-chóa,su3hong1tsua2,su3hong1choa2
sù-hong-kim,四方金,16,sù-hong-kim,su3hong1kim1,su3hong1kim1
sì-lâm-suî,四淋垂,16,sì-lâm-sûi,si3lam5sui5,si3lam5sui5
sù-siù-suann,四獸山,16,sù-siù-soaⁿ,su3siu3suann1,su3siu3soann1
sì-kuè-sô,四界趖,16,sì-kòe-sô,si3kue3so5,si3koe3so5
sì-kè-sô,四界趖,16,sì-kè-sô,si3ke3so5,si3ke3so5
sì-ba̍k-lo̍k,四目鹿,16,sì-ba̍k-lo̍k,si3bak8lok8,si3bak8lok8
sì-kak-jī,四角字,16,sì-kak-jī,si3kak4ji7,si3kak4ji7
sì-kak-hîng,四角形,16,sì-kak-hêng,si3kak4hing5,si3kak4heng5
sì-kak-khòo,四角褲,16,sì-kak-khò͘,si3kak4khoo3,si3kak4khoo3
sì-kak-soo,四角酥,16,sì-kak-so͘,si3kak4soo1,si3kak4soo1
sì-kha-hue,四跤花,16,sì-kha-hoe,si3kha1hue1,si3kha1hoe1
sì-kha-tsháu,四跤草,16,sì-kha-chháu,si3kha1tshau2,si3kha1chhau2
sì-khu-tshia,四驅車,16,sì-khu-chhia,si3khu1tshia1,si3khu1chhia1
gín-á-phuānn,囝仔伴,16,gín-á-phōaⁿ,gin2a2phuann7,gin2a2phoann7
kiánn-jî-sun,囝兒孫,16,kiáⁿ-jî-sun,kiann2ji5sun1,kiann2ji5sun1
kiánn-sài-phuānn,囝婿伴,16,kiáⁿ-sài-phōaⁿ,kiann2sai3phuann7,kiann2sai3phoann7
kiánn-sài-thinn,囝婿撐,16,kiáⁿ-sài-thiⁿ,kiann2sai3thinn1,kiann2sai3thinn1
kiánn-sun-tē,囝孫袋,16,kiáⁿ-sun-tē,kiann2sun1te7,kiann2sun1te7
hê-sòo-phiò,回數票,16,hê-sò͘-phiò,he5soo3phio3,he5soo3phio3
gín-á-tioh,囡仔tioh,16,gín-á-tioh,gin2a2tioh4,gin2a2tioh4
gín-á-lâng,囡仔人,16,gín-á-lâng,gin2a2lang5,gin2a2lang5
gín-á-sian,囡仔仙,16,gín-á-sian,gin2a2sian1,gin2a2sian1
gín-á-hiann,囡仔兄,16,gín-á-hiaⁿ,gin2a2hiann1,gin2a2hiann1
gín-á-tsheh,囡仔冊,16,gín-á-chheh,gin2a2tsheh4,gin2a2chheh4
gín-á-kóo,囡仔古,16,gín-á-kó͘,gin2a2koo2,gin2a2koo2
gín-á-tsé,囡仔姊,16,gín-á-ché,gin2a2tse2,gin2a2che2
gín-á-enn,囡仔嬰,16,gín-á-eⁿ,gin2a2enn1,gin2a2enn1
gín-á-phí,囡仔庀,16,gín-á-phí,gin2a2phi2,gin2a2phi2
gín-á-sìng,囡仔性,16,gín-á-sèng,gin2a2sing3,gin2a2seng3
gín-á-sî,囡仔時,16,gín-á-sî,gin2a2si5,gin2a2si5
gín-á-tsai,囡仔栽,16,gín-á-chai,gin2a2tsai1,gin2a2chai1
gín-á-kâu,囡仔猴,16,gín-á-kâu,gin2a2kau5,gin2a2kau5
gín-á-phí,囡仔疕,16,gín-á-phí,gin2a2phi2,gin2a2phi2
gín-á-kho,囡仔科,16,gín-á-kho,gin2a2kho1,gin2a2kho1
gín-á-tsiann,囡仔精,16,gín-á-chiaⁿ,gin2a2tsiann1,gin2a2chiann1
gín-á-sik,囡仔色,16,gín-á-sek,gin2a2sik4,gin2a2sek4
gín-á-thûn,囡仔豚,16,gín-á-thûn,gin2a2thun5,gin2a2thun5
gín-á-kuí,囡仔鬼,16,gín-á-kúi,gin2a2kui2,gin2a2kui2
gín-á-khí,囡仔齒,16,gín-á-khí,gin2a2khi2,gin2a2khi2
gín-á-tshut,囡仔齣,16,gín-á-chhut,gin2a2tshut4,gin2a2chhut4
kòo-tshuì-khì,固喙器,16,kò͘-chhùi-khì,koo3tshui3khi3,koo3chhui3khi3
khian-á-tsìnn,圈仔糋,16,khian-á-chìⁿ,khian1a2tsinn3,khian1a2chinn3
kok-tiong-sing,國中生,16,kok-tiong-seng,kok4tiong1sing1,kok4tiong1seng1
kok-sìng-poo,國姓埔,16,kok-sèng-po͘,kok4sing3poo1,kok4seng3poo1
kok-sìng-iâ,國姓爺,16,kok-sèng-iâ,kok4sing3ia5,kok4seng3ia5
kok-jī-khak,國字殼,16,kok-jī-khak,kok4ji7khak4,kok4ji7khak4
kok-jī-bīn,國字面,16,kok-jī-bīn,kok4ji7bin7,kok4ji7bin7
kok-hāu-á,國校仔,16,kok-hāu-á,kok4hau7a2,kok4hau7a2
kok-bîn-tóng,國民黨,16,kok-bîn-tóng,kok4bin5tong2,kok4bin5tong2
kok-tsè-kuan,國際觀,16,kok-chè-koan,kok4tse3kuan1,kok4che3koan1
uî-á-lāi,圍仔內,16,ûi-á-lāi,ui5a2lai7,ui5a2lai7
uî-lôo-àm,圍爐暗,16,ûi-lô͘-àm,ui5loo5am3,ui5loo5am3
uî-lôo-tshài,圍爐菜,16,ûi-lô͘-chhài,ui5loo5tshai3,ui5loo5chhai3
uî-tshiûnn-á,圍牆仔,16,ûi-chhiûⁿ-á,ui5tshiunn5a2,ui5chhiunn5a2
înn-tsiu-lu̍t,圓周率,16,îⁿ-chiu-lu̍t,inn5tsiu1lut8,inn5chiu1lut8
înn-suann-á,圓山仔,16,îⁿ-soaⁿ-á,inn5suann1a2,inn5soann1a2
uân-kong-kuán,圓栱館,16,oân-kong-koán,uan5kong1kuan2,oan5kong1koan2
uân-bú-khik,圓舞曲,16,oân-bú-khek,uan5bu2khik4,oan5bu2khek4
înn-mī-pau,圓麵包,16,îⁿ-mī-pau,inn5mi7pau1,inn5mi7pau1
thóo-jîn-sim,土人參,16,thó͘-jîn-sim,thoo2jin5sim1,thoo2jin5sim1
thóo-lī-kong,土地公,16,thó͘-lī-kong,thoo2li7kong1,thoo2li7kong1
thóo-tī-kong,土地公,16,thó͘-tī-kong,thoo2ti7kong1,thoo2ti7kong1
thóo-ka-tso̍k,土家族,16,thó͘-ka-cho̍k,thoo2ka1tsok8,thoo2ka1chok8
thóo-khòo-bān,土庫曼,16,thó͘-khò͘-bān,thoo2khoo3ban7,thoo2khoo3ban7
thóo-pan-á,土斑仔,16,thó͘-pan-á,thoo2pan1a2,thoo2pan1a2
thóo-senn-á,土生仔,16,thó͘-seⁿ-á,thoo2senn1a2,thoo2senn1a2
thóo-senn-kiánn,土生囝,16,thó͘-seⁿ-kiáⁿ,thoo2senn1kiann2,thoo2senn1kiann2
thóo-sinn-kiánn,土生囝,16,thó͘-siⁿ-kiáⁿ,thoo2sinn1kiann2,thoo2sinn1kiann2
thóo-bí-á,土米仔,16,thó͘-bí-á,thoo2bi2a2,thoo2bi2a2
thóo-bê-kui,土糜龜,16,thó͘-bê-kui,thoo2be5kui1,thoo2be5kui1
thóo-jínn-kî,土耳其,16,thó͘-jíⁿ-kî,thoo2jinn2ki5,thoo2jinn2ki5
thóo-ní-kî,土耳其,16,thó͘-ní-kî,thoo2ni2ki5,thoo2ni2ki5
thóo-ní-kóo,土耳古,16,thó͘-ní-kó͘,thoo2ni2koo2,thoo2ni2koo2
thôo-kak-khut,土角窟,16,thô͘-kak-khut,thoo5kak4khut4,thoo5kak4khut4
tsāi-lí-khì,在你去,16,chāi-lí-khì,tsai7li2khi3,chai7li2khi3
tsāi-lí-kiânn,在你行,16,chāi-lí-kiâⁿ,tsai7li2kiann5,chai7li2kiann5
tsāi-thian-liông,在天龍,16,chāi-thian-liông,tsai7thian1liong5,chai7thian1liong5
tē-hā-siânn,地下城,16,tē-hā-siâⁿ,te7ha7siann5,te7ha7siann5
tē-hā-sîng,地下城,16,tē-hā-sêng,te7ha7sing5,te7ha7seng5
tē-hā-tsuí,地下水,16,tē-hā-chúi,te7ha7tsui2,te7ha7chui2
tē-hā-thih,地下鐵,16,tē-hā-thih,te7ha7thih4,te7ha7thih4
tē-tāng-bué,地動尾,16,tē-tāng-bóe,te7tang7bue2,te7tang7boe2
tē-ki-tsú,地基主,16,tē-ki-chú,te7ki1tsu2,te7ki1chu2
tē-bûn-ha̍k,地文學,16,tē-bûn-ha̍k,te7bun5hak8,te7bun5hak8
tē-kiû-gî,地球儀,16,tē-kiû-gî,te7kiu5gi5,te7kiu5gi5
tē-lí-sian,地理仙,16,tē-lí-sian,te7li2sian1,te7li2sian1
tē-lí-su,地理師,16,tē-lí-su,te7li2su1,te7li2su1
tē-tsio̍h-liông,地石龍,16,tē-chio̍h-liông,te7tsioh8liong5,te7chioh8liong5
tē-kip-tshī,地級市,16,tē-kip-chhī,te7kip4tshi7,te7kip4chhi7
tē-hō-huan,地號番,16,tē-hō-hoan,te7ho7huan1,te7ho7hoan1
tē-hîng-hong,地衡風,16,tē-hêng-hong,te7hing5hong1,te7heng5hong1
tē-lîng-phang,地龍蜂,16,tē-lêng-phang,te7ling5phang1,te7leng5phang1
thūn-hōo-pênn,坉予平,16,thūn-hō͘-pêⁿ,thun7hoo7penn5,thun7hoo7penn5
tsē--kē,坐低,16,chē--kē,tse7ke7,che7ke7
tsē-lo̍h-lâi,坐落來,16,chē-lo̍h-lâi,tse7loh8lai5,che7loh8lai5
khenn-á-kháu,坑仔口,16,kheⁿ-á-kháu,khenn1a2khau2,khenn1a2khau2
thán-khi-kùn,坦敧棍,16,thán-khi-kùn,than2khi1kun3,than2khi1kun3
thán-tshiò-siû,坦笑泅,16,thán-chhiò-siû,than2tshio3siu5,than2chhio3siu5
khann-á-sian,坩仔仙,16,khaⁿ-á-sian,khann1a2sian1,khann1a2sian1
khann-á-nāi,坩仔賴,16,khaⁿ-á-nāi,khann1a2nai7,khann1a2nai7
khann-á-king,坩仔間,16,khaⁿ-á-keng,khann1a2king1,khann1a2keng1
ing-phōng-phōng,坱蓬蓬,16,eng-phōng-phōng,ing1phong7phong7,eng1phong7phong7
lâ-sâm-mi̍h,垃儳物,16,lâ-sâm-mi̍h,la5sam5mih8,la5sam5mih8
lâ-sâm-mn̍gh,垃儳物,16,lâ-sâm-mn̍gh,la5sam5mngh8,la5sam5mngh8
lâ-sâm-hōo,垃儳雨,16,lâ-sâm-hō͘,la5sam5hoo7,la5sam5hoo7
lah-sap-tsuí,垃圾水,16,lah-sap-chúi,lah4sap4tsui2,lah4sap4chui2
lah-sap-uē,垃圾話,16,lah-sap-ōe,lah4sap4ue7,lah4sap4oe7
káu-kueh-sian,垢潔鉎,16,káu-koeh-sian,kau2kueh4sian1,kau2koeh4sian1
siânn-tiōng-bôo,城仲模,16,siâⁿ-tiōng-bô͘,siann5tiong7boo5,siann5tiong7boo5
siânn-mn̂g-á,城門仔,16,siâⁿ-mn̂g-á,siann5mng5a2,siann5mng5a2
sîng-hông-kong,城隍公,16,sêng-hông-kong,sing5hong5kong1,seng5hong5kong1
poo-á-kînn,埔仔墘,16,po͘-á-kîⁿ,poo1a2kinn5,poo1a2kinn5
poo-kiunn-lun,埔姜崙,16,po͘-kiuⁿ-lun,poo1kiunn1lun1,poo1kiunn1lun1
poo-kiunn-thâu,埔姜頭,16,po͘-kiuⁿ-thâu,poo1kiunn1thau5,poo1kiunn1thau5
poo-tsiam-íng,埔尖湧,16,po͘-chiam-éng,poo1tsiam1ing2,poo1chiam1eng2
tsip-sí-kuat,執死訣,16,chip-sí-koat,tsip4si2kuat4,chip4si2koat4
puē-tē-mâu,培地茅,16,pōe-tē-mâu,pue7te7mau5,poe7te7mau5
ki-lóo-su,基瑙斯,16,ki-ló͘-su,ki1loo2su1,ki1loo2su1
ki-tok-tôo,基督徒,16,ki-tok-tô͘,ki1tok4too5,ki1tok4too5
kian-kòo-tsit,堅固質,16,kian-kò͘-chit,kian1koo3tsit4,kian1koo3chit4
kian-phí-á,堅疕仔,16,kian-phí-á,kian1phi2a2,kian1phi2a2
kian-hueh-kiû,堅血球,16,kian-hoeh-kiû,kian1hueh4kiu5,kian1hoeh4kiu5
kian-khí-lâi,堅起來,16,kian-khí-lâi,kian1khi2lai5,kian1khi2lai5
tui-ko-á,堆高仔,16,tui-ko-á,tui1ko1a2,tui1ko1a2
kham-bē-khì,堪袂去,16,kham-bē-khì,kham1be7khi3,kham1be7khi3
pò-lí-ù,報你焐,16,pò-lí-ù,po3li2u3,po3li2u3
pò-lí-ut,報你熨,16,pò-lí-ut,po3li2ut4,po3li2ut4
pò-hōo-kháu,報戶口,16,pò-hō͘-kháu,po3hoo7khau2,po3hoo7khau2
pò-keh-á,報格仔,16,pò-keh-á,po3keh4a2,po3keh4a2
pò-khoo-á,報箍仔,16,pò-kho͘-á,po3khoo1a2,po3khoo1a2
lap-á-té,塌仔底,16,lap-á-té,lap4a2te2,lap4a2te2
sok-ka-sún,塑膠筍,16,sok-ka-sún,sok4ka1sun2,sok4ka1sun2
sok-ka-tshia,塑膠車,16,sok-ka-chhia,sok4ka1tshia1,sok4ka1chhia1
sok-ka-lān,塑膠𡳞,16,sok-ka-lān,sok4ka1lan7,sok4ka1lan7
thah-tsì-khik,塔志克,16,thah-chì-khek,thah4tsi3khik4,thah4chi3khek4
thah-lô-pâi,塔羅牌,16,thah-lô-pâi,thah4lo5pai5,thah4lo5pai5
thôo-thôo-thôo,塗塗塗,16,thô͘-thô͘-thô͘,thoo5thoo5thoo5,thoo5thoo5thoo5
thôo-kat-tshù,塗墼厝,16,thô͘-kat-chhù,thoo5kat4tshu3,thoo5kat4chhu3
thôo-khàng-phang,塗壙蜂,16,thô͘-khàng-phang,thoo5khang3phang1,thoo5khang3phang1
thôo-khòng-phang,塗壙蜂,16,thô͘-khòng-phang,thoo5khong3phang1,thoo5khong3phang1
thôo-pô-íng,塗婆湧,16,thô͘-pô-éng,thoo5po5ing2,thoo5po5eng2
thôo-lūn-á,塗崙仔,16,thô͘-lūn-á,thoo5lun7a2,thoo5lun7a2
thôo-khòo-tsng,塗庫莊,16,thô͘-khò͘-chng,thoo5khoo3tsng1,thoo5khoo3chng1
thôo-tshuah-lâu,塗掣流,16,thô͘-chhoah-lâu,thoo5tshuah4lau5,thoo5chhoah4lau5
thôo-tsuí-kang,塗水工,16,thô͘-chúi-kang,thoo5tsui2kang1,thoo5chui2kang1
thôo-tsuí-hiā,塗水蟻,16,thô͘-chúi-hiā,thoo5tsui2hia7,thoo5chui2hia7
thôo-sua-hún,塗沙粉,16,thô͘-soa-hún,thoo5sua1hun2,thoo5soa1hun2
thôo-kau-muê,塗溝糜,16,thô͘-kau-môe,thoo5kau1mue5,thoo5kau1moe5
thôo-thuánn-á,塗炭仔,16,thô͘-thóaⁿ-á,thoo5thuann2a2,thoo5thoann2a2
thôo-thuànn-sái,塗炭屎,16,thô͘-thòaⁿ-sái,thoo5thuann3sai2,thoo5thoann3sai2
thôo-hún-sat,塗粉蝨,16,thô͘-hún-sat,thoo5hun2sat4,thoo5hun2sat4
thôo-muê-tsiunn,塗糜漿,16,thô͘-môe-chiuⁿ,thoo5mue5tsiunn1,thoo5moe5chiunn1
thôo-bê-ko,塗糜膏,16,thô͘-bê-ko,thoo5be5ko1,thoo5be5ko1
thôo-muê-ko,塗糜膏,16,thô͘-môe-ko,thoo5mue5ko1,thoo5moe5ko1
thôo-kat-khut,塗葛窟,16,thô͘-kat-khut,thoo5kat4khut4,thoo5kat4khut4
thôo-phang-á,塗蜂仔,16,thô͘-phang-á,thoo5phang1a2,thoo5phang1a2
thôo-kak-tshù,塗角厝,16,thô͘-kak-chhù,thoo5kak4tshu3,thoo5kak4chhu3
thôo-pi-á,塗觱仔,16,thô͘-pi-á,thoo5pi1a2,thoo5pi1a2
thôo-pi-pu,塗觱哹,16,thô͘-pi-pu,thoo5pi1pu1,thoo5pi1pu1
thôo-tāu-jîn,塗豆仁,16,thô͘-tāu-jîn,thoo5tau7jin5,thoo5tau7jin5
thôo-tāu-kū,塗豆舅,16,thô͘-tāu-kū,thoo5tau7ku7,thoo5tau7ku7
thôo-tāu-tsiùnn,塗豆醬,16,thô͘-tāu-chiùⁿ,thoo5tau7tsiunn3,thoo5tau7chiunn3
thôo-tāu-hu,塗豆麩,16,thô͘-tāu-hu,thoo5tau7hu1,thoo5tau7hu1
thôo-kha-tsū,塗跤苴,16,thô͘-kha-chū,thoo5kha1tsu7,thoo5kha1chu7
bōng-khenn-tsiáu,墓坑鳥,16,bōng-kheⁿ-chiáu,bong7khenn1tsiau2,bong7khenn1chiau2
bōng-pâi-khí,墓牌齒,16,bōng-pâi-khí,bong7pai5khi2,bong7pai5khi2
kînn-thâu-á,墘頭仔,16,kîⁿ-thâu-á,kinn5thau5a2,kinn5thau5a2
bi̍k-se-ko,墨西哥,16,be̍k-se-ko,bik8se1ko1,bek8se1ko1
ba̍k-tsa̍t-á,墨賊仔,16,ba̍k-cha̍t-á,bak8tsat8a2,bak8chat8a2
ap-li̍k-pán,壓力板,16,ap-le̍k-pán,ap4lik8pan2,ap4lek8pan2
ap-li̍k-pang,壓力枋,16,ap-le̍k-pang,ap4lik8pang1,ap4lek8pang1
ap-sok-ki,壓縮機,16,ap-sok-ki,ap4sok4ki1,ap4sok4ki1
ap-pik-kám,壓迫感,16,ap-pek-kám,ap4pik4kam2,ap4pek4kam2
sū-kuann-tsiáu,士官鳥,16,sū-koaⁿ-chiáu,su7kuann1tsiau2,su7koann1chiau2
hā-ha-oo,夏哈烏,16,hā-ha-o͘,ha7ha1oo1,ha7ha1oo1
hā-uá-ì,夏威夷,16,hā-óa-ì,ha7ua2i3,ha7oa2i3
hē-kim-kue,夏金瓜,16,hē-kim-koe,he7kim1kue1,he7kim1koe1
guā-kok-uē,外國話,16,gōa-kok-ōe,gua7kok4ue7,goa7kok4oe7
guā-kok-tsînn,外國錢,16,gōa-kok-chîⁿ,gua7kok4tsinn5,goa7kok4chinn5
guā-kok-tshut,外國齣,16,gōa-kok-chhut,gua7kok4tshut4,goa7kok4chhut4
guā-sik-á,外室仔,16,gōa-sek-á,gua7sik4a2,goa7sek4a2
guā-ò-á,外澳仔,16,gōa-ò-á,gua7o3a2,goa7o3a2
guā-síng-lâng,外省人,16,gōa-séng-lâng,gua7sing2lang5,goa7seng2lang5
guā-síng-ti,外省豬,16,gōa-séng-ti,gua7sing2ti1,goa7seng2ti1
to-iūnn-sìng,多樣性,16,to-iūⁿ-sèng,to1iunn7sing3,to1iunn7seng3
to-gí-giân,多語言,16,to-gí-giân,to1gi2gian5,to1gi2gian5
iā-pô-kiap,夜婆俠,16,iā-pô-kiap,ia7po5kiap4,ia7po5kiap4
hué-kì-bóo,夥計某,16,hóe-kì-bó͘,hue2ki3boo2,hoe2ki3boo2
tuā-tòo-muh,大tòo-muh,16,tōa-tò͘-muh,tua7too3muh4,toa7too3muh4
tuā-it-thóng,大一統,16,tōa-it-thóng,tua7it4thong2,toa7it4thong2
tuā--ê,大个,16,tōa--ê,tua7e5,toa7e5
tuā-lâng-khí,大人齒,16,tōa-lâng-khí,tua7lang5khi2,toa7lang5khi2
tuā-sio̍k-buē,大俗賣,16,tōa-sio̍k-bōe,tua7siok8bue7,toa7siok8boe7
tuā-sio̍k-bē,大俗賣,16,tōa-sio̍k-bē,tua7siok8be7,toa7siok8be7
tua-beh-suh,大倍司,16,toa-beh-suh,tua1beh4suh4,toa1beh4suh4
tuā-ke-hué,大傢伙,16,tōa-ke-hóe,tua7ke1hue2,toa7ke1hoe2
tuā-kong-gia̍p,大功業,16,tōa-kong-gia̍p,tua7kong1giap8,toa7kong1giap8
tuā-ka-la̍h,大加蚋,16,tōa-ka-la̍h,tua7ka1lah8,toa7ka1lah8
tuā-âu-khang,大喉空,16,tōa-âu-khang,tua7au5khang1,toa7au5khang1
tuā-tshuì-tshiok,大喙雀,16,tōa-chhùi-chhiok,tua7tshui3tshiok4,toa7chhui3chhiok4
tāu-sù-ki,大四肢,16,tāu-sù-ki,tau7su3ki1,tau7su3ki1
tuā-hn̂g-á,大園仔,16,tōa-hn̂g-á,tua7hng5a2,toa7hng5a2
tuā-înn-tiânn,大圓埕,16,tōa-îⁿ-tiâⁿ,tua7inn5tiann5,toa7inn5tiann5
tuā-khenn-koo,大坑罟,16,tōa-kheⁿ-ko͘,tua7khenn1koo1,toa7khenn1koo1
tuā-pi-ôo,大埤湖,16,tōa-pi-ô͘,tua7pi1oo5,toa7pi1oo5
tuā-thôo-phang,大塗蜂,16,tōa-thô͘-phang,tua7thoo5phang1,toa7thoo5phang1
tuā-tuā-khoo,大大箍,16,tōa-tōa-kho͘,tua7tua7khoo1,toa7toa7khoo1
tuā-hó-gia̍h,大好額,16,tōa-hó-gia̍h,tua7ho2giah8,toa7ho2giah8
tuā-niû-koo,大娘姑,16,tōa-niû-ko͘,tua7niu5koo1,toa7niu5koo1
tuā-ke-hué,大家伙,16,tōa-ke-hóe,tua7ke1hue2,toa7ke1hoe2
tuā-sió-tsiá,大小姐,16,tōa-sió-chiá,tua7sio2tsia2,toa7sio2chia2
tuā-tsiam-suann,大尖山,16,tōa-chiam-soaⁿ,tua7tsiam1suann1,toa7chiam1soann1
tuā-kì-tàn,大巨蛋,16,tōa-kì-tàn,tua7ki3tan3,toa7ki3tan3
tuā-kù-tàn,大巨蛋,16,tōa-kù-tàn,tua7ku3tan3,toa7ku3tan3
tāi-kī-tàn,大巨蛋,16,tāi-kī-tàn,tai7ki7tan3,tai7ki7tan3
tāi-kū-tàn,大巨蛋,16,tāi-kū-tàn,tai7ku7tan3,tai7ku7tan3
tuā-pîng-tâi,大平台,16,tōa-pêng-tâi,tua7ping5tai5,toa7peng5tai5
tuā-pîng-iûnn,大平陽,16,tōa-pêng-iûⁿ,tua7ping5iunn5,toa7peng5iunn5
tuā-tsng-hiong,大庄鄉,16,tōa-chng-hiong,tua7tsng1hiong1,toa7chng1hiong1
tāi-pi-tsiù,大悲咒,16,tāi-pi-chiù,tai7pi1tsiu3,tai7pi1chiu3
tuā-bú-ong,大拇翁,16,tōa-bú-ong,tua7bu2ong1,toa7bu2ong1
tuā-tsìng-hú,大政府,16,tōa-chèng-hú,tua7tsing3hu2,toa7cheng3hu2
tāi-sòo-kì,大數據,16,tāi-sò͘-kì,tai7soo3ki3,tai7soo3ki3
tuā-sin-pū,大新婦,16,tōa-sin-pū,tua7sin1pu7,toa7sin1pu7
tuā-mê-ji̍t,大暝日,16,tōa-mê-ji̍t,tua7me5jit8,toa7me5jit8
tuā-pún-jī,大本字,16,tōa-pún-jī,tua7pun2ji7,toa7pun2ji7
tāi-tshuan-hiong,大村鄉,16,tāi-chhoan-hiong,tai7tshuan1hiong1,tai7chhoan1hiong1
tuā-pán-kin,大板筋,16,tōa-pán-kin,tua7pan2kin1,toa7pan2kin1
tuā-pí-tsiáu,大比鳥,16,tōa-pí-chiáu,tua7pi2tsiau2,toa7pi2chiau2
tāi-khì-ap,大氣壓,16,tāi-khì-ap,tai7khi3ap4,tai7khi3ap4
tāi-khì-tsân,大氣層,16,tāi-khì-chân,tai7khi3tsan5,tai7khi3chan5
tuā-tsuí-tshâ,大水柴,16,tōa-chúi-chhâ,tua7tsui2tsha5,toa7chui2chha5
tuā-tsuí-uánn,大水碗,16,tōa-chúi-óaⁿ,tua7tsui2uann2,toa7chui2oann2
tuā-iûnn-tsiu,大洋洲,16,tōa-iûⁿ-chiu,tua7iunn5tsiu1,toa7iunn5chiu1
tuā-hái-íng,大海湧,16,tōa-hái-éng,tua7hai2ing2,toa7hai2eng2
tuā-ôo-té,大湖底,16,tōa-ô͘-té,tua7oo5te2,toa7oo5te2
tuā-kún-tsuí,大滾水,16,tōa-kún-chúi,tua7kun2tsui2,toa7kun2chui2
tuā-hàn-enn,大漢嬰,16,tōa-hàn-eⁿ,tua7han3enn1,toa7han3enn1
tāi-jūn-huat,大潤發,16,tāi-jūn-hoat,tai7jun7huat4,tai7jun7hoat4
tuā-pēnn-īnn,大病院,16,tōa-pēⁿ-īⁿ,tua7penn7inn7,toa7penn7inn7
tuā--ê,大的,16,tōa--ê,tua7e5,toa7e5
tuā-ba̍k-tsûn,大目船,16,tōa-ba̍k-chûn,tua7bak8tsun5,toa7bak8chun5
tuā-ba̍k-kàng,大目降,16,tōa-ba̍k-kàng,tua7bak8kang3,toa7bak8kang3
tāi-tsiòng-iâ,大眾爺,16,tāi-chiòng-iâ,tai7tsiong3ia5,tai7chiong3ia5
tuā-tiū-tiânn,大稻埕,16,tōa-tiū-tiâⁿ,tua7tiu7tiann5,toa7tiu7tiann5
tua-khiong-tíng,大穹頂,16,toa-khiong-téng,tua1khiong1ting2,toa1khiong1teng2
tuā-kiong-tíng,大穹頂,16,tōa-kiong-téng,tua7kiong1ting2,toa7kiong1teng2
tuā-pūn-tsing,大笨鐘,16,tōa-pūn-cheng,tua7pun7tsing1,toa7pun7cheng1
tuā-khoo-ting,大箍丁,16,tōa-kho͘-teng,tua7khoo1ting1,toa7khoo1teng1
tuā-khoo-ê,大箍个,16,tōa-kho͘-ê,tua7khoo1e5,toa7khoo1e5
tuā-khoo-lâng,大箍人,16,tōa-kho͘-lâng,tua7khoo1lang5,toa7khoo1lang5
tuā-kóng-sian,大管仙,16,tōa-kóng-sian,tua7kong2sian1,toa7kong2sian1
tuā-kóng-hun,大管薰,16,tōa-kóng-hun,tua7kong2hun1,toa7kong2hun1
tuā-kóng-siân,大管蟬,16,tōa-kóng-siân,tua7kong2sian5,toa7kong2sian5
tuā-lia̍p-nn̄g,大粒卵,16,tōa-lia̍p-nn̄g,tua7liap8nng7,toa7liap8nng7
tuā-lia̍p-ling,大粒奶,16,tōa-lia̍p-leng,tua7liap8ling1,toa7liap8leng1
tuā-sè-sian,大細仙,16,tōa-sè-sian,tua7se3sian1,toa7se3sian1
tuā-sè-pîng,大細爿,16,tōa-sè-pêng,tua7se3ping5,toa7se3peng5
tuā-sè-lián,大細輦,16,tōa-sè-lián,tua7se3lian2,toa7se3lian2
tuā-sè-thâu,大細頭,16,tōa-sè-thâu,tua7se3thau5,toa7se3thau5
tuā-uī-ông,大胃王,16,tōa-ūi-ông,tua7ui7ong5,toa7ui7ong5
tuā-tn̂g-thâu,大腸頭,16,tōa-tn̂g-thâu,tua7tng5thau5,toa7tng5thau5
tuā-thuí-thâu,大腿頭,16,tōa-thúi-thâu,tua7thui2thau5,toa7thui2thau5
tuā-tsi̍h-kháu,大舌口,16,tōa-chi̍h-kháu,tua7tsih8khau2,toa7chih8khau2
tuā-tsi̍h-kuài,大舌怪,16,tōa-chi̍h-koài,tua7tsih8kuai3,toa7chih8koai3
tuā-bú-lā,大舞抐,16,tōa-bú-lā,tua7bu2la7,toa7bu2la7
tuā-huê-hiunn,大茴香,16,tōa-hôe-hiuⁿ,tua7hue5hiunn1,toa7hoe5hiunn1
tuā-koo-tsîm,大菇蟳,16,tōa-ko͘-chîm,tua7koo1tsim5,toa7koo1chim5
tuā-lo̍h-kè,大落價,16,tōa-lo̍h-kè,tua7loh8ke3,toa7loh8ke3
tuā-kak-tshuì,大角喙,16,tōa-kak-chhùi,tua7kak4tshui3,toa7kak4chhui3
tuā-bâ-lî,大貓狸,16,tōa-bâ-lî,tua7ba5li5,toa7ba5li5
tuā-tsu-liāu,大資料,16,tōa-chu-liāu,tua7tsu1liau7,toa7chu1liau7
tuā-bē-tiûnn,大賣場,16,tōa-bē-tiûⁿ,tua7be7tiunn5,toa7be7tiunn5
tuā-kha-tháng,大跤桶,16,tōa-kha-tháng,tua7kha1thang2,toa7kha1thang2
tuā-kha-tâng,大跤胴,16,tōa-kha-tâng,tua7kha1tang5,toa7kha1tang5
tuā-tshia-giâ,大車夯,16,tōa-chhia-giâ,tua7tshia1gia5,toa7chhia1gia5
tuā-tshia-lōo,大車路,16,tōa-chhia-lō͘,tua7tshia1loo7,toa7chhia1loo7
tuā-pōo-hūn,大部分,16,tōa-pō͘-hūn,tua7poo7hun7,toa7poo7hun7
tāi-lí-kán,大里簡,16,tāi-lí-kán,tai7li2kan2,tai7li2kan2
tuā-kim-bīn,大金面,16,tōa-kim-bīn,tua7kim1bin7,toa7kim1bin7
tuā-tsiam-phang,大針蜂,16,tōa-chiam-phang,tua7tsiam1phang1,toa7chiam1phang1
tāi-pán-siânn,大阪城,16,tāi-pán-siâⁿ,tai7pan2siann5,tai7pan2siann5
tāi-pán-sio,大阪燒,16,tāi-pán-sio,tai7pan2sio1,tai7pan2sio1
tuā-bông-bū,大雺霧,16,tōa-bông-bū,tua7bong5bu7,toa7bong5bu7
tōa-bīn-sîn,大面神,16,tōa-bīn-sîn,toa7bin7sin5,toa7bin7sin5
tuā-thâu-su̍t,大頭使,16,tōa-thâu-su̍t,tua7thau5sut8,toa7thau5sut8
tuā-thâu-ke,大頭家,16,tōa-thâu-ke,tua7thau5ke1,toa7thau5ke1
tuā-thâu-bú,大頭拇,16,tōa-thâu-bú,tua7thau5bu2,toa7thau5bu2
tuā-thâu-bó,大頭母,16,tōa-thâu-bó,tua7thau5bo2,toa7thau5bo2
tuā-thâu-pēnn,大頭病,16,tōa-thâu-pēⁿ,tua7thau5penn7,toa7thau5penn7
tuā-thâu-tsìng,大頭症,16,tōa-thâu-chèng,tua7thau5tsing3,toa7thau5cheng3
tuā-thâu-tshài,大頭菜,16,tōa-thâu-chhài,tua7thau5tshai3,toa7thau5chhai3
tuā-thâu-hê,大頭蝦,16,tōa-thâu-hê,tua7thau5he5,toa7thau5he5
tuā-thâu-ting,大頭釘,16,tōa-thâu-teng,tua7thau5ting1,toa7thau5teng1
tuā-ām-kui,大頷胿,16,tōa-ām-kui,tua7am7kui1,toa7am7kui1
tuā-piánn-tôo,大餅圖,16,tōa-piáⁿ-tô͘,tua7piann2too5,toa7piann2too5
tāi-kuán-khián,大館犬,16,tāi-koán-khián,tai7kuan2khian2,tai7koan2khian2
tuā-tiánn-tshài,大鼎菜,16,tōa-tiáⁿ-chhài,tua7tiann2tshai3,toa7tiann2chhai3
tuā-ku-bó,大龜母,16,tōa-ku-bó,tua7ku1bo2,toa7ku1bo2
thian-hā-hiáng,天下響,16,thian-hā-hiáng,thian1ha7hiang2,thian1ha7hiang2
thian-káu-kim,天九金,16,thian-káu-kim,thian1kau2kim1,thian1kau2kim1
thinn-kuinn-báu,天光卯,16,thiⁿ-kuiⁿ-báu,thinn1kuinn1bau2,thinn1kuinn1bau2
thinn-kng-ah,天光啊,16,thiⁿ-kng-ah,thinn1kng1ah4,thinn1kng1ah4
thinn-kuinn-ah,天光啊,16,thiⁿ-kuiⁿ-ah,thinn1kuinn1ah4,thinn1kuinn1ah4
thinn-kong-peh,天公伯,16,thiⁿ-kong-peh,thinn1kong1peh4,thinn1kong1peh4
thinn-kong-tshenn,天公星,16,thiⁿ-kong-chheⁿ,thinn1kong1tshenn1,thinn1kong1chhenn1
thinn-kong-tshinn,天公星,16,thiⁿ-kong-chhiⁿ,thinn1kong1tshinn1,thinn1kong1chhinn1
thinn-kong-senn,天公生,16,thiⁿ-kong-seⁿ,thinn1kong1senn1,thinn1kong1senn1
thinn-kong-tsóo,天公祖,16,thiⁿ-kong-chó͘,thinn1kong1tsoo2,thinn1kong1choo2
thinn-a̍p-a̍p,天合合,16,thiⁿ-a̍p-a̍p,thinn1ap8ap8,thinn1ap8ap8
thian-an-bûn,天安門,16,thian-an-bûn,thian1an1bun5,thian1an1bun5
thian-an-mn̂g,天安門,16,thian-an-mn̂g,thian1an1mng5,thian1an1mng5
thian-tsha-ian,天差淵,16,thian-chha-ian,thian1tsha1ian1,thian1chha1ian1
thinn-thiah-ha̍h,天拆箬,16,thiⁿ-thiah-ha̍h,thinn1thiah4hah8,thinn1thiah4hah8
thinn-àm-ah,天暗啊,16,thiⁿ-àm-ah,thinn1am3ah4,thinn1am3ah4
thinn-bē-kuinn,天未光,16,thiⁿ-bē-kuiⁿ,thinn1be7kuinn1,thinn1be7kuinn1
thinn-ta-sò,天焦燥,16,thiⁿ-ta-sò,thinn1ta1so3,thinn1ta1so3
thian-káu-ji̍t,天狗日,16,thian-káu-ji̍t,thian1kau2jit8,thian1kau2jit8
thian-káu-gue̍h,天狗月,16,thian-káu-goe̍h,thian1kau2gueh8,thian1kau2goeh8
thian-kuì-suí,天癸水,16,thian-kùi-súi,thian1kui3sui2,thian1kui3sui2
thian-pîng-tsō,天秤座,16,thian-pêng-chō,thian1ping5tso7,thian1peng5cho7
thinn-tsua̍h-tuē,天縒地,16,thiⁿ-choa̍h-tōe,thinn1tsuah8tue7,thinn1choah8toe7
thinn-tsua̍h-tē,天縒地,16,thiⁿ-choa̍h-tē,thinn1tsuah8te7,thinn1choah8te7
thian-kong-tshenn,天罡星,16,thian-kong-chheⁿ,thian1kong1tshenn1,thian1kong1chhenn1
thian-kong-tshinn,天罡星,16,thian-kong-chhiⁿ,thian1kong1tshinn1,thian1kong1chhinn1
thian-kong-sîn,天罡神,16,thian-kong-sîn,thian1kong1sin5,thian1kong1sin5
thian-giat-tsō,天蠍座,16,thian-giat-chō,thian1giat4tso7,thian1giat4cho7
thian-tsâi-phiò,天財票,16,thian-châi-phiò,thian1tsai5phio3,thian1chai5phio3
thian-sàng-pi,天送埤,16,thian-sàng-pi,thian1sang3pi1,thian1sang3pi1
thian-liông-lâng,天龍人,16,thian-liông-lâng,thian1liong5lang5,thian1liong5lang5
thian-liông-kok,天龍國,16,thian-liông-kok,thian1liong5kok4,thian1liong5kok4
thài-bú-suann,太姥山,16,thài-bú-soaⁿ,thai3bu2suann1,thai3bu2soann1
thài-pîng-tóo,太平島,16,thài-pêng-tó͘,thai3ping5too2,thai3peng5too2
thài-suè-tshenn,太歲星,16,thài-sòe-chheⁿ,thai3sue3tshenn1,thai3soe3chhenn1
thài-suè-tshinn,太歲星,16,thài-sòe-chhiⁿ,thai3sue3tshinn1,thai3soe3chhinn1
thài-tsóo-ê,太祖个,16,thài-chó͘-ê,thai3tsoo2e5,thai3choo2e5
thài-khong-so,太空梭,16,thài-khong-so,thai3khong1so1,thai3khong1so1
thài-khong-tsûn,太空船,16,thài-khong-chûn,thai3khong1tsun5,thai3khong1chun5
thài-khong-sann,太空衫,16,thài-khong-saⁿ,thai3khong1sann1,thai3khong1sann1
thài-iông-lîng,太陽能,16,thài-iông-lêng,thai3iong5ling5,thai3iong5leng5
thài-iông-piánn,太陽餅,16,thài-iông-piáⁿ,thai3iong5piann2,thai3iong5piann2
iáu-siū-tse,夭壽災,16,iáu-siū-che,iau2siu7tse1,iau2siu7che1
iáu-siū-kut,夭壽骨,16,iáu-siū-kut,iau2siu7kut4,iau2siu7kut4
iáu-siū-kuí,夭壽鬼,16,iáu-siū-kúi,iau2siu7kui2,iau2siu7kui2
giâ-sè-kòo,夯勢故,16,giâ-sè-kò͘,gia5se3koo3,gia5se3koo3
giâ-sè-thâu,夯勢頭,16,giâ-sè-thâu,gia5se3thau5,gia5se3thau5
giâ-tsio̍h-lián,夯石碾,16,giâ-chio̍h-lián,gia5tsioh8lian2,gia5chioh8lian2
giâ-tsio̍h-lián,夯石輪,16,giâ-chio̍h-lián,gia5tsioh8lian2,gia5chioh8lian2
giâ-ngē-ko,夯硬篙,16,giâ-ngē-ko,gia5nge7ko1,gia5nge7ko1
giâ-ko-tshioh,夯篙尺,16,giâ-ko-chhioh,gia5ko1tshioh4,gia5ko1chhioh4
giâ-thih-lián,夯鐵輪,16,giâ-thih-lián,gia5thih4lian2,gia5thih4lian2
giâ-thī-ke,夯雉雞,16,giâ-thī-ke,gia5thi7ke1,gia5thi7ke1
sit-tì-tsìng,失智症,16,sit-tì-chèng,sit4ti3tsing3,sit4ti3cheng3
sit-lián-bīn,失臉面,16,sit-lián-bīn,sit4lian2bin7,sit4lian2bin7
sit-kak-tshat,失覺察,16,sit-kak-chhat,sit4kak4tshat4,sit4kak4chhat4
sit-kak-tshat,失角擦,16,sit-kak-chhat,sit4kak4tshat4,sit4kak4chhat4
sit-kiám-tiám,失點點,16,sit-kiám-tiám,sit4kiam2tiam2,sit4kiam2tiam2
ngeh-á-hē,夾仔蟹,16,ngeh-á-hē,ngeh4a2he7,ngeh4a2he7
phānn-tshit-á,奅姼仔,16,phāⁿ-chhit-á,phann7tshit4a2,phann7chhit4a2
phānn-tsa-bóo,奅查某,16,phāⁿ-cha-bó͘,phann7tsa1boo2,phann7cha1boo2
kî-li̍k-kán,奇力簡,16,kî-le̍k-kán,ki5lik8kan2,ki5lek8kan2
ki̋-moo-jī,奇檬字,16,kĭ-mo͘-jī,ki1moo1ji7,ki9moo1ji7
ī-mih-á,奕物仔,16,ī-mih-á,i7mih4a2,i7mih4a2
ī-tsu-á,奕珠仔,16,ī-chu-á,i7tsu1a2,i7chu1a2
thò--leh,套咧,16,thò--leh,tho3leh4,tho3leh4
ò-khik-lân,奧克蘭,16,ò-khek-lân,o3khik4lan5,o3khek4lan5
lú-tông-tsì,女同志,16,lú-tông-chì,lu2tong5tsi3,lu2tong5chi3
lú-tsú-hàn,女子漢,16,lú-chú-hàn,lu2tsu2han3,lu2chu2han3
lú-ông-thâu,女王頭,16,lú-ông-thâu,lu2ong5thau5,lu2ong5thau5
ling-á-tê,奶仔茶,16,leng-á-tê,ling1a2te5,leng1a2te5
ling-tòng-kńg,奶凍捲,16,leng-tòng-kńg,ling1tong3kng2,leng1tong3kng2
ling-kap-tê,奶敆茶,16,leng-kap-tê,ling1kap4te5,leng1kap4te5
ling-thàu-tê,奶透茶,16,leng-thàu-tê,ling1thau3te5,leng1thau3te5
ling-pn̄g-khó,奶飯洘,16,leng-pn̄g-khó,ling1png7kho2,leng1png7kho2
ni-pn̄g-khó,奶飯洘,16,ni-pn̄g-khó,ni1png7kho2,ni1png7kho2
hònn-tiong-kiû,好中球,16,hòⁿ-tiong-kiû,honn3tiong1kiu5,honn3tiong1kiu5
hó-ka-tsài,好佳哉,16,hó-ka-chài,ho2ka1tsai3,ho2ka1chai3
hó-ji̍p-tshuì,好入喙,16,hó-ji̍p-chhùi,ho2jip8tshui3,ho2jip8chhui3
hó-bué-sau,好尾梢,16,hó-bóe-sau,ho2bue2sau1,ho2boe2sau1
hó-tshī-to,好市多,16,hó-chhī-to,ho2tshi7to1,ho2chhi7to1
hó-tshī-tsháu,好市草,16,hó-chhī-chháu,ho2tshi7tshau2,ho2chhi7chhau2
hó-sóo-tsāi,好所在,16,hó-só͘-chāi,ho2soo2tsai7,ho2soo2chai7
hó-liú-la̍k,好扭搦,16,hó-liú-la̍k,ho2liu2lak8,ho2liu2lak8
hó-mih-á,好物仔,16,hó-mih-á,ho2mih4a2,ho2mih4a2
hó-tshiò-sîn,好笑神,16,hó-chhiò-sîn,ho2tshio3sin5,ho2chhio3sin5
hó-ang-bóo,好翁某,16,hó-ang-bó͘,ho2ang1boo2,ho2ang1boo2
hó-lî-lî,好離離,16,hó-lî-lî,ho2li5li5,ho2li5li5
hó-lī-lī,好離離,16,hó-lī-lī,ho2li7li7,ho2li7li7
hó-gia̍h-lâng,好額人,16,hó-gia̍h-lâng,ho2giah8lang5,ho2giah8lang5
hó-gia̍h-tshù,好額厝,16,hó-gia̍h-chhù,ho2giah8tshu3,ho2giah8chhu3
hó-gia̍h-suí,好額媠,16,hó-gia̍h-súi,ho2giah8sui2,ho2giah8sui2
hó-tsia̍h-mi̍h,好食物,16,hó-chia̍h-mi̍h,ho2tsiah8mih8,ho2chiah8mih8
hó-kut-keh,好骨骼,16,hó-kut-keh,ho2kut4keh4,ho2kut4keh4
hó-tàu-tīn,好鬥陣,16,hó-tàu-tīn,ho2tau3tin7,ho2tau3tin7
hó-tshuā-thâu,好𤆬頭,16,hó-chhōa-thâu,ho2tshua7thau5,ho2chhoa7thau5
gián-tè-tè,妍塊塊,16,gián-tè-tè,gian2te3te3,gian2te3te3
uí-sū-kì,委士記,16,úi-sū-kì,ui2su7ki3,ui2su7ki3
iâu-ka-bûn,姚嘉文,16,iâu-ka-bûn,iau5ka1bun5,iau5ka1bun5
khiang-á-liâu,姜仔寮,16,khiang-á-liâu,khiang1a2liau5,khiang1a2liau5
khiong-á-liâu,姜仔寮,16,khiong-á-liâu,khiong1a2liau5,khiong1a2liau5
kiong-á-liâu,姜仔寮,16,kiong-á-liâu,kiong1a2liau5,kiong1a2liau5
kàn-lín-niâ,姦恁娘,16,kàn-lín-niâ,kan3lin2nia5,kan3lin2nia5
î--á,姨仔,16,î--á,i5a2,i5a2
tshit-á-káu,姼仔狗,16,chhit-á-káu,tshit4a2kau2,chhit4a2kau2
tshit-á-gâm,姼仔癌,16,chhit-á-gâm,tshit4a2gam5,chhit4a2gam5
tshit-á-khue,姼仔詼,16,chhit-á-khoe,tshit4a2khue1,chhit4a2khoe1
niû-hio̍h-thâng,娘葉蟲,16,niû-hio̍h-thâng,niu5hioh8thang5,niu5hioh8thang5
tshuā-ke-āu,娶家後,16,chhōa-ke-āu,tshua7ke1au7,chhoa7ke1au7
tshuā-sin-niû,娶新娘,16,chhōa-sin-niû,tshua7sin1niu5,chhoa7sin1niu5
tshuā-tsa-bóo,娶查某,16,chhōa-cha-bó͘,tshua7tsa1boo2,chhoa7cha1boo2
tshuā-khan-tshiú,娶牽手,16,chhōa-khan-chhiú,tshua7khan1tshiu2,chhoa7khan1chhiu2
piáu-á-kiánn,婊子囝,16,piáu-á-kiáⁿ,piau2a2kiann2,piau2a2kiann2
hū-jîn-lâng,婦人人,16,hū-jîn-lâng,hu7jin5lang5,hu7jin5lang5
hū-lí-pīnn,婦女病,16,hū-lí-pīⁿ,hu7li2pinn7,hu7li2pinn7
hū-lú-pēnn,婦女病,16,hū-lú-pēⁿ,hu7lu2penn7,hu7lu2penn7
suí--lah,媠啦,16,súi--lah,sui2lah4,sui2lah4
suí--ooh,媠喔,16,súi--o͘h,sui2ooh4,sui2ooh4
suí-tang-tang,媠噹噹,16,súi-tang-tang,sui2tang1tang1,sui2tang1tang1
suí-koo-niû,媠姑娘,16,súi-ko͘-niû,sui2koo1niu5,sui2koo1niu5
súi-koo-niû,媠姑娘,16,súi-ko͘-niû,sui2koo1niu5,sui2koo1niu5
suí-má-mah,媠媽媽,16,súi-má-mah,sui2ma2mah4,sui2ma2mah4
suí-ti-kàu,媠豬教,16,súi-ti-kàu,sui2ti1kau3,sui2ti1kau3
má-î-tshù,媽姨厝,16,má-î-chhù,ma2i5tshu3,ma2i5chhu3
má-tong-lôo,媽當奴,16,má-tong-lô͘,ma2tong1loo5,ma2tong1loo5
má-tsóo-tshenn,媽祖星,16,má-chó͘-chheⁿ,ma2tsoo2tshenn1,ma2choo2chhenn1
má-tsóo-tshinn,媽祖星,16,má-chó͘-chhiⁿ,ma2tsoo2tshinn1,ma2choo2chhinn1
má-tsóo-tshân,媽祖田,16,má-chó͘-chhân,ma2tsoo2tshan5,ma2choo2chhan5
má-tsóo-hî,媽祖魚,16,má-chó͘-hî,ma2tsoo2hi5,ma2choo2hi5
hiâm-guá-bái,嫌我䆀,16,hiâm-góa-bái,hiam5gua2bai2,hiam5goa2bai2
hiâu-muē-á,嬈妹仔,16,hiâu-mōe-á,hiau5mue7a2,hiau5moe7a2
hiâu-kha-tshng,嬈尻川,16,hiâu-kha-chhng,hiau5kha1tshng1,hiau5kha1chhng1
enn-á-tiâu,嬰仔潮,16,eⁿ-á-tiâu,enn1a2tiau5,enn1a2tiau5
tsú-ngóo-gî,子午儀,16,chú-ngó͘-gî,tsu2ngoo2gi5,chu2ngoo2gi5
tsú-kiong-tshuì,子宮喙,16,chú-kiong-chhùi,tsu2kiong1tshui3,chu2kiong1chhui3
tsú-kiong-thâu,子宮頭,16,chú-kiong-thâu,tsu2kiong1thau5,chu2kiong1thau5
tsú-kiong-kíng,子宮頸,16,chú-kiong-kéng,tsu2kiong1king2,chu2kiong1keng2
khóng-tsú-kàu,孔子教,16,khóng-chú-kàu,khong2tsu2kau3,khong2chu2kau3
khóng-bûn-tshia,孔文車,16,khóng-bûn-chhia,khong2bun5tshia1,khong2bun5chhia1
khóng-bîng-ting,孔明燈,16,khóng-bêng-teng,khong2bing5ting1,khong2beng5teng1
khóng-tshiok-ham,孔雀蚶,16,khóng-chhiok-ham,khong2tshiok4ham1,khong2chhiok4ham1
khóng-tshiok-piánn,孔雀餅,16,khóng-chhiok-piáⁿ,khong2tshiok4piann2,khong2chhiok4piann2
jī-sī-tsong,字是蹤,16,jī-sī-chong,ji7si7tsong1,ji7si7chong1
jī-tiâu-á,字條仔,16,jī-tiâu-á,ji7tiau5a2,ji7tiau5a2
lī-tiâu-á,字條仔,16,lī-tiâu-á,li7tiau5a2,li7tiau5a2
koo-lâng-pâng,孤人房,16,ko͘-lâng-pâng,koo1lang5pang5,koo1lang5pang5
koo-jī-īnn,孤兒院,16,ko͘-jī-īⁿ,koo1ji7inn7,koo1ji7inn7
koo-khiā-phang,孤徛蜂,16,ko͘-khiā-phang,koo1khia7phang1,koo1khia7phang1
koo-kioh-hì,孤腳戲,16,ko͘-kioh-hì,koo1kioh4hi3,koo1kioh4hi3
koo-lián-tshia,孤輪車,16,ko͘-lián-chhia,koo1lian2tshia1,koo1lian2chhia1
koo-kau-kóo,孤鉤股,16,ko͘-kau-kó͘,koo1kau1koo2,koo1kau1koo2
koo-n̂g-niau,孤黃貓,16,ko͘-n̂g-niau,koo1ng5niau1,koo1ng5niau1
koo-khu̍t-ê,孤𣮈的,16,ko͘-khu̍t-ê,koo1khut8e5,koo1khut8e5
ha̍k-tsí-á,學姊仔,16,ha̍k-chí-á,hak8tsi2a2,hak8chi2a2
ha̍k-tē-á,學弟仔,16,ha̍k-tē-á,hak8te7a2,hak8te7a2
ha̍k-sing-á,學生仔,16,ha̍k-seng-á,hak8sing1a2,hak8seng1a2
ha̍k-sing-huē,學生會,16,ha̍k-seng-hōe,hak8sing1hue7,hak8seng1hoe7
ha̍k-kah-pó,學甲堡,16,ha̍k-kah-pó,hak8kah4po2,hak8kah4po2
gia̍t-siâu-uē,孽潲話,16,gia̍t-siâu-ōe,giat8siau5ue7,giat8siau5oe7
the̍h-kip-piān,宅急便,16,the̍h-kip-piān,theh8kip4pian7,theh8kip4pian7
ú-khik-lân,宇克蘭,16,ú-khek-lân,u2khik4lan5,u2khek4lan5
ú-tiū-lâng,宇宙人,16,ú-tiū-lâng,u2tiu7lang5,u2tiu7lang5
ú-tsì-pi̍k,宇志白,16,ú-chì-pe̍k,u2tsi3pik8,u2chi3pek8
ú-hâng-tsiá,宇航者,16,ú-hâng-chiá,u2hang5tsia2,u2hang5chia2
ú-hâng-tsûn,宇航船,16,ú-hâng-chûn,u2hang5tsun5,u2hang5chun5
siú-siânn-hūn,守城份,16,siú-siâⁿ-hūn,siu2siann5hun7,siu2siann5hun7
an-tsuân-thò,安全套,16,an-choân-thò,an1tsuan5tho3,an1choan5tho3
an-tsuân-í,安全椅,16,an-choân-í,an1tsuan5i2,an1choan5i2
an-tsuân-tsiam,安全針,16,an-choân-chiam,an1tsuan5tsiam1,an1choan5chiam1
an-thò-á,安套仔,16,an-thò-á,an1tho3a2,an1tho3a2
an-sia̍h-á,安杓仔,16,an-sia̍h-á,an1siah8a2,an1siah8a2
an-lo̍k-o,安樂窩,16,an-lo̍k-o,an1lok8o1,an1lok8o1
an-tông-uê,安童喂,16,an-tông-ôe,an1tong5ue5,an1tong5oe5
an-tshin-pan,安親班,16,an-chhin-pan,an1tshin1pan1,an1chhin1pan1
sòng-tshóo-jû,宋楚瑜,16,sòng-chhó͘-jû,song3tshoo2ju5,song3chhoo2ju5
sòng-tshóo-lû,宋楚瑜,16,sòng-chhó͘-lû,song3tshoo2lu5,song3chhoo2lu5
sòng-bí-lîng,宋美齡,16,sòng-bí-lêng,song3bi2ling5,song3bi2leng5
hông-gâ-lī,宏牙利,16,hông-gâ-lī,hong5ga5li7,hong5ga5li7
tīng-kè-pió,定價表,16,tēng-kè-pió,ting7ke3pio2,teng7ke3pio2
tiānn--khì,定去,16,tiāⁿ--khì,tiann7khi3,tiann7khi3
tiānn--khù,定去,16,tiāⁿ--khù,tiann7khu3,tiann7khu3
tīng-kî-tsûn,定期船,16,tēng-kî-chûn,ting7ki5tsun5,teng7ki5chun5
tiānn-sé-tshiú,定洗手,16,tiāⁿ-sé-chhiú,tiann7se2tshiu2,tiann7se2chhiu2
kheh-thîng-tshia,客停車,16,kheh-thêng-chhia,kheh4thing5tshia1,kheh4theng5chhia1
kheh-ka-lâng,客家人,16,kheh-ka-lâng,kheh4ka1lang5,kheh4ka1lang5
kheh-ka-bûn,客家文,16,kheh-ka-bûn,kheh4ka1bun5,kheh4ka1bun5
kheh-ka-uē,客家話,16,kheh-ka-ōe,kheh4ka1ue7,kheh4ka1oe7
kheh-lîng-tshia,客行車,16,kheh-lêng-chhia,kheh4ling5tshia1,kheh4leng5chhia1
kheh-ūn-tîng,客運亭,16,kheh-ūn-têng,kheh4un7ting5,kheh4un7teng5
kheh-ūn-ê,客運的,16,kheh-ūn-ê,kheh4un7e5,kheh4un7e5
kheh-tsiáu-hue,客鳥花,16,kheh-chiáu-hoe,kheh4tsiau2hue1,kheh4chiau2hoe1
hāi-tshám-tshám,害慘慘,16,hāi-chhám-chhám,hai7tsham2tsham2,hai7chham2chham2
hāi-liú-liú,害扭扭,16,hāi-liú-liú,hai7liu2liu2,hai7liu2liu2
hāi-liú-liú,害溜溜,16,hāi-liú-liú,hai7liu2liu2,hai7liu2liu2
hāi--ah,害矣,16,hāi--ah,hai7ah4,hai7ah4
ke-hué-á,家伙仔,16,ke-hóe-á,ke1hue2a2,ke1hoe2a2
ka-kī-lâi,家己來,16,ka-kī-lâi,ka1ki7lai5,ka1ki7lai5
ka-kī-tshī,家己飼,16,ka-kī-chhī,ka1ki7tshi7,ka1ki7chhi7
ka-lo̍k-hok,家樂福,16,ka-lo̍k-hok,ka1lok8hok4,ka1lok8hok4
ke-si-lâng,家私人,16,ke-si-lâng,ke1si1lang5,ke1si1lang5
bi̍t-bé-tsînn,密碼錢,16,bi̍t-bé-chîⁿ,bit8be2tsinn5,bit8be2chinn5
bi̍t-khoo-gîn,密箍銀,16,bi̍t-kho͘-gîn,bit8khoo1gin5,bit8khoo1gin5
hù-sū-suann,富士山,16,hù-sū-soaⁿ,hu3su7suann1,hu3su7soann1
hù-kuì-kak,富貴角,16,hù-kùi-kak,hu3kui3kak4,hu3kui3kak4
tshím-tâi-tshia,寢臺車,16,chhím-tâi-chhia,tshim2tai5tshia1,chhim2tai5chhia1
si̍t-tsāi-kóng,實在講,16,si̍t-chāi-kóng,sit8tsai7kong2,sit8chai7kong2
si̍t-kiàⁿ-siù,實境秀,16,si̍t-kiàⁿ-siù,sit8kiaⁿ3siu3,sit8kiann3siu3
sit-hóng-tsú,實況主,16,sit-hóng-chú,sit4hong2tsu2,sit4hong2chu2
si̍t-si̍p-sing,實習生,16,si̍t-si̍p-seng,sit8sip8sing1,sit8sip8seng1
si̍t-liân-tsè,實聯制,16,si̍t-liân-chè,sit8lian5tse3,sit8lian5che3
tsa̍t-thâu-king,實頭間,16,cha̍t-thâu-keng,tsat8thau5king1,chat8thau5keng1
siá-kong-khò,寫功課,16,siá-kong-khò,sia2kong1kho3,sia2kong1kho3
siá-kám-sióng,寫感想,16,siá-kám-sióng,sia2kam2siong2,sia2kam2siong2
siá-thêng-sū,寫程序,16,siá-thêng-sū,sia2theng5su7,sia2theng5su7
pó-kè-bōng,寶價望,16,pó-kè-bōng,po2ke3bong7,po2ke3bong7
pó-khó-bōng,寶可夢,16,pó-khó-bōng,po2kho2bong7,po2kho2bong7
pó-táu-tshù,寶斗厝,16,pó-táu-chhù,po2tau2tshu3,po2tau2chhu3
pó-táu-tìn,寶斗鎮,16,pó-táu-tìn,po2tau2tin3,po2tau2tin3
pó-song-tsng,寶桑莊,16,pó-song-chng,po2song1tsng1,po2song1chng1
pó-puè-kiû,寶貝球,16,pó-pòe-kiû,po2pue3kiu5,po2poe3kiu5
hong-khòng-lóo,封炕滷,16,hong-khòng-ló͘,hong1khong3loo2,hong1khong3loo2
siā-tshiú-tsō,射手座,16,siā-chhiú-chō,sia7tshiu2tso7,sia7chhiu2cho7
tsiong-kun-tiùnn,將軍帳,16,chiong-kun-tiùⁿ,tsiong1kun1tiunn3,chiong1kun1tiunn3
tsiang-kun-ò,將軍澳,16,chiang-kun-ò,tsiang1kun1o3,chiang1kun1o3
tsiong-kun-ò,將軍澳,16,chiong-kun-ò,tsiong1kun1o3,chiong1kun1o3
tsiong-kun-tsng,將軍莊,16,chiong-kun-chng,tsiong1kun1tsng1,chiong1kun1chng1
tsiong-tsìn-tsiú,將進酒,16,chiong-chìn-chiú,tsiong1tsin3tsiu2,chiong1chin3chiu2
tsuan-iōng-tō,專用道,16,choan-iōng-tō,tsuan1iong7to7,choan1iong7to7
tuì-liû-khuan,對流圈,16,tùi-liû-khoan,tui3liu5khuan1,tui3liu5khoan1
tuì-thâu-gōo,對頭誤,16,tùi-thâu-gō͘,tui3thau5goo7,tui3thau5goo7
tō--ê,導的,16,tō--ê,to7e5,to7e5
siáu-thiú-á,小丑仔,16,siáu-thiú-á,siau2thiu2a2,siau2thiu2a2
sió-thiú-hî,小丑魚,16,sió-thiú-hî,sio2thiu2hi5,sio2thiu2hi5
siáu-jîn-kok,小人國,16,siáu-jîn-kok,siau2jin5kok4,siau2jin5kok4
sió-khuá-á,小可仔,16,sió-khóa-á,sio2khua2a2,sio2khoa2a2
sió-lat-pah,小喇叭,16,sió-lat-pah,sio2lat4pah4,sio2lat4pah4
siáu-phí-ku,小屁股,16,siáu-phí-ku,siau2phi2ku1,siau2phi2ku1
sió-suann-lūn,小山崙,16,sió-soaⁿ-lūn,sio2suann1lun7,sio2soann1lun7
sió-kī-tàn,小巨蛋,16,sió-kī-tàn,sio2ki7tan3,sio2ki7tan3
sió-kan-lo̍k,小干樂,16,sió-kan-lo̍k,sio2kan1lok8,sio2kan1lok8
sió-hi̍k-tshenn,小惑星,16,sió-he̍k-chheⁿ,sio2hik8tshenn1,sio2hek8chhenn1
sió-hi̍k-tshinn,小惑星,16,sió-he̍k-chhiⁿ,sio2hik8tshinn1,sio2hek8chhinn1
sió-sòo-tiám,小數點,16,sió-sò͘-tiám,sio2soo3tiam2,sio2soo3tiam2
sió-pîng-iú,小朋友,16,sió-pêng-iú,sio2ping5iu2,sio2peng5iu2
sió-iû-khenn,小油坑,16,sió-iû-kheⁿ,sio2iu5khenn1,sio2iu5khenn1
sió-hué-liông,小火龍,16,sió-hóe-liông,sio2hue2liong5,sio2hoe2liong5
sió-liû-khiû,小琉球,16,sió-liû-khiû,sio2liu5khiu5,sio2liu5khiu5
sió-sing-lí,小生理,16,sió-seng-lí,sio2sing1li2,sio2seng1li2
sió-khak-hīng,小確幸,16,sió-khak-hēng,sio2khak4hing7,sio2khak4heng7
sió-hueh-kiû,小血球,16,sió-hoeh-kiû,sio2hueh4kiu5,sio2hoeh4kiu5
sió-hi̍k-tshenn,小行星,16,sió-he̍k-chheⁿ,sio2hik8tshenn1,sio2hek8chhenn1
sió-hi̍k-tshinn,小行星,16,sió-he̍k-chhiⁿ,sio2hik8tshinn1,sio2hek8chhinn1
sió-sin-hūn,小身份,16,sió-sin-hūn,sio2sin1hun7,sio2sin1hun7
sió-kuè-nî,小過年,16,sió-kòe-nî,sio2kue3ni5,sio2koe3ni5
siáu-kueh-káu,小郭狗,16,siáu-koeh-káu,siau2kueh4kau2,siau2koeh4kau2
siáu-phí-lián,小鄙臉,16,siáu-phí-lián,siau2phi2lian2,siau2phi2lian2
sió-kim-bīn,小金面,16,sió-kim-bīn,sio2kim1bin7,sio2kim1bin7
sió-bīn-sîn,小面神,16,sió-bīn-sîn,sio2bin7sin5,sio2bin7sin5
sió-tiám-á,小點仔,16,sió-tiám-á,sio2tiam2a2,sio2tiam2a2
tsió-kiánn-huà,少囝化,16,chió-kiáⁿ-hòa,tsio2kiann2hua3,chio2kiann2hoa3
tsió-thâu-tshuì,少頭喙,16,chió-thâu-chhùi,tsio2thau5tshui3,chio2thau5chhui3
tsiam-tshuì-tsiáu,尖喙鳥,16,chiam-chhùi-chiáu,tsiam1tshui3tsiau2,chiam1chhui3chiau2
tsiam-sua-tshuì,尖沙喙,16,chiam-soa-chhùi,tsiam1sua1tshui3,chiam1soa1chhui3
tsiam-tsu̍t-á,尖秫仔,16,chiam-chu̍t-á,tsiam1tsut8a2,chiam1chut8a2
tsiam-piánn-khak,尖餅殼,16,chiam-piáⁿ-khak,tsiam1piann2khak4,chiam1piann2khak4
ang-á-sian,尪仔先,16,ang-á-sian,ang1a2sian1,ang1a2sian1
ang-á-nn̄g,尪仔卵,16,ang-á-nn̄g,ang1a2nng7,ang1a2nng7
ang-á-hì,尪仔戲,16,ang-á-hì,ang1a2hi3,ang1a2hi3
ang-î-tshù,尪姨厝,16,ang-î-chhù,ang1i5tshu3,ang1i5chhu3
ang-kè-toh,尪架桌,16,ang-kè-toh,ang1ke3toh4,ang1ke3toh4
kha-tshng-kháu,尻川口,16,kha-chhng-kháu,kha1tshng1khau2,kha1chhng1khau2
kha-tshuinn-kháu,尻川口,16,kha-chhuiⁿ-kháu,kha1tshuinn1khau2,kha1chhuinn1khau2
kha-tshng-tiàm,尻川店,16,kha-chhng-tiàm,kha1tshng1tiam3,kha1chhng1tiam3
kha-tshng-moo,尻川毛,16,kha-chhng-mo͘,kha1tshng1moo1,kha1chhng1moo1
kha-tshng-kiû,尻川球,16,kha-chhng-kiû,kha1tshng1kiu5,kha1chhng1kiu5
kha-tshng-tsiūnn,尻川癢,16,kha-chhng-chiūⁿ,kha1tshng1tsiunn7,kha1chhng1chiunn7
kha-tshng-khang,尻川空,16,kha-chhng-khang,kha1tshng1khang1,kha1chhng1khang1
kha-tshng-that,尻川窒,16,kha-chhng-that,kha1tshng1that4,kha1chhng1that4
kha-tshng-mn̂g,尻川門,16,kha-chhng-mn̂g,kha1tshng1mng5,kha1chhng1mng5
kha-tshuinn-muî,尻川門,16,kha-chhuiⁿ-mûi,kha1tshuinn1mui5,kha1chhuinn1mui5
kha-tshng-thâu,尻川頭,16,kha-chhng-thâu,kha1tshng1thau5,kha1chhng1thau5
kha-tshuinn-thâu,尻川頭,16,kha-chhuiⁿ-thâu,kha1tshuinn1thau5,kha1chhuinn1thau5
kha-tsiah-āu,尻脊後,16,kha-chiah-āu,kha1tsiah4au7,kha1chiah4au7
bué-á-tsáinn,尾仔指,16,bóe-á-cháiⁿ,bue2a2tsainn2,boe2a2chainn2
bué-tsàn-lâu,尾層樓,16,bóe-chàn-lâu,bue2tsan3lau5,boe2chan3lau5
bé-tsàn-lâu,尾層樓,16,bé-chàn-lâu,be2tsan3lau5,be2chan3lau5
bué-tsáinn-á,尾指仔,16,bóe-cháiⁿ-á,bue2tsainn2a2,boe2chainn2a2
bué-tsíng-tsáinn,尾指指,16,bóe-chéng-cháiⁿ,bue2tsing2tsainn2,boe2cheng2chainn2
bué-àm-á,尾暗仔,16,bóe-àm-á,bue2am3a2,boe2am3a2
bué-àm-má,尾暗矣,16,bóe-àm-má,bue2am3ma2,boe2am3ma2
bué-liu-hué,尾溜火,16,bóe-liu-hóe,bue2liu1hue2,boe2liu1hoe2
bué-tâng-kut,尾胴骨,16,bóe-tâng-kut,bue2tang5kut4,boe2tang5kut4
bé-tâng-kut,尾胴骨,16,bé-tâng-kut,be2tang5kut4,be2tang5kut4
bué-ngia̍uh-á,尾蟯仔,16,bóe-ngia̍uh-á,bue2ngiauh8a2,boe2ngiauh8a2
jiō-tsū-á,尿苴仔,16,jiō-chū-á,jio7tsu7a2,jio7chu7a2
kio̍k-put-kio̍k,局不局,16,kio̍k-put-kio̍k,kiok8put4kiok8,kiok8put4kiok8
ki̍k-put-ki̍k,局不局,16,ke̍k-put-ke̍k,kik8put4kik8,kek8put4kek8
phuì-that-á,屁窒仔,16,phùi-that-á,phui3that4a2,phui3that4a2
ku-pí-lōo,居比路,16,ku-pí-lō͘,ku1pi2loo7,ku1pi2loo7
khut-kùn-kiû,屈棍球,16,khut-kùn-kiû,khut4kun3kiu5,khut4kun3kiu5
ok-kiú-tó,屋久島,16,ok-kiú-tó,ok4kiu2to2,ok4kiu2to2
sái-á-khang,屎仔空,16,sái-á-khang,sai2a2khang1,sai2a2khang1
sái--lah,屎啦,16,sái--lah,sai2lah4,sai2lah4
sái-bué-tshù,屎尾厝,16,sái-bóe-chhù,sai2bue2tshu3,sai2boe2chhu3
sái-bé-tshù,屎尾厝,16,sái-bé-chhù,sai2be2tshu3,sai2be2chhu3
sái-pue-khí,屎桮齒,16,sái-poe-khí,sai2pue1khi2,sai2poe1khi2
sái-ha̍k-á,屎礐仔,16,sái-ha̍k-á,sai2hak8a2,sai2hak8a2
sái-ku-thâng,屎龜蟲,16,sái-ku-thâng,sai2ku1thang5,sai2ku1thang5
tián-pó-bûn,展寶文,16,tián-pó-bûn,tian2po2bun5,tian2po2bun5
tián-lám-kuán,展覽館,16,tián-lám-koán,tian2lam2kuan2,tian2lam2koan2
ban-tsik-á,屘叔仔,16,ban-chek-á,ban1tsik4a2,ban1chek4a2
siap-àm-oo,屧暗烏,16,siap-àm-o͘,siap4am3oo1,siap4am3oo1
sio̍k-tan-jī,屬單字,16,sio̍k-tan-jī,siok8tan1ji7,siok8tan1ji7
suann-á-káng,山仔港,16,soaⁿ-á-káng,suann1a2kang2,soann1a2kang2
suann-á-kha,山仔跤,16,soaⁿ-á-kha,suann1a2kha1,soann1a2kha1
suann-sian-tsa,山仙楂,16,soaⁿ-sian-cha,suann1sian1tsa1,soann1sian1cha1
suann-tē-mn̂g,山地門,16,soaⁿ-tē-mn̂g,suann1te7mng5,soann1te7mng5
suann-phiânn-á,山坪仔,16,soaⁿ-phiâⁿ-á,suann1phiann5a2,soann1phiann5a2
suann-thôo-tāu,山塗豆,16,soaⁿ-thô͘-tāu,suann1thoo5tau7,soann1thoo5tau7
suann-bué-liu,山尾溜,16,soaⁿ-bóe-liu,suann1bue2liu1,soann1boe2liu1
suann-bé-liu,山尾溜,16,soaⁿ-bé-liu,suann1be2liu1,soann1be2liu1
suann-khàm-té,山崁底,16,soaⁿ-khàm-té,suann1kham3te2,soann1kham3te2
suann-lūn-á,山崙仔,16,soaⁿ-lūn-á,suann1lun7a2,soann1lun7a2
suann-àm-kong,山暗光,16,soaⁿ-àm-kong,suann1am3kong1,soann1am3kong1
suann-tsàn-hue,山棧花,16,soaⁿ-chàn-hoe,suann1tsan3hue1,soann1chan3hoe1
san-tsa-tshiám,山楂攕,16,san-cha-chhiám,san1tsa1tshiam2,san1cha1chhiam2
sian-tsa-tshiám,山楂攕,16,sian-cha-chhiám,sian1tsa1tshiam2,sian1cha1chhiam2
suann-iûnn-á,山羊仔,16,soaⁿ-iûⁿ-á,suann1iunn5a2,soann1iunn5a2
suann-tsu-jû,山茱萸,16,soaⁿ-chu-jû,suann1tsu1ju5,soann1chu1ju5
suann-bûn-bó,山蚊母,16,soaⁿ-bûn-bó,suann1bun5bo2,soann1bun5bo2
suann-sai-síng,山西省,16,soaⁿ-sai-séng,suann1sai1sing2,soann1sai1seng2
suann-ti-mn̂g,山豬毛,16,soaⁿ-ti-mn̂g,suann1ti1mng5,soann1ti1mng5
suann-phīnn-á,山鼻仔,16,soaⁿ-phīⁿ-á,suann1phinn7a2,soann1phinn7a2
kî-hū-kuān,岐阜縣,16,kî-hū-koān,ki5hu7kuan7,ki5hu7koan7
giâm-tsiunn-gâm,岩漿岩,16,giâm-chiuⁿ-gâm,giam5tsiunn1gam5,giam5chiunn1gam5
gâm-tsiunn-giâm,岩漿岩,16,gâm-chiuⁿ-giâm,gam5tsiunn1giam5,gam5chiunn1giam5
bâ-lí-tó,峇里島,16,bâ-lí-tó,ba5li2to2,ba5li2to2
khàm-á-kha,崁仔跤,16,khàm-á-kha,kham3a2kha1,kham3a2kha1
khàm-phû-lián,崁浮輪,16,khàm-phû-lián,kham3phu5lian2,kham3phu5lian2
khàm-hué-ko,崁火鍋,16,khàm-hóe-ko,kham3hue2ko1,kham3hoe2ko1
khàm-hâ-ko,崁瑕膏,16,khàm-hâ-ko,kham3ha5ko1,kham3ha5ko1
khàm-thâu-ah,崁頭鴨,16,khàm-thâu-ah,kham3thau5ah4,kham3thau5ah4
lūn-á-tíng,崙仔頂,16,lūn-á-téng,lun7a2ting2,lun7a2teng2
pang--khì,崩去,16,pang--khì,pang1khi3,pang1khi3
pang--khìr,崩去,16,pang--khìr,pang1khir3,pang1khir3
pang--khù,崩去,16,pang--khù,pang1khu3,pang1khu3
khàm-thâu-ok,嵌頭屋,16,khàm-thâu-ok,kham3thau5ok4,kham3thau5ok4
tshuan-á-kau,川仔溝,16,chhoan-á-kau,tshuan1a2kau1,chhoan1a2kau1
sûn-iûnn-lām,巡洋艦,16,sûn-iûⁿ-lām,sun5iunn5lam7,sun5iunn5lam7
kang-tsok-tsìng,工作證,16,kang-chok-chèng,kang1tsok4tsing3,kang1chok4cheng3
kang-khū-king,工具間,16,kang-khū-keng,kang1khu7king1,kang1khu7keng1
kang-hu-nn̄g,工夫卵,16,kang-hu-nn̄g,kang1hu1nng7,kang1hu1nng7
khang-khuè-lōo,工課路,16,khang-khòe-lō͘,khang1khue3loo7,khang1khoe3loo7
tsó-iū-lîn,左右鄰,16,chó-iū-lîn,tso2iu7lin5,cho2iu7lin5
khiáu-khik-li̍k,巧克力,16,khiáu-khek-le̍k,khiau2khik4lik8,khiau2khek4lek8
khá-su-kòo,巧司購,16,khá-su-kò͘,kha2su1koo3,kha2su1koo3
khiáu-teh-teh,巧塊塊,16,khiáu-teh-teh,khiau2teh4teh4,khiau2teh4teh4
khá-sū-kòo,巧士購,16,khá-sū-kò͘,kha2su7koo3,kha2su7koo3
khiáu-ki-á,巧機仔,16,khiáu-ki-á,khiau2ki1a2,khiau2ki1a2
kī-jîn-luī,巨人類,16,kī-jîn-lūi,ki7jin5lui7,ki7jin5lui7
kī-hē-tsō,巨蟹座,16,kī-hē-chō,ki7he7tso7,ki7he7cho7
kīr-hēre-tsō,巨蟹座,16,kīr-hēre-chō,kir7here7tso7,kir7here7cho7
kū-huē-tsō,巨蟹座,16,kū-hōe-chō,ku7hue7tso7,ku7hoe7cho7
pa-khik-lé,巴克禮,16,pa-khek-lé,pa1khik4le2,pa1khek4le2
pa-lóng-ué,巴壟衛,16,pa-lóng-óe,pa1long2ue2,pa1long2oe2
pa-pí-lûn,巴比倫,16,pa-pí-lûn,pa1pi2lun5,pa1pi2lun5
pa-kôo-á,巴糊仔,16,pa-kô͘-á,pa1koo5a2,pa1koo5a2
tshī-tsháu-bái,市草䆀,16,chhī-chháu-bái,tshi7tshau2bai2,chhi7chhau2bai2
pòo-ang-á,布尪仔,16,pò͘-ang-á,poo3ang1a2,poo3ang1a2
pòo-kuà-á,布掛仔,16,pò͘-kòa-á,poo3kua3a2,poo3koa3a2
pòo-lu-á,布攄仔,16,pò͘-lu-á,poo3lu1a2,poo3lu1a2
pòo-phâng-tshù,布篷厝,16,pò͘-phâng-chhù,poo3phang5tshu3,poo3phang5chhu3
pòo-lî-á,布籬仔,16,pò͘-lî-á,poo3li5a2,poo3li5a2
pòo-tē-tshuì,布袋喙,16,pò͘-tē-chhùi,poo3te7tshui3,poo3te7chhui3
pòo-tē-lin,布袋奶,16,pò͘-tē-lin,poo3te7lin1,poo3te7lin1
pòo-tē-ling,布袋奶,16,pò͘-tē-leng,poo3te7ling1,poo3te7leng1
pòo-tē-ni,布袋奶,16,pò͘-tē-ni,poo3te7ni1,poo3te7ni1
pòo-tē-tshí,布袋鼠,16,pò͘-tē-chhí,poo3te7tshi2,poo3te7chhi2
pòo-ê-á,布鞋仔,16,pò͘-ê-á,poo3e5a2,poo3e5a2
phè-á-kin,帕仔巾,16,phè-á-kin,phe3a2kin1,phe3a2kin1
phè-á-tsong,帕仔裝,16,phè-á-chong,phe3a2tsong1,phe3a2chong1
tè-ông-phang,帝王蜂,16,tè-ông-phang,te3ong5phang1,te3ong5phang1
hàinn-tōng-tsiu,幌動州,16,hàiⁿ-tōng-chiu,hainn3tong7tsiu1,hainn3tong7chiu1
hàinn-tōng-tshiu,幌盪鞦,16,hàiⁿ-tōng-chhiu,hainn3tong7tshiu1,hainn3tong7chhiu1
hàinn-nâ-á,幌籃仔,16,hàiⁿ-nâ-á,hainn3na5a2,hainn3na5a2
hàinn-lô-á,幌籮仔,16,hàiⁿ-lô-á,hainn3lo5a2,hainn3lo5a2
kan-á-bū,干仔霧,16,kan-á-bū,kan1a2bu7,kan1a2bu7
kan-na-ē,干焦會,16,kan-na-ē,kan1na1e7,kan1na1e7
kan-o-ta̍t,干阿達,16,kan-o-ta̍t,kan1o1tat8,kan1o1tat8
pîng-hong-kin,平方根,16,pêng-hong-kin,ping5hong1kin1,peng5hong1kin1
pîng-hong-kun,平方根,16,pêng-hong-kun,ping5hong1kun1,peng5hong1kun1
pênn-pho-pho,平波波,16,pêⁿ-pho-pho,penn5pho1pho1,penn5pho1pho1
pîng-thâm-kuān,平潭縣,16,pêng-thâm-koān,ping5tham5kuan7,peng5tham5koan7
pîng-hîng-kám,平衡感,16,pêng-hêng-kám,ping5hing5kam2,peng5heng5kam2
pîng-tìn-khu,平鎮區,16,pêng-tìn-khu,ping5tin3khu1,peng5tin3khu1
pênn-tiánn-á,平鼎仔,16,pêⁿ-tiáⁿ-á,penn5tiann2a2,penn5tiann2a2
pînn-tiánn-á,平鼎仔,16,pîⁿ-tiáⁿ-á,pinn5tiann2a2,pinn5tiann2a2
nî-tú-nî,年拄年,16,nî-tú-nî,ni5tu2ni5,ni5tu2ni5
kàn-kha-tshng,幹尻川,16,kàn-kha-chhng,kan3kha1tshng1,kan3kha1chhng1
kàn-tǹg-lān,幹當難,16,kàn-tǹg-lān,kan3tng3lan7,kan3tng3lan7
iù-gín-á,幼囡仔,16,iù-gín-á,iu3gin2a2,iu3gin2a2
iù-tsio̍h-á,幼石仔,16,iù-chio̍h-á,iu3tsioh8a2,iu3chioh8a2
iu-bi̍k-kám,幽默感,16,iu-be̍k-kám,iu1bik8kam2,iu1bek8kam2
kuí-khoo-gîn,幾箍銀,16,kúi-kho͘-gîn,kui2khoo1gin5,kui2khoo1gin5
kuí-nā-pái,幾若擺,16,kúi-nā-pái,kui2na7pai2,kui2na7pai2
tsng-lí-sông,庄裡倯,16,chng-lí-sông,tsng1li2song5,chng1li2song5
tsng-kha-lâng,庄跤人,16,chng-kha-lâng,tsng1kha1lang5,chng1kha1lang5
tsng-kha-sông,庄跤倯,16,chng-kha-sông,tsng1kha1song5,chng1kha1song5
sī-tuā-tôo,序大圖,16,sī-tōa-tô͘,si7tua7too5,si7toa7too5
té-tuī-sù,底墜四,16,té-tūi-sù,te2tui7su3,te2tui7su3
tiàm-tîng-á,店亭仔,16,tiàm-têng-á,tiam3ting5a2,tiam3teng5a2
tiám-á-kháu,店仔口,16,tiám-á-kháu,tiam2a2khau2,tiam2a2khau2
tiàm-sió-jī,店小二,16,tiàm-sió-jī,tiam3sio2ji7,tiam3sio2ji7
tiàm-thâu-ke,店頭家,16,tiàm-thâu-ke,tiam3thau5ke1,tiam3thau5ke1
kenn-tsú-nî,庚子年,16,keⁿ-chú-nî,kenn1tsu2ni5,kenn1chu2ni5
hú--gio̍k,府玉,16,hú--gio̍k,hu2giok8,hu2giok8
tōo-thé-un,度體溫,16,tō͘-thé-un,too7the2un1,too7the2un1
tsō-iū-bîng,座右銘,16,chō-iū-bêng,tso7iu7bing5,cho7iu7beng5
am-kóo-khenn,庵古坑,16,am-kó͘-kheⁿ,am1koo2khenn1,am1koo2khenn1
biō--lí,廟裡,16,biō--lí,bio7li2,bio7li2
kóng-tó-kuān,廣島縣,16,kóng-tó-koān,kong2to2kuan7,kong2to2koan7
kńg-tsiu-uē,廣州話,16,kńg-chiu-ōe,kng2tsiu1ue7,kng2chiu1oe7
kńg-hú-uē,廣府話,16,kńg-hú-ōe,kng2hu2ue7,kng2hu2oe7
kńg-tang-uē,廣東話,16,kńg-tang-ōe,kng2tang1ue7,kng2tang1oe7
iân-tn̂g-suànn,延長線,16,iân-tn̂g-sòaⁿ,ian5tng5suann3,ian5tng5soann3
lāng-tshuì-hue,弄喙花,16,lāng-chhùi-hoe,lang7tshui3hue1,lang7chhui3hoe1
lāng-tshùi-hue,弄喙花,16,lāng-chhùi-hoe,lang7tshui3hue1,lang7chhui3hoe1
lāng-niau-ki,弄貓枝,16,lāng-niau-ki,lang7niau1ki1,lang7niau1ki1
lāng-niau-kùn,弄貓棍,16,lāng-niau-kùn,lang7niau1kun3,lang7niau1kun3
king-á-kha,弓仔跤,16,keng-á-kha,king1a2kha1,keng1a2kha1
king-tsìnn-sū,弓箭士,16,keng-chìⁿ-sū,king1tsinn3su7,keng1chinn3su7
king-tsio-tshí,弓蕉鼠,16,keng-chio-chhí,king1tsio1tshi2,keng1chio1chhi2
ín-kù-tiám,引句點,16,ín-kù-tiám,in2ku3tiam2,in2ku3tiam2
hiân-beh-suh,弦倍司,16,hiân-beh-suh,hian5beh4suh4,hian5beh4suh4
tiunn-tshit-lông,張七郎,16,tiuⁿ-chhit-lông,tiunn1tshit4long5,tiunn1chhit4long5
tiunn-un-ing,張溫鷹,16,tiuⁿ-un-eng,tiunn1un1ing1,tiunn1un1eng1
tiunn-iū-lîng,張祐寧,16,tiuⁿ-iū-lêng,tiunn1iu7ling5,tiunn1iu7leng5
tiunn-uí-hâng,張葦航,16,tiuⁿ-úi-hâng,tiunn1ui2hang5,tiunn1ui2hang5
tiunn-īng-siâng,張詠翔,16,tiuⁿ-ēng-siâng,tiunn1ing7siang5,tiunn1eng7siang5
kiông-tsè-tsuē,強制罪,16,kiông-chè-chōe,kiong5tse3tsue7,kiong5che3choe7
kiông-li̍k-kôo,強力糊,16,kiông-le̍k-kô͘,kiong5lik8koo5,kiong5lek8koo5
tân-li̍k-tsit,彈力質,16,tân-le̍k-chit,tan5lik8tsit4,tan5lek8chit4
tuânn-kǹg-khîm,彈鋼琴,16,tôaⁿ-kǹg-khîm,tuann5kng3khim5,toann5kng3khim5
hîng-iông-sû,形容詞,16,hêng-iông-sû,hing5iong5su5,heng5iong5su5
hîng-sîng-tsân,形成層,16,hêng-sêng-chân,hing5sing5tsan5,heng5seng5chan5
tshái-á-tsuá,彩仔紙,16,chhái-á-chóa,tshai2a2tsua2,chhai2a2choa2
tshái-sik-pit,彩色筆,16,chhái-sek-pit,tshai2sik4pit4,chhai2sek4pit4
tshái-sik-tsuá,彩色紙,16,chhái-sek-chóa,tshai2sik4tsua2,chhai2sek4choa2
tshái-sik-bé,彩色馬,16,chhái-sek-bé,tshai2sik4be2,chhai2sek4be2
piu-pô-á,彪婆仔,16,piu-pô-á,piu1po5a2,piu1po5a2
piu-liu-siu,彪溜siu,16,piu-liu-siu,piu1liu1siu1,piu1liu1siu1
phênn-ka-sū,彭佳嶼,16,phêⁿ-ka-sū,phenn5ka1su7,phenn5ka1su7
phênn-bîng-bín,彭明敏,16,phêⁿ-bêng-bín,phenn5bing5bin2,phenn5beng5bin2
phênn-tshing-khò,彭清靠,16,phêⁿ-chheng-khò,phenn5tshing1kho3,phenn5chheng1kho3
iánn-hì-kuán,影戲館,16,iáⁿ-hì-koán,iann2hi3kuan2,iann2hi3koan2
iánn-gîn-hâng,影銀行,16,iáⁿ-gîn-hâng,iann2gin5hang5,iann2gin5hang5
hit-sî-tsūn,彼時陣,16,hit-sî-chūn,hit4si5tsun7,hit4si5chun7
hit-tang-sî,彼當時,16,hit-tang-sî,hit4tang1si5,hit4tang1si5
hit-tang-tsūn,彼當陣,16,hit-tang-chūn,hit4tang1tsun7,hit4tang1chun7
āu-tsit-ê,後一个,16,āu-chit-ê,au7tsit4e5,au7chit4e5
āu-tsi̍t-ê,後一个,16,āu-chi̍t-ê,au7tsit8e5,au7chit8e5
āu-tsi̍t-tsām,後一站,16,āu-chi̍t-chām,au7tsit8tsam7,au7chit8cham7
āu-kè-gue̍h,後個月,16,āu-kè-goe̍h,au7ke3gueh8,au7ke3goeh8
āu-thôo-tî,後塗除,16,āu-thô͘-tî,au7thoo5ti5,au7thoo5ti5
āu-piah-tshù,後壁厝,16,āu-piah-chhù,au7piah4tshu3,au7piah4chhu3
āu-piah-liâu,後壁寮,16,āu-piah-liâu,au7piah4liau5,au7piah4liau5
āu-piah-ê,後壁的,16,āu-piah-ê,au7piah4e5,au7piah4e5
āu-bué-á,後尾仔,16,āu-bóe-á,au7bue2a2,au7boe2a2
āu-ji̍t-á,後日仔,16,āu-ji̍t-á,au7jit8a2,au7jit8a2
āu-gû-poo,後牛埔,16,āu-gû-po͘,au7gu5poo1,au7gu5poo1
āu-tsìng-thâu,後症頭,16,āu-chèng-thâu,au7tsing3thau5,au7cheng3thau5
āu-lé-pài,後禮拜,16,āu-lé-pài,au7le2pai3,au7le2pai3
āu-thâu-khok,後頭擴,16,āu-thâu-khok,au7thau5khok4,au7thau5khok4
āu-thâu-kut,後頭骨,16,āu-thâu-kut,au7thau5kut4,au7thau5kut4
tshî-him-êng,徐欣瑩,16,chhî-him-êng,tshi5him1eng5,chhi5him1eng5
tit-beh-tàu,得欲晝,16,tit-beh-tàu,tit4beh4tau3,tit4beh4tau3
tit--tio̍h,得著,16,tit--tio̍h,tit4tioh8,tit4tioh8
khiā-hōo-tsāi,徛予在,16,khiā-hō͘-chāi,khia7hoo7tsai7,khia7hoo7chai7
khiā-hōo-hó,徛予好,16,khiā-hō͘-hó,khia7hoo7ho2,khia7hoo7ho2
khiā-hōo-tsiànn,徛予正,16,khiā-hō͘-chiàⁿ,khia7hoo7tsiann3,khia7hoo7chiann3
khiā-kāng-pîng,徛仝爿,16,khiā-kāng-pêng,khia7kang7ping5,khia7kang7peng5
khiā--leh,徛咧,16,khiā--leh,khia7leh4,khia7leh4
khiā-toh-kuī,徛桌櫃,16,khiā-toh-kūi,khia7toh4kui7,khia7toh4kui7
khiā--ê,徛的,16,khiā--ê,khia7e5,khia7e5
khiā-uē-ping,徛衛兵,16,khiā-ōe-peng,khia7ue7ping1,khia7oe7peng1
tsîng-kàu-tann,從到今,16,chêng-kàu-taⁿ,tsing5kau3tann1,cheng5kau3tann1
ho̍k-tò-tńg,復倒轉,16,ho̍k-tò-tńg,hok8to3tng2,hok8to3tng2
ho̍k-hua̍t-tsiat,復活節,16,ho̍k-hoa̍t-chiat,hok8huat8tsiat4,hok8hoat8chiat4
bî-tsún-tsún,微準準,16,bî-chún-chún,bi5tsun2tsun2,bi5chun2chun2
bî-tsik-hun,微積分,16,bî-chek-hun,bi5tsik4hun1,bi5chek4hun1
bî-tiān-iánn,微電影,16,bî-tiān-iáⁿ,bi5tian7iann2,bi5tian7iann2
bî-tiān-náu,微電腦,16,bî-tiān-náu,bi5tian7nau2,bi5tian7nau2
tek-kok-siau,德國簫,16,tek-kok-siau,tek4kok4siau1,tek4kok4siau1
tik-ì-tsì,德意志,16,tek-ì-chì,tik4i3tsi3,tek4i3chi3
tik-lá-uá,德拉瓦,16,tek-lá-óa,tik4la2ua2,tek4la2oa2
sim-tō-kuán,心導管,16,sim-tō-koán,sim1to7kuan2,sim1to7koan2
sim-tì-tôo,心智圖,16,sim-tì-tô͘,sim1ti3too5,sim1ti3too5
sim-kénn-that,心梗窒,16,sim-kéⁿ-that,sim1kenn2that4,sim1kenn2that4
sim-hué-to̍h,心火著,16,sim-hóe-to̍h,sim1hue2toh8,sim1hoe2toh8
sim-hé-to̍h,心火著,16,sim-hé-to̍h,sim1he2toh8,sim1he2toh8
sim-kuann-á,心肝仔,16,sim-koaⁿ-á,sim1kuann1a2,sim1koann1a2
sim-kuann-hó,心肝好,16,sim-koaⁿ-hó,sim1kuann1ho2,sim1koann1ho2
sim-kuann-té,心肝底,16,sim-koaⁿ-té,sim1kuann1te2,sim1koann1te2
sim-kuann-thâu,心肝頭,16,sim-koaⁿ-thâu,sim1kuann1thau5,sim1koann1thau5
sim-tsōng-kho,心臟科,16,sim-chōng-kho,sim1tsong7kho1,sim1chong7kho1
sim-sik-khuì,心適氣,16,sim-sek-khùi,sim1sik4khui3,sim1sek4khui3
sim-sik-kài,心適界,16,sim-sek-kài,sim1sik4kai3,sim1sek4kai3
sim-sik-hìng,心適興,16,sim-sek-hèng,sim1sik4hing3,sim1sek4heng3
sim-tiān-tôo,心電圖,16,sim-tiān-tô͘,sim1tian7too5,sim1tian7too5
pit-khoo-gîn,必箍銀,16,pit-kho͘-gîn,pit4khoo1gin5,pit4khoo1gin5
lún-bē-tiâu,忍袂牢,16,lún-bē-tiâu,lun2be7tiau5,lun2be7tiau5
khuài-sok-thiap,快速帖,16,khoài-sok-thiap,khuai3sok4thiap4,khoai3sok4thiap4
kip-sìng-pēnn,急性病,16,kip-sèng-pēⁿ,kip4sing3penn7,kip4seng3penn7
kip-sìng-pīnn,急性病,16,kip-sèng-pīⁿ,kip4sing3pinn7,kip4seng3pinn7
kip-tsín-sik,急診室,16,kip-chín-sek,kip4tsin2sik4,kip4chin2sek4
sìng-khing-hiòng,性傾向,16,sèng-kheng-hiòng,sing3khing1hiong3,seng3kheng1hiong3
sìng-khì-kuan,性器官,16,sèng-khì-koan,sing3khi3kuan1,seng3khi3koan1
sìng-kuan-hē,性關係,16,sèng-koan-hē,sing3kuan1he7,seng3koan1he7
kuài-kî-kóo,怪奇古,16,koài-kî-kó͘,kuai3ki5koo2,koai3ki5koo2
hîng-tīng-sìng,恆定性,16,hêng-tēng-sèng,hing5ting7sing3,heng5teng7seng3
hîng-siông-sìng,恆常性,16,hêng-siông-sèng,hing5siong5sing3,heng5siong5seng3
iōng-thâng-pēnn,恙蟲病,16,iōng-thâng-pēⁿ,iong7thang5penn7,iong7thang5penn7
iōng-thâng-pīnn,恙蟲病,16,iōng-thâng-pīⁿ,iong7thang5pinn7,iong7thang5pinn7
hán-bé-á,悍馬仔,16,hán-bé-á,han2be2a2,han2be2a2
iu-iû-khah,悠遊卡,16,iu-iû-khah,iu1iu5khah4,iu1iu5khah4
iu-hong-hō,悠風號,16,iu-hong-hō,iu1hong1ho7,iu1hong1ho7
tsîng-jîn-tseh,情人節,16,chêng-jîn-cheh,tsing5jin5tseh4,cheng5jin5cheh4
tsîng-tan-jī,情單字,16,chêng-tan-jī,tsing5tan1ji7,cheng5tan1ji7
hūi-uann-uē,惠安話,16,hūi-oaⁿ-ōe,hui7uann1ue7,hui7oann1oe7
siūnn-lóng-bô,想攏無,16,siūⁿ-lóng-bô,siunn7long2bo5,siunn7long2bo5
siūnn-beh-háu,想欲吼,16,siūⁿ-beh-háu,siunn7beh4hau2,siunn7beh4hau2
siūnn-khuànn-māi,想看覓,16,siūⁿ-khòaⁿ-māi,siunn7khuann3mai7,siunn7khoann3mai7
siūnn-bē-kàu,想袂到,16,siūⁿ-bē-kàu,siunn7be7kau3,siunn7be7kau3
ì-tiong-jîn,意中人,16,ì-tiong-jîn,i3tiong1jin5,i3tiong1jin5
ì-sit-mī,意式麵,16,ì-sit-mī,i3sit4mi7,i3sit4mi7
gû-jîn-tseh,愚人節,16,gû-jîn-cheh,gu5jin5tseh4,gu5jin5cheh4
ài--bô,愛--無,16,ài--bô,ai3bo5,ai3bo5
ài-ting-pó,愛丁堡,16,ài-teng-pó,ai3ting1po2,ai3teng1po2
ài-jîn-á,愛人仔,16,ài-jîn-á,ai3jin5a2,ai3jin5a2
ài-tâi-gí,愛台語,16,ài-tâi-gí,ai3tai5gi2,ai3tai5gi2
ài-uān-kuān,愛媛縣,16,ài-oān-koān,ai3uan7kuan7,ai3oan7koan7
ài-phinn-lâng,愛抨人,16,ài-phiⁿ-lâng,ai3phinn1lang5,ai3phinn1lang5
ài-su-tê,愛斯提,16,ài-su-tê,ai3su1te5,ai3su1te5
ài-tsu-pēnn,愛滋病,16,ài-chu-pēⁿ,ai3tsu1penn7,ai3chu1penn7
ài-tsu-pīnn,愛滋病,16,ài-chu-pīⁿ,ai3tsu1pinn7,ai3chu1pinn7
ài-nī-lân,愛爾蘭,16,ài-nī-lân,ai3ni7lan5,ai3ni7lan5
ài-ti-kuān,愛知縣,16,ài-ti-koān,ai3ti1kuan7,ai3ti1koan7
ài-tuè-sông,愛綴倯,16,ài-tòe-sông,ai3tue3song5,ai3toe3song5
ài-tè-sông,愛綴倯,16,ài-tè-sông,ai3te3song5,ai3te3song5
ài-jî-lân,愛而蘭,16,ài-jî-lân,ai3ji5lan5,ai3ji5lan5
ài-tâi-gí,愛臺語,16,ài-tâi-gí,ai3tai5gi2,ai3tai5gi2
ài-ti̍k-sing,愛迪生,16,ài-te̍k-seng,ai3tik8sing1,ai3tek8seng1
ài-ūn-tōng,愛運動,16,ài-ūn-tōng,ai3un7tong7,ai3un7tong7
ài-o-lân,愛阿蘭,16,ài-o-lân,ai3o1lan5,ai3o1lan5
kám-mōo-i̍k,感冒液,16,kám-mō͘-e̍k,kam2moo7ik8,kam2moo7ek8
kám--tio̍h,感著,16,kám--tio̍h,kam2tioh8,kam2tioh8
kám-siā-tsn̄g,感謝狀,16,kám-siā-chn̄g,kam2sia7tsng7,kam2sia7chng7
gāng-gāng-khì,愣愣去,16,gāng-gāng-khì,gang7gang7khi3,gang7gang7khi3
gāng-lōo-sîn,愣路神,16,gāng-lō͘-sîn,gang7loo7sin5,gang7loo7sin5
tsû-huī-tn̂g,慈惠堂,16,chû-hūi-tn̂g,tsu5hui7tng5,chu5hui7tng5
bān-tshiánn-sī,慢且是,16,bān-chhiáⁿ-sī,ban7tshiann2si7,ban7chhiann2si7
bān-tshiánn-ī,慢且是,16,bān-chhiáⁿ-ī,ban7tshiann2i7,ban7chhiann2i7
khìng-kong-iàn,慶功宴,16,khèng-kong-iàn,khing3kong1ian3,kheng3kong1ian3
iu-kat-kat,憂結結,16,iu-kat-kat,iu1kat4kat4,iu1kat4kat4
iu-ut-tsìng,憂鬱症,16,iu-ut-chèng,iu1ut4tsing3,iu1ut4cheng3
gōng-tai-ah,憨呆鴨,16,gōng-tai-ah,gong7tai1ah4,gong7tai1ah4
àu-tū-tū,懊嘟嘟,16,àu-tū-tū,au3tu7tu7,au3tu7tu7
àu-tū-bīn,懊嘟面,16,àu-tū-bīn,au3tu7bin7,au3tu7bin7
lán-si-kuài,懶屍怪,16,lán-si-koài,lan2si1kuai3,lan2si1koai3
lán-si-kut,懶屍骨,16,lán-si-kut,lan2si1kut4,lan2si1kut4
kuân-kē-pîng,懸低爿,16,koân-kē-pêng,kuan5ke7ping5,koan5ke7peng5
kuân-kē-king,懸低肩,16,koân-kē-keng,kuan5ke7king1,koan5ke7keng1
kuân-kia̍h-á,懸屐仔,16,koân-kia̍h-á,kuan5kiah8a2,koan5kiah8a2
kuâinn-long-long,懸瑯瑯,16,koâiⁿ-long-long,kuainn5long1long1,koainn5long1long1
kuân-long-long,懸瑯瑯,16,koân-long-long,kuan5long1long1,koan5long1long1
kuân-ta̍h-á,懸踏仔,16,koân-ta̍h-á,kuan5tah8a2,koan5tah8a2
kuân-ta̍h-ê,懸踏鞋,16,koân-ta̍h-ê,kuan5tah8e5,koan5tah8e5
gōng-jîn-tsiat,戇人節,16,gōng-jîn-chiat,gong7jin5tsiat4,gong7jin5chiat4
gōng-lâng-tseh,戇人節,16,gōng-lâng-cheh,gong7lang5tseh4,gong7lang5cheh4
gōng-tāi-tsì,戇代誌,16,gōng-tāi-chì,gong7tai7tsi3,gong7tai7chi3
gōng-gōng-se̍h,戇戇踅,16,gōng-gōng-se̍h,gong7gong7seh8,gong7gong7seh8
bōo-sut-nî,戊戌年,16,bō͘-sut-nî,boo7sut4ni5,boo7sut4ni5
tsiânn-siànn-lâng,成聖人,16,chiâⁿ-siàⁿ-lâng,tsiann5siann3lang5,chiann5siann3lang5
guá-tī-tshù,我佇厝,16,góa-tī-chhù,gua2ti7tshu3,goa2ti7chhu3
guá-kah-lí,我佮你,16,góa-kah-lí,gua2kah4li2,goa2kah4li2
guá-kap-lí,我佮你,16,góa-kap-lí,gua2kap4li2,goa2kap4li2
guá-mā-beh,我嘛欲,16,góa-mā-beh,gua2ma7beh4,goa2ma7beh4
guá-ài-lí,我愛你,16,góa-ài-lí,gua2ai3li2,goa2ai3li2
guá-kám-kak,我感覺,16,góa-kám-kak,gua2kam2kak4,goa2kam2kak4
guá-ē-hiáu,我會曉,16,góa-ē-hiáu,gua2e7hiau2,goa2e7hiau2
guá-ē-kiann,我會驚,16,góa-ē-kiaⁿ,gua2e7kiann1,goa2e7kiann1
guá-m̄-tsai,我毋知,16,góa-m̄-chai,gua2m7tsai1,goa2m7chai1
guá-bô-tsînn,我沒錢,16,góa-bô-chîⁿ,gua2bo5tsinn5,goa2bo5chinn5
guá-bô-ài,我無愛,16,góa-bô-ài,gua2bo5ai3,goa2bo5ai3
guá-bô-tsînn,我無錢,16,góa-bô-chîⁿ,gua2bo5tsinn5,goa2bo5chinn5
guá-khuànn-bô,我看無,16,góa-khòaⁿ-bô,gua2khuann3bo5,goa2khoann3bo5
guá-tsin-gâu,我真𠢕,16,góa-chin-gâu,gua2tsin1gau5,goa2chin1gau5
guá-tsai-iánn,我知影,16,góa-chai-iáⁿ,gua2tsai1iann2,goa2chai1iann2
guá-piàng-ah,我砰啊,16,góa-piàng-ah,gua2piang3ah4,goa2piang3ah4
guá-thiann-bô,我聽無,16,góa-thiaⁿ-bô,gua2thiann1bo5,goa2thiann1bo5
guá-bē-hiáu,我袂曉,16,góa-bē-hiáu,gua2be7hiau2,goa2be7hiau2
guá-jīn-uî,我認為,16,góa-jīn-ûi,gua2jin7ui5,goa2jin7ui5
kài-hué-tsháu,戒火草,16,kài-hóe-chháu,kai3hue2tshau2,kai3hoe2chhau2
kài-hé-,戒火草,16,kài-hé-,kai3he2,kai3he2
khiat-á-thâu,戛仔頭,16,khiat-á-thâu,khiat4a2thau5,khiat4a2thau5
tsia̍t-kûn-tō,截拳道,16,chia̍t-kûn-tō,tsiat8kun5to7,chiat8kun5to7
tsia̍t-tshìng-tō,截銃道,16,chia̍t-chhèng-tō,tsiat8tshing3to7,chiat8chheng3to7
lak-kóo-tsénn,戮鼓井,16,lak-kó͘-chéⁿ,lak4koo2tsenn2,lak4koo2chenn2
lak-kóo-tsínn,戮鼓井,16,lak-kó͘-chíⁿ,lak4koo2tsinn2,lak4koo2chinn2
tsiàn-kah-thâng,戰甲蟲,16,chiàn-kah-thâng,tsian3kah4thang5,chian3kah4thang5
hì-lāng-tseh,戲弄節,16,hì-lāng-cheh,hi3lang7tseh4,hi3lang7cheh4
kuà-tshuì-am,戴口罩,16,kòa-chhùi-am,kua3tshui3am1,koa3chhui3am1
hōo-kháu-tsheh,戶口冊,16,hō͘-kháu-chheh,hoo7khau2tsheh4,hoo7khau2chheh4
hòo-lâng-kheh,戽人客,16,hò͘-lâng-kheh,hoo3lang5kheh4,hoo3lang5kheh4
sóo-lô-bûn,所羅門,16,só͘-lô-bûn,soo2lo5bun5,soo2lo5bun5
sóo--lí,所裡,16,só͘--lí,soo2li2,soo2li2
pínn-thô-tsuânn,扁桃泉,16,píⁿ-thô-chôaⁿ,pinn2tho5tsuann5,pinn2tho5choann5
pián-si̍t-thng,扁食湯,16,pián-si̍t-thng,pian2sit8thng1,pian2sit8thng1
tshiú-ńg-lông,手䘼囊,16,chhiú-ńg-lông,tshiu2ng2long5,chhiu2ng2long5
tshiú-bué-la̍t,手尾力,16,chhiú-bóe-la̍t,tshiu2bue2lat8,chhiu2boe2lat8
tshiú-bé-la̍t,手尾力,16,chhiú-bé-la̍t,tshiu2be2lat8,chhiu2be2lat8
tshiú-āu-tóo,手後肚,16,chhiú-āu-tó͘,tshiu2au7too2,chhiu2au7too2
tshiú-huānn-á,手扞仔,16,chhiú-hōaⁿ-á,tshiu2huann7a2,chhiu2hoann7a2
tshiú-tshi̍k-tê,手摵茶,16,chhiú-chhe̍k-tê,tshiu2tshik8te5,chhiu2chhek8te5
tshiú-bong-ling,手摸乳,16,chhiú-bong-leng,tshiu2bong1ling1,chhiu2bong1leng1
tshiú-tòng-á,手擋仔,16,chhiú-tòng-á,tshiu2tong3a2,chhiu2tong3a2
tshiú-liû-tuânn,手榴彈,16,chhiú-liû-tôaⁿ,tshiu2liu5tuann5,chhiu2liu5toann5
tshiú-sîn-tāng,手神重,16,chhiú-sîn-tāng,tshiu2sin5tang7,chhiu2sin5tang7
tshiú-tóo-jîn,手肚仁,16,chhiú-tó͘-jîn,tshiu2too2jin5,chhiu2too2jin5
tshiú-tóo-bah,手肚肉,16,chhiú-tó͘-bah,tshiu2too2bah4,chhiu2too2bah4
tshiú-ti-á,手豬仔,16,chhiú-ti-á,tshiu2ti1a2,chhiu2ti1a2
tshiú-tu-á,手豬仔,16,chhiú-tu-á,tshiu2tu1a2,chhiu2tu1a2
tshiú-tshìng-pue,手銃杯,16,chhiú-chhèng-poe,tshiu2tshing3pue1,chhiu2chheng3poe1
tshiú-tiān-hué,手電火,16,chhiú-tiān-hóe,tshiu2tian7hue2,chhiu2tian7hoe2
tshiú-bīn-tâi,手面台,16,chhiú-bīn-tâi,tshiu2bin7tai5,chhiu2bin7tai5
tá-káu-san,打狗山,16,tá-káu-san,ta2kau2san1,ta2kau2san1
tá-káu-suann,打狗山,16,tá-káu-soaⁿ,ta2kau2suann1,ta2kau2soann1
tánn-káu-san,打狗山,16,táⁿ-káu-san,tann2kau2san1,tann2kau2san1
tánn-káu-suann,打狗山,16,táⁿ-káu-soaⁿ,tann2kau2suann1,tann2kau2soann1
tá-má-ian,打馬煙,16,tá-má-ian,ta2ma2ian1,ta2ma2ian1
tá-kóo-san,打鼓山,16,tá-kó͘-san,ta2koo2san1,ta2koo2san1
tá-kóo-suann,打鼓山,16,tá-kó͘-soaⁿ,ta2koo2suann1,ta2koo2soann1
tánn-kóo-san,打鼓山,16,táⁿ-kó͘-san,tann2koo2san1,tann2koo2san1
tánn-kóo-suann,打鼓山,16,táⁿ-kó͘-soaⁿ,tann2koo2suann1,tann2koo2soann1
tánn-kóo-niá,打鼓嶺,16,táⁿ-kó͘-niá,tann2koo2nia2,tann2koo2nia2
tánn-kóo-siā,打鼓社,16,táⁿ-kó͘-siā,tann2koo2sia7,tann2koo2sia7
thuh-thé-lîng,托體能,16,thuh-thé-lêng,thuh4the2ling5,thuh4the2leng5
huānn-sū-lâng,扞事人,16,hōaⁿ-sū-lâng,huann7su7lang5,hoann7su7lang5
láu--tio̍h,扭著,16,láu--tio̍h,lau2tioh8,lau2tioh8
náu--tio̍h,扭著,16,náu--tio̍h,nau2tioh8,nau2tioh8
pān-tuā-sian,扮大仙,16,pān-tōa-sian,pan7tua7sian1,pan7toa7sian1
ke̍h-lān-kuāinn,扴𡳞拐,16,ke̍h-lān-koāiⁿ,keh8lan7kuainn7,keh8lan7koainn7
hû-song-hue,扶桑花,16,hû-song-hoe,hu5song1hue1,hu5song1hoe1
phue-tsuí-phiu,批水phiu,16,phoe-chúi-phiu,phue1tsui2phiu1,phoe1chui2phiu1
phue-tsuí-phue,批水批,16,phoe-chúi-phoe,phue1tsui2phue1,phoe1chui2phoe1
phue-tsuí-phi,批水披,16,phoe-chúi-phi,phue1tsui2phi1,phoe1chui2phi1
tshiau-lâng-kê,抄人膎,16,chhiau-lâng-kê,tshiau1lang5ke5,chhiau1lang5ke5
kuat-tshuì-phué,抉喙䫌,16,koat-chhùi-phóe,kuat4tshui3phue2,koat4chhui3phoe2
kuat-tshuì-phé,抉喙䫌,16,koat-chhùi-phé,kuat4tshui3phe2,koat4chhui3phe2
lā-ti-sái,抐豬屎,16,lā-ti-sái,la7ti1sai2,la7ti1sai2
lā-tir-sái,抐豬屎,16,lā-tir-sái,la7tir1sai2,la7tir1sai2
lā-tu-sái,抐豬屎,16,lā-tu-sái,la7tu1sai2,la7tu1sai2
tâu-iánn-ki,投影機,16,tâu-iáⁿ-ki,tau5iann2ki1,tau5iann2ki1
tâu-iánn-ting,投影燈,16,tâu-iáⁿ-teng,tau5iann2ting1,tau5iann2teng1
tâu-iánn-phìnn,投影片,16,tâu-iáⁿ-phìⁿ,tau5iann2phinn3,tau5iann2phinn3
tâu-bûn-su,投文書,16,tâu-bûn-su,tau5bun5su1,tau5bun5su1
phō-khì-bong,抱去摸,16,phō-khì-bong,pho7khi3bong1,pho7khi3bong1
phō-khì-moh,抱去瘼,16,phō-khì-moh,pho7khi3moh4,pho7khi3moh4
phōo-khì-mooh,抱去𢯾,16,phō͘-khì-mo͘h,phoo7khi3mooh4,phoo7khi3mooh4
phō--leh,抱咧,16,phō--leh,pho7leh4,pho7leh4
phō-khí-moo,抱起毛,16,phō-khí-mo͘,pho7khi2moo1,pho7khi2moo1
phō-khe-bóng,抱魁魍,16,phō-khe-bóng,pho7khe1bong2,pho7khe1bong2
khioh-hōo-tsuê,抾予齊,16,khioh-hō͘-chôe,khioh4hoo7tsue5,khioh4hoo7choe5
khioh-hōo-tsê,抾予齊,16,khioh-hō͘-chê,khioh4hoo7tse5,khioh4hoo7che5
khioh-kiánn-bó,抾囝母,16,khioh-kiáⁿ-bó,khioh4kiann2bo2,khioh4kiann2bo2
khioh-gín-á,抾囡仔,16,khioh-gín-á,khioh4gin2a2,khioh4gin2a2
khioh-tsuí-tî,抾水池,16,khioh-chúi-tî,khioh4tsui2ti5,khioh4chui2ti5
khioh-mi̍h-kiānn,抾物件,16,khioh-mi̍h-kiāⁿ,khioh4mih8kiann7,khioh4mih8kiann7
khioh-ha̍h-á,抾箬仔,16,khioh-ha̍h-á,khioh4hah8a2,khioh4hah8a2
khioh-tio̍h-tshìng,抾著銃,16,khioh-tio̍h-chhèng,khioh4tioh8tshing3,khioh4tioh8chheng3
bín-tshuì-khí,抿喙齒,16,bín-chhùi-khí,bin2tshui3khi2,bin2chhui3khi2
tú-á-hó,拄仔好,16,tú-á-hó,tu2a2ho2,tu2a2ho2
tú-tú-á,拄拄仔,16,tú-tú-á,tu2tu2a2,tu2tu2a2
tú-tú-hó,拄拄好,16,tú-tú-hó,tu2tu2ho2,tu2tu2ho2
tú-khai-sí,拄開始,16,tú-khai-sí,tu2khai1si2,tu2khai1si2
la-ting-jī,拉丁字,16,la-teng-jī,la1ting1ji7,la1teng1ji7
pha-liàn-táu,拋輾斗,16,pha-liàn-táu,pha1lian3tau2,pha1lian3tau2
phah-gi-á,拍gí仔,16,phah-gi-á,phah4gi1a2,phah4gi1a2
phah-tshe-á,拍叉仔,16,phah-chhe-á,phah4tshe1a2,phah4chhe1a2
phah-lah-sap,拍垃圾,16,phah-lah-sap,phah4lah4sap4,phah4lah4sap4
phah-jī-huat,拍字法,16,phah-jī-hoat,phah4ji7huat4,phah4ji7hoat4
phah-jī-puânn,拍字盤,16,phah-jī-pôaⁿ,phah4ji7puann5,phah4ji7poann5
phah-jī-hâng,拍字行,16,phah-jī-hâng,phah4ji7hang5,phah4ji7hang5
phah-khiā-kê,拍徛格,16,phah-khiā-kê,phah4khia7ke5,phah4khia7ke5
phah-tshiú-tshìng,拍手銃,16,phah-chhiú-chhèng,phah4tshiu2tshing3,phah4chhiu2chheng3
phah-lā-liâng,拍抐涼,16,phah-lā-liâng,phah4la7liang5,phah4la7liang5
phah-tú-khí,拍拄起,16,phah-tú-khí,phah4tu2khi2,phah4tu2khi2
phah-phik-khì,拍拍器,16,phah-phek-khì,phah4phik4khi3,phah4phek4khi3
phah-kûn-sai,拍拳師,16,phah-kûn-sai,phah4kun5sai1,phah4kun5sai1
phah-tshat-siau,拍擦銷,16,phah-chhat-siau,phah4tshat4siau1,phah4chhat4siau1
phah-pāng-kiû,拍棒球,16,phah-pāng-kiû,phah4pang7kiu5,phah4pang7kiu5
phah-sí-pán,拍死板,16,phah-sí-pán,phah4si2pan2,phah4si2pan2
phah-sí-kat,拍死結,16,phah-sí-kat,phah4si2kat4,phah4si2kat4
phah-phú-kuinn,拍殕光,16,phah-phú-kuiⁿ,phah4phu2kuinn1,phah4phu2kuinn1
phah-m̄-kìnn,拍毋見,16,phah-m̄-kìⁿ,phah4m7kinn3,phah4m7kinn3
phah-hué-khì,拍火器,16,phah-hóe-khì,phah4hue2khi3,phah4hoe2khi3
phah-hé-khì,拍火器,16,phah-hé-khì,phah4he2khi3,phah4he2khi3
phah-hér-khì,拍火器,16,phah-hér-khì,phah4her2khi3,phah4her2khi3
phah-hué-sio,拍火燒,16,phah-hóe-sio,phah4hue2sio1,phah4hoe2sio1
phah-hué-kuàn,拍火罐,16,phah-hóe-koàn,phah4hue2kuan3,phah4hoe2koan3
phah-hué-tshia,拍火車,16,phah-hóe-chhia,phah4hue2tshia1,phah4hoe2chhia1
phah-hé-tshia,拍火車,16,phah-hé-chhia,phah4he2tshia1,phah4he2chhia1
phah-ian-tshiâng,拍煙腸,16,phah-ian-chhiâng,phah4ian1tshiang5,phah4ian1chhiang5
phah-la̍h-tsiá,拍獵者,16,phah-la̍h-chiá,phah4lah8tsia2,phah4lah8chia2
phah-tsu-á,拍珠仔,16,phah-chu-á,phah4tsu1a2,phah4chu1a2
phah-tē-it,拍第一,16,phah-tē-it,phah4te7it4,phah4te7it4
phah-khoo-á,拍箍仔,16,phah-kho͘-á,phah4khoo1a2,phah4khoo1a2
phah-khoo-pue,拍箍飛,16,phah-kho͘-poe,phah4khoo1pue1,phah4khoo1poe1
phah-thuat-sin,拍脫身,16,phah-thoat-sin,phah4thuat4sin1,phah4thoat4sin1
phah-báng-ki,拍蠓機,16,phah-báng-ki,phah4bang2ki1,phah4bang2ki1
phah-tshia-tuann,拍車單,16,phah-chhia-toaⁿ,phah4tshia1tuann1,phah4chhia1toann1
phah-tshia-phiò,拍車票,16,phah-chhia-phiò,phah4tshia1phio3,phah4chhia1phio3
phah-thong-thò,拍通套,16,phah-thong-thò,phah4thong1tho3,phah4thong1tho3
phah-thong-thàu,拍通透,16,phah-thong-thàu,phah4thong1thau3,phah4thong1thau3
phah-huân-tōng,拍還動,16,phah-hoân-tōng,phah4huan5tong7,phah4hoan5tong7
phah-ting-á,拍釘仔,16,phah-teng-á,phah4ting1a2,phah4teng1a2
phah-tâng-lô,拍銅鑼,16,phah-tâng-lô,phah4tang5lo5,phah4tang5lo5
phah-thih-á,拍鐵仔,16,phah-thih-á,phah4thih4a2,phah4thih4a2
phah-thih-pô,拍鐵婆,16,phah-thih-pô,phah4thih4po5,phah4thih4po5
phah-thih-sai,拍鐵師,16,phah-thih-sai,phah4thih4sai1,phah4thih4sai1
phah-thih-ê,拍鐵的,16,phah-thih-ê,phah4thih4e5,phah4thih4e5
phah-luî-kong,拍雷公,16,phah-lûi-kong,phah4lui5kong1,phah4lui5kong1
phah-tiān-iánn,拍電影,16,phah-tiān-iáⁿ,phah4tian7iann2,phah4tian7iann2
phah-tiān-náu,拍電腦,16,phah-tiān-náu,phah4tian7nau2,phah4tian7nau2
phah-tiān-uē,拍電話,16,phah-tiān-ōe,phah4tian7ue7,phah4tian7oe7
phah-thâu-tsí,拍頭子,16,phah-thâu-chí,phah4thau5tsi2,phah4thau5chi2
phah-hong-luî,拍風雷,16,phah-hong-lûi,phah4hong1lui5,phah4hong1lui5
kuáinn-bé-kha,拐馬跤,16,koáiⁿ-bé-kha,kuainn2be2kha1,koainn2be2kha1
kū-si̍t-tsìng,拒食症,16,kū-si̍t-chèng,ku7sit8tsing3,ku7sit8cheng3
pue̍h-tuā-soh,拔大索,16,poe̍h-tōa-soh,pueh8tua7soh4,poeh8toa7soh4
pue̍h-kâu-thâu,拔猴頭,16,poe̍h-kâu-thâu,pueh8kau5thau5,poeh8kau5thau5
pui̍h-kâu-thâu,拔猴頭,16,pu̍ih-kâu-thâu,puih8kau5thau5,puih8kau5thau5
pua̍h-bé-siā,拔馬社,16,poa̍h-bé-siā,puah8be2sia7,poah8be2sia7
thua-thôo-kha,拖塗跤,16,thoa-thô͘-kha,thua1thoo5kha1,thoa1thoo5kha1
thua-sái-liân,拖屎連,16,thoa-sái-liân,thua1sai2lian5,thoa1sai2lian5
áu-tshuì-kháu,拗喙口,16,áu-chhùi-kháu,au2tshui3khau2,au2chhui3khau2
khu-ná-hue,拘那花,16,khu-ná-hoe,khu1na2hue1,khu1na2hoe1
piànn-tshìn-kuānn,拚凊汗,16,piàⁿ-chhìn-kōaⁿ,piann3tshin3kuann7,piann3chhin3koann7
piàⁿ-tiān-tōng,拚電動,16,piàⁿ-tiān-tōng,piaⁿ3tian7tong7,piann3tian7tong7
tsio-tsâi-tshiū,招財樹,16,chio-châi-chhiū,tsio1tsai5tshiu7,chio1chai5chhiu7
pài-jîn-tsiu,拜仁州,16,pài-jîn-chiu,pai3jin5tsiu1,pai3jin5chiu1
tshit-á-tuà,拭仔帶,16,chhit-á-tòa,tshit4a2tua3,chhit4a2toa3
tshit-á-tiâu,拭仔條,16,chhit-á-tiâu,tshit4a2tiau5,chhit4a2tiau5
tshit-á-kôo,拭仔糊,16,chhit-á-kô͘,tshit4a2koo5,chhit4a2koo5
tshit-á-ko,拭仔膏,16,chhit-á-ko,tshit4a2ko1,chhit4a2ko1
tshit-thôo-kha,拭塗跤,16,chhit-thô͘-kha,tshit4thoo5kha1,chhit4thoo5kha1
tshit-toh-á,拭桌仔,16,chhit-toh-á,tshit4toh4a2,chhit4toh4a2
kûn-bó-kâu,拳母猴,16,kûn-bó-kâu,kun5bo2kau5,kun5bo2kau5
kûn-bó-tsio̍h,拳母石,16,kûn-bó-chio̍h,kun5bo2tsioh8,kun5bo2chioh8
kûn-thâu-sai,拳頭師,16,kûn-thâu-sai,kun5thau5sai1,kun5thau5sai1
hia̍p-koh-sóng,拹閣爽,16,hia̍p-koh-sóng,hiap8koh4song2,hiap8koh4song2
kuì-bōng-tsuá,挂墓紙,16,kùi-bōng-chóa,kui3bong7tsua2,kui3bong7choa2
kí-tiong-tsáinn,指中指,16,kí-tiong-cháiⁿ,ki2tiong1tsainn2,ki2tiong1chainn2
tsí-hui-sóo,指揮所,16,chí-hui-só͘,tsi2hui1soo2,chi2hui1soo2
tsíng-kah-tsián,指甲剪,16,chéng-kah-chián,tsing2kah4tsian2,cheng2kah4chian2
tsíng-kah-tshái,指甲彩,16,chéng-kah-chhái,tsing2kah4tshai2,cheng2kah4chhai2
tsíng-kah-iû,指甲油,16,chéng-kah-iû,tsing2kah4iu5,cheng2kah4iu5
tsíng-kah-jiông,指甲茸,16,chéng-kah-jiông,tsing2kah4jiong5,cheng2kah4jiong5
tsáinn-ia̍p-á,指葉仔,16,cháiⁿ-ia̍p-á,tsainn2iap8a2,chainn2iap8a2
tsíng-thâu-á,指頭仔,16,chéng-thâu-á,tsing2thau5a2,cheng2thau5a2
án-ne-khuán,按呢款,16,án-ne-khoán,an2ne1khuan2,an2ne1khoan2
án-ni-khuán,按呢款,16,án-ni-khoán,an2ni1khuan2,an2ni1khoan2
án-ne-sinn,按呢生,16,án-ne-siⁿ,an2ne1sinn1,an2ne1sinn1
án-tsuánn-tshòng,按怎創,16,án-chóaⁿ-chhòng,an2tsuann2tshong3,an2choann2chhong3
án-tsuánn-siá,按怎寫,16,án-chóaⁿ-siá,an2tsuann2sia2,an2choann2sia2
án-ná-kóng,按怎講,16,án-ná-kóng,an2na2kong2,an2na2kong2
án-tsuánn-kóng,按怎講,16,án-chóaⁿ-kóng,an2tsuann2kong2,an2choann2kong2
àn-môo-pāng,按摩棒,16,àn-mô͘-pāng,an3moo5pang7,an3moo5pang7
jû-tsháng-tsháng,挐氅氅,16,jû-chháng-chháng,ju5tshang2tshang2,ju5chhang2chhang2
ué-hīnn-khang,挖耳空,16,óe-hīⁿ-khang,ue2hinn7khang1,oe2hinn7khang1
óo-hīnn-khang,挖耳空,16,ó͘-hīⁿ-khang,oo2hinn7khang1,oo2hinn7khang1
e-tsio̍h-bō,挨石磨,16,e-chio̍h-bō,e1tsioh8bo7,e1chioh8bo7
thuah-pang-á,挩枋仔,16,thoah-pang-á,thuah4pang1a2,thoah4pang1a2
thauh-liān-á,挩鍊仔,16,thauh-liān-á,thauh4lian7a2,thauh4lian7a2
so-înn-á,挲圓仔,16,so-îⁿ-á,so1inn5a2,so1inn5a2
so-ba̍k-tsí,挲目子,16,so-ba̍k-chí,so1bak8tsi2,so1bak8chi2
lòng-tuā-kóo,挵大鼓,16,lòng-tōa-kó͘,long3tua7koo2,long3toa7koo2
lòng-lòng-tshia,挵挵車,16,lòng-lòng-chhia,long3long3tshia1,long3long3chhia1
lòng-âng-ting,挵紅燈,16,lòng-âng-teng,long3ang5ting1,long3ang5teng1
bán-io̍h-tsháu,挽藥草,16,bán-io̍h-chháu,ban2ioh8tshau2,ban2ioh8chhau2
phâng-lô-kenn,捀羅經,16,phâng-lô-keⁿ,phang5lo5kenn1,phang5lo5kenn1
bat-tāi-tsì,捌代誌,16,bat-tāi-chì,bat4tai7tsi3,bat4tai7chi3
sa-lóng-bô,捎攏無,16,sa-lóng-bô,sa1long2bo5,sa1long2bo5
sa-bô-tsáng,捎無摠,16,sa-bô-cháng,sa1bo5tsang2,sa1bo5chang2
sak-tsò-tui,捒做堆,16,sak-chò-tui,sak4tso3tui1,sak4cho3tui1
sak-tsik-jīm,捒責任,16,sak-chek-jīm,sak4tsik4jim7,sak4chek4jim7
sak-tsik-līm,捒責任,16,sak-chek-līm,sak4tsik4lim7,sak4chek4lim7
tsūn-lôo-si,捘螺絲,16,chūn-lô͘-si,tsun7loo5si1,chun7loo5si1
tshia-pua̍h-píng,捙跋反,16,chhia-poa̍h-péng,tshia1puah8ping2,chhia1poah8peng2
kńg-tsn̄g-lâu,捲旋流,16,kńg-chn̄g-lâu,kng2tsng7lau5,kng2chng7lau5
kńg-lê-á,捲螺仔,16,kńg-lê-á,kng2le5a2,kng2le5a2
tsia̍p-sé-tshiú,捷洗手,16,chia̍p-sé-chhiú,tsiap8se2tshiu2,chiap8se2chhiu2
tsia̍t-ūn-tsām,捷運站,16,chia̍t-ūn-chām,tsiat8un7tsam7,chiat8un7cham7
tsia̍t-ūn-ia̍h,捷運驛,16,chia̍t-ūn-ia̍h,tsiat8un7iah8,chiat8un7iah8
sut-thóo-tē,捽土地,16,sut-thó͘-tē,sut4thoo2te7,sut4thoo2te7
kuānn-tháng-á,捾桶仔,16,kōaⁿ-tháng-á,kuann7thang2a2,koann7thang2a2
tsiáng-siōng-ap,掌上壓,16,chiáng-siōng-ap,tsiang2siong7ap4,chiang2siong7ap4
pâi-siat-khì,排泄器,16,pâi-siat-khì,pai5siat4khi3,pai5siat4khi3
iā-mè-sì,掖名刺,16,iā-mè-sì,ia7me3si3,ia7me3si3
kuà-pó-tsìng,掛保證,16,kòa-pó-chèng,kua3po2tsing3,koa3po2cheng3
kuà-pó-hiám,掛保險,16,kòa-pó-hiám,kua3po2hiam2,koa3po2hiam2
kuà-tshuì-om,掛喙掩,16,kòa-chhùi-om,kua3tshui3om1,koa3chhui3om1
kuà-tshuì-am,掛喙罨,16,kòa-chhùi-am,kua3tshui3am1,koa3chhui3am1
kuà-tshuì-tà,掛喙罩,16,kòa-chhùi-tà,kua3tshui3ta3,koa3chhui3ta3
kuà-hīnn-pau,掛耳包,16,kòa-hīⁿ-pau,kua3hinn7pau1,koa3hinn7pau1
lia̍h-tiong-pān,掠中範,16,lia̍h-tiong-pān,liah8tiong1pan7,liah8tiong1pan7
lia̍h-kau-thè,掠交替,16,lia̍h-kau-thè,liah8kau1the3,liah8kau1the3
lia̍h-tuā-gōo,掠大誤,16,lia̍h-tōa-gō͘,liah8tua7goo7,liah8toa7goo7
lia̍h-pênn-kám,掠平感,16,lia̍h-pêⁿ-kám,liah8penn5kam2,liah8penn5kam2
lia̍h-tsún-kóng,掠準講,16,lia̍h-chún-kóng,liah8tsun2kong2,liah8chun2kong2
lia̍h-kông-bé,掠狂馬,16,lia̍h-kông-bé,liah8kong5be2,liah8kong5be2
lia̍h-pe̍h-thòo,掠白兔,16,lia̍h-pe̍h-thò͘,liah8peh8thoo3,liah8peh8thoo3
lia̍h-ko-siû,掠篙泅,16,lia̍h-ko-siû,liah8ko1siu5,liah8ko1siu5
lia̍h-kuè-bé,掠過馬,16,lia̍h-kòe-bé,liah8kue3be2,liah8koe3be2
lia̍h-hî-tsûn,掠魚船,16,lia̍h-hî-chûn,liah8hi5tsun5,liah8hi5chun5
tshái-io̍h-tsháu,採藥草,16,chhái-io̍h-chháu,tshai2ioh8tshau2,chhai2ioh8chhau2
thàm-lōo-tsháu,探路草,16,thàm-lō͘-chháu,tham3loo7tshau2,tham3loo7chhau2
thàm-hiám-tuī,探險隊,16,thàm-hiám-tūi,tham3hiam2tui7,tham3hiam2tui7
tshuah-tsi̍t-tîo,掣一趒,16,chhoah-chi̍t-tiô,tshuah4tsit8tio5,chhoah4chit8tio5
tshuah-leh-tán,掣咧等,16,chhoah-leh-tán,tshuah4leh4tan2,chhoah4leh4tan2
tshuah-lâu-tsuí,掣流水,16,chhoah-lâu-chúi,tshuah4lau5tsui2,chhoah4lau5chui2
tsih-guā-ke,接外家,16,chih-gōa-ke,tsih4gua7ke1,chih4goa7ke1
tsiap-bué-gí,接尾語,16,chiap-bóe-gí,tsiap4bue2gi2,chiap4boe2gi2
tsiap-bé-gú,接尾語,16,chiap-bé-gú,tsiap4be2gu2,chiap4be2gu2
khàng-suann-piah,控山壁,16,khàng-soaⁿ-piah,khang3suann1piah4,khang3soann1piah4
khòng-ki-á,控機仔,16,khòng-ki-á,khong3ki1a2,khong3ki1a2
thui--ê,推的,16,thui--ê,thui1e5,thui1e5
the-buē-khì,推袂去,16,the-bōe-khì,the1bue7khi3,the1boe7khi3
the-bē-khì,推袂去,16,the-bē-khì,the1be7khi3,the1be7khi3
om-tshuì-am,掩喙罨,16,om-chhùi-am,om1tshui3am1,om1chhui3am1
pué-ha̍h-á,掰箬仔,16,póe-ha̍h-á,pue2hah8a2,poe2hah8a2
pué-bē-lī,掰袂離,16,póe-bē-lī,pue2be7li7,poe2be7li7
kíng-ā-kíng,揀也揀,16,kéng-ā-kéng,king2a7king2,keng2a7keng2
jiû-thôo-kha,揉塗跤,16,jiû-thô͘-kha,jiu5thoo5kha1,jiu5thoo5kha1
liû-thôo-kha,揉塗跤,16,liû-thô͘-kha,liu5thoo5kha1,liu5thoo5kha1
jiû-tsàu-kha,揉灶跤,16,jiû-chàu-kha,jiu5tsau3kha1,jiu5chau3kha1
thê-khuán-phìnn,提款片,16,thê-khoán-phìⁿ,the5khuan2phinn3,the5khoan2phinn3
tshah-tshah-tshah,插插插,16,chhah-chhah-chhah,tshah4tshah4tshah4,chhah4chhah4chhah4
uānn-oo-iû,換烏油,16,ōaⁿ-o͘-iû,uann7oo1iu5,oann7oo1iu5
uānn-io̍h-á,換藥仔,16,ōaⁿ-io̍h-á,uann7ioh8a2,oann7ioh8a2
uānn-sok-kiû,換速球,16,ōaⁿ-sok-kiû,uann7sok4kiu5,oann7sok4kiu5
uānn-pn̄g-khann,換飯坩,16,ōaⁿ-pn̄g-khaⁿ,uann7png7khann1,oann7png7khann1
tshuē-sann-koo,揣三姑,16,chhōe-saⁿ-ko͘,tshue7sann1koo1,chhoe7sann1koo1
tshuē-bô-lōo,揣無路,16,chhōe-bô-lō͘,tshue7bo5loo7,chhoe7bo5loo7
tshuē--tio̍h,揣著,16,chhōe--tio̍h,tshue7tioh8,chhoe7tioh8
tshuē-bē-tio̍h,揣袂著,16,chhōe-bē-tio̍h,tshue7be7tioh8,chhoe7be7tioh8
tshi̍h-uá-lâi,揤倚來,16,chhi̍h-óa-lâi,tshih8ua2lai5,chhih8oa2lai5
uān-tsâu-iū,援巢右,16,oān-châu-iū,uan7tsau5iu7,oan7chau5iu7
phāinn-á-kheh,揹仔客,16,phāiⁿ-á-kheh,phainn7a2kheh4,phainn7a2kheh4
phāinn-á-kha,揹仔跤,16,phāiⁿ-á-kha,phainn7a2kha1,phainn7a2kha1
ui-sim-kuann,揻心肝,16,ui-sim-koaⁿ,ui1sim1kuann1,ui1sim1koann1
tiuh-tiuh-tuānn,搐搐彈,16,tiuh-tiuh-tōaⁿ,tiuh4tiuh4tuann7,tiuh4tiuh4toann7
iô-khoo-á,搖圈仔,16,iô-kho͘-á,io5khoo1a2,io5khoo1a2
iô-hàinn-tsiu,搖幌州,16,iô-hàiⁿ-chiu,io5hainn3tsiu1,io5hainn3chiu1
iô-pái-tsiu,搖擺州,16,iô-pái-chiu,io5pai2tsiu1,io5pai2chiu1
iô-pue-á,搖杯仔,16,iô-poe-á,io5pue1a2,io5poe1a2
iô-lóo-á,搖櫓仔,16,iô-ló͘-á,io5loo2a2,io5loo2a2
iô-khoo-á,搖箍仔,16,iô-kho͘-á,io5khoo1a2,io5khoo1a2
giú-tuā-soh,搝大索,16,giú-tōa-soh,giu2tua7soh4,giu2toa7soh4
khiú-tuā-soh,搝大索,16,khiú-tōa-soh,khiu2tua7soh4,khiu2toa7soh4
giú-koo-kńg,搝孤槓,16,giú-ko͘-kńg,giu2koo1kng2,giu2koo1kng2
giú-āu-kha,搝後跤,16,giú-āu-kha,giu2au7kha1,giu2au7kha1
khiú-āu-kha,搝後跤,16,khiú-āu-kha,khiu2au7kha1,khiu2au7kha1
khiú-sim-kuann,搝心肝,16,khiú-sim-koaⁿ,khiu2sim1kuann1,khiu2sim1koann1
giú-huâinn-kho,搝橫柯,16,giú-hoâiⁿ-kho,giu2huainn5kho1,giu2hoainn5kho1
giú-huînn-kho,搝橫柯,16,giú-hûiⁿ-kho,giu2huinn5kho1,giu2huinn5kho1
giú-sing-lí,搝生理,16,giú-seng-lí,giu2sing1li2,giu2seng1li2
giú-soh-á,搝索仔,16,giú-soh-á,giu2soh4a2,giu2soh4a2
giú-lîng-á,搝鈴仔,16,giú-lêng-á,giu2ling5a2,giu2leng5a2
khiú-lîng-á,搝鈴仔,16,khiú-lêng-á,khiu2ling5a2,khiu2leng5a2
giú-thâu-tsang,搝頭鬃,16,giú-thâu-chang,giu2thau5tsang1,giu2thau5chang1
khiú-thâu-tsang,搝頭鬃,16,khiú-thâu-chang,khiu2thau5tsang1,khiu2thau5chang1
iah-khang-tsiá,搤空者,16,iah-khang-chiá,iah4khang1tsia2,iah4khang1chia2
siàn-tshuì-phué,搧喙䫌,16,siàn-chhùi-phóe,sian3tshui3phue2,sian3chhui3phoe2
sàm-tshuì-phué,搧喙䫌,16,sàm-chhùi-phóe,sam3tshui3phue2,sam3chhui3phoe2
puann-kāng-tshut,搬仝齣,16,poaⁿ-kāng-chhut,puann1kang7tshut4,poann1kang7chhut4
puann-tiān-iánn,搬電影,16,poaⁿ-tiān-iáⁿ,puann1tian7iann2,poann1tian7iann2
tā-lí-buh,搭里霧,16,tā-lí-buh,ta7li2buh4,ta7li2buh4
tshiúnn-sî-kan,搶時間,16,chhiúⁿ-sî-kan,tshiunn2si5kan1,chhiunn2si5kan1
tshiúnn-àm-oo,搶暗烏,16,chhiúⁿ-àm-o͘,tshiunn2am3oo1,chhiunn2am3oo1
tshiúnn-thâu-pio,搶頭標,16,chhiúⁿ-thâu-pio,tshiunn2thau5pio1,chhiunn2thau5pio1
tshiúnn-thâu-hiunn,搶頭香,16,chhiúⁿ-thâu-hiuⁿ,tshiunn2thau5hiunn1,chhiunn2thau5hiunn1
kòng-khann-á,摃坩仔,16,kòng-khaⁿ-á,kong3khann1a2,kong3khann1a2
kòng-thuî-á,摃槌仔,16,kòng-thûi-á,kong3thui5a2,kong3thui5a2
kòng-phàn-á,摃盼仔,16,kòng-phàn-á,kong3phan3a2,kong3phan3a2
kòng-khang-á,摃空仔,16,kòng-khang-á,kong3khang1a2,kong3khang1a2
kòng-puî-liāu,摃肥料,16,kòng-pûi-liāu,kong3pui5liau7,kong3pui5liau7
piànn-hái-poo,摒海埔,16,piàⁿ-hái-po͘,piann3hai2poo1,piann3hai2poo1
piànn-huè-té,摒貨底,16,piàⁿ-hòe-té,piann3hue3te2,piann3hoe3te2
piànn-hè-tué,摒貨底,16,piàⁿ-hè-tóe,piann3he3tue2,piann3he3toe2
siàng-tuā-bîn,摔大眠,16,siàng-tōa-bîn,siang3tua7bin5,siang3toa7bin5
siàng-tuā-hōo,摔大雨,16,siàng-tōa-hō͘,siang3tua7hoo7,siang3toa7hoo7
tshuè-phuà-phê,摖破皮,16,chhòe-phòa-phê,tshue3phua3phe5,chhoe3phoa3phe5
tshè-phuà-phuê,摖破皮,16,chhè-phòa-phôe,tshe3phua3phue5,chhe3phoa3phoe5
tshuê-kè-siàu,摧價數,16,chhôe-kè-siàu,tshue5ke3siau3,chhoe5ke3siau3
tshui-ām-kún,摧頷頸,16,chhui-ām-kún,tshui1am7kun2,chhui1am7kun2
môo-thian-lûn,摩天輪,16,mô͘-thian-lûn,moo5thian1lun5,moo5thian1lun5
môo-sat-tik,摩薩德,16,mô͘-sat-tek,moo5sat4tik4,moo5sat4tek4
tshi̍k-á-tê,摵仔茶,16,chhe̍k-á-tê,tshik8a2te5,chhek8a2te5
tsô-tshuì-phué,摷喙䫌,16,chô-chhùi-phóe,tso5tshui3phue2,cho5chhui3phoe2
tsô-tshuì-phé,摷喙䫌,16,chô-chhùi-phé,tso5tshui3phe2,cho5chhui3phe2
bong-pak-tóo,摸腹肚,16,bong-pak-tó͘,bong1pak4too2,bong1pak4too2
phiat-á-piáⁿ,撇仔餅,16,phiat-á-piáⁿ,phiat4a2piaⁿ2,phiat4a2piann2
ngiáu-hīnn-sái,撓耳屎,16,ngiáu-hīⁿ-sái,ngiau2hinn7sai2,ngiau2hinn7sai2
ngiáu-hīnn-khang,撓耳空,16,ngiáu-hīⁿ-khang,ngiau2hinn7khang1,ngiau2hinn7khang1
ngiáu-kau-á,撓鉤仔,16,ngiáu-kau-á,ngiau2kau1a2,ngiau2kau1a2
lián-hīnn-á,撚耳仔,16,lián-hīⁿ-á,lian2hinn7a2,lian2hinn7a2
tshiâu-kè-siàu,撨價數,16,chhiâu-kè-siàu,tshiau5ke3siau3,chhiau5ke3siau3
tshiâu-hó-sè,撨好勢,16,chhiâu-hó-sè,tshiau5ho2se3,chhiau5ho2se3
pòo-khoo-á,播箍仔,16,pò͘-kho͘-á,poo3khoo1a2,poo3khoo1a2
tòng-á-phuê,擋仔皮,16,tòng-á-phôe,tong3a2phue5,tong3a2phoe5
tòng-pha̍k-ko,擋曝膏,16,tòng-pha̍k-ko,tong3phak8ko1,tong3phak8ko1
tòng-phuê-á,擋皮仔,16,tòng-phôe-á,tong3phue5a2,tong3phoe5a2
tòng-siann-piah,擋聲壁,16,tòng-siaⁿ-piah,tong3siann1piah4,tong3siann1piah4
tòng-báng-tsuí,擋蠓水,16,tòng-báng-chúi,tong3bang2tsui2,tong3bang2chui2
tòng-buē-tiâu,擋袂牢,16,tòng-bōe-tiâu,tong3bue7tiau5,tong3boe7tiau5
tòng-bē-tiâu,擋袂牢,16,tòng-bē-tiâu,tong3be7tiau5,tong3be7tiau5
tànn-á-tshia,擔仔車,16,tàⁿ-á-chhia,tann3a2tshia1,tann3a2chhia1
tann-tsik-jīm,擔責任,16,taⁿ-chek-jīm,tann1tsik4jim7,tann1chek4jim7
tam-su-iânn,擔輸贏,16,tam-su-iâⁿ,tam1su1iann5,tam1su1iann5
pia̍k-pia̍k-á,擗擗仔,16,pia̍k-pia̍k-á,piak8piak8a2,piak8piak8a2
tsik-thiāu-á,擠𤶃仔,16,chek-thiāu-á,tsik4thiau7a2,chek4thiau7a2
tàn-hiat-ka̍k,擲㧒捔,16,tàn-hiat-ka̍k,tan3hiat4kak8,tan3hiat4kak8
tàn-hìnn-sak,擲挕捒,16,tàn-hìⁿ-sak,tan3hinn3sak4,tan3hinn3sak4
lu-thôo-kha,攄塗跤,16,lu-thô͘-kha,lu1thoo5kha1,lu1thoo5kha1
lu-ki-á,攄機仔,16,lu-ki-á,lu1ki1a2,lu1ki1a2
lu-ōo-thâu,攄芋頭,16,lu-ō͘-thâu,lu1oo7thau5,lu1oo7thau5
lóng-ē-sài,攏會使,16,lóng-ē-sài,long2e7sai3,long2e7sai3
lóng-ē-sái,攏會使,16,lóng-ē-sái,long2e7sai2,long2e7sai2
gia̍h-pâi-á,攑牌仔,16,gia̍h-pâi-á,giah8pai5a2,giah8pai5a2
gia̍h-ngē-ko,攑硬篙,16,gia̍h-ngē-ko,giah8nge7ko1,giah8nge7ko1
gia̍h-thih-á,攑鐵仔,16,gia̍h-thih-á,giah8thih4a2,giah8thih4a2
gia̍h-hōo-suànn,攑雨傘,16,gia̍h-hō͘-sòaⁿ,giah8hoo7suann3,giah8hoo7soann3
tshiám-hang-bah,攕烘肉,16,chhiám-hang-bah,tshiam2hang1bah4,chhiam2hang1bah4
liap-iánn-ki,攝影機,16,liap-iáⁿ-ki,liap4iann2ki1,liap4iann2ki1
liap-hōo-suànn,攝護腺,16,liap-hō͘-sòaⁿ,liap4hoo7suann3,liap4hoo7soann3
liap-hōo-suànn,攝雨傘,16,liap-hō͘-sòaⁿ,liap4hoo7suann3,liap4hoo7soann3
tshuân-piān-piān,攢便便,16,chhoân-piān-piān,tshuan5pian7pian7,chhoan5pian7pian7
tshuân-leh-tán,攢咧等,16,chhoân-leh-tán,tshuan5leh4tan2,chhoan5leh4tan2
lám-teh-thiáu,攬咧跳,16,lám-teh-thiáu,lam2teh4thiau2,lam2teh4thiau2
tsi-ná-lâng,支那人,16,chi-ná-lâng,tsi1na2lang5,chi1na2lang5
tsi-ná-jī,支那字,16,chi-ná-jī,tsi1na2ji7,chi1na2ji7
tsi-ná-bûn,支那文,16,chi-ná-bûn,tsi1na2bun5,chi1na2bun5
tsi-ná-uē,支那話,16,chi-ná-ōe,tsi1na2ue7,chi1na2oe7
khi-kui-pîng,攲規爿,16,khi-kui-pêng,khi1kui1ping5,khi1kui1peng5
siu-kuah-tshia,收割車,16,siu-koah-chhia,siu1kuah4tshia1,siu1koah4chhia1
siu-siap-thi̍ap,收塞疊,16,siu-siap-thia̍p,siu1siap4thiap8,siu1siap4thiap8
siu-siap-tia̍p,收塞疊,16,siu-siap-tia̍p,siu1siap4tiap8,siu1siap4tiap8
siu-sîng-tsîng,收成前,16,siu-sêng-chêng,siu1sing5tsing5,siu1seng5cheng5
siu-sī-lu̍t,收視率,16,siu-sī-lu̍t,siu1si7lut8,siu1si7lut8
kái-koo-thué,改孤體,16,kái-ko͘-thóe,kai2koo1thue2,kai2koo1thoe2
pàng-nih-sak,放nih捒,16,pàng-nih-sak,pang3nih4sak4,pang3nih4sak4
pàng-nuā-nuā,放懶懶,16,pàng-nōa-nōa,pang3nua7nua7,pang3noa7noa7
pàng-sán-khuì,放瘦氣,16,pàng-sán-khùi,pang3san2khui3,pang3san2khui3
pàng-tsīn-pōng,放盡磅,16,pàng-chīn-pōng,pang3tsin7pong7,pang3chin7pong7
pàng-lám-lám,放荏荏,16,pàng-lám-lám,pang3lam2lam2,pang3lam2lam2
pàng-lo̍h-nńg,放落軟,16,pàng-lo̍h-nńg,pang3loh8nng2,pang3loh8nng2
hòng-sàng-uân,放送員,16,hòng-sàng-oân,hong3sang3uan5,hong3sang3oan5
hòng-sàng-kio̍k,放送局,16,hòng-sàng-kio̍k,hong3sang3kiok8,hong3sang3kiok8
hòng-sàng-thâu,放送頭,16,hòng-sàng-thâu,hong3sang3thau5,hong3sang3thau5
pàng-hōo-pe̍h,放雨白,16,pàng-hō͘-pe̍h,pang3hoo7peh8,pang3hoo7peh8
kòo-sū-su,故事書,16,kò͘-sū-su,koo3su7su1,koo3su7su1
bín-tāu-ióng,敏豆蛹,16,bín-tāu-ióng,bin2tau7iong2,bin2tau7iong2
kiù-sè-kun,救世軍,16,kiù-sè-kun,kiu3se3kun1,kiu3se3kun1
kiù-tsú-tàn,救主誕,16,kiù-chú-tàn,kiu3tsu2tan3,kiu3chu2tan3
kiù-miā-khuân,救命環,16,kiù-miā-khoân,kiu3mia7khuan5,kiu3mia7khoan5
kiù-miā-tsûn,救命船,16,kiù-miā-chûn,kiu3mia7tsun5,kiu3mia7chun5
kiù-sing-khuân,救生環,16,kiù-seng-khoân,kiu3sing1khuan5,kiu3seng1khoan5
kiù-sing-tsûn,救生船,16,kiù-seng-chûn,kiu3sing1tsun5,kiu3seng1chun5
kám-án-ne,敢按呢,16,kám-án-ne,kam2an2ne1,kam2an2ne1
kám-ē-sái,敢會使,16,kám-ē-sái,kam2e7sai2,kam2e7sai2
kám-ē-tàng,敢會當,16,kám-ē-tàng,kam2e7tang3,kam2e7tang3
kám-ū-iánn,敢有影,16,kám-ū-iáⁿ,kam2u7iann2,kam2u7iann2
kám-ū-îng,敢有閒,16,kám-ū-êng,kam2u7ing5,kam2u7eng5
kánn-m̄-sī,敢毋是,16,káⁿ-m̄-sī,kann2m7si7,kann2m7si7
kánn-tsiah-nī,敢遮爾,16,káⁿ-chiah-nī,kann2tsiah4ni7,kann2chiah4ni7
sàn-hiong-lâng,散凶人,16,sàn-hiong-lâng,san3hiong1lang5,san3hiong1lang5
suànn-tuânn-tshìng,散彈銃,16,sòaⁿ-tôaⁿ-chhèng,suann3tuann5tshing3,soann3toann5chheng3
suànn-hîng-kuài,散形怪,16,sòaⁿ-hêng-koài,suann3hing5kuai3,soann3heng5koai3
suànn-iā-iā,散掖掖,16,sòaⁿ-iā-iā,suann3ia7ia7,soann3ia7ia7
suànn-phóng-phóng,散滂滂,16,sòaⁿ-phóng-phóng,suann3phong2phong2,soann3phong2phong2
suànn-phún-phún,散翸翸,16,sòaⁿ-phún-phún,suann3phun2phun2,soann3phun2phun2
suànn-bông-bông,散茫茫,16,sòaⁿ-bông-bông,suann3bong5bong5,soann3bong5bong5
sàn-tshiah-lâng,散赤人,16,sàn-chhiah-lâng,san3tshiah4lang5,san3chhiah4lang5
sàn-tsia̍h-lâng,散食人,16,sàn-chia̍h-lâng,san3tsiah8lang5,san3chiah8lang5
khi-tsi̍t-pîng,敧一爿,16,khi-chi̍t-pêng,khi1tsit8ping5,khi1chit8peng5
tháu-tshuì-am,敨喙罨,16,tháu-chhùi-am,thau2tshui3am1,thau2chhui3am1
khà-sian-kóo,敲仙古,16,khà-sian-kó͘,kha3sian1koo2,kha3sian1koo2
khà-jī-ki,敲字機,16,khà-jī-ki,kha3ji7ki1,kha3ji7ki1
khà-jī-puânn,敲字盤,16,khà-jī-pôaⁿ,kha3ji7puann5,kha3ji7poann5
khà-jī-hâng,敲字行,16,khà-jī-hâng,kha3ji7hang5,kha3ji7hang5
khà-sih-nà,敲爍爁,16,khà-sih-nà,kha3sih4na3,kha3sih4na3
khà-hóo-lān,敲虎膦,16,khà-hó͘-lān,kha3hoo2lan7,kha3hoo2lan7
sòo-uī-phé,數位Pay,16,sò͘-ūi-phé,soo3ui7phe2,soo3ui7phe2
sòo-má-tsheh,數碼冊,16,sò͘-má-chheh,soo3ma2tsheh4,soo3ma2chheh4
sòo-má-huà,數碼化,16,sò͘-má-hòa,soo3ma2hua3,soo3ma2hoa3
sòo-má-phue,數碼批,16,sò͘-má-phoe,soo3ma2phue1,soo3ma2phoe1
sòo-má-siù,數碼獸,16,sò͘-má-siù,soo3ma2siu3,soo3ma2siu3
sòo-bé-tsînn,數碼錢,16,sò͘-bé-chîⁿ,soo3be2tsinn5,soo3be2chinn5
sòo-má-tsînn,數碼錢,16,sò͘-má-chîⁿ,soo3ma2tsinn5,soo3ma2chinn5
sòo-má-ke,數碼雞,16,sò͘-má-ke,soo3ma2ke1,soo3ma2ke1
bûn-kong-tshioh,文光尺,16,bûn-kong-chhioh,bun5kong1tshioh4,bun5kong1chhioh4
bûn-kū-tiàm,文具店,16,bûn-kū-tiàm,bun5ku7tiam3,bun5ku7tiam3
bûn-jī-ga̍k,文字獄,16,bûn-jī-ga̍k,bun5ji7gak8,bun5ji7gak8
bûn-siá-kó,文寫稿,16,bûn-siá-kó,bun5sia2ko2,bun5sia2ko2
bûn-giân-bûn,文言文,16,bûn-giân-bûn,bun5gian5bun5,bun5gian5bun5
bûn-ló͘-pin,文魯彬,16,bûn-ló͘-pin,bun5lo͘2pin1,bun5loo2pin1
pan-tsi-hue,斑芝花,16,pan-chi-hoe,pan1tsi1hue1,pan1chi1hoe1
táu-kat-tso̍k,斗葛族,16,táu-kat-cho̍k,tau2kat4tsok8,tau2kat4chok8
táu-kat-uē,斗葛話,16,táu-kat-ōe,tau2kat4ue7,tau2kat4oe7
liāu-lí-pau,料理包,16,liāu-lí-pau,liau7li2pau1,liau7li2pau1
siâ-á-uan,斜仔灣,16,siâ-á-oan,sia5a2uan1,sia5a2oan1
tshiâ-á-uan,斜仔灣,16,chhiâ-á-oan,tshia5a2uan1,chhia5a2oan1
tshua̍h-tuì-bīn,斜對面,16,chhoa̍h-tùi-bīn,tshuah8tui3bin7,chhoah8tui3bin7
tshiâ-tu-hîng,斜株形,16,chhiâ-tu-hêng,tshia5tu1hing5,chhia5tu1heng5
tshua̍h-kak-suànn,斜角線,16,chhoa̍h-kak-sòaⁿ,tshuah8kak4suann3,chhoah8kak4soann3
uat-tsiànn-tshiú,斡正手,16,oat-chiàⁿ-chhiú,uat4tsiann3tshiu2,oat4chiann3chhiu2
uat-tsiànn-pîng,斡正爿,16,oat-chiàⁿ-pêng,uat4tsiann3ping5,oat4chiann3peng5
kin-niú-sòo,斤兩數,16,kin-niú-sò͘,kin1niu2soo3,kin1niu2soo3
kun-niú-sòo,斤兩數,16,kun-niú-sò͘,kun1niu2soo3,kun1niu2soo3
tsám-lio̍k-tsiòng,斬六將,16,chám-lio̍k-chiòng,tsam2liok8tsiong3,cham2liok8chiong3
su-kú-li̍k,斯久勒,16,su-kú-le̍k,su1ku2lik8,su1ku2lek8
su-lo̍k-biân,斯洛綿,16,su-lo̍k-biân,su1lok8bian5,su1lok8bian5
su-lo̍k-ba̍k,斯洛茉,16,su-lo̍k-ba̍k,su1lok8bak8,su1lok8bak8
sin-tsū-bîn,新住民,16,sin-chū-bîn,sin1tsu7bin5,sin1chu7bin5
sin-tshòng-á,新創仔,16,sin-chhòng-á,sin1tshong3a2,sin1chhong3a2
sin-lâm-hiòng,新南向,16,sin-lâm-hiòng,sin1lam5hiong3,sin1lam5hiong3
sin-tshù-á,新厝仔,16,sin-chhù-á,sin1tshu3a2,sin1chhu3a2
sin-tshù-tsng,新厝莊,16,sin-chhù-chng,sin1tshu3tsng1,sin1chhu3chng1
sin-pi-thâu,新埤頭,16,sin-pi-thâu,sin1pi1thau5,sin1pi1thau5
sin-khut-kang,新堀江,16,sin-khut-kang,sin1khut4kang1,sin1khut4kang1
sin-niû-thènn,新娘撐,16,sin-niû-thèⁿ,sin1niu5thenn3,sin1niu5thenn3
sin-niû-sann,新娘衫,16,sin-niû-saⁿ,sin1niu5sann1,sin1niu5sann1
sin-ang-á,新尪仔,16,sin-ang-á,sin1ang1a2,sin1ang1a2
sin-kàn-suànn,新幹線,16,sin-kàn-sòaⁿ,sin1kan3suann3,sin1kan3soann3
sin-tsng-á,新庄仔,16,sin-chng-á,sin1tsng1a2,sin1chng1a2
sin-káng-î,新港飴,16,sin-káng-î,sin1kang2i5,sin1kang2i5
sin-senn-á,新生仔,16,sin-seⁿ-á,sin1senn1a2,sin1senn1a2
sin-bûn-tsuá,新聞紙,16,sin-bûn-chóa,sin1bun5tsua2,sin1bun5choa2
sin-niôo-kang,新郎公,16,sin-niô͘-kang,sin1nioo5kang1,sin1nioo5kang1
sin-kim-san,新金山,16,sin-kim-san,sin1kim1san1,sin1kim1san1
tn̄g-puànn-sián,斷半仙,16,tn̄g-pòaⁿ-sián,tng7puann3sian2,tng7poann3sian2
tuān-siá-lî,斷捨離,16,toān-siá-lî,tuan7sia2li5,toan7sia2li5
tuān-siá-lī,斷捨離,16,toān-siá-lī,tuan7sia2li7,toan7sia2li7
tn̄g-kut-jia̍t,斷骨熱,16,tn̄g-kut-jia̍t,tng7kut4jiat8,tng7kut4jiat8
hong-hiòng-ting,方向燈,16,hong-hiòng-teng,hong1hiong3ting1,hong1hiong3teng1
hong-tè-soo,方塊酥,16,hong-tè-so͘,hong1te3soo1,hong1te3soo1
si-bîng-tik,施明德,16,si-bêng-tek,si1bing5tik4,si1beng5tek4
kî-á-kha,旗仔跤,16,kî-á-kha,ki5a2kha1,ki5a2kha1
kî-tin-khu,旗津區,16,kî-tin-khu,ki5tin1khu1,ki5tin1khu1
kì-sī-kám,既視感,16,kì-sī-kám,ki3si7kam2,ki3si7kam2
ji̍t-á-kang,日仔工,16,ji̍t-á-kang,jit8a2kang1,jit8a2kang1
ji̍t-thiah-á,日拆仔,16,ji̍t-thiah-á,jit8thiah4a2,jit8thiah4a2
ji̍t-tshiâ-sai,日斜西,16,ji̍t-chhiâ-sai,jit8tshia5sai1,jit8chhia5sai1
ji̍t-sî-thâu,日時頭,16,ji̍t-sî-thâu,jit8si5thau5,jit8si5thau5
ji̍t-pún-bûn,日本文,16,ji̍t-pún-bûn,jit8pun2bun5,jit8pun2bun5
ji̍t-pún-phiò,日本票,16,ji̍t-pún-phiò,jit8pun2phio3,jit8pun2phio3
ji̍t-pún-uē,日本話,16,ji̍t-pún-ōe,jit8pun2ue7,jit8pun2oe7
ji̍t-pún-tsînn,日本錢,16,ji̍t-pún-chîⁿ,jit8pun2tsinn5,jit8pun2chinn5
ji̍t-pún-tshut,日本齣,16,ji̍t-pún-chhut,jit8pun2tshut4,jit8pun2chhut4
ji̍t-beh-àm,日欲暗,16,ji̍t-beh-àm,jit8beh4am3,jit8beh4am3
ji̍t-tsún-mê,日準暝,16,ji̍t-chún-mê,jit8tsun2me5,jit8chun2me5
li̍t-tsún-mê,日準暝,16,li̍t-chún-mê,lit8tsun2me5,lit8chun2me5
ji̍t-huân-khoo,日環箍,16,ji̍t-hoân-kho͘,jit8huan5khoo1,jit8hoan5khoo1
ji̍t-senn-si̍t,日生翼,16,ji̍t-seⁿ-si̍t,jit8senn1sit8,jit8senn1sit8
ji̍t-sinn-si̍t,日生翼,16,ji̍t-siⁿ-si̍t,jit8sinn1sit8,jit8sinn1sit8
ji̍t-senn-kha,日生跤,16,ji̍t-seⁿ-kha,jit8senn1kha1,jit8senn1kha1
ji̍t-sinn-kha,日生跤,16,ji̍t-siⁿ-kha,jit8sinn1kha1,jit8sinn1kha1
ji̍t-tîng-pió,日程表,16,ji̍t-têng-pió,jit8ting5pio2,jit8teng5pio2
ji̍t-lîng-guân,日能源,16,ji̍t-lêng-goân,jit8ling5guan5,jit8leng5goan5
ji̍t-lo̍h-suann,日落山,16,ji̍t-lo̍h-soaⁿ,jit8loh8suann1,jit8loh8soann1
ji̍t-lo̍h-sin,日落申,16,ji̍t-lo̍h-sin,jit8loh8sin1,jit8loh8sin1
ji̍t-thâu-àm,日頭暗,16,ji̍t-thâu-àm,jit8thau5am3,jit8thau5am3
ji̍t-thâu-mé,日頭猛,16,ji̍t-thâu-mé,jit8thau5me2,jit8thau5me2
ji̍t-thâu-hōo,日頭雨,16,ji̍t-thâu-hō͘,jit8thau5hoo7,jit8thau5hoo7
ji̍t-thâu-piánn,日頭餅,16,ji̍t-thâu-piáⁿ,jit8thau5piann2,jit8thau5piann2
ji̍t-tsia̍h-gue̍h,日食月,16,ji̍t-chia̍h-goe̍h,jit8tsiah8gueh8,jit8chiah8goeh8
tsá-sî-á,早時仔,16,chá-sî-á,tsa2si5a2,cha2si5a2
tsái-sî-á,早時仔,16,chái-sî-á,tsai2si5a2,chai2si5a2
tsá-tsū-si̍p,早自習,16,chá-chū-si̍p,tsa2tsu7sip8,cha2chu7sip8
tsá-khí-poo,早起晡,16,chá-khí-po͘,tsa2khi2poo1,cha2khi2poo1
tsá-tǹg-tiàm,早頓店,16,chá-tǹg-tiàm,tsa2tng3tiam3,cha2tng3tiam3
gông-tsûn-tsiu,昂船洲,16,gông-chûn-chiu,gong5tsun5tsiu1,gong5chun5chiu1
miâ-á-tsài,明仔載,16,miâ-á-chài,mia5a2tsai3,mia5a2chai3
bîn-āu-ji̍t,明後日,16,bîn-āu-ji̍t,bin5au7jit8,bin5au7jit8
sing-pa-khat,星巴克,16,seng-pa-khat,sing1pa1khat4,seng1pa1khat4
sing-pa-khik,星巴克,16,seng-pa-khek,sing1pa1khik4,seng1pa1khek4
tshenn-tshuā-sái,星泄屎,16,chheⁿ-chhōa-sái,tshenn1tshua7sai2,chhenn1chhoa7sai2
tsiau-khó-li̍k,昭可力,16,chiau-khó-le̍k,tsiau1kho2lik8,chiau1kho2lek8
tsiau-khó-lo̍k,昭可洛,16,chiau-khó-lo̍k,tsiau1kho2lok8,chiau1kho2lok8
sī-siánn-lâng,是啥人,16,sī-siáⁿ-lâng,si7siann2lang5,si7siann2lang5
sī-siánn-mih,是啥物,16,sī-siáⁿ-mih,si7siann2mih4,si7siann2mih4
sī-án-huē,是按會,16,sī-án-hōe,si7an2hue7,si7an2hoe7
sī-m̄-sī,是毋是,16,sī-m̄-sī,si7m7si7,si7m7si7
sī--bô,是無,16,sī--bô,si7bo5,si7bo5
sî-koo-á,時咕仔,16,sî-ko͘-á,si5koo1a2,si5koo1a2
sî-ki-kia̍t,時機kia̍t,16,sî-ki-kia̍t,si5ki1kiat8,si5ki1kiat8
sî-kiânn-kua,時行歌,16,sî-kiâⁿ-koa,si5kiann5kua1,si5kiann5koa1
sî-kè-kó,時計果,16,sî-kè-kó,si5ke3ko2,si5ke3ko2
sî-pió-á,時錶仔,16,sî-pió-á,si5pio2a2,si5pio2a2
sî-tsing-kue,時鐘瓜,16,sî-cheng-koe,si5tsing1kue1,si5cheng1koe1
tsìn-kang-uē,晉江話,16,chìn-kang-ōe,tsin3kang1ue7,chin3kang1oe7
phóo-iu-má,普悠瑪,16,phó͘-iu-má,phoo2iu1ma2,phoo2iu1ma2
phóo-thong-sî,普通時,16,phó͘-thong-sî,phoo2thong1si5,phoo2thong1si5
phóo-thong-uē,普通話,16,phó͘-thong-ōe,phoo2thong1ue7,phoo2thong1oe7
kíng-khì-bái,景氣䆀,16,kéng-khì-bái,king2khi3bai2,keng2khi3bai2
tsîng-khong-thah,晴空塔,16,chêng-khong-thah,tsing5khong1thah4,cheng5khong1thah4
tì-kak-tio̍h,智覺著,16,tì-kak-tio̍h,ti3kak4tioh8,ti3kak4tioh8
tì-sik-jîn,智識人,16,tì-sek-jîn,ti3sik4jin5,ti3sek4jin5
tì-sik-lâng,智識人,16,tì-sek-lâng,ti3sik4lang5,ti3sek4lang5
sú-bī-to̍h,暑味著,16,sú-bī-to̍h,su2bi7toh8,su2bi7toh8
àm-tsoh-kî,暗作期,16,àm-choh-kî,am3tsoh4ki5,am3choh4ki5
àm-kong-tshenn,暗光星,16,àm-kong-chheⁿ,am3kong1tshenn1,am3kong1chhenn1
àm-kong-tshinn,暗光星,16,àm-kong-chhiⁿ,am3kong1tshinn1,am3kong1chhinn1
àm-kong-tsiáu,暗光鳥,16,àm-kong-chiáu,am3kong1tsiau2,am3kong1chiau2
àm-ì-sik,暗意識,16,àm-ì-sek,am3i3sik4,am3i3sek4
àm-sî-á,暗時仔,16,àm-sî-á,am3si5a2,am3si5a2
àm-sat-tsiá,暗殺者,16,àm-sat-chiá,am3sat4tsia2,am3sat4chia2
àm-bé-tsînn,暗碼錢,16,àm-bé-chîⁿ,am3be2tsinn5,am3be2chinn5
àm-ta-á,暗礁仔,16,àm-ta-á,am3ta1a2,am3ta1a2
àm-hō-tsînn,暗號錢,16,àm-hō-chîⁿ,am3ho7tsinn5,am3ho7chinn5
àm-thâu-á,暗頭仔,16,àm-thâu-á,am3thau5a2,am3thau5a2
mê-bué-á,暝尾仔,16,mê-bóe-á,me5bue2a2,me5boe2a2
pok-hong-seh,暴風雪,16,pok-hong-seh,pok4hong1seh4,pok4hong1seh4
pha̍k-hōo-ta,曝予焦,16,pha̍k-hō͘-ta,phak8hoo7ta1,phak8hoo7ta1
pha̍k-ji̍t-thâu,曝日頭,16,pha̍k-ji̍t-thâu,phak8jit8thau5,phak8jit8thau5
khiau--khì,曲去,16,khiau--khì,khiau1khi3,khiau1khi3
khiok-kùn-kîu,曲棍球,16,khiok-kùn-kiû,khiok4kun3kiu5,khiok4kun3kiu5
khiau-ku-thâng,曲痀蟲,16,khiau-ku-thâng,khiau1ku1thang5,khiau1ku1thang5
bàn-boh-hî,曼波魚,16,bàn-boh-hî,ban3boh4hi5,ban3boh4hi5
bàn-boh-hû,曼波魚,16,bàn-boh-hû,ban3boh4hu5,ban3boh4hu5
tsan-pik-guân,曾柏元,16,chan-pek-goân,tsan1pik4guan5,chan1pek4goan5
thè-tai-ik,替代役,16,thè-tai-ek,the3tai1ik4,the3tai1ek4
thè-tāi-ik,替代役,16,thè-tāi-ek,the3tai7ik4,the3tai7ek4
thè-si̍t-jī,替實字,16,thè-si̍t-jī,the3sit8ji7,the3sit8ji7
thè-uānn-sí,替換死,16,thè-ōaⁿ-sí,the3uann7si2,the3oann7si2
ē-tshun-kiu,會伸勼,16,ē-chhun-kiu,e7tshun1kiu1,e7chhun1kiu1
huē-sit-lé,會失禮,16,hōe-sit-lé,hue7sit4le2,hoe7sit4le2
ē--bô,會無,16,ē--bô,e7bo5,e7bo5
ē-koh-huat,會閣發,16,ē-koh-hoat,e7koh4huat4,e7koh4hoat4
gue̍h-sè-kài,月世界,16,goe̍h-sè-kài,gueh8se3kai3,goeh8se3kai3
gue̍h-niû-khoo,月娘箍,16,goe̍h-niû-kho͘,gueh8niu5khoo1,goeh8niu5khoo1
gue̍h-niû-tsháu,月娘草,16,goe̍h-niû-chháu,gueh8niu5tshau2,goeh8niu5chhau2
gue̍h-thiap-á,月帖仔,16,goe̍h-thiap-á,gueh8thiap4a2,goeh8thiap4a2
ge̍h-ge̍h-kng,月月光,16,ge̍h-ge̍h-kng,geh8geh8kng1,geh8geh8kng1
gua̍t-tin-káng,月津港,16,goa̍t-tin-káng,guat8tin1kang2,goat8tin1kang2
gue̍h-king-bûn,月經文,16,goe̍h-keng-bûn,gueh8king1bun5,goeh8keng1bun5
gue̍h-tsia̍h-ji̍t,月食日,16,goe̍h-chia̍h-ji̍t,gueh8tsiah8jit8,goeh8chiah8jit8
ū-tsit-tǹg,有一頓,16,ū-chit-tǹg,u7tsit4tng3,u7chit4tng3
ū-būn-tê,有問題,16,ū-būn-tê,u7bun7te5,u7bun7te5
ū-tshuì-tsuí,有喙水,16,ū-chhùi-chúi,u7tshui3tsui2,u7chhui3chui2
ū-gín-á,有囡仔,16,ū-gín-á,u7gin2a2,u7gin2a2
ū-kàu-la̍t,有夠力,16,ū-kàu-la̍t,u7kau3lat8,u7kau3lat8
ū-kàu-tsán,有夠讚,16,ū-kàu-chán,u7kau3tsan2,u7kau3chan2
ū-kàu-thang,有夠通,16,ū-kàu-thang,u7kau3thang1,u7kau3thang1
iú-ìng-kong,有應公,16,iú-èng-kong,iu2ing3kong1,iu2eng3kong1
ū-ìng-kong,有應公,16,ū-èng-kong,u7ing3kong1,u7eng3kong1
ū-huè-sòo,有歲數,16,ū-hòe-sò͘,u7hue3soo3,u7hoe3soo3
ū-huè-thâu,有歲頭,16,ū-hòe-thâu,u7hue3thau5,u7hoe3thau5
ū--bô,有無,16,ū--bô,u7bo5,u7bo5
ū-khan-bán,有牽挽,16,ū-khan-bán,u7khan1ban2,u7khan1ban2
ū-ê-lâng,有的人,16,ū-ê-lâng,u7e5lang5,u7e5lang5
iú-sîn-lūn,有神論,16,iú-sîn-lūn,iu2sin5lun7,iu2sin5lun7
ū-bah-phìnn,有肉片,16,ū-bah-phìⁿ,u7bah4phinn3,u7bah4phinn3
ū-uē-kóng,有話講,16,ū-ōe-kóng,u7ue7kong2,u7oe7kong2
ū-sin-hūn,有身孕,16,ū-sin-hūn,u7sin1hun7,u7sin1hun7
ū-khah-suí,有較媠,16,ū-khah-súi,u7khah4sui2,u7khah4sui2
ū-liân-suànn,有連線,16,ū-liân-sòaⁿ,u7lian5suann3,u7lian5soann3
iú-kuan-tio̍h,有關著,16,iú-koan-tio̍h,iu2kuan1tioh8,iu2koan1tioh8
ho̍k-bū-lîng,服務鈴,16,ho̍k-bū-lêng,hok8bu7ling5,hok8bu7leng5
sok-pi-a,朔啡亞,16,sok-pi-a,sok4pi1a1,sok4pi1a1
lóng-tho̍k-kó,朗讀稿,16,lóng-tho̍k-kó,long2thok8ko2,long2thok8ko2
bāng-tshun-hong,望春風,16,bāng-chhun-hong,bang7tshun1hong1,bang7chhun1hong1
bōng-gán-kiànn,望眼鏡,16,bōng-gán-kiàⁿ,bong7gan2kiann3,bong7gan2kiann3
bōng-tsâi-niau,望財貓,16,bōng-châi-niau,bong7tsai5niau1,bong7chai5niau1
tiâu-sìng-tē,朝聖地,16,tiâu-sèng-tē,tiau5sing3te7,tiau5seng3te7
tiâu-sián-gí,朝鮮語,16,tiâu-sián-gí,tiau5sian2gi2,tiau5sian2gi2
kî-tiong-khó,期中考,16,kî-tiong-khó,ki5tiong1kho2,ki5tiong1kho2
bo̍k-nái-i,木乃伊,16,bo̍k-nái-i,bok8nai2i1,bok8nai2i1
ba̍k-tshiūnn-sai,木匠師,16,ba̍k-chhiūⁿ-sai,bak8tshiunn7sai1,bak8chhiunn7sai1
ba̍k-kia̍h-lân,木屐蘭,16,ba̍k-kia̍h-lân,bak8kiah8lan5,bak8kiah8lan5
bo̍k-biân-hua,木棉花,16,bo̍k-biân-hoa,bok8bian5hua1,bok8bian5hoa1
bo̍k-kue-ling,木瓜奶,16,bo̍k-koe-leng,bok8kue1ling1,bok8koe1leng1
bo̍k-lân-tî,木蘭池,16,bo̍k-lân-tî,bok8lan5ti5,bok8lan5ti5
bo̍k-tsit-pōo,木質部,16,bo̍k-chit-pō͘,bok8tsit4poo7,bok8chit4poo7
bī-lâi-sik,未來式,16,bī-lâi-sek,bi7lai5sik4,bi7lai5sek4
bī-hun-hu,未婚夫,16,bī-hun-hu,bi7hun1hu1,bi7hun1hu1
buē-tú-hó,未拄好,16,bōe-tú-hó,bue7tu2ho2,boe7tu2ho2
bē-tú-hó,未拄好,16,bē-tú-hó,be7tu2ho2,be7tu2ho2
bī-hîng-kun,未行軍,16,bī-hêng-kun,bi7hing5kun1,bi7heng5kun1
buē-tiû-tû,未躊躇,16,bōe-tiû-tû,bue7tiu5tu5,boe7tiu5tu5
tsu-it-kuì,朱一貴,16,chu-it-kùi,tsu1it4kui3,chu1it4kui3
tsu-guân-tsiong,朱元璋,16,chu-goân-chiong,tsu1guan5tsiong1,chu1goan5chiong1
tsu-kóo-la̍t,朱古力,16,chu-kó͘-la̍t,tsu1koo2lat8,chu1koo2lat8
tsu-tsu-âng,朱朱紅,16,chu-chu-âng,tsu1tsu1ang5,chu1chu1ang5
tsu-li̍p-lûn,朱立倫,16,chu-li̍p-lûn,tsu1lip8lun5,chu1lip8lun5
tsu-âng-sik,朱紅色,16,chu-âng-sek,tsu1ang5sik4,chu1ang5sek4
phoh-á-kha,朴仔跤,16,phoh-á-kha,phoh4a2kha1,phoh4a2kha1
lí-jîn-kùi,李仁貴,16,lí-jîn-kùi,li2jin5kui3,li2jin5kui3
lí-á-tshiám,李仔攕,16,lí-á-chhiám,li2a2tshiam2,li2a2chhiam2
lí-á-thn̂g,李仔糖,16,lí-á-thn̂g,li2a2thng5,li2a2thng5
lí-khik-kiōng,李克強,16,lí-khek-kiōng,li2khik4kiong7,li2khek4kiong7
lí-lô-tshia,李哪吒,16,lí-lô-chhia,li2lo5tshia1,li2lo5chhia1
lí-èng-guân,李應元,16,lí-èng-goân,li2eng3guan5,li2eng3goan5
lí-sin-phuè,李昕霈,16,lí-sin-phòe,li2sin1phue3,li2sin1phoe3
lí-uán-tiat,李遠哲,16,lí-oán-tiat,li2uan2tiat4,li2oan2tiat4
hīng-jîn-lōo,杏仁露,16,hēng-jîn-lō͘,hing7jin5loo7,heng7jin5loo7
hīng-pau-koo,杏鮑菇,16,hēng-pau-ko͘,hing7pau1koo1,heng7pau1koo1
sok-ām-kún,束頷頸,16,sok-ām-kún,sok4am7kun2,sok4am7kun2
tang-sì-kak,東勢角,16,tang-sì-kak,tang1si3kak4,tang1si3kak4
tang-lîng-kok,東寧國,16,tang-lêng-kok,tang1ling5kok4,tang1leng5kok4
tang-pe̍h-á,東白仔,16,tang-pe̍h-á,tang1peh8a2,tang1peh8a2
siông-kó-suànn,松果腺,16,siông-kó-sòaⁿ,siong5ko2suann3,siong5ko2soann3
tshîng-pik-miâ,松柏樠,16,chhêng-pek-miâ,tshing5pik4mia5,chheng5pek4mia5
tshîng-peh-tshiū,松柏樹,16,chhêng-peh-chhiū,tshing5peh4tshiu7,chheng5peh4chhiu7
tshîng-peh-luî,松柏癗,16,chhêng-peh-lûi,tshing5peh4lui5,chheng5peh4lui5
pang-lâm-suànn,板南線,16,pang-lâm-sòaⁿ,pang1lam5suann3,pang1lam5soann3
pang-lâm-suànn,枋南線,16,pang-lâm-sòaⁿ,pang1lam5suann3,pang1lam5soann3
nâ-á-pinn,林仔邊,16,nâ-á-piⁿ,na5a2pinn1,na5a2pinn1
lîm-ka-liông,林佳龍,16,lîm-ka-liông,lim5ka1liong5,lim5ka1liong5
lîm-tsùn-kia̍t,林俊傑,16,lîm-chùn-kia̍t,lim5tsun3kiat8,lim5chun3kiat8
nâ-kháu-khu,林口區,16,nâ-kháu-khu,na5khau2khu1,na5khau2khu1
lîm-kí-poo,林圯埔,16,lîm-kí-po͘,lim5ki2poo1,lim5ki2poo1
lîm-tsu-miāu,林姿妙,16,lîm-chu-miāu,lim5tsu1miau7,lim5chu1miau7
lîm-tsèng-tsik,林政則,16,lîm-chèng-chek,lim5tseng3tsik4,lim5cheng3chek4
lîm-tshióng-tsò,林昶佐,16,lîm-chhióng-chò,lim5tshiong2tso3,lim5chhiong2cho3
lîm-kéng-guân,林景元,16,lîm-kéng-goân,lim5keng2guan5,lim5keng2goan5
lîm-tì-kian,林智堅,16,lîm-tì-kian,lim5ti3kian1,lim5ti3kian1
lîm-tso̍k-súi,林濁水,16,lîm-cho̍k-súi,lim5tsok8sui2,lim5chok8sui2
lîm-sóng-bûn,林爽文,16,lîm-sóng-bûn,lim5song2bun5,lim5song2bun5
lîm-hiàn-tông,林獻堂,16,lîm-hiàn-tông,lim5hian3tong5,lim5hian3tong5
lîm-gī-hiông,林義雄,16,lîm-gī-hiông,lim5gi7hiong5,lim5gi7hiong5
nia-pua̍t-á,林菝仔,16,nia-poa̍t-á,nia1puat8a2,nia1poat8a2
niá-pu̍t-á,林菝仔,16,niá-pu̍t-á,nia2put8a2,nia2put8a2
lîm-bān-ik,林萬億,16,lîm-bān-ek,lim5ban7ik4,lim5ban7ek4
lîm-lē-bêng,林麗明,16,lîm-lē-bêng,lim5le7beng5,lim5le7beng5
kué-tsí-kuann,果子乾,16,kóe-chí-koaⁿ,kue2tsi2kuann1,koe2chi2koann1
kué-tsí-jîn,果子仁,16,kóe-chí-jîn,kue2tsi2jin5,koe2chi2jin5
kér-tsí-hn̂g,果子園,16,kér-chí-hn̂g,ker2tsi2hng5,ker2chi2hng5
kér-tsí-the̍h,果子宅,16,kér-chí-the̍h,ker2tsi2theh8,ker2chi2theh8
kér-tsí-tshiū,果子樹,16,kér-chí-chhiū,ker2tsi2tshiu7,ker2chi2chhiu7
kér-tsí-tsâng,果子欉,16,kér-chí-châng,ker2tsi2tsang5,ker2chi2chang5
kér-tsí-tsap,果子汁,16,kér-chí-chap,ker2tsi2tsap4,ker2chi2chap4
kué-tsí-bâ,果子猫,16,kóe-chí-bâ,kue2tsi2ba5,koe2chi2ba5
kér-tsí-phêr,果子皮,16,kér-chí-phêr,ker2tsi2pher5,ker2chi2pher5
kué-tsí-kué,果子粿,16,kóe-chí-kóe,kue2tsi2kue2,koe2chi2koe2
kér-tsí-bah,果子肉,16,kér-chí-bah,ker2tsi2bah4,ker2chi2bah4
kér-tsí-ko,果子膏,16,kér-chí-ko,ker2tsi2ko1,ker2chi2ko1
kué-tsí-sîn,果子蠅,16,kóe-chí-sîn,kue2tsi2sin5,koe2chi2sin5
kué-tsí-tāu,果子豆,16,kóe-chí-tāu,kue2tsi2tau7,koe2chi2tau7
kué-tsí-sng,果子酸,16,kóe-chí-sng,kue2tsi2sng1,koe2chi2sng1
ké-tsí-sng,果子酸,16,ké-chí-sng,ke2tsi2sng1,ke2chi2sng1
kué-tsí-tsiònn,果子醬,16,kóe-chí-chiòⁿ,kue2tsi2tsionn3,koe2chi2chionn3
kér-tsí-tsiùnn,果子醬,16,kér-chí-chiùⁿ,ker2tsi2tsiunn3,ker2chi2chiunn3
kue-tsí-iâm,果子鹽,16,koe-chí-iâm,kue1tsi2iam5,koe1chi2iam5
kó-tsiap-ki,果汁機,16,kó-chiap-ki,ko2tsiap4ki1,ko2chiap4ki1
ki-á-thn̂g,枝仔糖,16,ki-á-thn̂g,ki1a2thng5,ki1a2thng5
ki-kut-á,枝骨仔,16,ki-kut-á,ki1kut4a2,ki1kut4a2
iau--loh,枵囉,16,iau--loh,iau1loh4,iau1loh4
iau-kuânn-gō,枵寒餓,16,iau-kôaⁿ-gō,iau1kuann5go7,iau1koann5go7
iau-kuí-tshuì,枵鬼喙,16,iau-kúi-chhùi,iau1kui2tshui3,iau1kui2chhui3
iau-khí-tsuâ,枵鬼蛇,16,iau-khí-chôa,iau1khi2tsua5,iau1khi2choa5
iau-kuí-thih,枵鬼鐵,16,iau-kúi-thih,iau1kui2thih4,iau1kui2thih4
iau-kuí-tsia̍h,枵鬼食,16,iau-kúi-chia̍h,iau1kui2tsiah8,iau1kui2chiah8
iau-kúi-tsia̍h,枵鬼食,16,iau-kúi-chia̍h,iau1kui2tsiah8,iau1kui2chiah8
ka-tshia-tîn,枷車藤,16,ka-chhia-tîn,ka1tshia1tin5,ka1chhia1tin5
kha-tshia-tîn,枷車藤,16,kha-chhia-tîn,kha1tshia1tin5,kha1chhia1tin5
kam-á-sik,柑仔色,16,kam-á-sek,kam1a2sik4,kam1a2sek4
ta-poo-kiánn,查埔囝,16,ta-po͘-kiáⁿ,ta1poo1kiann2,ta1poo1kiann2
tsa-hōo-kháu,查戶口,16,cha-hō͘-kháu,tsa1hoo7khau2,cha1hoo7khau2
tsa-bóo-poo,查某埔,16,cha-bó͘-po͘,tsa1boo2poo1,cha1boo2poo1
tsa-bóo-iânn,查某營,16,cha-bó͘-iâⁿ,tsa1boo2iann5,cha1boo2iann5
tsa-bóo-hōo,查某雨,16,cha-bó͘-hō͘,tsa1boo2hoo7,cha1boo2hoo7
tsa-bóo-kán,查某𡢃,16,cha-bó͘-kán,tsa1boo2kan2,cha1boo2kan2
tshâ-tsuí-pió,查水表,16,chhâ-chúi-pió,tsha5tsui2pio2,chha5chui2pio2
tshâ-tsuí-pió,查水錶,16,chhâ-chúi-pió,tsha5tsui2pio2,chha5chui2pio2
tsa-bóo-iânn,查畝營,16,cha-bó͘-iâⁿ,tsa1boo2iann5,cha1boo2iann5
kua-bûn-tiat,柯文哲,16,koa-bûn-tiat,kua1bun5tiat4,koa1bun5tiat4
kua-tì-a,柯智亞,16,koa-tì-a,kua1ti3a1,koa1ti3a1
thiāu-ē-tsio̍h,柱下石,16,thiāu-ē-chio̍h,thiau7e7tsioh8,thiau7e7chioh8
tshâ-tshù-á,柴厝仔,16,chhâ-chhù-á,tsha5tshu3a2,chha5chhu3a2
tshâ-tè-á,柴塊仔,16,chhâ-tè-á,tsha5te3a2,chha5te3a2
tshâ-kia̍h-hīnn,柴屐耳,16,chhâ-kia̍h-hīⁿ,tsha5kiah8hinn7,chha5kiah8hinn7
tshâ-kia̍h-phàn,柴屐襻,16,chhâ-kia̍h-phàn,tsha5kiah8phan3,chha5kiah8phan3
tshâ-tsím-thâu,柴枕頭,16,chhâ-chím-thâu,tsha5tsim2thau5,chha5chim2thau5
tshâ-thia̍p-á,柴疊仔,16,chhâ-thia̍p-á,tsha5thiap8a2,chha5thiap8a2
tshâ-tsng-á,柴磚仔,16,chhâ-chng-á,tsha5tsng1a2,chha5chng1a2
tshâ-kak-á,柴角仔,16,chhâ-kak-á,tsha5kak4a2,chha5kak4a2
khī-á-sik,柿仔色,16,khī-á-sek,khi7a2sik4,khi7a2sek4
la̍t-tsí-thâu,栗子頭,16,la̍t-chí-thâu,lat8tsi2thau5,lat8chi2thau5
la̍t-bí-kok,栗美國,16,la̍t-bí-kok,lat8bi2kok4,lat8bi2kok4
hu̍t-tsí-tuānn,核子彈,16,hu̍t-chí-tōaⁿ,hut8tsi2tuann7,hut8chi2toann7
hi̍k-huì-liāu,核廢料,16,he̍k-hùi-liāu,hik8hui3liau7,hek8hui3liau7
hi̍k-huī-liāu,核廢料,16,he̍k-hūi-liāu,hik8hui7liau7,hek8hui7liau7
keh-á-kué,格仔粿,16,keh-á-kóe,keh4a2kue2,keh4a2koe2
keh-á-ké,格仔粿,16,keh-á-ké,keh4a2ke2,keh4a2ke2
keh-á-kér,格仔粿,16,keh-á-kér,keh4a2ker2,keh4a2ker2
keh-á-piánn,格仔餅,16,keh-á-piáⁿ,keh4a2piann2,keh4a2piann2
keh-á-piáⁿ,格仔餅,16,keh-á-piáⁿ,keh4a2piaⁿ2,keh4a2piann2
thô-á-huînn,桃仔園,16,thô-á-hûiⁿ,tho5a2huinn5,tho5a2huinn5
thô-á-sik,桃仔色,16,thô-á-sek,tho5a2sik4,tho5a2sek4
thô-tsì-kî,桃志其,16,thô-chì-kî,tho5tsi3ki5,tho5chi3ki5
kong-lông-tsú,桄榔子,16,kong-lông-chú,kong1long5tsu2,kong1long5chu2
àn-thâu-ting,案頭燈,16,àn-thâu-teng,an3thau5ting1,an3thau5teng1
toh-á-sńg,桌仔耍,16,toh-á-sńg,toh4a2sng2,toh4a2sng2
toh-tíng-ī,桌頂奕,16,toh-téng-ī,toh4ting2i7,toh4teng2i7
toh-tíng-sńg,桌頂耍,16,toh-téng-sńg,toh4ting2sng2,toh4teng2sng2
toh-thâu-ting,桌頭燈,16,toh-thâu-teng,toh4thau5ting1,toh4thau5teng1
sng-tsâi-á,桑材仔,16,sng-châi-á,sng1tsai5a2,sng1chai5a2
kiat-á-ku,桔仔龜,16,kiat-á-ku,kiat4a2ku1,kiat4a2ku1
muê-á-khenn,梅仔坑,16,môe-á-kheⁿ,mue5a2khenn1,moe5a2khenn1
muî-á-khenn,梅仔坑,16,mûi-á-kheⁿ,mui5a2khenn1,mui5a2khenn1
muê-á-ke,梅子雞,16,môe-á-ke,mue5a2ke1,moe5a2ke1
tiâu-á-suànn,條仔線,16,tiâu-á-sòaⁿ,tiau5a2suann3,tiau5a2soann3
mî-á-sái,棉仔屎,16,mî-á-sái,mi5a2sai2,mi5a2sai2
mî-á-ki,棉仔枝,16,mî-á-ki,mi5a2ki1,mi5a2ki1
mî-á-thn̂g,棉仔糖,16,mî-á-thn̂g,mi5a2thng5,mi5a2thng5
mî-se-thn̂g,棉紗糖,16,mî-se-thn̂g,mi5se1thng5,mi5se1thng5
mî-hue-thn̂g,棉花糖,16,mî-hoe-thn̂g,mi5hue1thng5,mi5hoe1thng5
kùn-á-sik,棍仔式,16,kùn-á-sek,kun3a2sik4,kun3a2sek4
kùn-á-pháng,棍仔麭,16,kùn-á-pháng,kun3a2phang2,kun3a2phang2
tsang-sui-bâ,棕蓑猫,16,chang-sui-bâ,tsang1sui1ba5,chang1sui1ba5
tsàn-pâng-tsûn,棧房船,16,chàn-pâng-chûn,tsan3pang5tsun5,chan3pang5chun5
tsàn-tshâ-king,棧柴間,16,chàn-chhâ-keng,tsan3tsha5king1,chan3chha5keng1
kuann-tshâ-pang,棺柴枋,16,koaⁿ-chhâ-pang,kuann1tsha5pang1,koann1chha5pang1
kuann-tshâ-bīn,棺柴面,16,koaⁿ-chhâ-bīn,kuann1tsha5bin7,koann1chha5bin7
kuann-tshâ-thâu,棺柴頭,16,koaⁿ-chhâ-thâu,kuann1tsha5thau5,koann1chha5thau5
í-kha-tsiah,椅尻脊,16,í-kha-chiah,i2kha1tsiah4,i2kha1chiah4
í-tsiah-phiann,椅脊骿,16,í-chiah-phiaⁿ,i2tsiah4phiann1,i2chiah4phiann1
í-tsū-á,椅苴仔,16,í-chū-á,i2tsu7a2,i2chu7a2
í-jio̍k-tiām,椅褥墊,16,í-jio̍k-tiām,i2jiok8tiam7,i2jiok8tiam7
iâ-nn̄g-tshiū,椰卵樹,16,iâ-nn̄g-chhiū,ia5nng7tshiu7,ia5nng7chhiu7
iâ-tsí-tsiap,椰子汁,16,iâ-chí-chiap,ia5tsi2tsiap4,ia5chi2chiap4
iûnn-ki-sian,楊基先,16,iûⁿ-ki-sian,iunn5ki1sian1,iunn5ki1sian1
iûnn-tô-tsap,楊桃汁,16,iûⁿ-tô-chap,iunn5to5tsap4,iunn5to5chap4
iûnn-tô-tsiap,楊桃汁,16,iûⁿ-tô-chiap,iunn5to5tsiap4,iunn5to5chiap4
iûnn-tô-thng,楊桃湯,16,iûⁿ-tô-thng,iunn5to5thng1,iunn5to5thng1
iûnn-muî-li̍k,楊梅壢,16,iûⁿ-mûi-le̍k,iunn5mui5lik8,iunn5mui5lek8
iûnn-tshiu-heng,楊秋興,16,iûⁿ-chhiu-heng,iunn5tshiu1heng1,iunn5chhiu1heng1
iûnn-kim-hóo,楊金虎,16,iûⁿ-kim-hó͘,iunn5kim1hoo2,iunn5kim1hoo2
png-á-hio̍h,楓仔葉,16,png-á-hio̍h,png1a2hioh8,png1a2hioh8
seh-àm-oo,楔暗烏,16,seh-àm-o͘,seh4am3oo1,seh4am3oo1
sueh-àm-oo,楔暗烏,16,soeh-àm-o͘,sueh4am3oo1,soeh4am3oo1
làm-á-khenn,楠仔坑,16,làm-á-kheⁿ,lam3a2khenn1,lam3a2khenn1
lâm-á-khenn,楠仔坑,16,lâm-á-kheⁿ,lam5a2khenn1,lam5a2khenn1
thuî-kòng-thuî,槌摃搥,16,thûi-kòng-thûi,thui5kong3thui5,thui5kong3thui5
thuî--ê,槌的,16,thûi--ê,thui5e5,thui5e5
lâu-á-tshù,樓仔厝,16,lâu-á-chhù,lau5a2tshu3,lau5a2chhu3
piau-tsún-tsha,標準差,16,piau-chún-chha,piau1tsun2tsha1,piau1chun2chha1
tshu-ti̍k-kok,樞軸國,16,chhu-te̍k-kok,tshu1tik8kok4,chhu1tek8kok4
tsiong-tshiū-uan,樟樹灣,16,chiong-chhiū-oan,tsiong1tshiu7uan1,chiong1chhiu7oan1
tsiunn-tshiū-uan,樟樹灣,16,chiuⁿ-chhiū-oan,tsiunn1tshiu7uan1,chiunn1chhiu7oan1
phoh-á-lî,樸仔籬,16,phoh-á-lî,phoh4a2li5,phoh4a2li5
tshiū-á-bué,樹仔尾,16,chhiū-á-bóe,tshiu7a2bue2,chhiu7a2boe2
tshiū-á-kha,樹仔跤,16,chhiū-á-kha,tshiu7a2kha1,chhiu7a2kha1
tshiū-ling-ìn,樹奶印,16,chhiū-leng-ìn,tshiu7ling1in3,chhiu7leng1in3
tshiū-ni-ìn,樹奶印,16,chhiū-ni-ìn,tshiu7ni1in3,chhiu7ni1in3
tshiū-ling-tuà,樹奶帶,16,chhiū-leng-tòa,tshiu7ling1tua3,chhiu7leng1toa3
tshiū-ni-tuà,樹奶帶,16,chhiū-ni-tòa,tshiu7ni1tua3,chhiu7ni1toa3
tshiū-lin-kiû,樹奶球,16,chhiū-lin-kiû,tshiu7lin1kiu5,chhiu7lin1kiu5
tshiū-lin-thn̂g,樹奶糖,16,chhiū-lin-thn̂g,tshiu7lin1thng5,chhiu7lin1thng5
tshiū-ling-thn̂g,樹奶糖,16,chhiū-leng-thn̂g,tshiu7ling1thng5,chhiu7leng1thng5
tshiū-ni-thn̂g,樹奶糖,16,chhiū-ni-thn̂g,tshiu7ni1thng5,chhiu7ni1thng5
tshiū-ling-tsûn,樹奶船,16,chhiū-leng-chûn,tshiu7ling1tsun5,chhiu7leng1chun5
tshiū-ni-tsûn,樹奶船,16,chhiū-ni-chûn,tshiu7ni1tsun5,chhiu7ni1chun5
tshiū-kí-nâ,樹杞林,16,chhiū-kí-nâ,tshiu7ki2na5,chhiu7ki2na5
tshiū-nâ-á,樹林仔,16,chhiū-nâ-á,tshiu7na5a2,chhiu7na5a2
tshiū-nâ-pôo,樹林苞,16,chhiū-nâ-pô͘,tshiu7na5poo5,chhiu7na5poo5
tshiū-ki-tôo,樹枝圖,16,chhiū-ki-tô͘,tshiu7ki1too5,chhiu7ki1too5
kiô-á-thâu,橋仔頭,16,kiô-á-thâu,kio5a2thau5,kio5a2thau5
lak-á-hue,橐仔花,16,lak-á-hoe,lak4a2hue1,lak4a2hoe1
lak-á-liông,橐仔龍,16,lak-á-liông,lak4a2liong5,lak4a2liong5
lak-tē-á,橐袋仔,16,lak-tē-á,lak4te7a2,lak4te7a2
ki-tōng-lâng,機動人,16,ki-tōng-lâng,ki1tong7lang5,ki1tong7lang5
ke-khì-thn̂g,機器糖,16,ke-khì-thn̂g,ke1khi3thng5,ke1khi3thng5
ki-hāi-jîn,機械人,16,ki-hāi-jîn,ki1hai7jin5,ki1hai7jin5
ki-hāi-lâng,機械人,16,ki-hāi-lâng,ki1hai7lang5,ki1hai7lang5
ki-tshia-tiàm,機車店,16,ki-chhia-tiàm,ki1tshia1tiam3,ki1chhia1tiam3
ki-tshia-hâng,機車行,16,ki-chhia-hâng,ki1tshia1hang5,ki1chhia1hang5
tshiūnn-ling-thn̂g,橡奶糖,16,chhiūⁿ-leng-thn̂g,tshiunn7ling1thng5,chhiunn7leng1thng5
tshiūnn-kî-nâ,橡棋林,16,chhiūⁿ-kî-nâ,tshiunn7ki5na5,chhiunn7ki5na5
huâinn-tshiat-bīn,橫切面,16,hoâiⁿ-chhiat-bīn,huainn5tshiat4bin7,hoainn5chhiat4bin7
huâinn-tn̄g-bīn,橫斷面,16,hoâiⁿ-tn̄g-bīn,huainn5tng7bin7,hoainn5tng7bin7
huâinn--ê,橫的,16,hoâiⁿ--ê,huainn5e5,hoainn5e5
huînn--ê,橫的,16,hûiⁿ--ê,huinn5e5,huinn5e5
huâinn-keh-mo̍oh,橫膈膜,16,hoâiⁿ-keh-mo̍͘h,huainn5keh4mooh8,hoainn5keh4mooh8
huînn-keh-mo̍oh,橫膈膜,16,hûiⁿ-keh-mo̍͘h,huinn5keh4mooh8,huinn5keh4mooh8
tóng-á-tshia,檔仔車,16,tóng-á-chhia,tong2a2tshia1,tong2a2chhia1
pin-nn̂g-tànn,檳榔擔,16,pin-nn̂g-tàⁿ,pin1nng5tann3,pin1nng5tann3
lê-bóng-bi̍t,檸檬蜜,16,lê-bóng-bi̍t,le5bong2bit8,le5bong2bit8
ing-thô-ah,櫻桃鴨,16,eng-thô-ah,ing1tho5ah4,eng1tho5ah4
khiàm-tsi̍t-kha,欠一跤,16,khiàm-chi̍t-kha,khiam3tsit8kha1,khiam3chit8kha1
khiàm-kha-tshiú,欠跤手,16,khiàm-kha-chhiú,khiam3kha1tshiu2,khiam3kha1chhiu2
khiàm-kha-siàu,欠跤數,16,khiàm-kha-siàu,khiam3kha1siau3,khiam3kha1siau3
beh-siōng-pan,欲上班,16,beh-siōng-pan,beh4siong7pan1,beh4siong7pan1
beh-tó-tshuē,欲佗揣,16,beh-tó-chhōe,beh4to2tshue7,beh4to2chhoe7
beh-án-tsuánn,欲按怎,16,beh-án-chóaⁿ,beh4an2tsuann2,beh4an2choann2
beh-àm-lo,欲暗囉,16,beh-àm-lo,beh4am3lo1,beh4am3lo1
beh-àm-ah,欲暗矣,16,beh-àm-ah,beh4am3ah4,beh4am3ah4
beh-ná-m̄,欲若毋,16,beh-ná-m̄,beh4na2m7,beh4na2m7
beh-lo̍h-hōo,欲落雨,16,beh-lo̍h-hō͘,beh4loh8hoo7,beh4loh8hoo7
suh-tuā-khuì,欶大氣,16,suh-tōa-khùi,suh4tua7khui3,suh4toa7khui3
suh-lān-pha,欶膦脬,16,suh-lān-pha,suh4lan7pha1,suh4lan7pha1
suh-lān-tsiáu,欶膦鳥,16,suh-lān-chiáu,suh4lan7tsiau2,suh4lan7chiau2
suh-hueh-kuí,欶血鬼,16,suh-hoeh-kúi,suh4hueh4kui2,suh4hoeh4kui2
khuán-mi̍h-kiānn,款物件,16,khoán-mi̍h-kiāⁿ,khuan2mih8kiann7,khoan2mih8kiann7
hioh-tiong-tâi,歇中台,16,hioh-tiong-tâi,hioh4tiong1tai5,hioh4tiong1tai5
kua-á-tsheh,歌仔冊,16,koa-á-chheh,kua1a2tsheh4,koa1a2chheh4
au-tsiu-tsînn,歐洲錢,16,au-chiu-chîⁿ,au1tsiu1tsinn5,au1chiu1chinn5
pûn-lá-pah,歕喇叭,16,pûn-lá-pah,pun5la2pah4,pun5la2pah4
pûn-pho̍k-á,歕泡仔,16,pûn-pho̍k-á,pun5phok8a2,pun5phok8a2
pûn-ke-kui,歕雞胿,16,pûn-ke-kui,pun5ke1kui1,pun5ke1kui1
pûn-kóo-tshue,歕鼓吹,16,pûn-kó͘-chhoe,pun5koo2tshue1,pun5koo2chhoe1
pûn-phín-á,歕𥰔仔,16,pûn-phín-á,pun5phin2a2,pun5phin2a2
tsí-sàu-tse,止嗽劑,16,chí-sàu-che,tsi2sau3tse1,chi2sau3che1
tsí-thiànn-io̍h,止疼藥,16,chí-thiàⁿ-io̍h,tsi2thiann3ioh8,chi2thiann3ioh8
tsiànn-tshiú-á,正手仔,16,chiàⁿ-chhiú-á,tsiann3tshiu2a2,chiann3chhiu2a2
tsiànn-pîng-se̍h,正爿踅,16,chiàⁿ-pêng-se̍h,tsiann3ping5seh8,chiann3peng5seh8
tsiànn-huan-kang,正番公,16,chiàⁿ-hoan-kang,tsiann3huan1kang1,chiann3hoan1kang1
tsiànn-ngē-táu,正硬鬥,16,chiàⁿ-ngē-táu,tsiann3nge7tau2,chiann3nge7tau2
tsiànn-khoo-se̍h,正箍踅,16,chiàⁿ-kho͘-se̍h,tsiann3khoo1seh8,chiann3khoo1seh8
tsiànn-hán-kiânn,正罕行,16,chiàⁿ-hán-kiâⁿ,tsiann3han2kiann5,chiann3han2kiann5
tsìng-kui-huà,正規化,16,chèng-kui-hòa,tsing3kui1hua3,cheng3kui1hoa3
tsiū-tsá-khí,此早起,16,chiū-chá-khí,tsiu7tsa2khi2,chiu7cha2khi2
pōo-pōo-tsha,步步差,16,pō͘-pō͘-chha,poo7poo7tsha1,poo7poo7chha1
bú-î-suann,武夷山,16,bú-î-soaⁿ,bu2i5suann1,bu2i5soann1
bú-lâu-uan,武朥灣,16,bú-lâu-oan,bu2lau5uan1,bu2lau5oan1
uai-ko-tsînn,歪哥錢,16,oai-ko-chîⁿ,uai1ko1tsinn5,oai1ko1chinn5
uai-thâu-tshài,歪頭菜,16,oai-thâu-chhài,uai1thau5tshai3,oai1thau5chhai3
pháinn-thì-thâu,歹剃頭,16,pháiⁿ-thì-thâu,phainn2thi3thau5,phainn2thi3thau5
pháinn-kiat-tiāu,歹吉兆,16,pháiⁿ-kiat-tiāu,phainn2kiat4tiau7,phainn2kiat4tiau7
pháinn-miā-lâng,歹命人,16,pháiⁿ-miā-lâng,phainn2mia7lang5,phainn2mia7lang5
pháinn-tshuán-khuì,歹喘氣,16,pháiⁿ-chhoán-khùi,phainn2tshuan2khui3,phainn2chhoan2khui3
pháinn-tshuì-táu,歹喙斗,16,pháiⁿ-chhùi-táu,phainn2tshui3tau2,phainn2chhui3tau2
pháinn-tshī-tsháu,歹市草,16,pháiⁿ-chhī-chháu,phainn2tshi7tshau2,phainn2chhi7chhau2
pháinn-liú-la̍k,歹扭搦,16,pháiⁿ-liú-la̍k,phainn2liu2lak8,phainn2liu2lak8
phái-kà-sī,歹教示,16,phái-kà-sī,phai2ka3si7,phai2ka3si7
pháinn-kà-sī,歹教示,16,pháiⁿ-kà-sī,phainn2ka3si7,phainn2ka3si7
phái-mi̍h-á,歹物仔,16,phái-mi̍h-á,phai2mih8a2,phai2mih8a2
pháinn-mih-á,歹物仔,16,pháiⁿ-mih-á,phainn2mih4a2,phainn2mih4a2
phái-siann-sàu,歹聲嗽,16,phái-siaⁿ-sàu,phai2siann1sau3,phai2siann1sau3
pháinn-pak-tóo,歹腹肚,16,pháiⁿ-pak-tó͘,phainn2pak4too2,phainn2pak4too2
pháinn-liám-bīn,歹臉面,16,pháiⁿ-liám-bīn,phainn2liam2bin7,phainn2liam2bin7
pháinn-kut-té,歹骨底,16,pháiⁿ-kut-té,phainn2kut4te2,phainn2kut4te2
pháinn-tàu-tīn,歹鬥陣,16,pháiⁿ-tàu-tīn,phainn2tau3tin7,phainn2tau3tin7
sú-bông-kài,死亡屆,16,sú-bông-kài,su2bong5kai3,su2bong5kai3
sí-lâng-tshù,死人厝,16,sí-lâng-chhù,si2lang5tshu3,si2lang5chhu3
sí-lâng-bīn,死人面,16,sí-lâng-bīn,si2lang5bin7,si2lang5bin7
sí-tuā-khoo,死大箍,16,sí-tōa-kho͘,si2tua7khoo1,si2toa7khoo1
sí-ngóo-khiat,死忤戛,16,sí-ngó͘-khiat,si2ngoo2khiat4,si2ngoo2khiat4
sí-bô-piàn,死無變,16,sí-bô-piàn,si2bo5pian3,si2bo5pian3
sí-giàn-giàn,死癮癮,16,sí-giàn-giàn,si2gian3gian3,si2gian3gian3
sí-soo-mih,死蘇物,16,sí-so͘-mih,si2soo1mih4,si2soo1mih4
sí-bē-khì,死袂去,16,sí-bē-khì,si2be7khi3,si2be7khi3
sú-bûn-kuan,死門關,16,sú-bûn-koan,su2bun5kuan1,su2bun5koan1
phú-á-kng,殕仔光,16,phú-á-kng,phu2a2kng1,phu2a2kng1
phú-koo-niû,殕姑娘,16,phú-ko͘-niû,phu2koo1niu5,phu2koo1niu5
si̍t-lī-lu̍t,殖利率,16,si̍t-lī-lu̍t,sit8li7lut8,sit8li7lut8
m̄-hinn-hainn,毋hinn 哼,16,m̄-hiⁿ-haiⁿ,m7hinn1hainn1,m7hinn1hainn1
m̄-tsiūnn-kà,毋上教,16,m̄-chiūⁿ-kà,m7tsiunn7ka3,m7chiunn7ka3
m̄-tsiūnn-tsiànn,毋上正,16,m̄-chiūⁿ-chiàⁿ,m7tsiunn7tsiann3,m7chiunn7chiann3
m̄-tsiūnn-ba̍k,毋上目,16,m̄-chiūⁿ-ba̍k,m7tsiunn7bak8,m7chiunn7bak8
m̄-tān-nā,毋但若,16,m̄-tān-nā,m7tan7na7,m7tan7na7
m̄-sìn-siànn,毋信聖,16,m̄-sìn-siàⁿ,m7sin3siann3,m7sin3siann3
m̄-bián-kóng,毋免講,16,m̄-bián-kóng,m7bian2kong2,m7bian2kong2
m̄-bián-kiann,毋免驚,16,m̄-bián-kiaⁿ,m7bian2kiann1,m7bian2kiann1
m̄-siū-kà,毋受教,16,m̄-siū-kà,m7siu7ka3,m7siu7ka3
m̄-kā-kin,毋咬根,16,m̄-kā-kin,m7ka7kin1,m7ka7kin1
m̄-tuì-tâng,毋對同,16,m̄-tùi-tâng,m7tui3tang5,m7tui3tang5
m̄-kan-ta,毋干焦,16,m̄-kan-ta,m7kan1ta1,m7kan1ta1
m̄-tiunn-tî,毋張持,16,m̄-tiuⁿ-tî,m7tiunn1ti5,m7tiunn1ti5
m̄-tsîng-guān,毋情願,16,m̄-chêng-goān,m7tsing5guan7,m7cheng5goan7
m̄-tsiânn-ting,毋成丁,16,m̄-chiâⁿ-teng,m7tsiann5ting1,m7chiann5teng1
m̄-tsiânn-lâng,毋成人,16,m̄-chiâⁿ-lâng,m7tsiann5lang5,m7chiann5lang5
m̄-tsiânn-kiánn,毋成囝,16,m̄-chiâⁿ-kiáⁿ,m7tsiann5kiann2,m7chiann5kiann2
m̄-tsiânn-hîng,毋成形,16,m̄-chiâⁿ-hêng,m7tsiann5hing5,m7chiann5heng5
m̄-tsiânn-tsâi,毋成才,16,m̄-chiâⁿ-châi,m7tsiann5tsai5,m7chiann5chai5
m̄-tsiânn-khuán,毋成款,16,m̄-chiâⁿ-khoán,m7tsiann5khuan2,m7chiann5khoan2
m̄-tsiânn-kâu,毋成猴,16,m̄-chiâⁿ-kâu,m7tsiann5kau5,m7chiann5kau5
m̄-tsiânn-tsînn,毋成錢,16,m̄-chiâⁿ-chîⁿ,m7tsiann5tsinn5,m7chiann5chinn5
m̄-tsiah-tio̍h,毋才著,16,m̄-chiah-tio̍h,m7tsiah4tioh8,m7chiah4tioh8
m̄-tú-hó,毋拄好,16,m̄-tú-hó,m7tu2ho2,m7tu2ho2
m̄-bat-jîn,毋捌人,16,m̄-bat-jîn,m7bat4jin5,m7bat4jin5
m̄-bat-jī,毋捌字,16,m̄-bat-jī,m7bat4ji7,m7bat4ji7
m̄-bat-pó,毋捌寶,16,m̄-bat-pó,m7bat4po2,m7bat4po2
m̄-bat-sîn,毋捌神,16,m̄-bat-sîn,m7bat4sin5,m7bat4sin5
m̄-bat-huè,毋捌貨,16,m̄-bat-hòe,m7bat4hue3,m7bat4hoe3
m̄-pàng-suah,毋放煞,16,m̄-pàng-soah,m7pang3suah4,m7pang3soah4
m̄-sī-lah,毋是啦,16,m̄-sī-lah,m7si7lah4,m7si7lah4
m̄-sī-sî,毋是時,16,m̄-sī-sî,m7si7si5,m7si7si5
m̄-sī-khuán,毋是款,16,m̄-sī-khoán,m7si7khuan2,m7si7khoan2
m̄-sī-khang,毋是空,16,m̄-sī-khang,m7si7khang1,m7si7khang1
m̄-sí-sim,毋死心,16,m̄-sí-sim,m7si2sim1,m7si2sim1
m̄-bak-tiánn,毋沐鼎,16,m̄-bak-tiáⁿ,m7bak4tiann2,m7bak4tiann2
m̄-siau-thiòng,毋消暢,16,m̄-siau-thiòng,m7siau1thiong3,m7siau1thiong3
m̄-kam-tàn,毋甘擲,16,m̄-kam-tàn,m7kam1tan3,m7kam1tan3
m̄-kam-guān,毋甘願,16,m̄-kam-goān,m7kam1guan7,m7kam1goan7
m̄-uì-kuânn,毋畏寒,16,m̄-ùi-kôaⁿ,m7ui3kuann5,m7ui3koann5
m̄-uì-huân,毋畏煩,16,m̄-ùi-hoân,m7ui3huan5,m7ui3hoan5
m̄-tsai-lâng,毋知人,16,m̄-chai-lâng,m7tsai1lang5,m7chai1lang5
m̄-tsai-bué,毋知尾,16,m̄-chai-bóe,m7tsai1bue2,m7chai1boe2
m̄-tsai-thâu,毋知頭,16,m̄-chai-thâu,m7tsai1thau5,m7chai1thau5
m̄-tshiu-tshìn,毋秋凊,16,m̄-chhiu-chhìn,m7tshiu1tshin3,m7chhiu1chhin3
m̄-thó-thàn,毋討趁,16,m̄-thó-thàn,m7tho2than3,m7tho2than3
m̄-jīn-hūn,毋認份,16,m̄-jīn-hūn,m7jin7hun7,m7jin7hun7
m̄-jīn-lāu,毋認老,16,m̄-jīn-lāu,m7jin7lau7,m7jin7lau7
m̄-jīn-su,毋認輸,16,m̄-jīn-su,m7jin7su1,m7jin7su1
m̄-kóng-sī,毋講是,16,m̄-kóng-sī,m7kong2si7,m7kong2si7
m̄-kóng-lí,毋講理,16,m̄-kóng-lí,m7kong2li2,m7kong2li2
m̄-kuè-sim,毋過心,16,m̄-kòe-sim,m7kue3sim1,m7koe3sim1
m̄-kuè-ì,毋過意,16,m̄-kòe-ì,m7kue3i3,m7koe3i3
m̄-kiann-sí,毋驚死,16,m̄-kiaⁿ-sí,m7kiann1si2,m7kiann1si2
bó--á,母仔,16,bó--á,bo2a2,bo2a2
bú--á,母仔,16,bú--á,bu2a2,bu2a2
bú-tshin-tseh,母親節,16,bú-chhin-cheh,bu2tshin1tseh4,bu2chhin1cheh4
to̍k-tshì-thē,毒刺䖳,16,to̍k-chhì-thē,tok8tshi3the7,tok8chhi3the7
pí-kuân-kē,比懸低,16,pí-koân-kē,pi2kuan5ke7,pi2koan5ke7
pí-pí-tsiáu,比比鳥,16,pí-pí-chiáu,pi2pi2tsiau2,pi2pi2chiau2
pí-lūn-kóng,比論講,16,pí-lūn-kóng,pi2lun7kong2,pi2lun7kong2
mâu-jî-á,毛兒仔,16,mâu-jî-á,mau5ji5a2,mau5ji5a2
môo-lī-lu̍t,毛利率,16,mô͘-lī-lu̍t,moo5li7lut8,moo5li7lut8
mâu-bî-á,毛微仔,16,mâu-bî-á,mau5bi5a2,mau5bi5a2
môo-sat-tshìng,毛殺銃,16,mô͘-sat-chhèng,moo5sat4tshing3,moo5sat4chheng3
môo-ti̍k-tong,毛澤東,16,mô͘-te̍k-tong,moo5tik8tong1,moo5tek8tong1
môo-kóng-iām,毛管炎,16,mô͘-kóng-iām,moo5kong2iam7,moo5kong2iam7
môo-kńg-iām,毛管炎,16,mô͘-kńg-iām,moo5kng2iam7,moo5kng2iam7
mn̂g-kńg-thâng,毛管蟲,16,mn̂g-kńg-thâng,mng5kng2thang5,mng5kng2thang5
môo-kiô-á,毛茄仔,16,mô͘-kiô-á,moo5kio5a2,moo5kio5a2
mn̂g-sui-á,毛蓑仔,16,mn̂g-sui-á,mng5sui1a2,mng5sui1a2
hô-bí-pho,毫米波,16,hô-bí-pho,ho5bi2pho1,ho5bi2pho1
bîn-tsòng-uî,民壯圍,16,bîn-chòng-ûi,bin5tsong3ui5,bin5chong3ui5
khuì-teh-lâi,氣咧來,16,khùi-teh-lâi,khui3teh4lai5,khui3teh4lai5
khì-tshuah-tshuah,氣掣掣,16,khì-chhoah-chhoah,khi3tshuah4tshuah4,khi3chhoah4chhoah4
khì-thiòng-lún,氣暢忍,16,khì-thiòng-lún,khi3thiong3lun2,khi3thiong3lun2
khì-sí-lâng,氣死人,16,khì-sí-lâng,khi3si2lang5,khi3si2lang5
khì-tsà-ko,氣炸鍋,16,khì-chà-ko,khi3tsa3ko1,khi3cha3ko1
khì-tsìnn-ko,氣糋鍋,16,khì-chìⁿ-ko,khi3tsinn3ko1,khi3chinn3ko1
khì-tsìnn-ue,氣糋鍋,16,khì-chìⁿ-oe,khi3tsinn3ue1,khi3chinn3oe1
khì-siōng-ha̍k,氣象學,16,khì-siōng-ha̍k,khi3siong7hak8,khi3siong7hak8
tsuí-kah-tshâ,水佮柴,16,chúi-kah-chhâ,tsui2kah4tsha5,chui2kah4chha5
tsuí-bū-kio̍k,水務局,16,chúi-bū-kio̍k,tsui2bu7kiok8,chui2bu7kiok8
tsuí-tsún-á,水圳仔,16,chúi-chún-á,tsui2tsun2a2,chui2chun2a2
tsuí-siū-ku,水壽龜,16,chúi-siū-ku,tsui2siu7ku1,chui2siu7ku1
tsuí-pang-suann,水崩山,16,chúi-pang-soaⁿ,tsui2pang1suann1,chui2pang1soann1
tsuí-tshái-uē,水彩畫,16,chúi-chhái-ōe,tsui2tshai2ue7,chui2chhai2oe7
tsuí-tshit-á,水拭仔,16,chúi-chhit-á,tsui2tshit4a2,chui2chhit4a2
tsuí-tsūn-á,水捘仔,16,chúi-chūn-á,tsui2tsun7a2,chui2chun7a2
tsuí-tso̍k-siunn,水族箱,16,chúi-cho̍k-siuⁿ,tsui2tsok8siunn1,chui2chok8siunn1
tsuí-tso̍k-kuán,水族館,16,chúi-cho̍k-koán,tsui2tsok8kuan2,chui2chok8koan2
tsuí-kó-kuann,水果乾,16,chúi-kó-koaⁿ,tsui2ko2kuann1,chui2ko2koann1
tsuí-kó-bâ,水果猫,16,chúi-kó-bâ,tsui2ko2ba5,chui2ko2ba5
tsuí-kó-kué,水果粿,16,chúi-kó-kóe,tsui2ko2kue2,chui2ko2koe2
tsuí-kó-ké,水果粿,16,chúi-kó-ké,tsui2ko2ke2,chui2ko2ke2
tsuí-thiāu-ku,水柱龜,16,chúi-thiāu-ku,tsui2thiau7ku1,chui2thiau7ku1
tsuí-tî-á,水池仔,16,chúi-tî-á,tsui2ti5a2,chui2ti5a2
tsuí-tshiâng-tshē,水沖泚,16,chúi-chhiâng-chhē,tsui2tshiang5tshe7,chui2chhiang5chhe7
tsuí-tshiâng-khut,水沖窟,16,chúi-chhiâng-khut,tsui2tshiang5khut4,chui2chhiang5khut4
tsuí-tshâng-khut,水沖窟,16,chúi-chhâng-khut,tsui2tshang5khut4,chui2chhang5khut4
tsuí-sua-liân,水沙連,16,chúi-soa-liân,tsui2sua1lian5,chui2soa1lian5
tsuí-tsuânn-thâu,水泉頭,16,chúi-chôaⁿ-thâu,tsui2tsuann5thau5,chui2choann5thau5
tsuí-tsìm-kué,水浸粿,16,chúi-chìm-kóe,tsui2tsim3kue2,chui2chim3koe2
tsuí-tsìm-ké,水浸粿,16,chúi-chìm-ké,tsui2tsim3ke2,chui2chim3ke2
tsuí-guân-thâu,水源頭,16,chúi-goân-thâu,tsui2guan5thau5,chui2goan5thau5
tsuí-iông-i̍k,水溶液,16,chúi-iông-e̍k,tsui2iong5ik8,chui2iong5ek8
tsuí-kún-nn̄g,水滾卵,16,chúi-kún-nn̄g,tsui2kun2nng7,chui2kun2nng7
tsuí-liâm-tōng,水濂洞,16,chúi-liâm-tōng,tsui2liam5tong7,chui2liam5tong7
tsuí-tsuānn-á,水濺仔,16,chúi-chōaⁿ-á,tsui2tsuann7a2,chui2choann7a2
tsuí-tshàn-nâ,水燦林,16,chúi-chhàn-nâ,tsui2tshan3na5,chui2chhan3na5
tsuí-pân-tsō,水瓶座,16,chúi-pân-chō,tsui2pan5tso7,chui2pan5cho7
tsuí-tsio̍h-thiàu,水石跳,16,chúi-chio̍h-thiàu,tsui2tsioh8thiau3,chui2chioh8thiau3
tsuí-khut-á,水窟仔,16,chúi-khut-á,tsui2khut4a2,chui2khut4a2
tsuí-tsìnn-ku,水箭龜,16,chúi-chìⁿ-ku,tsui2tsinn3ku1,chui2chinn3ku1
tsuí-tsiann-lîng,水精靈,16,chúi-chiaⁿ-lêng,tsui2tsiann1ling5,chui2chiann1leng5
tsuí-bûn-kînn,水紋墘,16,chúi-bûn-kîⁿ,tsui2bun5kinn5,chui2bun5kinn5
tsuí-kap-á,水蛤仔,16,chúi-kap-á,tsui2kap4a2,chui2kap4a2
tsuí-tsuān-á,水轉仔,16,chúi-choān-á,tsui2tsuan7a2,chui2choan7a2
tsuí-tuínn-kha,水轉跤,16,chúi-túiⁿ-kha,tsui2tuinn2kha1,chui2tuinn2kha1
tsuí-tńg-kha,水轉跤,16,chúi-tńg-kha,tsui2tng2kha1,chui2tng2kha1
tsuí-tō-kio̍k,水道局,16,chúi-tō-kio̍k,tsui2to7kiok8,chui2to7kiok8
tsuí-tō-thâu,水道頭,16,chúi-tō-thâu,tsui2to7thau5,chui2to7thau5
tsuí-khok-á,水酷仔,16,chúi-khok-á,tsui2khok4a2,chui2khok4a2
tsuí-siang-tshe,水雙叉,16,chúi-siang-chhe,tsui2siang1tshe1,chui2siang1chhe1
tsuí-ke-sai,水雞師,16,chúi-ke-sai,tsui2ke1sai1,chui2ke1sai1
tsuí-ke-hue,水雞花,16,chúi-ke-hoe,tsui2ke1hue1,chui2ke1hoe1
tsuí-ke-tsháu,水雞草,16,chúi-ke-chháu,tsui2ke1tshau2,chui2ke1chhau2
tsuí-hia-tâng,水靴筒,16,chúi-hia-tâng,tsui2hia1tang5,chui2hia1tang5
tsuí-kuí-á,水鬼仔,16,chúi-kúi-á,tsui2kui2a2,chui2kui2a2
tsuí-ah-tshia,水鴨車,16,chúi-ah-chhia,tsui2ah4tshia1,chui2ah4chhia1
tsuí-mī-ku,水麵龜,16,chúi-mī-ku,tsui2mi7ku1,chui2mi7ku1
tsuí-liông-tshia,水龍車,16,chúi-liông-chhia,tsui2liong5tshia1,chui2liong5chhia1
kang-íng-tshiong,江永昌,16,kang-éng-chhiong,kang1ing2tshiong1,kang1eng2chhiong1
kang-ti̍k-bîn,江澤民,16,kang-te̍k-bîn,kang1tik8bin5,kang1tek8bin5
kang-kài-sè,江蓋世,16,kang-kài-sè,kang1kai3se3,kang1kai3se3
kang-pêng-kian,江鵬堅,16,kang-pêng-kian,kang1peng5kian1,kang1peng5kian1
tsiánn-tsuí-ku,汫水龜,16,chiáⁿ-chúi-ku,tsiann2tsui2ku1,chiann2chui2ku1
tsiánn-tsiánn-tāi,汫汫代,16,chiáⁿ-chiáⁿ-tāi,tsiann2tsiann2tai7,chiann2chiann2tai7
tsiánn-phî-phu̍h,汫皮浡,16,chiáⁿ-phî-phu̍h,tsiann2phi5phuh8,chiann2phi5phuh8
thuā--ê,汰的,16,thōa--ê,thua7e5,thoa7e5
ak-hún-ia̍h,沃粉蛾,16,ak-hún-ia̍h,ak4hun2iah8,ak4hun2iah8
ak-hue-khì,沃花器,16,ak-hoe-khì,ak4hue1khi3,ak4hoe1khi3
sím-bûn-tîng,沈文程,16,sím-bûn-têng,sim2bun5ting5,sim2bun5teng5
sím-pó-tsing,沈葆楨,16,sím-pó-cheng,sim2po2tsing1,sim2po2cheng1
tîm-tsuí-bī,沉水沬,16,tîm-chúi-bī,tim5tsui2bi7,tim5chui2bi7
tîm-tsúi-lām,沉水艦,16,tîm-chúi-lām,tim5tsui2lam7,tim5chui2lam7
tiâm-bi̍t-tsûn,沉沕船,16,tiâm-bi̍t-chûn,tiam5bit8tsun5,tiam5bit8chun5
tiâm-tsik-giâm,沉積岩,16,tiâm-chek-giâm,tiam5tsik4giam5,tiam5chek4giam5
tiâm-tsik-gâm,沉積岩,16,tiâm-chek-gâm,tiam5tsik4gam5,tiam5chek4gam5
tîm-tsik-giâm,沉積岩,16,tîm-chek-giâm,tim5tsik4giam5,tim5chek4giam5
tîm-tsik-gâm,沉積岩,16,tîm-chek-gâm,tim5tsik4gam5,tim5chek4gam5
ta̍uh-ta̍uh-á,沓沓仔,16,tau̍h-tau̍h-á,tauh8tauh8a2,tauh8tauh8a2
tshiong-thian-phàu,沖天炮,16,chhiong-thian-phàu,tshiong1thian1phau3,chhiong1thian1phau3
sua-thâu-kak,沙頭角,16,soa-thâu-kak,sua1thau5kak4,soa1thau5kak4
hô-siōng-tsiu,河上洲,16,hô-siōng-chiu,ho5siong7tsiu1,ho5siong7chiu1
hô-ló-uē,河洛話,16,hô-ló-ōe,ho5lo2ue7,ho5lo2oe7
hô-ló-uē,河老話,16,hô-ló-ōe,ho5lo2ue7,ho5lo2oe7
iû-tsiam-ōng,油尖旺,16,iû-chiam-ōng,iu5tsiam1ong7,iu5chiam1ong7
iû-lâi-á,油梨仔,16,iû-lâi-á,iu5lai5a2,iu5lai5a2
iû-ki-á,油機仔,16,iû-ki-á,iu5ki1a2,iu5ki1a2
iû-phe̍h-phe̍h,油沫沫,16,iû-phe̍h-phe̍h,iu5pheh8pheh8,iu5pheh8pheh8
iû-phue̍h-phue̍h,油沫沫,16,iû-phoe̍h-phoe̍h,iu5phueh8phueh8,iu5phoeh8phoeh8
iû-tái-bī,油滓味,16,iû-tái-bī,iu5tai2bi7,iu5tai2bi7
iû-muâ-tē,油麻地,16,iû-môa-tē,iu5mua5te7,iu5moa5te7
tī-hó-sè,治好勢,16,tī-hó-sè,ti7ho2se3,ti7ho2se3
pì-jiō-khì,泌尿器,16,pì-jiō-khì,pi3jio7khi3,pi3jio7khi3
ám-tshia-á,泔捙仔,16,ám-chhia-á,am2tshia1a2,am2chhia1a2
ám-bê-á,泔糜仔,16,ám-bê-á,am2be5a2,am2be5a2
ám-muê-á,泔糜仔,16,ám-môe-á,am2mue5a2,am2moe5a2
huat-kok-pháng,法國pháng,16,hoat-kok-pháng,huat4kok4phang2,hoat4kok4phang2
huat-kok-bûn,法國文,16,hoat-kok-bûn,huat4kok4bun5,hoat4kok4bun5
huat-kok-tsìnn,法國糋,16,hoat-kok-chìⁿ,huat4kok4tsinn3,hoat4kok4chinn3
huat-kok-hō,法國號,16,hoat-kok-hō,huat4kok4ho7,hoat4kok4ho7
huat-kok-uē,法國話,16,hoat-kok-ōe,huat4kok4ue7,hoat4kok4oe7
huat-kok-pháng,法國麭,16,hoat-kok-pháng,huat4kok4phang2,hoat4kok4phang2
huat-lân-se,法蘭西,16,hoat-lân-se,huat4lan5se1,hoat4lan5se1
pho-sū-nî,波士尼,16,pho-sū-nî,pho1su7ni5,pho1su7ni5
pho-su-kiok,波斯菊,16,pho-su-kiok,pho1su1kiok4,pho1su1kiok4
pho-khe-bóng,波科魍,16,pho-khe-bóng,pho1khe1bong2,pho1khe1bong2
tsù-tuā-tâng,注大筒,16,chù-tōa-tâng,tsu3tua7tang5,chu3toa7tang5
tsù-hueh-siā,注血射,16,chù-hoeh-siā,tsu3hueh4sia7,chu3hoeh4sia7
tsù-huih-siā,注血射,16,chù-huih-siā,tsu3huih4sia7,chu3huih4sia7
thài-kok-kûn,泰國拳,16,thài-kok-kûn,thai3kok4kun5,thai3kok4kun5
thài-kok-hê,泰國蝦,16,thài-kok-hê,thai3kok4he5,thai3kok4he5
iûnn-á-uan,洋仔灣,16,iûⁿ-á-oan,iunn5a2uan1,iunn5a2oan1
iûnn-kuah-pau,洋割包,16,iûⁿ-koah-pau,iunn5kuah4pau1,iunn5koah4pau1
iûnn-ang-á,洋尪仔,16,iûⁿ-ang-á,iunn5ang1a2,iunn5ang1a2
iûnn-lōo-uan,洋路灣,16,iûⁿ-lō͘-oan,iunn5loo7uan1,iunn5loo7oan1
iûnn-phín-á,洋𥰔仔,16,iûⁿ-phín-á,iunn5phin2a2,iunn5phin2a2
sé-tshiú-hîm,洗手熊,16,sé-chhiú-hîm,se2tshiu2him5,se2chhiu2him5
sé-tshiú-ko,洗手膏,16,sé-chhiú-ko,se2tshiu2ko1,se2chhiu2ko1
sé-tshiú-bīn,洗手面,16,sé-chhiú-bīn,se2tshiu2bin7,se2chhiu2bin7
sé-ik-ling,洗浴乳,16,sé-ek-leng,se2ik4ling1,se2ek4leng1
sé-kiat-tsing,洗潔精,16,sé-kiat-cheng,se2kiat4tsing1,se2kiat4cheng1
sé-io-tsí,洗腰子,16,sé-io-chí,se2io1tsi2,se2io1chi2
sé-ò-giô,洗薁蕘,16,sé-ò-giô,se2o3gio5,se2o3gio5
sé-io̍h-á,洗藥仔,16,sé-io̍h-á,se2ioh8a2,se2ioh8a2
sué-sann-hún,洗衫粉,16,sóe-saⁿ-hún,sue2sann1hun2,soe2sann1hun2
sé-sann-hún,洗衫粉,16,sé-saⁿ-hún,se2sann1hun2,se2sann1hun2
sé-sann-tsing,洗衫精,16,sé-saⁿ-cheng,se2sann1tsing1,se2sann1cheng1
sué-sin-i̍k,洗身液,16,sóe-sin-e̍k,sue2sin1ik8,soe2sin1ek8
sué-bīn-tsō,洗面皂,16,sóe-bīn-chō,sue2bin7tso7,soe2bin7cho7
sé-bīn-tsō,洗面皂,16,sé-bīn-chō,se2bin7tso7,se2bin7cho7
sé-bīn-ko,洗面膏,16,sé-bīn-ko,se2bin7ko1,se2bin7ko1
sé-thâu-tsuí,洗頭水,16,sé-thâu-chúi,se2thau5tsui2,se2thau5chui2
khò-sò-tē,洘燥地,16,khò-sò-tē,kho3so3te7,kho3so3te7
khó-tsu̍t-tsu̍t,洘秫秫,16,khó-chu̍t-chu̍t,kho2tsut8tsut8,kho2chut8chut8
lo̍k-sam-ki,洛杉磯,16,lo̍k-sam-ki,lok8sam1ki1,lok8sam1ki1
âng-tsû-iông,洪慈庸,16,âng-chû-iông,ang5tsu5iong5,ang5chu5iong5
hông-gâ-lī,洪牙利,16,hông-gâ-lī,hong5ga5li7,hong5ga5li7
âng-siù-thiāu,洪秀柱,16,âng-siù-thiāu,ang5siu3thiau7,ang5siu3thiau7
ua̍h--leh,活咧,16,oa̍h--leh,uah8leh4,oah8leh4
ua̍h-bíng-tsit,活猛質,16,oa̍h-béng-chit,uah8bing2tsit4,oah8beng2chit4
phài-tuā-tshenn,派大星,16,phài-tōa-chheⁿ,phai3tua7tshenn1,phai3toa7chhenn1
liû-thôo-kha,流塗跤,16,liû-thô͘-kha,liu5thoo5kha1,liu5thoo5kha1
liû-suí-lu̍t,流水率,16,liû-súi-lu̍t,liu5sui2lut8,liu5sui2lut8
lâu-kuānn-hue,流汗花,16,lâu-kōaⁿ-hoe,lau5kuann7hue1,lau5koann7hoe1
lâu-kuānn-siûnn,流汗𣻸,16,lâu-kōaⁿ-siûⁿ,lau5kuann7siunn5,lau5koann7siunn5
liû-lōng-hàn,流浪漢,16,liû-lōng-hàn,liu5long7han3,liu5long7han3
liû-sán-ká,流產假,16,liû-sán-ká,liu5san2ka2,liu5san2ka2
liû-hîng-kua,流行歌,16,liû-hêng-koa,liu5hing5kua1,liu5heng5koa1
lōng-liû-liân,浪流連,16,lōng-liû-liân,long7liu5lian5,long7liu5lian5
lōng-liú-lian,浪溜嗹,16,lōng-liú-lian,long7liu2lian1,long7liu2lian1
phû-tsuí-ìn,浮水印,16,phû-chúi-ìn,phu5tsui2in3,phu5chui2in3
phû-tsuí-bī,浮水沬,16,phû-chúi-bī,phu5tsui2bi7,phu5chui2bi7
phû-tsiu-á,浮洲仔,16,phû-chiu-á,phu5tsiu1a2,phu5chiu1a2
hái-tshì-liông,海刺龍,16,hái-chhì-liông,hai2tshi3liong5,hai2chhi3liong5
hái-sam-ui,海參崴,16,hái-sam-ui,hai2sam1ui1,hai2sam1ui1
hái-som-ui,海參崴,16,hái-som-ui,hai2som1ui1,hai2som1ui1
hái-phiânn-á,海坪仔,16,hái-phiâⁿ-á,hai2phiann5a2,hai2phiann5a2
hái-kînn-á,海墘仔,16,hái-kîⁿ-á,hai2kinn5a2,hai2kinn5a2
hái-kînn-tshù,海墘厝,16,hái-kîⁿ-chhù,hai2kinn5tshu3,hai2kinn5chhu3
hái-kînn-iânn,海墘營,16,hái-kîⁿ-iâⁿ,hai2kinn5iann5,hai2kinn5iann5
hái-kînn-kha,海墘跤,16,hái-kîⁿ-kha,hai2kinn5kha1,hai2kinn5kha1
hái-pô-á,海婆仔,16,hái-pô-á,hai2po5a2,hai2po5a2
hái-huānn-suànn,海岸線,16,hái-hōaⁿ-sòaⁿ,hai2huann7suann3,hai2hoann7soann3
hái-tué-tsûn,海底船,16,hái-tóe-chûn,hai2tue2tsun5,hai2toe2chun5
hái-té-tsûn,海底船,16,hái-té-chûn,hai2te2tsun5,hai2te2chun5
hái-té-tsiam,海底針,16,hái-té-chiam,hai2te2tsiam1,hai2te2chiam1
hái-suann-phiânn,海沙坪,16,hái-soaⁿ-phiâⁿ,hai2suann1phiann5,hai2soann1phiann5
hái-sua-poo,海沙埔,16,hái-soa-po͘,hai2sua1poo1,hai2soa1poo1
hái-sai-kiánn,海獅囝,16,hái-sai-kiáⁿ,hai2sai1kiann2,hai2sai1kiann2
hái-sua-tshù,海砂厝,16,hái-soa-chhù,hai2sua1tshu3,hai2soa1chhu3
hái-mî-tsit,海綿質,16,hái-mî-chit,hai2mi5tsit4,hai2mi5chit4
hái-tsháu-ta,海草礁,16,hái-chháu-ta,hai2tshau2ta1,hai2chhau2ta1
hái-se-á,海蔬仔,16,hái-se-á,hai2se1a2,hai2se1a2
hái-giâ-kang,海蜈蚣,16,hái-giâ-kang,hai2gia5kang1,hai2gia5kang1
hái-ti-siû,海豬泅,16,hái-ti-siû,hai2ti1siu5,hai2ti1siu5
hái-tshat-ông,海賊王,16,hái-chhat-ông,hai2tshat4ong5,hai2chhat4ong5
hái-tsha̍t-tsûn,海賊船,16,hái-chha̍t-chûn,hai2tshat8tsun5,hai2chhat8chun5
hái-pinn-á,海邊仔,16,hái-piⁿ-á,hai2pinn1a2,hai2pinn1a2
hái-bé-tsiann,海馬精,16,hái-bé-chiaⁿ,hai2be2tsiann1,hai2be2chiann1
tsìm-tsuí-tháng,浸水桶,16,chìm-chúi-tháng,tsim3tsui2thang2,chim3chui2thang2
tsím-sio-tsuí,浸燒水,16,chím-sio-chúi,tsim2sio1tsui2,chim2sio1chui2
tsìm-hông-tsuí,浸磺水,16,chìm-hông-chúi,tsim3hong5tsui2,chim3hong5chui2
siau-huà-khì,消化器,16,siau-hòa-khì,siau1hua3khi3,siau1hoa3khi3
siau-to̍k-tsuí,消毒水,16,siau-to̍k-chúi,siau1tok8tsui2,siau1tok8chui2
siau-hué-khì,消火器,16,siau-hóe-khì,siau1hue2khi3,siau1hoe2khi3
siau-hé-khì,消火器,16,siau-hé-khì,siau1he2khi3,siau1he2khi3
siau-khan-thâu,消牽頭,16,siau-khan-thâu,siau1khan1thau5,siau1khan1thau5
siau-hông-kio̍k,消防局,16,siau-hông-kio̍k,siau1hong5kiok8,siau1hong5kiok8
siau-hông-tsuān,消防栓,16,siau-hông-choān,siau1hong5tsuan7,siau1hong5choan7
siau-hông-kuàn,消防罐,16,siau-hông-koàn,siau1hong5kuan3,siau1hong5koan3
siau-hông-sú,消防署,16,siau-hông-sú,siau1hong5su2,siau1hong5su2
âm-khang-ku,涵空龜,16,âm-khang-ku,am5khang1ku1,am5khang1ku1
liâng-se-uân,涼沙丸,16,liâng-se-oân,liang5se1uan5,liang5se1oan5
liâng--ê,涼的,16,liâng--ê,liang5e5,liang5e5
lâm-sòo-suh,淋sòo-suh,16,lâm-sò͘-suh,lam5soo3suh4,lam5soo3suh4
lîm-pa-kńg,淋巴管,16,lîm-pa-kńg,lim5pa1kng2,lim5pa1kng2
tshim-ha̍k-si̍p,深學習,16,chhim-ha̍k-si̍p,tshim1hak8sip8,chhim1hak8sip8
im-tuā-tsuí,淹大水,16,im-tōa-chúi,im1tua7tsui2,im1toa7chui2
tshián-tiong-hang,淺中烘,16,chhián-tiong-hang,tshian2tiong1hang1,chhian2tiong1hang1
tshián-á-tiánn,淺仔鼎,16,chhián-á-tiáⁿ,tshian2a2tiann2,chhian2a2tiann2
thiam-tsin-si̍t,添真實,16,thiam-chin-si̍t,thiam1tsin1sit8,thiam1chin1sit8
tshing-hōo-thong,清予通,16,chheng-hō͘-thong,tshing1hoo7thong1,chheng1hoo7thong1
tshing-ka-pi,清咖啡,16,chheng-ka-pi,tshing1ka1pi1,chheng1ka1pi1
tshing-bîng-tsháu,清明草,16,chheng-bêng-chháu,tshing1bing5tshau2,chheng1beng5chhau2
tshing-tshó-tōo,清楚度,16,chheng-chhó-tō͘,tshing1tsho2too7,chheng1chho2too7
tshing-tsuí-ôo,清水湖,16,chheng-chúi-ô͘,tshing1tsui2oo5,chheng1chui2oo5
tshing-tsuí-kau,清水溝,16,chheng-chúi-kau,tshing1tsui2kau1,chheng1chui2kau1
tshing-kiat-tuī,清潔隊,16,chheng-kiat-tūi,tshing1kiat4tui7,chheng1kiat4tui7
tshing-lē-uán,清麗苑,16,chheng-lē-oán,tshing1le7uan2,chheng1le7oan2
kiám-kuí-huè,減幾歲,16,kiám-kúi-hòe,kiam2kui2hue3,kiam2kui2hoe3
tōo-tsûn-tiûnn,渡船場,16,tō͘-chûn-tiûⁿ,too7tsun5tiunn5,too7chun5tiunn5
tōo-tsûn-thâu,渡船頭,16,tō͘-chûn-thâu,too7tsun5thau5,too7chun5thau5
káng-á-tshuì,港仔喙,16,káng-á-chhùi,kang2a2tshui3,kang2a2chhui3
káng-á-kînn,港仔墘,16,káng-á-kîⁿ,kang2a2kinn5,kang2a2kinn5
iû-íng-sann,游泳衫,16,iû-éng-saⁿ,iu5ing2sann1,iu5eng2sann1
iû-sik-khun,游錫堃,16,iû-sek-khun,iu5sik4khun1,iu5sek4khun1
iû-lî-tsiu,游離州,16,iû-lî-chiu,iu5li5tsiu1,iu5li5chiu1
iû-lī-tsiu,游離州,16,iû-lī-chiu,iu5li7tsiu1,iu5li7chiu1
tshàu-tú-khám,湊拄坎,16,chhàu-tú-khám,tshau3tu2kham2,chhau3tu2kham2
ôo-á-lāi,湖仔內,16,ô͘-á-lāi,oo5a2lai7,oo5a2lai7
thng-á-siânn,湯仔城,16,thng-á-siâⁿ,thng1a2siann5,thng1a2siann5
thng-sî-kuài,湯匙狐,16,thng-sî-koài,thng1si5kuai3,thng1si5koai3
làm-á-kau,湳仔溝,16,làm-á-kau,lam3a2kau1,lam3a2kau1
làm-kau-muê,湳溝糜,16,làm-kau-môe,lam3kau1mue5,lam3kau1moe5
làm-tshân-á,湳田仔,16,làm-chhân-á,lam3tshan5a2,lam3chhan5a2
tsún-hi̍k-tshenn,準惑星,16,chún-he̍k-chheⁿ,tsun2hik8tshenn1,chun2hek8chhenn1
tsún-hi̍k-tshinn,準惑星,16,chún-he̍k-chhiⁿ,tsun2hik8tshinn1,chun2hek8chhinn1
tsún-tú-hó,準拄好,16,chún-tú-hó,tsun2tu2ho2,chun2tu2ho2
tsún-tú-suah,準拄煞,16,chún-tú-soah,tsun2tu2suah4,chun2tu2soah4
liû-lông-tshia,溜籠車,16,liû-lông-chhia,liu5long5tshia1,liu5long5chhia1
kau-á-bué,溝仔尾,16,kau-á-bóe,kau1a2bue2,kau1a2boe2
ik-tshiah-sng,溢刺酸,16,ek-chhiah-sng,ik4tshiah4sng1,ek4chhiah4sng1
khe-á-kînn,溪仔墘,16,khe-á-kîⁿ,khe1a2kinn5,khe1a2kinn5
khe-hê-á,溪蝦仔,16,khe-hê-á,khe1he5a2,khe1he5a2
un-ko-huâ,溫哥華,16,un-ko-hôa,un1ko1hua5,un1ko1hoa5
un-liâu-khe,溫寮溪,16,un-liâu-khe,un1liau5khe1,un1liau5khe1
un-liâu-khue,溫寮溪,16,un-liâu-khoe,un1liau5khue1,un1liau5khoe1
un-tsuânn-nn̄g,溫泉卵,16,un-chôaⁿ-nn̄g,un1tsuann5nng7,un1choann5nng7
un-tsuânn-nuī,溫泉卵,16,un-chôaⁿ-nūi,un1tsuann5nui7,un1choann5nui7
sòo-thiāu-á,溯柱仔,16,sò͘-thiāu-á,soo3thiau7a2,soo3thiau7a2
iûnn-khòng-lôo,溶炕爐,16,iûⁿ-khòng-lô͘,iunn5khong3loo5,iunn5khong3loo5
bia̍t-hué-khì,滅火器,16,bia̍t-hóe-khì,biat8hue2khi3,biat8hoe2khi3
bia̍t-hé-khì,滅火器,16,bia̍t-hé-khì,biat8he2khi3,biat8he2khi3
tsu-ióng-tsân,滋養層,16,chu-ióng-chân,tsu1iong2tsan5,chu1iong2chan5
tù-hông-tî,滯洪池,16,tù-hông-tî,tu3hong5ti5,tu3hong5ti5
tē-hông-tî,滯洪池,16,tē-hông-tî,te7hong5ti5,te7hong5ti5
siàm-khīng-jiō,滲虹尿,16,siàm-khēng-jiō,siam3khing7jio7,siam3kheng7jio7
lóo-tê-nn̄g,滷茶卵,16,ló͘-tê-nn̄g,loo2te5nng7,loo2te5nng7
lóo-tshài-thâu,滷菜頭,16,ló͘-chhài-thâu,loo2tshai3thau5,loo2chhai3thau5
kún-tsuí-suann,滾水山,16,kún-chúi-soaⁿ,kun2tsui2suann1,kun2chui2soann1
kún-tsuí-ian,滾水煙,16,kún-chúi-ian,kun2tsui2ian1,kun2chui2ian1
kún-káu-íng,滾狗湧,16,kún-káu-éng,kun2kau2ing2,kun2kau2eng2
kún-sńg-tshiò,滾耍笑,16,kún-sńg-chhiò,kun2sng2tshio3,kun2sng2chhio3
kún-io̍h-tsuí,滾藥水,16,kún-io̍h-chúi,kun2ioh8tsui2,kun2ioh8chui2
kún-kau-liông,滾蛟龍,16,kún-kau-liông,kun2kau1liong5,kun2kau1liong5
kún-ká-liông,滾蛟龍,16,kún-ká-liông,kun2ka2liong5,kun2ka2liong5
muá-suann-phiânn,滿山坪,16,móa-soaⁿ-phiâⁿ,mua2suann1phiann5,moa2soann1phiann5
buán-tsiu-kok,滿州國,16,boán-chiu-kok,buan2tsiu1kok4,boan2chiu1kok4
buán-tsiu-kok,滿洲國,16,boán-chiu-kok,buan2tsiu1kok4,boan2chiu1kok4
phiò-pe̍h-tsuí,漂白水,16,phiò-pe̍h-chúi,phio3peh8tsui2,phio3peh8chui2
lo̍k-tshuì-tsuí,漉喙水,16,lo̍k-chhùi-chúi,lok8tshui3tsui2,lok8chhui3chui2
lo̍k-lo̍k-tê,漉漉茶,16,lo̍k-lo̍k-tê,lok8lok8te5,lok8lok8te5
lok-kôo-muê,漉糊糜,16,lok-kô͘-môe,lok4koo5mue5,lok4koo5moe5
lo̍k-kôo-muê,漉糊糜,16,lo̍k-kô͘-môe,lok8koo5mue5,lok8koo5moe5
lāu-tsuí-siann,漏水聲,16,lāu-chúi-siaⁿ,lau7tsui2siann1,lau7chui2siann1
ián-tshiùnn-huē,演唱會,16,ián-chhiùⁿ-hōe,ian2tshiunn3hue7,ian2chhiunn3hoe7
ián-sǹg-huat,演算法,16,ián-sǹg-hoat,ian2sng3huat4,ian2sng3hoat4
ián-gē-kài,演藝界,16,ián-gē-kài,ian2ge7kai3,ian2ge7kai3
àu-sái-sik,漚屎色,16,àu-sái-sek,au3sai2sik4,au3sai2sek4
àu-hip-jua̍h,漚翕熱,16,àu-hip-joa̍h,au3hip4juah8,au3hip4joah8
àu-hip-lua̍h,漚翕熱,16,àu-hip-loa̍h,au3hip4luah8,au3hip4loah8
àu-kioh-siàu,漚腳數,16,àu-kioh-siàu,au3kioh4siau3,au3kioh4siau3
àu-tsi-bai,漚膣屄,16,àu-chi-bai,au3tsi1bai1,au3chi1bai1
àu-lān-tsiáu,漚𡳞鳥,16,àu-lān-chiáu,au3lan7tsiau2,au3lan7chiau2
hàn-pó-ông,漢堡王,16,hàn-pó-ông,han3po2ong5,han3po2ong5
hàn-bú-tè,漢武帝,16,hàn-bú-tè,han3bu2te3,han3bu2te3
hàn-tsháu-hó,漢草好,16,hàn-chháu-hó,han3tshau2ho2,han3chhau2ho2
hàn-tsháu-tsán,漢草讚,16,hàn-chháu-chán,han3tshau2tsan2,han3chhau2chan2
hàn-io̍h-pâng,漢藥房,16,hàn-io̍h-pâng,han3ioh8pang5,han3ioh8pang5
hàn-i-ha̍k,漢醫學,16,hàn-i-ha̍k,han3i1hak8,han3i1hak8
suān-giō-á,漩尿仔,16,soān-giō-á,suan7gio7a2,soan7gio7a2
suān-jiō-á,漩尿仔,16,soān-jiō-á,suan7jio7a2,soan7jio7a2
suān-liō-á,漩尿仔,16,soān-liō-á,suan7lio7a2,soan7lio7a2
tiùnn-thîng-kè,漲停價,16,tiùⁿ-thêng-kè,tiunn3thing5ke3,tiunn3theng5ke3
tiùnn-thîng-puânn,漲停盤,16,tiùⁿ-thêng-pôaⁿ,tiunn3thing5puann5,tiunn3theng5poann5
tiòng-tuā-tsuí,漲大水,16,tiòng-tōa-chúi,tiong3tua7tsui2,tiong3toa7chui2
tsiang-tsuân-lām,漳泉濫,16,chiang-choân-lām,tsiang1tsuan5lam7,chiang1choan5lam7
tsiâm-ho̍k-kî,潛伏期,16,chiâm-ho̍k-kî,tsiam5hok8ki5,chiam5hok8ki5
jūn-piánn-kauh,潤餅𩛩,16,jūn-piáⁿ-kauh,jun7piann2kauh4,jun7piann2kauh4
thâm-á-kînn,潭仔墘,16,thâm-á-kîⁿ,tham5a2kinn5,tham5a2kinn5
tiô-tsiu-uē,潮州話,16,tiô-chiu-ōe,tio5tsiu1ue7,tio5chiu1oe7
tiâu-si̍k-lîng,潮汐能,16,tiâu-se̍k-lêng,tiau5sik8ling5,tiau5sek8leng5
tshū-tiong-iânn,澍中營,16,chhū-tiong-iâⁿ,tshu7tiong1iann5,chhu7tiong1iann5
tshū-phang-tsuí,澍芳水,16,chhū-phang-chúi,tshu7phang1tsui2,chhu7phang1chui2
kán-á-li̍k,澗仔壢,16,kán-á-le̍k,kan2a2lik8,kan2a2lek8
tâm-kin-á,澹巾仔,16,tâm-kin-á,tam5kin1a2,tam5kin1a2
tâm-kun-á,澹巾仔,16,tâm-kun-á,tam5kun1a2,tam5kun1a2
tâm-lok-lok,澹漉漉,16,tâm-lok-lok,tam5lok4lok4,tam5lok4lok4
kik-tàng-tsiáu,激凍鳥,16,kek-tàng-chiáu,kik4tang3tsiau2,kek4tang3chiau2
kik-kóo-tsui,激古錐,16,kek-kó͘-chui,kik4koo2tsui1,kek4koo2chui1
kik-sái-bīn,激屎面,16,kek-sái-bīn,kik4sai2bin7,kek4sai2bin7
kik-huì-huì,激廢廢,16,kek-hùi-hùi,kik4hui3hui3,kek4hui3hui3
kik-khòo-khòo,激怐怐,16,kek-khò͘-khò͘,kik4khoo3khoo3,kek4khoo3khoo3
kik-tiām-tiām,激恬恬,16,kek-tiām-tiām,kik4tiam7tiam7,kek4tiam7tiam7
kik-hòng-hòng,激放放,16,kek-hòng-hòng,kik4hong3hong3,kek4hong3hong3
kik--sí,激死,16,kek--sí,kik4si2,kek4si2
kik-nuā-nuā,激爛爛,16,kek-nōa-nōa,kik4nua7nua7,kek4noa7noa7
kik-phî-phî,激皮皮,16,kek-phî-phî,kik4phi5phi5,kek4phi5phi5
kik-hua-phùn,激華噴,16,kek-hoa-phùn,kik4hua1phun3,kek4hoa1phun3
kik-bīn-tshiunn,激面腔,16,kek-bīn-chhiuⁿ,kik4bin7tshiunn1,kek4bin7chhiunn1
kik-thâu-khak,激頭殼,16,kek-thâu-khak,kik4thau5khak4,kek4thau5khak4
kit-kut-uē,激骨話,16,kit-kut-ōe,kit4kut4ue7,kit4kut4oe7
lô-tsuí-khe,濁水溪,16,lô-chúi-khe,lo5tsui2khe1,lo5chui2khe1
sip-jūn-tē,濕潤地,16,sip-jūn-tē,sip4jun7te7,sip4jun7te7
tsuē-hāng-khuán,濟項款,16,chōe-hāng-khoán,tsue7hang7khuan2,choe7hang7khoan2
lām-hiān-si̍t,濫現實,16,lām-hiān-si̍t,lam7hian7sit8,lam7hian7sit8
lām-tsin-si̍t,濫真實,16,lām-chin-si̍t,lam7tsin1sit8,lam7chin1sit8
lī-tsuí-kóo,濾水鈷,16,lī-chúi-kó͘,li7tsui2koo2,li7chui2koo2
lū-tsuí-kóo,濾水鈷,16,lū-chúi-kó͘,lu7tsui2koo2,lu7chui2koo2
sià-pak-tóo,瀉腹肚,16,sià-pak-tó͘,sia3pak4too2,sia3pak4too2
liû-lám-khì,瀏覽器,16,liû-lám-khì,liu5lam2khi3,liu5lam2khi3
kuàn-bo̍k-tsâng,灌木叢,16,koàn-bo̍k-châng,kuan3bok8tsang5,koan3bok8chang5
kuàn-bo̍k-tsông,灌木叢,16,koàn-bo̍k-chông,kuan3bok8tsong5,koan3bok8chong5
kuàn-thih-sái,灌鐵屎,16,koàn-thih-sái,kuan3thih4sai2,koan3thih4sai2
hué-ka-la̍uh,火加落,16,hóe-ka-lau̍h,hue2ka1lauh8,hoe2ka1lauh8
hué-tshuì-ah,火喙鴨,16,hóe-chhùi-ah,hue2tshui3ah4,hoe2chhui3ah4
hué-sìng-kâu,火性猴,16,hóe-sèng-kâu,hue2sing3kau5,hoe2seng3kau5
hué-khióng-liông,火恐龍,16,hóe-khióng-liông,hue2khiong2liong5,hoe2khiong2liong5
hué-sîng-giâm,火成岩,16,hóe-sêng-giâm,hue2sing5giam5,hoe2seng5giam5
hué-sîng-gâm,火成岩,16,hóe-sêng-gâm,hue2sing5gam5,hoe2seng5gam5
hé-sîng-giâm,火成岩,16,hé-sêng-giâm,he2sing5giam5,he2seng5giam5
hé-sîng-gâm,火成岩,16,hé-sêng-gâm,he2sing5gam5,he2seng5gam5
hué-khiat-á,火戛仔,16,hóe-khiat-á,hue2khiat4a2,hoe2khiat4a2
hué-tshenn-bûn,火星文,16,hóe-chheⁿ-bûn,hue2tshenn1bun5,hoe2chhenn1bun5
hé-tshinn-bûn,火星文,16,hé-chhiⁿ-bûn,he2tshinn1bun5,he2chhinn1bun5
hué-tshinn-tsio̍h,火星石,16,hóe-chhiⁿ-chio̍h,hue2tshinn1tsioh8,hoe2chhinn1chioh8
hué-tōo-peh,火杜伯,16,hóe-tō͘-peh,hue2too7peh4,hoe2too7peh4
hué-tōo-tīng,火杜定,16,hóe-tō͘-tēng,hue2too7ting7,hoe2too7teng7
hué-thuànn-hu,火炭烌,16,hóe-thòaⁿ-hu,hue2thuann3hu1,hoe2thoann3hu1
hué-hun-tsûn,火熏船,16,hóe-hun-chûn,hue2hun1tsun5,hoe2hun1chun5
hué-sio-tshù,火燒厝,16,hóe-sio-chhù,hue2sio1tshu3,hoe2sio1chhu3
hué-sio-suann,火燒山,16,hóe-sio-soaⁿ,hue2sio1suann1,hoe2sio1soann1
hué-sio-tó,火燒島,16,hóe-sio-tó,hue2sio1to2,hoe2sio1to2
hué-sio-sim,火燒心,16,hóe-sio-sim,hue2sio1sim1,hoe2sio1sim1
hué-sio-tshia,火燒車,16,hóe-sio-chhia,hue2sio1tshia1,hoe2sio1chhia1
hué-sio-bé,火燒馬,16,hóe-sio-bé,hue2sio1be2,hoe2sio1be2
hué-lê-á,火犁仔,16,hóe-lê-á,hue2le5a2,hoe2le5a2
hué-tsìnn-bé,火箭馬,16,hóe-chìⁿ-bé,hue2tsinn3be2,hoe2chinn3be2
hué-tsiann-lîng,火精靈,16,hóe-chiaⁿ-lêng,hue2tsiann1ling5,hoe2chiann1leng5
hué-iânn-kùn,火螢棍,16,hóe-iâⁿ-kùn,hue2iann5kun3,hoe2iann5kun3
hué-kak-bé,火角馬,16,hóe-kak-bé,hue2kak4be2,hoe2kak4be2
hué-kim-kùn,火金棍,16,hóe-kim-kùn,hue2kim1kun3,hoe2kim1kun3
hué-ke-bó,火雞母,16,hóe-ke-bó,hue2ke1bo2,hoe2ke1bo2
hué-ah-liông,火鴨龍,16,hóe-ah-liông,hue2ah4liong5,hoe2ah4liong5
hué-liông-kiánn,火龍囝,16,hóe-liông-kiáⁿ,hue2liong5kiann2,hoe2liong5kiann2
hue-tsíng-kah,灰指甲,16,hoe-chéng-kah,hue1tsing2kah4,hoe1cheng2kah4
tshue-hî-á,炊魚仔,16,chhoe-hî-á,tshue1hi5a2,chhoe1hi5a2
khòng-han-tsî,炕番薯,16,khòng-han-chî,khong3han1tsi5,khong3han1chi5
khòng-bah-pn̄g,炕肉飯,16,khòng-bah-pn̄g,khong3bah4png7,khong3bah4png7
tsià-kam-tshó,炙甘草,16,chià-kam-chhó,tsia3kam1tsho2,chia3kam1chho2
phàu-á-kuānn,炮仔捾,16,phàu-á-kōaⁿ,phau3a2kuann7,phau3a2koann7
phàu-á-hu,炮仔烌,16,phàu-á-hu,phau3a2hu1,phau3a2hu1
oo-hòo-luh,烏hòo-luh,16,o͘-hò͘-luh,oo1hoo3luh4,oo1hoo3luh4
oo-ka-pi,烏咖啡,16,o͘-ka-pi,oo1ka1pi1,oo1ka1pi1
oo-luí-oo,烏壘烏,16,o͘-lúi-o͘,oo1lui2oo1,oo1lui2oo1
u-lóng-mī,烏壟麵,16,u-lóng-mī,u1long2mi7,u1long2mi7
oo-bué-á,烏尾仔,16,o͘-bóe-á,oo1bue2a2,oo1boe2a2
oo-bé-á,烏尾仔,16,o͘-bé-á,oo1be2a2,oo1be2a2
oo-bér-á,烏尾仔,16,o͘-bér-á,oo1ber2a2,oo1ber2a2
oo-kan-ta̍t,烏干達,16,o͘-kan-ta̍t,oo1kan1tat8,oo1kan1tat8
oo-hng-bīn,烏昏面,16,o͘-hng-bīn,oo1hng1bin7,oo1hng1bin7
oo-àm-mî,烏暗暝,16,o͘-àm-mî,oo1am3mi5,oo1am3mi5
oo-àm-hîn,烏暗眩,16,o͘-àm-hîn,oo1am3hin5,oo1am3hin5
oo-iāu-tsio̍h,烏曜石,16,o͘-iāu-chio̍h,oo1iau7tsioh8,oo1iau7chioh8
oo-ta-sán,烏焦瘦,16,o͘-ta-sán,oo1ta1san2,oo1ta1san2
oo-ta-tsuâ,烏焦蛇,16,o͘-ta-chôa,oo1ta1tsua5,oo1ta1choa5
oo-gû-lân,烏牛欄,16,o͘-gû-lân,oo1gu5lan5,oo1gu5lan5
oo-gû-nuâ,烏牛欄,16,o͘-gû-nôa,oo1gu5nua5,oo1gu5noa5
oo-tiâu-té,烏牢底,16,o͘-tiâu-té,oo1tiau5te2,oo1tiau5te2
oo-pe̍h-tshiat,烏白切,16,o͘-pe̍h-chhiat,oo1peh8tshiat4,oo1peh8chhiat4
oo-pe̍h-bak,烏白沐,16,o͘-pe̍h-bak,oo1peh8bak4,oo1peh8bak4
oo-pe̍h-tsuànn,烏白炸,16,o͘-pe̍h-chòaⁿ,oo1peh8tsuann3,oo1peh8choann3
oo-pe̍h-tshì,烏白試,16,o͘-pe̍h-chhì,oo1peh8tshi3,oo1peh8chhi3
oo-pe̍h-kóng,烏白講,16,o͘-pe̍h-kóng,oo1peh8kong2,oo1peh8kong2
oo-pe̍h-tsáu,烏白走,16,o͘-pe̍h-cháu,oo1peh8tsau2,oo1peh8chau2
oo-ba̍k-kiànn,烏目鏡,16,o͘-ba̍k-kiàⁿ,oo1bak8kiann3,oo1bak8kiann3
oo-siā-huē,烏社會,16,o͘-siā-hōe,oo1sia7hue7,oo1sia7hoe7
oo-ta̍t-á,烏笛仔,16,o͘-ta̍t-á,oo1tat8a2,oo1tat8a2
oo-bah-té,烏肉底,16,o͘-bah-té,oo1bah4te2,oo1bah4te2
oo-tóo-bái,烏肚䆀,16,o͘-tó͘-bái,oo1too2bai2,oo1too2bai2
oo-suî-á,烏蚋仔,16,o͘-sûi-á,oo1sui5a2,oo1sui5a2
oo-kau-thîng,烏蛟騰,16,o͘-kau-thêng,oo1kau1thing5,oo1kau1theng5
oo-sû-á,烏蜍仔,16,o͘-sû-á,oo1su5a2,oo1su5a2
oo-bui-á,烏蝛仔,16,o͘-bui-á,oo1bui1a2,oo1bui1a2
oo-tāu-ling,烏豆奶,16,o͘-tāu-leng,oo1tau7ling1,oo1tau7leng1
oo-sian-sian,烏鉎鉎,16,o͘-sian-sian,oo1sian1sian1,oo1sian1sian1
oo-thau-káu,烏頭狗,16,o͘-thau-káu,oo1thau1kau2,oo1thau1kau2
oo-kut-á,烏骨仔,16,o͘-kut-á,oo1kut4a2,oo1kut4a2
oo-a-á,烏鴉仔,16,o͘-a-á,oo1a1a2,oo1a1a2
hang-hōo-si̍k,烘予熟,16,hang-hō͘-se̍k,hang1hoo7sik8,hang1hoo7sek8
hang-bah-tóng,烘肉丼,16,hang-bah-tóng,hang1bah4tong2,hang1bah4tong2
hang-sann-ki,烘衫機,16,hang-saⁿ-ki,hang1sann1ki1,hang1sann1ki1
hang-tāu-á,烘豆仔,16,hang-tāu-á,hang1tau7a2,hang1tau7a2
phû-ti-pâi,烰豬排,16,phû-ti-pâi,phu5ti1pai5,phu5ti1pai5
ù-sio-pau,焐燒包,16,ù-sio-pau,u3sio1pau1,u3sio1pau1
bô-tshioh-phuê,無tshioh皮,16,bô-chhioh-phôe,bo5tshioh4phue5,bo5chhioh4phoe5
bô-tsùn-būn,無tsùn būn,16,bô-chùn-būn,bo5tsun3bun7,bo5chun3bun7
bô-tsùn-būn,無tsùn-būn,16,bô-chùn-būn,bo5tsun3bun7,bo5chun3bun7
bô-tsiūnn-ba̍k,無上目,16,bô-chiūⁿ-ba̍k,bo5tsiunn7bak8,bo5chiunn7bak8
bô-liáu-kái,無了解,16,bô-liáu-kái,bo5liau2kai2,bo5liau2kai2
bô-lâng-i,無人伊,16,bô-lâng-i,bo5lang5i1,bo5lang5i1
bô-lâng-tī,無人佇,16,bô-lâng-tī,bo5lang5ti7,bo5lang5ti7
bô-lâng-kng,無人扛,16,bô-lâng-kng,bo5lang5kng1,bo5lang5kng1
bû-jîn-ki,無人機,16,bû-jîn-ki,bu5jin5ki1,bu5jin5ki1
bô-kāng-khuán,無仝款,16,bô-kāng-khoán,bo5kang7khuan2,bo5kang7khoan2
bô-tī-leh,無佇咧,16,bô-tī-leh,bo5ti7leh4,bo5ti7leh4
bô-kah-ì,無佮意,16,bô-kah-ì,bo5kah4i3,bo5kah4i3
bô-sìn-táu,無信篤,16,bô-sìn-táu,bo5sin3tau2,bo5sin3tau2
bô-ta̍t-tsînn,無值錢,16,bô-ta̍t-chîⁿ,bo5tat8tsinn5,bo5tat8chinn5
bô-nn̄g-tǹg,無兩頓,16,bô-nn̄g-tǹg,bo5nng7tng3,bo5nng7tng3
bô-tshut-mn̂g,無出門,16,bô-chhut-mn̂g,bo5tshut4mng5,bo5chhut4mng5
bô-ki̍p-keh,無及格,16,bô-ki̍p-keh,bo5kip8keh4,bo5kip8keh4
bô-khó-lîng,無可能,16,bô-khó-lêng,bo5kho2ling5,bo5kho2leng5
bô-koh-iūnn,無各樣,16,bô-koh-iūⁿ,bo5koh4iunn7,bo5koh4iunn7
bô-miâ-huà,無名化,16,bô-miâ-hòa,bo5mia5hua3,bo5mia5hoa3
bû-bîng-sī,無名氏,16,bû-bêng-sī,bu5bing5si7,bu5beng5si7
bô-būn-tê,無問題,16,bô-būn-tê,bo5bun7te5,bo5bun7te5
bô-siánn-mi̍h,無啥物,16,bô-siáⁿ-mi̍h,bo5siann2mih8,bo5siann2mih8
bô-tshuì-tsuí,無喙水,16,bô-chhùi-chúi,bo5tshui3tsui2,bo5chhui3chui2
bô-sù-siông,無四常,16,bô-sù-siông,bo5su3siong5,bo5su3siong5
bô-teh-nńg,無塊軟,16,bô-teh-nńg,bo5teh4nng2,bo5teh4nng2
bô-tiānn-tio̍h,無定著,16,bô-tiāⁿ-tio̍h,bo5tiann7tioh8,bo5tiann7tioh8
bô-tuì-tâng,無對同,16,bô-tùi-tâng,bo5tui3tang5,bo5tui3tang5
bô-tī-tāi,無底代,16,bô-tī-tāi,bo5ti7tai7,bo5ti7tai7
bô-tshái-kang,無彩工,16,bô-chhái-kang,bo5tshai2kang1,bo5chhai2kang1
bô-iánn-tāi,無影代,16,bô-iáⁿ-tāi,bo5iann2tai7,bo5iann2tai7
bô-iánn-uē,無影話,16,bô-iáⁿ-ōe,bo5iann2ue7,bo5iann2oe7
bô-tit-tiānn,無得定,16,bô-tit-tiāⁿ,bo5tit4tiann7,bo5tit4tiann7
bô-siūnn-beh,無想欲,16,bô-siūⁿ-beh,bo5siunn7beh4,bo5siunn7beh4
bô-siūnn-tio̍h,無想著,16,bô-siūⁿ-tio̍h,bo5siunn7tioh8,bo5siunn7tioh8
bô-ì-sîn,無意神,16,bô-ì-sîn,bo5i3sin5,bo5i3sin5
bû-ì-sik,無意識,16,bû-ì-sek,bu5i3sik4,bu5i3sek4
bô-tú-hó,無拄好,16,bô-tú-hó,bo5tu2ho2,bo5tu2ho2
bô-phah-suìnn,無拍算,16,bô-phah-sùiⁿ,bo5phah4suinn3,bo5phah4suinn3
bô-kánn-tīng,無敢定,16,bô-káⁿ-tēng,bo5kann2ting7,bo5kann2teng7
bô-sî-kan,無時間,16,bô-sî-kan,bo5si5kan1,bo5si5kan1
bô-liàm-tshuì,無殮喙,16,bô-liàm-chhùi,bo5liam3tshui3,bo5liam3chhui3
bô-m̄-tio̍h,無毋著,16,bô-m̄-tio̍h,bo5m7tioh8,bo5m7tioh8
bô-tap-sap,無沓屑,16,bô-tap-sap,bo5tap4sap4,bo5tap4sap4
bô-huat-tōo,無法度,16,bô-hoat-tō͘,bo5huat4too7,bo5hoat4too7
bô-tsún-sǹg,無準算,16,bô-chún-sǹg,bo5tsun2sng3,bo5chun2sng3
bô-muá-ì,無滿意,16,bô-móa-ì,bo5mua2i3,bo5moa2i3
bô-siâu-kàn,無潲姦,16,bô-siâu-kàn,bo5siau5kan3,bo5siau5kan3
bô-tik-khak,無的確,16,bô-tek-khak,bo5tik4khak4,bo5tek4khak4
bô-ba̍k-tsí,無目子,16,bô-ba̍k-chí,bo5bak8tsi2,bo5bak8chi2
bô-sio-kâng,無相仝,16,bô-sio-kâng,bo5sio1kang5,bo5sio1kang5
bô--ah,無矣,16,bô--ah,bo5ah4,bo5ah4
bû-sîn-lūn,無神論,16,bû-sîn-lūn,bu5sin5lun7,bu5sin5lun7
bô-ún-sī,無穩是,16,bô-ún-sī,bo5un2si7,bo5un2si7
bô-tshīng-ê,無穿鞋,16,bô-chhēng-ê,bo5tshing7e5,bo5chheng7e5
bô-tsām-tsat,無站節,16,bô-chām-chat,bo5tsam7tsat4,bo5cham7chat4
bô-suìnn-pái,無算擺,16,bô-sùiⁿ-pái,bo5suinn3pai2,bo5suinn3pai2
bô-tsing-tshái,無精彩,16,bô-cheng-chhái,bo5tsing1tshai2,bo5cheng1chhai2
bô-tsing-sîn,無精神,16,bô-cheng-sîn,bo5tsing1sin5,bo5cheng1sin5
bô-hìng-tshù,無興趣,16,bô-hèng-chhù,bo5hing3tshu3,bo5heng3chhu3
bô-iàu-ì,無要意,16,bô-iàu-ì,bo5iau3i3,bo5iau3i3
bôr-á-kín,無要緊,16,bôr-á-kín,bor5a2kin2,bor5a2kin2
bô-uē-kóng,無話講,16,bô-ōe-kóng,bo5ue7kong2,bo5oe7kong2
bô-jīn-hūn,無認份,16,bô-jīn-hūn,bo5jin7hun7,bo5jin7hun7
bô-lōo-sái,無路使,16,bô-lō͘-sái,bo5loo7sai2,bo5loo7sai2
bô-lōo-sái,無路屎,16,bô-lō͘-sái,bo5loo7sai2,bo5loo7sai2
bô-khah-tsua̍h,無較縒,16,bô-khah-choa̍h,bo5khah4tsuah8,bo5khah4choah8
bô-tshái-kang,無采工,16,bô-chhái-kang,bo5tshai2kang1,bo5chhai2kang1
bô-tîng-sûn,無重巡,16,bô-têng-sûn,bo5ting5sun5,bo5teng5sun5
bô-khui-mn̂g,無開門,16,bô-khui-mn̂g,bo5khui1mng5,bo5khui1mng5
bôr-kuan-hē,無關係,16,bôr-koan-hē,bor5kuan1he7,bor5koan1he7
bô-hān-tiānn,無限定,16,bô-hān-tiāⁿ,bo5han7tiann7,bo5han7tiann7
bô-sūn-sī,無順序,16,bô-sūn-sī,bo5sun7si7,bo5sun7si7
bô-sūn-sū,無順序,16,bô-sūn-sū,bo5sun7su7,bo5sun7su7
bô-thâu-tsáng,無頭摠,16,bô-thâu-cháng,bo5thau5tsang2,bo5thau5chang2
bô-thâu-sîn,無頭神,16,bô-thâu-sîn,bo5thau5sin5,bo5thau5sin5
bô-siāng-khuán,無款,16,bô-siāng-khoán,bo5siang7khuan2,bo5siang7khoan2
bô-lān-pha,無𡳞脬,16,bô-lān-pha,bo5lan7pha1,bo5lan7pha1
ta-piān-sóo,焦便所,16,ta-piān-só͘,ta1pian7soo2,ta1pian7soo2
ta-tsâi-hue,焦材花,16,ta-châi-hoe,ta1tsai5hue1,ta1chai5hoe1
ta-tshâ-hue,焦柴花,16,ta-chhâ-hoe,ta1tsha5hue1,ta1chha5hoe1
ta-khì-ki,焦氣機,16,ta-khì-ki,ta1khi3ki1,ta1khi3ki1
ta-tsuí-kî,焦水期,16,ta-chúi-kî,ta1tsui2ki5,ta1chui2ki5
ta-sò-tē,焦燥地,16,ta-sò-tē,ta1so3te7,ta1so3te7
ta-sò-hue,焦燥花,16,ta-sò-hoe,ta1so3hue1,ta1so3hoe1
ta-hong-ki,焦風機,16,ta-hong-ki,ta1hong1ki1,ta1hong1ki1
tsian-tsuí-kiáu,煎水餃,16,chian-chúi-kiáu,tsian1tsui2kiau2,chian1chui2kiau2
piak-hì-bûn,煏戲文,16,piak-hì-bûn,piak4hi3bun5,piak4hi3bun5
piak-hì-tshut,煏戲齣,16,piak-hì-chhut,piak4hi3tshut4,piak4hi3chhut4
ian-á-tsan,煙仔罾,16,ian-á-chan,ian1a2tsan1,ian1a2chan1
ian-tshong-kóng,煙囪管,16,ian-chhong-kóng,ian1tshong1kong2,ian1chhong1kong2
ian-tshiâng-káu,煙腸狗,16,ian-chhiâng-káu,ian1tshiang5kau2,ian1chhiang5kau2
ian-hue-ki,煙花枝,16,ian-hoe-ki,ian1hue1ki1,ian1hoe1ki1
ian-bū-tsit,煙霧質,16,ian-bū-chit,ian1bu7tsit4,ian1bu7chit4
suah-liáu-tāi,煞了代,16,soah-liáu-tāi,suah4liau2tai7,soah4liau2tai7
suah-bué-tsáinn,煞尾指,16,soah-bóe-cháiⁿ,suah4bue2tsainn2,soah4boe2chainn2
suah-m̄-tsai,煞毋知,16,soah-m̄-chai,suah4m7tsai1,soah4m7chai1
sa̍h-tshenn-tshài,煠青菜,16,sa̍h-chheⁿ-chhài,sah8tshenn1tshai3,sah8chhenn1chhai3
sa̍h-tshinn-tshài,煠青菜,16,sa̍h-chhiⁿ-chhài,sah8tshinn1tshai3,sah8chhinn1chhai3
tsiàu-thâu-ûn,照頭勻,16,chiàu-thâu-ûn,tsiau3thau5un5,chiau3thau5un5
tsú-àm-tǹg,煮暗頓,16,chú-àm-tǹg,tsu2am3tng3,chu2am3tng3
tsí-tsia̍h-ê,煮食的,16,chí-chia̍h-ê,tsi2tsiah8e5,chi2chiah8e5
sit--khì,熄去,16,sit--khì,sit4khi3,sit4khi3
iûnn-tsiap-tse,熔接劑,16,iûⁿ-chiap-che,iunn5tsiap4tse1,iunn5chiap4che1
iûnn-tsiap-tiâu,熔接條,16,iûⁿ-chiap-tiâu,iunn5tsiap4tiau5,iunn5chiap4tiau5
si̍k-nn̄g-ling,熟卵乳,16,se̍k-nn̄g-leng,sik8nng7ling1,sek8nng7leng1
thuīnn-tshìn-muê,熥凊糜,16,thūiⁿ-chhìn-môe,thuinn7tshin3mue5,thuinn7chhin3moe5
thuīnn-tshìn-puīnn,熥凊飯,16,thūiⁿ-chhìn-pūiⁿ,thuinn7tshin3puinn7,thuinn7chhin3puinn7
ut-sio-pau,熨燒包,16,ut-sio-pau,ut4sio1pau1,ut4sio1pau1
jia̍t-li̍k-ha̍k,熱力學,16,jia̍t-le̍k-ha̍k,jiat8lik8hak8,jiat8lek8hak8
jia̍t-khì-kiû,熱氣球,16,jia̍t-khì-kiû,jiat8khi3kiu5,jiat8khi3kiu5
jia̍t-tsuí-lôo,熱水爐,16,jia̍t-chúi-lô͘,jiat8tsui2loo5,jiat8chui2loo5
jia̍t-phû-kiû,熱浮球,16,jia̍t-phû-kiû,jiat8phu5kiu5,jiat8phu5kiu5
hiânn-kún-tsuí,燃滾水,16,hiâⁿ-kún-chúi,hiann5kun2tsui2,hiann5kun2chui2
ting-á-hue,燈仔花,16,teng-á-hoe,ting1a2hue1,teng1a2hoe1
ting-khiā-u,燈徛u,16,teng-khiā-u,ting1khia7u1,teng1khia7u1
sio-sian-tsháu,燒仙草,16,sio-sian-chháu,sio1sian1tshau2,sio1sian1chhau2
sio-kuah-bah,燒割肉,16,sio-koah-bah,sio1kuah4bah4,sio1koah4bah4
sio-pau-á,燒包仔,16,sio-pau-á,sio1pau1a2,sio1pau1a2
sio-tsuí-ki,燒水機,16,sio-chúi-ki,sio1tsui2ki1,sio1chui2ki1
sio-lō-hiann,燒烙兄,16,sio-lō-hiaⁿ,sio1lo7hiann1,sio1lo7hiann1
sio-lō-pau,燒烙包,16,sio-lō-pau,sio1lo7pau1,sio1lo7pau1
sio-lō-sann,燒烙衫,16,sio-lō-saⁿ,sio1lo7sann1,sio1lo7sann1
sio-ông-tsûn,燒王船,16,sio-ông-chûn,sio1ong5tsun5,sio1ong5chun5
sio-tshân-tsháu,燒田草,16,sio-chhân-chháu,sio1tshan5tshau2,sio1chhan5chhau2
sio-huan-be̍h,燒番麥,16,sio-hoan-be̍h,sio1huan1beh8,sio1hoan1beh8
sio-kòng-kòng,燒絳絳,16,sio-kòng-kòng,sio1kong3kong3,sio1kong3kong3
sio-bah-tsàng,燒肉粽,16,sio-bah-chàng,sio1bah4tsang3,sio1bah4chang3
sio-ke-kui,燒雞胿,16,sio-ke-kui,sio1ke1kui1,sio1ke1kui1
sio-hong-kiû,燒風球,16,sio-hong-kiû,sio1hong1kiu5,sio1hong1kiu5
iàn-tsâu-khu,燕巢區,16,iàn-châu-khu,ian3tsau5khu1,ian3chau5khu1
iàn-tsâu-hiong,燕巢鄉,16,iàn-châu-hiong,ian3tsau5hiong1,ian3chau5hiong1
thǹg-mī-suànn,燙麵線,16,thǹg-mī-sòaⁿ,thng3mi7suann3,thng3mi7soann3
îng-ióng-siā,營養射,16,êng-ióng-siā,ing5iong2sia7,eng5iong2sia7
sò-ba̍k-tsuá,燥墨紙,16,sò-ba̍k-chóa,so3bak8tsua2,so3bak8choa2
sūi-jîn-sī,燧人氏,16,sūi-jîn-sī,sui7jin5si7,sui7jin5si7
po̍k-kiat-bōng,爆吉夢,16,po̍k-kiat-bōng,pok8kiat4bong7,pok8kiat4bong7
sih-tsi̍t-ē,爍一下,16,sih-chi̍t-ē,sih4tsit8e7,sih4chit8e7
sih-nah-kiap,爍爁俠,16,sih-nah-kiap,sih4nah4kiap4,sih4nah4kiap4
sih-nah-tsiáu,爍爁鳥,16,sih-nah-chiáu,sih4nah4tsiau2,sih4nah4chiau2
nuā-thôo-kuài,爛塗怪,16,nōa-thô͘-koài,nua7thoo5kuai3,noa7thoo5koai3
nuā-king-tsio,爛弓蕉,16,nōa-keng-chio,nua7king1tsio1,noa7keng1chio1
nuā-kôo-kôo,爛糊糊,16,nōa-kô͘-kô͘,nua7koo5koo5,noa7koo5koo5
nuā-kôo-muê,爛糊糜,16,nōa-kô͘-môe,nua7koo5mue5,noa7koo5moe5
nuā-tāu-á,爛豆仔,16,nōa-tāu-á,nua7tau7a2,noa7tau7a2
jiáu-á-pang,爪仔枋,16,jiáu-á-pang,jiau2a2pang1,jiau2a2pang1
hū-tshin-tseh,父親節,16,hū-chhin-cheh,hu7tshin1tseh4,hu7chhin1cheh4
hū-tshin-tsiat,父親節,16,hū-chhin-chiat,hu7tshin1tsiat4,hu7chhin1chiat4
phiàn--hún,片粉,16,phiàn--hún,phian3hun2,phian3hun2
gê-tsiu-pēnn,牙周病,16,gê-chiu-pēⁿ,ge5tsiu1penn7,ge5chiu1penn7
gê-tsô-huānn,牙槽岸,16,gê-chô-hōaⁿ,ge5tso5huann7,ge5cho5hoann7
gê-tsô-thâu,牙槽頭,16,gê-chô-thâu,ge5tso5thau5,ge5cho5thau5
gû-á-kiánn,牛仔囝,16,gû-á-kiáⁿ,gu5a2kiann2,gu5a2kiann2
gû-ling-tàng,牛奶凍,16,gû-leng-tàng,gu5ling1tang3,gu5leng1tang3
gû-ling-tshi̍k,牛奶摵,16,gû-leng-chhe̍k,gu5ling1tshik8,gu5leng1chhek8
gû-ling-tsing,牛奶精,16,gû-leng-cheng,gu5ling1tsing1,gu5leng1cheng1
gû-ni-tsing,牛奶精,16,gû-ni-cheng,gu5ni1tsing1,gu5ni1cheng1
gû-ling-tê,牛奶茶,16,gû-leng-tê,gu5ling1te5,gu5leng1te5
gû-sái-ku,牛屎龜,16,gû-sái-ku,gu5sai2ku1,gu5sai2ku1
gû-làm-tî,牛湳池,16,gû-làm-tî,gu5lam3ti5,gu5lam3ti5
gû-káng-uâinn,牛犅𨂿,16,gû-káng-oâiⁿ,gu5kang2uainn5,gu5kang2oainn5
gû-sio-tak,牛相觸,16,gû-sio-tak,gu5sio1tak4,gu5sio1tak4
gû-khùn-suann,牛睏山,16,gû-khùn-soaⁿ,gu5khun3suann1,gu5khun3soann1
gû-bah-kenn,牛肉羹,16,gû-bah-keⁿ,gu5bah4kenn1,gu5bah4kenn1
gû-bah-mī,牛肉麵,16,gû-bah-mī,gu5bah4mi7,gu5bah4mi7
gû-puè-lōo,牛背鷺,16,gû-pòe-lō͘,gu5pue3loo7,gu5poe3loo7
gû-kak-tāu,牛角豆,16,gû-kak-tāu,gu5kak4tau7,gu5kak4tau7
gû-kak-uâinn,牛角𨂿,16,gû-kak-oâiⁿ,gu5kak4uainn5,gu5kak4oainn5
gû-nn̂g-tshenn,牛郎星,16,gû-nn̂g-chheⁿ,gu5nng5tshenn1,gu5nng5chhenn1
gû-thâu-á,牛頭仔,16,gû-thâu-á,gu5thau5a2,gu5thau5a2
bóo-lū-pòng,牡喻嗙,16,bó͘-lū-pòng,boo2lu7pong3,boo2lu7pong3
bóo-iûnn-tsō,牡羊座,16,bó͘-iûⁿ-chō,boo2iunn5tso7,boo2iunn5cho7
tiâu--leh,牢咧,16,tiâu--leh,tiau5leh4,tiau5leh4
tiâu--tio̍h,牢著,16,tiâu--tio̍h,tiau5tioh8,tiau5tioh8
bu̍t-liân-bāng,物聯網,16,bu̍t-liân-bāng,but8lian5bang7,but8lian5bang7
sing-lé-bûn,牲醴文,16,seng-lé-bûn,sing1le2bun5,seng1le2bun5
ti̍k-iú-tsíng,特有種,16,te̍k-iú-chéng,tik8iu2tsing2,tek8iu2cheng2
khan-kau-á,牽勾仔,16,khan-kau-á,khan1kau1a2,khan1kau1a2
khan-bāng-kuài,牽夢怪,16,khan-bāng-koài,khan1bang7kuai3,khan1bang7koai3
khan-ang-î,牽尪姨,16,khan-ang-î,khan1ang1i5,khan1ang1i5
khan-tsuí-tsn̄g,牽水旋,16,khan-chúi-chn̄g,khan1tsui2tsng7,khan1chui2chng7
khan-kâu-á,牽猴仔,16,khan-kâu-á,khan1kau5a2,khan1kau5a2
khan-thn̂g-si,牽糖絲,16,khan-thn̂g-si,khan1thng5si1,khan1thng5si1
khan-lô-kenn,牽羅經,16,khan-lô-keⁿ,khan1lo5kenn1,khan1lo5kenn1
khan-tîn-kuài,牽藤怪,16,khan-tîn-koài,khan1tin5kuai3,khan1tin5koai3
sai-gû-tsiáu,犀牛鳥,16,sai-gû-chiáu,sai1gu5tsiau2,sai1gu5chiau2
lê-thâu-tiàm,犁頭店,16,lê-thâu-tiàm,le5thau5tiam3,le5thau5tiam3
lê-thâu-tso̍k,犁頭族,16,lê-thâu-cho̍k,le5thau5tsok8,le5thau5chok8
huān-lâng-khia,犯人欹,16,hoān-lâng-khia,huan7lang5khia1,hoan7lang5khia1
tsiōng-guân-kué,狀元粿,16,chiōng-goân-kóe,tsiong7guan5kue2,chiong7goan5koe2
tsiōng-guân-ké,狀元粿,16,chiōng-goân-ké,tsiong7guan5ke2,chiong7goan5ke2
kông-phiann-phiann,狂抨抨,16,kông-phiaⁿ-phiaⁿ,kong5phiann1phiann1,kong5phiann1phiann1
hôo-lî-tiau,狐狸貂,16,hô͘-lî-tiau,hoo5li5tiau1,hoo5li5tiau1
káu-bué-tai,狗尾秮,16,káu-bóe-tai,kau2bue2tai1,kau2boe2tai1
káu-bó-tai,狗母秮,16,káu-bó-tai,kau2bo2tai1,kau2bo2tai1
káu-bó-so,狗母酥,16,káu-bó-so,kau2bo2so1,kau2bo2so1
káu-tsik-la̍h,狡燭獵,16,káu-chek-la̍h,kau2tsik4lah8,kau2chek4lah8
kiap-sim-tsìng,狹心症,16,kiap-sim-chèng,kiap4sim1tsing3,kiap4sim1cheng3
bíng-tsuí-liông,猛水龍,16,béng-chúi-liông,bing2tsui2liong5,beng2chui2liong5
kâu-gín-á,猴囡仔,16,kâu-gín-á,kau5gin2a2,kau5gin2a2
kâu-thô-á,猴桃仔,16,kâu-thô-á,kau5tho5a2,kau5tho5a2
kâu-tshiū-káng,猴樹港,16,kâu-chhiū-káng,kau5tshiu7kang2,kau5chhiu7kang2
kâu-m̄-pê,猴毋爬,16,kâu-m̄-pê,kau5m7pe5,kau5m7pe5
kâu-tōng-á,猴洞仔,16,kâu-tōng-á,kau5tong7a2,kau5tong7a2
kâu-thâu-kó,猴頭果,16,kâu-thâu-kó,kau5thau5ko2,kau5thau5ko2
kâu-tsê-thian,猴齊天,16,kâu-chê-thian,kau5tse5thian1,kau5che5thian1
iû-thài-lâng,猶太人,16,iû-thài-lâng,iu5thai3lang5,iu5thai3lang5
iáu-koh-teh,猶閣咧,16,iáu-koh-teh,iau2koh4teh4,iau2koh4teh4
sai-á-tsō,獅仔座,16,sai-á-chō,sai1a2tso7,sai1a2cho7
sai-á-ông,獅仔王,16,sai-á-ông,sai1a2ong5,sai1a2ong5
sai-tsú-huē,獅子會,16,sai-chú-hōe,sai1tsu2hue7,sai1chu2hoe7
sai-siat-tso̍k,獅設族,16,sai-siat-cho̍k,sai1siat4tsok8,sai1siat4chok8
to̍k-ki-phang,獨居蜂,16,to̍k-ki-phang,tok8ki1phang1,tok8ki1phang1
to̍k-kak-sian,獨角仙,16,to̍k-kak-sian,tok8kak4sian1,tok8kak4sian1
to̍k-kak-siù,獨角獸,16,to̍k-kak-siù,tok8kak4siu3,tok8kak4siu3
to̍k-kak-thâng,獨角蟲,16,to̍k-kak-thâng,tok8kak4thang5,tok8kak4thang5
gio̍k-bí-sún,玉米筍,16,gio̍k-bí-sún,giok8bi2sun2,giok8bi2sun2
ông-kong-biō,王公廟,16,ông-kong-biō,ong5kong1bio7,ong5kong1bio7
ông-jû-hiân,王如玄,16,ông-jû-hiân,ong5ju5hian5,ong5ju5hian5
ông-lû-hiân,王如玄,16,ông-lû-hiân,ong5lu5hian5,ong5lu5hian5
ông-lâi-soo,王梨酥,16,ông-lâi-so͘,ong5lai5soo1,ong5lai5soo1
ông-íng-khìng,王永慶,16,ông-éng-khèng,ong5ing2khing3,ong5eng2kheng3
ông-thiam-ting,王添灯,16,ông-thiam-teng,ong5thiam1ting1,ong5thiam1teng1
ông-gio̍k-hûn,王玉雲,16,ông-gio̍k-hûn,ong5giok8hun5,ong5giok8hun5
ông-kiàn-hiàn,王見現,16,ông-kiàn-hiàn,ong5kian3hian3,ong5kian3hian3
lin-long-á,玲瑯仔,16,lin-long-á,lin1long1a2,lin1long1a2
lin-long-bé,玲瑯馬,16,lin-long-bé,lin1long1be2,lin1long1be2
po-lê-sim,玻璃心,16,po-lê-sim,po1le5sim1,po1le5sim1
po-lê-tshuì,玻璃碎,16,po-lê-chhùi,po1le5tshui3,po1le5chhui3
po-lê-tsuá,玻璃紙,16,po-lê-chóa,po1le5tsua2,po1le5choa2
po-lê-thé,玻璃體,16,po-lê-thé,po1le5the2,po1le5the2
tsu-á-tâi,珠仔台,16,chu-á-tâi,tsu1a2tai5,chu1a2tai5
tsu-á-ku,珠仔龜,16,chu-á-ku,tsu1a2ku1,chu1a2ku1
hiān-lâu-á,現流仔,16,hiān-lâu-á,hian7lau5a2,hian7lau5a2
kiû-kùn-á,球棍仔,16,kiû-kùn-á,kiu5kun3a2,kiu5kun3a2
sik-hui-a,瑟輝亞,16,sek-hui-a,sik4hui1a1,sek4hui1a1
suān-tsio̍h-tshuì,璇石喙,16,soān-chio̍h-chhùi,suan7tsioh8tshui3,soan7chioh8chhui3
phok-si̍k-koh,璞石閣,16,phok-se̍k-koh,phok4sik8koh4,phok4sek8koh4
khuân-tsōng-suànn,環狀線,16,khoân-chōng-sòaⁿ,khuan5tsong7suann3,khoan5chong7soann3
kue-á-bah,瓜仔肉,16,koe-á-bah,kue1a2bah4,koe1a2bah4
kue-á-tshiu,瓜仔鬚,16,koe-á-chhiu,kue1a2tshiu1,koe1a2chhiu1
gá-suh-tuânn,瓦斯彈,16,gá-suh-tôaⁿ,ga2suh4tuann5,ga2suh4toann5
gá-suh-tân,瓦斯彈,16,gá-suh-tân,ga2suh4tan5,ga2suh4tan5
gá-suh-kiû,瓦斯球,16,gá-suh-kiû,ga2suh4kiu5,ga2suh4kiu5
hiā-phuè-á,瓦杮仔,16,hiā-phòe-á,hia7phue3a2,hia7phoe3a2
huî-á-tiàm,瓷仔店,16,hûi-á-tiàm,hui5a2tiam3,hui5a2tiam3
kam-á-hat,甘仔轄,16,kam-á-hat,kam1a2hat4,kam1a2hat4
kam-khóo-tâm,甘苦談,16,kam-khó͘-tâm,kam1khoo2tam5,kam1khoo2tam5
khè-kam-tsià,甘蔗汁,16,khè-kam-chià,khe3kam1tsia3,khe3kam1chia3
kam-tsià-lâm,甘蔗男,16,kam-chià-lâm,kam1tsia3lam5,kam1chia3lam5
tinn-khoo-á,甜箍仔,16,tiⁿ-kho͘-á,tinn1khoo1a2,tinn1khoo1a2
tinn-khoo-pháng,甜箍麭,16,tiⁿ-kho͘-pháng,tinn1khoo1phang2,tinn1khoo1phang2
tinn-but-but,甜粅粅,16,tiⁿ-but-but,tinn1but4but4,tinn1but4but4
senn-enn-á,生嬰仔,16,seⁿ-eⁿ-á,senn1enn1a2,senn1enn1a2
sing-tôo-huē,生徒會,16,seng-tô͘-hōe,sing1too5hue7,seng1too5hoe7
sing-thài-tî,生態池,16,seng-thài-tî,sing1thai3ti5,seng1thai3ti5
senn-suāinn-á,生檨仔,16,seⁿ-soāiⁿ-á,senn1suainn7a2,senn1soainn7a2
senn-ba̍k-ham,生目蚶,16,seⁿ-ba̍k-ham,senn1bak8ham1,senn1bak8ham1
senn-ba̍k-tsiam,生目針,16,seⁿ-ba̍k-chiam,senn1bak8tsiam1,senn1bak8chiam1
tshenn-tsin-sí,生真死,16,chheⁿ-chin-sí,tshenn1tsin1si2,chhenn1chin1si2
tshinn-tsin-sí,生真死,16,chhiⁿ-chin-sí,tshinn1tsin1si2,chhinn1chin1si2
tshenn-tshài-tshan,生菜餐,16,chheⁿ-chhài-chhan,tshenn1tshai3tshan1,chhenn1chhai3chhan1
tshenn-ô-koo,生蚵菇,16,chheⁿ-ô-ko͘,tshenn1o5koo1,chhenn1o5koo1
tshinn-ô-koo,生蚵菇,16,chhiⁿ-ô-ko͘,tshinn1o5koo1,chhinn1o5koo1
sing-huat-iû,生髮油,16,seng-hoat-iû,sing1huat4iu5,seng1hoat4iu5
sán-tsîng-ká,產前假,16,sán-chêng-ká,san2tsing5ka2,san2cheng5ka2
īng-tshuì-ān,用喙限,16,ēng-chhùi-ān,ing7tshui3an7,eng7chhui3an7
tshân-tiong-ng,田中央,16,chhân-tiong-ng,tshan5tiong1ng1,chhan5tiong1ng1
tshân-kiâu-á,田僑仔,16,chhân-kiâu-á,tshan5kiau5a2,chhan5kiau5a2
tshân-enn-ki,田嬰機,16,chhân-eⁿ-ki,tshan5enn1ki1,chhan5enn1ki1
tshân-enn-ia̍h,田嬰蝶,16,chhân-eⁿ-ia̍h,tshan5enn1iah8,chhan5enn1iah8
tshân-liâu-káng,田寮港,16,chhân-liâu-káng,tshan5liau5kang2,chhan5liau5kang2
tshân-tsng-lâng,田庄人,16,chhân-chng-lâng,tshan5tsng1lang5,chhan5chng1lang5
tshân-tsng-sông,田庄倯,16,chhân-chng-sông,tshan5tsng1song5,chhan5chng1song5
tshân-sim-á,田心仔,16,chhân-sim-á,tshan5sim1a2,chhan5sim1a2
tshân-phòng-hue,田椪花,16,chhân-phòng-hoe,tshan5phong3hue1,chhan5phong3hoe1
tshân-iûnn-á,田洋仔,16,chhân-iûⁿ-á,tshan5iunn5a2,chhan5iunn5a2
tshân-niau-á,田貓仔,16,chhân-niau-á,tshan5niau1a2,chhan5niau1a2
kah-sian-poo,甲仙埔,16,kah-sian-po͘,kah4sian1poo1,kah4sian1poo1
kah-tsí-hn̂g,甲子園,16,kah-chí-hn̂g,kah4tsi2hng5,kah4chi2hng5
kah-tsōng-suànn,甲狀腺,16,kah-chōng-sòaⁿ,kah4tsong7suann3,kah4chong7soann3
lâm-ián-uân,男演員,16,lâm-ián-oân,lam5ian2uan5,lam5ian2oan5
uì-siáu-jîn,畏小人,16,ùi-siáu-jîn,ui3siau2jin5,ui3siau2jin5
ùi-siáu-jîn,畏小人,16,ùi-siáu-jîn,ui3siau2jin5,ui3siau2jin5
pùn-sái-ku,畚屎龜,16,pùn-sái-ku,pun3sai2ku1,pun3sai2ku1
pùn-ki-á,畚箕仔,16,pùn-ki-á,pun3ki1a2,pun3ki1a2
pùn-ki-káng,畚箕港,16,pùn-ki-káng,pun3ki1kang2,pun3ki1kang2
thik-tshì-sóo,畜試所,16,thek-chhì-só͘,thik4tshi3soo2,thek4chhi3soo2
lio̍h-á-ū,略仔有,16,lio̍h-á-ū,lioh8a2u7,lioh8a2u7
huan-á-uat,番仔挖,16,hoan-á-oat,huan1a2uat4,hoan1a2oat4
huan-á-lâu,番仔樓,16,hoan-á-lâu,huan1a2lau5,hoan1a2lau5
huan-á-tsiann,番仔正,16,hoan-á-chiaⁿ,huan1a2tsiann1,hoan1a2chiann1
huan-á-húe,番仔火,16,hoan-á-hóe,huan1a2hue2,hoan1a2hoe2
huan-á-káu,番仔狗,16,hoan-á-káu,huan1a2kau2,hoan1a2kau2
huan-á-tshân,番仔田,16,hoan-á-chhân,huan1a2tshan5,hoan1a2chhan5
huan-á-tsng,番仔莊,16,hoan-á-chng,huan1a2tsng1,hoan1a2chng1
huan-á-lōo,番仔路,16,hoan-á-lō͘,huan1a2loo7,hoan1a2loo7
han-tsî-uân,番薯丸,16,han-chî-oân,han1tsi5uan5,han1chi5oan5
han-tsî-înn,番薯圓,16,han-chî-îⁿ,han1tsi5inn5,han1chi5inn5
han-tsî-tiâu,番薯條,16,han-chî-tiâu,han1tsi5tiau5,han1chi5tiau5
han-tsû-tiâu,番薯條,16,han-chû-tiâu,han1tsu5tiau5,han1chu5tiau5
han-tsî-phìnn,番薯片,16,han-chî-phìⁿ,han1tsi5phinn3,han1chi5phinn3
han-tsî-kiû,番薯球,16,han-chî-kiû,han1tsi5kiu5,han1chi5kiu5
han-tsî-tsìnn,番薯糋,16,han-chî-chìⁿ,han1tsi5tsinn3,han1chi5chinn3
han-tsû-tsìnn,番薯糋,16,han-chû-chìⁿ,han1tsu5tsinn3,han1chu5chinn3
hân-tsî-tsìnn,番薯糋,16,hân-chî-chìⁿ,han5tsi5tsinn3,han5chi5chinn3
han-tsî-phòng,番薯膨,16,han-chî-phòng,han1tsi5phong3,han1chi5phong3
han-tsî-hio̍h,番薯葉,16,han-chî-hio̍h,han1tsi5hioh8,han1chi5hioh8
han-tsû-hio̍h,番薯葉,16,han-chû-hio̍h,han1tsu5hioh8,han1chu5hioh8
huan-be̍h-khak,番麥殼,16,hoan-be̍h-khak,huan1beh8khak4,hoan1beh8khak4
huan-be̍h-sún,番麥筍,16,hoan-be̍h-sún,huan1beh8sun2,hoan1beh8sun2
huan-be̍h-bí,番麥米,16,hoan-be̍h-bí,huan1beh8bi2,hoan1beh8bi2
huan-be̍h-lia̍p,番麥粒,16,hoan-be̍h-lia̍p,huan1beh8liap8,hoan1beh8liap8
huan-be̍h-hio̍h,番麥葉,16,hoan-be̍h-hio̍h,huan1beh8hioh8,hoan1beh8hioh8
huan-tiánn-á,番鼎仔,16,hoan-tiáⁿ-á,huan1tiann2a2,hoan1tiann2a2
uē-tôo-tsuá,畫圖紙,16,ōe-tô͘-chóa,ue7too5tsua2,oe7too5choa2
ue̍h-tsong-phín,畫妝品,16,oe̍h-chong-phín,ueh8tsong1phin2,oeh8chong1phin2
uē-sòo-pān,畫素範,16,ōe-sò͘-pān,ue7soo3pan7,oe7soo3pan7
uē-hóo-lān,畫虎𡳞,16,ōe-hó͘-lān,ue7hoo2lan7,oe7hoo2lan7
uī-hóo-lān,畫虎𡳞,16,ūi-hó͘-lān,ui7hoo2lan7,ui7hoo2lan7
ī-sìng-luân,異性戀,16,ī-sèng-loân,i7sing3luan5,i7seng3loan5
tang-sî-á,當時仔,16,tang-sî-á,tang1si5a2,tang1si5a2
thia̍p-á-ông,疊仔王,16,thia̍p-á-ông,thiap8a2ong5,thiap8a2ong5
phí-á-kiánn,疕仔囝,16,phí-á-kiáⁿ,phi2a2kiann2,phi2a2kiann2
tshuah-sái-tshenn,疶屎星,16,chhoah-sái-chheⁿ,tshuah4sai2tshenn1,chhoah4sai2chhenn1
tshuah-sái-tshinn,疶屎星,16,chhoah-sái-chhiⁿ,tshuah4sai2tshinn1,chhoah4sai2chhinn1
tshuah-sái-tsuí,疶屎水,16,chhoah-sái-chúi,tshuah4sai2tsui2,chhoah4sai2chui2
tsi̍t-kuán-sú,疾管署,16,chi̍t-koán-sú,tsit8kuan2su2,chit8koan2su2
pēnn-gín-á,病囡仔,16,pēⁿ-gín-á,penn7gin2a2,penn7gin2a2
pēnn-buê-bûn,病媒蚊,16,pēⁿ-bôe-bûn,penn7bue5bun5,penn7boe5bun5
pīnn-buê-bûn,病媒蚊,16,pīⁿ-bôe-bûn,pinn7bue5bun5,pinn7boe5bun5
pēnn-lí-ha̍k,病理學,16,pēⁿ-lí-ha̍k,penn7li2hak8,penn7li2hak8
pēnn-kuán-sú,病管署,16,pēⁿ-koán-sú,penn7kuan2su2,penn7koan2su2
pēnn-thâng-hāi,病蟲害,16,pēⁿ-thâng-hāi,penn7thang5hai7,penn7thang5hai7
pēnn-sik-kám,病識感,16,pēⁿ-sek-kám,penn7sik4kam2,penn7sek4kam2
tsìng-hāu-kûn,症候群,16,chèng-hāu-kûn,tsing3hau7kun5,cheng3hau7kun5
he-ku-sàu,痚呴嗽,16,he-ku-sàu,he1ku1sau3,he1ku1sau3
he-ku-siann,痚呴聲,16,he-ku-siaⁿ,he1ku1siann1,he1ku1siann1
siáu-la̍k-la̍k,痟慄慄,16,siáu-la̍k-la̍k,siau2lak8lak8,siau2lak8lak8
siáu-tsa-bóo,痟查某,16,siáu-cha-bó͘,siau2tsa1boo2,siau2cha1boo2
siáu-lâu-thua,痟流拖,16,siáu-lâu-thoa,siau2lau5thua1,siau2lau5thoa1
siáu-káu-lâu,痟狗流,16,siáu-káu-lâu,siau2kau2lau5,siau2kau2lau5
siáu-káu-lōng,痟狗浪,16,siáu-káu-lōng,siau2kau2long7,siau2kau2long7
siáu-káu-íng,痟狗湧,16,siáu-káu-éng,siau2kau2ing2,siau2kau2eng2
siáu-io̍h-á,痟藥仔,16,siáu-io̍h-á,siau2ioh8a2,siau2ioh8a2
siáu-tshut-á,痟齣仔,16,siáu-chhut-á,siau2tshut4a2,siau2chhut4a2
sán-pi-pa,瘦卑巴,16,sán-pi-pa,san2pi1pa1,san2pi1pa1
sán-káu-kang,瘦狗公,16,sán-káu-kang,san2kau2kang1,san2kau2kang1
sán-bóng-sán,瘦網瘦,16,sán-bóng-sán,san2bong2san2,san2bong2san2
thái-ko-pēnn,癩⿸疒哥病,16,thái-ko-pēⁿ,thai2ko1penn7,thai2ko1penn7
thái-ko-tsìng,癩⿸疒哥症,16,thái-ko-chèng,thai2ko1tsing3,thai2ko1cheng3
giàn-bāng-lōo,癮網路,16,giàn-bāng-lō͘,gian3bang7loo7,gian3bang7loo7
ting-san-kheh,登山客,16,teng-san-kheh,ting1san1kheh4,teng1san1kheh4
ting-san-ê,登山鞋,16,teng-san-ê,ting1san1e5,teng1san1e5
ting-suann-ê,登山鞋,16,teng-soaⁿ-ê,ting1suann1e5,teng1soann1e5
huat-bîng-ka,發明家,16,hoat-bêng-ka,huat4bing5ka1,hoat4beng5ka1
hua̍t-môo-tsuí,發毛水,16,hoa̍t-mô͘-chúi,huat8moo5tsui2,hoat8moo5chui2
puh-phok-á,發波仔,16,puh-phok-á,puh4phok4a2,puh4phok4a2
huat-ínn-tián,發穎典,16,hoat-íⁿ-tián,huat4inn2tian2,hoat4inn2tian2
huat-bē-kiânn,發袂行,16,hoat-bē-kiâⁿ,huat4be7kiann5,hoat4be7kiann5
huat-tsâi-tshiū,發財樹,16,hoat-châi-chhiū,huat4tsai5tshiu7,hoat4chai5chhiu7
pe̍h-liáu-kang,白了工,16,pe̍h-liáu-kang,peh8liau2kang1,peh8liau2kang1
pe̍h-ba̍k-hún,白墨粉,16,pe̍h-ba̍k-hún,peh8bak8hun2,peh8bak8hun2
pe̍h-gōng-á,白戇仔,16,pe̍h-gōng-á,peh8gong7a2,peh8gong7a2
pe̍h-phau-phau,白拋拋,16,pe̍h-phau-phau,peh8phau1phau1,peh8phau1phau1
pe̍h-lok-á,白橐仔,16,pe̍h-lok-á,peh8lok4a2,peh8lok4a2
pe̍h-hái-sai,白海獅,16,pe̍h-hái-sai,peh8hai2sai1,peh8hai2sai1
pe̍h-hái-ti,白海豬,16,pe̍h-hái-ti,peh8hai2ti1,peh8hai2ti1
pe̍h-tsú-nn̄g,白煮卵,16,pe̍h-chú-nn̄g,peh8tsu2nng7,peh8chu2nng7
pe̍h-ba̍k-kiû,白目球,16,pe̍h-ba̍k-kiû,peh8bak8kiu5,peh8bak8kiu5
pe̍h-tsio̍h-kha,白石跤,16,pe̍h-chio̍h-kha,peh8tsioh8kha1,peh8chioh8kha1
pe̍h-kôo-á,白糊仔,16,pe̍h-kô͘-á,peh8koo5a2,peh8koo5a2
pe̍h-lô-su,白羅斯,16,pe̍h-lô-su,peh8lo5su1,peh8lo5su1
pe̍h-lîng-si,白翎鷥,16,pe̍h-lêng-si,peh8ling5si1,peh8leng5si1
pe̍h-līng-si,白翎鷥,16,pe̍h-lēng-si,peh8ling7si1,peh8leng7si1
pe̍h-hīnn-liông,白耳龍,16,pe̍h-hīⁿ-liông,peh8hinn7liong5,peh8hinn7liong5
pe̍h-pak-á,白腹仔,16,pe̍h-pak-á,peh8pak4a2,peh8pak4a2
pe̍h-hueh-kiû,白血球,16,pe̍h-hoeh-kiû,peh8hueh4kiu5,peh8hoeh4kiu5
pe̍h-uē-jī,白話字,16,pe̍h-ōe-jī,peh8ue7ji7,peh8oe7ji7
pe̍h-uē-bûn,白話文,16,pe̍h-ōe-bûn,peh8ue7bun5,peh8oe7bun5
pe̍h-tsha̍t-uē,白賊話,16,pe̍h-chha̍t-ōe,peh8tshat8ue7,peh8chhat8oe7
pe̍h-tsiam-ióng,白針蛹,16,pe̍h-chiam-ióng,peh8tsiam1iong2,peh8chiam1iong2
pe̍h-tsiam-phang,白針蜂,16,pe̍h-chiam-phang,peh8tsiam1phang1,peh8chiam1phang1
pe̍h-tsiam-thâng,白針蟲,16,pe̍h-chiam-thâng,peh8tsiam1thang5,peh8chiam1thang5
pe̍h-gûn-hî,白銀魚,16,pe̍h-gûn-hî,peh8gun5hi5,peh8gun5hi5
pe̍h-tsām-ke,白鏨雞,16,pe̍h-chām-ke,peh8tsam7ke1,peh8cham7ke1
pe̍h-tsām-kue,白鏨雞,16,pe̍h-chām-koe,peh8tsam7kue1,peh8cham7koe1
pe̍h-thih-á,白鐵仔,16,pe̍h-thih-á,peh8thih4a2,peh8thih4a2
pe̍h-siak-siak,白鑠鑠,16,pe̍h-siak-siak,peh8siak4siak4,peh8siak4siak4
pe̍h-suat-suat,白雪雪,16,pe̍h-soat-soat,peh8suat4suat4,peh8soat4soat4
pe̍h-kut-kiap,白骨俠,16,pe̍h-kut-kiap,peh8kut4kiap4,peh8kut4kiap4
pe̍h-kut-hiann,白骨兄,16,pe̍h-kut-hiaⁿ,peh8kut4hiann1,peh8kut4hiann1
pe̍h-kut-liông,白骨龍,16,pe̍h-kut-liông,peh8kut4liong5,peh8kut4liong5
pe̍h-phīnn-liông,白鼻龍,16,pe̍h-phīⁿ-liông,peh8phinn7liong5,peh8phinn7liong5
pe̍h-ku-sîn,白龜神,16,pe̍h-ku-sîn,peh8ku1sin5,peh8ku1sin5
pah-hun-sòo,百分數,16,pah-hun-sò͘,pah4hun1soo3,pah4hun1soo3
pah-pah-khang,百百空,16,pah-pah-khang,pah4pah4khang1,pah4pah4khang1
pah-hio̍h-tāng,百葉動,16,pah-hio̍h-tāng,pah4hioh8tang7,pah4hioh8tang7
pah-huè-tiàm,百貨店,16,pah-hòe-tiàm,pah4hue3tiam3,pah4hoe3tiam3
pah-bīn-kuài,百面怪,16,pah-bīn-koài,pah4bin7kuai3,pah4bin7koai3
pah-hiang-kó,百香果,16,pah-hiang-kó,pah4hiang1ko2,pah4hiang1ko2
pah-hiong-kó,百香果,16,pah-hiong-kó,pah4hiong1ko2,pah4hiong1ko2
hông-tè-tshài,皇帝菜,16,hông-tè-chhài,hong5te3tshai3,hong5te3chhai3
hông-tè-soo,皇帝酥,16,hông-tè-so͘,hong5te3soo1,hong5te3soo1
phî-khah-khu,皮卡丘,16,phî-khah-khu,phi5khah4khu1,phi5khah4khu1
phî-khah-tshio,皮卡𪁎,16,phî-khah-chhio,phi5khah4tshio1,phi5khah4chhio1
phî-khá-tsiù,皮巧啾,16,phî-khá-chiù,phi5kha2tsiu3,phi5kha2chiu3
phî-phî-tshuah,皮皮掣,16,phî-phî-chhoah,phi5phi5tshuah4,phi5phi5chhoah4
phuê-hu-kho,皮膚科,16,phôe-hu-kho,phue5hu1kho1,phoe5hu1kho1
phê-hu-kho,皮膚科,16,phê-hu-kho,phe5hu1kho1,phe5hu1kho1
phî-lián-bīn,皮臉面,16,phî-lián-bīn,phi5lian2bin7,phi5lian2bin7
phuê-kha-tsiūnn,皮跤癢,16,phôe-kha-chiūⁿ,phue5kha1tsiunn7,phoe5kha1chiunn7
phê-kha-tsiūnn,皮跤癢,16,phê-kha-chiūⁿ,phe5kha1tsiunn7,phe5kha1chiunn7
ik-sing-khún,益生菌,16,ek-seng-khún,ik4sing1khun2,ek4seng1khun2
a̍p-á-piánn,盒仔餅,16,a̍p-á-piáⁿ,ap8a2piann2,ap8a2piann2
kàm-lí-tsām,監理站,16,kàm-lí-chām,kam3li2tsam7,kam3li2cham7
kàm-sī-khì,監視器,16,kàm-sī-khì,kam3si7khi3,kam3si7khi3
puânn-tshuì-gím,盤喙錦,16,pôaⁿ-chhùi-gím,puann5tshui3gim2,poann5chhui3gim2
puânn-tsa-bóo,盤查某,16,pôaⁿ-cha-bó͘,puann5tsa1boo2,poann5cha1boo2
puânn-hiān-lu̍t,盤現率,16,pôaⁿ-hiān-lu̍t,puann5hian7lut8,poann5hian7lut8
puânn-tshia-thâu,盤車頭,16,pôaⁿ-chhia-thâu,puann5tshia1thau5,poann5chhia1thau5
lôo-sim-pó,盧森堡,16,lô͘-sim-pó,loo5sim1po2,loo5sim1po2
ba̍k-ka-liu,目加溜,16,ba̍k-ka-liu,bak8ka1liu1,bak8ka1liu1
ba̍k-sái-tsiam,目屎針,16,ba̍k-sái-chiam,bak8sai2tsiam1,bak8sai2chiam1
ba̍k-tsiu-kînn,目睭墘,16,ba̍k-chiu-kîⁿ,bak8tsiu1kinn5,bak8chiu1kinn5
ba̍k-tsiu-sái,目睭屎,16,ba̍k-chiu-sái,bak8tsiu1sai2,bak8chiu1sai2
ba̍k-tsiu-lô,目睭濁,16,ba̍k-chiu-lô,bak8tsiu1lo5,bak8chiu1lo5
ba̍k-tsiu-mo̍oh,目睭膜,16,ba̍k-chiu-mo̍͘h,bak8tsiu1mooh8,bak8chiu1mooh8
ba̍k-tsiu-hue,目睭花,16,ba̍k-chiu-hoe,bak8tsiu1hue1,bak8chiu1hoe1
ba̍k-tsiu-bū,目睭霧,16,ba̍k-chiu-bū,bak8tsiu1bu7,bak8chiu1bu7
ba̍k-khang-tshiah,目空赤,16,ba̍k-khang-chhiah,bak8khang1tshiah4,bak8khang1chhiah4
ba̍k-thâu-khiáu,目頭巧,16,ba̍k-thâu-khiáu,bak8thau5khiau2,bak8thau5khiau2
ba̍k-thâu-kat,目頭結,16,ba̍k-thâu-kat,bak8thau5kat4,bak8thau5kat4
ti̍t-tshiat-bīn,直切面,16,ti̍t-chhiat-bīn,tit8tshiat4bin7,tit8chhiat4bin7
ti̍t-pâi-lián,直排輪,16,ti̍t-pâi-lián,tit8pai5lian2,tit8pai5lian2
ti̍t-tsiap-tshī,直接飼,16,ti̍t-chiap-chhī,tit8tsiap4tshi7,tit8chiap4chhi7
ti̍t-ti̍t-lòng,直直挵,16,ti̍t-ti̍t-lòng,tit8tit8long3,tit8tit8long3
ti̍t-ti̍t-kiânn,直直行,16,ti̍t-ti̍t-kiâⁿ,tit8tit8kiann5,tit8tit8kiann5
ti̍t-tsuā-lián,直逝輦,16,ti̍t-chōa-lián,tit8tsua7lian2,tit8choa7lian2
sann-kainn-ê,相kainn的,16,saⁿ-kaiⁿ-ê,sann1kainn1e5,sann1kainn1e5
sio-hūn-kóo,相份股,16,sio-hūn-kó͘,sio1hun7koo2,sio1hun7koo2
sann-tsioh-mn̄g,相借問,16,saⁿ-chioh-mn̄g,sann1tsioh4mng7,sann1chioh4mng7
sio-pò-tshuì,相報喙,16,sio-pò-chhùi,sio1po3tshui3,sio1po3chhui3
sann-tuì-huán,相對反,16,saⁿ-tùi-hoán,sann1tui3huan2,sann1tui3hoan2
sio-tuì-huán,相對反,16,sio-tùi-hoán,sio1tui3huan2,sio1tui3hoan2
sio-ì-ài,相意愛,16,sio-ì-ài,sio1i3ai3,sio1i3ai3
sann-tú-thâu,相拄頭,16,saⁿ-tú-thâu,sann1tu2thau5,sann1tu2thau5
sio-tú-thâu,相拄頭,16,sio-tú-thâu,sio1tu2thau5,sio1tu2thau5
sann-tshē-tsē,相揣坐,16,saⁿ-chhē-chē,sann1tshe7tse7,sann1chhe7che7
sio-tshuē-tsē,相揣坐,16,sio-chhōe-chē,sio1tshue7tse7,sio1chhoe7che7
sio-kap-thîng,相敆停,16,sio-kap-thêng,sio1kap4thing5,sio1kap4theng5
sio-phua̍h-king,相旆肩,16,sio-phoa̍h-keng,sio1phuah8king1,sio1phoah8keng1
sann-thinn-bé,相添買,16,saⁿ-thiⁿ-bé,sann1thinn1be2,sann1thinn1be2
sio-tsenn-niá,相爭領,16,sio-cheⁿ-niá,sio1tsenn1nia2,sio1chenn1nia2
sann-tānn-gōo,相耽誤,16,saⁿ-tāⁿ-gō͘,sann1tann7goo7,sann1tann7goo7
sio-tānn-gōo,相耽誤,16,sio-tāⁿ-gō͘,sio1tann7goo7,sio1tann7goo7
sio-po-kua,相褒歌,16,sio-po-koa,sio1po1kua1,sio1po1koa1
sio-tak-tshuì,相觸喙,16,sio-tak-chhùi,sio1tak4tshui3,sio1tak4chhui3
sio-tsènn-tshuì,相諍喙,16,sio-chèⁿ-chhùi,sio1tsenn3tshui3,sio1chenn3chhui3
sio-siám-sin,相閃身,16,sio-siám-sin,sio1siam2sin1,sio1siam2sin1
sio-siám-kuè,相閃過,16,sio-siám-kòe,sio1siam2kue3,sio1siam2koe3
sio-puê-tuè,相陪綴,16,sio-pôe-tòe,sio1pue5tue3,sio1poe5toe3
sio-tsia̍h-thènn,相食牚,16,sio-chia̍h-thèⁿ,sio1tsiah8thenn3,sio1chiah8thenn3
sio-poh-tshuì,相駁喙,16,sio-poh-chhùi,sio1poh4tshui3,sio1poh4chhui3
sio-tshuā-tsáu,相𤆬走,16,sio-chhōa-cháu,sio1tshua7tsau2,sio1chhoa7chau2
tuh-ka-tsē,盹瞌睡,16,tuh-ka-chē,tuh4ka1tse7,tuh4ka1che7
tuh-ka-tsēr,盹瞌睡,16,tuh-ka-chēr,tuh4ka1tser7,tuh4ka1cher7
khuànn-siánn-siâu,看啥潲,16,khòaⁿ-siáⁿ-siâu,khuann3siann2siau5,khoann3siann2siau5
khuànn-hì-gōng,看戲戇,16,khòaⁿ-hì-gōng,khuann3hi3gong7,khoann3hi3gong7
khuànn-bô-tiám,看無點,16,khòaⁿ-bô-tiám,khuann3bo5tiam2,khoann3bo5tiam2
khuànn-hiān-tiûnn,看現場,16,khòaⁿ-hiān-tiûⁿ,khuann3hian7tiunn5,khoann3hian7tiunn5
khuànn-hiān-hiān,看現現,16,khòaⁿ-hiān-hiān,khuann3hian7hian7,khoann3hian7hian7
khuànn-tio̍h-kuí,看著鬼,16,khòaⁿ-tio̍h-kúi,khuann3tioh8kui2,khoann3tioh8kui2
khuànn-bē-tsuè,看袂做,16,khòaⁿ-bē-chòe,khuann3be7tsue3,khoann3be7choe3
khuànn-tiān-iánn,看電影,16,khòaⁿ-tiān-iáⁿ,khuann3tian7iann2,khoann3tian7iann2
khuànn-tiān-sī,看電視,16,khòaⁿ-tiān-sī,khuann3tian7si7,khoann3tian7si7
khuànn-hong-sè,看風勢,16,khòaⁿ-hong-sè,khuann3hong1se3,khoann3hong1se3
khuànn-hong-suí,看風水,16,khòaⁿ-hong-súi,khuann3hong1sui2,khoann3hong1sui2
tsin-kiú-kiàn,真久見,16,chin-kiú-kiàn,tsin1kiu2kian3,chin1kiu2kian3
tsin-giám-siâu,真儼潲,16,chin-giám-siâu,tsin1giam2siau5,chin1giam2siau5
tsin-lī-hāi,真厲害,16,chin-lī-hāi,tsin1li7hai7,chin1li7hai7
tsin-khó-liân,真可憐,16,chin-khó-liân,tsin1kho2lian5,chin1kho2lian5
tsin-hó-tshuē,真好揣,16,chin-hó-chhōe,tsin1ho2tshue7,chin1ho2chhoe7
tsin-hó-iōng,真好用,16,chin-hó-iōng,tsin1ho2iong7,chin1ho2iong7
tsin-hó-khùn,真好睏,16,chin-hó-khùn,tsin1ho2khun3,chin1ho2khun3
tsin-hó-tsia̍h,真好食,16,chin-hó-chia̍h,tsin1ho2tsiah8,chin1ho2chiah8
tsin-si̍t-tsāi,真實在,16,chin-si̍t-chāi,tsin1sit8tsai7,chin1sit8chai7
tsin-huann-hí,真歡喜,16,chin-hoaⁿ-hí,tsin1huann1hi2,chin1hoann1hi2
tsin-tsiànn-sī,真正是,16,chin-chiàⁿ-sī,tsin1tsiann3si7,chin1chiann3si7
tsin-tsiànn-tsiok,真正足,16,chin-chiàⁿ-chiok,tsin1tsiann3tsiok4,chin1chiann3chiok4
tsin-pháinn-sè,真歹勢,16,chin-pháiⁿ-sè,tsin1phainn2se3,chin1phainn2se3
tsin-tsē-lâng,真濟人,16,chin-chē-lâng,tsin1tse7lang5,chin1che7lang5
tsin-bô-liâu,真無聊,16,chin-bô-liâu,tsin1bo5liau5,chin1bo5liau5
tsin-tsu-sún,真珠筍,16,chin-chu-sún,tsin1tsu1sun2,chin1chu1sun2
tsin-tsu-ku,真珠龜,16,chin-chu-ku,tsin1tsu1ku1,chin1chu1ku1
tsin-hán-tit,真罕得,16,chin-hán-tit,tsin1han2tit4,chin1han2tit4
tsin-hán-kìnn,真罕見,16,chin-hán-kìⁿ,tsin1han2kinn3,chin1han2kinn3
tsin-bí-lē,真美麗,16,chin-bí-lē,tsin1bi2le7,chin1bi2le7
tsin-tsū-tsāi,真自在,16,chin-chū-chāi,tsin1tsu7tsai7,chin1chu7chai7
tsin-bē-bái,真袂䆀,16,chin-bē-bái,tsin1be7bai2,chin1be7bai2
tsin-tshù-bī,真趣味,16,chin-chhù-bī,tsin1tshu3bi7,chin1chhu3bi7
tsin-nau-jiat,真鬧熱,16,chin-nau-jiat,tsin1nau1jiat4,chin1nau1jiat4
bîn-tshn̂g-té,眠床底,16,bîn-chhn̂g-té,bin5tshng5te2,bin5chhng5te2
bîn-tshn̂g-pang,眠床枋,16,bîn-chhn̂g-pang,bin5tshng5pang1,bin5chhng5pang1
hîn-tshia-tan,眩車丹,16,hîn-chhia-tan,hin5tshia1tan1,hin5chhia1tan1
tshuh-ba̍k-á,眵目仔,16,chhuh-ba̍k-á,tshuh4bak8a2,chhuh4bak8a2
gán-bîng-i,眼明衣,16,gán-bêng-i,gan2bing5i1,gan2beng5i1
gán-pe̍h-i,眼白衣,16,gán-pe̍h-i,gan2peh8i1,gan2peh8i1
gán-náu-suànn,眼腦線,16,gán-náu-sòaⁿ,gan2nau2suann3,gan2nau2soann3
tsìng-lâng-song,眾人喪,16,chèng-lâng-song,tsing3lang5song1,cheng3lang5song1
khùn-tuā-sian,睏大仙,16,khùn-tōa-sian,khun3tua7sian1,khun3toa7sian1
khùn-tuā-ti,睏大豬,16,khùn-tōa-ti,khun3tua7ti1,khun3toa7ti1
khùn-hôo-kuài,睏狐怪,16,khùn-hô͘-koài,khun3hoo5kuai3,khun3hoo5koai3
khùn-bí-jîn,睏美人,16,khùn-bí-jîn,khun3bi2jin5,khun3bi2jin5
khùn-buē-khì,睏袂去,16,khùn-bōe-khì,khun3bue7khi3,khun3boe7khi3
khùn-bē-khì,睏袂去,16,khùn-bē-khì,khun3be7khi3,khun3be7khi3
tsai-iánn-lah,知影啦,16,chai-iáⁿ-lah,tsai1iann2lah4,chai1iann2lah4
tsai-tú-tsai,知拄知,16,chai-tú-chai,tsai1tu2tsai1,chai1tu2chai1
ti-su-nî,知斯彌,16,ti-su-nî,ti1su1ni5,ti1su1ni5
ué-hi̍k-tshinn,矮惑星,16,óe-he̍k-chhiⁿ,ue2hik8tshinn1,oe2hek8chhinn1
é-hi̍k-tshenn,矮惑星,16,é-he̍k-chheⁿ,e2hik8tshenn1,e2hek8chhenn1
tsio̍h-siânn-á,石城仔,16,chio̍h-siâⁿ-á,tsioh8siann5a2,chioh8siann5a2
tsio̍h-piah-suann,石壁山,16,chio̍h-piah-soaⁿ,tsioh8piah4suann1,chioh8piah4soann1
tsio̍h-sap-á,石屑仔,16,chio̍h-sap-á,tsioh8sap4a2,chioh8sap4a2
tsio̍h-kám-tong,石敢當,16,chio̍h-kám-tong,tsioh8kam2tong1,chioh8kam2tong1
tsio̍h-līng-kū,石楝舅,16,chio̍h-lēng-kū,tsioh8ling7ku7,chioh8leng7ku7
tsio̍h-bó-ling,石母奶,16,chio̍h-bó-leng,tsioh8bo2ling1,chioh8bo2leng1
tsio̍h-un-luán,石溫暖,16,chio̍h-un-loán,tsioh8un1luan2,chioh8un1loan2
tsio̍h-kńg-á,石硿仔,16,chio̍h-kńg-á,tsioh8kng2a2,chioh8kng2a2
tsio̍h-kńg-khu,石硿區,16,chio̍h-kńg-khu,tsioh8kng2khu1,chioh8kng2khu1
tsio̍h-buâ-á,石磨仔,16,chio̍h-bôa-á,tsioh8bua5a2,chioh8boa5a2
tsio̍h-bō-á,石磨仔,16,chio̍h-bō-á,tsioh8bo7a2,chioh8bo7a2
tsioh-bak-hi,石磨烯,16,chioh-bak-hi,tsioh4bak4hi1,chioh4bak4hi1
tsio̍h-ki-á,石磯仔,16,chio̍h-ki-á,tsioh8ki1a2,chioh8ki1a2
tsio̍h-ta-á,石礁仔,16,chio̍h-ta-á,tsioh8ta1a2,chioh8ta1a2
tsio̍h-khat-á,石級仔,16,chio̍h-khat-á,tsioh8khat4a2,chioh8khat4a2
tsio̍h-khiat-á,石級仔,16,chio̍h-khiat-á,tsioh8khiat4a2,chioh8khiat4a2
tsio̍h-lo̍h-tshu,石落趨,16,chio̍h-lo̍h-chhu,tsioh8loh8tshu1,chioh8loh8chhu1
tsio̍h-kuan-im,石觀音,16,chio̍h-koan-im,tsioh8kuan1im1,chioh8koan1im1
tsio̍h-thiap-á,石貼仔,16,chio̍h-thiap-á,tsioh8thiap4a2,chioh8thiap4a2
tsio̍h-mn̂g-tōng,石門洞,16,chio̍h-mn̂g-tōng,tsioh8mng5tong7,chioh8mng5tong7
tsio̍h-thâu-kong,石頭公,16,chio̍h-thâu-kong,tsioh8thau5kong1,chioh8thau5kong1
tsio̍h-thâu-siânn,石頭城,16,chio̍h-thâu-siâⁿ,tsioh8thau5siann5,chioh8thau5siann5
tsio̍h-thâu-suann,石頭山,16,chio̍h-thâu-soaⁿ,tsioh8thau5suann1,chioh8thau5soann1
tsio̍h-lîng-tsiáu,石龍鳥,16,chio̍h-lêng-chiáu,tsioh8ling5tsiau2,chioh8leng5chiau2
kan-á-kiû,矸仔球,16,kan-á-kiû,kan1a2kiu5,kan1a2kiu5
kan-á-kún,矸仔頸,16,kan-á-kún,kan1a2kun2,kan1a2kun2
kan-á-tshī,矸仔飼,16,kan-á-chhī,kan1a2tshi7,kan1a2chhi7
kan-that-á,矸窒仔,16,kan-that-á,kan1that4a2,kan1that4a2
khi̍h-kho̍k-pang,砄硞枋,16,khi̍h-kho̍k-pang,khih8khok8pang1,khih8khok8pang1
phi-sng-sim,砒霜心,16,phi-sng-sim,phi1sng1sim1,phi1sng1sim1
gián-kiù-sóo,研究所,16,gián-kiù-só͘,gian2kiu3soo2,gian2kiu3soo2
gîm-tsînn-tiânn,砛簷埕,16,gîm-chîⁿ-tiâⁿ,gim5tsinn5tiann5,gim5chinn5tiann5
phò-tsí-á,破子仔,16,phò-chí-á,pho3tsi2a2,pho3chi2a2
phuà-tánn-tsuâ,破膽蛇,16,phòa-táⁿ-chôa,phua3tann2tsua5,phoa3tann2choa5
khòk-khòk-puī,硞硞吠,16,khòk-khòk-pūi,khok3khok3pui7,khok3khok3pui7
teh-hōo-tshuì,硩予碎,16,teh-hō͘-chhùi,teh4hoo7tshui3,teh4hoo7chhui3
teh-bōng-tsuá,硩墓紙,16,teh-bōng-chóa,teh4bong7tsua2,teh4bong7choa2
teh-nî-tsînn,硩年錢,16,teh-nî-chîⁿ,teh4ni5tsinn5,teh4ni5chinn5
teh-kam-thōng,硩柑緟,16,teh-kam-thōng,teh4kam1thong7,teh4kam1thong7
teh-tóo-tāng,硩肚重,16,teh-tó͘-tāng,teh4too2tang7,teh4too2tang7
ngē-sí-puī,硬死吠,16,ngē-sí-pūi,nge7si2pui7,nge7si2pui7
ngē-náu-mo̍oh,硬腦膜,16,ngē-náu-mo̍͘h,nge7nau2mooh8,nge7nau2mooh8
ngī-náu-mo̍oh,硬腦膜,16,ngī-náu-mo̍͘h,ngi7nau2mooh8,ngi7nau2mooh8
tshuì-iûnn-iûnn,碎溶溶,16,chhùi-iûⁿ-iûⁿ,tshui3iunn5iunn5,chhui3iunn5iunn5
tshuì-kôo-kôo,碎糊糊,16,chhùi-kô͘-kô͘,tshui3koo5koo5,chhui3koo5koo5
tshuì-iâm-iâm,碎鹽鹽,16,chhùi-iâm-iâm,tshui3iam5iam5,chhui3iam5iam5
uánn-ko-kué,碗糕粿,16,óaⁿ-ko-kóe,uann2ko1kue2,oann2ko1koe2
uánn-ko-ké,碗糕粿,16,óaⁿ-ko-ké,uann2ko1ke2,oann2ko1ke2
uánn-ko-kér,碗糕粿,16,óaⁿ-ko-kér,uann2ko1ker2,oann2ko1ker2
pōng-huan-be̍h,磅番麥,16,pōng-hoan-be̍h,pong7huan1beh8,pong7hoan1beh8
pōng-hīnn-tshìng,磅耳銃,16,pōng-hīⁿ-chhèng,pong7hinn7tshing3,pong7hinn7chheng3
pōng-hia̍h-tshìng,磅額銃,16,pōng-hia̍h-chhèng,pong7hiah8tshing3,pong7hiah8chheng3
pōng-thé-tāng,磅體重,16,pōng-thé-tāng,pong7the2tang7,pong7the2tang7
khòng-bu̍t-ha̍k,礦物學,16,khòng-bu̍t-ha̍k,khong3but8hak8,khong3but8hak8
kî-ka-ui,祁家威,16,kî-ka-ui,ki5ka1ui1,ki5ka1ui1
sîn-king-thiànn,神經疼,16,sîn-keng-thiàⁿ,sin5king1thiann3,sin5keng1thiann3
sîn-king-kho,神經科,16,sîn-keng-kho,sin5king1kho1,sin5keng1kho1
sîn-king-tsit,神經質,16,sîn-keng-chit,sin5king1tsit4,sin5keng1chit4
sîn-tuī-iú,神隊友,16,sîn-tūi-iú,sin5tui7iu2,sin5tui7iu2
tsè-phín-bûn,祭品文,16,chè-phín-bûn,tse3phin2bun5,che3phin2bun5
hok-tsíng-kuān,福井縣,16,hok-chéng-koān,hok4tsing2kuan7,hok4cheng2koan7
hok-tó-kuān,福島縣,16,hok-tó-koān,hok4to2kuan7,hok4to2koan7
lé-pài-ji̍t,禮拜日,16,lé-pài-ji̍t,le2pai3jit8,le2pai3jit8
khîm-liû-kám,禽流感,16,khîm-liû-kám,khim5liu5kam2,khim5liu5kam2
khîm-hing-bah,禽胸肉,16,khîm-heng-bah,khim5hing1bah4,khim5heng1bah4
siù-lóng-kiô,秀朗橋,16,siù-lóng-kiô,siu3long2kio5,siu3long2kio5
sai-khia-lōo,私奇路,16,sai-khia-lō͘,sai1khia1loo7,sai1khia1loo7
sai-khia-tsînn,私奇錢,16,sai-khia-chîⁿ,sai1khia1tsinn5,sai1khia1chinn5
tshiu-āu-jua̍h,秋後熱,16,chhiu-āu-joa̍h,tshiu1au7juah8,chhiu1au7joah8
tshiu-tiân-khián,秋田犬,16,chhiu-tiân-khián,tshiu1tian5khian2,chhiu1tian5khian2
tshiu-tiân-kuān,秋田縣,16,chhiu-tiân-koān,tshiu1tian5kuan7,chhiu1tian5koan7
kho-ki-pōo,科技部,16,kho-ki-pō͘,kho1ki1poo7,kho1ki1poo7
kho-soh-ho̍k,科索伏,16,kho-soh-ho̍k,kho1soh4hok8,kho1soh4hok8
ng-á-tiânn,秧仔埕,16,ng-á-tiâⁿ,ng1a2tiann5,ng1a2tiann5
tai-á-bí,秮仔米,16,tai-á-bí,tai1a2bi2,tai1a2bi2
tai-á-tsàng,秮仔粽,16,tai-á-chàng,tai1a2tsang3,tai1a2chang3
î-kho-ki,移科技,16,î-kho-ki,i5kho1ki1,i5kho1ki1
tsìng-tshuì-khí,種喙齒,16,chèng-chhùi-khí,tsing3tshui3khi2,cheng3chhui3khi2
tsiòng-ōo-á,種芋仔,16,chiòng-ō͘-á,tsiong3oo7a2,chiong3oo7a2
tiū-tsháu-pinn,稻草編,16,tiū-chháu-piⁿ,tiu7tshau2pinn1,tiu7chhau2pinn1
bo̍k-su-lîm,穆斯林,16,bo̍k-su-lîm,bok8su1lim5,bok8su1lim5
uè--tio̍h,穢--著,16,òe--tio̍h,ue3tioh8,oe3tioh8
ún-tio̍h-ài,穩著愛,16,ún-tio̍h-ài,un2tioh8ai3,un2tioh8ai3
kiù-kî-si̍t,究其實,16,kiù-kî-si̍t,kiu3ki5sit8,kiu3ki5sit8
kiù-kî-jiân,究其然,16,kiù-kî-jiân,kiu3ki5jian5,kiu3ki5jian5
khang-á-kháu,空仔口,16,khang-á-kháu,khang1a2khau2,khang1a2khau2
khong-phah-ki,空拍機,16,khong-phah-ki,khong1phah4ki1,khong1phah4ki1
khong-ho̍k-uân,空服員,16,khong-ho̍k-oân,khong1hok8uan5,khong1hok8oan5
khang-khuì-bái,空氣䆀,16,khang-khùi-bái,khang1khui3bai2,khang1khui3bai2
khong-khì-ah,空氣壓,16,khong-khì-ah,khong1khi3ah4,khong1khi3ah4
khong-khì-tsân,空氣層,16,khong-khì-chân,khong1khi3tsan5,khong1khi3chan5
khong-hip-ki,空翕機,16,khong-hip-ki,khong1hip4ki1,khong1hip4ki1
khang-tshìng-tsí,空銃子,16,khang-chhèng-chí,khang1tshing3tsi2,khang1chheng3chi2
khang-lòng-lòng,空閬閬,16,khang-lòng-lòng,khang1long3long3,khang1long3long3
tu̍t-jiân-kan,突然間,16,tu̍t-jiân-kan,tut8jian5kan1,tut8jian5kan1
tu̍t-liân-kan,突然間,16,tu̍t-liân-kan,tut8lian5kan1,tut8lian5kan1
that-tó-ke,窒倒街,16,that-tó-ke,that4to2ke1,that4to2ke1
that--leh,窒咧,16,that--leh,that4leh4,that4leh4
tsiàm-iânn-thâu,站贏頭,16,chiàm-iâⁿ-thâu,tsiam3iann5thau5,chiam3iann5thau5
kīng-ki-tshia,競技車,16,kēng-ki-chhia,king7ki1tshia1,keng7ki1chhia1
kìng-bé-huē,競買會,16,kèng-bé-hōe,king3be2hue7,keng3be2hoe7
tik-á-ôo,竹仔湖,16,tek-á-ô͘,tik4a2oo5,tek4a2oo5
tik-tshân-enn,竹田嬰,16,tek-chhân-eⁿ,tik4tshan5enn1,tek4chhan5enn1
tik-hio̍h-un,竹葉鰮,16,tek-hio̍h-un,tik4hioh8un1,tek4hioh8un1
tik-lîng-tsi,竹靈芝,16,tek-lêng-chi,tik4ling5tsi1,tek4leng5chi1
tik-thâu-kiā,竹頭崎,16,tek-thâu-kiā,tik4thau5kia7,tek4thau5kia7
kuann-tsin-nâ,竿蓁林,16,koaⁿ-chin-nâ,kuann1tsin1na5,koann1chin1na5
tshiò--sí,笑死,16,chhiò--sí,tshio3si2,chhio3si2
tshiò-sí-lâng,笑死人,16,chhiò-sí-lâng,tshio3si2lang5,chhio3si2lang5
tshiò-khe-tshut,笑詼齣,16,chhiò-khe-chhut,tshio3khe1tshut4,chhio3khe1chhut4
tshiò-khue-tshut,笑詼齣,16,chhiò-khoe-chhut,tshio3khue1tshut4,chhio3khoe1chhut4
tē-it-kang,第一工,16,tē-it-kang,te7it4kang1,te7it4kang1
tē-it-pōo,第一步,16,tē-it-pō͘,te7it4poo7,te7it4poo7
tē-it-tíng,第一等,16,tē-it-téng,te7it4ting2,te7it4teng2
tē-sann-tsáinn,第三指,16,tē-saⁿ-cháiⁿ,te7sann1tsainn2,te7sann1chainn2
tē-sann-tsuā,第三逝,16,tē-saⁿ-chōa,te7sann1tsua7,te7sann1choa7
tē-jī-tsáinn,第二指,16,tē-jī-cháiⁿ,te7ji7tsainn2,te7ji7chainn2
tē-gōo-tsáinn,第五指,16,tē-gō͘-cháiⁿ,te7goo7tsainn2,te7goo7chainn2
tē-lio̍k-kám,第六感,16,tē-lio̍k-kám,te7liok8kam2,te7liok8kam2
tē-sì-tsáinn,第四指,16,tē-sì-cháiⁿ,te7si3tsainn2,te7si3chainn2
tán-bô-lâng,等無人,16,tán-bô-lâng,tan2bo5lang5,tan2bo5lang5
tán-buē-hù,等袂赴,16,tán-bōe-hù,tan2bue7hu3,tan2boe7hu3
tán-bē-hù,等袂赴,16,tán-bē-hù,tan2be7hu3,tan2be7hu3
kiáu-ē-pua̍h,筊會跋,16,kiáu-ē-poa̍h,kiau2e7puah8,kiau2e7poah8
kiáu-beh-pua̍h,筊欲跋,16,kiáu-beh-poa̍h,kiau2beh4puah8,kiau2beh4poah8
kin-bah-thiànn,筋肉疼,16,kin-bah-thiàⁿ,kin1bah4thiann3,kin1bah4thiann3
kin-bah-tshia,筋肉車,16,kin-bah-chhia,kin1bah4tshia1,kin1bah4chhia1
tap-tshuì-kóo,答喙鼓,16,tap-chhùi-kó͘,tap4tshui3koo2,tap4chhui3koo2
pín-á-pâi,箅仔排,16,pín-á-pâi,pin2a2pai5,pin2a2pai5
khoo-á-kué,箍仔粿,16,kho͘-á-kóe,khoo1a2kue2,khoo1a2koe2
khoo-tshuì-am,箍喙罨,16,kho͘-chhùi-am,khoo1tshui3am1,khoo1chhui3am1
khoo-tshuì-tsi̍h,箍喙舌,16,kho͘-chhùi-chi̍h,khoo1tshui3tsih8,khoo1chhui3chih8
khoo-tsí-á,箍子仔,16,kho͘-chí-á,khoo1tsi2a2,khoo1chi2a2
khoo-lo̍k-kheh,箍樂𤲍,16,kho͘-lo̍k-kheh,khoo1lok8kheh4,khoo1lok8kheh4
khoo-khoo-pháng,箍箍麭,16,kho͘-kho͘-pháng,khoo1khoo1phang2,khoo1khoo1phang2
khoo-lo̍h-miā,箍絡命,16,kho͘-lo̍h-miā,khoo1loh8mia7,khoo1loh8mia7
sǹg-ē-hô,算會和,16,sǹg-ē-hô,sng3e7ho5,sng3e7ho5
sǹg-bē-hô,算袂和,16,sǹg-bē-hô,sng3be7ho5,sng3be7ho5
kóng-á-tsiann,管仔精,16,kóng-á-chiaⁿ,kong2a2tsiann1,kong2a2chiann1
kóng-á-kué,管仔粿,16,kóng-á-kóe,kong2a2kue2,kong2a2koe2
kóng-á-ké,管仔粿,16,kóng-á-ké,kong2a2ke2,kong2a2ke2
kuán-phek-lêng,管碧玲,16,koán-phek-lêng,kuan2phek4leng5,koan2phek4leng5
tsat-pió-á,節錶仔,16,chat-pió-á,tsat4pio2a2,chat4pio2a2
kán-á-bū,簡仔霧,16,kán-á-bū,kan2a2bu7,kan2a2bu7
kán-gí-suan,簡語宣,16,kán-gí-soan,kan2gi2suan1,kan2gi2soan1
phōo-á-tsih,簿仔摺,16,phō͘-á-chih,phoo7a2tsih4,phoo7a2chih4
lô-khann-huē,籮坩會,16,lô-khaⁿ-hōe,lo5khann1hue7,lo5khann1hoe7
bí-kî-lîm,米其林,16,bí-kî-lîm,bi2ki5lim5,bi2ki5lim5
bí-kî-tshí,米奇鼠,16,bí-kî-chhí,bi2ki5tshi2,bi2ki5chhi2
bí-kî-tshú,米奇鼠,16,bí-kî-chhú,bi2ki5tshu2,bi2ki5chhu2
bí-hún-kenn,米粉羹,16,bí-hún-keⁿ,bi2hun2kenn1,bi2hun2kenn1
bí-se-kan,米西干,16,bí-se-kan,bi2se1kan1,bi2se1kan1
bí-niáu-tshí,米鳥鼠,16,bí-niáu-chhí,bi2niau2tshi2,bi2niau2chhi2
hún-bī-ông,粉味王,16,hún-bī-ông,hun2bi7ong5,hun2bi7ong5
hún-înn-á,粉圓仔,16,hún-îⁿ-á,hun2inn5a2,hun2inn5a2
hún-âng-sik,粉紅色,16,hún-âng-sek,hun2ang5sik4,hun2ang5sek4
hún-tshiâng-bāng,粉腸夢,16,hún-chhiâng-bāng,hun2tshiang5bang7,hun2chhiang5bang7
hún-ke-kui,粉雞胿,16,hún-ke-kui,hun2ke1kui1,hun2ke1kui1
hún-tsiáu-ông,粉鳥王,16,hún-chiáu-ông,hun2tsiau2ong5,hun2chiau2ong5
lia̍p-lia̍p-tshàu,粒粒臭,16,lia̍p-lia̍p-chhàu,liap8liap8tshau3,liap8liap8chhau3
tshoo-piak-piak,粗煏煏,16,chho͘-piak-piak,tshoo1piak4piak4,chhoo1piak4piak4
tshoo-khng-hīnn,粗糠耳,16,chho͘-khng-hīⁿ,tshoo1khng1hinn7,chhoo1khng1hinn7
tsing-suàn-su,精算師,16,cheng-soàn-su,tsing1suan3su1,cheng1soan3su1
tsing-lîng-káu,精靈狗,16,cheng-lêng-káu,tsing1ling5kau2,cheng1leng5kau2
kué-á-tiâu,粿仔條,16,kóe-á-tiâu,kue2a2tiau5,koe2a2tiau5
ké-á-tiâu,粿仔條,16,ké-á-tiâu,ke2a2tiau5,ke2a2tiau5
kué-tē-á,粿袋仔,16,kóe-tē-á,kue2te7a2,koe2te7a2
kôo-á-tshìng,糊仔銃,16,kô͘-á-chhèng,koo5a2tshing3,koo5a2chheng3
hôo-luì-luì,糊瘰瘰,16,hô͘-lùi-lùi,hoo5lui3lui3,hoo5lui3lui3
tsìnn-khian-á,糋圈仔,16,chìⁿ-khian-á,tsinn3khian1a2,chinn3khian1a2
tsìnn-tinn-pháng,糋甜麭,16,chìⁿ-tiⁿ-pháng,tsinn3tinn1phang2,chinn3tinn1phang2
tsìnn-hê-á,糋蝦仔,16,chìⁿ-hê-á,tsinn3he5a2,chinn3he5a2
tsìnn-ti-pâi,糋豬排,16,chìⁿ-ti-pâi,tsinn3ti1pai5,chinn3ti1pai5
tsìnn-pháng-hún,糋麭粉,16,chìⁿ-pháng-hún,tsinn3phang2hun2,chinn3phang2hun2
thn̂g-á-tshiám,糖仔攕,16,thn̂g-á-chhiám,thng5a2tshiam2,thng5a2chhiam2
thn̂g-á-kak,糖仔角,16,thn̂g-á-kak,thng5a2kak4,thng5a2kak4
thn̂g-hue-á,糖花仔,16,thn̂g-hoe-á,thng5hue1a2,thng5hoe1a2
thn̂g-sng-uân,糖霜丸,16,thn̂g-sng-oân,thng5sng1uan5,thng5sng1oan5
thn̂g-sng-tshuì,糖霜喙,16,thn̂g-sng-chhùi,thng5sng1tshui3,thng5sng1chhui3
tshò-bí-pn̄g,糙米飯,16,chhò-bí-pn̄g,tsho3bi2png7,chho3bi2png7
pùn-sò-uē,糞埽話,16,pùn-sò-ōe,pun3so3ue7,pun3so3oe7
hē--lí,系裡,16,hē--lí,he7li2,he7li2
kiù-tshat-tuī,糾察隊,16,kiù-chhat-tūi,kiu3tshat4tui7,kiu3chhat4tui7
kì-liām-phín,紀念品,16,kì-liām-phín,ki3liam7phin2,ki3liam7phin2
iok-su-a,約書亞,16,iok-su-a,iok4su1a1,iok4su1a1
âng-jîn-thôo,紅仁塗,16,âng-jîn-thô͘,ang5jin5thoo5,ang5jin5thoo5
âng-phànn-phànn,紅冇冇,16,âng-phàⁿ-phàⁿ,ang5phann3phann3,ang5phann3phann3
âng-nn̄g-puî,紅卵肥,16,âng-nn̄g-pûi,ang5nng7pui5,ang5nng7pui5
âng-ki-ki,紅吱吱,16,âng-ki-ki,ang5ki1ki1,ang5ki1ki1
âng-înn-á,紅圓仔,16,âng-îⁿ-á,ang5inn5a2,ang5inn5a2
âng-thôo-liông,紅塗龍,16,âng-thô͘-liông,ang5thoo5liong5,ang5thoo5liong5
hông-hâi-jî,紅孩兒,16,hông-hâi-jî,hong5hai5ji5,hong5hai5ji5
âng-pó-niau,紅寶貓,16,âng-pó-niau,ang5po2niau1,ang5po2niau1
âng-tshái-nn̄g,紅彩卵,16,âng-chhái-nn̄g,ang5tshai2nng7,ang5chhai2nng7
âng-mn̂g-lâng,紅毛人,16,âng-mn̂g-lâng,ang5mng5lang5,ang5mng5lang5
âng-phà-phà,紅泡泡,16,âng-phà-phà,ang5pha3pha3,ang5pha3pha3
âng-phā-phā,紅泡泡,16,âng-phā-phā,ang5pha7pha7,ang5pha7pha7
âng-teng-khu,紅燈區,16,âng-teng-khu,ang5teng1khu1,ang5teng1khu1
âng-ting-khu,紅燈區,16,âng-teng-khu,ang5ting1khu1,ang5teng1khu1
âng-hiā-tshù,紅瓦厝,16,âng-hiā-chhù,ang5hia7tshu3,ang5hia7chhu3
âng-kam-tsià,紅甘蔗,16,âng-kam-chià,ang5kam1tsia3,ang5kam1chia3
âng-ba̍k-ia̍h,紅目蝶,16,âng-ba̍k-ia̍h,ang5bak8iah8,ang5bak8iah8
âng-khàm-uan,紅磡灣,16,âng-khàm-oan,ang5kham3uan1,ang5kham3oan1
âng-si-suànn,紅絲線,16,âng-si-sòaⁿ,ang5si1suann3,ang5si1soann3
âng-kòng-kòng,紅絳絳,16,âng-kòng-kòng,ang5kong3kong3,ang5kong3kong3
âng-hue-bí,紅花米,16,âng-hoe-bí,ang5hue1bi2,ang5hoe1bi2
âng-koo-tsîm,紅菇蟳,16,âng-ko͘-chîm,ang5koo1tsim5,ang5koo1chim5
âng-hueh-kiû,紅血球,16,âng-hoeh-kiû,ang5hueh4kiu5,ang5hoeh4kiu5
âng-kì-kì,紅記記,16,âng-kì-kì,ang5ki3ki3,ang5ki3ki3
âng-tāu-sū,紅豆嶼,16,âng-tāu-sū,ang5tau7su7,ang5tau7su7
âng-tāu-piánn,紅豆餅,16,âng-tāu-piáⁿ,ang5tau7piann2,ang5tau7piann2
âng-tshiah-tshiah,紅赤赤,16,âng-chhiah-chhiah,ang5tshiah4tshiah4,ang5chhiah4chhiah4
âng-ku-kér,紅龜粿,16,âng-ku-kér,ang5ku1ker2,ang5ku1ker2
la̍p-kut-tông,納骨堂,16,la̍p-kut-tông,lap8kut4tong5,lap8kut4tong5
liú-tsi-lân,紐芝蘭,16,liú-chi-lân,liu2tsi1lan5,liu2chi1lan5
se-á-sann,紗仔衫,16,se-á-saⁿ,se1a2sann1,se1a2sann1
tsuá-á-tshenn,紙仔星,16,chóa-á-chheⁿ,tsua2a2tshenn1,choa2a2chhenn1
tsuá-á-tshinn,紙仔星,16,chóa-á-chhiⁿ,tsua2a2tshinn1,choa2a2chhinn1
tsuá-thinn-tshenn,紙天星,16,chóa-thiⁿ-chheⁿ,tsua2thinn1tshenn1,choa2thinn1chhenn1
tsuá-thinn-tshinn,紙天星,16,chóa-thiⁿ-chhiⁿ,tsua2thinn1tshinn1,choa2thinn1chhinn1
tsuá-kiap-á,紙夾仔,16,chóa-kiap-á,tsua2kiap4a2,choa2kiap4a2
tsuá-sap-á,紙屑仔,16,chóa-sap-á,tsua2sap4a2,choa2sap4a2
tsuá-pue-á,紙杯仔,16,chóa-poe-á,tsua2pue1a2,choa2poe1a2
tsuá-siunn-á,紙箱仔,16,chóa-siuⁿ-á,tsua2siunn1a2,choa2siunn1a2
tsuá-kheh-á,紙篋仔,16,chóa-kheh-á,tsua2kheh4a2,choa2kheh4a2
sòo-huân-tsin,素還真,16,sò͘-hoân-chin,soo3huan5tsin1,soo3hoan5chin1
sòo-si̍t-tsiá,素食者,16,sò͘-si̍t-chiá,soo3sit8tsia2,soo3sit8chia2
pháng-hué-lê,紡火犁,16,pháng-hóe-lê,phang2hue2le5,phang2hoe2le5
pháng-tsit-ki,紡織機,16,pháng-chit-ki,phang2tsit4ki1,phang2chit4ki1
soh-á-kóo,索仔股,16,soh-á-kó͘,soh4a2koo2,soh4a2koo2
soh-á-hûn,索仔雲,16,soh-á-hûn,soh4a2hun5,soh4a2hun5
tsí-tē-kue,紫地瓜,16,chí-tē-koe,tsi2te7kue1,chi2te7koe1
tsí-môo-thóo,紫毛土,16,chí-mô͘-thó͘,tsi2moo5thoo2,chi2moo5thoo2
tsí-tsháu-ko,紫草膏,16,chí-chháu-ko,tsi2tshau2ko1,chi2chhau2ko1
sè-á-gē,細仔藝,16,sè-á-gē,se3a2ge7,se3a2ge7
suè-tshuì-ôo,細喙壺,16,sòe-chhùi-ô͘,sue3tshui3oo5,soe3chhui3oo5
sè-tshuì-ôo,細喙壺,16,sè-chhùi-ô͘,se3tshui3oo5,se3chhui3oo5
sè-înn-kài,細圓界,16,sè-îⁿ-kài,se3inn5kai3,se3inn5kai3
sè-kan-lo̍k,細干樂,16,sè-kan-lo̍k,se3kan1lok8,se3kan1lok8
sè-sn̂g-pau,細床包,16,sè-sn̂g-pau,se3sng5pau1,se3sng5pau1
sè-tsìng-hú,細政府,16,sè-chèng-hú,se3tsing3hu2,se3cheng3hu2
suè-pún-jī,細本字,16,sòe-pún-jī,sue3pun2ji7,soe3pun2ji7
sè-pún-jī,細本字,16,sè-pún-jī,se3pun2ji7,se3pun2ji7
sè-khiong-tíng,細穹頂,16,sè-khiong-téng,se3khiong1ting2,se3khiong1teng2
sè-khang-tshuì,細空喙,16,sè-khang-chhùi,se3khang1tshui3,se3khang1chhui3
suè-lia̍p-tsí,細粒子,16,sòe-lia̍p-chí,sue3liap8tsi2,soe3liap8chi2
sè-lia̍p-tsí,細粒子,16,sè-lia̍p-chí,se3liap8tsi2,se3liap8chi2
sè-lia̍p-suann,細粒山,16,sè-lia̍p-soaⁿ,se3liap8suann1,se3liap8soann1
sè-sè-liām,細細念,16,sè-sè-liām,se3se3liam7,se3se3liam7
suè-pau-piah,細胞壁,16,sòe-pau-piah,sue3pau1piah4,soe3pau1piah4
sè-pau-piah,細胞壁,16,sè-pau-piah,se3pau1piah4,se3pau1piah4
suè-pau-hu̍t,細胞核,16,sòe-pau-hu̍t,sue3pau1hut8,soe3pau1hut8
sè-pau-hu̍t,細胞核,16,sè-pau-hu̍t,se3pau1hut8,se3pau1hut8
sè-kha-ê,細跤个,16,sè-kha-ê,se3kha1e5,se3kha1e5
sè-tshut-á,細齣仔,16,sè-chhut-á,se3tshut4a2,se3chhut4a2
tsiong-kî-bué,終其尾,16,chiong-kî-bóe,tsiong1ki5bue2,chiong1ki5boe2
kiat-á-ku,結仔龜,16,kiat-á-ku,kiat4a2ku1,kiat4a2ku1
kiat-sái-bīn,結屎臉,16,kiat-sái-bīn,kiat4sai2bin7,kiat4sai2bin7
kat-âng-tshái,結紅綵,16,kat-âng-chhái,kat4ang5tshai2,kat4ang5chhai2
kiat-tè-tsit,結締織,16,kiat-tè-chit,kiat4te3tsit4,kiat4te3chit4
kiat-tâng-tsí,結蟲子,16,kiat-tâng-chí,kiat4tang5tsi2,kiat4tang5chi2
kiat-thâu-tshài,結頭菜,16,kiat-thâu-chhài,kiat4thau5tshai3,kiat4thau5chhai3
an-līng-suànn,絚冗線,16,an-lēng-sòaⁿ,an1ling7suann3,an1leng7soann3
ân-tòng-tòng,絚凍凍,16,ân-tòng-tòng,an5tong3tong3,an5tong3tong3
ka-to-thâng,絞刀蟲,16,ka-to-thâng,ka1to1thang5,ka1to1thang5
ká-pang-bué,絞幫買,16,ká-pang-bóe,ka2pang1bue2,ka2pang1boe2
ká-pang-bé,絞幫買,16,ká-pang-bé,ka2pang1be2,ka2pang1be2
ká-kûn-phah,絞群拍,16,ká-kûn-phah,ka2kun5phah4,ka2kun5phah4
ká-tāu-á,絞豆仔,16,ká-tāu-á,ka2tau7a2,ka2tau7a2
thóng-kè-ha̍k,統計學,16,thóng-kè-ha̍k,thong2ke3hak8,thong2ke3hak8
si-bue̍h-á,絲襪仔,16,si-boe̍h-á,si1bueh8a2,si1boeh8a2
li̍k-hái-ku,綠海龜,16,le̍k-hái-ku,lik8hai2ku1,lek8hai2ku1
li̍k-phuê-su,綠皮書,16,le̍k-phôe-su,lik8phue5su1,lek8phoe5su1
li̍k-tāu-sua,綠豆沙,16,le̍k-tāu-soa,lik8tau7sua1,lek8tau7soa1
li̍k-tāu-thng,綠豆湯,16,le̍k-tāu-thng,lik8tau7thng1,lek8tau7thng1
li̍k-tāu-lōo,綠豆露,16,le̍k-tāu-lō͘,lik8tau7loo7,lek8tau7loo7
uî-nî-hîm,維尼熊,16,ûi-nî-hîm,ui5ni5him5,ui5ni5him5
bāng-á-kue,網仔瓜,16,bāng-á-koe,bang7a2kue1,bang7a2koe1
bāng-á-sann,網仔衫,16,bāng-á-saⁿ,bang7a2sann1,bang7a2sann1
bāng-tsí-liān,網址鏈,16,bāng-chí-liān,bang7tsi2lian7,bang7chi2lian7
bāng-siā-á,網社仔,16,bāng-siā-á,bang7sia7a2,bang7sia7a2
bāng-lōo-khah,網路卡,16,bāng-lō͘-khah,bang7loo7khah4,bang7loo7khah4
bāng-lōo-o̍h,網路學,16,bāng-lō͘-o̍h,bang7loo7oh8,bang7loo7oh8
bāng-lōo-âng,網路紅,16,bāng-lō͘-âng,bang7loo7ang5,bang7loo7ang5
tuè-tshuì-bué,綴喙尾,16,tòe-chhùi-bóe,tue3tshui3bue2,toe3chhui3boe2
tèr-bú-kè,綴母嫁,16,tèr-bú-kè,ter3bu2ke3,ter3bu2ke3
tèr-kiō-āu,綴轎後,16,tèr-kiō-āu,ter3kio7au7,ter3kio7au7
mî-á-ki,綿仔枝,16,mî-á-ki,mi5a2ki1,mi5a2ki1
mî-mî-á,綿綿仔,16,mî-mî-á,mi5mi5a2,mi5mi5a2
kín-lâi-suan,緊來旋,16,kín-lâi-soan,kin2lai5suan1,kin2lai5soan1
kín-lâi-bué,緊來買,16,kín-lâi-bóe,kin2lai5bue2,kin2lai5boe2
kín-lâi-bé,緊來買,16,kín-lâi-bé,kin2lai5be2,kin2lai5be2
kín-hun-hiáng,緊分享,16,kín-hun-hiáng,kin2hun1hiang2,kin2hun1hiang2
kín-hun-hióng,緊分享,16,kín-hun-hióng,kin2hun1hiong2,kin2hun1hiong2
kín-khì-khùn,緊去睏,16,kín-khì-khùn,kin2khi3khun3,kin2khi3khun3
kín-tuā-hàn,緊大漢,16,kín-tōa-hàn,kin2tua7han3,kin2toa7han3
kín-liâm-sua,緊黏沙,16,kín-liâm-soa,kin2liam5sua1,kin2liam5soa1
khiâm-bi̍t-kuân,緘默權,16,khiâm-bi̍t-koân,khiam5bit8kuan5,khiam5bit8koan5
siàn-pòo-pinn,線布邊,16,siàn-pò͘-piⁿ,sian3poo3pinn1,sian3poo3pinn1
suànn-lōo-tôo,線路圖,16,sòaⁿ-lō͘-tô͘,suann3loo7too5,soann3loo7too5
pian--ê,編的,16,pian--ê,pian1e5,pian1e5
pian-i̍k-khì,編譯器,16,pian-e̍k-khì,pian1ik8khi3,pian1ek8khi3
liān-kong-pâng,練功房,16,liān-kong-pâng,lian7kong1pang5,lian7kong1pang5
liān-tshuì-phué,練喙胚,16,liān-chhùi-phóe,lian7tshui3phue2,lian7chhui3phoe2
liān-tshuì-phé,練喙胚,16,liān-chhùi-phé,lian7tshui3phe2,lian7chhui3phe2
liān-siáu-uē,練痟話,16,liān-siáu-ōe,lian7siau2ue7,lian7siau2oe7
līan-siáu-uē,練痟話,16,liān-siáu-ōe,lian7siau2ue7,lian7siau2oe7
liān-bah-king,練肉間,16,liān-bah-keng,lian7bah4king1,lian7bah4keng1
liān-tsáu-ki,練走機,16,liān-cháu-ki,lian7tsau2ki1,lian7chau2ki1
liān-sin-king,練身間,16,liān-sin-keng,lian7sin1king1,lian7sin1keng1
tshiòng-tn̄g-bīn,縱斷面,16,chhiòng-tn̄g-bīn,tshiong3tng7bin7,chhiong3tng7bin7
tshiong-kuàn-suànn,縱貫線,16,chhiong-koàn-sòaⁿ,tshiong1kuan3suann3,chhiong1koan3soann3
tsóng-su-kì,總書記,16,chóng-su-kì,tsong2su1ki3,chong2su1ki3
tsóng-tok-hú,總督府,16,chóng-tok-hú,tsong2tok4hu2,chong2tok4hu2
tsit-lú-tshenn,織女星,16,chit-lú-chheⁿ,tsit4lu2tshenn1,chit4lu2chhenn1
huē-bûn-jī,繪文字,16,hōe-bûn-jī,hue7bun5ji7,hoe7bun5ji7
kheh-kiánn-huà,缺囝化,16,kheh-kiáⁿ-hòa,kheh4kiann2hua3,kheh4kiann2hoa3
khueh-kiánn-huà,缺囝化,16,khoeh-kiáⁿ-hòa,khueh4kiann2hua3,khoeh4kiann2hoa3
kuàn-á-sng,罐仔栓,16,koàn-á-sng,kuan3a2sng1,koan3a2sng1
kuàn-á-suinn,罐仔栓,16,koàn-á-suiⁿ,kuan3a2suinn1,koan3a2suinn1
kuàn-thâu-hî,罐頭魚,16,koàn-thâu-hî,kuan3thau5hi5,koan3thau5hi5
koo-liâu-á,罟寮仔,16,ko͘-liâu-á,koo1liau5a2,koo1liau5a2
tah-lân-tìn,罩蘭鎮,16,tah-lân-tìn,tah4lan5tin3,tah4lan5tin3
tà-bông-bū,罩雺霧,16,tà-bông-bū,ta3bong5bu7,ta3bong5bu7
lô-tông-un,羅彤恩,16,lô-tông-un,lo5tong5un1,lo5tong5un1
lô-tsì-siông,羅志祥,16,lô-chì-siông,lo5tsi3siong5,lo5chi3siong5
lô-siok-lúi,羅淑蕾,16,lô-siok-lúi,lo5siok4lui2,lo5siok4lui2
lô-guân-kuān,羅源縣,16,lô-goân-koān,lo5guan5kuan7,lo5goan5koan7
lô-hàn-kó,羅漢果,16,lô-hàn-kó,lo5han3ko2,lo5han3ko2
lô-má-nî,羅馬尼,16,lô-má-nî,lo5ma2ni5,lo5ma2ni5
iûnn-moo-ui,羊毛揻,16,iûⁿ-mo͘-ui,iunn5moo1ui1,iunn5moo1ui1
iûnn-bah-lôo,羊肉爐,16,iûⁿ-bah-lô͘,iunn5bah4loo5,iunn5bah4loo5
iûnn-kak-tāu,羊角豆,16,iûⁿ-kak-tāu,iunn5kak4tau7,iunn5kak4tau7
iûnn-lo̍k-tô,羊駱駝,16,iûⁿ-lo̍k-tô,iunn5lok8to5,iunn5lok8to5
bí-jîn-hî,美人魚,16,bí-jîn-hî,bi2jin5hi5,bi2jin5hi5
bí-lí-kue,美女瓜,16,bí-lí-koe,bi2li2kue1,bi2li2koe1
bí-kang-to,美工刀,16,bí-kang-to,bi2kang1to1,bi2kang1to1
bí-hi-ko,美希哥,16,bí-hi-ko,bi2hi1ko1,bi2hi1ko1
bi-lóng-kue,美濃瓜,16,bi-lóng-koe,bi1long2kue1,bi1long2koe1
bi-long-tìn,美濃鎮,16,bi-long-tìn,bi1long1tin3,bi1long1tin3
bí-su̍t-to,美術刀,16,bí-su̍t-to,bi2sut8to1,bi2sut8to1
kûn-kînn-lâng,群墘儂,16,kûn-kîⁿ-lâng,kun5kinn5lang5,kun5kinn5lang5
kûn-má-kuān,群馬縣,16,kûn-má-koān,kun5ma2kuan7,kun5ma2koan7
ú-môo-kiû,羽毛球,16,ú-mô͘-kiû,u2moo5kiu5,u2moo5kiu5
lîng-si-tiau,翎鷥鵰,16,lêng-si-tiau,ling5si1tiau1,leng5si1tiau1
si̍p-tiōng-hun,習仲勛,16,si̍p-tiōng-hun,sip8tiong7hun1,sip8tiong7hun1
si̍p-kīn-pêng,習近平,16,si̍p-kīn-pêng,sip8kin7peng5,sip8kin7peng5
hip-siàng-ki,翕相機,16,hip-siàng-ki,hip4siang3ki1,hip4siang3ki1
hip-siòng-ki,翕相機,16,hip-siòng-ki,hip4siong3ki1,hip4siong3ki1
hip-tiān-iánn,翕電影,16,hip-tiān-iáⁿ,hip4tian7iann2,hip4tian7iann2
khiàu-tshuì-á,翹喙仔,16,khiàu-chhùi-á,khiau3tshui3a2,khiau3chhui3a2
khiàu-koo-lián,翹孤輪,16,khiàu-ko͘-lián,khiau3koo1lian2,khiau3koo1lian2
huan-i̍k-pún,翻譯本,16,hoan-e̍k-pún,huan1ik8pun2,hoan1ek8pun2
huan-i̍k-tsiá,翻譯者,16,hoan-e̍k-chiá,huan1ik8tsia2,hoan1ek8chia2
huan-tńg-kang,翻轉工,16,hoan-tńg-kang,huan1tng2kang1,hoan1tng2kang1
si̍t-kóo-thâu,翼股頭,16,si̍t-kó͘-thâu,sit8koo2thau5,sit8koo2thau5
lāu-kau-puê,老交陪,16,lāu-kau-pôe,lau7kau1pue5,lau7kau1poe5
lāu-tò-thuè,老倒退,16,lāu-tò-thòe,lau7to3thue3,lau7to3thoe3
lāu-tò-thè,老倒退,16,lāu-tò-thè,lau7to3the3,lau7to3the3
lāu-kiàm-sian,老劍仙,16,lāu-kiàm-sian,lau7kiam3sian1,lau7kiam3sian1
lāu--khì,老去,16,lāu--khì,lau7khi3,lau7khi3
láu-si̍t-uē,老實話,16,láu-si̍t-ōe,lau2sit8ue7,lau2sit8oe7
lāu-pōo-tiānn,老步定,16,lāu-pō͘-tiāⁿ,lau7poo7tiann7,lau7poo7tiann7
lāu-huè-á,老歲仔,16,lāu-hòe-á,lau7hue3a2,lau7hoe3a2
lāu-tsìng-thâu,老症頭,16,lāu-chèng-thâu,lau7tsing3thau5,lau7cheng3thau5
lāu-khok-khok,老硞硞,16,lāu-khok-khok,lau7khok4khok4,lau7khok4khok4
lāu-lîng-khenn,老龍坑,16,lāu-lêng-kheⁿ,lau7ling5khenn1,lau7leng5khenn1
lāu-lîng-khinn,老龍坑,16,lāu-lêng-khiⁿ,lau7ling5khinn1,lau7leng5khinn1
lāu-ku-tsiann,老龜精,16,lāu-ku-chiaⁿ,lau7ku1tsiann1,lau7ku1chiann1
khó-tsuí-phi,考水披,16,khó-chúi-phi,kho2tsui2phi1,kho2chui2phi1
khó-tshì-tiûnn,考試場,16,khó-chhì-tiûⁿ,kho2tshi3tiunn5,kho2chhi3tiunn5
sńg-mih-á,耍物仔,16,sńg-mih-á,sng2mih4a2,sng2mih4a2
hīnn-á-ki,耳仔機,16,hīⁿ-á-ki,hinn7a2ki1,hinn7a2ki1
hīnn-á-hóng,耳仔訪,16,hīⁿ-á-hóng,hinn7a2hong2,hinn7a2hong2
hīnn-thuân-hīnn,耳傳耳,16,hīⁿ-thoân-hīⁿ,hinn7thuan5hinn7,hinn7thoan5hinn7
hīnn-tsu-khang,耳珠空,16,hīⁿ-chu-khang,hinn7tsu1khang1,hinn7chu1khang1
hīnn-khang-tuānn,耳空彈,16,hīⁿ-khang-tōaⁿ,hinn7khang1tuann7,hinn7khang1toann7
sìng-bó-īnn,聖母院,16,sèng-bó-īⁿ,sing3bo2inn7,seng3bo2inn7
sìng-kiat-si̍k,聖潔石,16,sèng-kiat-se̍k,sing3kiat4sik8,seng3kiat4sek8
sìng-tàn-tseh,聖誕節,16,sèng-tàn-cheh,sing3tan3tseh4,seng3tan3cheh4
sìng-tàn-tsiat,聖誕節,16,sèng-tàn-chiat,sing3tan3tsiat4,seng3tan3chiat4
sìng-tàn-tsueh,聖誕節,16,sèng-tàn-choeh,sing3tan3tsueh4,seng3tan3choeh4
liân-ha̍p-kok,聯合國,16,liân-ha̍p-kok,lian5hap8kok4,lian5hap8kok4
liân-jī-hû,聯字符,16,liân-jī-hû,lian5ji7hu5,lian5ji7hu5
siann-hāu-phìnn,聲效片,16,siaⁿ-hāu-phìⁿ,siann1hau7phinn3,siann1hau7phinn3
siann-thâu-tháu,聲頭敨,16,siaⁿ-thâu-tháu,siann1thau5thau2,siann1thau5thau2
thiann-m̄-bat,聽毋捌,16,thiaⁿ-m̄-bat,thiann1m7bat4,thiann1m7bat4
bah-tiong-tshì,肉中刺,16,bah-tiong-chhì,bah4tiong1tshi3,bah4tiong1chhi3
bah-înn-á,肉圓仔,16,bah-îⁿ-á,bah4inn5a2,bah4inn5a2
bah-sò-pn̄g,肉燥飯,16,bah-sò-pn̄g,bah4so3png7,bah4so3png7
bah-phìnn-á,肉片仔,16,bah-phìⁿ-á,bah4phinn3a2,bah4phinn3a2
bah-tsàng-tseh,肉粽節,16,bah-chàng-cheh,bah4tsang3tseh4,bah4chang3cheh4
bah-tsàng-kak,肉粽角,16,bah-chàng-kak,bah4tsang3kak4,bah4chang3kak4
bah-tāu-á,肉豆仔,16,bah-tāu-á,bah4tau7a2,bah4tau7a2
bah-kut-tê,肉骨茶,16,bah-kut-tê,bah4kut4te5,bah4kut4te5
tōo-beh-á,肚伯仔,16,tō͘-beh-á,too7beh4a2,too7beh4a2
tōo-tì-thâu,肚蒂頭,16,tō͘-tì-thâu,too7ti3thau5,too7ti3thau5
kuann-pau-iû,肝包油,16,koaⁿ-pau-iû,kuann1pau1iu5,koann1pau1iu5
kuann-ngē-huà,肝硬化,16,koaⁿ-ngē-hòa,kuann1nge7hua3,koann1nge7hoa3
kóo-á-kiánn,股仔囝,16,kó͘-á-kiáⁿ,koo2a2kiann2,koo2a2kiann2
kóo-lī-lu̍t,股利率,16,kó͘-lī-lu̍t,koo2li7lut8,koo2li7lut8
puî-lut-lut,肥朒朒,16,pûi-lut-lut,pui5lut4lut4,pui5lut4lut4
puî-tsut-tsut,肥朒朒,16,pûi-chut-chut,pui5tsut4tsut4,pui5chut4chut4
khíng-tik-ki,肯德基,16,khéng-tek-ki,khing2tik4ki1,kheng2tek4ki1
uī-tso-tso,胃慒慒,16,ūi-cho-cho,ui7tso1tso1,ui7cho1cho1
ôo-tsì-kiông,胡志強,16,ô͘-chì-kiông,oo5tsi3kiong5,oo5chi3kiong5
hôo-tsio-hê,胡椒蝦,16,hô͘-chio-hê,hoo5tsio1he5,hoo5chio1he5
hôo-tsio-iâm,胡椒鹽,16,hô͘-chio-iâm,hoo5tsio1iam5,hoo5chio1iam5
ôo-gím-tô,胡錦濤,16,ô͘-gím-tô,oo5gim2to5,oo5gim2to5
ôo-kím-tô,胡錦濤,16,ô͘-kím-tô,oo5kim2to5,oo5kim2to5
ian-tsi-bí,胭脂米,16,ian-chi-bí,ian1tsi1bi2,ian1chi1bi2
koh-ē-lang,胳下櫳,16,koh-ē-lang,koh4e7lang1,koh4e7lang1
koh-ē-tâng,胳下胴,16,koh-ē-tâng,koh4e7tang5,koh4e7tang5
kueh-ē-lang,胳下胴,16,koeh-ē-lang,kueh4e7lang1,koeh4e7lang1
kueh-ē-tang,胳下胴,16,koeh-ē-tang,kueh4e7tang1,koeh4e7tang1
kuih-ē-tang,胳下胴,16,kuih-ē-tang,kuih4e7tang1,kuih4e7tang1
koh-ē-kha,胳下跤,16,koh-ē-kha,koh4e7kha1,koh4e7kha1
koh-hīnn-khang,胳耳空,16,koh-hīⁿ-khang,koh4hinn7khang1,koh4hinn7khang1
kueh-hī-khang,胳耳空,16,koeh-hī-khang,kueh4hi7khang1,koeh4hi7khang1
kueh-hīnn-khang,胳耳空,16,koeh-hīⁿ-khang,kueh4hinn7khang1,koeh4hinn7khang1
kueh-lang-kha,胳胴跤,16,koeh-lang-kha,kueh4lang1kha1,koeh4lang1kha1
kueh-tang-kha,胳胴跤,16,koeh-tang-kha,kueh4tang1kha1,koeh4tang1kha1
hing-khám-moo,胸坎毛,16,heng-khám-mo͘,hing1kham2moo1,heng1kham2moo1
lîng-guân-kio̍k,能源局,16,lêng-goân-kio̍k,ling5guan5kiok8,leng5goan5kiok8
lîng-liōng-tiûnn,能量場,16,lêng-liōng-tiûⁿ,ling5liong7tiunn5,leng5liong7tiunn5
tsik-tsui-kut,脊椎骨,16,chek-chui-kut,tsik4tsui1kut4,chek4chui1kut4
sīn-siōng-sián,腎上腺,16,sīn-siōng-sián,sin7siong7sian2,sin7siong7sian2
náu-siōng-li̍k,腦像力,16,náu-siōng-le̍k,nau2siong7lik8,nau2siong7lek8
náu-kin-tuīnn,腦筋斷,16,náu-kin-tūiⁿ,nau2kin1tuinn7,nau2kin1tuinn7
io-tsiah-kut,腰脊骨,16,io-chiah-kut,io1tsiah4kut4,io1chiah4kut4
tn̂g-uī-iām,腸胃炎,16,tn̂g-ūi-iām,tng5ui7iam7,tng5ui7iam7
pak-lāi-ki,腹內肌,16,pak-lāi-ki,pak4lai7ki1,pak4lai7ki1
pak-tóo-tháng,腹肚桶,16,pak-tó͘-tháng,pak4too2thang2,pak4too2thang2
thuì-khòo-pn̄g,腿庫飯,16,thùi-khò͘-pn̄g,thui3khoo3png7,thui3khoo3png7
tshik-kài-kut,膝蓋骨,16,chhek-kài-kut,tshik4kai3kut4,chhek4kai3kut4
tsi-bai-moo,膣屄毛,16,chi-bai-mo͘,tsi1bai1moo1,chi1bai1moo1
phòng-se-tsiam,膨紗針,16,phòng-se-chiam,phong3se1tsiam1,phong3se1chiam1
phòng-hong-tāu,膨風豆,16,phòng-hong-tāu,phong3hong1tau7,phong3hong1tau7
tann-thâu-tsāi,膽頭在,16,taⁿ-thâu-chāi,tann1thau5tsai7,tann1thau5chai7
ioh-bî-tshai,臆謎猜,16,ioh-bî-chhai,ioh4bi5tshai1,ioh4bi5chhai1
tsīr-tsōo-tshan,自助餐,16,chīr-chō͘-chhan,tsir7tsoo7tshan1,chir7choo7chhan1
tsū-lo̍k-siū,自樂岫,16,chū-lo̍k-siū,tsu7lok8siu7,chu7lok8siu7
tsū-tī-kuān,自治縣,16,chū-tī-koān,tsu7ti7kuan7,chu7ti7koan7
tsū-tī-thé,自治體,16,chū-tī-thé,tsu7ti7the2,chu7ti7the2
tsū-jiân-sú,自然史,16,chū-jiân-sú,tsu7jian5su2,chu7jian5su2
tsū-liân-sú,自然史,16,chū-liân-sú,tsu7lian5su2,chu7lian5su2
tsū-iû-tsō,自由座,16,chū-iû-chō,tsu7iu5tso7,chu7iu5cho7
tsū-iû-kiû,自由球,16,chū-iû-kiû,tsu7iu5kiu5,chu7iu5kiu5
tsū-huàn-ki,自販機,16,chū-hoàn-ki,tsu7huan3ki1,chu7hoan3ki1
tsū-lián-tshia,自輪車,16,chū-lián-chhia,tsu7lian2tshia1,chu7lian2chhia1
tsū-pì-tsìng,自閉症,16,chū-pì-chèng,tsu7pi3tsing3,chu7pi3cheng3
tshàu-tshuì-pinn,臭喙邊,16,chhàu-chhùi-piⁿ,tshau3tshui3pinn1,chhau3chhui3pinn1
tshàu-tshuì-ham,臭喙𦜆,16,chhàu-chhùi-ham,tshau3tshui3ham1,chhau3chhui3ham1
tshàu-ling-hue,臭奶花,16,chhàu-leng-hoe,tshau3ling1hue1,chhau3leng1hoe1
tshàu-sái-tshenn,臭屎星,16,chhàu-sái-chheⁿ,tshau3sai2tshenn1,chhau3sai2chhenn1
tshàu-phú-bīn,臭殕面,16,chhàu-phú-bīn,tshau3phu2bin7,chhau3phu2bin7
tshàu-iâng-tsân,臭氧層,16,chhàu-iâng-chân,tshau3iang5tsan5,chhau3iang5chan5
tshàu-tsuí-tsng,臭水庄,16,chhàu-chúi-chng,tshau3tsui2tsng1,chhau3chui2chng1
tshàu-iû-bī,臭油味,16,chhàu-iû-bī,tshau3iu5bi7,chhau3iu5bi7
tshàu-iû-ai,臭油埃,16,chhàu-iû-ai,tshau3iu5ai1,chhau3iu5ai1
tshàu-hué-ta,臭火焦,16,chhàu-hóe-ta,tshau3hue2ta1,chhau3hoe2ta1
tshàu-ta-phí,臭焦疕,16,chhàu-ta-phí,tshau3ta1phi2,chhau3ta1phi2
tshàu-hiàn-bâ,臭羶猫,16,chhàu-hiàn-bâ,tshau3hian3ba5,chhau3hian3ba5
tshàu-tsi-bai,臭膣屄,16,chhàu-chi-bai,tshau3tsi1bai1,chhau3chi1bai1
tshàu-tshàu-hue,臭臭花,16,chhàu-chhàu-hoe,tshau3tshau3hue1,chhau3chhau3hoe1
tshàu-thâu-tsiáu,臭頭鳥,16,chhàu-thâu-chiáu,tshau3thau5tsiau2,chhau3thau5chiau2
tshàu-kut-siòng,臭骨相,16,chhàu-kut-siòng,tshau3kut4siong3,chhau3kut4siong3
tshàu-pìn-hôo,臭鬢鬍,16,chhàu-pìn-hô͘,tshau3pin3hoo5,chhau3pin3hoo5
tshàu-ku-á,臭龜仔,16,chhàu-ku-á,tshau3ku1a2,chhau3ku1a2
tâi-pak-lâng,臺北人,16,tâi-pak-lâng,tai5pak4lang5,tai5pak4lang5
tâi-pak-kuān,臺北縣,16,tâi-pak-koān,tai5pak4kuan7,tai5pak4koan7
tâi-uân-lâng,臺灣人,16,tâi-oân-lâng,tai5uan5lang5,tai5oan5lang5
tâi-uân-hái,臺灣海,16,tâi-oân-hái,tai5uan5hai2,tai5oan5hai2
tâi-lô-lī,臺羅字,16,tâi-lô-lī,tai5lo5li7,tai5lo5li7
tâi-pau-tsìng,臺胞證,16,tâi-pau-chèng,tai5pau1tsing3,tai5pau1cheng3
tsing-bōng-khòng,舂墓壙,16,cheng-bōng-khòng,tsing1bong7khong3,cheng1bong7khong3
tsing-kòng-phà,舂摃拍,16,cheng-kòng-phà,tsing1kong3pha3,cheng1kong3pha3
hìng-tshuah-tshuah,興掣掣,16,hèng-chhoah-chhoah,hing3tshuah4tshuah4,heng3chhoah4chhoah4
hìng-khùn-bâ,興睏貓,16,hèng-khùn-bâ,hing3khun3ba5,heng3khun3ba5
kū-tsûn-nî,舊前年,16,kū-chûn-nî,ku7tsun5ni5,ku7chun5ni5
kū-lo-lo,舊囉囉,16,kū-lo-lo,ku7lo1lo1,ku7lo1lo1
kū-thò-thâu,舊套頭,16,kū-thò-thâu,ku7tho3thau5,ku7tho3thau5
kū-pá-hì,舊把戲,16,kū-pá-hì,ku7pa2hi3,ku7pa2hi3
kū-ke-á,舊街仔,16,kū-ke-á,ku7ke1a2,ku7ke1a2
kū-kue-á,舊街仔,16,kū-koe-á,ku7kue1a2,ku7koe1a2
kū-ke-hāng,舊街巷,16,kū-ke-hāng,ku7ke1hang7,ku7ke1hang7
kū-lí-tso̍k,舊里族,16,kū-lí-cho̍k,ku7li2tsok8,ku7li2chok8
sià-lī-tsú,舍利子,16,sià-lī-chú,sia3li7tsu2,sia3li7chu2
tsûn-á-tsháu,船仔草,16,chûn-á-chháu,tsun5a2tshau2,chun5a2chhau2
sik-hui-a,色斐亞,16,sek-hui-a,sik4hui1a1,sek4hui1a1
sik-gâ-hun,色牙薰,16,sek-gâ-hun,sik4ga5hun1,sek4ga5hun1
sik-mê-lâng,色盲人,16,sek-mê-lâng,sik4me5lang5,sek4me5lang5
ōo-á-tsiap,芋仔汁,16,ō͘-á-chiap,oo7a2tsiap4,oo7a2chiap4
ōo-á-kak,芋仔角,16,ō͘-á-kak,oo7a2kak4,oo7a2kak4
ōo-á-soo,芋仔酥,16,ō͘-á-so͘,oo7a2soo1,oo7a2soo1
ōo-kué-bāng,芋粿夢,16,ō͘-kóe-bāng,oo7kue2bang7,oo7koe2bang7
ōo-kué-khiau,芋粿曲,16,ō͘-kóe-khiau,oo7kue2khiau1,oo7koe2khiau1
ōo-ké-khiau,芋粿曲,16,ō͘-ké-khiau,oo7ke2khiau1,oo7ke2khiau1
tsi-ku-la̍t,芝車力,16,chi-ku-la̍t,tsi1ku1lat8,chi1ku1lat8
kài-nâ-á,芥蘭仔,16,kài-nâ-á,kai3na5a2,kai3na5a2
hue-á-tshài,花仔菜,16,hoe-á-chhài,hue1a2tshai3,hoe1a2chhai3
hue-sà-sà,花嗄嗄,16,hoe-sà-sà,hue1sa3sa3,hoe1sa3sa3
hua-kong-tsio̍h,花崗石,16,hoa-kong-chio̍h,hua1kong1tsioh8,hoa1kong1chioh8
hue-ki-uân,花枝丸,16,hoe-ki-oân,hue1ki1uan5,hoe1ki1oan5
hua-liú-tsìng,花柳症,16,hoa-liú-chèng,hua1liu2tsing3,hoa1liu2cheng3
hue-khak-á,花殼仔,16,hoe-khak-á,hue1khak4a2,hoe1khak4a2
hue-kue-á,花瓜仔,16,hoe-koe-á,hue1kue1a2,hoe1koe1a2
hue-lîng-á,花苓仔,16,hoe-lêng-á,hue1ling5a2,hoe1leng5a2
hue-liân-káng,花蓮港,16,hoe-liân-káng,hue1lian5kang2,hoe1lian5kang2
hue-kha-á,花跤仔,16,hoe-kha-á,hue1kha1a2,hoe1kha1a2
hue-tsuā-bé,花逝馬,16,hoe-chōa-bé,hue1tsua7be2,hoe1choa7be2
hua-tiau-ke,花雕雞,16,hoa-tiau-ke,hua1tiau1ke1,hoa1tiau1ke1
hua-tiau-kue,花雕雞,16,hoa-tiau-koe,hua1tiau1kue1,hoa1tiau1koe1
hue-pà-ông,花霸王,16,hoe-pà-ông,hue1pa3ong5,hoe1pa3ong5
hue-ku-á,花龜仔,16,hoe-ku-á,hue1ku1a2,hoe1ku1a2
phang-liāu-tsháu,芳料草,16,phang-liāu-chháu,phang1liau7tshau2,phang1liau7chhau2
biâu-phok-ngá,苗博雅,16,biâu-phok-ngá,biau5phok4nga2,biau5phok4nga2
jio̍k-luē-hut,若內弗,16,jio̍k-lōe-hut,jiok8lue7hut4,jiok8loe7hut4
khóo-nâ-puânn,苦林盤,16,khó͘-nâ-pôaⁿ,khoo2na5puann5,khoo2na5poann5
khóo-thiāu-á,苦柱仔,16,khó͘-thiāu-á,khoo2thiau7a2,khoo2thiau7a2
khóo-kue-khoo,苦瓜箍,16,khó͘-koe-kho͘,khoo2kue1khoo1,khoo2koe1khoo1
khóo-bē-tit,苦袂得,16,khó͘-bē-tit,khoo2be7tit4,khoo2be7tit4
khóo-bē-tàng,苦袂當,16,khó͘-bē-tàng,khoo2be7tang3,khoo2be7tang3
khóo-bē-thang,苦袂通,16,khó͘-bē-thang,khoo2be7thang1,khoo2be7thang1
ing-kok-bûn,英國文,16,eng-kok-bûn,ing1kok4bun5,eng1kok4bun5
ing-kok-uē,英國話,16,eng-kok-ōe,ing1kok4ue7,eng1kok4oe7
bōo-kok-kam,茂谷柑,16,bō͘-kok-kam,boo7kok4kam1,boo7kok4kam1
kiô-mn̂g-kiû,茄毛球,16,kiô-mn̂g-kiû,kio5mng5kiu5,kio5mng5kiu5
kiô-phî-tshí,茄皮鼠,16,kiô-phî-chhí,kio5phi5tshi2,kio5phi5chhi2
ka-tang-kha,茄苳跤,16,ka-tang-kha,ka1tang1kha1,ka1tang1kha1
tsû-sîng-kuān,茨城縣,16,chû-sêng-koān,tsu5sing5kuan7,chu5seng5koan7
tê-nn̄g-lóo,茶卵滷,16,tê-nn̄g-ló͘,te5nng7loo2,te5nng7loo2
tê-nn̄g-tshí,茶卵鼠,16,tê-nn̄g-chhí,te5nng7tshi2,te5nng7chhi2
tê-sim-nn̄g,茶心卵,16,tê-sim-nn̄g,te5sim1nng7,te5sim1nng7
tê-ki-á,茶機仔,16,tê-ki-á,te5ki1a2,te5ki1a2
tê-hái-tshenn,茶海星,16,tê-hái-chheⁿ,te5hai2tshenn1,te5hai2chhenn1
tê-thng-huē,茶湯會,16,tê-thng-hōe,te5thng1hue7,te5thng1hoe7
tê-lóo-nn̄g,茶滷卵,16,tê-ló͘-nn̄g,te5loo2nng7,te5loo2nng7
tê-au-tsū,茶甌苴,16,tê-au-chū,te5au1tsu7,te5au1chu7
tê-khoo-tsing,茶箍精,16,tê-kho͘-cheng,te5khoo1tsing1,te5khoo1cheng1
tê-bí-nn̄g,茶米卵,16,tê-bí-nn̄g,te5bi2nng7,te5bi2nng7
tê-hio̍h-nn̄g,茶葉蛋,16,tê-hio̍h-nn̄g,te5hioh8nng7,te5hioh8nng7
jî-kà-kà,茹絞絞,16,jî-kà-kà,ji5ka3ka3,ji5ka3ka3
lû-tsháng-tsháng,茹藏藏,16,lû-chháng-chháng,lu5tshang2tshang2,lu5chhang2chhang2
tsháu-á-poo,草仔埔,16,chháu-á-po͘,tshau2a2poo1,chhau2a2poo1
tsháu-á-sik,草仔色,16,chháu-á-sek,tshau2a2sik4,chhau2a2sek4
tsháu-tuē-sông,草地倯,16,chháu-tōe-sông,tshau2tue7song5,chhau2toe7song5
tsháu-tē-sông,草地倯,16,chháu-tē-sông,tshau2te7song5,chhau2te7song5
tsháu-poo-á,草埔仔,16,chháu-po͘-á,tshau2poo1a2,chhau2poo1a2
tshó-kan-á,草橄仔,16,chhó-kan-á,tsho2kan1a2,chho2kan1a2
tshó-nî-má,草泥馬,16,chhó-nî-má,tsho2ni5ma2,chho2ni5ma2
tsháu-phí-á,草疕仔,16,chháu-phí-á,tshau2phi2a2,chhau2phi2a2
tsháu-kue-á,草雞仔,16,chháu-koe-á,tshau2kue1a2,chhau2koe1a2
tsháu-ê-tun,草鞋墩,16,chháu-ê-tun,tshau2e5tun1,chhau2e5tun1
tsháu-ê-thâng,草鞋蟲,16,chháu-ê-thâng,tshau2e5thang5,chhau2e5thang5
lāi-tsi-kak,荔枝角,16,lāi-chi-kak,lai7tsi1kak4,lai7chi1kak4
nāi-tsi-kak,荔枝角,16,nāi-chi-kak,nai7tsi1kak4,nai7chi1kak4
nǎi-tsi-kak,荔枝角,16,nǎi-chi-kak,nai6tsi1kak4,nai6chi1kak4
nāi-kìng-kì,荔鏡記,16,nāi-kèng-kì,nai7king3ki3,nai7keng3ki3
ho͘-lú-bóng,荷爾蒙,16,ho͘-lú-bóng,ho͘1lu2bong2,hoo1lu2bong2
hô-ní-bông,荷爾蒙,16,hô-ní-bông,ho5ni2bong5,ho5ni2bong5
hô-lân-tsuí,荷蘭水,16,hô-lân-chúi,ho5lan5tsui2,ho5lan5chui2
huê-liân-tāu,荷蘭豆,16,hôe-liân-tāu,hue5lian5tau7,hoe5lian5tau7
hô-lân-tāu,荷蘭豆,16,hô-lân-tāu,ho5lan5tau7,ho5lan5tau7
hô-lân-ti,荷蘭豬,16,hô-lân-ti,ho5lan5ti1,ho5lan5ti1
hô-lí-u̍t,荷里聿,16,hô-lí-u̍t,ho5li2ut8,ho5li2ut8
kí-kong-hō,莒光號,16,kí-kong-hō,ki2kong1ho7,ki2kong1ho7
mài-luān-háu,莫亂吼,16,mài-loān-háu,mai3luan7hau2,mai3loan7hau2
mài-ké-gâu,莫假𠢕,16,mài-ké-gâu,mai3ke2gau5,mai3ke2gau5
mài-siū-khì,莫受氣,16,mài-siū-khì,mai3siu7khi3,mai3siu7khi3
mài-lo-so,莫囉嗦,16,mài-lo-so,mai3lo1so1,mai3lo1so1
mài-jiá-guá,莫惹我,16,mài-jiá-góa,mai3jia2gua2,mai3jia2goa2
mài-tín-tāng,莫振動,16,mài-tín-tāng,mai3tin2tang7,mai3tin2tang7
mài-tang-lâu,莫東樓,16,mài-tang-lâu,mai3tang1lau5,mai3tang1lau5
bo̍h-lí-tǹg,莫理頓,16,bo̍h-lí-tǹg,boh8li2tng3,boh8li2tng3
mài-koh-mn̄g,莫閣問,16,mài-koh-mn̄g,mai3koh4mng7,mai3koh4mng7
mài-koh-kóng,莫閣講,16,mài-koh-kóng,mai3koh4kong2,mai3koh4kong2
tshì-tông-hāng,莿桐巷,16,chhì-tông-hāng,tshi3tong5hang7,chhi3tong5hang7
tshenn-á-tsâng,菁仔欉,16,chheⁿ-á-châng,tshenn1a2tsang5,chhenn1a2chang5
tshenn-tông-khenn,菁桐坑,16,chheⁿ-tông-kheⁿ,tshenn1tong5khenn1,chhenn1tong5khenn1
tshinn-tông-khinn,菁桐坑,16,chhiⁿ-tông-khiⁿ,tshinn1tong5khinn1,chhinn1tong5khinn1
koo-iû-ko,菇油膏,16,ko͘-iû-ko,koo1iu5ko1,koo1iu5ko1
tshài-huînn-á,菜園仔,16,chhài-hûiⁿ-á,tshai3huinn5a2,chhai3huinn5a2
tshài-tiàm-mâ,菜店mâ,16,chhài-tiàm-mâ,tshai3tiam3ma5,chhai3tiam3ma5
tshài-tiàm-piu,菜店彪,16,chhài-tiàm-piu,tshai3tiam3piu1,chhai3tiam3piu1
tshài-keh-á,菜格仔,16,chhài-keh-á,tshai3keh4a2,chhai3keh4a2
tshài-kue-tîn,菜瓜藤,16,chhài-koe-tîn,tshai3kue1tin5,chhai3koe1tin5
tshài-póo-nn̄g,菜脯卵,16,chhài-pó͘-nn̄g,tshai3poo2nng7,chhai3poo2nng7
tshài-póo-kut,菜脯骨,16,chhài-pó͘-kut,tshai3poo2kut4,chhai3poo2kut4
tshài-huàn-á,菜販仔,16,chhài-hoàn-á,tshai3huan3a2,chhai3hoan3a2
tshài-thâu-long,菜頭long,16,chhài-thâu-long,tshai3thau5long1,chhai3thau5long1
tshài-thâu-lóo,菜頭滷,16,chhài-thâu-ló͘,tshai3thau5loo2,chhai3thau5loo2
tshài-thâu-kué,菜頭粿,16,chhài-thâu-kóe,tshai3thau5kue2,chhai3thau5koe2
tshài-thâu-ké,菜頭粿,16,chhài-thâu-ké,tshai3thau5ke2,chhai3thau5ke2
tshài-thâu-hio̍h,菜頭葉,16,chhài-thâu-hio̍h,tshai3thau5hioh8,chhai3thau5hioh8
tshài-thâu-tsang,菜頭鬃,16,chhài-thâu-chang,tshai3thau5tsang1,chhai3thau5chang1
tshài-tsiáu-á,菜鳥仔,16,chhài-chiáu-á,tshai3tsiau2a2,chhai3chiau2a2
pa̍t-á-sái,菝仔屎,16,pa̍t-á-sái,pat8a2sai2,pat8a2sai2
pa̍t-á-nâ,菝仔林,16,pa̍t-á-nâ,pat8a2na5,pat8a2na5
pa̍t-á-tsiap,菝仔汁,16,pa̍t-á-chiap,pat8a2tsiap4,pat8a2chiap4
pua̍t-á-tsiap,菝仔汁,16,poa̍t-á-chiap,puat8a2tsiap4,poat8a2chiap4
pue-lîng-á,菠薐仔,16,poe-lêng-á,pue1ling5a2,poe1leng5a2
pue-lîng-tshài,菠薐菜,16,poe-lêng-chhài,pue1ling5tshai3,poe1leng5chhai3
lîng-kak-tshuì,菱角喙,16,lêng-kak-chhùi,ling5kak4tshui3,leng5kak4chhui3
lîng-kak-liông,菱角龍,16,lêng-kak-liông,ling5kak4liong5,leng5kak4liong5
bān-liân-khe,萬年溪,16,bān-liân-khe,ban7lian5khe1,ban7lian5khe1
bān-lí-thiat,萬理徹,16,bān-lí-thiat,ban7li2thiat4,ban7li2thiat4
bān-sìng-tseh,萬聖節,16,bān-sèng-cheh,ban7sing3tseh4,ban7seng3cheh4
bān-ia̍p-tsi̍p,萬葉集,16,bān-ia̍p-chi̍p,ban7iap8tsip8,ban7iap8chip8
e-á-tshài,萵仔菜,16,e-á-chhài,e1a2tshai3,e1a2chhai3
meh-á-tshài,萵仔菜,16,meh-á-chhài,meh4a2tshai3,meh4a2chhai3
ue-á-tshài,萵仔菜,16,oe-á-chhài,ue1a2tshai3,oe1a2chhai3
pián-thiok-tsháu,萹蓄草,16,pián-thiok-chháu,pian2thiok4tshau2,pian2thiok4chhau2
lo̍h-hā-suànn,落下傘,16,lo̍h-hā-sòaⁿ,loh8ha7suann3,loh8ha7soann3
lo̍h-thîng-kè,落停價,16,lo̍h-thêng-kè,loh8thing5ke3,loh8theng5ke3
lo̍h-thîng-puânn,落停盤,16,lo̍h-thêng-pôaⁿ,loh8thing5puann5,loh8theng5poann5
loh--tshē,落坐,16,loh--chhē,loh4tshe7,loh4chhe7
lo̍h-tuā-hōo,落大雨,16,lo̍h-tōa-hō͘,loh8tua7hoo7,loh8toa7hoo7
làu-thinn-keh,落天格,16,làu-thiⁿ-keh,lau3thinn1keh4,lau3thinn1keh4
lo̍h-bué-á,落尾仔,16,lo̍h-bóe-á,loh8bue2a2,loh8boe2a2
lo̍h-bué-tshiú,落尾手,16,lo̍h-bóe-chhiú,loh8bue2tshiu2,loh8boe2chhiu2
làu-sái-thòo,落屎吐,16,làu-sái-thò͘,lau3sai2thoo3,lau3sai2thoo3
làu-sái-tshenn,落屎星,16,làu-sái-chheⁿ,lau3sai2tshenn1,lau3sai2chhenn1
làu-sái-tshinn,落屎星,16,làu-sái-chhiⁿ,lau3sai2tshinn1,lau3sai2chhinn1
lo̍h-lâu-thui,落樓梯,16,lo̍h-lâu-thui,loh8lau5thui1,loh8lau5thui1
lo̍h-tsuí-thâu,落水頭,16,lo̍h-chúi-thâu,loh8tsui2thau5,loh8chui2thau5
làu-sià-thòo,落瀉吐,16,làu-sià-thò͘,lau3sia3thoo3,lau3sia3thoo3
lo̍h-tsu-seh,落珠雪,16,lo̍h-chu-seh,loh8tsu1seh4,loh8chu1seh4
lak--ah,落矣,16,lak--ah,lak4ah4,lak4ah4
lo̍h-tsio̍h-thâu,落石頭,16,lo̍h-chio̍h-thâu,loh8tsioh8thau5,loh8chioh8thau5
làu-khang-tshia,落空車,16,làu-khang-chhia,lau3khang1tshia1,lau3khang1chhia1
làu-khang-tsuā,落空逝,16,làu-khang-chōa,lau3khang1tsua7,lau3khang1choa7
lo̍h-bí-seh,落米雪,16,lo̍h-bí-seh,loh8bi2seh4,loh8bi2seh4
làu-si̍t-á,落翼仔,16,làu-si̍t-á,lau3sit8a2,lau3sit8a2
lak-tē-á,落袋仔,16,lak-tē-á,lak4te7a2,lak4te7a2
làu-phâu-khak,落跑殼,16,làu-phâu-khak,lau3phau5khak4,lau3phau5khak4
lak-tsînn-siann,落錢聲,16,lak-chîⁿ-siaⁿ,lak4tsinn5siann1,lak4chinn5siann1
lo̍h-hōo-pe̍h,落雨白,16,lo̍h-hō͘-pe̍h,loh8hoo7peh8,loh8hoo7peh8
hio̍h-á-soo,葉仔酥,16,hio̍h-á-so͘,hioh8a2soo1,hioh8a2soo1
ia̍p-gî-tin,葉宜津,16,ia̍p-gî-tin,iap8gi5tin1,iap8gi5tin1
ia̍p-kiok-lân,葉菊蘭,16,ia̍p-kiok-lân,iap8kiok4lan5,iap8kiok4lan5
tio̍h-tshìn-mooh,著凊瘼,16,tio̍h-chhìn-mo͘h,tioh8tshin3mooh4,tioh8chhin3mooh4
tio̍h--lah,著啦,16,tio̍h--lah,tioh8lah4,tioh8lah4
tio̍h-m̄-tio̍h,著毋著,16,tio̍h-m̄-tio̍h,tioh8m7tioh8,tioh8m7tioh8
tio̍h--bô,著無,16,tio̍h--bô,tioh8bo5,tioh8bo5
tio̍h-kông-hōo,著狂雨,16,tio̍h-kông-hō͘,tioh8kong5hoo7,tioh8kong5hoo7
tio̍h-than-hong,著癱風,16,tio̍h-than-hong,tioh8than1hong1,tioh8than1hong1
tio̍h-ke-ba̍k,著雞目,16,tio̍h-ke-ba̍k,tioh8ke1bak8,tioh8ke1bak8
tio̍h-ke-bông,著雞盲,16,tio̍h-ke-bông,tioh8ke1bong5,tioh8ke1bong5
tio̍h-kiann-tsuâ,著驚蛇,16,tio̍h-kiaⁿ-chôa,tioh8kiann1tsua5,tioh8kiann1choa5
phû-tô-gâ,葡萄牙,16,phû-tô-gâ,phu5to5ga5,phu5to5ga5
táng-kàm-sū,董監事,16,táng-kàm-sū,tang2kam3su7,tang2kam3su7
hôo-lôo-tun,葫蘆墩,16,hô͘-lô͘-tun,hoo5loo5tun1,hoo5loo5tun1
suàn-jiông-ki,蒜茸枝,16,soàn-jiông-ki,suan3jiong5ki1,soan3jiong5ki1
suàn-thâu-pháng,蒜頭麭,16,soàn-thâu-pháng,suan3thau5phang2,soan3thau5phang2
suàn-hiong-ki,蒜香枝,16,soàn-hiong-ki,suan3hiong1ki1,soan3hiong1ki1
hak-tshù-tē,蓄厝地,16,hak-chhù-tē,hak4tshu3te7,hak4chhu3te7
thiok-im-ki,蓄音機,16,thiok-im-ki,thiok4im1ki1,thiok4im1ki1
phōng-phōng-ing,蓬蓬坱,16,phōng-phōng-eng,phong7phong7ing1,phong7phong7eng1
liân-pôo-thâu,蓮苞頭,16,liân-pô͘-thâu,lian5poo5thau5,lian5poo5thau5
bān-tô-hue,蔓桃花,16,bān-tô-hoe,ban7to5hue1,ban7to5hoe1
bān-ua̍t-muî,蔓越莓,16,bān-oa̍t-mûi,ban7uat8mui5,ban7oat8mui5
tshuà-lîn-kian,蔡仁堅,16,chhòa-lîn-kian,tshua3lin5kian1,chhoa3lin5kian1
tshùa-pûe-húe,蔡培火,16,chhòa-pôe-hóe,tshua3pue5hue2,chhoa3poe5hoe2
tshuà-tshî-khun,蔡徐坤,16,chhòa-chhî-khun,tshua3tshi5khun1,chhoa3chhi5khun1
tshuà-i̍k-û,蔡易餘,16,chhòa-e̍k-û,tshua3ik8u5,chhoa3ek8u5
tshuà-ing-bûn,蔡英文,16,chhòa-eng-bûn,tshua3ing1bun5,chhoa3eng1bun5
tsiúnn-tiong-tsìng,蔣中正,16,chiúⁿ-tiong-chèng,tsiunn2tiong1tsing3,chiunn2tiong1cheng3
tsiúnn-kài-si̍k,蔣介石,16,chiúⁿ-kài-se̍k,tsiunn2kai3sik8,chiunn2kai3sek8
tsiúnn-kng-thâu,蔣光頭,16,chiúⁿ-kng-thâu,tsiunn2kng1thau5,chiunn2kng1thau5
tsiúnn-uī-suí,蔣渭水,16,chiúⁿ-ūi-súi,tsiunn2ui7sui2,chiunn2ui7sui2
tsiúnn-keng-kok,蔣經國,16,chiúⁿ-keng-kok,tsiunn2keng1kok4,chiunn2keng1kok4
tshang-á-tsu,蔥仔珠,16,chhang-á-chu,tshang1a2tsu1,chhang1a2chu1
tshang-á-piánn,蔥仔餅,16,chhang-á-piáⁿ,tshang1a2piann2,chhang1a2piann2
tshang-á-ah,蔥仔鴨,16,chhang-á-ah,tshang1a2ah4,chhang1a2ah4
tshang-iû-piánn,蔥油餅,16,chhang-iû-piáⁿ,tshang1iu5piann2,chhang1iu5piann2
lian--khì,蔫去,16,lian--khì,lian1khi3,lian1khi3
muâ-tāu-pó,蔴荳堡,16,môa-tāu-pó,mua5tau7po2,moa5tau7po2
huan-pô-kuí,蕃婆鬼,16,hoan-pô-kúi,huan1po5kui2,hoan1po5kui2
huan-bi̍t-pô,蕃密婆,16,hoan-bi̍t-pô,huan1bit8po5,hoan1bit8po5
han-tsî-liâu,蕃薯寮,16,han-chî-liâu,han1tsi5liau5,han1chi5liau5
han-tsû-liâu,蕃薯寮,16,han-chû-liâu,han1tsu5liau5,han1chu5liau5
siau-bí-khîm,蕭美琴,16,siau-bí-khîm,siau1bi2khim5,siau1bi2khim5
siau-bān-tiông,蕭萬長,16,siau-bān-tiông,siau1ban7tiong5,siau1ban7tiong5
kan-tan-tsîr,蕳砃薯,16,kan-tan-chîr,kan1tan1tsir5,kan1tan1chir5
ìng-tshài-hông,蕹菜癀,16,èng-chhài-hông,ing3tshai3hong5,eng3chhai3hong5
po̍k-á-ping,薄仔冰,16,po̍k-á-peng,pok8a2ping1,pok8a2peng1
po̍h-khak-á,薄殼仔,16,po̍h-khak-á,poh8khak4a2,poh8khak4a2
po̍k-hô-ping,薄荷冰,16,po̍k-hô-peng,pok8ho5ping1,pok8ho5peng1
po̍k-hô-tiâu,薄荷條,16,po̍k-hô-tiâu,pok8ho5tiau5,pok8ho5tiau5
po̍k-hô-gi̍k,薄荷玉,16,po̍k-hô-ge̍k,pok8ho5gik8,pok8ho5gek8
po̍k-hô-tiànn,薄荷錠,16,po̍k-hô-tiàⁿ,pok8ho5tiann3,pok8ho5tiann3
po̍k-hô-tiānn,薄荷錠,16,po̍k-hô-tiāⁿ,pok8ho5tiann7,pok8ho5tiann7
kiunn-bó-ah,薑母鴨,16,kiuⁿ-bó-ah,kiunn1bo2ah4,kiunn1bo2ah4
kiunn-bú-ah,薑母鴨,16,kiuⁿ-bú-ah,kiunn1bu2ah4,kiunn1bu2ah4
hiam-sng-thng,薟酸湯,16,hiam-sng-thng,hiam1sng1thng1,hiam1sng1thng1
hun-tshe-tshuì,薰吹喙,16,hun-chhe-chhùi,hun1tshe1tshui3,hun1chhe1chhui3
hun-tshue-tshuì,薰吹喙,16,hun-chhoe-chhùi,hun1tshue1tshui3,hun1chhoe1chhui3
hun-sái-thâu,薰屎頭,16,hun-sái-thâu,hun1sai2thau5,hun1sai2thau5
hun-kue̍h-á,薰橛仔,16,hun-koe̍h-á,hun1kueh8a2,hun1koeh8a2
hun-tsiat-á,薰節仔,16,hun-chiat-á,hun1tsiat4a2,hun1chiat4a2
hun-i-tsháu,薰衣草,16,hun-i-chháu,hun1i1tshau2,hun1i1chhau2
hun-thâu-á,薰頭仔,16,hun-thâu-á,hun1thau5a2,hun1thau5a2
lâm-m̂-á,藍莓仔,16,lâm-m̂-á,lam5m5a2,lam5m5a2
lâm-kim-hông,藍金黃,16,lâm-kim-hông,lam5kim1hong5,lam5kim1hong5
nâ-kim-n̂g,藍金黃,16,nâ-kim-n̂g,na5kim1ng5,na5kim1ng5
nâ-ku-kué,藍龜粿,16,nâ-ku-kóe,na5ku1kue2,na5ku1koe2
tshàng-miâ-huà,藏名化,16,chhàng-miâ-hòa,tshang3mia5hua3,chhang3mia5hoa3
tshàng-tsuí-thíng,藏水艇,16,chhàng-chúi-théng,tshang3tsui2thing2,chhang3chui2theng2
tshàng-tsuí-kàm,藏水艦,16,chhàng-chúi-kàm,tshang3tsui2kam3,chhang3chui2kam3
tshàng-tsuí-lām,藏水艦,16,chhàng-chúi-lām,tshang3tsui2lam7,chhang3chui2lam7
tshàng-tsuí-bih,藏水覕,16,chhàng-chúi-bih,tshang3tsui2bih4,chhang3chui2bih4
tsông-kiànn-jîn,藏鏡人,16,chông-kiàⁿ-jîn,tsong5kiann3jin5,chong5kiann3jin5
ngāu-hiú-khún,藕朽菌,16,ngāu-hiú-khún,ngau7hiu2khun2,ngau7hiu2khun2
gē-su̍t-phín,藝術品,16,gē-su̍t-phín,ge7sut8phin2,ge7sut8phin2
io̍h-tsng-tiàm,藥妝店,16,io̍h-chng-tiàm,ioh8tsng1tiam3,ioh8chng1tiam3
io̍h-tē-á,藥袋仔,16,io̍h-tē-á,ioh8te7a2,ioh8te7a2
io̍h-thâu-á,藥頭仔,16,io̍h-thâu-á,ioh8thau5a2,ioh8thau5a2
lôo-tik-tn̂g,蘆竹塘,16,lô͘-tek-tn̂g,loo5tik4tng5,loo5tek4tng5
soo-lâm-sîng,蘇南成,16,so͘-lâm-sêng,soo1lam5sing5,soo1lam5seng5
soo-ka-tsuân,蘇嘉全,16,so͘-ka-choân,soo1ka1tsuan5,soo1ka1choan5
soo-keh-lân,蘇格蘭,16,so͘-keh-lân,soo1keh4lan5,soo1keh4lan5
soo-tsing-tshiong,蘇貞昌,16,so͘-cheng-chhiong,soo1tsing1tshiong1,soo1cheng1chhiong1
phông-kó-phài,蘋果派,16,phông-kó-phài,phong5ko2phai3,phong5ko2phai3
hóo-á-bō,虎仔帽,16,hó͘-á-bō,hoo2a2bo7,hoo2a2bo7
hóo-kā-hông,虎咬癀,16,hó͘-kā-hông,hoo2ka7hong5,hoo2ka7hong5
hóo-thâu-pi,虎頭埤,16,hó͘-thâu-pi,hoo2thau5pi1,hoo2thau5pi1
hóo-lān-sian,虎𡳞仙,16,hó͘-lān-sian,hoo2lan7sian1,hoo2lan7sian1
tshí-lí-tsō,處女座,16,chhí-lí-chō,tshi2li2tso7,chhi2li2cho7
tshír-lír-tsō,處女座,16,chhír-lír-chō,tshir2lir2tso7,chhir2lir2cho7
tshú-lú-tsō,處女座,16,chhú-lú-chō,tshu2lu2tso7,chhu2lu2cho7
hi--ê,虛的,16,hi--ê,hi1e5,hi1e5
hi-hua-sim,虛華心,16,hi-hoa-sim,hi1hua1sim1,hi1hoa1sim1
khiû-si̍t-pēnn,虯翼病,16,khiû-si̍t-pēⁿ,khiu5sit8penn7,khiu5sit8penn7
khiû-si̍t-pīnn,虯翼病,16,khiû-si̍t-pīⁿ,khiu5sit8pinn7,khiu5sit8pinn7
khiû-koh-siap,虯閣澀,16,khiû-koh-siap,khiu5koh4siap4,khiu5koh4siap4
ô-á-koo,蚵仔菇,16,ô-á-ko͘,o5a2koo1,o5a2koo1
ham-á-piánn,蚶仔餅,16,ham-á-piáⁿ,ham1a2piann2,ham1a2piann2
ham-á-pháng,蚶仔麭,16,ham-á-pháng,ham1a2phang2,ham1a2phang2
ham-kā-ham,蚶咬蚶,16,ham-kā-ham,ham1ka7ham1,ham1ka7ham1
tsiù-tshuì-khí,蛀喙齒,16,chiù-chhùi-khí,tsiu3tshui3khi2,chiu3chhui3khi2
tsiù-khut-á,蛀窟仔,16,chiù-khut-á,tsiu3khut4a2,chiu3khut4a2
tsuâ-peh-á,蛇伯仔,16,chôa-peh-á,tsua5peh4a2,choa5peh4a2
kap-á-siû,蛤仔泅,16,kap-á-siû,kap4a2siu5,kap4a2siu5
kap-á-lân,蛤仔蘭,16,kap-á-lân,kap4a2lan5,kap4a2lan5
kap-á-thiàu,蛤仔跳,16,kap-á-thiàu,kap4a2thiau3,kap4a2thiau3
kap-á-lān,蛤仔難,16,kap-á-lān,kap4a2lan7,kap4a2lan7
phang-á-phàu,蜂仔炮,16,phang-á-phàu,phang1a2phau3,phang1a2phau3
phang-siū-ing,蜂岫癰,16,phang-siū-eng,phang1siu7ing1,phang1siu7eng1
phang-ông-ling,蜂王奶,16,phang-ông-leng,phang1ong5ling1,phang1ong5leng1
giâ-kang-kā,蜈蚣咬,16,giâ-kang-kā,gia5kang1ka7,gia5kang1ka7
giâ-kang-lūn,蜈蚣崙,16,giâ-kang-lūn,gia5kang1lun7,gia5kang1lun7
giâ-kang-sau,蜈蚣蛸,16,giâ-kang-sau,gia5kang1sau1,gia5kang1sau1
giâ-kang-koh,蜈蚣閣,16,giâ-kang-koh,gia5kang1koh4,gia5kang1koh4
ngôo-khî-tuà,蜈蜞帶,16,ngô͘-khî-tòa,ngoo5khi5tua3,ngoo5khi5toa3
ngôo-khî-sok,蜈蜞束,16,ngô͘-khî-sok,ngoo5khi5sok4,ngoo5khi5sok4
ngôo-khî-sann,蜈蜞衫,16,ngô͘-khî-saⁿ,ngoo5khi5sann1,ngoo5khi5sann1
ngôo-khî-bue̍h,蜈蜞襪,16,ngô͘-khî-boe̍h,ngoo5khi5bueh8,ngoo5khi5boeh8
ti-tu-kiap,蜘蛛俠,16,ti-tu-kiap,ti1tu1kiap4,ti1tu1kiap4
ti-tu-mo̍oh,蜘蛛膜,16,ti-tu-mo̍͘h,ti1tu1mooh8,ti1tu1mooh8
bi̍t-hi-kóo,蜜希古,16,bi̍t-hi-kó͘,bit8hi1koo2,bit8hi1koo2
bi̍t-tshú-lí,蜜處理,16,bi̍t-chhú-lí,bit8tshu2li2,bit8chhu2li2
he-á-phuê,蝦仔皮,16,he-á-phôe,he1a2phue5,he1a2phoe5
hê-á-tsìnn,蝦仔糋,16,hê-á-chìⁿ,he5a2tsinn3,he5a2chinn3
hê-koo-tsháu,蝦蛄草,16,hê-ko͘-chháu,he5koo1tshau2,he5koo1chhau2
hê-huân-hê,蝦還蝦,16,hê-hoân-hê,he5huan5he5,he5hoan5he5
ôo-tia̍p-siû,蝴蝶泅,16,ô͘-tia̍p-siû,oo5tiap8siu5,oo5tiap8siu5
ia̍h-á-siû,蝶仔泅,16,ia̍h-á-siû,iah8a2siu5,iah8a2siu5
ia̍h-á-kiû,蝶仔球,16,ia̍h-á-kiû,iah8a2kiu5,iah8a2kiu5
ia̍h-á-kat,蝶仔結,16,ia̍h-á-kat,iah8a2kat4,iah8a2kat4
îng-kong-pit,螢光筆,16,êng-kong-pit,ing5kong1pit4,eng5kong1pit4
lê-á-tshì,螺仔刺,16,lê-á-chhì,le5a2tshi3,le5a2chhi3
lê-á-piánn,螺仔餅,16,lê-á-piáⁿ,le5a2piann2,le5a2piann2
lê-á-pháng,螺仔麭,16,lê-á-pháng,le5a2phang2,le5a2phang2
lê-khak-kuài,螺殼怪,16,lê-khak-koài,le5khak4kuai3,le5khak4koai3
lôo-si-pue,螺絲桮,16,lô͘-si-poe,loo5si1pue1,loo5si1poe1
siān-thâng-á,蟮蟲仔,16,siān-thâng-á,sian7thang5a2,sian7thang5a2
giô--ê,蟯的,16,giô--ê,gio5e5,gio5e5
ngia̍uh-ngia̍uh-tsǹg,蟯蟯鑽,16,ngia̍uh-ngia̍uh-chǹg,ngiauh8ngiauh8tsng3,ngiauh8ngiauh8chng3
tsîm-bī-liâu,蟳味條,16,chîm-bī-liâu,tsim5bi7liau5,chim5bi7liau5
tsîm-bī-tshiam,蟳味簽,16,chîm-bī-chhiam,tsim5bi7tshiam1,chim5bi7chhiam1
than--ni,蟶呢,16,than--ni,than1ni1,than1ni1
than--ê,蟶的,16,than--ê,than1e5,than1e5
giat-á-thâng,蠍仔蟲,16,giat-á-thâng,giat4a2thang5,giat4a2thang5
báng-á-tsuí,蠓仔水,16,báng-á-chúi,bang2a2tsui2,bang2a2chui2
báng-á-tiān,蠓仔電,16,báng-á-tiān,bang2a2tian7,bang2a2tian7
báng-tiān-á,蠓電仔,16,báng-tiān-á,bang2tian7a2,bang2tian7a2
hô-kiànn-thang,蠔鏡窗,16,hô-kiàⁿ-thang,ho5kiann3thang1,ho5kiann3thang1
hueh-ap-kuân,血壓懸,16,hoeh-ap-koân,hueh4ap4kuan5,hoeh4ap4koan5
hiat-sió-pán,血小板,16,hiat-sió-pán,hiat4sio2pan2,hiat4sio2pan2
hueh-thn̂g-kē,血糖低,16,hoeh-thn̂g-kē,hueh4thng5ke7,hoeh4thng5ke7
kiânn-tsi̍t-liàn,行一輾,16,kiâⁿ-chi̍t-liàn,kiann5tsit8lian3,kiann5chit8lian3
kiânn-tsi̍t-lìn,行一輾,16,kiâⁿ-chi̍t-lìn,kiann5tsit8lin3,kiann5chit8lin3
kiânn-kiān-ki,行健機,16,kiâⁿ-kiān-ki,kiann5kian7ki1,kiann5kian7ki1
kiânn-āu-suann,行後山,16,kiâⁿ-āu-soaⁿ,kiann5au7suann1,kiann5au7soann1
hîng-tsìng-īnn,行政院,16,hêng-chèng-īⁿ,hing5tsing3inn7,heng5cheng3inn7
kiânn-la̍h-tsiá,行獵者,16,kiâⁿ-la̍h-chiá,kiann5lah8tsia2,kiann5lah8chia2
kiânn-tsûn-lâng,行船人,16,kiâⁿ-chûn-lâng,kiann5tsun5lang5,kiann5chun5lang5
kiânn-kha-hue,行跤花,16,kiâⁿ-kha-hoe,kiann5kha1hue1,kiann5kha1hoe1
kiânn-kha-ta̍h,行跤踏,16,kiâⁿ-kha-ta̍h,kiann5kha1tah8,kiann5kha1tah8
kiânn-lōo-tsháu,行路草,16,kiâⁿ-lō͘-chháu,kiann5loo7tshau2,kiann5loo7chhau2
su̍t-á-kiánn,術仔囝,16,su̍t-á-kiáⁿ,sut8a2kiann2,sut8a2kiann2
ke-pak-kè,街腹價,16,ke-pak-kè,ke1pak4ke3,ke1pak4ke3
kue-pak-kè,街腹價,16,koe-pak-kè,kue1pak4ke3,koe1pak4ke3
uē-sing-uánn,衛生碗,16,ōe-seng-óaⁿ,ue7sing1uann2,oe7seng1oann2
uē-sing-tī,衛生箸,16,ōe-seng-tī,ue7sing1ti7,oe7seng1ti7
uē-hok-pōo,衛福部,16,ōe-hok-pō͘,ue7hok4poo7,oe7hok4poo7
tshiong-âng-ting,衝紅燈,16,chhiong-âng-teng,tshiong1ang5ting1,chhiong1ang5teng1
hîng-iông-lōo,衡陽路,16,hêng-iông-lō͘,hing5iong5loo7,heng5iong5loo7
i-king-á,衣弓仔,16,i-keng-á,i1king1a2,i1keng1a2
sann-á-tiàm,衫仔店,16,saⁿ-á-tiàm,sann1a2tiam3,sann1a2tiam3
sann-tiàu-á,衫吊仔,16,saⁿ-tiàu-á,sann1tiau3a2,sann1tiau3a2
sann-king-á,衫弓仔,16,saⁿ-keng-á,sann1king1a2,sann1keng1a2
sann-kè-á,衫架仔,16,saⁿ-kè-á,sann1ke3a2,sann1ke3a2
sann-khòo-pang,衫褲枋,16,saⁿ-khò͘-pang,sann1khoo3pang1,sann1khoo3pang1
sann-khò-pang,衫靠枋,16,saⁿ-khò-pang,sann1kho3pang1,sann1kho3pang1
buē-tsiūnn-ba̍k,袂上目,16,bōe-chiūⁿ-ba̍k,bue7tsiunn7bak8,boe7chiunn7bak8
bē-thīn-tit,袂伨得,16,bē-thīn-tit,be7thin7tit4,be7thin7tit4
bē-sái-khàu,袂使哭,16,bē-sái-khàu,be7sai2khau3,be7sai2khau3
bē-sái-bô,袂使無,16,bē-sái-bô,be7sai2bo5,be7sai2bo5
bē-sái-tshiò,袂使笑,16,bē-sái-chhiò,be7sai2tshio3,be7sai2chhio3
bē-sái-tsia̍h,袂使食,16,bē-sái-chia̍h,be7sai2tsiah8,be7sai2chiah8
bē-sìn-tit,袂信得,16,bē-sìn-tit,be7sin3tit4,be7sin3tit4
bē-ké-ē,袂假會,16,bē-ké-ē,be7ke2e7,be7ke2e7
buē-tsuè-tsit,袂做得,16,bōe-chòe-chit,bue7tsue3tsit4,boe7choe3chit4
buē-tsò-tsit,袂做得,16,bōe-chò-chit,bue7tso3tsit4,boe7cho3chit4
bē-tsuè-tsit,袂做得,16,bē-chòe-chit,be7tsue3tsit4,be7choe3chit4
bē-tsò-tsit,袂做得,16,bē-chò-chit,be7tso3tsit4,be7cho3chit4
bē-tshut-tit,袂出得,16,bē-chhut-tit,be7tshut4tit4,be7chhut4tit4
bē-hô-puânn,袂和盤,16,bē-hô-pôaⁿ,be7ho5puann5,be7ho5poann5
bē-kham-tit,袂堪得,16,bē-kham-tit,be7kham1tit4,be7kham1tit4
bē-hiâm-tit,袂嫌得,16,bē-hiâm-tit,be7hiam5tit4,be7hiam5tit4
bē-tiānn-tio̍h,袂定著,16,bē-tiāⁿ-tio̍h,be7tiann7tioh8,be7tiann7tioh8
buē-tuì-tâng,袂對同,16,bōe-tùi-tâng,bue7tui3tang5,boe7tui3tang5
bē-tuì-tâng,袂對同,16,bē-tùi-tâng,be7tui3tang5,be7tui3tang5
bē-tsió-lâng,袂少人,16,bē-chió-lâng,be7tsio2lang5,be7chio2lang5
bē-lún-ti̍t,袂忍得,16,bē-lún-ti̍t,be7lun2tit8,be7lun2tit8
bē-jím-sim,袂忍心,16,bē-jím-sim,be7jim2sim1,be7jim2sim1
bē-tsheh-piàn,袂慼變,16,bē-chheh-piàn,be7tsheh4pian3,be7chheh4pian3
bē-thiu-thè,袂抽退,16,bē-thiu-thè,be7thiu1the3,be7thiu1the3
bē-tsih-la̍t,袂接力,16,bē-chih-la̍t,be7tsih4lat8,be7chih4lat8
bē-tshap-tit,袂插得,16,bē-chhap-tit,be7tshap4tit4,be7chhap4tit4
buē-siu-suann,袂收山,16,bōe-siu-soaⁿ,bue7siu1suann1,boe7siu1soann1
bē-siu-suann,袂收山,16,bē-siu-soaⁿ,be7siu1suann1,be7siu1soann1
buē-siu-suah,袂收煞,16,bōe-siu-soah,bue7siu1suah4,boe7siu1soah4
bē-siu-suah,袂收煞,16,bē-siu-soah,be7siu1suah4,be7siu1soah4
buē-kám-sī,袂敢是,16,bōe-kám-sī,bue7kam2si7,boe7kam2si7
bē-kám-sī,袂敢是,16,bē-kám-sī,be7kam2si7,be7kam2si7
bē-hiáu-sue,袂曉衰,16,bē-hiáu-soe,be7hiau2sue1,be7hiau2soe1
bē-sí-sim,袂死心,16,bē-sí-sim,be7si2sim1,be7si2sim1
bē-tshing-lóng,袂清朗,16,bē-chheng-lóng,be7tshing1long2,be7chheng1long2
buē-tiâu-tiánn,袂牢鼎,16,bōe-tiâu-tiáⁿ,bue7tiau5tiann2,boe7tiau5tiann2
bē-hiàn-sī,袂現示,16,bē-hiàn-sī,be7hian3si7,be7hian3si7
bē-hiān-sī,袂現示,16,bē-hiān-sī,be7hian7si7,be7hian7si7
bē-īng-tit,袂用得,16,bē-ēng-tit,be7ing7tit4,be7eng7tit4
bē-tàng-bô,袂當無,16,bē-tàng-bô,be7tang3bo5,be7tang3bo5
bē-tàng-ti̍t,袂當直,16,bē-tàng-ti̍t,be7tang3tit8,be7tang3tit8
bē-tàng-lāu,袂當老,16,bē-tàng-lāu,be7tang3lau7,be7tang3lau7
buē-khuànn-kháu,袂看口,16,bōe-khòaⁿ-kháu,bue7khuann3khau2,boe7khoann3khau2
bē-khuànn-tit,袂看得,16,bē-khòaⁿ-tit,be7khuann3tit4,be7khoann3tit4
bē-kóo-kán,袂苟簡,16,bē-kó͘-kán,be7koo2kan2,be7koo2kan2
bē-tio̍h-tit,袂著得,16,bē-tio̍h-tit,be7tioh8tit4,be7tioh8tit4
bē-po-tit,袂褒得,16,bē-po-tit,be7po1tit4,be7po1tit4
buē-iàu-kín,袂要緊,16,bōe-iàu-kín,bue7iau3kin2,boe7iau3kin2
bē-iàu-kín,袂要緊,16,bē-iàu-kín,be7iau3kin2,be7iau3kin2
buē-kiàn-siàu,袂見笑,16,bōe-kiàn-siàu,bue7kian3siau3,boe7kian3siau3
bē-kiàn-siàu,袂見笑,16,bē-kiàn-siàu,be7kian3siau3,be7kian3siau3
bē-piàn-khiàu,袂變竅,16,bē-piàn-khiàu,be7pian3khiau3,be7pian3khiau3
bē-hù-tsī,袂赴市,16,bē-hù-chī,be7hu3tsi7,be7hu3chi7
bē-khah-tōa,袂較大,16,bē-khah-tōa,be7khah4toa7,be7khah4toa7
bē-khah-sè,袂較細,16,bē-khah-sè,be7khah4se3,be7khah4se3
buē-su-leh,袂輸咧,16,bōe-su-leh,bue7su1leh4,boe7su1leh4
bē-liàn-tńg,袂輾轉,16,bē-liàn-tńg,be7lian3tng2,be7lian3tng2
bē-kuè-sim,袂過心,16,bē-kòe-sim,be7kue3sim1,be7koe3sim1
buē-kè-hong,袂過風,16,bōe-kè-hong,bue7ke3hong1,boe7ke3hong1
bē-kuè-hong,袂過風,16,bē-kòe-hong,be7kue3hong1,be7koe3hong1
buē-koh-tsài,袂閣再,16,bōe-koh-chài,bue7koh4tsai3,boe7koh4chai3
bē-kòo-tit,袂顧得,16,bē-kò͘-tit,be7koo3tit4,be7koo3tit4
bē-liâm-tiánn,袂黏鼎,16,bē-liâm-tiáⁿ,be7liam5tiann2,be7liam5tiann2
tē-á-hue,袋仔花,16,tē-á-hoe,te7a2hue1,te7a2hoe1
tē-tshí-liông,袋鼠龍,16,tē-chhí-liông,te7tshi2liong5,te7chhi2liong5
pī-hāi-tsía,被害者,16,pī-hāi-chiá,pi7hai7tsia2,pi7hai7chia2
kûn-tuà-tshài,裙帶菜,16,kûn-tòa-chhài,kun5tua3tshai3,kun5toa3chhai3
kûn-tuà-tāu,裙帶豆,16,kûn-tòa-tāu,kun5tua3tau7,kun5toa3tau7
thuìnn-pak-theh,褪腹裼,16,thùiⁿ-pak-theh,thuinn3pak4theh4,thuinn3pak4theh4
thǹg-pak-theh,褪腹裼,16,thǹg-pak-theh,thng3pak4theh4,thng3pak4theh4
thǹg-khòo-lān,褪褲𡳞,16,thǹg-khò͘-lān,thng3khoo3lan7,thng3khoo3lan7
thǹg-tshiah-kha,褪赤跤,16,thǹg-chhiah-kha,thng3tshiah4kha1,thng3chhiah4kha1
khòo-bue̍h-á,褲襪仔,16,khò͘-boe̍h-á,khoo3bueh8a2,khoo3boeh8a2
khim-hing-bah,襟胸肉,16,khim-heng-bah,khim1hing1bah4,khim1heng1bah4
se-a-tôo,西亞圖,16,se-a-tô͘,se1a1too5,se1a1too5
sai-pak-hōo,西北雨,16,sai-pak-hō͘,sai1pak4hoo7,sai1pak4hoo7
se-la-ngá,西拉雅,16,se-la-ngá,se1la1nga2,se1la1nga2
si-lá-iah,西拉雅,16,si-lá-iah,si1la2iah4,si1la2iah4
sai-káng-á,西港仔,16,sai-káng-á,sai1kang2a2,sai1kang2a2
sai-bí-lōo,西米露,16,sai-bí-lō͘,sai1bi2loo7,sai1bi2loo7
se-io̍h-pâng,西藥房,16,se-io̍h-pâng,se1ioh8pang5,se1ioh8pang5
se-ngá-tôo,西雅圖,16,se-ngá-tô͘,se1nga2too5,se1nga2too5
hok-phûn-tsú,覆盆子,16,hok-phûn-chú,hok4phun5tsu2,hok4phun5chu2
kìnn-kng-sí,見光死,16,kìⁿ-kng-sí,kinn3kng1si2,kinn3kng1si2
kìnn-thinn-keh,見天格,16,kìⁿ-thiⁿ-keh,kinn3thinn1keh4,kinn3thinn1keh4
kìnn-ha̍k-tâi,見學臺,16,kìⁿ-ha̍k-tâi,kinn3hak8tai5,kinn3hak8tai5
kui-puànn-poo,規半晡,16,kui-pòaⁿ-po͘,kui1puann3poo1,kui1poann3poo1
kui-sì-kè,規四界,16,kui-sì-kè,kui1si3ke3,kui1si3ke3
kui-uánn-phâng,規碗捀,16,kui-óaⁿ-phâng,kui1uann2phang5,kui1oann2phang5
kui-pak-hué,規腹火,16,kui-pak-hóe,kui1pak4hue2,kui1pak4hoe2
kui-pak-hé,規腹火,16,kui-pak-hé,kui1pak4he2,kui1pak4he2
bā-kere-á,覓雞仔,16,bā-kere-á,ba7kere1a2,ba7kere1a2
bih-ko̍k-ke,覕咯雞,16,bih-ko̍k-ke,bih4kok8ke1,bih4kok8ke1
bih-ko̍k-kue,覕咯雞,16,bih-ko̍k-koe,bih4kok8kue1,bih4kok8koe1
bih-tōng-khang,覕洞空,16,bih-tōng-khang,bih4tong7khang1,bih4tong7khang1
bih-sann-tshēr,覕相揣,16,bih-saⁿ-chhēr,bih4sann1tsher7,bih4sann1chher7
bih-sio-tshuē,覕相揣,16,bih-sio-chhōe,bih4sio1tshue7,bih4sio1chhoe7
bih-si̍t-hiā,覕翼蟻,16,bih-si̍t-hiā,bih4sit8hia7,bih4sit8hia7
sī-bāng-mo̍oh,視網膜,16,sī-bāng-mo̍͘h,si7bang7mooh8,si7bang7mooh8
tshin-kò-tsuē,親告罪,16,chhin-kò-chōe,tshin1ko3tsue7,chhin1ko3choe7
tshin-tsú-tóng,親子丼,16,chhin-chú-tóng,tshin1tsu2tong2,chhin1chu2tong2
kuan-lám-khì,觀覽器,16,koan-lám-khì,kuan1lam2khi3,koan1lam2khi3
kuan-im-má,觀音媽,16,koan-im-má,kuan1im1ma2,koan1im1ma2
kak-á-soo,角仔酥,16,kak-á-so͘,kak4a2soo1,kak4a2soo1
kak-á-liān,角仔鏈,16,kak-á-liān,kak4a2lian7,kak4a2lian7
kak-sún-ióng,角筍蛹,16,kak-sún-ióng,kak4sun2iong2,kak4sun2iong2
kak-sún-phang,角筍蜂,16,kak-sún-phang,kak4sun2phang1,kak4sun2phang1
kak-sún-thâng,角筍蟲,16,kak-sún-thâng,kak4sun2thang5,kak4sun2thang5
kak-kim-hî,角金魚,16,kak-kim-hî,kak4kim1hi5,kak4kim1hi5
kak-pîn-lu̍t,角頻率,16,kak-pîn-lu̍t,kak4pin5lut8,kak4pin5lut8
kái-ap-sok,解壓縮,16,kái-ap-sok,kai2ap4sok4,kai2ap4sok4
pi-pi-tsiáu,觱觱鳥,16,pi-pi-chiáu,pi1pi1tsiau2,pi1pi1chiau2
khok-á-te,觳仔炱,16,khok-á-te,khok4a2te1,khok4a2te1
khok-á-piánn,觳仔餅,16,khok-á-piáⁿ,khok4a2piann2,khok4a2piann2
giân-hîng-lio̍k,言行錄,16,giân-hêng-lio̍k,gian5hing5liok8,gian5heng5liok8
tīng-piān-tong,訂便當,16,tēng-piān-tong,ting7pian7tong1,teng7pian7tong1
khè-thîng-tshia,計程車,16,khè-thêng-chhia,khe3thing5tshia1,khe3theng5chhia1
kè-sǹg-ki,計算機,16,kè-sǹg-ki,ke3sng3ki1,ke3sng3ki1
thó-kheh-hiann,討契兄,16,thó-kheh-hiaⁿ,tho2kheh4hiann1,tho2kheh4hiann1
thó-khè-hiann,討契兄,16,thó-khè-hiaⁿ,tho2khe3hiann1,tho2khe3hiann1
thó-sioh-sioh,討惜惜,16,thó-sioh-sioh,tho2sioh4sioh4,tho2sioh4sioh4
thó-hái-lâng,討海人,16,thó-hái-lâng,tho2hai2lang5,tho2hai2lang5
thó-khan-thâu,討牽頭,16,thó-khan-thâu,tho2khan1thau5,tho2khan1thau5
siat-kè-su,設計師,16,siat-kè-su,siat4ke3su1,siat4ke3su1
khóo-sè-khái,許世楷,16,khó͘-sè-khái,khoo2se3khai2,khoo2se3khai2
khóo-sìn-liông,許世楷,16,khó͘-sìn-liông,khoo2sin3liong5,khoo2sin3liong5
khóo-sìn-liông,許信良,16,khó͘-sìn-liông,khoo2sin3liong5,khoo2sin3liong5
khóo-kok-hui,許國輝,16,khó͘-kok-hui,khoo2kok4hui1,khoo2kok4hui1
khóo-khun-guân,許崑源,16,khó͘-khun-goân,khoo2khun1guan5,khoo2khun1goan5
tsà-khi-huān,詐欺犯,16,chà-khi-hoān,tsa3khi1huan7,cha3khi1hoan7
tshì-khuànn-māi,試看覓,16,chhì-khòaⁿ-māi,tshi3khuann3mai7,chhi3khoann3mai7
tshì-kiâm-tsiánn,試鹹汫,16,chhì-kiâm-chiáⁿ,tshi3kiam5tsiann2,chhi3kiam5chiann2
tshì-kiâm-tānn,試鹹淡,16,chhì-kiâm-tāⁿ,tshi3kiam5tann7,chhi3kiam5tann7
siông-suàn-sū,詳算士,16,siông-soàn-sū,siong5suan3su7,siong5soan3su7
khue-bē-á,詼妹仔,16,khoe-bē-á,khue1be7a2,khoe1be7a2
khue-muē-á,詼妹仔,16,khoe-mōe-á,khue1mue7a2,khoe1moe7a2
khue-mē-á,詼妹仔,16,khoe-mē-á,khue1me7a2,khoe1me7a2
khue-tshit-á,詼姼仔,16,khoe-chhit-á,khue1tshit4a2,khoe1chhit4a2
jīn-bóo-sian,認某仙,16,jīn-bó͘-sian,jin7boo2sian1,jin7boo2sian1
jīn-kóo-tsìng,認股證,16,jīn-kó͘-chèng,jin7koo2tsing3,jin7koo2cheng3
tsiânn-siong-sim,誠傷心,16,chiâⁿ-siong-sim,tsiann5siong1sim1,chiann5siong1sim1
tsiânn-hó-tshuē,誠好揣,16,chiâⁿ-hó-chhōe,tsiann5ho2tshue7,chiann5ho2chhoe7
tsiânn-tsē-lâng,誠濟人,16,chiâⁿ-chē-lâng,tsiann5tse7lang5,chiann5che7lang5
tsiânn-bô-îng,誠無閒,16,chiâⁿ-bô-êng,tsiann5bo5ing5,chiann5bo5eng5
ta-ta-kiò,誻誻叫,16,ta-ta-kiò,ta1ta1kio3,ta1ta1kio3
tiâu-lí-pau,調理包,16,tiâu-lí-pau,tiau5li2pau1,tiau5li2pau1
thâu-king-á,調羹仔,16,thâu-keng-á,thau5king1a2,thau5keng1a2
tiâu-sik-puânn,調色盤,16,tiâu-sek-pôaⁿ,tiau5sik4puann5,tiau5sek4poann5
tâm-luân-ài,談戀愛,16,tâm-loân-ài,tam5luan5ai3,tam5loan5ai3
pián-sian-á,諞仙仔,16,pián-sian-á,pian2sian1a2,pian2sian1a2
gio̍h-lâng-tseh,謔人節,16,gio̍h-lâng-cheh,gioh8lang5tseh4,gioh8lang5cheh4
kóng-tsi̍t-pái,講一擺,16,kóng-chi̍t-pái,kong2tsit8pai2,kong2chit8pai2
kóng-tsi̍t-kái,講一改,16,kóng-chi̍t-kái,kong2tsit8kai2,kong2chit8kai2
kóng-tâi-gí,講台語,16,kóng-tâi-gí,kong2tai5gi2,kong2tai5gi2
kóng-siánn-siâu,講啥潲,16,kóng-siáⁿ-siâu,kong2siann2siau5,kong2siann2siau5
kóng-sán-uē,講瘦話,16,kóng-sán-ōe,kong2san2ue7,kong2san2oe7
kóng-pe̍h-tsha̍t,講白賊,16,kóng-pe̍h-chha̍t,kong2peh8tshat8,kong2peh8chhat8
kóng-ing-gí,講英語,16,kóng-eng-gí,kong2ing1gi2,kong2eng1gi2
siā-tiông-tîng,謝長廷,16,siā-tiông-têng,sia7tiong5ting5,sia7tiong5teng5
siā-suat-hông,謝雪紅,16,siā-soat-hông,sia7suat4hong5,sia7soat4hong5
hàm-kuā-kuā,譀呱呱,16,hàm-kōa-kōa,ham3kua7kua7,ham3koa7koa7
hàm-káu-siâu,譀狗潲,16,hàm-káu-siâu,ham3kau2siau5,ham3kau2siau5
hàm-hàm-á,譀譀仔,16,hàm-hàm-á,ham3ham3a2,ham3ham3a2
kìng-sī-ting,警示燈,16,kèng-sī-teng,king3si7ting1,keng3si7teng1
phì-lūn-kóng,譬論講,16,phì-lūn-kóng,phi3lun7kong2,phi3lun7kong2
hōo-lí-su,護理師,16,hō͘-lí-su,hoo7li2su1,hoo7li2su1
hōo-lí-tsām,護理站,16,hō͘-lí-chām,hoo7li2tsam7,hoo7li2cham7
hōo-lí-hē,護理系,16,hō͘-lí-hē,hoo7li2he7,hoo7li2he7
hōo-tûn-ko,護脣膏,16,hō͘-tûn-ko,hoo7tun5ko1,hoo7tun5ko1
tha̍k-tsheh-lâng,讀冊人,16,tha̍k-chheh-lâng,thak8tsheh4lang5,thak8chheh4lang5
pìnn-siànn-báng,變啥蠓,16,pìⁿ-siàⁿ-báng,pinn3siann3bang2,pinn3siann3bang2
pìnn-siánn-báng,變啥魍,16,pìⁿ-siáⁿ-báng,pinn3siann2bang2,pinn3siann2bang2
pìnn-bô-lián,變無輦,16,pìⁿ-bô-lián,pinn3bo5lian2,pinn3bo5lian2
pìnn-kâu-lāng,變猴弄,16,pìⁿ-kâu-lāng,pinn3kau5lang7,pinn3kau5lang7
pìnn-tshiò-khue,變笑詼,16,pìⁿ-chhiò-khoe,pinn3tshio3khue1,pinn3chhio3khoe1
piàn-tsit-giâm,變質岩,16,piàn-chit-giâm,pian3tsit4giam5,pian3chit4giam5
piàn-tsit-gâm,變質岩,16,piàn-chit-gâm,pian3tsit4gam5,pian3chit4gam5
tsán-tsán-tsán,讚讚讚,16,chán-chán-chán,tsan2tsan2tsan2,chan2chan2chan2
tāu-jú-ke,豆乳雞,16,tāu-jú-ke,tau7ju2ke1,tau7ju2ke1
tāu-lú-ke,豆乳雞,16,tāu-lú-ke,tau7lu2ke1,tau7lu2ke1
tāu-kuann-tsìnn,豆乾糋,16,tāu-koaⁿ-chìⁿ,tau7kuann1tsinn3,tau7koann1chinn3
tāu-á-tuann,豆仔單,16,tāu-á-toaⁿ,tau7a2tuann1,tau7a2toann1
tāu-á-tiám,豆仔點,16,tāu-á-tiám,tau7a2tiam2,tau7a2tiam2
tāu-kuann-tshù,豆干厝,16,tāu-koaⁿ-chhù,tau7kuann1tshu3,tau7koann1chhu3
tāu-iû-ko,豆油膏,16,tāu-iû-ko,tau7iu5ko1,tau7iu5ko1
tāu-hū-keh,豆腐格,16,tāu-hū-keh,tau7hu7keh4,tau7hu7keh4
tāu-ngeh-ióng,豆莢蛹,16,tāu-ngeh-ióng,tau7ngeh4iong2,tau7ngeh4iong2
tāu-tshài-gê,豆菜芽,16,tāu-chhài-gê,tau7tshai3ge5,tau7chhai3ge5
sīnn-tshài-thâu,豉菜頭,16,sīⁿ-chhài-thâu,sinn7tshai3thau5,sinn7chhai3thau5
uán-tāu-tshng,豌豆瘡,16,oán-tāu-chhng,uan2tau7tshng1,oan2tau7chhng1
tshiūnn-phīnn-ôo,象鼻湖,16,chhiūⁿ-phīⁿ-ô͘,tshiunn7phinn7oo5,chhiunn7phinn7oo5
ti-á-tshí,豬仔鼠,16,ti-á-chhí,ti1a2tshi2,ti1a2chhi2
tu-á-tshú,豬仔鼠,16,tu-á-chhú,tu1a2tshu2,tu1a2chhu2
ti-pat-kài,豬八戒,16,ti-pat-kài,ti1pat4kai3,ti1pat4kai3
ti-iau-kuài,豬妖怪,16,ti-iau-koài,ti1iau1kuai3,ti1iau1koai3
ti-bó-kàu,豬母教,16,ti-bó-kàu,ti1bo2kau3,ti1bo2kau3
ti-bú-kàu,豬母教,16,ti-bú-kàu,ti1bu2kau3,ti1bu2kau3
ti-iû-láu,豬油粩,16,ti-iû-láu,ti1iu5lau2,ti1iu5lau2
ti-hueh-kué,豬血稞,16,ti-hoeh-kóe,ti1hueh4kue2,ti1hoeh4koe2
ti-hueh-kué,豬血粿,16,ti-hoeh-kóe,ti1hueh4kue2,ti1hoeh4koe2
ti-kha-pau,豬跤包,16,ti-kha-pau,ti1kha1pau1,ti1kha1pau1
ti-kha-pn̄g,豬跤飯,16,ti-kha-pn̄g,ti1kha1png7,ti1kha1png7
ti-thâu-hông,豬頭癀,16,ti-thâu-hông,ti1thau5hong5,ti1thau5hong5
ti-thâu-tn̂g,豬頭腸,16,ti-thâu-tn̂g,ti1thau5tng5,ti1thau5tng5
tu-thâu-tn̂g,豬頭腸,16,tu-thâu-tn̂g,tu1thau5tng5,tu1thau5tng5
niau-á-lôo,貓仔奴,16,niau-á-lô͘,niau1a2loo5,niau1a2loo5
niau-á-pang,貓仔枋,16,niau-á-pang,niau1a2pang1,niau1a2pang1
niau-á-king,貓仔間,16,niau-á-keng,niau1a2king1,niau1a2keng1
niau-suá-siū,貓徙岫,16,niau-sóa-siū,niau1sua2siu7,niau1soa2siu7
niau-kè-á,貓架仔,16,niau-kè-á,niau1ke3a2,niau1ke3a2
bâu-lô-khue,貓羅溪,16,bâu-lô-khoe,bau5lo5khue1,bau5lo5khoe1
niau-láu-tuā,貓老大,16,niau-láu-tōa,niau1lau2tua7,niau1lau2toa7
bâ-bū-kng,貓霧光,16,bâ-bū-kng,ba5bu7kng1,ba5bu7kng1
bâ-bū-sak,貓霧捒,16,bâ-bū-sak,ba5bu7sak4,ba5bu7sak4
niau-bé-tsùn,貓馬俊,16,niau-bé-chùn,niau1be2tsun3,niau1be2chun3
pīn-tuānn-pau,貧惰包,16,pīn-tōaⁿ-pau,pin7tuann7pau1,pin7toann7pau1
pîn-tuānn-kut,貧惰骨,16,pîn-tōaⁿ-kut,pin5tuann7kut4,pin5toann7kut4
pîn-bîn-khut,貧民窟,16,pîn-bîn-khut,pin5bin5khut4,pin5bin5khut4
huè-kuī-tshù,貨櫃厝,16,hòe-kūi-chhù,hue3kui7tshu3,hoe3kui7chhu3
tham-tshin-tshi,貪嗔癡,16,tham-chhin-chhi,tham1tshin1tshi1,tham1chhin1chhi1
kǹg-hīnn-á,貫耳仔,16,kǹg-hīⁿ-á,kng3hinn7a2,kng3hinn7a2
thú-tsuí-tî,貯水池,16,thú-chúi-tî,thu2tsui2ti5,thu2chui2ti5
kuì-sam-sam,貴參參,16,kùi-sam-sam,kui3sam1sam1,kui3sam1sam1
kuì-som-som,貴參參,16,kùi-som-som,kui3som1som1,kui3som1som1
kuì-hū-lâng,貴婦人,16,kùi-hū-lâng,kui3hu7lang5,kui3hu7lang5
kuì-tsiu-síng,貴州省,16,kùi-chiu-séng,kui3tsiu1sing2,kui3chiu1seng2
bé-tshia-phiò,買車票,16,bé-chhia-phiò,be2tshia1phio3,be2chhia1phio3
tài-tshiat-á,貸切仔,16,tài-chhiat-á,tai3tshiat4a2,tai3chhiat4a2
tah-sim-á,貼心仔,16,tah-sim-á,tah4sim1a2,tah4sim1a2
tah-ba̍k-kiànn,貼目鏡,16,tah-ba̍k-kiàⁿ,tah4bak8kiann3,tah4bak8kiann3
thiap-tshìn-thâu,貼秤頭,16,thiap-chhìn-thâu,thiap4tshin3thau5,thiap4chhin3thau5
tah-ko-io̍h,貼膏藥,16,tah-ko-io̍h,tah4ko1ioh8,tah4ko1ioh8
tsu-liāu-khòo,資料庫,16,chu-liāu-khò͘,tsu1liau7khoo3,chu1liau7khoo3
tsu-tsìn-tóng,資進黨,16,chu-chìn-tóng,tsu1tsin3tong2,chu1chin3tong2
tsha̍t-á-pó,賊仔保,16,chha̍t-á-pó,tshat8a2po2,chhat8a2po2
tsha̍t-á-huè,賊仔貨,16,chha̍t-á-hòe,tshat8a2hue3,chhat8a2hoe3
tsha̍t-tsha̍t-ngia̍uh,賊賊蟯,16,chha̍t-chha̍t-ngia̍uh,tshat8tshat8ngiauh8,chhat8chhat8ngiauh8
buē-sin-bûn,賣新聞,16,bōe-sin-bûn,bue7sin1bun5,boe7sin1bun5
bē-sin-bûn,賣新聞,16,bē-sin-bûn,be7sin1bun5,be7sin1bun5
bē-phiò-ki,賣票機,16,bē-phiò-ki,be7phio3ki1,be7phio3ki1
buē-buē-khì,賣袂去,16,bōe-bōe-khì,bue7bue7khi3,boe7boe7khi3
bē-bē-khì,賣袂去,16,bē-bē-khì,be7be7khi3,be7be7khi3
bē-tâng-lô,賣銅鑼,16,bē-tâng-lô,be7tang5lo5,be7tang5lo5
tshun-guā-tsē,賰偌濟,16,chhun-gōa-chē,tshun1gua7tse7,chhun1goa7che7
lūa-tshing-tik,賴清德,16,lōa-chheng-tek,lua7tshing1tik4,loa7chheng1tek4
luā-luā-sô,賴賴趖,16,lōa-lōa-sô,lua7lua7so5,loa7loa7so5
sài-hā-tso̍k,賽夏族,16,sài-hā-cho̍k,sai3ha7tsok8,sai3ha7chok8
tsīng-ú-suè,贈與稅,16,chēng-ú-sòe,tsing7u2sue3,cheng7u2soe3
tsàn-siann-tuī,贊聲隊,16,chàn-siaⁿ-tūi,tsan3siann1tui7,chan3siann1tui7
tshiah-sió-tāu,赤小豆,16,chhiah-sió-tāu,tshiah4sio2tau7,chhiah4sio2tau7
tshiah-suann-pó,赤山堡,16,chhiah-soaⁿ-pó,tshiah4suann1po2,chhiah4soann1po2
tshiah-khàm-lâu,赤崁樓,16,chhiah-khàm-lâu,tshiah4kham3lau5,chhiah4kham3lau5
tshiah-tsa-bóo,赤查某,16,chhiah-cha-bó͘,tshiah4tsa1boo2,chhiah4cha1boo2
tshiah-lūn-thôo,赤潤塗,16,chhiah-lūn-thô͘,tshiah4lun7thoo5,chhiah4lun7thoo5
tshiah-hueh-kiû,赤血球,16,chhiah-hoeh-kiû,tshiah4hueh4kiu5,chhiah4hoeh4kiu5
tshiah-hong-káu,赤風狗,16,chhiah-hong-káu,tshiah4hong1kau2,chhiah4hong1kau2
tshiah-lia̍p-kak,赤鱲角,16,chhiah-lia̍p-kak,tshiah4liap8kak4,chhiah4liap8kak4
tshiak-lia̍p-kak,赤鱲角,16,chhiak-lia̍p-kak,tshiak4liap8kak4,chhiak4liap8kak4
tshik-lia̍p-kak,赤鱲角,16,chhek-lia̍p-kak,tshik4liap8kak4,chhek4liap8kak4
tsáu-tsi̍t-liàn,走一輾,16,cháu-chi̍t-liàn,tsau2tsit8lian3,chau2chit8lian3
tsáu-liáu-liáu,走了了,16,cháu-liáu-liáu,tsau2liau2liau2,chau2liau2liau2
tsáu-kiān-ki,走健機,16,cháu-kiān-ki,tsau2kian7ki1,chau2kian7ki1
tsáu-kang-ôo,走江湖,16,cháu-kang-ô͘,tsau2kang1oo5,chau2kang1oo5
tsáu-sann-lia̍h,走相掠,16,cháu-saⁿ-lia̍h,tsau2sann1liah8,chau2sann1liah8
tsáu-sann-tsip,走相逐,16,cháu-saⁿ-chip,tsau2sann1tsip4,chau2sann1chip4
tsáu-sio-giok,走相逐,16,cháu-sio-giok,tsau2sio1giok4,chau2sio1giok4
tsáu-sio-jiok,走相逐,16,cháu-sio-jiok,tsau2sio1jiok4,chau2sio1jiok4
tsáu-sio-lip,走相逐,16,cháu-sio-lip,tsau2sio1lip4,chau2sio1lip4
tsáu-sio-tsip,走相逐,16,cháu-sio-chip,tsau2sio1tsip4,chau2sio1chip4
tsáu-âng-ting,走紅燈,16,cháu-âng-teng,tsau2ang5ting1,chau2ang5teng1
tsáu-buē-khì,走袂去,16,cháu-bōe-khì,tsau2bue7khi3,chau2boe7khi3
tsáu-bē-khì,走袂去,16,cháu-bē-khì,tsau2be7khi3,chau2be7khi3
tsáu-kha-pang,走跤枋,16,cháu-kha-pang,tsau2kha1pang1,chau2kha1pang1
tsáu-tn̂g-bá,走長碼,16,cháu-tn̂g-bá,tsau2tng5ba2,chau2tng5ba2
tsáu-bé-lông,走馬廊,16,cháu-bé-lông,tsau2be2long5,chau2be2long5
tsáu-bé-khak,走馬殼,16,cháu-bé-khak,tsau2be2khak4,chau2be2khak4
tsáu-bé-ting,走馬燈,16,cháu-bé-teng,tsau2be2ting1,chau2be2teng1
tsáu-bé-hông,走馬癀,16,cháu-bé-hông,tsau2be2hong5,chau2be2hong5
tsáu-bé-lōo,走馬路,16,cháu-bé-lō͘,tsau2be2loo7,chau2be2loo7
khí-bái-moo,起䆀毛,16,khí-bái-mo͘,khi2bai2moo1,khi2bai2moo1
khí-ka-iam,起交陰,16,khí-ka-iam,khi2ka1iam1,khi2ka1iam1
khí-tshìn-nah,起凊凹,16,khí-chhìn-nah,khi2tshin3nah4,khi2chhin3nah4
khí-tshìn-mooh,起凊瘼,16,khí-chhìn-mo͘h,khi2tshin3mooh4,khi2chhin3mooh4
khí-pò-thâu,起報頭,16,khí-pò-thâu,khi2po3thau5,khi2po3thau5
khí-thôo-pô,起塗婆,16,khí-thô͘-pô,khi2thoo5po5,khi2thoo5po5
khí-thôo-liông,起塗龍,16,khí-thô͘-liông,khi2thoo5liong5,khi2thoo5liong5
khí-thôo-lîng,起塗龍,16,khí-thô͘-lêng,khi2thoo5ling5,khi2thoo5leng5
khí-ke-tshù,起家厝,16,khí-ke-chhù,khi2ke1tshu3,khi2ke1chhu3
khí-sìng-tuē,起性地,16,khí-sèng-tōe,khi2sing3tue7,khi2seng3toe7
khí-sìng-tē,起性地,16,khí-sèng-tē,khi2sing3te7,khi2seng3te7
khí-pháinn-sè,起歹勢,16,khí-pháiⁿ-sè,khi2phainn2se3,khi2phainn2se3
khí-moo-jī,起毛字,16,khí-mo͘-jī,khi2moo1ji7,khi2moo1ji7
khí-hué-tshâ,起火柴,16,khí-hóe-chhâ,khi2hue2tsha5,khi2hoe2chha5
khí-káu-tu,起狗㧣,16,khí-káu-tu,khi2kau2tu1,khi2kau2tu1
khí-tsīn-pōng,起盡磅,16,khí-chīn-pōng,khi2tsin7pong7,khi2chin7pong7
khí-bah-pho,起肉波,16,khí-bah-pho,khi2bah4pho1,khi2bah4pho1
khí-pà-hong,起豹風,16,khí-pà-hong,khi2pa3hong1,khi2pa3hong1
khí-pà-pio,起豹飆,16,khí-pà-pio,khi2pa3pio1,khi2pa3pio1
khí-tsiú-siáu,起酒痟,16,khí-chiú-siáu,khi2tsiu2siau2,khi2chiu2siau2
khí-tsînn-huán,起錢反,16,khí-chîⁿ-hoán,khi2tsinn5huan2,khi2chinn5hoan2
khí-bông-bū,起雺霧,16,khí-bông-bū,khi2bong5bu7,khi2bong5bu7
thàn-tsi̍t-khang,趁一空,16,thàn-chi̍t-khang,than3tsit8khang1,than3chit8khang1
thàn-tsia̍h-lâng,趁食人,16,thàn-chia̍h-lâng,than3tsiah8lang5,than3chiah8lang5
thàn-tsia̍h-ê,趁食的,16,thàn-chia̍h-ê,than3tsiah8e5,than3chiah8e5
tshiau-âng-ting,超紅燈,16,chhiau-âng-teng,tshiau1ang5ting1,chhiau1ang5teng1
tshiau-lîng-li̍k,超能力,16,chhiau-lêng-le̍k,tshiau1ling5lik8,chhiau1leng5lek8
tshiau-liân-kiat,超連結,16,chhiau-liân-kiat,tshiau1lian5kiat4,chhiau1lian5kiat4
sô-tē-tsiá,趖地者,16,sô-tē-chiá,so5te7tsia2,so5te7chia2
sô-sô-ā,趖趖也,16,sô-sô-ā,so5so5a7,so5so5a7
tshu-lâu-á,趨樓仔,16,chhu-lâu-á,tshu1lau5a2,chhu1lau5a2
tshu-tsuí-to,趨水道,16,chhu-chúi-to,tshu1tsui2to1,chhu1chui2to1
tshū-liu-lông,趨流籠,16,chhū-liu-lông,tshu7liu1long5,chhu7liu1long5
tshu-liu-lông,趨溜廊,16,chhu-liu-lông,tshu1liu1long5,chhu1liu1long5
tshu-liu-tō,趨溜道,16,chhu-liu-tō,tshu1liu1to7,chhu1liu1to7
tshu-bé-liu,趨馬溜,16,chhu-bé-liu,tshu1be2liu1,chhu1be2liu1
tsiok-kóo-tsui,足古錐,16,chiok-kó͘-chui,tsiok4koo2tsui1,chiok4koo2chui1
tsiok-pi-ai,足悲哀,16,chiok-pi-ai,tsiok4pi1ai1,chiok4pi1ai1
tsiok-ài-khùn,足愛睏,16,chiok-ài-khùn,tsiok4ai3khun3,chiok4ai3khun3
tsiok-ū-miâ,足有名,16,chiok-ū-miâ,tsiok4u7mia5,chiok4u7mia5
tsiok-huann-hí,足歡喜,16,chiok-hoaⁿ-hí,tsiok4huann1hi2,chiok4hoann1hi2
tsiok--ê,足的,16,chiok--ê,tsiok4e5,chiok4e5
tsiok-ngē-táu,足硬鬥,16,chiok-ngē-táu,tsiok4nge7tau2,chiok4nge7tau2
tsiok-tshù-bī,足趣味,16,chiok-chhù-bī,tsiok4tshu3bi7,chiok4chhu3bi7
tsiok-mâ-huân,足麻煩,16,chiok-mâ-hoân,tsiok4ma5huan5,chiok4ma5hoan5
tâi-kûn-tō,跆拳道,16,tâi-kûn-tō,tai5kun5to7,tai5kun5to7
pua̍h--tó,跋倒,16,poa̍h--tó,puah8to2,poah8to2
pua̍h-pue-hō,跋桮號,16,poa̍h-poe-hō,puah8pue1ho7,poah8poe1ho7
pua̍h-pháinn-kiáu,跋歹筊,16,poa̍h-pháiⁿ-kiáu,puah8phainn2kiau2,poah8phainn2kiau2
pua̍h-lo̍h-lâi,跋落來,16,poa̍h-lo̍h-lâi,puah8loh8lai5,poah8loh8lai5
pua̍h-lo̍h-tsím,跋落枕,16,poa̍h-lo̍h-chím,puah8loh8tsim2,poah8loh8chim2
kin-tuè-tsiá,跟綴者,16,kin-tòe-chiá,kin1tue3tsia2,kin1toe3chia2
kha-á-sian,跤仔先,16,kha-á-sian,kha1a2sian1,kha1a2sian1
kha-tiām-á,跤墊仔,16,kha-tiām-á,kha1tiam7a2,kha1tiam7a2
kha-āu-kin,跤後筋,16,kha-āu-kin,kha1au7kin1,kha1au7kin1
kha-āu-tóo,跤後肚,16,kha-āu-tó͘,kha1au7too2,kha1au7too2
kha-āu-kin,跤後跟,16,kha-āu-kin,kha1au7kin1,kha1au7kin1
kha-tshiú-mé,跤手猛,16,kha-chhiú-mé,kha1tshiu2me2,kha1chhiu2me2
kha-tshiú-tsiān,跤手賤,16,kha-chhiú-chiān,kha1tshiu2tsian7,kha1chhiu2chian7
kha-tòng-hué,跤擋火,16,kha-tòng-hóe,kha1tong3hue2,kha1tong3hoe2
kha-tòng-hé,跤擋火,16,kha-tòng-hé,kha1tong3he2,kha1tong3he2
kha-tòng-ting,跤擋燈,16,kha-tòng-teng,kha1tong3ting1,kha1tong3teng1
kha-sau-á,跤梢仔,16,kha-sau-á,kha1sau1a2,kha1sau1a2
kha-tóo-jîn,跤肚仁,16,kha-tó͘-jîn,kha1too2jin5,kha1too2jin5
kha-tóo-tshoo,跤肚粗,16,kha-tó͘-chho͘,kha1too2tshoo1,kha1too2chhoo1
kha-tóo-bah,跤肚肉,16,kha-tó͘-bah,kha1too2bah4,kha1too2bah4
kha-tshia-tîn,跤車藤,16,kha-chhia-tîn,kha1tshia1tin5,kha1chhia1tin5
kha-thâu-uánn,跤頭腕,16,kha-thâu-óaⁿ,kha1thau5uann2,kha1thau5oann2
kha-thâu-hu,跤頭趺,16,kha-thâu-hu,kha1thau5hu1,kha1thau5hu1
kha-thâu-u,跤頭趺,16,kha-thâu-u,kha1thau5u1,kha1thau5u1
kha-tâ-u,跤頭趺,16,kha-tâ-u,kha1ta5u1,kha1ta5u1
kha-tsia̍h-tîn,跤食藤,16,kha-chia̍h-tîn,kha1tsiah8tin5,kha1chiah8tin5
tsuāi--tsi̍h,跩折,16,choāi--chi̍h,tsuai7tsih8,choai7chih8
tsuāinn--tsi̍h,跩折,16,choāiⁿ--chi̍h,tsuainn7tsih8,choainn7chih8
tsuāi-lián-tńg,跩輾轉,16,choāi-lián-tńg,tsuai7lian2tng2,choai7lian2tng2
tsuāinn-lián-tńg,跩輾轉,16,choāiⁿ-lián-tńg,tsuainn7lian2tng2,choainn7lian2tng2
lōo-kôo-muê,路糊糜,16,lō͘-kô͘-môe,loo7koo5mue5,loo7koo5moe5
lōo-pinn-hue,路邊花,16,lō͘-piⁿ-hoe,loo7pinn1hue1,loo7pinn1hoe1
thiàu-làng-suh,跳 làng-suh,16,thiàu-làng-suh,thiau3lang3suh4,thiau3lang3suh4
thiàu-tik-ko,跳竹篙,16,thiàu-tek-ko,thiau3tik4ko1,thiau3tek4ko1
thiàu-ti-bú,跳豬舞,16,thiàu-ti-bú,thiau3ti1bu2,thiau3ti1bu2
thiàu-kha-ke,跳跤雞,16,thiàu-kha-ke,thiau3kha1ke1,thiau3kha1ke1
thiàu-kha-kue,跳跤雞,16,thiàu-kha-koe,thiau3kha1kue1,thiau3kha1koe1
se̍h-kháu-līng,踅口令,16,se̍h-kháu-lēng,seh8khau2ling7,seh8khau2leng7
se̍h-tín-tāng,踅振動,16,se̍h-tín-tāng,seh8tin2tang7,seh8tin2tang7
se̍h-lin-long,踅玲瑯,16,se̍h-lin-long,seh8lin1long1,seh8lin1long1
ta̍h-i̋ng-jín,踏引擎,16,ta̍h-ĕng-jín,tah8ing1jin2,tah8eng9jin2
ta̍h-uē-thâu,踏話頭,16,ta̍h-ōe-thâu,tah8ue7thau5,tah8oe7thau5
that--á,踢仔,16,that--á,that4a2,that4a2
that-kha-kiû,踢跤球,16,that-kha-kiû,that4kha1kiu5,that4kha1kiu5
tiàm-tshù-lāi,踮厝內,16,tiàm-chhù-lāi,tiam3tshu3lai7,tiam3chhu3lai7
tiàm-tsuí-bī,踮水沫,16,tiàm-chúi-bī,tiam3tsui2bi7,tiam3chui2bi7
tiàm-bī-thíng,踮沬艇,16,tiàm-bī-théng,tiam3bi7thing2,tiam3bi7theng2
tiàm-khang-ku,踮空龜,16,tiàm-khang-ku,tiam3khang1ku1,tiam3khang1ku1
tship-pōo-kiânn,蹐步行,16,chhip-pō͘-kiâⁿ,tship4poo7kiann5,chhip4poo7kiann5
tuà-guā-kháu,蹛外口,16,tòa-gōa-kháu,tua3gua7khau2,toa3goa7khau2
tuà-tsng-kha,蹛庄跤,16,tòa-chng-kha,tua3tsng1kha1,toa3chng1kha1
khiau-khiau-pang,蹺蹺板,16,khiau-khiau-pang,khiau1khiau1pang1,khiau1khiau1pang1
sò-ut-tsìng,躁鬱症,16,sò-ut-chèng,so3ut4tsing3,so3ut4cheng3
phih-phak-ànn,躄仆向,16,phih-phak-àⁿ,phih4phak4ann3,phih4phak4ann3
phih-phak-hóo,躄覆俯,16,phih-phak-hó͘,phih4phak4hoo2,phih4phak4hoo2
phih-phak-ǹg,躄覆向,16,phih-phak-ǹg,phih4phak4ng3,phih4phak4ng3
tiû-tû-pang,躊躇邦,16,tiû-tû-pang,tiu5tu5pang1,tiu5tu5pang1
liòng-khí-lâi,躘起來,16,liòng-khí-lâi,liong3khi2lai5,liong3khi2lai5
sin-sim-kho,身心科,16,sin-sim-kho,sin1sim1kho1,sin1sim1kho1
sin-khu-ko,身軀膏,16,sin-khu-ko,sin1khu1ko1,sin1khu1ko1
lò-bué-á,躼尾仔,16,lò-bóe-á,lo3bue2a2,lo3boe2a2
lò-bé-á,躼尾仔,16,lò-bé-á,lo3be2a2,lo3be2a2
lò-kha-á,躼跤仔,16,lò-kha-á,lo3kha1a2,lo3kha1a2
lò-lò-tn̂g,躼躼長,16,lò-lò-tn̂g,lo3lo3tng5,lo3lo3tng5
nǹg-suann-tshí,軁山鼠,16,nǹg-soaⁿ-chhí,nng3suann1tshi2,nng3soann1chhi2
nǹg-kiō-kha,軁轎跤,16,nǹg-kiō-kha,nng3kio7kha1,nng3kio7kha1
tshia-tòng-tûn,車擋脣,16,chhia-tòng-tûn,tshia1tong3tun5,chhia1tong3tun5
tshia-ke-lōo,車街路,16,chhia-ke-lō͘,tshia1ke1loo7,chhia1ke1loo7
tshia-lián-pâi,車輪牌,16,chhia-lián-pâi,tshia1lian2pai5,chhia1lian2pai5
tshia-lián-kué,車輪粿,16,chhia-lián-kóe,tshia1lian2kue2,chhia1lian2koe2
tshia-lián-piánn,車輪餅,16,chhia-lián-piáⁿ,tshia1lian2piann2,chhia1lian2piann2
tshia-tíng-bīn,車頂面,16,chhia-téng-bīn,tshia1ting2bin7,chhia1teng2bin7
tshia-kóo-tīn,車鼓陣,16,chhia-kó͘-tīn,tshia1koo2tin7,chhia1koo2tin7
kun-kuann-tiau,軍官鵰,16,kun-koaⁿ-tiau,kun1kuann1tiau1,kun1koann1tiau1
nńg-khau-sî,軟剾匙,16,nńg-khau-sî,nng2khau1si5,nng2khau1si5
nńg-bó-á,軟母仔,16,nńg-bó-á,nng2bo2a2,nng2bo2a2
nńg-bú-á,軟母仔,16,nńg-bú-á,nng2bu2a2,nng2bu2a2
nńg-kiû-á,軟球仔,16,nńg-kiû-á,nng2kiu5a2,nng2kiu5a2
nńg-náu-mo̍oh,軟腦膜,16,nńg-náu-mo̍͘h,nng2nau2mooh8,nng2nau2mooh8
nńg-ka-kó,軟膠果,16,nńg-ka-kó,nng2ka1ko2,nng2ka1ko2
ti̍k-sim-kok,軸心國,16,te̍k-sim-kok,tik8sim1kok4,tek8sim1kok4
khah-tiām-hong,較恬風,16,khah-tiām-hong,khah4tiam7hong1,khah4tiam7hong1
khah-tiām-huang,較恬風,16,khah-tiām-hoang,khah4tiam7huang1,khah4tiam7hoang1
khah-tsá-khùn,較早睏,16,khah-chá-khùn,khah4tsa2khun3,khah4cha2khun3
khah-tiâu-ti̍t,較條直,16,khah-tiâu-ti̍t,khah4tiau5tit8,khah4tiau5tit8
khah-bô-hong,較無風,16,khah-bô-hong,khah4bo5hong1,khah4bo5hong1
khah-bô-huang,較無風,16,khah-bô-hoang,khah4bo5huang1,khah4bo5hoang1
khah-kui-khì,較規氣,16,khah-kui-khì,khah4kui1khi3,khah4kui1khi3
khah-iânn-bīn,較贏面,16,khah-iâⁿ-bīn,khah4iann5bin7,khah4iann5bin7
khah-kuánn-kín,較趕緊,16,khah-kóaⁿ-kín,khah4kuann2kin2,khah4koann2kin2
khing-piān-tshia,輕便車,16,kheng-piān-chhia,khing1pian7tshia1,kheng1pian7chhia1
khin-sió-suat,輕小說,16,khin-sió-soat,khin1sio2suat4,khin1sio2soat4
khing-sió-suat,輕小說,16,kheng-sió-soat,khing1sio2suat4,kheng1sio2soat4
khing-tām-tsuí,輕淡水,16,kheng-tām-chúi,khing1tam7tsui2,kheng1tam7chui2
khin-sang-hîm,輕鬆熊,16,khin-sang-hîm,khin1sang1him5,khin1sang1him5
tsu-mi̍h-ki,輜物機,16,chu-mi̍h-ki,tsu1mih8ki1,chu1mih8ki1
su-ji̍p-hoat,輸入法,16,su-ji̍p-hoat,su1jip8hoat4,su1jip8hoat4
khong-pé-á,輸送帶,16,khong-pé-á,khong1pe2a2,khong1pe2a2
lián-á-ê,輾仔鞋,16,lián-á-ê,lian2a2e5,lian2a2e5
liàn-thian-tshia,輾天車,16,liàn-thian-chhia,lian3thian1tshia1,lian3thian1chhia1
liàn--ê,輾的,16,liàn--ê,lian3e5,lian3e5
tńg--tshù,轉厝,16,tńg--chhù,tng2tshu3,tng2chhu3
tuínn--khì,轉去,16,túiⁿ--khì,tuinn2khi3,tuinn2khi3
tsuán-tâi-khì,轉台器,16,choán-tâi-khì,tsuan2tai5khi3,choan2tai5khi3
tńg-hiān-lu̍t,轉現率,16,tńg-hiān-lu̍t,tng2hian7lut8,tng2hian7lut8
tńg-ūn-tsām,轉運站,16,tńg-ūn-chām,tng2un7tsam7,tng2un7cham7
tńg-tsînn-khang,轉錢空,16,tńg-chîⁿ-khang,tng2tsinn5khang1,tng2chinn5khang1
sin-thiú-nî,辛丑年,16,sin-thiú-nî,sin1thiu2ni5,sin1thiu2ni5
sin-pa-ui,辛巴威,16,sin-pa-ui,sin1pa1ui1,sin1pa1ui1
sin-uân-ti̍t,辛烷值,16,sin-oân-ti̍t,sin1uan5tit8,sin1oan5tit8
koo-tsín-hú,辜振甫,16,ko͘-chín-hú,koo1tsin2hu2,koo1chin2hu2
piān-sik-bé,辨識碼,16,piān-sek-bé,pian7sik4be2,pian7sek4be2
ngiâ-sîn-bîng,迎神明,16,ngiâ-sîn-bêng,ngia5sin5bing5,ngia5sin5beng5
ngiâ-hong-bīn,迎風面,16,ngiâ-hong-bīn,ngia5hong1bin7,ngia5hong1bin7
hānn-sìng-pia̍t,迒性別,16,hāⁿ-sèng-pia̍t,hann7sing3piat8,hann7seng3piat8
huán-hāu-ji̍t,返校日,16,hoán-hāu-ji̍t,huan2hau7jit8,hoan2hau7jit8
thàng-thinn-phang,迵天芳,16,thàng-thiⁿ-phang,thang3thinn1phang1,thang3thinn1phang1
bê-tsiòng-ia̍h,迷眾頁,16,bê-chiòng-ia̍h,be5tsiong3iah8,be5chiong3iah8
sàng-tsuè-tui,送做堆,16,sàng-chòe-tui,sang3tsue3tui1,sang3choe3tui1
sàng-tsò-tui,送做堆,16,sàng-chò-tui,sang3tso3tui1,sang3cho3tui1
sàng-suann-thâu,送山頭,16,sàng-soaⁿ-thâu,sang3suann1thau5,sang3soann1thau5
sàng-phue-uân,送批員,16,sàng-phoe-oân,sang3phue1uan5,sang3phoe1oan5
sàng-tsia̍h-si̍t,送食食,16,sàng-chia̍h-si̍t,sang3tsiah8sit8,sang3chiah8sit8
gi̍k-lān-kuai,逆𡳞乖,16,ge̍k-lān-koai,gik8lan7kuai1,gek8lan7koai1
thàu-thinn-tshù,透天厝,16,thàu-thiⁿ-chhù,thau3thinn1tshu3,thau3thinn1chhu3
thàu-bîng-phìnn,透明片,16,thàu-bêng-phìⁿ,thau3bing5phinn3,thau3beng5phinn3
thàu-tsuí-siann,透水聲,16,thàu-chúi-siaⁿ,thau3tsui2siann1,thau3chui2siann1
thàu-tsíng-á,透種仔,16,thàu-chéng-á,thau3tsing2a2,thau3cheng2a2
thàu-pìn-hôo,透鬢鬍,16,thàu-pìn-hô͘,thau3pin3hoo5,thau3pin3hoo5
ta̍k-ke-hó,逐家好,16,ta̍k-ke-hó,tak8ke1ho2,tak8ke1ho2
ta̍k-tiâu-lōo,逐條路,16,ta̍k-tiâu-lō͘,tak8tiau5loo7,tak8tiau5loo7
ta̍k-lé-pài,逐禮拜,16,ta̍k-lé-pài,tak8le2pai3,tak8le2pai3
tsit-sì-lâng,這世人,16,chit-sì-lâng,tsit4si3lang5,chit4si3lang5
tsit-khuán-lâng,這款人,16,chit-khoán-lâng,tsit4khuan2lang5,chit4khoan2lang5
tsit-tsām-á,這站仔,16,chit-chām-á,tsit4tsam7a2,chit4cham7a2
tsit-lōo-bué,這路尾,16,chit-lō͘-bóe,tsit4loo7bue2,chit4loo7boe2
thong-sè-kài,通世界,16,thong-sè-kài,thong1se3kai3,thong1se3kai3
thang-tsham-khó,通參考,16,thang-chham-khó,thang1tsham1kho2,thang1chham1kho2
thong-kuî-á,通懷仔,16,thong-kûi-á,thong1kui5a2,thong1kui5a2
thong-tsuí-lōo,通水路,16,thong-chúi-lō͘,thong1tsui2loo7,thong1chui2loo7
thong-sin-khu,通身軀,16,thong-sin-khu,thong1sin1khu1,thong1sin1khu1
se̍h-iā-tshī,逛夜市,16,se̍h-iā-chhī,seh8ia7tshi7,seh8ia7chhi7
liân-tsiap-khang,連接空,16,liân-chiap-khang,lian5tsiap4khang1,lian5chiap4khang1
liân-tsiap-thé,連接體,16,liân-chiap-thé,lian5tsiap4the2,lian5chiap4the2
liân-khuànn-māi,連看覓,16,liân-khòaⁿ-māi,lian5khuann3mai7,lian5khoann3mai7
liân-sio̍k-kio̍k,連續劇,16,liân-sio̍k-kio̍k,lian5siok8kiok8,lian5siok8kiok8
tsìn-tsi̍t-pōo,進一步,16,chìn-chi̍t-pō͘,tsin3tsit8poo7,chin3chit8poo7
jû-ua̍t-tseh,逾越節,16,jû-oa̍t-cheh,ju5uat8tseh4,ju5oat8cheh4
iû-o̍h-sian,遊學仙,16,iû-o̍h-sian,iu5oh8sian1,iu5oh8sian1
iû-hì-ông,遊戲王,16,iû-hì-ông,iu5hi3ong5,iu5hi3ong5
iû-gē-huē,遊藝會,16,iû-gē-hōe,iu5ge7hue7,iu5ge7hoe7
iû-tia̍p-hue,遊蝶花,16,iû-tia̍p-hoe,iu5tiap8hue1,iu5tiap8hoe1
iû-lám-kheh,遊覽客,16,iû-lám-kheh,iu5lam2kheh4,iu5lam2kheh4
iû-lám-tsûn,遊覽船,16,iû-lám-chûn,iu5lam2tsun5,iu5lam2chun5
ūn-tōng-kuán,運動館,16,ūn-tōng-koán,un7tong7kuan2,un7tong7koan2
ūn-tsuán-tshiú,運轉手,16,ūn-choán-chhiú,un7tsuan2tshiu2,un7choan2chhiu2
kuè-tang-kha,過tang跤,16,kòe-tang-kha,kue3tang1kha1,koe3tang1kha1
kuè-liáu-tāi,過了代,16,kòe-liáu-tāi,kue3liau2tai7,koe3liau2tai7
kuè-liáu-sin,過了身,16,kòe-liáu-sin,kue3liau2sin1,koe3liau2sin1
kuè-ngóo-kuan,過五關,16,kòe-ngó͘-koan,kue3ngoo2kuan1,koe3ngoo2koan1
kè-ngóo-kuan,過五關,16,kè-ngó͘-koan,ke3ngoo2kuan1,ke3ngoo2koan1
kuè--lâng,過人,16,kòe--lâng,kue3lang5,koe3lang5
kuè-lô-sí,過勞死,16,kòe-lô-sí,kue3lo5si2,koe3lo5si2
kuè-khì-sik,過去式,16,kòe-khì-sek,kue3khi3sik4,koe3khi3sek4
kuè-suann-tshia,過山車,16,kòe-soaⁿ-chhia,kue3suann1tshia1,koe3soann1chhia1
kè-suann-tshia,過山車,16,kè-soaⁿ-chhia,ke3suann1tshia1,ke3soann1chhia1
kuè-kong-khang,過工空,16,kòe-kong-khang,kue3kong1khang1,koe3kong1khang1
kè-kong-khang,過工空,16,kè-kong-khang,ke3kong1khang1,ke3kong1khang1
kuè-lang-kha,過櫳跤,16,kòe-lang-kha,kue3lang1kha1,koe3lang1kha1
kuè-kau-tshài,過溝菜,16,kòe-kau-chhài,kue3kau1tshai3,koe3kau1chhai3
kè-kau-tshài,過溝菜,16,kè-kau-chhài,ke3kau1tshai3,ke3kau1chhai3
kuè-lōo-suànn,過路線,16,kòe-lō͘-sòaⁿ,kue3loo7suann3,koe3loo7soann3
kè-lōo-suànn,過路線,16,kè-lō͘-sòaⁿ,ke3loo7suann3,ke3loo7soann3
at-bí-ko,遏米糕,16,at-bí-ko,at4bi2ko1,at4bi2ko1
tō-lîm-tsuá,道林紙,16,tō-lîm-chóa,to7lim5tsua2,to7lim5choa2
iâu-khòng-khì,遙控器,16,iâu-khòng-khì,iau5khong3khi3,iau5khong3khi3
iâu-khòng-ki,遙控機,16,iâu-khòng-ki,iau5khong3ki1,iau5khong3ki1
liù-kng-kng,遛光光,16,liù-kng-kng,liu3kng1kng1,liu3kng1kng1
liù-tshuì-am,遛喙罨,16,liù-chhùi-am,liu3tshui3am1,liu3chhui3am1
liù-tshuì-tà,遛喙罩,16,liù-chhùi-tà,liu3tshui3ta3,liu3chhui3ta3
tsia-ná-huat,遮挪法,16,chia-ná-hoat,tsia1na2huat4,chia1na2hoat4
tsua--ê,遮的,16,choa--ê,tsua1e5,choa1e5
tsiah-kiann-thiànn,遮驚疼,16,chiah-kiaⁿ-thiàⁿ,tsiah4kiann1thiann3,chiah4kiann1thiann3
suán-tâu-khì,選台器,16,soán-tâu-khì,suan2tau5khi3,soan2tau5khi3
suán-ti̍k-khuân,選擇權,16,soán-te̍k-khoân,suan2tik8khuan5,soan2tek8khoan5
uî-thuân-tsí,遺傳子,16,ûi-thoân-chí,ui5thuan5tsi2,ui5thoan5chi2
uî-thuân-tsú,遺傳子,16,ûi-thoân-chú,ui5thuan5tsu2,ui5thoan5chu2
liâu-lîng-síng,遼寧省,16,liâu-lêng-séng,liau5ling5sing2,liau5leng5seng2
pinn-á-lâng,邊仔人,16,piⁿ-á-lâng,pinn1a2lang5,pinn1a2lang5
pinn-á-mn̂g,邊仔門,16,piⁿ-á-mn̂g,pinn1a2mng5,pinn1a2mng5
ná-lâi-ná,那來那,16,ná-lâi-ná,na2lai5na2,na2lai5na2
na-má-siah,那瑪夏,16,na-má-siah,na1ma2siah4,na1ma2siah4
khu-bóng-sià,邱罔舍,16,khu-bóng-sià,khu1bong2sia3,khu1bong2sia3
khu-hián-tì,邱顯智,16,khu-hián-tì,khu1hian2ti3,khu1hian2ti3
hiok-íng-hô,郁永河,16,hiok-éng-hô,hiok4ing2ho5,hiok4eng2ho5
hok-liông-pin,郝龍斌,16,hok-liông-pin,hok4liong5pin1,hok4liong5pin1
kueh-ú-sin,郭雨新,16,koeh-ú-sin,kueh4u2sin1,koeh4u2sin1
too-tshī-sông,都市倯,16,to͘-chhī-sông,too1tshi7song5,too1chhi7song5
tīng-lê-kun,鄧麗君,16,tēng-lê-kun,ting7le5kun1,teng7le5kun1
tēnn-khik-sóng,鄭克塽,16,tēⁿ-khek-sóng,tenn7khik4song2,tenn7khek4song2
tēnn-khik-tsong,鄭克𡒉,16,tēⁿ-khek-chong,tenn7khik4tsong1,tenn7khek4chong1
tēⁿ-lâm-iông,鄭南榕,16,tēⁿ-lâm-iông,teⁿ7lam5iong5,tenn7lam5iong5
tēnn-bûn-tshàn,鄭文燦,16,tēⁿ-bûn-chhàn,tenn7bun5tshan3,tenn7bun5chhan3
tīnn-iōng-sik,鄭用錫,16,tīⁿ-iōng-sek,tinn7iong7sik4,tinn7iong7sek4
lîn-tsiap-khu,鄰接區,16,lîn-chiap-khu,lin5tsiap4khu1,lin5chiap4khu1
kànn-bó-khún,酵母菌,16,kàⁿ-bó-khún,kann3bo2khun2,kann3bo2khun2
khok-tsik-la̍h,酷燭獵,16,khok-chek-la̍h,khok4tsik4lah8,khok4chek4lah8
sng-huà-bu̍t,酸化物,16,sng-hòa-bu̍t,sng1hua3but8,sng1hoa3but8
sng-ling-ko,酸奶膏,16,sng-leng-ko,sng1ling1ko1,sng1leng1ko1
sng-ne-ko,酸奶膏,16,sng-ne-ko,sng1ne1ko1,sng1ne1ko1
sng-ni-ko,酸奶膏,16,sng-ni-ko,sng1ni1ko1,sng1ni1ko1
sng-gû-ling,酸牛奶,16,sng-gû-leng,sng1gu5ling1,sng1gu5leng1
sng-kiù-kiù,酸糾糾,16,sng-kiù-kiù,sng1kiu3kiu3,sng1kiu3kiu3
sng-sòo-pân,酸素瓶,16,sng-sò͘-pân,sng1soo3pan5,sng1soo3pan5
sng-sòo-kan,酸素矸,16,sng-sò͘-kan,sng1soo3kan1,sng1soo3kan1
suan-sòo-tà,酸素罩,16,soan-sò͘-tà,suan1soo3ta3,soan1soo3ta3
sng-hiam-kenn,酸薟羹,16,sng-hiam-keⁿ,sng1hiam1kenn1,sng1hiam1kenn1
sng-hiam-kinn,酸薟羹,16,sng-hiam-kiⁿ,sng1hiam1kinn1,sng1hiam1kinn1
sng-kè-kó,酸計果,16,sng-kè-kó,sng1ke3ko2,sng1ke3ko2
sng-loa̍h-thng,酸辣湯,16,sng-loa̍h-thng,sng1loah8thng1,sng1loah8thng1
i-ha̍k-huē,醫學會,16,i-ha̍k-hōe,i1hak8hue7,i1hak8hoe7
tāng-kang-gia̍p,重工業,16,tāng-kang-gia̍p,tang7kang1giap8,tang7kang1giap8
tāng-kám-mōo,重感冒,16,tāng-kám-mō͘,tang7kam2moo7,tang7kam2moo7
tāng-khi-pîng,重敧爿,16,tāng-khi-pêng,tang7khi1ping5,tang7khi1peng5
tîng-tsi̍h-kuài,重舌怪,16,têng-chi̍h-koài,ting5tsih8kuai3,teng5chih8koai3
tāng-khin-thâu,重輕頭,16,tāng-khin-thâu,tang7khin1thau5,tang7khin1thau5
tiông-iâng-tseh,重陽節,16,tiông-iâng-cheh,tiong5iang5tseh4,tiong5iang5cheh4
tîng-îng-tseh,重陽節,16,têng-êng-cheh,ting5ing5tseh4,teng5eng5cheh4
tāng-thâu-khin,重頭輕,16,tāng-thâu-khin,tang7thau5khin1,tang7thau5khin1
iá-kiû-tiûnn,野球場,16,iá-kiû-tiûⁿ,ia2kiu5tiunn5,ia2kiu5tiunn5
liāng-kî-iak,量其約,16,liāng-kî-iak,liang7ki5iak4,liang7ki5iak4
liāng-tāi-siáu,量大小,16,liāng-tāi-siáu,liang7tai7siau2,liang7tai7siau2
liōng-tāi-siáu,量大小,16,liōng-tāi-siáu,liong7tai7siau2,liong7tai7siau2
liōng-tsú-tsénn,量子井,16,liōng-chú-chéⁿ,liong7tsu2tsenn2,liong7chu2chenn2
liōng-tsú-tsínn,量子井,16,liōng-chú-chíⁿ,liong7tsu2tsinn2,liong7chu2chinn2
niû-hueh-ap,量血壓,16,niû-hoeh-ap,niu5hueh4ap4,niu5hoeh4ap4
niû-huih-ap,量血壓,16,niû-huih-ap,niu5huih4ap4,niu5huih4ap4
niû-kak-tshioh,量角尺,16,niû-kak-chhioh,niu5kak4tshioh4,niu5kak4chhioh4
niû-thé-un,量體溫,16,niû-thé-un,niu5the2un1,niu5the2un1
kim-guân-pó,金元寶,16,kim-goân-pó,kim1guan5po2,kim1goan5po2
kim-pó-lê,金寶螺,16,kim-pó-lê,kim1po2le5,kim1po2le5
kim-tsìng-un,金正恩,16,kim-chèng-un,kim1tsing3un1,kim1cheng3un1
kim-hông-suāinn,金煌檨,16,kim-hông-soāiⁿ,kim1hong5suainn7,kim1hong5soainn7
kim-gû-tsō,金牛座,16,kim-gû-chō,kim1gu5tso7,kim1gu5cho7
kim-khoo-phang,金箍蜂,16,kim-kho͘-phang,kim1khoo1phang1,kim1khoo1phang1
kim-po̍h-á,金箔仔,16,kim-po̍h-á,kim1poh8a2,kim1poh8a2
kim-kim-siòng,金金相,16,kim-kim-siòng,kim1kim1siong3,kim1kim1siong3
kim-kim-khuànn,金金看,16,kim-kim-khòaⁿ,kim1kim1khuann3,kim1kim1khoann3
kim-tsînn-á,金錢仔,16,kim-chîⁿ-á,kim1tsinn5a2,kim1chinn5a2
kim-siám-siám,金閃閃,16,kim-siám-siám,kim1siam2siam2,kim1siam2siam2
kim-hî-ông,金魚王,16,kim-hî-ông,kim1hi5ong5,kim1hi5ong5
ting-á-bé,釘仔馬,16,teng-á-bé,ting1a2be2,teng1a2be2
tìng-koo-ki,釘孤枝,16,tèng-ko͘-ki,ting3koo1ki1,teng3koo1ki1
ting-sī-ting,釘是釘,16,teng-sī-teng,ting1si7ting1,teng1si7teng1
tìng-su-ki,釘書機,16,tèng-su-ki,ting3su1ki1,teng3su1ki1
tìng-bôo-pang,釘模枋,16,tèng-bô͘-pang,ting3boo5pang1,teng3boo5pang1
tìng-tsuá-ki,釘紙機,16,tèng-chóa-ki,ting3tsua2ki1,teng3choa2ki1
tiò-hî-á,釣魚仔,16,tiò-hî-á,tio3hi5a2,tio3hi5a2
tiò-hû-á,釣魚仔,16,tiò-hû-á,tio3hu5a2,tio3hu5a2
tiò-hî-bûn,釣魚文,16,tiò-hî-bûn,tio3hi5bun5,tio3hi5bun5
tūn-tshī-huè,鈍市貨,16,tūn-chhī-hòe,tun7tshi7hue3,tun7chhi7hoe3
tūn-tshī-hè,鈍市貨,16,tūn-chhī-hè,tun7tshi7he3,tun7chhi7he3
liú-á-phàn,鈕仔襻,16,liú-á-phàn,liu2a2phan3,liu2a2phan3
lîng-tsî-tiâu,鈴薯條,16,lêng-chî-tiâu,ling5tsi5tiau5,leng5chi5tiau5
báu-sī-báu,鉚是鉚,16,báu-sī-báu,bau2si7bau2,bau2si7bau2
iân-pit-á,鉛筆仔,16,iân-pit-á,ian5pit4a2,ian5pit4a2
iân-pit-iân,鉛筆鉛,16,iân-pit-iân,ian5pit4ian5,ian5pit4ian5
ka-to-tsián,鉸刀剪,16,ka-to-chián,ka1to1tsian2,ka1to1chian2
ka-to-thâng,鉸刀蟲,16,ka-to-thâng,ka1to1thang5,ka1to1thang5
ka-tsián-ku,鉸剪龜,16,ka-chián-ku,ka1tsian2ku1,ka1chian2ku1
ka-tsíng-kah,鉸指甲,16,ka-chéng-kah,ka1tsing2kah4,ka1cheng2kah4
ka-thâu-mn̂g,鉸頭毛,16,ka-thâu-mn̂g,ka1thau5mng5,ka1thau5mng5
ka-thâu-moo,鉸頭毛,16,ka-thâu-mo͘,ka1thau5moo1,ka1thau5moo1
ka-thâu-tsang,鉸頭鬃,16,ka-thâu-chang,ka1thau5tsang1,ka1thau5chang1
gîn-á-kak,銀仔角,16,gîn-á-kak,gin5a2kak4,gin5a2kak4
gîn-kak-á,銀角仔,16,gîn-kak-á,gin5kak4a2,gin5kak4a2
tshìng-tsí-bōo,銃子幕,16,chhèng-chí-bō͘,tshing3tsi2boo7,chheng3chi2boo7
tâng-tsînn-á,銅錢仔,16,tâng-chîⁿ-á,tang5tsinn5a2,tang5chinn5a2
tâng-lô-uan,銅鑼灣,16,tâng-lô-oan,tang5lo5uan1,tang5lo5oan1
tâng-lô-sio,銅鑼燒,16,tâng-lô-sio,tang5lo5sio1,tang5lo5sio1
tî-thâu-khí,鋤頭齒,16,tî-thâu-khí,ti5thau5khi2,ti5thau5khi2
tû-thâu-khí,鋤頭齒,16,tû-thâu-khí,tu5thau5khi2,tu5thau5khi2
phoo-lí-lóng,鋪李攏,16,pho͘-lí-lóng,phoo1li2long2,phoo1li2long2
kǹg-thih-kiap,鋼鐵俠,16,kǹg-thih-kiap,kng3thih4kiap4,kng3thih4kiap4
lio̍k-im-su,錄音師,16,lio̍k-im-su,liok8im1su1,liok8im1su1
lo̍k-im-su,錄音師,16,lo̍k-im-su,lok8im1su1,lok8im1su1
thuî-kòng-thuî,錘摃錘,16,thûi-kòng-thûi,thui5kong3thui5,thui5kong3thui5
tsînn-ū-la̍t,錢有力,16,chîⁿ-ū-la̍t,tsinn5u7lat8,chinn5u7lat8
tsînn-kuī-á,錢櫃仔,16,chîⁿ-kūi-á,tsinn5kui7a2,chinn5kui7a2
tsînn-pháinn-thàn,錢歹趁,16,chîⁿ-pháiⁿ-thàn,tsinn5phainn2than3,chinn5phainn2than3
tsînn-bô-kè,錢無價,16,chîⁿ-bô-kè,tsinn5bo5ke3,chinn5bo5ke3
tsînn-bô-la̍t,錢無力,16,chîⁿ-bô-la̍t,tsinn5bo5lat8,chinn5bo5lat8
tsînn-tâng-á,錢筒仔,16,chîⁿ-tâng-á,tsinn5tang5a2,chinn5tang5a2
tsînn-ká-tsînn,錢絞錢,16,chîⁿ-ká-chîⁿ,tsinn5ka2tsinn5,chinn5ka2chinn5
tsînn-lo̍h-kè,錢落價,16,chîⁿ-lo̍h-kè,tsinn5loh8ke3,chinn5loh8ke3
tsînn-piàn-kāu,錢變厚,16,chîⁿ-piàn-kāu,tsinn5pian3kau7,chinn5pian3kau7
tsînn-piàn-po̍h,錢變薄,16,chîⁿ-piàn-po̍h,tsinn5pian3poh8,chinn5pian3poh8
tshò--kuè,錯過,16,chhò--kòe,tsho3kue3,chho3koe3
tseng-ka-pin,鍾佳濱,16,cheng-ka-pin,tseng1ka1pin1,cheng1ka1pin1
tsing-lâm-san,鍾南山,16,cheng-lâm-san,tsing1lam5san1,cheng1lam5san1
tsiong-khái-hông,鍾愷紘,16,chiong-khái-hông,tsiong1khai2hong5,chiong1khai2hong5
só-sî-khoo,鎖匙箍,16,só-sî-kho͘,so2si5khoo1,so2si5khoo1
kiànn-buâ-kiànn,鏡磨鏡,16,kiàⁿ-bôa-kiàⁿ,kiann3bua5kiann3,kiann3boa5kiann3
tsām-ke-bah,鏨雞肉,16,chām-ke-bah,tsam7ke1bah4,cham7ke1bah4
tsing-ling-tsio̍h,鐘奶石,16,cheng-leng-chio̍h,tsing1ling1tsioh8,cheng1leng1chioh8
liâm-li̍k-á,鐮歷仔,16,liâm-le̍k-á,liam5lik8a2,liam5lek8a2
thih-á-thôo,鐵仔塗,16,thih-á-thô͘,thih4a2thoo5,thih4a2thoo5
thih-nn̄g-tshí,鐵卵鼠,16,thih-nn̄g-chhí,thih4nng7tshi2,thih4nng7chhi2
thih-bō-thâng,鐵帽蟲,16,thih-bō-thâng,thih4bo7thang5,thih4bo7thang5
thih-tú-á,鐵拄仔,16,thih-tú-á,thih4tu2a2,thih4tu2a2
thih-pang-tshá,鐵枋炒,16,thih-pang-chhá,thih4pang1tsha2,thih4pang1chha2
thih-pang-sio,鐵枋燒,16,thih-pang-sio,thih4pang1sio1,thih4pang1sio1
thih-ki-tòng,鐵枝擋,16,thih-ki-tòng,thih4ki1tong3,thih4ki1tong3
thih-khak-tāu,鐵殼豆,16,thih-khak-tāu,thih4khak4tau7,thih4khak4tau7
thih-khak-tshia,鐵殼車,16,thih-khak-chhia,thih4khak4tshia1,thih4khak4chhia1
thih-gû-á,鐵牛仔,16,thih-gû-á,thih4gu5a2,thih4gu5a2
thih-gû-tshia,鐵牛車,16,thih-gû-chhia,thih4gu5tshia1,thih4gu5chhia1
thih-sai-gû,鐵犀牛,16,thih-sai-gû,thih4sai1gu5,thih4sai1gu5
thih-kah-gû,鐵甲牛,16,thih-kah-gû,thih4kah4gu5,thih4kah4gu5
thih-kah-bān,鐵甲萬,16,thih-kah-bān,thih4kah4ban7,thih4kah4ban7
thih-kah-tāu,鐵甲豆,16,thih-kah-tāu,thih4kah4tau7,thih4kah4tau7
thih-kah-liông,鐵甲龍,16,thih-kah-liông,thih4kah4liong5,thih4kah4liong5
thih-sǹg-puânn,鐵算盤,16,thih-sǹg-pôaⁿ,thih4sng3puann5,thih4sng3poann5
thih-iûnn-á,鐵羊仔,16,thih-iûⁿ-á,thih4iunn5a2,thih4iunn5a2
thih-ham-á,鐵蚶仔,16,thih-ham-á,thih4ham1a2,thih4ham1a2
thih-liâm-to,鐵鐮刀,16,thih-liâm-to,thih4liam5to1,thih4liam5to1
thih-thâu-liông,鐵頭龍,16,thih-thâu-liông,thih4thau5liong5,thih4thau5liong5
thih-khí-á,鐵齒仔,16,thih-khí-á,thih4khi2a2,thih4khi2a2
tsǹg-tsuí-bī,鑽水沬,16,chǹg-chúi-bī,tsng3tsui2bi7,chng3chui2bi7
tsǹg-tsuí-bih,鑽水覕,16,chǹg-chúi-bih,tsng3tsui2bih4,chng3chui2bih4
tn̂g-sua-uan,長沙灣,16,tn̂g-soa-oan,tng5sua1uan1,tng5soa1oan1
tn̂g-kóng-hia,長管靴,16,tn̂g-kóng-hia,tng5kong2hia1,tng5kong2hia1
tn̂g-kha-lo̍k,長跤鹿,16,tn̂g-kha-lo̍k,tng5kha1lok8,tng5kha1lok8
tn̂g-lò-lò,長躼躼,16,tn̂g-lò-lò,tng5lo3lo3,tng5lo3lo3
tn̂g-lóng-lóng,長閬閬,16,tn̂g-lóng-lóng,tng5long2long2,tng5long2long2
tn̂g-thâu-mn̂g,長頭毛,16,tn̂g-thâu-mn̂g,tng5thau5mng5,tng5thau5mng5
tn̂g-thâu-moo,長頭毛,16,tn̂g-thâu-mo͘,tng5thau5moo1,tng5thau5moo1
tn̂g-thâu-tsang,長頭鬃,16,tn̂g-thâu-chang,tng5thau5tsang1,tng5thau5chang1
tn̂g-thâu-lo̍k,長頭鹿,16,tn̂g-thâu-lo̍k,tng5thau5lok8,tng5thau5lok8
tn̂g-tshiu-hôo,長鬚狐,16,tn̂g-chhiu-hô͘,tng5tshiu1hoo5,tng5chhiu1hoo5
muî-tshuì-kháu,門喙口,16,mûi-chhùi-kháu,mui5tshui3khau2,mui5chhui3khau2
mn̂g-tòng-á,門擋仔,16,mn̂g-tòng-á,mng5tong3a2,mng5tong3a2
mn̂g-lî-á,門籬仔,16,mn̂g-lî-á,mng5li5a2,mng5li5a2
siám--tio̍h,閃著,16,siám--tio̍h,siam2tioh8,siam2tioh8
siám-buē-lī,閃袂離,16,siám-bōe-lī,siam2bue7li7,siam2boe7li7
siám-bē-lī,閃袂離,16,siám-bē-lī,siam2be7li7,siam2be7li7
siám-pī-kiû,閃避球,16,siám-pī-kiû,siam2pi7kiu5,siam2pi7kiu5
siám-siám-sih,閃閃爍,16,siám-siám-sih,siam2siam2sih4,siam2siam2sih4
siám-lî-khui,閃離開,16,siám-lî-khui,siam2li5khui1,siam2li5khui1
khui-to-pâng,開刀房,16,khui-to-pâng,khui1to1pang5,khui1to1pang5
khui-tshuì-ham,開喙蚶,16,khui-chhùi-ham,khui1tshui3ham1,khui1chhui3ham1
khui-tshuì-tāu,開喙豆,16,khui-chhùi-tāu,khui1tshui3tau7,khui1chhui3tau7
khai-san-ông,開山王,16,khai-san-ông,khai1san1ong5,khai1san1ong5
khai-guân-lâng,開源人,16,khai-goân-lâng,khai1guan5lang5,khai1goan5lang5
khai-guân-tsiá,開源者,16,khai-goân-chiá,khai1guan5tsia2,khai1goan5chia2
khai-káng-sik,開講室,16,khai-káng-sek,khai1kang2sik4,khai1kang2sek4
khai-káng-king,開講間,16,khai-káng-keng,khai1kang2king1,khai1kang2keng1
khui-tiān-hué,開電火,16,khui-tiān-hóe,khui1tian7hue2,khui1tian7hoe2
khui-tíng-tshia,開頂車,16,khui-téng-chhia,khui1ting2tshia1,khui1teng2chhia1
khai-hong-khì,開風氣,16,khai-hong-khì,khai1hong1khi3,khai1hong1khi3
îng-á-uē,閒仔話,16,êng-á-ōe,ing5a2ue7,eng5a2oe7
kàn-tsiap-suè,間接稅,16,kàn-chiap-sòe,kan3tsiap4sue3,kan3chiap4soe3
kàn-tsiap-sè,間接稅,16,kàn-chiap-sè,kan3tsiap4se3,kan3chiap4se3
kàinn-jiah-ní,間跡染,16,kàiⁿ-jiah-ní,kainn3jiah4ni2,kainn3jiah4ni2
kàinn-liah-ní,間跡染,16,kàiⁿ-liah-ní,kainn3liah4ni2,kainn3liah4ni2
bín-tsú-khian,閔子騫,16,bín-chú-khian,bin2tsu2khian1,bin2chu2khian1
tsa̍h-ji̍t-ko,閘日膏,16,cha̍h-ji̍t-ko,tsah8jit8ko1,chah8jit8ko1
tsa̍h-hōo-pênn,閘雨棚,16,cha̍h-hō͘-pêⁿ,tsah8hoo7penn5,chah8hoo7penn5
tsa̍h-hōo-pînn,閘雨棚,16,cha̍h-hō͘-pîⁿ,tsah8hoo7pinn5,chah8hoo7pinn5
koh-tsi̍t-pái,閣一擺,16,koh-chi̍t-pái,koh4tsit8pai2,koh4chit8pai2
koh-tsài-kóng,閣再講,16,koh-chài-kóng,koh4tsai3kong2,koh4chai3kong2
bân-tiong-gí,閩中語,16,bân-tiong-gí,ban5tiong1gi2,ban5tiong1gi2
bân-tiong-gú,閩中語,16,bân-tiong-gú,ban5tiong1gu2,ban5tiong1gu2
bân-pak-gí,閩北語,16,bân-pak-gí,ban5pak4gi2,ban5pak4gi2
bân-pak-gú,閩北語,16,bân-pak-gú,ban5pak4gu2,ban5pak4gu2
bân-lâm-lâng,閩南人,16,bân-lâm-lâng,ban5lam5lang5,ban5lam5lang5
bân-lâm-uē,閩南話,16,bân-lâm-ōe,ban5lam5ue7,ban5lam5oe7
bân-lâm-gí,閩南語,16,bân-lâm-gí,ban5lam5gi2,ban5lam5gi2
bân-lâm-gú,閩南語,16,bân-lâm-gú,ban5lam5gu2,ban5lam5gu2
bân-tang-gí,閩東語,16,bân-tang-gí,ban5tang1gi2,ban5tang1gi2
bân-tang-gú,閩東語,16,bân-tang-gú,ban5tang1gu2,ban5tang1gu2
lòng-khòng-king,閬閌間,16,lòng-khòng-keng,long3khong3king1,long3khong3keng1
iam-ke-kiânn,閹雞行,16,iam-ke-kiâⁿ,iam1ke1kiann5,iam1ke1kiann5
iâm-lô-tshenn,閻羅星,16,iâm-lô-chheⁿ,iam5lo5tshenn1,iam5lo5chhenn1
iâm-lô-tshinn,閻羅星,16,iâm-lô-chhiⁿ,iam5lo5tshinn1,iam5lo5chhinn1
khuah-bóng-bóng,闊莽莽,16,khoah-bóng-bóng,khuah4bong2bong2,khoah4bong2bong2
kuan-hē-tio̍h,關係著,16,koan-hē-tio̍h,kuan1he7tioh8,koan1he7tioh8
kuan-kong-ba̍k,關公目,16,koan-kong-ba̍k,kuan1kong1bak8,koan1kong1bak8
kuan-biō-mī,關廟麵,16,koan-biō-mī,kuan1bio7mi7,koan1bio7mi7
kuan-tsat-thiànn,關節疼,16,koan-chat-thiàⁿ,kuan1tsat4thiann3,koan1chat4thiann3
kuan-lo̍h-im,關落陰,16,koan-lo̍h-im,kuan1loh8im1,koan1loh8im1
kuainn-tiān-hué,關電火,16,koaiⁿ-tiān-hóe,kuainn1tian7hue2,koainn1tian7hoe2
kuinn-tiān-hué,關電火,16,kuiⁿ-tiān-hóe,kuinn1tian7hue2,kuinn1tian7hoe2
guán-thài-thài,阮太太,16,goán-thài-thài,guan2thai3thai3,goan2thai3thai3
gún-pîng-iú,阮朋友,16,gún-pêng-iú,gun2ping5iu2,gun2peng5iu2
gún-tsóo-kong,阮祖公,16,gún-chó͘-kong,gun2tsoo2kong1,gun2choo2kong1
gún-lāu-pē,阮老爸,16,gún-lāu-pē,gun2lau7pe7,gun2lau7pe7
gún-a-kong,阮阿公,16,gún-a-kong,gun2a1kong1,gun2a1kong1
hông-pha̍k-ko,防曝膏,16,hông-pha̍k-ko,hong5phak8ko1,hong5phak8ko1
hông-pho-thê,防波堤,16,hông-pho-thê,hong5pho1the5,hong5pho1the5
hông-khong-hô,防空壕,16,hông-khong-hô,hong5khong1ho5,hong5khong1ho5
hông-báng-tsuí,防蠓水,16,hông-báng-chúi,hong5bang2tsui2,hong5bang2chui2
a-siu-lô,阿修羅,16,a-siu-lô,a1siu1lo5,a1siu1lo5
a-kong-tiàm,阿公店,16,a-kong-tiàm,a1kong1tiam3,a1kong1tiam3
a-la̍k-á,阿六仔,16,a-la̍k-á,a1lak8a2,a1lak8a2
a-pu̍t-á,阿勃仔,16,a-pu̍t-á,a1put8a2,a1put8a2
a-ióng-peh,阿勇伯,16,a-ióng-peh,a1iong2peh4,a1iong2peh4
a-poh-kuài,阿卜怪,16,a-poh-koài,a1poh4kuai3,a1poh4koai3
a-poh-tsuâ,阿卜蛇,16,a-poh-chôa,a1poh4tsua5,a1poh4choa5
a-tok-á,阿啄仔,16,a-tok-á,a1tok4a2,a1tok4a2
a-muē-á,阿妹仔,16,a-mōe-á,a1mue7a2,a1moe7a2
a-niâ-uê,阿娘喂,16,a-niâ-ôe,a1nia5ue5,a1nia5oe5
a-hù-hān,阿富汗,16,a-hù-hān,a1hu3han7,a1hu3han7
a-pínn-á,阿扁仔,16,a-píⁿ-á,a1pinn2a2,a1pinn2a2
a-la-pik,阿拉伯,16,a-la-pek,a1la1pik4,a1la1pek4
a-pún-á,阿本仔,16,a-pún-á,a1pun2a2,a1pun2a2
a-kin-tîng,阿根廷,16,a-kin-têng,a1kin1ting5,a1kin1teng5
a-kun-tîng,阿根廷,16,a-kun-têng,a1kun1ting5,a1kun1teng5
a-bú-sioh,阿母惜,16,a-bú-sioh,a1bu2sioh4,a1bu2sioh4
a-pah-nî,阿百尼,16,a-pah-nî,a1pah4ni5,a1pah4ni5
a-tà-bū,阿罩霧,16,a-tà-bū,a1ta3bu7,a1ta3bu7
a-bí-tso̍k,阿美族,16,a-bí-cho̍k,a1bi2tsok8,a1bi2chok8
a-sià-kiánn,阿舍囝,16,a-sià-kiáⁿ,a1sia3kiann2,a1sia3kiann2
a-hui-peh,阿輝伯,16,a-hui-peh,a1hui1peh4,a1hui1peh4
a-lí-sú,阿里史,16,a-lí-sú,a1li2su2,a1li2su2
a-lí-kuan,阿里關,16,a-lí-koan,a1li2kuan1,a1li2koan1
siám-sai-síng,陝西省,16,siám-sai-séng,siam2sai1sing2,siam2sai1seng2
tīn-tsîng-thè,陣前退,16,tīn-chêng-thè,tin7tsing5the3,tin7cheng5the3
tû-sip-ki,除濕機,16,tû-sip-ki,tu5sip4ki1,tu5sip4ki1
puê-sím-tsè,陪審制,16,pôe-sím-chè,pue5sim2tse3,poe5sim2che3
puê-sán-ká,陪產假,16,pôe-sán-ká,pue5san2ka2,poe5san2ka2
im-iông-su,陰陽師,16,im-iông-su,im1iong5su1,im1iong5su1
im-iông-ba̍k,陰陽目,16,im-iông-ba̍k,im1iong5bak8,im1iong5bak8
im-iông-gàn,陰陽眼,16,im-iông-gàn,im1iong5gan3,im1iong5gan3
im-thim-káu,陰鴆狗,16,im-thim-káu,im1thim1kau2,im1thim1kau2
tân-tsi-hàn,陳之漢,16,tân-chi-hàn,tan5tsi1han3,tan5chi1han3
tân-ka-îng,陳佳瑩,16,tân-ka-êng,tan5ka1ing5,tan5ka1eng5
tân-tsùn-siù,陳俊秀,16,tân-chùn-siù,tan5tsun3siu3,tan5chun3siu3
tân-guân-kong,陳元光,16,tân-goân-kong,tan5guan5kong1,tan5goan5kong1
tân-hông-hōng,陳凰鳳,16,tân-hông-hōng,tan5hong5hong7,tan5hong5hong7
tân-būn-giân,陳問言,16,tân-būn-giân,tan5bun7gian5,tan5bun7gian5
tân-khé-tshuan,陳啟川,16,tân-khé-chhoan,tan5khe2tshuan1,tan5khe2chhoan1
tân-ka-hûa,陳嘉樺,16,tân-ka-hôa,tan5ka1hua5,tan5ka1hoa5
tân-i̍k-sìn,陳奕迅,16,tân-e̍k-sìn,tan5ik8sin3,tan5ek8sin3
tân-i̍k-tsê,陳奕齊,16,tân-e̍k-chê,tan5ik8tse5,tan5ek8che5
tân-giân-hi,陳妍希,16,tân-giân-hi,tan5gian5hi1,tan5gian5hi1
tân-ha̍k-sìng,陳學聖,16,tân-ha̍k-sèng,tan5hak8sing3,tan5hak8seng3
tân-tīng-lâm,陳定南,16,tân-tēng-lâm,tan5ting7lam5,tan5teng7lam5
tân-kiàn-jîn,陳建仁,16,tân-kiàn-jîn,tan5kian3jin5,tan5kian3jin5
tân-hông-iāu,陳弘耀,16,tân-hông-iāu,tan5hong5iau7,tan5hong5iau7
tân-ho̍k-tsì,陳復志,16,tân-ho̍k-chì,tan5hok8tsi3,tan5hok8chi3
tân-tsì-liông,陳志隆,16,tân-chì-liông,tan5tsi3liong5,tan5chi3liong5
tân-ì-hâm,陳意涵,16,tân-ì-hâm,tan5i3ham5,tan5i3ham5
tân-bûn-kia̍t,陳文傑,16,tân-bûn-kia̍t,tan5bun5kiat8,tan5bun5kiat8
tân-ji̍t-kun,陳日君,16,tân-ji̍t-kun,tan5jit8kun1,tan5jit8kun1
tân-bîng-bûn,陳明文,16,tân-bêng-bûn,tan5bing5bun5,tan5beng5bun5
tân-sî-tiong,陳時中,16,tân-sî-tiong,tan5si5tiong1,tan5si5tiong1
tân-pek-ûi,陳柏惟,16,tân-pek-ûi,tan5pek4ui5,tan5pek4ui5
tân-jiû-chìn,陳柔縉,16,tân-jiû-chìn,tan5jiu5chin3,tan5jiu5chin3
tân-tsa-bóo,陳查某,16,tân-cha-bó͘,tan5tsa1boo2,tan5cha1boo2
tân-tsuí-pínn,陳水扁,16,tân-chúi-píⁿ,tan5tsui2pinn2,tan5chui2pinn2
tân-íng-tô,陳永淘,16,tân-éng-tô,tan5ing2to5,tan5eng2to5
tân-íng-huâ,陳永華,16,tân-éng-hôa,tan5ing2hua5,tan5eng2hoa5
tân-hái-hông,陳海虹,16,tân-hái-hông,tan5hai2hong5,tan5hai2hong5
tân-tshong-kang,陳滄江,16,tân-chhong-kang,tan5tshong1kang1,tan5chhong1kang1
tân-hàn-lîng,陳漢玲,16,tân-hàn-lêng,tan5han3ling5,tan5han3leng5
tân-tîng-pho,陳澄波,16,tân-têng-pho,tan5ting5pho1,tan5teng5pho1
tân-îng-kiat,陳盈潔,16,tân-êng-kiat,tan5ing5kiat4,tan5eng5kiat4
tân-bí-kun,陳美君,16,tân-bí-kun,tan5bi2kun1,tan5bi2kun1
tân-hun-lân,陳芬蘭,16,tân-hun-lân,tan5hun1lan5,tan5hun1lan5
tân-hong-bîng,陳芳明,16,tân-hong-bêng,tan5hong1bing5,tan5hong1beng5
hām-bîn-uē,陷眠話,16,hām-bîn-ōe,ham7bin5ue7,ham7bin5oe7
iông-á-ba̍k,陽仔目,16,iông-á-ba̍k,iong5a2bak8,iong5a2bak8
keh-piah-uī,隔壁位,16,keh-piah-ūi,keh4piah4ui7,keh4piah4ui7
keh-piah-kok,隔壁國,16,keh-piah-kok,keh4piah4kok4,keh4piah4kok4
keh-pak-hiann,隔腹兄,16,keh-pak-hiaⁿ,keh4pak4hiann1,keh4pak4hiann1
keh-tuínn-kang,隔轉工,16,keh-túiⁿ-kang,keh4tuinn2kang1,keh4tuinn2kang1
keh-im-piah,隔音壁,16,keh-im-piah,keh4im1piah4,keh4im1piah4
keh-im-pang,隔音枋,16,keh-im-pang,keh4im1pang1,keh4im1pang1
ài-liâu-ē,隘寮下,16,ài-liâu-ē,ai3liau5e7,ai3liau5e7
suî-hōo-pe̍h,隨予白,16,sûi-hō͘-pe̍h,sui5hoo7peh8,sui5hoo7peh8
suî-jī-tha̍k,隨字讀,16,sûi-jī-tha̍k,sui5ji7thak8,sui5ji7thak8
suî-ē-pe̍h,隨會白,16,sûi-ē-pe̍h,sui5e7peh8,sui5e7peh8
suî-ē-thong,隨會通,16,sûi-ē-thong,sui5e7thong1,sui5e7thong1
suî-sin-tia̍p,隨身碟,16,sûi-sin-tia̍p,sui5sin1tiap8,sui5sin1tiap8
ún-miâ-huà,隱名化,16,ún-miâ-hòa,un2mia5hua3,un2mia5hoa3
ún-ku-kiô,隱痀橋,16,ún-ku-kiô,un2ku1kio5,un2ku1kio5
tsi̍p-tiong-la̍t,集中力,16,chi̍p-tiong-la̍t,tsip8tiong1lat8,chip8tiong1lat8
tsi̍p-tiong-iânn,集中營,16,chi̍p-tiong-iâⁿ,tsip8tiong1iann5,chip8tiong1iann5
tsi̍p-suànn-khì,集線器,16,chi̍p-sòaⁿ-khì,tsip8suann3khi3,chip8soann3khi3
tsi̍p-tiám-khá,集點卡,16,chi̍p-tiám-khá,tsip8tiam2kha2,chip8tiam2kha2
tshú-hiông-gán,雌雄眼,16,chhú-hiông-gán,tshu2hiong5gan2,chhu2hiong5gan2
siang-jîn-tshn̂g,雙人床,16,siang-jîn-chhn̂g,siang1jin5tshng5,siang1jin5chhng5
siang-kuan-liông,雙冠龍,16,siang-koan-liông,siang1kuan1liong5,siang1koan1liong5
siang-tsú-tsō,雙子座,16,siang-chú-chō,siang1tsu2tso7,siang1chu2cho7
sang-phóo-suán,雙普選,16,sang-phó͘-soán,sang1phoo2suan2,sang1phoo2soan2
siang-phóo-suán,雙普選,16,siang-phó͘-soán,siang1phoo2suan2,siang1phoo2soan2
siang-khe-kháu,雙溪口,16,siang-khe-kháu,siang1khe1khau2,siang1khe1khau2
siang-kau-kóo,雙鉤股,16,siang-kau-kó͘,siang1kau1koo2,siang1kau1koo2
siang-thâu-ah,雙頭鳥,16,siang-thâu-ah,siang1thau5ah4,siang1thau5ah4
siang-hî-tsō,雙魚座,16,siang-hî-chō,siang1hi5tso7,siang1hi5cho7
tsa̍p-o-kiau,雜o kiau,16,cha̍p-o-kiau,tsap8o1kiau1,chap8o1kiau1
tsa̍p-o-kenn,雜o羹,16,cha̍p-o-keⁿ,tsap8o1kenn1,chap8o1kenn1
tsa̍p-tshe-á,雜差仔,16,cha̍p-chhe-á,tsap8tshe1a2,chap8chhe1a2
tsa̍p-thong-thóng,雜捅捅,16,cha̍p-thong-thóng,tsap8thong1thong2,chap8thong1thong2
tsa̍p-tsíng-á,雜種仔,16,cha̍p-chéng-á,tsap8tsing2a2,chap8cheng2a2
tsa̍p-tshè-á,雜脆仔,16,cha̍p-chhè-á,tsap8tshe3a2,chap8chhe3a2
tsa̍p-tshài-lóo,雜菜滷,16,cha̍p-chhài-ló͘,tsap8tshai3loo2,chap8chhai3loo2
ke-á-tse,雞仔災,16,ke-á-che,ke1a2tse1,ke1a2che1
kue-á-tse,雞仔災,16,koe-á-che,kue1a2tse1,koe1a2che1
ke-á-tn̂g,雞仔腸,16,ke-á-tn̂g,ke1a2tng5,ke1a2tng5
ke-nn̄g-thng,雞卵湯,16,ke-nn̄g-thng,ke1nng7thng1,ke1nng7thng1
ke-nn̄g-ko,雞卵糕,16,ke-nn̄g-ko,ke1nng7ko1,ke1nng7ko1
ke-nńg-pháng,雞卵麭,16,ke-nńg-pháng,ke1nng2phang2,ke1nng2phang2
ke-tsû-á,雞喌仔,16,ke-chû-á,ke1tsu5a2,ke1chu5a2
ke-tè-tsìnn,雞塊糋,16,ke-tè-chìⁿ,ke1te3tsinn3,ke1te3chinn3
kue-tè-tsìnn,雞塊糋,16,koe-tè-chìⁿ,kue1te3tsinn3,koe1te3chinn3
ke-sái-phang,雞屎蜂,16,ke-sái-phang,ke1sai2phang1,ke1sai2phang1
kere-sái-phang,雞屎蜂,16,kere-sái-phang,kere1sai2phang1,kere1sai2phang1
kue-sái-phang,雞屎蜂,16,koe-sái-phang,kue1sai2phang1,koe1sai2phang1
ke-sim-tāu,雞心豆,16,ke-sim-tāu,ke1sim1tau7,ke1sim1tau7
ke-hu̍t-á,雞核仔,16,ke-hu̍t-á,ke1hut8a2,ke1hut8a2
kue-hu̍t-á,雞核仔,16,koe-hu̍t-á,kue1hut8a2,koe1hut8a2
ke-bó-hah,雞母哈,16,ke-bó-hah,ke1bo2hah4,ke1bo2hah4
ke-bó-tshuā,雞母𤆬,16,ke-bó-chhōa,ke1bo2tshua7,ke1bo2chhoa7
ke-iû-ku,雞油龜,16,ke-iû-ku,ke1iu5ku1,ke1iu5ku1
kere-iû-ku,雞油龜,16,kere-iû-ku,kere1iu5ku1,kere1iu5ku1
kue-iû-ku,雞油龜,16,koe-iû-ku,kue1iu5ku1,koe1iu5ku1
ke-lang-phang,雞籠蜂,16,ke-lang-phang,ke1lang1phang1,ke1lang1phang1
kere-lang-phang,雞籠蜂,16,kere-lang-phang,kere1lang1phang1,kere1lang1phang1
kue-lang-phang,雞籠蜂,16,koe-lang-phang,kue1lang1phang1,koe1lang1phang1
ke-si̍t-á,雞翼仔,16,ke-si̍t-á,ke1sit8a2,ke1sit8a2
kue-si̍t-á,雞翼仔,16,koe-si̍t-á,kue1sit8a2,koe1sit8a2
ke-bah-hang,雞肉烘,16,ke-bah-hang,ke1bah4hang1,ke1bah4hang1
ke-bah-tsng,雞肉磚,16,ke-bah-chng,ke1bah4tsng1,ke1bah4chng1
ke-bah-tsìnn,雞肉糋,16,ke-bah-chìⁿ,ke1bah4tsinn3,ke1bah4chinn3
kue-bah-tsìnn,雞肉糋,16,koe-bah-chìⁿ,kue1bah4tsinn3,koe1bah4chinn3
ke-bah-kak,雞肉角,16,ke-bah-kak,ke1bah4kak4,ke1bah4kak4
ke-hing-bah,雞胸肉,16,ke-heng-bah,ke1hing1bah4,ke1heng1bah4
kue-hing-bah,雞胸肉,16,koe-heng-bah,kue1hing1bah4,koe1heng1bah4
ke-kui-sian,雞胿仙,16,ke-kui-sian,ke1kui1sian1,ke1kui1sian1
kue-kui-sian,雞胿仙,16,koe-kui-sian,kue1kui1sian1,koe1kui1sian1
ke-kui-kiû,雞胿球,16,ke-kui-kiû,ke1kui1kiu5,ke1kui1kiu5
ke-lān-hu̍t,雞膦核,16,ke-lān-hu̍t,ke1lan7hut8,ke1lan7hut8
ke-ná-sng,雞那霜,16,ke-ná-sng,ke1na2sng1,ke1na2sng1
ke-tsing-á,雞鐘仔,16,ke-cheng-á,ke1tsing1a2,ke1cheng1a2
kue-tsing-á,雞鐘仔,16,koe-cheng-á,kue1tsing1a2,koe1cheng1a2
ke-kak-á,雞鵤仔,16,ke-kak-á,ke1kak4a2,ke1kak4a2
ke-kak-kang,雞鵤公,16,ke-kak-kang,ke1kak4kang1,ke1kak4kang1
kue-kak-kang,雞鵤公,16,koe-kak-kang,kue1kak4kang1,koe1kak4kang1
ke-lān-hu̍t,雞𡳞核,16,ke-lān-hu̍t,ke1lan7hut8,ke1lan7hut8
lî-á-kah,離仔甲,16,lî-á-kah,li5a2kah4,li5a2kah4
lī-ha̍p-khì,離合器,16,lī-ha̍p-khì,li7hap8khi3,li7hap8khi3
lī-huānn-liû,離岸流,16,lī-hōaⁿ-liû,li7huann7liu5,li7hoann7liu5
hōo-suànn-tiàm,雨傘店,16,hō͘-sòaⁿ-tiàm,hoo7suann3tiam3,hoo7soann3tiam3
hōo-suànn-tshiū,雨傘樹,16,hō͘-sòaⁿ-chhiū,hoo7suann3tshiu7,hoo7soann3chhiu7
hōo-suànn-kíng,雨傘襇,16,hō͘-sòaⁿ-kéng,hoo7suann3king2,hoo7soann3keng2
ú-iā-hue,雨夜花,16,ú-iā-hoe,u2ia7hue1,u2ia7hoe1
hōo-mua-sann,雨幔衫,16,hō͘-moa-saⁿ,hoo7mua1sann1,hoo7moa1sann1
hōo-bín-á,雨抿仔,16,hō͘-bín-á,hoo7bin2a2,hoo7bin2a2
hōo-sut-á,雨捽仔,16,hō͘-sut-á,hoo7sut4a2,hoo7sut4a2
hōo-phiat-á,雨撇仔,16,hō͘-phiat-á,hoo7phiat4a2,hoo7phiat4a2
hōo-muî-á,雨毛仔,16,hō͘-mûi-á,hoo7mui5a2,hoo7mui5a2
hōo-tsuí-hiā,雨水蟻,16,hō͘-chúi-hiā,hoo7tsui2hia7,hoo7chui2hia7
hōo-tiám-á,雨點仔,16,hō͘-tiám-á,hoo7tiam2a2,hoo7tiam2a2
seh-ang-á,雪尪仔,16,seh-ang-á,seh4ang1a2,seh4ang1a2
sap-bûn-hì,雪文戲,16,sap-bûn-hì,sap4bun5hi3,sap4bun5hi3
sap-bûn-phue̍h,雪文沫,16,sap-bûn-phoe̍h,sap4bun5phueh8,sap4bun5phoeh8
sap-muî-phe̍h,雪文沫,16,sap-mûi-phe̍h,sap4mui5pheh8,sap4mui5pheh8
sap-muî-phe̍rh,雪文沫,16,sap-mûi-phe̍rh,sap4mui5pherh8,sap4mui5pherh8
sap-bûn-pho,雪文波,16,sap-bûn-pho,sap4bun5pho1,sap4bun5pho1
sap-bûn-phor,雪文波,16,sap-bûn-phor,sap4bun5phor1,sap4bun5phor1
sap-muî-pho,雪文波,16,sap-mûi-pho,sap4mui5pho1,sap4mui5pho1
sap-bûn-tsing,雪文精,16,sap-bûn-cheng,sap4bun5tsing1,sap4bun5cheng1
sap-bûn-ko,雪文膏,16,sap-bûn-ko,sap4bun5ko1,sap4bun5ko1
suat-tshia-khián,雪車犬,16,soat-chhia-khián,suat4tshia1khian2,soat4chhia1khian2
lân-san-bah,零星肉,16,lân-san-bah,lan5san1bah4,lan5san1bah4
lân-san-kóo,零星股,16,lân-san-kó͘,lan5san1koo2,lan5san1koo2
lân-san-tsînn,零星錢,16,lân-san-chîⁿ,lan5san1tsinn5,lan5san1chinn5
lîng-khak-tsín,零確診,16,lêng-khak-chín,ling5khak4tsin2,leng5khak4chin2
luî-kong-ôo,雷公壺,16,lûi-kong-ô͘,lui5kong1oo5,lui5kong1oo5
luî-kong-bué,雷公尾,16,lûi-kong-bóe,lui5kong1bue2,lui5kong1boe2
luî-kong-kòng,雷公摃,16,lûi-kong-kòng,lui5kong1kong3,lui5kong1kong3
luî-tsiann-lîng,雷精靈,16,lûi-chiaⁿ-lêng,lui5tsiann1ling5,lui5chiann1leng5
luî-tiān-kiû,雷電球,16,lûi-tiān-kiû,lui5tian7kiu5,lui5tian7kiu5
tiān-kong-phìnn,電光片,16,tiān-kong-phìⁿ,tian7kong1phinn3,tian7kong1phinn3
tiān-tōng-king,電動間,16,tiān-tōng-keng,tian7tong7king1,tian7tong7keng1
tiān-khip-á,電吸仔,16,tiān-khip-á,tian7khip4a2,tian7khip4a2
tiān-tsú-phue,電子批,16,tiān-chú-phoe,tian7tsu2phue1,tian7chu2phoe1
tiān-tsír-gia̍p,電子業,16,tiān-chír-gia̍p,tian7tsir2giap8,tian7chir2giap8
tiān-tsú-gia̍p,電子業,16,tiān-chú-gia̍p,tian7tsu2giap8,tian7chu2giap8
tiān-tsír-khîm,電子琴,16,tiān-chír-khîm,tian7tsir2khim5,tian7chir2khim5
tiān-tsú-khîm,電子琴,16,tiān-chú-khîm,tian7tsu2khim5,tian7chu2khim5
tiān-tsú-tshìn,電子秤,16,tiān-chú-chhìn,tian7tsu2tshin3,tian7chu2chhin3
tiān-tsír-hun,電子薰,16,tiān-chír-hun,tian7tsir2hun1,tian7chir2hun1
tiān-tsú-hun,電子薰,16,tiān-chú-hun,tian7tsu2hun1,tian7chu2hun1
tiān-tsí-hûn,電子雲,16,tiān-chí-hûn,tian7tsi2hun5,tian7chi2hun5
tiān-iông-khì,電容器,16,tiān-iông-khì,tian7iong5khi3,tian7iong5khi3
tiān-iánn-á,電影仔,16,tiān-iáⁿ-á,tian7iann2a2,tian7iann2a2
tiān-iánn-king,電影間,16,tiān-iáⁿ-keng,tian7iann2king1,tian7iann2keng1
tiān-hû-thui,電扶梯,16,tiān-hû-thui,tian7hu5thui1,tian7hu5thui1
tiān-bín-á,電抿仔,16,tiān-bín-á,tian7bin2a2,tian7bin2a2
tiān-sàu-tshiú,電掃帚,16,tiān-sàu-chhiú,tian7sau3tshiu2,tian7sau3chhiu2
tiān-lâu-thui,電樓梯,16,tiān-lâu-thui,tian7lau5thui1,tian7lau5thui1
tiān-suh-á,電欶仔,16,tiān-suh-á,tian7suh4a2,tian7suh4a2
tiān-khì-tshí,電氣鼠,16,tiān-khì-chhí,tian7khi3tshi2,tian7khi3chhi2
tiān-tsuí-lôo,電水爐,16,tiān-chúi-lô͘,tian7tsui2loo5,tian7chui2loo5
tiān-tî-tshia,電池車,16,tiān-tî-chhia,tian7ti5tshia1,tian7ti5chhia1
tiān-liû-pió,電流表,16,tiān-liû-pió,tian7liu5pio2,tian7liu5pio2
tiān-hué-pòo,電火布,16,tiān-hóe-pò͘,tian7hue2poo3,tian7hoe2poo3
tiān-huē-hì,電火戲,16,tiān-hōe-hì,tian7hue7hi3,tian7hoe7hi3
tiān-hué-kóng,電火管,16,tiān-hóe-kóng,tian7hue2kong2,tian7hoe2kong2
tiān-hué-hue,電火花,16,tiān-hóe-hoe,tian7hue2hue1,tian7hoe2hoe1
tiān-hé-hue,電火花,16,tiān-hé-hoe,tian7he2hue1,tian7he2hoe1
tiān-hér-hue,電火花,16,tiān-hér-hoe,tian7her2hue1,tian7her2hoe1
tiān-hang-lôo,電烘爐,16,tiān-hang-lô͘,tian7hang1loo5,tian7hang1loo5
tiān-hang-siunn,電烘箱,16,tiān-hang-siuⁿ,tian7hang1siunn1,tian7hang1siunn1
tiān-sio-hong,電燒風,16,tiān-sio-hong,tian7sio1hong1,tian7sio1hong1
tiān-tsû-tiûnn,電磁場,16,tiān-chû-tiûⁿ,tian7tsu5tiunn5,tian7chu5tiunn5
tiān-tsû-ha̍k,電磁學,16,tiān-chû-ha̍k,tian7tsu5hak8,tian7chu5hak8
tiān-tsû-kuài,電磁怪,16,tiān-chû-koài,tian7tsu5kuai3,tian7chu5koai3
tiān-tsû-lôo,電磁爐,16,tiān-chû-lô͘,tian7tsu5loo5,tian7chu5loo5
tiān-sǹg-puânn,電算盤,16,tiān-sǹg-pôaⁿ,tian7sng3puann5,tian7sng3poann5
tiān-tsìnn-lôo,電糋爐,16,tiān-chìⁿ-lô͘,tian7tsinn3loo5,tian7chinn3loo5
tiān-tsìnn-ko,電糋鍋,16,tiān-chìⁿ-ko,tian7tsinn3ko1,tian7chinn3ko1
tiān-suànn-phue,電線批,16,tiān-sòaⁿ-phoe,tian7suann3phue1,tian7soann3phoe1
tiān-náu-phue,電腦批,16,tiān-náu-phoe,tian7nau2phue1,tian7nau2phoe1
tiān-náu-king,電腦間,16,tiān-náu-keng,tian7nau2king1,tian7nau2keng1
tiān-nóo-king,電腦間,16,tiān-nó͘-keng,tian7noo2king1,tian7noo2keng1
tiān-náu-tshí,電腦鼠,16,tiān-náu-chhí,tian7nau2tshi2,tian7nau2chhi2
tiān-hóo-iâ,電虎爺,16,tiān-hó͘-iâ,tian7hoo2ia5,tian7hoo2ia5
tiān-báng-phah,電蠓拍,16,tiān-báng-phah,tian7bang2phah4,tian7bang2phah4
tiān-sī-tâi,電視台,16,tiān-sī-tâi,tian7si7tai5,tian7si7tai5
tiān-kái-tsit,電解質,16,tiān-kái-chit,tian7kai2tsit4,tian7kai2chit4
tiān-tshia-thâu,電車頭,16,tiān-chhia-thâu,tian7tshia1thau5,tian7chhia1thau5
tiān-tshia-ia̍h,電車驛,16,tiān-chhia-ia̍h,tian7tshia1iah8,tian7chhia1iah8
tiān-ko-kuà,電鍋蓋,16,tiān-ko-kòa,tian7ko1kua3,tian7ko1koa3
tiān-só-thâu,電鎖頭,16,tiān-só-thâu,tian7so2thau5,tian7so2thau5
tân-luî-tshí,霆雷鼠,16,tân-lûi-chhí,tan5lui5tshi2,tan5lui5chhi2
hùe-tang-suann,霍童山,16,hòe-tang-soaⁿ,hue3tang1suann1,hoe3tang1soann1
sng-á-ki,霜仔枝,16,sng-á-ki,sng1a2ki1,sng1a2ki1
sng-á-kak,霜仔角,16,sng-á-kak,sng1a2kak4,sng1a2kak4
sng-khòo-tsuā,霜庫逝,16,sng-khò͘-chōa,sng1khoo3tsua7,sng1khoo3choa7
bū-sà-sà,霧嗄嗄,16,bū-sà-sà,bu7sa3sa3,bu7sa3sa3
lōo-iânn-tshia,露營車,16,lō͘-iâⁿ-chhia,loo7iann5tshia1,loo7iann5chhia1
lōo-lê-á,露螺仔,16,lō͘-lê-á,loo7le5a2,loo7le5a2
lōo-lê-ping,露螺冰,16,lō͘-lê-peng,loo7le5ping1,loo7le5peng1
lōo-lê-pháng,露螺麭,16,lō͘-lê-pháng,loo7le5phang2,loo7le5phang2
lōo-se-a,露西亞,16,lō͘-se-a,loo7se1a1,loo7se1a1
pà-ông-hue,霸王花,16,pà-ông-hoe,pa3ong5hue1,pa3ong5hoe1
lîng-thâm-pi,靈潭陂,16,lêng-thâm-pi,ling5tham5pi1,leng5tham5pi1
lîng-kut-thah,靈骨塔,16,lêng-kut-thah,ling5kut4thah4,leng5kut4thah4
tshenn-tshè-hōo,青tshè 雨,16,chheⁿ-chhè-hō͘,tshenn1tshe3hoo7,chhenn1chhe3hoo7
tshinn-ki-á,青吱仔,16,chhiⁿ-ki-á,tshinn1ki1a2,chhinn1ki1a2
tshing-suann-ông,青山王,16,chheng-soaⁿ-ông,tshing1suann1ong5,chheng1soann1ong5
tshenn-sún-sún,青恂恂,16,chheⁿ-sún-sún,tshenn1sun2sun2,chhenn1sun2sun2
tshinn-sún-sún,青恂恂,16,chhiⁿ-sún-sún,tshinn1sun2sun2,chhinn1sun2sun2
tshing-tshun-niá,青春嶺,16,chheng-chhun-niá,tshing1tshun1nia2,chheng1chhun1nia2
tshing-tshun-kî,青春期,16,chheng-chhun-kî,tshing1tshun1ki5,chheng1chhun1ki5
tshenn-tōo-tīng,青杜定,16,chheⁿ-tō͘-tēng,tshenn1too7ting7,chhenn1too7teng7
tshing-sim-kuān,青森縣,16,chheng-sim-koān,tshing1sim1kuan7,chheng1sim1koan7
tshenn-môo-thâng,青毛蟲,16,chheⁿ-mô͘-thâng,tshenn1moo5thang5,chhenn1moo5thang5
tshenn-kâu-hōo,青猴雨,16,chheⁿ-kâu-hō͘,tshenn1kau5hoo7,chhenn1kau5hoo7
tshenn-mê-lâng,青盲人,16,chheⁿ-mê-lâng,tshenn1me5lang5,chhenn1me5lang5
tshinn-mî-lâng,青盲人,16,chhiⁿ-mî-lâng,tshinn1mi5lang5,chhinn1mi5lang5
tshenn-mê-á,青盲仔,16,chheⁿ-mê-á,tshenn1me5a2,chhenn1me5a2
tshinn-mî-á,青盲仔,16,chhiⁿ-mî-á,tshinn1mi5a2,chhinn1mi5a2
tshenn-hue-tshài,青花菜,16,chheⁿ-hoe-chhài,tshenn1hue1tshai3,chhenn1hoe1chhai3
tshenn-thî-thâng,青苔蟲,16,chheⁿ-thî-thâng,tshenn1thi5thang5,chhenn1thi5thang5
tshinn-koo-sòo,青菇素,16,chhiⁿ-ko͘-sò͘,tshinn1koo1soo3,chhinn1koo1soo3
hui-kong-sik,非公式,16,hui-kong-sek,hui1kong1sik4,hui1kong1sek4
khò-bú-tsok,靠母族,16,khò-bú-chok,kho3bu2tsok4,kho3bu2chok4
bīn-tsuí-bái,面水䆀,16,bīn-chúi-bái,bin7tsui2bai2,bin7chui2bai2
bīn-tshàu-tshàu,面臭臭,16,bīn-chhàu-chhàu,bin7tshau3tshau3,bin7chhau3chhau3
bīn-tsiok-tshàu,面足臭,16,bīn-chiok-chhàu,bin7tsiok4tshau3,bin7chiok4chhau3
kik--khì,革去,16,kek--khì,kik4khi3,kek4khi3
ê-á-tuà,鞋仔帶,16,ê-á-tòa,e5a2tua3,e5a2toa3
ê-tû-á,鞋櫥仔,16,ê-tû-á,e5tu5a2,e5tu5a2
khōng-kuh-li̍h,鞏固力,16,khōng-kuh-li̍h,khong7kuh4lih8,khong7kuh4lih8
khōng-tsio̍h-ko,鞏石膏,16,khōng-chio̍h-ko,khong7tsioh8ko1,khong7chioh8ko1
jūn-phuê-pōo,韌皮部,16,jūn-phôe-pō͘,jun7phue5poo7,jun7phoe5poo7
hân-kok-hì,韓國戲,16,hân-kok-hì,han5kok4hi3,han5kok4hi3
hân-kok-bûn,韓國文,16,hân-kok-bûn,han5kok4bun5,han5kok4bun5
hân-kok-jû,韓國瑜,16,hân-kok-jû,han5kok4ju5,han5kok4ju5
hân-kok-lû,韓國瑜,16,hân-kok-lû,han5kok4lu5,han5kok4lu5
hân-kok-uē,韓國話,16,hân-kok-ōe,han5kok4ue7,han5kok4oe7
hân-kok-tshut,韓國齣,16,hân-kok-chhut,han5kok4tshut4,han5kok4chhut4
im-hāu-phìnn,音效片,16,im-hāu-phìⁿ,im1hau7phinn3,im1hau7phinn3
hiáng--luî,響雷,16,hiáng--lûi,hiang2lui5,hiang2lui5
hiáng-luî-kong,響雷公,16,hiáng-lûi-kong,hiang2lui5kong1,hiang2lui5kong1
tíng-kè-gue̍h,頂個月,16,téng-kè-goe̍h,ting2ke3gueh8,teng2ke3goeh8
tíng-puànn-kang,頂半工,16,téng-pòaⁿ-kang,ting2puann3kang1,teng2poann3kang1
tíng-puànn-poo,頂半晡,16,téng-pòaⁿ-po͘,ting2puann3poo1,teng2poann3poo1
tíng-kheh-tso̍k,頂客族,16,téng-kheh-cho̍k,ting2kheh4tsok8,teng2kheh4chok8
tíng-lé-pài,頂禮拜,16,téng-lé-pài,ting2le2pai3,teng2le2pai3
sūn-hong-sè,順風勢,16,sūn-hong-sè,sun7hong1se3,sun7hong1se3
han-bān-tshuì,頇顢喙,16,han-bān-chhùi,han1ban7tshui3,han1ban7chhui3
ī-hông-siā,預防射,16,ī-hông-siā,i7hong5sia7,i7hong5sia7
ū-hông-siā,預防射,16,ū-hông-siā,u7hong5sia7,u7hong5sia7
tùn-pa-su,頓巴斯,16,tùn-pa-su,tun3pa1su1,tun3pa1su1
niá-tsînn-khah,領錢卡,16,niá-chîⁿ-khah,nia2tsinn5khah4,nia2chinn5khah4
niá-tsînn-phìnn,領錢片,16,niá-chîⁿ-phìⁿ,nia2tsinn5phinn3,nia2chinn5phinn3
thâu-tsi̍t-kang,頭一工,16,thâu-chi̍t-kang,thau5tsit8kang1,thau5chit8kang1
thâu-tsi̍t-pān,頭一範,16,thâu-chi̍t-pān,thau5tsit8pan7,thau5chit8pan7
thâu-tsi̍t-khōng,頭一鞏,16,thâu-chi̍t-khōng,thau5tsit8khong7,thau5chit8khong7
thâu-tsiūnn-á,頭上仔,16,thâu-chiūⁿ-á,thau5tsiunn7a2,thau5chiunn7a2
thâu-lâng-poo,頭人埔,16,thâu-lâng-po͘,thau5lang5poo1,thau5lang5poo1
thâu-á-sim,頭仔心,16,thâu-á-sim,thau5a2sim1,thau5a2sim1
thâu-tshuì-tsió,頭喙少,16,thâu-chhùi-chió,thau5tshui3tsio2,thau5chhui3chio2
thâu-uî-á,頭圍仔,16,thâu-ûi-á,thau5ui5a2,thau5ui5a2
thâu-ke-má,頭家媽,16,thâu-ke-má,thau5ke1ma2,thau5ke1ma2
thâu-bué-huè,頭尾歲,16,thâu-bóe-hòe,thau5bue2hue3,thau5boe2hoe3
thâu-bé-hè,頭尾歲,16,thâu-bé-hè,thau5be2he3,thau5be2he3
thâu-khàm-ê,頭崁的,16,thâu-khàm-ê,thau5kham3e5,thau5kham3e5
tha̍h-tú-á,頭拄仔,16,tha̍h-tú-á,thah8tu2a2,thah8tu2a2
thâu-gông-gông,頭楞楞,16,thâu-gông-gông,thau5gong5gong5,thau5gong5gong5
thâu-khak-gông,頭殼楞,16,thâu-khak-gông,thau5khak4gong5,thau5khak4gong5
thâu-mn̂g-tsing,頭毛精,16,thâu-mn̂g-cheng,thau5mng5tsing1,thau5mng5cheng1
thâu-moo-tshài,頭毛菜,16,thâu-mo͘-chhài,thau5moo1tshai3,thau5moo1chhai3
thâu-lôo-hiunn,頭爐香,16,thâu-lô͘-hiuⁿ,thau5loo5hiunn1,thau5loo5hiunn1
thâu-lerê-lerê,頭犁犁,16,thâu-lêre-lêre,thau5lere5lere5,thau5lere5lere5
thâu-luê-luê,頭犁犁,16,thâu-lôe-lôe,thau5lue5lue5,thau5loe5loe5
thâu-lê-lê,頭犁犁,16,thâu-lê-lê,thau5le5le5,thau5le5le5
thâu-ba̍k-tsiáu,頭目鳥,16,thâu-ba̍k-chiáu,thau5bak8tsiau2,thau5bak8chiau2
thâu-kuà-kut,頭蓋骨,16,thâu-kòa-kut,thau5kua3kut4,thau5koa3kut4
thâu-khí-sing,頭起先,16,thâu-khí-seng,thau5khi2sing1,thau5khi2seng1
thâu-lōo-hiunn,頭路香,16,thâu-lō͘-hiuⁿ,thau5loo7hiunn1,thau5loo7hiunn1
thâu-tsang-hîng,頭鬃型,16,thâu-chang-hêng,thau5tsang1hing5,thau5chang1heng5
khih-kau-kut,頰溝骨,16,khih-kau-kut,khih4kau1kut4,khih4kau1kut4
ām-kui-suànn,頷胿腺,16,ām-kui-sòaⁿ,am7kui1suann3,am7kui1soann3
ām-kui-sàn,頷胿腺,16,ām-kui-sàn,am7kui1san3,am7kui1san3
ām-kui-lui,頷頸lui,16,ām-kui-lui,am7kui1lui1,am7kui1lui1
ām-kún-á,頷頸仔,16,ām-kún-á,am7kun2a2,am7kun2a2
ām-kún-suann,頷頸山,16,ām-kún-soaⁿ,am7kun2suann1,am7kun2soann1
ām-kún-kui,頷頸胿,16,ām-kún-kui,am7kun2kui1,am7kun2kui1
gia̍h-tan-jī,額單字,16,gia̍h-tan-jī,giah8tan1ji7,giah8tan1ji7
hia̍h-tōo-tsiam,額度針,16,hia̍h-tō͘-chiam,hiah8too7tsiam1,hiah8too7chiam1
hia̍h-thâu-kut,額頭骨,16,hia̍h-thâu-kut,hiah8thau5kut4,hiah8thau5kut4
gân-khuan-hông,顏寬恆,16,gân-khoan-hông,gan5khuan1hong5,gan5khoan1hong5
tian-tó-bái,顛倒䆀,16,tian-tó-bái,tian1to2bai2,tian1to2bai2
tian-tò-hāi,顛倒害,16,tian-tò-hāi,tian1to3hai7,tian1to3hai7
kòo-lâng-uàn,顧人怨,16,kò͘-lâng-oàn,koo3lang5uan3,koo3lang5oan3
hián-sī-phìnn,顯示片,16,hián-sī-phìⁿ,hian2si7phinn3,hian2si7phinn3
lôo-tíng-kut,顱頂骨,16,lô͘-téng-kut,loo5ting2kut4,loo5teng2kut4
jiap-su-kut,顳斯骨,16,jiap-su-kut,jiap4su1kut4,jiap4su1kut4
hong-tshue-kiû,風吹球,16,hong-chhoe-kiû,hong1tshue1kiu5,hong1chhoe1kiu5
hong-huê-huê,風回回,16,hong-hôe-hôe,hong1hue5hue5,hong1hoe5hoe5
hong-hê-hê,風回回,16,hong-hê-hê,hong1he5he5,hong1he5he5
hong-hêr-hêr,風回回,16,hong-hêr-hêr,hong1her5her5,hong1her5her5
huang-hêr-hêr,風回回,16,hoang-hêr-hêr,huang1her5her5,hoang1her5her5
hong-thóo-pēnn,風土病,16,hong-thó͘-pēⁿ,hong1thoo2penn7,hong1thoo2penn7
hong-thóo-pīnn,風土病,16,hong-thó͘-pīⁿ,hong1thoo2pinn7,hong1thoo2pinn7
hong-tsu̍t-á,風捽仔,16,hong-chu̍t-á,hong1tsut8a2,hong1chut8a2
hong-tsuí-sian,風水仙,16,hong-chúi-sian,hong1tsui2sian1,hong1chui2sian1
hong-suí-sai,風水師,16,hong-súi-sai,hong1sui2sai1,hong1sui2sai1
hong-liû-tsú,風流子,16,hong-liû-chú,hong1liu5tsu2,hong1liu5chu2
hong-liû-kuí,風流鬼,16,hong-liû-kúi,hong1liu5kui2,hong1liu5kui2
hong-hué-káu,風火狗,16,hong-hóe-káu,hong1hue2kau2,hong1hoe2kau2
hong-hué-thâu,風火頭,16,hong-hóe-thâu,hong1hue2thau5,hong1hoe2thau5
hong-hé-thâu,風火頭,16,hong-hé-thâu,hong1he2thau5,hong1he2thau5
hong-piàn-nuí,風變軟,16,hong-piàn-núi,hong1pian3nui2,hong1pian3nui2
hong-piàn-nńg,風變軟,16,hong-piàn-nńg,hong1pian3nng2,hong1pian3nng2
huang-piàn-nńg,風變軟,16,hoang-piàn-nńg,huang1pian3nng2,hoang1pian3nng2
hong-khah-huê,風較回,16,hong-khah-hôe,hong1khah4hue5,hong1khah4hoe5
hong-khah-hê,風較回,16,hong-khah-hê,hong1khah4he5,hong1khah4he5
hong-khah-hêr,風較回,16,hong-khah-hêr,hong1khah4her5,hong1khah4her5
huang-khah-hêr,風較回,16,hoang-khah-hêr,huang1khah4her5,hoang1khah4her5
hong-khah-tiām,風較恬,16,hong-khah-tiām,hong1khah4tiam7,hong1khah4tiam7
huang-khah-tiām,風較恬,16,hoang-khah-tiām,huang1khah4tiam7,hoang1khah4tiam7
hong-tuínn-jio̍k,風轉弱,16,hong-túiⁿ-jio̍k,hong1tuinn2jiok8,hong1tuinn2jiok8
hong-tńg-jio̍k,風轉弱,16,hong-tńg-jio̍k,hong1tng2jiok8,hong1tng2jiok8
huang-tńg-lio̍k,風轉弱,16,hoang-tńg-lio̍k,huang1tng2liok8,hoang1tng2liok8
hong-ú-ha̍k,風雨學,16,hong-ú-ha̍k,hong1u2hak8,hong1u2hak8
hong-thai-thinn,風颱天,16,hong-thai-thiⁿ,hong1thai1thinn1,hong1thai1thinn1
hong-pue-sua,風飛沙,16,hong-poe-soa,hong1pue1sua1,hong1poe1soa1
iānn-iānn-pue,颺颺飛,16,iāⁿ-iāⁿ-poe,iann7iann7pue1,iann7iann7poe1
pue-liap-ki,飛攝機,16,poe-liap-ki,pue1liap4ki1,poe1liap4ki1
pue-ki-á,飛機仔,16,poe-ki-á,pue1ki1a2,poe1ki1a2
pue-oo-nn̄g,飛烏卵,16,poe-o͘-nn̄g,pue1oo1nng7,poe1oo1nng7
hui-hip-ki,飛翕機,16,hui-hip-ki,hui1hip4ki1,hui1hip4ki1
hui-hîng-ki,飛行機,16,hui-hêng-ki,hui1hing5ki1,hui1heng5ki1
hui-hîng-tsûn,飛行船,16,hui-hêng-chûn,hui1hing5tsun5,hui1heng5chun5
pue-hî-nn̄g,飛魚卵,16,poe-hî-nn̄g,pue1hi5nng7,poe1hi5nng7
hui-phiat-á,飛𥐵仔,16,hui-phiat-á,hui1phiat4a2,hui1phiat4a2
tsia̍h-sann-tang,食三冬,16,chia̍h-saⁿ-tang,tsiah8sann1tang1,chiah8sann1tang1
tsia̍h-tiong-tàu,食中晝,16,chia̍h-tiong-tàu,tsiah8tiong1tau3,chiah8tiong1tau3
tsia̍h-siánn-mih,食啥物,16,chia̍h-siáⁿ-mih,tsiah8siann2mih4,chiah8siann2mih4
tsia̍h-bāng-ti,食夢豬,16,chia̍h-bāng-ti,tsiah8bang7ti1,chiah8bang7ti1
tsia̍h-tuā-toh,食大桌,16,chia̍h-tōa-toh,tsiah8tua7toh4,chiah8toa7toh4
tsia̍h-hó-liāu,食好料,16,chia̍h-hó-liāu,tsiah8ho2liau7,chiah8ho2liau7
tsia̍h-sin-ian,食新嫣,16,chia̍h-sin-ian,tsiah8sin1ian1,chiah8sin1ian1
tsia̍h-sin-siùnn,食新相,16,chia̍h-sin-siùⁿ,tsiah8sin1siunn3,chiah8sin1siunn3
tsia̍h-tsái-khí,食早起,16,chia̍h-chái-khí,tsiah8tsai2khi2,chiah8chai2khi2
tsia̍h-tsá-tuìnn,食早頓,16,chia̍h-chá-tùiⁿ,tsiah8tsa2tuinn3,chiah8cha2tuinn3
tsia̍h-àm-tuìnn,食暗頓,16,chia̍h-àm-tùiⁿ,tsiah8am3tuinn3,chiah8am3tuinn3
tsia̍h-kam-á,食柑仔,16,chia̍h-kam-á,tsiah8kam1a2,chiah8kam1a2
tsia̍h-tiâu-leh,食牢咧,16,chia̍h-tiâu-leh,tsiah8tiau5leh4,chiah8tiau5leh4
tsia̍h-mi̍h-kiānn,食物件,16,chia̍h-mi̍h-kiāⁿ,tsiah8mih8kiann7,chiah8mih8kiann7
tsia̍h-kah-pá,食甲飽,16,chia̍h-kah-pá,tsiah8kah4pa2,chiah8kah4pa2
tsia̍h-tsin-pá,食真飽,16,chia̍h-chin-pá,tsiah8tsin1pa2,chiah8chin1pa2
tsia̍h-tshoo-pá,食粗飽,16,chia̍h-chho͘-pá,tsiah8tshoo1pa2,chiah8chhoo1pa2
tsia̍h-tshenn-tshau,食腥臊,16,chia̍h-chheⁿ-chhau,tsiah8tshenn1tshau1,chiah8chhenn1chhau1
tsia̍h-tio̍h-kenn,食著羹,16,chia̍h-tio̍h-keⁿ,tsiah8tioh8kenn1,chiah8tioh8kenn1
tsia̍h-tio̍h-kinn,食著羹,16,chia̍h-tio̍h-kiⁿ,tsiah8tioh8kinn1,chiah8tioh8kinn1
tsia̍h-io̍h-á,食藥仔,16,chia̍h-io̍h-á,tsiah8ioh8a2,chiah8ioh8a2
tsia̍h-hiā-siù,食蟻獸,16,chia̍h-hiā-siù,tsiah8hia7siu3,chiah8hia7siu3
tsia̍h-bē-siān,食袂倦,16,chia̍h-bē-siān,tsiah8be7sian7,chiah8be7sian7
tsia̍h-buē-khì,食袂去,16,chia̍h-bōe-khì,tsiah8bue7khi3,chiah8boe7khi3
tsia̍h-bē-khì,食袂去,16,chia̍h-bē-khì,tsiah8be7khi3,chiah8be7khi3
tsia̍h-buē-ha̍h,食袂合,16,chia̍h-bōe-ha̍h,tsiah8bue7hah8,chiah8boe7hah8
tsia̍h-bē-lo̍h,食袂落,16,chia̍h-bē-lo̍h,tsiah8be7loh8,chiah8be7loh8
tsia̍h-bē-siān,食袂𤺪,16,chia̍h-bē-siān,tsiah8be7sian7,chiah8be7sian7
tsia̍h-nńg-pn̄g,食軟飯,16,chia̍h-nńg-pn̄g,tsiah8nng2png7,chiah8nng2png7
tsia̍h-khah-bái,食較䆀,16,chia̍h-khah-bái,tsiah8khah4bai2,chiah8khah4bai2
tsia̍h-thàng-hái,食迵海,16,chia̍h-thàng-hái,tsiah8thang3hai2,chiah8thang3hai2
si̍t-tō-gâm,食道癌,16,si̍t-tō-gâm,sit8to7gam5,sit8to7gam5
tsia̍h-pn̄g-uân,食飯丸,16,chia̍h-pn̄g-oân,tsiah8png7uan5,chiah8png7oan5
tsia̍h-pn̄g-huē,食飯會,16,chia̍h-pn̄g-hōe,tsiah8png7hue7,chiah8png7hoe7
tsia̍h-pá-bē,食飽袂,16,chia̍h-pá-bē,tsiah8pa2be7,chiah8pa2be7
tsia̍h-tshan-thiann,食餐廳,16,chia̍h-chhan-thiaⁿ,tsiah8tshan1thiann1,chiah8chhan1thiann1
pn̄g-uân-á,飯丸仔,16,pn̄g-oân-á,png7uan5a2,png7oan5a2
puīnn-uân-á,飯丸仔,16,pūiⁿ-oân-á,puinn7uan5a2,puinn7oan5a2
pn̄g-sî-tshìng,飯匙銃,16,pn̄g-sî-chhèng,png7si5tshing3,png7si5chheng3
pn̄g-sî-gô,飯匙鵝,16,pn̄g-sî-gô,png7si5go5,png7si5go5
puīnn-sî-gô,飯匙鵝,16,pūiⁿ-sî-gô,puinn7si5go5,puinn7si5go5
ím-tsuí-ki,飲水機,16,ím-chúi-ki,im2tsui2ki1,im2chui2ki1
ím-si̍t-tiàm,飲食店,16,ím-si̍t-tiàm,im2sit8tiam3,im2sit8tiam3
tshī-ling-pâng,飼奶房,16,chhī-leng-pâng,tshi7ling1pang5,chhi7leng1pang5
tshī-ling-king,飼奶間,16,chhī-leng-keng,tshi7ling1king1,chhi7leng1keng1
tshī-niáu-tshú,飼鳥鼠,16,chhī-niáu-chhú,tshi7niau2tshu2,chhi7niau2chhu2
piánn-iù-á,餅幼仔,16,piáⁿ-iù-á,piann2iu3a2,piann2iu3a2
ióng-si̍t-gia̍p,養殖業,16,ióng-si̍t-gia̍p,iong2sit8giap8,iong2sit8giap8
ióng-sing-ling,養生奶,16,ióng-seng-leng,iong2sing1ling1,iong2seng1leng1
ióng-ló-gîn,養老銀,16,ióng-ló-gîn,iong2lo2gin5,iong2lo2gin5
ióng-ló-gûn,養老銀,16,ióng-ló-gûn,iong2lo2gun5,iong2lo2gun5
ānn-soo-kiû,餡酥球,16,āⁿ-so͘-kiû,ann7soo1kiu5,ann7soo1kiu5
ānn-pháng-bán,餡麭挽,16,āⁿ-pháng-bán,ann7phang2ban2,ann7phang2ban2
hiang-á-tsiam,香仔針,16,hiang-á-chiam,hiang1a2tsiam1,hiang1a2chiam1
hiong-kin-tsháu,香根草,16,hiong-kin-chháu,hiong1kin1tshau2,hiong1kin1chhau2
hiong-kun-tsháu,香根草,16,hiong-kun-chháu,hiong1kun1tshau2,hiong1kun1chhau2
hiunn-înn-tē,香櫞地,16,hiuⁿ-îⁿ-tē,hiunn1inn5te7,hiunn1inn5te7
hiang-i̍k-tsháu,香浴草,16,hiang-e̍k-chháu,hiang1ik8tshau2,hiang1ek8chhau2
má-lâi-bik,馬來貘,16,má-lâi-bek,ma2lai5bik4,ma2lai5bek4
má-khik-pue,馬克杯,16,má-khek-poe,ma2khik4pue1,ma2khek4poe1
bé-kong-tshù,馬公厝,16,bé-kong-chhù,be2kong1tshu3,be2kong1chhu3
má-kî-tùn,馬其頓,16,má-kî-tùn,ma2ki5tun3,ma2ki5tun3
má-ka-tì,馬加智,16,má-ka-tì,ma2ka1ti3,ma2ka1ti3
ma-khá-lóng,馬卡朗,16,ma-khá-lóng,ma1kha2long2,ma1kha2long2
bé-kha̍h-liông,馬卡龍,16,bé-kha̍h-liông,be2khah8liong5,be2khah8liong5
ma-tá-án,馬大安,16,ma-tá-án,ma1ta2an2,ma1ta2an2
má-tāi-an,馬大安,16,má-tāi-an,ma2tai7an1,ma2tai7an1
ma-tá-án,馬太鞍,16,ma-tá-án,ma1ta2an2,ma1ta2an2
má-tāi-an,馬太鞍,16,má-tāi-an,ma2tai7an1,ma2tai7an1
má-nî-la,馬尼拉,16,má-nî-la,ma2ni5la1,ma2ni5la1
má-bué-khu,馬尾區,16,má-bóe-khu,ma2bue2khu1,ma2boe2khu1
má-tsa-lân,馬查蘭,16,má-cha-lân,ma2tsa1lan5,ma2cha1lan5
má-tshâ-lân,馬查蘭,16,má-chhâ-lân,ma2tsha5lan5,ma2chha5lan5
má-bú-khut,馬武窟,16,má-bú-khut,ma2bu2khut4,ma2bu2khut4
bé-káu-khîm,馬狗琴,16,bé-káu-khîm,be2kau2khim5,be2kau2khim5
bé-hue-tsìnn,馬花糋,16,bé-hoe-chìⁿ,be2hue1tsinn3,be2hoe1chinn3
má-ing-kiú,馬英九,16,má-eng-kiú,ma2ing1kiu2,ma2eng1kiu2
má-ing-káu,馬英九,16,má-eng-káu,ma2ing1kau2,ma2eng1kau2
bé-tê-hue,馬茶花,16,bé-tê-hoe,be2te5hue1,be2te5hoe1
bé-tsáu-pio,馬走標,16,bé-cháu-pio,be2tsau2pio1,be2chau2pio1
bé-tuê-tsìnn,馬蹄糋,16,bé-tôe-chìⁿ,be2tue5tsinn3,be2toe5chinn3
bé-tê-tsìnn,馬蹄糋,16,bé-tê-chìⁿ,be2te5tsinn3,be2te5chinn3
má-lí-bu̍t,馬里勿,16,má-lí-bu̍t,ma2li2but8,ma2li2but8
má-lîng-tsîr,馬鈴薯,16,má-lêng-chîr,ma2ling5tsir5,ma2leng5chir5
bé-uann-tsū,馬鞍苴,16,bé-oaⁿ-chū,be2uann1tsu7,be2oann1chu7
bé-ka-tshun,馬鮫鰆,16,bé-ka-chhun,be2ka1tshun1,be2ka1chhun1
tū--sí,駐死,16,tū--sí,tu7si2,tu7si2
kà-sú-tsō,駕駛座,16,kà-sú-chō,ka3su2tso7,ka3su2cho7
sái-iā-tshia,駛夜車,16,sái-iā-chhia,sai2ia7tshia1,sai2ia7chhia1
sái-kha-tshng,駛尻川,16,sái-kha-chhng,sai2kha1tshng1,sai2kha1chhng1
sái-tshia-puânn,駛車盤,16,sái-chhia-pôaⁿ,sai2tshia1puann5,sai2chhia1poann5
tô-iûnn-á,駝羊仔,16,tô-iûⁿ-á,to5iunn5a2,to5iunn5a2
giām-siong-tuann,驗傷單,16,giām-siong-toaⁿ,giam7siong1tuann1,giam7siong1toann1
kiann-tó-lâng,驚倒人,16,kiaⁿ-tó-lâng,kiann1to2lang5,kiann1to2lang5
king-thàn-hō,驚嘆號,16,keng-thàn-hō,king1than3ho7,keng1than3ho7
kiann-pháinn-lâng,驚歹人,16,kiaⁿ-pháiⁿ-lâng,kiann1phainn2lang5,kiann1phainn2lang5
kut-thâu-phànn,骨頭冇,16,kut-thâu-phàⁿ,kut4thau5phann3,kut4thau5phann3
kut-keh-ki,骨骼肌,16,kut-keh-ki,kut4keh4ki1,kut4keh4ki1
kut-tshué-khang,骨髓腔,16,kut-chhóe-khang,kut4tshue2khang1,kut4chhoe2khang1
kut-tshé-khang,骨髓腔,16,kut-chhé-khang,kut4tshe2khang1,kut4chhe2khang1
kái-pinn-tsiūnn,骱邊癢,16,kái-piⁿ-chiūⁿ,kai2pinn1tsiunn7,kai2pinn1chiunn7
khoo-lôo-thâu,骷髏頭,16,kho͘-lô͘-thâu,khoo1loo5thau5,khoo1loo5thau5
koo-lôo-thâu,骷髏頭,16,ko͘-lô͘-thâu,koo1loo5thau5,koo1loo5thau5
thé-un-kè,體溫計,16,thé-un-kè,the2un1ke3,the2un1ke3
thé-io̍k-tshia,體育車,16,thé-io̍k-chhia,the2iok8tshia1,the2iok8chhia1
ko-kù-lê,高句麗,16,ko-kù-lê,ko1ku3le5,ko1ku3le5
ko-phín-tsit,高品質,16,ko-phín-chit,ko1phin2tsit4,ko1phin2chit4
ko-suann-tê,高山茶,16,ko-soaⁿ-tê,ko1suann1te5,ko1soann1te5
ko-sêng-iām,高成炎,16,ko-sêng-iām,ko1seng5iam7,ko1seng5iam7
ko-tshiū-kha,高樹跤,16,ko-chhiū-kha,ko1tshiu7kha1,ko1chhiu7kha1
ko-hiat-iû,高血油,16,ko-hiat-iû,ko1hiat4iu5,ko1hiat4iu5
ko-hueh-iû,高血油,16,ko-hoeh-iû,ko1hueh4iu5,ko1hoeh4iu5
ko-thih-tsām,高鐵站,16,ko-thih-chām,ko1thih4tsam7,ko1thih4cham7
huat-jī-thâu,髮字頭,16,hoat-jī-thâu,huat4ji7thau5,hoat4ji7thau5
hôo-tshe-tshe,鬍叉叉,16,hô͘-chhe-chhe,hoo5tshe1tshe1,hoo5chhe1chhe1
hôo-sa̍p-sa̍p,鬍屑屑,16,hô͘-sa̍p-sa̍p,hoo5sap8sap8,hoo5sap8sap8
hôo-nah-sannh,鬍爁喢,16,hô͘-nah-saⁿh,hoo5nah4sannh4,hoo5nah4sannh4
tàu-hué-kì,鬥伙計,16,tàu-hóe-kì,tau3hue2ki3,tau3hoe2ki3
tàu-sū-bé,鬥序碼,16,tàu-sū-bé,tau3su7be2,tau3su7be2
tàu-phìnn-á,鬥片仔,16,tàu-phìⁿ-á,tau3phinn3a2,tau3phinn3a2
tàu-bē-bā,鬥袂峇,16,tàu-bē-bā,tau3be7ba7,tau3be7ba7
kuí-á-kóo,鬼仔古,16,kúi-á-kó͘,kui2a2koo2,kui2a2koo2
kuí-á-hong,鬼仔風,16,kúi-á-hong,kui2a2hong1,kui2a2hong1
kuí-phah-tio̍h,鬼拍著,16,kúi-phah-tio̍h,kui2phah4tioh8,kui2phah4tioh8
khue-pok-khik,魁北克,16,khoe-pok-khek,khue1pok4khik4,khoe1pok4khek4
môo-tō-sū,魔導士,16,mô͘-tō-sū,moo5to7su7,moo5to7su7
môo-kùn-á,魔棍仔,16,mô͘-kùn-á,moo5kun3a2,moo5kun3a2
môo-sîn-á,魔神仔,16,mô͘-sîn-á,moo5sin5a2,moo5sin5a2
môo-kiat-tsō,魔羯座,16,mô͘-kiat-chō,moo5kiat4tso7,moo5kiat4cho7
môo-su̍t-su,魔術師,16,mô͘-su̍t-su,moo5sut8su1,moo5sut8su1
hî-á-kué,魚仔粿,16,hî-á-kóe,hi5a2kue2,hi5a2koe2
hî-á-piánn,魚仔餅,16,hî-á-piáⁿ,hi5a2piann2,hi5a2piann2
hî-nn̄g-tsiùnn,魚卵醬,16,hî-nn̄g-chiùⁿ,hi5nng7tsiunn3,hi5nng7chiunn3
hî-tû-á,魚櫥仔,16,hî-tû-á,hi5tu5a2,hi5tu5a2
hî-tî-á,魚池仔,16,hî-tî-á,hi5ti5a2,hi5ti5a2
hi-ti-siunn,魚池箱,16,hi-ti-siuⁿ,hi1ti1siunn1,hi1ti1siunn1
hî-póo-á,魚脯仔,16,hî-pó͘-á,hi5poo2a2,hi5poo2a2
hî-tîn-kuài,魚藤怪,16,hî-tîn-koài,hi5tin5kuai3,hi5tin5koai3
hî-huân-hî,魚還魚,16,hî-hoân-hî,hi5huan5hi5,hi5hoan5hi5
hî-lân-tshè,魚鱗粞,16,hî-lân-chhè,hi5lan5tshe3,hi5lan5chhe3
but-á-khenn,魩仔坑,16,but-á-kheⁿ,but4a2khenn1,but4a2khenn1
but-á-khinn,魩仔坑,16,but-á-khiⁿ,but4a2khinn1,but4a2khinn1
pau-hî-koo,鮑魚菇,16,pau-hî-ko͘,pau1hi5koo1,pau1hi5koo1
tai-hî-lân,鮘魚鱗,16,tai-hî-lân,tai1hi5lan5,tai1hi5lan5
tshinn-ling-tê,鮮奶茶,16,chhiⁿ-leng-tê,tshinn1ling1te5,chhinn1leng1te5
tshinn-ni-tê,鮮奶茶,16,chhiⁿ-ni-tê,tshinn1ni1te5,chhinn1ni1te5
lí-hî-ông,鯉魚王,16,lí-hî-ông,li2hi5ong5,li2hi5ong5
lâ-lí-ông,鯪鯉王,16,lâ-lí-ông,la5li2ong5,la5li2ong5
lâ-lí-kū,鯪鯉舅,16,lâ-lí-kū,la5li2ku7,la5li2ku7
lâ-lí-tshí,鯪鯉鼠,16,lâ-lí-chhí,la5li2tshi2,la5li2chhi2
liâm-á-hî,鯰仔魚,16,liâm-á-hî,liam5a2hi5,liam5a2hi5
liâm-á-hîr,鯰仔魚,16,liâm-á-hîr,liam5a2hir5,liam5a2hir5
jiû-hî-á,鰇魚仔,16,jiû-hî-á,jiu5hi5a2,jiu5hi5a2
liû-hû-á,鰇魚仔,16,liû-hû-á,liu5hu5a2,liu5hu5a2
jiû-hî-tsìnn,鰇魚糋,16,jiû-hî-chìⁿ,jiu5hi5tsinn3,jiu5hi5chinn3
gô-thâu-piah,鰲頭壁,16,gô-thâu-piah,go5thau5piah4,go5thau5piah4
pih-kah-niau,鱉甲貓,16,pih-kah-niau,pih4kah4niau1,pih4kah4niau1
hāu-bué-to,鱟尾刀,16,hāu-bóe-to,hau7bue2to1,hau7boe2to1
hāu-bé-to,鱟尾刀,16,hāu-bé-to,hau7be2to1,hau7be2to1
hāu-sia̍h-á,鱟杓仔,16,hāu-sia̍h-á,hau7siah8a2,hau7siah8a2
hāu-phiánn-á,鱟鉼仔,16,hāu-phiáⁿ-á,hau7phiann2a2,hau7phiann2a2
kho̍k-lâi-á,鱷梨仔,16,kho̍k-lâi-á,khok8lai5a2,khok8lai5a2
tsiáu-á-sái,鳥仔屎,16,chiáu-á-sái,tsiau2a2sai2,chiau2a2sai2
tsiáu-á-king,鳥仔弓,16,chiáu-á-keng,tsiau2a2king1,chiau2a2keng1
tsiáu-á-tse,鳥仔災,16,chiáu-á-che,tsiau2a2tse1,chiau2a2che1
tsiáu-á-un,鳥仔瘟,16,chiáu-á-un,tsiau2a2un1,chiau2a2un1
tsiáu-á-lam,鳥仔籠,16,chiáu-á-lam,tsiau2a2lam1,chiau2a2lam1
tsiáu-á-lang,鳥仔籠,16,chiáu-á-lang,tsiau2a2lang1,chiau2a2lang1
tsiáu-á-lâng,鳥仔籠,16,chiáu-á-lâng,tsiau2a2lang5,chiau2a2lang5
tsiáu-á-tōo,鳥仔肚,16,chiáu-á-tō͘,tsiau2a2too7,chiau2a2too7
tsiáu-tshîng-kha,鳥松跤,16,chiáu-chhêng-kha,tsiau2tshing5kha1,chiau2chheng5kha1
niáu-tshí-á,鳥鼠仔,16,niáu-chhí-á,niau2tshi2a2,niau2chhi2a2
hōng-hông-hue,鳳凰花,16,hōng-hông-hoe,hong7hong5hue1,hong7hong5hoe1
uan-iunn-tsím,鴛鴦枕,16,oan-iuⁿ-chím,uan1iunn1tsim2,oan1iunn1chim2
uan-iunn-thui,鴛鴦梯,16,oan-iuⁿ-thui,uan1iunn1thui1,oan1iunn1thui1
lāi-hio̍h-kha,鴟鴞跤,16,lāi-hio̍h-kha,lai7hioh8kha1,lai7hioh8kha1
lāi-hio̍h-ing,鴟鴞鷹,16,lāi-hio̍h-eng,lai7hioh8ing1,lai7hioh8eng1
ah-bî-á,鴨咪仔,16,ah-bî-á,ah4bi5a2,ah4bi5a2
ah-tshuì-siù,鴨喙獸,16,ah-chhùi-siù,ah4tshui3siu3,ah4chhui3siu3
ah-thôo-tsu,鴨塗珠,16,ah-thô͘-chu,ah4thoo5tsu1,ah4thoo5chu1
ah-bó-á,鴨母仔,16,ah-bó-á,ah4bo2a2,ah4bo2a2
ah-bó-siû,鴨母泅,16,ah-bó-siû,ah4bo2siu5,ah4bo2siu5
ah-bó-ông,鴨母王,16,ah-bó-ông,ah4bo2ong5,ah4bo2ong5
ah-li̍k-sik,鴨綠色,16,ah-le̍k-sek,ah4lik8sik4,ah4lek8sek4
ah-hîng-á,鴨雄仔,16,ah-hêng-á,ah4hing5a2,ah4heng5a2
gô-mn̂g-kiû,鵝毛球,16,gô-mn̂g-kiû,go5mng5kiu5,go5mng5kiu5
giâ-kóng-á,鵝管仔,16,giâ-kóng-á,gia5kong2a2,gia5kong2a2
gô-kóng-á,鵝管仔,16,gô-kóng-á,go5kong2a2,go5kong2a2
ing-ko-hî,鸚哥魚,16,eng-ko-hî,ing1ko1hi5,eng1ko1hi5
kiâm-kong-piánn,鹹光餅,16,kiâm-kong-piáⁿ,kiam5kong1piann2,kiam5kong1piann2
kiâm-nn̄g-jîn,鹹卵仁,16,kiâm-nn̄g-jîn,kiam5nng7jin5,kiam5nng7jin5
kiâm-thôo-tāu,鹹塗豆,16,kiâm-thô͘-tāu,kiam5thoo5tau7,kiam5thoo5tau7
kiâm-tuh-tuh,鹹拄拄,16,kiâm-tuh-tuh,kiam5tuh4tuh4,kiam5tuh4tuh4
kiâm-muê-á,鹹梅仔,16,kiâm-môe-á,kiam5mue5a2,kiam5moe5a2
kiâm-sí-sí,鹹死死,16,kiâm-sí-sí,kiam5si2si2,kiam5si2si2
kiâm-khok-khok,鹹硞硞,16,kiâm-khok-khok,kiam5khok4khok4,kiam5khok4khok4
kiâm-tok-tok,鹹篤篤,16,kiâm-tok-tok,kiam5tok4tok4,kiam5tok4tok4
kiâm-tshài-pênn,鹹菜棚,16,kiâm-chhài-pêⁿ,kiam5tshai3penn5,kiam5chhai3penn5
kiâm-soo-ke,鹹酥雞,16,kiâm-so͘-ke,kiam5soo1ke1,kiam5soo1ke1
kiâm-koh-siap,鹹閣澀,16,kiâm-koh-siap,kiam5koh4siap4,kiam5koh4siap4
kiâm-liân-hî,鹹鰱魚,16,kiâm-liân-hî,kiam5lian5hi5,kiam5lian5hi5
kiâm-liân-hû,鹹鰱魚,16,kiâm-liân-hû,kiam5lian5hu5,kiam5lian5hu5
iâm-tiânn-poo,鹽埕埔,16,iâm-tiâⁿ-po͘,iam5tiann5poo1,iam5tiann5poo1
iâm-sng-á,鹽桑仔,16,iâm-sng-á,iam5sng1a2,iam5sng1a2
iâm-sng-tsháu,鹽酸草,16,iâm-sng-chháu,iam5sng1tshau2,iam5sng1chhau2
lo̍k-á-káng,鹿仔港,16,lo̍k-á-káng,lok8a2kang2,lok8a2kang2
lo̍k-jî-tó,鹿兒島,16,lo̍k-jî-tó,lok8ji5to2,lok8ji5to2
lo̍k-ní-mn̂g,鹿耳門,16,lo̍k-ní-mn̂g,lok8ni2mng5,lok8ni2mng5
lo̍k-kak-sian,鹿角仙,16,lo̍k-kak-sian,lok8kak4sian1,lok8kak4sian1
lo̍k-kak-ku,鹿角龜,16,lo̍k-kak-ku,lok8kak4ku1,lok8kak4ku1
lo̍k-muâ-sán,鹿麻產,16,lo̍k-môa-sán,lok8mua5san2,lok8moa5san2
kî-lîn-lo̍k,麒麟鹿,16,kî-lîn-lo̍k,ki5lin5lok8,ki5lin5lok8
be̍h-á-kak,麥仔角,16,be̍h-á-kak,beh8a2kak4,beh8a2kak4
be̍h-tang-lô,麥當勞,16,be̍h-tang-lô,beh8tang1lo5,beh8tang1lo5
be̍h-tng-lô,麥當勞,16,be̍h-tng-lô,beh8tng1lo5,beh8tng1lo5
be̍h-tong-lô,麥當勞,16,be̍h-tong-lô,beh8tong1lo5,beh8tong1lo5
bi̍k-tong-lô,麥當勞,16,be̍k-tong-lô,bik8tong1lo5,bek8tong1lo5
be̍h-ta̍t-lōo,麥達路,16,be̍h-ta̍t-lō͘,beh8tat8loo7,beh8tat8loo7
hu-ling-kah,麩奶甲,16,hu-leng-kah,hu1ling1kah4,hu1leng1kah4
pháng-kuah-pau,麭割包,16,pháng-koah-pau,phang2kuah4pau1,phang2koah4pau1
pháng-tsâi-hâng,麭材行,16,pháng-châi-hâng,phang2tsai5hang5,phang2chai5hang5
mī-hún-tshiúnn,麵粉廠,16,mī-hún-chhiúⁿ,mi7hun2tshiunn2,mi7hun2chhiunn2
mī-hún-kué,麵粉粿,16,mī-hún-kóe,mi7hun2kue2,mi7hun2koe2
mī-hún-ké,麵粉粿,16,mī-hún-ké,mi7hun2ke2,mi7hun2ke2
mī-hún-kér,麵粉粿,16,mī-hún-kér,mi7hun2ker2,mi7hun2ker2
muâ-jî-á,麻兒仔,16,môa-jî-á,mua5ji5a2,moa5ji5a2
muâ-hn̂g-liâu,麻園寮,16,môa-hn̂g-liâu,mua5hng5liau5,moa5hng5liau5
muâ-siáu-ong,麻少翁,16,môa-siáu-ong,mua5siau2ong1,moa5siau2ong1
muâ-tsî-kak,麻糍角,16,môa-chî-kak,mua5tsi5kak4,moa5chi5kak4
muâ-láu-lāu,麻荖漏,16,môa-láu-lāu,mua5lau2lau7,moa5lau2lau7
bâ-hiam-ko,麻薟鍋,16,bâ-hiam-ko,ba5hiam1ko1,ba5hiam1ko1
bâ-tsuì-kho,麻醉科,16,bâ-chùi-kho,ba5tsui3kho1,ba5chui3kho1
muâ-tsiùnn-mī,麻醬麵,16,môa-chiùⁿ-mī,mua5tsiunn3mi7,moa5chiunn3mi7
n̂g-pik-lô,黃伯勞,16,n̂g-pek-lô,ng5pik4lo5,ng5pek4lo5
n̂g-tsùn-tiat,黃俊哲,16,n̂g-chùn-tiat,ng5tsun3tiat4,ng5chun3tiat4
n̂g-sìn-kài,黃信介,16,n̂g-sìn-kài,ng5sin3kai3,ng5sin3kai3
n̂g-kok-tshiong,黃國昌,16,n̂g-kok-chhiong,ng5kok4tshiong1,ng5kok4chhiong1
uînn-ui-tîng,黃威廷,16,ûiⁿ-ui-têng,uinn5ui1ting5,uinn5ui1teng5
n̂g-huánn-huánn,黃幻幻,16,n̂g-hóaⁿ-hóaⁿ,ng5huann2huann2,ng5hoann2hoann2
n̂g-gû-phiò,黃牛票,16,n̂g-gû-phiò,ng5gu5phio3,ng5gu5phio3
n̂g-tsng-tshí,黃磚鼠,16,n̂g-chng-chhí,ng5tsng1tshi2,ng5chng1chhi2
n̂g-io-phang,黃腰蜂,16,n̂g-io-phang,ng5io1phang1,ng5io1phang1
n̂g-ior-phang,黃腰蜂,16,n̂g-ior-phang,ng5ior1phang1,ng5ior1phang1
n̂g-hio̍h-bâ,黃葉猫,16,n̂g-hio̍h-bâ,ng5hioh8ba5,ng5hioh8ba5
n̂g-la̍h-á,黃蠟仔,16,n̂g-la̍h-á,ng5lah8a2,ng5lah8a2
n̂g-kha-á,黃跤仔,16,n̂g-kha-á,ng5kha1a2,ng5kha1a2
n̂g-kim-hōo,黃金雨,16,n̂g-kim-hō͘,ng5kim1hoo7,ng5kim1hoo7
n̂g-niá-tsuâ,黃領蛇,16,n̂g-niá-chôa,ng5nia2tsua5,ng5nia2choa5
liâm-jī-tsuá,黏字紙,16,liâm-jī-chóa,liam5ji7tsua2,liam5ji7choa2
liâm-moo-tuà,黏毛帶,16,liâm-mo͘-tòa,liam5moo1tua3,liam5moo1toa3
oo-kńg-ná,黑管仔,16,o͘-kńg-ná,oo1kng2na2,oo1kng2na2
hik-liông-kang,黑龍江,16,hek-liông-kang,hik4liong5kang1,hek4liong5kang1
bi̍k-bi̍t-kuân,默密權,16,be̍k-bi̍t-koân,bik8bit8kuan5,bek8bit8koan5
thuh-sái-kuann,黜屎官,16,thuh-sái-koaⁿ,thuh4sai2kuann1,thuh4sai2koann1
tiám-á-ka,點仔膠,16,tiám-á-ka,tiam2a2ka1,tiam2a2ka1
tám-á-ka,點仔膠,16,tám-á-ka,tam2a2ka1,tam2a2ka1
tiám-puànn-tsing,點半鐘,16,tiám-pòaⁿ-cheng,tiam2puann3tsing1,tiam2poann3cheng1
tiám-kuá-á,點寡仔,16,tiám-kóa-á,tiam2kua2a2,tiam2koa2a2
tiám-sim-tànn,點心擔,16,tiám-sim-tàⁿ,tiam2sim1tann3,tiam2sim1tann3
tiám-khòng-pit,點控筆,16,tiám-khòng-pit,tiam2khong3pit4,tiam2khong3pit4
tiám-sòo-phìnn,點數片,16,tiám-sò͘-phìⁿ,tiam2soo3phinn3,tiam2soo3phinn3
tiám-hué-ki,點火機,16,tiám-hóe-ki,tiam2hue2ki1,tiam2hoe2ki1
tiám-ting-iú,點燈酉,16,tiám-teng-iú,tiam2ting1iu2,tiam2teng1iu2
tiám-tiān-hué,點電火,16,tiám-tiān-hóe,tiam2tian7hue2,tiam2tian7hoe2
tiám-bé-tuê,點馬蹄,16,tiám-bé-tôe,tiam2be2tue5,tiam2be2toe5
tiám-bé-tê,點馬蹄,16,tiám-bé-tê,tiam2be2te5,tiam2be2te5
tiám-tiám-tsin,點點真,16,tiám-tiám-chin,tiam2tiam2tsin1,tiam2tiam2chin1
tiám-tiám-kim,點點金,16,tiám-tiám-kim,tiam2tiam2kim1,tiam2tiam2kim1
tiánn-te-phok,鼎 te phok,16,tiáⁿ-te-phok,tiann2te1phok4,tiann2te1phok4
tiánn-khàm-tiánn,鼎崁鼎,16,tiáⁿ-khàm-tiáⁿ,tiann2kham3tiann2,tiann2kham3tiann2
tiánn-pinn-liâm,鼎邊黏,16,tiáⁿ-piⁿ-liâm,tiann2pinn1liam5,tiann2pinn1liam5
kóo-á-ting,鼓仔燈,16,kó͘-á-teng,koo2a2ting1,koo2a2teng1
kóo-tshue-hue,鼓吹花,16,kó͘-chhoe-hoe,koo2tshue1hue1,koo2chhoe1hoe1
kóo-tshue-tsháu,鼓吹草,16,kó͘-chhoe-chháu,koo2tshue1tshau2,koo2chhoe1chhau2
kóo-tiān-uē,鼓電話,16,kó͘-tiān-ōe,koo2tian7ue7,koo2tian7oe7
tshú-bué-tsó,鼠尾藻,16,chhú-bóe-chó,tshu2bue2tso2,chhu2boe2cho2
tshí-bué-hong,鼠尾風,16,chhí-bóe-hong,tshi2bue2hong1,chhi2boe2hong1
bùn-tshân-ti,鼢田豬,16,bùn-chhân-ti,bun3tshan5ti1,bun3chhan5ti1
bùn-pōng-khang,鼢磅空,16,bùn-pōng-khang,bun3pong7khang1,bun3pong7khang1
phīnn-tiong-keh,鼻中隔,16,phīⁿ-tiong-keh,phinn7tiong1keh4,phinn7tiong1keh4
phīnn-tok-tok,鼻啄啄,16,phīⁿ-tok-tok,phinn7tok4tok4,phinn7tok4tok4
phīnn-lok-kóng,鼻橐管,16,phīⁿ-lok-kóng,phinn7lok4kong2,phinn7lok4kong2
phīnn-tsuí-lâu,鼻水流,16,phīⁿ-chúi-lâu,phinn7tsui2lau5,phinn7chui2lau5
phīnn-lâu-hueh,鼻流血,16,phīⁿ-lâu-hoeh,phinn7lau5hueh4,phinn7lau5hoeh4
phīnn-lâu-huih,鼻流血,16,phīⁿ-lâu-huih,phinn7lau5huih4,phinn7lau5huih4
phīnn-luī-kóng,鼻淚管,16,phīⁿ-lūi-kóng,phinn7lui7kong2,phinn7lui7kong2
phīnn-khang-tsiūnn,鼻空癢,16,phīⁿ-khang-chiūⁿ,phinn7khang1tsiunn7,phinn7khang1chiunn7
phīnn-khang-khut,鼻空窟,16,phīⁿ-khang-khut,phinn7khang1khut4,phinn7khang1khut4
phīnn-keh-king,鼻隔間,16,phīⁿ-keh-keng,phinn7keh4king1,phinn7keh4keng1
phīnn-liâm-mo̍oh,鼻黏膜,16,phīⁿ-liâm-mo̍͘h,phinn7liam5mooh8,phinn7liam5mooh8
tsuê-thâu-tsuí,齊頭水,16,chôe-thâu-chúi,tsue5thau5tsui2,choe5thau5chui2
tsê-thâu-tsuí,齊頭水,16,chê-thâu-chúi,tse5thau5tsui2,che5thau5chui2
khí-thok-á,齒戳仔,16,khí-thok-á,khi2thok4a2,khi2thok4a2
giat-khí-luī,齧齒類,16,giat-khí-lūi,giat4khi2lui7,giat4khi2lui7
lîng-gíng-kuann,龍眼乾,16,lêng-géng-koaⁿ,ling5ging2kuann1,leng5geng2koann1
lîng-ká-tsuí,龍絞水,16,lêng-ká-chúi,ling5ka2tsui2,leng5ka2chui2
liông-kut-tsuí,龍骨水,16,liông-kut-chúi,liong5kut4tsui2,liong5kut4chui2
liông-kut-tshué,龍骨髓,16,liông-kut-chhóe,liong5kut4tshue2,liong5kut4chhoe2
liông-kut-tshé,龍骨髓,16,liông-kut-chhé,liong5kut4tshe2,liong5kut4chhe2
lîng-tshú-gín,龍鼠囡,16,lêng-chhú-gín,ling5tshu2gin2,leng5chhu2gin2
lîng-tshú-ḿ,龍鼠姆,16,lêng-chhú-ḿ,ling5tshu2m2,leng5chhu2m2
lîng-tshú-pô,龍鼠婆,16,lêng-chhú-pô,ling5tshu2po5,leng5chhu2po5
ku-piah-uan,龜壁灣,16,ku-piah-oan,ku1piah4uan1,ku1piah4oan1
ku-suann-tó,龜山島,16,ku-soaⁿ-tó,ku1suann1to2,ku1soann1to2
ku-hái-ang,龜海翁,16,ku-hái-ang,ku1hai2ang1,ku1hai2ang1
ku-hái-ti,龜海豬,16,ku-hái-ti,ku1hai2ti1,ku1hai2ti1
kui-lîng-ko,龜苓膏,16,kui-lêng-ko,kui1ling5ko1,kui1leng5ko1
hiù-phang-tsuí,芳水,16,hiù-phang-chúi,hiu3phang1tsui2,hiu3phang1chui2
tīng-jîn-á,𠕇仁仔,16,tēng-jîn-á,ting7jin5a2,teng7jin5a2
tsuî-kè-siàu,𠞩價數,16,chûi-kè-siàu,tsui5ke3siau3,chui5ke3siau3
tsuî-kam-tsià,𠞩甘蔗,16,chûi-kam-chià,tsui5kam1tsia3,chui5kam1chia3
gâu-lâng-tn̂g,𠢕人堂,16,gâu-lâng-tn̂g,gau5lang5tng5,gau5lang5tng5
gâu-khǹg-huè,𠢕囥歲,16,gâu-khǹg-hòe,gau5khng3hue3,gau5khng3hoe3
gâu-kik-sǹg,𠢕激算,16,gâu-kek-sǹg,gau5kik4sng3,gau5kek4sng3
gâu-kong-uē,𠢕講話,16,gâu-kong-ōe,gau5kong1ue7,gau5kong1oe7
gâu-kóng-uē,𠢕講話,16,gâu-kóng-ōe,gau5kong2ue7,gau5kong2oe7
gâu-tsia̍h-kúi,𠢕食鬼,16,gâu-chia̍h-kúi,gau5tsiah8kui2,gau5chiah8kui2
lān-pha-phè,𡳞脬帕,16,lān-pha-phè,lan7pha1phe3,lan7pha1phe3
lān-tsiáu-moo,𡳞鳥毛,16,lān-chiáu-mo͘,lan7tsiau2moo1,lan7chiau2moo1
lān-tsiáu-thâu,𡳞鳥頭,16,lān-chiáu-thâu,lan7tsiau2thau5,lan7chiau2thau5
mooh-piáh-kuí,𢯾壁鬼,16,mo͘h-piáh-kúi,mooh4piah2kui2,mooh4piah2kui2
mooh--ê,𢯾的,16,mo͘h--ê,mooh4e5,mooh4e5
khat-á-tshia,𣁳仔車,16,khat-á-chhia,khat4a2tshia1,khat4a2chhia1
tshuā-guá-khì,𤆬我去,16,chhōa-góa-khì,tshua7gua2khi3,chhoa7goa2khi3
tshuā-lōo-tsheh,𤆬路冊,16,chhōa-lō͘-chheh,tshua7loo7tsheh4,chhoa7loo7chheh4
tshuā-lōo-ki,𤆬路機,16,chhōa-lō͘-ki,tshua7loo7ki1,chhoa7loo7ki1
tshuā-lōo-káu,𤆬路狗,16,chhōa-lō͘-káu,tshua7loo7kau2,chhoa7loo7kau2
siáu-káu-pēnn,𤞚狗病,16,siáu-káu-pēⁿ,siau2kau2penn7,siau2kau2penn7
siáu-káu-pīnn,𤞚狗病,16,siáu-káu-pīⁿ,siau2kau2pinn7,siau2kau2pinn7
siān--ah,𤺪矣,16,siān--ah,sian7ah4,sian7ah4
siān-tauh-tauh,𤺪篤篤,16,siān-tauh-tauh,sian7tauh4tauh4,sian7tauh4tauh4
kám-á-tiàm,𥴊仔店,16,kám-á-tiàm,kam2a2tiam3,kam2a2tiam3
ham-koo-tshêr,𧌄蜅蠐,16,ham-ko͘-chhêr,ham1koo1tsher5,ham1koo1chher5
iam-ko-tsê,𧌄蜅蠐,16,iam-ko-chê,iam1ko1tse5,iam1ko1che5
tshoh-kàn-kiāu,𧮙姦撟,16,chhoh-kàn-kiāu,tshoh4kan3kiau7,chhoh4kan3kiau7
tshoh-tshoh-kiò,𧮙𧮙叫,16,chhoh-chhoh-kiò,tshoh4tshoh4kio3,chhoh4chhoh4kio3
tshoh-tshoh-háu,𧮙𧮙吼,16,chhoh-chhoh-háu,tshoh4tshoh4hau2,chhoh4chhoh4hau2
phu̍t-phu̍t-kâu,𧿳𧿳猴,16,phu̍t-phu̍t-kâu,phut8phut8kau5,phut8phut8kau5
uáinn--tio̍h,𨂿著,16,oáiⁿ--tio̍h,uainn2tioh8,oainn2tioh8
thit-thô-á,𨑨迌仔,16,thit-thô-á,thit4tho5a2,thit4tho5a2
tshit-thô-á,𨑨迌仔,16,chhit-thô-á,tshit4tho5a2,chhit4tho5a2
tshit-thô-ông,𨑨迌王,16,chhit-thô-ông,tshit4tho5ong5,chhit4tho5ong5
tshit-thô-tsiá,𨑨迌者,16,chhit-thô-chiá,tshit4tho5tsia2,chhit4tho5chia2
tshit-thô-tshia,𨑨迌車,16,chhit-thô-chhia,tshit4tho5tshia1,chhit4tho5chhia1
tshit-thô-tshìng,𨑨迌銃,16,chhit-thô-chhèng,tshit4tho5tshing3,chhit4tho5chheng3
kauh-pin-nn̂g,𩛩檳榔,16,kauh-pin-nn̂g,kauh4pin1nng5,kauh4pin1nng5
tāi-á-ông,𩸙仔王,16,tāi-á-ông,tai7a2ong5,tai7a2ong5
tshe̍h--lo̍h-khì,tshe̍h落去,12,chhe̍h--lo̍h-khì,tsheh8loh8khi3,chheh8loh8khi3
it-tíng--ê,一頂--的,12,it-téng--ê,it4ting2e5,it4teng2e5
siāng-bué--ê,上尾的,12,siāng-bóe--ê,siang7bue2e5,siang7boe2e5
hōo-ta--lah,予焦啦,12,hō͘-ta--lah,hoo7ta1lah4,hoo7ta1lah4
kâng-iânn--ê,仝營的,12,kâng-iâⁿ--ê,kang5iann5e5,kang5iann5e5
kāng-iânn--ê,仝營的,12,kāng-iâⁿ--ê,kang7iann5e5,kang7iann5e5
kâng-tīn--ê,仝陣的,12,kâng-tīn--ê,kang5tin7e5,kang5tin7e5
kāng-tīn--ê,仝陣的,12,kāng-tīn--ê,kang7tin7e5,kang7tin7e5
thīn--lâng-ah,伨人矣,12,thīn--lâng-ah,thin7lang5ah4,thin7lang5ah4
tī-tshù--lí,佇厝裡,12,tī-chhù--lí,ti7tshu3li2,ti7chhu3li2
lí-ài--guá,你愛我,12,lí-ài--góa,li2ai3gua2,li2ai3goa2
lí-kóng--leh,你講咧,12,lí-kóng--leh,li2kong2leh4,li2kong2leh4
kah-piān--ê,佮便的,12,kah-piān--ê,kah4pian7e5,kah4pian7e5
sái-tshiūnn--ê,使象的,12,sái-chhiūⁿ--ê,sai2tshiunn7e5,sai2chhiunn7e5
tò-tńg--lâi,倒轉來,12,tò-tńg--lâi,to3tng2lai5,to3tng2lai5
tò-tńg--khì,倒轉去,12,tò-tńg--khì,to3tng2khi3,to3tng2khi3
tò-tńg--khù,倒轉去,12,tò-tńg--khù,to3tng2khu3,to3tng2khu3
uá--kuè-lâi,倚--過-來,12,óa--kòe-lâi,ua2kue3lai5,oa2koe3lai5
tsò--hōo-lâng,做予人,12,chò--hō͘-lâng,tso3hoo7lang5,cho3hoo7lang5
tsò--lâng-ah,做人矣,12,chò--lâng-ah,tso3lang5ah4,cho3lang5ah4
tsuè-kiānn--ê,做件的,12,chòe-kiāⁿ--ê,tsue3kiann7e5,choe3kiann7e5
tsò-kiānn--ê,做件的,12,chò-kiāⁿ--ê,tso3kiann7e5,cho3kiann7e5
tsui-sok--ê,催速的,12,chui-sok--ê,tsui1sok4e5,chui1sok4e5
thuân--khí-khì,傳起去,12,thoân--khí-khì,thuan5khi2khi3,thoan5khi2khi3
thuân--khí-lih,傳起去,12,thoân--khí-lih,thuan5khi2lih4,thoan5khi2lih4
siūnn-hàm--lah,傷譀啦,12,siūⁿ-hàm--lah,siunn7ham3lah4,siunn7ham3lah4
hiau-hīng--ooh,僥行喔,12,hiau-hēng--o͘h,hiau1hing7ooh4,hiau1heng7ooh4
ín--lâng-ah,允人矣,12,ín--lâng-ah,in2lang5ah4,in2lang5ah4
pun-tsia̍h--ê,分食的,12,pun-chia̍h--ê,pun1tsiah8e5,pun1chiah8e5
thâi-ti--ê,刣豬的,12,thâi-ti--ê,thai5ti1e5,thai5ti1e5
le̍h--tsi̍t-ē,剺一下,12,le̍h--chi̍t-ē,leh8tsit8e7,leh8chit8e7
ke-lóo--ê,加惱的,12,ke-ló͘--ê,ke1loo2e5,ke1loo2e5
kiap-kuan--ê,劫棺的,12,kiap-koan--ê,kiap4kuan1e5,kiap4koan1e5
kau--khí-lâi,勾起來,12,kau--khí-lâi,kau1khi2lai5,kau1khi2lai5
pau--khí-lâi,包起來,12,pau--khí-lâi,pau1khi2lai5,pau1khi2lai5
phit--phuè-ah,匹配矣,12,phit--phòe-ah,phit4phue3ah4,phit4phoe3ah4
khó-liân--nah,可憐nah,12,khó-liân--nah,kho2lian5nah4,kho2lian5nah4
tiàu-suí--ê,吊媠的,12,tiàu-súi--ê,tiau3sui2e5,tiau3sui2e5
thòo--tshut-lâi,吐出來,12,thò͘--chhut-lâi,thoo3tshut4lai5,thoo3chhut4lai5
tsim--tsi̍t-ē,唚一下,12,chim--chi̍t-ē,tsim1tsit8e7,chim1chit8e7
sui--tsi̍t-ē,嗺一下,12,sui--chi̍t-ē,sui1tsit8e7,sui1chit8e7
sì-sàng--ê,四送个,12,sì-sàng--ê,si3sang3e5,si3sang3e5
tuā-siann--ê,大聲的,12,tōa-siaⁿ--ê,tua7siann1e5,toa7siann1e5
iáu-siū--ooh,夭壽喔,12,iáu-siū--o͘h,iau2siu7ooh4,iau2siu7ooh4
giâ--khí-lâi,夯起來,12,giâ--khí-lâi,gia5khi2lai5,gia5khi2lai5
thò-tiâu--leh,套牢咧,12,thò-tiâu--leh,tho3tiau5leh4,tho3tiau5leh4
hó-tsia̍h--bô,好食無,12,hó-chia̍h--bô,ho2tsiah8bo5,ho2chiah8bo5
niû--leh-ueh,娘咧喂,12,niû--leh-oeh,niu5leh4ueh4,niu5leh4oeh4
pū-nn̄g--ê,孵卵的,12,pū-nn̄g--ê,pu7nng7e5,pu7nng7e5
tiānn--lâng-ah,定人矣,12,tiāⁿ--lâng-ah,tiann7lang5ah4,tiann7lang5ah4
sió-luí--leh,小䉪咧,12,sió-lúi--leh,sio2lui2leh4,sio2lui2leh4
siàu-liân--ê,少年个,12,siàu-liân--ê,siau3lian5e5,siau3lian5e5
tsiam-tshuì--ê,尖喙的,12,chiam-chhùi--ê,tsiam1tshui3e5,chiam1chhui3e5
tō-tio̍h--m̄,就著毋,12,tō-tio̍h--m̄,to7tioh8m7,to7tioh8m7
kha-tshng--lah,尻川啦,12,kha-chhng--lah,kha1tshng1lah4,kha1chhng1lah4
hàinn--tiong-tshiu,幌中秋,12,hàiⁿ--tiong-chhiu,hainn3tiong1tshiu1,hainn3tiong1chhiu1
iánn--tsi̍t-ē,影一下,12,iáⁿ--chi̍t-ē,iann2tsit8e7,iann2chit8e7
sim-ài--ê,心愛的,12,sim-ài--ê,sim1ai3e5,sim1ai3e5
sim-kuann--ê,心肝的,12,sim-koaⁿ--ê,sim1kuann1e5,sim1koann1e5
lún--tsi̍t-ē,忍一下,12,lún--chi̍t-ē,lun2tsit8e7,lun2chit8e7
lín-niâ--leh,恁娘咧,12,lín-niâ--leh,lin2nia5leh4,lin2nia5leh4
lín-niâ--ê,恁娘的,12,lín-niâ--ê,lin2nia5e5,lin2nia5e5
lín-tsia--ê,恁遮的,12,lín-chia--ê,lin2tsia1e5,lin2chia1e5
guá-ài--lí,我愛你,12,góa-ài--lí,gua2ai3li2,goa2ai3li2
put--khí-lâi,抔起來,12,put--khí-lâi,put4khi2lai5,put4khi2lai5
hut--lo̍h-khì,拂落去,12,hut--lo̍h-khì,hut4loh8khi3,hut4loh8khi3
hú-hú--leh,拊拊咧,12,hú-hú--leh,hu2hu2leh4,hu2hu2leh4
hú-hú--ê,拊拊的,12,hú-hú--ê,hu2hu2e5,hu2hu2e5
phah-phòo--á,拍噗仔,12,phah-phò͘--á,phah4phoo3a2,phah4phoo3a2
khe̍h-phue--ê,挈批的,12,khe̍h-phoe--ê,kheh8phue1e5,kheh8phoe1e5
sak-po̍k--khì,捒爆去,12,sak-po̍k--khì,sak4pok8khi3,sak4pok8khi3
sàu-lōo--ê,掃路的,12,sàu-lō͘--ê,sau3loo7e5,sau3loo7e5
lia̍h--lo̍h-lâi,掠落來,12,lia̍h--lo̍h-lâi,liah8loh8lai5,liah8loh8lai5
am-tshuì--ê,掩喙的,12,am-chhùi--ê,am1tshui3e5,am1chhui3e5
om--khí-lâi,掩起來,12,om--khí-lâi,om1khi2lai5,om1khi2lai5
the̍h-phe--ê,提批的,12,the̍h-phe--ê,theh8phe1e5,theh8phe1e5
uānn-thiap--ê,換帖的,12,ōaⁿ-thiap--ê,uann7thiap4e5,oann7thiap4e5
tshuē-tńg--lâi,揣轉來,12,chhōe-tńg--lâi,tshue7tng2lai5,chhoe7tng2lai5
piànn-sàu--ê,摒掃的,12,piàⁿ-sàu--ê,piann3sau3e5,piann3sau3e5
giah--khí-lâi,撓起來,12,giah--khí-lâi,giah4khi2lai5,giah4khi2lai5
giauh--khí-lâi,撓起來,12,giauh--khí-lâi,giauh4khi2lai5,giauh4khi2lai5
giáu--khí-lâi,撓起來,12,giáu--khí-lâi,giau2khi2lai5,giau2khi2lai5
ngiauh--khí-lâi,撓起來,12,ngiauh--khí-lâi,ngiauh4khi2lai5,ngiauh4khi2lai5
ngiáu--khí-lâi,撓起來,12,ngiáu--khí-lâi,ngiau2khi2lai5,ngiau2khi2lai5
tòng-soh--á,擋索仔,12,tòng-soh--á,tong3soh4a2,tong3soh4a2
lóng-si̍k--ah,攏熟矣,12,lóng-se̍k--ah,long2sik8ah4,long2sek8ah4
kám-tsin--ê,敢真的,12,kám-chin--ê,kam2tsin1e5,kam2chin1e5
siàu-liām--guá,數念我,12,siàu-liām--góa,siau3liam7gua2,siau3liam7goa2
sin-tshòng--ê,新創的,12,sin-chhòng--ê,sin1tshong3e5,sin1chhong3e5
ū-iánn--bô,有影無,12,ū-iáⁿ--bô,u7iann2bo5,u7iann2bo5
ū-khuì--ê,有氣的,12,ū-khùi--ê,u7khui3e5,u7khui3e5
tsa-poo--ê,查埔的,12,cha-po͘--ê,tsa1poo1e5,cha1poo1e5
khong--khí-lâi,框起來,12,khong--khí-lâi,khong1khi2lai5,khong1khi2lai5
kik-tsán--ê,極讚的,12,kek-chán--ê,kik4tsan2e5,kek4chan2e5
beh-uân--ah,欲完矣,12,beh-oân--ah,beh4uan5ah4,beh4oan5ah4
beh-àm--á,欲暗仔,12,beh-àm--á,beh4am3a2,beh4am3a2
beh-kiânn--bô,欲行無,12,beh-kiâⁿ--bô,beh4kiann5bo5,beh4kiann5bo5
khi-hū--lâng,欺負人,12,khi-hū--lâng,khi1hu7lang5,khi1hu7lang5
huann-hí--bô,歡喜無,12,hoaⁿ-hí--bô,huann1hi2bo5,hoann1hi2bo5
sí--khì-ah,死去矣,12,sí--khì-ah,si2khi3ah4,si2khi3ah4
sí--khù-ah,死去矣,12,sí--khù-ah,si2khu3ah4,si2khu3ah4
sí-khì--ah,死去矣,12,sí-khì--ah,si2khi3ah4,si2khi3ah4
tsuí-tsuí--ê,水水的,12,chúi-chúi--ê,tsui2tsui2e5,chui2chui2e5
sué-bīn--ê,洗面的,12,sóe-bīn--ê,sue2bin7e5,soe2bin7e5
sé-bīn--ê,洗面的,12,sé-bīn--ê,se2bin7e5,se2bin7e5
liu--lo̍h-lâi,溜落來,12,liu--lo̍h-lâi,liu1loh8lai5,liu1loh8lai5
kik-tsán--ê,激讚的,12,kek-chán--ê,kik4tsan2e5,kek4chan2e5
oo-àm--ê,烏暗的,12,o͘-àm--ê,oo1am3e5,oo1am3e5
oo-iú--ah,烏有矣,12,o͘-iú--ah,oo1iu2ah4,oo1iu2ah4
oo-bui--á,烏蝛仔,12,o͘-bui--á,oo1bui1a2,oo1bui1a2
bô-tī--leh,無佇咧,12,bô-tī--leh,bo5ti7leh4,bo5ti7leh4
bô--khì-ah,無去矣,12,bô--khì-ah,bo5khi3ah4,bo5khi3ah4
bô-hó--ê,無好--的,12,bô-hó--ê,bo5ho2e5,bo5ho2e5
bô-kiù--ah,無救矣,12,bô-kiù--ah,bo5kiu3ah4,bo5kiu3ah4
bô-khuànn--tio̍h,無看著,12,bô-khòaⁿ--tio̍h,bo5khuann3tioh8,bo5khoann3tioh8
sio-tsiú--tshù,燒酒厝,12,sio-chiú--chhù,sio1tsiu2tshu3,sio1chiu2chhu3
khan-tshiú--ê,牽手的,12,khan-chhiú--ê,khan1tshiu2e5,khan1chhiu2e5
iáu--ē-sái,猶會使,12,iáu--ē-sái,iau2e7sai2,iau2e7sai2
hiān-bán--ê,現挽的,12,hiān-bán--ê,hian7ban2e5,hian7ban2e5
tha̍h--khí-khì,疊起去,12,tha̍h--khí-khì,thah8khi2khi3,thah8khi2khi3
gán--tsi̍t-ē,眼一下,12,gán--chi̍t-ē,gan2tsit8e7,gan2chit8e7
khùn-bē--khì,睏袂去,12,khùn-bē--khì,khun3be7khi3,khun3be7khi3
buâ-kiànn--ê,磨鏡的,12,bôa-kiàⁿ--ê,bua5kiann3e5,boa5kiann3e5
tshiò--tsi̍t-ē,笑一下,12,chhiò--chi̍t-ē,tshio3tsit8e7,chhio3chit8e7
khoo--khí-lâi,箍起來,12,kho͘--khí-lâi,khoo1khi2lai5,khoo1khi2lai5
tsat--tsi̍t-ē,節一下,12,chat--chi̍t-ē,tsat4tsit8e7,chat4chit8e7
sòo-tsán--ê,素讚的,12,sò͘-chán--ê,soo3tsan2e5,soo3chan2e5
suè-hàn--ê,細漢的,12,sòe-hàn--ê,sue3han3e5,soe3han3e5
suà--lo̍h-lâi,紲落來,12,sòa--lo̍h-lâi,sua3loh8lai5,soa3loh8lai5
suà--luè-khì,紲落去,12,sòa--lòe-khì,sua3lue3khi3,soa3loe3khi3
kiat-huat--ê,結髮的,12,kiat-hoat--ê,kiat4huat4e5,kiat4hoat4e5
kín-tsáu--ah,緊走啊,12,kín-cháu--ah,kin2tsau2ah4,kin2chau2ah4
lāu--khì-ah,老去矣,12,lāu--khì-ah,lau7khi3ah4,lau7khi3ah4
bú-hāi--khì,舞害去,12,bú-hāi--khì,bu2hai7khi3,bu2hai7khi3
mài-gōng--ah,莫戇矣,12,mài-gōng--ah,mai3gong7ah4,mai3gong7ah4
lak-bô--khì,落無去,12,lak-bô--khì,lak4bo5khi3,lak4bo5khi3
kiânn--khì-ah,行去矣,12,kiâⁿ--khì-ah,kiann5khi3ah4,kiann5khi3ah4
tsng-siáu--ê,裝痟的,12,chng-siáu--ê,tsng1siau2e5,chng1siau2e5
tshin-ài--ê,親愛的,12,chhin-ài--ê,tshin1ai3e5,chhin1ai3e5
khóo-táng--ê,許董的,12,khó͘-táng--ê,khoo2tang2e5,khoo2tang2e5
tsiânn-piànn--leh,誠拚咧,12,chiâⁿ-piàⁿ--leh,tsiann5piann3leh4,chiann5piann3leh4
buē-tshài--ê,賣菜的,12,bōe-chhài--ê,bue7tshai3e5,boe7chhai3e5
bē-tshài--ê,賣菜的,12,bē-chhài--ê,be7tshai3e5,be7chhai3e5
tshiah-sin--ê,赤身的,12,chhiah-sin--ê,tshiah4sin1e5,chhiah4sin1e5
tsiok-hàm--ê,足譀的,12,chiok-hàm--ê,tsiok4ham3e5,chiok4ham3e5
tsiok-tsán--ê,足讚的,12,chiok-chán--ê,tsiok4tsan2e5,chiok4chan2e5
kha-sau--ê,跤梢的,12,kha-sau--ê,kha1sau1e5,kha1sau1e5
thiàu-bú--ê,跳舞--的,12,thiàu-bú--ê,thiau3bu2e5,thiau3bu2e5
khah-bān--leh,較慢咧,12,khah-bān--leh,khah4ban7leh4,khah4ban7leh4
kah-piànn--leh,較拚咧,12,kah-piàⁿ--leh,kah4piann3leh4,kah4piann3leh4
khah-tán--leh,較等咧,12,khah-tán--leh,khah4tan2leh4,khah4tan2leh4
khah-kín--leh,較緊咧,12,khah-kín--leh,khah4kin2leh4,khah4kin2leh4
tuínn--khì-ah,轉去矣,12,túiⁿ--khì-ah,tuinn2khi3ah4,tuinn2khi3ah4
kīn-pîng--ê,近爿的,12,kīn-pêng--ê,kin7ping5e5,kin7peng5e5
kīn-tuan--ê,近端的,12,kīn-toan--ê,kin7tuan1e5,kin7toan1e5
sàng-phe--ê,送批的,12,sàng-phe--ê,sang3phe1e5,sang3phe1e5
sàng-phue--ê,送批的,12,sàng-phoe--ê,sang3phue1e5,sang3phoe1e5
thàu-lām--ê,透濫的,12,thàu-lām--ê,thau3lam7e5,thau3lam7e5
hn̄g-pîng--ê,遠爿的,12,hn̄g-pêng--ê,hng7ping5e5,hng7peng5e5
hn̄g-tuan--ê,遠端的,12,hn̄g-toan--ê,hng7tuan1e5,hng7toan1e5
lau-lau--ê,遶遶的,12,lau-lau--ê,lau1lau1e5,lau1lau1e5
tsînn-iûnn--khì,錢溶去,12,chîⁿ-iûⁿ--khì,tsinn5iunn5khi3,chinn5iunn5khi3
tsînn-tiâu--leh,錢牢咧,12,chîⁿ-tiâu--leh,tsinn5tiau5leh4,chinn5tiau5leh4
tsînn-po̍h--khì,錢薄去,12,chîⁿ-po̍h--khì,tsinn5poh8khi3,chinn5poh8khi3
pi-lāi--khinn,陂內坑,12,pi-lāi--khiⁿ,pi1lai7khinn1,pi1lai7khinn1
luî-kòng--sí,雷摃死,12,lûi-kòng--sí,lui5kong3si2,lui5kong3si2
thâu-khàm--ê,頭崁的,12,thâu-khàm--ê,thau5kham3e5,thau5kham3e5
kòo-kann--ê,顧監的,12,kò͘-kaⁿ--ê,koo3kann1e5,koo3kann1e5
tsia̍h-sái--lah,食屎啦,12,chia̍h-sái--lah,tsiah8sai2lah4,chiah8sai2lah4
tsia̍h-tshài--ê,食菜的,12,chia̍h-chhài--ê,tsiah8tshai3e5,chiah8chhai3e5
tsia̍h--lo̍h-khì,食落去,12,chia̍h--lo̍h-khì,tsiah8loh8khi3,chiah8loh8khi3
tsia̍h-pn̄g--lah,食飯啦,12,chia̍h-pn̄g--lah,tsiah8png7lah4,chiah8png7lah4
tsia̍h-pá--ah,食飽啊,12,chia̍h-pá--ah,tsiah8pa2ah4,chiah8pa2ah4
tsia̍h-pá--buē,食飽未,12,chia̍h-pá--bōe,tsiah8pa2bue7,chiah8pa2boe7
tsia̍h-pá--bē,食飽未,12,chia̍h-pá--bē,tsiah8pa2be7,chiah8pa2be7
tsia̍h-pá--ah,食飽矣,12,chia̍h-pá--ah,tsiah8pa2ah4,chiah8pa2ah4
bùn-té--ê,鼢底的,12,bùn-té--ê,bun3te2e5,bun3te2e5
peh--khí-lâi,𬦰起來,12,peh--khí-lâi,peh4khi2lai5,peh4khi2lai5
tshut--lâi--ah,出來矣,10,chhut--lâi--ah,tshut4lai5ah4,chhut4lai5ah4
báu--sí--ah,卯死矣,10,báu--sí--ah,bau2si2ah4,bau2si2ah4
hāi--khì--ah,害去矣,10,hāi--khì--ah,hai7khi3ah4,hai7khi3ah4
khiā--khí--lâi,徛起來,10,khiā--khí--lâi,khia7khi2lai5,khia7khi2lai5
phō--lâi--ê,抱來的,10,phō--lâi--ê,pho7lai5e5,pho7lai5e5
phàinn--khì--ah,歹去矣,10,phàiⁿ--khì--ah,phainn3khi3ah4,phainn3khi3ah4
tio̍h--khí--lâi,著起來,10,tio̍h--khí--lâi,tioh8khi2lai5,tioh8khi2lai5
kìnn--tio̍h--ah,見著矣,10,kìⁿ--tio̍h--ah,kinn3tioh8ah4,kinn3tioh8ah4
thong--khí--lâi,通起來,10,thong--khí--lâi,thong1khi2lai5,thong1khi2lai5
